"location","text"
"inc. et c. Ar._1","οι@dnmp ἀρειομανίτης@nnmpp ὡς@cs ἔοικα@vira3s κρίνω@vpaanmp ἅπαξ@b ἀποστάτης@nnmpc γίγνομαι@vnam-- καί@cs παραβάτης@nnmpc ὁ@dgfs ἀλήθεια@ngfsc φιλονεικέω@vipa3p εἰς@p ἑαυτοῦ@rpamp ἑλκύω@vnaa-- ὁ@dans γράφω@vpreans ὅταν@cs ἔρχομαι@vsaa3s ἀσεβής@annms- εἰς@p βάθος@nansc κακός@angnp- καταφρονέω@vipa3s οὐ@b τε@cs γάρ@b ἐλέγχω@vppenmp παύω@vipe3p οὐ@b τε@cs ἀπορέω@vppanmp ἐντρέπω@vipe3p ἀλλά@cs ὡς@cs πόρνη@ngfsc ὄψις@nnfsc ἀναισχυντέω@viap3p πρός@p πᾶς@anamp- ἐν@p ὁ@ddfp ἀσέβεια@ndfpc καί@cs γάρ@b ὅς@rpgnp προφασίζομαι@viie3p ῥητός@vppanms ὁ@dgns κύριος@nnmsp κτίζω@viaa3s ἐγώ@rpacs καί@cs ὁ@dgms κρείσσων@annmsc γίγνομαι@vpamnms ὁ@dgmp ἄγγελος@ngmpc καί@cs ὁ@dgns πρωτότοκος@annms- καί@cs ὁ@dgns πιστός1@anams- εἰμί@vppaams ὁ@ddms ποιέω@vpaadms αὐτός@rpams ὀρθός@anafs- ἔχω@vppagmp ὁ@dafs διάνοια@nafsc καί@cs δείκνυμι@vppanmp ὁ@dafs εἰς@p χριστός@namsp εὐσέβεια@nafsc οὐ@b οἶδα@vira1s ὅπως@cs πάλιν@b αὐτός@rpnmp ὡς@cs περιτρέχω@vppanmp ὁ@dams ὁ@dgms ὄφις@ngmsc ἰός@namsc καί@cs μή@b βλέπω@vppanmp ὅς@rpanp δεῖ@vipa3s βλέπω@vnpa-- μη@b δέ@cs νοέω@vppanmp ὅς@rpanp ἀναγιγνώσκω@vipa3p ὥσπερ@cs ἐκ@p βάθος@ngnsc ὁ@dgfs ἀσεβής@angfs- αὐτός@rpgmp καρδία@ngfsc ἐρεύγομαι@vppenmp ἄρχω@viam3s λοιπός@anans- καί@b διασύρω@vnpa-- ὁ@dans ὑπό@p ὁ@dgms κύριος@ngmsp λέγω3@vppeans ἐγώ@rpncs ἐν@p ὁ@ddms πατήρ@ndnsp καί@cs ὁ@dnms πατήρ@nnmsp ἐν@p ἐγώ@rpdcs λέγω3@vppanmp πῶς@b δύναμαι@vipe3s οὗτος@annms- ἐν@p ἐκεῖνος@andms- καί@b ἐκεῖνος@rpnms ἐν@p οὗτος@rpdns χωρέω@vnpa-- ἤ1@b πῶς@b ὅλος@b δύναμαι@vipe3s ὁ@dnms πατήρ@nnmsp μέγας@annmsc εἰμί@vppanms ἐν@p ὁ@ddms υἱός@ndmsp ἐλάσσων@andmsc εἰμί@vppadms χωρέω@vnpa-- ἤ1@cs τίς@rpnns θαυμαστός@annns- εἰ@cs ὁ@dnms υἱός@dnms ἐν@p ὁ@ddms πατήρ@ndmsp ὅπου@b καί@b περί@p ἐγώ@rpgcp γράφω@vire3s ἐν@p αὐτός@rpdns γάρ@b ζάω@vipa1p καί@cs κινέω@vipe1p καί@cs εἰμί@vipa1p ’@cs πάσχω@vipa3p δέ@b οὗτος@rpans ἀκόλουθος@b ὁ@ddfs κακοβουλία@ndfsc ἑαυτοῦ@rpgmp σῶμα@nansc νομίζω@vppanmp εἰμί@vnpa-- ὁ@dams θεός@namsp καί@b μή@b νοέω@vppanmp μή@b τε@cs τίς@rpnns εἰμί@vipa3s ἀληθινός@annms- πατήρ@nnmsp καί@cs ἀληθινός@annms- υἱός@nnmsp μή@b τε@cs τίς@rpnns εἰμί@vipa3s φάος@nnnsc ἀόρατος@annns- καί@cs ἀίδιος@annns- καί@cs ἀπαύγασμα@nnnsc αὐτός@rpgms ἀόρατος@annns- ’@cs μή@b τε@cs τίς@rpnns εἰμί@vipa3s ἀόρατος@annfs- ὑπόστασις@nnfsc καί@cs χαρακτήρ@nnmsc ἀσώματος@ngnsc καί@cs εἰκών@nnfsc ἀσώματος@ngnsc εἰ@cs γάρ@b γιγνώσκω@viia1s οὐ@b ἄν@b ὁ@dams κύριος@namsp ὁ@dgfs δόξα@nnfpc μετά@p γέλως@ngmsc δυσφορέω@viia3p οὐ@b τε@cs ὁ@danp ἀσώματος@nanpc σωματικός@b ἐκλαμβάνω@vppanmp ὁ@danp καλός@b λέγω3@vppeanp παρεξηγέομαι@viie3p ἀρκέω@viia3s μέν@b οὖν@b καί@b μόνος@anans- ἀκούω@vppaamp οὗτος@rpanp λέγω3@vppagms ὁ@dgms κύριος@ngmsp πιστεύω@vnpa-- ἐπεί@cs καί@b ὁ@dnfs ὁ@dgfs ἁπλότης@ngfsc πίστις@nnfsc βελτίων@annfsc εἰμί@vipa3s ὁ@dgfs ἐκ@p περιεργία@ngfsc πιθανολογία@ngfsc ἐπεί@cs δέ@b καί@b οὗτος@rpans βεβηλόω@vppaans ἐπιχειρέω@viaa3p πρός@p ὁ@dafs ἴδιος@anafs- αἵρεσις@nafsc ἀναγκαῖος@annns- ὁ@dafs μέν@b ἐκεῖνος@rpgmp κακόνοια@nafsc διαβάλλω@vnaa-- ὁ@dafs δέ@cs ὁ@dgfs ἀλήθεια@ngfsc διάνοια@nafsc δείκνυμι@vnaa-- ἕνεκα@p γε@b ὁ@dgfs ὁ@dgmp πιστός@angmp- ἀσφάλεια@ngfsc οὐ@b γάρ@b ὡς@cs ἐκεῖνος@rpnmp νομίζω@vipa3p ἀντεμβιβάζω@vppenmp εἰς@p ἀλλήλων@rpamp εἰμί@vipa3p ἐν@p ὁ@ddns λέγω3@vnpe-- ἐγώ@rpncs ἐν@p ὁ@ddms πατήρ@ndnsp καί@cs ὁ@dnms πατήρ@nnmsp ἐν@p ἐγώ@rpdcs ὥσπερ@cs ἐν@p ἀγγεῖον@ndnpc κενός@andnp- ἐκ@p ἀλλήλων@rpgmp πληρόω@vppenmp ὥστε@cs ὁ@dams μέν@b υἱός@namsp πληρόω@vnpa-- ὁ@dans κενός@anans- ὁ@dgms πατήρ@ngmsp ὁ@dams δέ@cs πατήρ@namsp πληρόω@vnpa-- ὁ@dans κενός@anans- ὁ@dgms υἱός@ngmsp καί@cs ἑκάτερος@anams- αὐτός@rpgnp μή@b εἰμί@vnpa-- πλήρης@ananp- καί@cs τέλειος@anams- σῶμα@ngnpc μέν@x ἴδιος@annns- οὗτος@rpnns γε@b διό@b καί@b ὁ@dnns μόνος@b εἶπον@vnaa-- οὗτος@rpnns πλέος@annnsc εἰμί@vipa3s ἀσέβεια@ngfsc πλήρης@annms- γάρ@b καί@cs τέλειος@annms- εἰμί@vipa3s ὁ@dnms πατήρ@nnmsp καί@cs πλήρωμα@nnnsc θεότης@ngfsc εἰμί@vipa3s ὁ@dnms υἱός@nnmsp οὐδέ@b αὖ@b πάλιν@b ὥσπερ@cs ἐν@p ὁ@ddnp ἅγιος@andnp- γίγνομαι@vppenms ὁ@dnms θεός@nnmsp ἐνδυναμόω@vipa3s αὐτός@rpamp οὕτως@b εἰμί@vipa3s καί@b ἐν@p ὁ@ddms υἱός@ndmsp αὐτός@rpnms γάρ@b εἰμί@vipa3s ὁ@dnfs ὁ@dgms πατήρ@ngmsp δύναμις@nnfsc καί@cs σοφία@nnfsp καί@b ὁ@dnnp μέν@b γενητός@annnp- μετοχή@ndfsc οὗτος@rpgns ἐν@p πνεῦμα@ndnsp ἁγιάζω@vipe3s αὐτός@annms- δέ@cs ὁ@dnms υἱός@nnmsp οὐ@b μετουσία@ndfsc υἱός@nnmsc εἰμί@vipa3s ἀλλά@cs γέννημα@nnnsc ὁ@dgms πατήρ@ngmsp ἴδιος@annns- εἰμί@vipa3s οὐ@b εἰμί@vipa3s δέ@b πάλιν@b οὕτως@b ὁ@dnms υἱός@nnmsp ἐν@p ὁ@ddms πατήρ@ndnsp ὡς@cs ὁ@dnns ἐν@p αὐτός@rpdns ζάω@vipa1p καί@cs κινέω@vipe1p καί@cs εἰμί@vipa1p αὐτός@rpnms γάρ@b ὡς@cs ἐκ@p πηγή@ngfsc ὁ@dgms πατήρ@ngmsp εἰμί@vipa3s ὁ@dnfs ζωή@nnfsc ἐν@p ὅς@rpdfs ὁ@dnnp πᾶς@annnp- ζωογονέω@vipe3s τε@b καί@cs συνίστημι@vira3s οὐ@b γάρ@x ὁ@dnfs ζωή@nnfsc ἐν@p ζωή@ndfsc ζάω@vipa3s ἐπεί@cs οὐ@b ἄν@x εἰμί@vopa3s ζωή@nnfsc ἀλλά@cs αὐτός@annms- μᾶλλον@b ζωογονέω@vipa3s ὁ@danp πᾶς@ananp-"
"inc. et c. Ar._2","εἶδον@vsaa1p δέ@b καί@b ὁ@danp ὁ@dgms συνήγορος@ngmsc ὁ@dgfs αἵρεσις@ngfsc ἀστερίος@ngmsp ὁ@dgms σοφιστής@ngmsc γράφω@vmra2s γάρ@b καί@b αὐτός@rpnms εἰς@p οὗτος@rpans ζηλόω@vpaanms ὁ@damp ἰουδαῖος@nampp οὗτος@rpanp εὔδηλος@annns- γάρ@b ὅτι@cs διά@p οὗτος@rpans ἐρῶ@vira3s ἑαυτοῦ@rpams μέν@b ἐν@p ὁ@ddms πατήρ@ndmsp ἐν@p ἑαυτοῦ@rpdms δέ@b πάλιν@b ὁ@dams πατήρ@namsp ἐπεί@cs μή@b τε@b ὁ@dams λόγος@namsc ὅς@rpams διεξέρχομαι@viie3s ἑαυτοῦ@rpgms φημί@vipa3s εἰμί@vnpa-- ἀλλά@cs ὁ@dgms πατήρ@ngmsp μή@b τε@cs οἰκεῖος@ananp- ὁ@danp ἔργον@nanpc ἀλλά@cs ὁ@dgms πατήρ@ngmsp δίδωμι@vpragms ὁ@dafs δύναμις@nafsc οὗτος@rpans δέ@b εἰ@cs καί@b παιδάριον@nnnsc εἰμί@viia3s ἁπλῶς@b ἐρῶ@vpranns συγγνώμη@nafsc ἔχω@viia3s ἐκ@p ὁ@dgfs ἡλικία@ngfsc ἐπεί@cs δέ@b ὁ@dnms καλέω@vppenms σοφιστής@nnmsc καί@cs πᾶς@ananp- γιγνώσκω@vnpa-- ἐπαγγέλλω@vppenms εἰμί@vipa3s ὁ@dnms γράφω@vpaanms ποσός@rpncs ἄξιος@annms- κατάγνωσις@ngfsc ὁ@dnms τοιοῦτος@rpnms πῶς@b δέ@b καί@cs οὐ@b ἀλλότριος@anams- ἑαυτοῦ@rpams ὁ@dgms ἀπόστολος@angms- δείκνυμι@vipa3s ἐπαίρω@vppenms ἐν@p πειθώ@ndmpc σοφία@ngfsc λόγος@ndmpc καί@cs νομίζω@vppanms ἐν@p οὗτος@rpdnp ἐξαπατάω@vnpa-- δύναμαι@vnpe-- μή@b νοέω@vppanms αὐτός@rpnms ὅς@rpanp λέγω3@vipa3s μή@b τε@cs περί@p τίς@rpgnp εὔχομαι@vipe3s ὅς@rpanp γάρ@b ὁ@dnms υἱός@nnmsp ἴδιος@ananp- καί@b ἁρμόζω@vppaams μόνος@andms- υἱός@ndmsp λόγος@ndmsp καί@cs σοφία@ndmsp εἰμί@vppadms καί@cs εἰκών@b ὁ@dgfs ὁ@dgms πατήρ@ngmsp οὐσία@ngfsc ἐρῶ@vira3s οὗτος@rpanp οὗτος@rpnms εἰς@p πᾶς@ananp- ὁ@danp κτίσμα@nanpc καταφέρω@vipa3s καί@cs κοινός@ananp- ὁ@ddms τε@b υἱός@ndmsp καί@cs οὗτος@rpdmp οὗτος@rpanp ποιέω@vipa3s ὁ@dafs δέ@b δύναμις@nafsc ὁ@dgms πατήρ@ngmsp λέγω3@vipa3s λαμβάνω@vnpa-- δύναμις@nafsc ὁ@dnms παράνομος@annms- ἵνα@cs ἀκολουθέω@vsaa3s ὁ@ddfs δυσσεβεία@ndfsc αὐτός@rpgms εἶπον@vnaa-- ὅτι@cs καί@b ὁ@dnms υἱός@nnmsp ἐν@p υἱός@andms- υἱοποιέω@viap3s καί@cs ὁ@dnms λόγος@nnmsp λαμβάνω@viaa3s λόγος@ngmsp ἐξουσία@nafsc καί@b οὐ@b ἔτι@b μέν@b αὐτός@rpams ὡς@cs υἱός@namsp ἐθέλω@vipa3s ἐρῶ@vnra-- οὗτος@rpanp ὡς@cs δέ@cs μανθάνω@vpaaams καί@b αὐτός@rpams ὅμοιος@b συντάσσω@vipa3s πᾶς@andnp- ὁ@ddnp ποίημα@ndnpc εἰ@cs γάρ@b διά@p ὁ@dans μή@b εἰμί@vnpa-- ὁ@danp ῥῆμα@nanpc ὁ@dgms υἱός@ngmsp ὅς@rpanp διεξέρχομαι@viie3s ἀλλά@cs ὅτι@cs ὁ@dgms πατήρ@ngmsp εἰμί@viia1s καί@cs ὁ@danp ἔργον@nanpc λέγω3@viia3s ἐγώ@rpncs ἐν@p ὁ@ddms πατήρ@ndnsp καί@cs ὁ@dnms πατήρ@nnmsp ἐν@p ἐγώ@rpdcs καί@cs ὁ@dnms μέν@b δαβίδ@nnmsp λέγω3@vipa3s ἀκούω@vmam2s τίς@rpans λαλέω@vifa3s ἐν@p ἐγώ@rpdcs κύριος@nnmsp ὁ@dnms θεός@nnmsp ὁ@dnms δέ@x σολομών@nnmsp ὁ@dnmp ἐγώ@annmp- λόγος@nnmpc ἐρῶ@vire3p ὑπό@p θεός@ngmsp καί@b ὁ@dnms μέν@b μωσῆς@nnmsp ὁ@damp παρά@p ὁ@dgms θεός@ngmsp διακονέω@viia3s λόγος@nampc ἕκαστος@annms- δέ@cs ὁ@dgmp προφήτης@ngmpc οὐ@b ὁ@danp ἴδιος@ananp- ἀλλά@cs ὁ@danp παρά@p ὁ@dgms θεός@ngmsp λέγω@viia3s ὅδε@rpanp λέγω3@vipa3s κύριος@nnmsp καί@b ὁ@danp ἔργον@nanpc ὅς@rpanp ποιέω@viia3p ὁ@dnmp ἅγιος@annmp- οὐ@b ἴδιος@ananp- ἀλλά@cs ὁ@dgms δίδωμι@vpragms ὁ@dafs δύναμις@nafsc θεός@ngmsp λέγω3@viia3p εἰμί@vnpa-- ὡς@cs ὁ@dnms μέν@b ἥλιος@nnmsp καί@cs ἐλισσαῖος@nnmsp ἐπικαλέω@vppenmp ὁ@dams θεός@namsp ἵνα@cs ὁ@damp νεκρός@anamp- αὐτός@annms- ἐγείρω@vsaa3s ὅτε@b ὁ@ddms ναιεμάω@namsp λέγω3@vipa3s ὁ@dnms ἐλισσαῖος@nnmsp καθαίρω@vpaanms αὐτός@rpams ἀπό@p ὁ@dgfs λέπρα@ngfsc ἵνα@cs γιγνώσκω@vsaa2s ὅτι@cs εἰμί@vipa3s θεός@nnmsp ἐν@p ἰσραήλ@nd-sp ὁ@dnms δέ@b σαμουὴλ@nnmsp καί@b αὐτός@rpnms ἐν@p ἡμέρα@ndfpc θερισμός@ngmsc εὔχομαι@viie3s ὁ@dams θεός@namsp δίδωμι@vnaa-- ὑετός@namsc ὅς@dnmp τε@b ἀπόστολος@nnmpc λέγω3@viia3p οὐ@b ἴδιος@andfs- δύναμις@ndfsc ποιέω@vnpa-- ὁ@danp σημεῖον@nanpc ἀλλά@cs ὁ@ddfs ὁ@dgms κύριος@ngmsp χάρις@ndfsc δῆλος@annns- ὅτι@cs κατά@p αὐτός@rpams κοινός@annfs- ἄν@b εἰμί@vopa3s πᾶς@angnp- καί@b ὁ@dnfs τοιοῦτος@annfs- φωνή@nnfsc ὥστε@cs καί@b ἕκαστος@anams- λέγω3@vnpa-- δύναμαι@vnpe-- ἐγώ@rpncs ἐν@p ὁ@ddms πατήρ@ndnsp καί@cs ὁ@dnms πατήρ@nnmsp ἐν@p ἐγώ@rpdcs καί@cs λοιπός@anans- μηκέτι@b εἷς@anams- εἰμί@vnpa-- οὗτος@rpams υἱός@namsp θεός@ngmsp καί@cs λόγος@namsp καί@cs σοφία@nafsp ἀλλά@cs ’@cs ἐκ@p πολύς@angmp- εἷς@namsc καί@b οὗτος@rpams τυγχάνω@vnpa--"
"inc. et c. Ar._3","3@ ἀλλά@cs εἴπερ@cs εἰμί@viia3s οὕτως@b ὁ@dnms κύριος@nnmsp ἐρῶ@vpranms δεῖ@viia3s μή@b εἶπον@vnaa-- αὐτός@rpams ἐγώ@rpnms ἐν@p ὁ@ddms πατήρ@ndnsp καί@cs ὁ@dnms πατήρ@nnmsp ἐν@p ἐγώ@rpdcs ἀλλά@cs μᾶλλον@b καί@b ἐγώ@rpnms ἐν@p ὁ@ddms πατήρ@ndnsp καί@cs ὁ@dnms πατήρ@nnmsp δέ@b καί@b ἐν@p ἐγώ@rpdcs εἰμί@vipa3s ἵνα@cs μη@b δέ@cs ἴδιος@anans- καί@cs ἐξαιρετός@anans- ἔχω@vspa3s πρός@p ὁ@dams πατήρ@namsp ὡς@cs υἱός@nnmsp κοινός@anafs- δέ@b μετά@p πᾶς@angmp- ἔχω@vspa3s ὁ@dafs αὐτός@rpafs χάρις@nafsc ἀλλά@cs οὐ@b εἰμί@vipa3s ὡς@cs νομίζω@vipa3p ἐκεῖνος@rpnmp μή@b φρονέω@vppanmp γάρ@b υἱός@namsp εἰμί@vnpa-- γνήσιος@anams- ἐκ@p πατήρ@ngmsp καταψεύδομαι@vipe3p ὁ@dgns γνήσιος@angns- ὅς@rpdms μόνος@andms- ἁρμόζω@vipa3s λέγω3@vnpa-- ἐγώ@rpncs ἐν@p ὁ@ddms πατήρ@ndmsp καί@cs ὁ@dnms πατήρ@nnmsp ἐν@p ἐγώ@rpdcs εἰμί@vipa3s γάρ@b ὁ@dnms υἱός@nnmsp ἐν@p ὁ@ddns πατήρ@ndnsp ὡς@cs γε@b νοέω@vnpa-- ἔξεστι@vipa3s ἐπεί@cs σύμπας@annns- ὁ@dnns εἰμί@vnpa-- ὁ@dgms υἱός@ngmsp οὗτος@rpnns ὁ@dgfs ὁ@dgms πατήρ@ngmsp οὐσία@ngfsc ἴδιος@annns- εἰμί@vipa3s ὡς@cs ἐκ@p φώς@ngmsc ἀπαύγασμα@nnnsc καί@cs ἐκ@p πηγή@ngfsc ποταμός@nnmsc ὥστε@cs ὁ@dams ὁράω@vppaams ὁ@dams υἱός@namsp ὁράω@vnpa-- ὁ@dans ὁ@dgms πατήρ@ngmsp ἴδιος@anans- καί@cs νοέω@vnpa-- ὅτι@cs ὁ@dgms υἱός@ngmsp ὁ@dnns εἰμί@vnpa-- ἐκ@p ὁ@dgms πατήρ@ngmsp εἰμί@vppanns οὕτως@b ἐν@p ὁ@ddms πατήρ@ndmsp εἰμί@vipa3s εἰμί@vipa3s δέ@b καί@cs ὁ@dnms πατήρ@nnmsp ἐν@p ὁ@ddms υἱός@ndmsp ἐπεί@cs ὁ@dnns ἐκ@p ὁ@dgms πατήρ@ngmsp ἴδιος@annns- οὗτος@rpnns ὁ@dnms υἱός@nnmsp τυγχάνω@vipa3s εἰμί@vppanns ὡς@cs ἐν@p ὁ@ddns ἀπαύγασμα@ndnsc ὁ@dnms ἥλιος@nnmsc καί@cs ἐν@p ὁ@ddms λόγος@ndmsc ὁ@dnms νόος@nnmsc καί@cs ἐν@p ὁ@ddms ποταμός@ndmsc ὁ@dnfs πηγή@nnfsc οὕτως@b γάρ@b ὁ@dnms θεωρέω@vppanms ὁ@dams υἱός@namsp θεωρέω@vipa3s ὁ@dgfs ὁ@dgms πατήρ@ngmsp οὐσία@ngfsc ὁ@dans ἴδιος@anans- καί@cs νοέω@vipa3s ὅτι@cs ὁ@dnms πατήρ@nnmsp ἐν@p ὁ@ddms υἱός@ndmsp εἰμί@vipa3s ὁ@dgns γάρ@b εἶδος@ngnsc καί@cs ὁ@dgfs θεότης@ngfsc ὁ@dgms πατήρ@ngmsp εἰμί@vppagfs ὁ@dans εἰμί@vnpa-- ὁ@dgms υἱός@ngmsp ἀκόλουθος@b ὁ@dnms υἱός@nnmsp ἐν@p ὁ@ddms πατήρ@ndmsp εἰμί@vipa3s καί@cs ὁ@dnms πατήρ@nnmsp ἐν@p ὁ@ddms υἱός@ndmsp διά@p οὗτος@rpans γάρ@b καί@cs εἰκότως@b ἐρῶ@vpranms πρότερος@b ἐγώ@rpncs καί@cs ὁ@dnms πατήρ@nnmsp εἷς@ εἰμί@vipa1p ἐπάγω@viaa3s ὁ@dans ἐγώ@rpncs ἐν@p ὁ@ddns πατήρ@ndnsp καί@cs ὁ@dnms πατήρ@nnmsp ἐν@p ἐγώ@rpdcs ἵνα@cs ὁ@dafs μέν@b ὁ@dans αὐτότης@rpafs ὁ@dgfs θεότης@ngfsc ὁ@dafs δέ@b ἑνότης@nafsc ὁ@dgfs οὐσία@ngfsc δείκνυμι@vsaa3s"
"inc. et c. Ar._4","ἐν@rpgnp γάρ@b εἰμί@vipa3p οὐ@b ὡς@b εἷς@ πάλιν@b εἰς@p δύο@an---- μέρος@nanpc διαιρέω@vpapgms καί@cs μηδείς@rpnns εἰμί@vppagnp πλήν@p εἷς@ οὐ@b δέ@cs ὡς@cs ὁ@dgms εἷς@ngmsc δίς@b ὀνομάζω@vppegms ὥστε@cs ὁ@dams αὐτός@rpams ἄλλοτε@b μέν@b πατήρ@nafsp ἄλλοτε@b δέ@cs υἱός@namsp ἑαυτοῦ@rpgms γίγνομαι@vnpe-- οὗτος@rpans γάρ@b σαβέλλιος@nnmsp φρονέω@vpaanms αἱρετικός@annms- κρίνω@viap3s ἀλλά@cs δύο@ μέν@b εἰμί@vipa3p ὅτι@cs ὁ@dnms πατήρ@nnmsp πατήρ@nnmsp εἰμί@vipa3s καί@cs οὐ@b ὁ@dnms αὐτός@rpnms υἱός@nnmsp εἰμί@vipa3s καί@cs ὁ@dnms υἱός@nnmsp υἱός@nnmsp εἰμί@vipa3s καί@cs οὐ@b ὁ@dnms αὐτός@rpnms πατήρ@nnmsp εἰμί@vipa3s εἷς@annfs- δέ@b ὁ@dnfs φύσις@nnfsc οὐ@b γάρ@b ἀνόμοιος@annns- ὁ@dnns γέννημα@nnnsc ὁ@dgms γεννάω@vpaagms εἰκών@vpranns γάρ@b εἰμί@vipa3s αὐτός@rpgms καί@cs πᾶς@annns- ὁ@dnnp πατήρ@ngmsp ὁ@dgms υἱός@ngmsp εἰμί@vipa3s διό@ngmsp οὐ@b δέ@cs ἄλλος@annms- θεός@nnmsp ὁ@dnms υἱός@nnmsp οὐ@b γάρ@x ἔξωθεν@b ἐπινοέω@viap3s ἐπεί@cs πάντως@b καί@b πολύς@annmp- ξένη@angfs- παρά@p ὁ@dafs ὁ@dgms πατήρ@ngmsp ἐπινοέω@vppegfs θεότης@ngfsc εἰ@cs γάρ@b καί@b ἕτερος@annns- εἰμί@vipa3s ὡς@cs γέννημα@nnnsc ὁ@dnms υἱός@nnmsp ἀλλά@cs ὁ@dnns αὐτός@rpnns εἰμί@vipa3s ὡς@cs θεός@nnmsp καί@cs εἷς@ εἰμί@vipa3p αὐτός@rpnms καί@cs ὁ@dnms πατήρ@nnmsp ὁ@ddfs ἰδιότης@ndfsc καί@cs οἰκειότης@ndfsc ὁ@dgfs φύσις@ngfsc καί@cs ὁ@ddfs ὁ@b αὐτότης@ndfsc ὁ@dgfs εἷς@angfs- θεότης@ngfsc ὥσπερ@cs ἐρῶ@vire3s καί@cs γάρ@b καί@cs ὁ@dnns ἀπαύγασμα@nnnsc φάος@nnnsc εἰμί@vipa3s οὐ@b δεύτερος@annns- ὁ@dgms ἥλιος@ngmsc οὐ@b δέ@cs ἕτερος@annns- φάος@nnnsc οὐ@b δέ@cs κατά@p μετουσία@nafsc αὐτός@rpgms ἀλλά@cs ὅλος@annns- ἴδιος@annns- αὐτός@rpgms γέννημα@nnnsc ὁ@dnns δέ@b τοιοῦτος@annns- γέννημα@nnnsc ἐκ@p ἀνάγκη@ngfsc εἷς@ εἰμί@vipa3s φάος@nnnsc καί@b οὐ@b ἄν@b τις@rpnms εἶπον@voaa3s δύο@an---- φώς@namsc εἰμί@vnpa-- οὗτος@rpanp ἀλλά@cs δύο@an---- μέν@b ἥλιος@namsc καί@cs ἀπαύγασμα@nansc εἷς@ δέ@b ὁ@dans ἐκ@p ἥλιος@ngmsc φάος@nansc ἐν@p ὁ@ddns ἀπαύγασμα@ndnsc περιλάμπω@vppaans ὁ@danp πανταχοῦ@b οὕτως@b καί@b ὁ@dnfs ὁ@dgms υἱός@ngmsp θεότης@nnfsc ὁ@dgms πατήρ@ngmsp εἰμί@vipa3s ὅθεν@b καί@b ἀδιαίρετος@annms- εἰμί@vipa3s καί@cs οὕτως@b εἰμί@vipa2s θεός@nnmsp καί@cs οὐ@b εἰμί@vipa3s ἄλλος@rpnms πλήν@p αὐτός@rpgms οὕτως@b γοῦν@b εἷς@ αὐτός@rpgnp εἰμί@vppagnp καί@cs εἷς@ αὐτός@angfs- εἰμί@vppagfs ὁ@dgfs θεότης@ngfsc ὁ@dnnp αὐτός@rpnnp λέγω3@vipe3s περί@p ὁ@dgms υἱός@ngmsp ὅσος@annnp- λέγω3@vipe3s καί@cs περί@p ὁ@dgms πατήρ@ngmsp χωρίς@p ὁ@dgns λέγω3@vnpa-- πατήρ@nnmsp οἶος@rpnns ὁ@dnns θεός@nnmsp καί@cs θεός@nnmsp εἰμί@viia3s ὁ@dnms λόγος@nnmsp ὁ@dnns παντοκράτωρ@nvmsp ὅδε@rpanp λέγω3@vipa3s ὁ@dnms εἰμί@viia3s καί@cs ὁ@dnms εἰμί@vppanms καί@cs ὁ@dnms ἔρχομαι@vppenms ὁ@dnms παντοκράτωρ@nnmsp ὁ@dnns κύριος@nnmsp εἷς@nnmsc κύριος@nnmsp ἰησοῦς@ngfsp χριστός@nnmsp ὁ@dans εἰμί@vnpa-- φάος@nnnsc ἐγώ@rpncs εἰμί@vipa1s ὁ@dans φάος@nnnsc ὁ@dans ἐξαλείφω@vnpa-- ἁμαρτία@nafpc ἵνα@cs δέ@b φημί@vipa3s οἶδα@vsra2p ὅτι@cs ἔχω@vipa3s ἐξουσία@nafsc ὁ@dnms υἱός@nnmsp ὁ@dgms ἄνθρωπος@ngmsc ἐπί@p ὁ@dgfs γῆ@ngfsc ἀφίημι@vnpa-- ἁμαρτία@nafpc καί@b ὅσος@ananp- ἄλλος@rpanp ἄν@b εὑρίσκω@voaa2s πᾶς@namsp γάρ@b φημί@vipa3s αὐτός@annms- ὁ@dnms υἱός@nnmsp ὅσος@rpanp ἔχω@vipa3s ὁ@dnms πατήρ@nnmsp ἐμός@annnp- εἰμί@vipa3s καί@cs πάλιν@b ὁ@dnnp ἐμός@annnp- σός@annnp- εἰμί@vipa3s"
"inc. et c. Ar._5","ο@dnms δέ@b ἀκούω@vppanms ὁ@danp ὁ@dgms πατήρ@ngmsp λέγω3@vppeanp ἐπί@p υἱός@ngmsp ὁράω@vifm3s καί@b οὕτως@b ὁ@dams πατήρ@namsp ἐν@p ὁ@ddms υἱός@ndmsp θεωρέω@vifa3s δέ@b καί@b ὁ@dams υἱός@namsp ἐν@p ὁ@ddms πατήρ@ndnsp ὅταν@cs ὁ@dnnp λέγω3@vppennp ἐπί@p υἱός@ngmsp οὗτος@rpanp λέγω3@vspe3s καί@cs ἐπί@p πατήρ@ngmsp διά@p τίς@rpans δέ@b ὁ@dnnp ὁ@dgms πατήρ@ngmsp ἐπί@p υἱλοῦ@ngmsp λέγω3@vipe3s ἤ@b ὅτι@cs ἐκ@p αὐτός@rpgms γέννημα@nnnsc εἰμί@vipa3s ὁ@dnms υἱός@nnmsp διά@p τίς@rpans δέ@b καί@b ὁ@dnnp ὁ@dgms υἱός@ngmsp ἴδιος@annnp- εἰμί@vipa3s ὁ@dgms πατήρ@ngmsp ἤ1@cs ὅτι@cs πάλιν@b ὁ@dgfs οὐσία@ngfsc αὐτός@rpgms ἴδιος@annns- εἰμί@vipa3s γέννημα@nnnsc ὁ@dnms υἱός@nnmsp ὁ@dgfs δέ@b οὐσία@ngfsc ὁ@dgms πατήρ@ngmsp ἴδιος@anans- εἰμί@anafs- γέννημα@nnnsc ὁ@dnms υἱός@nnmsp εἰκότως@b καί@b ὁ@danp ὁ@dgms πατήρ@ngmsp λέγω3@vipa3s ἑαυτοῦ@rpgms εἰμί@vnpa-- ὅθεν@b πρεπόντως@b καί@cs ἀκόλουθος@b ὁ@ddns μέν@b λέγω3@vnpa-- ἐγώ@rpncs καί@cs ὁ@dnms πατήρ@nnmsp εἷς@ εἰμί@vipa1p ἐπάγω@viaa3s ἵνα@cs γιγνώσκω@vsaa2p ὅτι@cs ἐγώ@rpnms ἐν@p ὁ@ddms πατήρ@ndnsp καί@cs ὁ@dnms πατήρ@nnmsp ἐν@p ἐγώ@rpdcs οὗτος@rpdms δέ@b πάλιν@b προσεῖπον@vira3s ὁ@rpnms ὁράω@vpranms ἐγώ@rpacs ὁράω@vmra2s ὁ@dams πατήρ@namsp καί@b εἰμί@vipa3s εἰμί@b καί@b ὁ@dnms αὐτός@annms- νόος@nnmsc ἐν@p ὁ@ddnp τρεῖς@ οὗτος@andnp- ῥητός@andnp- ὁ@dnms γάρ@b οὕτως@b γιγνώσκω@vpranms ὅτι@cs εἷς@ εἰμί@vipa3p ὁ@dnms υἱός@nnmsp καί@cs ὁ@dnms πατήρ@nnmsp οἶδα@vira3s ὅτι@cs αὐτός@rpnms ἐν@p ὁ@ddms πατήρ@ndmsp εἰμί@vipa3s καί@cs ὁ@dnms πατήρ@nnmsp ἐν@p ὁ@ddms υἱός@ndmsp ὁ@dnfs γάρ@b ὁ@dgms υἱός@ngmsp θεότης@nnfsc ὁ@dgms πατήρ@ngmsp εἰμί@vipa3s καί@cs αὐτός@rpnfs ἐν@p ὁ@ddms υἱός@ndmsp εἰμί@vipa3s καί@b ὁ@dnms οὗτος@rpans δέ@b καταλαμβάνω@vpaanms πείθω@vire3s ὅτι@cs ὁ@dnms ὁράω@vpranms ὁ@dams υἱός@namsp ὁράω@vira3s ὁ@dams πατήρ@namsp ἐν@p γάρ@b ὁ@ddms υἱός@ndmsp ὁ@dnfs ὁ@dgms πατήρ@ngmsp θεότης@nnfsc θεωρέω@vipe3s οὗτος@rpans δέ@b καί@b ἀπό@p ὁ@dgns παράδειγμα@ngnsc ὁ@dgfs εἰκών@ngfsc ὁ@dgms βασιλεύς@ngmsc προσεχής@anansc τις@rpnms κατανοέω@vnpa-- δύναμαι@vifm3s ἐν@p γάρ@b ὁ@ddfs εἰκών@ndfsc ὁ@dnns εἶδος@nnnsc καί@cs ὁ@dnfs μορφή@nnfsc ὁ@dgms βασιλεύς@ngmsc εἰμί@vipa3s καί@b ἐν@p ὁ@ddms βασιλεύς@ndmsc δέ@cs ὁ@dnns ἐν@p ὁ@ddfs εἰκών@ndfsc εἶδος@nnnsc εἰμί@vipa3s ἀπαράλλακτος@nnmsp γάρ@b εἰμί@vipa3s ὁ@dnfs ἐν@p ὁ@ddfs εἰκών@ndfsc ὁ@dgms βασιλεύς@ngmsc ὁμοιότης@nnfsc ὥστε@cs ὁ@dams ἐνοράω@vppaams ὁ@ddfs εἰκών@ndfsc ὁράω@vppaams ἐν@p αὐτός@rpdfs ὁ@dams βασιλεύς@namsc καί@cs ὁ@dams πάλιν@b ὁράω@vppaams ὁ@dams βασιλεύς@namsc ἐπιγιγνώσκω@vnpa-- ὅτι@cs οὗτος@rpnms εἰμί@vipa3s ὁ@dnms ἐν@p ὁ@ddfs εἰκών@ndfsc ἐκ@p δέ@cs ὁ@dgns μή@b διαλλάσσω@vnpa-- ὁ@dafs ὁμοιότης@nafsc ὁ@ddms ἐθέλω@vppadms μετά@p ὁ@dafs εἰκών@nafsc θεωρέω@vnaa-- ὁ@dams βασιλεύς@namsc εἶπον@voaa3s ἄν@b ὁ@dnfs εἰκών@vpranms ἐγώ@rpncs καί@cs ὁ@dnms βασιλεύς@nnmsc εἷς@ εἰμί@vipa1p ἐγώ@rpnms γάρ@b ἐν@p ἐκεῖνος@rpdms εἰμί@vipa1s καί@cs ἐκεῖνος@rpnms ἐν@p ἐγώ@rpdms καί@b ὅς@rpans ὁράω@vipa2s ἐν@p ἐγώ@rpdcs οὗτος@rpans ἐν@p ἐκεῖνος@rpdns βλέπω@vipa2s καί@b ὅς@rpans ὁράω@vira2s ἐν@p ἐκεῖνος@rpdns οὗτος@rpans βλέπω@vipa2s ἐν@p ἐγώ@rpdcs ὁ@dnms γοῦν@b προσκυνέω@vppanms ὁ@dafs εἰκών@nafsc ἐν@p αὐτός@rpdfs προσκυνέω@vipa3s καί@b ὁ@dafs βασιλεύς@nafsc ὁ@dnfs γάρ@b ἐκεῖνος@rpgms μορφή@nnfsc καί@cs ὁ@dnns εἶδος@nnnsc εἰμί@vipa3s ὁ@dnfs εἰκών@vpranns ἐπεί@cs τοίνυν@b καί@b ὁ@dnms υἱός@nnmsp εἰκών@b εἰμί@vipa3s ὁ@dgms πατήρ@ngmsp ἐκ@p ἀνάγκη@ngfsc εἰμί@vipa3s νοέω@vnpa-- ὅτι@cs ὁ@dnfs θεότης@nnfsc καί@cs ὁ@dnfs ἰδιότης@nnfsc ὁ@dgms πατήρ@ngmsp ὁ@dnns εἰμί@vnpa-- ὁ@dgms υἱός@ngmsp εἰμί@vipa3s καί@cs οὗτος@rpnns εἰμί@vipa3s ὅς@rpnms ἐν@p μορφή@ndfsc θεός@ngmsp ὑπάρχω@vppanms καί@cs ὁ@dnms πατήρ@nnmsp ἐν@p ἐγώ@rpdcs"
"inc. et c. Ar._6","οὐ@b ἐκ@p μέρος@ngnsc δέ@b ὁ@dnfs ὁ@dgfs θεότης@ngfsc μορφή@nnfsc ἀλλά@cs ὁ@dnns πλήρωμα@nnnsc ὁ@dgfs ὁ@dgms πατήρ@ngmsp θεότης@ngfsc εἰμί@vipa3s ὁ@dnns εἰμί@vnpa-- ὁ@dgms υἱός@ngmsp καί@cs ὅλος@annms- θεός@nnmsp εἰμί@vipa3s ὁ@dnms υἱός@nnmsp διά@p οὗτος@rpans καί@b ἴσος@ananp- θεός@ndmsp εἰμί@vppaans οὐ@b ἁρπαγμός@anans- ἡγέομαι@viam3s ὁ@dans εἰμί@vnpa-- ἴσος@ananp- θεός@ndmsp καί@cs πάλιν@b ἐπεί@cs ὁ@dgms υἱός@ngmsp ὁ@dnfs θεότης@nnfsc καί@cs ὁ@dnns εἶδος@nnnsc οὐδείς@rpgns ἄλλος@rpgns ἤ1@cs ὁ@dgms πατήρ@ngmsp εἰμί@vipa3s οὗτος@rpnns εἰμί@vipa3s ὅσπερ@rpans εἶπον@viaa3s ὁ@dnns ἐγώ@rpncs ἐν@p ὁ@ddms πατήρ@ndmsp οὕτως@b θεός@nnmsp εἰμί@viia3s ἐν@p χριστός@ndmsp κόσμος@namsc ἑαυτοῦ@rpdms καταλλάσσω@vppanms ὁ@dnns γάρ@b ἴδιος@annns- ὁ@dgfs ὁ@dgms πατήρ@ngmsp οὐσία@ngfsc εἰμί@vipa3s ὁ@dnms υἱός@nnmsp ἐν@p ὅς@rpdms ὁ@dnfs κτίσις@nnfsc πρός@p ὁ@dams θεός@namsp καταλλάσσω@viie3s οὕτως@b ἐργάζομαι@viie3s ὁ@dnms υἱός@nnmsp ὁ@rpgms πατήρ@ngmsp εἰμί@vipa3s ἔργον@nnnpc ὁ@dnns γάρ@b εἶδος@nnnsc ὁ@dgfs ὁ@dgms πατήρ@ngmsp θεότης@ngfsc εἰμί@vipa3s ὁ@dnms υἱός@nnmsp ὅστις@rpnfs ἐργάζομαι@viie3s ὁ@danp ἔργον@nanpc οὕτως@b δέ@b ὁ@dnms βλέπω@vppanms ὁ@dams υἱός@namsp ὁράω@vipa3s ὁ@dams πατήρ@namsp ἐν@p γάρ@b ὁ@ddfs πατρῷος@andfs- θεότης@nnfsc εἰμί@vipa3s καί@cs θεωρέω@vipe3s ὁ@dnms υἱός@nnmsp καί@b ὁ@dnns ἐν@p αὐτός@rpdms πατρικός@annns- εἶδος@nnnsc δείκνυμι@vipa3s ἐν@p αὐτός@rpdns ὁ@dams πατήρ@namsp καί@cs οὕτως@b εἰμί@vipa3s ὁ@dnms πατήρ@nnmsp ἐν@p ὁ@ddms υἱός@ndmsp καί@cs ὁ@dnfs ἐκ@p ὁ@dgms πατήρ@ngmsp δέ@b ἐν@p υἱός@ndmsp ἰδιότης@nnfsc καί@cs θεότης@nnfsc δείκνυμι@vipa3s ὁ@dams υἱός@namsp ἐν@p ὁ@ddms πατήρ@ndnsp καί@cs ὁ@dans ἀεί@b ἀδιαίρετος@anans- αὐτός@rpgms καί@b ὁ@dnms ἀκούω@vppanms δέ@b καί@cs βλέπω@vppanms ὁ@danp λέγω3@vppeanp περί@p ὁ@dgms πατήρ@ngmsp οὗτος@rpanp λέγω3@vppeanp περί@p ὁ@dgms υἱός@ngmsp οὐ@b κατά@p χάρις@nafsc ἤ1@cs μετοχή@nafsc ἐπιγίγνομαι@vppeanp ὁ@ddfs οὐσία@ndfsc αὐτός@rpgms ἀλλά@cs ὅτι@cs αὐτός@annns- ὁ@dnns εἰμί@vnpa-- ὁ@dgms υἱός@ngmsp ἴδιος@anans- ὁ@dgfs πατρικός@angfs- οὐσία@ngfsc εἰμί@vipa3s γέννημα@nnnsc νοέω@vifa3s καλός@b ὁ@dans ἐρῶ@vpreans καθά@cs προεῖπον@viaa1s ἐγώ@rpnms ἐν@p ὁ@ddms πατήρ@ndmsp καί@cs ὁ@dnms πατήρ@nnmsp ἐν@p ἐγώ@rpdms καί@cs ἐγώ@rpncs καί@cs ὁ@dnms πατήρ@nnmsp εἷς@ εἰμί@vipa1p εἰμί@vipa3s γάρ@b ὁ@dnms υἱός@nnmsp οἷος@rpnms ὁ@dnms πατήρ@nnmsp ὁ@ddns πᾶς@ananp- ὁ@danp ὁ@dgms πατήρ@ngmsp ἔχω@vnpa-- διό@b καί@b μετά@p ὁ@dgms πατήρ@ngmsp σημαίνω@vipe3s πατήρ@nvfsp γάρ@b οὐ@b ἄν@b τις@rpncs εἶπον@voaa3s μή@b ὑπάρχω@vppagms υἱός@ngmsc ὁ@dnms μέντοι@b ποιητής@namsc λέγω3@vppanms ὁ@dams θεός@namsp οὐ@b πάντως@b καί@cs ὁ@danp γίγνομαι@vpamanp δηλόω@vipa3s εἰμί@vipa3s γάρ@b καί@b πρό@p ὁ@dgnp ποίημα@ngnpc ποιητής@nnmsc ὁ@dnms δέ@b πατήρ@nvfsp λέγω3@vppanms εὐθύς2@b μετά@p ὁ@dgms πατήρ@ngmsp σημαίνω@vipa3s καί@cs ὁ@dafs ὁ@dgms υἱός@ngmsp ὕπαρξις@nafsc διά@p οὗτος@rpans καί@b ὁ@dnms πιστεύω@vppanms εἰς@p ὁ@dams υἱός@namsp εἰς@p ὁ@dams πατήρ@namsp πιστεύω@vipa3s εἰς@p γάρ@b ὁ@dans ἴδιος@anans- ὁ@dgfs ὁ@dgms πατήρ@ngmsp οὐσία@ngfsc πιστεύω@vipa3s καί@cs οὕτως@b εἷς@ εἰμί@vipa3s ὁ@dnfs πίστις@nnfsc εἰς@p εἷς@ θεός@namsp καί@b ὁ@dnms προσκυνέω@vppanms δέ@b καί@cs τιμή@vppanms ὁ@dams υἱός@namsp ἐν@p υἱός@ndmsp προσκυνέω@vipa3s καί@cs τιμάω@vipa3s ὁ@dams πατήρ@namsp εἷς@nnfsp γάρ@b εἰμί@vipa3s ὁ@dnfs θεότης@nnfsc καί@b διά@p οὗτος@rpans εἷς@annfs- τιμή@nnfsc καί@cs εἷς@annfs- εἰμί@vipa3s προσκύνησις@nnfsc ὁ@dnfs ἐν@p υἱός@ndmsp καί@cs διά@p αὐτός@rpgms γίγνομαι@vppenfs ὁ@ddms πατήρ@ndmsp καί@b ὁ@dnms οὕτως@b προσκυνέω@vppanms εἷς@anams- θεός@namsp προσκυνέω@vipa3s εἷς@ γάρ@b θεός@nnmsp εἰμί@vipa3s καί@cs οὐ@b εἰμί@vipa3s ἄλλος@rpnms πλήν@p αὐτός@rpgms ὅτε@cs γοῦν@b μόνος@annms- λέγω3@vipe3s ὁ@dnms πατήρ@nnmsp θεός@nnmsp καί@cs ὅτι@cs εἷς@ θεός@nnmsp εἰμί@vipa3s καί@cs ὁ@dnns ἐγώ@rpncs εἰμί@vipa1s καί@cs πλήν@p ἐγώ@rpgcs οὐ@b εἰμί@vipa3s θεός@nnmsp καί@cs ὁ@dnns ἐγώ@rpncs πρῶτος@annms- καί@cs ἐγώ@rpafp μετά@p οὗτος@rpanp καλός@b λέγω3@vipe3s εἰμί@b γάρ@x θεός@nnmsp καί@cs μόνος@annms- καί@cs πρῶτος@annms- εἰμί@vipa3s οὐ@b εἰς@p ἀναίρεσις@nafsc δέ@b ὁ@dgms υἱός@ngmsp λέγω3@vipe3s μή@b γίγνομαι@voam3s εἰμί@vipa3s γάρ@b καί@cs αὐτός@rpnms ἐν@p ὁ@ddns εἷς@ καί@cs πρῶτος@andns- καί@cs μόνος@andns- ὡς@cs ὁ@dgns εἷς@ καί@b μόνος@angms- καί@b πρῶτος@angms- καί@cs μόνος@annms- λόγος@nnmsp καί@b σοφία@nnfsp καί@cs ἀπαύγασμα@nnnsc εἰμί@vppanms εἰμί@vipa3s δέ@b καί@b πρῶτος@annms- καί@cs αὐτός@annms- πλήρωμα@nnnsc ὁ@dgfs ὁ@dgms πρῶτος@angms- καί@cs μόνος@angms- θεότης@ngfsc ὅλος@annms- καί@cs πλήρης@annms- εἰμί@vppanms θεός@nnmsp οὐκοῦν@b οὐ@b διά@p αὐτός@rpams ἐρῶ@vire3s ἀλλά@cs εἰς@p ἀναίρεσις@nafsc ὁ@dgns μή@b εἰμί@vnpa-- ἕτερος@anams- οἷος@rpnms εἰμί@vipa3s ὁ@dnms πατήρ@nnmsp καί@cs ὁ@dnms οὗτος@rpgms λόγος@nnmsp καί@b εἰμί@vipa3s μέν@b αὐτός@annms- ὁ@dnms νόος@nnmsc ὁ@dgms προφήτης@ngmsc φανερός@annms- καί@cs πᾶς@andmp- πρόδηλος@annms-"
"inc. et c. Ar._7","ἐπεί@cs δέ@b ὁ@dnmp ἀσεβής@annmp- καί@cs οὗτος@rpanp φέρω@vppanmp δυσφημέω@vipa3p μέν@b ὁ@dams κύριος@namsp ὀνειδίζω@vipa3p δέ@b ἐγώ@rpdcp λέγω3@vppanmp ἰδού@n---p εἷς@ καί@cs μόνος@annms- καί@cs πρῶτος@annms- λέγω3@vipe3s ὁ@dnms θεός@nnmsp πῶς@b σύ@rpnmp λέγω3@vipa2p ὁ@dams υἱός@namsp εἰμί@vnpa-- θεός@namsp εἰ@cs γάρ@b εἰμί@viia3s θεός@nnmsp οὐ@b ἄν@b λέγω3@viia3s ἐγώ@rpncs μόνος@annms- οὐ@b δέ@cs ὅτι@cs εἷς@ εἰμί@vipa3s ὁ@dnms θεός@nnmsp ἀναγκαῖος@annns- ὁ@dams νόος@namsc καί@b οὗτος@rpgmp ὁ@dgnp ῥητός@angnp- ὡς@cs δυνατός@annns- εἰμί@vipa3s εἶπον@vnaa-- ἵνα@cs πᾶς@annmp- γιγνώσκω@vsaa3p καί@b ἐκ@p οὗτος@rpgnp ὅτι@cs ὄντως@b εἰμί@vipa3p ὁ@dnmp ἀρειανός@nnmpp θεομάχος@nnmpc εἰ@cs μέν@b οὖν@b ἅμιλλα@nnfsc ὁ@ddms υἱός@ndmsp εἰμί@vipa3s πρός@p ὁ@dams πατήρ@namsp τοιοῦτος@anafp- ἀκούω@vmpa3s φωνή@nafpc καί@b εἰ@cs ὥσπερ@cs δαβίδ@nnmsp ἀκούω@viaa3s περί@p ὁ@dgns ἀδώνια@ngnsp καί@cs ὁ@dgms ἀβεσσαλώμ@ngmsp οὕτως@b καί@b ὁ@dnms πατήρ@nnmsp βλέπω@vipa3s ὁ@dams υἱός@namsp πρός@p ἑαυτοῦ@rpams λέγω3@vmpa3s καί@cs προφέρω@vmpa3s τοιοῦτος@ananp- ῥῆμα@nanpc μήποτε@cs ὁ@dnms υἱός@nnmsp λέγω3@vppanms ἑαυτοῦ@rpams θεός@namsp ἀφεστήξω@vsaa3s τις@rpamp ἀπό@p ὁ@dgms πατήρ@ngmsp εἰ@cs δέ@b ὁ@dnms γιγνώσκω@vppanms ὁ@dams υἱός@namsp γιγνώσκω@vipa3s μᾶλλον@b ὁ@dams πατήρ@namsp ἀποκαλύπτω@vppagms οὗτος@rpams αὐτός@rpdms ὁ@dgms υἱός@ngmsp καί@cs ἐν@p ὁ@ddms λόγος@ndmsp ὁράω@vifm3s μᾶλλον@b ὁ@dams πατήρ@namsp καθά@cs ἐρῶ@vire3s ἔρχομαι@vpaanms δέ@b ὁ@dnms υἱός@nnmsp οὐ@b ἑαυτοῦ@rpams ἀλλά@cs ὁ@dams πατήρ@namsp δοξάζω@viaa3s λέγω3@vppanms μέν@b ὁ@ddms προσέρχομαι@vppedms τίς@b ἐγώ@rpacs λέγω@vipa2s ἀγαθός@anans- οὐδείς@rpnms ἀγαθός@annms- εἰ@cs μή@b εἷς@ ὁ@dnms θεός@nnmsp ’@ ἀποκρίνω@vppenms δέ@b ὁ@ddms ἐρωτάω@vppadms ποῖος@annfs- ἐντολή@nnfsc ἐν@p ὁ@ddms νόμος@ndmsc μέγας@annfsc ὅτι@cs ἀκούω@nvmsp ἰσραήλ@nvmsp κύριος@nnmsp ὁ@dnms θεός@nnmsp σύ@rpgcs κύριος@nnmsp εἷς@nnmsc εἰμί@vipa3s καί@cs ὁ@ddmp μέν@b ὄχλος@ndmpc λέγω3@vppanms ἐγώ@rpncs ἐκ@p ὁ@dgms οὐρανός@ngmsc καταβαίνω@vira1s οὐ@b ἵνα@cs ποιέω@vsaa1s ὁ@dans θέλημα@nansc ὁ@dans ἐμός@anans- ἀλλά@cs ὁ@dans θέλημα@nansc ὁ@dgms πέμπω@vpaagms ἐγώ@rpacs πατήρ@ngmsp ὁ@damp δέ@b μαθητής@nampc διδάσκω@vppanms ὅτι@cs ὁ@dnms πατήρ@nnmsp ἐγώ@rpgcs μέγας@annmsc ἐγώ@rpgcs εἰμί@vipa3s καί@cs ὁ@dnms ἐγώ@rpacs τιμή@vppanms τιμάω@vipa3s ὁ@dams πέμπω@vpaaams ἐγώ@rpacs καί@cs εἰ@cs τοιοῦτος@rpnms εἰμί@vipa3s ὁ@dnms υἱός@nnmsp πρός@p ὁ@dams ἑαυτοῦ@rpgms πατήρ@namsp ποῖος@annfs- ἐναντιότης@nnfsc ἵνα@cs καί@b τοιοῦτος@anafs- τις@rpnms ὑπόνοια@nafsc λαμβάνω@vsaa3s περί@p ὁ@dgnp τοιοῦτος@angnp- ῥητός@ngnpc ἄλλως@b τε@b εἰ@cs λόγος@nnmsp εἰμί@vipa3s ὁ@dgms πατήρ@ngmsp ὁ@dnms υἱός@nnmsp τις@rpnms οὕτως@b εἰμί@vipa3s ἄφρων@annms- πλήν@p ὁ@dgmp χριστομάχος@ngmpp ὡς@cs νομίζω@vnpa-- ὅτι@cs ὁ@dams ἑαυτοῦ@rpgns λόγος@namsp διαβάλλω@vppanms καί@cs ἀναιρέω@vppanms ὁ@danp τοιοῦτος@rpanp λαλέω@vira3s ὁ@dnms θεός@nnmsp οὐ@b εἰμί@vipa3s οὗτος@annms- ὁ@dnms νόος@nnmsc χριστιανός@ngmpp μή@b γίγνομαι@voam3s οὐ@b γάρ@b διά@p ὁ@dams υἱός@namsp οὗτος@rpnnp γράφω@vire3s ἀλλά@cs εἰς@p ἀναίρεσις@nafsc ὁ@dgmp πλάσσω@vpapgmp παρά@p ὁ@dgmp ἄνθρωπος@ngmpc ψευδώνυμος@angmp- θεός@ngmpc καί@b ὁ@dnfs διάνοια@nnfsc ὁ@dgnp τοιοῦτος@angnp- ῥητός@angnp- ἔχω@vipa3s ὁ@dafs αἰτία@nafsc εὔλογος@anafs-"
"inc. et c. Ar._8","8@ ἐπεί@cs γάρ@b ὁ@dnmp πρόσκειμαι@vprenmp ὁ@ddmp ψευδώνυμος@andmp- θεός@ndmpc ἀφίημι@p ὁ@dgms ἀληθινός@angms- θεός@ngmsp διά@p οὗτος@rpans ἀγαθός@annms- εἰμί@vppanms καί@cs κήδω@vppenms ὁ@dgmp ἄνθρωπος@ngmpc ὁ@dnms θεός@nnmsp ἀνακαλέω@vppenms ὁ@damp πλανάω@vpapamp φημί@vipa3s ἐγώ@rpncs θεός@nnmsp μόνος@annms- καί@cs ἐγώ@rpncs εἰμί@vipa1s καί@cs πλήν@p ἐγώ@rpgcs οὐ@b εἰμί@vipa3s θεός@nnmsp καί@cs ὅσος@rpnnp τοιοῦτος@rpnnp εἰμί@vipa3s ῥητός@annnp- ἵνα@cs ὁ@danp μέν@b μή@b εἰμί@vppaanp διαβάλλω@vsaa3s ἐπιστρέφω@vsaa3s δέ@b πᾶς@anamp- εἰς@p ἑαυτοῦ@rpams καί@cs ὥσπερ@cs ἄν@b εἰ@cs τις@rpnms ἡμέρα@ngfsc εἰμί@vppagfs καί@cs ἥλιος@ngmsc φαίνω@vppagms ζωγραφέω@vopa3s ξύλον@nansc ἁπλῶς@b οὐ@b δέ@cs καί@b ἄν@b φαντασία@nafsc ἔχω@vppaans φώς@ngmsc καί@cs λέγω3@vopa3s ὁ@dafs εἰκών@nafsc οὗτος@rpafs αἰτία@nafsc εἰμί@vnpa-- ὁ@dgns φώς@ngmsc ὁ@dnms δέ@b ἥλιος@nnmsc οὗτος@rpans βλέπω@vppanms εἰ@cs λέγω3@vopa3s ἐγώ@rpncs μόνος@annms- εἰμί@vipa1s ὁ@dans φάος@nansc ὁ@dgfs ἡμέρα@ngfsc καί@cs οὐ@b εἰμί@vipa3s ἄλλος@rpnns φάος@nnnsc ὁ@dgfs ἡμέρα@ngfsc πλήν@p ἐγώ@rpgms οὐ@b πρός@p ὁ@dans ἑαυτοῦ@rpgns ἀπαύγασμα@nansc βλέπω@vppanms οὗτος@rpanp λέγω3@vipa3s ἀλλά@cs πρός@p ὁ@dafs πλάνη@nafsc διά@p ὁ@dafs εἰκών@nafsc ὁ@dgns ξύλον@ngnsc καί@cs ἀνομοιότης@nafsc ὁ@dgfs μάταιος@angfs- φαντασία@ngfsc οὕτως@b εἰμί@vipa3s καί@cs ὁ@dnnp ἐγώ@rpncs εἰμί@vipa1s καί@cs ἐγώ@rpncs μόνος@annms- θεός@nnmsp καί@cs οὐ@b εἰμί@vipa3s ἄλλος@rpnms πλήν@p ἐγώ@rpgcs ἵνα@cs ὁ@dgnp ψευδώνυμος@angnp- ἀφεστήξω@vsaa3s ὁ@damp ἄνθρωπος@nampc καί@cs μανθάνω@vsaa3p αὐτός@anams- λοιπός@anams- ὁ@dams ἀληθινός@anams- θεός@namsp ἀμέλει@b οὗτος@rpanp λέγω3@vppanms ὁ@dnms θεός@nnmsp διά@p ὁ@dgms λόγος@ngmsp ἑαυτοῦ@rpgms λέγω3@viia3s εἰ@cs μή@b ἄρα@b καί@b οὗτος@rpans προστίθημι@vsaa3p ὁ@dnmp νῦν@b ἰουδαῖος@nnmpp ὅτι@cs μή@b διά@p ὁ@dgms λόγος@ngmsp οὗτος@rpnnp λαλέω@vira3s ἀλλά@b οὕτως@b ἐρῶ@vire3s καί@b ἄν@cs μαίνομαι@vspe3p ὁ@dnmp διαβολικός@annmp- γίγνομαι@viam3s γάρ@b λόγος@nnmsc κύριος@ngmsp πρός@p ὁ@dams προφήτης@namsc καί@b οὗτος@rpanp ἀκούω@viie3s εἰ@cs δέ@b αὐτός@b εἰμί@viia3s ὁ@dnms λόγος@nnmsp καί@b διά@p αὐτός@rpgms οὗτος@rpnnp λέγω3@viie3s καί@cs οὐ@b εἰμί@vipa3s τις@rpans ὅς@rpans λέγω3@vipa3s καί@cs ποιέω@vipa3s ὁ@dnms θεός@nnmsp ὅς@rpans μή@b ἐν@p ὁ@ddms λόγος@ndmsp λέγω3@vipa3s καί@cs ποιέω@vipa3s οὐ@b ἄρα@b διά@p αὐτός@rpams ἐρῶ@vire3s ὦ@i θεομάχος@nvmpc ἀλλά@cs διά@p ὁ@danp ἀλλότριος@ananp- καί@cs μή@b εἰμί@vppaanp παρά@p αὐτός@rpgms καί@cs γάρ@b καί@b κατά@p ὁ@dafs ἐρῶ@vpreafs εἰκών@nafsc καί@cs ὁ@dnms ἥλιος@nnmsc εἰ@cs ὁ@dafp φωνή@nafpc λέγω3@viia3s ἐκεῖνος@anafp- οὐ@b ἐκτός@b ἔχω@vppanms ὁ@dans ἑαυτοῦ@rpgns ἀπαύγασμα@nansc ἀλλά@cs ἐν@p ὁ@ddns ἀπαύγασμα@ndnsc δείκνυμι@vppanms ἑαυτοῦ@rpgms ὁ@dans φάος@nansc ἐλέγχω@viia3s ὁ@dafs πλάνη@nafsc καί@cs εἶπον@viaa3s ἄν@b τοιοῦτος@rpanp οὐκοῦν@b οὐ@b εἰς@p ἀναίρεσις@nafsc ὁ@dgms υἱός@ngmsp οὐ@b δέ@cs διά@p αὐτός@rpams εἰμί@vipa3s ὁ@dnnp τοιοῦτος@rpnnp ῥητός@annnp- ἀλλά@cs εἰς@p ἀθέτησις@nafsc ὁ@dgns ψεῦδος@ngnsc ἐκ@p ἀρχή@ngfsc γοῦν@b ὁ@dnms θεός@nnmsp οὐ@b εἶπον@viaa3s ὁ@ddms ἀδάμ@ndmsp ὁ@dafp τοιοῦτος@anafp- φωνή@nafpc καίτοι@b εἰμί@vppagms ὁ@dgms λόγος@ngmsp σύν@p αὐτός@rpdms διά@p ὅς@rpgns ὁ@dnnp πᾶς@annnp- γίγνομαι@viam3s οὐ@b γάρ@x εἰμί@viia3s χρεία@nnfsc μήπω@b γίγνομαι@vpamgnp εἴδωλον@ngnpc ὅτε@cs δέ@b ἀντομάω@viaa3p ἄνθρωπος@nnmpc κατά@p ὁ@dgfs ἀλήθεια@ngfsc καί@cs ὀνομάζω@viaa3p ἑαυτοῦ@rpdmp ὅς@rpamp ἐθέλω@viia3p θεός@nampc τότε@b δή@b καί@b τοιοῦτος@rpgnp χρεία@nnfsc γίγνομαι@vira3s ῥῆμα@ngnpc εἰς@p ἀναίρεσις@nafsc ὁ@dgmp μή@b εἰμί@vppagmp θεός@ngmpc ἐγώ@rpnms δέ@b ἄν@b εἶπον@voaa1s προστίθημι@vpaanms ὅτι@cs καί@b πρός@p ὁ@dafs ὁ@dgmp χριστομάχος@ngmpp ἀφροσύνη@nafsc προερέω@vire3s ὁ@danp τοιοῦτος@rpanp ῥητός@ananp- ἵνα@cs γνῶσις@vsaa3p ὅτι@cs ὅς@rpams ἄν@b ἔξωθεν@b ὁ@dgfs οὐσία@ngfsc ὁ@dgms πατήρ@ngmsp ἐπινοέω@vsaa3p θεός@namsc οὗτος@rpnms οὐ@b εἰμί@vipa3s ἀληθινός@annms- οὐ@b δέ@cs ὁ@dgms μόνος@angms- καί@b πρῶτος@angms- εἰκών@vpaanms καί@cs υἱός@nnmsc"
"inc. et c. Ar._9","9@ ἐάν@cs τοίνυν@b καί@cs μόνος@annms- ἀληθινός@annms- θεός@nnmsp ὁ@dnms πατήρ@nnmsp λέγω3@vspe3s οὐ@b εἰς@p ἀθέτησις@nafsc ὁ@dgns λέγω3@vppagms ἐγώ@rpncs εἰμί@vipa1s ὁ@dnfs ἀλήθεια@nnfsc ἐρῶ@vire3s ἀλλά@cs εἰς@p ἀναίρεσις@nafsc πάλιν@b ὁ@dgnp μή@b φύζω@vpragmp εἰμί@vnpa-- ἀληθινός@angnp- οἷος@rpnms εἰμί@vipa3s ὁ@dnms πατήρ@nnmsp καί@cs ὁ@dnms οὗτος@rpgms λόγος@nnmsp οὕτως@b γάρ@b καί@b αὐτός@annms- ὁ@dnms κύριος@nnmsp εὐθύς2@b συνάπτω@viaa3s καί@b ὅς@rpams ἀποστέλλω@viaa2s ἰησοῦς@namsp χριστός@namsp εἰ@cs δέ@b κτίσμα@nnnsc εἰμί@viia3s οὐ@b ἄν@b συνάπτω@viaa3s καί@cs συναριθμέω@viaa3s ἑαυτοῦ@rpams ὁ@ddms κτίζω@vpaadms αὐτός@rpams ποῖος@annfs- γάρ@b κοινωνία@nnfsc ὁ@ddms ἀληθινός@andms- καί@cs ὁ@ddms μή@b ἀληθινός@andms- νῦν@b δέ@b συνάπτω@vpaanms ἑαυτοῦ@rpams ὁ@ddms πατήρ@ndmsp δείκνυμι@viaa3s ὅτι@cs ὁ@dgfs φύσις@ngfsc ὁ@dgms πατήρ@ngmsp εἰμί@vipa3s καί@cs δίδωμι@viaa3s ἐγώ@rpdcp γιγνώσκω@vnpa-- ὅτι@cs ὁ@dgms ἀληθινός@angms- πατήρ@ngmsp ἀληθινός@annns- εἰμί@vipa3s γέννημα@nnnsc οὗτος@rpans καί@b ἰώαννης@nnmsp μανθάνω@vpaanms διδάσκω@viaa3s γράφω@vppanms ἐν@p ὁ@ddfs ἐπιστολή@ndfsc καί@b εἰμί@vipa1p ἐν@p ὁ@ddns ἀληθινός@andns- ἐν@p ὁ@ddms υἱός@ndmsp αὐτός@rpgms ἰησοῦς@ngmsp χριστός@ndmsp οὗτος@annms- εἰμί@vipa3s ὁ@dnms ἀληθινός@annms- θεός@nnmsp καί@cs ζωή@annfs- αἰώνιος@annfs- καί@cs ὁ@dgms μέν@b προφήτης@ngmsc περί@p ὁ@dgfs κτίσις@ngfsc λέγω3@vppagms ὁ@dnms τανύω@vpaanms ὁ@dams οὐρανός@namsc μόνος@annms- ὁ@dgms δέ@cs θεός@ngmsp ἐγώ@rpnms μόνος@annms- ὁ@dams οὐρανός@namsc ἐκτείνω@viaa1s πᾶς@andns- δῆλος@annns- γίγνομαι@vira3s ὅτι@cs ἐν@p ὁ@ddns μόνος@andns- καί@b ὁ@dnms ὁ@dgns μόνος@angms- σημαίνω@vipe3s λόγος@nnmsp ἐν@p ὅς@rpdms ὁ@dnnp πᾶς@annnp- γίγνομαι@viam3s καί@cs χωρίς@p αὐτός@rpgms γίγνομαι@viam3s οὐ@b δέ@cs εἷς@ οὐκοῦν@b εἰ@cs διά@p ὁ@dgms λόγος@ngmsp γίγνομαι@vira3s φημί@vipa3s δέ@b ἐγώ@rpnms μόνος@annms- ,@cs νοέω@vipe3s δέ@b σύν@p ὁ@ddms μόνος@andns- καί@b ὁ@dnms υἱός@nnmsp διά@p οὖ@rpans γίγνομαι@vira3s ὁ@dnms οὐρανός@nnmsc οὕτως@b ἄρα@b καί@cs ἐάν@cs λέγω3@vspe3s εἰμί@nnmsp θεός@nnmsp καί@cs ἐγώ@rpncs μόνος@annms- καί@cs ἐγώ@rpncs πρῶτος@annms- ἐν@p ὁ@ddns εἷς@ καί@cs μόνος@andns- καί@cs πρῶτος@andns- σύνειμι@vppanms νοέω@vipe3s ὁ@dnms λόγος@nnmsp ὥσπερ@cs ἐν@p ὁ@ddms φώς@ndmsc ὁ@dnns ἀπαύγασμα@nnnsc οὗτος@rpnns δέ@b οὐ@b ἄν@b ἐπί@p ἄλλος@rpgns νοέω@voap3s εἰ@cs μή@b ἐπί@p μόνος@angms- ὁ@dgms λόγος@ngmsp ὁ@dnnp μέν@b γάρ@b ἄλλος@rpnnp πᾶς@annnp- ἐκ@p ὁ@dgns μή@b εἰμί@vppagns ὑφίστημι@viaa3s διά@p ὁ@dgms υἱός@ngmsp καί@cs πολύς@anafs- ἔχω@vipa3s ὁ@ddfs φύσις@ndfsc ὁ@dafs διάστασις@nafsc αὐτός@annms- δέ@b ὁ@dnms υἱός@nnmsp ἐκ@p ὁ@dgms πατήρ@ngmsp εἰμί@vipa3s φύσις@ndfsc καί@cs ἀληθινός@annns- γέννημα@nnnsc διό@b καί@b ὅς@rpans προφέρω@vnpa-- δοκέω@viaa3p ὁ@dnmp ἀνόητος@annmp- ῥητός@anans- ὁ@dnns ἐγώ@rpncs πρῶτος@annms- εἰς@p ἀπολογία@nafsc ὁ@dgfs αἵρεσις@ngfsc αὐτός@rpgmp οὗτος@rpnns μᾶλλον@b ἐλέγχω@viia3s αὐτός@rpgmp ὁ@dafs κακόνοια@nafsc φημί@vipa3s ὁ@dnms θεός@nnmsp ἐγώ@rpnms πρῶτος@annms- καί@cs ἐγώ@rpncs μετά@p οὗτος@rpanp εἰ@cs μέν@b οὖν@b ὡς@cs συναριθμέω@vppenms ὁ@ddnp μετά@p ’@p αὐτός@rpams λέγω3@vipe3s οὗτος@rpgnp πρῶτος@annms- ἵνα@cs καί@cs ἐκεῖνος@rpnnp δεύτερος@annnp- οὗτος@rpgns εἰμί@vspa3s εἰμί@vifm3s κατά@p σύ@rpa-p ὁ@dgnp ποίημα@ngnpc καί@cs αὐτός@rpnms μόνος@andms- ὁ@ddms χρόνος@ndmsc προάγω@vppanms ἀλλά@cs οὗτος@rpnns μόνος@annns- πᾶς@anafs- ἀσέβεια@nafsc ὑπερβάλλω@vipa3s εἰ@cs δέ@b εἰς@p ἀπόδειξις@nafsc ὁ@dgns μή@b εἰμί@vnpa-- αὐτός@rpams ἐκ@p τις@rpg-s μη@b δέ@cs πρό@p αὐτός@rpgms τις@rpams ἀλλά@cs αὐτός@rpams εἰμί@vnpa-- ὁ@dgmp πᾶς@angmp- ἀρχή@nafsc καί@cs αἴτιος@anams- καί@cs εἰς@p ἀναίρεσις@nafsc ὁ@dgmp παρά@p ἕλλην@ndmpp μῦθος@ngmpc ἐρῶ@vira3s ἐγώ@rpnms πρῶτος@annms- δῆλος@annns- ὅτι@cs καί@b ὁ@dnns λέγω3@vnpe-- ὁ@dams υἱός@namsp πρωτότοκος@anams- οὐ@b διά@p ὁ@dans συναριθμέω@vnpe-- αὐτός@rpams ὁ@ddfs κτίσις@ndfsc λέγω3@vipe3s πρωτότοκος@annms- ἀλλά@cs εἰς@p ἀπόδειξις@nafsc ὁ@dgfs ὁ@dgnp πᾶς@angmp- διά@p ὁ@dgms υἱός@ngmsp δημιουργία@ngfsc καί@cs υἱοποιία@ngfsc καί@cs γάρ@b ὥσπερ@cs ὁ@dnms πατήρ@nnmsp πρῶτος@annms- εἰμί@vipa3s οὕτως@b καί@b αὐτός@rpnms πρῶτος@annms- μέν@b εἰμί@vipa3s ὡς@cs εἰκών@vpranms ὁ@dgms πρῶτος@angms- καί@cs ἐν@p αὐτός@rpdns εἰμί@vppagms ὁ@dgms πρῶτος@angms- γέννημα@nnnsc δέ@b ἐκ@p ὁ@dgms πατήρ@ngmsp καί@b ἐν@p αὐτός@rpdns πᾶς@annfs- ὁ@dnfs κτίσις@nnfsc κτίζω@vipe3s καί@cs υἱοποιέω@vipe3s"
"inc. et c. Ar._10","ἀλλά@cs καί@b πρός@p οὗτος@rpanp πάλιν@b ἐπιχειρέω@vipa3p φιλονεικέω@vnpa-- ὁ@ddfp ἴδιος@andfp- μυθοπλαστία@ndfpc λέγω3@vppanmp μή@b οὕτως@b εἰμί@vnpa-- ὁ@dams υἱός@namsp καί@cs ὁ@dams πατήρ@namsp εἷς@ μη@b δέ@cs ὅμοιος@anams- ὡς@cs ὁ@dnfs ἐκκλησία@nnfdc κηρύσσω@vipa3s ἀλλά@cs ὡς@cs αὐτός@rpnmp ἐθέλω@vipa3p φημί@vipa3s γάρ@b ἐπεί@cs ὅς@rpanp ἐθέλω@vipa3s ὁ@dnms πατήρ@nnmsp οὗτος@rpanp ἐθέλω@vipa3s καί@b ὁ@dnms υἱός@nnmsp καί@cs οὐ@b τε@cs ὁ@ddnp νόημα@ndnpc οὐ@b τε@cs ὁ@ddnp κρίμα@ndnpc ἀντίκειμαι@vipe3s ἀλλά@cs ἐν@p πᾶς@andnp- εἰμί@vipa3s σύμφωνος@annms- αὐτός@rpdms ὁ@dafs ὁ@dafs αὐτότης@rpafs ὁ@dgnp δόγμα@ngnpc καί@cs ὁ@dams ἀκόλουθος@anams- καί@cs συναρτάω@vpreams ὁ@ddfs ὁ@dgms πατήρ@ngmsp διδασκαλία@ndfsc ἀποδίδωμι@vppanms λόγος@namsc διά@p οὗτος@rpans αὐτός@rpnms καί@cs ὁ@dnms πατήρ@nnmsp εἷς@nnnsc εἰμί@vipa3p οὗτος@rpanp γάρ@b οὐ@b μόνος@anans- εἶπον@vnaa-- ἀλλά@cs καί@b γράφω@vnaa-- τις@rpnmp ἐκ@p αὐτός@rpgnp τολμάω@vira3p οὗτος@rpgns δέ@b τίς@rpans ἄν@b τις@rpnms ἄτοπος@annnsc ἤ1@cs ἄλογος@annnsc εἶπον@voaa3s εἰ@cs γάρ@b διά@p οὗτος@rpanp εἷς@ εἰμί@vipa3p ὁ@dnms υἱός@nnmsp καί@cs ὁ@dnms πατήρ@nnmsp καί@cs εἰ@cs οὕτως@b ὅμοιος@annms- εἰμί@vipa3s ὁ@dnms λόγος@nnmsp ὁ@ddms πατήρ@ndmsp ὥρα@vmpa2s καί@cs ὁ@damp ἄγγελος@nampc καί@cs ὁ@danp ἄλλος@rpanp ἐγώ@rpgmp ὁ@danp ὑπερκέω@vppeanp ἀρχή@nafpc τε@cs καί@cs ἐξουσία@nafpc καί@cs θρόνος@nampc καί@cs κυριότης@nafpc καί@cs ὁ@danp φαίνω@vppeanp ἥλιος@namsc τε@cs καί@cs σελήνη@nafsc καί@cs ὁ@damp ἀστήρ@nampc εἰμί@vnpa-- καί@b αὐτός@rpamp ὡς@p ὁ@dams υἱός@namsp υἱός@nampc λέγω3@vnpe-- δέ@b καί@b περί@p οὗτος@rpgnp ὅτι@cs αὐτός@rpnmp καί@cs ὁ@dnms πατήρ@nnmsp εἷς@ εἰμί@vipa3p καί@cs ἕκαστος@annms- εἰκών@vppanms καί@cs λόγος@nnmsp εἰμί@vipa3s ὁ@dgms θεός@ngmsp ὅς@rpanp γάρ@b ἐθέλω@vipa3s ὁ@dnms θεός@nnmsp οὗτος@rpanp ἐθέλω@vipa3p καί@b αὐτός@annmp- καί@b οὐ@b τε@b ὁ@ddnp κρίμα@ndnpc οὐ@b τε@cs ὁ@ddnp δόγμα@ndnpc διαφωνέω@vipa3p ἀλλά@cs ἐν@p πᾶς@andnp- εἰμί@vipa3p ὑπήκοος@annmp- ὁ@ddms ποιέω@vpradms οὐ@b ἄν@b γάρ@b μένω@viaa3p ἐν@p ὁ@ddfs ἴδιος@andfs- δόξα@ndfsc εἰ@cs μή@b ὅσπερ@rpanp ἐθέλω@viia3s ὁ@dnms πατήρ@nnmsp οὗτος@rpanp καί@b αὐτός@rpnmp βούλομαι@viie3p ὁ@cs γοῦν@b μή@cs μένω@vpaanms ἀλλά@cs παραφρονέω@vpaanms ἀκούω@viaa3s πῶς@b ἐκπίτνω@viaa3s ἐκ@p ὁ@dgms οὐρανός@ngmsc ὁ@dnms ἑωσφόρος@annms- ὁ@dnms πρωΐ@b ἀνατέλλω@vppanms πῶς@b οὖν@b οὗτος@rpgnp οὕτως@b εἰμί@vppagnp μόνος@annms- οὗτος@rpnms υἱός@nnmsp μονογενής@annms- καί@b λόγος@nnmsp καί@cs σοφία@nnfsp εἰμί@vipa3s ἤ1@b πῶς@b τοσοῦτος@rpgnp εἰμί@vppagnp ὅμοιος@angnp- ὁ@ddms πατήρ@ndmsp μόνος@annms- οὗτος@rpnms εἰκών@vpranns εἰμί@vipa3s καί@cs γάρ@b καί@b ἐν@p ἄνθρωπος@ndmpc εὑρίσκω@vifp3p πολύς@annmp- ὅμοιος@annmp- ὁ@ddms πατήρ@ndmsp πολύς@annmp- μέν@b μάρτυς@nnmpc γίγνομαι@vpamnmp καί@b πρό@p αὐτός@rpgmp ὁ@dnmp ἀπόστολος@nnmpc καί@cs προφήτης@nnmpc καί@cs πάλιν@b πρό@p οὗτος@rpgmp ὁ@dnmp πατριάρχης@nnmpc πολύς@annmp- τε@b καί@b νῦν@b φυλάζω@viaa3p ὁ@dafs ὁ@dgms σωτήρ@ngmsp ἐντολή@nafsc γίγνομαι@vpamnmp οἰκτίρμων@annmp- ὡς@cs ὁ@dnms πατήρ@nnmsp ὁ@dnms ἐν@p ὁ@ddmp οὐρανός@ndmpc ,@cs καί@cs τηρέω@vpaanmp ὁ@dans γίγνομαι@vmpe2p οὖν@b μιμητής@nvmpc ὁ@dgms θεός@ngmsp ὡς@b τέκνον@nnnpc ἀγαπητός@ananp- καί@b περιπατέω@vmpa2p ἐν@p ἀγάπη@ndfsc καθώς@cs καί@b ὁ@dnms χριστός@nnmsp ἀγαπάω@viaa3s ἐγώ@rpamp μιμητής@nnmpp δέ@x γίγνομαι@vira3p πού@rpdms ὁ@dgms παῦλος@ngmsp πολύς@annmp- ὡς@b καί@b ἐκεῖνος@annms- ὁ@dgms χριστός@ngmsp καί@cs ὅμως@b οὐδείς@rpnms οὗτος@rpgnp οὐ@b τε@cs λόγος@nnmsp οὐ@b τε@cs σοφία@nnfsp οὐ@b τε@cs μονογενής@annms- υἱός@nnmsp οὐ@b τε@cs εἰκών@vpranms εἰμί@vipa3s οὐ@b τε@cs τις@rpncs οὗτος@rpgmp ἀποτολμάω@viaa3s εἶπον@vnaa-- ἐγώ@rpncs καί@cs ὁ@dnms πατήρ@nnmsp εἷς@ εἰμί@vipa1p ἤ1@cs ἐγώ@rpnms ἐν@p ὁ@ddms πατήρ@ndnsp καί@cs ὁ@dnms πατήρ@nnmsp ἐν@p ἐγώ@rpdcs ἀλλά@cs περί@p μέν@b πᾶς@angmp- ἐρῶ@vire3s τις@rpnms ὅμοιος@annms- σύ@rpdcs ἐν@p θεός@ndmpc κύριος@nvmsp καί@cs τις@rpncs ἐναντιόομαι@vifp3s ὁ@ddms κύριος@ndmsp ἐν@p υἱός@ndmpc θεός@ngmsp περί@p δέ@b αὐτός@rpgms ὅτι@cs μόνος@annms- εἰκών@vpaanms ἀληθινός@annfs- καί@cs φύσις@ndfsc ὁ@dgms πατήρ@ngmsp εἰμί@vipa3s εἰ@cs γάρ@b καί@b κατά@p εἰκών@nafsc γίγνομαι@viaa1p καί@cs εἰκών@vpaanms καί@cs δόξα@nnfsc θεός@ngmsp χρηματίζω@viaa1p ἀλλά@cs οὐ@b διά@p ἑαυτοῦ@rpamp πάλιν@b ἀλλά@cs διά@p ὁ@dafs ἐνοικέω@vpaaafs ἐν@p ἐγώ@rpdmp εἰκών@nafsc καί@cs ἀληθής@anafs- δόξα@nafsc ὁ@dgms θεός@ngmsp ὅστις@rpnfs εἰμί@vipa3s ὁ@dnms λόγος@nnmsp αὐτός@rpgms ὁ@dnms διά@p ἐγώ@rpamp ὕστερος@b γίγνομαι@vpamnms σάρξ@nnmsc οὗτος@anafs- ὁ@dgfs κλῆσις@ngfsc ἔχω@vipa1p ὁ@dafs χάρις@nafsc"
"inc. et c. Ar._11","11@ ἀπρεπής@ngmsp δή@b οὖν@b καί@b ἄλογος@angms- καί@cs ὁ@dgfs τοιοῦτος@angfs- φρόνησις@ngfsc ἐκεῖνος@rpgmp φαίνω@vppegfs ἀνάγκη@nnfsc ὁ@dafs ὁμοίωσις@nafsc καί@cs ὁ@dafs ἑνότης@nafsc ἐπί@p αὐτός@anafs- ὁ@dafs οὐσία@nafsc ὁ@dgms υἱός@ngmsp φέρω@vnpa-- εἰ@cs γάρ@b μή@b οὕτως@b τις@rpnms λαμβάνω@voaa3s οὐ@b τε@b πλέος@anansc τις@rpans ὁ@dgmp γενητός@ngmpc ἔχω@vppanms φαίνω@vifp3s ὥσπερ@cs ἐρῶ@vire3s οὐ@b τε@cs ὁ@dgms πατήρ@ngmsp ὅμοιος@annms- εἰμί@vifm3s ἀλλά@cs ὁ@dgnp ὁ@dgms πατήρ@ngmsp ὅμοιος@annms- εἰμί@vifm3s δόγμα@ngnpc καί@cs ὁ@dgms πατήρ@ngmsp διαφέρω@vipa3s ὅτι@cs ὁ@dnms μέν@b πατήρ@nnmsp πατήρ@nnmsp εἰμί@vipa3s ὁ@dnnp δέ@b δόγμα@nnnpc καί@cs ὁ@dnfs διδασκαλία@nnfsc ὁ@dgms πατήρ@ngmsp εἰμί@vipa3s εἰ@cs τοίνυν@b κατά@p ὁ@danp δόγμα@nanpc καί@cs ὁ@dafs διδασκαλία@nafsc ὅμοιος@annms- εἰμί@vipa3s ὁ@dnms υἱός@nnmsp ὁ@ddms πατήρ@ndmsp ὁ@dnms μέν@b πατήρ@nnmsp κατά@p αὐτός@rpamp ὄνομα@ndnsc μόνος@anans- πατήρ@nnmsp εἰμί@vifm3s ὁ@dnms δέ@b υἱός@nnmsp οὐ@b ἀπαράλλακτος@annms- εἰκών@vpaanms μᾶλλον@b οὐ@b δέ@cs ὅλος@b ἰδιότης@nafsc ἤ1@cs ὁμοιότης@nafsc τις@anafs- ὁ@dgms πατήρ@ngmsp ἔχω@vppanms φαίνω@vifp3s ποῖος@annfs- γάρ@b ὁμοίωσις@nnfsc καί@cs ἰδιότης@nnfsc ὁ@ddns παραλλάσσω@vpredms παρά@p ὁ@dams πατήρ@namsp καί@b γάρ@b καί@b ὁ@dnms παῦλος@nnmsp ὅμοιος@ananp- ὁ@ddms σωτήρ@ndmsp διδάσκω@vppanms οὐ@b εἰμί@viia3s κατά@p ’@p οὐσία@nafsc ὅμοιος@annms- αὐτός@rpdms ἐκεῖνος@annmp- μέν@x οὖν@x τοιοῦτος@ananp- φρονέω@vppanmp ψεύδω@vipe3p ὁ@dnms δέ@b γε@b υἱός@nnmsp καί@cs ὁ@dnms πατήρ@nnmsp οὕτως@b εἰμί@vipa3p εἷς@ καθά@cs ἐρῶ@vire3s καί@b οὕτως@b εἰμί@vipa3s ὁ@dnms υἱός@nnmsp ὅμοιος@annms- καί@b ἐκ@p αὐτός@angms- ὁ@dgms πατήρ@ngmsp ὡς@cs εἰμί@vipa3s εἶδον@vnaa-- καί@cs νοέω@vnpa-- υἱός@namsc πρός@p πατήρ@namsc καί@cs ὡς@cs εἰμί@vipa3s εἶδον@vnaa-- ὁ@dans ἀπαύγασμα@nansc πρός@p ὁ@dams ἥλιος@namsc διά@p γάρ@b ὁ@dans οὕτως@b εἰμί@vnpa-- ὁ@dams υἱός@namsp ἐργάζομαι@vppegms ὁ@dgms υἱός@ngmsp ὁ@dnms πατήρ@nnmsp εἰμί@vipa3s ὁ@dnms ἐργάζομαι@vppenms καί@cs ἔρχομαι@vppegms ὁ@dgms υἱός@ngmsp πρός@p ὁ@damp ἅγιος@anamp- ὁ@dnms πατήρ@nnmsp εἰμί@vipa3s ὁ@dnms ἔρχομαι@vppenms ἐν@p ὁ@ddms υἱός@ndmsp ὡς@cs αὐτός@rpnms ἐπαγγέλλω@viam3s λέγω3@vppanms ἔρχομαι@vifm1p ἐγώ@rpnms καί@cs ὁ@dnms πατήρ@nnmsp καί@cs μονή@nafsc παρά@p αὐτός@rpdms ποιέω@vifa1p ἐν@p γάρ@b ὁ@ddfs εἰκών@ndfsc θεωρέω@vipe3s ὁ@dnms πατήρ@nnmsp καί@cs ἐν@p ὁ@ddns ἀπαύγασμα@ndnsc εἰμί@vipa3s ὁ@dnns φάος@nnnsc διά@p οὗτος@rpans καθά@cs μικρός@andns- πρόσθεν@b εἶπον@viaa1p καί@cs δίδωμι@vppagms ὁ@dgms πατήρ@ngmsp χάρις@nafsc καί@cs εἰρήνη@nafsc αὐτός@rpafs καί@b ὁ@dnms υἱός@nnmsp δίδωμι@vipa3s ὡς@cs ὁ@dnms παῦλος@nnmsp ἐπισημαίνω@vipe3s διά@p πᾶς@angfs- ἐπιστολή@ngfsc γράφω@vppanms χάρις@nnfsp σύ@rpdcp καί@cs εἰρήνη@nnfsc ἀπό@p θεός@ngmsp πατήρ@ngmsp ἐγώ@rpgmp καί@cs κύριος@ngmsp ἰησοῦς@ngmsp χριστός@ngmsp εἷς@annfs- γάρ@b καί@b ὁ@dnfs αὐτός@annfs- χάρις@nnfsc εἰμί@vipa3s παρά@p πατήρ@ngmsp ἐν@p υἱός@andms- ὡς@cs εἰμί@vipa3s εἷς@ ὁ@dnns φάος@nnnsc ὁ@dgms ἥλιος@ngmsc καί@cs ὁ@dgns ἀπαύγασμα@ngnsc καί@cs ὁ@dnns καταυγάζω@vnpa-- ὁ@dgms ἥλιος@ngmsc διά@p ὁ@dgns ἀπαύγασμα@ngnsc γίγνομαι@vipe3s οὕτως@b γοῦν@b πάλιν@b ἐπεύχομαι@vppenms θεσσαλονικεύς@ndmpp καί@cs λέγω3@vppanms αὐτός@annms- δέ@b ὁ@dnms θεός@nnmsp καί@b πατήρ@nnmsp ἐγώ@rpgmp καί@cs ὁ@dnms κύριος@nnmsp ἰησοῦς@nnmsp χριστός@nnmsp κατευθύνω@vnre-- ὁ@dafs ὁδός@nafsc ἐγώ@rpgmp πρός@p σύ@rpamp ὁ@dafs ἑνότης@nafsc ὁ@dgms πατήρ@ngmsp καί@cs ὁ@dgms υἱός@ngmsp φυλάζω@viaa3s οὐ@b γάρ@b εἶπον@viaa3s κατευθύνω@vopa3p ὡς@cs παρά@p δύο@ang--- δίδωμι@vppegfs παρά@p οὗτος@rpgms καί@cs οὗτος@rpgms διπλόος@angfs- χάρις@ngfsc ἀλλά@cs κατευθύνω@vnpa-- ἵνα@cs δείκνυμι@vsaa3s ὅτι@cs ὁ@dnms πατήρ@nnmsp διά@p υἱός@ngmsp δίδωμι@vipa3s οὗτος@rpafs ἐκ@p ὅς@rpgnp καί@b ἄν@cs ἐρυθριάω@annfp- ὁ@dnmp ἀσεβής@annmp- δύναμαι@vppenmp οὐ@b βούλομαι@vipe3p"
"inc. et c. Ar._12","12@ εἰ@cs γάρ@b μή@b εἰμί@viia3s ἑνότης@nnmsc καί@cs ἴδιος@annns- ὁ@dgfs ὁ@dgms πατήρ@ngmsp οὐσία@ngfsc γέννημα@nnnsc ὁ@dnms λόγος@nnmsp ὡς@cs ὁ@dnns ἀπαύγασμα@nnnsc ὁ@dgns φώς@ngnsc ἀλλά@cs διίστημι@vila3s ὁ@ddfs φύσις@ndfsc ὁ@dnms υἱός@nnmsp ὁ@dgms πατήρ@ngmsp ἀρκέω@viia3s ὁ@dams πατήρ@namsp δίδωμι@vnaa-- μόνος@anans- οὐδείς@rpgms ὁ@dgmp γενητός@ngmpc ἐπικοινωνέω@vppagms πρός@p ὁ@dams ποιέω@vprannp ἐν@p ὁ@ddnp δίδωμι@vppednp νῦν@b δέ@b ὁ@dnfs τοιοῦτος@annfs- δόσις@nnfsc δείκνυμι@vipa3s ὁ@dafs ἑνότης@nafsc ὁ@dgms πατήρ@ngmsp καί@cs ὁ@dgms υἱός@ngmsp οὐ@b ἄν@b γοῦν@b εὔχομαι@voam3s τις@rpnms λαμβάνω@vnaa-- παρά@p ὁ@dgms θεός@ngmsp καί@cs ὁ@dgmp ἄγγελος@ngmpc ἤ1@cs παρά@p τις@rpgns ὁ@dgnp ἄλλος@angnp- κτίσμα@ngnpc οὐ@b δέ@cs ἄν@b εἶπον@voaa3s τις@rpnms δίδωμι@nvfsp σύ@rpdms ὁ@dnms θεός@nnmsp καί@cs ὁ@dnms ἄγγελος@nnmsc ἀλλά@cs παρά@p πατήρ@ngmsp καί@b ὁ@dgms υἱός@ngmsp διά@p ὁ@dafs ἑνότης@nafsc καί@cs ὁ@dafs ἑνοειδής@anafs- δόσις@nafsc διά@p γάρ@b ὁ@dgms υἱός@ngmsp δίδωμι@vipe3s ὁ@dnnp δίδωμι@vppennp οὐδείς@rpnns δέ@b εἰμί@vipa3s ὅς@rpans μή@b διά@p υἱός@ngmsp ἐνεργέω@vipa3s ὁ@dnms πατήρ@nnmsp οὕτως@b γάρ@b καί@b ὁ@dnms λαμβάνω@vpaanms ἀσφαλής@anafs- ὁ@dafs χάρις@nafsc ἔχω@vipa3s εἰ@cs δέ@b ὁ@dnms πατριάρχης@nnmsc ἰακὼβ@nnmsp εὐλογέω@vppanms ὁ@damp ἔγγονος@nampc ἐφραῒμ@namsp καί@cs μανασσῆς@namsp λέγω3@viaa3s ὁ@dnms θεός@nnmsp ὁ@dnms τρέφω@vppanms ἐγώ@rpacs ἐκ@p νεότης@ngfsc ἐγώ@rpgcs ἕως@p ὁ@dgfs ἡμέρα@ngfsc οὗτος@rpgfs ὁ@dnms ἄγγελος@nnmsc ὁ@dnms ῥύομαι@vppenms ἐγώ@rpacs ἐκ@p πᾶς@angnp- ὁ@dgnp κακός@angnp- εὐλογέω@voaa3s ὁ@danp παιδίον@nanpc οὗτος@rpanp ’@cs οὐ@b ὁ@dgmp κτίζω@vpapgmp καί@cs ὁ@dafs φύσις@nafsc ἄγγελος@ngmpc εἰμί@vppagmp εἷς@ συνάπτω@vmpa2s ὁ@ddms κτίζω@vpaadms αὐτός@rpamp θεός@ndmsp οὐ@b δέ@cs ἀφίημι@vpaanms ὁ@dams τρέφω@vppaams αὐτός@rpams θεός@namsp παρά@p ἄγγελος@ngmsc ὁ@dafs εὐλογία@nafsc αἰτέω@viia3s ὁ@ddmp ἔγγονος@andmp- ἀλλά@cs ἐρῶ@vpranms ὁ@dnms ῥύομαι@vppenms ἐγώ@rpacs ἐκ@p πᾶς@angnp- ὁ@dgnp κακός@angnp- ,@dnms δείκνυμι@viaa3s μή@b ὁ@dgmp κτίζω@vpapgmp τις@rpams ἄγγελος@ngmpc ἀλλά@cs ὁ@dams λόγος@namsp εἰμί@vnpa-- ὁ@dgms θεός@ngmsp ὅς@rpams ὁ@ddms πατήρ@ndmsp συνάπτω@vppanms εὔχομαι@viie3s διά@p ὅς@rpgns καί@b ὅς@rpamp ἐάν@b ἐθέλω@vspe2s ῥύομαι@vipe3s ὁ@dnms θεός@nnmsp οὗτος@rpams γάρ@b καί@b μέγας@angfs- βουλή@ngfsc ἄγγελος@namsc ’@namsc ὁ@dgms πατήρ@ngmsp οἶδα@vpranms καλέω@vppeams οὐ@b ἄλλος@anams- ἤ1@cs αὐτός@rpams εἰμί@vnpa-- ὁ@dams εὐλογέω@vppaams καί@cs ῥύομαι@vppeams ἐκ@p ὁ@dgnp κακός@angnp- λέγω3@viia3s οὐ@b γάρ@b αὐτός@rpnms μέν@b παρά@p θεός@ngmsp ἀξιόω@viia3s εὐλογέω@vnpe-- ὁ@damp δέ@cs ἔκγονος@anamp- ἐθέλω@viia3s παρά@p ἄγγελος@ngmsc ἀλλά@cs ὅς@rpams αὐτός@rpnms παρακαλέω@viia3s λέγω3@vppanms ὁὐ@b μή@b σύ@rpacs ἀποστέλλω@vsaa1s ἐάν@cs μή@b ἐγώ@rpacs εὐλογέω@vsaa2s θεός@nnmsp δέ@b εἰμί@viia3s οὖτος@annms- ὡς@cs αὐτός@rpnms φημί@vipa3s εἶδον@viaa1s θεός@namsp πρόσωπον@nansc πρός@p πρόσωπον@nansc οὗτος@rpams εὐλογέω@vnaa-- καί@cs ὁ@damp υἱός@nampc ὁ@rpgms ἰωσήφ@ngmsp εὔχομαι@viie3s ἄγγελος@ngmsp μέν@b οὖν@b ἴδιος@annns- ὁ@dnns διακονέω@vnpa-- ὁ@ddfs ὁ@dgms θεός@ngmsp πρόσταξις@ndfsc πολλάκις@b δέ@b καί@b προπορεύω@vipe3s ἐκβάλλω@vnpa-- ὁ@dams ἀμοῤῥαῖος@namsp καί@cs πέμπω@vipe3s φυλάσσω@vnaa-- ὁ@dams λαός@namsc ἐν@p ὁ@ddfs ὁδός@ndfsc ἀλλά@b καί@b οὗτος@rpnnp οὐ@b εἰμί@vipa3s αὐτός@rpgms ὁ@dgms δέ@cs προστάσσω@vpaagms καί@cs ἀποστέλλω@vpaagms αὐτός@rpams θεός@ngmsp ὅς@rpgms καί@b ὁ@dnns ῥύομαι@vnpe-- εἰμί@vipa3s ὅς@rpamp ἄν@b αὐτός@rpnms ἐθέλω@vsaa3s ῥύομαι@vnpe-- διά@p οὗτος@rpans οὐ@b ἄλλος@annms- ἤ1@cs αὐτός@annms- κύριος@nnmsp ὁ@dnms θεός@nnmsp ὁ@dnms ὁράω@vpapnms εἶπον@viaa3s αὐτός@rpdms καί@cs ἰδού@b ἐγώ@rpnms μετά@p σύ@rpgcs διαφυλάσσω@vppanms σύ@rpa-s ἐν@p ὁ@ddfs ὁδός@ndfsc πᾶς@andfs- ὅς@cs ἄν@b πορεύω@vsap2s καί@b οὐ@b ἄλλος@rpnms ἀλλά@cs πάλιν@b ὁ@dnms θεός@nnmsp ὁ@dnms ὁράω@vpapnms ἐπέχω@viaa3s ὁ@dgms λάβαν@nnmsp ὁ@dafs ἐπιβουλή@nafsc κελεύω@vpaanms αὐτός@rpdms μή@b λαλέω@vnaa-- πονηρός@ananp- ὁ@ddms ἰακὼβ@ndmsp καί@b αὐτός@rpnms δέ@b οὐ@b ἄλλος@anams- ἤ1@cs ὁ@dams θεός@namsp παρακαλέω@viia3s λέγω3@vppanms ἐξαιρέω@vmam2s ἐγώ@rpacs ἐκ@p χείρ@ngfsc ὁ@dgms ἀδελφός@ngmsc ἐγώ@rpgcs ἀμαλήκ@nvmsp ὅτι@cs φοβέω@vipe1s αὐτός@rpams καί@b γάρ@b καί@b ὁ@ddfp γυνή@ndfpc ὁμιλέω@vppanms λέγω3@viia3s ὅτι@cs οὐ@b δίδωμι@viaa3s ὁ@dnms θεός@nnmsp ὁ@ddms λάβαν@namsp κακοποιέω@vnaa-- ἐγώ@rpacs"
"inc. et c. Ar._13","13@ διά@p οὗτος@rpans καί@b ὁ@dnms δαβίδ@nnmsp οὐ@b ἄλλος@rpams ἤ1@cs αὐτός@anams- ὁ@dams θεός@namsp παρακαλέω@viia3s περί@p ὁ@dgns ῥύομαι@vnap-- πρός@p σύ@rpacs κύριος@nvmsp ἐν@p ὁ@ddns θλίβω@vnpe-- ἐγώ@rpacs κράζω@viaa1s καί@cs ἐπακούω@viaa2s ἐγώ@rpgcs κύριος@nvmsp ῥύομαι@vmam2s ὁ@dafs ψυχή@nafsc ἐγώ@rpgcs ἀπό@p στόμα@angfp- ἄδικος@angnp- καί@cs ἀπό@p γλῶσσα@ngfsc δόλιος@angfs- ’@ οὗτος@rpdms καί@b ὁ@dafs χάρις@nafsc ἀνατίθημι@vppanms λαλέω@viaa3s καί@b ὁ@damp λόγος@nampc ὁ@dgfs ᾠδή@ngfsc ἐν@p ὁ@ddms ἑπτακαιδέκατος@andms- ψαλμός@ndmsc ἐν@p ἧ@andfs- ἡμέρα@ndfsc ῥύομαι@viam3s αὐτός@rpams ὁ@dnms κύριος@nnmsp ἐκ@p χείρ@ngfsc πόντος@vppagmp ὁ@dgmp ἐχθρός@ngmpc αὐτός@rpgms καί@cs ἐκ@p χείρ@ngfsc σαοὺλ@nnmsp καί@cs λέγω@viaa3s ἀγαπάω@vifa1s σύ@rpams κύριος@nvmsp ὁ@dnfs ἰσχύς@nnfsc ἐγώ@rpgcs κύριος@nnmsp στερέωμα@ngmsc ἐγώ@rpgms καί@b καταφυγή@nnfsc ἐγώ@rpgms καί@cs ῥύστη@nnfsc ἐγώ@rpgcs ὁ@dnms δέ@b παῦλος@nnmsp πολύς@anamp- διωγμός@nampc ὑπομένω@vpaanms οὐ@b ἄλλος@rpdns ἤ1@cs ὁ@ddms θεός@ndmsp εὐχαριστέω@viia3s λέγω3@vppanms ἐκ@p πᾶς@angmp- ἐγώ@rpafs ῥύομαι@viam3s ὁ@dnms κύριος@nnmsp καί@cs ῥύομαι@vifm3s εἰς@p ὅς@rpams ἐλπίζω@vira1p καί@b οὐ@b ἄλλος@rpnms δέ@b ἤ1@cs ὁ@dnms θεός@nnmsp εὐλογέω@viaa3s ὁ@dams ἀβραάμ@namsp καί@cs ὁ@dams ἀβραάμ@namsp καί@cs ὁ@dnms ἀβραάμ@nnmsp δέ@b ἐπεύχομαι@vppenms ὁ@ddms ἰακὼβ@ndmsp λέγω3@viia3s ὁ@dnms θεός@nnmsp ἐγώ@rpgcs εὐλογέω@voaa3s σύ@rpacs καί@cs αὐξάνω@voaa3s σύ@rpacs καί@cs πληθύνω@vipe2s σύ@rpacs καί@cs εἰμί@vifm2s εἰς@p συναγωγή@nafpc ἔθνος@ngnpc καί@b δίδωμι@voaa3s σύ@rpdcs ὁ@dafs εὐλογία@nafsc ἀβραάμ@ngmsp ὁ@dgms πατήρ@ngmsc ἐγώ@rpgcs εἰ@cs δέ@b οὐ@b ἄλλος@angns- τις@rpgns εἰμί@vipa3s ὁ@dnns εὐλογέω@vnpa-- καί@cs ὁ@dnns ῥύομαι@vnpe-- ἤ1@cs ὁ@dgms θεός@ngmsp καί@cs οὐ@b ἄλλος@annms- τις@rpnms εἰμί@viia3s ὁ@dnms ῥύομαι@vppenms ὁ@dams ἰακὼβ@namsp ἤ1@cs αὐτός@annms- ὁ@dnms κύριος@nnmsp ὁ@dams δέ@b ῥύομαι@vppeams αὐτός@rpams ὁ@dnms πατριάρχης@nnmsc ἐπικαλέω@viie3s ἐπί@p ὁ@damp ἔκγονος@anamp- δῆλος@annns- εἰμί@vipa3s ὡς@cs οὐ@b ἄλλος@rpams ἐν@p ὁ@ddfs εὐχή@ndfsc συνάπτω@viia3s ὁ@ddms θεός@ndmsp ἤ1@cs ὁ@dams οὗτος@rpgms λόγος@namsp ὅς@rpams διά@p οὗτος@rpans καί@b ἄγγελος@namsc καλέω@viaa3s ὅτι@cs μόνος@annms- οὗτος@rpnms εἰμί@vipa3s ὁ@dnms ἀποκαλύπτω@vppanms ὁ@dams πατήρ@namsp ὅσπερ@rpans καί@b ὁ@dnms ἀπόστολος@nnmsc ποιέω@viia3s λέγω3@vppanms χάρις@nnfsc σύ@rpdcp καί@cs εἰρήνη@nnfsc ἀπό@p θεός@ngmsp πατήρ@ngmsp ἐγώ@rpgmp καί@cs κύριος@ngmsp ἰησοῦς@ngmsp χριστός@ngmsp οὕτως@b γάρ@b καί@b ἀσφαλής@annfs- εἰμί@viia3s ὁ@dnfs εὐλογία@nnfsc διά@p ὁ@dans ἀδιαίρετος@anans- ὁ@dgms υἱός@ngmsp πρός@p ὁ@dams πατήρ@namsp καί@cs ὅτι@cs εἷς@annfs- καί@b ὁ@dnfs αὐτός@annfs- εἰμί@vipa3s ὁ@dnfs δίδωμι@vppenfs χάρις@nnfsc καί@b ἄν@cs γάρ@b ὁ@dnms πατήρ@nnmsp δίδωμι@vsaa3s διά@p ὁ@dgms υἱός@ngmsp εἰμί@vipa3s ὁ@dnns δίδωμι@vppenns καί@cs ἄν@cs ὁ@dnms υἱός@nnmsp λέγω3@vspe3s χαρίζω@vnpe-- ὁ@dnms πατήρ@nnmsp εἰμί@vipa3s ὁ@dnms διά@p ὁ@dgms υἱός@ngmsp καί@cs ἐν@p ὁ@ddms υἱός@ndmsp παραχώννυμι@vppanms εὐχαριστέω@vipa1s γάρ@b φημί@vipa3s ὁ@dnms ἀπόστολος@nnmsc γράφω@vppanms κορίνθιος@ndmpp ὁ@ddms θεός@ndmsp ἐγώ@rpgcs πάντοτε@b περί@p σύ@rpgmp ἐπί@p ὁ@ddfs χάρις@ndfsc ὁ@dgms θεός@ngmsp ὁ@ddfs δίδωμι@vpapdfs σύ@rpdcp ἐν@p χριστός@ndmsp ἰησοῦς@ngmsp οὗτος@rpans δέ@b καί@cs ἐπί@p φώς@ngmsc καί@cs ἀπαύγασμα@ngnsc ἄν@b τις@rpnms εἶδον@voaa3s καί@b γάρ@b ὅσπερ@rpnns φωτίζω@vipa3s ὁ@dnns φάος@nnnsc οὗτος@annns- ὁ@dnns ἀπαύγασμα@nnnsc καταυγάζω@vipa3s ὅσπερ@rpnns δέ@b καταυγάζω@vipa3s ὁ@dnns ἀπαύγασμα@nnnsc ἐκ@p ὁ@dgns φώς@ngmsc εἰμί@vipa3s ὁ@dnms φωτισμός@nnmsc οὔτως@b καί@b βλέπω@vppegms ὁ@dgms υἱός@ngmsp βλέπω@vipe3s ὁ@dnms πατήρ@nnmsp ὁ@dgms γάρ@b πατήρ@ngmsp εἰμί@vipa3s ὁ@dnns ἀπαύγασμα@nnnsc καί@cs οὕτως@b ὁ@dnms πατήρ@nnmsp καί@cs ὁ@dnms υἱός@nnmsp εἷς@ εἰμί@vipa3p"
"inc. et c. Ar._14","14@ οὗτος@rpans δέ@b ἐπί@p ὁ@dgmp γενητός@ngmpc καί@cs κτίσμα@ngnpc οὐ@b ἄν@b τις@rpnms εἶπον@voaa3s οὔτε@b γάρ@b ἐργάζομαι@vppegms ὁ@dgms πατήρ@ngmsp ἐργάζομαι@vipe3s τις@rpncs αὐτός@rpanp ὁ@dgmp ἄγγελος@ngmpc ἤ1@cs ἄλλος@rpnms τις@rpncs ὁ@dgnp κτίσμα@ngnpc οὐδείς@rpnns γάρ@b οὗτος@rpgnp ποιητικός@annns- αἴτιος@annns- εἰμί@vipa3s ἀλλά@cs ὁ@dgnp γίγνομαι@vppegnp εἰμί@vipa3p ἄλλως@b τε@cs καί@cs χωρίζω@vprenmp καί@cs διίστημι@vpranmp ὁ@dgns μόνος@angns- καί@cs ἄλλος@rpans ὁ@dafs φύσις@nafsc εἰμί@vppanmp καί@cs ἔργον@nanpc τυγχάνω@vppanmp οὐ@b τε@cs ὅσπερ@rpanp ἐργάζομαι@vipe3s ὁ@dnms θεός@nnmsp δύναμαι@vipe3p ἐργάζομαι@vnpe-- οὐ@b τε@cs καθά@p προεῖπον@viaa1s χαρίζομαι@vppegms ὁ@dgms θεός@ngmsp συγχαίρω@vnpe-- οὐ@b τε@cs βλέπω@vppegms ἄγγελος@ngmsc εἶπον@voaa3s ἄν@b τις@rpnms ὁράω@vnra-- ὁ@dams πατήρ@namsp ἄγγελος@nnmpp μέν@b γάρ@b ὡς@cs γράφω@vire3s λειτουργικός@ananp- πνεῦμα@nanpc εἰμί@vipa3p εἰς@p διακονία@nafsc ἀποστέλλω@vppenmp καί@cs ὁ@dafp παρά@p αὐτός@rpgms διά@p ὁ@dgms λόγος@ngmsp δωρεά@nafpc δίδωμι@vppeafp ἀπαγγέλλω@vppanmp εἰμί@vipa3p ὁ@ddmp λαμβάνω@vppadmp καί@b αὐτός@annms- δέ@b ὁ@dnms ἄγγελος@nnmsc ὁράω@vppenms ὁμολογέω@vipa3s ἀποστέλλω@vnre-- παρά@p ὁ@dgms δεσπότης@ngmsp ὡς@cs ἐπί@p ζαχαρίας@ngmsp ὁ@dnms γαβριήλ@nnmsp καί@cs ἐπί@p ὁ@dgfs θεοτόκος@ngmsp μαρία@ngfsp ὁ@dnms αὐτός@rpnms ὁμολογέω@viaa3s καί@cs ὁ@dnms βλέπω@vppanms δέ@b ἄγγελος@ngmpc ὀπτασία@nafsc οἶδα@vira3s ὅτι@cs ὁ@dams ἄγγελος@namsc εἶδον@viaa3s καί@cs οὐ@b ὁ@dams θεός@namsp εἶδον@viaa3s γάρ@x ζαχαρίας@nnmsp ἄγγελος@namsc εἶδον@viaa3s καί@b ἡσαΐας@nampp ὁ@dams κύριος@anams- εἶδον@viaa3s μανωέ@nnmsp ὁ@dnms πατήρ@nnmsc ὁ@dgms σαμψώμ@ngmsp ἄγγελος@namsc θεωρέω@viaa3s δέ@b καί@b μωσῆς@nnmsp ὁ@dams θεός@namsp εἶδον@viaa3s γεδεών@nnmsp ἄγγελος@namsc ὁράω@viap3s δέ@b καί@b ὁ@ddms ἀβραάμ@ndmsp ὁ@dnms θεός@nnmsp καί@cs οὐ@b τε@cs ὁ@dnms ὁ@dams θεός@namsp ὁράω@vppanms ἄγγελος@namsc βλέπω@viia3s οὐ@b τε@cs ὁ@dnms ὁ@dams ἄγγελος@namsc ὁράω@vppanms νομίζω@viia3s ὁ@dams θεός@namsp ὁράω@vppanms πολύς@anans- γάρ@b μᾶλλον@b δέ@b ὁ@dnns ὅλος@annns- διίστημι@vira3s ὁ@ddfs φύσις@ndfsc ὁ@dnnp γενητός@nnnpc πρός@p ὁ@dams κτίζω@vpaaams θεός@namsp εἰ@cs δέ@b καί@b ποτέ@b ὁράω@vpapgms ἄγγελος@ngmsc ὁ@dnms ὁράω@vppanms φωνή@ngfsc ἀκούω@viia3s θεός@ngmsp ὡς@cs ἐπί@p ὁ@dgfs βάτος@ngfsc γίγνομαι@vira3s ὁράω@viap3s γάρ@b ἄγγελος@nnmsc κύριος@ngmsp ἐν@p φλόξ@ndfsc πῦρ@ngnsc ἐκ@p ὁ@dgfs βάτος@ngfsc καί@cs καλέω@viaa3s κύριος@nnmsp μωσῆς@namsp ἐκ@p ὁ@dgfs βάτος@ngfsc λέγω3@vppanms ἐγώ@rpncs εἰμί@vipa1s ὁ@dnms θεός@nnmsp ὁ@dgms πατήρ@ngmsc σύ@rpgcs ὁ@dnms θεός@nnmsp ἀβραάμ@nnmsp καί@cs ὁ@dnms θεός@nnmsp ἀβραάμ@nnmsp καί@cs ὁ@dnms θεός@nnmsp ἰακὼβ@nnmsp ἀλλά@b οὐ@b εἰμί@viia3s ὁ@dnms ἄγγελος@nnmsc ὁ@dnms θεός@nnmsp ἀβραάμ@ngmsp ἐν@p δέ@b ἄγγελος@ndmsc λαλέω@vppanms εἰμί@viia3s ὁ@dnms θεός@nnmsp καί@cs ὁ@dnms μέν@b φαίνω@vppenms εἰμί@viia3s ἄγγελος@nnmsc ὁ@dnms δέ@b θεός@nnmsp ἐν@p αὐτός@andms- λαλέω@viia3s ὡς@cs γάρ@b ἐν@p στῦλος@ndmsc νεφέλη@ngfsc λαλέω@viia3s ὁ@ddms μωσῆς@ndmsp ἐν@p ὁ@ddfs σκηνή@ndfsc οὕτως@b καί@b ἐν@p ἄγγελος@ndmpc φαίνω@vipe3s λαλέω@vppanms ὁ@dnms θεός@nnmsp οὕτως@b καί@b ὁ@ddms ὁ@dgms νηλεύς@namsp διά@p ἄγγελος@ngmsc λαλέω@viia3s ὅς@rpanp δέ@b λαλέω@vipa3s ὁ@dnms θεός@nnmsp πρόδηλος@annns- ὅτι@cs διά@p ὁ@dgms λόγος@ngmsp λαλέω@vipa3s καί@cs οὐ@b διά@p ἄλλος@rpgms ὁ@dnms δέ@b λόγος@nnmsp οὐ@b χωρίζω@vprenms ὁ@dgms πατήρ@ngmsp οὐ@b δέ@cs ἀνόμοιος@annms- καί@cs ξένος@annms- ὁ@dgfs οὐσία@ngfsc ὁ@dgms πατήρ@ngmsp τυγχάνω@vppanms ὅς@rpdfs ἐργάζομαι@vipe3s οὗτος@rpnnp ὁ@dgms πατήρ@ngmsp εἰμί@vipa3s ἔργον@nnnpc καί@cs εἷς@anafs- ποιέω@vipa3s ὁ@dafs δημιουργία@nafsc καί@b ὅς@rpanp δίδωμι@vipa3s ὁ@dnms υἱός@nnmsp οὗτος@rpnnp ὁ@dgms πατήρ@ngmsp εἰμί@vipa3s ὁ@dnfs δόσις@nnfsc καί@cs ὁ@dnms ὁράω@vpranms ὁ@dams υἱός@namsp οἶδα@vira3s ὅτι@cs οὗτος@rpams ὁράω@vpranms οὐ@b ἄγγελος@namsc οὐ@b δέ@b μέγας@ananpc τις@rpams ὁ@dgmp ἄγγελος@ngmpc οὐ@b δέ@cs ὅλος@b τις@rpams ὁ@dgnp κτίσμα@ngnpc ἀλλά@cs αὐτός@anams- ὁράω@vira3s ὁ@dams πατήρ@namsp καί@b ὁ@dnms ὁ@dgms λόγος@ngmsp ἀκούω@vppanms οἶδα@vira3s ὅτι@cs ὁ@dgms πατήρ@ngmsp ἀκούω@vipa3s ὥσπερ@b καί@b ὁ@dnms ὁ@ddns ἀπαύγασμα@ndnsc καταυγάζω@vppenms οἶδα@vira3s ὅτι@cs καί@b ὑπό@p ἥλιος@ngmsc φωτίζω@vipe3s"
"inc. et c. Ar._15","οὕτως@b γάρ@b ἐγώ@rpamp βούλομαι@vppenfs νοέω@vnpa-- ὁ@dnfs θεῖος1@annfs- γραφή@nnfsc τοιοῦτος@ananp- ὁ@danp παράδειγμα@nanpc δίδωμι@vira3s ὡς@cs καί@b ἐν@p ὁ@ddmp πρότερος@andmp- ἐρῶ@vira1p ἐκ@p ὅς@rpgnp καί@b ὁ@damp προδότης@nampc ἰουδαῖος@nampp δυσωπέω@vnpa-- δύναμαι@vipe1p καί@cs ὁ@dafs ἕλλην@ngmpp διαλύω@vnpa-- κατηγορία@nafsc φάσκω@vppagmp καί@cs νομίζω@vppagmp διά@p ὁ@dafs τριάς@nafsp λέγω3@vnpa-- καί@b ἐγώ@rpamp πολύς@anamp- θεός@nampc οὐδέ@b γάρ@b ὥσπερ@cs καί@b ὁ@dnns παράδειγμα@nnnsc δείκνυμι@vipa3s τρεῖς@an---- ἀρχή@nafpc ἤ1@cs τρεῖς@an---- πατήρ@nampc εἰσάγω@vipa1p ὡς@cs ὁ@dnmp περί@p μαρκίων@namsp καί@cs μανιχαῖος@namsp ἐπεί@cs μη@b δέ@cs τρεῖς@ ἥλιος@ngfpc ὑποτίθημι@viam1p ὁ@dafs εἰκών@nafsc ἀλλά@cs ἥλιος@nansc καί@cs ἀπαύγασμα@nansc καί@cs εἷς@ ὁ@dans ἐκ@p ἥλιος@ngmsc ἐν@p ὁ@ddns ἀπαύγασμα@ndnsc φάος@nnnsc οὕτως@b εἷς@anafs- ἀρχή@nafsc οἶδα@vira1p ὁ@dams τε@b δημιουργός@namsc λόγος@namsp φάσκω@vipa1p οὐ@b ἕτερος@anams- τις@anams- τρόπος@namsc ἔχω@vnpa-- θεότης@ngfsc ἤ1@cs ὁ@dafs ὁ@dgms μόνος@angms- θεός@ngmsp διά@p ὁ@dans ἐκ@p αὐτός@rpgms φύω@vnra-- μᾶλλον@b μέν@b οὖν@b ὁ@dnmp ἀρειομανίτης@ngmsp δίκαιος@b ἄν@b ἔχω@vopa3p ὁ@dans ἔγκλημα@nansc ὁ@dgfs πολυθεότης@ngfsc ἤ1@cs καί@b ἀθεότης@ngfsc ὅτι@cs ἔξωθεν@b ὁ@dams υἱός@namsp κτίσμα@nansc καί@cs πάλιν@b ὁ@dans πνεῦμα@nansp ἐκ@p ὁ@dgns μή@b εἰμί@vppagns βαττολογέω@vipa3p ἤ1@rpanp γάρ@b οὐ@b εἰμί@vnpa-- θεός@namsp ὁ@dams λόγος@namsp φημί@vifa3p ἤ1@cs λέγω3@vppanmp θεός@namsp μέν@b διά@p ὁ@dans γράφω@vpreans μή@b ἴδιος@anans- δέ@b ὁ@dgfs οὐσία@ngfsc ὁ@dgms πατήρ@ngmsp πολύς@anamp- ἄν@b εἰσάγω@vopa3p διά@p ὁ@dans ἑτεροειδής@anans- αὐτός@rpgmp εἰ@cs μή@b ἄρα@b κατά@p μετοχή@nafsc ὥσπερ@cs καί@b ὁ@dnnp πᾶς@annnp- θεός@namsp λέγω3@vnpe-- καί@cs αὐτός@rpams λέγω3@vnpa-- τολμάω@vifa3p ἀλλά@cs καί@b οὗτος@rpans νομίζω@vppanmp ὅμοιος@b ἀσεβέω@vipa3p εἷς@ ὁ@dgmp πᾶς@angmp- λέγω3@vppanmp εἰμί@vnpa-- ὁ@dams λόγος@namsp ἐγώ@angmp- δέ@b οὗτος@rpans μη@b δέ@cs εἰς@p ὁ@dams νόος@namsc ποτέ@b εἰσέρχομαι@voaa3s εἷς@nnnsc γάρ@b εἶδος@nnnsc θεότης@ngfsc ὅσπερ@rpnns εἰμί@vipa3s καί@b ἐν@p ὁ@ddms λόγος@ndmsp καί@cs εἰμί@p θεός@nnmsp ὁ@dnms πατήρ@nnmsp ἐπί@p ἑαυτοῦ@rpdms εἰμί@vppanms κατά@p ὁ@dans ἐπί@p πᾶς@angmp- εἰμί@vnpa-- καί@cs ἐν@p ὁ@ddms υἱός@ndmsp δέ@b φαίνω@vppenms κατά@p ὁ@dans διά@p πᾶς@angmp- διήκω@vnpa-- καί@cs ἐν@p ὁ@ddms πνεῦμα@ndnsp δέ@b κατά@p ὁ@dans ἐν@p ἅπας@andmp- διά@p ὁ@dgms λόγος@ngmsp ἐν@p αὐτός@rpdms ἐνεργέω@vnpa-- οὕτως@b γάρ@b καί@b εἷς@anams- διά@p ὁ@dgfs τριάς@ngfsp ὁμολογέω@vipa1p εἰμί@vnpa-- ὁ@dams θεός@namsp καί@cs πολύς@anans- μᾶλλον@b εὐσεβής@anansc λέγω3@vipa1p ὁ@dgfs πολυειδής@angfs- καί@cs πολυμερής@angfs- ὁ@dgnp αἱρετικός@angnp- θεότης@ngfsc ὅτι@cs ὁ@dafs εἷς@anafs- ἐν@p τριάς@ndfsp θεότης@nafsc φρονέω@vipa1p"
"inc. et c. Ar._16","16@ εἰ@cs γάρ@b μή@b οὕτως@b ἔχω@vipa3s ἀλλά@cs ἐκ@p οὐ@b εἰμί@vppagnp εἰμί@vipa3s κτίσμα@nnnsc καί@cs ποίημα@nnnsc ὁ@dnms λόγος@nnmsp ἤ1@cs οὐ@b εἰμί@vipa3s θεός@nnmsp ἀληθινός@annms- διά@p ὁ@dans εἰμί@vnpa-- αὐτός@rpams εἷς@ ὁ@dgnp κτίσμα@ngnpc ἤ1@cs εἰ@cs θεός@namsp αὐτός@rpams ὀνομάζω@vipa3p ἐντρέπω@vppenmp παρά@p ὁ@dgfp γραφή@ngfpc ἀνάγκη@nnfsc λέγω3@vnpa-- αὐτός@rpamp δύο@ θεός@nampc εἷς@ μέν@b κτίστης@anams- ὁ@dams δέ@b ἕτερος@anams- κτιστός@anams- καί@cs δύο@ κύριος@ndmpc λατρεύω@vnpa-- εἷς@ μέν@b ἀγένητος@andms- ὁ@ddms δέ@b ἕτερος@andms- γενητός@andms- καί@cs κτίσμα@ndnsc δύο@an---- τε@b πίστις@nafpc ἔχω@vnpa-- εἷς@anafs- μέν@b εἰς@p ὁ@dams ἀληθινός@anams- θεός@namsp ἕτερος@anafs- δέ@b εἰς@p ὁ@dams ποιέω@vpapams καί@b πλάσσω@vpapams παρά@p αὐτός@rpgmp καί@cs λέγω3@vpapams θεός@namsp ἀνάγκη@nnfsp δέ@b αὐτός@rpamp οὕτως@b τυφλόω@vpapamp ὅτε@cs μέν@b προσκυνέω@vipa3p ὁ@ddms ἀγένητος@andms- κατανωτίζω@vnpe-- ὁ@dams γενητός@anams- ὅτε@cs δέ@cs προσέρχομαι@vipe3p ὁ@ddns κτίσμα@ndnsc ἀποστρέφω@vnpe-- ὁ@dams κτίστης@namsc οὐ@b γάρ@b εἰμί@vipa3s εἶδον@vnaa-- οὗτος@rpams ἐν@p ἐκεῖνος@rpdms διά@p ὁ@dans ξένος@anafp- καί@cs διάφορος@anafp- αὐτός@rpgmp εἰμί@vnpa-- ὁ@dafp τε@b φύσις@nafpc καί@cs ὁ@dafp ἐνέργεια@nafpc οὔτως@b δέ@x φρονέω@vppanmp πάντως@b καί@b πλείων@anampc συνάπτω@vifa3p θεός@nampc οὗτος@rpnns γάρ@b ὁ@dgmp ἐκπίτνω@vpaagmp ἀπό@p ὁ@dgms εἷς@ θεός@ngmsp ὁ@dnns ἐπιχείρημα@nnnsc διά@p τίς@rpans οὖν@b ὁ@dnmp ἀρειανός@nnmpp τοιοῦτος@rpanp λογίζομαι@vppenmp καί@cs νοέω@vppanmp οὐ@b συναριθμέω@vipa3p ἑαυτοῦ@rpamp μετά@p ὁ@dgmp ἕλλην@ngmpp καί@cs γάρ@b καί@b ἐκεῖνος@rpnmp ὥσπερ@cs καί@b οὗτος@rpnmp τῆ@ddfs κτίσις@ndfsc λατρεύω@vipa3p παρά@p ὁ@dams κτίζω@vpaaams ὁ@danp πᾶς@ananp- θεός@namsp ἀλλά@cs ὁ@dans μέν@b ὄνομα@nansc ὁ@dans ἑλληνικός@anans- φεύγω@vipa3p διά@p ὁ@dafs ὁ@dgnp ἀνόητος@angnp- ἀπάτη@nafsc ὁ@dafs δέ@b ὅμοιος@anafs- ἐκεῖνος@rpdmp διάνοια@nafsc ὑποκρίνομαι@vipe3p καί@cs γάρ@b καί@cs ὁ@dans σοφός@anans- αὐτός@rpgmp ὥσπερ@cs ἔθω@vira3p λέγω3@vnpa-- οὐ@b λέγω3@vipa1p δύο@ ἀγένητος@ananp- φαίνω@vipe3p πρός@p ἀπάτη@nafsc ὁ@dgmp ἀκέραιος@angmp- λέγω3@vppanmp φάσκω@vppanmp γάρ@b οὐ@b λέγω3@vipa1p δύο@ ἀγένητος@ananp- λέγω3@vipa3p δύο@ θεός@nampc καί@cs οὗτος@rpamp διάφορος@anamp- ἔχω@vppaamp ὁ@dafp φύσις@nafpc ὁ@dams μέν@b γενητός@namsc ὁ@dams δέ@b ἀγένητος@anams- εἰ@cs δέ@b ὁ@dnmp μέν@b ἕλλην@nnmpp εἷς@ndnsc ἀγένητος@andns- καί@cs πολύς@andmp- γενητός@andmp- λατρεύω@vipa3p οὗτος@rpnmp δέ@cs εἷς@andms- ἀγένητος@andms- καί@cs εἷς@andms- γενητός@andms- οὐ@b δέ@b οὕτως@b διαφέρω@vipa3p ἕλλην@ngmpp ὅς@dnms τε@cs γάρ@b παρά@p αὐτός@rpgmp λέγω3@vppenms γενητός@annms- εἷς@ ἐκ@p πολύς@angmp- εἰμί@vipa3s καί@cs ὁ@dnmp πολύς@annmp- δέ@b πάλιν@b ὁ@dgmp ἕλλην@ngmpp ὁ@dafs αὐτός@rpafs ὁ@ddms εἷς@ndnsc οὗτος@rpdms φύσις@nafsc ἔχω@vipa3p καί@cs οὗτος@rpnms γάρ@b καί@b ἐκεῖνος@rpnmp κτίσμα@nnnpc εἰμί@vipa3p ἄθλιος@nvmpp καί@cs πλείων@anansc ὅσος@anans- βλάπτω@viaa3p κατά@p χριστός@ngmsp φρονέω@vpaanmp ἐκπίτνω@viaa3p γάρ@b ὁ@dgfs ἀλήθεια@ngfsc καί@cs ὁ@dafs μέν@b ἰουδαῖος@ngmpp προδοσία@nafsc ὑπερβαίνω@viaa3p ἀρνέομαι@vppenmp ὁ@dams χριστός@namsp ὁ@ddmp δέ@cs ἕλλην@ndmpp σύνκυλίω@vipe3p κτίσμα@ndnsc καί@cs διάφορος@andmp- θεός@ndmpc λατρεύω@vppanmp ὁ@dnmp θεοστυγής@nnmpc εἰμί@nnmsp γάρ@b θεός@nnmsp εἰμί@vipa3s καί@cs οὐ@b πολύς@annmp- καί@cs εἷς@nnmsc ὁ@dnms οὗτος@rpgms λόγος@nnmsp καί@cs οὐ@b πολύς@annmp- θεός@annms- γάρ@x εἰμί@vipa3s ὁ@dnms λόγος@nnmsp καί@cs μόνος@annms- αὐτός@annms- ἔχω@vipa3s ὁ@dans πατρικός@anans- εἶδος@nansc ὅς@rpnms εἰμί@rpgnp αὐτός@annms- ὁ@dnms σωτήρ@nnmsp δυσωπέω@viia3s ὁ@damp ἰουδαῖος@nampp λέγω3@vppanms ὁ@dnms πέμπω@vpaanms ἐγώ@rpacs πατήρ@nnmsp ἐκεῖνος@rpnms μαρτυρέω@vira3s περί@p ἐγώ@rpgms οὐ@b τε@b φωνή@nafsc αὐτός@rpgms πώποτε@b ἀκούω@vira2p οὐ@b τε@cs εἶδος@nansc αὐτός@rpgms ὁράω@vira2p καί@b ὁ@dams λόγος@namsp αὐτός@rpgms οὐ@b ἔχω@vipa2p ἐν@p σύ@rpdmp μένω@vppaams ὅτι@cs ὅς@rpams ἀποστέλλω@viaa3s ἐκεῖνος@rpnms οὗτος@rpdms σύ@rpnmp οὐ@b πιστεύω@vipa2p ὁ@dams δέ@cs λόγος@namsp συνάπτω@viaa3s ὁ@rpdns εἶδος@vipa3s καλός@b ἵνα@cs δείκνυμι@vsaa3s ὅτι@cs ὁ@dnms ὁ@dgms θεός@ngmsp λόγος@nnmsp αὐτός@annms- καί@b εἰκών@nnmsc καί@b χαρακτήρ@nnmsc καί@cs εἶδος@nnnsc εἰμί@vipa3s ὁ@dgms πατήρ@ngmsp ἑαυτοῦ@rpgms καί@b ὅτι@cs ὁ@dnmp ὁ@dams λαλέω@vppaams μή@b δέχομαι@vpamnmp ἰουδαῖος@nnmpp οὐ@b δέχομαι@viam3p ὁ@dams λόγος@namsp ὅς@rpnms εἰμί@vipa3s ὁ@dnns εἶδος@nnnsc ὁ@dgms θεός@ngmsp οὗτος@rpans καί@b ὁ@dnms πατριάρχης@nnmsc ἰακὼβ@nnmsp ὁράω@vpranms εὐλογέω@viap3s καί@cs ἀντί@p ἰακὼβ@ngfsp ἰσραήλ@nnmsp καλέω@viap3s παρά@p αὐτός@rpgms ὡς@cs ὁ@dnfs θεῖος1@annfs- γραφή@nnfsc μαρτυρέω@vipa3s λέγω@vppanfs ἀνατέλλω@viia3s δέ@b ὁ@dnms ἥλιος@nnmsc αὐτός@rpdms ἡνίκα@cs παρέρχομαι@viaa3s ὁ@dans εἶδος@nansc ὁ@dgms θεός@ngmsp οὗτος@rpnns δέ@b εἰμί@viia3s ὁ@dnms λέγω3@vppanms ὁ@dnms ἐγώ@rpacs ὁράω@vpranms ὁράω@viia3s ὁ@dams πατήρ@namsp καί@cs ἐγώ@rpncs ἐν@p ὁ@ddms πατήρ@ndfsp καί@cs ὁ@dnms πατήρ@nnmsp ἐν@p ἐγώ@rpdcs εἰμί@vipa3s καί@b ἐγώ@rpncs καί@cs ὁ@dnms πατήρ@nnmsp εἷς@ εἰμί@vipa1p ’@ οὕτως@b γάρ@b εἷς@annms- εἰμί@vipa3s ὁ@dnms θεός@nnmsp καί@cs εἷς@ ὁ@dnfs εἰς@p ὁ@dams πατήρ@namsp καί@cs υἱός@namsp πίστις@nnfsc καί@cs γάρ@b ὁ@dgms λόγος@ngmsp εἰμί@vppagms θεός@ngmsp πάλιν@b κύριος@nnmsp ὁ@dnms θεός@nnmsp ἐγώ@rpgcp κύριος@nnmsp εἷς@ εἰμί@vipa3s ὁ@dgns γάρ@b εἷς@angns- ἴδιος@annms- καί@cs ἀδιαίρετος@annms- εἰμί@vipa3s ὁ@dnms υἱός@nnmsp κατά@p ὁ@dafs ἰδιότης@nafsc καί@cs οἰκειότης@nafsc ὁ@dgfs οὐσία@ngfsc"
"inc. et c. Ar._17","17@ ἀλλά@cs οὐ@b δέ@b οὕτως@b ἐντρέπω@vpapnmp ὁ@dnmp ἀρειανός@nnmpp φημί@vipa3p οὐ@b ὡς@b σύ@rpnmp λέγω3@vipa2p ἀλλά@cs ὡς@b ἐγώ@rpnmp ἐθέλω@vipa1p ἀνατρέπω@vppagmp γάρ@b σύ@rpgmp ὁ@dafp πρότερος@anafp- ἐγώ@rpgmp ἐπίνοια@nafpc ἐφευρίσκω@viaa1p καινός@anafsc καί@cs λέγω3@vipa1p οὕτως@b εἰμί@vipa3s ὁ@dnms υἱός@nnmsp καί@cs ὁ@dnms πατήρ@nnmsp εἷς@ καί@cs οὕτως@b εἰμί@vipa3s ὁ@dnms πατήρ@nnmsp ἐν@p ὁ@ddms υἱός@ndmsp καί@cs ὁ@dnms υἱός@nnmsp ἐν@p ὁ@ddns πατήρ@ndnsp ὡς@cs ἄν@b καί@b ἐγώ@rpnmp ἐν@p αὐτός@rpdns γίγνομαι@voam1p οὗτος@rpnns γάρ@b ἐν@p ὁ@ddns κατά@p ἰώαννης@namsp εὐαγγέλιον@ndnsc γράφω@vire3s ὅσπερ@rpans περί@p ἐγώ@rpgmp ὁ@dnms χριστός@nnmsp ἀξιόω@viia3s λέγω3@vppanms πατήρ@nvmsp ἅγιος@anvms- φυλάσσω@vmaa2s αὐτός@rpamp ἐν@p ὁ@ddns ὄνομα@ndnsc σύ@rpgcs ὅς@rpanp δίδωμι@vira2s ἐγώ@rpdms ἵνα@cs εἰμί@vspa3s εἷς@ καθώς@b καί@b ἐγώ@rpncp καί@b πάλιν@b μετά@p ὀλίγος@annnp- ὁὐ@b περί@p οὗτος@rpgnp δέ@b ἐρωτάω@vipa1s μόνος@b ἀλλά@cs καί@b περί@p ὁ@dgmp πιστεύω@vppagmp διά@p ὁ@dgms λόγος@ngmsc αὐτός@rpgmp εἰς@p ἐγώ@rpams ἵνα@cs πᾶς@annmp- εἷς@ εἰμί@vspa3s καθώς@b σύ@rpnms πατήρ@nvmsp ἐν@p ἐγώ@rpdms καί@cs ἐγώ@rpnms ἐν@p σύ@rpdms ἵνα@cs καί@b αὐτός@rpnmp ἐν@p ἐγώ@rpdmp εἷς@nnnsc εἰμί@vspa3s ἵνα@cs ὁ@dnms κόσμος@nnmsc πιστεύω@vsaa3s ὅτι@cs σύ@rpncs ἐγώ@rpacs ἀποστέλλω@viaa2s καί@b ἐγώ@rpnms ὁ@dafs δόξα@nafsc ὅς@rpafs δίδωμι@vira2s ἐγώ@rpdms δίδωμι@vira1s αὐτός@rpdmp ἵνα@cs εἰμί@vspa3s εἷς@ καθώς@cs καί@b ἐγώ@rpnmp εἷς@ εἰμί@vipa1p ἐγώ@rpnms ἐν@p αὐτός@rpdmp καί@cs σύ@rpnms ἐν@p ἐγώ@rpdms ἵνα@cs εἰμί@vspa3p τελειόω@vprenmp εἰς@p εἷς@ καί@cs ἵνα@cs γιγνώσκω@vspa3s ὁ@dnms κόσμος@nnmsc ὅτι@cs σύ@rpncs ἐγώ@rpams ἀποστέλλω@viaa2s εἶτα@b ὥσπερ@cs εὑρίσκω@vpaanmp πρόφασις@nafsc ἐπιλέγω@vipa3p ὁ@dnmp δόλιος@annmp- οὗτος@rpanp εἰ@cs ὥσπερ@cs ἐγώ@rpnmp ἐν@p ὁ@ddms πατήρ@ndnsp γίγνομαι@vipe1p εἷς@ οὕτως@b καί@cs αὐτός@rpnms καί@cs ὁ@dnms πατήρ@nnmsp εἷς@ εἰμί@vipa3s καί@cs οὕτως@b ἐν@p ὁ@ddns πατήρ@ndmsp εἰμί@vipa3s καί@b αὐτός@rpnms πῶς@b σύ@rpncp ἐκ@p ὁ@dgns λέγω3@vnpa-- αὐτός@rpams ἐγώ@rpncs καί@cs ὁ@dnms πατήρ@nnmsp εἷς@ εἰμί@vipa1p καί@cs ἐγώ@rpncs ἐν@p ὁ@ddns πατήρ@ndnsp καί@cs ὁ@dnms πατήρ@nnmsp ἐν@p ἐγώ@rpdcs ἴδιος@anams- καί@cs ὅμοιος@anams- ὁ@dgfs ὁ@dgms πατήρ@ngmsp οὐσία@ngfsc αὐτός@rpams φάσκω@vipa2p ἀνάγκη@nnfsc γάρ@b ἤ1@b καί@b ἐγώ@rpamp ἴδιος@anamp- εἰμί@vnpa-- ὁ@dgfs οὐσία@ngfsc ὁ@dgms πατήρ@ngmsp ἤ1@cs καί@b ἐκεῖνος@rpams ἀλλότριος@anams- εἰμί@vnpa-- ὥσπερ@cs καί@b ἐγώ@rpnmp εἰμί@vipa1p ἀλλότριος@annmp- οὗτος@ananp- μέν@x ἐκεῖνος@annmp- ληρέω@vppanmp φλυαρέω@vipa3p ἐγώ@rpncs δέ@b οὐδείς@rpans ἕτερος@anans- ἐν@p ὁ@ddfs τοιοῦτος@rpdfs αὐτός@rpgmp κακοβουλία@ndfsc βλέπω@vipa1s ἤ1@cs ἀλόγιστος@anafs- τόλμα@nafsc καί@cs διαβολικός@anafs- ἀπόνοια@nafsc λέγω3@vppagmp καί@cs αὐτός@rpgmp κατά@p ἐκεῖνος@rpams εἰς@p ὁ@dams οὐρανός@namsc ἀναβαίνω@vifm1p εἰμί@vifm1p ὅμοιος@annmp- ὁ@ddns ὕψιστος@andns- ὁ@danp γάρ@b κατά@p χάρις@nafsc δίδωμι@vppeanp ὁ@ddmp ἄνθρωπος@ndmpc οὗτος@rpanp ἐθέλω@vipa3p ἴσος@ananp- ὁ@dgfs ὁ@dgms δίδωμι@vppagms εἰμί@vnpa-- θεότης@ngfsc ἀκούω@vppanmp γοῦν@b υἱός@nampc χρηματίζω@vppaamp ὁ@damp ἄνθρωπος@nampc νομίζω@viaa3p καί@b ἑαυτοῦ@rpamp ἴσος@anamp- εἰμί@vnpa-- ὁ@dgms ἀληθινός@angms- καί@cs φύσις@ndfsc υἱός@ngmsp καί@b νῦν@b πάλιν@b ἀκούω@vppanmp ὁ@dgms σωτήρ@ngmsp ἵνα@cs εἰμί@vspa3p εἷς@ καθώς@cs καί@b ἐγώ@rpnmp πλανάω@vipa3p ἑαυτοῦ@rpamp καί@cs θρασύνω@vppenmp νομίζω@vipa3p οὕτως@b εἰμί@vnfm-- ἑαυτοῦ@rpamp ὡς@cs εἰμί@vipa3s ὁ@dnms υἱός@nnmsp ἐν@p ὁ@ddms πατήρ@ndnsp καί@cs ὁ@dnms πατήρ@nnmsp ἐν@p ὁ@ddms υἱός@ndmsp οὐ@b ὁράω@vppanmp ὁ@dans ἐκ@p ὁ@dgfs τοιοῦτος@angfs- οἴησις@ngfsc γίγνομαι@vpamans ὁ@dgms πατήρ@ngmsc αὐτός@rpgmp ὁ@dgms διάβολος@ngmsc πτῶμα@nansc"
"inc. et c. Ar._18","18@ εἰ@cs μέν@b οὖν@b ὡς@cs πολλάκις@b εἶπον@viaa1p ὁ@dnms αὐτός@rpnms εἰμί@vipa3s ἐγώ@rpdmp ὁ@dnms ὁ@dgms θεός@ngmsp λόγος@nnmsp καί@cs οὐδείς@rpans ἐγώ@rpgmp διαφέρω@vipa3s ἤ1@cs χρόνος@ndmsc εἰμί@vmpa3s ἐγώ@rpdmp ὅμοιος@annms- καί@cs ὁ@dafs αὐτός@anafs- ἔχω@vmpa3s χώρα@nafsc παρά@p ὁ@ddms πατήρ@ndmsp ὅς@rpafs καί@b ἐγώ@rpncp ἔχω@vipa1p καί@cs μή@b τε@cs μονογενής@annms- μή@b τε@cs μόνος@annms- λόγος@nnmsp ἤ1@cs σοφία@nnfsp ὁ@dgms πατήρ@ngmsp λέγω@vmpe3s ἀλλά@b κοινός@annns- εἰμί@vmpa3s κατά@p πᾶς@angmp- ἐγώ@rpgmp ὁ@dgmp ὅμοιος@angmp- ὁ@dnns αὐτός@rpnns ὄνομα@nnnsc δίκαιος@annns- γάρ@b ὅς@rpgnp εἰμί@vipa3s φύσις@nnfsc εἷς@ οὗτος@rpgfp εἰμί@vnpa-- καί@cs ὁ@dans ὄνομα@nansc κοινός@anans- καί@b ἄν@cs ὁ@ddmp χρόνος@ndmpc ἀλλήλων@rpgmp διαφέρω@vspa3p ἄνθρωπος@nnmsp γάρ@b ὁ@dnms ἀδάμ@nnmsp ἄνθρωπος@nnmsc δέ@b καί@b ὁ@dnms παῦλος@nnmsp ἄνθρωπος@nnmsc δέ@b καί@b ὁ@dnms νῦν@b γίγνομαι@vpamnms καί@b οὐ@b ὁ@dnms χρόνος@nnmsc ἀλλοιόω@vipa3s ὁ@dafs φύσις@nafsc ὁ@dgns γένος@ngnsc εἰ@cs τοίνυν@b καί@b ὁ@dnms λόγος@nnmsp χρόνος@ndmsc μόνος@b ἐγώ@rpgmp διαφέρω@vipa3s δεῖ@viia3s καί@b ἐγώ@rpamp ὡς@p ἐκεῖνος@rpams εἰμί@vnpa-- ἀλλά@cs οὐ@b τε@cs ἐγώ@rpnmp λόγος@nnfsp ἤ1@cs σοφία@nnfsp οὐ@b τε@cs ἐκεῖνος@rpnms κτίσμα@nnnsc ἤ1@cs ποίημα@nnnsc τυγχάνω@vipa3s εἰμί@rpgnp ἐπεί@b διά@p τίς@rpans ὁ@dnmp πᾶς@annmp- ἐκ@p ὁ@dgns εἷς@ γίγνομαι@vira1p καί@cs μόνος@annms- εἰμί@vipa3s αὐτός@annms- λόγος@nnmsp ἀλλά@cs γάρ@b εἰ@cs καί@cs ἐκεῖνος@rpamp λέγω3@vnpa-- τοιοῦτος@rpanp πρέπω@vipa3s ἀλλά@cs ’@cs ἐγώ@rpdcp ἀπρεπής@annns- ἐνθυμέομαι@vnpe-- ὁ@dafp ἐκεῖνος@rpgmp βλασφημία@nafpc καί@b εἰ@cs καί@b οὐ@b δέ@cs πολυπραγμονέω@vnpe-- τις@rpans ὁ@dgnp ῥητός@angnp- χρή@viia3s πρός@p ὁ@dafs οὕτως@b φανερός@anafs- καί@cs εὐσεβής@andfs- διάνοια@nafsc καί@cs ὁ@dafs ἐν@p ἐγώ@rpdmp ὀρθός@anafs- πίστις@nafsc ὅμως@b ἵνα@cs καί@b ἐντεῦθεν@b δείκνυμι@vsap3p ἀσεβής@annmp- φέρω@vmpa2s σύντομος@b ὡς@cs παρά@p ὁ@dgmp πατήρ@ngmpc μανθάνω@vira1p ἐκ@p ὁ@dgns ῥητός@angns- ὁ@dafs ἑτεροδοξία@nafsc ἐκεῖνος@rpgmp ἐλέγχω@vsaa1p ἔθος@nnnsp ὁ@ddfs θεῖος2@andfs- γραφή@ndfsc ὁ@danp κατά@p φύσις@nafsc εἰμί@vppaanp πρᾶγμα@nanpc οὗτος@rpanp ὁ@ddmp ἄνθρωπος@ndmpc εἰς@p εἰκών@nafpc καί@cs παράδειγμα@nanpc λαμβάνω@vnpa-- οὗτος@rpans δέ@b ποιέω@vipa3s ἵνα@cs ἐκ@p ὁ@dgnp κατά@p φύσις@nafsc ἐκεῖνος@rpgmp ὁ@dnnp ἐκ@p προαίρεσις@ngfsc φαίνω@vspe3s ὁ@dgmp ἄνθρωπος@ngmpc κίνημα@nnnpc καί@b οὕτως@b ἤ1@b φαῦλος@annms- ἤ1@cs δίκαιος@annms- ὁ@dnms οὗτος@rpgmp δείκνυμι@vipe3s τρόπος@nnmsc ἐπί@p μέν@b οὖν@b ὁ@dgmp φαῦλος@angmp- ὡς@cs ἐάν@cs παραγγέλλω@vsaa3s μή@b γίγνομαι@vmam2p ὡς@cs ἵππος@nnmsc καί@cs ἡμίονος@nnmsc ὅς@rpdmp οὐ@b εἰμί@vipa3s σύνεσις@nnfsc ἤ1@cs καί@cs ὅταν@cs μέμφομαι@vppenms ὁ@damp οὕτως@b γίγνομαι@vpamamp λέγω3@vspa3s ἄνθρωπος@nnmsp ἐν@p τιμή@ndfsc εἰμί@rpgnp οὐ@b συνίημι@viia3s παρασυνβάλλω@viap3s ὁ@ddnp κτῆνος@ndnpc ὁ@ddnp ἀνόητος@andnp- καί@cs ὁμοιόω@viap3s αὐτός@rpdmp καί@b πάλιν@b ἵππος@nnmpc θηλυμανής@annmp- γίγνομαι@viap3p καί@cs ὁ@dnms σωτήρ@nnmsp δέ@b ὁ@dams μέν@b ἡρώδης@namsp δείκνυμι@vppanms ὁποῖος@rpnms εἰμί@vipa3s λέγω3@viia3s εἶπον@vmaa2p ὁ@ddfs ἀλώπηξ@ndfsc οὗτος@rpdfs ὁ@ddmp δέ@b μαθητής@ndmpc παραγγέλλω@viaa3s ἰδού@nvmsp ἀποστέλλω@vipa1s σύ@rpa-p ὡς@cs πρόβατον@nanpc ἐν@p μέσος@andns- λύκων@vppanms γίγνομαι@vmpe2p οὖν@b φρόνιμος@annmp- ὡς@cs ὁ@dnmp ὄφις@nnmpc καί@cs ἀκέραιος@annfp- ὡς@cs ὁ@dnfp περιστερά@nnfpc λέγω3@viia3s δέ@b οὗτος@rpans οὐ@b ἵνα@cs ὁ@ddfs φύσις@ndfsc γίγνομαι@vsam1p κτῆνος@nnnpc ἤ1@cs γίγνομαι@vsam1p ὄφις@nnfpc καί@cs περιστερά@nnfpc οὐ@b γάρ@b οὕτως@b ἐγώ@rpamp αὐτός@annms- ποιέω@vira3s διό@b οὐ@b δέ@b οὗτος@rpans οἶδα@vira3s ὁ@dnfs φύσις@nnfsc ἀλλά@b ἵνα@cs ἐγώ@rpncp ὁ@dgmp μέν@b ὁ@dafp ἄλογος@anafp- ὁρμή@nafpc φεύγω@vspa1p ὁ@dgns δέ@b ὁ@dans φρόνιμος@anans- ἵνα@cs γιγνώσκω@vppanmp μή@b ἀπατάω@vspe1p παρά@p αὐτός@rpgms καί@cs ὁ@dgfs περιστερά@ngfsc ὁ@dans πρᾶος@anans- ἀναλαμβάνω@vsaa1p"
"inc. et c. Ar._19","19@ ἐπί@p δέ@b ὁ@dgnp θεῖος2@ngnpc πάλιν@b εἰκών@nafpc ὁ@ddmp ἄνθρωπος@ndmpc λαμβάνω@vppanms φημί@vipa3s ὁ@dnms σωτήρ@nnmsp γίγνομαι@vmpe2p οἰκτίρμων@anvmp- ὡς@cs ὁ@dnms πατήρ@nnmsp σύ@rpgcp ὁ@dnms ἐν@p ὁ@ddmp οὐρανός@ndmpc οἰκτίρμων@annms- εἰμί@vipa3s καί@cs εἰμί@vifm2p σύ@rpnmp τέλειος@annmp- ὡς@cs ὁ@dnms πατήρ@nnmsp σύ@rpgcp ὁ@dnms οὐράνιος@annms- τέλειος@annms- εἰμί@vipa3s λέγω3@viia3s δέ@b καί@b οὗτος@rpans οὐ@b ἵνα@cs γιγνώσκω@vspe1p πάλιν@b ὡς@cs ὁ@dnms πατήρ@nnmsp γίγνομαι@vnam-- γάρ@b ἐγώ@rpamp ὡς@cs ὁ@dnms πατήρ@nnmsp ἀδύνατος@annns- κτίσμα@nansc εἰμί@vppaamp καί@cs ἐκ@p ὁ@dgns μή@b εἰμί@vppagns εἰς@p ὁ@dans εἰμί@vnpa-- γίγνομαι@vpamamp ἀλλά@cs ὥσπερ@cs οὐ@b ἵνα@cs μή@b γίγνομαι@vsam1p κτῆνος@nnnpc παραγγέλλω@viaa3s μή@b γίγνομαι@vsam2p ὡς@cs ἵππος@nnmsc ἵνα@cs δέ@b μή@b ὁ@dans ἄλογος@anans- ἐκεῖνος@rpgnp μιμέομαι@vsam1p οὕτως@b οὐ@b ἵνα@cs γίγνομαι@vsam1p ὡς@cs ὁ@dnms θεός@nnmsp λέγω3@vmpa2s γίγνομαι@vmpe2p οἰκτίρμων@annmp- ὡς@cs ὁ@dnms πατήρ@nnmsp ἀλλά@cs ἵνα@cs πρός@p ὁ@dafp εὐεργεσία@nafpc ἐκεῖνος@rpgms βλέπω@vppanmp ὅς@rpanp ποιέω@vipa1p καλός@ananp- μή@b διά@p ἄνθρωπος@nampc ἀλλά@cs διά@p αὐτός@rpams ποιέω@vspa1p ὥστε@cs παρά@p αὐτός@rpgms καί@cs μή@b παρά@p ἄνθρωπος@ngmpc ὁ@dams μισθός@namsc ἔχω@vnpa-- ὡς@cs γάρ@x εἷς@ εἰμί@vppagms υἱός@ngmsp φύσις@ndfsc καί@cs ἀληθινός@angms- καί@cs μονογενής@angms- γίγνομαι@vipe1p καί@cs ἐγώ@rpncp υἱός@nnmpc οὐ@b ὡς@cs ἐκεῖνος@annms- φύσις@ndfsc καί@cs ἀλήθεια@ndfsc ἀλλά@cs κατά@p χάρις@nafsc ὁ@dgms καλέω@vpaagms καί@cs ἄνθρωπος@nnmpc τυγχάνω@vppanmp ἀπό@p γῆ@ngfsc θεός@nvmpc χρηματίζω@vipa1p οὐ@b ὡς@cs ὁ@dnms ἀληθινός@annms- θεός@nnmsp ἤ1@cs ὁ@dnms οὗτος@rpgms λόγος@nnmsp ἀλλά@cs ὡς@cs ἐθέλω@viaa3s ὁ@dnms οὗτος@rpans χαρίζομαι@vpamnms θεός@nnmsp οὕτως@b καί@b ὡς@b ὁ@dnms θεός@nnmsp οἰκτίρμων@annmp- γίγνομαι@vipe1p οὐ@b ἐξισόω@vpfmnmp ὁ@ddms θεός@ndmsp οὐ@b δέ@cs φύσις@ndfsc καί@cs ἀληθινός@annmp- εὐεργέτης@nnmpc γίγνομαι@vppenmp οὐ@b γάρ@b ἐγώ@rpgmp εὕρεμα@nnnsc ὁ@dnns εὐεργετέω@vnpa-- ἀλλά@cs ὁ@dgms θεός@ngmsp ἵνα@cs δέ@b ὁ@danp παρά@p αὐτός@angms- ὁ@dgms θεός@ngmsp κατά@p χάρις@nafsc εἰς@p ἐγώ@rpamp γίγνομαι@vpamanp οὗτος@rpanp καί@b ἐγώ@rpncp μεταδίδωμι@vspa1p εἰς@p ἕτερος@anamp- μή@b διακρίνω@vppenmp ἁπλῶς@b δέ@cs εἰς@p πᾶς@anamp- ἐκτείνω@vppanmp ὁ@dafs εὐποιία@nafsc κατά@p οὗτος@rpans γάρ@b μόνος@b δύναμαι@vipe1p πως@b αὐτός@rpgms μιμητής@nnmpc γίγνομαι@vnam-- καί@cs οὐ@b ἄλλως@b ὅτι@cs ὁ@danp παρά@p αὐτός@rpgms διακονέω@vipa1p ἀλλήλων@rpdmp ὥσπερ@cs δέ@b οὗτος@rpanp καλός@b καί@cs ὀρθός@b διανοέω@vipe1p οὕτως@b καί@b ὁ@dnns κατά@p ἰώαννης@namsp ἀνάγνωσμα@nnnsc ὁ@dafs αὐτός@anafs- ἔχω@vipa3s διάνοια@nafsc οὐ@b γάρ@b ὡς@cs εἰμί@vipa3s ὁ@dnms υἱός@nnmsp ἐν@p ὁ@ddms πατήρ@ndnsp οὕτως@b ἵνα@cs καί@b ἐγώ@rpncp γίγνομαι@vsam1p φημί@vipa3s πόθεν@b ὅπου@b γε@b ὁ@dnms μέν@b λόγος@nnmsp καί@cs σοφία@nnfsp ὁ@dgms θεός@ngmsp εἰμί@vipa3s ἐγώ@rpnmp δέ@x ἐκ@p γῆ@ngfsc πλάσσω@viap1p καί@b ὁ@dnms μέν@b φύσις@ndfsc καί@cs ὁ@ddfs οὐσία@ndfsc λόγος@nnmsp καί@cs θεός@nnmsp ἀληθινός@annms- εἰμί@vipa3s οὕτως@b γάρ@b καί@cs ὁ@dnms ἰώαννης@nnmsp φημί@vipa3s οἶδα@vira1p ὅτι@cs ὁ@dnms υἱός@nnmsp ὁ@dgms θεός@ngmsp ἥκω@vipa3s καί@cs δίδωμι@viaa3s ἐγώ@rpdmp διάνοια@nafsc ἵνα@cs γιγνώσκω@vspa1p ὁ@dams ἀληθινός@anams- θεός@namsp καί@b εἰμί@vipa1p ἐν@p ὁ@ddns ἀληθινός@andns- ἐν@p ὁ@ddms υἱός@ndmsp αὐτός@rpgms ἰησοῦς@ngmsp χριστός@ndmsp οὗτος@rpnms εἰμί@vipa3s ὁ@dnms ἀληθινός@annms- θεός@nnmsp καί@cs ὁ@dnfs ζωή@nnfsc ὁ@dnfs αἰώνιος@annfs- ἐγώ@rpnmp δέ@b θέσις@ndfsc καί@cs χάρις@ndfsc υἱοποιέω@vipe1p διά@p αὐτός@rpgms μετέχω@vppanmp ὁ@dgns πνεῦμα@ngnsp αὐτός@rpgms ὅσος@rpnmp γάρ@b φημί@vipa3s λαμβάνω@viaa3p αὐτός@rpams δίδωμι@viaa3s αὐτός@rpdmp ἐξουσία@nafsc τέκνον@nanpc θεός@ngmsp γίγνομαι@vnam-- ὁ@ddmp πιστεύω@vppadmp εἰς@p ὁ@dans ὄνομα@nansc αὐτός@rpgms διό@b καί@b αὐτός@rpnms μέν@b εἰμί@vipa3s ὁ@dnfs ἀλήθεια@nnfsc λέγω3@vppanms ἐγώ@rpncs εἰμί@vipa1s ὁ@dnfs ἀλήθεια@nnfsc ὅτε@cs καί@b ὁ@ddms πατήρ@ndmsp αὐτός@rpgms προσομιλέω@vppanms λέγω3@viia3s ἁγιάζω@vmaa2s αὐτός@rpamp ἐν@p ὁ@ddfs ἀλήθεια@ndfsc σύ@rpgcs ὁ@dnms λόγος@nnmsp ὁ@dnms σός@annms- ἀλήθεια@nnfsc εἰμί@vipa3s ἐγώ@rpnmp δέ@b κατά@p μίμησις@nafsc γίγνομαι@viie1p ἐνάρετος@annmp- καί@cs υἱός@nnmpc"
"inc. et c. Ar._20","οὐκοῦν@b οὐ@b ἵνα@cs ὡς@cs αὐτός@rpnms γιγνώσκω@vipe1p λέγω3@viia3s ἵνα@cs εἰμί@vspa3p εἷς@ καθώς@cs καί@b ἐγώ@rpncp ἀλλά@cs ἵνα@cs ὥσπερ@cs ἐκεῖνος@rpnms λόγος@nnmsp εἰμί@vppanms εἰμί@vipa3s ἐν@p ὁ@ddfs ἴδιος@andfs- πατήρ@ndfsp οὕτως@b ἵνα@cs καί@b ἐγώ@rpn-p τύπος@namsc τις@rpacs λαμβάνω@vpaanmp καί@cs εἰς@p ἐκεῖνος@rpams βλέπω@vppanmp γίγνομαι@vsam1p εἷς@ πρός@p ἀλλήλων@rpamp ὁ@ddfs ὁμοψυχία@andfs- χῖος@ndfsp καί@cs ὁ@ddfs ὁ@dgns πνεῦμα@ngnsc ἑνότης@ndfsc μή@b διαφωνέω@vspa1p τε@vspa2p ὡς@cs ὁ@dnmp κορίνθιος@nnmpp ὁ@dans αὐτός@rpans δέ@b φρονέω@vspa1p ὡς@cs ὁ@dnmp ἐν@p ὁ@ddfp πρᾶξις@ndfpp πεντακισχίλιοι@annmp- ὅστις@rpnmp ὡς@cs εἰμί@vipa2s τυγχάνω@viia3p εἰμί@vppanmp ὡς@b γάρ@x υἱός@nnmpc οὐ@b ὡς@b ὁ@dnms υἱός@nnmsp καί@b θεός@nnmpc οὐ@b ὡς@b αὐτός@annms- καί@cs οἰκτίρμων@annmp- ὡς@cs ὁ@dnms πατήρ@nnmsp οὐ@b ὡς@cs ὁ@dnms πατήρ@nnmsp ἀλλά@ngmsp ὥσπερ@cs ἐρῶ@vire3s οὕτως@b γίγνομαι@vppenmp εἷς@ καθώς@cs ὁ@dnms πατήρ@nnmsp καί@cs ὁ@dnms υἰός@nnmsp οὐ@b οὕτως@b εἰμί@vifm1p ὡς@cs εἰμί@vipa3s φύσις@ndfsc ὁ@dnms πατήρ@nnmsp ἐν@p ὁ@ddms υἱός@ndmsp καί@cs ὁ@dnms υἱός@nnmsp ἐν@p ὁ@ddns πατήρ@ndnsp ἀλλά@cs ὡς@cs ἔχω@vipa1p φύσις@ngfsc καί@cs δυνατός@annns- ἐγώ@rpdmp εἰμί@vipa3s ἐκεῖθεν@b σχηματίζω@vnap-- καί@cs μανθάνω@vnaa-- πῶς@b ὀφείλω@vipa1p εἷς@ γίγνομαι@vnam-- ὥσπερ@cs καί@b ὁ@dans οἰκτείρω@vnpa-- μανθάνω@viaa1p ὁ@dnnp γάρ@b ὅμοιος@annnp- πρός@p ὁ@danp ὅμοιος@ananp- φύω@vira3s ὁ@dafs ἕνωσις@nafsc ἔχω@vnpa-- ἐπεί@cs καί@b πᾶς@annfs- σάρξ@nnfsc κατά@p γένος@nansc συνάγω@vipe3s ἐγώ@ngfpp μέν@b οὖν@b ἀνόμοιος@annms- εἰμί@vipa3s ὁ@dnms λόγος@nnmsp ὁ@dgms δέ@b πατήρ@ngmsp ὅμοιος@annms- διά@p οὗτος@rpans ἐκεῖνος@rpnms μέν@b εἰμί@vipa3s φύσις@ndfsc καί@cs ἀλήθεια@ndfsc εἷς@annns- μετά@p ὁ@dgms ἑαυτοῦ@rpgms πατήρ@ngmsp ἐγώ@rpnmp δέ@b ἀλλήλων@rpgmp εἰμί@vppanmp ὁμογενής@annmp- ἐκ@p γάρ@b εἷς@ ὁ@dnmp πᾶς@annmp- γίγνομαι@vira1p καί@cs εἷς@ πᾶς@angmp- ἄνθρωπος@ngmpc ὁ@dnfs φύσις@nnfsc εἷς@ πρός@p ἀλλήλων@rpamp ὁ@ddfs διάθεσις@ndfsc γίγνομαι@vipe1p ἔχω@vppanmp ὑπογραμμὸς@anafs- ὁ@dafs ὁ@dgms υἱός@ngmsp πρός@p ὁ@dams πατήρ@namsp φυσικός@anafs- ἑνότης@nafsc καθά@b γάρ@b ὁ@dafs πραότης@nafsc ἐκ@p ἑαυτοῦ@rpgns διδάσκω@viia3s λέγω3@vppanms μανθάνω@vmaa2p ἀπό@p ἐγώ@rpgcs ὅτι@cs πρᾶος@annms- εἰμί@vipa1s καί@cs ταπεινός@annms- ὁ@ddfs καρδία@ndfsc οὐ@b ἵνα@cs ἐξισόω@vspa1p αὐτός@rpdms ἀδύνατος@annns- γάρ@b ἀλλά@b ἵνα@cs βλέπω@vppanmp εἰς@p ἐκεῖνος@rpams διαμένω@vsaa1p πρᾶος@annmp- διά@p πᾶς@angns- οὕτως@b καί@b ἐνταῦθα@b ἐθέλω@vppanms ἐγώ@rpamp ἀληθής@b καί@b βέβαιος@anafs- καί@cs ἀδιάλυτος@anafs- ὁ@dafs διάθεσις@nafsc ἔχω@vnpa-- πρός@p ἀλλήλων@rpamp ἐκ@p ἑαυτοῦ@rpgms λαμβάνω@vipa3s ὁ@dans παράδειγμα@nansc καί@cs φημί@vipa3s ἵνα@cs εἰμί@vspa3s εἷς@ καθώς@b καί@b ἐγώ@rpncp ἀδιαίρετος@annms- δέ@b εἰμί@vipa3s ὁ@dnfs ἐν@p ἐγώ@rpdcp ἑνότης@nnfsc οὕτως@b ἵνα@cs καί@b αὐτός@rpnmp μανθάνω@vpaanmp ἐκ@p ἐγώ@rpgcp ὁ@dafs ἀδιαίρετος@anafs- φύσις@nafsc οὕτως@b καί@b ὁ@dafs πρός@p ἀλλήλων@rpamp συμφωνία@nafsc διαφυλάσσω@vspa3p ἀσφαλής@annfsc δέ@b ὁ@dnfs μίμησις@nnfsc ἐκ@p ὁ@dgnp κατά@p φύσις@nafsc λαμβάνω@vipe3s ὁ@ddmp ἄνθρωπος@ndmpc ὥσπερ@cs ἐρῶ@vire3s ἐπεί@cs γάρ@b οὗτος@rpnnp μέν@b μένω@vipa3s καί@b οὔποτε@b μεταβάλλω@vipe3s ὁ@dnms δέ@b ὁ@dgmp ἄνθρωπος@ngmpc τρόπος@nnmsc εὐμετάβλητος@annms- τυγχάνω@vipa3s δύναμαι@vipe3s πρός@p ὁ@dans ἀμετάβλητος@anans- ὁ@ddfs φύσις@ndfsc βλέπω@vppanms ὁ@danp μέν@b φαῦλος@ananp- φεύγω@vnpa-- ἐν@p δέ@b ὁ@ddnp βέλτιστος@andnps ἑαυτοῦ@rpams ἀνατυπόω@vnpa-- καί@cs γάρ@b οὕτως@b καί@cs ὁ@dnns λέγω3@vppenns ἵνα@cs καί@b αὐτός@rpnmp ἐν@p ἐγώ@rpdmp εἷς@ εἰμί@vspa3p ὀρθός@anafs- πάλιν@b ἔχω@vipa3s ὁ@dafs διάνοια@nafsc"
"inc. et c. Ar._21","21@ εἰ@cs γοῦν@b δυνατός@annns- εἰμί@viia3s γίγνομαι@vnam-- ἐγώ@rpacp ὡς@cs ὁ@dnms υἱός@nnmsp ἐν@p ὁ@ddns πατήρ@ndnsp δεῖ@viia3s λέγω3@vnpa-- ἵνα@cs καί@b αὐτός@rpnmp ἐν@p σύ@rpdcs εἷς@ εἰμί@vspa3p ὥσπερ@cs εἰμί@vipa3s ὁ@dnms υἱός@nnmsp ἐν@p ὁ@ddms πατήρ@ndmsp νῦν@b δέ@b οὗτος@rpnns μέν@b οὐ@b ἐρῶ@vira3s λέγω3@vppanms δέ@b ὁ@dans ἐν@p ἐγώ@rpdcp δείκνυμι@viaa3s ὁ@dafs διάστασις@nafsc καί@cs ὁ@dafs διαφορά@nafsc ὅτι@cs αὐτός@rpnms μέν@b μόνος@annms- ἐν@p μόνος@andms- ὁ@ddms πατήρ@ndmsp εἰμί@vipa3s ὡς@cs μόνος@annms- λόγος@nnmsp καί@cs σοφία@nnfsp ἐγώ@rpnmp δέ@cs ἐν@p υἱός@ndmsp καί@cs διά@p αὐτός@rpgms ὁ@ddms πατήρ@ndmsp οὗτος@rpans δέ@b λέγω3@vppanms οὐδείς@rpans ἕτερος@anans- σημαίνω@viaa3s ἤ1@cs ὅτι@cs ὁ@ddfs ἐγώ@ ἑνότης@ndfsc γίγνομαι@voam3p καί@b αὐτός@rpnmp εἷς@ πρός@p ἀλλήλων@rpamp οὕτως@b ὡς@cs ἐγώ@rpnmp εἷς@ εἰμί@vipa1p φύσις@ndfsc καί@cs ἀλήθεια@ndfsc ἄλλως@b δέ@b οὐ@b ἄν@b γίγνομαι@voam3p εἷς@ εἰ@cs μή@b ἐν@p ἐγώ@rpdcp μανθάνω@vsaa3p ὁ@dafs ἑνότης@anafs- καί@cs ὅτι@cs ὁ@dnns ἐν@p ἐγώ@rpdcp οὗτος@rpafs ἔχω@vipa3s ὁ@dafs σημασία@nafsc ἀκούω@vnaa-- παῦλος@ngmsp λέγω3@vppagms εἰμί@vipa3s οὗτος@rpanp δέ@b μεταμορφόω@viaa1s εἰς@p ἐμαυτοῦ@rpams καί@cs ἀπολλώς@nafsp ἵνα@cs ἐν@p ἐγώ@rpdmp μανθάνω@vsaa2p ὁ@dans μή@b ὑπέρ@p ὅς@rpdns γράφω@vire3s φυσιόω@vnpe-- ὁ@rpnns ἄρα@b ἐν@p ἐγώ@rpdcp οὐ@b εἰμί@vipa3s ἐν@p ὁ@ddns πατήρ@ndnsp ὡς@cs εἰμί@vipa3s ὁ@dnms υἱός@nnmsp ἐν@p αὐτός@rpdms ἀλλά@cs παράδειγμα@nnnsc καί@cs εἰκών@vpranms ἀντί@p ὁ@dgns εἶπον@vnaa-- ἐκ@p ἐγώ@rpgcp μανθάνω@vpaaafs ὡς@cs γάρ@b ὁ@dnms παῦλος@nnmsp ὁ@ddmp κορίνθιος@ndmpp οὕτως@b ὁ@dnfs ὁ@dgms υἱός@ngmsp καί@cs ὁ@dgms πατήρ@ngmsp ἑνότης@nnfsc ὁ@ddmp πᾶς@andmp- ὑπογραμμὸς@annms- καί@cs μάθησις@nnfsc εἰμί@vipa3s κατά@p ὅς@rpafs δύναμαι@vipe3p μανθάνω@vnpa-- βλέπω@vppanmp εἰς@p ὁ@dafs κατά@p φύσις@nafsc ἑνότης@nafsc ὁ@dgms πατήρ@ngmsp καί@cs ὁ@dgms υἱός@ngmsp πῶς@b καί@b αὐτός@rpnmp ὀφείλω@vipa3p εἷς@nansc πρός@p ἀλλήλων@rpamp γίγνομαι@vnpe-- ὁ@ddns φρόνημα@ndnsc εἰ@cs δέ@b δεῖ@vipa3s καί@b ἕτερος@b ἀπολογέομαι@vnae-- περί@p ὁ@dgns ῥητός@angns- δύναμαι@vipe3s πάλιν@b ὁ@dans ἐν@p ἐγώ@rpdcp ἴσος@anans- εἰμί@vnpa-- ὁ@ddns λέγω3@vnpa-- ὁ@ddfs δύναμις@ndfsc ὁ@dgms πατήρ@ngmsp καί@cs ὁ@dgms υἱός@ngmsp ἵνα@cs εἷς@ γίγνομαι@vsam3p ὁ@dans αὐτός@rpans λέγω3@vppanmp ἄνευ@p γάρ@b θεός@ngmsp οὗτος@rpans γίγνομαι@vnam-- ἀδύνατος@annns- καί@cs οὗτος@rpans πάλιν@b εἰμί@vipa3s εὑρίσκω@vnaa-- ἐν@p ὁ@ddmp θεῖος2@andmp- λόγος@ndmpc ὡς@cs ὁ@dans ἐν@p ὁ@ddms θεός@ndmsp ποιέω@vifa1p δύναμις@nafsc καί@cs ἐν@p σύ@rpdcs ὁ@damp ἐχθρός@anamp- ἐγώ@rpgcp κερατίζω@vipa1p οὐκοῦν@b δῆλος@annns- ὅτι@cs ἐν@p ὄνομα@ndnsc πατήρ@ngmsp καί@cs υἱός@ngmsp δύναμαι@vipe1p ὁ@dans εἷς@ γίγνομαι@vpamnmp βέβαιος@anafs- ἔχω@vnpa-- ὁ@dgfs ἀγάπη@ngfsc ὁ@dams σύνδεσμος@namsc πάλιν@nafsp γάρ@b ὁ@dafs αὐτός@anafs- διάνοια@nafsc ἐπεκτείνω@vppanms φημί@vipa3s ὁ@dnms κύριος@nnmsp καί@b ἐγώ@rpnms ὁ@dafs δόξα@nafsc ὅς@rpafs δίδωμι@vira2s ἐγώ@rpdcs δίδωμι@vira1s αὐτός@rpdmp ἵνα@cs εἰμί@vspa3s εἷς@ καθώς@cs ἐγώ@rpnmp εἷς@ καλός@b καί@cs ἐνταῦθα@b οὐ@b λέγω@viaa3s ἵνα@cs εἰμί@vspa3p ἐν@p σύ@rpdcs ὡς@cs καί@b ἐγώ@rpncs εἰμί@vipa1s ἀλλά@cs καθώς@b ἐγώ@rpncp λέγω@viaa3s ὁ@dnms δέ@b λέγω3@vppanms καθώς@vpranms οὐ@b ταυτότης@nafsc δείκνυμι@vipa3s ἀλλά@cs εἰκών@nafsc καί@cs παράδειγμα@nansc ὁ@dgns λέγω1@vppegns"
"inc. et c. Ar._22","22@ ὁ@dnms μέν@b οὖν@b λόγος@nnmsp ὁ@dafs ὄντως@b καί@cs ἀληθής@b ταυτότης@nafsc ὁ@dgfs φύσις@ngfsc ὁ@ddms πατήρ@ndmsp ἔχω@vipa3s ἐγώ@rpdmp δέ@b ἄρα@b ὁ@dnns μιμέομαι@vnpe-- πρόσειμι@vipa3s ὥσπερ@cs ἐρῶ@vire3s καί@b γάρ@b εὐθύς2@b ἐπάγω@viaa3s λέγω3@vppanms ἐγώ@rpncs ἐν@p αὐτός@rpdmp καί@cs σύ@rpn-s ἐν@p ἐγώ@rpdms ἵνα@cs εἰμί@vspa3p τελειόω@vprenmp εἰς@p εἷς@ ἐνταῦθα@b λοιπός@anans- μέγας@anansc τις@rpans καί@cs τέλειος@anansc περί@p ἐγώ@rpgmp ὁ@dnms κύριος@nnmsp αἰτέω@vipa3s δῆλος@annns- γάρ@b ὡς@cs ἐν@p ἐγώ@rpdmp γίγνομαι@vira3s ὁ@dnms λόγος@nnmsp ὁ@dnns γάρ@x ἡμέτερος@annns- ἐνδύω@viam3s σῶμα@nnnsc καί@cs σύ@rpn-s δέ@b ἐν@p ἐγώ@rpdms πατήρ@nvmsp σύ@rpgcs γάρ@b εἰμί@vipa1s λόγος@nnmsp καί@cs ἐπεί@cs σύ@rpnms μέν@b ἐν@p ἐγώ@rpdcs ὅτι@cs σύ@rpgms λόγος@nnmsp εἰμί@vipa1s ἐγώ@rpnms δέ@b ἐν@p αὐτός@rpdmp διά@p ὁ@dans σῶμα@nansc καί@cs διά@p σύ@rpacs τελειόω@vire3s ἐν@p ἐγώ@rpdcs ὁ@dgmp ἄνθρωπος@ngmpc ὁ@dnfs σωτηρία@nnfsc ἐρωτάω@vipa1s ἵνα@cs καί@b αὐτός@rpnmp γίγνομαι@vsam3p εἷς@ κατά@p ὁ@dans ἐν@p ἐγώ@rpdcs σῶμα@nansc καί@cs κατά@p ὁ@dafs αὐτός@rpgms τελείωσις@nafsc ἵνα@cs καί@b αὐτός@rpnmp γίγνομαι@vsam3p τέλειος@annmp- ἔχω@vppanmp πρός@p οὗτος@rpans ὁ@dafs ἑνότης@nafsc καί@cs εἰς@p αὐτός@rpans εἷς@nansc γίγνομαι@vpamnmp ἵνα@cs ὡς@cs ἄν@b πᾶς@annmp- φορέω@vpapnmp παρά@p ἐγώ@rpgcs πᾶς@annmp- εἰμί@vspa3p εἷς@ σῶμα@nansc καί@cs εἷς@ πνεῦμα@nnnsc καί@cs εἰς@p ἀνήρ@namsc τέλειος@anams- καταντάω@vsaa3p ὁ@dnmp γάρ@b πᾶς@annmp- ἐκ@p ὁ@dgns αὐτός@rpgns μεταλαμβάνω@vppanmp εἷς@ γίγνομαι@vipe1p σῶμα@nansc ὁ@dams εἷς@ κύριος@namsp ἔχω@vppanmp ἐν@p ἑαυτοῦ@rpdmp οὗτος@anafs- ἔχω@vppagms ὁ@dgms ῥητός@angms- ὁ@dafs διάνοια@nafsc μᾶλλον@b ἐλέγχω@vipe3s ὁ@dnfs ἀλλοδοξία@nnfsc ὁ@dgmp χριστομάχος@ngmpp πάλιν@b γάρ@b ἐπαναλαμβάνω@vppanms φημί@vipa1s εἰ@cs μέν@b ἁπλῶς@b καί@cs ἀπολελυμένως@b ἐρῶ@vira3s ἵνα@cs εἰμί@vspa3p ἐν@p σύ@rpdcs εἷς@ ἤ1@cs ἵνα@cs αὐτός@rpnmp καί@b ἐγώ@rpncs ἐν@p σύ@rpdcs εἷς@ εἰμί@vspa1p ἔχω@viia3p καί@b ἄν@b ἀναίσχυντος@anafs- πρόφασις@nafsc ὁ@dnmp θεομάχος@nnmpc νῦν@b δέ@b οὐ@b ἁπλῶς@b λέγω@viaa3s ἀλλά@cs καθώς@b σύ@rpnms πατήρ@nvmsp ἐν@p ἐγώ@rpdcs καί@b ἐγώ@rpnms ἐν@p σύ@rpdms ἵνα@cs πᾶς@annmp- εἷς@ εἰμί@vspa3s λέγω3@vppanms δέ@b πάλιν@b καθώς@vpranms πόῤῥωθεν@b δείκνυμι@vipa3s ὁ@damp γίγνομαι@vppeamp ὡς@cs αὐτός@rpnms εἰμί@vipa3s ἐν@p ὁ@ddms πατήρ@ndmsp πόῤῥωθεν@b δέ@b εἰμί@vipa3s οὐ@b τόπος@ndmsc ἀλλά@cs ὁ@ddfs φύσις@ndfsc οὐδείς@anans- γάρ@x τόπος@ndmsc μακράν@b ὁ@dgms θεός@ngmsp ἀλλά@cs μόνος@andfs- ὁ@ddfs φύσις@ndfsc πᾶς@annnp- μακρός@b εἰμί@vipa3s αὐτός@rpgms καί@cs καθά@cs προεῖπον@viaa1s οὐ@b ταυτότης@nafsc οὐ@b δέ@cs ἰσότης@nafsc δείκνυμι@vipa3s ὁ@dnms λέγω3@vppanms ὁ@dans καθώς@vpranms ἐπίῤῥημα@nanpc ἀλλά@cs παράδειγμα@nansc ὁ@dgns λέγω1@vppegns κατά@p τις@rpans θεωρέω@vppeans"
"inc. et c. Ar._23","23@ καί@cs οὗτος@rpans πάλιν@b παρά@p αὐτός@angms- ὁ@dgms σωτήρ@ngmsp εἰμί@vipa3s μανθάνω@vnaa-- λέγω3@vppagms καθώς@cs γάρ@b εἰμί@viia3s ἰωνᾶς@nnmsp ἐν@p ὁ@ddfs κοιλία@ndfsc ὁ@dgns κήτους@ngnsc τρεῖς@ ἡμέρα@nafpc ρας@nafpc καί@cs τρεῖς@anafp- νύξ@nafpc οὕτως@b εἰμί@vifm3s καί@b ὁ@dnms υἱός@nnmsp ὁ@dgms ἄνθρωπος@ngmsc ἐν@p ὁ@ddfs καρδία@ndfsc ὁ@dgfs γῆ@ngfsc οὔτε@b δέ@b ἰωνᾶς@nnmsp εἰμί@viia3s ὥσπερ@cs ὁ@dnms σωτήρ@nnmsp οὐ@b τε@cs ἰωνᾶς@nnmsp εἰς@p ὁ@dams ᾅδης@namsc κατέρχομαι@viaa3s οὐ@b τε@cs ὁ@dnns κῆτος@nnnsc εἰμί@viia3s ὁ@dnms ᾅδης@nnmpc ἀλλά@b οὐ@b δέ@b καταπονέω@vpaanms ὁ@dnms ἰωνᾶς@nnmsp ἀνάγω@viaa3s ὁ@damp προκαταπίνω@vpaaamp ὑπό@p ὁ@dgns κήτους@ngnsc ἀλλά@cs μόνος@annms- προστάσσω@vpapgns ὁ@dgns κήτους@ngnsc ἐξέρχομαι@viaa3s οὐκοῦν@b οὐδείς@rpnfs ταυτότης@nnfsc οὐ@b δέ@cs ἰσότης@nnfsc ἐν@p ὁ@ddfs καθώς@vpranms λέξις@ndfsc σημαίνω@vipe3s ἀλλά@cs ἄλλος@rpnns μέν@b καί@cs ἄλλος@rpnns ὁμοιότης@nafsc δέ@b πως@b δείκνυμι@vipa3s ὁ@dgms ἰωνᾶς@ngmsp διά@p ὁ@dans τριήμερος@b οὕτως@b ἄρα@b καί@b ἐγώ@rpncp λέγω3@vppagms ὁ@dgms κύριος@ngmsp καθώς@b οὐ@b τε@cs ὡς@cs ὁ@dnms υἱός@nnmsp γίγνομαι@vipe1p ἐν@p ὁ@ddms πατήρ@ndmsp οὐ@b τε@cs ὡς@cs ὁ@dnms πατήρ@nnmsp εἰμί@vipa3s ἐν@p ὁ@ddms υἱός@ndmsp οὕτως@b γίγνομαι@vipe1p ἐγώ@rpnmp μέν@b γάρ@b καθώς@cs ὁ@dnms πατήρ@nnmsp καί@cs ὁ@dnms υἱός@nnmsp οὕτως@b γίγνομαι@vipe1p εἷς@p ὁ@ddns φρόνημα@ndnsc καί@cs ὁ@ddfs ὁ@dgns πνεῦμα@ngnsc συμφωνία@nnfpc ὁ@dnms δέ@b σωτήρ@nnmsp καθώς@cs ἰωνᾶς@nnmsp εἰμί@vifm3s ἐν@p ὁ@ddfs γῆ@ndfsc ὥσπερ@cs δέ@b οὐ@b εἰμί@vipa3s ἰωνᾶς@nnmsp ὁ@dnms σωτήρ@nnmsp οὐ@b δέ@b ὡς@cs ἐκεῖνος@rpnms καταποντίζω@viap3s οὕτως@b καί@b ὁ@dnms κύριος@nnmsp κατέρχομαι@viaa3s εἰς@p ὁ@dams ᾅδης@namsc ἀλλά@b ἄλλος@rpnns καί@cs ἄλλος@rpnns εἰμί@vipa3s οὕτως@b ἐάν@cs καί@b ἐγώ@rpncp γίγνομαι@vsam1p εἷς@ καθώς@cs ὁ@dnms υἱός@nnmsp ἐν@p ὁ@ddms πατήρ@ndnsp οὐ@b εἰμί@vifm1p ὥσπερ@cs ὁ@dnms υἱός@nnmsp οὐ@b δέ@cs ἴσος@annmp- αὐτός@rpdms ἄλλος@rpnns γάρ@b καί@b ἄλλος@rpnns εἰμί@vipa1p διά@p οὗτος@rpans γάρ@b ἐπί@p ἐγώ@rpgcp ὁ@dnns καθώς@vpranms πρόκειμαι@vipe3s ἐπεί@cs ὁ@dnnp μή@b κατά@p φύσις@nafsc εἰμί@vppannp πρός@p ἄλλος@rpans τις@rpans βλέπω@vppannp γίγνομαι@vipe3s ὥσπερ@cs ἐκεῖνος@rpnnp ὅθεν@b αὐτός@annms- μέν@b ὁ@dnms υἱός@nnmsp ἁπλῶς@b καί@b χωρίς@p συμπλοκή@ngfsc τις@angfs- εἰμί@vipa3s ἐν@p ὁ@ddms πατήρ@ndmsp φύσις@ndfsc γάρ@b ὑπάρχω@vipa3s οὗτος@rpnns αὐτός@rpdms ἐγώ@rpnmp δέ@b οὐ@b ἔχω@vppanmp ὁ@dans κατά@p φύσις@nafsc δέομαι@vipe1p εἰκών@ngfsc καί@cs παράδειγμα@ngnsc ἵνα@cs περί@p ἐγώ@rpgmp εἶπον@vsaa3s καθώς@cs σύ@rpnms ἐν@p ἐγώ@rpdcs καί@b ἐγώ@rpnms ἐν@p σύ@rpdms ὅταν@cs δέ@x ̓@cs φημί@vipa3s οὖτος@b τελειόω@vsap3p οὕτως@b τότε@b γιγνώσκω@vipa3s ὁ@dnms κόσμος@nnmsc ὅτι@cs σύ@rpncs ἐγώ@rpams ἀποστέλλω@viaa2s εἰ@cs γάρ@b μή@b εἰμί@viie1s ἔρχομαι@vpaanms καί@cs φορέω@vpaanms ὁ@dans οὗτος@rpgmp σῶμα@nansc οὐδείς@rpnms ἄν@b αὐτός@rpgmp τελειώσω@viae3s ἀλλά@cs μένω@viia3p ὁ@dnmp πᾶς@annmp- φθαρτός@annmp- ἐνεργέω@vmaa2s τοίνυν@b ἐν@p αὐτός@rpdnp πατήρ@nvmsp καί@b ὥσπερ@cs δίδωμι@vira2s ἐγώ@rpdms οὗτος@rpans φορέω@vnaa-- δίδωμι@vmaa2s αὐτός@rpdmp ὁ@dans πνεῦμα@nansp σύ@rpgms ἵνα@cs καί@b οὗτος@rpnmp ἐν@p οὗτος@rpdns εἷς@ γίγνομαι@vsam3p καί@cs τελειόω@vsap3p ἐν@p ἐγώ@rpdms ὁ@dnfs γάρ@x οὗτος@angnp- τελείωσις@nnfsc δείκνυμι@vipa3s ἐπιδημία@nafsc γίγνομαι@vnre-- ὁ@dgms σύ@angms- λόγος@ngmsp καί@b ὁ@dnms κόσμος@nnmsc δέ@b βλέπω@vppanms οὗτος@rpamp τέλειος@anamp- καί@cs θεοφορέω@vppeamp πιστεύω@vifa3s πάντως@b ὅτι@cs σύ@rpnms ἐγώ@rpams ἀποστέλλω@viaa2s καί@cs ἐπιδημέω@viaa1s πόθεν@b γάρ@b οὗτος@andnp- ὁ@dnfs τελείωσις@nnfsc εἰ@cs μή@b ἐγώ@rpnms ὁ@dnms σός@annms- λόγος@nnmsp ὁ@dans σῶμα@nansc οὗτος@angnp- λαμβάνω@vpaanms γίγνομαι@viam1s ἄνθρωπος@nnmsc καί@cs τελέω@viaa1s ὁ@dans ἔργον@nansc ὅς@rpans δίδωμι@vira2s ἐγώ@rpdms πατήρ@nvmsp τελειόω@vire3s δέ@b ὁ@dnns ἔργον@nnnsc ὅτι@cs ῥύομαι@vpapnmp ἀπό@p ὁ@dgfs ἁμαρτία@ngfsc ὁ@dnmp ἄνθρωπος@nnmpc οὐκέτι@b μένω@vipa3p νεκρός@annmp- ἀλλά@cs καί@b θεοποιέω@vpapnmp ἔχω@vipa3p ἐν@p ἐγώ@rpdmp βλέπω@vppanmp ἐν@p ἀλλήλων@rpdmp ὁ@dams σύνδεσμος@namsc ὁ@dgfs ἀγάπη@ngfsc"
"inc. et c. Ar._24","24@ ἐγώ@rpnmp μέν@b οὖν@b ὅσος@anans- αὐτός@anafp- ὁ@dafp λέγω@nafpc ὁ@dgns ῥητός@angns- δυνατός@annns- εἰμί@viia3s ἁπλούστερος@anans- θεωρέω@vnaa-- οὗτος@rpanp διά@p πολύς@angnp- ἐρῶ@vira1p ὁ@dnms δέ@b μακάριος@annms- ἰώαννης@nnmsp ἐκ@p ὁ@dgfs ἐπιστολή@ngfsc ἐν@p ὀλίγος@andmp- καί@b τέλειος@anansc μᾶλλον@b ἐγώ@rpgmp δείκνυμι@vifa3s ὁ@dgnp γράφω@vpregnp ὁ@dams νόος@namsc καί@cs διαλέγω@vifa3s μέν@b ὁ@dafs ὁ@dgnp ἀσεβής@angnp- διάνοια@nafsc διδάσκω@vifa3s δέ@cs πῶς@b τε@cs ἐγώ@rpnmp ἐν@p ὁ@ddms θεός@ndmsp γίγνομαι@vipe1p καί@cs ὁ@dnms θεός@nnmsp ἐν@p ἐγώ@rpdmp καί@b πῶς@b πάλιν@b ἐγώ@rpnmp μέν@b ἐν@p αὐτός@rpdms γίγνομαι@vipe1p εἷς@ πόσος@anans- δέ@b διίστημι@vira3s ὁ@dafs φύσις@nafsc ὁ@dnms υἱός@nnmsp ἀπό@p ἐγώ@rpgcp καί@b παύω@vifa3s λοιπός@anans- ὁ@damp ἀρειανός@nampp μηκέτι@b νομίζω@vnpa-- ἑαυτοῦ@rpamp εἰμί@vnfm-- ὡς@cs ὁ@dams υἱός@namsp ἵνα@cs μή@b καί@b αὐτός@rpnmp ἀκούω@vsaa3p σύ@rpncs δέ@b εἰμί@vipa2s ἄνθρωπος@nnmsc καί@cs οὐ@b θεός@nnmsp καί@b μή@b συμπαρεκτείνω@vmpe2s πένης@nnmsc εἰμί@vppanms πλούσιος@andms- γράφω@vipa3s τοίνυν@b ὁ@dnms ἰώαννης@nnmsp οὕτως@b λέγω3@vppanms ἐν@p οὗτος@rpdns γιγνώσκω@vipa1p ὅτι@cs ἐν@p αὐτός@rpdms μένω@vipa1p καί@cs αὐτός@rpnms ἐν@p ἐγώ@rpdmp ὅτι@cs ἐκ@p ὁ@dgns πνεῦμα@ngnsp αὐτός@rpgms δίδωμι@vira3s ἐγώ@rpdmp οὐκοῦν@b διά@p ὁ@dafs δίδωμι@vpreafs ἐγώ@rpdmp ὁ@dgms πνεῦμα@ngnsp χάρις@nafsc ἐγώ@rpnmp τε@b ἐν@p αὐτός@rpdms γίγνομαι@vipe1p καί@cs αὐτός@rpnms ἐν@p ἐγώ@rpdmp καί@b ἐπεί@cs ὁ@dnns πνεῦμα@nnnsp ὁ@dgms θεός@ngmsp εἰμί@vipa3s διά@p οὗτος@rpgns γίγνομαι@vppegms ἐν@p ἐγώ@rpdmp εἰκότως@b καί@b ἐγώ@rpnmp ἔχω@vppanmp ὁ@dans πνεῦμα@nansp νομίζω@vipe1p ἐν@p ὁ@ddms θεός@ndmsp γίγνομαι@vnam-- καί@b οὕτως@b εἰμί@vipa3s ὁ@dnms θεός@nnmsp ἐν@p ἐγώ@rpdmp οὐ@b ἄρα@b ὡς@cs εἰμί@vipa3s ὁ@dnms υἱός@nnmsp ἐν@p ὁ@ddms πατήρ@ndnsp οὕτως@b καί@b ἐγώ@rpncp γίγνομαι@vipe1p ἐν@p ὁ@ddms πατήρ@ndmsp οὐ@b γάρ@b καί@b ὁ@dnms υἱός@nnmsp μετέχω@nnmsc εἰμί@vipa3s ὁ@dgns πνεῦμα@ngnsp ἵνα@cs διά@p οὗτος@rpans καί@b ἐν@p ὁ@ddms πατήρ@ndmsp γίγνομαι@vsam3s οὐ@b δέ@b λαμβάνω@vppanms εἰμί@vipa3s ὁ@dnns πνεῦμα@nnnsp ἀλλά@cs μᾶλλον@b αὐτός@annms- ὁ@ddmp πᾶς@andmp- οὗτος@rpans χορηγέω@vipa3s καί@b οὐ@b ὁ@dnns πνεῦμα@nnnsp ὁ@dams λόγος@namsp συνάπτω@vipa3s ὁ@ddms πατήρ@ndfsp ἀλλά@cs μᾶλλον@b ὁ@dnns πνεῦμα@nnnsp παρά@p ὁ@dgms λόγος@ngmsp λαμβάνω@vipa3s καί@cs ὁ@dnms μέν@b υἱός@nnmsp ἐν@p ὁ@ddms πατήρ@ndmsp εἰμί@vipa3s ὡς@cs λόγος@nnmsp ἴδιος@annms- καί@cs ἀπαύγασμα@nnnsc αὐτός@rpgms ἐγώ@rpnmp δέ@b χωρίς@p μέν@b ὁ@dgns πνεῦμα@ngnsp ξένος1@nnmpc καί@cs μακρός@b εἰμί@vipa1p ὁ@dgms θεός@ngmsp ὁ@ddfs δέ@cs ὁ@dgns πνεῦμα@ngnsp μετοχή@ndfsc συνάπτω@vipe1p ὁ@ddfs θεότης@ndfsc ὥστε@cs ὁ@dnns εἰμί@vnpa-- ἐγώ@rpamp ἐν@p ὁ@ddms πατήρ@ndmsp μή@b ἡμέτερος@annns- εἰμί@vnpa-- ἀλλά@cs ὁ@dgns πνεῦμα@ngnsp ὁ@dgns ἐν@p ἐγώ@rpdmp εἰμί@vppagms καί@cs ἐν@p ἐγώ@rpdmp μένω@vppagms ἕως@cs αὐτός@rpans ὁ@ddfs ὁμολογία@ndfsc φυλάσσω@vipa1p ἐν@p ἐγώ@rpdmp λέγω3@vppagms πάλιν@b ὁ@dgms ἰώαννης@ngmsp ὅς@rpnms ἄν@b ὁμολογέω@vsaa3s ὅτι@cs ἰησοῦς@nnmsp εἰμί@vipa3s ὁ@dnms υἱός@nnmsp ὁ@dgms θεός@ngmsp ὁ@dnms θεός@nnmsp ἐν@p αὐτός@rpdms μένω@vipa3s καί@cs αὐτός@rpnms ἐν@p ὁ@ddms θεός@ndmsp ποῖος@annfs- τοίνυν@b ὁμοιότης@nnfsc καί@cs ποῖος@annfs- ἰσότης@nnfsc ἐγώ@rpgmp πρός@p ὁ@dams υἱός@namsp ἤ1@b πῶς@b οὐ@b ἐλέγχω@vipe3p πανταχόθεν@b ὁ@dnmp ἀρειανός@nnmpp καί@cs μάλιστα@b παρά@p ὁ@dgms ἰώαννης@ngmsp ὅτι@cs ἄλλως@b μέν@b ὁ@dnms υἱός@nnmsp εἰμί@vipa3s ἐν@p ὁ@ddns πατήρ@ndnsp ἄλλως@b δέ@cs ἐγώ@rpnmp ἐν@p αὐτός@rpdms γίγνομαι@vipe1p καί@b οὐ@b τε@b ἐγώ@rpnmp ὡς@cs ἐκεῖνος@rpnms εἰμί@vifm1p ποτέ@b οὐ@b τε@cs ὁ@dnms λόγος@nnmsp ὡς@cs ἐγώ@rpnmp τυγχάνω@vipa3s εἰμί@vppanms εἰ@cs μή@b ἄρα@b τολμάω@vifa3p ὡς@cs ἐν@p πᾶς@andnp- καί@b νῦν@b εἶπον@vnaa-- ὅτι@cs καί@b ὁ@dnms υἱός@nnmsp μετοχή@ndfsc ὁ@dgns πνεῦμα@ngnsp καί@cs βελτίωσις@ndfsc πρᾶξις@ngfsc γίγνομαι@vira3s καί@b αὐτός@rpnms ἐν@p ὁ@ddms πατήρ@ndmsp ἀλλά@cs καί@b οὗτος@rpnns πάλιν@b ὑπερλία@b εἰμί@vipa3s ἀσεβής@annns- καί@b ἄν@b ὅλος@b εἰς@p ἐνθύμησις@nafsc λαμβάνω@vnaa-- αὐτός@rpnms γάρ@b ὥσπερ@cs ἐρῶ@vire3s ὁ@ddms πνεῦμα@ndmsp δίδωμι@vipa3s καί@b ὅσος@ananp- ἔχω@vipa3s ὁ@dnns πνεῦμα@nnnsp παρά@p ὁ@dgms λόγος@ngmsp ἔχω@vipa3s"
"inc. et c. Ar._25","25@ οὐκοῦν@b ὁ@dnms σωτήρ@nnmsp λέγω3@vppanms περί@p ἐγώ@rpgcp ὁ@dans καθώς@vpranms σύ@rpnms πατήρ@nvmsp ἐν@p ἐγώ@rpdcs καί@b ἐγώ@rpncs ἐν@p σύ@rpdms ἵνα@cs καί@b αὐτός@rpnmp ἐν@p ἐγώ@rpdcp εἷς@ εἰμί@vspa3p οὐ@b ὁ@dafs ταυτότης@nafsc ἐγώ@rpacp αὐτός@rpdns μέλλω@vppaamp ἔχω@vnpa-- σημαίνω@vipa3s ἀποδείκνυμι@viap3s γάρ@b ἐκ@p ὁ@dgns κατά@p ὁ@dams νωέας@namsp παράδειγμα@ngnsc καί@cs οὗτος@rpnns ἀλλά@cs ἀξίωσις@nnfsc εἰμί@vipa3s πρός@p ὁ@dams πατήρ@namsp ὡς@cs ὁ@dnms ἰώαννης@nnmsp γράφω@viaa3s ἵνα@cs ὁ@dnns πνεῦμα@nnnsp χαρίζω@vsam3s διά@p αὐτός@rpgms ὁ@ddmp πιστεύω@vppadmp διά@p ὅς@rpgns καί@b δοκέω@vipa1p ἐν@p ὁ@ddms θεός@ndmsp γίγνομαι@vnpe-- καί@cs κατά@p οὗτος@rpans συνάπτω@vnpe-- ἐν@p αὐτός@rpdns ἐπεί@cs γάρ@b ὁ@dnms λόγος@nnmsp εἰμί@vipa3s ἐν@p ὁ@ddns πατήρ@ndnsp ὁ@dnns δέ@cs πνεῦμα@nnnsp ἐκ@p ὁ@dgms λόγος@ngmsp δίδωμι@vipe3s ἐθέλω@vipa3s λαμβάνω@vnaa-- ἐγώ@rpacp ὁ@dans πνεῦμα@nansp ἵνα@cs ὅταν@cs ἐκεῖνος@rpans λαμβάνω@vsaa1p τότε@b ἔχω@vppanmp ὁ@dans πνεῦμα@nansp ὁ@dgms λόγος@ngmsp ὁ@dgms εἰμί@vppagms ἐν@p ὁ@ddms πατήρ@ndfsp δοκέω@vsaa1p καί@cs ἐγώ@rpncp διά@p ὁ@dans πνεῦμα@nansp εἷς@anans- γίγνομαι@vnpe-- ἐν@p ὁ@ddms λόγος@ndmsc καί@cs διά@p αὐτός@rpgms ὁ@ddms πατήρ@ndmsp ὁ@dnns δέ@b ὡς@cs ἐγώ@rpnfp ἐάν@cs λέγω3@vspa3s οὐδείς@rpnns ἕτερος@annns- πάλιν@b εἰμί@vipa3s ἤ1@cs ἵνα@cs ὁ@dnfs γίγνομαι@vppenfs τοιοῦτος@annfs- ὁ@dgms πνεῦμα@ngnsp χάρις@nnfsc εἰς@p ὁ@damp μαθητής@nampc ἀδιάπτωτος@annfs- καί@cs ἀμεταμέλητος@annfs- γίγνομαι@vsam3s ὁ@dans γάρ@b κατά@p φύσις@nafsc ὡς@cs προεῖπον@viaa1s ὑπάρχω@vppaans ὁ@ddms λόγος@ndmsp ἐν@p ὁ@ddns πατήρ@ndnsp οὗτος@rpnns ἐγώ@rpdmp ἀμεταμέλητος@b διά@p ὁ@dgns πνεῦμα@ngnsp δίδωμι@vnap-- βούλομαι@vipe3s ὅσπερ@rpans ὁ@dnms ἀπόστολος@nnmsc γιγνώσκω@vppanms λέγω3@viaa3s τις@rpncs ἐγώ@rpamp χωρίζω@vifa3s ἀπό@p ὁ@dgfs ἀγάπη@ngfsc ὁ@dgms χριστός@ngmsp ἀμεταμέλητος@annnp- γάρ@b ὁ@dnnp χάρισμα@nnnpc ὁ@dgms θεός@ngmsp καί@cs ὁ@dnfs χάρις@nnfsc ὁ@dgfs κλῆσις@ngfsc ὁ@dnns ἄρα@b πνεῦμα@nnnsp εἰμί@vipa3s ὁ@dnns ἐν@p ὁ@ddms θεός@ndmsp τυγχάνω@vpamnns καί@cs οὐ@b ἐγώ@rpnmp κατά@p ἑαυτοῦ@rpamp καί@b ὥσπερ@cs υἱός@nnmpc καί@cs θεός@nnmpc διά@p ὁ@dams ἐν@p ἐγώ@rpdmp λόγος@namsp οὕτως@b ἐν@p ὁ@ddms υἱός@ndmsp καί@cs ἐν@p ὁ@ddms πατήρ@ndfsp εἰμί@vifm1p καί@cs νομίζω@vifm1p ἐν@p υἱός@ndmsp καί@cs ἐν@p πατήρ@ndfsp εἷς@ γίγνομαι@vnre-- διά@p ὁ@dans ἐν@p ἐγώ@rpdmp εἰμί@vnpa-- πνεῦμα@nansp ὅσπερ@rpnns εἰμί@vipa3s ἐν@p ὁ@ddms λόγος@ndmsc ὁ@ddns εἰμί@vppadns ἐν@p ὁ@ddms πατήρ@ndmsp ὅτε@cs γοῦν@b ἐκπίπτω@vipa3s τις@rpnms ἀπό@p ὁ@dgns πνεῦμα@ngnsp διά@p τις@rpacs κακία@nafsc ὁ@dnfs μέν@b χάρις@nnfsc ἀμεταμέλητος@annfs- διαμένω@vipa3s ὁ@ddmp βούλομαι@vppedmp καί@b ἄν@cs τις@rpnms ἐκπίπτω@vpaanms μετανοέω@vspa3s οὐκέτι@b δέ@b ἐν@p ὁ@ddms θεός@ndmsp εἰμί@vipa3s ἐκεῖνος@rpnms ὁ@dnms πίπτω@vpaanms διά@p ὁ@dans ἀφεστήξω@vnaa-- ἀπό@p αὐτός@rpgms ὁ@dans ἐν@p ὁ@ddms θεός@ndmsp ἅγιος@anans- καί@cs παράκλητος@anans- πνεῦμα@nansp ἀλλά@cs ἐν@p ἐκεῖνος@rpdns εἰμί@vifm3s ὅς@rpdms ἑαυτοῦ@rpams ὑποτάσσω@viaa3s ὁ@dnms ἁμαρτάνω@vppanms ὡς@cs ἐπί@p ὁ@dgms σαοὺλ@ngmsp γίγνομαι@vira3s ἀφίστημι@viaa3s γάρ@b ἀπό@p αὐτός@rpgms ὁ@dnns πνεῦμα@nnnsp ὁ@dgms θεός@ngmsp καί@cs θλίβω@viaa3s αὐτός@rpams πνεῦμα@nansc πονηρός@anans- οὗτος@rpanp ἀκούω@vppaamp ὁ@damp θεομάχος@nampc δεῖ@viia3s λοιπός@anans- ἐντρέπω@vnpe-- καί@cs μηκέτι@b ἑαυτοῦ@rpamp ἀναπλάπτω@vnpa-- ἴσος@ananp- θεός@ndmsp οὔτε@b δέ@cs νοέω@vipa3p ὁ@dnms γάρ@b ἀσεβής@annms- φημί@vipa3s οὐ@b νοέω@vipa3s γνῶσις@vnaa-- οὐ@b τε@cs λόγος@ngmpc εὐσεβής@angmp- ἀνέχω@vipe3p βαρύς@annmp- γάρ@b αὐτός@rpdmp εἰμί@vipa3p καί@b λέγω3@vppenmp"
"inc. et c. Ar._26","ἰδού@b γάρ@b ὥσπερ@b οὐ@b ἀποκάμνω@vppanmp ἐν@p ὁ@ddfp δυσσέβεια@ndfpc ἀλλά@cs κατά@p ὁ@dams φαραώ@namsp σκληρύνω@vppenmp ὁ@danp ἀνθρώπινος@ananp- πάλιν@b ὁ@dgms σωτήρ@ngmsp ἀκούω@vppanmp καί@cs βλέπω@vppanmp ἐν@p ὁ@ddnp εὐαγγέλιον@andnp- ἐπιλανθάνομαι@viam3p θάομαι@viam3p τέλειος@anans- κατά@p ὁ@dams σαμοσατεύς@namsp ὁ@dgfs πατρικός@angfs- θεότης@ngfsc ὁ@dgms υἱός@ngmsp καί@cs τολμηρός@andfs- ὁ@ddfs γλῶσσα@ndfsc θρασύνω@vppenmp λέγω3@vipa3p πῶς@b δύναμαι@vipe3s ὁ@dnms υἱός@nnmsp ἐκ@p ὁ@dgms πατήρ@ngmsp εἰμί@vnpa-- φύσις@ndfsc καί@cs ὅμοιος@annms- αὐτός@rpdms κατά@p οὐσία@nafsc ὁ@dnms λέγω3@vppanms δίδωμι@viap3s ἐγώ@rpdcs πᾶς@annfs- ἐξουσία@nnfsc καί@cs ὁ@dnms πατήρ@nnmsp οὐδείς@rpams κρίνω@vipa3s ἀλλά@cs ὁ@dafs κρίσις@nafsc πᾶς@anafs- δίδωμι@vira3s ὁ@ddms υἱός@ndmsp καί@b ὁ@dnms πατήρ@nnmsp ἀγαπάω@vipa3s ὁ@dams υἱός@namsp καί@cs πᾶς@ananp- δίδωμι@vira3s ἐν@p ὁ@ddfs χείρ@ndfsc αὐτός@rpgms ὁ@dnms πιστεύω@vppanms εἰς@p ὁ@dams υἱός@namsp ἔχω@vipa3s ζωή@nafsc αἰώνιος@anafs- καί@b πάλιν@b πᾶς@nnfsp ἐγώ@rpdcs παραδίδωμι@viap3s ὑπό@p ὁ@dgms πατήρ@ngmsp ἐγώ@rpgcs καί@cs οὐδείς@rpnms ἐπιγιγνώσκω@vipa3s ὁ@dams πατήρ@namsp εἰ@cs μή@b ὁ@dnms υἱός@nnmsp καί@cs ὅς@rpdms ἐάν@b ἐθέλω@vspa3s ὁ@dnms υἱός@nnmsp ἀποκρύπτω@vnaa-- καί@b πάλιν@b πᾶς@nvmsp ὅς@rpans δίδωμι@vira3s ἐγώ@rpdcs ὁ@dnms πατήρ@nnmsp πρός@p ἐγώ@rpacs ἥκω@vifa3s εἶτα@b ἐπιλέγω@vipa3p εἰ@cs εἰμί@viia3s ὡς@b λέγω3@vipa2p υἱός@nnmsp κατά@p φύσις@nafsc οὐ@b χρεία@nafsc ἔχω@viia3s λαμβάνω@vnaa-- ἀλλά@cs ἔχω@viia3s κατά@p φύσις@nafsc ὡς@b υἱός@nnmsc ἤ1@b πῶς@b δύναμαι@vipe3s δύναμις@nnfsc εἰμί@vnpa-- φύσις@ndfsc καί@cs ἀληθινός@annfs- ὁ@dgms πατήρ@ngmsp ὁ@dnms παρά@p ὁ@dams καιρός@namsc ὁ@dgns πάθος@ngnsc λέγω3@vppanms νῦν@b ὁ@dnfs ψυχή@nnfsc ἐγώ@rpgcs ταράσσω@vire3s καί@cs τίς@rpans εἶπον@vsaa1s πατήρ@nvmsp σώζω@vmaa2s ἐγώ@rpams ἐκ@p ὁ@dgfs ὥρα@ngfsc οὗτος@rpgfs ἀλλά@b διά@p οὗτος@rpans ἔρχομαι@viaa1s εἰς@p ὁ@dafs ὥρα@nafsc οὗτος@anafs- πατήρ@nvmsp δοξάζω@vmaa2s σύ@rpgms ὁ@dans ὄνομα@nansc ἔρχομαι@viaa3s οὖν@b φωνή@nnfsc ἐκ@p ὁ@dgms οὐρανός@ngmsc καί@cs ἐδόξασε@viaa1s καί@cs πάλιν@b δοξάζω@vifa1s πάλιν@b τε@b ὁ@dans ὅμοιος@anans- λέγω3@viia3s πατήρ@nvmsp εἰ@cs δυνατός@annns- παρέρχομαι@vmaa3s ὁ@dans ποτήριον@nansc οὗτος@rpans καί@b οὗτος@rpanp εἶπον@vpaanms ὁ@dnms ἰησοῦς@nnmsp ταράσσω@viap3s ὁ@ddns πνεῦμα@ndnsc καί@cs μαρτυρέω@viaa3s καί@cs λέγω@viaa3s ἡμός@nafsp ἡμός@anafs- λέγω3@vipa1s σύ@rpdcp εἰμί@p ἐκ@p σύ@rpgcp παραδίδωμι@vifm2s ἐγώ@rpacs καί@cs ἐπί@p οὗτος@rpdmp δέ@b φημί@vipa3p ὁ@dnmp κακόφρων@annmpc εἰ@cs δύναμις@nnfsc εἰμί@viia3s οὐ@b ἄν@b δειλιάω@viaa3s ἀλλά@cs μᾶλλον@b καί@b ἕτερος@andmp- ὁ@dans δύναμαι@vnpe-- παρέχω@viia3s εἶτα@b φημί@vipa3p εἰ@cs σοφία@nnfsc εἰμί@viia3s φύσις@ndfsc ὁ@dnfs ἀληθινός@annfs- καί@cs ἴδιος@annfs- ὁ@dgms πατήρ@ngmsp πῶς@b γράφω@vire3s καί@cs ἰησοῦς@ngfsp αὐξάνω@vmpa2s σοφία@ndfsc καί@cs ἡλικία@ndfsc καί@cs χάρις@ndfsc παρά@p θεός@ndmsp καί@cs ἄνθρωπος@ndmpc καί@b ἔρχομαι@vpaanms εἰς@p μέν@b ὁ@danp μέρος@nanpc καισαρεία@ngfsp ὁ@dgfs φίλιππος@ngmsp πυνθάνομαι@viie3s ὁ@dgmp μαθητής@ngmpc τις@rpams λέγω3@vipa3p ὁ@dnmp ἄνθρωπος@nnmpc αὐτός@rpams εἰμί@vnpa-- εἰς@p δέ@b ὁ@dafs βηθανία@nafsp παραγίγνομαι@vpamnms ἐρωτάω@viia3s ποῦ@b λάζαρος@nnmsp κεῖμαι@vipe3s λέγω3@viia3s δέ@b μετά@p οὗτος@rpanp ὁ@ddmp μαθητής@ndmpc πόσος@anamp- ἄρτος@nampc ἔχω@vipa2p πῶς@b οὖν@b φημί@vipa3p οὖτος@rpnms σοφία@nnfsp ὁ@dnms ἐν@p σοφία@ndfsc προκόπτω@vppanms καί@cs ἀγνοέω@vppanms ὅς@rpanp παρά@p ἕτερος@angmp- μανθάνω@vnpa-- ἀξιόω@viia3s εἰμί@vipa3s δέ@b καί@cs οὗτος@rpnns παρά@p αὐτός@rpgmp λέγω3@vppenns πῶς@b δύναμαι@vipe3s ὁ@dnms λόγος@nnmsp ἴδιος@annms- εἰμί@vnpa-- ὁ@dgms πατήρ@ngmsp ὅς@rpgms ἄνευ@p οὐ@b εἰμί@viia3s ὁ@dnms πατήρ@nnmsp ποτέ@b διά@p ὅς@rpgms ὁ@danp πᾶς@ananp- ποιέω@vipa3s ὡς@cs σύ@rpnmp φρονέω@vipa2p ὁ@dnms ἐπί@p μέν@b ὁ@dgms σταυρός@ngmsc λέγω3@vppanms θεός@nvmsp ἐγώ@rpgcs θεός@nvmsp ἐγώ@rpgcs ἵνα@cs τίς@rpans ἐγώ@rpafs ἐγκαταλείπω@viaa2s πρό@p δέ@b οὗτος@rpgnp εὔχομαι@vppenms δοξάζω@vmaa2s σύ@rpgcs ὁ@dans ὄνομα@nansc καί@cs δοξάζω@vmaa2s ἐγώ@rpacs σύ@rpncs πατήρ@nvmsp ὁ@ddfs δόξα@ndfsc ὅς@rpafs ἔχω@viia1s πρό@p ὁ@dgns ὁ@dams κόσμος@namsc εἰμί@vnpa-- παρά@p σύ@rpdcs εὔχομαι@viie3s δέ@b ἐν@p ὁ@ddfp ἐρῆμος@andfp- καί@cs παραγγέλλω@viia3s ὁ@ddmp μαθητής@ndmpc προσεύχομαι@vnpe-- μή@cs εἰσέρχομαι@vnaa-- εἰς@p πειρασμός@namsc καί@cs ὁ@dnns πνεῦμα@nnnsc πρόθυμος@annns- λέγω3@viia3s ὁ@dnfs δέ@b σάρξ@nnfsc ἀσθενής@annfs- καί@b περί@p ὁ@dgfs ἡμέρα@ngfsc ἤ1@cs ὁ@dgfs ὥρα@ngfsc ἐκεῖνος@rpgfs οὐδείς@rpnms ὁράω@viaa3s οὐ@b δέ@b ὁ@dnmp ἄγγελος@nnmpc οὐ@b δέ@cs ὁ@dnms υἱός@nnmsp εἶτα@b πάλιν@b φημί@vipa3p ἐπί@p οὗτος@rpdnp ὁ@dnmp δείλαιος@annmp- εἰ@cs εἰμί@viia3s κατά@p ὁ@dafs ὑμέτερος@anafs- διάνοια@nafsc ἀΐδιος@b ὑπάρχω@vppanms ὁ@dnms υἱός@nnmsp πρός@p ὁ@dams θεός@namsp οὐ@b τε@b ἄν@b ἀγνοέω@viaa3s περί@p ὁ@dgfs ἡμέρα@ngfsc ἀλλά@cs γιγνώσκω@viia3s ὡς@cs λόγος@nnmsp οὐ@b τε@cs ἄν@b ἐγκαταλείπω@viie3s ὁ@dnms συνυπάρχω@vppanms οὐ@b τε@b δόξα@nafsc αἰτέω@viia3s λαμβάνω@vnaa-- ἔχω@vppanms αὐτός@rpafs ἐν@p ὁ@ddms πατήρ@ndnsp οὐ@b τε@cs ὅλος@b εὔχομαι@viie3s οὐδείς@rpgns γάρ@b λόγος@nnmsp εἰμί@vppanms δέω2@viie3s ἀλλά@b ἐπεί@cs κτίσμα@nnnsc εἰμί@vipa3s καί@b εἰμί@p ὁ@dgmp γενητός@ngmpc διά@p οὗτος@rpans τοιοῦτος@rpanp λέγω3@viia3s καί@cs δέω2@viie3s ὅς@rpgnp οὐ@b ἔχω@viia3s κτίσμα@ngnpc γάρ@b ἴδιος@annns- ὁ@dnns χρῄζω@vnpa-- καί@cs δέω@vnpe-- οὖν@rpgnp οὐ@b ἔχω@vipa3p"
"inc. et c. Ar._27","τοιοῦτος@rpanp μέν@b οὖν@b ὁ@dnmp ἀσεβής@annmp- ἐξάγω@vipe3p λαλέω@vppanmp δεῖ@viia3s δέ@b οὗτος@rpanp διαλογίζομαι@vppeamp εἶπον@vnaa-- καί@b τολμηρός@anansc διά@p τίς@rpans ὅλος@b ὁ@dnms λόγος@nnmsp σάρξ@nnmsc γίγνομαι@viam3s καί@b πάλιν@b ἐπεῖπον@vnaa-- πῶς@b γάρ@b δύναμαι@viam3s θεός@nnmsp εἰμί@vppanms γίγνομαι@vnam-- ἄνθρωπος@nnmsc ἤ1@cs πῶς@b δύναμαι@viam3s ὁ@dnms ἀσώματος@ngnsc σῶμα@nansc φορέω@vnaa-- ἤ1@cs καί@cs ’@rpacs ἰουδαικός@anansc κατά@p ὁ@dams καϊάφας@namsp εἶπον@vnaa-- διά@p τίς@rpans ὅλος@b ἄνθρωπος@nnmsc εἰμί@vppanms ὁ@dnms χριστός@nnmsp θεός@namsp ἑαυτοῦ@rpams ποιέω@viia3s οὗτος@rpanp γάρ@b καί@cs ὁ@danp οὗτος@rpdnp παραπλήσιος@ananp- τότε@b μέν@b ἰουδαῖος@nnmpp βλέπω@vppanmp γογγίζω@viia3p νῦν@b δέ@cs ἀναγιγνώσκω@vppanmp ὁ@dnmp ἀρειομανίτης@nnmpp ἀπιστέω@vipa3p καί@cs εἰς@p βλασφημία@nafpc ἐκπίπτω@vira3p εἰ@cs τις@rpnms οὖν@b ἐκ@p παράλληλος@rpgns ὁ@danp οὗτος@rpgmp καί@cs ἐκεῖνος@rpgmp ἐξετάζω@vopa3s ῥῆμα@nanpc εὑρίσκω@vifa3s πάντως@b εἰς@p ὁ@dafs αὐτός@anafs- αὐτός@rpamp συναντάω@vppaamp ἀπιστία@nafsc καί@b ἴσος@anafs- αὐτός@rpgmp ὁ@dafs ὁ@dgfs ἀσέβεια@ngfsc τόλμα@nafsc καί@cs κοινός@anafs- αὐτός@rpgmp εἰμί@vppaafs ὁ@dafs πρός@p ἐγώ@rpamp μάχη@nafsc ἰουδαῖος@nnmpp μέν@b γάρ@b λέγω3@viia3p πῶς@b ἄνθρωπος@nnmsc εἰμί@vppanms δύναμαι@vipe3s θεός@nnmsp εἰμί@vnpa-- ἀρειανός@nnmpp δέ@b εἰ@cs θεός@nnmsp εἰμί@viia3s ἀληθινός@annms- ἐκ@p ὁ@dgms θεός@ngmsp πῶς@b δύναμαι@viam3s ἄνθρωπος@nnfsc γίγνομαι@vnam-- καί@cs ἰουδαῖος@nnmpp μέν@b σκιανδαλίζω@viie3p καί@cs χλευάζω@viia3p λέγω3@vppanmp οὐ@b ἄν@b οὖτος@rpnms εἰ@cs εἰμί@viia3s υἱός@nnmsp ὁ@dgms θεός@ngmsp ὑπομένω@viaa3s σταυρός@namsc ἀρειανός@nnmpp δέ@b εἰς@p ὁ@dans κατά@p ἀντικρύ@b ἵστημι@vppanmp αὐτός@rpgmp φάσκω@vipa3p ἐγώ@rpdcp πῶς@b τολμάω@vipa2p λέγω3@vnpa-- λόγος@namsp ἴδιος@anams- εἰμί@vnpa-- ὁ@dgfs ὁ@dgms πατήρ@ngmsp οὐσία@ngfsc ὁ@dams ἔχω@vppaams σῶμα@nansc ὥστε@cs οὗτος@rpans ὑπομένω@vnaa-- εἶτα@b ὁ@dgmp ἰουδαῖος@ngmpp ζητέω@vppagmp ἀποκτείνω@vnaa-- ὁ@dams κύριος@namsp ὅτι@cs πατήρ@nnfsp ἴδιος@anams- λέγω3@viia3s ὁ@dams θεός@namsp καί@cs ἴσος@anams- ἑαυτοῦ@rpams ποιέω@viia3s ἐργάζομαι@vppenms ὅς@rpanp ἐργάζομαι@vipe3s ὁ@dnms πατήρ@nnmsp μανθάνω@viaa3p ὁ@dnmp ἀρειανός@nnmpp λέγω3@vnpa-- καί@b αὐτός@rpnmp ὅτι@cs οὐ@b τε@cs ἴσος@annms- ὁ@ddms θεός@ndmsp εἰμί@vipa3s οὐ@b τε@cs πατήρ@nnmsp ἴδιος@annms- εἰμί@vipa3s καί@cs φύσις@ndfsc ὁ@dgms λόγος@ngmsp ὁ@dnms θεός@nnmsp ἀλλά@cs καί@b ὁ@damp οὗτος@rpanp φρονέω@vppaamp ζητέω@vipa3p ἀποκτείνω@vnaa-- πάλιν@nafsp τε@b ὁ@dgmp ἰουδαῖος@angmp- λέγω3@vppagmp οὐ@b οὗτος@rpnms εἰμί@vipa3s ὁ@dnms υἱός@nnmsc ὁ@dgms ἰωσήφ@ngmsp ὅς@rpgms ἐγώ@rpnmp οἶδα@vira1p ὁ@dams πατήρ@namsc καί@cs ὁ@dafs μήτηρ@nafsc πῶς@b οὖν@b λέγω3@vipa3s πρίν@cs ἀβραάμ@namsp γίγνομαι@vnam-- ἐγώ@rpncs εἰμί@vipa1s καί@cs ἐκ@p ὁ@dgms οὐρανός@ngmsc καταβαίνω@vira1s ὁ@dnmp ἀρειανός@nnmpp καί@b αὐτός@rpnmp ἐπακούω@vipa3p ἐκ@p ἴσος@angns- λέγω3@vppanmp πῶς@b δύναμαι@vipe3s λόγος@nnmsp εἰμί@vnpa-- ἤ1@cs θεός@nnmsp ὁ@dnms κοιμάω@vppenms ὡς@b ἄνθρωπος@nnfsc καί@cs κλαίω@vppanms καί@cs πυνθάνομαι@vppenms ἀμφότερος@annmp- γάρ@b ἐκ@p ὁ@dgnp ἀνθρώπινος@ngnpc οὖν@rpgnp ὑπομένω@viaa3s ὁ@dnms σωτήρ@nnmsp διά@p ὅς@rpgnp ἔχω@viia3s σάρξ@nafsc ἀρνέομαι@vipe3p ὁ@dafs ἀφθαρσία@nafsc καί@cs θεότης@nafsc ὁ@dgms λόγος@ngmsp"
"inc. et c. Ar._28","28@ ἰουδαικός@angfs- τοίνυν@b εἰμί@vppagfs καί@cs ἰουδαικός@angfs- ὁ@dgfs ἐκ@p ὁ@dgms προδότης@angms- ἰούδας@ngmsp ὁ@dgfs τοιοῦτος@angfs- παράνοια@ngfsc ἤ1@cs ἐκ@p φανερός@angns- πάλιν@b ὁμολογέω@vmpa3p ἑαυτοῦ@rpamp ὁ@dgms καϊάφας@ngmsp καί@cs ἡρώδης@ngmsp μαθητής@nampc εἰμί@vnpa-- μή@b σκέπω@vppanmp ὁ@dams ἰουδαϊσμός@namsp ὁ@ddns ὁ@dgms χριστιανισμός@ngmsp ὄνομα@ndnsc καί@cs ἀρνέομαι@vmpe3p τέλειος@anans- καθά@cs καί@b ἐν@p ὁ@ddnp ἔμπροσθεν@b ἐρῶ@vira1p ὁ@dafs ὁ@dgms σωτήρ@ngmsp ἔνσαρκος@anafs- παρουσία@nafsc οὗτος@rpnns γάρ@b ὁ@dgfs αἱοεσία@ngfsc αὐτός@rpgmp οἰκεῖος@annns- ὁ@dnns φρόνημα@nnnsc ἤ1@b εἰ@cs δείδω@vira3p ἰουδαίζω@nafsp ἐκ@p φανερός@angns- καί@cs περιτέμνω@vnpe-- διά@p ὁ@dafs πρός@p κωνστάντιος@namsp ἀρέσκεια@nafsc καί@cs ὁ@damp ἀπατάω@vpapamp παρά@p αὐτός@rpgmp μη@b δέ@b λέγω3@vmpa3p ὁ@danp ὁ@dgmp ἰουδαῖος@ngmpp δίκαιος@annns- γάρ@b ὅς@rpgnp ὁ@dnnp ὄνομα@nnnpc παραιτέομαι@vipe3p οὗτος@rpgnp ἀποστρέφω@vnpe-- καί@cs ὁ@dans φρόνημα@nansc χριστιανός@nnmpp γάρ@b εἰμί@vipa1p ὦ@i ἀρειανός@nvmpp χριστιανός@annmp- εἰμί@vipa1p ἐγώ@rpncp ἐγώ@rpgmp τε@b ἴδιος@annns- καλός@b ὁ@danp εὐαγγέλιον@nanpc νοέω@vnpa-- περί@p ὁ@dgms σωτήρ@ngmsp καί@b μή@b τε@b μετά@p ἰουδαῖος@ngmpp λιθάζω@vnpa-- αὐτός@rpams ἐάν@cs περί@p ὁ@dgfs θεότης@ngfsc καί@cs ὁ@dgfs ἀφθαρσία@ngfsc ἀκούω@vspa1p αὐτός@rpgms μή@b τε@cs μετά@p σύ@rpgmp σκανδαλίζω@vnpe-- ἐπί@p ὅς@rpdnp ἄν@b ὡς@b ἄνθρωπος@nnmsc ὑπέρ@p ἐγώ@rpgmp ταπεινός@andnp- φθέγγομαι@vope3s ῥῆμα@ndnpc εἰ@cs ἐθέλω@vipa2p γοῦν@b καί@b σύ@rpnmp γίγνομαι@vnam-- χριστιανός@nnmpp ἀποτίθημι@vmam2p ὁ@dafs ἄρειος@ngmsp μανία@nafsc ὁ@dafs τε@cs ἀκοή@nafsc σύ@rpgcp ὁ@dafs ῥυπόω@vpapafs ἀπό@p ὁ@dgnp βλάσφημος@angnp- ῥῆμα@ngnpc ἀπονίζω@vmam2p ὁ@ddmp ὁ@dgfs εὐσέβεια@ngfsc λόγος@ndmpc γιγνώσκω@vppanmp ὡς@cs παύω@vppenmp ὁ@dgns εἰμί@vnpa-- ἀρειανός@nnmpp παύω@vifm2p καί@b ὁ@dgfs ὁ@dgmp νῦν@b ἰουδαῖος@ngmpp κακοφρούνη@ngfsc εὐθύς@b τε@cs ὡς@cs ἀπό@p σκότος@ngnsc ὁ@dnfs ἀλήθεια@nnfsc σύ@rpdmp λάμπω@vifa3s καί@b οὐκέτι@b μέν@b ἐγώ@rpdmp ὀνειδίζω@vifa2p ὡς@cs δύο@an---- ἀίδιος@ananp- λέγω3@vipa3p γιγνώσκω@vifm2p δέ@cs καί@b σύ@rpnmp ὅτι@cs τε@b ἀληθινός@annms- καί@cs φύσις@ndfsc υἱός@nnmsp εἰμί@vipa3s ὁ@dgms θεός@ngmsp ὁ@dnms κύριος@nnmsp καί@cs οὐ@b ἁπλόος@b ἀίδιος@annms- ἀλλά@cs ὁ@ddfs ὁ@dgms πατήρ@ngmsp ἀφθαρσία@ndfsc σύνειμι@vppanms γιγνώσκω@vipe3s εἰμί@vipa3s γάρ@b λέγω3@vppennp ἀίδιος@annnp- οὖν@rpgnp αὐτός@rpnms δημιουργός@nnmsc εἰμί@vipa3s ἐν@p γάρ@b ὁ@ddms εἰκοστός@andms- τρίτος@andms- ψαλμός@ndmsc γράφω@vire3s αἴρω@vmaa2p πύλη@nafpc ὁ@dnmp ἄρχω@nvmpc σύ@rpgcp καί@cs ἐπαραρίσκω@vmap2p πύλη@nvfpc αἰώνιος@anvfp- δῆλος@nnnsp δέ@b εἰμί@vipa3s ὅτι@cs διά@p αὐτός@rpgms καί@b οὗτος@rpnnp γίγνομαι@vira3s εἰ@cs δέ@b καί@b ὁ@dgnp αἰώνιος@angnp- αὐτός@rpnms εἰμί@vipa3s δημιουργός@nnmsc τις@rpnms ἐγώ@rpgmp ἔτι@b λοιπός@anans- ἀμφιβάλλω@vnpa-- δύναμαι@vifm3s ὅτι@cs καί@b οὗτος@angnp- ὁ@dgnp ἀΐδιος@angmp- ἀνώτερος@annms- εἰμί@vipa3s καί@cs οὐ@b τοσοῦτος@rpans ἐκ@p ὁ@dgns ἀΐδιος@ngnsc γνωρίζω@vipe3s κύριος@nnmsp ὅσος@anans- ὅτι@cs υἱός@nnmsp εἰμί@vipa3s ὁ@dgms θεός@ngmsp υἱός@nnmsp γάρ@b εἰμί@vppanms ἀχώριστος@annms- εἰμί@vipa3s ὁ@dgms πατήρ@ngmsp καί@cs οὐ@b εἰμί@viia3s ὅτε@cs οὐ@b εἰμί@viia3s ἀλλά@cs ἀεί@b εἰμί@viia3s καί@b εἰκών@vpaanms καί@cs ἀπαύγασμα@nnnsc εἰμί@vppanms ὁ@dgms πατήρ@ngmsp ἔχω@vipa3s καί@b ὁ@dafs ἀφθαρσία@nafsc ὁ@dgms πατήρ@ngmsp ὅπως@cs μέν@b οὖν@b ἐλέγχω@viap3p κακός@b νοέω@vppanmp ὅς@rpanp προφασίζομαι@viie3p ῥητός@ananp- δυνατός@annns- πως@b ἐκ@p ὁ@dgnp ἔμπροσθεν@b διά@p ὀλίγος@angnp- ἐρῶ@vpregnp καταμανθάνω@vnaa-- ὅτι@cs δέ@b καί@b ἐν@p ὅς@rpdnp πάλιν@b προφασίζομαι@vipe3p νῦν@b ἐκ@p ὁ@dgnp εὐαγγέλιον@angnp- γνωρίζω@vipe3p σαθρός@anafs- ἔχω@vppanmp ὁ@dafs διάνοια@nafsc ῥᾴδιος@annns- εἰμί@vipa3s σύνεἶδον@vnpa-- ἐάν@cs μάλιστα@b καί@b νῦν@b ὁ@dams σκοπός@namsc ὁ@dgfs κατά@p ἐγώ@rpamp ὁ@damp χριστιανός@nampp πίστις@ngfsc λαμβάνω@vsaa1p καί@b οὗτος@rpdns ὥσπερ@b κανών@ndmsc χράω2@vpamnmp προσέχω@vspa1p ὡς@cs εἶπον@viaa3s ὁ@dnms ἀπόστολος@nnmsc ὁ@ddfs ἀνάγνωσις@ndfsc ὁ@dgfs θεόπνευστος@angfs- γραφή@ngfsc ὁ@dnmp γάρ@b χριστομάχος@nnmpp οὗτος@rpams ἀγνοέω@vpaanmp πλανάω@viap3p ἀπό@p ὁ@dgfs ὁδός@ngfsc ὁ@dgfs ἀλήθεια@ngfsc καί@cs προσκόπτω@viaa3p ὁ@ddms λίθος@ndmsc ὁ@dgns πτῶμα@ngnsc φρονέω@vppanmp παρά@p ὅς@rpans δεῖ@vipa3s φρονέω@vnpa--"
"inc. et c. Ar._29","29@ σκοπός@nnmsp τοίνυν@b οὗτος@annms- καί@cs χαρακτήρ@nnmsc ὁ@dgfs ἅγιος@angfs- γραφή@ngfsc ὡς@cs πολλάκις@b εἶπον@viaa1p διπλόος@anafs- εἰμί@vnpa-- ὁ@dafs περί@p ὁ@dgms σωτήρ@ngmsp ἐπαγγελία@nafsc ἐν@p αὐτός@rpdfs ὅτι@cs τε@b ἀεί@b θεός@nnmsp εἰμί@viia3s καί@cs υἱός@nnmsp εἰμί@vipa3s λόγος@nnmsp εἰμί@vppanms καί@b ἀπαύγασμα@nnnsc καί@cs σοφία@nnfsc ὁ@dgms πατήρ@ngmsp καί@b ὅτι@cs ὕστερος@anans- διά@p ἐγώ@rpa-p σάρξ@nafsc λαμβάνω@vpaanms ἐκ@p παρθένος@ngfsc ὁ@dgfs θεοτόκος@ngmsp μαρία@ngfsp ἄνθρωπος@nnmsc γίγνομαι@vira3s καί@cs εἰμί@vipa3s μέν@b οὗτος@rpams εὑρίσκω@vnaa-- διά@p πᾶς@angfs- ὁ@dgfs θεόπνευστος@angfs- γραφή@ngfsc σημαίνω@vppeams ὡς@cs αὐτός@annms- ὁ@dnms κύριος@nnmsp ἐρῶ@vira3s ἐρευνάω@vmaa2p ὁ@dafp γραφή@nafpc ὅτι@cs αὐτός@rpnfp εἰμί@vipa3p ὁ@dnfp μαρτυρέω@vppanfp περί@p ἐγώ@rpgms ἵνα@cs δέ@b μή@b πᾶς@ananp- ὁ@danp ῥητός@ananp- συνάγω@vppanms πολύς@annms- ἐν@p ὁ@ddns γράφω@vnpa-- γίγνομαι@vsam1s ἀρκέω@vsap1p ὡς@cs πᾶς@angmp- μνημονέω@vnaa-- ὁ@dgms μέν@b ἰώαννης@ngmsp λέγω3@vppagms ἐν@p ἀρχή@ndfsc εἰμί@viia3s ὁ@dnms λόγος@nnmsp καί@cs ὁ@dnms λόγος@nnmsp εἰμί@viia3s πρός@p ὁ@dams θεός@namsp καί@cs θεός@nnmsp εἰμί@viia3s ὁ@dnms ἀόγος@nnmsp οὗτος@rpnms εἰμί@viia3s ἐν@p ἀρχή@ndfsc πρός@p ὁ@dams θεός@namsp πᾶς@annnp- διά@p αὐτός@rpgms γίγνομαι@viam3s καί@cs χωρίς@p αὐτός@rpgms γίγνομαι@viam3s οὐ@b δέ@cs εἷς@ εἶτα@b καί@cs ὁ@dnms λόγος@nnmsp σάρξ@nnmsc γίγνομαι@viam3s καί@cs σκηνόω@viaa3s ἐν@p ἐγώ@rpdcp καί@cs θεάομαι@viam1p ὁ@dafs δόξα@nafsc αὐτός@rpgms δόξα@nafsc ὡς@b μονογενής@angms- παρά@p πατήρ@ngmsp ὁ@dgms δέ@b παῦλος@ngmsp γράφω@vppagms ὅς@rpnms ἐν@p μορφή@ndfsc θεός@ngmsp ὑπάρχω@vppanms οὐ@b ἁρπαγμός@namsc ἡγέομαι@viam3s ὁ@dans εἰμί@vnpa-- ἴσος@ananp- θεός@ndmsp ἀλλά@b ἑαυτοῦ@anams- κενόω@viaa3s μορφή@nafsc δοῦλος@ngmsc λαμβάνω@vpaanms ἐν@p ὁμοίωμα@ndnsc ἄνθρωπος@ngmpc γίγνομαι@vpamnms καί@cs σχῆμα@ndnsc εὑρίσκω@vpapnms ὡς@b ἄνθρωπος@nnmsc ταπεινόω@viaa3s ἑαυτοῦ@rpams γίγνομαι@vpamnms ὑπήκοος@annms- μέχρι@p θάνατος@ngmsc θάνατος@ngmsc δέ@b σταυρός@ngmsc ἀπό@p οὗτος@rpgnp γάρ@b ὁ@ddfs αὐτός@andfs- διάνοια@ndfsc διέρχομαι@vppenms τις@rpnms πᾶς@anafs- ὁ@dafs γραφή@nafsc ὁράω@vifm3s πῶς@b ἐν@p ἀρχή@ndfsc μέν@b εἶπον@viaa3s οὗτος@rpdms ὁ@dnms πατήρ@nnmsp γίγνομαι@vmap3s φάος@nnnsc καί@cs γίγνομαι@vmap3s στερέωμα@nnnsc καί@cs ποιέω@vsaa1p ἄνθρωπος@namsc ἐπί@p δέ@b συντελεία@ndfsc ὁ@dgmp αἰών@ngmpc ἀποστέλλω@viaa3s αὐτός@rpams εἰς@p ὁ@dams κόσμος@namsc οὐ@b ἵνα@cs κρίνω@vspa3s ὁ@dams κόσμος@namsc ἀλλά@cs ἵνα@cs σώζω@vsap3s ὁ@dnms κόσμος@nnmsc διά@p αὐτός@rpgms καί@cs γράφω@vire3s ἰδού@nafsp ὁ@dnfs παρθένος@nnfsc ἐν@p γαστήρ@ndfsc ἔχω@vifa3s καί@cs τίκτω@vifm3s υἱός@namsc καί@b καλέω@vifa3p ὁ@dans ὄνομα@nansc αὐτός@rpgms ἐμμανουήλ@nnmsp ὅς@rpnns εἰμί@vipa3s μεθερμηνεύω@vppenns μετά@p ἐγώ@rpgmp ὁ@dnms θεός@nnmsp"
"inc. et c. Ar._30","ὁ@dnms τοίνυν@b ἐντυγχάνω@vppanms ὁ@ddfs θεῖος2@andfs- γραφή@ndfsc ἀπό@p μέν@b ὁ@dgnp παλαιός@angnp- ὁ@danp ῥητός@ananp- καταμανθάνω@vmpa3s ἀπό@p δέ@cs ὁ@dgnp εὐαγγέλιον@angnp- θεωρέω@vmpa3s ὁ@dams κύριος@namsp γίγνομαι@vpamams ἄνθρωπος@namsc ὁ@dnms λόγος@nnmsp γάρ@b φημί@vipa3s σάρξ@nnmsc γίγνομαι@viam3s καί@cs σκηνόω@viaa3s ἐν@p ἐγώ@rpdcp ἄνθρωπος@nnmsp δέ@b γίγνομαι@vira3s καί@cs οὐ@b εἰς@p ἄνθρωπος@namsc ἔρχομαι@viaa3s καί@b οὗτος@rpans γάρ@b ἀναγκαῖος@anans- οἶδα@vnra-- μήποτε@cs καί@b εἰς@p οὗτος@rpans πίπτω@vpaanmp ὁ@dnmp ἀσεβής@annmp- ἀπατάω@vsaa3p τις@rpamp καί@cs ἐκεῖνος@rpnmp νομίζω@vsaa3p ὅτι@cs ὥσπερ@cs ἐν@p ὁ@ddmp ἔμπροσθεν@b χρόνος@ndmpc εἰς@p ἕκαστος@anans- ὁ@dgnp ἄγιος@angnp- γίγνομαι@viie3s οὕτως@b καί@b νῦν@b εἰς@p ἄνθρωπος@namsc ἐπιδημέω@viaa3s ὁ@dnms λόγος@nnmsp ἁγιάζω@vppanms καί@b οὗτος@rpams καί@b φανερῶ@vppenms ὥσπερ@cs καί@b ἐν@p ὁ@ddnp ἄλλος@rpdnp εἰ@cs γάρ@b οὕτως@b εἰμί@viia3s καί@cs μόνος@b ἐν@p ἄνθρωπος@ndmsc φαίνω@vpapnms εἰμί@viia3s οὐδείς@rpnns εἰμί@viia3s παράδοξος@annns- οὐ@b τε@cs ὁ@dnmp ὁράω@vppanmp ἐκνίζω@viie3p λέγω3@vppanmp ποδαπὸς@nnmsp ἄρα@b εἰμί@vipa3s οὖτος@rpnms καί@cs διά@p τίς@rpans σύ@rpncs ἄνθρωπος@nnmsc εἰμί@vppanms ποιέω@vipa2s σεαυτοῦ@rpams θεός@namsp ἔχω@viia3p γάρ@b ὁ@dafs συνήθεια@nafsc ἀκούω@vppanmp καί@cs γίγνομαι@viam3s λόγος@nnmsp κύριος@ngmsp πρός@p ἕκαστος@anams- ὁ@dgmp προφήτης@ngmpc νῦν@b δέ@b ἐπεί@cs ὁ@dnms ὁ@dgms θεός@ngmsp λόγος@nnmsp διά@p ὅς@rpgms γίγνομαι@vira3s ὁ@dnnp πᾶς@annnp- ὑπομένω@viaa3s καί@b υἱός@namsp ἄνθρωπος@ngmsc γίγνομαι@vnam-- καί@cs ταπεινόω@viaa3s ἑαυτοῦ@rpams λαμβάνω@vpaanms δοῦλος@ngmsc μορφή@nafsc διά@p οὗτος@rpans ἰουδαῖος@ndmpp μέν@b σκάνδαλον@nnnsc εἰμί@vipa3s ὁ@dnms ὁ@dgms χριστός@ngmsp σταυρός@nnmsc ἐγώ@rpdcp δέ@b χριστός@nnmsp θεός@ngmsp δύναμις@nnfsc καί@cs θεός@ngmsp σοφία@nnfsc ὁ@dnms λόγος@nnmsp γάρ@b ὡς@cs λέγω@viaa3s ὁ@dnms ἰώαννης@nnmsp σάρξ@nnmsc γίγνομαι@viam3s ὁ@dgfs γραφή@ngfsc ἔθος@nansc ἔχω@vppagfs λέγω3@vnpa-- σάρξ@nafsc ὁ@dams ἄνθρωπος@namsc ὡς@cs διά@p ἰωήλ@ngmsp ὁ@dgms προφήτης@ngmsc φημί@vipa3s ἐκχέω@vipa1s ἀπό@p ὁ@dgns πνεῦμα@ngnsp ἐγώ@rpgcs ἐπί@p πᾶς@anafs- σάρξ@nafsc καί@b ὡς@cs δανιὴλ@nnmsp ἐρῶ@vira3s ὁ@ddms ἀστυάγης@namsp ὁὐ@b σέβομαι@vipe1s εἴδωλον@nanpc χειροποίητος@ananp- ἀλλά@cs ὁ@dams ζάω@vppaams θεός@namsp ὁ@dams κτίζω@vpaaams ὁ@dams οὐρανός@namsc καί@cs ὁ@dafs γῆ@nafsc καί@cs ἔχω@vppaams πᾶς@angfs- σάρξ@ngfsc κυριεία@nafsc σάρξ@nafsc γάρ@b καί@cs οὗτος@rpnms καί@cs ἰωήλ@nnmsp ὁ@dnns ὁ@dgmp ἄνθρωπος@ngmpc γένος@nansc λέγω3@vipa3p"
"inc. et c. Ar._31","31@ πάλαι@nnmsp μέν@b οὖν@b πρός@p ἕκαστος@anams- ὁ@dgnp ἅγιος@angnp- γίγνομαι@viie3s καί@cs ἁγιάζω@viia3s μέν@b ὁ@damp γνήσιος@b δέχομαι@vppeamp αὐτός@rpams οὐ@b τε@cs δέ@b γεννάω@vppegmp ἐκεῖνος@rpgmp ἐρῶ@vire3s ὅτι@cs αὐτός@rpnms γίγνομαι@vire3s ἄνθρωπος@nnmsc οὐ@b τε@cs πάσχω@vppagmp ἐκεῖνος@rpgmp ἐρῶ@vire3s πάσχω@vira3s αὐτός@rpnms ὅτε@cs δέ@b ἐκ@p μαρία@ngfsp ἐπιδημέω@viaa3s ἅπαξ@b ἐπί@p συντελεία@ndfsc ὁ@dgmp ἀιώνων@ngmpc εἰς@p ἀθέτησις@nafsc ἁμαρτία@ngfsc οὕτως@b γάρ@b εὐδοκέω@vpaanms ὁ@dnms πατήρ@nnmsp πέμπω@viaa3s ὁ@dams ἑαυτοῦ@rpgms υἱός@namsp γίγνομαι@vpamams ἐκ@p γυνή@ngfsc γίγνομαι@vpamams ὑπό@p νόμος@namsc τότε@b ἐρῶ@vire3s ὅτι@cs σάρξ@nafsc προσλαμβάνω@vpaanms γίγνομαι@vire3s ἄνθρωπος@nnmsc καί@cs ἐν@p οὗτος@rpdfs πάσχω@vira3s ὑπέρ@p ἐγώ@rpgmp ὡς@cs λέγω@viaa3s ὁ@dnms πέτρος@nnmsp χριστός@ngmsp οὖν@b πάσχω@vpaagms ὑπέρ@p ἐγώ@rpgmp σάρξ@ndfsc ἵνα@cs δείκνυμι@vsap3s καί@b πᾶς@annmp- πιστεύω@vsaa1p ὅτι@cs ἀεί@b εἰμί@vppanms θεός@nnmsp καί@cs ἁγιάζω@vppanms πρός@p ὅς@rpamp γίγνομαι@viam3s διακοσμέω@vppanms τε@cs κατά@p ὁ@dans βούλημα@nansc ὁ@dgms πατήρ@ngmsp ὁ@danp πᾶς@ananp- ὕστερος@b καί@b διά@p ἐγώ@rpamp γίγνομαι@vira3s ἄνθρωπος@nnmsc καί@cs σωματικός@b ὡς@cs φημί@vipa3s ὁ@dnms ἀπόστολος@nnmsc κατοικέω@viaa3s ὁ@dnfs θεότης@nnfsc ἐν@p ὁ@ddfs σάρξ@ndfsc ἴσος@annns- ὁ@ddns φημί@vnpa-- θεός@nnmsp εἰμί@vppanms ἴδιος@anans- ἔχω@viaa3s σῶμα@nansc καί@cs οὗτος@rpdns χράομαι@vppenms ὄργανον@ndnsc γίγνομαι@vira3s ἄνθρωπος@nnmsc διά@p ἐγώ@rpafp καί@cs διά@p οὗτος@rpans ὁ@dnnp μέν@b ἴδιος@annnp- οὗτος@rpgfs αὐτός@rpgms λέγω3@vipe3s ἐπεί@cs ἐν@p αὐτός@rpdfs εἰμί@viia3s οἷος@rpnnp εἰμί@vipa3s ὁ@dnns πεινάω@vnpa-- ὁ@dnns διψάω@vnpa-- ὁ@dnns πάσχω@vnpa-- ὁ@dnns κοπιάω@vppanms καί@cs ὁ@dnnp ὅμοιος@annnp- ὅς@rpgnp εἰμί@vipa3s ὁ@dnfs σάρξ@nnfsc δεκτικός@annfs- ὁ@danp δέ@b αὐτός@angms- ὁ@dgms λόγος@ngmsp ἴδιος@ananp- ἔργον@nanpc οἷος@annnp- εἰμί@vipa3s ὁ@dans ἐγείρω@vnpa-- νεκρός@anamp- καί@b τυφλός@anamp- ποιέω@vnpa-- ἀναβλέπω@vnpa-- καί@cs ὁ@dafs αἱμοῤῥοέω@vppaafs ἰάομαι@vnpe-- αὐτός@rpams διά@p ὁ@dgns ἴδιος@angns- σῶμα@ngnsc αὐτός@rpnms ποιέω@viia3s καί@b ὁ@dnms μέν@b λόγος@nnmsp ὁ@dafp ὁ@dgfs σάρξ@ngfsc βαστάζω@viia3s ἀσθένεια@nafpc ὡς@b ἴδιος@anafp- αὐτός@rpgms γάρ@b εἰμί@viia3s ὁ@dnfs σάρξ@nnfsc καί@b ὁ@dnfs σάρξ@nnfsc δέ@b ὑπουργέω@vipa3s ὁ@ddnp ὁ@dgfs θεότης@ngfsc ἔργον@ndnpc ὅτι@cs ἐν@p αὐτός@rpdfs γίγνομαι@viam3s θεός@ngmsp γάρ@x εἰμί@viia3s σῶμα@nnnsc εὖ@b δέ@b ὁ@dnms προφήτης@nnmsc ἐρῶ@vira3s βαστάζω@viaa3s καί@cs οὐ@b ἐρῶ@vira3s ὁ@dafp ἀσθένεια@nafpc ἐγώ@rpgmp αὐτός@rpnms θεραπεύω@viaa3s ἵνα@cs μή@b ὡς@b ἐκτός@p εἰμί@vppanms ὁ@dgns σῶμα@ngnsc καί@cs μόνος@anans- αὐτός@rpans ἰάομαι@vpamnms ὡς@cs ἀεί@b ποιέω@vira3s ὑπεύθυνος@anamp- πάλιν@b ὁ@dgms θάνατος@ngmsc ὁ@damp ἄνθρωπος@nampc καταλιμπάνω@vsaa3s ὁ@dafp δέ@b ἀσθένεια@nafpc ἐγώ@rpgcp βαστάζω@vipa3s καί@cs ὁ@dafp ἁμαρτία@nafpc ἐγώ@rpgcp αὐτός@annms- φέρω@vipa3s ἵνα@cs δείκνυμι@vsap3s ὅτι@cs τε@b ἄνθρωπος@nnmsc διά@p ἐγώ@rpamp γίγνομαι@vira3s καί@cs σῶμα@nnnsc ὁ@dnns ἐν@p αὐτός@rpdms φέρω@vppanns αὐτός@rpafp αὐτός@rpgms ἴδιος@annns- εἰμί@vipa3s καί@b αὐτός@rpnms μέν@b οὐδείς@rpans βλάπτω@viie3s ἀναφέρω@vppanms ὁ@dafp ἁμαρτία@nafpc ἐγώ@rpgcp ἐπί@p ὁ@dans ξύλον@nansc ὁ@ddns σῶμα@ndnsc αὐτός@rpgms ὡς@cs λέγω@viaa3s ὁ@dnms πέτρος@nnmsp ἐγώ@rpnmp δέ@b ὁ@dnmp ἄνθρωπος@nnmpc ἀπό@p μέν@b ὁ@dgnp ἴδιος@angnp- πάθος@ngnpc ῥύομαι@vipe1p ὁ@dgfs δέ@cs ὁ@dgms λόγος@ngmsp δικαιοσύνη@ngfsc πληρόω@vipe1p"
"inc. et c. Ar._32","ὅθεν@b ὁ@dgfs σάρξ@ngfsc πάσχω@vppagfs οὐ@b εἰμί@viia3s ἐκτός@p οὗτος@rpgfs ὁ@dnms λόγος@nnmsp διά@p οὗτος@rpans γάρ@b αὐτός@rpgms λέγω3@vipe3s καί@cs ὁ@dnns πάθος@nnnsc καί@b θεϊκός@b δέ@b ποιέω@vppagms αὐτός@rpgms ὁ@danp ἔργον@nanpc ὁ@dgms πατήρ@ngmsp οὐ@b εἰμί@viia3s ἔξωθεν@b αὐτός@rpgms ὁ@dnfs σάρξ@nnfsc ἀλλά@b ἐν@p αὐτός@andns- ὁ@ddns σῶμα@ndnsc οὗτος@rpanp πάλιν@b ὁ@dnms κύριος@nnmsp ποιέω@viia3s διά@p οὗτος@rpans γάρ@b καί@b ἄνθρωπος@nnmsc γίγνομαι@vpamnms λέγω3@viia3s εἰ@cs οὐ@b ποιέω@vipa1s ὁ@danp ἔργον@nanpc ὁ@dgms πατήρ@ngmsp ἐγώ@rpgms μή@b πιστεύω@vmpa2p ἐγώ@rpdcs εἰ@cs δέ@b ποιέω@vipa1s καί@b ἄν@cs ἐγώ@rpdms μή@b πιστεύω@vspa2p ὁ@ddnp ἔργον@ndnpc πιστεύω@vmpa2p ἵνα@cs γιγνώσκω@vipa2p ὅτι@cs ἐν@p ἐγώ@rpdms ὁ@dnms πατήρ@nnmsp καί@cs ἐγώ@rpnms ἐν@p αὐτός@rpdms ἀμέλει@b ὅτε@cs χρεία@nnfsc γίγνομαι@vira3s ὁ@dafs νύμφη@anafs- θέρα@nafsc ὁ@dgms πέτρος@ngmsp πυρέσσης@vppaafs ἐγείρω@vnaa-- ἀνθρώπινος@b μέν@b ἐκτείνω@viaa3s ὁ@dafs χείρ@nafsc θεϊκός@b δέ@cs εἰμί@viia3s παύω@vppanms ὁ@dafs νόσος@nafsc καί@cs ἐπί@p μέν@b ὁ@dgns ἐκ@p γενετή@ngfsc τυφλός@angms- ἀνθρώπινος@anans- ἀπό@p ὁ@dgfs σάρξ@ngfsc ἀφίημι@viia3s ὁ@dans πτύσμα@nansc θεϊκός@b δέ@b ὁ@damp ὀφθαλμός@nampc ἀνοίγνυμι@viia3s διά@p ὁ@dgms πηλός@ngmsc ἐπί@p δέ@b ὁ@dgms λάζαρος@ngmsp φωνή@nafsc μέν@b ὡς@cs ἄνθρωπος@nnmsc ἀνθρώπινος@anafs- ἀφίημι@viia3s θεϊκός@b δέ@b ὡς@cs θεός@nnmsp ὁ@dams λάζαρος@namsp ἀγείρω@viaa3s ἐκ@p νεκρός@angmp- οὗτος@rpnnp δέ@b οὕτως@b γίγνομαι@viie3s καί@cs δείκνυμι@viie3s ὅτι@cs μή@b φαντασία@ndfsc ἀλλά@cs ἀληθής@b εἰμί@viia3s ἔχω@vppanms σῶμα@nansc πρέπω@viia3s δέ@b ὁ@dams κύριος@namsp ἐνδιδύσκω@vppeams ἀνθρώπινος@anafs- σάρξ@nafsc οὗτος@rpafs μετά@p ὁ@dgnp ἴδιος@angnp- πάθος@ngnpc αὐτός@rpgfs ὅλος@anafs- ἐνδύω@vnam-- ἵνα@cs ὥσπερ@cs ἴδιος@anans- αὐτός@rpgms ’@ananp- λέγω3@vipa1p εἰμί@vnpa-- ὁ@dans σῶμα@nansc οὕτως@b καί@b ὁ@dnnp ὁ@dgns σῶμα@ngnsc πάθος@nnnpc ἴδιος@annnp- μόνος@b αὐτός@rpgms λέγω3@vspe3s εἰ@cs καί@b μή@b ἅπτω@viie3s κατά@p ὁ@dafs θεότης@nafsc αὐτός@rpgms εἰ@cs μέν@b οὖν@b ἕτερος@angms- εἰμί@viia3s ὁ@dnns σῶμα@nnnsc ἐκεῖνος@rpgms ἄν@b λέγω3@vope3s καί@b ὁ@danp πάθος@nanpc εἰ@cs δέ@b ὁ@dgms λόγος@ngmsp ὁ@dnfs σάρξ@nnfsc ὁ@dnms γάρ@b λόγος@nnmsp σάρξ@nnmsc γίγνομαι@viam3s ἀνάγκη@nnfsc καί@cs ὁ@danp ὁ@dgfs σάρξ@ngfsc πάθος@nanpc λέγω3@vnpe-- αὐτός@rpgms οὖ@b καί@cs ὁ@dnfs σάρξ@nnfsc εἰμί@vipa3s οὖ@b δέ@b λέγω3@vipe3s ὁ@dnnp πάθος@nnnpc οἷος@rpnnp εἰμί@vipa3s μάλιστα@b ὁ@dnns καταδικάζω@vnap-- ὁ@dnns μαστιγόω@vnap-- ὁ@dnns διψάω@vnpa-- καί@cs ὁ@dnms σταυρός@nnmsc καί@cs ὁ@dnms θάνατος@nnmsc καί@cs ὁ@dnfp ἄλλος@annfp- ὁ@dgns σῶμα@ngnsc ἀσθένεια@nnfpc οὗτος@rpgms καί@cs ὁ@dnns κατόρθωμα@nnnsc καί@cs ὁ@dnfs χάρις@nnfsc εἰμί@vipa3s διά@p οὗτος@rpans τοίνυν@b ἀκόλουθος@b καί@cs πρεπόντως@b οὐ@b ἄλλος@angms- ἀλλά@cs ὁ@dgms κύριος@ngmsp λέγω3@vipe3s ὁ@dnnp τοιοῦτος@annnp- πάθος@nnnpc ἵνα@cs καί@b ὁ@dnfs χάρις@nnfsc παρά@p αὐτός@rpgms εἰμί@vspa3s καί@cs μή@b ἄλλος@rpgns λάτρα@nnfpc γιγνώσκω@vspe1p ἀλλά@cs ἀληθής@b θεοσεβής@vipa2s ὅτι@cs μηδείς@rpams ὁ@dgmp γενητός@ngmpc μη@b δέ@cs κοινός@anams- τις@anams- ἄνθρωπος@namsc ἀλλά@cs ὁ@dams ἐκ@p ὁ@dgms θεός@ngmsp φύσις@ndfsc καί@cs ἀληθινός@anams- υἱός@namsp οὗτος@anams- καί@b γίγνομαι@vpamams ἄνθρωπος@namsc οὐδείς@anans- ἦττον@anansc κύριος@namsp αὐτός@rpams καί@cs θεός@namsp καί@cs σωτήρ@namsp ἐπικαλέω@vipe1p"
"inc. et c. Ar._33","33@ οὗτος@rpans δέ@b τις@rpncs οὐ@b ἄν@b θαυμάζω@voaa3s ἤ1@b τις@rpnms οὐ@b ἄν@b συντίθημι@voam3s θεῖος1@anans- ἀληθής@b εἰμί@vnpa-- ὁ@dans πρᾶγμα@nansc εἰ@cs γάρ@b ὁ@dnnp ὁ@dgfs θεότης@ngfsc ὁ@dgms λόγος@ngmsp ἔργον@nnnpc μή@b διά@p ὁ@dgns σῶμα@ngnsc γίγνομαι@viie3s οὐ@b ἄν@b θεοποιέω@viap3s ἄνθρωπος@nnmsc καί@b πάλιν@b εἰ@cs ὁ@dnnp ἴδιος@annnp- ὁ@dgfs σάρξ@ngfsc οὐ@b λέγω3@viie3s ὁ@dgms λόγος@ngmsp οὐ@b ἄν@b ἐλευθερόω@viap3s παντελής@b ἀπό@p οὗτος@rpgnp ὁ@dnms ἄνθρωπος@nnfsc ἀλλά@b εἰ@cs ἄρα@b πρός@p ὀλίγος@anans- μέν@b ἀναπαύω@viie3s ὡς@cs προεῖπον@viaa1s πάλιν@b δέ@cs μένω@viia3s ὁ@dnfs ἁμαρτία@nnfsc ἐν@p αὐτός@rpdns καί@cs ὁ@dnfs φθορά@nnfsc ὥσπερ@cs ἐπί@p ὁ@dgmp ἔμπροσθεν@b ἄνθρωπος@ngmpc γίγνομαι@vira3s καί@b οὗτος@rpnns δείκνυμι@vipe3s πολύς@annmp- γοῦν@b ἅγιος@annmp- γίγνομαι@vira3p καί@cs καθαρός@annmp- πᾶς@angfs- ἁμαρτία@ngfsc ἱερεμίας@ngfsp δέ@b καί@b ἐκ@p κοιλία@ngfsc ἡγιάζω@viap3s καί@b ἰώαννης@nnmsp ἔτι@b κυοφορέω@vppenms σκιρτάω@viaa3s ἐν@p εὐφραίνω@nanpc ἐπί@p ὁ@ddfs φωνή@ndfsc ὁ@dgfs θεοτόκος@ngmsp μαρία@ngfsp καί@b ὅμως@b βασιλεύω@viaa3s ὁ@dnms θάνατος@nnmsc ἀπό@p ἀδάμ@ng-sp μέχρι@p μωσῆς@ng-sp καί@cs ἐπί@p ὁ@damp μή@b ἁμαρτάνω@vpaaamp ἐπί@p ὁ@ddns ὁμοίωμα@ndnsc ὁ@dgfs παράβασις@ngfsc ἀδάμ@ngmsp καί@b οὕτως@b μένω@viia3p οὐδείς@anans- ἥσσων@anansc ὁ@dnmp ἄνθρωπος@nnmpc θνητός@annmp- καί@cs φθαρτός@annmp- δεκτικός@annmp- ὁ@dgnp ἴδιος@angnp- ὁ@dgfs φύσις@ngfsc πάθος@ngnpc νῦν@b δέ@b ὁ@dgms λόγος@ngmsp γίγνομαι@vpamgms ἄνθρωπος@ngmsc καί@cs ἰδιοποιέω@vppegms ὁ@danp ὁ@dgfs σάρξ@ngfsc οὐκέτι@b οὗτος@rpnnp ὁ@dgns σῶμα@ngnsc ἅπτω@vipe3s διά@p ὁ@dams ἐν@p αὐτός@rpdms γίγνομαι@vpamams λόγος@namsp ἀλλά@b ὑπό@p αὐτός@rpgms μέν@b ἀναλίσκω@vsam3s λοιπός@anans- δέ@cs ὁ@dnmp ἄνθρωπος@nnmpc οὐκέτι@b κατά@p ὁ@danp ἴδιος@ananp- πάθος@viae3p μένω@vipa3p ἁμαρτωλός@annmp- καί@cs νεκρός@annmp- ἀλλά@cs κατά@p ὁ@dafs ὁ@dgms λόγος@ngmsp δύναμις@nafsc ἀνίστημι@vpaanmp ἀθάνατος@annmp- καί@cs ἄφθαρτος@annmp- ἀεί@b διαμένω@vipa3p ὅθεν@b καί@b γεννάω@vppegfs ὁ@dgfs σάρξ@ngfsc ἐκ@p ὁ@dgfs θεοτόκος@ngmsp μαρία@ngfsp αὐτός@rpnms λέγω3@vipe3s γεννάω@vnre-- ὁ@dnms ὁ@ddnp ἄλλος@andnp- γένεσις@ndnpc εἰς@p ὁ@dans εἰμί@vnpa-- παραχώννυμι@vppanms ἵνα@cs ὁ@dafs ἐγώ@rpgcp εἰς@p ἑαυτοῦ@rpams μετατίθημι@vsaa3s γένεσις@nafsc καί@b μηκέτι@b ὡς@b γῆ@ndfsc μόνος@annfs- εἰμί@vppanmp εἰς@p γῆ@nafsc ἀπέρχομαι@vsaa1p ἀλλά@cs ὡς@b ὁ@ddms ἐκ@p οὐρανός@ngmsc λόγος@ndmsp συνόχωκα@vpapnmp εἰς@p οὐρανός@nampc ἀνάγω@vsap1p παρά@p αὐτός@rpgms οὐκοῦν@b οὕτως@b καί@b ὁ@dnnp ἄλλος@annnp- πάθος@nanpc ὁ@dgns σῶμα@ngnsc οὐ@b ἔοικα@b εἰς@p ἑαυτοῦ@rpams μετατίθημι@viaa3s ἵνα@cs μηκέτι@b ὡς@b ἄνθρωπος@nnmpc ἀλλά@cs ὡς@b ἴδιος@annmp- ὁ@dgms λόγος@ngmsp ὁ@dgfs αἰώνιος@angfs- ζωή@ngfsc μετέχω@vsaa1p οὐκέτι@b γάρ@b κατά@p ὁ@dafs πρότερος@anafs- γένεσις@nafsc ἐν@p ὁ@ddms ἀδάμ@ndmsp θνήσκω@vipa1p ἀλλά@cs ὁ@dgfs γένεσις@ngfsc ἐγώ@rpgcp καί@cs πᾶς@angfs- ὁ@dgfs σαρκικός@angfs- ἀσθένεια@ngfsc μεταφέρω@vpapgmp εἰς@p ὁ@dams λόγος@namsp ἐγείρω@viam1p ἀπό@p γῆ@ngfsc λύω@vpapgfs ὁ@dgfs διά@p ἁμαρτία@nafsc καταίρω@ngfsc διά@p ὁ@dams ἐν@p ἐγώ@rpdmp ὑπέρ@p ἐγώ@rpgcp γίγνομαι@vpamams κατάρα@namsc καί@b εἰκότως@b γε@b ὥσπερ@cs γάρ@b ἐκ@p γῆ@ngfsc εἰμί@vppanmp πᾶς@annmp- ἐν@p ὁ@ddms ἀδάμ@ndmsp θνήσκω@vipa1p οὕτως@b ἄνωθεν@b ἐκ@p ὕδωρ@ngnsc καί@cs πνεῦμα@ngnsc ἀνατρέφω@vpapnmp ἐν@p ὁ@ddns χριστός@ndmsp πᾶς@annmp- ζωοποιέω@vipe1p οὐκέτι@b ὡς@cs γήϊνος@ngfsc ἀλλά@cs λοιπός@anans- λογόω@vpapgfs ὁ@dgfs σάρξ@ngfsc διά@p ὁ@dams ὁ@dgms θεός@ngmsp λόγος@namsp ὅς@rpnms διά@p ἐγώ@rpa-p γίγνομαι@viam3s σάρξ@nnmsc"
"inc. et c. Ar._34","ἵνα@rpanp δέ@b καί@cs ὁ@dans ἀπαθής@anans- ὁ@dgfs ὁ@dgms λόγος@ngmsp φύσις@ngfsc καί@cs ὁ@dafp διά@p ὁ@dafs σάρξ@nafsc λέγω3@vppeafp ἀσθένεια@nafpc αὐτός@rpgms γιγνώσκω@vnpa-- τις@rpncs ἀκριβής@anansc ἔχω@vspa3s καλός@annns- ἀκούω@vnaa-- ὁ@dgms μακάριος@angms- πέτρος@ngmsp ἀξιόπιστος@annms- γάρ@b οὗτος@rpnms γίγνομαι@voam3s ἄν@b μάρτυς@nnmsc περί@p ὁ@dgms σωτήρ@ngmsp γράφω@vipe2s τοίνυν@b ἐν@p ὁ@ddfs ἐπιστολή@ndfsc λέγω3@vppanms χριστός@ngmsp οὖν@b πάσχω@vpaagms ὑπέρ@p ἐγώ@rpgcp οὐκοῦν@b καί@cs ὅταν@cs λέγω3@vspe3s πεινάω@vppanms καί@cs διψάω@vnpa-- καί@cs κάμνω@vnpa-- καί@cs μή@b οἶδα@vnra-- καί@cs καθεύδω@vnpa-- καί@cs κλαίω@vnpa-- καί@cs αἰτέω@vnpa-- καί@cs φεύγω@vnpa-- καί@cs γεννάω@vnpe-- καί@cs παραιτέομαι@vnpe-- ὁ@dans ποτήριον@nansc καί@cs ἁπλῶς@b πᾶς@ananp- ὁ@danp ὁ@dgfs σάρξ@ngfsc λέγω3@voap3s ἄν@b ἀκόλουθος@b ἐπί@p ἕκαστος@angms- ‘@cs χριστός@ngmsp οὖν@b πεινάω@vppagms καί@cs διψάω@vppagms ὑπέρ@p ἐγώ@rpg-p σάρξ@ndfsc καί@cs μή@b οἶδα@vnra-- λέγω3@vppagms καί@cs ῥαπίζω@vppegms καί@cs κάμνω@vppagms ὑπέρ@p ἐγώ@rpgcp σάρξ@ndfsc καί@cs ὑψόω@vpfmgms πάλιν@b καί@cs γεννάω@vppegms καί@cs αὐξάνω@vppagms σάρξ@ndfsc καί@cs φοβέω@vppegms καί@cs κρύπτω@vppegms σάρξ@ndfsc καί@cs λέγω3@vppagms εἰ@cs δυνατός@annns- παρέρχομαι@vmaa3s ἀπό@p ἐγώ@rpgcs ὁ@dans ποτήριον@nansc οὗτος@rpans καί@cs τύπτω@vppegms καί@cs λαμβάνω@vppagms ὑπέρ@p ἐγώ@rpgcp σάρξ@ndfsc καί@b ὅλος@b πᾶς@annnp- ὁ@dnnp τοιοῦτος@rpnnp ὑπέρ@p ἐγώ@rpgcp σάρξ@ndfsc καί@cs γάρ@b καί@cs αὐτός@rpnms ὁ@dnms ἀπόστολος@nnmsc διά@p οὗτος@rpans ἐρῶ@vira3s χιστός@ngmsp οὖν@b πάσχω@vpaagms οὐ@b θεότης@ndfsc ἀλλά@cs ’@cs ὑπέρ@p ἐγώ@rpg-p σάρξ@ndfsc ἵνα@cs μή@b αὐτός@rpgms ὁ@dgms λόγος@ngmsp ἴδιος@ananp- κατά@p φύσις@nafsc ἀλλά@cs αὐτός@rpgfs ὁ@dgfs σάρξ@ngfsc ἴδιος@annnp- φύσις@ndfsc ὁ@dnnp πάθος@nnnpc ἐπιγιγνώσκω@vsap3s μή@b τοίνυν@b ἐκ@p ὁ@dgnp ἀνθρώπινος@angnp- τις@rpncs σκανδαλίζω@vmpe3s ἀλλά@cs μᾶλλον@b γιγνώσκω@vmpa3s ὡς@cs ὁ@dafs φύσις@nafsc αὐτός@annms- ὁ@dnms λόγος@nnmsp ἀπαθής@annms- εἰμί@vipa3s καί@cs ὅμως@b διά@p ὅς@rpgnp ἐνδύω@viam3s σάρξ@nafsc λέγω3@vipe3s περί@p αὐτός@rpgms οὗτος@rpnnp ἐπεί@cs ὁ@dgfs μέν@b σάρξ@ngfsc ἴδιος@annnp- οὗτος@rpnnp ὁ@dgms δέ@b σωτήρ@ngmsp ἴδιος@annns- αὐτός@rpnns ὁ@dnns σῶμα@nnnsc καί@cs αὐτός@rpnms μέν@b ἀπαθής@annms- ὁ@dafs φύσις@nafsc ὡς@cs εἰμί@vipa3s διαμένω@vipa3s μή@b βλάπτω@vppenms ἀπό@p οὗτος@rpgnp ἀλλά@cs μᾶλλον@b ἐξαφανίζω@vppanms καί@cs ἀπολύω@vppanms αὐτός@rpanp ὁ@dnmp δέ@b ἄνθρωπος@nnmpc ὡς@b εἰς@p ὁ@dams ἀπαθής@anams- μεταβαίνω@vpaagnp αὐτός@angnp- ὁ@dgnp πάθος@ngnpc καί@cs ἀπολιμπάνω@vpregnp ἀπαθής@annmp- καί@cs ἐλεύθερος@annmp- οὗτος@rpgmp λοιπός@anans- καί@b αὐτός@rpnmp εἰς@p ὁ@damp αἰών@nampc γίγνομαι@vipe3p καθώς@cs διδάσκω@viaa3s ὁ@dnms ἰώαννης@nnmsp λέγω3@vppanms καί@b οἶδα@vmaa2p ὅτι@cs ἐκεῖνος@rpnms ἐμφανίζω@viap3s ἵνα@cs ὁ@dafp ἁμαρτία@nafpc ἐγώ@rpgcp αἴρω@vsaa3s καί@b ἁμαρτία@nnfsc ἐν@p αὐτός@rpdns οὐ@b εἰμί@vipa3s οὗτος@rpgns δέ@b οὕτως@b εἰμί@vppagns οὐ@b ἐγκαλέω@vifa3s τις@rpnms αἱρετικός@annms- διά@b τίς@rpans ἀνίστημι@vipe3s ὁ@dnfs σάρξ@nnfsc φύσις@ndfsc θνητός@annfs- τυγχάνω@vppanfs εἰ@cs δέ@b καί@b ἀνίστημι@vipe3s διά@p τίς@rpans μή@b πάλιν@b πεινάω@vipa3s καί@cs διψάω@vipa3s καί@cs πάσχω@vipa3s καί@cs μένω@vipa3s θνητός@annfs- ἐκ@p γάρ@b ὁ@dgfs γῆ@ngfsc γίγνομαι@vira3s καί@cs ὁ@dnns κατά@p φύσις@nafsc πῶς@b ἄν@b ἀπό@p αὐτός@rpgfs παύω@vofm3s δύναμαι@vppegfs τότε@b ὁ@dgfs σάρξ@ngfsc ἀποκρίνω@vnpe-- πρός@p ὁ@dams οὕτως@b φιλόνεικος@anams- αἱρετικός@anams- εἰμί@vipa1s μέν@b ἐκ@p γῆ@ngfsc κατά@p φύσις@nafsc θνητός@annfs- ἀλλά@cs ὕστερος@b ὁ@dgms λόγος@ngmsp γίνομαι@vira1s σάρξ@nnmsc καί@cs αὐτός@rpnms βαστάζω@viaa3s ἐγώ@rpgms ὁ@danp πάθος@nanpc καίτοι@b ἀπαθής@annms- εἰμί@vppanms ἐγώ@rpnms δέ@b γίνομαι@vira1s οὗτος@rpgnp ἐλεύθερος@annfs- οὐ@b ἀφίημι@vppenfs δουλεύω@vnpa-- ἔτι@b οὗτος@rpdnp διά@p ἐλευθερόω@vpaaams ἐγώ@rpams κύριος@namsp ἀπό@p οὗτος@rpgnp εἰ@cs γάρ@b ἐγκαλέω@vifa2s ὅτι@cs ὁ@dgfs κατά@p φύσις@nafsc ἀπαλλάσσω@viap1s φθορά@ngfsc ὁράω@vmpa2s μή@b ἐγκαλέω@vsaa2s ὅτι@cs ὁ@dnms ὁ@dgms θεός@ngmsp λόγος@nnmsp ὁ@dafs ἐμός@anafs- ὁ@dgfs δουλεία@ngfsc λαμβάνω@viaa3s μορφή@nafsc ὡς@cs γάρ@b ὁ@dnms κύριος@nnmsp ἐνδύω@vpamnms ὁ@dans σῶμα@nansc γίγνομαι@vira3s ἄνθρωπος@nnfsc οὕτως@b ἐγώ@rpnmp ὁ@dnmp ἄνθρωπος@nnmpc παρά@p ὁ@dgms λόγος@ngmsp τε@b θεοποιέω@vipe1p προσλαμβάνω@vpapnmp διά@p ὁ@dgfs σάρξ@ngfsc αὐτός@rpgms καί@cs λοιπός@anans- ζωή@nafsc αἰώνιος@anafs- κληρονομέω@vipa1p"
"inc. et c. Ar._35","οὗτος@rpanp ἀναγκαῖος@b προεξηταζόμενος@viaa1p ἵνα@cs ἐάν@cs εἶδον@vsaa1p αὐτός@rpams διά@p ὄργανον@ngnsc ὁ@dgns ἴδιος@angns- σῶμα@ngnsc θεϊκός@b πράσσω@vppaams τις@rpans ἤ1@cs λέγω3@vppaams γιγνώσκω@vspa1p ὅτι@cs θεός@nnmsp εἰμί@vppanms οὗτος@rpnnp ἐργάζομαι@vipe3s καί@cs πάλιν@b ἐάν@cs εἶδον@vsaa1p αὐτός@rpams ἀνθρώπινος@b λαλέω@vppaams ἤ1@cs πάσχω@vppaams μή@b ἀγνοέω@vspa1p ὅτι@cs σάρξ@nafsc φορέω@vppanms γίγνομαι@vira3s ἄνθρωπος@nnmsc καί@cs οὕτως@b οὗτος@rpanp ποιέω@vipa3s καί@cs λαλέω@vipa3s ἕκαστος@angns- γάρ@b ὁ@dans ἴδιος@anans- γιγνώσκω@vppanmp καί@cs ἀμφότερος@ananp- ἐκ@p εἷς@ πράσσω@vppeanp βλέπω@vppanmp καί@cs νοέω@vppanmp ὀρθός@b πιστεύω@vipa1p καί@cs οὐ@b ἄν@b ποτέ@b πλανάω@vifp1p ἐάν@cs δέ@b τις@rpnms θεϊκός@b ὁ@danp παρά@p ὁ@dgms λόγος@ngmsp γίγνομαι@vppeanp βλέπω@vppanms ἀρνέομαι@vsam3s ὁ@dans σῶμα@nansc ἤ1@b καί@b ὁ@danp ὁ@dgns σῶμα@ngnsc ἴδιος@ananp- βλέπω@vppanms ἀρνέομαι@vsam3s ὁ@dafs ὁ@dgms λόγος@ngmsp ἔνσαρκος@anafs- παρουσία@nafsc ἤ1@cs ἐκ@p ὁ@dgnp ἀνθρώπινος@angnp- ταπεινός@ananp- περί@p ὁ@dgms λόγος@ngmsp φρονέω@vsaa3s ὁ@dnms τοιοῦτος@annms- ὡς@cs μέν@b ἰουδαικός@annms- κάπηλος@nnmsc μίγνυμι@vppanms ὁ@dams οἶνος@namsc ὕδωρ@ndnsc σκάνδαλον@namsc νομίζω@vifa3s ὁ@dams σταυρός@namsc ὡς@cs δέ@b ἕλλην@namsp μωρία@nafsc ἡγέομαι@vifm3s ὁ@dans κήρυγμα@nansc οἷος@rpanp δή@b καί@b ὁ@dnmp θεομάχος@annmp- ἀρειανός@nnmpp πάσχω@vira3p ὁ@danp γάρ@b ἀνθρώπινος@nanpc βλέπω@vppanmp ὁ@dgms σωτήρ@ngmsp νομίζω@viaa3p αὐτός@rpams εἰμί@vnpa-- κτίσμα@nansc οὐκοῦν@b δεῖ@viia3s καί@b ὁ@danp θεϊκός@ananp- βλέπω@vppaamp αὐτός@rpamp ἔργον@nanpc ὁ@dgms λόγος@ngmsp ἀρνέομαι@vnae-- ὁ@dgns σῶμα@ngnsc αὐτός@rpgns ὁ@dafs γένεσις@nafsc καί@cs λοιπός@anans- καί@b μανιχαῖος@ndmpp ἑαυτοῦ@rpamp συγκαταριθμέω@vnpa-- ἀλλά@b ἐκεῖνος@rpnmp μέν@b καί@b ἄν@b ὀψέ@b ποτέ@b μανθάνω@vmpa3p ὅτι@cs ὁ@dnms λόγος@nnmsp σάρξ@b γίγνομαι@viam3s ἐγώ@rpnmp δέ@b ὁ@dams σκοπός@namsc ὁ@dgfs πίστις@ngfsc ἔχω@vppanmp ἐπιγιγνώσκω@vspa1p ὅς@rpanp διανοέω@vipe3p οὗτος@rpnmp κακός@b ὀρθός@anafs- ἔχω@vppaams ὁ@dafs διάνοια@nafsc ὁ@dnns γάρ@b ὁ@dnms πατήρ@nnmsp ἀγαπάω@viia3s ὁ@dams υἱός@namsp καί@cs πᾶς@ananp- δίδωμι@vira3s ἐν@p τῆ@ddfs χείρ@nvfsc αὐτός@rpgms καί@cs ὁ@dnns πᾶς@annnp- ἐγώ@rpdcs παραδίδωμι@viap3s ὑπό@p ὁ@dgms πατήρ@ngmsp ἐγώ@rpgcs καί@cs ὁ@dnns οὐ@b δύναμαι@vipe1s ἐγώ@rpncs ποιέω@vnpa-- ἀπό@p ἐμαυτοῦ@rpgms οὐδείς@rpans ἀλλά@b καθώς@b ἀκούω@vipa1s κρίνω@vipa1s καί@b ὅσος@annnp- τοιοῦτος@rpnnp εἰμί@vipa3s ῥητός@annnp- οὐ@b ὁ@dnns μή@b ἔχω@vnra-- ποτέ@b ὁ@dams υἱός@namsp οὗτος@rpanp δείκνυμι@vipa3s πῶς@b γάρ@b ὅς@rpanp ἔχω@vipa3s ὁ@dnms πατήρ@nnmsp οὐ@b ἔχω@viia3s ἀΐδιος@b ὁ@dnms μόνος@annms- κατά@p οὐσία@nafsc ὁ@dgms πατήρ@ngmsp λόγος@nnmsp καί@cs σοφία@nnfsp ὁ@dnms καί@b λέγω3@vppanms πᾶς@annnp- ὅσος@ananp- ἔχω@vipa3s ὁ@dnms πατήρ@nnmsp ἐμός@annnp- εἰμί@vipa3s καί@b ὁ@dnnp ἐμός@annnp- ὁ@dgms πατήρ@ngmsp εἰμί@vipa3s εἰ@cs γάρ@b ὁ@dnnp ὁ@dgms πατήρ@ngmsp ὁ@dgms υἱός@ngmsp εἰμί@vipa3s ἀεί@b δέ@b οὗτος@rpanp ἔχω@vipa3s ὁ@dnms πατήρ@nnmsp δῆλος@annns- ὅτι@cs ὅς@rpanp ἔχω@vipa3s ὁ@dnms υἱός@nnmsp οὗτος@rpnnp εἰμί@vppannp ὁ@dgms πατήρ@ngmsp ἀεί@b εἰμί@vipa3s ἐν@p αὐτός@rpdns οὐ@b διά@p ὁ@dans μή@b ἔχω@vnaa-- οὖν@b ποτέ@b οὗτος@rpanp λέγω3@viia3s ἀλλά@cs ὅτι@cs ἔχω@vppanms ἀΐδιος@b ὁ@dnms υἱός@nnmsp ὅς@rpanp ἔχω@vipa3s παρά@p ὁ@dgms πατήρ@ngmsp ἔχω@vipa3s"
"inc. et c. Ar._36","36@ ἵνα@b γάρ@b μή@b τις@rpnms βλέπω@vppanms ὁ@dams υἱός@namsp ἔχω@vppaams πᾶς@ananp- ὅσος@ananp- ἔχω@vipa3s ὁ@dnms πατήρ@nnmsp ἐκ@p ὁ@dgfs ἀπαράλληλος@angfs- ὁμοιότης@ngfsc καί@cs ταυτότης@ngfsc ὅς@rpafs ἔχω@vipa3s πλανάω@vpapnms κατά@p σαβέλλιος@namsp ἀσεβέω@vsaa3s νομίζω@vpaanms αὐτός@rpams εἰμί@vnpa-- ὁ@dams πατήρ@namsp διά@p οὗτος@rpans ὁ@dans δίδωμι@viap3s ἐγώ@rpdcs καί@cs ὁ@rpans λαμβάνω@viaa3p καί@cs ὁ@dans παραδίδωμι@viap3s ἐγώ@rpdcs ἐρῶ@vira3s ὑπέρ@p ὁ@dgns μόνος@b δείκνυμι@vnaa-- ὅτι@cs οὐ@b εἰμί@vipa3s αὐτός@rpnms ὁ@dnms πατήρ@nnmsp ἀλλά@cs ὁ@dgms πατήρ@ngmsp ὁ@dnms λόγος@nnmsp καί@cs ὁ@dnms ἀίδιος@annms- υἱός@nnmsp εἰμί@vipa3s ὁ@dnms διά@p μέν@b ὁ@dafs ὁμοιότης@nafsc ὁ@dgms πατήρ@ngmsp ἔχω@vppanms ἀΐδιος@b ὅσπερ@rpanp ἔχω@vipa3s παρά@p αὐτός@rpgms διά@p δέ@b ὁ@dans εἰμί@vnpa-- αὐτός@rpams υἱός@namsp ἐκ@p ὁ@dgms πατήρ@ngmsp ἔχω@vipa3s ὅσπερ@rpanp ἀΐδιος@b ἔχω@vipa3s ὅτι@cs γάρ@b ὁ@dnns δίδωμι@viap3s καί@cs ὁ@dnns παραδίδωμι@viap3s καί@cs ὁ@dnnp ὅμοιος@annnp- οὗτος@rpdnp οὐ@b ἐλασσόω@vipa3s ὁ@dafs θεότης@nafsc ὁ@dgms υἱός@ngmsp ἀλλά@cs καί@b μᾶλλον@b δείκνυμι@vipa3s αὐτός@rpams ἀληθής@b υἱός@namsp ἔξεστι@vipa3s καί@cs ἀπό@p αὐτός@rpgnp ὁ@dgnp ῥητός@angnp- καταμανθάνω@vnaa-- εἰ@cs γάρ@b πᾶς@annnp- αὐτός@rpdms παραδίδωμι@viap3s πρῶτος@anans- μέν@b ἄλλος@rpnms εἰμί@vipa3s ὁ@dgmp πᾶς@angmp- ὅς@rpgnp παραλαμβάνω@viaa3s ἔπειτα@b πᾶς@angnp- εἰμί@vppanms κληρονόμος@nnmsc μόνος@annms- ὁ@dnms υἱός@nnmsp εἰμί@vipa3s καί@cs ἴδιος@annms- κατά@p οὐσία@nafsc ὁ@dgms πατήρ@ngmsp εἰ@cs γάρ@b εἰμί@vipa2s εἰμί@viia3s ὁ@dgmp πᾶς@angmp- οὐ@b πᾶς@angnp- εἰμί@viia3s αὐτός@rpnms κληρονόμος@nnmsc ἀλλά@b καί@b ἕκαστος@annms- λαμβάνω@viia3s ὡς@cs ἐθέλω@viia3s καί@cs δίδωμι@viia3s ὁ@dnms πατήρ@nnmsp νῦν@b δέ@b πᾶς@ananp- λαμβάνω@vppanms αὐτός@rpnms ἄλλος@rpnms εἰμί@vipa3s ὁ@dgnp πᾶς@angnp- καί@cs μόνος@annms- ἴδιος@annms- ὁ@dgms πατήρ@ngmsp ὅτι@cs δέ@b πάλιν@b ὁ@dnns δίδωμι@viap3s καί@cs παραδίδωμι@viap3s οὐ@b ὁ@rpans ποτέ@b μή@b ἔχω@vnpa-- αὐτός@rpams δείκνυμι@vipa3s δυνατός@annns- ἐκ@p ὁ@dgns ὅμοιος@angns- ῥητός@ngnsc καί@cs περί@p πᾶς@angmp- σύνεἶδον@vnaa-- ὁ@dans τοιοῦτος@rpnns φημί@vipa3s γάρ@b αὐτός@annms- ὁ@dnms σωτήρ@nnmsp ὥσπερ@cs ὁ@dnms πατήρ@nnmsp ζωή@nafsc ἔχω@vipa3s ἐν@p ἑαυτοῦ@rpdms οὕτως@b καί@b ὁ@ddms υἱός@ndmsp δίδωμι@vira3s ζωή@nafsc ἔχω@vnpa-- ἐν@p ἑαυτοῦ@rpdms ἐκ@p μέν@b γάρ@b ὁ@dgns λέγω3@vnpa-- δίδωμι@vira3s σημαίνω@vipa3s ἑαυτοῦ@rpams μή@b εἰμί@vnpa-- ὁ@dams πατήρ@namsp ἐν@p δέ@b ὁ@ddns λέγω3@vnpa-- οὕτως@b δείκνυμι@vipa3s ὁ@dafs πρός@p ὁ@dams πατήρ@namsp ὁ@dgms υἱός@ngmsp φυσικός@anafs- ὁμοιότης@nafsc καί@cs ἰδιότης@nafsc εἰ@cs μέν@b οὖν@b εἰμί@viia3s ποτέ@b ὅτε@cs οὐ@b ἔχω@viia3s ὁ@dnms πατήρ@nnmsp δῆλος@annns- ὅτι@cs καί@b ὁ@dnms υἱός@nnmsp εἰμί@viia3s ὅτε@cs οὐ@b ἔχω@viia3s ὡς@cs γάρ@b ὁ@dnms πατήρ@nnmsp οὕτως@b καί@cs ὁ@dnms υἱός@nnmsp ἔχω@vipa3s εἰ@cs δέ@b ἀσεβής@annns- μέν@b οὗτος@rpans λέγω3@vnpa-- εὐσεβής@annns- δέ@cs μᾶλλον@b εἰμί@vipa3s εἶπον@vnaa-- ὅτι@cs ἀεί@b ἔχω@vipa3s ὁ@dnms πατήρ@nnmsp πῶς@b οὐ@b ἄτοπος@annns- ὁ@dgms υἱός@ngmsp λέγω3@vppagms ὅτι@cs ὡς@cs ὁ@dnms πατήρ@nnmsp ἔχω@vipa3s οὕτως@b καί@b ὁ@dnms υἱός@nnmsp ἔχω@vipa3s οὗτος@rpamp λέγω3@vnpa-- μή@b οὕτως@b ἔχω@vnpa-- ἀλλά@cs ἄλλως@b ἔχω@vnpa-- μᾶλλον@b οὖν@b ὁ@dnms λόγος@nnmsp πιστός@annms- εἰμί@vipa3s καί@cs πᾶς@ananp- ὅς@rpanp λέγω3@vipa3s λαμβάνω@vnra-- ἀεί@b ἔχω@vppanms αὐτός@ananp- ἔχω@vipa3s παρά@p ὁ@dgms πατήρ@ngmsp καί@cs ὁ@dnms μέν@b πατήρ@nnmsp οὐ@b παρά@p τις@rpgms ὁ@dnms δέ@b υἱός@nnmsp παρά@p ὁ@dgms πατήρ@ngmsp ἔχω@vipa3s ὡς@b γάρ@x καί@b ἐπί@p ὁ@dgns ἀπαύγασμα@ngnsc εἰ@cs αὐτός@anans- ὁ@dans ἀπαύγασμα@nansc λέγω3@vopa3s πᾶς@namsp τόπος@namsc δίδωμι@vira3s ἐγώ@rpdms ὁ@dans φάος@nansc καταυγάζω@vnpa-- καί@b οὐ@b ἀπό@p ἐμαυτοῦ@rpgms φωτίζω@vipa1s ἀλλά@cs ὡς@cs ὁ@dnns φάος@nnnsc βούλομαι@vipe3s οὗτος@rpans δέ@b λέγω3@viia3p οὐ@b ὁ@dans ποτέ@b μή@b ἔχω@vnpa-- ἑαυτοῦ@rpans δείκνυμι@vipa3s ἀλλά@cs ὅτι@cs ὁ@dgms φώς@ngmsc ἴδιος@anams- εἰμί@vipa1s καί@cs ὁ@dnnp ἐκεῖνος@rpgms πᾶς@annnp- ἐμός@annnp- εἰμί@vipa3s οὕτως@b καί@b πλέος@anans- ἐπί@p ὁ@dgms υἱός@ngmsp νοέω@vnpa-- ἔξεστι@vipa3s καί@cs γάρ@b πᾶς@ananp- δίδωμι@vpranms ὁ@dnms πατήρ@nnmsp ὁ@ddms υἱός@ndmsp πᾶς@ananp- πάλιν@b ὁ@dnms πατήρ@nnmsp ἐν@p ὁ@ddms υἱός@ndmsp ἔχω@vipa3s καί@b ὁ@dgms υἱός@ngmsp δέ@b ἔχω@vppagms πάλιν@b ὁ@dnms πατήρ@nnmsp αὐτός@rpanp ἔχω@vipa3s ὁ@dnms γάρ@b ὁ@dgms υἱός@ngmsp θεότης@nnmsc ὁ@dgms πατήρ@ngmsp θεότης@nnmsc εἰμί@vipa3s καί@cs οὕτως@b ὁ@dnms πατήρ@nnmsp ἐν@p ὁ@ddms υἱός@ndmsp ὁ@dgnp πᾶς@angnp- ὁ@dafs πρόνοια@nafsc ποιέω@vipe3s"
"inc. et c. Ar._37","ὁ@dgnp μέν@b οὖν@b τοιοῦτος@rpgnp ῥητός@angnp- τοιοῦτος@rpnms ὁ@dnms νόος@nnmsc περί@p δέ@b ὁ@dgnp ἀνθρώπινος@b λέγω3@vppegnp περί@p ὁ@dgms σωτήρ@ngmsp καί@b οὗτος@rpnnp πάλιν@b εὐσεβής@anafs- ὁ@dafs διάνοια@nafsc ἔχω@vipa3s διά@p οὗτος@rpans γάρ@b καί@b προεξηταζόμενος@viaa1p ὁ@danp τοιοῦτος@rpanp ἵνα@cs ἐάν@cs ἀκούω@vsaa1p ἐπερωτάω@vppagms αὐτός@rpgms ποῦ@b λάζαρος@nnmsp κεῖμαι@vipe3s καί@cs ὅταν@cs εἰς@p ὁ@danp μέρος@nanpc καισαρεία@ngfsp ἔρχομαι@vpaanms πυνθάνομαι@vipe3s τις@nanpp ἐγώ@rpams λέγω3@vipa3p ὁ@dnmp ἄνθρωπος@nnmpc ἵημι@vnaa-- καί@b πόσος@anamp- ἔχω@vipa2p ἄρτος@nampc καί@cs τίς@rp--- ἐθέλω@vipa2p ἵνα@cs ποιέω@vsaa1s σύ@rpd-p γιγνώσκω@vspa1p ἐκ@p ὁ@dgnp προερέω@vpregnp ὁ@dafs ὀρθός@anafs- ὁ@dgnp ῥητός@angnp- διάνοια@nafsc καί@cs μή@b σκανδαλίζω@vspe1p κατά@p ὁ@damp xριστόμαχος@anamp- ἀρειανός@nampp πρῶτος@anans- μέν@b οὖν@b ὁ@ddmp ἀσεβέω@vppadmp οὗτος@rpans ῥητέος@annns- πόθεν@b νομίζω@vipa3p ἀγνοέω@vnpa-- αὐτός@rpams οὐ@b γάρ@b ὁ@dnms ἐπερωτάω@vppanms πάντως@b καί@cs ἀγνοέω@vppanms ἐπερωτάω@vipa3s ἀλλά@b ἔξεστι@vipa3s ὁ@dams οἶδα@vpraams καί@cs ἐρωτάω@vppanms περί@p ὅς@rpgnp ἐπίσταμαι@vipe3s ἀμέλει@b καί@b ὁ@dnms ἰώαννης@nnmsp ἐπερωτάω@vppaams ὁ@dams χριστός@namsp πόσος@anamp- ἄρτος@nampc ἔχω@vipa2p οἶδα@vira3s μή@x ἀγνοέω@vppaams ἀλλά@cs γιγνώσκω@vppaams φημί@vipa3s γάρ@b οὗτος@rpans δέ@b λέγω3@viia3s πειράζω@vppanms ὁ@dams φίλιππος@namsp αὐτός@rpnms γάρ@b οἶδα@vila3s τίς@rpans μέλλω@viia3s ποιέω@vnpa-- εἰ@cs δέ@b οἶδα@vila3s ὅσπερ@rpans ποιέω@viia3s οὐ@b ἄρα@b ἀγνοέω@vppanms ἀλλά@cs γιγνώσκω@vppanms ἐπερωτάω@vipa3s ἀπό@p δέ@b οὗτος@rpgns καί@b ὁ@danp ὅμοιος@ananp- νοέω@vnpa-- ἔξεστι@vipa3s ὅτι@cs ὅταν@cs ἐρωτάω@vspa3s ὁ@dnms κύριος@nnmsp οὐ@b ἀγνοέω@vppanms ποῦ@b λάζαρος@nnmsp κεῖμαι@vipe3s οὐ@b δέ@cs τις@rpams λέγω3@vipa3p αὐτός@rpams εἰμί@vnpa-- ὁ@dnmp ἄνθρωπος@nnmpc ἐπερωτάω@vipa3s ἀλλά@cs γιγνώσκω@vppanms ὅσπερ@rpans ἐρωτάω@viia3s αὐτός@annms- οἶδα@vpranms τίς@rpans μέλλω@vipa3s ποιέω@vnpa-- καί@cs ταχύς@b μέν@b αὐτός@rpgmp οὕτως@b ὁ@dnns σοφός@annns- ἐκβάλλω@vipe3s ἄν@rpgmp δέ@b φιλονεικέω@vspa3p ἔτι@b διά@p ὁ@dans ἐπερωτάω@vnpa-- ἀκούω@vmpa3p ὅτι@cs ἐν@p μέν@b ὁ@ddfs θεότης@ndfsc οὐ@b εἰμί@vipa3s ἄγνοια@nnfsc ὁ@dgfs δέ@cs σάρξ@ngfsc ἴδιος@annns- εἰμί@vipa3s ὁ@dnns ἀγνοέω@vnpa-- καθά@cs ἐρῶ@vire3s καί@cs ὅτι@cs οὗτος@rpnns ἀληθής@annns- εἰμί@vipa3s ὁράω@vmpa2s πῶς@b ὁ@dnms κύριος@nnmsp ὁ@dnms πυνθάνομαι@vppenms ποῦ@b λάζαρος@nnmsp κεῖμαι@vipe3s αὐτός@annms- εἶπον@viaa3s μή@b πάρειμι@vppanms ἀλλά@cs καί@b μακράν@b εἰμί@vppanms λάζαρος@nnmsp ἀποθνήσκω@viaa3s καί@cs ποῦ@b ἀποθνῄσκω@viaa3s ὁ@dnms δέ@b κατά@p αὐτός@rpamp νομίζω@vppenms ἀγνοέω@vnpa-- αὐτός@rpnms εἰμί@vipa3s ὁ@dnms ὁ@damp διαλογισμός@nampc ὁ@dgmp μαθητής@ngmpc προγιγνώσκω@vppanms καί@cs οἶδα@vpranms ὁ@danp ἐν@p ὁ@ddfs ἕκαστος@angns- καρδία@ndfsc καί@cs τίς@rpnns εἰμί@vipa3s ἐν@p ὁ@ddms ἄνθρωπος@ndmsc καί@cs ὁ@dans γε@b μέγας@anansc αὐτός@rpnms μόνος@annms- γιγνώσκω@vipa3s ὁ@dams πατήρ@namsp καί@cs λέγω3@vipa3s ἐγώ@rpncs ἐν@p ὁ@ddms πατήρ@ndmsp καί@cs ὁ@dnms πατήρ@nnmsp ἐν@p ἐγώ@rpdcs"
"inc. et c. Ar._38","38@ οὐκοῦν@b πᾶς@andms- οὗτος@rpnns δῆλος@annns- εἰμί@vipa3s ὅτι@cs ὁ@dgfs μέν@b σάρξ@ngfsc εἰμί@vipa3s ὁ@dnns ἀγνοέω@vnpa-- αὐτός@annms- δέ@cs ὁ@dnms λόγος@nnmsp ὅς@b λόγος@nnmsp εἰμί@vipa3s ὁ@danp πᾶς@ananp- καί@b πρίν@b γένεσις@ngfsc γιγνώσκω@vipa3s οὐδέ@rpnns γάρ@b ἐπεί@cs γίγνομαι@vira3s ἄνθρωπος@nnmsc παύω@vire3s ὁ@dgns εἰμί@vnpa-- θεός@nnmsp οὐ@b δέ@cs ἐπεί@cs θεός@nnmsp εἰμί@vipa3s φεύγω@vipa3s ὁ@dnns ἀνθρώπινος@annns- μή@b γίγνομαι@voam3s ἀλλά@b μᾶλλον@b θεός@ngmsp εἰμί@vppanms προσλαμβάνω@viia3s ὁ@dafs σάρξ@nafsc καί@cs ἐν@p σάρξ@ndfsc εἰμί@rpafs θεοποιέω@viia3s ὁ@dafs σάρξ@nafsc καί@cs γάρ@b ὥσπερ@cs ἐν@p αὐτός@rpdfs πυνθάνομαι@viie3s οὕτως@b καί@b ἐν@p αὐτός@rpdfs ὁ@dams νεκρός@namsc ἀγείρω@viaa3s καί@b πᾶς@andmp- δείκνυμι@viaa3s ὅτι@cs ὁ@dnms νεκρός@nampc ζωοποιός@vppanms καί@cs ὁ@dafs ψυχή@nafsc ἀνακαλέω@vppenms πολύς@andns- μᾶλλον@b ὁ@danp κρυπτός@ananp- πᾶς@angmp- ἐπιγιγνώσκω@vipa3s καί@cs γιγνώσκω@viia3s ποῦ@b κεῖμαι@vipe3s λάζαρος@nnmsp ἀλλά@b πυνθάνομαι@viie3s ποιέω@viia3s γάρ@b καί@b οὗτος@rpans ὁ@dnms πανάγιος@annms- ὁ@dgms θεός@ngmsp λόγος@nnmsp ὁ@dnms πᾶς@ananp- διά@p ἐγώ@rpamp ὑπομένω@vpaanms ἵνα@cs καί@b οὕτως@b ὁ@dafs ἄγνοια@nafsc ἐγώ@rpgmp βαστάζω@vpaanms χαρίζω@vsae3s γιγνώσκω@vnpa-- ὁ@dams μόνος@anams- ἑαυτοῦ@rpgms ἀληθινός@anams- πατήρ@nafsp καί@cs ἑαυτοῦ@rpams ὁ@dams διά@p ἐγώ@rpamp ἐπί@p σωτηρία@ndfsc πᾶς@angmp- ἀποστέλλω@vpapams ὅς@rpgfs μέγας@annfsc οὐ@b ἄν@b γίγνομαι@voam3s χάρις@nnfsc ὅταν@cs τοίνυν@b καί@cs περί@p ὅς@rpgnp προφασίζομαι@vipe3p ῥητός@angnp- λέγω3@vspa3s ὁ@dnms σωτήρ@nnmsp δίδωμι@viap3s ἐγώ@rpdcs ἐξουσία@nnfsc καί@cs δοξάζω@vmaa2s σύ@rpdcs ὁ@dams υἱός@namsp λέγω3@vspa3s τε@cs ὁ@dnms πέτρος@nnmsp δίδωμι@viap3s αὐτός@rpdms ἐξουσία@nnfsc ὁ@ddfs αὐτός@rpdfs διάνοια@ndfsc οὗτος@rpanp πᾶς@ananp- γιγνώσκω@vnpa-- ὅτι@cs ἀνθρώπινος@b διά@p ὁ@dans σῶμα@nansc οὗτος@rpanp πᾶς@ananp- λέγω3@vipa3s οὐ@b γάρ@b χρεία@nafsc ἔχω@vppanms ὅμως@b αὐτός@rpnms ὡς@b λαμβάνω@vpranms λέγω3@vipe3s ὅσπερ@rpanp λαμβάνω@viia3s ἀνθρώπινος@b ἵνα@cs πάλιν@b ὡς@b ὁ@dgms κύριος@ngmsp λαμβάνω@vpaagms καί@cs ὡς@b εἰς@p αὐτός@rpams ἀναπαύω@vppegfs ὁ@dgfs δόσις@ngfsc βέβαιος@annfs- ὁ@dnfs χάρις@nnfsc διαμένω@vsaa3s ἄνθρωπος@ngmsp μέν@b γάρ@b μόνος@annms- λαμβάνω@vppanms δυνατός@anans- ἔχω@vipa3s καί@cs ὁ@dans ἀφαιρέω@vnap-- καί@b οὗτος@rpnns ἐπί@p ὁ@dgms ἀδάμ@ngmsp ἀποδείκνυμι@viap3s λαμβάνω@vpaanms γάρ@b ἀπόλλυμι@viaa3s ἵνα@rpanp δέ@b ἀναφαίρετος@annfs- ὁ@dnfs χάρις@nnfsc γίγνομαι@vsam3s καί@cs βέβαιος@annfs- διαφυλάσσω@vsap3s ὁ@ddmp ἄνθρωπος@ndmpc διά@p οὗτος@rpans αὐτός@rpnms ἰδιοποιέω@vipe3s ὁ@dafs δόσις@nafsc καί@cs λέγω3@vipa3s ἐξουσία@nafsc λαμβάνω@vnra-- ὡς@cs ἄνθρωπος@nnmsc ἐάν@cs ἀεί@b ἔχω@vipa3s ὡς@cs θεός@nnmsp καί@cs λέγω3@vipa3s δοξάζω@vmaa2s ἐγώ@rpacs ὁ@dnms ἄλλος@rpamp δοξάζω@vppanms ἵνα@cs δείκνυμι@vsaa3s ὅτι@cs σάρξ@nafsc χρῄζω@vppaafs ἔχω@vipa3s οὗτος@rpgnp διό@b καί@b ἐκεῖνος@rpgfs λαμβάνω@vpaagfs ἐπεί@cs ὁ@dnfs λαμβάνω@vpaanfs ἐν@p αὐτός@rpdms εἰμί@vipa3s καί@b προσλαμβάνω@vpaanms αὐτός@rpafs ἄνθρωπος@nnmsc γίγνομαι@vira3s ὡς@cs αὐτός@rpnms λαμβάνω@vpranms λέγω3@vipe3s"
"inc. et c. Ar._39","39@ εἰ@cs μέν@b οὖν@b ὡς@cs πολλάκις@b ἐρῶ@vire3s οὐ@b γίγνομαι@vira3s ἄνθρωπος@nnmsc ὁ@dnms λόγος@nnmsp εἰμί@vmpa3s ὁ@dgms λόγος@ngmsp κατά@p σύ@rpamp ὁ@dnns λαμβάνω@vnaa-- καί@b ὁ@dnns χρῄζω@vnpa-- δόξα@ngfsc καί@cs ὁ@dnns ἀγνοέω@vnpa-- εἰ@cs δέ@b γίγνομαι@vira3s ἄνθρωπος@nnmsc γίγνομαι@vira3s γάρ@b ἄνθρωπος@ngmsc δέ@b εἰμί@vipa3s ὁ@dnns λαμβάνω@vnaa-- καί@cs ὁ@dans χρῄζω@vnpa-- καί@cs ὁ@dnns ἀγνοέω@vnpa-- διά@p τίς@rpans ὁ@dams δίδωμι@vppaams ὡς@b λαμβάνω@vppaams νομίζω@vipa1p καί@cs ὁ@dams ἄλλος@rpdmp χορηγέω@vppaams χρεία@nafsc ἔχω@vnpa-- ὑπονοέω@vipa1p καί@cs ὁ@dams μέν@b λόγος@namsp διαιρέω@vipa1p ἀπό@p ὁ@dgms πατήρ@ngmsp ὡς@cs ἀτελής@anams- καί@cs χρεία@nafsc ἔχω@vppaams ὁ@dafs δέ@b ἀνθρωπότης@nafsc ὁ@dgfs χάρις@ngfsc ἐρημόω@vipa1p εἰ@cs γάρ@b αὐτός@annms- ὁ@dnms λόγος@nnmsp ὅς@b λόγος@nnmsp εἰμί@vipa3s διά@p ἑαυτοῦ@rpams εἰμί@vipa3s λαμβάνω@vpaanms καί@cs δοξάζω@vpapnms καί@cs εἰ@cs ἐκεῖνος@rpnms κατά@p ὁ@dafs θεότης@nafsc εἰμί@vipa3s ὁ@dnms ἁγιάζω@vpapnms καί@cs ἀνίστημι@vpaanms ποῖος@annfs- ὁ@ddmp ἄνθρωπος@ndmpc εἰμί@vipa3s ἐλπίς@nnfsc μένω@vipa3p γάρ@b ὥσπερ@cs ἧμαι@viia3p γυμνός@annmp- καί@b δείλαιος@annmp- καί@cs νεκρός@annmp- οὐδείς@rpans κοινός@anans- ἔχω@vppanmp πρός@p ὁ@danp δίδωμι@vpapanp ὁ@ddms υἱός@ndmsp τίς@rpnms δέ@b καί@b ἐπιδημέω@viia3s καί@cs γίγνομαι@viie3s σάρξ@nnmsc ὁ@dnms λόγος@nnmsp εἰ@cs μέν@b ἵνα@cs λαμβάνω@vsaa3s οὗτος@rpanp ὅσπερ@rpanp λέγω3@vipe2s λαμβάνω@vnra-- κενός@annms- εἰμί@viia3s οὗτος@rpgnp πρό@p οὗτος@rpgns ἐκ@p ἀνάγκη@ngfsc δέ@cs καί@cs χάρις@nafsc ὁμολογέω@vifa3s μᾶλλον@b αὐτός@rpnms ὁ@ddns σῶμα@ndnsc ὅτι@cs ὅτε@cs γίγνομαι@vira3s εἰς@p αὐτός@rpans τότε@b λαμβάνω@vipa3s οὗτος@rpanp παρά@p ὁ@dgms πατήρ@ngmsp μή@b ἔχω@viia3s πρό@p ὁ@dgfs εἰς@p ὁ@dafs σάρξ@nafsc κάθοδος@ngfsc καί@cs γάρ@b ἐκ@p οὗτος@rpgns βελτιόω@vpapnms φαίνω@vipe3s μᾶλλον@b αὐτός@rpnms διά@p ὁ@dans σῶμα@nansc ἤ1@cs ὁ@dnns σῶμα@nnnsc βελτιόω@vpapnns διά@p αὐτός@rpams ἀλλά@cs οὗτος@rpnns ἰουδαικός@annns- εἰμί@vipa3s ὁ@dnns φρόνημα@nnnsc εἰ@cs δέ@b ἵνα@cs λυτρώσομαι@vsam3s ὁ@dnns γένος@nnnsc ὁ@dgmp ἄνθρωπος@ngmpc ἐπιδημέω@viaa3s ὁ@dnms λόγος@nnmsp καί@cs ἵνα@cs αὐτός@rpamp ἁγιάζω@vsam2s καί@cs θεοποιέω@vsaa3s γίγνομαι@vira3s ὁ@dnms λόγος@nnmsp σάρξ@nnmsc οὗτος@rpgms γάρ@b χάρις@p καί@b γίγνομαι@vira3s τις@rpdms λοιπός@anans- οὐ@b εἰμί@vipa3s φανερός@annns- ὅτι@cs οὗτος@rpanp ὅσπερ@rpanp λαμβάνω@vnra-- λέγω3@vipa3s ὅτε@cs γίγνομαι@vira3s σάρξ@nnmsc οὐ@b διά@p ἑαυτοῦ@rpams ἀλλά@cs διά@p ὁ@dafs σάρξ@nafsc λέγω3@vipa3s ἐν@p ὅς@rpdns γάρ@b εἰμί@viia3s λέγω3@vppanms οὗτος@rpgfs εἰμί@viia3s καί@b ὁ@dnnp δίδωμι@vppennp χάρισμα@nnnpc διά@p αὐτός@rpgms παρά@p ὁ@dgms πατήρ@ngmsp τις@nnfsp δέ@b εἰμί@viia3s ὅς@rpdfs αἰτέω@viie3s εἶδον@vsaa1p καί@cs τις@rpnnp εἰμί@viia3s ὅλος@b ὅς@rpanp λέγω3@viia3s λαμβάνω@vnra-- ἵνα@cs καί@b ἄν@b οὕτως@b αἰσθάνομαι@vnam-- δύναμαι@vsap3p ἐκεῖνος@rpnmp δόξα@nafsp τοίνυν@b αἰτέω@viie3s καί@cs λέγω3@viia3s πᾶς@nnfsp ἐγώ@rpdcs παραδίδωμι@viap3s καί@b μετά@p ὁ@dafs ἀνάστασις@nafsc ἐξουσία@nafsc πᾶς@anafs- φημί@vipa3s λαμβάνω@vnra-- ἀλλά@cs καί@cs πρίν@cs εἶπον@vsaa3s πᾶς@annnp- ἐγώ@rpdms παραδίδωμι@viap3s πᾶς@angmp- εἰμί@viia3s κύριος@nnmsp πᾶς@annnp- γάρ@x διά@p αὐτός@angms- γίγνομαι@viam3s καί@cs εἷς@nnmsc κύριος@nnmsp εἰμί@viia3s διά@p ὅς@rpgms ὁ@dnnp πᾶς@ananp- καί@cs δόξα@nafsc μέν@b αἰτέω@vppanms κύριος@nnmsp ὁ@dgfs δόξα@ngfsc εἰμί@viia3s καί@cs εἰμί@vipa3s ὡς@cs παῦλος@nnmsp φημί@vipa3s εἰ@cs γάρ@b γιγνώσκω@viaa3p οὐ@b ἄν@b ὁ@dams κύριος@namsp ὁ@dgfs δόξα@ngfsc σταυρόω@viaa3p ἔχω@viia3s γάρ@b ὅς@rpgnp αἰτέω@viie3s λέγω3@vppanms ὁ@ddfs δόξα@ndfsc ὅς@rpdfs ἔχω@viia3p πρό@p ὁ@dgns ὁ@dams κόσμος@namsc εἰμί@vnpa-- παρά@p σύ@rpdms"
"inc. et c. Ar._40","4@ καί@b ὁ@dafs ἐξουσία@nafsc δέ@b ὅς@rpafs λέγω3@viia3s μετά@p ὁ@dafs ἀνάστασις@nafsc λαμβάνω@vnra-- οὗτος@anafs- ἔχω@viia3s καί@b πρό@p ὁ@dgns λαμβάνω@vnaa-- καί@cs πρό@p ὁ@dgfs ἀνάστασις@ngfsc αὐτός@rpnms μέν@b γάρ@b ἐπιτιμάω@viia3s διά@p ἑαυτοῦ@rpgms ὁ@ddms πονηρός@ndmsp λέγω3@vppanms ὑπάγω@vmpa2s ὀπίσω@b ἐγώ@rpgcs σατανᾶς@nvmsp ὁ@ddmp δέ@b μαθητής@ndmpc δίδωμι@viia3s κατά@p αὐτός@rpgms ὁ@dafs ἐξουσία@nafsc ὅτε@cs καί@b ὑποστρέφω@vpaagmp αὐτός@rpgmp λέγω3@viia3s θεωρέω@namsp ὁ@dams σατανᾶς@namsp ὡς@b ἀστραπή@namsc πίπτω@vpaaams ἐκ@p ὁ@dgms οὐρανός@ngmsc ἀλλά@nvfsp καί@cs πάλιν@b ὅσπερ@rpans λέγω3@viia3s λαμβάνω@vnra-- οὗτος@rpans καί@b πρό@p ὁ@dgns λαμβάνω@vnaa-- ἔχω@vppanms δείκνυμι@vipe3s ὁ@damp τε@x γάρ@x δαίμων@nampc ἀπελαύνω@viaa3s καί@cs ὅσπερ@rpanp δέω@viaa3s ὁ@dnms σατανᾶς@nnmsp λύω@viia3s αὐτός@rpnms ὡς@cs ἐπί@p ὁ@dgfs ἀβραμιαῖος@angfs- θυγαττός@ngfsc ποιέω@viaa3s καί@b ἁμαρτία@nafpc ἀφίημι@viia3s λέγω3@vppanms ὁ@ddms παραλυτικός@andms- καί@cs ὁ@ddfs ὁ@damp πούς@nampc ἀλείφω@vpaadfs γυνή@ndfsc ἀφίζω@vipe3p σύ@rpgcs ὁ@dnfp ἁμαρτία@nnfpc καί@cs νεκρός@nampc μέν@b ἀγείρω@viaa3s ὁ@dgms δέ@b τυφλός@angms- ὁ@dafs γένεσις@nafsc ἀποκαθίστημι@vipa3s χαρίζομαι@vppenms αὐτός@rpdms ὁ@dans βλέπω@vnpa-- καί@cs οὗτος@rpanp ποιέω@viia3s οὐ@b μέλλω@vppanms ἕως@p λαμβάνω@vsaa3s ἀλλά@cs ἐξουσιαστής@nnmsc εἰμί@vppanms ὡς@b ἐκ@p οὗτος@rpgnp δῆλος@anans- εἰμί@vnpa-- ὅτι@cs ὅς@rpanp ἔχω@viia3s λόγος@nnmsp εἰμί@vppanms οὗτος@rpanp καί@b γίγνομαι@vpamnms ἄνθρωπος@nnmsc καί@cs μετά@p ὁ@dafs ἀνάστασις@nafsc ἀνθρώπινος@b λαμβάνω@vnra-- λέγω3@vipa3s ἵνα@cs διά@p αὐτός@rpams ὁ@dnmp ἄνθρωπος@nnmpc ἐπί@p μέν@b ὁ@dgfs γῆ@ngfsc ὡς@cs κοινωνός@nnmpc γίγνομαι@vpamnmp θεῖος1@angfs- φύσις@ngfsc λοιπός@anans- ἐξουσία@nafsc ἔχω@vspa3p κατά@p δαίμων@ngmpc ἐν@p δέ@cs ὁ@ddmp οὐρανός@ndmpc ὡς@cs ἐλευθερόω@vpapnmp ἀπό@p ὁ@dgfs φθορά@ngfsc αἰώνιος@b βασιλεύω@vsaa3p καθόλου@ngmsp γάρ@b οὗτος@rpans χρή@vipa3s γιγνώσκω@vnpa-- ὅτι@cs οὐδείς@rpans ὅς@rpgnp λέγω3@vipa3s λαμβάνω@vnra-- ὡς@b μή@b ἔχω@vppanms λαμβάνω@viaa3s ἔχω@viia3s γάρ@b αὐτός@rpanp ἀεί@b θεός@nnmsp εἰμί@vppanms ὁ@dnms λόγος@nnmsp λέγω3@vipe3s δέ@b νῦν@b ἀνθρώπινος@b ὅτι@cs λαμβάνω@viaa3s ἵνα@cs ὁ@dgfs σάρξ@ngfsc ἐν@p αὐτός@rpdms λαμβάνω@vppagfs λοιπός@anans- ἐκ@p ἐκεῖνος@rpgfs καί@b εἰς@p ἐγώ@rpamp διαμένω@vsaa3s βέβαιος@b καί@b γάρ@b καί@b ὁ@dnns παρά@p ὁ@dgms πέτρος@ngmsp λέγω3@vppenns ὅτι@cs λαμβάνω@vpaanms παρά@p θεός@ngmsp τιμή@nafsc καί@cs δόξα@nafsc ὑποτάσσω@vpapgmp αὐτός@rpdms ἄγγελος@ngmpc τοιοῦτος@anams- ἔχω@vipa3s ὁ@dams νόος@namsc ὡς@b πυνθάνομαι@viie3s ἀνθρώπινος@b ἀγείρω@viia3s δέ@cs θεϊκός@b ὁ@dams λάζαρος@namsp οὕτως@b ὁ@dnns μέν@b λαμβάνω@viaa3s ἀνθρώπινος@b ἐρῶ@vire3s ὁ@dnfs δέ@b ὁ@dgmp ἄγγελος@ngmpc ὑποταγή@annfs- ὁ@dafs θεότης@nafsc ὁ@dgms λόγος@ngmsp δείκνυμι@vipa3s"
"inc. et c. Ar._41","41@ παύω@vmam2p τοιγάρ@b ὅς@i θεοστυγής@nvmsc καί@cs μή@b ταπεινόω@vmpa2p ὁ@dams λόγος@namsp μη@b δέ@b παραιρέω@vmpe2p ὁ@dafs θεότης@nafsc αὐτός@rpgms ὅστις@rpnfs εἰμί@vipa3s ὁ@dgms πατήρ@ngmsp ὡς@b δέω@vppegms ἤ1@cs ἀγνοέω@vppagms ἵνα@cs μή@b ὁ@danp ἑαυτοῦ@rpgmp ἐπιρρίπτω@vspa2p ὁ@ddms χριστός@ndmsp ὡς@cs ὁ@dnmp τότε@b λιθάζω@vppanmp αὐτός@rpams ποιέω@viia3p ἰουδαῖος@nnmpp οὐ@b γάρ@b ὁ@dgms λόγος@ngmsp ὅς@b λόγος@nnfsp εἰμί@vipa3s οὗτος@rpnnp τυγχάνω@vipa3s εἰμί@vppannp ἀλλά@cs ὁ@dgmp ἄνθρωπος@ngmpc εἰμί@vipa3s ἴδιος@annnp- οὗτος@rpnnp καί@cs ὥσπερ@cs πτύω@vpaagms αὐτός@rpgms καί@cs ἐκτείνω@vpaagms ὁ@dafs χείρ@nafsc καί@cs φωνέω@vpaagms λάζαρος@namsp οὐ@b λέγω3@viia1p ἀνθρώπινος@nanpc εἰμί@vnpa-- ὁ@danp κατόρθωμα@nanpc εἰ@cs καί@b διά@p ὁ@dgns σῶμα@ngnsc γίγνομαι@viie3s ἀλλά@cs θεός@ngmsp οὕτως@b ἐάν@cs ὁ@dnnp ἀνθρώπινος@annnp- λέγω3@vspe3s περί@p ὁ@dgms σωτήρ@ngmsp ἐν@p ὁ@ddns εὐαγγέλιον@ndnsc πάλιν@b εἰς@p ὁ@dafs φύσις@nafsc ὁ@dgnp λέγω3@vppegnp ἐνοράω@vppanmp καί@cs ὡς@cs ἀλλότριος@annnp- οὗτος@rpnnp θεός@ngmsp τυγχάνω@vipa3s εἰμί@vppannp μή@b ὁ@ddfs θεότης@ndfsc ὁ@dgms λόγος@ngmsp οὗτος@rpanp λογίζομαι@vspe1p ἀλλά@cs ὁ@ddfs ἀνθρωπότης@ndfsc αὐτός@rpgns εἰ@cs γάρ@b καί@cs ὁ@dnms λόγος@nnmsp σάρξ@nnmsc γίγνομαι@viam3s ἀλλά@cs ὁ@dgfs σάρξ@ngfsc ἴδιος@annnp- ὁ@dnnp πάθος@nnnpc καί@b εἰ@cs ὁ@dnfs σάρξ@nnfsc θεοφορέω@vipe3s ἐν@p ὁ@ddms λόγος@ndmsp ἀλλά@b ὁ@dnfs χάρις@nnfsc καί@cs ὁ@dnfs δύναμις@nnfsc εἰμί@vipa3s ὁ@dgms λόγος@ngmsp ὁ@danp γοῦν@b ἔργον@nanpc ὁ@dgms πατήρ@ngmsp διά@p ὁ@dgfs σάρξ@ngfsc ποιέω@viia3s καί@b οὐδείς@anans- ἥσσων@anansc πάλιν@b ὁ@dnnp πάθος@nnnpc ὁ@dgfs σάρξ@ngfsc δείκνυμι@viie3s ἐν@p αὐτός@rpdns οἷος@rpans πυνθάνομαι@viie3s καί@cs ἀγείρω@viaa3s λάζαρος@namsp ἐπιπλήσσω@viia3s ὁ@ddfs μήτηρ@ndfsc λέγω3@vppanms οὔπω@b ἥκω@vipa3s ὁ@dnfs ὥρα@nnfsc ἐγώ@rpgcs καί@cs εὐθύς2@b ὁ@dans ὕδωρ@nansc οἶνος@namsc ποιέω@viia3s ἀληθινός@annms- γάρ@b θεός@nnmsp εἰμί@viia3s ἐν@p ὁ@ddfs σάρξ@ndfsc καί@cs ἀληθής@annms- σάρξ@nnmsc εἰμί@viia3s ἐν@p ὁ@ddms λόγος@ndmsp διά@p οὗτος@rpans ἐκ@p μέν@b ὁ@dgnp ἔργον@ngnpc γιγνώσκω@viia3s ἑαυτοῦ@rpams υἱός@namsp τε@b ὁ@dgms θεός@ngmsp καί@cs ὁ@dams ἑαυτοῦ@rpgms πατήρ@nafsp ἐκ@p δέ@b ὁ@dgnp ὁ@dgfs σάρξ@ngfsc πάθος@ngnpc δείκνυμι@viia3s ὅτι@cs ἀληθής@anans- φορέω@viia3s σῶμα@nansc καί@cs ἴδιος@anans- ἐάν@cs αὐτός@rpgms οὗτος@rpans"
"inc. et c. Ar._42","42@ οὗτος@rpgnp οὕτως@b εἰμί@vppagnp φέρω@vmpa2s καί@b ὁ@dans περί@p δέ@b ὁ@dgfs ἡμέρα@ngfsc καί@cs ὁ@dgfs ὥρα@ngfsc οὐδείς@rpnms οἶδα@vira3s οὐ@b δέ@b ὁ@dnmp ἄγγελος@nnmpc οὐ@b δέ@cs ὁ@dnms υἱός@nnmsp διερευνάω@vsaa1p οὗτος@rpans μέν@b γάρ@b μεγάλως@b μάλιστα@b ἀγνοέω@vpaanmp καί@cs ἐν@p οὗτος@rpdns σκοτοδινιάω@vppanmp μέγας@anafs- νομίζω@vnpa-- ἐν@p οὗτος@rpdns πρόφασις@nafsc ὁ@dgfs αἵρεσις@ngfsc αὐτός@rpgnp ἐγώ@rpnms δέ@b καί@b οὗτος@rpans προφασίζομαι@vppeamp αὐτός@rpamp καί@cs ἐν@p οὗτος@rpdns παρασκευάζω@vppeamp ὁ@damp αἱρετικός@anamp- ὡς@cs ὁ@damp γίγας@nampc πάλιν@b θεομαχέω@vppaamp αὐτός@rpamp ὁράω@vipa1s ὁ@dnms γάρ@b οὐρανός@ngmsc καί@cs γῆ@ngfsc κύριος@nnmsp διά@p ὅς@rpgms ὁ@dnnp πᾶς@annnp- γίγνομαι@vira3s κρίνω@vipe3s παρά@p αὐτός@rpdmp περί@p ἡμέρα@nafpc καί@cs ὥρα@nafpc καί@b ὁ@dnms ὁ@danp πᾶς@ananp- γιγνώσκω@vppanms λόγος@nnmsp κατηγορέω@vipe3s παρά@p αὐτός@rpgmp ὡς@b ἀγνοέω@vppanms περί@p ἡμέρα@nafpc καί@b ὁ@dnms γιγνώσκω@vppanms υἱός@nnmsp ὁ@dams πατήρ@namsp λέγω3@vipe3s ἀγνοέω@vnpa-- ἡμέρα@ngfsc ὥρα@nafsc ὅς@rpgmp τίς@rpans ἄν@b τις@rpnms ἄφρων@anansc εἶπον@voaa3s ἤ1@cs ποῖος@anafs- τις@rpnms οὗτος@rpdmp ἐξισόω@voaa3s μανία@nafsc διά@p ὁ@dgms λόγος@ngmsp γίγνομαι@vira3s ὁ@dnnp πᾶς@annnp- καί@b χρόνος@nnmpc καί@b καιρός@nnmpc καί@b νύξ@nnfsc καί@b ἡμέρα@nnfsc καί@cs πᾶς@annfs- ὁ@dnfs κτίσις@nnfsc καί@b ἀγνοέω@vnpa-- ὁ@dnms δημιουργός@nnmsc ὁ@dans ποίημα@nansc λέγω3@vipe3s καί@cs αὐτός@rpnms μέν@b οὖν@b ὁ@dnms εἱρμός@nnmsc ὁ@dgns ἄκουσμα@ngnsc δείκνυμι@vipa3s οἶδα@vnra-- ὁ@dams υἱός@namsp ὁ@dgms θεός@ngmsp ὁ@dafs ὥρα@nafsc καί@cs ὁ@dafs ἡμέρα@nafsc καί@b ἄν@cs ὁ@dnmp ἀρειανός@nnmpp ὁ@ddfs ἄγνοια@ndfsc καταπίπτω@vspa3p ἐρῶ@nnmsp γάρ@b οὐ@b δέ@cs ὁ@dnms υἱός@nnmsp διηγέομαι@vipe3s ὁ@ddmp μαθητής@ndmpc ὁ@danp πρό@p ὁ@dgfs ἡμέρα@ngfsc λέγω3@vppanms ὅδε@rpnnp εἰμί@vifm3s καί@cs ὅδε@rpnnp εἶτα@b ὁ@dnns τέλος@nnnsc ὁ@dnms δέ@b ὁ@danp πρό@p ὁ@dgfs ἡμέρα@ngfsc λέγω3@vppanms οἶδα@vira3s πάντως@b καί@b ὁ@dafs ἡμέρα@nafsc ὅστις@rpnfs μετά@p ὁ@danp προερέω@vpreanp φαίνω@vifp3s εἰ@cs δέ@b μή@b οἶδα@vila3s ὁ@dafs ὥρα@nafsc οὐ@b ἄν@b ὁ@danp πρό@p αὐτός@rpgfs σημαίνω@viaa3s οὐ@b οἶδα@vpranms ποτέ@b εἰμί@vifm3s ὁ@dnfs ὥρα@nnfsc καί@cs ὥσπερ@cs ἄν@b τις@rpnms οἰκία@nafsc ἤ1@cs πόλις@nafsc ὁ@ddmp ἀγνοέω@vppadmp σημαίνω@vnaa-- ἐθέλω@vppanms ὁ@danp μέν@b πρό@p ὁ@dgfs οἰκία@ngfsc ἤ1@cs ὁ@dgfs πόλις@ngfsc διέξειμι@vopa3s ἐπειδάν@cs δέ@b πᾶς@ananp- σημαίνω@vpaanms λέγω3@vopa3s εἶμι@vipa2s εὐθύς2@b ὁ@dnfs πόλις@nnfsc ἤ1@cs ὁ@dnfs οἰκίον@nnfsc οἶδα@vira3s πάντως@b ὁ@dnms σημαίνω@vppanms ποῦ@b τε@cs ὁ@dnfs οἰκίον@nnfsc ἤ1@cs ὁ@dnfs πόλις@nnfsc εἰμί@vipa3s οὐ@b ἄν@b γάρ@b εἰ@cs μή@b γιγνώσκω@viia3s σημαίνω@viaa3s ὁ@danp πρό@p ἐκεῖνος@rpgmp μή@cs ποτέ@b διά@p ἄγνοια@nafsc ἤ1@cs μακράν@b ἀφεστήξω@vsaa3s ὁ@damp ἀκούω@vppaamp ἤ1@cs αὐτός@rpnms λέγω3@vppanms λανθάνω@vsaa3s καί@cs ὑπερβαίνω@vsaa3s ὁ@dans σημαίνω@vppeans οὕτως@b λέγω3@vppanms ὁ@dnms κύριος@nnmsp ὁ@danp πρό@p ὁ@dgfs ἡμέρα@ngfsc καί@cs ὁ@dgfs ὥρα@ngfsc οἶδα@vira3s ἀκριβής@b καί@cs οὐ@b ἀγνοέω@vipa3s ποτέ@b ὁ@dnfs ὥρα@nnfsc καί@cs ὁ@dnfs ἡμέρα@nnfsc ἐνίστημι@vipe3s"
"inc. et c. Ar._43","43@ τις@nnmsp οὖν@b ἕνεκα@p γιγνώσκω@vppanms οὐ@b εἶπον@viaa3s φανερός@b τότε@b ὁ@ddmp μαθητής@ndmpc οὐδείς@rpgns εἰμί@vipa3s περιεργάζομαι@vnam-- ὅς@rpanp σιωπάω@vira3s αὐτός@rpnms τις@rpnms γάρ@x γιγνώσκω@viaa3s νόος@namsc κύριος@ngmsp ἤ1@b τις@rpnms σύμβουλος@nnmsc αὐτός@rpgms γίγνομαι@viam3s τις@nnmsp δέ@b χάρις@nafsc γιγνώσκω@vppanms λέγω3@viia3s ὅτι@cs οὐ@b δέ@b ὁ@dnms υἱός@nnmsp οἶδα@vira3s οὐδείς@rpams ὁ@dgmp πιστός@angmpc ἀγνοέω@vnpa-- οἴομαι@vipe1s ὅτι@cs καί@b οὗτος@rpans οὐδείς@anans- ἥσσων@anansc διά@p ὁ@dafs σάρξ@nafsc ὡς@cs ἄνθρωπος@nnmsc λέγω3@viia3s οὐδέ@b γάρ@b οὐ@b δέ@cs οὗτος@rpnns ἐλάττωμα@nnnsc ὁ@dgms λόγος@ngmsp εἰμί@vipa3s ἀλλά@cs ὁ@dgfs ἀνθρώπινος@angfs- φύσις@ngfsc ὅς@rpgfs εἰμί@vipa3s ἴδιος@annns- καί@b ὁ@dnns ἀγνοέω@vnpa-- καί@b οὗτος@rpans πάλιν@b ἄν@b τις@rpnms εἶδον@voaa3s καλός@b ἐάν@cs καί@b ὁ@dams καιρός@namsc ἐξετάζω@vspe2s μετά@p συνειδήσεως@ngfsc ἀγαθός@angfs- ποτέ@b καί@cs τις@rpdnp λέγω3@viia3s οὗτος@rpanp ὁ@dnms σωτήρ@nnmsp οὐ@b τοίνυν@b ὅτε@cs ὁ@dnms οὐρανός@nnmsc διά@p αὐτός@rpgms γίγνομαι@viam3s οὐ@b δέ@cs ὅτε@cs εἰμί@viia3s παρά@p αὐτός@rpdms ὁ@ddms πατήρ@ndmsp ὁ@dnms λόγος@nnmsp ἁρμόζω@vppanms ὁ@danp πᾶς@ananp- οὐ@b δέ@cs πρό@p ὁ@dgns γίγνομαι@vnam-- ἄνθρωπος@nnmsc λέγω3@viia3s οὗτος@rpanp ἀλλά@cs ὅτε@cs ὁ@dnms λόγος@nnmsp σάρξ@nnmsc γίγνομαι@viam3s διά@p οὗτος@rpans καί@b πᾶς@ananp- ὅσος@rpanp μετά@p ὁ@dans γίγνομαι@vnam-- ἄνθρωπος@nnfsc ἀνθρώπινος@b λέγω3@vipa3s οὗτος@rpanp ὁ@ddfs ἀνθρωπότης@ndfsc δίκαιος@anans- ἀνατίθημι@vnpa-- ὁ@dgms μέν@b γάρ@b λόγος@ngmsp ἴδιος@annns- εἰμί@vipa3s οἶδα@vnra-- ὁ@danp ποιέω@vpreanp καί@cs οὗτος@rpgnp ὁ@dafs ἀρχή@nafsc καί@cs ὁ@dans τέλος@nansc μή@b ἀγνοέω@vnpa-- αὐτός@b γάρ@b εἰμί@vipa3s ἔργον@nnnpc καί@b οἶδα@vira3s ὁπόσος@annnp- καί@cs ἕως@p τις@rpgns ὁ@dafs σύστασις@nafsc αὐτός@rpgmp ἐργάζομαι@viae3s οἶδα@vpranms δέ@b ὁ@dafs ἀρχή@nafsc ἕκαστος@angns- καί@cs ὁ@dans τέλος@nansc οἶδα@vira3s πάντως@b καί@b ὁ@dans καθόλου@b καί@cs κοινός@anans- πᾶς@angnp- τέλος@nansc ἀμέλει@ndmsp λέγω3@vppanms ἐν@p ὁ@ddns εὐαγγέλιον@ndnsc περί@p ὁ@dgns κατά@p ὁ@dans ἀνθρώπινος@anans- αὐτός@rpgns πατήρ@nvmsp ἔρχομαι@vira3s ὁ@dnfs ὥρα@nnfsc δοξάζω@vmaa2s σύ@rpgcs ὁ@dams υἱός@namsp δῆλος@annms- εἰμί@vipa3s ὅτι@cs καί@b ὁ@dafs περί@p ὁ@dgns πᾶς@angnp- τέλος@ngnsc ὥρα@nafsc ὡς@cs μέν@b λόγος@nnmsp γιγνώσκω@vipa3s ὡς@cs δέ@b ἄνθρωπος@nnmsc ἀγνοέω@vipa3s ἄνθρωπος@ngmsc γάρ@x ἴδιος@annns- ὁ@dnns ἀγνοέω@vnpa-- καί@cs μάλιστα@b οὗτος@ananp- ἀλλά@cs καί@b οὗτος@rpnns ὁ@dgfs φιλανθρωπία@ngfsc ἴδιος@annns- ὁ@dgms σωτήρ@ngmsp ἐπεί@cs γάρ@b γίγνομαι@vira3s ἄνθρωπος@nnfsc οὐ@b ἐπαισχύνομαι@vipe3s διά@p ὁ@dafs σάρξ@nafsc ὁ@dafs ἀγνοέω@vppaafs εἶπον@vnaa-- οὐ@b οἶδα@vira1s ἵνα@cs δείκνυμι@vsaa3s ὅτι@cs οἶδα@vpranms ὡς@cs θεός@nnmsp ἀγνοέω@vipa3s σαρκικός@b οὐ@b ἐρῶ@vira3s γοῦν@b οὐ@b δέ@cs ὁ@dnms υἱός@nnmsp ὁ@dgms θεός@ngmsp ὁράω@vira3s ἵνα@cs μή@b ὁ@dnfs θεότης@nnfsc ἀγνοέω@vppanfs φαίνω@vspe3s ἀλλά@b ἁπλόος@b οὐ@b δέ@cs ὁ@dnms υἱός@nnmsp ἵνα@cs ὁ@dgms ἐκ@p ἄνθρωπος@ngmpc γίγνομαι@vpamgms υἱός@ngmsp ὁ@dnfs ἄγνοια@nnfsc εἰμί@vspa3s"
"inc. et c. Ar._44","44@ διά@p οὗτος@rpans καί@b περί@p ἄγγελος@ngmpc λέγω3@vppanms οὐ@b ἐρῶ@vira3s ἐπαναβαίνω@vppanms ὅτι@cs οὐ@b δέ@cs ὁ@dnns πνεῦμα@nnnsp ὁ@dnns ἅγιος@annns- ἀλλά@b σιωπάω@viaa3s δείκνυμι@vppanms κατά@p δύο@ οὗτος@rpanp ὅτι@cs εἰ@cs ὁ@dans πνεῦμα@nansp οἶδα@vira3s πολύς@andns- μᾶλλον@b ὁ@dnms λόγος@nnmsp λόγος@nnmsp εἰμί@vipa3s οἶδα@vira3s παρά@p ὅς@rpgns καί@b ὁ@dnns πνεῦμα@nnnsp λαμβάνω@vipa3s καί@b ὅτι@cs περί@p ὁ@dgns πνεῦμα@ngnsp σιωπάω@vpaanms φανερός@anans- ποιέω@vira3s ὅτι@cs περί@p ὁ@dgfs ἀνθρώπινος@angfs- αὐτός@rpgms λειτουργία@ngfsc λέγω3@viia3s οὐ@b δέ@b ὁ@dnms υἱός@nnmsp καί@cs οὗτος@rpgns τεκμήριον@nnnsc ὅτι@cs ἀνθρώπινος@b ἐρῶ@vpranms οὐ@b δέ@cs ὁ@dnms υἱός@nnmsp ὅδε@rpnms δείκνυμι@vipa3s ὅμως@b θεϊκός@b ἑαυτοῦ@rpams ὁ@danp πᾶς@ananp- οἶδα@vpraams ὅς@rpgnp γάρ@b λέγω3@vipa3s υἱός@namsp ὁ@dafs ἡμέρα@nafsc μή@b οἶδα@vnra-- οὗτος@rpams οἶδα@vnra-- λέγω3@vipa3s ὁ@dams πατήρ@nafsp οὐδείς@rpncs γάρ@b φημί@vipa3s γιγνώσκω@vipa3s ὁ@dams πατήρ@namsp εἰ@cs μή@b ὁ@dnms υἱός@nnmsp πᾶς@annms- δέ@b πλήν@p ὁ@dgmp ἀρειανός@ngmpp συνομολογέω@voaa3s ὡς@cs ὁ@dnms ὁ@dams πατήρ@namsp γιγνώσκω@vppanms πολύς@andns- μᾶλλον@b οἶδα@vira3s ὁ@dgfs κτίσις@ngfsc ὁ@dans ὅλος@anans- ἐν@p δέ@b ὁ@ddns ὅλος@andns- καί@b ὁ@dnns τέλος@nnnsc εἰμί@vipa3s οὗτος@rpgfs καί@cs εἰ@cs ἤδη@b δέ@b ὁρίζω@vifm3s ὁ@dnfs ἡμέρα@nnfsc καί@cs ὁ@dnfs ὥρα@nnfsc παρά@p ὁ@dgms πατήρ@ngmsp δῆλος@annns- εἰμί@vipa3s ὅτι@cs διά@p ὁ@dgms υἱός@ngmsp ὁρίζω@vire3s καί@cs οἶδα@vira3s αὐτός@rpnms ὁ@rpans διά@p αὐτός@rpgms ὁρίζω@vpapans οὐδείς@rpnns γάρ@b εἰμί@vipa3s ὅς@rpnns μή@b διά@p υἱός@ngmsp γίγνομαι@vira3s τε@b καί@cs ὁρίζω@vire3s οὐκοῦν@b αὐτός@rpnms δημιουργός@nnmsc εἰμί@vppanms ὁ@dgns πᾶς@angns- οἶδα@vira3s ὁποῖος@annns- καί@cs ὁπόσος@anams- καί@cs ἕως@p τις@rpgns αὐτός@rpans γίγνομαι@vnam-- βούλομαι@vspe3s ὁ@dnms πατήρ@nnmsp ἐν@p δέ@b ὁ@ddms πόσος@andns- καί@cs μέχρι@p τις@rpgns εἰμί@vipa3s ὁ@dnfs οὗτος@rpgnp ἀλλαγή@nnfsc πάλιν@b τε@b εἰ@cs πᾶς@annnp- ὁ@dnnp ὁ@dgms πατήρ@ngmsp ὁ@dgms υἱός@ngmsp εἰμί@vipa3s οὗτος@rpans γάρ@b αὐτός@rpnms ἐρῶ@vira3s ὁ@dgms δέ@b πατήρ@ngmsp εἰμί@vipa3s ὁ@dnns οἶδα@vnra-- ὁ@dafs ἡμέρα@nafsc δῆλος@annns- ὅτι@cs καί@b ὁ@dnms υἱός@nnmsp οἶδα@vira3s ἴδιος@anans- ἔχω@vppanms καί@b οὗτος@rpans ἐκ@p ὁ@dgms πατήρ@ngmsp καί@cs πάλιν@b εἰ@cs ὁ@dnms υἱός@nnmsp ἐν@p ὁ@ddms πατήρ@ndnsp καί@cs ὁ@dnms πατήρ@nnmsp ἐν@p ὁ@ddms υἱός@ndmsp οἶδα@vira3s δέ@b ὁ@dnms πατήρ@nnmsp ὁ@dafs ἡμέρα@nafsc καί@cs ὁ@dafs ὥρα@nafsc φανερός@annns- ὅτι@cs καί@b ὁ@dnms υἱός@nnmsp ἐν@p ὁ@ddms πατήρ@ndnsp εἰμί@vppanms καί@cs οἶδα@vpranms ὁ@danp ἐν@p ὁ@ddms πατήρ@ndnsp οἶδα@vira3s καί@b αὐτός@rpnms ὁ@dafs ἡμέρα@nafsc καί@cs ὁ@dafs ὥρα@nafsc εἰ@cs δέ@b καί@b εἰκών@vpaanms εἰμί@vipa3s ἀληθινός@annfs- ὁ@dgms πατήρ@ngmsp ὁ@dnms υἱός@nnmsp οἶδα@vira3s δέ@cs ὁ@dnms πατήρ@nnmsp ὁ@dafs ἡμέρα@nafsc καί@cs ὁ@dafs ὥρα@nafsc δῆλος@annns- ὅτι@cs καί@b ὁ@dgns οἶδα@vnra-- οὗτος@rpanp ὁ@dafs ὁμοιότης@nafsc ὁ@dgms πατήρ@ngmsp ὁ@dnms υἱός@nnmsp ἔχω@vipa3s καί@cs οὐ@b θαυμαστός@annns- εἰ@cs διά@p ὅς@rpgns ὁ@dnnp πᾶς@annnp- γίγνομαι@vira3s καί@cs ἐν@p ὅς@rpdns συνίστημι@annnp- ὅλος@annnp- οἶδα@vira3s αὐτός@rpnms ὁ@danp γίγνομαι@vpamanp καί@cs ποτέ@b οὗτος@rpgnp ἕκαστος@angns- καί@cs κοινῇ@b ὁ@dnns τέλος@nnnsc ἀλλά@b ὅτι@b καί@b οὗτος@annfs- ὁ@dnfs προπέτεια@nnfsc πρέπω@vppanfs ὁ@ddfs μανία@ndfsc ὁ@dgmp ἀρειομανίτης@ngmpp εἰμί@vppanfs εἰς@p τοσοῦτος@anafs- ἐγώ@rpamp ἀπολογία@nafsc ἀναγκάζω@viaa3s ἔρχομαι@vnaa-- συναριθμέω@vppanmp γάρ@b ὁ@ddmp γενητός@andmp- ὁ@dams υἱός@namsp ὁ@dgms θεός@ngmsp ὁ@dams ἀίδιος@anams- λόγος@namsp κατά@p ὀλίγος@anans- καί@b αὐτός@anams- ὁ@dams πατήρ@namsp ἐλάσσων@ananpc ὁ@dgfs κτίσις@ngfsc μελετάω@vspa3p λέγω3@vnpa-- εἰ@cs γάρ@b ὁ@dnms ὁ@dams πατήρ@namsp γιγνώσκω@vppanms οὐ@b οἶδα@vira3s ὁ@dafs ἡμέρα@nafsc οὐ@b δέ@cs ὁ@dafs ὥρα@nafsc φοβέω@vipe1s μή@cs μέγας@annfsc εἰμί@vifm3s ὡς@cs ἄν@b ἐκεῖνος@rpnmp μαίνομαι@vpapnmp εἶπον@voaa3p ὁ@dnfs περί@p ὁ@dgfs κτίσις@ngfsc μᾶλλον@b δέ@cs ὁ@dnfs περί@p ὁ@dgns ἐλάσσων@angnsc μέρος@ngnsc ὁ@dgfs κτίσις@ngfsc γνῶσις@nnfsc ὁ@dgfs περί@p ὁ@dgms πατήρ@ngmsp γνῶσις@ngfsc"
"inc. et c. Ar._45","ἀλλά@cs ἐκεῖνος@rpnmp μέν@b οὕτως@b εἰς@p ὁ@dans πνεῦμα@nansp βλασφημέω@vppanmp προσδοκάω@vmpa3p μή@b λαμβάνω@vnpa-- ποτέ@b ὁ@dgfs ἀσέβεια@ngfsc οὗτος@rpgfs ἄφεσις@nafsc ὡς@cs ὁ@dnms κύριος@nnmsp ἐρῶ@vira3s ὁ@dnmp δέ@b φιλόχριστος@annmp- καί@cs χριστοφόρος@nnmpp γιγνώσκω@vipa1p ὡς@cs οὐ@b ἀγνοέω@vppanms ὁ@dnms λόγος@nnmsp ὅς@rpdms λόγος@nnmsp εἰμί@vipa3s λέγω3@viia3s οὐ@b οἶδα@vira1s οἶδα@vira3s γάρ@x ἀλλά@cs ὁ@dans ἀνθρώπινος@anans- δείκνυμι@vppanms ὅτι@cs ὁ@dgmp ἄνθρωπος@ngmpc ἴδιος@annns- εἰμί@vipa3s ὁ@dnns ἀγνοέω@vnpa-- καί@cs ὅτι@cs σάρξ@nafsc ἀγνοέω@vppaafs ἐνδύω@viam3s ἐν@p εἰμί@rpafs σαρκικός@b λέγω3@viia3s οὐ@b οἶδα@vira1s τότε@cs γοῦν@b ἐρῶ@vpranms ὅτι@cs οὐ@b δέ@cs ὁ@dnms υἱός@nnmsp οἶδα@vira3s καί@cs ὁ@dgmp κατά@p νῶε@nafsp ἄνθρωπος@ngmpc ὁ@dafs ἄγνοια@nafsc παρατίθημι@vpaanms εὐθύς2@b ἐπάγω@viaa3s γρηγορέω@vipa2p οὖν@b ὅτι@cs οὐ@b οἶδα@vira2p οὐ@b δέ@cs σύ@rpnmp ποῖος@rpdfs ὥρα@ndfsc ὁ@dnms κύριος@nnmsp σύ@rpgmp ἔρχομαι@vipe3s καί@cs πάλιν@b ὅς@rpdfs οὐ@b δοκέω@vipa2p ὥρα@ndfsc ὁ@dnms υἱός@nnmsp ὁ@dgms ἄνθρωπος@ngmsc ἔρχομαι@vipe3s διά@p σύ@rpamp γάρ@b καί@b ἐγώ@rpnms γίγνομαι@vpamnms ὡς@cs σύ@rpnmp εἶπον@viaa1s οὐ@b δέ@cs ὁ@dnms υἱός@nnmsp δεῖ@viia3s δέ@b εἴπερ@cs εἰμί@viia3s ἀγνοέω@vppanms θεϊκός@b εἶπον@vnaa-- γρηγορέω@vipa3s οὖν@b ὅτι@cs οὐ@b οἶδα@vira1s καί@cs ὅς@rpdfs οὐ@b δοκέω@vipa1s ὥρα@ndfsc νῦν@b δέ@b οὗτος@rpans μέν@b οὐ@b εἶπον@viaa3s ἐρῶ@vpranms δέ@b ὅτι@cs οὐ@b οἶδα@vira2p σύ@rpvcp καί@cs ὅς@rpanp οὐ@b δοκέω@vipa2p δείκνυμι@viaa3s ὅτι@cs ὁ@dgmp ἄνθρωπος@ngmpc εἰμί@vipa3s ὁ@dnns ἀγνοέω@vnpa-- διά@p ὅς@rpamp καί@b αὐτός@rpnms ὁ@dafs ὅμοιος@anafs- αὐτός@rpgmp ἔχω@vppanms σάρξ@nafsc καί@cs ἄνθρωπος@nnmsc γίγνομαι@vpamnms λέγω3@viia3s οὐ@b δέ@cs ὁ@dnms υἱός@nnmsp οἶδα@vira3s οὐ@b οἶδα@vira3s γάρ@x σάρξ@ndfsc καίπερ@x ὡς@b λόγος@nnmsp γιγνώσκω@vppanms καί@cs ὁ@dnns κατά@p νῶε@ngmsp δέ@b παράδειγμα@nnnsc πάλιν@b ἐλέγχω@vipa3s ὁ@dafs ἀναίδεια@nafsc ὁ@dgmp χριστομάχος@ngmpp καί@cs γάρ@b καί@cs ἐκεῖ@b οὐ@b λέγω@viaa3s οὐ@b γιγνώσκω@viaa1s ἀλλά@cs οὐ@b γιγνώσκω@viaa3p ἕως@p ἔρχομαι@viaa3s ὁ@dnms κατακλυσμός@nnmsc ὁ@dnmp μέν@x γάρ@b ἄνθρωπος@nnmpc οὐ@b γιγνώσκω@viia3p ὁ@dnms δέ@b ὁ@dams κατακλυσμός@namsc ἐπάγω@vpaanms αὐτός@annms- δέ@b εἰμί@viia3s ὁ@dnms σωτήρ@nnmsp γιγνώσκω@viia3s ὁ@dafs ἡμέρα@nafsc καί@cs ὁ@dafs ὥρα@nafsc ἐν@p ὅς@rpdfs ὁ@damp καταρράκτης@nampc ὁ@dgms οὐρανός@ngmsc ἀνοίγνυμι@viia3s καί@cs ὁ@dafp ‘@ ἄβυσσος@anafp- ῥηγεύω@viia3s καί@cs ὁ@ddms νῶε@ndmsp ἐρῶ@vira3s εἰσέρχομαι@vmaa2s σύ@rpncs καί@cs ὁ@dnmp υἱός@nnmpc σύ@rpgcs εἰς@p ὁ@dafs κιβωτός@nafsc εἰ@cs δέ@b εἰμί@viia3s ἀγνοέω@vppanms οὐ@b ἄν@b προλέγω1@viia3s ὁ@ddms νῶε@ndmsp ἔτι@b γάρ@b ἡμέρα@ngfpc ἑπτὰ@ ἐγώ@rpncs ἐπάγω@vipa1s ὁ@dams κατακλυσμός@namsc ἐπί@p ὁ@dafs γῆ@nafsc εἰ@cs δέ@b ἐκ@p ὁ@dgfs εἰκών@ngfsc ὁ@dgfs κατά@p ὁ@dams νῶε@namsp σημαίνω@vipa3s ὁ@dafs ἡμέρα@nafsc γιγνώσκω@viaa3s δέ@b ὁ@dafs ἡμέρα@nafsc ὁ@dgms κατακλυσμός@ngmsc οἶδα@vira3s ἄρα@b καί@b ὁ@dafs ἡμέρα@nafsc ὁ@dgfs ἑαυτοῦ@rpgns παρουσία@ngfsc"
"inc. et c. Ar._46","καί@cs ὁ@dafs κατά@p ὁ@dafp παρθένος@nafpc δέ@b ὁμοίωσις@nafsc ἐρῶ@vpranms φανερός@anansc πάλιν@b δείκνυμι@viaa3s τις@rpnmp εἰμί@vipa3p ὁ@dnmp ἀγνοέω@vppanmp ὁ@dafs ἡμέρα@nafsc καί@cs ὁ@dafs ὥρα@nafsc λέγω3@vppanms γρηγορέω@vipa2p οὖν@b ὅτι@cs οὐ@b οἶδα@vira2p ὁ@dafs ἡμέρα@nafsc ἤ1@cs ὁ@dafs ὥρα@nafsc ὁ@dnms πρό@p ὀλίγος@angns- λέγω3@vppanms οὐδείς@rpnms οἶδα@vira3s οὐ@b δέ@cs ὁ@dnms υἱός@nnmsp νῦν@b οὐ@b λέγω@viaa3s ὅτι@cs ἐγώ@rpnms οὐ@b οἶδα@vira1s ἀλλά@cs ὅτι@cs σύ@rpnmp οὐ@b οἶδα@vira2p οὔτως@b ἄρα@b πυνθάνομαι@vppegmp ὁ@dgmp μαθητής@ngmpc περί@p ὁ@dgns τέλος@ngnsc καλός@b εἶπον@viaa3s τότε@b καί@b ὁ@dans οὐ@b δέ@cs ὁ@dnms υἱός@nnmsp σαρκικός@b διά@p ὁ@dans σῶμα@nansc ἵνα@cs δείκνυμι@vsaa3s ὅτι@cs ὡς@cs ἄνθρωπος@nnmsc οὐ@b οἶδα@vira3s ἄνθρωπος@ngmpc γάρ@x ἴδιος@annns- ὁ@dnns ἀγνοέω@vnpa-- εἰ@cs μέντοι@b λόγος@nnmsp εἰμί@vipa3s καί@cs αὐτός@rpnms εἰμί@vipa3s ὁ@dnms ἔρχομαι@vppenms καί@cs αὐτός@rpnms κριτής@nnmsc καί@cs αὐτός@rpnms ὁ@dnms νυμφίος@nnmsc οἶδα@vira3s ποτέ@b καί@cs ποῖος@rpdfs ὥρα@ndfsc ἔρχομαι@vipe3s καί@cs ποτέ@b μέλλω@vipa3s λέγω3@vnpa-- ἐγείρω@ndmsp ὁ@dnms καθεύδω@vppanms καί@cs ἀνίστημι@nvmsc ἐκ@p ὁ@dgmp νεκρός@ngmpc καί@cs ἐπιφαίνω@vifa3s σύ@rpdcs ὁ@dnms χριστός@nnmsp ὥσπερ@cs γάρ@b ἄνθρωπος@nnmsc γίγνομαι@vpamnms μετά@p ἄνθρωπος@ngmpc πεινάω@vipa3s καί@b διψάω@vipa3s καί@cs πάσχω@vipa3s οὕτως@b μετά@p μέν@b ὁ@dgmp ἄνθρωπος@ngmpc ὡς@cs ἄνθρωπος@nnmsc οὐ@b οἶδα@vira3s θεικός@b δέ@b ἐν@p ὁ@ddms πατήρ@ndnsp εἰμί@vppanms λόγος@nnmsp καί@cs σοφία@nnfsp οἶδα@vira3s καί@cs οὐδείς@rpnns εἰμί@vipa3s ὅς@rpans ἀγνοέω@vipa3s οὕτως@b καί@b περί@p λάζαρος@ngmsp πάλιν@b ἀνθρώπινος@b πυνθάνομαι@vipe3s ὁ@dnms ἀπέρχομαι@vpaanms ἐγείρω@vnaa-- αὐτός@rpams καί@cs οἶδα@vpranms πόθεν@b ἀνακαλέω@vsam3s ὁ@dafs λάζαρος@ngmsp ψυχή@nafsc μέγας@annnsc δέ@b ὁ@dnns οἶδα@vnra-- ποῦ@b εἰμί@viia3s ὁ@dnfs ψυχή@nnfsc ὁ@dgns οἶδα@vnra-- ποῦ@b κεῖμαι@viie3s ὁ@dnns σῶμα@nnnsc ἀλλά@b ἀνθρώπινος@b ἐπερωτάω@viia3s ἵνα@cs θεϊκός@b ἀνεγείρω@vspe2s οὕτως@b καί@b ὁ@dgmp μαθητής@ngmpc πυνθάνομαι@vipe3s ἔρχομαι@vpaanms εἰς@p ὁ@danp μέρος@nanpc καισαρεία@ngfsp καίπερ@b οἶδα@vpranms καί@b πρίν@cs ἀποκρίνω@vnam-- ὁ@dams πέτρος@namsp εἰ@cs γάρ@b ὁ@dnms πατήρ@nnmsp ἀποκαλύπτω@viaa3s ὁ@ddms πέτρος@ndmsp περί@p ὅς@rpgnp ὁ@dnms κύριος@nnmsp πυνθάνομαι@viie3s δῆλος@annns- εἰμί@vipa3s ὅτι@cs διά@p ὁ@dgms υἱός@ngmsp γίγνομαι@vira3s ὁ@dnfs ἀποκάλυψις@nnfsc οὐδείς@rpnms γάρ@b οἶδα@vira3s ὁ@dams υἱός@namsp φημί@vipa3s εἰ@cs μή@b ὁ@dnms πατήρ@nnmsp καί@cs ὁ@dams πατήρ@namsp εἰ@cs μή@b ὁ@dnms υἱός@nnmsp καί@cs ὅς@rpanp ἐάν@b ἐθέλω@vspa3s ὁ@dnms υἱός@nnmsp ἀποκρύπτω@vnaa-- εἰ@cs δέ@b διά@p υἱός@ngmsp ὅς@dnfs τε@b ὁ@dgms πατήρ@ngmsp καί@cs ὁ@dgms υἱός@ngmsp γνῶσις@nnfsc ἀποκαλύπτω@vipe3s οὐ@b ἀμφίβολος@annns- ὡς@cs αὐτός@rpnms ὁ@dnms πυνθάνομαι@vppenms κύριος@nnmsp πρότερος@b ἀποκαλύπτω@vpaanms ὁ@ddms πέτρος@ndmsp παρά@p ὁ@dgms πατήρ@ngmsp ὕστερος@b ἀνθρώπινος@b πυνθάνομαι@viie3s ἵνα@cs καί@b οὗτος@rpans δείκνυμι@vsaa3s ὅτι@cs σαρκικός@b πυνθάνομαι@vppenms οἶδα@vila3s θεϊκός@b ὅς@rpanp μέλλω@viia3s λέγω3@vnpa-- ὁ@dnms πέτρος@nnmsp οἶδα@vira3s ἄρα@b ὁ@dnms υἱός@nnmsp γιγνώσκω@vppanms ὁ@danp πᾶς@ananp- καί@cs γιγνώσκω@vppanms ὁ@dams ἑαυτοῦ@rpgms πατήρ@namsp ὅς@rpgfs γνῶσις@ngfsc οὐ@b τε@b μέγας@annnsc οὐ@b τε@cs τέλειος@annnsc ἄν@b τις@rpnns γίγνομαι@voam3s"
"inc. et c. Ar._47","47@ ἱκανός@annnp- μέν@b οὖν@b οὗτος@rpnnp πρός@p ἔλεγχος2@namsc αὐτός@rpgnp βούλομαι@viie1s δέ@b ἐρωτάω@vnaa-- ἵνα@cs καί@b οὕτως@b ἐχθρός@nnmpc μᾶλλον@b ὁ@dgfs ἀλήθεια@ngfsc δείκνυμι@vspe3p καί@cs χριστομάχος@nnmpp ὁ@dnms ἀπόστολος@nnmsc ἐν@p ὁ@ddfs δεύτερος@andfs- πρός@p κορίνθιος@nampp ἐπιστολή@ndfsc γράφω@vppanms φημί@vipa3s οἶδα@vira1s ἄνθρωπος@namsc ἐν@p χριστός@ndmsp πρό@p ἔτος@ngnpc δεκατεσσάρων@ εἰ@cs τε@cs ἐν@p σῶμα@ndnsc οὐ@b οἶδα@vira1s εἰ@b τε@cs ἐκτός@p ὁ@dgns σῶμα@ngnsc οὐ@b οἶδα@vira1s ὁ@dnms θεός@nnmsp οἶδα@vira3s ’@rpafs τίς@rp--- τοίνυν@b φημί@vira2p οἶδα@vira3s ὁ@dnms ἀπόστολος@nnmsc ὅς@rpans πάσχω@vira3s ἐν@p ὁ@ddfs ὀπτασία@ndfsc καί@cs ἄν@b λέγω3@vspa3s οὐ@b οἶδα@vira1s ἤ1@cs οὐ@b οἶδα@vira3s εἰ@cs μέν@b οὖν@b οὐ@b οἶδα@vira3s σκοπέω@vmpa2p μή@cs μανθάνω@vpaanmp πίπτω@vnpa-- πίπτω@vsaa2p καί@b εἰς@p ὁ@dafs ὁ@dgmp φρύξ@ngmpp παρανομία@nafsc ὁ@dgmp λέγω3@vppagmp μή@b οἶδα@vnra-- ὁ@damp προφήτης@nampc μη@b δέ@cs ὁ@damp ἄλλος@rpamp ὁ@damp διακονέω@vpaaamp ὁ@dams λόγος@namsp μή@b τε@b ὅς@rpanp ποιέω@vipa3p μή@b τε@cs περί@p τίς@rpgnp ἀπαγγέλλω@vipa3p εἰ@cs δέ@b οἶδα@vira3s λέγω3@vppanms οὐ@b οἶδα@vira1s ἔχω@viia3s γάρ@b ἐν@p ἑαυτοῦ@rpdms ὁ@dams χριστός@namsp ἀποκαλύπτω@vppaams αὐτός@rpdms ὁ@danp πᾶς@ananp- πῶς@b οὐ@b ἀληθής@b ἐκστέλλω@vprenfs ὁ@dgmp θεόμαχος@ngmpc καί@cs αὐτοκατάκριτος@annfs- εἰμί@vipa3s αὐτός@rpgmp ὁ@dnfs καρδία@nnfsc ὁ@dams μέν@b ἀπόστολος@namsc λέγω3@vppaams οὐ@b οἶδα@vira1s λέγω3@vipa3p οἶδα@vnra-- ὁ@dams δέ@b κύριος@namsp λέγω3@vppaams οὐ@b οἶδα@vira1s λέγω3@vipa3p μή@b οἶδα@vnra-- εἰ@cs γάρ@b ἐπεί@cs χριστός@nnmsp εἰμί@viia3s ἐν@p αὐτός@rpdms οἶδα@vira3s ὁ@dnms παῦλος@nnmsp ὅσπερ@rpanp λέγω3@vipa3s οὐ@b οἶδα@vira1s πῶς@b οὐ@b μᾶλλον@b αὐτός@annms- ὁ@dnms χριστός@nnmsp οἶδα@vira3s καί@cs ἄν@cs λέγω3@vspa3s οὐ@b οἶδα@vira1s ὁ@dnms μέν@b οὖν@b ἀπόστολος@nnmsc ἀποκαλύπτω@vppagms αὐτός@rpdms ὁ@dgms κύριος@ngmsp οἶδα@vira3s ὅς@rpnns πάσχω@vira3s διά@p οὗτος@rpans γάρ@b καί@cs φημί@vipa3s οἶδα@vira1s ἄνθρωπος@namsc ἐν@p χριστός@ndmsp οἶδα@vpranms δέ@b ὁ@dams ἄνθρωπος@nafsc οἶδα@vira3s καί@cs πῶς@b ὁ@dnms ἄνθρωπος@nnmsc ἁρπάζω@viap3s ὁ@dnms γοῦν@b ἐλισσαῖος@nnmsp βλέπω@vppanms ὁ@dams ἠλίας@namsp ὅδε@rpdnp καί@cs πῶς@b ἀναβιβάζω@viap3s ἀλλά@cs καίπερ@b γιγνώσκω@vppanms ὅμως@b ὁ@dgmp υἱός@ngmpc ὁ@dgmp προφήτης@ngmpc νομίζω@vppagmp ὁ@dams ἠλίας@namsp εἰς@p εἷς@ ὁ@dgnp ὁράω@ngnpc ὑπό@p ὁ@dgns πνεῦμα@ngnsp ῥίπτω@vnre-- αὐτός@rpnms ὁ@dafs μέν@b ἀρχή@nafsc γιγνώσκω@vppanms ὅς@rpans ὁράω@vira3s πείθω@viia3s ὁ@damp ἀνήρ@nampc βιάζω@vppegmp δέ@b ἐκεῖνος@rpgmp σιωπάω@vira3s καί@cs συγχωρέω@viaa3s ἀπέρχομαι@vnaa-- ἆρα@rp--- οὖν@b ἐπεί@cs σιωπάω@vira3s οὐ@b γιγνώσκω@viia3s γιγνώσκω@vmpa2s μέν@b οὖν@b ἀλλά@b ὡς@cs οὐ@b οἶδα@vpranms συγχωρέω@viaa3s ἵνα@cs ἐκεῖνος@rpnmp πείθω@vpapnmp μηκέτι@b διστάζω@vspa3p περί@p ὁ@dgfs ἀνάληψις@ngfsc ἠλίας@ngmsp οὐκοῦν@b πολύς@andns- μᾶλλον@b ὁ@dnms παῦλος@nnmsp αὐτός@rpafp εἰμί@vppanms ὁ@dnms ἁρπάζω@vpapnms οἶδα@vira3s καί@cs πῶς@b ἁρπάζω@viap3s καί@cs γάρ@b ἠλίας@nnmsp γιγνώσκω@viia3s καί@cs εἰ@cs πυνθάνομαι@viie3s τις@rpnms λέγω@viaa3s ἄν@b πῶς@b ἀναβιβάζω@viap3s λέγω3@vipa3s δέ@b ὅμως@b ὁ@dnms παῦλος@nnmsp οὐ@b οἶδα@vira1s δύο@ οὗτος@rpgnp χάρις@p ὡς@cs γε@b νομίζω@vipa1s εἷς@ μέν@b ὡς@cs αὐτός@rpnms λέγω@viaa3s ἵνα@cs μή@b διά@p ὁ@dafs ὑπερβολή@nafsc ὁ@dgfp ἀποκάλυψις@ngfpc ἕτερος@anams- τις@rpncs αὐτός@rpams λογίζομαι@vsam3s ὑπέρ@p ὅς@rpans βλέπω@vipa3s ἕτερος@angns- δέ@b ὅτι@cs ὁ@dgms σωτήρ@ngmsp εἶπον@vpaagms οὐ@b οἶδα@vira1s πρέπω@viia3s καί@b αὐτός@rpams εἶπον@vnaa-- οὐ@b οἶδα@vira1s ἵνα@cs μή@b φαίνω@vspe3s δοῦλος@nnmsc εἰμί@vppanms ὑπέρ@p ὁ@dams κύριος@namsp αὐτός@rpgms καί@cs μαθητής@nnmsc ὑπέρ@p ὁ@dams διδάσκαλος@namsc"
"inc. et c. Ar._48","48@vmpa2s οὐκοῦν@b ὁ@dnms ὁ@ddms παῦλος@ndmsp δίδωμι@vpranms οἶδα@vnra-- πολύς@andns- μᾶλλον@b αὐτός@annms- ὅδε@viaa3s καί@cs γάρ@b καί@b λέγω3@vppanms ὁ@danp πρό@p ὁ@dgfs ἡμέρα@ngfsc ὅδε@rpanp καθά@b προεῖπον@viaa1s καί@cs ποτέ@b ὁ@dnfs ἡμέρα@nnfsc καί@cs ποτέ@b ὁ@dnfs ὥρα@nnfsc καί@cs ὅμως@b οἶδα@vpranms λέγω3@vipa3s οὐ@b δέ@cs ὁ@dnms υἱός@nnmsp οἶδα@vira3s τις@nnmsp μέν@b οὖν@b χάρις@nafsc τότε@b λέγω@viaa3s οὐ@b οἶδα@vira1s ὅς@b αὐτός@rpnms ὡς@cs δεσπότης@nnmsp οἶδα@vira3s ὡς@b διερευνάω@vppaams στοχάζομαι@vnpe-- χρή@vipa3s ὁ@dgfs ἐγώ@rpgmp ἕνεκα@p λυσιτελεία@ngfsc ὡς@cs γε@b νομίζω@vipa1s οὗτος@rpans ποιέω@vira3s παρέχω@voaa3s δέ@b αὐτός@rpnms ὁ@ddfs πρόθεσις@ndfsc ὁ@dams νόος@namsc ὁ@dgfs ἀλήθεια@ngfsc ἐν@p ἀμφότερος@andmp- ἐγώ@rpdmp ὁ@dans χρήσιμος@anans- φυλάζω@viaa3s ὁ@dnms σωτήρ@nnmsp εἰ@cs γάρ@b ὁ@danp μέν@b πρό@p ὁ@dgns τέλος@ngnsc ἀπαντάω@vppaanp δηλόω@vira3s ἵνα@cs μή@b ὡς@cs λέγω@viaa3s αὐτός@rpnms ξενίζω@vsap1p μη@b δέ@cs θροέω@vsap1p γίγνομαι@vppegnp αὐτός@rpgnp ἀλλά@cs καί@b ἐκ@p οὗτος@rpgnp ὁ@dans μετά@p οὗτος@rpanp τέλος@nansc προσδοκάω@vspa1p περί@p δέ@b ὁ@dgfs ἡμέρα@ngfsc καί@cs ὁ@dgfs ὥρα@ngfsc οὐ@b ἐθέλω@viaa3s θεϊκός@b εἶπον@vnaa-- ὅτι@cs οἶδα@vira1s ἀλλά@cs σαρκικός@b διά@p ὁ@dafs σάρξ@nafsc ὁ@dafs ἀγνοέω@vppaafs καθά@cs προεῖπον@viaa1s λέγω@viaa3s ὅτι@cs οὐ@b οἶδα@vira1s ἵνα@cs μηκέτι@b ἐπερωτάω@vsaa3p αὐτός@rpams καί@b λοιπός@anans- ἤ1@b μή@b ἐρῶ@vpranms λυπέω@vsaa3s τότε@b ὁ@damp μαθητής@nampc ἤ1@cs ἐρῶ@vpranms παρά@p ὁ@dans συμφέρω@vppaans αὐτός@rpdmp καί@cs πᾶς@andmp- ἐγώ@rpdmp ποιέω@vifm2s ὅς@rpanp γάρ@b ἄν@cs ποιέω@vspa3s οὗτος@rpnns πάντως@b ὑπέρ@p ἐγώ@rpgmp εἰμί@vipa3s ἐπεί@cs καί@cs διά@p ἐγώ@rpa-p ὁ@dnms λόγος@nnmsp σάρξ@nnmsc γίγνομαι@viam3s διά@p ἐγώ@rpacp τοίνυν@b εἶπον@viaa3s καί@cs ὁ@dans οὐ@b δέ@cs ὁ@dnms υἱός@nnmsp οἶδα@vira3s καί@b οὐ@b τε@b ψεύδω@viam3s οὗτος@rpans ἐρῶ@vpranms ἀνθρώπινος@b γάρ@b λέγω@viaa3s ὡς@cs ἄνθρωπος@nnmsc οὐ@b οἶδα@vira1s οὐ@b τε@cs ἀφίημι@viaa3s ὁ@damp μαθητής@nampc αὐτός@rpams βιάζω@vnam-- εἶπον@vnaa-- ἐρῶ@vpranms γάρ@b οὐ@b οἶδα@vira1s ἵστημι@viaa3s καί@b ἐκεῖνος@rpgmp ὁ@dafs ἐρώτησις@nafsc ἐν@p γοῦν@b ὁ@ddfp πρᾶξις@ndfpp ὁ@dgmp ἀπόστολος@ngmpc εἰμί@vipa3s γράφω@vprenns ἡνίκα@cs ἐπιβαίνω@viaa3s ’@rpacs ὁ@ddmp ἄγγελος@ndmpc ἀναβαίνω@vppanms ὡς@b ἄνθρωπος@nnmsc καί@cs ἀναφέρω@vppanms εἰς@p ὁ@dams οὐρανός@namsc ὅς@rpafs φορέω@viia3s σάρξ@nafsc ὅτε@cs καί@b ὁ@dnmp μαθητής@nnmpc οὗτος@rpans βλέπω@vppanmp πάλιν@b ἐρωτάω@viia3p ποτέ@rp--- ὁ@dnns τέλος@nnnsc εἰμί@vifm3s καί@cs ποτέ@b σύ@rpncs παραγίγνομαι@vipe2s λέγω@viaa3s αὐτός@rpdmp φανερός@anansc οὐ@b σύ@rpgmp εἰμί@vipa3s γιγνώσκω@vnaa-- χρόνος@nampc ἤ1@cs καιρός@nampc ὅς@rpamp ὁ@dnms πατήρ@nnmsp τίθημι@viam3s ἐν@p ὁ@ddfs ἴδιος@andfs- ἐξουσία@ndfsc καί@cs οὐ@b εἶπον@viaa3s τότε@b οὐ@b δέ@cs ὁ@dnms υἱός@nnmsp ὥσπερ@cs λέγω@viaa3s πρό@p οὗτος@rpgns ἀνθρώπινος@b ἀλλά@cs σύ@rpgcp οὐ@b εἰμί@vipa3s γιγνώσκω@vnaa-- λοιπός@namsp γάρ@b εἰμί@viia3s ὁ@dnfs σάρξ@nnfsc ἀνίστημι@vpaanfs καί@cs ἀποτίθημι@vpamnfs ὁ@dafs νέκρωσις@nafsc καί@cs θεοποιέω@vpapnfs καί@b οὐκέτι@b πρέπω@viia3s σαρκικός@b αὐτός@rpams ἀποκρίνω@vnam-- ἀνέρχομαι@vppeams εἰς@p ὁ@damp οὐρανός@nampc ἀλλά@cs λοιπός@anans- θεϊκός@b διδάσκω@vnaa-- ὅτι@cs οὐ@b σύ@rpgmp εἰμί@vipa3s γιγνώσκω@vnaa-- χρόνος@nampc ἤ1@cs καιρός@nampc ὅς@rpamp ὁ@dnms πατήρ@nnmsp τίθημι@viam3s ἐν@p ὁ@ddfs ἴδιος@andfs- ἐξουσία@ndfsc ἀλλά@b λαμβάνω@vifm2p δύναμις@nafsc τις@rpnfs δέ@b ὁ@dnfs δύναμις@nnfsc ὁ@dgms πατήρ@ngmsp ἤ1@cs ὁ@dnms υἱός@nnmsp χριστός@nnmsp γάρ@x θεός@ngmsp δύναμις@nnfsc καί@cs θεός@ngmsp σοφία@nnfsp"
"inc. et c. Ar._49","οἶδα@viia3s ἄρα@x ὁ@dnms υἱός@nnmsp λόγος@nnmsp εἰμί@vppanms οὗτος@rpans γάρ@b λέγω3@vppanms σημαίνω@viia3s ὅτι@cs ἐγώ@rpncs οἶδα@vira1s ἀλλά@cs οὐ@b εἰμί@vipa3s σύ@rpdmp γιγνώσκω@vnaa-- διά@p σύ@rpamp γάρ@b καί@cs ἐν@p ὁ@ddns ὄρος@ndnsc κάθημαι@vppenms σαρκικός@b εἶπον@viaa1s οὐ@b δέ@b ὁ@dnms υἱός@nnmsp οἶδα@vira3s διά@p ὁ@dans σύ@rpgcp καί@cs πᾶς@angmp- συμφέρω@vppaans συμφέρω@vipa3s γάρ@b σύ@rpdmp καί@cs περί@p ὁ@dgmp ἄγγελος@ngmpc καί@cs περί@p ὁ@dgms υἱός@ngmsp οὕτως@b ἀκούω@vnaa-- διά@p ὁ@damp εἰμί@vpfmamp μετά@p οὗτος@rpanp πλάνος@nampc ἵνα@cs καί@b ἄν@cs ὡς@cs ἄγγελος@nnfpc μετασχηματίζομαι@vsam3p δαίμων@nnmpc καί@b περί@p ὁ@dgfs συντέλεια@ngfsc ἐπιχειρέω@vsaa3p λέγω3@vnpa-- μή@b πιστεύω@vsaa2p ὡς@cs ἀγνοέω@vppagmp αὐτός@rpgmp ἄν@rpgnp δέ@b καί@cs ὁ@dnms ἀντίχριστος@nnmsp μεταποιέω@vpaanms ἑαυτοῦ@rpams λέγω3@vspa3s ἐγώ@rpncs εἰμί@vipa1s ὁ@dnms χριστός@nnmsp καί@cs πειράω@vsaa3s καί@cs αὐτός@rpnms περί@p ὁ@dgfs ἡμέρα@ngfsc καί@cs συντέλεια@ngfsc λέγω3@vnpa-- πρός@p ὁ@dans πλανάω@vnaa-- ὁ@damp ἀκούω@vppaamp ἔχω@vppanmp σύ@rpncp παρά@p ἐγώ@rpgcs ὁ@dafs φωνή@nafsc ὅτι@cs οὐ@b δέ@cs ὁ@dnms υἱός@nnmsp μη@b δέ@cs ἐκεῖνος@rpdns πιστεύω@vsaa2p ἄλλως@b τε@cs οὐ@b δέ@cs οἶδα@vnra-- πάλιν@b ποτέ@b ὁ@dnns τέλος@nansc ἤ1@cs ποτέ@b ὁ@dgns τέλος@ngnsc ὁ@dnfs ἡμέρα@nnfsc συμφέρω@vipa3s ὁ@ddmp ἄνθρωπος@ndmpc ἵνα@cs μή@b γιγνώσκω@vpaanmp καταφρονητής@nnmpc ὁ@dgms μεταξύ@b χρόνος@ngmsc γίγνομαι@vsam3p περιμένω@vppanmp ὁ@dafp ἐγγύς@b ὁ@dgns τέλος@ngnsc ἡμέρα@nafpc τότε@b γάρ@b μόνος@b ἑαυτοῦ@rpgmp ἐπιμελέομαι@vnpe-- προφασίζομαι@vifm3p διά@p οὗτος@rpans καί@b ὁ@dnns ἕκαστος@angms- τέλος@nnnsc ὁ@dgms θάνατος@ngmsc σιωπάω@vira3s ἵνα@cs μή@b πρόφασις@ndfsc ὁ@dgfs γνῶσις@ngfsc φυσιόω@vpapnmp ὁ@dnmp ἄνθρωπος@nnmpc ἀμελέω@vnpa-- ἑαυτοῦ@rpgmp ὁ@dans πλεῖστος@anans- ἄρχω@vsam3p ὁ@dgms χρόνος@ngmsc ἀμφότερος@ananp- δή@b οὖν@b καί@cs ὁ@dans καθόλου@b τέλος@nansc καί@cs ὁ@dans ἕκαστος@angns- πέρας@nansc κρύπτω@viaa3s ἀπό@p ἐγώ@rpgcp ὁ@dnms λόγος@nnmsp καί@cs γάρ@b καί@cs ἐν@p ὁ@ddns καθόλου@b ὁ@dnns ἕκαστος@angns- τέλος@nnnsc εἰμί@vipa3s καί@cs ἐν@p ὁ@ddns ἕκαστος@angns- τέλος@ndnsc ὁ@dnns καθόλου@b συνάγω@vipe3s ἵνα@cs ἄδηλος@angns- αὐτός@rpgms εἰμί@vppagms καί@cs ἀεί@b προσδοκάω@vppegms κατά@p ἡμέρα@nafsc ὡς@cs καλέω@vpfmnmp προκόπτω@vspa1p ὁ@ddmp ἔμπροσθεν@b ἐπεκτείνω@vppenmp ὁ@dgnp δέ@b ὄπισθεν@b ἐπιλανθάνομαι@vppenmp τις@nnmsp γάρ@b γιγνώσκω@vppanms μέν@b ὁ@dafs ἡμέρα@nafsc ὁ@dgns τέλος@ngnsc οὐ@b ὑπερτίθημι@vipe3s ὁ@dams μεταξύ@p χρόνος@namsc ἀγνοέω@vppanms δέ@b οὐ@b κατά@p ἡμέρα@nafsc ἑτοῖμος@annms- γίγνομαι@vipe3s διά@p οὗτος@rpans γάρ@b ἐπί@p οὗτος@rpdnp ἐπιφέρω@viia3s ὁ@dnms σωτήρ@nnmsp λέγω3@vppanms γρηγορέω@vmpa2p οὖν@b ὅτι@cs οὐ@b οἶδα@vira2p οὐ@b δέ@b σύ@rpnmp ποῖος@andfs- ὥρα@ndfsc ὁ@dnms κύριος@nnmsp σύ@rpgmp ἔρχομαι@vipe3s καί@cs εἰμί@rpdms οὐ@b δοκέω@vipa2p ὥρα@ndfsc ὁ@dnms υἱός@nnmsp ὁ@dgms ἄνθρωπος@ngmsc ἔρχομαι@vipe3s διά@p ὁ@dans συμφέρω@vppaans ἄρα@b ὁ@dans ἐκ@p ὁ@dgfs ἄγνοια@ngfsc οὗτος@rpans ἐρῶ@vira3s καί@cs γάρ@b καί@b οὗτος@rpans λέγω3@vppanms βούλομαι@vipe3s διά@p πᾶς@angns- ἐγώ@rpamp ἑτοῖμος@anamp- γίγνομαι@vnam-- σύ@vifa2s γάρ@b φημί@vipa3s οὐ@b οἶδα@vmpa2p ἐγώ@rpnms δέ@b ὁ@dnms κύριος@nnmsp οἶδα@vira1s ποτέ@b ἔρχομαι@vipe1s καί@b ἄν@cs ὁ@dnmp ἀρειανός@nnmpp ἐγώ@rpams μή@b προσδοκάω@vspa3p λόγος@namsp εἰμί@vppaams ὁ@dgms πατήρ@ngmsp"
"inc. et c. Ar._50","50@i ὁ@dnms μέν@b οὖν@b κύριος@nnmsp ὁ@dans ἐγώ@rpgmp συμφέρω@vppaans ὑπέρ@p ἐγώ@rpamp γιγνώσκω@vppanms οὕτως@b ἀσφαλίζω@viam3s ὁ@damp μαθητής@nampc καί@b αὐτός@rpnmp οὗτος@rpanp μανθάνω@vpaanmp διορθόω@viam3p μέλλω@vppaamp ἐν@p οὗτος@rpdns πλανάω@vnpe-- ὁ@damp ἀπό@p θεσσαλονίκη@ngfsp ἐπεί@cs δέ@b ὁ@dnmp χριστομάχος@nnmpp οὐ@b δέ@cs οὕτως@b καταδύω@vipe3p βούλομαι@vipe1s καίπερ@b οἶδα@vpranms σκληρός@anafsc ἔχω@vppaamp αὐτός@rpamp ὁ@dgms φναραώ@ngmsp ὁ@dafs καρδία@nafsc ἐρωτάω@vnaa-- πάλιν@b καί@b περί@p οὗτος@rpgns ἐν@p ὁ@ddms παράδεισος@ndmsc πυνθάνομαι@vipe3s ὁ@dnms θεός@nnmsp λέγω3@vppanms ἀδάμ@nvmsp ποῦ@b εἰμί@vipa2s ἐξετάζω@vipa3s δέ@x καί@b ὁ@dams κάϊν@namsp ποῦ@b ἄβελ@nnmsp ὁ@dnms ἀδελφός@nnmsc σύ@rpgcs τίς@rpanp τοίνυν@b καί@b περί@p οὗτος@rpgns φημί@vmpa2p εἰ@cs γάρ@b ἀγνοέω@vnpa-- αὐτός@rpams νομίζω@vipa2p καί@cs διά@p οὗτος@rpans πυνθάνομαι@vnpe-- μανιχαῖος@ndmpp μέν@b ἤδη@b προστίθημι@viap2p αὐτός@rpgmp γάρ@b ὁ@dnns τοιοῦτος@rpnns τόλμημα@nnnsc εἰ@cs δέ@b φοβέω@vppenmp φανερός@b ὀνομάζω@vnap-- μανιχαῖος@nnmpp βιάζω@vipe2p ἑαυτοῦ@rpamp εἶπον@vnaa-- ὅτι@cs γιγνώσκω@vppanms πυνθάνομαι@vipe3s τίς@rpans ἄτοπος@anans- ἤ1@cs τίς@rpans ξένος1@anans- ὁράω@vppanmp οὕτως@b πίπτω@vira2p εἰ@cs ὁ@dnms υἱός@nnmsp ἐν@p ὅς@rpdms τότε@b πυνθάνομαι@viie3s ὁ@dnms θεός@nnmsp ὁ@dnms αὐτός@annms- υἱός@nnmsp καί@cs νῦν@b σάρξ@nafsc περιβάλλω@vprenms πυνθάνομαι@vipe3s ὁ@dgmp μαθητής@ngmpc ὡς@cs ἄνθρωπος@nnmsc εἰ@cs μή@b ἄρα@b μανιχαῖος@nnmpp γίγνομαι@vpamnmp μέμφομαι@vnpe-- ἐθέλω@vsaa2p καί@b ὁ@dafs τότε@b γίγνομαι@vpamafs πρός@p ὁ@dams ἀδάμ@namsp ἐρώτησις@nafsc ἵνα@cs μόνος@anans- καί@b σύ@rpnmp νεανιεύω@vspe2p ἐν@p ὁ@ddfp κακονοιία@ndfpc καί@cs γάρ@b ἐν@p πᾶς@andnp- ἐλέγχω@vppenmp τονθορύζω@vmpa2p πάλιν@b διά@p ὁ@dans ἐρῶ@vpreans παρά@p ὁ@dgms λουκᾶς@ngmsp ὅς@rpans καλός@b 16@an---- μέν@b ἐρῶ@vire3s κακός@b δέ@b σύ@rpnmp διανοέω@vipe2p τίς@rpnns δέ@cs οὗτος@rpnns εἰμί@vipa3s ἀναγκαῖος@annns- παρατίθημι@vnae-- ἵνα@cs καί@b οὕτως@b αὐτός@rpgmp ὁ@dnfs διαφθείρω@vprenfs διάνοια@nnfsc δείκνυμι@vsap3s"
"inc. et c. Ar._51","φημί@vipa3s τοίνυν@b ὁ@dnms λουκᾶς@nnmsp καί@cs ἰησοῦς@ngfsp αὐξάνω@vmpa2s σοφία@ndfsc καί@cs ἡλικία@ndfsc καί@cs χάρις@ndfsc παρά@p θεός@ndmsp καί@cs ἄνθρωπος@ndmpc ὁ@dnns μέν@b οὖν@b ῥητός@annns- εἰμί@vipa3s οὗτος@rpnns ἐπεί@cs δέ@b καί@b ἐν@p οὗτος@rpdns προσκόπτω@vipa3p ἀναγκαῖος@annns- πάλιν@b αὐτός@rpamp ὡς@p ὁ@damp φαρισαῖος@nampp καί@cs ὁ@damp φαρισαῖος@nampp ἐρωτάω@vnaa-- περί@p ὅς@rpgns φημί@vipa3s ὁ@dnms λουκᾶς@nnmsp εἰμί@vipa3s δέ@b οὕτως@b ἰησοῦς@ngfsp χριστός@nnmsp ἄνθρωπος@nnmsc εἰμί@vipa3s ὡς@cs ὁ@dnmp ἄλλος@annmp- πᾶς@annmp- ἄνθρωπος@nnmpc ἤ1@cs θεός@nnmsp εἰμί@vipa3s σάρξ@nafsc φορέω@vppanms εἰ@cs μέν@b οὖν@b κοινός@annms- ἄνθρωπος@nnmsc κατά@p ὁ@damp ἄλλος@rpamp ἄνθρωπος@nampc καί@cs αὐτός@rpnms εἰμί@vipa3s εἰμί@vmpa3s πάλιν@b ὡς@cs ἄνθρωπος@nnmsc προκόπτω@vppanms οὗτος@rpnns μέντοι@b ὁ@dgms σαμοσατεύς@ngmsp εἰμί@vipa3s ὁ@dnns φρόνημα@nnnsc ὅς@rpans ὁ@ddfs μέν@b δύναμις@ndfsc καί@b σύ@rpnmp φρονέω@vipa2p ὁ@ddns δέ@cs ὄνομα@ndnsc μόνος@anans- ἀρνέομαι@vifm2p διά@p ὁ@damp ἄνθρωπος@nampc εἰ@cs δέ@b θεός@nnmsp εἰμί@vipa3s σάρξ@nafsc φορέω@vppanms ἐπεί@cs καί@b οὗτος@rpnns εἰμί@vipa3s ἀληθής@b καί@cs ὁ@dnms λόγος@nnmsp σάρξ@nnmsc γίγνομαι@viam3s καί@cs θεός@nnmsp εἰμί@vppanms ἐπί@p γῆ@ngfsc κατέρχομαι@viaa3s ποῖος@anafs- ἔχω@viia3s προκοπή@nafsc ὁ@dnms ἴσος@ananp- θεός@nanpp ὑπάρχω@vppanms ἤ1@b ποῦ@b ἔχω@viia3s αὐξάνω@vnpa-- ὁ@dnms υἱός@nnmsp ἀεί@b εἰμί@vppanms ἐν@p ὁ@ddns πατήρ@ndmsp εἰ@cs γάρ@b ὁ@dnms ἀεί@b εἰμί@vppanms ἐν@p ὁ@ddms πατήρ@ndnsp προκόπτω@vipa3s τίς@rpnns ἄρα@b εἰμί@vipa3s ἐπέκεινα@vnpa-- ὁ@dgms πατήρ@ngmsp ἵνα@cs ἀπό@p οὗτος@rpgms καί@b προκόπτω@vsaa3s ἔπειτα@b ὡς@cs ἐπί@p ὁ@dgns λαμβάνω@vnaa-- καί@cs δοξάζω@vnap-- ὁ@danp αὐτός@rpanp καλός@anans- εἶπον@vnaa-- εἰ@cs ἄνθρωπος@nnmsc γίγνομαι@vpamnms αὐξάνω@viia3s δῆλος@annns- εἰμί@vipa3s ὡς@cs πρό@p ὁ@dgns γίγνομαι@vnam-- ἄνθρωπος@nnmsc ἀτελής@annms- εἰμί@viia3s καί@b μᾶλλον@b ὁ@dnfs σάρξ@nnfsc αἰτία@nnfsc ὁ@dgfs τελείωσις@ngfsc αὐτός@rpgns γίγνομαι@vira3s ἤ1@cs αὐτός@rpnms ὁ@dgfs σάρξ@ngfsc πάλιν@b τε@b εἰ@cs λόγος@nnmsp εἰμί@rpafs προκόπτω@vipa3s τίς@rpans μέγας@annnsc ἔχω@vipa3s γίγνομαι@vnam-- λόγος@ngmsp καί@b σοφία@ngfsp καί@b υἱός@ngmsp καί@cs θεός@ngmsp δύναμις@ngfsc οὗτος@rpnnp γάρ@b εἰμί@vipa3s ὁ@dnms λόγος@nnmsp ὅς@rpafs εἰ@cs τις@rpnms ὡς@cs ἀκτίς@nafsc μετέχω@vnaa-- πως@b δύναμαι@vope3s ὁ@dnms τοιοῦτος@rpnms παντέλειος@annms- ἐν@p ἄνθρωπος@ndmpc καί@cs ἴσος@annms- ἄγγελος@ndmpc γίγνομαι@vipe3s καί@cs γάρ@b καί@cs ἄγγελος@nnmpc καί@b ἄγγελος@nnmpc καί@b κυριότης@nnfpc καί@cs πᾶς@annfp- ὁ@dnfp δύναμις@nnfpc καί@cs θρόνος@nnmpc ὁ@dgms λόγος@ngmsp μετέχω@vppanmp βλέπω@vipa3p διαπαντός@annms- ὁ@dans πρόσωπον@nansc ὁ@dgms πατήρ@ngmsp αὐτός@rpgms πῶς@b οὖν@b ὁ@dnms ἄλλος@rpdmp ὁ@dafs τελειότης@nafsc παρέχω@vpaanms αὐτός@annms- μετά@p ἐκεῖνος@rpamp προκόπτω@vipa3s ἄγγελος@nnmpc γάρ@b καί@b ὁ@dafs ἀνθρώπινος@anafs- αὐτός@rpgms γένεσις@nafsc διακονέω@viaa3p καί@b ὁ@dnns λέγω3@vppenns παρά@p ὁ@dgms λουκᾶς@ngmsp μετά@p ὁ@dafs διακονία@nafsc ὁ@dgmp ἄγγελος@ngmpc ἐρῶ@vire3s πῶς@b οὖν@b ὅλος@b καί@b ἄν@b εἰς@p ἐνθύμησις@nafsc ἔρχομαι@vnaa-- ἄνθρωπος@ngmsc δύναμαι@vipe3s ἤ1@b πῶς@b ὁ@dnfs σοφία@nnfsp ἐν@p σοφία@ndfsc αὐξάνω@viia3s ἤ1@b πῶς@b ὁ@dnms ἄλλος@rpdmp χάρις@nafsc δίδωμι@vppanms καθώς@b ὁ@dnms παῦλος@nnmsp διά@p πᾶς@angfs- ἐπιστολή@ngfsc διά@p αὐτός@rpgms δίδωμι@vnpe-- ὁ@dafs χάρις@nafsc γιγνώσκω@vppanms φημί@vipa3s ὁ@dnfs χάρις@nnfsc ὁ@dgms κύριος@ngmsp ἐγώ@rpgmp ἰησοῦς@ngmsp χριστός@ngmsp μετά@p πᾶς@angmp- σύ@rpgmp αὐτός@annms- ἐν@p χάρις@ndfsc αὐξάνω@viia3s ἤ1@b γάρ@b ψεύδω@vnpe-- ὁ@dams ἀπόστολος@anams- λέγω3@vmpa3p ἤ1@cs μη@b δέ@b σοφία@nafsp εἰμί@vnpa-- ὁ@dams υἱός@namsp λέγω3@vnpa-- τολμάω@vmpa3p ἤ1@b εἰ@cs σοφία@nnfsp εἰμί@vipa3s ὡς@cs λέγω@viaa3s ὁ@dnms σολομών@nnmsp καί@cs ὁ@dnms παῦλος@nnmsp γράφω@viaa3s χριστός@ngmsp θεός@ngmsp δύναμις@nnfsc καί@cs θεός@ngmsp σοφία@nnfsc ποῖος@anafs- ὁ@dnfs σοφία@nnfsp προκοπή@nafsc ἐπιδέχομαι@viie3s"
"inc. et c. Ar._52","52@ ἄνθρωπος@nnmpp μέν@b γάρ@b κτίσμα@nanpc τυγχάνω@vppanmp ἐπεκτείνω@vnpe-- πως@b καί@cs προκόπτω@vnpa-- ἐν@p ἀρετή@ndfsc δύναμαι@vipe3p ἐνώχ@nnfsp γοῦν@b οὕτως@b μετατίθημι@viap3s καί@b μωσῆς@nnmsp αὐξάνω@vppanms τελέω@viie3s ἀβραάμ@nnmsp δέ@b προκόπτω@vppanms γίγνομαι@viie3s μέγας@annms- καί@cs ὁ@dnms ἀπόστολος@nnmsc ἐπεκτείνω@vnpe-- κατά@p ἡμέρα@nafsc ὁ@ddmp ἔμπροσθεν@b λέγω3@viia3s ἔχω@viia3s γάρ@b ἕκαστος@annms- ποῦ@b προκόπτω@vifa3s βλέπω@vppanms εἰς@p ὁ@dams ἔμπροσθεν@b αὐτός@rpgms βαθμός@namsc ὁ@dnms δέ@b ὁ@dgms θεός@ngmsp υἱός@nnmsp ὁ@dnms μόνος@annms- εἰμί@vppanms ποῦ@b ἔχω@viia3s ἐπεκτείνω@vnpe-- πᾶς@ananp- γάρ@b εἰς@p αὐτός@rpams βλέπω@vppaams προκόπτω@vipa3s αὐτός@rpamp δέ@b μόνος@annms- εἰμί@vppanms ἐν@p ὁ@ddms μόνος@andms- πατήρ@ndmsp εἰμί@vipa3s ἀπό@p ὅς@rpgms οὐ@b δέ@b ἐπεκτείνω@vipe3s ἀλλά@cs ἐν@p αὐτός@rpdms μένω@vppanms εἰμί@vipa3s ἀεί@b ἄνθρωπος@ngmpp μέν@b οὖν@b εἰμί@vipa3s ὁ@dnns προκόπτω@vnpa-- ὁ@dnms δέ@b ὁ@dgms θεός@ngmsp υἱός@nnmsp ἐπεί@cs προκόπτω@vnpa-- οὐ@b ἔχω@viia3s τέλειος@annms- εἰμί@vppanms ἐν@p ὁ@ddms πατήρ@ndmsp ταπεινόω@viaa3s ἑαυτοῦ@rpams ὑπέρ@p ἐγώ@rpg-p ἵνα@cs ἐν@p ὁ@ddns ἐκεῖνος@rpgms ταπεινός@andns- μᾶλλον@b ἐγώ@rpnmp αὐξάνω@vnaa-- δύναμαι@vsap1p ὁ@dnfs δέ@b αὔξησις@nnfsc ἐγώ@rpgcp οὐ@b ἄλλος@annfs- τις@rpnfs εἰμί@vipa3s ἤ1@cs ὁ@dnns ἀφεστήξω@vnpe-- μέν@b ὁ@dgnp αἰσθητός@angnp- εἰς@p αὐτός@anams- δέ@cs ὁ@dams λόγος@namsp γίγνομαι@vnam-- ἐπεί@cs καί@b ὁ@dnns ἐκεῖνος@rpgms ταπεινός@annns- οὐδείς@rpnns ἕτερος@annns- εἰμί@vipa3s ἤ1@cs ὁ@dnns λαμβάνω@vnaa-- ὁ@dafs ἡμέτερος@anafs- σάρξ@nafsc οὐ@b ἄρα@b ὁ@dnms λόγος@nnmsp εἰμί@viia3s ὅς@rpdms λόγος@nnmsp εἰμί@vipa3s ὁ@dnms προκόπτω@vppanms ὁ@dnms τέλειος@annms- ἐκ@p τέλειος@angms- εἰμί@vppanms ὁ@dgms πατήρ@ngmsp ὁ@dnms μηδείς@rpgns δέω2@vppenms ἀλλά@cs καί@b ὁ@damp ἄλλος@rpamp εἰς@p προκοπή@nafsc ἀνάγω@vppanms ἀλλά@cs ἀνθρώπινος@b ἐρῶ@vire3s καί@b ἐνταῦθα@b ὁ@dnns προκόπτω@vnpa-- ἐπεί@b καί@b ὁ@dgmp ἄνθρωπος@ngmpc εἰμί@vipa3s πάλιν@b ὁ@dnfs προκοπή@nnfsc καί@cs γάρ@b καί@b ὁ@dnms εὐαγγελιστής@nnmsc οὕτως@b μετά@p ἀκριβής@angfs- ὁ@dgfs παρατήρησις@ngfsc λέγω3@vppanms ὁ@ddfs προκοπή@ndfsc συνάπτω@viaa3s ὁ@dafs ἡλικία@nafsc λόγος@nnmsp δέ@b καί@cs θεός@nnmsp ἡλικία@ndfsc οὐ@b μετρέω@vipe3s ἀλλά@cs ὁ@dgnp σῶμα@ngnpc εἰμί@vipa3p ὁ@dnfp ἡλικία@nnfpc ὁ@dgns σῶμα@ngnsc ἄρα@b εἰμί@vipa3s ὁ@dnfs προκοπή@nnfsc αὐτός@rpgms γάρ@b προκόπτω@vppagms αὐξάνω@viia3s ἐν@p αὐτός@rpdns καί@b ὁ@dnfs φανέρωσις@nnfsc ὁ@dgfs θεότης@ngfsc ὁ@ddmp ὁράω@vppadmp ὅσος@andns- δέ@b ὁ@dnfs θεότης@nnfsc ἐγκαλύπτω@viie3s τοσοῦτος@rpdns πλείων@anansc ὁ@dnfs χάρις@nafpc αὐξάνω@viia3s ὡς@cs ἄνθρωπος@ngmsc παρά@p πᾶς@andmp- ἄνθρωπος@ndmpc παιδίον@nnnsp μέν@b γάρ@b βασανιζόμενος@viie3s παῖς@nnmsc δέ@b γίγνομαι@vpamnms ἀπομένω@viia3s ἐν@p ὁ@ddns ἱερόν@ndnsc καί@cs ὁ@damp ἱερεύς@nampc ἀνακρίνω@viaa3s περί@p ὁ@dgms νόμος@ngmsc κατά@p ὀλίγος@anans- δέ@b ὁ@dgns σῶμα@ngnsc αὐξάνω@vppagns καί@cs ὁ@dgms λόγος@ngmsp φανερόω@vppagms ἑαυτοῦ@rpams ἐν@p αὐτός@rpdns ὁμολογέω@vipe3s λοιπός@anans- παρά@p μέν@b πέτρος@ngmsp πρῶτος@anans- εἶτα@b καί@cs παρά@p πᾶς@angmp- ὅτι@cs ἀληθής@b υἱός@nnmsp θεός@ngmsp εἰμί@vipa3s οὗτος@rpnms εἰ@cs καί@cs ἰουδαῖος@nnmpp ὅς@dnmp τε@cs παλαιός@annmp- καί@cs ὁ@dnmp νέος@annmp- οὗτος@rpnmp ἐθέλω@vppanmp καταμύω@vipa3p ὁ@damp ὀφθαλμός@nampc ἵνα@cs μή@b βλέπω@vspa3p ὅτι@cs ὁ@dnns ἐν@p σοφία@ndfsc προκόπτω@vnpa-- οὐ@b εἰμί@vipa3s ὁ@dafs σοφία@nafsp αὐτός@rpafs προκόπτω@vnpa-- ἀλλά@b ὁ@dans ἀνθρώπινος@anans- μᾶλλον@b ἐν@p αὐτός@rpdfs προκόπτω@vnpa-- καί@cs ἰησοῦς@ngfsp γάρ@x αὐξάνω@viia3s σοφία@ndfsc καί@cs χάρις@ndfsc εἰ@cs χρή@vipa3s δέ@b καί@b πιθανός@b μετά@p ὁ@dgns ἀληθής@angms- εἶπον@vnaa-- αὐτός@rpnms ἐν@p ἑαυτοῦ@rpdms αὐξάνω@viia3s ὁ@dnfs σοφία@nnfsp γάρ@b οἰκοδομέω@viaa3s ἑαυτοῦ@rpdfs οἶκος@namsc καί@cs ἐν@p ἑαυτοῦ@rpdfs ὁ@dams οἶκος@namsc προκόπτω@vnpa-- ποιέω@viia3s"
"inc. et c. Ar._53","53@ τις@nnfsp δέ@b εἰμί@vipa3s ὁ@dnfs λέγω3@vppenfs προκοπή@nnfsc ἤ1@cs καθά@cs προεῖπον@viaa1s ὁ@dnfs παρά@p ὁ@dgfs σοφία@ngfsp μεταδίδωμι@vppenfs ὁ@ddmp ἄνθρωπος@ndmpc θεοποίησις@nnfsc καί@cs χάρις@nnfsc ἐξαφανίζω@vppegfs ἐν@p αὐτός@rpdnp ὁ@dgfs ἁμαρτία@ngfsc καί@cs ὁ@dgfs ἐν@p αὐτός@rpdnp φθορά@ngfsc κατά@p ὁ@dafs ὁμοιότης@nafsc καί@cs συγγένεια@nafsc ὁ@dgfs σάρξ@ngfsc ὁ@dgms λόγος@ngmsp οὕτως@b γάρ@b αὐξάνω@vppagms ἐν@p ἡλικία@ndfsc ὁ@dgns σῶμα@ngnsc συνεπιδίδωμι@viie3s ἐν@p αὐτός@rpdns καί@b ὁ@dnfs ὁ@dgfs θεότης@ngfsc φανέρωσις@nnfsc καί@cs δείκνυμι@viie3s παρά@p πᾶς@andmp- ὅτι@cs ναῦς@nnfsc θεός@ngmsp εἰμί@vipa3s καί@cs θεός@nnmsp εἰμί@viia3s ἐν@p ὁ@ddns σῶμα@ndnsc ἐάν@cs δέ@b φιλονεικέω@vspa3p ὅτι@cs ἰησοῦς@nnfsp καλέω@viap3s ὁ@dnms λόγος@nnmsp γίγνομαι@vpamnms σάρξ@nnmsc καί@cs εἰς@p αὐτός@rpams ἀναφέρω@vipa3p ὁ@dans λέγω3@vppeans αὐξάνω@vmpa2s ἀκούω@vmpa3p ὅτι@cs οὐ@b δέ@cs οὗτος@rpnns μέν@b ἐλασσόω@vipa3s ὁ@dnns πατρικός@annns- φάος@nnnsc οὗτος@rpnns γάρ@b εἰμί@vipa3s ὁ@dnms υἱός@nnmsp δείκνυμι@vipa3s δέ@b πάλιν@b ὅτι@cs γίγνομαι@vira3s ἄνθρωπος@nnmsc ὁ@dnms λόγος@nnmsp καί@cs ἀληθινός@anafs- ἀνατίθημι@viaa3s σάρξ@nafsc καί@cs ὥσπερ@cs εἶπον@viaa1p ὅτι@cs σάρξ@ndfsc πάσχω@vira3s καί@cs σάρξ@ndfsc πεινάω@viia3s καί@cs σάρξ@ndfpc κοπιάω@viaa3s οὕτως@b καί@cs εἰκότως@b ἄν@b λέγω3@vope3s ὅτι@cs σάρξ@ndfsc αὐξάνω@viia3s οὐδέ@b γάρ@b οὐ@b δέ@b ἔξωθεν@b εἰμί@vppagms ὁ@dgms λόγος@ngmsp γίγνομαι@viie3s ὁ@dnfs προκοπή@nnfsc οἷος@annfs- εἰμί@vipa3s ὅς@rpafs ἐρῶ@vira1p ἐν@p αὐτός@rpdms γάρ@b εἰμί@viia3s ὁ@dnfs σάρξ@nnfsc ὁ@dnfs προκόπτω@vppanfs καί@cs αὐτός@rpgms λέγω3@vipe3s καί@b οὗτος@rpans ἵνα@cs πάλιν@b ὁ@dnfs ὁ@dgmp ἄνθρωπος@ngmpc προκοπή@nnfsc ἄπτωτος@annfs- διά@p ὁ@dams σύνειμι@vppaams λόγος@namsp διαμένω@vsaa3s οὔτε@b ’@b οὖν@b ὁ@dgms λόγος@ngmsp ὁ@dnfs προκοπή@nnfsc οὐ@b τε@cs ὁ@dnfs σάρξ@nnfsc εἰμί@viia3s ὁ@dnfs σοφία@nnfsp ἀλλά@cs ὁ@dgfs σοφία@ngfsp σῶμα@nnnsc γίγνομαι@vira3s ὁ@dnfs σάρξ@nnfsc διά@p οὗτος@rpans ὡς@cs προεῖπον@viaa1p οὐ@b ὁ@dnfs σοφία@nnfsp ὅς@rpnfs σοφία@nnfsp εἰμί@vipa3s αὐτός@annfs- κατά@p ἑαυτοῦ@rpafs αὐξάνω@viia3s ἀλλά@b ὁ@dans ἀνθρώπινος@anans- ἐν@p ὁ@ddfs σοφία@ndfsp αὐξάνω@viia3s ὑπερβαίνω@vppanns κατά@p ὀλίγος@anans- ὁ@dafs ἀνθρώπινος@anafs- φύσις@nafsc καί@cs θεοποιέω@vppeans καί@cs ὄργανον@nansc αὐτός@rpgfs πρός@p ὁ@dafs ἐνέργεια@nafsc ὁ@dgfs θεότης@ngfsc καί@cs ὁ@dafs ἔκλαμψις@nafsc αὐτός@rpgfs γίγνομαι@vppeans καί@cs φαίνω@vppeans πᾶς@andmp- διό@b οὐ@b δέ@cs εἶπον@viaa3s ὁ@dnms λόγος@nnmsp αὐξάνω@viia3s ἀλλά@cs ὁ@dnms ἰησοῦς@nnmsp ὅσπερ@rpans ὄνομα@nnnsc γίγνομαι@vpamnms ἄνθρωπος@nnmsc ὁ@dnms κύριος@nnmsp καλέω@viap3s ὡς@cs εἰμί@vnpa-- ὁ@dgfs ἀνθρώπινος@angfs- φύσις@ngfsc ὁ@dafs προκοπή@nafsc οὕτως@b ὡς@cs ἐν@p ὁ@ddmp ἔμπροσθεν@b εἶπον@viaa1p"
"inc. et c. Ar._54","54@ οὐκοῦν@b ὥσπερ@cs προκόπτω@vppagfs ὁ@dgfs σάρξ@ngfsc λέγω3@vipe3s αὐτός@rpnms προκόπτω@vnpa-- διά@p ὁ@dafs πρός@p ὁ@dans σῶμα@nansc ἰδιότης@nafsc οὕτως@b καί@cs ὁ@danp περί@p ὁ@dams καιρός@namsc ὁ@dgms θάνατος@ngmsc λέγω3@vppeanp ὁ@dans ταράσσω@vnap-- ὁ@dans κλαίω@vnaa-- χρή@vipa3s λαμβάνω@vnpa-- ὁ@ddfs αὐτός@rpdfs διάνοια@ndfsc ἄνω@b γάρ@b καί@cs κάτω@b περίειμι1@vppanmp καί@cs ὥσπερ@b ἐκ@p οὗτος@rpgnp ὁ@dafs αἵρεσις@nafsc πάλιν@b συνίστημι@vppanmp φάσκω@vipa3p ἰδού@nvfsp κλαίω@viaa3s καί@cs εἶπον@viaa3s νῦν@b ὁ@dnfs ψυχή@nnfsc ἐγώ@rpgcs ταράσσω@vire3s καί@cs παρακαλέω@viaa3s παρέρχομαι@vnaa-- ὁ@dans ποτήριον@nansc πῶς@b οὖν@b εἰ@cs οὗτος@rpanp ἐρῶ@vira3s θεός@nnmsp εἰμί@vipa3s καί@cs λόγος@nnmsp ὁ@dgms πατήρ@ngmsp ναί@ndfsp γράφω@vire3s ὅτι@cs κλαίω@viaa3s ὦ@i θεομάχος@nvmpc καί@cs ὅτι@cs λέγω@viaa3s ταράσσω@viap1s καί@cs ἐπί@p ὁ@dgms σταυρός@ngmsc εἶπον@viaa3s ἐλαύνω@ndfsp ἐλαύνω@ndfsp λιμασαβαχθαν@vipa3s ὅς@rpnns εἰμί@vipa3s θεός@nvmsp ἐγώ@rpgcs θεός@nvmsp ἐγώ@rpgms ἵνα@cs τίς@rpans ἐγώ@rpacs ἐγκαταλείπω@viaa2s καί@b παρακαλέω@viaa3s δέ@b ὁ@dgns παρέρχομαι@vnaa-- ὁ@dans ποτήριον@nansc γράφω@vire3s γάρ@b οὗτος@rpnnp ἀλλά@cs βούλομαι@viie1s πάλιν@b σύ@rpamp ἀποκρίνω@vnam-- ὁ@dans αὐτός@rpans γάρ@b ἐπί@p ἕκαστος@angns- ὁ@dgnp παρά@p σύ@rpgmp προτείνω@vppegnp ἀντικρούω@vnpa-- ἀνάγκη@nnfsc εἰ@cs μέν@b ἄνθρωπος@nnmsc ψιλός@annms- εἰμί@vipa3s ὁ@dnms λαλέω@vppanms κλαίω@vmpa3s καί@cs φοβέω@vmpe3s ὁ@dams θάνατος@namsc ὡς@cs ἄνθρωπος@nnmsc εἰ@cs δέ@b λόγος@nnmsp εἰμί@vipa3s ἐν@p σάρξ@ndfsc ὁ@danp αὐτός@rpanp γάρ@b λέγω3@vnpa-- ἀεί@b οὐ@b ὀκνητέον@annns- τις@anams- θεός@nnmsp εἰμί@vppanms ἔχω@viia3s φοβέω@vnpe-- ἤ1@b διά@p τίς@rpans ὁ@dams θάνατος@namsc φοβέω@viie3s ζωή@nnmsc εἰμί@vppanms αὐτός@rpnms καί@cs ἄλλος@rpamp ἐκ@p ὁ@dgms θάνατος@ngmsc ῥύομαι@vppenms ἤ1@cs πῶς@b λέγω3@vppanms μή@b φοβέω@vmpe2p ὁ@dams ἀποκτείνω@vppaams ὁ@dans σῶμα@nansc αὐτός@rpnms φοβέω@viie3s πῶς@b δέ@b ὁ@dnms ὁ@ddms ἀβραάμ@ndmsp λέγω3@vppanms μή@b φοβέω@vmpe2s ὅτι@cs μετά@p σύ@rpacs εἰμί@vipa1s καί@b ὁ@dams μωσῆς@namsp παραθαρσύνω@vppanms κατά@p ὁ@dgms φαραώ@ngmsp καί@cs ὁ@ddms ὁ@dgms νηλεύς@ngmsp λέγω3@vppanms ἰσχύω@vmpa2s καί@cs ἀνδρίζου@vmpe2s αὐτός@rpnms δειλιάω@viia3s ὁ@dams ἡρώδης@namsp καί@cs ὁ@dams πιλᾶτος@namsp εἶτα@b ἄλλος@rpdmp γίγνομαι@vppenms βοηθός@annms- εἰς@p ὁ@dans μή@b φοβέω@vnpe-- κύριος@nnmsp γάρ@b φημί@vipa3s ἐγώ@rpdcs βοηθός@annms- οὐ@b φοβέω@vifp1s τίς@rpans ποιέω@vifa3s ἐγώ@rpdcs ἄνθρωπος@nnmsc αὐτός@rpnms ἡγεμών@nampc θνητός@anamp- ἄνθρωπος@nampc φοβέω@viie3s αὐτός@annms- ἔρχομαι@vpaanms κατά@p ὁ@dgms θάνατος@ngmsc δειλιάω@viia3s ὁ@dams θάνατος@namsc πῶς@b δέ@b οὐ@b ἄτοπος@annns- καί@cs δυσσεβής@annns- λέγω3@vnpa-- οὗτος@rpams δειλιάω@vnpa-- ὁ@dams θάνατος@namsc ἤ1@cs ὁ@dams ἅδος@namsc ὅς@rpams ὁ@dnmp πυλωρός@nnmpc ὁ@dgms ᾅδης@ngmsc βλέπω@vppanmp πτήσσω@viaa3p εἰ@cs δέ@b κατά@p σύ@rpamp δειλιάω@viia3s ὁ@dnms λόγος@nnmsp διά@p τίς@rpans πρό@p πολύς@angns- λέγω3@vppanms περί@p ὁ@dgfs ἐπιβουλή@ngfsc ὁ@dgmp ἰουδαῖος@ngmpp οὐ@b φεύγω@viia3s ἀλλά@cs καί@b ζητέω@vppenms λέγω3@viia3s ἐγώ@rpncs εἰμί@vipa1s καί@cs γάρ@b δύναμαι@viam3s μή@b ἀποθνήσκω@vnaa-- ὡς@cs λέγω3@viia3s ἐξουσία@nafsc ἔχω@vipa1s τίθημι@vnaa-- ὁ@dafs ψυχή@nafsc ἐγώ@rpgcs καί@cs ἐξουσία@nafsc ἔχω@vipa1s πάλιν@b λαμβάνω@vnaa-- αὐτός@rpafs καί@cs οὐδείς@rpnms αἴρω@vipa3s αὐτός@rpafs ἀπό@p ἐγώ@rpgcs"
"inc. et c. Ar._55","ἀλλά@cs οὐ@b εἰμί@viia3s ἴδιος@annnp- φύσις@ndfsc ὁ@dgms λόγος@ngmsp οὗτος@rpnnp ὅς@rpnfs λόγος@nnfsp εἰμί@viia3s ἐν@p δέ@b ὁ@ddfs τοιοῦτος@rpanp πάσχω@vppadfs σάρξ@ndfsc εἰμί@viia3s ὁ@dnms λόγος@nnmsp ὦ@i χριστομάχος@nvmpp καί@cs ἀχάριστος@anvmp- ἰουδαῖος@nvmpp καί@cs γάρ@b οὐ@b ἐρῶ@vire3s οὗτος@rpnnp πρό@p ὁ@dgfs σάρξ@ngfsc ἀλλά@b ὅτε@cs ὁ@dnms λόγος@nnmsp σάρξ@b γίγνομαι@viam3s καί@cs γίγνομαι@vira3s ἄνθρωπος@nnfsc ὁ@dnns τηνικαῦτα@b καί@cs ἀνθρώπινος@b ἐρῶ@vnre-- γράφω@vire3s οὗτος@rpnnp ἀμέλει@ndmsp περί@p ὅς@rpgns γράφω@vire3s οὗτος@rpnnp αὐτός@annms- ἀγείρω@viaa3s ὁ@dams λάζαρος@namsp ἐκ@p νεκρός@angmp- καί@cs ὁ@dans ὕδωρ@nansc οἶνος@namsc ποιέω@vira3s καί@cs ὁ@ddms ἐκ@p γενετή@ngfsc τυφλός@andms- χαρίζω@viam3s ὁ@dans βλέπω@vnpa-- καί@cs λέγω@viaa3s ἐγώ@rpnms καί@cs ὁ@dnms πατήρ@nnmsp εἷς@ εἰμί@vipa1p εἴπερ@cs οὖν@b ἐκ@p ὁ@dgnp ἀνθρώπινος@angnp- προφασίζομαι@vipe3p ταπεινὰνοέω@vnpa-- περί@p ὁ@dgms υἱός@ngmsp ὁ@dgms θεός@ngmsp μᾶλλον@b δέ@cs ἄνθρωπος@namsc αὐτός@rpams ὅλος@anams- ἐκ@p γῆ@ngfsc καί@cs οὐ@b ἐκ@p οὐρανός@ngmsc νομίζω@vipa3p διά@p τίς@rpans μή@b καί@b ἐκ@p ὁ@dgnp θεϊκός@angnp- ἔργον@ngnpc ἐπιγιγνώσκω@vipa3p ὁ@dams ἐν@p ὁ@ddfs πατήρ@ndfsp λόγος@namsp καί@cs λοιπός@anans- ἀρνέομαι@vipe3p ὁ@dafs ἴδιος@anafs- ἀσέβεια@nafsc ἔξεστι@vipa3s γάρ@b αὐτός@rpamp ὁράω@vppanms πῶς@b ὁ@dnms ὁ@danp ἔργον@nanpc ποιέω@vppanms ὁ@dnms αὐτός@rpnms εἰμί@vipa3s ὁ@dnms καί@b ὁ@dans σῶμα@nansc παθητός@anans- δείκνυμι@vppanms ἐν@p ὁ@ddns ἀφίημι@vnpa-- κλαίω@vnpa-- καί@cs πεινάω@vppanms αὐτός@rpams καί@cs ὁ@danp ἴδιος@ananp- ὁ@dgns σῶμα@ngnsc ἐν@p αὐτός@rpdns φαίνω@vnpe-- ἐκ@p μέν@b γάρ@b ὁ@dgnp τοιοῦτος@rpgnp γιγνώσκω@viia3s ὅτι@cs θεός@nnmsp εἰμί@vppanms ἀπαθής@annms- σάρξ@nafsc παθητός@anafs- λαμβάνω@viaa3s ἐκ@p δέ@b ὁ@dgnp ἔργον@ngnpc δείκνυμι@viia3s ἑαυτοῦ@rpams λόγος@namsp εἰμί@vppaams ὁ@dgms θεός@ngmsp καί@cs ὕστερος@anans- γίγνομαι@vpamams ἄνθρωπος@namsc λέγω3@vppanms καί@b ἄν@b ἐγώ@rpdcs μή@b πιστεύω@vspa2p βλέπω@vppanmp ἀνθρώπινος@anans- ἐγώ@rpacs περιβάλλω@vpreans σῶμα@nansc ἀλλά@cs κἀν@b ὁ@ddnp ἔργον@ndnpc πιστεύω@vmaa2p ἵνα@cs γιγνώσκω@vsaa2p ὅτι@cs ἐγώ@rpncs ἐν@p ὁ@ddns πατήρ@ndnsp καί@cs ὁ@dnms πατήρ@nnmsp ἐν@p ἐγώ@rpdcs πάνυ@nansp δέ@b ἐγώ@rpdms δοκέω@vipa3p ἀναισχυντία@nafsc ἔχω@vnra-- καί@cs βλασφημία@nafsc ὁ@dnmp χριστομάχος@nnmpp ἀκούω@vppanmp μέν@b γάρ@b ἐγώ@rpncs καί@cs ὁ@dnms πατήρ@nnmsp εἷς@ εἰμί@vipa1p βιάζω@vipe3p ὁ@dafs διάνοια@nafsc παρεξηγέομαι@vnpe-- καί@cs διαιρέω@vnpa-- ὁ@dafs ἑνότης@nafsc ὁ@dgms πατήρ@ngmsp καί@cs ὁ@dgms υἱός@ngmsp ἀκούω@vppanmp δέ@b ὅτι@cs κλαίω@viaa3s ἱδρόω@viaa3s πάσχω@vira3s οὐ@b ἐνοράω@vipa3p ὁ@ddns σῶμα@ndnsc ἀλλά@cs ἐκ@p οὗτος@rpgnp ὁ@ddfs κτίσις@ndfsc συναριθμέω@vipa3p ὁ@dams διά@p ὅς@rpgns γίγνομαι@vira3s ὁ@dnfs κτίσις@nnfsc τίς@b οὖν@b ἔτι@b λοιπός@anans- καί@b οὗτος@rpnmp ὁ@dgmp ἰουδαῖος@ngmpp διαφέρω@vipa3p ὡς@cs γάρ@b ἐκεῖνος@rpnmp ὁ@danp ὁ@dgms θεός@ngmsp ἔργον@nanpc ὁ@ddms βεελζεβοὺλ@ndmsp λογίζομαι@viie3p βλασφημέω@vppanmp οὕτως@b καί@b οὗτος@rpnmp ὁ@dams οὗτος@rpanp ἐργάζομαι@vpamams κύριος@namsp ὁ@ddnp κτίσμα@ndnpc συναριθμέω@vppanmp ὁ@dafs αὐτός@anafs- ἐκεῖνος@rpdmp ἀσύγγνωστος@anafs- ὑπομένω@vifm3p δίκη@nafsc"
"inc. et c. Ar._56","56@ δεῖ@viia3s δέ@b ἀκούω@vppaamp μέν@b αὐτός@rpamp ἐγώ@rpncs καί@cs ὁ@dnms πατήρ@nnmsp εἷς@ εἰμί@vipa1p εἷς@anafs- ὁράω@vppanms ὁ@dafs θεότης@nafsc καί@cs ὁ@dans ἴδιος@anans- ὁ@dgfs οὐσία@ngfsc ὁ@dgms πατήρ@ngmsp ἀκούω@vppaamp δέ@b ὁ@dans κλαίω@vmpa2s καί@cs ὁ@danp ὅμοιος@ananp- οὗτος@rpanp ὁ@dgns σῶμα@ngnsc ἴδιος@ananp- λέγω3@vnpa-- μάλιστα@b ὅτι@cs ἐν@p ἑκάτερος@andns- οὗτος@rpgnp ἔχω@vipa3p ὁ@dafs ἀφορμή@nafsc εὔλογος@anafs- ὅτι@cs ὁ@dnnp μέν@b ὡς@cs περί@p θεός@ngmsp γράφω@vire3s ὁ@dnnp δέ@b διά@p ὁ@dans ἀνθρώπινος@anans- αὐτός@rpgns σῶμα@nansc λέγω3@vipe3s οὐδέ@cs γάρ@b ἐν@p ἀσώματος@andns- ὁ@dnnp ὁ@dgns σῶμα@ngnsc ἄν@b γίγνομαι@vila3s εἰ@cs μή@b σῶμα@nansc λαμβάνω@vpaanms εἰμί@viia3s φθαρτός@annns- καί@cs θνητός@annns- θνητός@annfs- γάρ@b εἰμί@viia3s ὁ@dnfs ἅγιος@nnfsc μαρία@nnfsp ἐκ@p ὅς@rpgfs εἰμί@viia3s καί@b ὁ@dnns σῶμα@nnnsc διό@b καί@b ἀνάγκη@nnfsc ἐν@p πάσχω@vppadns σῶμα@ndnsc καί@b κλαίω@vppadms καί@cs κάμνω@vppadms γίγνομαι@vpamgms αὐτός@rpgms αὐτός@rpgms λέγω3@vnpe-- μετά@p ὁ@dgns σῶμα@ngnsc καί@b οὗτος@rpanp ὅσπερ@rpnnp εἰμί@vipa3s ἴδιος@annnp- ὁ@dgfs σάρξ@ngfsc εἰ@cs τε@b τοίνυν@b κλαίω@viaa3s καί@cs ταράσσω@viap3s οὐ@b εἰμί@viia3s ὁ@dnms λόγος@nnmsp ὅς@b λόγος@nnmsp εἰμί@vipa3s ὁ@dnms κλαίω@vppanms καί@cs ταράσσω@vppenms ἀλλά@cs ὁ@dgfs σάρξ@ngfsc ἴδιος@annns- εἰμί@viia3s οὗτος@rpnns εἰ@cs δέ@cs καί@b παρακαλέω@viaa3s παρέρχομαι@vnaa-- ὁ@dans ποτήριον@nansc οὐ@b εἰμί@viia3s ὁ@dnfs θεότης@nnfsc ὁ@dnfs δειλιάω@vppanfs ἀλλά@cs ὁ@dgfs ἀνθρωπότης@ngfsc εἰμί@viia3s ἴδιος@annns- καί@b οὗτος@annns- ὁ@dnns πάθος@nnnsc καί@cs ὁ@dnns λέγω3@vnpa-- ἵνα@cs τίς@rpans ἐγώ@rpafs ἐγκαταλείπω@viaa2s ὡς@b αὐτός@angms- μέντοι@b πάλιν@b κατά@p ὁ@danp ἐν@p ὁ@ddnp ἔμπροσθεν@b ἐρῶ@vpreanp καίτοι@b μηδείς@rpans πάσχω@vppagms ἀπαθής@annms- γάρ@b εἰμί@viia3s ὁ@dnms λόγος@nnmsp ἐρῶ@vira3p ὅμως@b ὁ@dnmp εὐαγγελιστής@nnmpc οὗτος@rpanp ἐπεί@b καί@b ἄνθρωπος@nnmsc γίγνομαι@vira3s ὁ@dnms κύριος@nnmsp καί@b ὡς@b παρά@p ἄνθρωπος@ngmsc γίγνομαι@vipe3s καί@cs λέγω3@vipe3s οὗτος@rpnnp ἵνα@cs καί@b οὗτος@ananp- ὁ@danp πάθημα@nanpc ὁ@dgfs σάρξ@ngfsc κουφίζω@vpaanms αὐτός@rpnms ἐλεύθερος@nafsc αὐτός@rpgnp οὗτος@anafs- κατασκευάζω@vsaa3s ὅθεν@b οὐ@b δέ@b ἐγκαταλείπω@vnpe-- δύναμαι@vipe3s παρά@p ὁ@dgms πατήρ@ngmsp ὁ@dnms κύριος@nnmsp ὁ@dnms ἐν@p αὐτός@rpdms εἰμί@vppanms ἀεί@b καί@b πρό@p ὁ@dgns εἶπον@vnaa-- καί@cs ὅτε@cs οὗτος@anafs- ἀφίημι@viia3s ὁ@dafs φωνή@nafsc ἀλλά@cs οὐ@b δέ@cs θέμις@nnfsc πάλιν@b εἶπον@vnaa-- δειλιάω@vppanms ὁ@dams κύριος@namsp ὅς@rpams ὁ@dnmp πυλωρός@nnmpc ὁ@dgms ᾅδης@ngmsc πτήσσω@vpaanmp ἐξαφίημι@viaa3p ὁ@dams ᾅδης@namsc καί@b ὁ@danp μέν@b μνῆμα@nanpc ἀνοίγνυμι@viia3s πολύς@ananp- δέ@b σῶμα@nanpc ὁ@dgnp ἅγιος@angnp- ἀνίστημι@viaa3p καί@cs ἐμφανίζω@viap3p ὁ@ddnp ἴδιος@andmp- φιμόω@vmpe3s τοίνυν@b πᾶς@annms- αἱρετικός@annms- καί@cs φοβέω@vmpe3s λέγω3@vnpa-- δειλιάω@anafs- ὁ@dams κύριος@namsp ὅς@rpams ὁ@dnms θάνατος@nnmsc ὡς@b δράκων@ngmpc φεύγω@vipa3s ὅς@rpams τρέμω@vipa3p δαίμων@nnmpc καί@cs φοβέω@vipe3s θάλασσα@nnfsc διά@p ὅς@rpams ὁ@dnmp οὐρανός@nnmpc σχίζω@vipe3p καί@cs πᾶς@annfp- ὁ@dnfp δύναμις@nnfpc σαλεύω@vipe3p ἰδού@b γάρ@b λέγω3@vppagms αὐτός@rpgms ἵνα@cs τίς@rpans ἐγώ@rpacs ἐγκαταλείπω@viaa2s δείκνυμι@viia3s ὁ@dnms πατήρ@nnmsp ὡς@cs ἀεί@b καί@b τότε@b εἰμί@viia3s ἐν@p αὐτός@rpdms ὁ@dnfs γάρ@b γῆ@nnfsc γιγνώσκω@vppanfs ὁ@dams λαλέω@vppaams δεσπότης@namsp εὐθύς2@b τρέμω@viia3s καί@b ὁ@dnns καταπέτασμα@nnnsc σχίζω@viie3s ὁ@dnms ἥλιος@nnmsc τε@b κρύπτω@viie3s καί@b ὁ@dnfp πέτρα@nnfpc διαρρήγνυμι@viie3p καί@cs ὁ@dnnp μέν@b μνημεῖον@nnnpc ὡς@cs προεῖπον@viaa1s ἀνοίγνυμι@viie3s ὁ@dnmp δέ@cs ἐν@p αὐτός@rpdnp νεκρός@annmp- ἀγείρω@viie3p καί@cs ὁ@dnns γε@b θαυμαστός@annns- ὁ@dnmp τότε@b πάρειμι1@vppanmp καί@cs ἀρνέομαι@vppenmp πρότερος@anans- αὐτός@rpams ὕστερος@b οὗτος@rpanp βλέπω@vppanmp ὁμολογέω@vipa3p ἀληθής@b οὗτος@rpams εἰμί@vnpa-- ὁ@dgms θεός@ngmsp ὁ@dams υἱός@namsp"
"inc. et c. Ar._57","57@ περί@p δέ@b ὁ@dgns λέγω3@vnpa-- αὐτός@rpams εἰ@cs δυνατός@annns- παρέρχομαι@vsaa1s ὁ@dans ποτήριον@nansc μανθάνω@vmaa2p πῶς@b οὗτος@rpanp ἐρῶ@vpranms ἐπιτιμάω@viia3s ὁ@ddms πέτρος@ndmsp λέγω3@vppanms οὐ@b φρονέω@vipa2s ὁ@danp ὁ@dgms θεός@ngmsp ἀλλά@cs ὁ@danp ὁ@dgmp ἄνθρωπος@ngmpc ἐθέλω@viia3s γάρ@x ὅς@rpnns παραιτέομαι@viie3s καί@cs διά@p οὗτος@rpans εἰμί@viia3s ἔρχομαι@vpaanms ἀλλά@b ὁ@dgns μέν@b εἰμί@viia3s ὁ@dnns ἐθέλω@vnpa-- ἐπί@p οὗτος@rpans γάρ@b ἔρχομαι@viaa3s ὁ@dgfs δέ@cs σάρξ@ngfsc εἰμί@viia3s ὁ@dnns δειλιάω@vppanns διό@b καί@b ὡς@b ἄνθρωπος@nnmsc λέγω3@viia3s ὁ@dafs τοιοῦτος@anafs- φωνή@nafsc καί@cs ἀμφότερος@ananp- πάλιν@b παρά@p ὁ@dgms αὐτός@rpgms λέγω3@viie3s ἵνα@cs δείκνυμι@vsaa3s ὅτι@cs θεός@nnmsp εἰμί@viia3s ἐθέλω@vppanms μέν@b αὐτός@rpnms γίγνομαι@vpamnms δέ@cs ἄνθρωπος@nnmsc ἔχω@viia3s δειλιάω@vppaafs ὁ@dafs σάρξ@nafsc διά@p ὅς@rpafs συγκεραύνω@viaa3s ὁ@dans ἑαυτοῦ@rpgms θέλημα@nansc ὁ@ddfs ἀνθρώπινος@andfs- ἀσθένεια@ndfsc ἵνα@cs καί@b οὗτος@rpans πάλιν@b ἀφανίζω@vpaanms θαρσαλέος@anams- ὁ@dams ἄνθρωπος@namsc πάλιν@b πρός@p ὁ@dams θάνατος@namsc κατασκευάζω@vsaa3s ἰδού@n---p γοῦν@b πρᾶγμα@nnnsc παράδοξος@annns- ἀληθής@b ὅς@rpams ὡς@cs κατά@p δειλία@nafsc λαλέω@vnpa-- νομίζω@vipa3p ὁ@dnmp χριστομάχος@nnmpp οὗτος@rpnms ὁ@ddfs νομίζω@vppedfs δειλία@ndfsc θαρσαλέος@anamp- καί@cs ἄφοβος@anamp- ὁ@damp ἄνθρωπος@nampc κατασκευάζω@viia3s ὁ@dnmp γοῦν@b μακάριος@annmp- ἀπόστολος@annmp- μετά@p αὐτός@rpams οὕτως@b ἐκ@p ὁ@dgfp τοιοῦτος@rpgfp φωνή@ngfpc καταφρονέω@viia3p ὁ@dgms θάνατος@ngmsc ὡς@cs μη@b δέ@cs φροντίζω@vnpa-- ὁ@dgmp ἀνακρίνω@vppagmp αὐτός@rpamp ἀλλά@cs λέγω3@vnpa-- πειθαρχέω@vnpa-- δεῖ@vipa3s θεός@ndmsp μᾶλλον@b ἤ1@cs ἄνθρωπος@ndmpc ὅς@dnmp τε@b ἄλλος@annmp- ἅγιος@annmp- μάρτυς@nnmpc οὕτως@b θαρσέω@viia3p ὡς@cs μᾶλλον@b νομίζω@vnpa-- αὐτός@rpamp εἰς@p ζωή@nafsc μεταβαίνω@vnpa-- ἤ1@cs θάνατος@namsc ὑπομένω@vnpa-- πῶς@b οὖν@b οὐ@b ἄτοπος@annns- ὁ@dgmp μέν@b θεράπων@ngmpc ὁ@dgms λόγος@ngmsp θαυμάζω@vnpa-- ὁ@dafs ἀνδρεία@nafsc αὐτός@anams- δέ@cs ὁ@dams λόγος@namsp λέγω3@vnpa-- δειλιάω@anams- διά@p ὅς@rpams καί@b ἐκεῖνος@rpnmp ὁ@dgms θάνατος@ngmsc καταφρονέω@viaa3p ἐκ@p δέ@b ὁ@dgfs ὁ@dgmp ἅγιος@angmp- μάρτυς@ngmpc καρτερικός@angfss πρόθεσις@ngfsc καί@cs ἀνδρεία@ngfsc δείκνυμι@vipe3s ὡς@cs οὐ@b εἰμί@viia3s ὁ@dnfs θεότης@nnfsc δειλιάω@vppanfs ἀλλά@cs ὁ@dafs ἐγώ@rpgmp δειλία@nafsc εἰμί@viia3s ἀφαιρέω@vppenms ὁ@dnms σωτήρ@nnmsp ὡς@cs γάρ@b ὁ@dams θάνατος@namsc θάνατος@ndmsc καταλύω@viaa3s καί@cs ἀνθρώπινος@b πᾶς@ananp- ὁ@danp ἀνθρώπινος@ananp- οὕτως@b ὁ@ddfs νομίζω@vppedfs δειλία@ndfsc ὁ@dafs ἐγώ@rpgmp δειλία@nafsc ἀφαιρέω@viie3s καί@cs ποιέω@vira3s μηκέτι@b φοβέω@vnpe-- ὁ@damp ἄνθρωπος@nampc ὁ@dams θάνατος@namsc λέγω3@viia3s οὖν@b οὗτος@rpanp καί@cs ἅμα@b ποιέω@viia3s ἀνθρώπινος@nnfsp μέν@b γάρ@b εἰμί@viia3s ὁ@dnns λέγω3@vnpa-- παρέρχομαι@vsaa1s ὁ@dans ποτήριον@nansc καί@cs ἵνα@cs τίς@rpans ἐγώ@rpacs ἐγκαταλείπω@viaa2s θεϊκός@b δέ@b ὁ@dnms αὐτός@rpnms ποιέω@viia3s ὁ@dams ἥλιος@namsc ἐκλείπω@vnpa-- καί@cs ὁ@damp νεκρός@anamp- ἐγείρω@vnpe-- πάλιν@b τε@cs λέγω3@vppanms ἀνθρώπινος@b νῦν@b ὁ@dnfs ψυχή@nnfsc ἐγώ@rpgcs ταράσσω@vire3s λέγω3@viia3s καί@b θεϊκός@b ἐξουσία@nafsc ἔχω@vipa1s τίθημι@vnaa-- ὁ@dafs ψυχή@nafsc ἐγώ@rpgcs καί@cs ἐξουσία@nafsc ἔχω@vipa1s πάλιν@b λαμβάνω@vnaa-- αὐτός@rpafs ὁ@dnns μέν@b γάρ@b ταράσσω@vnpe-- ὁ@dgfs σάρξ@ngfsc ἴδιος@annns- εἰμί@viia3s ὁ@dnns δέ@b ἐξουσία@nafsc ἔχω@vnpa-- τίθημι@vnaa-- καί@cs λαμβάνω@vnaa-- ὅτε@cs βούλομαι@vipe3s ὁ@dafs ψυχή@nafsc οὐκέτι@b οὗτος@rpnns ἴδιος@annns- ἄνθρωπος@ngmpc ἀλλά@cs ὁ@dgfs ὁ@dgms λόγος@ngmsp δύναμις@ngfsc εἰμί@vipa3s ἄνθρωπος@nnmsp γάρ@b οὐ@b κατά@p ἴδιος@anafs- ἐξουσία@nafsc ἀλλά@cs ἀνάγκη@ndfsc φύσις@ngfsc καί@cs μή@b ἐθέλω@vppanms ἀποθνήσκω@vipa3s ὁ@dnms δέ@b κύριος@nnmsp ἀθάνατος@annms- αὐτός@rpnms εἰμί@vppanms σάρξ@nafsc δέ@cs θνητός@anafs- ἔχω@vppanms ἐπί@p ἐξουσία@ngfsc ἔχω@viia3s ὡς@cs θεός@nnmsp ἀπό@p ὁ@dgns σῶμα@ngnsc χωρίζω@vnap-- καί@cs οὗτος@rpans πάλιν@b ἀναλαμβάνω@vnaa-- ὅτε@cs βούλομαι@vipe3s περί@p οὗτος@rpgns καί@b δαβίδ@ndfsp ψάλλω@vipa3s οὐ@b ἐγκαταλείπω@vifa2s ὁ@dafs ψυχή@nafsc ἐγώ@rpgcs εἰς@p ᾅδης@namsc οὐ@b δέ@cs δίδωμι@vifa2s ὁ@dafs ὅσιος@anams- σύ@rpgcs εἶδον@vnaa-- διαφθορά@nafsc πρέπω@viia3s γάρ@b φθαρτός@nafsc εἰμί@vppaafs ὁ@dafs σάρξ@nafsc μηκέτι@b κατά@p ὁ@dafs ἑαυτοῦ@rpgfs φύσις@nafsc μένω@vnpa-- θνητός@anafs- ἀλλά@cs διά@p ὁ@dams ἐνδύω@vpamams αὐτός@rpafs λόγος@namsp ἄφθαρτος@anams- διαμένω@vnpa-- ὡς@cs γάρ@b αὐτός@rpnms γίγνομαι@vpamnms ἐν@p ὁ@ddns ἐγώ@rpgcp σῶμα@ndnsc ὁ@danp ἐγώ@rpgmp μιμέομαι@viam3s οὕτως@b ἐγώ@rpn-p δέχομαι@vpamnmp αὐτός@rpams ὁ@dgfs παρά@p ἐκεῖνος@rpgms μεταλαμβάνω@vipa1p ἀθανασία@ngfsc"
"inc. et c. Ar._58","58@ μάτην@namsp τοίνυν@b σκανδαλίζω@vnpe-- προσποιέω@vipe3p καί@cs μικρός@ananp- νοέω@vipa3p ὁ@dnmp ἀρειομανίτης@nnmpp περί@p ὁ@dgms λόγος@ngmsp εἰ@cs γράφω@vire3s ταράσσω@viap3s καί@cs κλαίω@viaa3s ἔοικα@vira3p γάρ@b μη@b δέ@b ἀνθρώπινος@anafs- αἴσθησις@nafsc ἔχω@vnpa-- ἀγνοέω@vppanmp ὁ@dafs ὁ@dgmp ἄνθρωπος@ngmpc φύσις@nafsc καί@cs ὁ@danp οὗτος@rpgnp ἴδιος@ananp- διά@p ὅς@rpanp μᾶλλον@b δεῖ@viia3s θαυμάζω@vnpa-- ὅτι@cs ἐν@p τοιοῦτος@andfs- πάσχω@vppadfs σάρξ@ndfsc εἰμί@viia3s ὁ@dnms λόγος@nnmsp καί@cs οὐ@b τε@b κωλύω@viia3s ὁ@damp ἐπιβουλεύω@vppaamp οὐ@b τε@cs ἐκδίκω@viia3s κατά@p ὁ@dgmp ἀναιρέω@vppagmp καίπερ@b δύναμαι@vppenms ὁ@dnms ἄλλος@rpamp κωλύω@vpaanms ἀποθνήσκω@vnaa-- καί@cs ἀποθνήσκω@vpaaamp ἐγείρω@vpaanms ἐκ@p ὁ@dgmp νεκρός@ngmpc ἀλλά@b ἀνέχω@viie3s πάσχω@vnpa-- ὁ@dans ἴδιος@anans- σῶμα@nansc διά@p οὗτος@rpans γάρ@b καί@b ἔρχομαι@vira3s ὡς@cs προεῖπον@viaa1s ἵνα@cs σάρξ@ndfsc πάσχω@vsaa3s καί@cs λοιπός@anans- καί@cs ἀπαθής@annfs- καί@cs ἀθάνατος@annfs- ὁ@dnfs σάρξ@nnfsc κατασκευάζω@vsap3s καί@b ἵνα@cs καθώς@b πολλάκις@b εἶπον@viaa1p ὡς@cs εἰς@p αὐτός@rpams ὁ@dgfs ὕβρις@ngfsc καί@cs ὁ@dgnp γίγνομαι@vppegnp φθάνω@vpaagmp μηκέτι@b ὁ@dgmp ἄνθρωπος@ngmpc ἅπτω@vspe3s οὗτος@rpnnp ἀλλά@cs ἐξαφανίζω@vsap3s παντελής@b παρά@p αὐτός@rpgms καί@cs λοιπός@anans- διά@p αἰών@ngmsc ἄφθαρτος@annmp- ὡς@cs ναῦς@ngfsc ὁ@dgms λόγος@ngmsp διαμένω@vsaa3p οὗτος@rpanp εἰ@cs οὕτως@b καί@b ὁ@dnmp χριστομάχος@nnmpp διανοέομαι@viie3p ὁ@dams τε@b σκοπός@namsc ὁ@dams ἐκκλησιαστικός@anams- ὡς@b ἄγκυρα@nafsc ὁ@dgfs πίστις@ngfsc ἐπιγιγνώσκω@viia3p οὐ@b τε@b ἄν@b ναυαγέω@viaa3p περί@p ὁ@dafs πίστις@nafsc οὐ@b τε@cs τοσοῦτος@anans- ἀναισχυντέω@viia3p ὡς@cs ἀνθιστάω@vnpe-- καί@b ὁ@ddmp βούλομαι@vppedmp πίπτω@vpraamp αὐτός@rpamp ἐγείρω@vnaa-- καί@cs μᾶλλον@b ἐχθρός@nampc ἡγέομαι@vnpe-- ὁ@damp νουθετέω@vppaamp αὐτός@rpamp εἰς@p εὐσέβεια@nafsc ἀλλά@cs ὡς@cs ἔοικα@vira3s πονηρός@annns- ὁ@dnms αἱρετικός@annms- ἀληθής@b καί@cs πανταχόθεν@b εἰμί@vipa3s ἔχω@vppanms διαφθείρω@vpreafs ὁ@dafs καρδία@nafsc εἰς@p ἀσέβεια@nafsc ἰδού@b γάρ@b ἐπί@p πᾶς@andnp- ἐλέγχω@vppenmp καί@cs δείκνυμι@vppenmp πᾶς@angfs- σύνεσις@ngfsc ἐρῆμος@annmp- οὐ@b αἰσχύνω@vipe3p ἀλλά@b ὥσπερ@cs ὁ@dnfs λέγω3@vppenfs παρά@p ὁ@ddmp ἕλλην@ngmpp μῦθος@ndmpc ὕδρα@nnfsc ὁ@dnns θηρίον@nnnsc ἀναιρέω@vppegnp ὁ@dgnp πρότερος@angnp- ὄφις@ngnpc ὠδίνω@viia3s ἕτερος@anamp- ὄφις@nampc φιλονεικέω@vppanfs πρός@p ὁ@dams ἀναιρέω@vppaams ὁ@ddfs ὁ@dgmp ἕτερος@angmp- προβολή@ndfsc ὁ@dams αὐτός@anams- τρόπος@namsc καί@b ὁ@dnmp θεομάχος@nnmpc καί@cs ὁ@dnmp θεοστυγής@nnmpc ὥσπερ@cs ὕδρα@nnfpc ὁ@dafs ψυχή@nafsc πίπτω@vppanmp ἐπί@p ὅς@rpdnp προβάλλω@vipe3p ἄλλος@anafp- ἐφευρίσκω@vipa3p ἰουδαικός@anafp- καί@cs μωρός@anafp- ἑαυτοῦ@rpdmp ἐκζητέω@nafpc καί@b ὥσπερ@b ἔχθρα@anafs- ὁ@dafs ἀλήθεια@nafsc ἔχω@vppanmp ἐπινοέω@vipa3p καινός@ananpc ὅπως@cs μᾶλλον@b χριστομάχος@nampp ἑαυτοῦ@rpamp διά@p πᾶς@angmp- ἐπιδείκνυμι@vsaa3p"
"inc. et c. Ar._59","59@b μετά@p γάρ@b ὁ@damp τοσοῦτος@rpamp κατά@p αὐτός@rpgmp ἔλεγχος2@nampc ἐπί@p ὅς@rpdmp καί@cs ὁ@dnms διάβολος@annms- αὐτός@annms- ὁ@dnms οὗτος@rpgmp πατήρ@nnmsc ἐντρέπω@vpapnms ἄν@b ἀπέρχομαι@viaa3s ὀπίσω@b πάλιν@b ὡς@cs ἀπό@p στρεβλός@ngfsc ὁ@dgfs καρδία@ngfsc αὐτός@rpgmp ἐπινοέω@vppanmp γογγύζω@vipa3p καί@cs ὁ@ddmp μέν@b ψιθυρίζω@vipa3p ὁ@ddmp δέ@b ὡς@cs κώνωψ@annmp- περιβομβέω@vipa3p λέγω3@vppanmp εἰμί@vmpa3s οὗτος@rpanp οὕτως@b ἑρμηνεύω@vmpa2p καί@cs νικάω@vmpa2p ὁ@ddmp λογισμός@ndmpc καί@cs ὁ@ddfp ἀπόδειξις@ndfpc ἀλλά@b δεῖ@vipa3s λέγω3@vnpa-- βούλομαι@ndfsc καί@cs ἐθέλω@ndfsc γίγνομαι@vnre-- ὁ@dams υἱός@namsp ὑπό@p ὁ@dgms πατήρ@ngmsp καί@cs ἐν@p οὗτος@rpdns γάρ@b πολύς@anamp- ἀπατάω@vipa3p προβάλλω@vppenmp ὁ@dans βούλημα@nansc καί@cs ὁ@dans θέλημα@nansc ὁ@dgms θεός@ngmsp οὗτος@rpans δέ@b εἰ@cs μέν@b τις@rpnms ὁ@dgmp ὀρθός@b πιστεύω@vppagmp ἁπλούστερος@b λέγω3@viia3s οὐδείς@rpnns εἰμί@viia3s ὑποπτεύω@vnaa-- περί@p ὁ@dgns λέγω1@vppegns νικάω@vppagfs ὁ@dgfs ὀρθόδοξος@angfs- διάνοια@ngfsc ὁ@dafs ἁπλόος@anafs- ὁ@dgnp ῥῆμα@ngnpc προφορά@nafsc ἐπεί@cs δέ@b παρά@p αἱρετικός@angnp- εἰμί@vipa3s ὁ@dnfs φωνή@nnfsc ὕποπτος@annnp- δέ@b ὁ@dgmp αἱρετικός@angmp- ὁ@dnnp ῥῆμα@nnnpc καί@cs ὡς@cs γράφω@vire3s κυβερνάω@vipa3p δέ@b ἀσεβής@anamp- δόλος@nampc καί@cs ὁ@dnmp λόγος@nnmpc αὐτός@rpgmp εἰμί@vipa3p δόλιος@annmp- καί@cs ἄν@cs μόνος@b νεύω@vsaa3p διαφθείρω@vpreafs γάρ@b ἔχω@vipa3p ὁ@dafs καρδία@nafsc φέρω@vmpa2s καί@cs οὗτος@rpans ὁ@dans λέγω3@vppeans ἐξετάζω@vsaa1p μήπως@cs ἐπί@p πᾶς@andnp- ἐλέγχω@vpapnmp λοιπός@anans- ὡς@cs ὕδρα@nnfpc καινός@anansc ἐπινοέω@viaa3p λεξείδιον@nansc ἵνα@cs διά@p ὁ@dgfs τοιοῦτος@rpgfs κομψολογία@ngfsc καί@cs πιθανός@angfs- ὑφαρπαγή@ngfsc ὁ@dafs ἑαυτοῦ@rpgmp ἀσέβεια@nafsc πάλιν@b ἄλλως@b ἐπισπείρω@vsaa3p ταὐτός@rpans γάρ@b σημαίνω@vipa3s ὁ@dnms λέγω3@vppanms βούλομαι@ndfsc γίγνομαι@vira3s ὁ@dnms υἱός@nnmsp καί@cs ὁ@dnms λέγω3@vppanms εἰμί@viia3s ποτέ@b ὅτε@cs οὐ@b εἰμί@viia3s καί@cs ἐκ@p οὐ@b εἰμί@vppagnp γίγνομαι@vira3s ὁ@dnms υἱός@nnmsp καί@cs κτίσμα@nnnsc εἰμί@vipa3s ἀλλά@cs ἐπεί@cs οὗτος@rpanp λέγω3@vppanmp αἰσχύνω@viap3p ἕτερος@b αὐτός@rpanp πάλιν@b σημαίνω@vnpa-- ἐπιχειρέω@viaa3p ὁ@dnmp δόλιος@annmp- βούλησις@nafsc προβάλλω@vppenmp ὡς@cs ὁ@dans μέλας@anans- ὁ@rpdfs σηπία@nnfpc ἵνα@cs ἐν@p οὗτος@rpdns ὁ@damp μέν@b ἀκέραιος@anamp- σκοτίζω@vspa3p αὐτός@rpnmp δέ@cs ὁ@dgfs ἴδιος@angfs- αἵρεσις@ngfsc μή@b ἐπιλανθάνω@vsae3p πόθεν@b γάρ@b ὁ@dnns βούλομαι@ndfsc καί@cs ἐθέλω@ndfsc ἤ1@cs ἐκ@p ποῖος@angfs- γραφή@ngfsc ὁ@danp τοιοῦτος@rpanp πάλιν@b προφέρω@vipa3p εἶπον@vmaa3p ὁ@dnmp ὁ@ddnp ῥῆμα@ndnpc ὕποπτος@annmp- καί@cs ὁ@dgfs ἀσέβεια@ngfsc ἐφευρετής@vire3s ὁ@dnms μέν@b γάρ@b πατήρ@nnmsp ἀποκαλύπτω@vppanms ἀπό@p οὐρανός@ngmsc ὁ@dams ἑαυτοῦ@rpgms λόγος@namsp δείκνυμι@viia3s ὅτι@cs οὗτος@rpnms εἰμί@vipa3s ὁ@dnms υἱός@nnmsp ἐγώ@rpgcs ὁ@dnms ἀγαπητός@annms- καί@cs διά@p μέν@b ὁ@dgms δαβίδ@nnmsp λέγω3@viia3s ἐκλέγω@viam3s ὁ@dnfs καρδία@nnfsc ἐγώ@rpgcs λόγος@namsc ἀγαθός@anams- ὁ@ddms δέ@b ἰωάννην@ndmsp εἶπον@vnaa-- ἐντέλλομαι@viam3s ἐν@p ἀρχή@ndfsc εἰμί@viia3s ὁ@dnms λόγος@nnmsc καί@b ὁ@dnms δαβίδ@nnmsp δέ@b ψάλλω@vppanms φημί@vipa3s ὅτι@cs παρά@p σύ@rpdcs πηγή@nnfsc ζωή@ngfsc καί@cs ἐν@p ὁ@ddms φῶς@ndmsc σύ@rpgms ὁράω@vifm1p φάος@nansc ὅς@dnms τε@cs ἀπόστολος@annms- γράφω@vipa3s ὅς@rpnms εἰμί@vppanms ἀπαύγασμα@nnnsc ὁ@dgfs δόξα@ngfsc καί@cs πάλιν@b ὅς@rpnms ἐν@p μορφή@ndfsc θεός@ngmsp ὑπάρχω@vppanms καί@cs ὅς@rpnms εἰμί@vipa3s εἰκών@vpaanms ὁ@dgms θεός@ngmsp ὁ@dgms ἀόρατος@angms-"
"inc. et c. Ar._60","πανταχοῦ@b ὁ@dans εἰμί@vnpa-- ὁ@dgms λόγος@ngmsp πᾶς@annmp- καί@cs οὐδαμοῦ@b ἐκ@p βούλησις@ngfsc αὐτός@rpams οὐ@b δέ@cs ὅλος@b ποιέω@vnre-- λέγω3@vipa3p αὐτός@rpnmp δέ@b ποῦ@b ἄρα@b βούλησις@nafsc ἤ1@cs θέλησις@nafsc προηγέομαι@vppeafs εὑρίσκω@viaa3p ὁ@dgms λόγος@ngmsp ὁ@dgms θεός@ngmsp εἰ@cs μή@b ἄρα@b ὁ@dafp γραφή@nafpc ἀφίημι@vpaanmp ὑποκρίνομαι@vipe3p καί@b ὁ@dafs οὐαλεντῖνος@ngmsp κακόνοια@nafsc πτολεμαῖος@nnmsp γάρ@b ὁ@dnms οὐαλεντῖνος@ngmsp φημί@viia3s δύο@an---- ζυγός@nampc ἔχω@vnpa-- ὁ@dams ἀγένητος@anams- ἔννοια@nafsc καί@cs θέλησις@nafsc καί@b πρῶτος@anans- ἐννοέω@viaa3s εἶτα@b ἐθέλω@viaa3s καί@b ὅσπερ@rpanp ἐννοέω@viia3s οὐ@b δύναμαι@viam3s προβάλλω@vnpa-- εἰ@cs μή@b ὅτε@b καί@b ὁ@dnfs ὁ@dgns θέλημα@ngnsc δύναμις@nnfsc ἐπιγίγνομαι@viam3s ἔνθεν@b ὁ@dnmp ἀρειανός@nnmpp μανθάνω@vpaanmp θέλημα@nansc καί@cs βούλησις@nafsc προηγέομαι@vnpe-- ἐθέλω@vipa3p ὁ@dgms λόγος@ngmsp ἐκεῖνος@rpnmp μέν@b οὖν@b ὁ@danp οὐαλεντῖνος@ngmsp ζηλόω@vmpa3p ἐγώ@rpnmp δέ@b ἐντυγχάνω@vpaanmp ὁ@ddmp θεῖος2@andmp- λόγος@ndmpc ἐπί@p μέν@b ὁ@dgms υἱός@ngmsp ὁ@dans εἰμί@viia3s εὑρίσκω@viaa1p καί@b αὐτός@rpams μόνος@anams- ἀκούω@viaa1p εἰμί@vppaams ἐν@p ὁ@ddms πατήρ@ndnsp καί@cs εἰκών@nafsc ὁ@dgms πατήρ@ngmsp ἐπί@p δέ@b μόνος@angmp- ὁ@dgmp γενητός@ngmpc ἐπεί@cs καί@b ὁ@ddfs φύσις@ndfsc οὐ@b εἰμί@viia3s ποτέ@b οὗτος@rpnnp ἀλλά@cs ἐπιγίγνομαι@vira3s προηγέομαι@vppeafs βούλησις@nafsc καί@cs θέλησιν@nafsc ἀναγιγνώσκω@viaa1p ὁ@dgms δαβίδ@ngmsp ψάλλω@vppagms ἐν@p μέν@b ὁ@ddms ἑκατοστός@andms- δέκατος@andms- τρίτος@andms- ψαλμός@ndmsc οὕτως@b ὁ@dnms δέ@b θεός@nnmsp ἐγώ@rpgcp ἐν@p ὁ@ddms οὐρανός@ndmsc καί@cs ἐν@p ὁ@ddfs γῆ@ndfsc πᾶς@ananp- ὅσος@ananp- ἐθέλω@viaa3s ποιέω@viaa3s ἐν@p δέ@b ὁ@ddms ἑκατοστός@andms- δέκατος@andns- μέγας@nnfsp ὁ@danp ἔργον@nanpc κύριος@ngmsp ἐκζητέω@vpreanp εἰς@p πᾶς@ananp- ὁ@danp θέλημα@nanpc αὐτός@rpgms καί@cs πάλιν@b ἐν@p ὁ@ddms ἑκατοστός@andns- τριακοστός@andns- τέταρτος@andms- πᾶς@namsp ὅσος@ananp- ἐθέλω@viaa3s ὁ@dnms κύριος@nnmsp ποιέω@viaa3s ἐν@p ὁ@ddms οὐρανός@ndmsc καί@cs ἐν@p ὁ@ddfs γῆ@ndfsc καί@b ἐν@p ὁ@ddfp θάλασσα@ndfpc καί@cs ἐν@p πᾶς@andfp- ὁ@ddfp ἄβυσσος@andfp- εἰ@cs μέν@b οὖν@b ἔργον@nnnsc καί@cs ποίημα@nnnsc καί@cs εἷς@ ὁ@dgmp πᾶς@angmp- εἰμί@vipa3s λέγω@vmpe3s καί@b αὐτός@rpnms βούλομαι@ndfsc γίγνομαι@vpamnms οὕτως@b γάρ@b δείκνυμι@viaa3s ὁ@dnfs γραφή@nnfsc ὁ@danp ποίημα@nanpc γίγνομαι@vnpe-- καί@cs ἀστέριος@nnmsp δέ@b ὁ@dnms asterius@nnmsp ὅστις@vprenms συνήγορος@nnmsc ὁ@dgfs αἵρεσις@ngfsc οὗτος@rpdns συντίθημι@vppenms οὕτως@b γράφω@vipa3s εἴτε@cs γάρ@b ἀνάξιος@annns- ὁ@dgms δημιουργός@ngmsp ὁ@dnns ἐθέλω@vppaams ποιέω@vnpa-- ἐπί@p πᾶς@angnp- ὅμοιος@b ἀναιρέω@vmpe3s ὁ@dnns ἐθέλω@vnpa-- ἵνα@cs ἀκέραιος@annns- αὐτός@rpdms σώζω@vspe3s ὁ@dnns ἀξίωμα@nnnsc εἰ@cs τε@cs προσήκω@vppanns ὁ@ddms θεός@ndmsp ὁ@dnns βούλομαι@vnpe-- καί@b ἐπί@p ὁ@dgns πρῶτος@angns- γέννημα@ngnsc ὑπάρχω@vmpa3s ὁ@dnns κρείσσων@annnsc οὐ@b γάρ@b δή@b δυνατός@annns- εἷς@ τε@b καί@cs ὁ@ddms αὐτός@andms- θεός@ndmsp ὁ@dans ἐθέλω@vnpa-- ἐπί@p ὁ@dgnp ποιέω@vppegnp ἁρμόζω@vnpa-- καί@cs ὁ@dans μή@b βούλομαι@vnpe-- προσήκω@vnpa-- πλεῖστος@nafsp ὅσος@anafs- ἀσέβεια@nafsc ἐν@p ὁ@ddnp ῥῆμα@ndnpc ἑαυτοῦ@rpgms συντίθημι@vpaanms ὁ@dnms σοφιστής@nnmsc ὅτι@cs τε@b ὁ@dnns γέννημα@nnnsc καί@cs ὁ@dnns ποίημα@nnnsc ὁ@dnns αὐτός@annns- εἰμί@vipa3s καί@cs εἰς@p ἐκ@p πᾶς@angnp- ὁ@dgnp εἰμί@vppagnp γέννημα@ngnpc εἰμί@vipa3s ὁ@dnms υἱός@nnmsp εἰς@p οὗτος@rpans συγκλείω@viaa3s ὅτι@cs ὁ@danp ποίημα@nanpc βούλημα@ndnsc καί@cs θέλημα@ndnsc προσήκω@vipa3s λέγω3@vnpa--"
"inc. et c. Ar._61","61@b οὐκοῦν@b εἰ@cs ἄλλος@rpnms εἰμί@vipa3s ὁ@dgnp πᾶς@angnp- ὥσπερ@cs καί@b ἐν@p ὁ@ddnp πρό@p οὗτος@rpgnp ἀποδείκνυμι@viap3s καί@cs μᾶλλον@b ὁ@dnnp ἔργον@nnnpc διά@p αὐτός@rpgms γίγνομαι@vira3s μή@b λέγω@vmpe3s βούλομαι@ndfsc ἵνα@cs μή@b καί@b αὐτός@rpnms οὕτως@b γίγνομαι@vspe3s ὥσπερ@cs καί@b ὁ@dnnp διά@p αὐτός@rpgms γίγνομαι@vpamnnp συνίστημι@viaa3s καί@cs γάρ@b ὁ@dnms μέν@b παῦλος@nnmsp οὐ@b εἰμί@vppanms πρότερος@anans- ὕστερος@b ὅμως@b διά@p θέλημα@ngnsc θεός@ngmsp ἀπόστολος@annms- γίγνομαι@vira3s ὁ@dnfs δέ@b κλῆσις@nnfsc ἐγώ@rpgmp ὡς@b ποτέ@b καί@b αὐτός@rpnfs μή@b εἰμί@vppanfs νῦν@b δέ@cs ἐπιγίγνομαι@vpamnfs προηγέομαι@vppeafs ἔχω@vipa3s ὁ@dafs βούλησις@nafsc καί@cs ὡς@cs αὐτός@annms- πάλιν@b ὁ@dnms παῦλος@nnmsp φημί@vipa3s κατά@p ὁ@dafs εὐδοκία@nafsc ὁ@dgns θέλημα@ngnsc αὐτός@angns- γίγνομαι@vira3s ὁ@dans τε@cs διά@p μωσῆς@ngmsp λέγω3@vppeans γίγνομαι@vmap3s φάος@nnnsc καί@cs ἐξάγω@vmaa3s ὁ@dnfs γῆ@nnfsc καί@cs ποιέω@vsaa1p ἄνθρωπος@namsc ἡγέομαι@vipe1s καθά@cs καί@b ἐν@p ὁ@ddmp ἔμπροσθεν@b ἐρῶ@vire3s ὁ@dgfs βούλησις@ngfsc ὁ@dgms ποιέω@vppagms εἰμί@vnpa-- οὗτος@rpans σημαντικός@anans- ὁ@danp μέν@b γάρ@b μή@b εἰμί@vppaanp ποτέ@b ἀλλά@cs ἔξωθεν@b ἐπιγίγνομαι@vppeanp ὁ@dnms δημιουργός@nnmsp βουλεύω@vipe3s ποιέω@vnaa-- ὁ@dams δέ@b ἴδιος@anams- λόγος@namsp ἐκ@p αὐτός@rpgms φύσις@ndfsc γεννάω@vppeams οὐ@b προβουλεύω@vipe3s ἐν@p οὗτος@rpdns γάρ@b ὁ@dnms πατήρ@nnmsp ὁ@danp ἄλλος@rpanp ὅσος@ananp- βουλεύω@vipe3s ποιέω@vipa3s καί@cs δημιουργέω@vipa3s ἐν@p οὗτος@rpdns καθώς@cs καί@b ἰάκωβος@nnmsp ὁ@dnms ἀπόστολος@nnmsc διδάσκω@vppanms λέγω3@viaa3s βούλομαι@vpapnms ἐκτιμάω@viaa3s ἐγώ@rpacp λόγος@ndmsp ἀλήθεια@ngfsc οὐκοῦν@b ὁ@dnfs περί@p πᾶς@angmp- ὁ@dgmp τε@b ἀνατρέφω@vpreanp καί@cs ὁ@dgnp ἅπαξ@b γίγνομαι@vppegmp ὁ@dgms θεός@ngmsp βούλησις@nnfsc ἐν@p ὁ@ddms λόγος@ndmsp εἰμί@vipa3s ἐν@p καί@b ὁ@danp δοκέω@vpaaanp ποιέω@vipa3s καί@cs ἀναγεννάω@vipa3s καί@b οὗτος@rpans γάρ@b πάλιν@b ὁ@dnms ἀπόστολος@nnmsc σημαίνω@vipa3s γράφω@vppanms εἰς@p θεσσαλονίκη@nafsp οὗτος@annns- γάρ@b θέλημα@nnnsc θεός@ngmsp ἐν@p χριστός@ndmsp ἰησοῦς@ngmsp εἰς@p σύ@rpamp εἰ@cs δέ@b ἐν@p ὅς@rpdns ποιέω@vipa3s ἐν@p αὐτός@rpdms καί@b ὁ@dnfs βούλησις@nnfsc εἰμί@vipa3s καί@cs ἐν@p χριστός@ndmsp εἰμί@vipa3s ὁ@dnns θέλημα@nnnsc ὁ@dgms πατήρ@ngmsp πῶς@b δύναμαι@vipe3s καί@b αὐτός@rpnms ἐν@p βούλομαι@ndfsc καί@cs θέλημα@ndnsc γίγνομαι@vnpe-- εἰ@cs γάρ@b καί@b αὐτός@rpnms ἐν@p βούλομαι@ndfsc κατά@p σύ@rpamp γίγνομαι@vira3s ἀνάγκη@nnfsc καί@b ὁ@dafs περί@p αὐτός@rpgms βούλησις@nafsc ἐν@p ἕτερος@andms- τις@andms- λόγος@ndmsp συνίστημι@vnpe-- διά@p ὅς@rpgns καί@b αὐτός@annms- γίγνομαι@vipe3s δείκνυμι@vire3s γάρ@b ὁ@dnfs ὁ@dgms θεός@ngmsp βούλησις@nnfsc οὐ@b ἐν@p ὁ@ddnp γίγνομαι@vppednp εἰμί@vppanfs ἀλλά@cs ἐν@p ὁ@ddns διά@p οὗ@rpgns καί@cs ἐν@p ὅς@rpdns γίγνομαι@vipe3s ὁ@dnnp ποίημα@nnnpc πᾶς@annnp- ἔπειτα@b ἐπεί@cs ὁ@dnns αὐτός@rpnns εἰμί@vipa3s εἶπον@vnaa-- βούλομαι@ndfsc καί@cs εἰμί@viia3s ποτέ@b ὅτε@cs οὐ@b εἰμί@viia3s ἀρκέω@vmpe3p ὁ@ddns λέγω3@vnpa-- εἰμί@viia3s ποτέ@b ὅτε@cs οὐ@b εἰμί@viia3s ἵνα@cs αἰσχύνω@vppenmp διά@p ὁ@dans ἐκ@p οὗτος@rpgns χρόνος@nampc σημαίνω@vnpe-- γνῶσις@vsaa3p ὅτι@cs καί@b βούλομαι@nanpc λέγω3@vppanmp χρόνος@nampc πρό@p υἱός@ngmsp σημαίνω@vipa3p ὁ@dgnp γάρ@b ποτέ@b μή@b εἰμί@vppagnp προτάσσω@vipe3s ὁ@dnns βουλεύω@vnpe-- ὡς@cs ἐπί@p πᾶς@angnp- ὁ@dgnp κτίσμα@ngnpc εἰ@cs δέ@b ὁ@dnms λόγος@nnmsp ὁ@dgnp μέν@b κτίσμα@ngnpc εἰμί@vipa3s δημιουργός@nnmsc αὐτός@rpnms δέ@b συνυπάρχω@vipa3s ὁ@ddms πατήρ@ndmsp πῶς@b δύναμαι@vipe3s ὁ@dgms ἀΐδιος@b εἰμί@vppagms ὡς@cs μή@b εἰμί@vppagms προηγέομαι@vnpe-- ὁ@dans βουλεύω@vnpe-- εἰ@cs γάρ@b προτάσσω@vipe3s βουλή@nnfsc πῶς@b διά@p ’@p αὐτός@rpgms ὁ@danp πᾶς@ananp- μᾶλλον@b γάρ@b εἷς@ ὁ@dgmp πᾶς@angmp- εἰμί@vipa3s βούλομαι@ndfsc καί@b αὐτός@rpnms ἀποκυάω@vpapnms υἱός@nnmsp ὥσπερ@cs καί@b ἐγώ@rpnmp λόγος@ndmsp ἀλήθεια@ngfsc γίγνομαι@vira1p υἱός@nnmpc καί@b λοιπός@anans- ἐγώ@rpamp ἀνάγκη@nnfsc ζητέω@vnpa-- ὥσπερ@cs ἐρῶ@vire3s ἄλλος@anams- λόγος@namsp διά@p ὅς@rpgms καί@b οὗτος@rpnms γίγνομαι@vira3s καί@cs ἀποκυέω@viap3s μετά@p πᾶς@angmp- ὅς@rpgmp ἐθέλω@viaa3s ὁ@dnms θεός@nnmsp"
"inc. et c. Ar._62","62@ εἰ@cs μέν@b οὖν@b εἰμί@vipa3s ἕτερος@annms- ὁ@dgms θεός@ngmsp λόγος@nnmsp εἰμί@vmpa3s καί@b οὗτος@rpnms λόγος@ndmsp γίγνομαι@vpranms εἰ@cs δέ@b μή@b εἰμί@vipa3s ἄλλος@rpnms οὐ@b εἰμί@vipa3s γάρ@b ἀλλά@cs πᾶς@annnp- διά@p αὐτός@rpgms γίγνομαι@vira3s ὅσπερ@rpanp ὁ@dnms πατήρ@nnmsp βούλομαι@vire3s πῶς@b οὐ@b δείκνυμι@vipe3s οὗτος@rpgnp πολυκέφαλος@annfs- πανουργία@nnfsc ὅτι@cs καταισχύνω@vpapnmp ἐπί@p ὁ@ddns λέγω3@vnpa-- ποίημα@nansc καί@cs κτίσμα@nansc καί@cs οὐ@b εἰμί@viia3s πρίν@cs γεννάω@vsap3s ὁ@dnms ὁ@dgms θεός@ngmsp λόγος@nnmsp ἄλλως@b πάλιν@b κτίσμα@nansc λέγω3@vipa3p αὐτός@rpams εἰμί@vnpa-- βούλησις@nafsc προβάλλω@vppenmp καί@cs λέγω3@vppanmp εἰ@cs μή@b βούλομαι@ndfsc γίγνομαι@vira3s οὐκοῦν@b ἀνάγκη@ndfsc καί@cs μή@b ἐθέλω@vppanms ἔχω@viaa3s ὁ@dnms θεός@nnmsp υἱός@namsp καί@cs τις@rpnms ὁ@dnms ὁ@dafs ἀνάγκη@nafsc ἐπιβάλλω@vpaanms αὐτός@rpdms πονηρός@annmps καί@cs πᾶς@ananp- πρός@p ὁ@dafs αἵρεσις@nafsc ἑαυτοῦ@rpgmp ἕλκω@vppanmp ὁ@dans μέν@b γάρ@b ἐναντιόομαι@vpreans ὁ@ddfs βούλομαι@ndfsc ὁράω@vira3p ὁ@dans δέ@b μέγας@anansc καί@cs ὑπέρκειμαι@vpreans οὐ@b θεωρέω@viaa3p ὥσπερ@cs γάρ@b ἀντίκειμαι@vipe3s ὁ@ddfs βούλομαι@ndfsc ὁ@dnns παρά@p γνώμη@nafsc οὕτως@b ὑπέρκειμαι@vipe3s καί@cs προτάσσω@vipe3s ὁ@dgns βουλεύω@vnpe-- ὁ@dans κατά@p φύσις@nafsc οἰκία@nafsp μέν@x οὖν@b τις@rpnms βουλεύω@vppenms κατασκευάζω@vipa3s υἱός@namsc δέ@x γεννάω@vipa3s κατά@p φύσις@nafsc καί@b ὁ@dnns μέν@b βούλομαι@ndfsc κατασκευάζω@vppenns ἄρχω@viam3s γίγνομαι@vnpe-- καί@cs ἔξωθεν@b εἰμί@vipa3s ὁ@dgns ποιέω@vppagns ὁ@dnms δέ@b υἱός@nnmsc ἴδιος@annns- εἰμί@vipa3s ὁ@dgfs οὐσία@ngfsc ὁ@dgms πατήρ@ngmsc γέννημα@nnnsc καί@cs οὐ@b εἰμί@vipa3s ἔξωθεν@b αὐτός@rpgms διό@b οὐ@b δέ@b βουλεύω@vipe3s περί@p αὐτός@rpgms ἵνα@cs μή@b καί@b περί@p ἑαυτοῦ@rpgms δοκέω@vspa3s βουλεύω@vnpe-- ὅσος@rpdns οὖν@b ὁ@dgns κτίσμα@ngnsc ὁ@dnms υἱός@nnmsc ὑπέρκειμαι@vipe3s τοσοῦτος@rpdns καί@b ὁ@dgfs βούλησις@ngfsc ὁ@dnns κατά@p φύσις@nafsc καί@b δεῖ@viia3s αὐτός@rpamp ἀκούω@vppaamp οὐ@b βούλομαι@ndfsc λογίζομαι@vnpe-- ὁ@dans κατά@p φύσις@nafsc ὁ@dnmp δέ@b ἐπιλανθάνω@vpamnmp ὅτι@cs περί@p υἱός@ngmsp θεός@ngmsp ἀκούω@vipa3p τολμάω@vipa3p ἀνθρώπινος@anafp- ἀντίθεσις@nafpc λέγω3@vnpa-- ἐπί@p θεός@ngmsp ἀνάγκη@nafsc καί@cs παρά@p γνώμη@nafsc ἵνα@cs ὁ@dans εἰμί@vnpa-- υἱός@anams- ἀληθινός@anans- ἀρνέομαι@vsam3p ὁ@dgms θεός@ngmsp ἐπεί@b εἶπον@vmaa3p ἐγώ@rpdmp αὐτός@annmp- ὁ@dnns ἀγαθός@anams- εἰμί@vnpa-- καί@cs ἐλεήμων@anams- ὁ@dams θεός@namsp ἐκ@p βούλησις@ngfsc πρόσειμι@vipa3s αὐτός@rpdms ἤ1@cs οὐ@b βούλομαι@vifa3s εἰ@cs μέν@b οὖν@b ἐκ@p βούλησις@ngfsc σκοπέω@vnpa-- δεῖ@viia3s ὅτι@cs ἄρχω@viam3s μέν@b εἰμί@vnpa-- ἀγαθός@annms- καί@cs ὁ@dnns μή@b εἰμί@vnpa-- δέ@b αὐτός@rpams ἀγαθός@anams- ἐνδέχομαι@vppenns εἰμί@vipa3s ὁ@dnns γάρ@b βουλεύω@vnpe-- καί@cs προαιρέω@vnpe-- εἰς@p ἑκάτερος@ananp- ὁ@dafs ῥοπή@nafsc ἔχω@vipa3s καί@cs λογικός@angfs- φύσις@ngfsc εἰμί@vipa3s οὗτος@rpnns πάθος@nnnsc εἰ@cs δέ@b διά@p ὁ@dans ἐκ@p οὗτος@rpgnp ἄτοπος@anans- οὐ@b ἐκ@p βούλησις@ngfsc ἀγαθός@annms- καί@cs οἰκτίρμων@angnp- εἰμί@vipa3s ἀκούω@vmaa3p ὅσπερ@rpanp ἐρῶ@vira3p αὐτός@rpnmp οὐκοῦν@b ἀνάγκη@ndfsc καί@cs μή@b ἐθέλω@vppanms εἰμί@vipa3s ἀγαθός@annms- καί@cs τις@rpnms ὁ@dnms ὁ@dafs ἀνάγκη@nafsc ἐπιβάλλω@vpaanms αὐτός@rpdms εἰ@cs δέ@b ἄτοπος@annns- εἰμί@vipa3s λέγω3@vnpa-- ἐπί@p θεός@ngmsp ἀνάγκη@nafsc καί@cs διά@p οὗτος@rpans φύσις@ndfsc ἀγαθός@annms- εἰμί@vipa3s εἰμί@vopa3s ἄν@b πολύς@andns- μᾶλλον@b καί@b ἀληθής@anansc ὁ@dgms υἱός@ngmsp φύσις@ndfsc καί@cs οὐ@b ἐκ@p βούλησις@ngfsc πατήρ@nnmsp"
"inc. et c. Ar._63","63@ εἶπον@vmaa3p δέ@b πάλιν@b ἐγώ@rpdcp καί@b οὗτος@rpans πρός@p γάρ@b ὁ@dafs ἀναισχυντία@nafsc αὐτός@rpgmp ἐρώτησις@nafsc αὐτός@rpdmp ἐπάγω@vnaa-- ἔτι@b βούλομαι@vipe1s τολμηρός@anafsc μέν@b βλέπω@vppaafs δέ@cs ὅμως@b εἰς@p εὐσέβεια@nafsc ἀναίθω@vmap2s δεσπότης@nvmsp ὁ@dnms πατήρ@nnmsp αὐτός@annms- βουλεύω@vpamnms πρότερος@anans- εἶτα@b ἐθέλω@vpaanms οὕτως@b ὑπάρχω@vipa3s ἤ1@cs καί@b πρό@p ὁ@dgns βουλεύω@vnam-- χρή@vipa3s γάρ@b καί@b περί@p ὁ@dgms λόγος@ngmsp τοιοῦτος@rpanp τολμάω@vppaamp αὐτός@rpamp τοιοῦτος@rpanp καί@b ἀκούω@vnpa-- ἵνα@cs γνῶσις@vsaa3p ὅτι@cs ὁ@dnfs τοιοῦτος@annfs- αὐτός@rpgmp προπέτεια@nnfsc καί@b εἰς@p αὐτός@anams- ὁ@dams πατήρ@namsp φθάνω@vipa3s ἐάν@cs μέν@b οὖν@b εἶπον@vsaa3p ἅπαξ@b βουλεύω@vpamnmp περί@p βούλησις@ngfsc ὅτι@cs καί@b αὐτός@rpnms ἐκ@p βούλησις@ngfsc τίς@rpnns οὖν@b εἰμί@viia3s πρό@p ὁ@dgns βουλεύω@vnam-- ἤ1@b τίς@rpnns πλέος@annns- ἔχω@viaa3s ὡς@cs σύ@rpnmp λέγω3@vipa2p μετά@p ὁ@dans βουλεύω@vnam-- εἰ@cs δέ@b ἄτοπος@annfs- καί@cs ἀσύστατος@annfs- εἰμί@vipa3s ὁ@dnfs τοιοῦτος@rpnfs ἐρώτησις@nnfsc καί@cs οὐ@b θέμις@nnfsc ὅλος@b τοιοῦτος@rpanp λέγω3@vnpa-- ἀρκέω@vipa3s γάρ@b καί@cs μόνος@b ἀκούω@vppaamp ἐγώ@rpa-p περί@p θεός@ngmsp οἶδα@vnra-- καί@cs νοέω@vnpa-- ὅτι@cs αὐτός@rpnms εἰμί@vipa3s ὁ@dnms εἰμί@vppanms πῶς@b οὐ@b ἄλογος@annns- ἄν@b εἰμί@vopa3s περί@p ὁ@dgms λόγος@ngmsp ὁ@dgms θεός@ngmsp τοιοῦτος@rpanp ἐνθυμέομαι@vnpe-- καί@cs ‘@b βούλησις@nafsc καί@cs θέλησιν@nafsc προβάλλω@vnpe-- ἀρκέω@vipa3s γάρ@b καί@b μόνος@anans- ἀκούω@vppaamp ἐγώ@rpamp καί@b περί@p ὁ@dgms λόγος@ngmsp οἶδα@vnra-- καί@cs νοέω@vnpa-- ὅτι@cs ὁ@dnms μή@b ἐκ@p βούλησις@ngfsc ὑπάρχω@vppanms θεός@nnmsp οὐ@b βούλομαι@vifa3s ἀλλά@cs φύσις@ndfsc ὁ@dams ἴδιος@anams- ἔχω@vipa3s λόγος@namsp πῶς@b δέ@b οὐ@b ὑπερβάλλω@vipa3s πᾶς@anafs- μανία@nafsc ὁ@dnns καί@b μόνος@b ἐνθυμέομαι@vnpe-- ὅτι@cs αὐτός@annms- ὁ@dnms θεός@nnmsp βουλεύω@vipe3s καί@cs σκέπτομαι@vipe3s καί@cs προαιρέω@vipe3s καί@cs ἐθέλω@vnpa-- ἑαυτοῦ@rpams προτρέπω@vipe3s ἵνα@cs μή@b ἄλογος@annms- καί@cs ἄσοφος@annms- εἰμί@vspa3s ἀλλά@cs λόγος@nansp καί@cs σοφία@nafsp ἔχω@vspa3s περί@p ἑαυτοῦ@rpgms γάρ@b δοκέω@vipa3s σκέπτομαι@vnpe-- ὁ@dnms περί@p ὁ@dgns ἴδιος@angns- ὁ@dgfs οὐσία@ngfsc ἑαυτοῦ@rpgms βουλεύω@vppenms πολύς@angfs- τοίνυν@b βλασφημία@ngfsc εἰμί@vppagfs ἐν@p ὁ@ddfs τοιοῦτος@andfs- φρόνησις@ndfsc εὐσεβής@b ἄν@b λέγω3@voap3s ὅτι@cs ὁ@dnnp μέν@b γενητός@annnp- εὐδοκία@ndfsc καί@cs βούλομαι@ndfsc γίγνομαι@vira3s ὁ@dnms δέ@cs υἱός@nnmsp οὐ@b θέλημα@annms- εἰμί@vipa3s δημιούργημα@nnnsc ἐπιγίγνομαι@vpranms καθά@cs ὁ@dnfs κτίσις@nnfsc ἀλλά@cs φύσις@ndfsc ὁ@dgfs οὐσία@ngfsc ἴδιος@annns- γέννημα@nnnsc καί@b γάρ@b ἴδιος@annms- εἰμί@vppanms λόγος@nnmsp ὁ@dgms πατήρ@ngmsp οὐ@b ἐάω@vipa3s πρό@p ἑαυτοῦ@rpgms λογίζομαι@vnam-- τις@rpacs βούλησις@nafsc αὐτός@rpnms εἰμί@vppanms βουλή@nnfsc ζάω@vppanfs ὁ@dgms πατήρ@ngmsp καί@b δύναμις@nnfsc καί@cs δημιουργός@nnmsc ὁ@dgmp δοκέω@vppagmp ὁ@ddms πατήρ@ndmsp καί@cs οὗτος@rpanp αὐτός@rpnms ἐν@p ὁ@ddfp παροιμία@ndfpp περί@p ἑαυτοῦ@rpgms φημί@vipa3s ἐμός@annfs- βουλή@nnfsc καί@cs ἀσφάλεια@nnfsc ἐμός@annfs- φρονησίς@nnfsc ἐμός@annfs- δέ@x ἰσχύς@nnfsc ὡς@cs γάρ@x αὐτός@annfs- εἰμί@vppanms ὁ@dnfs φρόνησις@nnfsc ἐν@p ὅς@rpdfs ὁ@damp οὐρανός@nampc ἑτοιμάζω@viaa3s καί@cs αὐτός@annms- εἰμί@vppanms ἰσχύς@nnfsc καί@cs δύναμις@nnfsc κριστός@nnmsp γάρ@x θεός@ngmsp δύναμις@nnfsc καί@cs θεός@ngmsp σοφία@nnfsc νῦν@b παρακλίνω@vppanms λέγω@viaa3s ἐμός@annfs- φρόνησις@nnfsc καί@cs ἐμός@annfs- ἰσχύς@nnfsc οὕτως@b λέγω3@vppanms ἐμός@annfs- βουλή@nnfsc αὐτός@annfs- ἄν@b εἰμί@vopa3s ὁ@dgms πατήρ@ngmsp ὁ@dnfs ζάω@vppanfs βουλή@nnfsc καθώς@cs καί@b παρά@p ὁ@dgms προφήτης@ngmsc μανθάνω@vira1p ὅτι@cs αὐτός@rpnms ὁ@dgfs μέγας@angfs- βουλή@ngfsc ἄγγελος@nnmsc γίγνομαι@vipe3s καί@cs θέλημα@nnnsc ὁ@dgms πατήρ@ngmsp αὐτός@rpnms καλέω@viap3s χρή@nnfsp γάρ@b οὕτως@b διελέγχω@vnpa-- αὐτός@rpamp ἀνθρώπινος@nanpc περί@p ὁ@dgms θεός@ngmsp διανοέομαι@vppeamp"
"inc. et c. Ar._64","οὐκοῦν@b εἰ@cs ὁ@dnnp ποίημα@nnnpc βούλομαι@ndfsc καί@cs εὐδοκία@ndfsc ὑφίστημι@viam3s καί@cs ὁ@dnfs κτίσις@nnfsc πᾶς@annfs- θέλημα@ndnsc γίγνομαι@vira3s ὅς@cs τε@b παῦλος@nnmsp διά@p θέλημα@ngnsc θεός@ngmsp ἀπόστολος@annms- καλέω@viap3s καί@cs ὁ@dnfs κλῆσις@nnfsc ἐγώ@rpgmp εὐδοκία@ndfsc καί@cs θέλημα@ndfsc γίγνομαι@vira3s πᾶς@annnp- δέ@b διά@p ὁ@dgms λόγος@ngmsp γίγνομαι@vira3s ἐκτός@b εἰμί@vipa3s οὗτος@rpnms ὁ@dgnp βούλομαι@ndfsc γίγνομαι@vpragnp καί@cs μᾶλλον@b αὐτός@rpnfs εἰμί@vipa3s ὁ@dnfs ζάω@vppanfs βουλή@nnfsc ὁ@dgms πατήρ@ngmsp ἐν@p ὅς@rpdms οὗτος@rpnnp πᾶς@annnp- γίγνομαι@vira3s ἐν@p ὅς@rpdms καί@b ὁ@dnms ἅγιος@annms- δαβίδ@nnmsp εὐχαριστέω@vppanms λέγω3@viia3s ἐν@p ὁ@ddms ἑβδομηκοστός@andms- δεύτερος@andms- ψαλμός@ndmsc κρατέω@viaa2s ὁ@dgfs χείρ@ngfsc ὁ@dgfs δεξιά@angfs- ἐγώ@rpgcs καί@cs ἐν@p ὁ@ddfs βουλή@ndfsc σύ@rpgcs ὁδηγέω@viaa2s ἐγώ@rpacs πῶς@b οὖν@b δύναμαι@vipe3s βουλή@nnfsc καί@cs θέλημα@nnnsc ὁ@dgms πατήρ@ngmsp ὑπάρχω@vppanms ὁ@dnms λόγος@nnmsp γίγνομαι@vnpe-- καί@b αὐτός@annms- θέλημα@ndnsc καί@cs βούλομαι@ndfsc ὡς@b ἕκαστος@annms- εἰ@cs μή@b καθά@p προεῖπον@viaa1s μαίνομαι@vpapnmp πάλιν@b εἶπον@vsaa3p αὐτός@rpams διά@p ἑαυτοῦ@rpgms γίγνομαι@vnra-- ἤ1@cs διά@p ἕτερος@angms- τις@rpgms τις@rpnms οὖν@b εἰμί@vipa3s διά@p ὅς@rpgms γίγνομαι@vira3s πλάσσω@vmpe3p ἕτερος@anams- λόγος@namsp καί@cs ὁ@danp οὐαλεντῖνος@ngmsp ζηλόω@vpaanmp χριστός@namsp ἕτερος@anans- ὀνομάζω@vmaa3p οὐ@b γάρ@b γράφω@vire3s ἀλλά@cs καί@b ἄν@cs πλάσσω@vsam3p πάντως@b καί@b ἐκεῖνος@rpnms διά@p τις@rpgcs γίγνομαι@vipe3s καί@cs λοιπός@anans- οὕτως@b ἐπιλογίζομαι@vppegmp ἐγώ@rpgcp καί@cs ἀνακρίνω@vpaagmp ὁ@dafs ἀκολουθία@nafsc εὑρίσκω@vipe3s ὁ@dgnp ἄθεος@ngnpc ὁ@dnfs πολυκέφαλος@annfs- αἵρεσις@nnfsc εἰς@p πολυθεότης@nafsc πίπτω@vppanfs καί@cs ἄμετρος@anafs- μανία@nafsc ἐν@p ὅς@rpdfs κτίσμα@nnnsc καί@cs ἐκ@p οὐ@b εἰμί@vppagmp ἐθέλω@vppanmp εἰμί@vnpa-- ὁ@dams υἱός@namsp ἕτερος@b ὁ@danp αὐτός@rpanp σημαίνω@vipa3p βούλησις@nafsc καί@cs θέλησιν@nafsc προβάλλω@vppenmp ὅς@rpanp μάλιστα@b ἐπί@p ὁ@dgmp γενητός@ngmpc καί@cs κτιστός@ngmpc οὗτος@rpanp εὔλογος@b ἄν@b λέγω3@vope3s πῶς@b οὖν@b οὐ@b ἀσεβής@annns- ὁ@danp ὁ@dgmp γενητός@angmp- ἐπί@p ὁ@dams δημιουργός@namsp ἀναφέρω@vnpa-- ἤ1@b πῶς@b οὐ@b βλάσφημος@anafs- λέγω3@vnpa-- βούλησις@nafsc πρό@p ὁ@dgms λόγος@ngmsp εἰμί@vnpa-- ἐν@p ὁ@ddms πατήρ@ndmsp εἰ@cs γάρ@b προτάσσω@vipe3s βούλησις@nnfsc ἐν@p ὁ@ddns πατήρ@ndnsp οὐ@b ἀληθεύω@vipa3s λέγω3@vppanms ὁ@dnms υἱός@nnmsp ἐγώ@rpncs ἐν@p ὁ@ddms πατήρ@ndmsp ἤ1@cs εἰ@cs καί@b αὐτός@rpnms ἐν@p ὁ@ddms πατήρ@ndmsp εἰμί@vipa3s ἀλλά@cs δεύτερος@annms- προσκρίνω@vifp3s καί@cs οὐ@b πρέπω@viia3s λέγω3@vnpa-- αὐτός@rpams ἐγώ@rpncs ἐν@p ὁ@ddms πατήρ@ndnsp εἰμί@vppagfs βούλησις@ngfsc πρό@p αὐτός@rpgms ἐν@p ἧ@rpdfs ὁ@dnnp πᾶς@annnp- γίγνομαι@vira3s καί@cs αὐτός@rpnms ὑφίστημι@viaa3s κατά@p σύ@rpamp καί@b ἄν@cs γάρ@b ὁ@ddfs δόξα@ndfsc διαφέρω@vspa3s ἀλλά@b οὐδείς@rpans ἥσσων@anansc εἷς@annms- εἰμί@vipa3s ὁ@dgnp ἐκ@p βούλησις@ngfsc γίγνομαι@vppegnp ὡς@cs δέ@b ἐν@p ὁ@ddmp ἔμπροσθεν@b ἐρῶ@vira1p εἰ@cs οὕτως@b εἰμί@vipa3s πῶς@b ὁ@dnms μέν@b κύριος@nnmsp ὁ@dnnp δέ@cs δοῦλος@annnp- πᾶς@angnp- δέ@b κύριος@nnmsp τυγχάνω@vipa3s οὗτος@annms- ὅτι@cs ὁ@ddfs ὁ@dgms πατήρ@ngmsp κυριότης@ndfsc ἥνω@vire3s καί@b πάντως@b ὁ@dnfs κτίσις@nnfsc δούλη@nnfsc ἐπεί@cs ἐκτός@p ὁ@dgfs ὁ@dgms πατήρ@ngmsp ἑνότης@ngfsc εἰμί@vipa3s καί@cs οὐ@b εἰμί@vppanfs ποτέ@b γίγνομαι@vira3s"
"inc. et c. Ar._65","δεῖ@viia3s δέ@b αὐτός@rpamp λέγω3@vppaamp βούλομαι@vifa3s ὁ@dams υἱός@namsp εἶπον@vnaa-- ὅτι@cs καί@b φρονέω@voap3s γίγνομαι@vira3s ὁ@dans αὐτός@anans- γάρ@b ἡγέομαι@vipm1s φρόνησις@nafsc καί@cs βούλησις@nafsc εἰμί@vnpa-- ὅς@rpans γάρ@b βουλεύω@vipe3s τις@rpnms οὗτος@rpans πάντως@b καί@b φρονέω@vipa3s καί@b ὅς@rpans φρονέω@vipa3s οὗτος@rpans καί@b βουλεύω@vipe3s αὐτός@rpnms γοῦν@b ὁ@dnms σωτήρ@nnmsp ὡς@cs ἀδελφός@ananp- οὗτος@rpanp ὁ@ddfs ἀναλογία@ndfsc συνάπτω@viaa3s ἅμα@b λέγω3@vppanms ἐμός@annfs- βουλή@nnfsc καί@cs ἀσφάλεια@nnfsc ἐμός@annfs- φρόνησις@nnfsc ἐμός@annfs- δέ@cs ἰσχύς@nnfsc ὡς@cs γάρ@b ἰσχύς@nnfsc καί@cs ἀσφάλεια@nnfsc ὁ@dnns αὐτός@rpams εἰμί@vipa3s ὁ@dnfs αὐτός@rpnfs γάρ@b δύναμις@nnfsc εἰμί@vipa3s οὕτως@b ὁ@dnns αὐτός@rpnns εἰμί@vipa3s εἶπον@vnaa-- ὁ@dafs φρόνησις@nafsc καί@cs ὁ@dafs βουλή@nafsc εἰμί@vnpa-- ὅσπερ@rpanp εἰμί@vipa3s ὁ@dnms κύριος@nnmsp ἀλλά@cs ὁ@dnmp ἀσεβής@annmp- οὐ@b ἐθέλω@vipa3p μέν@b λόγος@namsc καί@cs βουλή@nafsc ζάω@vppaafs εἰμί@vnpa-- ὁ@dams υἱός@namsp περί@p δέ@b ὁ@dams θεός@namsp φρόνησις@nafsc καί@b βουλή@nafsc καί@cs σοφία@nafsc ὡς@cs ἕξις@nafsc συμβαίνω@vppaafs καί@cs ἀποσυμβαίνω@vppaafs ἀνθρώπινος@b γίγνομαι@vnpe-- μυθολογέω@vipa3p καί@b πᾶς@ananp- κινέω@vipa3p καί@cs ὁ@dafs οὐαλεντῖνος@ngmsp ἔννοια@nafsc καί@cs θέλησιν@nafsc προβάλλω@vipe3p ἵνα@cs μόνος@anans- διίστημι@vsaa3p ὁ@dams υἱός@namsp ἀπό@p ὁ@dgms πατήρ@ngmsp καί@cs μή@b εἶπον@vsaa3p ἴδιος@anams- αὐτός@rpams ὁ@dgms πατήρ@ngmsp εἰμί@vnpa-- λόγος@namsp ἀλλά@cs κτίσμα@nansc ἐκεῖνος@rpnmp μέν@b οὖν@b ἀκούω@vmpa3p ὡς@cs σίμων@nnmsp ὁ@dnms μάγος@nnmsc ἀκούω@viaa3s ὁ@dnfs ἀσέβεια@nnfsc οὐαλεντῖνος@ngmsp σύν@p σύ@rpdcp εἰμί@vopa3s εἰς@p ἀπώλεια@nafsc ἕκαστος@annms- δέ@b σολομῶν@ndmsp μᾶλλον@b πείθω@vmpe3s λέγω3@vppadms αὐτός@rpams εἰμί@vnpa-- σοφία@nafsc καί@cs φρόνησις@nafsc ὁ@dams λόγος@namsp φημί@vipa3s γάρ@b ὁ@dnms θεός@nnmsp ὁ@ddfs σοφία@ndfsc στερεόω@viaa3s ὁ@dafs γῆ@nafsc ἑτοιμάζω@viaa3s δέ@cs οὐρανός@nampc ἐν@p φρόνησις@ndfsc ὡς@cs δέ@b ὧδε@b ἐν@p φρόνησις@ndfsc οὕτως@b ἐν@p ψαλμός@ndmpp ὁ@ddms λόγος@ndmsp κύριος@ngmsp ὁ@dnmp οὐρανός@nnmpc στερεόω@viap3p ὡς@cs δέ@b ὁ@ddms λόγος@ndmsp ὁ@dnmp οὐρανός@nnmpc οὕτως@b πᾶς@ananp- ὅσος@rpanp ἐθέλω@viaa3s ποιέω@viaa3s καί@b ὡς@cs ὁ@dnms ἀπόστολος@nnmsc γράφω@vipa3s θεσσαλονικεύς@ndmpp ὁ@dnns θέλημα@nnnsc ὁ@dgms θεός@ngmsp ἐν@p χριστός@ndmsp ἰησοῦς@ngmsp εἰμί@vipa3s ὁ@dnms ἄρα@b ὁ@dgms θεός@ngmsp υἱός@nnmsp αὐτός@rpnms εἰμί@vipa3s ὁ@dnms λόγος@nnmsp καί@cs ὁ@dnfs σοφία@nnfsp αὐτός@annfs- ὁ@dnfs φρόνησις@nnfsc καί@cs ὁ@dnfs ζάω@vppanfs βουλή@nnfsc καί@b ἐν@p αὐτός@rpdms ὁ@dnns θέλημα@nnnsc ὁ@dgms πατήρ@ngmsp εἰμί@vipa3s αὐτός@annms- ἀλήθεια@nnfsc καί@cs φάος@nnnsc καί@cs δύναμις@nnfsc ὁ@dgms πατήρ@ngmsp εἰμί@vipa3s εἰ@cs δέ@b ὁ@dnfs βούλησις@nnfsc ὁ@dgms θεός@ngmsp ὁ@dnfs σοφία@nnfsp εἰμί@vipa3s καί@cs ὁ@dnfs φρόνησις@nnfsc ὁ@dnms δέ@b υἱός@nnmsp εἰμί@vipa3s ὁ@dnfs σοφία@nnfsp ὁ@dnms ἄρα@b λέγω3@vppanms βούλομαι@vifa3s ὁ@dams υἱός@namsp ἴσος@anams- λέγω3@vipa3s ὁ@ddns ὁ@dafs σοφία@nafsp ἐν@p σοφία@ndfsp γίγνομαι@vnra-- καί@cs ὁ@dams υἱός@namsp ἐν@p υἱός@andms- ποιέω@vnre-- καί@cs διά@p ὁ@dgms λόγος@ngmsp ὁ@dams λόγος@namsp κτίζω@vnre-- οὗτος@rpnns δέ@b καί@cs ὁ@ddms θεός@ndmsp μάχομαι@vipe3s καί@cs ὁ@ddfp παρά@p αὐτός@rpgms γραφή@ndfpc ἐναντιόομαι@vipe3s καί@b γάρ@b καί@b ὁ@dnms ἀπόστολος@nnmsc οὐ@b βούλησις@ngfsc ἀλλά@cs αὐτός@angfs- ὁ@dgfs πατρικός@angfs- οὐσία@ngfsc ἴδιος@anans- ἀπαύγασμα@nansc καί@cs χαρακτήρ@namsc ὁ@dams υἱός@namsp κηρύσσω@vipa3s λέγω3@vppanms ὅς@rpnms εἰμί@vppanms ἀπαύγασμα@nnnsc ὁ@dgfs δόξα@ngfsc καί@cs χαρακτήρ@nnmsc ὁ@dgfs ὑπόστασις@ngfsc αὐτός@rpgms εἰ@cs δέ@b ὡς@cs προερέω@vira1p ἐκ@p βούλησις@ngfsc οὐ@b εἰμί@vipa3s ὁ@dnfs πατρικός@annfs- οὐσία@nnfsc καί@cs ὑπόστασις@nnfsc εὔδηλος@annns- ὡς@cs οὐ@b τε@cs ὁ@dnns ἴδιος@annns- ὁ@dgfs πατρικός@angfs- ὑπόστασις@ngfsc ἐκ@p βούλησις@ngfsc ἄν@b εἰμί@vopa3s ὁποῖος@annfs- γάρ@b εἰμί@vspa3s καί@cs ὡς@cs ἐάν@cs εἰμί@vspa3s ὁ@dnfs μακάριος@annfs- ἐκεῖνος@annfs- ὑπόστασις@nnfsc τοιοῦτος@anans- καί@b οὕτως@b εἰμί@vnpa-- καί@b ὁ@dnns ἴδιος@anans- ἐκ@p αὐτός@rpgfs γέννημα@nansc δεῖ@vipa3s καί@cs αὐτός@rpnms γοῦν@b ὁ@dnms πατήρ@nnmsp οὐ@b λέγω@viaa3s οὗτος@rpnms εἰμί@vipa3s ὁ@dnms βούλομαι@ndfsc ἐγώ@rpgcs γίγνομαι@vpranms υἱός@nnmsp οὐ@b δέ@cs ὅς@rpams κατά@p εὐδοκία@nafsc ἔχω@viaa1s υἱός@namsp ἀλλά@b ἁπλῶς@b ὁ@dnms υἱός@nnmsp ἐγώ@rpgcs καί@cs μᾶλλον@b ἐν@p ὅς@rpdms εὐδοκέω@viaa1s δείκνυμι@vppanms ἐκ@p οὗτος@rpgnp ὅτι@cs φύσις@ndfsc μέν@b οὗτος@rpnms εἰμί@vipa3s υἱός@nnmsp ἐν@p αὐτός@rpdms δέ@b ὁ@dgmp ἐγώ@rpdms δοκέω@vppagmp ὁ@dnfs βούλησις@nnfsc ἀπόκειμαι@vipe3s"
"inc. et c. Ar._66","66@ ἆρα@rpdfs οὖν@b ἐπεί@cs φύσις@ndfsc καί@cs μή@b ἐκ@p βούλησις@ngfsc εἰμί@vipa3s ὁ@dnms υἱός@nnmsp ἤδη@b καί@cs ἀθέλητος@annms- εἰμί@vipa3s ὁ@ddms πατήρ@ndmsp καί@cs μή@b βούλομαι@vppegms ὁ@dgms πατήρ@ngmsp εἰμί@vipa3s ὁ@dnms υἱός@nnmsp οὐμενοῦν@b ἀλλά@cs καί@cs ἐθέλω@vpamnms εἰμί@vipa3s ὁ@dnms υἱός@nnmsp παρά@p ὁ@dgms πατήρ@ngmsp καί@cs ὡς@cs αὐτός@rpnms φημί@vipa3s ὁ@dnms πατήρ@nnmsp φιλέω@vipa3s ὁ@dams υἱός@namsp καί@cs πᾶς@ananp- δείκνυμι@vipa3s αὐτός@rpdms ὡς@cs γάρ@b ὁ@dnns εἰμί@vnpa-- ἀγαθός@annms- οὐ@b ἐκ@p βούλησις@ngfsc μέν@b ἄρχω@viam3s οὐ@b μήν@b ἀβούλητος@b καί@cs ἀθέλητος@b εἰμί@vipa3s ἀγαθός@annms- ὅς@rpnns γάρ@b εἰμί@vipa3s οὗτος@rpnns καί@b θελητός@annns- εἰμί@vipa3s αὐτός@rpdms οὕτως@b καί@cs ὁ@dnns εἰμί@vnpa-- ὁ@dams υἱός@namsp εἰ@cs καί@b μή@b ἐκ@p βούλησις@ngfsc ἄρχω@viam3s ἀλλά@cs οὐ@b ἀθέλητος@anams- οὐ@b δέ@cs παρά@p γνώμη@nafsc εἰμί@vipa3s αὐτός@rpd-s ὥσπερ@cs γάρ@b ὁ@dgfs ἴδιος@angfs- ὑπόστασις@ngfsc εἰμί@vipa3s θελητής@nnmsc οὕτως@b καί@b ὁ@dnms υἱός@nnmsp ἴδιος@annms- εἰμί@vppanms αὐτός@rpgms ὁ@dgfs οὐσία@ngfsc οὐ@b ἀθέλητος@annms- εἰμί@vipa3s αὐτός@rpdms ἐθέλω@nvmdp καί@cs φιλέω@vmpe3s τοίνυν@b ὁ@dnms υἱός@nnmsp παρά@p ὁ@dgms πατήρ@ngmsp καί@cs οὕτως@b ὁ@dans ἐθέλω@vnpa-- καί@cs ὁ@dans μή@b ἀβούλητος@ananp- ὁ@dgms θεός@ngmsp τις@rpncs εὐσεβής@b λογίζομαι@vmpe3s καί@cs γάρ@b ὁ@dnms υἱός@nnmsp ὁ@ddfs ἐθέλω@ndfsc ὅς@rpdfs ἐθέλω@vipe3s παρά@p ὁ@dgms πατήρ@ngmsp οὗτος@rpdfs καί@cs αὐτός@annms- ἀγαπάω@viia3s καί@b ἐθέλω@vipa3s καί@cs τιμάω@vipa3s ὁ@dams πατήρ@namsp καί@cs εἷς@annns- εἰμί@vipa3s θέλημα@nnnsc ὁ@dnns ἐκ@p πατήρ@ngfsp ἐν@p υἱός@andms- ὡς@cs καί@b ἐκ@p οὗτος@rpgns θεωρέω@vnpe-- ὁ@dams υἱός@namsp ἐν@p ὁ@ddms πατήρ@ndnsp καί@cs ὁ@dams πατήρ@namsp ἐν@p ὁ@ddms υἱός@ndmsp μή@b μέντοι@b κατά@p οὐαλεντῖνος@namsp προηγέομαι@vppeafs τις@rpncs βούλησις@nafsc ἐπεισάγω@vmpa3s μη@b δέ@cs μέσος@anams- τις@rpnms ἑαυτοῦ@rpams ὠθέω@vmpa3s ὁ@dgms μόνος@angms- πατήρ@ngmsp πρός@p ὁ@dams μόνος@anams- λόγος@namsp πρόφασις@ndfsc ὁ@dgns βουλεύω@vnpe-- μαίνομαι@vope3s γάρ@b ἄν@b τις@rpnms μεταξύ@p τίθημι@vppanms πατήρ@ngmsp καί@cs υἱός@ngmsp βούλησις@nafsc καί@cs σκέψις@nafsc καί@cs γάρ@b ἕτερος@annns- εἰμί@vipa3s λέγω3@vnpa-- βούλομαι@ndfsc γίγνομαι@vira3s ἕτερος@anans- δέ@b ὅτι@cs ἴδιος@anams- εἰμί@vppaams φύσις@ndfsc ὁ@dams υἱός@namsp αὐτός@rpgms ἀγαπάω@vipa3s καί@cs ἐθέλω@vipa3s αὐτός@rpams ὁ@dnns μέν@b γάρ@b λέγω3@vnpa-- ἐκ@p βούλησις@ngfsc γίγνομαι@vira3s πρῶτος@b μέν@b ὁ@dans μή@b εἰμί@vnpa-- ποτέ@b οὗτος@rpams σημαίνω@vipa3s ἔπειτα@b δέ@b καί@cs ὁ@dafs ἐπί@p ἄμφω@rpgfp ῥοπή@nafsc ἔχω@vipa3s καθά@cs ἐρῶ@vire3s ὥστε@cs δύναμαι@vnpe-- τις@rpams νοέω@vnpa-- ὅτι@cs δύναμαι@viam3s καί@cs μή@b βούλομαι@vnpe-- ὁ@dams υἱός@namsp ἐπί@p υἱός@ngmsp δέ@b λέγω3@vnpa-- δύναμαι@viam3s καί@b μή@b εἰμί@vnpa-- δυσσεβής@annns- εἰμί@vipa3s καί@cs φθάνω@vppanns εἰς@p ὁ@dafs ὁ@dgms πατήρ@ngmsp οὐσία@nafsc ὁ@dnns τόλμημα@nnnsc εἰ@cs ὁ@dans ἴδιος@anans- αὐτός@rpgfs δύναμαι@viam3s μή@b εἰμί@vnpa-- ὅμοιος@annns- γάρ@b ὡς@cs εἰ@cs λέγω3@viie3s δύναμαι@viam3s καί@b μή@b εἰμί@vnpa-- ἀγαθός@annms- ὁ@dnms πατήρ@nnmsp ἀλλά@cs ὥσπερ@cs ἀγαθός@annms- ἀεί@b καί@b ὁ@ddfs φύσις@ndfsc οὕτως@b ἀεί@b γεννητικός@annms- ὁ@ddfs φύσις@ndfsc ὁ@dnms πατήρ@nnmsp ὁ@dans δέ@b λέγω3@vnpa-- ὁ@dnms πατήρ@nnmsp ἐθέλω@vipa3s ὁ@dams υἱός@namsp καί@cs ὁ@dnms λόγος@nnmsp ἐθέλω@vipa3s ὁ@dams πατήρ@namsp οὐ@b βούλησις@nafsc προηγέομαι@vppeafs δείκνυμι@vipa3s ἀλλά@cs φύσις@ngfsc κηδεμονικότης@nafsc καί@cs οὐσία@ngfsc ἰδιότης@nafsc καί@cs ὁμοίωσις@nafsc γνωρίζω@vipa3s ὡς@b γάρ@b καί@cs ἐπί@p ὁ@dgns ἀπαύγασμα@ngnsc ἄν@b τις@rpncs εἶπον@voaa3s καί@cs ὁ@dgms φώς@ngmsc ὅτι@cs ὁ@dnns ἀπαύγασμα@nnnsc οὐ@b ἔχω@vipa3s μέν@b βούλησις@nafsc προηγέομαι@vppeafs ἐν@p ὁ@ddms φώς@ndmsc εἰμί@vipa3s δέ@b φύσις@ndfsc αὐτός@rpgns γέννημα@nnnsc ἐθέλω@vppeams παρά@p ὁ@dgms φώς@ngmsc ὁ@dgms καί@cs γεννάω@vpaagms αὐτός@rpans οὐ@b ἐν@p σκέψις@ndfsc βούλησις@ngfsc ἀλλά@cs φύσις@ndfsc καί@cs ἀλήθεια@ndfsc οὕτως@b καί@b ἐπί@p ὁ@dgms πατήρ@ngmsp καί@cs ὁ@dgms υἱός@ngmsp ὀρθός@b ἄν@b τις@rpnms εἶπον@voaa3s ὅτι@cs ὁ@dnms πατήρ@nnmsp ἀγαπή@viia3s καί@cs ἐθέλω@vipa3s ὁ@dams υἱός@namsp καί@cs ὁ@dnms υἱός@nnmsp ἀγαπάω@vipa3s καί@cs ἐθέλω@vipa3s ὁ@dams πατήρ@namsp"
"inc. et c. Ar._67","67@ οὐκοῦν@b μή@b λέγω@vmpe3s θέλημα@ngnsc δημιούργημα@nnnsc ὁ@dnms υἱός@nnmsp μη@b δέ@b ὁ@dnnp οὐαλεντῖνος@ngmsp ἐπεισάγω@vmpe3s ὁ@ddfs ἐκκλησία@ndfsc ἀλλά@cs βουλή@nnfsc ζάω@vppanfs καί@cs ἀληθής@b φύσις@ndfsc γέννημα@nnnsc ὡς@cs ὁ@dgms φώς@ngmsc ὁ@dnns ἀπαύγασμα@nnnsc οὕτως@b γάρ@b καί@cs ὁ@dnms μέν@b πατήρ@nnmsp ἐρῶ@vira3s ἐκλέγω@viam3s ὁ@dnfs καρδία@nnfsc ἐγώ@rpgcs λόγος@namsp ἀγαθός@anams- ὁ@dnms δέ@b υἱός@nnmsp ἀκόλουθος@b ἐγώ@rpncs ἐν@p ὁ@ddms πατήρ@ndnsp καί@cs ὁ@dnms πατήρ@nnmsp ἐν@p ἐγώ@rpdcs εἰ@cs δέ@b ὁ@dnms λόγος@nnmsp ἐν@p καρδία@ndfsc ποῦ@b ὁ@dnfs βούλησις@nnfsc καί@cs εἰ@cs ὁ@dnms υἱός@nnmsp ἐν@p ὁ@ddms πατήρ@ndmsp ποῦ@b ὁ@dnfs θέλησις@nnfsc καί@cs εἰ@cs ὁ@dnfs βούλησις@nnfsc αὐτός@rpnfs πῶς@b ἐν@p βούλομαι@ndfsc ὁ@dnfs βουλή@nnfsc ἄτοπος@annns- γάρ@b ἵνα@cs μή@b καί@b ἐν@p λόγος@ndmsc ὁ@dnms λόγος@nnmsp καί@cs ὁ@dnms υἱός@nnmsp ἐν@p υἱός@ndmsc καί@cs ὁ@dnfs σοφία@nnfsp ἐν@p σοφία@ndfsc γίγνομαι@vspe3s καθά@cs πολλάκις@b ἐρῶ@vire3s πᾶς@nnmsp γάρ@b εἰμί@vipa3s ὁ@dnms υἱός@nnmsp ὁ@dgms πατήρ@ngmsp καί@b οὐδείς@rpnns ἐν@p ὁ@ddms πατήρ@ndnsp πρό@p ὁ@dgms λόγος@ngmsp ἀλλά@b ἐν@vipa3s ὁ@ddms λόγος@ndmsp καί@b ὁ@dnfs βούλησις@nnfsc καί@b διά@p αὐτός@rpgns ὁ@dnnp ὁ@dgns βούλημα@ngnsc εἰς@p ἔργον@nansc τελειόω@vipe3s ὡς@cs δείκνυμι@viaa3p ὁ@dnfp θεῖος2@annfp- γραφή@nnfpc βούλομαι@viie1s δέ@b ὁ@damp ἀσεβής@anamp- οὕτως@b εἰς@p ἀλογία@nafsc πίπτω@vpraamp καί@cs περί@p βούλησις@ngfsc σκέπτομαι@vppeamp νῦν@b ἐρωτάω@vnaa-- μηκέτι@b ὁ@dafp τίκτω@vppaafp αὐτός@rpgmp γυνή@nafpc ἀνά@cs οὗτος@rpnmp πρότερος@b ἐρωτάω@viia3p λέγω3@vppanmp εἰ@cs ἔχω@viia2s υἱός@namsc πρίν@cs γεννάω@vsaa2s ἀλλά@b ὁ@damp πατήρ@nampc καί@cs εἶπον@vnaa-- αὐτός@rpdmp πότερον@anans- βουλεύω@vppenmp γίγνομαι@viam2p πατήρ@nnmpc ἤ1@cs κατά@p φύσις@nafsc καί@cs ὁ@dgfs σύ@rpgmp βούλησις@ngfsc ἤ1@b ὁ@dgfs φύσις@ngfsc καί@cs οὐσία@ngfsc σύ@rpgcp εἰμί@vipa3s ὅμοιος@annnp- ὁ@dnnp τέκνον@nnnpc ἵνα@cs καί@b ἄν@cs παρά@p ὁ@dgmp γονεύς@ngmpc ἐντρέπω@vspa3p παρά@p ὅς@rpgmp ὁ@dans λῆμμα@nansc ὁ@dgfs γένεσις@ngfsc ἀπαιτέω@viaa3p καί@cs παρά@p ὅς@rpgnp ἐλπίζω@viaa3p ἔχω@vnpa-- ὁ@dafs γνῶσις@nafsc ἀποκρίνω@vifp3p γάρ@b αὐτός@rpdmp ὅτι@cs ὅς@rpanp γεννάω@vipa1p οὐ@b ὁ@dgns θέλημα@ngnsc ἀλλά@cs ἐγώ@rpgcp εἰμί@vipa3s ὅμοιος@annnp- οὐ@b δέ@cs προβουλεύω@vpamnmp γίγνομαι@vipe1p γονεύς@nnmpc ἀλλά@cs ὁ@dgfs φύσις@ngfsc ἴδιος@annns- εἰμί@vipa3s ὁ@dnns γεννάω@vppanns ἐπεί@b καί@cs ἐγώ@rpncp ὁ@dgmp τίκτω@vpaagmp εἰμί@vipa1p εἰκών@nnfpc ’@ ἤ1@rpanp τοίνυν@b καταγιγνώσκω@vmpa3p ἑαυτοῦ@rpgmp καί@cs παύω@vmpe3p πυνθάνομαι@vppenmp γυνή@ngfpc περί@p ὁ@dgms υἱός@ngmsp ὁ@dgms θεός@ngmsp ἤ1@cs μανθάνω@vmpa3p παρά@p αὐτός@rpgfp ὅτι@cs οὐ@b βούλομαι@ndfsc γεννάω@vipe3s ὁ@dnms υἱός@nnmsc ἀλλά@cs φύσις@ndfsc καί@cs ἀλήθεια@ndfsc πρέπω@vppanms δέ@b καί@cs ἄμοχθος@vppanms οὗτος@rpdnp ὁ@dnms ἐκ@p ἄνθρωπος@ngmpc ἔλεγχος@nnmsc ἐπεί@cs καί@b ἀνθρώπινος@ananp- περί@p ὁ@dgfs θεότης@ngfsc διαλογίζομαι@vipe3p ὁ@dnmp κακόφρων@annmp- τίς@b τοίνυν@b ἔτι@b μαίνομαι@vipe3p ὁ@dnmp χριστομάχος@nnmpp καί@b οὗτος@rpnns γάρ@b αὐτός@rpgnp ὥσπερ@cs οὖν@b καί@b ὁ@dnnp ἄλλος@annnp- πρόβλημα@nnnpc δείκνυμι@vire3s καί@cs ἐλέγχω@viap3s φαντασία@nnfsc καί@cs μυθοπλαστία@annnp- μόνος@b εἰμί@vppannp καί@b διά@p οὗτος@rpans ὀφείλω@vipa3p καί@b ἄν@cs ὀψέ@b ποτέ@b θεωρέω@vpaanmp εἰς@p ὅσος@anans- ἀφροσύνη@ngfsc πίπτω@vira3p κρημνός@namsc ἀναδύνω@vnaa-- καί@cs φεύγω@vnaa-- ἀπό@p ὁ@dgfs ὁ@dgms διάβολος@ngmsc παγίς@ngfsc νουθετέω@vppenmp παρά@p ἐγώ@rpgcp φιλάνθρωπος@annfs- γάρ@x ὁ@dnfs ἀλήθεια@nnfsc κράζω@vppanfs διαπαντός@angns- εἰ@cs ἐγώ@rpdcs μή@b πιστεύω@vipa2p διά@p ὁ@dafs ὁ@dgns σῶμα@ngnsc περιβολή@nafsc καί@b ἄν@cs ὁ@ddnp ἔργον@ndnpc πιστεύω@vmaa2p ἵνα@cs γιγνώσκω@vsaa2p ὅτι@cs ἐγώ@rpncs ἐν@p ὁ@ddms πατήρ@ndnsp καί@cs ὁ@dnms πατήρ@nnmsp ἐν@p ἐγώ@rpdcs καί@cs ἐγώ@rpncs καί@cs ὁ@dnms πατήρ@nnmsp εἷς@ εἰμί@vipa1p καί@b ὁ@dnms ὁράω@vpranms ἐγώ@rpacs ὁράω@vira3s ὁ@dams πατήρ@namsp ἀλλά@cs ὁ@dnms μέν@b κύριος@nnmsp συνήθης@b φιλανθρωπεύομαι@vipe3s καί@cs ἐθέλω@vipa3s πᾶς@anamp- ἀνορθόω@vnpe-- ὁ@damp κατάγνυμι@vpreamp ὡς@cs ὁ@dnfs αἴνεσις@nnfsc λέγω3@vipa3s ὁ@dgms δαβίδ@ngmsp ὁ@dnmp δέ@b ἀσεβής@annmp- οὐ@b ἐθέλω@vppanmp ἀκούω@vnpa-- κυριακός@ngfsp φωνή@ngfsc οὐ@b δέ@cs φέρω@vppanmp ὁράω@vnpa-- ὁ@dams κύριος@namsp ὑπό@p πᾶς@angmp- ὁμολογέω@vppeams θεός@namsp καί@cs θεός@ngmsp υἱός@namsp περιέρχομαι@vipe3p ὁ@dnmp ἄθλιος@annmp- ὡς@cs ὁ@dnmp κάνθαρος@nnmpc μετά@p ὁ@dgms πατήρ@ngmsc ἑαυτοῦ@rpgmp ὁ@dgms διάβολος@ngmsc πρόφασις@nafpc εἰς@p ἀσέβεια@nafsc ζητέω@vppanmp ποῖος@anafp- οὖν@b ἄρα@b μετά@p οὗτος@rpanp πάλιν@b ἤ1@cs πόθεν@b εὑρίσκω@vnaa-- δύναμαι@vifm3p εἰ@cs μή@b ἄρα@b παρά@p μέν@b ἰουδαῖος@ngmpp καί@cs ὁ@dgms καϊάφας@ngmsp δανείζω@vsam3p ὁ@dafp βλασφημία@nafpc παρά@p ἕλλην@ngmpp δέ@cs λαμβάνω@vsaa3p ὁ@dafs ἀθεότης@nafsc ὁ@dnfp γάρ@b θεῖος2@nnfpc γραφή@nnfpc οὗτος@rpdmp κλείω1@viap3p καί@cs πανταχόθεν@b ἐκ@p αὐτός@rpgfp ἐλέγχω@viap3p ἄφρων@nnmpc καί@cs χριστομάχος@nnmpp"
