"location","text"
"Pun._1.1","καρχηδών@nafsp ὁ@dafs ἐν@p λιβύη@ndfsp φοῖνιξ@nnmpp οἰκίζω@viaa3p ἔτος@ndnpc πεντήκοντα@an---- πρό@p ἅλωσις@ngfsc ἴλιον@ngnsp οἰκιστής@nnmpc δέ@b αὐτός@rpgfs γίγνομαι@viam3p ζώρος@nnmsp τε@b καί@cs καρχηδών@nnmsp ὡς@cs δέ@cs ῥωμαῖος@nnmpp καί@b αὐτός@annmp- καρχηδόνιος@nnmpp νομίζω@vipa3p δίδωμι@nnfsp γυνή@nnfsc τύριος@nnfsp ὅς@rpgfs ὁ@dams ἀνήρ@namsc κατακαίνω@vipa3s πυγμαλίων@nnmsp τύρος@ngmsp τυραννεύω@vppanms καί@cs ὁ@dans ἔργον@nansc ἀποκρύπτω@viia3s ὁ@dnfs δέ@b ἐκ@p ἐνύπνιον@ngnsc ὁ@dams φόνος@namsc ἐπιγιγνώσκω@viaa3s καί@cs μετά@p χρῆμα@ngnpc πολύς@angnp- καί@cs ἀνήρ@ngmpc ὅσος@annmp- πυγμαλίων@ngmsp τυραννίς@nafsc φεύγω@viia3p ἀφικνέομαι@vipe3s πλέω@vppanfs λιβύη@ngfsp ἔνθα@b νῦν@b εἰμί@vipa3s καρχηδών@nnfsp ἐξωθέω@vppenmp δέ@b ὑπό@p ὁ@dgmp λίβυον@ngmpp δέω2@viie3p χωρίον@nansc εἰς@p συνοικισμός@namsc λαμβάνω@vnaa-- ὅσος@anans- ἄν@b βύρσα@nnfsc ταῦρος@ngmsc περιλαμβάνω@voaa3s ὁ@ddmp δέ@b ἐμπίτνω@viia3s μέν@b τις@rpans καί@b γέλως@ngmsc ἐπί@p ὁ@ddfs ὁ@dgmp φοῖνιξ@ngmpp μικρολογία@ndfsc καί@cs αἰδέομαι@viie3p ἀντεῖπον@vnaa-- περί@p οὕτως@b βραχύς@angnss μάλιστα@b δέ@b ἀπορέω@viia3p ὅπως@cs ἄν@b πόλις@nnfsc ἐν@p τηλικοῦτος@andns- διάστημα@ndnsc γίγνομαι@voam3s καί@cs ποθέω@vppanmp εἶδον@vnaa-- ὅς@rpnns τις@annns- εἰμί@vipa3s αὐτός@rpdmp οὗτος@annns- ὁ@dnns σοφός@annns- συντίθημι@viam3p δίδωμι@vnfa-- καί@cs ἐπόμνυμι@viaa3p ὁ@dnmp δέ@b ὁ@dans δέρμα@nansc περιτέμνω@vpaanmp εἰς@p ἱμάς@namsc εἷς@anams- στενός@anamss περιτίθημι@viaa3p ἔνθα@b νῦν@b εἰμί@vipa3s ὁ@dnfs καρχηδόνιος@ngmpp ἀκρόπολις@nnfsc καί@b ἀπό@p ὅδε@rpgns βύρσα@nnfsp ὀνομάζω@vipe3s"
"Pun._1.2","χρόνος@ndmsc δέ@b ἐντεῦθεν@b ὁρμάω@vppenmp καί@cs ὁ@dgmp περίοικος@angmp- ἀμείνων@annmpc εἰμί@vppanmp εἰς@p χείρ@nafpc ἔρχομαι@vnaa-- ναῦς@ndfpc τε@b χράομαι@vppenmp καί@cs ὁ@dafs θάλασσα@nafsc οἷος@ananp- φοῖνιξ@nnmpp ἐργάζομαι@vppenmp ὁ@dafs πόλις@nafsc ὁ@dafs ἔξω@p ὁ@ddfs βύρσα@ndfsp περιτίθημι@viaa3p καί@b δυναστεύω@vppanmp ἤδη@b λιβύη@ngfsp κρατέω@viia3p καί@cs πολύς@angfs- θάλασσα@ngfsc ἔκδημος@anamp- τε@cs πόλεμος@nampc στρατεύω@viia3p εἰς@p σικελία@nafsp καί@b σαρδώ@nafsp καί@cs νῆσος@nafpc ἄλλος@anafp- ὅσος@annfp- ὅδε@angfs- ὁ@dgfs θάλασσα@ngfsc εἰμί@vipa3p καί@cs εἰς@p ἰβηρία@nafsp πολλαχῆ@b δέ@b καί@b ἀποικία@ngfsc ἐκπέμπω@viia3p ὅς@dnfs τε@b ἀρχή@nnfsc αὐτός@rpdmp γίγνομαι@viam3s δύναμις@ndfsc μέν@b ἀξιόμαχος@annfs- ὁ@ddfs ἑλληνικός@andfs- περιουσία@ndfsc δέ@cs μετά@p ὁ@dafs περσικός@anafs- ἑπτακόσιοι@andnp- δέ@b αὐτός@rpamp ἔτος@ndnpc ἀπό@p ὁ@dgms συνοικισμός@ngmsc ῥωμαῖος@nnmpp σικελία@nafsp ἀφαιρέω@viam3p καί@cs σαρδώ@nafsp μετά@p σικελία@nafsp δεύτερος@andms- δέ@cs πόλεμος@ndmsc καί@b ἰβηρία@nafsp εἰς@p τε@b ὁ@dafs ἀλλήλων@rpgmp ἐμβάλλω@vpaanmp μέγας@andmp- στρατός@ndmpc ὁ@dnmp μέν@b ἀννίβας@ngmsp σφεῖς@rpgmp ἡγέομαι@vppmgms ὁ@dafs ἰταλία@nafsp πορθέω@viia3p ἑκκαίδεκα@an---- ἔτος@ndnpc ἑξῆς@b ὁ@dnmp δέ@cs λιβύη@nafsp κορνήλιος@ngmsp σκίπιωνος@ngmsp ὁ@dgms πρεσβύτερος@angms- σφεῖς@rpgmp στρατηγέω@vppagms μέχρι@cs ὁ@dafs ἡγεμονία@nafsc καρχηδόνιος@nampp ἀφαιρέω@viam3p καί@b ναῦς@nafpc καί@cs ἐλέφας@nampc καί@cs χρῆμα@nanpc σφεῖς@rpdmp ἐπιτάσσω@viaa3p εἰσφέρω@vnaa-- ἐν@p χρόνος@ndmsc δεύτερος@annfp- τε@b σπονδή@nnfpc ῥωμαῖος@ndmpp καί@cs καρχηδόνιος@ndmpp ὅδε@annfp- διαμένω@viaa3p εἰς@p ἔτος@nanpc πεντήκοντα@an---- μέχρι@cs λύω@vpaanmp αὐτός@rpafp τρίτος@anams- πόλεμος@namsc καί@cs τελευταῖος@anams- ἀλλήλων@rpdmp πολεμέω@viaa3p ἐν@p ὅς@rpdms καρχηδών@nafsp ῥωμαῖος@nnmpp κατασκάπτω@viaa3p σκίπιωνος@ngmsp ὁ@dgms νέος@angmsc σφεῖς@rpgmp στρατηγέω@vppagms καί@cs ἐπάρατος@anafs- γιγνώσκω@viaa3p αὖθις@b δέ@x οἰκίζω@viaa3p ἴδιος@andmp- ἀνήρ@ndmpc ἀγχοῦ@b μάλιστα@b ὁ@dgfs πρότερος@angfs- ὡς@cs εὔκαιρος@annns- ἐπί@p λιβύη@ndfsp χωρίον@nnnsc οὗτος@rpgnp ὁ@danp μέν@b ἀμφί@p σικελία@nafsp ὁ@dnfs σικελικός@annfs- γραφή@nnfsc δηλόω@vipa3s ὁ@danp δέ@cs ἐν@p ἰβηρίη@ndfsp γίγνομαι@vpamanp ὁ@dnfs ἰβηρικός@annfs- καί@cs ὅσος@ananp- ἀννίβας@nnmsp εἰς@p ἰταλία@nafsp εἰσβάλλω@vpaanms πράσσω@viaa3s ὁ@dnfs ἀννιβιαῖος@annfs- ὁ@danp δέ@b ἐν@p λιβύη@ndfsp γίγνομαι@vpamanp ἀπό@p ἀρχή@ngfsc ὅδε@rpnfs συνάγω@vipa3s"
"Pun._1.3","ἄρχω@viam3p δέ@b αὐτός@rpgmp ἀμφί@p ὁ@dams σικελικός@anams- πόλεμος@namsc ὁ@dnmp ῥωμαῖος@nnmpp ναῦς@ndfpc πεντήκοντα@an---- καί@cs τριακόσιοι@andfp- ἐπιπλέω@vpaanmp εἰς@p λιβύη@nafsp καί@b πόλις@nafpc τις@anafp- αἱρέω@vpaanmp καί@cs στρατηγός@namsc ἐπί@p ὁ@ddfs δύναμις@ndfsc καταλιμπάνω@vpaanmp ἀτίλιος@namsp ῥῆγλος@namsp ὅς@rpnms ἄλλος@anafp- τε@b πόλις@nafpc διακόσιοι@anafp- προσλαμβάνω@viaa3s ὅς@rpnfp καρχηδόνιος@ngmpp ἔχθος@ndnsc πρός@p αὐτός@rpams μετατίθημι@viie3p καί@cs ὁ@dafs χώρα@nafsc ἔπειμι1@vppanms πορθέω@viia3s καρχηδόνιος@nnmpp δέ@b λακεδαιμόνιος@nampp στρατηγός@namsc αἰτέω@viia3p οἴομαι@vppenmp διά@p ἀναρχία@nafsc κακοπραγέω@vnpa-- ὁ@dnmp μέν@b δή@b ξάνθιππος@namsp αὐτός@rpdmp πέμπω@viia3p ὁ@dnms δέ@cs ἀτίλιος@nnmsp ἀμφί@p λίμνη@ndfsc στρατοπεδεύω@vppanms ὥρα@ndfsc ψῦχος@ngnsc περιώδευον@viia3s ὁ@dafs λίμνη@nafsc ἐπί@p ὁ@damp πολέμιος@nampc ὅπλον@ngnpc τε@b βάρος@ndnsc καί@b πνίγω@vipa3s καί@b δίψος@ndfsc καί@cs ὁδοιπορία@ndfsc κακοπαθέω@angnp- καί@cs βάλλω@vppenms ἀπό@p κρημνός@ngmpc ἄνωθεν@b ὡς@cs δέ@b πλησιάζω@viaa3s περί@p ἑσπέρα@nafsc καί@cs ποταμός@nnmsc αὐτός@rpamp διείργω@viia3s ὁ@dnms μέν@b εὐθύς2@b περάω@viia3s ὁ@dams ποταμός@namsc ὡς@b καί@b ὅδε@rpdms ὁ@dams ξάνθιππος@namsp ἐκπλήσσω@vpfanms ὁ@dnms δέ@cs συντάσσω@vpreafs ὁ@dafs στρατιά@nafsc ἐπαφίημι@vipa3s διά@p ὁ@dgfp πύλη@ngfpc ἐλπίζω@vpaanms κάμνω@vpragms καί@cs κακοπαθέω@vppagms περίειμι1@vnfm-- καί@cs ὁ@dafs νύξ@nafsc πρός@p ὁ@dgmp νικάω@vppagmp εἰμί@vnfm-- ὅδε@angfs- μέν@b οὖν@b ὁ@dgfs ἐλπίς@ngfsc ὁ@dnms ξάνθιππος@nnmsp οὐ@b ἀποτυγχάνω@viaa3s ἀπό@p γάρ@b τρισμύριοι@angmp- ἀνήρ@ngmpc ὅς@rpamp ὁ@dnms ἀτίλιος@nnmsp ἄγω@viia3s ὀλίγος@annmp- μόλις@b αὐτός@rpgmp εἰς@p ἀσπίς@nafsp πόλις@nafsc διαδιδράσκω@viaa3p ὁ@dnmp δέ@cs λοιπός@annmp- πᾶς@annmp- ὁ@dnmp μέν@b ἀπόλλυμι@viam3p ὁ@dnmp δέ@cs ζωγρέω@viap3p καί@b μετά@p αὐτός@rpgmp ὁ@dnms στρατηγός@nnmsc ἀτίλιος@nnmsp ὕπατος@nnmsc γίγνομαι@vpranms αἰχμάλωτος@annms- εἰμί@viia3s"
"Pun._1.4","ὅδε@rpams μέν@b δή@b μετά@b οὐ@b πολύς@anans- κάμνω@vppanmp ὁ@dnmp καρχηδόνιος@nnmpp σύν@p οἰκεῖος@andmp- πρέσβυς@ndmpc πέμπω@viaa3p εἰς@p ῥώμη@nafsp ἐργάζομαι@vpfeafs σφεῖς@rpdmp διαλλαγή@nafpc ἤ1@cs ἐπανήκω@vpfaams καί@b ὁ@dnms ἀτίλιος@nnmsp ῥῆγλος@nnmsp ἐν@p ἀπόρρητος@andns- ὁ@ddnp τέλος@ndnpc ῥωμαῖος@ngmpp ἐπισκήπτω@vpaanms ἐγκρατής@b ἔχω@vnpe-- ὁ@dgms πόλεμος@ngmsc ἐπανέρχομαι@viaa3s εἰς@p λύμη@nafsc ἑτοῖμος@anafs- καί@cs αὐτός@rpams ὁ@dnmp καρχηδόνιος@nnmpp κατείργω@vpaanmp ἐν@p γαλέη@ndfsc κέντρον@nanpc πάντοθεν@b ἔχω@vppadfs διαφθείρω@viaa3p ξάνθιππος@ndmsp δέ@b ὁ@dnns εὐτύχημα@nnnsc συμφορά@ngfpc ἄρχω@viaa3s καρχηδόνιος@nnmpp γάρ@b αὐτός@rpams ἵνα@cs μή@b δοκέω@vopa3s λακεδαιμόνιος@ngmpp ἔργον@nnnsc εἰμί@vnpa-- τοσοῦτος@anams- ὑποκρίνομαι@vpamnmp τιμάω@vnpa-- δωρεά@ndfpc πολύς@andfp- καί@cs προπέμπω@vnpa-- ἐπί@p τριήρης@ngfpc εἰς@p λακεδαίμων@nafsp ὁ@ddmp τριήραρχος@ndmpc ἐντέλλω@viam3p μετά@p ὁ@dgmp συμπλέω@vppagmp λάκων@ngmpp καταποντίζω@vnaa-- ὁ@dnms μέν@b δή@b δίκη@nafsc δίδωμι@viaa3s ὅδε@anafs- εὐπραξία@ngfsc καί@cs ὅδε@rpnnp εἰμί@viia3s ὁ@dgms πρῶτος@angms- πόλεμος@ngmsc ῥωμαῖος@ndmpp περί@p λιβύη@nafsp εὐπράγημα@nnnpc τε@b καί@cs ἀτύχημα@nnnpc μέχρι@cs καρχηδόνιος@nnmpp σικελία@ngfsp ῥωμαῖος@ndmpp ἀφίστημι@viaa3p ὅπως@cs δέ@b ἀφίστημι@viaa3p ἐν@p ὁ@ddfs σικελικός@andfs- γραφή@ndfsc δηλόω@vire3s"
"Pun._1.5","μετά@p δέ@b οὗτος@rpans ῥωμαῖος@ndmpp μέν@b καί@cs καρχηδόνιος@ndmpp εἰρηναῖος@annnp- εἰμί@viia3s εἰς@p ἀλλήλων@rpamp λίβυς@nnmpp δέ@cs ὅσος@annmp- καρχηδόνιος@ngmpp εἰμί@vppanmp ὑπήκοος@annmp- συμμαχεών@vila3p αὐτός@rpdmp ἐπί@p σικελία@nafsp καί@cs κελτοί@ngmpp ὅσος@annmp- μισθοφορέω@vila3p ἔγκλημα@nanpc τις@ananp- μισθόω@ngfpc καί@cs ὑπόσχεσις@ngfpc εἰς@p ὁ@damp καρχηδόνιος@nampp ἔχω@vppanmp πολεμόω@viia3p αὐτός@rpdmp μάλα@b καρτερός@b ὁ@dnmp δέ@b ῥωμαῖος@nampp εἰς@p συμμαχία@nafsc ὡς@b φίλος@nampc καλέω@viia3p καί@cs αὐτός@rpamp ὁ@dnmp ῥωμαῖος@nnmpp ξενολογέω@vnpa-- εἰς@p μόνος@anams- ὅδε@anams- ὁ@dams πόλεμος@namsc ἀπό@p ὁ@dgfs ἰταλία@ngfsp ἐφίημι@viaa3p ἀπόἐρῶ@vilm3s γάρ@b ἐν@p ὁ@ddfp σπονδή@ndfpc καί@b ὅδε@rpnns πέμπω@viaa3p δέ@b καί@b διαλλακτήρ@nampc ὅς@rpdmp ὁ@dnmp λίβυς@nnmpp οὐ@b ὑπακούω@viia3p ἀλλά@cs ὁ@dafp πόλις@nafpc δηλόω@viaa3p ὑπήκους@anafp- εἰμί@vnpa-- ῥωμαῖος@ngmpp εἰ@cs ἐθέλω@vopa3p ὁ@dnmp δέ@b οὐ@b δέχομαι@viam3p καρχηδόνιος@nnmpp δέ@b ναυτικός@ndnsc πολύς@andns- ὁ@ddfp πόλις@ndfpc ἐφεδρεύω@vppanmp ὁ@dafs ἀγορά@nafsc αὐτός@rpgmp ἀφαιρέω@viie3p ὁ@dafs ἐκ@p ὁ@dgfs θάλασσα@ngfsc ἄσπορος@angfs- δέ@cs καί@b ὁ@dgfs γῆ@ngfsc ὡς@b ἐν@p πόλεμος@ndmsc γίγνομαι@vpamgfs λίβυον@ngmpp μέν@b διά@p ὁ@dams λιμός@namsc κρατέω@viia3p ἔμπορος@nampc δέ@cs ὅσος@annmp- παραπλέω@viia3p λῃστεύω@viia3p ἐκ@p ἀπορία@ngfsc ὁ@damp δέ@b ῥωμαῖος@ngmpp καί@b κτείνω@vppanmp βάλλω@viia3p εἰς@p ὁ@dans πέλαγος@nansc ἵνα@cs λανθάνω@vopa3p καί@b διαλανθάνω@viaa1s ἐπί@p πολύς@anans- γιγνώσκω@vpapgns δέ@b ὁ@dgns γίγνομαι@vppegns ποινή@nafsc αἰτέω@vppenmp διωθέω@viie3p μέχρι@cs ῥωμαῖος@ngmpp ἐπιστρατεύω@vnpa-- αὐτός@rpdmp ψηφίζω@vpamgmp σαρδώ@nnfsp ποινή@nafsc δίδωμι@viaa3p καί@b ὅδε@rpnns ὁ@ddfp πρότερος@andfp- συνθήκη@ndfpc ἐγγράφω@viap3s"
"Pun._2.6","οὐ@b πολύς@anans- δέ@b ὕστερος@anans- ὁ@dnmp καρχηδόνιος@nnmpp στρατεύω@vipa3p εἰς@p ἰβηρία@nafsp καί@cs αὐτός@rpafs κατά@p μέρος@nansc ὑπάγω@viie3p μέχρι@cs ζακανθαῖος@ngmpp ἐπί@p ῥωμαῖος@nampp καταφεύγω@vpaagmp καρχηδόνιος@ndmpp ὅρος@nnmsc ἐν@p ἰβηρίη@ndfsp γίγνομαι@vipe3s μή@b διαβαίνω@vnpa-- ὁ@dams ἴβηρ@namsp ποταμός@namsc καί@b ὅδε@anafp- αὖ@b ὁ@dafp σπονδή@nafpc λύω@viaa3p καρχηδόνιος@nnmpp περάω@vpaanmp ἀννίβας@ngmsp σφεῖς@rpgmp ἡγέομαι@vppmgms διαβαίνω@vpaanmp δέ@b ὁ@dnms μέν@b ἀννίβας@nnmsp διαστρατηγέω@vnpa-- ἕτερος@andmp- ὁ@danp ἐν@p ἰβηρία@nanpp καταλιμπάνω@vpaanms εἰς@p ὁ@dafs ἰταλία@nafsp εἰσβάλλω@viaa3s στρατηγός@nnmpc δέ@b ῥωμαῖος@ngmpp ἐν@p ἰβηρίη@ndfsp πόπλιος@nnmsp τε@b κορνήλιος@nnmsp σκιπίων@nnmsp καί@cs γναῖος@nnmsp κορνήλιος@nnmsp σκιπίων@nnmsp ἀλλήλων@angmd- ἀδελφός@nnmdc λαμπρός@ananp- ἔργον@nanpc ἀποδείκνυμι@vppegns θνήσκω@vipa3d ἄμφω@annmd- πρός@p ὁ@dgmp πολέμιος@ngmpc καί@b ὁ@dnmp μετά@p αὐτός@rpamp στρατηγός@nnmpc κακός@b πράσσω@viia3p μέχρι@cs σκιπίων@nnmsp ὁ@dnms πόπλιος@ngmsp σκίπιωνος@ngmsp ὅδε@angms- ὁ@dgms περί@p ἰβηρία@nafsp ἀναιρέω@vpapgms υἱός@nnmsc ἐπιπλέω@vpaanms καί@b δόξα@nafsc ἅπας@andmp- ἐμβάλλω@vpaanms ὡς@cs ἥκω@vopa3s κατά@p θεός@namsc καί@cs δαιμόνιος@andms- χράομαι@vope3s σύμβουλος@ndmsc περί@p ἅπας@angnp- κρατέω@viia3s τε@b λαμπρός@b καί@cs ἐπί@p δόξα@ngfsc ἐκ@p ὅδε@rpgns πολύς@angfs- γίγνομαι@vpamnms ὁ@dafs μέν@b στρατηγία@nafsc ὁ@ddmp εἰς@p διαδοχή@nafsc ἐπιπέμπω@vpapdmp παραδίδωμι@viaa3s εἰς@p δέ@cs ῥώμη@nafsp ἐπανέρχομαι@vpfanms ἀξιόω@viia3s πέμπω@vnap-- στρατηγός@nnmsc εἰς@p λιβύη@nafsp ὡς@b ἀνίστημι@vpfanms ἀννίβας@namsp ἐκ@p ἰταλία@ngfsp καί@cs καρχηδόνιος@ndmpp δίκη@nafsc ἐπιτίθημι@vpfanms ἐν@p ὁ@ddfs πατρίς@ndfsc"
"Pun._2.7","ὁ@dgmp δέ@b πολιτεύω@vppegmp ὁ@dnmp μέν@b ἀντιλέγω@viia3p οὐ@b χρή@vnpa-- κενόω@vpregfs ἄρτι@b ὁ@dgfs ἰταλία@ngfsp τοσόσδε@andmp- πόλεμος@ndmpc καί@cs πορθέω@vppegfs ἔτι@b πρός@p ἀννίβας@ngmsp καί@cs μάγων@ngmsp ἐν@p πλευρά@ndfpc ἐπί@p αὐτός@rpafs λίγυες@nampp τε@b καί@cs κελτοί@nampp ξενολογέω@vppagms εἰς@p λιβύη@nafsp στρατεύω@vnpa-- οὐ@b δέ@cs ὁ@dafs ἀλλότριος@anafs- χειρόω@vnpe-- πρίν@cs ὁ@dafs οἰκεῖος@anafs- ἀπαλλαξείω@vnaa-- ὁ@dgmp πάρειμι1@vppagmp ὁ@dnmp δέ@b οἴομαι@viie3p καρχηδόνιος@nampp νῦν@b μέν@b ἀδεής@anamp- εἰμί@vppaamp ἐφεδρεύω@vnpa-- ὁ@ddfs ἰταλία@ndfsp οὐδείς@rpans ἐνοχλέω@vppeamp οἴκοι@b πόλεμος@ngmsc δέ@cs οἰκεῖος@angms- σφεῖς@rpdmp γίγνομαι@vpamgms καί@b ἀννίβας@namsp μεταπέμπω@vnfm-- οὕτως@b μέν@b κρατέω@viaa3s πέμπω@vnpa-- εἰς@p λιβύη@nafsp σκιπίων@namsp οὐ@b μήν@b συγχωρέω@viaa3p αὐτός@rpdms καταλέγω@vnpa-- στρατός@namsc ἐκ@p ἰταλία@ngfsp πονέω@vppegfs ἔτι@b πρός@p ἀννίβας@ngmsp ἐθέλω@nampc δέ@b εἰ@cs τις@rpnmp εἰμί@vopa3p ἐπιτρέπω@viaa3p ἐπάγω@vnpe-- καί@cs ὁ@ddmp ἀμφί@p ὁ@dafs σικελία@nafsp ἔτι@b εἰμί@vppadmp χράω@vnpe-- τριήρης@nafpc τε@b δίδωμι@viaa3p αὐτός@rpdms κατασκευάζω@vnam-- δέκα@an---- καί@cs πλήρωμα@nanpc αὐτός@rpdfp λαμβάνω@vnaa-- ἐπισκευάζω@vpfadfs δέ@cs καί@b ὁ@dafp ἐν@p σικελία@nafsp καί@b χρῆμα@nanpc οὐ@b δίδωμι@viaa3p πλήν@p εἰ@cs τις@rpnms ἐθέλω@vopa3s ὁ@ddms σκιπίων@ndmsp κατά@p φιλία@nafsc συμφέρω@vnpa-- οὕτως@b ἀμελής@b ἅπτω@viie3p ὅδε@angms- ὁ@dgms πόλεμος@ngmsc ὁ@danp πρῶτος@ananp- μέγας@angnss σφεῖς@rpdmp καί@cs ἔντιμος@angmss μετά@p ὀλίγος@anans- γίγνομαι@vpamgms"
"Pun._2.8","ὁ@dnms δέ@b σκιπίων@nnmsp ἔνθεος@nampc εἰμί@vppanms ἐπί@p καρχηδών@ndfsp ἐκ@p πολύς@angns- καί@cs τις@anamp- ἱππεύς@nampc τε@b καί@cs πεζός@anamp- εἰς@p ἑπτακισχίλιοι@anamp- μάλιστα@b ἀθροίζω@vpaanms διαπλέω@viaa3s εἰς@p σικελία@nafsp ἔχω@vppanms ἀμφί@p ἑαυτοῦ@rpams ἀρτιγενής@anamp- ἐπίλεκτος@nampc τριακόσιοι@anamp- ὅς@rpdmp ἐρῶ@vile3s χωρίς@p ὅπλον@ngnpc ἕπομαι@vnpe-- σικελοί@ngmpp δέ@b αὖ@b τριακόσιοι@anamp- καταγράφω@vpaanms εὐδαίμων@nampc κελεύω@viaa3s ἥκω@vnpa-- εἰς@p ἡμέρα@nafsc ῥητός@anafs- σκευάζω@vpreamp ὅπλον@ndnpc τε@b καί@cs ἵππος@ndmpc ὅτι@cs δύναμαι@vope3p καλός@andmps ὡς@cs δέ@b ἀφικνέομαι@viam3p προτίθημι@viaa3s εἰ@cs τις@rpnms ἑαυτοῦ@rpgms ἐθέλω@vopa3s ὁ@dams στρατεύω@vpfmams ἀντιδίδωμι@vnaa-- δέχομαι@vpamgmp δέ@b πᾶς@angmp- ἄγω@viaa3s εἰς@p μέσος@anans- ὁ@damp τριακόσιοι@anamp- ὁ@damp ὅπλον@ngnpc ἐρῆμος@anamp- καί@cs εἰς@p ὅδε@rpamp ἐκεῖνος@rpdmp προστάσσω@viaa3s μετασκευάζω@vnam-- ὁ@dnmp δέ@b ἑκών@annmp- παραδίδωμι@viia3p ὅπλον@nanpc καί@cs ἵππος@nampc καί@b περίειμι1@viia3s ὁ@ddms σκιπίων@ndmsp τριακόσιοι@anamp- νέος@anamp- ἰταλιώτης@nampp ἔχω@vnpa-- ἀντί@p σικελιώτης@ngmpp καλός@b ἵππος@ndmpc καί@cs ὅπλον@ndnpc ἀλλότριος@andnp- σκευάζω@vpreamp καί@cs χάρις@nafsc εὐθύς2@b ἐπί@p ὅδε@rpdns οἶδα@vpraamp ὅς@rpdmp δή@b καί@b πρόθυμος@andmps εἰς@p πᾶς@ananp- χράομαι@vppenms διατελέω@viia3s"
"Pun._2.9","καρχηδόνιος@nnmpp δέ@b οὗτος@rpanp πυνθάνομαι@vppenmp ἀσδρούβας@namsp μέν@b ὁ@dams γέσκων@ngmsp ἐπί@p θήρα@nafsc ἐλέφας@ngmpc ἐκπέμπω@viia3p μάγων@ndmsp δέ@cs ἀμφί@p ὁ@dafs λιγυστίνη@nafsp ξεναγέω@vppadms πεζός@nampc ἀποστέλλω@viaa3p εἰς@p ἑξακισχίλιοι@anamp- καί@b ἱππεύς@nampc ὀκτακόσιοι@anamp- καί@cs ἐλέφας@nampc ἑπτά@an---- καί@cs προστάσσω@viia3p αὐτός@rpdms μετά@p ὅσος@angnp- δύναμαι@vope3s ἄλλος@rpgmp εἰσβάλλω@vnaa-- εἰς@p τυρρηνία@nafsp ἵνα@cs ὁ@dams σκιπίων@namsp περισπάω@voaa3s ἐκ@p λιβύη@ngfsp μάγων@nnmsp μέν@b δή@b καί@b τότε@b θραύνω@viia3s ἀννίβας@ndmsp τε@b συνέρχομαι@vnaa-- οὐ@b δύναμαι@vppenms πολύς@anans- διίστημι@vpradms καί@cs ὁ@dans μέλλω@vppaans ἀεί@b περιοράω@vppenms ἀσδρούβας@nnmsp δέ@b ἀπό@p ὁ@dgfs θήρα@ngfsc ἐπανέρχομαι@vpaanms καταλέγω@viia3s καρχηδόνιος@ngmpp τε@b καί@cs λίβυον@ngmpp εἰς@p ἑξακισχίλιοι@anamp- πεζός@anamp- ἑκάτερος@angmp- καί@cs ἱππεύς@nampc ἑξακόσιοι@anamp- δοῦλος@nampc τε@b ἀγοράζω@viia3s πεντακισχίλιοι@anamp- ὁ@dans ναυτικόν@nansc ἐρέσσω@vnpa-- καί@b παρά@p ὁ@dgmp νομάς@ngmpp λαμβάνω@viaa3s δισχίλιοι@anamp- ἱππεύς@nampc καί@b ξένος1@nampc μισθόω@viie3s καί@cs πᾶς@anamp- γυμνάζω@viia3s διακόσιοι@anamp- στάδιον@nampc ἀπέχω@vpaanms ἀπό@p καρχηδών@ngfsp"
"Pun._2.10","νομάς@ngmpp δέ@b ὁ@dgmp ἐν@p λιβύη@ndfsp δυνάστης@nnmpc μέν@b εἰμί@viia3p κατά@p μέρος@nanpc πολύς@annmp- σῦφαξ@nnmsp δέ@cs ὑπέρ@p ἅπας@anamp- καί@cs τιμή@nafsc ἔχω@viia3s πρός@p ὁ@dgmp ἄλλος@rpgmp ἐπιφανής@ananp- μασσύλιος@nnmsp δέ@b αὖ@b γένος@ngnsc ἄλκιμος@angns- παῖς@nnmsc εἰμί@viia3s ὁ@dgms βασιλεύς@ngmsc μασσανάσσης@nnmsp ὅς@rpnms τρέφω@vile3s μέν@b ἐν@p καρχηδών@ndfsp καί@cs παιδεύω@viie3s εἰμί@vppadms δέ@cs αὐτός@rpdms καί@b ὁ@dans σῶμα@nansc καλός@andns- καί@cs ὁ@dams τρόπος@namsc ἄριστος@andmss ἀσδρούβας@nnmsp ὁ@dnms γέσκων@ngmsp οὐδείς@rpgms καρχηδόνιος@ngmpp δεύτερος@annms- ἐγγυάω@viaa3s ὁ@dafs θυγάτηρ@nafsc καίπερ@b εἰμί@vppadms νομάς@ndfsp καρχηδόνιος@annms- εἰμί@vppanms ὡς@cs δέ@b ἀναλύω@viaa3s πήγνυμι@viie3s εἰς@p ἰβηρία@nafsp στρατηγός@vppanms ὁ@dans μειράκιον@nansc σῦφαξ@nnmsp δέ@b κνίζω@viie3s μένω@vpamnms ὑπό@p ἔρως@ngmsc ἐπί@p ὁ@ddfs παῖς@ndfsc ὁ@danp καρχηδόνιος@ngmpp λεηλατέω@viia3s καί@cs σκιπίων@ndmsp διαπλέω@vpaadms πρός@p αὐτός@rpams ἐκ@p ἰβηρία@ngfsp συντίθημι@viam3s συμμαχέω@vnfa-- ἐπί@p καρχηδόνιος@nampp εἶμι@vppadms αἰσθάνομαι@vpamnmp δέ@b ὁ@dnmp καρχηδόνιος@nnmpp καί@cs μέγας@anans- ποιέω@vppenmp εἰς@p ὁ@dams πρός@p ῥωμαῖος@nampp πόλεμος@namsc σῦφαξ@nafsp προσλαμβάνω@vnaa-- ἐκδίδωμι@viaa3p αὐτός@rpdms ὁ@dafs παρθένος@nafsc ἀγνοέω@vppagmp καί@cs εἰμί@vppagmp ἐν@p ἰβηρίη@ndfsp ασδρούβας@ngmsp τε@b καί@cs μασσανάσσης@ngmsp ἐπί@p ὅς@rpdnp ὁ@dnms μασσανάσσης@nnmsp ὑπεραλγέω@vppanms συντίθημι@viie3s καί@b ὅδε@rpnms ἐν@p ἰβηρίη@ndfsp ὁ@ddms σκιπίων@ndmsp λανθάνω@vppanms ὡς@cs οἴομαι@viie3s ἀσδρούβας@nafsp ὁ@dnms δέ@b αἰσθάνομαι@vpamnms βαρύς@b μέν@b φέρω@viia3s ὑπέρ@p ὁ@dgns μειράκιον@ngnsc καί@cs ὁ@dgfs θυγάτηρ@ngfsc ὑβρίζω@vprenmp ἄμφω@angmd- ἡγέομαι@viim3s δέ@cs ὅμως@b ὁ@ddfs πατρίς@ndfsc συμφέρω@vnpa-- ἐκποδών@b μασσανάσσης@nafsp ποιέω@vnam-- καί@cs ἐπανέρχομαι@vppadms εἰς@p λιβύη@nafsp ἐκ@p ἰβηρία@ngfsp ἐπί@p θάνατος@ndmsc ὁ@dgms πατήρ@ngmsc συμπέμπω@viia3s προπομπός@anamp- ἱππεύς@nampc ὅς@rpdmp ἐρῶ@vile3s ἀφανής@b ἐπιβουλεύω@vnpa-- αὐτός@rpdms καί@cs κτείνω@vnpa-- ὅπη@b δύναμαι@vope3p"
"Pun._2.11","ὁ@dnms δέ@b αἰσθάνομαι@vpamnms ἐκφεύγω@viaa3s τε@b καί@cs ὁ@dafs μητρῷος@anafs- ἀρχή@nafsc κρατύνω@viie3s ἱππεύς@nampc ἀθροίζω@vppanms ὅς@rpdmp ἡμέρα@ngfsc τε@b καί@cs νύξ@ngfsc εἰμί@viia3s ἔργον@nnnsc ἀκόντιον@ndnpc πολύς@andnp- χράομαι@vppeamp ἐπελαύνω@vnpa-- ἀεί@b καί@b ἀναχωρέω@vnpa-- καί@cs αὖθις@b ἐπελαύνω@vnpa-- καί@b ὅλος@b εἰμί@vipa3s αὐτός@rpdmp ὁ@dnfs μάχη@nnfsc φυγή@nnfsc καί@cs δίωξις@nnfsc οἶδα@vipa3p δέ@b καί@b λιμός@namsc φέρω@vnpa-- ὁ@dnmp νομάς@nnmpp ὅδε@rpnmp καί@cs ποιέω@rpdfs χράω@vnpe-- πολλάκις@b ἀντί@p σῖτος@ngmsc καί@cs ὁ@dans πάμπαν@b ὑδροποτέω@vipa3p ὅς@dnms τε@b ἵππος@nnmsc αὐτός@rpdmp κριθή@ngfsc μέν@b οὐ@b δέ@cs ὅλος@b γεύω@vipe3s ποηφαγέω@vppanms ἀεί@b πίνω@vipa3s δέ@cs διά@p πολύς@angns- τοιοῦτος@rpamp ὁ@dnms μασσανάσσης@nampp εἰς@p δισμύριοι@anamp- συνάγω@vpaanms ἐξάγω@viia3s ἐπί@p θήρα@nafpc ἤ1@cs λεηλασία@anafp- ἕτερος@angnp- ἔθνος@ngnpc ὅσπερ@rpanp οἴομαι@viie3s καί@b ἔργον@nanpc καί@cs γυμνάσιον@nanpc εἰμί@vnpa-- καρχηδόνιος@nnmpp δέ@b καί@cs σῦφαξ@nnmsp νομίζω@vppanmp ἐπί@p σφεῖς@rpamp εἰμί@vnpa-- ὁ@dafs παρασκευή@nafsc ὁ@dgns μειράκιον@ngnsc οὐ@b γάρ@b ἀγνοέω@viia3p ὅς@rpanp λυπέω@vila3p αὐτός@rpams κρίνω@viaa3p πρότερος@andms- ὅδε@andms- πολεμέω@vnpa-- ἔστε@cs καθαιρέω@vspa3p καί@cs τότε@b ῥωμαῖος@ndmpp ἀπαντάω@vnpa--"
"Pun._2.12","σῦφαξ@nnmsp μέν@b οὖν@b καί@cs καρχηδόνιος@annmp- πλείων@annmpc εἰμί@viia3p παρά@p πολύς@anans- μετά@p δέ@cs ἄμαξα@ngfpc καί@b παρασκευή@ngfsc βαρύς@angfs- καί@cs τρυφή@ngfsc στρατεύω@viie3p μασσανάσσης@nnmsp δέ@b πόνος@ngmpc τε@b πᾶς@andmp- ἐξάρχω@viia3s καί@cs ἱππικός@anans- μόνος@anans- ἔχω@viia3s καί@cs ὑποζύγιον@anans- οὐδείς@anans- οὐ@b δέ@cs ἀγορά@nafsc ὅθεν@b ῥᾴδιος@b ὑποφεύγω@viia3s τε@b καί@b ἐπιχειρέω@viia3s καί@cs εἰς@p ὁ@dnnp ὀχυρός@ananp- ἀναπηδάω@viia3s πολλάκις@b τε@cs καί@b καταλαμβάνω@vppenms διασκίδνημι@viia3s ὁ@dans στράτευμα@nansc ὅπη@b δύναμαι@voap3p ἀποφεύγω@vnpa-- κατά@p μέρος@nanpc καί@b σύν@p ὀλίγος@andmp- αὐτός@rpnms ὑπεκκρύπτω@viie3s ποι@b μέχρι@cs συνέρχομαι@voaa3p αὐτός@rpdms νύξ@ngfsc ἤ1@cs μετά@p ἡμέρα@nafsc εἰς@p ὁ@dans σύγκειμαι@vpreans τρίτος@annms- δέ@b ποτέ@b ἐν@p σπήλαιον@ndnsc κρύπτω@vppenms λανθάνω@viaa3s ὁ@dgmp πολέμιος@ngmpc περί@p ὁ@dans σπήλαιον@nansc στρατοπεδεύω@vppagmp οὐ@b δέ@b εἰμί@vipa3s ὅτε@cs στάθμεύω@viaa3s ἐν@p στρατόπεδον@ndnsc ἀλλά@cs καί@b μάλιστα@b στρατηγέω@viia3s λανθάνω@vnpa-- ὅποι@b ποτέ@b εἰμί@vopa3s ὅθεν@b οὐ@b ἔχω@viia3p αὐτός@rpdms συνεχής@b προεπιχειρέω@vnpa-- ὁ@dnmp πολέμιος@nnmpc ἀλλά@cs ἀμύνω@viie3p ἔπειμι1@vppaams ἀγορά@nnfsc δέ@b εἰμί@viia3s αὐτός@rpdms κατά@p ἕκαστος@anafs- ἡμέρα@nafsc ὅς@rpans τις@anans- περί@p ἑσπέρα@nafsc καταλαμβάνω@voaa3s χωρίον@nansc ἤ1@b κώμη@nafsc ἤ1@cs πόλις@nafsc ληίζομαι@vppedms τε@b πᾶς@ananp- καί@b διαρπάζω@vppadms καί@cs μερίζω@vppedms ὁ@ddmp σύνειμι@vppadmp ὅθεν@b αὐτός@rpdms πολύς@annmp- ὁ@dgmp νομάς@ngmpp ἐπιφοίτα@viia3p μισθός@nampc μέν@b οὐ@b δίδωμι@vppadms τάσσω@vpreamp ὁ@dafp δέ@cs ὠφέλεια@nafpc πολύς@anans- πλείων@anafpc ἔχω@vppanmp"
"Pun._3.13","καί@b μασσανάσσης@nnmsp μέν@b καρχηδών@ndmpp οὕτως@b πολεμέω@viia3s ὁ@dnms δέ@cs σκιπίων@nnmsp ἐπεί@cs ὁ@rpdms πᾶς@annnp- εὐτρεπής@annnp- γίγνομαι@vile3s ἐν@p σικελία@ndfsp θύω1@viia3s ζεύς@ndmsp καί@cs ποσειδῶν@ndmsp καί@cs εἰς@p λιβύη@nafsp ἀνάγω@viie3s ἐπί@p ναῦς@ngfpc μακρός@angfp- μέν@b δύο@an---- καί@cs πεντήκοντα@an---- φορτίς@ngfpc δέ@cs τετρακόσιοι@angfp- κέλητες@nnmpc τε@x καί@cs λέμβος@nnmpc πολύς@annmp- συνέπομαι@viie3p αὐτός@rpdms καί@b στρατιά@nafsc ἄγω@viia3s πεζός@anamp- μέν@b ἑξακισχίλιοι@anamp- ἐπί@p μυρίος@andmp- ἱππεύς@nampc δέ@cs χίλιοι@anamp- καί@cs ἑξακόσιοι@anamp- πήγνυμι@viie3s δέ@b καί@b βέλος@nnnpc καί@b ὅπλον@nnnpc καί@b μηχάνημα@nnnpc ποικίλος@annnp- καί@cs ἀλορά@nafsc πολύς@anafs- καί@b σκιπίων@nnmsp μέν@b ὧδε@b διαπλέω@viia3s καρχηδόνιος@nnmpp δέ@cs καί@cs σῦφαξ@nnmsp πυνθάνομαι@vppenmp γιγνώσκω@viaa3p ἐν@p ὁ@ddns πάρειμι1@vppadns ὑποκρίνομαι@vnam-- τε@b μασσανάσσης@nafsp καί@cs εἰς@p φιλία@nafsc ὑπάγω@vnam-- μέχρι@p ὅστις@angns- σκίπιωνος@nnmsp ἐπικρατέω@voaa3p ὁ@dnms δέ@b οὐ@b ἀγνοέω@viia3s μέν@b ἐξαπατάω@vppenms ἀντενεδρεύω@vppanms δέ@cs καί@cs μηνύω@vppanms πᾶς@ananp- ὁ@ddms σκιπίων@ndmsp ἵημι@viia3s πρός@p ὁ@dams ἀσδρούβας@namsp ὡς@b συναλλάσσω@vprenms μετά@p ὁ@dgmp ἴδιος@angmp- ἱππεύς@ngmpc καί@b στρατοπεδεύω@viia3p οὐ@b μακράν@b ἀπό@p ἀλλήλων@rpgmp ἀσδρούβας@nnmsp τε@b καί@b σῦφαξ@nnmsp καί@cs μασσανάσσης@nnmsp περί@p ἰτύκη@nafsp πόλις@nafsc εἰς@p ὅς@rpafs ὁ@dnms σκιπίων@nnmsp κατάγω@vpapnms ὑπό@p ἄνεμος@ngmpc καί@b αὐτός@annms- στρατοπεδεύω@viaa3s περί@p αὐτός@rpafs οὐ@b πολύς@anans- δέ@b ἀπέχω@viia3s ὁ@dnms ἀσδρούβας@nnmsp αὐτός@rpgms στρατιά@nafsc ἔχω@vppanms εἰς@p δισμύριοι@anamp- πεζός@anamp- καί@b ἱππεύς@nampc ἑπτακισχίλιοι@anamp- καί@cs ἐλέφας@nampc ἑκατόν@an---- ἐπί@p τεσσαράκοντα@an----"
"Pun._3.14","σῦφαξ@nnmsp μέν@b οὖν@b εἰ@cs τε@b δείδω@vpaanms εἰ@cs τε@cs ἄπιστος@annms- εἰς@p ἑκάτερος@anamp- γίγνομαι@vppenms παρά@p μέρος@nansc σκήπτω@viam3s τις@rpans λυπέω@vnpa-- ὁ@dafs ἀρχή@nafsc αὐτός@rpgms ὁ@damp ὅμορος@anamp- βάρβαρος@nampc καί@cs ἀναζεύγνυμι@viia3s εἰς@p ὁ@danp οἰκεῖος@ananp- σκιπίων@nnmsp δέ@b κατά@p ὀλίγος@anamp- πέμπω@viia3s ἐπιχειρέω@vnpa-- ὁ@ddms ἀσδρούβας@ndmsp καί@cs τις@rpnmp αὐτός@rpdms καί@b ὁ@dgfp πόλις@ngfpc προσχωρέω@viia3p νύξ@ngfsc δέ@b λανθάνω@vpaanms ὁ@dnms μασσανάσσης@nnmsp ἥκω@viia3s ἐπί@p ὁ@dans στρατόπεδον@nansc ὁ@dgms σκίπιωνος@nnmsp καί@cs δεξιόομαι@vpamnms αὐτός@rpams διδάσκω@viia3s ὁ@dgfs ἔπειμι1@vppagfs εἰς@p τις@anans- χωρίον@nansc ἀπό@p τριάκοντα@an---- στάδιον@ngmpc ἰτύκη@ngfsp ἔνθα@b πύργος@nnmsc εἰμί@vipa3s ἀγαθοκλῆς@ngmsp ἔργον@nnnsc ὁ@dgms συρακούσιος@ngmpp τύραννος@ngmsc μή@b πλείων@anampc πεντακισχίλιοι@angmp- ἐνεδρεύω@vnaa-- ἅμα@p δέ@b ἡμέρα@ndfsc ὁ@dams ἀσδρούβας@namsp πείθω@viia3s ὁ@dams ἵππαρχος@namsc ἄννων@namsp πέμπω@vnaa-- ὁ@dans τε@b πλῆθος@nansc ὁ@dgmp ἐχθρός@ngmpc ἐπισκέπτομαι@vpfmams καί@cs εἰς@p ἰτύκη@nafsp εἰστρέχω@vpamams μή@cs τις@rpans πλησιάζω@vppagmp πολέμιος@ngmpc νεωτερίζω@voaa3p καί@b αὐτός@rpnms ὑπισχνέομαι@viie3s εἰ@cs κελεύω@vope3s ἕπομαι@vnfm-- ἄννων@nnmsp μέν@b δή@b χίλιοι@anamp- ἄγω@viia3s ἐπίλεκτος@anamp- ἱππεύς@nampc καρχηδόνιος@anamp- καί@cs λίβυον@ngmpp τις@anans- πλῆθος@nansc μασσανάσσης@nnmsp δέ@cs νομάς@nampp ὁ@damp ἑαυτοῦ@rpgms ὡς@cs δέ@b ἐπί@p ὁ@dams πύργος@namsc ἀφικνέομαι@viam3p καί@cs ὁ@dnms ἄννων@nnmsp ἐξίππεύω@viaa3s εἰς@p ὁ@dafs ἰτύκη@nafsp σύν@p ὀλίγος@andmp- μέρος@nnnsc τις@annns- ὁ@dgfs ἐνέδρα@ngfsc ἐκφαίνω@viie3s καί@cs ὁ@dnms μασσανάσσης@nnmsp κελεύω@viaa3s ὁ@dams τάσσω@vpreams ἐπί@p ὁ@ddmp ἱππεύς@ndmpc ὁ@dgmp καρχηδόνιος@ngmpp ἐπιτρέχω@vnaa-- αὐτός@rpdmp ὡς@b εἰμί@vppadmp ὀλίγος@andmp- καί@b αὐτός@rpnms ἐκ@p βραχύς@angns- ἕπομαι@viie3s ὡς@b ἐπιβοηθέω@vpfanms ἐν@p μέσος@andns- δέ@b ὁ@dgmp λίβυον@ngmpp γίγνομαι@vpamgmp ὅς@dnfs τε@b πλείων@annfsc ἐνέδρα@nnfsc καταφαίνω@viie3s καί@cs συνακόντιζω@viaa3p αὐτός@rpamp ἑκατέρωθεν@b ὅς@dnmp τε@b ῥωμαῖος@nnmpp καί@cs ὁ@dnms μασσανάσσης@nnmsp πλήν@p τετρακόσιοι@angmp- ὅς@rpnmp λαμβάνω@viap3p αἰχμάλωτος@annmp- μασσανάσσης@nnmsp δέ@b ἐπεί@cs οὗτος@rpans ἐκτελέω@vile3s ἀπαντάω@viia3s ὁ@ddms ἄννων@ndmsp κατά@p σπουδή@nafsc ὡς@b φίλος@nnmsc ἐπανέρχομαι@vppadms καί@b συλλαμβάνω@vpaanms αὐτός@rpams ἀπάγω@viia3s εἰς@p ὁ@dans ὁ@dgms σκίπιωνος@ngmsp στρατόπεδον@nansc καί@cs ἀντιδίδωμι@viaa3s ἀσδρούβας@ndfsp ὁ@dgfs μήτηρ@ngfsc ὁ@dgfs ἑαυτοῦ@rpgms"
"Pun._3.15","σκιπίων@nnmsp δέ@b καί@cs μασσανάσσης@ngfsp ὁ@dafs χώρα@nafsc πορθέω@viia3p καί@cs ῥωμαῖος@ngmpp ἐκλύω@viia3p ὅσος@annmp- δέω1@vpapnmp σκάπτω@viia3p ἐν@p ὁ@ddmp ἀγρός@ndmpc ἐκ@p ἰβηρία@ngfsp ἤ1@b σικελία@ngfsp ἤ1@cs ἀπό@p αὐτός@angfs- ὁ@dgfs ἰταλία@ngfsp πέμπω@vpapnmp ὑπό@p ἀννίβας@ngmsp πολιορκέω@vipa3p δέ@b αὐτός@rpdmp πόλις@nafsc μέγας@anafs- ὅς@rpdfs ὄνομα@nnnsc εἰμί@viia3s λόχα@nnfsp καί@cs πολύς@ananp- δεινός@ananp- πάσχω@vipa3p ὁ@dnmp μέν@b λοχαῖος@nnmpp προστίθημι@vppegmp ὁ@dgfp κλῖμαξ@ngfpc ἐπικηρυκεύομαι@viie3p ἐκλείπω@vnfa-- ὁ@dafs πόλις@nafsc ὑπόσπονδος@annmp- καί@cs ὁ@dnms σκιπίων@nnmsp ἀνακαλέω@viia3s ὁ@ddfs σάλπιγξ@ndfsc ὁ@dafs στρατιά@nafsc ὁ@dnfs δέ@b οὐ@b ὑπακούω@viia3s ὑπό@p ὀργή@ngfsc ὅς@rpgnp ποιέω@vila3p ἀλλά@cs ἐπιβαίνω@vpaanmp ὁ@ddnp τεῖχος@ndnpc καί@b γύναιον@nanpc καί@cs παιδίον@nanpc κατασφάζω@viia3p ὁ@dnms δέ@b ὁ@damp μέν@b ἔτι@b εἰμί@vppaamp λοχαῖος@ngmpp ἀφίημι@viaa3s ἀπαθής@anamp- ὁ@dafs δέ@b στρατιά@nafsc ὁ@dafs λεία@nafsc ἀφαιρέω@viam3s καί@b ὁ@damp λοχαγός@nampc ὅσος@annmp- συνεξαμαρτέω@viaa3p κληρόω@viaa3s ἐν@p ὁ@ddns μέσος@andns- καί@cs τρεῖς@an---- ὁ@damp λαγχάνω@vpaaamp κολάζω@viaa3s θάνατος@ndmsc καί@b ὅδε@rpanp πράσσω@vpaanms αὖθις@b λεηλατέω@viia3s ἀσδρούβας@nnmsp δέ@b αὐτός@rpamp ἐνεδρεύω@viia3s μάγων@namsp μέν@b ὁ@dams ἵππαρχος@namsc ἐπιπέμπω@vpaanms ἐκ@p μέτωπον@ngnsc αὐτός@rpnms δέ@cs ὄπισθεν@b ἔπειμι1@vppanms ὁ@dnmp δέ@b ἐν@p μέσος@andns- γίγνομαι@vpamnmp ὁ@dans ἔργον@nansc μερίζω@viam3p καί@b εἰς@p ἑκάτερος@anamp- αὐτός@rpgmp ἑκάτερος@annms- ἐπιστρέφω@vpapnms πεντακισχίλιοι@anamp- ὁ@dgmp λίβυον@ngmpp ἀποκτείνω@viaa3p καί@b χίλιοι@anamp- καί@cs ὀκτακόσιοι@anamp- λαμβάνω@viaa3p αἰχμάλωτος@anamp- ὁ@damp δέ@cs λοιπός@anamp- εἰς@p ὁ@dafp πέτρα@nafpc καταρράσσω@viaa3p"
"Pun._3.16","καί@b ὁ@dnms σκιπίων@nnmsp εὐθύς2@b ἐπί@p ὅδε@rpdnp προσβάλλω@viaa3s ἰτύκη@ndfsp κατά@p γῆ@nafsc καί@cs κατά@p θάλασσα@nafsc δύο@an---- μέν@b πεντήρης@ndnpc ζεύγνυμι@vpredfp πύργος@namsc ἐπιτίθημι@vpaanms ὅθεν@b τριπήχης@nnfsc βέλος@nanpc καί@cs λίθος@nampc μέγας@anamp- εἰς@p ὁ@damp πολέμιος@nampc ἀφίημι@viia3s καί@cs πολύς@ananp- μέν@b λυπέω@viia3s πολύς@ananp- δέ@cs ἀντιπάσχω@viia3s θραύω@vppegfp ὁ@dgfp ναῦς@ngfpc χῶμα@nanpc δέ@cs ἐπαίρω@vppanms μέγας@ananp- καί@cs κριός@ndnpc ὁ@dans τεῖχος@nansc ὅτε@cs προσπελάζω@voaa3s τύπτω@vppanms δρέπανον@ndfpc τε@cs περισπάω@vppanms ὅσος@annfp- βύρσα@nnfpc περί@p αὐτός@rpans καί@cs ἄλλος@annnp- σκεπαστήριον@nnnpc εἰμί@viia3s ὁ@dnmp δέ@b ὁ@danp μέν@b χῶμα@nanpc ὑποταφρεύω@viia3p καί@cs ὁ@danp δρέπανον@nanpc βρόχος@ndmpc παράγω@viia3p καί@cs ὁ@damp κριός@nampc ὁ@dgfs ὁρμή@ngfsc ἐκλύω@viia3p ἐπιβάλλω@vppanmp ἐπικάρσιος@nafpc δοκός@nafpc εἰς@p δέ@b ὁ@dafp μηχανή@nafpc ἐκπηδάω@viia3p μετά@p πῦρ@ngnsc ὅτε@cs πνεῦμα@nansc φυλάσσω@voaa3p εἰς@p αὐτός@rpafp ἐπίφορος@anans- ὅθεν@b ὁ@dnms σκιπίων@nnmsp ἀπογιγνώσκω@vpaanms οὕτως@b αἱρέω@vnfa-- ὁ@dafs πόλις@nafsc εἰς@p πολιορκία@nafsc αὐτός@rpgfs καθίστημι@viie3s"
"Pun._3.17","σῦφαξ@nnmsp δέ@b ὁ@dgnp γίγνομαι@vppegnp πυνθάνομαι@vppenms ἵημι@viia3s μετά@p ὁ@dgms στρατός@ngmsc καί@cs οὐ@b μακράν@b στάθμεύω@viia3s ἀπό@p ἀσδρούβας@ngmsp ἔτι@b δέ@b ὑποκρίνομαι@vppenms εἰμί@vnpa-- φίλος@nnmsc ἑκάτερος@andmp- καί@cs τρίβω@vnpa-- ὁ@dams πόλεμος@namsc γιγνώσκω@vpranms μέχρι@cs ναῦς@nnfpc τε@b ἕτερος@annfp- ναυπηγέω@vppenfp πρός@p ὁ@dgmp καρχηδόνιος@ngmpp ἐπιγίγνομαι@voam3p καί@cs μισθοφόρος@annmp- τις@annmp- κελτοί@ngmpp καί@cs λίγυες@ngmpp ἐπέρχομαι@voaa3p ἐπιχειρέω@viia3s διαιτάω@vnpa-- διάλυσις@nafpc καί@cs δικάζω@viia3s μή@b τε@b ῥωμαῖος@nampp λιβύη@ngfsp μή@b τε@cs καρχηδόνιος@nampp ἰταλία@ngfsp ἐπιβαίνω@vnpa-- ἐπί@p πολύς@andns- ἔχω@vnpa-- δέ@cs ῥωμαῖος@nampp σικελία@nafsp καί@b σαρδώ@nafsp καί@b εἰ@cs τις@anafp- ἄλλος@anafp- νῆσος@nafpc ἔχω@vipa3p καί@cs ἰβηρία@nafsp ἐάν@cs δέ@b τις@rpnms ἀπειθέω@vspa3s ὁ@ddmp πείθω@vppedmp φημί@viia3s συμμαχέω@vnfa-- ἅμα@b δέ@b οὗτος@rpanp πράσσω@viia3s καί@cs μασσανάσσης@namsp πειράω@viia3s μετατίθημι@vnae-- πρός@p ἑαυτοῦ@rpams ὁ@dafs τε@b μασσύλιος@ngmpp ἀρχή@nafsc αὐτός@rpdms βεβαιόω@vnfa-- ὑπισχνέομαι@vppenms καί@cs ὁ@dgfp θυγάτηρ@ngfpc τρεῖς@angfp- εἰμί@vppagfp δίδωμι@vnfa-- εἰς@p γάμος@namsc ὅς@rpgfp ἄν@b ἐθέλω@vspa3s φέρω@viia3s δέ@b ὁ@dnms οὗτος@rpanp λέγω3@vppanms χρυσίον@nansc ἵνα@cs εἰ@cs μή@b πείθω@voaa3s δίδωμι@voaa3s ὁ@dgmp θεραπευτήρ@ngmpc αὐτός@rpgms ὁ@ddms κτείνω@vnpa-- μασσανάσσης@nafsp ὑπισχνέομαι@vppedms ὁ@dnms μέν@b δή@b μή@b πείθω@vppanms δίδωμι@viaa3s τις@rpdms ὁ@dans χρυσίον@nansc ἐπί@p ὁ@ddms φόνος@ndmsc ὁ@dnms δέ@b λαμβάνω@vpaanms δείκνυμι@viaa3s ὁ@ddms μασσανάσσης@ndmsp καί@cs ὁ@dams δίδωμι@vpaaams ἐλέγχω@viaa3s"
"Pun._3.18","σῦφαξ@nnmsp δέ@b οὐ@b προσδοκέω@vppanms ἔτι@b λανθάνω@vnfa-- φανερός@b ὁ@ddmp καρχηδόνιος@ndmpp συμμαχέω@vipa3s πόλις@nafsc τε@b ἐν@p μεσόγαιος@andns- θολόω@nafsp ῥωμαῖος@ngmpp παρασκευή@nafsc καί@cs σῖτος@namsc πολύς@anams- ἔχω@vppaafs ἐκ@p προδοσία@ngfsc αἱρέω@viaa3s καί@b ὁ@damp φρουρέω@vppaamp αὐτός@rpafs ἐκτείνω@viaa3s οὐ@b ἐθέλω@vpaaamp ἀπέρχομαι@vnaa-- ὑπόσπονδος@anamp- συμμαχία@nafsc τε@cs ἄλλος@anafs- πολύς@anafs- νομάς@ngmpp μεταπέμπω@viie3s καί@b ὁ@dnmp μισθοφόρος@annmp- πάρειμι1@viia3p αὐτός@rpdmp ἤδη@b καί@cs ναῦς@nnfpc εὐτρεπής@b ἔχω@viia3p ὥστε@cs γιγνώσκω@vile3s πολεμέω@vnpa-- σῦφαξ@namsp μέν@b ὁρμάω@vppeams ἐπί@p ὁ@damp πολιορκέω@vppaamp ἰτύκη@nafsp ἀσδρούβας@namsp δέ@cs ἐπί@p ὁ@dans σκίπιωνος@ngmsp στρατόπεδον@nansc ὁ@dafp δέ@b ναῦς@nafpc δεῖ@viia3s ὁ@ddfp ναῦς@ndfpc ἐπιπλέω@vnpa-- καί@cs γίγνομαι@vnpe-- οὗτος@rpanp ὁ@dgfs ἔπειμι1@vppagfs ἡμέρα@ngfsc ἅπας@ananp- ὁμοῦ@b ἵνα@cs μή@b διαρκέω@voaa3p αὐτός@rpdmp ὁ@dnmp ῥωμαῖος@nnmpp διά@p ὁ@dafs ὀλιγότης@nafsc"
"Pun._4.19","ὅς@b νύξ@ngfsc εἰμί@vppagfs ὁ@dnms μασσανάσσης@nnmsp παρά@p τις@angmp- νομάς@ngmpp πυνθάνομαι@vpamnms μεταδίδωμι@viaa3s ὁ@ddms σκιπίων@ndmsp ὁ@dnms δέ@b δείδω@viaa3s καί@cs ἀπορέω@viia3s μή@cs εἰς@p πολύς@ananp- αὐτός@rpdms διαιρέω@vppenms ὁ@dnms στρατός@nnmsc ἀσθενής@annmsc εἰς@p πᾶς@ananp- γίγνομαι@vspe3s ὁ@damp οὖν@b ἡγεμών@nampc αὐτίκα@b νύξ@ngfsc ἐπί@p ὁ@dafs σκέψις@nafsc καλέω@viia3s καί@cs ἀπορέω@vppagmp ἅπας@angmp- ἐπί@p πολύς@anans- σύννους@annms- γίγνομαι@vpamnms εἶπον@viaa3s τόλμα@ngfsc καί@cs ταχυτής@ngfsc ἐγώ@rpdmp ὦ@i φίλος@anvmp- δεῖ@vipa3s καί@cs μάχη@ngfsc ἐκ@p ἀπόγνωσις@ngfsc φθάνω@vsaa1p ἐπέρχομαι@vpaanmp ὁ@ddmp πολέμιος@ndmpc ὅσος@ananp- δέ@b ἐν@p ὅδε@rpdns πλεονεκτέω@vifa1p μανθάνω@vmaa2p ἤδη@b ἐκεῖνος@rpamp μέν@b ἐκπλήσσω@vifa3s ὁ@dnns ἀδόκητος@annns- ὁ@dgfs ἔφοδος3@ngfsc καί@cs ὁ@dnns παράδοξος@annns- ὁ@dgns ἔργον@ngnsc ὁ@dgmp ὀλίγος@angmpc προεπιχειρέω@vppagmp ἐγώ@rpnmp δέ@b οὐ@b εἰς@p πολύς@ananp- διαιρέω@vpredfs ὁ@ddfs στρατιά@ndfsc χράω2@vifm1p ἀλλά@cs ἀθρόος@andfs- οὐ@b δέ@cs ἐπάγω@vifa1p αὐτός@rpafs ἅπας@andmp- ὁ@ddmp ἐχθρός@andmp- ἀλλά@cs ὅς@rpdmp ἄν@b ἐπιλέγω@vsam1p πρῶτος@andmp- σταθμεύω@vipa3p δέ@b ἐπί@p ἑαυτοῦ@rpgmp ἕκαστος@annmp- καί@cs εἰμί@vipa1p αὐτός@rpdmp κατά@p μέρος@nansc ἰσόμαχος@annmp- τόλμα@ndfsc δέ@cs καί@cs εὐτυχία@ndfsc προέχω@vipa1p καί@cs ἐάν@cs ὁ@dnms θεός@nnmsc δίδωμι@vsaa3s ὁ@dgmp πρῶτος@angmp- ἐπικρατέω@vnaa-- ὁ@dgmp ἄλλος@rpgmp καταφρονέω@vifa1p ὅς@rpdmp δέ@b ἐπιχειρητέον@annns- εἰμί@vipa3s πρῶτος@andmp- καί@cs τις@rpnms ὁ@dnms καιρός@nnmsc ἤ1@cs τρόπος@nnmsc εἰμί@vifm3s ὁ@dgfs ἐπιχείρησις@ngfsc ἐάν@cs ἀρέσκω@vspa3s ὁ@danp ὁ@dgfs γνώμη@ngfsc ἐρέω@vifa1s"
"Pun._4.20","συντίθημι@vpamgmp δέ@b πᾶς@angmp- ὁ@dnms μέν@b καιρός@nnmsc λέγω@viaa3s εὐθύς2@b ἐπιχειρέω@vnpa-- ἀπό@p ὅδε@angms- ὁ@dgms σύλλογος@ngmsc νύξ@ngfsc ἔτι@b εἰμί@vppagfs ὅτε@cs καί@b ὁ@dnns ἔργον@nnnsc εἰμί@vipa3s φοβερός@annnsc καί@cs ἐπιτήδειος@annnp- ὁ@dnnp ἐκεῖνος@rpgmp καί@cs οὐδείς@rpnms ὁ@dgmp σύμμαχος@ngmpc αὐτός@rpdmp δύναμαι@vipe3s βοηθέω@vnpa-- ἐν@p σκότος@ndmsc φθάνω@vmaa2p τε@vmpa2p οὕτως@b αὐτός@rpgmp ὁ@danp βούλευμα@nanpc μόνως@b γιγνώσκω@vpragmp ἐγώ@rpdmp ὁ@dgfs ἔπειμι1@vppagfs ἡμέρα@ngfsc ἐπιτίθημι@vnae-- τρεῖς@angnp- δέ@b αὐτός@rpdmp εἰμί@vppagnp στρατόπεδον@ngnpc ὁ@dnfp μέν@b ναῦς@nnfpc εἰμί@vipa3p πρόσω@b καί@cs οὐ@b εἰμί@vipa3s ναῦς@ndfpc νύξ@ngfsc ἐπιχειρέω@vnpa-- ἀσδρούβας@nnmsp δέ@cs καί@cs σῦφαξ@nnfsp οὐ@b μακράν@b ἀπό@p ἀλλήλων@rpgmp καί@b οὗτος@rpdmd ἀσδρούβας@nnmsp μέν@b εἰμί@vipa3s ὁ@dnns ὁ@dgms πόλεμος@ngmsc κεφάλαιος@annns- σῦφαξ@nnmsp δέ@cs οὐ@b ἄν@b νύξ@ngfsc ἐπιτολμάω@voaa3s ὁ@ddms πόνος@ndmsc βάρβαρος@annms- ἀνήρ@nnmsc καί@b τρυφή@ngfsc γέμω@nnmsc καί@cs δέος@ngnsc φέρω@vmpa2s οὖν@b ἐγώ@rpnmp μέν@b ἐπί@p ἀσδρούβας@namsp μετά@p πᾶς@angms- εἶμι@vspa1p ὁ@dgms στρατός@ngmsc μασσανάσσης@namsp δέ@cs ὅδε@anams- ἐπιτάσσω@vsaa1p ἐφεδρεύω@vnpa-- ὁ@ddms σῦφαξ@ndmsp ἐάν@cs ἄρα@b καί@b παρά@p δόξα@nafsc ἐξίημι@vspa3s ὁ@dgns στρατόπεδον@ngnsc πεζός@annmp- δέ@b χωρέω@vspa1p ἐπί@p ὁ@dams χάραξ@namsc ὁ@dgms ἀσδρούβας@ngmsp καί@cs περιίστημι@vppanmp ἐπιχειρέω@vspa1p ἐκ@p πᾶς@angns- μέρος@ngnsc σύν@p ἐλπίς@ndfsc τε@b χρηστός@andfs- καί@cs τόλμα@ndfsc θρασυβάτης@andfss οὗτος@rpgnp γάρ@b ὁ@dnnp πάρειμι1@vppannp δέω@vipe3s μάλιστα@b ὁ@damp δέ@b ἱππεύς@nampc οὐ@b γάρ@b εἰμί@vipa3s αὐτός@rpdmp χράω@vnpe-- νύξ@ngfsc ἔτι@b εἰμί@vppagfs προπέμπω@vifa1s πρόσω@b κυκλόω@vnpe-- ὁ@dans στρατόπεδον@nansc ὁ@dgmp πολέμιος@ngmpc ἵνα@cs εἰ@cs μέν@b βιάζω@voap1p ὑποδέχομαι@vope3p ἐγώ@rpamp καί@cs εἰς@p φίλιος@anamp- καταφεύγω@vopa1p εἰ@cs δέ@cs ἐπικρατέω@vopa1p ἐκφεύγω@vppaamp ἐκεῖνος@rpamp διώκω@vopa3p καί@cs διαχράομαι@vope3p"
"Pun._4.21","οὗτος@rpnnp εἶπον@vpaanms καί@cs ὁ@damp ἡγεμών@nampc ἐκπέμπω@vpaanms ὁπλίζω@vnaa-- ὁ@dams στρατός@namsc αὐτός@annms- θύω@viie3s τόλμα@ndmsp καί@cs φόβος@ndmsp μηδείς@rpans ὡς@b ἐν@p νύξ@ndfsc πανικός@anans- ὁ@rpdms γίγνομαι@vnam-- ἀλλά@cs ὁ@dams στρατός@namsc αὐτός@rpdms θρασύς@anamss μάλιστα@b ὁράω@vnap-- τρίτος@angfs- δέ@b ἤδη@b φυλακή@ngfsc ἠρέμα@b ὁ@ddfs σάλπιγξ@ndfsc ὑποσημαίνω@viia3s καί@cs μετά@p σιγή@ngfsc βαθύς@annms- στρατός@nnmsc τοσοῦτος@annms- βαδίζω@viia3s ἕως@cs ὁ@dnmp μέν@b ἱππεύς@nnmpc περιίστημι@viaa3p ἐν@p κύκλος@ndmsc ὁ@damp πολέμιος@nampc ὁ@dnmp πεζός@annmp- δέ@cs ἐπί@p ὁ@dafs τάφρος@nafsc αὐτός@rpgmp ἀφικνέομαι@viam3p βοή@ndfsc δέ@b τότε@b παμμιγής@andfs- καί@cs σάλπιγξ@ndfpc ἀθρόος@andfp- καί@cs βυκανημάτιον@ndnpc εἰς@p κατάπληξις@nafsc χράομαι@vppenmp ὁ@damp μέν@b φύλαξ@nampc ἐξωθέω@viaa3p ἐκ@p ὁ@dgnp φυλακτήριον@ngnpc ὁ@dafs δέ@cs τάφρος@nafsc ἔχω@viia3p καί@cs ὁ@danp τύπωμα@nanpc διασπάω@viia3p ὁ@dnmp δέ@b εὔτολμος@annmps προτρέχω@vpaanmp ἐμπρήθω@viaa3p τις@anafp- σκηνή@nafpc καί@b ὁ@dnmp λίβυς@nnmpp μετά@p ἔκπληξις@ngfsc ἀναπηδάω@viia3p τε@b ἐκ@p ὕπνος@ngmsc καί@b ὁ@danp ὅπλον@nanpc μεταλαμβάνω@viia3p καί@b εἰς@p ὁ@dafp τάξις@nafpc ἄτακτος@b φέρω@viie3p καί@cs ὁ@dgnp παραγγέλλω@vppegnp διά@p ὁ@dams θόρυβος@namsc οὐ@b παρακούω@viia3p οὐ@b δέ@cs αὐτός@angms- ὁ@dgms στρατηγός@ngmsc ὁ@dans ἀκριβής@anans- ὁ@dgnp γίγνομαι@vppegnp οἶδα@vpragms ἀναπηδᾷ@vppaamp οὖν@b αὐτός@rpamp ὁ@dnmp ῥωμαῖος@nnmpp καί@b ὁπλίζω@vppeamp ἔτι@b καί@cs ταράσσω@vppeamp καταλαμβάνω@viia3p καί@b σκηνή@nafpc πλείων@anafpc ἐμπίμπρημι@viia3p καί@cs ὁ@damp ἐν@p πούς@ndmpc ἀναιρέω@viia3p ὁ@ddmp δέ@b εἰμί@viia3s ὅς@dnfs τε@b βοή@nnfsc ὁ@dgmp ἐχθρός@ngmpc καί@b ὁ@dnfs ὄψις@nnfsc καί@cs ὁ@dnnp ἔργον@nnnpc φοβερός@annnps ὡς@cs ἐν@p νύξ@ndfsc καί@cs ἀγνωσία@ndfsc ὁ@dgns γίγνομαι@vppegns κακός@angns- ἡγέομαι@vppmnmp τε@b λαμβάνω@vnre-- ὁ@dans στρατόπεδον@nansc καί@cs ὁ@dans πῦρ@nansc ὁ@dgfp ἐμπίμπρημι@vpregfp σκηνή@ngfpc δείδω@vpranmp ἐκπίτνω@viia3p ἑκών@annmp- ἐκ@p αὐτός@rpgmp καί@cs εἰς@p ὁ@dans πεδίον@nansc ὡς@b ἀσφαλής@anansc ὠθέω@viie3p ὅθεν@b κατά@p μέρος@nansc ὅπη@b τυγχάνω@voaa3p ἄκοσμος@b διαδιδράσκω@viia3p καί@cs εἰς@p ὁ@damp ῥωμαῖος@ngmpp ἱππεύς@nampc ὅς@rpnmp κύκλος@ndmsc περιίστημι@vila3p ἐμπίτνω@vppanmp ἀποθνήσκω@viia3p"
"Pun._4.22","σῦφαξ@nnmsp δέ@b νύξ@ngfsc μέν@b ἔτι@b ὁ@dgfs βοή@ngfsc αἰσθάνομαι@vpamnms καί@cs ὁ@dans πῦρ@nansc ὁράω@vppanms οὐ@b ἐπεξέρχομαι@viaa3s ἀλλά@cs ὁ@dgmp ἱππεύς@ngmpc τις@rpamp ἐπίἐπικουρέω@vnpa-- πέμπω@viaa3s ἀσδρούβας@ndmsp ὅς@rpdmp ὁ@dnms μασσανάσσης@nnmsp ἐπιπίπτω@vpaanms ἄφνω@b πολύς@anams- ἐργάω@namsc ίζω@vipe3s φόνος@namsc ἅμα@p δέ@b ἡμέρα@ndfsc μανθάνω@vpaanms ὁ@dnms σῦφαξ@nnmsp ἀσδρούβας@namsp μέν@b ἤδη@b φεύγω@vpaaams ὁ@dgfs δέ@cs στρατιά@ngfsc αὐτός@rpgms ὁ@damp μέν@b ἀπόλλυμι@vpraamp ὁ@damp δέ@b λαμβάνω@vpreamp ὑπό@p ὁ@dgmp πολέμιος@ngmpc ὁ@damp δέ@cs διαρρίπτω@vpreamp καί@cs ὁ@dans στρατόπεδον@nansc αὐτός@b παρασκευή@ndfsc ῥωμαῖος@nampp ἔχω@vppaamp ἀναζεύγνυμι@viia3s φεύγω@vppanms εἰς@p ὁ@danp μεσόγεια@ananp- μετά@p θόρυβος@ngmsc πᾶς@ananp- καταλιμπάνω@vpaanms οἴομαι@vppenms εὐθύς2@b ἀπό@p ὁ@dgfs καρχηδόνιος@ngmpp δίωξις@ngfsc ἑαυτοῦ@rpdms ὁ@dams σκιπίων@namsp ἐπάνειμι@vppaams ἐφίστημι@vnfm-- ὅθεν@b καί@b ὅδε@angms- ὁ@dams χάραξ@namsc καί@cs ὁ@dafs ἐν@p αὐτός@rpdms παρασκευή@nafsc αἱρέω@viaa3s μασσανάσσης@nnmsp"
"Pun._4.23","καί@b ῥωμαῖος@nnmpp διά@p τόλμα@ngfsc εἷς@angfs- ἐν@p ὀλίγος@andns- μέρος@ndnsc νύξ@ngfsc δύο@an---- στρατόπεδον@ngnpc καί@cs δύο@an---- στρατός@ngmpc πολύς@anans- μέγας@angmpc κρατέω@viaa3p ὁμοῦ@b ἀποθνήσκω@viaa3p δέ@b ῥωμαῖος@ngmpp μέν@b ἀμφί@p ὁ@damp ἑκατόν@an---- ἀνήρ@nampc ὁ@dgmp δέ@cs ἐχθρός@ngmpc ὀλίγος@andns- δέω2@vppanmp τρισμύριοι@annmp- καί@b αἰχμάλωτος@annmp- γίγνομαι@viam3p δισχίλιοι@annmp- καί@cs τετρακόσιοι@annmp- ὁ@dgmp δέ@b ἱππεύς@ngmpc ἑξακόσιοι@annmp- ἐπανέρχομαι@vppadms ὁ@ddms σκιπίων@ndmsp ἑαυτοῦ@rpamp παραδίδωμι@viaa3p καί@b ὁ@dgmp ἐλέφας@ngmpc ὁ@dnmp μέν@b ἀναιρέω@vile3p ὁ@dnmp δέ@cs τείνω@vile3p σκιπίων@nnmsp δέ@b ὅπλον@ngnpc τε@b καί@b χρυσός@ngmsc καί@b ἄργυρος@ngnsc καί@b ἐλέφας@ngmsc πολύς@angms- καί@cs ἵππος@ngmpc ἄλλος@angmp- τε@b καί@cs νομαδικός@angmp- κρατέω@vpranms καί@cs διά@p εἷς@angfs- ὅδε@angfs- νίκη@ngfsc λαμπρός@angfs- δή@b γίγνομαι@vpamgfs εἰς@p γόνυ@nansc ὁ@danp καρχηδόνιος@ngmpp καταβάλλω@vpaanms ἅπας@ananp- ἀριστεῖα@nanpc ὁ@ddms στρατός@ndmsc διαδίδωμι@viia3s καί@cs ὁ@dgnp λάφυρα@ngnpc ὁ@danp ἀξιόλογος@ananps εἰς@p ῥώμη@nafsp πέμπω@viia3s καί@b ὁ@dams στρατός@namsc γυμνάζω@viia3s φιλόπονος@b προσδοκέω@vppanms ἀννίβας@namsp τε@b αὐτίκα@b ἀπό@p ὁ@dgfs ἰταλία@ngfsp καί@cs μάγων@namsp ἀπό@p λιγύστιοι@ngmpp ἐπέρχομαι@vnfm--"
"Pun._4.24","καί@b σκιπίων@nnmsp μέν@b περί@p οὗτος@rpanp εἰμί@viia3s ἀσδρούβας@nnmsp δέ@cs ὁ@dnms στρατηγός@nnmsc ὁ@dnms καρχηδόνιος@ngmpp ἐν@p μέν@b ὁ@ddfs νυκτομαχία@ndfsc μετά@p ἱππεύς@ngmpc πεντακόσιοι@angmp- τιτρώσκω@vprenms εἰς@p ἀνδάν@nafsp καταφεύγω@viaa3s ἔνθα@b μισθοφόρος@nampc τε@b τις@anamp- ἐκ@p ὁ@dgfs μάχη@ngfsc ἐκπίτνω@vpaaamp καί@cs νομάς@nafpp συλλέγω@viia3s καί@cs δοῦλος@nampc εἰς@p ἐλευθερία@nafsc συγκαλέω@viia3s πυνθάνομαι@vpamnms δέ@b ὅτι@cs καρχηδόνιος@nnmpp θάνατος@namsc αὐτός@rpgms καταγιγνώσκω@viaa3p ὡς@b κακός@b στρατηγέω@vpragms καί@cs ἄννων@namsp ὁ@dams βουμίχαρος@ngmsp αἱρέω@viam3p στρατηγέω@vnpa-- ἴδιος@anams- ἑαυτοῦ@rpgms ὁ@dams στρατός@namsc ποιέω@viia3s καί@b κακοῦργος@anamp- προσλαμβάνω@viia3s καί@b ληίζομαι@viie3s εἰς@p ὁ@dafp τροφή@nafpc καί@cs γυμνάζω@viia3s ὅς@rpamp ἔχω@viia3s ἀμφί@p τρισχίλιοι@anamp- ἱππεύς@nampc πεζός@anamp- δέ@cs ὀκτακισχίλιοι@anamp- ὡς@b ἐν@p μόνος@andns- ὁ@ddns μάχομαι@vnpe-- ὁ@dafp ἐλπίς@nafpc ἔχω@vppanms ὁ@dnms μέν@b δή@b οὗτος@rpanp ποιέω@vppanms ῥωμαῖος@nampp ὁμοῦ@b καί@cs καρχηδόνιος@nampp ἐπί@p πολύς@anans- λανθάνω@viia3s σκιπίων@nnmsp δέ@cs ἐπάγω@viia3s αὐτός@rpdfs καρχηδών@ndfsp ὁ@dams στρατός@namsc ὁπλίζω@vpreams καί@cs σοβαρός@b εἰς@p μάχη@nafsc προκαλέω@viie3s οὐδείς@rpgms ἔξειμι2@vppagms ἀμίλχαρ@nnmsp δέ@b ὁ@dnms ναύαρχος@nnmsc ναῦς@ndfpc ἑκατόν@an---- σπεύδω@b εἰς@p ὁ@dams ναύσταθμον@namsc ἀνάγω@viie3s ὁ@dgms σκίπιωνος@ngmsp ἐλπίζω@vpaanms αὐτός@rpams τε@b φθάνω@vnfa-- ἐπανέρχομαι@vppaams καί@cs ὁ@dafp εἰμί@vppaafp ἐκεῖ@b ῥωμαῖος@ngmpp εἴκοσι@an---- τριήρης@nafpc ῥᾴδιος@b ὁ@ddfp ἑκατόν@an---- αἱρέω@vnfa--"
"Pun._4.25","καί@b ὁ@dnms σκιπίων@nnmsp εἶδον@vpaanms αὐτός@rpgms ὁ@dams ἀπόπλοος@namsc προπέμπω@viia3s τις@rpamp ὁ@dams ἔσπλοος@namsc ὁ@dgms λιμήν@ngmsc ἐμφράττω@vnaa-- στρογγύλος@andnp- πλοῖον@ndnpc ἐπί@p ἀγκύλη@ngfpc ἐκ@p διάστημα@ngnsc ἵνα@cs ὡς@cs διά@p πύλη@ngfpc ὁ@dnfp τριήρης@nafpc ἐκθέω@vopa3p ὅτε@cs καιρός@nnmsc εἰμί@vopa3s καί@cs ὁ@danp πλοῖον@nanpc ὁ@ddnp κέρας@ndnpc συνδέομαι@vnaa-- τε@b καί@cs ἁρμόζω@vnaa-- πρός@p ἀλλήλων@rpanp ἵνα@cs ἀντί@p τεῖχος@ngnsc ἦ@viia3s καταλαμβάνω@vpaanms δέ@b ὁ@dans ἔργον@nansc ἅπτω@viie3s ὁ@dgms πόνος@ngmsc καί@b βάλλω@vppegmp ὁ@dgmp καρχηδόνιος@ngmpp ἀπό@p τε@b ὁ@dgnp πλοῖον@ngnpc καί@b ἀπό@p ὁ@dgfs γῆ@ngfsc καί@cs ἀπό@p ὁ@dgns τεῖχος@ngnsc ὁ@dnfp ναῦς@nnfpc θραύω@viie3p καί@cs κάμνω@vpaanfp περί@p ἑσπέρα@nafsc ἀποπλέω@viia3p ἄπειμι2@vppadfp δέ@b αὐτός@rpdfp ὁ@dnfp ῥωμαῖος@ngmpp ἐπίκειμαι@viie3p ἐκθέω@vppanfp τε@b διά@p ὁ@dgnp διάστημα@ngnpc καί@cs ὅτε@cs βιάζω@vope3p ὑποχωροέω@vppanfp εἷς@anafs- δέ@b καί@b ἀναδέω@viam3p κενός@anafs- ἀνήρ@ngmpc καί@cs πρός@p ὁ@dams σκιπίων@namsp ἀνάγω@viaa3p μετά@p δέ@b οὗτος@rpans χειμάζω@viia3p ἄμφω@annmd- καί@b ῥωμαῖος@ndmpp μέν@b εἰμί@viia3s ἐκ@p θάλασσα@ngfsc ἀγορά@nnfsc δαψιλής@annfs- ἰτυκαῖος@nnmpp δέ@cs καί@cs καρχηδόνιος@nnmpp λιμώσσω@vppanmp λῃστεύω@viia3p ὁ@damp ἔμπορος@anamp- μέχρι@cs ῥωμαῖος@ngmpp ναῦς@nnfpc ἄλλος@annfp- πέμπω@vpapnfp ὁ@ddms σκιπίων@ndmsp ἐφορμάω@viia3p ὁ@ddmp πολέμιος@ndmpc καί@cs ὁ@dafp λῃστρικός@anafp- κωλύω@viia3p ὁ@dnmp δέ@b κάμνω@viia3p ἤδη@b σφόδρα@b ὁ@ddms λιμός@ndmsc"
"Pun._5.26","ὁ@dgms δέ@b αὐτός@angms- χειμών@ngmsc ἐγγύς@b εἰμί@vppagms σῦφαξ@ngmsp μασσανάσσης@nnmsp αἰτέω@viaa3s ἐπί@p ὁ@ddfs ἴδιος@andfs- στρατιά@ndfsc ὁ@dans τρίτος@anans- ὁ@dgfs ῥωμαικός@angfs- παρά@p σκίπιωνος@ngmsp καί@cs λαμβάνω@vpaanms ἡγέομαι@vppmgms ὁ@dgmp ῥωμαῖος@ngmpp λαίλιος@ngmsp ὁ@dams σῦφαξ@namsp διώκω@viia3s ὁ@dnms δέ@b φεύγω@viia3s μέχρι@cs καθοράω@vppenms περί@p τις@andms- ποταμός@ndmsc συντάσσω@viie3s εἰς@p μάχη@nafsc ὁ@dnmp μέν@b οὖν@b νομάς@nnmpp ἑκατέρωθεν@b ὥσπερ@cs ἔθος@nnnsc αὐτός@rpdmp πολύς@ananp- καί@cs ἀθρόος@ananp- ἀφίημι@viia3p ἐπί@p ἀλλήλων@rpdmp ὁ@dnmp δέ@cs ῥωμαῖος@nnmpp προβάλλω@vppenmp ὁ@dafp ἀσπίς@nafpc ἔπειμι2@viia3p σῦφαξ@nnmsp δέ@b μασσανάσσης@namsp εἶδον@vpaanms ἵημι@viie3s ἐπί@p αὐτός@rpams ὑπό@p ὀργή@ngfsc ὁ@dnms δέ@b ἀντεπελαύνω@viaa3s γηθέω@vpranms καί@b ἀγών@ngmsc πολύς@angms- περί@p ἄμφω@rpand γίγνομαι@vpamgms τέρπω@vpapnmp ὁ@dnmp ὁ@dgms σῦφαξ@ngmsp εἰς@p φυγή@nafsc ὁ@dams ποταμός@namsc ἐρέω@viia3p ἔνθα@b τις@annms- αὐτός@rpgms σῦφαξ@nnmsp ὁ@dams ἵππος@namsc βάλλω@viaa3s ὁ@dnms δέ@b ἀποσείω@viam3s ὁ@dams δεσπότης@namsc καί@cs ὁ@dnms μασσανάσσης@nnmsp ἐπιτρέχω@vpaanms αἱρέω@viaa3s αὐτός@anams- τε@b σῦφαξ@namsp καί@cs ὁ@dams ἕτερος@anams- αὐτός@rpgms ὁ@dgmp υἱός@ngmpc καί@b ὅδε@rpamp μέν@b εὐθύς2@b πέμπω@viia3s σκιπίων@ndmsp ἀποθνήσκω@viaa3p δέ@cs ἐν@p ὁ@ddfs μάχη@ndfsc σῦφαξ@ngmsp μέν@b εἰς@p μυρίος@anamp- ἀνήρ@nampc ῥωμαῖος@ngmpp δέ@b πέντε@an---- καί@cs ἑβδομήκοντα@an---- μασσανάσσης@ngmsp δέ@cs τριακόσιοι@annmp- καί@b αἰχμάλωτος@annmp- σῦφαξ@ngfsp γίγνομαι@viam3p τετρακισχίλιοι@annmp- οὗτος@rpgmp εἰμί@viia3p μασσύλιος@nnmpp δισχίλιοι@annmp- καί@cs πεντακόσιοι@annmp- ὁ@dgmp εἰς@p σῦφαξ@nafsp ἀπό@p μασσανάσσης@ngmsp μεθίστημι@vpaagmp καί@b αὐτός@rpamp ὁ@dnms μασσανάσσης@nnmsp ἐπί@p ὅδε@rpdns αἰτέω@viaa3s παρά@p λαίλιος@ngmsp καί@cs λαμβάνω@vpaanms κατασφάζω@viaa3s"
"Pun._5.27","μετά@p δέ@b οὗτος@rpans μασσύλιος@nampp καί@cs ὁ@dafs χώρα@nafsc ὁ@dafs σῦφαξ@ngmsp ἔπειμι2@viia3p ὁ@damp μέν@b αὖθις@b εἰς@p ὁ@dafs ἀρχή@nafsc ὁ@dafs μασσανάσσης@ngmsp καθίστημι@vppenmp ὁ@damp δέ@cs προσποιέω@vppenmp τε@b καί@cs ὁ@damp ἀπειθέω@vppaamp αὐτός@rpgmp καταστρέφω@vppenmp ἀφικνέομαι@viam3p δέ@b αὐτός@rpdmp καί@b ἐκ@p κίρτη@ngfsp πρέσβυς@nnmpc ὁ@danp βασίλειον@nanpc ὁ@dgms σῦφαξ@ngmsp παραδίδωμι@vppanmp ἴδιος@andfs- δέ@cs πρός@p μασσανάσσης@namsp ἕτερος@annmp- παρά@p σοφωνίβας@ngfsp ὁ@dgfs σῦφαξ@ngmsp γυνή@ngfsc ὁ@dafs ἀνάγκη@nafsc ὁ@dgms γάμος@ngmsc διηγέομαι@vppenmp σοφωνίβας@nafsp μέν@b οὖν@b ἄσμενος@annms- ἔχω@viia3s λαμβάνω@vpaanms ὁ@dnms μασσανάσσης@nnmsp καί@b αὐτός@rpafs ἐπάνειμι@vppanms πρός@p σκιπίων@namsp αὐτός@rpnms ἐν@p κίρτη@ndfsp καταλιμπάνω@viaa3s προοράω@vppenms ἄρα@b ὁ@dans μέλλω@vppaans σκιπίων@nnmsp δέ@b ἔρομαι@viam3s σῦφαξ@nafsp τις@rpnms σύ@rpams δαίμων@nnmsc βλάπτω@viaa3s φίλος@anams- εἰμί@vppaams ἐγώ@rpdms καί@cs ἐπί@p λιβύη@nafsp ἔρχομαι@vnaa-- προσρέπω@vpaaams ψεύδω@vnam-- μέν@b θεός@nampc ὅς@rpamp ὄμνυμι@viaa2s ψεύδω@vnam-- δέ@cs μετά@p ὁ@dgmp θεός@ngmpc ῥωμαῖος@nampp καί@cs μετά@p καρχηδόνιος@ngmpp ἀντί@p ῥωμαῖος@ngmpp αἱρέω@vnam-- πολεμέω@vnpa-- ὁ@dgmp ἐπί@p καρχηδόνιος@nampp οὐ@b πρό@p πολύς@angns- σύ@rpdms βοηθέω@vpragmp ὁ@dnms δέ@b εἶπον@viaa3s σοφωνίβα@nnfsp ἀσδρούβας@nnfsp θυγάτηρ@nnfsc ὅς@rpgfs ἐγώ@rpnms ἐράω1@viia1s ἐπί@p ἐμός@andns- κακός@andns- φιλόπατρις@annms- δέ@b εἰμί@vipa3s ἰσχυρός@b καί@cs ἱκανός@annfs- ἅπας@anams- τις@rpacs πείθω@vnaa-- πρός@p ὅς@rpanp βούλομαι@vipe3s οὗτος@rpnfs ἐγώ@rpams καί@b ἐκ@p ὁ@dgfs ὑμέτερος@angfs- φιλία@ngfsc εἰς@p ὁ@dafs ἑαυτοῦ@rpgfs μετατίθημι@viaa3s πατρίς@nafsc καί@cs εἰς@p ὅδε@rpans συμφορά@ngfsc ἐκ@p τοσόσδε@angfs- εὐδαιμονία@ngfsc καταβάλλω@viaa3s σύ@rpdms δέ@b παραινέω@vipa1s χρή@vipa3s γάρ@b ὑμέτερος@anams- γίγνομαι@vpamams καί@cs σοφωνίβας@nnmsp ἀπαλλαξείω@vpreams νῦν@b γε@b σύ@rpdmp εἰμί@vnpa-- βέβαιος@ananss φυλάσσω@vmpa2s σοφωνίβας@nafsp μή@cs μασσανάσσης@nafsp εἰς@p ὅς@rpdfs βούλομαι@vipe3s μετάγω@vsae2s οὐ@b γάρ@b δή@b μή@cs ὁ@dnns γύναιον@nnnsc ποτέ@b αἱρέω@vsam3s ὁ@danp ῥωμαῖος@ngmpp ἐλπίζω@vnpa-- ἄξιος@annns- οὕτως@b εἰμί@vipa3s ἰσχυρός@b φιλόπολις@nnfsc"
"Pun._5.28","οὗτος@rpanp ὁ@dnms μέν@b λέγω3@viia3s εἰ@cs τε@cs ἀληθεύω@vppanms εἰ@b τε@cs ζηλοτυπέω@vppenms καί@cs μασσανάσσης@nafsp εἰς@p ὁ@danp μέγας@ananp- βλάπτω@vppanms ὁ@dnms δέ@b σκιπίων@nnmsp σῦφαξ@namsp μέν@b συνετός@anams- τε@b φαίνω@vppeams καί@cs ὁ@dgfs χώρα@ngfsc ἔμπειρος@anams- ἐπί@p ὁ@danp κοινός@ananp- πήγνυμι@viie3s καί@cs γνώμη@ngfsc καί@cs συμβουλή@ngfsc μεταδίδωμι@viia3s οἷος@anans- τις@anans- καί@b κροῖσος@ndmsp ὁ@ddms λυδός@andms- κῦρος@nnmsp χράομαι@viie3s λαίλιος@ngmsp δέ@cs ἀφικνέομαι@vpamgms καί@cs ὁ@dans αὐτός@rpanp περί@p ὁ@dgfs σοφωνίβας@ngfsp πυνθάνομαι@vnam-- παρά@p πολύς@angmp- λέγω3@vppagms κελεύω@viaa3s ὁ@dams μασσανάσσης@namsp ὁ@dafs σῦφαξ@ngmsp γυνή@nafsc παραδίδωμι@vnaa-- παραιτέομαι@vppegms δέ@b ἐκεῖνος@rpgms καί@cs ὁ@danp περί@p αὐτός@rpgfs ἄνωθεν@b ὡς@cs γίγνομαι@viam3s διηγέομαι@vppegms τραχύς@anansc ὁ@dnms σκιπίων@nnmsp κελεύω@viia3s αὐτός@rpams μηδείς@rpans ἀφαιρέω@vnpe-- βία@ndfsc ὁ@dgnp ῥωμαικός@angnp- λάφυρα@ngnpc ἀλλά@cs εἰς@p ὁ@dans μέσος@anans- κατατίθημι@vpaaams αἰτέω@vnpa-- καί@cs πείθω@vnpa-- εἰ@cs δύναμαι@vope3s οἴχομαι@viie3s οὖν@b ὁ@dnms μασσανάσσης@nnmsp μετά@p τις@angmp- ῥωμαῖος@ngmpp παραδίδωμι@vpfanms αὐτός@rpdmp ὁ@dafs σοφωνίβας@nafsp κρύφα@b δέ@b αὐτός@rpdfs φέρω@vppanms φάρμακον@nansc πρῶτος@annms- ἐντυγχάνω@viaa3s καί@cs ὁ@danp πάρειμι1@vppaanp προτίθημι@viaa3s ἤ1@b πίνω@vnaa-- ἤ1@cs ῥωμαῖος@ndmpp δουλεύω@vnpa-- ἑκών@anafs- οὐδείς@rpans τε@b εἶπον@vpaanms ἔτι@b ἐξελαύνω@viaa3s ὁ@dams ἵππος@namsc ὁ@dnfs δέ@b ὁ@ddfs τροφός@ndfsc δείκνυμι@vpaanfs ὁ@dafs κύλιξ@nafsc καί@cs δέω2@vpapnfs μηδείς@rpans ὀδύρομαι@vnam-- καλός@b ἀποθνήσκω@vpaaafs πίνω@viaa3s ὁ@dgns φάρμακον@ngnsc καί@b αὐτός@rpafs ὁ@dnms μασσανάσσης@nnmsp ὁ@ddmp ἥκω@vppadmp ῥωμαῖος@ngmpp ἐπιδείκνυμι@vpaanms καί@cs θάπτω@vpaanms βασιλικῶς@b ὑποστρέφω@viia3s πρός@p σκιπίων@namsp ὁ@dnms δέ@b αὐτός@rpams ἐπαινέω@vpaanms τε@b καί@cs παρηγορέω@vpaanms ὅτι@cs πονηρός@angfs- γυνή@ngfsc ἀπαλλάσσω@viap3s στεφανόω@viaa3s ὁ@dgfs ἔφοδος3@ngfsc ὁ@dgfs ἐπί@p σῦφαξ@nafsp καί@cs δωρέομαι@viam3s πολύς@andmp- ἄγω@vpapgms δέ@b εἰς@p ῥώμη@nafsp ὁ@dgms σῦφαξ@ngmsp ὁ@dnmp μέν@b ἀξιόω@viia3p περιποιέω@vnpa-- ἀνήρ@namsc ἐν@p ἰβηρίη@ndfsp φίλος@anams- καί@cs σύμμαχος@namsc αὐτός@rpdmp γίγνομαι@vpamams ὁ@dnmp δέ@cs κολάζω@vnpa-- ὅτι@cs ὁ@ddmp φίλος@ndmpc πολεμέω@viaa3s ὁ@dnms δέ@b ὑπό@p λύπη@ngfsc νοσέω@vppanms ἀποθνῄσκω@viaa3s"
"Pun._5.29","ἀσδρούβας@nnmsp δέ@b ἐπεί@cs καλός@b ὁ@damp σύνειμι@vppaamp γυμνάζω@viaa3s πέμπω@viia3s τις@rpams πρός@p ἄννων@namsp ὁ@dams στρατηγός@namsc ὁ@dgmp καρχηδόνιος@ngmpp ἀξιόω@vppanms ἑαυτοῦ@rpdms ὁ@dams ἄννων@namsp κοινωνέω@vnaa-- ὁ@dafs στρατηγία@nafsc καί@cs ὑποδείκνυμι@vppanms ὅτι@cs πολύς@annmp- σκιπίων@ndmsp σύνειμι1@vipa3p ἴβηρ@nnmpp ἀέκων@annmp- ὅς@rpamp ἐάν@cs τις@rpnms χρυσίον@ndnsc καί@cs ὑπόσχεσις@ndfpc διαφθείρω@vspa3s ὁ@dans στρατόπεδον@nansc ἐμπίμπρημι@vifa3p ὁ@dans σκίπιωνος@ngmsp φημί@viia3s δέ@b καί@b αὐτός@rpnms εἰ@cs προμανθάνω@voaa3s ὁ@dams καιρός@namsc ἥκω@vnfa-- ἐπί@p ὁ@dans ἔργον@nansc οὗτος@rpanp μέν@b ἀσδρούβας@nnmsp ὁ@dnms δέ@cs ἄννων@nnmsp εἰς@p μέν@b ὁ@dams ἀσδρούβας@namsp ἐπανουργέω@vipa3s ὁ@dgns δέ@cs ἐγχείρημα@ngnsc οὐ@b ἀπόἐλπίζω@viaa3s ἀλλά@cs ἀνήρ@namsc πιστός1@anams- μετά@p χρυσίον@ngnsc καθά@cs αὐτόμολος@annns- εἰς@p ὁ@dans σκίπιωνος@nnmsp στρατόπεδον@nansc καταπέμπω@viaa3s ὅς@rpnms πιθανός@annms- εἰμί@vppanms ἐντυγχάνω@vnaa-- ἕκαστος@andms- διαφθείρω@viaa3s πολύς@anamp- ἡμέρα@nafsc τε@cs συντίθημι@vpamnms αὐτός@rpdmp ἐπανέρχομαι@viaa3s καί@b ὁ@dafs ἡμέρα@nafsc ὁ@dnms ἄννων@nnmsp ὁ@ddms ἀσδρούβας@ndmsp μεταφέρω@viia3s σκιπίων@ndmsp δέ@b θύω1@vppedms κίνδυνος@namsc ὁ@dnnp ἱερόν@nnnpc δηλόω@viia3s ἐμπρησμός@ngmsc καί@b περιπέμπω@vpaanms εἰς@p ἅπας@anans- ὁ@dans στρατόπεδον@nansc εἰ@cs πού@b τις@anans- λάβρος@anans- εὑρίσκω@viia3s πῦρ@nansc καταπαύω@viaa3s καί@b αὖθις@b ἐπί@p πολύς@anafp- ἡμέρα@nafpc θύω@viie3s ὡς@cs δέ@b οὐ@b ἀνίημι@viia3s ὁ@danp ἱερόν@nanpc ὁ@dams ἐμπρησμός@namsc ὑποδείκνυμι@vppaanp ὁ@dnms μέν@b βαρυθυμέω@viia3s καί@cs μεταστρατοπεδεύω@vnaa-- διαγιγνώσκω@vila3s"
"Pun._5.30","ἱππεύς@nnmsc δέ@cs ῥωμαῖος@ngmsp θεράπων@nnmsc ἴβηρ@nnmsp ὑπονοέω@vpaanms τις@rpans περί@p ὁ@dgmp συντίθημι@vpamgmp ὑποκρίνομαι@viam3s σύνοιδα@vnra-- ἕως@cs ὁ@dans πᾶς@anans- μανθάνω@viaa3s καί@cs μηνύω@viaa3s ὁ@ddms δεσπότης@ndmsc ὁ@dnms δέ@cs αὐτός@rpams εἰς@p ὁ@dams σκιπίων@namsp ἄγω@viaa3s καί@cs ὁ@dnns πλῆθος@nnnsc ἐλέγχω@viie3s καί@b πᾶς@anamp- ὁ@dnms σκιπίων@nnmsp ἐκτείνω@viaa3s καί@cs ἐκπίτνω@viaa3s πρό@p ὁ@dgns στρατόπεδον@ngnsc αἴσθησις@nnfsc δέ@b εἰμί@viia3s ἄννων@ndmsp μέν@b ὀξύς@annfs- πλησίος@b εἰμί@vppadms καί@cs οὐ@b ἔρχομαι@viaa3s ἐπί@p ὁ@dans σύγκειμαι@vppeans ἀσδρούβας@nnmsp δέ@b ἀγνοέω@vppanms ἀφικνέομαι@viam3s ὡς@cs δέ@b ὁ@dans πλῆθος@nansc εἶδον@viaa3s ὁ@dgmp νεκρός@ngmpc εἰκάζω@viaa3s ὁ@dans συμβαίνω@vpaaans καί@cs ἀναχωρέω@viia3s καί@b αὐτός@rpams ὁ@dnms ἄννων@nnmsp εἰς@p ὁ@dans πλῆθος@nansc διαβάλλω@viia3s ὡς@cs ἀφικνέομαι@voam3s σκιπίων@ndmsp δίδωμι@vppanms ἑαυτοῦ@rpams ὁ@dnms δέ@cs οὐ@b λαμβάνω@voaa3s ἀσδρούβας@nnmsp μέν@b δή@b καί@b ἐκ@p ὅδε@rpgns ὁ@ddmp καρχηδόνιος@ndmpp εἰμί@viia3s μᾶλλον@b διά@p μῖσος@ngnsc ὑπό@p δέ@b ὁ@dams αὐτός@anams- καιρός@namsc ἀμίλχαρ@nnmsp μέν@b ἄφνω@b ὁ@ddfp ῥωμαῖος@ngmpp να@ndfpc υίς@ndfpc ἐπιπλέω@vpaanms εἷς@anafs- λαμβάνω@viaa3s τριήρης@nafsc καί@cs φορτίς@nafpc ἕξ@an---- ἄννων@nnmsp δέ@cs ἐπιτίθημι@vpamnms ὁ@ddmp πολιορκέω@vppadmp ἰτύκη@nafsp ἀποκωλύω@viap3s σκιπίων@nnmsp δέ@b χρόνιος@angfs- ὁ@dgfs πολιορκία@ngfsc εἰμί@vppagfs οὗτος@rpafs μέν@b διαλύω@viaa3s οὐδείς@rpans ἀνύω@vppanms ὁ@dafp δέ@cs μηχανή@nafpc εἰς@p ἱππῶναξ@nafsp πόλις@nafsc μετατίθημι@viia3s καί@b οὐδείς@rpgms οὐ@b δέ@b ἐνταῦθα@b προκόπτω@vppagms αὐτός@rpdms κατακαίω@vpaanms ὡς@cs ἄχρηστος@annnp- ὁ@danp μηχάνημα@nanpc ὁ@dafs χώρα@nafsc ἐπιτρέχω@viia3s ὁ@damp μέν@b εἰς@p φιλία@nafsc ἐπάγω@vppenms ὁ@damp δέ@cs ληίζομαι@vppenms"
"Pun._6.31","καρχηδόνιος@nnmpp δέ@b ἐπί@p ὁ@ddfp κακοπραγία@ndfpc δυσφορέω@vppanmp αἱρέω@vipe3p στρατηγός@namsc αὐτοκράτωρ@namsc ἀννίβας@namsp ὁ@dams δέ@cs ναύαρχος@namsc πέμπω@viia3p ἐπί@p ναῦς@ngfpc ἐπισπέρχω@vnpa-- αὐτός@rpams ἐπί@p ὁ@dafs διάβασις@nafsc ἅμα@b δέ@b οὗτος@rpanp πράσσω@viia3p καί@cs εἰς@p ὁ@dams σκιπίων@namsp περί@p εἰρήνη@ngfsc πρεσβεύω@viie3p ἡγέομαι@vppmnmp οὗτος@rpdmp πάντως@b ἄν@b εἷς@angns- τυγχάνω@vnaa-- ἤ1@b ὁ@dafs εἰρήνη@nafsc ἔχω@vnfa-- ἤ1@cs χρόνος@namsc διατρίβω@vnfa-- ἕως@cs ἀφικνέομαι@voam3s ὁ@dnms ἀννίβας@nnmsp σκιπίων@nnmsp μέν@b οὖν@b αὐτός@rpdmp ἀνοχή@nafpc τε@b δίδωμι@viaa3s καί@cs ὁ@dafs δαπάνη@nafsc ὁ@dgms στρατός@ngmsc λαμβάνω@vpaanms πρεσβεύω@vnpa-- ἐφίημι@viia3s εἰς@p ῥώμη@nafsp ὁ@dnmp δέ@b πρεσβεύω@viia3p καί@b τεῖχος@ngnpc ἐκτός@p στάθμεύω@viia3p ὡς@b ἔτι@b πολέμιος@nnmpc ἄγω@vpapnmp τε@cs ἐπί@p ὁ@dafs βουλή@nafsc δέω2@viie3p συγγνώμη@ngfsc τυγχάνω@vnaa-- ὁ@dgmp δέ@b βουλευτής@ngmpc ὁ@dnmp μέν@b ὁ@dgfs καρχηδόνιος@ngmpp ἀπιστία@ngfsc ὑπομιμνήσκω@viia3p ὁσάκις@b συντίθημι@vope3p καί@cs παραβαίνω@voaa3p ὅσος@ananp- τε@cs ἀννίβας@nnmsp δρασείω@voaa3s δεινός@ananp- ῥωμαῖος@nampp καί@cs ὁ@damp ῥωμαῖος@ngmpp σύμμαχος@nampc ἐν@p τε@b ἰβηρίη@ndfsp καί@cs ἰταλία@ndfsp ὁ@dnmp δέ@b ὁ@dans ὁ@dgfs εἰρήνη@ngfsc χρήσιμος@anans- οὐ@b καρχηδόνιος@ndmpp μᾶλλον@b ἤ1@cs σφεῖς@rpdmp ὑποδείκνυμι@viia3p εἰμί@vnfm-- ὁ@dgfs ἰταλία@ngfsp τοσόσδε@andmp- πόλεμος@ndmpc ἐκτρύχω@vpregfs ὁ@dans τε@cs ὁ@dgns μέλλω@vppagns περιδεής@anans- ἐπέξειμι@viia3p ἐπιπλέω@vppegmp ἐπί@p ὁ@dams σκιπίων@namsp αὐτίκα@b σύν@p μέγας@andmp- στρατός@ndmpc ἀννίβας@ngmsp τε@b ἐκ@p ἰταλία@ngfsp καί@b μάγων@ngmsp ἐκ@p λίγυες@ngmpp καί@cs ἄννων@ngmsp ἀπό@p καρχηδών@ngfsp"
"Pun._6.32","ἐπί@p ὅς@rpdnp ἀφοράω@vppanfs ὁ@dnfs βουλή@nnfsc σύμβουλος@nampc πέμπω@viaa3s ὁ@ddms σκιπίων@ndmsp μετά@p ὅς@rpgnp μέλλω@viia3s κρίνω@vnfa-- τε@b καί@cs πράσσω@vnfa-- ὅς@rpans τις@anans- δοκιμάζω@voaa3s συμφέρω@vnfa-- ὁ@dnms δέ@b εἰς@p ὁ@dafs εἰρήνη@nafsc ὁ@ddmp καρχηδόνιος@ndmpp ἐπί@p ὅδε@rpdnp συμβαίνω@viaa3s μάγων@namsp μέν@b ἀποπλέω@vnpa-- ἐκ@p λίγυες@ngmpp αὐτίκα@b καί@b ὁ@dgns λοιπός@angns- καρχηδόνιος@nampp μή@b ξενολογέω@vnpa-- μη@b δέ@b ναῦς@nafpc ἔχω@vnpa-- μακρός@anafp- πλείων@anafp- τριάκοντα@an---- μη@b δέ@cs πολυπραγμονέω@vnpa-- τις@rpans πέρα@b ὅς@rpafs ἔχω@vipa3p ἐντός@p ὁ@dgfp λέγω3@vppegfp φοινικίς@ngfpp τάφρος@ngfpc ἀποδίδωμι@vnaa-- δέ@cs ῥωμαῖος@ndmpp ὅσος@anamp- αἰχμάλωτος@anamp- αὐτός@rpgmp ἔχω@vipa3p καί@cs αὐτόμολος@anamp- ἀργύριον@ngnsc τε@b αὐτός@rpdmp τάλαντον@nanpc χίλιοι@ananp- καί@cs ἑξακόσιοι@ananp- εἰσφέρω@vnaa-- ἐν@p χρόνος@ndmsc ἔχω@vnpa-- δέ@cs μασσανάσσης@nafsp μασσύλιος@nampp τε@b καί@cs ὁ@dgfs σῦφαξ@ngfsp ἀρχή@ngfsc ὅσος@ananp- δύναμαι@vope3s ὅδε@rpanp μέν@b συντίθημι@viam3p ἀλλήλων@rpdmp καί@b πρέσβυς@nnmpc διαπλέω@viia3p ὁ@dnmp μέν@b εἰς@p ῥώμη@nafsp ὁ@damp ὕπατος@nampc ὁρκίζω@vppanmp ὁ@dnmp δέ@cs ἀπό@p ῥώμη@ngfsp εἰς@p καρχηδών@nafsp καί@cs ὁ@dnnp τέλος@nnnpc ὁ@dgmp καρχηδόνιος@ngmpp αὐτός@rpdmp ὄμνυμι@viia3s μασσανάσσης@ndfsp δέ@b ῥωμαῖος@nnmpp χαριστήριος@ananp- ὁ@dgfs συμμαχία@ngfsc στέφανος@namsc τε@b ἀπό@p χρυσός@ngmsc καί@cs σφραγίς@nafsc χρύσεος@anafs- πέμπω@viia3p καί@b ἐλεφάντινος@anams- δίφρος@namsc καί@b πορφύρα@nafsc καί@b στολή@nafsc ῥωμαῖος@anafs- καί@b ἵππος@namsc χρυσοφάλαρος@anams- καί@cs πανοπλία@nafsc"
"Pun._6.33","γίγνομαι@vppegnp δέ@b ἔτι@b οὗτος@rpgnp ὁ@dnms ἀννίβας@nnmsp ἀέκων@annms- εἰς@p καρχηδών@nafsp πλέω@viia3s ὁ@dafs εἰς@p ὁ@damp ἄρχων@nampc ἀπιστία@nafsc ὁ@dgms δῆμος@ngmsc καί@cs ταχυεργία@nafsc ὑφοράω@vppenms ἀπιστέω@vppanms δέ@b ἔτι@b ὁ@dafp σπονδή@nafpc εἰμί@vnfm-- καί@cs εἰ@cs γίγνομαι@voam3p εὖ@b οἶδα@vpranms οὐ@b εἰς@p πολύς@anans- βέβαιος@anafp- εἰμί@vppeafp εἰς@p ἀδρυμητός@namsp λιβύη@ngfsp κατάγω@viie3s πόλις@nafsc καί@b σῖτος@namsc συλλέγω@viia3s ἐπί@p τε@b ὠνή@nafsc ἵππος@ngmpc περιπέμπω@viia3s καί@cs ὁ@dams δυνάστης@namsc ὁ@dgmp νομάς@ngmpp ὁ@dgmp καλέω@vppegmp ἀρεακίδαι@ngmpp εἰς@p φιλία@nafsc ὑπάγω@viie3s καί@b τετρακισχίλιοι@anamp- ἱππεύς@nampc αὐτόμολος@anamp- αὐτός@rpdms προσφεύγω@vpaaamp ὅς@rpnmp σῦφαξ@ngmsp εἰμί@vppanmp τότε@b γίγνομαι@viie3p μασσανάσσης@ngmsp κατακοντίζω@viaa3s ὑποπτεύω@vpaanms ὁ@damp δέ@b ἵππος@nampc διαδίδωμι@viaa3s ὁ@ddms στρατός@ndmsc ἔρχομαι@viaa3s δέ@b καί@b μεσοτυλος@nnmsp αὐτός@rpdms δυνάστης@nnmsc ἕτερος@annms- μετά@p χίλιοι@angmp- ἱππεύς@ngmpc καί@cs οὐερμινᾶς@ngfsp σῦφαξ@ngmsp υἱός@nnmsc ἕτερος@annms- ἔτι@b ὁ@dgmp πλείων@ang-pc ὁ@dgfs πατρῷος@angfs- ἀρχή@ngfsc ἐπικρατέω@vppanms πόλις@nafpc τε@b μασσανάσσης@ngmsp ὁ@dafp μέν@b ὑπάγω@viie3s ὁ@dafp δέ@cs βιάζω@viie3s νάρκη@nafsc δέ@b ἐνεδρεύω@viaa3s ὧδε@b ἀγορά@ndfsc χράομαι@vppenms εἰσπέμπω@viia3s ὡς@b εἰς@p φίλος@nampc ὅτε@cs δέ@b δοκέω@viaa3s ἐπιτίθημι@vnae-- πλείων@anampc πέμπω@viia3s ξιφίδιον@nanpc ἐπικρύπτω@vppaamp ὅς@rpdmp ἐρῶ@vile3s ὁ@danp δίκαιος@ananp- ποιέω@vnpa-- εἰς@p ὁ@damp πιπράσκω@vppaamp μέχρι@p σάλπιγξ@ngmpc ἀκούω@voaa3p τότε@b δέ@cs ἐπιχειρέω@vnpa-- ὁ@ddmp ἐντυγχάνω@vpaadmp καί@cs ὁ@dafp πύλη@nafpc ὁ@rpdms φυλάσσω@vnpa--"
"Pun._6.34","οὕτως@b μέν@b ἁλίσκομαι@viaa3s νάρκη@nnfsp καρχηδόνιος@ngmpp δέ@b ὁ@dnms δῆμος@nnmsc ἄρτι@b ὁ@dafp συνθήκη@nafpc ποιέω@vprenmp καί@cs σκίπιωνος@ngmsp αὐτός@rpdmp ἔτι@b πάρειμι1@vppagms οὔπω@b ὁ@dgmp ἴδιος@angmp- πρέσβυς@ngmpc ἀπό@p ῥώμη@ngfsp ἀναστρέφω@vpragmp ἀγορά@nafsc σκίπιωνος@nnmsp ὑπό@p ἄνεμος@ngmpc καταφέρω@vpapafs εἰς@p καρχηδών@nafsp διαρπάζω@viaa3p καί@cs ὁ@damp παραπέμποντες@vppaamp αὐτός@rpafs δέω@viaa3p πολύς@ananp- ὁ@dgfs βουλή@ngfsc ἀπειλέω@vppagfs καί@cs παραινέω@vppagfs μή@b λύω@vnpa-- συνθήκη@nafpc ἄρτι@b γίγνομαι@vpreafp ὁ@dnmp δέ@b καί@b ὁ@ddfp συνθήκη@ndfpc ἐπιμέμφομαι@viie3p ὡς@b ἄδικος@b γίγνομαι@vpamdfp καί@cs ὁ@dams λιμός@namsc φημί@viia3p ἐνοχλέω@vnpa-- ὑπέρ@p ὁ@dafp παράβασις@nafpc σκιπίων@nnmsp μέν@b οὖν@b οὐ@b ἀξιόω@viia3s πόλεμος@ngmsc κατάρχω@vnpa-- μετά@p σπονδή@nafpc ἀλλά@cs αἰτέω@viia3s δίκη@nafpc ὡς@p φίλος@nampc ἁμαρτάνω@vpaaamp ὁ@dnmp δέ@b καί@b ὁ@damp πρέσβυς@nampc αὐτός@rpgms κρατέω@vnpa-- ἐπινοέω@viia3p ἕως@cs ἀφικνέομαι@voam3p ἑαυτοῦ@rpdmp ὁ@dnmp ἀπό@p ῥώμη@ngfsp ἀλλά@b ὅδε@rpamp μέν@b ἄννων@nnmsp τε@b ὁ@dnms μέγας@annms- καί@cs ἀσδρούβας@nnmsp ὁ@dnms ἔριφος@annms- ἐξαιρέω@viam3p ὁ@dgns πλῆθος@ngnsc καί@cs προπέμπω@viia3p δύο@an---- τριήρης@ndfpc ἕτερος@annmp- δέ@b ἀσδρούβας@namsp ὁ@dams ναύαρχος@namsc πείθω@viaa3p ὁρμάω@vppaams περί@p ὁ@dafs ἀπόλλων@ngmsp ἄκρα@nafsc ὅταν@cs ἀφεστήξω@vsaa3p ὁ@dnfp προπομπός@annfp- τριήρης@nnfpc ἐπιτίθημι@vnae-- ὁ@ddnp ὁ@dgms σκίπιωνος@nnmsp καί@b ὁ@dnms μέν@b ἐπιτίθημι@viam3s καί@cs ὁ@dgmp πρέσβυς@ngmpc τις@rpnmp ἐκ@p τόξευμα@ngnpc ἀποθνήσκω@viaa3p ὁ@dnmp δέ@b λοιπός@annmp- τιτρώσκω@vppenmp τε@b καί@cs ἐρέσσω@vppanmp φθάνω@viaa3p εἰς@p ὁ@dams λιμήν@namsc ὁ@dgns σφέτερος@angns- στρατόπεδον@ngnsc καί@cs ἐξελαύνω@vile3p ὁ@dgfs ναῦς@ngfsc ἤδη@b λαμβάνω@vppegfs παρά@p τοσοῦτος@rpans ἔρχομαι@viaa3p αἰχμάλωτος@annmp- γίγνομαι@vnam--"
"Pun._6.35","ὅς@rpgmp ὁ@dnmp ἐν@p ἄστυ@ndnsc ῥωμαῖος@nnmpp πυνθάνομαι@vpamnmp ὁ@damp πρέσβυς@nampc ὁ@damp καρχηδόνιος@ngmpp ὅς@dnmp περί@p ὁ@dgfs εἰρήνη@ngfsc ἔτι@b πάρειμι1@viia3p κελεύω@viia3p ἀποπλέω@vnpa-- αὐτίκα@b ὡς@b πολέμιος@nampc καί@b ὁ@dnmp μέν@b ἐκπλέω@viia3p καί@cs ὑπό@p ὁ@dgms χειμών@ngmsc εἰς@p ὁ@dans ὁ@dgms σκίπιωνος@ngmsp στρατόπεδον@nansc κατάγω@viie3p σκιπίων@nnmsp δέ@b ὁ@ddms ναύαρχος@ndmsc πυνθάνομαι@vpamdms περί@p αὐτός@rpgmp ὅς@rpans τις@anans- δέω@vopa3s ποιέω@vnpa-- οὐδείς@rpans ὅμοιος@annns- φημί@viia3s ὁ@ddfp καρχηδόνιος@ngmpp ἀπιστία@ndfpc ἀλλά@cs ἀποπέμπω@viia3s ἀπαθής@anamp- μανθάνω@vpaanfs δέ@b ὁ@dnfs γερουσία@nnfsc ὁ@dams δῆμος@namsc ὀνειδίζω@viia3s ὁ@ddfs σύγκρισις@ndfsc καί@cs συμβουλεύω@viia3s καί@b νῦν@b δέω2@vnap-- σκίπιωνος@ngmsp ὁ@danp μέν@b σύγκειμαι@vpreanp φυλάσσω@vnpa-- δίκη@nafpc δέ@cs ὁ@dgnp ἁμαρτάνω@vpregnp παρά@p καρχηδόνιος@ngmpp λαμβάνω@vnaa-- ὁ@dnmp δέ@b καί@b αὐτός@andfs- ὁ@ddfs γερούσιος@ndfsc δυσχεραίνω@vppanmp ἐκ@p πολύς@angns- διά@p ὁ@dafs κακοπραγία@nafsc ὡς@b οὐ@b εὖ@b ὁ@danp συμφέρω@vppaanp προοράω@vpredfs καί@cs ὑπό@p ἀνήρ@ngmpc δήμκοπος@ngmpc ὁρμάω@vppenmp τε@b καί@cs εἰς@p ἄλογος@anafp- ἐλπίς@nafpc ἐπαίρω@vppenmp ὁ@dams ἀννίβας@namsp καλέω@viia3p υομαι@viie3s ὅς@angfs- ἔχω@vipa3s στρατιά@ngfsc"
"Pun._6.36","ὁ@dnms δέ@b ὁράω@vppanms ὁ@dans μέγεθος@nansc ὁ@dgms πολεμος@ngmsc ἀσδρούβας@nafsp αὐτός@rpamp κελεύω@viia3s σύν@p ὁ@ddfs πάρειμι1@vppadfs δύναμις@ndfsc καλέω@vnpa-- ἀσδρούβας@nnmsp μέν@b δή@b ὁ@dgfs καταδίκη@ngfsc αὐτός@rpdms λύω@vpapgfs παραδίδωμι@viia3s ὁ@dams στρατός@namsc ἀννίβας@ndmsp καί@cs οὐ@b δέ@b ὡς@b ἐπιφαίνω@vnpe-- ὁ@ddmp καρχηδόνιος@ndmpp θαρσέω@viia3s ἀλλά@cs κρύπτω@viie3s ἐν@p ὁ@ddfs πόλις@ndfsc σκιπίων@nnmsp δέ@b ναῦς@nafpc ὁ@ddfs καρχηδών@ndfsp ἐφίστημι@vpaanms ἔργω@viia3s αὐτός@rpamp ἀγορά@ngfsc ἀπό@p θάλασσα@ngfsc οὐ@b εὐπορέω@vppaamp οὐ@b δέ@cs ἀπό@p ὁ@dgfs γῆ@ngfsc ἄσπορος@angfs- διά@p ὁ@dams πόλεμος@namsc γίγνομαι@vpamgfs ὁ@dgmp δέ@b αὐτός@angfp- ἡμέρα@ngfpc ἀννίβας@ngmsp καί@cs σκίπιωνος@ngmsp ἱππομαχία@nnfsc γίγνομαι@vipe3s περί@p ζάμας@nafsp ἐν@p ὅς@rpdfs σκιπίων@nnmsp πλεονεκτέω@viia3s καί@b ὁ@ddfp ἔπειμι1@vppadfp ἀκροβολίσμα@nnnpc εἰμί@viia3s εἰς@p ἀλλήλων@rpamp ἕως@cs αἰσθάνομαι@vpamnms ὁ@dnms σκιπίων@nnmsp ἀννίβας@namsp ἰσχυρός@b τε@b ἀφοράω@vppeams καί@cs περιμένω@vppaams ἀγορά@nafsc φέρω@vppeafs νύξ@ngfsc πέμπω@viaa3s θέρμος@namsp χιλίαρχος@namsc ἐπί@p ὁ@damp ἄγω@vppaamp αὐτός@rpafs καί@b λόφος@namsc ὁ@dnms θέρμος@nnmsp ἐν@p στενός@andfs- δίοδος@ndfsc καταλαμβάνω@vpaanms ἐκτείνω@viaa3s ὁ@dgmp λίβυον@ngmpp εἰς@p τετρακισχίλιοι@anamp- καί@b ζωγρέω@viaa3s ἕτερος@anamp- τοσόσδε@rpamp καί@cs ὁ@dafs ἀγορά@nafsc ἵημι@viia3s φέρω@vppanms ὁ@ddms σκιπίων@ndmsp"
"Pun._6.37","ὁ@dnms δέ@b ἀννίβας@nnmsp εἰς@p ἔσχατος@anans- ἀφικνέομαι@vprenms ἀπορία@nafpc καί@cs ὁ@dans πάρειμι1@vppaans ἐπινοέω@vppanms ὅπως@cs δύναμαι@vope3s διατίθημι@vnae-- πρέσβυς@nampc εἰς@p μασσανάσσης@nafsp πέμπω@viia3s ὑπομιμνήσκω@vppanms τε@b ὁ@dgfs ἐν@p καρχηδών@ndfsp διατριβή@ngfsc καί@cs παίδευσις@ngfsc καί@cs παρακαλέω@vppanms ἔτι@b ὁ@rpdms συνάγω@vnaa-- εἰς@p συνθήκη@nafpc σκιπίων@namsp ὁ@danp γάρ@b πρότερος@ananp- ὁ@dgms δῆμος@ngmsc καί@cs ὁ@dgnp ἀνόητος@angnpc ὁ@dgms δῆμος@ngmsc ἁμάρτημα@nanpc γίγνομαι@vnam-- ὁ@dnms δέ@b ὁ@ddns εἰμί@vppadns τρέφω@vprenms τε@b καί@cs παιδεύω@vprenms ἐν@p καρχηδών@ndfsp καί@b ὁ@dnns ἀξίωμα@nansc ὁ@dgfs πόλις@ngfsc αἰδέομαι@vppenms τε@b καί@cs φίλος@annms- εἰμί@vppanms ἔτι@b πολύς@andmp- ἐκεῖθεν@b δέω2@viap3s ὁ@dgms σκίπιωνος@ngmsp καί@cs συνάγω@viaa3s αὐτός@rpamp αὖθις@b εἰς@p τοιόσδε@anafp- συνθήκη@nafpc ὥστε@cs καρχηδόνιος@nampp ὁ@dafp τε@b ναῦς@nafpc καί@cs ὁ@damp ἀνήρ@nampc ὅς@rpamp λαμβάνω@viaa3p ῥωμαῖος@ndmpp ἀγορά@nafsc φέρω@vppaamp ἀποδίδωμι@vnaa-- καί@b ὁ@danp ἁρπάζω@vpreanp ἅπας@ananp- ἤ1@cs ὁ@dgmp ἀπόλλυμι@vpragmp τιμή@nafsc ὅς@rpgnp ἄν@b ὁρίζω@vsaa3s σκιπίων@nnmsp ποινή@nafsc τε@cs ὁ@dgns ἀδίκημα@ngnsc χίλιοι@ananp- τάλαντον@nanpc εἰσφέρω@vnaa-- ὅδε@rpnnp μέν@b εἰμί@viia3s ὁ@dnnp σύγκειμαι@vprennp καί@cs γίγνομαι@vpamgfp ἀνοχή@ngfpc μέχρι@cs αὐτός@rpanp μανθάνω@vsaa3p καρχηδόνιος@nnmpp ὁ@dnms μέν@b ἀννίβας@nnmsp ἐκ@p ἄελπτος@ngnsc περισῴζω@viie3s"
"Pun._7.38","καρχηδόνιος@ngmpp δέ@cs ὁ@dnfs μέν@b βουλή@nnfsc ὁ@danp συμβαίνω@vpaaanp ὑπερασπάζομαι@viie3s καί@cs παρακαλέω@viia3s ὁ@dams δῆμος@namsc ἐμμένω@vnaa-- ὁ@ddnp γιγνώσκω@vprednp ὁ@dafs τε@b κακοπραγία@nafsc σφεῖς@rpgmp ὁ@dafs εἰς@p ἅπας@ananp- διηγέομαι@vppenfs καί@cs ὁ@dafs πάρειμι1@vppaafs ἀπορία@nafsc στρατός@ngmsc τε@b καί@b χρῆμα@ngnpc καί@cs ἀγορά@ngfsc ὁ@dnmp δέ@b οἷος@annns- ὄχλος@nnmsc ἄφρων@b ἡγέομαι@viim3p ὁ@damp στρατηγός@nampc σφεῖς@rpgmp διά@p ἑαυτοῦ@rpamp οὗτος@rpanp ῥωμαῖος@ndmpp συντίθημι@vnpe-- ἵνα@cs διά@p ἐκεῖνος@rpgmp δυναστεύω@vsaa3p ὁ@dgfs πατρίς@ngfsc ὅς@rpans καί@b ἀννίβας@namsp νῦν@b καί@cs ἀσδρούβας@namsp οὐ@b πρό@p πολύς@angns- ποιέω@vnaa-- τε@b καί@cs ὁ@dans στρατόπεδον@nansc νύξ@ngfsc ἐγχειρίζω@vpaaams ὁ@ddmp πολέμιος@ndmpc μετά@p ὀλίγος@anans- καί@b ἑαυτοῦ@rpams ἐθέλω@vnaa-- ὁ@ddms σκιπίων@ndmsp ἐνδίδωμι@vnaa-- ἐπί@p ὅδε@rpdns προσπελάζω@vpaaams κρύπτω@vnpe-- τε@cs νῦν@b ἐν@p ὁ@ddfs πόλις@ndfsc βοή@ngfsc δέ@b ἐπί@p οὗτος@rpdns καί@cs θόρυβος@ngmsc γίγνομαι@vpamgms ὁ@dafs ἐκκλησία@nafsc τις@rpnmp καταλιμπάνω@vpaanmp ζητέω@viia3p ἀσδρούβας@namsp περίειμι1@vppanmp ὁ@dnms δέ@b φθάνω@viaa3s μέν@b εἰς@p ὁ@dams ὁ@dgms πατήρ@ngmsc τάφος@namsc καταφεύγω@vpaanms καί@cs φάρμακος@ndnsc διαχράομαι@vpamnms ἑαυτοῦ@rpams ὁ@dnmp δέ@b καί@b ἐκεῖθεν@b αὐτός@rpgms ὁ@dams νέκυς@namsc ἐξαιρέω@vpaanmp καί@cs ὁ@dafs κεφαλή@nafsc αὐτός@rpgms ἀποτέμνω@vpaanmp περιφέρω@viia3p ἐπί@p δόρυ@ngnsc ἀνά@p ὁ@dafs πόλις@nafsc ἀσδρούβας@nnmsp μέν@b δή@b καί@b ὁ@dans πρῶτος@anans- ἄδικος@b ἐκπίτνω@viia3s καί@b ὁ@dans δεύτερος@anans- ψευδής@b διαβάλλω@vile3s ὑπό@p ἄννων@ngmsp καί@cs τότε@b πρός@p καρχηδόνιος@ngmpp οὕτως@b ἀναιρέω@vile3s καί@cs οὕτως@b ἀποθνήσκω@vpaanms ὑβρίζω@viie3s"
"Pun._7.39","καρχηδόνιος@nnmpp δέ@b ἐπιστέλλω@viaa3p ἀννίβας@ndmsp λύω@vnaa-- ὁ@dafp ἀνοχή@nafpc καί@cs πολεμέω@vnpa-- σκιπίων@ndmsp κρίνω@vnaa-- δέ@cs ὅτι@cs ταχύς@ananps ὁ@dams πόλεμος@namsc μάχη@vsaa3s διά@p ὁ@dafs ἀπορία@nafsc ὁ@dnms μέν@b δή@b πέμπω@vpaanms λύω@viaa3s ὁ@dafp ἀνοχή@nafpc καί@cs σκιπίων@nnmsp πάρθος@nafsp τε@b μέγας@anafs- πόλις@nafsc αὐτίκα@b προσπίτνω@vpaanms αἱρέω@viaa3s καί@cs πλησίος@b ἀννίβας@ngmsp μεταστρατοπεδεύω@viia3s ο@dnms δέ@b ἀναζεύγνυμι@viia3s τρεῖς@an---- ὁ@ddmp ῥωμαῖος@ndmpp κατασκοπή@nampc ἐπιπέμπω@vpaanms ὅς@rpamp ὁ@dnms σκιπίων@nnmsp λαμβάνω@viaa3s τε@b καί@cs οὐ@b ἐκτείνω@viaa3s ὥσπερ@cs ἔθος@nnnsc ὁ@damp κατάσκοπος@anamp- κτείνω@vnpa-- ἀλλά@cs εἰς@p ὁ@dans στρατόπεδον@nansc καί@b ὁ@dafp ὁπλοθήκη@nafpc καί@cs ὁ@danp μηχάνημα@nanpc περιάγω@vnap-- κελεύω@vpaanms καί@cs ὁ@dafs στρατιά@nafsc γυμνάζω@vppeafs εἶδον@vnaa-- ἀπολύω@viaa3s φράζω@vnpa-- αννίβας@ndmsp περί@p ἕκαστος@angnp- ὁ@dnms δέ@b ἀξιόω@viaa3s ἔτι@b συνέρχομαι@vnaa-- εἰς@p λόγος@nampc σκιπίων@ndmsp καί@cs συνέρχομαι@vpaanms λέγω3@viia3s καρχηδόνιος@nampp ἀγανακτέω@vnaa-- ὁ@ddfs πρότερος@anans- εἰρήνη@ndfsc διά@p ὁ@danp χρῆμα@nanpc καί@cs εἰ@cs οὗτος@rpnns ἐκλύω@voap3s σικελία@ngfsp δέ@cs μόνος@anans- ἀξιόω@vopa3p ὁ@dnmp ῥωμαῖος@nnmpp καί@b ἰβηρία@ngfsp καί@cs νῆσος@ngfpc ὅσος@angfp- ἄρχω@vipa3p κρατέω@vnpa-- εἰμί@vnfm-- ὁ@dafp συνθήκη@nafpc βέβαιος@anafp- ὁ@dnms δέ@b πολύς@annns- φημί@viia3s κέρδος@nnnsc ἀννίβας@ndmsp ὁ@dgfs φυγή@ngfsc εἰμί@vifm3s ὁ@dgfs ἐκ@p ἰταλία@ngfsp εἰ@cs οὗτος@rpanp προσλαμβάνω@voaa3s παρά@p σκιπιων@ngmsp καί@b ἀπαγορεύω@viia3s πέμπω@vnpa-- ἔτι@b πρός@p αὐτός@rpams διαπειλέω@vpamnmp τε@b ἀλλήλων@rpdmp ἀναζεύγνυμι@viia3p ἑκάτερος@annms- εἰς@p ὁ@dans ἑαυτοῦ@rpgms στρατόπεδον@nansc"
"Pun._7.40","πόλις@nnfsc δέ@b ἐγγύς@b εἰμί@viia3s κίλλα@nnfsp καί@cs παρά@p αὐτός@rpafs λόφος@nnmsc εὐφυὴς@annms- εἰς@p στρατοπεδεία@nafsc ὅς@rpams ἐπινοέω@vppanms ὁ@dnms αννίβας@nnmsp προλαμβάνω@vnaa-- πέμπω@viia3s τις@rpamp διαγράφω@vnpa-- ὁ@dans στρατόπεδον@nansc καί@cs εὐθύς2@b ἀνίστημι@vpaanms βαδίζω@viia3s ὡς@b ἔχω@vppanms ὁ@dams λόφος@namsc σκίπιωνος@ngmsp δέ@b αὐτός@rpams φθάνω@vpaagms τε@b καί@cs προλαμβάνω@vpaagms ἀπολαμβάνω@vpapnms ἐν@p πεδίον@ndnsc μέσος@andns- καί@cs ἄνυδρος@andns- διατελέω@viia3s ὁ@dafs νύξ@nafsc πᾶς@anafs- ὀρύσσω@vppanms φρέαρ@nanpc καί@cs ὁ@dnms στρατός@nnmsc αὐτός@rpdms διαμάομαι@vppenms ὁ@dafs ψάμμος@nafsc ὀλίγος@anams- καί@cs θολερός@anams- πίνω@viia3p ἐπίμικτος@b ἀθεράπευτος@nnmpc τε@b καί@b ἄσιτος@annmp- καί@cs ἐν@p ὁ@ddnp ὅπλον@ndnpc ἔνιοι@annmp- διανυκτερεύω@viaa3p ὅς@rpgnp ὁ@dnms σκιπίων@nnmsp αἰσθάνομαι@vppmnms προσβάλλω@viaa3s ἅμα@p ἠώς@ndfsc κάμνω@vpradmp ἐκ@p ὁδός@ngfsc καί@b ἀγρυπνία@ngfsc καί@cs ἄνυδρος@ngfsc ἀννίβας@nnmsp δέ@b ἄχθομαι@viie3s μέν@b οὐ@b ὅτε@cs βούλομαι@vope3s σύνειμι1@vppanms εἰς@p μάχη@nafsc ὁράω@viia3s δέ@cs ὡς@cs εἰ@cs τε@viie3s μένω@vopa3s κατά@p χώρα@nafsc κακοπαθέω@vpfanms ὑπό@p ὁ@dgfs ἄνυδρος@ngfsc εἰ@cs τε@b φεύγω@vopa3s ὁ@danp φρόνημα@nanpc ὁ@dgmp ἐχθρός@ngmpc ἀνίστημι@vpfanms καί@cs πολύς@ananp- πάσχω@vpfmnms ὑπό@p αὐτός@rpgmp ἐπίκειμαι@vpregmp ὅθεν@b ἀναγκαῖος@annns- εἰμί@viia3s αὐτός@rpdms μάχομαι@vnpe-- καί@b παρατάσσω@viaa3s αὐτίκα@b ἀνήρ@nampc μέν@b εἰς@p πεντακισμύριοι@anamp- ἐλέφας@nampc δέ@cs ὀγδοήκοντα@an---- ἵστημι@viia3s δέ@b πρῶτος@anamp- μέν@b ὁ@damp ἐλέφας@nampc ἐκ@p διάστημα@ngnpc ἐπί@p ὅλος@angms- ὁ@dgns μέτωπον@ngnsc φοβερός@ananps σκευάζω@viaa2s καί@b ὑπό@p αὐτός@rpdmp εἰμί@viia3s ὁ@dnns τρίτος@annns- ὁ@dgfs στρατιά@ngfsc κελτοί@nnmpp καί@cs λίγυες@nnmpp τοξότης@nnmpc τε@b αὐτός@rpdmp ἀναμίσγω@vile3p πάντῃ@b καί@cs σφενδονήτης@nnmpc μαυρούσιος@nnmpp τε@b καί@cs γυμνήσιος@nnmpp οὗτος@rpgnp δέ@b ὄπισθεν@b ὁ@dnfs δεύτερος@annfs- τάξις@nnfsc εἰμί@viia3s καρχηδόνιος@nnmpp τε@b καί@cs λίβυς@nnmpp τρίτος@annmp- δέ@b ὅσος@annmp- ἐκ@p ἰταλία@ngfsp ἕπομαι@viie3p αὐτός@rpdms ὅς@rpdmp δή@b καί@b μάλιστα@b ὡς@b πλέος@anansc δείδω@vpradmp θαρσέω@viia3s ὁ@dnfs δέ@b ἵππος@nnfsc περί@p ὁ@danp κέρας@nanpc εἰμί@viia3s"
"Pun._7.41","οὕτως@b μέν@b ἀννίβας@nnmsp ἐξετάζω@viaa3s σκιπίων@ndmsp δέ@b εἰμί@viia3p ἀμφί@p ὁ@damp δισμύριοι@anamp- καί@cs τρισχίλιοι@anamp- ἱππεύς@nnmpc δέ@cs ἰταλός@ngmpp καί@cs ῥωμαῖος@ngmpp χίλιοι@annmp- καί@cs πεντακόσιοι@annmp- συμμαχέω@vipa3s δέ@b μασσανάσσης@nnmsp ἱππεύς@ndmpc νομάς@ndmpp πολύς@andmp- καί@cs δακάμας@nnmsp ἕτερος@annms- δυνάστης@nnmsc ἱππεύς@ndmpc ἑξακόσιοι@andmp- ὁ@dans μέν@b οὖν@b πεζός@anans- εἰς@p τρεῖς@an---- καί@cs ὅδε@annms- τάξις@nafpc ἐπιτάσσω@viia3s ὅμοιος@b ἀννίβας@ndmsp λόχος@nampc δέ@cs ὄρθιος@anamp- ποιέω@viie3s πᾶς@anamp- ἵνα@cs διά@p αὐτός@rpgmp ὁ@dnmp ἱππεύς@nnmpc εὐχερής@b διαθέω@vopa3p ἐφίστημι@viia3s δέ@b ἕκαστος@andms- λόχος@ndmsc πρόμαχος@nampc κατά@p μέτωπον@nansc ὅς@rpnmp ξύλον@nanpc παχύς@ananp- διπήχης@viap3s μάλιστα@b πυκνός@ananp- καί@cs ὁ@dnnp πολύς@ananp- αὐτός@rpgnp σιδηρόω@vpreanp μέλλω@viia3p ὡς@b καταπάλτης@nampc ἐκ@p χείρ@ngfsc εἰς@p ὁ@damp ἐλέφας@nampc ἔπειμι1@vppaamp ἀφίημι@vnfa-- παραγγέλλω@vile3s δέ@b αὐτός@rpdmp τε@b καί@cs ὁ@ddmp ἄλλος@andmp- πεζός@andmp- ἐκκλίνω@vnpa-- ὁ@dafs ὁρμή@nafsc ὁ@dgnp θηρίον@ngnpc καί@b περιθέω@vppaamp ἀκοντίζω@vnpa-- εἰς@p αὐτός@rpanp συνεχής@b καί@cs προσπελάζω@vppaamp ὅτε@cs δύναμαι@vope3p ἐλλείπω@vnpa-- ὁ@danp νεῦρον@nanpc οὕτως@b μέν@b ὁ@dnmp πεζός@annmp- διατάσσω@vile3p ὁ@ddms σκιπίων@ndmsp ὁ@damp δέ@b ἱππεύς@nampc ὁ@damp μέν@b νομαδικός@anamp- ἐφίστημι@viaa3s ὁ@ddnp κερας@ndnpc ἐθίζω@vpreamp ὁ@dafs ὁ@dgmp ἐλέφας@ngmpc ὄψις@nafsc καί@cs ὀσμή@nafsc φέρω@vnpa-- ὁ@damp δέ@cs ἰταλικός@anamp- διά@p ὁ@dans ἀήθης@anans- ὀπίσω@b πᾶς@angmp- ἑτοῖμος@anamp- ἐπέρχομαι@vnaa-- διά@p ὁ@dgnp διάστημα@ngnpc ὅτε@cs ὁ@dafs πρῶτος@anafs- ὁ@dgmp ἐλέφας@ngmpc ὁρμή@nafsc ὑπομένω@voaa3p ὁ@dnmp πεζός@annmp- παρά@p ἕκαστος@anams- δέ@b ὁ@dgmp ἱππεύς@ngmpc ὅδε@angmp- ὑπηρέτης@nnmsc εἰμί@viia3s πολύς@ananp- ἀκόντιον@nanpc φέρω@vppanms ὅς@rpdnp ἐπινοέω@viia3s ὁ@danp θηρίον@nanpc ἀμύνω@vnpe-- οὕτως@b μέν@b αὐτός@rpdms καί@b ὁ@dnfs ἵππος@nnfsc ἔχω@viia3s παραδίδωμι@viia3s δέ@cs ὁ@dans μέν@b δεξιός@anans- λαίλιος@ndmsp ὁ@dans δέ@cs λαιός@anans- ὀκταουιος@ndmsp ἐν@p δέ@b ὁ@ddnp μέσος@andnp- εἰμί@viia3d αὐτός@rpnms τε@b καί@cs ἀννίβας@nnmsp κατά@p δόξα@nafsc ἀλλήλων@rpgmp ἔχω@vppanmp ἀμφί@p ἑαυτοῦ@rpamp ἱππεύς@nampc ἐπίἐπικουρέω@vnpa-- ὅπη@b τις@rpans κάμνω@vppeans εἶδον@voaa3p ὁ@dnms μέν@b ἀννίβας@nnmsp τετρακισχίλιοι@anamp- ὁ@dnms δέ@cs σκιπίων@nnmsp δισχίλιοι@anamp- καί@cs ὁ@damp τριακόσιοι@anamp- ἰταλός@nampp ὅς@rpamp αὐτός@rpnms ὁπλίζω@viaa3s ἐν@p σικελία@ndfsp"
"Pun._7.42","ἐπεί@cs δέ@b ἑτοῖμος@annnp- εἰμί@viia3s αὐτός@rpdmp ἐπιτρέχω@viia3s ὁ@damp ἴδιος@anamp- ἐπισπέρχω@vppanms ἑκάτερος@annms- ὁ@dnms μέν@b σκιπίων@nnmsp ὁ@damp θεός@nampc κατακαλέω@vppanms ἐν@p ὄψις@ndfsc ὁ@dgmp στρατεύω@vppegmp εἰς@p ὅς@rpamp ὁ@dnmp καρχηδόνιος@nnmpp παρασπονδέω@vila3p ὁσάκις@b λύω@viia3p ὁ@danp σύγκειμαι@vpreanp καί@b ὁ@dafs στρατιά@nafsc ἀξιόω@vppanms μή@b εἰς@p ὁ@dans πλῆθος@nansc ὁ@dgmp πολέμιος@ngmpc ἀφοράω@vnpa-- ἀλλά@cs εἰς@p ὁ@dafs ἀρετή@nafsc ἑαυτοῦ@rpgmp ὅς@rpafs καί@b πρότερος@anans- ὅδε@angmp- ὁ@dgmp ἐχθρός@ngmpc πλείων@angmpc εἰμί@vppagmp ἐπικρατέω@viaa3p ἐν@p ὅδε@andfs- ὁ@ddfs γῆ@ndfsc εἰ@cs δέ@b εἰμί@vipa3s καί@b ὁ@ddmp νικάω@vpaadmp ἐπί@p ὁ@ddns μέλλω@vppadns φόβος@nnmsc ἤ1@b δέος@nnnsc ἤ1@cs ἀμφιβολία@nnfsc πόσος@andns- οὗτος@rpanp ὁ@ddmp νικάω@vprednp πλεονάζω@vnpa-- ἀνάγκη@nnfsc οὕτως@b μέν@b ὁ@dnms σκιπίων@nnmsp ἐρεθίζω@viia3s τε@b καί@cs δημηγορέω@viia3s ὁ@dgfs ὀλιγότης@ngfsc ὁ@dnms δέ@b ἀννίβας@nnmsp ὁ@dgnp τε@b ἐν@p ἰταλία@ndfsp γίγνομαι@vpragnp ἔργον@ngnpc ὑπομιμνήσκω@viia3s αὐτός@rpamp ὡς@cs λαμπρός@ananp- καί@cs μέγας@ananp- πράσσω@voaa3p οὐ@b ἐπί@p νομάς@ndmpp ἀλλά@cs ἐπί@p πᾶς@andmp- ἰταλός@ndmpp κατά@p ὁ@dafs ἰταλία@nafsp καί@b ὁ@dafs ὀλιγότης@nafsc ὁ@dgmp ἐχθρός@ngmpc αὐτόθεν@b ἵστημι@vpranms ἐπιδείκνυμι@viia3s καί@cs παρακαλέω@viia3s μή@b χείρων@anamp- ὀλίγος@angmpc ἐν@p οἰκεῖος@andfs- γῆ@ndfsc πλείων@anampc εἰμί@vppaamp ὁράω@vnap-- ὁ@dams δέ@b κίνδυνος@namsc ὁ@dgms πάρειμι1@vppagms ἀγών@ngmsc καί@cs ὁ@dans μέγεθος@nansc ἑκάτερος@annms- ὁ@ddmp ἴδιος@andmp- ὑπεραίρω@viaa3s ἀννίβας@nnmsp μέν@b ὅτι@cs καρχηδών@nafsp καί@cs λιβύη@nafsp ἅπας@anafs- ὁ@dnms ἀγών@nnmsc ὅδε@annms- κρίνω@vipa3s ἤ1@b δούλη@nafsc εὐθύς2@b ἡσσάομαι@vppmgmp εἰμί@vnpa-- ἤ1@cs εἰς@p ὁ@dans ἔπειτα@b ἄρχω@vnpa-- ἅπας@angnp- ὅς@rpgnp ἐπικρατέω@viia3p σκιπίων@ngmpp δέ@cs ὅτι@cs νικάω@vppedmp μέν@b οὐ@b δέ@cs ἀναχώρησις@nnfsc εἰμί@vipa3s ἀσφαλής@annfs- ἐπικρατέω@vppadmp δέ@cs ἀρχή@nnfsc μέγας@annfs- προσγίγνομαι@vipe3s καί@cs ἀνάπαυλα@nnfsc πόνος@ngmpc ὁ@dgmp πάρειμι1@vppagmp καί@b εἰς@p ὁ@danp οἰκεῖος@ananp- ἀπόπλοος@anamp- καί@cs εἰς@p ὁ@dans μέλλω@vppaans εὔκλεια@annfs-"
"Pun._7.43","οὕτως@b παροξύνω@vpaanms ὁ@damp ἴδιος@anamp- ἑκάτερος@annms- εἰς@p ὁ@dams ἀγών@namsc σύνειμι2@viia3s ἀννίβας@nampp μέν@b σάλπιγξ@ngmpc κατάρχω@vpaanms σκιπίων@nnmsp δέ@cs ἀντηχέω@vnpa-- κελεύω@vpaanms σύνειμι1@vppagmp δέ@b αὐτός@rpgmp ὁ@dnmp μέν@b ἐλέφας@nnmpc κατάρχω@viia3p ὁ@dgfs μάχη@ngfsc εἰς@p ὁ@dans φοβερός@ananss σκευάζω@vprenmp καί@cs ὁ@ddnp κέντρον@ndnpc ἐξοτρυνέω@vppenmp πρός@p ὁ@dgmp ἐπίκάθημαι@vpregmp περιθέω@vppanmp δέ@b αὐτός@rpamp ὁ@dnmp νομάς@nnmpp ἱππεύς@nnmpc εἰσακοντίζω@viia3p ἀθρόος@b μέχρι@cs τιτρώσκω@vpapamp τε@b καί@b φεύγω@vppaamp καί@cs δυσπειθής@b ἤδη@b ἔχω@vppaamp ἀπάγω@viaa3p ἐκ@p ὁ@dgfs μάχη@ngfsc ὁ@dnmp ἐπιβάτης@nnmpc καί@b ὅδε@rpnnp μέν@b εἰμί@viia3s περί@p ὁ@damp ἀμφί@p ὁ@danp κέρας@nanpc ἐλέφας@nampc ὁ@dnmp δέ@b ἐν@p μέσος@andfs- ὁ@ddfs φάλαγξ@ndfsc ὁ@damp ῥωμαῖος@ngmpp πεζός@anamp- κατατρέχω@viia3p ἄπειρος1@anamp- τε@b μάχη@ngfsc τοιόσδε@angfs- εἰμί@vppaamp καί@cs βαρύς@annmp- ὑπό@p ὁ@dgfs ὅπλισις@ngfsc καί@cs παρά@p αὐτός@rpans φεύγω@vnpa-- εὔκολος@b ἤ1@cs διώκω@vnpa-- οὐ@b δύναμαι@vppeamp ἕως@cs ὁ@dnms σκιπίων@nnmsp ὁ@damp ἱππεύς@nampc ὁ@damp ἰταλικός@anamp- ὀπίσω@b τάσσω@vpreamp καί@cs κοῦφος@anansc σκευάζω@vpreamp ἐπάγω@vpaanms ἀποβαίνω@vnaa-- ὁ@dgmp ἵππος@ngmpc ταράσσω@vppegmp κελεύω@viaa3s καί@cs ὁ@damp ἐλέφας@nampc περιθέω@vppaamp εἰσακοντίζω@vnpa-- πρῶτος@annms- τε@b αὐτός@rpnms ἀποβαίνω@vpaanms τιτρώσκω@viaa3s ὁ@dams προπηδᾷ@vppaams ὁ@dgmp ἐλέφας@ngmpc θαρσέω@vpaagmp δέ@b ὁ@dgmp ἄλλος@rpgmp καί@cs τιτρώσκω@vppagmp ἤδη@b πανταχόθεν@b αὐτός@rpamp καί@b ὅδε@rpnmp ὑποχωρέω@viia3p"
"Pun._7.44","καί@b γίγνομαι@vpamgfs ὁ@dgfs μάχη@ngfsc καθαρός@angfs- θηρίον@ngfpc ὁ@dnms ἀγών@nnmsc γίγνομαι@viie3s μόνος@angmp- ἀνήρ@ngmpc τε@b καί@cs ἵππος@ngmpc ὁ@dnns μέν@b οὖν@b δεξιός@annns- ὁ@dnns ῥωμαῖος@ngmpp ὅς@rpgns λαίλιος@nnmsp ἐπιστατέω@viia3s τρέπω@vipe3s ὁ@damp ἐναντίος@anamp- νομάς@nafpp μασσανάσσης@ngmsp βάλλω@vpaagms αὐτός@rpgmp ὁ@dams δυνάστης@namsc μασσάθη@namsp ὀξέως@b δέ@b αὐτός@rpamp ὁ@dnms ἀννίβας@nnmsp ἐπιτρέχω@vpaanms συντάσσω@viaa3s ὁ@dafs μάχη@nafsc ὁ@dnns δέ@b λαιός@annns- ἔνθα@b ῥωμαῖος@ngmpp μέν@b ὀκτάουιος@nnmsp ἐπιστατέω@viia3s ὁ@dgmp δέ@cs πολέμιος@ngmpc κελτοί@nnmpp καί@cs λίγυες@nnmpp εἰμί@viia3p πονέω@viia3s μάλα@b καρτερός@b ἑκάτερος@andmp- καί@b σκιπίων@nnmsp μέν@b πέμπω@viia3s θέρμος@namsp ὁ@dams χιλίαρχος@namsc ἐπίἐπικουρέω@vnpa-- μετά@p ἐπίλεκτος@ngmpc ἀννίβας@nnmsp δέ@b ἐπεί@cs ὁ@dans λαιός@anans- συνίστημι@viaa3s εἰς@p ὁ@damp λίγυας@nampp καί@cs κελτοί@nampp μεθίππεύω@viia3s ἐπάγω@vppanms ἅμα@b ὁ@dafs δεύτερος@anafs- τάξις@nafsc καρχηδόνιος@ngmpp τε@b καί@cs λίβυον@ngmpp κατεῖδον@vpaanms δέ@b αὐτός@rpams ὁ@dnms σκιπίων@nnmsp ἀντιπαράγω@viia3s μετά@p ἕτερος@angns- στῖφος@ngnsc δύο@an---- δέ@b στρατηγός@ngmpc ἄριστος@angmp- εἰς@p ἀγών@namsc σύνειμι1@vppagmp ἔρις@nnfsc εἰμί@viia3s ὁ@dgnp ὑπό@p ἑκάτερος@andms- λαμπρός@annnp- καί@cs δέος@nnnsc καί@cs προθυμία@ngfsc οὐδέτερος@andmp- τις@rpnns ἐλλείπω@viaa3s σφοδρός@angms- καί@cs ὀξύς@angms- εἰμί@vppagms πόνος@ngmsc τε@b καί@cs παρακελεύσησις@ngfsc"
"Pun._7.45","μακρός@angfs- δέ@b καί@cs ἄκριτος@angfs- ὁ@dgfs μάχη@ngfsc εἰμί@vppagfs ὁ@dnmp στρατηγός@nnmpc ὁ@damp κάμνω@vppaamp ἐλεέω@vppanmp ὁρμάω@viia3p ἐπί@p ἀλλήλων@rpamp ὡς@b ἐν@p σφεῖς@rpdmp ὁ@dgfs κρίσις@ngfsc ταχύς@angfsc εἰμί@vpfmgfs καί@b ἀκοντίζω@viaa3p ὁμοῦ@b σκιπίων@nnmsp μέν@b ἀννίβας@ngmsp ὁ@dafs ἀσπίς@nafsc ὁ@dnms δέ@cs ἀννίβας@nnmsp τυγχάνω@viaa3s ὁ@dgms ἵππος@ngmsc καί@b ὁ@dnms ἵππος@nnmsc ὑπό@p ὁ@dgfs πληγή@ngfsc ἐκφέρω@viia3s ὀπίσω@b ὁ@dams σκιπίων@namsp μέχρι@cs περιβαίνω@vpaanms ἕτερος@anams- ἵππος@namsc αὖθις@b εἰς@p ὁ@dams ἀννίβας@namsp ἀκοντίζω@viaa3s ἀλλά@b ἀποτυγχάνω@viaa3s αὐτός@b καί@b τότε@b ὁ@dams δέ@cs ἱππεύς@namsc ὁ@dams ἐγγύς@b βάλλω@viaa3s ἵημι@viia3s δέ@b ἐν@p οὗτος@rpdns καί@b μασσανάσσης@nnmsp πυνθάνομαι@vpppnms καί@b ὁ@dnmp ῥωμαῖος@nnmpp ὁ@dams στρατηγός@namsc ὁράω@vppanmp στρατιωτικός@b σφεῖς@rpgmp ὑπερμάχομαι@vppeams καρτερός@voap3p ὁ@ddmp πολέμιος@ndmpc ἐμπίπτω@viaa3p καί@b τρέπω@viam3p καί@cs φεύγω@vppaamp διώκω@viia3p οὐ@b δέ@b παριππεύω@vppagms αὐτός@rpdmp ὁ@dgms ἀννίβας@ngmsp καί@cs δέω@vppegms ἵστημι@vnaa-- καί@cs ὁ@dgfs μάχη@ngfsc αὖθις@b εἰς@p πεῖρα@nafsc ἔρχομαι@vnaa-- ἔτι@b πείθω@viie3p ἀπογιγνώσκω@vpaanms οὖν@b αὐτός@rpgmp ὁ@dnms ἀννίβας@nnmsp ὁ@damp ἐκ@p ἰταλια@ngfsp ὁ@dnmp συνέρχομαι@vpaaamp ἐφεδρεύω@vppaamp ἔτι@b καί@cs ἀτρεμέω@vppaamp ἄγω@viia3s ἐπί@p ὁ@dafs μάχη@nafsc ἐλπίζω@vpaanms ῥωμαῖος@ndmpp ἅτε@b διώκω@vipa3p ἀσύντακτος@andmpc ἐπιπίπτω@vnfm-- ὁ@dnmp δέ@b ὁ@dans ἐνθύμημα@nansc αὐτός@rpgms θεάομαι@vpamnmp μετά@p σπουδή@ngfsc ἀλλήλων@rpamp ἐκ@p ὁ@dgfs δίωξις@ngfsc ἀνακαλέω@viia3p καί@cs συντάσσω@viie3p αὖθις@b εἰς@p μάχη@nafsc οὐ@b τε@b δέ@b ἵππος@ngmpc σφεῖς@rpdmp πάρειμι1@vppagmp οὐ@b τε@cs ἀκόντιον@angmp- ἔτι@b εἰμί@vppagmp ξίφος@ndnpc εἰς@p ἀλλήλων@rpamp χράομαι@viie3p καί@cs συμπλέκω@viie3p φόνος@nnmsc τε@b εἰμί@viia3s πολύς@annms- ἐνθάδε@b μάλιστα@b καί@cs τραῦμα@nnnpc μέγας@annnps καί@b πίπτω@vppagnp στόνος@nnmsc καί@cs ἀναιρέω@vppagmp μεγαλαυχία@nnfsc μέχρι@cs ποτέ@b καί@b ὅδε@rpamp τρέπω@viam3p ὁ@dnmp ἰταλός@nnmpp καί@cs φεύγω@vppadmp ἕπομαι@viie3p κρίσις@nnfsc τε@cs εἰμί@viia3s λαμπρός@annfs- ὁ@dgms πόλεμος@ngmsc"
"Pun._7.46","καί@b ὁ@dnms ἀννίβας@nnmsp ἐν@p ὁ@ddfs φυγή@ndfsc θεάω@vpamnms ἱππεύς@ngmpc νομάς@ngmpp πλῆθος@nansc συνίστημι@vpranms προστρέχω@vpaanms ἀξιόω@viia3s μή@b προλείπω@vnaa-- αὐτός@rpams καί@cs πείθω@vpaanms ἐπάγω@viia3s ὁ@ddmp διώκω@vppadmp ἐλπίζω@vpaanms ἐργάζομαι@vnfp-- τις@anafs- παλινδίωξις@nafsc πρῶτος@andmp- δέ@b μασσύλιον@ndmpp ἐντυγχάνω@vpaanms μάχομαι@viie3s καί@cs μόνος@annms- εἰμί@viia3s ἔτι@b οὗτος@annms- ὁ@dnms ἀγών@nnmsc μασσανάσσης@ngmsp καί@cs ἀννίβας@ngmsp συνίστημι@vpragmp φέρω@vppegmp δέ@b καί@b ὅδε@rpgmp ἐπί@p ἀλλήλων@rpamp ὑπό@p προθυμία@ngfsc εἰς@p μέν@b ὁ@dafs ἀσπίς@nafsc ὁ@dnms μασσανάσσης@nnmsp ἀκοντίζω@viaa3s βάλλω@vpaanms ὁ@dnms δέ@cs ἀννίβας@nnmsp καί@b τότε@b τυγχάνω@viaa3s ὁ@dgms ἵππος@ngmsc καί@b ὁ@dnms μασσανάσσης@nnmsp ἐκπίπτω@vpaanms πεζός@annms- ἐπί@p ὁ@dams ἀννίβας@namsp ὁρμάω@viia3s ὁ@dams τε@cs ἐπιδιώκω@vppaams ὁ@rpdms πρό@p ὁ@dgmp ἄλλος@rpgmp ἱππεύς@namsc βάλλω@vpaanms ἀποκτείνω@viaa3s καί@b ὁ@dgnp λοιπός@angnp- ὁ@danp ἀκόντιον@nanpc εἰς@p ὁ@dams ἐλεφαντιστής@namsc ἐκδέχομαι@vppenms εἷς@nansc ὁ@dgnp ἐμπήγνυμι@vpragnp ἐξαιρέω@viaa3s καί@cs ἀκοντίζω@vpaanms εἰς@p ὁ@dams ἀννίβας@namsp αὖθις@b οὐ@b δέ@b ὡς@b ἐπιτυγχάνω@viia3s ἀλλά@cs ὁ@dams ἐγγύς@b ἱππεύς@namsc καί@b ὅδε@rpnms ἀποκτείνω@viaa3s ἕτερος@anans- δέ@b ἐξέλκω@vppanms εἰς@p ὁ@dams βραχίων@namsc τιτρώσκω@viap3s καί@cs ὑποχωρέω@viaa3s ἐκ@p ὁ@dgfs μάχη@ngfsc ἐπί@p ὀλίγος@anans- σκιπίων@nnmsp δέ@b πυνθάνομαι@vpamnms δείδω@viaa3s περί@p ὁ@ddms μασσανάσσης@ndmsp καί@cs εἰς@p ὁ@dans ἔργον@nansc ἐπείγω@viie3s καί@b εὑρίσκω@viaa3s ὁ@dams μασσανάσσης@namsp εἰς@p ὁ@dafs μάχη@nafsc αὖθις@b ἐπί@p ἵππος@ngmsc φέρω@vppeams ἕτερος@angms- ὁ@dans τραῦμα@nansc ἐπιδέω@vpaaams ὅς@dnms τε@b ἀγών@nnmsc εἰμί@viia3s ἴσος@annms- αὖθις@b αὐτός@rpdmp καί@cs πάνυ@b καρτερός@annms- αἰδέομαι@vppegmp ὁ@damp στρατηγός@nampc ἑκάτερος@angmp- ἕως@cs ὁ@dnms ἀννίβας@nnmsp ἐπί@p τις@angms- λόφος@ngmsc θεάω@vpamnms ἴβηρ@nampp καί@cs κελτοί@nampp συνίστημι@vpraamp ἐξίππεύω@viaa3s ὡς@b καί@b ἐκεῖνος@rpamp ἐπάγω@vpfanms τότε@b γάρ@b ὁ@dnmp μάχομαι@vppenmp ὁ@dgfs μέν@b αἰτία@ngfsc οὐ@b συνίημι@vppanmp ὁ@dafs δέ@cs ἀποχώρησις@nafsc αὐτός@rpgms φυγή@nafsc ὑπολαμβάνω@vpaanmp εἰμί@vnpa-- ὁ@dams ἀγών@namsc μεθίημι@viaa3p ἑκών@annmp- καί@cs φεύγω@viaa3p ἄκοσμος@b οὐ@b ᾗπερ@b ὁράω@viia3p ἀννίβας@namsp ἀλλά@cs ὅπη@b τυγχάνω@voaa3p ἕκαστος@annmp- καί@b ὁ@dnmp μέν@b οὕτως@b διαλύω@viap3p ῥωμαῖος@nnmpp δέ@cs αὐτός@rpamp ὡς@b τελέω@vpregfs ὁ@dgfs μάχη@ngfsc διώκω@viia3p ἄτακτος@b οὐ@b δέ@cs αὐτός@rpnmp ὁ@dgfs ἀννίβας@ngmsp προαίρεσις@ngfsc συνίημι@vppanmp"
"Pun._7.47","ὁ@dnms δέ@b ἐπάνειμι@viia3s φράσσω@vprenms ἴβηρ@ndmpp καί@cs κελτοί@ndmpp ἀπό@p τις@angms- λόφος@ngmsc καί@b ὁ@dnms σκιπίων@nnmsp αὖθις@b ἐκ@p ὁ@dgfs δίωξις@ngfsc ὁ@damp ῥωμαῖος@nampp ἀνακαλέω@viia3s μετά@p σπουδή@ngfsc καί@cs παρατάσσω@viaa3s πολύς@anans- πλείων@anampc ὁ@dgmp ἀπό@p ὁ@dgms λόφος@ngmsc καταβαίνω@vpragmp ὅθεν@b αὐτός@rpgmp οὐ@b δυσχερής@b περιγίγνομαι@viie3s ἀννίβας@nnmsp δέ@b καί@b ὅδε@angfs- ὁ@dgfs πεῖρα@ngfsc τελευταῖος@angfs- γίγνομαι@vpamgfs ἀποτυγχάνω@vpaanms φεύγω@viia3s ἤδη@b σαφής@b ἀπογιγνώσκω@vpaanms ἅπας@ananp- καί@b αὐτός@rpams διώκω@viia3p ἱππεύς@nnmpc ἄλλος@annmp- τε@b πολύς@annmp- καί@cs μασσανάσσης@nnmsp περιώδυνος@annms- εἰμί@vppanms ἐκ@p ὁ@dgns τραῦμα@ngnsc ἀεί@b τε@b πλησιάζω@vppanms καί@cs μέγας@anans- ποιέω@vppenms αἰχμάλωτος@anams- ἀννίβας@namsp ἄγω@vnaa-- σκιπίων@ndmsp ὁ@rpams δέ@b νύξ@nnfsc ῥύομαι@viam3s καί@cs σκότιος@nnmsc μετά@p εἴκοσι@an---- ἱππεύς@ngmpc ὁ@dgmp δύναμαι@vpapgmp σύν@p αὐτός@rpdms συνανύτω@vnaa-- ὁ@dams δρόμος@namsc εἰς@p πόλις@nafsc καταφεύγω@viaa3s ὅς@rpdfs ὄνομα@nnnsc τίθημι@nnmsp ἔνθα@b βρέττιος@nnmsp γιγνώσκω@viaa3s καί@cs ἴβηρ@ngmpp ἱππεύς@nampc πολύς@anamp- ἀπό@p ὁ@dgfs ἧσσα@ngfsc συμφεύγω@vpraamp δείδω@vpaanms οὖν@b περί@p μέν@b ὁ@dgmp ἴβηρ@ngmpp ὡς@cs βάρβαρος@ngmpc ταχύεργος@angmp- περί@p δέ@cs βρέττιος@ngmpp ὡς@b ἰταλός@ngmpp ὁμοεθνής@vppanms σκιπίων@ndmsp μή@cs εἰς@p συγγνώμη@nafsc ὅς@rpgmp ἐξαμαρτάνω@viaa3p εἰς@p ὁ@dafs ἰταλία@nafsp προσάγω@vsaa3p αὐτός@rpams ὁ@ddms σκιπίων@ndmsp λανθάνω@vpaanms ἐκφεύγω@viaa3s μετά@p εἷς@angms- ἱππεύς@ngmsc ὅς@rpdms μάλιστα@b πιστεύω@viia3s στάδιον@nampc δέ@b ἀνύω@vpaanms εἰς@p τρισχίλιοι@anamp- δύο@an---- νύξ@ndfpc τε@b καί@cs ἡμέρα@ndfpc ἥκω@viia3s εἰς@p πόλις@nafsc ἐπί@p θάλασσα@ngfsc ἀδρυμητός@namsp ἔνθα@b τις@annns- μέρος@nnnsc εἰμί@viia3s αὐτός@rpdms στρατιά@ngfsc σιτοφυλακέω@vppanns περιπέμπω@vppanms δέ@b εἰς@p ὁ@danp πλησίος@b καί@cs ὁ@damp ἐκ@p ὁ@dgfs μάχη@ngfsc διαφεύγω@vpaaamp ἀναλαμβάνω@vppanms ὅπλον@nanpc καί@cs μηχάνημα@nanpc ἐργάζομαι@viie3s"
"Pun._8.48","σκιπιων@nnmsp δέ@b νίκη@nafsc ἀριστην@anafs- νικάω@b ὁ@danp μέν@b ἄχρηστος@ananp- ὁ@dgfs λεία@ngfsc ἐμπίμπρημι@ananp- διαζώννυμι@vpamnms αὐτός@rpnms ὥσπερ@cs ἔθω@vira3p ῥωμαῖος@ngmpp ὁ@dnmp στρατηγός@nnmpc χρυσίον@ngnsc δέ@cs εἰς@p ῥώμη@nafsp τάλαντον@nanpc δέκα@an---- καί@b ἀργύριον@ngmsc δισχίλιοι@ananp- καί@cs πεντακόσιοι@ananp- καί@b ἐλέφας@namsc ἐργάζομαι@vpreams καί@cs ὁ@damp ἐπιφανής@anamp- ὁ@dgmp αἰχμάλωτος@angmp- πέμπω@viia3s καί@cs λαίλιος@namsp ἐξαγγέλλω@vpfaams περί@p ὁ@dgfs νίκη@ngfsc ἐπί@p ναῦς@ngfpc ὁ@danp δέ@b λοιπός@ananp- ἀποδίδωμι@vpamnms ὁ@dafs τιμή@nafsc ἐπιδιαιρέω@viaa3s ὁ@ddms στρατός@ndmsc καί@b δῶρον@nanpc ὁ@ddmp ἀριστεύω@vpaadmp δίδωμι@viia3s καί@cs μασσανάσσης@nafsp στεφανόω@viia3s καί@b τότε@b καί@b ὁ@dafp πόλις@nafpc ἔπειμι1@vppanms χειρόω@viie3s ὁ@dnns μέν@b δή@b τέλος@nnnsc ὁ@dgfs ἀννίβας@ngmsp τε@b καί@cs σκίπιωνος@ngmsp ἐν@p λιβύη@ndfsp μάχη@ngfsc τότε@b πρῶτος@anans- ἀλλήλων@rpdmp εἰς@p χείρ@nafpc ἔρχομαι@vpaagmp οὗτος@rpnns εἰμί@viia3s ἀποθνήσκω@viaa3p δέ@cs ῥωμαῖος@ngmpp μέν@b δισχίλιοι@annmp- καί@cs πεντακόσιοι@annmp- μασσανάσσης@ngmsp δέ@cs ἔτι@b πλείων@annmpc καί@cs ὁ@dgmp πολέμιος@ngmpc δισμύριοι@annmp- καί@cs πεντακισχίλιοι@annmp- αἰχμάλωτος@annmp- δέ@b λαμβάνω@viap3p ὀκτακισχίλιοι@annmp- καί@cs πεντακόσιοι@annmp- καί@b ἴβηρ@nnmpp αὐτομολέω@viaa3p πρός@p σκιπίων@namsp τριακόσιοι@annmp- καί@cs νομάς@nnmpp πρός@p μασσανάσσης@namsp ὀκτακόσιοι@annmp-"
"Pun._8.49","οὔπω@b δέ@b οὐ@b τε@b καρχηδόνιος@nnmpp ὅδε@rpgmp οὐ@b τε@cs ῥωμαῖος@nnmpp πυνθάνομαι@vpamnmp ὁ@dnmp μέν@b ἐπιστέλλω@viaa3p μάγων@ndmsp ξενολογέω@vppadms ἔτι@b κελτοί@nampp εἰσβάλλω@vnaa-- εἰς@p ὁ@dafs ἰταλία@nafsp εἰ@cs δύναμαι@vope3s ἤ1@cs εἰς@p λιβύη@nafsp μετά@p ὁ@dgmp μισθοφόρος@ngmpc καταπλέω@vnaa-- ὁ@dnmp δέ@cs ὅδε@angnp- ὁ@dgnp γράμμα@ngnpc ἁλίσκομαι@vpaagnp καί@cs εἰς@p ῥώμη@nafsp κομίζω@vpapgnp στρατιά@nafsc ἄλλος@anafs- καί@b ἵππος@nampc καί@b ναῦς@nafpc καί@cs χρῆμα@nanpc πέμπω@viia3p ὁ@ddms σκιπίων@ndmsp ὁ@dnms δέ@b ἤδη@b ὁ@ddfs καρχηδών@ndfsp κατά@p μέν@b ὁ@dafs γῆ@nafsc ἐπιπέμπω@viia3s ὀκτάουιος@namsp ὁ@ddfp δέ@cs ναῦς@ndfpc αὐτός@rpnms ἐπιπλέω@viia3s καί@b ὁ@dnmp καρχηδόνιος@nnmpp ὁ@dafs ἧσσα@nafsc ἀννίβας@ngmsp πυνθάνομαι@vpamnmp πρέσβυς@nafpc ἐπί@p κελήτιον@ngnsc προσπέμπω@viia3p ὁ@ddms σκιπίων@ndmsp ὅς@rpgmp ἡγέομαι@viim3p ἄννων@nnmsp τε@b ὁ@dnms μέγας@annms- λέγω3@vppenms καί@cs ἀσδρούβας@nnmsp ὁ@dnms ἔριφος@nnmsc ὅς@dnmp ὁ@dans κηρύκειον@nansc ὑψηλός@anans- ἵστημι@viaa3p ἐπί@p ὁ@dgfs πράρα@ngfsc καί@cs ὁ@dafp χείρ@nafpc ὀρέγω@viia3p εἰς@p ὁ@dams σκιπίων@namsp ἱκέτης@vppanms τρόπος@namsc ὁ@dnms δέ@b αὐτός@rpamp κελεύω@viaa3s ἥκω@vnpa-- εἰς@p ὁ@dans στρατόπεδον@nansc καί@cs ἔρχομαι@vpaadmp ἐπί@p ὑψηλός@angns- πρόκάθημαι@vppmnms χρηματίζω@viia3s ὁ@dnmp δέ@b μετά@p οἰμωγή@ngfsc ἑαυτοῦ@rpamp ῥίπτω@viia3p εἰς@p ὁ@dans ἔδαφος@nansc καί@cs ὁ@dgmp ὑπηρέτης@ngmpc ἀνίστημι@vppagmp καί@cs λέγω3@vnpa-- κελεύω@vppagmp ὅς@rpans τις@anans- ἐθέλω@vopa3p ἀσδρούβας@nnmsp ὁ@dnms ἔριφος@nnmsc λέγω@viaa3s"
"Pun._8.50","ἐγώ@rpdms μέν@b εἰμί@vipa3s ὦ@i ῥωμαῖος@nvmpp καί@b ἄννων@ndmsp ὅδε@andms- καί@cs ὅσος@annmp- καρχηδόνιος@ngmpp ἔμφρων@annmpc καθαρεύω@vnpa-- ἁμάρτημα@ngnpc ὅς@rpgnp ἐγώ@rpdmp ἐπικαλέω@vifa2p ὁ@damp γάρ@b πρέσβυς@nampc σύ@rpgmp εἰς@p ὅς@rpamp ἐξαμαρτάνω@viaa3s ὁ@dnfs πατρίς@nnfsc ἀκούω@annfs- ὑπό@p λιμός@ngmsc περισῴζω@viia1p καί@cs πρός@p σύ@rpamp ἐπέμπω@viia1p χρή@vipa3s δέ@b σύ@rpamp μη@b δέ@b καρχηδόνιος@ngmpp καταγιγνώσκω@vnpa-- ἅπας@angmp- ὅς@dnmp γε@b ὁ@dafs εἰρήνη@nafsc καί@b πρότερος@anans- αἰτέω@viaa3p καί@cs λαμβάνω@vpaanmp πρόθυμος@b ὄμνυμι@viia3p εἰμί@vipa3p δέ@b ὁ@dnfp πόλις@nnfpc ἐπί@p ὁ@dans χείρων@anansc εὐεπίστρεπτος@annfp- καί@cs ὁ@dnns πρός@p χάρις@nafsc ἀεί@b παρά@p ὁ@ddnp πλῆθος@ndnpc ἐπικρατέω@vipa3s ὅς@rpanp καί@b ἐγώ@rpnmp πάσχω@viaa1p οὐ@b τε@b πείθω@vnaa-- δύναμαι@vpapnmp ὁ@dans πλῆθος@nansc οὐ@b τε@cs ἐπέχω@vnaa-- διά@p ὁ@damp ἐκεῖ@b μέν@b διαβάλλω@vppaamp ἐγώ@rpamp παρά@p δέ@cs σύ@rpdmp ὁ@dafs παρρησία@nafsc ἀφαιρέω@vpreamp μή@b δή@b ἀπό@p ὁ@dgfs ὑμέτερος@angfs- εὐπείθεια@ngfsc ἤ1@cs εὐβουλία@ngfsc ὦ@i ῥωμαῖος@nvmpp ὁ@danp παρά@p ἐγώ@rpdmp κρίνω@vmaa2p ἀλλά@cs εἰ@cs τις@rpdns καί@b ὁ@dnns πείθω@vnap-- σύ@vopa3s ὅς@rpafp ἐπιτρίβω@vppadmp ἀδίκημα@nnnsc εἰμί@vnpa-- δοκέω@vipa3s ὁ@dams λιμός@namsc ἐπιδέω@vmpe2p καί@cs ὁ@dafs ἀνάγκη@nafsc ὅς@rpnfs γίγνομαι@vira3s ἐγώ@rpdmp ὑπό@p ὁ@dgns πάθος@ngnsc οὐ@b γάρ@b δή@b ὁ@dgnp αὐτός@angnp- ἔργον@nnnsc ἑκούσιος@annns- εἰμί@viia3s ἄρτι@b μέν@b περί@p εἰρήνη@ngfsc παρακαλέω@vnpa-- καί@b χρῆμα@nanpc τοσοῦτος@ananp- δίδωμι@vnpa-- καί@b ὁ@dgfp ναῦς@ngfpc ὁ@dgfp μακρός@angfp- πλήν@p ὀλίγος@angfp- ἀφεστήξω@vnpe-- καί@b ὁ@dans πολύς@anans- ὁ@dgfs ἀρχή@ngfsc σύ@rpdmp παρίημι@vnpa-- καί@cs περί@p ὅδε@rpgnp ὄμνυμι@vnpa-- τε@b καί@cs ὁρκόω@vnpa-- πέμπω@vpaaamp εἰς@p ῥωμην@nafsp ἔτι@b δέ@cs εἰμί@vppagmp ὁ@dgmp ἡμέτερος@angmp- πρέσβυς@ngmpc παρά@p σύ@rpdmp ἑκών@anamp- ἁμαρτάνω@vnaa-- ἀλλά@b μάλιστα@b μέν@b θεός@ngmpc τις@rpnms βλάπτω@viaa3s καί@cs ὁ@dnms χειμών@nnmsc ὁ@dnms ὁ@dafs ἀγορά@nafsc σύ@rpgmp εἰς@p καρχηδών@nafsp κατάγω@vpaanms ἐπί@p δέ@b ὁ@ddms χειμών@ndmsc ὁ@dnms λιμός@nnmsc ἐγώ@rpacp ἀφαιρέω@viam3s μή@b καλός@b ὑπέρ@p ὁ@dgmp ἀλλότριος@angmp- φρονέω@vnaa-- πᾶς@angnp- ἐνδεής@anamp- εἰμί@vppaamp οὐ@b δέ@b λογισμός@namsc αἰτέω@vnpa-- ἄξιος@anams- παρά@p πλῆθος@ngnsc ἀσύντακτος@angns- καί@cs ἀτυχέω@vppagns εἰ@cs δέ@b καί@b ὡς@b ἀδικέω@vnpa-- σύ@rpdmp δοκέω@vipa1p οὐ@b ἀτυχέω@vnpa-- ὁμολογέω@vipa1p καί@cs διά@p αὐτός@rpans καί@b παρακαλέω@vipa1p εἰμί@vipa3s δέ@b ὁ@dgmp μέν@b οὐδείς@rpans ἁμαρτάνω@vppagmp δικαιολογία@nnfsc ὁ@dgmp δέ@cs ἁμαρτάνω@vppagmp παράκλησις@nnfsc ἐπί@p ὅς@rpdns ταχύς@annmsc εἰμί@vipa3s ὁ@dnms ὁ@dgmp εὐτυχέω@vppagmp ἔλεος@nnmsc ὁ@danp ἀνθρώπειος@ananp- ὑφοράω@vppegmp ὅταν@cs αἰσθάνομαι@vspe3p διά@p ὁ@dafp αἰφνίδιος@anafp- μεταβολή@nafpc παρακαλέω@vppaamp ὁ@damp χθές@anans- ἀδικέω@vnpa-- δύναμαι@vppeamp οἷος@ananp- καί@b ὁ@dnfs καρχηδόνιος@ngmpp πόλις@nnfsc ὁ@dnfs ὁ@dgfs λιβύη@ngfsp μέγας@annfss καί@cs δυνατός@annfs- ναῦς@ndfpc καί@b χρῆμα@ndnpc ὁμοῦ@b καί@b ἐλέφας@ndfpc καί@b στρατός@ndmsc πεζός@andms- τε@b καί@cs ἱππικός@andms- καί@cs ὑπήκοος@ndmpc πολύς@andmp- ἑπτακόσιοι@andnp- ἔτος@ndnpc ἀνθέω@vpaanfs καί@b λιβύη@ngfsp πᾶς@angfs- καί@b ἄλλος@angnp- ἔθνος@ngnpc καί@b νῆσος@ngfpc καί@cs θάλασσα@ngfsc τοσόσδε@angfs- ἄρχω@vpaanfs καί@cs σύ@rpdmp αὐτός@andmp- εἰς@p ἀμφήριστος@anans- ἐπί@p πλεῖστος@anans- ἔρχομαι@vpaanfs νῦν@b οὐ@b ἐν@p ὁ@ddfs θάλασσα@ndfsc καί@cs ὁ@ddfp ναῦς@ndfpc οὐ@b δέ@b ἐν@p ὁ@ddmp ἐλέφας@ndmpc καί@cs ἵππος@ndmpc οὐ@b δέ@cs ἐν@p ὁ@ddmp ὑπήκοος@ndmpc ὅς@rpgnp πᾶς@angnp- σύ@rpdmp ἀφεστήξω@vipe3s ὁ@dafs ἐλπίς@nafsc ὁ@dgfs σωτηρία@ngfsc ἀλλά@cs ἐν@p αὐτός@rpdmp σύ@rpdmp ἔχω@vipa3s ὁ@ddmp προπαθέω@vpradmp κακός@b ὅς@rpanp χρή@vipa3s θεωρέω@vppaamp σύ@rpamp καί@cs ὁ@dafs ἐπί@p αὐτός@rpdmp νέμεσις@nafsc φυλάσσω@vpfmamp μετριοπαθής@b χράω@vnpe-- ὁ@ddfp εὐπραξία@ndfpc καί@b ὁ@dgfs σφέτερος@angfs- αὐτός@rpgmp ὦ@b ῥωμαῖος@nvmpp μεγαλοφροσύνη@ngfsc καί@cs ὁ@dgfs καρχηδόνιος@ngmpp ποτέ@b τύχη@ngfsc ἄξιος@ananp- πράσσω@vnpa-- ὁ@dafp τε@cs ὁ@dgns δαιμόνιον@ngnsc μεταβολή@nafpc ἀνεπίφθονος@b ἐν@p ὁ@ddfp ἡμέτερος@andfp- συμφορά@ndfpc διατίθημι@vnpe-- ἵνα@cs καί@b πρός@p ὁ@damp θεός@nampc ἀναμάρτητος@nnfsc εἰμί@vspa3s ὁ@dnnp ὑμέτερος@annnp- σύ@rpdmp καί@cs πρός@p ἄνθρωπος@nampc ἀξιέπαινος@viaa1s πᾶς@anamp- οὐ@b γάρ@b δή@b μή@b μετατίθημι@vsae3p γε@b καί@b νῦν@b ὁ@dnmp καρχηδόνιος@nnmpp δέος@nansc εἰμί@vipa3s ὅς@rpnmp τοσόσδε@anafs- μετάνοια@nafsc καί@cs δίκη@nafsc ὁ@dgfs πρίν@b ἀγνωμοσύνη@ngfsc ὑφίστημι@vipe3p εἰμί@vipa3s δέ@b ἀναμαρτησία@ngfsc ὁ@ddmp μέν@b σώφρων@andmp- ὁ@dnfs εὐβουλία@nnfsc φυλακή@nnfsc ὁ@ddmp δέ@cs ἁμαρτάνω@vppadmp ὁ@dnns προπαθέω@vnaa-- καί@cs μεταγιγνώσκω@vnaa-- βέβαιος@anampc τε@cs εἰκός@vpranns εἰμί@vipa3s ὁ@damp νοθετέω@vpreamp εἰμί@vnpa-- ὁ@dgnp ἄπειρος1@angnp- οὐ@b δέ@b ἄξιος@annns- καρχηδόνιος@ndmpp σύ@rpamp ὠμότης@nafsc καί@cs ἁμαρτία@nafsc ἐπικαλέω@vppaamp οὗτος@rpanp μιμέομαι@vnpe-- ὁ@ddmp μέν@b γάρ@b ἀτυχέω@vppadmp ἕτερος@angnp- ἁμάρτημα@ngnpc ἄρχω@vipa3p ὑπό@p ὁ@dgfs ἀπορία@ngfsc ὁ@dnfp συμφορά@nnfpc ὁ@ddmp δέ@cs εὖ@b πράσσω@vppadmp ἐν@p ἐξουσία@ndfsc ὁ@dnns φιλάνθρωπον@annns- εἰμί@vipa3s οὐ@b δέ@b εὐκλεής@annns- οὐ@b δέ@cs συμφέρω@vppanns εἰς@p ὁ@dafs ἀρχή@nafsc σύ@rpdmp εἰμί@vipa3s πόλις@nafsc τοσόσδε@anafs- καθαιρέω@vnpa-- μᾶλλον@b ἤ1@cs περιποιέω@vnpa-- εἰμί@vipa2p δέ@b ἀμείνων@annmpc μέν@b σύ@rpnmp ὁ@dgnp ὑμέτερος@angnp- συμφέρω@vppagnp κριτής@nnmpc ἐγώ@rpnmp δέ@cs σύ@rpdmp εἰς@p ὁ@dafs ἑαυτοῦ@rpgmp σωτηρία@nafsc δύο@an---- οὗτος@rpanp μάλιστα@b φέρω@vipa1p ἐκ@p πᾶς@angnp- ὁ@dans ὁ@dgfs καρχηδόνιος@ngmpp ποτέ@b ἀξίωμα@nansc ἀρχή@ngfsc καί@cs ὁ@dafs ὑμέτερος@anafs- αὐτός@rpgmp εἰς@p πᾶς@ananp- μετριοπάθεια@nafsc ὅς@rpnfs μετά@p ὁ@dgnp ὅπλον@ngnpc εἰς@p τοσοῦτος@rpans σύ@rpamp ἐπαίρω@viaa3s ἀρχή@ngfsc καί@cs δύναμις@ngfsc τις@andfp- δέ@b συνθήκη@ndfpc ἄν@cs ἄρα@b δίδωμι@vspa2p ὁ@dafs εἰρήνη@nafsc χράω2@vifm1p περί@p αὐτός@rpgfs περισσός@anams- λέγω3@vnpa-- ὁ@damp ἐπί@p σύ@rpdmp ὁ@danp ἑαυτοῦ@rpgmp τίθημι@vppeamp"
"Pun._8.53","τοσοῦτος@rpanp εἶπον@vpaanms ὁ@dnms ἔριφος@nnmsc ἀποκλάω@viaa3s ὁ@dnms δέ@b σκιπίων@nnmsp μεθίστημι@vpamnms αὐτός@rpamp βουλεύω@viie3s μετά@p ὁ@dgmp ἄριστος@angmp- ἐπί@p πολύς@anans- ὡς@cs δέ@b κρίνω@viaa3s εἰσκαλέω@vpaanms αὐτός@rpamp λέγω3@viia3s ὧδε@b εἰμί@vipa2p μέν@b οὐδείς@angfs- συγγνώμη@ngfsc ἄξιος@annmp- πολλάκις@b εἰς@p σπονδή@nafpc ἐγώ@rpgmp ὑβρίζω@vpaanmp καί@cs ὁ@danp τελευταῖος@ananp- νῦν@b καί@cs εἰς@p πρέσβεια@nafpc ἁμαρτάνω@vpaanmp οὕτως@b φανερός@b καί@cs ἀθέμιστος@b ὡς@cs μή@b τε@b ἐξαρνέομαι@vnpe-- μή@b τε@cs ἀντιλέγω@vnpa-- ὅτι@cs μή@b ὁ@dgfs ἔσχατος@angfs- εἰμί@vipa1p τιμωρία@ngfsc ἄξιος@annmp- τίς@rpans δέ@b δεῖ@vipa3s κατηγορέω@vnpa-- ὁ@dgmp ὁμολογέω@vppagmp εἰς@p ἱκεσία@nafpc καταφεύγω@vmpa2p ὁ@dnmp μη@b δέ@cs ὄνομα@nansc ῥωμαῖος@ngmpp ὑπολείπω@vpaanmp ἄν@b εἰ@cs σύ@rpnmp κρατέω@viaa2p ἀλλά@b ἐγώ@rpnmp μέν@b οὐδέ@b ποτέ@b σύ@rpdmp ὅμοιος@ananp- ποιέω@vifa1p ἐπεί@cs καί@b ὁ@damp πρέσβυς@nampc σύ@rpgmp ἔτι@b εἰμί@vppaamp ἐν@p ῥώμη@ndfsp παρασπονδέω@vpragmp σύ@rpgmp καί@cs εἰς@p πρέσβυς@nampc ἁμαρτάνω@vpaagmp ὅς@dnfs τε@b πόλις@nnfsc ἀπολύω@viaa3s καί@cs ἐγώ@rpnms κατάγω@vpapamp εἰς@p ὁ@dans στρατόπεδον@nansc πρός@p σύ@rpamp ἤδη@b πολεμέω@vppaamp ἀποπέμπω@viaa1s ἀπαθής@anamp- χρή@vipa3s δέ@b σύ@rpamp καταγιγνώσκω@vppaamp ἑαυτοῦ@rpgnp ὅς@rpans τις@anans- ἄν@b λαμβάνω@vsaa2p κέρδος@nansc ἡγέομαι@vnpm-- λέγω@vifa1s δέ@b ὅς@rpanp ἐγώ@rpdms δοκέω@vipa3s καί@cs ὁ@dnfs σύγκλητος@nnfsc ἐπιψηφίζω@vifa3s ὅς@rpanp ἄν@b δοκιμάζω@vsaa3s δίδωμι@vipa1p σύ@rpdmp καί@b ἔτι@b ὁ@dafs εἰρήνη@nafsc ὦ@i καρχηδόνιος@nvmpp ἐάν@cs ὁ@dafp τε@b ναῦς@nafpc ὁ@dafp μακρός@anafp- παραδίδωμι@viia2p ῥωμαῖος@ndmpp χωρίς@p δέκα@an---- μόνος@ngmpc καί@b ὁ@damp ἐλέφας@nampc ὅσος@anamp- ἔχω@vipa2p καί@b ὅσος@ananp- ἁρπάζω@viaa2p πρώιος@b ἤ1@cs ὁ@dgmp ἀπόλλυμι@vpragmp τιμή@nafsc ἐγώ@rpgms ὁ@danp ἀμφίβολος@ananp- κρίνω@vppagms καί@b αἰχμάλωτος@ananp- πᾶς@ananp- καί@cs αὐτόμολος@anamp- καί@cs ὅσος@anamp- ἀννίβας@nnmsp ἐκ@p ἰταλία@ngfsp ἄγω@viaa3s οὗτος@rpnnp μέν@b ἐν@p τριάκοντα@an---- ἡμέρα@ndfpc ἀπό@p ὅς@rpgns ἄν@b ὁ@dnfs εἰρήνη@nnfsc κρίνω@vsap3s ἐν@p δέ@b ἑξήκοντα@an---- ἡμέρα@ndfpc μάγων@namsp χρή@vipa3s λίγυες@ngmpp ἀφεστήξω@vnaa-- καί@b ὁ@dafp φρουρά@nafpc σύ@rpamp ἐξάγω@vnaa-- ἐκ@p ὁ@dgfp πόλις@ngfpc ὅσος@annfp- ὁ@dgfp φοινικίς@angfp- τάφρος@ngfpc ἐκτός@p εἰμί@vipa3p καί@b ὅσος@ananp- αὐτός@rpgnp ἔχω@vipa2p ὅμηρος@nanpc ἀποδίδωμι@vnaa-- καί@cs εἰς@p ῥώμη@nafsp ἕκαστος@angns- ἔτος@ngnsc ἀναφέρω@vnpa-- εὐβοικός@ananp- τάλαντον@nanpc διακόσιοι@ananp- ἐπί@p πεντήκοντα@an---- ἐνιαυτός@nampc καί@b μή@b τε@b ξενολογέω@vnpa-- ἀπό@p κελτοί@ngmpp ἤ1@cs λίγυες@ngmpp ἔτι@b μή@b τε@b μασσανάσσης@ndmsp μη@b δέ@cs ἄλλος@andms- ῥωμαῖος@ngmpp φίλος@andms- πολεμέω@vnpa-- μη@b δέ@cs στρατεύω@vnpa-- τις@rpams καρχηδόνιος@ngmpp ἐπί@p ἐκεῖνος@rpamp ἀπό@p γε@b ὁ@dgns κοινός@angns- ὁ@dafs δέ@b πόλις@nafsc σύ@rpamp ἔχω@vnpa-- καί@cs ὁ@dafs χώρα@nafsc ὅσος@anafs- ἐντός@p ὁ@dgfp φοινικίς@ngfpp τάφρος@ngfpc ἔχω@viia2p ἐγώ@rpgms διαπλέω@vppagms εἰς@p λιβύη@nafsp ῥωμαῖος@ngmpp τε@b εἰμί@vnpa-- φίλος@nampc καί@cs σύμμαχος@nampc κατά@p γῆ@nafsc καί@cs κατά@p θάλασσα@nafsc ἐάν@cs ἀρέσκω@vspa3s οὗτος@rpnnp ὁ@ddfs βουλή@ndfsc ἀρέσκω@vpaagmp δέ@b ῥωμαῖος@nampp ἀναχωρέω@vnpa-- ἐκ@p λιβύη@ngfsp πεντήκοντα@an---- καί@cs ἑκατόν@an---- ἡμέρα@ndfpc ἀνοχή@nafpc δέ@b ἐάν@cs ἐθέλω@vspa2p λαμβάνω@vnaa-- ἔστε@cs πρεσβεύω@vsaa2p εἰς@p ῥώμη@nafsp δίδωμι@vifa2p μέν@b ἐγώ@rpdmp αὐτίκα@b ὅμηρος@nanpc πεντήκοντα@an---- καί@cs ἑκατόν@an---- παῖς@nampc ὅς@rpamp ἄν@b αὐτός@rpnms ἐπιλέγω@vspe1s δίδωμι@vifa2p δέ@cs εἰς@p δαπάνη@nafsc ὁ@ddfs στρατιά@ndfsc ἄλλος@ananp- τάλαντον@nanpc χίλιοι@ananp- καί@cs ἀγορά@nafsc καί@b γίγνομαι@vpamgfp ὁ@dgfp σπονδή@ngfpc ἀπολαμβάνω@vifm2p ὁ@danp ὅμηρος@nanpc"
"Pun._9.55","οὗτος@rpanp ὁ@dgms σκίπιωνος@ngmsp εἶπον@vpaagms ὁ@dnmp μέν@b πρέσβυς@nnmpc φέρω@viia3p εἰς@p καρχηδών@nafsp ὁ@damp λόγος@nampc σύνειμι1@vppagns δέ@cs ὁ@dgns πλῆθος@ngnsc εἰς@p ἐκκλησία@nafsc ἐπί@p πολύς@anafp- ἡμέρα@nafpc ὁ@ddmp μέν@b ἄριστος@andmp- δοκέω@viia3s ὁ@danp προτείνω@vppeanp δέχομαι@vnam-- καί@cs μή@b περί@p τις@rpgnp ἀπειθέω@vppaamp κινδυνεύω@vnpa-- περί@p ἅπας@angnp- ὁ@dans δέ@cs ἀγοραῖος@anans- πλῆθος@nansc οὐ@b ὁ@dans πάρειμι1@vppaans δεινός@anans- ἐκλογίζομαι@vppenmp μᾶλλον@b ἤ1@cs ὁ@dafs ἀφαίρεσις@nafsc ὅς@rpafs ἔχω@vipa3p τοσόσδε@anafs- εἰμί@vppaafs ἀπειθέω@viia3p καί@cs ἀγανακτέω@viia3p εἰ@cs ἐν@p λιμός@ndmsc ὁ@dams σῖτος@namsc ὁ@dnmp ἄρχω@nnmpc αἱρέω@vipe3p ῥωμαῖος@ndmpp ἀντί@p ὁ@dgmp πολίτης@ngmpc εἰς@p ὁ@dafp ἀνοχή@nafpc παρέχω@vnaa-- ἐπί@p ἕκαστος@anams- τε@cs αὐτός@rpgmp συνίστημι@vppenmp πᾶς@andmp- ἀπειλέω@viia3p ὁ@dafp οἰκία@nafpc αὐτός@rpgmp διαρπάζω@vnfa-- καί@cs καταπίμπρημι@vnfa-- τέλος@nansc δέ@b γιγνώσκω@viaa3p ἀννίβας@namsp ἔχω@vppaams μέν@b ἤδη@b πεζός@anamp- ἑξακισχίλιοι@anamp- ἱππεύς@nampc δέ@cs πεντακόσιοι@anamp- σταθμεύω@vppaams δέ@cs ἐν@p πόλις@ndfsc μαρθαμά@n---p σύμβουλος@namsc ἐπί@p ὁ@ddnp πάρειμι1@vppadnp καλέω@vnpa-- ὁ@dnms δέ@b ἵημι@viia3s καί@cs ὁ@dgmp μέτριος@angmp- δείδω@vpragmp μή@cs πολεμικός@annms- ἀνήρ@nnmsc ἐπιτρίβω@vsaa3s ὁ@dans πλῆθος@nansc πάνυ@b σεμνός@b κελεύω@viia3s ὁ@dafs εἰρήνη@nafsc δέχομαι@vnpe-- ὁ@dnms δέ@b δῆμος@nnmsc καί@b ὅδε@anams- ὑπό@p ὀργή@ngfsc λυσσώδης@nampc βλασφημέω@viia3s καί@cs πᾶς@andmp- ἀπειλέω@viia3s μέχρι@cs ὁ@dgmp γνώριμος@angmp- ὁ@damp μέν@b εἰς@p μασσανάσσης@nafsp καταφεύγω@vnaa-- ὁ@damp δέ@cs εἰς@p αὐτός@anamp- ῥωμαῖος@nampp αὐτομολέω@vnaa-- ὁ@dgfs πόλις@ngfsc ἀπογιγνώσκω@vpaaamp"
"Pun._9.56","ὁ@dnmp δέ@b καρχηδόνιος@nnmpp πυνθάνομαι@vpamnmp σῖτος@namsc πολύς@anams- εἰς@p ἐμπόριον@nansc τις@anans- ὑπό@p ἀννίβας@ngmsp σῴζω@vnre-- ὁλκάς@nafpc ἐπί@p αὐτός@rpams ἐκπέμπω@viia3p καί@cs ναῦς@nafpc μακρός@anafp- γιγνώσκω@vpranmp εἰ@cs ὁ@dams σῖτος@namsc λαμβάνω@voaa3p ἐκστρατεύω@vnaa-- καί@cs ὑπομένω@vnaa-- πᾶς@anans- ὅς@rpans τις@anans- ἄν@b ὁ@dnfs τύχη@nnfsc κρίνω@vspa3s μᾶλλον@b ἤ1@cs ῥωμαῖος@ndmpp δουλεύω@vnpa-- ἑκών@annmp- ἐπεί@cs δέ@b ἄνεμος@nnmsc τε@b καί@cs χειμών@nnmsc ὁ@dafp ναῦς@nafpc συντρίβω@viaa3p ἀπογιγνώσκω@vpaanmp ἅπας@angnp- μέμφομαι@viie3p ὁ@ddmp θεός@ndmpc ὡς@cs ἐπιβουλεύω@vipa3p καί@b συντίθημι@viie3p ὁ@ddms σκιπίων@ndmsp καί@cs πρεσβεύω@viie3p εἰς@p ῥώμη@nafsp καί@b ὁ@dnms σκιπίων@nnmsp πέμπω@viia3s ὁ@damp συμβουλεύω@vpfaamp κυρόω@vnpa-- ὁ@danp σύγκειμαι@vpreanp λέγω3@vipe3s δέ@b οὗτος@rpans εἰσηγέομαι@vnae-- ὁ@ddfs τε@b πόλις@ndfsc συμφέρω@vnpa-- ὑπολαμβάνω@vpaanms καί@cs πυνθάνομαι@vpppnms γναῖος@namsp κορνήλιος@namsp λέντλος@namsp ὁ@dams ὕπατος@namsc ἐφεδρεύω@vnpa-- ἑαυτοῦ@rpgms ὁ@ddfs στρατηγία@ndfsc ὁ@dafs δόξα@nafsc οὐ@b ἐθέλω@vppanms ἕτερος@angms- γίγνομαι@vnam-- προστάσσω@viaa3s γοῦν@b λέγω3@vnpa-- ἄπειμι1@vppadmp ὅτι@cs βραδύνω@vppagmp ῥωμαῖος@ngmpp αὐτός@rpnms ἐπί@p ἑαυτοῦ@rpgms συντίθημι@vifm3s"
"Pun._9.57","ὁ@dnmp δέ@b πάνυ@b μέν@b ἥδομαι@viie3p κρατέω@vpranmp πόλις@ngfsc τοσοῦτος@angfs- ὅς@rpnfs πολύς@annnp- καί@cs δεινός@annnp- πρότερος@anans- αὐτός@rpamp δράω@vila3s καί@cs ὁ@dgfp ἐπί@p ὁ@dgfs γῆ@ngfsc δεύτερος@anafs- ἤ1@cs τρίτος@anafs- ἔχω@viia3s ἡγεμονία@nafsc ὁ@dnmp σύμβουλος@nnmpc δέ@b στασιάζω@viia3p ὁ@dnmp μέν@b ἔτι@b σύν@p ὀργή@ndfsc χαλεπαίνω@vppanmp ὁ@ddmp καρχηδόνιος@ndmpp ὁ@dnmp δέ@cs ἐλεέω@vppanmp αὐτός@rpamp ἤδη@b καί@cs ἀξιόω@vppanmp ἐν@p ὁ@ddfp ἀλλότριος@andfp- συμφορά@ndfpc ὁ@dans σφέτερος@anans- εὐπρεπής@b διατίθημι@vnpe-- ὑπανίσταμαι@vpaanms δέ@b τις@rpnms ὁ@dgmp σκίπιωνος@ngmsp φίλος@ngmpc λέγω@viaa3s οὐ@b περί@p ὁ@dgfs καρχηδόνιος@ngmpp σωτηρία@ngfsc εἰμί@vipa3s ἐγώ@rpdmp ὁ@dnfs φροντίς@nnfsc ὦ@i ἀνήρ@nvmpc ἀλλά@cs περί@p ὁ@dgfs ῥωμαῖος@ngmpp εἰς@p τε@b θεός@nampc πίστις@ngfsc καί@cs πρός@p ἀνήρ@ngmpc εὐφημία@ngfsc μή@cs καρχηδόνιος@ngmpp αὐτός@angmp- ὠμός@ananpc πράσσω@vsaa1p ὅς@rpnmp καρχηδόνιος@ndmpp ὠμότης@nafsc ἐπικαλέω@vipa1p καί@cs συμπάθεια@nafpc ἀεί@b φροντίζω@vpaanmp ἐπί@p ὁ@dgnp βραχύς@angnpc ἀμελέω@vsaa1p ἐν@p ὁ@ddmp μέγας@andnpc ὅς@rpanp μη@b δέ@b λανθάνω@vnaa-- ἔνειμι@vipa3s διά@p ὁ@dans μέγεθος@nansc ἀλλά@cs εἰς@p ἅπας@anafs- γῆ@nafsc περιέρχομαι@vifm3s καί@b νῦν@b καί@cs ὕστερος@anans- ἐάν@cs πόλις@nafsc περιώνυμος@anafs- καί@cs θαλασσοκρατής@nafsc ἀνέρχομαι@vsaa1p ὅς@rpnfs καί@b νῆσος@ngfpc ἄρχω@viaa3s πολύς@angfp- καί@b θάλασσα@ngfsc ὅλος@angfs- καί@cs λιβύη@ngfsp ὑπέρ@p ἥμισυς@anans- ἐν@p τε@cs ὁ@ddmp πρός@p ἐγώ@rpamp αὐτός@anamp- ἀγών@ndmpc πολύς@ananp- καί@b τύχη@ngfsc καί@cs δύναμις@ngfsc ἔργον@nanpc ἐπιδείκνυμι@viam3s ὅς@rpdmp ἔτι@b μέν@b φιλονεικέω@vppadmp ἐρίζω@vnpa-- δεῖ@viia3s πίπτω@vpaagmp δέ@cs φείδομαι@vnpe-- καθά@cs καί@b ὁ@dgmp ἀθλητής@ngmpc οὐδείς@rpnms ὁ@dams πίπτω@vpaaams ἔτι@b τύπτω@vipa3s καί@cs ὁ@dgnp θηρίον@ngnpc ὁ@dnnp πολύς@annnp- φείδομαι@vipe3s ὁ@dgnp καταπίπτω@vpfagmp καλός@annns- δέ@x ἐν@p ὁ@ddnp εὐτύχημα@ndnpc νέμεσις@ndnpc θεός@ngmpc φυλάσσω@vnpe-- καί@cs ἄνθρωπος@ngmpc φθόνος@namsc εἰ@cs δέ@b τις@rpnms ὅσος@ananp- δράω@viaa3p ἐγώ@rpamp ἀκριβής@b ἐκλογίζομαι@vipe3s αὐτός@rpnns μάλιστα@b εἰμί@vipa3s οὗτος@rpnns ὁ@dgfs τύχη@ngfsc ὁ@dnns φοβερός@annnss εἰ@cs περί@p μόνος@angfs- ἄρτι@b σωτηρία@nafpc παρακαλέω@vipa3p ὁ@dnmp πόσος@ananp- καί@cs πηλίκος@b δύναμαι@vprenmp δράω@vnaa-- καί@cs οὐ@b πρό@p πολύς@angns- περί@p τε@b σικελία@ngfsp καί@cs ἰβηρία@ngfsp καλός@b ἀγωνίζομαι@vpaenmp ἀλλά@b ἐκεῖνος@rpgnp μέν@b δίκη@nafpc δίδωμι@viaa3p ὁ@dgfp δέ@cs τελευταῖος@angfp- παράβασις@ngfpc λιμός@namsc αἰτιάομαι@vipe3p κακός@anans- ἄνθρωπος@ndmpc ἐπίπονος@ananss ὅς@rpnns πᾶς@anamp- ἐξαιρέω@vnpa-- δύναμαι@vipe3s λογισμός@nampc ἐγώ@rpnms δέ@b οὐ@b ἐρέω@vifa1s μέν@b οὐδείς@rpans ὑπέρ@p καρχηδόνιος@ngmpp οὐ@b γάρ@b ἄξιος@annns- οὐ@b δέ@cs ἀγνοέω@vipa1s καί@b πρότερος@b αὐτός@rpamp ἄλλος@anafp- συνθήκη@nafpc πρό@p ὅδε@rpgnp παραβαίνω@vnaa-- ὅς@rpanp δέ@b ἐπί@p ὁ@ddnp τοιοῦτος@rpdnp ποιέω@vppanmp ὁ@dnmp πατήρ@nnmpc ἐγώ@rpgmp εἰς@p ὅδε@rpans τύχη@ngfsc προέρχομαι@viaa3p οἶδα@vpraamp σύ@rpamp ἀναμιμνήσκω@vifa1s ὁ@dgmp γάρ@b γείτων@ngmpc ἐγώ@rpdmp ὅδε@angmp- πᾶς@angmp- ἐν@p κύκλος@ndmsc πολλάκις@b ἀφίστημι@vpaagmp καί@cs σπονδή@nafpc συνεχής@b λύω@vpaagmp οὐ@b καταφρονέω@viaa3p οὐ@b λατῖνος@ngmpp οὐ@b τυρρηνός@ngmpp οὐ@b σαβίνος@ngmpp ὁ@damp τε@b αὖ@b μετά@p ἐκεῖνος@rpamp περιοικέω@vppaamp ἐγώ@rpdmp αἰκανός@nampp καί@b οὐόλουσκος@nampp καί@cs καμπανοί@nampp καί@cs ὅσος@annnp- ἄλλος@rpnnp ὁ@dgfs ἰταλία@ngfsp εἰς@p σπονδή@nafpc ὑβρίζω@viaa3s εὐσταθής@b φέρω@viia3p καί@b ὁ@dans σαυνῖται@ngmpp γένος@nansc τρίς@b μέν@b φιλία@ngfsc καί@cs συνθήκη@ngfpc καταφρονέω@vpaanns ἔτος@ndnpc δέ@cs ὀγδοήκοντα@an---- μέγας@anamps ἐγώ@rpdmp πόλεμος@nampc πολεμέω@vpraans οὐ@b ἀνίστημι@viaa3p οὐ@b δέ@cs ὁ@damp ἄλλος@rpamp ὅσος@annmp- πύρρος@namsp προσάγω@viam3p κατά@p ὁ@dgfs ἰταλία@ngfsp οὐ@b δέ@b ἐγώ@rpnmp ὁ@danp ἔναγχος@b οὗτος@rpanp ὁ@damp ἰταλός@ngmpp ἀννίβας@ndmsp προστίθημι@vpamamp διαφθείρω@viaa1p οὐ@b δέ@cs βρέττιος@nampp ὅς@rpnmp μέχρι@p τέλος@ngnsc αὐτός@rpdms συναγωνίζομαι@viam3p ἀλλά@cs γῆ@ndfsc μόνος@andfs- ζημιόω@vpaanmp ἐάω@viaa1p ἔχω@vnpa-- ὁ@danp ὑπόλοιπος@ananp- ὡς@cs εὐσεβής@anans- ὁμοῦ@b καί@cs εἰς@p εὐτυχία@nafsc ἐγώ@rpdmp χρήσιμος@anans- μή@b ἀφανίζω@vnpa-- ἄνθρωπος@ngmpc γένος@nanpc μᾶλλον@b ἤ1@cs νουθετέω@vnpa-- τίς@rpans οὖν@b πάσχω@vpaanmp ἐπί@p καρχηδόνιος@angmp- ἀλλάσσω@vsaa1p ὁ@dafs φύσις@nafsc ὅς@rpdfs χράομαι@vppenmp μέχρι@p νῦν@b εὐτυχέω@vipa1p ὅτι@cs μέγας@annfsc εἰμί@vipa3s ὁ@dnfs πόλις@nnfsc οὗτος@rpnfs διά@p αὐτός@anans- μέντοι@b καί@b οὗτος@rpans μᾶλλον@b ἔτι@b φειδοῦς@ngfsc ἄξιος@annfs- ἀλλά@b ὅτι@cs πολλάκις@b παρασπονδέω@viaa3s εἰς@p ἐγώ@rpacp καί@b γάρ@b ἕτερος@annmp- καί@cs σχεδόν@b ἅπας@annmp- ἀλλά@b ὅτι@cs μικρός@anafs- νῦν@b ὑφίστημι@vipe3p τιμωρία@nafsc ὅς@rpgmp ναῦς@nnfpc τε@b πᾶς@annfp- χωρίς@b δέκα@an---- παραιρέω@vipe3p καί@b ὁ@damp ἐλέφας@nampc ὅς@rpdmp ἰσχύω@vipa3p παραδίδωμι@vipa3p καί@b τάλαντον@nanpc εὐβοικός@ananp- μυρίος@ananp- τελέω@vipa3p καί@b πόλις@ngfpc ἅπας@angfp- ἀφίστημι@vipe3p καί@cs χώρα@ngfsc ὅσος@angfs- ἄρχω@vipa3p ἐκτός@p ὁ@dgfp φοινικίς@angfp- τάφρος@ngfpc καί@b στρατολογέω@vnpa-- αὐτός@rpdmp ἀπαγορεύω@vire3s καί@b ὅσος@ananp- λιμώσσω@vppanmp ἁρπάζω@viaa3p ἀποδίδωμι@vipa3p ἔτι@b λιμώσσω@vppanmp καί@cs ὁ@dgnp ἀμφίλογος@angnp- εἰμί@vipa3s αὐτός@rpdmp σκιπίων@nnmsp ὁ@dnms πολεμέω@vpaanms κριτής@nnmsc ἐγώ@rpnms μέν@b καί@b ὁ@dgns μέγεθος@ngnsc ὅδε@rpgmp καί@cs ὁ@dgns πλῆθος@ngnsc ἐπαινέω@vipa1s ὁ@dams σκιπίων@namsp καί@cs σύ@rpamp ἀξιόω@vipa1s φείδομαι@vnam-- διά@p ὁ@dams φθόνος@vppaans καί@cs ὁ@dafs ὁ@dgmp ἀνθρώπειος@angmp- μεταβολή@nafsc ὅς@rpdmp εἰμί@vipa3p ἔτι@b ναῦς@nnfpc πρίν@cs συντίθημι@vsam1p πολύς@annfp- καί@b πλῆθος@nnnsc ἐλέφας@ngmpc καί@b ἀννίβας@nnmsp στρατηγικός@annmss ἀνήρ@nnmsc ἤδη@b στρατιά@nafsc ἔχω@vipa3s καί@b μάγων@nnmsp ἐκ@p κελτοί@ngmpp καί@cs λίγυες@ngmpp ἕτερος@anamp- ἄγω@vipa3s πολύς@anamp- καί@b οὐερμινᾶς@nampp ὁ@dnms σῦφαξ@nnmsp αὐτός@rpdmp συμμαχέω@vipa3s καί@cs ἄλλος@annnp- νομάς@ngmpp ἔθνος@nnnpc δοῦλος@nampc τε@cs ἔχω@vipa3p πολύς@anamp- καί@b ἐάν@cs ἀπογιγνώσκω@vsaa3p ὁ@danp παρά@p ἐγώ@rpgmp ἀφειδής@b ἅπας@andmp- χράω2@vifm3p χαλεπός@annnsc δέ@b οὐδείς@rpnns ἀφηψία@ngfsc ἐν@p μάχη@ndfpc ἐν@p ὅς@rpdfp καί@cs ὁ@dnns δαιμόνιον@nnnsc ἀνώμαλος@annns- καί@cs ἐπίφθονος@annns- εἰμί@vipa3s ὅς@rpanp καί@b σκιπίων@nnmsp ἔοικα@vira3s ὑφοράω@vppenms ἐπιστέλλω@vnaa-- μέν@b ἐγώ@rpdmp ὁ@dafs ἑαυτοῦ@rpgms γνώμη@nafsc ἐπεῖπον@vnaa-- δέ@cs ὅτι@cs καί@b βραδύνω@vppagmp συντίθημι@vifm3s ἔοικα@vpranns δέ@b ἐκεῖνος@rpams καί@b ὅδε@rpanp ἀμείνων@anansc ἐγώ@rpgmp ἐκλογίζομαι@vnpe-- καί@cs πλέος@anansc τις@rpans συνοράω@vnpa-- εἰμί@vppaams ἐπί@p ὁ@dgnp ἔργον@ngnpc λυπέω@vsaa1p τε@b ἀκυρόω@vppanmp αὐτός@rpgms ὁ@dafs παραίνεσις@nafsc ἀνήρ@namsc φιλόπολις@namsc καί@cs στρατηγός@namsc ἐξαιρετός@anams- ὅς@rpnms οὐ@b δέ@b εἰς@p λιβύη@nafsp ἐγώ@rpamp ὁρμάω@vppeamp παροξύνω@viaa3s τε@b καί@b στρατιά@nafsc οὐ@b λαμβάνω@vpaanms ἑαυτοῦ@rpdms συνίστημι@viam3s καί@cs ὁ@danp ἐκεῖ@b προάγω@viaa3s ἐγώ@rpdcp εἰς@p ὅσος@anans- οὐ@b ἐλπίζω@viia1p ὅς@rpnns καί@b θαυμάζω@vnpa-- ἄξιος@annns- ὅτι@cs ῥᾴθυμος@b ἔχω@vppanmp ἐν@p ἀρχή@ndfsc ὅδε@angms- ὁ@dgms πόλεμος@ngmsc νῦν@b ἔχω@vipa2p φιλόνεικος@b καί@cs ἄμετρος@b εἰ@cs δέ@b τις@rpnms οὗτος@rpanp μέν@b ἡγέομαι@vipe3s καλός@b ἔχω@vnpa-- δείδω@vira3s δέ@cs μή@cs καί@b νῦν@b ὁ@dafp σπονδή@nafpc παραβαίνω@vspa3p ὁ@dnmp καρχηδόνιος@nnmpp μάλιστα@b μέν@b ἔοικα@vpranns αὐτός@rpamp ἤδη@b σπονδή@ngfpc φυλακή@nnmpc αἰσθάνομαι@vnpm-- πολύς@ananp- ἐκ@p ὁ@dgfp παράβασις@ngfpc πάσχω@vpaaamp καί@cs ὁ@dafs εὐσέβεια@nafsc εἰς@p ὁ@dans μέλλω@vppaans ποιέω@vnfm-- περί@p πολύς@angns- ἐκ@p ἀσέβεια@ngfsc εἰς@p γόνυ@nansc πίπτω@vpaaamp οὐ@b εἰμί@vipa3s δέ@b ὁ@dgmp αὐτός@angmp- σύμβουλος@ngmpc ἄρτι@b μέν@b καταφρονέω@vnpa-- ὁ@dgmp καρχηδόνιος@ngmpp ὡς@b οὐδείς@rpans ἔτι@b ἰσχύω@vppagmp δείδω@vnra-- δέ@cs αὖθις@b ὡς@b ἀφεστήξω@vnaa-- δύναμαι@vppeamp ἐγώ@rpdmp δέ@b ὁ@dnns φυλάσσω@vnpa-- αὐτός@rpamp εἰς@p ὁ@dans μή@b πάλιν@b αὐξάνω@vnpe-- ὁ@dgns νῦν@b ἀναιρέω@vnaa-- εὐχερής@annnsc εἰμί@vipa3s νῦν@b μέν@b γάρ@b ἐκ@p ἀπόγνωσις@ngfsc συμμαχέω@vipe3p ὕστερος@anans- δέ@cs ἀεί@b δείδω@vpraamp τηρέω@vifa1p ἅλις@b δέ@b κακός@angnp- ἔχω@vifa3p καί@cs χωρίς@p ἐγώ@rpgmp ὅς@rpdmp ὅς@dnmp τε@b περίοικος@annmp- πᾶς@annmp- ἐπίκειμαι@vifm3p δυσμεναίνω@vppanmp ὁ@dgfs ποτέ@b βία@ngfsc καί@cs μασσανάσσης@nnmsp ἀνήρ@nnmsc πιστός2@annmss ἐγώ@rpdmp ἐφεδρεύω@vifa3s πάρειμι@vppanms ἀεί@b εἰ@cs δέ@b ἄρα@b τις@rpnms καί@b ὅδε@rpgmp πᾶς@angmp- καταφρονέω@vipa3s ὅπως@b δέ@cs αὐτός@rpnms ἐκδέχομαι@vifm3s ὁ@dafs σκίπιωνος@ngmsp ἀρχή@nafsc ὁ@dans ἑαυτοῦ@rpgms μόνος@b σκοπέω@vipa3s καί@cs πιστεύω@vipa3s καί@b ὁ@danp ὁ@dgfs τύχη@ngfsc αὐτός@rpdms εἰς@p τέλος@nansc ἀπαντάω@vnfa-- τίς@anans- καί@b χράω2@vifm1p ὁ@ddfs πόλις@ndfsc λαμβάνω@vpaanmp αὐτός@rpafs ἐάν@cs καί@b λαμβάνω@vsaa1p ἀναιρέω@vifa1p ἄρδην@b ὅτι@cs σῖτος@namsc ἐγώ@rpgcp καί@cs ναῦς@nafpc ἁρπάζω@viaa3p ὅς@rpanp μετά@p πολύς@angmp- ἄλλος@rpgmp ἀξιόω@vipa3p ἀποδίδωμι@vnaa-- ἤ1@cs οὗτος@rpans μέν@x οὐ@b πράσσω@vsaa1p νέμω@nafsc τε@x θεός@ngmpc φυλάσσω@vppenmp καί@cs ψόγος@namsc ἄνθρωπος@ngmpc μασσανάσσης@ndmsp δέ@x ἔχω@vnpa-- δίδωμι@vifa1p ἀλλά@b εἰ@cs καί@b φίλος@nnmsc εἰμί@vipa3s οὐ@b χρή@vipa3s στερροποιέω@vnpa-- οὐ@b δέ@cs ἐκεῖνος@rpams ἄμετρος@b ἡγέομαι@vnpm-- δέ@cs ὁ@dafs ἔρις@nafsc αὐτός@rpgmp ὁ@dafs εἰς@p ἀλλήλων@rpamp ὁ@ddms ῥωμαῖος@ngmpp κοινός@andns- συμφέρω@vnpa-- ἀλλά@b εἰς@p πρόσοδος@nafpc ὁ@dafs χώρα@nafsc ἀνίημι@vifa1p ἀλλά@b ὁ@dnfs φυλάσσω@vpfanfs στρατιά@nnfsc ὁ@dafs πρόσοδος@nafsc ἀνάλωσις@vifa3s πολύς@angfs- γάρ@b ὡς@cs ἐν@p πολύς@andnp- περίοικος@andnp- καί@cs πᾶς@andnp- βάρβαρος@andnp- δέω@vifm1p ἀλλά@b ἄποικος@anamp- πέμπω@vifa1p εἰς@p μέσος@anamp- τοσόσδε@rpamp νομάς@nampp ὅς@dnmp ὁ@dgmp μέν@b βάρβαρος@ngmpc ἰσχύω@vppagmp ἀεί@b δεινός@ananp- πείθω@vifm3p ἐάν@cs δέ@cs ἐπικρατέω@vsaa3p αὐτός@rpgmp εἰς@p ὁ@dans μέλλω@vppaans ἐγώ@rpdmp εἰμί@vifm3p φοβερός@annmp- καί@cs ἐπίφθονος@annmp- χώρα@nafsc τοσόσδε@anafs- καί@cs πολύς@anans- κρείσσων@anafsc ὁ@dgfs ἡμέτερος@angfs- ἔχω@vppanmp ὅς@rpanp καί@b αὐτός@ananp- ἐγώ@rpdms δοκέω@vipa3s σύνεἶδον@vpaanms ὁ@dnms σκιπίων@nnmsp κελεύω@vnpa-- ἐγώ@rpdmp δέχομαι@vnpe-- ὁ@dafp καρχηδόνιος@ngmpp παράκλησις@nafpc πείθω@vipe1p οὖν@b καί@b ὁ@ddmp δέω2@vppedmp καί@cs ὁ@ddms στρατηγός@ndmsc"
"Pun._9.62","ὁ@dnms μέν@b οὕτως@b εἶπον@viaa3s πόπλιος@nnmsp δέ@cs κορνήλιος@nnmsp κορνήλιος@ngmsp λέντλος@ngmsp συγγενής@annms- ὁ@dgms τότε@b εἰμί@vppagms ὕπατος@ngmsc καί@cs ὁ@dams σκιπίων@namsp διαδέχομαι@vnfm-- προσδοκάω@vppagms ἀντιλέγω@viia3s οὕτως@b ὁ@dnns μέν@b συμφέρω@vppanns εἰμί@vipa3s μόνος@b ἐν@p ὁ@ddmp πόλεμος@ndmpc ὦ@i ἀνήρ@nvmpc χρήσιμος@annns- καί@b ὅσος@andns- δυνατός@anafs- ἔτι@b καί@b νῦν@b ἀποφαίνω@vipa3p οὗτος@rpnmp ὁ@dafs πόλις@nafsc φυλάσσω@vnam-- χρή@vipa3s ὁ@dafs ἀπιστία@nafsc αὐτός@rpgfs μετά@p ὁ@dgfs δύναμις@ngfsc καί@cs ὁ@dafs ἰσχύς@nafsc προαναιρέω@vnaa-- ἐπεί@cs μή@b ὁ@dafs ἀπιστία@nafsc δύναμαι@vipe1p οὐδείς@annms- δέ@b ἐγώ@rpdmp καιρός@nnmsc εἰς@p ὁ@dans λύω@vnaa-- ὁ@dams ἀπό@p κάσσανδρος@ngmpp φόβος@namsc ἐπιτήδειος@annmsc εἰμί@vipa3s ὁ@dgns πάρειμι1@vppagns ἐν@p ὅς@rpdns πᾶς@angmp- εἰμί@vipa3p ἀσθενής@annmp- καί@cs ἄπορος@annmp- πρίν@cs αὖθις@b αὐτός@rpgmp εἰς@p ἑκάτερος@anams- αὐξάνω@vnap-- οὐ@b μέντοι@b καί@b ὁ@dams ὁ@dgns δίκαιος@angns- λογισμός@namsc ἄν@b περιφεύγω@voaa1s οὐ@b δέ@cs ἀμετρία@angfs- ἐγώ@rpdms δοκέω@vipa1s δόξα@nafsc φέρω@vnfm-- ὁ@dafs πόλις@nafsc ἐπί@p καρχηδόνιος@ndmpp ὅς@rpnmp παρά@p μέν@b ὁ@dafp εὐπραξία@nafpc ἀδικέω@vipa3p καί@cs ἐνυβρίζω@vipa3p εἰς@p ἅπας@anamp- ἐν@p δέ@b ὁ@ddfp συμφορά@ndfpc παρακαλέω@vipa3p ἄν@cs δέ@cs τυγχάνω@vsaa3p εὐθύς2@b ἐπί@p ὁ@ddfp συνθήκη@ndfpc μετατίθημι@vipe3p καί@cs οὐ@b τε@x σπονδή@ngfpc εἰμί@vipa3s αὐτός@andmp- αἰδώς@nnfsc οὐ@b τε@x λόγος@nnmsc ὅρκος@ngmpc ὅς@rpamp οὗτος@rpnms ἀξιόω@vipa3s περιποιέω@vnpa-- διά@p νέμεσις@ndnpc θεός@ngmpc καί@cs ἄνθρωπος@ngmpc φθόνος@namsc ἐγώ@rpnms δέ@b αὐτός@anamp- ἡγέομαι@vipm1s ὁ@damp θεός@nampc εἰς@p ὅδε@rpans ὁ@dafs καρχηδών@nafsp περιφέρω@vnaa-- ἵνα@cs δίδωμι@vsaa3p ποτέ@b δίκη@nafsc ὁ@dgfs ἀσέβεια@ngfsc ὅς@rpnmp καί@b περί@p σικελία@nafsp καί@b ἰβηρία@nafsp καί@b ἰταλία@nafsp καί@cs ἐν@p αὐτός@andfs- ὁ@ddfs λιβύη@ndfsp καί@b πρός@p ἐγώ@rpamp καί@cs πρός@p ὁ@damp ἄλλος@rpamp ἅπας@anamp- ἀεί@b συντίθημι@viie3p καί@b παρορκέω@viia3p καί@cs δεινός@ananp- καί@cs σχέτλιος@ananp- δράω@viia3p ὅς@rpgnp ὁ@danp ἀλλότριος@ananp- σύ@rpdmp πρό@p ὁ@dgnp ἡμέτερος@angnp- διέξειμι@vipa1s ἵνα@cs οἶδα@vsra2p πᾶς@anamp- ἐφήδομαι@vpfeamp καρχηδόνιος@ndmpp εἰ@cs δίκη@nafsc δίδωμι@voaa3p οὗτος@rpnmp ζακανθαῖος@nampp πόλις@nafsc ἰβηρια@nafpp ἐπιφανής@anams- σφεῖς@rpdmp τε@cs αὐτός@andmp- ἔνσπονδος@anams- καί@cs φίλος@anafs- ἐγώ@rpdmp ἡβηδόν@b ἐκτείνω@viaa3p οὐδείς@rpans ἀδικέω@vppaamp οὗτος@rpnmp νουκερία@nafsp ὑπήκοος@anafs- ἐγώ@rpgmp ἐπί@p συνθήκη@ndfsc λαμβάνω@vpaanmp καί@cs ὄμνυμι@vpaanmp σύν@p δύο@an---- ἱμάτιον@ndnpc ἕκαστος@anams- ἀπολύω@vnfa-- ὁ@dafs μέν@b βουλή@nafsc αὐτός@rpgmp εἰς@p ὁ@danp βαλανεῖον@nanpc συγκλείω@viaa3p καί@cs ὑποκαίω@vppanmp ὁ@danp βαλανεῖον@nanpc ἀποπνίγω@viaa3p ὁ@dams δέ@cs δῆμος@namsc ἄπειμι1@vppaams κατακοντίζω@viaa3p ἀχερραινά@ngmpp δέ@b ὁ@dafs βουλή@nafsc ἐν@p σπονδή@ndfpc εἰς@p ὁ@danp φρέαρ@nanpc ἐμβάλλω@viaa3p καί@cs ὁ@danp φρέαρ@nanpc ἐπέχω@viaa3p μᾶρκος@namsp τε@b κορνήλιος@anams- ὕπατος@namsc ἡμέτερος@anams- ὅρκος@ndmpc ἀπατάω@vpaanmp ἄγω@viaa3p μέν@b ὡς@b ἐπισκέπτομαι@vpfmams αὐτός@rpgmp ὁ@dams στρατηγός@namsc ἀρρωστέω@vpfaams συναρπάζω@vpaanmp δέ@cs ἀπάγω@viaa3p εἰς@p λιβύη@nafsp ἐκ@p σικελία@ngfsp αἰχμάλωτος@anams- μετά@p δύο@an---- καί@cs εἴκοσι@an---- ναῦς@ngfpc ἐκτείνω@viaa3p δέ@b καί@b ῥῆγλος@namsp αἰκίζομαι@vpamnmp στρατηγός@namsc ἕτερος@anams- ἐγώ@rpgmp ὑπό@p εὐορκία@ngfsc ἐπανέρχομαι@vpaaams πρός@p αὐτός@rpamp ὅσος@ananp- δέ@b ἀννίβας@nnmsp ἤ1@b πολεμέω@vppanms ἤ1@b ἐνεδρεύω@vppanms ἤ1@cs παρορκέω@vppanms εἰς@p τε@b πόλις@nafpc καί@cs στρατόπεδον@nanpc ἐγώ@rpgmp καί@cs λήγω@vppanms εἰς@p ὁ@damp σύμμαχος@nampc δράω@viaa3s ὁ@damp ἑαυτοῦ@rpgms ὁ@dafp τε@b πόλις@nafpc πορθέω@vppanms καί@cs ὁ@damp αὐτός@rpdms συστρατεύω@vpamamp κατάκαίνω@vppanms μακρός@annns- ἄν@b εἰμί@vopa3s καταλέγω@vnpa-- πλήν@b ὅτι@cs τετρακόσιοι@ananp- ἐγώ@rpgmp ἀνίστημι@viaa3s ἄστη@nnfsc ὁ@damp δέ@b αἰχμάλωτος@anamp- ἐγώ@rpgmp ὁ@damp μέν@b εἰς@p τάφρος@nafpc καί@cs ποταμός@nampc ἐμβάλλω@vpaanmp ὡς@b γέφυρα@ndfpc ἐπιβαίνω@viia3p ὁ@damp δέ@b ὁ@ddmp ἐλέφας@ndmpc ὑποβάλλω@viia3p ὁ@damp δέ@cs ἀλλήλων@rpdmp μονομαχέω@vnpa-- κελεύω@viia3p ἀδελφός@nampc ἀδελφός@ndmpc συνίστημι@vppanmp καί@cs πατήρ@nampc υἱός@ndmpc ὁ@danp δέ@b ἔναγχος@b οὗτος@rpanp περί@p εἰρήνη@ngfsc πρεσβεύω@viia3p ἐνταῦθα@b καί@b παρακαλέω@viia3p καί@cs ὄμνυμι@viia3p καί@b ὁ@dnmp πρέσβυς@nnmpc αὐτός@rpgmp ἔτι@b πάρειμι1@viia3p ἐν@p δέ@cs λιβύη@ndfsp ὁ@dafp ναῦς@nafpc ἐγώ@rpgmp διαρπάζω@viia3p καί@cs ὁ@damp στρατιώτης@nampc καταδέω@viia3p τοσοῦτος@rpnns αὐτός@rpdmp καί@b ἄνοια@ngfsc διά@p ὁ@dafs ὠμότης@nafsc περίειμι1@vipa3s οὗτος@rpdmp οὖν@b τις@annms- εἰμί@vipa3s ἔλεος@nnnsc ἤ1@cs μετριοπάθεια@nnfsc παρά@p ἕτερος@angmp- ὁ@ddmp οὐδείς@anans- μέτριος@anans- οὐ@b δέ@cs ἥμερος@anans- εἰς@p οὐδείς@rpamp ἐργάζομαι@vpredmp ὁ@ddmp ὥσπερ@cs φημί@viia3s σκιπίων@nnmsp εἰ@cs λαμβάνω@viam3p ἐγώ@rpgmp οὐ@b δέ@cs ἄν@b ὄνομα@nansc ῥωμαῖος@ngmpp ὑπολείπω@vpaadmp ἀλλά@b πίστις@nnfsc εἰμί@vipa3s βέβαιος@annfs- ὁ@dnfs δεξιός@annfs- ποῖος@annfs- τις@rpncs σπονδή@nnfsc τις@rpncs ὅρκος@nnmsc ὅς@rpams οὐ@b πατέω@viaa3p τις@annfs- δέ@b συνθήκη@nnfsc καί@cs χάρις@nnfsc εἰς@p ὅς@rpafs οὐ@b ὑβρίζω@viaa3p μή@b μιμέομαι@vsam1p φημί@vipa3s αὐτός@rpamp τις@anafs- γάρ@b συνθήκη@nafsc ἐγώ@rpnmp λύω@vipa1p ὁ@dnmp μήπω@b τις@rpans συντίθημι@vpamnmp ἀλλά@b ὁ@dafs ὠμοτης@nafsc φημί@vipa3s αὐτός@rpgmp μή@b μιμέομαι@vsam1p φίλος@anamp- οὖν@b καί@cs σύμμαχος@nampc ποιέω@vifm1p ὁ@damp ὠμός@anamps οὐδέτερος@annnp- οὗτος@rpgnp ἄξιος@annnp- ἀλλά@b ἐπιτρέπω@vmaa3p ἐγώ@rpdmp ἑαυτοῦ@rpamp νόμος@ndmsc νικάω@vpamgmp ὡς@cs πολύς@annmp- σφεῖς@rpamp ἐπιτρέπω@viaa3p σκέπτομαι@vifm1p δέ@cs ἐγώ@rpnmp καί@b ὅς@rpans τις@anans- ἄν@b δίδωμι@vsaa1p οἶδα@vifm3p χάρις@nafsc οὐ@b συνθήκη@nafsc νομίζω@vppanmp εἰμί@vnpa-- διαφέρω@vipa3s δέ@b οὗτος@rpdmd ἑκάτερος@anams- ὧδε@b μέχρι@cs μέν@b συντίθημι@vipe3p παραβαίνω@vifm3p καθά@cs καί@b πάλαι@b πρόφασις@nafsc ἀεί@b τις@anafs- ὁ@dgfp συνθήκη@ngfpc φέρω@vppanmp ὡς@b ἐν@p αὐτός@rpdfp ἐλασσόω@vprenmp ὁ@dnnp δέ@x ἀμφίλογος@annnp- εὐπράσσω@annnp- ὅταν@cs δέ@b παραδίδωμι@vsaa3p ἑαυτοῦ@rpamp καί@b ὁ@danp ὅπλον@nanpc παραιρέω@viam1p καί@b ὁ@dnnp σῶμα@nnnpc ἐπί@p ἐγώ@rpdmp γίγνομαι@vsam3s καί@cs πείθω@vsap3p ὅτι@cs μηδείς@rpnns αὐτός@rpdmp εἰμί@vipa3s ἴδιος@annns- ὁ@dnnp μέν@b φρόνημα@nnnpc αὐτός@rpgmp καταβαίνω@vifm3s ἀγαπάω@vifa3p δέ@cs ὅς@rpans τις@anans- ἄν@b παρά@p ἐγώ@rpgmp λαμβάνω@vsaa3p ὡς@b ἀλλότριος@anans- εἰ@cs μέν@b οὖν@b σκιπίων@nnmsp ἕτερος@b δοκέω@vipa3s ὁ@dafp γνώμη@nafpc ἔχω@vmpa2p συγκρίνω@vnpa-- εἰ@cs δέ@b συντίθημι@vifp3s καρχηδόνιος@ndmpp χωρίς@p σύ@rpgmp τίς@rpans καί@b ἐπιστέλλω@viaa3s σύ@rpdmp ἐγώ@rpnms μέν@b γάρ@b ὡς@cs σύ@rpdmp κύριος@ndmpc εἰμί@vppadmp περί@p ὅδε@rpgnp κρίνω@vnaa-- ὁ@dafs γνώμη@nafsc εἶπον@viaa1s ὅς@rpafs νομίζω@vipa1s συμφέρω@vnfa-- ὁ@ddfs πόλις@ndfsc"
"Pun._9.65","τοιοῦτος@rpanp μέν@b κατά@b ὁ@dnms πόπλιος@nnmsp λέγω@viaa3s ὁ@dnfs δέ@b βουλή@nnfsc κατά@p ἀνήρ@namsc παρά@p ἕκαστος@angms- ψῆφος@nafsc αἰτέω@viia3s καί@cs εἰς@p ὁ@dafs σκίπιωνος@ngmsp γνώμη@nafsc ὁ@dnfp πλείων@annfpc συντρέχω@viaa3p γίγνομαι@viie3p οὖν@b ὁ@dnfp συνθήκη@nnfpc τρίτος@annfp- ὅδε@annfp- ῥωμαῖος@ndmpp καί@cs καρχηδόνιος@ndmpp πρός@p ἀλλήλων@rpamp καί@b ὁ@dnms σκιπίων@nnmsp εἰς@p αὐτός@rpafp δοκέω@viia3s μάλιστα@b ὁ@damp ῥωμαῖος@nampp ἐνάγω@vnam-- εἰ@cs τε@b ὁ@dgmp ἐρῶ@vpregmp οὕνεκα@p λογισμός@ngmpc εἰ@cs τε@cs ὡς@cs ἀρκέω@vppaans ῥωμαῖος@ndmpp εἰς@p εὐτυχία@nafsc ὁ@dans μόνος@anafs- ἀφαιρέω@vnam-- καρχηδόνιος@nampp ὁ@dafs ἡγεμονία@nafsc εἰμί@vipa3p γάρ@b ὅς@rpnmp καί@b ὅδε@rpans νομίζω@vipa3p αὐτός@anams- εἰς@p ῥωμαῖος@ngmpp σωφρονισμός@namsc ἐθέλω@vnaa-- γείτων@namsc καί@cs ἀντίπαλος@anams- αὐτός@rpdmp φόβος@namsc εἰς@p ἀεί@b καταλιμπάνω@vnaa-- ἵνα@cs μή@b ποτέ@b ἐξυβρίζω@voaa3p ἐν@p μέγεθος@ndnsc τύχη@ngfsc καί@b ἀμεριμνία@nnfsc καί@b ὅδε@rpans οὕτως@b φρονέω@vnaa-- ὁ@dams σκιπίων@namsp οὐ@b πολύς@anans- ὕστερος@anans- ἐξεῖπον@viaa3s ὁ@ddmp ῥωμαῖος@ndmpp κάτων@nnmsp ἐπιπλήσσω@vppanms παροξύνω@vpredmp κατά@p ῥόδος@ngfsp ὁ@dnms δέ@b σκιπίων@nnmsp οὗτος@rpanp συντίθημι@vpamnms ἐκ@p λιβύη@ngfsp εἰς@p ὁ@dafs ἰταλία@nafsp πᾶς@andms- ὁ@ddms στρατός@ndmsc διαπλέω@viia3s καί@cs εἰς@p ὁ@dafs ῥώμη@nafsp εἰσπορεύω@viia3s θριαμβεύω@vppanms ἐπιφανής@ananps δή@b ὁ@dgmp πρό@p αὐτός@rpgms"
"Pun._9.66","καί@b ὁ@dnms τρόπος@nnmsc ὅς@rpdms καί@b νῦν@b ἔτι@b χράομαι@vppenmp διατελέω@vipa3p εἰμί@vipa3s τοιόσδε@rpnms στεφανόω@vspe3p μέν@b ἅπας@annmp- ἡγέομαι@vipe3p δέ@cs σαλπιγκτής@annfp- τε@cs καί@cs λάφυρα@ngnpc ἄμαξα@nnfpc πύργος@nnmpc τε@cs παραφέρω@vipe3p μίμημα@nnnpc ὁ@dgfp λαμβάνω@vpregfp πόλις@ngfpc καί@b γραφή@nnfpc καί@cs σχῆμα@nnnpc ὁ@dgnp γίγνομαι@vpragnp εἶτα@b χρυσός@nnmsc καί@cs ἄργυρος@nnmsc ἄσημος@annms- τε@b καί@cs σεσημα@nnnsc μένος@nnnsc καί@cs εἰ@cs τις@rpnns τοιουτότροπος@annns- ἄλλος@annns- καί@cs στέφανος@nnmpc ὅσος@andmp- ὁ@dams στρατηγός@namsc ἀρετή@ngfsc ἕνεκα@p ἀναδέω@vipa3p ἤ1@b πόλις@nnfpc ἤ1@b σύμμαχος@nnfpc ἤ1@cs ὁ@dnnp ὑπό@p αὐτός@rpdms στρατόπεδον@nnnpc βοῦς@nnmpc δέ@b ἐπί@p ὅδε@rpdmp λευκός@annmp- καί@cs ἐλέφας@nnmpc εἰμί@viia3p ἐπί@p ὁ@ddmp βοῦς@ndmpc καί@cs καρχηδόνιος@ngmpp αὐτός@angmp- καί@cs νομάς@ngmpp ὅσος@annmp- ὁ@dgmp ἡγεμών@ngmpc λαμβάνω@viap3p αὐτός@angms- δέ@b ἡγέομαι@vipe3p ὁ@dgms στρατηγός@ngmsc ῥαβδοῦχος@nnmpc φοινίκεος@anamp- χιτών@nampc ἐνδύω@vpranmp καί@cs χορός@nnmsc κιθαριστής@ngmpc τε@b καί@cs τιτυστής@ngmpc εἰς@p μίμημα@nansc τυρρηνικός@angfs- πομπή@ngfsc περιζώννυμι@vprenmp τε@b καί@cs στεφάνη@nafsc χρύσεος@anafs- ἐπίκειμαι@vprenmp ἴσος@ananp- τε@b βαίνω@vipa3p ἐν@p τάξις@ndfsc μετά@p ᾠδή@ngfsc καί@cs μετά@p ὄρχησις@ngfsc λυδός@nampp αὐτός@rpamp καλέω@vipa3p ὅτι@cs οἴομαι@vipe1s τυρηηνός@nnmpp λυδός@ngmpp ἄποικος@nnmpc οὗτος@rpgmp δέ@b τις@rpnms ἐν@p μέσος@andns- πορφύρα@nafsc ποδήρης@anafs- περίκειμαι@vppenms καί@cs ψέλιον@nanpc καί@cs στρεπτόν@nanpc ἀπό@p χρυσός@ngmsc σχηματίζω@vipe3s ποικίλος@b εἰς@p γέλως@namsc ὡς@b ἐπορχέομαι@vppenms ὁ@ddmp πολέμιος@ndmpc ἐπί@p δέ@b αὐτός@rpdms θυμίαμα@ngnpc πλῆθος@nnnsc καί@cs ὁ@dnms στρατηγός@nnmsc ἐπί@p ὁ@ddnp θυμίαμα@ndnpc ἐπί@p ἅρμα@ngnsc καταγράφω@vpregms ποικίλος@b δέρκομαι@vire3s μέν@b ἀπό@p χρυσός@ngmsc καί@cs λίθος@ngmpc πολυτίμιος@angmp- στέλλω@vire3s δέ@cs εἰς@p ὁ@dams πάτριος@anams- τρόπος@namsc πορφύρα@nafsc ἀστήρ@angmp- χρύσεος@ngmpc ἐνυφαίνω@vpregmp καί@b σκῆπτρον@nansc ἐκ@p ἐλέφας@ngmsc φέρω@vipa3s καί@cs δάφνη@nafsc ὅς@rpafs ἀεί@b ῥωμαῖος@nnmpp νομίζω@vipa3p νίκη@ngfsc σύμβολον@nansc ἐπιβαίνω@vipa3p δέ@b αὐτός@rpdms ἐπί@p ὁ@dans ἅρμα@nansc παῖς@nnmpc τε@b καί@cs παρθένος@nnfpc καί@cs ἐπί@p ὁ@dgmp παρήορος@ngfpc ἑκατέρωθεν@b ἠίθεος@annmp- συγγενής@nnmpc καί@b παρέπομαι@vipe3p ὅσος@annmp- παρά@p ὁ@dams πόλεμος@namsc εἰμί@viia3p αὐτός@rpdms γραμματεύς@nnmpc τε@b καί@b ὑπηρέτης@nnmpc καί@cs ὑπασπιστής@nnmpc καί@b μετά@p ἐκεῖνος@rpamp ὁ@dnfs στρατιά@nnfsc κατά@p τε@b ἴλη@nafpc καί@cs τάξις@nafpc στεφανόω@vprenfs πᾶς@annfs- καί@cs δαφνηφορέω@vppanfs ὁ@dnmp δέ@b ἀριστεύς@annmp- καί@cs ὁ@dnnp ἀριστεῖα@nnnpc ἐπίκειμαι@vipe3p καί@cs ὁ@dgmp ἄρχων@ngmpc ὅς@rpamp μ@b ἐν@b ἐπαινέω@vipa3p ὅς@rpamp δέ@b σκώπτω@vipa3p ὅς@rpamp δέ@cs ψέγω@vipa3p ἀφελής@annms- γάρ@b ὁ@dnms θρίαμβος@nnmsc καί@cs ἐν@p ἐξουσία@ndfsc λέγω3@vnpa-- ὅς@rpans τις@rpans ἐθέλω@vopa3p ἀφικνέομαι@vpamnms δέ@b εἰς@p ὁ@dans καπιτώλιον@nansp ὁ@dnms σκιπίων@nnmsp ὁ@dafs μέν@b πομπή@nafsc καταπαύω@viaa3s ἑστιάω@viia3s δέ@cs ὁ@damp φίλος@nampc ὥσπερ@cs ἔθος@nnnsc εἰμί@vipa3s εἰς@p ὁ@dans ἱερόν@nansc"
"Pun._10.67","καί@b τέλος@nansc ἔχω@viia3s ῥωμαῖος@ndmpp ὁ@dnms δεύτερος@annms- πρός@p καρχηδόνιος@nampp πόλεμος@nnmsc ἄρχω@vpamnms ἀπό@p ἰβηρία@ngfsp λήγω@vpaanms δέ@cs ἐν@p λιβύη@ndfsp εἰς@p ὅδε@anafp- ὁ@dafp περί@p αὐτός@rpgfs καρχηδών@ngfsp σπονδή@nafpc καί@b ὀλύμπιος@nnfpc ἐν@p ὁ@ddmp ἕλλην@ndmpp εἰμί@viia3p ἀμφί@p ὁ@dafp ἑκατόν@an---- καί@cs τεσσαράκοντα@anafp- καί@cs τέσσαρες@anafp- μασσανάσσης@nnmsp δέ@b καρχηδόνιος@ndmpp τε@b μηνίων@ngnpc καί@cs ῥωμαῖος@ndmpp θαρσέω@vppanms ἐπιβαίνω@viia3s γῆ@ndfsc πολύς@andfs- ὁ@dgmp καρχηδόνιος@ngmpp ὡς@b γίγνομαι@vpredfs ποτέ@b ἑαυτοῦ@rpgms καί@b ὁ@dnmp καρχηδόνιος@nnmpp ῥωμαῖος@nampp παρακαλέω@viia3p σφεῖς@rpdmp μασσανάσσης@nafsp συναλλάσσω@vnaa-- ὁ@rpnmp δέ@x πέμπω@viia3p διαλλακτής@nampc ὅς@rpdmp ἐρῶ@vile3s συμπράσσω@vnpa-- ὅσος@ananp- δύναμαι@vope3p μασσανάσσης@ndmsp οὕτως@b μέν@b ὁ@dafs γῆ@nafsc ἀποτέμνω@viie3s καρχηδών@ngmpp ὁ@dnms μασσανάσσης@nnmsp καί@cs συνθήκη@nnfpc καρχηδόνιος@ndmpp καί@b πρός@p ὅδε@rpams γίγνομαι@viam3p ὅς@rpnfp διαμένω@viaa3p εἰς@p ἔτος@nanpc πεντήκοντα@an---- ἐν@p ὅς@rpdnp μάλιστα@b ὁ@dnfs καρχηδών@nnfsp εἰρηνεύω@vppanfs ὁμαλής@b εἰς@p μέγας@anans- δύναμις@ngfsc καί@cs εὐανδρία@ngfsc ἔρχομαι@viaa3s ἐκ@p τε@b πεδίον@ngnpc εὐκαρπία@ngfsc καί@cs θάλασσα@ngfsc εὐκαιρία@ngfsc"
"Pun._10.68","καί@b εὐθύς@b οἷος@anans- ἐν@p ὁ@ddfp εὐτυχία@ndfpc γίγνομαι@vipe3s ὁ@dnmp μέν@b ῥώζμαινον@viia3p ὁ@dnmp δέ@b δημοκρατίζω@viia3p ὅς@rpdmp δέ@cs ἀρέσκω@viia3s μασσανάσσης@nnmsp ἡγέομαι@viim3p δέ@b ἕκαστος@angmp- ὁ@dnmp καί@b δόξα@ndfsc καί@cs ἀρετή@ndfsc προέχω@vppanmp ὁ@dgmp μέν@b ῥωμαΐζω@vppagmp ὁ@dnms μέγας@annms- ἄννων@nnmsp ὁ@dgmp δέ@b αἱρέω@vppegmp ὁ@danp μασσανάσσης@ngmsp ἀννίβας@nnmsp ὁ@dnms ψάρ@nnnsc ἐπικαλέω@vppenms ὁ@dgmp δέ@cs δημοκρατίζω@vppagmp ἀμίλχαρ@nnfsp ὅς@rpdms σαυνίτης@ngfsp ἐπώνυμος@annns- εἰμί@viia3s καί@cs κάρθων@nnmsp ὅς@dnmp φυλάσσω@vpaanmp ῥωμαῖος@nampp τε@b κελτίβηρες@ndmpp πολεμέω@vppaamp καί@cs μασσανάσσης@namsp ἐπίἐπικουρέω@vppaams υἱός@ndmsc πρός@p ἕτερος@angmp- ἴβηρ@ngmpp συγκλείω@vpredms πείθω@vipa3p ὁ@dams καρθάλων@namsp βοήθαρχος@namsc εἰμί@vppaams καί@cs ἐπί@p ὅδε@andfs- ὁ@ddfs ἀρχή@ndfsc ὁ@dafs χώρα@nafsc περίειμι1@vppaams ἐπιτίθημι@vnae-- ὁ@ddmp μασσανάσσης@ngmsp σκηνόω@vppedmp ἐν@p ἀμφίλογος@andfs- γῆ@ndfsc ὁ@dnms δέ@b καί@b κτείνω@viaa3s τις@rpamp αὐτός@rpgmp καί@b λεία@nafsc περιελαύνω@viaa3s καί@cs ὁ@damp ἐν@p ὁ@ddmp ἀγρός@ndmpc λίβυς@nampp ἐπί@p ὁ@damp νομάς@nampp ἀγείρω@viaa3s ἄλλος@annnp- τε@b πολύς@annnp- αὐτός@rpdmp ἔργον@nnnpc πόλεμος@ngmpc εἰς@p ἀλλήλων@rpamp γίγνομαι@vipe3s μέχρι@cs ῥωμαῖος@ngmpp ἕτερος@annmp- πρέσβυς@nnmpc ἐπέρχομαι@viaa3p εἰς@p διάλυσις@nafpc ὅς@rpdmp ὅμοιος@b ἐρῶ@vile3s μασσανάσσης@ndfsp βοηθέω@vnpa-- ἄδηλος@b καί@b βεβαιόω@viaa3p ὅδε@rpnmp ὁ@ddms μασσανάσσης@ndmsp ὅσος@ananp- προλαμβάνω@vila3s μετά@p τέχνη@ngfsc ὧδε@b εἶπον@viaa3p μέν@b οὐδείς@rpans οὐ@b δέ@cs ἀκούω@viaa3p ἵνα@cs μή@b τις@rpnns ὡς@b ἐν@p δίκη@ndfsc μασσανάσσης@ngfsp ἐλασσόω@vope3s ἐν@p μέσος@andns- δέ@cs ἄμφω@angmd- γίγνομαι@vpamnmp ὁ@dafp χείρ@nafpc διίστημι@viaa3p καί@b οὗτος@rpnns εἰμί@viia3s αὐτός@rpdmp κέλευσμα@nnnsc πρός@p ἀμφότερος@anamp- εἰς@p διάλυσις@nnfpc οὐ@b πολύς@anans- δέ@b ὕστερος@anans- ὁ@dnms μασσανάσσης@nnmsp ἀμφισβητέω@viia3s καί@b ὁ@dgnp λέγω3@vpfmgnp μέγας@angnp- πεδίον@ngnpc καί@cs χώρα@ngfsc πεντήκοντα@an---- πόλις@ngfpc ὅς@rpafs τύσκας@nafsp προσαγορεύω@vipa3p ἐπί@p ὅς@rpdnp πάλιν@b ὁ@dnmp καρχηδόνιος@nnmpp καταφεύγω@viaa3p ἐπί@p ῥωμαῖος@nampp ὁ@dnmp δέ@b ὑπισχνέομαι@viam3p μέν@b αὐτός@rpdmp καί@b τότε@b πρέσβυς@nampc πέμπω@vnfa-- εἰς@p δίαιτα@nafsc διατρίβω@viaa3p δέ@cs ἕως@cs εἰκάζω@viaa3p πολύς@ananp- ὁ@dgmp καρχηδόνιος@ngmpp διαφθείρω@vnre--"
"Pun._10.69","καί@b τότε@b πρέσβυς@nampc πέμπω@viia3p ἕτερος@anamp- τε@b καί@cs κάτων@namsp ὅς@rpnmp εἰς@p ὁ@dafs ἀμφίλογος@anafs- γῆ@nafsc ἀφικνέομαι@vpamnmp ἀξιόω@viia3p σφεῖς@rpdmp ἀμφότερος@anamp- περί@p ἅπας@angnp- ἐπιτρέπω@vnpa-- μασσανάσσης@nnmsp μέν@b οὖν@b οἷος@ananp- πλεονεκτέω@vppanms καί@cs ῥωμαῖος@ndmpp ἀεί@b θαρσέω@vppanms ἐπιτρέπω@viia3s ὁ@dnmp καρχηδόνιος@nnmpp δέ@cs ὑποπτεύω@viia3p ἐπεί@cs καί@b ὁ@damp πρότερος@anans- οἶδα@vila3p οὐ@b εὖ@b δικάζω@vpaaamp φημί@viia3p οὖν@b ὁ@dafp συνθήκη@nafpc ὁ@dafp ἐπί@p σκίπιωνος@ngmsp οὐδείς@rpans χρῄζω@vnpa-- δίκη@ngfpc οὐ@b δέ@cs διόρθωσις@ngfsc ὅσος@annnp- μή@b ἐκ@p αὐτός@rpgfp παραβαίνω@vipe3s μόνος@annnp- ὁ@dnmp δέ@b οὐ@b ἀνέχω@vppenmp περί@p μέρος@ngnsc δικάζω@vnpa-- ἐπάνειμι@viia3p καί@cs ὁ@dafs χώρα@nafsc περισκοπέω@viia3p ἀκριβής@b τε@b ἐργάζομαι@vpreafs καί@cs κατασκευή@nafpc μέγας@anafp- ἔχω@vppaafs εἶδον@viaa3p δέ@b καί@b ὁ@dafs πόλις@nafsc εἰσέρχομαι@vpaanmp ὅσος@annfs- τε@b ὁ@dafs δύναμις@nafsc εἰμί@viia3s καί@cs πλῆθος@nansc ὅσος@annns- αὐξάνω@vile3s ἐκ@p ὁ@dgfs οὐ@b πρό@p πολύς@angns- κατά@p σκιπίων@namsp διαφθορά@ngfsc ἐπανέρχομαι@vpaanmp τε@b εἰς@p ῥώμη@nafsp φράζω@viia3p οὐ@b ζῆλος@ngmsc μᾶλλον@b ἤ1@cs φόβος@ngmsc γέμω@vnpa-- αὐτός@rpdmp ὁ@danp καρχηδόνιος@ngmpp πόλις@ngfsc δυσμενής@angfs- τοσόσδε@angfs- καί@cs γείτων@ngmsc εὐχερής@b οὕτως@b αὐξάνω@vppegfs καί@b ὁ@dnms κάτων@nnmsp μάλιστα@b λέγω3@viia3s οὐ@b ποτέ@b ῥωμαῖος@ndmpp βέβαιος@anafs- οὐ@b δέ@b ὁ@dafs ἐλευθερία@nafsc εἰμί@vnfm-- πρίν@cs ἐξαιρέω@vnaa-- καρχηδών@namsp ὅς@rpgmp ὁ@dnfs βουλή@nnfsc πυνθάνομαι@vppenfs κρίνω@viaa3s μέν@b πολεμέω@vnpa-- ἔτι@b δέ@cs χρῄζω@viia3s πρόφασις@ngfpc καί@cs ὁ@dafs κρίσις@nafsc ἀπόρρητος@anafs- ἔχω@viia3p κάτων@namsp δέ@b ἐκ@p ἐκεῖνος@rpgns φημί@vipa3p ἐν@p ὁ@ddfs βουλή@ndfsc συνεχής@andfs- γνώμη@ndfsc λέγω3@vnpa-- καρχηδών@nafsp μή@b εἰμί@vnpa-- σκιπίων@namsp δέ@cs ὁ@dams νασικᾶς@namsp ὁ@danp ἐναντίος@ananp- ἀξιόω@vnpa-- καρχηδών@namsp ἐάω@vnpa-- εἰς@p φόβος@namsc ἄρα@b καί@b ὅδε@anams- ῥωμαῖος@ngmpp ἐκδιαιτάομαι@vppegmp ἤδη@b"
"Pun._10.70","καρχηδών@ngmpp δέ@b ὁ@dnmp δημοκρατέομαι@vppanmp ὁ@damp ὁ@danp μασσανάσσης@ngmsp φρονέω@vppaamp ἐκβάλλω@viaa3p εἰς@p τεσσαράκοντα@an---- μάλιστα@b εἰμί@vppaamp καί@b ψῆφος@nafsc ἐπιφέρω@viaa3p φυγή@ngfsc καί@cs ὁ@dams δῆμος@namsc ὁρκόω@viaa3p μή@b τε@b καταδέχομαι@vnfm-- ποτέ@b μή@b τε@cs ἀνέχω@vnfm-- ὁ@dgmp λέγω3@vppagmp καταδέχομαι@vnpe-- ὁ@dnmp δέ@b ἐξελαύνω@vpapnmp ἐπί@p ὁ@dams μασσανάσσης@namsp καταφεύγω@viaa3p καί@cs ἐποτρύνω@viia3p εἰς@p πόλεμος@namsc ὁ@dnms δέ@b καί@b αὐτός@rpnms οὕτως@b ἔχω@vppanms πέμπω@viia3s ὁ@dgmp παῖς@ngmpc εἰς@p καρχηδών@nafsp γολόσση@nafsp τε@b καί@cs μικίψ@nafsp ἀξιόω@vppanms καταδέχομαι@vnpe-- ὁ@damp διά@p ἑαυτοῦ@rpams ἐξελαύνω@vpreamp οὗτος@rpdmp πρόσειμι1@vppadmp ὁ@dafp πύλη@nafpc ὁ@dnms βοήθαρχος@nnmsc ἀποκλείω@viaa3s δείδω@vpaanms μή@cs ὁ@dams δῆμος@namsc ὁ@dnmp συγγενής@nnmpc ὁ@dgmp φεύγω@vppagmp καταδακρύω@voaa3p γολόω@ndmsp δέ@b καί@b ἐπανέρχομαι@vppadms ἀμίλχαρ@nnmsp ὁ@dnms σαυνίτης@nnmsp ἐπιτίθημι@viam3s καί@cs τις@rpamp μέν@b ἐκτείνω@viaa3s αὐτός@rpams δέ@cs θορυβέω@viaa3s ἐπί@p ὅς@rpdmp ὁ@dnms μασσανάσσης@nnmsp πρόφασις@nafpc ὅδε@anafp- ποιέω@vppenms πολιορκέω@viia3s πόλις@nafsc ὁρόσκοπα@namsp καί@b ὅδε@rpgfs παρά@p ὁ@dafp συνθήκη@nafpc ἐφίημι@vppenms ὁ@dnmp δέ@b καρχηδόνιος@nnmpp πεζός@andmp- μέν@b δισμύριοι@andmp- καί@cs πεντακισχίλιοι@andmp- ἱππεύς@ndmpc δέ@cs πολιτικός@andmp- τετρακόσιοι@andmp- ἀσδρούβας@ngmsp ὁ@dgms τότε@b σφεῖς@rpgmp βοηθός@ngmsc στρατηγέω@vppagms ἐπί@p ὁ@dams μασσανάσσης@namsp στρατεύω@viia3p καί@b πλησιάζω@vpaadmp αὐτός@rpdmp αἵρεσις@nnmsp τε@b καί@cs σούβας@nnmsp ταξίαρχος@nnmpc ὁ@dgms μασσανάσσης@ngmsp διαφέρω@vpapnmp τις@rpans ὁ@ddmp παῖς@ndmpc μασσανάσσης@ngmsp προστρέχω@viaa3p εἰς@p αὐτομολία@nafsc ἱππεύς@nampc ἄγω@vppanmp ἑξακισχίλιοι@anamp- ὅς@rpdmp ἐπαίρω@vpapnms ὁ@dnms ἀσδρούβας@nnmsp μεταστρατοπεδεύω@viia3s ἐγγύς@b ὁ@dgms βασιλεύς@ngmsc καί@cs ἐν@p ὁ@ddfp ἀκροβολία@ndfpc ἐπί@p κρείσσων@angmpc εἰμί@viia3s ὁ@dnms δέ@b μασσανάσσης@nnmsp ἐνεδρεύω@vppanms αὐτός@rpams ὑποχωρέω@viia3s κατά@p ὀλίγος@anans- οἷος@ananp- φεύγω@vppanms ἕως@cs προσάγω@viaa3s εἰς@p πεδίον@nansc μέγας@anans- καί@cs ἐρῆμος@anans- ὅς@rpgns πανταχόθεν@b εἰμί@viia3p λόφος@nnmpc καί@b ἀπόκρημνος@nnnpc καί@cs ἀγορά@ngfsc ἀπορία@nnfsc τότε@b δέ@b ἐπιστρέφω@vpaanms στρατοπεδεύω@viia3s ἐν@p ὁ@ddnp πεδινός@ndnpc ὁ@dnms δέ@b ἀσδρούβας@nnmsp εἰς@p ὁ@damp λόφος@nampc ὡς@b ὀχυρός@anampc ἀνατρέχω@viaa3s"
"Pun._10.71","καί@b ὁ@dnmp μέν@b ὁ@dgfs ἔπειμι1@vppagfs μέλλω@viia3p εἰς@p χείρ@nafpc ἥκω@vnfa-- σκιπίων@nnmsp δέ@cs ὁ@dnms νέος@annmsc ὁ@dnms ὁ@dafs καρχηδών@nafsp ὕστερος@anans- αἱρέω@vpaanms ὑποστρέφω@vppenms τότε@b λευκόλλος@ndmsp κελτίβηρες@ndmpp πολεμέω@vppadms εἰς@p ὁ@dams μασσανάσσης@namsp ἀφικνέομαι@viie3s πέμπω@vpapnms ἐλέφας@nampc αἰτέω@vnaa-- καί@b αὐτός@rpdms μασσανάσσης@nnmsp ὁ@dgns σῶμα@ngnsc ὡς@b εἰς@p μάχη@nafsc ἐπιμελέομαι@vppenms ἱππεύς@nafpc ἀπαντάω@vnpa-- πέμπω@viaa3s καί@cs ὁ@dgmp παῖς@ngmpc τις@rpdmp κελεύω@viia3s ἔρχομαι@vpaaams ὑποδέχομαι@vnam-- αὐτός@rpnms δέ@b ἅμα@p ἠώς@ndfsc ὁ@dams στρατός@namsc ἐκτάσσω@viaa3s ὀγδοήκοντα@an---- μέν@b καί@cs ὀκτώ@an---- γίγνομαι@vpranms ἔτος@nanpc ἱππεύω@vppanms δέ@cs ἔτι@b καρτερός@b καί@cs γυμνός@anams- ὁ@dams ἵππος@namsc ἀναβαίνω@vppanms ὡς@cs ἔθος@nnnsc εἰμί@vipa3s νομάς@ndmpp καί@b στρατηγός@vppanms καί@cs μάχομαι@vppenms εἰμί@vipa3p γάρ@b λίβυον@ngmpp ὁ@dnmp νομάς@nnmpp εὔρωστος@annmps καί@cs μακρόβιος@angmp- εἰμί@vppagmp μακρόβιος@annmps αἴτιος@annns- δέ@b ἴσως@b ὅς@dnms τε@cs χειμών@nnmsc οὐ@b πολύς@anans- κρύος@nansc ἔχω@vppanms ὑπό@p ὅς@rpgns φθείρω@vipe3s πᾶς@annnp- καί@cs ὁ@dnns θέρος@nnnsc οὐ@b κατακαίω@annns- ὥσπερ@cs αἰθίοψ@nampp τε@b καί@cs ἰνδός@nampp διό@b καί@b ὁ@dgnp θηρίον@ngnpc ὁ@danp δυνατός@ananps ὅδε@rpnfs ὁ@dnfs γῆ@nnfsc φέρω@vipa3s καί@cs ὁ@dnmp ἀνήρ@nnmpc ἐν@p ὕπαιθρος@ndnsc καί@cs πόνος@ndmpc εἰμί@vipa3p ἀεί@b ὁλίγος@annms- τε@b ὁ@dnms οἶνος@nnmsc αὐτός@rpdmp καί@cs ὁ@dnfs τροφή@nnfsc ὅστις@nafsc ἁπλόος@annfs- τε@b καί@cs εὐτελής@annfs- ὁ@dnms μέν@b δή@b μασσανάσσης@nnmsp ἐπιβαίνω@vpaanms ἵππος@ngmsc διακοσμέω@viia3s ὁ@dams στρατός@namsc καί@cs ἀσδρούβας@nnmsp ἀντίἐξάγω@viia3s ὁ@dams ἴδιος@anams- αὐτός@rpdms πολύς@anans- πλῆθος@nansc ἤδη@b γάρ@b καί@b ὅδε@rpdms πολύς@annmp- προσέρχομαι@vila3p ἐκ@p ὁ@dgfs χώρα@ngfsc ὁ@dnms δέ@b σκιπίων@nnmsp θεάω@viie3s ὁ@dafs μάχη@nafsc ἀπό@p ὑψηλός@angns- καθά@cs ἐκ@p θέατρον@ngnsc λέγω3@viia3s τε@b πολλάκις@b ὕστερος@anans- ἀγών@ndmpc συμφέρω@vpapnms ποικίλος@andmp- οὔποτε@b ὧδε@b ἥδομαι@vnap-- μόνος@anams- γάρ@x φημί@viia3s ὅδε@rpams ὁ@dams πόνος@namsc ἄφροντις@nnfsc εἶδον@vnaa-- μυριάς@nafpc ἀνήρ@ngmpc σύνειμι1@vppaafp εἰς@p μάχη@nafsc ἕνδεκα@ λέγω3@viia3s τε@b σεμνύνω@vppanms δύο@an---- πρό@p ἑαυτοῦ@rpgms ὁ@dafs τοιόσδε@anafs- θέα@nafsc εἶδον@vnaa-- ἐν@p ὁ@ddms τρωικός@andms- πόλεμος@ndmsc ὁ@dams ζεύς@namsp ἀπό@p ὁ@dgfs ἴδη@ngfsp καί@cs ὁ@dams ποσειδῶν@namsp ἐκ@p σαμοθρᾴκη@ngfsp"
"Pun._10.72","γίγνομαι@vpamgfs δέ@b ὁ@dgfs μάχη@ngfsc εἰς@p νύξ@nafsc ἀπό@p ἠώς@ngfsc καί@cs πολύς@angmp- πίπτω@vpaagmp ἑκατέρωθεν@b δοκέω@viaa3s ἐπί@p κρείσσων@angmpc ὁ@dnms μασσανάσσης@nnmsp γίγνομαι@vnam-- καί@b αὐτός@rpdms ἀναστρέφω@vppadms ἀπό@p ὁ@dgns ἔργον@ngnsc ὁ@dnms σκιπίων@nnmsp ὁράω@viap3s ὁ@dnms δέ@b αὐτός@rpams οἷος@ananp- φίλος@namsc ἐκ@p πάππης@ngmsc περίεἶπον@viaa3s θεραπεύω@vppanms ὅσπερ@rpans ὁ@dnmp καρχηδόνιος@nnmpp μανθάνω@vpaanmp δέω2@viie3p ὁ@dgms σκίπιωνος@ngmsp πρός@p μασσανάσσης@namsp σφεῖς@rpamp συναλλάσσω@vnaa-- ὁ@dnms δέ@b συνάγω@viaa3s μέν@b αὐτός@rpamp γίγνομαι@vppegfp δέ@cs πρόκλησις@ngfpc ὁ@dnmp καρχηδόνιος@nnmpp ὁ@ddms μασσανάσσης@ndmsp ὁ@dafs μέν@b περί@p ὁ@dans ἐμπόριον@nansp γῆ@nafsc λέγω3@viia3p μεθίημι@vnfa-- καί@cs ἀργύριον@ngnsc τάλαντον@nanpc δίδωμι@vnfa-- διακόσιοι@ananp- αὐτίκα@b καί@cs ὀκτακόσιοι@ananp- σύν@p χρόνος@ndmsc ὁ@damp δέ@cs αὐτόμολος@anamp- αἰτέω@vppagms οὐ@b ὑφίστημι@viaa3p οὐ@b δέ@cs ἀκούω@vnaa-- ἀλλά@cs ἄπρακτος@annmp- διακρίνω@viap3p καί@b σκιπίων@nnmsp μέν@b εἰς@p ἰβηρία@nafsp ἔχω@vppanms ὁ@damp ἐλέφας@nampc ἐπάνειμι@viia3s μασσανάσσης@nnmsp δέ@cs ὁ@dams λόφος@namsc ὁ@dgmp πολέμιος@ngmpc περιτειχίζω@vpaanms φυλάσσω@viia3s μηδείς@anafs- αὐτός@rpdmp ἀγορά@nafsc εἰσφέρω@vnpe-- οὐ@b δέ@cs ἄλλως@b ἐγγύς@b εἰμί@viia1s οὐδείς@rpnns ἐπεί@cs καί@b αὐτός@rpdms μόλις@b ἐκ@p μακρός@angns- σφόδρα@b ἐπίμικτος@b φέρω@viie3s ὀλίγος@annfs- ἀσδρούβας@nnmsp δέ@b εὐθύς2@b μέν@b δοκέω@viia3s δύναμαι@vnpe-- διαπαίζω@vnaa-- ὁ@damp πολέμιος@nampc ἐρρωμένος@vppedms ἔτι@b καί@cs ἀπαθής@andms- ὁ@ddms στρατός@ndmsc ἀγορά@nafsc δέ@cs ἔχω@vppanms μασσανάσσης@ngmsp πλείων@anafsc προκαλέω@vnpe-- ὁ@dams μασσανάσσης@namsp νομίζω@viia3s καί@cs παραμένω@viia3s πυνθάνομαι@vppenms ἅμα@b καί@b ῥωμαῖος@ngmpp ἔπειμι2@vnpa-- πρέσβυς@nampc εἰς@p διάλυσις@nafpc ὁ@dnmp δέ@b ἔρχομαι@viaa3p μέν@b ἐρῶ@vile3s δέ@cs αὐτός@rpdmp εἰ@cs μασσανάσσης@nnmsp ἐλασσόω@vope3s λύω@vmam2s ὁ@dafs διαφορά@nafsc εἰ@cs δέ@cs ἐπί@p κρείσσων@angmpc εἰμί@vopa3s καί@cs παροξύνω@vnaa--"
"Pun._10.73","ὁ@dnmp μέν@b δή@b ὁ@dans ἑαυτοῦ@rpgmp πράσσω@viaa3p ὁ@dnms δέ@cs λιμός@nnmsc ὁ@dams ἀσδρούβας@namsp καί@cs ὁ@damp καρχηδόνιος@nampp ἐκτρίβω@viia3s καί@b ὁ@ddnp σῶμα@ndnpc πᾶς@ananp- ἔχω@vppanmp ἀσθενής@b βιάζω@vnam-- μέν@b οὐκέτι@b ὁ@damp πολέμιος@nampc δύναμαι@viie3p ὁ@danp δέ@cs ὑποζύγιον@nanpc πρῶτος@anans- εἶτα@b ὁ@damp ἵππος@nampc ἐπί@p ὁ@ddnp ὑποζύγιον@ndnpc θύω1@viia3p καί@cs ἱμάς@nampc ἑψέω@vppanmp ἐσθίω@viia3p καί@b νόσος@ngfpc αὐτός@rpamp ἰδέα@nnfpc πᾶς@annfp- καταλαμβάνω@viia3p ἐκ@p τε@b πονηρία@ngfsc τροφή@ngmpc καί@b ἀκινησία@nafpc ἔργον@ngnpc καί@cs ὥρα@ngfsc ἔτος@ngnsc συγκρύπτω@vile3s γάρ@b εἰς@p εἷς@ χωρίον@nansc καί@cs στενός@anans- στρατόπεδον@nansc ὄχλος@nnmsc ἄνθρωπος@ngmpc ἐν@p λιβύη@ndfsp θέρος@ngnsc ὁ@dgnp τε@b ξύλον@ngnpc αὐτός@rpamp εἰς@p ὁ@dafs ἕψησις@nafsc ἐπιλείπω@vppagnp ὁ@danp ὅπλον@nanpc κατακαίω@viia3p καί@b ὁ@dgmp ἀποθνήσκω@vppagmp οὐδείς@rpnms οὐ@b τε@b ἐκφέρω@viie3s μασσανάσσης@ngmsp ὁ@dafs φυλακή@nafsc οὐ@b ἀνίημι@vppagms οὐ@b τε@cs ἐκκαίω@viie3s ξύλον@ngnpc ἀπορία@ndfsc ὁ@dnms οὖν@b φθόρος@nnmsc αὐτός@rpdmp εἰμί@viia3s πολύς@annms- τε@b καί@cs περιώδυνος@annms- σύνειμι@vppadmp ὀδών@andnp- καί@cs σήπω@vppedmp σῶμα@ndnpc ὁ@dnns τε@b πλεῖστος@annns- ἤδη@b ὁ@dgms στρατός@ngmsc διαφθείρω@vile3s καί@b ὁ@dans ὑπόλοιπος@anans- οὐδείς@anafs- σφεῖς@rpdmp ἐλπίς@nafsc σωτηρία@ngfsc ὁράω@vppanmp ὁ@damp αὐτόμολος@anamp- ὑφίστημι@viaa3p ἐκδίδωμι@vnaa-- ὁ@ddms μασσανάσσης@ndmsp καί@b πεντακισχίλιοι@ananp- ἀργύριον@ngnsc τάλαντον@nanpc πεντήκοντα@an---- ἔτος@ndnpc εἰσφέρω@vnaa-- ὁ@damp τε@b φυγάς@nampc σφεῖς@rpgmp δέχομαι@vnam-- παρά@p ὁ@dans ὅρκιον@nansc καί@cs αὐτός@annmp- διά@p εἷς@angfs- πύλη@ngfsc ὁ@damp ἐχθρός@nampc κατά@p εἷς@anams- διεξέρχομαι@vnaa-- σύν@p χιτώνιος@ndmsc μόνος@andns- γολόσσης@nnmsp δέ@b αὐτός@rpdmp ἄπειμι1@vppadmp χαλεπαίνω@vppanms ὁ@dgfs οὐ@b πρό@p πολύς@angns- δίωξις@ngfsc εἰ@cs τε@b σύνοιδα@vpragms ὁ@dgms πατήρ@ngmsc εἰ@b τε@cs διά@p ἑαυτοῦ@rpgms νομάς@nampp ἱππεύς@nampc ἐπιπέμπω@viaa3s ὅς@rpnmp οὐ@b ἀμύνω@vppeamp οὐ@b τε@b ὅπλον@nansc ἔχω@vppaamp εἰς@p ἄμυνα@nafsc οὐ@b τε@cs φεύγω@vnaa-- ὑπό@p ἀσθένεια@ngfsc δύναμαι@vppeamp ἐκτείνω@viaa3p ἐκ@p τε@b μυριάς@ngfpc πέντε@an---- στρατός@ngmsc καί@cs ὀκτακισχίλιοι@angmp- ἀνήρ@ngmpc ὀλίγος@annmp- πάμπαν@b εἰς@p καρχηδών@nafsp περισῴζω@viap3p καί@cs σύν@p αὐτός@rpdmp ἀσδρούβας@nnmsp τε@b ὁ@dnms στρατηγός@nnmsc καί@cs ἕτερος@annmp- ὁ@dgmp ἐπιφανής@angmp-"
"Pun._11.74","τοιόσδε@rpnms μέν@b ὁ@dnms μασσανάσσης@ngmsp καί@cs καρχηδόνιος@ngmpp πόλεμος@nnmsc εἰμί@viia3s ἐκδέχομαι@vipe3s δέ@cs αὐτός@rpams ὁ@dnms τρίτος@annms- ἐν@p λιβύη@ndfsp καί@cs τελευταῖος@annms- ῥωμαῖος@ngmpp καί@b καρχηδόνιος@nnmpp ὁ@ddns μασσανάσσης@ngmsp πταῖσμα@ndnsc συμπίτνω@vpaanmp ἀσθενής@angfss ὑπό@p αὐτός@rpgms ὁ@dgfs πόλις@ngfsc γίγνομαι@vpamgfs αὐτός@anams- τε@b μασσανάσσης@namsp δείδω@vila3p ἐγγύς@b ἔτι@b εἰμί@vppaams μετά@p πολύς@angms- στρατός@ngmsc καί@cs ῥωμαῖος@nampp δυσμεναίνω@vppaamp ἀεί@b σφεῖς@rpdmp καί@cs πρόφασις@nafsc τίθημι@vpfmamp ὁ@danp εἰς@p ὁ@dams μασσανάσσης@namsp γίγνομαι@vpamanp ὅς@rpgnp οὐδέτερος@anans- κακός@b ὑπονοέω@viia1s αὐτίκα@b γάρ@b ὁ@dnmp ῥωμαῖος@nnmpp πυνθάνομαι@vpamnmp στρατός@namsc ἐπαγγέλλω@viaa3p εἰς@p ὅλος@anafs- ὁ@dafs ἰταλία@nafsp ὁ@dafs μέν@b χρεία@nafsc οὐ@b λέγω3@vppanmp ὡς@cs δέ@cs ἄν@b ὀξέως@b ἔχω@vopa3p εἰς@p ὁ@danp παραγγέλλω@vppeanp χράω@vnpe-- καί@b ὁ@dnmp καρχηδόνιος@nnmpp νομίζω@vppanmp ἐκλύω@vnfa-- ὁ@dafs πρόφασις@nafsc ἐπικηρύσσω@viia3p ἀσδρούβας@ndmsp τε@b ὁ@ddms στρατηγέω@vpaadms ὅδε@angms- ὁ@dgms πρός@p μασσανάσσης@namsp πόλεμος@ngmsc καί@cs καρθάλων@ndmsp ὁ@ddms φιλόχορος@andms- καί@b εἰ@cs τις@rpnms ἄλλος@annms- ἐφάπτω@vile3s ὁ@dgns ἔργον@ngnsc θάνατος@namsc εἰς@p ἐκεῖνος@rpamp ὁ@dafs αἰτία@nafsc ὁ@dgms πόλεμος@ngmsc περιφέρω@vppanmp εἰς@p τε@b ῥώμη@nafsp πρέσβυς@nampc πέμπω@viia3p ὅς@rpnmp κατηγορέω@viia3p μέν@b αὐτός@angms- μασσανάσσης@ngmsp κατηγορέω@viia3p δέ@cs καί@b ὅδε@angmp- ὁ@dgmp ἀνήρ@ngmpc ὡς@b ἀμύνω@vpamgmp αὐτός@rpams ὀξέως@b τε@b καί@cs προπετής@b καί@cs ὁ@dafs πόλις@nafsc εἰς@p πρόφασις@nafsc ἔχθρα@ngfsc ἐμβάλλω@vpaagmp ὡς@cs δέ@b τις@rpnms ὁ@dgmp βουλευτής@ngmpc ὁ@damp πρέσβυς@nampc ἔρομαι@viam3s ὅπως@cs οὐ@b ἐν@p ἀρχή@ndfsc ὁ@dgms πόλεμος@ngmsc ὁ@damp αἴτιος@anamp- ἀλλά@cs μετά@p ὁ@dafs ἧσσα@nafsc ἐκκηρύσσω@viaa3p καί@cs πρός@p ἐγώ@rpamp οὐ@b πρότερος@anans- ἀλλά@cs νῦν@b πρεσβεύω@vipe2p ὁ@dnmp μέν@b ἀπόκρισις@ngfsc ἀπορέω@viia3p ὁ@dnfs δέ@cs βουλή@nnfsc πάλαι@b διαγιγνώσκω@vpranfs πολεμέω@vnaa-- καί@cs πρόφασις@nafpc ἐρεσχηλέω@vpaanfs ὧδε@b ἀποκρίνω@viam3s καρχηδόνιος@nampp οὔπω@b ῥωμαῖος@ndmpp ἱκανός@b ἀπολογέομαι@vnae-- πάλιν@b οὖν@b ἀγωνιάω@vppanmp ἐρωτάω@viia3p εἰ@cs δοκέω@vipa3p ἁμαρτάνω@vnaa-- τίς@rpans πάσχω@vpaanmp ἀπολύω@vifm3p ὁ@dans ἔγκλημα@nansc ὁ@dnmp δέ@b οὕτως@b φημί@viia3p ὁ@ddns ῥῆμα@ndnsc εἰ@cs ὁ@dans ἱκανός@anans- ποιέω@vifa2p ῥωμαῖος@ndmpp ζητέω@vppagmp δέ@b ἐκεῖνος@rpgmp ὅς@rpnns τις@annns- εἰμί@vopa3s ὁ@dnns ἱκανός@annns- ὁ@dnmp μέν@b οἴομαι@viie3p ῥωμαῖος@nampp ἐθέλω@vnpa-- ὁ@ddnp χρῆμα@ndnpc προσεπιτίθημι@vnaa-- ὁ@ddnp ἐπί@p σκίπιωνος@ngmsp ὁρίζω@vprednp ὁ@dnmp δέ@cs μασσανάσσης@ndfsp ὁ@dgfs ἀμφίλογος@angfs- γ@ngfsc ή@ngfsc μεθίστημι@vnaa-- ἀπορέω@vppanmp οὖν@b πάλιν@b εἰς@p ῥώμη@nafsp πέμπω@viia3p καί@cs παρακαλέω@viia3p γιγνώσκω@vnaa-- σαφής@b ὅς@rpnns τις@annns- εἰμί@vipa3s αὐτός@rpdmp ὁ@dnns ἱκανός@annns- ὁ@dnmp δέ@b αὖθις@b φημί@viia3p οἶδα@vnra-- καρχηδόνιος@nampp καλός@b καί@cs εἶπον@vpaanmp ἀποπέμπω@viaa3p"
"Pun._11.75","ὁ@dnmp μέν@b δή@b φόβος@ngmsc καί@cs ἀπορία@ngfsc εἰμί@viia3p ἐν@p οὗτος@rpdms ἰτύκη@nnfsp δέ@cs ὁ@dnfs λιβύη@ngfsp μέγας@annfss μετά@p καρχηδών@nafsp πόλις@nnfsc λιμήν@nampc τε@b ἔχω@vppanfs εὔορμος@anafp- καί@cs στρατόπεδον@ngnpc καταγωγή@nafpc δαψιλής@anafp- ἑξήκοντα@an---- στάδιον@nampc ἀπό@p καρχηδών@ngfsp ἀφεστήξω@vpranfs καί@cs καλός@b εἰς@p πόλεμος@namsc αὐτός@rpdmp ἐπίκειμαι@vprenfs ὁ@danp καρχηδόνιος@ngmpp ἄρα@b καί@b οὗτος@rpnfs τότε@b ἀπογιγνώσκω@vpaanfs καί@cs ὁ@dans πάλαι@b μῖσος@nansc εἰς@p αὐτός@rpamp ἐκφέρω@vppanfs ἐν@p καιρός@ndmsc πρέσβυς@nampc εἰς@p ῥώμη@nafsp πέμπω@viaa3s ὅς@rpnmp ὁ@dafs ἰτύκη@nafsp ἡμέτερος@ndmpp ἐπιτρέπω@viia3p ὁ@dnfs δέ@b βουλή@nnfsc καί@b τέως@b εἰς@p ὁ@dams πολεμος@namsc ὁρμάω@vppanfs τε@b καί@cs παρασκευάζω@vppenfs πόλις@ngfsc ὀχυρός@angfs- οὕτως@b καί@cs ἐπίκαιρος@angfs- προσγίγνομαι@vpamgfs ἐκφαίνω@viaa3s τε@b ὁ@dafs γνώμη@nafsc καί@cs εἰς@p ὁ@dans καπιτώλιον@nansp οὗπερ@rpgns ἔθω@vira3p περί@p πόλεμος@ngmsc σκοπέω@vnpa-- συνέρχομαι@vpaanfs ψηφίζομαι@viam3s καρχηδόνιος@ndmpp πολεμέω@vnpa-- στρατηγός@nampc τε@b ὁ@damp ὕπατος@anamp- αὐτίκα@b ἐκπέμπω@viia3p ἐπί@p μέν@b ὁ@dgms πεζός@angms- μάνιος@namsp μανίλιος@namsp ἐπί@p δέ@cs ὁ@dgms στόλος@ngmsc λεύκιος@namsp μάρκιος@namsp κηνσωρῖνος@namsp ὅς@rpdmp ἐν@p ἀπόρρητος@andns- λέγω@vile3s μή@b ἀνέχω@vnaa-- ὁ@dgms πόλεμος@ngmsc πρίν@cs καρχηδών@nafsp κατασκάπτω@vnaa-- ὁ@dnmp μέν@b δή@b θύω1@vpaanmp εἰς@p σικελία@nafsp πλέω@viia3p ὡς@b ἐκεῖθεν@b εἰς@p ὁ@dafs ἰτύκη@nafsp διαβάλλω@vpfanmp ναῦς@ndfpc δέ@cs φέρω@viie3p πεντήκοντα@an---- μέν@b πεντήρης@ndfpc ἑκατόν@an---- δέ@cs ἡμιόλιος@ndfpc ἄκριτος@andmp- δέ@cs καί@b κέρκουρος@andmp- καί@cs στρογγύλος@andmp- πολύς@andmp- καί@b στρατός@namsc ἄγω@viia3p ὀκτακισμύριοι@anamp- πεζός@anamp- καί@cs ἱππεύς@nampc εἰς@p τετρακισχίλιοι@anamp- ἄριστος@anamp- ἅπας@anamp- ὡς@b γάρ@b εἰς@p ἐπιφανής@anafs- στρατεία@nafsc καί@cs προῦπτος@viia3p ἐλπίς@nafsc πᾶς@annms- τις@rpnms ἀστός@ngmpc καί@cs σύμμαχος@ngmpc ὁρμάω@viia3s καί@b πολύς@annmp- καί@b ἐθελοντής@nnmpc παραγγέλλω@viaa3p εἰς@p ὁ@dams κατάλογος@namsc"
"Pun._11.76","καρχηδόνιος@ndmpp δέ@b προσπίτνω@viaa3s ὅς@dnfs τε@b κρίσις@nnfsc ὁ@dgms πόλεμος@ngmsc καί@cs ὁ@dnns ἔργον@nnnsc ὁμοῦ@b διά@p εἷς@angms- ἄγγελος@ngmsc ὁ@dnms γάρ@b αὐτός@annms- φέρω@viia3s τε@b ὁ@dans ψήφισμα@nansc ὁ@dgms πόλεμος@ngmsc καί@cs ὁ@dafp ναῦς@nafpc δηλόω@viia3s πλέω@vnpa-- ἐπί@p σφεῖς@rpamp ἐκπλάσσω@vpapnmp οὖν@b ἀπογιγνώσκω@viia3p ἑαυτοῦ@rpgmp ἀπορία@ndfsc τε@b ναῦς@ngfpc καί@cs ἀπώλεια@ndfsc πρόσφατος@ndnsc τοσόσδε@angfs- νεότης@ngfsc οὐ@b σύμμαχος@nampc ἔχω@vppanmp οὐ@b μισθοφόρος@anamp- ἑτοῖμος@anamp- οὐ@b σῖτος@namsc εἰς@p πολιορκία@nafsc συμφέρω@vpreams οὐ@b ἄλλος@anans- οὐδείς@rpans ὡς@b ἐν@p ἄκηρύκτος@andms- καί@cs ταχύς@andms- πόλεμος@ndmsc οὐ@b δέ@cs αὐτός@rpnmp διαρκέω@vnpa-- δύναμαι@vppenmp ῥωμαῖος@ndmpp τε@b καί@cs μασσανάσσης@ndfsp πρέσβυς@nampc οὖν@b ἕτερος@anamp- εἰς@p ῥώμη@nafsp πέμπω@viia3p αὐτοκράτωρ@nampc ὅπη@b δύναμαι@vope3p ὁ@danp πάρειμι1@vppaanp διατίθημι@vnam-- ὅς@rpdmp ὁ@dnfs σύγκλητος@nnfsc λέγω@viaa3s ἐάν@cs ὁ@ddmp ὕπατος@ndmpc ἔτι@b εἰμί@vspa3p ἐν@p σικελία@ndfsp τριάκοντα@an---- ἡμέρα@ngfpc ὅδε@angfp- ὁ@dnmp καρχηδόνιος@nnmpp τριακόσιοι@anamp- ὁ@damp ἔνδοξος@anamps σφεῖς@rpgmp παῖς@nampc εἰς@p ὁμηρεία@nafsc παρέχω@vsaa3p καί@cs ὁ@danp ἄλλος@rpanp κατακούω@vsaa3p αὐτός@rpgmp ἔχω@vnfa-- καρχηδών@nafsp ἐλεύθερος@anafs- τε@b καί@cs αὐτόνομος@anafs- καί@cs γῆ@nafsc ὅσος@anafs- ἔχω@vipa3p ἐν@p λιβύη@ndfsp οὗτος@rpanp μέν@b εἰς@p ὁ@dans φανερός@anans- ψηφίζω@viam3p καί@cs ὁ@ddmp πρέσβυς@ndmpc δίδωμι@viaa3p εἰς@p καρχηδών@nafsp φέρω@vnpa-- ὁ@dans δόγμα@nansc ἐν@p ἀπόρρητος@andns- δέ@b ὁ@ddmp ὕπατος@ndmpc ἐπιστέλλω@viaa3p ἔχω@vnpe-- ὁ@dgnp ἴδιος@andfs- σφεῖς@rpdmp ἐντέλλω@vpregnp"
"Pun._11.77","ὁ@dnmp δέ@b καρχηδόνιος@nnmpp ὁ@dafs μέν@b γνώμη@nafsc ὑποπτεύω@viia3p οὐ@b ἐπί@p συνθήκη@ndfsc βέβαιος@andfs- ὁ@danp ὅμηρος@nanpc παρέχω@vppanmp οἷος@ananp- δέ@b ἐν@p κίνδυνος@ndmsc τοσόσδε@andms- ὁ@dafp ἐλπίς@nafpc ἐν@p ὅς@rpdms μηδείς@rpans ἐκλείπω@vifa3p τίθημι@vppenmp σπουδή@ndfsc προλαμβάνω@vpaanmp ὁ@dafs προθεσμία@nafsc ὁ@damp παῖς@nampc ἄγω@viia3p εἰς@p σικελία@nafsp γονεύς@ngmpc τε@b αὐτός@rpdmp ἐπικλαίω@vppagmp καί@cs οἰκεῖος@angmp- καί@cs μάλιστα@b ὁ@dgfp μήτηρ@ngfpc ὅς@rpnfp σύν@p ὀλολυγή@ndfsc μανικός@andfs- ὁ@dgnp τέκνον@ngnpc ἐξάπτω@viie3p καί@b ναῦς@ngfpc ὁ@dgfp φέρω@vppagfp αὐτός@rpanp καί@cs στρατηγός@ngmpc ὁ@dgmp ἄγω@vppagmp ἀγκύλη@ngfpc τε@b ἐπιλαμβάνω@viie3p καί@b καλῴδιον@ananp- διασπάω@viia3p καί@b ναύτης@ndmpc συμπλέκω@viie3p καί@cs ὁ@dams πλόος@namsc κωλύω@viia3p εἰμί@vipa3p δέ@b ὅς@rpnfp καί@b μέχρι@p πολύς@angns- ὁ@dgfs θάλασσα@ngfsc παρανέω@viia3p δακρύω@vprenfp τε@b καί@cs εἰς@p ὁ@danp τέκνον@nanpc ἀφοράω@vppanfp ὁ@dnfp δέ@b ἐπί@p ὁ@dgfs γῆ@ngfsc ὁ@dafp κόμη@nafpc τίλλω@viie3p καί@cs ὁ@danp στέρνον@nanpc κόπτω@viia3p ὡς@cs ἐπί@p πένθος@ndnsc δοκέω@viia3p γάρ@b ὄνομα@nansc μέν@b εἰς@p εὐπρέπεια@nafsc εἰμί@vnpa-- ὁ@dafs ὁμηρεία@nafsc ἔργον@ndnsc δέ@cs ὁ@dgfs πόλις@ngfsc ἔκδοσις@nafsc ἐπί@p οὐδείς@andfs- συνθήκη@ndfsc ὅδε@angmp- ὁ@dgmp παῖς@ngmpc δίδωμι@vppegmp καί@b πολύς@annfp- καί@b οὗτος@rpans ἐν@p ὁ@ddfp οἰμωγή@ndfpc καταμαντεύομαι@viie3p ὁ@ddfs πόλις@ndfsc μηδείς@rpans αὐτός@rpafs ὀνίνημι@vnfa-- ὁ@damp παῖς@nampc ἐκδίδωμι@vppeamp ἐν@p μέν@b δή@b ὁ@ddfs καρχηδών@ndfsp ὁ@dgmp ὅμηρος@ngmpc ὁ@dnfs ἀναγωγή@nnfsc τοιόσδε@rpnfs τις@rpnfs εἰμί@viia3s ἐν@p δέ@cs ὁ@ddfs σικελία@ndfsp παραλαμβάνω@vpaanmp αὐτός@rpanp ὁ@dnmp ὕπατος@nnmpc διαπέμπω@viia3p εἰς@p ῥώμη@nafsp καί@cs ὁ@ddmp καρχηδόνιος@ndmpp φημί@viaa3p εἰς@p ὁ@dans τέλος@nansc ὁ@dgms πόλεμος@ngmsc ὁ@danp λοιπός@ananp- ἐρῶ@vnfa-- ἐν@p ἰτύκη@ndfsp"
"Pun._11.78","διαπλέω@vpaanmp τε@b εἰς@p αὐτός@rpafs στρατοπεδεύω@viia3p ὁ@dnms μέν@b πεζός@annms- ἔνθα@b πάλαι@b ὁ@dnns σκίπιωνος@ngmsp εἰμί@viia3s στρατόπεδον@nnnsc ὁ@dnfp δέ@cs ναῦς@nnfpc ἐν@p ὁ@ddmp λιμήν@ndmpc ὁ@ddmp ἰτυκαῖος@ngmpp ἀφικνέομαι@vpamgmp δέ@b καί@b ἐκεῖ@b πρέσβυς@ngmpc ἐκ@p καρχηδών@ngfsp ὁ@dnmp μέν@b ὕπατος@nnmpc προκάθημαι@viim3p ἐπί@p βῆμα@ngnsc ὑψηλός@angns- ἡγεμών@ngmpc τε@b σφεῖς@rpdmp καί@cs χιλίαρχος@ngmpc παρίστημι@vpragmp ὁ@dnfs στρατιά@nnfsc δέ@cs ἑκατέρωθεν@b ἐπί@p μῆκος@nansc πολύς@anans- ὅπλον@ndnpc τε@b ἐπίσημος@andnp- σκευάζω@vile3s καί@cs ὁ@danp σημεῖον@nanpc φέρω@viia3p ὀρθός@ananp- ἵνα@cs ὁ@dnmp πρέσβυς@nnmpc ὁ@dans πλῆθος@nansc ἐκ@p οὗτος@rpgmp συμβάλλω@vopa3p ἐπεί@cs δέ@b ὁ@dnmp μέν@b ὕπατος@nnmpc ὁ@ddms σαλπιγκτής@ndmsc προστάσσω@viaa3p ὑποσημαίνω@vnaa-- σιωπή@nafsc ὁ@dnms δέ@cs κῆρυξ@nnmsc ἀνειπεῖν@viaa3s ὁ@damp καρχηδόνιος@ngmpp πρέσβυς@nampc πρόσειμι@vnpa-- ὁ@dnmp μέν@b εἰσάγω@viie3p διά@p στρατόπεδον@ngnsc μακρός@angns- καί@cs ὁ@dgns βῆμα@ngnsc οὐ@b προσελάζω@viia3p ἀλλά@cs περισχοίνισμα@nnnsc εἰμί@viia3s ἐν@p μέσος@andns- ὁ@dnmp δέ@cs ὕπατος@nnmpc λέγω3@vnpa-- αὐτός@rpamp κελεύω@viia3p ὅς@rpans τις@anans- χρῄζω@vopa3p καί@b ὁ@dnmp πρέσβυς@nnmpc λέγω3@viia3p ἐλεεινός@ananp- πολύς@ananp- καί@cs ποικίλος@ananp- συνθήκη@ngfpc τε@b περί@p ὁ@dgmp σφεῖς@rpdmp πρός@p ῥωμαῖος@nampp γίγνομαι@vpamgmp καί@b καρχηδών@ngfsp αὐτός@angfs- χρόνος@ngmsc καί@b πλῆθος@ngnsc καί@b δύναμις@ngfsc καί@cs ἀρχή@ngfsc ὁ@dgfs εἰς@p πολύς@anans- μέγας@angfs- ἐν@p γῆ@ndfsc καί@cs θάλασσα@ndfsc γίγνομαι@vpamgfs οὐ@b ἐπί@p σεμνολογία@ndfsc δέ@b φημί@viia3p λέγω3@vnpa-- οὐ@b γάρ@b εἰμί@vnpa-- καιρός@namsc ἐν@p συμφορά@ndfpc σεμνολογία@ngfsc ἀλλά@cs εἰς@p σωφρόνισμα@nansc σύ@rpdmp ὦ@b ῥωμαῖος@nvmpp καί@cs μετριοπάθεια@nafsc ὁ@dnfs ὁ@dgfs ἡμέτερος@angfs- μεταβολή@ngfsc ὀξύτης@angfs- εἰμί@vmpa3s κράτιστος@annmps δέ@b ὅσος@rpnmp ὁ@damp πταίω@vpaaamp ἐλεέω@vppanmp ὁ@dans σφέτερος@anans- εὔελπις@ndfsc ποιέω@vipe3p ὁ@ddns μηδείς@rpans εἰς@p ἄλλος@anafp- τύχη@nafpc ἁμαρτάνω@vnaa-- καί@b ὅδε@rpnnp μέν@b σύ@rpgmp ἄξιος@annnp- καί@cs ὁ@dgfs ὑμέτερος@angfs- εὐσέβεια@ngfsc ὅς@rpafs προσποιέω@vipe2p μάλιστα@b ἄνθρωπος@ngmpc εἰ@cs δέ@b καί@b ἀνήμερος@angmp- τυγχάνω@vila1p ἐχθρός@ngmpc κόρος@nnmsc εἰμί@vipa3s ἀτύχημα@ngnpc ὅσος@ananp- πάσχω@vira1p ὅς@rpnmp ὁ@dafs ἡγεμονία@nafsc ὁ@dgfs τε@b γῆ@ngfsc καί@cs θάλασσα@ngfsc ἀφαιρέω@vire1p καί@b ὁ@dafp ναῦς@nafpc σύ@rpdmp παραδίδωμι@vira1p καί@b ἄλλος@rpafp οὐ@b ἐπικτάομαι@vipe1p καί@b θήρα@nafpc καί@cs κτῆσις@nafpc ἐλέφας@ngmpc ἀφεστήξω@viaa1p καί@b ὅμηρος@nanpc ὁ@danp κράτιστος@ananps καί@b πάλαι@b καί@cs νῦν@b παραδίδωμι@vira1p καί@cs φόρος@nampc τελέω@vipa1p εὐτάκτως@b ὁ@dnmp παρά@p ἕτερος@angmp- ἀεί@b λαμβάνω@vppanmp καί@b ὅδε@rpnnp ἀρκέω@viaa3s ὁ@ddmp πατήρ@ndmpc σύ@rpgmp ὅς@rpdmp πολεμέω@viaa1p καί@b συνθήκη@nafpc ἐπί@p αὐτός@rpdmp γράφω@viam3p ἐγώ@rpdmp ὡς@cs φίλος@ndmpc τε@b καί@cs σύμμαχος@ndmpc καί@cs ὅρκος@nnmsc εἰμί@vipa3s ἐν@p ὁ@ddfp συνθήκη@ndfpc ἄμφω@angmd- ὅμοιος@annms- καί@b ἐκεῖνος@rpnmp μέν@b ἐγώ@rpdmp ὅς@rpdmp πολεμέω@viaa1p πιστός2@annmp- μετά@p οὗτος@rpanp γίγνομαι@viam3p σύ@rpnmp δέ@b ὅς@rpdmp οὐ@b δέ@b εἰς@p χείρ@nafpc ἔρχομαι@viaa1p τίς@rpans ὅδε@angfp- ὁ@dgfp συνθήκη@ngfpc αἰτιάομαι@vppenmp παραβαίνω@vnre-- ὁ@dams πόλεμος@namsc ὅδε@anams- ὀξέως@b οὕτως@b ψηφίζω@viam2p τε@b καί@cs ἀκηρύκτως@b ἐπάγω@viaa2p ἐγώ@rpdmp πότερον@anans- οὐ@b δίδωμι@vipa1p ὁ@damp φόρος@nampc ἤ1@cs ναῦς@nafpc ἔχω@vipa1p ἤ1@cs ὁ@damp ἐπίφθονος@anamp- ἐλέφας@nampc ἤ1@b οὐ@b πιστός2@annmp- ὁ@danp πρός@p σύ@rpamp ἐκ@p ἐκεῖνος@rpgms γίγνομαι@vira1p ἤ1@b οὐ@b ἐλεεινός@annmp- ὁ@dgfp πέντε@an---- μυριάς@ngfpc ὁ@dgfp χθές@b ἀπόλλυμι@vpamgmp ὑπό@p λιμός@ngmsc ἀλλά@b μασσανάσσης@ndfsp πολεμέω@vira1p πολύς@ananp- γε@x πλεονεκτέω@vppadms καί@b πᾶς@ananp- διά@p σύ@rpamp φέρω@viia1p ἄπαυστος@b δέ@b ἔχω@vppanms καί@b ἀθέμιστος@b εἰς@p ἐγώ@rpamp καί@cs ὁ@dans ἔδαφος@nansc ἐν@p ὅς@rpdns καί@b τρέφω@viap3s καί@cs παιδεύω@viap3s γῆ@nafsc ἄλλος@anafs- ἐγώ@rpgmp ἀποσπάω@viia3s περί@p ὁ@dans ἐμπόριον@nansp καί@b λαμβάνω@vpaanms καί@b ὅδε@rpafs ἐπιβαίνω@viia3s ἕτερος@anafp- μέχρι@cs ὁ@dafp συνθήκη@nafpc ἐγώ@rpdmp ὁ@dafp πρός@p σύ@rpamp συγχέω@viia3s εἰ@cs οὗτος@rpnns εἰμί@vipa3s ὁ@dnfs ὅδε@angms- ὁ@dgms πόλεμος@ngmsc πρόφασις@nnfsc ἐγώ@rpnmp δέ@b καί@b ὁ@damp ἀμύνω@vppeamp αὐτός@rpams ἐκκηρύσσω@viaa1p καί@cs πρός@p σύ@rpamp πρέσβυς@nampc πέμπω@viaa1p ὅς@rpnmp περί@p οὗτος@rpgnp ἀπολογέομαι@viie3p καί@cs ἕτερος@anamp- αὐτοκράτωρ@nampc ὅπη@b ἐθέλω@vspe2s συντίθημι@vnae-- τίς@rpans οὖν@b δεῖ@viia3s ναῦς@ngfpc καί@b στόλος@ngmsc καί@cs στρατός@ngmsc πρός@p ἀνήρ@nampc οὐ@b ὁμολογέω@vppaamp μέν@b ἁμαρτάνω@vnaa-- ἑαυτοῦ@rpamp δέ@cs σύ@rpdmp ἐπιτρέπω@vppaamp ὅτι@cs δέ@b οὐ@b ἀπατάω@vppanmp σύ@rpamp οὐ@b δέ@cs μικρολογέω@vppenmp πάσχω@vnaa-- ὅς@rpans τις@anans- ἄν@b ζημιόω@vsaa2p οὗτος@rpanp προειρίνω@viia1p ἄν@an---- ἐπιδείκνυμι@vire3s σαφής@b ὅτε@cs ὁ@damp ἄριστος@anamp- παῖς@nampc εἰς@p ὁμηρεία@nafsc αἰτέω@vipa3p σύ@rpdmp εὐθύς@b ὡς@cs ὁ@dnns δόγμα@nnnsc κελεύω@viia3s ὁ@dafp τριάκοντα@an---- προλαμβάνω@vpaanmp ἡμέρα@nafpc ἀποστέλλω@viaa1p ὁ@dgms δέ@b αὐτός@angms- δόγμα@nnmsc εἰμί@vipa3s ἐάν@cs παρέχω@vsaa1p σύ@rpdmp ὁ@danp ὅμηρος@nanpc ὁ@dafs καρχηδών@nafsp ἐλεύθερος@anafs- ἐάω@vnpa-- καί@cs αὐτόνομος@anafs- κτάομαι@vpreafs ὅς@rpanp ἔχω@vipa1p"
"Pun._12.80","ὁ@dnmp μέν@b δή@b πρέσβυς@nnmpc τοσοῦτος@rpanp εἶπον@viaa3p κηνσωρῖνος@nnmsp δέ@cs ὑπανίσταμαι@vpaanms ἀνατέλλω@viaa3s ὧδε@b ὁ@dafp μέν@b αἰτία@nafpc ὁ@dgms πόλεμος@ngmsc τίς@anans- δεῖ@viia3s λέγω3@vnpa-- σύ@rpdmp ὦ@i καρχηδόνιος@nvmpp πρεσβεύω@vpaadmp εἰς@p ῥώμη@nafsp καί@cs παρά@p ὁ@dgfs σύγκλητος@ngfsc μανθάνω@vpaadmp ὅς@rpans δέ@b ψεύδω@viam2p περί@p ἐγώ@rpgmp οὗτος@rpans σύ@rpamp ἐλέγχω@vifa1s καί@b γάρ@b ὁ@dnns δόγμα@nnnsc δηλόω@vipa3s καί@cs ἐγώ@rpnmp σύ@rpdmp ἐν@p σικελία@ndfsp προεῖπον@viaa1p ὁ@danp ὅμηρος@nanpc παραλαμβάνω@vppanmp ὁ@danp λοιπός@ananp- ὁ@dgnp δοκέω@vppagmp ἐπικελεύσω@vnfa-- ἐν@p ἰτύκη@ndfsp ὁ@dgmp μέν@b οὖν@b ὅμηρος@ngmpc ὁ@dgfs τε@b ταχυτής@ngfsc καί@cs ὁ@dgfs ἐπίκρισις@ngfsc ἐπαινέω@vipa1p σύ@rpamp τίς@rpnns δέ@b ὅπλον@ngnpc δεῖ@vipa3s ὁ@ddmp εἰρηνεύω@vppadmp καθαρός@b φέρω@vmpa2p πᾶς@ananp- ὅσος@ananp- δημόσιος@ananp- τε@b καί@cs ἴδιος@ananp- ἕκαστος@annms- σύ@rpgmp ἔχω@vipa3s βέλος@nanpc τε@b καί@cs καταπάλτης@nafpc ἐγώ@rpdmp παραδίδωμι@vmaa2p ὁ@dnms μέν@b οὕτως@b λέγω@viaa3s ὁ@dnmp δέ@cs πρέσβυς@nnmpc φημί@viaa3p ἐθέλω@vnpa-- μέν@b καί@b ὅδε@rpdmp ὑπακούω@vnaa-- ἀπορέω@vnpa-- δέ@cs ὅπως@cs ἀσδρούβας@namsp ὅς@rpdms θάνατος@namsc ἐπικηρύσσω@viaa3p δύο@an---- μυριάς@nafpc ἀνήρ@ngmpc ἤδη@b συνάγω@vpaaams καί@cs αὐτός@andfs- καρχηδών@ndfsp παραστρατοπεδεύω@vppaams ἀμύνω@vipe3p εἶπον@vpaagmp δέ@b ὁ@dgmp ὕπατος@ngmpc ὅτι@cs ῥωμαῖος@nnmpp οὗτος@rpgnp ἐπιμελέομαι@vifm3p ὁ@dnmp μέν@b καί@b οὗτος@rpanp δίδωμι@vnfa-- ὑπισχνέομαι@viam3p καί@b συμπέμπω@vpapnmp αὐτός@rpdmp κορνήλιός@nnmsp τε@b σκιπίων@nnmsp ὁ@dnms νασικᾶς@nnmsp καί@cs γναῖος@nnmsp κορνήλιος@nnmsp ὁ@dnms ἱσπανός@annms- ἐπίκλησις@nafsc παραλαμβάνω@viia3p εἴκοσι@an---- μυριάς@nafpc πανοπλία@ngfpc καί@b βέλος@ngnpc καί@cs ἀκόντιον@ngmpc πλῆθος@nansc ἄπειρος1@anans- καί@cs καταπάλτης@nampc ὀξυβελής@anamp- τε@b καί@cs λιθοβόλος@anamp- εἰς@p δισχίλιοι@anamp- καί@b φέρω@vppegmp αὐτός@rpgmp ὁ@dnfs μέν@b ὄψις@nnfsc εἰμί@viia3s λαμπρός@annfs- καί@cs παράλογος@annfs- ἄμαξα@ngfpc τοσόσδε@angfp- ὑπό@p αὐτός@angmp- ὁ@dgmp πολέμιος@ngmpc ἄγω@vppegmp ὁ@dnmp δέ@cs πρέσβυς@nnmpc ἕπομαι@viie3p αὐτός@rpdmp καί@cs ὅσος@annmp- ὁ@dgfs γερουσία@ngfsc ἤ1@cs ὁ@dgfs ἄλλος@angfs- πόλις@ngfsc ἄριστος@annmp- ἤ1@b ἱερεύς@nnmpc ἤ1@cs ἄλλως@b ἐπιφανής@annmp- μέλλω@viia3p ὁ@damp ὕπατος@nampc εἰς@p ἐντροπή@nafsc ἤ1@cs ἔλεος@namsc ἄγω@vnfa-- εἰσάγω@vpapnmp δέ@b αὐτός@andms- κόσμος@ndmsc ὁ@ddmp ὕπατος@ndmpc παρίστημι@viaa3p καί@b ὁ@dnms κηνσωρῖνος@nnmsp εἰμί@viia3s γάρ@b εἶπον@vnaa-- ἱκανός@annmsc ὁ@dgms σύναρχος@ngmsc ἀνίστημι@vpaanms καί@b τότε@b καί@cs σκυθρωπάζω@vpaanms ἐπί@p πολύς@anans- λέγω3@viaa3s ὧδε@b"
"Pun._12.81","ὁ@dgfs μέν@b εὐπείθεια@ngfsc σύ@rpamp ὦ@i καρχηδόνιος@nvmpp καί@cs προθυμία@ngfsc ὁ@dgfs μέχρι@p νῦν@b εἰς@p τε@b ὁ@danp ὅμηρος@nanpc καί@cs ὁ@danp ὅπλον@nanpc ἐπαινέω@vifa1p χρή@vipa3s δέ@cs ἐν@p ὁ@ddnp ἀναγκαῖος@andnp- βραχυλογέω@vnpa-- ὑφίστημι@vmaa2p γενναῖος@b ὁ@dans λοιπός@anans- ὁ@dgfs σύγκλητος@ngfsc κέλευσμα@nansc ἐξίστημι@vmaa2p ὁ@dgfs καρχηδών@ngfsp ἐγώ@rpdcp καί@cs ἀνοικίζω@viam2p ὅπη@b ἐθέλω@vipa3s ὁ@dgfs ὑμέτερος@angfs- ὀγδοήκοντα@an---- στάδιον@nampc ἀπό@p θάλασσα@ngfsc ὅδε@rpafs γάρ@x ἐγώ@rpdmp γιγνώσκω@vire3s κατασκάπτω@vnaa-- ὁ@dnmp δέ@b ἔτι@b λέγω3@vppagms αὐτός@rpgms ὁ@dafp χείρ@nafpc εἰς@p ὁ@dams οὐρανός@namsc ἀνέχω@viaa3p μετά@p βοή@ngfsc καί@cs ὁ@damp θεός@nampc ὡς@b ἀπατάω@vprenmp κατακαλέω@viia3p πολύς@ananp- τε@cs καί@cs δυσχερής@ananp- κατά@p ῥωμαῖος@ngmpp βλασφημέω@viia3p ἤ1@b θανατάω@vppanmp ἤ1@b ἔκφρων@annmp- εἰμί@vppanmp ἤ1@cs ὁ@damp ῥωμαῖος@nampp εἰς@p μύσος@nansc πρέσβυς@ngmpc διερεθίζω@vppanmp εἰς@p τε@x ὁ@dafs γῆ@nafsc σφεῖς@rpafp ῥίπτω@viia3p καί@cs χείρ@ndfpc καί@cs κεφαλή@ndfpc αὐτός@anafs- τύπτω@viia3p ὁ@dnmp δέ@b καί@b ὁ@dafp ἐσθής@nafpc ἐπιρρήγνυμι@viie3p καί@cs ὁ@ddnp σῶμα@ndnpc ὁ@ddnp ἑαυτοῦ@rpgmp ἐνυβρίζω@viia3p ὡς@b ὑπό@p ἄνοια@ngfsc ἐνεδρεύω@vprenmp ἐπεί@cs δέ@b ποτέ@b αὐτός@rpdmp ὁ@dnms οἶστρος@nnmsc λήγω@viaa3s σιωπή@nnfsc πολύς@annfs- καί@cs κατήφεια@nnfsc εἰμί@viia3s οἷος@rpnnp νεκρός@angmp- κεῖμαι@vpregmp ῥωμαῖος@nnmpp δέ@b ἐκπλήσσω@viie3p καί@cs ὁ@dnmp ὕπατος@nnmpc φέρω@vnpa-- αὐτός@rpamp γιγνώσκω@vila3p ὡς@b ἐπί@p ἀλλόκοτος@andns- πρόσταγμα@ndnsc μέχρι@cs παύω@voam3p ἀγανακτέω@vppanmp καλός@b οἶδα@vpranmp ὅτι@cs ὁ@dnnp μέγας@annnps δεινός@annnp- αὐτίκα@b μέν@b εἰς@p θρασύτης@nafsc ἐκπλήσσω@vipa3s σύν@p χρόνος@ndmsc δέ@cs καταδουλόω@vipa3s ὁ@dafs τόλμα@nafsc ὁ@dnfs ἀνάγκη@nnfsc ὅς@rpans καί@b τότε@b πάσχω@viaa3p ὁ@dnmp καρχηδόνιος@nnmpp παρά@p γάρ@b ὁ@dafs σιωπή@nafsc ἅπτω@vppegns σφεῖς@rpgmp ὁ@dgns κακός@angns- μᾶλλον@b ἀγανακτέω@vnpa-- μέν@b ἔτι@b παύω@viam3p ἀνακλάω@viia3p δέ@cs καί@cs καταδακρύω@viia3p ἑαυτοῦ@rpamp τε@b καί@b παῖς@nampc καί@cs γυνή@nafpc ἐκ@p ὄνομα@ngnpc καί@cs ὁ@dafs πατρίς@nafsc αὐτός@anafs- ὡς@b εἰς@p ἄνθρωπος@namsc ἀκούω@vppaafs λέγω3@vppanmp οἰκτρός@ananp- καί@cs πολύς@ananp- ὁ@dnmp δέ@b ἱερεύς@nnmpc καί@b ὁ@danp ὁ@dgnp ἱερόν@ngnpc ὄνομα@nanpc καί@cs ὁ@damp ἐν@p αὐτός@rpdnp θεός@nampc ἀνακαλέω@viia3p ὡς@b πάρειμι1@vppadmp καί@b ἐκεῖνος@rpdmp προφέρω@vppanmp ὁ@dafs ἀπώλεια@nafsc εἰμί@viia3s τε@b παμμιγής@annms- καί@cs ἐλεεινός@annms- οἶκτος@nnmsc οἰμώζω@vppagmp ὁμοῦ@b ὁ@danp τε@b κοινός@ananp- καί@cs ὁ@danp ἴδιος@ananp- μέχρι@cs καί@b ῥωμαῖος@nampp αὐτός@rpdmp ἐπιδακρύω@vnaa--"
"Pun._12.82","ὁ@damp δέ@b ὕπατος@nampc εἴσειμι@viia3s μέν@b οἶκτος@nnmsc ἀνθρώπινος@angfs- μεταβολή@ngfsc σκυθρωπός@annmp- δέ@cs ἀναμένω@viaa3p καί@b οὗτος@rpgnp κόρος@namsc αὐτός@rpdmp ἐγγίγνομαι@vnam-- ὡς@cs δέ@b καί@b ὀδυρμός@ngmpc λήγω@viaa3p αὖθις@b εἰμί@viia3s σιωπή@annfs- καί@b λόγος@namsc ἑαυτοῦ@rpdmp δίδωμι@vppanmp ὡς@cs ὁ@dnfs μέν@b πόλις@nnfsc εἰμί@vipa3s ἄνοπλος@annfs- ἐρῆμος@annfs- οὐ@b ναῦς@nafsc οὐ@b καταπάλτης@namsc οὐ@b βέλος@nansc οὐ@b ξίφος@nansc ἔχω@vppanfs οὐ@b ἀνήρ@nampc οἰκεῖος@anamp- ἱκανός@anamp- ἀπομάχομαι@vnpe-- πέντε@an---- μυριάς@ngfpc ἔναγχος@b διαφθείρω@vpregmp ξενικός@annns- δέ@b οὐδείς@rpnns εἰμί@vipa3s ἤ1@b φίλος@annms- ἤ1@b σύμμαχος@annms- ἤ1@cs καιρός@nnmsc εἰς@p οὗτος@rpanp ἔχω@vipa3p δέ@b αὐτός@rpdmp ὁ@dnmp πολέμιος@nnmpc καί@b ὁ@danp τέκνον@nanpc καί@b ὁ@danp ὅπλον@nanpc καί@cs ὁ@dafs χώρα@nafsc καί@cs περικάθημαι@vipe3p ὁ@dans ἄστυ@nansc ἔνοπλος@annmp- ναῦς@ndfpc καί@b πεζός@andms- καί@b μηχάνημα@ndnpc καί@cs ἵππος@ndmpc μασσανάσσης@nnmsp δέ@cs ἐχθρός@nnmsc ἕτερος@annms- ἐν@p πλευρά@ndfpc θόρυβος@ngmsc μέν@b ἔτι@b καί@cs ἀγανάκτησις@ngfsc ἐπέχω@viaa3p ὡς@cs οὐδείς@rpans ἐν@p ὁ@ddfp συμφορά@ndfpc ὠφελέω@vppagmp εἰς@p δέ@cs λόγος@nampc αὖθις@b τρέπω@viam3p καί@b βαίνω@nnmsp ὅς@rpdms τιγίλλα@nnmsp ἐπώνυμος@annns- εἰμί@viia3s ἐπιφανής@annmss εἰμί@vppanms ἐν@p ὁ@ddnp τότε@b πάρειμι1@vppadmp αἰτέω@vpaanms εἶπον@vnaa-- λέγω3@viaa3s"
"Pun._12.83","εἰ@cs μέν@b εἰμί@vipa3s καί@b ὁ@dgnp πρότερος@anans- ἐρῶ@vpregnp ἔτι@b πρός@p σύ@rpamp ὦ@i ῥωμαῖος@nvmpp λόγος@nnmsc λέγω@vifa1p οὐ@b ὡς@b δίκαιος@ananp- προφέρω@vppanmp οὐ@b γάρ@b εἰμί@vipa3s ἐν@p καιρός@ndmsc ὁ@ddmp ἀτυχέω@vppadmp ἀντιλογία@nnfsc ἀλλά@cs ἵνα@cs μανθάνω@vsaa2p ὡς@cs οὐ@b ἀπροφάσιος@annms- εἰμί@vipa3s σύ@rpdmp ὁ@dnms ἔλεος@nnmsc ὁ@dnms ἐπί@p ἐγώ@rpdmp οὐ@b δέ@cs ἄλογος@annms- ἐγώ@rpnmp γάρ@b λιβύη@ngfsp ἄρχω@vppanmp καί@cs θάλασσα@ngfsc ὅτι@b πλεῖστος@angfs- περί@p ἡγεμονία@ngfsc σύ@rpdmp πολεμέω@viaa1p καί@b οὗτος@rpgfs ἀφεστήξω@viaa1p ἐπί@p σκίπιωνος@ngmsp ὅτε@cs ὁ@dafp ναῦς@nafpc σύ@rpdmp παραδίδωμι@viaa1p καί@cs ἐλέφας@nampc ὅσος@anamp- ἔχω@viia1p καί@b φόρος@nampc τάσσω@viam1p δίδωμι@vnfa-- καί@cs δίδωμι@viia1p ἐν@p καιρός@ndmsc πρός@p οὖν@b θεός@ngmpc ὁ@dgmp τότε@b ὄμνυμι@vppegmp φείδομαι@vipe2p μέν@b ἐγώ@rpgmp φείδομαι@vmpe2p δέ@cs ὁ@dgmp σκίπιωνος@ngmsp ὅρκος@ngmpc ὄμνυμι@vpaagms εἰμί@vnfm-- ῥωμαῖος@nampp καρχηδόνιος@ndmpp σύμμαχος@nampc καί@cs φίλος@nampc οὐ@x δέ@x εἰμί@vipa3s εἰς@p οὗτος@rpanp ὅς@rpans τις@rpans ἁμαρτάνω@viia1p οὐ@b ναῦς@nafpc ἔχω@vipa1p οὐ@b ἐλέφας@nampc οὐ@b ὁ@damp φόρος@nampc ἐκλείπω@viia1p ἀλλά@cs καί@b συμμαχέω@viaa1p σύ@rpdmp ἐπί@p τρεῖς@an---- βασιλεύς@nampc μηδέ@b τις@rpdms παρίστημι@vipe2s καταγιγνώσκω@vnpa-- εἰ@cs οὗτος@rpanp καί@b πρώιος@anafs- εἶπον@vsaa1p ὅτε@cs ὁ@danp ὅπλον@nanpc αἰτέω@vifa2p ὅς@dnfp τε@b γάρ@b συμφορά@nnfpc ποιέω@vipa3p μακρόλογος@anamp- καί@cs ἅμα@b συνθήκη@ngfpc οὐδείς@rpnns ἐν@p ὁ@ddfp ἱκεσία@ndfpc δυνατός@annnsc οὐ@b δέ@cs ἔχω@vipa1p ἐν@p οὐδείς@rpans ἕτερος@anans- ἀντί@p λόγος@ngmpc καταφεύγω@vnaa-- ὅς@rpnmp ὁ@dafs δύναμις@nafsc σύ@rpdmp ἅπας@anafs- ἐκδέω@viaa1p ὁ@dnnp μέν@b δή@b πρότερος@ananp- τοιοῦτος@rpnnp ὅς@rpgnp ὁ@dnms σκιπίων@nnmsp εἰμί@vipa3s ἐγώ@rpdmp ὦ@i ῥωμαῖος@nvmpp βεβαιωτής@annms- ὁ@dgnp δέ@b πάρειμι1@vppagnp σύ@rpnmp ὦ@i ὕπατος@nvmpc δημιουργός@nnmpc καί@cs μάρτυς@nnmpc εἰμί@vipa2p ἐγώ@rpdmp ὅμηρος@nanpc αἰτέω@viaa2p καί@cs ὁ@danp κράτιστος@ananp- ἄγω@viaa1p σύ@rpdmp ὅπλον@nanpc αἰτέω@viaa2p καί@cs πᾶς@ananp- λαμβάνω@viaa2p ὅς@rpgnp οὐ@b δέ@cs ὁ@dnmp λαμβάνω@vpapnmp ἐν@p ὁ@ddfp πολιορκία@ndfpc ἑκών@annmp- μεθίημι@vipe3p ἐπιστεύω@viaa1p δέ@b ἐγώ@rpnmp ὁ@ddms ῥωμαῖος@ngmpp ἦθος@ndnsc καί@cs τρόπος@ndmsc καί@b γάρ@b ὁ@dnfs σύγκλητος@nnfsc ἐγώ@rpdmp ἐπιστέλλω@viaa3s καί@cs σύ@rpnmp ὁ@danp ὅμηρος@nanpc αἰτέω@vppanmp φημί@viia2p ὁ@dafs καρχηδών@nafsp αὐτόνομος@anafs- ἐάω@vnfa-- εἰ@cs λαμβάνω@voaa2p εἰ@cs δέ@b πρόσκειμαι@viie3s καί@b ὁ@danp λοιπός@ananp- σύ@rpgmp ἀνέχω@vnfm-- κελεύω@vppagmp οὐ@b ἔοικα@vpranns εἰμί@viia3s σύ@rpamp ἐπί@p μέν@b ὁ@ddmp ὅμηρος@ndmpc αἴτημα@ndnsc σοφός@andns- ὁ@dafs πόλις@nafsc αὐτόνομος@anafs- εἰμί@vnfm-- ι@vnaa-- προαγορεύω@vnaa-- ἐν@p δέ@cs προσθήκη@ndfsc ὁ@dgmp ὅμηρος@ngmpc ποιέω@vnpe-- ὁ@dafs καρχηδών@ngfsp αὐτός@angfs- κατασκαφή@nafsc ὅς@rpafs εἰ@cs θέμις@nnfsc σύ@rpdmp εἰμί@vipa3s ἀναιρέω@vnaa-- πῶς@b ἐλεύθερος@anafs- ἔτι@b ἀφίημι@vifa2p ἤ1@cs αὐτόνομος@anafs- ὡς@cs λέγω3@viia2p ὅδε@rpanp μέν@b ἔχω@viia1p εἶπον@vnaa-- καί@b περί@p ὁ@dgfp πρότερος@angfp- συνθήκη@ngfpc καί@cs περί@p ὁ@dgmp πρός@p σύ@rpamp γίγνομαι@vpamgnp εἰ@cs δέ@b καί@b οὗτος@rpgnp οὐ@b ἀνέχω@vifm2p παρίημι@viia1p ἅπας@ananp- καί@cs ὅς@rpnns ὁ@ddmp ἀτυχέω@vppadmp εἰμί@vipa3s λοιπός@annns- ὀδύρομαι@vipe1p καί@cs δέομαι@vipe1p πολύς@annfs- δέ@b ὁ@dnfs ἱκεσία@nnfsc διά@p ἀφθονία@nafsc κακός@angnp- ὑπέρ@p τε@b γάρ@b πόλις@ngfsc παρακαλέω@vipa1p ἀρχαῖος@angfs- χρησμός@ndmpc μετά@p θεός@ngmpc συνοικίζω@vpregfs καί@b ὑπέρ@p δόξα@ngfsc ἐπί@p μέγας@anans- προέρχομαι@vpaagfs καί@b ὄνομα@ngnsc ἐπιφοιτάω@vpaagns ἐπί@p ὁ@dafs γῆ@nafsc ὅλος@anafs- ὑπέρ@p τε@cs ἱερόν@ngnpc ὁ@dgnp ἐν@p αὐτός@rpdfs τοσόσδε@angnp- καί@cs θεός@ngmpc οὐδείς@anans- ἀδικέω@vppagmp ὅς@rpamp μή@b πανήγυρις@nafpc ἀφαιρέω@vire2p καί@b πομπή@nafpc καί@cs ἑορτή@nafpc μη@b δέ@cs ὁ@damp τάφος1@nampc ὁ@danp ἄγισμα@nanpc οὐδείς@anans- σύ@rpdmp ἔτι@b ὁ@dgmp νεκρός@ngmpc ἐπιζήμιος@angmp- εἰμί@vppagmp εἰ@cs δέ@b καί@b ἐγώ@rpgmp εἰμί@vipa3s ἔλεος@nnnsc φημί@vipa2p δέ@b καί@b ἐγώ@rpamp ἐλεέω@vnpa-- ὅς@rpnmp συγχωρέω@vipa2p μετοικίζω@vnam-- φείδομαι@vmam2p πολιτικός@angfs- ἑστία@ngfsc φείδομαι@vmam2p ἀγορά@ngfsc φείδομαι@vmam2p βουλαῖος@ngfsc θεός@ngmsc πᾶς@angnp- τε@cs ὁ@dgnp ἄλλος@rpgnp ὅσος@annnp- ὁ@ddmp ἔτι@b ζάω@vppadmp τερπνός@ananp- καί@cs τίμιος@ananp- τίς@anans- γάρ@b δή@b καί@b δέος@nnnsc εἰμί@vipa3s σύ@rpdmp ἔτι@b καρχηδών@ngfsp ὅς@rpnmp καί@b ὁ@dafp ναῦς@nafpc ἔχω@vipa2p ἐγώ@rpgmp καί@b ὁ@danp ὅπλον@nanpc καί@cs ὁ@damp ἐπίφθονος@anamp- ἐλέφας@nampc περί@p δέ@b ὁ@dgfs οἴκισις@ngfsc εἰ@cs τις@rpdms δοκέω@vipa3s οὗτος@rpans εἰς@p παρηγορία@nafsc ἐγώ@rpdmp προτίθημι@vnpe-- εἰμί@vipa3s καί@b ὅδε@rpnns ἀμήχανος@annns- ἀνήρ@ndmpc εἰς@p ἤπειρος@anans- ἀνοικίζω@vnam-- θαλασσοβιώτος@andmp- ὅς@rpgmp ἄπειρος1@annns- πλῆθος@nnnsc ἐργάζομαι@vipe3s ὁ@dafs θάλασσα@nafsc δίδωμι@vipa1p δέ@b σύ@rpdcp ἀντίδοσις@nafsc αἱρετός@anafsc ἐγώ@rpdmp καί@cs εὐκλεής@anafsc σύ@rpdmp ὁ@dafs μέν@b πόλις@nafsc ἐάω@vmpa2p ὁ@dafs οὐδείς@rpgns σύ@rpdmp αἰτία@nafsc αὐτός@anamp- δέ@cs ἐγώ@rpamp ὅς@rpamp ἀνοικίζω@vipa2p εἰ@cs ἐθέλω@vipa2p διαχράομαι@vmam2p οὕτως@b γάρ@b ἄνθρωπος@ndmpc δοκέω@vifa2p χαλεπαίνω@vnpa-- οὐ@b ἱερόν@ndnpc καί@b θεός@ndmpc καί@b τάφος@ndmpc καί@cs πόλις@ndfsc μηδείς@anans- ἀδικέω@vppadfs δόξα@ngfsc δέ@b ἀγαθός@angfs- καί@cs εὐσεβής@angfs- ἐφίημι@vipe2p ὦ@i ῥωμαῖος@nvmpp παρά@p πᾶς@ananp- ἔργον@nanpc καί@b μετριοπάθεια@nafsc ἐν@p ὁ@ddnp εὐτύχημα@ndnpc ἐπαγγέλλω@vipe2p καί@cs οὗτος@rpans ὅς@rpdmp ἄν@b ἀεί@b λαμβάνω@vsaa2p καταλογίζομαι@vipe2p μή@b δή@b πρός@p ζεύς@ngmsp καί@cs θεός@ngmpc ὁ@dgmp τε@b ἄλλος@rpgmp καί@b ὅσος@annmp- καρχηδών@nafsp ἔτι@b ἔχω@vipa3p τε@b καί@cs μή@b ποτέ@b μνησικακέω@voaa3p σύ@rpdmp μη@b δέ@cs παῖς@ndmpc ὑμέτερος@andmp- μή@b ἀγαθός@anafs- δόξα@nafsc σύ@rpgmp αὐτός@angmp- ἐν@p ἐγώ@rpdmp πρῶτος@andmp- διαβάλλω@vsaa2p μη@b δέ@cs τοιόσδε@andns- ἔργον@ndnsc ὁ@dafs εὔκλεια@nafsc σύ@rpgmp καταμιαίνω@vsaa2p χαλεπός@andms- μέν@b ἐργάζομαι@vnap-- χαλεπός@andms- δέ@cs ἀκούω@vnap-- παρά@p τε@b πρῶτος@andmp- σύ@rpdmp ἐκ@p ἅπας@angms- ὁ@dgms βίος@ngmsc γίγνομαι@vpamdms πόλεμος@nnmpc γάρ@b πολύς@annmp- μέν@b ἕλλην@ndmpp γίγνομαι@viam3p καί@cs βάρβαρος@ndmpc πολύς@annmp- δέ@cs σύ@rpdmp ὦ@i ῥωμαῖος@nvmpp πρός@p ἕτερος@anamp- καί@b οὐδείς@rpnms πω@b κατασκάπτω@viaa3s πόλις@nafsc χείρ@nafpc τε@b πρό@p μάχη@ngfsc καθίζω@vpaaafs καί@cs ὅπλον@nanpc καί@cs τέκνον@nanpc παραδίδωμι@vpaaafs καί@cs εἰ@cs τις@rpncs εἰμί@vipa3s εἰς@p ἄνθρωπος@nampc ἄλλος@rpnfs ζημία@nnfsc καί@b οὗτος@rpafs πάσχω@vnaa-- ὑπομένω@vppaafs προφέρω@vppanmp δέ@b σύ@rpdmp ὅρκιος@anamp- θεός@nampc καί@b τύχη@nafsc ἀνθρώπειος@nafsc καί@cs ὁ@dafs φοβερός@anafss ὁ@ddmp εὐτυχέω@vppadmp νέμεσις@ndmpp δέομαι@viie1p μή@b τε@b εἰς@p ὁ@dafs ὑμέτερος@anafs- εὐπραγία@nafsc σύ@rpamp ὑβρίζω@vnaa-- μή@b τε@cs ὁ@dafp ἡμέτερος@anafp- συμφορά@nafpc εἰς@p ἀνήκεστος@anans- προάγω@vnaa-- συγχωρέω@vnaa-- δέ@cs εἰ@cs μή@b δίδωμι@vmpa2p ὁ@dafs πόλις@nafsc ἔχω@vnpa-- εἰς@p γε@b ὁ@dafs σύγκλητος@anafs- ἔτι@b πρεσβεύω@vnaa-- περί@p αὐτός@rpgfs καί@cs δέω2@vnap-- βραχύς@anans- δέ@b ὁράω@vipa2p ὁ@dans διάστημα@nansc ὁ@dgms χρόνος@ngmsc βάσανος@nafsc μέν@b ἐγώ@rpdmp φέρω@vppaans μακράν@anafs- ἐν@p ὀλίγος@andns- διά@p ὁ@dafs ὁ@dgnp εἰμί@vpfmgfp ἀμφιβολία@nafsc σύ@rpdmp δέ@b ὁ@dnns μέν@b ἀσφαλής@annns- ἴσος@annns- ἤ1@b νῦν@b ἤ1@cs μετά@p ὀλίγος@anans- ὁ@danp δοκέω@vppaanp δράω@vnpa-- ὁ@dnns δέ@cs εὐσεβής@annns- καί@cs φιλάνθρωπον@annns- ἐπιγίγνομαι@vipe3s"
"Pun._12.86","τοιοῦτος@rpanp μέν@b λέγω@viaa3s ὁ@dnms βαίνω@nnmsp ὁ@dnmp δέ@cs ὕπατος@nnmpc δῆλος@annmp- μέν@b εἰμί@viia3p σκυθρωπάζω@vpranmp παρά@p πᾶς@anams- ὁ@dams λόγος@namsc ὅτι@cs μηδείς@rpans ἐνδίδωμι@vifa3p αὐτός@rpdmp παύω@vpamgms δέ@cs ὁ@dnms κηνσωρῖνος@nnmsp λέγω3@viaa3s περί@p μέν@b ὅς@rpgnp ὁ@dnfs σύγκλητος@nnfsc προστάσσω@viaa3s τίς@rpans δεῖ@viia3s πολλάκις@b λέγω3@vnpa-- προστάσσω@viaa3s γάρ@b καί@cs χρή@vipa3s γίγνομαι@vnam-- οὐ@b δέ@b ἀνατίθημι@vnae-- δύναμαι@vipe1p ὁ@danp ἤδη@b κελεύω@vpreanp γίγνομαι@vnam-- οὗτος@rpanp δέ@b εἰ@cs μέν@b ὡς@b ἐχθρός@ndmpc ἐπικελεύω@viia1p δεῖ@viia3s μόνος@b εἶπον@vnaa-- καί@cs ποιέω@vnpa-- ἀναγκάζω@vnpa-- ἐπεί@cs δέ@b ἐπί@p ὠφέλεια@ndfsc κοινῇ@vspa3s τάχα@b μέν@b τις@rpnns καί@b ἐγώ@rpgmp ὁ@dnns δέ@cs πλέος@annnsc σύ@rpgmp ὦ@i καρχηδόνιος@nvmpp γίγνομαι@vipe3s οὐ@b ὀκνέω@vifa1s καί@b ὁ@damp λογισμός@nampc σύ@rpdmp εἶπον@vnaa-- ἐάν@cs δύναμαι@vspe2p πείθω@vnap-- μᾶλλον@b ἤ1@cs βιάζω@vnap-- ὁ@dnfs θάλασσα@nnfsc σύ@rpamp ὅδε@annfs- μιμνήσκω@vpreamp ὁ@dgfs ἐν@p αὐτός@rpdfs ποτέ@b ἀρχή@ngfsc καί@cs δύναμις@ngfsc ἀδικέω@vnpa-- ἐπαίρω@vipa3s καί@cs ἀπό@p ὅδε@rpgns εἰς@p συμφορά@nafpc περιφέρω@vipa3s σικελία@ndfsp τε@b γάρ@b διά@p αὐτός@rpafs ἐπιχειρέω@viaa2p καί@cs σικελία@nafsp ἀπόλλυμι@viaa2p εἰς@p τε@b ἰβηρία@nafsp διαπλέω@viaa2p καί@cs ἰβηρία@nafsp ἀφαιρέω@viam2p ἐν@p τε@b ὁ@ddfp συνθήκη@ndfpc ληίζομαι@vmpe2p ὁ@damp ἔμπορος@nampc καί@cs ὁ@damp ἡμέτερος@anamp- μάλιστα@b ἵνα@cs λανθάνω@vopa2p καταποντέω@viia2p ἕως@cs ἁλίσκομαι@vpaanmp ποινή@nafsc ἐγώ@rpdmp δίδωμι@viaa2p σαρδώ@nafsp οὕτως@b καί@b σαρδώ@nn-sp ἀφαιρέω@viap3s διά@p ὁ@dafs θάλασσα@nafsc ὅς@rpnfs φύω@vira3s πείθω@vnpa-- ἅπας@anamp- ἀεί@b ὁ@dgns πλείων@angnsc ὀρέγω@vnpe-- διά@p ὁ@dafs ἐν@p αὐτός@rpdfs ταχυεργία@nafsc ὅς@dnms καί@b ἀθήναιος@nampp ὅτε@cs γίγνομαι@viam3p ναυτικός@annmp- μάλιστα@b αὐξάνω@viaa3s τε@b καί@cs καθαιρέω@viaa3s ἔοικα@vira3s γάρ@b ὁ@dnnp θαλάσσιος@annnp- ὁ@ddnp ἐμπορικός@andnp- κέρδος@ndnpc ὅς@rpnnp καί@b ὁ@dafs αὔξησις@nafsc ἔχω@vipa3s καί@cs ὁ@dafs ἀπώλεια@nafsc ἀθρόος@anafs- οἶδα@vira2p γοῦν@b αὐτός@anamp- ἐκεῖνος@anamp- ὅς@rpgmp ἐπιμιμνήσκομαι@viap1s ὅτι@cs ὁ@dafs ἀρχή@nafsc ἐπί@p ὁ@dams ἰόνιος@anams- ἐκτείνω@vppanmp εἰς@p σικελία@nafsp οὐ@b πρίν@cs ἀφίστημι@viaa3p ὁ@dgfs πλεονεξία@ngfsc πρίν@cs ὁ@dafs ἀρχή@nafsc ἅπας@anafs- ἀφαιρέω@vnap-- καί@b λιμήν@nampc καί@cs ναῦς@nafpc παραδίδωμι@vnaa-- ὁ@ddmp πολέμιος@ndmpc καί@b φρουρά@nafsc ἐνδέχομαι@vnam-- ὁ@ddfs πόλις@ndfsc καί@cs ὁ@danp τεῖχος@nanpc σφεῖς@rpgmp αὐτός@rpnmp ὁ@danp μακρός@ananp- καθαιρέω@vnaa-- καί@cs σχεδόν@b ἠπειρώτης@vire3p τότε@b καί@b ἐκεῖνος@rpnmp γίγνομαι@vnam-- ὅς@rpnns καί@b διασῴζω@viaa3s ἐπί@p πλεῖστος@anans- αὐτός@rpamp εὐσταθής@annmsc γάρ@b ὦ@i καρχηδόνιος@anvmp- ὁ@dnms ἐν@p ἤπειρος@ndfsc βίος@nnmsc γεωργία@ndfsc καί@cs ἡσυχία@ndfsc προσπονέω@vppanms καί@b μικρός@annnpc μέν@b ἴσως@b ὁ@dnnp κέρδος@nnnpc βέβαιος@ananpc δέ@cs καί@cs ἀκίνδυνος@annnpc καθάπαξ@b ὁ@dnnp ὁ@dgfs γεωργία@ngfsc ὁ@dgmp ἔμπορος@angmp- ὅλος@b τε@b ἐγώ@rpdms δοκέω@vipa3s πόλις@nnfsc ὁ@dnfs μέν@b ἐν@p ὁ@ddfs θάλασσα@ndfsc ναῦς@nnfsc τις@rpncs εἰμί@vnpa-- μᾶλλον@b ὅς@dnfs γῆ@nnfsc πολύς@anams- ὁ@dams σάλος@namsc ὁ@dgnp πρᾶγμα@ngnpc ἔχω@vppanfs καί@cs ὁ@dafp μεταβολή@nafpc ὁ@dnfs δέ@cs ἐν@p ὁ@ddns μεσόγαιος@andns- καρπόω@vnpe-- ὁ@dans ἀκίνδυνος@anans- ὡς@cs ἐν@p γῆ@ndfsc διά@p οὗτος@rpans ἄρα@b καί@b ὁ@dnnp πάλαι@b βασίλειον@nnnpc ὡς@b ἐπίπαν@b εἰμί@viia3s ἐν@p μέσος@andns- καί@cs ἀπό@p ὅδε@rpgns μέγας@annnps γίγνομαι@viam3p ὁ@dnnp μῆδος@ngmpp καί@b ἀσσύριοι@ngmpp καί@b πέρσης@ngmpp καί@cs ἕτερος@angmp- ἀλλά@b βασιλικός@angnp- μέν@b ὑπόδειγμα@ngnpc παύω@vipe1s οὐδείς@rpans σύ@rpdmp ἔτι@b διαφέρω@vppagnp εἰς@p δέ@b ὁ@dafs ὑμέτερος@anafs- λιβύη@nafsp ἀπολείπω@vmaa2p ὅσος@annfp- μεσόγαιος@annfp- πόλις@nnfpc ἀκίνδυνος@b βιόω@vipa3p ὅς@rpafs ὅς@rpgfs ἄν@b ἐθέλω@vspa2p γείτων@nnmpc εἰμί@vifm2p ἵνα@cs ὁ@dafs ἐρεθίζω@vppaafs σύ@rpamp ὄψις@nafsc τε@b καί@cs μνήμη@nafsc ἀφίημι@viia2p ὁ@dgnp νῦν@b ἐνοχλέω@vppagnp κακός@angnp- ὅταν@cs εἰς@p ὁ@dafs θάλασσα@nafsc κενός@anafs- σκάφος@ngfpc ἀφοράω@vppanmp ἀναμιμνήσκω@vipe2p ὁ@dgns πλῆθος@ngnsc ὅς@rpgnp ἔχω@viia2p ναῦς@ngfpc καί@b λάφυρα@ngnpc ὅσος@angnp- ἐφέρομαι@viia2p καί@b εἰς@p οἷος@anamp- γε@b ὁ@damp λιμήν@nampc κατάγω@viia2s σοβαρός@annmp- καί@cs ὁ@danp νεώριον@nanpc καί@cs ὁ@danp ὁ@dgnp σκεῦος@ngnpc ταμιεῖον@nanpc ἐμπίπλημι@vipa2p τίς@rpnns δέ@b ὁ@dnfp ἐν@p ὁ@ddnp τεῖχος@ndnpc ὑποδοχή@nnfpc στρατόπεδον@ngnpc τε@b καί@b ἵππος@ngmpc καί@cs ἐλέφας@ngmpc τίς@anans- δέ@b θησαυρός@nnmpc οὗτος@rpdmp παροικοδομέω@vprenmp τίς@rpans οὗτος@rpnnp μνημεῖον@nnnpc σύ@rpdmp εἰμί@vipa3s ἤ1@b τίς@rpnns ἄλλος@annns- πλήν@p ὀδύνη@nnfsc καί@cs ἐρέθισμα@nansc ἐπανέρχομαι@vnaa-- εἰς@p αὐτός@rpanp εἰ@cs ποτέ@b δύναμαι@vope2p πάθος@nnnsc εἰμί@vipa3s ἀνθρώπειος@annns- ὁ@ddmp μιμνῄσκω@vpredmp ὁ@dgfs ποτέ@b τύχη@ngfsc ἐλπίζω@vnpa-- ὁ@dafs τύχη@nafsc ἐπανελεύσομαι@vnfm-- φάρμακον@nnnsc δέ@cs κακός@angnp- ἀκεστήριον@annns- λήθη@nnfsc ὅς@rpgfs οὐ@b ἐν@p μετέχω@vnaa-- σύ@rpdcp ἐάν@cs μή@b ὁ@dafs ὄψις@nafsc ἀποτίθημι@vsam2p καί@b οὗτος@rpgns σαφής@annmss ἔλεγχος@nnmsc ὅτι@cs πολλάκις@b συγγνώμη@ngfsc καί@cs συνθήκη@ngfpc τυγχάνω@vpaanmp παρασπονδέω@viaa2p εἰ@cs μέν@b οὖν@b ἔτι@b ὁ@dgfs ἀρχή@ngfsc ἐφίημι@vipe2p καί@b δυσμεναίνω@vspa2p ἐγώ@rpdmp ὡς@b ἀφαιρέω@vprenmp καί@cs καιροφυλακέω@vipa2p δεῖ@vipa3s ὅδε@angfs- ὁ@dgfs πόλις@ngfsc σύ@rpdmp καί@b λιμήν@ngmpc τοιόσδε@angmp- καί@b νεώριον@ngnpc καί@cs τεῖχος@ngnpc εἰς@p στρατόπεδον@ngnsc τρόπος@namsc ἐργάζομαι@vpregmp καί@b τίς@rpans ἔτι@b φείδομαι@vipe1p ἐχθρός@ngmpc λαμβάνω@vpregmp εἰ@cs δέ@b ὁ@dgfs μέν@b ἀρχή@ngfsc ἀφεστήξω@vsaa2p καθαρός@b οὐ@b λόγος@ndmsc μᾶλλον@b ἤ1@cs γνώμη@ndfsc μόνος@ananp- δέ@b ὑπερέχω@vire2p λιβύη@ngfsp ὅς@rpanp ἔχω@vipa2p καί@cs ὅδε@rpanp ἀπροφάσιστος@b συντίθημι@vire2p ἐγώ@rpdmp φέρω@vmpa2p καί@cs ἔργον@ndnsc οὗτος@rpanp ἐπιδείκνυμι@viaa2p εἰς@p μέν@b λιβύη@nafsp ὅς@rpafs ἔχω@vipa2p ἀνοικίζω@vpamnmp ὁ@dgfs δέ@cs θάλασσα@ngfsc ἐξίστημι@vpaanmp ὅς@rpgfs ἀφεστήξω@viaa2p μη@x δέ@x ὑποκρίνομαι@vmpe2p ἐλεέω@vnpa-- ἱερόν@nanpc καί@cs ἑστία@nafpc καί@cs ἀγορά@nafpc καί@cs τάφος1@nampc ὅς@rpgmp τάφος@nnmpc μέν@b εἰμί@vmpa3p ἀκίνητος@annmp- καί@cs ἐναγίζω@vmpa2p αὐτός@rpdnp ἐπέρχομαι@vppenmp καί@cs ὁ@ddnp ἱερόν@ndnpc θύω@vnpa-- εἰ@cs ἐθέλω@vipa2p ἐπέρχομαι@vppanmp ὁ@danp δέ@cs λοιπός@ananp- καθαιρέω@vspa1p οὐ@b γάρ@b καί@b νεώριον@ndnpc θύω@vipa2p οὐ@x δέ@x ἐναγίζω@vmpa2p τεῖχος@ndnpc ἑστία@nafpc δέ@b καί@b ἱερόν@nanpc ἄλλος@ananp- καί@cs ἀγορά@nafpc ἐν@p καί@cs μετέρχομαι@vpaaamp ἐργάζομαι@vnam-- καί@cs ταχύς@anans- καί@b ἐκεῖνος@rpnnp σύ@rpdmp εἰμί@vifm3s πάτριος@annnp- ὅς@rpdms λόγος@ndmsc καί@b ὁ@danp ἐν@p τύρος@ndmsp καταλιμπάνω@vpaanmp ἀλλάσσω@viam2p λιβύη@nafsp ὁ@danp τε@cs ἐπίκτητος@ananp- σύ@rpdmp τότε@b γίγνομαι@vpamanp νῦν@b πάτριος@ananp- τίθημι@vipe2p βραχύς@andms- τε@b λόγος@ndmsc μανθάνω@voaa2p ἄν@b ὡς@cs οὐ@b ὑπό@p δυσμένεια@ngfsc ἀλλά@cs ἐπί@p βέβαιος@andfs- τε@b ὁμονοία@ndfsc καί@cs ἀμεριμνία@ndfsc κοινῇ@b ὅδε@rpanp προστάσσω@vipa1p εἰ@cs ἀναμιμνήσκω@voae2p ὅτι@cs καί@b ἄλβη@nafsp ἐγώ@rpnmp οὐ@b ἐχθρός@nafsc ἀλλά@cs μητρόπολις@nafsc εἰμί@vppaafs οὐ@b δέ@b δυσμεναίνω@vppanmp ἀλλά@cs ὡς@b ἄποικος@annmp- προτιμάω@vppanmp ἐπί@p συμφέρω@vppadns κοινός@andns- μετοικίζω@viaa1p εἰς@p ῥώμη@nafsp καί@cs λυσιτελέω@viaa3s ἀμφότερος@andmp- ἀλλά@b εἰμί@vipa3p γάρ@x σύ@rpdmp ἔτι@b χειρῶναξ@nnmpc πολύς@annmp- θαλασσοβίωτος@annmp- καί@b οὗτος@rpgns φροντίζω@vira1p ὡς@cs ἄν@b εὔκολος@b ἐπιμίγνυμι@vope2p ὁ@ddfs θάλασσα@ndfsc καί@cs ὁ@dafs ὁ@dgnp ὡραῖος@angnp- διάθεσις@nafsc τε@b καί@cs ἀντίληψις@nafsc ἔχω@vopa2p εὐμαρής@anafs- οὐ@b γάρ@b μακράν@b σύ@rpamp ἀπό@p θάλασσα@ngfsc ἀλλά@cs ὀγδοήκοντα@an---- στάδιον@nampc ἀνατρέχω@vnaa-- κελεύω@vipa1p ἐγώ@rpnmp δέ@b οὗτος@rpanp προστάσσω@vppanmp σύ@rpdmp ἑκατόν@an---- ὁ@dgfs θάλασσα@ngfsc ἀπέχω@viia1p χωρίον@nansc δέ@b σύ@rpdmp δίδωμι@vipa1p ὅς@rpans ἐθέλω@vipa2p ἐπιλέγω@vnam-- καί@cs μετέρχομαι@vifa3p αὐτόνομος@andmp- εἰμί@vnpa-- οὗτος@rpnns δέ@b εἰμί@vipa3s ὅς@rpans προλέγω2@viia1p αὐτόνομος@anams- ἐάω@vnfa-- καρχηδών@nafsp εἰ@cs πείθω@vope3s ἐγώ@rpdcp καρχηδών@nafsp γάρ@b σύ@rpamp οὐ@b ὁ@dans ἔδαφος@nansc ἡγέομαι@vipe1p"
"Pun._13.90","τοσοῦτος@rpanp εἶπον@vpaanms ὁ@dnms κηνσωρῖνος@nnmsp ἡσυχάζω@viaa3s καί@b ὁ@dgmp καρχηδόνιος@ngmpp ὑπό@p ἔκπληξις@ngfsc οὐδείς@rpans ἀποκρίνω@vpamgmp ἐπεῖπον@viaa3s ὅς@rpanp μέν@b ἐδείδω@vppaams καί@cs παρηγορέω@vppaams εἶπον@vnaa-- ἐρῶ@vire3s ὁ@dans δέ@b πρόσταγμα@nansc ὁ@dgfs βουλή@ngfsc δεῖ@vipa3s γίγνομαι@vnam-- καί@cs αὐτίκα@b γίγνομαι@vnam-- ἄπειμι2@vmpa2p οὖν@x εἰμί@vipa2p γάρ@x ἔτι@b πρέσβυς@annmp- ὅς@dnms μέν@b λέγω@viaa3s οὕτως@b ὁ@dnmp δέ@cs ἐξωθέω@vppenmp πρός@p ὁ@dgmp ὑπηρέτης@ngmpc καί@cs ὁ@dans μέλλω@vppaans ὑπό@p καρχηδόνιος@ngmpp εἰμί@vnfm-- προοράω@vppanmp αἰτέω@viaa3p αὖθις@b εἶπον@vnaa-- καί@b εἰσάγω@vpapnmp φημί@viia3p ὁ@dans μέν@b ἀπαραίτητος@anans- ὁ@dgns πρόσταγμα@ngnsc ὁράω@vipa1p οὐ@b γάρ@b οὐ@b δέ@b πρεσβεύω@vnaa-- δίδωμι@vmpa2p εἰς@p ῥώμη@nafsp ἐγώ@rpnmp δέ@b ἐπανελεύσομαι@vnfm-- μέν@b πρός@p σύ@rpamp οὐ@b ἐλπίζω@vipa1p ἀλλά@cs ὑπό@p καρχηδόνιος@ngmpp ἔτι@b λέγω3@vppanmp ἀπόλλυμι@vnfm-- δέομαι@vipe1p δέ@b σύ@rpgmp οὐ@b ὑπέρ@p ἑαυτοῦ@rpgmp εἰμί@vipa1p γάρ@b πᾶς@ananp- πάσχω@vnaa-- ἑτοῖμος@annmp- ἀλλά@cs ὑπέρ@p αὐτός@angfs- ἔτι@b καρχηδών@ngfsp εἰ@cs δύναμαι@vope3s καταπλάσσω@vpapnfs ὁ@dafp συμφορά@nafpc ὑφίστημι@vnaa-- περιίστημι@vmaa2p αὐτός@rpdfs ὁ@dafp ναῦς@nafpc ἕως@cs βαδίζω@vppanmp ἄπειμι2@vipa1p ἵνα@cs καί@b θεωρέω@vppanmp καί@cs ἀκούω@vppanmp ὅς@rpgnp προστάσσω@viaa2p φέρω@vsaa3p ἄν@cs ἄρα@b δύναμαι@vspe3p εἰς@p οὗτος@rpans δέ@b ἐγώ@rpdmp ἀνάγκη@ngfsc ἀφικνέομαι@vire3s καί@cs τύχη@ngfsc ὡς@cs αὐτός@rpnmp παρακαλέω@vnpa-- σύ@rpamp ὁ@dafp ναῦς@nafpc ἐπάγω@vnpa-- ἐπί@p ὁ@dafs πατρίς@nafsc ὁ@dnmp μέν@b δή@b τοσοῦτος@rpanp εἶπον@vpaanmp ἄπειμι2@viia3p καί@cs ὁ@dnms κηνσωρῖνος@nnmsp πεντήρης@ndnpc εἴκοσι@an---- παραπλέω@vpaanms ἀναχωεύω@viia3s παρά@p ὁ@dafs πόλις@nafsc ὁ@dgmp δέ@b πρέσβυς@ngmpc ὁ@dnmp μέν@b ἐκ@p ὁ@dgfs ὁδός@ngfsc διαδιδράσκω@viia3p ὁ@dnmp δέ@cs πλείων@annmpc πορεύω@viie3p σιγή@ndfsc"
"Pun._13.91","καρχηδόνιος@nnmpp δέ@b ὁ@dnmp μέν@b ἀπό@p ὁ@dgnp τεῖχος@ngnpc εἰς@p ὁ@damp πρέσβυς@nnmpc ὁπότε@cs ἥκω@vsaa3p ἀφοράω@viia3p καί@b βραδύνω@vppadmp αὐτός@rpdmp ἔχθω@viie3p καί@cs ὁ@dafp κόμη@nafpc τίλλω@viie3p ὁ@dnmp δέ@b ὑπαντάω@vppagmp ἔτι@b πρόσειμι1@vipa3p οὐ@b ἀναμένω@vppanmp ἀλλά@cs ἐπείγω@vppenmp μανθάνω@vnaa-- σκυθρωπός@anamp- δέ@b ὁράω@vppanmp τύπτω@viie3p ὁ@danp μέτωπον@nanpc καί@cs διερωτάω@viia3p ὁ@dnmp μέν@b ὁμοῦ@b πᾶς@anamp- ὁ@dnmp δέ@cs ἕκαστος@anams- ὡς@cs ἔχω@viia3s τις@rpnms φιλία@ngfsc ἤ1@cs γνῶσις@ngfsc εἰς@p αὐτός@rpams ἐπιστρέφω@vppanms τε@b καί@cs πυνθάνομαι@vppenms ὡς@cs δέ@b οὐδείς@rpnms ἀποκρίνω@viie3s ἀνοιμώζω@viia3p ὡς@b ἐπί@p ὄλεθρος@ndmsc σαφής@andns- καί@b ὁ@dnmp ἐπί@p ὁ@dgns τεῖχος@ngnsc ἀκούω@vppanmp συνανοιμώζω@viia3p αὐτός@rpdmp οὐ@b οἶδα@vpranmp μέν@b οὐδείς@rpans ὡς@cs δέ@cs ἐπί@p σαφής@andns- καί@cs μέγας@andns- κακός@andns- περί@p δέ@b ὁ@dafp πύλη@nafpc ὀλίγος@angns- μέν@b αὐτός@rpamp καί@b συνεπάτεον@viia3p ἐπιπίπτω@vppanmp ἀθρόος@annmp- ὀλίγος@angns- δέ@cs καί@b διασπάω@viaa3p εἰ@cs μή@b τοσόσδε@rpans φημί@viia3p ὅτι@cs χρή@vipa3s ὁ@ddfs γερούσιος@ndfsc πρότερος@anans- ἐντυγχάνω@vnaa-- τότε@b γάρ@b ὁ@dnmp μέν@b διίστημι@viie3p αὐτός@rpdmp ὁ@dnmp δέ@cs καί@b ὁδοποιέω@viia3p ἐπιθυμία@ndfsc ὁ@dgns ταχύς@anansc μανθάνω@vnaa-- ὡς@cs δέ@b εἰς@p ὁ@dans βουλευτήριον@nansc εἰσέρχομαι@viaa3p ὁ@dnfs μέν@b γερουσία@nnfsc ὁ@damp ἄλλος@rpamp μετάγω@viam3s καί@cs μόνος@annmp- συνεδρεύω@viia3p ἐπί@p ἑαυτοῦ@rpgmp ὁ@dans δέ@cs πλῆθος@nansc ἔξω@b περιίστημι@vila3p ὁ@dnmp δέ@b πρέσβυς@nnmpc ἀπαγγέλλω@viia3p πρῶτος@ananp- μέν@b ὁ@dans κέλευσμα@nansc ὁ@dgmp ὕπατος@ngmpc καί@b εὐθύς2@b εἰμί@viia3s βοή@nnfsc ὁ@dgfs γερουσία@ngfsc καί@cs ὁ@dnms δῆμος@nnmsc ἔξω@b συμβοάω@viia3s ὡς@cs δέ@b ἐπάγω@viia3p ὁ@dnmp πρέσβυς@nnmpc ὅσος@ananp- ἀνατέλλω@viaa3p δικαιολογέω@vppenmp καί@b δέω2@vppenmp καί@cs εἰς@p ῥώμη@nafsp πρεσβεύω@vnaa-- παραιτέομαι@vppenmp αὖθις@b εἰμί@viia3s ὁ@dgfs βουλή@ngfsc σιγή@nnfsc βαθύς@annfs- ὁ@dans τέλος@nansc μανθάνω@vnaa-- περιμένω@vpfagfs καί@cs ὁ@dnms δῆμος@nnmsc αὐτός@rpdfs σιωπάω@viia3s ὡς@cs δέ@b μανθάνω@viaa3p ὅτι@cs μη@b δέ@b πρεσβεύω@vnpa-- ἐπιτρέπω@viaa3p ἠλάλαξα@viaa3p ἐξαίσιος@anans- ὀδύρομαι@vppenmp καί@cs ὁ@dnms δῆμος@nnmsc εἰστρέχω@viaa3s εἰς@p αὐτός@rpamp"
"Pun._13.92","καί@b ἀπό@p ὅδε@rpgns εἰμί@viia3s οἶστρος@nnmsc ἄλογος@annms- τε@b καί@cs θηριώδης@annmp- οἷος@anans- ἐν@p ὁ@ddnp βάκχειος@andnp- πάθος@ndnpc φημί@vipa3p ὁ@dafp μαινάς@nafpc ἀλλόκοτος@ananp- καινουργέω@vnpa-- ὁ@dnmp μέν@b ὁ@dgmp βουλευτής@ngmpc ὁ@damp περί@p ὁ@dgmp ὅμηρος@ngmpc εἰσηγέομαι@vpaeamp ὡς@b ἐξάρχω@nampc ὁ@dgfs ἐνέδρα@ngfsc αἰκίζω@viie3p καί@cs διασπάω@viia3p ὁ@dnmp δέ@cs ὁ@damp συμβουλεύω@vpaaamp περί@p ὁ@dgnp ὅπλον@ngnpc ὁ@dnmp δέ@b ὁ@damp πρέσβυς@nampc καταλεύω@viia3p ὡς@b κακός@angmp- ἄγγελος@nampc ὁ@dnmp δέ@cs καί@b περιστρέφω@viia3p ἀνά@p ὁ@dafs πόλις@nafsc ἕτερος@annmp- δέ@b ὁ@damp ἰταλός@nampp ὅς@rpnmp ἔτι@b παρά@p αὐτός@rpdmp ὡς@b ἐν@p αἰφνίδιος@andns- καί@cs ἄκηρύκτος@andns- κακός@andns- εἰμί@viia3p λυμαίνομαι@viie3p ποικίλος@b ἐπιλέγω@vppanmp ὅμηρος@ngmpc περί@p καί@b ὅπλον@ngnpc καί@cs ἀπάτη@ngfsc ἀμύνω@vnpe-- οἰμωγή@ngfsc τε@b ἅμα@b πατήρ@p ὀργή@ngfsc καί@b δέος@ngnsc καί@cs ἀπειλή@ngfsc ὁ@dnfs πόλις@nafpc ἐμπίπλημι@vile3s καί@b ἐν@p ὁ@ddfp ὁδός@ndfpc ἀνακαλέω@viia3p ὁ@danp φίλος@ananp- καί@b εἰς@p ὁ@danp ἱερόν@nanpc ὡς@b ἄσυλος@ananp- καταφεύγω@viia3p καί@cs ὁ@damp θεός@nampc ὀνειδίζω@viia3p ὡς@b οὐ@b δέ@b σφεῖς@rpdmp αὐτός@andmp- ἐπίἐπικουρέω@vnaa-- δύναμαι@vppeamp ἕτερος@annmp- δέ@b εἰς@p ὁ@dafp ὁπλοθήκη@nafpc εἶμι@vppanmp κλαίω@viia3p ὁράω@vppanmp κενός@anafp- ὁ@dnmp δέ@b εἰς@p ὁ@danp νεώριον@ananp- καταθέω@vppanmp ὀδύρομαι@viie3p ὁ@dafp ναῦς@nafpc ὡς@b ἄπιστος@andmp- ἀνήρ@ndmpc ἐκδίδωμι@vpreafp καί@b ὁ@danp ὄνομα@nanpc τις@rpnmp ὁ@dgmp ἐλέφας@ngmpc ἀνακαλέω@viia3p ὡς@b ἔτι@b πάρειμι1@vppagmp ὁ@damp τε@cs πρόγονος@nampc καί@cs σφεῖς@rpamp αὐτός@anamp- λοιδορέω@viia3p ὡς@cs δεῖ@vppanns μή@b τε@b ναῦς@nafpc μή@b τε@b ἐλέφας@nampc μή@b τε@b φόρος@nampc μή@b τε@cs ὁ@danp ὅπλον@nanpc παραδίδωμι@vpaaamp ἀποθνήσκω@vnaa-- σύν@p ὁ@ddfs πατρίς@ndfsc ὁπλίζω@vpredfs μάλιστα@b δέ@b αὐτός@rpamp εἰς@p ὀργή@nafsc ἀνακαίω@viia3p ὁ@dnfp μήτηρ@nnfpc ὁ@dnfp ὁ@dgmp ὅμηρος@ngmpc οἷος@ananp- τις@annfp- ἐκ@p τραγῳδία@ngfsc ἐρινύς@nnfpc ἐντυγχάνω@vppanfp μετά@p ὀλολυγή@ngfsc ἕκαστος@andms- καί@b ὁ@dafs ἔκδοσις@nafsc ὁ@dgmp παῖς@ngmpc προφέρω@vppanfp καί@cs ὁ@dafs ἑαυτοῦ@rpgmp ἀπόρρησις@nafsc ἐπιγελάω@viaa3p τε@b αὐτός@rpdmp ὡς@b θεός@ngmpc ἀμύνω@vppegmp αὐτός@rpamp ἀντί@p ὁ@dgmp παῖς@ngmpc ὀλίγος@anans- δέ@b ὅσος@annns- σωφρονέω@viia3s ὁ@dafp πύλη@nafpc ἀποκλείω@viia3s καί@cs ὁ@dnns τεῖχος@nnnsc λίθος@ngmpc ἀντί@p καταπάλτης@ngmpc πληρόω@viia3p"
"Pun._13.93","ὁ@dnfs δέ@b βουλή@nnfsc πολεμέω@vnpa-- μέν@b ψηφίζομαι@viam3s αὐτός@angfs- ἡμέρα@nafpc καί@cs ὁ@damp δοῦλος@nampc κηρύσσω@viaa3s ἐλεύθερος@anamp- εἰμί@vnpa-- στρατηγός@nampc δέ@cs αἱρέω@viam3p ὁ@dgfp μέν@b ἔξω@b πρᾶξις@ngfpc ἀσδρούβας@namsp ὅς@rpdms θάνατος@nnmsc ἐπικήρυκτος@annms- εἰμί@viia3s ἔχω@vppaams δισμύριοι@angmp- ἤδη@b σύνοδος2@nafsc ἀνήρ@ngmpc καί@b τις@rpnms ἐκτρέχω@viia3s αὐτός@rpgms δέω2@vpfmnms μή@b μνησικακέω@vnaa-- ὁ@ddfs πατρίς@ndfsc ἐνἐς@p χότος@ndmsc κίνδυνος@ngmsc μηδέ@b ὅς@rpgmp ὑπό@p ἀνάγκη@ngfsc ἀδικέω@viap3s ῥωμαῖος@ngmpp δέος@vipa3s νῦν@b ἀναφέρω@vnpa-- ἐντός@p δέ@b τεῖχος@ngnpc αἱρέω@viap3s στρατηγός@nnmsc ἕτερος@annms- ἀσδρούβας@nnmsp θυγατριδοῦς@nnmsc μασσανάσσης@ngmsp πέμπω@viaa3p δέ@b καί@b εἰς@p ὁ@damp ὕπατος@nampc αἰτέω@vppanmp αὖθις@b ἡμέρα@ngfpc τριάκοντα@an---- ἀνοχή@nafpc ἵνα@cs πρεσβεύω@voaa3p εἰς@p ῥώμη@nafsp ἀποτυγχάνω@vpaanmp δέ@b καί@b τότε@b ἐπί@p θαυμαστός@angfs- γίγνομαι@viie3p μεταβολή@ngfsc τε@b καί@cs τόλμα@ngfsc ὁτιοῦν@b πάσχω@vnaa-- μᾶλλον@b ἤ1@cs ὁ@dafs πόλις@nafsc ἐκλείπω@vnaa-- ταχύς@anans- δέ@b καί@b θάρσος@ngnsc ἐκ@p ὁ@dgfs μεταβολή@ngfsc πίμπλημι@vile3p καί@b δημιουργός@nanpc μέν@b ὁ@dnnp δημόσιος@annnp- τέμενος@nnnpc καί@cs ἱερόν@nnnpc πᾶς@annnp- καί@cs εἰ@cs τις@rpnns ἄλλος@annns- εὐρύχωρος@annns- εἰμί@viia3s γίγνομαι@viam3s ἐργάζομαι@viie3p δέ@b ὁμοῦ@b ἀνήρ@nnmpc τε@b καί@cs γυνή@nnfpc ἡμέρα@ngfsc τε@b καί@cs νύξ@ngfsc μή@b ἀναπαύω@vppenmp καί@cs σῖτος@namsc αἱρέω@vppenmp παρά@p μέρος@nansc ἐπί@p ὅρος@ndmsc τακτός@andms- θυρεός@nampc ἑκατόν@an---- ἡμέρα@ngfsc ἕκαστος@angfs- καί@b ξίφος@nanpc τριακόσιοι@ananp- καί@cs καταπελτικός@ananp- βέλος@nanpc χίλιοι@ananp- σαυνία@ananp- δέ@b καί@b λόγχη@nafpc τριακόσιοι@anafp- καί@cs καταπάλτης@nampc ὅσος@anamp- δύναμαι@voap3p εἰς@p δέ@b ὁ@dafp ἄνεσις@nnfpc αὐτός@rpgmp ἀποκείρω@viaa3p ὁ@dafp γυνή@nafpc θρίξ@angfp- ἕτερος@angfp- ἀπορία@nnfdc"
"Pun._13.94","καί@b ὁ@dnmp μέν@b ἐν@p οὗτος@rpdns σπουδή@ngfsc καί@cs παρασκευή@ngfsc εἰμί@viia3p ὁ@dnmp δέ@cs ὕπατος@nnmpc τάχα@b μέν@b τις@rpans καί@b ὄκνος@ndmsc μή@b εὐθύς2@b ἐπιχειρέω@vnpa-- εἰς@p ἔργον@nansc ἀλλόκοτος@anans- ἅμα@b δέ@cs καί@b ὁ@dafs πόλις@nafsc ἄνοπλος@anafs- εἰμί@vppaafs λαμβάνω@vnfm-- κατά@p κράτος@nansc ὅτε@cs ἐθέλω@vopa3p ἡγέομαι@vppmnmp διαμέλλω@viia3p ἔτι@b καί@cs ἐνδίδωμι@vnfa-- αὐτός@rpamp νομίζω@viia3p ἐκ@p ὁ@dgfs ἀπορία@ngfsc οἷος@b ἐν@p ὁ@ddmp δυσχερής@ndnpc γίγνομαι@vnpe-- φιλέω@vipa3s εὐθύς2@b μέν@b ἀντιλέγω@vnpa-- πρόειμι1@vppagms δέ@cs χρόνος@ngmsc καί@cs λογισμός@ngmsc φόβος@namsc ἅπτω@vnpe-- ὁ@dgmp ἀπειθέω@vppagmp ὅς@b καί@b ὁ@dgmp καρχηδόνιος@ngmpp τις@rpnms αὐτός@angmp- εἰκάζω@vpaanms σφεῖς@rpgmp ἤδη@b ὁ@dans δέος@nansc ἅπτω@vnpe-- τολμάω@viaa3s ὡς@b ἐπί@p δή@b τις@rpans ἄλλος@anans- παρέρχομαι@vpaanms εἰς@p ὁ@dans μέσος@anans- εἶπον@vnaa-- ὅτι@cs χρή@vipa3s ὁ@dgnp κακός@angnp- ἐπιλέγω@vnpe-- ὁ@danp μέτριος@ananpc εἰμί@vppaamp ἄνοπλος@anamp- οὕτως@b σαφής@b εἶπον@vpaanms ὁ@danp ὁ@dgfs γνώμη@ngfsc μασσανάσσης@nnmsp δέ@b ἄχθομαι@viie3s ῥωμαῖος@ndmpp καί@cs φέρω@viia3s βαρύς@b ὅτι@cs ὁ@dafs καρχηδόνιος@ngmpp δύναμις@nafsc αὐτός@rpnms εἰς@p γόνυ@nansc βάλλω@vpaanms ἄλλος@rpamp ὁράω@viia3s ὁ@ddns ἐπιγράμματα@ndnsc αὐτός@rpgfs ἐπιτρέχω@vppaamp τε@b καί@cs οὐ@b κοινόω@vpaaamp αὐτός@rpdms πρίν@cs ἐπέρχομαι@vnaa-- ὡς@cs ἐν@p ὁ@ddmp πάλαι@b πόλεμος@ndmpc ποιέω@viia3p ὅμως@b δέ@b αὐτός@rpgms ὁ@dgmp ὕπατος@ngmpc ἀποπειράομαι@vppegmp καί@cs καλέω@vppagmp ἐπί@p συμμαχία@nafsc φημί@viia3s ὁ@dafs συμμαχία@nafsc πέμπω@vnfa-- ὅταν@cs αἰσθάνομαι@vspe3s δέω2@vppegmp καί@b μετά@b οὐ@b πολύς@anans- πέμπω@vpaanms ἔρομαι@viam3s εἰ@cs τις@rpgns ἤδη@b δέω2@vipe3p ὁ@dnmp δέ@b οὐ@b φέρω@vppanmp αὐτός@rpgms ὁ@dans σοβαρός@anans- ἤδη@b δέ@cs τις@rpans καί@b ἀπιστέω@vppanmp ὡς@b δυσμεναίνω@vppadms ἀποκρίνω@viam3p προσπέμπω@vnfa-- ὅτε@cs δέω2@voap3p περί@p δέ@b ἀγορά@ngfsc ὁ@ddms στρατός@ndmsc καί@b πάνυ@b φροντίζω@viia3p ἐκ@p μόνος@angfs- ἔχω@vppanmp ἀδρυμητός@ngmsp καί@b λέπτος@ngmsp καί@b θάψος@ngmsp καί@b ἰτύκη@ngfsp καί@cs ἄχλολα@ngfsp ὁ@dnnp γάρ@b δή@b λοιπός@annnp- λιβύη@ngfsp εἰμί@viia3s ἔτι@b πᾶς@annnp- ὑπό@p ἀσδρούβας@ndfsp ὅθεν@b ἐκεῖνος@rpnms ἀγορά@nafsc εἰς@p καρχηδών@nafsp πέμπω@viia3s ὀλίγος@angfp- δέ@b εἰς@p οὗτος@rpanp διατρίβω@vpapgfp ἡμέρα@ngfpc ὁ@dnmp μέν@b ὕπατος@nnmpc πρόσειμι1@viia3p ἄμφω@anamd- ὁ@ddfs πόλις@ndfsc ὁ@dgmp καρχηδόνιος@ngmpp εἰς@p μάχη@nafsc σκευάζω@vprenmp καί@cs ἐπιχειρέω@viia3p"
"Pun._14.95","εἰμί@viia3s δέ@b ὁ@dnfs πόλις@nafpc ἐν@p μυχός@ndmsc κόλπος@ngmsc μέγας@angmss χερσόνησος@ndfsc τις@rpans μάλιστα@b προσέοικα@vpranfs αὐχήν@nafsc γάρ@b αὐτός@rpafs ἀπό@p ὁ@dgfs ἤπειρος@ngfsc διείργω@viia3s εὖρος@nansc εἰμί@vppanms πέντε@an---- καί@cs εἴκοσι@an---- στάδιον@ngmpc ἀπό@p δέ@b ὁ@dgms αὐχήν@ngmsc ταινία@nnfsc στενός@annfs- καί@cs ἐπιμήκης@annfs- ἡμιστάδιον@ngnsc μάλιστα@b ὁ@dans πλάτος@nansc ἐπί@p δυσμή@nafpc χωρέω@viia3s μέσος@annfs- λίμνη@ngfsc τε@b καί@cs ὁ@dgfs θάλασσα@ngfsc ἁπλός@andns- τεῖχος@ndnsc περίκρημνος@ananp- εἰμί@vppaams ὁ@danp δέ@cs πρός@p μεσημβρία@nafsc εἰς@p ἤπειρος@nansc ἔνθα@b καί@b ὁ@dnfs βύρσα@nnfsp εἰμί@viia3s ἐπί@p ὁ@dgms αὐχήν@ngmsc τριπλόος@andns- τεῖχος@ndnsc οὗτος@rpgmp δέ@b ἕκαστος@annns- εἰμί@viia3s ὕψος@nnnsc μέν@b πῆχυς@ngmpc τριάκοντα@an---- χωρίς@p ἔπαλξις@ngnpc τε@b καί@cs πύργος@ngmpc ὅς@rpnmp ἐκ@p διπλόον@angns- διάστημα@ngnsc αὐτός@rpdmp τετρώροφος@annmp- περίκειμαι@viie3p βάθος@nansc δέ@b πούς@ngmpc τριάκοντα@an---- διώροφος@annns- δέ@cs εἰμί@viia3s ἕκαστος@angns- τεῖχος@ngnsc ὁ@dnns ὕψος@nnnsc καί@b ἐν@p αὐτός@rpdns κόιλος@andms- τε@b εἰμί@vppadns καί@cs στεγανός@andms- κάτω@b μέν@b στάθμεύω@viia3p ἐλέφας@nnmpc τριακόσιοι@annmp- καί@b θησαυρός@nnmpc παράκειμαι@viie3p αὐτός@rpdmp ὁ@dgfp τροφή@ngfpc ἱπποστάσιον@nnnpc δέ@cs ὑπέρ@p αὐτός@rpamp εἰμί@viia3s τετρακισχίλιοι@andmp- ἵππος@ndmpc καί@b ταμιεῖον@nanpc χιλός@angms- τε@b καί@cs κριθή@ngfsc ἀνήρ@ndmpc τε@cs καταγωγή@nnfpc πεζός@andmp- μέν@b εἰς@p δισμύριοι@anamp- ἱππεύς@ndmpc δέ@cs εἰς@p τετρακισχίλιοι@anamp- τοσόσδε@annfs- παρασκευή@nnfsc πόλεμος@ngmsc διατάσσω@vile3s σταθμεύω@vnpa-- ἐν@p ὁ@ddnp τεῖχος@ndnpc μόνος@andnp- γωνία@nnfsc δέ@b ὅς@rpnfs παρά@p ὁ@dafs γλῶσσα@nafsc ἐκ@p ὅδε@angns- ὁ@dgns τεῖχος@ngnsc ἐπί@p ὁ@damp λιμήν@nampc περικάμπτω@viia3s ἀσθενής@annfs- εἰμί@viia3s μόνος@annfs- καί@cs ταπεινός@annfs- καί@cs ἀμελέω@vile3s ἐκ@p ἀρχή@ngfsc"
"Pun._14.96","ὁ@dnmp δέ@b λιμήν@nnmpc εἰς@p ἀλλήλων@rpamp διαπλέω@viie3p καί@cs ἔσπλοος@nnmsc ἐκ@p πέλαγος@ngnsc εἰς@p αὐτός@rpamp εἰμί@viia3s εἰς@p εὖρος@nansc πούς@ngmpc ἑβδομήκοντα@an---- ὅς@rpams ἅλυσις@ndfpc ἀποκλείω@viia3p σιδήρεος@andfp- ὁ@dnms μέν@b δή@b πρῶτος@annms- ἔμπορος@ndmpc ἀνίημι@viam3s καί@cs πεῖσμα@nnnpc εἰμί@viia3s ἐν@p αὐτός@rpdms πυκνός@annnp- καί@cs ποικίλος@annnp- ὁ@rpgms δέ@x ἐντός@p ἐν@p μέσος@andns- νῆσος@nnfsc εἰμί@viia3s καί@cs κρηπίς@ndfpc μέγας@andfp- ὅς@dnfs τε@x νῆσος@nnfsc καί@cs ὁ@dnms λιμήν@nnmsc διαλαμβάνω@vile3s νεώριον@ngnpc τε@b γεμίζω@viia3p ὁ@dnfp κρηπίς@nnfpc ὅδε@annfp- εἰς@p ναῦς@nafpc διακόσιοι@anafp- καί@cs εἴκοσι@an---- ποιέω@vpregnp καί@cs ταμιεῖον@ngnpc ἐπί@p ὁ@ddnp νεώριον@ndnpc εἰς@p τριηρτικός@ananp- σκεῦος@nanpc κίων@nnmpc δέ@b ἕκαστος@angms- ναός@ngmsc προῦχος@viia3p ἰωνικός@annmp- δύο@an---- εἰς@p εἰκών@nafsc στοά@ngfsc ὁ@dafs ὄψις@nafsc ὁ@dgms τε@b λιμήν@ngmsc καί@cs ὁ@dgfs νῆσος@ngfsc περιφέρω@vppanmp ἐπί@p δέ@b ὁ@dgfs νῆσος@ngfsc σκηνή@nnfsc ποιέω@vile3s ὁ@ddms ναύαρχος@ndmsc ὅθεν@b δεῖ@viia3s καί@b ὁ@dams σαλπιγκτής@namsc σημαίνω@vnpa-- καί@b ὁ@dams κῆρυξ@namsc προλέγω2@vnpa-- καί@cs ὁ@dams ναύαρχος@namsc ἐφοράω@vnpa-- κεῖμαι@viie3s δέ@b ὁ@dnfs νῆσος@nnfsc κατά@p ὁ@dams ἔσπλοος@namsc καί@cs ἀνατείνω@vile3s ἰσχυρός@b ἵνα@cs ὅς@dnms τε@b ναύαρχος@nnmsc ὁ@danp ἐκ@p πέλαγος@ngnsc πᾶς@ananp- ἐφοράω@vipa3s καί@cs ὁ@ddmp ἐπιπλέω@vppadmp ἀφανής@annfs- ὁ@dnfs ὁ@dgmp ἔνδον@b εἰμί@vspa3s ὄψις@nnfsc ὁ@dnfs ἀκριβής@annfs- οὐ@b μήν@b οὐ@b δέ@b ὁ@ddmp εἰσπλέω@vpaadmp ἔμπορος@ndmpc εὐθύς2@b εἰμί@viia3s ὁ@dnnp νεώριον@nnnpc σύνοπτος@annnp- τεῖχος@nnnsc τε@b γάρ@b αὐτός@rpdmp διπλόος@annns- περίκειμαι@viie3s καί@cs πύλη@nnfpc ὅς@rpnfp ὁ@damp ἔμπορος@nampc ἀπό@p ὁ@dgms πρῶτος@angms- λιμήν@ngmsc εἰς@p ὁ@dafs πόλις@nafsc εἰσφέρω@viia3p οὐ@b διέρχομαι@vppeamp ὁ@danp νεώριον@nanpc"
"Pun._14.97","οὕτως@b μέν@b ἔχω@viia3s ὁ@dnfs πόλις@nnfsc ὁ@dnfs καρχηδόνιος@ngmpp ὁ@dnfs τότε@b ὁ@dnmp δέ@cs ὕπατος@nnmpc διαιρέω@vpamnmp ὁ@dans ἔργον@nansc εἶμι@viia3p ἐπί@p ὁ@damp πολέμιος@anamp- μανίλιος@nnmsp μέν@b ἀπό@p ὁ@dgfs ἤπειρος@ngfsc κατά@p ὁ@dams αὐχήν@namsc ἐγχύνω@vpfanms τε@b ὁ@dafs τάφρος@nafsc καί@cs βραχύς@anans- ἐπιτείχισμα@nansc ὁ@dans ἐπί@p αὐτός@rpdfs βιάω@vpfmnms καί@cs ἐπί@p ἐκεῖνος@rpdns ὁ@danp ὑψηλός@ananp- τεῖχος@nanpc κηνσωρῖνος@nnmsp δέ@b κλῖμαξ@nafpc ἐκ@p τε@b γῆ@ngfsc καί@cs ναῦς@ngfpc ἐπιφέρω@viia3s κατά@p ὁ@dafs εὐτελής@anafs- ὁ@dgns τεῖχος@ngnsc γωνία@nafsc ἄμφω@rpnmd δέ@b ὡς@b ἄνοπλος@angmp- καταφρονέω@viia3p ἕως@cs ἐντυγχάνω@vpaanmp ὅπλον@ndnpc τε@b καινός@andnp- καί@cs ἀνήρ@ngmpc προθυμία@ndfsc παράλογος@andfs- καταπλάσσω@viap3p καί@cs ὑποχωρέω@viaa3p καί@b εὐθύς2@b αὐτός@rpdmp οὗτος@rpnns πρῶτος@anans- ἀντικεκρούκω@vila3s ἐλπίζω@vpaadmp ἀμαχί@b λαμβάνω@vnfm-- ὁ@dafs πόλις@nafsc ὡς@cs δέ@b καί@b αὖθις@b ἐπιχειρέω@viia3p καί@cs αὖθις@b ἀποτυγχάνω@viia3p ὁ@dnnp μέν@b ὁ@dgmp καρχηδόνιος@ngmpp φρόνημα@nnnpc ἐπαίρω@vile3s ὁ@dnmp δέ@cs ὕπατος@nnmpc δείδω@vpranmp ἀσδρούβας@namsp ὄπισθεν@b σφεῖς@rpgmp ὑπέρ@p ὁ@dafs λίμνη@nafsc οὐ@b ἐκ@p μακρός@angns- διάστημα@ngnsc στρατοπεδεύω@vpreams ὀχυρόω@viia3p καί@cs αὐτός@annmp- δύο@an---- στρατόπεδον@nanpc κηνσωρῖνος@nnmsp μέν@b ἐπί@p ὁ@dgfs λίμνη@ngfsc ὑπό@p ὁ@ddnp τεῖχος@ndnpc ὁ@dgmp πολέμιος@ngmpc μανίλιος@nnmsp δέ@cs ἐν@p ὁ@ddms αὐχήν@ndmsc ὁ@dgfs εἰς@p ὁ@dafs ἤπειρος@nafsc ὁδός@ngfsc ὡς@cs δέ@b αὐτός@rpdmp ἀνίστημι@vile3s ὁ@dnnp στρατόπεδον@nnnpc ὁ@dnms κηνσωρῖνος@nnmsp ἐπί@p ὕλη@ndfsc εἰς@p μηχανή@nafpc διαπλέω@viaa3s διά@p ὁ@dgfs λίμνη@ngfsc καί@b ἀποβάλλω@viaa3s ὑλοτόμος@angmp- εἰς@p πεντακόσιοι@anamp- ἀνήρ@nampc ὅπλον@nanpc τε@b πολύς@ananp- ἱμίλκων@ngmsp αἰφνίδιος@anans- αὐτός@rpdms ὁ@dgms καρχηδόνιος@ngmpp ἵππαρχος@ngmsc προσπίτνω@vpaagms ὅς@rpdms φαμέας@nnmsp ἐπώνυμος@annns- εἰμί@viia3s κομίζω@vpaanms δέ@b ὅμως@b τις@anafs- ὕλη@nafsc μηχανή@nafpc ποιέω@viaa3s καί@cs κλῖμαξ@nafpc καί@b πάλιν@b ἐπιχειρέω@viia3p ἄμφω@annmd- ὁ@ddfs πόλις@ndfsc καί@cs ἀποτυγχάνω@viia3p ὅμοιος@b μανίλιος@nnmsp μέν@b οὖν@b μικρός@anans- ἔτι@b προσκόπτω@vpaanms καί@cs μόλις@b τις@rpans ὁ@dgns προτείχισμα@ngnsc καταβάλλω@vpaanms ἀπογιγνώσκω@viaa3s μη@b δέ@b ἐπιχειρέω@vnpa-- ἔτι@b οὗτος@rpdfs"
"Pun._14.98","κηνσωρῖνος@nnmsp δέ@b χόω@vpaanms τις@rpans ὁ@dgfs λίμνη@ngfsc παρά@p ὁ@dafs ταινία@nafsc ἵνα@cs εὐρύς@annns- εἰμί@vopa3s δύο@an---- μηχανή@nafpc κριοφόρος@anafp- ἐπάγω@viia3s μέγας@anafp- ὁ@dafs μέν@b ὠθέω@vppeafs ἑξακισχίλιοι@andmp- πεζός@andmp- ἡγέομαι@vppmgmp ὁ@dgmp χιλίαρχος@ngmpc ὁ@dafs δέ@cs ὑπό@p ὁ@dgmp ἐρέτης@ngmpc ἡγέομαι@vppmgmp καί@b ὅδε@andmp- ναύαρχος@ngmpc φιλονεικία@ngfsc δέ@b ὡς@b ἐν@p ἴσος@andns- καί@cs ὅμοιος@andns- ἔργον@ndnsc ὁ@ddmp τε@b ὑπηρέτης@ndmpc καί@cs ὁ@ddmp ἄρχω@vppadmp αὐτός@rpgmp γίγνομαι@vpamgfs συμπίτνω@viaa3s τις@rpnns ὁ@dgns τεῖχος@ngnsc καί@cs ὁ@dnnp ἐντός@b ἤδη@b καταφαίνω@viie3s καρχηδόνιος@nnmpp δέ@b καί@b ὡς@b αὐτός@rpamp ἀπωθέω@vpamnmp ὁ@danp πίπτω@vpaaanp νύξ@ngfsc οἰκοδομέω@viia3p οὐ@b ἀρκέω@vppagfs δέ@b εἰς@p ὁ@dans ἔργον@nansc αὐτός@rpdmp ὁ@dgfs νύξ@ngfsc δείδω@vpranmp περί@p ὁ@ddns ἤδη@b γίγνομαι@vpradns μή@cs καί@b οὗτος@anans- μετά@p ἡμέρα@nafsc ὁ@dnfp ῥωμαῖος@ngmpp μηχανή@nnfpc νεότευκτος@anans- καί@cs ὑγρός@anans- ἔτι@b καταβάλλω@voaa3p ἐκτρέχω@viaa3p ἐπί@p ὁ@danp μηχάνημα@nanpc ὁ@dgmp πολέμιος@ngmpc ὁ@dnmp μέν@b σύν@p ὅπλον@ndnpc ὁ@dnmp δέ@cs γυμνός@annmp- λαμπάς2@nafpc ἅπτω@vpreafp ἔχω@vppanmp καί@cs ἐμπίμπρημι@viaa3p μέν@b οὐ@b ὅλος@ananp- οὐ@b γάρ@b φθάνω@viaa3p ῥωμαῖος@ngmpp ἐπιτρέχω@vpaagmp ἀχρεῖος@nanpc δέ@cs ὅλος@ananp- ποιέω@vpaanmp ἀναχωρέω@viia3p ἅμα@p δέ@b ἡμέρα@ndfsc ῥωμαῖος@ndmpp ἐπιπίπτω@viaa3s ὁρμή@nnfsc διά@p ὁ@dgms πίπτω@vpaagms οὔπω@b τέλειος@b ἐγείρω@vpregms βιάζω@vnam-- καί@cs εἰστρέχω@vnaa-- καί@b γάρ@b τις@annns- πεδίον@nnnsc ἐντός@b φαίνω@viie3s εὐφυής@annns- εἰς@p μάχη@nafsc ἐν@p ὅς@rpdns ὁ@damp ἔνοπλος@anamp- ἵστημι@viaa3p ὁ@dnmp καρχηδόνιος@nnmpp κατά@p μέτωπον@ngnsc ὁ@damp δέ@cs ἄνοπλος@anamp- αὐτός@rpdmp ἐπιτάσσω@viaa3p σύν@p λίθος@ndmpc ὀπίσω@b καί@cs ξύλον@ndnpc ἕτερος@anamp- τε@cs πολύς@anamp- διατίθημι@vpaanmp ἐπί@p ὁ@dgfp περίκειμαι@vpregfp οἰκία@ngfpc ἀναμένω@viia3p ὁ@damp ἐπέρχομαι@vppeamp εἰστρέχω@vnaa-- ὁ@dnmp δέ@b ἔτι@b μᾶλλον@b ἐρεθίζω@viie3p ὡς@b ὑπό@p γυμνός@angmp- ἀνήρ@ngmpc καταφρονέω@vpfmnmp καί@cs θρασύς@b ἐπιπήδα@viia3p σκιπίων@nnmsp δέ@b ὅς@rpnms μετά@p ὀλίγος@anans- αἱρέω@viaa3s καρχηδών@nafsp καί@cs παρά@p οὗτος@rpans ἀφρικανός@annms- ἐπικαλέω@viap3s χιλιαρχέω@vppanms τότε@b ὀκνέω@viia3s καί@b ὁ@damp ἑαυτοῦ@rpgms λόχος@nampc εἰς@p πολύς@ananp- διαιρέω@vpaanms καί@cs ἵστημι@vpaanms ἐκ@p διάστημα@ngnsc ἐπί@p ὁ@dgns τειχίον@ngnsc κάτειμι@vnpa-- μέν@b εἰς@p ὁ@dafs πόλις@nafsc οὐ@b ἐάω@viia3s ὁ@damp δέ@cs εἰσέρχομαι@vpaaamp ἐξωθέω@vppeamp ὑπό@p ὁ@dgmp καρχηδόνιος@ngmpp πάντοθεν@b αὐτός@rpdmp ἐπιπίπτω@vpaagmp ὑποδέχομαι@viie3s καί@cs περισώζω@viia3s καί@b οὗτος@rpans πρῶτος@anans- αὐτός@rpams ἐπί@p δόξα@ngfsc ποιέω@viaa3s εὔβουλος@anamsc ὁ@dgms στρατηγός@ngmsc φαίνω@vpapams"
"Pun._14.99","κύων@ngmsc δέ@b εἰμί@viia3s ἐπιτολή@nnfsc καί@cs ὁ@dans κηνσωρίνος@ngmsp στρατόπεδον@nansc νοσέω@viia3s σταθμεύω@vppanns ἐπί@p λίμνη@ndfsc σταθερός@angns- καί@cs βαρύς@angns- ὕδωρ@ngnsc καί@cs ὑπό@p τεῖχος@ndnpc μέγας@andnps οὐ@b κατα πνέω@vppeans ἐκ@p ὁ@dgfs θάλασσα@ngfsc ὅθεν@b ὁ@dnms κηνσωρῖνος@nnmsp εἰς@p ὁ@dafs θάλασσα@nafsc ἀπό@p ὁ@dgfs λίμνη@ngfsc μεταστρατοπεδεύω@viaa3s καί@b ὁ@dnmp καρχηδόνιος@nnmpp ὅτε@cs γίγνομαι@vope3s πνεῦμα@nnnsc εἰς@p ὁ@damp ῥωμαῖος@nampp ἐπίφορος@annns- σκάφη@nafpc δάφνη@ngnpc καί@cs στυππίον@ngnsc ἕλκω@viia3p ὑπό@p ὁ@ddnp τεῖχος@ndnpc οὐ@b καθοράω@vppenmp ὁ@ddmp πολέμιος@ndmpc ἀπό@p κάλως@ngnpc εἰ@cs δέ@b ἐπικάμπτω@vppanmp μέλλω@viia3p γίγνομαι@vnfm-- καταφανής@annmp- θεῖος1@viia3p αὐτός@rpdfp καί@cs πίσσα@nafsc ἐπιχέω@vppanmp ἀνατείνω@viia3p ὁ@danp ἱστίον@nanpc καί@cs πίμπλημι@vpaanmp ἄνεμος@ngmsc πῦρ@nansc ἐμβάλλω@viaa3p εἰς@p ὁ@danp σκάφος2@nanpc ὁ@dnnp δέ@b ὁ@ddms τε@b ἄνεμος@ndmsc καί@cs ὁ@ddfs ῥοπή@ndfsc ὁ@dgns πῦρ@ngnsc εἰς@p ὁ@dafp ῥωμαῖος@ngmpp ναῦς@nafpc ὠθέω@viie3s καί@b λυμαίνομαι@viie3s καί@cs ὀλίγος@angns- ὁ@dams στόλος@namsc καταφλέγω@viaa3s μετά@b δέ@b οὐ@b πολύς@anans- κηνσωρῖνος@nnmsp μέν@b εἰς@p ῥώμη@nafsp οἴχομαι@viie3s ἀρχαιρεσία@vpfanms ὁ@dnmp δέ@cs καρχηδόνιος@nnmpp ὁ@ddms μανίλιος@ndmsp θρασύς@anansc ἐπίκειμαι@viie3p καί@b νύξ@ngfsc ὁ@dnmp μέν@b ὅπλον@nanpc ἔχω@vppanmp ὁ@dnmp δέ@cs γυμνός@annmp- σανίς@nafpc φέρω@vppanmp ἐπιτίθημι@vila3p ὁ@ddfs κατά@p σφεῖς@rpamp τάφρος@ndfsc ὁ@dgms μανίλιος@ngnsp καί@cs ὁ@dans χαράκωμα@nansc διασπάω@viia3p ἀπορέω@vppegmp δέ@b ὡς@b ἐν@p νύξ@ndfsc ὁ@dgmp ἔνδον@b ὁ@dnms σκιπίων@nnmsp ἐκδιδράσκω@viaa3s σύν@p ἱππεύς@ndmpc ἐκ@p ὁ@dgns στρατόπεδον@ngnsc κατά@p πύλη@nafpc ἄλλος@anafp- ἔνθα@b οὐδείς@rpnms πόλεμος@nnmsc καί@cs περιτρέχω@vpaanms ὁ@damp καρχηδόνιος@nampp καταφοβέω@viaa3s ὁ@dnmp δέ@b ἀναχωρέω@viia3p εἰς@p ὁ@dafs πόλις@nafsc καί@b δεύτερος@anans- ὁ@dnms σκιπίων@nnmsp δοκέω@viia3s ὅδε@andns- ὁ@ddns ἔργον@ndnsc περισώζω@vnaa-- ῥωμαῖος@nampp ἐν@p νύξ@ndfsc θορυβέω@vppeamp"
"Pun._14.100","ὁ@dnms δέ@b μανίλιος@nnmsp ὁ@dans μέν@b στρατόπεδον@nansc ἔτι@b μᾶλλον@b ὀχυρόω@viia3s τεῖχος@nansc τε@b ἀντί@p χάραξ@ngmsc αὐτός@rpdms περιτίθημι@vppanms καί@cs ἐπίνειον@nansc φρούριον@nansc ἐγείρω@vppanms ἐπί@p ὁ@dgfs θάλασσα@ngfsc διά@p ὁ@dafs καταπλέω@vppaafs ἀγορά@nafsc τρέπω@vpapnms δέ@b εἰς@p ὁ@danp μεσόγεια@ananp- μυρίος@andmp- πεζός@andmp- καί@cs ἱππεύς@ndmpc δισχίλιοι@andmp- ὁ@dafs χώρα@nafsc πορθέω@viia3s ξυλεύω@vppenms τε@b καί@b χορτολογέω@vppanms καί@cs ἀγορά@nafsc συλλέγω@vppanms ἡγέομαι@viim3s δέ@b ἀεί@b ὁ@dgmp προνομεύω@vppagnp χιλίαρχος@nnmsc ἕτερος@annms- παρά@p ἕτερος@anams- καί@b φαμέας@nnmsp ὁ@dnms ἵππαρχος@nnmsc ὁ@dnms ὁ@dgmp λίβυον@ngmpp νέος@annms- τε@b εἰμί@vppanms ἔτι@b καί@cs θρασύς@annmsc εἰς@p μάχη@nafpc καί@b ἵππος@ndmpc χράομαι@vppenms μικρός@andmp- καί@cs ταχύς@andmp- καί@b ποηφαγέω@vipa3p ὅτε@cs μηδείς@rpnns εἰμί@vopa3s καί@b φέρω@vipa3p δίψος@nansc εἰ@cs δεῖ@voaa3s καί@cs λιμός@namsc ἀποκρύπτω@vppenms ἐν@p λόχμη@ndfpc ἤ1@cs φάραγξ@ndmpc ὅπη@b τις@rpans ἀμελέω@vppeams εἶδον@voaa3s ἐφίπταμαι@viam3s ἐκ@p ἀφανής@angns- ὡς@cs τις@rpnms ἀετός@nnmsc καί@cs λυμαίνομαι@vpamnms ἀποπήδα@viia3s ὅτε@cs δέ@b σκιπίων@nnmsp ἄρχω@vopa3s οὐδαμοῦ@b οὐ@b δέ@b ἐπιφαίνω@viie3s ὁ@dnms γάρ@b σύ@b σκιπίων@nnmsp ἀεί@b συντάσσω@vpreamp ἄγω@viia3s ὁ@damp πεζός@anamp- καί@cs ὁ@damp ἱππεύς@nampc ὁ@dgmp ἵππος@ngmpc ἐπιβαίνω@vpraamp ἐν@p τε@b ὁ@ddfp προνομή@ndfpc οὐ@b πρίν@b διαλύω@viia3s ὁ@dafs σύνταξις@nafsc ἤ1@cs ὁ@dnns πεδίον@nnnsc ὅς@rpans μέλλω@viia3s θερίζω@vnfa-- ἱππεύς@ndmpc καί@cs ὁπλίτης@ndmpc περιλαμβάνω@voaa3s καί@b τότε@b κύκλος@ndmsc αὐτός@rpnms ἕτερος@andfp- ἴλη@ndfpc ἱππεύς@ngmpc ἀεί@b περίεἶμι@viia3s καί@cs ὁ@dgmp θερίζω@vppagmp ὁ@dams ἀποσκίδνημι@vppeams ἤ1@cs ἔξεστι@vppaams ὁ@dgms κύκλος@ngmsc πικρός@b κολάζω@viia3s"
"Pun._15.101","ὅθεν@b οἷ@rpdms φαμέας@nnmsp οὐ@b ἐπιχειρέω@vipa3s μόνος@andms- καί@b γίγνομαι@vppegns ὅδε@rpgns συνεχής@b ὁ@dnns μέν@b κλέος@nnnsc αὐξάνω@viie3s ὁ@ddms σκιπίων@ndmsp ὁ@dnmp δέ@cs ἕτερος@annmp- χιλίαρχος@nnmpc κατά@p φθόνος@namsc λογοποιέω@viia3p ξενία@nafsc ἐκ@p πατερ@ngnpc εἰμί@vnpa-- φαμέα@ndmsp πρός@p σκιπίων@namsp ὁ@dams ὅδε@rpgms πάππος@namsc λίβυον@ngmpp δέ@b ὁ@ddmp εἰς@p πύργος@nampc καί@cs φρούριον@nanpc ὅς@rpnnp πολύς@annnp- εἰμί@viia3s ἐν@p ὁ@ddfs χώρα@ndfsc καταφεύγω@vpaadmp ὁ@dnmp μέν@b ἄλλος@annmp- χιλίαρχος@nnmpc σπένδω@vppenmp καί@cs μεθίημι@vpapnmp ἐπιτίθημι@viie3p ἄπειμι1@vppadmp ὁ@dnms δέ@cs σκιπίων@nnmsp εἰς@p ὁ@danp οἴκοι@b παραπέμπω@viia3s καί@cs ἀπό@p ὅδε@rpgns οὐ@b πρίν@b ἤ1@cs σκιπίων@namsp ἀφικνέομαι@vnam-- συντίθημι@viie3s οὐδείς@rpnms τοσοῦτος@annfs- δόξα@nnfsc αὐτός@rpgms ἀνδρεία@ngfsc τε@b περί@p καί@cs πίστις@ngfsc καί@b παρά@p ὁ@ddmp ἴδιος@andmp- διά@p ὀλίγος@angns- γίγνομαι@vile3s καί@cs παρά@p ὁ@ddmp πολέμιος@ndmpc ἐπανέρχομαι@vpaagmp δέ@b αὐτός@rpgmp ἀπό@p ὁ@dgfs προνομή@ngfsc εἰς@p ὁ@dans στρατόπεδον@nansc ὁ@dnmp καρχηδόνιος@nnmpp νύξ@ngfsc ἐπιτίθημι@viam3p ὁ@ddns ἐπίνειον@ndnsc καί@b θόρυβος@nnmsc εἰμί@viia3s ποικίλος@annms- συνεπηχέω@vppagmp εἰς@p ἔκπληξις@nafsc ὁ@dgmp ἐν@p ἄστυ@ndnsc καρχηδόνιος@ngmpp ὁ@dnms μέν@b οὖν@b μανίλιος@nnmsp ὁ@dams στρατός@namsc ἔνδον@b συνέχω@viia3s ὡς@b ἐν@p ἄγνοια@ndfsc ὁ@dgns κακός@angns- ὁ@dnms δέ@b σκιπίων@nnmsp ἱππεύς@ngmpc ἴλη@nafpc δέκα@an---- λαμβάνω@vpaanms ἐπάγω@viia3s μετά@p δᾴδω@angmp- ἅπτω@vpregmp προεῖπον@vpaanms διά@p ὁ@dafs νύξ@nafsc μή@b συμπλέκω@vnpe-- περιτρέχω@vnpa-- δέ@cs σύν@p ὁ@ddns πῦρ@ndnsc καί@b ὁ@dans πλῆθος@nansc ἐπιφαίνω@vnpa-- καί@cs φόβος@namsc ἐμπίτνω@vpamgmp παρέχω@vnpa-- ἀεί@b μέχρι@cs ταράσσω@vppenmp διόθεν@b ὁ@dnmp καρχηδόνιος@nnmpp καταπλάσσω@viap3p καί@cs εἰς@p ὁ@dafs πόλις@nafsc εἰσφεύγω@viaa3p καί@b ὅδε@rpnns ὁ@ddnp σκίπιωνος@ngmsp κατόρθωμα@ndnpc προσγίγνομαι@viie3s εἰμί@viia3s τε@b διά@p στόμα@ngnsc ἐπί@p πᾶς@andnp- ἔργον@ndnpc ὡς@cs μόνος@annms- ἄξιος@annms- παῦλος@ngmsp τε@b ὁ@dgms πατήρ@ngmsc ὁ@dgms μακεδών@nampp αἱρέω@vpaagms καί@cs ὁ@dgmp σκιπιών@ngmpp εἰς@p ὅς@rpamp κατά@p θέσις@nafsc ἀναλαμβάνω@vile3s"
"Pun._15.102","μανίλιος@ngmsp δέ@b εἰς@p νέφερις@namsp ὁδεύω@vppagms ἐπί@p ασδρούβας@nafsp δυσχεραινέω@viia3s ὁ@dnms σκιπίων@nnmsp ὁράω@vppanms πᾶς@ananp- ἀπόκρημνος@nanpc καί@b φάραγξ@nafpc καί@b λόχμη@nafpc καί@cs ὁ@danp ὑψηλός@ananp- κατέχω@vpreanp ὡς@cs δέ@b ἀπό@p στάδιον@ngnpc τρεῖς@angnp- γίγνομαι@viam3p ὁ@dgms ἀσδρούβας@ngmsp καί@cs εἰς@p τις@anans- ῥεῦμα@nansc καταβαίνω@vpaaamp χρή@viia3s ἀναβαίνω@vnpa-- ἐπί@p ὁ@dams ἀσδρούβας@namsp ἔγκειμαι@viie3s δή@b τότε@b καί@cs συμβουλεύω@viia3s στρέφω@vnap-- ὡς@b ἄλλος@angms- καιρός@ngmsc καί@cs μηχανή@ngfsc ἄλλος@angfs- ἐπί@p ὁ@dams ἀσδρούβας@namsp δέω2@vppeamp ἀντιλέγω@vppagmp δέ@b κατά@p ζῆλος@namsc αὐτός@rpgms ὁ@dgmp ἕτερος@angmp- χιλίαρχος@ngmpc καί@cs μαλακία@nafsc καί@cs οὐ@b εὐβουλία@nafsc ἡγέομαι@vppmgmp εἰ@cs ὁ@damp πολέμιος@nampc εἶδον@vpaanmp ἀναχωρέω@vifa3p ἐν@p ὅς@rpdfs καί@b καταφρονέω@vppanmp φεύγω@vppadmp ἐπίκειμαι@vifm3p δεύτερος@ananp- οὗτος@rpgmp ἀξιόω@viia3s στρατόπεδον@nansc πρό@p ὁ@dgns ῥεῦμα@ngnsc ἐγείρω@vnaa-- ἵνα@cs εἰ@cs βιάζω@voap3p ἔχω@vopa3p ἀναχώρησις@nafsc οὐ@b εἰμί@vppagms αὐτός@rpdmp νῦν@b οὐ@b δέ@cs ὅποι@b καταφεύγω@vopa3p ὁ@dnmp δέ@b καί@b οὗτος@rpans γελάω@viia3p καί@cs ὁ@dans ξίφος@nansc τις@rpnms ἀπειλέω@viaa3s ἀπορρίπτω@vnfa-- εἰ@cs μή@b μανίλιος@nnmsp ἀλλά@cs σκιπίων@nnmsp ἄρχω@vopa3s διαβαίνω@viia3s οὖν@b ὁ@dnms μανίλιος@nnmsp οὐ@b δέ@b ὁ@danp ἄλλος@rpanp εἰμί@vppanms ἐμπειροπόλεμος@annms- καί@cs αὐτός@rpdms περάω@vpaadms ὁ@dnms ἀσδρούβας@nnmsp ἀπαντάω@viia3s φόνος@nnmsc τε@cs εἰμί@viia3s πολύς@annms- ἐκ@p ἑκάτερος@angnp- καί@b ὁ@dnms ἀσδρούβας@nnmsp ἀνατρέχω@vpaanms εἰς@p ὁ@dans φρούριον@nansc ἔνθα@b μηδείς@rpans πάσχω@vnaa-- δύναμαι@viie3s ἐφεδρεύω@viia3s ἄπειμι1@vppadmp ἐπιτίθημι@vnae-- ὁ@dnmp δέ@b σύν@p μετάνοια@ndfsc ὁ@dgnp γίγνομαι@vpragnp ἀποχωρέω@viia3p ἄχρι@cs μέν@b ἐπί@p ὁ@dans ῥεῦμα@nansc ἐν@p τάξις@ndfsc δύσπορος@angms- δέ@b εἰμί@vppagms ὁ@dgms ποταμός@ngmsc καί@cs διάβασις@ngfpc ὀλίγος@angfp- τε@b καί@cs δυσχερής@angfp- εἰς@p ἀταξία@nafsc διαιρέω@viie3p ὑπό@p ἀνάγκη@ngfsc καί@b ὁ@dnms ἀσδρούβας@nnmsp καθοράω@vppanms ἐπίκειμαι@viie3s λαμπρός@b τότε@b μάλιστα@b καί@cs πλῆθος@nansc ἐκτείνω@viia3s οὐ@b δέ@b ἀμύνω@vppegmp ἀλλά@cs φεύγω@vppagmp πίπτω@viaa3p δέ@b καί@b ὁ@dgmp χιλίαρχος@ngmpc τρεῖς@annmp- ὅς@rpnmp ὁ@dams στρατηγός@namsc μάλιστα@b πείθω@vila3p εἰς@p ὁ@dafs μάχη@nafsc"
"Pun._15.103","ὁ@dnms δέ@b σκιπίων@nnmsp τριακόσιοι@anamp- ἱππεύς@nampc ὅς@rpamp ἔχω@viia3s ἀμφί@p ἑαυτοῦ@rpams καί@cs ὅσος@anamp- ἄλλος@rpamp συνάγω@vnaa-- φθάνω@viaa3s διαιρέω@vpaanms εἰς@p δύο@an---- ὁ@ddmp ἐχθρός@ndmpc ἐπάγω@viia3s σύν@p δρόμος@ndmsc πολύς@andms- παρά@p μέρος@nansc ἀκοντίζω@vppaamp τε@b καί@b εὐθύς2@b ἀποχωρέω@vppaamp εἶτα@b αὖθις@b ἔπειμι1@vppaamp καί@cs πάλιν@b εὐθύς2@b ἀποπηδᾷν@vppaamp οὕτως@b γάρ@b ἐρῶ@vile3s αὐτός@rpdmp ὁ@damp ἥμισυς@anamp- ἀεί@b παρά@p μέρος@nansc ἔπειμι2@vnpa-- καί@cs ἀκοντίζω@vpaaamp ἀπελαύνω@vnpa-- ὥσπερ@b ἐν@p κύκλος@ndmsc περίειμι1@vppaamp γίγνομαι@vppegns δέ@b ὅδε@rpgns πυκνός@angns- καί@cs διάστημα@ngnsc οὐδείς@angns- εἰμί@vppagns ὁ@dnmp μέν@b λίβυς@nnmpp βάλλω@viie3p συνεχής@b καί@cs ἐπιστρέφω@vppanmp εἰς@p ὁ@dams σκιπίων@namsp ἥσσων@anansc ὁ@ddmp περάω@ndmpc ἐπίκειμαι@viie3p ὁ@dnmp δέ@cs φθάνω@viaa3p διέρχομαι@vnaa-- ὁ@dans ῥεῦμα@nansc καί@b ὁ@dnms σκιπίων@nnmsp ἐπί@p αὐτός@rpdmp ἀφίππεύω@viaa3s βάλλω@vppenms τε@b καί@cs χαλεπός@b σπείρω@nnfpc δέ@b ἐν@p ἀρχή@ndfsc ὅδε@angms- ὁ@dgms πόνος@ngmsc τέσσαρες@nnfpc ἀποσχίζω@vpapnfp ὁ@dgns ῥεῦμα@ngnsc ὑπό@p ὁ@dgmp πολέμιος@ngmpc εἰς@p τις@anams- λόφος@namsc ἀνατρέχω@viaa3p καί@b αὐτός@rpafp ὁ@dnms ἀσδρούβας@nnmsp περίκάθημαι@viim3s ἀγνοέω@vppagmp ἔτι@b ῥωμαῖος@ngmpp ἕως@cs στάθμεύω@viaa3p ἐπεί@cs δέ@b μανθάνω@viaa3p ἀπορέω@viia3p καί@cs ὁ@ddmp μέν@b δοκέω@viia3s φεύγω@vnpa-- καί@cs μή@b κινδυνεύω@vnpa-- ἅπας@andmp- διά@p ὀλίγος@anamp- ὁ@dnms δέ@cs σκιπίων@nnmsp διδάσκω@viia3s ἄρχω@vppegnp μέν@b ἔργον@ngnpc εὐβουλία@ndfsc χράω@vnpe-- κινδυνεύω@vppagmp δέ@cs ἀνήρ@ngmpc τοσόσδε@angmp- καί@cs σημεῖον@ngnpc τόλμα@ndfsc παράβολος@andfs- αὐτός@rpnms δέ@b ἐπιλέγω@vpamnms τις@anafp- ἱππεύς@ngmpc ἴλη@nafpc ἐπαναφέρω@vnfa-- φημί@viia3s ἐκεῖνος@rpamp ἤ1@cs χαίρω@vppanms αὐτός@rpdmp συναπόλλυμι@vnfm-- δύο@an---- τε@b ἡμέρα@ngfpc σιτίον@nanpc φέρω@vppanms εὐθύς2@b βαδίζω@viia3s δείδω@vpragms πάνυ@b ὁ@dgms στρατός@ngmsc μή@cs οὐ@b δέ@b αὐτός@rpnms ἐπανέρχομαι@voaa3s ὡς@cs δέ@b ἥκω@viia3s ἐπί@p ὁ@dams λόφος@namsc ἔνθα@b εἰμί@viia3p ὁ@dnmp πολιορκέω@vppenmp ὁ@dams μέν@b ἄντικρυς@b αὐτός@rpgms δρόμος@ndmsc καταλαμβάνω@viaa3s καί@cs εἷς@annfs- ὁ@damp δύο@an---- χαράδρα@nanpc διείργω@viia3s ὁ@dnmp δέ@cs λίβυς@nnmpp τότε@b μάλιστα@b ἐπίκειμαι@viie3p ὁ@ddmp πολιορκέω@vppedmp καί@cs πρός@p αὐτός@rpamp νεύω@viia3p ὡς@b οὔπω@b δύναμαι@vppegms ὁ@dgms σκίπιωνος@ngmsp ἐπίἐπικουρέω@vnpa-- ἐκ@p ὁδοιπορία@ngfsc σύντονος@ngmsc ὁ@dnms δέ@b σκιπίων@nnmsp ὡς@cs εἶδον@viaa3s ὁ@dafp πέζα@nafpc ὁ@dgmp δύο@an---- λόφος@ngmpc ὁ@dafs χαράδρα@nafsc περίειμι1@vppaafp ὁ@dams καιρός@namsc οὐ@b μεθίημι@viaa3s ἀλλά@cs περιτρέχω@viaa3s διά@p αὐτός@rpgmp ὑπέρ@p ὁ@damp πολέμιος@nampc ὁ@dnmp δέ@x ἤδη@b κυκλος@ngnsc μένω@vppenmp διαφεύγω@viia3p ἄκοσμος@b μεθίημι@vpapgms αὐτός@rpamp ἀπέρχομαι@vnpa-- ὁ@dgms σκίπιωνος@ngmsp ἀδεής@b πολύς@anans- πλείων@anampc εἰμί@vppaamp"
"Pun._15.104","οὕτως@b μέν@b δή@b καί@b ὅδε@rpamp ὁ@dnms σκιπίων@nnmsp περισώζω@viaa3s ἐν@p ἀπογιγνώσκω@ndfsc γίγνομαι@vpamamp καί@b αὐτός@rpams ὁ@dnfs στρατιά@nnfsc μακρόθεν@b εἶδον@vpaanfs ἐκ@p ἄελπτος@angns- περισῴζω@vpreams τε@b καί@cs περισώζω@vpaaams ὁ@damp ἕτερος@anamp- μέγας@anans- ἠλάλαξα@viaa3p ἥδομαι@vppenmp καί@b δαιμόνιον@nansc αὐτός@rpdms συλλαμβάνω@vnpa-- δοξάζω@viia3p ὅς@rpnns καί@b ὁ@ddms πάππος@ndmsc σκιπίων@ndmsp προσημαίνω@vnpa-- δοκέω@viia3s ὁ@danp μέλλω@vppaanp ὁ@dnms μέν@b δή@b μανίλιος@nnmsp ἀναζεύγνυμι@viia3s εἰς@p ὁ@dans πρός@p ὁ@ddfs πόλις@ndfsc στρατόπεδον@nansc πολύς@anafs- τις@nafsc ὑπέχω@vpaanms ὁ@dgns μή@b πείθω@vnap-- σκιπίων@ndmsp ὁ@dgfs στρατεία@ngfsc ἀποτρέπω@vppadms ἄχθομαι@vppegmp δέ@b πᾶς@angmp- ἐπί@p ὁ@ddfs ὁ@dgmp πίπτω@vpaagmp ἀταφία@ndfsc καί@cs μάλιστα@b ἐπί@p ὁ@ddmp χιλίαρχος@ndmpc ὁ@dnms σκιπίων@nnmsp τις@rpams λύω@vpaanms ὁ@dgmp αἰχμάλωτος@angmp- πέμπω@viaa3s πρός@p ἀσδρούβας@namsp καί@cs παραινέω@viia3s θάπτω@vnaa-- ὁ@damp χιλίαρχος@nampc ὁ@dnms δέ@b ἐρευνάω@vpamnms ὁ@danp νεκρός@ananp- καί@cs ἀπό@p ὁ@dgfs σφραγίς@ngfsc εὑρίσκω@vpaanms χρυσοφορέω@vppadmp γάρ@b ὁ@dgmp στρατεύω@vppegmp ὁ@dnmp χιλίαρχος@nnmpc ὁ@dgmp ἐλάσσων@angmpc σιδηροφορέω@vppagmp θάπτω@viaa3s αὐτός@rpamp εἰ@cs τε@b ὁ@dans ἔργον@nansc ἀνθρώπειος@anans- καί@cs κοινός@anans- ἐν@p ὁ@ddmp πόλεμος@ndmpc ἡγέομαι@vppmnms εἰ@cs τε@cs ὁ@dafs σκίπιωνος@ngmsp δόξα@nafsc ἤδη@b δείδω@vpranms τε@b καί@cs θεραπεύω@vppanms ῥωμαῖος@ndmpp δέ@b ἀναζεύγνυμι@vppadmp μέν@b ἀπό@p ὁ@dgms ἀσδρούβας@ngmsp ἐπίκειμαι@viie3s φαμέας@nnmsp διά@p ὁ@dans πταῖσμα@nansc θορυβέω@vppedmp εἴσειμι@vppadmp δέ@b ὁ@dnmp καρχηδόνιος@nnmpp ὁ@dgfs πόλις@ngfsc ἐκτρέχω@vpaanmp ὑπαντάω@viia3p καί@cs τις@rpams καί@b ὁ@dgmp σκευόφορος@angmp- διαφθείρω@viaa3p"
"Pun._16.105","ἐν@p οὗτος@rpdns δέ@b καί@b ὁ@dnfs σύγκλητος@nnfsc εἰς@p ὁ@dans στρατόπεδον@nansc πέμπω@viia3s ὁ@damp εἰμί@vpfmamp καί@cs μεταδίδωμι@vpfaamp αὐτός@rpdfs ὁ@danp ἀκριβής@ananps ἐπί@p ὅς@rpgnp ὅς@dnms τε@b μανίλιος@nnmsp καί@b ὁ@dnns συνέδριον@nnnsc καί@cs ὁ@dnmp λοιπός@annmp- ὁ@dgmp χιλίαρχος@ngmpc εἰσβάπτω@vpregms ὁ@dgms φθόνος@ngmsc διά@p ὁ@dafs εὐπραγία@nafsc μαρτυρέω@viia3p ὁ@ddms σκιπίων@ndmsp καί@cs ὁ@dnms στρατός@nnmsc ἅπας@annms- καί@cs ὁ@danp ἔργον@nanpc ἐπί@p ἐκεῖνος@rpdmp ὥστε@cs ἐπανέρχομαι@vpaanmp ὁ@dnmp πρέσβυς@nnmpc διαπορέω@viaa3p εἰς@p ἅπας@anamp- ὁ@dafs ἐμπειρία@nafsc καί@cs ἐπίτεξις@nafsc ὁ@dgms σκίπιωνος@ngmsp καί@cs ὁ@dgfs στρατιά@ngfsc ὁ@dafs εἰς@p αὐτός@rpams ὁρμή@nafsc ὁ@dnfs δέ@b βουλή@nnfsc οὗτος@rpdnp μέν@b χαίρω@viia3s πολύς@angnp- δέ@cs γίγνομαι@vpregnp πλημμέλημα@ngnpc εἰς@p μασσανάσσης@nafsp πέμπω@viia3s καί@cs παρακαλέω@viia3s συμμαχέω@vnpa-- αὐτός@rpams ἐρρωμένος@b ἐπί@p καρχηδών@nafsp ὁ@dnms δέ@b ὑπό@p μέν@b ὁ@dgmp πρέσβυς@ngfpc οὐ@b καταλαμβάνω@viap3s κάμνω@vppanms δέ@cs γῆρας@ndnsc καί@cs νόσος@ndfsc καί@cs παῖς@nampc ἔχω@vppanms νόθος@nampc μέν@b πλείων@anampc ὅς@rpdmp δίδωμι@vile3s πολύς@annnp- γνήσιος@anamp- δέ@cs τρεῖς@an---- οὐδείς@anans- ἀλλήλων@rpdmp ὁ@danp ἔργον@nanpc ἔοικα@vpraamp καλέω@viia3s ὁ@dams σκιπίων@namsp κατά@p φιλία@nafsc αὐτός@rpgms τε@b καί@cs ὁ@dgms πάππης@ngmsc σύμβουλος@namsc ὁ@rpdms περί@p ὁ@dgnp τέκνον@ngnpc καί@cs ὁ@dgfs ἀρχή@ngfsc εἰμί@vpfmams ὁ@dnms δέ@b εἶμι@viia3s μέν@b αὐτίκα@b μικρός@anans- δέ@cs πρίν@cs ἔρχομαι@vnaa-- ὁ@dnms μασσανάσσης@nnmsp ἀποψύχω@vppanms ἐπισκήπτω@viaa3s ὁ@ddmp παῖς@ndmpc πείθω@vnpe-- ὁ@dgms σκίπιωνος@nnmsp ὡς@cs ἄν@b αὐτός@rpdmp διαιρέω@vspa3s ὁ@danp εἰμί@vppaanp"
"Pun._16.106","καί@b ὁ@dnms μέν@b οὗτος@rpans εἶπον@vpaanms τελευτάω@viaa3s ἀνήρ@nnmsc εἰς@p πᾶς@ananp- ἐπιτυχής@annms- ὅς@rpdms ὁ@dafs μέν@b ἀρχή@nafsc ὁ@dafs πατρῷος@anafs- θεός@nnmsc δίδωμι@viaa3s ἀφαιρέω@vpapdms πρός@p καρχηδόνιος@ngmpp καί@cs σῦφαξ@ngfsp ἀναλαμβάνω@vnaa-- καί@cs προάγω@vnaa-- ἐπί@p μέγας@anans- ἀπό@p μαυρούσιος@ngmpp ὁ@dgmp παρά@p ὠκεανός@ndmsc μέχρι@p ὁ@dgfs κυρηναῖος@ngmpp ἀρχή@ngfsc εἰς@p ὁ@danp μεσόγεια@ananp- ἡμέρα@vnaa-- δέ@cs γῆ@nafsc πολύς@anafs- ὁ@danp πολύς@ananp- ὁ@dgmp νομάς@ngmpp ποηφαγέω@vppagmp διά@p ὁ@dans ἀγεώργητος@anans- θησαυρός@nampc τε@b μέγας@anamp- χρῆμα@ngnpc καταλιμπάνω@vnaa-- καί@cs στρατιά@nafsc πολύς@anafs- γυμνάζω@vpreafs ὁ@dgmp δέ@cs ἐχθρός@ngmpc σῦφαξ@namsp μέν@b αἰχμάλωτος@anams- αἱρέω@vnaa-- αὐτοχειρία@ndmsc καρχηδών@ndmsp δέ@cs αἴτιος@anams- ὁ@dgfs ἀνάστασις@ngfsc γίγνομαι@vnam-- πάμπαν@b ἀσθενής@anams- ῥωμαῖος@ndmpp ὑπολείπω@vpaaams φύω@viaa3s δέ@b καί@b ὁ@dnns σῶμα@nnnsc μέγας@annms- τε@b καί@cs εὔρωστος@annms- εἰς@p γῆρας@nansc πολύς@anans- καί@b μάχη@ngfsc πειράω@viie3s μέχρι@p ὁ@dgms θάνατος@ngmsc ἵππος@ngmsc τε@cs χωρίς@p ἀναβολεύς@b ἐπιβαίνω@viia3s καί@b μέγας@andns- δή@x ὅδε@rpdms τεκμηρίομαι@viaa3s μάλιστα@b ὁ@dafs εὐρωστία@nafsc ἑαυτοῦ@rpgms πολύς@angmp- γάρ@b αὐτός@rpdms παῖς@ngmpc γίγνομαι@vppegmp τε@b καί@cs ἀποθνήσκω@vppagmp οὔποτε@b μέν@b εἰμί@viia3p αὐτός@rpdms μείων@annmpc ὁ@dgfp δέκα@an---- τετραετής@annns- δέ@cs παιδίον@nansc ἐνενηκοντούτης@viia3p εἰμί@rpgnp ἀπολείπω@viaa3s ὁ@dnms μέν@b δή@b μασσανάσσης@nnmsp ὧδε@b χρόνος@ngmsc τε@b καί@cs σῶμα@ngnsc ἔχω@vppanms θνήσκω@vila3s σκιπίων@nnmsp δέ@cs ὁ@ddmp μέν@b νόθος@andmp- αὐτός@rpgms παῖς@ndmpc προστίθημι@viaa3s ἕτερος@anafp- δωρεά@nafpc ὁ@ddmp δέ@cs γνήσιος@andmp- ὁ@damp μέν@b θησαυρός@nampc καί@b φόρος@nampc καί@cs ὁ@dans ὄνομα@nansc ὁ@dgfs βασίλεια@ngfsc κοινός@anans- ἀποφαίνω@viaa3s ὁ@danp δέ@cs ἄλλος@rpanp διακρίνω@viaa3s ὡς@cs μέλλω@viia3s ἁρμόζω@vnfa-- πρός@p ὅς@rpans βούλομαι@viie3s ἕκαστος@annms- μικίψ@ndmsp μέν@b ὅς@rpnms πρέσβυς@annmss εἰμί@vppanms εἰρηνικός@annmss εἰμί@viia3s κίρτη@nafsp ἐξαιρετός@anafs- ἔχω@vnpa-- καί@cs ὁ@danp βασίλειον@nanpc ὁ@danp ἐν@p αὐτός@rpdfs γολόω@ndmsp δέ@cs στρατιωτικός@andms- τε@b εἰμί@vppadms καί@cs δεύτερος@andms- κατά@p ἡλικία@nafsc πόλεμος@ngmsc τε@b καί@cs εἰρήνη@ngfsc εἰμί@vnpa-- κύριος@andms- μαστανάβη@ndmsp δέ@cs ὅς@rpnms νέος@annmss εἰμί@vppanms ἀσκέω@viia3s δικαιοσύνη@nafsc δικάζω@vnpa-- ὁ@ddmp ὑπήκοος@andmp- ὁ@danp ἀμφίλογος@ananp-"
"Pun._16.107","οὕτως@b μέν@b ὁ@dnms σκιπίων@nnmsp ὁ@dafs ἀρχή@nafsc καί@cs περιουσία@nafsc μασσανάσσης@ngmsp διαιρέω@viaa3s ὁ@ddmp παῖς@ndmpc καί@cs γολόσση@nafsp εὐθύς2@b εἰς@p συμμαχία@nafsc πήγνυμι@viie3s ὁ@dnms δέ@b ὁ@dafp φαμέος@ngmsp μάλιστα@b ἐνέδρα@nafpc ὅς@rpnfp πολύς@ananp- ῥωμαῖος@nampp λυπέω@viia3p ἐρευνάω@vppenms ἀναστέλλω@viaa3s ἐν@p δέ@b τις@andfs- χειμασία@ndfsc σκιπίων@nnmsp καί@cs φαμέας@nnmsp ἀντιπαροδεύω@viia3p ἀλλήλων@rpdmp μέσος@anafs- ἔχω@vppanmp ἄβατος@anafs- χαράδρα@nafsc καί@cs οὐδείς@rpans εἰς@p ἀλλήλων@rpamp δύναμαι@vppenmp δείδω@vpranms δέ@b ὁ@dnms σκιπίων@nnmsp μή@cs τις@annfs- ἐνέδρα@nnfsc κατά@p ὁ@dans πρόσθεν@b εἰμί@vopa3s προέρχομαι@vppanms κατασκέπτομαι@viie3s σύν@p τρεῖς@andmp- φίλος@ndmpc καί@b αὐτός@rpams ὁ@dnms φαμέας@nnmsp εἶδον@vpaanms ἀντίπροέρχομαι@viia3s μετά@p εἷς@ φίλος@angms- ἐλπίζω@vpaanms δέ@b αὐτός@rpams ὁ@dnms σκιπίων@nnmsp εἶπον@vnaa-- τις@rpans ἐθέλω@vnpa-- ἐξίππεύω@viaa3s μετά@p εἷς@angms- καί@cs ὅδε@annms- φίλος@ngmsc καί@b ὡς@cs ἤδη@b κατακούω@vnpa-- δύναμαι@viie3p ἀλλήλων@rpgmp πρό@p καρχηδόνιος@ngmpp ὁ@dnmp προέρχομαι@vira3s τίς@rpans δή@b ὁ@dgfs ἴδιος@angfs- σωτηρία@ngfsc οὐ@b προνοέω@vipa2s εἰ@cs μή@b ὁ@dgfs κοινός@angfs- δύναμαι@vipe2s ὁ@dnms δέ@b τις@rpncs εἰμί@vipa3s φημί@viia3s ἐγώ@rpdms σωτηρία@nnfsc καρχηδόνιος@ngmpp μέν@b οὕτως@b ἔχω@vppagmp ῥωμαῖος@ngmpp δέ@cs ὑπό@p ἐγώ@rpgcs κακός@ananp- πολύς@ananp- πάσχω@vpragmp καί@b ὁ@dnms σκιπίων@nnmsp ἐγγυάω@vipe1s σύ@rpdms φημί@vipa3s εἰ@cs πιστός@annms- ἐγώ@rpnms καί@cs ἀξιόχρεως@annms- καί@b σωτηρία@nafsc καί@cs συγγνώμη@nafsc παρά@p ῥωμαῖος@ngmpp καί@b χάρις@nafsc εἰμί@vnfm-- ὁ@dnms δέ@b ἐπαινέω@viaa3s μέν@b ὡς@cs ἀξιόπιστος@ananss ἐκ@p πᾶς@angnp- κρίνω@vifa1s δέ@cs φημί@viia3s καί@b ἄν@cs δυνατός@anans- ἡγέομαι@vspm1s φανερός@annns- εἰμί@vifm3s σύ@rpdcs"
"Pun._16.108","καί@b ὁ@dnmp μέν@b ἐπί@p οὗτος@rpdnp διακρίνω@viap3p ὁ@dnms δέ@cs μανίλιος@nnmsp αἰδέομαι@vppenms ὁ@dafs δυσπραξία@nafsc ὁ@dafs εἰς@p ἀσδρούβας@namsp αὐτός@rpdms γίγνομαι@vpamafs αὖθις@b εἰς@p νέφερις@nafsp στρατεύω@viia3s πεντακαίδεκα@an---- ἡμέρα@ngfpc τροφή@nafpc ἐπάγω@vppenms πλησιάζω@vpaanms δέ@b τίθημι@viam3s χάραξ@namsc καί@b ὀχυρόω@viia3s καί@cs ταράσσω@viia3s καθά@cs σκιπίων@nnmsp ἐν@p ὁ@ddfs πρότερος@andfs- στρατεία@ndfsc παραγγέλλω@viaa3s οὐδείς@rpnns δέ@b ἀνύω@vppanms ἐν@p αἰδώς@ndfsc μέγας@andfsc γίγνομαι@viie3s καί@cs φόβος@ndmsc ὁ@dgns πάλιν@b αὐτός@rpdmp ἄπειμι1@vppadmp ὁ@dams ἀσδρούβας@namsp ἐπιτίθημι@vnae-- καί@b ὁ@dnms μέν@b ἐν@p ὅδε@rpdns εἰμί@viia3s ἀπορία@ngfsc ἐπιστολή@nafsc δέ@cs τις@rpnms ἐκ@p ὁ@dgms γολόσσος@ngmsp στρατός@ngmsc φέρω@viia3s ὁ@ddms σκιπίων@ndmsp ὁ@dnms δέ@b ὡς@cs ἔχω@viia3s σημαίνω@vpreafs ἐπιδείκνυμι@viaa3s ὁ@ddms στρατηγός@ndmsc καί@b λύω@vpaanmp εὑρίσκω@viaa3p εἰς@p ὅδε@anafs- ὁ@dafs ἡμέρα@nafsc ἐγώ@rpnms μέν@b ὅδε@anans- ὁ@dans χωρίον@nansc καταλαμβάνω@vifm1s σύ@rpnms δέ@b ἔρχομαι@vmaa2s μετά@p ὅσος@angnp- βούλομαι@vipe2s καί@cs ὁ@ddmp προφύλαξις@nafsc εἶπον@vmaa2s δέχομαι@vnpe-- ὁ@dams νύξ@ngfsc ἀφικνέομαι@vppeams ὁ@dnfs μέν@b ἐπιστολή@nnfsc χωρίς@p ὄνομα@ngnpc τοιόσδε@rpanp δηλόω@viia3s συνίημι@viaa3s δέ@cs ὁ@dnms σκιπίων@nnmsp εἰμί@vnpa-- παρά@p φαμέος@ngmsp καί@b ὁ@dnms μανίλιος@nnmsp δείδω@vila3s μέν@b περί@p ὁ@ddms σκιπίων@ndmsp μή@cs τις@annfs- ἀπάτη@nnfsc παρά@p ἀνήρ@ngmsc γίγνομαι@voam3s πιθανός@angmss πᾶς@angmp- εἰς@p ἐνέδρα@nafpc εὔελπις@nafsc δέ@b αὐτός@rpams ὁράω@vppanms πέμπω@viia3s ἐπιτρέπω@vpaanms περί@p μέν@b ὁ@dgfs σωτηρία@ngfsc δίδωμι@vnaa-- πίστις@nafsc ἀσφαλής@anafs- ὁ@ddms φαμέα@ndmsp χάρις@nafsc δέ@cs μή@b ὁρίζω@vnpa-- ἀλλά@cs ἐπαγγέλλω@vnpe-- ῥωμαῖος@nampp ὁ@danp πρέπω@vppaanp ποιέω@vnfa-- οὐ@b μήν@b δέω@viaa3s οὐ@b δέ@cs ἐπαγγελία@ngfsc ὁ@dnms γάρ@b σύ@b φαμέας@nnmsp ὡς@cs ἥκω@viia3s εἰς@p ὁ@dans σύγκειμαι@vpreans περί@p μέν@b ὁ@dgfs σωτηρία@ngfsc φημί@viia3s πιστεύω@vnpa-- δεξιόομαι@vppedms σκιπίων@ndmsp ὁ@dafp δέ@cs χάρις@nafpc ῥωμαῖος@ndmpp ἐπιτρέπω@vnpa-- οὗτος@rpanp δέ@b εἶπον@vpaanms ἐξετάζω@viaa3s ὁ@dgfs ἔπειμι1@vppagfs εἰς@p μάχη@nafsc καί@cs προπηδάω@vpaanms μετά@rpanp ὁ@dgmp ἰλαρχέω@ngmpc εἰς@p ὁ@dans μεταίχμιον@nansc ὡς@b ἐπί@p τις@anafs- σκέψις@nafsc ἕτερος@anafs- λέγω@viaa3s εἰ@cs μέν@b εἰμί@vipa3s ἔτι@b ὁ@ddfs πατρίς@ndfsc βοηθέω@vnpa-- ἑτοῖμος@annms- εἰμί@vipa1s μετά@p σύ@rpgmp εἰ@cs δέ@b ἔχω@vipa3s ὁ@dnnp ἐκεῖνος@rpgfs ὡς@cs ἔχω@vipa3s ἐγώ@rpdms μέν@b δοκέω@vipa3s ὁ@dgfs ἴδιος@angfs- σωτηρία@ngfsc προνοέω@vnpa-- καί@cs πίστις@nafsc λαμβάνω@viaa1s ἐπί@p τε@b ἐμαυτοῦ@rpdms καί@cs ὅσος@rpamp πείθω@voaa1s σύ@rpgmp καιρός@nnmsc δέ@cs καί@b σύ@rpamp ἐπιλέγω@vnpe-- ὁ@danp συμφέρω@vpfaanp ὁ@dnms μέν@b οὕτως@b εἶπον@viaa3s ὁ@dgmp δέ@cs ἰλαρχέω@ngmpc ὁ@dnmp μέν@b σύν@p ὁ@ddmp ἑαυτοῦ@rpgmp αὐτομολέω@viaa3p καί@cs γίγνομαι@viam3p πᾶς@annmp- εἰς@p διακόσιοι@anamp- καί@cs δισχίλιοι@anamp- ἱππεύς@nampc ὁ@rpamp δέ@x ἄννων@nnmsp κατακωλύω@viaa3s ὅς@annfs- λεῦκος@ngmsp εἰμί@viia3s ἐπίκλησις@nnfsc"
"Pun._16.109","ἐπανέρχομαι@vppadms δέ@b ὁ@ddms σκιπίων@ndmsp μετά@p ὁ@dgms φαμέος@ngmsp ὁ@dnms στρατός@nnmsc ἀπαντάω@viia3s καί@cs ὁ@dams σκιπίων@namsp ὑμνέω@viia3p ὡς@b ἐπί@p θρίαμβος@ndmsc μανίλιος@nnmsp δέ@b ὑπερηδάομαι@vppenms τε@b καί@cs οὐκέτι@b ὁ@dafs ἐπάνοδος@nafsc αἰσχρός@anafs- ἐπί@p ὅδε@rpdns ἡγέομαι@vppmnms οὐ@b δέ@cs ἀσδρούβας@namsp ἕπομαι@vnfm-- προσδοκέω@vppanms καταπλήσσω@vpreams ἀναζεύγνυμι@viia3s αὐτίκα@b διά@p ἔνδεια@nafsc ἑπτακαιδέκατος@anafs- ἡμέρα@nafsc ἀντί@p πεντεκαίδεκα@an---- ἔχω@vppanms τρεῖς@andfp- δέ@b ἄλλος@rpdfp χρή@viia3s κακοπαθέω@vppaams ἐπανέρχομαι@vnaa-- ὁ@dnms οὖν@b σκιπίων@nnmsp ὁ@dams τε@b φαμέα@namsp καί@cs γολόσση@nafsp καί@cs ὁ@damp ὑπό@p ἑκάτερος@andms- λαμβάνω@vpaanms ἱππεύς@nampc προσλαμβάνω@vpaanms δέ@cs τις@rpamp καί@b ὁ@dgmp ἰταλικός@angmp- εἰς@p πεδίον@nansc ἐπείγω@viap3s ὁ@dans καλέω@vppeans μέγας@anans- βάραθρον@nansc καί@cs πολύς@anafs- ἐκ@p αὐτός@rpgns λεία@nafsc τε@b καί@cs ἀγορά@nafsc ἵημι@viia3s φέρω@vppanms ὁ@ddms στρατός@ndmsc περί@p νύξ@nafsc μανίλιος@nnmsp δέ@b πύθω@vpppnms ὁ@rpdms διάδοχος@namsc ἔπειμι2@vnpa-- καλπούρνιος@namsp πίσων@namsp προπέμπω@viia3s εἰς@p ῥώμη@nafsp σκιπίων@namsp μετά@p φαμέος@ngmsp καί@b ὁ@dnms στρατός@nnmsc ἐπί@p ὁ@dafs ναῦς@nafsc καταθέω@vppanmp ὑμνέω@viia3p ὁ@dams σκιπίων@namsp καί@cs εὔχομαι@viie3p ὕπατος@anams- εἰς@p λιβύη@nafsp ἐπανέρχομαι@vnaa-- ὡς@b μόνος@anams- αἱρέω@vpfaams καρχηδών@namsp θεόληπτος@annfs- γάρ@b τις@annfs- αὐτός@rpdmp ὅδε@annfs- ὁ@dnfs δόξα@nnfsc ἐμπίτνω@viia3s σκιπίων@namsp μόνος@anams- αἱρέω@vnfa-- καρχηδών@nafsp καί@b πολύς@annmp- οὗτος@rpanp ὁ@ddmp οἰκεῖος@andmp- εἰς@p ῥώμη@nafsp ἐπιστέλλω@viaa3p ὁ@dnfs δέ@b βουλή@nnfsc σκιπίων@namsp μέν@b ἐπαινέω@viia3s φαμέα@nafsp δέ@b τιμάω@viaa3p ἁλουργίς@ndfsc καί@b ἐπιπόρπημα@ndnsc χρυσός@andns- καί@b ἵππος@ndmsc χρυσοφαλάρος@andms- καί@b πανοπλία@ndfsc καί@cs ἀργύριον@ngnsc δραχμή@ndfpc μυρίος@andfp- δίδωμι@viaa3p δέ@cs καί@b μνᾶ@ngfpc ἑκατόν@an---- ἀργύρωμα@nansc καί@b σκηνή@nafsc καί@cs κατασκευή@nafsc ἐντελής@anafs- καί@b ἐπελπίζω@viaa3p περί@p πλείων@angnpc εἰ@cs ὁ@dnnp λοιπός@annnp- ὁ@dgms πόλεμος@ngmsc συνεκπονέω@voaa3s ἑαυτοῦ@rpdmp ὁ@dnms δέ@b ὑπισχνέομαι@vpamnms εἰς@p λιβύη@nafsp διαπλέω@viaa3s εἰς@p ὁ@dans ῥωμαιος@ngmpp στρατόπεδον@nansc"
"Pun._16.110","ἵημι@viia3s δέ@b καλπούρνιος@nnmsp πίσων@nnmsp ὁ@dnms ὕπατος@nnmsc ἅμα@p ἦρι@ndnsc καί@cs σύν@p αὐτός@rpdms λεύκιος@nnmsp μαγκῖνος@nnmsp ἐπί@p ὁ@dafs ναυαρχία@nafsc ὅς@dnmp καρχηδόνιος@ndmpp μέν@b οὐ@b ἐπιχειρέω@viia3p οὐ@b δέ@cs ἀσδρούβας@ndmsp ὁ@dafp δέ@cs πόλις@nafpc ἐπέρχομαι@vppanmp ἀσπίς@ngfsp μέν@b ἀποτυγχάνω@viia3p ἐκ@p γῆ@ngfsc καί@cs θάλασσα@ngfsc ἀποπειράομαι@vpaanmp ἕτερος@anafs- δέ@cs ἐγγύς@b αἱρέω@viaa3s ὁ@dnms πίσων@nnmsp καί@cs διαρπάζω@viia3s αἰτιάομαι@vppeafs ἐπί@p συνθήκη@ndfpc αὐτός@rpdms προσέρχομαι@vnaa-- ἀπό@p δέ@b οὗτος@rpgfs εἰς@p ἰππάγρετος@nanpp μετέρχομαι@viaa3s ὅς@rpnfs μέγας@annfs- τε@b εἰμί@viia3s καί@b τεῖχος@ndnpc καί@b ἀκρόπολις@ndfsc καί@b λιμήν@ndmpc καί@cs νεώριον@ndnpc ὑπό@p ἀγαθοκλῆς@ngmsp ὁ@dgms σικελιώτης@ngmpp τύραννος@ngmsc κατασκευάζω@vile3s καλός@b μέσος@annfs- δέ@cs εἰμί@vppanfs καρχηδών@ngfsp καί@cs ἰτύκη@ngfsp ὁ@dafs ἀγορά@nafsc λῃστεύω@viia3s ὁ@dafs ῥωμαῖος@ndmpp διαπλέω@vppaafs ὅθεν@b καί@b πάνυ@b πλουτέω@viia3p καί@b ὁ@dnms καλπούρνιος@nnmsp ἀμύνω@vnam-- τε@b αὐτός@rpamp ἐπινοέω@viia3s καί@cs ὁ@dans γε@b κέρδος@nansc ἀφαιρέω@vnam-- ἀλλά@b ὁ@dnms μέν@b ὁ@dans θέρος@nansc ὅλος@anans- ἐφεδρεύω@vppanms οὐ@b ἀνύω@viia3s δίς@b δέ@cs ἐκτρέχω@vpaanmp ὁ@dnmp ἱππαγρέτιος@nnmpp καρχηδόνιος@ngmpp αὐτός@rpdmp συμμαχέω@vppagmp ὁ@dafp μηχανή@nafpc αὐτός@rpgms καταπίμπρημι@viaa3p καί@b ὁ@dnms μέν@b ἄπρακτος@annms- εἰς@p ἰτύκη@nafsp ἐπανέρχομαι@vpaanms χειμάζω@viia3s"
"Pun._16.111","ὁ@dnmp καρχηδόνιος@nnmpp δέ@b ἐπεί@cs σφεῖς@rpdmp καί@b ὁ@dnns ἀσδρούβας@ngmsp στρατόπεδον@nnnsc ἀπαθής@annns- εἰμί@viia3s καί@b αὐτός@annmp- κρείσσων@annmpc ἐν@p ὁ@ddfs μάχη@ndfsc γίγνομαι@viam3s πίσων@nnmsp ἀμφί@p ὁ@danp ἱππάγρετος@nanpp βιθύας@nnmsp τε@b αὐτός@rpdmp ὁ@dnms νομή@nnmsp μετά@p ὀκτακόσιοι@angmp- ἱππεύς@ngmpc ἀπό@p γολόσσος@ngmsp προσχωρέω@vila3s καί@cs μικίψης@namsp καί@cs μαστανάβας@namsp ὁ@damp μασσανάσσης@ngmsp παῖς@nampc ὁράω@viia3p ὑπισχνέομαι@vppeamp μέν@b ἀεί@b ῥωμαῖος@ndmpp ὅπλον@nanpc καί@cs χρῆμα@nanpc βραδύνω@vppaamp δέ@cs καί@cs περιοράω@vppeamp ἄρα@b ὁ@dans μέλλω@vppaans ἐπαίρω@viap3p ὁ@ddnp φρόνημα@ndnpc καί@cs λιβύη@nafsp ἀδεής@b ἔπειμι2@viia3p κρατύνω@vppenmp τε@b ὁ@dafs χώρα@nafsc καί@cs πολύς@ananp- ὑβριστικός@ananp- ἐν@p ὁ@ddfp πόλις@ndfpc κατά@p ῥωμαῖος@ngmpp ἐκκλησιάζω@vppanmp εἰς@p τε@b ὁ@dafs ἀνανδρία@nafsc αὐτός@rpgmp προφέρω@viia3p ὁ@danp εἰς@p νέφερις@namsp αὐτός@rpdmp δίς@b γίγνομαι@vpamanp καί@b ὅσος@annnp- ἔναγχος@b εἰς@p ἱππάγρετος@nanpp καί@cs ὁ@dans αὐτός@rpgfs καρχηδών@ngfsp ἄνοπλος@angfs- τε@b εἰμί@vppagfs καί@cs ἄκριτος@angfs- μή@b δύναμαι@vnre-- κατέχω@vnaa-- πέμπω@viia3p δέ@b καί@b εἰς@p μικίψης@nafsp καί@cs μαστανάβας@namsp καί@cs εἰς@p ὁ@damp αὐτόνομος@anamp- μαυρούσιος@ngmpp παρακαλέω@vppanmp ὁμοῦ@b καί@cs διδάσκω@vppanmp ὅτι@cs καί@b σφεῖς@rpdmp μετά@p ἑαυτοῦ@rpamp ἐπιχειρέω@vifa3p ῥωμαῖος@nnmpp στέλλω@viia3p δέ@b καί@b εἰς@p μακεδονία@nafsp ἄλλος@rpamp πρός@p ὁ@dams νομίζω@vppeams υἱός@namsc εἰμί@vnpa-- περσεύς@ngmsp πολεμέω@vppaams ῥωμαῖος@ndmpp καί@cs ἀναπείθω@viia3p ἔχω@vnpe-- ὁ@dgms πόλεμος@ngmsc καρτερός@b ὡς@b οὐ@b ἐλλείπω@vpfagmp αὐτός@rpdms χρῆμα@ngnpc καί@cs ναῦς@ngfpc ἀπό@p καρχηδών@ngfsp ὅλος@b τε@b μικρός@anans- οὐδείς@rpans ἔτι@b φρονέω@viia3p ὁπλίζω@vpamnmp ἀλλά@cs θυμός@ndmsc καί@b τόλμα@ndfsc καί@cs παρασκευή@ndfsc κατά@p μικρός@anans- αὐξάνω@viie3p ἐπαίρω@vile3s δέ@b ἐν@p μέρος@ndnsc καί@b ἀσδρούβας@nnmsp ὁ@dnms κατά@p ὁ@dafs χώρα@nafsc στρατηγός@nnmsc ὁ@ddns δίς@b κρατέω@vnaa-- μανίλιος@ngmsp ὁ@dafs τε@b ὁ@dgfs πόλις@ngfsc στρατηγία@nafsc προσλαμβάνω@vnaa-- ἐπείγω@vppenms ἀσδρούβας@namsp ὁ@dams ἄρχω@namsc αὐτός@rpgfs ἀδελφιδέος@namsc εἰμί@vppaams γολόσσος@ngmsp διαβάλλω@viia3s ὁ@ddfs βουλή@ndfsc ὁ@danp καρχηδόνιος@ngmpp γολόω@ndmsp προδίδωμι@vnpa-- καί@b ὁ@dgms λόγος@ngmsc προτίθημι@vpapgms εἰς@p μέσος@anans- ὁ@dnms μέν@b ἀπορέω@viie3s ὡς@b ἐπί@p ἀδόκητος@andns- ὁ@dnmp δέ@cs τύπτω@vppanmp αὐτός@rpams ὁ@ddnp ὑπόβαθρον@ndnpc καταβάλλω@viaa3p"
"Pun._17.112","εἰς@p δέ@b ῥώμη@nafsp ἐξαγγέλλω@vppegfs ὁ@dgfs τε@b πίσων@ngmsp ἀπραξία@ngfsc καί@cs καρχηδόνιος@ngmpp παρασκευή@ngfsc ὁ@dnms δῆμος@nnmsc ἄχθομαι@viie3s καί@cs δείδω@vila3s αὐξάνω@vppegms πόλεμος@ngmsc μέγας@angms- τε@b καί@b ἀδιάλλακτος@angms- καί@cs γείτων@angms- οὐ@b γάρ@b τις@anafs- διάλυσις@nafsc προσδοκάω@viia3p ἄπιστος@ananp- πρότερος@annmp- κελεύω@vpaanmp ὁ@dgnp δέ@b οὐ@b πρό@p πολύς@angns- σκίπιωνος@ngmsp ἔργον@ngnpc ἐν@p λιβύη@ndfsp χιλιαρχέω@vppagms ἔτι@b μιμνήσκω@vprenmp καί@cs παραβάλλω@vppanmp αὐτός@rpanp ὁ@ddmp πάρειμι1@vppadmp ὁ@dgnp τε@cs ἐπιστέλλω@vpregnp σφεῖς@rpdmp ὑπό@p ὁ@dgmp ἐκ@p στρατόπεδον@ngnsc φίλος@ngmpc καί@cs οἰκεῖος@angmp- ἀναφέρω@vppanmp ὁρμάω@viie3p ὕπατος@anams- εἰς@p καρχηδών@nafsp πέμπω@vnpa-- σκιπίων@namsp ἐνίστημι@vila3s δέ@b ἀρχαιρέσια@nnnpc καί@cs ὁ@dnms σκιπίων@nnmsp οὐ@b γάρ@b πω@b διά@p ἡλικία@nafsc αὐτός@rpdms συγχωρέω@viia3p ὑπατεύω@vnpa-- ὁ@dnmp νόμος@nnmpc ἀγορανομία@nafsc μέτειμι2@viia3s καί@cs ὁ@dnms δῆμος@nnmsc αὐτός@rpams ὕπατος@namsc αἱρέω@viie3s παράνομος@angns- δέ@b εἰμί@vppagms καί@cs ὁ@dgmp ὕπατος@ngmpc προφέρω@vppagmp αὐτός@rpdmp ὁ@dams νόμος@namsc ἱκετεύω@viia3p καί@b ἔγκειμαι@viie3p καί@cs κράζω@vila3p ἐκ@p ὁ@dgmp τυλλίας@ngmsp καί@cs ῥωμύλος@ngmsp νόμος@ngmpc ὁ@dams δῆμος@namsc εἰμί@vnpa-- κύριος@namsc ὁ@dgfp ἀρχαιρεσία@ngfpc καί@cs ὁ@dgmp περί@p αὐτός@rpgmp νόμος@ngmpc ἀκυρόω@vnpa-- ἤ1@cs κυρόω@vnpa-- ὅς@rpams ἐθέλω@vopa3p τέλος@nansc δέ@b ὁ@dgmp δήμαρχος@ngmpc τις@rpnms φημί@viia3s ὁ@damp ὕπατος@nampc ἀφαιρέω@vnfm-- ὁ@dafs χειροτονία@nafsc εἰ@cs μή@b συντίθημι@voam3p ὁ@ddms δῆμος@ndmsc καί@b ὁ@dnfs βουλή@nnfsc ὁ@ddmp δήμαρχος@ndmpc πείθω@viie3s λύω@vnaa-- ὁ@dams νόμος@namsc ὅδε@anams- καί@cs μετά@p ἔτος@nansc εἷς@anans- αὖθις@b ἀναγράφω@vnaa-- οἷος@anans- τις@anans- καί@b λακεδαιμόνιος@nnmpp λύω@vppanmp ἐν@p χρεία@ndfsc ὁ@dafs ἀτιμία@nafsc ὁ@dgmp ἁλίσκομαι@vpaagmp περί@p πύλος@nafsp φημί@viia3p κοιμάω@vmpe3p ὁ@dnmp νόμος@nnmpc σήμερον@b οὕτως@b μέν@b ὁ@dnms σκιπίων@nnmsp ἀγορανομία@nafsc μέτειμι1@vppanms αἱρέω@vile3s ὕπατος@nnmsc καί@cs αὐτός@rpams ὁ@dnms σύναρχος@annms- δροῦσος@nnmsp περί@p λιβύη@ngfsp πρός@p ἑαυτοῦ@rpams κελεύω@viia3s διακληρόω@vnpe-- μέχρι@cs τις@rpnms ὁ@dgmp δήμαρχος@ngmpc εἰσηγέομαι@viae3s ὅδε@angfs- ὁ@dgfs στρατηγία@ngfsc ὁ@dafs κρίσις@nafsc ὁ@dgms δῆμος@ngmsc γίγνομαι@vnam-- καί@b ὁ@dnms δῆμος@nnmsc αἱρέω@viam3s ὁ@dams σκιπίων@namsp δίδωμι@viap3s δέ@b αὐτός@rpdms στρατός@nnmsc ἐκ@p μέν@b κατάλογος@ngmsc ὅσος@rpnms εἰμί@viia3s ἀντί@p ὁ@dgmp ἀπόλλυμι@vpragmp ἐθέλω@nafpc δέ@cs ἄγω@vnpa-- ὅσος@anamp- πείθω@voaa3s παρά@p ὁ@dgmp σύμμαχος@ngmpc καί@cs εἰς@p βασιλεύς@nampc καί@cs πόλις@nafpc ὅσος@anafp- δοκιμάζω@voaa3s πέμπω@vnpa-- ὁ@dams ῥωμαῖος@ngmpp δῆμος@namsc ὁ@ddfp ἐπιστολή@ndfpc ἐπιγράφω@vppaams καί@b εἰμί@vipa3s ὅς@rpamp λαμβάνω@viaa3s οὕτως@b παρά@p τε@b πόλις@ngfpc καί@cs βασιλεύς@ngmpc"
"Pun._17.113","ὁ@dnms μέν@b δή@b ὅδε@rpanp διοικέω@vpamnms εἰς@p σικελία@nafsp καί@cs ἀπό@p σικελία@ngfsp εἰς@p ἰτύκη@nafsp πλέω@viia3s καλπούρνιος@nnmsp δέ@b πίσων@nnmsp πολιορκέω@viia3s ὁ@danp μεσόγεια@ananp- καί@cs μαγκῖνος@nnmsp ἐφορμάω@vppanms καρχηδών@ndfsp μέρος@nansc τις@anans- ὁ@dgns τεῖχος@ngnsc ἀμελέω@vppeans εἶδον@vpaanms ὅς@rpgns κρημνός@nnmpc πρόκειμαι@viie3p συνεχής@annmp- καί@cs δύσβατος@annmp- καί@cs παρά@p αὐτός@rpnns εἰμί@viia3s καί@b ἀμελέω@vppenns ἐλπίζω@viaa3s λανθάνω@vpaanms κλῖμαξ@nafpc ἐπιφέρω@vnfa-- ἐπί@p ὁ@dans τεῖχος@nansc καί@b προστίθημι@viaa3s μέν@b καί@cs τις@rpnmp ὁ@dgmp στρατιώτης@ngmpc ἀνέρχομαι@viaa3p εὔτόλμος@b ὁ@dnmp καρχηδόνιος@nnmpp δέ@b ὀλίγος@angmp- ἔτι@b εἰμί@vppagmp καταφρονέω@vpaanmp ἀνοίγνυμι@viaa3p πύλη@nafsc εἰς@p ὁ@damp κρημνός@nampc ἐκφέρω@vppaafs καί@cs ἐπί@p ὁ@damp ῥωμαῖος@nampp ἐκτρέχω@viaa3p καί@b αὐτός@rpamp ὁ@dnmp ῥωμαῖος@nnmpp τρέπω@vpamnmp τε@b καί@cs διώκω@vppanmp εἰς@p ὁ@dafs πόλις@nafsc διά@p ὁ@dgfs πύλη@ngfsc συνειστρέχω@viaa3p βοή@ngfsc δέ@b ὡς@b ἐπί@p νίκη@ndfsc γίγνομαι@vpamgfs ὅς@dnms τε@b μαγκῖνος@nnmsp ἐκφέρω@vppenms ὑπό@p ὁ@dgfs ἡδονή@ngfsc καί@b ὁ@danp ἄλλος@rpanp ταχύς@annms- εἰμί@vppanms καί@cs κοῦφος@annmp- καί@cs ὁ@dnms ἄλλος@annms- ὅμιλος@nnmsc ἅμα@p ὁ@ddms μαγκίνος@ndmsp ὁ@dafp ναῦς@nafpc ἀφίημι@vpaanmp εἰς@p ὁ@dans τεῖχος@nansc βοηδρομέω@viia3p ἄνοπλος@annmp- τε@b καί@cs γυμνός@annmp- ἤδη@b δέ@b ὁ@dgms θεός@ngmsc περί@p δείλη@nafsc ἑσπέρα@nafsc εἰμί@vppagms ἐχυρός@anans- τις@rpans πρός@p ὁ@ddns τεῖχος@ndnsc καταλαμβάνω@vpaanmp ἡσυχάζω@viia3p τροφή@ngfpc δέ@cs ἀπορέω@vppanms ὁ@dnms μαγκῖνος@nnmsp καλέω@viia3s πίσων@namsp καί@cs ὁ@damp ἰτυκαῖος@ngmpp ἄρχων@nampc ἐπίἐπικουρέω@vnpa-- ἑαυτοῦ@rpdms κινδυνεύω@vppadms καί@cs τροφή@nafpc φέρω@vnpa-- κατά@p σπουδή@nafsc καί@b ὁ@dnms μέν@b μέλλω@viia3s ἅμα@p ἠώς@ndfsc πρός@p ὁ@dgmp καρχηδόνιος@ngmpp ἐξωθέω@vppenms εἰς@p ὁ@damp κρημνός@nampc συντρίβω@vnfm--"
"Pun._17.114","σκιπίων@nnmsp δ@b ἑσπέρα@ngfsc εἰς@p ἰτύκη@nafsp κατάγω@viie3s καί@cs περί@p μέσος@anafp- νύξ@nafpc ἐντυγχάνω@vpaanms ὅς@rpdnp ὁ@dnms μαγκῖνος@nnmsp γράφω@viia3s ὁ@dams τε@b σαλπιγκτής@namsc κελεύω@viia3s εὐθύς2@b ἐπί@p πόλεμος@namsc ἠχέω@vnpa-- καί@cs ὁ@damp κῆρυξ@nampc συγκαλέω@vnaa-- ἐπί@p θάλασσα@nafsc ὅσος@annmp- συνέρχομαι@vila3p ἐκ@p ἰταλία@ngfsp αὐτός@rpdms καί@cs ὁ@damp ἡβάω@vpaaamp ἰτυκαῖος@ngmpp ὅσος@annmp- δέ@b ὑπερήλιξ@annmp- ἀγορά@nafsc εἰς@p ὁ@dafp τριήρης@nafpc καταφέρω@vnpa-- αἰχμάλωτος@ananp- τε@b καρχηδόνιος@ngmpp τις@rpams λύω@vpaanms ἀφίημι@viaa3s ἐξαγγέλλω@vnpa-- αὐτός@rpdmp ἐπιπλέω@vnpa-- σκιπίων@namsp εἰς@p τε@b ὁ@dams πίσων@namsp ἱππεύς@nampc ἄλλος@anamp- ἐπί@p ἄλλος@rpdmp πέμπω@viia3s καλός@vppanms αὐτός@rpams κατά@p τάχος@nansc καί@b αὐτός@rpnms ἔσχατος@annms- φυλακή@nnmpc ἀνάγω@viie3s κελεύω@vpaanms ὅταν@cs πλησιάζω@vspa3p ὀρθός@anamp- ἐπί@p ὁ@dgnp κατάστρωμα@ngnpc ἵστημι@vnra-- ὁ@dgns πλείων@ananp- ὁ@dafs ὄψις@nafsc ἐμποιέω@vnpa-- ὁ@ddmp πολέμιος@andmp- ὁ@dnms μέν@b δή@b ὅδε@rpanp πράσσω@viia3s ὁ@dnms δέ@cs μαγκῖνος@nnmsp ἅμα@p ἠώς@ndfsc ὁ@dgmp καρχηδόνιος@ngmpp αὐτός@rpdms πανταχόθεν@b ἐπιπίπτω@vppagmp πεντακόσιοι@anamp- μέν@b ὅς@rpamp μόνος@anamp- ἔχω@viia3s ἔνοπλος@anamp- περιίστημι@viaa3s ὁ@ddmp γυμνός@andmp- τρισχίλιοι@andmp- εἰμί@vppadmp τιτρώσκω@vppenms δέ@cs διά@p ἐκεῖνος@rpgmp καί@cs συνωθέω@vppenms ἐπί@p ὁ@dans τεῖχος@nansc ἤδη@b κατακρημνίζω@viie3s καί@cs ὁ@dnfp ναῦς@nnfpc ὁράω@viap3p ὁ@dnfp ὁ@dgms σκίπιωνος@ngmsp ῥόθιος@ndnsc τε@b φοβερός@andns- καταπλέω@vppanfp καί@cs μεστός@nnfpc πανταχόθεν@b ὁπλίτης@ngmpc ἐφίστημι@vpragmp καρχηδόνιος@ndmpp μέν@b αἰσθάνομαι@vpredmp διά@p ὁ@dgmp αἰχμάλωτος@angfp- οὐ@b ἀνέλπιστος@annmp- ῥωμαῖος@ndmpp δέ@cs ἀγνοέω@vppadmp ἀδόκητος@anafs- σωτηρία@nafsc φέρω@vppanfp μικρός@anans- γάρ@b ὑποχωρέω@vpaagmp ὁ@dgmp καρχηδόνιος@ngmpp ὁ@dnms σκιπίων@nnmsp ὁ@damp κινδυνεύω@vppaamp εἰς@p αὐτός@rpafp ἀναλαμβάνω@viaa3s καί@b μαγκῖνος@namsp μέν@b εἰς@p ῥώμη@nafsp αὐτίκα@b πέμπω@viaa3s καί@b γάρ@b ἥκω@viia3s αὐτός@rpdms σερρανὸς@nnmsp ἐπί@p ὁ@dafs ναυαρχία@nafsc διάδοχος@nnmsc αὐτός@rpnms δέ@cs οὐ@b μακράν@b ὁ@dgfs καρχηδών@ngfsp στρατοπεδεύω@viia3s ὁ@dnmp δέ@b καρχηδόνιος@nnmpp ὁ@dgnp τεῖχος@ngnpc εἰς@p πέντε@an---- στάδιον@nampc προέρχομαι@vpaanmp ἀντάγω@viaa3p αὐτός@rpdms χάραξ@namsc καί@cs αὐτός@rpdmp εἰς@p ὅδε@anams- ὁ@dams χάραξ@namsc ἀφικνέομαι@viam3p ἀσδρούβας@nnmsp τε@b ὁ@dnms ὁ@dgfs χώρα@ngfsc στρατηγός@nnmsc καί@cs βιθύας@nnmsp ὁ@dnms ἵππαρχος@nnmsc ἑξακισχίλιοι@anamp- πεζός@anamp- ἄγω@vppanmp καί@cs ἱππεύς@nampc εἰς@p χίλιοι@anamp- χρόνος@ndmsc καί@cs μελέτη@ndfsc γυμνάζω@vpreamp"
"Pun._17.115","ὁ@dnms δέ@b σκιπίων@nnmsp οὐδείς@rpans εὔκοσμος@anans- ἐν@p ὁ@ddmp στρατιώτης@ndmpc ὁράω@vppanms οὐ@b δέ@cs τάσσω@vpreans ἀλλά@cs εἰς@p ἀργία@nafsc καί@cs πλεονεξία@nafsc καί@cs ἁρπαγή@nafpc ὑπό@p ὁ@dgms πίσων@ngmsp ἐγχειρίζω@vpreamp ἄλλος@b τε@b πλῆθος@nansc αὐτός@rpdmp σύνειμι@vppaamp ἀγοραῖος@anans- ὅς@rpnmp ὁ@dgfs λεία@ngfsc χάρις@p ἕπομαι@vppenmp ὁ@ddmp θρασύς@andmpc συνεκτρέχω@viia3p ἐπί@p ὁ@dafp ἁρπαγή@nafpc ἄνευ@p παράγγελμα@ngnsc εἶμι@vipa3p ὁ@dgms νόμος@ngmsc λιποστράτιος@nansc ἐν@p ὁ@ddmp πόλεμος@ndmpc ἡγέομαι@vppmgms ὁ@dams ἀποχωρέω@vpaaams πρόσω@b σάλπιγξ@ngfsc ἀκοή@ngfsc ὅσος@ananp- τε@b πταίω@voaa3p οὗτος@rpnmp πᾶς@ananp- εἰς@p ὁ@dams στρατηγός@namsc ἀναφέρω@vppeanp καί@cs ὅσος@annnp- διαρπάζω@voaa3p ἕτερος@angfs- ἔρις@ngfsc αὐτός@rpdmp καί@cs κακός@angfp- γίγνομαι@vppennp ἀρχή@nafpc πολύς@annmp- γάρ@b καί@b σύσκηνος@vppanms καταφρονέω@viia3p διά@p ὁ@danp κέρδος@nanpc καί@cs εἰς@p ἄνομος@anafp- πληγή@nafpc καί@b τραῦμα@nanpc καί@cs ἀνδροφονία@nafpc χωρέω@viia3p ὅς@rpgnp αἰσθάνομαι@vpamnms ὁ@dnms σκιπίων@nnmsp καί@cs ἐλπίζω@vppanms οὔποτε@b κρατέω@vnfa-- ὁ@dgmp πολέμιος@ngmpc εἰ@cs μή@b ὁ@dgmp ἴδιος@angmp- κρατέω@voaa3s συνάγω@viaa3s εἰς@p ἐκκλησία@nafsc αὐτός@rpamp καί@cs ἐπί@p βῆμα@nansc ὑψηλός@anans- ἀναβαίνω@vpaanms ἐπιπλήσσω@viaa3s ὧδε@b"
"Pun._17.116","ἐγώ@rpnms μετά@p σύ@rpgmp ὦ@i ἀνήρ@nvmpc ὑπό@p μανίλιος@ndmsp στρατηγός@ndmsc τάσσω@vppenms ὁ@dgfs εὐπείθεια@ngfsc ἐν@p σύ@rpdmp μάρτυς@nafsc δίδωμι@viaa1s πεῖρα@nafsc ὅς@rpafs νῦν@b σύ@rpamp αἰτέω@vipa1s στρατηγός@vppanms κολάζω@vnaa-- μέν@b εἰς@p ἔσχατος@anafs- ἔχω@vppanms ἐξουσία@nafsc ὁ@damp ἀπειθέω@vppaamp ὠφέλιμος@anams- δέ@cs ἡγέομαι@vppmnms προαγορεύω@vnaa-- οἶδα@vmra2p δέ@b ὅς@rpanp πράσσω@vipa2p καί@cs τίς@rpans ἐγώ@rpams δεῖ@vipa3s λέγω3@vnpa-- ὅς@rpanp αἰσχύνω@vipe1s λῃστεύω@vipa2p μᾶλλον@b ἤ1@cs πολεμέω@vipa2p καί@b διαδιδράσκω@vmpa2p οὐ@b στρατοπεδεύω@vmpa2p καί@b πανηγυρίζω@vipa3p ὑπό@p ὁ@dgnp κέρδος@ngnpc οὐ@b πολιορκέω@vipa3p ἔοικα@b καί@b τρυφάω@vnpa-- ἐθέλω@vmpa2p πολεμέω@vppanmp ἔτι@b οὐ@b νικάω@vpranmp τοιγάρ@b ὁ@dnnp ὁ@dgmp πολέμιος@angmp- ἐκ@p ἄελπτος@angns- καί@cs βραχύς@angns- ὅς@rpgns καταλιμπάνω@viaa3p εἰς@p τοσοῦτος@rpans ἐπαίρω@vire3s δύναμις@ngfsc καί@cs ἐγώ@rpdcp ὁ@dnms πόνος@nnmsc ἐκ@p ὅδε@angfs- ὁ@dgfs ῥᾳστώνη@ngfsc γίγνομαι@vira3s χαλεπός@annmsc ὁ@dafp δέ@b αἰτία@nafpc εἰ@cs μέν@b ἐν@p σύ@rpdmp εἰμί@vppaafp ὁράω@viia1s εὐθύς2@b ἄν@b κολάζω@viia3p ἐπεί@cs δέ@b ἀνατίθημι@vipa1s ἕτερος@andms- νῦν@b μέν@b σύ@rpamp ἀφίημι@vipa1s ὁ@dgmp μέχρι@p νῦν@b γίγνομαι@vpragnp ἥκω@vipa1s δέ@b οὐ@b λῃστεύω@vpfanms ἐγώ@rpnms ἀλλά@cs νικάω@vpfanms οὐ@b δέ@cs χρηματίζω@vppenms πρό@p ὁ@dgfs νίκη@ngfsc ἀλλά@cs ὁ@damp ἐχθρός@nampc πρῶτος@anans- ἐξεργάζομαι@vpfmnms ἄπειμι2@vipa2p πᾶς@annmp- ἐκ@p ὁ@dgns στρατόπεδον@ngnsc σήμερον@b ὅσος@annmp- μή@b στρατεύω@vipe2p χωρίς@p ὁ@dgnp ἐπιτρέπω@vpfpgnp ὑπό@p ἐγώ@rpgms μένω@vnpa-- ὁ@ddmp δέ@b ἔξειμι@vppadmp οὐ@b δέ@b ἐπανέρχομαι@vnaa-- δίδωμι@vipa1s πλήν@p εἰ@cs τις@rpnms ἀγορά@nafsc φέρω@vopa3s καί@cs οὗτος@rpafs στρατιωτικός@anafs- τε@b καί@cs ψιλός@anafs- εἰμί@vifm3s δέ@b καί@b οὗτος@rpdnp χρόνος@nnmsc ὁρίζω@vppenms ἐν@p ὅς@rpdms ὁ@dnnp εἰμί@vppannp διατίθημι@vifm3p καί@cs ὁ@dgfs κτῆσις@ngfsc αὐτός@rpgnp ἐγώ@rpnms καί@cs ὁ@dnms ταμίας@nnmsc ἐπιμελέομαι@vifm1p καί@b ὅδε@rpnnp μέν@b ἐρῶ@vmpe3s ὁ@ddmp περισσός@andmp- σύ@rpdmp δέ@b ὁ@ddmp στρατεύω@vpredmp εἷς@ εἰμί@vmpa3s παράγγελμα@nnnsc κοινός@annns- ἐπί@p πᾶς@andnp- ἔργον@ndnpc ὁ@dnms ἐμός@annms- τρόπος@nnmsc καί@cs πόνος@nnmsc πρός@p γάρ@b ὅδε@rpans κατευθύνω@vppanmp ἑαυτοῦ@rpamp οὐ@b τε@b προθυμία@ngfsc ἁμαρτάνω@vifm2p οὐ@b τε@cs χάρις@ngfsc ἀτυχέω@vifa2p χρή@vipa3s δέ@b νῦν@b μέν@b πονέω@vnpa-- ἐν@p ὅς@rpdns κινδυνεύω@vipa1p ὁ@danp δέ@cs κέρδος@nanpc καί@cs ὁ@dafs τρυφή@nafsc εἰς@p ὁ@dams πρέπω@vppaams καιρός@namsc ἀνατίθημι@vnae-- οὗτος@rpanp ἐγώ@rpnms προστάσσω@vipa1s καί@cs ὁ@dnms νόμος@nnmsc καί@cs ὁ@ddmp μέν@b εὐπειθής@b ἔχω@vppadmp φέρω@vifa3s πολύς@anafs- ἀγαθός@angnp- ἀμοιβή@nafsc ὁ@ddmp δέ@cs ἀπειθέω@vppadmp μετάνοια@nafsc"
"Pun._18.117","ὁ@dnms μέν@b δή@b σκιπίων@nnmsp οὗτος@rpanp εἶπον@viaa3s καί@cs εὐθύς2@b ἀπελαύνω@viaa3s ὁ@dnns πλῆθος@nansc ἀνήρ@ngmpc ἀχρεῖος@angmp- καί@cs σύν@p αὐτός@rpdmp ὅσος@annnp- περισσός@annnp- καί@b μάταιος@annnp- καί@cs τρυφερός@annnp- εἰμί@viia3s καθαρός@angms- δέ@b ὁ@dgms στρατός@ngmsc γίγνομαι@vpamgms καί@cs περιδεής@vppagms καί@b εἰς@p ὁ@danp παραγγέλλω@vppeanp ὀξύς@angms- ἀποπειράζω@viia3s ὁ@dgmp καλέω@vppegmp μέγαρον@ngnpp νύξ@ngfsc εἷς@angfs- διχή@ndfsc λανθάνω@vppanms χωρίον@nnnsc δέ@b εἰμί@vipa3s εὐμεγέθης@annns- ἐν@p ὁ@ddfs πόλις@ndfsc ὁ@dnnp μέγαρον@nnnpp ὁ@ddns τεῖχος@ndnsc παράκειμαι@vprenns εἰς@p ὅς@rpans ὁ@rpdfs μέν@x ἕτερος@anamp- περιπέμπω@viia3s ὁ@rpdfs δέ@x αὐτός@rpnms σύν@p πέλεκυς@ndfpc καί@b κλῖμαξ@ndfpc καί@cs μοχλός@ndmpc βαδίζω@viia3s σταδιους@nampc εἴκοσι@ ἀψοφητί@b μετά@p σιγή@ngfsc βαθύς@nnmsc αἴσθησις@ngfsc δέ@b ἄνωθεν@b ὅτε@cs μάλιστα@b πλησιάζω@viia3s καί@cs βοή@ngfsc ἀπό@p ὁ@dgnp τεῖχος@ngnpc γίγνομαι@vpamgfs ἀντιβοάω@viaa3s αὐτός@rpnms τε@b πρῶτος@annms- καί@b ὁ@dnms στρατός@nnmsc αὐτός@rpgms καί@cs ὁ@dnmp ἐπί@p ἕτερος@ananp- ἀποστέλλω@vprenmp μέγας@ananss ὡς@cs ὅδε@rpdns πρῶτος@andns- ὁ@damp καρχηδόνιος@nampp καταπλάσσω@vnap-- τοσοῦτος@angmp- ἐχθρός@ngmpc ἐν@p πλευρά@ndfpc ἄφνω@b νύξ@ngfsc ἐπιγίγνομαι@vpamgmp κατά@p μέν@b οὖν@b ὁ@dans τεῖχος@nansc οὐδείς@anans- καίπερ@b ἐπιχειρέω@vppanms ἀνύω@viia3s εἰς@p δέ@cs τις@angms- ἰδιώτης@ngmsc πύργος@namsc ἐρῆμος@anams- ἐκτός@p εἰμί@vppaams ὁ@dgns τεῖχος@ngnsc καί@cs ὁ@dans ὕψος@nansc ἴσος@anans- εἰμί@vppaams ὁ@ddns τεῖχος@ndnsc νεανίης@nnmsc ἀναβιβάζω@viaa3s εὔτόλμος@anamp- ὅς@rpnmp ὁ@damp ἐπί@p ὁ@dgnp τεῖχος@ngnpc ἀκόντιον@andmp- ἀναστέλλω@viaa3p ξύλον@nanpc τε@b καί@cs σανίς@nafpc εἰς@p ὁ@dans διάστημα@nansc ἐπιτίθημι@vpaanmp καί@cs διά@p αὐτός@rpgmp εἰς@p ὁ@danp τεῖχος@nanpc διατρέχω@vpaanmp καθήκω@viam3p εἰς@p ὁ@danp μέγαρον@nanpp καί@cs πυλίς@nafsc κόπτω@vpaanmp δέχομαι@viie3p ὁ@dams σκιπίων@namsp ὁ@dnms δέ@b εἰσέρχομαι@viaa3s μέν@b σύν@p ἀνήρ@ndmpc τετρακισχίλιοι@andmp- καί@cs φυγή@nnfsc ταχύς@annfs- ὁ@dgmp καρχηδόνιος@ngmpp εἰς@p ὁ@dafs βύρσα@nafsp εἰμί@viia3s ὡς@b ὁ@dgfs ἄλλος@angfs- πόλις@ngfsc ἁλίσκομαι@vpaagfs βοή@nnfsc τε@b γίγνομαι@viie3s ποικίλος@annfs- καί@cs τις@rpgmp αἰχμαλωσία@nnfsc καί@cs θόρυβος@nnmsc ὡς@cs καί@b ὁ@damp ἔξω@b στρατοπεδεύω@vppaamp ἐκλείπω@vnaa-- ὁ@dans χαράκωμα@nansc καί@cs εἰς@p ὁ@dafs βύρσα@nafsp ὁμοῦ@b ὁ@ddmp ἄλλος@rpdmp ἀνατρέχω@vnaa-- ὁ@dnms δέ@b σκιπίων@nnmsp ὁ@dans γάρ@b χωρίον@nansc ὁ@danp μέγαρον@nanpp ἐπινοέω@viie3s καί@cs φυτόν@ngnpc ὡραῖος@angnp- γέμω@vnpa-- αἱμασιά@andfp- τε@b καί@b θριγκός@ndfpc βάτος@ngfsc καί@cs ἄλλος@rpgfs ἄκανθα@ngfsc καί@cs ὀχετός@andnp- βαθύς@angns- ὕδωρ@ngnsc ποικίλος@andnp- τε@b καί@cs σκολιός@andnp- κατάπλεος@annms- εἰμί@viia3s δείδω@viaa3s μή@cs ἄβατος@annns- καί@cs δυσχερής@annns- εἰμί@vspa3s στρ@ndmsc ατός@ndmsc διώκω@vppadms ἐν@p ἀγνωσία@ndfsc μάλιστα@b δίοδος@ngfpc καί@cs τις@rpnms ἐν@p νύξ@ndfsc ἐνέδρα@nnfsc γίγνομαι@voam3s ἀναζεύγνυμι@vmpa2s δή@b"
"Pun._18.118","καί@b γίγνομαι@vpamgfs ἡμέρα@ngfsc ὁ@dnms ἀσδρούβας@nnmsp χαλεπός@b ἔχω@vppanms ὁ@dgfs εἰς@p ὁ@danp μέγαρον@nanpp ἐπιχείρησις@ngfsc ὅσος@ananp- ῥωμαῖος@ngmpp ἔχω@viia3s αἰχμάλωτος@ananp- ἐπί@p ὁ@dans τεῖχος@nansc ἄγω@vpaanms ὅθεν@b εὐσύνοπτος@annnp- ῥωμαῖος@ndmpp μέλλω@viia3s ὁ@dnnp δράω@vppennp εἰμί@vnfm-- ὁ@dgmp μέν@b ὀφθαλμός@nampc ἤ1@b γλῶσσα@nafpc ἤ1@b νεῦρον@nanpc ἤ1@cs αἰδοῖον@ananp- σιδήριον@andnp- ἐξέλκω@viia3s καμπύλος@ndnpc ὁ@dgmp δέ@cs ὑποτέμνω@viia3s ὁ@danp πέλμα@nanpc καί@cs ὁ@damp δάκτυλος@nampc ἐκκόπτω@viia3s ἤ1@b ὁ@dans δέρμα@nansc ὁ@dgns λοιπός@angns- σῶμα@ngnsc ἀποσπάω@viia3s καί@cs πᾶς@anamp- ἔμπνους@anamp- ἔτι@b κατακρημνίζω@viia3s ἀδιάλλακτος@ananp- ὁ@ddmp καρχηδόνιος@ndmpp ὁ@danp εἰς@p ῥωμαῖος@nampp ἐπινοέω@vppanms καί@b ὁ@dnms μέν@b αὐτός@rpamp οὕτως@b ἐρεθίζω@viia3s ὁ@dafs σωτηρία@nafsc ἔχω@vnpa-- ἐν@p μόνος@andfs- ὁ@ddfs μάχη@ndfsc περιίστημι@viaa3s δέ@cs αὐτός@rpdms εἰς@p ὁ@dans ἐναντίον@anans- ὅς@rpgnp ἐπινοέω@viia3s ὑπό@p γάρ@b σύνοιδα@vpragns ὁ@dnmp καρχηδόνιος@nnmpp ὅδε@angnp- ὁ@dgnp ἀθέμιστος@angnp- ἔργον@ngnpc περιδεής@annmp- ἀντί@p πρόθυμος@angmp- γίγνομαι@viie3p καί@cs ὁ@dams ἀσδρούβας@namsp ὡς@b καί@b ὁ@dafs συγγνώμη@nafsc σφεῖς@rpgmp ἀφαιρέω@vpreams μισέω@viia3p καί@b μάλα@b ὁ@dnfs βουλή@nnfsc αὐτός@rpgms καταβοάω@viia3s ὡς@b ὠμός@ananp- καί@cs ὑπερήφανος@ananp- δράω@vpragms ἐν@p συμφορά@ndfpc οἰκεῖος@andfp- τοσόσδε@andfp- ὁ@dnms δέ@b καί@b ὁ@dgmp βουλευτής@ngmpc τις@rpamp ἐκτείνω@viaa3s συλλαμβάνω@vppanms καί@cs εἰς@p πᾶς@ananp- εἰμί@rpgnp ἤδη@b περιδεής@annms- εἰς@p τυραννίς@nafsc μᾶλλον@b ἤ1@cs στρατηγία@nafsc περιέρχομαι@viaa3s ὡς@b ἐν@p ὅδε@andns- μόνος@andns- ὁ@dans ἀσφαλής@anans- ἔχω@vpfanms εἰ@cs φοβερός@annms- αὐτός@rpdmp εἰμί@vopa3s καί@cs διά@p αὐτός@rpans καί@b δυσεπιχείρητος@annms-"
"Pun._18.119","ὁ@dnms δέ@b σκιπίων@nnmsp ὁ@dams μέν@b χάραξ@namsc ὁ@dgmp ἐχθρός@ngmpc ὅς@rpams ὁ@ddfs πρότερος@andfs- καταλείπω@vila3p εἰς@p ὁ@dans ἄστυ@nvnsc φεύγω@vppanmp ἐμπίμπρημι@viaa3s ὅλος@angms- δέ@cs ὁ@dgms ἰσθμός@ngmsc κρατέω@vppanms διαταφρεύω@viia3s αὐτός@rpams ἐκ@p θάλασσα@ngfsc ἐπί@p θάλασσα@nafsc ἀπέχω@vppanms ὁ@dgmp πολέμιος@ngmpc ὅσος@anans- ὁρμή@nafsc βέλος@ngnsc ὁ@dnmp δέ@b ἐπίκειμαι@viie3p καί@cs εἰμί@viia3s αὐτός@rpdms ἔργον@nnnsc ἐπί@p στάδιον@nampc ὁ@dgns μέτωπον@ngnsc πέντε@an---- καί@cs εἴκοσι@an---- ἐργάζομαι@vppedms τε@b ὁμοῦ@b καί@cs μάχομαι@vppedms ὡς@cs δέ@b αὐτός@rpdms οὗτος@rpnns ἐκτελέω@vile3s ἕτερος@anafs- ὀρύσσω@viia3s τάφρος@nafsc ἴσος@anafs- οὐ@b πολύς@anans- ὁ@dgfs πρότερος@angfs- διέχω@vpaanms εἰς@p ὁ@dafs ἤπειρος@nafsc ἀφοράω@vppaafs δύο@an---- τε@b ἐπικάρσιος@nafpc αὐτός@rpdfp ἕτερος@anafp- περιτίθημι@vpaanms ὡς@cs γίγνομαι@vnam-- ὁ@dans ὅλος@anans- ὄρυγμα@nansc τετράγωνος@anans- σταυρόω@viaa3s πᾶς@ananp- ξύλον@ndnpc ὀξύς@andnp- καί@b ἐπί@p ὁ@ddmp σταυρός@ndmpc ὁ@dafp μέν@b ἄλλος@anafp- τάφρος@nafpc χαρακόω@viaa3s ὁ@ddfs δέ@cs εἰς@p ὁ@dafs καρχηδών@nafsp ὁράω@ndfsc καί@b τεῖχος@nansc παρακολλάω@viaa3s ἐπί@p ὁ@damp πέντε@an---- καί@cs εἴκοσι@an---- στάδιον@nampc ὕψος@nansc μέν@b δυώδεκα@an---- πούς@ngmpc χωρίς@p ἔπαλξις@ngfpc τε@b καί@cs πύργος@ngmpc ὅς@rpnmp ἐκ@p διάστημα@ngnsc ἐπίκειμαι@viie3p ὁ@ddns τεῖχος@ndnsc ὁ@dans δέ@cs βάθος@nansc ἐπί@p ἥμισυς@anans- μάλιστα@b ὁ@dgns ὕψος@ngnsc ὁ@dnms δέ@b ἐν@p μέσος@andns- πύργος@nnmsc ὑψηλός@annmss τε@b εἰμί@viia3s καί@cs ἐπί@p αὐτός@rpgms ξύλινος@annms- ἐπίκειμαι@viie3s τετρώροφος@annms- ὅθεν@b καθοράω@viia3s ὁ@danp γίγνομαι@vppeanp ἐν@p ὁ@ddfs πόλις@ndfsc οὗτος@rpanp δέ@b ἡμέρα@ndfpc εἴκοσι@an---- καί@cs νύξ@ndfpc ἐργάζομαι@vpaenms ὅλος@andms- ὁ@ddms στρατός@ndmsc πονέω@vppadms καί@b παραλλάξ@b ἐργάζομαι@vppedms τε@b καί@b πολεμέω@vppadms καί@cs σῖτος@namsc ἤ1@cs ὕπνος@namsc αἱρέω@vppedms ὁ@dafs στρατιά@nafsc εἰσάγω@viaa3s εἰς@p ὅδε@anans- ὁ@dans χαράκωμα@nansc"
"Pun._18.120","καί@b εἰμί@viia3s αὐτός@rpdms οὗτος@annns- στρατόπεδον@nnnsc τε@b ὁμοῦ@b καί@cs κατά@p ὁ@dgmp ἐχθρός@ngmpc ἐπιτείχισμα@nnnsc ἐπιμήκης@annns- ὅθεν@b ὁρμαίνω@vpamnms ὁ@dafs ἀγορά@nafsc ἀφαιρέω@viie3s καρχηδόνιος@nampp ὅσος@annfs- κατά@p γῆ@nafsc αὐτός@rpdmp φέρω@viie3s ὅτι@cs γάρ@b μή@b ὅδε@andms- ὁ@ddms αὐχήν@ndmsc μόνος@ndmsc ὁ@danp λοιπός@ananp- ὁ@dnfs καρχηδών@nnfsp περίκλυστος@annfs- εἰμί@viia3s καί@b οὗτος@rpnns πρῶτος@anans- αὐτός@rpdmp καί@b μάλιστα@b γίγνομαι@viie3s λιμός@ngmsc καί@cs κακός@ngfpc αἴτιος@annns- ἅτε@b γάρ@b ὁ@dgns πλῆθος@ngnsc πᾶς@angns- ἐκ@p ὁ@dgmp ἀγρός@ngmpc εἰς@p ὁ@dafs πόλις@nafsc ἀνοικίζω@vpamgns οὐ@b τε@b πρόειμι2@vppanmp ποι@b διά@p ὁ@dafs πολιορκία@nafsc οὐ@b τε@cs ξένος@ngmpc ἔμπορος@angmp- διά@p ὁ@dams πόλεμος@namsc θαμινός@ananp- ἔπειμι1@vppagmp μόνος@andfs- ὁ@ddfs ὁ@dgfs λιβύη@ngfsp ἀγορά@ndfsc χράομαι@vppenmp μικρός@ananp- μέν@b ποτέ@b καί@b διά@p θάλασσα@ngfsc ὅτε@cs ὡραῖος@annns- εἰμί@vopa3s ὁ@danp πλείων@ananp- δέ@cs κατά@p ὁ@dafs γῆ@nafsc ἐπιπέμπω@viie3p ἀφαιρέω@vprenmp δέ@cs τότε@b ὁ@dafs ἐκ@p ὁ@dgfs γῆ@ngfsc κομιδή@nafsc ἐπίπονος@b αἰσθάνομαι@viam3p ὁ@dgms λιμός@ngmsc βιθύας@nnmsp δέ@b ὅς@rpnms ἵππαρχος@nnmsc εἰμί@viia3s αὐτός@rpdmp καί@cs ἐπιπέμπω@vile3s ἐπί@p σῖτος@namsc ἐκ@p πολύς@angns- προσέρχομαι@vnaa-- μέν@b ἤ1@cs βιάζω@vnam-- ὁ@dans χαράκωμα@nansc ὁ@dgms σκίπιωνος@ngmsp οὐ@b τολμάω@viia3s περιφέρω@vppanms δέ@cs ὁ@dafs ἀγορά@nafsc εἰς@p ὁ@danp πρόσω@b διά@p μακρός@angns- ναῦς@ndfpc εἰσπέμπω@viia3s ἐφορμάω@vppagfp μέν@b ὁ@ddfs καρχηδών@ndfsp ναῦς@ngfpc ὁ@dgms σκίπιωνος@ngmsp ἀλλά@b οὐ@b τε@b διηνεκής@b οὐ@b τε@cs πυκνός@annfp- συνειστήκω@vila3p ὡς@b ἐν@p ἀλίμενος@andns- καί@cs περίκρημνος@andfs- θάλασσα@ndfsc παρά@p τε@cs ὁ@dafs πόλις@nafsc αὐτός@anafs- οὐ@b δύναμαι@viie3p ἀνακωχεύω@vnpa-- ὁ@dgmp καρχηδόνιος@ngmpp ὁ@ddnp τεῖχος@ndnpc ἐφίστημι@vpragmp καί@cs ὁ@dgns κῦμα@ngnsc ἐκεῖ@b μάλιστα@b διά@p ὁ@dafp πέτρα@nafpc ταράσσω@vpfmgnp ὅθεν@b ὁ@dnfp φορτίς@nnfpc ὁ@dnfp βιθύας@ngmsp καί@b εἰ@cs τις@rpnms ἄλλος@annms- ἔμπορος@annms- ὑπό@p κέρδος@ngnsc ἐθελοκίνδυνος@b ἐπείγω@viie3s φυλάσσω@vppanmp ἄνεμος@namsc ἐκ@p πόντος@ngmsc πολύς@anams- πετάννυμι@vpredmp ὁ@ddnp ἱστίον@ndnpc διαθέω@viia3p ἀδύνατος@angfp- εἰμί@vppagfp ἔτι@b ὁ@dgfp τριήρης@ngfpc ὁλκάς@nafpc φέρω@vppeafp ἱστίον@ndnsc καί@cs πνεῦμα@ndnsc διώκω@vnpa-- σπάνιος@b μέν@b οὖν@b γίγνομαι@viie3s καί@b μόνος@anans- ὅτε@cs βίαιος@annns- εἰμί@vopa3s πνεῦμα@nnnsc ἐκ@p πόντος@ngmsc καί@b οὗτος@rpanp δέ@b ὅσος@ananp- φέρω@vopa3p ὁ@dnfp ναῦς@nnfpc ἀσδρούβας@nnmsp τρισμύριοι@andmp- ἀνήρ@ndmpc μόνος@andmp- διανέμω@viaa3s ὅς@rpamp εἰς@p μάχη@nafsc ἐπείλομαι@vile3s καί@cs ὁ@dgns ἄλλος@angns- πλῆθος@ngnsc καταφρονέω@viia3s ὅθεν@b μοχθέω@viia3p μάλιστα@b ὑπό@p ὁ@dgms λιμός@ngmsc"
"Pun._18.121","καί@b ὁ@dnms σκιπίων@nnmsp αἰσθάνομαι@vppmnms ἐπινοέω@viia3s ὁ@dams ἔσπλοος@namsc αὐτός@rpdmp ὁ@dgms λιμήν@ngmsc εἰς@p δύσις@nafsc τε@b ἀφοράω@vppaams καί@cs οὐ@b πάνυ@b πρόσω@b ὁ@dgfs γῆ@ngfsc εἰμί@vppaams ἀποκλείω@vnaa-- χῶμα@nansc οὖν@b εἰς@p ὁ@dafs θάλασσα@nafsc ἔχω@viia3s μακρός@anans- ἄρχω@vppenms μέν@b ἀπό@p ὁ@dgfs ταινία@ngfsc ὅς@rpnfs μεταξύ@p ὁ@dgfs λίμνη@ngfsc εἰμί@vppanfs καί@cs ὁ@dgfs θάλασσα@ngfsc γλῶσσα@nnfsc καλέω@viie3s προέρχομαι@vppanms δέ@b εἰς@p ὁ@dans πέλαγος@nansc καί@cs εὐθύνω@vppanms ἐπί@p ὁ@dams ἔσπλοος@namsc ἔχω@vmpe2s δέ@b λίθος@ndmpc μέγας@andmp- τε@b καί@cs πυκνός@andmp- ἵνα@cs μή@b ὑπό@p ὁ@dgms κλύδων@ngmsc διαφέρω@vope3p καί@b πλάτος@nnnsc ὁ@dgns χῶμα@ngnsc ὁ@dnns μέν@b ἄνω@b τέσσαρες@angmp- καί@cs εἴκοσι@an---- πούς@ngmpc ὁ@dnns δέ@cs εἰς@p ὁ@dams βυθός@namsc καί@cs τετραπλάσιος@annns- εἰμί@viia3s ὁ@ddmp δέ@b καρχηδόνιος@ndmpp ἄρχω@vppegns μέν@b ὅδε@angns- ὁ@dgns ἔργον@ngnsc καταφρόνησις@nnfsc εἰμί@viia3s ὡς@b χρόνιος@angns- τε@b καί@b μακρός@angns- καί@cs ἴσως@b ἀδύνατος@angns- πρόειμι1@vppagms δέ@b σύν@p ἔπειξις@ndfsc τοσόσδε@angms- στρατός@ngmsc μή@b τε@cs ἡμέρα@nafsc ἐκλείπω@vppagms ἐπί@p ὁ@ddnp ἔργον@ndnpc μή@b τε@cs νύξ@nafsc δείδω@viaa3p καί@cs στόμα@nansc ἕτερος@anans- ἐπί@p ἕτερος@ananp- ὁ@dgms λιμήν@ngmsc ὀρύσσω@viia3p εἰς@p μέσος@anans- ὁ@dans πέλαγος@nansc οἷ@rpdns μηδείς@annns- χῶμα@nnnsc προέρχομαι@vnaa-- δύναμαι@viie3s ὑπό@p βάθος@ngnsc τε@b καί@cs πνεῦμα@ngnpc ἄγριος@angnpc διορύσσω@viia3p δέ@x ἅμα@p γυνή@ndfpc καί@cs παῖς@ndmpc ἔνδοθεν@b ἄρχω@vppenmp καί@cs πάνυ@b λανθάνω@vppanmp ἅμα@b δέ@b καί@b ναῦς@nafpc ἐκ@p ὕλη@ngfsc παλαιός@angfs- ἐναυπήγω@viia3p πεντηρίς@annfp- τε@b καί@cs τριήρης@nnfpc οὐδείς@rpans ὑπολείπω@vppanmp εὐψυχία@ngfsc τε@b καί@cs τόλμα@ngfsc οὕτως@b δέ@b ἅπας@annnp- ἀποκρύπτω@viia3p ὡς@cs μη@b δέ@b ὁ@damp αἰχμάλωτος@anamp- ἔχω@vnpa-- τις@rpans ὁ@ddms σκιπίων@ndmsp σαφής@anans- εἶπον@vnaa-- ἀλλά@cs κτύπος@namsc μέν@b ἐν@p ὁ@ddmp λιμήν@ndmpc ἡμέρα@ngfsc τε@b καί@cs νύξ@ngfsc εἰμί@vnpa-- πολύς@anams- ἄπαυστος@b ὁ@dafs δέ@cs χρεία@nafsc οὐ@b οἶδα@vnra-- μέχρι@cs γε@b δή@b πᾶς@angmp- ἑτοῖμος@angmp- γίγνομαι@vpamgmp ὁ@dnmp καρχηδόνιος@nnmpp ὁ@dans στόμα@nansc ἀνοίγνυμι@viaa3p περί@p ἠώς@nafsc καί@cs ναῦς@ndfpc πεντήκοντα@an---- μέν@b τριηρτικός@andfp- κέρκουρος@andfp- δέ@b καί@b μυοπάρωσις@ndfpc καί@cs ἄλλος@rpdmp βραχύς@andmp- πολύς@andmp- ἐκπλέω@viia3p εἰς@p κατάπληξις@nafsc σκευάζω@vprenmp φοβερός@b"
"Pun._18.122","ῥωμαῖος@nampp δέ@b ὁ@dnns τε@b στόμα@nnnsc ἄφνω@annns- γίγνομαι@vpamnns καί@cs ὁ@dnms στόλος@nnmsc ἐπί@p ὁ@ddns στόμα@ndnsc εἰς@p τοσόσδε@rpans καταπλήσσω@viaa3s ὡς@cs ὁ@damp καρχηδόνιος@nampp εἰ@cs αὐτίκα@b ὁ@ddfp ναῦς@ndfpc ὁ@ddfp ῥωμαῖος@ngmpp ἐπιτίθημι@viam3p ἀμελέω@vpredfp τε@b ὡς@b ἐν@p τειχομαχία@ndfsc καί@cs οὐδείς@angms- ναύτης@ngmsc πάρειμι1@vppagms οὐ@b δέ@cs ἐρέτης@ngmsc ὅλος@angns- ἄν@b ὁ@dgns ναύσταθμον@ngnsc κρατέω@vnaa-- νῦν@b οὖν@b ἁλίσκομαι@vnaa-- γάρ@b δεῖ@viia3s καρχηδών@nafsp τότε@b μέν@b εἰς@p μόνος@anafs- ἐπίδειξις@nafsc ἐπιπλέω@viaa3p καί@cs σοβαρός@b ἐπιτωθάζω@vpaanmp ἀναστρέφω@viia3p τρίτος@andfs- δέ@cs ἡμέρα@ndfsc μετά@p οὗτος@rpans εἰς@p ναυμαχία@nafsc καθίστημι@viie3p καί@b ὁ@dnmp ῥωμαῖος@nnmpp ὁ@dafp τε@b ναῦς@nafpc καί@cs ὁ@danp ἄλλος@rpanp εὐτρεπίζω@vpaenmp ἀντανάγω@viie3p βοή@ngfsc δέ@b καί@b παρακελεύσησις@ngfsc ἑκατέρωθεν@b γίγνομαι@vpamgfs καί@cs προθυμία@ngfsc ἐρέτης@ngmpc τε@b καί@b κυβερνήτης@ngmpc καί@cs ὁ@dgmp ἐπιβάτης@ngmpc ὡς@b ἐν@p ὅδε@rpdns λοιπός@andns- καρχηδόνιος@ndmpp μέν@b ὁ@dgfs σωτηρία@ngfsc εἰμί@vppagfs ῥωμαῖος@ndmpp δέ@cs ὁ@dgfs νίκη@ngfsc ἐντελής@angfs- πληγή@nnfpc τε@b πολύς@annfp- καί@cs τραῦμα@nnnpc ποικίλος@annnp- γίγνομαι@viie3s παρά@p ἄμφω@angmd- μέχρι@p μέσος@angfs- ἡμέρα@ngfsc ἐν@p δέ@b ὁ@ddms πόνος@ndmsc ὁ@dnnp σκάφος2@nnnpc ὁ@dgmp λίβυον@ngmpp ὁ@dnnp μικρός@annnp- ὁ@ddfp ῥωμαῖος@andfp- ναῦς@ndfpc μέγας@andfp- εἰμί@vppadfp εἰς@p ὁ@damp ταρσός@nampc ὑποτρέχω@vppannp διατμήγω@viia3s πρύμνα@nafpc καί@b ἐκκόπτω@ananp- πηδάλιον@nanpc καί@cs κώπη@nafpc καί@cs ἄλλος@rpanp πολύς@ananp- καί@cs ποικίλος@ananp- λυπέω@viia3s εὐμαρής@b τε@b ὑποφεύγω@vppannp καί@cs εὐμαρής@b ἐπιπλέω@vppannp ἄκριτος@angfs- δέ@b ἔτι@b ὁ@dgfs ναυμαχία@ngfsc εἰμί@vppagfs καί@cs ὁ@dgfs ἡμερα@angfs- εἰς@p δειλός@nafsc τρέπω@vppegfs δοκέω@viaa3s ὁ@ddmp καρχηδόνιος@ndmpp ὑποχωρέω@vnpa-- οὐ@b τις@rpans κατά@p ἧσσα@anansc ἀλλά@cs εἰς@p ὁ@dafs ἔπειμι2@vppaafs ὑπερτίθημι@vppedmp"
"Pun._18.123","καί@b αὐτός@rpgmp ὁ@danp σκάφος2@nanpc ὁ@danp βραχύς@ananpc προφεύγω@viia3s καί@cs ὁ@dams ἔσπλοος@namsc προλαμβάνω@vpaaams εἰς@p ἀλλήλων@rpanp ὠθέω@viie3s ὑπό@p ὁ@dgns πλῆθος@ngnsc καί@cs ὁ@dans στόμα@nansc βύζης@nafsc ἀποκλείω@viia3s ὅθεν@b ὁ@dnfp μέγας@annfpc ἐπάνειμι@vppanfp ὁ@dams ἔσπλοος@namsc ἀφαιρέω@vile3p καί@cs εἰς@p ὁ@dans χῶμα@nansc καταφεύγω@viaa3p ὅς@rpnns πρό@p ὁ@dgns τεῖχος@ngnsc εὐρύχωρος@annns- ἔμπορος@ndmpc εἰς@p διάθεσις@nafsc φορτίον@ngnpc γίγνομαι@vile3s ἐκ@p πολύς@angns- καί@b παρατείχισμα@nansc ἐπί@p αὐτός@rpgms βραχύς@anans- ἐν@p ὅδε@andms- ὁ@ddms πόλεμος@ndmsc ποιέω@vile3s ἵνα@cs μή@b ὡς@b ἐν@p εὐρύχωρος@andns- στρατοπεδεύω@voaa3p ποτέ@b ὁ@dnmp πολέμιος@nnmpc εἰς@p μέν@b δή@b ὅδε@anans- ὁ@dans χῶμα@nansc ὁ@dnfp ναῦς@nnfpc ὁ@dnfp ὁ@dgmp καρχηδόνιος@ngmpp ἀπορία@ndfsc λιμήν@ngmsc καταφεύγω@vpaanfp μετωπηδόν@b ὁρμίζω@viam3p καί@b ὁ@damp ἐχθρός@nampc ἐπιπλέω@vppaamp ὁ@dnmp μέν@b ἀπό@p αὐτός@angfp- ὁ@dgfp ναῦς@ngfpc ὁ@dnmp δέ@b ἀπό@p ὁ@dgns χῶμα@ngnsc ὁ@dnmp δέ@cs ἐκ@p ὁ@dgns διατείχισμα@ngnsc ἀπομάχομαι@viie3p ῥωμαῖος@ndmpp δέ@b ὁ@dnms μέν@b ἐπίπλοος2@nnmsc εἰμί@viia3s ῥᾴδιος@annms- καί@cs ὁ@dnns μάχομαι@vnpe-- ναῦς@ndfpc ἵστημι@vppadfp εὐμαρής@annns- ὁ@dnfp δέ@cs ἀναχώρησις@nnfpc διά@p ἀναστροφή@nafsc ὁ@dgfp ναῦς@ngfpc μακρός@angfp- εἰμί@vppagfp βραδύς@annfp- τε@b καί@cs δυσχερής@annfp- ἐπιγίγνομαι@viie3p ὅθεν@b ἀντίπασχα@viia3p ἐν@p ὅδε@rpdns ὁ@danp ὅμοιος@ananp- ὅτε@cs γάρ@b ἐπιστρέφω@vopa3p πελάζω@viie3p ὑπό@p ὁ@dgmp καρχηδόνιος@ngmpp ἐπιπλέω@vppagmp μέχρι@p ναῦς@nnfpc σιδήτης@ngfpp πέντε@an---- ὅς@rpnfp φιλία@ndfsc σκίπιωνος@ngmsp ἕπομαι@viie3p ὁ@dafp μέν@b ἄγκυρα@nafpc καθίημι@viaa3p ἐκ@p πολύς@angns- διάστημα@ngnsc εἰς@p ὁ@dans πέλαγος@nansc ἅπτω@vpamnmp δέ@cs ἀπό@p αὐτός@rpgfp κάλως@nampc μακρός@anamp- εἰρεσία@ndfsc ὁ@ddmp καρχηδόνιος@ndmpp ἐπιπλέω@viia3p καί@cs ὅτε@cs ἐγχρίμπτω@voaa3p ὑποχωρέω@viia3p ὁ@damp κάλως@nampc ἐπισπάω@vppenfp κατά@p πρύμνα@nafsc αὖθις@b τε@cs ῥόθιος@ndnsc καταπλέω@vppanfp πάλιν@b ἀνάγω@viie3p κατά@p πρύμνα@nafsc τότε@b γάρ@b ὁ@dnms στόλος@nnmsc ἅπας@annms- ὁ@dams νόος@namsc ὁ@dgmp σιδήτης@ngmpp ὁράω@vppanmp τε@b καί@cs μιμέομαι@vppenmp πολύς@ananp- ὁ@damp ἐχθρός@anamp- βλάπτω@viia3p καί@b ὁ@dnns ἔργον@nnnsc εἰς@p νύξ@nafsc τελευτάω@viia3s καί@cs εἰς@p ὁ@dafs πόλις@nafsc διαφεύγω@viaa3p ὁ@dnfp ὁ@dgmp καρχηδόνιος@ngmpp ναῦς@nnfpc ὅσος@annfp- γε@b ἔτι@b εἰμί@viia3p ὑπόλοιπος@annfp-"
"Pun._18.124","σκιπίων@nnmsp δέ@b γίγνομαι@vpamgfs ἡμέρα@ngfsc ἐπιχειρέω@viia3s ὁ@ddns χῶμα@ndnsc καί@b γάρ@b εἰμί@viia3s εὔκαιρος@annns- ἐπιτείχισμα@nnnsc ὁ@dgms λιμήν@ngmsc κριός@ndnpc οὖν@b το@dans παρατείχισμα@nansc τύπτω@vppanms καί@cs μηχάνημα@nanpc πολύς@ananp- ἐπάγω@vppanms μέρος@nansc αὐτός@rpgns καταβάλλω@viaa3s ὁ@dnmp δέ@b καρχηδόνιος@nnmpp καίπερ@b ὑπό@p λιμός@ngmsc καί@cs κάκωσις@ngfsc ποικίλος@angfs- ἐνοχλέω@vppenmp νύξ@ngfsc ἐκτρέχω@viaa3p ἐπί@p ὁ@danp ῥωμαῖος@ngmpp μηχάνημα@nanpc οὐ@b κατά@p γῆ@nafsc οὐ@b γάρ@b εἰμί@viia3s δίοδος@nnmsc οὐ@b δέ@cs ναῦς@ndfpc ἁλιτενής@annfs- γάρ@b εἰμί@viia3s ὁ@dnfs θάλασσα@nnfsc ἀλλά@cs γυμνός@annmp- δαίς@nafpc φέρω@viia3p οὐ@b ἅπτω@vpreafp ἵνα@cs μή@b μακρόθεν@b εἰμί@vopa3p καταφανής@annmp- εἰς@p δέ@b ὁ@dafs θάλασσα@nafsc ἐμβαίνω@vpaanmp ὅς@rpdfs μή@b τις@rpnms ἄν@b προσδοκέω@viaa3s ὁ@dnmp μέν@b ἄχρι@p ὁ@dgmp μαστός@ngmpc βρέχω@vppenmp διαβαδίζω@viia3p ὁ@dnmp δέ@b καί@b διανεύω@viia3p ἕως@cs ἐπί@p ὁ@danp μηχάνημα@nanpc ἔρχομαι@vpaanmp ἐξάπτω@viaa3p ὁ@dans πῦρ@nansc καί@cs κατάφωρος@annmp- γίγνομαι@vpamnmp πολύς@ananp- μέν@b πάσχω@viaa3p ἅτε@b γυμνός@annmp- τιτρώσκω@vppenmp πολύς@ananp- δέ@b ἀντιδράω@viaa3p ὑπό@p τόλμα@ngfsc ὅς@dnmp καί@b ὁ@dafp ἀκίς@nafpc ὁ@dgnp βέλος@ngnpc καί@cs ὁ@dafp αἰχμή@nafpc ἐν@p στέρνον@ndnpc καί@cs ὄψις@ndnpc φέρω@vppanmp οὐ@b ἀνίημι@viia3p ὥσπερ@b θηρίον@nanpc ὁ@ddfp πληγή@ndfpc ἔγκειμαι@vprenmp μέχρι@cs ὁ@danp μηχάνημα@nanpc ἐμπίμπρημι@viaa3p καί@cs ὁ@damp ῥωμαῖος@nampp τρέπω@viam3p θορυβέω@vppeamp ἔκπληξις@nnfsc τε@b καί@cs τάραχος@nnmsc εἰμί@viia3s ἀνά@p ὅλος@anans- ὁ@dans στρατόπεδον@nansc καί@cs φόβος@nnmsc οἷος@annms- οὐ@b πρίν@b ὑπό@p μανία@ngfsc γυμνός@angmp- πολέμιος@ngmpc ὥστε@cs δείδω@vpaanms ὁ@dnms σκιπίων@nnmsp μετά@p ἱππεύς@ngmpc ἔξω@b περιθέω@viia3s καί@cs ὁ@damp οἰκεῖος@anamp- εἰ@cs μή@b λήγω@voaa3p ὁ@dgfs φυγή@ngfsc κελεύω@viia3s βάλλω@vnpa-- εἰμί@vipa3s δέ@b ὅς@rpamp βάλλω@viaa3s καί@cs ἀποκτείνω@viaa3s ἕως@cs ὁ@dnmp πλείων@annmpc συνωθέω@viap3p εἰς@p ὁ@dans στρατόπεδον@nansc ὑπό@p ἀνάγκη@ngfsc καί@cs διανυκτερεύω@viaa3p ἔνοπλος@annmp- ὁ@dafs ἀπόγνωσις@nafsc ὁ@dgmp ἐχθρός@ngmpc δείδω@vpranmp ὁ@dnmp δέ@b ὁ@dafp μηχανή@nafpc ἐμπίμπρημι@vpaanmp ξενόω@viia3p αὖθις@b εἰς@p ὁ@danp οἰκεῖος@ananp-"
"Pun._18.125","ἅμα@p δέ@b ἡμέρα@ndfsc καρχηδόνιος@nnmpp μέν@b οὐ@b ἐνοχλέω@vppagfp σφεῖς@rpamp ἔτι@b μηχανή@ngfpc πολέμιος@angfp- ὁ@dans διαπίπτω@vpraans ὁ@dgns διατείχισμα@ngnsc οἰκοδομέω@viia3p καί@b πύργος@nampc ἐν@p αὐτός@rpdns πολύς@anamp- ποιέω@viia3p ἐκ@p διάστημα@ngnsc ῥωμαῖος@nnmpp δέ@cs ἕτερος@anafp- ἐργάζομαι@vpamnmp μηχανή@nafpc χῶμα@nanpc ἀγείρω@viia3p ἀντιμέτωπος@ananp- ὁ@ddmp πύργος@ndmpc δαίς@nafsc τε@b συγκόπτω@vpreafs καί@b θεῖος1@anafs- ἐν@p κώθωσις@ndmpc καί@cs πίσσα@viaa3p ἐπί@p αὐτός@rpamp σφενδονάω@angmp- καί@cs εἰμί@vipa3s ὅς@rpamp ὁ@dgmp πύργος@ngmpc ἐμπίμπρημι@viaa3p καί@cs ὁ@damp καρχηδόνιος@nampp φεύγω@vppaamp διώκω@viia3p ὀλισθηρός@annms- δέ@b εἰμί@viia3s ὁ@dnms δρόμος@nnmsc ὑπό@p αἷμα@ngnsc πήγνυμι@vpragns ὑπόγυιος@angns- τε@b καί@cs πολύς@angns- ὥστε@cs ὁ@dgmp φεύγω@vppagmp ἀπολιμπάνω@viam3p ἀέκων@annmp- ὁ@dnms δέ@b σκιπίων@nnmsp ὁ@dgns χῶμα@ngnsc ὅλος@angns- κατέχω@vpaanms ἀποταφρεύω@viia3s αὐτός@rpans καί@cs τεῖχος@nansc ἀγείρω@viia3s ἐκ@p πλίνθος@ngfpc οὐ@b τε@b κολοβός@anansc ὁ@dgms ὁ@dgmp πολέμιος@ngmpc οὐ@b τε@cs ἐκ@p μακρός@angns- διάστημα@ngnsc ἀπό@p αὐτός@rpgmp ὡς@cs δέ@b ἐξεργάζομαι@vile3s αὐτός@rpdms καί@b ὁ@dnns τεῖχος@nnnsc τετρακισχίλιοι@anamp- εἰς@p αὐτός@rpans πέμπω@viaa3s ἐπαφίημι@vnpa-- ὁ@ddmp ἐχθρός@ndmpc βέλος@nanpc τε@b καί@cs ἀκόντιον@nanpc σύν@p καταφρόνησις@ndfsc ὁ@dnmp δέ@b ἰσομέτωπος@annmp- γίγνομαι@vpamnmp βάλλω@viia3p αὐτός@rpamp ἐπιτυχής@b καί@b ὁ@dnns θέρος@nnnsc εἰς@p οὗτος@rpanp ἀναλίσκω@viap3s"
"Pun._18.126","χειμών@ngmsc δέ@b ἄρχω@vppegms ὁ@dafs ἐν@p ὁ@ddfs χώρα@ndfsc ὁ@dgmp καρχηδόνιος@ngmpp δύναμις@nafsc τε@b καί@cs σύμμαχος@nampc ὁ@dnms σκιπίων@nnmsp γιγνώσκω@viaa3s προκαθαιρέω@vnaa-- ὅθεν@b αὐτός@rpdmp ἀγορά@nnfsc διαπέμπω@viie3s περιπέμπω@vpaanms οὖν@b ἑτέρωσε@b ἕτερος@anamp- αὐτός@rpnms εἰς@p νέφερις@namsp ἐπί@p διογένης@namsp ὁ@dams μετά@p ἀσδρούβας@namsp φρουρέω@vppaams ὁ@dafs νέφερις@nafsp ἐπείγω@viie3s διά@p ὁ@dgfs λίμνη@ngfsc καί@cs γαῗος@namsp λαίλιος@namsp κατά@p γῆ@nafsc περιπέμπω@viia3s ὡς@cs δέ@b ἀφικνέομαι@viam3s δύο@an---- στάδιον@nampc ἀπέχω@vpaanms ὁ@dgms διογένης@ngmsp στρατοπεδεύω@viia3s καί@cs γολόσση@nafsp καταλιμπάνω@vpaanms ἐγχειρέω@vnpa-- ἄπαυστος@b ὁ@ddms διογένης@ndmsp αὐτός@rpnms ἐπί@p καρχηδών@ngfsp ἐπείγω@viie3s ὅθεν@b εἰς@p φορὰ@nafsp τε@b καί@cs καρχηδών@nafsp διατροχάζω@viia3s ἀεί@b ὁ@danp γίγνομαι@vppeanp ἐφοράω@vppanms δύο@an---- δέ@b ὁ@dgms διογένης@ngmsp μεσοπύργιον@angmp- καταπίπτω@vpaagmp ἥκω@viia3s ὁ@dnms σκιπίων@nnmsp καί@cs χίλιοι@anamp- ἐπίλεκτος@nampc ὄπισθεν@b ὁ@dgms διογένης@ngmsp ἐνεδρεύω@vpaanms ἕτερος@andmp- ἐκ@p μέτωπον@ngnsc τρισχίλιοι@andmp- ἀριστίνδην@b καί@b ὅδε@rpdmp ἐπιλέγω@vppedmp ἐπιβαίνω@viia3s ἐπί@p ὁ@danp πίπτω@vpraanp ὁ@dgfp μεσοπύργιον@ngnpc οὐ@b ἀθρόος@anamp- ἀναβιβάζω@vppanms ἀλλά@cs κατά@p μέρος@nanpc πυκνός@anamp- ἐπί@p ἀλλήλων@rpdmp ἵνα@cs μη@b δέ@b βιάζω@vpapnmp ὁ@dnmp πρῶτος@annmp- φεύγω@vnaa-- δύναμαι@vope3p διά@p ὁ@damp ἕπομαι@vppeamp πολύς@angfs- δέ@b βοή@ngfsc εἰμί@vppagfs καί@cs πόνος@ngmsc καί@cs ὁ@dgmp λίβυον@ngmpp εἰς@p οὗτος@rpanp ἐπιστρέφω@vpregmp ὁ@dnmp χίλιοι@annmp- καθά@cs αὐτός@rpdmp προερέω@vile3s οὐδείς@rpgms εἰς@p αὐτός@rpamp ἀποβλέπω@vppagms οὐ@b δέ@cs ὑπονοέω@vppagms ἐμπίπτω@viaa3p εἰς@p ὁ@dans χαράκωμα@nansc εὔτόλμος@b καί@cs διασπάω@viia3p αὐτός@rpans καί@cs ὑπερβαίνω@viia3p καί@b ὁ@dgmp πρῶτος@angfp- ἔνδον@b γίγνομαι@vpamgmp αἴσθησις@nnfsc γίγνομαι@viie3s ταχύς@annfs- καί@cs φεύγω@viia3p ὁ@dnmp λίβυς@nnmpp οὐ@b ὅσος@anamp- ὁράω@viia3p ἀλλά@cs πολύς@anans- πλείων@anampc ἡγέομαι@vppmnmp ὁ@damp εἰσέρχομαι@vpaaamp εἰμί@vnpa-- γολόσσης@nnmsp δέ@b αὐτός@rpdmp ἐπιτρέχω@vppanms σύν@p νομάς@ndmpp πολύς@andmp- καί@b ἐλέφας@ndfsc πολύς@anams- ἐργάζομαι@viie3s φόνος@namsc ὡς@cs ἀπόλλυμι@vnam-- μέν@b εἰς@p ἑπτακισμύριοι@anamp- σύν@p ὁ@ddmp ἀχρεῖος@andmp- ἁλίσκομαι@vnaa-- δέ@b εἰς@p μυρίος@anamp- διαφεύγω@vnaa-- δέ@cs ἀμφί@p ὁ@damp τετρακισχίλιοι@anamp- ἁλίσκομαι@viaa3s δέ@b καί@b ὁ@dnfs πόλις@nnfsc ὁ@dnfs νέφερις@nnfsp ἐπί@p ὁ@ddns στρατόπεδον@ndnsc δύο@an---- καί@cs εἴκοσι@an---- ἡμέρα@ndfpc ἄλλος@andfp- πολιορκέω@vpapnfs πρός@p ὁ@dgms σκίπιωνος@ngmsp πάνυ@b κακοπαθής@b ἐν@p χειμών@ndmsc καί@cs ψυχρός@andns- χωρίον@ndnsc ὁ@dnns δέ@b ἔργον@nnnsc ὅδε@rpnns μάλιστα@b συνη@viap3s φέρω@viaa3s εἰς@p ὁ@dafs ὁ@dgfs καρχηδών@ngfsp ἅλωσις@nafsc ὅδε@annfs- γάρ@b ὁ@dnfs στρατιά@nnfsc ὁ@dafs ἀγορά@nafsc αὐτός@rpdmp διαπορθμεύω@viia3s καί@cs εἰς@p ὅδε@anans- ὁ@dans στρατόπεδον@nansc ὁ@dnmp λίβυς@nnmpp ἀφοράω@vppanmp θαρσέω@viia3p τότε@b δέ@b αὐτός@rpgms λαμβάνω@vpapgms καί@b ὁ@dnnp λοιπός@annnp- ὁ@dgfs λιβύη@ngfsp χωρίον@nnnpc ὁ@ddmp στρατηγός@ndmpc σκίπιωνος@nnmsp προσχωρέω@viia3s ἤ1@cs οὐ@b δυσχερής@b λαμβάνω@viie3s ὅς@dnfs τε@b ἀγορά@nnfsc ὁ@damp καρχηδόνιος@nampp ἐπιλείπω@viaa3s καί@cs οὐδείς@rpans οὐ@b τε@b ἐκ@p λιβύη@ngfsp ἀλλότριος@angfs- ἤδη@b γίγνομαι@vpamgfs οὐ@b τε@cs ἀλλαχόθεν@b αὐτός@rpdmp καταπλέω@vnpa-- δύναμαι@viie3s διά@p τε@b ὁ@dams πόλεμος@namsc αὐτός@anams- καί@cs ὁ@dafs ὥρα@nafsc χειμέριον@anafs- εἰμί@vppaafs"
"Pun._19.127","ἄρχω@vppegns δέ@b ἔαρ@ngnsc ὁ@dnms μέν@b σκιπίων@nnmsp ἐπιχειρέω@viia3s ὁ@ddfs τε@b βύρσα@ndfsp καί@cs ὁ@dgmp λιμήν@ngmpc ὁ@ddms καλέω@vppedms κώθων@ndmsp ὁ@dnms δέ@cs ἀσδρούβας@nnmsp νύξ@ngfsc ἐμπίμπρημι@viia3s ὁ@dans μέρος@nansc ὁ@dgms κώθων@ngmsp ὁ@dans τετράγωνος@anans- ἐλπίζω@vpaanms δέ@b ἔτι@b ὁ@dams σκιπίων@namsp ἐπιτίθημι@vnfm-- καί@b πρός@p ὅδε@rpans ὁ@dgmp καρχηδόνιος@ngmpp ἐπιστρέφω@vpregmp λανθάνω@viaa3s λαίλιος@nnmsp ἐπί@p ἕτερος@ananp- ὁ@dgms κώθων@ngmsp εἰς@p ὁ@dans περιφερής@anans- αὐτός@rpgms μέρος@nansc ἀνέρχομαι@vpaanms βοή@ngfsc δέ@b ὡς@b ἐπί@p νίκη@ndfsc γίγνομαι@vpamgfs ὁ@dnmp μέν@b δείδω@viaa3p ὁ@dnmp δέ@cs πανταχόθεν@b ἤδη@b καταφρονέω@vppanmp βιάζω@viie3p ὁ@dafs ἀνάβασις@nafsc ξύλον@nanpc καί@b μηχάνημα@nanpc καί@cs σανίς@nafpc ἐπί@p ὁ@danp διάστημα@nanpc διατίθημι@vppanmp ἀσθενέω@vppanms ὁ@danp σῶμα@nanpc ὁ@dgmp φυλακός@ngmpc ὑπό@p ὁ@dgms λιμός@ngmsc γίγνομαι@vpragmp καί@cs ὁ@ddfp γνώμη@ndfpc ἀπαγορεύω@vppagmp λαμβάνω@vpapgns δέ@b ὁ@dgns περί@p ὁ@dams κώθων@namsp τεῖχος@ngnsc ὁ@dafs ἀγορά@nafsc ἐγγύς@b εἰμί@vppaafs ὁ@dnms σκιπίων@nnmsp καταλαμβάνω@viaa3s οὐδείς@rpans τε@b ὡς@cs ἐν@p ἑσπέρα@andfs- πλέος@anans- ἔτι@b δύναμαι@vppenms ἐν@p ὁ@ddnp ὅπλον@ndnpc διανυκτερεύω@viaa3s μετά@p ἅπας@angnp- ἄρχω@vppegfs δέ@b ὁ@dgfs ἡμέρα@ngfsc ἕτερος@anamp- ἀκμής@nampc καλέω@viia3s τετρακισχίλιοι@anamp- ὅς@rpnmp εἴσειμι@vppanmp ἱερόν@nansc ἀπόλλων@ngmsp ὅς@rpgms ὁ@dnns τε@b ἄγαλμα@nnnsc κατάχρυσος@annns- εἰμί@viia3s καί@cs δῶμα@nnnsc αὐτός@rpdms χρυσήλατος@annns- ἀπό@p χίλιοι@angnp- τάλαντον@ngnpc σταθμός@ngmsc περίκειμαι@viie3s συλάω@viia3p καί@cs ὁ@ddfp μάχαιρα@ndfpc κόπτω@viia3p ἀμελέω@vpaanmp ὁ@dgmp ἐφίστημι@vpragmp ἕως@cs μερίζω@viam3p καί@cs ἐπί@p ὁ@dans ἔργον@nansc τρέπω@viam3p"
"Pun._19.128","σκιπίων@ndmsp δέ@b εἰμί@viia3s μέν@b ἐπί@p ὁ@dafs βύρσα@nafsp ὁ@dnfs σπουδή@nnfsc ὁ@dnns γάρ@b ὀχυρός@annnss ὁ@dgfs πόλις@ngfsc εἰμί@viia3s καί@cs ὁ@dnmp πλείων@annmpc εἰς@p αὐτός@rpafs συμφεύγω@vila3p τρεῖς@angmp- δέ@b εἰμί@vppagfp ἀπό@p ὁ@dgfs ἀγορά@ngfsc ἄνοδος2@ngfpc εἰς@p αὐτός@rpafs οἰκία@nnfpc πυκνός@annfp- καί@cs ἑξώροφος@annfp- πανταχόθεν@b εἰμί@viia3p ὅθεν@b ὁ@dnmp ῥωμαῖος@nnmpp βάλλω@vppenmp ὁ@dafp πρῶτος@anafp- ὁ@dgfp οἰκία@ngfpc καταλαμβάνω@viaa3p καί@cs ἀπό@p αὐτός@rpgfp ἀμύνω@viie3p ὁ@damp ἐπί@p ὁ@dgmp πλησίος@b ὅτε@cs δέ@b αὐτός@rpgnp κρατέω@voaa3p ξύλον@nanpc καί@cs σανίς@nafpc ὁ@ddnp διάστημα@ndnpc ὁ@dgfp στενωπός@ngfpc ἐπιτίθημι@vppanmp διαβαίνω@viia3p ὡς@b ἐπί@p γεφυρός@vppanms καί@b ὅδε@annms- μέν@b ὁ@dnms πόλεμος@nnmsc εἰμί@viia3s ἐπί@p ὁ@dgfp τέγη@ngfpc ἄνω@b ἕτερος@annms- δέ@cs ἐν@p ὁ@ddnp στενωπός@andnp- κατά@p ὁ@damp ἀπαντάω@vppaamp στόνος@ngmsc δέ@b καί@b οἰμωγή@ngfsc καί@cs βοή@ngfsc πᾶς@annnp- καί@cs ποικίλος@angnp- πάθος@ngnpc ἐμπίπλημι@viam3s κτείνω@vppegmp τε@b ἐν@p χείρ@ndfpc καί@b ζάω@vppagmp ἔτι@b ῥίπτω@vppegmp ἄνωθεν@b ἀπό@p ὁ@dgfp τέγη@ngfpc εἰς@p ὁ@dans ἔδαφος@nansc καί@cs φέρω@vppegnp ἔνιοι@angnp- ἐπί@p δόρυ@nanpc ὀρθός@ananp- ἤ1@b αἰχμή@nafpc ἄλλος@anafp- ἤ1@cs ξίφος@nanpc ἐμπίμπρημι@viia3s δέ@b οὐδείς@rpans οὐδείς@rpnms πω@b διά@p ὁ@damp ἐπί@p ὁ@dgfp τέγη@ngfpc ἕως@cs ἐπί@p ὁ@dafs βύρσα@nafsp ἥκω@viia3s ὁ@dnms σκιπίων@nnmsp καί@b τότε@b ὁ@damp τρεῖς@anamp- ὁμοῦ@b στενωπός@nampc ἐμπίμπρημι@viia3s καί@cs ὁ@dans ἀεί@b πίμπρημι@vpamans ἕτερος@andmp- ὁδοποιέω@vnpa-- κελεύω@viia3s ἵνα@cs εὐμαρής@b ὁ@dnms στρατός@nnmsc ἀλλάσσω@vppenms διαθέω@vopa3s"
"Pun._19.129","ἄλλος@annfs- δέ@b εἰμί@viia3s ἐκ@p ὅδε@rpgns ὄψις@nnfsc ἕτερος@angnp- κακός@angnp- ὁ@dgms μέν@b πῦρ@ngnsc ἐπιφλέγω@vppagms πᾶς@ananp- καί@cs καταφέρω@vppagms ὁ@dgmp δέ@b ἀνήρ@ngmpc ὁ@danp οἰκοδόμημα@nanpc οὐ@b διαιρέω@vppagmp εἰς@p ὀλίγος@anans- ἀλλά@cs ἀθρόος@ananp- βιάζω@vppegmp ἀνατρέπω@vnpa-- ὅς@dnms τε@b γάρ@b κτύπος@nnmsc ἐκ@p ὅδε@rpgns πολύς@anans- πλείων@annmsc γίγνομαι@viie3s καί@cs μετά@p ὁ@dgmp λίθος@ngmpc ἐκπίτνω@viia3p εἰς@p ὁ@dans μέσος@anans- ἀθρόος@annmp- νεκρός@annmp- ζάω@vppanmp τε@b ἕτερος@annmp- πρεσβύτης@nnmpc μάλιστα@b καί@b παιδίον@nnnpc καί@cs γύναιον@nnnpc ὅσος@annnp- ὁ@ddmp μυχός@ndmpc ὁ@dgfp οἰκία@ngfpc κρύπτω@vile3s ὁ@dnmp μέν@b καί@b τραῦμα@nanpc φέρω@vppanmp ὁ@dnmp δέ@cs ἡμίφλεκτος@annmp- φωνή@nafpc ἀηδής@anafp- ἀφίημι@vppanmp ἕτερος@annmp- δέ@b ὡς@b ἀπό@p τοσόσδε@rpgns ὕψος@ngnsc μετά@p λίθος@ngmpc καί@cs ξύλον@ngnpc καί@cs πῦρ@ngnsc ὠθέω@vppenmp καί@cs καταπίπτω@vppanmp εἰς@p πολύς@ananp- σχῆμα@nanpc κακός@angnp- διασπάω@viie3p ῥήγνυμι@vppenmp τε@b καί@cs κατασπάω@vppenmp καί@b οὐ@b δέ@b εἰς@p τέλος@nansc αὐτός@rpdmp οὗτος@rpnnp ἀπόχράω2@viia3s λιθολόγος@nnmpc γάρ@b ὅσος@annmp- πέλεκυς@ndfpc καί@b ἀξίνη@ndfpc καί@cs κοντός@ndmpc ὁ@danp πίπτω@vppaanp μεταβάλλω@viia3p τε@b καί@cs ὁδοποιέω@viia3p ὁ@ddmp διαθέω@vppadmp ὁ@dnmp μέν@b ὁ@ddmp πέλεκυς@ndfpc καί@cs ὁ@ddfp ἀξίνη@ndfpc ὁ@dnmp δέ@cs ὁ@ddfp χηλή@ndfpc ὁ@dgmp κοντός@ngmpc ὁ@damp τε@b νεκρός@nampc καί@cs ὁ@damp ἔτι@b ζάω@vppaamp εἰς@p ὁ@danp ὁ@dgfs γῆ@ngfsc κοῖλος@nanpc μεταβάλλω@viia3p ὡς@cs ξύλον@nanpc καί@cs λίθος@nampc ἐπισύρω@vppanmp ἤ1@cs ἀνατρέπω@vppanmp ὁ@ddms σίδηρος@ndmsc εἰμί@viia3s τε@cs ἄνθρωπος@nnmsc ἀναπλήρωμα@nnnsc βόθρος@ngmsc μεταβάλλω@vppenmp δέ@b ὁ@dnmp μέν@b εἰς@p κεφαλή@nafpc φέρω@viie3p καί@cs ὁ@danp σκέλος@nanpc σφεῖς@rpgmp ὑπάρχομαι@vppaanp ὁ@dgfs γῆ@ngfsc ἀσπαίρω@viia3p ἐπί@p πλεῖστος@anans- ὁ@dnmp δέ@b εἰς@p μέν@b ὁ@damp πούς@nampc πίπτω@viia3p κάτω@b καί@cs ὁ@ddfp κεφαλή@ndfpc ὑπερέχω@viia3p ὑπέρ@p ὁ@dans ἔδαφος@nansc ἵππος@nnmpc δέ@cs αὐτός@rpamp διαθέω@vppanmp εἰς@p ὁ@dafp ὄψις@nafpc ἤ1@cs ὁ@dams ἐγκέφαλος@namsc κλέπτω@viia3p οὐ@b ἑκών@angmp- ὁ@dgmp ἐποχέομαι@vppegmp ἀλλά@cs ὑπό@p σπουδή@ngfsc ἐπεί@cs οὐ@b δέ@b ὁ@dnmp λιθολόγος@annmp- οὗτος@rpanp δράω@viia3p ἑκών@annmp- ἀλλά@b ὁ@dnms ὁ@dgms πόλεμος@ngmsc πόνος@nnmsc καί@b ὁ@dnfs δόξα@nnfsc ὁ@dgfs νίκη@ngfsc ἐγγύς@b καί@b ὁ@dnfs ὁ@dgms στρατός@ngmsc σπουδή@nnfsc καί@b κῆρυξ@nnmpc ὁμοῦ@b καί@cs σαλπιγκτής@nnmpc πᾶς@ananp- θορυβέω@vppanmp χιλίαρχος@nnmpc τε@b καί@cs λοχαγός@nnmpc μετά@p ὁ@dgfp τάξις@ngfpc ἐναλλάσσω@vppenmp καί@cs διαθέω@vppanmp ἔνθεος@nampc ἅπας@anamp- ποιέω@viia3p καί@cs ἀμελής@anamp- ὁ@dgmp ὁράω@vppegmp ὑπό@p σπουδή@ngfsc"
"Pun._19.130","καί@b οὗτος@rpanp πονέω@vppegmp δαπανάω@viap3p ἕξ@an---- ἡμέρα@nnfpc τε@b καί@cs νύξ@nnfpc ὁ@dgfs μέν@b στρατιά@ngfsc ἐναλλάσσω@vppegfs ἵνα@cs μή@b κάμνω@vopa3p ὑπό@p ἀγρυπνία@ngfsc καί@b κόπος@ngmsc καί@b φόνος@ngmsc καί@cs ὄψις@ngfsc ἀηδών@ngfsc σκίπιωνος@ngmsp δέ@cs ἄπαυστος@b ἐφίστημι@vpragms ἤ1@cs διαθέω@vppagms ἄυπνος@ngmsc καί@cs σῖτος@namsc οὕτως@b ἐπί@p ὁ@dgnp ἔργον@ngnpc αἱρέω@vppegms μέχρι@p κάμνω@vppanms καί@cs παραλύω@vprenms κατάκαθέζομαι@viie3s ἐπί@p ὑψηλός@angns- ὁ@danp γίγνομαι@vppeanp ἐφοράω@vppanms πολύς@angmp- δέ@b ἔτι@b πορθέω@vppegmp καί@cs ὁ@dgns κακός@angns- μακρός@angns- δοκέω@vppagns εἰμί@vnfm-- προσφεύγω@viaa3p ἐβδόμη@angfs- ἡμέρα@ngfsc αὐτός@rpdms τις@rpnmp στέφω@vprenmp στέμμα@nnnpc ἀσκληπίεια@annnp- ὅδε@annns- γάρ@b εἰμί@viia3s ὁ@dnns ἱερόν@nnnsc ἐν@p ἀκρόπολις@ndfsc μάλιστα@b ὁ@dgnp ἄλλος@rpgnp ἐπιφανής@annns- καί@cs πλούσιος@annns- ὅθεν@b ὅδε@rpnmp ὁ@dafp ἱκετηρία@nafpc λαμβάνω@vpaanmp δέω2@viie3p ὁ@dgms σκίπιωνος@nnmsp περί@p μόνος@angfs- συντίθημι@vnae-- σωτηρία@nafpc ὁ@ddmp ἐθέλω@vppadmp ἐπί@p ὅδε@rpdns ὁ@dgfs βύρσα@ngfsp ἐξίημι@vnpa-- ὁ@dnms δέ@cs δίδωμι@viia3s χωρίς@p αὐτόμολος@angnp- καί@b ἔξειμι2@viia3p αὐτικα@ananp- μυριάς@nnfpc πέντε@an---- ἀνήρ@ngmpc ἅμα@b καί@cs γυνή@ngfpc ἀνοίγνυμι@vpapgns αὐτός@rpdnp στενός@angns- διατείχισμα@ngnsc καί@b οὗτος@rpnmp μέν@b φυλάζω@viie3p ὅσος@annmp- δέ@cs αὐτόμολος@annmp- ῥωμαῖος@ngmpp εἰμί@viia3p ἀμφί@p ὁ@damp τριακόσιοι@anamp- μάλιστα@b ἀπογιγνώσκω@vpaanmp ἑαυτοῦ@rpgmp εἰς@p ὁ@dans ἀσκληπιεῖον@nansp ἀνατρέχω@viaa3p μετά@p ἀσδρούβας@ngmsp καί@b ὁ@dgfs γυνή@ngfsc ὁ@dgfs ἀσδρούβας@nnfsp καί@cs δύο@an---- παῖς@ngmpc ἄρσην@ngmpc ὅθεν@b εὐμαρής@b ἀεί@b μάχομαι@viie3p καίπερ@b εἰμί@vppanmp ὀλίγος@annmp- διά@p ὁ@dans ὕψος@nansc ὁ@dgns τέμενος@ngnsc καί@cs ὁ@dans ἀπόκρημνος@nansc εἰς@p ὅς@rpans καί@b παρά@p ὁ@dafs εἰρήνη@nafsc διά@p βαθύς@ngfpc ἑξήκοντα@an---- ἀναβαίνω@viia3p ὡς@cs δέ@b ὅς@dnms τε@b λιμός@nnmsc αὐτός@rpamp καθαιρέω@viia3s καί@b ὁ@dnfs ἀγρυπνία@nnfsc καί@b ὁ@dnms φόβος@nnmsc καί@cs ὁ@dnms πόνος@nnmsc ὁ@dgns κακός@angns- προσπελάζω@vppagns ὁ@dans μέν@b τέμενος@nnnsc ἐκλείπω@viaa3p εἰς@p δέ@cs ὁ@dams ναός@namsc αὐτός@rpgms καί@cs ὁ@dnns τέγος@nnnsc ἀνατρέχω@viia3p"
"Pun._19.131","καί@b ἐν@p οὗτος@rpdns λανθάνω@vpaanms ὁ@dnms ἀσδρούβας@nnmsp φεύγω@viaa3s πρός@p ὁ@dams σκιπίων@namsp μετά@p θαλλός@ngmpc καί@b αὐτός@rpams ὁ@dnms σκιπίων@nnmsp καθίζω@viaa3s πρό@p πούς@ngmpc ἑαυτοῦ@rpgms καί@cs ὁ@ddnp αὐτόμολος@andmp- ἐπιδείκνυμι@viia3s ὁ@dnmp δέ@b ὡς@cs εἶδον@viaa3p αἰτέω@viaa3p ἡσυχία@nafsc σφεῖς@rpdmp γίγνομαι@vnam-- καί@cs γίγνομαι@vpamgfs ἀσδρούβας@ngmsp μέν@b λοιδορέω@viam3p πολύς@ananp- καί@cs ποικίλος@ananp- ὁ@dams δέ@cs ναός@namsc ἐμπρήθω@viaa3p τε@b καί@cs κατακαίω@viap3p ὁ@dafs δέ@b γυνή@nafsc ὁ@dgms ἀσδρούβας@ngmsp λέγω3@vipa3p ἀφίημι@vppegns ὁ@dgns πῦρ@ngnsc ἀντικρύ@b ὁ@dgms σκίπιωνος@ngmsp γίγνομαι@vpamafs κατακοσμέω@vnae-- τε@b ὡς@cs ἐν@p συμφορά@ndfpc δύναμαι@viie3s καί@cs παρίστημι@vpamafs ὁ@danp τέκνον@nanpc εἶπον@vnaa-- εἰς@p ἐπήκοος@anans- ὁ@dgms σκίπιωνος@ngmsp σύ@rpdms μέν@b οὐ@b νέμεσις@nnfsc ἐκ@p θεός@ngmpc ὦ@i ῥωμαῖος@nvmsp ἐπί@p γάρ@b πολέμιος@anafs- στρατεύω@viaa2s ἀσδρούβας@namsp δέ@b ὅδε@anams- πατρίς@ngfsc τε@b καί@b ἱερόν@angnp- καί@b ἐγώ@rpgcs καί@cs τέκνον@ngnpc προδότης@namsc γίγνομαι@vpamams ὅς@dnmp τε@b καρχηδών@ngfsp δαίμων@nnmpc ἀμύνω@voam3p καί@cs σύ@rpnms μετά@p ὁ@dgmp δαίμων@ngmpc εἶτα@b εἰς@p ὁ@dams ἀσδρούβας@namsp ἐπιστρέφω@vpaanfs λέγω@viaa3s ὦ@i μιαρός@anvms- καί@b ἄπιστος@anvms- καί@cs μαλακός@anvmss ἀνήρ@ngmpc ἐγώ@rpams μέν@b καί@cs ὁ@damp ἐμός@anamp- παῖς@nampc ὅδε@rpnns ὁ@dnns πῦρ@nnnsc θάπτω@vifa3s σύ@rpncs δέ@b τις@rpacs κοσμέω@vifa2s θρίαμβος@namsc ὁ@dnms ὁ@dgfs μέγας@angfs- καρχηδών@ngfsp ἡγεμών@nnmsc τις@rpafs δέ@x οὐ@b δίδωμι@vifa2s δίκη@nafsc ὅδε@rpdms ὅς@rpdms παρακαθέζομαι@vipe2s τοσοῦτος@rpanp ὀνειδίζω@vpaanfs κατασφάζω@viaa3s ὁ@damp παῖς@nampc καί@cs εἰς@p ὁ@dans πῦρ@nansc αὐτός@rpamp τε@b καί@cs ἑαυτοῦ@rpafs ἐπιρρίπτω@viaa3s"
"Pun._19.132","ὧδε@b μέν@b φημί@vipa3p ὁ@dafs ἀσδρούβας@nafsp γυνή@nafsc ὡς@cs αὐτός@anams- χρή@viia3s ἀσδρούβας@namsp εἶπον@vpaaafs ἀποθνήσκω@vnaa-- ὁ@dnms δέ@b σκιπίων@nnmsp πόλις@nafsc ὁράω@vppanms ἑπτακόσιοι@andnp- ἔτος@ndnpc ἀνθέω@vpaaafs ἀπό@p ὁ@dgms συνοικισμός@ngmsc καί@b γῆ@ngfsc τοσόσδε@angfs- καί@b νῆσος@ngfpc καί@cs θάλασσα@ngfsc ἐπάρχω@viaa3p ὅπλον@ngnpc τε@b καί@b ναῦς@ngfpc καί@b ἐλέφας@ngmpc καί@cs χρῆμα@ngnpc εὐπορέω@vpaaafs ἴσος@ananp- ὁ@ddfp ἀρχή@ndfpc ὁ@ddfp μέγας@andfp- τόλμα@ndfsc δέ@cs καί@cs προθυμία@ndfsc πολύς@anans- διέχω@vpaaafs ὅς@rpnfs γε@b καί@b ναῦς@nafpc καί@cs ὅπλον@nanpc πᾶς@ananp- περιαιρέω@vprenfs τρεῖς@andnp- ὅμως@b ἔτος@ndnpc ἀντέχω@viaa3s πόλεμος@ndmsc τοσόσδε@andms- καί@cs λιμός@ndmsc τότε@b ἄρδην@b τελευτάω@vppaafs εἰς@p πανωλεθρία@nafsc ἔσχατος@namsc λέγω3@vipe3s μέν@b δακρύω@vnaa-- καί@cs φανερός@annms- γίγνομαι@vnam-- κλαίω@vppanms ὑπέρ@p πολέμιος@ngmpc ἐπί@p πολύς@anans- δέ@cs ἔννους@annms- ἐπί@p ἑαυτοῦ@rpgms γίγνομαι@vpamnms τε@b καί@cs σύνεἶδον@vpaanms ὅτι@cs καί@b πόλις@nafpc καί@b ἔθνος@nanpc καί@cs ἀρχή@nafpc ἅπας@anafp- δεῖ@viia3s μεταβάλλω@vnaa-- ὥσπερ@b ἄνθρωπος@nampc δαίμων@namsc καί@b οὗτος@rpans πάσχω@viaa3s μέν@b ἴλιος@nnnsp εὐτυχής@annfs- ποτέ@b πόλις@nnfsc πάσχω@viaa3s δέ@cs ὁ@dnfs ἀσσύριοι@ngmpp καί@b μῆδος@ngmpp καί@cs πέρσης@ngmpp ἐπί@p ἐκεῖνος@rpdmp ἀρχή@nnfsc μέγας@annfss γίγνομαι@vpamnfs καί@cs ὁ@dnfs μάλιστα@b ἔναγχος@b ἐκλάμπω@vpaanfs ὁ@dnfs μακεδών@ngmpp εἰ@b τε@cs ἑκών@annms- εἰ@b τε@cs προφεύγω@vpaagms αὐτός@rpams ὅδε@angns- ὁ@dgns ἔπος@ngnsc εἰμί@vifm3s ἦμαρ@nnnsc ὅταν@cs ποτέ@b ὄλλυμι@vsaa3s ἴλιος@nnfsp ἱρός@annfs- καί@b πρίαμος@nnfsp καί@cs λαός@nnmsc ἐυμμελίης@anamd- πρίαμος@ngmsp πολύβιος@ngmsp δέ@b αὐτός@angms- ἔρομαι@vpamgms σύν@p παρρησία@ndfsc καί@b γάρ@b εἰμί@viia3s αὐτός@rpgms καί@b διδάσκαλος@nnmsc ὅς@rpans τις@anans- βούλομαι@vope3s ὁ@dnms λόγος@nnmsc φημί@vipa3p οὐ@b φυλάζω@vpamams ὀνομάζω@vnaa-- ὁ@dafs πατρίς@nafsc σαφής@b ὑπέρ@p ὅς@rpgfs ἄρα@b εἰς@p ὁ@dans ἀνθρώπειος@ananp- ἀφοράω@vppanms δείδω@vila3s"
"Pun._20.133","καί@b ὅδε@rpanp μέν@b πολύβιος@nnmsp αὐτός@annms- ἀκούω@vpaanms συγγράφω@vipa3s σκιπίων@nnmsp δέ@b ἐπεί@cs κατασκάπτω@viam3s καρχηδών@nanpp ἐπί@p μέν@b τις@anams- ἡμέρα@ngfpc ἀριθμός@namsc ἐπιτρέπω@viaa3s ὁ@ddfs στρατιά@ndfsc διαρπάζω@vnpa-- ὅσος@annnp- μή@b χρυσός@nnmsc ἤ1@b ἄργυρος@nnmsc ἤ1@cs ἀνάθημα@nnnpc εἰμί@viia3s μετά@p δέ@cs οὗτος@rpans ἀριστεῖα@nanpc πολύς@ananp- διαδίδωμι@vpaanms ἅπας@andmp- χωρίς@p ὁ@dgmp εἰς@p ὁ@dans ἀπολλώνιος@nansp ἁμαρτάνω@vpaagmp ναῦς@nafsc ὀξύς@anafss κοσμέω@vpaanms λάφυρα@ndnpc ἄγγελος@namsc ὁ@dgfs νίκη@ngfsc στέλλω@viaa3s εἰς@p ῥώμη@nafsp εἰς@p δέ@cs σικελία@nafsp περιπέμπω@viia3s ὅσος@ananp- καρχηδόνιος@nnmpp σφεῖς@rpgmp ἀνάθημα@nanpc κοινός@ananp- πολεμέω@vppanmp λαμβάνω@viaa3p ἔρχομαι@vpaaamp ἐπιγιγνώσκω@vnpa-- καί@cs κομίζω@vnpe-- ὅς@rpnns καί@b μάλιστα@b αὐτός@rpams δημαγωγέω@viaa3s ὡς@cs μετά@p ὁ@dgns δυνατός@angns- φιλάνθρωπον@anams- ἀποδίδωμι@vpamnms δέ@b ὁ@dafs λεία@nafsc ὁ@dafs περισσός@anafs- ὅπλον@nanpc καί@b μηχάνημα@nanpc καί@cs ναῦς@nafpc ἄχρηστος@anafp- ἄρης@ndmsp καί@cs ἀθήνη@ndfsp διαζώννυμι@vpamnms αὐτός@rpnms καίω@viia3s κατά@p ὁ@danp πάτριος@ananp-"
"Pun._20.134","ὁ@dnmp δέ@b ἐν@p ἄστυ@ndnsc ὡσαύτως@b ὁ@dafs ναῦς@nafsc εἶδον@vpaanmp καί@cs ὁ@dgfs νίκη@ngfsc περί@p δείλη@nafsc ἑσπέρα@nafsc πυνθάνομαι@vpamnmp εἰς@p ὁ@dafp ὁδός@nafpc ἐκπηδάω@viia3p καί@cs διανυκτερεύω@viia3p μετά@p ἀλλήλων@rpgmp ἥδομαι@vppenmp καί@cs συμπλέκω@vppenmp ὡς@b ἄρτι@b μέν@b ἐλεύθερος@annmp- φόβος@ngmpc γίγνομαι@vpranmp ἄρτι@b δέ@b ἄρχω@vppanmp ἕτερος@angmp- ἀσφαλής@b ἄρτι@b δέ@cs βέβαιος@anafs- ὁ@dafs πόλις@nafsc ἔχω@vppanmp καί@cs νικάω@vpranmp οἷος@anafs- οὔτις@anafs- πρότερος@anans- ἄλλος@anafs- νικης@nafsc πολύς@ananp- μέν@b γάρ@b ἑαυτοῦ@rpdmp σύνοιδα@vila3p ἔργον@nanpc λαμπρός@ananp- πολύς@ananp- δέ@b ὁ@ddmp πατρασιν@ndmpc εἰς@p τε@b μακεδών@nampp καί@cs ἴβηρ@nampp καί@b εἰς@p ἀντίοχος@namsp ὁ@dams μέγας@anams- ἔναγχος@b καί@cs περί@p αὐτός@anafs- ἰταλία@nafsp πόλεμος@namsc δέ@b οὐδείς@anams- ἄλλος@anams- οὕτως@b ἐπί@p θύρα@ndfpc ἐπίφοβος@anams- ἑαυτοῦ@rpdmp οἶδα@vila3p διά@p τε@b ἀνδρεία@nafsc καί@b φρόνημα@nansc καί@b τόλμα@nafsc ἐχθρός@ngmpc καί@cs ἀπιστία@nafsc ἐν@p σφεῖς@rpdmp ἐπικίνδυνος@anams- γίγνομαι@vpamams ἀναφέρω@viia3p δέ@b καί@b ὅς@rpgnp πάσχω@viaa3p ὑπό@p καρχηδόνιος@angmp- ἐν@p τε@b σικελία@ndfsp καί@cs ἰβηρίη@ndfsp καί@cs περί@p αὐτός@anafs- ἰταλία@nafsp ἑκκαίδεκα@an---- ἔτος@ndnpc ἀννίβας@ngmsp τετρακόσιοι@ananp- ἐμπίμπρημι@vpaagms ἄστη@nanpc καί@cs μυριάς@nafpc ἀνήρ@ngmpc τριάκοντα@an---- ἐν@p μόνος@andfp- μάχη@ndfpc ἀναιρέω@vpaagms ἐπί@p τε@b ὁ@dafs ῥώμη@nafsp πολλάκις@b ἐλαύνω@vpaagms καί@cs εἰς@p ἔσχατος@anans- κίνδυνος@ngmsc συνάγω@vpaagms ὅς@rpgnp ἐνθυμέομαι@vppenmp μάλιστα@b ἐξίστημι@viie3p περί@p ὁ@dgfs νίκη@ngfsc εἰς@p ἀπιστία@nafsc αὐτός@rpgfs καί@cs αὖθις@b ἀναπυνθάνομαι@viie3p ἀλλήλων@rpgmp εἰ@cs ὁ@ddns εἰμί@vppadns καρχηδών@nnfsp κατασκάπτω@vire3s ἐλεσχηνεύω@viia3p τε@b διά@p ὅλος@angfs- νύξ@ngfsc ὅπως@cs μέν@b αὐτός@rpgmp ὁ@dnnp ὅπλον@nnnpc περιαιρέω@viap3s καί@cs ὅπως@cs αὐτίκα@b παρά@p δόξα@nafsc τεκταίνομαι@viam3p ἕτερος@annnp- ὅπως@cs δέ@cs ὁ@dafp ναῦς@nafpc ἀφαιρέω@viap3p καί@cs στόλος@namsc ἐπάγω@viam3p πάλιν@b ἐκ@p ὕλη@ngfsc παλαιός@angfs- ὁ@dnns τε@b στόμα@nnnsc ὁ@dgms λιμήν@ngmsc ὡς@cs ἀποκλείω@viap3s καί@cs στόμα@nansc ὡς@cs ὀρύσσω@viam3p ἕτερος@annns- ὀλίγος@andfp- ἡμέρα@ndfpc καί@b ὁ@dnns ὁ@dgnp τεῖχος@ngnpc ὕψος@nnnsc αὐτός@rpdmp διά@p στόμα@ngnsc εἰμί@viia3s καί@b ὁ@dnnp ὁ@dgmp λίθος@ngmpc μέγεθος@nnnsc καί@cs ὁ@dnns πῦρ@nnnsc ὅς@rpans πολλάκις@b ὁ@ddfp μηχανή@ndfpc ἐπιφέρω@viaa3p ὅλος@b τε@b ὁ@dams πόλεμος@namsc ὡς@b ὁράω@vppanmp ἄρτι@b γίγνομαι@vppeans ἀλλήλων@rpdmp διατυπόω@viia3p καί@cs εἰς@p ὁ@dafp φαντασία@nafpc ὁ@dgnp λέγω3@vppegnp ὁ@ddns σχῆμα@ndnsc ὁ@dgns σῶμα@ngnsc συμφέρω@viie3p καί@b ὁ@dams σκιπίων@namsp ὁράω@vnpa-- δοκέω@viia1s ἐπί@p κλῖμαξ@ngfpc ἐπί@p ναῦς@ngfpc ἐν@p π@ndfpc ύλαι@ndfpc ἐν@p μάχη@ndfpc πανταχοῦ@b διαθεω@vppaams οὕτως@b μέν@b οι@dnmp ῥωμαῖος@nnmpp διανυκτερεύω@viaa3p"
"Pun._20.135","ἅμα@p δέ@cs ἡμέρα@ndfsc θυσία@nnfpc τε@b καί@cs πομπή@nnfpc ὁ@ddmp θεός@ndmpc γίγνομαι@viie3p κατά@p φυλή@nafsc καί@cs ἀγών@nnmpc ἐπί@p οὗτος@rpdnp καί@cs θέα@nnfpc ποικίλος@annfp- δέκα@an---- δέ@b σφεῖς@rpgmp αὐτός@angmp- ὁ@dnfs βουλή@nnfsc ὁ@damp ἀριστος@anamp- πέμπω@viia3s διατίθημι@vpfmamp λιβύη@nafsp μετά@p σκίπιωνος@ngmsp εἰς@p ὁ@dans ῥωμαῖος@ngmpp συμφέρω@vppaans ὅς@dnmp καρχηδών@ngfsp μέν@b εἰ@cs τις@rpnns περίλοιπος@annns- ἔτι@b εἰμί@viia3s κρίνω@viaa3p κατασκάπτω@vnaa-- σκιπίων@namsp καί@b οἰκέω@vnpa-- αὐτός@rpafs ἀπεῖπον@viaa3p ἅπας@andmp- καί@cs ἐπαράομαι@viam3p μάλιστα@b περί@p ὁ@dgfs βύρσα@ngfsp εἰ@cs τις@rpnms οἰκέω@voaa3s αὐτός@rpafs ἤ1@cs ὁ@danp καλέω@vppeanp μέγαρον@nanpp ἐπιβαίνω@vnpa-- δέ@b οὐ@b ἀπεῖπον@viaa1s ὅσος@annfp- δέ@b πόλις@nafpc συμμαχεών@vila3p ὁ@ddmp πολέμιος@ndmpc ἐπίμονος@b δοκέω@viaa3s καθαιρέω@vnaa-- ἅπας@anafp- καί@b ὅσος@annfp- ῥωμαῖος@ndmpp βοηθέω@vila3p χώρα@nafsc δίδωμι@viaa3p ἕκαστος@andfs- ὁ@dgfs δορίκτητος@angfs- καί@cs πρῶτος@anans- μάλιστα@b ἰτυκαῖος@ndmpp ὁ@dafs μέχρι@p καρχηδών@ngfsp αὐτός@angfs- καί@cs ἱππών@ngfsp ἐπί@p ἕτερος@ananp- ὁ@ddmp δέ@b λοιπός@andmp- φόρος@namsc ὁρίζω@viaa3p ἐπί@p ὁ@ddfs γῆ@ndfsc καί@cs ἐπί@p ὁ@ddnp σῶμα@ndnpc ἀνήρ@ndmsc καί@cs γυνή@ndfsc ὅμοιος@b καί@b στρατηγός@namsc ἐτήσιος@anams- αὐτός@rpdmp ἐκ@p ῥώμη@ngfsp ἐπιπέμπω@vnpa-- κρίνω@viaa3p ὁ@dnmp μέν@b δή@b οὗτος@rpanp προστάσσω@vpaanmp ἀποπλέω@viia3p εἰς@p ῥώμη@nafsp ὁ@dnms δέ@cs σκιπίων@nnmsp ποιέω@viia3s ὁ@danp δοκέω@vpaaanp καί@cs θυσία@nafpc τελέω@viia3s καί@cs ἀγών@nampc ἐπί@p ὁ@ddfs νίκη@ndfsc ὡς@cs δέ@b αὐτός@andms- πᾶς@annnp- ἐκτελέω@vile3s διαπλέω@vpaanms ἐπιφανής@ananps δή@b πᾶς@angnp- διαθρυβεύω@viia3s πολύχρυσος@anams- θρίαμβος@namsc ἄγαλμα@ngnpc τε@x γέμω@vppaams καί@cs ἀνάθημα@ngnpc ὅσος@ananp- καρχηδόνιος@annmp- χρόνος@ndmsc πολύς@andms- καί@b συνεχής@andmp- νίκη@ndfpc ἐκ@p πᾶς@angfs- γῆ@ngfsc συμφέρω@viia3p εἰς@p λιβύη@nafsp τότε@b δέ@b εἰμί@viia3s ὅτε@cs καί@b κατά@p μακεδών@ngmpp ἁλίσκομαι@vpaagms ἀνδρισκος@ngmsp ὁ@dgms ψευδοφίλιππος@angms- τρίτος@annms- ἄγω@viie3s θρίαμβος@nnmsc καί@cs κατά@p ὁ@dgfs ἑλλάς@ngfsp πρῶτος@annms- ὑπό@p μόμμιος@ngmsp καί@b εἰμί@viia3s οὗτος@rpnnp ἀμφί@p ὁ@dafp ἑξήκοντα@an---- καί@cs ἑκατόν@an---- ὀλυμπιάς@nafpc"
"Pun._20.136","χρόνος@ndmsc δέ@b ὕστερος@anans- γαῗος@ngmsp γράκχος@ngmsp δημαρχέω@vppagms ἐν@p ῥώμη@ndfsp καί@cs στάσις@ngfpc εἰμί@vppagfp ἐκ@p ἀπορία@ngfsc δοκέω@viaa3s κλήρουχος@nampc εἰς@p λιβύη@nafsp πέμπω@vnpa-- ἑξακισχίλιοι@anamp- διαγράφω@vppegfp δέ@cs ἀμφί@p ὁ@dafs καρχηδών@nafsp ὁ@dgfp θεμέλιος@ngfpc λύκος@nnmpc ὁ@danp θεμέλιος@ananp- ἀθρόος@ananp- διασπάω@viaa3p καί@cs συγχέω@viaa3p καί@b τότε@b μέν@b ἀνέχω@viaa3s ὁ@dnfs βουλή@nnfsc ὁ@dgms συνοικισμός@ngmsc χρόνος@ndmsc δέ@b αὖθις@b ὁπότε@cs γάιος@nnmsp καῖσαρ@nnmsp ὁ@dnms καί@cs δικτάτωρ@nnmsc ὕστερος@anans- αὐτός@rpdmp διηνεκής@annms- γίγνομαι@vpamnms πομπήιος@namsp εἰς@p αἴγυπτος@nafsp διώκω@viia3s καί@cs ὁ@damp πομπήιος@ngmsp φίλος@nampc εἰς@p λιβύη@nafsp ἀπό@p αἴγυπτος@ngfsp λέγω3@vipe3s ὁ@ddfs καρχηδών@ndfsp παραστρατοπεδεύω@vppanms ὑπό@p ἐνύπνιον@ngnsc στρατός@namsc πολύς@anams- εἶδον@vpaanms κλαίω@vppaams ἐνοχλέω@vnap-- καί@cs αὐτίκα@b ἑαυτοῦ@rpdms εἰς@p μνήμη@nafsc ὑπογράφω@vnam-- καρχηδών@nafsp συνοικίζω@vnpa-- καί@b μετά@p οὐ@b πολύς@anans- ὁ@dgmp ἄπορος@angmp- αὐτός@rpams εἰς@p ῥώμη@nafsp ἐπανέρχομαι@vpaaams περί@p γῆ@ngfsc παρακαλέω@vpfagmp συντάσσω@viaa3s ὡς@b πέμπω@vpfanms ὁ@damp μέν@b εἰς@p ὁ@dafs καρχηδών@nafsp ὁ@damp δέ@cs εἰς@p κόρινθος@nafsp ἀλλά@b ὅδε@rpnms μέν@b ταχύς@anansc ἀναιρέω@viap3s πρός@p ὁ@dgmp ἐχθρός@ngmpc ἐν@p ὁ@ddns ῥωμαῖος@ngmpp βουλευτήριον@ndnsc ὁ@dnms δέ@cs ἐκεῖνος@rpgms παῖς@nnmsc ἰούλιος@nnmsp καῖσαρ@nnmsp ὁ@dnms σεβαστὸς@nnmsp ἐπίκλησις@nafsc ἐντυγχάνω@vpaanms ἄρα@b ὁ@ddfp ὑπογραφή@ndfpc ὁ@dgms πατήρ@ngmsc συνοικίζω@viaa3s ὁ@dafs νῦν@b καρχηδών@nafsp ἀγχοτατω@b μάλιστα@b ἐκεῖνος@rpgfs φυλάζω@vpamnms ὁ@dgfs πάλαι@b ὁ@dans ἐπάρατος@anans- οἰκήτωρ@nampc τε@b ῥωμαῖος@nampp μέν@b αὐτός@rpams τρισχίλιοι@anamp- μάλιστα@b πυνθάνομαι@vipe1s ὁ@damp δέ@cs λοιπός@anamp- ἐκ@p ὁ@dgnp περίοικος@angfp- συνάγω@vnaa-- ὧδε@b μέν@b λιβύη@ngfsp ὁ@dgfs ὑπό@p καρχηδόνιος@ndmpp ῥωμαῖος@nnmpp κατέχω@viaa3p καί@cs καρχηδών@nafsp κατασκάπτω@viaa3p τε@b καί@cs συνοικίζω@viaa3p αὖθις@b μετά@p ἔτος@nanpc ὁ@dgfs κατασκαφή@ngfsc ἑκατόν@an---- καί@cs δύο@an----"
