"location","text"
"Arg._praef.1","προοίμιον@nansp 1@"
"Arg._praef.3","κεφαλαιώδης@annfp- μνεία@nnfsc ὁ@dgfp περιέχω@vppegfp ὁ@ddfs βίβλος@ndfsc ἱστορίη@ngfpc ὁ@dnfs ὁ@dgms ὁ@dnfs τόμος@angms- περιοχή@nnfsc"
"Arg._praef.4","ὁ@dnfs ὁ@dgms β@angms- τόμος@ngmsc περιοχή@nnfsc ὁ@dnfs ὁ@dgms γε@x τόμος@ngmsc πε@ ριοχή@nnfsc"
"Arg._1.1","περιθεός@vmpe2s ὁ@dnfs κοσμογένεια@nnfsc ἡμέρα@nnfsc ὁ@dnfs ἡμέρα@nnfsc β@ ἡμέρα@nnfsc γ@x ’@b ἡμέρα@nnfsc δ@b ’@b ἡμέρα@nnfsc ἕ@anafs- ἡμέρα@nnfsc ’@ ς@b ὁ@dnfs ἡμέρα@nnfsc ὁ@dnfs ’@nnfsc ς@cs σάββατον@annns- καλέω@vire3s"
"Arg._1.2","ὅπως@b φυτεύω@viaa3s ὁ@dnms θεός@nnmsc παράδεισος@namsc ἐν@p ἐδέμ@nd-sp κατά@p ἀνατολή@nafpc καί@cs τίθημι@viam3s ἐκεῖ@b ὁ@dams ἄνθρωπος@namsc ὅς@rpams πλάσσω@viaa3s παράβασις@nnfsc ὁ@dgnp πρόσταγμα@ngnpc"
"Arg._1.3","ὅπως@cs μετατίθημι@viap3s ἑνώχ@nnmsp"
"Arg._1.4","ὅπως@b εἶδον@vpaanmp ὁ@dnmp υἱός@nnmpc ὁ@dgms θεός@ngmsc ὡς@cs φημί@vipa3s ὁ@dnfs γραφή@nnfsc ὁ@dafp θυγάτηρ@nafpc ὁ@dgmp ἄνθρωπος@ngmpc λαμβάνω@viaa3p αὐτός@b ἑαυτοῦ@rpdmp γυνή@nafpc ὅπως@cs εὑρίσκω@viaa3s νόος@nnmsp χάρις@nafsc ἐνώπιον@p ὁ@dgms θεός@ngmsc ὅπως@cs διασῴζω@viap3s νῶε@nnmsp διά@p ξύλινος@angms- κιβωτός@ngmsc ὅπως@b τίθημι@viam3s ὁ@dnms θεός@nnmsc ὁ@dans τόξον@nansc ἐν@p τῆ@ddfs νεφέλη@ndfsc μετά@p ὁ@dams κατακλυσμός@namsc"
"Arg._1.5","ὅτι@b ἄμπελος@nafsc φυτεύω@viaa3s νῶε@nnmsp μετά@p ὁ@dams κατά@b κλυσμός@namsc καί@b πίνω@viaa3s ἐκ@p ὁ@dgms οἶνος@ngmsc καί@cs μεθύω@viap3s καί@cs γυμνόω@viap3s ἐν@p ὁ@ddms οἶκος@ndmsc αὐτός@rpgms ὁ@dnmp ὁ@dgms νῶε@ngmsp ἀπόγονος@annmp- διασκεδάννυμι@vpapnmp ὑπό@p ὁ@dgfs ἀλλογλωσσίας@ngfsc μετακαλέω@viap3p καί@cs μετονομάζω@viap3p ὅτι@cs ὁ@dgfs ταρσός@ngmsp περσεύς@nnmsp δομήτωρ@nnmsc περί@p ὁ@dgfs ὁ@dgnp ἔθνος@ngnpc ἀρχή@ngfsc καί@cs ὅθεν@b καλέω@viap3p"
"Arg._1.6","περί@p ὁ@dgms ἀβραάμ@ngmsp καί@b ὅτι@cs πρῶτος@annms- ἐπιγιγνώσκω@viaa3s ὁ@dams θεός@namsc ποιητής@namsc ὁ@dgns πᾶς@angns- περί@p ὁ@dgfs ὁ@dgmp σόδος@ngmpp αἰχμαλωσία@ngfsc καί@cs ὅπως@cs τιτρώσκω@viap3p καί@b ᾐχμα@nnnsc λωτίζω@viap3s λωτεύς@nnfsp 1@ ὅτι@cs ὁ@ddms ἀβραάμ@ndmsp ὁ@dnms θεός@nnmsc δίδωμι@vnfa-- υἱός@namsc ἐπαγγέλλω@viam3s ὡς@cs ὁ@dans σπέρμα@nansc αὐτός@rpgms γίγνομαι@vnam-- ὡς@cs ὁ@danp ἄστρον@nanpc ὁ@dgms οὐρανός@ngmsc καί@b ὅπως@cs περιτέμνω@viap3p καί@cs ὅτι@cs ὁ@dnns ἀβραάμ@n---p γέλως@nnmsc ἑρμηνεύω@vipe3s ὁ@dnmp μέν@b ἰουδαῖος@nnmpp ὁ@ddfs ὄγδοος@andfs- ἡμέρα@ndfsc περιτέμνω@vipe3p ὁ@dnmp ἄραψ@nnmpp δέ@cs ὁ@ddns τρισκαιδέκατος@andns- ἔτος@ndnsc ὅτι@cs ὁ@dnms ἰσμαήλ@nnmsp ἐκ@p ὁ@dgfs ἄγαρ@ngfsp εἴκοσι@ καί@cs πέντε@ ἔτος@ngnpc εἰμί@viia3s ἀβραάμ@nnmsp ὅτε@cs θυσιάζω@vnaa-- προστάσσω@viap3s αὐτός@rpams ἀβραάμ@nnmsp"
"Arg._1.7","ἀναχώρησις@nnfsp ἰακὼβ@ngmsp εἰς@p μεσοποταμία@nafsp καί@b περί@p ὁ@dgfs θεάομαι@vpapgfs αὐτός@rpdms 2@ κλῖμαξ@ngfsc κατά@p ὕπνος@nampc κατοίκησις@nnfsc ἰακὼβ@ngmsp πρός@p λαβάν@nafsc ὁ@dams μητράδελφος@namsc καί@cs ἔρως@nnmsc ὁ@dgfs θυγάτηρ@ngfsc αὐτός@rpgms συνέλευσις@nnfsc ἰακὼβ@ngmsp πρός@p λεία@nafsp καί@cs τεκνογονία@nnfsc αὐτός@angfs- ὁ@dnfs δέ@b ῥαχήλ@nnfsp μή@b τίκτω@vppanfs ὁ@ddfs οἰκεῖος@andfs- θεράπαινα@ndfsc ὁ@dams ἰακὼβ@namsp ἀξιόω@viaa3s συναρπάζω@vnaa-- καί@cs ὁ@danp τίκτω@vpapanp δύο@an---- τέκνον@nanpc οἰκειόω@viae3s ζηλόω@vpaanfs δέ@b ὁ@dnfs λεία@nnfsp ὁ@dafs ἑαυτοῦ@rpgms θεράπαινα@nafsc παρακλίνω@viia3s ὁ@ddms ἀνήρ@ndmsc καί@cs ὁ@danp γεννάω@vpapanp ἐξιδιόομαι@viam3s ὅτι@cs ὁ@dnfs ῥαχήλ@nnfsp τίκτω@viaa3s ὁ@dams ἰωσήφ@namsp"
"Arg._1.8","ὑποχωρέω@vpaagms ἰακὼβ@ngmsp ἀπό@p ὁ@dgms λαβάν@nafsc καί@b ὁ@dnfs ῥαχήλ@nnfsp ὁ@danp εἴδωλον@nanpc οὗτος@rpgms ἀφαιρέω@vipe3s πάλη@nnfsc ἰακὼβ@ngmsp μετά@p ὁ@dgms ἄγγελος@ngmsc ἁρπαγή@nnfsc ὁ@dgfs δεινός@ngfsp ὑπό@p ὁ@dgms ὁ@dgmp σικίμων@ngmpp 5@ βασιλεύς@ngmsc υἱός@ngmsc συχέμ@ngmsp καί@b ἀπό@dnfs λεία@nnfsc αὐτός@rpgmp καί@cs φθορά@nnfsc ὑπό@p ὁ@dgmp ἀδελφός@ngmpc αὐτός@rpgfs θάνατος@nnmsc ἀβραάμ@nnmsp"
"Arg._1.9","ὅπως@b ἐπικαλέω@viap3s ἐδώμ@nnmsp ὁ@dnms ἀμαλήκ@nnmsp βουλή@nnfsc ὁ@dgmp ἀδελφός@ngmpc κατά@p ὁ@dgms ἰωσήφ@ngmsp καί@b κατάσχεσις@nnfsc αὐτός@rpgms καί@cs ἀπόδοσις@nnfsc πρός@p ὁ@damp ἔμπορος@anamp- ὅτι@b ὁ@dnms πετεφρής@nnmsp 1@ ὠνέομαι@viam3s ὁ@dams ἰωσήφ@namsp κατηγορία@nnfsc ψευδής@annfs- ὑπό@p γυνή@ngfsc πετεφρής@ngmsp κατά@p ὁ@dgns 2@ ἰωσήφ@nnmsp καί@cs κατάσχεσις@nnfsc αὐτός@rpgms ἐν@p φυλακή@ndmsc δήλωσις@nnfsc ὁ@dgmp συνδεσμωτός@ngmpc παρά@p ὁ@dgms ἰωσήφ@ngmsp"
"Arg._1.10","ἐνύπνιον@nanpc ὁ@dgms 3@ φαραώ@ngmsp δήλωσις@nnfsc ὁ@dgnp ἐνύπνιον@ngnpc φαραώ@nnfsp ὑπό@p ὁ@dgms ἰωσήφ@ngmsp καί@cs δίδωμι@vipa3s ὁ@dafs ἐξουσία@nafsc αὐτός@rpdms φαραώ@nnmsp πᾶς@angfs- γῆ@ngfsc αἴγυπτος@ngfsp τίς@rpnns ὁ@dnfs θομφάνηχος@nnmsc ἐπανέλευσις@nnfsc ὁ@dgmp ἀδελφός@ngmpc ἰωσήφ@ngmsp διά@p ὁ@dams λιμός@namsc ἀναγνωρισμός@nnmsc ἰωσήφ@ngmsp καί@cs ὁ@dgmp ἀδελφός@ngmpc"
"Arg._1.11","ἐλευσίς@nnfsp ὁ@dgms ἰσραήλ@ngmsp πρός@p αἴγυπτος@nafsp πανοικεί@vipa3s εὐλογία@nnfsc ἰακὼβ@ngmsp ὁ@ddmp ἔγγονος@andmp- ἐναλλάξ@b τελευτή@nnfsc ἰακὼβ@ngmsp τελευτή@nnfsc ἰωσήφ@ngmsp"
"Arg._1.12","ὅτι@b κακόω@viia3p ὁ@dnmp αἰγύπτιος@nnmpp ὁ@damp ἰσραηλίτης@nampp περί@p ὁ@dgfs γέννησις@ngfsc μωυσῆς@ngmsp ὅτι@cs περικαλλής@annfs- εἰμί@viia3s ὁ@dafs ἰδέα@nafsc μωυσῆς@nnmsp καί@cs ὅτι@cs οὐ@b 5@nvmsc προσίημι@viie3s θηλή@nafsc αἰγύπτιος@anafs- ὅτι@b ἄγω@viaa3p ὁ@dafs θέρμουθις@nafsp ὁ@dafs τροφός@nafsc μῶμος@ngfsp καί@cs παραλαμβάνω@viaa3p θηλάζω@vnpa-- αὐτός@rpams ἐπωνυμία@nnfsc ὁ@dgns ὄνομα@ngnsc μωυσῆς@ngmsp ὅτι@b 7@an---- ἕβδομος@annms- εἰμί@viia3s ἐκ@p ἀβραάμ@ng-sp ὅπως@cs ἐπιτίθημι@vipa3s ὁ@dans διάδημα@nansc φαραώ@nnmsp ὁ@ddms μωσῆς@ndmsp οἷος@annms- εἰμί@viia3s ὁ@dafs ἡλικία@nafsc καί@cs ὁ@dafs ἀρετή@nafsc ὁ@dnms μωσῆς@nnmsp καί@cs ὅπως@b κατά@p αἰθίοψ@ngmpp ἐκστρατεύω@vipa3s ὅτι@cs πρόμαχος@ndfpc ὁ@ddfp ἴβις@ndfpc κατά@p ὁ@dgmp ἰοβόλος@ngmpc χράω2@viam3s ὁ@dnfs σαβᾶς@nnfsp πόλις@nnfsc αἰθιοπία@ngfsp 1@ ὅτι@cs μώσης@nnmsp λαμβάνω@viaa3s γυνή@nafsc ὁ@dgms αἰθίοψ@ngmpp κρατέω@vppagms θυγάτηρ@nafsc ὅτι@cs οἶ@i αἰγύπτιος@nnmpp μισέω@viia3p αὐτός@rpams καί@b σώζω@vppenmp ὅτι@b φεύγω@viaa3s μώσης@nnmsp ἐκ@p αἴγυπτος@ngfsp εἰς@p μαδιάμ@na-sp καί@cs ἐκεῖ@b λαμβάνω@vpaanms γυνή@nafsc καί@cs ποιμήν@nafsc γίγνομαι@vipe3s"
"Arg._1.13","ὅτι@b νέμω@vppanms ἐν@p ὄρος@ndnsc σινᾶ@nnfsp ὁράω@vipa3s 2@ ὁ@dafs βάτος@nafsc ὁ@dnms μώσης@nnmsp καί@cs ἐνυπνιάζω@viap3s ἐπί@p ὁ@dafs αἴγυπτος@nafsp ἀπέρχομαι@vnaa-- ὁ@dnns περί@p ὁ@dgfs βακτηρία@ngfsc ὁ@dgms μῶμος@ngmsp θαῦμα@nnnsc ὁ@dafs εἰς@p ὁ@dams κόλπος@namsc βάλλω@vpapafs δεξιός@nafsc καί@cs ὁ@dans εἰς@p αἷμα@nansc μεταβάλλω@vpapans ὕδωρ@nansc ὅτι@cs μωυσῆς@nnmsp καί@cs ἀαρών@nnmsp ἔρχομαι@viaa3p εἰς@p αἴγυπτος@nafsp πρός@p φαραώ@nafsp ὅπως@cs ὁ@dnfs ῥάβδος@nnfsc μεταβάλλω@viap3s εἰς@p ὄφις@namsc ὅσος@ananp- ὁ@dnms μώσης@nnmsp κακός@ananp- ὁ@ddmp αἰγύπτιος@ndmpp ἐπάγω@viaa3s σκληρύνω@vppegms ὁ@dgms φαραώ@ngmsp ὅπως@cs ὁ@dans πάσχα@nansc διάβασις@nnfsc καί@cs ὑπερβασία@nnfsc ἐκ@p ἐκεῖνος@rpgns εἰκονίζω@vifm3s ὅσος@annmp- εἰμί@viia3p ὁ@dnmp στρατεύω@vnpe-- δύναμαι@vppenmp ἰουδαῖος@nnmpp ἐξέρχομαι@viaa3p ὁ@dgfs αἴγυπτος@ngfsp πόσος@anamp- ἐνιαυτός@nampc εἰς@p ὁ@dafs αἴγυπτος@nafsp ἀνύω@viaa3p ἰουδαῖος@nnmpp"
"Arg._1.14","πόσος@annms- εἰμί@viia3s ὁ@dnms διώκω@vppanms ὁ@damp ἰουδαῖος@nampp λαός@nnmsc ὁ@dgmp αἰγύπτιος@ngmpp ὅπως@b διαιρέω@viaa3s εἰς@p δύο@an---- ὁ@dafs θάλασσα@nafsc μέρος@nanpc καί@cs διαβιβάζω@viaa3s ὁ@dams λαός@namsc ὅτι@b ὑμνέω@viaa3s ᾠδή@nafsc μώσης@nnmsp καί@cs ὁ@ddnp ὅπλον@ndnpc αἰγύπτιος@ngmpp χράω2@viam3p ἰουδαῖος@nnmpp ὅτι@b παρά@nnmsp 3@ καί@cs μαιρράν@nnmsp ὁ@dnms ὁ@dans ὕδωρ@nansc ὁ@dans πικρός@anans- ’@ananp- ἄν@ ἔχω@vppanms τόπος@nnmsc καλέω@viap3s ὅπως@cs διά@p ξύλον@ngnsc γλυκαίνω@viap3s ὁ@dnns ὕδωρ@nnnsc 4@ ὅπως@b ὁ@dans τοιοῦτος@anans- θαῦμα@nansc ἰώσηπος@nnmsp ἑρμηνεύω@vipa3s περί@p ὁ@dgmp ὄρτυξ@ngmpc καί@cs ὁ@dgns μάννα@ngmsc ὅτι@cs ὁ@dnns μήν@x ἐπερώτησις@vipa3s δηλόω@vipa3s ὅτι@b ὁ@dnms ἀσσάρων@nnmsc 5@ μέτρον@nnnsc εἰμί@vipa3s ὅπως@cs ὁ@dnfs πέτρα@nnfsc παρά@p μῶμος@ngfsp ὕδωρ@nansc βρέχω@viaa3s ὅπως@b ὁ@dnms μώσης@nnmsp κατάτροπόω@viie3s ὁ@ddfs ἔκτασις@ndfsc ὁ@dgfp χείρ@ngfpc ὅπως@b ὥρα@nnmsp ’@nnfsc καί@cs ἀαρών@nnmsp ἀνέχω@viia3p ὁ@dafp χείρ@nafpc ὁ@dgms ἀδελφός@ngmsc"
"Arg._1.15","ὅτι@b μετά@p τρίμηνος@namsc ἐκ@p αἴγυπτος@ngfsp ἐπί@p ὁ@dans σινᾶ@namsp ὅρος@nansc πάρειμι1@viia3p ἰουδαῖος@nnmpp συμβουλή@nnfsc ὁ@dgms πενθερός@angms- μῶμος@ngfsp 1@n---c ὅπως@cs χρή@vipa3s δημαγωγέω@vnpe-- ὁ@dams λαός@namsc κατά@p ὁ@dans ὄρος@nansc σινᾶ@nnfsp λαμβάνω@viaa3s μώσης@ngfsp ὁ@dafp ἐντολή@nafpc ὅτι@b χρονίζω@vppagms εἰς@p ὁ@dans ὅρος@nansc ὁ@dnms λαός@nnmsc γογγίζω@viaa3s καί@cs τίς@rpans ποιέω@viaa3s ἀαρών@nnmsp πῶς@b ὁ@dnms μώσης@nnmsp συντρίβω@viaa3s ὁ@dafp πλάξ@nafpc ὀργίζω@vpapnms διά@p ὁ@dafs μοσχοποιία@nafsc καί@cs συντρίβω@vpaanms ὁ@dams μόσχος@namsc ποτίζω@viaa3s ὁ@dams λαός@namsc ἐκ@p ὁ@dgms χοῖος@ngmsc καί@cs ἀποκτείνω@viaa3s 2@ πολύς@anamp- καί@b 3@ ἀναβαίνω@viaa3s μώσης@nnmsp εἰς@p ὁ@dans ὄρος@nansc λέγω3@vppanms κύριος@nvmsc ἁμαρτάνω@vira3s ὁ@dnms λαός@nnmsc καί@b λαμβάνω@vpaanms δύο@an---- πλάξ@nafpc αὖθις@b ὑποστρέφω@viaa3s πρός@p ὁ@dams λαός@namsc περί@p ὁ@dgfs κατά@p ἐπιταγή@nafsc γίγνομαι@vpregfs σκηνή@ngfsc καί@cs ὁ@dgfs εἰς@p αὐτός@rpafs προσαγωγή@ngfsc ὁ@dgms λαός@ngmsc ὅς@rpafs ἔχω@viia3p"
"Arg._1.16","ὅτι@cs 4@ ἀρχιτέκτων@nnmpc ὁ@dgfs σκηνή@ngfsc βεσελεὴλ@nnmsp καί@cs ἐλιφάτξ@nnmsp περί@p ὁ@dgfs κιβωτός@ngfsc ἐν@p ὅς@rpdfs ὁ@dnfp δύο@ πλάξ@nnfpc καί@cs τις@rpnmp ὁ@dnmp δέκα@ λόγος@nnmpc 5@ ὁ@dnmp ἐν@p αὐτός@rpdfs οἶ@i δέκα@an---- λόγος@nvmpc 6@ περί@p ὁ@dgfs ἐν@p ὁ@ddms ναός@ndmsc κένωσις@ngfsc καί@cs ὁ@dgmp δώδεκα@an---- ἄρτος@ngmpc ὁ@dgmp ἄζυμος@angmp- ὅτι@b ἀρχιερεύς@nnmsc ἀαρών@nnmsp ψηφίζω@viap3s ὅτι@b ἑβραῖος@nnmpp εἰσφέρω@viia3p 7@ ὅτι@cs ὁ@dafs εἰσφορά@nafsc ἐλεύθερος@b ποιέω@viie3p ὁ@dnmp ἐβραῖος@nnmpp ὅτι@b παρά@p ὁ@danp προστάσσω@vpreanp θύω1@vpaagmp τις@ananp- μέρος@nanpc ὁ@dgns σῶμα@ngnsc κατακαίω@viap3p ὅτι@cs ἑξήκοντα@ μυριάς@nnfpc εὑρίσκω@viap3p καί@cs ἐπέκεινα@viaa1s"
"Arg._1.17","π@ λευιτικός@annfs- φυλή@nnfsc ὑπέρ@p δισμύριοι@anamp- καί@cs τρις@anamp- χίλιοι@anamp- ἀριθμέω@vpapnmp πρός@p ὀκτακόσιοι@andmp- καί@cs ὀγδοή@annfs- κοντα@ananp- ὅπως@cs ἐκ@p ἕκαστος@angfs- φυλή@ngfsc εἷς@ ὁ@vpaanms λαμβάνω@vpaanms κατά@p σκοπέω@vpfaams ὁ@dafs γῆ@nafsc 9@ ὁ@dafs τε@b δύναμις@nafsc ὁ@dgmp χαναάν@ngmsp ναίω@vppanms περί@p ὁ@dgfs στάσις@ngfsc ὁ@dgns πλῆθος@ngnsc καί@b 1@n---c ὁ@dgms κορέ@ngmsp καταβοάω@vppagms διά@p ὁ@dafs ἱερωσύνη@nafsc ἀαρών@nnmsp ὑπόθεσις@nnfsc 2@an---- μῶμος@ngfsp καί@cs ὅπως@cs γιγνώσκω@viap3s ὅτι@cs ὁ@dnms θεός@nnmsc ὁ@dams ἀαρών@namsp ἱερόω@vnpe-- ἐθέλω@vipa3s ὅπως@cs δαθὰν@nnmsp καί@cs ἀβειρών@nnmsp ὑπό@p γῆ@nafsc καταχώννυμι@viap3p κρίσις@nnfsc θεός@ngmsc δίκαιος@annfs- ὁ@ddmp περί@p ὁ@dgfs ἱερωσύνη@ngfsc ἁμιλλάομαι@vppedmp περί@p ὁ@dgfp βακτηρίη@ngfpc ὁ@dgfp ἔχω@vppagfp ὁ@danp ὁ@dgfp φυλή@ngfpc ὄνομα@nanpc ἐν@p ὅς@rpdfp καί@b ὁ@dnfs ἀαρών@nnfsp βλαστάνω@viaa3s ῥάβδος@nnfsc ὅς@rpnms ὁ@dnfs ὁ@dgmp λευίτης@ngmpp φυλή@nnfsc στρατεία@ngfpc ἀφίημι@viap3s καί@cs οἴη@anafp- πρόσοδος@nafpc ἔχω@viaa3s"
"Arg._1.18","ὅπως@cs θνήσκω@vira3s μαριὰμ@nnfsp ὁ@dnfs ὁ@dgms μῶμος@ngmsp ἀδελφή@nnfsc μή@b εἶδον@vpaanfs ὁ@dafs γῆ@nafsc ὁ@dgfs ἐπαγγελία@ngfsc καί@cs ἀαρών@nnmsp ὅμοιος@b καταλιμπάνω@vpaanms ἀρχιερεύς@namsc ὁ@dams υἱός@namsc ὅπως@cs ὁ@dnmp ἑβραῖος@nnmpp κατά@p ἀμοραῖος@ngmpp μάχομαι@viam3p καί@cs ἀναίρεσις@nnfsc ὁ@dgmp αὐτός@angmp- βασιλεύς@ngmpc 5@an---- σής@nnmsp καί@cs ὤγ@nnfsp περί@p σκήνωσις@ngfsc πρό@p 6@an---- ἱεριχώ@ngmsp περί@p βαλαάμ@ngmsp καί@cs ὁ@dgfs κατά@p ὁ@dafs ὁδός@nafsc αὐτός@rpgms ἐπιφάνεια@ngfsc ἄγγελος@ngmsc ὅτι@b ὁ@dnms βαλαάμ@nnmsp μωσέα@nafsp οὐ@b καταράομαι@viam3s ἀλλά@cs καί@b εὐλογέω@viaa3s κινέω@vppenms ἀέκων@annms- ἐκ@p θεός@ngmsc ὅτι@b κατά@p συμβουλή@nafsc βαλαάμ@ngmsp παρθένος@nampc ἀφίημι@viaa3s 7@an---- ὁ@ddmp ἰουδαῖος@ndmpp καί@cs παρανομέω@viaa3p δεινός@b ὅπως@b ὁ@dnms φινεές@nnmsp ὁ@dams ζαμβρήν@namsp 8@ σύν@p ὁ@ddfs μαδιανίτις@ndfsp κατορύσσω@viaa3s ἧσσα@nnfsc μαδιηναῖος@ngmpp καί@cs ἀναίρεσις@nnfsc πᾶς@angmp- ἄνευ@p γυνή@ngfpc παρθένος@ngfpc ὅτι@cs γηράσκω@vpaanms μώσης@nnmsp ἰησοῦς@namsp καταλείπω@viaa3s"
"Arg._1.19","ὅτι@b ὁ@dafs ἀμορῖτις@nafsp 9@ ὁ@ddms 10@ γὰδ@ndmsp καί@cs ῥουβίμ@ndmsp ὁρίζω@viaa3s μώσης@nnmsp διατάσσω@vpamnms εἷς@namsc ἕκαστος@annms- ὁ@dgfs οἰκεῖος@angfs- φυλή@ngfsc μένω@vppanms ἔχω@vspa3s ὁ@dams κλῆρος@namsc εἰ@cs δέ@cs ὁ@dgfs φυλή@ngfsc ἀλλοτριόω@vsap3s καί@b ὁ@dgms κλῆρος@ngmsc στερέω@vsap3s 2@b ὅπως@cs μετά@p ἐγώ@rpams ἔτος@nanpc λʼ@ ἐνδέω1@vppagfp ἡμέρα@ngfpc ὁ@dams οἰκεῖος@anams- θάνατος@namsc μώσης@nnmsp διαγιγνώσκω@viaa3s καί@cs συναθροίζω@vpaanms ὁ@dams λαός@namsc παραγγέλλω@viaa3s οὗτος@rpanp ὅπως@cs εἰς@p ὅρος@nansc ὑψηλός@anans- ἵστημι@vpaanms μώσης@nnmsp εἶδον@viaa3s ὁ@dafs γῆ@nafsc ὁ@dgfs ἐπαγγελία@ngfsc καί@cs οὕτως@b ἀφανής@annms- γίγνομαι@vira3s βιόω@vpaanms ἔτος@nanpc ἑκατόν@an---- εἴκοσι@an---- 4@ ὅς@rpgnp ἄρχω@viaa3s ὁ@dans τρίτος@anans- οὗτος@rpgnp περί@p ὁ@dgmp ὁ@dgfs ἱεριχώ@ngfsp κατάσκοπος@ngmpc περί@p ῥαὰβ@ngmsp ὁ@dgfs ἐν@p ἱεριχώ@ndfsp κρύπτω@vpaagfs ὁ@damp κατάσκοπος@nampc καί@cs ὅσος@rpanp ὑπισχνέομαι@viam3p αὐτός@rpdfs ποιέω@vnaa-- μετά@p ὁ@dafs ὁ@dgfs πόλις@ngfsc ἅλωσις@nafsc καί@b ὅτι@cs φοινικίς@nafsc ἀπαιωρέω@vnaa-- 5@ εἰς@p γνώρισμα@nansc ὁ@dgfs οἰκία@ngfsc ἐντέλλω@vile3s ὁ@dnfs γυνή@nnfsc ὅτι@b πρῶτος@annmp- ἱερεύς@nnmpc καί@cs λευίτης@nnmpp ὁ@dams ἰορδάνης@nafsp εἰσέρχομαι@vpaanmp ἀνακόπτω@viaa3p αὐτός@rpams καί@cs οὕτως@b ὁ@dnms λαός@nnmsc διά@viaa3s περάω@viaa3s"
"Arg._1.20","περί@p ὁ@dgms βωμός@ngmsc καί@cs ὁ@dgmp λίθος@ngmpc ὅς@rpamp λαμβάνω@viaa3s ἰησοῦς@nnmsp κατά@p ὁ@dams ἀριθμός@namsc ὁ@dgfp φυλή@ngfpc ἐκ@p ὁ@dgms ἰορδάνης@ngmsp ὅτι@b κατά@p ὁ@dafs πρῶτος@anafs- ὁ@dgfs ὁ@dgms πάσχα@ngmsc ἡμέρα@nafsc 7@ ἄρχω@viam3s ὁ@dnms ἰησοῦς@nnmsp πολιορκέω@vnpa-- ἱεριχώ@nnfsp καί@b ἴως@b ὁ@dgfs ἕβδομος@angfs- ἡμέρα@ngfsc ὁ@dans τεῖχος@nansc κυκλόω@vppanms μετά@p ὁ@dgmp ἱερεύς@ngmpc καί@cs ὁ@dgfs κιβωτός@ngfsc καί@cs μετά@p σάλπιγξ@ngmpc καί@b καταπίπτω@viaa3s ὁ@dans τεῖχος@nansc καί@cs ἀρά@vpaanms κατά@p ὁ@dgmp ποτέ@b βούλομαι@vpfpgnp 8@an---- ἀνεγείρω@vnaa-- ὁ@dafs πόλις@nafsc ἱεριχώ@nafsp ποιέω@viam3s περί@p ὁ@dgnp εὑρίσκω@vpapgnp χρῆμα@ngnpc ὅς@rpnnp ἀνατίθημι@viap3p ὁ@ddms θεός@ndmsc καί@b περί@p ὁ@dgms ἀποκρύπτω@vpaagms ὁ@dans χρυσίον@nansc καί@cs θ@cs ’@b ὅτι@cs ἀναιρέω@viap3s διά@p οὗτος@rpans ὅπως@cs σπένδω@viam3p γαβαωνίτης@nnmpp ὡς@b εἰμί@vppanmp ἀλλότριος@annmp- ἱεριχώ@ngfsp καί@cs 2@ ὅτι@cs ἰησοῦς@nampp μανθάνω@vpaanms ψεύδω@vnap-- ποιέω@viaa3s οὗτος@rpamp ξυλοκόπος@anamp- καί@cs ὑδροφόφος@anamp- ὁ@dgfs συναγωγή@ngfsc ὅπως@b ὁ@dams βασιλεύς@namsc ἱεροσόλυμα@ngnpp ἡττάω@viaa3s ἰησοῦς@nnmsp συμμαχέω@vppanms γαβαωνίτης@ndmpp ὅτε@cs καί@b ὁ@dnfs ἡμέρα@nnfsc αὐξάνω@viap3s ὅτι@cs γάλγαλα@nnfsp ὁ@dafs ἐλευθερία@nafsc ὁ@dnmp ἐβραῖος@nnmpp καλέω@vipa3p"
"Arg._1.21","περί@p ὁ@dgfs σκηνή@ngfsc ὅς@rpgfs ἵστημι@viaa3s ἰησοῦς@ngfsp εἰς@p σηλώμ@na-sp ὅτι@cs ὑπέργηρως@nnmsc ἰησοῦς@ngfsp τελευτάω@viaa3s ἔτος@ngnpc γίγνομαι@vpranms ἑκατόν@an---- δέκα@an---- ὅτι@b μετά@p θάνατος@namsc ἰησοῦς@ngfsp κατά@p ὁ@dgmp ἑβραῖος@ngmpp χαναναῖος@nnmpp ἐπανίστημι@viaa3p καί@cs ἡσσάομαι@viap3p ὅτι@b εὐθηνέω@vppenmp ἰουδαῖος@nnmpp καταφθείρω@viaa3p 4@ ὁ@dgmp νόμος@ngmpc καί@cs ὁ@dgnp ὅπλον@ngnpc"
"Arg._1.22","περί@p ὁ@dgms ξενόω@vpapgms ἐν@p γαβαώ@ndfsp λευίτης@ngmsp καί@cs ὁ@dgfs γυνή@ngfsc αὐτός@rpgms ὁ@dgfs βενιαμίτις@ngfsc 5@nvfsc ὅς@rpafs ὁ@dnmp εἰς@p αὐτός@rpafs πορνεύω@vppanmp διαφθείρω@viaa3p καί@b ὅτι@b οὗτος@rpafs εἰς@p δώδεκα@an---- μέρος@nanpc διαιρέω@viaa3s ὁ@dnms οὗτος@rpgfs ἀνήρ@nnmsc καί@cs ὁ@ddfp δώδεκα@an---- φυλή@ndfpc στέλλω@viaa3s ὁ@danp μέρος@nanpc εἰς@p ἔλεγχος2@namsc ὁ@dgns γίγνομαι@vpamgms περί@p γοθονιήλ@namsp καί@cs ὅπως@cs ἄρχω@viaa3s ὁ@dgms ἰσραηλίτης@ngmpp λαός@ngmsc μετά@p ὁ@dams γοθονιὴλ@namsp ἄναρχος@nnmpc εἰμί@vppanmp ὁ@dnmp ἰουδαῖος@nnmpp καταφρονέω@viap3p περί@p ὁ@dgms βενιαμίτης@ngmsp ἀώθ@nnmsp ἤ1@cs ἰούδας@nnmsp καί@cs ὅτι@cs ὁ@dams αἰγλώμ@namsp ἀναιρέω@viaa3s δόλος@ndmsc ὅπως@cs ἄρχω@viaa3s ὁ@dgms λαός@ngmsc ἀώθ@nnmsp"
"Arg._1.23","περί@p δευώρας@ngfsp ὁ@dgfs προφήτις@ngfsc καί@cs βαράκ@nnmsp 6@ ὁ@dgmp κατά@p ὁ@dgms σίσαρα@namsp στρατεύω@vpaagmp ὅτι@b φεύγω@vppanms σισάρας@nnmsp ἀναιρέω@viap3s παρά@p γυνή@ngfsc γάλα@ndnsc μεθύσκω@vpapnms θάνατος@nnmsc δευώρας@ngfsp καί@cs βαράκ@ngmsp περί@p γεδεών@namsp καί@cs ὅσος@ananp- ποιέω@viaa3s ὁ@dnms ὁράω@vpapnms αὐτός@rpdms ἄγγελος@nnmsc παραθαρσύνω@vppanms αὐτός@rpams εἰς@p ὁ@dams κατά@p ὁ@dgmp ἐναντίος@angmp- πόλεμος@namsc περί@p ὁ@dgfs 1@ πόκος@ngmsc καί@cs ὁ@dgfs δρόσος@ngfsc περί@p ὁ@dgmp ἐν@p ὁ@ddns πίνω@vnpa-- λάπτω@vpaagmp περί@p ὁ@dgfs ἐν@p ὕπνος@ndmpc κριθίνη@angfs- μάζης@ngfsc τίς@rpans δηλόω@vipa3s ὅπως@cs ὁ@dams οἰκεῖος@anams- λαός@namsc συντάσσω@viaa3s γεδεών@nnmsp ὅτι@b γηραιός@annms- τελευτάω@viaa3s γεδεών@nnmsp καταλιμπάνω@vpaanms υἱός@nampc ἐκ@p διάφορος@angfp- γυνή@ngfpc ἑβδομήκοντα@an---- καί@cs εἷς@anams- ἐκ@p παλλακή@ngfsc ὅς@rpnms ὁ@damp ἑβδομήκοντα@an---- ἐκτείνω@viaa3s καί@cs τυραννεύω@viaa3s ὅτι@cs γύναιον@nnnsc ἄνωθεν@b βάλλω@vpaanns κτείνω@vipa3s ὁ@dams ἀβιμέλεχ@namsp ὅτι@b ἰεφθάε@nnmsp ὑπισχνέομαι@viam3s θύω@vnaa-- ὁ@dans πρῶτος@anans- συναντάω@vpaanns εἰ@cs νικάω@vifa3s καί@b οὕτως@b θύω@vipa3s ὁ@dafs θυγάτηρ@nafsc"
"Arg._1.24","ὅτι@cs σαμψών@nnmsp ἰσχύς@nafsc σημαίνω@vipa3s ὅπως@b γεννάω@viap3s σαμψών@nnmsp ὅτι@cs ναξοραῖος@nnmsp 2@ ὁ@dnms ἀφορίζω@vprenms θεός@ndmsc ὅτι@b ὁ@dnms πατήρ@nnmsc σαμψών@nnmsp μανωέ@nvmsp ζητέω@viia3s μανθάνω@vnaa-- ὁ@dgms προσομιλέω@vppagms ἄγγελος@ngmsc ὁ@dans ὄνομα@nansc ὁ@dnms δέ@b θαυμαστός@anans- λέγω@viaa3s εἰμί@vnpa-- οὗτος@rpans καί@cs σιωπάω@viaa3s ὅτι@cs θεῖος2@andns- πῦρ@ndnsc κατακαίω@viap3s ὁ@dnfs θυσία@nnfsc μανωέ@nvmsp ὅπως@b ἔραμαι@viap3s ὁ@dnms σαμψών@nnmsp γυνή@ngfsc ἀλλόφυλος@angfs- καί@cs ὅπως@cs ἀναιρέω@vipa3s ὁ@dams λέων@namsc καί@cs εὑρίσκω@vipa3s σμῆνος@ngmsc μέλισσα@ngfpc ἐν@p ὁ@ddms στό@ndmsc ματι@b αὐτός@rpgms καί@b ὅτι@cs ὁ@danp περί@p οὗτος@rpgms πρόβλημα@nansc τίθημι@viam3s καί@b ὅπως@b οὗτος@rpans ὁ@ddfs γυνή@ndfsc ἐξηγέομαι@viam3s αἰτέω@vpamnfs σύν@p δάκρυον@ndnpc ὅτι@b διά@p ὁ@dans ὁ@dafs γυνή@nafsc ἕτερος@andns- συζυ@nansc γῆ@nnfpc ὀργίζω@viap3s σαμψών@nnmsp καί@b λαμβάνω@vpaanms ἀλώπηξ@nafpc τρια@ananp- κοσίας@anafp- λαμπάς2@nafpc ἅπτω@vpreafp ὁ@ddfp ἐκεῖνος@rpgmp οὐρά@ndfpc προς@p δέω@viaa3s καί@cs οὕτως@b ὁ@danp ὁ@dgfp παλαιστηνός@ngfpp κατακαίω@viaa3s λήιον@nanpc οἶ@nnmpc δέ@b κατακαίω@viaa3p ὁ@dafs γυνή@nafsc ὅτι@b ἑκών@annms- ἑαυτοῦ@rpams δέω1@vpreams ὁ@ddmp ἀλλόφυλος@andmp- παραδίδωμι@viaa3s ὁ@dnms σαμψών@nnmsp ὁ@dnms δέ@b διά@p νεᾶνις@ngmsc ὄνος@ngmsc ἀποκτείνω@viaa3s πολύς@anamp- ὅθεν@b καί@b νεᾶνις@namsp ὁ@dams τόπος@namsc καλέω@viaa3p ὅπως@cs ἀπό@p ὁ@dgfs νεᾶνις@ngfsc πίνω@viaa3s σαμψών@nnmsp ὅπως@b ὁ@dafp πύλη@nafpc σύν@p ὁ@ddfp παραστάς@ndfpc μετατίθημι@viam3s σαμψών@nnmsp ὅτι@cs ἀπατάω@viaa3s σαμψών@nnfsp ὁ@dnfs δαλιεός@annfs- καί@cs μανθάνω@vpaanfs ὁ@dafs ἀπό@p ὁ@dgfs θρίξ@ngfsc ἰσχύς@nafsc ἐκκόπτω@vmpa2s ὁ@dafs τρίχα@nafsc καί@b αὐτός@angms- ἀσθενέω@vpaagms ἐκκόπτω@vipa3p αὐτός@rpgms ὁ@damp ὀφθαλμός@nampc οἶ@dnmp ἐχθρός@annmp- ὅπως@cs ὁ@dgfs κόμη@ngfsc αὐξάνω@vppegfs καί@b ὁ@dnfs ἰσχύς@nnfsc αὐξάνω@viie3s ὁ@dgms σαμψών@nnmsp καί@b ὅπως@b ὁ@damp κίων@nampc κατασείω@viaa3s καί@b ὁ@dafs οἰκία@nafsc ῥίπτω@viaa3s κατά@p ἑαυτοῦ@rpgms καί@cs πᾶς@anamp- ἀπό@p ἐκτείνω@viaa3s σύν@p ἑαυτοῦ@rpamd"
"Arg._1.25","ὅτι@b μετά@p ὁ@dams σαμψών@namsp οὐκέτι@b κριτής@nnmpc ἄγω@viia3p ὁ@dams ἰσραήλ@namsp ἀλλά@cs ὁ@dnms ἀρχιερεύς@nnmsc ἠλεῖος@nnfsp περί@p ὁ@dgfs νοεμίς@nafsp καί@b ὁ@dgfs ὀρφός@nafsp καί@cs ὁ@dgfs ῥούθ@nnmsp ὅπως@cs ὁ@dnfs νοεμίς@nnfsp εὐτυχία@nafsc δηλόω@vipa3s μάρα@nnfsp δέ@x ὀδύνη@nafsc ὅπως@cs ὁ@dnms βοῦς@nnmsc ὁ@dafs ῥοὺθ@nafsp εἰς@vipa3p ἄγω@vpaanms εἰς@p ὁ@dafs γερουσία@nafsc καί@b ὁ@dams συγγενής@anams- ἔρομαι@viam3s εἰ@cs οὗτος@rpafs βούλομαι@vipe3s ἄγω@vnaa-- ὁ@dgms δέ@b παραιτέομαι@vpamgms λαμβάνω@vipa3s αὐτός@rpafs καί@cs ὅτι@cs κατά@p ὁ@dams νόμος@namsc γίγνομαι@vira3s ὁ@dnnp σημεῖον@nnnpc ὁ@dgfs παραίτησις@ngfsc ὅτι@cs ὠβήδ@nnfsp 1@n---c δουλεύω@vppanms ἑρμηνεύω@vipe3s περί@p σαμουήλ@nafsp ὅτι@cs ὁ@dnms ἠλεί@nnmsp προεῖπον@viaa3s ὁ@ddfs ἄννα@ndfsp ὁ@dafs ὁ@dgms σαμουὴλ@ngmsp γέννησις@nafsc ὅτι@b προσάγω@viap3s ὁ@ddms εἴλω@ndnsp μετά@p ὁ@dans γεννάω@vnap-- σαμουὴλ@nnmsp ὅτι@cs κοιμάω@vppeams ὁ@dams σαμουὴλ@namsp καλέω@viaa3s ὁ@dnms θεός@nnmsc πρόρρησις@nnfsc διά@p ὁ@dgms σαμουὴλ@ngmsp ὁ@dgfp εἰμί@vpfmgnp ὁ@ddmp ἰσραηλίτης@ndmpp καί@cs ὁ@ddmp παῖς@ndmpc ὁ@dgms ἠλεί@ngmsp συμφορά@ngfpc"
"Arg._1.26","κίνησις@nnfsp παλαιστηνός@ngmpp 2@ κατά@p ἰσραηλίτης@ngmpp καί@b ὁ@dgfs κιβωτός@ngmsc ἀποστολή@nnfsc εἰς@p βοήθεια@nafsc καί@b ἑβραῖος@ngmpp ἧσσα@nnfsc καί@b φόνος@nnmsc ὁ@dgmp παῖς@ngmpc ἠλεί@ngmsp καί@b ἅλωσις@nnfsc ὁ@dgfs κιβωτός@ngfsc καί@cs θάνατος@nnmsc διά@p οὗτος@rpans ὁ@dgms ἠλεῖος@ngmsp ἐνενή@annfs- κοντα@annnp- ἔτος@ngnpc γίγνομαι@vpamgns ὅτι@b εἰς@p ἄξων@nafsp πόλις@nafsc οἶ@nnmpc ἀλ@n---c λόλος@nnmpc ὁ@dafs κιβωτός@anafs- ἀπάγω@viaa3p καί@cs ἀνατίθημι@viam3p ἐν@p εἰδωλεῖον@andms- θεός@ndmsc δαγών@nnmsp καί@cs διαπίπτω@vira3s ὁ@dans εἴδωλον@nansc ὅτι@b δυσεντερία@nnfsc ἐνσκήπτω@viaa3s ὁ@ddfs πόλις@ndfsc ἀζωτίων@ngmpp καί@cs μῦς@nnmpc ἐκ@p ὁ@dgfs γῆ@ngfsc ἀναδίδωμι@viap3p ὅτι@cs ἀπό@p πόλις@ngfsc εἰς@p πόλις@nafsc ὁ@dnfs κιβωτός@nnfsc πέμπω@vppenfs παρά@p ὁ@dgmp παλαιστηνός@ngmpc κακόω@vipa3s αὐτός@rpafp ὅπως@b ἀποστέλλω@viap3s ὁ@dnfs κιβωτός@nnfsc ἐπί@p ἄμαξα@ngfsc ἀνατίθημι@vpamgmp ὁ@dafs ὁ@dgfs κιβωτός@ngfsc ἄφιξις@nafsc ὁ@ddfs ὁρμή@ndfsc ὁ@dgmp βοῦς@ngmpc ὁ@dgmp ἀλλόφυλος@angmp- 1@ ὅτι@cs βοῦς@nnmpc ἀπάγω@viaa3p μόνος@annmp- εἰς@p ὁ@damp ἰσραηλίτης@nampp ὁ@dafs κιβωτός@nafsc ὅτι@cs ὁ@damp ἅπτω@vpamamp ὁ@dgfs κιβωτός@ngfsc ἀνίερος@anamp- ἀποκτείνω@viaa3s ὁ@dnms θεός@nnmsc ὅτι@cs ὁ@dnms σαμουὴλ@nnmsp ἀντί@p ἐλευθερία@ngfsc πεύθομαι@viam3s ὅτι@cs ὁ@dnmp παλαιστηνός@nnmpp προσβάλλω@vpaanmp ὁ@ddmp ἑβραῖος@ndmpp ἡσσάομαι@viae3p σεισμός@ngmsc γίγνομαι@vpragms καί@cs βροντή@ngfpc 3@ καί@cs ἀστραπή@ngfpc ὅς@rpdfp ἐκδειματόω@viap3p καί@cs οὐκέτι@b προσβάλλω@viaa3p"
"Arg._1.27","ὅτι@cs ὁ@dnms 4@ σαμουὴλ@nnmsp γηράσκω@vpranms ὁ@ddmp υἱός@ndmpc ὁ@dafs κρίσις@nafsc ὁ@dgms λαός@ngmsc ἀνατίθημι@vipa3s ὅτι@b ὁ@dnms λαός@nnmsc διά@p ὁ@dafs ὁ@dgmp υἱός@ngmpc ὁ@dgms σαμουὴλ@ngmsp κακία@nafsc βασιλεύς@namsc ζητέω@viaa3p καί@cs ὁ@dnms σαμουὴλ@nnmsp δίδωμι@vnra-- ὑπισχνέομαι@viam3s προεῖπον@vpaanms ἐγώ@rpams ταμελέω@vnfa-- αὐτός@rpdmp 6@ εἰ@cs λαμβάνω@voaa3p βασιλεύς@namsc περί@p σαούλ@ngmsp καί@b ὅπως@cs εἰς@p βασιλεύς@namsc χρίω@viap3s ἀναζητέω@vppanms ὁ@damp ὄνος@nampc ὁ@dgms πατήρ@ngmsc τις@ananp- σημεῖον@nanpc ἐπί@p ὁ@ddns χρῖσμα@ndnsc δίδωμι@vira3s ὁ@ddms σαοὺλ@ndmsp ὁ@dnms σαμουήλ@nnmsp ὅτι@cs ὁ@dnms κλῆρος@nnmsc ἐπί@p ὁ@dams σαοὺλ@namsp πίπτω@viaa3s καί@b ἐπιζητέω@viaa3p αὐτός@rpams καί@cs εὑρίσκω@viaa3p ἄπειμι1@vpaaams ὅτι@b ζητέω@viaa3s ὁ@dnms ὁ@dgmp ἀμμανῖται@ngmpp βασιλεύς@nnmsc ἐξαιρέω@vnaa-- ἕκαστος@angms- δεξιός@anams- ὀφθαλμός@namsc ὁ@dgmp γαλααδ@ngmpp καί@cs οὕτως@b ἀπαλλάσσω@vnap-- αὐτός@rpgmp ὅτι@cs προίξ@anafs- εφητεύω@viaa3s σαοὺλ@nnmsp ὁ@dafs ἀπώλεια@nafsc ὁ@dgmp ἐχθρός@ngmpc ὅπως@cs κατάτροπόω@viam3s ἀμμανῖται@nnmsp ὁ@dnms σαούλ@nnmsp ὁ@dnfs δεύτερος@annfs- ὁ@dgms σαοὺλ@ngmsp ἀναγόρευσις@nnfsc ποτέ@b εἰμί@viia3p ἑβραῖος@nnmpp ἀριστοκρατέομαι@vppenmp καί@b ποτέ@b ἄναρχος@annmp- καί@b ποτέ@b κρίνω@viie3p καί@cs ποτέ@b βασιλεύω@viie3p"
"Arg._1.28","ὅτι@b ἐν@p ἀκμή@ndfsc θέρος@ngnsc χειμών@nnmsc γίγνομαι@vira3s ὅτι@b καί@b πάλιν@b ὁ@dnmp παλαιστηνός@nnmpp ὁ@damp ἑβραῖος@nampp κατατρώγω@viaa3p ὅπως@b ὁ@dnms ἰωνάθας@nnmsp προσβάλλω@viaa3s ὁ@ddmp πολέμιος@ndmpc καί@cs ἡττάω@viaa3s αὐτός@rpamp ὅτι@cs ἀρή@nafsc τίθημι@viam3s σαοὺλ@nnmsp ὁ@dgms μή@b ἐσθίω@vnaa-- τις@rpams ἕως@p νύξ@ngfsc ἀλλά@cs διώκω@vpaanms ἀκρατῶς@b ὁ@damp ἐχθρός@nampc καί@cs ὅτι@cs μή@b ἀκούω@vpaanms ὁ@dgfs ἀρά@ngfsc ἐσθίω@viaa3s ἰωνάθας@namsp διά@p οὗτος@rpans γίγνομαι@vira3s ἧσσα@anansc καί@cs ὅτι@cs μέλλω@viia3s οὗτος@rpams 2@ ἀναιρέω@vnaa-- ὁ@dnms πατήρ@nnmsc εἰ@cs μή@b ἁρπάζω@viaa3s αὐτός@rpams ὁ@dnms λαός@nnmsc"
"Arg._1.29","ὅτι@b κατά@p κέλευσις@nafsc θεός@ngmsc εἶπον@viaa3s σαμουὴλ@nnmsp ὁ@ddms σαοὺλ@ndmsp συμβάλλω@vnaa-- ἀμαληκῖται@ndmpp καί@cs πᾶς@anamp- κτείνω@vnaa-- καί@b ὅτι@b προσβάλλω@vpaanms νικάω@viaa3s ὁ@dams δέ@cs βασιλεύς@namsc αὐτός@rpgmp οὐ@b ἀποκτείνω@viaa3s καί@b διά@p οὗτος@rpans ἀκούω@vipa3s ἀπό@p σαμουὴλ@ngmsp ἀφαιρέω@vnap-- ὁ@dafs βασιλεία@nafsc ὅτι@b ὁ@dgms σαμουὴλ@ngmsp ὑπό@p χωρέω@vppagms κατέχω@viaa3s ὁ@dafs διπλόις@nafsc αὐτός@rpgms σαούλ@nnmsp παρακαλέω@vppanms ἱλάομαι@vnam-- ὁ@dams θεός@namsc καί@b σχίζω@viap3s ὁ@dnfs διπλόος@nnfsc καί@cs εἶπον@viaa3s σαμουὴλ@nnmsp οὕτως@b διαιρέω@vnap-- ὁ@dafs βασιλεία@nafsc αὐτός@rpgms καί@b ὀψέ@b παρακαλέω@viap3s σαμουὴλ@nnmsp εἶπον@vpaanms ἱκετεύω@vnaa-- ὁ@dams θεός@namsc εἰ@cs ὁ@dams βασιλεύς@namsc ἀμαληκίτης@ngmpp κτείνω@vipa3s σαούλ@nnmsp ὅτι@cs ἀπό@p πᾶς@angmp- ὁ@dgmp ἀδελφός@ngmpc ὁ@dnms δαβίδ@nnmsp χρίω@viap3s εἰς@p βασιλεύς@namsc καί@cs ὅτι@cs ἐπέρχομαι@viaa3s ἐπί@p ’@p αὐτός@rpams πνεῦμα@nnnsc προφητεία@ngfsc ὑποχωρέω@vppaans ἀπό@p σαούλ@ngmsp ὅτι@cs πνεῦμα@nnnsc πονηρός@annns- πνίγω@viia3s ὁ@dams σαούλ@namsp ὅς@rpnns κατεπᾴδω@viia3s δαβίδ@ndfsp ψάλλω@vppanms μετά@p κιννύρα@nafpc καί@b ὁπλοφόρος@annms- ὁ@ddms αοὺλ@nnmsc χρηματίζω@viia3s περί@p ὁ@dams ἐπέρχομαι@vpaagmp ἀλλόφυλος@angmp- ὁ@ddmp ἰσραηλίτης@ndmpp καί@cs περί@p γολιὰθ@namsp οἷος@rpnms εἰμί@viia3s καί@cs ὅπως@cs ὁ@dnms δαβίδ@nnmsp αὐτός@rpams νικάω@viaa3s καί@cs περί@p ὁ@dgnp ὅπλον@ngnpc ὁ@dgms γολιάθ@ngmsp ὁ@dnms δαβίδ@nnmsp θαρσέω@vnpa-- λέγω3@vipa3s ἐπί@p ὁ@ddms ἐνἰσχύω@vpaadms αὐτός@rpams κατά@p ὁ@dgfs ἄρκτος@ngfsc καί@cs κατά@p ὁ@dgms λέων@ngmsc ὅτι@b ἄοπλος@annms- πρός@b ’@b βάλλω@viaa3s δαβίδ@nnmsp ὁ@ddms γολιάθ@ndmsp μόνος@anamp- πέντε@an---- λίθος@nampc φέρω@vppanms καί@cs ὁ@dafs σφενδόνη@nafsc ὅπως@b λίθος@ndmsc διά@p σφενδόνη@ngfsc ὁ@dams γολιὰθ@namsp καταβάλλω@viaa3s δαβίδ@nnmsp καί@cs ἀναιρέω@viaa3s αὐτός@rpams ὁ@ddfs οἰκεῖος@andfs- ῥομφαία@ndfsc αὐτός@rpgms καί@cs οὕτως@b ἡσσάομαι@vipe3p οἶ@nnmpc ἀλλόφυλος@annmp-"
"Arg._1.30","ὅτι@cs ἀνατίθημι@viam3s δαβίδ@nafsp ὁ@dafs ῥομφαία@nafsc ὁ@dgms γολιὰθ@ngmsp ὁ@ddms θεός@ndmsc ὅπως@cs φθονέω@vnaa-- ὁ@dams δαβίδ@namsp κινέω@viap3s σαούλ@nnmsp ὅπως@b ψάλλω@viaa3s δαβίδ@nafsp ἐπί@p σαοὺλ@ndmsp δαιμονιάζω@vppedms ὁ@dnms δέ@b ἐπιχειρέω@viaa3s βάλλω@vnpa-- ὁ@ddns δόρυ@ndnsc καί@cs ἀτυχέω@viaa3s ὅτι@b ἐράω1@viia3s δαβίδ@ndmsp ὁ@dnfs θυγάτηρ@nnfsc σαούλ@ngmsp καί@cs ὑπισχνέομαι@viam3s ὁ@dams γάμος@namsc εἰ@cs ἑκατόν@an---- ἀκροβυστία@nafpc ἐνέγκω@voaa3s αὐτός@rpdms δαβίδ@nnmsp ὅς@rpans καί@b ποιέω@vira3s ὁ@dnms δαβίδ@nnmsp ὅπως@b ἐπιβουλεύω@viia3s ἀεί@b σαοὺλ@nnmsp ὁ@ddms δαβίδ@ndmsp ὅπως@b καί@b πάλιν@b ὁ@dnms δαβίδ@nnmsp νικάω@viaa3s ὁ@damp πολέμιος@nampc ὅπως@b πρός@p ὁ@dafs ἀποστολή@nafsc ὁ@dgms σαοὺλ@ngmsp ὁ@dnfs θυγάτηρ@nnfsc αὐτός@rpgms ἀντιμηχανάομαι@viam3p ὁ@dams δαβίδ@namsp προπέμπω@vpaanfs καί@cs ἧπαρ@nansc αἴξ@ngmsc νεοσφαγής@angms- ἐν@p ὁ@ddfs κλίνη@ndfsc κατακρύπτω@vpaanfs ὅπως@b διάφορος@b προφητεύω@viia3p τότε@b πολύς@annmp- ὅτι@cs ἐρῶ@vire3s ὁ@dnns εἰ@cs καί@b σαοὺλ@nnmsp ἐν@p προφήτης@ndmpc"
"Arg._1.31","αἶ@i ’@x φυγή@nvfpc ὁ@dgms δαβίδ@ngmsp ὅπως@b ὁ@damp ἅγιος@anamp- ἄρτος@nampc φαγεῖν@viaa3s δαβίδ@nnmsp καί@cs ὁ@dafs ῥομφαία@nafsc ὁ@rpgms γολιὰθ@nnmsp λαμβάνω@viaa3s ὅτι@cs μανία@anafs- ὑποκρίνομαι@viap3s δαβίδ@nnmsp περί@p δωήκ@ngmsp ὁ@dgms δοῦλος@ngmsc σαούλ@ngmsp καί@b ὅπως@cs καταγγέλλω@viaa3s περί@p ὁ@dgmp ἄρτος@ngmpc καί@cs ὁ@dgfs ῥομφαία@ngfsc καί@cs ὅπως@cs διά@p αὐτός@rpgms ἐκτάνθη@viap3s ὁ@dnms ἀρχιερεύς@nnmsc ἐκεῖνος@annms- καί@cs ὁ@dnns γένος@nnnsc αὐτός@rpgms πάλιν@b ἐπιβουλή@nnfsc κατά@p δαβίδ@nafsp ὅπως@b διά@p ὁ@dafs ὁ@dgfs γαστήρ@ngfsc ἀνάγκη@nafsc εἰσέρχομαι@viaa3s σαοὺλ@nnmsp εἰς@p ὁ@dans σπήλαιον@nansc ἔνθα@b εἰμί@viia3s ὁ@dnms δαβίδ@nnmsp καί@cs οὐ@b ἀποκτείνω@viaa3s αὐτός@rpams ἀλλά@cs ’@cs λαμβάνω@viaa3s μέρος@nansc ὁ@dgfs διπλόις@ngfsc ὅρκος@nnmsc δαβίδ@ngmsp πρός@p σαοὺλ@namsp ὅτι@cs οὐ@b κάκωσις@vifa3s ὁ@dnns γένος@nnnsc αὐτός@rpgms"
"Arg._1.32","περί@p νάβαλ@ngmsp ὁ@dgms ἀπάνθρωπος@b ἀποκρίνω@vpamgms πρός@p ὁ@damp παρά@p ὁ@dgms δαβίδ@n---p στέλλω@vpaaamp καί@cs περί@p ὁ@dgfs 1@ γυνή@ngfsc νάβαλ@nnmsp ὅπως@cs ἐξιλεόω@viam3s τηνικαῦτα@b ὁ@dams δαβίδ@namsp ὅτι@cs ὁ@dnns νάβαλ@nnnsp ἀφροσύνη@nafsc δηλόω@vipa3s ὅπως@b ἐκ@p λύπη@ngfsc ἀποθνήσκω@viaa3s νάβαλ@nnmsp δειματόω@vpapnms καί@cs λαμβάνω@viaa3s δαβίδ@nafsp ὁ@dafs γυνή@nafsc αὐτός@rpgms καί@cs ὅπως@cs ἐπιβουλεύω@viaa3s αὐτός@rpams σαούλ@nnmsp ὅπως@b κοιμάω@vppedms ὁ@ddms σαοὺλ@ndmsp ἐφίστημι@viaa3s δαβίδ@nnmsp καί@cs οὐ@b ἀναιρέω@viaa3s αὐτός@rpams ὅτι@cs 2@b φακός@nnmsc ἀγγεῖον@nnnsc ὑδατηρός@annns- περί@p ὁ@dgfs ἐκ μαντεία@ngfsc καί@b ὅπως@b δοκέω@viaa3s ἀνάγω@vnap-- σαμουὴλ@nnmsp ἐκ@p νεκρός@angmp- καί@cs οἷος@ananp- λέγω@viaa3s ὁ@dnms ἀνάγω@vpapnms ὁ@ddms σαούλ@ndmsp περί@p ὁ@dgmp μετά@p δαβίδ@namdp στρατεύω@vpamgmp τετρακόσιοι@angmp- καί@b ὁ@dgfs νίκη@ngfsc καί@b περί@p ὁ@dgmp φεύγω@vpaagmp ἐν@p δρομάς@andmp- κάμηλος@ndmpc καί@cs ὁ@dgmp λοιπός@angmp- διακόσιοι@angmp- ὅς@rpamp ἀφίημι@viaa3s εἰς@p φυλακή@nafsc ὁ@dgnp σκεῦος@ngnpc ὁ@dnms δαβίδ@nnmsp καί@cs ὅτι@cs συμμεριστής@nnmpc ὁ@ddmp τετρακόσιοι@andmp- γίγνομαι@vira3p ὁ@dnmp διακόσιοι@annmp- οἶ@dnmp ὁ@danp σκεῦος@nanpc φυλάσσω@vppanmp θάνατος@nnmsc ὁ@dgmp παῖς@ngmpc ὁ@dgms σαοὺλ@ngmsp καί@cs ὅτι@cs σφάζω@viaa3s ἑαυτοῦ@rpams ὁ@dnms σαοὺλ@nnmsp καί@cs ὁ@dnms ὁπλοφόρος@annms- αὐτός@rpgms ὅτι@b μετά@p ὁ@dans ἀποθνήσκω@vnaa-- ὁ@dams σαοὺλ@namsp καί@b ὁ@damp παῖς@nampc αὐτός@rpgms ἀφαιρέθω@viaa3p ὁ@dafp κεφαλή@nafpc ὁ@dnnp δέ@cs σῶμα@nnnpc οὗτος@rpgmp ἀνασταυρόω@viap3p"
"Arg._2.1","ὅτι@b κολάζω@viaa3s ὁ@dnms δαβίδ@nnmsp ὁ@dams κατά@p ὁ@dgns 3@ σαοὺλ@nnmpp ἐπέρχομαι@vpaaams καί@cs τιτρώσκω@vpaaams διά@p ὁ@dans εἰμί@vnpa-- χριστός@anams- κύριος@ngmsc ὅτι@cs ἐν@p πόλις@ndfsc χεβρών@n---p αἱρέω@viap3s βασιλεύς@nnmsc ὁ@dnms δαβίδ@nnmsp παρά@p ὁ@dgfs ἰούδας@ngmsp φυλή@ngfsc ὅπως@b ὁ@dnms ἀβεννήρ@nnmsp διώκω@vppenms πλήσσω@viaa3s ἐξόπιθεν@b καίριος@b ὁ@dams διώκω@vppaams ἀσαήλ@nnmsp καί@cs ἐκτείνω@viaa3s ὅτι@b ἐπί@p πολύς@anans- πολεμόω@viia3p ἀλλήλων@rpdmp ὁ@dnmp ὁ@dgms σαοὺλ@nnmpp καί@cs ὁ@dnmp ὁ@dgms δαβίδ@ngmsp ὑπερίσχυον@anans- δέ@cs οἶ@dnmp ὁ@dgms δαβίδ@ngmsp ὅτι@b ὁ@dnms ἀβεννήρ@nnmsp προσρέω@viap3s ὁ@ddms δαβίδ@ndmsp καί@cs πείθω@viaa3s καί@b ὁ@damp λοιπός@anamp- προσέρχομαι@vnaa-- αὐτός@rpdms ὅτι@b ἀναιρέω@viaa3s ἰά@nnfsp ὁ@dams ἀβεννήρ@nnmsp ἐν@p δόλος@ndmsc ἀναίρεσις@nnfsc ἰεβοσθέ@ngmsp 1@ υἱός@ngmsc σαούλ@ngmsp καί@cs ὅτι@cs ὁ@damp ἀναιρέω@vpaaamp αὐτός@rpams ἀναιρέω@viaa3s δαβίδ@nnfsp ποτέ@b παρά@p πᾶς@angns- ὁ@dgms ἰσραήλ@nnmsp χρίω@viap3s εἰς@p βασιλεύς@namsc δαβίδ@namsp καί@cs ὅτι@cs τριακονταέτης@annms- εἰμί@viia3s ὅτε@cs μόνος@angfs- ὁ@dgfs ὁ@dgms ἰούδας@ngmsp φυλή@ngfsc ἄρχω@viaa3s ὅτι@b ὁ@dafs πόλις@nafsc ἰεβοῦς@ngfsp πολιορκέω@vpaanms καί@cs αἱρέω@vpaanms ὁ@dnms δαβίδ@nnmsp ὁ@damp ἐκεῖ@b κατοικέω@vppaamp διώκω@viaa3s ἐπί@p οἰκεῖος@andns- δέ@cs ὄνομα@ndnsc οὗτος@rpafs ἀνοικοδομέω@viaa3s ὁ@dafs νῦν@b ἱεροσόλυμα@nanpp καλουνη@vppeafs"
"Arg._2.2","προσβολή@nnfsp δαβίδ@ngmsp κατά@p ὁ@dgmp ἐναντίος@angmp- καί@cs ἧσσα@ananp- αὐτός@rpgmp περί@p ὁ@dgfs εἰς@p ἱεροσόλυμα@nanpp ἀπαγωγή@ngfsc ὁ@dgfs κιβωτός@ngmsc ὅτε@cs καί@b ὁ@dnms δαβίδ@nnmsp ἅλλομαι@viam3s 2@ ἔμπροσθεν@p αὐτός@rpgfs καί@cs ὁ@dnms ἅπτω@vpamnms αὐτός@rpgfs θνήσκω@vira3s ὡς@cs ἀνίερος@annms- ὅτι@cs οὐ@b ἀσχημοσύνη@nafsc ἡγέομαι@viie3s δαβίδ@nnmsp ὁ@dans ὀρχέομαι@vnpe-- καί@cs ψάλλω@vnpa-- ἔμπροσθεν@b ὁ@dgfs κιβωτός@ngfsc ὅτι@cs κωλύω@viap3s δαβίδ@nafsp οἶκος@namsc κατασκευάζω@vnaa-- ὁ@ddfs κιβωτός@ndfsc περί@p ὅς@angnp- ἀγαθός@angnp- ποιέω@viia3s ὁ@dnms δαβίδ@nnmsp ὁ@ddms ἔγγονος@andms- σαούλ@ndmsp"
"Arg._2.3","περί@p ὁ@dgmp διά@p παρηγορία@nafsc ἀποστέλλω@vpapgmp παρά@p ὁ@dgms δαβίδ@ngmsp πρός@p ὁ@dams υἱός@namsc ὁ@dgms βασιλεύς@ngmsc ἀμμανῖται@ngmpp καί@cs δοκέω@vpaagmp κατάσκοπος@ngmpc καί@cs ξυρέω@vpapgmp ὁ@dafp κεφαλή@nafpc καί@cs ὁ@damp πώγων@nampc διό@b καί@b πόλεμος@nnmsc αἴρω@viap3s κατά@p ἀμμανῖται@ngmpp περί@p ὁ@dgfs βηρσαβεέ@ngmsp καί@b ὅπως@cs ἔραμαι@viap3s αὐτός@rpgfs ὁ@dnms δαβίδ@nnmsp καί@cs ὅπως@cs ἀναιρέω@viaa3s οὔριος@namsp ὁ@dams ἀνήρ@namsc αὐτός@rpgfs ὅτι@b μετά@p ὁ@danp κατά@p ὁ@dams οὔριος@namsp λαμβάνω@viaa3s ὁ@dafs βηρσαβεέ@nafsp ὁ@dnms δαβίδ@nnmsp εἰς@p γυνή@nafsc καί@b ὅπως@cs ὁ@dnms νάθαν@nnmsp διά@p παραβολή@ngfsc ἐλέγχω@viaa3s αὐτός@rpams καί@cs ὁ@dafs διά@p οὗτος@rpans ὀργή@nafsc ὁ@dgms θεός@ngmsc προεῖπον@viaa3s καί@b ὅτι@b συνίημι@viaa3s δαβίδ@nafsp καί@cs μετανοέω@viaa3s περί@p ὁ@dgfs νόσος@ngfsc ὁ@dgms ἐκ@p ὁ@dgfs βηρσαβεέ@ngmsp υἱός@ngmsc ὁ@dgms δαβίδ@b καί@cs ὅπως@cs ἐν@p ὁ@ddns νοσέω@vnpa-- πενθέω@viia3s αὐτός@rpams δαβίδ@nnmsp καί@cs ὅπως@cs μετά@p θάνατος@namsc ὁ@dgns πένθος@ngnsc παύω@viam3s περί@p σολομών@ngmsp ὅς@rpams ἐκ@p ὁ@dgfs βηρσαβεέ@ngfsp ἔχω@viaa3s δαβίδ@nnmsp περί@p ὁ@dgms πολύτιμος@angms- στέφανος@ngmsc ὅς@rpams λαμβάνω@viaa3s δαβίδ@nnmsp πορθέω@vpaanms ἀμμανῖται@nnmsp"
"Arg._2.4","περί@p ὁ@dgms ἔρως@ngmsc ὅς@rpams ἔχω@viaa3s πρός@p θάμαρ@nafsp ὁ@dafs ἀδελφή@nafsc ὁ@dnms ἀμνών@nnmsp καί@cs περί@p ὁ@dgns μέσος@angns- ὅς@rpans ἔχω@viaa3s μετά@p ὁ@dans διακορέω@vnam-- αὐτός@rpafs καί@cs ἀβεσσαλώμ@nnmsp καί@cs ὅπως@cs ἀμύνω@viam3s φόνος@ndmsc ὁ@dams ἀδελφός@namsc καί@cs περί@p ὁ@dgfs διά@p ὁ@dams φόνος@namsc ὁ@dgms ἀμνών@ngmsp φυγή@ngfsc ὁ@dgms ἀβεσσαλώμ@ngmsp καί@cs ὅτι@cs ὀργίζω@viap3s ὁ@dnms δαβίδ@nnmsp ὅπως@b ἰωὰβ@nnmsp ὁ@dnms πάππος@nnmsc ἀβεσσαλώμ@ngmsp 2@ σοφίζω@viam3s ἐξιλάσκομαι@vnam-- ὁ@dams δαβίδ@namsp πρός@p ὁ@dams παῖς@namsc ἀβεσσαλώμ@ngmsp περί@p ὁ@dgfs κατά@p ὁ@dgms δαβίδ@n---p ἐπανάστασις@ngfsc ὁ@dgms ἀβεσσαλώμ@ngmsp καί@cs περί@p ὁ@dgms ἀχιτόφελ@ngmsp ὁ@dgms συμφράσιος@ngmsc ἀβεσσαλώμ@ngmsp περί@p ὁ@dgfs πλάσσω@vpregfs αὐτομολία@ngfsc χόων@nnmsp ὁ@dgms ἑταῖρος@ngmsc δαί@ngmsp περί@p ὁ@dgfs ἀνοχή@ngfsc δαβίδ@nnmsp ὅς@rpgfs δείκνυμι@viaa3s ὑπό@p ὁ@dgms σεμεεί@b καταράομαι@vppenms"
"Arg._2.5","ὅπως@b μίγνυμι@viap3s ὁ@ddfp ὁ@dgms πατήρ@ngmsc παλλακή@ndfpc 3@ ὁ@dnms ἀβεσσαλώμ@nnmsp ὅς@rpnms ὁ@dafs ὁ@dgms ἀχιτόφελ@ngmsp βουλή@nafsc ἄπρακτος@anafs- δείκνυμι@viaa3s δείκνυμι@viaa3s χοῖνιξ@nnmsp ὅπως@b ὁ@dnms ἀχιτόφελ@nnmsp ἀπάγχω@viam3s ὅπως@cs ἡσσάομαι@vpaenms διώκω@viie3s ἀβεσσαλώμ@nnmsp καί@cs ὅπως@cs ἐκ@p θρίξ@ngfpc ἐν@p δένδρον@ndnsc κατέχω@viap3s καί@cs ἀναιρέω@viap3s ὅπως@b ὁ@dams θάνατος@namsc ὁ@dgms ἀβεσσαλώμ@ngmsp θροέω@viia3s δαβίδ@nnmsp"
"Arg._2.6","ὅπως@b ὁ@dnfp λοιπός@annfp- φυλή@nnfpc ἄνευ@p ὁ@dgfs ὁ@dgms ἰούδας@ngmsp ἀφίστημι@viaa3p ἀπό@p δαβίδ@ng-sp ὅπως@b ὁ@dnms ἰωὰβ@nnmsp ἀναιρέω@viaa3s ὁ@dams ἀβεσᾶ@namsp περί@p ὁ@dgms ἐπί@p ἔτος@nanpc τρεῖς@ κρατέω@vpaagms λιμός@ngmsc καί@b ὅπως@cs λύω@viap3s διά@p ὁ@dans δίδωμι@vnap-- εἰς@p φόνος@namsc έπτά@viaa3s ἄ@annms- δράς@ngfsc ὁ@dgms οἶκος@ngmsc σαοὺλ@nnmsp κατά@p θεῖος1@anams- χρησμός@namsc ὅπως@b ἀγαπάω@viia3p ὁ@dams δαβίδ@namsp ὁ@dnmp περί@p αὐτός@rpams περί@p ὁ@dgms γιγαντιαῖος@angms- ἀνήρ@ngmsc ὁ@dgms ἔχω@vppagms ἐν@p ὁ@ddfp χείρ@ndfpc καί@cs ἐν@p ὁ@ddmp πούς@ndmpc ἀνά@p δάκτυλος@nampc ἐκ@b"
"Arg._2.7","ὅπως@cs συντίθημι@viam3s ὁ@damp ψαλμός@nampc ὁ@dnms δαβίδ@nnmsp καί@cs οἶος@annnp- ὁ@dnnp ὁ@dgms ψαλμός@ngmsc ὄργανον@nnnpc περί@p ὁ@dgfs ἀπαριθμησις@ngfsc καί@cs ὅπως@cs μετά@p οὗτος@rpanp μεταμελέομαι@viap3s δαβίδ@nnmsp περί@p ὁ@dgfs αἵρεσις@ngfsc ὁ@dgmp τρεῖς@angnp- εἷς@nansc ἐκ@p αὐτός@rpgnp λαμβάνω@vnaa-- διά@p ὁ@dafs ὁ@dgms λαός@ngmsc ἀπαρίθμησις@nafsc καί@cs ὅτι@cs ὁ@dans αἱρέω@vpapans κακός@annns- ὁ@dans ἐπέρχομαι@vnaa-- ὁ@ddms λαός@ndmsc θάνατος@namsc καί@cs ἐπέρχομαι@viaa3s ἀπό@p πρωί@b ἕως@p ἄριστος@angns- πῶς@b ἐπαύω@viaa3s ὁ@dnms θεός@nnmsc ὁ@dafs ὁ@dgms λαός@ngmsc φθορά@nafsc ὅτι@b κατά@p ὅς@anams- τόπος@namsc μέλλω@viia3s σφαγιάζω@vnaa-- ἀβραάμ@nnmsp ὁ@dams ἀβραάμ@namsp βούλομαι@viap3s ναός@namsc οἰκοδομέω@vnaa-- δαβίδ@b καί@cs κωλύω@viap3s παρά@p θεός@ngmsc ὅτι@b ἐπάγω@viia3s δαβίδ@nafsp διά@p ὁ@dafs θέρμη@nafsc νεᾶνις@nafsc 1@ ὅτι@cs ἀδωνία@nnmsp τέταρτος@annms- υἱός@nnmsc ὁ@dgms δαβίδ@ngmsp ἐπιχειρέω@viaa3s βασιλεύω@vnaa-- ὅπως@cs χρίω@viap3s σολομών@nnfsp εἰς@p βασιλεύς@namsc τίς@rpans ἐντέλλομαι@viam3s ὁ@ddms σολομών@ndmsp δαβίδ@nnmsp τελευτάω@vppanms περί@p ὁ@dgns ὁ@dams ναός@namsc κτίζω@vnap-- πόσος@ananp- ἔτος@nanpc ζάω@viaa3s δαβίδ@nnmsp"
"Arg._2.8","ὅτι@b συνθάπτω@viap3s ὁ@ddms δαβίδ@ndmsp πολύς@annnp- χρῆμα@nnnpc ὅτι@b δωδεκαετής@annms- βασιλεύω@viaa3s σολομών@nnmsp ὅτι@b ζητέω@viaa3s ἀδωνία@nnmsp ὁ@dafs παλλακή@nafsc δαβίδ@nnmsp καί@cs διά@p οὗτος@rpans ἀνίημι@viia1s ρέομαι@viap3s παρά@p σολομών@ngmsp ὅπως@cs ἀναιρέω@viap3s σεμεεί@b ὅτι@cs λαμβάνω@viaa3s σολομών@nnmsp ὁ@dafs θυγάτηρ@nafsc φαραώ@ngmsp ὅσος@ananp- αἰτέω@viaa3s σολομών@nnmsp ὁ@ddms θεός@ndmsc περί@p ὁ@dgfp προσέρχομαι@vpaagfp γυνή@ngfpc καί@cs αἰτέω@vpamgmp κρίσις@nafsc περί@p ὁ@dgms θνήσκω@vpaagms παῖς@ngmsc ὅσος@ananp- συγγράφω@viam3s σολομών@nnmsp περί@p ὁ@dgns δακτύλιος@ngnsc ὅς@rpnns ὁ@dnfs σφραγίς@nnfsc διώκω@viia3s δαίμων@nampc"
"Arg._2.9","ποτέ@b ἄρχω@viam3s ὁ@dgfs οἰκοδομή@ngfsc ὁ@dgms ναός@ngmsc σολομών@nnmsp ὅτι@b ἐν@p ἔτος@ndnpc ἑπτὰ@an---- συντελέω@viap3s ὁ@dnms ναῦς@nnmsc οἶος@ananp- διά@p ’@p ὄνειρος@ngnsc ἐνδείκνυμι@viaa3s σολομών@ndfsp θεός@nnmsc περί@p ὁ@dgnp μέλλω@vppagnp τις@rpams οἰκοδομέω@viaa3s σολομών@nnmsp περί@p ὅς@rpgnp ἐλύω@viaa3s αἴνιγμα@ngnpc σολομών@nnmsp περί@p ὁ@dgfs βασίλισσα@ngfsc αἰθίοψ@ngmpp ὅθεν@b ἐν@p παλαιστίνη@ndfsp φύω@viap3s ὁ@dnns βάλσαμον@nnnsc"
"Arg._2.10","ὅτι@cs ἀλλόφυλος@andfp- γυνή@ndfpc μίγνυμι@viap3s σολομών@nnmsp ὅτι@cs ὁ@dafs κατά@p ὁ@dgms σολομών@ngmsp ἀρή@nafsc εἰς@p ὁ@dams ἐκ@p αὐτός@rpgms φημί@viia3s ἀποπληρόω@vnaa-- θεός@nnmsc περί@p ἄδερ@namsp περί@p ἱεροβοάμ@ngmsp περί@p ὁ@dgmp χρόνος@ngmpc σολομών@ngmsp ὅσος@anamp- ζάω@vnaa-- λέγω3@vipe3s"
"Arg._2.11","περί@nnfsp ῥοβοὰμ@ngmsp ὁ@dgms ὒ@ngmsc ἰός@ngmsc σολομών@ngmsp περί@p ὁ@dgfs ἀποστασία@ngfsc ὁ@dgfp δέκα@an---- φυλή@ngfpc περί@p ὁ@dgfp δύο@an---- βοῦς@ngfpc καί@cs ὅπως@cs κωλύω@viaa3s εἰς@p ἱεροσόλυμα@nanpp πορεύω@vnpe-- ὁ@dams λαός@namsc ἱεροβοάμ@ngmsp ὅτι@cs ἱεροβυὰμ@nnfsp θυσιάζω@vnaa-- ἔρχομαι@vpaanms ἀκούω@viaa3s ὅς@rpanp πάσχω@vifm3s περί@p ὁ@dgms ψευδοπροπτός@angms- -@angms- φῆτος@ngmsc ὁ@dgms ἀπατάω@vppagms ὁ@dams ἱεροβοάμ@namsp ὅτι@b πείθω@vpapnms ξενίζω@vnap-- 1@ ὁ@dnms ὁ@dgms θεός@ngmsc προφήτης@nnmsc ὁ@ddms ψευδοπροφήτης@ndmsc φθείρω@viap3s 2@ παρά@p λέων@ngmsc ὑποστρέφω@vppanms"
"Arg._2.12","περί@p ὁ@dgmp πωλέω@vppagmp ὁ@dafs χάρις@nafsc ὁ@dgns πνεῦμα@ngnsc περί@p ὅς@rpgnp προεῖπον@viaa3s εἰμί@vpfanms ὁ@ddfs γυνή@ndfsc ὁ@dgns ἱεροβοὰμ@ngmsp ἀχιά@nnfsp ἐπέλευσις@nnfsc σουσακὶμ@nnfsp κατά@p ῥοβοὰμ@ngmsp καί@b ὅτι@cs παρασπονδέω@vpaanms ὁ@dnms αἰγύπτιος@annms- πολύς@ananp- χρῆμα@nanpc συλάω@viaa3s περί@p ὁ@dgnp χρύσεος@angnp- ὅπλον@ngnpc σολομών@ngmsp καί@cs ὁ@dgnp δόρυ@ngnpc ὁ@dgnp χρύσεος@angnp- ὁ@dgms δαβίδ@ngmsp ὅς@rpdms ἀνατίθημι@viam3s θεός@ndmsc ἐπέλευσις@nnfsc ἱεροβοὰμ@ngmsp καί@cs νίκη@nnfsc ὁ@dgms υἱός@ngmsc ῥοβοάμ@ngmsp θάνατος@nnmsc ἱεροβοάμ@ngmsp ὅς@rpgms διάδοχος@nnmsc ὁ@dnms υἱός@nnmsc ὅτι@cs ὁ@dnms βασσός@namsp παγγενής@anams- ὁ@dams οἶκος@namsc ἱεροβοὰμ@nnmsp ἐξολοθρεύω@viaa3s περί@p ὁ@dgms εἰσδύνω@vpaagms εἰς@p ὁ@danp βασίλειον@nanpc καί@cs ἑαυτοῦ@rpams καί@b ἐκεῖνος@rpanp καίω@vpaagms περί@p ὁ@rpgns πῶς@b καλέω@viap3s σαμάρ@nnmsp ὅτι@b ὁ@dnmp ὁ@dgmp ἰσραηλίτης@ngmpp βασιλεύς@nnmpc ὀλιγοχρόνιος@annmp- τότε@b εἰμί@viia3p διά@p ὁ@dafs παρανομία@nafsc ὅτι@cs προεῖπον@viaa3s ὁ@dnms προφήτης@nnmsc νίκη@nafpc εἰμί@vnfm-- καί@cs λοιπός@anafp- εὐκληρία@nafpc ὁ@ddmp ἐν@p ἄνθρωπος@ndmpc ἐκεῖνος@andmp- εἰ@cs ἀντιποιέω@vipe3p δικαιοσύνη@ngfsc περί@p ἀχαάβ@nafsp ὅτι@cs ἐν@p σαμάρεια@ndfsp κτάομαι@vile3s ὁ@dnnp βασίς@nnnpc -@nnnpc λεια@nnnpc"
"Arg._2.13","περί@p ἠλιού@namsp καί@b περί@p ὁ@dgfs ἀνομβρία@ngfsc καί@b περί@p ὁ@dgns τρέφω@vnpe-- αὐτός@rpams ὑπό@p κόραξ@ngmsc καί@cs περί@p ὁ@dgfs χήρα@ngfsc ὅς@rpnfs τρέφω@viia3s ὁ@dams ἠλιού@namsp περί@p ὁ@dgms υἱός@ngmsc ὁ@dgfs χήρα@ngfsc ὅς@rpams ἀνίστημι@viaa3s ἠλιού@nnmsp περί@p ἄβυδος@ngmsp ὅτι@cs χρή@vopa3s στός@nnmsc εἰμί@vppanms φεύγω@vnpa-- συναινέω@viia3s ὁ@dams ἠλιού@namsp ἴνα@cs μή@b ἀναιρέω@vsap3s περί@p ὅς@rpgmp κρύπτω@viia3s ἄβυδος@ngmsp ἑκατόν@an---- προφήτης@ngmpc περί@p ὅς@rpgmp παρρησιάζομαι@viam3s ἠλίας@nnmsp πρός@p ἀχαάβ@namsp περί@p ὁ@dgfs θυσία@ngfsc ὁ@dgmp ψευδοπροφήτης@ngmpc καί@cs ὁ@dgfs θυσία@ngfsc ἠλιού@ngmsp καί@cs ὅπως@cs ἀναιρέω@viaa3s ὁ@damp ἱερεύς@nampc ὁ@dgfs αἰσχύνη@ngfsc ὅτι@b λέγω@viaa3s ἠλίας@nnmsp εἰμί@vnpa-- ὑετός@namsc καί@b γίγνομαι@viam3s καί@b ὅτι@cs φεύγω@viaa3s διά@p ὁ@dafs ἰεξάβελ@nafsp ὅτι@cs τεσσαράκοντα@ ἡμέρα@nafpc ἄσιτος@annms- πορεύω@viie3s ἠλιού@nnmsp ὅπως@b χρίω@viaa3s ἠλίας@nnmsp ὁ@dams ἀξαὴλ@namsp εἰς@p βασιλεύς@namsc καί@b ὁ@dams ἰηού@namsp καί@cs ὁ@dams ἐλισσαῖος@namsp εἰς@p προφήτης@namsc"
"Arg._2.14","περί@p ὁ@dgms ἀμπελών@ngmsc ναβουθαί@nnmpp ὅπως@cs ἐκ@p ἐπιβουλή@ngfsc ὁ@dgfs ἰεξάβελ@ngmsp ὁ@dnms ναβουθαί@b θνήσκω@vira3s καί@cs ὅπως@cs ἔκτοτε@b ὁ@dams ἀμπελών@namsc κατέχω@viaa3s ἀχαάβ@nnmsp πρόρρησις@nnfsc ἠλιού@nnfsp περί@p ὁ@dgfs ἀπώλεια@ngfsc ὁ@dgms ἀχαὰβ@ngmsp παγγενής@anafs- διά@p ὁ@dams φόνος@namsc ναβουθαί@nnmpp ὅτι@b διά@p ὁ@dafs μετά@p νοια@nafsc ὁ@dgms ἀχαὰβ@ngmsp ὁ@danp ἀπειλῶ@vpreanp ὑπερτίθημι@vnae-- εἶπον@viaa3s ὁ@dnms θεός@nnmsc καί@cs τελέω@vnaa-- οὗτος@rpanp ἐπί@p τῷ@ddms υἱός@ndmsc αὐτός@rpgms ὅτι@b ὁ@dnms βασιλεύς@nnmsc συρία@ngfsp στρατεύω@viaa3s κατά@p σαμάρεια@ngfsp ὅτι@b ὁ@dnms ἀχαὰβ@nnmsp πείθω@vpapnms ὁ@ddms προφήτης@ndmsc μετά@p σλβ@nanpc ἡσσάομαι@vipa3s ὁ@dams ἀσσύριος@namsp καί@cs σκυλεύω@vipa3s αὐτός@rpgms ὁ@dans στράτευμα@nansc ὅτι@b καί@b πάλιν@b ἐπιστρατεύω@viaa3s κατά@p σαμάρεια@ngfsp ὁ@dnms σύρος@nnmsp ἧσσα@viia3s καί@b πάλιν@b ὁ@dgmp σύρος@ngmpp ὅπως@cs οἶ@rpnmp ὁ@dgms ἄδερ@ngmsp προσέρχομαι@viaa3p δέω1@vprenmp ἑκών@annmp- ὁ@ddms ἀχαάβ@ndmsp καί@cs ὅπως@cs ὁ@dams ἄδερ@namsp μετά@p τιμή@ngfsc δέχομαι@viam3s περί@p ὁ@dgms προφήτης@ngmsc μιχαίας@ngmsp καί@cs ὅπως@cs ἀξιόω@viia3s πατάσσω@vnap-- ἐκστρατεία@nnfsc ἀχαὰβ@ngmsp κατά@p ὁ@dgfs πόλις@ngfsc ῥεμμάν@nafsp ὅπως@b προεῖπον@viaa3s μιχαίας@nnmsp ὁ@dams ἀχαὰβ@namsp πίπτω@vnfm-- ἐν@p ῥεμμάν@nafsp ὅπως@b ἐν@p ὁ@ddms πόλεμος@ndmsc τοξεύω@vpapnms ἀχαὰβ@nnmsp θνήσκω@viaa3s ὅτι@b κατά@p ὁ@dafs πρόρρησις@nafsc ἠλιού@namsp ὁ@dans αἷμα@nansc ἀχαὰβ@nnmpp κύων@nnmpc λείπω@viaa3p καί@cs πόρνη@nnfpc λούω@viam3p"
"Arg._2.15","τις@rpans ὁ@dams ἀχαὰβ@namsp διαδέχομαι@viam3s ὁ@dnms υἱός@nnmsc ὅπως@b ἐπέρχομαι@viaa3p κατά@p ἰουδαία@ngmsp πολέμιος@nnmpc ὅπως@b ὁ@ddfs κελεύω@ndfsc ὁ@dgms θεός@ngmsc ὁ@dnmp πολέμιος@nnmpc ἀλλήλων@rpamp φονεύω@viaa3p καί@b οὕτως@b ὁ@dnfs νίκη@nnfsc γίγνομαι@vira3s ὁ@ddmp ἐν@p ἱερουσαλήμ@ndfsp ὅτι@cs μυῖα@annfs- εἰμί@viia3s ὁ@dnfs ὁ@dgmp ἀκκάρα@ngmpp θεός@nnfsc καί@cs ὅτι@cs ἔρομαι@viam3s οὗτος@rpanp εἰ@cs ἀνίστημι@vifm3s νοσέω@vppanms ὀχοξία@nnmsp καί@b ὅτι@b διά@p οὗτος@rpans λέγω@viaa3s ἠλιού@namsp μή@b ἀνίστημι@vnaa-- αὐτός@rpams καί@cs ὅτι@cs ἀποστέλλω@viaa3s ὀχοξία@nnmsp ἄγω@vnaa-- ὁ@dams ἠλίας@namsp ὅτι@b ὁ@dnmp ἀποστέλλω@vpapnmp τε@vppanmp πῦρ@ndnsc θεῖος2@andns- καίω@viap3p ὅπως@cs παύω@viam3s ὀχοξία@nnmsp ὅς@rpams διαδέχομαι@viam3s ἰωράμ@nnmsp ὁ@dnms ἀδελφός@nnmsc αὐτός@rpgms περί@p ὁ@dgfs ἀνάληψις@ngfsc ἠλιού@ngmsp ὅπως@b ζητέω@viap3s ’@rpanp ἑλισσαιέ@nvmsp ὅπως@cs ἐν@p ἅλς@ndmsc ὁ@danp ὕδωρ@nanpc γλύφω@viia3s ἐλισσαιέ@nnmsp ὅτι@b ἐκ@p ἀρά@ngfsc ἄρκτος@nnfpc καταφάγω@viaa3p ὁ@danp παιδίον@nanpc ὅπως@cs ἐν@p ἐρῆμος@andns- διέρπω@viaa3s ὁ@dnms στρατός@nnmsc ὅπως@cs ὁ@dnnp ὕδωρ@nnnpc διά@p ὁ@dafs ὁ@dgms ἥλιος@ngmsc αὐγή@nafsc ἐρυθρός@annnp- φαίνω@viie3p ὅπως@b θύω@viaa3s μωαβίται@ndmpp ὁ@dnms βασιλεύς@nnmsc ὁ@dams οἰκεῖος@anams- υἱός@namsc περί@p ἰωσαφάτ@namsp"
"Arg._2.16","πῶς@nnmsp 2@b ἐλισσαῖος@nnmsp πληθύνω@viia3s ὁ@dans ἔλαιον@nansc ὁ@ddfs χρεωστέω@vppadfs γυνή@ndfsc ὅτι@cs γεννάω@viap3s ὁ@dnms παῖς@nnmsc καθώς@cs προεῖπον@viaa3s ἐλισσαιέ@b καί@cs ὅτι@cs θνήσκω@vpraams ὁ@dams παῖς@namsc πάμωαβις@ndmpc λίς@vnpa-- ἀνίστημι@viaa3s ἐλισσαῖος@nnmsp ὅτι@b διά@p μέτριος@angmp- ἄρτος@ngnpc ἐλισσαῖος@annms- πλῆθος@nnnsc χορτάζω@viaa3s πολύς@anans- ὅπως@b προσάγω@viaa3s χρῆμα@nanpc ὁ@ddms ἐλισσαῖος@ndmsp νεεμάν@nafsp ἵνα@cs ὁ@dgfs λέπρα@ngfsc λυτρωτής@vsap3s ὅτι@b κατά@p ἐντολή@nafsc ὁ@dgms προφήτης@ngmsc εἰς@p ὁ@dams ἰορδάνης@nafsp λούω@viam3s νεεμάν@nafsp καί@cs καθαίρω@viap3s περί@p ὁ@dgfs εἰς@p ὁ@dans ὕδωρ@nansc πίπτω@vpaagfs ἀξίνη@ngfsc καί@cs ὅπως@cs ἀναδύνω@viaa3s διά@p ὁ@dgns ξύλον@ngnsc περί@p ὁ@dgms λαμβάνω@vpfmgms λαός@ngmsc ὁ@dams ἐλισσαῖος@anams- ὅπως@cs ἄγω@viaa3s αὐτός@rpamp εἰς@p μέσος@anamp- ὁ@damp πολέμιος@nampc καί@b ὅπως@cs πάλιν@b ῥύομαι@viam3s οὗτος@rpamp καί@cs ὅπως@cs ὁράω@viaa3s αὐτός@rpams ὁ@dnms οἰκεῖος@nnmsc διάκονος@annms- πύρινος@andnp- ἅρμα@ndnpc κοσμόω@vpreams"
"Arg._2.17","ὅτι@b ἐν@p καιρός@ndmsc λιμός@ngmsc ὁ@dnfs κεφαλή@nnfsc ὁ@dgfs ὄνος@ngfsc πολύς@angms- πωλέω@viie3s περί@p ὁ@dgfs ἐγκαλέω@vppagfs γυνή@ngfsc ὅτι@cs μή@b πείθω@vipe3s ὁ@ddfp συνθήκη@ndfpc ὅτι@cs προεῖπον@viaa3s ἐλισσαῖος@nnmsp ὁ@dafs ὁ@dgmp ἐναντίος@angmp- καταστροφή@nafsc ὅπως@b ἀθρόος@anans- ὁ@dnmp σύρος@nnmpp ἡσσάομαι@viae3p περί@p ὁ@dgmp λεπρός@angmp- ὁ@dnmp καταμηνύω@viaa3p ὁ@dafs ὁ@dgmp ἐναντίος@angmp- ὑποχώρησις@nafsc ὅτι@b μετά@p ὁ@dafs ὁ@dgmp πολέμιος@ngmpc ὑποχώρησις@nafsc ἄφθονος@annnp- γίγνομαι@vira3s ὁ@dnnp ἀναγκαῖος@annnp- ὁ@dnms δέ@b ἀπιστέω@vpaanms ὁ@ddfs πρόρρησις@ndfsc ὁ@dgms προφήτης@ngmsc συμπατέω@vpapnms θνήσκω@vmra2s καί@cs οὐ@b φαγεῖν@viaa3s κατά@p ὁ@dafs πρόρρησις@nafsc ἐλισσαῖος@ngmsp ὅτι@cs προεῖπον@viaa3s ὁ@dnms προφήτης@nnmsc ὁ@ddms ἀξαὴλ@ndmsp ὁ@dafs βασιλεία@nafsc συρία@ngfsp ὅτι@b ἀξαὴλ@nnmsp πνίγω@viaa3s ὁ@dams βασιλεύς@namsc δαμάσκος@ngmsp καί@cs κρατέω@viaa3s"
"Arg._2.18","ὅτι@cs προεῖπον@viaa3s ὁ@ddms ἰωράμ@ndmsp ὁ@dnms προφήτης@nnmsc ὁ@danp εἰμί@vpfmanp οὗτος@rpdms κακός@ananp- διά@p ὁ@dafs ἀσέβεια@nafsc αὐτός@rpgms ὅτι@cs διά@p ὁ@dgms μαθητής@ngmsc ὁ@dgms προφήτης@ngmsc χρίω@viap3s εἰς@p βασιλεύς@namsc ἰηοῦ@n---p εἷς@anams- ὁ@dnns γένος@nnnsc ἀχαὰβ@ngmsp ἀπόλλυμι@vifm2s ὅτι@b βέλος@vipa3s κτείνω@vipa3s ὁ@dams ἰωράμ@namsp ἰηώ@nnmsp καί@cs πίπτω@viaa3s ὁ@dnms νεκρός@nnmsc εἰς@p ὁ@dams ὁ@dgms ναβουθαί@nnmpp ἀγρός@namsc καθώς@cs προεῖπον@viaa3s ἠλιού@nnmsp ὅτι@b καί@b ἰεξάβελ@nnfsp ἄνωθεν@b ῥίπτω@vpapnfs θνήσκω@vira3s καί@cs διασπάω@viap3s ὁ@dnns σῶμα@nnnsc αὐτός@rpgfs ὑπό@p κύων@ngmpc ὅτι@b ὁ@dnmp παῖς@nnmpc ἀχαὰβ@ngmsp πᾶς@annmp- ἀποτέμνω@viap3p καί@cs πᾶς@annfs- ὁ@dnfs συγγένεια@nnfsc αὐτός@rpgms ὅπως@cs ὁ@dnmp ἱερεύς@nnmpc καί@cs οἶ@nnmpc προφήτης@nnmpc ὁ@dgms ἀχαὰβ@ngmsp πᾶς@annmp- ἀναιρέω@viap3p καί@cs ὁ@dnms οἶκος@nnmsc ὁ@dgms βαάλ@ngmsp καίω@viap3s καί@cs ὁ@dnfs στήλη@nnfsc αὐτός@rpgms"
"Arg._2.19","ὅτι@cs διά@p ὁ@dams ἀφανισμός@namsc ὁ@dgns γένος@ngnsc ἀχαὰβ@ngmsp ἐπαγγέλλω@viam3s ὁ@dnms θεός@nnmsc μακράν@b ὁ@dafs βασιλεία@nafsc ὁ@ddns γένος@ndnsc ὁ@dgms ἰηώ@ngmsp καί@b ὅτι@cs ὁ@dnfs γοθολία@nnfsp ἀναιρέω@viaa3s πᾶς@anamp- ὁ@damp ὁ@dgns γένος@ngnsc δαβίδ@nampp πλήν@p εἷς@ngmsc ὅπως@b ὁ@dnms περιλείπομαι@vpapnms ὁ@dgns γένος@ngnsc δαβίδ@nnmsp ἀναγορεύω@viap3s βασιλεύς@nnmsc ὅπως@cs ἀναιρέω@viap3s ὁ@dnfs γοθολία@nnfsp ὅτι@b ἑπταετής@nnmsc εἰμί@viia3s ὁ@dnms ἐκ@p γένος@ngnsc δαβίδ@nnmsp τότε@b βασιλεύω@vpaanms περί@p ὁ@dgns κιβωτίον@ngnsc ὅς@rpgms ὁ@dnns πῶμα@nnnsc 1@ τετραίνω@vprenns εἰμί@viia3s καί@b ἐμβάλλω@viaa3s διά@p ὁ@dgfs ὀπή@ngfsc ἕκαστος@annms- κατά@p δύναμις@nafsc εἰς@p ὁ@dams ἀνακαινισμός@namsc ὁ@dgms ναός@ngmsc ὅτι@cs ἑκατόν@ τριάκοντα@ ἔτος@nanpc βιόω@viaa3s ἰωδαέ@nvmsp ὅτι@b ὁ@dnms υἱός@nnmsc ιωδαέ@nvmsp ζαχαρίας@nnmsp ἔλεγχος@vppanms ὁ@dams βασιλεύς@namsc ἀνίημι@viia3s ρητορ@vile3s 2@b"
"Arg._2.20","ὅτι@cs θνήσκω@vppanms ’@rpnfs eλισσαιέ@nvmsp θοινάομαι@viie3s παρά@p βασιλεύς@ngmsc ἰωάς@nampp περί@p ὁ@dgms ῥίπτω@vpapgms παρά@p ὁ@dgmp ληιστής@ngmpc εἰς@p ὁ@dams τάφος@namsc eλισσαιέ@nvfpp καί@cs ζάω@vpaagms τελευτή@nnfsc ἰά@nnmsp ὅς@rpams διαδέχομαι@viam3s ἀμεσία@nnmsp ὁ@dnms υἱός@nnmsc καί@cs κολάζω@viaa3s ὁ@damp ὁ@dams πατήρ@namsc ἀναιρέω@vpaaamp ὁ@damp δέ@cs υἱός@nampc αὐτός@rpgmp ἀφίημι@viaa3s ὅτι@b ἀμεσία@nnmsp ὑπερηφανεύω@vpamnms μηνύω@viaa3s δριμύς@namsc πρός@p ὁ@dams βασιλεύς@namsc ἰσραήλ@namsp ὁ@dnms δέ@b ταπεινοφρονέω@vnpa-- αὐτός@rpdms ἀντιμήνυμι@viaa3s διά@p παράδειγμα@ngnsc ὅτι@cs ὁ@dnms ἰωὰς@nnmsp νικάω@vipa3s ἀμεσία@nafsp"
"Arg._2.21","περί@p ὁ@dgms προφήτης@ngmsc ἰωνᾶς@nvmsp καί@b ὅτι@cs ἀποστέλλω@viap3s εἰς@p νινευίτης@nampp καί@cs ὅτι@cs ὁ@dnms κλῆρος@nnmsc ἐπί@p ὁ@dams νωέας@namsp πίπτω@viaa3s ὅπως@b ὁ@dnms ὁ@dgfs νινευί@ngfsp βασιλεύς@nnmsc καί@cs ὁ@dnms λαός@nnmsc ἅπας@annms- μεταννοέω@viaa3p περί@p ὁ@dgms ὀξύς@ngmsp ὅπως@cs ὡς@cs ἱερεύς@nnmsc θυμιάω@vnaa-- ἐπιχειρέω@vpaanms ἐλεεινός@viap3s περί@p ὁ@dgms προφήτης@ngmsc ναούμ@ngmsp"
"Arg._2.22","ὅτι@cs φακεός@nnmsp πολύς@anamp- αἰχμάλωτος@anamp- εἰς@p σαμάρεια@nafsp ἄγω@viaa3s εἶτα@b οὗτος@rpamp ἀπολύω@viaa3s ὡς@b ὁμόφυλος@anamp- ὅτι@b σφόδρα@b ἀσεβέω@viaa3s ἀχάξ@nnmsp ὅτι@b εὐσεβής@annms- εἰμί@viia3s ἐζεκίας@nnmsp πολιορκία@nnfsc καί@cs κατάσχεσις@nnfsc σαμάρεια@ngfsp ὅτι@cs μετοικίζω@viap3p οἶ@nnmpc σαμαρεύς@nnmpp ἀπό@p σαμάρεια@ngfsp ὅτι@cs ἐγκατοικίζω@viap3p ἐκεῖ@b οἶ@dnmp χουθαῖος@nnmpp μετά@p δέ@b ὁ@dafs κατοίκησις@nafsc λέων@vppanmp οὗτος@rpamp διαφθείρω@viaa3p διό@b καί@b πείθω@viap3p ὁ@ddms θεός@ndmsc προσέρχομαι@vnaa--"
"Arg._2.23","ποτέ@b σεναχηρείμ@nnmsp στρατεύω@viaa3s κατά@p ὁ@dgfs ἰουδαία@ngfsp ῥῆμα@nnnpc ῥαψάκης@ndmsp πρός@p ἐκκλέομαι@nafsp καί@cs ὅτι@cs οὗτος@rpnms ὁ@dams θεός@namsc ἐπικαλέω@vpamnms νικάω@viaa3s κατά@p ὁ@dafs πρόρρησις@nafsc ἠσαΐας@ngmsp ὅτι@cs διά@p νύξ@ngfsc ἄγγελος@nnmsc ἀναιρέω@viaa3s ἑκατόν@an---- ὀγδοήκοντα@an---- πέντε@an---- χιλιάς@nafpc ὁ@dgmp ἐναντίος@angmp- περί@p ὁ@dgmp μῦς@ngmpc ὁ@dgmp ἐσθίω@vpaagmp ὁ@danp τόξον@nanpc ὁ@dgmp ἀσσύριοι@ngmpp καί@cs ὁ@danp λοιπός@ananp- ὅπλον@nanpc περί@p ὁ@dgfp ἐν@p εἷς@ νύξ@ndfsc διά@p λοιμώδης@ngnsc 2@ νόσος@ngfsc ἀναιρέω@vppegfp ἀσσύριοι@ngfpp μυριάς@ngfpc πολύς@angfp- ἀναίρεσις@nnfsc σεναχηρείμ@ngmsp νόσος@nnfsc ἐκκλέπτω@ngmsp καί@cs προφητεία@nnfsc ἠσαίας@ngmsp ὅτι@cs θνήσκω@vipa3s καί@b μετάνοια@nnfsc ἐκκλέπτω@ngmsp καί@cs προσθήκη@nnfsc αὐτός@rpgms ὁ@dgfs ζωή@ngfsc καί@b περί@p ὁ@dgms ἀναποδισμός@ngmsc ὁ@dgms ἥλιος@ngmsc ὅς@rpams ποιέω@viaa3s ἠσαΐας@nnmsp ὅτι@cs ἐκκλέομαι@nnmsp ἀνοίγνυμι@viaa3s ὁ@damp θησαυρός@nampc αὐτός@rpgms καί@cs ὁ@danp ὅπλον@nanpc ὁ@ddmp πρέσβυς@ndmpc ὁ@dgms βασιλεύς@ngmsc 3@n---c βαβυλώνιος@ngmpp καί@cs ὅτι@cs ἠσαΐας@nnmsp αἰτιάομαι@viae3s οὗτος@rpans θάνατος@nnmsc ἐκκλέπτω@ngmsp ἀνάρρησις@nnfsc μανασσῆς@namsp καί@cs βαβυλώνιος@ngmpp ἐπέλευσις@nnfsc καί@cs νίκη@nnfsc ὅτι@b μετανοέω@vpaanms μανασσῆς@nnmsp λυτρωσάω@viap3s ὁ@dgfs αἰχμαλωσία@ngfsc τελευτή@nnfsc μανασσῆς@nnfsp βασίλεια@nnfsc ἰωνία@annfs- καί@cs ἀνακαινισμός@nnmsc ὁ@dgms ναός@ngmsc"
"Arg._2.24","περί@p ὁ@dgfs προφήτις@ngfsc ὄλδα@vmpa2s ὅτι@cs ὅρκος@namsc ἀφίημι@vsam2s τήθη@viap3s ὁ@dnms λαός@nnmsc φυλάσσω@vnpa-- ὁ@damp νόμος@nampc ὁ@dgms 5@ θεός@ngmsc ὅτι@cs τοξεύω@vpapnms ἰωσίας@nnmsp θνήσκω@vira3s περί@p ὁ@dgms προφήτης@ngmsc ἱερεμίας@ngmsp περί@p ναβουχοδονόσορ@na-sp περί@p ὅς@rpafs προεῖπον@viaa3s ἱερεμίας@nnmsp ὅτι@cs ὁ@dnms βαβυλώνιος@nnmsp αἰχμαλωτεύω@viaa3s μετά@p ὁ@dgms λαός@ngmsc καί@cs ὁ@dams προφήτης@namsc ἰεξεκιήλ@nnmsp ὅτι@cs ἰωακείμ@nnmsp παραδίδωμι@vira3s ἑαυτοῦ@rpams ὑπέρ@p ὁ@dgfs πόλις@ngfsc"
"Arg._2.25","ὅπως@b ὁ@dgfs ἱερουσαλήμ@ngfsp ὁ@dnms σεδεκίας@ngfsp βασιλεύω@viaa3s περί@p ὁ@dgfp δοκέω@vppegfp διαφωνία@ngfpc ὁ@dgmp προφήτης@ngmpc καί@cs ὅπως@cs ὁμόφωνος@annmp- εὑρίσκω@viap3p ὅτι@cs ὁ@dnms σεδελάας@nnmsp τυφλόω@vpapnms οὐ@b εἶδον@viaa3s ὁ@dafs βαβυλών@nafsp περί@p προεῖπον@viaa3s ἱερεμίας@ngfsp εἰμί@vpfmgnp κακός@angnp- ὁ@dnfs δεύτερος@annfs- ἐπέλευσις@nnfsc ὁ@dgmp βαβυλώνιος@ngmpp κατά@p ἰερουσαλὴμ@ngmsp καί@cs ὅπως@cs ὁ@danp εἰμί@vpfmanp οἶδα@vpranms ἱερεμίας@ngfsp παρακαλέω@viia3s ὁ@dams λαός@namsc δέχομαι@vnam-- ὁ@damp βαβυλώνιοι@nampp ὅπως@cs εἰς@p λάκκος@namsc ὁ@dnms προφήτης@nnmsc ἐμβάλλω@viap3s κατάσχεσις@nnfsc ὁ@dgfs ἱερουσαλήμ@ngfsp παρά@p ὁ@dgmp βαβυλώνιος@ngmpp ὅτι@b ζωγρέω@viap3s σεδεκίας@ngfsp παγγενής@anams- καί@b τυφλόω@viap3s ὁ@dnmp δέ@cs ἐκεῖνος@rpgms ἀναιρέω@viap3p ὅπως@cs ὁ@dnms ναβουξαρδάν@nnmsp ὁ@dams ναός@namsc ὁ@danp βασίλειον@nanpc καί@cs ὁ@dafs πόλις@nafsc κατασκάπτω@viaa3s"
"Arg._3.1","ὅτι@cs ὁ@dnms ἰσμαήλ@nnmsp ὁ@dams γοδολία@namsp ἀποκτείνω@viaa3s φυγή@nnfsc πρός@p αἴγυπτος@nafsp ὁ@dgmp ἰουδαῖος@ngmpp ἄγω@vppagmp καί@b ὁ@dams ἱερεμίας@namsp καί@cs ὁ@dams βαρούχ@namsp ὅτι@cs λίθος@ndmpc θνήσκω@vira3s ἱερεμίας@ngfsp ὅπως@b παρά@p ἀλέξανδρος@ngmsp ὁ@dnms νεκρός@nnmsc ἱερεμίας@ngmsp μεταφέρω@viap3s εἰς@p ἀλεξάνδρεια@nafsp 1@ ποτέ@b ὁ@dnfp δέκα@an---- φυλή@nnfpc ἄγω@viap3p εἰς@p σαμάρεια@nafsp ποτέ@b ὁ@dnfp δύο@ παρά@p ναβουχοδονόσορ@ngfsp ἀνδραποδίζω@viap3p"
"Arg._3.2","περί@p ὁ@dgmp εὐνουχίζω@vpapgmp αἰχμάλωτος@angmp- παρά@p ὁ@dgms βαβυλώνιος@ngmsp περί@p δανιὴλ@nafsp καί@cs ὁ@dgmp τρεῖς@angmp- παῖς@ngmpc ὅπως@b οὐ@b κρεωφάζω@viaa3p ὁ@dnmp παῖς@nnmpc καί@cs ὁ@dnms δανιήλ@nnmsp ὅτι@cs ὁ@dafs χαλδαικός@anafs- παιδεία@nafsc μανθάνω@viaa3p ὁ@dnmp παῖς@nnmpc καί@cs ὁ@dnms δανιήλ@nnmsp περί@p ὁ@dgns ἐνύπνιον@ngnsc ναβουχοδονόσορ@nnmsp ὅπως@b ἱκετεύω@viia3p ὁ@dnmp παῖς@nnmpc ὁ@dams θεός@namsc ἀποκαλύπτω@vnap-- αὐτός@rpdmp ὁ@dans ἐνύπνιον@nansc διήγησις@nnfsc ὁ@dgns ἐνύπνιον@ngnsc καί@cs κρίσις@nnfsc ποῖος@anafp- βασίλεια@nafpc εἰκάζω@viia3s ὁ@dnfs εἰκών@vpaanms ὁ@dnfs ὁ@ddms ναβουχοδονόσορ@ndmsp"
"Arg._3.3","οἴη@nnfsp νῦν@b ὁ@dnfs ὁ@dgmp ῥωμαῖος@ngmpp βασίλεια@nnfsc οὐ@b ἰσχυρός@annfs- ὡς@cs ὁ@dans πρότερος@anans- διά@p ὅς@anafs- αἰτία@nafsc ὁ@dnfs ὁ@dgmp ῥωμαῖος@ngmpp βασίλεια@nnfsc σίδηρος@ndmsc εἰκονίζω@viap3s ἀναμίγνυμι@vpredms μετά@p ὄστρακον@ngnsc τίς@rpans δηλόω@vipa3s ὁ@dnms λίθος@nnmsc ὅς@rpnms ὁ@dafs εἰκών@nafsc καταλύω@viaa3s χρῆσις@nnfsc ἐκ@p ὁ@dgfs γραφή@ngfsc ὅτι@cs λίθος@nnmsc ὁ@dnms χριστός@nnmsp ὅτι@b ὄρος@nnnsc ὁ@dnfs ὁ@dgms ἰούδας@ngmsp φυλή@nnfsc καί@cs λίθος@nnmsc ὁ@dnms χριστός@nnmsp καί@cs ὁ@dans ἄνευ@p χείρ@ngfpc τέμνω@vnap-- ὁ@dnfs ἄνευ@p ἀνήρ@ngmsc γέννησις@nnfsc ὅτι@b δῶρον@ndnpc δεξιόομαι@viam3s ὁ@dams δανιὴλ@nnmsp ὁ@dnms ναβουχοδονόσορ@nnmsp καί@cs βαλτάσαρ@nnmsp οὗτος@rpams μετονομάζω@viaa3s"
"Arg._3.4","περί@p ὁ@dgfs εἰκών@ngfsc ὅς@rpgfs ἵστημι@viaa3s ναβουχοδονόσορ@nnmsp εἰς@p ὁ@dans προσκυνέω@vnap-- περί@p ὁ@dgms ἄγγελος@ngmsc ὅς@rpnms τέταρτος@annms- ὁράω@viap3s μετά@p ὁ@dgmp παῖς@ngmpc ὅπως@b τιμάω@viap3p ὁ@dnmp τρεῖς@an---- παῖς@nnmpc ἐνύπνιον@nnnsc ἕτερος@annns- ὁ@dgms ναβουχοδονόσορ@ngmsp περί@p ὁ@dgns δένδρον@ngnsc πάλιν@b ἀγνοέω@vipa3s ὁ@dams ὄνειρος@namsc καί@cs καλέω@vipa3s ὁ@damp εἶπον@vnaa-- αὐτός@rpans μέλλω@vppaamp καί@cs καλέω@vifa3s ὁ@dams δανιήλ@namsp ὅς@rpnms καί@b κρίνω@viaa3s οὗτος@rpans ὅτι@cs ὁ@dnns ἲρ@b ἄγγελος@namsc δηλόω@vipa3s οὗτος@rpnns ’@rpnns εἰμί@vipa3s ὁ@dams ἐγείρω@vpraams ὅτι@cs μανία@nafsc νοσέω@vpaanms ὁ@dnms ναβουχοδονόσορ@nnmsp ἐν@p ὁ@ddfs ἐρῆμος@ndfsc ὡς@b θηρίον@nansc διατρίβω@viia3s ὄνομα@nanpc ἀρχαῖος@angmp- 2@ ἱστορικός@ngmpc"
"Arg._3.5","τις@nnmsp διαδέχομαι@viam3s ὁ@dams ναβουχοδονόσορ@nnmsp καί@cs ἐξοῦ@b περί@p βαλτάσαρ@ngmsp καί@cs ὅπως@cs χράω2@viam3s ὁ@ddnp ἱερόν@andnp- ὁ@dgmp ἰουδαῖος@ngmpp σκεῦος@ndnpc περί@p ὁ@dgms ἀστράγαλος@ngmsc ὁ@dgfs χείρ@ngfsc ὁράω@viaa3s ἐν@p ὁ@ddms τοῖχος@ndmsc βαλτάσαρ@nnmsp ὅπως@b ὁ@dnms δανιὴλ@nnmsp διασαφέω@vipa3s ὁ@ddms βαλτάσαρ@ndmsp ὁ@dams θεάομαι@vpapams ἀστράγαλος@namsc τίς@rpans σημαίνω@vipa3s ὁ@dnnp γράφω@vpapnnp διά@p ὁ@dgms ἀστράγαλος@ngmsc ὅτι@cs κῦρος@ngmsp ἐπέρχομαι@vpaagms κατά@p βαλτάσαρ@namsp ἀναιρέω@viap3s βαλτάσαρ@nnmsp ὅτι@b ὁ@dams δανιὴλ@nnmsp ὁ@dnms δαρεῖος@nnmsp εἰς@p μηδία@nafsp μεταφέρω@viaa3s μετά@p ὁ@dafs ὁ@dgfs βαβυλών@ngfsp ἅλωσις@nafsc ὅτι@b ὁ@dnms δαρεῖος@nnmsp καί@b κυαξάρας@nnmsp καλέω@viie3s ὅτι@b διά@p ὁ@dans δοκέω@vnaa-- παραβαίνω@vnaa-- ὁ@dams τίθημι@vpaaams τότε@b νόμος@namsc περί@p ὁ@dgns μή@b εὔχομαι@vnam-- ὁ@dnms δανιὴλ@nnmsp ἐμβάλλω@viap3s εἰς@p ὁ@dams λάκκος@namsc μετά@p ὁ@dgmp λέων@ngmpc ὅτι@b ὁ@dnmp κατά@p ὁ@dgms δανιὴλ@ngmsp εἶπον@vpaanmp ἐμβάλλω@viap3p εἰς@p ὁ@dams λάκκος@namsc ὁ@dgmp λέων@ngmpc"
"Arg._3.6","περί@p ὁ@dgns ἐνύπνιον@ngnsc ὅς@rpans ὁράω@viaa3s ὁ@dnms δανιήλ@nnmsp ἤτοι@b ὁ@dgnp τέσσαρες@ θηρίον@ngnpc ὁ@dgnp ἀπό@p ὁ@dgfs θάλασσα@ngfsc ἀναβαίνω@vpaagnp καί@cs ὅτι@cs ὁ@dans πρῶτος@anans- εἰμί@viia3s λέαινα@nnfsc ὁ@dnns δεύτερος@annns- ἄρκος@nnnsc 1@ τίς@rpnns εἰμί@vipa3s ὁ@dnns εἶδος@nnnsc ὁ@dgfs τιμωρητικός@angfs- σκάφη@ngfsc τις@rpamp ὁ@dnms κῦρος@nnmsp καί@b τις@rpamp ὁ@dnms καμβύσης@nnmsp καί@b τις@rpamp ὁ@dnms δαρεῖος@nnmsp ὑποτάσσω@viaa3s καί@cs τις@rpamp ὁ@dnms ξέρξης@nnmsp ὁ@dnns δέ@b τρίτος@annns- πάρδαλις@nnfsc τις@rpnmp οἶ@nnmpc δέ@b ὁ@dnmp διαδέχομαι@vpamnmp ὁ@dafs ὁ@dgms ἀλέξανδρος@ngmsp ἀρχή@nafsc"
"Arg._3.7","τίς@nvfsp ὁ@dnns τέταρτος@annns- θηρίον@nnnsc εἰς@p τίς@rpans ἐπί@p ὁ@dgfs ῥωμαῖος@angfs- 2@ βασίλεια@ngfsc ὁ@dnns ἐσθίω@vnpa-- καί@cs λεπτύνω@vnpa-- ἐκλαμβάνω@vire3s περί@p ὁ@dgms ἀντίχριστος@ngmsp περί@p ὁ@dgms ὁράω@vpapgms δανιὴλ@nnmsp παλαιός@angns- ὁ@dgfp ἡμέρα@ngfpc περί@p ὁ@dgfs ἀπώλεια@ngfsc ὁ@dgms ἀντίχριστος@ngmsp περί@p ὁ@dgfs δεύτερος@angfs- παρουσία@ngfsc ὁ@dgms υἱός@ngmsc ὁ@dgms θεός@ngmsc"
"Arg._3.8","περί@p ὁ@dgfs ἕτερος@angfs- ὀπτασία@ngfsc ὁ@dgms δανιήλ@ngmsp εἰμί@viia3s δ@b ’@b οὗτος@rpnfs κριός@nnmsc κερασφόρος@annms- καί@b ὁ@danp ἐξοῦ@b ὅτι@b ὁ@dnnp σοῦσα@nnfsp μητρόπολις@nnfsc εἰμί@viia3s ὁ@dgmp πέρσης@ngmpp ὅτι@b καμβύσης@nnmsp παῖς@nnmsc κῦρος@ngmsp καί@b οὗτος@rpams διαδέχομαι@viam3p μάγος@nnmpc καί@cs οὗτος@rpamp ὁ@dnms ὑστάσπης@ngmsp δαρεῖος@nnmsp περί@p ὁ@dgms τράγος@ngmsc ὅς@rpams εἶδον@viaa3s δανιὴλ@nnmsp καί@cs τίς@rpans σημαίνω@viia3s ὅτι@b ἀλέξανδρος@nnmsp ὁ@dgmp πέρσης@ngmpp καί@cs μῆδος@ngmpp βασιλεύς@nnmsc καθίστημι@viaa3s καί@cs δαρεῖος@namsp ἡττάω@viaa3s συλλαμβάνω@vpaanms ὁ@dafs γυνή@nafsc αὐτός@rpgms καί@cs ὁ@dafp θυγάτηρ@nafpc ὅτι@b πέρσης@nnmpp καί@cs μῆδος@nnmpp καταλύω@viaa3p ὁ@dafs βα@ -@na-sc σιλεία@nafsc ἀσσύριοι@ngmpp περί@p ὁ@dgms ἀντίοχος@ngmsp ὁ@dgms ἐπιφανής@angms- καί@b ὁ@dgfs αὐτός@rpgms κατά@p ἱερουσαλήμ@nafpp ἐπέκτασις@ngfsc καί@cs ὅς@rpgnp ποιέω@viaa3s ἐκεῖ@b ἑσπέρα@nnfsc 1@b σημαίνω@vipa3s ὁ@dafs ἀρχή@nafsc ἀνιαρός@angnp- ἤ1@cs ὁ@dams ὅλος@anams- χρόνος@namsc κατά@p ὅσος@anams- οὗτος@rpnnp"
"Arg._3.9","ὅτι@cs ὁράω@viap3s ὁ@ddms δανιὴλ@ndmsp ὁ@dnms ἄγγελος@nnmsc γαβριήλ@nnmsp διά@p τίς@rpans καλέω@viap3s δανιὴλ@nnmsp ἀνήρ@nnmsc ἐπιθυμία@ngfpc ὅτι@cs ἕκαστος@anafs- ἡμέρα@nafsc εἰς@p ἐνιαυτός@namsc λογίζομαι@viam3p 2@ ὅτι@cs ὁ@dnns σφραγίζω@vnaa-- ὁ@dgns παύω@vnap-- σημαντικός@annns- ποτέ@b ἄρχω@viam3s ὁ@dnms ναῦς@nnmsc ὁ@dgmp ἰουδαῖος@ngmpp οἰκοδομέω@vnpe-- μετά@p ὁ@dafs αἰχμαλωσία@nafsc ὅτι@b ἡγέομαι@vppmnms καλέω@viap3s ὁ@dnms χριστός@nnmsp"
"Arg._3.10","ὅτι@b οἶ@dnmp ἑβραῖος@nnmpp κατά@p ὁ@dams σεληνιακός@anams- δρόμος@namsc μετρέω@vipa3p ὁ@dams ἐνιαυτός@namsc ἔχω@vppanmp αὐτός@rpams ἡμέρα@ngfpc τριακόσιοι@angfp- καί@b πεντήκοντα@an---- καί@cs τέσσαρες@angfp- ὅτι@cs ὁ@dnns παράνομος@nnfsc ία@nnfsc ὁ@dgmp ἱερεύς@ngmpc οὐδείς@rpnns δοκέω@vipa3s"
"Arg._3.11","ἰουδήθ@nnmsp ὅτι@b ὁ@dnnp ἐκβαίνω@nnnpp βασίλειον@nnnpc ὁ@dgfp μῆδος@ngfpp εἰμί@viia3p περί@p ἀχιὼρ@ngmsp ὁ@dgms συμβουλεύω@vpaagms ὁ@ddms ὀλοφέρνης@ndmsp μή@b στρατεύω@vnaa-- κατά@p ἰουδαῖος@ngmpp καί@cs ὅπως@cs αὐτός@rpams ὁ@dnms ὀλοφέρνης@nnmsp παραδίδωμι@viaa3s ὁ@ddmp ἰουδαῖος@ndmpp ἐλπίς@nnfsc ζωός@namsc καί@b αὐτός@rpams συλλαμβάνω@vnaa-- μετά@p αὐτός@rpgmp 4@an---- καί@cs κολάζω@vnam-- ὅτι@b στενοχωρέω@viap3p ὁ@dnmp ἑβραῖος@nnmpp διά@p ἔνδεια@nafsc ὔ@b δέ@cs ἄτη@nafsc"
"Arg._3.12","οἴη@nnfsp εἰμί@viia3s ἰουδήθ@nnmsp ὅτι@b ἐξέρχομαι@viaa3s πρός@p ὀλοφέρνης@nafsp ὁ@dnfs ἰουδήθ@nnfsp στολίζω@vpamnfs λαμπρός@b καί@cs ἀποβάλλω@vpamnfs ὁ@dafs ὁ@dgfs χηρεία@ngfsc στολή@nafsc πρόρρησις@nnfsc ὁ@dgfs ἰουδήθ@ngfsp περί@p ὁ@dgfs ὀλοφέρνης@ngmsp σφαγή@ngfsc ὅτε@cs ἀπέρχομαι@viaa3s πρός@p ὁ@dams ὀλοφέρνης@namsp ὅτι@cs ἀρχαῖος@annns- ὡς@cs ἔοικα@vira3s ὁ@ddmp εὐνοῦχος@vppedmp ὁ@dnns ὑπηρετέω@vnpa-- εἰς@p τοιοῦτος@rpanp τίς@rpnns εἰμί@vipa3s ἀκινάκης@nnmpc καί@cs ὅτι@cs διά@p αὐτός@rpgms ἀναιρέω@viap3s ὁ@dnms ὀλοφέρνης@nnmsp ὅπως@b εἰσέρχομαι@viaa3s πάλιν@b εἰς@p ὁ@dafs πόλις@nafsc ἰουδήθ@nafsp μετά@p ὁ@dgfs κεφαλή@ngfsc ὀλοφέρνης@ngmsp καί@cs οἷος@ananp- συμβουλεύω@viaa3s μετά@p οὗτος@rpanp γίγνομαι@vnam-- περιτομή@annfs- ἀχιώρ@nnfsp ἧσσα@viia3s κατά@p ἀσσύριοι@ngmpp ὅτι@b ἰουδήθ@nnfsp στεφανόω@viap3s ἐλαία@ngfsc θαλλός@ndmsc καί@cs ἀείδω@viaa3s ᾠδή@nafsc ὁ@ddms θεός@ndmsc ὅς@rpnfs καί@b ἀνατίθημι@viam3s ὁ@dafs ὀλοφέρνης@ngmsp σκήνη@nafsc"
"Arg._3.13","τωβέτης@nnmsp ὅτι@cs ὁ@dnfs νινευί@nnfsp ὁ@dgmp ἀσσύριοι@angmp- μητρόπολις@nnfsc τύφλωσις@nnfsc τωβὶτ@nnmsp ὅτι@b δίκαιος@annmss ὁ@dnms τωβὶτ@nnmsp ὅς@rpnms καί@b ἐν@p πενία@ndfsc ὁ@dgns δίκαιος@angns- φροντίζω@viaa3s 2@ περί@p σάρρα@ngfsp ὅς@rpgfs ὁ@damp ἀνήρ@nampc ἀποπνίγω@viia3s ὁ@dnns σύνειμι1@vppaans αὐτός@rpdfs δαιμόνιον@nnnsc ὡς@b ἐράω1@vppanms αὐτός@rpgfs περί@p ὁ@dgms ἄγγελος@ngmsc ῥαφαήλ@nnmsp ὅπως@cs ὁ@dnms υἱός@nnmsc τωβὶτ@ngmsp τωβίας@nnmsp ἀποστέλλω@viap3s παρά@p ὁ@dgms πατήρ@ngmsc ἐπί@p ὁ@dans λαμβάνω@vnaa-- ὁ@dafs παρακαταθήκη@nafsc καί@cs ὅπως@cs ῥαφαήλ@nnmsp ὁ@dnms ἄγγελος@nnmsc ὁδηγέω@viaa3s αὐτός@rpams περί@p ὁ@dgms ἰχθύς@ngmsc ὅς@rpgms ὁ@dans ἧπαρ@nansc καί@cs ὁ@dafs χολή@nafsc κελεύω@viap3s τωβίας@nnmsp φυλάσσω@vnpa-- καί@cs διδάσκω@viap3s εἰς@p τίς@rpans οὗτος@rpnnp συντελέω@vipa3s"
"Arg._3.14","ὅτι@cs ἀξάριος@namsp μετονομάζω@viaa3s ἑαυτοῦ@rpams ὁ@dnms ἄλλος@annms- ῥαφαήλ@nnmsp ὅς@rpnms ὁ@dnms τωβίας@nnmsp ἰάομαι@viam3s ὁ@danp λευκώματα@nanpc ὁ@dgms πατήρ@ngmsc ὅτι@cs ὁ@dnms ῥαφαήλ@nnmsp ἀπαγγέλλω@viaa3s ὁ@ddms τωβὶτ@ndmsp ἄγγελος@nnmsc εἰμί@vnpa-- θεός@ngmsc καί@cs ἀποστέλλω@vnap-- πρός@p αὐτός@rpamp διήγησις@nnfsc ὁ@dgmp εἰμί@vpfmgnp νινευί@ndmsp ὁ@ddfs πόλις@ndfsc κατά@p ὁ@dafs πρόρρησις@nafsc ἰωνᾶς@nnfsp ἀπό@p τωβὶτ@ngfsp πρός@p τωβίας@namsp ὁ@dams ὒ@namsc ἰός@namsc αὐτός@rpgms ὑπό@p 3@ ἰερουσαλὴμ@n---p ὅτι@b ἑκατόν@ πεντήκοντα@an---- καί@cs ὀκτώ@an---- ἔτος@ngnpc γίγνομαι@vpamnms ὁ@dnms 4@ τωβὶτ@nnmsp θνήσκω@vira3s ὅτι@cs ὁ@dnnp ἐκβαίνω@nnnpp πόλις@nafpc ὁ@dgfs μηδία@ngfsp εἰμί@vipa3s"
"Arg._3.15","περί@p ὁ@dgfs βασίλεια@ngfsc μῆδος@ngmpp καί@cs πέρσης@ngmpp καί@cs ὅτι@cs ἀστυάγης@nnmsp ἄρχω@viia3s μῆδος@ngfpp ὁ@dnms καμβύσης@nnmsp δέ@cs πέρσης@vppanms ὅπως@b ὁ@dnmp πέρσης@nnmpp πολιτεύω@viie3p λίαν@b ἔννομος@b καί@cs δίκαιος@b ὅπως@b ὁ@dnmp παῖς@nnmpc παρά@p πέρσης@ndmpp διάγω@viia3p ὅτι@cs μέχρι@p ὁ@dgms ἑπτακαιδέκατος@angms- ἕκατος@angms- ἐνιαυτός@ngmsc παῖς@nnmpc λέγω3@viie3p ἑξῆς@b δέ@cs ἔφηβος@nnmpc ὅπως@cs περί@p ὁ@dafs θήρα@nafsc ἀχεύω@viaa3p λαγχάνω@vile3p πέρσης@nnmpp ὅτι@b εἰμί@vipa3s ὅς@b καί@cs κάρδαμον@anans- ἔχω@vppanns ὄψον@nnnsc ὅτι@cs ἄν@x ἔτος@ngnpc ὁ@dnmp τέλειος@annmp- εἰμί@viia3p ὅτι@b μετά@p ὁ@danp πεντήκοντα@an---- ἔτος@nanpc εἰς@p ὁ@damp γηραιός@nampc τάσσω@viie3p καί@b οὐκέτι@b στρατεύω@viie3p ἀλλά@cs δικάζω@viia3p ὅτι@cs ὁ@ddmp πέρσης@ndmpp αἰσχρός@annns- ὁ@dnns ἔχω@vnpa-- περίττωμα@nanpc"
"Arg._3.16","ὅτι@cs μητροπάτωρ@nnmsc κῦρος@ngmsp ὁ@dnms ἀστυάγης@nnmsp ἄρχων@vppanms μέν@b μῆδος@ngmpp πενθερός@annms- δέ@cs καμβύσης@ngmsp ἄρχω@vppagms πέρσης@ngmpp καί@cs πατήρ@ngmsc κῦρος@ngmsp καί@cs ὅτι@cs ἕτερος@annmp- ἀσσύριος@nnmpp καί@cs ἕτερος@annmp- σύρος@nnmpp ὅτι@b ὁ@dnms ὁ@dgmp ἀσσύριοι@ngmpp βασιλεύς@nnmsc πολκρατέω@vpaanms ἔθνος@ngnpc καί@b κατά@p μῆδος@ngfpp στρατεύω@viaa3s ὅτι@b πρός@p κυαξάρας@namsp ἄρχω@vppaams μῆδος@ngmpp ὁ@dams καί@cs δαρεῖος@namsp ὁ@dnms καμβύσης@nnmsp ὁ@dnms ἄρχων@vppanms πέρσης@ngmpp κῦρος@namsp ὁ@dams υἱός@namsc ἀποστέλλω@viaa3s σύμμαχος@anams- κατά@p ἀσσύριοι@ngmpp ὅτι@b λιτότης@ndfsc ὁ@dnmp πέρσης@nnmpp χαίρω@vipa3p ὅπως@b ὁ@dnms κῦρος@nnmsp ἐθέλω@viaa3s κατά@p ἀρμένιος@ngmpp ἔρχομαι@vnaa-- ὅτι@b ἐγγίζω@vipa3p ὁ@danp ὅριον@nanpc μῆδος@ngfpp καί@cs ἀρμένιος@ngmpp περί@p χρυσαντας@namsp καί@cs ὅπως@b πρός@p ὁ@dams ἀρμένιος@namsp ὁ@dnms κῦρος@nnmsp ὅτι@cs οὐ@b εἰμί@viia3s πόλις@nafpc ἐν@p ἀρμενία@ndfsp ἁλίσκομαι@viaa3p πᾶς@annmp- ὁ@dnmp οἰκεῖος@nnmpc ὁ@dgms ἀρμένιος@ngnsp καί@cs αὐτός@rpnms προσέρχομαι@viaa3s"
"Arg._3.17","ὅπως@b ὁ@dnms κῦρος@nnmsp λαμβάνω@vpaanms χρῆμα@nanpc παρά@p ὁ@dgms ἀρμένιος@ngmsp καί@cs συμμαχία@nafsc διαλύω@viaa3s ὁ@dafs μάχη@nafsc ὅτι@cs ὅμορος@annmp- ἀρμένιος@nnmpp καί@cs χαλδαῖος@nnmpp συνέλευσις@nnfsc μῆδος@ngfpp καί@cs ἀσσύριοι@ngmpp εἰς@p πόλεμος@namsc τίς@rpnns εἰμί@vipa3s παρασάγγης@nnmsc συμβολή@nnfsc πέρσης@ngmpp καί@cs μῆδος@ngmpp μετά@p ἀσσύριοι@ngmpp καί@cs ἧσσα@ananp- ἀσσύριοι@ngmpp ὅτι@b ἀφίημι@vpaanmp νύξ@ngfsc ὁ@dnmp ἀσσύριος@nnmpp φεύγω@viaa3p καί@cs ὁ@dnms 1@an---- κῦρος@nnmsp σύν@p κυαξάρας@ndmsp διαβαίνω@viaa3p ὁ@dans ὁ@dgmp ἀσσύριοι@ngmpp χαράκωμα@nansc καί@cs ὁ@dnms κῦρος@nnmsp διώκω@viaa3s ὀπίσω@p αὐτός@rpgmp προσέρχομαι@vpaagmp αὐτός@rpdms καί@b ὁ@dgmp ὑρκάς@ngmsp νίων@ngmpc ὅς@p συνόμορος@anamp- ἔχω@viia3p καί@cs σύμμαχος@nampc ἀσσύ@nnmpp -@ngmpc ριος@nnmpc ὅτι@b καταλαμβάνω@viaa3s ὁ@damp ἀσσύριοι@nampp ὁ@dnms κῦρος@nnmsp ὁ@dnmp δέ@cs καί@b ἔτι@b φεύγω@viia3p"
"Arg._3.18","ὅτι@b καί@b γυνή@nnfpc ἕπομαι@viie3p κροῖσος@ndmsp ὁ@ddms συμ@anams- -@andms- μάχλος@ndmsc ὁ@dgmp ἀσσύριοι@ngmpp ἄμαξα@vnaa-- καί@cs ἁρμάμαξα@vnaa-- ὅτι@b ὡς@cs ἔοικα@vira3s μέχρι@b τότε@b οὐ@b εἰμί@viia3s παρά@p πέρσης@ndmpp ἱππικός@annns- τίς@rpans διαλέγω@viap3s πρός@p ὁ@damp αἰχμάλωτος@anamp- ἀσσύριοι@nampp ὁ@dnms κῦρος@nnmsp διαμερισμός@nnmsc ὁ@dgnp ἐκ@p ἀσσύριοι@ngnpp λάφυρα@ngnpc ἐκ@p ὅς@rpgmp ὁ@damp ἵππος@nampc οἶ@dnmp πέρσης@nnmpp λαμβάνω@viaa3p ἴνα@cs καί@b αὐτός@rpnmp ἱππεύς@nnmpc γίγνομαι@vsam3p μή@b πρίν@b εἰμί@vppanmp"
"Arg._3.19","περί@p προσέλευσις@ngfsc γωβρύης@ngmsp πρός@p κῦρος@namsp ὁ@dnms δέ@b γωβρύης@nnmsp ἀσσύριος@annms- εἰμί@viia3s ὁράω@vmpa2s εἰς@p ὅρκος@ngmsc τύπος@namsc ὁ@dans λαμβάνω@vnpa-- καί@cs δίδωμι@vnpa-- ὁ@dafs δεξιά@nafsc ὁ@danp ἐπινέμω@vpapanp ὁ@ddms κῦρος@ndmsp λάφυρα@nanpc ἐν@p ὄις@rpdmp εἰμί@viia3s καί@b ὁ@dnfs ὁ@dgms ἀβραδάτας@ngmsp γυνή@nnfsc ὅτι@cs εἰς@p βαβυλών@nafsp ἔρχομαι@vipe3s πάλιν@b κῦρος@nnmsp κατά@p ἀσσύριοι@ngmpp ὅτι@b ζητέω@viaa3s κῦρος@nnmsp μονομαχέω@vnaa-- μετά@p ὁ@dgms ἄρχω@vppagms βαβυλών@ngfsp ὁ@dnms δέ@b εἶπον@viaa3s μή@b εἰμί@vnpa-- παρασκευάζω@vprenms καί@cs ἀναμένω@viaa3s ὁ@dafs παρασκευή@nafsc ἐκεῖνος@rpgms κῦρος@nnmsp περί@p γαδάτας@namsp ὅς@rpnms εὐνοῦχος@annms- εἰμί@vppanms εἰμί@b ἔχω@viia3s προσέλευσις@nnfsc πρός@p κῦρος@namsp ὁ@dgms γαδάτας@ngmsp ὅς@rpnms ὁ@dgmp ἀσσύριοι@ngmpp εἰμί@viia3s ἕτερος@angnp- ἔθνος@ngnpc προσέλευσις@nnfsc πρός@p κῦρος@namsp ὅτι@cs ἀρχαῖος@annns- ὁ@ddmp βασιλεύς@ndmpc ὁ@dnns δεσπότης@nnmdc"
"Arg._3.20","ὅπως@b εὔζωνος@b ἐξελαύνω@viaa3s κῦρος@nnmsp συμμαχέω@vnaa-- γαδάτης@ndmsp καί@cs ὅπως@cs αὐτός@rpams ἀνέλπιστος@b ῥύομαι@viam3s ὁ@dgfs ἐνέδρα@ngfsc ἧσσα@viia3s καδούσιος@ngmpp 2@b σύμμαχος@angmp- κῦρος@ngmsp δῶρον@nanpc παρά@p γαδάτας@ngmsp ὁ@ddms κῦρος@ndmsp ἐν@p ὅς@rpdmp καί@b ἵππος@nnmpc διά@p ’@p ὅς@rpgnp μυρίος@anamp- ὁ@damp οἰκεῖος@anamp- ἱππεύς@nampc ὁ@dnms κῦρος@nnmsp ποιέω@viap3s σός@anams- ὅτι@b φρούριον@nanpc κατέχω@viaa3s σύρος@ngmpp ἐν@p μεθόριος@andnp- σύρος@ngmpp καί@cs μῆδος@ngfpp ὁ@dnms κῦρος@nnmsp ὅτι@b ἄχθομαι@viap3s ὁ@dnms κυαξά@nnmsp ρης@nnmsc εἶδον@vpaanms ὁ@ddms κῦρος@ndmsp ὁ@ddms οἰκεῖος@andms- σύμμαχος@ndmsc στρέπω@vppeafs πολύς@anafs- δύναμις@nafsc ὑπέρ@p ὁ@dafs ἑαυτοῦ@rpgms καί@cs ὅπως@cs αὐτός@rpgms ὁ@dafs λύπη@nafsc καταπαύω@viaa3s ὁ@dnms κῦρος@nnmsp"
"Arg._3.21","κῦρος@ngmsp συμβουλή@nnfsc ὅπως@cs χρή@vipa3s χειμών@ngmsc τος@ngmsc λύω@vnaa-- ὁ@dams πόλεμος@namsc ὅτι@b ἀεί@b ἀεί@b ἄν@p ὁ@damp ’@anamp- ς@damp οἰκεῖος@anamp- ἐθέλω@viia3s κῦρος@nnmsp ἵνα@cs φημί@vipa3s ὑγιαίνω@vopa3p περί@p ἀράσπης@ngmsp καί@b ὅπως@cs ἐράω1@viia3s ὁ@dgfs γυνή@ngfsc ὅς@rpafs φυλάσσω@viia3s ὁ@ddms κῦρος@ndmsp καί@cs ὅπως@cs αὐτός@rpgfs μή@b πείθω@vpapgfs ὁ@ddms ἀράσπης@ndmsp καίτοι@b βιάζω@vppedms ὁ@dnms κῦρος@nnmsp μανθάνω@viaa3s καί@cs οὐ@b ὀργίζω@viap3s ἀλλά@cs συγγιγνώσκω@viaa3s αὐτός@rpdms ὡς@cs ἄνθρωπος@ndmsc εἶπον@vpaanms καί@b θεός@nampc ἐράω1@vnpa-- ἑαυτοῦ@rpams μᾶλλον@b λέγω@viaa3s αἰτιάομαι@vipe1s ὅτι@cs συγκα@vmpa2s θείνω@viaa1s ὁ@ddms ἀράσπης@ndmsp θηρίον@nansc τοιοῦτος@anans- ἄμαχος@anans- ὁ@dafs γυνή@nafsc δηλονότι@vppadms ὅτι@b κατά@p συμβουλή@nafsc κῦρος@ngmsp δοκέω@viaa3s φεύγω@vnpa-- ἄραψ@nnmsp 2@ καί@cs ἀπέρχομαι@viaa3s πρός@p ὁ@dams ἀσσύριος@namsp ἐπί@p ὁ@ddns μανθάνω@vnaa-- ὁ@danp κατά@p αὐτός@rpams καί@cs ὁ@dnfs πάνθεια@nnfsp οὗτος@anans- γάρ@b ὄνομα@nansc ὁ@ddfs γυνή@ndfsc ζητέω@viaa3s ἔρχομαι@vnaa-- ἀντί@p ἀράσπης@ngmsp εἰς@p 3@ananp- φίλος@namsc κῦρος@ngmsp καί@cs ὑπηρετέω@vnpa-- ὁ@dams ἀνήρ@namsc αὐτός@rpgfs ἀβραδάτας@namsp ὁ@rpnms καί@b γίγνομαι@vira3s καί@b ἔρχομαι@vpaanms ὁ@dnms ἀβρα@nnmsp δάτας@nnmsc καί@cs μανθάνω@vpaanms ὁ@danp πρός@p ὁ@dafs γυνή@nafsc αὐτός@rpgms πάνθεια@nafsp καί@cs ὁ@dafs σωφροσύνη@nafsc κῦρος@ngmsp εὐχαριστέω@viia3s αὐτός@rpamd"
"Arg._3.22","ἀποστολή@nnfsp χρῆμα@ngnpc ὁ@ddms κῦρος@ndmsp παρά@p ὁ@dgms ἰνδός@ngmsp καί@cs φιλία@ngfsc ἀρχή@nnfsc ὅτι@cs ἔχω@viia3s μυρίος@anamp- ἱππεύς@nampc ὁ@dnms κῦρος@nnmsp καί@b ἅρμα@nanpc δρεπανηφόρος@ananp- ἑκατόν@an---- καί@b ὁ@dnms ἀβραδάτας@nnmsc ἑκατόν@an---- καί@b ὁ@dnnp μηδικός@annnp- ἑκατόν@an---- καί@cs ὅτι@cs ἕκαστος@annfs- κάμηλος@nnfsc ἔχω@viia3s τοξότης@nampc δύο@an---- πάλιν@b κῦρος@ngmsp συνέλευσις@nnfsc κατά@p ἀσσύριοι@ngmpp ὅτι@cs χιλός@nnmsc ἐνταῦθα@b ὁ@dnfs ὁ@dgmp ἄλογος@angnp- τροφή@nnfsc ὑποστροφή@nnfsc ἄραψος@ngmsp καί@cs ἐγκώμιον@nnnsc αὐτός@rpgms ἀπό@p κῦρος@ngmsp ὅτι@b ὁ@dnfs πάνθεια@nnfsp ὁ@dams ἑαυτοῦ@rpgfs 1@ κόσμος@namsc συγκόπτω@viaa3s εἰς@p ὁπλισμός@namsc ὁ@ddms ἀνήρ@ndmsc ὅτι@cs κόσμος@namsc ἡγέομαι@viie3s ὁ@dams ἀνήρ@namsc καί@cs οἶος@ananp- αὐτός@rpdms προσφθέγγομαι@viam3s ξαίνω@viam3s ὁπλίζω@vppedms καί@cs ὅπως@cs εὐχαριστέω@viia3s κῦρος@ndmsp ὡς@b συντηρέω@vpaadms οὗτος@rpafs ἀνύβριστος@anafs- οἷος@rpanp εἶπον@viaa3s πρός@p πάνθεια@namsp ὁ@dnms ἀνήρ@nnmsc"
"Arg._3.23","ὅπως@cs ἀντιτάσσω@viaa3s ὁ@damp ἑαυτοῦ@rpgms ὁ@ddmp ὁ@dgms κῦρος@ngmsp ὁ@dnms κροῖσος@nnmsp ὅτι@cs ὁ@dnms παιάν@nnmsc ᾠδή@b εἰμί@vipa3s πόλεμος@ngmsc ὅτι@b ὁ@dnfp κάμηλος@nnfpc ὁ@ddmp ἵππος@ndmpc δειλία@nafsc ἐμβάλλω@viaa3p συμβολή@nnfsc πέρσης@ngmpp καί@cs αἰγύπτιος@ngmpp ἐν@p ὄις@rpdmp καί@b ὁ@dnms ἀβραδάτας@nnmsp ὅς@rpnms ἐκπίπτω@vpaanms ὁ@dgns ἅρμα@ngnsc κατακόπτω@viap3s ὅτι@b πίπτω@vpaanms τις@rpnms μάχαιρα@ndfsc ὁ@dams ἵππος@namsc ὁ@dgms κῦρος@ngmsp πλήσσω@viaa3s καί@cs οὕτως@b ὁ@dnms κῦρος@nnmsp ἐκ@p ὁ@dgms ἵππος@ngmsc καταβάλλω@viap3s ὅτι@b κυκλόω@vpapnmp ὁ@dnmp αἰγύπτιος@nnmpp ὑπό@p ὁ@dgmp πολέμιος@ngmpc καί@cs μή@b δύναμαι@vppenmp ἀντέχω@vnpa-- ὑπό@p ὁ@ddfp ἀσπίς@ndfpc κατάκάθημαι@viie3p ἄπρακτος@annmp- εἶτα@cs ῥίπτω@vpaanmp ὁ@danp ὅπλον@nanpc φεύγω@viia3p στρατοπεδεύω@viam3s ἀντί@p ὁ@rpgns ἔρχομαι@viaa3s εἰς@p ὁ@dans στρατόπεδον@nansc"
"Arg._3.24","ὅτι@cs κῦρος@nnmsp κροῖσος@ngmsp φεύγω@vpaagms ἐπί@p σάρδεις@nafpp καί@b αὐτός@annms- ἐκεῖ@b ἀπέρχομαι@viaa3s εἴλω@viaa3s δέ@b καί@b ὁ@dafs ἀκρόπολις@nafsc πρόσρησις@nnfsc κροῖσος@ngmsp πρός@p κῦρος@namsp καί@cs πρό@nvmsc κλησις@nnfsc μή@b διαρπάζω@vnaa-- ὁ@dafs πόλις@nafsc ἀλλά@cs λαμβάνω@vnaa-- ἡσυχῇ@b ὁ@danp χρῆμα@nanpc περί@p ὁ@dgms θάνατος@ngmsc ὁ@dgms ἀβραδάτας@ngmsp καί@b ὅσος@ananp- λέγω@viaa3s ὁ@dnfs γυνή@nnfsc πρός@p κῦρος@namsp καί@cs ὅπως@cs ἀποσφάζω@viaa3s ἄν@p ἑαυτοῦ@rpafs ὅπως@b ὁ@dnms κῦρος@nnmsp ἀβραδάτης@namsp καί@cs ὁ@dafs πάνθεια@nafsp θάπτω@viaa3s μεγαλοπρεπής@b"
"Arg._3.25","περί@p κάρ@ngmpp καί@cs ὁ@dgmp ἐπί@p φρυγία@nafsp ὁ@dafs 4@an---- παρά@p ’@p ἑλλήσποντος@namsp περί@p ὁ@dgfp ἄμαξα@ngfpc ὁ@dgfp ἕλκω@vppagfp ὁ@danp χρῆμα@nanpc ὅς@rpanp δίδωμι@viaa3s ὁ@dnms κροῖσος@nnmsp καί@cs οἷος@anams- εἶπον@viaa3s λόγος@namsc ὁ@dnms κῦρος@nnmsp περί@p ὁ@dgfs μέγας@angfs- φρυγία@ngfsp πολιορκία@nnfsc βαθείας@rpgfs βύλων@ngmsc καί@b μετάνεξις@nnfsc ὁ@dgms ποταμός@ngmsc εὐφράτης@ngmsp καί@cs κατάσχεσις@nnfsc ὁ@dgfs πόλις@ngfsc διά@p αὐτός@rpgms ὅπως@b πρῶτος@b ὁ@dnnp βασίλειον@nnnpc κατέχω@viap3p ὅτι@b ὁ@dnms ἁλίσκομαι@vpaanms βασιλεύς@nnmsc ἀσσύριοι@ngmpp ἐν@p βαβυλών@ndfsp ὁ@dnms βαλτάσαρ@nnmsp εἰμί@viia3s ὅς@rpdms καί@b ὁ@dnfs χείρ@nnfsc ὁράω@viap3s κατά@p ὁ@dams τοῖχος@namsc ὡς@cs φημί@vipa3s δανιὴλ@nnmsp ὁ@dnms προφήτης@nnmsc"
"Arg._3.26","ὅτι@b ἐκτομίας@nafpc ἔχω@viia3s ὁ@dnms κῦρος@nnmsp ὑπηρέτης@nampc οἷος@annfs- εἰμί@viia3s ὁ@dnfs διαγωγή@nnfsc κῦρος@ngmsp καί@cs ὁ@dgmp περί@p αὐτός@rpams ὡς@b λίαν@b καλός@annfs- ὅπως@b ὁ@dams κροῖσος@namsp ὁ@dnms κῦρος@nnmsp ἐλέγχω@viaa3s κακός@b ὅτι@cs κόσμος@namsc οἰκεῖος@anams- ὁ@dnms κῦρος@nnmsp ἡγέομαι@viim3s ὁ@dams κόσμος@namsc ὁ@dgmp ὑπήκοος@ngmpc διά@b τίς@rpans περί@p ὁ@dafs ἀριστερός@anafs- ὁ@damp οἰκεῖος@anamps καθίζω@viaa3s ὅτι@cs πολύς@ananp- λέγω3@viia3s ἔχω@vnpa-- ὁ@dnms κῦρος@nnmsp χρῆμα@nanpc ἵνα@cs ὁ@ddmp ἄξιος@andmp- αὐτός@rpanp διανέμω@vspa3s οὐ@b μήν@b γε@b ἑαυτοῦ@rpgms χάρις@p"
"Arg._3.27","ὅτι@b εἰς@p ὁ@danp οἰκεῖος@ananp- κύρφος@nnmpp ἀναστρέφω@vppadms δίδωμι@vira3s κυαξάρας@nnmsp καί@b ἄλλος@rpanp μέν@b ἀλλά@cs καί@b ὁ@dafs θυγάτηρ@nafsc γυνή@nafsc καί@cs ὁ@dafs χώρα@nafsc μῆδος@ngmpp ὁ@dnms δέ@b μή@b ἄλλως@b λαμβάνω@vnaa-- λέγω@viaa3s εἰ@cs μή@b συναινέω@vifa3s ὁ@dgmp γονεύς@ngmpc ὅς@rpans δή@b καί@b ποιέω@viaa3s ἀπέρχομαι@vpaanms ἐκεῖ@b καί@cs δίδωμι@vpaanms πᾶς@andmp- ὁ@ddmp πέρσης@ndmpp δῶρον@nanpc πολύς@ananp- ὅτι@b πάλιν@b εἰς@p βαβυλών@nafsp ὑποστρέφω@viaa3s καί@cs ὅσος@ananp- κατέχω@viaa3s ἔθνος@nanpc ἐν@p ὅς@rpdmp εἰμί@viia3s καί@b κύπρος@nnfsp περί@p ὁ@dgnp λέγω3@vppegnp κοντοῦρος@angnp- ὅτι@b ὁ@danp πρός@p συρία@nafsp ἔθνος@nnnpc οἰκέω@vppaanp ὑποτάσσω@viaa3s καί@cs αἴγυπτος@nafsp καί@b ὅθεν@b ἄρχω@viie3s αὐτός@rpdms ὁ@dnfs ἐξουσία@nnfsc καί@cs ὅπως@cs διά@p ὅλος@angms- ὁ@dgms ἐνιαυτός@ngmsc περίεἶμι@viia3s ὁ@dafs οἰκεῖος@anafs- ἐπικράτεια@nafsc καί@b ὅτι@cs γέρων@nnmsc γίγνομαι@vira3s οἶος@annfs- τε@b διαλέγω@viap3s ὁ@ddmp οἰκεῖος@andmp- καί@cs τίω@anafp- ναί@nafpc καταλιμπάνω@viaa3s διάδοχος@nampc ὅτι@cs ὁ@dnms πρόδοτος@nnmsp ἄλλως@b ὁ@danp κατά@p ὁ@dams κῦρος@namsp ἱστορέω@viaa3s"
"Arg._4.1","ὅτι@b μόνος@annfp- ὁ@dnfp δύο@ φυλή@nnfpc ἀναβαίνω@viaa3p εἰς@p ἱεροσόλυμα@nanpp περί@p ὁ@dgns ἔθνος@ngnsc ὁ@dgmp χουθαίος@ngmpp ὅτι@b καμβύσης@nnmsp ὁ@dafs ἀρχή@nafsc κῦρος@ngmsp διαδέχομαι@viam3s ὅς@rpnms καί@b κωλύω@viaa3s ὁ@dafs ἀνοικοδομή@nafsc ὁ@dgms ναός@ngmsc βασιλεύω@vpaanms ἔτος@nanpc ἑπτά@an---- περί@p καμβύσης@ngmsp καί@cs ὅπως@cs αὐτός@rpams διαδέχομαι@viam3s σμέρδης@nnmsp ὁ@dnms μάγος@nnmsc καί@b ὅς@rpnms ὁ@dnms καμβύσης@nnmsp ὁ@dams ἀδελφός@namsc σμέρδης@namsp ἐκ@p ὄνειρος@ngmsc δειματόω@vpapnms ἀποκτείνω@viaa3s ὅπως@b ὁ@dnms καμβύσης@nnmsp ἀποθνῄσκω@viaa3s ἐν@p ἐκβάτανα@ndfpp ὁ@dgfs συρία@ngfsp καταχρηματίζομαι@vpreans ἔχω@vpaanms οὗτος@rpans"
"Arg._4.2","ὅτι@cs ὁ@dnms μάγος@nnmsc σμέρδης@nnmsp 1@ ὡς@cs υἱός@nnmsc ὁ@dgms κῦρος@ngmsp κρατέω@viaa3s ἐλέγχω@viap3s δέ@b ὕστερος@b ἕτερος@annms- εἰμί@vnpa-- παρά@p ’@p ἐκεῖνος@rpams ὡς@cs μή@b ἔχω@vppanms οὖς@nanpc ἀποτέμνω@viap3s γάρ@b οὗτος@rpnnp διά@p πταῖσμα@nansc παρά@p ὁ@dgms κῦρος@ngmsp ἐπανάστασις@nnfsc κατά@p σμέρδος@ngmsp ὅπως@cs ὁ@dnms πρηξάσπης@nnmsp θνήσκω@vnra-- ὁ@dams υἱός@namsc κῦρος@ngmsp σμέρδης@namsp κηρύσσω@viaa3s καί@b ἕτερος@anams- δέ@cs ὁμώνυμος@anams- εἰμί@vnpa-- ὁ@dams κρατέω@vppaams καί@cs ὅπως@cs οὗτος@rpnms διά@p οὗτος@rpans ἀποθνῄσκω@viaa3s ὅς@rpnms ὁ@dnmp μάγος@nnmpc ἀναιρέω@viap3p ὅς@rpgmp εἷς@nnmsc ὁ@dnms σμέρδης@nnmsp"
"Arg._4.3","ὅπως@cs κρατέω@viaa3s πέρσης@ngmpp δαρεῖος@nnmsp ὁ@dnms ὑστάσπης@ngmsp ἐκ@p περίνοια@ngfsc ὁ@dgms οἰκεῖος@angms- ἱππόκομος@angms- τίς@rpans εὔχομαι@viam3s ὁ@ddms θεός@ndmsc εἰ@cs κρατέω@vifa3s ὁ@dnms δαρεῖος@nnmsp οἷος@ananp- προτίθημι@viam3s ἐρώτημα@nanpc ὁ@dnms δαρεῖος@nnmsp ὁ@ddmp οἰκεῖος@andmp- φίλος@ndmpc καί@cs οἷος@ananp- ὑπισχνέομαι@viam3s ὁ@ddms διαλύω@vpfadms οὗτος@rpanp ὅτι@b ὁ@dnms ζοροβάβελ@nnmsp ἐν@p οὗτος@rpdnp ἀριστεύω@viaa3s ὁ@dgms οἶνος@ngmsc καί@cs ὁ@dgmp βασιλεύς@ngmpc ὁ@dafs γυνή@nafsc κρειττονεύω@vnpa-- εἶπον@vpaanms ὅτι@cs ἐκ@p αἴτησις@ngfsc ζοροβάβελ@ngmsp ὁ@dafs ἀνοικοδομή@nafsc ὁ@dgms ναός@ngmsc καί@cs δαρεῖος@nnmsp διά@p αὐτός@rpgms γίγνομαι@vnam--"
"Arg._4.4","δεύτερος@b ἀνάβασις@nnfsc εἰς@p ἱεροσόλυμα@nanpp μετά@p ὁ@dgns ζοροβάβελ@nnmsp ὁ@dnmp δέ@b ἀναβαίνω@vpaanmp μυριάς@nnfpc υξβ ́@nanpc καί@cs χιλιάς@nnfpc ὁ@dnfs ἄνευ@p ὑπηρέτης@ngmpc περί@p σαμαρεύς@ngmpp καί@cs ὅπως@cs ἄχθομαι@viap3p ποτέ@b εἰμί@viia3s ἀγγαῖος@nnmsp καί@cs ζαχαρίας@nnmsp ὁ@dnmp προφήτης@nnmpc ὅτι@b ὁ@dnms δαρεῖος@nnmsp ἐπιτρέπω@viia3s δίδωμι@vnpe-- ὁ@ddmp ἰουδαῖος@ndmpp κατά@p ἕκαστος@anafs- ὁ@danp εἰς@p θυσία@nafsc συντελέω@vppaanp ζῷον@nanpc καί@cs ὁ@dafs σεμίδαλις@nafsc ὅτι@cs διά@p ἔτος@ngnpc ἑπτὰ@ ὁ@dnms ναῦς@nnmsc ἐκτίνω@viap3s ποτέ@b βασιλεύω@viie3p ὁ@dnmp ἰουδαῖος@nnmpp καί@cs ποτέ@b ὑπό@p κριτής@ngmpc ἄρχω@viie3p"
"Arg._4.5","ὅτι@b ὁ@dams δαρεῖος@namsp ξέρξης@nnmsp διαδέχομαι@viam3s καί@b εὐσεβής@b περί@p ὁ@dams ναός@namsc καί@b αὐτός@annms- διατίθημι@viap3s ὅτε@cs καί@b ἔσδρας@nnmsp ἀνασῴζω@viap3s ἐκ@p βαβυλών@ngfsp εἰς@p ἱεροσόλυμα@nanpp μετά@p πολύς@angns- πλῆθος@ngnsc ἰουδαῖος@ngmpp ὅτι@b πολύς@annfp- μυριάς@nnfpc πέραν@b εὐφράτης@ngmsp μένω@vira3p ἰουδαῖος@ngmpp περί@p νέεμος@ngmsp ὁ@dgms ἑβραῖος@angms- ὅπως@cs καί@b αὐτός@rpnms ἐκ@p βαβυλών@ngfsp εἰς@p ἱεροσόλυμα@nanpp ἔρχομαι@viaa3s καί@cs ὁ@dans τεῖχος@nansc ἀνοικοδομέω@viaa3s ὅτι@b πρῶτος@annfs- ὁ@dnfs ὁ@dgms ἰούδας@ngmsp φυλή@nnfsc ἐκ@p βαβυλών@ngfsp ἀναβαίνω@viaa3s ὅθεν@b καί@b ἰουδαῖος@nnmpp ὁ@dnmp ἐν@p ἰερουσαλὴμ@ndmsp καλέω@viap3p"
"Arg._4.6","ὅτι@cs ὁ@dams ξέρξης@namsp υἱός@nnmsc κῦρος@nnmsp 1@ ὁ@dnms καί@b ἀρτα@nvmsp ξέρξης@nnmsc διαδέχομαι@viam3s περί@p ἐσθήρ@ngmsp ὅς@rpafs λαμβάνω@viaa3s γυνή@nafsc ὁ@dnms ἀρταξέρξης@nnmsp καί@cs περί@p μαρδοχαῖος@ngmsp ὅτι@cs νόμος@namsc τίθημι@viam3s ἀρταξέρξης@nnmsp μηδείς@rpams ὁ@rpdms ἄκλητος@anams- ἐπί@p θρόνος@ngmsc καθή@vopa3s μένω@vppeamd προσέρχομαι@vnpe-- ὅπως@b ὁ@dnms μαρδοχαῖος@annms- ἐπιβουλή@nafsc μηνύω@viaa3s κατά@p ὁ@dgms βασιλεύς@ngmsc ὁ@dnms ἐγώ@nnmsp μαρδοχαῖος@namsp ἀνασταυρόω@vnaa-- βούλομαι@viie3s ἀλλά@cs πάσχω@viap3s ἐκεῖνος@rpnms πρόνοια@ndfsc θεός@ngmsc ὅτι@b 2@b ἐσθήρ@nnfsp γιγνώσκω@vpaanfs ὁ@dafs μελετάω@vppeafs ὁ@dgmp ἰουδαῖος@ngmpp ἀπώλεια@nafsc παρά@p ἐγώ@namsp διά@p ὁ@dams μαρδοχαῖος@namsp δέω2@viap3s πρότερος@anans- ὁ@dgms θεός@ngmsc εἶτα@b καί@b ἄκλητος@annms- εἰσέρχομαι@viia3s πρός@p βασιλεύς@namsc καί@cs διά@p οὗτος@rpans θορυβέω@vppegms πίπτω@viaa3s πρό@p πούς@ngmpc αὐτός@rpgms ἀχανής@annms- καί@cs ὅπως@cs εἰς@p δεῖπνον@nansc αὐτός@rpams καλέω@viaa3s καί@cs ὁ@dams ἡμός@namsp ὅτι@b πεντήκοντα@an---- πῆχυς@ngmpc ἦ@viia3s ’@viia3s ἄν@p ὁ@dans ξύλον@nansc ἐν@p ὅς@rpdns ὁ@dams μαρ@namsp δοχαῖος@namsc ὁ@dnms ἐγώ@nnmsp ἀνασταυρόω@vnaa-- μελετάω@viia3s ὅπως@b 1@b ἀναμιμνήσκω@viap3s ὁ@dnms βασιλεύς@nnmsc ὁ@dgns μαρδοχαῖος@ngmsp διά@p ὁ@dafs ἐπιβουλή@nafsc καί@cs ὅτι@cs διά@p οὗτος@rpans ἐκεῖνος@rpams τιμάω@viaa3s οὕτως@b διασκεδάζω@vipa3s βουλή@nafpc πονηρός@anafp- ὁ@dnms θεός@nnmsc"
"Arg._4.7","ὅπως@b ὁ@dnms ἐγώ@nnmsp κρεμάννυμι@viap3s εἰς@p ὁ@dans ξύλον@nansc ὅς@rpnns κατά@p ὁ@dgms μαρδοχαῖος@ngmsp ἑτοιμάζω@viia3s ὅτι@b καί@b ὁ@dnmp ὁ@dgms ἐγώ@ngmsp παῖς@nnmpc ἀνασταυρόω@viap3p ὅπως@cs ἰωάννην@nnmsp ὁ@dams οἰκεῖος@anams- ἀποκτείνω@viaa3s ἀδελφός@namsc ἐν@p ὁ@ddms ναός@ndmsc ὅπως@cs ὁ@dams ἀδελφός@namsc ὁ@dgms ἀρχιερεύς@ngmsc συνοικέω@vpaaams ἀλλόφυλος@andfs- γυνή@ndfsc κωλύω@viia3p ἀπό@p ὁ@dgms ναός@ngmsc περί@p ὁ@dgfs οἰκοδομή@ngfsc ὁ@dgms ναός@ngmsc ὁ@dgms ἐν@p ὁ@ddms γαριζίν@ndmsp ὁ@dgms ἐν@p ὁ@ddfs σαμάρεια@ndfsp"
"Arg._4.8","ἀρχή@nnfsp ὁ@dgfs κατά@p ὁ@dams ἀλέξανδρος@namsp ἱστορία@ngfsc τις@rpgms υἱός@nnmsc εἰμί@viia3s ἀλέξανδρος@nnmsp οἶος@anams- ὄνειρος@namsc εἶδον@viaa3s φίλιππος@nnmsp ἐγκυμονέω@vppagfs ὁ@dgfs γυνή@ngfsc ὁ@dams ἀλέξανδρος@namsp καί@cs ποτέ@b γεννάω@viap3s περί@p ὁ@dgns σῶμα@ngnsc ἀλέξανδρος@ngmsp περί@p ὁ@dgms ἵππος@ngmsc ὁ@dgms βουκέφαλος@ngmsp ὅτι@cs ὁμιλητής@nnmsc ἀριστο@nnmsp τέλος@ngnsc γίγνομαι@viam3s ὅτι@b καί@b πρακτικός@annms- ἰατρός@nnmsc εἰμί@viia3s ὁ@dnms ἀλέξανδρος@nnmsp"
"Arg._4.9","ὅτι@b εἰκοσαετής@annms- ὁ@dgfs βασίλεια@ngfsc κρατέω@viaa3s περί@p τιμοκλεία@ngfsp ὁ@dgfs ὁ@dams βιάω@vpamams αὐτός@rpafs εἰς@p ὁ@dans φρέαρ@nansc βάλλω@vpaagfs οἷος@rpanp ὁ@dnms σινωπεύς@nnmsp διογενής@annms- πρός@p ἀλέξανδρος@namsp λέγω@viaa3s ὁ@dans φιλότιμος@anans- ἀλέξανδρος@ngmsp ὅσος@angfp- κρατέω@viaa3s πόλις@ngfpc περί@p ἀκαρνάν@ngmsp ὁ@dgms ἰατρός@ngmsc καί@b ὅπως@cs ἐκ@p αὐτός@rpgms ὁ@dans φάρμακον@nansc λαμβάνω@viaa3s ἀλέξανδρος@nnmsp καί@cs ἀντιδίδωμι@viaa3s ὁ@dafs ὁ@dgfs συκοφαντία@ngfsc ἐπιστολή@nafsc ὁ@dnfs ἐν@p ἰσσός@ndnsp συμπλοκή@nnfsc δαρεῖος@ngmsp καί@cs ἀλέξανδρος@ngmsp καί@cs ὁ@dnfs δαρεῖος@ngmsp ἧσσα@annfsc περί@p ὁ@dgfs γυνή@ngfsc καί@cs ὁ@dgfs μήτηρ@ngfsc δαρεῖος@ngmsp ἁλίσκομαι@vppagfp παρά@p ἀλέξανδρος@ngmsp"
"Arg._4.10","ὅτι@b καί@b δαμασκός@namsp αἱρέω@viaa3s ἀλέξανδρος@nnmsp καί@b κύπρος@nafsp καί@cs φοινίκη@nafsp περί@p ὁ@dgms κατά@p ὄναρ@nansc σάτυρος@ngmsp περί@p ὁ@dgfs κατά@p αἴγυπτος@nafsp ἀλεξάνδρεια@ngfsp καί@b ὁ@dgms κατά@p ’@p ὄναρ@nansc ὅμηρος@ngmsp καί@cs ὅτι@cs νῆσος@nnfsc εἰμί@viia3s οὗτος@rpnfs πρότερος@anans- περί@p ὁ@dgnp κατά@p ὁ@dafs ἐν@p ἐρῆμος@andns- διάβασις@nafsc ἀλέξανδρος@ngmsp ἐξαίσιος@angnp- πῶς@b παῖς@nnmsc δῖος@ngmsp λογίζομαι@viap3s ὁ@dnms ἀλέξανδρος@ngmsp ὅτι@cs λύτρον@nanpc ὁ@dnms δαρεῖος@nnmsp πέμπω@viaa3s καί@cs οὐ@b λαμβάνω@viaa3s οὗτος@rpanp ἀλέξανδρος@nnmsp περί@p ὁ@dgms θάνατος@ngmsc ὁ@dgfs γυνή@ngfsc δαρεῖος@ngmsp περί@p ὁ@dgfs μαρτυρία@ngfsc ὁ@dgfs πρός@p δαρεῖος@namsp διά@p ὁ@dafs ἀλέξανδρος@ngmsp σωφροσύνη@nafsc"
"Arg._4.11","ὅτι@cs ἀλέξανδρος@nnmsp οὐ@b λάθρῃ@b συμβάλλω@vnaa-- ἐθέλω@viia3s ὁ@ddmp πολέμιος@ndmpc φυγή@nnfsc δαρεῖος@ngmsp ὅσος@anams- πλοῦτος1@namsc εὑρίσκω@viaa3s ἀλέξανδρος@nnmsp ὁ@dgms δαρεῖος@ngmsp ὅπως@b ὀνειδίζω@viia3s ὁ@damp τρυφάω@vppaamp ἀλέξανδρος@nnmsp τίς@rpans λέγω3@viia3s ἀλέξανδρος@nnmsp περί@p ὁ@dgmp γογγύζω@vppagmp εἰς@p αὐτός@rpams περί@p ὁ@dgfs δίψα@ngfsc ὅς@rpafs ἔχω@viia3s ἀλέξανδρος@nnmsp διώκω@vppanms δαρεῖος@namsp ὅπως@b ἐν@p ὁ@ddms 2@an---- θάνατος@ndmsc ἀλέξανδρος@nnmsp ὁ@dams δαρεῖος@namsp τιμάω@viaa3s ὁ@dams δ@cs ’@cs ἀναιρέω@vpaaams διασκενδονέω@viaa3s περί@p ὑρκανία@ngfsp καί@cs ὁ@dgns κάσπιος@ngmsp πέλαγος@ngnsc"
"Arg._4.12","ὅτι@cs ἀλέξανδρος@nnmsp βαρβαρικός@anafs- στολή@nafsc ἐνδύω@vpamnms ὁ@ddmp μακεδών@ndmpp οὐ@b ἀρέσκω@viaa3s καί@b περί@p ῥωξάνη@ngfsp ὅς@rpafs ἀλέξανδρος@nnmsp γαμέω@viaa3s ὅπως@cs παρά@p ἀλέξανδρος@ngmsp φιλώτας@nnmsp καί@cs κλεῖτος@nnmsp ὅσος@ananp- ὁ@dnms ταξίλης@nnmsp καί@b οἶος@ananp- μηνύω@viaa3s ἀλέξανδρος@ndmsp κατά@p ὁ@dgfs ἰνδικός@angfs- ἔρχομαι@vppedms χώρα@ngfsc"
"Arg._4.13","περί@b πώρου@ngmsp ὁ@dgms ὁ@dgfs ἰνδικός@angfs- ἄρχω@vppagms οἷος@annms- εἰμί@viia3s ὁ@dnns σῶμα@nnnsc ὅσος@ananp- ὁ@dnms ἀλέξανδρος@nnmsp ἀλγέω@viaa3s ὁ@dgms βουκέφαλος@ngmsp 30@an---- ἵππος@ngmsc θνήσκω@vpaagms καί@cs περί@p ὁ@dgms ποταμός@ngmsc γάγγης@nnfsp ὅσος@rpnms εἰμί@viia3s κατά@p εὖρος@nansc καί@cs βάθος@nansc ὅτι@cs λ@cs μαλλός@nnmpp ἔθνος@nnnsc ἰνδικός@anans- ὅπως@b ἀλέξανδρος@nnmsp πρῶτος@annms- ὁρμάω@viia3s ἐν@p ὁ@ddmp πόλεμος@ndmpc καί@cs τυχαῖος@b νικάω@viia3s"
"Arg._4.14","περί@p ὁ@dgmp γυμνοσοφιστής@ngmpp καί@cs ὁ@dgns διά@p ὁ@dgfs βύρσα@ngfsc ὑπόδειγμα@ngnsc εἷς@cs μή@b μακράν@b ὁ@dnms βασιλεύς@nnmsc ἀποδημέω@vsaa3s ὅτι@b εἰς@p ὁ@dams ὠκεανός@namsp ἔρχομαι@viaa3s ἀλέξανδρος@nnmsp καί@cs ὅσος@annns- ὁ@dgms στρατός@ngmsc πλῆθος@nnnsc ἀπόλλυμι@viam3s καί@cs περί@p ὁ@dgmp ἰχθυοφάγος@ngmpc πρόβατον@ngnpc περί@p ὁ@dgms τάφος@ngmsc ὁ@dgms βασιλεύς@ngmsc πέρσης@ngmpp κῦρος@ngmsp καί@cs ὁ@dgfs οὗτος@rpgms ἐπιγραφή@ngfsc ὅτι@b γαμέω@viaa3s ἀλέξανδρος@nnmsp καί@cs ὁ@dafs θυγάτηρ@nafsc δαρεῖος@ngmsp καί@cs ὅσος@ananp- ἐν@p ὁ@ddms γάμος@ndmsc χρῆμα@nanpc ἀναλίσκω@viaa3s δίδωμι@vpaanms καί@b ὁ@ddmp ὀφειλέτης@ndmpc ὁ@dafp ὀφειλή@nafpc ὅσος@ananp- πενθέω@viaa3s ἐπί@p ὁ@ddms πφαιστίων@ndmsp ὁ@dnms ἀλέξανδρος@nnmsp καί@cs οἶ@vopa3s σύν@p αὐτός@rpdms περί@p ὁ@dgns διά@p κόραξ@ngmpc σημεῖον@ngnsc καί@cs ὁ@dgns θῦμα@ngnsc περί@p ὁ@dgms εὑρίσκω@vpapgms ξένος1@ngmsc κάθημαι@vpregms ἐν@p ὁ@ddms ὁ@dgms ἀλέξανδρος@ngmsp θρόνος@ndmsc ὅτι@cs ὁ@dnms θάνατος@nnmsc ἀλέξανδρος@ngmsp ἄλλος@rpdmp ἄλλως@b λέγω3@vipe3s περί@p ὁ@dgns ψυχρός@angns- ὔ@b δέ@x ἄτη@nnfsc ὅτι@cs ἐν@p ὁ@ddfs τελευτή@ndfsc βούλομαι@viap3s ἀφανίζω@vnaa-- αὐτός@rpams εἷς@p δόξα@ndfsc καί@b θεός@nnmsc"
"Arg._4.15","ὅπως@b ὑπαντάω@viaa3p ἀλέξανδρος@ndmsp ὁ@dnmp ἱερεύς@nnmpc ὁ@dgmp ἑβραῖος@ngmpp καί@cs ὁ@dnms ἀρχιερεύς@nnmsc ὅτι@b ὁ@dnms ἀλέξανδρος@nnmsp εἶδον@vpaanms ὁ@dams ἀρχιερεύς@namsc εἰς@p μνήμη@nafsc ἔρχομαι@viaa3s ὁ@dgms κατά@p ὄναρ@nansc ὁράω@vpapgms αὐτός@rpdms θεός@ngmsc ὅτι@cs θύω@viaa3s ὁ@ddms θεός@ndmsc ὁ@dnms ἀλέξανδρος@nnmsp κατά@p ὁ@dafs ὑφήγησις@nafsc ὁ@dgms ἀρχιερεύς@ngmsc καί@cs πολύς@ananp- χαρίζω@viam3s ἀναγιγνώσκω@viaa3s τε@b καί@b ὁ@dafs βίβλος@nafsc ὁ@dgms δανιὴλ@ngmsp περί@p ὁ@dgns ἐν@p γαριζίν@nd-sp ἱερόν@ngnsc ἐν@p ὅς@rpdns καταφεύγω@viia3p οἶ@dnmp παρανομέω@vppanmp"
"Arg._4.16","ὅτι@cs εἰς@p τέσσαρες@ananp- μερίζω@viap3s ὁ@dnfs ὁ@dgms ἀλέξανδρος@ngmsp ἀρχή@nnfsc καί@b περί@p πτολεμαῖος@ngmsp ὁ@dgms λάγος@ngmsp ὅπως@cs ἱεροσόλυμα@nnmsp κρατέω@viaa3s ὅτι@b πτολεμαῖος@nnmsp ὁ@dnms φιλάδελφος@nnmsp διαδέχομαι@viam3s ὁ@dafs ἀρχή@nafsc τίς@rpnns εἰμί@vipa3s δραχμή@nnfsc καί@cs πόσος@rpnfp τάλαντον@nansc 3@ ποιέω@vipa3p ὅσος@ananp- ὁ@dnms πτολεμαῖος@nnmsp εἰς@p ὁ@dans ἰουδαῖος@ngmpp ἱερόν@nansc στέλλω@viaa3s δῶρον@nanpc περί@p ὁ@dgmp ἑβδομή@an---- κοντα@nnfsc δύο@an---- ὁ@dgmp ἐξελληνίζω@vpaagmp ὁ@danp ἑβραϊκός@ananp- βιβλίον@nanpc ὅτι@b οἶ@nnmpc πρό@p οὗτος@rpgns ἐπιχειρέω@vpaanmp ὁ@dans τοιοῦτος@anans- ἔργον@nansc οὐ@b ἀτιμώρητος@annmp- μένω@viaa3p ὅτι@b τις@rpnmp φημί@vipa3p διαιρέω@vpreamp ποιέω@vnaa-- ὁ@dafs ἑρμηνεία@nafsc ὁ@damp ἑρμηνεύς@nampc ὕστερος@anans- δέ@cs εὑρίσκω@vnap-- ἐκ@p πᾶς@angmp- ὁ@danp αὐτός@rpanp"
"Arg._4.17","ὅτι@cs λαμβάνω@viaa3s πτολεμαῖος@nnmsp ὁ@dafs κλεοπάτρη@nafsp καί@cs ὅσος@annfs- εἰμί@viia3s ὁ@dnfs οὗτος@rpgfs φερνή@nnfsc οἷος@annms- εἰμί@viia3s δεξιός@annms- περί@p ὁ@danp πρᾶγμα@nanpc ὁ@dnms πρός@p πτολεμαῖος@namsp ἀποστέλλω@vpapnms πρέσβις@nnmsc 1@annms- ἰωσήφ@nnmsp ὅτι@b ὁ@dnns ὁ@danp τέλος@nanpc ὁ@dgfp πόλις@ngfpc ἐπί@p αὐξάνω@ndfsc πωλέομαι@vnpe-- ὁ@ddmp ὠνέομαι@vppedmp παλαιός@annns- εἰμί@viia3s"
"Arg._4.18","ὅπως@b συνοικέω@viaa3s ὁ@dnfs ἀδελφόπαις@nnfsc ὁ@ddms ἰωσήφ@ndmsp ὅπως@b ὑρκανός@nnmsp ὁ@dnms υἱός@nnmsc ἰωσήφ@nnmsp καί@b ἐν@p μειράκιον@ndnpc τέλος@vppanms φρόνιμος@annmss ὅτι@cs ἄτιμος@b ὠνέομαι@viam3s ὁ@dnms ὑρ@nnmsp κάνεον@annms- ὁ@damp γραμματικός@anamp- δοῦλος@nampc ὅτι@cs βᾶρις@nnfsc ὁ@dnns ὀχύρωμα@nnnsc"
"Arg._4.19","ὅτι@b ὁ@dnms ἐπιφανής@annms- ἀντίοχος@nnmsp κατέχω@viaa3s ὁ@danp ἱεροσόλυμα@nanpp περί@p ἐλεάζαρος@nafsp καί@cs ὁ@dgmp μακκαβαῖος@ngmpp ὅτι@cs ἐν@p σάββατον@andms- πόλεμος@ngmsc συγκροτέω@vpapgms μάχομαι@viie3p ἰουδαῖος@nnmpp"
"Arg._4.20","νίκη@nnfsp ἰουδαῖος@ngmpp κατά@p ὁ@dgmp ὁ@dgms ἀντίοχος@ngmsp ὅτι@b ὁ@dnms ἀντίοχος@nnmsp νοσέω@viaa3s διά@p ὁ@danp κατά@p ὁ@dgmp ἰουδαῖος@ngmpp κακός@ananp- καί@cs ἀποθνῄσκω@viaa3s"
"Arg._4.21","ὅπως@b ὁ@dams ἐλέφας@namsc ὁ@dnms ἐλεάζαρος@nnmsp πλήσσω@vpaanms ὑπό@p ’@p αὐτός@rpgms θνήσκω@vira3s ἐν@p ὁ@ddms πόλεμος@ndmsc"
"Arg._4.22","περί@p κλεοπάτρη@ngfsp ὁ@dgfs θυγάτηρ@ngfsc πτολεμαῖος@ngmsp ὅτι@b ὁ@dnms πτολεμαῖος@nnmsp δύο@an---- διάδημα@nanpc περιτίθημι@viam3s οἷος@ananp- δύο@an---- ἄρχων@nnmsc χώρα@ngnpc"
"Arg._4.23","ὅτι@cs ὄρος@nansc καθαιρέω@viaa3p ἄνθρωπος@nnmpc λίαν@b ὑψη@anans- λωρός@anans- διά@p τρεῖς@ ἐνιαυτός@ngmpc"
"Arg._5.1","περί@ndfsp ἀντίοχος@ngmsp ὁ@dgms ἐπικαλέω@vpapgms ἔντεα@annms- θεός@ngmsc ὁράω@vmpa2s γυνή@ngfsc καρτερία@nafsc"
"Arg._5.2","ὅτι@cs οἶ@vira3s φαρισαῖος@nnmpp ὁ@danp ἄγραφος@nanpc καί@cs ἐκ@p παρά@p δόσις@ngfsc οὐ@b τηρέω@viia3p"
"Arg._5.3","ὅπως@cs ὁ@dnms ἀντίγονος@nnmsp ἀναιρέω@viap3s εἰς@p ὁ@dams 1@ στράτων@ngmsp πύργος@namsc κατά@p ὁ@dafs ἰούδας@ngmsp ὁ@dgms ἐσσαῖος@ngmsp πρόρρησις@nafsc καί@b ἄν@b δοκέω@viia3s ψεύδω@vnfm--"
"Arg._5.4","περί@p φοῖνιξ@ngmpc καί@cs κίτριον@ngnpc ὁ@dgnp ἐν@p ὁ@ddfs σκηνοπηγία@ndfsc ὅτι@b ἐπί@p τρεῖς@ananp- ἔτος@nanpc νοσέω@viia3s τεταρταῖος@anans-"
"Arg._5.5","περί@nnfsp ὑρκανός@ngmsp καί@cs ἀριστόβουλος@ngmsp περί@p τις@ngmsp γράνου@ngmsc ὁ@dgms ἀρμένιος@angms- βασίλεια@nnfsc ὑρκανός@ngmsp καί@cs ἀριστόβουλος@ngmsp ὡς@cs εὖ@b σύ@rpdms ὁ@dgfs εὐχή@ngfsc ἄνθρωπος@nvmsc"
"Arg._5.6","περί@p πομπήιος@ngmsp καί@cs ὁ@dgfs δίδωμι@vpapgfs αὐτός@rpdms χρύσεος@angfs- ἄμπελος@ngfsc ἐκ@p ἀριστόβουλος@ngmsp ἐκ@p πεντακόσιοι@angnp- τάλαντον@ngnpc περί@p ὁ@dgfs μιθριδάτης@ngmsp τελευτή@ngfsc καί@cs περί@p ὁ@dgns ὀποβάλσαμος@ngnsc ὅσπερ@rpnns ὁ@dgnp μύρον@ngnpc ἄριστον@annns- ὅπως@cs ὑπό@p πομπήιος@ngmsp ὁ@danp ἰεροσόλυμα@nanpp ἁλίσκομαι@viaa3s"
"Arg._5.7","περί@vmpa2s ὁ@dgns ἰταβύριος@angns- ὄρος@ngnsc ὅσος@annnp- εἰμί@viia3p ὁ@dnnp ὁ@dgns ἱερόν@ngnsc ἰουδαῖος@ngmpp χρῆμα@nnnpc ἐν@an---- ὄις@nnfsc καί@cs δοκός@nnmsc ἐκ@p χρυσός@ngmsc καί@b ὅτι@cs ὁ@dnfs μνᾶ@nnfsc ἕλκω@vipa3s λίτρα@nafpc δύο@ πρός@p ὁ@ddfs ἥμισυς@ndfsc κύπρος@nnfsp ὄνομα@nnnsc γυνή@ngfsc ὅτι@b ὁ@dnms ἡρώδης@nnmsp ἔρχομαι@vpaanms εἰς@p ὁ@dans δοκιμάζω@vnam-- ἐκπλήσσω@viaa3s ὁ@damp πάρειμι1@vppaamp διά@p ὁ@dans ἔρχομαι@vnaa-- μετά@p δορυφορία@ngfsc πολύς@angfs- διό@b καί@b αἰτιάομαι@viae3s"
"Arg._5.9","ὅπως@b ὁ@dnms ἀντώνιος@nnmsp ἐράω1@viia3s ὁ@dgfs κλεοπάτρη@ngfsp περί@p πάκορος@ngmsp ὁ@dgms παρθάς@ngmpp βασιλεύς@ngmsc"
"Arg._5.10","διά@p τίς@rpans ἀποτέμνω@viap3s ὁ@danp οὖς@nanpc ὑρκανός@nnmsp ὅπως@b ὁ@dnms φασάηλος@nnmsp θνήσκω@vira3s"
"Arg._5.11","ἀντίγονος@ngmsp ἀντίγονος@ngmsp"
"Arg._5.13","περί@ndmsp ὁ@dgfs ἀρχιερωσύνη@ngfsc ἀριστόβουλος@ngmsp ἐν@p νέος@andfs- ὁ@ddfs ἡλικία@ndfsc ὅπως@b ὁ@dnfs ἀλεξάνδρη@nnfsp φεύγω@viaa3s διά@p λάρ@namsc νακος@ngfsc καί@cs ἐξαπατάω@viap3s ὅπως@b ἀποπνίγω@viap3s ἀριστόβουλος@nnmsp"
"Arg._5.14","ὅτι@b ἔραμαι@viap3s ἡρώδης@ngmsp ὁ@dnfs κλεοπάτρη@nnfsp περί@p ὁ@dgms ἐν@p ἰουδαία@ndfsp μέγας@angms- γίγνομαι@vpragms σεισμός@ngmsc"
"Arg._5.15","ὅπως@b καί@b παρά@p ὁ@dgms καῖσαρ@ngmsp ἡρώδης@nnmsp τιμάω@viap3s ὅπως@b εἰς@p ὁ@dans φανερός@anans- ἡρώδης@namsp φαίνω@viap3s μισέω@vppanfs ὁ@dnfs γυνή@nnfsc αὐτός@rpgms ὅπως@b ὁ@dnfs ὁ@dgms ἡρώδης@ngmsp γυνή@nnfsc θάνατος@ndmsc καταδικάζω@vpapnfs θνήσκω@vira3s ὅπως@b ὁ@dnms ἡρώδης@nnmsp καί@cs οἷος@anafs- νόσος@nafsc νοσέω@viaa3s 1@b"
"Arg._5.16","ὅπως@b οὐ@b δέ@cs ὁ@dgms οἰκεῖος@angms- κόσμος@ngmsc ἡρώδης@nnmsp φείδομαι@viam3s ἐν@p καιρός@ndmsc λιμός@ngmsc διά@p ὁ@dafs πόλις@nafsc καί@b αὐτός@rpams ἀποδίδωμι@vpaanms εἰς@p ὁ@dans ἀγοράζω@vnaa-- σῖτος@namsc πόσος@annms- εἰμί@viia3s ὁ@dnms διαδίδωμι@vpapnms πόσος@rpnmp μόδιος@annmp- ὁ@dnms κόρος@nnmsc"
"Arg._5.17","ὅπως@b ὁ@dnms ἡρώδης@nnmsp κωλύω@viia3s ὁ@damp ὑπό@p αὐτός@rpams ἀλλήλων@rpdmp συνέρχομαι@vnpe-- δείδω@vpranms ὁ@dafp ἐπιβουλή@nafpc τις@rpnmp ὁ@dnmp ἐσσαῖος@nnmpp καί@cs οἷος@andfs- χράω@vipe3p δίαιτα@ndfsc καί@cs ὅπως@b εἷς@ ὁ@dgmp ’@an---- eσσαίων@ngmpp προεῖπον@viaa3s ὁ@ddms ἡρώδης@ndmsp παιδίον@ndnsc εἰμί@vppadms ὁ@dafs βασιλεία@nafsc ὅπως@b ὁ@dnms ἡρώδης@nnmsp ὁ@dams ναός@namsc ἐπί@p ὁ@dans μέγας@anansc μετασκευάζω@viaa3s καί@cs περί@p ὁ@dgms πύργος@ngmsc ὅς@rpams ἀντωνία@nafsp καλέω@viaa3s ὅτι@cs ὁ@dnms ναῦς@nnmsc ἐν@p ἐνιαυτός@ndmsc εἷς@andms- πρός@p ὁ@ddns ἥμισυς@ndnsc οἰκοδομέω@viap3s ὅτι@b καί@b οὐ@b δέ@b ὑετός@nnmsc γίγνομαι@vira3s ἐν@p ἡμέρα@ndfsc περί@p ὁ@dgns πιπράσκω@vnpe-- ὁ@damp κλέπτης@nampc"
"Arg._5.18","περί@p ὁ@dgmp παῖς@ngmpc ἡρώδης@ngmsp οἷος@annmp- εἰμί@viia3p ὅπως@b μισέω@viaa3s ὁ@damp υἱός@nampc ὁ@dnms ἡρώδης@nnmsp ὅπως@b διαλλάσσω@viaa3s ὁ@dams ἡρώδης@namsp ὁ@ddmp παῖς@ndmpc ὁ@dnms καῖσαρ@nnmsp"
"Arg._5.19","οἷος@annms- ὁ@dans ἦθος@nansc καί@cs ὁ@damp τρόπος@nampc ὁ@dnms ἡρών@nnmsp ὅσος@ananp- ὑρκανός@nnmsp καί@cs ἡρώδης@nnmsp λαμβάνω@viaa3p ἀργύριον@ngnsc καί@cs χρυσίον@ngnsc 2@ τάλαντον@nanpc ἐκ@p ὁ@dgms τάφος@ngmsc δαβίδ@n---p καί@cs ὅπως@cs καί@b εἰς@p αὐτός@ananp- ὁ@danp σῶμα@nanpc δαβίδ@ngfsp καί@cs σολομών@ngmsp κωλύω@viap3s ἡρώδης@nnmsp εἰσέρχομαι@vnaa-- θεῖος2@andns- πῦρ@ndnsc"
"Arg._5.20","οἶος@annfs- ὁ@dnfs διαβολή@nnfsc ἀεί@b κακός@ananp- ἐργάζομαι@viie3s καί@cs ἔτι@b ἐργάζομαι@vipe3s καί@b δεῖγμα@nnnsc ὁ@danp ἐνταῦθα@b γράφω@vpreanp καί@cs ὁ@danp προλαμβάνω@vpaannp περί@p ὁ@dgfs γυνή@ngfsc ἡρώδης@ngmsp καί@cs ὁ@dgmp παῖς@ngmpc 1@"
"Arg._5.21","περί@ndmsp ὁ@dgms κακός@angmss εὐρυκλῆς@ngmsp ὅτι@b δεσμεύω@viaa3s ὁ@damp υἱός@nampc ὁ@dnms ἡρώδης@nnmsp ἀριστόβουλος@namsp καί@cs ἀλέξανδρος@namsp ὁ@dans συνέδριον@nansc ὁ@dans ὁ@damp ’@dafp ς@damp παῖς@nampc ἡρώδης@ngmsp κρίνω@viia3p σύν@p ὁ@ddms ἡρώδης@ngmsp"
"Arg._5.22","περί@p ὁ@dgms παρρησιάζομαι@vpamgms στρατιώτης@ngmsc εἰς@p ἡρώδης@namsp βουλεύω@vppeams θάνατος@namsc ὁ@dgmp οἰκεῖος@angmp- παῖς@ngmpc ὅπως@b ἀπαγχονέω@viaa3s ὁ@damp οἰκεῖος@anamp- παῖς@nampc ὁ@dnms ἡρώδης@nnmsp ὅτι@cs πάτριος@annns- εἰμί@viia3s τότε@b ἔθος@nnnsc ὁ@dnns πολύς@andfp- συνοικέω@vnpa-- γυνή@ndfpc ὅτι@b ἀνεψιός@nnmpc ὁ@dnmp ἐξάδελφος@nnmpc"
"Arg._5.23","ὅτι@cs ὁ@dnmp φαρισαῖος@nnmpp οὐ@b πείθω@viap3p ὄμνυμι@vnaa-- καί@cs ὅτι@cs προεῖπον@viaa3p ὁ@dams ὁ@dgms ἡρώδης@ngmsp θάνατος@namsc διό@b καί@b ἀποθνῄσκω@viap3p πολύς@annmp- ἐκ@p αὐτός@rpgmp"
"Arg._5.24","περί@nnfsp λιμήν@ngmsc ὁ@dgms λέγω1@vppegms σεβαστός@ngmsp κατηγορία@nnfsc ἀντίπατρος@ngmsp ὅτι@b ὁ@dnms ἡρώδης@nnmsp καί@b ὁ@dams υἱός@namsc ἀντίπατρος@namsp δέσμιος@anams- εἰς@p καῖσαρ@namsp πέμπω@viaa3s"
"Arg._5.25","ἀκμή@nnfsp ὄνομα@nansc γυνή@ngfsc κύκηθρον@nnnsc ὁ@dnns ταραχή@nafsc ἐμποιέω@vnpa-- περί@p ὁ@dgmp καθαιρέω@vpaagmp ὁ@dams ἀνατίθημι@vpapams ἀετός@namsc εἰς@p ὁ@dams μέγας@anams- πυλών@namsc ὁ@dgms ναός@ngmsc"
"Arg._5.26","τις@nafsp νόσος@nafsc νοσέω@viaa3s ἡρώδης@nnmsp ποικίλος@anafs- τε@x καί@cs ὀδυνηρός@anafs- περί@p ὁ@dgnp ὁ@dgfs καλλιρόη@ngfsp θερμός@angnp- οἶος@anafs- ἐπίνοια@nafsc ὁ@dnms ἡρώδης@nnmsp ἐπινοέω@viam3s κακός@annmss εἰμί@vppanms εἷς@namsc κλαύω@vsap3s μετά@p θάνατος@namsc περί@p ὁ@dgfp διαθήκη@ngfpc ἡρώδης@ngmsp καί@cs ὅπως@cs τελευτάω@vppanms ἐκτείνω@viaa3s ὁ@dams υἱός@namsc 2@ τελευτή@nnfsc ἡρώδης@ngmsp ὅτι@b ὁ@dnms ἀρχέλαος@nnmsp διαδέχομαι@viam3s ἡρώδης@namsp"
"Arg._6.1","περί@b ὁ@dgfs ὁ@dgmp ἰουδαῖος@ngmpp στάσις@ngfsc κατά@p ῥωμαῖος@ngmpp ὅτε@cs καί@b ὁ@dnms ναῦς@nnmsc ἐμπίμπρημι@viap3s ὅτι@cs δοῦλος@nnmsc ἥρως@ngmsp -@ngmsc δου@ngmsc διάδημα@nansc περιτίθημι@viam3s 1@b"
"Arg._6.2","ὅτι@cs καί@b ὁ@dnms ἀρχέλαος@nnmsp ὠμός@annms- εἰμί@viia3s κατά@p ὁ@dams πατήρ@namsc περί@p ὁ@damp πλόος@ngmsc ἀλέξανδρος@ngmsp κατηγορία@nnfsc κατά@p ἀρχέλαος@ngmsp περί@p ὁ@dgms ὄνειρος@ngmsc ὅς@rpgms ὁράω@viaa3s ἀρχέλαος@nnmsp ἕτερος@annms- ὄνειρος@nnmsc ὁ@dgfs ἀρχέλαος@ngmsp γυνή@ngfsc περί@p ὁ@dgfs ἀπογραφή@ngfsc ὁ@dgfs ἐπί@p καῖσαρ@ngmsp γίγνομαι@vpregfs"
"Arg._6.3","ἵημι@viia3s φαρισαῖος@ngmpp ἵημι@viia3s φαρισαῖος@ngmpp αἵρεσις@nnfsc ἐσσηνός@ngmpp αἵρεσις@nnfsc γαλιλαῖος@ngmpp ποτέ@b γίγνομαι@viam3s ὁ@dnfs ἀπογραφή@nnfsc ποτέ@b ὁ@dnms καῖσαρ@nnmsp θνήσκω@viaa3s καί@cs πόσος@ananp- ἔτος@nanpc κρατέω@viaa3s ὅτι@b διαδέχομαι@viam3s καῖσαρ@namsp ὁ@dnms τιβέριος@nnmsp"
"Arg._6.4","περί@p πόντιος@ngmsp πιλάτος@ngmsp περί@p ἡρώδης@ngmsp ὁ@dgms τετράρχης@angms- καί@cs ὁ@dgfs πόλις@ngfsc θαλάτεια@ngfsp περί@p ὁ@dgfs ὁ@dgmp ἰουδαῖος@ngmpp ἔνστασις@ngfsc ποτέ@b φαίνω@viap3s ὁ@dnms χριστός@nnmsp ἐν@p ἰουδαία@ndfsp καί@cs οἷος@ananp- φημί@vipa3s ὁ@dnms ἰώσηπος@nnmsp περί@p αὐτός@rpgms ἔτι@b περί@p χριστός@ngmsp φημί@vipa3s ὁ@dnms ἰώσηπος@nnmsp"
"Arg._6.5","περί@p ὁ@dgfs ῥωμαῖος@angfs- παυλίνης@ngfsp ὅτι@b μέγας@annns- ὁ@dnns ὁ@dgmp ἱππεύς@ngmpc ἀξίωμα@nnnsc περί@p ὁ@dgfs πονηρία@ngfsc ἴδη@nnmsp ὅπως@cs ὁ@dnfs παυλῖνα@nnfsp ὁ@ddms ἐράω@vppadms αὐτός@rpgfs συγγίγνομαι@viam3s οἴομαι@vppenfs οὗτος@anams- θεός@namsc ὅπως@b ὁ@dans κατά@p ὁ@dgfs παυλίνης@ngfsp σκέμμα@nansc ἐξετάζω@viaa3s τιβέριος@nnmsp καί@cs κολάζω@viaa3s ὁ@damp οὗτος@rpans συνεργός@anams- σαν@nampc περί@p ὁ@dgfs βᾶρις@ngfsc ὁ@dgfs μετονομάζω@vpapgfs αντωνία@ngfsp"
"Arg._6.6","περί@p φίλιππος@ngmsp ὅτι@cs καί@b κατά@p ὁδός@nafsc κρίνω@viaa3s καί@cs ὁ@dnms θρόνος@nnmsc αὐτός@rpgms ἐπιφέρω@vppenms τίθημι@viie3s κατά@p ὁ@dams τόπος@namsc ἔνθα@b κάθημαι@vprmnms ἀκροάομαι@viie3s περί@p ὁ@dgms θάνατος@ngmsc ὁ@dgms βαπτιστής@angms- ἰώαννης@ngmsp οἷος@ananp- φημί@vipa3s ὁ@dnms ἰώσηπος@nnmsp περί@p ὁ@dgfs ὁ@dgms τιβέριος@ngmsp τελευτή@ngfsc ὅς@rpams διαδέχομαι@viam3s γάιος@nnmsp"
"Arg._6.7","περί@nnfsp ’@nnfsc αγρέππα@nnfsp ὅπως@cs εὐεργετέω@viap3s παρά@p ἡρωδιάς@ngfsp ὁ@dgfs ἀδελφή@ngfsc διά@p τίς@rpans πρέσβυς@ndmpc οὐ@b προσομιλέω@viia3s συχνός@andmp- διά@p τίς@rpans ὁ@damp ἐν@p ἀρχή@ndfsc οὐ@b παραλύω@viia3s καί@cs περί@p ὁ@dgns παράδειγμα@ngnsc οὗτος@rpgmp"
"Arg._6.8","περί@p ἀντωνία@ngfsp καί@cs ὅπως@cs τιμάω@viia3s αὐτός@rpafs 1@ τιβέριος@nnmsp περί@p ὅς@rpgmp τις@rpnms προεῖπον@viaa3s εἰμί@vnfm-- οἰωνοσκοπέω@vpaanms ὅπως@b ὁ@dams γαῗος@namsp διάδοχος@namsc ἑαυτοῦ@rpgms καταλιμπάνω@viaa3s τιβέριος@nnmsp"
"Arg._6.9","ὅτι@cs ἀρχαῖος@anans- ὁ@dnns ὁ@damp ἐξόριστος@anamp- ἀκειρεκόμος@ngmsc 2@ εἰμί@vnpa-- ὅπως@cs λύω@viaa3s ὁ@dgmp δεσμός@ngmpc ὁ@dams ἀγρίππας@namsp γάιος@nnmsp καί@b βασιλεύς@namsc ἀποδείκνυμι@viaa3s ὅπως@b κατά@p ἡρώδης@ngmsp ἀγρίππας@nnmsp ἐπιστέλλω@viaa3s ὁ@ddms γαῗος@ndmsp ὅτι@cs ὁ@dnns ὅπλον@nanpc ἔχω@vnpa-- ὁ@damp ἄρχων@nampc οὐ@b ἀνύποπτος@annns-"
"Arg._6.10","ὁ@dnms γάιος@nnmsp μή@b ὡς@b θεός@nnmsc παρά@p ἰουδαῖος@ngmpp τιμάω@vppenms ὀργίζω@viie3s καί@cs ὁ@dams φίλων@namsp ὑπεραπολογέομαι@vppeams οὐ@b δέχομαι@viie3s ὅπως@b οὐ@b παραχωρέω@viaa3p ἰουδαῖος@nnmpp ἵστημι@vnaa-- ἀνδριάς@namsc γαῗος@ngmsp ἐν@p ὁ@ddfs πόλις@ndfsc αὐτός@rpgmp ὅτι@cs ὁ@dnms ἀγρίππας@nnmsp πείθω@viaa3s γαῗος@namsp συγχωρέω@vnaa-- μή@b ἵστημι@vnaa-- ἐν@p ἰουδαία@ndfsp ὁ@dams οἰκεῖος@anams- ἀνδριάς@namsc ὅτι@b ἀναιρέω@viap3s γάιος@nnmsp καί@b κλαύδιος@nnmsp αὐτός@rpams διαδέχομαι@viam3s"
"Arg._6.11","ὅτι@b χρύσεος@anafs- ἅλυσις@nafsc γάιος@nnmsp ὁ@ddms ἀγρίππη@ndmsp δωρέομαι@viam3s ἀντί@p ὅς@rpgfs κατακρίνω@viap3s σιδήρεος@angfs- ὅς@rpafs καί@b ἀνατίθημι@viam3s ἀγρίππας@nnmsp ὁ@ddms θεός@ndmsc ὅτι@b ὁ@dnms ὕπαρχος@nnmsc ἀρχή@nnfsc εἰμί@viia3s παρά@p ῥωμαῖος@ndmpp ὅτι@cs δωρίτης@nnmpp ἔθνος@nnnsc εἰμί@vipa3p ὅτι@cs εὐεργετικός@annms- ὁ@dnms ἀγρίππας@nnmsp ὅτι@cs ὁ@dnms στράτων@ngmsp πύργος@nnmsc εἰμί@vipa3s ὁ@dnfs ἐν@p παλαιστίνη@ndfsp καισάρεια@nnfsp περί@p ὁ@dgfs ἐκ@p ἄργυρος@ngmsc στολή@ngfsc λαμπρός@anans- ἀποστιλβόω@vppagfs ὅπως@b ὁ@dnms ἀγρίππας@nnmsp θνήσκω@vira3s"
"Arg._6.12","περί@b ὁ@dgfs ἐγκυμονέω@vppagfs γυνή@ngfsc ὅς@rpgfs ἐκ@p ὁ@dgfs κοιλία@ngfsc δοκέω@viaa3s φωνή@nafsc γίγνομαι@vnam-- λέγω@vppaafs ὁ@dafs ὁ@dgns ἔμβρυος@angns- τύχη@nafsc ὅπως@cs ὁ@dnms ἰζάτης@nnmsp μετατίθημι@viap3s εἰς@p ὁ@dafs ἰουδαικός@anafs- θρησκεία@nafsc καί@b ὁ@dnfs οὗτος@rpgms μήτηρ@nnfsc ἑλένη@nnfsp ὅμοιος@b καί@cs εἰς@p ἱεροσόλυμα@nanpp ἀπέρχομαι@viaa3s εἰς@p ὁ@dans ὁ@dgms θεός@ngmsc ἱερόν@nansc περί@b ἀρτάβανος@ngmsp ὁ@dgms παρθάς@ngmpp βασιλεύς@ngmsc ὅπως@cs εἰς@p ἰζάτης@nafsp ἔρχομαι@viaa3s δέω2@vppenms ὅτι@b ἀποκαθίστημι@viia3s πάλιν@b ὁ@dnms ἀρταβάνης@nnmsp εἰς@p ὁ@dafs παρθάς@ngmpp βασιλεία@nafsc"
"Arg._6.14","πόλεμος@nnmpp ἄραβες@nnmsp πρός@p ἰζάτης@namsp ὁ@dans πρῶτος@anans- ἐκ@p προδοσία@ngfsc ὁ@dgmp οἰκεῖος@angmp- εἶτα@cs ἧσσα@anansc ἄραβες@ngmpp περί@p ὁ@dgms γόης@ngmsc θευδᾶς@nnfsp ὁ@dnfs ἴλη@nnfsc ἱππεύς@ngmpc σύλλογος@ngmsc περί@p ἀληψαρχία@ngfsc περί@p ὁ@dgmp φεύγω@vppagmp ἐκ@p ὁ@dgns ἱερόν@ngnsc διά@p ὁ@dans στενός@anans- ὁ@dgfs ἔξοδος1@ngfsc καταπατέω@vpapgmp καί@cs θνήσκω@vpaagmp ὅπως@b τιμωρέω@viap3s ὁ@dnms εἰς@p ὁ@damp νόμος@nampc μωσῆς@nnmsp ὑβρίζω@vpaanms"
"Arg._6.15","ὅτι@cs μέγας@annns- ὁ@dnns ἡγεμονεύω@vnpa-- συρία@ngfsp ὅτι@cs πῦρ@nnnsc φόρος@nnnsc εἰμί@viia3s ὁ@dnns βέσβιος@annns- ὅρος@nnmsc τελευτή@nnfsc κλαύδιος@ngmsp"
"Arg._6.16","ὅτι@cs νέρων@nnmsp κλαύδιος@nansp διαδέχομαι@viam3s οἷος@rpanp καί@b νῦν@b οἶ@dnmp ἀρχιερεύς@nampc ποιέω@vipa3p ὁ@damp οἰκεῖος@anamp- ἀδικέω@vppanmp κληρικός@nampc"
"Arg._6.17","περί@p ὁ@dgmp σικάριος@angmp- ληιστής@ngmpc περί@p ἰακώβος@ngmsp ὁ@dgms ἀδελφίθεος@angms- πόσος@annmp- ἐκ@p ἀαρών@nnmsp μέχρι@p φινεές@nnmpp γίγνομαι@vira3p κατά@p συγγένεια@nafsc ἀρχιερεύς@annmp-"
"Arg._6.18","ὅτι@b οὐεσπασιάνος@nnmsp 2@ ἀποστέλλω@viap3s κατά@p ὁ@dgfs ἰουδαία@ngfsp παρά@p νέρων@ngmsp περί@p ὁ@dgfs πόλις@ngfsc ἰώταπος@ngmpp καί@cs ὁ@dgms ἰώσηπος@ngmsp ὅτι@b ὁ@dnms νέρων@nnmsp ἀναιρέω@viaa3s ἑαυτοῦ@rpams καί@b γάλβας@nnmsp ἄρχω@viaa3s μετά@p αὐτός@rpams καί@b αὐτός@rpnms μετά@p μικρός@anans- ἀναιρέω@viap3s καί@cs ἄρχω@viaa3p 3@ ὄθων@nnmsp καί@cs οὐιτέλλιος@nnmsp καί@cs ἀλλήλων@rpdmp πολεμόω@viia3p ἀνάρρησις@nnfsc οὐεσπασιάνος@ngmsp"
"Arg._6.19","τίτος@ngmsp πολιορκία@nnfsc κατά@p ὁ@dgfs ἱερουσαλήμ@ngfsp ὅτι@cs τρίτειχος@annfs- εἰμί@viia3s ὁ@dnfs ἱερουσαλήμ@nnfsp περί@p ὁ@dgns μηχάνημα@ngnsc ὁ@dgmp κριός@ngmpc ὁ@dams κατά@p ὁ@dgfs πόλις@ngfsc ἐπάγω@vpapgmp περί@p ὁ@dgmp ξύλινος@angnp- πύργος@ngmpc ὅς@rpnms ὁ@dnms τίτος@nnmsp ποιέω@viaa3s"
"Arg._6.20","περί@p ὁ@dgfs ἐπίνοια@ngfsc ὁ@dgms ἰουδαῖος@angms- κάστωρ@ngmsp 1@ διά@p ’@p ὅς@rpgfs ὑπερτίθημι@viap3s ὁ@dnfs κατά@p ὁ@dgms πύργος@ngmsc ἐπιβουλή@nnfsc ὁ@dgmp ῥωμαῖος@ngmpp ὅτι@b ὁ@dnms τίτος@nnmsp φιλάνθρωπος@anansc περί@p ὁ@damp ἰουδαῖος@nampp διάκειμαι@viie3s καί@b νικάω@vppanms αὐτός@rpamp ὅτι@b τριπλόος@b ὁ@dnfs πόλις@nafpc τειχίζω@vile3s περί@p ὅς@rpgnp κακουργέω@viia3p ὁ@dnmp στασιαστής@nnmpc καί@b μάλιστα@b λιμώσσω@vppanmp περί@p ὅς@rpgnp ποιέω@viia3s κακός@angnp- ὁ@dnms λιμός@nnmsc ὁ@ddmp ἰουδαῖος@ndmpp"
"Arg._6.21","περί@p ὁ@dgfp διά@p χῶμα@ngnpc ἄμαξα@ngfpc περί@p ὁ@dgfs ἐπίνοια@ngfsc ὁ@dgmp ἰουδαῖος@ngmpp διά@p ὅς@rpgfs καθαιρέω@viap3p ἀθρόος@anafs- ὁ@dnfp ἄμαξα@nnfpc ὁ@dgmp ῥωμαῖος@ngmpp εὐμήχανος@b ὅτι@b ἕτερος@andns- τεῖχος@ndnsc ὁ@damp ἰουδαῖος@nampp ἔξωθεν@b τίτος@nnmsp περί@viaa3s κλείω@viaa3s ὅπως@b ὁ@dnms λιμός@nnmsc ὁ@damp ἰουδαῖος@nampp διατίθημι@viam3s περί@p ὁ@dgmp αὐτομολέω@vppagmp ἰουδαῖος@ngmpp καί@cs ὅτι@cs ἀπό@p ὁ@dgms λιμός@ngmsc ἐμπίπλημι@vppenmp διαρρήγνυμι@viie3p καί@b ὅτι@b τις@rpncp αὐτός@rpgmp εὑρίσκω@viap3p ἔχω@vppanmp εἰς@p ὁ@dafp γαστήρ@nafpc χρυσός@namsc διό@b καί@b πολύς@anamp- αὐτός@rpgmp καί@b πρό@p ὁ@dgns θνήσκω@vnpa-- ἀνίημι@b ρουν@viia3p ὁ@dnmp ῥωμαῖος@nnmpp ἀνηλεής@b"
"Arg._6.22","ὅτι@cs ζῷον@ngnpc κόπρειος@annms- ἐσθίω@viia1s ὅτι@cs ὁ@dgns τεῖχος@ngnsc καταπίπτω@vpaagns ἕτερος@annns- εὑρίσκω@viap3s ἐντός@b περί@p ὁ@dgns εἴσειμι@vnra-- θνήσκω@vpaagms διά@p ὁ@dgns τεῖχος@ngnsc ῥωμαῖος@ngmsp ἀνήρ@ngmsc ἄριστος@angmss ὅτι@b ἧλος@nampc ἔχω@viia3p ὁ@dnmp ῥωμαῖος@nnmpp ἐν@p ὁ@ddnp ὑπόδημα@ndnpc ὅτι@b καί@b διά@p ὁ@dgfs νύξ@ngfsc πολεμόω@viia3p καί@cs ὅτι@cs καί@b ὁ@dnfs ἀντωνία@nnmsp ὁ@dnms πύργος@nnmsc κατασείω@viap3s 2@ περί@p ὁ@dgfs γυνή@ngfsc ὅστις@rpnfs ὁ@dans οἰκεῖος@anans- τέκνον@nansc εἰς@p τροφή@nafsc οἰκεῖος@anafs- ἀποσφάζω@viaa3s"
"Arg._6.23","ὅτι@cs αἶ@annfp- πύλη@nnfpc ὁ@dgns ἱερόν@ngnsc ἐμπίμπρημι@viap3p ἀργύρεος@annfp- εἰμί@vppanfp ὅτι@cs δοκέω@viaa3s ὁ@ddmp ῥωμαῖος@ndmpp ὁ@damp εἰς@p ὁ@dans ἱερόν@nansc καταφεύγω@vpaaamp σώζω@vnpe-- ἰουδαῖος@nampp εἰ@cs μή@b ἀνταμύνομαι@vipe3p καί@cs ὅτι@cs ὁ@dnms τίτος@nnmsp ὁ@dafs ὁ@dgms ναός@ngmsc οὐ@b βοῦ@viaa3s λω@viam3s καταστροφή@nafsc ὅτι@b καί@b χρύσεος@anafp- ἔχω@viia3s θυρίς@nafpc ὁ@dnms ναῦς@nnmsc ὅτι@cs ὁ@dnms τίτος@nnmsp παντοῖος@b σπουδάζω@viia3s μή@b καίω@vnap-- ὁ@dams ναός@namsc ὅτι@b κατά@p ὁ@dams αὐτός@anams- μείς@namsc καί@cs ὁ@dafs αὐτός@anafs- ἡμέρα@nafsc συμπίτνω@viaa3s γίγνομαι@vnam-- ὁ@dams ἐμπρησμός@namsc ὁ@dgms ναός@ngmsc ὑπό@p βαβυλώνιος@ngmpp πρότερος@anans- καί@cs ὕστερος@anans- ὑπό@p ῥωμαῖος@ngmpp"
"Arg._6.24","περί@p ὁ@dgms τοῖχος@ngmsc ὅς@rpgms ὁ@dans εὖρος@nansc πῆχυς@vipa2s ὁ@dnfs περί@p ὁ@dgnp ἐν@p ὁ@ddns γαζοφυλάκιον@ndnsc χρῆμα@ngnpc περί@p ὁ@dgnp γίγνομαι@vpamgnp σημεῖον@ngnpc ὁ@dgfs ἄλωσις@ngfsc οἷος@rpans ὁ@dnns μέγεθος@nnnsc ὁ@dgfs πύλη@ngfsc περί@p ὁ@dgms βοάω@vppagms πρό@p μακρός@angns- ὁ@danp ὁ@dgfs ἅλωσις@ngfsc καί@cs ὅπως@cs καί@b οὗτος@rpnms ἀπόλλυμι@viam3s 1@ ὅτι@cs ῥωμαῖος@nnmpp τίτος@namsp ἀποφαίνω@viaa3p αὐτοκράτωρ@namsc περί@p ὁ@dams ἰδουμαῖα@ngmpp περί@p ὁ@dgmp χρύσεος@ngmpc κειμήλιος@angmp- περί@p ὁ@dgfs ἱερατικός@angfs- στολή@ngfsc ὅτι@b θαυμάζω@vpaanms ὁ@dnms τίτος@nnmsp ὁ@dafs ὁ@dgfs πόλις@ngfsc ὀχυρότης@nafsc σύν@p θεός@ndmsc εἶπον@viaa3s πολεμέω@vnaa-- καί@b οὗτος@rpanp ἕλλην@nafsp εἰμί@vppaans καί@b ὅτι@cs πύργος@nampc καταλιμπάνω@viaa3s δύο@an---- ἀκατάσκαπτος@anamp- διά@p θαῦμα@nansc καί@cs ὅτι@cs ὁ@dnms ἀριθμός@nnmsc ὁ@dgmp αἰχμάλωτος@angmp- εἰμί@viia3s μυριάς@nnfpc τε@b καί@cs λ ́@ καί@cs ὁ@dgmp ἀπολλών@angmp- -@vppegmp μένω@vpfmgfp μυριάς@nnfpc ρί@ndfsc ὅπως@b ὁ@dnms σίμων@nnmsp ὁ@damp ὑπόνομος@anamp- ὑποδύομαι@viaa3s καί@cs ὅπως@cs ὕστερος@anans- ἀναδύνω@vpaanms μετά@p καιρός@namsc ἀγχόνη@ndfsc θνήσκω@viaa3s ὅτι@b καί@b ὁ@dnnp ὁ@dgms ναός@ngmsc ἀνορύσσω@viap3s θεμέλιος@annnp- ὅτι@b κατά@p ὁ@dams καιρός@namsc ὁ@dgfs ἅλωσις@ngfsc ἱερουσαλήμ@nnfsp πανταχοῦ@b ὁ@dnmp κατασκάπτω@vprenmp ἰουδαῖος@nnmpp κακόω@viie3p ὅτι@cs ὁ@dnns φρούριον@nnnsc ὁ@dnfs μαχαιροῦς@ngmsp λίαν@b εἰμί@viia3s ὀχυρός@annns- περί@p ὁ@dgns εὐμεγέθης@angns- δένδρον@ngnsc περί@p ὁ@dgns φυτόν@ngnsc ὁ@dgns λέγω1@vppegns ὅς@rpnns καί@cs ὄ@b λέγω3@vipe3s καί@cs περί@p ὁ@dgfs οὗτος@rpgns δύναμις@ngfsc ὅπως@cs ἁλίσκομαι@viaa3s ὁ@dans φρούριον@nansc ὁ@dnfs μαχαιροῦς@nnmsp περί@p ὁ@dgns χωρίον@ngnsc ἀμμών@nnfsp ὅτι@cs ἀπέχω@vipa3s ἱεροσόλυμα@ngnpp στάδιον@nanpc λ ́@ ὅτι@b ὁ@dnns κατά@p κέλευσις@nafsc ὁ@damp ἰουδαῖος@nampp τελέω@vnpa-- ἀρχαῖος@annns- εἰμί@viia3s περί@p ὁ@dgns ἐκ@p ξύλον@ngnpc τεῖχος@ngnsc ὅσπερ@rpnns ὀχυρός@annns- μέν@b εἰμί@viia3s πῦρ@ndnsc δέ@cs ὕστερος@anans- καί@b καταναλίσκω@vile3s ὅτι@b ἐκ@p ἀπόγνωσις@ngfsc ἀλλήλων@rpamp ἀναιρέω@viia3p οἶ@nnmpc ἐν@p ὁ@ddns φρούριον@ndnsc πρότερος@anans- ὁ@dafs ὕπαρξις@nafsc κατακαίω@viaa3p τε@vpaanmp ὅπως@cs ἁλίσκομαι@viaa3s ὁ@dans φρούριον@nansc ὁ@dnfs μασαδά@nnfsp περί@p ὁ@dgms πονηρός@angms- ὑφάντης@ngmsc"
"Arg._7.1","περί@nnfsp λατῖνος@ngmpp περί@p ῥουτόλος@ngmpp ὅπως@cs ὁ@dnms αἰνείας@nnmsp νομίζω@viap3s θεός@nnmsc περί@p ἄλβας@nafpp ὁ@dgfs πόλις@ngfsc καί@cs ὅπως@cs οὕτως@b καλέω@viap3s πόθεν@b τίβερις@nnmsp ὁ@dnms ποταμός@nnmsc ὁ@dafs ὀνομασία@nafsc ἔχω@viaa3s ὅπως@cs ὁ@dnms ἀμούλιος@nnmsp θεοποιέω@viia3s ἑαυτοῦ@rpams ὅτι@b ἀπό@p νομέτωρ@ngmsp 1@ καί@cs ἀμουίλιος@ngmsp ἔχω@viaa3s ὁ@danp ὁ@dgmp ῥωμαῖος@ngmpp ἀρχή@nafsc ὅτι@cs δίδυμος@annmp- εἰμί@viia3p λῶμος@nnmsc τε@b καί@cs ῥωμύλος@nnmsp ὁ@rpnmp καί@b γίγνομαι@vira3p ἔκθετος@annmp- καί@cs ὅτι@cs παρά@p λυκαίνα@angfs- τρέφω@viap3p καί@cs οἶος@anafs- φημί@vipa3p ὁ@dafs λύω@anafs- -@anafs- καιναν@nafsc"
"Arg._7.2","ὁποῖος@annmp- εἰμί@viia3p ῥῶμος@nnmsp τε@b καί@cs ῥωμύλος@nnmsp ὁ@dnms ἀνά@b -@nnmsc γνωρισμός@nnmsc ῥῶμος@ngmsp καί@cs ῥωμύλος@ngmsp ἀναίρεσις@nnfsc ἀμουίλιος@ngmsp"
"Arg._7.3","θάνατος@ngmsp ῥῶμος@ngmsp καί@cs ὅθεν@b ἐπικίνδυνος@annns- νομίζω@viap3s ὁ@dnns ὁ@dafs τάφρος@nafsc ὁ@dgns στρατόπεδον@ngnsc τις@rpams διαιρέω@vpaanns -@nnfsc θέω@vnpa-- ἀφίημι@vpaaams ὁ@dafs συνήθης@anafs- ὁδός@nafsc ὅπως@b διαγράφω@viap3s ὁ@dnns τεῖχος@nnnsc ὁ@dgfs ῥώμη@ngfsp ὅστις@b ὁ@dnnp τεῖχος@nnnpc ἱερόν@annnp- οὐ@b μήν@b καί@b ὁ@dnfp πύλη@nnfpc ποῖος@rpdfs ἡμέρα@ndfsc ὁ@dnfs ῥώμη@nnfsp ἐκτίνω@viap3s καί@cs πόθεν@b κατά@p ’@p ἀρκή@nafsc 2@ ὁ@dnns παλάτιον@nnnsp καλέω@viap3s καί@cs περί@p λεγεών@ngmsc ὅστις@b ἑκατόν@an---- εἰμί@viia3p ὁ@dnmp βουλευτής@nnmpc οἷ@rpnmp καί@b πατρίκιος@annmp- καίω@viie3p λούω@viie3p καί@cs 30@an---- διά@p τίς@rpans καλέω@viap3p πατρίκιος@nnmpc ὅπως@b ἁρπάζω@viaa3p ὁ@dafp ὁ@dgmp σαβίνος@ngmpp θυγάτηρ@nafpc ὁ@dnmp ῥωμαῖος@nnmpp ὁ@dnmp δέ@b σαβῖνος@nnmpp λακεδαιμόνιος@ngmpp εἰμί@vipa3p ἄποικος@annmp- ὅτι@b ὑπό@p ὁ@dgmp σαβίνος@ngmpp ἁλίσκομαι@viaa3s ὁ@dnfs ῥώμη@nnfsp παρά@p γυνή@ngfsc πρό@p δίδωμι@vpapnfs ὑπόσχεσις@nafsc λαμβάνω@vpaanfs 4@an---- ὁ@damp βραχιονιστής@nampc σαβίνος@ngmpp ὅς@rpamp μετά@p ὁ@dafs προδοσία@nafsc ἐπιρριπτέω@vppanmp ὁ@ddfs προδίδωμι@vpaadfs ἀποκτείνω@viaa3p αὐτός@rpafs"
"Arg._7.4","ὅτι@b κοινῇ@b ῥωμαῖος@nnmpp καί@cs σαβῖνος@nnmpp ὁ@dafs ρώμη@nafsc 1@ οἰκέω@viaa3p καί@cs τάτιος@nnmsp ῥωμύλος@ndmsp σύνκοιτάομαι@viia3s φόνος@nnmsc τάτιος@ngmsp περί@p ὁ@dgms ἐν@p ῥωμύλος@ndmsp γίγνομαι@vpragms λοιμός@ngmsc διά@p ὁ@dams τάτιος@ngmsp θάνατος@namsc καί@cs ὁ@dafs αἱματώδης@anafs- βροχή@nafsc ὅτι@b ἐπί@p ἑκατόν@an---- χρόνος@ndmpc συντίθημι@viam3p εἰρηνεύω@vnpa-- μετά@p ῥωμαῖος@ngmpp οὐήιος@nnmpp 2@ δίδωμι@vpaanmp καί@b ὅμηρος@nampc πεντήκοντα@an---- ὅτι@cs ὁ@dafs μοναρχία@nafsc καί@cs ὁ@danp βασιλικός@ananp- σύσσημον@nanpc πρῶτος@annms- ῥωμύλος@nnmsp δείκνυμι@viaa3s ὅτι@b οἶ@vppenmp καλέω@vppenmp πατρίκιος@annmp- ὕστε@ananp- ρον@namsc ἄπρακτος@anans- ἔχω@viia3p ὁ@dans ὄνομα@nansc ὅπως@cs ἀφανίζω@viap3s ῥωμύλος@nnmsp καί@cs θεός@nnmsc δοκέω@viaa3s ὅπως@b ὁ@dnms ῥωμύλος@nnmsp μετά@p ὁ@dans ἀφανίζω@vnap-- κυρῖνος@nnmsp καλέω@viap3s"
"Arg._7.5","ὅτι@cs μετά@p ὁ@dams ῥωμύλος@namsp ὁ@dnmp πατρίκιος@nnmpc οὐκέτι@b ἴνα@annnp- βασιλεύς@namsc αἱρετίζω@viam3p 3@ ἀλλά@cs ἕκαστος@annms- αὐτός@rpgmp ἥμισυς@anans- ἡμέρα@ngfsc καί@cs νύξ@ngfsc βασιλεύω@viia3s ὅς@rpans καί@b μεσοβασιλεία@nafsc καλέω@viaa3p ὅτι@b πάλιν@b εἷς@annms- ἀνεῖπον@viap3s βασιλεύς@nnmsc ὁ@dnms νο@nnmsp ἐγώ@nnmsc πομπήλιος@nnmsp ὅτι@b πρότερος@anans- θύω@viaa3s ὁ@ddmp θεός@ndmpc καί@cs οὕτως@b λαμβάνω@viaa3s ὁ@dafs ἀρχή@nafsc ὁ@dnms νομᾶς@nnmsp καί@cs ὁ@danp βασιλικός@ananp- παράσημα@nanpc ὅτι@b καλός@b ἄγαν@b καί@cs θεοφιλής@b ὁ@dnms νομᾶς@nnmsp ὁ@dafs ἀρχή@nafsc διανύω@viaa3s εὐσεβής@b παρά@p ὁ@damp τότε@b ἕλλην@nampp διάκειμαι@vprenms περί@p ὁ@dans θεῖος1@anans- ὅτι@b δεκέμηνος@annms- εἰμί@viia3s ὁ@dnms χρόνος@nnmsc παρά@p ῥωμαῖος@ndmpp παρά@p δέ@cs ὁ@ddmp λοιπός@andmp- διά@p φόρος@b ἔχω@viia3s μηνιαῖος@annms- τετραμηνιαῖος@annms- ἑξαμηνιαῖος@annms-"
"Arg._7.6","ὅτι@b ὁστίλλιος@nnmsp τοῦλλος@nnmsp μετά@p νομᾶς@namsp ἄρχω@viaa3s περί@p ὁ@dgmp τριδύμη@angmp- ἀδελφός@ngmpc ὁ@dgmp τε@b ἀπό@p ῥώμη@ngfsp καί@cs ὁ@dgmp ἐκ@p ἀλβανός@ngfpp ὅς@rpamp τίκτω@viaa3p μήτηρ@nnfpc δίδυμος@annmp- ὅτι@b εἰμί@viia3s ποτέ@b ὁ@dnfs ἄλβα@nnfsp ὁ@dgfs ῥώμη@ngfsp μητρόπολις@nnfsc βασίλεια@nnfsc ἄγκος@ngmsp μάρκιος@ngmsp 4@b"
"Arg._7.7","ὅτι@cs ὁ@dnmp λατῖνος@nnmpp ἐναντίος@annmp- εἰμί@viia3p ῥωμαῖος@ndmpp"
"Arg._7.8","περί@p ὁ@dgms καταπέτομαι@vppagms ἀετός@ngmsc εἰς@p ὁ@dafs κεραλή@nafsc ὁ@dgms ταρκύνιος@ngmsp ὅτι@b ὁ@dnms ταρκύνιος@nnmsp ὁλοπόρφυρος@nnmsc ἔχω@viia3s ὁ@dans τε@b ἱμάτιον@nansc καί@b ὁ@dams χιτών@namsc καί@b χρυσόπαστος@nanpc καί@b στέφανος@namsc διά@p λίθος@ngmpc καί@b σκῆπτρον@nansc καί@b δίφρος@namsc καί@cs τέθριππος@namsc περί@p ὁ@dgms στοχαστικός@angms- οἰωνιστής@ngmsc περί@p ὁ@dgms τιμάω@vpapgms χάλκεος@andfs- εἰκών@ndfsc περί@p ὁ@dgfs διαπαρθενεύω@vpapgfs ἱερεία@ngfsc ὅπως@cs κολάζω@viap3s καί@cs περί@p ὁ@dgmp διαπαρθενεμέω@vppagmp αὐτός@rpafp"
"Arg._7.9","περί@p ὁ@dgns σημεῖον@ngnsc ὁ@dgns εἰς@p ὁ@dams τούλλιον@namsp ὅτι@cs ἔθνος@nnnsc ὁ@dnmp οὐολοσκός@nnmpp ὅτι@cs ὁ@damp πᾶς@angmp- δοῦλος@nampc ἐλευθερόω@viaa3p ὅτι@cs ὁ@dnnp ἀστικός@annnp- 1@ ὑπόδημα@nnnpc ὁ@dgfp εὐπατρίδης@angfp- καί@cs οἷος@rpnnp οὗτος@rpnnp ὅτι@cs ἄλλος@annmp- ῥωμαῖος@nnmpp παρά@p ὁ@damp λατῖνος@nampp"
"Arg._7.10","βασίλεια@nvfsp ταρκύνιος@ngmsp ὅτι@cs κακός@b ἄρχω@viaa3s ταρκύνιος@nnmsp καί@b ἐντεῦθεν@b ἄλλος@annmp- παρά@p ὁ@damp ῥωμαῖος@nampp ὁ@dnmp λατῖνος@nnmpp ὅτι@cs ἔθνος@nnnsc ὁ@dnmp 2@ γαουῖνοι@nnmpp ὅπως@b συμβουλεύω@viaa3s ὁ@dnms πατήρ@nnmsc μηδείς@rpans εἶπον@vpaanms ἀλλά@cs πράσσω@vpaanms ὅτι@b ὁ@danp αὐτός@rpanp καί@b θρασύβουλος@nnmsp ποτέ@b διαπράσσω@viam3s"
"Arg._7.11","περί@p ὁ@dgfs μάντις@angfs- σίβυλλα@ngfsp περί@p ὁ@dgmp βιβλίον@ngnpc σίβυλλα@ngfsp περί@p ὁ@dgfs διά@p βύρσα@ngfpc τιμωρία@ngfsc περί@p ὁ@dgfs εὑρίσκω@vpapgfs ἀνδρώας@nampc κεφαλή@ngfsc εἰς@p ὁ@danp θεμέλιος@nanpc ναός@vmpe2s καί@cs τίς@rpnns δηλόω@viia3s ὁ@dnns τέρας@nnnsc ὅπως@cs ὀνομάζω@viap3s ὁ@dnns καπιτώλιον@nnnsp περί@p ὁ@dgnp σημεῖον@ngnpc ὁ@dgfs ἔκπρωσις@ngfsc ὁ@dgms ταρκύνιος@ngmsp ὅτι@b βροῦτος@nnmsp ὁ@dnms μωρός@nnmsc παρά@p λατῖνος@ndmpp ὅπως@b ὁ@dnms βροῦτος@nnmsp ὁ@dafs γῆ@nafsc ὡς@b κοινός@anafs- μήτηρ@nafsc φιλέω@viia3s περί@b λουκριτία@ngfsp ὅς@rpafs βιάζω@viam3s ὁ@dnms ὁ@dgms ταρκύνιος@ngmsp υἱός@nnmsc καί@cs διά@p οὗτος@rpans ἀποσφάζω@viaa3s ἑαυτοῦ@rpafs ὅπως@b ὁ@dnms βροῦτος@nnmsp ὁ@dams ταρκύνιος@namsp καταλύω@viaa3s καί@cs ὁ@dgfs βασίλεια@ngfsc ἀξιόω@viap3s σύν@p κολλάτινος@ndmsp ἴνα@cs μή@b δοκέω@vspa3s μοναρχέω@vnpa-- διό@b καί@b ὕπατος@nnmpc οὗτος@rpnmp καλέω@viap3p"
"Arg._7.12","ὁ@b διά@p ὁ@dafs μελετάω@vppeafs προδοσία@nafsc ὁ@dgmp υἱός@ngmpc ὁ@dgms βρούτος@ngmsp κολάζω@vppegmp ὁ@dnms πατήρ@nnmsc οἶος@anans- ἀπό@p θόως@b διάκειμαι@viie3s ὁράω@vppanms αὐτός@rpamp πάσχω@vppaamp ἤτοι@b διά@p πε@ λέκης@ngfsc ἀποθνήσκω@viaa3p ποπλικόλα@nnmsc ὁ@dnms δημοτικός@annms- περί@p ὁ@dgns ἔθνος@ngnsc ὁ@dgmp τυρηηνός@ngmpp ἐν@p μάχη@ndfsc πολύς@angmp- πίπτω@viaa1s πίπτω@vpaagmp ἑκατέρωθεν@b εἶπον@viaa3s ὁ@dans δαιμόνιον@nansc ἐκ@p ὁ@dgns εἷς@ ἐγώ@rpams -@ngnsc ρος@anafp- εἷς@b πίπτω@vnaa-- ἐπέκεινα@viaa1s καί@cs εὑρίσκω@viap3s οὕτως@b ὅτι@b ῥωμαῖος@ndmpp ὁ@dnmp ἰταλός@nnmpp ἐναντίος@annmp- εἰμί@viia3p τότε@b ὅπως@b ὁ@dnms σκαιόλας@nnmsp εὐμήχανος@b εἰρήνη@nafsc ποιέω@viaa3s μεταξύ@p ἰτα@ngmsp καί@cs ῥωμαῖος@ngmpp"
"Arg._7.13","ὅτι@b τετράκις@b ὑπατεύω@viaa3s οὐαλέριος@nnmsp 1@ καί@b ῥωμαῖος@nnmpp δυσχεραίνω@vipa3p ὅτι@cs ῥαβδοῦχος@nampc μετά@p πέλω@nanpc κεων@ngmpc ἔχω@viia3s πρόειμι1@vppaamp καί@cs οἰκία@nafsc λαμπρός@anafs- ὅς@rpafs καί@b καθαιρέω@viaa3p ποτέ@b ταμία@nnfpc γίγνομαι@viam3p ὁ@dnmp καί@b κοιαίστορες@nnmpc καλέω@viie3p καί@cs τίς@rpnns ὁ@dnns ὁ@dgmp κοιαίστωρ@ngmpc ἔργον@nnnsc περί@p ὁ@dgns ἔθνος@ngnsc ὁ@dgmp σαβίνος@ngmpp ὅτι@cs ῥωμαῖος@nnmpp νικάω@viia3p ἧσσα@vmpa2s σαβίνος@nvmsp ὅτι@cs ἐπί@p ἐνιαυτός@namsc θοινάομαι@viie3s τελευτή@annfs- σας@i ποπλικόλα@ngfsp αὖθις@b πόλεμος@nnmsc λατῖνος@ngmpp καί@cs ̔ρω@ngmsp περί@p δικτάτωρ@ngmsc"
"Arg._7.14","περί@p ὁ@dgns ἔθνος@ngnsc οὐόλουσκος@nnmsp ὅτι@cs ἀρχικός@annns- ’@annnp- ἄν@b εἰμί@viia3s ὁ@damp ἐν@p ἐκστρατεία@ndfsc μή@b ἀπαιτέω@vnpe-- περί@p ὁ@dgns ἔθνος@ngnsc ὁ@dgmp αἰκουοί@ngmpp καί@cs ὅτι@cs ὁ@dams μάξιμος@namsp ὁ@dams μέγας@anamss σημαίνω@vipa3s περί@p ὁ@dgms μῦθος@ngmsc ἐν@p ὅς@rpdms ὁ@viam2s γα@anvms- στήρ@nnmsc ὠνειδίζω@viie3s παρά@p ὁ@dgmp λοιπός@angmp- ὁ@dgns σῶμα@ngnsc ἐγώ@rpams ὅπως@cs ἐν@p ὁ@ddfp πολιτεία@ndfpc ὁ@dnmp δανείζω@vppanmp χρειχρει@vnpa--"
"Arg._7.15","τις@nnmpp ὁ@dnmp τριβώνος@annmp- οἴη@annfs- εἰμί@viia3s ὁ@dnfs ἰσχύς@nnfsc τότε@b οὐαλέριος@nnmsp οὐαλλέριος@nnmsp οmissiς@n---c καί@cs ῥωμαῖος@nnmpp 2@ ὁ@dams ita@cs clxxxix@nnmsc διά@p ὁ@dans ὁ@dgnp τριβόω@vppanms πόθεν@b λέγω3@vipe3s ὁ@dnns 1@ καθοσιόομαι@viap3s τις@rpncs ὁ@dnms ἀγορανόμος@nnmsc"
"Arg._7.16","ὅτι@b ὀνομάζω@viap3s δοριολᾶνος@nnmsp ὁ@dnms μάρκιος@nnmsp ἐκ@p ὁ@dgns ἡσσάομαι@vnaa-- ὁ@dans ἔθνος@nansc ὁ@dgms κοριόλου@ngmsp ὅτι@b ἐν@p καιρός@ndmsc ἱπποδρομία@ngfsc καί@cs οἶ@nnmpc πρόσχωρος@annmp- εἰς@p ῥώμη@nafsp συνέρχομαι@viia3p καί@b ἐνταῦθα@b οἶ@vipe3p ῥωμαῖος@nnmpp ὁ@ddmp λατῖνος@ndmpp ἐχθρός@annmp-"
"Arg._7.17","περί@b ὁ@dgfs τιμωρία@ngfsc ὁ@dgfs δεκατεύξις@ngfsc ὅστις@rpnfs ὁ@ddmp ἁμαρτάνω@vpaadmp στρατιώτης@ndmpc ἐπάγω@vipe3s ὅτι@b πένης@nnmsc ἀνήρ@nnmsc καί@cs γεωργία@ndfsc ζάω@vppanms δικτάτωρ@nnmsc γίγνομαι@vira3s διά@p ὁ@dafs λοῖος@annmp- -@anafs- πην@p ἀρετή@nafsc ὅτι@cs κατά@p ῥωμαῖος@nampp κικινάτος@annmp- 2@ ὁ@rpdms ἀκειρεκόμης@vipe1s τίς@rpnns ὁ@dnns ὑπό@p ζυγόν@namsc ἄγω@vnaa-- ὁ@damp ἡσσάομαι@vpapamp"
"Arg._7.18","ὅτι@b μετά@p ὁ@dafs ὁ@dgmp νόμος@ngmpc ἐκ@p ἑλλάς@ngfsp μετεγωγή@nafsc παύω@viam3p ῥωμαῖος@ndmpp ὁ@dnmp δήμαρχος@nnmpc καί@cs στρατηγός@nnmpc προβάλλω@viap3p ὅτι@b σανίς@ndfpc ὁ@dnmp νόμος@nnmpc γράφω@vppenmp τότε@b εἰς@p ὁ@dafs ἀγορά@nafsc προτίθημι@viie3p πόθεν@b ὁ@dnfs δωδεκάδελτος@annfs- ποτέ@b ὁ@dnfs δεκαρχία@nnfsc καταλύω@viap3s"
"Arg._7.19","ὅτε@b χιλίαρχος@nnmpc ἀντί@p ὕπατος@ngmpc καλέω@viap3p περί@p τιμητής@ngmpc ἔντιμος@annmp- ὁ@dgmp τιμητής@ngmpc καί@cs ὁ@dgmp ἵππαρχος@ngmpc 4@ δικτάτωρ@nnmpc τίς@rpnns εἰμί@vipa3s πρίγκιψ@nnmsc"
"Arg._7.20","ποτέ@ μισθοφορέω@vnpa-- ὁ@dans στρατιωτικός@anans- ἄρχω@viam3s τίς@rpans σημαίνω@vipa3s ὅταν@cs ὕδωρ@nnnsc ὑπερεκβαίνω@vsaa3s"
"Arg._7.21","ποτέ@b δίδωμι@viap3s ὁ@ddfp γυνή@ndfpc ὁ@dnns ἐπί@p ὄχημα@ndnsc 5@ περίεἶμι@vnpa-- ὅτι@b πρῶτος@annms- λευκός@andns- τέθριππος@ndmsc κάμιλλος@nnmsp θριαμβεύω@viaa3s καί@cs ὅπως@cs ὁ@dnms θρίαμβος@nnmsc τελέω@viie3s οἶος@annns- εἰμί@viia3s ὁ@dnns ἅρμα@nnnsc ὁ@dgms θρίαμβος@ngmsc περί@p ἵππος@ngmpc ζύγιος@angmp- καί@cs σειράφορος@ngmpc καί@cs κέλης@ngmpc ὅτι@b κωδωνοφορέω@viaa3p ὁ@dnmp κρίνω@vpapnmp θνήσκω@vnaa-- ὅτι@b καί@b ἐν@p δεύτερος@andfs- καί@cs τρίτος@andfs- ἡμέρα@ndfsc ἐξαρκέω@viia3s ὁ@dnfs πομπή@nnfsc"
"Arg._7.22","ὅπως@b φαλίσκος@nnmpp καταφρονέω@viia3p ῥωμαῖος@ngmpp 6@an---- πολεμέω@vppagmp καί@cs διά@p οὗτος@rpans ὁ@damp παῖς@nampc ἐξάγω@viia3p εἰς@p ὁ@dans τεῖχος@nansc γυμνάζω@vppeamp καί@b ὅπως@cs ὁ@dnms διδάσκαλος@nnmsc προδίδωμι@vira3s οὗτος@rpamp καί@cs ὅπως@cs αὐτός@rpams οἶ@dnmp πολέμιος@nnmpc δέω@vpreams ἀντιστρέψω@viaa3p"
"Arg._8.14","1@b ὅπως@cs ὁ@dnms μέτελλος@nnmsp ὁ@damp ὁ@dgmp πολέμιος@ngmpc κατάσκοπος@nampc ἐξαπατάω@viaa3s ὅτι@b πόλεμος@ngmsc ῥωμαῖος@ndmpp καί@cs καρχηδόνιος@ndmpp συναράσσω@vpapgms νικάω@viaa3p ὁ@dnmp ῥωμαῖος@nnmpp καί@cs ὁ@damp ἐλέφας@nampc αὐτός@rpgmp ἀναιρέω@viaa3p ὅπως@b ὁ@damp ἐλέφας@nampc ὁ@dnmp ῥωμαῖος@nnmpp διαπεραιόω@viaa3p ὁ@dams πορθμός@namsc καί@cs εἰς@p ρώμη@nafsp ἀπάγω@viaa3p"
"Arg._8.15","ὅτι@b πρέσβυς@nampc εἰς@p ῥώμη@nafsp οἶ@dnmp καρχηδόνιος@nnmpp πέμπω@viaa3p καί@b αὐτός@anams- ὁ@dams ῥηγοῦλος@namsp ὁ@dams ὕπατος@namsc εἰ@cs -@b ρήνη@nafsc αἰτέω@vppanmp ὅσος@ananp- ῥωμαῖος@ndmpp ὁ@dnms ῥηγοῦλος@nnmsp συμβουλεύω@viaa3s γνώμη@nafsc δίδωμι@vnaa-- ἐπιτρέπω@vpapnms καί@cs ὅπως@cs ἀνακομίζω@vpapnms ἑκών@annms- εἰς@p καρχηδών@nafsp εἷς@cs μή@b ἐπιορκέω@vsaa3s ὠμός@annnps διαφθείρω@viap3s στρατεία@nnfsc ῥωμαῖος@ngmpp εἰς@p ὁ@dafs λιβύη@nafsp καί@cs πολιορκία@nnfsc ὁ@dgns λιλυβαῖον@ngmsp ὅσος@ananp- οἶ@vipa1s ῥωμαῖος@nnmpp ἐν@p ὁ@ddfs πολιορκία@ndfsc ὁ@dgms λιλυβαῖον@ngmsp παρά@p ὁ@dgmp καρχηδόνιος@ngmpp ὑφίστημι@viaa3p"
"Arg._8.16","ὅτι@b ἀφίημι@viaa3p οἶ@dnmp ῥωμαῖος@nnmpp ὁ@dans ναυμαχέω@vnpa-- ὅτι@b μεθίστημι@viaa3p πρός@p ῥώμη@nafsp ὁ@dnmp γαλάτης@nnmpp ὁ@ddmp καρχηδο@ndmpp -@ndnpc νίος@ndnpc συμμαχέω@vppanmp καί@cs ὅτι@cs αὖθις@b ναυτικόν@nansc οἶ@viaa3p ῥωμαῖος@nnmpp συνίστημι@viam3p καί@cs ναυμαχία@ndfsc ὁ@damp καρχηδόνιος@nampp νικάω@viaa3p"
"Arg._8.17","ὅτι@b ὁ@dams σφέτερος@anams- στρατηγός@namsc οἶ@nnmpc καρχηδόνιος@nnmpp ἀνασταυρόω@viaa3p καί@cs σπένδω@vnam-- ῥωμαῖος@ndmpp αἰτέω@viia3p ὅτι@b ὁ@dnmp ἐν@p ὁ@ddfs ῥώμη@ndfsp φυσάω@vpapnmp διά@p ὁ@dafs νίκη@nafsc βαθύς@anafp- ὁ@dafp ὁ@dgfp σπονδή@ngfpc συνθήκη@nafpc ὁ@ddmp καρχηδόνιος@ndmpp ἐπιφέρω@viaa3p καί@cs οὕτως@b ὁ@dnms πόλεμος@nnmsc λήγω@viaa3s σφεῖς@rpdmp"
"Arg._8.18","πόλεμος@nvmsp ῥωμαῖος@ngmpc πρός@p ἔθνος@nanpc ὅτι@b ὁ@dafs σαρδώ@nafsp λαμβάνω@viaa3p ὁ@dnmp ̔ρωμαῖος@nnmpc ἐκ@p ὁ@dgmp καρχηδόνιος@ngmpp καί@cs χρῆμα@nanpc πόλεμος@nnmpc ῥωμαῖος@ngmpc πρός@p γαλάτης@nampp καί@b λίγυας@nampp καί@cs κυρνίος@nampp πόλεμος@nnmpc ῥωμαῖος@ngmpc πρός@p σαρδώ@nampp καί@b κυρνίος@nampp καί@cs λίγυας@nampp ὅτι@cs πολέμιος@nnmpc ὁ@ddmp ῥωμαῖος@ndmpc κρίνω@viap3p καρχηδόνιος@nnmpp κηρύκιον@nnnsc ὁ@dnfs ὁ@dgms κῆρυξ@ngmsc ῥάβδος@nnfsc μάχη@nnfpc πρός@p σαρδώ@nampp καί@cs κυρνίος@nampp"
"Arg._8.19","ὅπως@b ἀμίλκας@nnmsp νικάω@viap3s παρά@p ἴβηρ@ngmpp καί@cs φθείρω@viap3s περί@p βοουΐος@ngmpp καί@cs γαλάτης@ngmpp περί@p ἵσση@ngfsp ὁ@dgfs νῆσος@ngfsc καί@b ὅπως@cs ὁ@dnmp κάτοικος@nnmpc οὗτος@rpgfs ̔ραμαῖος@ndmpc προσχωρέω@viaa3p καί@cs περί@p ὁ@dgfs ἄρχω@vppagfs αὐτός@rpgmp γυνή@ngfsc ποῖος@annfp- χώρα@nnfpc καλέω@vipe3p ἰλλυρικός@anafs-"
"Arg._8.20","ἰνσοῦβις@ngmpp ἐπίθεσις@nnfsc κατά@p ῥωμαῖος@ngmpc καί@b μάχη@nnfsc καί@cs ἧσσα@nnfsc τέρας@nanpc συμβαίνω@vprannp ῥωμαῖος@ndmpp ὅτι@b ὁ@damp ὕπατος@nampc ὁ@dnmp ̔ρωμαῖος@nnmpc μεταπέμπω@viam3p ὁ@dnmp δέ@b οὐ@b ἀπέρχομαι@viaa3p ἕως@cs ὁ@dans πάν@b ἀνύω@viaa3p ἕτερος@annfs- στρατεία@nnfsc κατά@p ἰνσοῦβις@ngmpp περί@p δημήτριος@ngmsp ὁ@dgms σάρδεις@ngmpp ἄρχω@vppagms ὅπως@cs ὑπό@p ῥωμαῖος@ngmpp κολάζω@viap3s"
"Arg._8.21","ὅτι@b αὖθις@b πόλεμος@nnmpc μεταξύ@p ῥωμαῖος@ngmpc ἀναρρήγνυμι@viap3p καί@cs καρχηδόνιος@ngmpp ἀννίβας@ngmsp στρατηγέω@vppagms αὐτός@rpgmp ὁ@dgms ἀμίλκας@ngmsp παῖς@ngmsc περί@p ὁ@dgfs ἐν@p εὐρώπη@ndfsp ἰβηρία@ngfsp ὅπου@b εἰμί@vipa3s καί@cs μέχρι@p τις@rpgns διήκω@vipa3s ὅτι@b ὁ@dnms ἀννίβας@nnmsp πολιορκέω@viia3s ὁ@damp ἐν@p ἰβηρίη@ndfsp ζακύνθιος@nampp ἅλωσις@nnfsc ὁ@dgms περίβολος@ngmsc ὁ@dgmp ζακύνθιος@ngmpp ὅτι@b καίω@viaa3p ὁ@dnmp ζακύνθιος@nnmpp ὁ@danp τίμιος@ananpc ὁ@dgnp χρῆμα@ngnpc αὐτός@rpgmp καί@cs αὐτός@rpnmp σύν@p ἀπόνοια@ndfsc ὁ@ddmp ἐναντίος@andmp- συμμίγνυμι@vpaanmp κατά@viaa3p κοπέω@viap3p"
"Arg._8.22","ὅτι@b πόλεμος@nnmsc ψηφίζω@viap3s ῥωμαῖος@ndmpc κατά@p καρχηδόνιος@ngmpp ὅτι@cs πρέσβυς@nnmpc πέμπω@viap3p εἰς@p καρχηδόνιος@nampp περί@p σημεῖον@ngnpc γίγνομαι@vpamgmp πρό@p ὁ@dgfs μάχη@ngfsc ὁ@dgmp ῥωμαῖος@ngmpp καί@cs ὁ@dgmp καρχηδόνιος@ngmpp καί@cs περί@p ὄνειρος@ngmsc ὁ@ddms ἀννίβας@ndmsp φαίνω@vpapgns"
"Arg._8.23","ὅτε@cs ὁ@dnmp ῥωμαῖος@nnmpp ὁ@dgmp ὕπατος@ngmpc ὁ@dams μέν@b εἰς@p σικελία@nafsp πέμπω@viaa3p ὁ@dams δέ@cs εἰςιβηρία@nafsc καί@cs ὅπως@cs ὁ@dnms ἀννίβας@nnmsp περαιόω@viap3s ὁ@dams ῥοδανός@namsp ὅτι@b ὁ@dnmp πέμπω@vpapnmp τε@nnmpc παρά@p ὁ@dgmp ἀντιμάχομαι@vppegmp εἰς@p κατασκοπή@nafsc σύνειμι@viia3p τινος@viaa3p ἀλλήλων@rpdmp καί@cs μάχομαι@viam3p καί@b ὅτι@cs ὁ@dnms ἀννίβας@nnmsp ἄτριπτος@anafs- εἶμι@ ’@ ὁδός@nafsc διά@p ὄρος@ngnpc διαβαίνω@vpaanms κακοπαθέω@viaa3s καί@cs πολύς@anamp- ἀπόλλυμι@viaa3s ὁ@dgmp οἰκεῖος@angmp- μάχη@nnfpc διάφορος@annfp- ̔ρω@annmd- μαίων@angnp- καί@cs καρχηδόνιος@angnp- ὁ@dgms ἀννίβας@ngmsp αὐτός@angmp- στρατός@ τηγοῦς@vppagms"
"Arg._8.25","ὅτι@b καταστρατηγέω@viaa3s ὁ@dgmp ῥωμαῖος@ngmpp ὁ@dnms ἀωωίβας@nnmsp καί@b πολύς@anamp- ἀναιρέω@viaa3s καί@cs οὐ@b μείων@anamp- ζωγρέω@viaa3s καί@cs ἐπί@p ὁ@dafs ρώμη@nafsp ἐπείγω@viie3s ὅσος@ananp- ποιέω@viia3p ὁ@dnmp ἐν@p ὁ@ddfs ῥώμη@ndfsp μανθάνω@vpaanmp ὁ@danp κατά@p ὁ@dams ἀννίβας@namsp ὅτι@b περικλείω@viaa3p 2@ ὁ@damp πολέμιος@nampc ὁ@dnmp ῥωμαῖος@nnmpp εἰς@p ὁ@dafs καμπανία@nafsp"
"Arg._8.26","μηχάνημα@nnnsp ὁ@dgms ἀννίβας@ngmsp ὅπως@b οἶ@nnmpc ῥωμαῖος@nnmpp σφάλλω@viap3p ἐκ@p κακοβουλία@ngfsc ὁ@dgms σφεῖς@rpgmp στρατηγός@ngmsc ὅτι@b εἰς@p κίνδυνος@namsc καθίστημι@viaa3p ὁ@dnmp περί@p ὁ@dams ῥοῦφος@namsp ἐκ@p ἀβουλία@ngfsc αὐτός@rpgms καί@cs ὅτι@cs ταχύς@anans- μεταβάλλω@viam3s καί@cs ὁ@ddns δικτάτωρ@ndmsc 3@an---- δουλεύω@viap3s"
"Arg._9.1","περί@p χρησμός@ngmpc ὅπως@b ὁ@dnfs 4@nnfsc ἐν@p κάννα@ndfpp ἧσσα@ananp- ὁ@ddmp ῥωμαῖος@ndmpp συμπίτνω@viaa3s καί@b ὅσος@ananp- ὁ@dnms ἀννίβας@nnmsp ποιέω@viaa3s εἰς@p μάχη@nafsc αὐτός@rpamp ἐκκαλέω@vppenms καί@cs ὅσος@ananp- μηχανή@viap3s σατοὶ@viim3s ἐκεῖνος@rpdms ὁ@dafs νίκη@nafsc κατά@p ἐργάζομαι@vppeanp ὅτι@b εἰ@cs τότε@b ὁ@dnms ἀννίβας@nnmsp εἰς@p ὁ@dafs ῥώμη@nafsp ὁρμάω@viaa3s αἱρέω@viaa3s ἄν@b ἀυτή@nafsc"
"Arg._9.2","περί@vmpa2s ὁ@dgms σκίπιωνος@ngmsp ὅπως@b ὁ@dnmp ἐν@p ὁ@ddfs ῥώμη@ndfsp διατίθημι@viap3p ὁ@dafs ἧσσα@nafsc ὁ@dgmp οἰκεῖος@angmp- μανθάνω@vpaanmp ὅπως@b ὁ@ddmp αἰχμάλωτος@andmp- ὁ@dnms ἀννίβας@nnmsp χράω2@viam3s βούλευμα@nnnsc θαυμαστός@annns- ὅπως@cs ὁ@dnms ἀννίβας@nnmsp ὁ@damp νεαπολίτης@nampp οἰκειόω@viam3s καί@b ὁ@dafs καπύη@nafsp καί@cs ὁ@dafs καμπανία@nafsp ὁ@dgmp ῥωμαῖος@ngmpp μεθίστημι@viaa3s καί@cs ἄλλος@rpamp αἱρέω@viaa3s καί@cs ἀπηνής@b αὐτός@rpdmp χράω2@vpamnms ἀνακόπτω@viaa3s ὁ@damp λοιπός@anamp- μή@b πρόσειμι@vnpa-- αὐτός@rpdms ὅπως@b οἶ@b ἐν@p βασίλεια@ndfpp ῥωμαῖος@nnmpp ὁ@dgfs πολιορκία@ngfsc ῥύομαι@viap3p"
"Arg._9.3","στρατήγημα@nnnsp ὁ@dgms ἀννίβας@ngmsp ὅτι@b διά@p τρυφή@nafsc καί@cs ῥᾳστώνη@nafsc ὁ@dnmp καρχηδόνιος@nnmpp ἡσσάομαι@viae3p ὅσος@rpanp ὁ@dnmp 1@ σκίπιων@nnmpp ἐν@p ἰβηρίη@ndfsp ποιέω@viaa3p"
"Arg._9.4","ὅτι@b οὐδείς@rpans ἔχω@vppanmp οἴκοι@b στέλλω@vnaa-- οἶ@dnmp σκίπιων@nnmpp ἀστράγαλος@nampc ὁ@ddmp παῖς@ndmpc στέλλω@viaa3p ὅσος@ananp- ὁ@dnms ἀρχιμήδης@nnmsp κατά@p ὁ@dgmp ῥωμαῖος@ngmpp μηχανάομαι@viae3s πολεμέω@vppagmp ὁ@dafp συρακοῦσαι@nafpp"
"Arg._9.5","ὅσος@annnp- ὁ@ddmp ῥωμαῖος@ndmpp συμβαίνω@viaa3s δεινός@annnp- ὅπως@cs ὑπό@p μάρκελλος@ngmsp ἁλίσκομαι@viaa3p αἶ@nnfpc συράκουσαι@nnfpp ὅπως@cs ὁ@dnms ἀρχιμήδης@nnmsp ἀναιρέω@viap3s"
"Arg._9.6","ὅσος@ananp- ὁ@dnmp καρχηδόνιος@nnmpp ἐν@p σικελία@ndfsp ποιέω@viaa3p καί@cs ὁ@dnms ἀννίβας@nnmsp ἐν@p ὁ@ddfs ῥώμη@ndfsp ἔρχομαι@vpaanms ἐργάζομαι@viae3s καί@cs ὅπως@cs ἐκεῖθεν@b ἀναχωρέω@viaa3s ὅπως@cs ὁ@dafs καπύη@nafsp οἶ@viia3p ῥωμαῖος@nnmpp παραλαμβάνω@viaa3p καί@cs ὅπως@b αὐτός@rpdnp χράω2@viam3p ὅσος@ananp- ὁ@dnms λαουίνιος@nnmsp πρός@p φίλιππος@namsp ἐναντιόομαι@vppenms πράσσω@viaa3s"
"Arg._9.7","ὅπως@b ὁ@dnms ἀσδρούβας@nnmsp ἐν@p ἰβηρίη@ndfsp ὁ@dams γαῗος@namsp κλαύδιος@namsp ἀπατάω@viaa3s καί@cs διαδιδράσκω@viaa3s ὅτι@b σκιπίων@nnmsp ὁ@dnms πού@nnmsp πόπλιος@annms- αἱρέω@viap3s στρατηγός@nnmsc ὁ@dgmp ἐν@p ἰβηρίη@ndfsp στοχάζομαι@voaa3s τόλμα@nafsc καί@cs μηχανή@nafsc ὁ@dgms κατηγορέω@vpapgms ὅπως@b ὁ@dnms μουτίνη@nnmsp ἐκ@p καρχηδόνιος@ngmpp ῥωμαῖος@ndmpp προσχωρέω@viaa3s"
"Arg._9.8","ὅπως@b οἶ@nnmpc ῥωμαῖος@nnmpp ὁ@dams τάρας@namsp λαμβάνω@viaa3p ὅτι@cs οὐ@b δύναμαι@viap3s ὁ@dnms ἀννίβας@nnmsp ἀπατάω@vnaa-- ὁ@dams φάβιος@namsp ὅπως@b ὁ@dnms σκιπίων@nnmsp ὁ@dafs ἐν@p ἰβηρίη@ndfsp καρχηδόνιος@nafsp εἴλω@viaa3s καί@cs ὅπως@cs ὁ@dams θόρυβος@namsc καταπαύω@viaa3s ὁ@dgmp στρατιώτης@ngmpc καί@cs ὁ@damp κελτίβηρ@nampp ὑπάγω@viam3s ὅπως@b ὁ@dams ἀσδρούβας@namsp ὁ@dnms σκιπίων@nnmsp νικάω@viaa3s καί@cs οἷος@rpnms εἰμί@viia3s 2@b ὁ@damp τρόπος@nampc ὅπως@b ὁ@dnms σκιπίων@nnmsp ὁ@damp ἐναντίος@anamp- μεταχειρίζω@viam3s καί@cs νικάω@viaa3s"
"Arg._9.9","ὅτι@cs ὁ@dnms ἀννίβας@nnmsp ἐν@p μάχη@ndfsc νικάω@viaa3s καί@cs πίπτω@vpaagms μάρκελλος@ngmsp ὁ@dams σημάντωρ@namsc ἐκεῖνος@rpgms δακτύλιος@namsc εὑρίσκω@vpranms πλάσσω@viie3s γράμμα@nanpc ὡς@b ἐκεῖνος@rpgms αὐτός@rpanp ὁ@ddfp πόλις@ndfpc στέλλω@vppagms καί@cs πλεῖστος@anamp- ἀπατάω@viaa3s ἴως@b γιγνώσκω@viap3s μάχη@nnfsc ῥωμαῖος@ngmpp πρός@p ἀχαιός@nampp συμ@annfs- -@ μάχομαι@vppeamp ὑπό@p μακεδών@ngmpp πόλεμος@nnmpc πάλιν@b ἄλλος@annmp- ῥωμαῖος@ngmpp καί@cs καρχηδόνιος@ngmpp καί@cs στρατήγημα@nnnsc ὁ@dgns εἷς@ngmsc ὁ@dgmp ὕπατος@angmp- τολμηρός@annnss"
"Arg._9.10","ὅσος@ananp- ὁ@dnms σκιπίων@nnmsp ἐν@p ἰβηρίη@ndfsp καί@cs ἐν@p λιβύη@ndfsp ποιέω@viaa3s ὅπως@b ὁ@dnms σκιπίων@nnmsp ὁ@damp ἀποστατέω@vpaaamp ὁ@dgmp αὐτός@rpgms στρατιώτης@ngmpc διά@p ὁ@dafs νόσος@nafsc αὐτός@rpgms προσάγω@viam3s καί@cs ὅπως@cs αὐτός@rpdmp χράω2@viam3s καί@cs τις@rpamp κολάζω@viaa3s ὅτι@b ὁ@dgfs ἰβηρία@ngfsp ὁ@dnms σκιπίων@nnmsp κρατέω@viaa3s περί@p ὁ@dgfp γυμνήσιος@angfp- νῆσος@ngfpc"
"Arg._9.11","διά@p ὅς@anafs- αἰτία@nafsc ὁ@dnms μασινίσσας@nnmsp ῥωμαίος@nnmsp 3@an---- προσχωρέω@viaa3s ὅτι@b παύω@viap3s ὁ@dgfs ἀρχή@ngfsc ὁ@dnms σκιπίων@nnmsp ὅπως@cs ὁ@dnms φίλιππος@nnmsp ῥωμαῖος@ndmpp σπένδω@viam3s καί@cs ὁ@dnms σκιπίων@nnmsp ὁ@dgfs πόλις@ngfsc ὁ@dgmp λοκροί@ngmpp πολύς@ananp- ἐκ@p προδοσία@ngfsc συνέχω@viaa3s εἶτα@cs καί@b αὐτός@anafs- ὁ@dafs ἀκρόπολις@nafsc"
"Arg._9.12","ὅτι@b ὁ@dnms μασινίσσας@nnmsp καταλλάσσω@viap3s δῆθεν@b καρ@ndmpp χῖος@ndnpc ἵνα@cs αὐτός@rpdmp 4@ οὕτως@b σφήλη@vsaa3s ὅτι@b ὁ@dnms σκιπίων@nnmsp διαβαίνω@viaa3s πρός@p καρχηδόνιος@nampp καί@cs πόλις@nafpc ἕλκω@viaa3s τις@anafp- ὅτι@b μασινίσσας@nnmsp ῥωμαῖος@ndmpc βοηθέω@viaa3s κατά@p ὁ@dgmp καρχηδόνιος@ngmpp στρατήγημα@nnnsc ὁ@dgms σκίπιωνος@ngmsp"
"Arg._9.13","περί@p μασινίσσος@ngmsp καί@cs ὁ@dgms σῦφαξ@ngmsp καί@cs ὁ@dgfs σοφωνίς@ngfsp ὅτι@b σπονδή@nafpc ὁ@dnmp καρχηδόνιος@nnmpp αἰτέω@viaa3p ὅτι@b ὁ@ddms σκιπίων@ndmsp ἐν@p λιβύη@ndfsp καρχηδόνιος@nnmpp ἐπιβουλεύω@viaa3p ὅτι@b ὁ@ddms ἀννίβας@ndmsp πᾶς@annfs- ὁ@dnfs ἡγεμονία@nnfsc δίδωμι@viap3s"
"Arg._9.14","ὅτι@b ὁ@dnms σκιπίων@nnmsp ὁ@ddms ἀννίβας@ndmsp συμβάλλω@vpaanms νικάω@viaa3s ὅτι@b σπένδω@vnam-- ὁ@dnms ἀννίβας@nnmsp ζητέω@viaa3s ὅτι@b συμβάλλω@vpaanms ὁ@dnms σκιπίων@nnmsp ὁ@ddms ἀννίβας@ndmsp ἡττάω@viaa3s αὐτός@rpams ὅτι@b πολιορκέω@vppenmp παρά@p ὁ@dgms σκίπιωνος@ngmsp ὁ@dnmp καρχηδόνιος@nnmpp περί@p σπονδή@ngfpc διαλέγω@viap3p ὅτι@b πρέσβυς@nampc ὁ@dnmp καρχηδόνιος@nnmpp πρός@p ̔ρώμη@nafsc στέλλω@viaa3p καί@cs σύμβασις@nafpc αὐτός@rpdmp ψηφίζω@viap3p"
"Arg._9.15","πόλεμος@nnmsp πρός@p φίλιππος@namsp ὁ@dams μακεδών@namsp ὅτι@b ὁ@dafp ἀθῆναι@nafpp πολιορκέω@vppeafp ὑπό@p ὁ@dgmp μακεδών@ngmpp ῥύομαι@viam3p ὁ@dnmp ̔ρωμαῖος@nnmpc ὅτι@b ἡσσάομαι@viap3s φίλιππος@nnmsp ῥωμαῖος@ndmpc συμβάλλω@vpaanms καί@b τιτρώσκω@viap3s"
"Arg._9.16","μάχη@nnfsp ἕτερος@annfs- ῥωμαῖος@ngmpp πρός@p φίλιππος@namsp μάχη@nnfsc καί@b πάλιν@b ῥωμαῖος@ngmpc πρός@p φίλιππος@namsp καί@cs ἧσσα@nnfsc αὐτός@rpgms ἐπί@p ποῖος@andfp- συνθήκη@ndfpc ̔ρωμαῖος@nnmpc ὁ@ddms φίλιππος@ndmsp σπένδω@viaa3p σαντο@viam3p"
"Arg._9.17","ὅπως@b λύω@viap3s ὁ@dnms κελεύω@vppanms μή@b κοσμέω@vnpe-- ὁ@dafp γυνή@nafpc νόμος@nnmsc ὅσος@ananp- ὁ@dnms κάτων@nnmsp ἐν@p ἰβηρίη@ndfsp ποιέω@viaa3s ὅπως@b ὁ@dnms κάτων@nnmsp ἐν@p εἷς@andfs- ἡμέρα@ndfsc ὁ@danp τεῖχος@nanpc ὁ@dgfp ἐν@p ἰβηρίη@ndfsp πόλις@ngfpc παρά@p ὁ@dgmp πολίτης@ngmpc αὐτός@angmp- κατασκάπτω@vnap-- ποιέω@viia3s"
"Arg._9.18","ὅπως@cs ὁ@dnmp ̔ρωμαῖος@nnmpc ἐπί@p ὁ@dans ἄργος@nansp καί@cs ὁ@dafs σπάρτη@nafsp στρατεύω@viaa3p καί@cs ὅπως@cs σπένδω@viam3p καί@cs ὁ@damp ἕλλην@nampp ἐλευθερόω@viaa3p ὅτι@b νεωτερίζω@viaa3p ὁ@dnmp ἕλλην@nnmpp ὅτι@b ὁ@dgms σκίπιωνος@ngmsp ἀφικνέομαι@vpamgms πρός@p ἀντίοχος@namsp ὁ@dnms ἀννίβας@nnmsp ὕποπτος@annms- δοκέω@viaa3s"
"Arg._9.19","ὅτι@b διά@p ὁ@dams ἀντίοχος@namsp ὁ@dnmp ̔ρωμαῖος@nnmpc θρῴσκω@viia3p βοῦς@viie3p ὅτι@cs ὁ@dnms φίλιππος@nnmsp ῥωμαῖος@ndmpp φιλιόω@viap3s ἐξέλασις@nnfsc ἀντίοχος@ngmsp ἐκ@p ὁ@dgfs ἑλλάς@ngfsp ὅτι@b ἐν@p ναύπάκτος@ndfsp σπένδω@vnam-- ὁ@ddmp ῥωμαῖος@ndmpp ζητέω@viaa3p οὐ@b σπένδω@viam3p δέ@cs"
"Arg._9.20","ὅτι@b ὁ@dnmp σκίπιων@nnmpp ὁ@ddms αντιόχος@ndmsp ἀντιτάσσω@viap3p ὅτι@b αἰτέω@viaa3s ὁ@dnms ἀντίοχος@nnmsp εἰρήνη@nafsc οὐ@b τυγχάνω@viaa3s δέ@cs αὐτός@rpgfs καί@b ὅτι@cs πολεμέω@viaa3p ὁ@dnmp ῥωμαῖος@nnmpp καί@cs ὁ@dnmp αὐτός@rpgms ὅτι@b ἐπιχειρέω@viaa3s ὁ@dnms ἀντίοχος@nnmsp αἱρέω@vnaa-- ὁ@dans ὁ@dgfs ῥώμη@ngfsp στρατόπεδον@nansc ἀποκωλύω@viap3s δέ@b ὁ@dans δέ@cs αὐτός@rpgms αἱρέω@viaa3s ὁ@dnms σκιπίων@nnmsp ὅτι@b σπονδή@nafpc αἰτέω@viaa3s ὁ@dnms ἀντίοχος@nnmsp καί@cs ὁ@dnms ἀννίβας@nnmsp δείδω@vpaanms εἷς@cs μή@b ἐκδίδωμι@vsap3s φεύγω@viaa3s πρός@p προυσίας@namsp ὅτι@b φθονέω@vpapnmp οἶ@nnmpc σκίπιων@nnmpp κατακρίνω@viap3p ὅπως@cs ὁ@dnmp ἐν@p ὁ@ddfs ἀσία@ndfsp γαλάτης@nnmpp ἄποικος@annmp- ὁ@dgmp εὐρωπαῖος@angmp- γαλάτης@ngmpp ὅπως@b ὁ@dnms μάλλιος@nnmsp ὁ@dafs ἄγκυρα@nafsp αἱρέω@viaa3s"
"Arg._9.21","ὅτι@cs ὁ@dnmp αἰτωλοί@nnmpp πρέσβυς@nampc ὑπέρ@p εἰρήνη@ngfsc πέμπω@viaa3p καί@b ὅπως@b ὁ@dnms μάρκος@nnmsp πολιορκέω@viia3s ὁ@dafs ἀμβρακία@nafsp καί@b ὅσος@ananp- ὁ@dnmp αἰτωλοί@nnmpp ἀντιτεχνάομαι@viam3p καί@cs ὡς@cs σπένδω@viam3p αὐτός@rpdmp ὁ@dnmp ῥωμαῖος@nnmpp τις@rpnmp θνήσκω@vpaagms ὁ@dgms ἀντίοχος@ngmsp μετά@p ἐκεῖνος@rpams βασιλεύω@viaa3p ὅτι@b ὁ@dnms ἀννίβας@nnmsp ἑαυτοῦ@rpams ἀποσφάζω@viae3s ἵνα@cs μή@b ἐκδίδωμι@vsap3s ῥωμαῖος@ndmpp"
"Arg._9.22","ὅτι@b ὁ@dnms φίλιππος@nnmsp ὁ@dams ὒ@namsc ἰός@namsc δημ́ητριος@namsp ἐκτείνω@viaa3s ἐκ@p διαβολή@ngfsc ὁ@dgms πέρθω@ngmsp καί@cs ὅτι@cs καί@b οὗτος@rpams κτείνω@vnaa-- ἐθέλω@vppanms οὐ@b ἰσχύω@viaa3s πόλεμος@nnmpc ῥωμαῖος@ngmpp πρός@p περσεύς@namsp βασιλεύς@namsc ὁ@dgmp μακεδών@ngmpp ὅτι@b ὁ@dgms κράσσος@ngmsp 1@ πόλις@nafpc ἑλλληνίς@nafpp αἱρέω@vpaagms καί@cs τις@rpamp κατασκάπτω@vpaagms καί@cs ὁ@damp ἁλίσκομαι@vpaaamp ἀποδίδωμι@vpamgms 2@b οἶ@dnmp ῥωμαῖος@nnmpp ὀργίζω@viap3p ὅτι@b ἀτυχέω@viaa3p οἶ@annmp- ῥωμαῖος@nnmpp 3@ μάχομαι@vppenmp ὁ@ddms περσεύς@ndmsp ὅτι@b εὐτυχέω@vppanms ὁ@dnms περσεύς@nnmsp διά@p φειδωλία@nafsc ἀτυχέω@viaa3s καί@cs σπονδή@ngfpc δέω2@viap3s"
"Arg._9.23","ὅτι@b παῦλος@nnmsp αἰμίλιος@nnmsp ὕπατος@nnmsc αἱρέω@viap3s καί@cs κατά@p ὁ@dgms πέρθω@ngmsp πέμπω@viap3s ὅτι@cs ἐκλείπω@vnaa-- ὁ@dafs σελήνη@nafsc μέλλω@vnpa-- προμανθάνω@vpaanms ὁ@dnms παῦλος@nnmsp προεῖπον@viaa3s ὁ@ddmp στρατιώτης@ndmpc εἷς@cs μή@b ταράσσω@vsap3p ἧσσα@vmpa2s ὁ@dgms περσεύς@ngmsp καί@cs ὁ@dgmp μακεδών@ngmpp ὅτι@b στενοχωρέω@vpapnms ὁ@dnms περσεύς@nnmsp ἐπιστέλλω@viaa3s ὁ@ddms παῦλος@ndmsp περί@p σπονδή@ngfpc βασιλεύς@namsc δέ@cs αὐτός@rpams ὀνομάζω@vpaanms οὐ@b προσδέχομαι@viap3s ὅτι@b οἶ@dnmp κρής@nnmpp ὁ@dgms πέρθω@ngmsp χρῆμα@nanpc εἰς@p ὁ@danp πλοῖον@nanpc ἐντίθημι@vpamnmp ἀπαίρω@viaa3p ὅτι@cs κρύπτω@vppenms ὁ@dnms περσεύς@nnmsp ἑκών@annms- εὑρίσκω@viap3s καί@cs ὅπως@cs αὐτός@rpdms ὁ@dnms παῦλος@nnmsp χράω2@viam3s ὅσος@ananp- ὁ@dnms πλούταρχος@nnmsp περί@p ὁ@dgms πέρθω@ngfsp λέγω3@vipa3s καί@cs περί@p ὁ@dgms παῦλος@ngmsp"
"Arg._9.24","ὅτι@b καί@b ὁ@dams γέντιος@namsp ὁ@dnmp ῥωμαῖος@nnmpp νικάω@viia3p ὅτι@b ὁ@dnmp ῥωμαῖος@nnmpp μανθάνω@vpaanmp ὁ@dafs ὁ@dgms παῦλος@ngmsp νίκη@nafsc χαίρω@viia3p καί@cs ὁ@dnms παῦλος@nnmsp λαμπρός@b θριαμβεύω@viaa3s ὅτε@cs καί@b δύο@an---- υἱός@nnmpc αὐτός@rpgms τελευτάω@viaa3p ὅπου@b ὁ@dnms περσεύς@nnmsp φρουρέω@viie3s καί@cs διαχειρίζω@viam3s ἕ@rpams περί@p ῥόδιος@ngmpp καί@b κρής@ngmpp καί@b προυσίας@ngmsp καί@cs εὐμένης@ngmsp περί@p ὁ@dgmp παῖς@ngmpc ἀριαράθης@ngmsp ὁ@dgms καππαδόκης@ngmpp βασιλεύς@ngmsc"
"Arg._9.25","περί@nnfsp ἀντίοχος@ngmsp ὁ@dgms υἱός@ngmsc ἀντίοχος@ngmsp καί@cs δημήτριος@ngmsp ὁ@dgms υἱός@ngmsc σέλευκος@ngmsp ὅτι@b ἐπί@p δαλμάτος@nafpp οἶ@vppenmp ῥωμαῖος@nnmpp στρατεύω@viaa3p καί@cs οὗτος@rpamp ὑποτάσσω@viaa3p"
"Arg._9.26","ὁ@dnms τρίτος@annms- ῥωμαῖος@ndmpp πρός@p ὁ@damp καρχηδόνιος@nampp πόλεμος@nnmsc ὅτε@cs τέλειος@anans- αὐτός@rpamp ἐξανδραποδίζω@viam3p καί@cs ὁ@dafs καρχηδών@nafsp κατασκάπτω@viaa3p ὅτι@b πόλεμος@namsc κατά@p καρχηδόνιος@ngmpp ὁ@dgmp ῥωμαῖος@ngmpp ψηφίζω@vpamgmp ἐκεῖνος@rpnmp ὑπήκοος@annmp- αὐτός@rpdmp εἰμί@vnpa-- πράσσω@viie3p καί@cs ὅμηρος@nampc δίδωμι@viaa3p ὅτι@b λύω@viaa3p ὁ@dnmp ῥωμαῖος@nnmpp ὁ@dafs πολιορκία@nafsc"
"Arg._9.27","περί@ndmsp σκίπιωνος@ngmsp οἶος@annms- εἰμί@viia3s ὅπως@b ὁ@dnms σκιπίων@nnmsp οἰκονομέω@vnaa-- καταλείπω@vpapnms παρά@p ὁ@dgms μασινίσσος@ngmsp τελευτάω@vppagms ὁ@danp ὁ@dgfs βασίλεια@ngfsc αὐτός@rpgms ὁ@ddmp ἐκεῖνος@rpgms παῖς@ndmpc ὁ@danp πρᾶγμα@nanpc κληρόω@viaa3s ὅτι@b ὁ@dnms φαμέας@nnmsp 2@ πρό@nampc αὐτομολέω@viaa3s περί@p προυσίας@ngmsp ὁ@dgms βιθυνοί@ngmpp βασιλεύς@ngmsc καί@cs νικομήδης@ngmsp ὁ@dgms υἱός@ngmsc αὐτός@rpgms"
"Arg._9.28","περί@b ἀνδρίσκος@ngmsp ὅς@rpnms πλάσσω@viam3s ὁ@dgms περσεύς@ngmsp εἰμί@vnpa-- υἱός@nnmsc καί@cs διάδημα@nansc περιτίθημι@vpamnms ὁ@dafs μακεδονία@nafsp κατέχω@viaa3s καί@b ὁ@dgfs θεσσαλία@ngfsp πολύς@ananp- καί@cs ὁ@damp ῥωμαῖος@nampc ἡττάω@viaa3s προσβάλλω@vpaaamp αὐτός@rpdms ὅτι@cs ὁ@dnms ἀνδρίσκος@nnmsp ὑπό@p μέτελλος@ngmsp ἡσσάομαι@vpaenms προδίδωμι@viap3s ὑπό@p βύζος@ngmsp καί@cs κολάζω@viap3s καί@b περί@p ἀλέξανδρος@ngmsp υἱός@namsc ἑαυτοῦ@rpams ὁ@dgms πέρθω@ngmsp λέγω3@vppagms"
"Arg._9.29","περί@p καρχηδόνιος@ngmpp καί@b ὅτι@cs ὁ@ddms σκιπίων@ndmsp ὁ@dnms κατά@p ’@p αὐτός@rpgmp ἀνατίθημι@viap3s πόλεμος@nnmsc ὅπως@b ὁ@dnms σκιπίων@nnmsp ὁ@ddms μαγκίνος@ndmsp ἐπαμύνω@viaa3s χωρίον@nansc τις@anans- ὁ@dgfs καρχηδών@ngfsp αἱρέω@vpaadms καί@cs κινδυνεύω@vppadms ὅπως@b ὁ@dnms σκιπίων@nnmsp μέρος@nansc ὁ@dgfs πόλις@ngfsc καρχηδών@ngfsp αἱρέω@viaa3s καί@b ὅτι@cs ὁ@dnms ἀσδρούβας@nnmsp μετά@p ὁ@dgmp καρχηδόνιος@ngmpp εἰς@p ὁ@dams κώθων@namsp καί@cs εἰς@p ὁ@dafs βύρσα@nafsp καταφεύγω@viaa3p καί@b ὅτι@cs ὁ@dnms σκιπίων@nnmsp ὁ@dans στόμα@nansc ὁ@dgms λιμήν@ngmsc συγχώννυμι@viaa3s εἷς@cs μή@b ὁ@ddmp καρχηδόνιος@ndmpp τροφή@nnfpc κομίζω@vspe3p"
"Arg._9.30","ἅλωσις@nnfsp τέλειος@annfs- ὁ@dgfs καρχηδών@ngfsp καί@cs οὗτος@rpgfs κατασκαφή@nnfsc ψήφισμα@nnnsc ὁ@dgns κατασκάπτω@vnap-- ὁ@dafs καρχηδών@nafsp"
"Arg._9.31","ἐκ@p οἴη@angfs- αἰτία@ngfsc ὁ@ddmp ἕλλην@ndmpp πολεμέω@viaa3p ὁ@dnmp ̔ρωμαῖος@nnmpc καί@b ὁ@dafs τε@b κόρινθος@nafsp κατασκάπτω@viaa3p καί@cs ὁ@damp κορίνθιος@nampp ἀποδίδωμι@viam3p"
"Arg._10.1","περί@vipa1s ὁ@dgmp ἐν@p ῥώμη@ndfsp μοναρχέω@vpaagmp ὅπως@cs φθείρω@viap3s ὁ@dnms κίννας@nnmsp καί@b κάρβων@nnmsp αὐτός@rpams διαδέχομαι@viam3s καί@cs ὁ@dnms πομπήιος@nnmsp ὁ@ddms σύλλας@ndmsp προσέρχομαι@viaa3s ὅσος@ananp- κατορθόω@viaa3s ὁ@dnms πομπήιος@nnmsp πρός@p σύλλας@namsp ἄπειμι1@vppanms καί@cs ὅπως@cs αὐτός@rpams ὁ@dnms σύλλας@nnmsp δέχομαι@viam3s ὅτι@b κῆδος@nansc 1@anans- ὁ@dnms σύλλας@nnmsp πρός@p πομπήιος@namsp τίθημι@viam3s ὅτι@b ὁ@dafs σικελία@nafsp ὁ@dnms πομπήιος@nnmsp οἰκειόω@viam3s καί@cs ὁ@dams κάρβων@namsp ἀναιρέω@viaa3s"
"Arg._10.2","ὅτι@b καί@b ὁ@dnms δομέτιος@nnmsp προσβάλλω@vpaanms ὁ@ddms πομπήιος@ndmsp ἡσσάομαι@viap3s καί@cs ἀναιρέω@viap3s οἶος@anafs- τηρέω@viia3p διάθεσις@nafsc πρός@p πομπήιος@namsp ὁ@danp στράτευμα@nanpc ὅτι@b μάγνος@namsp ὁ@dnms σύλλας@nnmsp προσαγορεύω@viaa3s αὐτός@rpams ὅπως@b τυγχάνω@viaa3s ὁ@dgms θρίαμβος@ngmsc πομπήιος@nnmsp καίπερ@b ὁ@dgms σύλλας@ngmsp κωλύω@vppagms ὅτι@b στράτευμα@ngnsc ἡγεμών@nnmsc αἱρέω@viap3s πομπήιος@nnmsp κατά@p λέπιδος@ngmsp καί@cs ὅπως@cs ἀποθνήσκω@viaa3s λέπιδος@nnmsp ὅτι@b κατά@p σερτώριος@ngnsp στέλλω@viap3s 2@ πομπήιος@nnmsp ὅπως@b ὁ@dnms σερτώριος@nnmsp φθείρω@viap3s καί@cs ὅπως@cs ὁ@dams περπέννας@namsp ἀναιρέω@viaa3s πομπήιος@nnmsp ὅτι@b ἀγαπάω@viia3s ὁ@dams πομπήιος@namsp ὁ@dnms δῆμος@nnmsc καί@b ἐκεῖνος@rpnms ὁ@ddms δῆμος@ndmsc πρόσκειμαι@viie3s ὅπως@b ὁ@dnmp τιμητής@nnmpc ὁ@dams πομπήιος@namsp δέχομαι@viam3p πρόσειμι@vppaams αὐτός@rpdmp"
"Arg._10.3","περί@p ὁ@dgfp πειρατικός@angfp- ναῦς@ngfpc 3@ καί@b ὅσος@anafp- αἱρέω@viaa3p πόλις@nafpc καί@b ὅπως@b ὁ@ddmp ἁλίσκομαι@vppedmp ῥωμαῖος@ndmpp ἐμπαίω@viia3p καί@cs οἷος@annfs- ἐξουσία@nnfsc ὁ@ddms πομπήιος@ndmsp κατά@p αὐτός@rpgmp στέλλω@vppedms ψηφίζω@viap3s ὅπως@cs ταχύς@b ὁ@dams πειρατικός@anams- νικάω@viaa3s πόλεμος@namsc καί@cs ὁ@dafs θάλασσα@nafsc ὁ@dgnp λῃστήριον@ngnpc καθαίρω@viaa3s καί@cs ὅπως@cs παρά@p ἀθήναιος@ngmpp δέχομαι@viap3s"
"Arg._10.4","ὅσος@annnp- ψηφίζω@viap3s ὁ@ddms πομπήιος@ndmsp μανθάνω@vpaagmp ὁ@dgmp ῥωμαῖος@ngmpp ὁ@dafs νίκη@nafsc ὁ@dgms πειρατικός@angms- πόλεμος@ngmsc ὅπως@b ὁ@dams μιθριδάτης@namsp ὁ@dnms πομπήιος@nnmsp πολεμέω@viaa3s ὅτι@b ἑαυτοῦ@rpams παραδίδωμι@viaa3s ὁ@ddms πομπήιος@ndmsp τιγράνης@nnmsp ὁ@dnms ὁ@dgmp ἁρμένιος@ngmpp βασιλεύς@nnmsc καί@b ὅπως@b αὐτός@rpdms χράω2@viam3s ἐκεῖνος@rpnms καί@cs ὁ@ddms υἱός@ndmsc αὐτός@rpgms περί@p ἀλβανός@ngmpp καί@cs ἴβηρ@ngmpp ὅτι@b ὁ@damp ἀλβανός@nampp καί@cs ὁ@damp ἴβηρ@nampp νικάω@viaa3s ὁ@dnms πομπήιος@nnmsp περί@p ἀμαζών@ngmpp περί@p ὁ@dgfs σωφροσύνη@ngfsc πομπήιος@ngmsp καί@cs ὁ@dgfs ὁ@dgnp χρῆμα@ngnpc καταφρόνησις@ngfsc"
"Arg._10.5","ὅτι@b ὁ@damp περί@p ἄμανος@namsp ἄραψ@nampp καί@b συρία@nafsp καί@cs ὁ@dafs ἰουδαία@nafsp ὑποτάσσω@viaa3s ὅτι@b ὁ@dnms μιθριδάτης@nnmsp θνήσκω@viaa3s καί@cs ὁ@dnms ἐκεῖνος@rpgms υἱός@nnmsc προσέρχομαι@viaa3s ὁ@ddms πομπήιος@ndmsp ὅτι@cs ὑποπτεύω@vppenms ὁ@dnms πομπήιος@nnmsp ὁ@dgfs μοναρχία@ngfsc ἀντέχω@vnfm-- χωρίς@p ὁ@dgmp 1@an---- στρατιώτης@ngmpc ὁ@dafs ρώμη@nafsp καταλαμβάνω@viaa3s ὅτι@b σιτοδεία@ngfsc εἰμί@vppagfs ἐν@p ῥώμη@ndfsp πομπήιος@nnmsp ἐκπλέω@vpaanms συναθροίζω@viaa3s σῖτος@namsc καί@cs εἰς@p ὁ@dafs ῥώμη@nafsp κομίζω@viaa3s"
"Arg._10.6","ὅτι@b ὁ@dafs 2@an---- ἑαυτοῦ@rpgms θυγάτηρ@nafsc ὁ@dnms καῖσαρ@nnmsp ὁ@ddms ιιομπηίῳ@ndmsp κατεγγυάω@viaa3s ὅσος@ananp- ὁ@dnms καῖσαρ@nnmsp κατορθόω@viaa3s"
"Arg._10.7","ὅτι@cs ὁ@dnms καῖσαρ@nnmsp καταλύω@vnaa-- ὁ@dams πομπήιος@namsp μελετάω@viia3s καί@b ὁ@dams καῖσαρ@namsp ἐκεῖνος@rpnms ὅτι@b ψηφίζομαι@vile3s ὑπό@p ὁ@dgfs βουλή@ngfsc κατατίθημι@vnae-- ὁ@danp ὅπλον@nanpc ὁ@dams καῖσαρ@namsp οἶ@dnmp δέ@cs περί@p ἀντώνιος@namsp καί@cs ὁ@dams πομπήιος@namsp ἀξιόω@viia3p κατατίθημι@vnae-- ὁ@danp ὅπλον@nanpc ὅτι@b ἄρχω@viam3s ὁ@dgfs τυραννίς@ngfsc ὁ@dnms καῖσαρ@nnmsp ὅτι@b ἐξέρχομαι@viaa3s ὁ@dgfs ρώμη@ngfsp ὁ@dnms πομπήιος@nnmsp καί@b ὁ@dnmp πλείων@annmpc αὐτός@rpamd ἕπομαι@viam3p"
"Arg._10.8","ὅτι@b πρός@p πομπήιος@namsp ἄπειμι1@vppanms ὁ@dnms καῖσαρ@nnmsp εἰς@p ὁ@dafs ῥώμη@nafsp ἀναστρέφω@viaa3s καί@cs ὁ@dgfs ἰταλία@ngfsp κρατέω@viaa3s ὅτι@b αὖθις@b ἐπί@p πομπήιος@namsp ἄπειμι2@viia3s τόλμα@nnnsc παράβολος@annms- 3@ ὁ@dgms καῖσαρ@ngmsp ὅτι@b ἡσσάομαι@viap3s ὁ@dnms καῖσαρ@nnmsp καί@cs μικρός@angns- ἐκιν@viap3s νεύω@viaa3s ἄν@b ὅτι@b ὁ@dnms πομπήιος@nnmsp ὑπερτίθημι@vnpe-- ὁ@dams πόλεμος@namsc ἐθέλω@viia3s οἶ@dnmp δέ@cs ἄλλος@rpnmp ἐκ@p θράσος@ngnsc εἰς@p μάχη@nafsc ὁρμάω@ngmpc"
"Arg._10.9","περί@an---- σημεῖον@ngnpc πρό@p ὁ@dgfs μάχη@ngfsc φαίνω@vpapgmp τροπή@nnfsc ὁ@dgms πομπήιος@ngmsp οἷος@annfs- εἰμί@viia3s ὁ@dnfs ὁ@dgms πομπήιος@ngmsp γυνή@nnfsc καί@b ὅσος@ananp- λέγω@viaa3s εἶδον@vpaanfs αὐτός@rpams φεύγω@vppaams καί@cs οἶος@ananp- ἐκεῖνος@rpnms πρός@p αὐτός@rpafs ὅτι@b εἰς@p αἴγυπτος@nafsp ὁ@dnms πομπήιος@nnmsp καταφέρω@viap3s 4@ καί@cs ὅπως@cs ἀναιρέω@viap3s ἐκεῖ@b οἷος@angfs- τυγχάνω@viaa3s ταφή@ngfsc ὁ@dnms μάγνος@nnmsp πομπήιος@annms-"
"Arg._10.10","ὅπως@b ὁ@dnms καῖσαρ@nnmsp διατίθημι@viap3s πρός@p ὁ@damp ἀναιρέω@anamp- ἀναιρέτης@nampc πομπήιος@ngmsp περί@p ὁ@dgfs κλεοπάτρη@ngfsp καί@cs ὅπως@cs ὁ@dnms καῖσαρ@nnmsp ἁλίσκομαι@viaa3s οὗτος@rpgfs ὁ@ddms ἔρως@ndmsc ὅτι@b πόλεμος@ngmsc μέσος@anams- ὁ@dgms καῖσαρ@ngmsp καί@cs ὁ@dgmp ἀλεξανδρεύς@ngmpp συνίστημι@vpaagms ὁ@dnfs μέγας@annfs- βιβλιοθήκη@nnfsc καίω@viap3s ὅτι@b ὁ@dafs κλεοπάτρη@nafsp αἴγυπτος@ngfsp βασιλίς@nafsc καταλιμπάνω@viaa3s καῖσαρ@nnmsp ἔγκυος@nafsc εἰμί@vppaafs ἐκ@p αὐτός@rpgms καί@b ὅπως@b ὁ@dams φαρνάκη@namsp νικάω@viaa3s ὅσος@annns- πλῆθος@nnnsc ῥωμαῖος@ngmpp ἐν@p ὁ@ddmp ἐμφύλιος@andmp- πόλεμος@ndmpc διά@viaa3s φθαρτός@vile3s καί@cs ὅπως@cs ὁ@ddmp υἱός@ndmpc ὁ@dgms πομπήιος@ngmsp μάχομαι@viia3s σατοὶ@viae3s καῖσαρ@nnmsp"
"Arg._10.11","ὅτι@b δικτάτωρ@nnmsc ὁ@dnms καῖσαρ@nnmsp διά@p βίος@ngmsc ψηφίζω@viap3s ὅτι@cs διά@p ὁ@dams ὁ@dgfs βασίλεια@ngfsc ἔρως@namsc μισέω@viap3s ὁ@dnms καῖσαρ@nnmsp ὅθεν@b καλέω@viie3s καῖσαρ@nnmsp ὅσος@ananp- ὁ@dnms καῖσαρ@nnmsp ἐκ@p φιλαρχία@ngfsc ποιέω@viaa3s διά@p ὅς@rpanp μισέω@viap3s καί@cs ἐπιβουλεύω@viap3s περί@p βροῦ@ngmsp καί@b ὅπως@cs αὐτός@rpams κατά@p ὁ@dgms καῖσαρ@ngmsp παροξύνω@viia3p πολύς@annmp- σημεῖον@nnnpc γίγνομαι@vpamnnp δηλωτικός@annnp- ὁ@dgfs ὁ@dgms καίω@ngmsp ἀναίρεσις@ngfsc σφαγή@nnfsc ὁ@dgms καῖσαρ@ngmsp ὅσος@ananp- ὁ@ddms καί@ndmsp σαρι@ndmsc ψηφίζω@viie3p"
"Arg._10.12","ὅτι@b ὁ@dnmp ὁ@dgms καῖσαρ@ngmsp ἀναιρέτης@nnmpc εἰς@p ὁ@dans καί@n---p πιτώλιον@nansc ἀνέρχομαι@viaa3p ὅτι@b ὁ@dnms κικέρων@nnmsp πείθω@viaa3s πᾶς@anamp- σπένδω@vnam-- ἀλλήλων@rpdmp καί@cs ὁ@danp παρά@p ὁ@dgms καῖσαρ@ngmsp πράσσω@vpapanp κρατέω@vnpa-- ὅτι@b ὁ@dnms ἀντώνιος@nnmsp ὁ@dams ὁ@dgms καί@namsp νεκρός@namsc προτίθημι@vpamnms πολύς@ananp- πρός@p ἔπαινος@namsc ἐκεῖνος@b καί@cs κινέω@vppaams ὁ@dams δῆμος@namsc πρός@p ὀργή@nafsc κατά@p ὁ@dgfp φονεύς@ngmpc λέγω@viaa3s ὅτι@b ὁ@dnms δῆμος@nnmsc ἐκ@p ὁ@dgfs ὁ@dgms ἀντώνιος@ngmsp δημηγορία@ngfsc ἐρεθίζω@vpapnms ὁ@dams νεκρός@namsc ὁ@dgms καῖσαρ@ngmsp καίω@viaa3s κατά@p δέ@cs ὁ@dgfp φονεύς@ngfpc αὐτός@rpgms κινέω@vile3s"
"Arg._10.13","σημεῖον@nnnpp δηλωτικός@annnp- ὁ@dgfs ὁ@dgms ὀκτάβιος@ngmsp καί@cs εὐτυχία@ngfsc"
"Arg._10.14","συμβουλή@nnfpp κικέρων@ngmsp καί@cs ὁ@dgmp ἐναντιόομαι@vppegmp ἐνἀντιόομαι@vppegmp αὐτός@rpdms καί@cs μήνυμα@nnnpc ὁ@dgfs βουλή@ngfsc πρός@p ὁ@dams ἐν@namsp τώνιος@namsc ὅτι@cs μή@b πείθω@vppegms ὁ@ddfs βουλή@ndfsc ὁ@dgms ἀντώνιος@ngmsp ψηφίζω@viap3s πολέμιος@anams- εἰμί@vnpa-- αὐτός@rpams μάχη@nnfpc μέσος@anans- ἀντώνιος@ngmsp καί@cs καῖσαρ@ngmsp τροπή@nnfsc ὁ@dgms ἀντώνιος@ngmsp"
"Arg._10.15","ὅπως@b οἶ@b ἐν@p ὁ@ddfs ῥώμη@ndfsp πρός@p ὁ@dams καῖσαρ@namsp διατίθημι@viie3p ὅτι@b ὁ@dams πρός@p ὁ@dams ἀντώνιος@namsp καί@cs ὁ@dams λέπιδον@namsp πόλεμος@namsc οἶ@dnmp ῥωμαῖος@nnmpp ὁ@ddms καῖσαρ@ndmsp ἀνατίθημι@viam3p ὅτι@b καί@b ἀέκων@annmp- ὁ@dnmp ἐν@p ὁ@ddfs ῥώμη@ndfsp ὕπατος@namsc ὁ@dams καῖσαρ@namsp ψηφίζω@viam3p ὅτι@b καί@b παρά@p ὁ@dgfs βουλή@ngfsc εἰς@p ὁ@dans ὁ@dgms καῖσαρ@ngmsp ὁ@dgms ἰούλιος@angms- εἰσποιέω@viap3s γένος@nansc ὁ@dnms ὀκτάβιος@nnmsp"
"Arg._10.16","διά@p τίς@rpans ὁ@dafp πρός@p ὁ@dams ἀντώνιος@namsp καί@cs ὁ@dams λέπιδον@namsp συνθήκη@nafpc ὁ@dnms καῖσαρ@nnmsp τηρέω@viaa3s καί@cs ὅτι@cs καί@b ὁ@ddmp ῥωμαῖος@ndmpp αὐτός@rpamp διαλλάσσω@viaa3s διά@p ἕτερος@angmp- πῶς@b σύν@viaa3p ἔρχομαι@viaa3p ὁ@dnms καῖσαρ@nnmsp καί@b ὁ@dnms ἀντώνιος@nnmsp καί@cs ὁ@dnms λέπιδος@nnmsp καί@cs ὅπως@b ἑαυτοῦ@rpdmp ἀρχή@nafpc ἔθνος@ngnpc ἀπονέμω@viaa3p ὅτι@b ὁ@ddms καῖσαρ@ndmsp γαμέω@viap3s ὁ@dnfs ὁ@dgfs γυνή@ngfsc ὁ@dgms ἀντώνιος@ngmsp θυγάτηρ@nnfsc περί@p σημεῖον@ngnpc ὅτι@b ἐν@p ὁ@ddfs ῥώμη@ndfsp ἔρχομαι@vpaanmp σφαγή@nafpc πολύς@angmp- ποιέω@viam3p ἀντιδίδωμι@vppanmp ἀλλήλων@rpdmp ὁ@damp ἑαυτοῦ@rpgms φίλος@nampc ἕ@"
"Arg._10.17","ὅπως@cs ὁ@dnms κικέρων@nnmsp ἀναιρέω@vire3s καί@cs ὅπως@cs πρός@p αὐτός@rpams καί@b νεκρός@anams- διατίθημι@viap3s ὁ@dnms ἀντώνιος@nnmsp καί@cs ὁ@dnfs γαμετή@annfs- αὐτός@rpgms φούλβιος@nnfsp πίστις@nnfsc θαυμαστός@annfs- δοῦλος@ngmsc πρός@p δεσπότης@namsc ἀγάπη@nnfsc πατρικός@annfs- ὅσος@annnp- βίαιος@annnp- τότε@b πράσσω@viap3s"
"Arg._10.18","ὅτι@b ὁ@dnms μέν@b λέπιδος@nnmsp ὁ@danp ὁ@dgfs ῥώμη@ngfsp καί@cs ὁ@dgfs ἰταλία@ngfsp διοικέω@vpfanms ἐάω@viap3s καῖσαρ@nnmsp δέ@cs καί@cs ἀντώνιος@nnmsp κατά@p βρούτος@ngmsp καί@cs κάσσιος@ngmsp στρατεύω@viaa3p ὅσος@ananp- ὁ@dnms βροῦτος@nnmsp καί@cs ὁ@dnms κάσσιος@nnmsp ποιέω@viia3p ἑτοιμάζω@vppenmp ἀνθιστάω@vnpe-- ὁ@ddms καῖσαρ@ndmsp καί@cs ὁ@ddms ἀντώνιος@ndmsp ὅτι@b ὁ@dgmp ῥόδιος@ngmpp ὁ@dnms κάσσιος@nnmsp κρατέω@viaa3s ὁ@dgmp δέ@cs λύκιος@ngmpp ὁ@dnms βροῦτος@nnmsp ὅτι@b ὁ@dnms βροῦτος@nnmsp καί@cs ὁ@dnms κάσσιος@nnmsp ἀναβάλλω@viie3p ὁ@dafs μάχη@nafsc"
"Arg._10.19","περί@b σημεῖον@ngnpc γίγνομαι@vpragnp ἐν@p ὁ@ddfs ῥώμη@ndfsp καί@cs ἐν@p ὁ@ddnp στρατόπεδον@ndnpc μάχη@nnfsc καῖσαρ@ngmsp καί@cs ἀντώνιος@ngmsp πρός@p βροῦτος@namsp καί@cs κάσσιος@namsp καί@b ἧσσα@nnfsc κάσσιος@ngmsp καί@b ὁ@dgnp τάφος@ngnpc πόρθησις@nnfsc καί@cs κάσσιος@ngmsp ἑκούσιος@annfs- σφαγή@nnfsc"
"Arg._10.20","ἧσσα@vmpa2s ὁ@dgms βρούτος@ngmsp σῶς@anams- ἕλλην@namsp πληρόω@vppaams καί@b πρό@p ὁ@dgns εὐή@b εὐαγγέλιον@ngnsc ὁ@dans εἷς@cs τις@rpnms τίθημι@vsaa3s ὁ@dafs ψυχή@nafsc ὑπέρ@p ὁ@dgms φίλος@angms- αὐτός@rpgms αὐτοχειρία@nnfsc βρούτος@ngmsp περί@p πορκία@ngfsp ὁ@dgfs ὁ@dgms βρούτος@ngmsp γυνή@ngfsc"
"Arg._10.21","ὅτι@b καί@b ὁ@dnms κάσσιος@nnmsp καί@cs ὁ@dnms βροῦτος@nnmsp ὁ@ddnp ξίφος@ndnpc ὅς@rpdnp ἀναιρέω@viaa3p ὁ@dams καῖσαρ@namsp ἀναιρέω@viap3p ὅτι@b ἐν@p ῥώμη@ndmsp ὁ@ddms καῖσαρ@ndmsp διαφέρω@viap3s ὁ@dnfs ὁ@dgms ἀντώνιος@ngmsp γυνή@nnfsc καί@cs ὁ@dnms ἀδελφός@nnmsc ἐκεῖνος@rpgms ὑπατεύω@vppanms ὅτι@b ὁ@dnfs ἵστημι@annfs- -@nnfsc σις@nnfsc μέσος@annns- ὁ@dgms δῆμος@ngmsc καί@cs ὁ@dgmp στρατιώτης@ngmpc γίγνομαι@viam3s ὅτι@b σπεύδω@viaa3s ὁ@dnms καῖσαρ@nnmsp σπένδω@vnam-- ὁ@ddms σέξτος@ndmsp καί@cs ὁ@dgfp σπονδή@ngfpc διαμαρτάνω@viaa3s"
"Arg._10.22","οἶος@ananp- ἐν@p ἀσία@ndfsp ὁ@dnms ἀντώνιος@nnmsp πράσσω@viaa3s καί@cs ὅπως@cs δουλόω@viap3s 2@ ὁ@dgfs κλεοπάτρη@ngfsp ὁ@ddms ἔρως@ndmsc περί@p λαβιηνός@ngmsp 3@ καί@cs πάκορος@ngmsp ὅτι@cs πολεμόω@viap3s ὁ@ddms καῖσαρ@ndmsp ὁ@dnms ἀντώνιος@nnmsp διά@p ὁ@dafs φούλβιος@nafsp καί@cs ὅτι@cs ἐκεῖνος@rpgfs θνήσκω@vpaagfs σπένδω@viam3p ὅτι@b κοινός@b μάχομαι@vnam-- ὁ@ddms σέξτος@ndmsp συντίθημι@viam3p ὁ@dnms καῖσαρ@nnmsp καί@cs ὁ@dnms ἀντώνιος@nnmsp ὅτι@b στασιάζω@viia3p ὁ@dnmp ἐν@p ὁ@ddfs ῥώμη@ndfsp διά@p ὁ@dams λιμός@namsc καί@cs αἰτέω@viia3p ὁ@ddms σέξτος@ndmsp σπένδω@vnam-- καί@cs ἐπί@p ὅς@andfp- συνθήκη@ndfpc σπένδω@viam3p ὅτι@b ἑστιάω@viaa3s ὁ@dnms σέξτος@nnmsp ὁ@dams ἀντώνιος@namsp καί@cs ὁ@dams καῖσαρ@namsp ἐν@p ὁ@ddfs ναῦς@ndfsc αὐτός@rpgms καί@cs δύναμαι@vppenms αὐτός@rpamp κατέχω@vnaa-- οὐ@b ἐθέλω@viaa3s"
"Arg._10.23","ὅσος@ananp- ὁ@dnms ἀντώνιος@nnmsp εἰς@p ὁ@dafs ἑλλάς@nafsp πλέω@vpaanms ποιέω@viaa3s περί@p βεντιδίον@ngmsp καί@b λαβιηνός@ngmsp καί@cs ὁ@dgfp παρθάς@ngfpp ὅτι@b ὁ@dans πλῆθος@nansc πρός@p ὁ@damp τελώνης@nampc στασιάζω@viaa3p 1@ ὅτι@cs ὁ@dafs λιβία@nafsp γαμέω@viaa3s ὁ@dnms καῖσαρ@nnmsp ἔγκυος@anafs- εἰμί@vppaafs ὁ@dgms ἀνήρ@ngmsc αὐτός@rpgfs οὗτος@rpafs ἐκδίδωμι@vpaagms αὐτός@rpdms τις@andnp- πάλαι@b ὁ@dgmp ῥωμαῖος@ngmpp δακτύλιος@ndnpc κοσμέω@vnpe-- ἔξεστι@viia3s διά@p τις@anafp- αἰτία@nafpc ὁ@dnms καῖσαρ@nnmsp καί@cs ὁ@dnms σέξτος@nnmsp πολεμέω@viaa3p"
"Arg._10.24","ὅτι@cs ὁ@dnfs ὀκτάβιος@nnfsp ὁ@dnfs ὁ@dgms καῖσαρ@ngmsp ἀδελφή@nnfsc ὁ@ddms ἀντώνιος@ndmsp συνοικέω@viaa3s ὅτι@cs ἑαυτοῦ@rpdmp ὁ@dnms καῖσαρ@nnmsp καί@cs ανώνιος@nnmsp ὁ@dafp ἡγεμονία@nafpc ἐπιτρέπω@viia3p ὅτι@b σφάλλω@viap3s ὁ@dnms καῖσαρ@nnmsp στόλος@ndmsc ὁ@ddfs σικελία@andfs- προσβάλλω@vpaanms ναυμαχία@nnfsc ὁ@dgms σέξτος@ngmsp καί@cs ὁ@dgmp ὁ@dgms καῖσαρ@ngmsp μάχη@nnfsc σέξτος@ngmsp καί@cs ὁ@dgms καῖσαρ@ngmsp"
"Arg._10.25","ὅτι@b διαφέρω@viap3s ὁ@dnms καῖσαρ@nnmsp καί@cs ὁ@dnms λέπιδος@nnmsp ἧσσα@vmpa2s σέξτος@ngmsp φυγή@nnfsc σέξτος@ngmsp ὅτι@b οἶ@nnmpc ὁ@dgms λέπιδος@ngmsp αὐτομολέω@viaa3p πρός@p ὁ@dams καῖσαρ@namsp καί@b αὐτός@annms- ὁ@dnms λέπιδος@nnmsp προσέρχομαι@viaa3s αὐτός@rpdms περί@p ὁ@dgmp στρατιώτης@ngmpc στασιάζω@vppagmp καί@cs ὅπως@cs αὐτός@rpamp ὁ@dnms καῖσαρ@nnmsp μετέρχομαι@viaa3s περί@p σέξτος@ngmsp ὅσος@ananp- ἐννοέω@viia3s ὁ@dnms σέξτος@nnmsp ἀναίρεσις@nnfsc σέξτος@ngmsp"
"Arg._10.26","νίκη@nnfsp κατά@p παρθάς@ngmpp περί@p ὀρώδης@ngmsp καί@cs ὅπως@cs ἀναιρέω@vile3s περί@p παρθάς@ngfpp καί@b μῆδος@ngfpp καί@cs ὁ@dgms ἀντώνιος@ngmsp πολεμέω@vppagms αὐτός@rpdmp οἷος@annns- εἰμί@viia3s ὁ@dnns ὁ@dgfs χελώνη@ngfsc πάλαι@b σύνταγμα@nnnsc καί@cs ὅτε@cs οὗτος@rpdns ῥωμαῖος@nnmpp χράω2@vile3p"
"Arg._10.27","περί@p ὁ@dgns ἔθνος@ngnsc ὁ@dgmp παννόνιος@ngmpp οἷος@rpnmp εἰμί@vipa3p καί@cs ὅπου@b οἰκέω@vipa3p ὅτι@b δόλος@ndmsc συνέχω@viaa3s ὁ@dams ἀρμένιος@namsp ὁ@dnms ἀντώνιος@nnmsp ὅτι@b καί@b ὁ@dams ἀρμένιος@namsp καί@cs ὁ@damp ’@nampc ς@nampc αὐτός@rpgms ὁ@ddfs κλεοπάτρη@ndfsp ὁ@dnms ἀντώνιος@nnmsp χαρίζω@viam3s καί@cs ὅτι@cs ἀταπείνωτος@annmp- πρός@p αὐτός@rpafs ἐκεῖνος@rpnmp μένω@viaa3p ὅτι@b ὁ@dafs μέν@b δημοκρατία@nafsc ὁ@dnmp ῥωμαῖος@nnmpp ἀπόλλυμι@viaa3p οὔπω@b δέ@cs εἰς@p φασηλασίασα@anafs- νερός@nafsc περιίστημι@viaa3p μοναρχία@nafsc αἰτία@nnfpc διά@p ὅς@rpafp ὁ@dnms καῖσαρ@nnmsp καί@cs ὁ@dnms ἀντώνιος@nnmsp ἐχθρός@nnmpc ἀλλήλων@rpgmp γίγνομαι@viam3p ὅτι@b πολύς@ananp- ὁ@dgms ἀντώνιος@ngmsp ὁ@dnms καῖσαρ@nnmsp παρά@p ῥωμαῖος@ndmpp καταχορεύω@viaa3s καί@b ὅτι@b ὁ@dafp διαθήκη@nafpc ὁ@dgms ἀντώνιος@ngmsp λαμβάνω@vpaanms δημοσίᾳ@b ἀναγιγνώσκω@viaa3s καί@cs ἐκμαίνομαι@viaa3s κατά@p ἐκεῖνος@rpgms πᾶς@anamp- 1@ ὅπως@cs ὁ@dnfs κλεοπάτρη@nnfsp ὁ@dams ἀντώνιος@namsp δουλόω@viam3s ἤ1@b ἐκ@p γοητεία@ngfpc ἤ1@cs ἐκ@p ἔρως@ngmsc ὅτι@b ἑτοιμάζω@viie3p εἰς@p ὁ@dams κατά@p ’@p ἀλλήλων@rpgmp πόλεμος@namsc ὁ@dnms καῖσαρ@nnmsp καί@cs ὁ@dnms ἀντώνιος@nnmsp καί@b περί@p σημεῖον@ngnpc τότε@b συμβαίνω@vpaagnp"
"Arg._10.29","περί@nnfsp ὁ@dgms καλέω@vppegns γλυκύς@ngmsp λιμήν@ngmsc συνέλευσις@nnfsc ἀντώνιος@ngmsp καί@cs καῖσαρ@ngmsp ναυμαχία@nnfsc καί@cs νίκη@nnfsc ὁ@dgmp ὁ@dgms καῖσαρ@ngmsp ὅτι@b ὁ@dnfs κλεοπάτρη@nnfsp ἀπαίρω@vnaa-- εἰς@p αἴγυπτος@nafsp συμβουλεύω@viaa3s ὁ@ddms ἀντώνιος@ndmsp ωαυμαχία@nnfsc ὁ@dgmp ὁ@dgms καῖσαρ@ngmsp καί@cs ὁ@dgms 2@ ἀντώνιος@ngmsp καί@cs ὁ@dgfs κλεοπάτρη@ngfsp ἔκπλοος@ngnsc καί@cs ἀντώνιος@ngmsp αὐτός@rpdfs ἀκολουθέω@ngmsc θησις@nnfsc ἧσσα@annms- παντελής@annms- ὁ@dgms ναυτικόν@angms- ἀντώνιος@ngmsp"
"Arg._10.30","ὅτι@b μετά@p ὁ@dafs ἧσσα@nafsc ὁ@dgms ἀντώνιος@ngmsp μόναρχος@nnmsc ὁ@dnms καῖσαρ@nnmsp λογίζομαι@viie3s περί@p νικόπολις@ngfsp καί@cs περί@p ὁ@dgns φάσμα@ngnsc ὅς@rpnns πρό@p ὁ@dgfs ναυμαχία@ngfsc φαίνω@viap3s ὁ@ddms καῖσαρ@ndmsp ὅτι@b ὁ@dnfs κλεοπάτρη@nnfsp εἰς@p αἴγυπτος@nafsp γίγνομαι@vpamnfs παρασκευάζω@viie3s εἰς@p πόλεμος@namsc σύν@p ὁ@ddms ἀντώνιος@ndmsp ὅσος@ananp- ὁ@dnms καῖσαρ@nnmsp ὁ@ddfs κλεοπάτρη@ndfsp μηνύω@viaa3s μάχη@nnfsc ὁ@dgmp ὁ@dgms καῖσαρ@ngmsp καί@cs ὁ@dgms ἀντώνιος@ngmsp ὅτι@cs ἑαυτοῦ@rpams ἀποκτείνω@viaa3s ὁ@dnms ἀντώνιος@nnmsp καί@cs ὅσος@ananp- ὁ@dnfs κλεοπάτρη@nnfsp ποιέω@viaa3s ἐκεῖνος@rpgms θνήσκω@vpaagms"
"Arg._10.31","ὅπως@b ζωγρέω@viap3s ὁ@dnfs κλεοπάτρη@nnfsp ὅτι@cs ἀπέρχομαι@viaa3s πρός@p ὁ@dafs κλεοπάτρη@nafsp ὁ@dnms καῖσαρ@nnmsp καί@cs ὅτι@cs ἀπατάω@viaa3s αὐτός@rpams ἐκεῖνος@rpnfs ὡς@b φιλοψυχέω@vppanfs καί@cs ὅπως@cs ἀποθνῄσκω@viaa3s ἀσπίς@ngfsc ὡς@cs εἰκάζω@viap3s δῆγμα@ndnsc ἤ1@cs ἄλλος@andns- τις@andns- φάρμακος@ndnsc κνῆστις@nnfsc ὁ@dnfs μάχαιρα@nnfsc ὅτι@cs ὁ@dnms καῖσαρ@nnmsp ὁ@dams ὁ@dgms ἀλέξανδρος@ngmsp εἶδον@viaa3s νεκρός@namsc ὅπως@b διατίθημι@viap3p ὁ@dnmp ῥωμαῖος@nnmpp πρός@p ὁ@dams καῖσαρ@namsp ἐπανέρχομαι@vpaaams εἰς@p ῥώμη@nafsp"
"Arg._10.32","ὅσος@ananp- τότε@b ὁ@dnmp ῥωμαῖος@nnmpp νικάω@viaa3p ἔθνος@nanpc ὅτι@b ἔκτοτε@b μοναρχέω@vnpe-- ἄρχω@viam3p οἶ@nnmpc ῥωμαῖος@nnmpp ὅσος@ananp- ὁ@ddmp ἐν@p ὁ@ddfs ῥώμη@ndfsp ὁ@dnms καῖσαρ@nnmsp ποιέω@viaa3s ὅτι@b σκήπτω@viie3s ὁ@dnms καῖσαρ@nnmsp παραιτέομαι@vnpe-- ὁ@dafs μοναρχία@nafsc οἶ@dnmp δέ@b ὁ@dgfs βουλή@ngfsc ὁ@dafs σκῆψις@nafsc γιγνώσκω@vppanmp βιάζω@viia3p δῆθεν@b αὐτός@rpams μοναρχέω@vnpa-- ὅτι@b ἐπί@p δέκα@an---- ἔτος@nanpc ὁ@dafs ἀρχή@nafsc λέγω3@viia3s καταδέχομαι@vnpe-- ὁ@dnms καῖσαρ@nnmsp καί@b παρέρχομαι@vpaagfs δέ@b αὐτός@rpgfs αὖθις@b ἄρχω@viia3s εἰς@p ὁ@dans ἑξῆς@b τίς@rpans δηλόω@vipa3s ὁ@dnns αὔγουστος@nnmsp ὅθεν@b ὁ@dnfs κατοικία@nnfsc ὁ@dgmp αὐτοκράτωρ@angmp- ὀνομάζω@viap3s παλάτιον@nnnsp"
"Arg._10.33","ὅπως@b ἄρχω@viia3s ὁ@dnms καῖσαρ@nnmsp ὅτι@cs νοσέω@viaa3s ὁ@dnms αὖ@nnmsp γουστος@annms- καί@cs ὅπως@cs ἀναρρώννυμι@viap3s ὅτι@b δικτάτωρ@nnmsc ὁ@dnms καῖσαρ@nnmsp ψηφίζομαι@vpapnms ὁ@dafs κλῆσις@nafsc παραιτέομαι@viam3s"
"Arg._10.34","ὅτι@b ὁ@dams ἀγρίππας@namsp ὁ@dnms καῖσαρ@nnmsp ὁ@ddfs ἴδιος@andfs- θυγάτηρ@ndfsc ὁ@ddfs ἰουλία@andfs- συνοικίζω@vipa3s ὅσος@ananp- ὁ@dnms καῖσαρ@nnmsp ὁ@dnms αὔγουστος@nnmsp ποιέω@viaa3s διάφορος@andnp- ἔθνος@ndnpc περί@p νόμος@ngmpc θάνατος@nnmsc ἀγρίππας@nvmsp οἶος@annms- εἰμί@viia3s ὁ@dnms ἀγρίππας@nnmsp ὅπως@b ὁ@dnms καῖσαρ@nnmsp οἰκειόω@viam3s ὁ@dams τιβέριος@namsp περί@p φάσμα@ngnsc τελευτή@nnfsc ὁ@dgms δροῦσος@ngmsp 2@"
"Arg._10.35","περί@p ὁ@dgmp ἔγγονος@angmp- ὁ@dgms καῖσαρ@ngmsp"
"Arg._10.36","ὅπως@b οἶ@nnmpc ὁ@dgms καῖσαρ@ngmsp τελευτάω@viaa3p ἔγγονος@annmp- ὁπόσος@rpnfp 3@ δραχμή@nnfpc ποιέω@vipa3p νόμισμα@nansc ὅτι@b υἱοθετέω@viam3s ὁ@dams τιβέριος@namsp ὁ@dnms καῖσαρ@nnmsp καί@cs ὁ@dams γερμανικός@anams- ὅσος@ananp- ὁ@dnfs λιβία@nnfsp περί@p ὁ@dgmp ἐπιβουλεύω@vpaagmp ὁ@ddms αὔγουστος@ndmsp συμβουλεύω@viaa3s"
"Arg._10.37","ὅτι@b ὁ@dnms τιβέριος@nnmsp κατά@p ὁ@dgnp παννονικός@angnp- στέλλω@viap3s ἔθνος@ngnpc ὅτι@b νικάω@viaa3p ὁ@dnmp ῥωμαῖος@nnmpp καί@b ὁ@damp πάννοος@nampp ’@anamp- ἄν@nampc ἴον@nampc ’@nampc ς@nampc καί@cs ὁ@damp δαλμάτος@nampp ὅσος@ananp- ἐν@p ὁ@ddfs κελτικός@ndfsp ὁ@dnmp ῥωμαῖος@nnmpp πάσχω@viaa3p ὁ@dgmp βάρβαρος@ngmpc ἐπιτίθημι@vpamgmp αὐτός@rpdmp"
"Arg._10.38","περί@b ὁ@dgns τέλος@ngnsc ὁ@dgms αὔγουστος@ngmsp καῖσαρ@ngmsp ὅτι@cs ἀρχαῖος@annns- εἰμί@vipa3s ὁ@dnns ὁ@dafp σφραγίς@nafpc ὁ@dgfp διαθήκη@ngfpc ὁ@damp σφραγίζω@vpaaamp ἐπισκέπτομαι@vnpe-- οἷος@annms- εἰμί@viia3s ὁ@dnms αὔγουστος@nnmsp καῖσαρ@nnmsp περί@p ἀθηνόδωρος@ngmsp ἀνήρ@ngmsc σοφός@angms-"
"Arg._10.39","ποτέ@b τίκτω@viap3s ἐνανθρωπέω@vpaanms ὁ@dnms κύριος@nnmsc ἐγώ@rpgcp καί@cs θεός@nnmsc ἰησοῦς@ngfsp χριστός@nnmsp"
"Arg._11.1","ὅτι@cs ἀποκτείνω@viaa3s ὁ@dams ἔγγονος@namsc ὁ@dgms αὔγουστος@ngmsp 1@ ἀγρίππας@namsp ὅτι@b οἶ@b ἐν@p ὁ@ddfs γερμανία@ndfsp στρατιώτης@nnmpc ὁ@dams γερμανικός@anams- ὀνομάζω@viaa3p αὐτοκράτωρ@namsc ὁ@dnms δέ@cs λαμβάνω@vnaa-- ὁ@dafs ἀρχή@nafsc οὐ@b ἐθέλω@viaa3s οἷος@annms- εἰμί@viia3s ὁ@dnms τιβέριος@nnmsp μέχρι@cs ὁ@dnms γερμανικός@annms- περίειμι1@viia3s"
"Arg._11.2","περί@nnmsp κλήμης@ngmsp ὁ@dgms δοῦλος@ngmsc ὁ@dgms ἀγρίππου@ngmsp τελευτή@nnfsc ὁ@dgns γερμανικός@angms- καί@cs οἷος@annms- εἰμί@viia3s ὅτι@b ὁ@dgns γερμανικός@angns- τελευτάω@vpaagms ὁ@dnms τιβέριος@nnmsp ἐπί@p ὁ@dans χείρων@anansc ἀλλάσσω@vope3s ὅπως@cs ὁ@dnms δροῦσος@nnmsp ἀπόλλυμι@viam3s τελευτή@nnfsc ὁ@dgfs λιβία@ngfsp καί@b ὅπως@cs ὁ@dnms τιβέριος@nnmsp πρός@p αὐτός@rpafs διατίθημι@viap3s καί@cs ὅτι@cs ὁ@dnfs βουλή@nnfsc αὐτός@rpafs τιμάω@viaa3s καί@cs οἴη@annfs- εἰμί@viia3s ἐκεῖνος@rpnfs περί@p σειανός@ngmsp 2@b καί@b ὅπως@cs ἀπόλλυμι@viam3s"
"Arg._11.3","ὅτι@b καί@b ἀσελγής@annms- εἰμί@viia3s ὁ@dnms τιβέριος@nnmsp τελευτή@nnfsc τιβέριος@ngmsp 3@ καῖσαρ@nnmsp ὅπως@b διάκειμαι@viie3s περί@p ὁ@damp χριστιανός@nampc ὁ@dnms τιβέριος@nnmsp"
"Arg._11.4","ὅσος@ananp- καί@b ὅπως@cs ἀναλίσκω@viia3s ὁ@dnms γάιος@nnmsp ὅτι@b καί@b ἀσελγής@annms- ὁ@dnms γάιος@nnmsp εἰμί@viia3s ὅτι@b καί@b ἄστατος@anans- ἦθος@nansc ἔχω@viia3s ὅτι@cs θεόω@viie2s ἑαυτοῦ@rpams"
"Arg._11.5","περί@ndfsp κλαύδιος@ngmsp ὁ@dgms ὕστερος@anans- βασιλεύω@vpaagms ὅτι@b καί@b τις@rpanp καλός@ananp- ὁ@dnms γάιος@nnmsp πράσσω@viaa3s ὅπως@b συλλέγω@viia3s ὁ@dnms γάιος@nnmsp χρῆμα@nanpc ὅτι@b καί@b ῥήτωρ@nnmsc δοκέω@vnpa-- εἰμί@vnpa-- ἐθέλω@viia3s δεινός@annmss ὁ@dnms γάιος@nnmsp"
"Arg._11.6","ὅτι@b καί@b φόνος@nampc πολύς@anamp- ἄκριτος@b ποιέω@viia3s περί@b ἐπιβουλή@ngfsc κατά@p γαῗος@ngmsp γίγνομαι@vpamgfs περί@p πρωτογένης@ngmsp καί@cs ὁ@dgfp αὐτός@rpgms βίβλος@ngfpc"
"Arg._11.7","οἶος@anafs- μαίνομαι@viia3s μανία@anafs- ὁ@dnms γάιος@nnmsp περί@p ὁ@dgfs ὁ@dgms γαλάτης@ngmsp ἐλευθερία@ngfsc καί@cs παρρησία@ngfsc ὅτι@b αὐτός@rpams ὁ@dnms λούκιος@nnmsp εὐφυῶς@b παραλογίζομαι@viae3s ὅτι@cs ἀπαιτέω@viia3s ὁ@dnms γάιος@nnmsp ναός@nampc αὐτός@rpdms ἀνεγείρω@vnpe-- ὡς@cs θεός@ndmsc καί@cs ὁ@dams ἐν@p ἱεροσόλυμα@ndnpp ναός@namsc οἰκεῖος@anams- ὀνομάζω@viia3s περί@p ὁ@dgms πιλάτος@ngmsp ἐπιβουλή@nnfsc κατά@p γαῗος@ngmsp ἀναίρεσις@nnfsc γαῗος@ngmsp ὁράω@vmpa2s ζῆλος@namsc καί@cs παρρησία@nafsc ἀνήρ@ngmsc"
"Arg._11.8","οἷος@annms- εἰμί@viia3s ὁ@danp ἦθος@nanpc ὁ@dnms κλαύδιος@nnmsp ὅτι@cs ὁ@damp ἀπρκτοντέω@nampc ὁ@dams γαῗος@namsp κολάζω@viaa3s καί@cs ὅς@rpanp δεόντως@b ποιέω@viaa3s ὅτι@b οὐ@b δέ@b φιλοχρήματος@annms- ὁ@dnms κλαύδιος@nnmsp εἰμί@viia3s ὅτι@b ἀφθονία@nafsc σῖτος@ngmsc προνοοῦμαι@vppenms ὁ@ddmp ῥωμαῖος@ndmpp λιμήν@nampc ποιέω@viia3s ὁ@dnms κλαύδιος@nnmsp ὅτι@cs μετριόφρων@annms- εἰμί@viia3s"
"Arg._11.9","ὅτι@b φονικός@annms- γίγνομαι@viam3s ἐπιβουλή@nnfsc κατά@p κλαύδιος@ngmsp εὔστοχος@annfs- ἀπόκρισις@nnfsc καθάπτω@vppenfs ὁ@dgms ἐρωτάω@vpaagms ἄρσην@ngfsp 1@ γυνή@ngfsc καί@cs ἔργον@nnnsc καί@cs λόγος@nnmsc οἷος@rpanp ποιέω@viia3p ὁ@dnmp ὁ@dgms κλαύδιος@ngmsp ἀπελεύθερος@nnmpc καί@cs ὁ@dnfs γυνή@nnfsc στρατεία@nnfsc κλαύδιος@ngmsp κατά@p βρεττανός@ngmpp καί@cs νίκη@nnfsc περί@p ὁ@dgfs ἀκολασία@ngfsc ὁ@dgfs μεσσάλινος@ngfsp"
"Arg._11.10","ὅς@rpdms καί@cs νῦν@b ὁ@dnms λογοθέτης@nnmsc ὁ@dgms δρόμος@ngmsc περιζώννυμι@vipe3s καί@b αὖθις@b περί@p ὁ@dgfs ἀκολασία@ngfsc ὁ@dgfs μεσσάλινος@ngfsp καί@cs ὅπως@b φθείρω@viap3s ὅτι@b ὁ@dafs 3@ )@viia3p ἀγριππῖνα@nafsp ὁ@dnms κλαύδ@nnmsp ιος@b γαμέω@viam1p ἀδελφιδῆ@nafsc αὐτός@rpgms εἰμί@vppaafs ψήφισμα@ngnsc παρά@p ὁ@dgfs βουλή@ngfsc γίγνομαι@vpamgns ἔξεστι@vnpa-- ἀδελφιδῆ@ngfsc 4@ καί@cs ῥωμαῖος@ndmpp γαμέω@vnpa-- οἷος@annfs- εἰμί@viia3s ὁ@dnfs ἀγριππῖνα@nnfsp ὅτι@b αὔγουστος@nnmsp ὁ@dafs ἀγριππῖνα@nafsp ὁ@dnms κλαύδιος@annms- ὀνομάζω@viaa3s καί@cs ὁ@dams υἱός@namsc αὐτός@rpgfs εἰσποιέω@viam3s"
"Arg._11.11","αἰτία@nnmpp διά@p ὅς@rpafp ἐπιβουλεύω@viaa3s ὁ@ddms κλαύδιος@ndmsp ὁ@dnfs ’@dnfs αγριππῖνα@nnfsp τελευτή@nnfsc κλαύδιος@ngmsp ἔργον@nnnsc ἀξιάγαστος@annns- περί@p σημεῖον@ngnpc περί@p θευδᾶς@namsp καί@cs σίμων@ngmsp ὁ@dgms μάγος@ngmsc περί@p ὁ@dgms ἀπόστολος@angms- πέτρος@ngmsp καί@cs ὅπως@cs ὁ@dnns κατά@p μάρ@namsp -@namsc κόος@anams- εὐαγγέλιον@nnnsc ἐκδίδωμι@viap3s ὅτι@cs ὁ@dnfs ἀγριππῖνα@nnfsp ὁ@dafs διός@anafs- -@angfs- κησιν@nafsc ποιέω@viie3s ὁ@dgnp κοινός@angnp- 1@"
"Arg._11.12","ὅτι@cs καί@b πολυδάπανος@annms- εἰμί@viia3s ὁ@dnms νέρων@nnmsp ὅτι@b φάρμακος@ndmsc ἐκτείνω@viaa3s ὁ@dams βρεττανικός@namsp ὁ@dnms νέρων@nnmsp ὅτι@b καί@b ὁ@dafs μήτηρ@nafsc αὐτός@rpgms ὁ@dnms νέρων@nnmsp ἀποκτείνω@viaa3s ὅτι@b καί@b ὁ@dafs γυνή@nafsc αὐτός@rpgms ἀποπέμπω@viam3s εἶτα@b καί@cs ἀναιρέω@viaa3s ὅσος@ananp- ποιέω@viia3s ὁ@dnms νέρων@nnmsp ἔκπληκτος@b καί@cs μιαρός@b"
"Arg._11.13","ὅτι@b πρῶτος@annms- ὁ@dnms νέρων@nnmsp ὁ@dgms κατά@p χριστιανός@ngmpc ἄρχω@viam3s διωγμός@ngmsc καί@cs ὅτι@cs ὁ@damp ἀπόστολος@nampc ἀποκτείνω@viaa3s πέτρος@namsp καί@cs παῦλος@namsp καί@cs περί@p ἀρχιέρεως@ngmpc ὁ@dgfs ῥώμη@ngfsp ἀποστασία@nnfsc ἀποστασία@nnfsc κατά@p νέρων@ngmsp ἀναίρεσις@nnfsc νέρων@ngmsp"
"Arg._11.14","ὅτι@b υἱοθετέω@viam3s ὁ@dnms γάλβας@nnmsp ὁ@dams πείσων@namsp καί@cs ὁ@dnms ὄθων@nnmsp ἐπιβουλεύω@viaa3s ὁ@ddms γάλβα@ndmsp ἀναίρεσις@nnfsc γάλβας@ngmsp"
"Arg._11.15","περί@b ὁ@dgms ψευδονέρων@ngmsp ὅτι@b ὁ@dnmp ὁ@dgms ὄθων@ngmsp ὁ@ddms οὐιτέλλιος@ndmsp προσβάλλω@vpaanmp ἡσσάομαι@viap3p ὅτι@b οἶ@i ὁ@ngmsc καί@b πάλιν@b ἡσσάομαι@viap3p ἀνάρρησις@nnfsc οὐιτέλλιος@ngmsp καῖσαρ@ngmsp"
"Arg._11.16","οἷος@annms- εἰμί@viia3s οὐιτἐλιος@nnmsp ὅπως@cs οὐεσπασιάνος@nnmsp 3@ ἐπανίστημι@viaa3s οὐεσπασιάνος@ngmsp καῖσαρ@ngmsp ἀναγόρευσις@nnfsc ὅθεν@b ὁ@dnms ἰώσηπος@nnmsp προεῖπον@viaa3s ὁ@ddms οὐεσπασιάνος@ndmsp ὡς@cs ἄρχω@vsaa3s ὅπως@b καί@b παρά@p τίς@rpgmp ὁ@dnms οὐιτἐλιος@nnmsp ἀναιρέω@viap3s"
"Arg._11.17","ὅτι@cs ὁ@dnms οὐεσπασιάνος@nnmsp αὐτοκράτωρ@nnmsc καί@b παρά@p ὁ@dgfs βουλή@ngfsc ἀνεῖπον@viap3s καί@cs ὅτι@cs ὁ@dnms μουκιανὸς@annms- διοικέω@vppanms εἰμί@viia3s ὁ@danp πρᾶγμα@nanpc ὅσος@ananp- ὁ@dnms οὐεσπασιάνος@nnmsp ἐν@p ἀλεξάνδρεια@ndfsp καί@b ἀλλαχοῦ@b ποιέω@viaa3s ὅσος@ananp- ἐν@p ὁ@ddfs ῥώμη@ndfsp γε@b γίγνομαι@vppenms ποιέω@viia3s ὅτι@b θριαμβεύω@viaa3p ἐπί@p ὁ@ddfs ἅλωσις@ndfsc ὁ@dgfs ἱερουσαλήμ@ngfsp οὐεσπασιάνος@nnmsp καί@cs ὁ@dnmp παῖς@nnmpc αὐτός@rpgms τελευτή@nnfsc οὐεσπασιάνος@ngmsp οἶος@annms- εἰμί@viia3s ὁ@dnms τίτος@nnmsp 1@"
"Arg._11.18","περί@ndfsp ὁ@dgms ψευδονέρων@ngmsp περί@p ὁ@dgns βεσβίος@angns- ὄρος@ngnsc καί@b ὁ@dgns ἐκ@p αὐτός@rpgns ἀναδίδωμι@vppegns πῦρ@ngnsc καί@cs ὁ@dgmp ἐν@p αὐτός@rpdns γίγνομαι@vpamgnp ἐπί@p τίτος@ngmsp οἷος@anamp- ἀγών@nampc ὁ@dnms τίτος@nnmsp ποιέω@viaa3s περί@p ἀρχιέρεως@ngmpc ὁ@dgfs ῥώμη@ngfsp τελευτή@nnfsc τίτος@ngmsp"
"Arg._11.19","οἷος@annms- εἰμί@viia3s ὁ@dnms δομετιανός@nnmsp ὅτι@b καί@b θεός@nnmsc ἐθέλω@viia3s νομίζω@vnpe-- ὅτι@cs ἀναρίθμητος@anamp- κολάζω@viaa3s ὅτι@b μισέω@viap3s παρά@p πᾶς@angmp- ὁ@dnms δομετιανὸς@nnmsp καί@cs ἐπιβουλεύω@viap3s περί@p ὁ@dgmp προλέγω@vpaagmp ὁ@dams ὄλεθρος@namsc αὐτός@rpgms ἀναίρεσις@nnfsc δομετιανὸς@ngmsp ὅτι@cs ἀπολλώνιος@nnmsp ὁ@dnms τυανεύς@nnmsp ἐν@p ἐφέσω@ngmsp εἰμί@vppanms γιγνώσκω@viaa3s ὁ@dafs ὁ@dgms δομετιανὸς@ngmsp σφαγή@nafsc περί@p ἀρχιέρεως@ngmpc ὅτι@b καί@b ὁ@dnms δομετιανὸς@nnmsp διωγμός@namsc κινέω@viaa3s κατά@p χριστιανός@ngmpc καί@cs ὁ@dams θεόλογος@namsc ἰώαννης@namsp περιώρισα@viaa3s ἐν@p πάτμος@ndfsp περί@p ὁ@dgmp ἐκ@p γένος@ngnsc δαβίδ@ngmsp ὁ@dgms κύριος@ngmsc συγγενής@angmp-"
"Arg._11.20","ὅτι@b ἐπανέρχομαι@viaa3s ὁ@dnms θεόλογος@nnmsc ἀπό@p ὁ@dgfs ὑπερορία@ngfsc περί@p πατριαρχής@ngmpc ὅτι@cs ὁ@dams τραιανός@namsp υἱοθετέω@viam3s καί@b καῖσαρ@namsp ἀναλέγω@viaa3s ὁ@dnms νερούας@nnmsp"
"Arg._11.21","οἷος@annms- εἰμί@viia3s ὁ@dnms τραιανός@annms- ὁ@damp τρόπος@nampc ὅτι@b πολεμέω@viaa3s ὁ@damp δάκος@nampp καί@cs νικάω@viaa3s εἶτα@b κατατίθημι@vpamdmp ὁ@danp ὅπλον@nanpc σπένδω@viam3s αὐτός@rpdmp ὅτι@b οὐ@b ἐμμένω@viaa3p ὁ@dnmp δάκνω@nnmpp ὁ@ddfp ὁμολογία@ndfpc αὐτός@rpgmp καί@cs ὅτι@cs στρατεύω@ngmsc σαντος@nnmsc αὖθις@b κατά@p ὁ@dgms τραιανός@ngmsp ἐπιχειρέω@viaa3p δόλος@ndmsc αὐτός@rpams ἀναιρέω@vnaa-- γιγνώσκω@viap3p δέ@b καί@cs ἡσσάομαι@vpapnmp δουλεύω@viap3p ῥωμαῖος@ndmpp ὅπως@b ὁ@dnms βασιλεύς@nnmsc ὁ@dgmp δάκνω@ngmpp ὁ@damp θησαυρός@nampc αὐτός@rpgms κρύπτω@viaa3s ὅπως@b ὁ@ddmp φίλος@andmp- πιστεύω@viia3s ὁ@dnms τραιανός@annms- ὅτι@b ὁ@dgfs ἀρμενία@ngfsp κρατέω@viaa3s ὁ@dnms τραιανός@nnmsp"
"Arg._11.22","ὅσος@ananp- ῥωμαῖος@ndmpp ὑποτάσσω@viaa3s κατά@p παρθάς@namsp στρατός@nanpc τεύω@vpaanms καί@cs ὅθεν@b ἔχω@viaa3s ὁ@dafs ἐπωνυμία@nafsc ὁ@dnfs ἐρυθρός@annfs- θάλασσα@nnfsc περί@p ἰουδαῖος@ngmpp περί@p πατριαρχής@ngmpc"
"Arg._11.23","οἶος@annms- εἰμί@viia3s ὁ@dnms ἀδριανός@annms- ὅτι@b χρεοκοπία@nafsc ὁ@dnms ἀδριανὸς@nnmsp κηρύσσω@viaa3s ὅτι@b ἐν@p παλαιστίνη@ndfsp πόλις@nafsc ἀντί@p ὁ@dgfs ἱερουσαλήμ@ngfsp ὁ@dnms ἀδριανὸς@nnmsp οἰκοδομέω@viaa3s αἰλία@nafsp καλέω@vpaanms αὐτός@rpafs περί@p ὁ@dgfs κατά@p 1@ ἀδριανός@ngmsp ὁ@dgmp ἰουδαῖος@ngmpp ἐπανάστασις@ngfsc"
"Arg._11.24","περί@p ἀλβανός@ngfpp καί@cs ὅτι@cs μασσαγέται@nnmpp εἰμί@vipa3p περί@p σευηριανός@ngmsp οἷος@rpnms ὁ@dnms τούρβων@nnmsp εἰμί@viia3s καί@cs οἷος@rpnms ὁ@dnms σίμιλις@nnmsp ὅτι@b ὁ@dams αντωνῖνος@namsp ὁ@dnms ἀδριανὸς@nnmsp προέχω@vipa3s ρίζω@viam3s αὐτοκράτωρ@namsc τελευτή@nnfsc ἀδριανός@ngmsp περί@p πατριαρχής@ngmpc περί@p ἰουδαῖος@ngmpp περί@p αἱρεσιάρχης@vppanms περί@p ἰουστῖνος@ngmsp ὁ@dgms φιλόσοφος@ngmsc καί@cs μάρτυς@nnmsc"
"Arg._12.1","διά@p τίς@rpans εὐσεβής@annms- ἐπικαλέω@viap3s ὁ@dnms ἀντωνῖνος@nnmsp νομοθεσία@nnfsc αὐτός@rpgms τελευτή@nnfsc ἀντωνίνος@ngmsp περί@p πατριαρχής@ngmpc περί@p ἰουστῖνος@ngmsp ὁ@dgms φιλόσοφος@ngmsc καί@cs μάρτυς@nnmsc ὅτι@b δόγμα@nansc ὁ@dnms ἀντωνῖνος@nnmsp ἐκτίθημι@viam3s μηδείς@anams- χρι@ndmsc στιανός@anans- διά@p ὁ@dafs πίστις@nafsc κολάζω@vnfm-- 2@"
"Arg._12.2","μάρκος@ngmsp ἀντωνίνος@ngmsp πόλεμος@nnmpc 3@ πρός@p διάφορος@ananp- ἔθνος@nanpc περί@p ὁ@dgns ἔντευξις@ndmpc χριστιανός@ngmpc πρός@p ὁ@dams θεός@namsc γίγνομαι@vpamgns θαῦμα@ngnsc ἐν@p ὁ@ddns ῥωμαῖος@andns- στρατόπεδον@ndnsc"
"Arg._12.3","ἀποστασία@nnfsp κατά@p μάρκος@ngmsp ἀντωνίνος@ngmsp νομοθεσία@nnfsc 4@ ὅτι@cs ὁ@dnms βασιλεύς@nnmsc οὗτος@annms- ἐν@p ἀθῆναι@ndfpp διδάσκαλος@nampc τάσσω@viaa3s ὁ@dgmp λόγος@ngmpc ἐκ@p ὁ@dgns δημόσιος@angms- ταμιεῖον@ngnsc μισθός@namsc λαμβάνω@vppaamp τελευτή@nnfsc μάρκος@ngmsp ἀντωνίνος@ngmsp περί@p μάρτυς@nnmsc περί@p πατριαρχής@ngmpc"
"Arg._12.4","οἷος@annms- εἰμί@viia3s ὁ@danp ἦθος@nanpc ὁ@dnms κόμοδος@nnmsp ὅτι@b πρός@p πολκατ@ananp- ’@ananp- λοός@andnp- ἄλλος@rpdnp καί@b ὁ@dafs οἰκεῖος@anafs- γυνή@nafsc ἀναιρέω@viaa3s ὁ@dnms κόμοδος@nnmsp περί@p πόλεμος@ngmpc γίγνομαι@vpamgmp ἐπί@p κομόδους@ngmsp περί@p περέννιον@ngmsp ὁ@ καί@cs ὅπως@cs ἐκδίδωμι@viap3s ὁ@ddmp στρατιώτης@ndmpc οἷος@annmp- εἰμί@viia3p ὁ@dnmp καισάρειος@nnmpp καί@cs οἷος@ananp- ποιέω@viia3p ὅπως@b ὁ@dnms κλέανδρος@nnmsp ὑπό@p ὁ@dgms δῆμος@ngmsc διαφθείρω@vile3s ὅτι@b φονικός@annmss εἰμί@viia3s ὁ@dnms κόμοδος@nnmsp"
"Arg._12.5","ὁ@rpanp ὁ@dgms κομόδους@ngmsp ἐπίταγμα@ananp- ὅτι@b ἱππηλατέω@viia3s καί@cs πολεμέω@viia3s ὁ@dnms κόμοδος@nnmsp καί@cs ὅτι@cs ὠμός@annmss εἰμί@viia3s ὁ@dnfs ῥάβδος@nnfsc ὁ@dgms κῆρυξ@ngmsc ἀναίρεσις@nnfsc κομόδους@ngmsp περί@p πατριαρχής@ngmpc"
"Arg._12.6","οἷος@angns- γένος@ngnsc εἰμί@viia3s ὁ@dnms περτίναξ@nnmsp ὅπως@b διατίθημι@viap3s περί@p ὁ@danp πρᾶγμα@nanpc ὁ@dnms περτίναξ@nnmsp καί@cs ὁ@damp ῥωμαῖος@nampp ὅτι@cs ὁ@dnms περτίναξ@nnmsp ὁ@dams παρά@p ὁ@dgmp στρατιώτης@ngmpc αὐτοκράτωρ@namsc μέλλω@vppaams γίγνομαι@vnam-- οὐ@b κολούω@viaa3s"
"Arg._12.7","στάσις@nnfsp ὁ@dgms δῆμος@ngmsc πρός@p ὁ@dams ἰουλιανός@namsp περί@p σευήρ@ngmsp καί@b νίγρος@ngmsp καί@cs ἀλβῖνος@ngmsp στασιάζω@vpaagmp κατά@p ἰουλιανός@ngmsp περί@p ὁ@dgms εἰς@p ρώμη@nafsp ἀθήναιος@angms- τόπος@ngmsc καί@cs ὅπως@cs οὕτως@b ὀνομάζω@viap3s"
"Arg._12.8","ὅσος@ananp- ὁ@dnms σευήρ@nnmsp ὑπισχνέομαι@viam3s καί@cs οὐ@b πληρόω@viaa3s οὗτος@rpanp οἷος@ananp- πρό@p 2@an---- ὁ@dgfs βασίλεια@ngfsc σημεῖον@nnnpc ὁ@ddms σευῆρος@ndmsp γίγνομαι@viam3p ὁ@dafs ἀρχή@nafsc αὐτός@rpdms προσημαίνω@vppaanp ὅτι@b ὁ@ddms νίγρος@ndmsp πολεμέω@vpaanms νικάω@viaa3s καί@cs νίγρος@nnmsp ἀναιρέω@viap3s περί@p ὁ@dgns βυζάντιος@ngnsp ὅτι@cs ἐπί@p τριετία@ndfsc πολιορκέω@vppeams ἁλίσκομαι@viaa3s ὅτι@b πειρίνθιος@ndmpp ὁ@dnms σευήρ@nnmsp ὑποτίθημι@viam3s ὁ@dans βυζάντιοv@nansp"
"Arg._12.9","πόλεμος@nnmpp ῥωμαλέος@ngmpp πρός@p ἔθνος@nanpc διάφορος@ananp- ὅτι@b πόλεμος@nnmsc συμπήγνυμι@viap3s ὁ@ddms σευῆρος@ndmsp καί@cs ὁ@ddms ἄλβινος@ndmsp καί@cs ὁ@dnms ἀλβῖνος@nnmsp ἡσσάομαι@viap3s ὅτι@b κατά@p παρθάς@ngfpp ὁ@dnms σευῆ@nnmsp -@ngmsc ρος@nnmsc στρατεύω@viaa3s καί@cs πόλις@nafpc αἱρέω@viaa3s ὅτι@cs πολυπράγμων@annms- εἰμί@viia3s ὁ@dnms σευήρ@nnmsp περί@p ὁ@dgms νεῖλος@ngmsp περί@p πλαυτιανὸς@ngmsp καί@b ὁ@dgfs αὐτός@rpgms ἀπληστία@ngfsc καί@cs δυναστεία@ngfsc καί@b ὅπως@b ἀπόλλυμι@viam3s περί@p ὁ@dgms ἀρχιλῃστός@ngmsc φήλικος@nnmsp 1@b ὅτι@cs εἰς@p ὁ@dafs βρεττανία@nafsp ὁ@dnms σευήρ@nnmsp στρατεύω@viaa3s καί@b περί@p βρεττανός@ngmpp καί@cs ὁ@dgmp ἦθος@ngfpc αὐτός@angmp- ὅσος@anans- ὁ@dans μῆκος@nansc καί@cs ὁ@dnns πλάτος@nnnsc ὁ@dgfs βρεττανία@ngfsp ὅτι@cs ὁ@dnms υἱός@nnmsc αὐτός@rpgms ἀντωνῖνος@nnmsp ἐπιβουλεύω@viaa3s ὁ@ddms πατήρ@ndmsc καί@cs ὁ@ddms ἀδελφός@ndmsc τελευτή@nnfsc σευήρ@ngmsp"
"Arg._12.11","περί@nnmsp ὀριγένης@andfp- τις@rpnnp εἰμί@vipa3p ὁ@dnnp ἑξαπλόος@annnp- ωριγένης@ngnsp περί@p πατριαρχής@ngmpc"
"Arg._12.12","ὅπως@b ἀναιρέω@viaa3s γέτας@namsp ὁ@dams αὐτός@rpgms ἀδελφός@namsc ὁ@dnms ἀντωνῖνος@nnmsp ὅτι@b καί@b ἄπιστος@annms- εἰμί@viia3s ὅθεν@b ὀνομάζω@viap3s καράκαλος@nnmsp ἀναίρεσις@nnfsc ἀντωνίνος@ngmsp"
"Arg._12.13","περί@b ἰουλία@ngfsp ὁ@dgfs μήτηρ@ngfsc ἀντωνίνος@ngmsp καί@cs ὅπως@cs τελευτάω@viaa3s ἐπιβουλή@nnfsc κατά@p μακρῖνος@ngmsp ἀναίρεσις@nnfsc μακρῖνος@ngmsp"
"Arg._12.14","ὅτι@b οὐ@b μόνος@anans- εἰμί@viia3s ἀσελγής@annmss ἀλλά@cs καί@b ἀσεβής@annmss καί@b πρός@p ὁ@dafs ἑαυτοῦ@rpgms θρησκεία@nafsc οἶος@annfs- ὁ@dnms ευδαντωνῖνος@annms- ποιέω@viia3s πᾶς@anafs- ἀσέλγεια@nafsc ὑπερβάλλω@vppaams ὅτι@cs ὁ@dams ἐξάδελφος@namsc αὐτός@rpgms βασιανὸς@namsp υἱοθετός@nnfsc σατοὶ@vmpe2s ἀλέξανδρος@namsp μετονομάζω@vpaanms αὐτός@rpams ἀναίρεσις@nnfsc ὁ@dgms ψευδαντωνῖνος@ngmsp περί@p πατριαρχής@ngmpc"
"Arg._12.15","περί@p στάσις@ngfpc μέσος@anans- ὁ@dgms δῆμος@ngmsc καί@b ὁ@dgmp στρατιώτης@ngmpc γίγνομαι@vpamgmp ὅπως@b ὁ@dnms ἀλέξανδρος@nnmsp ὑπό@viaa3s τάσσω@viie3s ὁ@ddfs μήτηρ@ndfsc ὅπως@cs ὁ@ddmp πέρσης@ndmpp αὖθις@b ὁ@dnfs βασίλεια@nnfsc περιέρχομαι@vira3s καταλύω@vpapnfs παρά@p ἀλεξάν@namsp δόρπον@ngmsc ὁ@dgms μακεδών@ngmsp οἶος@ananp- ὁ@dnmp πέμπω@vpapnmp παρά@p ἀρταξέρξης@ngmsp εἶπον@viaa3p καί@b ὅπως@b αὐτός@rpdmp χράω2@viam3s ὁ@dnms βασιλεύς@nnmsc -@nn-sc βασιλεύς@nnmsc οὗτος@annms- καί@cs ὅπως@cs ὁ@ddmp πέρσης@ndmpp πολεμέω@viaa3s ὅτι@b καί@b ὁ@ddmp γερμανός@ndmpp μάχομαι@viam3s ἀνάρρησις@nnfsc μαξιμῖνος@ngmsp ἀναίρεσις@nnfsc ἀλέξανδρος@ngmsp ὅτι@b ὁ@dnfs μαμαία@nnfsp χριστιανός@nnfsc γίγνομαι@vira3s περί@p ἀρχιέρεως@ngmpc"
"Arg._12.16","αἰτία@nnfsp διά@p ὅς@rpafs ὁ@dnms μαξιμῖνος@nnmsp διωγμός@namsc κατά@p χριστιανός@ngmpc κινέω@vira3s ὅτι@b κατά@p γερμανός@ngmpp ἐκστείχω@viia3s τεύω@vpaanms ὁ@dnms μαξιμῖνος@nnmsp νικάω@viaa3s ὅτι@cs δύο@an---- στρατηγός@nampc ἤ1@cs καῖσαρ@nampp ὁ@dnfs βουλή@nnfsc προβάλλω@viam3s κατά@p μαξιμῖνος@ngmsp ἀναίρεσις@nnfsc μαξιμῖνος@ngmsp καί@cs ὁ@dgms υἱός@ngmsc αὐτός@rpgms"
"Arg._12.17","περί@nnmsp πατριαρχής@vppanms"
"Arg._12.19","στάσις@nnmsp κατά@p φίλιππος@ngmsp περί@p δεκέλιος@ngmsp καί@cs ὅπως@cs παρά@p ὁ@dgmp στρατιώτης@ngmpc ἀναγκάζω@viap3s δέχομαι@vnam-- ὁ@dafs βασιλεία@nafsc ἀναίρεσις@nnfsc φίλιππος@ngmsp"
"Arg._12.20","περί@b μάρτυς@ngmpc περί@p πατριαρχής@ngmpc περί@p ὁ@dgns ὠριγένους@ngnsp καί@cs ὁ@dgnp αὐτός@rpgms διάστροφος@angnp- δόγμα@ngnpc περί@p ναυάτης@ngmsp ἐπιστολή@nnfsc διονύσιος@ngmsp ἐπίσκοπος@angms- ἀλεξάνδρεια@ngfsp περί@p ὁ@dgfs ὁ@dgms δεκέλιος@ngmsp τελευτή@ngfsc"
"Arg._12.21","ὅτι@b καί@b ὁ@dnms γάλλος@nnmsp διωγμός@namsc ἐπαγείρω@viaa3s κατά@p χριστιανός@ngmpc ἔθνος@ngnpc κίνησις@nnfpc καί@cs χώρα@ngmpc πλεῖστος@angnp- καταδρομή@nnfpc καί@cs φθορά@nnfsc πολυπληθὴς@annfs- ἐκ@p λοιμός@ngmsc ὅπως@b αἰμιλιανὸς@nnmsp ὁ@dafs αὐταρχία@nafsc ἁρπάζω@viaa3s ἀναίρεσις@nnfsc γάλλος@ngmsp"
"Arg._12.22","ἀναίρεσις@nnfsp αἰμιλιανὸς@ngmsp περί@p πατριαρχής@ngmpc"
"Arg._12.23","ὅτι@b ὑπό@p πέρσης@ngmpp λαμβάνω@viap3s οὐαλεριανός@nnmsp 1@b ὅτι@cs αἱρέω@viaa3p ὁ@dnmp πέρσης@nnmpp πόλις@nafpc πολύς@anafp- καί@cs πλῆθος@nansc αἰχ@ngmpc -@dgmp μάλεος@vpragmp καί@cs ὅπως@b αὐτός@rpdnp χράω2@vile3p ὅπως@cs ἁλίσκομαι@viaa3s ὁ@dnfs καισάρεια@nnfsp ὅτι@b ἐπιτίθημι@viam3p ὁ@ddmp πέρσης@ndmpp ῥωμαῖος@nnmpp ἀθρόος@anans- καί@b πολύς@anamp- αὐτός@rpgmp ἀναιρέω@viaa3p καί@cs παλλακή@nafpc ὁ@dgms σάπωρ@ngmsp αἱρέω@viaa3p περί@p πατριαρχής@ngmpc"
"Arg._12.24","ὅσος@andnp- ἔθνος@ndnpc πολεμέω@viaa3s περί@p αὐριόλου@ngmsp καί@cs περί@p ἰγγνούας@ngmsp τυραννίς@ndfsc ἐπιχειρέω@vpaagms περί@p ὁ@dgfs ἐπανάστασις@ngfsc ποστούμος@ngmsp μάχη@nnfsc πρός@p ποστοῦμος@namsp καί@cs ἧσσα@nnfsc αὐτός@angms- ὅτι@b τυραννεύω@viaa3s ὁ@dnms μακρῖνος@nnmsp ὅτι@cs ὁ@dams αὐρίολος@namsp πέμπω@viaa3s κατά@p μακρῖνος@ngmsp ὁ@dnms γαλιῆν@nnmsp καί@cs ὅπως@cs ὁ@dnmp ὁ@dgms μακρῖνος@ngmsp ὁ@ddms βασιλεύς@ndmsc προσέρχομαι@viaa3s χωρέω@viaa3p ἀναίρεσις@nnfsc μακρῖνος@ngmsp καί@cs μακριανὸς@ngmsp ἦττα@b 2@i κύϊντος@ngmsp καί@cs ἀναίρεσις@nnfsc ὅπως@cs ὁ@dnms ὠδέναθος@nnmsp ἀναιρέω@viap3s"
"Arg._12.25","ὅτι@b καί@b ὁ@dnms αὐρίολος@nnmsp τυραννίς@ndfsc ἐπιχειρέω@vila3s ἄν@b ὅτι@b μικρός@angns- ἁλίσκομαι@viaa3s ἄν@b ὁ@dgms βασιλεύς@ngmsc ὁ@dnfs γαμετή@nnfsc ἕτερος@annfs- ἐπιβουλή@nnfsc κατά@p γαλιήνος@ngmsp καί@cs ἀναίρεσις@nnfsc αὐτός@rpgms οἷος@annms- εἰμί@viia3s ὁ@damp τρόπος@nampc ὁ@dnms γαλιῆν@nnmsp περί@p πατριαρχής@ngmpc"
"Arg._12.26","περί@nvfsp θεσσαλονίκη@nafpp ὅτι@b καί@b ὁ@dnms πατριαρχής@vppanms παρά@p ὁ@dgfs σύγκλητος@ngfsc βασιλεύς@nnmsc ἀνεῖπον@viap3s"
"Arg._12.27","ὅτι@b οὗτος@rpnms διωγμός@namsc κατά@p χριστιανός@ngmpc ἐγείρω@vnaa-- μελετάω@viia3s ὅσος@ananp- ὁ@dnms βασιλεύς@nnmsc οὗτος@annms- στρατηγέω@viaa3s ἀναίρεσις@nnfsc αὐρηλιανός@ngmsp"
"Arg._12.28","πόλεμος@nvmsp κατά@p σκύθης@ngmpp ἀναίρεσις@nnfsc τάκιτος@ngmsp"
"Arg._12.29","ἀναίρεσις@nnfsp φλωριανὸς@ngmsp μοναρχία@nnfsc πρόβος@ngmsp 3@ngmsc ἀποστασία@nnfpc 4@ κατά@p πρόβος@ngmsp κάρος@ngmsp ἐπανάστασις@nnfsc"
"Arg._12.30","ἐκστρατεία@nnfsp ὁ@dgms κάρος@ngmsp κατά@p πέρσης@ngmpp καί@cs νίκη@nnfsc καί@b κατά@p σαρμάς@ngmpp τελευτή@nnfsc κάρος@ngmsp αὐταρχία@nnfsc νουμεριανὸς@ngmsp ὁ@dgms υἱός@ngmsc αὐτός@rpgms καί@cs ἀναίρεσις@nnfsc περί@p ὁ@dgms αἱρεσιάρχης@ngmsc μαίνομαι@ngmsp περί@p πατριαρχής@ngmpc"
"Arg._12.31","ὅτι@b μαξιμιανός@namsp ὁ@dams ἑρκούλιος@namsp ὁ@dnms διοκλητιανὸς@annms- κοινωνός@namsc προσλαμβάνω@vila3s ὁ@dgfs βασίλεια@ngfsc καί@b περί@p ὁ@dgms διωγμός@ngmsc ὅς@rpams οὗτος@rpnmp ποιέω@viaa3p ὅτι@b πόλις@ngfpc τις@angfp- ἀφεστήξω@vppagfp ὁ@dnms διοκλητιανὸς@annms- αὖθις@b οὗτος@rpafp ὑποτάσσω@viaa3s ὅτι@b ὁ@damp γαμβρός@nampc αὐτός@rpgmp καί@b ἄμφω@b 5@an---- ὁ@dnmp βασιλεύς@nnmpc καῖσαρ@nampp ποιέω@vira3p ὅτι@cs ὁ@ddmp ἀλαμανός@ndmpp 1@ ὁ@dnms κώνστας@nnmsp μάχομαι@vpamnms ἐν@p εἷς@ ἡμέρα@ndfsc καί@b ἡσσάομαι@viap3s καί@cs νε@nvmsc νικάω@viaa3s ὅτι@cs ναρσῆς@ngmsp ὁ@dgms πέρσης@ngmpp βασιλεύς@ngmsc λεητουτέω@vppagms ὁ@damp ὑπήκους@anamp- ῥώμη@ngfsp ὁ@dnms γαλλέριος@annms- πολεμέω@viaa3s καί@cs πρῶτος@anans- μέν@b ἡσσάομαι@viae3s εἶτα@b δέ@cs περιφανής@anafs- νίκη@nafsc ὅτι@b ὑπερφρονέω@vpaanms ὁ@dnms διοκλητιανὸς@nnmsp προσκυνέω@vnpe-- ἀπαιτέω@viaa3s καί@cs λίθος@nampc καί@cs μαρ@nampc γάρος@nampc ἑαυτοῦ@rpdms περιτίθημι@viam3s"
"Arg._12.32","ὅπως@b ἀποτίθημι@vpamnmp ὁ@dafs ἀρχή@nafsc καί@b ἄμφω@annmd- οὗτος@rpnmp οἶ@dnmp τύραννος@nnmpc ἰδιωτεύω@viaa3p ὅτι@b ἐπί@p ὁ@ddfs νίκη@ndfsc ὁ@ddfs κατά@p πέρσης@ngmpp θριαμβεύω@viaa3p ὅθεν@b καλέω@viap3s θρίαμβος@nnmsc ὅτι@b ὁ@dnmp καῖσαρ@nnmpp γίγνομαι@vira3p αὐτοκράτωρ@nnmpc καί@cs ἐν@p ὁ@ddfs ῥώμη@ndfsp παρά@p ὁ@dgmp στρατιώτης@ngmpc βασιλεύς@nnmsc ρέομαι@viap3s μαξέντιος@nnmsp οἶος@annms- εἰμί@viia3s ἕκαστος@annms- ὁ@damp τρόπος@nampc ὁ@dgmp βασιλεύς@ngmpc οὗτος@angmp-"
"Arg._12.33","περί@b γυνή@ngfsc κόσμιος@angfs- διά@p σωφροσύνη@nafsc ἑαυτοῦ@rpafs διαχειρίζω@vpaegfs περί@p ὁ@dgfs τελευτή@ngfsc διοκλητιανὸς@ngmsp καί@cs μαξιμιανός@ngmsp τελευτή@nnfsc κώνστας@ngmsp ἀνάρ@i ρησις@nnfsc ὁ@dgns μέγας@angns- τίς@rpans ὅτι@cs ἐκ@p ἀποκαλύπτω@angfs- ψις@ngfsc ὁ@dnms κώνστας@nnmsp ὁ@dams μέγας@anams- κωνσταντῖνος@namsp βασιλεύω@viia3s σύ@nansc ὅτι@b ὁμηρεύω@vppanms παρά@p γαλλέριος@ndmsp ὁ@dnms κωνσταντῖνος@nnmsp ἐπιβουλεύω@viie3s παρά@p ἐκεῖνος@rpgms"
"Arg._12.34","τελευτή@nnfsp μαξιμῖνος@ngmsp περί@p πατριαρχής@ngmpc"
"Arg._13.1","περί@p ὁ@dgfs ἅγιος@angfs- ἑλένη@ngfsp ἐκστρατεία@nnfsc ὁ@dgms μέγας@angms- κωνσταντῖνος@ngmsp κατά@p μαξέντιος@ngmsp περί@p ὁ@dgms φαίνω@vpapgms ὁ@ddms μέγας@andms- κωνστάντιος@ndmsp διά@p ἀστήρ@angnp- σταυρός@ngmsc καί@cs ὅπως@cs ἀπόλλυμι@viam3s ὁ@dnms μαξέντιος@nnmsp ὅτι@b καί@b ὁ@dgfs ρώμη@ngfsp καί@cs ὁ@dgfs ἰταλία@ngfsp κρατέω@viaa3s ὁ@dnms μέγας@annms- κωνσταντῖνος@nnmsp ὅτι@b κατά@p λικίνιος@ngmsp ἐκστρατεύω@vpaanms ὁ@dnms μέγας@annms- κωνσταντῖνος@nnmsp νικάω@viaa3s εἰς@p δέ@b θεσσαλονίκη@nafsp αὐτός@rpams περιώρισα@viaa3s ἔνθα@b καί@b ἀναιρέω@viap3s περί@p ὀπτασία@ngfpc ὁ@ddms μέγας@andms- κωνστάντιος@ndmsp φαίνω@vpapgfp"
"Arg._13.2","ὅτι@b λώβη@vile3s ὁ@dans σῶμα@nansc οὗτος@annms- ὁ@dnms βασιλεύς@nnmsc καί@cs ὅπως@cs παῖς@ngmpc ἦμαρ@ndnsc λούω@vnam-- προτρέπω@vpapnms οὐ@b ἐθέλω@viaa3s ὅτι@b ὁ@dnmp κορυφαῖος@nnmpc ὁ@dgmp ἀπόστολος@ngmpc ὄναρ@nansc τῷ@ddms βασιλεύς@ndmsc φαίνω@viap3p καί@cs ὑποτίθημι@viam3p τρόπος@namsc διά@p ὅς@rpgms ἰάομαι@vifp3s καί@b ὡς@b βαπτίζω@vpapnms θεραπεύω@viap3s καί@cs ὁ@danp εἰδωλεῖον@nanpc ἀποκλείω@viaa3s περί@p ὁ@dgmp ἰουδαῖος@ngmpp καί@b ὁ@dgfs πρός@p αὐτός@rpamp διάλεξις@ngfsc ὁ@dgms ἅγιος@angms- σιλβέστρου@ngmsp καί@cs ὁ@dgns ἐπί@p ὁ@ddms ταῦρος@ndmsc θαῦμα@ngnsc περί@p ὁ@dgfs εὕρεσις@ngfsc ὁ@dgns θεῖος2@angms- σταυρός@ngnsc περί@p ὁ@dgmp παῖς@ngmpc ὁ@dgms μέγας@angms- κωνσταντῖνος@ngmsp καί@cs ὅπως@cs ἀναιρέω@viaa3s ὁ@dams υἱός@namsc αὐτός@rpgms κρίσπος@namsp διαβολή@ndfsc ὁ@dgfs μήτηρ@ngfsc εἶτα@b καί@b ἐκεῖνος@rpafs ὅτι@b ὁ@damp σαρμάτος@nampp καί@cs ὁ@damp γότθος@nampp νικάω@viaa3s"
"Arg._13.3","περί@p ὁ@dgfs κτίσις@ngfsc κωνσταντινούπολις@ngfsp καί@cs οἷος@annns- εἰμί@viia3s ὁ@dnns βυζάντιοv@nnnsp περί@p ὁ@dgns ἐπί@p ὁ@ddns γενέθλιος@ndnsc ὁ@dgfs πόλις@ngfsc γίγνομαι@vpamgns θεμάτιον@ngnsc περί@p ὁ@dgns βυζάντιος@ngnsp καί@cs ὅς@rpans σός@ananp- ὁ@dnms δῖος@nnmsp περί@p αὐτός@rpgms ἱστορέω@vipa3s περί@p ὁ@dgms ἐν@p ὁ@ddns πλακωτός@ndmsp κίων@ngmsc καί@cs ὁ@dgns ἐν@p αὐτός@rpdms ἄγαλμα@ngnsc περί@p ὁ@dgms πατριαρχικός@angms- θρόνος@ngmsc ὁ@dgfs ναῦς@angfs- ̔ρώμη@ngfsc περί@p ὁ@dgms ἅγιος@angms- μητροφάνης@ngmsp"
"Arg._13.4","περί@b ἄρειος@ngmsp καί@cs ὁ@dgfs κακοδοξία@ngfsc αὐτός@rpgms περί@p ὁ@dgfs ἐν@p νικαία@ndfsp πρῶτος@angfs- σύνοδος2@ngfsc περί@p εὐσέβιος@ngmsp ὁ@dgms πάμφιλος@ngmsp περί@p ὁ@dgms ἅγιος@angms- σύμβολος@ngmsc ὅπως@b τιμάω@viaa3s ὁ@damp ἅγιος@anamp- πατήρ@nampc ὁ@dnms βασιλεύς@nnmsc ὅτι@cs ὁ@dgns ἅγιος@angns- ητροφάνος@ngnsc θνήσκω@vpaagms ὁ@dnms θεῖος2@nnmsc ἀλέξανδρος@nnmsp γίγνομαι@vira3s πατριάρχης@nnmsc τελευτή@nnfsc ὁ@dgfs ἅγιος@angfs- ἑλένη@ngfsp τελευτή@nnfsc ὁ@dgms μέγας@angms- κωνσταντῖνος@ngmsp οἷος@annms- εἰμί@viia3s ὁ@danp ἦθος@nanpc ὁ@dnms θεῖος2@nnmsc οὗτος@annms- αὐτοκράτωρ@nnmsc"
"Arg._13.5","ὅπως@b ὁ@dnfs βασίλεια@nnfsc ῥωμαῖος@ngmpc εἰς@p ὁ@damp τρεῖς@an---- μερίζω@viap3s παῖς@nampc ὁ@dgms μέγας@angms- κωνσταγτῖνος@ngmsp κοττία@nnfpp ὀνομάζω@viap3p ἀπό@p κόττιος@ngmsp βασιλεύς@ngmsc ὁ@dgmp ὁ@dnns πούς@ngfpc οὗτος@rpgmp γίγνομαι@vpamgms ὅτι@b ὁ@dnms κωνσταντῖνος@nnmsp ἐπέρχομαι@vpaanms ὁ@ddms ὁ@dgms κώνστας@ngmsp λάχος@ndnsc ἡσσάομαι@viap3s καί@cs ἀναιρέω@viap3s ὅτι@b ὁ@dnms κώνστας@nnmsp καί@b ὁ@dgfs ἀδελφικός@angfs- κρατέω@viaa3s μοῖρα@ngfsc καί@cs ὑπό@p μαγνέντιος@ngmsp ἀναιρέω@viap3s περί@p ὁ@dgfs πρός@p πέρ@namsp σας@rpgms μάχη@ngfsc ὁ@dgms κωνστάντιος@ngmsp καί@cs περί@p ὁρμίσδης@ngmsp ὁ@dgms πέρσης@angms-"
"Arg._13.6","ὅπως@b ὁ@dnms μαγνέντιος@nnmsp τυραννίς@ndfsc ἐπιχειρέω@vira3s ἀναίρεσις@nnfsc κώνστας@ngmsp ὅτι@cs πολύς@anamp- ὁ@dgmp ἀξιόλογος@vipa1s -@rpgmp ἕτερος@ngmpc ἀπόλλυμι@viaa3s ὁ@dnms μαγνέντιος@nnmsp"
"Arg._13.7","ὅτι@b σαπώρης@nnmsp ὁ@dnms πέρσης@ngmpp βασιλεύς@nnmsc ὁ@ddfs ῥωμαῖος@ngmpp χώρα@ndfsc ἐπιτίθημι@viam3s καί@cs νίσιβις@namsp πολιορκέω@vpaanms ἄπρακτος@annms- ἀναχωρέω@viaa3s ὅτι@b καί@b βετρανίων@nnmsp τυραννίς@ndfsc ἐπιχειρέω@vira3s ὄναρ@nansc ὁ@ddms κωνστάντιος@ndmsp ὁράω@vpapans ὅτι@cs προς@viaa3p ἔρχομαι@viaa3s ὁ@dnms βετρανίων@nnmsp ὁ@ddms κωνστάντιος@ndmsp περί@p γάλλος@ngmsp"
"Arg._13.8","περί@ndmsp μαγνέντιος@ngmsp τυραννεύω@vpaagms καί@b συμ@b βάλλω@vpaagms ὁ@ddms κωνστάντιος@ndmsp καί@ ἡσσάομαι@vpapgms ὅτι@b ἡσσάομαι@vpaenms ὁ@dnms μαγνέντιος@nnmsp φεύγω@viaa3s ὅτι@b καί@b αὖθις@b πρός@p πόλεμος@namsc ὁ@dnms μαγνέντιος@nnmsp παρασκευάζω@viie3s ὅτι@cs ἐπιβουλεύω@viia3s ς@rpams ’@rpams ἐν@viaa3s ὁ@dnms μαγνέντιος@nnmsp ὁ@ddms γάλλος@ndmsp περί@p ὁ@dgms ὀρόντης@ngmsp ποταμός@ngmsc ὅπως@b γιγνώσκω@viap3s ὁ@dnfs κατά@p γάλλος@ngmsp ἐπιβουλή@nnfsc"
"Arg._13.9","ὅτι@b καί@b αὖθις@b ἡσσάομαι@viap3s ὁ@dnms μαγνέντιος@nnmsp καί@cs ἑαυτοῦ@rpams ἀποσφάζω@viam3s ὅτι@b μόναρχος@nnmsc ὁ@dnms κωνστάντιος@nnmsp καθίστημι@viaa3s καί@cs ὁλόκληρος@ngfsc ὁ@dgfs ἀρχή@ngfsc γίγνομαι@vira3s ἐγκρατής@annms- ὅπως@b ὁ@dnms γάλλος@nnmsp ὑπερφρονέω@viaa3s καί@cs ὁ@damp σύν@anamp- κλητικός@anamp- ἀναιρέω@viaa3s ἀνήρ@nampc καί@b αὐτός@angfs- ὁ@dgms καῖσαρ@ngmsp ἀξία@anafp- ἐκπίτνω@viaa3s καί@cs ὁ@dgfs ζωή@ngfsc στερέω@viap3s ἀναιρέω@vpapnms ἀποστασία@nnfsc σιλβανός@ngmsp καί@cs ἀναίρεσις@nnfsc ὅσος@ananp- ὁ@dnms σαπώρης@nnmsp ὁ@ddms κωνστάντιος@ndmsp ἐπιστέλλω@viaa3s καί@cs ὅσος@ananp- ὁ@dnms κωνστάντιος@nnmsp αὐθις@b ἐκεῖνος@rpdms"
"Arg._13.10","ὅτι@b καῖσαρ@namsp ὁ@dams ἰουλιανὸς@anams- ἀνά@p εἶπον@viaa3s κωνστάντιος@nnmsp καί@cs ὁ@dafs ἀδελφή@nafsc ἑλένη@nafsp αὐτός@rpdms συζεύγνυμι@viaa3s ὅτι@b ἐν@p πόλεμος@ndmpc εὐτυχέω@viaa3s ἰουλιανός@nnmsp ὅτι@cs ἀποστατέω@viaa3s ἰουλιανὸς@nnmsp καί@cs αὔγουστος@nnmsp ὑπό@p ὁ@dgms στρατός@ngmsc ἀναγορεύω@viap3s οἶος@ananp- ὁ@ddms κωνστάντιος@ndmsp ἐπιστέλλω@viaa3s ἰουλιανός@nnmsp οἶος@ananp- αὖθις@b μηνύω@viaa3s ὁ@ddms ἰουλιανός@ndmsp ὁ@dnms κωνστάντιος@nnmsp οἷος@ananp- πρός@p ὁ@danp ὁ@dgms κωνστάντιος@ngmsp μήνυμα@nanpc ἐν@p τίθημι@viam3s ὁ@dnms ἰουλιανὸς@nnmsp καί@cs ὅσος@ananp- αὐτός@rpamd ἐπιστέλλω@viaa3s"
"Arg._13.11","ὅτι@b κατά@p ὁ@dgms κωνστάντιος@ngmsp ἔπειμι2@viia3s ὁ@dnms τύραννος@nnmsp μήπω@b ὁ@dafs ἑαυτοῦ@rpgms ἐκφαίνω@vpaanms ἀσέβεια@nafsc τελευτή@nnfsc κωνστάντιος@ngmsp οἶος@annms- ὁ@dnms κωνστάντιος@nnmsp εἰμί@viia3s περί@p ὁ@dgfs ἄρειος@ngmsp διαφθορά@ngfsc περί@p πατριαρχής@ngmpc ὅτι@b ὁ@dnms μακεδόνιος@nnmsp ὁ@dans σῶμα@nansc ὁ@dgms μέγας@angms- κωνσταντῖνος@ngmsp εἰς@p ὁ@dams ναός@namsc ὁ@dgms ἅγιος@angms- μεταφέρω@viaa3s ἀκάκιος@ngmsp αὖθις@b δέ@cs ὁ@dnms κωνστάντιος@nnmsp εἰς@p ὁ@dams ναός@namsc ὁ@dgmp ἅγιος@angmp- ἀπόστολος@ngmpp αὐτός@rpans μετακομίζω@viaa3s περί@p ὁ@dgnp λείψανον@ngnpc ὁ@dgnp ἅγιος@angnp- ἀπόστολος@ngmpp ἀνδρέης@ngmsp καί@cs λουκᾶς@ngmsp 1@ περί@p εὐσεβία@ngfsp ὁ@dgfs γαμετή@ngfsc κωνστάντιος@ngmsp"
"Arg._13.12","ὅτι@b τιμάω@viaa3s ὁ@dams ὁ@dgms κωνστάντιος@ngmsp νεκρός@namsc ὁ@dnms ἰουλιανός@nnmsp ὅτι@b λιτότης@nafsc ὁ@dnms παραβάτης@nnmsc μέτειμι2@viia3s ὅτι@b μετά@p ὁ@dafs μοναρχία@nafsc φανερός@b ὁ@dnnp ἕλλην@ngmpp σέβομαι@viie3s ὅτι@b κωλύω@viaa3s 2@ ὁ@damp χριστιανός@anamp- μάθημα@ngnpc μετέχω@vnpa-- ἑλληνικός@angnp- ὅτι@cs ἐπιτρέπω@viaa3s ὁ@ddmp ἰουδαῖος@ndmpp ὁ@dams ἐν@p ἱεροσόλυμα@ndnpp ναός@namsc ἀνεγείρω@vnaa-- περί@b εὐσέβιος@ngmsp καί@cs ὁ@dgmp ἄλλος@angmp- εὐνοῦχος@ngmpc ὅτι@cs ὁ@dans ἐν@p ὁ@ddfp δάφνη@ndfpp ὁ@dgms ἀπόλλων@ngmsp ἄγαλμα@nansc καί@cs ὁ@dams ναός@namsc σκηπτός@annms- κατακαίω@viaa3s σύ@namsc περί@p ὁ@dgmp ἄγιος@angmp- ἀρτεμίσιον@ngmsp καί@b εὐγενίης@ngmsp καί@cs μακάριος@ngmsp"
"Arg._13.13","ὅπως@cs ὁ@dnms παραβάτης@nnmsc ὁ@ddmp πέρσης@ndmpp μάχομαι@vppenms ἀφανής@b κατά@p ὁ@dgfs πλευρά@ngfsc τιτρώσκω@viap3s καί@b θνήσκω@vppanms κατά@p ὁ@dgms χριστός@ngmsp βλασφημέω@viaa3s καί@cs οὕτως@b ὁ@dafs ἄθλιος@anafs- αὐτός@rpgms ψυχή@nafsc ἀπεύχομαι@viam3s οἶος@annms- εἰμί@viia3s ὁ@danp ἦθος@nanpc ὁ@dnms ἰουλιανός@nnmsp περί@p ὁ@dgms ὄνειρος@ngmsc περί@p σημεῖον@ngnsc δηλόω@vppagms ὁ@dams ὁ@dgms παράβατος@angms- θάνατος@namsc"
"Arg._13.14","οἷος@angfs- ὁ@dnms ἰοβιανός@annms- τίθημι@viam3s πρός@p πέρσης@nampp σπον@namsc δάς@vpaanms περί@p ὁ@dgfs τελευτή@ngfsc ἰοβιανός@ngmsp περί@p σαλούστιος@ngmsp ὅτι@b παρά@p πᾶς@angmp- βασιλεύς@nnmsc ὁ@dnms οὐαλεντινιανός@annms- ψη@viia3s φείδομαι@viap3s οἷος@annms- εἰμί@viia3s ἰοβιανός@nnmsp"
"Arg._13.15","περί@nnmsp πατριαρχής@vppanms ὅτι@cs ὁ@dams ἀδελφός@namsc οὐά@namsp λεντα@vppaams κοινωνός@namsc ὁ@dgfs βασίλεια@ngfsc ὁ@dnms οὐαλεντινιανός@nnmsp προσλαμβάνω@viam3s περί@p ῥοδανός@ngmsp καί@b ὅπως@cs οὗτος@rpams ἀδι@viia3s κοῖος@vppaams κολάζω@viaa3s οὐαλεντινιανός@nnmsp τελευτή@nnfsc οὐαλεντινιανός@ngmsp"
"Arg._13.16","περί@p ὁ@dgms βασιλεύς@ngmsc οὐάλεντος@ngmsp καί@cs ὁ@dgmp κατά@p θάλασσα@nafsc ἐμπίμπρημι@vpapgmp παρά@p 3@ αὐτός@rpgms ἱερεύς@ngmpc περί@p ὁ@dgfs ἐν@p νικαία@ndfsp ἐκκλησία@ngfsc καί@cs ὁ@dgns παρά@p ὁ@dgms μέγας@angms- βασίλειον@ngmsp γίγνομαι@vpamgns θαῦμα@ngnsc περί@p ὁ@dgfs τελευτή@ngfsc ὁ@dgms οὐάλεντος@ngmsp καί@cs ὁ@dgfs περί@p οὗτος@rpgfs πρόρ@ngfsc ἐξήγησις@ngfsc ὁ@dgms ὅσιος@angms- ἰσαάκιος@ngmsp περί@p ὁ@dgfs προκοπίας@ngmsp τυραννίς@ngfsc καί@b ἀναίρεσις@ngfsc καί@ ὁ@dgfs καθαίρεσις@ngfsc ὁ@dgnp τεῖχος@ngnpc χαλκηδών@ngfsp περί@p ὁ@dgfs ἀλεκτορομαντεία@ngfsc ἰαμβλίχος@ngmsp καί@cs λιβάνιος@ngmsp"
"Arg._13.17","ὅτι@b ὁ@dams νέος@anams- οὐαλεντινιανός@namsp ὁ@dnfs στρατιά@nnfsc βασιλεύς@namsc ἀναλέγω@viaa3s περί@p θεοδόσιος@ngmsp ὁ@dgms ἐκ@p ἱσπανία@ngfsp καί@cs ὅπως@cs ὁ@damp ’@damp ς@damp σκύθης@nampp νικάω@viaa3s ἀνάρρησις@nnfsc θεοδόσιος@ngmsp 6@ τελευτή@nnfsc γρατιανός@ngmsp"
"Arg._13.18","ὅτι@b ὁ@dnms μάξιμος@nnmsp τυραννίς@ndfsc ἐπιχειρέω@vmra2s ἀπάνθρωπος@andfs- κατά@p ὁ@dgms νέος@angms- οὐαλεντινιανός@ngmsp καί@cs κρατέω@vpapnms παρά@p θεοδόσιος@ngmsp ἀναιρέω@viap3s ὅτι@b ἑαυτοῦ@rpams ἀναιρέω@viaa3s ὁ@dnms οὐαλεντινιανός@annms- ὅτι@b στασιάζω@viaa3s κατά@p θεοδόσιος@ngmsp ὁ@dnms δῆμος@nnmsc ὁ@dgmp θεσσαλονικεύς@ngmpp ὁ@dnms δέ@b ἐκτείνω@viaa3s αὐτός@rpgmp ὡσεί@b πεντεκαίδεκα@an---- χιλιάς@anafp- καί@b ὅπως@cs ἐλέγχω@viap3s παρά@p ὁ@dgms μέγας@angms- ἀμβρόσιος@ngmsp ὅτι@b ἀναιρέω@viaa3s ὁ@dnms θεοδόσιος@nnmsp ὁ@dams τύραννος@namsc εὐγένιος@namsp περί@p ὁ@dgfs ὁ@dgmp ἰουδαῖος@ngmpp συναγωγή@ngfsc ὅς@rpafs ἐν@p ὁ@ddnp χαλκοπράτειος@ndnpp ἐκτίνω@viaa3p καί@cs ὅπως@cs καί@b διά@p οὗτος@rpafs ὁ@dnms μέγας@annms- ἀμβρότος@nnmsp σιος@nnmsc παρρησιάζομαι@viam3s περί@p ὁ@dgfs ἐν@p ἀντιόχειος@ndfsp γίγνομαι@vpamgfs ἀταξία@ngfsc"
"Arg._13.19","περί@b ὁ@dgfs δεύτερος@angfs- σύνοδος2@ngfsc περί@p ὁ@dgms ἅγιος@angms- ἀμφιλόχιον@ngmsp ὅτι@b βασιλεύς@nampc καί@cs ἄμφω@anamd- ὁ@damp υἱός@nampc ἀναγορεύω@viaa3s ὁ@dnms θεοδόσιος@nnmsp καί@b περί@p ὁ@dgms ἅγιος@angms- ἀρσένιος@ngmsp τελευτή@nnfsc ὁ@dgms βασιλεύς@ngmsc θεοδόσιος@ngmsp"
"Arg._13.20","περί@p ὁ@dgms ἰακώβου@ngmsp ὅπως@cs γίγνομαι@vira3s πατριάρχης@nnmsc καί@cs ὅπως@cs ἐξωρίζω@viap3s τελευτή@nnfsc εὐδοξία@ngfsp τις@rpnmp μετά@p ὁ@dams χρυσόστομος@namsp γίγνομαι@viam3p πατριάρχης@nnmpc τελευτή@nnfsc ἀρκαδίου@ngmsp"
"Arg._13.21","περί@b ὁ@dgms βασιλεύς@ngmsc ὁνώριος@ngmsp τελευτή@nnfsc ὁνώριος@ngmsp"
"Arg._13.22","περί@p ὁ@dgfs ἐκ@p ἀθῆναι@ngfpp εὐδοκία@ngfsp ὅς@rpnfs συνοικέω@viaa3s ὁ@ddms θεοδόσιος@ndmsp περί@p ὁ@dgms εὐνοῦχος@angms- ἀντίοχος@ngmsp περί@p ὁ@dgmp ὁ@dgfs βασίλεια@ngfsc ἀδελφός@ngmpc περί@p ὁ@dgns εἰς@p ὁ@dams πα@anans- ράλυτος@anams- ἰουδαῖος@anams- θαῦμα@ngnsc"
"Arg._13.23","περί@p πατριαρχής@ngmpc καί@cs περί@p νεστόριος@ngnsp καί@cs ὁ@dgfs αὐτός@rpgms αἵρεσις@ngfsc περί@p ὁ@dgfs τρίτος@angfs- σύνοδος2@ngfsc περί@p ὁ@dgmp ἀπολιμπάνω@vpapgmp ὁ@dgfs σύνοδος2@ngfsc ἀρχιέρεως@ngmpc καί@cs ὅσος@ananp- ποιέω@viaa3p ὅτι@cs εἰς@p κωνσταντινούπολις@nafsp ἐγώ@rpacs καλέω@vpapnmp ὁ@dnmp ὁ@dgfs σύνοδος2@ngfsc ὁμοφρονέω@viaa3p περί@p πατριαρχής@ngmpc περί@p ὁ@dgfs ἀνακομιδή@ngfsc ὁ@dgns σῶμα@ngnsc ὁ@dgns ἰακώβου@ngmsp ὅτι@b ὁ@dnms νέος@annms- θεοδόσιος@nnmsp μετατίθημι@viam3s ὁ@danp τεῖχος@nanpc ὁ@dgfs πόλις@ngfsc καί@b περί@p κῦρος@ngmsp ὁ@dgms ἵππαρχος@angms-"
"Arg._13.24","περί@p ὁ@dgms πατριάρχης@ngmsc φλαβιανός@ngmsp καί@cs περί@p εὐτυχής@ngmsp ὁ@dgms αἱρετικός@angms- ὅτι@cs ὁ@ddms ἀλεξάνδρεια@ngfsp διά@ndmsp ὅσκολος@ndmsc ἐπιτρέπω@viap3s ὁ@dnfs ζήτησις@nnfsc ὁ@dams ὁ@dgms εὐτυχής@ngmsp δόγμα@ngnpc καί@cs ὅσος@rpanp ἐκεῖνος@rpnms ποιέω@viaa3s ὅτι@cs ὁ@dgms φλαβιανός@ngmsp θνήσκω@vpaagms πατριάρχης@nnmsc χειροτονέω@vile3s ἀνατόλιος@nnmsp ὅτι@b ὁ@dafs πουλχερία@nafsp μεθίστημι@viaa3s ὁ@dgfs διοίκησις@ngfsc ὁ@dnms θεός@nnmsp -@annms- δόσις@nnmsc ὅτι@b αὖθις@b ὁ@ddfs ἀδελφή@ndfsc ὁ@dafs διοίκησις@nafsc ἐγχειρίζω@viaa3s 1@b ὅπως@cs ὁ@dnfs πουλχερία@nnfsp ἀγαθός@viia3s ὁ@dams ἀδελφός@namsc ὅπως@b ὁ@dafs αὐγοῦστα@anafs- εὐδοκία@nafsp ἀπόστερέω@viaa3s ὁ@dnms θεός@ngmsp -@angms- δόσις@nnmsc τελευτή@nnfsc θεοδόσιος@ngmsp οἷος@annms- εἰμί@viia3s ὁ@dnms θεοδόσιος@nnmsp"
"Arg._13.25","περί@an---- σημεῖον@ngnpc προμηνύω@vmpa3p ὁ@dafs βασιλεία@nafsc ὁ@ddms μαρκιανός@ndmsp περί@p ὁ@dgfs τέταρτος@angfs- σύνοδος2@ngfsc περί@p πατριαρχής@ngmpc περί@p ὁ@dgns γίγνομαι@vpamgns θαῦμα@ngnsc παρά@p ὁ@dgfs ἅγιος@ngfsc μάρτυς@nnmsc εὐφημία@nnmsp ἐπί@p ὁ@ddfs κρίσις@ndfsc ὁ@dgmp τόμος@ngmpc ὁ@dgfs πίστις@ngfsc τελευτή@nnfsc πουλχερία@ngfsp ὁ@dgfs βασιλεύς@ndfsc λίσση@ngfsc περί@p οὐαλεντινιανός@ngmsp ὁ@dgms ἀνεψιός@ngmsc ὁνώριος@ngmsp ὁ@dgms ἐν@p ῥώμη@ndfsp βασιλεύω@vpaagms ὅπως@b ἁλίσκομαι@viaa3s παρά@p γιζέριχος@ngmsp ὁ@dgms οὐανδήλων@ngmpp ῥῆγος@nnmsc ὁ@dnfs ῥώμη@nnfsp τελευτή@nnfsc ὁ@dgms βασιλεύς@ngmsc μαρκιανός@ngmsp"
"Arg._14.1","ὅτι@cs ὁ@dams υἱός@namsc ὁ@dgms ἄσπαρτος@ngmsp ὁ@dnms λέων@nnmsp ποιέω@viaa3s καῖσαρ@namsp καί@b ὅτι@cs ὁ@dnms δῆμος@nnmsc στασιάζω@viaa3s διά@p οὗτος@rpans καί@cs ὅτι@cs ὡς@b ἐπιβουλεύω@vppaamp αὐτός@rpdms ἀναιρέω@viaa3s ὁ@dnms λέων@nnmsp ὁ@dams ἄσπαρτος@namsp καί@cs ὁ@dams υἱός@namsc αὐτός@rpgms ἄσπαρ@namsp περί@p ὁ@dgns κοιαίστωρ@nnmsc ἰσοκάσιος@ngmsp περί@p ὁ@dgms γίγνομαι@vpamgms ἐμπρησμός@ngmsc ἐπί@p ὁ@dgfs βασίλεια@ngfsc λέων@ngmsp περί@p ὁ@dgms γίγνομαι@vpamgms ἐν@p ἀντιόχειος@ndfsp σεισμός@ngmsc ὅτι@cs ὁ@dnms βασιλίσκος@nnmsp στρατοπεδάρχης@nnmsc προβάλλω@vpapnms καί@cs προσβάλλω@vpaanms ὁ@ddmp ὁ@dgms γιζερέχου@ngmsp ἡσσάομαι@viap3s ὅτι@cs ἔγγονος@namsc αὐτός@rpgms ὁ@dnms λέων@nnmsp στέφω@viaa3s διάδημα@ndnsc εἰς@p βασιλεύς@namsc περί@p ὁ@dgfs τίμιος@angfs- ἐσθής@ngfsc ὁ@dgfs θεοτόκος@ngfsc περί@p πατριαρχής@ngmpc τελευτή@nnfsc λέων@ngmsp ὁ@dgms μέγας@angms-"
"Arg._14.2","ὅτι@b οἶ@nnmpc παρά@p βασιλίσκος@ngmsp πέμπω@vpapnmp κατά@p ὁ@dgms ζήνων@ngmsp αὐτός@rpdms προστίθημι@viap3p ὅτι@b ἐπανέρχομαι@viaa3s ὁ@dnms ζήνων@nnmsp εἰς@p ὁ@danp βασίλειον@nanpc καί@b ὁ@dnms βασιλίσκος@nnmsp ἁλίσκομαι@viaa3s καί@cs διαφθείρω@viap3s περί@p ὁ@dgms ἐμπρησμός@ngmsc γίγνομαι@vpamgms ἐν@p ὁ@ddmp χρόνος@ndmpc ὁ@dgms βασιλίσκος@ngmsp ὑπό@p ὅς@rpgms καί@b ὅμηρος@nnmsp ἐν@p ὁ@ddfs βασιλικός@andfs- βιβλιοθήκη@ndfsc διαφθείρω@viap3s 2@ ὅτι@b πολύς@anamp- ὁ@dnms ζήνων@nnmsp φονεύω@viaa3s βασιλεύω@vpaanms ὁ@dans δεύτερος@anans- τελευτή@nnfsc ζήνων@ngmsp"
"Arg._14.3","ὅθεν@b δίκορος@nnmsp καλέω@viie3s ὁ@dnms ἀναστάσιος@nnmsp περί@p πατριαρχής@ngmpc ὅτι@b χρεοκοπία@nafsc ὁ@dnms ἀναστάσιος@nnmsp τίθημι@viam3s καί@cs ὁ@dams ὁ@dgms χρυσάργυρος@ngmsc δασμός@namsc ἐκκόπτω@viaa3s ὅτι@cs ὁ@dgfs ὁ@dgnp συγχυτικός@angnp- αἵρεσις@ngfsc ὁ@dnms ἀναστάσιος@nnmsp γίγνομαι@vpranms ὁ@dams πατριάρχης@namsc ἀπελαύνω@viaa3s περί@p λογγίνου@ngmsp ὁ@dgms ἀδελφός@ngmsc ζήνων@ngmsp τυραννεύω@vnaa-- ἐπιχειρέω@vpaagms καί@cs περί@p ὁ@dgmp ὄρρος@ngnpp περί@p ὁ@dgms πάπας@ngmsc ὁ@dgfs ῥώμη@ngfsp περί@p ὁ@dgmp βούλγαρος@ngmpp περί@p βιταλιανός@ngmsp τυραννεύω@vpaagms καί@cs ὅπως@cs καταπολεμέω@viap3s καί@cs περί@p πρόκλος@ngmsp ὅτι@cs προσθήκη@nafsc εἰς@p ὁ@dans τρισάγιον@anans- βούλομαι@vpapgms ποιέω@viaa1s αι@vnam-- ὁ@dgms ἀναστασίος@ngmsp ὁ@dnns ὀρθόδοξος@annns- ὁ@dgms λαός@ngmsc εἰμί@vifm3s σίζω@viaa3s καί@cs ὅσος@rpanp ποιέω@viaa3s"
"Arg._14.4","περί@p ἀλαμουνδάρου@ngmsp καί@b ὅπως@cs ὁ@damp ὁ@dgms σευήρ@ngmsp ἐπίσκοπος@anamp- διαπαίζω@viia3s περί@p ὁ@dgmp βούλγαρος@ngmpp καί@cs ὅπως@cs ἡττάω@viaa3p ὁ@damp ῥωμαῖος@nampp περί@p πατριαρχής@ngmpc περί@p ὁ@dgns ὁ@dgfs τύχη@ngfsp ὁ@dgfs πόλις@ngfsc ἄγαλμα@ngnsc περί@p ὁ@dgnp ὄνειρος@ngnpc ὅς@rpgnp ὁράω@viaa3s ὁ@dnms ἀναστάσιος@nnmsp τελευτή@nnfsc ὁ@dgms βασιλεύς@ngmsc ἀναστασίος@ngmsp ὅτι@cs ὁ@dnms ἀναστάσιος@nnmsp κτίζω@viaa3s ὁ@dans μακρός@anans- τεῖχος@nansc"
"Arg._14.5","ὅπως@b ὁ@dnms ἰουστῖνος@nnmsp εἰς@p ὁ@dafs βασιλεία@nafsc ἀνάγω@viap3s ὅτι@b ἀναιρέω@viap3s ὁ@dnms εὐνοῦχος@nnmsc ἀμάντιος@nnmsp ὅτι@cs ὁ@dafs ἐν@p χαλ@nd-sp κληδών@ndfsc σύνοδος2@nafsc κυρόω@viaa3s ἰουστῖνος@nnmsp καί@cs ὁ@dafs γαμέω@nafsc ὁ@dafs στέφω@viaa3s καί@cs περί@p βιταλιανός@ngmsp περί@p ὁ@dgms δυσσσός@vmpa2s βοῦς@nampc σεβῆρος@ngmsp καί@cs ὁ@dgms μετά@p αὐτός@rpams ἀρχιερεύω@vpaagms παῦλος@ngmsp περί@p πατριαρχής@ngmpc ὅτι@b σπένδω@viam3s ὁ@ddmp πέρ@ndmpp -@ndmpc σαις@ndmpc ὁ@dnms 1@ ἰουστῖνος@nnmsp ὅτι@b αὖθις@b μάχη@nnfsc μέσος@annns- ῥωμαῖος@ngmpp καί@cs πέρσης@ngmpp γίγνομαι@vira3s περί@p μανιχαῖος@ngmpp περί@p ἀναζάρβος@ngmsp καί@b ἔδω@ngfsp καί@cs πομπηιούπολις@ngfsp περί@p μυνικός@angns- γιγαντώδης@angns- ὅτι@b στρατηλάτης@nnmsc ὁ@dnms ἰουστινιανός@nnmsp προβάλλω@viap3s ὅτι@b νοσέω@vppanms ὁ@dnms ἰουστῖνος@nnmsp στέφω@viaa3s βασιλεύς@namsc ὁ@dams ἰουστινιανός@anams- τελευτή@nnfsc ἰουστῖνος@ngmsp οἷος@annmp- ὁ@damp τρόπος@nampc εἰμί@viia3p ἰουστινιανὸς@nnmsp καί@cs ὁ@dnfs γυνή@nnfsc αὐτός@rpgms θεοδώρα@nnfsp"
"Arg._14.6","περί@ndfsp κομήτης@ngmsc περί@p ὁ@dgfs γίγνομαι@vpamgfs στάσις@ngfsc ὁ@dgmp δῆμος@ngmpc ὅτι@cs ὑπάτιος@namsp τις@anams- συγγενής@anams- ὁ@dgms βασιλεύς@ngmsc λέως@nnmsc ἀναστασίος@ngmsp ὁ@dnmp δῆμος@nnmpc ἀναγορεύω@viaa3p περί@p ὁ@dgmp ἀναιρέω@vpapgmp ἐκ@p ὁ@dgms δῆμος@ngmsc ἐν@p ὁ@ddns θέατρον@ndnsc περί@p ὁ@dgfs ἀνοικοδομή@ngfsc ὁ@dgfs μέγας@angfs- ἐκκλησία@ngfsc περί@p ὁ@dgms αὐγουστεών@ngmsp περί@p ὁ@dgms τερατουργός@angms- κύων@ngmsc"
"Arg._14.7","περί@nnmsp πατριαρχής@vppanms περί@p ὁ@dgmp οὐανδήλων@ngmpp καί@b ὅπως@cs ὁ@dgfs λιβύη@ngfsp κρατέω@viaa3p καί@cs ἐπί@p πόσος@rpans καί@cs ὅπως@b ἐπί@p ἰουστινιανός@ngmsp καταπολεμέω@viap3p παρά@p ὁ@dgms βελισαρίος@ngmsp ἧσσα@ananp- ὁ@dgms γελίμερ@ngmsp πολιορκία@nnfsc τε@b καί@cs κατάσχεσις@nnfsc οἷος@rpnms ὁ@dnms θρίαμβος@nnmsc γίγνομαι@vira3s περί@p ὁ@dgfs ὁ@dgnp λάφυρα@ngnpc πομπή@ngfsc"
"Arg._14.8","ὅτι@b ὁ@dnms βελισάριος@nnmsp εἰς@p ὁ@dafs ἰταλία@nafsp στέλλω@viap3s οὗτος@anafs- τε@b καί@cs ὁ@dafs ῥώμη@nafsp ὑποτάσσω@vpfanms ὁ@ddms βασιλεύς@ndmsc ὑπό@p γότθος@ngmpp κατέχω@vppeafs περί@p ὁ@dgms πατριάρχης@ngmsc μείς@namsp καί@cs περί@p μερικός@angfs- σύνοδος2@ngfsc ὑπό@p αὐτός@rpgms καί@cs ὁ@dgms 1@ πάπας@ngfsc ῥώμη@ngfsp ἀγαπητός@ngmsp συνίστημι@vpaagfs περί@p πατριαρχής@ngmpc περί@p ὁ@dgfs πέμπτος@angfs- σύνοδος2@ngfsc ὅπως@b ὁ@dnms βελισάριος@nnmsp ὁ@dafs ῥώμη@nafsp λαμβάνω@viaa3s καί@cs πόλις@nafpc ἕτερος@anafp-"
"Arg._14.9","ὅτι@b καί@b πᾶς@anafs- ὁ@dafs ἰταλία@nafsp ὑποτάσσω@viaa3s ὁ@dnms βελισάριος@nnmsc τελευτή@nnfsc θεοδώρα@ngfsp ὁ@dgfs βασίλεια@ngfsc περί@p ὁ@dgns κήτους@ngnsc ὅτι@b ἐν@p ὁ@ddmp χρόνος@ndmpc ἰουστινιανός@ngmsp ὁ@dnfs ὁ@dgfs μετάξης@ngfsc γένεσις@nnfsc γιγνώσκω@viap3s ὁ@ddms βασιλεύς@ndmsc καί@cs ὁ@ddmp ῥωμαῖος@ndmpp περί@p ἐπιβουλή@ngfsc καί@cs περί@p ὁ@dgns βελισαρίος@angns- ὅτι@cs αἵρεσις@ndfsc ἁλίσκομαι@vpaanms ὁ@dnms βασιλεύς@nnmsc οὗτος@annms- τελευτάω@viaa3s"
"Arg._14.10","περί@p ὁ@dgfp ναῦς@ngfpc καί@cs ὁ@dgnp ἄλλος@rpgnp ὁ@dgmp παρά@p ἰουστῖνος@ngmsp δομάω@vpapgnp ὅτι@cs ὁ@dafp ὀφειλή@nafpc ὁ@dgmp τότε@b χρεωστέω@vppagmp ἀποτίνω@viaa3s ὁ@dnfs αὐγοῦστα@nnfsp σοφία@nnfsp περί@p ὁ@dgms ἵππαρχος@ngmsc καί@b ὁ@dgms ἀδικέω@vppagms καί@cs μή@b ἀπαντάω@vpaagms τος@nnmsc εἰς@p ὁ@dans δικαστήριον@nansc ὅτι@cs ὁ@rpafp πρός@p πέρσης@nampp σπον@viia3p δαίς@vpaanms ἐλύω@viaa3s ἰουστῖνος@nnmsp ἀνάρρησις@nnfsc τιβέριος@ngmsp καί@cs τελευτή@nnfsc ἰουστῖνος@ngmsp"
"Arg._14.11","ὅτι@b ἐπέρχομαι@viaa3p πέρσης@nnmpp ὁ@ddfs ἀρμενία@ndfsp καί@cs συμ@b -@ μίγνυμι@vpaanmp ὁ@ddmp ῥωμαῖος@ndmpp ἡσσάομαι@viap3p ὅτι@b ὁ@dans λουτρόν@nansc ὁ@dgmp βλαχερνός@ngmpp παρά@p τιβέριος@ngmsp οἰκοδομέω@vnpe-- ἄρχω@viam3s περί@p χάγανός@ngmsp ὅτι@cs στέλλω@vpapnms κατά@p πέρσης@ngmpp μαυρίκιος@nnmsp καί@b συμβάλλω@vpaanms αὐτός@rpdmp νικάω@viaa3s καί@cs γαμβρός@nnmsc ὁ@dgms βασιλεύς@ngmsc γίγνομαι@viam3s ἀνάρρησις@nnfsc μαυρικιός@ngmsp καί@cs τιβέριος@ngmsp τελευτή@annfs-"
"Arg._14.12","περί@nnfsp χάγανός@ngmsp περί@p βαράμ@ngmsp ὁ@dgms πέρσης@ngmpp στρατηγός@ngmsc καθαίρεσις@nnfsc ὁρμίσδης@ngmsp ἐκ@p ὁ@dgfs ἀρχή@ngfsc ἀνάρρησις@nnfsc χοσρόης@ngmsp ἀναίρεσις@nnfsc ὁρμίσδης@ngmsp ἐπανάστασις@nnfsc κατά@p ὁ@dgms χοσρόης@ngmsp καί@cs φυγή@nnfsc αὐτός@rpgms πρός@p ῥωμαῖος@nampp περί@p ὁ@dgmp ἁλίσκομαι@vpragmp τοῦρκος@ngmpp ὅσος@ananp- ὁ@dnms χοσρόης@nnmsp περί@p ὁ@dgns μέλλω@vppagns ἀποφοιβάζω@viaa3s ὡς@b ὁ@danp εἰμί@vpfmanp οἶδα@vpranms ἐκ@p ἀστρολογία@ngfsc ὅτι@b ὁ@dams υἱός@namsc ὁ@dnms μαυρίκιος@nnmsp στέφω@viaa3s περί@p ὁ@dgms ναός@ngmsc ὁ@dgmp ἅγιος@angmp- μ@b ’@b ὅπως@b ὁ@dnms μαυρίκιος@nnmsp πολιορκέω@vppaams ὁ@dams χαγάνος@namsp ὁ@dafs τζουρουλός@nafsp παρασκευάζω@viaa3s καί@b ἀέκων@anams- σπένδω@vnam--"
"Arg._14.13","περί@nnmsp πατριαρχής@vppanms περί@p ὁ@dgnp παρά@p ὁ@dgms χάγανός@ngmsp πωλέω@vppegnp αἰχμάλωτος@angmp- ὅς@p ὁ@dnms βασιλεύς@nnmsc μαυρίκιος@nnmsp οὐ@b ὠνέομαι@viam3s ὅτι@b μή@b ὠνέομαι@vpamgms ὁ@dgms βασιλεύς@ngmsc ὁ@damp αἰχμάλωτος@anamp- ὁ@dnms χαγάνος@nnmsp πᾶς@anamp- ἀνίημι@vifa3s λεν@viia3s ὅτι@b διά@p ὁ@dafs ὁ@dgmp αἰχμάλωτος@angmp- ἀπώλεια@nafsc μισέω@viap3s ὁ@dnms βασιλεύς@nnmsc καί@cs ὁ@dnms δῆμος@nnmsc στασιάζω@viaa3s 1@ ὅτι@cs ὁ@ddms υἱός@ndmsc αὐτός@rpgms γυνή@nafsc ὁ@dnms βασιλεύς@nnmsc συζεύγνυμι@viaa3s περί@p ὁ@dgms ὄνειρος@ngmsc ὅς@rpans ὁ@dnms βασιλεύς@nnmsc θεάομαι@viam3s ὅτι@cs δέω2@viie3s ὁ@dnms βα@n---c σιλεύς@nnmsc ὁ@dgms θεός@ngmsc ἐνταῦθα@b δίκη@nafpc ἐκτίνω@vire2s ὅτι@b ἵστημι@b σιάω@vpaanns ὁ@dans στρατιωτικός@anans- ὁ@dams φωκᾶς@ngmpp ἀναγορεύω@viaa3s βασιλεύς@namsc"
"Arg._14.14","ὅτι@cs ὁ@dnms φωκεύς@nnmsp στέφω@viap3s παρά@p ὁ@dgms πατριάρχης@ngmsc ἀναίρεσις@nnfsc μαυρικιός@ngmsp καί@cs πᾶς@angns- ὁ@dgns γένος@ngnsc αὐτός@rpgms ἀπόστασις@nnfsc ναρσῆς@ngmsp εἶτα@b προσέλευσις@nnfsc αὐτός@rpgms καί@cs κατάφλεξις@nnfsc περί@p ὁ@dgnp ἀναιρέω@vpapgmp ὑπό@p φώκη@nafsp περί@p πατριαρχής@ngmpc ὅτι@b οἶ@ndmsc ἐν@p ἀντιόχειος@ndfsp ἰουδαῖος@nnmpp ἐπανίστημι@viaa3p κατά@p ὁ@dgmp ἐκεῖ@b χριστιανός@namsc περί@p πατριαρχής@ngmpc ὅτι@cs ὁ@dafs θυγάτηρ@nafsc αὐτός@rpgms ὁ@dnms φωκεύς@nnmsp κατά@viia3s γυάω@viaa3s ὁ@ddms στρατηλάτης@ndmsc κρίσπος@ndmsp 4@ καί@cs ὅπως@cs καί@b παρά@p ’@p ἐκεῖνος@rpgms καί@cs παρά@p πᾶς@angmp- μισέω@viap3s ἐπανάστασις@nnfsc ὁ@dgnp ἐν@p ὁ@ddfs ἀφρική@ndfsp στράτευμα@ngnpc κατά@p ὁ@dgms φώκη@ngmsp ἧσσα@vmpa2s ὁ@dgms φώκη@ngmsp ἀναίρεσις@nnfsc φώκη@nnfsp"
"Arg._14.15","ὅτι@b πάντοθεν@b ὁ@ddfs ῥωμαῖος@ngmpp ἀρχή@ndfsc γίγνομαι@viie3p δυστύχημα@nnnpc ὅτι@b δύο@an---- παῖς@nnmpc ὁ@ddms ἡράκλειος@ndmsp ἐκ@p ὁ@dgfs αὐγούστα@ngfsp εὐδοκία@ngfsp τίκτω@viap3p τελευτή@nnfsc ὁ@dgfs αὐγούστα@ngfsp εὐδοκία@ngfsp ὅτι@b ὁ@dafs ἴδιος@anafs- ἀνεψιά@nafsc ὁ@dnms ἡράκλειος@nnmsp γαμέω@viaa3s ὅτι@b διαπρεσβεύομαι@viam3s πρός@p χοσρόης@nafsp ἡράκλειος@nnmsp περί@p εἰρήνη@ngfsc ὁ@dnms δέ@cs ὁ@dafs πρεσβεία@nafsc ἀπό@p σατοὶ@viie3s ὅτι@cs σπένδω@viam3s ὁ@dnms χαγάνος@nnmsp περί@p κρίσπος@ngmsp καί@cs ὅπως@cs διατίθημι@viap3s πρός@p ὁ@dams ἡράκλειος@namsp ὅτι@b ὁ@dams κρίσπος@namsp κληρικός@anams- κάρη@vnaa-- προστάσσω@viaa3s περί@p ὁ@dgmp ὑπό@p ὁ@dgmp ἰουδαῖος@ngmpp ἀναιρέω@vpapgmp χριστιανός@ngmpc καί@cs περί@p ὁ@dgnp τίμιος@angnp- ξύλον@ngnpc καί@cs ὁ@dgms πατριάρχης@ngmsc ὅτι@b ὁ@ddms σαρβάρος@ndmsp συμπλέκω@vpapnms ὁ@dnms πράκλειος@nnmsp νικάω@viaa3s"
"Arg._14.16","ὅτι@b παραβαίνω@vpaanms ὁ@dafp συνθήκη@nafpc ὁ@dnms χαγάνος@nnmsp ἐπέρχομαι@viaa3s ὁ@ddfs πόλις@ndfsc καί@cs ἡσσάομαι@vpapnms φεύγω@viaa3s ὅς@rpans σός@ananp- ὁ@dnms πράκλειος@nnmsp ὁ@ddmp πέρσης@ndmpp μάχομαι@vppenms κατορθόω@viaa3s ὅπως@cs ὁ@dnms ἀρχισατράπης@nnmsc σάρβαρος@nnmsp καί@cs ὁ@dnmp μετά@p αὐτός@rpgms ὁ@ddms βασιλεύς@ndmsc προσχωρέω@viaa3p ὅπως@b παρά@p ὁ@dgms υἱός@ngmsc αὐτός@rpgms ὁ@dnms χοσρόης@nnmsp καθαιρέω@viap3s ὁ@dgfs βασίλεια@ngfsc καί@cs ἀναιρέω@viap3s ὅτι@b ὁ@dnms σιρόη@nnmsp βασιλεύω@vpaanms σπένδω@viam3s ῥωμαῖος@ndmpp"
"Arg._14.17","ὅπως@b ὁ@dnms ἡράκλειος@nnmsp εἰς@p ὁ@dafs ὁ@dgmp μονοθελητῶν@ngmpp αἵρεσις@nafsc ἐκκυλίνδω@viap3s περί@p ὁ@dgns ἱερόν@ngnsc σωφρόνιος@ngmsp καί@cs ὁ@dgfs παρά@p ἐκεῖνος@rpgms γίγνομαι@vpamgfs σύνοδος2@ngfsc περί@p πατριαρχής@ngmpc περί@p μουχούμετ@nafsp καί@cs ὅπως@b καί@cs ποτέ@b εἰς@p ὁ@dafp ῥωμαῖος@anafp- χώρα@nafpc ἐγκατοικίζω@viap3s ἡράκλειος@ngmsp τελευτή@nnfsc"
"Arg._14.19","βασίλεια@nnfsp κώνστας@ngmsp ὁ@dgms ἔγγονος@ngmsc ἡράκλεα@ngmsp κλείω@angms- ὅς@rpnms καί@b μονοθελήτης@nnmsc εἰμί@viia3s ὅτι@b ὁ@dnms ὁ@dgmp σαρακηνός@ngmpp ἀρχηγός@nnmsc στόλος@ndmsc κατά@p ῥωμαῖος@ngmpp χωρέω@viaa3s καί@cs ἀντιτάσσω@vpamnms αὐτός@rpdms ὁ@dnms κώνστας@nnmsp ἡσσάομαι@viap3s ὅτι@b ἐπί@p καί@b ρός@namsc ἠρεμέω@viaa3p ὁ@dnmp ἀγαρηνός@nnmpp περί@p πατριαρχής@ngmpc καί@cs ὁ@dgms πυρρός@ngmsp ὅπως@cs μισέω@viap3s ὁ@dnms κώνστας@nnmsp παρά@p ὁ@dgmp ὑπήκοος@ngmpc καί@cs εἰς@p σικελία@nafsp ἀπαίρω@vpaanms ἐκεῖ@b ἀναιρέω@viap3s"
"Arg._14.20","ἀπέρχομαι@vpaanms ὁ@dnms κωνσταντῖνος@nnmsp εἰς@p σικελία@nafsp ὁ@damp φονεύς@nampc ὁ@dgms πατήρ@ngmsc κολάζω@viaa3s καί@cs ὅθεν@b ἐπικαλέω@viap3s πωγωνάτος@nnmsp ὅτι@b σύν@p στόλος@ndmsc οἶ@nnmpc ἀγαρηνός@nnmpp πολιορκέω@viia3p ὁ@dafs κωνσταντινούπολις@nafsp ἐπί@p ἑπτὰ@an---- ἐνιαυτός@nampc καί@cs ἀπέρχομαι@viaa3p πάσχω@vpaanmp ἤ1@cs δράω@vpaanmp ὅτι@cs ἐπί@p οὗτος@angms- ὁ@dgms βασιλεύς@ngmsc ὁ@dnns ὑγρός@annns- πῦρ@nnnsc εὑρίσκω@viap3s ὅτι@b ἀπογιγνώσκω@vpaanmp οἶ@nnmpc ὁ@dgfs ἄγαρ@ngfsp εἰρήνη@nafsc αἰτέω@viaa3p καί@cs δασμός@namsc φέρω@vnpa-- ἐτήσιος@anams- ὁ@ddfs βασιλεία@ndfsc ῥωμαῖος@ngmpp κατατίθημι@viam3p"
"Arg._14.21","ὅτι@b καί@b οἶ@nnmpc ἑσπέριος@annmp- ὁ@dgmp ῥωμαῖος@ngmpp πολέμιος@nnmpc σπένδω@viam3p περί@p πατριαρχής@ngmpc καί@cs ὁ@dgfs ἕκτος@angfs- σύνοδος2@ngfsc ὅτι@cs ἐκστρατεύω@viaa3s κατά@p βούλγαρος@ngmpp οὗτος@annms- ὁ@dnms βασιλεύς@nnmsc εἶτα@cs ὁ@dgmp ῥωμαῖος@ngmpp τέρπω@vpapgmp ἀναγκάζω@viap3s σπένδω@vnam-- καί@cs φόρος@nampc δίδωμι@vnpa-- τελευτή@nnfsc κωνσταντῖνος@ngmsp ὁ@dgms πωγωνάτος@ngmsp"
"Arg._14.22","περί@p ὁ@dgmp μαρδαίτης@ngmpp καί@b ὅπως@cs αὐτός@rpamp ἐκ@p ὁ@dgms λίβανος@ngmsp μετοικίζω@viaa3s οὗτος@annms- ὁ@dnms βασιλεύς@nnmsc ἀπατάω@vpapnms παρά@p ὁ@dgmp ἄραβες@ngmpp ὅτι@b ὑποτάσσω@viaa3s ὁ@dafs ἰβηρία@nafsp καί@cs ὁ@dafs ἀλβανία@nafsp ὅτι@cs λύω@viaa3s ὁ@dafp πρός@p ὁ@damp βούλγαρος@nampp σπονδή@nafpc καί@cs ἔθνος@nanpc σθλαβικός@ananp- ὑπάγω@viam3s περί@p ὁ@dgmp ἀγαρηνός@ngmpp καί@ ὅτι@cs μισέω@viap3s παρά@p πᾶς@angmp- ὁ@dnms βασιλεύς@nnmsc οὗτος@annms- διά@p εὐνοῦχος@namsc τις@anams- θεοδόσιος@anams- περί@p λεόντιον@ngmsp ὁ@dgms στρατηγός@ngmsc καί@cs ὅπως@cs ἐπανίστημι@viaa3s κατά@p ἰουστινιανός@ngmsp 6@ ὅτι@cs καταφέρω@viap3s ὁ@dgmp ἀνακτόριον@ngmpc ὁ@dnms ἰουστινιανὸς@annms- καί@cs ὁ@dafs ῥίς@nafsc τέμνω@viap3s"
"Arg._14.23","ὅπως@cs ὁ@dafs ἀφρική@anafs- αἱρέω@viaa3p οἶ@dnmp ἄραψ@nnmpp καί@cs ὅπως@cs αὐτός@rpafs ἀφαιρέω@viam3p ὅτι@cs αὖθις@b αἱρέω@viaa3p ὁ@dafs ἀφρική@anafs- οἶ@vira1s ἄραψ@nnmpp ἐπανάστασις@nnfsc ὁ@dgns ναυτικόν@angns- καί@cs ἀνάρρησις@nnfsc ἀψίμαρος@ngmsp καθαίρεσις@nnfsc λεόντιον@ngmsp"
"Arg._14.24","περί@p ὁ@dgmp ἀγαρηνός@ngmpp καί@b ὅσος@ananp- ποιέω@viaa3p τε@b καί@cs πάσχω@viaa3p περί@p ἰουστινανός@ngmsp καί@b ὅτι@cs λαμβάνω@viaa3s εἰς@p γυνή@nafsc ὁ@dafs ἀδελφή@nafsc ὁ@dgms χάγανός@ngmsp καί@b ὅτι@cs ἐπιβαίνω@viaa3s λευω@viia3s ὁ@dnms χαγάνος@nnmsp ὁ@ddms ἰουστινιανός@ndmsp ὁ@dgms ἀψίμαρος@ngmsp δίδωμι@vnfa-- αὐτός@rpdms χρῆμα@nanpc πολύς@ananp- ὑπέχω@vpamgms καί@cs ὅτι@cs οὗτος@rpans γιγνώσκω@vpaanms ἐκεῖνος@rpnms πρός@p βούλγαρος@nampp καταφεύγω@viaa3s ὅτι@b μετά@p ὁ@dgmp βούλγαρος@ngmpp ὁ@ddfs πόλις@ndfsc ἐπιστρατεύω@vpaanms νύκτωρ@b ἐντός@b εἰσέρχομαι@viaa3s διά@p ὁ@dgms ἀγωγός@ngmsc"
"Arg._14.25","ὅπως@b κολάζω@viaa3s ὁ@dams λεόντιον@namsp καί@b ὁ@dams ἀψίμαρος@namsp καί@b ὁ@dams ἡράκλειος@namsp καί@cs ἕτερος@anamp- ὁ@dnms ἰουστιτιανός@nnmsp καί@cs ὁ@dams πατριάρχης@namsc ὅτι@cs στέφω@viaa3s ὁ@dafs γυνή@nafsc αὐτός@rpgms καί@cs ὁ@dams υἱός@namsc ὅτι@b ἐπέρχομαι@viaa3s κατά@p βούλγαρος@ngmpp καί@cs ἡσσάομαι@viap3s ἀποστασία@nnfsc χερσωνίτης@ngmpp καί@cs ἀνάρρησις@nnfsc φιλιππικός@ngmsp ὁ@dgms καί@cs βαρδάνη@nnfsp ὅτι@b καί@b ὁ@dnmp ὁ@dgms στόλος@ngmsc ὁ@dams φιλιππικός@anams- εὐφημέω@viaa3p ἀναίρεσις@nnfsc 2@b ἰουστινιανός@ngmsp καί@cs ὁ@dgms παῖς@ngmsc αὐτός@rpgms"
"Arg._14.26","ὅθεν@b ἀθετέω@vnaa-- ὁ@dafs ἕκτος@anafs- σύνοδος2@nafsc προάγω@viap3s οἶος@annms- εἰμί@viia3s περί@p πρᾶξις@nafpc ὁ@dnms φιλιππικός@nnmsp περί@p πατριαρχής@ngmpc περί@p βούλγαρος@ngmpp καί@cs ὁ@dgmp ἀγαρηνός@ngmpp καθαίρεσις@nnfsc ἐκ@p ὁ@dgfs βασίλεια@ngfsc ὁ@dgms φιλιππικός@angms-"
"Arg._14.27","περί@nnmsp πατριαρχής@vppanms ὅτι@b στόλος@namsc ὁ@dnms βασιλεύς@nnmsc οὗτος@annms- κατά@p ὁ@dgmp ἀγαρηνός@ngmpp στέλλω@viaa3s καί@b ὁ@dnmp ὁ@dgms στόλος@ngmsc ὁ@dams ἄρχω@namsc στασιάζω@vpaanmp ἀναιρέω@viaa3p καί@cs τις@anams- θεοδόσιος@namsp ἀναγορεύω@viaa3p αὐτοκράτωρ@namsc ὅτι@b ὁ@dgms ἀρτεμίσιον@ngmsp ἐν@p νικαία@ndfsp διάγω@vppagms ὁ@dnms θεοδόσιος@nnmsp ἐκ@p προδοσία@ngfsc ὁ@dafs πόλις@nafsc αἱρέω@viaa3s καί@b ὁ@dnms ἀρτέμιος@nnmsp καίρω@vpapnms ἐν@p θες@ngfsp -@ndfsc σαλονίκῃ@andfs- περιωρίζω@viap3s"
"Arg._14.28","ὅτι@b ὁ@dnms ἴσαυρος@nnmsp λέων@nnmsp καί@cs ὁ@dnms ἀρτάβασδος@nnmsp ἐπανίστημι@viaa3p κατά@p ὁ@dgms θεοδόσιος@ngmsp καθαίρεσις@nnfsc ὁ@dgms βασιλεύς@ngmsc θεοδόσιος@ngmsp"
"Arg._15.1","περί@p ἀβασγός@ngmpp καί@b ὅτε@cs καί@cs ὅπως@cs εἰς@p θεός@ngmsc γνῶσις@nafsc μετάγω@viap3p ὅτι@b ὁ@damp ἄρχων@vppaamp αὐτός@rpgmp ὁ@dnmp ἀβασγοί@nnmpp καθαιρέω@vpaanmp ἐκ@p ὁ@dgms βασιλεύς@ngmsc ῥωμαῖος@ngmpp δέ@b ἔχω@viie3p ἄρχων@vppaamp ὅτι@b ἄραψ@nnmpp ἐκ@p ἄβυδος@ngfsp περάω@vpaanmp ὁ@dafs πόλις@nafsc πολιορκέω@viia3p κατά@p γῆ@nafsc τε@b καί@cs θάλασσα@nafsc καί@cs κακός@b ἀπαλλάσσω@viaa3p ἀμφοτέρωθεν@b"
"Arg._15.2","ὅτι@b ὁ@dnms στρατηγός@nnmsc σικελία@ngfsp τυραννίς@ndfsc ἐπιχειρέω@viaa3s ὅπως@cs ὁ@dnfs ἐν@p σικελία@ndfsp ἐπανάστασις@nnfsc καταλύω@viap3s ὅτι@b ἄνευ@p ἕ@ ναῦς@ngfpc ὁ@dnfp ἄλλος@rpnfp ὁ@dgmp ἄραβες@ngmpp ἀπόλλυμι@viam3p σύν@p αὐτός@rpdmp περί@p ὁ@dgms κοπρώνυμος@ngmsp ὅτι@cs στέφω@viaa3s ὁ@dams κοπρώνυμος@namsp ὁ@dnms λέων@nnmsp ὅτι@cs κατά@p ὁ@dgmp ἅγιος@angmp- εἰκών@ngfpc ὁ@dnms λέων@nnmsp εἰς@p ὁ@dans οὐμφανής@anans- ἐκλύττομαι@viaa3s περί@p πατριαρχής@ngmpc ὅθεν@b ὁ@dnms λέων@nnmsp εἰς@p ὁ@dafs ἀσέβεια@nafsc προάγω@viap3s 1@"
"Arg._15.3","ὅτι@b ὁ@dnmp ὁ@dafs βασιλεία@nafsc προμαντεύομαι@vpaenmp ἑβραῖος@nnmpp ὁ@ddms λέων@ndmsp ὁ@dafs ὁ@dgmp ἅγιος@angmp- εἰκών@ngmpc καθά@an---- ρεσις@nafsc αἰτέω@viaa3p περί@p ὁ@dgms πλησίος@b ὁ@dgmp χαλκοπράτειος@ngmpp βασιλικός@angms- οἶκος@ngmsc καί@b ὁ@dgfs ἐν@p αὐτός@rpdms βιβλιοθήκη@ngfsc καί@cs ὁ@dgmp ἐν@p αὐτός@rpdms διδάσκαλος@ngmpc"
"Arg._15.4","ὅτι@b διά@p ὁ@dafs ἀσέβεια@nafsc ὁ@dgms λέων@ngmsp ὁ@dnms πάπας@nnmsc ῥώμη@ngfsp ὁ@ddmp φράγγος@ndmpp σπένδω@viam3s καί@cs ὁ@damp ἐκ@p ὁ@dgfs ἰταλία@ngfsp ὁ@ddfs βασιλεία@ndfsc κομίζω@vppeamp ἐπέχω@viaa3s φόρος@nampc καί@b ὅτι@b γερμανικός@annns- ἔθνος@nnnsc ὁ@dnmp φράγγος@nnmpp καί@cs οὐ@b ῥωμαῖος@nnmpp οἶος@ananp- κατά@p ὁ@dgmp ὀρθόδοξος@angmp- ποιέω@viia3s ὁ@dnms λέων@nnmsp καί@b ὅτι@cs ὁ@dafs ὁ@dgms χάγανός@ngmsp θυγάτηρ@nafsc γαμέω@viaa3s ὁ@dnms κοπρώνυμος@nnmsp"
"Arg._15.5","οἷος@annms- εἰμί@viia3s ὁ@dnms μισόθεος@nnmsc οὗτος@rpnms ἐπανάστασις@nnfsc ὁ@dgms ἀρτάβασδος@ngmsp κατά@p ὁ@dgms κοπρώνυμος@ngmsp ὅτι@b ὁ@dnms κοπρώνυμος@nnmsp περαιόω@vpapnms εἰς@p θρᾳκία@nafsp ὁ@dafs πόλις@nafsc πολιορκέω@viia3s καί@b οὗτος@rpgfs κρατέω@viaa3s καί@cs σκοτόω@viaa3s ὁ@dams ἀρτάβασος@n---p δίδωμι@viaa3p καί@b ὁ@damp υἱός@nampc αὐτός@rpgms καί@cs ὁ@dams πατριάρχης@namsc ἀνά@namsp στάσιον@nansc δημοσίᾳ@b τύπτω@vpaanms θριαμβεύω@viaa3s εἶτα@cs αὖθις@b πατριάρχης@namsc ἐάω@viaa3s εἰμί@vnpa--"
"Arg._15.6","περί@p πατριαρχής@ngmpc καί@cs περί@p ὁ@dgfs ὁ@dgms κοπρώνυμος@ngmsp ἀθροίζω@vpapgfs ὁ@dgmp ἀνίερος@angmp- ἐπίσκοπος@angmp- σύν@ngfsc -@ngfsc δου@ngfsc περί@p βούλγαρος@ngmpp"
"Arg._15.7","οἷος@annms- χειμών@nnmsc γίγνομαι@vira3s ἐπί@p ὁ@dgfs βασίλεια@ngfsc ὁ@dams δυσώνυμος@angms- οἷος@rpanp φρονέω@viia3s ὁ@dnms ἄθεος@annms- καί@cs οἷος@rpanp ποιέω@viia3s ὅσος@ananp- ποιέω@viia3s ὁ@dnms κοπρώνυμος@nnmsp κατά@p ὁ@dgmp μή@b πείθω@vpapgmp βεβαιόω@vnaa-- ὁ@dafs κατά@p ὁ@dgmp ἅγιος@angmp- εἰκών@ngmpc συγγραφή@nafsc ὅτι@b κατά@p βούλγαρος@ngmpp ἐκστρατεύω@vpaanms ἄπρακτος@annms- ἐπανέρχομαι@viaa3s καί@cs οἶος@ananp- κατά@p ὁ@dgmp μοναχός@ngmpc ποιέω@viia3s καί@cs κατά@p ἄρχων@ngmpc ὅπως@b καί@b ὁ@dams πατριάρχης@namsc αὐτός@rpgms ἐξωθέω@viaa3s ὁ@dgfs ἐκκλησία@ngfsc καί@b κολάζω@viaa3s καί@cs ἀποκτείνω@viaa3s ὅτι@cs τρεῖς@ γυνή@nafpc ἄγω@viam3s καί@cs ὅσος@anamp- ἔχω@viaa3s ἐκ@p αὐτός@rpgfp παῖς@nvcsc δας@vpaanms καί@cs ὅτι@cs ὁ@ddms πρῶτος@andms- υἱός@ndmsc αὐτός@rpgms γυνή@nafsc ἄγω@viam3s ὅτι@cs σπονδή@nafpc τίθημι@viam3s μετά@p βούλγαρος@ngmpp 1@"
"Arg._15.8","ὅτι@cs τις@rpamp ὁ@dgmp βούλγαρος@ngmpp οἰκειόω@viam3s ὁ@dnms κοπρώνυμος@nnmsp ὅς@rpnmp δηλόω@viia3p αὐτός@rpdms ὁ@danp ὁ@dgms ἄρχω@vppagms σφεῖς@rpgmp βούλευμα@nanpc ὅπως@b ὁ@dnms ὁ@dgmp βούλγαρος@ngmpp ἄρχω@vppanms ἀπατάω@viia3s ὁ@dams βασιλεύς@namsc καί@cs γιγνώσκω@viaa3s ὁ@damp οἰκειόω@vpreamp βούλγαρος@nampp ὅπως@cs κατά@p βούλγαρος@ngmpp ἐκστρατεύω@viaa3s καί@cs νοσέω@vpaanms ὑποστρέφω@viia3s καί@cs καταστρέφω@viaa3s ὁ@dafs ζωή@nafsc οἷος@ananp- κατά@p ὁ@dgmp μοναχός@ngfpc καί@cs ὁ@dgnp μοναστήριον@ngnpc καί@cs κατά@p ὁ@dgnp σεπτός@angnp- λείψανον@ngnpc ὁ@dgnp ἅγιος@angnp- ὁ@dnms πάντολμος@annms- τολμάω@viia3s περί@p ὁ@dgms ἱερόν@angms- λείψανον@ngmsc ὁ@dgfs πανεύφημος@angfs- μάρ@nafsc -@ngmsc τυρος@nnmsc εὐφημία@ngfsp"
"Arg._15.9","περί@nnmsp πατριαρχής@vppanms ὅτι@cs διά@p ὁ@dafp ἅγιος@anafp- εἰκών@nafpc ὁ@dnms λέων@nnmsp κολάζω@viaa3s τις@rpamp ὁ@dgmp ἄρχων@vppagmp τελευτή@nnfsc ὁ@dgms λέων@ngmsp"
"Arg._15.10","ὅτι@b ἐπιβουλή@ngfsc γίγνομαι@vpamgfs ὁ@dnfs θεοδώρα@nnfsp ὁ@damp μέν@b ἄλλος@rpamp κολάζω@viaa3s ὁ@damp δέ@cs ἀνδράδελφος@anamp- αὐτός@rpgfs ἀποκείρω@viaa3s καί@cs ἱερεύς@nampc παρασκευάζω@viaa3s περί@p ὁ@dgfs εὑρίσκω@ngfsc -@vpapgfs τίθημι@vpapgfs κιβωτός@ngmsc ἐν@p ὁ@ddfs θρᾳκία@ndfsp κατά@p ὁ@dans μακρός@anans- ὅτι@cs κατεγγυάω@viam3s ὁ@ddms υἱός@ndmsc γυνή@nafsc ὁ@dnfs εἰρήνη@nnfsp ὅτι@b ὁ@dnms ὁ@dgmp ἄραβες@ngmpp ἀρχηγός@nnmsc μέχρι@p χρυσόπολις@ngfsp ἔρχομαι@vpaanms σπένδω@viam3s φόρος@nampc αὐτός@rpdmp δίδωμι@vnpa-- ὁ@dgmp ῥωμαῖος@ngmpp συντίθημι@vpamgmp περί@p ὁ@dgns πατρίκιος@angms- 1@ ἐλπίνιος@ngmsp"
"Arg._15.11","ὅτι@b ὁ@dnms πατριάρχης@nnmsc παῦλος@nnmsp ἐξίστημι@viaa3s ὁ@dgfs ἐκ@p -@angfs- ἐκκλησία@ngfsc ὅτι@cs ὁ@dnms ἐν@p ἅγιος@andmp- ταράσιος@nnmsp πατριάρχης@nnmsc πρό@p χειρίζω@viap3s περί@p ὁ@dgfs ἕβδομος@angfs- σύνοδος2@ngfsc ὅτι@b ὁ@dnms βασιλεύς@nnmsc βασιλεύς@nnmsc κωνσταντῖνος@nnmsp νεανίης@nnmsc γεύω@vppenms βασιλεύς@nnmsc εἰς@p ἑαυτοῦ@rpams ὁ@dafs διοίκησις@nafsc μετάγω@vnaa-- μελετάω@viaa3s γιγνώσκω@vpapnms δέ@b παρά@p ὁ@dgfs μήτηρ@ngfsc τεύχω@viap3s καί@cs δημοσι@b -@b εύω@vnpa-- κωλύω@viap3s ὅτι@b ὁ@ddmp ἀρμενιακός@ndmpp καί@b ὁ@dnmp ὁ@dgnp ἄλλος@angnp- ποίημα@ngnpc συμφρονέω@vpaanmp ὁ@dams κωνσταντῖνος@namsp μόνος@anans- εὐφημέω@viia3p καί@cs ὅσος@ananp- ἐκεῖνος@rpnms προέρχομαι@vpaanms ποιέω@viia3s εν@viaa3s"
"Arg._15.12","ὅτι@b ὁ@dnms θωμαῖτης@nnmsp τρίκλινος@annms- καίω@viap3s ἐκστείχω@vilm3p -@virm3p τεία@nnmpc ὁ@dgms κωνσταντῖνος@ngmsp κατά@p βούλγαρος@ngmpp καί@cs ὁ@dgmp ἄραβες@ngmpp ὅτι@b αὖθις@b ἀνάγω@viaa3s ὁ@dafs μήτηρ@nafsc εἰς@p ὁ@danp βασίλειον@nanpc καί@cs εὐφημέω@vnpe-- αὐτός@rpafs παραχωρέω@viaa3s ὁ@dnmp δέ@b ἀρμενιακός@nnmpp αὖθις@b στασιάζω@viia3p καί@b περί@p ὁ@dgms μωσηλέ@ngmsp ὅτι@cs ὁ@ddmp βούλγαρος@ndmpp συμβάλλω@vpaanms ὁ@dnms κωνσταντῖνος@nnmsp ὁ@nnfsc -@ τήθη@viap3s καί@b ὅτι@cs στασιάζω@viaa3s ὁ@dans στρατιωτικός@anans- καί@cs ὅτι@cs ὁ@damp θεῖος2@nampc ὁ@dnms κωνσταντῖνος@nnmsp τιμωρέω@viae3s ὅτι@b ὁ@dafs ὁ@anafs- κείας@anafs- γαμετή@nafsc ἀκούω@anafs- ἀποκείρω@vpaanms ὁ@dnms κωνσταντῖνος@nnmsp ἕτερος@anafs- ἄγω@viam3s ὅτι@b κατά@p βούλγαρος@ngmpp ὁ@dnms βασιλεύς@nnmsc ἐκστρατεύω@viaa3s"
"Arg._15.13","περί@vmpa2s ὁ@dgms μοναχός@angms- πλάτων@ngmsp ὅτι@cs τυφλόω@viap3s ὁ@dnms βασιλεύς@nnmsc κωνσταντῖνος@nnmsp οἶδα@vifm2s ὁ@dgfs μήτηρ@ngfsc αὐτός@rpgms περί@p λέων@ngmsp πάπας@nnmsc ῥώμη@ngfsp καί@cs ὅπως@cs ὁ@dnmp φράγγος@nnmpp ποτέ@b ὁ@dgfs ἰταλία@ngfsp καί@cs ὁ@dgfs ῥώμη@ngfsp αὐτός@angfs- κυριεύω@viaa3p περί@p ὁ@dgmp ἄνδραδέλφος@ngmpc ὁ@dgfs βασίλισσα@ngfsc εἰρήνη@ngfsp ὅτι@cs ζητέω@viia3s ὁ@dnms ὁ@dgmp φράγγος@ngmpp ἀρχηγός@nnmsc συζεύγνυμι@vnap-- ὁ@ddfs βασίλισσα@ndfsc ὅπως@b καί@b παρά@p πᾶς@angmp- εἰς@p ὁ@danp βασίλειον@nanpc ὁ@dnms ἀπό@p γενικός@angnp- ἀνάγω@viap3s νικηφόρος@nnmsp"
"Arg._15.14","ὅσος@ananp- πρός@p ὁ@dafs βασιλίς@nafsc εἰρήνη@nafsp ὁ@dnms νικηφόρος@nnmsp ἐρῶ@vira3s καί@b ὅσος@ananp- πρός@p ἐκεῖνος@rpams ἐκεῖνος@rpnfs καί@cs ὅτι@cs πολύς@ananp- ὑποδείκνυμι@viaa3s αὐτός@rpdms χρῆμα@nanpc θησαυρίζω@vpreanp καί@cs ὡς@cs αὐτίκα@b ὑπερωρίζω@viap3s οἶος@annms- εἰμί@viia3s ὁ@damp τρόπος@nampc ὁ@dnms νικηφόρος@nnmsp περί@p ὁ@dgms πατρίκιος@ngmsc βαρδάνη@nnfsp 1@ τε@b λευτός@nnfsc εἰρήνη@ngfsp ἀνάρρησις@nnfsc σταυράκιον@ngmsp ὁ@dgms ὒ@ngmsc ἰός@ngmsc νικηφόρος@ngmsp περί@p πατριαρχής@ngmpc ὅτι@b μετά@p ὁ@dams ἐν@p ἅγιος@andmp- ταράσιον@namsp ὁ@dnms θεῖος2@annms- νικηφόρος@nnmsp προχειρίζω@viap3s πατριάρχης@nnmsc καί@b ὅπως@cs ὁ@dnms πλάτων@nnmsp ’@nnnpc καί@cs ὁ@dnms στονδίτης@nnmsp θεόδωρος@nnmsp στασιάζω@viia3p οἷος@anafp- κέρδος@ngnpc ἐπίνοια@nafpc ἐπινοέω@viia3s ὁ@dnms βασιλεύς@nnmsc νικηφόρος@nnmsp ὁ@dnms ἀπό@p γενικός@angnp- περί@p ὁ@dgms εἰστρέχω@vpaagms ξιφηφόρος@ngmsc εἰς@p ὁ@danp βασίλειον@nanpc καί@cs ζητέω@vppagms ἀναιρέω@vnaa-- ὁ@dams βασιλεύς@namsc"
"Arg._15.15","ὅτι@b μανιχαῖος@ndmpp καί@cs ἀθίγγανον@ndmpp χράω2@vile3s ἐν@p μαντεία@ndfpc ἐκστρατεία@nnfsc κατά@p βούλγαρος@ngmpp ἐν@p ὅς@rpdfs εὐτυ@viia3s χέω@vpaanms καί@cs ἐπαίρω@vpapnms ὕστερος@anans- ἡσσάομαι@viap3s καί@cs ἀπόλλυμι@viam3s ὅτι@cs ὁ@dafs κεφαλή@nafsc ὁ@dgms βασιλεύς@ngmsc ὁ@dnms κροῦμος@nnmsp ἀνασταυρόω@viaa3s εἶτα@b ἀντί@p κύλιξ@ngfsc χράω2@vile3s"
"Arg._15.16","ἀνάρρησις@nnfsp ὁ@dgms ῥαγγαβέ@nvmsp μιχαήλ@nvmsp"
"Arg._15.17","ὅπως@cs διατίθημι@viap3s ὁ@dnms μιχαὴλ@nnmsp πρός@p ὁ@dafs ὁ@dgms σταυράκιον@ngmsp σύμβιος@nansc ὅτι@cs στέφω@viaa3s ὁ@dnms μιχαὴλ@nnmsp ὁ@dams υἱός@namsc αὐτός@rpgms θεοφύλακτος@namsp ὅτι@b ὁ@damp κατά@p ὁ@dgmp ἅγιος@angmp- εἰκών@ngfpc νεανιεύω@vppeamp αἰκίζω@viam3s περί@p ὁ@dgmp ἀγαρηνός@ngmpp ὅτι@b ὁ@dnms ὁ@dgmp βούλγαρος@ngmpp ἄρχων@nnmsc αἰτέω@viia3s σπονδή@nafpc ὁ@dnms δέ@cs βασιλεύς@nnmsc ὁ@dnfs ἐκεῖνος@annms- ζητέω@viia3s μή@cs πληρόω@vppanms παραιτέομαι@vspa3s σατοὶ@viam3s σπένδω@vnam-- καί@b οἶ@dnmp βούλγαρος@nnmpp κατά@p μεσημβρία@ngfsp χωρέω@viaa3p καί@cs ὁ@dans ἄστυ@nansc αἱρέω@viaa3p"
"Arg._15.18","ὅτι@b μανθάνω@vpaanms ὁ@dnms βασιλεύς@nnmsc μέλλω@vnpa-- ὁ@damp βούλγαρος@nampp ὁ@ddfs θρᾳκία@ndfsp ἐπέρχομαι@vnaa-- ἐξέρχομαι@viaa3s καί@b ὁ@dnmp μέν@b βούλγαρος@nnmpp ἄπρακτος@annmp- μένω@viaa3p ἐκεῖνος@rpnms δέ@cs ὁ@dafs οἰκεῖος@anafs- χώρα@nafsc διά@p ὁ@dgfs προσεδρεία@ngfsc ὁ@dgms στρατός@ngmsc κακόω@viia3s ἧσσα@vmpa2s ὁ@dgmp βούλγαρος@ngmpp ἐπέρχομαι@vpaagmp ἡσσάομαι@viap3p ὁ@dnmp ῥωμαῖος@nnmpp ἐπιβουλή@ndfsc ὁ@dgms ἀρμένιος@angms- λέων@ngmsp ὅπως@b ὁ@dnms λέων@nnmsp ἑαυτοῦ@rpdms ὁ@dafs βασιλεία@nafsc περιποιέω@viam3s ὅτι@cs βία@ndfsc ὁ@dafs βασιλεία@nafsc καταδέχομαι@vnpe-- ὁ@dnms λέων@nnmsp σχηματίζω@viie3s καί@cs ὅπως@cs ὁ@dnms μιχαὴλ@nnmsp ἀπράγμων@b ἐξίστημι@viaa3s ὁ@dgfs ἀρχή@ngfsc καί@cs ὅσος@rpanp πάσχω@viaa3s"
"Arg._15.19","ὅσος@annnp- συμβαίνω@viaa3s σημαντικός@annnp- ὁ@dgns ὁ@dams μιχαὴλ@namsp ὁ@dgms λέων@ngmsp διάδοχος@namsc εἰμί@vnfm-- ὅτι@b περί@p σπονδή@ngfpc διαπρεσβεύομαι@vpamnms ὁ@dnms λέων@nnmsp πρός@p ὁ@dams ἄρχω@namsc βούλγαρος@ngmpp ἐπεί@cs οὐ@b δέχομαι@viap3s ἐκστρατεύω@viaa3s κατά@p ἐκεῖνος@rpgms καί@cs νικάω@viaa3s ὅπως@b ὁ@dnms ἀρμένιος@annms- λέων@nnmsp τίθημι@viam3s ὁ@ddfs ὁ@dgmp εἰκονομάχος@ngmpc αἵρεσις@ndfsc περί@p ὁ@dgms μελισσηνός@ngmsp θεόδοτος@ngmsp καί@cs ὅπως@cs ὁ@dams λέων@namsp ἀπατάω@viaa3s κατά@p ὁ@dgmp ἅγιος@angmp- εἰκών@ngmpc λυσσάω@vnaa-- ὅτι@cs ἀντιλέγω@vppaams αὐτός@rpdms περί@p ὁ@dgmp ἅγιος@angmp- εἰκών@ngfpc ὁ@dams θεῖος1@namsc νικηφόρος@namsp ὁ@dams πατριάρχης@namsc ἐξελαύνω@viaa3s περί@p ὁ@dgfs πρόγνωσις@ngfsc ὁ@dgms πατριάρχης@ngmsc νικηφόρος@ngmsp καί@cs ὁ@dgms ὁμολογητής@angms- θεοφάνης@ngmsp"
"Arg._15.20","ὅτι@cs ὁ@dnms μελισσηνός@ngmsp θεόδοτος@nnmsp προβάλλω@viap3s πατριάρχης@nnmsc καί@cs ὅθεν@b οἰκειόω@viap3s οὗτος@rpnms ὁ@ddms λέων@ndmsp περί@p ὁ@dgns πρωτοψάλτης@ngnsc καί@cs ὅπως@cs ἐρεθίζω@viia3s ὁ@dams βασιλεύς@namsc κατά@p ὁ@dgmp ἅγιος@angmp- εἰκών@ngmpc ὅτι@cs ὀργίλος@annms- εἰμί@viia3s ὁ@dnms λέων@nnmsp καί@cs κολαστής@nnmsc ἀπαραίτητος@annms- καί@cs ὁ@damp ἀδικέω@vppaamp ἀνά@viaa3s στέλλω@vmpa2s οἷος@anamp- προχειρίζω@viie3s ἄρχων@nampc 1@b"
"Arg._15.21","περί@p ὁ@dgms τραυλός@ngmsp μιχαὴλ@nnmsp καί@b ὅπως@cs ἐπί@p τυραννίς@ndfsc ἁλίσκομαι@vpaanms διαφεύγω@viaa3s ὁ@dafs τιμωρία@nafsc καί@b βαίνω@viaa3s κελεύω@viaa3s ὅσος@ananp- προεῖπον@viaa3s ὁ@dnms λέων@nnmsp περί@p ὁ@dgms μιχαήλ@ngmsp περί@p ὁ@dgnp ἐν@p ὁ@ddns βιβλίον@ndnsc ὁ@ddns ἐν@p ὁ@ddnp ἀνακτόριον@ndnpc καί@cs ὁ@dgnp ἐν@p ἐκεῖνος@rpdns εἰκονίζω@vpregmp καί@b ὅπως@cs ἑρμηνεύω@viap3p ἐκεῖνος@rpanp καί@cs παρά@p τις@rpgms περί@p ὁ@dgns ἐνύπνιον@ngnsc ὁ@dgfs μήτηρ@ngfsc ὁ@dgms λέων@ngmsp ἕτερος@annns- ἐνύπνιον@nnnsc ὅτι@cs πεδή@vila1s τίθημι@vpaanms ὁ@damp πούς@nampc ὁ@dnms μιχαὴλ@nnmsp ὁ@ddms παπίας@ndmsp παραδίδωμι@viap3s φυ@vira3s λάζομαι@vnpe-- ὅπως@cs ὁ@dnms βασιλεύς@nnmsc εἰς@p ὁ@dafs ὁ@dgms παπίας@ngmsp καταγωγή@nafsc ἀπέρχομαι@viaa3s καί@b ὅσος@rpanp εἶδον@viaa3s καί@b ὡς@cs ἀπειλέω@viaa3s καί@cs ὡς@cs οὐ@b λανθάνω@viaa3s ὅσος@ananp- ὁ@dnms μιχαὴλ@nnmsp ὁ@ddmp συνωμότης@ndmpc ἐπιστέλλω@viaa3s ἀναίρεσις@nnfsc λέων@ngmsp ὁ@dgms ἀρμένιος@angms- ἀνάρ@i ρησις@nnfsc ὁ@dgms μιχαὴλ@ngmsp ἔτι@b ὁ@damp πούς@nampc πεδάω@vpregms ὅσος@ananp- ποιέω@viaa3s ὁ@dnms μιχαὴλ@nnmsp ὁ@ddfs ὁ@dgms λέων@ngmsp γαμετή@ndfsc καί@cs ὁ@ddmp ἐκεῖνος@rpgms παῖς@ndmpc καί@cs ὅπως@cs ὁ@dnms ὁ@dgms λέων@ngmsp υἱός@nnmsc κωνσταντῖνος@nnmsp λύω@viap3s ὁ@dgfs ἀφωνία@ngfsc 2@"
"Arg._15.22","ὅθεν@b ὁρμάω@viie3s ὁ@dnms μιχαὴλ@nnmsp καί@cs οἶος@annms- ὁ@dafs πίστις@nafsc καί@cs ὁ@danp ἦθος@nanpc ὅτι@b καί@b οὗτος@rpnms ὁ@damp πρό@p αὐτός@rpgms μιμή@vipa1s σατοὶ@vipa3s ὅσος@ananp- ὁ@dnms ἀλαζών@annms- μιχαὴλ@nnmsp φρονέω@viia3s περί@p ὁ@dgfs ὁ@dgms θωμᾶς@ngmsp τυραννίς@ngfsc ὅτι@b περιτίθημι@viam3s ἑαυτοῦ@rpdms ὁ@dnms θωμᾶς@nnmsp ὁ@danp ὁ@dgfs βασίλεια@ngfsc παράσημα@nanpc ὅτι@b εὐτυχέω@viia3s ὁ@dnms τύραννος@nnmsc οὗτος@annms- καί@cs κρατύνω@viie3s"
"Arg._15.23","ὅτι@b καί@b κατά@p γῆ@nafsc καί@cs κατά@p θάλασσα@nafsc προς@b -@b βάλλω@vpaanms ὁ@dnms θωμᾶς@nnmsp ὁ@ddfs πόλις@ndfsc πολλάκις@b οὐδείς@rpans ἀνύω@vnaa-- ἰσχύω@viaa3s ἀλλά@cs ἡττάω@viie3s συνεχής@b ὁ@dnms δέ@cs καί@b ἡσσάομαι@vppenms ὁ@dgns τυραννεύω@vnpa-- οὐ@b ἀπέχω@viie3s ὅτι@b ὁ@dnms ὁ@dgmp βούλγαρος@ngmpp ἀρχηγός@nnmsc σπονδή@nafpc μετά@p ῥωμαῖος@ngmpp τίθημι@vpamnms μάχομαι@viam3s ὁ@ddms θωμάω@ndmsp καί@b νικάω@viaa3s καί@cs αἴτιος@annms- γίγνομαι@vira3s ὁ@dgfs αὐτός@rpgms κατάλυσις@ngfsc κατάσχεσις@nnfsc ὁ@dgms θωμᾶς@ngmsp περί@p ὁ@dgfs ἡράκλεια@ngfsp καί@cs ὁ@dgms πάνιος@ngmsp μη@b δέ@cs μετά@p ὁ@dafs κατάλυσις@nafsc ὁ@dgms θωμᾶς@ngmsp ὁ@dgfs ἀποστασία@ngfsc ἀφίστημι@vppegmp"
"Arg._15.24","ὅπως@cs ὁ@dnfs κρήτη@nnfsp γίγνομαι@vira3s ὑπό@p ὁ@damp ἀγαρηνός@nampp ὅπως@b καί@b τις@anafs- δεύτερος@anafs- γαμετή@nafsc λαμβάνω@vila3s ὁ@dnms μιχαὴλ@nnmsp περί@p πατριαρχής@ngmpc περί@p ὁ@dgmp ἐν@p τῆ@ddfs κρήτη@ndfsp ἀγαρηνός@ngmpp ἕτερος@annfs- στάσις@nnfsc ἐν@p σικελία@ndfsp καί@cs ὅπως@cs ὑπό@p ὁ@damp ἀγαρηνός@nampp γίγνομαι@viam3s ὁ@dnfs νῆσος@nnfsc τελευτή@nnfsc μιχαὴλ@ngmsp ὁ@dgms βασιλεύς@ngmsc ὅπως@b κολάζω@viaa3s ὁ@dnms θεόφιλος@nnmsp ὁ@dams ἀναιρέω@vpaaams ὁ@dams λέων@namsp"
"Arg._15.25","ὅτι@cs ὁ@dafs μητρυιά@nafsc ἑαυτοῦ@rpgms εἰς@p ὁ@dafs μονή@nafsc ἐκ@p ὅς@rpgfs λαμβάνω@viap3s ἐνκαθίστημι@viaa3s περί@p ὁ@dgfs γυνή@ngfsc εἰκασία@ngfsp ὄπως@b περί@p ὁ@damp ἀδικέω@vppaamp διάκειμαι@viie3s ὁ@dnms θεόφιλος@nnmsp καί@cs ὅπως@b ὁ@dgfs εὐθηνία@ngfsc ὁ@dgmp ὠνίον@ngmpc φροντίζω@viia3s περί@p ὁ@dgms ἀδελφός@ngmsc ὁ@dgfs αὐγούστα@ngfsp ὁ@dgms πέτρα@ngmsp περί@p ὁ@dgns πλοῖον@ngnsc ὁ@dgfs αὐγούστα@ngfsp"
"Arg._15.26","περί@p ὁ@dgmp γονεύς@ngmpc ὁ@dgfs θεοδώρα@ngfsp καί@cs περί@p ὁ@dgfs μήτηρ@ngfsc αὐτός@angfs- καί@cs ὁ@dgfp θυγάτηρ@ngfpc ὁ@dgms βασιλεύς@ngmsc περί@p ὁ@dgfs δέσποινα@ngfsc θεοδώρα@ngfsp καί@cs ὁ@dgms παράφρων@ngmsc δένδερ@ndmsp ὅτι@b βαρύς@annms- εἰμί@viia3s ὁ@dgnp εὐσεβής@angnp- κολαστής@nnmsc ὁ@dnms θεόφιλος@nnmsp περί@p ὁ@dgms συγκέλλομαι@ngmsc ἰώαννης@ngmsp καί@cs ὅπως@b πρός@p ὁ@damp ἀγαρηνός@nampp ἀποστέλλω@viap3s καί@cs ὅσος@rpanp ποιέω@viaa3s"
"Arg._15.27","περί@p ὁ@dgnp ὁ@dgfs πόλις@ngfsc παράλιος@angnp- τεῖχος@ngnpc περί@p ὁ@dgms ξενών@ngmsc ὁ@dgms θεόφιλος@ngmsp περί@p ὁ@dgms μοναχός@angms- λάζαρος@ngmsp ὁ@dgms ζωγράφος@ngmsc περί@p ὁ@dgmp ὁμολογητής@ngmpc αὐ@ ταδέλφος@ngmpc θεοφάνης@ngmsp καί@cs θεόδωρος@ngmsp ὁ@dgmp γραπτός@angnp- ὅτι@b ἐπί@p θυγάτηρ@ndfsc ποιέω@viam3s γαμβρός@namsc ἀλέξιος@namsp ὁ@dams μωσηλέ@ngmsp ὅς@rpams καί@b καῖσαρ@namsp τεμέω@viaa3s περί@p ὁ@dgms μα1@n---p νουὴλ@ngmsc καί@cs ὁ@dgms θεοφόβος@ngmsp ὅτι@b ὁ@ddmp πέρσης@ndmpp μάχομαι@vppenms ὁ@dnms θεόφιλος@nnmsp ἡσσάομαι@viap3s καί@cs ἁλίσκομαι@viaa3s ἄν@b εἰ@cs μή@b ὁ@dnms θεόφοβος@nnmsp βοηθέω@viaa3s ἐκστρατεία@nnfsc κατά@p ὁ@dgmp ἀγαρηνός@ngmpp καί@cs νίκη@nnfsc ὁ@dgms βασιλεύς@ngmsc 1@"
"Arg._15.28","περί@p ὁ@dgms περιδέξιος@angms- ἀγαρηνός@ngmsp καί@cs ὁ@dgns ἐκ@p τόμιος@ngnsc θεόδωρος@ngmsp ὁ@dgms κρατερός@ngmsp ἐκστρατεία@nnfsc ἕτερος@annfs- κατά@p ὁ@dgmp ἀγαρηνός@ngmpp καί@cs ἧσσα@b ῥωμαῖος@ngmpp ὅτι@b διαβολή@ndfpc κατά@p ὁ@dgms μανουήλ@ngmsp πιστεύω@vpaanms ὁ@dnms βασιλεύς@nnmsc χωλαίνω@vnaa-- αὐτός@rpams μελετάω@viia3s ὁ@dnms γιγνώσκω@vpaanms ἐκεῖνος@rpnms προσφεύγω@viia3s ὁ@ddmp ἀγαρηνός@ndmpp ὅτι@cs πίστις@nafpc λαμβάνω@vpaanms ὁ@dnms μανουήλ@nnmsp ἐκ@p ὁ@dgms βασιλεύς@ngmsc αὖθις@b ἐπανέρχομαι@viaa3s κατασοφίζω@vpaenms ὁ@dams ὁ@dgmp ἀγαρηνός@ngmpp ἀρχηγός@namsc περί@p πατριαρχής@ngmpc ὅτι@b ὁ@dams ἱερόν@namsc μεθόδιον@namsp ὑπερωρίζω@viaa3s καί@cs ὅσος@ananp- ὑπομένω@viaa3s"
"Arg._15.29","ὅτι@b κατά@p ὁ@dgmp ἀγαρηνός@ngmpp ἐκστρατεύω@vpaanms ὁ@dnms θεόφιλος@nnmsp εὐτυχέω@viaa3s ὅπως@b παρά@p ὁ@dgmp μισθοφο@b -@angmp- ρέω@vppagmp πέρσης@ngmpp ὁ@dnms θεόφοβος@nnmsp βασιλεύς@nnmsc ἀνεῖπον@viap3s καί@cs ἀέκων@annms- ὅτι@b ὁ@dnms θεόφοβος@nnmsp προσέρχομαι@viaa3s ὁ@ddms βασιλεύς@ndmsc περί@p ὁ@dgfs ὁ@dgms ἀμόριος@ngmsp ἅλωσις@ngfsc ὅπως@b προδίδωμι@viap3s ὁ@ddmp ἀγαρηνός@ndmpp ὁ@dnns ἀμόριος@nnnsp ὅτι@b διαπρεσβεύομαι@viam3s πρός@p ὁ@dams ὁ@dgmp ἀγαρηνός@ngmpp ἀρχηγός@namsc ὁ@dnms βασιλεύς@nnmsc ὁ@damp ἐπιφανής@anamp- ὁ@dgmp ἁλίσκομαι@vpaagmp ὠνέομαι@vnam-- τε@cs ἐλαύνω@viia3p ὁ@dnms δέ@b ὁ@dafs πρεσβεία@nafsc οὐ@b προσίημι@viam3s καί@cs ὅτι@cs ἐκ@p λύπη@ngfsc ὁ@dnms βασιλεύς@nnmsc νοσέω@viaa3s δυσεντερία@nafsc ὅτι@b θνήσκω@vppanms ὁ@dnms θεόφιλος@nnmsp ἀναιρέω@viaa3s ὁ@dams θεόφοβος@namsp τελευτή@nnfsc θεόφιλος@ngmsp"
"Arg._16.1","ὅπως@cs ὁ@dnms μανουήλ@nnmsp μή@b συναινέω@vppanms πρότερος@anans- ὁ@ddfs ὁ@dgfs αἵρεσις@ngfsc ὁ@dgmp εἰκονομάχος@ngmpc καθαίρεσις@vsaa3s ὕστερος@b καί@cs λίαν@b ἔκθυμος@b συναινέω@viia3s ἐξωσίς@nnfsc ἐκ@p ὁ@dgfs ἐκ@p ὁ@dgms πατριάρχης@ngmsc 7@ ἰώαννης@ngmsp ὁ@dgns δέ@b ἱερόν@angms- μεθόδιος@ngmsp προχείρισις@nnfsc καί@cs ὅπως@cs διά@p ἔντευξις@ngfpc λέγω3@vipe3s σωτηρία@ngfsc τυγχάνω@vnaa-- ὁ@dnms θεόφιλος@nnmsp ἔτι@b περί@p ὁ@dgms καί@b γεραίρω@vpapgms ἰώαννης@ngmsp ὁ@dgms πατριάρχης@ngmsc περί@p ὁ@dgfs κατηγορία@ngfsc ὁ@dgms θεῖος2@ngmsc μεθόδιος@ngmsp ὁ@b πατριάρχης@ngmsc καί@cs ὅπως@cs ἐλέγχω@viap3s ψευδής@annms- ὅσος@ananp- ὁ@dnms ὁ@dgmp βούλγαρος@ngmpp ἀρχηγός@nnmsc ἀπειλέω@viaa3s ὁ@ddfs βασίλισσα@ndfsc καί@cs ὅσος@ananp- ἐκεῖνος@rpnfs αὐτός@rpdms ἀντιμήνυμι@viaa3s"
"Arg._16.2","ὅπως@b ὁ@dnmp βούλγαρος@nnmpp εἰς@p ἐπίγνωσις@nafsc ἔρχομαι@viaa3p ὁ@dgms χριστός@ngmsp ὅπως@b γῆ@ngfsc ὁ@ddns ἔθνος@ndnsc ὁ@dgmp βούλγαρος@ngmpp ὁ@dnfs βασιλίς@nnfsc παραχωρέω@viaa3s περί@p μανιχαῖος@ngmpp 1@b ὅπως@cs ὁ@rpdms μιχαὴλ@nnmsp ὁ@dams λογοθέτης@namsc ἀναιρέω@viaa3s θεόκτιστος@namsp ὅτι@b καί@b ὁ@dnfs βασιλίς@nnfsc θεοδώρα@nnfsp ὁ@dgmp ἀνακτόριον@ngmpc ἀπέρχομαι@viaa3s γνωρίζω@vpaanfs ὁ@ddmp ὁ@dgfs βουλή@ngfsc ὅσος@ananp- χρῆμα@nanpc παρά@p ὁ@ddmp πρυτανεῖον@ndmpc καταλιμπάνω@vipa3s"
"Arg._16.3","ὅτι@cs ταχύς@b ὁ@dnms μιχαὴλ@nnmsp ὁ@danp ταμεῖον@nanpc κενόω@viaa3s ὁ@danp βασιλικός@ananp- καί@cs ὅτι@cs ὁ@dafs μήτηρ@nafsc καί@cs ὁ@dafp ἀδελφή@nafpc ἀποκείρω@viaa3s 2@ ὅτι@cs ὁ@dnfs ὁ@dgfs βασίλεια@ngfsc διοίκησις@nnfsc ὁ@ddms βάρδας@ndmsp ἀνατίθημι@viap3s ὅτι@b ἐκστρατεύω@vpaanms ὁ@dnms μιχαὴλ@nnmsp καί@cs πολιορ@nnmsc κῶνος@vppanms ὁ@danp σαμόσατα@nanpp κακός@b ἐκεῖθεν@b ἀπαλλαξείω@viaa3s αὖθις@b στρατεία@nnfsc κατά@p ἀγαρηνός@ngmpp καί@cs αὗθις@b ἧσσα@ananp- ῥωμαῖος@ngmpp ὅτι@cs ὁ@dnms πετρωνᾶς@nnmsp στέλλω@viap3s κατά@p ὁ@dgmp ἀγαρηνός@ngmpp καί@cs ὅτι@cs συμβάλλω@vpaanms αὐτός@rpdmp νικάω@viaa3s μοναχός@angms- τις@rpgms ὁ@dafs νίκη@nafsc αὐτός@rpdms προλέγω@vpaagms ὅτι@b ὁ@dgms μανουήλ@ngmsp θνήσκω@vpaagms ὁ@dnms πετρωνᾶς@nnmsp προβάλλω@viap3s δομέστικος@annms- ὁ@dgfp σχολή@ngfpc"
"Arg._16.4","ὅτι@b ἡνιοχέω@vipa3s ὁ@dnms βασιλεύς@nnmsc μιχαὴλ@nnmsp καί@cs ὁ@dnmp ἄρχω@vppanmp αὐτός@rpgms ὅπως@b ὁ@dgnp κοινός@angnp- φροντίζω@viia3s ὁ@dnms βέλτιστος@annmss βασιλεύς@nnmsc οὗτος@annms- ὅπως@b περί@p λόγος@nampc σπουδάζω@viaa3s ὁ@dnms βάρδας@nnmsp περί@p ὁ@dgms φιλόσοφος@ngmsc λέων@ngmsp καί@cs ὁ@dgms ἀπολυτρόω@vpapgms μαθητής@ngmsc αὐτός@rpgms περί@p πατριαρχής@ngmpc ὅσος@ananp- ὁ@dnms θεῖος2@nnmsc ἰγνάτιος@nnmsp πάσχω@viaa3s ἀφορίζω@vpaanms ὁ@dams καῖσαρ@namsp βάρδας@namsp"
"Arg._16.5","περί@p ὁ@rpgmp ̔ρώς@nnmsc περί@p ὁ@dgmp ἐκ@p κρήτη@ngfsp ἀγαρηνός@ngmpp περί@p ὁ@dgmp τόπος@ngmpc ἐν@p ὄις@ndmpc ἀνάπτω@viie3p ὁ@dnmp πυρσός@nnmpc περί@p ὁ@dgfs ἀνόητος@angfs- ὁ@dgms μιχαὴλ@ngmsp μετριότης@ngfsc καί@cs ὁ@dgnp ἀνόητος@angnpc παίγνιον@ngnpc αὐτός@rpgms περί@p βασίλειον@ngmsp ὁ@dgms μακεδών@ngmsp"
"Arg._16.6","σημεῖον@nnnsp περί@p ὁ@dams βασίλειον@namsp γίγνομαι@vpranns προδηλόω@vnpa-- ὡς@cs βασιλεύω@vifa3s περί@p ὁ@dgms ὄνειρος@ngmsc ὁ@dgms φαίνω@vpapgms ὁ@ddms νεώκορος@andms- ὁ@dgms ναός@ngmsc ὁ@dgms ἅγιος@angms- διομήδης@ngmsp ὅτι@b πρότερος@anans- ὁ@dnms βασίλειος@nnmsp ὁ@ddms θεοφιλίτζῃ@ndmsp ἐξυπηρετέω@viaa3s ὅθεν@b καί@b ὅπως@cs εἰς@p ὁ@danp βασίλειον@nanpc εἰσάγω@viap3s ὁ@dnms βασιλεύς@nnmsc καί@cs ὅπως@b οἰκειόω@viap3s καί@cs τιμάω@viap3s περί@p ὁ@dgfs πρόρρησις@ngfsc ὁ@dgfs μήτηρ@ngfsc ὁ@dgms βασιλεύς@ngmsc ὁ@dgfs περί@p ὁ@dgms βασίλειον@ngmsp"
"Arg._16.7","ὅτι@cs ἐπιβουλεύω@viia1s ἀλλήλων@rpdmp ὁ@dnms καῖσαρ@nnmsp καί@cs ὁ@dnms βασίλειος@nnmsp σημεῖον@nnnsc τις@annns- περί@p ὁ@dams καῖσαρ@namsp γίγνομαι@vpranns ὅτι@b πολύς@ananp- ὁ@dgnp οἰκονομέω@vpregnp ἀνατρέπω@viia3s ὁ@dnms βασιλεύς@nnmsc ἀναίρεσις@nnfsc ὁ@dgms καῖσαρ@ngmsp βάρδας@nnmsp ἀνάρρησις@nnfsc ὁ@dgms βασίλειον@ngmsp ὅθεν@b ὁ@dnms βασίλειος@nnmsp ἀναιρέω@vnaa-- ἐρεθίζω@viap3s ὁ@dams μιχαὴλ@nnmsp ἀναίρεσις@nnfsc ὁ@dgms βασιλεύς@ngmsc μιχαὴλ@ngmsp"
"Arg._16.8","ὅτι@b ὁ@dgnp κακός@b δαπανάω@vpapgnp χρῆμα@ngnpc ὁ@dnms βασιλεύς@nnmsc συνάγω@vpaanms εἰς@p τρεῖς@ananp- ποιέω@viaa3s κεντηνάριον@nanpc ὅπως@cs ὁ@dnms φώτιος@nnmsp ἐξωθέω@viap3s ὁ@dgfs ἐκκλησία@ngfsc περί@p ἐπιβουλή@ngfsc ὅτι@b στέφω@viaa3s βασιλεύς@nampc ὁ@damp υἱός@nampc αὐτός@rpgms ὁ@dafp δέ@cs θυγάτηρ@nafpc ἀποκείρω@viaa3s ὅτι@b ἐν@p ὁ@ddfs κρήτη@ndfsp ἐκστρατεύω@vpaanms ἡσσάομαι@viap3s ὅπως@b ὁ@dnms χρυσόχειρ@nnmsp ἡσσάομαι@viap3s παρά@p ῥωμαῖος@ngmpc καί@cs ἀναιρέω@viap3s ὅτι@b ὁ@dgms ἰγνάτιος@ngmsp τελευτάω@vpaagms ὁ@dnms φώτιος@nnmsp αὖθις@b ἀνάγω@viap3s εἰς@p ὁ@dams θρόνος@namsc ὁ@dams πατριαρχικός@anams-"
"Arg._16.9","περί@vmpa2s ἐπιβουλή@ngfsc ἐκστρατεία@nnfdc κατά@p συρία@ngfsp ὅτι@b πολιορκέω@vppanms ὁ@dafs ἄδατος@nafsp ὁ@dnms βασιλεύς@nnmsc καί@cs ὁράω@vppanms ὁ@damp ἐντός@b μή@b φροντίζω@vppaamp ὁ@dgfs πολιορκία@ngfsc ἔρομαι@viam3s ὁ@dams τρόπος@namsc καί@cs ἀπαγγέλλω@viap3s αὐτός@rpdms ὅπως@b ὁ@dnmp ἐκ@p ταρ@ngmsp -@ngmsc σύ@ngmsc καί@cs μελιτηνή@ngfsp ἀγαρηνός@nnmpp ἡσσάομαι@viap3p περί@p ὁ@dgmp ἐκ@p καρχηδών@ngfsp ἀγαρηνός@ngmpp ὅτι@b ὁ@dnms ῥήγνυμι@nnmsc φραγγία@nnmsp συμμαχέω@viaa3s ὁ@ddmp ῥωμαῖος@ndmpp κατά@p ὁ@dgmp ἀγαρηνός@ngmpp καί@b ἡττάω@vpapgmp ἁλίσκομαι@viaa3s καί@b ὁ@dnms ἀρχηγός@nnmsc αὐτός@rpgmp παρά@p ὁ@dgms ῥῆγος@ngmsc καί@b ὅσος@ananp- μηχανάομαι@viae3s καί@b διαδιδράσκω@viaa3s καί@cs ὅσος@ananp- ποιέω@viaa3s ὅτι@b ἐκ@p ταρσός@ngmsp πλοῖον@nanpc πολιορκέω@viia3p ὁ@dafs εὔριπος@nafsp ἀνύω@viaa3p δέ@b οὐδείς@rpans καί@cs ἐκ@p κρήτη@ngfsp ἕτερος@ananp- ὁ@dafp παράλιος@anafp- ῥωμαῖος@anafp- δηιόω@viia3p χώρα@nafpc ἀλλά@cs καί@b κεῖνος@rpanp κακός@b ἀπαλλάσσω@viaa3p περί@p ὁ@dgfp ἐκ@p ἀφρική@angfs- ναῦς@ngfpc καί@cs περί@p ὁ@dgmp ἐκ@p ὁ@dgms ῥωμαῖος@angms- στόλος@ngmsc ἀπό@p δράω@vpaagmp καί@cs ὅπως@cs οὐδείς@rpams ἐκεῖνος@rpgmp ἀναιρέω@vpaanms ὁ@ddmp λοῖος@annmp- ποῖος@rpdmp ἐμποιέω@viaa3s φόβος@namsc"
"Arg._16.10","ὅτι@b νικάω@viaa3p ὁ@dnmp ῥωμαῖος@nnmpp ὁ@damp ἀγαρηνός@nampp ἐν@p ὁ@ddfs ναυμαχία@ndfsc ὅτι@cs ὁ@dgmp ὁ@dgms στόλος@ngmsc εἰς@p οἰκοδομή@nafpc ἀσχολέω@vppegmp ὁ@dnmp ’@ αγαρηνός@nnmpp ἀδεής@b ὁ@danp παράλια@ananp- καίω@viia3p ουν@viia3p περί@p ὁ@dgfs γυνή@ngfsc ὅς@rpdfs προεῖπον@viaa3s ὁ@dnms ἐν@p ὁ@ddms ναός@ndmsc ὁ@dgms ἅγιος@angms- ἀνδρέης@ngmsp μοναχός@nnmsc περί@p ὁ@dgns βασίλειον@ngnsp ὡς@b βασιλεύω@ndfsc ὅτι@b βασιλεύω@vpaagms ὁ@dgms βασίλειον@ngmsp προσέρχομαι@viaa3s αὐτός@rpdms ὁ@dnfs γυνή@nnfsc μετά@p ὁ@dgms υἱός@ngmsc αὐτός@rpgfs καί@b ἐτί@cs μήδομαι@viap3p ὅπως@b ὁ@dnns ἔθνος@nnnsc ὁ@dgmp ῥώς@nnmsp εἰς@p ἐπίγνωσις@nafsc ἔρχομαι@viaa3s χριστός@ngmsp"
"Arg._16.11","ὅτι@cs θνήσκω@vpaagms ὁ@dgms υἱός@ngmsc αὐτός@rpgms κωνσταντῖνος@ngmsp ὁ@dnms βασιλεύς@nnmsc ἀπαρηγόρητος@annms- εἰμί@viia3s καί@b ὅπως@cs ὁ@dnms σανταβαρηνός@nnmsp δείκνυμι@viaa3s αὐτός@rpdms ὁ@dams θνήσκω@vpraams ἔφιππος@namsc ὅσος@ananp- ὁ@dnms σανταβαρηνός@nnmsp κατά@p ὁ@dgms υἱός@ngmsc ὁ@dgms βασιλεύς@ngmsc λέων@ngmsp τεύχω@viaa3s καί@b ὅπως@cs αὐτός@rpgms κατεῖπον@viaa3s πρός@p ὁ@dams πατήρ@namsc καί@cs ὅσος@ananp- ὁ@dnms λέων@nnmsp πάσχω@viaa3s ἐκ@p οἴη@ngfsc λαβή@ngfsc τελευτάω@viaa3s ὁ@dnms βασιλεύς@nnmsc καί@cs περί@p ὁ@dgms διασῴζω@vpaagms αὐτός@rpams ἐκ@p ὁ@dgms ἔλαφος@ngmsc"
"Arg._16.12","ὅτι@cs ἐξωθέω@viaa3s ὁ@dgfs ἐκκλησία@ngfsc ὁ@dnms λέων@nnmsp ὁ@dams φώτιος@namsp καί@cs ὁ@dams ἀδελφός@namsc στέφανος@namsp πατριάρχης@namsc πρό@p χειρίζω@viam3s ὅπως@b τιμάω@viaa3s ὁ@dams ὁ@dgms βασιλεύς@ngmsc μιχαὴλ@nnmsp νεκρός@namsc ὅτι@b πυρπολέω@vpapams ὁ@dams ὁ@dgms ἅγιος@angms- θωμᾶς@ngmsp ναός@namsc ὁ@dnms βασιλεύς@nnmsc οὗτος@annms- ἀνακαινίζω@viaa3s ὅπως@cs ὁ@dams σανταβαρηνός@namsp ἀμύνω@viam3s περί@p πατριαρχής@ngmpc περί@p βούλγαρος@ngmpp καί@b ὁ@dgms ἄρχω@vppagms αὐτός@rpgmp συμεών@nnmsp καί@cs ὅσος@annnp- συμβαίνω@viaa3s ἐκ@p ἐκεῖνος@rpgns ῥωμαῖος@ndmpp ὅτι@b ἐπέρχομαι@viaa3p ὁ@ddmp βούλγαρος@ndmpp ὁ@dnmp οὖγγρος@nnmpp ἐπιβουλή@nnfsc κατά@p ὁ@dgms βασιλεύς@ngmsc λέων@ngmsp ὅτι@b ὁ@dafs ὁ@dgms ζαούτζης@ngmsp ζωή@nafsp στέφω@viaa3s ὁ@dnms ἐν@an----"
"Arg._16.13","ὅτι@b καί@b τρίτος@anafs- γαμετή@nafsc ὁ@dnms ἐν@an---- ἄγω@viam3s ὅτι@b καί@b τέταρτος@andfs- ὁμιλέω@viaa3s γυνή@ndfsc περί@p πατριαρχής@ngmpc ὅτι@b ἐν@p ὁ@ddfs εἰς@p ὁ@dams ἅγιος@anams- μώκιος@namsp πρόοδος@ndfsc πλήσσω@viap3s ὁ@dnms βασιλεύς@nnmsc ὁ@dafs κεφαλή@nafsc περί@p ὁ@dgfs πρόρρησις@ngfsc ὁ@dgms μοναχός@angms- μάρκος@ngmsp ὅτι@b ἀποδιδράσκω@vppanms ὁ@dnms σαμωνᾶς@nnmsp καταλαμβάνω@viap3s ὅτι@b ἀπελαύνω@viaa3s ὁ@dams πατριάρχης@namsc νικόλαος@namsp ὁ@dnms λέων@nnmsp"
"Arg._16.14","ὅτι@b ἐκ@p ἐπιβουλή@ngfsc ὁ@dgms σαμωνᾶς@ngmsp ὁ@dnms δοῦυξ@nnmsc ἀνδρόνικος@nnmsp ὁ@ddmp ἀγαρηνός@ndmpp προσέρχομαι@vira3s οἷος@ananp- ἐμός@viia3s χάσκω@viie3s ὁ@dnms σαμωνᾶς@nnmsp κατά@p ὁ@dgms ἀνδρόνικος@ngmsp ὁ@dgms δοὺξ@ngmsc ὅτι@b διαδιδράσκω@viaa3s κωνσταντῖνος@nnmsp ὁ@dnms ὁ@dgms ἀνδρόνικος@ngmsp υἱός@nnmsc καί@cs ὅσος@ananp- ἔρχομαι@vpaadms αὐτός@rpdms ὁ@dnms βασιλεύς@nnmsc προφοιβάζω@viaa3s ὅτι@b στέφω@viaa3s ὁ@dnms λέων@nnmsp ὁ@dams οἰκεῖος@anams- ὒ@namsc ἰός@namsc ὅσος@ananp- καί@b εἶπον@viaa3s ὁ@dnms σαμωνᾶς@nnmsp ὁ@dgms ἔκτομιος@angms- κωνσταωτῖνος@ngmsp καί@cs ὅσος@annnp- εἰς@p ἐκεῖνος@rpams γίγνομαι@viam3s ἐξωσίς@nnfsc ἐκ@p ὁ@dgnp βασίλειον@ngnpc ὁ@dgms σαμωνᾶς@ngmsp τελευτή@nnfsc ὁ@dgms βασιλεύς@ngmsc λέων@ngmsp"
"Arg._16.15","ὅτι@cs ὁ@dams ἀνεψιός@namsc κωνσταντῖνος@namsp ἐκτομίας@nafsc ποιέω@vnaa-- ὁ@dnms 1@b ἀλέξανδρος@nnmsp βούλομαι@viie3s τελευτή@nnfsc ὁ@dgms ἀλε@ngmsp ξανδρος@ngmsc τις@anamp- ἐπίτροπος@anamp- καταλιμπάνω@viaa3s ὁ@ddms ἀνεψιός@ndmsc ὁ@dnms ἀλέξανδρος@nnmsp"
"Arg._16.16","ἀποστασία@nnfsp κωνσταντῖνος@ngmsp ὁ@dgms δοὺξ@ngmsc ἀναίρεσις@nnfsc ὁ@dgms δούκα@ngmsp κωνσταντῖνος@ngmsp ὅτι@b πολύς@anamp- ὁ@dnmp ὁ@dgms βασιλεύς@ngmsc ἐπίτροπος@annmp- ὁ@dgmp συναίρω@vpamgmp ὁ@ddms ἀποστάτης@ndmsc κολάζω@viaa3p ὅτι@b διαφέρω@viie3p ἀλλήλων@rpgmp ὁ@dnmp ὁ@dgms βασιλεύς@ngmsc ἐπίτροπος@annmp- ὅτι@b ἀνάγω@viap3s ὁ@dgms βασιλεύς@ngmsc μήτηρ@nnfsc εἰς@p ὁ@danp βασίλειον@nanpc καί@cs ὁ@dgfs διοίκησις@ngfsc ἔχω@viie3s"
"Arg._16.17","ὅπως@b ὁ@dnms λακαπηνός@nnmsp παρά@p ὁ@dgms βασιλεύς@ngmsc κωνσταντῖνος@ngmsp εἰς@p ἐπικουρία@nafsc προσλαμβάνω@viap3s ὅπως@b ὁ@dnms παρακοιμώμενος@vppenms κατέχω@viap3s παρά@p ὁ@dgms λακαπηνός@ngmsp ὅτι@cs ὁ@dnms βασιλεύς@nnmsc καταφέρω@vnaa-- 2@ ὁ@dafs ἑαυτοῦ@rpgms μήτηρ@nafsc ὁ@dgms παλάτιον@ngnsc ἐπιχειρέω@viia3s ὁ@ddnp δέ@cs δάκρυον@ndnpc ἐκεῖνος@rpgfs μαλάσσω@vpapnms ἀφίημι@viaa3s αὐτός@rpafs ὅτι@cs ὁ@dafs ἑαυτοῦ@rpgms θυγάτηρ@nafsc μνηστεύω@viam3s ὁ@dnms λακαπηνός@annms- ὁ@ddms βασιλεύς@ndmsc κωνστάντιος@ndmsp ὅτι@b ὁ@dnms φωκεύς@nnmsp λέων@nnmsp τυραννίς@ndfsc ἐπιχειρέω@vmra2s καί@cs ἁλίσκομαι@vpaanms τυφλόω@viap3s ἐπιβουλή@nnfsc κατά@p ὁ@dgms βασιλεύς@ngmsc"
"Arg._16.18","ὅτι@b ἁλίσκομαι@viaa3s παρά@p ὁ@dgmp βούλγαρος@ngmpp ὁ@dnfs ἀδρανούπολις@nnfsp ὅτι@b ὁ@dnms ἐκ@p τρίπολις@ngfsp στόλος@nnmsc ἀπόλλυμι@viam3s ὅτι@b ὁμιλέω@viaa3p ἀλλήλων@rpdmp ὁ@dnms βασιλεύς@nnmsc ῥωμαῖος@ngmpp καί@cs ὁ@dnms συμεών@nnmsp οὐ@b εἰρηνεύω@viaa3p δέ@cs μετάθεσις@nnfsc ὁ@dgmp ἀρχιέρεως@ngmpc ὅτι@cs πέτρος@nnmsp ὁ@dnms ὁ@dgms συμεών@ngmsp υἱός@nnmsc σπένδω@viam3s καί@cs σύν@viaa3s ἀνίημι@viap3s αὐτός@rpdms ὁ@dnfs ὁ@dgms βασιλεύς@ngmsc ἐγγόνη@nnfsc"
"Arg._16.19","ὅπως@b καί@b ὁ@dams υἱός@namsc αὐτός@rpgms χριστοφόρος@namsp προβιβάζω@viaa3s ὁ@dgms βασιλεύς@ngmsc κωνσταντῖνος@ngmsp εἶτα@cs ὁ@damp λοιπός@anamp- δύο@an---- περί@p πατριαρχής@ngmpc τελευτή@nnfsc ὁ@dgms βασιλεύς@ngmsc χριστοφόρος@ngmsp"
"Arg._16.20","ὅτι@b μετάδοσις@nafpc ποιέω@viia3s ὁ@dnms βασιλεύς@nnmsc ῥωμανός@nnmsp ἐξιλάσκομαι@vppenms ὁ@dams θεός@namsc διά@p ὁ@dafs ἐπιορκία@nafsc καί@cs ὁ@danp χρέος@nanpc ὁ@dgmp ἐν@p ὁ@ddfs πόλις@ndfsc ἀποτίνω@viaa3s περί@p ὁ@dgms ἅγιος@angms- μανίλιος@ngnsc περί@p ὁ@dgnp συμφυής@angnp- μειράκιον@ngnpc καθά@b ρεσις@nnfsc ἐκ@p ὁ@dgfs βασίλεια@ngfsc 1@nnmsc ῥωμανός@ngmsp ὁ@b λακαπηνός@ngmsp δίκαιος@annms- εἰμί@vipa2s κύριος@nvmsc καί@cs εὐθύς@anafp- 2@ αἶ@nafpc κρίσις@nnfpc σύ@rpgcs"
"Arg._16.21","καθαίρεσις@nnfsp ἐκ@p ὁ@dgfs βασίλεια@ngfsc καί@b ὁ@dgmp υἱός@ngmpc ὁ@dgms λακαπηνός@ngmsp καί@cs τελευτή@nnfsc αὐτός@rpgmp καί@cs ὁ@dgms πατήρ@ngmsc αὐτός@rpgmp οἷος@annms- εἰμί@viia3s ὁ@dnms κωνσταντῖνος@nnmsp καί@b περί@p ὁ@danp ἦθος@nanpc περί@p ἐπιβουλή@ngfsc περί@p οὔγγρων@nnmsp"
"Arg._16.22","περί@p ὁ@dgms πατριάρχης@ngmsc θεοφυλάκτος@ngmsp περί@p ὁ@dgms πατριάρχης@ngmsc πολυεύκτος@ngmsp περί@p ὁ@dgfs τίμιος@angfs- χείρ@ngfsc ὁ@dgms πρόδρομος@ngmsp περί@p ὁ@dgmp ἀγαρηνός@ngmpp ὅτι@b ὁ@dnms ὁ@dgms βασιλεύς@ngmsc υἱός@nnmsc ῥωμανός@nnmsp ἐπιβουλεύω@viaa3s ὁ@ddms πατήρ@ndmsc τελευτή@nnfsc ὁ@dgms βασιλεύς@ngmsc κωνσταντῖνος@ngmsp"
"Arg._16.23","ὅτι@cs στέφω@viaa3s ὁ@dnms ῥωμανός@nnmsp ὁ@dams υἱός@namsc αὐτός@rpgms ὁ@dams βασίλειον@namsp ὅτι@b ὁ@danp πλείων@ananpc ὁ@dgfs κρήτη@ngfsp αἱρέω@viaa3s ὁ@dnms φωκεύς@nnmsp νικηφόρος@annms- ὅτι@b ὁ@dnms φωκεύς@nnmsp λέων@nnmsp ὁ@dnms ὁ@dgms νικηφόρος@ngmsp ἀδελφός@nnmsc ὁ@ddms χαμάδιν@nnmsp 6@ πολεμέω@vpaanms νικάω@viaa3s ὅτι@b αὖθις@b ὁ@dnms νικηφόρος@nnmsp ὁ@ddms χαμάδιν@nnmsp 6@ συμβάλλω@vpaanms ἡττάω@viaa3s αὐτός@rpams καί@cs ὁ@dans βέρεθρον@nansp πορθέω@viaa3s τελευτή@nnfsc ὁ@dgms βασιλεύς@ngmsc ῥωμανός@ngmsp ὅπως@b ὁ@dnms φωκεύς@nnmsp βασιλειάω@ngfpc ὑποπτεύω@vppenms καταγιγνώσκω@viam3s ὁ@dams παρακοιμώμενος@vppeams βρίγγα@namsp ὅτι@cs θνήσκω@vpaagms ὁ@dgms ὁ@dgmp βούλγαρος@ngmpp ἄρχω@ngmsc πέτρος@ngmsp οἶ@dnmp κομητόπωλος@annmp- ἀποστατέω@vila3p ὅπως@b ὁ@dnms φωκεύς@nampp βασιλεύς@nnmsc ἀνεῖπον@viap3s"
"Arg._16.24","οἶος@nnmsp ὁ@dnms βρίγγας@nnmsp ἀπειλέω@viaa3s ὁ@ddms δῆμος@ndmsc πᾶς@andms- ὅτι@b ὁ@dnms παρακοιμώμενος@vppenms βασίλειος@nnmsp λαός@namsc ἀποστέλλω@viaa3s καί@cs ὁ@dafs ὁ@dgms βρίγγα@ngmsp οἰκία@nafsc καταστρέφω@viaa3s καί@cs ἄλλος@rpgmp ὅτι@cs εἰμί@vipa2p πήθω@nanpc παρά@p ὁ@dgms πατριάρχης@ngmsc ὁ@dnms φωκεύς@nnmsp ὅτι@cs συμμίγνυμι@viap3s ὁ@dnms βασιλεύς@nnmsc ὁ@ddfs θεοφανώ@ndfsp ὅτι@cs κωλύω@viap3s ὁ@dnms βασιλεύς@nnmsc παρά@p ὁ@dgms πατριάρχης@ngmsc ἐπιβαίνω@vnaa-- ὁ@dgns θυσιαστήριον@ngnsc περί@p ὁ@dgmp ἐν@p σικελία@ndfsp ἀγαρηνός@ngmpp ὅτι@b ὁ@dnms τζιμισκῆς@nnmsp κατάτροπόω@viam3s ὁ@damp ἐν@p κιλικία@ndfsp ἀγαρηνός@nampp"
"Arg._16.25","ὅτι@b ὁ@dnms βασιλεύς@nnmsc ἐν@p κιλικία@ndfsp στρατεύω@viaa3s καί@cs πόλις@nafpc αὐτός@rpgmp αἱρέω@viaa3s περί@p ὁ@dgfp πύλη@ngfpc ὁ@dgfs ταρσός@ngmsp καί@cs ὁ@dgfs μοψουεστία@ngfsp περί@p ὁ@dgfs κύπρος@ngfsp ὅτι@b ὁ@dgfs συρία@ngfsp πόλις@nafpc πορθέω@vpaanms καί@cs ὁ@dafs ἀντιοχεία@nafsp πολιορκέω@vppanms ἀπανίστημι@viaa3s καί@b περί@p ὁ@dgns ἅγιος@angns- κεράμιον@ngnsc 1@ ὅπως@cs ὁ@dnms φωκεύς@nampp νικηφόρος@nnmsp διάκειμαι@viie3s περί@p ὁ@dans ὑπήκοος@anans- καί@cs ὅτι@cs οὐ@b δέ@cs ὁ@dgmp ἐκκλησιαστικός@angmp- ἀπέχω@viie3s ὅσος@ananp- εἰς@p κάκωσις@nafsc ὁ@dgmp ὑπήκοος@ngmpc οὗτος@annms- ὁ@dnms βασιλεύς@nnmsc ἐπινοέω@viia3s καί@cs οἷος@ananp- θεσπίζω@viia3s ἄθεσμα@viia3s ὅτι@cs παρά@p ὁ@dgms φώκη@ngmsp ὁ@dnns τεταρτηρός@annns- ἐπινοέω@viap3s καί@b ὁ@dnfs προτίμησις@nnfsc ὁ@dgfs ναῦς@angfs- χαραγή@ngfsc"
"Arg._16.26","περί@p ὁ@dgns τεῖχος@ngnsc ὁ@dgmp πρός@p ἕως@nafsc ἀνακτόριον@ngmpc ὅπως@cs ἁλίσκομαι@viaa3s ὁ@dnfs ἀντιοχεία@nnfsp ἐπί@p οὗτος@rpgms ὁ@dgms αὐτοκράτωρ@ngmsc καί@cs ὅπως@cs ἐκεῖνος@rpnms διατίθημι@viap3s πρός@p ὁ@damp ἀλέω@vpaaamp αὐτός@rpafs καί@cs διά@p τις@anafs- αἰτία@nafsc"
"Arg._16.27","περί@p ὁ@dgfs μέσος@anans- ὁ@dgmp ἀρμένιος@ngmpp καί@cs ὁ@dgmp πλώιμος@angmp- φιλονεικία@ngfsc καί@cs ὅπως@cs ὁ@dnms δῆμος@nnmsc διά@p οὗτος@rpgfs ἐκμανθάνω@viap3s κατά@p ὁ@dgms βασιλεύς@ngmsc ὅπως@b ὁ@dgms δῆμος@ngmsc φοβέω@vpapgms καί@cs ἐκ@p ὁ@dgns θέατρον@ngnsc ἀποδιδράσκω@vppagms πολύς@annmp- διαφθείρω@viap3p περί@p ὁ@dgmp οὔγγρων@ngmpp ὅτι@b ὁ@dnms βασιλεύς@nnmsc ὁ@dams ̔ρώς@nnmsc κινέω@vira3s κατά@p ὁ@dgmp βούλγαρος@ngmpp"
"Arg._16.28","ὅτι@b λιμός@nnmsc γίγνομαι@vira3s ἐπί@p ὁ@dgms φώκη@ngmsp ὁ@dnms δέ@b οὗτος@rpdms εἰς@p κέρδος@nansc χράω2@viam3s τίς@rpans ποιέω@viaa3s ὁ@dnms μακεδών@nnmsp βασίλειος@annms- σιτοδεία@ngfsc ἐπί@p ὁ@dgfp ἡμέρα@ngfpc αὐτός@rpgms γίγνομαι@vpamgfs περί@p λέων@ngmsp ὁ@dgms ἀδελφός@ngmsc ὁ@dgms φώκη@ngmsp ὅτι@cs κατά@p ὁ@dgms βασιλεύς@ngmsc ἐρεθίζω@viaa3s ὁ@dams φωκεύς@namsp ὁ@dnfs θεοφανώ@nnfsp ὅτι@cs λογοθέτης@namsc ὁ@dgms δρόμος@ngmsc προβάλλω@viam3s ὁ@dams φωκεύς@namsp ὁ@dnms φωκεύς@nnmsp ἐπιβουλή@nnfsc ὁ@dgms φωκεύς@ngmsp κατά@p ὁ@dgms φώκη@ngmsp συμπράσσω@vppagfs καί@nafsc ’@ananp- ὁ@dgfs θεοφανής@ngfsp ἀναίρεσις@nnfsc ὁ@dgms φώκη@ngmsp νικηφόρος@ngmsp"
"Arg._17.1","ὅτι@cs ὁ@dams παρακοιμώμενος@vppeams βασίλειον@namsp ὁ@ddnp ὁ@dgfs βασίλεια@ngfsc ἐφίστημι@viaa3s πρᾶγμα@ndnpc ὅτι@cs κωλύω@viap3s ὁ@dnms τζιμισκῆς@nnmsp εἰσέρχομαι@vnaa-- εἰς@p ὁ@dafs ἐκκλησία@nafsc ποτέ@b στέφω@viap3s ὁ@dnms τζιμισκῆς@nnmsp ποτέ@b ὁ@dnmp μανιχαῖος@nnmpp ἐκ@p ὁ@dgfs ἑῷος@ngfsc εἰς@p ὁ@danp ἑσπέριος@ananp- μεταφέρω@viap3p περί@p πατριαρχής@ngmpc περί@p ὁ@dgmp ἀγαρηνός@ngmpp ὅτι@b οἶ@vpranms ῥώς@vpranms μετακαλέω@vpapnmp κατά@p ὁ@dgmp βούλγαρος@ngmpp καί@cs αὐτός@rpamp καταγωνίζομαι@vpaenmp ἐπαναιρέομαι@viaa3p θέω@vnpa-- εἰς@p ὁ@danp ἴδιος@ananp- οὐ@b ἐθέλω@viia1s καί@cs περί@p ὁ@dgms καλοκυρός@ngmsp ὅτι@b ὁ@dnms σκληρός@nnmsp βάρδας@nnmsp στέλλω@viap3s κατά@p ὁ@dgmp ῥώς@ngmpp ὅπως@b ὁ@dnms σκληρός@nnmsp ὁ@damp ῥώς@nampp καταγωνίζομαι@viae3s καί@cs ὁ@damp συμμαχέω@vppaamp αὐτός@rpdmp"
"Arg._17.2","ὅπως@cs ὁ@dnms φωκεύς@nnmsp βάρδας@nnmsp τυραννίς@ndfsc ἐπικεχός@vipa3s ρηκε@vira3s καί@cs ὁ@dnms πατήρ@nnmsc αὐτός@rpgms καί@cs ὁ@dnms ἀδελφός@nnmsc ἀποδιδράσκω@vnaa-- μελετάω@vpaanmp γιγνώσκω@viap3p ὅτι@b ὁ@dgms σκληρός@ngmsp ἐπι@viaa3s θνήσκω@vpaagms ὁ@ddms φωκεύς@ndmsp ὁ@dnmp σύν@p ἐκεῖνος@rpdms προσέρχομαι@viaa3p ὁ@ddms σκλη@ndmsp ρός@ndmsc καί@b ὁ@dnms φωκεύς@nnmsp ὁ@ddms βασιλεύς@ndmsc προσχωρέω@viaa3s καί@cs κείρω@viap3s κληρικός@annms- καί@cs περιωρίζω@viap3s εἰς@p χίος@nafsp ὅτι@cs γαμέω@viaa3s ὁ@dnms βασιλεύς@nnmsc ὁ@dafs θυγάτηρ@nafsc ὁ@dgms βασιλεύς@ngmsc κωνσταντῖνος@ngmsp ὅτι@b ἐκστρατεύω@viaa3s κατά@p ὁ@dgmp ῥώς@ngmpp καί@cs πόλις@nnfpc καί@cs φρούριον@nanpc ὑπό@p αὐτός@rpgmp κατέχω@vppeanp λαμβάνω@viaa3s ἅλωσις@nnfsc ὁ@dgfs περσθλάβας@ngfsp πολιορκία@nnfsc ὁ@dgms δορόπληκτος@ngmsp ἤτοι@b ὁ@dgfs δρίστρα@ngfsp καί@cs ὅπως@cs γίγνομαι@vira3s ὁ@dnfs πολιορκία@nnfsc"
"Arg._17.3","ὁ@dnfs τελευταῖος@annfs- μάχη@nnfsc πρός@p θρᾷξ@namsp καί@cs ὁ@damp ῥώς@nampp ὅτι@b καί@b ὁ@dgfs ἐκ@p θεός@ngmsc βοήθεια@ngfsc τυγχάνω@viaa3p οἶ@vira1s ῥωμαῖος@nnmpp ἅλωσις@nnfsc ὁ@dgfs δρίστρα@ngfsp ὅπως@b γιγνώσκω@viap3s ὅτι@cs ὁ@dnms ἅγιος@annms- θεόδωρος@nnmsp ὁ@ddms βασιλεύς@ndmsc συμμαχέω@viaa3s ὅτι@b προσέρχομαι@viaa3s ὁ@ddms βασιλεύς@ndmsc ὁ@dnms θρᾷξ@nnmsp καί@cs προσδέχομαι@viap3s"
"Arg._17.4","ὅτι@b ἐπανέρχομαι@vpaanms ὁ@dnms βασιλεύς@nnmsc θριαμβεύω@viaa3s περί@p ὁ@dgms ἐν@p ὁ@ddmp χάλκεος@ndmpp ναός@ngmsc ὁ@dgms σωτήρ@ngmsc περί@p πατριαρχής@ngmpc ὅτι@b ἀποστατέω@vpaagmp ὁ@dgmp ἑῷος@angmp- βάρβαρος@ngmpc ἐκστρατεύω@viaa3s ὁ@dnms βασιλεύς@nnmsc κατά@p αὐτός@rpgmp καί@b ὅθεν@b ὁ@dnms παρακοιμώμενος@vppenms ἐρεθίζω@viap3s ἐπιβουλεύω@vnaa-- αὐτός@rpdms καί@cs ὅπως@b ἐπιβουλεύω@viaa3s τελευτή@nnfsc ἰώαννης@ngmsp ὁ@dgms φωκεύς@ngmsp ὅτι@b αὖθις@b ὁ@dnms φωκεύς@nnmsp λέων@nnmsp καί@cs ὁ@dnms υἱός@nnmsc αὐτός@rpgms νικηφόρος@nnmsp μελετάω@vpaanmp ἐπιτίθημι@vnam-- ὁ@ddfs βασιλεία@ndfsc ἐτυ@ φλόω@viap3p"
"Arg._17.5","ὅτι@b ἀνακαλέω@viap3s ἐκ@p ὁ@dgfs ὑπερορία@ngfsc ὁ@dnfs μήτηρ@nnfsc ὁ@dgmp βασιλεύς@ngmpc ὅτι@b ἀποστατέω@viaa3s ὁ@dnms μάγιστρος@nnmsc βάρδας@nnmsp ὁ@dnms σκληρός@annms- καί@cs ὅσος@annnp- ἐν@p ὁ@ddfs ἀπόστασις@ndfsc αὐτός@rpgms γίγνομαι@vila3s ναίω@vipa3s πῶς@b ὁ@dnms σκληρός@nnmsp ὁ@dgfs νικαία@ngfsp κρατέω@viaa3s ὅτι@b ὁ@ddms φωκεύς@ndmsp βάρδας@ndmsp ὁ@dams κατά@p ὁ@dgms σκληρός@ngmsp πιστεύω@viaa3s πόλεμος@namsc ὁ@dnms παρακοιμώμενος@vppenms ὅπως@b μονομαχέω@viap3p ὁ@dnms σκληρός@nnmsp καί@cs ὁ@dnms φωκεύς@nnmsp καί@cs ὅπως@cs ὁ@dnmp περί@p ὁ@dams σκλη@namsp -@ ρός@namsc τρέπω@viaa3p εἰς@p φυγή@nafsc φυγή@nnfsc ὁ@dgms σκληρός@ngmsp πρός@p βαβυλών@nafsp καί@cs κάθειρξις@nnfsc αὐτός@rpgms καί@cs ὁ@dgmp μετά@p αὐτός@rpgms"
"Arg._17.6","περί@nnmsp πατριαρχής@vppanms περί@p βούλγαρος@ngmpp καί@b ὁ@dgms σαμουὴλ@ngmsp καί@cs ὁ@dgmp ἀδελφός@ngmpc αὐτός@rpgms ὅτι@b ὁ@dnms βασιλεύς@nnmsc ἐκστρατεύω@viaa3s κατά@p βούλγαρος@ngmpp καί@cs ὁ@dafs τριάδιτζα@nafsp μέλλω@viia3s πολιορκέω@vnpa-- ὅπως@b ὁ@dnms κοντοσφύλακος@nnmsp ἀπάτη@ndfsc μετέρχομαι@viaa3s ὁ@dams βασιλεύς@namsc καί@cs πείθω@viaa3s ἀναζεύγνυμι@vnaa-- καί@cs ὅσος@ananp- ὁ@dnmp βούλγαρος@nnmpp ὁ@ddmp ῥωμαῖος@ndmpp ποιέω@viaa3p ἀναζέω@b γνύω@vipa3p ὅτι@b ὁ@dnms φωκεύς@nnmsp βασιλεύς@nnmsc ἀνεῖπον@viap3s ὅτι@b ὁ@dnms σκληρός@nnmsp καί@cs οἶ@rpnmp παρά@p ὁ@ddmp ἀγαρηνός@ndmpp ῥωμαῖος@nnmpp ἀνίημι@viap3p ὁ@dgmp δεσμός@ngmpc καί@cs ἐπανέρχομαι@vnaa-- εἰς@p ὁ@danp ῥωμαῖος@ngmpp ὅριον@nanpc δύναμαι@viap3p ὅτι@b κοινωνία@nafsc τίθημι@vnae-- μετά@p ὁ@dgms φώκη@ngmsp ἐπί@p ὁ@ddfs τυραννίς@ndfsc ἐθέλω@viaa3s ὁ@dnms σκληρός@nnmsp καί@cs ὅπως@cs κατέχω@viap3s καί@cs ἐδεσμάω@viap3s"
"Arg._17.7","ὅτι@b πρό@p ὁ@dgns δεσμέω@vnap-- λάθρῃ@b ὡς@cs αὐτός@rpans βλώσκω@viaa3p πέμπω@viaa3s ὁ@dams ὒ@namsc ἰός@namsc αὐτός@rpgms πρός@p ὁ@dams βασιλεύς@namsc ὁ@dnms σκληρός@nnmsp περί@p ὁ@dgms δελφίς@namsp ὅπως@cs ἁλίσκομαι@viaa3s καί@cs ἀνασκολοπίζω@viap3s ὅπως@b ὁ@dnms φωκεύς@nnmsp καταστρέφω@viaa3s ὁ@dafs ζωή@nafsc οἷος@annms- ὁ@dnms βασιλεύς@nnmsc βασίλειος@nnmsp ὁ@dans ἦθος@nansc γίγνομαι@viam3s μετά@p ὁ@dafs κατά@p λυσις@nafsc ὁ@dgms φώκη@ngmsp ὅπως@cs ὁ@dams παρακοιμώμενος@vppeams ὁ@dnms βασιλεύς@nnmsc ἀποσκευάζω@viam3s καί@cs ὅπως@cs πρός@p ἐκεῖνος@rpams διατίθημι@viap3s τελευτή@nnfsc ὁ@dgms παρακοιμώμενος@vpregms οἶος@annms- εἰμί@viia3s ὁ@dnms βασιλεύς@nnmsc πρό@p ὁ@dgns ὁ@dgfs ἐξουσία@ngfsc ἐπιλαμβάνω@vnam-- καί@b οἶος@annms- μετά@p οὗτος@rpanp γίγνομαι@viam3s καί@cs ὅπως@cs χράω2@vile3s ὁ@ddms ἀδελφός@ndmsc καί@cs οἶος@annms- εἰμί@viia3s ἐκεῖνος@rpnms ὁ@dans ἦθος@nansc ὅτι@b αὖθις@b ὁ@dnms σκληρός@nnmsp ὁ@dgfs τυραννίς@ngfsc ἔχω@viie3s καί@cs ὅπως@b σπένδω@viam3s καί@b προσέρχομαι@viaa3s ὁ@ddms βασιλεύς@ndmsc καί@cs δέχομαι@viap3s ὅτι@b κληρονόμος@nnmsc ὁ@dgfs ἰβηρία@ngfsp καταλείπω@vpapnms ὁ@dnms βασιλεύς@nnmsc ἀπέρχομαι@viaa3s ἐκεῖ@b ἵζω@rpnfs ἐν@p ἰβηρίη@ndfsp καί@cs φοινίκη@ndfsp κατορθόω@viaa3s"
"Arg._17.8","περί@nnmsp πατριαρχής@vppanms περί@p ὁ@dgms σαμουὴλ@ngmsp καί@cs ὁ@dgmp βούλγαρος@ngnpp καί@b ὅσος@ananp- κατά@p αὐτός@rpams ὁ@dnms βασιλεύς@nnmsc ἵστημι@viam3s τρόπαιον@nanpc ὁ@danp μέν@b διά@p ἑαυτοῦ@rpgms ὁ@danp δέ@cs διά@p ὁ@dgmp στρατηγός@ngmpc καί@cs ὅσος@anafp- πόλις@nafpc αἱρέω@viaa3s καί@cs φρούριον@nanpc οἷος@ananp- ὁ@dnms βασιλεύς@nnmsc δογματίζω@viaa3s οἷος@annms- εἰμί@viia3s ὁ@dnms βασιλεύς@nnmsc οὗτος@annms- ὁ@dans ἦθος@nansc καί@b οἷος@annms- εἰμί@viia3s περί@p χρῆμα@nanpc καί@cs ὅσος@ananp- συνάγω@viaa3s καί@cs θησαυρίζω@viaa3s"
"Arg._17.9","ὅτι@cs ὁ@dnmp ἀγαρηνός@nnmpp ὁ@dams ἐν@p ἱερουσαλήμ@ndmsp καθίημι@vipa3s λον@anams- ναός@namsc ὅσος@ananp- ἐν@p βουλγαρία@ndfsp ποιέω@viaa3s ὁ@dnms βασιλεύς@nnmsc βασίλειος@annms- ὅπως@b ὁ@damp φραγμός@nampc ὁ@dgnp ὄρος@ngnpc καθίημι@vipa3s λεν@viaa3s ὁ@dnms βασιλεύς@nnmsc καί@cs εἰς@p βουλγαρία@nafsp εἰσβάλλω@viaa3s καί@cs περί@p ὁ@dgfs τελευτή@ngfsc ὁ@dgms σαμουήλ@ngmsp ὅτι@cs ὁ@dnms ὁ@dgms σαμουὴλ@ngmsp υἱός@nnmsc ἀναιρέω@viap3s παρά@p συγγενής@angms- αὐτός@rpgms ὅτι@b πολύς@annmp- ὁ@dgmp ἐπίσημος@angmp- βούλγαρος@ngmpp προσρέω@viaa3p ὁ@ddms βασιλεύς@ndmsc ὅτι@b καί@b αὖθις@b ὁ@dnms βασιλεύς@nnmsc ἐκστρατεύω@viaa3s κατά@p βούλγαρος@ngmpp καί@cs ὅσος@ananp- ποιέω@viaa3s ὅτι@b προσρέω@viap3s ὁ@ddms βασιλεύς@ndmsc ὁ@dnfs γυνή@nnfsc καί@cs ὁ@dnmp παῖς@nn-pc ὁ@dgms βλαδισθλάβος@ngmsp ἰώαννης@ngmsp ὁ@dgms υἱός@ngmsc ἀαρών@ngmsp ὅτι@b κατέχω@vpaanms ὁ@dafs βουλγαρία@nafsp ὁ@dnms βασιλεύς@nnmsc εἰς@p ἀθῆναι@nafpp ἀπέρχομαι@viaa3s ὁ@ddfs πάναγνος@ndfsc ἀνθομολογέομαι@vppenms μένος@vprenms περί@p πατριαρχής@ngmpc ἐκστρατεία@nnfsc κατά@p ἀβασγία@ngfsp νίκη@nnfsc ῥωμαῖος@ngmpp κατά@p ὁ@dgmp ἴβηρ@ngmpp περί@p πατριαρχής@ngmpc τελευτή@nnfsc βασίλειον@ngnsp"
"Arg._17.10","οἷος@annms- εἰμί@viia3s ὁ@dans ἦθος@nansc ὁ@dnms κωνσταντῖνος@nnmsp καί@cs ὁ@dafs διαγωγή@nafsc περί@p ὁ@dgfp θυγάτηρ@ngfpc ὁ@dgms βασιλεύς@ngmsc καί@cs ὁ@dgfp ἐκτομή@ngfpc αὐτός@rpgms θεράπων@ngmpc περί@p πατζινάκος@ngmpp ὅπως@b ὁ@ddfp εἰσπράσσω@ndfpc ὁ@dnms βασιλεύς@nnmsc οὗτος@annms- ἐκτρίβω@viaa3s ὁ@dans ὑπήκοος@anans- ὅπως@b ὁ@dams ἀργυρόπωλος@namsp ῥωμανός@anams- βρός@namsc εἰς@p ὁ@dafs θυγάτηρ@nafsc ὁ@dnms βασιλεύς@nnmsc ποιέω@viam3s ὁ@dafs ἐκεῖνος@rpgms σύμβιος@anafs- ἀποκαρίζω@vnap-- ποιέω@vpaanms καί@b καῖσαρ@namsp οὗτος@anams- ἀνειπεῖν@viaa3s καί@cs διάδοχος@namsc ὁ@dgfs βασίλεια@ngfsc καθέλκω@viaa3s λέγω@viaa3s τελευτή@nnfsc ὁ@dgms βασιλεύς@ngmsc κωνσταντῖνος@ngmsp"
"Arg._17.11","ὅτι@b ἐκκόπτω@viaa3s ὁ@dans ἀλληλέγγυος@nansc καί@b αὐξάνω@viaa3s ὁ@dafs ῥόγα@nafsc ὁ@dgmp κληρικός@angmp- ὁ@dgfs μέγας@angfs- ἐκκλησία@ngfsc καί@cs χρεοκοπία@nafsc ποιέω@viaa3s ὅτι@b ὁ@dnms προυσιανὸς@nnmsp ὑποπτεύω@viia3s τίθημι@vpapnms ἐπί@p τυραννίς@ndfsc τυφλόω@viap3s καί@b ὁ@dnms διογενής@annms- κωνσταντῖνος@nnmsp ὅμοιος@andfs- αἰτία@ndfsc κατείργω@viap3s ὅτι@b σπένδω@viam3s ὁ@ddmp ἀβασγοί@ndmpp καί@cs ὁ@dafs ἴδιος@anafs- ἀνεψιά@nafsc νύμφη@nafsc δίδωμι@viaa3s ὅτι@b οἶ@b ἀγαρηνός@nnmpp καιρός@ngmsc λαμβάνω@vpamnmp ὁ@dgfp πόλις@ngfpc ἐπιλαμβάνω@viam3p ὅς@rpafp παρά@p ὁ@dgms φώκη@nvmsp καί@cs ὁ@dgms φωκεύς@namsp ἀφαιρέω@viap3p ὅτι@b στρατεύω@viaa3s κατά@p ὁ@dgns χαλεπός@nvmsc καί@cs προσέρχομαι@viaa3s αὐτός@rpdms πρεσβεία@nnfsc εἰρήνη@nafsc αἰτέω@vppanfs ὁ@dnms δέ@b οὐ@b σπένδω@viam3s ὅτι@b ἄραψ@nnmpp ἀθρόος@anans- ὁ@ddms χάραξ@ndmsc ἐπι@viaa3s θνήσκω@vpaanmp τρέπω@viam3p ὁ@damp ῥωμαῖος@nampp καί@b ὁ@dnms βασιλεύς@nnmsc φεύγω@viaa3s καί@cs ὁ@dnns στρατόπεδον@nnnsc διαρπάζω@viap3s"
"Arg._17.12","ὅτι@b ἐπανέρχομαι@vpaanms ὁ@dnms βασιλεύς@nnmsc εἰς@p ὁ@dafs πόλις@nafsc βαρύς@b ὁ@ddmp ὑπό@p αὐτός@rpams προσφέρω@viie3s περί@p ὁ@dgfs παρά@p πλ@b ὁ@dgms ῥωμανός@ngmsp οἰκοδομέω@vpapgfs μονή@ngfsc περί@p ὁ@dgms υἱός@ngmsc ὁ@dgms χαλεπίτου@ngmsp περί@p κωνσταντῖνος@ngmsp ὁ@dgms διογενής@angms- περί@p διάφορος@angnp- ἔθνος@ngnpc ὁ@danp ὑπό@p ῥωμαῖος@nampp ληίζομαι@vppegnp 1@ περί@p ὁ@dgfs αὐτόγραφος@angms- ἐπιστολή@ngfsc ὁ@dgms χριστός@ngmsp περί@p ὁ@dgmp μεταναστεύω@vppagmp διά@p ὁ@dams λιμός@namsc περί@p σεισμός@ngmpc"
"Arg._17.13","ὅτι@b πρότερος@b ὁ@dnms βασιλεύς@nnmsc κατατείνω@viaa3s ἑαυτοῦ@rpams περί@p μίξις@nafsc παιδοποιία@ngfsc ἐφίημι@vppenms ἀπογιγνώσκω@vpaanms δέ@b οὗτος@rpgfs οὐ@b συνεχής@b πρόσειμι1@viia3s ὁ@ddfs βασίλισσα@ndfsc ὁ@dnfs δέ@cs αὐτός@rpams μισέω@viaa3s ὅπως@cs ὁ@dnms παφλαγών@nnmsp μιχαὴλ@nnmsp προσλαμβάνω@viap3s παρά@p ὁ@dgms βασιλεύς@ngmsc καί@b ὡς@cs ἔραμαι@viap3s αὐτός@rpgms ὁ@dnfs ζωή@nnfsp καί@cs ὅτι@cs διά@p ὁ@dams ἔρως@namsc ὁ@dnms βασιλεύς@nnmsc ρωμανός@nnmsp ἐπιβοάω@viap3s λεύω@viap3s καί@cs θνήσκω@vira3s τελευτή@nnfsc ὁ@dgms βασιλεύς@ngmsc ῥωμανός@ngmsp 2@"
"Arg._17.14","οἷος@nnmsp διατίθημι@viap3s πρός@p ὁ@dafs βασιλίς@nafsc ὁ@dnms μιχαήλ@nnmsp οἶος@annms- εἰμί@viia3s ὁ@dans ἦθος@nansc ὁ@dnms ὁ@dgms βασιλεύς@ngmsc ἀδελφός@nnmsc ἰώαννης@nnmsp περί@p ὁ@dgfs νόσος@ngfsc ὁ@dgms βασιλεύς@ngmsc μιχαὴλ@ngmsp περί@p ὁ@dgms κηπουρός@ngmsp καί@cs διά@p τις@anafs- αἰτία@nafsc κατείργω@viap3s περί@p ὁ@dgms ἐκ@p ἀφρική@ngfsp στόλος@ngmsc περί@p παγκράτιον@ngmsp ὁ@dgms ἄρχω@vppagms ἀβασγία@nnmsp περί@p σκύθης@ngmpp περί@p ἄραβες@ngmpp"
"Arg._17.15","ὅτι@cs μετά@p ὁ@dgmp αἰγύπτιος@ngmpp ὁ@dnmp ῥωμαῖος@nnmpp σπένδω@vipa3s σαντο@viam3p ὅτι@b ὁ@dnms μανιάκης@nnmsp ὁ@dafs σικελία@nafsp ὑπό@p σαρακηνός@ngmpp κατέχω@vppeafs ῥωμαῖος@ndmpp ὑποτάσσω@viaa3s ὅπως@b ὑπό@p ἄραβες@ngmpp ἐπιβουλεύω@viap3s ὁ@dnfs δέω@nnfsp καί@cs ὅπως@cs γιγνώσκω@viap3s ὁ@danp ὁ@dgfs ἐπιβουλή@ngfsc ὅτι@b ὁ@dnms καρχηδόνιος@nnmsp 4@ κρατέω@vppanms κατά@p ὁ@dgfs σικελία@ngfsp ἐπέρχομαι@viaa3s καί@b ὅπως@cs ἡσσάομαι@viap3s παρά@p ὁ@dgms μανιάκη@ngmsp καί@cs φεύγω@viaa3s καί@cs ὅπως@cs ὁ@dnms μανιάκης@nnmsp δέ@b σμιος@nnmsc ἐκεῖθεν@b ἄγω@vpapnms κατείργω@viap3s ὅτι@cs ὁ@dnfs σικελία@nnfsp αὖ@b θις@b λαμβάνω@viap3s ὑπό@p ὁ@dgmp ἀγαρηνός@ngmpp ἄνευ@p εἷς@angfs- πόλις@ngfsc ὁ@dgfs μεσόηνη@ngfsp ὅτι@b ἐφίημι@viie3s ὁ@dgns πατριαρχεῖον@ngnsc ὁ@dnms ὀρφανοτρόφος@annms- ὅπως@b πρός@p ὁ@dans ὑπήκοος@anans- διάκειμαι@viie3s ὁ@dnms ὀρφα1@nnmsc κουροτρόφος@nnmsp καί@cs ὁ@dnfs ἀδελφή@nnfsc αὐτός@rpgms ὅτι@cs ἐπιβουλεύω@viap3s παρά@p ὁ@dgfs βασίλεια@ngfsc ζωή@nnmsp ὁ@dnms ὀρφανοτρόφος@annms-"
"Arg._17.16","ὅτι@b ὁ@dnfs νόσος@nnfsc ὁ@dgfs παραφορά@ngfsc κατακρατέω@viaa3s σφόδρα@namsp ὁ@dgms βασιλεύς@ngmsc ὅπως@b ἔχω@viaa3s περί@p ὁ@dafs βαςίλιςσα@nafsc ὁ@dnms βασιλεύς@nnmsc μιχαήλ@nnmsp ὅτι@b καί@b ὕδερος@andms- περιπίπτω@viaa3s ὁ@dnms βασιλεύς@nnmsc μιχαήλ@nnmsp ὅτι@b καί@b ὕδερος@andms- περιπίπτω@viaa3s ὁ@dnms βασιλεύς@nnmsc μιχαήλ@nnmsp ὅτι@b ὁ@dnms καλαφάτης@nnmsp μιχαὴλ@nnmsp υἱοθετέω@viap3s ὁ@ndfsp βασιλίς@ndfsc καί@cs καῖσαρ@nnmsp ἀναγορεύω@viap3s"
"Arg._17.17","ὅπως@b ἀποστατέω@viaa3s πάλιν@b ὁ@dnns ὁ@dgmp βούλγαρος@ngmpp ἔθνος@nnnsc καί@b ὅπως@cs εἰς@p δύο@an---- ἀρχηγός@nampc περιίστημι@viaa3s καί@cs ὅπως@cs ὁ@dnms εἷς@annms- ὁ@dams ἄλλος@rpams διαφθείρω@viaa3s παρασκευάζω@vpaanms ὁ@dans πλῆθος@nansc λιθολευστέω@vnaa-- αὐτός@rpams ὅτι@b ὁ@dnms βασιλεύς@nnmsc ὑδεριάς@vppanms ἐκστρατεύω@viaa3s κατά@p βούλγαρος@ngmpp ὅπως@b ὁ@dnms ἀλουσιανὸς@nnmsp φεύγω@viaa3s ἐκ@p ὁ@dgmp ῥωμαῖος@ngmpp εἰς@p ὁ@damp βούλγαρος@nampp καί@cs ὅπως@cs γνωρίζω@viap3s ὁ@dgms ἀαρών@ngmsp εἰμί@vnpa-- ναός@nnmsc καί@cs ὅπως@cs ὁ@dams δολιανός@namsp κατέχω@vpaanms ἀποτυφλόω@viaa3s ὅτι@cs προσέρχομαι@viaa3s ὁ@dnms ἀλουσιανὸς@annms- ὁ@ddms βασιλεύς@ndmsc ὅπως@b ἀπέρχομαι@viaa3s ὁ@dnms βασιλεύς@nnmsc εἰς@p ὁ@dafs μονή@nafsc ὁ@dgmp ἅγιος@angmp- ἀνάλιθος@ngmpp καί@cs ἀποκόπτω@viap3s τελευτή@nnfsp ὁ@dgms βασιλεύς@ngmsc μιχαὴλ@ngmsp ὁ@dgms παφλαγών@ngmsp"
"Arg._17.18","ὅτι@b εἰσέρχομαι@viaa3s εἰς@p ὁ@danp βασίλειον@nanpc ὁ@dnms καῖσαρ@nnmsp μιχαήλ@nnmsp ἀνάρρησις@nnfsc εἰς@p βασιλεύς@namsc ὁ@dgms καῖσαρ@ngmsp καί@cs οἷος@rpnms εἰμί@viia3s ὁ@dans ἦθος@nansc ὁ@dnms μιχαήλ@nnmsp ὅπως@cs διατίθημι@viap3s πρός@p ὁ@dams θεῖος1@anams- αὐτός@rpgms ὁ@dams ὀφανοτρόφος@anams- ἐξορία@nnfsc ὁ@dgms ὀρφανοτρόφος@angms- ὅτι@cs ὁ@damp οἰκεῖος@anamp- συγγενής@anamp- ὁ@dnms μιχαὴλ@nnmsp ἐξευνουχίζω@viaa3s 1@"
"Arg._17.19","ὅτι@cs αἰτιάομαι@ndfpc κατά@p ὁ@dgfs βασίλεια@ngfsc ζωή@nnmsp πλάζω@nnmsp ὁ@dnms μιχαὴλ@nnmsp ἀποκείρω@viia3s αὐτός@rpafs πρότερος@anans- εἰς@p ὁ@dafs ὁ@dgms πρίγκιπες@ngmsp νῆσος@nafsc περιορίζω@vpaanms αὐτός@rpafs 2@ ὅτι@cs διά@p ὁ@dafs στάσις@nafsc ἀνακομίζω@viap3s ὁ@dnfs βασιλίς@nnfsc καί@cs ὁ@dnms λαός@nnmsc μελενδυτέω@vppaafs εἶδον@vpaanms αὐτός@rpafs εἰς@p πλέος@anans- θυμόω@vire3s ὅτι@b πρός@p ὁ@dafs ὁ@dgfs ζωή@ngfsp ἀδελφή@nafsc ὁ@dafs θεοδόρης@nafsp ὁ@dans πλῆθος@nansc τρέπω@vpapnns αὐγοῦστα@nafsp αὐτός@rpafs ἀναγορεύω@viaa3s ἐν@p ὁ@ddfs μέγας@andfs- ἐκκλησία@ndfsc καί@cs ὅτι@cs εἰς@p ὁ@dafs μονή@nafsc ὁ@dgms στησίος@ngmsp ὁ@dnms μιχαὴλ@nnmsp καί@cs ὁ@dnms θεῖος2@nnmsc αὐτός@rpgms ὁ@dnms κωνσταντῖνος@nnmsp ἀπέρχομαι@viaa3p ὅτι@b τυφλόω@viap3p ὁ@dnms βασιλεύς@nnmsc μιχαὴλ@nnmsp καί@cs ὁ@dnms θεῖος2@nnmsc αὐτός@rpgms ὁ@dnms νωβελλίσιμος@annms- κωνσταντῖνος@nnmsp εἶτα@b καί@b ὑπερωρίζω@viap3p"
"Arg._17.20","ὅτι@cs ἀνήρ@namsc ὁ@dnfs βασιλίς@nnfsc ζωή@nnfsp μνηστεύω@viie3s ὅπως@cs ἀποδοκιμάζω@viap3s ὁ@dnms βρεττανός@nnmsp περί@p ὁ@dgms μονόμαχος@ngmsp καί@cs ὅπως@cs παρά@p ὁ@dgfs βασίλισσα@ngfsc ζωή@nnmsp αἱρέω@viap3s πρός@p βασιλεία@nafsc καί@cs πρός@p συνοίκησις@nafsc ὅτι@cs στέφω@viap3s ὁ@dnms μονομάχος@nnmsp"
"Arg._17.21","οἷος@annms- εἰμί@viia3s ὁ@dafs γνώμη@nafsc ὁ@dnms μονομάχος@nnmsp περί@p ὁ@dgms βοισθλάβος@ngmsp καί@cs ὅσος@annnp- παρά@p ἐκεῖνος@rpgms γίγνομαι@viam3p περί@p ὁ@dgms μονόμαχος@ngmsp καί@cs ὁ@dgfs σκληρός@ngfsp ὁ@dgms πρός@p ἀλλήλων@rpamp ἔρως@ngmsc ὅτι@cs ἐπανάγω@viap3s ἐκ@p ὁ@dgfs μιτυλήνη@ngfsp ὁ@dnfs σκλήραινα@nnfsp καί@cs ὅπως@b αὐτός@rpdfs χράω2@viam3s ὁ@dnms βασιλεύς@nnmsc τελευτή@nnfsc ὁ@dgfs σκληρός@ngfsp"
"Arg._17.22","περί@p ὁ@dgfs ὁ@dgms μανιάκη@ngmsp ἀποστασία@ngfsc καί@cs ὅπως@b διαλύω@viap3s ἀποστασία@nnfsc ὁ@dgms ἐρωτικός@angms- περί@p πατριαρχής@ngmpc ὅτι@b τυφλόω@viap3s ὁ@dnms γίγνομαι@vpranms ὀρφανοτρόφος@annms- ἰώαννης@nnmsp ἀποστασία@nnfsc ὁ@dgms τορνίκιος@angms- λέων@ngmsp"
"Arg._17.23","ὅτι@b τυφλόω@viap3p ὁ@dnms τορνίκιος@nnmsp καί@cs ὁ@dnms βατάτζης@nnmsp"
"Arg._17.24","περί@p ὁ@dgmp ̔ρώς@n---c κατά@p ὁ@dgfs βασίλεια@ngfsc ὁ@dgfp πόλις@ngfpc ἐπέκτασις@ngfsc ναυμαχία@nnfsc κατά@p ὁ@dgmp ̔ρώς@nnmsc καί@cs ἧσσα@nnfsc αὐτός@rpgmp"
"Arg._17.25","ὅπως@cs ὁ@dnmp τοῦρκος@nnmpp κατά@p ὁ@dgfs ὑπόκειμαι@vpregfs ῥωμαῖος@ndmpc ἑῷος@ngfsc μοῖρα@ngfsc χωρέω@viaa3p καί@cs τις@rpnmp οὗτος@rpnmp ὅπως@b οἶ@rpnmp τοῦρκος@nnmpp ὁ@ddfp ὑπό@p ῥωμαῖος@nampp ἐπέρχομαι@viaa3p χώρα@ndfpc περί@p ὁ@dgfs χώρα@ngfsc ὁ@dgms ἄρτζε@ngmsp πόλεμος@nnmpc ῥωμαῖος@ngmpp συμμάχομαι@vppegmp ἴβηρ@ndmpp πρός@p ὁ@damp τοῦρκος@nampp καί@cs ἅλωσις@nnfsc ὁ@dgms λιπαρίτης@ngmsp ἄρχω@vppagms ὁ@dgmp ἴβηρ@ngmpp ὅτι@b αὐτός@annms- ὁ@dnms σουλτάν@nnmsp κατά@p ῥωμαῖος@ngmpp χωρέω@viaa3s"
"Arg._17.26","περί@p πατζινάκος@ngmpp καί@cs ὅπως@cs εἰς@p ὁ@danp παρίστρια@nanpc διαβαίνω@viaa3p περί@p ὁ@dgfs ὁ@dgmp σκύθης@ngmpp προσέλευσις@ngfsc περί@p ὁ@dgfs ὁ@dgmp ἕτερος@angmp- σκύθης@ngmpp ἐπέκτασις@ngfsc καί@cs ὅπως@b ἁλίσκομαι@viaa3p ὅπως@cs ὁ@dnmp σκύθης@nnmpp ὁ@dgfs ὑπό@p ῥωμαῖος@nampp δουλεία@ngfsc ἀφηνιάω@viaa3p εἶτα@b σπένδω@viam3p"
"Arg._17.27","περί@p ἐπιβουλή@ngfsc ὅς@vppanms ὁ@dnms βοίλος@nnmsp καί@b οἶος@annms- εἰμί@viia3s ἐκεῖνος@annms- ὅτι@cs οὐ@b κατά@p λόγος@namsc ἀναλίσκω@vppanms ὁ@danp δημόσιος@ananp- χρῆμα@nanpc εἰς@p πόρος@nampc ἀπόεἶδον@viaa3s οὐ@b εὐαγης@annmp- ὁ@dnms μονομάχος@nnmsp"
"Arg._17.28","τελευτή@nnfsp ὁ@dgfs βασίλεια@ngfsc ζωή@ngfsp περί@p ὁ@dgfs ἐκ@p ἀλανοί@ngmpp παλλακεύω@vppegfs ὁ@ddms βασιλεύς@ndmsc περί@p ὁ@dgfs νόος@ngfsc -@ngfsc σύ@rpgcs ἤ@cs ὁ@dgfp νόσος@ngfpc ὁ@dgms μονόμαχος@ngmsp περί@p ὁ@dgms λογος@ngmsc τίθημι@ngmsc ὁ@dgms δρόμος@ngmsc ἰώαννης@ngmsp περί@p ὁ@dgms λειχούδης@ngmsp κωνσταντῖνος@ngmsp ὅτι@cs ὁ@dams πρωτεύω@vppaams βούλομαι@viap3s ὁ@dnms βασιλεύς@nnmsc καταλιμπάνω@vnaa-- διάδοχος@namsc ὁ@dgfs ἀρχή@ngfsc"
"Arg._17.29","ὅτι@b εὐτυχής@b ἀνύω@viaa3s ὁ@dafs ἀρχή@nafsc ὁ@dnfs θεοδώρα@nnfsp ὅτι@b ὁ@dnms στρατιωτικός@annms- μιχαὴλ@nnmsp εἰς@p ὁ@dafs ὁ@dgfs βασίλεια@ngfsc ἀνάγω@viap3s περιωπή@nafsc τελευτή@nnfsc ὁ@dgfs βασίλεια@ngfsc θεοδώρα@ngfsp"
"Arg._18.1","ὅτι@b ὁ@ddmp στρατιωτικός@andmp- ἄρχω@vppadmp οὐ@b δεξιός@b χράω2@viam3s ὁ@dnms βασιλεύς@nnmsc μιχαὴλ@nnmsp ἀποστασία@nnfsc ὁ@dgms μονόμαχος@ngmsp θεοδόσιος@ngmsp"
"Arg._18.2","προσέλευσις@nnfsp ὁ@dgmp στρατιωτικός@angmp- ἄρχων@ngmpc πρός@p ὁ@dams παρασπόνδυλος@namsc ὅπως@b ὁ@dnms βρυέννιος@nnmsp ἐτυ@ φλόω@viap3s ἀποστασία@nnfsc ὁ@dgms κομνηνός@ngmsp καί@cs ὁ@dgmp 1@b στρατιωτικός@angmp- ἄρχων@ngmpc ὅτι@b κρατέω@viaa3s νικαία@nnmsp ὁ@dnms κομνηνός@annms- ὅτι@b συμβάλλω@vpaanmp ὁ@ddmp περί@p ὁ@dams κομνηνός@anams- οἶ@nnmpc βασιλικός@annmp- ἡσσάομαι@viap3p"
"Arg._18.3","ἀποστολή@nnfsp πρέσβυς@ngmpc πρός@p ὁ@dams κομνηνός@namsp περί@p εἰρήνη@ngfsc ὅσος@ananp- ὁ@ddms βασιλεύς@ndmsc διά@p ὁ@dgmp πρέσβυς@ngmpc ὁ@dnms κομνηνός@nnmsp δηλόω@viaa3s ὅτι@cs ὅς@rpanp αἰτέω@viaa3s ὁ@dnms κομνηνός@nnmsp πλή@ananp- ρωόω@vnaa-- ὁ@dnms βασιλεύς@nnmsc ἐπαγγέλλω@viam3s καί@cs πάλιν@b οἶ@vnpa-- πρέ@b σβεννυμι@nnmsc πρός@p αὐτός@rpams ἀποστέλλω@viaa3p οἶος@ananp- ἐγγράφω@b ὁ@damp συγκλητικός@anamp- ἀπαιτέω@viaa3s ὁ@dnms βασιλεύς@nnmsc μιχαήλ@nnmsp ὅτι@cs στασιώδης@annmp- τις@annmp- εἰς@p ὁ@dafs μέγας@anafs- ἐκκλησία@nafsc συνάγω@viap3p καί@cs ὅτι@cs βασιλεύς@namsc ὁ@dams κομνηνός@anams- ἀνάγω@anams- ρεύω@viaa3p καί@b ὁ@dgms πατριάρχης@ngmsc συνευδοκέω@vppagms ἔκπτωσις@nnfsc ὁ@dgfs βασίλεια@ngfsc μιχαὴλ@ngmsp ὁ@dgms γέρων@ngmsc"
"Arg._18.4","ὅτι@b πρώιος@anafs- οἰκονόμος@ngmpc καί@cs σκευόφυλακος@ngmpc ὁ@dgfs μέγας@angfs- ἐκκλησία@ngfsc παρά@p ὁ@dgms βασιλεύς@ngmsc προβάλλω@vppegmp ὁ@dnmp κομνηνός@nnmpp καί@b ἄμφω@annmd- ὁ@ddfs ἐκκλησία@ndfsc ἀπονέμω@viaa3p ὅτι@cs ἀπότομος@b ὁ@ddfs ὁ@dgnp κοινός@angnp- πρᾶγμα@ngnpc διόρθωσις@ndfsc ἐπιχειρέω@vira3s καί@cs γίγνομαι@vira3s ἅπας@andmp- μισητός@annms- ὅτι@cs οὐ@b δέ@cs αὐτός@rpgmp ὁ@dgmp ὁ@ddms θεός@ndmsc καθοσιόομαι@vppegmp ἐφίημι@b σατοὶ@viam3s"
"Arg._18.5","ὅτι@b ὁ@dnms πατριάρχης@nnmsc ἐθέλω@viia3s ἐπιτάσσω@vnpa-- ὁ@ddms βασιλεύς@ndmsc καί@cs ἀπειλέω@viia3s αὐτός@rpdms ἐξορία@nnfsc ὁ@dgms πατριάρχης@ngmsc μιχαήλ@ngmsp τελευτή@nnfsc ὁ@dgms πατριάρχης@ngmsc ἐν@p ὁ@ddfs ἐξορία@ndfsc περί@p πατριαρχής@ngmpc ὅπως@b ὁ@danp δικαίωμα@nanpc ὁ@dgfs ἐλευθερία@ngfsc ὁ@dgmp μαγγάνον@ngmpp λαμβάνω@viaa3s ὁ@dnms βασιλεύς@nnmsc ἐκ@p ὁ@dgms λειχούδη@ngmsp"
"Arg._18.6","ἐκστρατεία@nnfsp κατά@p ὁ@dgmp οὔγγρων@ngmpp καί@cs πατζι@ng-sp 1@ ναξ@ngmpc ὅπως@b ὁ@dams ἐκ@p ὁ@dgfs δρῦς@ngfsc κίνδυνος@namsc ἐκφεύγω@viaa3s ὁ@dnms βασιλεύς@nnmsc καί@b οἶ@vmpa2s περί@p αὐτός@rpams"
"Arg._18.7","ὅπως@b ὁ@dafs βασιλεία@nafsc ἀποτίθημι@viam3s ὁ@dnms κομνηνός@nnmsp καί@cs μηνίω@viaa3s ὁ@dams δούκας@namsp προχειρίζω@vpamnms βασιλεύς@namsc οἷος@rpnms εἰμί@viia3s ὁ@dans ἦθος@nansc ὁ@dnms κομνηνός@nnmsp"
"Arg._18.8","ἐπιβουλή@nnfsp κατά@p ὁ@dgms βασιλεύς@ngmsc καί@cs ὅπως@cs οὗτος@rpafs διαφεύγω@viaa3s οἶος@annms- εἰμί@viia3s ὁ@dnms δοῦρις@nnmsp ὁ@damp τρόπος@nampc ὅτι@cs ἐκ@p φειδωλία@ngfsc δῶρον@ndnpc ἐθέλω@viia3s φιλιόω@vnpa-- ὁ@ddfs ῥωμαῖος@ngmpp ἀρχή@ndfsc"
"Arg._18.9","περί@p ὁ@dgns ἔθνος@ngnsc ὁ@dgmp οὖζος@ngmpp περί@p σεισμός@ngmsc 1@ περί@p ἀστήρ@ngmsc κομήτης@ngmsc περί@p πατριαρχής@ngmpc ὅτι@b νο@ σείω@vpaanms ὁ@dnms βασιλεύς@nnmsc καί@cs ἐκλείπω@vppanms ὁ@ddmp υἱός@ndmpc ὁ@dafs βα@anafs- σιλεία@nafsc καταλιμπάνω@viaa3s καί@cs ἐκεῖνος@rpdmp ὁ@dafs μήτηρ@nafsc ἐφίστημι@viaa3s ὄμνυμι@vpaaafs ἐγγράφω@b μή@b δευτερογαμέω@vnaa-- τελευτή@nnfsc κωνσταντῖνος@ngmsp βασιλεύς@ngmsc ὁ@dgms δούκα@ngmsp"
"Arg._18.10","ὅτι@b ὁ@dnfs βασιλίς@nnfsc εὐδοκία@nnfsp βασιλεύς@namsc ὁ@ddmp πράγος@ndmpc μα@ndmpc ἐφίστημι@vnaa-- βουλεύω@viam3s περί@p ὁ@dgms διογενής@angms- καί@b οἷος@rpnms εἰμί@viia3s ὁ@dans γένος@nansc καί@cs ὁ@dafs ἰσχύς@nafsc ὅτι@b τυραννεύω@vnaa-- βουλεύω@vpamnms κατέχω@viap3s ὁ@dnms διογενής@nnmsp καί@b μέλλω@vppanms κολάζω@vnap-- ἀφίημι@viap3s καί@cs εἰς@p κγλ@nanpc ἀφορίζω@viap3s ὅπως@b ἀπατάω@viap3s ὁ@dnms πατριάρχης@nnmsc καί@cs δίδωμι@vira3s ὁ@ddfs δέσποινα@ndfsc ὁ@dans ὁ@dgms ὅρκος@ngmsc αὐτός@rpgfs ἔγγραφος@nansc ὅτι@b συνάπτω@viap3s τῆ@dgfs βασιλεύς@ndfsc λίς@ndfsc εὐδοκία@nnmsp ὁ@dnms διογενής@annms- καί@cs ἀνεῖπον@viap3s"
"Arg._18.11","ὅτι@b ἐκστρατεύω@viaa3s ὁ@dnms διογενής@nnmsp ἐν@p ὁ@ddfs ἑῴα@andfs- καί@cs ὅσος@ananp- ποιέω@viaa3s ὅτι@b καί@b πρός@p συρία@nafsp ὁρμάω@viaa3s ὁ@dnms βασιλεύς@nnmsc καί@b ὁ@dafs ἱεράπολις@nafsp λαμβάνω@viaa3s καί@cs ὁ@damp χαλεπίτης@nampp τρέπω@viam3s ἧσσα@vmpa2s ὁ@dgmp βάρβαρος@ngmpc ἅλωσις@nnfsc ὑπό@p ῥωμαῖος@angnp- φρούριον@ngnpc τις@angnp- βαρβαρικός@angnp- καί@cs ἀγγελία@nnfsc ὁ@ddms βασιλεύς@ndmsc ληίζομαι@vnap-- ὁ@dans ἀμόριος@nansp"
"Arg._18.12","ἕτερος@annfs- ἐκστρατεία@nnfsc ὁ@dgms βασιλεύς@ngmsc καί@cs ὅσος@annnp- ἐν@p οὗτος@rpdfs συμβαίνω@viaa3p περί@p ὁ@dgms ἐμπρησμός@ngmsc ὁ@dgms ναός@ngmsc ὁ@dgmp βλαχερνός@ngmpp περί@p ὁ@dgms κομνηνός@ngmsp μανουήλ@nnmsp ὅπως@cs λαμβάνω@viap3s αἰχμάλωτος@annms- καί@cs ὅπως@cs ἐπανέρχομαι@viaa3s ἄγω@vppanms καί@b ὁ@dams αἱρέω@vpaaams αὐτός@rpams τοῦρκος@namsp πρόσφυγα@viaa3s ὁ@ddms βασιλεύς@ndmsc"
"Arg._18.13","ὁ@dnfs τελευταῖος@annfs- ἐκστρατεία@nnfsc ὁ@dgms διογενής@angms- καί@cs ὅσος@annnp- ἐν@p αὐτός@rpdfs σημεῖον@nnnpc συμβαίνω@viaa3p περί@p ὁ@dgfs ὁ@dgmp νεμίτζω@ngmpp ἀποστασία@ngfsc καί@cs ὅτι@cs διαιρέω@viaa3s ὁ@dnms διογενής@nnmsp ὁ@dans στράτευμα@nansc καί@b οὐ@b μετά@p πολύς@angmp- ἐκεῖνος@rpnms περιλείπομαι@viap3s ὅτι@b ὁ@dams βρυέννιος@namsp στέλλω@viaa3p συμβάλλω@vnaa-- ὁ@ddmp τοῦρκος@ndmpp εἶτα@cs καί@b ὁ@dams βασιλάκιος@namsp καί@cs ὡς@cs ἁλίσκομαι@viaa3s ὁ@dnms βασιλάκιος@nnmsp 1@"
"Arg._18.14","ὅτι@cs οὖζος@nnmpp πρός@p ὁ@damp τοῦρκος@nampp αὐτομολέω@viaa3p καί@cs ὅτι@cs μετακαλέω@viam3s καί@b ὁ@dans στράτευμα@nansc ὅς@rpans διαιρέω@viaa3s ὁ@dnms βασιλεύς@nnmsc ὁ@dnmp δέ@b οὐ@b ἀφικνέομαι@viam3p καί@b ὅτι@cs ὁ@dgms βασιλεύς@ngmsc ἑτοιμάζω@vppegms πρός@p πόλεμος@namsc ἐκ@p ὁ@dgms σουλτάν@nnmsp πρέσβυς@nnmpc ἥκω@vira3p περί@p εἰρήνη@ngfsc ὅτι@b ὑποστρέφω@vpaagmp ὁ@dgmp πρέσβυς@ngmpc ὁ@dnms βασιλεύς@nnmsc πρός@p μάχη@nafsc ὁρμάω@viaa3s καί@cs ὅπως@cs ἡσσάομαι@viap3s καί@cs ἁλίσκομαι@viaa3s ὅπως@b ὁ@dnms σουλτάν@nnmsp χράω@viia3s σατοὶ@viim3s ὁ@ddms βασιλεύς@ndmsc ἀπάγω@vpapdms πρός@p αὐτός@rpams τις@rpams γίγνομαι@vmre2s νασιν@vipa3p ἐν@p ὁ@ddnp βασίλειον@ndnpc ὁ@dgfs ἅλωσις@ngfsc ἀγγέλλω@vpapgfs 2@"
"Arg._18.15","ὅτι@cs πρόσταγμα@nanpc πέμπω@viap3p πανταχοῦ@b μή@b δέχομαι@vnpe-- ὁ@dams διογένης@namsp ὡς@b βασιλεύς@namsc καί@cs ὅτι@cs ὁ@dgms καῖσαρ@ngmsp υἱός@nnmpc στέλλω@viap3p κατά@p αὐτός@rpgms ὅπως@cs κατακλείω@viie3s σθη@viap3s ὁ@dnms διογενής@annms- καί@cs πολιορκέω@viie3s καί@b ὅτι@cs ἐπί@p συνθήκη@ndfpc παραδίδωμι@viaa3s ἑαυτοῦ@rpams 1@ ὅτι@cs ἐν@p ὁ@ddfs πρωτός@ndfsp νῆσος@ndfsc ἀπάγω@vpapnms τελευτάω@viaa3s ὁ@dnms διογενής@annms-"
"Arg._18.16","ὅτι@cs ὁ@dams σίνδης@nnmsp ἐφίστημι@viaa3s ὁ@ddnp πρᾶγμα@ndnpc πρό@anans- -@anans- ἕτερος@anans- εἶτα@cs ὁ@dams νικηφορίτζης@namsp ὅτι@cs ἀμελέω@vppanms ὁ@dgnp ὁ@dgfs βασίλεια@ngfsc πρᾶγμα@ngnpc λόγος@ndmpc σχολάζω@viia3s ὁ@dnms μιχαὴλ@nnmsp ὅτι@b ὁ@dnms σουλτάν@nnmsp ὁ@danp κατά@p ὁ@dams διογένης@namsp μανθάνω@vpaanms ὁ@dafs ἑῷος@nafsc κατατρέχω@viia3s ἔτι@b ὁ@dnms κομνηνός@nnmsp ἰσαάκιος@nnmsp στέλλω@viap3s μετά@p ὁ@dgms ῥουσέλιον@ngmsp ὁ@ddmp τοῦρκος@ndmpp ἀντιτάσσω@vpfmnms καί@b ἡσσάομαι@vpaenms ἁλίσκομαι@viaa3s καί@cs ὁ@dnms ῥουσέλιος@nnmsp ἀποστατέω@viaa3s ὅτι@b ὁ@dnms καῖσαρ@nnmsp στέλλω@vpapnms κατά@p ὁ@dgms περὶουσελίον@ngnsp ἡσσάομαι@viap3s καί@cs ἁλίσκομαι@viaa3s ὅτι@b ὁ@dnms βασιλεύς@nnmsc τοῦρκος@nampp κατά@p ὁ@dgns ῥουσέλιον@ngnsp μεταπέμπω@viam3s ὁ@dnms δέ@cs λύω@vpaanms ὁ@dams καῖσαρ@namsp βασιλεύς@namsc ἀνειπεῖν@viaa3s καί@b συμμίγνυμι@vpaanms ὁ@ddmp τοῦρκος@ndmpp αἰχμάλωτος@annms- καί@b αὐτός@rpnms καί@cs ὁ@dnms καῖσαρ@nnmsp λαμβάνω@viap3p ὅτι@b ὁ@dnms καῖσαρ@nnmsp διά@p ὁ@dgms βασιλεύς@ngmsc ἐξωνέομαι@vpapnms κείρω@viam3s καί@cs μοωαχός@annms- γίγνομαι@vira3s ὅτι@cs ὁ@dnms βασιλεύς@nnmsc ἀλέξιος@nnmsp αἱρέω@viaa3s ὁ@dams ῥουσέλιον@namsp ὅπως@b καλέω@viap3s παραπινάκιος@annms- οὗτος@annms- ὁ@dnms βασιλεύς@nnmsc"
"Arg._18.17","περί@p ὁ@dgns ὁ@dgmp χρίμβατον@ngmpp ἔθνος@ngnsc περί@p ὁ@dgfs ἀποστασία@ngfsc ὁ@dgms δοῦλος@ngmsc νέστωρ@ngmsp ὅτι@cs υἱός@nnmsc τίκτω@viap3s ὁ@ddms βασιλεύς@ndmsc καί@cs στέφω@viap3s παρά@p αὐτός@rpgms περί@p ὁ@dgms τίκτω@vpapgms σημειώδης@angms- παῖς@ngmsc περί@p ὁ@dgms ἐν@p ὁ@ddfs βασιλεία@ndfsc οὗτος@rpgms γίγνομαι@vpamgms λιμός@ngmsc καί@cs λοιμός@ngmsc ὅτι@b ὁ@dnms βοτανειάτης@nnmsp παρά@p ὁ@dgmp ἑῷος@angmp- ἄρχων@vppagmp βασιλεύς@nnmsc ἀνεῖπον@viap3s ὅτι@b καί@b ἐν@p ὁ@ddfs δύω@ndfsc ὁ@dnms βρυέννιος@annms- νικηφόρος@nnmsp ἀποστασία@nafsc ἐπιχειρέω@viaa3s ὅτι@cs ὁ@dnms κομνηνός@annms- ἀλέξιος@nnmsp καί@cs ὁ@dnms ῥουσέλιος@nnmsp ἀποστέλλω@viaa3p κατά@p ὁ@dgms βρυέννιος@ngmsp"
"Arg._18.18","περί@nnmsp πατριαρχής@vppanms ὅτι@b οἷ@dnmp τοῦρκος@nnmpp ὁ@dafp ῥωμαῖος@anafp- κατέχω@viaa3p χώρα@nafpc ἐν@p ὁ@ddfs ἑῴα@ndfsc καί@cs οἰκειόω@viam3p ὅτι@b ὁ@dnms βοτανειάτης@nnmsp κατέχω@viaa3s ὁ@dafs νικαία@nafsp ὅτι@b ὁ@dnms δῆμος@nnmsc ὁ@dgfs πόλις@ngfsc βασιλεύς@namsc ἀνειπεῖν@viaa3s ὁ@dams βοτανειάτης@namsp καί@cs ὁ@dams μιχαὴλ@namsp καθαιρέω@viaa3p καί@cs ἀποκείρω@viaa3p ὅπως@cs ὁ@dnms βοτανειάτης@nnmsp ὁ@dgfs βασίλεια@ngfsc δράσσομαι@viam3s"
"Arg._18.19","ὅπως@cs ὁ@dnms βρυέννιος@nnmsp τυραννεύω@vppanms ἁλίσκομαι@viaa3s καί@cs ἐτυ@viaa3s φλόω@viap3s ἐπανάστασις@nnfsc ὁ@dgmp βαράγγης@ngmpp ὅτι@cs ὁ@dafs πρό@p ὁ@dgms αὐτός@rpgms βασιλεύς@ngmsc γυνή@nafsc γαμέω@viaa3s ὁ@dnms βοτανειάτης@nnmsp ὅτι@b μητροπολίτης@nnmsp ἔφεσος@ngmsp χειροτονέω@viap3s ὁ@dnms ὁ@dgfs βα@ -@angfs- σιλεία@ngfsc ἐκπίπτω@vpaanms μιχαὴλ@nnmsp ἀποστασία@nnfsc ὁ@dgms βασίλειος@ngmsp καί@b ἅλωσις@nnfsc καί@cs πήρωσις@nnfsc ὁ@dgmp ὀφθαλμός@ngmpc αὐτός@rpgms ἀποστασία@nnfsc κωνσταντῖνος@ngmsp ὁ@dgms υἱός@ngmsc ὁ@dgms δούκα@ngmsp ὅτι@b ὁ@dams σίδης@namsp εἰς@p διοίκησις@nafsc ὁ@dgnp κοινός@angnp- ὁ@dnms βασιλεύς@nnmsc προίστημι@viam3s καί@b περί@p ὁ@dgms γερμανός@ngmsp καί@cs ὁ@dgms θρᾷξ@ngmsp περί@p ὁ@dgms λογοθέτης@ngmsc νικηφόρος@ngmsp καί@cs ὅπως@cs ἀναιρέω@viap3s"
"Arg._18.20","περί@p ὁ@dgmp κομνηνός@ngmpp καί@cs πῶς@b εἰς@p ἀφίστημι@nafsc -@vpragfs σία@nafsc ὁρμάω@viaa3p ὅπως@cs ὁ@dgfs πόλις@ngfsc κρατέω@viaa3p καί@cs ὁ@dgfs βασίλεια@ngfsc ἐπιτυγχάνω@viaa3p ὅτι@b ὁ@dnms βοτανειάτης@nnmsp ἀποκόπτω@viap3s καί@cs εἰς@p ὁ@dafs περίβλεπτος@nafsp ἀπέρχομαι@vpaanms ἐκεῖ@b τελευτάω@viaa3s"
"Arg._18.21","περί@p ὁ@dgmp ἀδελφός@ngmpc ὁ@dgms βασιλεύς@ngmsc καί@b ὁ@dgfs μήτηρ@ngfsc καί@cs ὁ@dgmp γαμβρός@ngmpc περί@p πατριαρχής@ngmpc περί@p ὁ@dgms ̔ρομπέρτος@ngmsc ὁ@dgms καί@b ὅπως@cs πρότερος@anans- μέν@b τιμάω@viap3s βασιλεύς@nnmsc προσβάλλω@vpaanms αὐτός@rpdms εἶτα@b νικάω@viaa3s 1@"
"Arg._18.22","περί@p ὁ@dgfp νῆσος@ngfpc ὅπως@cs ἁλίσκομαι@viaa3p περί@p ὁ@dgms τζαχᾶς@ngmsp περί@p ὁ@dgfs κρήτη@ngfsp καί@cs ὁ@dgfs κύπρος@ngfsp ὅσος@ananp- ποιέω@viaa3s οὗτος@annms- ὁ@dnms βασιλεύς@nnmsc πρός@p κάκωσις@nafsc ὁ@dgmp ὑπήκοος@ngmpc περί@p ὁ@dgmp |ῖ|@ περί@p ὁ@dgfp θυγάτηρ@ngfpc ὁ@dgms βασιλεύς@ngmsc καί@cs ὁ@dgmp υἱός@ngmpc καί@cs ὁ@dgmp ἐπί@p θυγάτηρ@ndfpc γαμβρός@ngmpc περί@p ὁ@dgms μέγας@angms- σεισμός@ngmsc"
"Arg._18.23","περί@p ὁ@dgmp πατζινάκος@ngmpp καί@cs ὅπως@cs κατατιτρώσκω@viap3p περί@p ἐπιβουλή@ngfsc κατά@p ὁ@dgms βασιλεύς@ngmsc μελετάω@vpapgfs ἕτερος@annfs- ἐπιβουλή@nnfsc περί@p ὁ@dgfs ὁ@dgmp φράγγος@ngmpp συγκίνησις@ngfsc καί@cs πρός@p ὁ@dafs ἑῷος@nafsc αὐτός@rpgmp διαπεραιόω@ngfsc περί@p ὁ@dgfs ὁ@dgmp μαστροπός@ngmpp αἵρεσις@ngfsc καί@cs ὅπως@cs ὁ@dnms οὗτος@rpgfs κῆρυξ@nnmsc διαφθείρω@viap3s ἐπανάστασις@nnfsc ὁ@dgns ψευδοδιγένης@ngnsp"
"Arg._18.24","περί@nnfsp ὁ@b ὀρφανοτροφεῖον@angms- μελέτη@nnfsc κατά@p ὁ@dgms βασιλεύς@ngmsc οὗ@rpgms ὁ@dnms κορυφαῖος@annms- ὁ@dnms ἀνεμᾶς@nnmsp δρώπαξ@b ὁ@dnns χρῖσμα@nnnsc διά@p ὅς@rpgns μαδάω@vipe3s ὁ@dnfs τρίχωσις@nnfsc ἀναχωρέω@viaa3s ὁ@dgnp βασίλειον@ngnpc ὁ@dnfs μήτηρ@nnfsc ὁ@dgms βασιλεύς@ngmsc καί@cs ἀπέρχομαι@vpaanfs εἰς@p ὁ@dams παντεπόπτης@namsp ἐκεῖ@b τελευτάω@viaa3s τελευτή@nnfsc ὁ@dgms δεσπότης@ngmsc ὅπως@cs διάκειμαι@viie3s πρώιος@anafs- πρός@p ὁ@dafs κοινωνός@nafsc ὁ@dgms βίος@ngmsc ὁ@dnms βασιλεύς@nnmsc καί@cs ὅπως@cs μετέπειτα@b ὅτι@cs ὁ@dnfs ὁ@dgfs βασίλεια@ngfsc ἐξουσία@nnfsc ὁ@ddfs βασιλίς@ndfsc ἀνατίθημι@vnap-- μελετάω@vile3s ὁ@dnms δέ@cs υἱός@nnmsc οὗτος@rpgfs καί@cs βα@ σιλεύς@nnmsc ἀντιπράσσω@viia3s οὗτος@rpdms ὡς@cs ἔνειμι@vppanns καί@cs ὡς@cs ἄπειμι@cs ρητορ@vile3s πᾶς@andmp- αὐτός@rpdms πρόσειμι@vnpa-- 2@"
"Arg._18.25","περί@nvfsp πατριαρχής@vppanms περί@p ὁ@dgfs νόσος@ngfsc ὁ@dgms βασιλεύς@ngmsc καί@cs ὅπως@cs ἀναρρώννυμι@viap3s περί@p ὁ@dgfs φήμη@ngfsc ὁ@dgfs 3@ γίγνομαι@vpamgfs κατά@p ὁ@dans μέγας@anans- σάββατον@nansc"
"Arg._18.26","περί@p ὁ@dgfs εἰς@p χερσόνησος@nafsp ἐκδημία@ngfsc ὁ@dgms βασιλεύς@ngmsc ὅτι@cs πρόκάθημαι@viim3s ἐν@p ὁ@ddns φιλοπάτιον@ndnsp καί@b ὁ@dgmp δέω2@vppegmp ἀκροάομαι@viim3s καί@cs αὐτίκα@b ὁ@dafp ἀπόκρισις@nafpc πέποι@vire3s ητο@viie3s ἐκδημία@nnfsc ἕτερος@annfs- ὁ@dgms βασιλεύς@ngmsc ὅτε@b καί@b πολύς@annmp- ὁ@dgmp μανιχαῖος@ngmpp ἐπιστρέφω@viaa3p εἰς@p ὁ@dafs ὁ@dgfs ἀλήθεια@ngfsc ἐπί@p γνῶσις@nafsc περί@p ὁ@dgfs αὐγούστα@ngfsp καί@b ὁ@dgms καῖσαρ@ngmsp βρυέννιος@angms- καί@cs ὁ@dgfs αὐτός@rpgms σύζυγος@ngfsc 4@ περί@p ἐμπρησμός@ngmsc καί@cs ἄνεμος@ngmpc"
"Arg._18.27","ἐκστρατεία@nnfsp τοῦρκος@ngmpp ἕτερος@annfs- ἐκστρατεία@nnfsc οὐ@b καί@b πρ@annfs- σις@nnfsc μς@rpacs σουλιά@ddfs litteris@ngmpc ψυχρότης@b evanidis@ngfsc ἄδοξος@vipa3s ὅτι@cs μεταφέρω@viap3s ὁ@dnms βασιλεύς@nnmsc εἰς@p ὁ@dans μέγας@anans- παλάτιον@nansc καί@b ἐκεῖ@b ὁ@dams στόμαχος@namsc καίω@vpapnms εἰς@p ὁ@danp μάγγανα@nanpc ἐγώ@rpacs τάσσω@viap3s 6@"
"Arg._18.29","ὅτι@b ὁ@dgms βασιλεύς@ngmsc ὁ@danp τελευταῖος@ananp- πνέω@vppagms ὁ@dnms υἱός@nnmsc ἐξέρχομαι@vpaanms ὁ@dgnp μαγγάνον@ngnpc ἀπό@p εἰς@p ὁ@dans μέγας@anans- πάλι@nansc ’@rpans καί@b αὐτός@rpnmp προσρύω@viia3p 7@ οἷος@annms- εἰμί@viia3s ὁ@damp τρόπος@nampc καί@cs ὁ@dans ἦθος@nansc ὁ@dnms βασιλεύς@nnmsc ἀλέξιος@nnmsp"
