"location","text"
"Stereom._1.1.1","σφαῖρα@ngfsp δίδωμι@vpapgfs ὁ@dgfs διάμετρος@ngfsc πούς@ngmpc ῑ@rpdfs εὑρίσκω@vnaa-- ὁ@dans στερεός@anans- ἀρχιμήδης@nnmsp ἐν@p ὁ@ddmp περί@ndmpp σφαῖρα@ngfsc καί@cs κύλινδρος@ngmsc δείκνυμι@vipa3s ὅτι@cs ὁ@dnms κύλινδρος@nnmsc ὁ@dnms βάσις@nafsc μέν@b ἔχω@vppanms ἴσος@anafs- ὁ@ddms μέγας@andns- ὁ@dgmp ἐν@p ὁ@ddfs σφαῖρα@ndfsc κύκλος@ngmpc ὕψος@nansc δέ@b ἴσος@anans- ὁ@ddfs διάμετρος@andfs- ὁ@dgfs σφαῖρα@ngfsc ἡμιόλιός@nnmsc εἰμί@vipa3s ὁ@dgfs σφαῖρα@ngfsc ὥστε@b κατά@p οὗτος@anams- ὁ@dams λόγος@namsc δεῖ@vipa3s ὁ@danp ῑ@rpanp ἐπί@p ἑαυτοῦ@rpanp λαμβάνω@vnaa-- καί@cs ὁ@dgnp γίγνομαι@vppegnp ἐπί@p ὁ@danp ια@ananp- ὁ@dans ιε ́@an---- καί@cs οὗτος@rpnnp ἐπί@p ὁ@dans ὕψος@nansc ὁ@dgms κύλινδρος@ngmsc πολυπλασιασθῆναι@vpapams οὗτος@rpnns εἰμί@vipa3s ἐπί@p ὁ@danp ῑ@rpanp καί@cs ὁ@dgnp γίγνομαι@vppegnp λαμβάνω@vnaa-- ὁ@dans u+2222@ ϛʹ@ καί@cs ἀποφέρω@vnpe-- ἐπί@p ὁ@dans ὁ@dgfs σφαῖρα@ngfsc στερεός@anans- εἰμί@vipa3p δέ@x πούς@nnmpc φκγ@nnfsc καί@cs ιζ@nnnpc εἰκοστός@nnnpc"
"Stereom._1.1.2","κατά@p ὁ@dams αὐτός@anams- λόγος@namsc δείκνυμι@vipe3s ὡς@cs ια@annnp- κύβος@nnmpc ἀπό@p ὁ@dgfs διάμετρος@ngfsc ὁ@dgfs σφαῖρα@ngfsc ἴσος@annmp- γίγνομαι@vipe3p καί@b σφαῖρα@ndfpc ὥστε@b δέω2@vifa3s ὁ@dnnp ῑ@ κυβίζω@vpaannp εἰμί@vipa3s δέ@x ᾱ@i οὗτος@angnp- λαμβάνω@vnaa-- ὁ@dans ἐνδεκάκις@b κα ́@annns- καί@b τοσοῦτος@annns- γίγνομαι@vipe3s ὁ@dans στερεός@anans- ὁ@dgfs σφαῖρα@ngfsc"
"Stereom._1.2.1","σφαῖρα@nnfsp ὅς@rpgfs ὁ@dnfs περίμετρος@nnfsc πούς@ngmpc κβ@nnfsc εὑρίσκω@vnaa-- αὐτός@rpgfs ὁ@dans στερεός@anans- ποιέω@vmpa2s οὕτως@b λαμβάνω@vmaa2s ἀπό@p ὁ@dgfs περίμετρον@angfs- ὁ@dafs διάμετρος@nafsc ἀπό@p ὁ@dgns ὑπόκειμαι@vppegns ὑπόδειγμα@ngnsc ὁ@dgmp κύκλος@ngmpc καί@cs εἰμί@vifm3s ὁ@dnfs διάμετρος@nnfsc πούς@ngmpc ζ@ οὗτος@rpnnp ἐπί@p ἑαυτοῦ@rpanp γίγνομαι@vipe3p μθ@n---c οὗτος@rpnnp πάλιν@b ἐπί@p ὁ@danp ζ@an---- γίγνομαι@vipe3p τμγ@b καί@cs οὗτος@annnp- δεκάκις@b καί@cs ἅπαξ@b γίγνομαι@vipe3p γψογ@nvmsc οὗτος@rpanp ἀναλύω@vmaa2s παρά@p ὁ@danp καί@b γίγνομαι@vipe3p ροθ@nnfsc ω ́@nnnpc τοσοῦτος@rpgmp εἰμί@vifm3s πούς@ngmpc ὁ@dans στερεός@annns- ὁ@dgfs σφαῖρα@ngfsc"
"Stereom._1.2.2","ὁ@dafs δέ@b ἐπιφάνεια@nafsc εὑρίσκω@vifa1p οὕτως@b ἀεί@b θίς@b ὁ@dafs διάμετρος@nafsc γίγνομαι@vipe3s ιδ@n---c οὗτος@annnp- δεκάκις@b καί@cs ἅπαξ@b γίγνομαι@vipe3s ρνδ@b τοσοῦτος@rpgmp εἰμί@vifm3s πούς@ngmpc ὁ@dnfs ἐπιφάνεια@nnfsc ὁ@dgfs σφαῖρα@ngfsc"
"Stereom._1.3.1","ἄλλως@nnfsp σφαῖρα@nnfsp ὅς@rpgfs ὁ@dnfs διάμετρος@nnfsc οὗτος@rpnns εἰμί@vipa3s ὁ@dnms ἄξων@nnmsc πούς@ngmpc ζ@ εὑρίσκω@vnaa-- αὐτός@rpgfs ὁ@dans στερεός@anans- ποιέω@vmpa2s οὕτως@b ὁ@danp ζ@ ὁ@dgfs διάμετρος@angfs- κύβισος@vmaa2s οὗτος@rpnns εἰμί@vipa3s αὐτός@rpnnp ἐπί@p ἑαυτοῦ@rpanp γίγνομαι@vipe3p μθ@b καί@b οὗτος@rpnnp πάλιν@b ἑπτάκις@b γίγνομαι@vipe3p τμγ@b οὗτος@annnp- ἀεί@b δεκάκις@b καί@cs ἅπαξ@b γίγνομαι@vipe3p γψογ@nvmsc ὅς@rpgnp ὁ@dnns κα ́@nnnsc γίγνομαι@vipe3p ροθ@nnfsc ωʹ@ τοσοῦτος@rpgmp εἰμί@vifm3s πούς@ngmpc ὁ@dans στερεός@annns- ὁ@dgfs σφαῖρα@ngfsc σφαῖρα@nafsp μετρέω@vifa1p ὅς@rpgfs ὁ@dnfs διάμετρος@nnfsc πούς@ngmpc ζ@ ὁ@dnfs δέ@b περίμετρος@nnmsc πούς@ngmpc κβ@ εὑρίσκω@vnaa-- αὐτός@rpgfs ὁ@dans στερεός@anans- ποιέω@vipa1s οὕτως@b ὁ@dafs διάμετρος@nafsc ἐπί@p ἑαυτοῦ@rpafs γίγνομαι@vipe3p μθ@n---c οὗτος@rpanp ποιέω@vipa1s πάλιν@b ἐπί@p ὁ@dafs διάμετρος@nafsc ὁ@dgmp ζ@ γίγνομαι@vipe3p πούς@nnmpc τμγ@b οὗτος@ananp- πολυπλασιάζω@vipa1s ἑνδεκάκις@b γίγνομαι@vipe3p πούς@nnmpc γψογ@nvmsc οὗτος@rpanp μερίζω@vipa1s παρά@p ὁ@dams κᾶ@namsc γίγνομαι@vipe3p ροθ@b β@ τοσοῦτος@rpgns εἰμί@vipa3s ὁ@dans στερεός@annns- ὁ@dgfs σφαῖρα@ngfsc ὁ@dafs δέ@b ἐπιφάνεια@nafsc ὁ@dgfs αὐτός@rpgfs σφαῖρα@ngfsc εὑρίσκω@vifa1p οὕτως@b πάντοτε@b ὁ@dafs διάμετρος@nafsc ὁ@dgnp ζ@ ἐπί@p ὁ@dafs περίμετρον@nafsc ὁ@dgmp κβ@ γίγνομαι@vipe3p πούς@nnmpc ρνδ@b τοσοῦτος@rpgms εἰμί@vifm3s ὁ@dnfs ἐπιφάνεια@nnfsc ὁ@dgfs σφαῖρα@ngfsc πούς@ngmpc ρνδ@b"
"Stereom._1.4.1","σφαῖρα@ngfsp ὁ@dnfs διάμετρος@nnmsc πούς@ngmpc ῑ@i εὑρίσκω@vnaa-- αὐτός@rpgfs ὁ@dafs ἐπιφάνεια@nafsc ποιέω@vipa1s οὕτως@b ὁ@dafs διάμετρος@nafsc ἐπί@p ἑαυτοῦ@rpafs γίγνομαι@vipe3s ρ@ οὗτος@rpanp καθολικός@b ποιέω@vmaa2s ἐνδεκάκις@b γίγνομαι@vipe3s αρ@nvmsc οὗτος@angnp- λαμβάνω@vmaa2s ὁ@dans ιε ́@rpans γίγνομαι@vipe3p οη@b u+2222@n---p ιε ́@ οὗτος@rpanp καθολικός@b ποιέω@vmaa2s τετράκις@b γίγνομαι@vipe3p τις@rpnns δ ́@b κη ́@nnfpc τοσοῦτος@rpgns γίγνομαι@vipe3s ὁ@dnfs ἐπιφάνεια@nnfsc ὁ@dgfs σφαῖρα@ngfsc"
"Stereom._1.4.2","ποιέω@viaa1s δέ@b ὁ@danp γίγνομαι@vpamanp τετράκις@b παρά@p οὗτος@anafs- ὁ@dafs αἰτία@nafsc δείκνυμι@vipa3s γάρ@b ἀρχιμήδης@nnmsp ὅτι@cs ὁ@dnfs ἐπιφάνεια@nnfsc ὁ@dgfs σφαῖρα@ngfsc τετραπλάσιος@annfs- εἷς@angms- μέγας@angmss κύκλος@ngmsc"
"Stereom._1.5.1","ἄλλως@b μετρέω@vnaa-- ὁ@dafs ἐπιφάνεια@nafsc ποιέω@vmaa2s οὕτως@b ὁ@dafs διάμετρος@nafsc ἐπί@p ἑαυτοῦ@rpafs γίγνομαι@vipe3s ρ@ οὗτος@rpanp ποιέω@vmaa2s ἐπί@p ὁ@danp μδ@b γίγνομαι@vipe3s δύο@nvmsc οὗτος@angnp- λαμβάνω@vmaa2s ὁ@dans ιε ́@rpans γίγνομαι@vipe3p τις@rpnns δ ́@b κη ́@nnfpc τοσοῦτος@rpgmp πούς@ngmpc ὁ@dnfs ἐπιφάνεια@nnfsc ὁ@dgfs σφαῖρα@ngfsc"
"Stereom._1.6.1","ἄλλως@nnfsp ποιέω@vmaa2s ὁ@dafs διάμετρος@nafsc δίς@b γίγνομαι@vipe3s καί@b οὗτος@rpnnp ἐπί@p ἑαυτοῦ@rpanp γίγνομαι@vipe3s υ@rpgms οὗτος@annnp- ἐνδεκάκις@b γίγνομαι@vipe3s δύο@nvmsc οὗτος@angnp- ὁ@dnns ιε ́@rpnns γίγνομαι@vipe3p τις@rpnns δ ́@b κη ́@nnfpc τοσοῦτος@rpgmp γίγνομαι@vipe3s ὁ@dnfs ἐπιφάνεια@nnfsc ὁ@dgfs σφαῖρα@ngfsc"
"Stereom._1.7.1","πάλιν@nafsp σφαῖρα@ngfsc ὁ@dans στερεός@anans- εὑρίσκω@vifa1p οὕτως@b ὁ@dnfs διάμετρος@nnfsc πούς@ngmpc ῑ@i κύβισος@vmaa2s ὁ@danp ῑ@i ἐπί@p ἑαυτοῦ@rpanp γίγνομαι@vipe3p ρ@ οὗτος@rpnnp πάλιν@b ἐπί@p ῑ@rpdns γίγνομαι@vipe3s ᾱ@i οὗτος@rpanp ποιέω@vmaa2s ἐνδεκάκις@b καί@cs οὗτος@rpgnp λαμβάνω@vmaa2s ὁ@dans κα ́@anans- καί@b γίγνομαι@vipe3s ὁ@dans στερεός@anans- φκγ@nnfsc καί@cs ιζ@nvmsc κα ́@nnfsc ποιέω@viaa1p δέ@b ὁ@danp γίγνομαι@vpamanp ἐνδεκάκις@b καί@cs ὁ@dans κα ́@b λαμβάνω@viaa1p διά@p οὗτος@anafs- ὁ@dafs αἰτία@nafsc δείκνυμι@vipa3s ἀρχιμήδης@nnmsp ὅτι@cs ια@annnp- κύβος@nnmpc ἴσος@annmp- γίγνομαι@vipe3p καί@p σφαῖρα@ndfpc"
"Stereom._1.8.1","ἄλλως@nnfsp σφαῖρα@ngfsc ὁ@dnfs διάμετρος@nnmsc πούς@ngmpc δ@b ποιέω@vmpa2s οὕτως@b μετρέω@vmpa2s κύκλος@namsc γίγνομαι@vipe3s ἄρα@b ἀπό@p ὁ@dgfs διάμετρος@ngfsc ὁ@dnns ἐμβαδόν1@b πούς@ngmpc ιβ@ u+2222@n---p ιε ́@ γίγνομαι@vipe3s καί@cs ὁ@dnfs βάσις@nnfsc ὁ@dgms περιλαμβάνω@ngmsc κύλινδρος@ngmsc ὁ@dafs σφαῖρα@nafsc ὁ@dans αὐτός@rpans πολυπλασιάζω@vipa1s οὖν@b ὁ@danp ιβ@ u+2222@n---p ιεʹ@ ἐπί@p ὁ@dans ὕψος@nansc ὁ@dgms κύλινδρος@ngmsc ὁ@dgms περιλαμβάνω@vppagms ὁ@dafs σφαῖρα@nafsc οὗτος@rpnns εἰμί@vipa3s ἐπί@p ὁ@rpanp δ@ γίγνομαι@vipe3p δ ́@b κη ́@n---c τοσοῦτος@rpgns γίγνομαι@vipe3s ὁ@dnms αὐτός@rpnms κύλινδρος@nnmsc καί@cs λαμβάνω@viaa1p ὁ@danp β@ μέρος@nanpc ὁ@rpgnp ἄν@p δ ́@ κη ́@nanpc καί@cs τοσοῦτος@rpgns γίγνομαι@vipe3s ὁ@dans στερεός@annns- ὁ@dgfs σφαῖρα@ngfsc εἰμί@vipa3s δέ@b λγ@n---c μβ ́@n---p"
"Stereom._1.9.1","ἄξων@nnmsp σφαῖρα@ngfsc τίς@rpnns εἰμί@vipa3s εὐθεῖα@annfs- διά@p κέντρον@ngnsc ἄγω@vprenfs καί@cs τελευτάω@vppenfs ἐπί@p ἑκάτερος@ananp- ὁ@danp μέρος@nanpc ὑπό@p ὁ@dgfs σφαῖρα@ngfsc ἀμετακίνητος@annfs- περί@p ὅς@rpgnp ὁ@dnfs σφαῖρα@nnfsc κινέω@vipe3s καί@cs στρέφω@vipe3s"
"Stereom._1.10.1","ἐάν@cs σφαῖρα@nnfsc τέμνω@vsap3s ὁ@dnfs τομή@annfs- κύκλος@nnmsc γίγνομαι@vipe3s ὁ@dgmp δέ@b ἐν@p ὁ@ddfs σφαῖρα@ndfsc κύκλος@ngmpc ὁ@dnmp μέν@b διά@p μέσος@angms- ὁ@dafs σφαῖρα@nafsc τέμνω@vipa3p ὁ@dnmp δέ@cs οὐ@b ὁ@dnmp μέν@b οὖν@b διά@p μέσος@angns- τέμνω@vppanmp καλέω@vipe3p μέγας@annmp- καί@cs πᾶς@annmp- ἀλλήλων@rpdmp ἴσος@annmp- εἰμί@vipa3p ὁ@dnmp δέ@b οὐ@b διά@p μέσος@angns- οὐ@b πᾶς@annmp- πᾶς@andmp- ἴσος@annmp- ἀλλά@cs τις@rpnmp τις@rpdmp καί@cs ἔτι@b ὁ@dgmp ἐν@p ὁ@ddfs σφαῖρα@ndfsc κύκλος@ngmpc ὅς@rpnmp μέν@b εἰμί@vipa3p ὀρθός@annmp- πρός@p ὁ@dams ἄξων@namsc οὗτος@rpnmp ἑαυτοῦ@rpdmp παράλληλος@annmp- εἰμί@vipa3p παράλληλος@annmp- δέ@b εἰμί@vipa3p ὁ@dnmp ὁ@dans αὐτός@rpans ἀεί@b διάστημα@nansc μεταξύ@p ἔχω@vppanmp ἑαυτοῦ@rpgmp καί@cs μή@b τε@b μέγας@anansc μιήτε@annfs- ἐλάσσων@anansc"
"Stereom._1.11.1","ὁρίζω@nnmsp κύκλος@nnmsc εἰμί@vipa3s ὅς@rpnms καί@b αὐτός@rpnms διά@p μέσος@angns- τέμνω@vipa3s ὁ@dafs σφαῖρα@nafsc εἰς@p τε@b ὁ@dans ἀφανής@anans- καί@cs ὁ@dans φαίνω@vppeans ἀπό@p ὅς@rpgns καί@b ὁρίζω@vppanms καλέω@viap3s διαφορά@nnfpc δέ@b ὁ@dgmp ὁρίζω@vppagmp πλείων@annfpc ὁ@dnms μέν@b γάρ@b εἰμί@vipa3s διά@p ὁ@dgfp πόλος@ngmpc ὁ@dgfs σφαῖρα@ngfsc ὁ@dnms δέ@cs ὀρθός@annms- πρός@p ὁ@dams ἄξων@namsc καί@b ὅσος@annfp- εἰμί@vipa3p διαφορά@nnfpc ὁ@dgmp ὁρίζω@vppagmp τοσοῦτος@annfp- διαφορά@nnfpc καί@cs θέσις@nnfpc ὁ@dgfs σφαῖρα@ngfsc τυγχάνω@vipa3p"
"Stereom._1.12.1","ὀξύς@nnmsp κῶνος@nnmsc ὅς@rpgms ὁ@dnfs μέν@b διάμετρος@nnmsc ὁ@dgfs βάσις@ngfsc πούς@ngmpc ζ@ ὁ@dnfs δέ@b ἀπό@p ὁ@dgfs κορυφή@ngfsc κάθετος@annms- πούς@ngmpc λ@ εὑρίσκω@vnaa-- αὐτός@rpgms ὁ@dans στερεός@anans- ποιέω@vmpa2s οὕτως@b ὥσπερ@b ἐπί@p ὁ@dgmp κύκλος@ngmpc ἀπό@p ὁ@dgnp ζ@ ὁ@dgfs διάμετρος@ngfsc εἰμί@vifm3s ὁ@dnns ἐμβαδόν1@b πούς@ngmpc λη@nnfsc u+2222@n---p καί@b λαμβάνω@vmaa2s ἀπό@p ὁ@dgnp λ@ ὁ@dgns ὕψος@ngnsc τουτέστι@vipa3s ὁ@dgfs κάτοιδα@ngfsc ὁ@dans γ ́@b γίγνομαι@vipe3s ῑ@i οὗτος@rpnnp ἐπί@p ὁ@danp λη@nanpc u+2222@ γίγνομαι@vipe3p τπε@rpnmp τοσοῦτος@rpgmp εἰμί@vifm3s πούς@ngmpc ὁ@dans στερεός@annns- ὁ@dgms κῶνος@ngmsc κῶνος@nansp μετρέω@vifa1p ὅς@rpgms ὁ@dnfs διάμετρος@nnfsc ὁ@dgfs βάσις@ngfsc πούς@ngmpc ζ@ ὁ@dnfs δέ@b ἀπό@p ὁ@dgfs κορυφή@ngfsc κάθετος@annfs- πούς@ngmpc λ@ εὑρίσκω@vnaa-- αὐτός@rpgms ὁ@dans ἐμβαδόν@b ποιέω@vipa1s οὕτως@b ὥσπερ@cs καί@b ἐπί@p ὁ@dgmp κύκλος@ngmpc ἀπό@p ὁ@dgmp ζ@ngfpc πούς@ngmpc ὁ@dgfs διάμετρος@ngfsc εἰμί@vmpa3s ὁ@dnns ἐμβαδόν1@b πούς@ngmpc λη@nnfsc u+2222@nn-sp καί@cs λαμβάνω@vipa1s ἀπό@p ὁ@dgmp λ@ngmpc πούς@ngmpc ὁ@dgns ὕψος@ngnsc ἤ1@cs ὁ@dgfs κάτοιδα@ngfsc ὁ@dans γʹ@ γίγνομαι@vipe3s ῑ@i οὗτος@rpanp ποιέω@vipa1s ἐπί@p ὁ@danp λη@nanpc u+2222@n---p γίγνομαι@vipe3p πούς@nnmpc τπε@vmaa2s τοσοῦτος@rpgmp πούς@ngmpc εἰμί@vifm3s ὁ@dans στερεός@annns- ὁ@dgms κῶνος@ngmsc"
"Stereom._1.13.1","ἄλλως@cs ὁ@dnms αὐτός@rpnms κῶνος@nnmsc ὀξυγώνιος@annms- μετρέω@vsaa1p οὕτως@b εἰμί@vmpa3s ὁ@dnfs διάμετρος@nnfsc ὁ@dgms περί@p ὁ@dafs βάσις@nafsc κύκλος@ngmsc πούς@ngmpc ϛ@ndmsc ὁ@dnms δέ@b ἄξων@nnmsc πούς@ngmpc ιβ@ ὅς@rpnns εἰμί@vipa3s ὕψος@nnnsc ἤ1@cs μῆκος@nnnsc εὑρίσκω@vnaa-- ὁ@dans στερεός@anans- ποιέω@vipa1s οὕτως@b λαμβάνω@viaa1s ὁ@dgms κύκλος@ngmsc ὁ@dafs διάμετρος@nafsc ὁ@dans ἐμβαδόν1@b ποιέω@vpaanms ἐπί@p ἑαυτοῦ@rpanp ὁ@danp ϛ@rpanp καί@b ὁ@danp γίγνομαι@vppeanp ἐνδεκάκις@b καί@cs ὁ@dans ιεʹ@ καί@b γίγνομαι@vipe3p κη@nanpc κθʹ@nanpc οὗτος@rpanp ἐπολυπλασίασα@viaa1s ἐπί@p ὁ@danp ιβ@ γίγνομαι@vipe3p τλθ@vpaanfp γ@x η ́@ τοσοῦτος@rpnns γίγνομαι@vipe3s ὁ@dans στερεός@annns- ὁ@dgns κύλινδρος@ngnsc"
"Stereom._1.13.2","ἐπεί@cs οὖν@b οὐ@b ὑπόκειμαι@vipe3s ἐγώ@rpdcs κύλινδρος@ngmsc μέτρησις@nafsc εὑρίσκω@vnaa-- ἐπί@p ὁ@dgns πρόκειμαι@vpregns ἀλλά@cs κῶνος@ngmsc λαμβάνω@viaa3p ὁ@dans γ ́@b ὁ@dgmp τλθ@ γ@b η ́@ γίγνομαι@vipe3p ριγ@nnfpc η ́@ τοσοῦτος@rpgms γίγνομαι@vipe3s ὁ@dnns στερεός@annns- ὁ@dgms κῶνος@ngmsc δείκνυμι@vire3s γάρ@b ἐν@p ὁ@ddfs εἰσαγωγή@ndfsc εὐκλείδης@ngmsp ὅτι@cs πᾶς@annms- κῶνος@nnmsc τρίτος@annns- μέρος@nnnsc εἰμί@vipa3s κύλινδρος@ngmsc ὁ@dgms ὁ@dafs αὐτός@rpafs βάσις@nafsc ἔχω@vppagms καί@cs ὕψος@nansc ἴσος@annns-"
"Stereom._1.14.1","εἰμί@vipa3s κῶνος@namsc μετρέω@vnaa-- ἀπό@p τε@b κλιμακτήρ@ngnpc καί@cs ὁ@dgfs περί@p ὁ@dams κύκλος@namsc διάμετρος@angfs- οὕτως@b ὁ@dnnp κλίμα@nnnpc ἀνά@p πούς@ngmpc καί@ ὁ@dgfs δέ@b βάσις@ngfsc ὁ@dnfs διάμετρος@nnmsc πούς@ngmpc κδ@ εὑρίσκω@vnaa-- ὁ@dafs κάθετος@anafs- καί@cs ὁ@dans στερεός@anans- ποιέω@vipa1s οὕτως@b λαμβάνω@viaa3p ὁ@dgfs διάμετρος@ngfsc ὁ@dans u+2222@n---p γίγνομαι@vipe3s ιβ@namdc οὗτος@rpnnp ἐπί@p ἑαυτοῦ@rpanp γίγνομαι@vipe3p ρμδ@b καί@cs ὁ@danp ἀπό@p ὁ@dgns κλίμα@ngnsc καί@b εφʼ@p ἑαυτοῦ@rpanp γίγνομαι@vipe3s υ@rpgms ἀπό@p οὗτος@rpgnp αἴρω@viaa3p ὁ@danp ρμδ@b λοιπός@ananp- σνς@b οὗτος@angnp- λαμβάνω@vmaa2s πλευρά@nafsc τετραγωνικός@anafs- γίγνομαι@vipe3s ιϛ@i τοσοῦτος@rpgms γίγνομαι@vipe3s ὁ@dnfs κάθετος@annfs-"
"Stereom._1.14.2","ἵνα@cs δέ@b καί@b ὁ@dans στερεός@anans- εὑρίσκω@vsaa1s ἀπεμπολάω@viaa1s ἀπό@p ὁ@dgnp κδ@ ὁ@dams κύκλος@namsc γίγνομαι@vipe3s ὁ@dnns ἐμβαδόν1@b υνβ@ u+2222@n---p ιε ́@ οὗτος@rpgnp λαμβάνω@vmaa2s ὁ@dans γʹ@ γίγνομαι@vipe3s ὁ@dgms κῶνος@ngmsc ὁ@dans στερεός@anans- μετά@p ὁ@dgms πολυπλασιασμός@ngmsc ὁ@dgfs κάτοιδα@ngfsc"
"Stereom._1.15.1","κῶνος@nnmsp κόλουρος@annms- ὁ@dnms καί@b ἀτέλεστος@annms- ὅς@rpgms ὁ@dnfs μέν@b μέγας@annfsc διάμετρος@nnmsc πούς@ngmpc ῑ@vspa3s ὁ@dnfs δέ@b ἥσσων@annfsc πούς@ngmpc δ@b ὁ@dnns δέ@b μῆκος@nnnsc πούς@ngmpc λ@ εὑρίσκω@vnaa-- αὐτός@rpgms ὁ@dans στερεός@anans- ποιέω@vmpa2s οὔτως@b συντίθημι@vmaa2s ὁ@dafp δύο@ διάμετρος@nafpc ὁ@danp ῑ@ καί@cs δ@ γίγνομαι@vipe3s ιδ@nnnpc ὅς@rpgnp ὁ@dnns u+2222@ γίγνομαι@vipe3p ζ@ ὅς@rpnns εἰμί@vipa3s ὁ@dnfs διάμετρος@nnfsc ὡς@cs εἰμί@vnpa-- ὁ@dans ἐμβαδόν1@b ἀκόλουθος@b ὁ@ddmp προγίγνομαι@vpredmp κύκλος@ndmpc πούς@ngmpc λη@nanpc u+2222@n---p οὗτος@rpanp ἐπί@p ὁ@danp λ@ ὁ@dgns μῆκος@ngnsc γίγνομαι@vipe3p αρνε@nvmsc τοσοῦτος@rpgmp εἰμί@vifm3s πούς@ngmpc ὁ@dnns τερεόν@nnnsc ὁ@dgms κῶνος@ngmsc εἰμί@vmpa3s κῶνος@nnmsc κόλουρος@nnmsc ὅς@rpgms ὁ@dnfs διάμετρος@nnfsc ὁ@dnfs μέγας@annfsc πούς@ngmpc ῑ@vspa3s ὁ@dnfs δέ@b ἥσσων@annfsc πούς@ngmpc δ@b καί@cs ὁ@dnns μῆκος@nnnsc πούς@ngmpc λ@ εὑρίσκω@vnaa-- αὐτός@rpgms ὁ@dans στερεός@anans- ποιέω@vmpa2s οὕτως@b συντίθημι@vmaa2s ὁ@dafp β@ διάμετρος@anafp- ὁ@danp ῑ@ καί@cs ὁ@danp δ@anans- γίγνομαι@vipe3s ιδ@nnnpc ὅς@rpgnp u+2222@n---p γίγνομαι@vipe3s ζ@ ὅς@rpnns εἰμί@vipa3s διάμετρος@nnmsc τοσοῦτος@rpgns ὁ@dnns ἐμιβαδόν@b γίγνομαι@vipe3s πούς@ngmpc ληu+2220 ́@nvfsc οὗτος@rpanp ποιέω@vipa1s ἐπί@p ὁ@damp λ@ ὁ@dgns μῆκος@ngnsc γίγνομαι@vipe3p πούς@nnmpc αρνε@nvmsc τοσοῦτος@rpgmp πούς@ngmpc εἰμί@vipa3s ὁ@dans στερεός@annns- ὁ@dgms κῶνος@ngmsc πούς@ngmpc αρνε@nvmsc"
"Stereom._1.16.1","16@i ἄλλως@nvfsp κῶνος@namsc δέ@b κόλουρος@anams- μετρέω@vnaa-- καί@cs εὑρίσκω@vnaa-- ὁ@dans στερεός@anans- ἀπό@p τε@cs ὁ@dgnp διάμετρος@angnp- καί@cs κάτοιδα@ngmsc εἰμί@vmpa3s ὁ@dnfs διάμετρος@nnfsc ὁ@dgms μέγας@ang-sc κύκλος@ngmsc πούς@ngmpc ϛ@dnfs ὁ@dgms δέ@b ἐλάσσων@annmsc πούς@ngmpc β@ ὁ@dnfs δέ@b κάθετος@annfs- πούς@ngmpc δ@b ποιέω@vipa1s οὕτως@b ὁ@dnnp ϛ@b ἐπί@p ἑαυτοῦ@rpanp γίγνομαι@vipe3s λϛ@nnfpc καί@b ὁ@danp β@ ἐπί@p ἑαυτοῦ@rpanp γίγνομαι@vipe3s δ@b ὁμοῦ@b μ@b καί@b ὁ@danp ϛ@rpanp ἐπολυπλασίασα@viaa1s ἐπί@p ὁ@danp β@anans- γίγνομαι@vipe3s ιβ@vmam2s καί@b οὗτος@rpanp προστίθημι@viaa1s ὁ@ddmp μ@ γίγνομαι@vipe3s νβ@ οὗτος@rpnnp τετράκις@b οὗτος@rpnns εἰμί@vipa3s ἐπί@p ὁ@dafs κάθετος@anafs- γίγνομαι@vipe3s ση@nnfsc ποιέω@vmaa2s ἐνδεκάκις@b γίγνομαι@vipe3p βσπη@nvfsc οὗτος@rpgnp ὁ@dnns μβ ́@ γίγνομαι@vipe3p νδ@b καί@b καί@b μγʹ@ μγʹ@ τουτέστι@vipa3s νδ@rpgnp γʹ@b ηʹ@ τοσοῦτος@rpgns εἰμί@vipa3s ἄρα@b ὁ@dnns στερεός@annns-"
"Stereom._1.17.1","ἔτι@cs μετρέω@vsaa1p κῶνος@namsc κόλουρος@namsc ἀπό@p τε@cs διάμετρος@ngnsc καί@cs ἀπό@p ὁ@dgnp κλιμακτήρ@ngnpc ὅς@rpgms εἰμί@vipa3s ὁ@dgfs κορυφή@ngfsc ὁ@dnfs διάμετρος@nnmsc πούς@ngmpc δ@b ὁ@dnnp δέ@b κλίμα@nnnpc ἀνά@an---- ιε@viia3s ὁ@dnfs δέ@b ὁ@dgfs βάσις@ngfsc διάμετρος@nnmsc πούς@ngmpc κη@nnfsc εὑρίσκω@vnaa-- ὁ@dans στερεός@anans- ποιέω@vipa1s οὕτως@b ὑφαιρέω@vmaa2s κορυφή@nafsc ἀπό@p ὁ@dgfs βάσις@ngfsc λοιπός@ananp- κδ@b οὗτος@rpgnp ὁ@dnns u+2222@ γίγνομαι@vipe3s ιβ@namdc οὗτος@rpnnp ἐπί@p ἑαυτοῦ@rpanp γίγνομαι@vipe3p ρμδ@b καί@cs ὁ@danp ἀπό@p ὁ@dgns κλίμα@ngnsc ἐπί@p ἑαυτοῦ@rpanp γίγνομαι@vipe3p σκώ@vmpa2s ἀπό@p οὗτος@rpgnp ἀφαιρέω@viaa3s ὁ@danp ρμδ@b λοιπός@annnp- πα@nvcsc ὅς@rpgfp πλευρόν@nnfsc τετραγωνικός@annfs- γίγνομαι@vipe3s θ@b τοσοῦτος@rpgms γίγνομαι@vipe3s ὁ@dnfs κάθετος@annfs-"
"Stereom._1.17.2","ὁ@dans δέ@b στερεός@anans- εὑρίσκω@vifa1p οὕτως@b συντίθημι@viaa1s κορυφή@nafsc καί@cs βάσις@nafsc γίγνομαι@vipe3s λβ@n---c οὗτος@rpgnp ὁ@dnns u+2222@ γίγνομαι@vipe3s ιϛ@i μετρέω@vipa1s νῦν@b κύκλος@namsc ὅς@rpgms ὁ@dnfs διάμετρος@nnfsc πούς@ndmsc ιϛ@vspa3s ποιέω@vipa1s ὁ@dafs διάμετρος@nafsc ἐπί@p ἑαυτοῦ@rpafs καί@cs ὁ@danp γίγνομαι@vpamanp ἐνδεκάκις@b ὅς@rpgnp ὁ@dnns ιε ́@rpnns καί@b μετά@p ὁ@dans λαμβάνω@vnaa-- ἐγώ@rpacs ὁ@dans ἐμβαδόν1@b πάλιν@b ἀφαιρέω@viaa3p κορυφή@nafsc ἀπό@p ὁ@dgfs βάσις@ngfsc λοιπός@ananp- κδ@b οὗτος@rpgnp ὁ@dnns u+2222@ γίγνομαι@vipe3s ιβ@namdc ἀπό@p οὗτος@rpgnp πάλιν@b ἀπεμπολάω@viaa1s ὁ@dams ἐλαχύς@anamss κύκλος@namsc καί@cs ὅταν@cs εὑρίσκω@vsaa1s ὁ@dans ἐμβαδόν@b ὁ@dgnp γίγνομαι@vppegnp λαμβάνω@vipa1s ὁ@dans γʹ@rpans οὗτος@rpanp προστίθημι@vpaanms ὁ@ddms ὁ@dgms μέγας@ang-sc κύκλος@ngmsc ἐμβαδόν@andns- ὁ@danp γίγνομαι@vpamanp ἐπολυπλασίασα@viaa1s ἐπί@p ὁ@dafs κάθετος@anafs- καί@b τοσοῦτος@annns- γίγνομαι@vipe3s ὁ@dans στερεός@annns- ὁ@dgms κῶνος@ngmsc"
"Stereom._1.18.1a","ὀβελίσκος@nnmsp ἔχω@vppanms εἰς@p ὁ@dafs βάσις@nafsc κύκλος@namsc ὅς@rpgms ὁ@dnfs μέν@b διάμετρος@nnfsc πούς@ngmpc μβ@ ὁ@dnfp δέ@b πλευρά@nnfpc αὐτός@rpgms ἐγκλαίω@vprenfp εἰμί@vppanfp ἀνά@p πούς@ngmpc οε@ εὑρίσκω@vnaa-- αὐτός@rpgms ὁ@dafs κάθετος@anafs- ποιέω@vmpa2s οὕτως@b λαμβάνω@vmaa2s ὁ@dgfs βάσις@ngfsc ὁ@dans ἥμισυς@anans- γίγνομαι@vipe3s καί@b οὗτος@rpnnp ἐπί@p ἑαυτοῦ@rpanp γίγνομαι@vipe3s υμα@vipa1s καί@cs εἷς@ πλευρά@nafsc ὁ@dgms κῶνος@ngmsc γίγνομαι@vpamafs ἐπί@p ἑαυτοῦ@rpafs γίγνομαι@vipe3p εχκω@anvms- ἐκ@p ὅς@rpgnp δανείζω@viia3s ὁ@danp μα@ananp- πρός@p ὁ@ddnp υ@ λοιπός@ananp- ερπδ@i ὅς@nnfsc υμα@nanpc ὅστις@rpafs ἀφαιρέω@viaa3s ἀεί@b πλευρόν@nanpc τετράγωνος@annfs- γίγνομαι@vipe3s οβ@i τοσοῦτος@rpgmp εἰμί@vifm3s πούς@ngmpc ὁ@dnfs κάθετος@nnfsc"
"Stereom._1.18.2a","ἐάν@cs δέ@b ἐθέλω@vspa2s ὁ@dgms αὐτός@rpgms ὀβελίσκος@ngmsc ὁ@dans στερεός@anans- εὑρίσκω@vnaa-- ποιέω@vmpa2s οὕτως@b λαμβάνω@vmaa2s ὁ@dgfs βάσις@ngfsc ὁ@dans ἐμβαδόν1@b κατά@p ὁ@dans πρόκειμαι@vpreans ὑπόδειγμα@nansc ὁ@dgmp κύκλος@ngmpc καί@cs ὁ@danp γίγνομαι@vpamanp πολυπλασίαστος@vmaa2s ἐπί@p ὁ@dans γ ́@b ὁ@dgfs κάτοιδα@ngfsc τοσοῦτος@rpgmp ἔκτης@vire3s πούς@ngmpc ὁ@dans στερεός@annns- ὁ@dgms ὀβελίσκος@ngmsc"
"Stereom._1.18.1b","εἰμί@vmpa3s κῶνος@nnmsc ὁ@dnms λέγω3@vppenms ὀβελίσκος@nnmsc καί@cs ἔχω@vmpa3s ὁ@dafs βάσις@nafsc κύκλος@namsc ὅς@rpgms ὁ@dnfs διάμετρος@nnfsc πούς@ngmpc μβ@ ὁ@dgms δέ@b κῶνος@ngmsc εἰ@nnfpc πλευρά@nnfpc ὁ@dnfp ἐγκλαίω@vprenfp εἰμί@vmpa3p ἀπό@p πούς@ngmpc οε@n---c οὗτος@rpgns ὁ@dafs κάθετος@nafsc εὑρίσκω@vifa1p οὕτως@b λαμβάνω@vipa1s ὁ@damp οε@nampc πούς@nampc ὁ@dgfs πλευρά@ngfsc ἐπί@p ἑαυτοῦ@rpamp γίγνομαι@vipe3p εχκω@vmpa2s καί@b ὁ@dgfs δύω@ngfsc σις@ngfsc ὁ@dans u+2222@n---p γίγνομαι@vipe3s καί@b οὗτος@rpanp ποιέω@vmpa2s ἐπί@p ἑαυτοῦ@rpanp γίγνομαι@nvmsc υμα@nansc ὅστις@rpafs ἀφαιρέω@viaa3s ἀπό@p ὁ@rpgnp εχκω@vmpa2s λοιπός@anans- μένω@vipa3s ερπδ@i ὅς@rpgfp πλευρόν@nnfsc τετραγωνικός@annfs- τραγωνικός@annfs- γίγνομαι@vipe3s πούς@nnfsc οβ@nnfsc τοσοῦτος@rpgms εἰμί@vifm3s ὁ@dnfs κάθετος@annfs- ὁ@dgms κῶνος@ngmsc πούς@nn-sc οβ@"
"Stereom._1.18.2b","εὑρίσκω@vnaa-- καί@cs ὁ@dans ἐμβαδόν1@b πούς@ngmpc ατπϛ@vipa3s οὗτος@rpanp ἐπί@p ὁ@dans γʹ@b ὁ@dgfs κάτοιδα@ngfsc ἐπί@p ὁ@danp κδ@ γίγνομαι@vipe3p πούς@nnmpc γ@b γσξδ@b τοσοῦτος@rpgmp πούς@ngmpc εἰμί@vifm3s ὁ@dans στερεός@annns- ὁ@dgms κῶνος@ngmsc"
"Stereom._1.18.3b","εὑρίσκω@vnaa-- αὐτός@rpgms καί@b ὁ@dafs ἐπιφάνεια@nafsc ὁ@dgfs βάσις@ngfsc ὁ@dnns u+2222@n---p γίγνομαι@vipe3s καί@b οὗτος@rpnnp ἐπί@p ὁ@dafs κάθετος@anafs- ἐπί@p ὁ@rpanp οβ@ γίγνομαι@vipe3s αφιβ@vipa2s οὗτος@rpnnp ἐπί@p ὁ@danp κβ@n---c γίγνομαι@vipe3p γ@b γσξδ@b οὗτος@rpgnp ὁ@dnns ηʹ@ γίγνομαι@vipe3p δψνβ@nvmsc τοσοῦτος@rpgmp ὁ@dnfs ἐπιφάνεια@nnfsc ὁ@dgms κῶνος@ngmsc κύλινδρος@nansp μετρέω@vifa1p ὅς@rpgms ὁ@dnns μῆκος@nnnsc πούς@ngmpc ἄν@ ὁ@dnfs δέ@b διάμετρος@nnmsc πούς@ngmpc ζ@ καί@cs ὁ@dnfs περιφέρεια@nnfsc πούς@ngmpc κβ@ εὑρίσκω@vsaa1p ἀπό@p ὁ@dgfs περιφέρεια@ngfsc ὡς@cs καί@b ἐπί@p ὁ@dgmp κύκλος@ngmpc καί@cs εἰμί@vmpa3s ὁ@dnns ἐμβαδόν1@b πούς@ngmpc λη@nnfsc u+2222@n---p οὗτος@rpanp ποιέω@vipa1s ἐπί@p ὁ@dans μῆκος@nansc ὁ@dgmp ἄν@ γίγνομαι@vipe3p πούς@nnmpc αϡκε@i τοσοῦτος@rpgmp πούς@ngmpc εἰμί@vifm3s ὁ@dans στερεός@annns- ὁ@dgms κύλινδρος@ngnsc"
"Stereom._1.19.1","κύλινδρος@nnmsp ὅς@rpgms ὁ@dnns μέν@b μῆκος@nnnsc πούς@ngmpc ἄν@ ὁ@dnfs δέ@b περιφέρεια@nnfsc πούς@ngmpc κβ@ εὑρίσκω@vnaa-- αὐτός@rpgms ὁ@dans στερεός@anans- ποιέω@vmpa2s οὕτως@b λαμβάνω@vmaa2s ἀπό@p ὁ@dgfs περιφέρεια@ngfsc ὡς@cs καί@cs ἐπί@p ὁ@dgmp κύκλος@ngmpc ὁ@dans ἐμβαδόν@b γίγνομαι@vopa3p γίγνομαι@vipe3p λη@nnnpc u+2222@n---p οὗτος@rpanp ἐπί@p ὁ@danp ἄν@ γίγνομαι@vipe3p αϡκε@i τοσοῦτος@rpgmp εἰμί@vifm3s πούς@ngmpc ὁ@dans στερεός@annns- ὁ@dgms κύλινδρος@ngmsc"
"Stereom._1.20.1","κύλινδρος@namsp μετρέω@vipa3s οὕτως@b ὅς@rpgms ὁ@dnfs διάμετρος@nnfsc ὁ@dgms κύκλος@ngmsc πούς@ngmpc ϛ@vspa3s ὁ@dnms δέ@b ἄξων@nnmsc τουτέστι@vipa3s ὁ@dnns μῆκος@nnnsc πούς@ngmpc ιβ@an---- εὑρίσκω@vnaa-- ὁ@dans στερεός@anans- ποιέω@vipa1s οὕτως@b ἀπεμπολάω@viaa1s κύκλος@namsc ὅς@rpgms ὁ@dnfs διάμετρος@nnfsc πούς@ngmpc ϛ@vspa3s καθώς@cs πρόκειμαι@vipe3s γίγνομαι@vipe3s ὁ@dnns ἐμβαδόν1@b αὐτός@rpgms πούς@ngmpc κη@nnfsc ε#@nnfsc κη ́@nnfsc οὗτος@rpanp ἐπολυπλασίασα@viaa1s ἐπί@p ὁ@dams ἄξων@namsc γίγνομαι@vipe3p πούς@nnmpc τλθ@b καί@cs γ@b η ́@ η ́@ τοσοῦτος@rpgmp γίγνομαι@vipe3s ὁ@dans στερεός@annns- ὁ@dgns κύλινδρος@ngnsc"
"Stereom._1.20.2","ὁ@dafs δέ@b ἐπιφάνεια@nafsc αὐτός@rpgms εὑρίσκω@vifa2s οὕτως@b ποιέω@vmaa2s ὁ@dafs διάμετρος@nafsc τρίς@b καί@cs η ́@ ἐπεί@cs ὁ@dgfs διάμετρος@ngfsc ὁ@dnfs περίμετρος@nnfsc τριπλάσιος@annfs- εἰμί@vipa3s καί@cs ἐφέβδομος@annfs- καί@cs προσάγω@vmaa2s ὁ@danp γίγνομαι@vpamanp ἐπί@p ὁ@dams ἄξων@namsc οὗτος@rpnns εἰμί@vipa3s ἐπί@p ὁ@danp ιβ@ ὁ@dgns ὕψος@ngnsc καί@cs τοσοῦτος@rpgns εἰμί@vipa3s ὁ@dnfs ἐπιφάνεια@nnfsc ὁ@dgns κύλινδρος@ngmsc"
"Stereom._1.21.1","κίων@nnmsp ὅς@rpgms ὁ@dnns μῆκος@nnnsc πούς@ngmpc καί@nnfsc λαμβάνω@vipa1s οὗτος@rpgns ὁ@dans ηʹ@ καί@cs ὁ@dans η#@ ἐπεί@cs ὁ@dnfs δράω@nnfsc ὁ@dgms κίων@ngmsc κατά@p διάμετρος@namsc εἰμί@vipa3s ὁ@dnns ηʹ@ καί@cs ὁ@dnfs ἔφεδρος@annfs- ὁ@dnns η ́@ μίγνυμι@vpaanms ὁ@dafp δύο@ διάμετρος@anafp- κρατέω@vmpa2s ὁ@dans u+2222@n---p γίγνομαι@vipe3p β@ u+2222@n---p δ ́@b ιϛ ́@ ἀπό@p οὗτος@rpgnp ποιέω@vmpa2s κύκλος@ngmsc ὁ@dans ἐμβαδόν@b γίγνομαι@vipe3p πούς@nnmpc ζ@nnfpc ιεʹ@nvmsc γ ́@b οὗτος@rpnnp ἐπί@p ὁ@dans μῆκος@nansc γίγνομαι@vipe3p πούς@nnmpc ρμζ@b u+2222@n---p τοσοῦτος@rpgmp εἰμί@vifm3s πούς@ngmpc ὁ@dans στερεός@annns- ὁ@dgms κίων@ngmsc"
"Stereom._1.21.2","εἰ@cs δέ@b ἐθέλω@vipa2s ὁ@dafs ἐπιφάνεια@nafsc μετρέω@vnaa-- λαμβάνω@vmaa2s δράω@nafpc καί@cs ἐφέδρα@nafpc ὁ@damp κύκλος@nampc καί@cs μίγνυμι@vpaanms αἴρω@namsc ὁ@dans u+2222@n---p ἐπί@p οὗτος@rpanp ὁ@dnns μῆκος@nnnsc καί@b τοσοῦτος@rpgms ὁ@dnfs ἐπιφάνεια@nnfsc εἰμί@vifm3s ὁ@dgms κίων@ngmsc"
"Stereom._1.21.3","ὁ@dgms κίων@ngmsc ἔκθεσις@nnfsc ὁ@dgms αὐτός@angms- πατρίκιος@angms- διόρθωσις@nnfsc ὁ@dnmp γάρ@b ἀρχαῖος@annmp- ὁ@dafp δύο@an---- διάμετρος@nafpc οὐ@b μίγνυμι@viaa3p"
"Stereom._1.22.1","κύβος@namsp μετρέω@vnaa-- τουτέστι@vipa3s σχῆμα@nnnsc στερεός@annns- περιέχω@vprenns ὑπό@p τρεῖς@ διάστασις@ngfpc μῆκος@ngnsc πλάτος@nampc ὕψος@nampc ἀκόλουθος@b ἤ1@cs βάθος@ngnsc καί@b πῶς@b ἐπί@p μέν@b ὁ@dgnp σχῆμα@ngnpc ὕψος@nnnsc ἐπί@p δέ@b ὁ@dgnp ὄρυγμα@ngnpc βάθος@nnnsc εἰμί@vmpa3s οὖν@b κύβος@nnmsc μῆκος@nnnsc πῆχυς@ngmpc η@ πλάτος@nnnsc πῆχυς@ngmpc η@ καί@cs ὕψος@nnnsc πῆχυς@ngmpc η@ εὑρίσκω@vnaa-- πόσωος@annns- ὁ@dans στερεός@anans- πῆχυς@vppanms γίγνομαι@vipe3s ὁ@dnms κύβος@nnmsc ποιέω@vipa1s ὁ@damp η@ ὁ@dgns μῆκος@nampc ἐπί@p ὁ@damp ὀκτώ@an---- ὁ@dgns πλάτος@ngnsc γίγνομαι@vipe3p ξδ@p οὗτος@rpamp ἐπί@p ὁ@damp η@ ὁ@dgns ὕψος@ngnsc γίγνομαι@vipe3s φιβ@nnfpc εἰμί@vifm3s ὁ@dnms κύβος@nnmsc πῆχυς@ngmpc φιβ@ndfsc"
"Stereom._1.23.1","κύβος@nnmsp τετράγωνος@annms- ἰσόπλευρος@annms- ὅς@rpgms ὁ@dnfs μέν@b βάσις@nnfsc πούς@ngmpc ῑ@vspa3s ὁ@dnns μῆκος@nnnsc πούς@ngmpc ῑ@vspa3s ὁ@dnns ὕψος@nnnsc πούς@ngmpc ῑ@vspa3s εὑρίσκω@vnaa-- αὐτός@rpgms ὁ@dans στερεός@anans- ποιέω@vmpa2s οὕτως@b ὁ@danp ῑ@rpanp ὁ@dgfs βάσις@ngfsc ἑξηκοντάκις@b γίγνομαι@vipe3s χ@b καί@b οὗτος@rpanp ἐπί@p ὁ@danp ῑ@ananp- ὁ@dgns μῆκος@ngnsc γίγνομαι@vipe3s ϛ@i καί@cs οὗτος@rpanp ἐπί@p ὁ@danp ῑ@ ὁ@dgns ὕψος@ngnsc γίγνομαι@vipe3s ϛ@i ὅς@rpgnp ὁ@dnns ξ ́@nnnsc γίγνομαι@vipe3s α@i τοσοῦτος@rpgmp εἰμί@vifm3s πούς@ngmpc ὁ@dans στερεός@annns- ὁ@dgms κύβος@ngmsc"
"Stereom._1.24.1","κύβος@nnmsp παραλληλόγραμμος@annms- ὅς@rpgms ὁ@dnfs παράλληλος@annfs- πούς@ngmpc καί@ ὁ@dnfs δέ@b ἐπιζεύγνυμι@vppanfs πούς@ngmpc ῑ@ ὁ@dnns δέ@b ὕψος@nnnsc πούς@ngmpc λ@ εὑρίσκω@vnaa-- αὐτός@rpgms ὁ@dans στερεός@anans- ποιέω@vmpa2s οὕτως@b ὁ@danp καί@b ὁ@dgfs παράλληλος@angfs- ἐπί@p ὁ@danp ῑ@rpanp γίγνομαι@vipe3p ς@rpa-s ὅσπερ@rpnns εἰμί@vipa3s ἐμβαδόν@b οὗτος@rpanp ἐπί@p ὁ@danp λ@ ὁ@dgns ὕρψος@ngnsc γίγνομαι@vipe3s ϛ@i τοσοῦτος@rpgms εἰμί@vifm3s ὁ@dans στερεός@annns- ὁ@dgms κύβος@ngmsc"
"Stereom._1.25.1","σφηνίσκος@nnmsp ὅς@b ὁ@dnns μέν@b μῆκος@nnnsc πούς@ngmpc ἄν@b ὁ@dnns δέ@b πλάτος@nnnsc ὁ@dnns μέγας@annnsc πούς@ngmpc ζ@ ὁ@dnns δέ@b ἥσσων@anansc πούς@ngmpc ε@ ὁ@dnns δέ@b πάχος@nnnsc ὁ@dnns μέγας@annnsc πούς@ngmpc ϛ@vspa3s ὁ@dnns δέ@b ἥσσων@anansc πούς@ngmpc δ@b εὑρίσκω@vnaa-- αὐτός@rpgms ὁ@dans στερεός@anans- ποιέω@vmpa2s οὕτως@b συντίθημι@vmaa2s ὁ@danp β@ πλάτος@nanpc τουτέστι@vipa3s ὁ@dnnp ζ@an---- καί@cs ὁ@dnnp ε@ γίγνομαι@vipe3s ιβ@vmam2s ὅς@rpgnp ὁ@dnns u+2222@ γίγνομαι@vipe3s ϛ@i ὅμοιος@b καί@b ὁ@dnnp δύο@ πάχος@nnnpc τουτέστι@vipa3s ὁ@dnnp ϛ@rpnnp καί@cs ὁ@dnnp δ@ γίγνομαι@vipe3s ῑ@i ὅς@rpgnp καί@cs αὐτός@rpgnp ὁ@dnns u+2222@n---p γίγνομαι@vipe3p ε@b οὗτος@rpnnp ἐπί@p ὁ@danp ϛ@rpanp γίγνομαι@vipe3s λ@ καί@b οὗτος@rpnnp πάλιν@b ἐπί@p ὁ@danp κλ@ananp- γίγνομαι@vipe3p ψν@nnfpc τοσοῦτος@rpgmp εἰμί@vifm3s ὁ@dans στερεός@anans- ὁ@dgms σφηωίσκος@ngmsc σφήν@namsp μετρέω@vnaa-- ὅς@rpgms ὁ@dnns μῆκος@nnnsc πούς@ngmpc ἄν@vira3s ὁ@dans δέ@b πλάτος@nansc ὁ@dans μέγας@anansc πούς@ngmpc ζ@ ὁ@dans δέ@b μικρός@anans- πούς@ngmpc ε@ πάχος@nnmsc ὁ@dans μέγας@annnsc πούς@ngmpc ϛ@vspa3s ὁ@dans δέ@b ἥσσων@anansc πούς@ngmpc δ@b ἐρέω@vnpa-- αὐτός@rpgms ὁ@dans ἐμβαδόν@b ποιέω@vipa1s οὕτως@b συντίθημι@vmaa2s ὁ@danp β@ πλάτος@nanpc ὁ@danp ζ@an---- καί@cs ὁ@danp ε@ γίγνομαι@vipe3s ιβ@vmam2s ὅς@rpgnp ὁ@dnns u+2222@ γίγνομαι@vipe3s ϛ@i ὅμοιος@b καί@b ὁ@dnnp β@ πάχος@nnnpc ὁ@dnnp ϛ@rpnnp καί@cs ὁ@dnnp γίγνομαι@vipe3p ῑ@rpnnp ὅς@rpgnp u+2220 ́@ γίγνομαι@vipe3p ε@b οὗτος@rpnnp ἐπί@p ὁ@danp ϛ@rpanp γίγνομαι@vipe3p πούς@nnmpc λ@ καί@cs οὗτος@annnp- ἐπί@p ὁ@danp ἄν@x ὁ@dgns μῆκος@ngnsc γίγνομαι@vipe3p πούς@nnmpc ψν@nnfpc τοσοῦτος@angmp- πούς@ngmpc εἰμί@vipa3s ὁ@dans στερεός@anans- ὁ@dgms σφήν@ngmsc πούς@ngmpc ψν@nnmsc"
"Stereom._1.26.1","ἄλλως@nnfsp εἰμί@vmpa3s σφηνίσκος@nnmsc ὅς@rpnms καλέω@vipe3s ὑπό@p τις@rpgmp ὄνυξ@nnmsc ἔχω@vppanms ὁ@dans μέν@b ἀπό@p κεφαλή@ngfsc δάκτυλος@ngmpc ἕξ@ ὁ@dans δέ@b ἄλλος@rpans δάκτυλος@ngmpc ῑ@n---c ὁ@dans πάχος@nansc δάκτυλος@ngmpc η@ εὑρίσκω@vnaa-- αὐτός@rpgms ὁ@dans στερεός@anans- ποιέω@vipa1s οὕτως@b συντίθημι@vipa1s ὁ@danp β@ananp- πλάτος@ananp- γίγνομαι@vipe3s ιϛ@i ἐπί@p ὁ@dans πάχος@nansc γίγνομαι@vipe3s ραη@nnfsc ἐπί@p ὁ@dans μῆκος@nansc οὗτος@rpnnp ὁ@dgnp η@ γίγνομαι@vipe3p ακδ@nvmsc οὗτος@rpgnp ὁ@dnns δ ́@b γίγνομαι@vipe3p σνς@b τοσοῦτος@rpgmp χυδαῖος@angmp- δάκτυλος@ngmpc οὗτος@rpanp μερίζω@vipa1s ὡς@cs ὁ@dans τετράγωνος@anans-"
"Stereom._1.27.1","ἄλλως@nnfsp εἰμί@vmpa3s ὄνυξ@nnmsc ἔχω@vppanms ὁ@dans μέν@b μῆκος@nansc δάκτυλος@ngmpc ῑ@rpdfs πλάτος@nnnsc δάκτυλος@ngmpc ϛ@vspa3s πάχος@nansc δάκτυλος@ngmpc ε@cs εὑρίσκω@vnaa-- αὐτός@rpgms ὁ@dans στερεός@anans- ποιέω@vipa1s οὕτως@b πολυπλασιάζω@vipa1s ὁ@dans πλάτος@nansc καί@cs ὁ@dans πάχος@nansc γίγνομαι@vipe3s λ@ οὗτος@rpnnp ἐπί@p ὁ@dans μῆκος@nansc γίγνομαι@vipe3s ὁ@ οὗτος@rpgnp λαμβάνω@vipa1s ὁ@dans u+2222@n---c γίγνομαι@vipe3p ρν@n---c οὗτος@rpanp μερίζω@vipa1s ὡς@cs ὁ@dans τετράγωνος@anans- γίγνομαι@vipe3p στερεός@annmp- δάκτυλος@nnmpc ιβ@annmp- δ ́@x"
"Stereom._1.28.1","μείων@nansp ὁ@dnns προστοιχειόω@vprenms ὅς@rpgms ὁ@dnns μέν@b μῆκος@nnnsc πούς@ngmpc λ@ ὁ@dnns δέ@b πλάτος@nnnsc πούς@ngmpc ϛ@vspa3s ὁ@dnns δέ@x πάχος@nnnsc πούς@ngmpc δ@b εὑρίσκω@vnaa-- αὐτός@rpgms ὁ@dans στερεός@anans- ποιέω@vmpa2s οὕτως@b ὁ@danp ϛ@vipa3s ἐπί@p ὁ@danp δ@ γίγνομαι@vipe3p κδ@n---c ὅς@rpgnp ὁ@dnns u+2222@ γίγνομαι@vipe3s ιβ@namdc οὗτος@rpanp ἐπί@p ὁ@danp λ@anans- γίγνομαι@vipe3p ὁ@ τοσοῦτος@rpgmp εἰμί@vifm3s πούς@ngmpc ὁ@dans στερεός@annns- σφήν@nafsp μείων@anams- μετρέω@vsaa1p ὅς@rpgms ὁ@dnns μῆκος@nnnsc πούς@ngmpc λ@ καί@cs ὁ@dnns πλάτος@nnnsc πούς@ngmpc ϛ@vspa3s καί@cs ὁ@dnns πάχος@nnnsc πούς@ngmpc δ@ εὑρίσκω@vnaa-- αὐτός@rpgms ὁ@dans ἐμβαδόν@b ποιέω@vipa1s οὕτως@b ὁ@danp ϛ@vipa3s ἐπί@p ὁ@danp δ@ γίγνομαι@vipe3p πούς@nnmpc κδ@n---c ὅς@rpgnp ὁ@dnns u+2222@ γίγνομαι@vipe3s ιβ@namdc οὗτος@rpanp ἐπί@p ὁ@danp λ@anans- γίγνομαι@vipe3p πούς@nnmpc ὁ@b τοσοῦτος@rpgmp πούς@ngmpc εἰμί@vifm3s ὁ@dans στερεός@anans- ὁ@dgms σφήν@ngmsc ὁ@nvfsc"
"Stereom._1.29.1","ὁ@dnns δέ@b πλινθίον@nnnsc συνίστημι@vira3s ἐκ@p ὅδε@angmp- ὁ@dgfp ἀριθμός@ngmpc ϛ@rpdfs η@ θ@n---c ιβ@ ὁ@dnms μέν@b η@ πρός@p ϛ@b ἐν@p ἐπίτριτος@andms- λόγος@ndmsc κατά@p ὅς@rpgmp ὁ@dnfs διά@p τέσσαρες@ngnpc εἰμί@vipa3s ἁρμονία@nnfsc ὁ@dnms δέ@b θ@ πρός@p ὁ@dams ϛ@namsc ἐν@p διπλάσιος@ndnsc κατά@p ὅς@rpgmp ὁ@dnfs διά@p πᾶς@angfp- ἕξις@ngfpc ἐλέγχω@vipa3s καί@cs ὁ@dafp ἀναλογία@nafpc πᾶς@anafp- ἀριθμητικός@annfs- μέν@b εἰμί@vipa3s ἐν@p ϛ@rpdfs καί@cs θ@n---c καί@cs ιβ@ ὅς@rpdnp γάρ@b ὑπερέχω@vipa3s ὁ@dnms μέσος@annms- ὁ@dgms πρῶτος@angns- τρεῖς@andnp- ὑπερέχω@vipe3s ὑπό@p ὁ@dgns τελευταῖος@angns- γεωμετρικός@annfs- δέ@b ὁ@dnfs ὁ@dgfp τέσσαρες@ ὅς@rpams γάρ@b λόγος@namsc ἔχω@vipa3s ὁ@dnnp η@ πρός@p ὁ@danp ϛ@ οὗτος@rpams ὁ@dnnp ιβ@ πρός@p ὁ@danp θ@anans- ὁ@dnms δέ@b λόγος@nnmsc ἡμιόλιος@annms- ἁρμονικός@angfs- ἀναλογία@ngfsc δισσός@annfs- κρίσις@nnfsc εἷς@annfs- μέν@b ὅταν@cs ὅς@rpams λόγος@namsc ἔχω@vipa3s ὁ@dnms ἔσχατος@annms- πρός@p ὁ@dams πρῶτος@anams- οὗτος@rpams ἔχω@vspa3s ὁ@dnfs ὑπερέχω@vipe3s ὑπό@p ὁ@dgms τελευταῖος@angns-"
"Stereom._1.30.1","πυραμίς@nnfsp ἐπί@p τετράγωνος@ngmsc βαίνω@vpranfs ὅς@rpgms ἕκαστος@annfs- ὁ@dgfp πλευρά@ngfpc ἀνά@p πούς@ngmpc κδ@vipa3s ὁ@dnns δέ@b κλίμα@nnnsc ἀνά@p πούς@ngmpc ιη@annfs- εὑρίσκω@vnaa-- αὐτός@rpgfs ὁ@dans στερεός@anans- ποιέω@vmpa2s οὕτως@b ὁ@danp κδ@b ἐπί@p ἑαυτοῦ@rpanp γίγνομαι@vipe3s φοϛ@ndfsc ὅς@rpgnp ὁ@dnns u+2222@ γίγνομαι@vipe3p σπή@nnfsc ὁ@rpdfs ιη@viap3s ἐπί@p ἑαυτοῦ@ananp- γίγνομαι@vipe3p τκδ@b ἐκ@p ὅς@rpgnp δανείζω@viaa3s ὁ@dnnp σπή@nnnpc λοιπός@ananp- λϛ@vipa3s ὅς@rpgfp πλευρόν@nnfsc τετράγωνος@annfs- γίγνομαι@vipe3s ϛ@rpdfs τοσοῦτος@rpgmp πούς@ngmpc εἰμί@vifm3s ὁ@dnfs κάθετος@nnfsc λαμβάνω@vmaa2s τοίνυν@x ὁ@dgfs κάτοιδα@ngfsc ὁ@dans γ ́@b γίγνομαι@vipe3s β@ οὗτος@rpnnp ἐπί@p ὁ@danp φοϛ@an---- γίγνομαι@vipe3p αρνβ@nvmsc cm@p τοσοῦτος@rpgmp εἰμί@vifm3s πούς@ngmpc ὁ@dans στερεός@annns- ὁ@dgfs πυραμίς@ngfsc πυραμίς@nafsp ἐπί@p τετράγωνος@ngmsc βαίνω@vpraafs μετρέω@vifa1p οὕτως@b ὅς@rpgfs ἕκαστος@annfs- ὁ@dgfp πλευρά@ngfpc ὁ@dgfs βάσις@ngfsc ἀπό@p πούς@ngmpc κδ@ καί@cs ὁ@dnns κλίμα@nnnsc ὁ@dgfs πυραμίς@ngfsc πούς@annfs- ιη@annfs- εὑρίσκω@vnaa-- αὐτός@rpgfs ὁ@dafs κάθετος@anafs- καί@cs ὁ@dans στερεός@anans- ποιέω@vipa1s οὕτως@b ὁ@danp κδ@ ὁ@dgfs βάσις@ngfsc ἐπί@p ἑαυτοῦ@rpanp γίγνομαι@vipe3p πούς@nnmpc φοϛ@andfs- ὅς@rpgnp ὁ@dnns u+2222@ γίγνομαι@vipe3p πούς@nnmpc σπή@nnfsc καί@b ὁ@dafp ιη@nafpc ὁ@dgns κλίμα@ngnsc ποιέω@vipa1s ἐπί@p ἑαυτοῦ@rpanp γίγνομαι@vipe3p πούς@nnmpc τκδ@b ἄρτι@b ὑφαιρέω@vipa1s ἀπό@p οὗτος@rpgnp ὁ@danp σπή@nanpc λοιπός@anans- μένω@vipa3p πούς@nnmpc λϛ@annfp- ὅς@rpgmp πλευρόν@nnfsc τετραγωνικός@annfs- γίγνομαι@vipe3s πούς@ngmpc ϛ@rpdfs τοσοῦτος@rpgns εἰμί@vifm3s ὁ@dnfs κάθετος@annfs- ὁ@dgfs πυραμίς@ngfsc ἐπεί@cs οὖν@b ὁ@dnfs κάθετος@annms- πούς@ngmpc ϛ@vspa3s εὑρίσκω@vsaa1p ὁ@dans στερεός@anans- ποιέω@vipa1s οὕτως@b ὁ@dans γ ́@x ὁ@dgfs κάτοιδα@ngmsc γίγνομαι@vipe3p πούς@nnmpc β@ οὗτος@rpanp ποιέω@vipa1s ἐπί@p ὁ@danp φοϛ@an---- γίγνομαι@vipe3p πούς@nnmpc αρνβ@nnmpc τοσοῦτος@rpgns εἰμί@vipa3s ὁ@dans στερεός@annns- ὁ@dgfs πυραμίς@ngfsc πούς@ngmpc αρνβ@"
"Stereom._1.31.1","ἄλλως@nnfsp εἰμί@vmpa3s πυραμίς@nnfsc τετράγωνος@annfs- ὅς@rpgms ὁ@dnnp κλίμα@nnnpc ἀνά@p πούς@ngmpc ιη@nnfsc ὁ@dnfp δέ@b ὁ@dgfs βάσις@ngfsc πλευρά@nnfpc ἀνά@p πούς@ndmsc ιϛ@ndfsc δεῖ@vipa3s δέ@b οὗτος@rpgfs ὁ@dafs κάθετος@anafs- καί@cs ὁ@dans στερεός@anans- εὑρίσκω@vnaa-- ποιέω@vipa1s οὕτως@b πολυπλασιάζω@vipa1s εἷς@ πλευρά@nafsc ἐπί@p ἑαυτοῦ@rpafs γίγνομαι@vipe3p πούς@nnmpc σνϛ@andfs- οὗτος@rpanp διπλόος@vmaa2s γίγνομαι@vipe3s φιβ@nnfpc οὗτος@rpgnp λαμβάνω@vmaa2s ὁ@dans δ ́@b γίγνομαι@vipe3s ρκη@nnfsc καί@cs πολυπλασίαστος@vmaa2s ὁ@danp κλίμα@nanpc ἐπί@p ἑαυτοῦ@rpanp γίγνομαι@vipe3p πούς@nnmpc τκδ@b ἀπό@p οὗτος@rpgnp ὑφαιρέω@viaa3p ὁ@danp ρκη@nanpc λοιπός@ananp- ρgϛ@ ὅς@rpgfp πλευρόν@nnfsc τετράγωνος@annfs- γίγνομαι@vipe3s ιδ@nnfpc"
"Stereom._1.31.2","τοσοῦτος@rpgmp γίγνομαι@vipe3s ὁ@dnfs κάθετος@annfs- ὁ@dans δέ@b στερεός@anans- εὑρίσκω@vifa1p οὕτως@b ἐπολυπλασίασα@viaa1s πάλιν@b ὁ@danp ἀπό@p ὁ@dgfs βάσις@ngfsc ὁ@dafp ιϛ@rpnfp ἐπί@p ἑαυτοῦ@rpanp γίγνομαι@vipe3p πούς@nnmpc σνς@b οὗτος@rpgnp ὁ@dnns γ ́@b γίγνομαι@vipe3p πούς@nnmpc πε@vmpa2s γ ́@b οὗτος@rpanp ἐπί@p ὁ@dafs κάθετος@anafs- γίγνομαι@vipe3p αρgε@nvmsc τοσοῦτος@rpgns εἰμί@vifm3s καί@b ὁ@dans στερεός@anans- ὁ@dgfs αὐτός@angfs- πυραμίς@ngfsc"
"Stereom._1.32a.1","πυραμίς@nnfsp κόλουρος@nnmsc θραύω@vprenfs τετράγωνος@annfs- ὅς@rpgms ὁ@dnfp πλευρά@nnfpc ὁ@dgfs βάσις@ngfsc ἀνά@p πούς@ngmpc ῑ@vspa3s ὁ@dnnp δέ@b κλίμα@nnnpc ἀνά@p πούς@ngmpc θ@an---- ὁ@dnfp δέ@b πλευρά@nnfpc ὁ@dgfs κορυφή@ngfsc ἀνά@p πούς@ngmpc β@ εὑρίσκω@vnaa-- αὐτός@rpgfs ὁρέω@nansc στερέω@vmpa2s οὕτως@b δανείζω@viia3s ὁ@danp β@ ὁ@dgfs κορυφή@ngfsc ἀπό@p ὁ@dgnp ὁ@danp ὁ@dgfs βάσις@ngfsc λοιπός@annnp- η@ οὗτος@rpnnp ἐπί@p ἑαυτοῦ@rpanp γίγνομαι@vipe3p ξδ@p ὅς@rpgnp ὁ@dnns u+2222@ γίγνομαι@vipe3s λβ@n---c καί@cs ὁ@dnnp θ@anans- ἐπί@p ἑαυτοῦ@rpanp γίγνομαι@vipe3s πα@nvcsc ἀπό@p οὗτος@rpgnp δανείζω@vira3s ὁ@danp λβ@ λοιπός@ananp- μθ@n---c ὅς@rpgnp πλευρόν@nnfsc τετράγωνος@annfs- γίγνομαι@vipe3s ζ@ τοσοῦτος@rpgmp εἰμί@vifm3s πούς@ngmpc ὁ@dnfs κάθετος@nnfsc"
"Stereom._1.32a.2","καί@cs συντίθημι@vmaa2s ὁ@danp β@ ὁ@dgfs κορυφή@ngfsc καί@cs ὁ@dafp ι@rpnfp ὁ@dgfs βαίνω@ngfsc σις@ngfsc γίγνομαι@vipe3s ιβ@vmam2s ὅς@rpgnp ὁ@dnns u+2222@ γίγνομαι@vipe3s ϛ@i οὗτος@rpnnp ἐπί@p ἑαυτοῦ@rpanp γίγνομαι@vipe3s λϛ@i εἶτα@b δανείζω@viia3s ὁ@danp δύο@ ὁ@dgfs κορυφή@ngfsc ἀπό@p ὁ@dgnp ῑ@n---c λοιπός@annnp- η@ ὅς@rpgnp ὁ@dnns u+2222@ γίγνομαι@vipe3s δ@b οὗτος@rpnnp ἐπί@p ἑαυτοῦ@rpanp γίγνομαι@vipe3s ιϛ@i ὅς@x ὁ@dnns γ ́@b ε@p γ ́@b οὗτος@ananp- προστίθημι@vmaa2s ὁ@rpdnp λϛ@ndmsc γίγνομαι@vipe3s μα@b γ ́@b οὗτος@rpanp ἐπί@p ὁ@danp ζ@ ὁ@dgfs κάτοιδα@ngfsc γίγνομαι@vipe3p σπθ@b γ ́@b τοσοῦτος@rpgmp εἰμί@vifm3s πούς@ngmpc ὁ@dans στερεός@annns- ὁ@dgfs πυραμίς@ngfsc"
"Stereom._1.32b.1","πυραμίς@nnfsp κόλουρος@nnmsc τετράγωνος@annms- ὅς@rpgms ὁ@dnfp πλευρά@nnfpc ὁ@dgfs βάσις@ngfsc ἀπό@p πούς@ngmpc ῑ@vspa3s καί@cs ὁ@dnfp πλευρά@nnfpc ὁ@dgfs κορυφή@ngfsc ἀπό@p πούς@ngmpc β@ ὁ@dnns δέ@b κλίμα@nnnsc πούς@ngmpc θ@ εὑρίσκω@vnaa-- αὐτός@rpgfs ὁ@dafs κάθετος@anafs- καί@cs ὁ@dans στερεός@anans- ποιέω@vipa1s οὕτως@b ὑφαιρέω@vmaa2s β@ ὁ@dgfs κορυφή@ngfsc ἀπό@p ὁ@dgmp ῑ@i πούς@ngmpc ὁ@dgfs βάσις@ngfsc λοιπός@anans- μένω@vipa3p πούς@nnmpc η@dnmp οὗτος@rpanp ποιέω@vipa3s ἐπί@p ἑαυτοῦ@rpanp πούς@nampc ξδ@p ὅς@rpgmp u+2222@n---p γίγνομαι@vipe3p πούς@nnmpc λβ@n---c καί@cs ὁ@dnnp θ@ ὁ@dgns κλίμα@ngnsc ἐπί@p ἑαυτοῦ@rpanp γίγνομαι@vipe3p πούς@nnmpc πα@nvcsc ἀπό@p οὗτος@rpgnp ὑφαιρέω@viaa3p ὁ@danp λβ@n---c λοιπός@anans- μένω@vipa3p πούς@nnmpc μθ@b ὅς@rpgmp πλευρόν@nnfsc τετραγωνικός@annfs- γίγνομαι@vipe3s πούς@ngmpc ζ@ τοσοῦτος@rpgms εἰμί@vifm3s ὁ@dnfs κάθετος@nnfsc"
"Stereom._1.32b.2","ἐπεί@cs οὖν@b εἰμί@vipa3s ὁ@dnfs κάθετος@annms- πούς@ngmpc ζ@nnfsc εὑρίσκω@vsaa1p ὁ@dans στερεός@anans- οὕτως@b συντίθημι@vmaa2s ὁ@damp β@nampc πούς@nampc ὁ@dgfs κορυφή@ngfsc καί@cs ὁ@damp ῑ@anams- πούς@nampc ὁ@dgfs βάσις@ngfsc ὁμοῦ@b γίγνομαι@vipe3p πούς@nnmpc ιβ@nnmpc ὅς@rpgnp u+2222@an---- γίγνομαι@vipe3p ϛ@i οὗτος@rpanp ποιέω@vmpa2s ἐπί@p ἑαυτοῦ@rpanp γίγνομαι@vipe3p πούς@nnmpc λϛ@i πάλιν@b ὑφαιρέω@viaa3p ἀπό@p ὁ@dgmp ῑ@i πούς@ngmpc ὁ@dgfs κορυφή@ngfsc ὁ@damp β@nampc πούς@nampc λοιπός@anans- μένω@vipa3p η@b πούς@nnmpc ὅς@rpgnp u+2222@an---- γίγνομαι@vipe3p δ@b οὗτος@rpnnp ἐπί@p ἑαυτοῦ@rpanp γίγνομαι@vipe3p πούς@nnmpc ιϛ@i ὅς@rpgnp γ ́@b γίγνομαι@vipe3p πούς@nnmpc ε@cs γ ́@b οὗτος@ananp- προστίθημι@vmaa2s ὁ@rpdnp λϛ@ndmsc γίγνομαι@vipe3p ὁμοῦ@b πούς@nnmpc μα@b γ ́@b οὗτος@rpanp πολυπλασιάζω@vipa1s ἐπί@p ὁ@damp ζ@nampc πούς@nampc ὁ@dgfs κάτοιδα@ngfsc γίγνομαι@vipe3p πούς@nnmpc σπθ@b γ ́@b τοσοῦτος@rpgmp πούς@ngmpc εἰμί@vifm3s ὁ@dans στερεός@annns- ὁ@dgfs πυραμίς@ngfsc"
"Stereom._1.33.1","ἄλλως@nnfsp πυραμίς@nnfsc θραύω@vprenfs εἴτου@annns- κόλουρος@nnmsc εἰμί@vmpa3s ἐπί@p ὁ@dgfs κορυφή@ngfsc ἀνά@p πούς@ngmpc δ@ ὁ@dnnp δέ@b κλίμα@nnnpc ἀνά@p πούς@ngmpc ιε@viia3s α@dnfp δέ@b ὁ@dgfs βάσις@ngfsc πλευρά@nnfpc ἀνά@p πούς@ngmpc κη@nnnpc εὑρίσκω@vnaa-- αὐτός@rpgfs ὁ@dans στερεός@anans- ποιέω@vipa1s οὕτως@b ἀφαιρέω@viaa3s κορυφή@nafsc ἀπό@p ὁ@dgfs βάσις@ngfsc λοιπός@ananp- κδ@b οὗτος@rpgnp ὁ@dnns u+2222@ γίγνομαι@vipe3s ιβ@namdc οὗτος@rpnnp ἐπί@p ἑαυτοῦ@rpanp γίγνομαι@vipe3p ρμδ@b καί@cs πάλιν@b πολυπλασίαστος@vmaa2s ὁ@danp ἀπό@p ὁ@dgns κλίμα@ngnsc ἐπί@p ἑαυτοῦ@rpanp γίγνομαι@vipe3p σκώ@vmpa2s ἀπό@p οὗτος@rpgnp ὑφαιρέω@vipa1s ὁ@danp ρμδ@b λοιπός@ananp- πα@nvcsc τοσοῦτος@rpgns γίγνομαι@vipe3s ὁ@dnfs κάθετος@annfs- ὁ@dgns τετραπέδιον@ngnsc δύναμις@ndfsc"
"Stereom._1.33.2","καί@b πάλιν@b ἀφαιρέω@viaa3s κορυφή@nafsc ἀπό@p ὁ@dgfs βάσις@ngfsc λοιπός@annnp- κδ@b ὅς@rpgnp ὁ@dnns u+2222@ γίγνομαι@vipe3s ιβ@namdc οὗτος@rpnnp ἐπί@p ἑαυτοῦ@rpanp γίγνομαι@vipe3p ρμδ@b καί@b ἀφαιρέω@viaa3s ὁ@dafs ὁ@dgns τετραπέδιον@ngnsc κάθετος@anafs- ὁ@danp πα@p ἀπό@p ὁ@dgmp ρμδ@b λοιπός@ananp- ξγ@nnfsc οὗτος@rpgnp τετραγωνικός@annfs- πλευρόν@nnfsc γίγνομαι@vipe3s η@b παρά@p ιϛ ́@rpdms"
"Stereom._1.33.3","τοσοῦτος@rpgmp εἰμί@vifm3s ὁ@dnfs κάθετος@annfs- ὁ@dans δέ@b στερεός@anans- εὑρίσκω@vifa1p οὕτως@b συντίθημι@vmaa2s κορυφή@nafsc καί@cs βάσις@nafsc γίγνομαι@vipe3s λβ@n---c ὅς@rpgnp ὁ@dnns u+2222@ γίγνομαι@vipe3s ιϛ@i ἐπί@p ἑαυτοῦ@rpanp γίγνομαι@vipe3p σνϛ@nanpc πάλιν@b ἀφαιρέω@viaa3p κορυφή@nafsc ἀπό@p ὁ@dgfs βάσις@ngfsc λοιπός@annnp- κδ@b ὅς@rpgnp ὁ@dnns u+2222@ γίγνομαι@vipe3s ιβ@vmam2s ἐπί@p ἑαυτοῦ@rpanp γίγνομαι@vipe3p ρμδ@b οὗτος@rpgnp ὁ@dnns γ ́@b γίγνομαι@vipe3s μη@b οὗτος@rpanp προσάγω@vmaa2s ὁ@ddnp σνϛ@nanpc γίγνομαι@vipe3p ὅδε@rpnnp οὗτος@rpanp ἐπί@p ὁ@dafs κάθετος@anafs- γίγνομαι@vipe3p βυιγ@nnmpc τοσοῦτος@rpgmp γίγνομαι@vipe3s ὁ@dans στερεός@annns- ὁ@dgfs πυραμίς@ngfsc"
"Stereom._1.34.1","εἰμί@vmpa3s πυραμίς@nnfsc ἑτερομήκης@nnfsc ὅμοιος@b καί@cs κόλουρος@nnmsc εἴτου@viia3p ἡμιτελής@annfs- ὅς@rpgms ὁ@dnfp μέν@b β@ πλευρά@nnfpc ἀνά@p πούς@ngmpc ιδ@ ὁ@dnfp δέ@b ἄλλος@rpnfp ἀνά@p πούς@ngmpc καί@ ὁ@dnnp δέ@b κλίμα@nnnpc ἀνά@p πούς@ngmpc κϛ@n---c καί@cs ὁ@dnfs κορυφή@nnfsc ὁ@dnfs μέν@b κατά@p μῆκος@nansc πούς@ngmpc δ@b ὁ@dnfs δέ@b κατά@p πλάτος@nansc πούς@ngmpc β@ εὑρίσκω@vnaa-- ὁ@dans στερεός@anans- ποιέω@vipa1s οὕτως@b ἀφαιρέω@anafs- κορυφή@nafsc ἀπό@p ὁ@dgfs βάσις@ngfsc παράλληλος@anafs- ἀπό@p παράλληλος@angns- ὁ@danp β@ ἀπό@p ὁ@dgnp ιδ@ λοιπός@annnp- ιβ@vmpe2s οὗτος@rpnnp ἐπί@p ἑαυτοῦ@rpanp γίγνομαι@vipe3p ρμδ@b ὅς@rpgnp u+2222@ γίγνομαι@vipe3p οβ@ καί@cs ὅμοιος@b ὁ@danp δ@b ἀπό@p ὁ@dgmp καί@ λοιπός@annfp- ιϛ@i ἐπί@p ἑαυτοῦ@rpanp γίγνομαι@vipe3p σνϛ@ananp- ὅς@rpgnp ὁ@dnns u+2222@n---p γίγνομαι@vipe3s ρκη@nnfsc καί@b ὁ@danp οβ@ γίγνομαι@vipe3p ς@rpacs οὗτος@rpgnp ἀφαιρέω@viaa3s ὁ@dnns u+2222@n---p γίγνομαι@vipe3s ρ@ πολυπλασίαστος@vmaa2s ὁ@danp κλίμα@nanpc ἐπί@p ἑαυτοῦ@rpanp γίγνομαι@vipe3p χοϛ@ndfsc ἀπό@p ὅς@rpgnp δανείζω@viia3s ὁ@dnnp ρ@ λοιπός@ananp- φοϛ@vipa3s οὗτος@rpgnp λαμβάνω@vmaa2s τετραγωνικός@anafs- πλευρά@nafsc γίγνομαι@vipe3p κδ@n---c τοσοῦτος@rpgms γίγνομαι@vipe3s ὁ@dnfs κάθετος@annfs-"
"Stereom._1.34.2","συντίθημι@vmaa2s οὖν@b ὁ@dafp παράλληλος@rpafp βάσις@nafpc ὁ@danp δ@ καί@cs ὁ@danp καί@ γίγνομαι@vipe3p κδ@n---c ὅς@rpgnp ὁ@dans u+2222@n---p γίγνομαι@vipe3p ιβ@ πάλιν@b συντίθημι@vmaa2s ὁ@danp β@ καί@cs ὁ@danp ιδ@ γίγνομαι@vipe3s ιϛ@i ὅς@rpgnp ὁ@dnns u+2222@ γίγνομαι@vipe3p η@ οὗτος@rpnnp ἐπί@p ὁ@danp ιβ@ γίγνομαι@vipe3s gϛ@ ἀφαιρέω@vmaa2s νῦν@b κορυφή@nafsc ἀπό@p ὁ@dgfs βάσις@ngfsc τουτέστι@vipa3s ὁ@dnnp δ@b ἀπό@p ὁ@dgnp καί@ λοιπός@annfp- ιϛ@i ὅς@rpgnp ὁ@dnns u+2222@ γίγνομαι@vipe3p η@ ὅμοιος@b καί@cs ὁ@dnnp β@ ἀπό@p ὁ@dgnp ιδ@ λοιπός@ananp- ιβ@annfp- ὅς@rpgnp u+2222@an---- γίγνομαι@vipe3p ϛ@i οὗτος@rpnnp ἐπί@p ὁ@danp η@ γίγνομαι@vipe3s μη@b καθόλου@b λαμβάνω@vmpa2s ὁ@dans γ ́@b γίγνομαι@vipe3s ιϛ@i οὗτος@rpanp προσάγω@vmaa2s ὁ@ddmp gϛ@ndmsp γίγνομαι@vipe3s ριβ@ndmsc οὗτος@rpnnp ἐπί@p ὁ@dafs κάθετος@anafs- οὗτος@rpnns εἰμί@vipa3s ἐπί@p ὁ@danp κδ@ γίγνομαι@vipe3s βχπη@nnfsc τοσοῦτος@rpgmp γίγνομαι@vipe3s ὁ@dans στερεός@annns- ὁ@dgfs ἑτερόμηκης@angfs- πυραμίς@ngfsc"
"Stereom._1.35.1a","πυραμίς@nnfsp ἐπί@p ἰσόπλευρος@ngmsc βαίνω@vpranfs ὅς@rpgms ἕκαστος@annfs- πλευρόν@nnfsc ὁ@dgfs βάσις@ngfsc ἀνά@p πούς@ngmpc λ@ ὁ@dnns δέ@b κλίμα@nnnsc πούς@ngmpc καί@ εὑρίσκω@vnaa-- αὐτός@rpgfs ὁ@dans στερεός@anans- ποιέω@vmpa2s οὕτως@b ὁ@danp λ@vipa1s ἐπί@p ἑαυτοῦ@rpanp γίγνομαι@vipe3s ϡ@i ὅς@x ὁ@dnns γ ́@b ὁ@ καί@b ὁ@dnnp ἐπί@p ἑαυτοῦ@rpanp γίγνομαι@vipe3s υ@rpgms ἐκ@p ὅς@rpgnp ὑφαιρέω@viaa1s ὁ@danp ὁ@ λοιπός@annnp- ρ@ ὅς@rpgnp cμ@n---p πλευρόν@nnfsc τετράγωνος@annfs- γίγνομαι@vipe3s ῑ@rpdfs τοσοῦτος@rpgmp εἰμί@vifm3s πούς@ngmpc ὁ@dnfs κάθετος@nnfsc"
"Stereom._1.35.2a","ποιέω@vmpa2s οὕτως@b νῦν@b ὁ@danp λ@vipa1s ἐπί@p ἑαυτοῦ@rpanp γίγνομαι@vipe3s ϡ@i ὅς@rpgnp ὁ@dnns γ ́@x καί@cs ὁ@dnns ι ́@an---- γίγνομαι@vipe3p ὁ@ ?@ g@ ὅς@x ὁ@dnns γ ́@b γίγνομαι@vipe3s ρλ@nnfsc οὗτος@rpanp ἐπί@p ὁ@danp ῑ@rpanp ὁ@dgfs κάτοιδα@ngfsc γίγνομαι@vipe3s ατ@nvmsc τοσοῦτος@rpgmp εἰμί@vifm3s πούς@ngmpc ὁ@dans στερεός@annns- ὁ@dgfs τρίγωνον@angfs- πυραμίς@ngfsc"
"Stereom._1.35.1b","πυραμίς@nafsp ἐπί@p ἰσόπλεος@ndnsc ρου@ngnsc τρίγωνον@angms- βαίνω@vpraafs μετρέω@vifa1p οὕτως@b ὅς@rpgfs ἕκαστος@annfs- πλευρόν@nnfsc ὁ@dgfs βάσις@ngfsc ἀπό@p πούς@ngmpc λ@ καί@cs ὁ@dnns κλίμα@nnnsc πούς@ngmpc καί@ εὑρίσκω@vnaa-- αὐτός@rpgfs ὁ@dafs κάθετος@anafs- ποιέω@vipa1s οὕτως@b ὁ@danp λ@vipa1s ἐπί@p ἑαυτοῦ@rpanp γίγνομαι@vipe3p ϡ@rpanp ὅς@rpgnp γ ́@b γίγνομαι@vipe3p ὁ@dans καί@b ὁ@danp καί@b ἐπί@p ἑαυτοῦ@rpanp γίγνομαι@vipe3s υ@rpgms ἀπό@p οὗτος@rpgnp ὑφαιρέω@viaa3p ὁ@danp ὁ@anans- λοιπός@anans- μένω@vipa3p πούς@nnmpc ρ@ ὅς@rpgmp πλευρόν@nnfsc τετραγωνικός@annfs- γίγνομαι@vipe3s πούς@ngmpc ῑ@rpdfs τοσοῦτος@angmp- πούς@ngmpc εἰμί@vipa3s ὁ@dnfs κάθετος@annfs- πούς@ngmpc ῑ@annfs-"
"Stereom._1.35.2b","ἐπεί@cs οὖν@b εἰμί@vipa3s ὁ@dnfs κάθετος@annfs- πούς@ngmpc ῑ@rpnfs εὑρίσκω@vifa1p ὁ@dans ἐμβαδόν1@b οὕτως@b λαμβάνω@vmaa2s ὁ@dans ἐμβαδόν1@b ὁ@dgms τρίγωνον@ngmsc ὁ@dgfs βάσις@ngfsc ὁ@danp λ@vipa1s ἐπί@p ἑαυτοῦ@rpanp γίγνομαι@vipe3s ϡ@i ὅς@rpgnp γ ́@b καί@cs ι ́@ γίγνομαι@vipe3p πούς@nnmpc τg@n---c οὗτος@rpgnp ὁ@dnns γ ́@b γίγνομαι@vipe3s ρλ@nnfsc οὗτος@rpnnp ἐπί@p ὁ@dafp ι@rpnfp γίγνομαι@vipe3s ατ@nvmsc τοσοῦτος@rpgms εἰμί@vifm3s ὁ@dans στερεός@anans- ὁ@dgfs πυραμίς@ngfsc πούς@ngmpc ατ@"
"Stereom._1.36.1","ἄλλως@nnfsp εἰμί@vmpa3s πυραμίς@nnfsc ἐπί@p ἰσόπλευρος@ngnsc τρίγωνον@angms- ὅς@rpgms ὁ@dnnp κλίμα@nnnpc ἀνά@p πούς@ngmpc ιγ@vira3s ὁ@dnfp δέ@b ὁ@dgfs βάσις@ngfsc ἀνά@p πούς@ngmpc ιβ@an---- δεῖ@vipa3s δέ@b αὐτός@rpgfs ὁ@dafs κάθετος@anafs- καί@cs ὁ@dans στερεός@anans- εὑρίσκω@vnaa-- ποιέω@vipa1s οὕτως@b ὁ@rpanp ιβ@vipa1s ἐπί@p ἑαυτοῦ@ananp- γίγνομαι@vipe3p ρμδ@b οὗτος@rpgnp ὁ@dnns γ ́@b γίγνομαι@vipe3s μη@b ὁ@dnnp ἀπό@p ὁ@dgns κλίμα@ngnsc ιγ@vira3s ἐπί@p ἑαυτοῦ@rpanp ρξθ@ananp- ἀπό@p οὗτος@rpgmp δανείζω@vmpa2s ὁ@danp μη@x λοιπός@annnp- ρκα@nnnpc οὗτος@rpgmp πλευρόν@nnnpc τετραγωνικός@annfs- γίγνομαι@vipe3s ια@annnp- τοσοῦτος@rpgms γίγνομαι@vipe3s ὁ@dnfs κάθετος@annfs-"
"Stereom._1.36.2","ὁ@dans δέ@b στερεός@anans- εὑρίσκω@vifa1p οὕτως@b ἀπεμπολάω@viaa1s ἀπό@p ὁ@dgnp ὁ@dgfs βάσις@ngfsc ιβ@ ὁ@dans ἐπίπεδος@anans- ὁ@dgns ἰσόπλευρος@angns- τρίγωνον@ngnsc εἰμί@vipa3s δέ@x ὁ@dnns ἐμβαδόν1@b πούς@ngmpc ξβ@b γ ́@b λ ́@n---c οὗτος@rpanp ἐπί@p ὁ@dafs κάθετος@anafs- γίγνομαι@vipe3p χπϛ@nnfpc λ ́@ οὗτος@rpgnp ὁ@dnns γ ́@b γίγνομαι@vipe3s σκη@nnfsc u+2220ʹ@n---p ϛ ́@ τοσοῦτος@rpgms γίγνομαι@vipe3s ὁ@dans στερεός@annns- ὁ@dgfs πυραμίς@ngfsc"
"Stereom._1.37.1","ἄλλως@nnfsp πυραμίς@nnfsc ἔχω@vppanfs ὁ@dafs βάσις@nafsc τρίγωνος@annns- ὀρθογώνιος@annns- ὅς@rpgms ὁ@dnfs κάθετος@annfs- πούς@ngmpc ϛ@vspa3s ὁ@dnfs δέ@b βάσις@nnfsc πούς@ngmpc η@ ὁ@dnfs δέ@b ὑποτείνω@vppanfs πούς@ngmpc ῑ@vspa3s ὁ@dnfp δέ@b πλευρά@nnfpc ὁ@dgfs πυραμίς@ngfsc ἀνά@p πούς@ngmpc ιγ@n---c εὑρίσκω@vnaa-- αὐτός@rpgfs ὁ@dafs κάθετος@anafs- ποιέω@vmpa2s οὕτως@b πρῶτος@anans- λαμβάνω@vmaa2s ὁ@dafs διάμετρος@nafsc ὁ@dgms κύκλος@ngmsc ὁ@dgms περιγράφω@vppagms ὁ@dans τρίγωνος@anans- γίγνομαι@vipe3s ῑ@i ὅς@rpgnp ὁ@dnns u+2222@ γίγνομαι@vipe3p ε@b οὗτος@rpnnp ἐπί@p ἑαυτοῦ@rpanp γίγνομαι@vipe3p ἄω@b καί@b ὁ@dnnp ιγ@nnnpc ἐπί@p ἑαυτοῦ@rpanp γίγνομαι@vipe3p ρξθ@b ἐκ@p ὅς@rpgnp κουφίζω@vmaa2s ὁ@rpanp ἄν@x λοιπός@ananp- ρμδ@b ὅς@rpgfp πλευρόν@nnnpc τετράγωνος@annfs- γίγνομαι@vipe3s ιβ@nvmsc τοσοῦτος@rpgmp εἰμί@vifm3s πούς@ngmpc ὁ@dnfs κάθετος@nnfsc"
"Stereom._1.37.2","ἐάν@cs δέ@b ἐθέλω@vspa2s ὁ@dans στερεός@anans- εὑρίσκω@vnaa-- ποιέω@vmpa2s οὕτως@b πρῶτος@anans- ζητέω@viia3s ὁ@dgms τρίγωνον@ngmsc ὁ@dans ἐμβαδόν@b γίγνομαι@vipe3p κδ@n---c καί@b λαμβάνω@vmaa2s ὁ@dgfs κάτοιδα@ngfsc ὁ@dans γ ́@b γίγνομαι@vipe3s δ@b οὗτος@rpanp πολυπλασίαστος@vmaa2s ἐπί@p ὁ@dans ἐμβαδόν@b οὗτος@rpnns εἰμί@vipa3s ἐπί@p ὁ@danp κδ@ γίγνομαι@vipe3s gϛ@ τοσοῦτος@rpgmp εἰμί@vifm3s ὁ@dans στερεός@annns- ὁ@dgfs πυραμίς@ngfsc"
"Stereom._1.38.1","εἰμί@vmpa3s πυραμίς@nnfsc τρίγωνος@annfs- ἰσόπλευρος@annfs- θραύω@vprenfs εἴτου@viia3p κόλουρος@nnmsc ὅς@rpgms ὁ@dnfp πλευρά@nnfpc ὁ@dgfs κορυφή@ngfsc ἀνά@p πούς@ngmpc β@ ὁ@dnnp δέ@b κλίμα@nnnpc ἀνά@p πούς@ngmpc ιγ@ ὁ@dnfp δέ@b ὁ@dgfs βάσις@ngfsc πλευρά@nnfpc ἀνά@p πούς@ngmpc ιδ@ εὑρίσκω@vnaa-- ὁ@dans στερεός@anans- ποιέω@vipa1s οὕτως@b ἀφαιρέω@viaa3s κορυφή@nafsc ἀπό@p ὁ@dgfs βάσις@ngfsc λοιπός@ananp- ιβ@annnp- οὗτος@rpnnp ἐπί@p ἑαυτοῦ@rpanp γίγνομαι@vipe3p ρμδ@b οὗτος@rpgnp ὁ@dnns γ ́@b γίγνομαι@vipe3s μη@b καί@cs ὁ@danp ἀπό@p ὁ@dgns κλίμα@ngnsc ιγ@cs ἐπί@p ἑαυτοῦ@rpanp γίγνομαι@vipe3p ρξθ@b ἀπό@p οὗτος@rpgnp αἴρω@vmaa2s ὁ@danp μη@x λοιπός@annnp- ρκα@nnnpc ὅς@rpgnp τετραγωνικός@annfs- πλευρόν@nnnpc γίγνομαι@vipe3s ια@annnp- τοσοῦτος@rpgms γίγνομαι@vipe3s ὁ@dnfs κάθετος@annfs-"
"Stereom._1.38.2","ὁ@dans στερεός@anans- μετρέω@vifa1p οὕτως@b συντίθημι@viaa1s κορυφή@nafsc καί@cs βάσις@nafsc γίγνομαι@vipe3p κϛ@b ὅς@rpgnp ὁ@dnns u+2222@ γίγνομαι@vipe3s ιγ@vira1s ἀπεμπολάω@viaa1s ἀπό@p οὗτος@rpgnp τρίγωνος@anans- ἰσόπλευρος@anans- γίγνομαι@vipe3s ὁ@dnns ἐμβαδόν1@b πούς@ngmpc ογ@n---c u+2222@n---p γ ́@b ιε ́@nvmsc οὗτος@rpanp ἐκτίθημι@viam1s καί@cs πάλιν@b κορυφή@nafsc ἀφαιρέω@viaa3s ἀπό@p ὁ@dgfs βάσις@ngfsc λοιπός@ananp- ιβ@annfp- ὅς@rpgnp γίγνομαι@vipe3p ϛ@i ἀπεμπολάω@viaa1s ἀπό@p οὗτος@rpgnp ἐλαχύς@ananss τρίγωνος@anans- ἰσόπλευρος@anans- ὅς@rpgns γίγνομαι@vipe3s ὁ@dnns ἐμβαδόν1@b ξβ@ γ ́@b ιε ́@nvmsc οὗτος@rpgnp ὁ@dnns γ ́@b γίγνομαι@vipe3p καί@b u+2222@n---p δ ́@b κ ́@ οὗτος@rpanp προσάγω@vmaa2s ὁ@ddnp πρότερος@b ἐκτίνω@vpapdnp ογ@n---c u+2222@ γ ́@ ιε ́@ γίγνομαι@vipe3p gδ@n---p u+2222@ ε ́@ ὡς@b ἔγγιστος@ananp- οὗτος@rpanp ἐπί@p ὁ@dafs κάθετος@anafs- καί@cs τοσοῦτος@rpgnp γίγνομαι@vipe3s ὁ@dans στερεός@anans- ἤγουν@viia3p αμα@b u+2222@n---p ε ́@"
"Stereom._1.39.1a","πάλιν@nnfsp εἰμί@vmpa3s πυραμίς@nnfsc ἔχω@vppanfs ὁ@dafs βάσις@nafsc τετράγωνος@anafs- ὅς@rpgms ἕκαστος@annfs- πλευρόν@nnfsc ἀνά@p πούς@ngmpc ῑ@vspa3s ὁ@danp δέ@b κλίμα@nanpc ἀνά@p πούς@ngmpc ιγ@ u+2222@n---p εὑρίσκω@vnaa-- αὐτός@rpgfs ὁ@dafs κάθετος@anafs- καί@cs ὁ@dans στερεός@anans- ποιέω@vmpa2s οὕτως@b λαμβάνω@vmaa2s ὁ@dgms τετράγωνος@ngmsc πλευρά@nafsc γίγνομαι@vpamafs ἐπί@p ἑαυτοῦ@rpafs γίγνομαι@vipe3s ρ@ ὅς@rpgnp ὁ@dnns u+2222@ γίγνομαι@vipe3s ἄν@n---c καί@cs ὁ@danp ιγ@ u+2222@n---p ὁ@dgfs πλευρά@ngfsc ἐπί@p ἑαυτοῦ@rpanp λέγω3@vipa1s δή@b ὁ@dgns κλίμα@ngnsc γίγνομαι@vipe3p ρπβ@nanpc δ ́@b ἐκ@p ὅς@rpgnp δανείζω@viia3s ὁ@dnnp ἄν@n---c λοιπός@annnp- ρλβ@annnp- δ ́@x ὅς@rpgnp πλευρόν@nnfsc τετράγωνος@annfs- γίγνομαι@vipe3s ια@annnp- u+2222@n---p τοσοῦτος@rpgmp εἰμί@vifm3s πούς@ngmpc ὁ@dnfs κάθετος@nnfsc"
"Stereom._1.39.2a","ἐάν@cs δέ@b ἐθέλω@vspa2s καί@b ὁ@dans στερεός@anans- αὐτός@rpgfs cm@namsp εὑρίσκω@vnaa-- λαμβάνω@vmaa2s ὁ@dgms τετράγωνος@ngmsc ὁ@dans ἐμβαδόν@b γίγνομαι@vipe3s ρ@ οὗτος@rpnnp ἐπί@p ὁ@dans γ ́@b ὁ@dgfs κάτοιδα@ngfsc οὗτος@rpnns εἰμί@vipa3s ἐπί@p ὁ@danp γ@ u+2222@ γ ́@ γίγνομαι@vipe3p τπγ@b γ ́@b τοσοῦτος@rpgmp εἰμί@vifm3s πούς@ngmpc ὁ@dans στερεός@annns- ὁ@dgfs πυραμίς@ngfsc"
"Stereom._1.39.1b","εἰμί@vmpa3s πυραμίς@nnfsc βάσις@nafsc ἔχω@vppanfs τετράγωνος@anafs- καί@cs ἔχω@vmpa3s ἕκαστος@anafs- πλευρά@nafsc ἀνά@p πούς@ngmpc ῑ@rpanp ὁ@dnfs δέ@b πυραμίς@nnfsc ἔχω@vmpa3s ὁ@dafp πλευρά@nafpc ἀνακλείω@vpreafp ἀπό@p πούς@ngmpc ιγ@ u+2222@n---p εὑρίσκω@vnaa-- ὁ@dgfs πυραμίς@ngfsc ὁ@dafs κάθετος@anafs- καί@cs ὁ@dans στερεός@anans- ποιέω@vipa1s οὕτως@b πολυπλασιάζω@vipa1s ὁ@dgms τετράγωνος@ngmsc ὁ@dafs πλευρά@nafsc ἐπί@p ἑαυτοῦ@rpafs γίγνομαι@vipe3s ρ@ οὗτος@rpgnp ὁ@dnns u+2222@ γίγνομαι@vipe3s ἄν@n---c καί@b ὁ@danp ιγ@n---c u+2222@n---p ἐπί@p ἑαυτοῦ@rpanp γίγνομαι@vipe3p πούς@nnmpc ρπβ@annmp- δ ́@x αἴρω@vipa1s ἀπό@p οὗτος@rpgnp ὁ@danp ἄν@ λοιπός@anans- μένω@vipa3p πούς@nnmpc ρλβ@nnmpc δ ́@x ὅς@rpgmp πλευρόν@nnfsc τετραγωνικός@annfs- γίγνομαι@vipe3s πούς@nnfsc ια@nnnpc u+2222@n---p"
"Stereom._1.39.2b","ὁ@dans δέ@b στερεός@anans- εὑρίσκω@vipe3s οὕτως@b ὁ@dgms τετράγωνος@ngmsc ὁ@dnns ἐμβαδόν1@b sv@ γίγνομαι@vipe3s πούς@ngmpc ρ@ οὗτος@rpanp πολυπλασιάζω@vipa1s ἐπί@p ὁ@dans γ ́@b μέρος@nansc ὁ@dgfs κάτοιδα@ngfsc γίγνομαι@vipe3p πούς@nnmpc τπγ@b γ ́@b τοσοῦτος@rpgmp πούς@ngmpc εἰμί@vipa3s ὁ@dans στερεός@anans- ὁ@dgfs πυραμίς@ngfsc πούς@ngmpc τπγ@p γ ́@b"
"Stereom._1.40.1","κόγχιον@angmp- μετρέω@nnfpc διάφορος@annfp- κόγχη@nnfsp ὅς@rpgfs ὁ@dnfs βάσις@nnfsc μέν@b πούς@ngmpc η@ ὁ@dnfs δέ@b κάθετος@annfs- πούς@ngmpc δ@b καί@cs ὁ@dnfs ἔσω@b ἕλκω@vppanfs πούς@ngmpc δ@b εὑρίσκω@vnaa-- αὐτός@rpgfs ὁ@dafs ἐπιφάνεια@nafsc μετρέω@vipa3s κύκλος@namsc ὅς@rpgms ὁ@dnfs διάμετρος@nnfsc πούς@ngmpc η@vipa3s εὑρίσκω@vnaa-- αὐτός@rpgms ὁ@dans ἐμβαδόν@b ποιέω@vmpa2s οὕτως@b ὁ@dnnp η@ ὁ@dgfs διάμετρος@ngfsc ἐπί@p ἑαυτοῦ@rpanp γίγνομαι@vipe3p ξδ@ οὗτος@annnp- δεκάκις@b καί@cs ἅπαξ@b γίγνομαι@vipe3p ψδ@n---c ὅς@rpgnp ὁ@dnns ιε ́@rpnns γίγνομαι@vipe3p δ ́@b κη ́@nnfpc τοσοῦτος@rpgms γίγνομαι@vipe3s ὁ@dgfs κόγχη@ngfsc ὁ@dnfs ἐπιφάνεια@nnfsc κύκλος@nnmsc δέ@b μετρέω@vipe3s ὅταν@cs ὁ@dnfs κάθετος@annfs- καί@cs ὁ@dnfs ἔσω@b ἕλκω@vppanfs ἴσος@annfp- ἀλλήλων@rpdfp εἰμί@vspa3p καί@cs ὁ@dnfp δύο@ ποιέω@vipa3p διάμετρος@nafsc εἷς@ ἴσος@anafs- ἑαυτοῦ@rpdfp"
"Stereom._1.41.1","ἄλλως@nnfsp κόγχη@nnfsc μετρέω@vifp3s ὁ@dams τρόπος@namsc οὗτος@rpams εἰμί@vmpa3s ὁ@dgfs κόγχη@ngfsc ὁ@dnfs μέν@b βάσις@nnfsc πούς@ngmpc ιβ@ ὁ@dnfs δέ@b κάθετος@annms- πούς@ngmpc δ@b ὁ@dnfs δέ@b ἔσω@b ἕλκω@vppanfs πούς@ngmpc γ@b ποιέω@vmpa2s οὕτως@b λαμβάνω@vmaa2s ὁ@dgmp ιβ@ ὁ@dans u+2222@n---p γίγνομαι@vipe3s ϛ@i οὗτος@rpnnp ἐπί@p ἑαυτοῦ@rpanp γίγνομαι@vipe3s λϛ@i καί@b ὁ@danp δ@b ἐπί@p ἑαυτοῦ@rpanp γίγνομαι@vipe3s ιϛ@i οὗτος@rpanp προσάγω@vmaa2s ὁ@ddnp λς@n---c γίγνομαι@vipe3s νβ@ καί@b προσάγω@vmaa2s αὐτός@rpdmp ὁ@dans ἴδιος@anans- u+2222@n---p γίγνομαι@vipe3s οη@i καί@b ὁ@danp γ@b ἐπί@p ἑαυτοῦ@rpanp γίγνομαι@vipe3s θ@n---c προσάγω@vmaa2s ὁ@ddmp οη@nvmsc γίγνομαι@vipe3p πζ@nnfpc οὗτος@rpanp ποιέω@vmaa2s ἐπί@p ὁ@dafs ἔσω@b ὑποτείνω@vppaafs οὗτος@rpnns εἰμί@vipa3s ἐπί@p ὁ@danp γ@b γίγνομαι@vipe3s σξα@nnnpc ὅς@rpgnp ὁ@dnns u+2222@ γίγνομαι@vipe3s ρλ@an---- u+2222@n---p οὗτος@annnp- ἑνδεκάκις@b γίγνομαι@vipe3p αυλε@nvmsc ὅς@rpgnp ὁ@dnns κα ́@nnnsc γίγνομαι@vira1s ξη@nnfsc γ ́@b τοσοῦτος@rpgmp γίγνομαι@vipe3s ὁ@dans στερεός@anans-"
"Stereom._1.41.2","σύν@p ὁ@ddns κένωμα@ndnsc ἀπό@p ὅς@rpgmp χρή@vipa3s ἆ@vnpm-- ραι@vnaa-- ὁ@dans κένωμα@nansc ὅμοιος@b μετρέω@vpaaamp ἔχω@vmpa3s γάρ@b ὁ@dnfs κόγχη@nnfsc ὁ@dans πλάτος@nansc ὁ@dgfs βάσις@ngfsc ὁ@dgns οἰκοδόμημα@ngnsc πούς@ngmpc β@ λοιπός@anans- ὁ@dnfs βάσις@nnfsc ὁ@dgns σώφατος@angns- εἴτου@viia3p ὁ@dgns κένωμα@ngnsc πούς@ngmpc ῑ@vspa3s ὁ@dnfs δέ@b πρός@p ὀρθός@anafp- πούς@ngmpc γ@ ὁ@dnfs δέ@b ἔσω@b τείνω@vppanfs πούς@ngmpc β@"
"Stereom._1.41.3","γίγνομαι@vipe3s οὖν@b ὁ@dgns κένωμα@ngnsc ὅμοιος@b μετρέω@vppegns κατά@p ὁ@danp προλέγω@vpapanp ὁ@dgnp ῑ@angnp- ὁ@dgfs διάμετρος@ngfsc ὁ@dnns u+2222@n---p ε@ οὗτος@rpnnp ἐπί@p ἑαυτοῦ@rpanp γίγνομαι@vipe3s ἄν@x καί@b ὁ@danp γ@b ἐπί@p ἑαυτοῦ@rpanp γίγνομαι@vipe3p θ@b ὁμοῦ@b γίγνομαι@vipe3p λδ@p ὅς@rpdmp προσάγω@vmaa2s ὁ@dans ἴδιος@anans- ἥμισυς@anans- γίγνομαι@vipe3s να@b καί@b ὁ@danp β@ ἐπί@p ἑαυτοῦ@rpanp γίγνομαι@vipe3s δ@b προσάγω@vmaa2s ὁ@ddmp να@ γίγνομαι@vipe3s νε@anvms- οὗτος@annnp- ἑνδεκάκις@b γίγνομαι@vipe3s ἔχω@vira3s ὅς@rpgnp ὁ@dnns κα ́@nnnsc γίγνομαι@vipe3p κη@nnnpc καί@cs ιζ@nvmsc κα ́@b κα ́@x τοσοῦτος@rpgms ὁ@dans στερεός@anans- ὁ@dgns κένωμα@ngnsc οὗτος@annnp- ἀφαιρέω@viaa3s ἀπό@p ὁ@rpgnp ξη@b γ ́@b λοιπός@ananp- λθ@b γ ́@x η ́@ κα ́@b τοσοῦτος@rpgns καταλιμπάνω@vipe3s ὁ@dans στερεός@annns- ὁ@dgfs οἰκοδομή@ngfsc ὁ@dgfs κόγχη@ngfsc δηλονότι@b"
"Stereom._1.41.4","τμῆμα@ngnsp σφαῖρα@ngfsc οὗτος@rpnns εἰμί@vipa3s ἰσόμοιρος@ngnsc πᾶς@ananp- ποιέω@vmaa2s διά@p ἀλλήλων@rpgnp καί@cs ὁ@dgnp γίγνομαι@vpamgnp καθόλου@b ὁ@dans u+2222@n---p καί@cs ὁ@dans μβ ́@n---c ἐπεί@cs πᾶς@angfs- σφαῖρα@ngfsc ὁ@dgns κυβίζω@vpapgns ὁ@dgfs διάμετρος@angns- μέρος@nnnsc u+2222@n---p καί@cs μβ ́@an---- ἴσος@annns- εἰμί@vipa3s ὁ@ddfs σφαῖρα@ndfsc"
"Stereom._1.42.1","θέατρον@nnnsp ὅς@rpgms ὁ@dnfs μέν@b μέγας@annfsc περιφέρεια@nnfsc πούς@ngmpc υκ@n---c ὁ@dnfs δέ@b ἐλάσσων@annfsc πούς@ngmpc ρπ@ ὁ@dnfp δέ@b βαθμίς@nnfpc εἰμί@vipa3p ὁ@ddms ἀριθμός@ndmsc σπ@ εὑρίσκω@vnaa-- πόσος@anamp- cm@b ἀνήρ@nampc χωρέω@vipa3s ποιέω@vmpa2s οὕτως@b συντίθημι@vmaa2s ὁ@dafs μέγας@anafsc καί@cs ὁ@dafs ἐλάσσων@anafsc τουτέστι@vipa3s ὁ@danp υκ@ καί@cs ὁ@dnnp ρπ@ γίγνομαι@vipe3s χ@b ὅς@rpgnp ὁ@dnns u+2222@ γίγνομαι@vipe3s ὁ@ οὗτος@rpanp πολυπλασίαστος@vmaa2s ἐπί@p ὁ@dafp βαθμίς@nafpc γίγνομαι@vipe3p η@ δ@b τοσοῦτος@rpamp ἀνήρ@nampc χωρέω@vipa3s ἕκαστος@annms- γάρ@x πούς@vpaanms εἷς@namsc ἀνήρ@namsc χωρέω@vipa3s μανθάνω@vnaa-- θέατρον@nansc πόσος@anamp- χωρέω@vipa3s ἀνήρ@nampc οὕτως@b μετρέω@vpapnns ὁ@dnns ἀνώτερος@annns- βάθρον@nnnsc ἔχω@viaa3s πούς@nampc υκ@an---- καί@cs ὁ@dnns κατώτερος@annns- ἔχω@viaa3s πούς@nampc ρπ@nnmsc ὁμοῦ@b γίγνομαι@vipe3p χ@nnmpc πούς@nnmpc ὅς@rpgnp ὁ@dans u+2222@n---p γίγνομαι@vipe3p ὁ@ ὁ@dnnp δέ@x βάθρον@nnnpc εἰμί@vipa3s ἀριθμός@ndmsc ἄν@ οὗτος@rpanp πολυπλασιάζω@vipa1s ἐπί@p ὁ@danp ὁ@p γίγνομαι@vipe3p πούς@nnmpc α@i ε@i τοσοῦτος@rpamp ἀνήρ@nampc χωρέω@vifm2s ἕκαστος@angms- γάρ@x ἀνήρ@ngmsc ὁ@dnms τόπος@nnmsc πούς@ngmsc ᾱ@rpdms εἰμί@vipa3s ὁ@dgns πλάτος@ngnsc"
"Stereom._1.43.1a","ἄλλος@nansp θέατρον@nnnsc ὅς@rpgms εἰμί@vipa3p ὁ@dnfp βαθμίς@nnfpc εἰ@cs τυγχάνω@voaa3s σν@anans- λαμβάνω@vipa3s δέ@b ὁ@dnms πρῶτος@annms- βαθμός@nnmsc ὁ@dnms κάτω@b ἀνήρ@nampc μ@ ὁ@dnms δέ@b ἄνω@p ρκ@nafsc εὑρίσκω@vnaa-- πόσος@anamp- ἀνήρ@nampc χωρέω@vipa3s ποιέω@vmpa2s οὕτως@b συντίθημι@vmaa2s ὁ@dams ἀριθμός@namsc ὁ@dgmp ἀνήρ@ngmpc ὁ@dgms κάτω@b βαθμός@ngmsc καί@cs ὁ@dgms ἄνω@b γίγνομαι@vipe3p ρξ@b ὅς@rpgnp ὁ@dnns u+2222@ γίγνομαι@vipe3s π@ οὗτος@annnp- ἐπί@p ὁ@damp σν@anams- βαθμός@nampc γίγνομαι@vipe3s β@ τοσοῦτος@anamp- ἀνήρ@nampc χωρέω@vipa3s ὁ@dnns θέατρον@nnnsc"
"Stereom._1.43.2a","ἐάν@cs δέ@b ἀπό@p ὁ@dgms πρῶτος@angms- βαθμός@ngmsc ἕως@p ὁ@dgns ὕστερος@angns- εἰς@p ὁ@dans ὕστερος@anans- λαμβάνω@vipa3s πλείων@anampc ἀνήρ@nampc ε@ ἐθέλω@vipa2s δέ@b γιγνώσκω@vnaa-- ὁ@dnms ὕστερος@annms- βαθμός@nnmsc οὗτος@rpnns εἰμί@vipa3s ὁ@dnms ἀνώτερος@annms- πόσος@rpamp ἀνήρ@nampc χωρέω@vipa3s λαμβάνω@vppagms ὁ@dgms πρῶτος@angms- βαθμός@ngmsc τουτέστι@b ὁ@dgms κατώτερος@angns- ἀνήρ@nampc μ@b ἔχω@vppagms ὁ@dgns θέατρον@ngnsc βαθμός@nampc σν@anans- ποιέω@vipa3s οὕτως@b δανείζω@vmpa2s ἀπό@p cm@n---p ὁ@dgfp βαθμός@ngfpc ᾱ@vspa3s λοιπός@ananp- σμθ@nnnpc οὗτος@rpnnp ἐπί@p ὁ@danp ε@ γίγνομαι@vipe3s ασμε@anvfs- καί@b προστίθημι@vmaa2s ὁ@damp μ@b ὁ@damp ὁ@dgms πρῶτος@angms- βαθμός@ngmsc γίγνομαι@vipe3p ασπε@anvms- τοσοῦτος@rpamp ἀνήρ@nampc χωρέω@vipa3s ὁ@dnms ὕστερος@annms- βαθμός@nnmsc ὁ@dnms ἄνωθεν@b"
"Stereom._1.43.2b","ἐάν@cs δέ@b εἶπον@vsaa3s τις@rpncs ὅτι@cs ἕκαστος@annms- βαθμός@nnmsc ἐκ@p ὁ@dgms ὕστερος@angms- βαθμός@ngmsc λαμβάνω@vipa3s πλέος@anansc ὁ@dgms ἕτερος@angms- ἀνήρ@nampc ἀριθμός@namsc ε@ ἔχω@vipa3s δέ@b βαθμός@nampc ἀριθμός@ndmsc ἄν@ μ@b δέ@b λαμβάνω@vipa3s ὁ@dnms ὕστερος@annms- βαθμός@nnmsc ὁ@dnms πρῶτος@annms- βαθμός@nnmsc πόσος@anamp- χωρέω@vipa3s ποιέω@vipa1s οὕτως@b αἴρω@vipa1s ἀπό@p ὁ@dgnp ἄν@ μονάς@ndfsc ᾱ@nanpc λοιπός@anans- μένω@vifa3p ἄρα@x σμε@rpams προστίθημι@vmaa2s οὗτος@andnp- ὁ@danp μ@x ὁ@dgms ὕστερος@angms- βαθμός@ngmsc γίγνομαι@vipe3p σπάω@ndmsc τοσοῦτος@rpamp χωρέω@vifa3s ἀνήρ@nampc ὁ@dnms α ́@annms- βαθμός@nnmsc"
"Stereom._1.44.1","ἀμφιθέατρον@nnnsp ὅς@rpgms ὁ@dnns μέν@b μῆκος@nnnsc πούς@ngmpc σμ@vipe1s ὁ@dnns δέ@x πλάτος@nnnsc πούς@ngmpc ξ@ εὑρίσκω@vnaa-- αὐτός@rpgms ὁ@dafs περίμετρον@nafsc ποιέω@vmpa2s οὕτως@b ὁ@dnnp σμ@nnnsc ὁ@dgns μῆκος@ngnsc ἐπί@p ἑαυτοῦ@rpanp γίγνομαι@vipe3p ε@i ζχ@i καί@b ὁ@dnnp ξ@an---- ὁ@dgns πλάτος@ngnsc ἐπί@p ἑαυτοῦ@rpanp γίγνομαι@vipe3p γχ@b καί@b ὁ@dnns πλάτος@nnnsc ἐπί@p ὁ@dans μῆκος@nansc γίγνομαι@vipe3s α@i δύο@nvmsc καί@b συντίθημι@vmaa2s ὁ@damp τρεῖς@ ἀριθμός@nampc γίγνομαι@vipe3p ζ@ εχ@ οὗτος@angnp- ἀεί@b λαμβάνω@viia3s πλευρά@nafsc τετραγωνικός@anafs- γίγνομαι@vipe3s σύ@vofa3p οὗτος@rpanp δέ@x δίς@b γίγνομαι@vipe3p φν@vnpa-- τοσοῦτος@rpgns εἰμί@vifm3s ὁ@dnfs περίμετρος@nnfsc εἰμί@vmpa3s ἀμφιθέατρον@annns- καί@cs ἔχω@vmpa3s ὁ@dnns μέν@x μῆκος@nnnsc πούς@ngmpc σμ@nnnsc ὁ@dnns δέ@x πλάτος@nnnsc ξ@ εὑρίσκω@vnaa-- αὐτός@rpgms ὁ@dans ἐμβαδόν@b ποιέω@vipa1s οὕτως@b πολυπλασιάζω@vipa1s ὁ@dans μῆκος@nansc ἐπί@p ὁ@dans πλάτος@nansc γίγνομαι@vipe3p πούς@nnmpc α@i δύο@nvfsc οὗτος@ananp- ἀεί@b πολυπλασιάζω@vipa1s ια@ananp- γίγνομαι@vipe3p πούς@nnmpc ιε@anvms- ηυ@i οὗτος@angnp- μερίζω@vipa1s ὁ@dans ιε ́@rpans γίγνομαι@vipe3p πούς@nnmpc α@i ατιδ@nn-sc δ ́@x κη ́@nnfsc τοσοῦτος@rpgmp πούς@ngmpc εἰμί@vifm3s ὁ@dnns ἐμβαδόν@b ὁ@dafs δέ@b περίμετρον@nafsc εὑρίσκω@vifa1p οὕτως@b πολυπλασιάζω@vipa1s ὁ@dans μῆκος@nansc ὁ@danp σμ@nansc ἐκ@p διπλόος@angns- γίγνομαι@vipe3p πούς@nnmpc ὐπ@i προστίθημι@vipa1s νῦν@b ὁ@dans πλάτος@nansc ὁ@damp ξ@nampc πούς@nampc καί@cs ὁ@dans ἕκτος@anans- μέρος@nansc ὁ@dgns πλάτος@ngnsc γίγνομαι@vipe3s ῑ@i ὁμοῦ@b γίγνομαι@vipe3p πούς@nnmpc ο@i οὗτος@rpanp προστίθημι@vipa1s ὁ@ddmp ὐπ@ndmpc πούς@ndmpc ὁ@dgns διπλόος@angns- μῆκος@ngnsc γίγνομαι@vipe3p πούς@nnmpc φν@vnpa-- τοσοῦτος@rpgmp πούς@ngmpc εἰμί@vipa3s ὁ@dnfs περίμετρος@nnfsc ὁ@dgms ἀμφίθεατρον@angms-"
"Stereom._1.45.1","τρίκλινος@nnmsp ὅς@rpgms ὁ@dnns μέν@b πλάτος@nnnsc πούς@ngmpc κϛ@vipa3s u+2222@n---p ὁ@dnns δέ@b μῆκος@nnnsc πούς@ngmpc λᾱ@ ὁ@dnns δέ@b ὕψος@nnnsc πούς@ngmpc λη@nnfsc διά@p τοῖχος@ngmsc β@ δ ́@b ὁ@dnns ἐν@p τοῖχος@ndmsc ἐπί@p ὁ@danp λᾱ@ γίγνομαι@vipe3p ξθ@p u+2222@n---p δ ́@b οὗτος@rpnnp ἐπί@p ὁ@danp λη@nanpc ὁ@dgns ὕψος@ngnsc γίγνομαι@vipe3p βχν@nafsc u+2222@n---p οὗτος@annnp- τετράκις@b ἐπεί@cs τέσσαρες@ εἰμί@vipa3p τοῖχος@nnmpc γίγνομαι@vipe3p α@rpnfp χβ@n---c τοσοῦτος@rpgmp εἰμί@vifm3s πούς@ngmpc ὁ@dgms τρίκλινος@angms- ὁ@dnnp ἐν@p τοῖχος@ndmsc"
"Stereom._1.46.1","τρίκλινος@nnmsp ἤτοι@b ὡρεῖον@nnnsc ὅς@rpgms ὁ@dnns μέν@b μῆκος@nnnsc πῆχυς@ngmpc καί@vipa3s ὁ@dnns δέ@b πλάτος@nnnsc πῆχυς@ngmpc ῑε@viia3s ὁ@dnns δέ@x ὕψος@nnnsc πῆχυς@ngmpc ϛ@vspa3s εὑρίσκω@vnaa-- πόσος@anamp- μόδιος@nampc χωρέω@vipa3s ποιέω@vmpa2s οὕτως@b ὁ@danp ὁ@dgns μῆκος@ngnsc ἐπί@p ὁ@danp ῑε@vmpa2s ὁ@dgns πλάτος@ngnsc γίγνομαι@vipe3p ὁ@n---c καί@cs οὗτος@rpanp ἐπί@p ὁ@danp ϛ@ ὁ@dgns ὕψος@ngnsc γίγνομαι@vipe3s ᾱω@nnmsc οὗτος@rpanp ἀεί@b πολυπλασίαζε@vmpa2s ἐπί@p ὁ@danp ῑᾱ@i κβ ́@nvmsc γίγνομαι@vipe3p μόδιος@nnmpc α@p θωπάω@nafsc u+2222@n---p δ ́@b κβ ́@ μδ ́@n---c τοσοῦτος@anamp- μόδιος@nampc λαμβάνω@vipa3s ὁ@dnms τρίκλινος@nnmsc"
"Stereom._1.47.1","κολυμβήθρα@ngfsp καί@cs φρέαρ@ngnsc καί@cs γουβικός@angnp- ἀνοίγνυμι@ngnpc καί@cs τοῖχος@ngmpc καί@cs λίθος@namsc καί@cs πηλός@ngmpc καί@cs δοκέω@ngmpc καί@cs ὁποιοσδηποτοῦν@rpgnp σχῆμα@ngnpc ἐάν@cs μανθάνω@vsaa2s ὁ@dans μῆκος@nansc καί@cs ὁ@dans πλάτος@nansc καί@cs ὁ@dans βάθος@nansc ἤ1@cs ὁ@dans ὕψος@nansc ἐθέλω@vspa2s δέ@cs γιγνώσκω@vnaa-- πόσος@annnp- κεράμιον@nnnpc χωρέω@vipa3s ἤ1@cs πόσος@rpnmp πούς@nnmpc στερεός@annmp- γίγνομαι@vipe3p ποιέω@vmpa2s οὕτως@b πολυπλασίαζε@vmpa2s ὁ@dans μῆκος@nansc ἐπί@p ὁ@dans πλάτος@nansc καί@cs ὁ@danp γίγνομαι@vppeanp ἐπί@p ὁ@dans βάθος@nansc ἤ1@cs ὁ@dans ὕψος@nansc καί@b τοσοῦτος@rpnnp κεράμιον@nnnpc εἰμί@vifm3p ἤ1@cs πούς@nnmpc στερεός@annmp-"
"Stereom._1.48.1","κολυμβήθρα@nnfsp ὅς@rpgfs ὁ@dnns μῆκος@nnnsc πούς@ngmpc ἄν@b ὁ@dnns δέ@b πλάτος@nnnsc πούς@ngmpc ῑβ@annns- ὁ@dnns δέ@b ὕψος@nnnsc ἤ1@cs ὁ@dnns βάθος@nnnsc πούς@ngmpc ε@ εὑρίσκω@vnaa-- πόσος@annnp- κεράμιον@nnnpc χωρέω@vipa3s ἤ1@cs πόσος@annmp- πούς@nnmpc στερεός@annmp- γίγνομαι@vipe3p ποιέω@vmpa2s οὕτως@b πολυπλασίαζε@vmpa2s ὁ@danp ῑβ@nanpc ἐπί@p ὁ@rpanp ἄν@b γίγνομαι@vipe3s ὁ@ οὗτος@rpanp ἐπί@p ὁ@danp ε@p ὁ@dgns βάθος@ngnsc ἤ1@cs ὁ@dgns ὕψος@ngnsc γίγνομαι@vipe3p αφ@nvmsc τοσοῦτος@ananp- κεράμιον@nanpc χωρέω@vipa3s ὁ@dnfs κολυμβήθρα@nnfsc"
"Stereom._1.49.1","κολυμβήθρα@nnfsp ὅς@rpgfs ὁ@dnns μέν@b μῆκος@nnnsc πούς@ngmpc ῑ@vspa3s ὁ@dnns δέ@b ὕψος@nnnsc ἤ1@cs ὁ@dnns βάθος@nnnsc πούς@ngmpc δ@b καί@cs ὁ@dnns πλάτος@nnnsc πούς@ngmpc ε@ εὑρίσκω@vnaa-- πόσος@anamp- πούς@nampc μάρμαρος@ngmpc συνάγω@vipa3s ποιέω@vmpa2s οὕτως@b συντίθημι@vmaa2s ὁ@danp ῑ@nanpc ὁ@dgns μῆκος@ngnsc καί@cs ὁ@danp ε@p ὁ@dgns πλάτος@ngnsc γίγνομαι@vipe3s ῑε@i οὗτος@annnp- δίς@b γίγνομαι@vipe3s λ@ οὗτος@rpnnp ἐπί@p ὁ@dans βάθος@nansc ἤτοι@b ὁ@dans ὕψος@nansc γίγνομαι@vipe3s ρκ@nvmsc τοσοῦτος@rpamp πούς@nampc μάρμαρος@ngfpc συνάγω@vipa3s ὁ@dnfs κολυμβήθρα@nnfsc"
"Stereom._1.49.2","ἐάν@cs ἐθέλω@vspa2s καί@b ὁ@dans ἔδαφος@nansc ὁ@dgfs κολυμβήθρα@ngfsc εὑρίσκω@vnaa-- ποιέω@vmpa2s οὕτως@b πολυπλασίαζε@viia3s ὁ@dnns πλάτος@nnnsc ἐπί@p ὁ@dans μῆκος@nansc γίγνομαι@vipe3s ἄν@n---c τοσοῦτος@rpamp πούς@nampc μάρμαρος@vppanms συνάγω@vipa3s ὁ@dnns ἔδαφος@nnnsc οὗτος@anamp- προστίθημι@vmaa2s ὁ@rpdmp ρκ@rpafs γίγνομαι@vipe3p ὁμοῦ@b ρο@namsc τοσοῦτος@rpnmp πούς@nnmpc μάρμαρος@ngmpc εἰμί@vipa3p ὁ@dgfs κολυμβήθρα@ngfsc"
"Stereom._1.50.1","φρέαρ@nnnsp ὅς@rpgms ὁ@dnfs διάμετρος@nnfsc πούς@ngmpc ε@ καί@cs περιοικοδόμημα@nnnsc ὁ@dgmp τοῖχος@ngmpc ἔχω@vppagmp πλάτος@nansc πούς@ngmpc β@ ὁ@dnns δέ@b βάθος@nnnsc αὐτός@rpgms πούς@ngmpc καί@ εὑρίσκω@vnaa-- πόσος@rpgmp πούς@ngmpc εἰμί@vipa3s ὁ@dnms τοῖχος@nnmsc ὁ@dgms τοῖχος@ngmsc ὁ@dnns πλάτος@nnnsc δίς@b γίγνομαι@vipe3s δ@b οὗτος@rpanp προστίθημι@vmpa2s ὁ@ddnp ε@p ὁ@dgfs διάμετρος@ngfsc γίγνομαι@vipe3p θ@n---c ὡς@cs εἰμί@vnpa-- ὁ@dafs διάμετρος@nafsc ὁ@dgns τε@b φρέαρ@ngnsc καί@cs ὁ@dgmp τοῖχος@ngmpc ὁμοῦ@b πούς@ngmpc θ@ οὗτος@rpnnp ἐπί@p ἑαυτοῦ@rpanp γίγνομαι@vipe3s πᾱ@x ἐκ@p ὅς@rpgnp ἀφαιρέω@viaa3s ὁ@dafs διάμετρος@nafsc ὁ@dgns φρέαρ@ngnsc γίγνομαι@vpamafs ἐπί@p ἑαυτοῦ@rpafs γίγνομαι@vipe3s ἄν@x λοιπός@ananp- νϛ@vipa3s οὗτος@annnp- δεκάκις@b καί@cs ἅπαξ@b γίγνομαι@vipe3s χιϛ@b οὗτος@angnp- ἀεί@b ὁ@dnns ιε ́@rpnns γίγνομαι@vipe3p μδ@n---c οὗτος@rpanp πολυπλασίαστος@vmaa2s ἐπί@p ὁ@danp καί@b ὁ@dgns βάθος@ngnsc γίγνομαι@vipe3s ωπ@i τοσοῦτος@rpgmp εἰμί@vifm3s πούς@ngmpc ὁ@dnms τοῖχος@nnmsc ὁ@dgns ὅλος@angns- φρέαρ@ngnsc"
"Stereom._1.51.1","κοῦπα@nnfsp ὅς@rpgfs ὁ@dnfs κάτω@b διάμετρος@nnmsc πούς@ngmpc ε@viia3s ὁ@dnfs δέ@b ἄνω@b πούς@ngmpc γ@ ὁ@dnns δέ@b ὕψος@nnnsc αὐτός@rpgfs πούς@ngmpc η@ ἔχω@vipa3s δέ@x οἶνος@namsc εἰ@cs τυγχάνω@voaa3s πούς@ngmpc ϛ@rpdms εὑρίσκω@vnaa-- πόσος@annnp- κεράμιον@annnp- χωρέω@vipa3s ποιέω@vmpa2s οὕτως@b δανείζω@viia3s ὁ@danp τρεῖς@ ὁ@dgfs ἄνω@b διάμετρος@ngfsc ἀπό@p ὁ@dgnp ε@p ὁ@dgfs κάτω@b λοιπός@ananp- β@ οὗτος@rpnnp ἐπί@p ὁ@danp ϛ@rpanp γίγνομαι@vipe3s ῑβ@nvmsc οὗτος@rpgnp ὁ@dnns η ́@ γίγνομαι@vipe3s ᾱ@i u+2222@n---p δανείζω@vmpa2s ὁ@dafs ᾱ@i u+2222@n---p ἀπό@p ὁ@dgnp ε@ λοιπός@ananp- γ@b u+2222@n---p τοσοῦτος@rpgmp εἰμί@vifm3s πούς@ngmpc ὁ@dnns πλάτος@nnnsc ἕως@b ὅπη@b ὁ@dnms οἶνος@nnmsc τυγχάνω@viia3s"
"Stereom._1.51.2","συντίθημι@vmaa2s τοίνυν@b ὁ@danp γ@b u+2222@n---p καί@cs ὁ@danp ε@ γίγνομαι@vipe3s η@ u+2222@n---p ὅς@rpgnp ὁ@dnns u+2222@ γίγνομαι@vipe3p δ@b δ ́@b οὗτος@rpnnp ἐπί@p ἑαυτοῦ@rpanp γίγνομαι@vipe3p ῑη@nnfpc ιϛ ́@nnfpc οὗτος@annnp- δεκάκις@b καί@cs ἅπαξ@b γίγνομαι@vipe3p ρgη@ u+2222@n---p ιβ ́@ οὗτος@angnp- ὁ@dnns ιε ́@rpnns γίγνομαι@vipe3p ῑδ@b η ́@ κη ́@ananp- ριβ ́@annfp- σκδ ́@nnfpc οὗτος@rpanp ἐπί@p ὁ@danp ϛ@nanpc ὁ@dgns ὕψος@ngnsc γίγνομαι@vipe3p πε@annnp- η ́@annnp- τοσοῦτος@ananp- κεράμιον@annnp- χωρέω@vipa3s ὁ@dnfs κοῦπα@annnp-"
"Stereom._1.52.1","βούτης@nnfsp ὅς@rpgms ὁ@dnfs ἄνω@b διάμετρος@nnmsc πούς@ngmpc ϛ@vipa3s ὁ@dnfs δέ@b κάτω@b πούς@ngmpc η@ ὁ@dnns δέ@b ὕψος@nnnsc πούς@ngmpc ῑ@vspa3s εὑρίσκω@vnaa-- πόσος@annnp- κεράμιον@annnp- χωρέω@vipa3s ποιέω@vmpa2s οὕτως@b συντίθημι@vmaa2s ὁ@dafs ἄνω@b διάμετρος@nafsc καί@cs ὁ@dafs κάτω@b γίγνομαι@vipe3s ῑδ@b ὅς@rpgnp ὁ@dnns u+2222@ γίγνομαι@vipe3s ζ@nnmsc οὗτος@rpnnp ἐπί@p ἑαυτοῦ@rpanp γίγνομαι@vipe3p μθ@n---c οὗτος@annnp- δεκάκις@b καί@cs ἅπαξ@b γίγνομαι@vipe3p φλθ@b οὗτος@angnp- ὁ@dnns ιε ́@rpnns γίγνομαι@vipe3s λη@nnfsc u+2222@n---p οὗτος@rpanp ἐπί@p ὁ@danp ῑ@nanpc ὁ@dgns ὕψος@ngnsc γίγνομαι@vipe3p τπε@rpnmp τοσοῦτος@ananp- κεράμιον@ananp- χωρέω@vipa3s ὁ@dnfs βούτης@nnfsc"
"Stereom._1.53.1","πλοῖον@nnnsp ὅς@rpgms ὁ@dnns μέν@b μῆκος@nnnsc πούς@ngmpc κδ@vipa3s ὁ@dnfs δέ@b βάσις@nnfsc πῆχυς@ngmpc ϛ@vspa3s ὁ@dnfs δέ@x κάτω@b βάσις@nnfsc πῆχυς@ngmpc δ@b εὑρίσκω@vnaa-- πόσος@annnp- κεράμιον@annnp- χωρέω@vipa3s ποιέω@vmpa2s οὕτως@b ὁ@dafs βάσις@nafsc ἐπί@p ὁ@dafs βάσις@nafsc γίγνομαι@vipe3p κδ@n---c οὗτος@rpnnp πάλιν@b ἐπί@p ὁ@danp κδ@ ὁ@dgns μῆκος@ngnsc γίγνομαι@vipe3s φοϛ@ndfsc οὗτος@angnp- ἀεί@b ὁ@dnns γ ́@b γίγνομαι@vipe3s ρgβ@ οὗτος@rpanp συντίθημι@vmaa2s μετά@p ὁ@dgmp φοϛ@ γίγνομαι@vipe3s ψξη@nnfsc ὅσπερ@rpnnp εἰμί@vipa3p κεράμιον@annnp- χωρέω@vipa3s δέ@b ὁ@dnns κεράμιον@nnnsc μόδιος@annmp- ῑ@annmp- γίγνομαι@vipe3p μόδιος@nnmpc ζχπ@nvmsc τοσοῦτος@rpamp μόδιος@nampc χωρέω@vipa3s ὁ@dnns πλοῖον@nnnsc"
"Stereom._1.54.1","εἰ@cs δέ@b στερεομετρία@nafsc οἰκοδομή@ngfsc ἡμικύκλιον@angfs- ἤγουν@viia3p ἀψίς@ngfsc ἐθέλω@vspa2s μετρέω@vnaa-- ὅς@rpgfs ὁ@dnfs διάμετρος@nnfsc πούς@ngmpc ϛ@vspa3s ὁ@dnfs δέ@b κάθετος@annms- πούς@ngmpc γ@b καί@cs ὁ@dnns πάχος@nnnsc ὁ@dgms τοῖχος@ngmsc πούς@ngmsc ᾱ@vspa3s προστίθημι@vmaa2s ὁ@ddmp ϛ@ πούς@ndmpc ὁ@dgfs διάμετρος@ngfsc ὁ@dams ᾱ@namsc πούς@namsc ὁ@dgns εἷς@ μέρος@ngnsc ὁ@dgns πάχος@ngnsc ὁ@dgms τοῖχος@ngmsc γίγνομαι@vipe3p πούς@nnmpc ζ@ ὅς@rpgfp ὁ@dnfs περίμετρος@nnfsc ἕτερος@annns- αὐτός@rpgmp u+2222@ δ ́@b μέρος@nnnsc γίγνομαι@vipe3p πούς@nnmpc ῑᾱ@i οὗτος@rpamp ἐπί@p ὁ@dans ὕψος@nansc ὁ@dgfs οἰκοδομή@ngfsc"
"Stereom._1.55.1","εἰ@cs ἐθέλω@vipa2s σκηνόω@vnaa-- ὁ@dams ἀήρ@namsc ὁ@dgfs σφαῖρα@ngfsc μετρέω@vmaa2s κατά@p ὁ@dafs προγράφω@vpreafs μέθοδος@nafsc ὁ@dgfs σφαῖρα@ngfsc χωρίς@p ὁ@dgns πάχος@ngnsc ὁ@dgmp τοῖχος@ngmpc οἷος@rpans εἰμί@vmpa3s ὁ@dnfs διάμετρος@nnmsc ὁ@dgms ἐμφύω@angms- ὁ@dgfs σφαῖρα@ngfsc πούς@ngmpc η@ ὁ@dnns δέ@b πάχος@nnnsc ὁ@dgmp β@ τοῖχος@ngmpc πούς@ngmpc β@ πολυπλασιάζω@vipa2s ὁ@damp η@damp πούς@nampc ὁ@dgms ἐμφύω@angms- ἐπί@p ἑαυτοῦ@rpamp γίγνομαι@vipe3p πούς@nnmpc ξδ@p οὗτος@rpamp πάλιν@b πολυπλασιάζω@vipa2s ἐπί@p ὁ@damp αὐτός@anamp- η@nampc πούς@nampc ὁ@dgfs διάμετρος@ngfsc γίγνομαι@vipe3p πούς@nnmpc φῑβ@annmp- οὗτος@rpamp πολυπλασιάζω@vipa2s ἑνδεκάκις@b γίγνομαι@vipe3p πούς@nnmpc εχλβ@anvmss οὗτος@rpamp μερίζω@vmaa2s παρά@p ὁ@dams κᾱ@namsc γίγνομαι@vipe3p πούς@nnmpc σξη@nnfsc η ́@ κα ́@b τοσοῦτος@rpnns εἰμί@vmpa3s ὁ@dnns σκήνωμα@nnnsc ὁ@dgms ἀήρ@ngmsc ὁ@dgfs σφαῖρα@ngfsc"
"Stereom._1.56.1","ἡμισφαίριον@nansp μετρέω@vifa1p κατά@p ὁ@dafs μέθοδος@nafsc ὁ@dgfs σφαῖρα@ngfsc ὁ@danp συνάγω@vppeanp παρά@p ὁ@dams μβ@namsc μερίζω@vppanmp οἷος@rpans εἰμί@vmpa3s ὁ@dnfs διάμετρος@nnmsc πούς@ngmpc ζ@ ὁ@dnfs δέ@b περίμετρος@nnfsc πούς@ngmpc κβ@ εὑρίσκω@vnaa-- οὗτος@rpgns ὁ@dans στερεός@anans- ποιέω@vipa1s οὕτως@b ὁ@damp ζ@vmpa2s πούς@nampc ὁ@dgfs διάμετρος@ngfsc ἐπί@p ἑαυτοῦ@rpamp γίγνομαι@vipe3p μθ@n---c οὗτος@rpamp πάλιν@b ἐπί@p ὁ@damp αὐτός@rpamp ζ@p ὁ@dgfs διάμετρος@ngfsc γίγνομαι@vipe3p τμγ@b οὗτος@rpanp πολυπλασιάζω@vipa1s ἐπί@p ὁ@dams ῑᾱ@namsc καί@cs μερίζω@vipa1s παρά@p ὁ@dams μβ@ γίγνομαι@vipe3p πθ@x u+2222@ γ ́@b τοσοῦτος@rpgns εἰμί@vifm3s ὁ@dnns στερεός@annns- ὁ@dgns ἡμισφαίριον@ngnsc"
"Stereom._1.57.1","σκήνωσις@ndmpp μετρέω@vnaa-- ἀήρ@ngmsc ἡμισφαίριον@angms- μετρέω@vmaa2s κατά@p ὁ@dafs προγράφω@vpreafs μέθοδος@nafsc ὁ@dgfs μετέλευσις@ngfsc ὁ@dgns στερεός@angns- ὁ@dgns ἡμισφαίριον@ngnsc χωρίς@p ὁ@dgns πάχος@ngnsc ὁ@dgmp τοῖχος@ngmpc οἷος@rpans εἰμί@vmpa3s ὁ@dnfs διάμετρος@nnmsc ὁ@dgns ἐμφύω@angns- ὁ@dgns ἡμισφαίριον@ngnsc πούς@ngmpc ῑ@rpdfs ὁ@dnns δέ@b πάχος@nnnsc ὁ@dgmp β@ τοῖχος@ngmpc πούς@ngmpc δ@ ὁ@damp ῑ@i πούς@nampc ὁ@dgfs διάμετρος@ngfsc ὁ@dgns ἐμφύω@angns- καί@b μόνος@anamp- πολυπλασιάζω@vipa2s ἐπί@p ἑαυτοῦ@rpamp γίγνομαι@vipe3s ρ@ ὁ@dnnp ρ@ ἐπί@p ὁ@damp αὐτός@rpamp ῑ@vspa3s γίγνομαι@vipe3s ᾱ@i οὗτος@ananp- πολυπλασιάζω@vipa2s ἑνδεκάκις@b γίγνομαι@vipe3s α@ ᾱ@i οὗτος@rpgnp ὁ@dnns μβ ́@ γίγνομαι@vipe3p πούς@nnmpc σξᾱ@ndfsc u+2222@nafsp γ ́@b ιε ́@nafsc τοσοῦτος@rpgmp εἰμί@vmpa3s πούς@ngmpc ὁ@dnns σκήνωμα@nnnsc ὁ@dgms ἀήρ@ngmsc ὁ@dgns ἡμισφαίριον@ngnsc"
"Stereom._1.58.1","ἐπιφάνεια@nafsp ἤγουν@viia3p ἐμβαδόν1@b ἤ1@cs χώρησις@nafsc ὁ@dgns αὐτός@rpgns ἡμισφαίριον@ngnsc ὁ@dgns ἔχω@vppagms διάμετρος@namsc πούς@ngmpc ῑ@vspa3s περίμετρον@namsc πούς@ngmpc λᾱ@vipa3s δ ́@b η ́@ κη ́@nafsc μετρέω@vifa1p πάντοτε@b οὕτως@b ὁ@dafs διάμετρος@nafsc ὁ@dgnp ῑ@i ἐπί@p ὁ@damp λᾱ@vipa3s δ ́@x η ́@ κη ́@nanpc ὁ@dgfs περίμετρον@angfs- γίγνομαι@vipe3p τις@rpnns δ ́@b κη ́@nnfpc ὅς@rpgnp ὁ@dnns u+2222@ γίγνομαι@vipe3p πούς@nnmpc ρνζ@nnfsc η ́@i νϛ ́@i τοσοῦτος@rpgns εἰμί@vifm3s ὁ@dnns ἐμβαδόν1@b ὁ@dgns ἡμισφαίριον@ngnsc"
"Stereom._1.59.1","κόγχη@nafsp ἤγουν@viia3p τεταρτημόριον@namsc μετρέω@vifa1p κατά@p ὁ@dafs μέθοδος@nafsc ὁ@dgns ἡμισφαίριον@ngnsc ὁ@danp συνάγω@vppeanp μερίζω@vppanmp παρά@p ὁ@dams πδ@ οἷος@rpans εἰμί@vmpa3s ὁ@dnfs διάμετρος@nnmsc ὁ@dgfs κόγχη@ngfsc σύν@p ὁ@ddnp β@ πάχος@ndnpc ὁ@dgmp τοῖχος@angmp- πούς@ngmpc ῑδ@b οὗτος@rpamp ἐπί@p ἑαυτοῦ@rpamp γίγνομαι@vipe3s ρgϛ@ οὗτος@rpnnp πάλιν@b ἐπί@p ὁ@danp ῑδ@b ὁ@dgfs αὐτός@rpgfs διάμετρος@ngfsc γίγνομαι@vipe3p βψμδ@b οὗτος@annnp- ἑνδεκάκις@b γίγνομαι@vipe3p γ@b ρπδ@b οὗτος@angnp- ὁ@dnns πδ ́@b γίγνομαι@vipe3p πούς@nnmpc τνθ@d--- γ ́@b τοσοῦτος@rpgmp εἰμί@vmpa3s ὁ@dans στερεός@anans- ὁ@dgfs κόγχη@ngfsc ὁλόμαζος@nnmsc"
"Stereom._1.60.1","σκήνωσις@namsp μετρέω@vnaa-- ἀήρ@nnmsc ὁ@dgfs αὐτός@angfs- κόγχη@ngfsc ἤγουν@viia3p τεταρτημορίον@angfs- καί@cs εὑρίσκω@vnaa-- ὁ@dafs στερεομετρία@nafsc ὁ@dgfs οἰκοδομή@ngfsc μετρέω@vmaa2s κατά@p ὁ@dafs αὐτός@anafs- μέθοδος@nafsc ὁ@dgms ὁλομάζος@vmpe2s ὁ@dgfs κόγχη@ngfsc χωρίς@p ὁ@dgns πάχος@ngnsc ὁ@dgmp τοῖχος@ngmpc οἷος@rpans ὁ@damp ῑ@ πούς@nampc ὁ@dgfs διάμετρος@ngfsc ὁ@dgns ἐμφύω@angns- ἐπί@p ἑαυτοῦ@rpamp γίγνομαι@vipe3s ρ@ ὁ@danp ρ@ πάλιν@b ἐπί@p ὁ@damp ῑ@anamp- γίγνομαι@vipe3s ᾱ@i ὁ@rpanp ᾱ@i ἑνδεκάκις@b γίγνομαι@vipe3s α@ ᾱ@i οὗτος@angnp- ὁ@dnns πδ ́@b γίγνομαι@vipe3p πούς@nnmpc ρλ@n---c u+2222@n---p γ ́@b ιβ ́@n---c κη ́@ananp- τοσοῦτος@rpgmp πούς@ngmpc εἰμί@vmpa3s ὁ@dnms ἀήρ@nnmsc ὁ@dgfs κόγχη@ngfsc ὅς@rpamp ἀφαιρέω@viaa3s ἀπό@p ὁ@dgmp προγράφω@vpregmp τνθ@danp γ ́@b πούς@ngmpc ὁ@dgms ὁλομάζος@ngmsc καί@b ὁ@dnmp λοιπός@annmp- πούς@nnmpc σκη@nnfsc δ ́@x η ́@ ὁ@dgfs οἰκοδομή@ngfsc"
"Stereom._1.61.1","χώρησις@nafsp μετρέω@vnaa-- ἤγουν@viia3p ἐμβαδόν1@p ὁ@dgfs αὐτός@angfs- κόγχη@ngfsc ὁ@damp ῑ@i πούς@nampc ὁ@dgfs διάμετρος@ngfsc ἐπί@p ἑαυτοῦ@rpamp γίγνομαι@vipe3s ρ@ οὗτος@rpamp ἑνδεκάκις@b γίγνομαι@vipe3p ᾱρ@b οὗτος@rpamp παρά@p ὁ@dams ῑδ@b γίγνομαι@vipe3p πούς@nnmpc οη@b u+2222@n---p ιε ́@n---c τοσοῦτος@rpgmp εἰμί@vmpa3s πούς@ngmpc ὁ@dnfs χώρησις@nnfsc ἤγουν@viia3p ὁ@dans ἐμβαδόν1@b ὁ@dgfs κόγχη@ngfsc"
"Stereom._1.62.1","εἰ@cs ἐθέλω@vipa2s εὑρίσκω@vnaa-- καί@b διά@p ὁ@dgfs περίμετρον@angfs- ὁ@dafs ἐπιφάνεια@nafsc ὁ@dgfs κόγχη@ngfsc ποιέω@vifa2s οὕτως@b εἰμί@vmpa3s ὁ@dnfs διάμετρος@nnmsc πούς@ngmpc ζ@ ὁ@dnfs δέ@b περίμετρος@nnmsc πούς@ngmpc ῑᾱ@vspa3s ὁ@dafs διάμετρος@nafsc ὁ@dgnp ζ@ ἐπί@p ὁ@dafs περίμετρον@nafsc ὁ@dgnp ῑᾱ@ γίγνομαι@vipe3p οζ@b οὗτος@rpgnp ὁ@dnns u+2222@ γίγνομαι@vipe3p πούς@nnmpc λη@nnfsc u+2222@n---p τοσοῦτος@rpgmp εἰμί@vmpa3s πούς@ngmpc ὁ@dnfs ἐπιφάνεια@nnfsc ὁ@dgfs κόγχη@ngfsc"
"Stereom._1.63.1","πυραμίς@nafsp μετρέω@vifa1p ὅς@rpgfs ὁ@dnns μῆκος@nnnsc πούς@ngmpc καί@b καί@cs ὁ@dnns πλάτος@nnnsc πούς@ngmpc καί@b καί@cs ὁ@dnns ὕψος@nnnsc πούς@ngmpc ῑϛ@vspa3s εὑρίσκω@vnaa-- αὐτός@rpgfs ὁ@dafp ὑποτείνω@vppaafp πλευρά@nafpc ἕκαστος@angms- τοῖχος@ngmsc ἔχω@vppagms πάχος@nansc πούς@ngmpc β@ ποιέω@vipa1s οὕτως@b ἐπεί@cs ὁ@dnfs πλευρόν@nnfsc ἔχω@vipa3s ἔξωθεν@b πούς@nampc καί@b ὁ@dnns δέ@b ἀπό@p ὁ@dgns ἔξωθεν@b ἐμφύω@angns- ἕως@p ὁ@dgns μεσοκέντωρ@ngmsc ὡς@cs προεῖπον@viaa1s ὁ@dnns ὕψος@nnnsc πούς@ngmpc ῑϛ@vspa3s ποιέω@vmaa2s οὕτως@b ὁ@danp ῑϛ@ ὁ@dgns ὕψος@ngnsc ἐπί@p ἑαυτοῦ@rpanp γίγνομαι@vipe3p σνϛ@annfp- καί@cs ὁ@danp ῑ@i τουτέστι@vipa3s ὁ@dnns u+2222@ ὁ@dgfs πλευρά@ngfsc ἐπί@p ἑαυτοῦ@rpanp γίγνομαι@vipe3s ρ@ ὁμοῦ@b γίγνομαι@vipe3p πούς@nnmpc τνϛ@rpnmp ὅς@rpgmp πλευρόν@nnfsc τετραγωνικός@annfs- γίγνομαι@vipe3s πούς@ngmpc ῑη@annfs- u+2222@n---p δ ́@cs η ́@ τοσοῦτος@rpgmp πούς@ngmpc εἰμί@vifm3s ὁ@dnfs ὑποτείνω@vppanfs πλευρόν@nnfsc ὁ@dgns εἷς@ σκέλος@ngnsc ἕως@p ὁ@dgns μεσοκέντωρ@ngmsc"
"Stereom._1.63.2","εἰ@cs δέ@b ἐθέλω@vipa2s ὁ@dans στερεός@anans- ὁ@dgmp τοῖχος@ngmpc εὑρίσκω@vnaa-- ποιέω@vmpa2s οὕτως@b ὁ@dafs ὑποτείνω@vppaafs ἐπί@p ὁ@danp ῑ@rpanp γίγνομαι@vipe3p πούς@nnmpc ρπη@nnfsc u+2222@n---p δ ́@b οὗτος@rpgnp ὁ@dnns u+2222@ γίγνομαι@vipe3p gδ@n---p δ ́@b η ́@ οὗτος@rpanp ἐπί@p ὁ@dans πάχος@nansc ἐπί@p ὁ@damp β@nampc πούς@nampc γίγνομαι@vipe3p ρπη@nnfsc u+2222@n---p δ@b ́@b τοσοῦτος@rpgmp πούς@ngmpc εἰμί@vifm3s ὁ@dnns στερεός@annns- ὁ@dgms τοῖχος@ngmsc ὁ@dgfs ᾱ@i πλευρά@ngfsc ἀλλά@cs ἐπεί@cs δ@b πλευρά@nafpc ἔχω@vipa3s ὁ@dnfs πυραμίς@nnfsc γίγνομαι@vipe3p ὁ@dgfp δ@b πλευρά@ngfpc πούς@nnmpc ψνε@anvms- τοσοῦτος@rpgmp πούς@ngmpc εἰμί@vifm3s ὁ@dans στερεός@anans- ὁ@dgmp τοῖχος@ngmpc ὁ@dgfs πυραμίς@ngfsc"
"Stereom._1.64.1","εἰ@cs δέ@b ἐθέλω@vipa2s εὑρίσκω@vnaa-- ὁ@dgfs στέγη@ngfsc ὁ@dams μόλιβδος@namsc ἤ1@cs ὁ@dams χαλκός@namsc ἤ1@cs ὁ@dams κέραμος@namsc ὁ@dgfs αὐτός@rpgfs πυραμίς@ngfsc ποιέω@vipa2s οὕτως@b ὁ@dafs ὑποτείνω@vppaafs τουτέστι@vipa3s ὁ@danp ῑη@ u+2222@ δ ́@ η ́@ ἐπί@p ὁ@damp ῑ@i πούς@nampc γίγνομαι@vipe3p πούς@nnmpc ρπη@nnfsc u+2222@n---p δ ́@b οὗτος@rpgnp ὑφαιρέω@vipa1s ὁ@dans u+2222@n---p λοιπός@anans- μένω@vipa3p πούς@nnmpc gδ@n---p δ ́@cs η ́@ τοσοῦτος@rpgmp πούς@ngmpc εἰμί@vipa3s ὁ@dnfs ἐπιφάνεια@nnfsc ὁ@dgfs στέγη@ngfsc ὁ@dgfs ᾱ@andfs- πλευρά@ngfsc ἀλλά@b ἐπεί@cs δ@b πλευρά@nafpc ἔχω@vipa3s ὁ@dnfs πυραμίς@nnfsc ὁμοῦ@b γίγνομαι@vipe3p ὁ@dgfp δ@b πλευρά@ngfpc πούς@nnmpc τοζ@b u+2222@n---p τοσοῦτος@rpgmp εἰμί@vifm3s ὁ@dnfs ἐπιφάνεια@nnfsc ὁ@dgfs στέγη@ngfsc ὁ@dgns μόλυβδος@ngnsc ἤ1@cs ὁ@dgms χαλκός@ngmsc ἤ1@cs ὁ@dgms κέραμος@ngmsc ὁ@dgfs πυραμίς@ngfsc πούς@ngmpc τοζ@nnmsc u+2222@n---p ἐπεί@cs ἀπό@p γ@b στεγάζω@vire3s ὁ@dnfs πυραμίς@nnfsc"
"Stereom._1.65.1","σφαῖρα@ngfsp ὁ@dnfs διάμετρος@nnmsc πούς@ngmpc ῑγ@ εὑρίσκω@vnaa-- αὐτός@rpgfs ὁ@dans στερεός@anans- ποιέω@vipa1s οὕτως@b ῑγ@b κύβισος@vmaa2s γίγνομαι@vipe3p βρgζ@nvmsc οὗτος@annnp- ἑνδεκάκις@b β@b δρξζ@nnfsc γίγνομαι@vipe3p οὗτος@angnp- ὁ@dnns κα ́@annnp- γίγνομαι@vipe3p αρν@b u+2222@n---p δ ́@x κα ́@b πδ ́@ τοσοῦτος@rpgmp πούς@ngmpc ὁ@dans στερεός@anans- εὑρίσκω@vnaa-- δέ@b αὐτός@rpgfs καί@b ὁ@dafs ἐπιφάνεια@nafsc ποιέω@vmpa2s οὕτως@b ῑγ@b ἐπί@p ἑαυτοῦ@rpanp γίγνομαι@vipe3p ρξθ@b οὗτος@rpnnp καθόλου@b τετράκις@b γίγνομαι@vipe3s χοϛ@i οὗτος@annnp- ἑνδεκάκις@b γίγνομαι@vipe3s ζυλϛ@annfp- οὗτος@angnp- ὁ@dnns ιε ́@rpnns γίγνομαι@vipe3p φλα@nnfpc η ́@annnp- τοσοῦτος@angmp- πούς@ngmpc εἰμί@vifm3s ὁ@dnfs ἐπιφάνεια@nnfsc"
"Stereom._1.66.1","ἡμισφαίριον@nansp μετρέω@vnaa-- ὅς@rpgms ὁ@dnfs διάμετρος@nnfsc πούς@ngmpc ῑγ@ εὑρίσκω@vnaa-- αὐτός@rpgms ὁ@dans στερεός@anans- ποιέω@vmpa2s οὕτως@b ὁ@rpanp ῑγ@b κύβισος@vmaa2s γίγνομαι@vipe3p βρgζ@nvmsc οὗτος@annnp- ἑνδεκάκις@b γίγνομαι@vipe3p β@ δρξζ@nvmsc ὁ@dgns αὐτός@b μβ ́@ γίγνομαι@vipe3p φευ@anvms- δ ́@x η ́@ τοσοῦτος@rpgmp πούς@ngmpc εἰμί@vifm3s ὁ@dans στερεός@anans- εὑρίσκω@vnaa-- αὐτός@rpgms καί@b ὁ@dafs ἐπιφάνεια@nafsc ὁ@dnnp ῑγ@b ἐπί@p ἑαυτοῦ@rpanp"
"Stereom._1.67.1","λϛ@i οὗτος@annnp- τρισσάκις@b γίγνομαι@vipe3s ρη@nnfsc καί@b ὁ@dafs κάθετος@anafs- ἐπί@p ἑαυτοῦ@rpafs γίγνομαι@vipe3s πᾱ@b συντίθημι@vmaa2s ὁμοῦ@b γίγνομαι@vipe3p ρπθ@b οὗτος@rpanp ἐπί@p ὁ@dafs κάθετος@anafs- ἐπί@p ὁ@danp θ@anans- γίγνομαι@vipe3p ᾱψᾱ@i οὗτος@annnp- ἑνδεκάκις@b γίγνομαι@vipe3p α@ ηψῑᾱ@annfp- οὗτος@angnp- ὁ@dnns κα ́@annnp- γίγνομαι@vipe3s ωgα@n---c"
"Stereom._1.67.2","τοσοῦτος@rpgmp εἰμί@vifm3s ὁ@dans στερεός@anans- εὑρίσκω@vnaa-- αὐτός@rpgms καί@b ὁ@dafs ἐπιφάνεια@nafsc ὁ@dgfs βάσις@ngfsc ὁ@dnns u+2222@n---p ἐπί@p ἑαυτοῦ@rpams γίγνομαι@vipe3s λϛ@nnfpc καί@b ὁ@dafs κάθετος@anafs- ἐπί@p ἑαυτοῦ@rpafs γίγνομαι@vipe3s πᾱ@x ὁμοῦ@b γίγνομαι@vipe3p ριζ@nnfsc οὗτος@rpnnp τετράκις@b γίγνομαι@vipe3s υξη@nnfsc οὗτος@annnp- ἑνδεκάκις@b γίγνομαι@vipe3p ερμη@annfs- οὗτος@angnp- ὁ@dnns ιε ́@rpnns γίγνομαι@vipe3p τξζ@b u+2222@n---p τοσοῦτος@rpgns ὁ@dnfs ἐπιφάνεια@nnfsc ὁ@dgns μέγας@angnsc τμῆμα@ngnsc ὁ@dgns ἡμισφαίριον@ngnsc"
"Stereom._1.68.1","σφαῖρα@ngfsp ὁ@dnfs διάμετρος@nnmsc πούς@ngmpc ῑγ@ εὑρίσκω@vnaa-- αὐτός@rpgfs ὁ@dans στερεός@anans- ποιέω@vmpa2s οὕτως@b κύβισος@vmaa2s ὁ@dafs διάμετρος@nafsc γίγνομαι@vipe3p βρgζ@nvmsc οὗτος@annnp- ἑνδεκάκις@b β@vmaa2s δρξζ@nvmsc οὗτος@angnp- ὁ@dnns κα ́@annnp- γίγνομαι@vipe3s ᾱρν@b β@n---c κα ́@n---c τοσοῦτος@rpgmp εἰμί@vifm3s ὁ@dans στερεός@anans-"
"Stereom._1.69.1","ἡμισφαίριον@ngnsp ὁ@dnfs διάμετρος@nnfsc πούς@ngmpc ῑγ@ εὑρίσκω@vnaa-- αὐτός@rpgms ὁ@dans στερεός@anans- ποιέω@vipa1s οὕτως@b κύβισος@vmaa2s ὁ@dafs διάμετρος@nafsc γίγνομαι@vipe3p βρζ@b οὗτος@annnp- ἑνδεκάκις@b γίγνομαι@vipe3p β@ δρξζ@nnfsc οὗτος@rpgnp ὁ@dnns μβ ́@ γίγνομαι@vipe3p φευ@annmd- δ ́@x ιε ́@nafsc"
"Stereom._1.70.1","τμῆμα@nnnsp μέγας@annnsc ἡμισφαίριον@ngnsc ὅς@rpgms ὁ@dnfs διάμετρος@nnmsc πούς@ngmpc ῑβ@vipa3s καί@cs ὁ@dnfs κάθετος@annfs- πούς@ngmpc θ@b εὑρίσκω@vnaa-- ὁ@dans στερεός@anans- ποιέω@vipa1s οὕτως@b ὁ@dgfs διάμετρος@ngfsc ὁ@dnns u+2222@n---p γίγνομαι@vipe3s ϛ@i οὗτος@rpnnp ἐπί@p ἑαυτοῦ@rpanp γίγνομαι@vipe3s λϛ@i οὗτος@annnp- καθόλου@b ἐπί@p γ@b γίγνομαι@vipe3s ρη@nnfsc καί@b ὁ@dafs κάθετος@anafs- ἐπί@p ἑαυτοῦ@rpafs γίγνομαι@vipe3s πᾱ@b συντίθημι@vmaa2s ὁμοῦ@b γίγνομαι@vipe3p ρπθ@b οὗτος@rpanp ἐπί@p ὁ@dafs κάθετος@anafs- γίγνομαι@vipe3p ᾱψᾱ@i οὗτος@annnp- ἑνδεκάκις@b γίγνομαι@vipe3p α@ ηψῑᾱ@annfp- οὗτος@angnp- ὁ@dnns κα ́@annnp- γίγνομαι@vipe3s ωqᾱ@i τοσοῦτος@rpgmp εἰμί@vifm3s"
"Stereom._1.71.1","τμῆμα@nnnsp ἦττον@annnsc ἡμισφαίριον@ngnsc ὅς@rpgms ὁ@dnfs διάμετρος@nnfsc πούς@ngmpc ῑβ@vipa3s καί@cs ὁ@dnfs κάθετος@annfs- πούς@ngmpc δ@b εὑρίσκω@vnaa-- ὁ@dans στερεός@anans- ποιέω@vipa1s οὕτως@b ὁ@dgfs διάμετρος@ngfsc ὁ@dnns u+2222@n---p γίγνομαι@vipe3s ϛ@i οὗτος@rpnnp ἐπί@p ἑαυτοῦ@rpanp γίγνομαι@vipe3s λϛ@i οὗτος@rpnnp καθόλου@b ἐπί@p ὁ@danp γ@b γίγνομαι@vipe3s ρη@nnfsc καί@b ὁ@dafs κάθετος@anafs- ἐπί@p ἑαυτοῦ@rpafs γίγνομαι@vipe3s ῑϛ@i συντίθημι@vmaa2s ὁμοῦ@b γίγνομαι@vipe3s ρκδ@b οὗτος@rpanp ἐπί@p ὁ@dafs κάθετος@anafs- ἐπί@p ὁ@danp δ@ γίγνομαι@vipe3s υqς@nnfpc οὗτος@annnp- ἑνδεκάκις@b γίγνομαι@vipe3p ευνϛ@i οὗτος@angnp- ὁ@dnns κα ́@annnp- γίγνομαι@vipe3p σνθ@b β@ η ́@an----"
"Stereom._1.72.1","σφαῖρα@ngfsp ὁ@dnfs διάμετρος@nnmsc πούς@ngmpc ῑγ@ εὑρίσκω@vnaa-- αὐτός@rpgfs ὁ@dafs ἐπιφάνεια@nafsc ποιέω@vipa1s οὕτως@b ὁ@dnnp ῑγ@b ἐπί@p ἑαυτοῦ@rpanp γίγνομαι@vipe3p ρξθ@b οὗτος@rpnnp ἐπί@p ὁ@danp δ@ γίγνομαι@vipe3s χοϛ@i οὗτος@annnp- ἑνδεκάκις@b γίγνομαι@vipe3s ζυλϛ@nnfpc οὗτος@angnp- ὁ@dnns ιε ́@rpnns γίγνομαι@vipe3p φλᾱ@nnfpc η ́@nnfpc τοσοῦτος@rpgms εἰμί@vifm3s"
"Stereom._1.73.1","ἡμισφαίριον@ngnsp ὁ@dnfs διάμετρος@nnfsc πούς@ngmpc ῑγ@ εὑρίσκω@vnaa-- ὁ@dafs ἐπιφάνεια@nafsc ποιέω@vipa1s οὕτως@b ὁ@dnnp ῑγ@b ἐπί@p ἑαυτοῦ@rpanp γίγνομαι@vipe3p ρξθ@b οὗτος@rpnnp τετράκις@b γίγνομαι@vipe3s χοϛ@i οὗτος@rpanp ποιέω@vmpa2s ἑνδεκάκις@b γίγνομαι@vipe3s ζυλϛ@nnfpc οὗτος@rpgnp ὁ@dnns κη ́@nnnpc γίγνομαι@vipe3p σξε@nvmsc u+2222@n---p ιε ́@"
"Stereom._1.74.1","τμῆμα@nnnsp μέγας@annnsc ἡμισφαίριον@ngnsc ὅς@rpgms ὁ@dnfs διάμετρος@nnfsc πούς@ngmpc ῑβ@vipa3s καί@cs ὁ@dnfs κάθετος@annfs- πούς@ngmpc θ@b εὑρίσκω@vnaa-- ὁ@dafs ἐπιφάνεια@nafsc ποιέω@vipa1s οὕτως@b ὁ@dnns u+2222@n---p ὁ@dgfs διάμετρος@ngfsc ἐπί@p ἑαυτοῦ@rpgns γίγνομαι@vipe3s λϛ@nnfpc καί@b ὁ@dafs κάθετος@anafs- ἐπί@p ἑαυτοῦ@rpafs γίγνομαι@vipe3s πᾱ@b συντίθημι@vmaa2s ὁμοῦ@b ριζ@vmpa2s οὗτος@rpnnp ἐπί@p ὁ@danp δ@ γίγνομαι@vipe3s υξη@nnfsc οὗτος@annnp- ἑνδεκάκις@b γίγνομαι@vipe3p ερμη@annfs- οὗτος@angnp- ὁ@dnns ιε ́@rpnns γίγνομαι@vipe3p τξζ@b u+2222@n---p η ́@ ιε ́@n---c"
"Stereom._1.75.1","τμῆμα@nnnsp ἥσσων@annnsc ἡμισφαίριον@ngnsc ὅς@rpgms ὁ@dnfs διάμετρος@nnfsc πούς@ngmpc ῑβ@annfs- ὁ@dnfs δέ@b κάθετος@annfs- πούς@ngmpc δ@b εὑρίσκω@vnaa-- ὁ@dafs ἐπιφάνεια@nafsc ποιέω@vipa1s οὕτως@b ὁ@dnns u+2222@n---p ὁ@dgfs διάμετρος@ngfsc ἐπί@p ἑαυτοῦ@rpgns γίγνομαι@vipe3s λϛ@nnfpc καί@b ὁ@dafs κάθετος@anafs- ἐπί@p ἑαυτοῦ@rpafs γίγνομαι@vipe3s ῑϛ@i συντίθημι@vmaa2s ὁμοῦ@b γίγνομαι@vipe3s νβ@ οὗτος@rpnnp καθολικός@b ἐπί@p ὁ@danp δ@anans- γίγνομαι@vipe3p πούς@nnfsc ση@nnnpc οὗτος@annnp- ἑνδεκάκις@b γίγνομαι@vipe3p πούς@nnmpc βσπη@nnfsc οὗτος@angnp- ὁ@dnns ιε ́@rpnns γίγνομαι@vipe3p ρξγ@nnfpc γ ́@b ιε ́@b μβ ́@"
"Stereom._1.76.1","φοῦρνος@namsp μετρέω@vnaa-- ὅς@rpgms ὁ@dnns ἔμφωτος@nnnsc πούς@ngmpc ῑ@vspa3s καί@cs ὁ@dnns πάχος@nnnsc ὁ@dgfs οἰκοδομή@ngfsc πούς@ngmpc β@ εὑρίσκω@vnaa-- αὐτός@rpgms ὁ@dans στερεός@anans- ποιέω@vmpa2s οὕτως@b συντίθημι@vmaa2s ὁ@danp β@ πάχος@nanpc γίγνομαι@vipe3s ῑδ@b οὗτος@ananp- κύβισος@vmaa2s γίγνομαι@vipe3p βψμδ@b ἐκ@p οὗτος@rpgnp αἴρω@viaa1s ὁ@dans ἔμφωτος@anans- κυβίσας@vpaanms γίγνομαι@vipe3s ᾱ@i λοιπός@anans- αψμδ@b οὗτος@annnp- ἑνδεκάκις@b γίγνομαι@vipe3p α@b θρπδ@b οὗτος@rpgnp ὁ@dnns μβ ́@ γίγνομαι@vipe3p ῡνϛ@b u+2222@b η ́@ ιε ́@nafsc μέτρησις@nnfsp φούρνος@ngnsc φοῦρνος@namsc νον@namsc μετρέω@vsaa1p οὕτως@b ὅς@rpgms ὁ@dnns ἔμφωτος@annns- μόδιος@annmsc ῑ@vspa3s οὗτος@annnp- ὁ@danp ῑ@nnnpc κυβεύω@vife3s οὗτος@annnp- ἑνδεκάκις@b οὗτος@rpgnp ὁ@dnns μβ ́@ ὁ@dnns δέ@b βησαλικός@annns- συντίθημι@vmaa2s ὁ@dafs διάμετρος@nafsc καί@cs ὁ@danp πάχος@nanpc οὗτος@rpanp κύβισος@vmaa2s"
"Stereom._1.77.1","ἀστερίσκος@namsp μονοείλητος@anams- μετρέω@vnaa-- ὅς@rpgms ὁ@dnns ἔμφωτος@annns- εἰμί@vipa3s πούς@ngmpc δ@ ὁ@dnns δέ@b πάχος@nnnsc ἀνά@p πούς@ngmsc ᾱ@vspa3s ὁ@dnns δέ@x πλάτος@nnnsc πούς@ngmpc γ@b εὑρίσκω@vnaa-- αὐτός@rpgms ὁ@dans στερεός@anans- ποιέω@vipa1s οὕτως@b συντίθημι@vmaa2s ἑκατέρωθεν@b ὁ@dams εἷς@ πούς@namsc ὁμοῦ@b γίγνομαι@vipe3p ϛ@i οὗτος@rpnnp ἐπί@p ἑαυτοῦ@rpanp γίγνομαι@vipe3s λϛ@i αἴρω@vmaa2s ὁ@dans ἔμφωτος@nansc ἐπί@p ἑαυτοῦ@rpgns γίγνομαι@vipe3s ῑϛ@i λοιπός@anans- καί@b οὗτος@rpanp ἐπί@p ὁ@dans εἷς@ ἐπί@p ὁ@dans ὕψος@nansc γίγνομαι@vipe3s καί@b οὗτος@rpanp ἐπί@p ὁ@dans πλάτος@nansc ἐπί@p ὁ@danp γ@ γίγνομαι@vipe3p ξ@n---c οὗτος@annnp- ἑνδεκάκις@b γίγνομαι@vipe3s χξ@nnfsc ὅς@rpgfp ιε ́@nnfpc γίγνομαι@vipe3p μζ@b η ́@"
"Stereom._1.78.1","ἄλλως@b δέ@b πάλιν@b συντίθημι@vmaa2s ὁ@dans ἔμφωτος@nansc καί@cs εἷς@ πάχος@nansc γίγνομαι@vipe3p ε@b οὗτος@rpnnp ἐπί@p ὁ@danp κβ@n---c γίγνομαι@vipe3s ρῑ@nnfsc οὗτος@rpanp ἐπί@p ὁ@dans ὕψος@nansc ἐπί@p ὁ@dans ᾱ@ γίγνομαι@vipe3s ρῑ@nnfsc ὅς@rpgnp η ́@vmpa2s γίγνομαι@vipe3p ῑε@vmpa2s u+2222@n---p η ́@vmpa2s ιε ́@n---c οὗτος@rpanp ἐπί@p ὁ@dans πλάτος@nansc ἐπί@p ὁ@danp γ@ γίγνομαι@vipe3p μζ@b η ́@nnfpc"
"Stereom._1.79.1","ἀστερίσκος@namsp διπλολήτος@anams- μετρέω@vnaa-- ὅς@rpgms ὁ@dnfs διάμετρος@nnfsc πούς@ngmsc ᾱ@vspa3s καί@cs ὁ@dnns πλάτος@nnnsc πούς@ngmpc γ@b καί@cs ὁ@dnns ὕψος@nnnsc πούς@ngmpc β@ εὑρίσκω@vnaa-- αὐτός@rpgms ὁ@dans στερεός@anans- ποιέω@vmpa2s οὕτως@b ὁ@dafs διάμετρος@nafsc ἐπί@p ὁ@danp β@ γίγνομαι@vipe3p η@ οὗτος@rpnnp ἐπί@p ἑαυτοῦ@rpanp γίγνομαι@vipe3p ξδ@p αἴρω@vmaa2s ὁ@dans ἔμφωτος@nansc ἐπί@p ἑαυτοῦ@rpgns γίγνομαι@vipe3s ῑϛ@i λοιπός@anans- γίγνομαι@vipe3p μη@b οὗτος@rpanp ἐπί@p ὁ@dans πλάτος@nansc ἐπί@p ὁ@danp γ@ γίγνομαι@vipe3p ρμδ@b οὗτος@annnp- ἑνδεκάκις@b γίγνομαι@vipe3p αφπδ@i ὅς@rpgnp ὁ@dnns ιε ́@rpnns γίγνομαι@vipe3p ρῑγ@b η ́@"
"Stereom._1.80.1","κόγχη@ngfsp ὁ@dnfs διάμετρος@nnmsc πούς@ngmpc καί@n---c ὁ@dnns δέ@b κέντρον@nnnsc πούς@ngmpc ϛ@i u+2222@n---p εὑρίσκω@vnaa-- ἀπό@p ποῖος@angms- κύκλος@ngmsc ὁ@dnns τμῆμα@nnnsc ἤ1@cs ἀπό@p ποῖος@rpgfs διάμετρος@ngfsc ποιέω@vmpa2s πάντοτε@b ὁ@dgfs βάσις@ngfsc μέρος@nansc u+2222@n---p ἐπί@p ἑαυτοῦ@rpams γίγνομαι@vipe3s ρ@ οὗτος@rpanp μερίζω@vmaa2s παρά@p ὁ@dams ϛ@i u+2222@n---p ὁ@dgns κέντρον@ngnsc γίγνομαι@vipe3s ῑε@b γ ́@b νῦν@b προστίθημι@vmaa2s καί@b ὁ@dans κέντρον@nansc πούς@nampc ϛ@i u+2222@n---p καί@b γίγνομαι@vipe3s κᾱ@b u+2222@b γ ́@b ὁ@dnfs διάμετρος@nnfsc"
"Stereom._1.81.1","τεταρτημορίον@angfs- κόγχη@ngfsc ὁ@dnfs διάμετρος@nnfsc πούς@ngmpc ῑβ@n---c ὁ@dnns δέ@b κέντρον@nnnsc πούς@ngmpc γ@b ὁ@dnfs δέ@b κάθετος@annfs- πούς@ngmpc δ@b εὑρίσκω@vnaa-- ὁ@dans στερεός@anans- ὁ@dgfs ὑφαίρεσις@ngfsc ποιέω@vmpa2s οὕτως@b ὁ@dgfs βάσις@ngfsc ὁ@dnns u+2222@n---p ἐπί@p ἑαυτοῦ@rpams γίγνομαι@vipe3s λϛ@i ἀλλά@cs καί@b ὁ@dafs κάθετος@anans- ἐπί@p ἑαυτοῦ@rpafs γίγνομαι@vipe3s ῑϛ@i οὗτος@ananp- συντίθημι@vmaa2s γίγνομαι@vipe3s νβ@ οὗτος@rpdnp προστίθημι@vmaa2s ὁ@dans u+2222@n---p γίγνομαι@vipe3s οη@i ἔτι@b οὗτος@rpdnp προσβάλλω@viaa3s ὁ@dgns κέντρον@ngnsc ὁ@danp γ@b ἐπί@p ἑαυτοῦ@rpanp γίγνομαι@vipe3s θ@ ὁμοῦ@b πούς@nnmpc πζ@b οὗτος@annnp- ἀεί@b τρισσάκις@b γίγνομαι@vipe3p σξᾱ@ndfsc ὅς@rpgnp ὁ@dnns u+2222@n---p ρλ@ u+2222@ οὗτος@annnp- ἑνδεκάκις@b γίγνομαι@vipe3p αυλε@nvmsc u+2222@i ὅς@rpgnp κα ́@b γίγνομαι@viap3p ξη@nnfsc γ ́@b τοσοῦτος@rpgms ὁ@dans στερεός@anans- ὁ@dgfs ὑφαίρεσις@ngfsc"
"Stereom._1.82.1","τεταρτημορίον@ngmsp κόγχη@ngfsc ὁ@dnfs διάμετρος@nnfsc πούς@ngmpc ῑ@dnfs κέντρον@nnnsc πούς@ngmpc ζ@ κάθετος@annfs- πούς@ngmpc ϛ@ εὑρίσκω@vnaa-- ὁ@dans στερεός@anans- ὁ@dgfs ὑφαίρεσις@ngfsc ποιέω@vipa1s ὁ@dgfs διάμετρος@ngfsc ὁ@dans u+2222@n---p ἐπί@p ἑαυτοῦ@rpams γίγνομαι@vipe3s ἄν@x καί@b ὁ@danp ϛ@rpanp ὁ@dgfs κάτοιδα@viam2s ἐπί@p ἑαυτοῦ@rpanp γίγνομαι@vipe3s λϛ@nnfpc ὁμοῦ@b γίγνομαι@vipe3p ξᾱ@p οὗτος@rpdnp προστίθημι@vmaa2s ὁ@dans u+2222@n---p γίγνομαι@vipe3p ᾱ@i u+2222@i καί@b ὁ@danp ζ@anans- ἐπί@p ἑαυτοῦ@rpanp γίγνομαι@vipe3p μθ@b ὁμοῦ@b προστίθημι@vmaa2s γίγνομαι@vipe3s ρμ@n---c u+2222@n---p οὗτος@annnp- ἀεί@b ἐπί@p ὁ@danp γ@b γίγνομαι@vipe3s ῡκᾱ@i u+2222@nvmsp ὅς@rpgnp ὁ@dnns u+2222@ γίγνομαι@vipe3p σύ@rpdfs u+2222@n---p δ ́@b οὗτος@annnp- ἑνδεκάκις@b γίγνομαι@vipe3p βτιη@nnfsc δ ́@x ὅς@rpgnp ὁ@dnns κα ́@nnnsc γίγνομαι@vipe3p ρῑ@ δ ́@x η ́@ τοσοῦτος@rpgms ὁ@dans στερεός@anans-"
"Stereom._1.83.1","τεταρτημορίον@ngmsp κόγχη@ngfsc ὁ@dnfs διάμετρος@nnfsc πούς@ngmpc ῑβ@n---c ὁ@dnns δέ@b κέντρον@nnnsc πούς@ngmpc γ@b ὁ@dnfs δέ@b κάθετος@annfs- πούς@ngmpc δ@b εὑρίσκω@vnaa-- ὁ@dafs ἐπιφάνεια@nafsc ποιέω@vmpa2s οὕτως@b ὁ@dnns u+2222@vipa3s ὁ@dgfs βάσις@ngfsc ἐπί@p ἑαυτοῦ@rpgns γίγνομαι@vipe3s λϛ@nnfpc καί@b ὁ@danp δ@b προσλαμβάνω@viia3s ἐπί@p ἑαυτοῦ@rpanp ὁ@dgfs κάτοιδα@ngfsc γίγνομαι@vipe3s ῑϛ@i ὁμοῦ@b νβ@ ὅς@rpgnp ὁ@dnns u+2222@ γίγνομαι@vipe3s κϛ@b καί@b ὁ@danp γ@b ὁ@dgns κέντρον@ngnsc ἐπί@p ἑαυτοῦ@rpanp γίγνομαι@vipe3s θ@n---c συντίθημι@vmaa2s ὁμοῦ@b γίγνομαι@vipe3s λε@b οὗτος@rpnnp ἐπί@p ὁ@danp γ@ γίγνομαι@vipe3s ρε@vmpa2s οὗτος@annnp- ἑνδεκάκις@b γίγνομαι@vipe3p αρνε@nvmsc ὅς@rpgnp ὁ@dnns κα ́@nnnsc γίγνομαι@vipe3s νε@anvms- τοσοῦτος@rpgns ὁ@dnfs ἐπιφάνεια@nnfsc"
"Stereom._1.84.1","τεταρτημορίον@ngmsp κόγχη@ngfsc ὁ@dnfs διάμετρος@nnfsc πούς@ngmpc ῑ@dnfs κέντρον@nnnsc πούς@ngmpc ζ@ κάθετος@annfs- πούς@ngmpc ϛ@ εὑρίσκω@vnaa-- ὁ@dafs ἐπιφάνεια@nafsc οὕτως@b ὁ@rpgnp ῑ@rpanp ὁ@dnns u+2222@ γίγνομαι@vipe3p ε@b οὗτος@rpnnp ἐπί@p ἑαυτοῦ@rpanp γίγνομαι@vipe3s ἄν@x καί@b ὁ@danp ϛ@rpnnp ἐπί@p ἑαυτοῦ@rpanp ὁ@dgfs κάτοιδα@ngfsc γίγνομαι@vipe3s λϛ@i συντίθημι@vmaa2s ὁμοῦ@b γίγνομαι@vipe3s ξα@viaa1s ὅς@rpgnp ὁ@dnns u+2222@ γίγνομαι@vipe3p λ@n---c u+2222@n---p καί@b ὁ@danp ζ@ ὁ@dgns κέντρον@ngnsc ἐπί@p ἑαυτοῦ@rpanp γίγνομαι@vipe3p μθ@n---c συντίθημι@vmaa2s ὁμοῦ@b γίγνομαι@vipe3p οθ@b u+2222@n---p οὗτος@annnp- ἀεί@b ἐπί@p ὁ@danp γ@b γίγνομαι@vipe3p σλη u+2222@nnfsc οὗτος@annnp- ἑνδεκάκιος@b γίγνομαι@vipe3p βχκγ@b u+2222@n---p ὅς@rpgnp ὁ@dnns κα ́@nnnsc γίγνομαι@vipe3s ρκδ@b u+2222@n---p γ ́@b ιε ́@b μβ ́@b τοσοῦτος@rpgms ὁ@dnfs ἐπιφάνεια@nnfsc"
"Stereom._1.85.1","τεταρτημορίον@ngmsp κόγχη@ngfsc λαμβάνω@vnaa-- ὁ@dans στερεός@anans- ὁ@dgns σκήνωμα@ngnsc ποιέω@vmpa2s οὕτως@b ὁ@dafs διάμετρος@nafsc κύβισος@vmaa2s αὐτός@rpafs ἐπί@p ἑαυτοῦ@rpafs οὗτος@annnp- ἑνδεκάκις@b ὅς@rpgmp πδ ́@p γίγνομαι@vipe3p πούς@nnmpc"
"Stereom._1.85.2","ἐάν@cs δέ@b ἡμισφαίριον@ngnsc ὁ@ddfs αὐτός@andfs- μέθοδος@ndfsc παρά@p ὁ@dans μβ@ γίγνομαι@vipe3p πούς@nnmpc ἐάν@cs δέ@b σφαῖρα@ngfsc ὅς@rpgnp κα ́@b γίγνομαι@vipe3p πούς@nnmpc"
"Stereom._1.86.1","ὁ@rpdfs ἐξεχίγωνος@annns- ἐάν@cs ἔχω@vspa3s διάμετρος@angns- πούς@nampc ῑ@vspa3s μῆκος@ngnsc πούς@nampc ῑ@vspa3s κάτοιδα@viam2s πούς@nampc ε@p πόσος@rpgns ὁ@dans στερεός@anans- ὁ@dgfs ὑφαίρεσις@ngfsc ποιέω@vipa1s οὕτως@b ὁ@dnns μῆκος@nnnsc ἐπί@p ὁ@dans πλάτος@nansc γίγνομαι@vipe3s ρ@ οὗτος@rpanp ἐπί@p ὁ@dafs κάθετος@anafs- γίγνομαι@vipe3s φ@ οὗτος@annnp- ἐννεακαιδεκάκις@b γίγνομαι@vipe3p θφ@nvmsc ὅς@rpgmp ὁ@dans καί@rpans γίγνομαι@vipe3p πούς@nnmpc υωβ@ngmsc γ ́@b κα ́@b τοσοῦτος@rpgns εἰμί@vifm3s ὁ@dans στερεός@annns- ὁ@dgfs ὑφαίρεσις@ngfsc"
"Stereom._1.86.2","καί@b πόσος@b ὁ@dnfs ἐπιφάνεια@nnfsc ποιέω@vmpa2s οὕτως@b ὁ@dgfs διάμετρος@ngfsc ὁ@dnnp ῑ@rpanp ἐπί@p ἑαυτοῦ@rpanp γίγνομαι@vipe3s ρ@ οὗτος@annnp- ἑνδεκάκις@b γίγνομαι@vipe3s αρ@nvmsc ὅς@rpgmp κη ́@annfp- γίγνομαι@vipe3p πούς@nnmpc λθ@p δ ́@x κη ́@nnfsc οὗτος@rpanp ἐπί@p ὁ@danp ῑ@ananp- ὁ@dgns μῆκος@ngnsc γίγνομαι@vipe3p πούς@nnmpc τhβ@an---- u+2222@n---p δ ́@b η ́@ τοσοῦτος@rpgns εἰμί@vifm3s ὁ@dnfs ἐπιφάνεια@nnfsc"
"Stereom._1.87.1","καί@cs ἐάν@cs ἔχω@vspa3s ὁ@dans αὐτός@rpnns ἐξεχίγωνος@nansc διάμετρος@ngnsc πούς@nampc ῑ@vspa3s μῆκος@ngnsc ιε@vmpa2s κάτοιδα@viam2s πούς@nampc ε@ ποιέω@vmpa2s οὕτως@b ὁ@dnnp ῑ@rpanp ἐπί@p ὁ@danp ιε@ γίγνομαι@vipe3p ρν@n---c οὗτος@rpanp ἐπί@p ὁ@danp ε@p ὁ@dgfs κάτοιδα@ngfsc γίγνομαι@vipe3p ψν@nnfpc οὗτος@annnp- ἐννεακαιδεκάκις@b γίγνομαι@vipe3s α@i δσν@nvmsc ὅς@rpgfp κα ́@b γίγνομαι@vipe3p πούς@nnmpc χοη@nnfsc u+2222@nnfsp ιε ́@nafsc τοσοῦτος@rpgms ὁ@dans στερεός@anans- ὁ@dgfs ὑφαίρεσις@ngfsc"
"Stereom._1.87.2","καί@b πόσος@b ὁ@dnfs ἐπιφάνεια@nnfsc οὕτως@b ὁ@dgfs διάμετρος@ngfsc ὁ@dnfp ι@rpnfp ἐπί@p ἑαυτοῦ@rpanp γίγνομαι@vipe3s ρ@ οὗτος@rpnnp ἑνδεκάς@andfp- γίγνομαι@vipe3p αρ@annfp- ὅς@annfp- κη ́@annfp- γίγνομαι@vipe3p λθ@nnfsc δ ́@x κη ́@nnfsc οὗτος@rpnnp ἐπί@p ὁ@dafp ιε@ ὁ@dgns μῆκος@ngnsc γίγνομαι@vipe3p πούς@nnmpc φπθ@b τοσοῦτος@rpgmp πούς@ngmpc εἰμί@vmpa3s ὁ@dnfs ἐπιφάνεια@nnfsc"
"Stereom._1.88.1","καί@cs ἐάν@cs ἔχω@vspa3s ὁ@dans αὐτός@rpans ἐξεχίγωνος@nansc διάμετρος@ngnsc πούς@nampc ι@ndfsc μῆκος@nampc πούς@nampc ιε@vmpa2s κάτοιδα@viam2s πούς@nampc ζ@ πόσος@rpgns ὁ@dans στερεός@anans- ζητέω@vipa3s καθώς@cs προγράφω@vire3s ὁ@ddfs αὐτός@andfs- μέθοδος@ndfsc καί@b πόσος@angns- ὁ@dnfs ἐπιφάνεια@nnfsc ζητέω@vmpa2s καθώς@b προγράφω@vire3s"
"Stereom._1.88.2","καί@cs ἐάν@cs ἔχω@vspa3s διάμετρος@angns- πούς@nampc ῑ@vspa3s μῆκος@nampc πούς@nampc ιε@viia3s κάτοιδα@vmam2s πούς@nampc γ@b πόσος@rpgns ὁ@dans στερεός@anans- ὁ@dgfs ὑφαίρεσις@ngfsc πούς@vmpa2s υζ@vmpa2s η ́@vmpa2s ζητέω@vmpa2s καθώς@b προγράφω@vire3s καί@b πόσος@angns- ὁ@dnfs ἐπιφάνεια@nnfsc ζητέω@vmpa2s καθώς@b προγράφω@vire3s"
"Stereom._1.88.3","ὅμοιος@b καί@cs ὁ@dnns τετρακάμαρος@annns- ὁ@ddfs αὐτός@andfs- μέθοδος@ndfsc μετρέω@vipe3s ὁ@dnns τε@b στερεός@annns- καί@cs ὁ@dnns κένωμα@nnnsc"
"Stereom._1.89.1","χρή@nnfsp οἶδα@vnra-- ὅτι@cs ἐν@p ὁ@ddfs μετρέω@ndfsc αὐτός@rpgnp ὁ@dgnp εἴλημα@ngnpc ἡμισφαίριον@ngnsc ἤτοι@cs ἐκχιγώνος@viia3s ὅτι@cs λαμβάνω@vipa3s τις@rpncs ὁ@dans μῆκος@nansc καί@cs ὁ@dans πλάτος@nansc ὁ@dgns σχῆμα@ngnsc καί@cs συντίθημι@vipa3s καί@cs ποιέω@vipa3s ὁ@dans u+2222@n---p τουτέστι@rpanp ῑ@ καί@cs η@ ὅς@rpgnp ὁ@dnns u+2222@ γίγνομαι@vipe3s θ@n---c καί@cs πάλιν@b ὁ@dafs διαγώνιος@nafsc λαμβάνω@vpaanms τουτέστι@vipa3s πούς@nnmsc ιγ@b συντίθημι@vmaa2s μετά@p ὁ@dgmp θ@ γίγνομαι@vipe3p πούς@nnmpc κβ@nnfpc ὅς@rpgnp ὁ@dnns u+2222@ γίγνομαι@vipe3s ια@nanpc εἰμί@vmpa3s ὁ@dnfs διάμετρος@nnfsc κοινός@andms- λόγος@ndmsc πούς@nnnpc ια@nnnpc"
"Stereom._1.90.1","ττρακάμαρος@namsp μετρέω@vnaa-- ποιέω@vmpa2s οὕτως@b εἰμί@vmpa3s ὁ@dnns μῆκος@nnnsc πούς@ngmpc ῑ@rpdfs καί@cs ὁ@dnns πλάτος@nnnsc πούς@ngmpc ῑ@vspa3s ὁ@dnns δέ@b ὕψος@nnnsc πούς@ngmpc ε@cs ποιέω@vmpa2s ὁ@dans μῆκος@nansc ἐπί@p ὁ@dans πλάτος@nansc γίγνομαι@vipe3p πούς@nnmpc ρ@ οὗτος@rpanp ἐπί@p ὁ@damp ε@p ὁ@dgns ὕψος@ngnsc γίγνομαι@vipe3p πούς@nnmpc φ@ ἐκ@p ὅς@rpgnp ὑφαιρέω@vipa1s ὁ@dams ἔσωθεν@b ἀήρ@namsc μῆκος@nansc πούς@ngmpc η@ πλάγη@nnmsc πούς@ngmpc η@ γίγνομαι@vipe3p πούς@nnmpc ξδ@p οὗτος@rpanp ἐπί@p ὁ@dafs κάθετος@anafs- ετον@nafsc ἐπί@p ὁ@damp δ@b πούς@nampc γίγνομαι@vipe3p πούς@nnmpc σνϛ@b οὗτος@rpanp ποιέω@vipa1s ἐπί@p ὁ@dafs ιθ@b γίγνομαι@vipe3p πούς@nnmpc δωξδ@b ἄρτι@b μερίζω@vipa1s ὅς@rpgnp ὁ@dnns κα ́@nnnsc γίγνομαι@vipe3p πούς@nnmpc σλα@nnfpc u+2222@n---p ιε ́@b κα ́@b αἴρω@viaa1s ἀπό@p ὁ@dgmp φ@ngmpc πούς@ngmpc ὁ@dgfs μάσσης@ngfsc λοιπός@anans- γίγνομαι@vipe3p πούς@nnmpc σξη@annmp- ϛ ́@annfp- ξ ́@cs ιε ́@n---c"
"Stereom._1.91.1","τετράσειρος@nansp μετρέω@vifa1p ὅς@rpgms ὁ@dnns μῆκος@nnnsc πούς@ngmpc ϛ@vspa3s καί@cs ὁ@dnns πλάτος@nnnsc πούς@ngmpc ϛ@vspa3s καί@cs ὁ@dnfs κάθετος@nnfsc πούς@ngmpc γ@b εὑρίσκω@vnaa-- αὐτός@rpgms ὁ@dans στερεός@anans- ποιέω@vipa1s οὕτως@b ὁ@dafs διάμετρος@viia3p ἐπί@p ὁ@dans μῆκος@nansc γίγνομαι@vipe3s λϛ@nnfpc οὗτος@annnp- ἑνδεκάκις@b γίγνομαι@vipe3p τgϛ@ ὅς@rpgnp ιε ́@nafsc γίγνομαι@vipe3p καί@nafsc δ ́@x οὗτος@rpnnp ἐπί@p ὁ@danp γ@b ὁ@dgfs κάτοιδα@ngfsc γίγνομαι@vipe3p πούς@nnmpc πδ@p u+2222@n---p δ ́@b καί@cs ὁ@dnfp ιη@ δ ́@b ὁμοῦ@b γίγνομαι@vipe3p πούς@nnmpc ργ@n---c τοσοῦτος@rpgmp πούς@ngmpc ὁ@dans στερεός@anans- ὁ@dgns κένωμα@ngnsc"
"Stereom._1.91.2","καί@b πόσος@rpgns ὁ@dnfs ἐπιφάνεια@nnfsc ὁ@dgns αὐτός@rpgns τετράρεος@ngnsc ποιέω@vipa1s οὕτως@b λαμβάνω@vmpa2s ὁ@dafs περίμετρον@nafsc ἀπό@p ὁ@dgfs διάμετρος@ngfsc γίγνομαι@vipe3p πούς@nnmpc ιθ@nnmpc παρά@p ὁ@dans ξ ́@b οὗτος@rpanp ποιέω@vipa1s ἐπί@p ὁ@dafs κάθετος@anafs- ὁ@dgmp γ@b πούς@ngmpc γίγνομαι@vipe3p νϛ@b u+2222@n---p ιε ́@nafsc τοσοῦτος@rpgnp εἰμί@vmpa3s ὁ@dnfs ἐπιφάνεια@nnfsc ὁ@dgms τετράρεος@angms-"
"Stereom._1.92.1","ἔλλειψις@nafsp μετρέω@vifa1p ὅς@rpgfs ὁ@dnms μέν@b μέγας@annmsc ἄξων@nnmsc πούς@ndmsc ιϛ@ndfsc ὁ@dnms δέ@cs μικρός@annmsc πούς@ngmpc ιβ@ndmsc ἐπεί@cs οὖν@b ἐν@p ὁ@ddmp κωνοειδής@ndmpp ὁ@dnms ἀρχιμήδης@nnmsp δείκνυμι@vipa3s ὅτι@cs ὁ@dnns ὑπό@p ὁ@dgmp ἄξων@ngmpc δύναμαι@vipe3s ὁ@dnns ἀπό@p κύκλος@ngmsc διάμετρος@angms- ἴσος@angns- ὁ@ddfs ἐλλείπω@ndfsc ποιέω@vipa3s οὕτως@b πολυπλασίαζε@vmpa2s ὁ@danp ιβ@ ἐπί@p ὁ@dafp ιϛ@rpnfp γίγνομαι@vipe3p πούς@nnmpc ρgβ@ οὗτος@rpanp ποιέω@vipa1s ἑνδεκάκις@b γίγνομαι@vipe3p πούς@nnmpc βρι@nvmsc ὅς@rpgmp ιε ́@cs γίγνομαι@vipe3p πούς@nnmpc ρν@ u+2222@n---p δ ́@x ιε ́@ κη ́@nanpc καί@cs ἔχω@vifa2s τοσοῦτος@rpgmp ἀποφαίνω@vnpe-- ὁ@dans ὁ@dgfs ἔνδεια@ngfsc ἐμβαδόν@b"
"Stereom._1.93.1","εἰμί@vmpa3s δή@b παραβολή@nafsc μετρέω@vnaa-- ὁ@dafs αβγ@n---p ὅς@rpgfs ὁ@dnfs μέν@b αγ@nnfsp βάσις@nnfsc πούς@ngmpc ιβ@ ὁ@dnms δέ@b β@n---p ∠@n---c ἄξων@nnmsc πούς@ngmpc ε@ ἐπεξεύχομαι@vmre3p ὁ@dnfp αβ@n---p βγ@n---p ὁ@dnns ἄρα@b ἐμβαδόν1@b ὁ@dgms αβγ@n---p τρίγωνον@ngmsc ὁ@dnns u+2222@n---p εἰμί@vipa3s ὁ@dgns ὑπό@p αγ@n---p β∠@n---p τουτέστι@vipa3s πούς@ngmpc λ@ ἀποδείκνυμι@viaa3s δέ@b ὁ@dnms ἀρχιμήδης@nnmsp ἐν@p ὁ@ddms ἐφοδικός@andms- λόγος@ndmsc ὡς@cs προερέω@vire3s ὅτι@cs πᾶς@annns- τμῆμα@nnnsc περιέχω@vprenns ὑπό@p εὐθεῖα@ngfsc καί@cs ὀρθογώνιον@angms- κῶνος@ngmsc τομή@angfs- τουτέστι@vipa3s παραβολή@ngfsc ἡμιόλιος@annns- ὁ@dgns τρίγωνον@ngnsc ὁ@dgns ὁ@dafs βάσις@nafsc ἔχω@vppagms αὐτός@rpgns καί@cs ὕψος@nansc ἴσος@annns- οὗτος@rpnns εἰμί@vipa3s ὁ@dgms αβγ@n---p τρίγωνον@ngnsc ὁ@dgms δέ@b αβγ@n---p τρίγωνον@ngmsc ὁ@dnns ἐμβαδόν1@b πούς@ngmpc λ@n---c ὁ@dnns ἄρα@b ὁ@dgns τμῆμα@ngnsc ὁ@dgns περιέχω@ngnsc ὑπό@p ὁ@dgfs παραβολή@ngfsc εἰμί@vifm3s πούς@ngmpc μ@"
"Stereom._1.94.1","ὄνυξ@b μετρέω@vifa1p ὅς@b ὁ@dnfs κάθετος@nnfsc πούς@ngmpc ζ@ καί@cs ὁ@dnfs βάσις@nnfsc πούς@ngmpc ζ@ καί@cs ὁ@dnfs κοῖλος@annfs- πούς@nnfsc ια@annfs- εὑρίσκω@vnaa-- αὐτός@rpgms ὁ@dans ἐμβαδόν@b ποιέω@vipa1s οὕτως@b ὁ@dgfs κοῖλος@angfs- οὐ@b ἀναγκαῖος@ngfsc εἰμί@vppagfs μετρέω@vnpe-- ὁ@danp οὖν@b ζ@ ἐπί@p ἑαυτοῦ@rpanp γίγνομαι@vipe3p πούς@nnmpc μθ@b οὗτος@rpnnp διά@p πᾶς@angns- ἐπί@p ὁ@danp γ@ γίγνομαι@vipe3p πούς@nnmpc ρμζ@b οὗτος@angnp- ὁ@dnns ιε ́@rpnns γίγνομαι@vipe3p πούς@nnmpc ι@rpnmp u+2222@n---p εἰμί@vmpa3s ὁ@dnns ἐμβαδόν@b πούς@ngmpc ῑ@i u+2222@n---p λοιπός@anans- ἐάν@cs εἰμί@vspa3s στερεός@anans- ποιέω@vmpa2s οὗτος@rpanp ὁ@danp ὁ@dgns ἐμβαδόν@b ἐπί@p ὁ@dans πάχος@nansc γίγνομαι@vipe3p ἐάν@cs δέ@b ἐθέλω@vspa2s ὁ@dafs κοῖλος@nafsc ὁ@dgms ὄνυξ@ngmsc εὑρίσκω@vnaa-- πάντοτε@b ὁ@ddfs καθέτῳ@ndfsc προστίθημι@vmpa2s ὁ@dans ἴδιος@anans- u+2222@n---p καί@cs ὁ@dans ιε ́@ ὁμοῦ@b γίγνομαι@vipe3p πούς@nnmpc ια@nnnpc"
"Stereom._1.95.1","διόνυξ@nafsp μετρέω@vifa1p ὅς@rpgms ὁ@dnfs διάμετρος@nnfsc πούς@ngmpc ιδ@ καί@cs ὁ@dnfs κάθετος@annfs- πούς@ngmpc ζ@ εὑρίσκω@vnaa-- αὐτός@rpgms ὁ@dans ἐμβαδόν@b ποιέω@vmpa2s οὕτως@b ὁ@dafs κάθετος@anans- ἐπί@p ὁ@dafs βάσις@nafsc ὁ@danp ξ@ ἐπί@p ὁ@danp ιδ@ γίγνομαι@vipe3s gη@nnfsp οὗτος@annnp- ἀεί@b ἐπί@p ὁ@danp γ@b γίγνομαι@vipe3p πούς@nnmpc σgδ@ οὗτος@angnp- ὁ@dnns ιε ́@rpnns γίγνομαι@vipe3p πούς@nnmpc καί@b τοσοῦτος@rpgns ὁ@dnns ἐμβαδόν@b βαδόν@b ἐάν@cs δέ@b στερεός@anans- ποιέω@vmpa2s ὁ@dans ἐμβαδόν1@b ἐπί@p πάχος@nansc καί@cs ἔχω@vifa2s ὁ@dans στερεός@anans-"
"Stereom._1.96.1","τρίκένταυρος@nansp μετρέω@vifa1p ὅς@rpgms ὁ@dnfs βάσις@nnfsc πούς@ngmpc η@ καί@cs ὁ@dnfs κάθετος@nnfsc πούς@ngmpc θ@ εὑρίσκω@vnaa-- αὐτός@rpgms ὁ@dans ἐμβαδόν@b ποιέω@vipa1s οὕτως@b ὁ@danp η@ ἐπί@p ὁ@danp θ@anans- γίγνομαι@vipe3s οβ@i ὅς@rpgnp u+2222@nnfpp γίγνομαι@vipe3p λϛ@nnfpc οὗτος@rpgnp ὁ@dnns γ ́@b γίγνομαι@vipe3p πούς@nnmpc ιβ@annmp- συντίθημι@vmaa2s ὁμοῦ@b γίγνομαι@vipe3p πούς@nnmpc μη@b τοσοῦτος@rpgns ὁ@dnns ἐμβαδόν@b εἰμί@vipa3s τις@rpnmp δέ@b οὕτως@b μετρέω@viaa3p ὡς@b παραβολή@nafsc"
"Stereom._1.97.1","ἄλλως@b δέ@b πάλιν@b μετρέω@vifa1p ὅς@b ὁ@dnfs βάσις@nnfsc πούς@ngmpc η@ καί@cs ὁ@dnfs κάθετος@annms- πούς@ngmpc θ@b εὑρίσκω@vnaa-- ὁ@dans ἐμβαδόν@b ποιέω@vipa1s οὕτως@b συντίθημι@vmaa2s βάσις@nafsc καί@cs κάθετος@vmaa2s ὁμοῦ@b γίγνομαι@vipe3p πούς@nnmpc ιζ@nn-sc ὅς@rpgnp u+2222@n---p γίγνομαι@vipe3p πούς@nnmpc η@ u+2222@n---p οὗτος@rpanp ἐπί@p ἑαυτοῦ@rpanp ὡς@cs ἐπί@p ὁ@dgmp κύκλος@ngmpc γίγνομαι@vipe3p πούς@nnmpc οβ@annmp- δ ́@b οὗτος@annnp- ἑνδεκάκις@b γίγνομαι@vipe3p πούς@nnmpc ψgδ@n---c u+2222@n---p δ ́@b ἄρτι@b μερίζω@vipa1s ὅς@rpgmp ιε ́@cs γίγνομαι@vipe3p πούς@nnmpc νϛ@b u+2222@nafsp δ ́@x νϛ ́@an----"
"Stereom._2.1.1","εἰμί@vmpa3s ὁ@dnfs πλευρόν@nnfsc πούς@ngmpc ιβ@rpgmd οὗτος@rpnnp ἐπί@viaa3s ἑαυτοῦ@rpanp γίγνομαι@vipe3p πούς@nnmpc ρμδ@b οὗτος@annnp- δίς@b γίγνομαι@vipe3s σπή@nnfsc ὅς@rpgfp πλευρόν@nnnpc τετραγωνικός@annfs- εἰμί@vipa3s πούς@ngmpc ιζ@vppanns παρά@p ὁ@dans σύνεγγυς@b τοσοῦτος@rpgms ὁ@dnfs διάμετρος@nnfsc οὗτος@rpnnp ἐπί@p ἑαυτοῦ@rpanp γίγνομαι@vipe3p σπή@nnfsc οὗτος@rpanp ἐπί@p ὁ@dafs κάθετος@anafs- ἐπί@p ὁ@danp u+2222@ γίγνομαι@vipe3p βυμη@nvfsc οὗτος@annnp- ἑνδεκάκις@b γίγνομαι@vipe3s β@ ϛϡκη@nvfsc ὅς@rpgnp κα ́@b γίγνομαι@vipe3p ασπβ@vifa3s ϛ@vifa3s κα ́@b"
"Stereom._2.1.2","τοσοῦτος@rpgns εἰμί@vipa3s ὁ@dnfs ὑφαίρεσις@nnfsc ἔτι@b ἐκ@p ὁ@dgfs ὑφαίρεσις@ngfsc διαίρω@vnaa-- ὁ@danp δ@ τμῆμα@nanpc ὁ@dgfp κόγχη@ngmpc οὕτως@b ὁ@dnfs ἡμίσεια@nnfsc ὁ@dgfp πλευρά@ngfpc εἰμί@vipa3s πούς@ngmpc ϛ@rpdfs οὗτος@rpnnp ἐπί@p ἑαυτοῦ@rpanp γίγνομαι@vipe3s λϛ@nnfpc οὗτος@annnp- ἀεί@b καί@b πάντοτε@b ἐπί@p ὁ@danp γ@b γίγνομαι@vipe3p πούς@nnfsc ρη@nnfsc καί@cs ὁ@dnns ἀπό@p ὁ@dgfs κάτοιδα@ngfsc οὗτος@rpnns εἰμί@vipa3s ἀπό@p ὁ@dgmp β@an---- γίγνομαι@vipe3s ϛ@rpnfs δ ́@b προσβάλλω@vmaa2s ὁ@rpdnp ρη@ndnsc γίγνομαι@vipe3p πούς@nnmpc ριδ@nafsc δ ́@b οὗτος@rpanp ἐπί@p ὁ@dafs κάθετος@anafs- ἐπί@p ὁ@damp β@ u+2222@ πούς@nampc γίγνομαι@vipe3p πούς@nnmpc σπάω@an---- u+2222@n---p η ́@ οὗτος@annnp- ἑνδεκάκις@b γίγνομαι@vipe3p πούς@nnmpc γρμα@nvnsc ὅς@rpgmp κα ́@b γίγνομαι@vipe3p πούς@nnmpc ρμθ@ u+2222@ η ́@ οὗτος@annnp- δίς@b γίγνομαι@vipe3p πούς@nnmpc σgθ@n---c δ ́@b λοιπός@anans- ϡπβ@nnmsp u+2222@n---p δ ́@b"
"Stereom._2.2.1","εἰς@p σφαῖρα@nafsc ἐθέλω@vipa1s ἐμβάλλω@vnaa-- κύβος@namsc τετράγωνος@anams- εἶπον@vmaa2s ἐγώ@rpdcs πόσος@annfs- ἕκαστος@annfs- πλευρόν@nnfsc ὁ@dgms κύβος@ngmsc ποιέω@vipa1s οὕτως@b ἐάν@cs ὁ@dnfs διάμετρος@nnfsc ὁ@dgfs σφαῖρα@ngfsc πούς@ngmpc ιξ@b ποιέω@vipa1s ὁ@dans u+2222@n---p ὁ@dgfs διάμετρος@angfs- γίγνομαι@vipe3p πούς@nnmpc η@ u+2222@n---p οὗτος@rpnnp ἐπί@p ἑαυτοῦ@rpanp γίγνομαι@vipe3p πούς@nnmpc οβ@annmd- δ ́@b οὗτος@annnp- δίς@b γίγνομαι@vipe3p πούς@nnmpc ρμδ@b u+2222@n---p ὅς@rpgfp πλευρόν@nnfsc τετραγωνικός@annfs- γίγνομαι@vipe3s πούς@ngmpc ιβ@ndmpc τοσοῦτος@rpgmp πούς@ngmpc εἰμί@vipa3s ἕκαστος@annfs- πλευρόν@nnfsc ὁ@dgms κύβος@ngmsc πούς@ngmpc ιβ@"
"Stereom._2.2.2","ὁ@dafs δέ@b διαγώνιος@nafsc εὑρίσκω@vnaa-- ὁ@dgms αὐτός@rpgms κύβος@ngmsc ὅστις@rpnfs εἰμί@vipa3s διάμετρος@nnmsc ὁ@dgfs σφαῖρα@ngfsc ποιέω@vipa1s οὕτως@b ὁ@dafs εἷς@ πλευρά@nafsc ὁ@dgms κύβος@ngmsc ὅστις@rpnfs εἰμί@vipa3s πούς@ngmpc ιβ@an---- ποιέω@vmpa2s ἐπί@p ἑαυτοῦ@rpafs γίγνομαι@vipe3p πούς@nnmpc ρμδ@b οὗτος@annnp- δίς@b γίγνομαι@vipe3s σπή@nnfsc ὅς@rpgmp πλευρόν@nnfsc τετραγωνικός@annfs- γίγνομαι@vipe3s πούς@ngmpc ιξ@b τοσοῦτος@rpgns εἰμί@vipa3s ὁ@dnfs διαγώνιος@nnfsc ὁ@dgms κύβος@ngmsc ὅστις@rpnfs εἰμί@vipa3s διάμετρος@nnmsc ὁ@dgfs σφαῖρα@ngfsc"
"Stereom._2.3.1","κολυμβήθρα@ngfsp καί@cs φρέαρ@ngnsc καί@cs κούππας@nnmsc καί@cs κίων@nnmsc καί@cs τοῖχος@ngmpc καί@cs λίθος@ngmpc καί@cs πηλός@ngmpc καί@cs ὁ@dgmp δοκέω@ngmpc ὁποιοσδηποτοῦν@rpans σχῆμα@nansc ἐάν@cs τις@rpncs εἶπον@vsaa3s ὁ@dans μῆκος@nansc καί@cs ὁ@dans πλάτος@nansc καί@cs ὁ@dans βάθος@nansc ἤ1@cs ὁ@dans ὕψος@nansc ἐάν@cs τις@rpncs ζητέω@vsaa3s πόσος@annnp- κεράμιον@nnnpc χωρέω@vipa3s ἤ1@cs πόσος@rpnmp πούς@nnmpc στερεός@annmp- γίγνομαι@vipe3p εὑρίσκω@vifa1p οὕτως@b πολυπλασιάζω@vipa1s ὁ@dans μῆκος@nansc ἐπί@p ὁ@dans πλάτος@nansc καί@cs ὁ@danp γίγνομαι@vppeanp ἐπί@p ὁ@dans βάθος@nansc ἤ1@cs ἐπί@p ὁ@dans ὕψος@nansc καί@b τοσοῦτος@rpnnp κεράμιον@nnnpc εἰμί@vifm3s ἤ1@cs πούς@nnmpc στερεός@annmp-"
"Stereom._2.4.1","οἷος@anans- εἰμί@vmpa3s κολυμβήθρα@nnfsc καί@cs ἔχω@vmpa3s ὁ@dnns μῆκος@nnnsc πούς@ngmpc ἄν@b ὁ@dnns δέ@b πλάτος@nnnsc πούς@ngmpc ιβ@ ὁ@dnns δέ@b ὕψος@nnnsc ἤτοι@cs ὁ@dnns βάθος@nnnsc πούς@ngmpc ε@p εὑρίσκω@vnaa-- πόσος@annnp- κεράμιον@nanpc χωρέω@vifa3s ἤ1@cs πόσος@annmp- στερεός@annmp- γίγνομαι@vipe3p πούς@nnmpc ποιέω@vmpa2s οὕτως@b πολυπλασιάζω@vipa1s ὁ@dans μῆκος@nansc ἐπί@p ὁ@dans πλάτος@nansc ἤγουν@viia1s ὁ@danp καί@ ἐπί@p ὁ@danp ιβ@ γίγνομαι@vipe3s ὁ@ οὗτος@rpnnp ἐπί@p ὁ@dans βάθος@nansc ἐπί@p ὁ@danp ε@ γίγνομαι@vipe3p αφ@nvmsc τοσοῦτος@ananp- χωρέω@vifa3s κεράμιον@nnfsc"
"Stereom._2.5.1","εἰμί@vmpa3s κολυμβήθρα@nnfsc καί@cs ἔχω@vmpa3s ὁ@dnns μῆκος@nnnsc πούς@ngmpc ῑ@rpdfs ὁ@dnns δέ@b πλάτος@nnnsc πούς@ngmpc ε@ καί@cs ὁ@dnns βάθος@nnnsc πούς@ngmpc δ@b καί@cs μαρμαρώομαι@vmpe3s ζητέω@vipa1s πόσος@anamp- πούς@nampc συνάγω@vipa3s ποιέω@vmpa2s οὕτως@b συντίθημι@vipa1s ὁ@dnnp ῑ@b καί@cs ὁ@dnnp ε@ γίγνομαι@vipe3s ιε@nvmsc οὗτος@rpanp ποιέω@vipa1s δίς@b γίγνομαι@vipe3s λ@ οὗτος@rpanp ἐπί@p ὁ@dans βάθος@nansc ἐπί@p ὁ@damp δ@nampc πούς@nampc γίγνομαι@vipe3s ρκ@nvmsc γίγνομαι@vifm3p ὁ@dnmp τοῖχος@nnmpc ὁ@dgfs κολυμβήθρα@ngfsc ρκ@"
"Stereom._2.5.2","εἰμί@vmpa3s νῦν@b καί@b ὁ@dans ἔδαφος@nansc ὁ@dgfs κολυμβήθρα@ngfsc εὑρίσκω@vnaa-- ποιέω@vmpa2s οὕτως@b πολυπλασιάζω@vipa1s ὁ@dans πλάτος@nansc ἐπί@p ὁ@dans μῆκος@nansc γίγνομαι@vipe3p πούς@nnmpc ἄν@ οὗτος@rpanp προστίθημι@vipa1s ὁ@ddmp ρκ@ γίγνομαι@vipe3s ρο@n---c εἰμί@vifm3s πούς@ngmpc ρο@b"
"Stereom._2.6.1","εἰμί@vmpa3s φρέαρ@nnnsc καί@cs ἔχω@vmpa3s διάμετρος@namsc πούς@ngmpc ε@ καί@cs περιοικοδομέω@vmpe3s τοῖχος@nnmsc ἔχω@vppanms πλάτος@nansc πούς@ngmpc β@ ὁ@dans δέ@b βάθος@nansc πούς@ngmpc καί@ εὑρίσκω@vnaa-- πόσος@rpgmp πούς@ngmpc γίγνομαι@vipe3s ὁ@dnms τοῖχος@nnmsc ποιέω@vmpa2s οὕτως@b ὁ@dgms τοῖχος@ngmsc ὁ@dnns πλάτος@nnnsc δίς@b γίγνομαι@vipe3s δ@b οὗτος@rpanp προστίθημι@vipa1s ὁ@ddfs διάμετρος@andfs- ὁ@ddnp ε@ γίγνομαι@vipe3p πούς@nnmpc θ@cs εἰμί@vmpa3s ὁ@dnfs διάμετρος@nnfsc ὁ@dgms τοῖχος@ngmsc καί@cs ὁ@dgns φρέαρ@ngnsc πούς@ngmpc θ@p οὗτος@rpnnp ἐπί@p ἑαυτοῦ@rpanp γίγνομαι@vipe3s πα@p καί@cs ἀφαιρέω@vipa1s ἀπό@p ὁ@dgnp πα@ ὁ@dafs διάμετρος@nafsc ὁ@dgns φρέαρ@ngnsc ὁ@danp ε@p ἐπί@p ἑαυτοῦ@rpanp γίγνομαι@vipe3s ἄν@x λοιπός@anans- νϛ@vipa3s οὗτος@annnp- ἀεί@b ἑνδεκάκις@b γίγνομαι@vipe3s χιϛ@b οὗτος@angnp- ἀεί@b ὁ@dnns ιε ́@rpnns γίγνομαι@vipe3p μδ@n---c οὗτος@rpanp πολυπλασιάζω@vipa1s ἐπί@p ὁ@dans βάθος@nansc γίγνομαι@vipe3s ωπ@i εἰμί@vifm3s ὁ@dnms τοῖχος@nnmsc στερεός@angmp- πούς@ngmpc ωπ@nnmsc"
"Stereom._2.7.1","εἰμί@vmra3s κοῦππα@namsc καί@cs ἔχω@vmpa3s ὁ@dafs κάτω@b διάμετρος@nafsc πούς@ngmpc ε@ ὁ@dafs δέ@b ἄνω@b πούς@ngmpc γ@ ὁ@dans δέ@b ὕψος@nansc πούς@ngmpc η@ καί@cs ἔχω@vmpa3s ὁ@dams οἶνος@namsc ἕως@cs πούς@ngmpc ϛ@rpdfs πόσος@ananp- οὖν@b κεράμιον@nanpc χωρέω@voaa3s ποιέω@vipa1s οὕτως@b ἀφαιρέω@vipa1s ὁ@danp γ@b ἀπό@p ὁ@dgnp ε@ λοιπός@anans- β@nnfsc οὗτος@rpnnp ἐπί@p ὁ@danp ϛ@rpanp γίγνομαι@vipe3s ιβ@namdc οὗτος@rpgnp ὁ@dnns η ́@ γίγνομαι@vipe3s ᾱ@i οu+2220 ́@n---c καί@b ἀφαιρέω@vipa1s ὁ@dafs ᾱ@i u+2222@n---p ἀπό@p ὁ@dgnp ε@ λοιπός@anans- γ@b u+2222@n---p εἰμί@vifm3s οὖν@b ὁ@dnns πλάτος@nnnsc ἕ@p ὅπου@b ὁ@dnms οἶνος@nnmsc ἀναβαίνω@viia3s πούς@ngmpc γ@b"
"Stereom._2.7.2","καί@b ποιέω@vipa1s ὁ@danp γ@b u+2222@n---p καί@cs ὁ@danp ε@p ὁμοῦ@b γίγνομαι@vipe3p πούς@nnmpc η@ u+2222@n---p ὅς@rpgnp u+2222@nnfpp γίγνομαι@vipe3p δ@b δ ́@b καί@b οὗτος@rpnnp ἐπί@p ἑαυτοῦ@rpanp γίγνομαι@vipe3p πούς@nnmpc ιη@nnfpc ιϛ ́@i οὗτος@annnp- ἑνδεκάκις@b γίγνομαι@vipe3p ρgη@ u+2222@n---p η ́@ ιϛ ́@ οὗτος@angnp- μερίζω@vipa1s ὁ@dans ιε ́@rpans γίγνομαι@vipe3p πούς@nnmpc ιδ@ η ́@b κη ́@nnfsc ριβ ́@nnfpc σκδ ́@nnfpc οὗτος@rpanp ποιέω@vipa1s ἐπί@p ὁ@dans ὕψος@nansc ἐπί@p ὁ@damp ϛ@n---c γίγνομαι@vipe3p πούς@nnmpc πε@anvms- ξ ́@p ριβ ́@nvmsc τοσοῦτος@annnp- κεράμιον@annnp- χωρέω@vifa3s πε@vmpa2s η ́@nvmsc ριβ ́@nvmsc"
"Stereom._2.8.1","εἰμί@vmra3s κοῦππα@nnfsc καί@cs ἔχω@vmpa3s ὁ@dafs ἄνω@b διάμετρος@nafsc πούς@ngmpc ϛ@rpdfs καί@cs ὁ@dafs κάτω@b διάμετρος@nafsc πούς@ngmpc η@ ὁ@dnns δέ@b ὕψος@nnnsc πούς@ngmpc ῑ@vspa3s εὑρίσκω@vnaa-- πόσος@ananp- κεράμιον@nanpc χωρέω@vifa3s ποιέω@vipa1s οὕτως@b συντίθημι@vipa1s ὁ@dafs ἄνω@b διάμετρος@nafsc καί@cs ὁ@dafs κάτω@b γίγνομαι@vipe3p ιδ@anafs- ὅς@b ὁ@dans u+2222@n---p γίγνομαι@vipe3s ζ@nnmsc οὗτος@rpnnp ἐπί@p ἑαυτοῦ@rpanp γίγνομαι@vipe3p πούς@nnmpc μθ@b οὗτος@annnp- ἑνδεκάκις@b γίγνομαι@vipe3p φλθ@b οὗτος@angnp- ὁ@dnns ιε ́@rpnns γίγνομαι@vipe3p πούς@nnmpc λη@nnfsc u+2222@n---p οὗτος@rpanp ποιέω@vipa1s ἐπί@p ὁ@dans ὕψος@nansc ἐπί@p ὁ@damp ῑ@i πούς@nampc γίγνομαι@vipe3p τπε@rpnmp τοσοῦτος@rpnnp κεράμιον@nanpc χωρέω@vifm2s τπε@vmaa2s"
"Stereom._2.9.1","εἰμί@vmpa3s βούττις@nnfsc καί@cs ἔχω@vmpa3s ὁ@dafs ἄνω@b διάμετρος@nafsc πούς@ngmpc ϛ@vspa3s ὁ@dafs δέ@b μέσος@anafs- πούς@ngmpc η@ ὁ@dnns δέ@b ὕψος@nnnsc πούς@ngmpc ῑ@vspa3s εὑρίσκω@vnaa-- πόσος@annnp- κεράμιον@annnp- χωρέω@vipa3s ποιέω@vipa1s οὕτως@b συντίθημι@vipa1s ὁ@dafs μέσος@anafs- διάμετρος@nafsc καί@cs ὁ@dafs ἄνω@b ὁμοῦ@b γίγνομαι@vipe3p πούς@nnmpc ιδ@n---c ὅς@rpgmp u+2222@ γίγνομαι@vipe3p πούς@nnmpc ζ@ οὗτος@rpnnp ἐπί@p ἑαυτοῦ@rpanp γίγνομαι@vipe3p πούς@nnmpc μθ@b οὗτος@annnp- ἑνδεκάκις@b γίγνομαι@vipe3p πούς@nnmpc φλθ@annmp- ἄρτι@b μερίζω@vipa1s ὅς@rpgnp ιε ́@vipa3s γίγνομαι@vipe3p πούς@nnmpc λη@nnfsc u+2222@n---p οὗτος@rpanp ποιέω@vipa1s ἐπί@p ὁ@dans ὕψος@nansc ὁ@damp ῑ@i πούς@nampc γίγνομαι@vipe3p τπε@rpnmp τοσοῦτος@ananp- κεράμιον@ananp- χωρέω@vipa3s ὁ@dnfs βούττις@nnfsc"
"Stereom._2.10.1","εἰμί@vmpa3s κίων@nnmsc ὅς@rpgms μῆκος@nnnsc πούς@ngmpc κδ@ διάμετρος@nnmsc ὁ@dnfs ἐν@p ὁ@ddfs ῥίζα@ndfsc πούς@ngmpc γ@ ὁ@dnfs δέ@b ἐν@p ὁ@ddms αὐχήν@ndmsc πούς@ngmpc β@ u+2220 ́@ δ ́@b ποιέω@vipa1s οὕτως@b συντίθημι@vmaa2s ὁ@dafp δύο@ διάμετρος@nafpc γίγνομαι@vipe3p ε@ u+2222@n---p δ ́@b ὅς@rpgnp u+2222@n---p γίγνομαι@vipe3p β@ u+2222@n---p δ ́@b η ́@ οὗτος@rpnnp ἐπί@p ἑαυτοῦ@rpanp γίγνομαι@vipe3p πούς@nnmpc η@dnfs δ ́@x ξδ ́@b οὗτος@rpanp ποιέω@vmpa2s ἑνδεκάκις@b γίγνομαι@vipe3p u+2222@n---p δ ́@x λβ ́@nnfpc ξδ ́@nafsc ὅς@rpgnp ιε ́@nafsc γίγνομαι@vipe3p ϛ@i u+2222@nvmsp παρά@p ιϛ ́@i οὗτος@rpnnp ἐπί@p ὁ@dans μῆκος@nansc γίγνομαι@vipe3p ρνϛ@i τοσοῦτος@rpgmp πούς@ngmpc εἰμί@vifm3s"
"Stereom._2.11.1","ἀπό@p δέ@b περίμετρον@angns- εἰμί@vmpa3s κίων@nnmsc ὅς@rpgms ὁ@dnns μέν@b μῆκος@nnnsc πούς@ngmpc κδ@ ὁ@dnfs δέ@b περίμετρος@nnmsc πούς@ngmpc θ@x δ ́@ η ́@ ιε ́@ κθʹ@nnfsc λβ ́@ ξγʹ@ ρκθʹ@annfs- υμζʹ@annfs- ὁ@dnfs δέ@x ἐλάσσων@annfsc πούς@ngmpc η@ u+222@n---p συντίθημι@vmaa2s ὁ@dafp β@ περίμετρον@anafp- γίγνομαι@vipe3p ιη@nvfsc ιϛʹ@i λβʹ@n---c ρκθʹ@nvfsc σκδ ́@nafsc ὅς@rpgnp u+2222@n---p γίγνομαι@vipe3p θ@x καί@cs μ@rpafs ο@dnmp λβ ́@ ξδ ́@ σνϛʹ@ndfsc υμη ́@nvmsc οὗτος@rpnnp ἐπί@p ἑαυτοῦ@rpanp γίγνομαι@vipe3p πα@p u+2220 ́@n---p οὗτος@rpnnp ἑπτάκις@b γίγνομαι@vipe3p πούς@nnmpc φ@rpnmd u+2220 ́@n---p μερίζω@vmaa2s εἰς@p ὁ@dams πη@nanpc γίγνομαι@vipe3p ϛ@dnfs ε#@b θʹ@ πηʹ@nnfsc ρος ́@nnmsc οὗτος@rpnnp ἐπί@p ὁ@dans μῆκος@nansc γίγνομαι@vipe3p ρνϛ@i"
"Stereom._2.12.1","κίων@nnmsp ὅς@rpgms ὁ@dnns μῆκος@nnnsc πούς@ngmpc κδ@p διάμετρος@nnmsc ὁ@dnfs μέν@b πρός@p ῥίζα@ndfsc πούς@ngmpc γ@ ὁ@dnfs δέ@b πρός@p κορυφή@nafsc πούς@ngmpc β@ δ ́@b εὑρίσκω@vnaa-- ὁ@dans στερεός@anans- ποιέω@vmpa2s οὕτως@b ὁ@dafs διάμετρος@nafsc ἐπί@p ἑαυτοῦ@rpafs γίγνομαι@vipe3s θ@n---c ἐπί@p ὁ@dans μῆκος@nansc γίγνομαι@vipe3s σιϛ@vipa3s ὅς@rpgmp δ ́@b γίγνομαι@vipe3p νδ@b ὅς@rpgfp u+2222@n---p γίγνομαι@vipe3p κζ@nnfpc ὁμοῦ@b γίγνομαι@vipe3p πα@nnmsc αἴρω@vmaa2s ἀπό@p ὁ@dgnp σιϛ@vipa3s ὁ@rpanp πα@ λοιπός@anans- ρλε@vmpa2s"
"Stereom._2.13.1","λίθος@ngmsp μῆκος@nnnsc πούς@ngmpc η@ πλάτος@nansc πούς@ngmpc ε@ πάχος@nnnsc πούς@ngmpc δ@x ποιέω@vmpa2s διά@p ἀλλήλων@rpgmp γίγνομαι@vipe3p ρξ@b τοσοῦτος@rpgmp πούς@ngmpc εἰμί@vipa3s ὁ@dans στερεός@annns- ὁ@dgms λίθος@ngmsc"
"Stereom._2.14.1","λίθος@ngfsp μῆκος@nnnsc πούς@ngmpc ϛ@vspa3s ε#@b πλάτος@nansc πούς@ngmpc δ@b η#@ πάχος@nnnsc πούς@ngmpc β@ γʹ@ ποιέω@vipa1s οὕτως@b ὁ@danp ϛ@rpanp ε#@b εἰς@p δ@ γίγνομαι@vipe3s ἄν@x καί@b ὁ@danp δ@b η#@ εἰς@p η@ γίγνομαι@vipe3s λγ@nnfsc καί@cs ὁ@danp β@ γʹ@b εἰς@p γ@b γίγνομαι@vipe3s ζ@rpnns καί@b ὁ@dnnp μέρος@nnnpc διά@p ἀλλήλων@rpgmp γίγνομαι@vipe3s u+aratcϛ@i νῦν@b πολυπλασιάζω@vipa1s ὁ@danp καί@b ἐπί@p ὁ@danp λγ@ γίγνομαι@vipe3s κε@vira3s καί@cs ἐπί@p ὁ@dans πάχος@nansc ἐπί@p ὁ@danp ζ@anans- γίγνομαι@vipe3p εψοε@vmaa2s ὅς@rpgnp u+a7fcϛʹ@n---p γίγνομαι@vipe3p ξ@ η#@ λβʹ@"
"Stereom._2.15.1","λίθος@ngfsp μῆκος@nnnsc πούς@ngmpc ζ@ η ́@ πλάτος@nnnsc πούς@ngmpc δ@x ε#@ πάχος@nnnsc πούς@ngmpc β@ θʼ@x ποιέω@vmpa2s οὕτως@b ὁ@danp ζ@an---- ηʹ@ εἰς@p ζ@ γίγνομαι@vipe3s ἄν@n---c καί@b ὁ@danp δ@b ε#@ εἰς@p ε@ γίγνομαι@vipe3p καί@b καί@cs ὁ@rpanp β@ θʼ@rpa-s εἰς@p θ@ γίγνομαι@cs ιθ@vofm3p καί@b ὁ@dnnp μέρος@nnnpc διά@p ἀλλήλων@rpgmp γίγνομαι@vipe3p τίω@vopa3p πολυπλασίαζε@vmpa2s νῦν@b ὁ@danp ἄν@ ἐπί@p ὁ@danp καί@ γίγνομαι@vipe3s αν@ καί@b ἐπί@p ὁ@dafs ιθ@ γίγνομαι@vipe3p α@i θ@ ϡν@x μερίζω@vmpa2s παρά@p ὁ@danp τίω@rpanp γίγνομαι@vipe3p ξγ@p γʹ@b τοσοῦτος@rpgmp πούς@ngmpc εἰμί@vifm3s ὁ@dans στερεός@annns- ὁ@dgms λίθος@ngmsc"
"Stereom._2.16.1","λίθος@ngfsp μῆκος@nnnsc πούς@ngmpc ε@ η#@ πλάτος@nnnsc πούς@ngmpc γ@ u+2222@ δ ́@b πάχος@nnnsc β@ndfsc ιϛʹ@n---c ποιέω@vmpa2s οὕτως@b ὁ@danp ε@ η#@ εἰς@p η@ γίγνομαι@vipe3s μα@i καί@cs ὁ@damp γ@b u+2222@vmpa2s ε#@x εἰς@p δ@ γίγνομαι@vipe3s ιε@nvmsc καί@cs ὁ@rpamp β@vmaa2p ιϛʹ@vipa3s εἰς@p ιϛ@ndfsc γίγνομαι@vipe3s λγ@nnfsc καί@b ὁ@dnnp μόριον@nnnpc διά@p ἀλλήλων@rpgmp γίγνομαι@vipe3s φιβ@nnfpc νῦν@b πολυπλασίαζε@vmpa2s ὁ@danp μα@b ἐπί@p ὁ@danp ιε@annfp- γίγνομαι@vipe3s χιον@namdc καί@b ἐπί@p ὁ@danp λγ@ γίγνομαι@vipe3p β@ σu+a7fcε@nvmsc ὅς@rpgnp φιβʹ@nanpc γίγνομαι@vipe3p λθ@p u+2222@n---p η ́ογ ́@an----"
"Stereom._2.17.1","λίθος@ngmsp μειούρος@ngmsc ὁ@dnns μῆκος@nnnsc πούς@ngmpc η@ πλάτος@nnnsc ὁ@dnns μέγας@annnsc πούς@ngmpc γ@ ὁ@dnns δέ@b ἐλάσσων@annnsc πούς@ngmpc β@vmpa2s ποιέω@vipa3s ὁ@danp μέγας@ananpc πάχος@nanpc διά@p ἀλλήλων@rpgmp γίγνομαι@vipe3s θ@ καί@b ὁ@damp β@vmpa2s διά@p ἀλλήλων@rpgmp γίγνομαι@vipe3s δ@b συντίθημι@vmaa2s γίγνομαι@vipe3s ιγ@vmra2s ὅς@rpgfp γίνονται@n---p ϛ u+2222@n---c καί@b ἐπί@p ὁ@dans μῆκος@nansc γίγνομαι@vipe3s νβ@ τοσοῦτος@rpgms ὁ@dans στερεός@anans- ὁ@dgms λίθος@ngmsc"
"Stereom._2.18.1","σκούτλης@ngfsp μῆκος@nansc πούς@ngmpc η@ ε#@ πλάτος@nansc πούς@ngmpc ε@ u+2222@n---p ϛ ́@ ποιέω@vmpa2s οὕτως@b ὁ@damp η@ u+2222@vmpa2s ε#@x εἰς@p δ@ γίγνομαι@vipe3s λε@b καί@b ὁ@damp ε@ u+2222@n---p ϛʹ@i εἰς@p ϛ@rpanp γίγνομαι@vipe3p λδ@nnfpc καί@b ὁ@dnnp μόριον@nnnpc διά@p ἀλλήλων@rpgmp γίγνομαι@vipe3p κδ@n---c νῦν@b πολυπλασίαζε@vmpa2s ὁ@danp λε@ ἐπί@p ὁ@danp λδ@ γίγνομαι@vipe3s αρu+a7fc@n---c ὅς@rpgnp κεδέω@p γίγνομαι@vipe3p μθ@p u+2222@n---p ιβ ́@n---c τοσοῦτος@rpgmp πούς@ngmpc εἰμί@vifm3s ὁ@dans στερεός@anans- ὁ@dgfs σκούτλης@ngfsc"
"Stereom._2.19.1","σκούτλης@ngfsp τρίγωνον@angfs- ὀξύς2@angfs- μῆκος@nansc πούς@ngmpc ζ@ γʹ@ πλάτος@nansc πούς@ngmpc δ@x δ ́@x ποιέω@vmpa2s οὕτως@b ὁ@rpamp ζ@vmpa2s γʹ@vmpa2s ἐπί@p ὁ@rpanp γ@x γίγνομαι@vipe3s κβ@nnfsc καί@b ὁ@damp δ@b δ ́@b ἐπί@p ὁ@danp δ@ γίγνομαι@vipe3s ιζ@viia3s ὅς@rpgfp u+2222@n---p γίγνομαι@vipe3p η@ u+2222@n---p καί@b ὁ@dnnp μόριον@nnnpc διά@p ἀλλήλων@rpgmp γίγνομαι@vipe3s ιβ@namdc νῦν@b πολυπλασίαστος@vmaa2s ὁ@danp κβ@nanpc ἐπί@p ὁ@danp u+2222@n---p γίγνομαι@vipe3p ρπζ@b μερίζω@vmpa2s παρά@p ὁ@danp ιβ@n---c γίγνομαι@vipe3s ιε@viia3s γ ́@b ε#@b τοσοῦτος@rpgmp πούς@ngmpc εἰμί@vifm3s"
"Stereom._2.20.1","εἰμί@vmpa3s κίων@nnmsc τετράγωνος@annms- ὅς@rpgms ὁ@dnfp περί@p ὁ@dafs βάσις@nafsc πλευρά@nnfpc ἐκ@p πούς@ngmpc δ@b ὁ@dnfp περί@p ὁ@dafs κορυφή@nafsc ἐκ@p πούς@ngmpc γ@ μῆκος@nnnsc πούς@ngmpc λ@an---- εὑρίσκω@vnaa-- αὐτός@rpgms ὁ@dans στερεός@anans- ποιέω@vmpa2s οὕτως@b ὁ@damp ἐν@p ὁ@ddfs βάσις@ndfsc πούς@nampc διά@p ἀλλήλων@rpgmp γίγνομαι@vipe3s ιϛ@i ὅμοιος@b καί@b ὁ@damp ἐν@p ὁ@ddfs κορυφή@ndfsc διά@p ἀλλήλων@rpgmp γίγνομαι@vipe3s θ@n---c"
"Stereom._2.21.1","ὤατος@namsp δέ@b μετρέω@vnaa-- ὅς@b ὁ@dnfs κάτω@b διάμετρος@nnmsc πούς@ngmpc ε@ καί@cs ὁ@dnfs ἄνω@b διάμετρος@nnmsc πούς@ngmpc γ@b εὑρίσκω@vnaa-- πόσος@anamp- κύαθος@nampc χωρέω@vifa3s ποιέω@vmpa2s οὕτως@b συντίθημι@vmaa2s ὁ@dafp δύο@ διάμετρος@nafpc ὁμοῦ@b γίγνομαι@vipe3s πούς@nnmpc η@ ὅς@rpgmp γίνονται@ πούς@nnmpc δ@b οὗτος@ananp- κύβισος@vmaa2s γίγνομαι@vipe3p πούς@nnmpc ξδ@p οὗτος@annnp- ἐνδεκάκις@b γίγνομαι@vipe3p πούς@nnmpc ψδ@b οὗτος@rpgnp ὁ@dnns μβ ́@ γίγνομαι@vipe3p πούς@nnmpc ιϛ@rpdfs u+2222@n---p η ́@ ιε ́@cs κα ́@b τοσοῦτος@rpamp κύαθος@nampc χωρέω@vifa3s"
"Stereom._2.22.1","πιθοειδής@anans- σχῆμα@nansc μετρέω@vifa1p ὅς@rpgms ὁ@dnfs μέν@b μέγας@annfsc διάμετρος@nnmsc πούς@ngmpc δ@b ὁ@dnfs δέ@b μικρός@annfsc πούς@ngmpc γ@b εὑρίσκω@vnaa-- πόσος@anafp- χωρέω@vifa3s ἀμφορεύς@nafpc ποιέω@vmpa2s οὕτως@b συντίθημι@vipa1s ὁ@dafp β@ διάμετρος@anafp- γίγνομαι@vipe3s ζ@rpnns ὅς@rpgfp γίνονται@n---p γ@b u+2222@n---p οὗτος@rpnnp ἐπί@p ἑαυτοῦ@rpanp γίγνομαι@vipe3s ιβ@vipe1s ε#@b οὗτος@annnp- ἑνδεκάκις@b γίγνομαι@vipe3p πούς@nnmpc ρλε@anvms- ὅς@rpgnp ὁ@dnns ιεʹ@n---c γίγνομαι@vipe3p πούς@nnmpc θ@b u+2222@n---p η ́@ τοσοῦτος@anamp- ἀμφορεύς@anamp- χωρέω@vipa3s ἔχω@vipa3s δέ@b ὁ@dnms ἀμφορεύς@nnmsc ξέστης@nampc ἰταλικός@anamp- ἀριθμός@namsc μη@b"
"Stereom._2.23.1","πίθος@ngmsp σφαιροειδής@ngfsc ὁ@dnfs πρός@p ὁ@dans χεῖλος@nansc διάμετρος@nnfsc πούς@ngmpc ε@ ὁ@dnns δέ@b βάθος@nnnsc πούς@ngmpc η@ εὑρίσκω@vnaa-- πόσος@anamp- ἀμφορεύς@nampc χωρέω@vipa3s ποιέω@vipa1s οὕτως@b ὁ@dgfs διάμετρος@ngfsc ὁ@dans u+2222@n---p γίγνομαι@vipe3p πούς@nnmpc β@ u+2222@n---p οὗτος@rpanp ποιέω@vipa1s τρισσάκις@b γίγνομαι@vipe3p πούς@nnmpc ζ u+2222@n---c οὗτος@rpdnp προστίθημι@vipa1s ὁ@dans βάθος@nansc ὁμοῦ@b γίγνομαι@vipe3p πούς@nnmpc ιε@anvms- u+2222@n---p οὗτος@rpnnp ἐπί@p ἑαυτοῦ@rpanp γίγνομαι@vipe3p πούς@nnmpc σμ@nnnsc δ ́@b οὗτος@annnp- ἑνδεκάκις@b γίγνομαι@vipe3p πούς@nnmpc βχμβμβ@nnmpc u+2222@n---p δ ́@b ἄρτι@b μερίζω@vipa1s ὅς@rpgfp κʹ@b γίγνομαι@vipe3p πούς@nnmpc ρκε@anvms- u+2222@ γʹ@b πγʹ@ τοσοῦτος@anamp- ἀμφορεύς@anafp- χωρέω@vifm2s διότι@cs ὁ@dnms πούς@annms- ὁ@dnms στερεός@annms- χωρέω@vipa3s ἀμφορίσκος@namsc α@"
"Stereom._2.24.1","ἄλλος@ngmsp πίθος@ngmsc ὁ@dnfs κάτω@b διάμετρος@nnmsc πούς@ngmpc β@ u+2222@n---p ὁ@dnfs δέ@b ἄνω@b πούς@ngmpc γ@b ὁ@dnns δέ@x βάθος@nnnsc ἔχω@vipa3s πούς@nampc ϛ@rpdms εὑρίσκω@vnaa-- πόσος@anamp- ἀμφορεύς@nampc χωρέω@vipa3s ποιέω@vipa1s οὕτως@b συντίθημι@vmaa2s ὁ@dafp β@ διάμετρος@anafp- γίγνομαι@vipe3p πούς@nnmpc ε@i u+2222@n---p ὅς@rpgnp γίνονται@n---p β@ u+2222@n---p δ ́@b οὗτος@rpnnp ἐπί@p ἑαυτοῦ@rpanp γίγνομαι@vipe3p πούς@nnmpc ζ@ u+2222@n---p ιϛ ́@i οὗτος@rpanp ἐπί@p ὁ@dans βάθος@nansc ἐπί@p ὁ@damp ϛ@anamp- πούς@nampc γίγνομαι@vipe3p ἐγώ@rpacs ε#@b η ́@ οὗτος@annnp- ἑνδεκάκις@b γίγνομαι@vipe3p πούς@nnmpc υu+a7fcθ@n---c η ́@ ἄρτι@b μερίζω@vipa1s ὅς@rpgmp ιε ́@cs γίγνομαι@vipe3p πούς@nnmpc λε@ u+2222@n---p ηʹ@ ριβʹ@nvmsc τοσοῦτος@rpamp ἀμφορίσκος@nampc χωρέω@vifa3s ὁ@dnms δέ@x ἀμφορίσκος@annms- ἔχω@vipa3s πούς@namsc α@anams- στερεός@anams- χωρέω@vipa3s δέ@x ὁ@dnms στερεός@annms- πούς@annms- ξέστης@nampc ἰταλικός@anamp- ἀριθμός@ndmsc μη@x γίγνομαι@vipe3p μόδιος@nnmpc γ@x ἕκαστος@annms- μόδιος@nnmsc ἐκ@p ξέστης@angnp- ἰταλικός@angnp- ἀριθμός@ndmsc ιϛ@vipa3s"
"Stereom._2.25.1","εἰμί@nnmsp λουτήρ@nnmsc στρογγύλος@annms- ὅς@rpgms ὁ@dnfs κάτω@b διάμετρος@nnmsc πούς@ngmpc ε@vipa3s ὁ@dnfs δέ@b ἄνω@b πρός@p ὁ@dans χεῖλος@nansc πούς@ngmpc ι@rpdms ὁ@dnns δέ@b βάθος@nnnsc πούς@ngmpc ϛ@rpdms εὑρίσκω@vnaa-- αὐτός@rpgms ὁ@dans στερεός@anans- ποιέω@vipa1s οὕτως@b ὁ@danp ε@p ἐπί@p ἑαυτοῦ@rpanp γίγνομαι@vipe3s ἄν@x καί@b ὁ@dnfp ι@dnfp ἐπί@p ἑαυτοῦ@rpanp γίγνομαι@vipe3s ρ@ ὁμοῦ@b ρκε@vmpa2s καί@b ποιέω@vipa1s ὁ@danp ε@b ἐπί@p ὁ@dafp ι@ γίγνομαι@vipe3s ἄν@n---c οὗτος@ananp- προστίθημι@vipa1s ὁ@ddmp ρκε@ ὁμοῦ@b γίγνομαι@vipe3p πούς@nnmpc ροε@anvms- οὗτος@angnp- λαμβάνω@vipa1s ὁ@dans γʹ@b μέρος@nansc γίγνομαι@vipe3p πούς@nnmpc ναῦς@annnp- γ ́@b οὗτος@rpanp ποιέω@vipa1s ἐπί@p ὁ@dans βάθος@nansc ἐπί@p ὁ@damp ϛ@anamp- πούς@nampc γίγνομαι@vipe3p πούς@nnmpc ὁ@b εἰμί@vifm3p στερεός@annmp- πούς@nnmpc ὁ@dams καί@cs χωρέω@vifa3s κεράμιον@nnnpc ὁ@"
"Stereom._2.26.1","εἰμί@vmpa3s κολυμβήθρα@nnfsc καί@cs ἔχω@vmpa3s ὁ@dnns μῆκος@nnnsc πούς@ngmpc ἄν@b ὁ@dnns δέ@b πλάτος@nnnsc πούς@ngmpc ιβ@ ὁ@dnns δέ@b ὕψος@nnnsc πούς@ngmpc ε@p εὑρίσκω@vnaa-- πόσος@annnp- κεράμιον@nanpc χωρέω@vifa3s ἤ1@cs πόσος@annmp- πούς@nnmpc στερεός@annmp- γίγνομαι@vipe3p ποιέω@vmpa2s οὕτως@b πολυπλασιάζω@vipa1s ὁ@danp ιβ@nanpc ἐπί@p ὁ@rpanp ἄν@x γίγνομαι@vipe3s ὁ@ οὗτος@rpnnp ἐπί@p ὁ@dans βάθος@nansc ἐπί@p ὁ@danp ε@ γίγνομαι@vipe3p αφ@nvmsc τοσοῦτος@ananp- χωρέω@vifa3s κεράμιον@nnfsc"
"Stereom._2.27.1","ἀπό@p σκιά@ngfsc εὑρίσκω@vnaa-- κίων@ngmsc μέγας@angms- ἤ1@cs δένδρον@ngnsc ὑψηλός@angns- ὁ@dans ὕψος@nansc ἀπό@p ὥρα@ngfsc ε#@ ἕως@p ὥρα@ngfsc ηʹ@ ὅτε@cs μικρός@anafs- ὁ@dafs σκιά@nafsc ἔχω@vipa3s ποιέω@vipa1s οὕτως@b τίθημι@vmaa2s εἰς@p ὁ@dams ἥλιος@namsc ῥάβδος@nafsc ἴσος@anafs- δίπηχυς@nafsc πλησίος@b ὁ@dgns δένδρον@ngnsc ἤ1@cs κίων@ngmsc καί@cs ὁράω@vmaa2s πόσος@anafs- σκιά@nafsc ποιέω@vipa3s καί@cs νομίζω@vmpa2s ὅτι@cs ποιέω@viaa3s ὁ@dafs σκιά@nafsc πούς@ngmpc ϛ@rpdfs δῆλος@annns- ὅτι@cs διπλασίων@anafsc ἀναλογία@nafsc ἔχω@vipa3s ὁ@dnfs σκιά@nnfsc πρός@p ὁ@dafs ῥάβδος@nafsc"
"Stereom._2.27.2","μετρέω@vsaa1p οὖν@b ὁ@dgms κίων@ngmsc ἤ1@cs δένδρον@ngnsc ὁ@dafs σκιά@nafsc καί@cs εὑρίσκω@viap3p νομίζω@b πούς@nnmpc ρ@ λέγω3@vipa1s ὅτι@cs ἄν@p πούς@nampc ἔχω@vipa3s ὥσπερ@cs καί@b ἐπί@p ὁ@dgfs ῥάβδος@ngfsc διπλασίων@anafsc ἀναλογία@nafsc ἔχω@vipa3s ὁ@dnfs σκιά@nnfsc οὕτως@b καί@b ἐπί@p ὁ@dgms κίων@ngmsc ἤτοι@cs ἐπί@p ὁ@dgns δένδρον@ngnsc ὁ@ddms διαλογισμός@ndmsc καίτοι@b διάφορος@annmp- εὑρίσκω@vipe3p ὥσπερ@cs οὖν@b ἐνταῦθα@b ὁ@danp μέν@b οἷος@rpams λόγος@namsc ἔχω@vipa3s ὁ@dnfs ῥάβδος@nnfsc πρός@p ὁ@dafs ἀπό@p ἑαυτοῦ@rpgfs σκιά@nafsc οὕτως@b καί@b ὁ@dnns δένδρον@nnnsc πρός@p ὁ@dafs ἀπό@p ἑαυτοῦ@rpgms σκιά@nafsc καί@cs ὁ@dnms κίων@nnmsc"
"Stereom._2.28.1","ἐάν@nafsp ψαλίς@nnfsc ὅς@rpnfs ἐγγράφω@vprenfs εἰμί@vipa3s ἐν@p τετράγωνος@andns- οὗτος@anafs- μετρέω@vsaa1p οὕτως@b εἰμί@vmpa3s γάρ@b αὐτός@rpgfs ὁ@dnns μέν@b μῆκος@nnnsc πούς@ngmpc καί@dnfs ὁ@dnns δέ@b πλάτος@nnnsc πούς@ngmpc ιβ@ ὁ@dnns δέ@b βάθος@nnnsc πούς@ngmpc ε@ ὁ@dgfs μέν@b ψαλίς@ngfsc ὁ@dnfs βάσις@nnfsc πούς@ngmpc δ@ ὁ@dnfs δέ@b ὁ@dgfs καμάρα@ngfsc πούς@ndmsc ιϛ@vspa3s ὁ@dnfs δέ@b κάθετος@annfs- πούς@ngmpc ιδ@ ὁ@dnns δέ@b βάθος@nnnsc πούς@ngmpc β@ ὁ@dgms δέ@b προσβάλλω@vpregms τετράγωνος@ngmsc ὁ@dnns μῆκος@nnnsc πούς@ngmpc ε@ ὁ@dnns δέ@b πλάτος@nnnsc ἀνά@p πούς@ngmpc δ@n---c ὁ@dnns δέ@b βάθος@nnnsc πούς@ngmpc γ@b"
"Stereom._2.28.2","μετρέω@vifa1p οὕτως@b ὁ@dans τετράγωνος@anans- ὅλος@anans- μετρέω@vsaa1p πρῶτος@anans- κατά@p ἴδιος@anafs- οὕτως@b ὁ@danp ιβ@ ἐπί@p ὁ@danp καί@ γίγνομαι@vipe3p σνβ@nnmpc οὗτος@rpanp πολυπλασίαστος@vmaa2s ἐπί@p ὁ@dans βάθος@nansc"
"Stereom._2.28.3","ἐπί@p ὁ@danp ε@ γίγνομαι@vipe3p ασξ@nnfsc αὐτός@anafs- πάλιν@b μετρέω@vnaa-- ὁ@dafs ψαλίς@nafsc κατά@p ἴδιος@anafs- μετρέω@vsaa1p δέ@b αὐτός@rpafs οὕτως@b συντίθημι@vmaa2s ὁ@dafs κάθετος@anafs- ὁ@danp ιδ@an---- καί@cs ἔτι@b ὁ@dafs βάσις@nafsc ὁ@dgfs καμάρα@ngfsc ὁ@dnfp ιϛ@ εἰς@p ὁ@dans αὐτός@rpans γίγνομαι@vipe3s λ@ οὗτος@rpgnp ὁ@dnns u+2222@n---p ιε@viia3s οὗτος@rpanp πολυπλασίαστος@vmaa2s ἐπί@p ὁ@dafs κάθετος@anafs- ὁ@dgfs καμάρα@ngfsc ἐπί@p ὁ@danp ιδ@ γίγνομαι@vipe3p σύ@vipa3p οὗτος@annnp- δίς@b γίγνομαι@vipe3s υκ@nnfpc οὗτος@rpanp ἀφαιρέω@vipa1p ἀπό@p ὁ@dgms ὅλος@angms- τετράγωνος@angms- ἀπό@p ὁ@dgnp ασξ@an---- λοιπός@annns- ωμ@nnnsc τοσοῦτος@rpgmp πούς@ngmpc εἰμί@vifm3s ὁ@dans λοιπός@annns- τετράγωνος@annns- ἄνευ@p ὁ@dgfs καμάρα@ngfsc"
"Stereom._2.28.4","ὁ@dans ἔξωθεν@b μετρέω@vsaa1p τετράγωνος@anans- ὁ@dans προσβάλλω@vpreans τουτέστι@vipa3s ὁ@dnnp δ@b ἐπί@p ὁ@danp ε@ γίγνομαι@vipe3s καί@b οὗτος@rpanp πάλιν@b ἐπί@p ὁ@dans βάθος@nansc πολυπλασίαστος@vmaa2s ἐπί@p ὁ@danp γ@ γίγνομαι@vipe3p ξ@n---c οὗτος@rpanp προστίθημι@vifa1p ὁ@ddmp ωμ@ γίγνομαι@vipe3s ϡ@i καί@cs τοσοῦτος@rpgmp πούς@ngmpc εἰμί@vifm3s ὁ@dgns σχῆμα@ngnsc ὁ@dnns ἐμβαδόν1@b σύν@p ὁ@ddfs ψαλίς@ndfsc"
"Stereom._2.28.5","ἐάν@cs δέ@b μέγας@annmsc ἡμικύκλιον@ngnsc λαμβάνω@vmaa2s ὁ@dgfs ψαλίς@ngfsc ὁ@dans κʹ@ μέρος@nansc οἷος@rpans ἄν@b ὁ@dnns σχῆμα@nnnsc καί@cs προστίθημι@vmpa2s πρός@p ὁ@dans ὅλος@anans- ἐμβαδόν@b καί@b τοσοῦτος@rpgmp πούς@ngmpc εἰμί@vifm3s ὁ@dnns σχῆμα@nnnsc ἐάν@cs δέ@b εἰμί@vspa3s μείων@annmsc ἡμικύκλιον@ngnsc ἄν@cs τε@cs ἡμικύκλιον@nnnsc ὅμοιος@b μετρέω@vsaa1p καί@cs ἐάν@cs δύο@an---- εἰμί@vspa3s τετράγωνος@annnp- προσβάλλω@vprennp ὡσαύτως@b μετρέω@vsaa1p ὡς@cs προγράφω@vire3s"
"Stereom._2.29.1","εἰμί@vmra3s ψαλίς@nnfsc ὅς@rpgfs ὁ@dnfs βάσις@nnfsc πούς@ngmpc ιδ@ ὁ@dnfs δέ@b κάθετος@annfs- πούς@ngmpc ζ@ ὁ@dans δέ@b βάθος@nansc ἔχω@vmpa3s ὁ@dnms κατακλείω@vppenms σφός@rpafs πούς@ngmpc β@ ὁ@dnns πάχος@nnnsc α@ u+2222@n---p εὑρίσκω@vnaa-- ὁ@dafs περίμετρον@nafsc καί@cs ὁ@dans στερεός@anans- συντίθημι@vmaa2s ὁ@danp ιδ@ καί@cs ὁ@danp ζ@ γίγνομαι@vipe3s καί@b οὗτος@andnp- προστίθημι@vmaa2s καθόλου@x ὁ@dans ἴδιος@anans- καί@x γίγνομαι@vipe3s α@ ὁμοῦ@b γίγνομαι@vipe3s κβ@ngfpc πούς@ngmpc ὁ@dnfs περίμετρος@nnfsc καί@cs πολυπλασιάζω@vipa1s ὁ@danp β@ ἐπί@p ὁ@dams α@an---- u+2222@n---p γίγνομαι@vipe3s γ@b οὗτος@rpnnp ἐπί@p ὁ@danp κβ@n---c γίγνομαι@vipe3s ξϛ@p πούς@ngmpc ὁ@dans στερεός@annns-"
"Stereom._2.30.1","ἐάν@cs δέ@b εἰμί@vspa3s μέγας@annfsc καμάρα@nnfsc καί@cs εἰμί@vspa3s ἐν@p αὐτός@rpdfs ἕτερος@annfs- ἐγγράφω@vprenfs καμάρα@nnfsc καί@cs εἰμί@vspa3p ὁ@dgfs μέν@b μέγας@angfsc καμάρα@ngfsc ὁ@dnfp μέν@b ἄνωθεν@b ἀνά@p πούς@ngmpc β@ ὁ@dnfs δέ@b βάσις@nnfsc πούς@ngmpc καί@ ὁ@dnfs δέ@b κάθετος@annfs- πούς@ndmsc ι@ndfsc ὁ@dgfs δέ@b ἐλάσσων@ang-sc καμάρα@ngfsc ὁ@dnfs μέν@b βάσις@nnfsc πούς@ndmsc ιϛ@n---c ὁ@dnfs δέ@b κάθετος@annfs- πούς@ngmpc η@ οὗτος@rpafs μετρέω@vsaa1p οὕτως@b συντίθημι@vpaanmp ὁ@dgfs μέγας@angfsc καμάρα@ngfsc ὁ@dafs βάσις@nafsc καί@cs ὁ@dafs κάθετος@anafs- ὁ@dafs ὅλος@anafs- ὁ@danp καί@cs ὁ@danp καί@ γίγνομαι@vipe3s λ@ οὗτος@rpgnp λαμβάνω@vifm1p ὁ@dans u+2222@ γίγνομαι@vipe3s ιε@nvmsc οὗτος@rpanp πολυπλασίαζε@viia3s ἐπί@p ὁ@dafs κάθετος@anafs- ἐπί@p ὁ@dafp ι@ γίγνομαι@vipe3p ρν@n---c οὗτος@rpdnp προστίθημι@vifa1p πάντως@b ὁ@dans κʹ@b μέρος@nansc γίγνομαι@vipe3p ρνζ@nnfpc ηʹ@ καί@cs πάλιν@b ὅμοιος@b ὁ@dgfs ἐλάσσων@angfsc καμάρα@ngfsc συντίθημι@vpaanmp ὁ@danp τε@cs ιϛ@an---- καί@cs ὁ@danp η@ γίγνομαι@vipe3p κδ@n---c οὗτος@rpgnp ὅμοιος@b λαμβάνω@vifm1p ὁ@dans u+2222@ γίγνομαι@vipe3s ιβ@namdc οὗτος@rpanp πολυπλασίαστος@vmaa2s ἐπί@p ὁ@dafs κάθετος@anafs- ἐπί@p ὁ@danp η@ γίγνομαι@vipe3s u+aratcϛ@i οὗτος@rpgnp λαμβάνω@vifm1p ὅμοιος@b ὁ@dans κʹ@b μέρος@nansc γίγνομαι@vipe3p δ@b u+2220@n---p οὗτος@rpanp προστίθημι@vifa1p ὁ@ddmp u+aratcϛ@n---p γίγνομαι@vipe3p ρ@ u+2220@ καί@cs τοσόσδε@ngnpc πούς@ngmpc εἰμί@vifm3p ὁ@dnfp ἀποχή@nnfpc ὁ@dgfs μέγας@angfsc καμάρα@ngfsc ὁ@ddfs δέ@b αὐτός@rpdfs μέθοδος@ndfsc μετρέω@vsaa1p καί@cs ἐπί@p ἄλλος@rpgmp ἀριθμός@ngmpc"
"Stereom._2.30.2","ὁ@dans δέ@b περίκειμαι@vpreans οἰκοδόμημα@nansc ὁ@dgfs καμάρα@ngfsc μετρέω@vsaa1p οὕτως@b συντίθημι@vmaa2s ὁ@dafs ἐλάσσων@anafsc περιφέρεια@nafsc καί@cs ὁ@dafs μέγας@anafsc ὁ@danp τε@anans- ι@anans- καί@cs ὁ@danp ιη@annfp- γίγνομαι@vipe3s κη@nnfsc οὗτος@rpgnp λαμβάνω@vifm1p ὁ@dans u+2222@ γίγνομαι@vipe3s ιδ@n---c οὗτος@rpanp πολυπλασίαζε@viia3s ἐπί@p ὁ@dans βάθος@nansc ἐπί@p ὁ@damp ι@ πούς@nampc γίγνομαι@vipe3s ρμ@nnmsc οὗτος@rpanp πολυπλασίαστος@vmaa2s ἐπί@p ὁ@danp κη@nanpc γίγνομαι@vipe3p γϡκ@nvfsc καί@cs τοσοῦτος@rpgmp πούς@ngmpc εἰμί@vifm3s ὁ@dnfs οἰκοδομὴ@nnfsc ὁ@dgfs καμάρα@ngfsc οὗτος@b εἰμί@vipa3s ὁ@dnfs περίκειμαι@vppenfs ὁ@ddns κένωμα@ndnsc οἰκοδομὴ@nnfsc μετά@p ὁ@dgns ἐπί@p αὐτός@rpgfs"
"Stereom._2.31.1","εἰμί@vmpa3s καμάρα@nnfsc ὅς@rpgfs ὁ@dnfs διάμετρος@nnfsc πούς@ngmpc κδ@ ὁ@dgns δέ@b κένωμα@ngnsc ὁ@dnmp πρῶτος@annmp- πρωτοσφῆνες@nnmpc ἐκ@p πούς@ngmpc β@ ὁ@dnns δέ@x βάθος@nnnsc πούς@nnmpc ιη@annfs- ποιέω@vmpa2s οὕτως@b συντίθημι@vmaa2s πάντοτε@x ὁ@damp πρῶτος@anamp- πρωτοσφῆνες@nampc γίγνομαι@vipe3s δ@b οὗτος@rpdmp προστίθημι@vmaa2s ὁ@dafs διάμετρος@nafsc ὁ@dgns κένωμα@ngnsc ὁ@damp κδ@ γίγνομαι@vipe3s κη@nnfsc οὗτος@rpamp ἐπί@p ἑαυτοῦ@rpamp γίγνομαι@vipe3p ψπδ@b οὗτος@annnp- ἐνδεκάκις@b γίγνομαι@vipe3p ηχκδ@b οὗτος@rpgnp πάντοτε@b λαμβάνω@viia3s ὁ@dans κθʹ@nansc γίγνομαι@vipe3p τη@b οὗτος@rpanp ἀπογράφω@vmam2s εἶτα@b ὁ@dafs διάμετρος@nafsc ὁ@dgns κένωμα@ngnsc ἐπί@p ἑαυτοῦ@rpafs ὁ@danp κδ@ γίγνομαι@vipe3s φοϛ@ndfsc οὗτος@annnp- ἑνδεκάκις@b γίγνομαι@vipe3p ϛτλϛ@vipa3s οὗτος@rpanp μερίζω@viia3s παρά@p ὁ@dams κη@namsc γίγνομαι@vipe3p σκϛ@nnfpc ε#@x κη ́@nnnpc οὗτος@rpanp ὑφαιρέω@viaa3s ἀπό@p ὁ@dgnp τη@b λοιπός@anans- πα@nvcsc ε@p οὗτος@rpanp ποιέω@vmaa2s ἐπί@p ὁ@dans βάθος@nansc ἐπί@p ὁ@damp ιη@nanpc γίγνομαι@vipe3p #222@i γ ́@b μβ ́@an----"
"Stereom._2.31.2","τοσοῦτος@rpgmp πούς@ngmpc εἰμί@vifm3s ὁ@dnfs καμάρα@nnfsc ἐάν@cs δέ@b ἀπό@p περιφέρεια@ngfsc μετρέω@vspe3s ὁ@dnfs καμάρα@nnfsc ὁ@dnfs αὐτός@rpnfs ποιέω@vipa1s οὕτως@b συντίθημι@vmaa2s ὁ@danp κδ@nanpc καί@cs προστίθημι@vmaa2s ὁ@dams πρῶτος@anams- πρωτοσφῆν@namsc τουτέστι@vipa3s ὁ@dnns πάχος@nnnsc ὁ@dgmp β@ngmpc πούς@ngmpc ὁμοῦ@b γίγνομαι@vipe3p κϛ@b οὗτος@rpanp πολυπλασίαστος@vmaa2s εἰς@p ὁ@danp γ@b καί@cs ηʹ@ οὗτος@rpgnp προστίθημι@vmaa2s γίγνομαι@vipe3p πα@p u+2222@n---p η ́@ ιε ́@nafsc ὅς@rpgfp u+2222@n---p γίγνομαι@vipe3p μ@b γ ́@b μβ ́@ τοσοῦτος@rpgfp ὁ@dnfs μεσότης@nnfsc ὁ@dgfp β@ περιφέρεια@ngfpc εἰμί@vipa3s οὗτος@rpanp ποιέω@vipa1s ἐπί@p ὁ@dams πρωτοσφῆν@namsc ἐπί@p ὁ@damp β@nampc πούς@nampc ὁ@dgns πάχος@ngnsc γίγνομαι@vipe3p πούς@nnmpc πα@p u+2222@n---p ηʹ@ ιεʹ@ οὗτος@rpanp ποιέω@vipa1s ἐπί@p ὁ@dans βάθος@nansc ἐπί@p ὁ@damp ιη@nvmsc πούς@nampc γίγνομαι@vipe3p πούς@nnmpc #222@i γ ́@b μβ ́@b τοσοῦτος@rpgmp πούς@ngmpc εἰμί@vmpa3s ὁ@dnfs καμάρα@nnfsc"
"Stereom._2.32.1","ὡς@b δεῖ@vipa3s μετρέω@vnaa-- καμάρα@nafsc ἀπευλογέω@angms- εἰμί@vmpa3s καμάρα@nnfsc ὅς@rpgms ὁ@dnfs διάμετρος@nnfsc πούς@ngmpc ῑ@vspa3s ὁ@dnmp δέ@b πρωτοσφῆνες@nnmpc ὅς@dnmp εἰμί@vipa3p πλάτος@nnnsc ὁ@dgns κλίμα@ngnsc ὁ@dgfs καμάρα@ngfsc ἑκατέρωθεν@b ἐκ@p πούς@ngmpc β@ ὁ@dgmp ἀπέριττος@angmp- ὁ@dnfp βάσις@nnfpc ἐκ@p πάχος@ngnsc πούς@ngmpc γ@b ὁ@dnfs δέ@b κάθετος@annfs- ἀπό@p ὁ@dgfs κορυφή@ngfsc ἐπί@p ὁ@dans κέντρον@nansc ὁ@dgns πάχος@ngnsc πούς@ngmsc ιε@viia3s ὁ@dnns δέ@b βάθος@nnnsc ὁ@dgfs καμάρα@ngfsc πούς@ngmpc ιβ@ ποιέω@vipa1s οὕτως@b ὁ@damp ὁ@dgns κένωμα@ngnsc ὁ@damp ῑ@i πούς@nampc ἐπί@p ἑαυτοῦ@rpamp γίγνομαι@vipe3s ρ@ οὗτος@rpanp ποιέω@vipa1s ἑνδεκάκις@b γίγνομαι@vipe3s αρ@ οὗτος@rpgnp ὁ@dnns κθʹ@nnnsc γίγνομαι@vipe3p λθ@b δ ́@b κθʹ@nnfsc οὗτος@rpanp ἀπογράφω@vmam2s καί@b συντίθημι@vmaa2s ὁ@dafs βάσις@nafsc ὁ@dgfs καμάρα@ngfsc σύν@p πάχος@ndnpc ὁ@danp γ@ καί@cs ὁ@danp β@an---- καί@cs ιβ@an---- καί@cs γ@an---- ὁμοῦ@b γίγνομαι@vipe3p καί@p οὗτος@rpanp ποιέω@vmpa2s ἐπί@p ὁ@danp ιε@ γίγνομαι@vipe3s ὁ@ οὗτος@rpgnp ὁ@dnns u+2222@ γίγνομαι@vipe3p ρν@n---c ἀπό@p οὗτος@rpgnp αἴρω@viaa3p ὁ@danp λθ@n---c ε#@nanpc κη ́@nanpc λοιπός@anans- γίγνομαι@vipe3p πούς@ndmsc ρι@ndmsc ε@p οὗτος@rpanp ἐπί@p ὁ@dans βάθος@nansc ὁ@dgfs καμάρα@ngfsc ἐπί@p ὁ@damp ιβ@anamp- πούς@nampc γίγνομαι@vipe3s ατκη@nnfsc u+2222@n---p ιε ́@ τοσοῦτος@rpgmp πούς@ngmpc εἰμί@vifm3s ὁ@dans στερεός@anans-"
"Stereom._2.33.1","ἐάν@cs δέ@b ὁ@dnfs καμάρα@nnfsc ὁπτοπλίνθιος@annfs- εἰμί@vspa3s ὁ@dnnp δέ@b ἄλλος@rpnnp πάχος@nnnpc διά@p σπαρακτός@ngmsc καί@cs ἐθέλω@vspa1p διαχωρίζω@vnaa-- οὗτος@rpans ποιέω@vipa1p οὕτως@b συντίθημι@vmaa2s ὁ@damp ῑ@i πούς@nampc ὁ@dgns κένωμα@ngnsc καί@cs ὁ@damp ἑκατέρωθεν@b πρωτοσφῆνες@nampc ὁ@damp ἀνά@p β@ ὁμοῦ@b γίγνομαι@vipe3p πούς@nnmpc ιδ@ οὗτος@rpnnp ἐπί@p ἑαυτοῦ@rpanp γίγνομαι@vipe3s ρu+a7fcϛ@n---c οὗτος@annnp- ἑνδεκάκις@b γίγνομαι@vipe3p βρνϛ@b ὅς@rpgnp κθʹ@nnfsc ἐπεί@cs εἰμί@vipa3s u+2222@ngmsp γίγνομαι@vipe3p οζ@b ἀπό@p οὗτος@rpgmp ὑφαιρέω@viaa3s ὁ@damp ὁ@dgns κένωμα@ngnsc ὁ@damp λθ@b ε#@nafsc κη ́@nampc λοιπός@anans- γίγνομαι@vipe3s πούς@nnmpc λη@n---c ϛʹ@ ιεʹ@ οὗτος@rpamp ποιέω@vmpa2s ἐπί@p ὁ@dans βάθος@nansc ὁ@dgfs καμάρα@ngfsc ἐπί@p ὁ@damp ιβ@an---- πούς@nampc γίγνομαι@vipe3p πούς@nnmpc υνβ@ u+2220@n---p τοσοῦτος@rpgmp πούς@ngmpc εἰμί@vipa3p ὁ@dnmp ὀπτόπλινθος@nnmpc οὗτος@rpamp ὑφαιρέω@vmaa2s ἀπό@p ὁ@dgns πᾶς@angns- στερεός@angns- ὁ@dgfp στκη@nanpc u+2220@ λοιπός@anans- γίγνομαι@vipe3p σπαρακτός@ngmsc πούς@ngmsc ωοϛ@rpgms"
"Stereom._2.34.1","ὡς@b δεῖ@vipa3s κόγχη@nafsc μετρέω@vnpa-- ἐν@p ὁ@ddfs πλίνθος@ndfsc ὅς@rpgfs ὁ@dnfs διάμετρος@nnfsc ὁ@dgns κένωμα@ngnsc πούς@nnfsc ιη@vopa3s ὁ@dnmp πρωτοσφῆνες@nnmpc ἑκατέρωθεν@b ἐκ@p πούς@ngmsc α@ εὑρίσκω@vnaa-- ὁ@dans στερεός@anans- ποιέω@vmpa2s οὕτως@b συντίθημι@vmaa2s ὁ@damp ὁ@dgns κένωμα@ngnsc πούς@nampc ιη@b καί@cs ὁ@damp πρωτοσφῆνες@nampc ὁ@damp β@ γίγνομαι@vipe3p πούς@nnmpc καί@b οὗτος@rpnnp ἐπί@p ἑαυτοῦ@rpanp γίγνομαι@vipe3s υ@rpgms καί@b πάλιν@b ἐπί@p ὁ@damp καί@ γίγνομαι@vipe3s η@ καί@b γίγνομαι@viam3s κύβος@nnmsc ὅς@rpgnp u+2222@n---p γίγνομαι@vipe3p δ@b καί@cs πάλιν@b ὅς@rpgnp κα ́@b γίγνομαι@vipe3p ρu+a7fc@n---c γʹ@b η ́@ ὁμοῦ@b γίγνομαι@vipe3p πούς@nnmpc δρu+a7fc@n---c γʹ@b η ́@ τοσοῦτος@rpgms εἰμί@vifm3s ὁ@dnfs σφαῖρα@nnfsc ὡς@cs ἀπολλώνιος@nnmsp ἐν@p ὁ@ddns γʹ@b ὁ@dgnp λογιστικός@angnp-"
"Stereom._2.34.2","πάλιν@b ὁ@damp ὁ@dgns κένωμα@ngnsc πούς@nampc ιη@vopa3s ἐπί@p ἑαυτοῦ@rpamp γίγνομαι@vipe3p τκδ@b οὗτος@rpamp ἐπί@p ὁ@damp ιη@nanpc γίγνομαι@vipe3s πούς@nnmpc εωβ@annms- καί@cs λ@ ὅς@rpgnp u+2222@vipe3p βϡιϛ@i καί@b λαμβάνω@vmaa2s αὐτός@rpgmp ὁ@dans μγʹ@anans- ὁ@dgmp εωλβ@anvms- γίγνομαι@vipe3s ρλη@nnfsc β@ ηʹ@ κʹ@nvmsc ὁμοῦ@b συντίθημι@vmaa2s γίγνομαι@vipe3p πούς@nnmpc γνδ@b β@p ηʹ@b κα ́@b οὗτος@ananp- ὑφείλω@viia1s ἀπό@p ὁ@rpgnp δρu+a7fc@n---c γʹ@b ηʹ@ λοιπός@anans- αρλε@vmpa2s u+2222@ ιεʹ@vmpa2s κα ́@b οὗτος@rpgnp ὁ@dnns ε#@b ἐπεί@cs κόγχη@ngfsc εἰμί@vipa3s εἰμί@vipa3s δέ@b δ ́@b ὁ@dgfs σφαῖρα@ngfsc γίγνομαι@vipe3p σπγ@n---c u+2222@n---p γʹ@b ιε ́@"
"Stereom._2.34.3","τοσοῦτος@rpgms ὁ@dans στερεός@anans- ὁ@dgfs κόγχη@ngfsc ἐάν@cs δέ@b νομίζω@vprenfs ὁ@dnfs μέτρησις@nnfsc ὡς@b στερεός@angms- καί@cs ὑφαιρέω@vsaa2s ὁ@dans κένωμα@nansc ὁ@dgfs κόγχη@ngfsc εἰς@p ὁ@dans ὀπτόπλινθος@nansc καί@b ὁ@dans λοιπός@annns- εἰμί@vifm3s ὁ@dgnp νομίζω@vpregnp"
"Stereom._2.35.1","ἐάν@cs δέ@b κόγχη@nnfsc συνψηφίζομαι@vprenfs μετρέω@vifa2s οὕτως@b εἰμί@vmpa3s ὁ@dnfs διάμετρος@nnfsc πούς@nnmpc ιη@nnfsc ἐπεί@cs ὁ@dnfs κόγχη@nnfsc δ ́@b μέρος@nnnsc εἰμί@vipa3s ὁ@dgfs σφαῖρα@ngfsc ὁ@dnfs δέ@b ὁ@dgfs σφαῖρα@ngfsc ἐπιφάνεια@nnfsc τετραπλάσιος@nnfsc εἰμί@vipa3s ὁ@dgms μέγας@angmss ὁ@dgnp ἐν@p ὁ@ddfs σφαῖρα@ndfsc κύκλος@ngmsc ὁ@dgms ἐπίπεδος@angms- πούς@ngmsc ιη@nnfsc οὗτος@rpanp ἐπί@p ἑαυτοῦ@rpanp γίγνομαι@vipe3p τκδ@b οὗτος@annnp- ἑνδεκάκις@b γίγνομαι@vipe3p γφξδ@b ὅς@rpgnp ιε ́@nnfpc γίγνομαι@vipe3p σνδ@b δζ@nafsc τοσοῦτος@rpgmp εἰμί@vifm3s πούς@ngmpc ὁ@dnns ἐν@p αὐτός@rpdfs ψηφολόγημα@nnnsc"
"Stereom._2.36.1","ἐάν@cs δέ@b ὅλος@angfs- ὁ@dgfs σφαῖρα@ngfsc βούλομαι@vspe2s ὁ@dafs ἐπιφάνεια@nafsc εὑρίσκω@vnaa-- τετραπλασίαζω@vmaa2s ὁ@damp σνδ@b δζ@nampc γίγνομαι@vipe3p αιη@nnfsc καί@cs β@ ἕβδομος@annnp- τοσοῦτος@rpgns ὁ@dnfs ὁ@dgfs ὅλος@angfs- σφαῖρα@ngfsc ἐπιφάνεια@nnfsc εἰμί@vifm3s λέγω3@vipa3s οὗτος@rpans ἀρχιμήδης@nnmsp ἐν@p ὁ@ddms περί@p σφαιρικός@angnp-"
"Stereom._2.37.1","καμάρα@nafsp μετρέω@vnaa-- ἐλάσσων@anansc ἡμικύκλιον@ngnsc ὁ@dans ἔγχυμα@nanpc ἔχω@vppaafs ὅς@rpgfs ὁ@dnfs βάσις@nnfsc ὁ@dgns κένωμα@ngnsc πούς@ngmpc ιδ@ ὁ@dnmp πρωτοσφῆνες@nnmpc ἑκατέρωθεν@b ἐκ@p πούς@ngmpc β@ ὁ@dnfs κάθετος@annfs- ἐν@p ὁ@ddns κένωμα@ndnsc πούς@ngmpc ϛ@vspa3s ὁ@dnns μῆκος@nnnsc πούς@ngmsc ιε@viia3s ποιέω@vmpa2s οὕτως@b συντίθημι@vmaa2s ὁ@damp ιδ@nampc πούς@nampc ὁ@dgns κένωμα@ngnsc καί@cs ὁ@damp ϛ@rpanp ὁ@dgfs κάτοιδα@ngfsc γίγνομαι@vipe3s καί@b οὗτος@rpgnp ὁ@dnns u+2222@ γίγνομαι@vipe3p ι@b οὗτος@rpnnp ἐπί@p ὁ@danp ϛ@rpanp γίγνομαι@vipe3p ξ@n---c καί@cs συντίθημι@vmaa2s πάλιν@b ὁ@damp ὁ@dgns κένωμα@ngnsc πούς@nampc ιδ@vmaa2s καί@cs ὁ@damp ἑκατέρωθεν@b πρωτοσφῆνες@nampc ἀνά@p πούς@ngmpc β@ ὁμοῦ@b γίγνομαι@vipe3s ιη@nnfpc οὗτος@rpdnp προστίθημι@vmaa2s ὁ@danp ϛ@nanpc ὁ@dgns κένωμα@ngnsc ὁ@dgfs κάτοιδα@angfs- καί@cs ὁ@damp β@nampc πούς@nampc γίγνομαι@vipe3p κϛ@b ὅς@rpgnp u+2222@ γίγνομαι@vipe3p ιγ@vipe3p οὗτος@rpanp ἐπί@p ὁ@danp ὁ@dgfs ὅλος@angfs- ἀνάτασις@ngfsc ἐπί@p ὁ@danp η@anans- γίγνομαι@vipe3p ρδ@nnfpc ἀπό@p οὗτος@rpgmp ὑφαιρέω@vmpa2s ὁ@damp ὁ@dgns κένωμα@ngnsc πούς@nampc ξ@p λοιπός@anans- ὁ@dgns στερέωμα@ngnsc πούς@nnmpc μδ@rpd-p οὗτος@rpamp ποιέω@vmaa2s ἐπί@p ὁ@anvms- ιε@anvms- ὁ@dgns μῆκος@ngnsc γίγνομαι@vipe3p πούς@nnmpc χξ@b τοσοῦτος@rpgnp ὁ@dnfs καμάρα@nnfsc"
"Stereom._2.38.1","κόγχη@nafsp μετρέω@vnaa-- ὅς@rpgfs ὁ@dnfs βάσις@nnfsc πούς@ngmpc ιβ@ ὁ@dnfs δέ@b πρός@p ὀρθός@anafp- πούς@ngmpc δ@ ὁ@dnfs δέ@b ὑπό@p ὁ@dans ἀναφύσημα@nansc πούς@ngmpc γ@b εὑρίσκω@vnaa-- αὐτός@rpgfs ὁ@dans στερεός@anans- ποιέω@vmpa2s οὕτως@b ὁ@dgfp ιβ@ ὁ@dans u+2222@n---p γίγνομαι@vipe3p ϛ@i συντίθημι@nnmpc γίγνομαι@vipe3s νβ@ προστίθημι@vmaa2s αὐτός@rpdnp ὁ@dans u+2222@n---p γίγνομαι@vipe3p κϛ@b ὁμοῦ@b γίγνομαι@vipe3p οη@nnfsc καί@b ὁ@danp γ@b ἐπί@p ἑαυτοῦ@rpanp γίγνομαι@vipe3s θ@ μετά@p ὁ@dgmp οη@ngmpc ὁμοῦ@b γίγνομαι@vipe3p πζ@ οὗτος@rpnnp ἐπί@p ὁ@danp γ@ γίγνομαι@vipe3s σξα@nnnpc οὗτος@annnp- ἑνδεκάκις@b γίγνομαι@vipe3p βωοα@annnp- οὗτος@rpgnp ὁ@dnns μγʹ@ γίγνομαι@vipe3p ξη@nnfpc ϛ ́@i η ́@i κα ́@i ὁ@dans στερεός@anans-"
"Stereom._2.38.2","ὁ@dgfs αὐτός@angfs- κόγχη@ngfsc εὑρίσκω@vnaa-- ὁ@dafs ἐπιφάνεια@nafsc ποιέω@vipa1s οὕτως@b ὁ@dgfp ιβ@ ὁ@dans u+2222@n---p γίγνομαι@vipe3s ϛ@i οὗτος@rpnnp ἐπί@p ἑαυτοῦ@rpanp γίγνομαι@vipe3s λϛ@i καί@b ὁ@danp δ@b ἐπί@p ἑαυτοῦ@rpanp γίγνομαι@vipe3s ιϛ@i ὁμοῦ@b γίγνομαι@vipe3p νβ@ οὗτος@rpgnp ὁ@dnns u+2222@ γίγνομαι@vipe3s κϛ@b καί@b ὁ@danp γ@b ἐπί@p ἑαυτοῦ@rpanp γίγνομαι@vipe3s θ@n---c οὗτος@ananp- προστίθημι@vmaa2s ὁ@rpdnp κϛ@p ὁμοῦ@b γίγνομαι@vipe3p λε@ οὗτος@annnp- τρίς@b γίγνομαι@vipe3s ρε@vmpa2s οὗτος@annnp- ἑνδεκάκις@b γίγνομαι@vipe3s αρνε@nvmsc οὗτος@rpgnp ὁ@dnns καί@rpnns γίγνομαι@vipe3s νε@anvms- ὁ@dnfs ἐπιφάνεια@nnfsc"
"Stereom._2.39.1","κόγχη@nafsp μετρέω@vnaa-- ὅς@rpgfs ὁ@dnfs διάμετρος@nnfsc πούς@ngmpc ιδ@an---- καί@cs ὁ@dnfs κάθετος@annfs- πούς@ngmpc ζ@ ὁ@dnns δέ@b πλάτος@nnnsc πούς@ngmpc β@ εὑρίσκω@vnaa-- ὁ@dans στερεός@anans- ποιέω@vipa1s οὕτως@b συντίθημι@vmaa2s διάμετρος@namsc καί@cs ὁ@danp β@ πάχος@nanpc ιη@vopa3s οὗτος@ananp- κύβισος@vmaa2s γίγνομαι@vipe3p εωλβ@anvms- οὗτος@rpgmp αἴρω@viaa3p ὁ@dafs διάμετρος@nafsc κυβίσας@vpaanms γίγνομαι@vipe3p βψμδ@b λοιπός@anans- γίγνομαι@vipe3p γπη@nvfsc οὗτος@annnp- ἐπί@p ια@nanpc γίγνομαι@vipe3p γ@b γϡξη@nvfsc οὗτος@rpgnp ὁ@dnns πγʹ@ γίγνομαι@vipe3s υδ@b γ ́@b κα ́@b τοσοῦτος@rpgmp πούς@ngmpc ὁ@dans στερεός@anans-"
"Stereom._2.40.1","ἄλλως@nnfsp ὁ@ddfs διάμετρος@andfs- προστίθημι@vmaa2s ὁ@dans εἷς@ πάχος@nansc γίγνομαι@vipe3s ιϛ@i οὗτος@rpnnp ἐπί@p ἑαυτοῦ@rpanp γίγνομαι@vipe3p σνϛ@annfp- οὗτος@annnp- ἐπί@p ια@ananp- γίγνομαι@vipe3p βωιϛ@i οὗτος@rpgnp ὁ@dans ιε ́@anans- γίγνομαι@vipe3p σύ@ananp- η ́@ananp- οὗτος@annnp- δίς@b γίγνομαι@vipe3s υβ@nnnsc καί@cs β@b ἕβδομος@annnp-"
"Stereom._2.41.1","στοά@nnfsp ἔχω@vppanfs ὁ@dans μέν@b μῆκος@nansc πούς@ngmpc ριδ@nnfsc το@dans δέ@b πλάτος@nansc πούς@ngmpc ιβ@ u+2222@ εὑρίσκω@vnaa-- πόσος@anamp- πῆχυς@nampc στρωτήρ@ngmpc λαμβάνω@vipa3s ποιέω@vmpa2s οὕτως@b ὁ@dnns μῆκος@nnnsc ἐπί@p ὁ@dans πλάτος@nansc γίγνομαι@vipe3s αυξ@nvmsc προστίθημι@viia3s αὐτός@rpdmp διά@p ὅλος@angns- ὁ@dnns ι ́@an---- γίγνομαι@vipe3s ρμβ@n---c u+2222@n---p συντίθημι@vmaa2s ὁμοῦ@b γίγνομαι@vipe3p αφξζ@b u+2222@n---p τοσοῦτος@angmp- πῆχυς@ngmpc στερεός@anansc λαμβάνω@vifm3s προστίθημι@viap3s ὁ@dnns ι ́@an---- διά@p ὁ@dafs μέλλω@vppaafs ἀπουσία@nafsc γίγνομαι@vnpe-- ὁ@dgms στρωτήρ@ngmsc"
"Stereom._2.42.1","εἰμί@vmpa3s πυλών@nnfsc ὁ@dnms ὑπόκειμαι@vprenms ὡς@cs κατατάσσω@vire3s ἔχω@vppanms ἐπάνω@b ὁ@dafs ψαλία@nafsc ἐκ@p ἑκάτερος@angns- μέρος@ngnsc εἰμί@vmpa3p κίων@nnmpc στρογγύλος@annmp- ἐπί@p βάσις@ngfpc καί@cs ὁ@dnfp μέν@b βάσις@nnfpc ἔχω@vmpa3p ὁ@danp μέν@b πλάτος@nanpc ἀνά@p πούς@ngmpc δ@b u+2222@n---p ὁ@dnnp δέ@b μῆκος@nanpc ἀνά@p πούς@ngmpc ζ@ ὁ@dnns δέ@cs πάχος@nnnsc πούς@ngmpc γ@b u+2222@n---p γίγνομαι@vipe3p ἕκαστος@annms- ὁ@dgms λίθος@ngmsc πούς@ndmsc ρι@ndmsc δ ́@b ἔχω@vmpa3s δέ@b ἀπό@p ὁ@dgfs βάσις@ngfsc ἡμιπόδιον@nnnpc β@ ἀφαιρέω@vipa1s τοίνυν@b ἀπό@p ὁ@dgns μῆκος@ngnsc λοιπός@anans- ϛ@vspa1s τοσοῦτος@rpgmp εἰμί@vifm3s ὁ@dnfs βάσις@nnfsc ὁ@dgmp στῦλος@ngmpc ὁ@dnns δέ@b ὕψος@nnnsc εἰμί@vmpa3s πούς@ngmpc ιδ@ ὁ@dnfs δέ@b κορυφή@nnfsc ἀνά@p πούς@ngmpc β@ ὁ@dnns δέ@b διάστημα@nnnsc ὁ@dgms πυλών@ngmsc ὡς@cs ἐπί@p ὁ@dgmp κολοβός@ngmpc κῶνος@ngmpc εἰμί@vipa3s ὑπό@p ὁ@dams ἀνώτερος@anams- ὑποδείκνυμι@vpreams καί@cs ὅσος@rpgms ἐάν@cs εἰμί@vspa3p ἐκτίθημι@vifm1s ἐπί@p ὁ@ddns αὐτός@andns- ἐπώχατο@vppenms μέτρον@ndnsc ὁ@dans μέγας@anansc ἡμικύκλιον@nansc ὡς@cs μανθάνω@viaa1p ἐάν@cs δέ@b μέγας@annfsc ἤ1@cs ἐλάσσων@annfsc ποιέω@vmpa2s ὡς@cs ὁ@danp τμῆμα@nanpc ὁ@dgms κύκλος@ngmsc"
"Stereom._2.42.2","ὁ@dnns μέν@b ἡμικύκλιον@nnnsc μετρέω@vpapnns γίγνομαι@vipe3s πούς@ngmpc νδ@b ὅλος@anafs- γάρ@b ἔχω@vipa3s ὁ@dafs βάσις@nafsc πούς@ngmpc ιβ@ ἔπειτα@b ἀνταναφέρω@vipa1s ὁ@damp β@nampc πούς@nampc ὁ@damp ἀπό@p ὁ@dgfs κορυφή@ngfsc ἐκ@p ἑκάτερος@angns- ὁ@dgns μέρος@ngnsc ἀπεμπολάω@viaa1s νῦν@b ἕτερος@anans- ἡμικύκλιον@nansc ἐλάσσων@anansc ὡς@cs ἐπί@p ὁ@dgms πρῶτος@angms- μετρέω@vpapgms καί@cs γίγνομαι@vipe3s πούς@ngmpc κδ@ ὅς@rpanp συναναφέρω@vipa1s ἀπό@p ὁ@dgns μέγας@angnsc ἡμικύκλιον@ngnsc οἷος@rpans ἀπό@p ὁ@dgnp νδ@rpgnp ὁ@danp κδ@ λοιπός@anans- λ@ τοσοῦτος@rpgmp εἰμί@vifm3s αὐτός@annfs- ὁ@dnfs ψαλίς@nnfsc ὁ@ddms δέ@b ἐν@p ὁ@ddfp στερεομετρία@ndfpc ἔξεστι@vipa3s εὔκοπος@b κατακολουθέω@vnpa-- ἐπεί@cs εἷς@ngmsc ἕκαστος@angns- ὁ@dnfs μέτρησις@nnfsc καθώς@cs ἄνω@b προδηλόω@vire3s"
"Stereom._2.43.1","εἰμί@vmpa3s οἶκος@nnmsc ἔχω@vppanms ὁ@dans μῆκος@nansc πούς@ngmpc καί@b καί@cs ὁ@dans πλάτος@nansc πούς@ngmpc ιγ@ u+2222@ δεῖ@vipa3s δέ@b γιγνώσκω@vnaa-- πόσος@annfp- εἰς@p οὗτος@anams- ὁ@dams οἶκος@namsc κεραμίς@nnfpc ἀναβαίνω@vipa3p εἰμί@vmpa3s δέ@b ὁ@dnfs κεραμίς@nnfsc πούς@ngmpc β@ ὁ@dnns δέ@b πλάτος@nnnsc πούς@ngmpc α@ u+2222@ ποιέω@vmpa2s οὕτως@b ἐπεί@cs ὁ@dnfs κεραμίς@nnfsc ἡμιπόδιον@nansc ὑποτίθημι@vipe3s ὑπό@p ὁ@dafs ἕτερος@anafs- κεραμίς@nafsc ἀφαιρέω@viaa3s ἀπό@p ὁ@dgns μῆκος@ngnsc ὁ@dgfs κεραμίς@ngfsc εἰς@p ὅς@rpams τόπος@namsc κατέχω@vipa3s καί@cs ἐπεί@cs εἰμί@vipa3s ὁ@dnns μῆκος@nnnsc πούς@ngmpc καί@ ὁ@dnns δέ@b πλάτος@nnnsc πούς@ngmpc ιγ@n---c πολυπλασίαστος@vmaa2s ὁ@danp καί@b ἐπί@p ιγ@nanpc u+2222@n---p γίγνομαι@vipe3s σύ@rpgcs οὗτος@rpanp μερίζω@vmaa2s εἰς@p ὁ@danp β@ δ ́@ γίγνομαι@b ρκ@cs τοσοῦτος@annfp- ἀναβαίνω@vifm3p κεραμίς@nnfpc ἐπί@p ὁ@dams οἶκος@namsc"
"Stereom._2.44.1","εἰμί@vipa3s δέ@b καί@cs ἕτερος@annfs- μέθοδος@nnfsc ἐπί@p ὁ@dgfp κεραμίς@ngfpc ἐάν@cs ὁ@dnfs οἶκος@nnmsc ἔχω@vppanms ὁ@dans μῆκος@nansc πούς@ngmpc ξ@ ὁ@dans δέ@b πλάτος@nansc πούς@ngmpc λ@ ἀφαιρέω@viaa3s διά@p πᾶς@angns- ὁ@dans γ ́@b μέρος@nansc ὁ@dgnp ξ@ λοιπός@anans- μ@b καί@cs ἔτι@b ὅμοιος@b ἀπό@p ὁ@dgns πλάτος@ngnsc ἀπό@p ὁ@dgnp λ@an---- ὁ@dnns γ ́@b λοιπός@anans- καί@b καί@cs πολυπλασίαστος@vmaa2s ὁ@danp μ@ ἐπί@p ὁ@danp καί@ γίγνομαι@vipe3s ω@b τοσοῦτος@annfp- κεραμίς@nnfpc ἀναβαίνω@vifm3p ἐπί@p ὁ@dams οἶκος@namsc εὑρίσκω@vire3s καί@b οὗτος@rpnnp ὁ@ddfs μέθοδος@ndfsc"
"Stereom._2.45.1","εἰμί@vmpa3s δέ@b στῦλος@nnmsc καί@cs ἐφίστημι@vmpa3s ἐπί@p αὐτός@rpams ὑδρία@nnfsc κεράμιον@nansc χωρέω@vppanfs ἰταλικός@anans- ξέστης@angnp- μη@nansc ἔχω@vipa3s δέ@b τρύπημα@nansc περί@p ὁ@dams πυθμήν@namsc δάκτυλος@ngmsc ᾱ@rpdms ἀπολύω@vppegns οὖν@b φημί@vipa3s ὁ@dgns ὕδωρ@ngnsc καί@cs φέρω@vpapgns ἐπί@p ὁ@dafs γῆ@nafsc παραχρῆμα@b κενόω@vipe3s ὁ@dnfs ὑδρία@nnfsc ἐκ@p οὗτος@rpgms οὖν@b ὁ@dgms λόγος@ngmsc εὑρίσκω@vnaa-- ὁ@dans ὕψος@nansc ὁ@dgms στῦλος@ngmsc ἀποδείκνυμι@vifp3s οὖν@b οὕτως@b ἐπεί@cs εἰμί@vipa3s ὁ@dnfs ὑδρία@nnfsc κεράμιον@nansc χωρέω@vppanfs ξέστης@ngmpc μη@b ὁ@dnms δέ@b πούς@annms- ὁ@dnms τετράγωνος@annms- χωρέω@vipa3s ξέστης@nampc ἰταλικός@anamp- μη@b ἔχω@vipa3s δέ@b ὁ@dnms κύβος@nnmsc ὁ@dgms μη@b στερεός@angms- πούς@ngmsc δάκτυλος@nampc δgϛ@ εἰμί@vipa3s δέ@b ὁ@dnns τρύπημα@nnnsc δάκτυλος@ngmsc ᾱ@b λαμβάνω@vifm1s τοίνυν@b ὁ@dgmp δgϛ@n---c ὁ@dgns ιϛ ́@ ἵνα@cs ἔχω@vspa1p πόμμη@namsc δας@nafpc εὐθυμετρικός@anafp- ὅς@rpnmp εἰμί@vipa3p δάκτυλος@ngmsc κος@ngmsc σνς@p τοσοῦτος@rpgmp ἄρα@b πούς@ngmpc εἰμί@vifm3s ὁ@dnms στῦλος@nnmsc δα@nvmsc ὅσπερ@rpans δεῖ@viia3s δείκνυμι@vnaa--"
"Stereom._2.45.2","φανερός@annns- δέ@b σύ@rpdms κτύος@b εἰμί@vifm3s ἐκ@p οὗτος@angms- ὁ@dgms λόγος@ngmsc ὅσος@angns- ἄν@b λων@ngnpc δίδωμι@vsap3s ὁ@dnfs ὑδρία@nnfsc καί@cs πηλίκος@annns- ἄν@b εἰμί@vspa3s ὁ@dnns σνς@n---c τρύπημα@nnnsc ὡς@cs δεῖ@viia3s μεθοδικός@b ζητέω@vnaa-- καθώς@b καί@b ἐπί@p οὗτος@rpgns δείκνυμι@vire3s"
"Stereom._2.46.1","ἀμφορά@nnfsp ὕδωρ@ngnsc κρεμάννυμι@vspe3s τρύπημα@nansc ἔχω@vppanfs δάκτυλος@ngmpc β@n---c καί@cs συμβαίνω@viaa3s ἅπτω@vnam-- ὁ@dans ὕδωρ@nansc ὁ@dgfs γῆ@ngfsc καί@cs κενόω@vnre-- ὁ@dafs ἀμφορά@nafsc ζητέω@vipa1s ἀπό@p πόσος@rpgmp πούς@ngmpc κρεμάννυμι@viam3s ὁ@dgfs γῆ@ngfsc ποιέω@vipa1s οὕτως@b ὅσος@angmp- ἐάν@cs εἶπον@vsaa3s δάκτυλος@ngmpc ἕλκω@vmpa2s ἐπί@p ἑαυτοῦ@rpanp γίγνομαι@vipe3s δ@b καί@cs ἐπεί@cs ὁ@dnms πούς@anamp- ἔχω@vipa3s δάκτυλος@nampc ιϛ@vspa3s ἐπί@p ἑαυτοῦ@rpamp γίγνομαι@vipe3p σνϛ@annfp- οὗτος@rpanp μερίζω@viia3s παρά@p ὁ@dams δ@b γίγνομαι@vipe3p ξδ@p τοσοῦτος@angmp- πούς@ngmpc ὁ@dnns ὕψος@nnnsc εἰμί@viia3s"
"Stereom._2.47.1","ὁ@nnmsp σωλήν@nnmsc ὁ@dnms οὐγκία@anafs- φέρω@vppanms ἔχω@vipa3s ὁ@dafs διάμετρος@nafsc δάκτυλος@ngmsc α@ ἐάν@cs οὖν@b τις@rpnms βούλομαι@vsap3s κατασκευάζω@vnaa-- σωλήν@namsc γράμμα@ngnpc θ@p εὑρίσκω@vnaa-- πόσος@rpgmp δάκτυλος@ngmpc τάσσω@vspa1p ὁ@dams σωλήν@namsc ἔχω@vppaams διάμετρος@namsc ποιέω@vipa1s οὕτως@b ἐπεί@cs ὁ@dnms σωλήν@nnmsc οὐγκία@ngfsc ᾱ@vspa3s δάκτυλος@annns- ᾱ@rpanp ἔχω@vipa3s ἀναλύω@vipa1s ὁ@dafs οὐγκία@nafsc εἰς@p γράμμα@nanpc γίγνομαι@vipe3p κδ@n---c καί@b πολυπλασιάζω@vipa1s ὁ@danp κδ@n---c ἐπί@p ἑαυτοῦ@rpanp γίγνομαι@vipe3s φοϛ@ndfsc ἐπεί@cs σωλήν@namsc θ@anans- γράμμα@ngnpc βούλομαι@vipe1p κατασκευάζω@vnaa-- πάλιν@b ποιέω@vipa1s ὁ@danp θ@anans- ἐπί@p ἑαυτοῦ@rpanp γίγνομαι@vipe3s πα@nvcsc οὗτος@rpnnp εἰς@p φοϛ@ananp- γίγνομαι@vipe3p ξδ@p τοσοῦτος@angmp- δάκτυλος@ngmpc ὁ@dams σωλήν@namsc ὁ@dgmp θ@angmp- γράμμα@ngnpc τάσσω@vipa1p"
"Stereom._2.48.1","πῶς@b δεῖ@vipa3s ὀθόνη@nafpc ἐκμετρέω@vnpa-- εἰς@p ἀραρίσκω@nansc εἰμί@vmpa3s ἱστός@nnmsc ὅς@rpgms ὁ@dnns μέν@x ὑποκέρα@nnnsc πούς@ngmpc π@ βάθος@nnnsc πούς@ngmpc ἄν@ εὑρίσκω@vnaa-- πόσος@annnp- ὀθόνιον@nnnpc ἐμπίτνω@vipe3p εἰς@p ὁ@dans ἀραρίσκω@nansc ἔχω@vppagfs ὁ@dgfs ὀθόνη@ngfsc ὁ@dans μέν@b μῆκος@nansc πούς@ngmpc δ@b ὁ@dans δέ@b πλάτος@nansc πούς@ngmpc γ@b ποιέω@vmpa2s οὕτως@b ὁ@danp γ@x ἐπί@p ὁ@danp δ@ γίγνομαι@vipe3s ιβ@namdc οὗτος@rpnnp τετράκις@b γίγνομαι@vipe3s μη@b καί@cs ὁ@danp π@ ἐπί@p ὁ@danp ἄν@anans- γίγνομαι@vipe3s δ@b οὗτος@angnp- ὁ@dans μη ́@nansc γίγνομαι@vipe3p πγ@p γ ́@b τοσοῦτος@ananp- ἀπέρχομαι@vipe3s ὀθόνιον@nanpc"
"Stereom._2.49.1","ἄλλως@ngmsp ὁ@dans αὐτός@rpans ὁ@danp ἄν@ ἐπί@p ὁ@danp π@ γίγνομαι@vipe3s δ@b ὅς@rpgnp ε#@b γίγνομαι@vipe3p ᾱ@i καί@b ποιέω@vipa1s ὁ@rpamp γ@b ἐπί@p ὁ@damp δ@ γίγνομαι@vipe3p πούς@nnmpc ιβ@annmp- λαμβάνω@vipa1s ὁ@rpgnp α@i ὁ@dnns ιβ ́@n---c γίγνομαι@vipe3p πγ@p γ ́@b φανερός@annns-"
"Stereom._2.50.1","πλοῖον@ngmsp ὁ@dnns μῆκος@nnnsc πούς@ngmpc κδ@ ὁ@dnfs δέ@b βάσις@nnfsc πούς@ngmpc ϛ@vspa3s ὁ@dnfs δέ@b κατάβασις@nnfsc πούς@ngmpc δ@b εὑρίσκω@vnaa-- πόσος@ananp- κεράμιον@nanpc ἤ1@cs πόσος@anamp- μόδιος@nampc χωρέω@vipa3s ποιέω@vipa1s οὕτως@b ὁ@dafs κατάβασις@nafsc ἐπί@p ὁ@dafs βάσις@nafsc γίγνομαι@vipe3p πούς@nnmpc κδ@n---c οὗτος@rpamp πολυπλασιάζω@vipa1s ἐπί@p ὁ@dans μῆκος@nansc ἐπί@p ὁ@damp κδ@ γίγνομαι@vipe3p πούς@nnmpc φοϛ@andfs- οὗτος@angnp- ὁ@rpans γ ́@b προστίθημι@vipa1s ὁ@ddmp φοϛ@andfs- ὁμοῦ@b γίγνομαι@vipe3p ψξη@nnfsc τοσοῦτος@annnp- κεράμιον@nanpc χωρέω@vipa3s χωρέω@vipa3s δέ@b ὁ@dnns κεράμιον@nnnsc μόδιος@annmpc ῑ@rpanp γίγνομαι@vipe3p ζχπ@nvmsc"
"Stereom._2.51.1","εἰμί@vmpa3s πλοῖον@nnnsc καί@cs ἔχω@vmpa3s ἀπό@p κόρυμβος@ngmsc εἰς@p κόρυμβος@namsc ὁ@dnns μέν@b μῆκος@nnnsc πούς@ngmpc ἄν@ ὁ@dnns δέ@b πλάτος@nnnsc πούς@ngmpc ιβ@ καί@cs ὁ@dnns βάθος@nnnsc πούς@ngmpc ζ@ ποιέω@vmpa2s οὕτως@b ὁ@danp ἄν@ ἐπί@p ὁ@danp ιβ@ γίγνομαι@vipe3s χ@ οὗτος@rpanp ποιέω@vipa1s ἐπί@p ὁ@dans βάθος@nansc ἐπί@p ὁ@rpamp ζ@ γίγνομαι@vipe3p δς@n---c οὗτος@rpanp ποιέω@vipa1s διά@p ὅλος@angns- ἑξάκις@b γίγνομαι@vipe3s β@ ες@ τοσοῦτος@anamp- μόδιος@nampc χωρέω@vifa3s ὁ@dnns πλοῖον@nnnsc"
"Stereom._2.52.1","πλοῖον@namsp μετρέω@vsaa1p ὅς@b ὁ@dnns μῆκος@nnnsc πῆχυς@ngmpc μη@b ὁ@dnfs δέ@b ἔμβασις@nnfsc πῆχυς@ngmpc δ@b καί@cs ὁ@dnfs διάβασις@nnfsc πρῷρα@ngfsc πῆχυς@ngmpc ϛ@ ὁ@dnfs δέ@b ἄνω@b βάσις@nnfsc πρύμνα@ngfsc καί@cs πτέρνα@ngfsc πῆχυς@ngmpc η@ καί@cs ὁ@dnfs βάσις@nnfsc μέσος@annfs- πῆχυς@ngmpc θ@ εὑρίσκω@vnaa-- πόσος@anamp- μόδιος@nampc χωρέω@vipa3s ποιέω@vmpa2s οὕτως@b συντίθημι@vmaa2s πρώρα@nafsc καί@cs πρύμνα@nafsc γίγνομαι@vipe3s ιδ@n---c οὗτος@rpgnp ὁ@dnns u+2222@ γίγνομαι@vipe3s ζ@nnmsc οὗτος@rpdnp προστίθημι@vmaa2s ὁ@dafs διάβασις@nafsc ὁ@dgfs μέσος@angfs- ὁμοῦ@b γίγνομαι@vipe3p πῆχυς@nnfpc ιϛ@i οὗτος@rpgnp ὁ@dnns u+2222@ γίγνομαι@vipe3p η@ οὗτος@rpamp ποιέω@vipa1s ἐπί@p ὁ@dafs βάσις@nafsc ἐπί@p ὁ@damp δ@b πῆχυς@nampc γίγνομαι@vipe3p πῆχυς@nnmpc λβ@nvmsc ἐπί@p ὁ@dans μῆκος@nansc ἐπί@p ὁ@damp μη@b πῆχυς@nampc γίγνομαι@vipe3p πῆχυς@nnmpc αφλϛ@vmpa2s ὁ@dnms δέ@x πῆχυς@nnmsc χωρέω@vipa3s ἰταλικός@anamp- μόδιος@anamp- ιβ@anamp- u+2222@n---p γίγνομαι@vipe3p μόδιος@nnmpc μ@ngmsp θς@nvmsc τοσοῦτος@anamp- μόδιος@nampc χωρέω@vifa3s ὁ@dnns πλοῖον@nnnsc"
"Stereom._2.53.1","ὁ@dnms στερεός@annms- πούς@anamp- ἔχω@vipa3s σῖτος@ngmsc μόδιος@anamp- γ@x ἕκαστος@annms- μόδιος@nnmsc ἀπό@p ξέστης@ngnpc ιϛ@ndfsc γίγνομαι@vipe3p ξέσται@vifm3s μη@b ἕκαστος@annms- ξέστης@nnmsc ἀπό@p γο@ngmsp καί@ ἐάν@cs δέ@b εἰμί@vspa3s μόδιος@nnmsc ξέστης@nnmsc ιη@nnfsc ὁ@dnms στερεός@annms- πούς@anamp- ἔχω@vipa3s σῖτος@ngmsc μόδιος@anamp- β@ u+2222@n---p ϛ ́@ ἐάν@cs δέ@x μόδιος@nnmsc ξέστης@vppanms καί@b ὁ@dnms στερεός@annms- πούς@anamp- ἔχω@vipa3s μόδιος@anamp- β@ γʹ@n---c ιε ́@nvmsc ἐάν@cs δέ@x μόδιος@nnmsc ξέστης@vppanms κβ@n---c ὁ@dnms στερεός@annms- πούς@anamp- ἔχω@vipa3s μόδιος@anamp- β@ngmsc ϛ ́@nanpc ξϛ ́@p ἐάν@cs δέ@x ὁ@annms- μόδιος@annms- ξέστης@ngnpc κδ@p ὁ@dnms στερεός@annms- πούς@anamp- ἔχω@vipa3s μόδιος@anamp- β@n---c ἐάν@cs δέ@x εἰμί@vspa3s ὁ@annms- μόδιος@annms- ξέστης@vppanms ἄν@x ὁ@dnms στερεός@annms- πούς@rpnms ἔχω@vipa3s μόδιος@namsc ᾱ@i u+2222@n---p γʹ@ ιε ́@vmpa2s ν ́@ ἐάν@cs δέ@b εἰμί@vspa3s ὁ@annms- μόδιος@annms- ξέστης@vppanms κη@nnfsc ὁ@dnms στερεός@annms- πούς@rpncs ἔχω@vipa3s μόδιος@namsc ᾱ@i u+2222@n---p η ́@ ιε ́@nvmsc ἐάν@cs δέ@b ὁ@annms- μόδιος@annms- ξέστης@angnp- λ@ ὁ@dnms στερεός@annms- πούς@annms- ἔχω@vipa3s μόδιος@nansc ᾱ@i u+2222@n---p ι ́@an---- ἕκαστος@annms- ξέστης@nnmsc ἀπό@p γο@ngmsp καί@ εἰ@cs δέ@b ὁ@annms- μόδιος@annms- ξέστης@angnp- λβ@n---c ὁ@dnms στερεός@annms- πούς@annms- ἔχω@vipa3s μόδιος@namsc ᾱ@i u+2222@nvmsp"
"Stereom._2.53.2","δεῖ@vipa3s οὖν@b οἶδα@vnra-- ἐπί@p ὁ@dgfs μετέλευσις@ngfsc ὁ@dgnp ὅριον@ngnpc καί@cs λαμβάνω@vnpa-- ὁ@dans ἐμβαδόν1@b ὁ@dgns πᾶς@angns- καί@cs ποιέω@vnpa-- ἐπί@p ὁ@dans ὕψος@nansc ἤτοι@cs ἐπί@p ὁ@dans βάθος@nansc καί@cs ὅτε@cs εὑρίσκω@vsaa2s ὁ@dans στερεός@anans- ὁ@dgns πᾶς@angms- ὁ@dgfs ἀπόθεσις@ngfsc ὁ@dgms σῖτος@ngmsc τότε@b πρός@p ὁ@dams μόδιος@namsc ποιέω@vmpa2s ὁ@danp μέτρον@nanpc οὕτως@b"
"Stereom._2.53.3","ἐάν@cs ὁ@annms- μόδιος@annms- ξέστης@ndmsc ιϛ@vspa3s ποιέω@vmpa2s ὁ@dans στερεός@anans- ὁ@dgms σῖτος@ngmsc ἤτοι@cs κριθή@vppanms ἐπί@p ὁ@danp γ@ καί@cs τοσοῦτος@annmp- μόδιος@nnmpc εἰμί@vifm3p ἐπεί@cs ὁ@dnms στερεός@annms- πούς@b χωρέω@vipa3s μόδιος@anamp- γ@b ἕκαστος@annms- μόδιος@nnmsc ἀπό@p ξέστης@ndmsc ιϛ@ndfsc ἕκαστος@annms- ξέστης@annms- ἀπό@p γο@ngfsp καί@ ἐάν@cs δέ@b ὁ@annms- μόδιος@annms- ξέστης@nnfsc ιη@voap3s ποιέω@vmpa2s ὁ@dans στερεός@anans- ὁ@dgms σῖτος@ngmsc ἤτοι@b κριθή@vppanms καθώς@cs προγράφω@vire3s ἐπί@p ὁ@danp β@ u+2222@n---p ϛ ́@ καί@b τοσοῦτος@rpnmp μόδιος@annmp- εἰμί@vifm3p ἐάν@cs δέ@b ὁ@annms- μόδιος@annms- ξέστης@vppanms καί@ ποιέω@vmpa2s ὁ@dans στερεός@anans- ὁ@dgms ποδισμός@ngmsc ἐπί@p ὁ@danp β@ γ ́@ ιε ́@ καί@cs τοσοῦτος@rpnmp εἰμί@vifm3p μόδιος@nnmpc ἐάν@cs δέ@b ὁ@annms- μόδιος@annms- ξέστης@vppanms κβ@n---c ποιέω@vmpa2s ὁ@dans στερεός@anans- ὁ@dgms ποδισμός@ngmsc ἐπί@p ὁ@danp β@ ϛ ́@ ξϛ ́@ καί@cs τοσοῦτος@rpnmp εἰμί@vifm3p μόδιος@nnmpc ἐάν@cs δέ@b ὁ@annms- μόδιος@annms- ξέστης@vppanms ἄν@b ποιέω@vmpa2s ὁ@dans στερεός@anans- ὁ@dgms ποδισμός@ngmsc ἐπί@p ὁ@dams ᾱ@rpdns u+2222@n---p γ ́@b ιε ́@nvmsc ν ́@ καί@cs τοσοῦτος@rpnmp εἰμί@vifm3p μόδιος@nnmpc ἐάν@cs δέ@b ὁ@annms- μόδιος@annms- ξέστης@vppanms καί@b ποιέω@vmpa2s ὁ@dans στερεός@anans- ὁ@dgms ποδισμός@ngmsc ὁ@dgfs ἀπόθεσις@ngfsc ὁ@dgms σῖτος@ngmsc ἤτοι@cs κριθή@vppanms διά@p ὁ@dgnp ᾱ@rpgnp u+2222@ η ́@ ιε ́@ καί@cs τοσοῦτος@rpnmp εἰμί@vifm3p μόδιος@nnmpc"
"Stereom._2.53.4","δεῖ@viia3s δέ@b οἶδα@vnra-- ἐν@p ὁ@ddfs ἀναίρεσις@ndfsc ὁ@dgms σῖτος@ngmsc ἤτοι@cs κριθή@vppanms ὅτι@cs ἄν@cs πρόσφατος@annms- ἀποτίθημι@vsap3s ψύχω@vppenms ὁ@dnms στερεός@annms- πούς@rpamp ἀποποιέω@vipa3s μέρος@nanpc ι ́@voam2s νε ́@nvmsc οὕτως@b εἰμί@vppagms σῖτος@ngmsc ἐκ@p ἀπόθεσις@ngfsc ὁ@dnms στερεός@annms- πούς@anafp- ἔχω@vipa3s ξέστης@nafpc νε@rpamd ἕκαστος@annms- ξέστης@vipa2s γο@nvmsp καί@n---c εἰ@cs δέ@b πρόσφατος@annms- τίθημι@viap3s ἔχω@ndnsc ὁ@dnms στερεός@annms-"
"Stereom._2.54.1","σῖτος@nnmsp ἀπόθετος@annms- ἀποτίθημι@vpapnms πρό@p φανερός@angms- χρόνος@ngmsc εὑρίσκω@viap3s εἰς@p ὁ@dams στερεός@anams- πούς@namsc μόδιος@ngnpc β@n---c u+222@n---p ἀπό@p ξέστης@angnp- κβ@n---c γίγνομαι@vipe3p ξέσται@nnmpc ἰταλικός@annmp- νε@annmd- ἀπό@p γο@ng-sp καί@n---c ἐπιβάλλω@vipa3p εἰς@p ὁ@dams στερεός@anams- πούς@namsc λίτρα@nnfpc gα@ β@ ἐν@p δέ@b ὁ@ddns πρόσφατος@b ἀποτίθημι@vpapdms ἐν@p ὁ@ddnp ὅριον@ndnpc εὑρίσκω@viap3p εἰς@p ὁ@dams στερεός@anams- πούς@namsc μόδιος@nnmpc β@ ξέσται@nnfpc μδ@n---c γο@n---p καί@b γίγνομαι@vipe3p λίτρα@nnfpc π@p ὅσπερ@rpnns ὅριον@nnnsc μετρέω@viap3s"
"Stereom._2.54.2","ὅριον@nnnsp κριθή@ngfpc ἀπόκειμαι@vpregfp πρό@p φανερός@angms- χρόνος@ngmsc καί@b εὑρίσκω@viap3p εἰς@p ὁ@dams στερεός@anams- πούς@namsc ὁ@dgfp κριθή@ngfpc μόδιος@nnmpc β@an---- u+2222@n---p ἀπό@p ξέστης@angnp- κβ@ ἐκ@p γο@n---p καί@b γίγνομαι@vipe3p λίτρα@nnfpc gα@n---p β@ ἐν@p δέ@b ὁ@ddfp πρόσφατος@b ἀποτίθημι@vppadfp κριθή@ndfpc εὑρίσκω@viap3p εἰς@p ὁ@dams στερεός@anams- πούς@namsc ξέσται@nnfpc ἰταλικός@annmp- μη@b u+2222@n---p ϛ ́@n---c γο@n---p καί@n---c γίγνομαι@vipe3p λίτρα@nnfpc u+2222@ γ ́@b"
"Stereom._2.54.3","οἶνος@ngmsc εἰς@p ὁ@dams στερεός@anams- πούς@namsc ἰταλικός@anafp- λϛ@nnfpc γίγνομαι@vipe3p ξέσται@nnfpc μ@nnfpc ιη@nnfsc λάρδος@ngmsc εἰς@p πούς@namsc ᾱ@i λίτρα@nvfpc οε@i οὗτος@rpnnp δέ@b ἐξαγιάζω@viap3p ἐπί@p μόδεστος@ngmsp τηνικαῦτα@b εἰμί@vppagms ἵππαρχος@ngmsc πραιτώριον@angnp-"
"Stereom._2.55.1","μέτρησις@nnfsp πυραμίς@ngfpc πυραμίς@nafsp ἐπί@p τετράγωνος@andms- βαίνω@vpraafs μετρέω@vsaa1p οὕτως@b ἕκαστος@annfs- ὁ@dgfp πλευρά@ngfpc ὁ@dgfs βάσις@ngfsc ἀνά@p πούς@ngmpc κδ@ καί@cs ὁ@dnnp κλίμα@nnnpc ὁ@dgfs πυραμίς@ngfsc ἀνά@p πούς@ngmpc ιη@nnfsc ποιέω@vmpa2s ὁ@danp κδ@ ἐπί@p ἑαυτοῦ@rpanp γίγνομαι@vipe3s φοϛ@ndfsc ὅς@rpgnp u+2222@ γίγνομαι@vipe3p σπή@nnnpc καί@b ὁ@danp ιη@vopa3s ἐπί@p ἑαυτοῦ@rpanp γίγνομαι@vipe3p τκδ@b ἀπό@p οὗτος@rpgnp ἀφαιρέω@viaa3s ὁ@dafp σπή@nanpc λοιπός@anans- λϛ@vipa3s ὅς@rpgmp πλευρόν@nnfsc τετραγωνικός@annfs- γίγνομαι@vipe3s πούς@ngmpc ϛ@rpdfs τοσοῦτος@rpgmp εἰμί@vifm3s ὁ@dnfs κάθετος@nnfsc ὁ@dgfs πυραμίς@ngfsc ἐπεί@cs οὖν@b ὁ@dnfs καθίημι@annms- εἰμί@vipa3s πούς@ngmpc ϛ@rpdfs λαμβάνω@vmpa2s ὁ@dgfs κάτοιδα@ngfsc γ ́@b γίγνομαι@vipe3s β@ οὗτος@rpanp ποιέω@vmpa2s ἐπί@p ὁ@danp φοϛ@an---- γίγνομαι@vipe3p αρνβ@nvmsc τοσοῦτος@rpgns εἰμί@vifm3s ὁ@dans στερεός@anans-"
"Stereom._2.56.1","εἰμί@vmpa3s πυραμίς@nnfsc ἔχω@vppanfs ὁ@dafs βάσις@nafsc τετράγωνος@anafs- καί@cs ἔχω@vmpa3s ὁ@dans τετράγωνος@anans- ἕκαστος@anafs- πλευρά@nafsc ἀνά@p πούς@ngmpc ῑ@rpdfs ὁ@dnfs δέ@b πυραμίς@nnfsc ἔχω@vmpa3s πλευρά@nafpc ἀνακλείω@vpreafp ἀνά@p πούς@ngmpc ιγ@ u+2222@n---p εὑρίσκω@vnaa-- ὁ@dgfs πυραμίς@ngfsc ὁ@dafs κάθετος@anafs- καί@cs ὁ@dans στερεός@anans- ποιέω@vipa1s οὕτως@b πολυπλασιάζω@vipa1s ὁ@dgms τετράγωνος@ngmsc ὁ@dafs πλευρά@nafsc ἐπί@p ἑαυτοῦ@rpafs γίγνομαι@vipe3s ρ@ οὗτος@rpgnp ὁ@dnns u+2222@ γίγνομαι@vipe3s ἄν@n---c καί@b πολυπλασιάζω@vipa1s ὁ@danp ιγ@nanpc u+2222@n---p ἐπί@p ἑαυτοῦ@rpanp γίγνομαι@vipe3p ρπβ@nnmpc ε#@b ἀφαιρέω@vipa1s ἀπό@p οὗτος@rpgnp ὁ@danp ἄν@ λοιπός@annns- ρλβ@nnnsc δ ́@x οὗτος@angnp- λαμβάνω@vipa1s πλευρά@nafsc τετραγωνικός@anafs- γίγνομαι@vipe3s ια@nanpc u+2222@n---p"
"Stereom._2.56.2","εἰμί@vifm3s ὁ@dnfs κάθετος@annfs- πούς@nn-sc ια@nnnpc u+2222@n---p ὁ@dans δέ@b στερεός@anans- εὑρίσκω@vifa1p οὕτως@b ποιέω@vipa1s ὁ@dgms τετράγωνος@ngmsc ὁ@dans ἐμβαδόν@b γίγνομαι@vipe3s ρ@ οὗτος@rpanp πολυπλασιάζω@vipa1s ἐπί@p ὁ@dans γ ́@b ὁ@dgfs κάτοιδα@ngfsc ὅς@rpnns εἰμί@vipa3s πούς@ngmpc γ@b u+2222@ γ ́@b γίγνομαι@vipe3p τπγ@b γ ́@b εἰμί@vifm3s ὁ@dans στερεός@anans- ὁ@dgfs πυραμίς@ngfsc τπγ@b γ ́@b"
"Stereom._2.57.1","πυραμίς@nafsp μετρέω@vnaa-- βάσις@nafsc ἔχω@vppaafs τετράγωνος@anafs- ὥστε@cs ἕκαστος@anafs- ὁ@dgfp περί@p ὁ@dafs βάσις@nafsc πλευρά@ngfpc ἔχω@vnpa-- πούς@ngmpc ιβ@ ὁ@danp δέ@cs κλίμα@nanpc ἐκ@p πούς@ngmpc λϛ@ εὑρίσκω@vnaa-- αὐτός@rpgfs ὁ@dafs κάθετος@anafs- καί@cs ὁ@dafs βάσις@nafsc ποιέω@vipa1s οὕτως@b ὁ@dafs πλευρά@nafsc ὁ@dafs περί@p ὁ@dafs βάσις@nafsc ὁ@danp ιβ@ πολυπλασίαζε@vmpa2s ἐπί@p ἑαυτοῦ@rpanp γίγνομαι@vipe3p ρμδ@b εἶτα@b ὁ@dafs ἕτερος@anafs- ἐπί@p ἑαυτοῦ@rpafs γίγνομαι@vipe3p ρμδ@b ὁμοῦ@b συντίθημι@vmaa2s γίγνομαι@vipe3s σπή@nnfsc ὅς@rpgfp πλευρόν@nnfsc τετραγωνικός@annfs- γίγνομαι@vipe3s πούς@ngmpc ιζ@vppaams μετά@p διάφορος@ngnsc τοσοῦτος@rpgms ὁ@dnfs διαγώνιος@nnfsc ὁ@dgms περί@p ὁ@dafs βάσις@nafsc τετράγωνος@angms- ὅς@rpgnp u+2222@n---p γίγνομαι@vipe3p η@ u+2222@n---p οὗτος@rpnnp ἐπί@p ἑαυτοῦ@rpanp γίγνομαι@vipe3s οβ@nnmpc δ ́@x ἀπογράφω@vmam2s"
"Stereom._2.57.2","καί@cs ὁ@dnnp ὁ@dgns κλίμα@ngnsc ὁ@dnnp λϛ@an---- ἐπί@p ἑαυτοῦ@rpanp γίγνομαι@vipe3p ασgϛ@nvmsc ἀπό@p οὗτος@rpgnp αἴρω@viaa3p ὁ@danp οβ@ δ ́@x λοιπός@anans- ασκδ@nnfsc μετά@p διάφορος@ngnsc ὅς@rpgmp πλευρόν@nnfsc τετραγωνικός@annfs- γίγνομαι@vipe3s λε@nnfsc μετά@p διάφορος@ngnsc τοσοῦτος@rpgms καί@b ὁ@dnfs κάθετος@annfs- οὗτος@rpanp ποιέω@vmpa2s ἐπί@p ὁ@danp ρμδ@b ὁ@dans ἐμβαδόν@b γίγνομαι@vipe3s εμ@i οὗτος@angnp- λαμβάνω@vmaa2s ὁ@dans γ ́@b γίγνομαι@vipe3p αχπ@nvmsc"
"Stereom._2.57.3","τοσοῦτος@rpgns εἰμί@vifm3s ὁ@dans στερεός@anans- διά@p τίς@rpans δέ@b ὁ@dnns γ ́@b ὅτι@cs πᾶς@annns- πρίσμα@nnnsc στερεός@annnsc διαιρέω@vipe3s εἰς@p γ@b πυραμίς@nafpc ἴσος@anafp- τρίγωνος@anafp- βάσις@nafpc ἔχω@vppaafp ποιέω@vira1p δέ@b ὡς@cs στερεός@anans- παραλληλεπίπεδος@nansc ὁ@dnns δέ@b στερεός@annns- παραλληλεπίπεδος@nnnsc ἔχω@vipa3s πρίσμα@nanpc β@ ἕκαστος@annns- δέ@b πρίσμα@nnnsc ὁ@dgfs κατά@p ἑαυτοῦ@rpans πυραμίς@ngfsc εἰμί@vipa3s τριπλάσιος@annns- ὁ@dnns ἐπί@p ὁ@dgfs ἥμισυς@ngfsc ὁ@dgfs ὑπόκειμαι@vpregfs πυραμίς@ngfsc εἰμί@vipa3s γάρ@b τετράγωνος@anafs- βάσις@nafsc ἔχω@vppanfs ἀποδείκνυμι@viaa3s εὐκλείδης@nnmsp ἐν@p ὁ@ddms δωδέκατος@andms-"
"Stereom._2.58.1","πυραμίς@nnfsp κόλουρος@nnmsc τετράγωνος@annms- ὅς@rpgms ὁ@dnfp πλευρά@nnfpc ὁ@dgfs βάσις@ngfsc ἀνά@p πούς@ngmpc ῑ@vspa3s καί@cs ὁ@dnfp πλευρά@nnfpc ὁ@dgfs κορυφή@ngfsc ἀνά@p πούς@ngmpc β@ ὁ@dnns δέ@b κλίμα@nnnsc πούς@ngmpc θ@ μετρέω@vifp3s οὕτως@b ὑφαιρέω@viaa3s ὁ@dnnp β@ ὁ@dgfs κορυφή@ngfsc ἀπό@p ὁ@dgnp ῑ@rpgnp ὁ@dgfs βάσις@ngfsc λοιπός@anans- η@b οὗτος@rpnnp ἐπί@p ἑαυτοῦ@rpanp γίγνομαι@vipe3p ξδ@p ὅς@rpgnp u+2222@ γίγνομαι@vipe3p λβ@n---c καί@cs ὁ@dnnp θ@anans- ἐπί@p ἑαυτοῦ@rpanp γίγνομαι@vipe3s πα@nvcsc ἀπό@p οὗτος@rpgnp ὑφαιρέω@viaa3s ὁ@danp λβ@ λοιπός@anans- μθ@n---c ὅς@rpgmp πλευρόν@nnfsc τετραγωνικός@annfs- γίγνομαι@vipe3s πούς@ngmpc ζ@"
"Stereom._2.58.2","οὗτος@rpnns εἰμί@vipa3s ὁ@dnfs κάθετος@annfs- ἐπεί@cs οὖν@b ὁ@dnfs κάθετος@annms- πούς@ngmpc ζ@ εὑρίσκω@vifp3s ὁ@dans στερεός@anans- οὕτως@b συντίθημι@vmaa2s ὁ@danp β@ ὁ@dgfs κορυφή@ngfsc καί@cs ὁ@danp ῑ@ananp- ὁ@dgfs βάσις@ngfsc ὁμοῦ@b γίγνομαι@vipe3p ιβ@nnmpc ὅς@rpgnp u+2222@an---- γίγνομαι@vipe3p ϛ@i οὗτος@rpnnp ἐπί@p ἑαυτοῦ@rpanp γίγνομαι@vipe3s λϛ@i εἶτα@b ἀφαιρέω@viaa3s ἀπό@p ὁ@dgnp ῑ@rpanp ὁ@dnnp β@ ὁ@dgfs κορυφή@ngfsc λοιπός@anans- η@b ὅς@rpgnp u+2222@an---- γίγνομαι@vipe3p δ@b οὗτος@rpnnp ἐπί@p ἑαυτοῦ@rpanp γίγνομαι@vipe3s ιϛ@i ὅς@rpgnp γ ́@b γίγνομαι@vipe3p ε@p γ ́@b οὗτος@annnp- προστίθημι@vmaa2s ὁ@rpdmp λϛ@ ὁμοῦ@b γίγνομαι@vipe3p μα@b γ ́@b οὗτος@rpanp ἐπί@p ὁ@danp ζ@ ὁ@dgfs κάτοιδα@ngfsc γίγνομαι@vipe3p σπθ@b γ ́@b τοσοῦτος@rpgmp εἰμί@vifm3s ὁ@dans στερεός@anans- πούς@ngmpc"
"Stereom._2.59.1","πυραμίς@nafsp ἡμιτελής@anafs- μετρέω@vnaa-- ὁ@dafs λέγω3@vppeafs κόλουρος@nafsc ὁ@dafs βάσις@nafsc ἔχω@vppaafs τετράγωνος@anafs- ὅς@rpgfs ὁ@dnfp περί@p ὁ@dafs βάσις@nafsc πλευρά@nnfpc εἰμί@vipa3p ἐκ@p πούς@ndmsc ιϛ@an---- καί@cs ὁ@dnfp περί@p ὁ@dafs κορυφή@nafsc ἐκ@p πούς@ngmpc καί@cs ὁ@danp κλίμα@nanpc ἐκ@p πούς@ngmpc μ@ εὑρίσκω@vnaa-- πόσος@rpgmp εἰμί@vipa3s πούς@ngmpc ποιέω@vmpa2s οὕτως@b ὁ@dafs ιϛ@rpnfp ἐπί@p ἑαυτοῦ@rpanp γίγνομαι@vipe3p σνϛ@annfp- καί@b ὅμοιος@b ὁ@dnnp ἕτερος@annfp- ιϛ@vipa3s ἐπί@p ἑαυτοῦ@rpanp γίγνομαι@vipe3p σνϛ@annfp- συντίθημι@vmaa2s ὁμοῦ@b γίγνομαι@vipe3s φιβ@nnfpc οὗτος@angnp- ἀεί@b λαμβάνω@viia3s πλευρά@nafsc τετραγωνικός@anafs- γίγνομαι@vipe3s κβ@n---c β@ τοσοῦτος@rpgns μετά@p διάφορος@ngmsc ὁ@dnfs διαγώνιος@nnfsc ὁ@dgms ἐν@p ὁ@ddfs βάσις@ndfsc τετράγωνος@angms-"
"Stereom._2.59.2","εἶτα@b ὅμοιος@b ὁ@dnnp περί@p ὁ@dafs κορυφή@nafsc ὁ@dnnp ϛ@rpnnp ἐπί@p ἑαυτοῦ@rpanp γίγνομαι@vipe3s λϛ@i καί@cs ὅμοιος@b ὁ@danp παράκειμαι@vprennp ὁ@dnnp ϛ@rpnnp ἐπί@p ἑαυτοῦ@rpanp γίγνομαι@vipe3s λϛ@i συντίθημι@vmaa2s ὁμοῦ@b γίγνομαι@vipe3s οβ@i οὗτος@rpgnp πλευρόν@nnfsc τετραγωνικός@annfs- γίγνομαι@vipe3s η@dnfs u+2222@n---p μετά@p διάφορος@ngnsc τοσοῦτος@rpgms ὁ@dnfs διαγώνιος@nnfsc ὁ@dgms περί@p ὁ@dafs κορυφή@nafsc τετράγωνος@angms-"
"Stereom._2.59.3","οὗτος@rpanp ὑφαιρέω@viaa3s ἀπό@p ὁ@dgfs ἐν@p ὁ@ddfs βάσις@ndfsc διαγωνίζομαι@ngfsc ἀπό@p ὁ@dgnp κβ@ β@ λοιπός@anans- ιδ@vipa3s ϛʹ@vipa3s οὗτος@rpnnp πολυπλασίαζε@viia3s ἐπί@p ἑαυτοῦ@rpanp γίγνομαι@vipe3p ς@rpa-s γ ́@b δ ́@x θʼ@x καί@cs ὅμοιος@b ὁ@dnnp ὁ@dgns κλίμα@ngnsc ὁ@dnnp μ@an---- ἐπί@p ἑαυτοῦ@rpanp γίγνομαι@vipe3s αχ@nvmsc ἀπό@p οὗτος@angnp- ὑφαιρέω@viaa3s ὁ@danp ς@annnp- γ ́@x δ ́@x θʼ@x λοιπός@anans- αυ@ ὅς@rpgfp πλευρόν@nnfsc τετραγωνικός@annfs- γίγνομαι@vipe3s λη@nnfsc δ ́@cs ϛ ́@b μετά@p διάφορος@ngnsc τοσοῦτος@rpgms ὁ@dnfs κάθετος@annfs-"
"Stereom._2.59.4","ἔχω@vipa1p οὖν@b λίθος@namsc μείων@anams- ὅς@rpnns εἰμί@vipa3s ἀνισοπαχέω@vppaams ὅς@rpgms ὁ@dnfp περί@p ὁ@dafs βάσις@nafsc πλευρά@nnfpc ἐκ@p πούς@ndfsc ιϛ@annfp- ὁ@dnfp δέ@b περί@p ὁ@dafs κορυφή@nafsc ἐκ@p πούς@ngmpc ϛ@vspa3s μῆκος@nnnsc πούς@ngmpc λη@annns- δ ́@x ϛ ́@vspa3s ποιέω@vmpa2s οὕτως@b ὁ@damp ἐν@p ὁ@ddfs βάσις@ndfsc διά@p ἀλλήλων@rpgmp γίγνομαι@vipe3p σνϛ@annfp- καί@cs ὅμοιος@b ὁ@damp ἐν@p ὁ@ddfs κορυφή@ndfsc ϛ@vspa3s γίγνομαι@vipe3s λϛ@i συντίθημι@vmaa2s ὁμοῦ@b γίγνομαι@vipe3p σgβ@ ὅς@rpgnp u+2222@ γίγνομαι@vipe3p ρμϛ@ndfsc οὗτος@ananp- ἐπί@p ὁ@dafs κάθετος@anafs- ἐπί@p ὁ@danp λη@anans- δ ́@x ϛ ́@ananp- γίγνομαι@vipe3p ευξγ@nvmsc τοσοῦτος@rpgmp πούς@ngmpc ὁ@dnfs κόλουρος@annfs- πυραμίς@nnfsc καλέω@vppenfs"
"Stereom._2.59.5","ἐάν@cs δέ@b μή@b εἰμί@vspa3s ὁ@dnfs βάσις@nnfsc μή@b τε@cs ὁ@dnfs κορυφή@nnfsc τετράγωνος@annfs- ἀλλά@cs ἑτερομήκης@angfs- κατά@p ἕκαστος@anafs- ὁ@dgfp πλευρά@ngfpc πολύς@vpaanms πλασιάζω@vpaanms συντίθημι@vifa2s εἰς@p ὁ@dans ὁ@dafs διαγωνίζομαι@nafsc σύ@rpacs εὑρίσκω@vnaa-- οἷος@rpans ἐπί@p ὑπόδειγμα@ngnsc ἐάν@cs ὁ@dnfs εἷς@ ὁ@dgfp περί@p ὁ@dafs βάσις@nafsc εἰμί@vspa3s πούς@ngmpc ιϛ@vspa3s ὁ@dnfs δέ@b ἕτερος@annfs- πούς@ndfsc ιβ@ndfsc ποιέω@vifa2s ὁ@dnfp ιϛ@rpnfp ἐπί@p ἑαυτοῦ@rpanp γίγνομαι@vipe3p σνϛ@annfp- ὅμοιος@b καί@b ὁ@dnnp ιβ@ ἐπί@p ἑαυτοῦ@rpanp γίγνομαι@vipe3p ρμδ@b συντίθημι@vmaa2s ὁμοῦ@b γίγνομαι@vipe3s υ@rpgms ὅς@rpgfp πλευρόν@nnfsc τετραγωνικός@annfs- γίγνομαι@vipe3s καί@b τοσοῦτος@rpgms ὁ@dnfs διαγώνιος@nnfsc ὁ@dgms ἐν@p ὁ@ddfs βάσις@ndfsc τετράγωνος@angms- ὁ@dgns κατά@p αὐτός@rpafs μέθοδος@ngfsc εὑρίσκω@vifa2s ὁ@dans στερεός@anans-"
"Stereom._2.60.1","πυραμίς@nafsp μετρέω@vnaa-- τρίγωνος@anafs- ὀρθογώνιος@anafs- βάσις@nafsc ἔχω@vppaafs ὅς@rpgfs ὁ@danp κλίμα@nanpc οὐ@b ἐπί@p ἀνάγκη@ngfsc ζητέω@vnaa-- ὀρθός@angfs- εἰμί@vppagfs ὁ@dgfs κάτοιδα@ngmsc εἰμί@vmpa3s ὁ@dnfs μέν@b κάθετος@annms- πούς@ngmpc ἄν@b ὁ@dnfs δέ@b πρῶτος@annfs- ὁ@dgmp περί@p ὁ@dafs ὀρθός@anafs- γωνία@nafsc ὁ@dgms περί@p ὁ@dafs βάσις@nafsc τρίγωνον@angms- πούς@ngmpc δ@b ὁ@dnfs δέ@cs ἕτερος@annfs- πούς@ngmpc ε@p ποιέω@vmpa2s οὕτως@b ὁ@damp δ@x ἐπί@p ὁ@damp ε@ γίγνομαι@vipe3s καί@b ὅς@rpgnp u+2222@n---p γίγνομαι@vipe3p ῑ@i οὗτος@anamp- ἐπί@p ὁ@rpamp ἄν@x ὁ@rpgfs κάτοιδα@viam2s γίγνομαι@vipe3p σν@rpa-s ὅς@rpgnp ὁ@dans"
"Stereom._2.60.2","ϛ ́@ γίγνομαι@vipe3p μα@b β@ διά@p αἰτία@nafsc τοιοῦτος@rpafs πᾶς@annns- πρίσμα@nnnsc τρίγωνος@annns- ἔχω@vppanns βάσις@nafsc εἰμί@vipa3s ἥμισυς@annns- τετράγωνος@angns- διαιρέω@vipe3s δέ@b εἰς@p γ@b πυραμίς@nafpc τρίγωνος@anafp- βάσις@nafpc ἔχω@vppaafp καί@cs ὅμοιος@b ὁ@ddns πρίσμα@ndnsc οὗτος@rpans ἀποδείκνυμι@vipa3s εὐκλείδης@nnmsp ἐν@p ὁ@ddms ιβ ́@ εἰ@cs οὖν@b ὁ@dnns πρίσμα@nnnsc εἰμί@vipa3s ἥμισυς@annns- τετράγωνος@angns- καί@cs διαιρέω@vipe3s εἰς@p γ@b πυραμίς@nafpc γίγνομαι@vipe3s ἀναγκαῖος@b ὁ@dnns ὁ@dgfs πυραμίς@ngfsc ὁ@dgfs τρίγωνος@anafs- βάσις@nafsc ἔχω@vppagfs ἕκητι@anafs- βάσις@nafsc ἔχω@vppagfs"
"Stereom._2.60.3","ἀποτραβωνίζω@vpapgfs οὖν@b λαμβάνω@vsam1p ὁ@dans ϛ ́@anans- ἐάν@b δέ@b ὁ@dnns τρίγωνος@nnnsc ἰσοσκελής@annns- οἷος@rpans εἰμί@vmpa3p ὁ@dnfp ἴσος@annfp- ἐκ@p πούς@ngmpc ιβ@ ὁ@dnfs βάσις@nnfsc πούς@ngmpc η@ ὁ@dnnp κλίμα@nnnpc ἐκ@p πούς@ngmpc ἄν@b ὁ@dgfs πυραμίς@ngfsc ποιέω@vmpa2s οὕτως@b διαιρέω@vmpa2s ὁ@dafs βάσις@nafsc ὁ@dgnp η@ ὁ@dans u+2222@ γίγνομαι@vipe3s δ@b οὗτος@rpnnp ἐπί@p ἑαυτοῦ@rpanp γίγνομαι@vipe3s ιϛ@i καί@b ποιέω@vmpa2s εἷς@ ὁ@dgfp πλευρά@ngfpc ὁ@danp ιβ@ ἐπί@p ἑαυτοῦ@rpanp γίγνομαι@vipe3p ρμδ@b ἀπό@p οὗτος@rpgnp ὑφαιρέω@viaa3s ὁ@dnnp δ@b ἐπί@p ἑαυτοῦ@rpanp γίγνομαι@vipe3s ιϛ@i λοιπός@annnp- ρκη@nnnpc ὅς@rpgfp πλευρόν@nnfsc τετραγωνικός@annfs- πούς@annfs- ια@annnp- δ ́@x κβ ́@nnfpc μδ ́@rpnfs τοσοῦτος@rpgns εἰμί@vifm3s ὁ@dnfs κάθετος@annms- ὁ@dnfs ἐν@p ὁ@ddfs βάσις@ndfsc ὁ@dgns ἰσοσκελής@angns- τρίγωνον@ngnsc"
"Stereom._2.60.4","ὁ@dans δέ@b ἐμβαδόν1@b ποιέω@vifa2s οὕτως@b ὁ@dafs κάθετος@anafs- ἐπί@p ὁ@dafs βάσις@nafsc ὁ@damp ια@ δ ́@x κγʹ@ μδ ́@rpafd ἐπί@p ὁ@damp η@ γίγνομαι@vipe3p u+a7fc@n---p u+2222@n---p οὗτος@rpamp ἐπί@p ὁ@dafs κάθετος@anafs- ὁ@dgfs πυραμίς@ngfsc ὅς@rpafs εὑρίσκω@vifa2s οὕτως@b ἐπί@p πᾶς@angms- τρίγωνον@angns- καθόλου@b λαμβάνω@vppanms ὁ@dgfs κάτοιδα@ngfsc ὁ@dgfs ἐν@p ὁ@ddfs βάσις@ndfsc ὁ@dans u+2222@n---p ὁ@dgnp ια@ananp- δ ́@b κγʹ@ μεʹ@ γίγνομαι@vipe3p ε@cs u+2222@n---p ηʹμεʹ@b πη ́@nvmsc οὗτος@rpnnp ἐπί@p ἑαυτοῦ@rpanp γίγνομαι@vipe3p λβ@nnfpc μδ ́@rpdms καί@cs ὁ@dnnp ὁ@dgns κλίμα@ngnsc ἐπί@p ἑαυτοῦ@rpanp γίγνομαι@vipe3s χκε@b λοιπός@anans- ὑφαιρέω@viaa3s ὁ@damp λβ@nanpc μδ ́@rpdcs γίγνομαι@vipe3s φu+a7fcγ@n---c οὗτος@angnp- πλευρά@nafsc τετραγωνικός@anafs- γίγνομαι@vipe3p κδ@n---c ε#@b η#@ μετά@p διάφορος@ngnsc τοσοῦτος@rpgms ὁ@dnfs κάθετος@annfs-"
"Stereom._2.60.5","οὗτος@rpanp ἐπί@p ὁ@dans ἐμβαδόν1@b ὁ@dgns τρίγωνον@ngnsc ἐπί@p ὁ@damp u+a7fc@n---p ϛ ́@n---p γίγνομαι@vipe3p βσζ@vmpa2s οὗτος@angnp- λαμβάνω@vmpa2s ϛʹ@i τετράγωνος@ngmsc γίγνομαι@vipe3p πούς@nnmpc τξζ@b u+2222@b"
"Stereom._2.60.6","τοσοῦτος@rpgms ὁ@dnfs πυραμίς@nnfsc ἐάν@cs δέ@b ὅς@vspa3s πυραμίς@nnfsc τρίγωνος@anafs- ἀμβλυγώνιος@anafs- βάσις@nafsc ἔχω@vppanfs ὁ@dgns ἀμβλυγωνίος@angns- τρίγωνον@ngnsc ὁ@dans ἐμβαδόν1@b ποιέω@vmpa2s ἐπί@p ὁ@dafs κάθετος@anafs- καί@cs λαμβάνω@vifm2s ὁ@dans γʹ@ καί@cs ἔχω@vifa2s ὁ@dgfs πυραμίς@ngfsc ὁ@dans στερεός@anans- ὅμοιος@b καί@b ἄν@b ὀξυγώνιος@annms- εἰμί@vspa1s"
"Stereom._2.61.1","εἰμί@vmpa3s πυραμίς@nnfsc ἔχω@vppanfs βάσις@nafsc τρίγωνος@anafs- ὀρθογώνιος@annns- ὅς@rpgms εἰμί@vmpa3s ὁ@dnfs κάθετος@annfs- πούς@ngmpc ϛ@nnfsc ὁ@dnfs δέ@b βάσις@nnfsc πούς@ngmpc η@ ὁ@dnfs δέ@b ὑποτείνω@vppanfs πούς@ngmpc ῑ@ ὁ@dnfs δέ@b πυραμίς@nnfsc ἔχω@vmpa3s ἕκαστος@anafs- πλευρά@nafsc ἀνά@p πούς@ngmpc ιγ@ εὑρίσκω@vnaa-- αὐτός@rpgfs ὁ@dafs κάθετος@anafs-"
"Stereom._2.61.2","ποιέω@vipa1s οὕτως@b εὑρίσκω@vipa1s πρῶτος@b ὁ@dafs διάμετρος@nafsc ὁ@dgms κύκλος@ngmsc ὁ@dgms περιγράφω@vppagms ὁ@dans τρίγωνος@anans- πούς@ngmpc ι@ndmsc ὅστις@rpnfs εἰμί@vipa3s ὁ@dnfs ὑποτείνω@vppanfs οὗτος@rpgnp λαμβάνω@vmaa2s ὁ@dans u+2222@n---p γίγνομαι@vipe3p ε@b οὗτος@rpnnp ἐπί@p ἑαυτοῦ@rpanp γίγνομαι@vipe3s ἄν@x καί@b ὁ@dnnp ιγ@nnnpc ὁ@dgns κλίμα@ngnsc ἐπί@p ἑαυτοῦ@rpanp γίγνομαι@vipe3p ρξθ@b ὑφαιρέω@vipa1s ἀπό@p αὐτός@angnp- ὁ@rpanp ἄν@b λοιπός@anans- ρμδ@b οὗτος@angnp- λαμβάνω@vipa1s πλευρά@nafsc τετραγωνικός@anafs- γίγνομαι@vipe3p πούς@nnmpc ιβ@annmp-"
"Stereom._2.61.3","ὁ@dans δέ@b στερεός@anans- εὑρίσκω@vifa1p οὕτως@b πρῶτος@anans- ποιέω@vipa1s ὁ@dgms τρίγωνον@ngnsc ὁ@dans ἐμβαδόν@b καί@cs εἰμί@vipa3p πούς@nnmpc κδ@ καί@b λαμβάνω@vipa1s ὁ@dgfs κάτοιδα@ngfsc ὁ@dans γ ́@b ὅστις@rpnfs εἰμί@vipa3s ὁ@dgfs πυραμίς@ngfsc γίγνομαι@vipe3s δ@b οὗτος@rpanp πολυπλασιάζω@vipa1s ἐπί@p ὁ@dans ἐμβαδόν@b γίγνομαι@vipe3p u+aratcϛ@n---p πούς@nnmpc τοσοῦτος@rpgms ὁ@dans στερεός@anans-"
"Stereom._2.62.1","πυραμίς@nafsp ἐπί@p ἰσόπλευρος@angns- τρίγωνον@angns- βαίνω@vpraafs μετρέω@vifa1p οὕτως@b εἰμί@vmpa3s ἕκαστος@annfs- πλευρόν@nnfsc ὁ@dgfs βάσις@ngfsc ἀνά@p πούς@ngmpc λ@ καί@cs ὁ@dans κλίμα@nnnsc πούς@ngmpc καί@ ποιέω@vmpa2s ὁ@danp λ@ ἐπί@p ἑαυτοῦ@rpanp γίγνομαι@vipe3p ϡ.@i οὗτος@angnp- ὁ@dnns γ ́@b γίγνομαι@vipe3p ὁ@n---c καί@b ὁ@dnnp καί@ ἐπί@p ἑαυτοῦ@rpanp γίγνομαι@vipe3s υ@rpgms ἐκ@p οὗτος@rpgnp ὑφαιρέω@vipa1s ὁ@danp ὁ@ λοιπός@annns- ρ@ ὅς@rpgfp πλευρόν@nnfsc τετραγωνικός@annfs- γίγνομαι@vipe3s πούς@ndmsc ι@ndmsc τοσοῦτος@rpgmp εἰμί@vifm3s ὁ@dnfs κάθετος@annfs-"
"Stereom._2.62.2","ἐπεί@cs οὖν@b ὁ@dnfs κάθετος@annfs- πούς@ndmsc ι@rpdms εὑρίσκω@vifp3s ὁ@dnns ἐμβαδόν1@b οὕτως@b ὁ@danp λ@vipa1s ἐπί@p ἑαυτοῦ@rpanp γίγνομαι@vipe3p ϡ.@i οὗτος@rpgnp ὁ@dnns γʹ@ καί@cs ὁ@dnns ιαʹ@ γίγνομαι@vipe3p ὁ@dans οὗτος@rpgnp ὁ@dnns γʹ@b γίγνομαι@vipe3s ρλ@nnfsc οὗτος@rpnnp ἐπί@p ὁ@dafp ι@rpnfp ὁ@dgfs κάτοιδα@ngfsc γίγνομαι@vipe3p πούς@nnmpc ατ@nvmsc τοσοῦτος@rpgmp πούς@ngmpc εἰμί@vifm3s ὁ@dans στερεός@anans-"
"Stereom._2.63.1","εἰμί@vmpa3s πυραμίς@nnfsc πεντάγωνος@anafs- βάσις@nafsc ἔχω@vppanfs ὁ@dafs ὑπογράφω@vpreafs ὅς@rpgfs ἕκαστος@annfs- ὁ@dgfp περί@p ὁ@dafs βάσις@nafsc πλευρά@ngfpc ἀνά@p πούς@ngmpc ιβ@vipa3s ὁ@dnnp δέ@b κλίμα@nnnpc ἐκ@p πούς@ngmpc λε@ εὑρίσκω@vnaa-- ὁ@dafs κάθετος@anafs- καί@cs ὁ@dans στερεός@anans-"
"Stereom._2.63.2","καί@b περιγράφω@vmre3s περί@p ὁ@dans πεντάγωνος@anans- κύκλος@nnmsc ἔχω@vppanms ὁ@dafs περίμετρον@nafsc πούς@ngmpc ξγ@p εἰμί@vifm3s ἄρα@b ὁ@dnfs διάμετρος@nnmsc πούς@ngmpc καί@p οὗτος@rpgfs λαμβάνω@vmaa2s ὁ@dans u+2222@n---p γίγνομαι@vipe3p ι@b οὗτος@rpnnp ἐπί@p ἑαυτοῦ@rpanp γίγνομαι@vipe3s ρ@ καί@b ὁ@damp ὁ@dgns κλίμα@ngnsc πούς@nampc λε@vmpa2s ἐπί@p ἑαυτοῦ@rpamp γίγνομαι@vipe3p ασκε@nvmsc αἴρω@vmaa2s ἀπό@p οὗτος@rpgnp ὁ@danp ρ@ λοιπός@anans- αρκε@vmpa2s ὅς@rpgmp πλευρόν@nnfsc τετραγωνικός@annfs- πούς@ngmpc λγ@n---c u+2222@n---p κγʹ@n---c μετά@p διάφορος@ngnsc τοσοῦτος@rpgms εἰμί@vifm3s ὁ@dnfs κάθετος@nnfsc"
"Stereom._2.63.3","οὗτος@rpanp ποιέω@vmpa2s ἐπί@p ὁ@dans ἐμβαδόν1@b ὁ@dgms πενταγώνου@ngmsc οὕτως@b λαμβάνω@vmaa2s ὁ@dgmp ἐν@p ὁ@ddfs βάσις@ndfsc πούς@ngmpc ιβ@ ὁ@dans u+2222@ γίγνομαι@vipe3s ϛ@i οὗτος@rpamp ἐπί@p ἑαυτοῦ@rpamp γίγνομαι@vipe3s λϛ@i καί@cs ὁ@dans u+2222@n---p ὁ@dgfs διάμετρος@ngfsc ὁ@damp ι@n---c ἐπί@p ἑαυτοῦ@rpamp γίγνομαι@vipe3p πούς@nnmpc ρ@ ἀπό@p οὗτος@rpgmp ὑφαιρέω@viaa3s ὁ@damp λϛ@nampc λοιπός@anans- γίγνομαι@vipe3s πούς@nnmpc ξδ@p ὅς@rpgmp πλευρόν@nnfsc τετραγωνικός@annfs- γίγνομαι@vipe3s πούς@ngmpc η@"
"Stereom._2.63.4","τοσοῦτος@rpgms ὁ@dnfs κάθετος@annfs- ὁ@dnfs ἐν@p ὁ@ddms τρίγωνος@ndmsc οὗτος@rpamp ἐπί@p ὁ@dafs βάσις@nafsc ἐπί@p ὁ@damp ιβ@ γίγνομαι@vipe3s u+aratcϛ@n---p ὅς@rpgnp u+2222@vipe3p μη@b τοσοῦτος@rpgns εἰμί@vifm3s ὁ@dnns ἐμβαδόν1@b ὁ@dgms τρίγωνον@ngnsc οὗτος@ananp- ποιέω@vmpa2s πεντάκις@b ἐπεί@cs ε@b τρίγωνος@annnp- εἰμί@vipa3s γίγνομαι@vipe3p πούς@nnmpc σμ@nnnsc οὗτος@rpanp ποιέω@vmpa2s ἐπί@p ὁ@dafs κάθετος@anafs- ἐπί@p ὁ@damp λγ@ u+2222@ γίγνομαι@vipe3p πούς@nnmpc εἰμί@b οὗτος@angnp- λαμβάνω@vmpa2s ὁ@dans ϛʹ@ ἐπεί@cs ϛ ́@rpdns πῆμα@nnnsc εἰμί@vipa3s γίγνομαι@vipe3p πούς@nnmpc ατμα@nvnsc β@b τοσοῦτος@rpgns εἰμί@vifm3s ὁ@dans στερεός@anans-"
"Stereom._2.63.5","δύναμαι@vipe3s δέ@b καί@cs χωρίς@p ὁ@dgfs περιγραφή@ngfsc ὁ@dgms κύκλος@ngmsc ὁ@dnfs διάμετρος@nnfsc εὑρίσκω@vnap-- ἐπεί@cs γάρ@b ὁ@dnfs ὁ@dgms πενταγώνου@angms- δύναμαι@vipe3s ὁ@dafs ὁ@dgns ἑξάγωνος@angms- καί@cs ὁ@dgns δέκατος@angms- ὁ@dnns u+2222@dgfs πλευρά@ngfsc λέγω3@vipa1s δέ@b ὁ@dgnp ιβ@ ὁ@dans u+2220ʹ@n---p γίγνομαι@vipe3s ϛ@i οὗτος@rpnnp ἐπί@p ἑαυτοῦ@rpanp γίγνομαι@vipe3p πούς@nnmpc λϛ@nnfpc καί@b ὁ@rpanp ιβ@vipa3s ἐπί@p ἑαυτοῦ@rpanp γίγνομαι@vipe3p ρμδ@b ἀπό@p οὗτος@rpgnp ὑφαιρέω@viaa3s ὁ@danp λϛ@nanpc λοιπός@anans- ρη@vila1s ὅς@rpgfp πλευρόν@nnfsc τετραγωνικός@annfs- γίγνομαι@vipe3s πούς@ngmpc ι@ndmsc γʹ@nnfsc ιε ́@nnfsc τοσοῦτος@rpgms εἰμί@vifm3s ὁ@dgms ἑξάγωνος@ngmsc ὁ@dnfs πλευρόν@nnfsc τοσοῦτος@rpgns εἰμί@vipa3s ὁ@dnfs ἐκ@p ὁ@dgns κέντρον@ngnsc α@rpnfs γάρ@b εἰμί@vipa3s"
"Stereom._2.64.1","καί@cs ὁ@dafs ἑξάγωνος@nafsc μετρέω@vifa2s οὕτως@b οὐκέτι@b ζητέω@vppanms ὁ@dafs διάμετρος@nafsc οἶος@rpnns εἰμί@vmpa3s πυραμίς@nnfsc ἑξάγωνος@annfs- ὅς@rpgfs ἕκαστος@annfs- ὁ@dgfp πλευρά@ngfpc ἀνά@p πούς@ngmpc ὁ@dnnp δέ@b κλίμα@nnnpc ἐκ@p πούς@ngmpc λε@ εὑρίσκω@vnaa-- ὁ@dafs κάθετος@anafs- καί@cs ὁ@dans στερεός@anans- ποιέω@vipa1s οὕτως@b ὁ@rpanp ιβ@vipa1s ἐπί@p ἑαυτοῦ@ananp- γίγνομαι@vipe3p ρμδ@b καί@b ὁ@danp λε@vipa3s ἐπί@p ἑαυτοῦ@rpanp γίγνομαι@vipe3s σακε@anvms- ὑφαιρέω@viaa3s ἀπό@p οὗτος@rpgnp ὁ@danp ρμδ@b λοιπός@anans- απα@viaa3s ὅς@rpgfp πλευρόν@nnfsc τετραγωνικός@annfs- γίγνομαι@vipe3s πούς@ngmpc λβ@n---c u+2220ʹ@n---p δ ́@b η#@ ξγʹ@"
"Stereom._2.64.2","συντείνω@vipa3s τοσοῦτος@rpgns ὁ@dnfs κάθετος@annfs- οὗτος@rpafs ποιέω@vmaa2s ἐπί@p ὁ@dans ἐμβαδόν1@b ὁ@dgms ἑξάγωνος@ngmsc λαμβάνω@vifm2s δέ@x οὕτως@b ἐπεί@cs ἕξ@ τρίγωνος@ananp- ἰσόπλευρος@ananp- ἔχω@vipa3s ὁ@dnns ἑξάγωνος@nnnsc ὁ@dgns εἷς@ τρίγωνον@ngnsc ὁ@dans ἐμβαδόν1@b λαμβάνω@vpaanms ἑξάκις@b ποιέω@vifa2s καί@cs εὑρίσκω@vifa2s ὁ@dans ἐμβαδόν1@b ὁ@dgms ἑξάγωνος@ngmsc ὁ@dgms ἰσόπλευρος@ngmsc ποιέω@vifa2s δέ@b"
"Stereom._2.64.3","οὕτως@b ὁ@dafs α@rpgms αὐτός@rpgms πλευρά@nafsc ἐπί@p ἑαυτοῦ@rpafs γίγνομαι@vipe3p ρμδ@b οὗτος@rpgnp ὁ@dnns γʹ@b γίγνομαι@vipe3s μη@b καί@b ὁ@dams ι ́@an---- γίγνομαι@vipe3p ιδ@ γʹ@n---c ιεʹ@ ὁμοῦ@b γίγνομαι@vipe3p ξβ@p γʹ@ ιε ́@nvmsc οὗτος@rpanp ποιέω@vmaa2s ἑξάκις@b ἐπεί@cs ϛ@annnp- τρίγωνος@annnp- εἰμί@vipa3s γίγνομαι@vipe3p ὅδε@rpnns γʹ@b ιε ́@nvmsc οὗτος@rpanp ποιέω@vmaa2s ἐπί@p ὁ@dafs κάθετος@anafs- ἐπί@p ὁ@danp λβ@an---- u+2220ʹ@ δ ́@b η ́@ ξδ ́@ γίγνομαι@vipe3p πούς@nnmpc α@i βτιδ@i ὅς@rpgnp ἕκτος@anams- ἐπεί@cs ϛʹ@vspa3s πρίσμα@ngnsc γίγνομαι@vipe3p πούς@nnmpc βνβ@nvmsc γʹ@ τοσοῦτος@rpgmp εἰμί@vifm3s πούς@ngmpc ὁ@dnfs πυραμίς@nnfsc πούς@ngmpc βνβ@nvmsc γ ́@b"
"Stereom._2.65.1","πυραμίς@nafsp ἐπί@p ὀκτάγωνος@angfs- βάσις@ngfsc βαίνω@vpraafs μετρέω@vnaa-- εἰμί@vmpa3s πυραμίς@nnfsc ἔχω@vppanfs ἕκαστος@anafs- ὁ@dgfp ἐν@p ὁ@ddfs βάσις@ndfsc πλευρά@ngfpc ἀνά@p πούς@ndmsc ι@ndfsc ὁ@dnnp δέ@b κλίμα@nnnpc ἀνά@p πούς@ngmsc ιε@viia3s εὑρίσκω@vnaa-- αὐτός@rpgfs ὁ@dafs κάθετος@anafs- καί@cs ὁ@dans στερεός@anans- ποιέω@vipa1s οὕτως@b λαμβάνω@vipa1s ὁ@dans u+2222@n---p ὁ@dgfs πλευρά@ngfsc ὁ@dgms ἐν@p ὁ@ddfs βάσις@ndfsc ὀκτάγωνος@angms- οὗτος@rpnns εἰμί@vipa3s ὁ@dgnp ὁ@dnns u+2220ʹ@n---p γίγνομαι@vipe3p ε@b οὗτος@rpnnp ἐπί@p ἑαυτοῦ@rpanp γίγνομαι@vipe3s ἄν@x οὗτος@rpanp ποιέω@viia3s δίς@b γίγνομαι@vipe3s ἄν@n---c ὅς@rpgmp πλευρόν@nnfsc τετραγωνικός@annfs- γίγνομαι@vipe3s πούς@ngmpc ζ@ ιεʹ@ οὗτος@rpdmp προστίθημι@vipa1s ὁ@dans u+2222@dgfs ὁ@dgms ὀκτάγωνος@angms- πλευρά@ngfsc ὁ@damp ε@b πούς@nampc ὁμοῦ@b γίγνομαι@vipe3p πούς@nnmpc ιβ@ ιεʹ@ οὗτος@rpnnp ἐπί@p ἑαυτοῦ@rpanp γίγνομαι@vipe3p πούς@nnmpc ρμϛ@b μετά@p διάφορος@ngnsc"
"Stereom._2.65.2","καί@cs ὁ@dnns u+2222@dgfs πλευρά@ngfsc ποιέω@ndfsc ἐπί@p ἑαυτοῦ@rpanp γίγνομαι@vipe3p ἄν@b οὗτος@rpanp συντίθημι@vipa1s μετά@p ὁ@dgnp ρμϛ@ γίγνομαι@vipe3s ροα@nnnpc καί@b ὁ@ddfs ιε@an---- ὁ@dgns κλίμα@ngnsc ἐπί@p ἑαυτοῦ@rpanp γίγνομαι@vipe3p σκώ@vmpa2s ἀπό@p οὗτος@angnp- αἴρω@vipa1s ὁ@namsc ροα@namsc λοιπός@anans- νδ@b ὅς@rpgfp πλευρόν@nnfsc τετραγωνικός@annfs- γίγνομαι@vipe3s ζ@ γʹ@b τοσοῦτος@rpgms εἰμί@vifm3s ὁ@dnfs κάθετος@nnfsc"
"Stereom._2.65.3","ὁ@dans δέ@b στερεός@anans- οὕτως@b λαμβάνω@vipa1s ὁ@dgns ἐν@p ὁ@ddfs βάσις@ndfsc ὀκτάγωνος@ngmsc ὁ@dans ἐμβαδόν1@b καί@cs ποιέω@vipa1s ἐπί@p ὁ@dafs κάθετος@anafs- καί@cs ὁ@dgnp γίγνομαι@vpamgnp ὁ@dans γʹ@ εἰμί@vipa3s δέ@b αρπα@nvmsc τοσοῦτος@rpgmp πούς@ngmpc εἰμί@vifm3s ὁ@dans στερεός@annns- ὁ@dgfs πυραμίς@ngfsc ὁ@dgfs ὀκτάγωνος@angfs-"
"Stereom._2.66.1","εἰμί@vmpa3s πυραμίς@nnfsc ξυστρωτή@nnfsc τρίγωνος@annfs- ἐπί@p βάσις@ngfsc περιφέρεια@ngfpc ἐλαχύς@angfp- ἡμικύκλιον@angfs- ὅς@rpgfs ἀπό@p πέρας@ngnsc ἐπί@p πέρας@nansc ὁ@dnfs ὑποτείνω@vppanfs ὁ@dgfs ἐν@p ὁ@ddfs βάσις@ndfsc περιφέρεια@ngfsc ἕκαστος@annfs- πούς@ndmsc ι@ndfsc καί@cs ὁ@dnfp προσπίτνω@vppanfp κάθετος@b πούς@ngmpc β@ πλάτος@ngnsc ὁ@dnnp κλίμα@nnnpc ἐκ@p πούς@ngmpc καί@n---c ποιέω@vmpa2s οὕτως@b λαμβάνω@vmaa2s εἷς@ εὐθεῖα@ngfsc ὁ@dgmp ἐν@p ὁ@ddfs βάσις@ndfsc ὁ@dans u+2220ʹ@n---p γίγνομαι@vipe3p ε@b οὗτος@rpnnp ἐπί@p ἑαυτοῦ@rpanp γίγνομαι@vipe3s καί@b καί@cs ὁ@dafs ἕτερος@anafs- ἐπί@p ἑαυτοῦ@rpafs ὁ@dnfp ι@rpnfp γίγνομαι@vipe3s ρ@ ἀπό@p οὗτος@angnp- ὑφαιρέω@vmpa2s ὁ@danp καί@b λοιπός@anans- οε@rpnms οὗτος@rpgmp λαμβάνω@vmaa2s πλευρά@nafsc τετραγωνικός@anafs- γίγνομαι@vipe3s πούς@ngmpc η@ u+2222@ ιϛ ́@ τοσοῦτος@rpgns ὁ@dnfs ἀπό@p ὁ@dgfs κορυφή@ngfsc ὁ@dgns τρίγωνον@ngnsc ἐπί@p ὁ@dafs βάσις@nafsc κάθετος@annms-"
"Stereom._2.66.2","οὗτος@rpgfs λαμβάνω@vmaa2s ὁ@dans u+2222@n---p γίγνομαι@vipe3p δ@x δ ́@x ιϛ ́@annfp- λβʹ@n---c οὗτος@rpnnp ἐπί@p ἑαυτοῦ@rpanp γίγνομαι@vipe3s ιη@nnfsc u+2220ʹ@n---p δ ́@b θʼ@cs μετά@p διάφορος@ngnsc καί@cs ὁ@dans u+2220ʹ@n---p ὁ@dgfs βάσις@ngfsc ὁ@danp ε@p ἐπί@p ἑαυτοῦ@rpanp γίγνομαι@vipe3s ἄν@x ὁμοῦ@b γίγνομαι@vipe3p μγ@b u+2220ʹ@n---p δ ́@b ηʹ@b οὗτος@angnp- λαμβάνω@vmaa2s πλευρά@nafsc τετραγωνικός@anafs- γίγνομαι@vipe3p ϛ@i u+2222@ τοσοῦτος@rpgns ὁ@dnfs ἐκ@p ὁ@dgns κέντρον@ngnsc ὁ@dgms κύκλος@ngmsc ὁ@dgms περιγράφω@vppegms περί@p ὁ@dans τρίγωνος@anans-"
"Stereom._2.66.3","εὑρίσκω@vnaa-- ὁ@dafs κάθετος@anafs- ποιέω@vmpa2s ὁ@danp ϛ@rpanp ϛ ́@ ἐπί@p ἑαυτοῦ@rpanp γίγνομαι@vipe3s πούς@nnmpc μγ@n---c u+2220ʹ@n---p δ ́@b θʼ@b καί@cs ὁ@danp ὁ@dgns κλίμα@ngnsc ὁ@danp καί@ ἐπί@p ἑαυτοῦ@rpanp γίγνομαι@vipe3s υ@rpgms ἀπό@p οὗτος@rpgnp αἴρω@viia3p ὁ@danp μγ@n---c u+2222@n---p θʼ@cs λοιπός@anans- τνϛ@dams ιη ́@nnfsc οὗτος@angnp- λαμβάνω@vmaa2s πλευρά@nafsc τετραγωνικός@anafs- γίγνομαι@vipe3s ιη@nnfsc u+2220ʹ@n---p δ ́@b ηʹ@"
"Stereom._2.66.4","τοσοῦτος@rpgms ὁ@dnfs κάθετος@annfs- οὗτος@rpafs ἐπί@p ὁ@dans ἐμιβαδόν@b ὁ@dgms τρίγωνον@ngnsc λαμβάνω@vifm2s δέ@b οὕτως@b ὁ@dafs u+2220ʹ@nafsp ὁ@dgfs βάσις@ngfsc ὁ@danp ε@p ἐπί@p ὁ@dafs κάθετος@anafs- ὁ@dgfs βάσις@ngfsc ὁ@dgns τρίγωνον@ngnsc ἐπί@p ὁ@damp ὁ@dnfs u+2220ʹ@n---p η#@ ιϛ ́@n---c γίγνομαι@vipe3p μγ@b u+2220ʹ@n---p τοσοῦτος@angmp- πούς@ngmpc εἰμί@vifm3s ὁ@dnns ἐμβαδόν1@b ὁ@dgms τρίγωνον@ngmsc οὗτος@rpnnp ἐπί@p ὁ@damp ιη@viia3s u+2222@b θʼ@b γίγνομαι@vipe3s πούς@nnmpc ωκ@ngmsc u+2220ʹ@n---p τοσοῦτος@rpgns ὁ@dans στερεός@anans- ὁ@dgns συμπλήρωσις@ngnsc"
"Stereom._2.66.5","ἀπό@p οὗτος@rpgnp δεῖ@viia3s ὑφαιρέω@vnaa-- ὁ@dafp ξύστρα@nafpc ποιέω@vifa2s δέ@b οὕτως@b συντίθημι@vmaa2s ὁ@dafs βάσις@nafsc καί@cs ὁ@dafs κάθετος@anans- ὁ@dafs ι@ καί@cs ὁ@danp β@ γίγνομαι@vipe3p πούς@nnmpc ιβ@annmp- οὗτος@rpnnp ἐπί@p ὁ@dafs κάθετος@anafs- ὁ@dgfs πυραμίς@ngfsc ἐπί@p ὁ@dafp ιη@ u+2220ʹ@ δ ́@b θʼ@b γίγνομαι@vipe3s πούς@nnmpc σκϛ@ndfsc γ ́@b οὗτος@annnp- τρισσάκις@ananp- ἐπεί@cs γ@x ξύστρα@nnfpc εἰμί@vipa3p γίγνομαι@vipe3s χοθ@nnfsc εἰμί@viia3s δέ@b ὁ@dnns ὅλος@annns- συμπλήρωμα@nnnsc πούς@ngmpc ωκ@ngmsc u+2220ʹ@n---p ἀπό@p οὗτος@rpgnp ἐάν@cs ὑφαιρέω@vsaa1p ὁ@danp χοθ@b λοιπός@anans- ρμα@nansc u+2220ʹ@n---p ὅς@rpgnp ϛʹ@i ἐπεί@cs ἕκητι@annns- πῆμα@ngnsc εἰμί@vipa3s γίγνομαι@vipe3s κγ@n---c β@ τοσοῦτος@rpgms ὁ@dans στερεός@annns- ὁ@dgfp ξυστόν@ngfpc"
"Stereom._2.67.1","δείκνυμι@vire3s δέ@b ἐν@p ὁ@ddms ιβʹ@ ὁ@dgmp στοιχεῖον@angmp- ὅτι@cs πᾶς@annns- πρίσμα@nnnsc τρίγωνος@anafs- ἔχω@vppanns βάσις@nafsc διαιρέω@vipe3s εἰς@p γ@b πυραμίς@nafpc ἴσος@anafp- ὅθεν@b φανερός@annns- ὅτι@cs πᾶς@annfs- πυραμίς@nnfsc τρίτος@annns- μέρος@nnnsc εἰμί@vipa3s ὁ@dgns πρίσμα@ngnsc ὁ@dgns ὁ@dafs αὐτός@anafs- βάσις@nafsc ἔχω@vppagms καί@cs ὕψος@nansc ἴσος@annns- ἐκ@p δέ@b οὗτος@rpgnp δῆλος@annns- ὅτι@cs πᾶς@annfs- πυραμίς@nnfsc ἐπί@p ὁποιοσδηποτοῦν@angns- σχῆμα@ngnsc βαίνω@vpranfs γʹ@b μέρος@nnnsc εἰμί@vipa3s στερεός@angns- παραλληλεπίπεδος@ngnsc ὁ@dgns ὁ@dafs αὐτός@anafs- βάσις@nafsc ἔχω@vppagms καί@cs ὕψος@nansc ἴσος@annns-"
"Stereom._2.68.1","ὁ@dams δέ@b λέγω3@vppeams βωμίσκος@namsc μετρέω@vifa1p οὕτως@b ὅς@rpgms ὁ@dnns μέν@b ὕψος@nnnsc εἰμί@vipa3s πούς@ngmpc ἄν@an---- ὁ@dnfs δέ@b βάσις@nnfsc ὁ@dgms βωμίσκος@ngmsc ἔχω@vppanfs ὁ@dafs μέν@b μέγας@anafsc πλευρά@nafsc πούς@ngmpc κδ@n---c ὁ@dafs δέ@b ἐλάσσων@anafsc πούς@ndmsc ιϛ@ndfsc ὁ@dnfs δέ@b κορυφή@nnfsc ἔχω@vmpa3s ὁ@dnfs μέν@b μέγας@annfsc πλευρόν@nnfsc πούς@nampc ιβ@ ὁ@dnfs δέ@b ἐλάσσων@annfsc πούς@nampc η@"
"Stereom._2.68.2","συντίθημι@viaa1s ὁ@dgfs κορυφή@ngfsc καί@cs ὁ@dgfs βάσις@ngfsc ὁ@dafp μέγας@anafpc πλευρά@nafpc οἷος@rpans ὁ@danp ιβ@ καί@cs ὁ@danp κδ@ γίγνομαι@vipe3s λϛ@nnfpc καί@cs ἔτι@b ὁ@danp ὁ@dgfs βάσις@ngfsc καί@cs ὁ@dgfs κορυφή@ngfsc ὁ@dafp ἐλάσσων@anafpc πλευρά@nafpc εἰς@p ὁ@dans αὐτός@rpans οἷος@rpans ὁ@dafp ιϛ@ καί@cs ὁ@danp η@ γίγνομαι@vipe3p κδ@n---c λαμβάνω@vmaa2s ὁ@dans u+2222@ ὁ@dgnp λϛ@ γίγνομαι@vipe3s ιη@nnfsc ὅμοιος@b καί@cs ὁ@dgfp κδ@p ὁ@dnns u+2222@ γίγνομαι@vipe3s ιβ@namdc πολυπλασίαστος@vmaa2s οὗτος@rpanp ἐπί@p ὁ@danp ιη@ananp- γίγνομαι@vipe3s σιϛ@vipa3s"
"Stereom._2.68.3","καί@cs πάλιν@b ἀφαιρέω@vipa1s ἀπό@p ὁ@dgfs μέγας@ang-sc πλευρά@ngfsc ὁ@danp ιβ@n---c ἀπό@p ὁ@dgmp κδ@ λοιπός@anans- γίγνομαι@vipe3p ιβ@nnmpc οὗτος@rpgnp ὁ@dnns u+2222@ γίγνομαι@vipe3s ϛ@i καί@cs πάλιν@b ὅμοιος@b ὁ@dafs κορυφή@nafsc ἀπό@p ὁ@dgfs βάσις@ngfsc ὁ@dafs ἐλάσσων@anafsc πλευρά@nafsc οἷος@rpans ὁ@dnnp η@ ἀπό@p ὁ@dgnp ιϛ@ λοιπός@anans- γίγνομαι@vipe3p η@b οὗτος@rpgnp ὁ@dnns u+2222@n---p γίγνομαι@vipe3s δ@b οὗτος@rpanp πολυπλασίαστος@vmaa2s ἐπί@p ὁ@danp ϛ@rpanp γίγνομαι@vipe3p κδ@n---c"
"Stereom._2.68.4","οὗτος@angnp- ὁ@dans γʹ@b μερίζω@vmaa2s γίγνομαι@vipe3p η@ οὗτος@rpanp προστίθημι@viaa1s ὁ@ddmp σιϛ@rpdnp γίγνομαι@vipe3p ὁμοῦ@b σκδ@nnfsc οὗτος@rpanp πολυπλασίαστος@vmaa2s ἐπί@p ὁ@dans ὕψος@nansc ἐπί@p ὁ@danp ἄν@ γίγνομαι@vipe3p α@ ας@ καί@cs τοσοῦτος@rpgmp πούς@ngmpc εἰμί@vifm3s ὁ@dans στερεός@annns- ὁ@dgms βωμίσκος@ngmsc ὅμοιος@b δέ@b καί@b ἐπί@p ἄλλος@angmp- ἀριθμός@ngmpc μετρέω@vifa1p"
"Stereom._2.69.1","εὑρίσκω@vnaa-- ἐγώ@rpacp πούς@namsc ἐπί@p πούς@namsc τίς@rpans συνάγω@vipa3s ποιέω@vmpa2s οὕτως@b ὁ@dnms πούς@anamp- ἔχω@vipa3s δάκτυλος@nampc ιϛ@vipa3s οὗτος@rpamp ἐπαναλαμβάνω@vmpa2s γίγνομαι@vipe3p ιϛ@b οὗτος@rpnmp ἐπί@p ὁ@damp ιϛ@rpanp σνϛ@vifm2s οὗτος@rpamp ἀναλύω@viia3s εἰς@p ὁ@damp ιϛ@n---c δάκτυλος@nampc γίγνομαι@vipe3p ιϛ@i πούς@rpnms εἷς@nnmsc ἔχω@vipa1p οὖν@b ἐν@p ἀπόδειξις@ndfsc ἐκ@p ὁ@dgns εἶπον@vnaa-- ἐγώ@rpacp ἀπό@p ιϛ@ δάκτυλος@ngmpc ὁ@dams πούς@namsc ὅτι@cs γίγνομαι@vira3s εἷς@nnmsc πούς@b"
"Stereom._2.69.2","ὁ@dnms δέ@b εἷς@nnmsc u+2222@n---p πούς@annms- ἐπί@p α@ u+2222@n---p πούς@namsc οὕτως@b ψηφίζομαι@vifp3s ἐπεί@cs ὁ@dams πούς@namsc ιϛ@rpdms ἐφορίζω@viaa1p δάκτυλος@ngmpc εἰμί@vnpa-- γίγνομαι@vipe3s ὁ@dnms εἷς@nnmsc ποῦ@nnmsp δάκτυλος@nnmpc κδ@ λέγω@vipa2s οὖν@b αὐτός@rpanp ἐπί@p ἑαυτοῦ@rpanp γίγνομαι@vipe3s φοϛ@ndfsc οὗτος@rpanp δανείζω@viia3s παρά@p ὁ@ddms ιϛ@andfs- γίγνομαι@vipe3p λϛ@nnfpc ὅστις@rpnmp ποιέω@vipa3p πούς@nampc β@ δ ́@x"
"Stereom._2.69.3","u+2222@n---p ε#@b πούς@namsc ἐπί@p u+2222@ ε#@b ποιέω@vmpa2s οὕτως@b ὁ@dans u+2222@n---p δάκτυλος@annmp- η@ ὁ@dnns δ ́@b δ@b ὁμοῦ@b ιβ@n---c ὅστις@rpanp αὐτός@rpanp ἐπί@p ἑαυτοῦ@rpanp γίγνομαι@vipe3p ρμδ@ ἐπαναλαμβάνω@viia3s καί@b ὁ@dams πούς@namsc τουτέστι@vipa3s ὁ@damp ιϛ@an---- δάκτυλος@nampc ἐπί@p ὁ@rpamp ιϛ@ γίγνομαι@vipe3p σνϛ@annfp- σκοπέω@vmpa2s οὖν@b ἄρτι@b ὁ@dnnp ρμδ@n---c τίς@rpnns γίγνομαι@vipe3s εἰς@p ὁ@danp σνϛ@ananp- καί@cs λέγω3@vspa1p u+2222@n---p ιϛ ́@ ὡς@cs δῆλος@anans- εἰμί@vnpa-- ὅτι@cs u+2222@n---p δ ́@b ἐπί@p u+2222@n---p δ ́@b γίγνομαι@vipe3s u+2222@n---p ιϛ ́@an----"
"Stereom._2.69.4","β@n---c u+2222@n---p ε#@b η#@ ιϛʹ@ πρός@p β@ u+2222@ δ ́@b η ́@ ιϛ ́@ ποιέω@vmaa2s οὕτως@b δίς@b ιϛ@i λβ@i u+2222@i ὁ@dafs ιϛ@i η@ δ ́@x ὁ@rpdms ιϛ@rpdms δ@x η ́@i ὁ@i ιϛ@i β@ ιϛʹ@i ὁ@i ιϛ@i α@i ὁμοῦ@b μζ@p οὗτος@rpnnp ἐπί@p ἑαυτοῦ@rpanp γίγνομαι@vipe3p βσθ@nvmsc οὗτος@rpamp ἀπαρτίζω@vmpa2s εἰς@p ὁ@danp σνϛ@ananp- οὕτως@b ὀκτάκις@b ὁ@danp σνϛ@ananp- γίγνομαι@vipe3s βμη@nnfsc μένω@vipa3p καί@b ρξα@ananp- καί@cs εἰμί@vipa3p εἰς@p ὁ@danp σνϛ@ananp- u+2220 ́@ καί@cs σνϛ ́@anans- καί@cs εἶδον@vmam2s ὁ@danp β@ u+2222@n---p ε#@b η ́@ ιϛʹ@ πρός@p ὁ@danp β@ u+2222@n---p δ ́η ́@ ιϛʹ@ γίγνομαι@vira3p η u+2220 ́@ η ́@ καί@cs σνϛ ́@an----"
"Stereom._2.69.5","ἀρκέω@vmpa3s τοίνυν@b εἰς@p δήλωσις@nafsc ὁ@dgfs ὁ@dgms πούς@ngmsc ἀκριβής@angfss ἐπιψήφισις@ngfsc"
