"location","text"
"Pyrr._1.1","θεσπρωτοί@ngmpp καί@cs μολοσσός@ngmpp μετά@p ὁ@dams κατακλυσμός@namsc ἱστορέω@vipa3p φαέθων@namsp βασιλεύω@vnaa-- πρῶτος@anams- εἷς@anams- ὁ@dgmp μετά@p πελασγός@ngmsp παραγίγνομαι@vpamgmp εἰς@p ὁ@dafs ἤπειρος@namsp ἔνιοι@annmp- δέ@cs δευκαλίων@namsp καί@cs πύρρα@namsp ἵζω@vpamamp ὁ@dans περί@p δωδώνη@nafsp ἱερόν@nansc αὐτόθι@b κατοικέω@vnpa-- ἐν@p μολοσσός@ndmpp"
"Pyrr._1.2","χρόνος@ndmsc δέ@b ὕστερος@anans- νεοπτόλεμος@nnmsp ὁ@dnms ἀχιλλεύς@ngmsp λαός@namsc ἄγω@vpaanms αὐτός@annms- τε@b ὁ@dafs χώρα@nafsc κατέχω@viaa3s καί@cs διαδοχή@nafsc βασιλεύς@ngmpc ἀπό@p ἑαυτοῦ@rpgms καταλιμπάνω@viaa3s πυρρίς@nampp ἐπικαλέω@vppeamp καί@b γάρ@b αὐτός@rpdms πύρρος@nnmsp εἰμί@viia3s παιδικός@nnnsc ἐπωνύμιον@annns- καί@b ὁ@dgmp γνήσιος@angmp- παῖς@ngmpc ἐκ@p λανάσσης@ngfsp ὁ@dgfs κλεοδαῖος@ngmsp ὁ@dgms ὕλλος@ngmsp γίγνομαι@vpamgmp εἷς@anams- πύρρος@namsp ὀνομάζω@viaa3s ἐκ@p οὗτος@rpgns δέ@b καί@b ἀχιλλεύς@nnmsp ἐν@p ἤπειρος@ndmsp τιμή@nafpc ἰσόθεος@anafp- ἔχω@viaa3s ἄσπετος@ngmsp ἐπιχώριος@andfs- φωνή@ndfsc προσαγορεύω@vppenms"
"Pyrr._1.3","μετά@p δέ@b ὁ@damp πρῶτος@anamp- ὁ@dgmp διά@p μέσος@angns- βασιλεύς@ngmpc ἐκβαρβαρόω@vpapgmp καί@cs γίγνομαι@vpamgmp ὁ@ddfs τε@b δύναμις@ndfsc καί@cs ὁ@ddmp βίος@ndmpc ἀμαυρός@angmpc θαρσαλέος@namsp πρῶτος@anans- ἱστορέω@vipa3p ἑλληνικός@andnp- ἔθος@ndnpc καί@b γράμμα@ndnpc καί@cs νόμος@ndmpc φιλάνθρωπος@andmp- διακοσμέω@vpaaams ὁ@dafp πόλις@nafpc ὀνομαστός@anans- γίγνομαι@vnam-- θάρυβος@ngmsp δέ@b ἀλκέτας@nnmsp υἱός@nnmsc εἰμί@viia3s ἀλκέτας@nnmsp δέ@b ἀρύβας@nnmsp ἀρύβας@ngmsp δέ@cs καί@cs τρῳάς@ngfsp αἰακίδης@nnmsp"
"Pyrr._1.4","οὗτος@rpnms γαμέω@viaa3s ὁ@dafs μένων@ngmsp ὁ@dgms θεσσαλός@ngmsp θυγάτηρ@nafsc φθίω@nafsp ἀνήρ@ngmsc εὐδόκιμος@angms- περί@p ὁ@dams λαμιακός@anams- πόλεμος@namsc γίγνομαι@vpamgms καί@cs μέγας@anans- ἀξίωμα@nansc ὁ@dgmp σύμμαχος@ngmpc μετά@p λεωσθένης@nafsp λαμβάνω@vpaagms ἐκ@p δέ@b ὁ@dgfs φθία@ngfsp ὁ@ddms αἰακίδης@ndmsp γίγνομαι@vipe3p θυγάτηρ@nnfpc δηιδάμεια@nnfsp καί@cs τρωάς@nnmsp υἱός@nnmsc δέ@cs πύρρος@nnmsp"
"Pyrr._2.1","ἐπεί@cs δέ@b στασιάζω@vpaanmp ὁ@dnmp μολοσσός@nnmpp καί@cs ὁ@dams αἰακίδης@namsp ἐκβάλλω@vpaanmp ἐπάγω@viam3p ὁ@damp νεοπτόλεμος@ngmsp παῖς@nampc ὁ@dnmp μέν@b φίλος@nnmpc ὁ@dgms αἰακίδης@ngmsp διαφθείρω@viap3p καταλαμβάνω@vpapnmp ὁ@dams δέ@cs πύρρος@namsp ἔτι@b νήπιος@anams- εἰμί@vppaams καί@cs ζητέω@vppeams ὑπό@p ὁ@dgmp πολέμιος@ngmpc ἐκκλέπτω@vpaanmp ὁ@dnmp περί@p ἀνδροκλείδης@namsp καί@cs ἄγγελος@namsp φεύγω@viia3p οἰκέτης@nampc ὀλίγος@anamp- καί@cs γύναιον@nanpc τιθηνέω@vppeanp ὁ@dans παιδίον@nansc ἀναγκαῖος@b ἐφέλκω@vppenmp"
"Pyrr._2.2","καί@b διά@p οὗτος@rpans ὁ@dgfs φυγή@ngfsc αὐτός@rpdmp γίγνομαι@vppegfs δύσεργος@angfs- καί@cs βραδύς@angfs- καταλαμβάνω@vppenmp ὁ@dans μέν@b παιδίον@nansc ἐγχειρίζω@vipa3p ἀνδροκλείων@ndmsp καί@b ἱππίας@ndmsp καί@cs νεάνδρος@ndmsp νεανίσκος@ndmpc εἰμί@vppadmp πιστός@andmp- καί@cs ῥωμαλέος@andmp- ἀνά@p κράτος@nansc φεύγω@vnpa-- καί@cs μέγαρον@ngnpp ἔχω@vnpe-- χωρίον@ngnsc μακεδονικός@angns- προστάσσω@vpaanmp αὐτός@rpnmp δέ@cs ὁ@danp μέν@b δέω2@vppenmp ὁ@danp δέ@cs ἀπομάχομαι@vppenmp ὁ@ddmp διώκω@vppadmp ἐμποδών@b εἰμί@viia3p ἄχρι@p δείλη@ngfsc ὄψιος@angfs-"
"Pyrr._2.3","ἀποτρέπω@vppegmp δέ@b μόλις@b ἐκεῖνος@rpgmp μεταθέω@viia3p ὁ@damp ὁ@dams πύρρος@namsp κομίζω@vppaamp ἤδη@b δέ@cs ὁ@dgms ἥλιος@ngmsc καταδύω@vpragms ἐγγύς@b γίγνομαι@vpamnmp ὁ@dgfs ἐλπίς@ngfsc ἐξαίφνης@b ἀποκόπτω@viaa3p ἐντυγχάνω@vpaanmp ὁ@ddms παρά@p ὁ@dafs πόλις@nafsc ἀντικάθημαι@vppadms ποταμός@ndmsc χαλεπός@andms- μέν@b ὁράω@vnap-- καί@cs ἄγριος@andms- πειράω@vppedmp δέ@cs διαβαίνω@vnpa-- παντάπασι@b ἄπορος@andmss πολύς@annns- τε@b γάρ@b ἐκπίτνω@viia3s ῥεῦμα@nnnsc καί@cs θολερός@anans- ὄμβρος@ngmpc ἐπιγίγνομαι@vpamgmp καί@cs ὁ@dnns σκότος@nnnsc ποιέω@viia3s πᾶς@ananp- φοβερός@ananpc"
"Pyrr._2.4","κατά@p ἑαυτοῦ@rpamp μέν@b οὖν@b ἀπογιγνώσκω@viaa3p ἐπιχειρέω@vnpa-- παιδίον@nansc φέρω@vppenmp καί@cs γύναιον@nanpc ὁ@danp τρέφω@vppaanp ὁ@dans παιδίον@nansc αἰσθάνομαι@vpamnmp δέ@b ὁ@dgmp ἐπιχώριος@angmp- τις@rpamp ἐν@p ὁ@ddns πέραν@b ἵστημι@vpraamp δέω2@viie3p συλλαμβάνω@vnam-- πρός@p ὁ@dafs διάβασις@nafsc καί@cs ὁ@dams πύρρος@namsp ἀναδείκνυμι@viia3p βοάω@vppanmp καί@cs ἱκετεύω@vppanmp ὁ@dnmp δέ@b οὐ@b παρακούω@viia3p διά@p τραχύτης@nafsc καί@cs πατάγω@namsc ὁ@dams ῥεῦμα@ngnsc"
"Pyrr._2.5","ἀλλά@cs εἰμί@viia3s διατριβή@nnfsc ὁ@dgmp μέν@b βοάω@vppagmp ὁ@dgmp δέ@cs μή@b συνίημι@vppagmp ἄχρι@cs τις@rpnms ἐννοέω@vpaanms καί@cs περιαιρέω@vpaanms δρῦς@ngfsc φλοιός@namsc ἐγγράφω@viaa3s πόρπη@ndfsc γράμμα@nanpc φράζω@vppaams ὁ@dafs τε@b χρεία@nafsc καί@cs ὁ@dafs τύχη@nafsc ὁ@dgms παῖς@ngmsc εἶτα@cs λίθος@ndmsc ὁ@dams φλοιός@namsc περιελίσσω@vpaanms καί@cs χράω2@vpamnms οἷος@anans- ἕρμα1@ndnsc ὁ@dgfs βολή@ngfsc ἀφίημι@viaa3s εἰς@p ὁ@dans πέραν@b ἔνιοι@annmp- δέ@cs φημί@vipa3p σαυνίον@ndnsc περιπήγνυμι@vpaaamp ἀκοντίζω@vnaa-- ὁ@dams φλοιός@namsc"
"Pyrr._2.6","ὡς@cs δέ@b οὖν@b ἀναγιγνώσκω@viaa3p ὁ@dnmp πέραν@b ὁ@danp γράμμα@nanpc καί@cs σύνεἶδον@viaa3p ὁ@dafs ὀξύτης@nafsc ὁ@dgms καιρός@ngmsc κόπτω@vppanmp ξύλον@nanpc καί@cs πρός@p ἀλλήλων@rpanp συνδέω@vppanmp περαιόω@viie3p καί@b κατά@p τύχη@nafsc ὁ@dnms πρῶτος@annms- αὐτός@rpgmp περαιόω@vpapnms ἀχιλλεύς@nnmsp ὁ@dans ὄνομα@nansc ὁ@dams πύρρος@namsp δέχομαι@viam3s ὁ@damp δέ@b ἄλλος@rpamp ὡς@cs τυγχάνω@viaa3p ἄλλος@rpnmp διακομίζω@viia3p"
"Pyrr._3.1","οὕτως@b δέ@b σώζω@vpapnmp καί@cs φθάνω@vpaanmp ὁ@dafs δίωξις@nafsc εἰς@p ἰλλυριοί@nampp παραγίγνομαι@viam3p πρός@p γλαυκίης@namsp ὁ@dams βασιλεύς@namsc καί@b κατάἕζομαι@vppeams εὑρίσκω@vpaanmp οἴκοι@b μετά@p ὁ@dgfs γυνή@ngfsc ἐν@p μέσος@andms- ὁ@dans παιδίον@nansc ἐπί@p ὁ@dgfs γῆ@ngfsc κατατίθημι@viaa3p ὁ@dnms δέ@b εἰμί@viia3s ἐπί@p γνώμη@ngfsc κάσανδρος@namsp δείδω@vpranms ἐχθρός@namsc εἰμί@vppaams ὁ@dgms αἰακίδης@ngmsp καί@cs σιωπή@nafsc ἔχω@viia3s πολύς@anams- χρόνος@namsc βουλεύω@vppenms"
"Pyrr._3.2","ἐν@p οὗτος@rpdns δέ@b ὁ@dnms πύρρος@nnmsp ἀπό@p αὐτόματος@angns- προσερπύω@vpaanms καί@b λαμβάνω@vpamnms ὁ@dgns ἱμάτιον@ngnsc ὁ@ddfp χείρ@ndfpc καί@cs προσεξαναστάζω@vpaanms πρός@p ὁ@danp γόνυ@nanpc ὁ@dgms γλαυκίης@ngmsp γέλως@namsc πρῶτος@anans- εἶτα@b οἶκτος@namsc παρέχω@viaa3s ὥσπερ@cs τις@annms- ἱκέτης@nnmsc ἔχω@vppenms καί@cs δάκρυον@ngnpc ἔνιοι@annmp- δέ@cs φημί@vipa3p οὐ@b ὁ@ddms γλαυκίης@ndmsp προσπίτνω@vnaa-- αὐτός@rpams ἀλλά@cs βωμός@ngmsc θεός@ngmpc προσάπτω@vpamams ἵστημι@vnra-- πρός@p αὐτός@rpams περιβάλλω@vpaaams ὁ@dafp χείρ@nafpc καί@cs ὁ@dans πρᾶγμα@nansc ὁ@ddms γλαυκίης@ndmsp θεῖος1@anans- φαίνω@vnap--"
"Pyrr._3.3","διό@b καί@b παραυτίκα@b ὁ@dams πύρρος@namsp ἐγχειρίζω@viaa3s ὁ@ddfs γυνή@ndfsc κελεύω@vpaanms ἅμα@p ὁ@ddnp τέκνον@ndnpc τρέφω@vnpe-- καί@cs μικρός@anans- ὕστερος@anans- ἐξαιτέω@vppegmp ὁ@dgmp πολέμιος@ngmpc κάσσανδρος@ngmsp δέ@cs καί@b διακόσιοι@ananp- τάλαντον@nanpc δίδωμι@vppagms οὐ@b ἐκδίδωμι@viaa3s ἀλλά@cs καί@b γίγνομαι@vpamams δυοκαίδεκα@an---- ἔτος@ngnpc κατάγω@vpaanms εἰς@p ὁ@dafs ἤπειρος@nafsp μετά@p δύναμις@ngfsc βασιλεύς@namsc καθίστημι@viaa3s"
"Pyrr._3.4","εἰμί@viia3s δέ@b ὁ@dnms πύρρος@nnmsp ὁ@ddfs μέν@b ἰδέα@ndfsc ὁ@dgns πρόσωπον@ngnsc φοβερός@anansc ἔχω@vppanms ἤ1@cs σεμνός@anansc ὁ@dnns βασιλικός@annns- πολύς@anamp- δέ@cs ὀδούς@nampc οὐ@b ἔχω@viia3s ἀλλά@cs εἷς@ ὀστέον@annns- συνεχής@annns- εἰμί@viia3s ἄνωθεν@b οἷος@rpans λεπτός@andfp- ἀμυχή@ndfpc ὁ@dafp διαφυή@nafpc ὑπογράφω@vprenns ὁ@dgmp ὀδούς@ngmpc ὁ@ddmp δέ@b σπληνιάω@vppadmp δοκέω@viia3s βοηθέω@vnpa-- ἀλεκτρυών@nanpc θύω@vppanms λευκός@anans- ὕπτιος@angnp- τε@b κατάκειμαι@vpregmp ὁ@ddms δεξιός@andms- πούς@ndmsc πιέζω@vppanms ἀτρέμας@b ὁ@dans σπλάγχνον@nansc οὐδείς@rpnms δέ@b εἰμί@viia3s πένης@annms- οὐ@b δέ@cs ἄδοξος@annms- οὕτως@b ὥστε@cs μή@b τυγχάνω@vnaa-- ὁ@dgfs ἰατρεία@ngfsc δέω2@vpapnms"
"Pyrr._3.5","λαμβάνω@viia3s δέ@b καί@b ὁ@dams ἀλεκτρυών@namsc θύω1@vpaanms καί@cs ὁ@dnns γέρας@nnnsc οὗτος@annns- ἡδύς@annnss εἰμί@viia3s αὐτός@rpdms λέγω3@vipe3s δέ@b ὁ@dgms πούς@ngmsc ἐκεῖνος@rpgms ὁ@dams μέγας@anamsc δάκτυλος@namsc ἔχω@vnpa-- δύναμις@nafsc θεῖος1@anafs- ὥστε@cs μετά@p ὁ@dafs τελευτή@nafsc ὁ@dgns λοιπός@angns- σῶμα@ngnsc κατακαίω@vpapgns ἀπαθής@anams- καί@cs ἄθικτος@anams- ὑπό@p ὁ@dgns πῦρ@ngnsc εὑρίσκω@vnap-- οὗτος@rpnnp μέν@b οὖν@b ὕστερος@b"
"Pyrr._4.1","γίγνομαι@vpamdms δέ@b περί@p ἑπτακαίδεκα@an---- ἔτος@nanpc καί@cs δοκέω@vppadms ὁ@dafs ἀρχή@nafsc ἔχω@vnpa-- βέβαιος@b ἀποδημία@nnfsc τις@annfs- συντυγχάνω@viaa3s ὁ@dgmp γλαυκίης@ngmsp παῖς@ngmpc εἷς@angms- ὅς@rpdmp συντρίβω@vile3s γυνή@nafsc λαμβάνω@vppagms πάλιν@b οὖν@b ὁ@dnmp μολοσσός@nnmpp συνίστημι@vpaanmp ἐκβάλλω@viaa3p ὁ@damp φίλος@nampc αὐτός@rpgms καί@b ὁ@danp χρῆμα@nanpc διαρπάζω@viaa3p καί@cs νεοπτόλεμος@ndmsp παραδίδωμι@viaa3p ἑαυτοῦ@rpamp"
"Pyrr._4.2","ὁ@dnms δέ@b πύρρος@nnmsp οὕτως@b ὁ@dafs ἀρχή@nafsc ἀποβάλλω@vpaanms καί@cs γίγνομαι@vpamnms πᾶς@angmp- ἐρῆμος@annms- δημ́ητριος@ndmsp ὁ@ddms ἀντίγονος@ngmsp προσμείγνυμι@viaa3s ἑαυτοῦ@rpams ἔχω@vppadms ὁ@dafs ἀδελφή@nafsc αὐτός@rpgms δηιδάμεια@nafsp ὅς@rpafs ἔτι@b μέν@b εἰμί@vppaafs κόρη@nafsc ὀνομάζω@viia3p ἀλέξανδρος@ngmsp ὁ@dgms ῥωξάνη@ngfsp γυνή@nafsc ὁ@dgmp δέ@cs κατά@p ἐκεῖνος@rpamp δυστυχέω@vpapgmp ὥρα@nafsc ἔχω@vppaafs αὐτός@rpafs γαμέω@viaa3s ὁ@dnms δημ́ητριος@nnmsp"
"Pyrr._4.3","ὁ@dgfs δέ@b μέγας@angfs- μάχη@ngfsc ὅς@rpafs ἐν@p ἰψός@ndnsp πᾶς@annmp- ὁ@dnmp βασιλεύς@nnmpc ἀγωνίζομαι@viam3p πάρειμι@vppanms ὁ@dnms πύρρος@nnmsp ὁ@ddmp περί@p δημ́ητριος@namsp συμμετέχω@viia3s μειράκιον@nnnsc εἰμί@vppaans ἔτι@b καί@b ὁ@damp κατά@p ἑαυτοῦ@rpams τρέπω@viam3s καί@cs διαφαίνω@viap3s λαμπρός@annms- ἐν@p ὁ@ddmp μάχομαι@vpfmdnp πταίω@vpaaams δέ@b δημ́ητριος@namsp οὐ@b ἐγκαταλείπω@viaa3s ἀλλά@cs καί@b ὁ@dafp ἐν@p ὁ@ddfs ἑλλάς@ndfsp πόλις@nafpc πιστεύω@vpapnms διαφυλάσσω@viaa3s καί@cs σύμβασις@ngfpc αὐτός@rpdms γίγνομαι@vpamgfp πρός@p πτολεμαῖος@namsp πλέω@viaa3s εἰς@p αἴγυπτος@nafsp ὁμηρεύω@vpfanms"
"Pyrr._4.4","καί@b πτολεμαῖος@ndmsp μέν@b ἐν@p τε@b θήρα@ndfpc καί@cs γυμνάσιον@ndnpc ἐπίδειξις@nafsc ἀλκή@ngfsc καί@cs καρτερία@ngfsc παρέχω@viia3s ὁ@dafs δέ@cs βερενίκη@nafsp ὁράω@vppanms μέγας@anamss δύναμαι@vppeafs καί@cs πρωτεύω@nafsc ἀρετή@ndfsc καί@cs φρόνησις@ndfsc ὁ@dgfp πτολεμαῖος@ngmsp γυνή@ngfpc θεραπεύω@viia3s μάλιστα@b καί@b δεινός@annms- εἰμί@vppanms ὑπέρχομαι@vnaa-- ἐπί@p ὠφέλεια@ndfsc ὁ@damp κρείσσων@anampc ὥσπερ@cs ὑπερόπτης@nnmsc ὁ@dgmp ταπεινός@angmpc κόσμιος@annms- δέ@cs καί@cs σώφρων@annms- περί@p δίαιτα@nafsc ἐκ@p πολύς@angfp- νέος@angmp- ἡγεμονικός@angfp- προκρίνω@viap3s λαμβάνω@vnaa-- ἀντιγόνη@nafsp γυνή@nafsc ὁ@dgfp βερενίκη@ngfsp θυγάτηρ@ngfpc ὅς@rpafs ἔχω@viaa3s ἐκ@p φίλιππος@ngfsp πρίν@b ἤ1@cs πτολεμαῖος@ndmsp συνοικέω@vnpa--"
"Pyrr._5.1","μετά@p δέ@b ὁ@dams γάμος@namsc οὗτος@rpams ἔτι@b μᾶλλον@b εὐδοκιμέω@vppanms καί@cs γυνή@ngfsc ἀγαθός@angfs- ὁ@dgfs ἀντιγόνη@ngfsp περί@p αὐτός@rpams εἰμί@vppagfs διαπράσσω@viam3s χρῆμα@nanpc λαμβάνω@vpaanms καί@cs δύναμις@nafsc εἰς@p ἤπειρος@namsp ἐπί@p ὁ@dafs βασιλεία@nafsc ἀποστέλλω@vnap-- καί@b πάρειμι1@viia3s οὐ@b ἄκουσις@andmp- ὁ@ddmp πολύς@andmp- διά@p ὁ@dafs ἀπέχθεια@nafsc ὁ@dams νεοπτόλεμος@ngmsp χαλεπός@b καί@cs βίαιος@b ἄρχω@vppagms πλήν@p ἀλλά@cs δείδω@vpaanms μή@cs πρός@p τις@rpams ὁ@dgmp ἄλλος@angmp- βασιλεύς@ngmpc ὁ@dnms νεοπτόλεμος@nnmsp τρέπω@vsam3s διάλυσις@nafpc τίθημι@viam3s καί@cs φιλία@nafsc πρός@p αὐτός@rpams ἐπί@p κοινωνία@ndfsc ὁ@dgfs ἀρχή@ngfsc"
"Pyrr._5.2","χρόνος@ngmsc δέ@b πρόειμι1@vppagms εἰμί@viia3p ὁ@dnmp παροξύνω@vppanmp αὐτός@rpamp κρύφα@b καί@cs κατά@p ἀλλήλων@rpgmp ἐμποιέω@vppanmp ὑποψία@nafpc ὁ@dnfs μέντοι@cs μάλιστα@b κινέω@vpaanfs ὁ@dams πύρρος@namsp αἰτία@annfs- λέγω3@vipe3s τοιοῦτος@anafs- ἀρχή@nafsc λαμβάνω@vnaa-- ἔθω@vila3p ὁ@dnmp βασιλεύς@nnmpc ἐν@p πασσαρών@ndmsp χωρίον@ndnsc ὁ@dgfs μολοσσός@ngfsp ἄρειος@andms- ζεύς@ndmsp θύω1@vpaanmp ὁρκωμοτέω@vnpa-- ὁ@ddmp ἠπειρώτης@ndmpp καί@cs ὁρκίζω@vnpa-- αὐτός@rpnmp μέν@b ἄρχω@vnfa-- κατά@p ὁ@damp νόμος@nampc ἐκεῖνος@rpamp δέ@cs ὁ@dafs βασιλεία@nafsc διαφυλάσσω@vnfa-- κατά@p ὁ@damp νόμος@nampc"
"Pyrr._5.3","οὗτος@rpanp οὖν@b δράω@viie3s ἀμφότερος@angmp- ὁ@dgmp βασιλεύς@ngmpc πάρειμι1@vppagmp καί@cs σύνειμι1@viia3p ἀλλήλων@rpdmp μετά@p ὁ@dgmp φίλος@ngmpc δῶρον@nanpc πολύς@ananp- ὁ@danp μέν@b δίδωμι@vppanmp ὁ@danp δέ@cs λαμβάνω@vppanmp ἐνταῦθα@b δή@b γέλων@nnmsp ἀνήρ@nnmsc πιστός@annms- νεοπτόλεμος@ndmsp δεξιόομαι@vpamnms φιλόφρων@b ὁ@dams πύρρος@namsp δωρέομαι@viam3s βοῦς@ngmpc ἀροτήρ@ngmpc δύο@andnp- ζεῦγος@ndnpc οὗτος@rpanp μυρτίλος@nnmsp ὁ@dnms ἐπί@p ὁ@dgms οἶνος@ngmsc πάρειμι@vppanms αἰτέω@viia3s ὁ@dams πύρρος@namsp ἐκεῖνος@rpgms δέ@b μή@b δίδωμι@vppagms ἀλλά@cs ἕτερος@andms- χαλεπός@b φέρω@vpaanms ὁ@dnms μυρτίλος@nnmsp οὐ@b λανθάνω@viaa3s ὁ@dams γέλων@namsp"
"Pyrr._5.4","καλέω@vpaanms οὖν@b αὐτός@rpams ἐπί@p δεῖπνον@nansc ὡς@cs δέ@b φημί@vipa3p ἔνιοι@annmp- καί@cs χράω2@vpamnms παρά@p οἶνος@namsc ὥρα@nafsc ἔχω@vppadms λόγος@nampc προσφέρω@viaa3s παρακαλέω@vppanms αἱρέω@vnam-- ὁ@danp ὁ@dgms νεοπτόλεμος@ngmsp καί@cs φάρμακος@ndmpc διαφθείρω@vnaa-- ὁ@dams πύρρος@namsp ὁ@dnms δέ@b μυρτίλος@nnmsp δέχομαι@viam3s μέν@b ὁ@dafs πεῖρα@nafsc ὡς@b ἐπαινέω@vppanms καί@cs συμπείθω@vprenms μηνύω@viaa3s δέ@cs ὁ@ddms πύρρος@ndmsp καί@b κελεύω@vpaagms ἐκεῖνος@rpgms ὁ@dams ἀρχιοινοχόος@anams- ἀλεξικράτης@namsp ὁ@ddms γέλων@ndmsp συνίστημι@viaa3s ὡς@b δή@b μετέχω@vpfaams ὁ@dgfs πρᾶξις@ngfsc αὐτός@rpdmp βούλομαι@viie3s γάρ@b ἐν@p πλείων@andnpc ὁ@dnms πύρρος@nnmsp ὁ@dams ἔλεγχος2@namsc γίγνομαι@vnam-- ὁ@dgns ἀδίκημα@ngnsc"
"Pyrr._5.5","οὕτως@b δέ@b ὁ@dgms γέλων@ngmsp ἐξαπατάω@vppegms συνεξαπατάω@vppenms ὁ@dnms νεοπτόλεμος@nnmsp καί@cs ὁ@dafs ἐπιβουλή@nafsc ὁδός@ndfsc βαδίζω@vnpa-- οἴομαι@vppenms οὐ@b κατέχω@viia3s ἀλλά@cs ὑπό@p χαρά@ngfsc ἐκφέρω@viia3s πρός@p ὁ@damp φίλος@nampc καί@cs ποτέ@b κωμάζω@vpaanms παρά@p ὁ@dafs ἀδελφή@nafsc καδμεῖος@nafsp χράομαι@viie3s λαλιά@ndfsc περί@p οὗτος@rpgnp οὐδείς@rpams συνηχέω@vnpa-- οἴομαι@vppenms οὐδείς@rpnms γάρ@b εἰμί@viia3s πλησίος@b ἄλλος@annms- ἤ1@cs φαιναρέτη@nnfsp γυνή@nnfsc σάμων@ngmsp ὁ@dgms ὁ@danp ποίμνιον@nanpc καί@cs ὁ@danp βουκόλιον@nanpc ὁ@ddms νεοπτόλεμος@ndmsp διοικέω@vppagms οὗτος@rpnfs δέ@cs ἀποστρέφω@vprenfs πρός@p ὁ@dams τοῖχος@namsc"
"Pyrr._5.6","ἐπί@p κλίνη@ngfsc τις@angfs- δοκέω@viia3s καθεύδω@vnpa-- συνήκοος@annfs- δέ@b πᾶς@angnp- γίγνομαι@vpamnfs καί@cs λανθάνω@vpaanfs μετά@p ἡμέρα@nafsc ἵημι@viia3s πρός@p ἀντιγόνη@nafsp ὁ@dafs πύρρος@ngmsp γυνή@nafsc καί@cs πᾶς@ananp- καταλέγω@viaa3s ὅσος@ananp- ὁ@dgms νεοπτόλεμος@ngmsp πρός@p ὁ@dafs ἀδελφή@nafsc ἀκούω@viaa3s λέγω3@vppagms πυνθάνομαι@vpamnms δέ@cs ὁ@dnms πύρρος@nnmsp ἐκεῖ@b μέν@b ἡσυχία@nafsc ἄγω@viia3s ἐν@p δέ@cs θυσία@ndfsc καλέω@vpaanms ἐπί@p δεῖπνον@nansc ὁ@dams νεοπτόλεμος@namsp ἀποκτείνω@viaa3s"
"Pyrr._5.7","αἰσθάνομαι@vppmnms ὁ@dgmp ἠπειρώτης@ngmpp ὁ@damp κράτιστος@anamp- προσέχω@vppaamp ἑαυτοῦ@rpdms καί@b παρακελεύομαι@vppeamp ἀπαλλάσσω@vnap-- ὁ@dgms νεοπτόλεμος@ngmsp καί@cs μή@b μερίς@nafsc μικρός@anafs- ἔχω@vppaams βασίλεια@ngfsc ἀγαπάω@vnpa-- ἀλλά@cs ὁ@ddfs φύσις@ndfsc χράω2@vnam-- μέγας@angnpc πρᾶγμα@ngnpc ἀντιλαμβάνομαι@vppeams καί@cs τις@angfs- ὑποψία@ngfsc ἅμα@b προσγίγνομαι@vpamgfs ὁ@dams νεοπτόλεμος@namsp φθάνω@vpaanms ἀναιρέω@vnaa--"
"Pyrr._6.1","μιμνήσκω@vprenms δέ@b βερενίκη@ngfsp καί@cs πτολεμαῖος@ngmsp παιδίον@nansc μέν@b αὐτός@rpdms γίγνομαι@vpamans ἐκ@p ἀντιγόνη@ngfsp πτολεμαῖος@namsp ὀνομάζω@viaa3s οἰκίζω@vpaanms δέ@cs πόλις@nafsc ἐν@p ὁ@ddfs χερσόνησος@ndfsc ὁ@dgfs ἤπειρος@ngfsp βερονικίς@nafsp προσαγορεύω@viaa3s ἐκ@p δέ@b οὗτος@rpgns πολύς@ananp- μέν@b περινοέω@vppanms καί@cs μέγας@ananp- ὁ@ddfs γνώμη@ndfsc ὁ@ddfp δέ@cs ἐλπίς@ndfpc μάλιστα@b καί@cs πρῶτος@anans- ἀντιλαμβάνομαι@vppenms ὁ@dgmp πλησίος@b εὑρίσκω@viaa3s ἐμφύω@vnaa-- ὁ@ddmp μακεδών@ngmpp πρᾶγμα@ndnpc ἐκ@p τοιόσδε@angfs- τις@angfs- πρόφασις@ngfsc"
"Pyrr._6.2","ὁ@dgmp κάσσανδρος@ngmsp παῖς@ngmpc ὁ@dnms πρέσβυς@annmsc ἀντίπατρος@nnmsp ὁ@dafs τε@b μήτηρ@nafsc θεσσαλονίκη@nafsp ἀναιρέω@viaa3s καί@cs ὁ@dams ἀδελφός@namsc ἀλέξανδρος@namsp ἐλαύνω@viaa3s ὁ@dnms δέ@b πρός@p τε@b δημ́ητριος@namsp πέμπω@viaa3s δέω2@vppenms βοηθέω@vnpa-- καί@cs πύρρος@namsp καλέω@viia3s δημήτριος@ngmsp δέ@b ὑπό@p ἀσχολία@ngfpc βραδύνω@vppagms ἐπέρχομαι@vpaanms ὁ@dnms πύρρος@nnmsp αἰτέω@viaa3s μισθός@namsc ὁ@dgfs συμμαχία@ngfsc ὁ@dafs τε@b στυμφαία@nafsp καί@cs ὁ@dafs παραυαία@nafsp ὁ@dgfs μακεδονία@ngfsp καί@cs ὁ@dgnp ἐπίκτητος@ngnpc ἔθνος@ngnpc ἀμβρακία@nafsp ἀκαρνανία@nafsp ἀμφιλοχία@nafsp"
"Pyrr._6.3","προίημι@vpamgms δέ@b ὁ@dgms νεανίσκος@ngmsc οὗτος@rpanp μέν@b αὐτός@rpnms ἔχω@viia3s φρουρά@ndfpc καταλαμβάνω@vpaanms ὁ@danp δέ@cs λοιπός@ananp- κτάομαι@vppenms ἐκεῖνος@rpdms περικόπτω@viia3s ὁ@dams ἀντίπατρος@namsp λυσίμαχος@nnmsp δέ@b ὁ@dnms βασιλεύς@nnmsc αὐτός@annms- μέν@b εἰμί@viia3s ἐν@p ἀσχολία@ndfpc προθυμέομαι@vppenms ἀντίπατρος@ndmsp βοηθέω@vnpa-- οἶδα@vpranms δέ@cs ὁ@dams πύρρος@namsp οὐδείς@anans- ἀχαριστέω@vnpa-- οὐ@b δέ@cs ἀρνέομαι@vnpe-- πτολεμαῖος@ndmsp βούλομαι@vppeams πέμπω@viaa3s πλαστός@ananp- γράμμα@nanpc πρός@p αὐτός@rpams ὡς@b πτολεμαῖος@ngmsp κελεύω@vppagms ἀπαλλάσσω@vnpe-- ὁ@dgfs στρατεία@ngfsc τριακόσιοι@ananp- τάλαντον@nanpc παρά@p ὁ@dgms ἀντίπατρος@ngmsp λαμβάνω@vpaaams"
"Pyrr._6.4","λύω@vpaanms δέ@b ὁ@dafs ἐπιστολή@nafsc ὁ@dnms πύρρος@nnmsp εὐθύς2@b ὁ@dans ῥᾳδιούργημα@nansc ὁ@dgms λυσίμαχος@ngmsp σύνεἶδον@viaa3s οὐ@b δέ@b γάρ@b εἰμί@viia3s ὁ@dnfs συνήθης@annfs- γράφω@vprenfs προσαγόρευσις@nnfsc ὁ@dnms πατήρ@nnmsc ὁ@ddms υἱός@ndmsc χαίρω@vnpa-- ἀλλά@cs βασιλεύς@nnmsc πτολεμαῖος@nnmsp βασιλεύς@ndmsc πύρρος@ndmsp χαίρω@vnpa-- λοιδορέω@vpaanms δέ@b ὁ@dams λυσίμαχος@namsp ὅμως@b ποιέω@viie3s ὁ@dafs εἰρήνη@nafsc καί@cs σύνειμι2@viia3p ὡς@b κατά@p σφάγιον@ngnpc ὁρκωμοτέω@vpfanmp"
"Pyrr._6.5","ἐπεί@cs δέ@b ταῦρος@ngmsc καί@b κάπρος@ngmsc καί@cs κριός@ngnsc προσάσσω@vpapgms ὁ@dnms κριός@nnmsc αὐτόματος@b ἀποθνήσκω@viaa3s ὁ@ddmp μέν@b ἄλλος@rpdmp γελάω@vnpa-- ἔπειμι2@viia3s ὁ@dams δέ@cs πύρρος@namsp ὁ@dnms μάντις@nnmsc θεόδοτος@nnmsp ὄμνυμι@vnaa-- διακωλύω@viaa3s φημί@vpaanms ὁ@dans δαιμόνιον@nnnsc εἷς@andms- προσημαίνω@vnpa-- ὁ@dgmp τρεῖς@angmp- βασιλεύς@ngmpc θάνατος@namsc ὁ@dnms μέν@b οὖν@b πύρρος@nnmsp οὕτως@b ἀφίστημι@viaa3s ὁ@dgfs εἰρήνη@ngfsc"
"Pyrr._7.1","ὁ@ddms δέ@b ἀλέξανδρος@ndmsp ὁ@dgnp πρᾶγμα@ngnpc ἤδη@b κατάστασις@nafsc ἔχω@vppagnp ὅμως@b ὁ@dnms δημ́ητριος@nnmsp ἀφικνέομαι@viam3s καί@b δῆλος@annms- μέν@b εἰμί@viia3s εὐθύς2@b ἥκω@vppanms μή@b δέω2@vppedms καί@cs φόβος@namsc παρέχω@viia3s ὀλίγος@anafp- δέ@x ἡμέρα@ngfsc συγγίγνομαι@vpamnmp διά@p ἀπιστία@ngfsc ἐπιβουλεύω@viaa3p ἀλλήλων@rpdmp ἀμφότερος@annmp- καιρός@ndmsc δέ@b χράω2@vpamnms καί@cs φθάνω@vpaanms ἀποκτείνω@vipa3s ὁ@dnms δημ́ητριος@nnmsp ὁ@dans μειράκιον@nansc καί@cs βασιλεύς@nnmsc ἀναγορεύω@viap3s μακεδονία@ngfsp"
"Pyrr._7.2","εἰμί@viia3s μέν@b οὖν@b καί@b πρότερος@anans- αὐτός@rpdms πρός@p ὁ@dams πύρρος@namsp ἔγκλημα@nnnpc καί@b καταδρομή@nnfpc ὁ@dgfs θεσσαλία@ngfsp γίγνομαι@vila3p ὑπό@p ἐκεῖνος@rpgms καί@cs ὁ@dnns σύμφυτος@annns- νόσημα@nnnsc ὁ@ddfp δυναστεία@ndfpc ὁ@dnfs πλεονεξία@nnfsc ὁ@dafs γειτνίασις@nafsc αὐτός@rpdmp ἐπίφοβος@anafs- καί@cs ἄπιστος@anafs- παρέχω@viia3s καί@cs μᾶλλον@b ἔτι@b μετά@p ὁ@dafs ὁ@dgfs δηιδαμείη@ngfsp τελευτή@nafsc ἐπεί@cs δέ@b καί@b κατέχω@vpaanmp ἀμφότερος@annmp- μακεδονία@ngfsp συμπίτνω@viia3p εἰς@p ὁ@dans αὐτός@rpans καί@cs μέγας@anafpc λαμβάνω@viia3s πρόφασις@nafpc ὁ@dnfs διαφορά@nnfsc"
"Pyrr._7.3","δημ́ητριος@nnmsp μέν@b ἐπί@p αἰτωλοί@nampp στρατεύω@vpamnms καί@cs κρατέω@vpaanms πάνυχος@namsp αὐτόθι@b μετά@p πολύς@angfs- δύναμις@ngfsc καταλιμπάνω@vpaanms αὐτός@annms- βαδίζω@viia3s ἐπί@p πύρρος@namsp καί@cs πύρρος@nnmsp ἐπί@p ἐκεῖνος@rpams ὡς@cs αἰσθάνομαι@viam3s γίγνομαι@vpamgfs δέ@b διαμαρτία@ngfsc κατά@p ὁδός@nafsc ἀλλήλων@rpamp παραλλάσσω@viaa3p καί@cs δημ́ητριος@nnmsp μέν@b ἐμβάλλω@vpaanms εἰς@p ἤ@rpanp πείρων@namsc λεηλατέω@viia3s πῦρ@nnmsp ος@nnmsc δέ@cs πάναχος@ndmsp περιπίπτω@vpaanms εἰς@p μάχη@nafsc καθίστημι@viaa3s"
"Pyrr._7.4","καί@b ὁ@dgmp στρατιώτης@ngmpc συμπίτνω@vpaagmp δεινός@annms- εἰμί@viia3s καί@cs μέγας@annms- ἀγών@nnmsc μάλιστα@b κατά@p ὁ@damp ἡγεμών@nampc ὅς@dnms τε@b γάρ@b πάναυχος@nnmsp ἀνδρεία@ndfsc καί@b χείρ@ndfsc καί@cs ῥώμη@ndfsc σῶμα@ngnsc ἄριστος@annms- εἰμί@vppanms ὁμολογουμένως@b ὁ@dgmp περί@p δημ́ητριος@namsp στρατηγός@ngmpc καί@cs θάρσος@nansc ἔχω@vppanms καί@cs φρόνημα@nansc πρ@b οὐ καλέω@viie3s ὁ@dams πύρρος@namsp εἰς@p χείρ@nafpc ὅς@dnms τε@b πύρρος@nnmsp οὐδείς@rpdms ὁ@dgmp βασιλεύς@ngmpc ὑφίημι@vppenms ἀλκή@ngfsc καί@cs τόλμα@ngfsc καί@cs ὁ@dafs ἀχιλλεύς@ngmsp δόξα@nafsc ἑαυτοῦ@rpdms διά@p ἀρετή@nafsc μᾶλλον@b ἤ1@cs κατά@p γένος@nansc συνοικειόω@vnpa-- βούλομαι@vppenms ἐναντίος@annms- χωρέω@viia3s διά@p ὁ@dgmp πρόμαχος@ngmpc ἐπί@p ὁ@dams πάνυχος@namsp"
"Pyrr._7.5","εἰμί@viia3s δέ@b δορατισμός@nnmsc ὁ@dans πρῶτος@anans- εἶτα@cs ἐν@p χείρ@ndfdc γίγνομαι@vpamnmp μετά@p τέχνη@ngfsc ἅμα@b καί@cs βία@ngfsc χράομαι@viie3p ὁ@ddnp ξίφος@ndnpc λαμβάνω@vpaanms δέ@b ὁ@dnms πύρρος@nnmsp εἷς@anans- τραῦμα@nanpc δίδωμι@vpaanms δέ@cs δύο@an---- ὁ@dans μέν@b εἰς@p ὁ@dams μηρός@namsc ὁ@dans δέ@cs παρά@p ὁ@dams τράχηλος@namsc τρέπω@viam3s καί@cs καταβάλλω@viaa3s ὁ@dams πάνυχος@namsp οὐ@b μήν@b ἀναιρέω@viaa3s ἁρπάζω@viap3s γάρ@b ὑπό@p ὁ@dgmp φίλος@ngmpc ὁ@dnmp δέ@cs ἠ@nvmpp πειράω@nnmpc ὁ@ddfs νίκη@ndfsc ὁ@dgms βασιλεύς@ngmsc ἐπαίρω@vpapnmp καί@cs θαυμάζω@vpaanmp ὁ@dafs ἀρετή@nafsc βιάζω@viam3p καί@cs διακόπτω@viaa3p ὁ@dafs φάλαγξ@nafsc ὁ@dgmp μακεδών@ngmpp καί@cs φεύγω@vppaamp διώκω@vppanmp ἀποκτείνω@viaa3p τε@b πολύς@anamp- καί@cs πεντακισχίλιοι@anamp- ζάω@vppaamp αἱρέω@viaa3p"
"Pyrr._8.1","ὁ@dnms δέ@b ἀγών@nnmsc οὗτος@annms- οὐ@b τοσοῦτος@anans- ὀργή@ngfsc ὅς@rpgnp πάσχω@viaa3p οὐ@b δέ@cs μῖσος@ngnsc ἐμπίμπλημι@viaa3s ὁ@damp μακεδών@nampp πρός@p ὁ@dams πύρρος@namsp ὅσος@anafs- δόξα@nafsc αὐτός@rpgms καί@b θαῦμα@nansc ὁ@dgfs ἀρετή@ngfsc καί@cs λόγος@namsc ἐνεργάζομαι@viae3s ὁ@ddmp εἶδον@vpaadmp ὁ@danp ἔργον@nanpc καί@cs συμφέρω@vpapdmp κατά@p ὁ@dafs μάχη@nafsc καί@b γάρ@b ὄψις@nafsc οἴομαι@viie3p καί@b τάχος@nansc ἔοικα@vnra-- καί@cs κίνημα@nansc ὁ@ddmp ἀλέξανδρος@ngmsp καί@cs ὁ@dgfs φορά@ngfsc ἐκεῖνος@rpams καί@cs βία@nafpc παρά@p ὁ@damp ἀγών@nampc ἐν@p οὗτος@rpdns σκιά@nafpc τις@anafp- ὁράω@vnpe-- καί@cs μίμημα@nanpc ὁ@dgmp μέν@b ἄλλος@angmp- βασιλεύς@ngmpc ἐν@p πορφύρα@ndfpc καί@cs δορύφορος@andmp- καί@b κλίνω@ndfsc τράχηλος@ngmsc καί@cs ὁ@ddns μέγας@anansc διαλέγω@vnpe-- μόνος@angms- δέ@cs πύρρος@ngmsp ὁ@ddnp ὅπλον@ndnpc καί@cs ὁ@ddfp χείρ@ndfpc ἐπιδείκνυμι@vppegms ὁ@dams ἀλέξανδρος@namsp"
"Pyrr._8.2","ὁ@dgfs δέ@b περί@p τάξις@nafpc καί@cs στρατηγία@ngfsc ἐπιστήμη@ngfsc αὐτός@rpgms καί@cs δεινότης@ngfsc ἔνειμι@vipa3s δεῖγμα@nanpc λαμβάνω@vnaa-- ἐκ@p ὁ@dgnp γράμμα@ngnpc ὅς@rpanp περί@p οὗτος@rpgnp ἀπολιμπάνω@vira3s λέγω3@vipe3s δέ@b καί@b ἀντίγονος@nnmsp ἐρωτάω@vpapnms τις@rpnms ἄριστος@annms- ὁ@dgmp στρατηγός@ngmpc φημί@vnpa-- πύρρος@nnmsp ἄν@cs γηράσκω@vsaa3s περί@p ὁ@dgnp κατά@p ἑαυτοῦ@rpams οὕτως@b ἀποφαίνω@vpamnms μόνος@anans- ἀννίβας@nnmsp δέ@b σύμπας@angmp- ἀποφαίνω@viaa3s ὁ@dgmp στρατηγός@ngmpc πρῶτος@anans- μέν@b ἐμπειρία@ndfsc καί@cs δεινότης@ndfsc πύρρος@namsp σκηπίων@namsp δέ@b δεύτερος@anams- ἑαυτοῦ@rpams δέ@cs τρίτος@anams- ὡς@cs ἐν@p ὁ@ddmp περί@p σκηπίων@ngmsp γράφω@vire3s"
"Pyrr._8.3","καί@cs ὅλος@b οὗτος@rpans μελετάω@vppanms ἔοικα@vira3s καί@cs φιλοσοφέω@vppanms ἀεί@b διατελέω@vnpa-- ὁ@dnms πύρρος@nnmsp ὡς@cs μάθημα@ngnpc βασιλικός@ananss ὁ@dafp δέ@cs ἄλλος@anafp- γλαφυρία@nafpc ἐν@p οὐδείς@rpdms λόγος@ndmsc τίθημι@vnpe-- λέγω3@vipe3s γάρ@b ὡς@cs ἐρωτάω@vpaenms ἐν@p τις@andms- πότος@ndmsc πότερον@b αὐτός@rpdms φαίνω@vipe3s πύθων@nnmsp αὐλητής@nnmsc ἀμείνων@annmsc ἤ1@cs καφισίας@nnmsp εἶπον@vnaa-- ὅτι@cs πολυπέρχων@nnmsp στρατηγός@nnmsc ὡς@cs οὗτος@rpanp ὁ@ddms βασιλεύς@ndmsc ζητέω@vnpa-- μόνος@annnp- καί@cs γιγνώσκω@vnpa-- προσήκω@vppanns"
"Pyrr._8.4","εἰμί@viia3s δέ@b καί@b πρός@p ὁ@damp συνήθης@anamp- ἐπιεικής@annms- καί@cs πρᾶος@annms- ὀργή@nafsc σφοδρός@annms- δέ@cs καί@cs πρόθυμος@annms- ἐν@p ὁ@ddfp χάρις@ndfpc ἀερόπους@ngmsp γοῦν@b ἀποθνήσκω@vpaagms οὐ@b φέρω@viaa3s μέτριος@b ἐκεῖνος@rpams μέν@b ἀνθρώπινος@namsc πάσχω@vnra-- φάσκω@vppanms ἑαυτοῦ@rpams δέ@cs μέμφομαι@vppenms καί@cs κακίζω@vppanms ὅτι@cs μέλλω@vppanms ἀεί@b καί@cs βραδύνω@angnp- χάρις@nafsc οὐ@b ἀποδίδωμι@viaa3s αὐτός@rpdms ὁ@danp μέν@b γάρ@b χρέος@nanpc καί@b κληρονόμος@ndmpc εἰμί@vipa3s ἀποδίδωμι@vnaa-- ὁ@dgmp δανείζω@vpaagmp ὁ@dnfp δέ@cs ὁ@dgfp χάρις@ngfpc ἀμοιβή@nnfpc μή@b γίγνομαι@vpamnfp πρός@p αἰσθάνομαι@vppeamp ἀνιάω@vipa3p ὁ@dams χρηστός@anams- καί@cs δίκαιος@anams-"
"Pyrr._8.5","ἐν@p δέ@b ἀμβρακία@ndfsp κακολόγος@anams- τις@anams- καί@cs βλάσφημος@anams- ἄνθρωπος@namsc οἴομαι@vppegmp δεῖ@vnpa-- μεθίστημι@vnaa-- ὁ@dams πύρρος@namsp αὐτός@rpgms μένω@vppegmp φημί@viia3s μᾶλλον@b ἐγώ@rpamp ἐν@p ὀλίγος@andnp- ἤ1@cs περίειμι1@vppanms πρός@p ἅπας@anamp- ἄνθρωπος@nampc κακός@b λέγω3@vmpa3s καί@b ὁ@damp παρά@p οἶνος@namsc ἑαυτοῦ@rpams λοιδορέω@vpaaamp εἶτα@b ἐλέγχω@vppeamp ἐρωτάω@viaa3s εἰ@cs οὗτος@rpanp εἶπον@viaa3p ἀποκρίνω@vpamgms δέ@b ὁ@dgmp νεανίσκος@ngmpc εἷς@ngmsc οὗτος@rpnnp ὦ@i βασιλεύς@nvmsc πλείων@ananpc δέ@b ἄν@b ἔτι@b οὗτος@rpgnp ἐρῶ@vila1p εἰ@cs πλείων@annmsc πάρειμι1@viia3s οἶνος@nnmsc ἐγώ@rpdmp γελάω@vpaanms ἀφίημι@viaa3s"
"Pyrr._9.1","γυνή@nafpc δέ@b πρᾶγμα@ngnpc ἕνεκα@p καί@cs δύναμις@ngfsc πλείων@anafpc γαμέω@viaa3s μετά@p ὁ@dafs ἀντιγόνη@ngfsp τελευτή@nafsc καί@b γάρ@b αὐτολέων@ngmsp ὁ@dgms παίονες@ngmpp βασιλεύς@ngmsc λαμβάνω@viaa3s θυγάτηρ@nafsc καί@b βιρκνάω@nafsp ὁ@dafs βαρδύλλιος@ngfsp ὁ@dgms ἰλλύριος@ngfpp καί@cs λάνασσα@nafsp ὁ@dafs ἀγαθοκλῆς@ngmsp ὁ@dgms συρακούσιος@ngmsp προίξ@nafsc προσφέρω@vppeafs αὐτός@rpdms ὁ@dafs κερυκυραῖος@ngmpp πόλις@nafsc ἁλίσκομαι@vpraafs ὑπό@p ἀγαθοκλῆς@ngmsp ἐκ@p μέν@b οὖν@b ἀντιγόνη@ngfsp πτολεμαῖος@namsp υἱός@namsc ἔχω@viaa3s ἐκ@p δέ@b λανάσσης@ngfsp ἀλέξανδρος@namsp ἕλενος@namsp δέ@cs ὁ@dams νέος@anamss ἐκ@p βιρκκέννης@ngfsp"
"Pyrr._9.2","καί@b πᾶς@anamp- ἀγαθός@anamp- ἐν@p ὁ@ddnp ὅπλον@ndnpc τρέφω@viam3s καί@cs διάπυρος@anamp- εὐθύς2@b ἐκ@p γενετή@ngfsc ἐπί@p οὗτος@rpans θάσσω@vppeamp ὑπό@p αὐτός@rpgms λέγω3@vipe3s γάρ@b ὡς@cs ἐρωτάω@vpapnms ὑπό@p εἷς@angms- αὐτός@rpgmp ἔτι@b παῖς@ngmsc εἰμί@vppagms τις@rpdms καταλείπω@vifa3s ὁ@dafs βασιλεία@nafsc εἶπον@vnaa-- ὅς@rpnms ἄν@b σύ@rpgmp ὁ@dafs μάχαιρα@nafsc ὀξύς@anafss ἔχω@vspa3s οὗτος@rpnns δέ@b οὐδείς@rpans ἀποδείκνυμι@vipa3s ὁ@dgfs τραγικός@angfs- ἀρά@ngfsc ἐκεῖνος@rpgfs θηκτός@andms- σίδηρος@ndmsc δῶμα@nansc διαλαγχάνω@vnaa-- ὁ@damp ἀδελφός@nampc οὕτως@b ἄμικτος@annfs- εἰμί@vipa3s καί@cs θηριώδης@annfs- ὁ@dnfs ὁ@dgfs πλεονεξία@ngfsc ὑπόθεσις@nnfsc"
"Pyrr._10.1","μετά@p δέ@b ὁ@dafs μάχη@nafsc οὗτος@anafs- ὁ@dnms πύρρος@nnmsp ἐπανέρχομαι@vpaanms οἴκαδε@b λαμπρός@annms- ὑπό@p δόξα@ngfsc καί@cs φρόνημα@ngnsc χαίρω@viia3s καί@b ἀετός@nnmsp ὑπό@p ὁ@dgmp ἠπειρώτης@ngmpp προσαγορεύω@vppenms διά@p σύ@rpamp λέγω3@viia3s ἀετός@nnmsc εἰμί@vipa1s πῶς@b γάρ@b οὐ@b μέλλω@vspa1s ὁ@ddnp ὑμέτερος@andnp- ὅπλον@ndnpc ὥσπερ@cs ὠκύπτερος@andnp- ἐπαίρω@vppenms ὀλίγος@andns- δέ@b ὕστερος@anans- πυνθάνομαι@vpppnms νοσέω@vnpa-- ὁ@dams δημ́ητριος@namsp ἐπισφαλής@b ἐμβάλλω@viaa3s μέν@b ἐξαίφνης@b εἰς@p μακεδονία@nafsp ὡς@b ἐπιδρομή@nafsc τις@anafs- καί@cs λεηλασία@nafsc ποιέω@vpfmnms"
"Pyrr._10.2","παρά@p ὀλίγος@anans- δέ@cs ἔρχομαι@viaa3s πᾶς@angmp- ὁμοῦ@b κρατέω@vnaa-- καί@cs λαμβάνω@vnaa-- ἀμαχεί@b ὁ@dafs βασιλεία@nafsc ἐλαύνω@vpaanms ἄχρι@p ἐδέσσης@ngfsp μηδείς@rpgms ἀμύνω@vppegms πολύς@angmp- δέ@cs καί@b προστίθημι@vppegmp καί@cs συστρατεύω@vppagmp αὐτός@anams- τε@b δή@b ὁ@dams δημ́ητριος@namsp ὁ@dnms κίνδυνος@nnmsc ἐξανίστημι@viaa3s παρά@p δύναμις@nafsc ὅς@dnmp τε@cs φίλος@nnmpc καί@cs ἡγεμών@nnmpc ὀλίγος@andms- χρόνος@ndmsc πολύς@anamp- ἀθροίζω@vpaanmp ἐρρωμένος@b καί@cs πρόθυμος@b ἐπί@p ὁ@dams πύρρος@namsp ὁρμάω@viaa3p ὁ@dnms δέ@b λῃστρικός@anansc ἀφικνέομαι@vprenms οὐ@b μένω@viaa3s ἀλλά@cs φεύγω@vppanms μέρος@nansc τις@anans- ὁ@dgfs στρατιά@ngfsc ἀποβάλλω@viaa3s κατά@p ὁδός@nafsc ἐπιτίθημι@vpamgmp ὁ@dgmp μακεδών@ngmpp"
"Pyrr._10.3","οὐ@b μήν@b ὅτι@cs ῥᾴδιος@b καί@cs ταχύς@anans- ὁ@dams πύρρος@namsp ἐκβάλλω@viaa3s ὁ@dgfs χώρα@ngfsc ὁ@dnms δημ́ητριος@nnmsp ἀμελέω@viaa3s γιγνώσκω@vpranms δέ@cs μέγας@angnp- πρᾶγμα@ngnpc ἀντιλαμβάνω@vnpe-- καί@cs ὁ@dafs πατρῷος@anafs- ἀρχή@nafsc ἀνακτάομαι@vnpe-- δέκα@an---- μυριάς@ndfpc στρατός@ngmsc καί@cs ναῦς@ndfpc πεντακόσιοι@andfp- οὐ@b βούλομαι@viie3s ὁ@ddms πύρρος@ndmsp προσπταίω@vnaa-- οὐ@b δέ@cs ἀπολιμπάνω@vnaa-- μακεδών@ndmpp πάροικος@namsc ἐργώδης@anams- καί@cs χαλεπός@anams- ἀλλά@cs ἐπεί@cs μή@b σχολάζω@viia3s πολεμέω@vnpa-- πρός@p αὐτός@rpams διαλύω@vpapnms καί@cs τίθημι@vpamnms εἰρήνη@nafsc οὕτως@b ἐπί@p ὁ@damp ἄλλος@anamp- βασιλεύς@nampc τρέπω@vnam--"
"Pyrr._10.4","γίγνομαι@vpamgmp δέ@b διά@p οὗτος@rpanp ὁ@dgfp ὁμολογία@ngfpc καί@cs ὁ@dgfs γνώμη@ngfsc ἅμα@p ὁ@ddns μέγεθος@ndnsc ὁ@dgfs παρασκευή@ngfsc ἐκφαίνω@vpapgfs ὁ@dgms δημήτριος@ngmsp φοβέω@vpapnmp ὁ@dnmp βασιλεύς@nnmpc διαπέμπω@viie3p πρός@p ὁ@dams πύρρος@namsp ἄγγελος@nampc καί@cs γράμμα@nanpc θαυμάζω@vnpa-- φάσκω@vppanmp εἰ@cs ὁ@dams ἑαυτοῦ@rpgms προίημι@vpamnms καιρός@namsc ἐν@p ὁ@ddns δημήτριος@ngmsp πολεμέω@vnaa-- περιμένω@vipa3s καί@cs δύναμαι@vppenms μακεδονία@ngfsp ἐκβάλλω@vnaa-- αὐτός@rpams πολύς@ananp- πράσσω@vppaams καί@cs ταράσσω@vppeams ἐκδέχομαι@vipe3s καί@b σχολάζω@vppadms καί@cs μέγας@andms- γίγνομαι@vpamdms περί@p ὁ@dgnp ἐν@p μολοσσός@ndmpp ἱερόν@ngnpc καί@cs τάφος1@ngmpc διαγωνίζομαι@vnae-- καί@cs οὗτος@rpanp κέρκυρα@nafsp ἔναγχος@b ἀφαιρέω@vprenms ὑπό@p αὐτός@rpgms μετά@p ὁ@dgfs γυνή@ngfsc"
"Pyrr._10.5","ὁ@dnfs γάρ@b λάνασσα@nnfsp μέμφομαι@vpamnfs ὁ@dams πύρρος@namsp ὡς@b μᾶλλον@b προσέχω@vppaams ὁ@ddfp βάρβαρος@andfp- γυνή@ndfpc εἰς@p κέρκυρα@nafsp ἀποχωρέω@viaa3s καί@cs δέω2@vppenfs γάμος@ngmpc βασιλικός@angmp- καλέω@viia3s δημ́ητριος@namsp ἐφίστημι@vppenfs μάλιστα@b ὁ@dgmp βασιλεύς@ngmpc εὔκολος@b ἔχω@vppaams πρός@p γάμος@nampc γυνή@ngfpc ἐκεῖνος@rpnms δέ@b πλέω@vpaanms ὁ@ddfs τε@b λανάσσω@ndfsp συνέρχομαι@viaa3s καί@cs φρουρά@nafsc ἐν@p ὁ@ddfs πόλις@ndfsc καταλιμπάνω@viaa3s"
"Pyrr._11.1","οὗτος@rpanp πρός@p ὁ@dams πύρρος@namsp ὁ@dnmp βασιλεύς@nnmpc γράφω@vppanmp ἅμα@b καί@cs διά@p ἑαυτοῦ@rpgmp ἔτι@b μέλλω@vppaams καί@cs παρασκευάζω@vppeams ὁ@dams δημ́ητριος@namsp κινέω@viia3p πτολεμαῖος@nnmsp μέν@b γάρ@b ἐπιπλέω@vpaanms μέγας@andms- στόλος@ndmsc ὁ@dafp ἑλληνίς@nafpp ἀφίστημι@viaa3s πόλις@nafpc λυσίμαχος@nnmsp δέ@cs ὁ@dafs ἄνω@b μακεδονία@nafsp ἐκ@p θρᾳκία@ngfsp ἐμβάλλω@vpaanms πορθέω@viia3s πύρρος@nnmsp δέ@b οὗτος@rpdnp ἅμα@b συνεξανίστημι@vpaanms ἐπί@p βέροια@nafsp ἐλαύνω@viia3s προσδοκέω@vppanms ὅσπερ@rpnns συμβαίνω@viaa3s δημ́ητριος@namsp ὑπαντιάζω@vppaams λυσίμαχος@ndmsp ὁ@dafs κάτω@b χώρα@nafsc ἀπολιμπάνω@vnfa-- ἐρῆμος@anafs-"
"Pyrr._11.2","ἐκεῖνος@angfs- δέ@b ὁ@dgfs νύξ@ngfsc δοκέω@viaa3s κατά@p ὁ@damp ὕπνος@nampc ὑπό@p ἀλέξανδρος@ngmsp καλέω@vnpe-- ὁ@dgms μέγας@angms- καί@b παραγίγνομαι@vpamnms κλινήρης@namsc μέν@b αὐτός@rpams εἶδον@vnaa-- λόγος@ngmpc δέ@cs χρηστός@angmp- τυγχάνω@vnaa-- καί@cs φιλοφροσύνη@ngfsc ἐπαγγέλλω@vppegms πρόθυμος@b βοηθέω@vnfa-- αὐτός@rpgms δέ@b τολμάω@vpaagms εἶπον@vnaa-- καί@b πῶς@b ἄν@b ὦ@i βασιλεύς@nvmsc νοσέω@vppanms δυνατός@annms- εἰμί@vopa2s ἐγώ@rpdms βοηθέω@vnpa-- αὐτός@rpdms φημί@vnpa-- ὁ@ddns ὄνομα@ndnsc καί@cs περιβαίνω@vpaaams νισαῖος@namsp ἵππος@namsc ἡγέομαι@vnpe--"
"Pyrr._11.3","οὗτος@anafs- εἶδον@vpaanms ὁ@dafs ὄψις@nafsc ἐπιρρώννυμι@viap3s τάχος@ndnsc δέ@b χράω2@vpamnms καί@cs διατρέχω@vpaanms ὁ@danp μεταξύ@b καταλαμβάνω@vipa3s ὁ@dafs βέροια@nafsp καί@b ὁ@dans πλεῖστος@anans- αὐτόθι@b ὁ@dgfs στρατιά@ngfsc ἱδρύω@vpaanms ὁ@danp λοιπός@ananp- προσάγω@viie3s διά@p ὁ@dgmp στρατηγός@ngmpc ὁ@dnms δέ@cs δημ́ητριος@nnmsp ἐπεί@cs οὗτος@rpanp ἀκούω@viaa3s καί@cs πονηρός@anams- ἐν@p ὁ@ddns στρατόπεδον@ndnsc θόρυβος@namsc αἰσθάνομαι@viam3s ὁ@dgmp μακεδών@ngmpp δείδω@viaa3s πρόσω@b προάγω@vnaa-- μή@cs πλησίος@anams- γίγνομαι@vpamnmp βασιλεύς@ngmsc μακεδών@ngmsp καί@cs δόξα@nafsc ἔχω@vppagms μεταβάλλω@vsae3p πρός@p αὐτός@rpams"
"Pyrr._11.4","ὅθεν@b ἐπιστρέφω@vpaanms ἐπί@p ὁ@dams πύρρος@namsp ἄγω@viia3s ὡς@b ξένος1@anams- καί@cs μισέω@vppeams ὑπό@p ὁ@dgmp μακεδών@ngmpp ἐπεί@cs δέ@cs παραστρατοπεδεύω@viaa3s αὐτόθι@b πολύς@annmp- ὁ@dgmp ἐκ@p ὁ@dgfs βερόη@ngfsp ἀφικνέομαι@vppenmp ὁ@dams πύρρος@namsp ἐγκωμιάζω@viia3p ὡς@b ἄμαχος@anams- μέν@b ἐν@p ὁ@ddnp ὅπλον@ndnpc καί@cs λαμπρός@anams- ἀνήρ@namsc πρᾶος@b δέ@cs καί@cs φιλάνθρωπος@b ὁ@ddmp ἁλίσκομαι@vpradmp χράομαι@vppeams εἰμί@viia3p δέ@b τις@rpnmp ὅς@rpamp αὐτός@annms- ὁ@dnms πύρρος@nnmsp ἐγκαθίημι@viia3s προσποιέω@vppeamp εἰμί@vnpa-- μακεδών@nampp καί@cs λέγω3@vppaamp ὅτι@cs νῦν@b καιρός@nnmsc εἰμί@vipa3s ὁ@dgfs δημήτριος@ngmsp βαρύτης@ngfsc ἀπαλλάσσω@vnap-- πρός@p ἀνήρ@namsc δημοτικός@anams- καί@cs φιλοστρατιώτης@namsc μεταβάλλω@vpamamp ὁ@dams πύρρος@namsp"
"Pyrr._11.5","ἐκ@p οὗτος@rpgns ὁ@dnns πλεῖστος@annns- ἀναρέθομαι@vile3s ὁ@dgfs στρατιά@ngfsc καί@cs ὁ@dams πύρρος@namsp ζητέω@viia3p περισκοπέω@vppanmp τυγχάνω@viaa3s γάρ@b ἀφαιρέω@vprenms ὁ@dnns κράνος@nnmsc ἄχρι@p ὅς@rpgns συμφρονέω@vpaanms καί@cs πάλιν@b περιτίθημι@vpamnms γιγνώσκω@viap3s ὁ@ddms τε@b λόφος@ndmsc διαπρέπω@vppadms καί@cs ὁ@ddnp τραγικός@andnp- κέρας@ndnpc ὥστε@cs ὁ@damp μακεδών@nampp σύνθημα@nansc προστρέχω@vppaamp αἰτέω@vnpa-- ἄλλος@anamp- δέ@cs κλάδος@nampc δρῦς@ngfsc ἀναστέφω@vnpe-- διά@p ὁ@dans καί@b ὁ@damp περί@p ἐκεῖνος@rpams στεφανόω@vpreamp ὁράω@vnpa--"
"Pyrr._11.6","ἤδη@b δέ@b καί@b πρός@p αὐτός@rpams τις@rpnmp τολμάω@viia3p λέγω3@vnpa-- ὁ@dams δημ́ητριος@namsp ὡς@cs ὑπεξίσταμαι@vpaanms καί@cs προίημι@vpamnms ὁ@danp πρᾶγμα@nanpc καλός@b δοκέω@vsaa3s βουλεύω@vnre-- οὗτος@andmp- ὁ@ddmp λόγος@ndmpc ὅμοιος@anans- ὁράω@vppanms ὁ@dans κίνημα@nansc ὁ@dgns στρατόπεδον@ngnsc καί@cs φοβέω@vpapnms κρύφα@b διαπίπτω@viaa3s καυσία@ndfsc τις@andfs- καί@cs λιτός@andns- χλαμυδίῳ@ndnsc περιστέλλω@vpaanms ἑαυτοῦ@rpams ἐπέρχομαι@vpaanms δέ@cs ὁ@dnms πύρρος@nnmsp ἀμαχεί@b παραλαμβάνω@viaa3s ὁ@dans στρατόπεδον@nansc καί@cs βασιλεύς@nnmsc ἀναγορεύω@viap3s μακεδών@ngmpp"
"Pyrr._12.1","ἐπιφαίνω@vpapgms δέ@b λυσίμαχος@ngmsp καί@cs κοινός@anans- ἔργον@nansc ἄμφω@angmd- ποιέω@vppegms ὁ@dafs δημήτριος@ngmsp κατάλυσις@nafsc καί@cs νέμω@vnpe-- ὁ@dafs βασιλεία@nafsc ἀξιόω@vppagms οὔπω@b πάνυ@b βέβαιος@b ὁ@ddmp μακεδών@ndmpp πιστεύω@vppanms ὁ@dnms πύρρος@nnmsp ἀλλά@cs ἀμφίβολος@annms- εἰμί@vppanms ἐν@p αὐτός@rpdmp δέχομαι@viam3s ὁ@dgms λυσίμαχος@ngmsp ὁ@dafs πρόκλησις@nafsc καί@cs διανέμω@viam3p ὁ@dafp πόλις@nafpc καί@cs ὁ@dafs χώρα@nafsc πρός@p ἀλλήλων@rpamp"
"Pyrr._12.2","οὗτος@rpnns δέ@b ὀνίνημι@viaa3s μέν@b ἐν@p ὁ@ddns πάρειμι1@vppadns καί@cs καταπαύω@viaa3s ὁ@dams πόλεμος@namsc αὐτός@rpdmp ὀλίγος@andns- δέ@cs ὕστερος@anans- γιγνώσκω@viaa3p οὐ@b ἀπαλλαγή@nafsc ἔχθρα@ngfsc ἀλλά@cs ἔγκλημα@ngnpc καί@cs διαφορά@ngfsc ἀρχή@nafsc ποιέω@vprenmp ὁ@dafs νέμησις@nafsc ὅς@rpdmp γάρ@b οὐ@b πέλαγος@nnmsc οὐ@b ὄρος@nnnsc οὐ@b ἀοίκητος@annfs- ἐρημία@nnfsc πέρας@nnnsc εἰμί@vipa3s πλεονεξία@ngfsc οὐ@b δέ@cs ὁ@dnmp διαιρέω@vppanmp εὐρώπη@namsp καί@cs ἀσία@namsp τέρμων@nnmpc ὁρίζω@vipa3p ὁ@dafp ἐπιθυμία@nafpc πῶς@b ἄν@b ἅπτω@vppenmp καί@cs ψαύω@vppanmp ἀλλήλων@rpgmp ἀτρεμέω@vopa3p ἐν@p ὁ@ddnp πάρειμι1@vppadmp μή@b ἀδικέω@vppanmp"
"Pyrr._12.3","οὐ@b εἰμί@vipa3s εἶπον@vnaa-- ἀλλά@cs πολεμέω@vipa3p μέν@b ἀεί@b ὁ@dans ἐπιβουλεύω@vnpa-- καί@cs φθονέω@vnpa-- ἔμφυτος@anans- ἔχω@vppanmp δύο@angnd- δέ@cs ὄνομα@ngnpc ὥσπερ@cs νόμισμα@ngnpc πόλεμος@ngmsc καί@cs εἰρήνη@ngfsc ὁ@ddns παρατυγχάνω@vpaadms χράω@vipe3p πρός@p ὁ@dans συμφέρω@vppaans οὐ@b πρός@p ὁ@dans δίκαιος@anans- ἐπεί@cs βελτίων@annmpc γε@b πολεμέω@vnpa-- ὁμολογέω@vppanmp εἰμί@vipa3p ἤ1@cs ὁ@dgfs ἀδικία@ngfsc ὁ@dans ἀργέω@vppaans καί@cs σχολάζω@vppaans δικαιοσύνη@nafsc καί@cs φιλία@nafsc ὀνομάζω@vppanmp"
"Pyrr._12.4","δηλόω@viaa3s δέ@b ὁ@dnms πύρρος@nnmsp ἐμποδών@b γάρ@b αὐξάνω@vppedms ὁ@ddms δημ́ητριος@ndmsp πάλιν@b ἵστημι@vppenms καί@cs κωλύω@vppanms ὁ@dafs δύναμις@nafsc ὥσπερ@b ἐκ@p ἀρρωστία@ngfsc μέγας@angfs- ἀναλαμβάνω@vppaafs βοηθέω@viia3s ὁ@ddmp ἕλλην@ndmpp καί@cs παρέρχομαι@viaa3s εἰς@p ὁ@dafp ἀθῆναι@nafpp ἀναβαίνω@vpaanms δέ@cs εἰς@p ὁ@dafs ἀκρόπολις@nafsc καί@b θύω1@vpaanms ὁ@ddfs θεός@ndfsc καί@cs καταβαίνω@vpaanms αὐθήμερος@b ἀγαπάω@vnpa-- μέν@b φημί@viaa3s ὁ@dgms δῆμος@ngmsc ὁ@dafs πρός@p αὐτός@rpams εὔνοια@nafsc καί@cs πίστις@nafsc ἄν@cs μέντοι@b σωφρονέω@vspa3p μηδείς@rpams ὁ@dgmp βασιλεύς@ngmpc ἔτι@b παρίημι@vnfa-- αὐτός@rpamp εἰς@p ὁ@dafs πόλις@nafsc μη@b δέ@cs ὁ@dafp πύλη@nafpc ἀνοίγνυμι@vnfa--"
"Pyrr._12.5","ἐκ@p οὗτος@rpgns καί@b πρός@p δημ́ητριος@namsp εἰρήνη@nafsc ποιέω@viam3s καί@cs μετά@p ὀλίγος@anams- χρόνος@namsc εἰς@p ἀσία@nafsp ἀπαίρω@vpaagms αὐτός@rpgms πάλιν@b πείθω@vpapnms ὑπό@p λυσίμαχος@ngmsp θεσσαλία@nafsp ἀφίστημι@viia3s καί@cs ὁ@ddfp ἑλληνικός@andfp- φρουρά@ndfpc προσπολεμέω@viia3s ἀγαθός@andmpc χράομαι@vppenms ὁ@ddmp μακεδών@ndmpp στρατεύω@vppedmp ἤ1@cs σχολάζω@vipa3p καί@b ὅλος@b αὐτός@rpnms οὐ@b ἐν@p πρός@p ἡσυχία@nafsc φύω@vpranms τέλος@nansc δέ@b δημήτριος@ngmsp καταπολεμέω@vpapgms ἐν@p συρία@ndfsp λυσίμαχος@nnmsp ἐπί@p ἄδεια@ngfsc γίγνομαι@vpamnms καί@cs σχολάζω@vppanms εὐθύς2@b ἐπί@p ὁ@dams πύρρος@namsp ὁρμάω@viaa3s"
"Pyrr._12.6","καί@b κάθημαι@vppegms περί@p ὁ@dafs ἔδεσσα@nafsp αὐτός@rpgms ὁ@ddfp ἀγορά@ndfpc κομίζω@vppedfp ἐπιπίπτω@vpaanms καί@cs κρατέω@vpaanms ἀπορία@nafsc πρῶτος@anans- αὐτός@rpdms περιίστημι@viaa3s εἶτα@cs γράμμα@ndnpc καί@cs λόγος@ndmpc διαφθείρω@viia3s ὁ@damp πρῶτος@anamp- ὁ@dgmp μακεδών@ngmpp ὀνειδίζω@vppanms εἰ@cs ξένος1@anams- ἀνήρ@namsc καί@cs πρόγονος@ngmpc ἀεί@b δουλεύω@vpragmp μακεδών@ndmpp δεσπότης@namsc αἱρέω@vpamnmp ὁ@damp ἀλέξανδρος@ngmsp φίλος@nampc καί@cs συνήθης@anamp- ἀπωθέω@vipa3p μακεδονία@ngfsp"
"Pyrr._12.7","ἀναπείθω@vppegmp δέ@b πολύς@angmp- δείδω@vpaanms ὁ@dnms πύρρος@nnmsp ἀπαλλάσσω@viap3s μετά@p ὁ@dgfs ἠπειρωτικός@angfs- καί@cs συμμαχικός@angfs- δύναμις@ngfsc ἀποβάλλω@vpaanms μακεδονία@nafsp ὅς@andms- τρόπος@ndmsc παραλαμβάνω@viaa3s ὅθεν@b οὐ@b δέ@cs αἰτιάομαι@vnpe-- ὁ@damp πολύς@anamp- ἔχω@vipa3p ὁ@dnmp βασιλεύς@nnmpc μετατίθημι@vppeamp πρός@p ὁ@dans συμφέρω@vppaans ἐκεῖνος@rpamp γάρ@b αὐτός@rpamp οὗτος@rpanp μιμέομαι@vipe3p ποιέω@vppanmp ἀπιστία@ngfsc καί@cs προδοσία@ngfsc διδάσκαλος@nampc εἰμί@vppaamp καί@cs πλεῖστος@ananp- νομίζω@vppaamp ὠφελέω@vnpe-- ὁ@dams ἐλάχιστος@ananp- ὁ@ddns δίκαιος@andns- χράομαι@vppeams"
"Pyrr._13.1","τότε@b δέ@b οὖν@b εἷς@nnmsc ἤπειρος@namsp ἐκπίτνω@vpaadms ὁ@ddms πύρρος@ndmsp καί@cs προίημι@vpamdms μακεδονία@nafsp ὁ@dnfs μέν@b τύχη@nnfsc παρέχω@viia3s χράω@vnpe-- ὁ@ddnp πάρειμι1@vppadnp ἀπράγμων@b καί@cs ζάω@vnpa-- ἐν@p εἰρήνη@ndfsc βασιλεύω@vppaams ὁ@dgmp οἰκεῖος@angmp- ὁ@dnms δέ@b ὁ@dans μή@b παρέχω@vnpa-- ἕτερος@andmp- κακός@ananp- μη@b δέ@cs ἔχω@vnpa-- ὑπό@p ἕτερος@angmp- ἄλυς@anafs- τις@rpacs ναυτιώδης@ananp- νομίζω@vppanms ὥσπερ@cs ὁ@dnms ἀχιλλεύς@nnmsp οὐ@b φέρω@viia3s ὁ@dafs σχολή@nafsc ἀλλά@cs φθινύθω@viia3s φίλος@anans- κῆρ@nansc αὖθι@b μένω@vppanms ποθέω@viia3s δέ@cs ἀυτή@nafsc τε@b πόλεμος@namsc τε@cs δέω2@vppenms δέ@b οὖν@b λαμβάνω@viaa3s πρᾶγμα@ngnpc καινός@angnp- τοιοῦτος@anafs- ὑπόθεσις@nafsc"
"Pyrr._13.2","ῥωμαῖος@nnmpp ταραντῖνοι@ndmpp πολεμόω@viia3p ὁ@dnmp δέ@b μή@b τε@b φέρω@vnpa-- ὁ@dams πόλεμος@namsc δύναμαι@vppenmp μή@b τε@cs τίθημι@vnae-- θρασύτης@ndfsc καί@cs μοχθηρία@ndfsc δημαγωγός@ngmpc βουλεύω@viie3p ποιέω@vnpe-- πύρρος@namsp ἡγεμών@namsc καί@cs καλέω@vnpa-- ἐπί@p ὁ@dams πόλεμος@namsc ὡς@b σχολή@nafsc ἄγω@vppaams πλεῖστος@anafs- ὁ@dgmp βασιλεύς@ngmpc καί@cs στρατηγός@namsc εἰμί@vppaams δεινός@anamss ὁ@dgmp δέ@b πρέσβυς@angmpc καί@cs νόος@namsc ἔχω@vppagmp πολίτης@ngmpc ὁ@dnmp μέν@b ἄντικρυς@b ἐνίστημι@vppenmp πρός@p ὁ@dafs γνώμη@nafsc ἐκπίτνω@viia3p ὑπό@p κραυγή@ngfsc καί@cs βία@ngfsc ὁ@dgmp πολεμοποιός@ngmpc ὁ@dnmp δέ@cs οὗτος@rpanp ὁράω@vppanmp ἀπολιμπάνω@viia3p ὁ@dafp ἐκκλησία@nafpc"
"Pyrr._13.3","εἷς@annms- δέ@b τις@annms- ἀνήρ@nnmsc ἐπιεικής@annms- μέτων@nnmsp ὄνομα@nnnsc ὁ@dgfs ἡμέρα@ngfsc ἐκεῖνος@angfs- ἐν@p ὅς@rpdfs ὁ@dans δόγμα@nansc κυρόω@vnpa-- μέλλω@viia1s ἐνίστημι@vpaagfs καί@cs ὁ@dgms δῆμος@ngmsc καθέζομαι@vppegms λαμβάνω@vpaanms στέφανος@namsc ὁ@dgnp ἑώλος@angnp- καί@cs λαμπάδιον@nansc ὥσπερ@cs ὁ@dnmp μεθύω@vppanmp αὐλητρίς@ngfsc ὑφηγέομαι@vppegfs αὐτός@rpdms πρός@p ὁ@dafs ἐκκλησία@nafsc κωμάζω@viia3s οἷος@ananp- δέ@b ἐν@p ὄχλος@ndmsc δημοκρατία@ngfsc κόσμος@namsc οὐ@b ἔχω@vppagfs ὁ@dnmp μέν@b κρότομος@viia3p εἶδον@vpaanmp ὁ@dnmp δέ@b γελάω@viia3p κωλύω@viia3s δέ@b οὐδείς@rpnms ἀλλά@cs καί@b ὁ@dans γύναιον@nansc αὐλέω@vnpa-- καί@cs ἐκεῖνος@rpams ἀείδω@vnpa-- κελεύω@viia3p εἷς@nnmsc μέσος@anans- προέρχομαι@vpaaams καί@b οὗτος@rpans ποιέω@vpfanms ἐπίδοξος@annms- εἰμί@viia3s"
"Pyrr._13.4","γίγνομαι@vpamgfs δέ@b σιωπή@ngfsc ἀνήρ@nvmpc φημί@viia3s ταραντῖνος@nvmpp καλός@b ποιέω@vipa2p παίζω@vnpa-- καί@cs κωμάζω@vnpa-- ἕως@cs ἔξεστι@vipa3s ὁ@ddmp βούλομαι@vppedmp μή@b φθονέω@vppanmp ἐάν@cs δέ@b σωφρονέω@vspa2p καί@b πᾶς@annmp- ἀπολαύω@vifa2p ἔτι@b ὁ@dgfs ἐλευθερία@ngfsc ὡς@b ἕτερος@ananp- πρᾶγμα@nanpc καί@b βίος@namsc καί@cs δίαιτα@nafsc ἔχω@vpfanmp ὅταν@cs πύρρος@nnmsp εἷς@annms- ὁ@dafs πόλις@nafsc παραγίγνομαι@vsam3s οὗτος@rpnnp ἐρῶ@vpapnnp ὁ@damp πολύς@anamp- πείθω@viaa3s ὁ@dgmp ταραντῖνος@ngmpp καί@cs θρόος@nampc διατρέχω@viaa3s ὁ@dgfs ἐκκλησία@ngfsc ὡς@b εὖ@b λέγω3@vppegmp"
"Pyrr._13.5","ὁ@dnmp δέ@b ὁ@damp ῥωμαῖος@nampp δείδω@vpranmp μή@cs γίγνομαι@vpamgfs εἰρήνη@ngfsc ἐκδίδωμι@vsap3p ὁ@dams τε@b δῆμος@namsc λοιδορέω@viia3p εἰ@cs φέρω@vipa3s πρᾶος@b ἐπικωμαζόμενος@vppenms οὕτως@b ἀσελγής@b καί@cs παροινέω@vppenms ὁ@dams τε@cs μέτων@namsp συστρέφω@vpapnmp ἐκβάλλω@viaa3p οὕτως@b δέ@b ὁ@dgns δόγμα@ngnsc κύριος@angns- γίγνομαι@vpamgns πρέσβυς@nnmpc πέμπω@viaa3p εἷς@nnmsc ἤπειρος@namsp οὐ@b ἑαυτοῦ@rpgmp μόνος@anans- ἀλλά@cs καί@b ὁ@dgmp ἰταλιώτης@ngmpp δῶρον@nanpc ὁ@ddms πύρρος@ndmsp κομίζω@vppaamp καί@cs λέγω3@vppaamp ὡς@b ἡγεμών@ngmsc ἔμφρων@angms- δέω2@vipe3p καί@cs δόξα@nafsc ἔχω@vppagms"
"Pyrr._13.6","δύναμις@nnfpc δέ@cs αὐτόθεν@b ὑπάρχω@vifa3p μέγας@annfp- παρά@p τε@b λευκανοί@ngmpp καί@b μεσσάπιος@ngmpp καί@b σαυνῖται@ngmpp καί@cs ταραντῖνος@ngmpp εἷς@annms- δισμύριοι@anamp- ἱππεύς@nampc πεζός@angmp- δέ@cs ὁμοῦ@b πέντε@an---- καί@cs τριάκοντα@an---- μυριάς@nafpc οὗτος@rpnnp οὐ@b μόνος@anans- αὐτός@anams- ἐπαίρω@viaa3s ὁ@dams πύρρος@namsp ἀλλά@cs καί@b ὁ@ddmp ἠπειρώτης@ndmpp προθυμία@nafsc ἐμβάλλω@viaa3s καί@cs ὁρμή@nafsc ὁ@dgfs στρατεία@ngfsc"
"Pyrr._14.1","εἰμί@viia3s δέ@b τις@annms- κινέης@nnmsp θεσσαλός@annms- ἀνήρ@nnmsc ὁ@ddms μέν@b φρονέω@vnpa-- δοκέω@vppanms ἱκανός@annms- εἰμί@vnpa-- δημοσθένης@ngmsp δέ@cs ὁ@dgms ῥήτωρ@ngmsc ἀκούω@vpranms δοκέω@viia3s μόνος@annms- ἐν@p μάλιστα@b ὁ@dgmp τότε@b λέγω3@vppagmp οἷος@anans- ἐν@p εἰκών@ndfsc ὁ@dgfs ἐκεῖνος@rpgms δύναμις@ngfsc καί@cs δεινότης@ngfsc ἀναμιμνήσκω@vnpa-- ὁ@damp ἀκούω@vppaamp σύνειμι@vppanms δέ@b ὁ@ddms πύρρος@ndmsp καί@cs πέμπω@vppenms ἐπί@p ὁ@dafp πόλις@nafpc βεβαιόω@viia3s ὁ@dans εὐριπίδειος@nansp ὅτι@cs πᾶς@anans- ἐξαιρέω@vipa3s λόγος@nnmsc ὅς@rpans καί@b σίδηρος@nnmsc πολέμιος@ngmpc δράω@voaa3s ἄν@b"
"Pyrr._14.2","ὁ@dnms γοῦν@b πύρρος@nnmsp λέγω3@viia3s πλείων@anafpc πόλις@nafpc ὑπό@p κίω@ngmsp ὁ@ddmp λόγος@ndmpc ἤ1@cs ὁ@ddnp ὅπλον@ndnpc ὑπό@p ἑαυτοῦ@rpgms προσάγω@vnre-- καί@b διατελέω@viia3s ὁ@dams ἀνήρ@namsc τιμή@vppanms ἐν@p ὁ@ddnp μάλιστα@b καί@cs χράομαι@vppenms οὗτος@rpnms οὖν@b ὁ@dams πύρρος@namsp ὁρμάω@vpreams τότε@b ὁράω@vppanms ἐπί@p ὁ@dafs ἰταλία@nafsp εἰς@p λόγος@nampc ἐπάγω@viam3s τοιοῦτος@anamp- εἶδον@vpaanms σχολάζω@vppaams πολεμιστής@nnmpc μέν@b ὦ@i πύρρος@nvmsp ῥωμαῖος@nnmpp λέγω3@vipe3p καί@cs πολύς@angnp- ἔθνος@ngnpc μάχιμος@ngnpc ἄρχω@vppanmp εἰ@cs δέ@b δίδωμι@voaa3s θεός@nnmsc περιγίγνομαι@vnam-- ὁ@dgmp ἀνήρ@ngmpc τίς@rpans χράω2@vifm1p ὁ@ddfs νίκη@ndfsc"
"Pyrr._14.3","καί@b ὁ@dnms πύρρος@nnmsp ἐρωτάω@vipa2s λέγω@viaa3s ὦ@i κινέα@nvmsp πρᾶγμα@nansc φαίνω@vppeans οὐ@b τε@b βάρβαρος@annfs- ἐγώ@rpdmp ἐκεῖ@b πόλις@nnfsc οὐ@b τε@cs ἑλληνίς@nnfsp ἀξιόμαχος@annfs- ῥωμαῖος@ngmpp κρατέω@vpapgmp ἀλλά@cs ἔχω@vifa1p εὐθύς2@b ἰταλία@nafsp ἅπας@anafs- ὅς@rpgfs μέγεθος@nansc καί@b ἀρετή@nafsc καί@cs δύναμις@nafsc ἄλλος@andms- πού@b τις@rpdms μᾶλλον@b ἀγνοέω@vnpa-- ἤ1@cs σύ@rpdms προσήκω@vipa3s μικρός@anans- οὖν@b ἐπέχω@vpaanms ὁ@dnms κινέης@nnmsp ἰταλία@nafsp δέ@b λέγω@viaa3s ὦ@i βασιλεύς@nvmsc λαμβάνω@vpaanmp τίς@rpans ποιέω@vifa1p"
"Pyrr._14.4","καί@b ὁ@dnms πύρρος@nnmsp οὔπω@b ὁ@dafs διάνοια@nafsc αὐτός@rpgms κατά@b ὁράω@vppanms ἐγγύς@b λέγω@viaa3s ὁ@dnfs σικελία@nnfsp χείρ@nafpc ὀρέγω@vipa3s νῆσος@nnfsc εὐδαίμων@annfs- καί@cs πολυάνθρωπος@annfs- ἁλίσκομαι@vnaa-- δέ@cs ῥᾴδιος@annfs- στάσις@nnfsc γάρ@b ὦ@i κινέα@nvmsp πᾶς@annnp- νῦν@b ἐκεῖνος@annfs- καί@cs ἀναρχία@nnfsc πόλις@ngfpc καί@cs δημαγωγός@ngmpc ὀξύτης@angms- ἀγαθοκλῆς@ngmsp ἐκλείπω@vpragms ἔοικα@vpraanp φημί@viia3s λέγω@vipa2s ὁ@dnms κινέης@nnmsp ἀλλά@b ἦ@b οὗτος@rpnns πέρας@nnnsc ἐγώ@rpdcp ὁ@dgfs στρατεία@ngfsc λαμβάνω@vnaa-- σικελία@nafsp"
"Pyrr._14.5","θεός@nnmsc φημί@viia3s ὁ@dnms πύρρος@nnmsp νικάω@vnpa-- δίδωμι@vopa3s καί@cs κατορθόω@vnpa-- οὗτος@rpdnp δέ@b προάγω@ndmpc χράω2@vifm1p πρᾶγμα@ngnpc μέγας@angnp- τις@rpnms γάρ@b ἄν@b ἀπέχω@voam3s λιβύη@ngfsp καί@cs καρχηδών@ngfsp ἐν@p ἐφικτός@andms- γίγνομαι@vpamgfs ὅς@rpafs ἀγαθοκλῆς@nnmsp ἀποδιδράσκω@vpaanms ἐκ@p συρακοῦσαι@ngfpp κρύφα@b καί@cs περάω@vpaanms ναῦς@ndfpc ὀλίγος@andfp- λαμβάνω@vnaa-- παρά@p οὐδείς@rpans ἔρχομαι@viaa3s ὅτι@cs δέ@b οὗτος@rpgmp κρατέω@vpaadmp ἐγώ@rpdmp οὐδείς@rpnms ἀνθίστημι@vifm3s ὁ@dgmp νῦν@b ὑβρίζω@vppagmp πολέμιος@ngmpc τίς@rpans ἄν@b λέγω3@vopa3s τις@rpnms"
"Pyrr._14.6","οὐδείς@rpans ὁ@dnms κινέης@nnmsp εἶπον@viaa3s δῆλος@annns- γάρ@b ὅτι@cs καί@b μακεδονία@nafsp ἀναλαμβάνω@vnaa-- καί@cs ὁ@dgfs ἑλλάς@ngfsp ἄρχω@vnpa-- ὑπάρχω@vsaa3s βέβαιος@b ἀπό@p τηλικοῦτος@angfs- δύναμις@ngfsc γίγνομαι@vpamgnp δέ@cs πᾶς@angnp- ὑπό@p ἐγώ@rpdmp τίς@rpans ποιέω@vifa1p καί@b ὁ@dnms πύρρος@nnmsp ἐπιγελάω@vpaanms σχολή@nafsc φημί@viia3s ἄγω@vifa1p πολύς@anafs- καί@cs κώθων@ngnpc ὦ@i μακάριος@anvms- καθημερινός@annms- εἰμί@vifm3s καί@cs διά@p λόγος@ngmpc σύνειμι@vppanmp ἀλλήλων@rpamp εὐφραίνω@vifa1p"
"Pyrr._14.7","ἐνταῦθα@b δή@b ὁ@dgmp λόγος@ngmpc καθίστημι@vpaanms ὁ@dams πύρρος@namsp ὁ@dnms κινέης@nnmsp εἶτα@b φημί@viia3s τίς@rpnns νῦν@b ἐμποδών@b εἰμί@vipa3s ἐγώ@rpdmp βούλομαι@vppedmp κώθων@ndmsc χράω@vnpe-- καί@cs σχολάζω@vnpa-- μετά@p ἀλλήλων@rpgmp εἰ@cs οὗτος@rpanp ἔχω@vipa1p ἤδη@b καί@cs πάρειμι@vipa3s ἀπράγμων@b ἐπί@p ὅς@rpdns διά@p αἷμα@ngnsc καί@cs πόνος@ngmpc μέγας@angmp- καί@cs κίνδυνος@ngmpc μέλλω@vipa1p ἀφικνέομαι@vnfm-- πολύς@ananp- καί@b δράω@vpaanmp ἕτερος@anamp- κακός@ananp- καί@cs πάσχω@vpaanmp"
"Pyrr._14.8","οὗτος@andmp- ὁ@ddmp λόγος@ndmpc ἀνιάω@viaa3s μᾶλλον@b ἤ1@cs μετατίθημι@viaa3s ὁ@dams πύρρος@namsp ὁ@dnms κινέης@nnmsp νοέω@vpaaams μέν@b ὅσος@anafs- ἀπολιμπάνω@viia3s εὐδαιμονία@nafsc ὅς@rpgmp δέ@cs ὀρέγω@viie3s ὁ@dafp ἐλπίς@nafpc ἀφίημι@vnaa-- μή@b δύναμαι@vppeams"
"Pyrr._15.1","πρῶτος@anans- μέν@b οὖν@b ἀποστέλλω@viaa3s ὁ@dams κινέα@namsp ὁ@ddmp ταραντῖνοι@ndmpp στρατιώτης@nampc ἄγω@vppaams τρισχίλιοι@anamp- ἔπειτα@b πολύς@angmp- ἱππηγός@angmp- καί@b κατάφρακτος@angmp- καί@cs πορθμεῖον@angmp- παντοδαπής@angnp- ἐκ@p τάρας@ngmsp κομίζω@vpapgmp ἐμβιβάζω@viia3s ἐλέφας@nampc εἴκοσι@an---- καί@cs τρισχίλιοι@anamp- ἱππεύς@nampc πεζός@anamp- δέ@b δισμύριοι@anamp- καί@cs δισχίλιοι@anamp- τοξότης@nampc καί@cs σφενδονήτης@nampc πεντακόσιοι@anamp- γίγνομαι@vpamgnp δέ@cs πᾶς@angnp- ἑτοῖμος@angmp- ἀνάγω@vpapnms πλέω@viia3s καί@b μέσος@anams- ἔχω@vppanms ὁ@dams ἰόνιος@namsp ἁρπάζω@vipe3s βορέας@andfs- ἄνεμος@ndmsc παρά@p ὥρα@nafsc ἐκρήγνυμι@vpapdms"
"Pyrr._15.2","καί@b βιάζω@vpapnms αὐτός@rpnms μέν@b ἀρετή@ndfsc καί@cs προθυμία@ndfsc ναύτης@ngmpc καί@cs κυβερνήτης@ngmpc ἐκφέρω@viia3s καί@cs πρόσαγω@viia3s ὁ@ddfs γῆ@ndfsc πολύπονος@b καί@cs παράβολος@b ὁ@dgms δέ@cs ἄλλος@angms- στόλος@ngmsc συγχέω@vpapgms καί@cs ὁ@dgfp ναῦς@ngfpc σκεδάννυμι@vpapgfp ὁ@dnfp μέν@b ἀποσφάλλω@vpapnfp ὁ@dgfs ἰταλία@ngfsp ἐξωθέω@viap3p εἰς@p ὁ@dans λιβυκός@anans- καί@cs σικελικός@anans- πέλαγος@nansc ὁ@dafp δέ@cs ὑπερβάλλω@vnaa-- μή@b δύναμαι@vpapafp ἄκρα@nafsc ἰαπυγία@anafs- νύξ@nnfsc τε@b καταλαμβάνω@viia3s καί@cs πολύς@annfs- καί@cs χαλεπός@annfs- θάλασσα@nnfsc παίω@vppanfs πρός@p χωρίον@nanpc δύσορμος@ananp- καί@cs τυφλός@ananp- πᾶς@anafp- διαφθείρω@viia3s πλήν@p ὁ@dgfs βασιλικός@angfs-"
"Pyrr._15.3","οὗτος@rpnfs δέ@b πλάγιον@angns- μέν@b ἔτι@b εἰμί@vppagns ὁ@dgns κῦμα@ngnsc ἀμύνω@viie3s καί@cs διαφεύγω@viia3s μέγεθος@ndnsc καί@cs ῥώμη@ndfsc ὁ@dafp ἐπιβολή@nafpc ὁ@dgfs θάλασσα@ngfsc ἐπεί@cs δέ@b περιέρχομαι@vpaanns ἀπό@p γῆ@ngfsc ἀπαντάω@viia3s ὁ@dnns πνεῦμα@nnnsc καί@cs κίνδυνος@namsc ἔχω@viia3s ὁ@dnfs ναῦς@nnfsc ἀντίπρῳρος@ngmsc ἵστημι@vppenfs πρός@p κλύδων@namsc πολύς@anams- διαρρήγνυμι@vnap-- ὁ@dnns δέ@cs ἐφίημι@vpaaamp αὖθις@b ἀγριόω@vpredns πέλαγος@ndnsc καί@cs πνεῦμα@ndnsc τροπή@nafpc λαμβάνω@rpdns παντοδαπός@anafp- φέρω@vnpe-- φοβερός@annnsc φαίνω@viie3s ὁ@dgnp πάρειμι1@vppagnp κακός@angnp- αἴρω@vpaanms ὁ@dnms πύρρος@nnmsp ἑαυτοῦ@rpams ἀφίημι@viaa3s εἰς@p θάλασσα@nafsc"
"Pyrr._15.4","καί@cs ὁ@dgmp φίλος@ngmpc καί@cs ὁ@dgmp δορύφορος@angmp- εὐθύς2@b εἰμί@viia3s ἅμιλλα@nnfsc καί@cs προθυμία@ndfsc περί@p αὐτός@rpams ὁ@dnfs δέ@b νύξ@nnfsc καί@cs ὁ@dnns κῦμα@nnnsc μετά@p ψόφος@ngmsc μέγας@angms- καί@cs τραχύς@angfs- ἀνακοπή@ngfsc χαλεπός@anafs- ποιέω@viia3s ὁ@dafs βοήθεια@nafsc ὥστε@cs μόλις@b ἡμέρα@nafpc ἤδη@b μαραίνω@vppegns ὁ@dgns πνεῦμα@ngnsc ἐκπίπτω@vnaa-- ἑαυτοῦ@rpams ἐπί@p ὁ@dafs γῆ@nafsc ὁ@ddns μέν@b σῶμα@ndnsc παντάπασι@b ἀδύνατος@b ἔχω@vppaams τόλμα@ndfsc δέ@b καί@cs ῥώμη@ndfsc ὁ@dgfs ψυχή@ngfsc ἀνταίρω@vppaams πρός@p ὁ@dafs ἀπορία@nafsc"
"Pyrr._15.5","ἅμα@b δέ@b ὅς@dnmp τε@b μεσσάπιος@nnmpp κατά@p ὅς@rpamp ἐκβαίνω@viap3s συνέρχομαι@viia3p βοηθέω@vppanmp ἐκ@p ὁ@dgnp πάρειμι1@vppagnp πρόθυμος@b καί@cs προσφέρω@viie3p ὁ@dgfp σώζω@vppegfp ἔνιοι@annfp- ναῦς@ngfpc ἐν@p ὅς@rpdfp εἰμί@viia3p ἱππεύς@nnmpc μέν@b ὀλίγος@annmp- παντάπασι@b πεζός@annmp- δέ@cs δισχίλιοι@angmp- ἐλάσσων@annmpc ἐλέφας@nnmpc δέ@cs δύο@an----"
"Pyrr._16.1","οὗτος@rpamp ἀναλαμβάνω@vpaanms ὁ@dnms πύρρος@nnmsp βαδίζω@viia3s εἰς@p τάρας@namsp καί@b ὁ@dgms κίω@ngmsp προάγω@vpaagms εἰς@p ἀπάντησις@nafsc ὡς@cs αἰσθάνομαι@viam3s ὁ@damp στρατιώτης@nampc παρέρχομαι@vpaanms οὐδείς@rpans ἀέκων@angmp- οὐ@b δέ@cs πρός@p βία@nafsc πράσσω@viia3s ὁ@dgmp ταραντῖνος@ngmpp ἕως@p ἀνασῴζω@viap3p ὁ@dnfp ναῦς@nnfpc ἐκ@p ὁ@dgfs θάλασσα@ngfsc καί@cs συνέρχομαι@viaa3s ὁ@dnfs πλεῖστος@annfs- ὁ@dgfs δύναμις@ngfsc"
"Pyrr._16.2","τηνικαῦτα@b δέ@b ὁράω@vppanms ὁ@dans πλῆθος@nansc ἄνευ@p μέγας@angfs- ἀνάγκη@ngfsc μή@b τε@b σώζω@vnpe-- δύναμαι@vppeams μή@b τε@cs σώζω@vnpa-- ἀλλά@cs οἷος@anans- ἐκεῖνος@rpgms προπολεμέω@vppagms οἴκοι@b κάθημαι@vnpe-- περί@p λουτρόν@nanpc καί@cs συνουσία@ngfsc γίγνομαι@vpamams ἀποκλείω@viaa3s μέν@b ὁ@danp γυμνάσιον@nanpc καί@cs ὁ@damp περίπατος@nampc ἐν@p ὅς@rpdmp ἀλύω@vppanmp ὑπέρ@p ὁ@dgnp πρᾶγμα@ngnpc λόγος@ndmsc διαστρατηγέω@viia3p πότος@nampc δέ@b καί@b κῶμος@nampc καί@cs θαλίας@nafpc ἄκαιρος@anafp- ἀναιρέω@viaa3s καλέω@viia3s δέ@cs πρός@p ὁ@danp ὅπλον@nanpc καί@cs περί@p ὁ@damp κατάλογος@nampc ὁ@dgmp στρατεύω@vppegmp ἀπαραίτητος@annms- εἰμί@viia3s καί@cs λυπηρός@annms- ὥστε@cs πολύς@anamp- ἐκ@p ὁ@dgfs πόλις@ngfsc ἀπέρχομαι@vnaa-- ἀήθεια@ndfsc ὁ@dgns ἄρχω@vnpe-- δουλεία@nafsc ὁ@dans μή@b πρός@p ἡδονή@nafsc ζάω@vnpa-- καλέω@vppaamp"
"Pyrr._16.3","ἐπεί@cs δέ@b λαιβῖνος@nnmsp ὁ@dnms ὁ@dgmp ῥωμαῖος@ngmpp ὕπατος@nnmsc ἀγγέλλω@viie3s πολύς@andfs- στρατιά@ndfsc χωρέω@vnpa-- ἐπί@p ἑαυτοῦ@rpams ἅμα@p ὁ@dafs λευκανία@nafsp διαπορθέω@vppanms οὐδέπω@b μέν@b ὁ@dnmp σύμμαχος@nnmpc πάρειμι1@viia3p αὐτός@rpdms δεινός@anams- δέ@cs ποιέω@vppenms κῆρυξ@namsc πρός@p ὁ@damp ῥωμαῖος@nampp εἰ@cs φίλος@anams- ἀνέχω@vnam-- καί@cs περίἰδέω@vnaa-- ὁ@damp πολέμιος@nampc ἐγγύς@b πρόειμι1@vppaamp ἐξέρχομαι@viaa3s μετά@p ὁ@dgfs δύναμις@ngfsc προπέμπω@vpaanms εἰμί@vipa3s αὐτός@rpdmp πρό@p πόλεμος@ngmsc δίκη@nafpc λαμβάνω@vnaa-- παρά@p ὁ@dgmp ἰταλιώτης@ngmpp αὐτός@rpdms δικαστής@ndmsc καί@cs διαλλακτής@ndfsc χράω2@vpamamp"
"Pyrr._16.4","ἀποκρίνω@vpamgms δέ@b ὁ@dgms λαιβῖνος@ngmsp μή@b τε@b διαλλακτής@namsc πύρρος@namsp αἱρέω@vnpe-- ῥωμαῖος@nampp μή@b τε@cs δείδω@vnra-- πολέμιος@anams- προέρχομαι@vpaanms καταστρατοπεδεύω@viaa3s ἐν@p ὁ@ddns μεταξύ@b πεδίον@ndnsc πανδοσία@ngfsp πόλις@ngfsc καί@cs ἡράκλεια@ngfsp πυνθάνομαι@vpppnms δέ@b ὁ@damp ῥωμαῖος@nampp ἐγγύς@b εἰμί@vnpa-- καί@cs πέραν@b ὁ@dgms σίριος@ngmsp ποταμός@ngmsc καταστρατοπεδεύω@viaa3s προσίππεύω@viaa3s ὁ@ddms ποταμός@ndmsc θέα@ngfsc ἕνεκα@p καί@b κατεῖδον@vpaanms τάξις@nafsc τε@b καί@b φυλακή@nafpc καί@b κόσμος@namsc αὐτός@rpgmp καί@cs ὁ@dans σχῆμα@nansc ὁ@dgfs στρατοπεδεία@ngfsc θαυμάζω@viaa3s"
"Pyrr._16.5","καί@cs ὁ@dgmp φίλος@ngmpc προσαγορεύω@vpaanms ὁ@dams ἐγγύς@b τάξις@nnfsc μέν@b λέγω@viaa3s ὦ@i μεγακλῆς@nvmsp οὗτος@rpnfs ὁ@dgmp βάρβαρος@ngmpc οὐ@b βάρβαρος@annfs- ὁ@dans δέ@b ἔργον@nansc οἶδα@vifm1p καί@b διά@p φροντίς@ngfsc ἔχω@vppanms ἤδη@b ὁ@dans μέλλω@vppaans γιγνώσκω@viaa3s ὁ@damp σύμμαχος@nampc ἀναμένω@vnpa-- ὁ@ddmp δέ@cs ῥωμαῖος@ndmpp ἄν@cs πρότερος@anans- ἐπιχειρέω@vspa3p διαβαίνω@vnpa-- ἐφίστημι@viaa3s φυλακή@nafsc ὑπέρ@p ὁ@dgms ποταμός@ngmsc ὁ@dafs ἔργω1@vpfaafs"
"Pyrr._16.6","ὁ@dnmp δέ@b ὅσπερ@rpanp ἐκεῖνος@rpnms γιγνώσκω@viaa3s περιμένω@vnpa-- πέτομαι@vnaa-- σπεύδω@vppanmp ἐνχειρέω@viia3p ὁ@ddfs διάβασις@ndfsc κατά@p πόρος@namsc μέν@b ὁ@dnmp πεζός@annmp- πολλαχόθεν@b δέ@b ὁ@dnmp ἱππεύς@nnmpc διεξελαύνω@vppanmp ὁ@dams ποταμός@namsc ὥστε@cs δείδω@vpaaamp ὁ@dafs κύκλωσις@nafsc ἀναχωρέω@vnpa-- ὁ@damp ἕλλην@nampp αἰσθάνομαι@vpamams δέ@cs ὁ@dams πύρρος@namsp καί@cs διαταράσσω@vpapams ὁ@ddmp μέν@b ἡγεμών@ndmpc ὁ@dgms πεζός@angms- παρεγγυάω@vnpa-- εὐθύς2@b εἰς@p τάξις@nafsc καθίστημι@vnpe-- καί@cs περιμένω@vnpa-- ἐν@p ὁ@ddnp ὅπλον@ndnpc ἑαυτοῦ@rpams δέ@cs ὁ@ddmp ἱππεύς@ndmpc παρεξελαύνω@vnaa-- τρισχίλιοι@andmp- εἰμί@vppadmp ἐλπίζω@vppaams διαβαίνω@vppaamp ἔτι@b καί@cs διασπάω@vpreamp ἄτακτος@anamp- λαμβάνω@vnfm-- ὁ@damp ῥωμαῖος@nampp"
"Pyrr._16.7","ἐπεί@cs δέ@b ὁράω@viia3s θυρεός@nampc τε@b πολύς@anamp- ὑπερφαίνω@vppeamp ὁ@dgms ποταμός@ngmsc καί@cs ὁ@damp ἱππεύς@nampc ἐπελαύνω@vppaamp ἐν@p τάξις@ndfsc συστρέφω@vpaanms ἐμβάλλω@viaa3s πρῶτος@annms- αὐτόθεν@b τε@b περίοπτος@annms- εἰμί@vppanms ὅπλον@ngnpc κάλλος@ndnsc καί@cs λαμπρότης@ndfsc κοσμέω@vpregnp περιττῶς@b καί@cs ὁ@dafs δόξα@nafsc ἐπιδείκνυμι@vppenms ἔργον@ndnpc οὐ@b ἀποδέω@vppaafs αὐτός@rpgms ὁ@dgfs ἀρετή@ngfsc μάλιστα@b δέ@b ὅτι@cs ὁ@dafp χείρ@nafpc καί@b ὁ@dans σῶμα@nansc παραχώννυμι@vppanms ὁ@ddms ἀγών@ndmsc καί@cs ὁ@damp κατά@p ἑαυτοῦ@rpams ἀμύνω@vppenms ἐρρωμένος@b οὐ@b συνόχωκα@viie3s ὁ@dams λογισμός@namsc οὐ@b δέ@cs ὁ@dgns φρονέω@vnpa-- ἐκπίτνω@viia3s"
"Pyrr._16.8","ἀλλά@cs ὥσπερ@cs ἔξωθεν@b ἐφοράω@vppanms διεκυβερνάω@viia3s ὁ@dams πόλεμος@namsc αὐτός@rpnms μεταθέω@vppanms ἑκασταχόθεν@viaa3s καί@cs παραβοηθέω@vppanms ὁ@ddmp ἐξορμάω@vnpe-- δοκέω@vppadmp ἔνθα@b δή@b λεοννάτος@nnmsp ὁ@dnms μακεδών@annms- ἀνήρ@namsc κατεῖδον@vpaanms ἰταλός@namsp ἐπέχω@vppaams ὁ@ddms πύρρος@ndmsp καί@cs ὁ@dams ἵππος@namsc ἀντιπαρεξάγω@vppaams καί@b συμμεθίστημι@vppeams ἀεί@b καί@cs συγκινέω@vppeams ὁράω@vipa2s λέγω@viaa3s ὦ@i βασιλεύς@nvmsc ὁ@dams βάρβαρος@anams- ἐκεῖνος@anams- ὅς@rpams ὁ@dnms μέλας@annms- ἵππος@nnmsc ὁ@dnms λευκόπους@annms- φέρω@vipa3s μέγας@anans- τις@rpans βουλεύω@vppedms καί@cs δεινός@anans- ὅμοιος@annms- εἰμί@vipa3s"
"Pyrr._16.9","σύ@rpdms γάρ@x ἐνοράω@vipe3s καί@cs πρός@p σύ@rpa-s τείνω@vire3s πνεῦμα@ngnsc μεστός@annms- εἰμί@vppanms καί@cs θυμός@ngmsc ὁ@damp δέ@x ἄλλος@anamp- ἐάω@vspe2s χαίρω@vnpa-- ἀλλά@b σύ@rpnms φυλάσσω@vmpe2s ὁ@dams ἀνήρ@namsc καί@cs ὁ@dnms πύρρος@nnmsp ἀποκρίνω@viam3s ὁ@dans μέν@b μείρομαι@vpreans ὦ@i λεόννατος@nvmsp διαφεύγω@vnaa-- ἀδύνατος@annns- χαίρω@vppanms δέ@b οὐ@b τε@b οὗτος@rpnms οὐ@b τε@cs ἄλλος@annms- τις@rpnms ἰταλός@ngmpp εἰς@p χείρ@nafpc ἐγώ@rpdmp σύνειμι1@vipa3p ἔτι@b οὗτος@rpanp διαλέγω@vppegmp ὁ@dnms ἰταλός@nnmsp διαλαμβάνω@vpaanms ὁ@dans δόρυ@nansc καί@cs συστρέφω@vpaanms ὁ@dams ἵππος@namsc ὁρμάω@viaa3s ἐπί@p ὁ@dams πύρρος@namsp"
"Pyrr._16.10","εἶτα@b ἅμα@b παίω@vipa3s μέν@b αὐτός@annms- ὁ@ddns δόρυ@ndnsc ὁ@dgms βασιλεύς@ngmsc ὁ@dams ἵππος@namsc παίω@vipa3s δέ@cs ὁ@dams ἐκεῖνος@rpgms παραβάλλω@vpaanms ὁ@dnms λεοννάτος@nnmsp ἀμφότερος@angmp- δέ@b ὁ@dgmp ἵππος@ngmpc πίπτω@vpaagmp ὁ@dams μέν@b πύρρος@namsp ὁ@dnmp φίλος@nnmpc περιέχω@vpaanmp ἀναρπάζω@viaa3p ὁ@dams δέ@cs ἰταλός@namsp μάχομαι@vppeams διαφθείρω@viaa3p εἰμί@viia3s δέ@b ὁ@ddns γένος@ndnsc φρεντανός@nnmsp ἴλη@ngfsc ἡγεμών@nnmsc ὄπλακος@nnmsp ὄνομα@nnnsc"
"Pyrr._17.1","οὗτος@rpnns δέ@b διδάσκω@viaa3s ὁ@dams πύρρος@namsp μᾶλλον@b φυλάσσω@vnpe-- καί@b ὁ@damp ἱππεύς@nampc ὁράω@vppanms ἐνδίδωμι@vppaamp μεταπέμπω@viie3s ὁ@dafs φάλαγξ@nafsc καί@cs παρατάσσω@viia3s αὐτός@rpnms δέ@b ὁ@dafs χλαμύς@nafsc καί@cs ὁ@danp ὅπλον@nanpc παραδίδωμι@vpaanms εἷς@ndmsc ὁ@dgmp ἑταῖρος@ngmpc μεγακλῆς@ndmsp ὁ@ddnp δέ@cs ἐκεῖνος@rpgms τρόπος@namsc τις@anams- κατακρύπτω@vpaanms ἑαυτοῦ@rpams ἐπάγω@viia3s ὁ@ddmp ῥωμαῖος@ndmpp δέχομαι@vpamgmp δέ@b ἐκεῖνος@rpgmp καί@cs συμβάλλω@vpaagmp χρόνος@namsc τε@b πολύς@anams- ἵστημι@vila3s ὁ@dnnp ὁ@dgfs μάχη@ngfsc ἄκριτος@annnp- καί@cs τροπή@nafpc ἑπτὰ@an---- λέγω3@vipe3s φεύγω@vppagmp ἀνάπαλιν@b καί@cs διώκω@vppagmp γίγνομαι@vnam--"
"Pyrr._17.2","καί@b γάρ@b ὁ@dnfs διάμειψις@nnfsc ὁ@dgnp ὅπλον@ngnpc ἐν@p καιρός@ndmsc πρός@p σωτηρία@nafsc αὐτός@rpgms γίγνομαι@vpranfs ὁ@dgms βασιλεύς@ngmsc ὀλίγος@anans- δέω@viaa3s ἀνατρέπω@vnaa-- ὁ@danp πρᾶγμα@nanpc καί@cs διαφθείρω@vnaa-- ὁ@dafs νίκη@nafsc πολύς@angmp- γάρ@b ἐφίημι@vppegmp ὁ@dgms μεγακλῆς@ngmsp ὁ@dnms πρῶτος@annms- πατάσσω@vpaanms καί@cs καταβάλλω@vpaanms αὐτός@rpams ὄνομα@nansc δεξόος@nnmsp ἀφαρπάζω@vpaanms ὁ@dans κράνος@nansc καί@cs ὁ@dafs χλαμύς@nafsc ὁ@ddms λάινος@ndmsp προσίππεύω@viaa3s ἀναδείκνυμι@vppanms ἅμα@b καί@cs βοῦς@vppanms ἀναιρέω@vnra-- ὁ@dams πύρρος@namsp"
"Pyrr._17.3","εἰμί@viia3s οὖν@b παρά@p ὁ@dafp τάξις@nafpc ὁ@dgnp λάφυρα@ngnpc παραφέρω@vppegnp καί@cs ἀναδείκνυμι@vppegmp ὁ@ddmp τε@b ῥωμαῖος@ndmpp χαρά@nnfsc μετά@p ἀλαλαγμός@ngmsc καί@cs ὁ@ddmp ἕλλην@ndmpp ἀθυμία@nnfsc καί@cs κατάπληξις@nnfsc ἄχρι@p ὅς@rpgns μανθάνω@vpaanms ὁ@dnms πύρρος@nnmsp ὁ@dans γίγνομαι@vppeans παρελαύνω@viia3s γυμνός@andns- ὁ@ddns πρόσωπον@ndnsc ὁ@dafs τε@b δεξιός@anafs- ὀρέγω@vppanms ὁ@ddmp μάχομαι@vppedmp καί@cs ὁ@ddfs φωνή@ndfsc σημαίνω@vppanms ἑαυτοῦ@rpams τέλος@nansc δέ@cs ὁ@dgnp θηρίον@ngnpc ἐκβιάζω@vppegmp μάλιστα@b ὁ@damp ῥωμαῖος@nampp καί@cs ὁ@dgmp ἵππος@ngmpc πρίν@cs ἐγγύς@b γίγνομαι@vnam-- δυσχεραίνω@vppagmp καί@cs παραφέρω@vppagmp ὁ@damp ἐπιβάτης@nampc ἐπάγω@vpaanms ὁ@dafs θεσσαλικός@anafs- ἵππος@nafsc αὐτός@rpdmp ταράσσω@vpfmdmp τρέπω@viam3s πολύς@andms- φόνος@ndmsc"
"Pyrr._17.4","διονύσιος@nnmsp μέν@b οὖν@b ὀλίγος@andms- ὁ@dgmp πεντακισχίλιοι@angmp- καί@cs μυρίος@angmp- ἐλάσσων@anampc πίπτω@vnaa-- ἱστορέω@vipa3s ῥωμαῖος@ngmpp ἱερώνυμος@nnmsp δέ@b μόνος@anamp- ἑπτακισχίλιοι@anamp- ὁ@dgmp δέ@cs περί@p πύρρος@namsp ὁ@dnms μέν@b διονύσιος@nnmsp μυρίος@anamp- καί@cs τρισχίλιοι@anamp- ὁ@dnms δέ@cs ἱερώνυμος@nnmsp ἐλάσσων@anampc ὁ@dgmp τετρακισχίλιοι@angmp- κράτιστος@annmp- δέ@b εἰμί@viia3p οὗτος@rpnmp καί@b ὁ@dgmp φίλος@ngmpc ὁ@dnms πύρρος@nnmsp καί@cs ὁ@dgmp στρατηγός@ngmpc ὅς@rpdmp μάλιστα@b χράομαι@vppenms διατελέω@viia3s καί@cs πιστεύω@vppanms ἀποβάλλω@viaa3s"
"Pyrr._17.5","οὐ@b μήν@b ἀλλά@b καί@b ὁ@dans στρατόπεδον@nansc λαμβάνω@viaa3s ὁ@dgmp ῥωμαῖος@ngmpp ἐκλείπω@vpaagmp καί@b πόλις@nafpc συμμαχίς@nafpc αὐτός@rpgmp προσάγω@viam3s καί@b χώρα@nafsc πολύς@anafs- διαπορθέω@viaa3s καί@cs προέρχομαι@viaa3s ὅσος@anans- μή@b πλέος@anansc στάδιον@ngnpc τριακόσιοι@angnp- ἀπέχω@vnaa-- ὁ@dgfs ῥώμη@ngfsp ἀφικνέομαι@viam3p δέ@b αὐτός@rpdms λευ@ngmsp κάνεον@ngmpc τε@b πολύς@annmp- καί@cs σαυνῖται@ngmpp μετά@p ὁ@dafs μάχη@nafsc ὅς@rpamp μέμφομαι@viam3s μέν@b ὑστερέω@vpaaamp εἰμί@viia3s δέ@cs δῆλος@annms- ἥδομαι@vppenms καί@cs μέγας@anans- φρονέω@vppanms ὅτι@cs μόνος@andmp- ὁ@ddmp μετά@p αὐτός@rpgms καί@cs ταραντῖνοι@ndmpp κρατέω@viaa3s ὁ@dgfs μέγας@angfs- ῥωμαῖος@ngmpp δύναμις@ngfsc"
"Pyrr._18.1","ῥωμαῖος@nnmpp δέ@b λαιβῖνος@namsp μέν@b οὐ@b ἀπαλλαξείω@viaa3p ὁ@dgfs ἀρχή@ngfsc καίτοι@b λέγω3@vipe3s γαῗος@namsp φαβρίκιος@namsp εἶπον@vnaa-- ὡς@cs οὐ@b ἠπειρώτης@nnmpp ῥωμαῖος@nampp ἀλλά@cs πύρρος@nnmsp νικάω@vora3s λαιβῖνος@namsp οἴομαι@vppeams οὐ@b ὁ@dgfs δύναμις@ngfsc ἀλλά@cs ὁ@dgfs στρατηγία@ngfsc γίγνομαι@vnra-- ὁ@dafs ἧσσα@nafsc ἀναπληρόω@vppanmp δέ@cs ὁ@dafp τάξις@nafpc καί@cs συντάσσω@vppanmp ἕτερος@anafp- πρόθυμος@b καί@cs λόγος@nampc ἀδεής@anamp- καί@cs σοβαρός@anamp- περί@p ὁ@dgms πόλεμος@ngmsc λέγω3@vppanmp ἔκπληξις@nafsc ὁ@ddms πύρρος@ndmsp παρέχω@viia3p"
"Pyrr._18.2","δοκέω@viaa3s οὖν@b αὐτός@rpdms πέμπω@vpaadms πρότερος@anans- διάπειρα@nafsc λαμβάνω@vnaa-- ὁ@dgmp ἀνήρ@ngmpc εἰ@cs συμβατικός@b ἔχω@vopa3p ἡγέομαι@vppmgms ὁ@dans μέν@b αἱρέω@vnaa-- ὁ@dafs πόλις@nafsc καί@cs κρατέω@vnaa-- παντάπασι@b οὐ@b μικρός@anans- ἔργον@nansc οὐ@b δέ@cs ὁ@dgfs πάρειμι@vppagfs δύναμις@ngfsc εἰμί@vnpa-- ὁ@dafs δέ@cs φιλία@nafsc καί@cs ὁ@dafp διάλυσις@nafpc καλός@ananps ἔχω@vnpa-- πρός@p δόξα@nafsc αὐτός@rpdms μετά@p νίκη@nafsc πέμπω@vpapnms οὖν@b ὁ@dnms κινέης@nnmsp ἐντυγχάνω@viia3s ὁ@ddmp δυνατός@andmp- καί@cs δῶρον@nanpc παῖς@ndmpc αὐτός@rpgmp καί@cs γυνή@ndfpc πέμπω@viaa3s παρά@p ὁ@dgms βασιλεύς@ngmsc"
"Pyrr._18.3","λαμβάνω@viaa3s δέ@b οὐδείς@rpnms ἀλλά@cs ἀποκρίνω@viam3p πᾶς@annmp- καί@cs πᾶς@annmp- ὅτι@cs δημοσίᾳ@b σπονδή@ngfpc γίγνομαι@vpamgfp καί@cs ὁ@dnnp παρά@p αὐτός@rpgmp ὑπάρχω@vifa3s πρόθυμος@annnp- ὁ@ddms βασιλεύς@ndmsc καί@cs χαρίζομαι@vprennp πρός@p δέ@b ὁ@dafs σύγκλητος@anafs- ἐπαγωγός@nanpc ὁ@dgms κίω@ngmsp πολύς@ananp- καί@cs φιλάνθρωπος@annnp- διαλέγω@vpapgms ἄσμενος@annmp- μέν@b οὐδείς@rpans οὐ@b δέ@cs ἑτοῖμος@b δέχομαι@viie3p καίπερ@b ἀνήρ@nampc τε@b ὁ@damp ἁλίσκομαι@vpraamp ἐν@p ὁ@ddfs μάχη@ndfsc δίχα@p λύτρον@ngnpc ἀφίημι@vppagms αὐτός@rpdmp ὁ@dgms πύρρος@ngmsp καί@cs συγκατεργάζομαι@vnae-- ὁ@dafs ἰταλία@nafsp ἐπαγγέλλω@vppegms"
"Pyrr._18.4","φιλία@nafsc δέ@b ἀντί@p οὗτος@rpgnp ἑαυτοῦ@rpdms καί@cs ὁ@ddmp ταραντῖνοι@ndmpp ἄδεια@nafsc ἕτερος@anans- δέ@cs μηδείς@rpans αἰτέω@vppegms δῆλος@annmp- γε@b μήν@b εἰμί@viia3p ἐνδίδωμι@vppanmp ὁ@dnmp πολύς@annmp- πρός@p ὁ@dafs εἰρήνη@nafsc ἡττάω@vprenmp τε@b μέγας@andfs- μάχη@ndfsc καί@cs προσδοκάω@vppanmp ἕτερος@anafs- ἀπό@p μέγας@angfsc δύναμις@ngfsc ὁ@dgnp ἰταλικός@angnp- ὁ@ddms πύρρος@ndmsp προσγίγνομαι@vpragnp"
"Pyrr._18.5","ἔνθα@b δή@b κλαύδιος@nnmsp ἄππιος@nnmsp ἀνήρ@nnmsc ἐπιφανής@annms- ὑπό@p δέ@cs γῆρας@ngnsc ἅμα@b καί@cs πηρόω@ngfsc ὄμμα@ngnpc ἀπειρη@vspa3s πως@vpranms πρός@p ὁ@dafs πολιτεία@nafsc καί@cs παύω@vprenms ἀπαγγέλλω@vppmgmp τότε@b ὁ@dgnp παρά@p ὁ@dgms βασιλεύς@ngmsc καί@cs λόγος@ngmsc κατέχω@vpaagms ὡς@cs μέλλω@vipa3s ψηφίζω@vnpe-- ὁ@dafp διάλυσις@nafpc ὁ@dnfs σύγκλητος@nnfsc οὐ@b καρτερέω@viaa3s ἀλλά@cs ὁ@damp θεράπων@nampc αἴρω@vnam-- κελεύω@vpaanms ἑαυτοῦ@rpams κομίζω@viie3s πρός@p ὁ@dans βουλευτήριον@nansc ἐν@p φορεῖον@ndnsc διά@p ἀγορά@ngfsc"
"Pyrr._18.6","γίγνομαι@vpamams δέ@b πρός@p ὁ@ddfp θύρα@ndfpc ὁ@dnmp μέν@b παῖς@nnmpc ἅμα@p ὁ@ddmp γαμβρός@ndmpc ὑπολαμβάνω@vpaanmp καί@cs περιέχω@vpaanmp εἰσάγω@viia3p ὁ@dnfs δέ@cs βουλή@nnfsc σιωπή@nafsc αἰδέομαι@vppenfs ὁ@dams ἀνήρ@namsc μετά@p τιμή@ngfsc ἔχω@viaa3s"
"Pyrr._19.1","ὁ@dnms δέ@b αὐτόθεν@b καθίστημι@vpaanms πρότερος@anans- μέν@b φημί@viia3s ὁ@dafs περί@p ὁ@danp ὄμμα@nanpc τύχη@nafsc ἀνιαρός@b φέρω@viia1s ὦ@i ῥωμαῖος@nvmpp νῦν@b δέ@cs ἄχθομαι@vipe1s πρός@p ὁ@ddns τυφλός@annms- εἰμί@vnpa-- μή@b καί@b κωφός@annms- εἰμί@vppanms ἀλλά@cs ἀκούω@vppanms αἰσχρός@ananp- βούλευμα@nanpc καί@cs δόγμα@nanpc σύ@rpgmp ἀνατρέπω@vipa1s ποντι@vppaams ὁ@dgfs ῥώμη@ngfsp ὁ@dans κλέος@nansc ποῦ@b γάρ@b σύ@rpgmp ὁ@dnms πρός@p ἅπας@anamp- ἄνθρωπος@nampc θρυλέω@vppenms ἀεί@b λόγος@nnmsc ὡς@cs εἰ@cs πάρειμι1@viia3s ἐκεῖνος@rpnms εἰς@p ἰταλία@nafsp ὁ@dnms μέγας@annms- ἀλέξανδρος@nnmsp καί@cs συμφέρω@viap3s νέος@andmp- ἐγώ@rpdmp καί@cs ὁ@ddmp πατήρ@ndmpc ἐγώ@rpgmp ἀκμάζω@vppadmp οὐ@b ἄν@b ὑμνέω@viie3s νῦν@b ἀνίκητος@annms- ἀλλά@cs ἤ1@b φεύγω@vpaanms ἄν@b ἤ@cs ποῦ@b πίπτω@vpaanms ἐνταῦθα@b ὁ@dafs ῥώμη@nafsp ἔνδοξος@anafsc ἀπολείπω@viaa3s"
"Pyrr._19.2","οὗτος@rpanp μέντοι@b κενός@anafs- ἀλαζονεία@nafsc καί@cs κόμπος@namsc ἀποδείκνυμι@vipa2p χάων@nampp καί@b μολοσσός@nampp ὁ@dafs ἀεί@b μακεδών@ngmpp λεία@nafsc δείδω@vpranmp καί@b τρέμω@vppanmp πύρρος@namsp ὅς@rpnms ὁ@dgmp ἀλέξανδρος@ngmsp δορύφορος@angmp- εἷς@anams- γοῦν@b ἀεί@b περιέπω@vppanms καί@cs θεραπεύω@vppanms διατελέω@vira3s καί@cs νῦν@b οὐ@b βοηθέω@vppanms ὁ@ddmp ἐνταῦθα@b μᾶλλον@b ἕλλην@ndmpp ἤ1@cs φεύγω@vppanms ὁ@damp ἐκεῖ@b πολέμιος@nampc πλανάω@vipe3s περί@p ὁ@dafs ἰταλία@nafsp ἐπαγγέλλω@vppenms ἐγώ@rpdmp ὁ@dafs ἡγεμονία@nafsc ἀπό@p οὗτος@angfs- ὁ@dgfs δύναμις@ngfsc ὅς@rpanp μέρος@nansc μικρός@anans- αὐτός@rpdms μακεδονία@ngfsp οὐ@b ἀρκέω@viaa3s διαφυλάσσω@vnaa--"
"Pyrr._19.3","μή@b οὗτος@rpams οὖν@b ἀπαλλάσσω@vnfa-- νομίζω@vmpa2p ποιέω@vpamnmp φίλος@anams- ἀλλά@cs ἐκεῖνος@rpamp ἐπάγω@vnfm-- καταφρονέω@vpaaamp σύ@rpgmp ὡς@b πᾶς@andmp- εὐκατόρθητος@angmp- εἰ@cs πύρρος@nnmsp ἄπειμι2@vipa3s μή@b δίδωμι@vpaanms δίκη@nafsc ὅς@rpgnp ὑβρίζω@viaa3s ἀλλά@cs καί@b προσλαμβάνω@vpaanms μισθός@namsc ὁ@dans ἐπεγγελάω@vnaa-- ῥωμαῖος@ndmpp ταραντῖνος@nampp καί@cs σαυνῖται@nampp τοιοῦτος@rpanp ὁ@dgms ἄππιος@ngmsp διαλέγω@vpapgms ὁρμή@nnfsc παρίστημι@viaa3s πρός@p ὁ@dams πόλεμος@namsc αὐτός@rpdmp καί@cs ὁ@dams κινέα@namsp ἀποπέμπω@vipa3p ἀποκρίνω@vpamnmp πύρρος@namsp ἐξέρχομαι@vpaaams ὁ@dgfs ἰταλία@ngfsp"
"Pyrr._19.4","οὕτως@b εἰ@cs δέω2@vope3s περί@p φιλία@ngfsc καί@cs συμμαχία@ngfsc διαλέγω@vnpe-- μέχρι@p δέ@cs ὅς@b πάρειμι@vipa3s ἐν@p ὅπλον@ndnpc πολεμέω@vnfa-- αὐτός@rpdms ῥωμαῖος@nampp κατά@p κράτος@nansc καί@b ἄν@cs μυρίος@anamp- ἔτι@b λαβίνος@nampp τρέπω@vsam3s μάχομαι@vppenms λέγω3@vipe3s δέ@cs κινέα@namsp ἐν@p ὅς@rpdms οὗτος@rpanp πράσσω@viia3s ἅμα@b ποιέω@vpamams ἔργον@nansc καί@cs σπουδάζω@vpaaams ὁ@dgmp τε@b βίος@ngmpc γίγνομαι@vnam-- θεατής@namsc καί@cs ὁ@dgfs πολιτεία@ngfsc ὁ@dafs ἀρετή@nafsc κατανοέω@vnaa--"
"Pyrr._19.5","καί@b διά@p λόγος@ngmpc ἔρχομαι@vpaaams ὁ@ddmp ἄριστος@andmps ὁ@danp τε@b ἄλλος@rpanp ὁ@ddms πύρρος@ndmsp φράζω@vnaa-- καί@cs εἶπον@vnaa-- ὡς@cs ὁ@dnfs σύγκλητος@nnfsc αὐτός@rpdms βασιλεύς@ngmpc πολύς@angmp- συνέδριον@anafs- φαίνω@voap3s περί@p δέ@cs ὁ@dgns πλῆθος@ngnsc δείδω@vnra-- μή@cs πρός@p τις@anafs- φαίνω@vsap3p λερναῖος@anafs- ὕδρα@nafsc μάχομαι@vppenmp διπλάσιος@anamp- γάρ@b ἤδη@b ὁ@ddms ὕπατος@ndmsc ὁ@dgmp παρατάσσω@vpregmp πρότερος@anans- ἀθροίζω@vnre-- καί@cs πολλάκις@b εἰμί@vnpa-- τοσοῦτος@rpamp ἔτι@b ὁ@dgmp ῥωμαῖος@ngmpp ὅπλον@nanpc φέρω@vnpa-- δύναμαι@vppeamp"
"Pyrr._20.1","ἐκ@p οὗτος@rpgns πρέσβυς@nnmpc ἀφικνέομαι@viam3p περί@p ὁ@dgmp αἰχμάλωτος@angmp- ὁ@dnmp περί@p γαῗος@namsp φαβρίκιος@namsp ὅς@rpgms πλεῖστος@anams- φημί@viia3s ῥωμαῖος@nampp λόγος@namsc ἔχω@vnpa-- ὁ@dnms κινέης@nnmsp ὡς@b ἀνήρ@ngmsc ἀγαθός@angms- καί@cs πολεμικός@angms- πένης@annms- δέ@cs ἰσχυρός@b οὗτος@rpams οὖν@b ὁ@dnms πύρρος@nnmsp ἴδιος@andfs- φιλοφρονέομαι@vppenms πείθω@viia3s λαμβάνω@vnaa-- χρυσίον@nansc ἐπί@p οὐδείς@rpdns δῆθεν@b αἰσχρός@andns- φιλία@ngfsc δέ@b τις@rpans καί@cs ξενία@ngfsc ἐπονομάζω@vppanms οὗτος@rpans σύμβολον@nansc"
"Pyrr._20.2","ἀπωθέω@vpamgms δέ@b ὁ@dgms φαβρικίος@ngmsp τότε@b μέν@b ἡσυχάζω@viaa3s ὁ@ddfs δέ@cs ὑστεραῖος@andfs- βούλομαι@vppenms αὐτός@rpams ἐκπλήσσω@vnaa-- μήπω@b θεατής@namsc ἐλέφας@ngmsc γίγνομαι@vpreams κελεύω@viaa3s ὁ@dgfp θηρίον@ngnpc ὁ@dans μέγας@ananss ἐξόπιθεν@b αὐτός@rpdmp παρίστημι@vnaa-- κοινολογέομαι@vppedmp αὐλαία@nafsc παρατείνω@vpaaamp γίγνομαι@viam3s δή@b οὗτος@rpnnp καί@b σημεῖον@ngnsc δίδωμι@vpapgns ὁ@dnfs μέν@b αὐλαία@nnfsc παράγω@viap3s ὁ@dnns δέ@cs θηρίον@nnnsc ἄφνω@b ὁ@dafs τε@b προνομαία@nafsc ἀράομαι@vpamams ὑπερέχω@viaa3s ὁ@dgfs κεφαλή@ngfsc ὁ@dgms φαβρικίος@ngmsp καί@cs φωνή@nafsc ἀφίημι@viaa3s φοβερός@anafs- καί@cs τραχύς@anafs-"
"Pyrr._20.3","ὁ@dnms δέ@b ἠρέμα@b μεταστρέφω@vpapnms καί@cs διαγελάω@vpaanms πρός@p ὁ@dams πύρρος@namsp λέγω@viaa3s οὐ@b τε@b χθές@b ἐγώ@rpams ὁ@dnns χρυσίον@nnnsc κινέω@viaa3s οὐ@b τε@cs σήμερον@b ὁ@dnns θηρίον@nnnsc ἐν@p δέ@cs ὁ@ddns δεῖπνον@ndnsc λόγος@ngmpc παντοδαπής@angmp- γίγνομαι@vpamgmp πλεῖστος@angmp- δέ@cs περί@p ὁ@dgfs ἑλλάς@ngfsp καί@cs ὁ@dgmp φιλοσοφέω@vppagmp τυγχάνω@viaa3s πως@b ὁ@dnms κινέης@nnmsp ἐπιμιμνήσκομαι@vpapnms ὁ@dgms ἐπίκουρος@ngmsp καί@cs διέρχομαι@viaa3s ὅς@rpanp λέγω3@vipa3p περί@p θεός@ngmpc καί@b πολιτεία@ngfsc καί@cs τέλος@ngnsc ὁ@dans μέν@b ἐν@p ἡδονή@ndfsc τίθημι@vppenmp πολιτεία@nafsc δέ@cs φεύγω@vppanmp ὡς@cs βλάβη@nafsc καί@cs σύγχυσις@nafsc ὁ@dgns μακάριος@angns- ὁ@dans δέ@cs θεῖος1@anans- ἀπωτέρω@b χάρις@ngfsc καί@b ὀργή@ngfsc καί@cs ὁ@dgns μέλω@vnpa-- ἐγώ@rpgmp εἰς@p ἀπράγμων@anams- βίος@namsc καί@cs μεστός@anams- εὐπάθεια@ngfpc ἀποικίζω@vppanmp"
"Pyrr._20.4","ἔτι@b δέ@b αὐτός@rpgms λέγω3@vppagms ἀνακράζω@vpaanms ὁ@dnms φαβρίκιος@nnmsp ὦ@i ἡρακλέης@nvmsp εἶπον@viaa3s πύρρος@ndmsp ὁ@dnnp δόγμα@nnnpc μέλω@vopa3s οὗτος@annnp- καί@cs σαυνῖται@ndmpp ἕως@cs πολεμέω@vipa3p πρός@p ἐγώ@rpamp οὕτως@b δή@b θαυμάζω@vpaanms ὁ@dans φρόνημα@nansc ὁ@dgms ἀνήρ@ngmsc καί@cs ὁ@dans ἦθος@nansc ὁ@dnms πύρρος@nnmsp ἔτι@b μᾶλλον@b ὀρέγω@viie3s φιλία@nafsc ἀντί@p πόλεμος@ngmsc πρός@p ὁ@dafs πόλις@nafsc αὐτός@rpdms γίγνομαι@vnam-- καί@b ἐκεῖνος@rpams ἴδιος@andfs- παρακαλέω@viia3s ποιέω@vpamams ὁ@dafp διάλυσις@nafpc ἕπομαι@vnpe-- καί@cs συζάω@vnpa-- μετά@p αὐτός@rpgms πρῶτος@anams- εἰμί@vppaams πᾶς@angmp- ὁ@dgmp ἑταῖρος@ngmpc καί@cs ὁ@dgmp στρατηγός@ngmpc ὁ@dnms δέ@b ἡσυχῇ@b λέγω3@vipe3s πρός@p αὐτός@rpams εἶπον@vnaa-- ἀλλά@cs οὐ@b δέ@cs σύ@rpdms οὗτος@rpans βασιλεύς@nvmsc λυσιτελής@annns- εἰμί@vipa3s αὐτός@rpnmp γάρ@b ὁ@dnmp νῦν@b σύ@rpams τιμάω@vppanmp καί@cs θαυμάζω@vppanmp ἄν@cs ἐγώ@rpgms πεῖρα@nafsc λαμβάνω@vsaa3p ὑπό@p ἐγώ@rpgms μᾶλλον@b ἐθέλω@vifa3p ἤ1@cs σύ@rpgms βασιλεύω@vnpe-- τοιοῦτος@annms- μέν@b ὁ@dnms φαβρίκιος@nnmsp"
"Pyrr._20.5","ὁ@dnms δέ@b πύρρος@nnmsp οὐ@b πρός@p ὀργή@nafsc οὐ@b δέ@cs τυραννικός@b δέχομαι@viam3s ὁ@dams λόγος@namsc ἀλλά@cs καί@b ὁ@ddmp φίλος@ndmpc ἀπαγγέλλω@viaa3s ὁ@dgms φαβρικίος@ngmsp ὁ@dafs μεγαλοφροσύνη@nafsc καί@cs ὁ@damp αἰχμάλωτος@anamp- ἐκεῖνος@rpdms μόνος@andms- διαπιστέω@viaa3s ὅπως@cs εἰ@cs μή@b ψηφίζω@voam3s ὁ@dafs εἰρήνη@nafsc ὁ@dnfs σύγκλητος@nnfsc ἀσπάζομαι@vpamnmp ὁ@damp προσήκω@vppaamp καί@cs ὁ@danp κρόνια@nanpp διεορτάω@vpaanmp ἀποπέμπω@voap3p πάλιν@b πρός@p αὐτός@rpams καί@cs ἀποπέμπω@viap3p μετά@p ὁ@dafs ἑορτή@nafsc ὁ@ddms ὑπολείπω@vpapdms ὁ@dgfs βουλή@ngfsc ζημία@nafsc θάνατος@namsc ψηφίζω@vpamgfs"
"Pyrr._21.1","μετά@p οὗτος@rpanp ὁ@dams φαβρικίος@ngmsp ὁ@dafs ἀρχή@nafsc παραλαμβάνω@vpaagms ἥκω@viia3s ἀνήρ@nnmsc εἰς@p ὁ@dans στρατόπεδον@nansc πρός@p αὐτός@rpams ἐπιστολή@nafsc κομίζω@vppanms ὅς@rpafs γράφω@viaa3s ὁ@dnms ὁ@dgms βασιλεύς@ngmsc ἰατρός@nnmsc ἐπαγγέλλω@vppenms φάρμακος@ndnpc ἀναιρέω@vnfa-- ὁ@dams πύρρος@namsp εἰ@cs χάρις@nnfsc αὐτός@rpdms παρά@p ἐκεῖνος@rpgmp ὁμολογέω@voap3s λύω@vpaadms ὁ@dams πόλεμος@namsc ἀκίνδυνος@b ὁ@dnms δέ@cs φαβρίκιος@nnmsp δυσχεραίνω@vpaanms πρός@p ὁ@dafs ἀδικία@nafsc ὁ@dgms ἄνθρωπος@ngmsc καί@cs ὁ@dams συνάρχω@vppaams διατίθημι@vpaanms ὅμοιος@b πέμπω@viaa3s γράμμα@nanpc πρός@p ὁ@dams πύρρος@namsp κατά@p τάχος@nansc φνλάσσω@vnpe-- ὁ@dafs ἐπιβουλή@nafsc κελεύω@vppanms"
"Pyrr._21.2","ἔχω@viia3s δέ@b οὕτως@b ὁ@danp γράφω@vpreanp γάιος@nnmsp φαβρίκιος@nnmsp καί@cs κόϊντος@nnmsp αἰμίλιος@nnmsp ὕπατος@nnmpc ῥωμαῖος@ngmpp πύρρος@ndmsp βασιλεύς@ndmsc χαίρω@vnpa-- οὐ@b τε@cs φίλος@angmp- εὐτυχής@annms- ἔοικα@vira2s εἰμί@vnpa-- κριτής@nnmsc οὐ@b τε@cs πολέμιος@angmp- γιγνώσκω@vifm2s δέ@b ὁ@dafs πέμπω@vpapafs ἐγώ@rpdcp ἐπιστολή@nafsc ἀναγιγνώσκω@vpaanms ὅτι@cs χρηστός@andmp- καί@cs δίκαιος@andmp- ἀνήρ@ndmpc πολεμέω@vipa2s ἄδικος@andmp- δέ@b καί@cs κακός@andmp- πιστεύω@vipa2s"
"Pyrr._21.3","οὐ@b δέ@b γάρ@b οὗτος@rpanp σός@andfs- χάρις@ndfsc μηνύω@vipa1p ἀλλά@cs ὅπως@cs μή@b ὁ@dnns σός@annns- πάθος@nnnsc ἐγώ@rpdmp διαβολή@nafsc φέρω@vsaa3s καί@cs δόλος@ndmsc δοκέω@vsaa1p ὡς@b ἀρετή@ndfsc μή@b δύναμαι@vppenmp κατεργάζομαι@vnam-- ὁ@dams πόλεμος@namsc ἐντυγχάνω@vpaanms οὗτος@andnp- ὁ@ddnp γράμμα@ndnpc ὁ@dnms πύρρος@nnmsp καί@cs ὁ@dafs ἐπιβουλή@nafsc ἐξελέγχω@vpaanms ὁ@dams μέν@b ἰατρός@namsc κολάζω@viaa3s φαβρικίῳ@ndmsp δέ@cs καί@cs ῥωμαῖος@ndmpp ἀμοιβή@nafsc δωρέω@viie3s προίξ@nafsc ὁ@damp αἰχμάλωτος@anamp- καί@cs πάλιν@b πέμπω@viaa3s ὁ@dams κινέα@namsp διαπράσσω@vpfmams αὐτός@rpdms ὁ@dafs εἰρήνη@nafsc"
"Pyrr._21.4","ὁ@dnmp δέ@b ῥωμαῖος@nnmpp μή@b τε@b εἰ@cs χάρις@nnfsc εἰμί@vipa3s παρά@p πολέμιος@ngmsc μή@b τε@cs εἰ@cs μισθός@nnmsc ὁ@dgns μή@b ἀδικέω@vnap-- λαμβάνω@vnaa-- προίξ@nafsc ὁ@damp ἀνήρ@nampc ἀξιόω@vpaanmp ἴσος@anamp- ἀπολύω@viaa3p αὐτός@rpdms ταραντῖνος@ngmpp καί@cs σαυνῖται@ngmpp περί@p δέ@cs φιλία@ngfsc καί@cs εἰρήνη@ngfsc οὐδείς@rpans ἐάω@viia3p διαλέγω@vnpe-- πρίν@cs ἀείρω@vpamnms ὁ@danp ὅπλον@nanpc καί@cs ὁ@dams στρατός@namsc ἐκ@p ἰταλία@ngfsp ὅς@rpdfp ἔρχομαι@viaa3s ναῦς@ndfpc ἀποπλέω@vsaa3s πάλιν@b εἰς@p ἤπειρος@nansp"
"Pyrr._21.5","ἐκ@p οὗτος@rpgns μάχη@ngfsc ἄλλος@angfs- ὁ@dgnp πρᾶγμα@ngnpc αὐτός@rpdms δέω2@vppegnp ἀναλαμβάνω@vpaanms ὁ@dafs στρατιά@nafsc χωρέω@viia3s καί@cs περί@p ἄσκλον@nafsp πόλις@nafsc ὁ@ddmp ῥωμαῖος@ndmpp συνάπτω@vpaanms καί@cs βιάζω@vppenms πρός@p χωρίον@nanpc δύσεππα@ananp- καί@b ποταμός@namsc ὑλώδης@anams- καί@cs τραχύς@anams- ἔφοδος3@nafsc ὁ@dgnp θηρίον@ngnpc οὐ@b λαμβάνω@vpaagnp ὥστε@cs προσμείγνυμι@vnaa-- ὁ@ddfs φάλαγξ@ndfsc τραῦμα@ngnpc πολύς@angnp- γίγνομαι@vpamgnp καί@cs νεκρός@ngmpc πίπτω@vpaagnp τότε@b μέν@b διακρίνω@viap3s μέχρι@p νύξ@ngfsc ἀγωνίζομαι@vpaenms"
"Pyrr._21.6","ὁ@ddfs δέ@b ὑστεραῖος@andfs- στρατηγός@vppanms διά@p ὁμαλός@angns- ὁ@dafs μάχη@nafsc τίθημι@vnae-- καί@cs ὁ@damp ἐλέφας@nampc ἐν@p ὁ@ddnp ὅπλον@ndnpc γίγνομαι@vnam-- ὁ@dgmp πολέμιος@ngmpc προλαμβάνω@viaa3s ὁ@dafp δυσχωρία@nafpc φυλακή@ndfsc καί@cs πολύς@ananp- καταμίγνυμι@vpaanms ἀκόντισμα@nanpc καί@cs τόξευμα@nanpc ὁ@ddnp θηρίον@ndnpc ἐπάγω@viia3s μετά@p ῥώμη@ngfsc καί@cs βία@ngfsc πυκνός@anafs- καί@cs συντάσσω@vpreafs ὁ@dafs δύναμις@nafsc ὁ@dnmp δέ@b ῥωμαῖος@nnmpp ὁ@dafp διάκλισις@nafpc καί@cs ὁ@dafp ἀντιπαραγωγή@nafpc ὁ@dafp πρότερος@anans- οὐ@b ἔχω@vppanmp ἐκ@p ἐπίπεδος@angns- συμφέρω@viie3p κατά@p στόμα@nansc καί@b σπεύδω@vppanmp ὠθέω@vnam-- ὁ@damp ὁπλίτης@nampc πρίν@cs ἐπιβαίνω@vnaa-- ὁ@danp θηρίον@nanpc δεινός@anamp- περί@p ὁ@dafp σάρισα@vppaafp ὁ@dgmp ξίφος@ngnpc ἀγών@nampc ἔχω@viia3p ἀφειδέω@vppanmp ἑαυτοῦ@rpgmp καί@cs ὁ@dans τιτρώσκω@vnaa-- καί@cs καταβάλλω@vnaa-- ὁράω@vppanmp ὁ@dans δέ@b πάσχω@vnaa-- εἰς@p οὐδείς@rpans τίθημι@vppenmp"
"Pyrr._21.7","χρόνος@ndmsc δέ@b πολύς@andms- λέγω3@vipe3s μέν@b ἀρχή@nnfsc τροπή@ngfsc κατά@p αὐτός@rpams γίγνομαι@vnam-- ὁ@dams πύρρος@namsp ἐπερείδω@vpaaams ὁ@ddnp ἀντιτάσσω@vpredmp ὁ@dans δέ@cs πλεῖστος@anans- ἀλκή@ndfsc καί@cs βία@ndfsc ὁ@dgmp ἐλέφας@ngmpc κατεργάζομαι@viae3s χράω2@vnam-- ὁ@ddfs ἀρετή@ndfsc πρός@p ὁ@dafs μάχη@nafsc ὁ@dgmp ῥωμαῖος@ngmpp μή@b δύναμαι@vppegmp ἀλλά@cs οἷος@anans- ἔφοδος3@ndfsc κῦμα@ngnsc ἤ1@cs σεισμός@ngmsc κατερείπω@vppagms οἴομαι@vppegmp δεῖ@vnpa-- ἐξίστημι@vnpe-- μη@b δέ@cs ὑπομένω@vnpa-- ἄπρακτος@anamp- ἀποθνήσκω@vnpa-- ἐν@p ὁ@ddns μηδείς@rpans ὠφελέω@vnpa-- πᾶς@ananp- πάσχω@vppaamp ὁ@danp χαλεπός@ananps"
"Pyrr._21.8","ὁ@dgfs δέ@b φυγή@ngfsc οὐ@b μακρός@angfs- εἰς@p ὁ@dans στρατόπεδον@nansc γίγνομαι@vpamgfs ἑξακισχίλιοι@anamp- ἀποθνήσκω@vnaa-- φημί@vipa3s ὁ@dgmp ῥωμαῖος@ngmpp ἱερώνυμος@nnmsp ὁ@dgmp δέ@cs περί@p πύρρος@namsp ἐν@p ὁ@ddnp βασιλικός@andnp- ὑπόμνημα@ndnpc ἀναφέρω@vnap-- τρισχίλιοι@anamp- πεντακόσιοι@anamp- καί@cs πέντε@an---- θνήσκω@vpraamp"
"Pyrr._21.9","ὁ@dnms μέντοι@b διονύσιος@nnmsp οὐ@b τε@b δύο@an---- περί@p ἄσκλον@nafsp μάχη@nafpc οὐ@b τε@cs ὁμολογέω@vppeafs ἧσσα@nafsc ἱστορέω@vipa3s γίγνομαι@vnam-- ῥωμαῖος@ngmpp ἅπαξ@b δέ@cs μέχρι@p δυσμή@angfp- ἥλιος@ngmsc μάχομαι@vpamamp μόλις@b ἀπαλλάσσω@vnap-- ὁ@dgms πύρρος@ngmsp τιτρώσκω@vpapgms ὑσσός@andns- ὁ@dams βραχίων@namsc καί@cs ὁ@dafs ἀποσκευή@nafsc ἅμα@b δαύνιος@ngmpp διαρπάζω@vpaagmp ἀποθνήσκω@vnaa-- δέ@cs καί@b πύρρος@ngmsp καί@cs ῥωμαῖος@ngmpp ἀνήρ@nampc ὑπέρ@p μυρίος@anamp- πεντακισχίλιοι@anamp- ἑκάτερος@angmp- διαλύω@viap3p δέ@b ἀμφότερος@annmp- καί@b λέγω3@vipe3s ὁ@dams πύρρος@namsp εἶπον@vnaa-- πρός@p τις@rpams ὁ@dgmp συνήδομαι@vppegmp αὐτός@rpdms ἄν@cs ἔτι@b εἷς@anafs- μάχη@nafsc ῥωμαῖος@nampp νικάω@vsaa1p ἀπόλλυμι@vifm1p παντελής@b"
"Pyrr._21.10","πολύς@annns- μέν@b γάρ@b ἀπόλλυμι@vila3s μέρος@nnnsc ὅς@angfs- ἄγω@vppanms ἵημι@viia3s δύναμις@ngfsc φίλος@nnmpc δέ@cs καί@cs στρατηγός@nnmpc πλήν@p ὀλίγος@angmp- ἅπας@annmp- μεταπέμπω@vnpe-- δέ@b οὐ@b εἰμί@viia3p ἕτερος@annmp- καί@cs ὁ@damp αὐτόθι@b σύμμαχος@nampc ἀμβλύς@anampc ὁράω@viia3s ὁ@ddmp δέ@cs ῥωμαῖος@ndmpp ὥσπερ@cs ἐκ@p πηγή@ngfsc οἴκοθεν@b ἐπιρρέω@vppagfs ἀναπληρόω@vppeams εὔπορος@b καί@cs ταχύς@anans- ὁ@dans στρατόπεδον@nansc καί@cs ὁ@ddfp ὅστις@andfp- οὐ@b ἀποβάλλω@vppaamp ὁ@dans θαρσέω@vnpa-- ἀλλά@cs καί@b ῥώμη@nafsc καί@cs φιλονεικία@nafsc ὑπό@p ὀργή@ngfsc ἐπί@p ὁ@dams πόλεμος@namsc προσλαμβάνω@vppaamp"
"Pyrr._22.1","ἐν@p τοιοῦτος@andfp- δέ@b εἰμί@vppanms ἀπορία@ndfpc εἰς@p ἐλπίς@nafpc αὖ@b πάλιν@b καινός@anafp- ἐμπίτνω@viaa3s καί@b πρᾶγμα@nnnpc διχοστασία@nafsc ἔχω@vppannp ὁ@dgfs γνώμη@ngfsc ἅμα@b γάρ@b ἥκω@viia3p ἐκ@p μέν@b σικελία@ngfsp ἀνήρ@nnmpc ἀκράγας@namsp καί@b συρακοῦσαι@nampp καί@cs λεοντῖνοι@nampp ἐγχειρίζω@vppanmp αὐτός@rpdms καί@cs δέω2@vppenmp καρχηδόνιος@nampp τε@b συνεκβάλλω@vnaa-- καί@cs ὁ@dgmp τύραννος@ngmpc ἀπαλλαξείω@vnaa-- ὁ@dafs νῆσος@nafsc ἐκ@p δέ@cs ὁ@dgfs ἑλλάς@ngfsp ἀγγέλλω@vppanmp ὡς@cs πτολεμαῖος@nnmsp ὁ@dnms κεραυνός@annms- ἀπόλλυμι@vira3s συμπίτνω@vpaanms γαλάτης@ndmpp μετά@p ὁ@dgfs δύναμις@ngfsc καί@cs νῦν@b ἄν@b ἐν@p καιρός@ndmsc μάλιστα@b δέω2@vppedmp βασιλεύς@ngmsc μακεδών@ndmpp παραγίγνομαι@voam3s"
"Pyrr._22.2","πολύς@ananp- δή@b ὁ@dafs τύχη@nafsc μέμφομαι@vpamnms ὅτι@cs πρᾶξις@ngfpc μέγας@angfp- ὑπόθεσις@nafpc εἰς@p εἷς@anams- καιρός@namsc αὐτός@rpdms συμφέρω@viaa3s καί@cs νομίζω@vppanms ὡς@b ἀμφότερος@angmp- ὑπάρχω@vppagmp ἀπόλλυμι@vnpa-- ἕτερος@anans- διαφέρω@viap3s ὁ@ddmp λογισμός@ndmpc πολύς@anams- χρόνος@namsc εἶτα@b ὁ@ddmp σικελικός@andmp- μέγας@angnpc ὑπόκειμαι@vnpe-- πρᾶγμα@ngnpc δοκέω@vppagnp λιβύη@ngfsp ἐγγύς@b εἰμί@vnpa-- δοκέω@vppagfs"
"Pyrr._22.3","ἐπί@p οὗτος@rpanp τρέπω@vpaanms κινέα@namsp μέν@b εὐθύς2@b ἐκπέμπω@viaa3s πρόδιαλέγω@vpfmams ὥσπερ@cs ἔθω@vila3s ὁ@ddfp πόλις@ndfpc αὐτός@rpnms δέ@cs ὁ@ddmp ταραντῖνοι@ndmpp δυσχεραίνω@vppadmp ἐμβάλλω@vpaanms φρουρά@nafsc καί@b ἀξιόω@vppadmp ἤ1@cs παρέχω@vnpa-- ἐπί@p ὅς@rpdmp ἵημι@viia3s συμπολεμέω@vppaams ῥωμαῖος@ndmpp ἤ1@cs ὁ@dafs χώρα@nafsc προίημι@vpamams αὐτός@rpgmp ἀπολιμπάνω@vnaa-- ὁ@dafs πόλις@nafsc οἷος@anafs- παραλαμβάνω@viaa3s μηδείς@rpans ἐπιεικής@anans- ἀποκρίνω@vpamnms ἀλλά@cs προστάσσω@vpaanms ἡσυχία@nafsc ἄγω@vnpa-- καί@cs περιμένω@vnpa-- ὁ@dams ἑαυτοῦ@rpgms καιρός@namsc ἐκπλέω@viaa3s"
"Pyrr._22.4","ἅπτω@vpamdms δέ@b αὐτός@rpdms σικελία@ngfsp ὅς@rpdms μέν@b ἐλπίζω@viaa3s εὐθύς2@b ἀπαντάω@viia3s βέβαιος@b καί@cs παρέχω@viia3p ὁ@dnfp πόλις@nnfpc ἑαυτοῦ@rpafp πρόθυμος@b ὁ@dgnp δέ@cs ἀγών@ngmsc καί@cs βία@ngfsc δέω2@vpapgmp οὐδείς@rpans ἀντέχω@viia3s ὁ@dans πρῶτος@anans- ἀλλά@cs τρισμύριοι@andmp- πεζός@andmp- καί@b δισχίλιοι@andmp- πεντακόσιοι@andmp- ἱππεύς@ndmpc καί@cs διακόσιοι@andfp- ναῦς@ndfpc ἔπειμι1@vppanms ὁ@damp τε@b φοῖνιξ@nampp ἐξαιρέω@viia3s καί@cs καταστρέφω@viie3s ὁ@dafs ἐπικράτεια@nafsc αὐτός@rpgmp ὁ@dgms δέ@cs ἔρυξ@ngmsp ἐχυρός@angnss ὁ@dgnp χωρίον@ngnpc εἰμί@vppagms καί@cs πολύς@anamp- ἀμύνω@vppeamp ἔχω@vppagms γιγνώσκω@viaa3s βιάζω@vnaa-- πρός@p ὁ@danp τεῖχος@nanpc"
"Pyrr._22.5","καί@b ὁ@dgfs στρατιά@ngfsc γίγνομαι@vpamgfs ἑτοῖμος@angfs- ἐνδύω@viam3s ὁ@dafs πανοπλία@nafsc καί@cs προέρχομαι@vpaanms εὔχομαι@viam3s ὁ@ddms ἡρακλῆς@ndmsp ποιέω@vnfa-- ἀγών@namsc καί@cs θυσία@nafsc ἀριστεῖα@anafs- ἄν@cs ὁ@dgns γένος@ngnsc καί@cs ὁ@dgnp ὑπάρχω@vppagnp ἄξιος@anams- ἀγωνιστής@namsc ἑαυτοῦ@rpams ἀποδείκνυμι@vsaa3s ὁ@ddmp σικελία@nafsp οἰκέω@vppadmp ἕλλην@ndmpp ὁ@ddfs δέ@b σάλπιγξ@ndfsc σημαίνω@vpaanms καί@cs ὁ@ddnp βέλος@ndnpc ὁ@damp βάρβαρος@nampc ἀνασκεδάννυμι@vpaanms καί@cs ὁ@dafp κλῖμαξ@nafpc προσάγω@vpaanms πρῶτος@annms- ἐπιβαίνω@viaa3s ὁ@dgns τεῖχος@ngnsc"
"Pyrr._22.6","ἀνθίστημι@vppagmp δέ@b πολύς@angmp- ἀμύνω@vppenms ὁ@damp μέν@b ἐξωθέω@viaa3s ὁ@dgns τεῖχος@ngnsc ἐπί@p ἀμφότερος@ananp- καί@cs καταβάλλω@viaa3s πλεῖστος@anamp- δέ@b περί@p ἑαυτοῦ@rpams ὁ@ddns ξίφος@ndnsc χράομαι@vppenms σωρεύω@viaa3s νεκρός@anamp- πάσχω@viaa3s δέ@cs αὐτός@rpnms οὐδείς@rpans ἀλλά@cs καί@b προσεῖδον@vnaa-- δεινός@annms- φαίνω@viap3s ὁ@ddmp πολέμιος@andmp- καί@cs ὁ@dams ὅμηρος@namsp δείκνυμι@viaa3s ὀρθός@b καί@cs μετά@p ἐμπειρία@nafpc ἀποφαίνω@vppaams ὁ@dgfp ἀρετή@ngfpc μόνος@anafs- ὁ@dafs ἀνδρεία@nafsc φορά@vpaanms πολλάκις@b ἐνθουσιώδης@anafp- καί@cs μανικός@anafp- φέρω@vppeafs ἁλίσκομαι@vpaagfs δέ@b ὁ@dgfs πόλις@ngfsc θύω@viaa3s τε@b ὁ@ddms θεός@ndmsc μεγαλοπρεπής@b καί@cs θέα@ngfsc ἀγών@ngmpc παντοδαπής@angmp- παρέχω@viaa3s"
"Pyrr._23.1","ὁ@dgmp δέ@b περί@p μεσσήνη@nafsp βάρβαρος@ngmpc μαμερτῖνος@ngmpp δέ@b καλέω@vppegmp πολύς@ananp- ὁ@ddmp ἕλλην@ndmpp ἐνοχλέω@vppagmp ἔνιοι@anamp- δέ@b καί@b φόρος@ngnsc ποιέω@vpregmp ὑποτελής@anamp- πολύς@angmp- δέ@cs καί@b μάχιμος@angmp- εἰμί@vppagmp διό@cs καί@b προσαγορεύω@viap3p ἄρειος@nnmpp γλῶσσα@ndfsc ὁ@ddfs λατῖνος@ngmpp ὁ@damp μέν@b φορολόγος@nampc συλλαμβάνω@vpaanms ἀποκτείνω@viaa3s αὐτός@rpamp δέ@cs νικάω@vpaanms μάχη@ndfsc πολύς@ananp- ὁ@dgnp φρούριον@ngnpc ἐκκόπτω@viaa3s"
"Pyrr._23.2","καρχηδόνιος@ndmpp δέ@b συμβατικός@b ἔχω@vppadmp καί@b χρῆμα@nanpc βούλομαι@vppedmp τελέω@vnpa-- εἰ@cs γίγνομαι@voam3s φιλία@nnfsc καί@cs ναῦς@nafpc ἀποστέλλω@vnpa-- ἀποκρίνω@viam3s πλείων@angmpc ἐφίημι@vppenms εἷς@anafs- εἰμί@vnpa-- διάλυσις@nafsc καί@cs φιλία@nafsc πρός@p αὐτός@rpamp εἰ@cs πᾶς@anafs- ἐκλείπω@vpaanmp σικελία@nafsp ὅρος@ndmsc χράομαι@vope3p ὁ@ddfs λιβυκός@andfs- θάλασσα@ndfsc πρός@p ὁ@damp ἕλλην@nampp"
"Pyrr._23.3","εὐτυχία@ndfsc δέ@b καί@cs ῥώμη@ndfsc ὁ@dgmp πάρειμι1@vppagmp ἐπαίρω@vppenms καί@b διώκω@vppanms ὁ@dafp ἐλπίς@nafpc ἐπί@p ὅς@rpdfp ἀπό@p ἀρχή@ngfsc πλέω@viaa3s πρῶτος@angfs- δέ@cs λιβύη@ngfsp ἐφίημι@vppmnms καί@cs ναῦς@nafpc ἔχω@vppanms πολύς@anafp- πλήρωμα@ngnpc ἐπιδεής@anafp- ἀγείρω@viaa3s ἐρέτης@nampc οὐ@b ἐπιεικής@b ἐντυγχάνω@vppanms οὐ@b δέ@cs πρᾶος@b ὁ@ddfp πόλις@ndfpc ἀλλά@cs δεσποτικός@b καί@b πρός@p ὀργή@nafsc βιάζω@vppenms καί@cs κολάζω@vppanms οὐ@b εὐθύς2@b εἰμί@vppanms οὐ@b δέ@cs ἐν@p ἀρχή@ndfsc τοιοῦτος@annms- ἀλλά@cs καί@b μᾶλλον@b ἕτερος@angmp- ὁ@ddns πρός@p χάρις@nafsc ὁμιλέω@vnpa-- καί@b πᾶς@ananp- πιστεύω@vnpa-- καί@cs μηδείς@rpans ἐνοχλέω@vnpa-- ὑπάγω@vppenms εἶτα@cs γίγνομαι@vppenms ἐκ@p δημαγωγός@ngmsc τύραννος@nnmsc ἀχαριστία@ngfsc ὁ@ddfs χαλεπότης@ndfsc καί@cs ἀπιστία@ngfsc προσωφλίσκανε@viaa3s δόξα@nafsc"
"Pyrr._23.4","οὐ@b μήν@b ἀλλά@b οὗτος@rpanp μέν@b ὡς@b ἀναγκαῖος@ananp- συγχωρέω@viia3p καίπερ@b δυσφορέω@vppanmp ἐπεί@cs δέ@b θόων@namsp καί@cs σωσίστρατος@namsp ἀνήρ@nampc ἡγεμονικός@anamp- ἐν@p συρακοῦσαι@ndfpp ὅς@dnmp πρῶτος@annmp- μέν@b αὐτός@rpams ἔρχομαι@vnaa-- πείθω@viaa3p εἰς@p σικελία@nafsp ἔρχομαι@vpaadms δέ@cs ὁ@dafs πόλις@nafsc εὐθύς2@b ἐγχειρίζω@viaa3p καί@cs πλεῖστος@ananp- συγκατεργάζομαι@viae3p ὁ@dgnp σικελικός@angnp- μή@b τε@b ἄγω@vnpa-- σύν@p ἑαυτοῦ@rpdms μή@b τε@cs ἀπολείπω@vnpa-- βούλομαι@vppenms ἐν@p ὑποψία@ndfpc ἔχω@viia3s καί@cs σωσίστρατος@nnmsp μέν@b ἀφίστημι@viaa3s φοβέω@vpapnms"
"Pyrr._23.5","θόων@namsp δέ@cs ὁ@danp αὐτός@rpanp φρονέω@vnpa-- αἰτιάομαι@vpamnms ἀποκτείνω@viaa3s οὐ@b κατά@p μικρός@anans- οὐ@b δέ@cs κατά@p εἷς@anans- αὐτός@rpdms μεθίστημι@viie3s ὁ@dgnp πρᾶγμα@ngnpc ἀλλά@cs δεινός@angns- τις@angns- μῖσος@ngnsc ἐγγίγνομαι@vppegns ὁ@ddfp πόλις@ndfpc πρός@p αὐτός@rpams ὁ@dnfp μέν@b προστίθημι@viam3p καρχηδόνιος@ndmpp ὁ@dnfp δέ@cs ἐπάγω@viie3p μαμερτῖνος@nampp ἀπόστασις@nafpc δέ@b ὁράω@vppanms ἅπας@ananp- καί@b νεωτερισμός@nampc καί@cs σύστασις@nafsc ἰσχυρός@anafs- ἐπί@p ἑαυτοῦ@rpams δέχομαι@viam3s γράμμα@nanpc σαυνῖται@ngmpp καί@cs ταραντῖνος@ngmpp μόλις@b ἀντέχω@vppagmp ὁ@ddfp πόλις@ndfpc αὐτός@andfp- πρός@p ὁ@dams πόλεμος@namsc ἔργω1@vppegmp δέ@cs ὁ@dgfs χώρα@ngfsc ἅπας@angfs- καί@cs δέω2@vppegmp βοηθέω@vnpa--"
"Pyrr._23.6","οὗτος@rpnns δέ@b εἰμί@viia3s εὐπρέπεια@nnfsc μή@b φυγή@nafsc εἰμί@vnpa-- μη@b δέ@cs ἀπόγνωσις@nafsc ὁ@dams ἀπόπλοος@namsc ὁ@dgnp αὐτόθι@b πρᾶγμα@ngnpc ὁ@dans δέ@cs ἀληθής@anans- οὐ@b δύναμαι@vppenms κρατέω@vnpa-- σικελία@ngfsp ὥσπερ@cs ναῦς@ngfsc ταράσσω@vpapgfs ἀλλά@cs ἔκβασις@nafsc ζητέω@vppanms αὖθις@b ῥίπτω@viaa3s ἑαυτοῦ@rpams εἰς@p ἰταλία@nafsp λέγω3@vipe3s δέ@b ἀπαλλάσσω@vppenms ἤδη@b πρός@p ὁ@dafs νῆσος@nafsc ἀπορέω@vpaanms εἶπον@vnaa-- ὁ@ddmp περί@p αὐτός@rpams οἷος@anafs- ἀπολιμπάνω@vipa1p ὦ@i φίλος@anvmp- καρχηδόνιος@ndmpp καί@cs ῥωμαῖος@ndmpp παλαίστρα@nafsc καί@b οὗτος@rpnns μέν@b ὥσπερ@cs εἰκάζω@viap3s μετά@p οὐ@b πολύς@anams- χρόνος@namsc γίγνομαι@viam3s"
"Pyrr._24.1","ὁ@dgmp δέ@b βάρβαρος@ngmpc συνίστημι@vpaagmp ἐπί@p αὐτός@rpams ἀποπλέω@vppaams καρχηδόνιος@ndmpp μέν@b ἐν@p ὁ@ddms πορθμός@ndmsc ναυμαχέω@vpaanms ἀποβάλλω@viaa3s ὁ@dgfp ναῦς@ngfpc πολύς@anafp- ὁ@ddfp δέ@b ἄλλος@rpdfp καταφεύγω@viaa3s πρός@p ὁ@dafs ἰταλία@nafsp μαμερτῖνοι@nnmpp δέ@cs μυρίος@angmp- οὐ@b ἐλάσσων@annmpc προβαίνω@vpaanmp ἀντιτάσσω@vnam-- μέν@b φοβέω@viap3p ἐν@p δέ@cs ὁ@ddfp δυσχωρία@ndfpc ἐπιτίθημι@vppenmp καί@cs προσπίτνω@vppanmp ἅπας@anans- ὁ@dans στράτευμα@nansc συνταράσσω@viaa3p πίπτω@viaa3s δέ@b δύο@an---- θηρίον@nnnpc καί@cs συχνός@annmp- ὁ@dgmp ὀπισθοφυλακέω@vppagmp ἀποθνῄσκω@viia3p"
"Pyrr._24.2","αὐτός@rpnms οὖν@b ἀπό@p ὁ@dgns στόμα@ngnsc παρελαύνω@vpaanms ἀμύνω@viie3s καί@cs διακινδυνεύω@viia3s πρός@p ἀνήρ@nampc ἀσκέω@vpreamp μάχομαι@vnpe-- καί@cs θυμοειδής@anamp- πλήσσω@vpapnms δέ@b ὁ@dafs κεφαλή@nafsc ξίφος@ndnsc καί@cs μικρός@anans- ἐκ@p ὁ@dgmp μάχομαι@vppegmp ἀφίστημι@vpaanms ἔτι@b μᾶλλον@b ἐπαίρω@viaa3s ὁ@damp πολέμιος@nampc εἷς@nnmsc δέ@b καί@b πολύς@anans- πρό@p ὁ@dgmp ἄλλος@rpgmp ἐπιτρέχω@vpaanms ἀνήρ@nnmsc ὁ@ddns τε@b σῶμα@ndnsc μέγας@annms- καί@cs ὁ@ddnp ὅπλον@ndnpc λαμπρός@annms- χράομαι@viie3s ὁ@ddfs φωνή@ndfsc θρασύς@andfsc καί@cs προέρχομαι@vnaa-- κελεύω@viia3s αὐτός@rpams εἰ@cs ζάω@vspa3s"
"Pyrr._24.3","παροξύνω@vpapnms δέ@b ὁ@dnms πύρρος@nnmsp ἐπιστρέφω@viaa3s βία@ndfsc ὁ@dgmp ὑπασπιστής@angmp- καί@cs μετά@p ὀργή@ngfsc αἷμα@ndnsc φύρω@vprenms καί@cs δεινός@annms- ὁράω@vnap-- ὁ@dans πρόσωπον@nansc ὠθέω@vpamnms διά@p αὐτός@rpgmp καί@cs φθάνω@vpaanms ὁ@dams βάρβαρος@namsc πλήσσω@viaa3s κατά@p ὁ@dgfs κεφαλή@ngfsc ὁ@ddns ξίφος@ndnsc πληγή@nafsc ῥώμη@ndfsc τε@b ὁ@dgfs χείρ@ngfsc ἅμα@b καί@cs βαφή@angfs- ἀρετή@ndfsc ὁ@dgns σίδηρος@ngnsc μέχρι@p ὁ@dgnp κάτω@b διατρέχω@vpaaafs ὥστε@cs εἷς@andms- χρόνος@ndmsc περιπίπτω@vnaa-- ἑκατέρωσε@b ὁ@danp μέρος@nanpc ὁ@dgns σῶμα@ngnsc διχοτομέω@vpapgns"
"Pyrr._24.4","οὗτος@rpnns ὁ@damp βάρβαρος@nampc ἐπέχω@viaa3s ὁ@dgns πρόσω@b χωρέω@vnpa-- ὡς@b τις@rpams ὁ@dgmp κρείσσων@angmp- θαυμάζω@vpaaamp καί@cs καταπλάσσω@vpamdmp ὁ@dams πύρρος@namsp ὁ@dnms δέ@b ὁ@dafs ἄλλος@anafs- ὁδός@nafsc ἀδεής@b διεξέρχομαι@vpaanms ἥκω@viia3s εἷς@nnmsc τάρας@namsp δισμύριοι@anamp- πεζός@anamp- καί@cs τρισχίλιοι@anamp- ἱππεύς@nampc κομίζω@vppanms ἀναλαμβάνω@vpaanms δέ@b ὁ@dgmp ταραντῖνος@ngmpp ὁ@damp κράτιστος@anamp- εὐθύς2@b ἐπί@p ῥωμαῖος@nampp ἄγω@viia3s ἐν@p ὁ@ddfs σαυνίς@ndfsp στρατοπεδεύω@vppaamp"
"Pyrr._25.1","ὁ@dgmp δέ@b σαυνῖται@ngmpp ὁ@dnnp τε@b πρᾶγμα@nnnpc διαφθείρω@vile3s καί@cs ὁ@dgns φρόνημα@ngnsc ὑφίημι@viam3p κρατέω@vprenmp μάχη@ndfpc πολύς@andfp- ὑπό@p ὁ@dgmp ῥωμαῖος@ngmpp ἐνεἰμί@viia3s δέ@b τις@rpnns καί@b πρός@p ὁ@dams πύρρος@namsp ὀργή@nnmpc διά@p ὁ@dams εἰς@p σικελία@nafsp πλόος@namsc ὅθεν@b οὐ@b πολύς@annmp- οὗτος@rpgmp αὐτός@rpdms συνέρχομαι@viaa3p πᾶς@anamp- δέ@b νέμω@vpaanms δίχα@p ὁ@damp μέν@b εἰς@p ὁ@dafs λευκανία@nafsp πέμπω@viaa3s ἀντιλαμβάνω@vpfmamp ὁ@dgms ἕτερος@angms- ὁ@dgmp ὕπατος@ngmpc ὡς@cs μή@b βοηθέω@vopa3s"
"Pyrr._25.2","ὁ@damp δέ@cs ἄγω@viia3s αὐτός@rpnms ἐπί@p μάνιος@namsp κούριος@namsp περί@p πόλις@nafsc βενεουεντόν@anams- ἱδρύω@vpreams ἐν@p ἀσφαλής@andns- καί@cs περιμένω@vppaams ὁ@dafs ἐκ@p ὁ@dgfs λευκανία@ngfsp βοήθεια@nafsc εἰμί@vipa3s δέ@b ὅτε@cs καί@b μάντις@ngmpc αὐτός@rpams οἰωνός@ndmpc καί@cs ἱερόν@ndnpc ἀποτρέπω@vppagmp ἡσυχάζω@viia3s σπεύδω@vppanms οὖν@b ὁ@dnms πύρρος@nnmsp ἐπιτίθημι@vnam-- οὗτος@rpdmp πρίν@cs ἐκεῖνος@rpamp ἐπέρχομαι@vnaa-- ἀνήρ@nampc τε@b ὁ@damp κράτιστος@anamps καί@cs ὁ@dgnp θηρίον@ngnpc ὁ@danp μάχιμος@ananps λαμβάνω@vpaanms νύξ@ngfsc ὁρμάω@viaa3s ἐπί@p ὁ@dans στρατόπεδον@nansc"
"Pyrr._25.3","περίειμι1@vppadms δέ@b αὐτός@rpdms μακράν@anafs- καί@cs δασύς@anafs- ὕλη@ndfpc ὁδός@nafsc οὐ@b ἀντέχω@viaa3s ὁ@dnnp φώς@nnnpc καί@cs πλάνη@nnfpc ὁ@ddmp στρατιώτης@ndmpc συντυγχάνω@viaa3p καί@b περί@p οὗτος@rpanp γίγνομαι@vppegfs διατριβή@ngfsc ὅς@dnfs τε@b νύξ@nnfsc ἐπιλείπω@viaa3s καί@cs καταφανής@annms- εἰμί@viia3s ἅμα@p ἡμέρα@ndfsc ὁ@ddmp πολέμιος@ndmpc ἐπέρχομαι@vppenms ἀπό@p ὁ@dgnp ἄκρον@ngnpc ὥστε@cs θόρυβος@namsc πολύς@anams- καί@cs κίνησις@nafsc παρέχω@vnaa-- οὐ@b μήν@b ἀλλά@b ὁ@dgnp ἱερόν@ngnpc ὁ@ddms μάνιος@ndmsp γίγνομαι@vpamgnp καί@cs ὁ@dgms καιρός@ngmsc βοηθέω@vnpa-- ἀναγκάζω@vppagms ἐξέρχομαι@vpaanms ἐμβάλλω@viaa3s ὁ@ddmp πρῶτος@andmp- καί@cs τρέπω@vpamnms ταράσσω@viaa3s πᾶς@anamp- ὥστε@cs καί@b πίπτω@vnaa-- οὐ@b ὀλίγος@anamp- καί@cs ὁ@dgmp ἐλέφας@ngmpc τις@rpamp ἁλίσκομαι@vnaa-- καταλείπω@vpapamp"
"Pyrr._25.4","οὗτος@rpnfs ὁ@dams μάνιος@namsp ὁ@dnfs νίκη@nnfsc κατάγω@viaa3s μάχομαι@vppeams εἰς@p ὁ@dans πεδίον@nansc καί@b συμβάλλω@vpaanms ἐκ@p πρόδηλος@angns- ὁ@dans μέν@b τρέπω@viam3s ὁ@dgmp πολέμιος@ngmpc εἰμί@vipa3s δέ@cs ὅς@rpanp βιάζω@vpapnms ὑπό@p ὁ@dgnp θηρίον@ngfpc καί@cs συστέλλω@vpapnms πρός@p ὁ@dans στρατόπεδον@nansc ὁ@damp φύλαξ@nampc καλέω@viia3s συχνός@anamp- ἐφίστημι@vpraamp ὁ@ddms χάραξ@ndmsc μετά@p ὁ@dgnp ὅπλον@ngnpc καί@cs ἀκμής@nampc"
"Pyrr._25.5","ὁ@dnmp δέ@b ἐπιφαίνω@vpapnmp ἐκ@p τόπος@ngmpc ὀχυρός@angmp- καί@cs ὁ@danp θηρίον@nanpc βάλλω@vppanmp ἀναγκάζω@viaa3p ἀποστρέφω@vnpe-- καί@cs φυγή@ndfsc χωρέω@vppaams διά@p ὁ@dgmp σύμμαχος@ngmpc ὀπίσω@b ταραχή@nafsc ἀπεργάζομαι@vnae-- καί@cs σύγχυσις@nafsc ὅς@rpafs ὁ@dnns νίκημα@nnnsc παραδίδωμι@viaa3s ὁ@ddmp ῥωμαῖος@ndmpp ἅμα@b δέ@cs καί@b ὁ@dans κράτος@nansc ὁ@dgfs ἡγεμονία@ngfsc καί@b γάρ@b φρόνημα@nansc καί@b δύναμις@nafsc καί@cs δόξα@nafsc ὡς@b ἄμαχος@annmp- προσλαμβάνω@vpaanmp ἐκ@p ὁ@dgfs ἀρετή@ngfsc ἐκεῖνος@angfs- καί@cs ὁ@dgmp ἀγών@ngmpc ἰταλία@nafsp μέν@b εὐθύς@b ὀλίγος@andns- δέ@cs ὕστερος@anans- σικελία@nafsp κατέχω@viaa3p"
"Pyrr._26.1","οὕτως@b μέν@b ἐκπίτνω@viaa3s ὁ@dgfp ἰταλικός@angnp- καί@cs σικελικός@angfp- ὁ@dnms πύρρος@nnmsp ἐλπίς@ngfpc ἑξαετής@anams- χρόνος@namsc ἀναλίσκω@vpaanms περί@p ὁ@damp ἐκεῖ@b πόλεμος@nampc καί@cs ὁ@ddnp πρᾶγμα@ndnpc ἐλασσόω@vpapnms ὁ@dans δέ@cs ἀνδρεῖος@nansc ἀνίκητος@anans- ἐν@p ὁ@ddfp ὅστις@ndfpc διαφυλάσσω@vpaanms καί@b νομίζω@vpapnms ἐμπειρία@ndfsc μέν@b πολεμικός@andfs- καί@b χείρ@ndfsc καί@cs τόλμα@ndfsc πολύς@anans- πρῶτος@annms- εἰμί@vnpa-- ὁ@dgmp κατά@p ἑαυτοῦ@rpams βασιλεύς@ngmpc ὅς@rpanp δέ@cs ὁ@ddfp πρᾶξις@ndfpc κτάομαι@viie3s ὁ@ddfp ἐλπίς@ndfpc ἀπόλλυμι@vnpa-- διά@p ἔρως@namsc ὁ@dgmp ἄπειμι1@vppagmp οὐδείς@rpans εἷς@annms- ὅς@rpans δεῖ@viia3s τίθημι@vnae-- ὁ@dgnp ὑπάρχω@vppagnp φθάνω@vpaanms"
"Pyrr._26.2","ὅθεν@b ἀπεικάζω@viia3s ἑαυτοῦ@rpams ὁ@dnms ἀντίγονος@nnmsp κυβευτής@ndmsc πολύς@ananp- βάλλω@vppadms καί@cs καλός@ananp- χράω@vnpe-- δέ@cs οὐ@b ἐπίσταμαι@vpamdms ὁ@ddmp πίπτω@vpaadmp κομίζω@vpaanms δέ@cs εἷς@annms- ἤπειρος@namsp ὀκτακισχίλιοι@anamp- πεζός@anamp- καί@cs πεντακόσιοι@anamp- ἱππεύς@nampc χρῆμα@nanpc δή@b οὐ@b ἔχω@vppanms ζητέω@viia3s πόλεμος@namsc ὅς@rpdms τρέφω@vifa3s ὁ@dans στράτευμα@nansc καί@cs τις@angmp- γαλάτης@ngmpp αὐτός@rpdms προσγίγνομαι@vpamgmp ἐμβάλλω@viaa3s εἷς@annms- μακεδονία@nafsp ἀντίγονος@ngmsp ὁ@dgms δημήτριος@ngmsp βασιλεύω@vppagms ὡς@b ἁρπαγή@ndfsc καί@cs λεηλασία@ndfsc χράω2@vpfmnms"
"Pyrr._26.3","ἐπεί@cs δέ@b καί@b πόλις@nafpc λαμβάνω@viia3s συχνός@anafp- καί@cs στρατιώτης@nnmpc δισχίλιοι@annmp- μεθίστημι@viaa3p ὡς@p αὐτός@rpams ἐλπίζω@vpaanms τις@rpans πλέος@anans- ὁρμάω@viaa3s ἐπί@p ὁ@dams ἀντίγονος@namsp καί@cs περί@p ὁ@danp στενός@nanpp προσπίτνω@vpaanms συνταράσσω@viaa3s ὁ@dafs στρατιά@nafsc ἅπας@anafs- ὁ@dnmp δέ@cs ἐπί@p ὁ@dgfs οὐραγία@ngfsc ὁ@dgms ἀντίγονος@ngmsp τάσσω@vprenmp γαλάτης@nnmpp συχνός@annmp- ὁ@dans πλῆθος@nansc εἰμί@vppanmp ὑφίστημι@viaa3p εὔρωστος@b καί@b καρτερός@angfs- μάχη@ngfsc γίγνομαι@vpamgfs οὗτος@rpgmp μέν@b ὁ@dnmp πολύς@annmp- κατακόπτω@viap3p ὁ@dnmp δέ@cs ὁ@dgmp ἐλέφας@ngmpc ἡγεμών@nnmpc ἐγκαταλείπω@vppenmp παραδίδωμι@viaa3p ἑαυτοῦ@rpamp καί@cs ὁ@danp θηρίον@nanpc πᾶς@ananp-"
"Pyrr._26.4","προσλαμβάνω@vpaanms δέ@b ὁ@dnms πυρρος@nnmsp τηλικοῦτος@rpanp καί@cs ὁ@ddfs τύχη@ndfsc μᾶλλον@b ἤ1@cs ὁ@ddmp λογισμός@ndmpc χράομαι@vppenms ἐπάγω@viia3s ὁ@ddfs φάλαγξ@ndfsc ὁ@dgmp μακεδών@ngmpp ἀναπίμπλημι@vpredfs ταραχή@ngfsc καί@cs φόβος@ngmsc διά@p ὁ@dafs ἧσσα@nafsc ὅθεν@b ἐμβολή@ngfsc μέν@b ἔχω@viam3p καί@cs μάχη@ngfsc πρός@p αὐτός@rpams ὁ@dafs δέ@cs δεξιός@nafsc προτείνω@vppanms καί@cs στρατηγός@nampc καί@cs ταξίαρχος@nampc ἀνακαλέω@vppenms ἅπας@anamp- ὁμαλής@b ἀφίστημι@viaa3s ὁ@damp πεζός@anamp- ὁ@dams ἀντίγονος@ngmsp"
"Pyrr._26.5","καί@b ἐκεῖνος@rpnms μέν@b ὑποφεύγω@vppanms ἅμα@p ὁ@dgmp ἱππεύς@ngmpc ὀλίγος@andmp- ὁ@dgfp παράλιος@angfp- τις@rpafp πόλις@ngfpc κατέχω@viaa3s ὁ@dnms δέ@cs πύρρος@nnmsp ἐν@p εὐτύχημα@ndnpc τοσοῦτος@andnp- μέγας@ananss αὐτός@rpdms πρός@p δόξα@nafsc οἴομαι@vppenms διαπράσσω@vnre-- ὁ@dans περί@p ὁ@damp γαλάτης@nampp ὁ@danp καλός@ananps καί@cs λαμπρός@ananps ὁ@dgnp λάφυρα@ngnpc ἀνατίθημι@viaa3s εἷς@annms- ὁ@dans ἱερόν@nansc ὁ@dgfs ἰτωνίς@ngfsp ἀθήνη@ngfsp ὅδε@anans- ὁ@dans ἐλεγεῖον@nansc ἐπιγράφω@vpaanms ὁ@damp θυρεός@nampc ὁ@dnms μολοσσός@nnmsp ἰτωνίς@ndfsp δῶρον@nansc ἀθήνη@ndfsp πύρρος@nnmsp ἀπό@p θρασύς@ngnpc κρεμάννυμι@viaa3s γαλάτης@ngmpp πᾶς@anams- ὁ@dams ἀντίγονος@ngmsp καθαιρέω@vpaanms στρατός@namsc οὐ@b μέγας@anans- θαῦμα@nansc αἰχμητής@nnmpc καί@cs νῦν@b καί@cs πάρος@b αἰακίδης@nnmpp"
"Pyrr._26.6","μετά@p ὁ@dafs μάχη@nafsc δέ@b εὐθύς2@b ἀναλαμβάνω@viia3s ὁ@dafp πόλις@nafpc ὁ@dgmp δέ@b αἴγειος@ngmpp κρατέω@vpaanms ὁ@danp τε@b ἄλλος@rpanp χαλεπός@b χράω2@viam3s ὁ@ddmp ἄνθρωπος@ndmpc καί@b φρουρά@nafsc γαλατικός@anafs- ἐν@p ὁ@ddfs πόλις@ndfsc καταλιμπάνω@viaa3s ὁ@dgmp μετά@p αὐτός@rpgms στρατεύω@vppegmp ὁ@dnmp δέ@cs γαλάτης@nnmpp γένος@nansc ἄπληστος@ananss χρῆμα@ngnpc εἰμί@vppanmp ἐπιτίθημι@viam3p ὁ@dgmp βασιλεύς@ngmpc αὐτόθι@b καίνυμαι@vpregmp ὁ@damp τάφος1@nampc ὀρύσσω@vnpa-- καί@cs ὁ@danp μέν@b χρῆμα@nanpc διαρπάζω@viaa3p ὁ@danp δέ@cs ὀστέον@nanpc πρός@p ὕβρις@nafsc διαρρίπτω@viaa3p"
"Pyrr._26.7","οὗτος@rpans κοῦφος@b δοκέω@viaa3s καί@cs ὀλίγωρος@b φέρω@vnaa-- ὁ@dnms πύρρος@nnmsp ἤ1@b διά@p ἀσχολία@nafpc τις@anafp- ὑπερτίθημι@vpamnms ἤ1@cs παρίημι@vpaanms ὅλος@b διά@p φόβος@namsc ὁ@dans κολάζω@vnaa-- ὁ@damp βάρβαρος@nampc ὅθεν@b ἀκούω@viaa3s κακός@b ὑπό@p ὁ@dgmp μακεδών@ngmpp οὔπω@b δέ@b ὁ@dgnp πρᾶγμα@ngnpc αὐτός@rpdms βεβαιότης@nafsc καί@cs σύστασις@nafsc ἔχω@vppagnp μόνιμος@anafs- αἰωρέω@viie3s ὁ@ddfs γνώμη@ndfsc πάλιν@b πρός@p ἕτερος@anafp- ἐλπίς@nafpc καί@cs ὁ@dams μέν@b ἀντίγονος@namsp ἐφυβρίζω@vppanms ἀναίσχυντος@anams- καλέω@viia3s μή@b λαμβάνω@vppaams ἱμάτιον@nansc ἀλλά@cs ἔτι@b ὁ@dafs πορφύρα@nafsc φορέω@vppaams κλεώνυμος@ngmsp δέ@b ὁ@dgms σπαρτιάτης@ngmsp παραγίγνομαι@vpamgms καί@cs καλέω@vppagms ἑαυτοῦ@rpams ἐπί@p ὁ@dafs λακεδαίμων@nafsp πρόθυμος@b ὑπακούω@viaa3s"
"Pyrr._26.8","ὁ@dnms δέ@b κλεώνυμος@nnmsp εἰμί@viia3s μέν@b γένος@ngnsc βασιλικός@angns- δοκέω@vppanms δέ@cs βίαιος@annms- εἰμί@vnpa-- καί@cs μοναρχικός@annms- οὐ@b τε@b εὔνοια@nafsc οὐ@b τε@cs πίστις@nafsc ἔχω@viia3s ἀλλά@cs ἄρης@nnmsp βασιλεύω@viia3s καί@b οὗτος@annns- μέν@b εἷς@annns- εἰμί@viia3s κοινός@annns- ἔγκλημα@nnnsc καί@cs πρέσβυς@annnsc αὐτός@rpdms πρός@p ὁ@damp πολίτης@nampc γυνή@nafsc δέ@b καλός@anafs- καί@cs γένος@ngnsc βασιλικός@angns- χιλωνίς@nafsp ὁ@dafs λεωτυχίδης@ngmsp πρέσβυς@annmsc εἰμί@rpafs γαμέω@viaa3s ὁ@dnms κλεώνυμος@nnmsp ἤ1@b δέ@b ἄκρος@ndmsp ὁ@ddms ἄρης@ngmsp ἐπιμαίνομαι@vpapnfs μειράκιον@ndnsc κατά@p ὥρα@nafsc ἀκμάζω@vppadms λυπηρός@anams- ἐράω@vppadms ὁ@ddms κλεώνυμος@ndmsp καί@cs ἄδοξος@anams- ὁμοῦ@b παρέχω@viia3s ὁ@dams γάμος@namsc οὐδείς@rpams γάρ@b λανθάνω@viia3s σπαρτιάτης@ngmpp καταφρονέω@vppenms ὑπό@p ὁ@dgfs γυνή@ngfsc"
"Pyrr._26.9","οὕτως@b δέ@b ὁ@dgnp κατά@p οἶκος@namsc ἀνιαρός@angnp- ὁ@ddmp πολιτικός@andmp- προσγίγνομαι@vpamgmp ὑπό@p ὀργή@ngfsc καί@cs βαρυθυμία@ngfsc ἐπάγω@viia3s ὁ@ddfs σπάρτη@ndfsp ὁ@dams πύρρος@namsp ἔχω@vppaams δισμύριοι@anamp- καί@cs πεντακισχίλιοι@anamp- πεζός@anamp- δισχίλιοι@anamp- δέ@b ἱππεύς@nampc ἐλέφας@nampc δέ@cs εἰκοσιτέσσαρες@anamp- ὥστε@cs ὁ@ddns μέγεθος@ndnsc ὁ@dgfs παρασκευή@ngfsc εὐθύς2@b εἰμί@vnpa-- κατάδηλος@anans- οὐ@b κλεώνυμος@ndmsp ὁ@dafs σπάρτη@nafsp ἀλλά@cs ὁ@dafs πελοπόννησος@nafsp ἑαυτοῦ@rpdms κτάομαι@vppeams ἐπεί@cs ὁ@ddms γε@b λόγος@ndmsc καί@b πρός@p αὐτός@rpamp ἔξαρνος@annms- εἰμί@viia3s ὁ@damp λακεδαιμόνιος@nampp πρεσβεύω@vpaaamp εἷς@annms- μέγας@anafs- πόλις@nafsc"
"Pyrr._26.10","φημί@viia3s γάρ@b ἐλευθερόω@vpfanms ὁ@dafp ὑπό@p ἀντίγονος@ndmsp πόλις@nafpc ἀφικνέομαι@vnre-- καί@b νή@p ζεύς@namsp ὁ@damp νέος@anampc παῖς@nampc εἷς@annms- σπάρτη@nafsp εἰ@cs μή@b τις@rpans κωλύω@vipa3s πέμπω@vpfanms ἐντρέφω@vpfmamp ὁ@ddnp λακωνικός@andnp- ἔθος@ndnpc ὡς@cs οὗτος@rpdns πλέος@anansc ἔχω@vopa3p ἤδη@b ὁ@dgmp πᾶς@angmp- βασιλεύς@ngmpc οὗτος@rpanp πλάσσω@vppenms καί@cs παράγω@vppanms ὁ@damp ἐντυγχάνω@vppaamp αὐτός@rpdms κατά@p ὁδός@nafsc ὡς@cs πρῶτος@anans- ἅπτω@viam3s ὁ@dgfs λακωνικός@angfs- ἁρπαγή@nafsc ποιέω@viie3s καί@cs λεηλασία@anafs-"
"Pyrr._26.11","ἐγκαλέω@vppagmp δέ@b ὁ@dgmp πρέσβυς@ngmpc ὅτι@cs μή@b καταγγέλλω@vpaanms πόλεμος@namsc ἐκφέρω@vira3s πρός@p αὐτός@rpamp ἀλλά@cs οὐ@b δέ@cs σύ@rpamp φημί@viia3s ὁ@damp σπαρτιάτης@nampp οἶδα@vira1p ὅς@rpans τις@anans- ἄν@b μέλλω@vsaa2p ποιέω@vnpa-- ἕτερος@andmp- προλέγω2@vppaamp εἷς@annms- δέ@cs ὁ@dgmp πάρειμι1@vppagmp ὄνομα@nansc μανδροκλείδας@nnmsp εἶπον@viaa3s ὁ@ddfs φωνή@ndfsc λακωνίζω@vppanms εἰ@cs μέν@b εἰμί@vipa2s τύ@dnns γε@b θεός@nnmsc οὐδείς@rpans μή@b πάσχω@vsaa1p οὐ@b γάρ@b ἀδικέω@vipa1p εἰ@cs δέ@cs ἄνθρωπος@nnmsc εἰμί@vifm3s καί@b τις@rpnmp κάρρων@ngnpc ἄλλος@rpnms"
"Pyrr._27.1","ἐκ@p οὗτος@rpgns καταβαίνω@viia3s ἐπί@p ὁ@dafs λακεδαίμων@nafsp καί@b ὁ@dgms κλεώνυμος@ngmsp κελεύω@vppagms ἕξ@p ἔφοδος3@ngfsc προσβάλλω@vnaa-- φοβέω@vpapnms ὁ@dnms πύρρος@nnmsp ὡς@cs λέγω3@vipe3s μή@cs διαρπάζω@vsaa3p ὁ@dnmp στρατιώτης@nnmpc ὁ@dafs πόλις@nafsc ἐν@p νύξ@ndfsc προσπίτνω@vpaanmp ἐπώχατο@viaa3s εἶπον@vpaanms ὅτι@cs ὁ@dans αὐτός@rpans ποιέω@vifa3p μετά@p ἡμέρα@nafsc αὐτός@rpnmp τε@b γάρ@b εἰμί@viia3p ὀλίγος@annmp- καί@cs ἀπαράσκευος@annmp- διά@p ὁ@dans αἰφνίδιος@anans- ὅς@cs τε@cs ἄρης@nnmsp οὐ@b τυγχάνω@viia3s πάρειμι@vppanms ἀλλά@cs ἐν@p κρήτη@ndfsp γορτύνιος@ndmpp πολεμέω@vppedmp βοηθέω@vppanms καί@b οὗτος@rpnns δή@b μάλιστα@b ὁ@dafs πόλις@nafsc σώζω@viaa3s διά@p ἐρημία@nafsc καί@cs ἀσθένεια@nafsc καταφρονέω@vpapafs"
"Pyrr._27.2","ὁ@dnms μέν@b γάρ@b πύρρος@nnmsp οὐδείς@rpams μάχομαι@vnfm-- νομίζω@vppanms καταναπαύω@viam3s ὁ@dgms δέ@cs κλεώνυμος@ngmsp ὁ@dafs οἰκία@nafsc ὅς@dnmp τε@b φίλος@nnmpc καί@cs εἵλως@nnmpc οὕτως@b κοσμέω@viaa3p καί@cs παρασκευάζω@viaa3p ὡς@b δειπνέω@vpfagms ὁ@dgms πύρρος@ngmsp παρά@p αὐτός@rpdms γίγνομαι@vpamgfs δέ@b νύξ@ngfsc ὁ@dnmp λακεδαιμόνιος@nnmpp πρῶτος@anans- μέν@b βουλεύω@viam3p ὁ@dafp γυνή@nafpc εἰς@p κρήτη@nafsp ἀποστέλλω@vnpa-- ὁ@dnfp δέ@cs ἀνθίστημι@viaa3p ἀρχιδάμιος@nnfsp δέ@b καί@b ξίφος@nansc ἔχω@vppanfs πρός@p ὁ@dafs γερουσία@nafsc ἔρχομαι@viaa3s ἐγκαλέω@vpaanfs ὁ@ddmp ἀνήρ@ndmpc ὑπέρ@p ὁ@dgfp γυνή@ngfpc εἰ@cs ζάω@vnpa-- ἑαυτοῦ@rpafp ἀξιόω@vipa3p ὁ@dgfs σπάρτη@ngfsp ἀπόλλυμι@vpamgfs"
"Pyrr._27.3","ἔπειτα@b ὁ@ddns στρατόπεδον@ndnsc ὁ@dgmp πολέμιος@angmp- παράλληλος@anafs- γιγνώσκω@viaa3p ἐμβάλλω@vpaanmp τάφρος@nafsc ἔνθεν@b καί@cs ἔνθεν@b αὐτός@rpgfs ἵστημι@vnaa-- ὁ@dafp ἄμαξα@nafpc μέχρι@p ὁ@dgms μέσος@angns- ὁ@dgmp τροχός@ngmpc καταχώννυμι@vpaanmp ὅπως@cs ἕδρα@nafsc ἔχω@vppanfp δυσεκβίαστος@anafs- ἐμποδών@b εἰμί@vspa3p ὁ@ddnp θηρίον@ndnpc ἄρχω@vppedmp δέ@b οὗτος@rpanp πράσσω@vnpa-- ἥκω@viia3p αὐτός@rpdmp ὁ@dgfp παρθένος@ngfpc καί@cs γυνή@ngfpc ὁ@dnfp μέν@b ἐν@p ἱμάτιον@ndnpc καταζώννυμι@vpamnfp ὁ@damp χιτωνίσκος@nampc ὁ@dnfp δέ@cs μονοχίτων@annfp- συνεργάζομαι@vppenfp ὁ@ddmp πρέσβυς@andmpc"
"Pyrr._27.4","ὁ@damp δέ@b μάχομαι@vnpe-- μέλλω@vppaamp κελεύω@viia3p ἡσυχάζω@vnpa-- καί@cs λαμβάνω@vpaanfp μέτρον@nansc αὐτός@rpnfp κατά@p ἑαυτοῦ@rpafp ἐξεργάζομαι@viae3p ὁ@dgfs τάφρος@ngfsc ὁ@dans τρίτος@anans- μέρος@nansc εἰμί@viia3s δέ@cs ὁ@dnns μέν@b πλάτος@nnnsc αὐτός@rpgfs πῆχυς@ngfpc ἕξ@an---- ὁ@dnns δέ@b βάθος@nnnsc τέσσαρες@angfp- ὁ@dnns δέ@cs μῆκος@nnnsc ὀκτάπλεθρος@nnnsc ὡς@cs ἱστορέω@vipa3s φύλαρχος@nnmsp ὡς@cs δέ@cs ἱερώνυμος@nnmsp ἐλάσσων@annnsc"
"Pyrr._27.5","ἅμα@p δέ@b ἡμέρα@ndfsc κινέω@vppegmp ὁ@dgmp πολέμιος@ngmpc ὁ@danp ὅπλον@nanpc ὁ@ddmp νέος@andmp- ὀρέγω@vppanfp καί@cs παραδίδωμι@vppanfp ὁ@dafs τάφρος@nafsc ἀμύνω@vnpa-- καί@cs φυλάσσω@vnpa-- κελεύω@viia3p ὡς@cs ἡδύς@annns- μέν@b νικάω@vnpa-- ἐν@p ὀφθαλμός@ndmpc ὁ@dgfs πατρίς@ngfsc εὐκλεής@annns- δέ@cs θνήσκω@vnpa-- ἐν@p χείρ@ndfpc μήτηρ@ngfpc καί@cs γυνή@ngfpc ἄξιος@b ὁ@dgfs σπάρτη@ngfsp πίπτω@vpaaamp ὁ@dnfs δέ@b χιλωνίς@nnfsp ἐκποδών@b εἰμί@vppanfs κατά@p ἑαυτοῦ@rpafs βρόχος@namsc ἔχω@viia3s ἐνάπτω@vpreams ὅπως@cs ἐπί@p ὁ@ddms κλεώνυμος@ndmsp μή@b γίγνομαι@voam3s ὁ@dgfs πόλις@ngfsc ἁλίσκομαι@vpaagfs"
"Pyrr._28.1","αὐτός@annms- μέν@b οὖν@b ὁ@dnms πύρρος@nnmsp βιάζω@viie3s κατά@p στόμα@nansc ὁ@ddmp ὁπλίτης@ndmpc πρός@p ἀσπίς@nafpc πολύς@anafp- ὁ@dgmp σπαρτιάτης@ngmpp ἀντιπαρατάσσω@vpreafp καί@cs τάφρος@nafsc οὐ@b περατός@anafs- οὐ@b δέ@cs βάσις@nafsc ἀσφαλής@anafs- ὁ@ddmp μάχομαι@vppedmp παρέχω@vppaafs ὑπό@p χαυνότης@ngfsc ὁ@dnms δέ@b παῖς@nnmsc πτολεμαῖος@nnmsp ἔχω@vppanms δισχίλιοι@anamp- γαλάτης@nampp καί@cs χάων@ngmpp λογάς@nampc ἐξελίσσω@vpaanms ὁ@dafs τάφρος@nafsc πειράω@viie3s κατά@p ὁ@dafp ἄμαξα@nafpc ὑπερβαίνω@vnpa-- ὁ@dnfp δέ@b ὑπό@p βάθος@ngnsc καί@cs πυκνότης@ngfsc οὐ@b μόνος@anans- οὗτος@rpdmp ὁ@dafs ἔφοδος3@nafsc ἀλλά@cs καί@b ὁ@ddmp λακεδαιμόνιος@ndmpp δύσεργος@anafs- ποιέω@viia3p ὁ@dafs βοήθεια@nafsc"
"Pyrr._28.2","ἀνασπάω@vpaagmp δέ@b ὁ@dgmp γαλάτης@ngmpp ὁ@damp τροχός@nampc καί@cs ὑποσυρίζω@vppagmp ὁ@dafp ἄμαξα@nafpc εἰς@p ὁ@dams ποταμός@namsc κατεῖδον@vpaanms ὁ@dams κίνδυνος@namsc ὁ@dnms νεανίης@nnmsc ἄκρος@nnmsp καί@cs ὁ@dafs πόλις@nafsc διατρέχω@vpaanms μετά@p τριακόσιοι@angmp- περιέρχομαι@viaa3s ὁ@dams πτολεμαῖος@namsp οὐ@b συνοράω@vppenms ὑπό@p ἑαυτοῦ@rpgms διά@p τις@anafp- συγκλινία@nafpc ἕως@cs προσβάλλω@viaa3s ὁ@ddmp ἔσχατος@andmp- καί@cs μεταβάλλω@vpaaamp ἀναγκάζω@viaa3s μάχομαι@vnpe-- πρός@p ἑαυτοῦ@rpams ὠθέω@vppeamp ὑπό@p ἀλλήλων@rpgmp εἰς@p τε@b ὁ@dafs τάφρος@nafsc καί@cs περί@p ὁ@ddfp ἄμαξα@ndfpc πίπτω@vppaamp ἄχρι@p ὅς@rpgms φόνος@ndmsc πολύς@andns- μόλις@b ἀνακόπτω@viap3p"
"Pyrr._28.3","θεάω@viie3p δέ@b ὅς@dnmp τε@b πρέσβυς@annmp- καί@cs ὁ@dgfp γυνή@ngfpc ὁ@dnns πλῆθος@nnnsc ἀριστεύω@vppaams ὁ@dams ἄκρος@namsp ἐπεί@cs δέ@b ἄπειμι2@viia3s πάλιν@b διά@p ὁ@dgfs πόλις@ngfsc ἐπί@p ὁ@dafs ἑαυτοῦ@rpgms τάξις@nafsc αἷμα@ngnsc κατάπλεως@ngnsc καί@cs γαῦρος@ngmsc ὑπό@p ὁ@dgfs νίκη@ngfsc ἐπαίρω@vprenms καί@b μέγας@annmsc δοκέω@viaa3s γίγνομαι@vnra-- καί@cs καλός@annmsc ὁ@ddfp λάκαινος@andfp- καί@cs ὁ@dafs χιλωνίς@nafsp ὁ@dgms ἔρως@ngmsc ζηλόω@viia1s ὁ@dgmp δέ@b πρέσβυς@angmpc τις@rpnmp ἐπακολουθέω@viia3p βοάω@vppanmp οἴχομαι@vira3s ἄκρος@nvmsp καί@cs οἴγω@vira3s ὁ@dafs χιλωνίς@nafsp μόνος@anans- παῖς@nampc ἀγαθός@anamp- ὁ@ddfs σπάρτη@ndfsp ποιέω@viia3s"
"Pyrr._28.4","κατά@p δέ@b ὁ@dams πύρρος@namsp αὐτός@anams- ἰσχυρός@angfs- μάχη@ngfsc συνίστημι@vpragfs ἄλλος@rpnmp τε@b λαμπρός@b ἀγωνίζομαι@viie3p κίος@b φύλλον@nnmsp ἐπί@p πλεῖστος@anans- ἀντέχω@vpaanms καί@cs πλεῖστος@anamp- ἀποκτείνω@vpaanms ὁ@dgmp βιάζω@vppegmp ὡς@cs αἰσθάνομαι@viam3s τραῦμα@ngnpc πλῆθος@ndnsc παραλύω@vppeams ἑαυτοῦ@rpams ἐξίστημι@vpaanms τις@rpdms ὁ@dgmp ἐπιτάσσω@vpregmp ὁ@dgfs χώρα@ngfsc πίπτω@viaa3s ἐντός@p ὁ@dgnp ὅπλον@ngnpc ὥστε@cs μή@b γίγνομαι@vnam-- ὁ@dams νεκρός@namsc ὑπό@p ὁ@ddmp πολέμιος@ndmpc"
"Pyrr._29.1","νύξ@ngfsc δέ@b ὁ@dnfs μάχη@nnfsc διακρίνω@viap3s καί@b κοιμάω@vppenms ὁ@dnms πύρρος@nnmsp ὄψις@nafsc εἶδον@viaa3s τοιοῦτος@anafs- δοκέω@viia3s βάλλω@vnpe-- κεραυνός@ndmpc ὑπό@p αὐτός@rpgms ὁ@dafs λακεδαίμων@nafsp καί@b φλέγω@vnpe-- πᾶς@anafs- αὐτός@rpams δέ@cs χαίρω@vnpa-- ὑπό@p δέ@b ὁ@dgfs χαρά@ngfsc ἐξεγρόμενος@vppenms ὁ@damp τε@b ἡγεμών@nampc κελεύω@viia3s ἐν@p παρασκευή@ndfsc ὁ@dams στρατός@namsc ἔχω@vnpa-- καί@cs ὁ@ddmp φίλος@ndmpc διηγέομαι@viie3s ὁ@dams ὄνειρος@namsc ὡς@b λαμβάνω@vpfmnms κατά@p κράτος@nansc ὁ@dafs πόλις@nafsc"
"Pyrr._29.2","ὁ@dnmp μέν@b οὖν@b ἄλλος@rpnmp θαυμάσιος@b πείθω@viie3p λυσίμαχος@ndmsp δέ@cs οὐ@b ἀρέσκω@viia3s ὁ@dnfs ὄψις@nafpc ἀλλά@cs φημί@viia3s δείδω@vnra-- μή@b καθά@cs ὁ@dnnp βάλλω@vppennp ὁ@ddmp κεραυνός@ndmpc ἀνέμβατος@vile3s μένω@vipa3s χωρίον@nnnpc καί@cs ὁ@ddms πύρρος@ndmsp προσημαίνω@vspa3s ὁ@dans θεῖος1@anans- ἀνεισόδιος@nansc εἰμί@vnfm-- ὁ@dafs πόλις@nafsc ὁ@dnms δέ@b πύρρος@nnmsp εἶπον@vpaanms ὅτι@cs οὗτος@rpnnp μέν@b εἰμί@vipa3s πυλαϊκός@angfs- ὀχλαγωγία@ngfsc καί@cs ἀσοφία@nafsc ἔχω@vppannp πολύς@anafs- ἐκεῖνος@rpans δέ@cs δεῖ@vipa3s ὁ@danp ὅπλον@nanpc διά@p χείρ@ngfpc ἔχω@vppaamp ὑποβάλλω@vnpa-- ἑαυτοῦ@rpdmp εἷς@annms- οἰωνός@nnmsc ἄριστος@annms- ἀμύνω@vnpe-- περί@p πύρρος@ngmsp ἐξανίστημι@viaa3s καί@cs προσάγω@viia3s ἅμα@p ἡμέρα@ndfsc ὁ@dams στρατός@namsc"
"Pyrr._29.3","ἀμύνω@viie3p δέ@b προθυμία@ndfsc καί@cs ἀρετή@ndfsc παρά@p δύναμις@nafsc ὁ@dnmp λακεδαιμόνιος@nnmpp καί@b πάρειμι1@viia3p ὁ@dnfp γυνή@nnfpc ὀρέγω@vppanfp βέλος@nanpc καί@b σιτίον@nanpc καί@cs ποτός@namsc ὁ@ddmp δέω2@vppedmp προσφέρω@vppanfp καί@cs ἀναλαμβάνω@vppanfp ὁ@damp τιτρώσκω@vppeamp ὁ@dafs τε@b τάφρος@nafsc ὁ@dnmp μακεδών@nnmpp χοῦς@vppanns πειράω@viie3p πολύς@anafs- συμφορέω@vppanmp ὕλη@nafsc ὑπό@p ὅς@rpgfs ὅπλον@nnnpc καί@cs σῶμα@nnnpc νεκρός@ngmpc ἐπιχέω@vppegfs ἀποκρύπτω@viie3s"
"Pyrr._29.4","καί@b πρός@p οὗτος@rpans ὁ@dgmp λακεδαιμόνιος@ngmpp βοηθέω@vppagmp ὁράω@viap3s παρά@p ὁ@dafs τάφρος@nafsc καί@cs ὁ@dafp ἄμαξα@nafpc ὁ@dnms πύρρος@nnmsp ἵππος@ndmsc βιάζω@vppenms εἰς@p ὁ@dafs πόλις@nafsc κραυγή@ngfsc δέ@b ὁ@dgnp κατά@p οὗτος@rpans τάσσω@vpregmp γίγνομαι@vpamgfs καί@b δρόμος@ngmsc καί@cs ὀλολυγμός@ngmsc ὁ@dgfp γυνή@ngfpc ἤδη@b διεξελαύνω@vppadms ὁ@ddms πύρρος@ndmsp καί@cs πρόσκειμαι@vppedms ὁ@ddmp κατά@p πρόσωπον@nnnsc ἐξάλλομαι@viam3s κρητικός@andns- βέλος@ndnsc πλήσσω@vpapnms ὁ@dnms ἵππος@nnmsc ὑπό@p ὁ@dafs γαστήρ@nafsc καί@cs καταβάλλω@viaa3s δυσθανατέω@vppanms ὁ@dams πύρρος@namsp εἰς@p τόπος@nampc ὀλισθηρός@anamp- καί@cs κατάντεις@anamp-"
"Pyrr._29.5","θορυβέω@vppegmp δέ@b περί@p οὗτος@rpams ὁ@dgmp ἑταῖρος@ngmpc ἐπιτρέχω@viaa3p ὁ@dnmp σπαρτιάτης@nnmpp καί@cs χράομαι@vppenmp ὁ@ddnp βέλος@ndnpc ἐξωθέω@viaa3p ἅπας@anamp- ἐκ@p δέ@b οὗτος@rpgns καί@b ὁ@dafs ἄλλος@anafs- μάχη@nafsc παύω@viia3s οἴομαι@vppenms ἐνδίδωμι@vnfa-- τις@rpans ὁ@damp λακεδαιμόνιος@nampp σχεδόν@b ἅπας@angnp- κατατέτρωμαι@vpregnp αὐτός@rpdmp πίπτω@vpragmp δέ@cs πολύς@angmp- ὁ@dnfs δέ@cs ἀγαθός@annfs- τύχη@nnfsc ὁ@dgfs πόλις@ngfsc εἰ@cs τε@b πεῖρα@nafsc ἀρετή@ngfsc λαμβάνω@vppanfs ὁ@dgmp ἀνήρ@ngmpc εἰ@b τε@cs ἑαυτοῦ@rpgfs ὅσος@anafs- ἐν@p ἄπορος@andnp- ἔχω@vipa3s δύναμις@nafsc ἀπόδειξις@nafsc δίδωμι@vppanfs"
"Pyrr._29.6","μοχθηρός@nampc ἤδη@b ὁ@dgmp λακεδαιμόνιος@ngmpp ἔχω@vppagmp ὁ@dafp ἐλπίς@nafpc ἀμεινίας@namsp τε@b φωκεύς@namsp ὁ@dgmp ἀντίγονος@ngmsp στρατηγός@ngmpc ἐκ@p κόρινθος@ngfsp βοηθέω@vpfaams παρεισφέρω@viaa3s μετά@p ξένος@ngmpc καί@b οὗτος@rpams ἄρτι@b δέχομαι@vpregmp ὁ@dnms βασιλεύς@nnmsc αὐτός@rpdmp ἄρης@nnmsp ἥκω@viia3s ἐκ@p κρήτη@ngfsp δισχίλιοι@anamp- στρατιώτης@nampc κομίζω@vppanms ὅς@dnfp τε@cs δή@b γυνή@nnfpc εὐθύς2@b ἐπί@p ὁ@dafp οἰκία@nafpc σκεδάννυμι@viap3p οὐδείς@rpans ἔτι@b πολυπραγμονέω@vnpa-- ἀξιόω@vppanfp ὁ@dgmp πολεμικός@angnp- καί@cs ὁ@damp παρά@p ἡλικία@nafsc ἐν@p ὁ@ddnp ὅπλον@ndnpc ὑπό@p ἀνάγκη@ngfsc γίγνομαι@vpamamp ἀφίημι@vpaanmp ἑαυτοῦ@rpamp ἐπί@p ὁ@dafs μάχη@nafsc τάσσω@viaa3p"
"Pyrr._30.1","ὁ@dams δέ@b πύρρος@namsp ἔχω@viaa3s μέν@b τις@annfs- ἀλκή@nnfsc καί@cs φιλοτιμία@nnfsc μᾶλλον@b διά@p ὁ@damp προσγίγνομαι@vpraamp κρατέω@vnaa-- ὁ@dgfs πόλις@ngfsc ὡς@cs δέ@b οὐδείς@rpans περαίνω@viia3s πληγή@nafpc λαμβάνω@vpaanms ἀφίστημι@viaa3s καί@cs ὁ@dafs χώρα@nafsc πορθέω@viia3s διανοέομαι@vppenms αὐτόθι@b χειμάζω@vnaa-- ὁ@dnns δέ@b χρεών@nnnsc εἰμί@viia3s ἄφυκτος@annns- ἐν@p γάρ@b ἄργος@ndnsp στάσις@nnfsc εἰμί@viia3s ἀριστεύς@ngmsp πρός@p ἀρίστιππος@namsp ἐπεί@cs δέ@b ὁ@dnms ἀρίστιππος@nnmsp δοκέω@viia3s χράω@vnpe-- φίλος@andms- ὁ@ddms ἀντίγονος@ndmsp φθάνω@vpaanms ὁ@dnms ἀριστεύς@nnmsp καλέω@viia3s ὁ@dams πύρρος@namsp εἰς@p ὁ@dans ἄργος@nansp"
"Pyrr._30.2","ὁ@dnms δέ@b ἐλπίς@nafpc ἐκ@p ἐλπίς@ngfpc ἀεί@b κυλίνδω@vppanms καί@cs ὁ@ddfp μέν@b εὐτυχία@ndfpc ἐπί@p ἄλλος@anafp- χράομαι@vppenms ἀφορμή@ndfpc ὅς@rpanp δέ@cs πταίω@viia3s ἕτερος@andnp- βούλομαι@vppenms ἀναπληρόω@vnpa-- πρᾶγμα@ndnpc οὐ@b τε@b ἧσσα@nafsc οὐ@b τε@cs νίκη@nafsc ὅρος@namsc ποιέω@viie3s ὁ@dgns ταράσσω@vnpe-- καί@cs ταράσσω@vnpa-- εὐθύς2@b οὖν@b ἀναζεύγνυμι@viia3s ἐπί@p ὁ@dans ἄργος@nansp ὁ@dnms δέ@b ἄρης@nnmsp ἐνέδρα@nafpc τε@b πολύς@anafp- ὑφίημι@vpaanms καί@cs καταλαμβάνω@vpaanms ὁ@danp χαλεπός@ananps ὁ@dgfs ὁδός@ngfsc περικόπτω@viia3s ὁ@damp γαλάτης@nampp καί@cs ὁ@damp μολοσσός@nampp ὀπισθοφυλακέω@vppaamp"
"Pyrr._30.3","ὁ@ddms δέ@b πύρρος@ndmsp προερέω@vile3s μέν@b ἐκ@p ὁ@dgnp ἱερόν@ngnpc ὄροβος@angnp- γίγνομαι@vpamgnp ὑπό@p ὁ@dgms μάντις@ngmsc ἀποβολή@nnfsc τις@rpgns ὁ@dgnp ἀναγκαῖος@angnp- παρά@p δέ@cs ὁ@dams καιρός@namsc τότε@b ὁ@ddms θόρυβος@ndmsc καί@cs ὁ@ddns κίνημα@ndnsc ὁ@dams λογισμός@namsc ἐκκρούω@vpapnms κελεύω@viaa3s ὁ@dams υἱός@namsc πτολεμαῖος@namsp λαμβάνω@vpaaams ὁ@damp ἑταῖρος@nampc παραβοηθέω@vnpa-- αὐτός@rpnms δέ@cs ταχύς@anansc ἐκ@p ὁ@dgnp στένος@angnp- ἐφέλκω@vppenms ὁ@dafs στρατιά@nafsc ὑπάγω@viia3s"
"Pyrr._30.4","ὀξύς2@angfs- δέ@b περί@p ὁ@dams πτολεμαῖος@namsp μάχη@ngfsc γίγνομαι@vpamgfs καί@cs ὁ@dgmp ἐπίλεκτος@angmp- λακεδαιμόνιος@ngmpp ὅς@rpgmp εὔαλκος@nnmsp ἡγέομαι@viim3s ὁ@ddmp μάχομαι@vppedmp πρό@p αὐτός@rpgms συμπλεκομένη@vppegfp ἀνήρ@nnmsc πλήκτης@nnmsc καί@cs τρέχω@vnpa-- ὀξύς@annms- ὄρυσσος@nnmsp ὄνομα@nansc κρής@nnmsp ἀπτεραῖος@annms- ἐκ@p πλάγιον@ngnsc παρέρχομαι@vpaanms ἀγωνίζομαι@vppeams ἔκθυμος@b ὁ@dams νεανίσκος@namsc πατάσσω@viaa3s καί@cs καταβάλλω@viaa3s"
"Pyrr._30.5","πίπτω@vpaagms δέ@b ἐκεῖνος@rpgms καί@cs τροπή@ngfsc γίγνομαι@vpamgfs ὁ@dgmp περί@p αὐτός@rpams ὁ@dnmp λακεδαιμόνιος@nnmpp διώκω@vppanmp καί@cs κρατέω@vppanmp λανθάνω@viaa3p εἰς@p ὁ@dans πεδίον@nansc συνεμβάλλω@vpaanmp καί@cs ἀπολαμβάνω@vpapnmp ὑπό@p ὁ@dgmp ὁπλίτης@ngmpc ἐπί@p ὅς@rpamp ὁ@dnms πύρρος@nnmsp ἄρτι@b ὁ@dams θάνατος@namsc ὁ@dgms παῖς@ngmsc ἀκούω@vpranms καί@cs περιπαθής@vppanms ἐπιστρέφω@viaa3s ὁ@damp ἱππεύς@nampc ὁ@dgmp μολοσσός@ngmpp καί@cs πρῶτος@annms- εἰσελαύνω@vpaanms ἐμπίπλημι@viam3s φόνος@ngmsc ὁ@dgmp λακεδαιμόνιος@ngmpp ἀεί@b μέν@b τις@rpnms ἄμαχος@annms- καί@cs δεινός@annms- ἐν@p ὁ@ddnp ὅπλον@ndnpc φαίνω@vppenms τότε@b δέ@cs ὑπερβάλλω@vppanms τόλμα@ndfsc καί@cs βία@ndfsc ὁ@damp πρότερος@anamp- ἀγών@nampc"
"Pyrr._30.6","ἐπεί@cs δέ@b ἐπιβάλλω@viaa3s ὁ@ddms εὔαλκος@ndmsp ὁ@dams ἵππος@namsc ὁ@dnms μέν@b ἐκ@p πλάγιον@ngnsc παρίστημι@vpaanms μικρός@anans- δέω@viaa3s ὁ@ddns ξίφος@ndnsc ὁ@dafs ἐπί@p ὁ@dgfs ἡνία@ngfsc χείρ@nafsc διακόπτω@vnaa-- ὁ@dgms πύρρος@ngmsp ὁ@dafs δέ@cs ἡνία@nafsc πατάσσω@vpaanms ἀποκόπτω@viaa3s ὁ@dnms δέ@b πύρρος@nnmsp ἅμα@p ὁ@ddfs πληγή@ndfsc ὁ@dgns δόρυ@ngnsc διελαύνω@vpaanms ἐκεῖνος@rpams ἀπορέω@viia3s ὁ@dgms ἵππος@ngmsc καί@cs πεζός@annms- ἤδη@b πᾶς@anamp- ἐπί@p ὁ@ddms εὔαλκος@ndmsp μάχομαι@vppeamp ἀποκτείνω@viaa3s ὁ@damp λογάς@nampc καί@b μέγας@anans- οὗτος@anans- ὁ@ddfs σπάρτη@ndfsp παρανάλωμα@nansc ὁ@dgms πόλεμος@ngmsc πέρας@nansc ἔχω@vppagms ποιέω@viaa3s ὁ@dnfs φιλοτιμία@nnfsc ὁ@dgmp ἄρχων@ngmpc"
"Pyrr._31.1","ὁ@dnms δέ@b πύρρος@nnmsp ὥσπερ@b ἐναγισμός@namsc τις@anams- ὁ@ddms παῖς@ndmsc τελέω@vpaanms καί@cs λαμπρός@anans- ἐπιτάφιος@nansc ἀγωνίζομαι@vpaenms καί@cs πολύς@anans- ὁ@dgfs λύπη@ngfsc ἐν@p ὁ@ddms πρός@p ὁ@damp πολέμιος@nampc ἀφίημι@vpaanms θυμός@ndmsc προάγω@viia3s ἐπί@p ὁ@dans ἄργος@nansp καί@cs ὁ@dams ἀντίγονος@namsp ἤδη@b πυνθάνομαι@vppenms ἐπί@p ὁ@dgnp ἄκρον@angnp- ὑπέρ@p ὁ@dgns πεδίον@ngnsc κάθημαι@vnpe-- περί@p ὁ@dafs ναύπλιος@nafsp στρατοπεδεύω@viaa3s ὁ@ddfs δέ@b ὑστεραῖος@andfs- κῆρυξ@namsc πρός@p ὁ@dams ἀντίγονος@namsp πέμπω@viaa3s λυμεών@namsc τε@b καλός@vppanms καί@cs προκαλέω@vpfmnms εἰς@p ὁ@dans πεδίον@nansc καταβαίνω@vpaaams διαγωνίζομαι@vnae-- περί@p ὁ@dgfs βασίλεια@ngfsc"
"Pyrr._31.2","ὁ@dnms δέ@b ἀποκρίνω@viam3s ὁ@dafs μέν@b ἑαυτοῦ@rpgms στρατηγία@nafsc οὐ@b ὅπλον@ngnpc μᾶλλον@b ἤ1@cs καιρός@ngmpc εἰμί@vnpa-- ὁ@ddms δέ@cs πύρρος@ndmsp πολύς@anafp- ὁδός@nafpc ἀνοίγνυμι@vnra-- πρός@p θάνατος@namsc εἰ@cs ζάω@vnpa-- μή@b σχολάζω@vipa3s πρός@p δέ@cs ἀμφότερος@anamp- πρέσβυς@nnmpc ἥκω@viia3p ἐκ@p ἄργος@ngnsp ἀπαλλάσσω@vnpe-- δέω2@vppenmp καί@cs ὁ@dafs πόλις@nafsc ἐάω@vnpa-- μηδέτερος@angms- γίγνομαι@vpamafs εὔνους@anafs- δέ@cs εἰμί@vppaafs ἀμφότερος@andmp- ὁ@dnms μέν@b οὖν@b ἀντίγονος@nnmsp πείθω@viie3s καί@cs ὁ@dams υἱός@namsc δίδωμι@viia3s ὁ@ddmp ἀργεῖος@ndmpp ὅμηρος@namsc ὁ@dnms δέ@cs πύρρος@nnmsp ὁμολογέω@viia3s μέν@b ἀπαλλάσσω@vnfm-- μή@b παραχώννυμι@vppanms δέ@cs πίστις@nafsc ὑποπτότερος@annmsc εἰμί@viia3s"
"Pyrr._31.3","γίγνομαι@vipe3s δέ@b σημεῖον@nnnsc αὐτός@rpdms τε@b ὁ@ddms πύρρος@ndmsp μέγας@annns- ὁ@dgfp γάρ@b βοῦς@ngfpc θύω1@vpregmp ὁ@dnfp κεφαλή@nnfpc κεῖμαι@vprenfp χωρίς@b ἤδη@b ὁ@dafp τε@cs γλῶσσα@nafpc ὁράω@viap3p προβάλλω@vppanfp καί@cs περιλιχμάζω@vppenfp ὁ@dams ἑαυτοῦ@rpgmp φόνος@namsc ἐν@p τε@cs ὁ@ddfs πόλις@ndfsc ὁ@dgmp ἀργεῖος@angmp- ὁ@dnfs ὁ@dgms λύκειον@ngmsp προφῆτις@nnfsc ἀπόλλων@ngmsp ἐκδιδράσκω@viaa3s βοάω@vppanfs νεκρός@ngmpc ὁράω@vnpa-- καί@cs φόνος@ngmsc κατάπλεος@angms- ὁ@dafs πόλις@nafsc ὁ@dams δέ@cs ἀετός@namsc ἐπί@p ὁ@dams ἀγών@namsc χωρέω@vppaams εἶτα@cs φροῦδος@anams- εἰμί@vnpa--"
"Pyrr._32.1","σκότος@nampc δέ@b πολύς@angns- προσμείγνυμι@vpaanms ὁ@dnms πύρρος@nnmsp ὁ@ddnp τεῖχος@ndnpc καί@cs πύλη@nafsc εὑρίσκω@vpaanms ὅς@rpafs διαμπερές@anans- καλέω@vipa3p ἀνοίγνυμι@vpreafs ὑπό@p ὁ@dgms ἀριστεύς@ngmsp αὐτός@rpdmp ἄχρι@p μέν@b ὁ@dgns παρεισπίπτω@vnaa-- ὁ@damp γαλάτης@nampp ὁ@damp παρά@p αὐτός@rpgms καί@cs ὁ@dafs ἀγορά@nafsc καταλαμβάνω@vnaa-- λανθάνω@viia3s ὁ@dgfs δέ@b πύλη@ngfsc ὁ@damp ἐλέφας@nampc οὐ@b δέχομαι@vppegfs καί@cs διά@p οὗτος@rpans ὁ@damp πύργος@nampc αὐτός@rpgmp ἀφαιρέω@vppagmp εἶτα@cs πάλιν@b ἐν@p σκότος@ndmsc καί@cs θόρυβος@ndmsc περιτίθημι@vppagmp καί@cs γίγνομαι@vpamgfs διατριβή@ngfsc ὁ@dnmp ἀργεῖος@nnmpp συναισθάνομαι@vppenmp πρός@p ὁ@dafs ἀσπίς@namsp καί@cs ὁ@damp ὀχυρός@anamp- τόπος@nampc ἀναθέω@viia3p καί@cs ὁ@dams ἀντίγονος@namsp καλέω@viia3p πέμπω@vppanmp"
"Pyrr._32.2","ὁ@dnms δέ@b αὐτός@rpnms μέν@b ἐγγύς@b προσελαύνω@vpaanms ἐφεδρεύω@viia3s ὁ@damp δέ@cs στρατηγός@nampc καί@cs ὁ@dams υἱός@namsc εἰσπέμπω@viaa3s συχνός@anafs- βοήθεια@nafsc ἄγω@vppaamp ἵημι@viia3s δέ@b καί@b ἄρης@nnmsp ἔχω@vppanms χίλιοι@anamp- κρής@nampp καί@cs σπαρτιάτης@nampp ὁ@damp ἐλαφρός@anamps καί@cs πᾶς@annmp- ἅμα@p ὁ@ddmp γαλάτης@ndmpp προσβάλλω@vpaanmp εἰς@p πολύς@anams- θόρυβος@namsc καθίστημι@viaa3p αὐτός@rpamp ὁ@dnms δέ@cs πύρρος@nnmsp εἴσειμι@vppanms μετά@p ἀλαλαγμός@ngmsc καί@cs βοή@ngfsc παρά@p ὁ@dafs κυλάραβις@nafsp ὡς@cs ὁ@dnmp γαλάτης@nnmpp ὁ@ddmp περί@p αὐτός@rpams ἀνταλλάσσω@viaa3p οὐ@b ἰταμός@anams- οὐ@b δέ@cs θαρσαλέος@anams- εἰκάζω@viaa3s ταράσσω@vppegmp εἰμί@vnpa-- ὁ@dafs φωνή@nafsc καί@cs πονέω@vppagmp"
"Pyrr._32.3","ἐπάγω@viia3s οὖν@b ταχύς@anansc ὠθέω@vppanms ὁ@damp πρό@p αὐτός@rpgms ὁ@dgmp ἱππεύς@ngmpc δυσοδτέω@vppaamp ἐν@p ὁ@ddnp ὀχετός@ndnpc ὅς@rpgnp ὁ@dnfs πόλις@nnfsc εἰμί@vipa3s μεστός@annfs- καί@cs κινδυνεύω@vppaamp εἰμί@viia3s δέ@b καί@b ἀσάφεια@nnfsc πολύς@annfs- ὁ@dgmp δράω@vppegmp καί@cs παραγγέλλω@vppegmp ἐν@p νυκτομαχία@nnfpc καί@b πλάνη@nnfpc καί@b διασπασμός@nnmpc περί@p ὁ@damp στενωπός@anamp- καί@cs στρατηγία@ngfsc οὐδείς@annns- ἔργον@nnnsc ὑπό@p σκότος@ngnsc καί@b βοή@ngfsc ἄκριτος@angfs- καί@cs στενότης@ngfsc ἀλλά@cs διατρίβω@viia3p ἄλλως@b περιμένω@vppanmp ἀμφότερος@annmp- ὁ@dafs ἡμέρα@nafsc"
"Pyrr._32.4","ἤδη@b δέ@b διαλάμπω@vppagms ὅς@dnfs τε@b ἀσπίς@nnfsp ὅπλον@ngnpc περίπλεως@ngfsc πολέμιος@angnp- ὁράω@vpapnfs ὁ@dams πύρρος@namsp διαταράσσω@viaa3s καί@cs ὁ@dgfs ἀγορά@ngfsc ἐν@p πολύς@andnp- ἀνάθημα@ndnpc κατεῖδον@vpaanms λύκος@namsc χάλκεος@anams- καί@cs ταῦρος@namsc οἷος@anams- εἰς@p μάχη@nafsc ἀλλήλων@rpdmp σύνειμι1@vppaamp ἐκπλήσσω@viap3s χρησμός@namsc τις@anams- πρός@p ἑαυτοῦ@rpams ἀναφέρω@vpaanms παλαιός@anams- ὡς@cs ἀποθνήσκω@vnaa-- αὐτός@rpdms πόρω@vpreams ὅταν@cs λύκος@namsc ὁράω@vsaa3s ταῦρος@ndmsc μάχομαι@vppeams"
"Pyrr._32.5","οὗτος@rpanp δέ@b ἀργεῖος@nnmpp πάθος@ngnsc ὑπόμνημα@nanpc παλαιός@angns- γενενάω@vnre-- παρά@p αὐτός@rpdmp λέγω3@vipa3p δαναός@ndmsp γάρ@b ὅτε@cs πρῶτος@anans- ἐπιβαίνω@viaa3s ὁ@dgfs χώρα@ngfsc κατά@p ὁ@danp πυρίμια@nanpp ὁ@dgfs θυρεάτις@ngfsp εἰς@p ἄργος@nansp πορεύω@vppedms λύκος@namsc φαίνω@vnap-- ταῦρος@ndmsc μάχομαι@vppeams τίθημι@vpamams δέ@b ὁ@dams δαναός@namsp ὡς@cs ὁ@dnms λύκος@nnmsc εἰμί@vopa3s πρός@p αὐτός@rpgms ξένος1@namsc γάρ@b εἰμί@vppaams ὁ@ddmp ἐγχώριος@andmp- ἐπιτίθημι@vnpe-- καθά@cs αὐτός@rpams ἐφοράω@vnpa-- ὁ@dafs μάχη@nafsc καί@cs ὁ@dgms λύκος@ngmsc κρατέω@vpaagms ἀπόλλων@ndmsp λύκειον@andms- προσεύχομαι@vpamams ἐπιχειρέω@vnaa-- καί@cs περιγίγνομαι@vnam-- στάσις@ndfsc γελάνωρ@ngmsp ὅς@rpnms τότε@b ὁ@dgmp ἀργεῖος@ngmpp βασιλεύω@viia3s ἐκπίτνω@vpaagms ὁ@dnns μέν@b οὖν@b ἀνάθημα@nnnsc οὗτος@annns- ἔχω@viia3s ὁ@dams λόγος@namsc"
"Pyrr._33.1","πρός@p δέ@b ὁ@dafs ὄψις@nafsc ὁ@dnms πύρρος@nnmsp ἅμα@p καί@b ὁ@ddns μηδείς@rpans ὅς@rpgnp ἐλπίζω@viia3s προχωρέω@vnpa-- ἀθυμέω@vppanms ἀναστρέφω@vnpa-- διανοέομαι@viie3s ὁ@dafp δέ@b πύλη@nafpc στενός@anafp- εἰμί@vppaafp φοβέω@vppenms πέμπω@viaa3s πρός@p ὁ@dams υἱός@namsc ἕλενος@namsp μετά@p ὁ@dgfs πολύς@angfs- δύναμις@ngfsc ἔξω@b καταλιμπάνω@vpreams κελεύω@vppanms ὁ@dgns τεῖχος@ngnsc διασκάπτει@vnpa-- καί@cs δέχομαι@vnpe-- ὁ@damp ἐκπίτνω@vppaamp ἄν@cs ἐνοχλέω@vspa3p ὁ@dnmp πολέμιος@nnmpc"
"Pyrr._33.2","σπουδή@ndfsc δέ@b καί@cs θόρυβος@ndmsc ὁ@dgms πέμπω@vpapgms οὐδείς@rpans σαφής@anans- ἀπαγγέλλω@vppagms ἀλλά@cs καί@b διαμαρτία@ngfsc γίγνομαι@vpamgfs ὁ@dgnp θηρίον@ngnpc ὁ@danp λοιπός@ananp- καί@cs στρατιώτης@nampc ἀναλαμβάνω@vpaanms ὁ@damp κράτιστος@anamps ὁ@dnms νεανίσκος@nnmsc εἴσω@b διά@p ὁ@dgfp πύλη@ngfpc χωρέω@viia3s ὁ@ddms πατήρ@nd-sc βοηθέω@vpfanms τυγχάνω@viaa3s δέ@b ὁ@dnms πύρρος@nnmsp ἀναστρέφω@vppanms καί@b μέχρι@cs μέν@b ὁ@dnfs ἀγορά@nnfsc παρέχω@viia3s ὑπεξάγω@vppadms χώρα@nafsc καί@cs μάχομαι@vppedms ἐκ@p μεταβολή@ngfsc ἀμύνω@viie3s ὁ@damp ἐπιφέρω@vppeamp"
"Pyrr._33.3","ἐπεί@cs δέ@b ὁ@dgfs ἀγορά@ngfsc εἰς@p ὁ@dams στενωπός@namsc ἐξωθέω@vpamnms ὁ@dams ἐπί@p ὁ@dafs πύλη@nafsc ἀνήκω@anams- συμπίτνω@viia3s ὁ@ddmp ἐπιβοηθέω@vppedmp ἐκ@p ἐναντίος@angfs- προσφέρω@vppedmp ὁ@dnmp μέν@b οὐ@b ὑπακούω@viia3p ὑποχωρέω@vnpa-- βοάω@vppagms αὐτός@rpgms ὁ@damp δέ@cs καί@b πάνυ@b πρόθυμος@anamp- εἰμί@vppaamp ἔργω1@viia3p ὁ@dnmp κατόπιν@b ἀπό@p ὁ@dgfs πύλη@ngfsc ἐπιχέω@vppenmp"
"Pyrr._33.4","καί@b γάρ@b ὁ@dnms μέγας@annmss ἐλέφας@nnmsc ἐν@p ὁ@ddfs πύλη@ndfsc πλάγιος@annms- παραπίπτω@vpaanms καί@cs βρυχάομαι@vppenms ἐμποδών@b κεῖμαι@viie3s ὁ@ddmp ἀποτρέπω@vppedmp καί@cs ὁ@dgmp προέρχομαι@vpragmp ἕτερος@annms- ὅς@rpdms νίκων@nnmsp ὄνομα@nnnsc εἰμί@viia3s ἀπορρέω@vppaams ὁ@dams ἐπιστάτης@namsc ὑπό@p τραῦμα@ngnpc ζητέω@vppanms ἀναλαμβάνω@vnaa-- καί@cs φέρω@vppenms πρός@p ὁ@dans ἐναντίος@anans- ὁ@ddmp ὑπεξάγω@vppadmp ἀναμείγνυμι@viaa3s φίλος@ngnsc ὁμοῦ@b καί@cs πολέμιος@nampc ὠθέω@vppeamp ὑπό@p αὐτός@rpgms"
"Pyrr._33.5","καί@b περιέπιπτο@viia3p ἀλλήλων@rpdmp ἕως@cs εὑρίσκω@vpaanms νεκρός@namsc ἀναιρέω@viam3s ὁ@ddfs προβοσκίς@ndfsc καί@cs ὁ@ddmp ὀδούς@ndmpc ἀμφότερος@andmp- ὑπολαμβάνω@vpaanms ἀναστρέφω@viia3s πάλιν@b ὥσπερ@b ἐμμανής@annms- ἀνατρέπω@vppanms καί@cs διαφθείρω@vppanms ὁ@damp ἐντυγχάνω@vppaamp οὕτως@b δέ@b θλίβω@vppegmp καί@cs συμπιλέω@vppegmp πρός@p ἀλλήλων@rpamp οὐδείς@rpnms οὐδείς@anans- ἑαυτοῦ@rpdms κατά@p εἷς@namsc χράω@vnpe-- δυνατός@annms- εἰμί@viia3s ἀλλά@cs ὥσπερ@cs εἷς@annns- σῶμα@nnnsc συγγεγράφαμαι@vprenns ἑαυτοῦ@rpdms ὁ@dnns πᾶς@annns- πλῆθος@nnnsc λαμβάνω@viia3s πολύς@anafp- ἀπόλειψις@nafpc καί@cs μεταβολή@nafpc ἐπί@p ἀμφότερος@ananp-"
"Pyrr._33.6","καί@b μάχη@nnfpc μέν@b εἰμί@viia3p ὀλίγος@annfp- πρός@p ὁ@damp ἐναπολαμβάνω@vppeamp ἀεί@b ὁ@dgmp πολέμιος@ngmpc ἤ1@cs πρόσκειμαι@vppeamp ὄπισθεν@b πλεῖστος@ananps δέ@cs ἑαυτοῦ@rpamp ἐργάζομαι@viie3p κακός@ananp- σπάω@vpamams γάρ@b ὁ@dans ξίφος@nansc ἤ1@cs κλίνω@vpaaams λόγχη@nafsc οὐ@b εἰμί@viia3s ἀναλαμβάνω@vnaa-- οὐ@b δέ@cs κατατίθημι@vnae-- πάλιν@b ἀλλά@cs χωρέω@viia3s διά@p ὅς@rpgnp τυγχάνω@viaa3s ὁ@dnnp τοιοῦτος@rpnnp πᾶς@annnp- καί@cs περιπίπτω@vppanmp ἀλλήλων@rpdmp θνήσκω@viia3p"
"Pyrr._34.1","ὁ@dnms δέ@b πύρρος@nnmsp ἐφοράω@vppanms ὁ@dams περιέχω@vppaams χειμών@namsc καί@cs κλύδων@namsc ὁ@dafs μέν@b στεφάνη@nafsc ὅς@rpdfs διάσημος@annns- εἰμί@viia3s ὁ@dnns κράνος@nnnsc ἀφαιρέω@vpaanms δίδωμι@viaa3s τις@rpdms ὁ@dgfp ἑταῖρος@ngmpc αὐτός@rpnms δέ@cs ὁ@ddms ἵππος@ndmsc πείθω@vpranms εἰς@p ὁ@damp ἕπομαι@vppeamp ὁ@dgmp πολέμιος@ngmpc ἐμβάλλω@viaa3s καί@cs δόρυ@ndnsc πλήσσω@vpapnms διά@p ὁ@dgms θώραξ@ngmsc οὐ@b καίριος@anafs- πληγή@nafsc οὐ@b δέ@cs μέγας@anafs- ἐπιστρέφω@viaa3s κατά@p ὁ@dgms πατάσσω@vpaagms ὅς@rpnms εἰμί@viia3s ἀργεῖος@annms- οὐ@b ὁ@dgmp ἐπιφανής@angfp- ἀλλά@cs πενιχρός@angfs- καί@cs"
"Pyrr._34.2","πρέσβυς@angfsc υἱός@nnmsc γυνή@ngfsc οὗτος@rpnfs τότε@b θεάομαι@vppenfs ὁ@dafs μάχη@nafsc ὥσπερ@cs ὁ@dnfp λοιπός@annfp- γυνή@nnfpc ἀπό@p ὁ@dgns πήρα@ngnsc ὡς@cs ἐπιγιγνώσκω@viaa3s συνίστημι@vpraams ὁ@ddms πύρρος@ndmsp ὁ@dams υἱός@namsc ἐκπαθής@annms- γίγνομαι@vpamnfs πρός@p ὁ@dams κίνδυνος@namsc αἴρω@vpaanfs κεραμίς@nafsc ὁ@ddfp χείρ@ndfpc ἀμφότερος@andfp- ἀφίημι@viaa3s ἐπί@p ὁ@dams πύρρος@namsp ἐμπίτνω@vpaagfs δέ@b ὁ@ddfs κεφαλή@ndfsc κατά@p ὁ@dgns κράνος@ngnsc καί@cs ὁ@dgnp σφόνδυλος@angnp- πρός@p ὁ@dafs βάσις@nafsc ὁ@dgms τράχηλος@ngmsc συντρίβω@vpapgnp ὅς@dnfp τε@b ὄψις@nnfpc συγχώννυμι@viap3p αὐτός@rpgms καί@cs προήκω@viam3p ὁ@dafp ἡνία@nafpc ὁ@dnfp χείρ@nnfpc αὐτός@rpnms δέ@cs καταφέρω@vpapnms παρά@p ὁ@dams ὁ@dgms λικύμνιος@ngmsp σηκός@anams- πίπτω@viaa3s ὑπό@p ὁ@dgmp πολύς@angmp- ἀγνοέω@vppenms"
"Pyrr._34.3","ζώπυρος@nnmsp δέ@b τις@rpnms ὁ@dgmp παρά@p ἀντίγονος@ndmsp στρατεύω@vppegmp καί@b δύο@an---- ἤ1@cs τρεῖς@annmp- ἕτερος@annmp- προστρέχω@vpaanmp καί@cs κατανοέω@vpaanmp εἰς@p τις@anams- θυρών@namsc παρέλκω@viaa3p αὐτός@rpams ἀρχός@vppeams μένω@vppeams ἐκ@p ὁ@dgfs πληγή@ngfsc ἀναφέρω@vnpe-- σπάω@vpamgms δέ@cs ὁ@dgms ζώπυρος@ngmsp μάχαιρα@nafsc ἰλλυρικός@anafs- ὡς@b ὁ@dafs κεφαλή@nafsc ἀποτέμνω@vppagms ἐμβλέπω@viaa3s δεινός@anans- ὥστε@cs ὁ@dams ζώπυρος@namsp περίφοβος@anams- γίγνομαι@vpamams καί@cs ὁ@danp μέν@b τρέμω@vppaams ὁ@ddfp χείρ@ndfpc ὁ@danp δέ@b ἐπιχειρέω@vppaams θόρυβος@ngmsc δέ@cs καί@cs ταραχή@ngfsc μεστός@anams- εἰμί@vppaams μή@b κατά@p ὀρθός@anans- ἀλλά@cs παρά@p ὁ@dans στόμα@nansc καί@cs ὁ@dans γένειον@nansc ἀποτέμνω@vppaams βραδύς@b καί@cs μόλις@b ἀποσπάω@vnaa-- ὁ@dafs κεφαλή@nafsc"
"Pyrr._34.4","ἤδη@b δέ@b σύνδηλος@annns- εἰμί@viia3s ὁ@dnns γίγνομαι@vpranns πλείων@andmpc καί@b προστρέχω@vpaanms ὁ@dnms ἀλκυονεύς@nnmsp αἰτέω@viaa3s ὁ@dafs κεφαλή@nafsc ὡς@b ἄν@b κατανοέω@vpfanms λαμβάνω@vpaanms δέ@b ἀφίππεύω@viaa3s πρός@p ὁ@dams πατήρ@namsc καί@cs καθέζομαι@vppedms μετά@p ὁ@dgmp φίλος@ngmpc προσβάλλω@viaa3s θεάω@vpaenms δέ@cs καί@cs γιγνώσκω@vpaanms ὁ@dnms ἀντίγονος@nnmsp ὁ@dams μέν@b υἱός@namsc ἀπελαύνω@viaa3s ὁ@ddfs βακτηρία@ndfsc παίω@vppanms καί@cs καλός@vppanms ἐναγής@anams- καί@cs βάρβαρος@anams- αὐτός@rpnms δέ@cs ὁ@dafs χλαμύς@nafsc προτίθημι@vpamnms ὁ@ddnp ὄμμα@ndnpc δακρύω@viaa3s ἀντίγονος@ngmsp ὁ@dgms πάππης@ngmsc μιμνήσκω@vpapnms καί@cs δημήτριος@ngmsp ὁ@dgms πατήρ@ngmsc οἰκεῖος@angnp- παράδειγμα@ngnpc εἰς@p τύχη@ngfsc μεταβολή@nafsc"
"Pyrr._34.5","ὁ@dafs μέν@b οὖν@b κεφαλή@nafsc καί@cs ὁ@dans σῶμα@nansc ὁ@dgms πύρρος@ngmsp κοσμέω@vpaanms καίω@viaa3s ἐπεί@cs δέ@b ὁ@dnms ἀλκυονεύς@nnmsp ὁ@ddms ἕλενος@ndmsp περιτυγχάνω@vpaanms ταπεινός@andms- καί@cs χλαμύδιον@nansc λιτός@anans- ἀμπέχω@vppedms φιλάνθρωπος@b ἐντυγχάνω@viaa3s καί@cs ὁ@ddms πατήρ@ndmsc προσάγω@viaa3s εἶδον@vpaanms ὁ@dnms ἀντίγονος@nnmsp βελτίων@ananpc μέν@b λέγω@viaa3s ὦ@i παῖς@nvmsc οὗτος@rpanp ὁ@dgmp πρότερος@angmp- ἀλλά@cs οὐ@b δέ@b νῦν@b ὀρθός@b ὁ@ddns μή@b περιαιρέω@vnaa-- ὁ@dafs ἐσθής@nafsc οὗτος@anafs- ὅς@rpnfs μᾶλλον@b ἐγώ@rpamp καταισχύνω@vipa3s ὁ@damp κρατέω@vnpa-- δοκέω@vppaamp"
"Pyrr._34.6","ἐκ@p οὗτος@rpgns φιλοφρονέομαι@vpamnms καί@cs κοσμέω@vpaanms ὁ@dams ἕλενος@namsp ἀποστέλλω@viaa3s εἰς@p ἤπειρος@namsp καί@cs ὁ@ddmp φίλος@ndmpc ὁ@dgms πύρρος@ngmsp πρᾶος@b ἐντυγχάνω@viia3s ὁ@dgns στρατόπεδον@ngnsc καί@cs ὁ@dgfs δύναμις@ngfsc πᾶς@angfs- κύριος@nnmsc γίγνομαι@vpamnms"
