"location","text"
"Panegyr._1","πολλάκις@b θαυμάζω@viaa1s ὁ@dgmp ὁ@dafp πανήγυρις@nafpc συνάγω@vpaagmp καί@cs ὁ@damp γυμνικός@anamp- ἀγών@nampc καθίστημι@vpaagmp ὅτι@cs ὁ@dafp μέν@b ὁ@dgnp σῶμα@ngnpc εὐτυχία@nafpc οὕτως@b μέγας@angfp- δωρεά@ngfpc ἀξιόω@viaa3p ὁ@ddmp δέ@cs ὑπέρ@p ὁ@dgnp κοινός@angnp- ἴδιος@andfs- πονέω@vpaadmp καί@cs ὁ@dafp ἑαυτοῦ@rpgmp ψυχή@nafpc οὕτως@b παρασκευάζω@vpaadmp ὥστε@cs καί@b ὁ@damp ἄλλος@rpamp ὠφελέω@vnpa-- δύναμαι@vnpe--"
"Panegyr._2","οὗτος@rpdmp δέ@b οὐδείς@anafs- τιμή@nafsc ἀπονέμω@viaa3p ὅς@rpgnp ἔοικα@vpranns εἰμί@viia3s αὐτός@rpamp μᾶλλον@b ποιέω@vnam-- πρόνοια@nafsc ὁ@dgmp μέν@b γάρ@b ἀθλητής@ngmpc δίς@b τοσοῦτος@anafs- ῥώμη@nafsc λαμβάνω@vpaagmp οὐδείς@rpnns ἄν@b πλέος@annnsc γίγνομαι@voam3s ὁ@ddmp ἄλλος@rpdmp εἷς@angms- δέ@cs ἀνήρ@ngmsc εὖ@b φρονέω@vpaagms ἅπας@annmp- ἄν@b ἀπολαύω@voaa3p ὁ@dnmp βούλομαι@vppenmp κοινωνέω@vnpa-- ὁ@dgfs ἐκεῖνος@rpgms διάνοια@ngfsc"
"Panegyr._3","οὐ@b μήν@b ἐπί@p οὗτος@rpdnp ἀθυμέω@vpaanms αἱρέω@viam1s ῥᾳθυμέω@vnpa-- ἀλλά@cs ἱκανός@anans- νομίζω@vpaanms ἆθλον@nansc εἰμί@vnfm-- ἐγώ@rpdms ὁ@dafs δόξα@nafsc ὁ@dafs ἀπό@p αὐτός@angms- λόγος@ngmsc γίγνομαι@vpfmafs ἥκω@vipa1s συμβουλεύω@vpfanms περί@p τε@b ὁ@dgms πόλεμος@ngmsc ὁ@dgms πρός@p ὁ@damp βάρβαρος@nampc καί@cs ὁ@dgfs ὁμόνοια@ngfsc ὁ@dgfs πρός@p ἐγώ@rpamp αὐτός@anamp- οὐ@b ἀγνοέω@vppanms ὅτι@cs πολύς@annmp- ὁ@dgmp προσποιέω@vpamgmp εἰμί@vnpa-- σοφιστής@ngmpc ἐπί@p οὗτος@anams- ὁ@dams λόγος@namsc ὁρμάω@viaa3p"
"Panegyr._4","ἀλλά@cs ἅμα@b μέν@b ἐλπίζω@vppanms τοσοῦτος@anans- διαφέρω@vnfa-- ὥστε@cs ὁ@ddmp ἄλλος@rpdmp μηδείς@rpans πώποτε@b δοκέω@vnpa-- ἐρῶ@vnre-- περί@p αὐτός@rpgmp ἅμα@b δέ@cs προκρίνω@vpaanms οὗτος@rpamp καλός@anamps εἰμί@vnpa-- ὁ@dgmp λόγος@ngmpc ὅστις@rpnmp περί@p μέγας@angmps τυγχάνω@vipa3p εἰμί@vppanmp καί@cs ὁ@damp τε@b λέγω3@vppaamp μάλιστα@b ἐπιδείκνυμι@vipa3p καί@cs ὁ@damp ἀκούω@vppaamp πλεῖστος@ananps ὠφελέω@vipa3p"
"Panegyr._5","ὅς@rpgmp εἷς@annms- οὗτος@rpnms εἰμί@vipa3s ἔπειτα@b οὐ@b δέ@b ὁ@dnmp καιρός@nnmpc πω@b παρέρχομαι@vira3p ὥστε@cs ἤδη@b μάτην@b εἰμί@vnpa-- ὁ@dans μιμνήσκω@vnre-- περί@p οὗτος@rpgnp τότε@b γάρ@b χρή@vipa3s παύω@vnpe-- λέγω3@vppaamp ὅταν@cs ἤ1@b ὁ@danp πρᾶγμα@nanpc λαμβάνω@vsaa3s τέλος@nansc καί@cs μηκέτι@b δέω@vspa3s βουλεύω@vnpe-- περί@p αὐτός@rpgnp ἤ1@cs ὁ@dams λόγος@namsc ὁράω@vsaa3s τις@rpnms ἔχω@vppaams πέρας@nansc ὥστε@cs μηδείς@anafs- λείπω@vnre-- ὁ@ddnp ἄλλος@rpdnp ὑπερβολή@nafsc"
"Panegyr._6","ἕως@cs δέ@b ὁ@dnnp μέν@b ὅμοιος@b ὥσπερ@cs πρότερος@anans- φέρω@vspe3s ὁ@dnnp δέ@cs ἐρῶ@vprennp φαῦλος@b ἔχω@vppannp τυγχάνω@vspa3s πῶς@b οὐ@b χρή@vipa3s σκοπέω@vnpa-- καί@cs φιλοσοφέω@vnpa-- οὗτος@anams- ὁ@dams λόγος@namsc ὅς@rpnms ἐάν@cs κατορθόω@vsap3s καί@b ὁ@dgms πόλεμος@ngmsc ὁ@dgms πρός@p ἀλλήλων@rpamp καί@b ὁ@dgfs ταραχή@ngfsc ὁ@dgfs πάρειμι@vppagfs καί@cs ὁ@dgnp μέγας@angnps κακός@angnp- ἐγώ@rpamp ἀπαλλάσσω@vifa3s"
"Panegyr._7","πρός@p δέ@b οὗτος@rpdnp εἰ@cs μέν@b μηδαμῶς@b ἄλλως@b οἷος@annns- τε@b εἰμί@viia3s δηλόω@vnpa-- ὁ@dafp αὐτός@anafp- πρᾶξις@nafpc ἀλλά@b ἤ1@cs διά@p εἷς@angfs- ἰδέα@ngfsc ἔχω@viia3s ἄν@b τις@rpnms ὑπολαμβάνω@vnaa-- ὡς@cs περίεργος@annns- εἰμί@vipa3s ὁ@dams αὐτός@anams- τρόπος@namsc ἐκεῖνος@rpdmp λέγω3@vppaams πάλιν@b ἐνοχλέω@vnpa-- ὁ@ddmp ἀκούω@vppadmp ἐπεί@cs δέ@b ὁ@dnmp λόγος@nnmpc τοιοῦτος@anafs- ἔχω@vipa3p ὁ@dafs φύσις@nafsc"
"Panegyr._8","ὥστε@cs οἷος@annns- τε@b εἰμί@vnpa-- περί@p ὁ@dgnp αὐτός@rpgnp πολλαχῶς@b ἐξηγέομαι@vnam-- καί@b ὁ@danp τε@b μέγας@ananp- ταπεινός@ananp- ποιέω@vnaa-- καί@b ὁ@ddnp μικρός@andnp- μέγεθος@nansc περιτίθημι@vnaa-- καί@cs ὁ@danp τε@b παλαιός@ananp- καινός@b διέρχομαι@vnaa-- καί@cs περί@p ὁ@dgnp νεωστί@b γίγνομαι@vpregnp ἀρχαῖος@b εἶπον@vnaa-- οὐκέτι@b φευκτέος@annns- οὗτος@rpnnp εἰμί@vipa3s περί@p ὅς@rpgnp ἕτερος@annmp- πρότερος@anans- ἐρῶ@vira3p ἀλλά@cs ἀμείνων@anansc ἐκεῖνος@rpgnp εἶπον@vnaa-- πειρατέος@annns-"
"Panegyr._9","ὁ@dnfp μέν@b γάρ@b πρᾶξις@nnfpc ὁ@dnfp προγίγνομαι@vprenfp κοινός@annfp- πᾶς@andmp- ἐγώ@rpdmp καταλείπω@viap3p ὁ@dnns δέ@cs ἐν@p καιρός@ndmsc οὗτος@rpdfp καταχράω@vnam-- καί@b ὁ@danp προσήκω@vppaanp περί@p ἕκαστος@angfs- ἐνθυμέομαι@vnae-- καί@cs ὁ@ddnp ὄνομα@ndnpc εὖ@b διατίθημι@vnam-- ὁ@dgmp εὖ@b φρονέω@vppagmp ἴδιος@annns- εἰμί@vipa3s"
"Panegyr._10","ἡγέομαι@vipe1s δέ@b οὕτως@b ἄν@b μέγας@anafss ἐπίδοσις@nafsc λαμβάνω@vnpa-- καί@b ὁ@dafp ἄλλος@anafp- τέχνη@nafpc καί@cs ὁ@dafs περί@p ὁ@damp λόγος@nampc φιλοσοφία@nafsc εἰ@cs τις@rpnms θαυμάζω@vopa3s καί@cs τιμάω@vopa3s μή@b ὁ@damp πρῶτος@anamp- ὁ@dgnp ἔργον@ngnpc ἄρχω@vppeamp ἀλλά@cs ὁ@damp ἀγαθός@ananps ἕκαστος@anans- αὐτός@rpgmp ἐξεργάζομαι@vppeamp μη@b δέ@cs ὁ@damp περί@p οὗτος@rpgnp ζητέω@vppaamp λέγω3@vnpa-- περί@p ὅς@rpgnp μηδείς@rpnms πρότερος@b ἐρῶ@vira3s ἀλλά@cs ὁ@damp οὕτως@b ἐπίσταμαι@vppeamp εἶπον@vnaa-- ὡς@cs οὐδείς@rpnms ἄν@b ἄλλος@annms- δύναμαι@vope3s"
"Panegyr._11","καίτοι@b τις@rpnmp ἐπιτιμάω@vipa3p ὁ@dgmp λόγος@ngmpc ὁ@ddmp ὑπέρ@p ὁ@damp ἰδιώτης@nampc ἔχω@vppadmp καί@cs λίαν@b ἀκριβόω@vppedmp καί@cs τοσοῦτος@rpans διαμαρτάνω@vira3p ὥστε@cs ὁ@damp πρός@p ὑπερβολή@nafsc ποιέω@vpreamp πρός@p ὁ@damp ἀγών@nampc ὁ@damp περί@p ὁ@dgnp ἴδιος@angnp- συμβόλαιον@ngnpc σκοπέω@vipa3p ὥσπερ@cs ὅμοιος@b δεῖ@vppanns ἀμφότερος@anamp- ἔχω@vnpa-- ἀλλά@cs οὐ@b ὁ@damp μέν@b ἀσφαλής@b ὁ@damp δέ@cs ἐπιδεικτικός@b ἤ1@cs σφεῖς@rpamp μέν@b διοράω@vppaamp ὁ@dafp μετριότης@nafpc ὁ@dams δέ@cs ἀκριβής@b ἐπίσταμαι@vppeams λέγω3@vnpa-- ἁπλῶς@b οὐ@b ἄν@b δύναμαι@vppeams εἶπον@vnaa--"
"Panegyr._12","μέν@b οὖν@b οὐ@b λανθάνω@vira3p ὅτι@cs οὗτος@rpamp ἐπαινέω@vipa3p ὅς@rpgmp ἐγγύς@b αὐτός@annmp- τυγχάνω@vipa3p εἰμί@vppanmp ἐγώ@rpdms δέ@b οὐδείς@rpnns πρός@p ὁ@damp τοιοῦτος@rpamp ἀλλά@cs πρός@p ἐκεῖνος@rpamp εἰμί@vipa3s ὁ@damp οὐδείς@rpans ἀποδέχομαι@vpamamp ὁ@dgnp εἰκῇ@b λέγω3@vppegnp ἀλλά@cs δυσχεραίνω@vppaamp καί@cs ζητέω@vpfaamp εἶδον@vnaa-- τις@rpans τοιοῦτος@anans- ἐν@p ὁ@ddnp ἐμός@andmp- οἷος@rpans παρά@p ὁ@ddmp ἄλλος@rpdmp οὐ@b εὑρίσκω@vifa3p πρός@p ὅς@rpamp ἔτι@b μικρός@anans- ὑπέρ@p ἐμαυτοῦ@rpgms θρασύνω@vpamnms ἤδη@b περί@p ὁ@dgns πρᾶγμα@ngnsc ποιέω@vifm1s ὁ@damp λόγος@nampc"
"Panegyr._13","ὁ@damp μέν@b γάρ@b ἄλλος@rpamp ἐν@p ὁ@ddnp προοίμιον@ndnpc ὁράω@vipa1s καταπραύνω@vppaamp ὁ@damp ἀκροατής@nampc καί@cs προφασίζομαι@vppeamp ὑπέρ@p ὁ@dgnp μέλλω@vppagnp ἐρῶ@vnfp-- καί@cs λέγω3@vppaamp ὁ@damp μέν@b ὡς@cs ἐκ@p ὑπόγυιος@angns- γίγνομαι@vira3s αὐτός@rpdmp ὁ@dnfs παρασκευή@nnfsc ὁ@damp δέ@cs ὡς@cs χαλεπός@annns- εἰμί@vipa3s ἴσος@anamp- ὁ@damp λόγος@nampc ὁ@ddns μέγεθος@ndnsc ὁ@dgnp ἔργον@ngnpc ἐξευρίσκω@vnaa--"
"Panegyr._14","ἐγώ@rpnms δέ@b ἐάν@cs μή@b καί@b ὁ@dgns πρᾶγμα@ngnsc ἄξιος@b εἶπον@vsaa1s καί@b ὁ@dgfs δόξα@ngfsc ὁ@dgfs ἐμαυτοῦ@rpgms καί@cs ὁ@dgms χρόνος@ngmsc μή@b μόνος@b ὁ@dgms περί@p ὁ@dams λόγος@namsc ἐγώ@rpdmp διατρίβω@vpapgms ἀλλά@cs καί@b σύμπας@angns- ὅς@rpgms βιόω@vira1s παρακελεύομαι@vipe1s μηδείς@anafs- συγγνώμη@nafsc ἔχω@vnpa-- ἀλλά@cs καταγελάω@vnpa-- καί@cs καταφρονέω@vnpa-- οὐδείς@rpans γάρ@b ὅς@rpans τις@anans- ὁ@dgnp τοιοῦτος@rpgnp οὐ@b ἄξιος@annms- εἰμί@vipa1s πάσχω@vnpa-- εἴπερ@cs μηδείς@rpans διαφέρω@vppanms οὕτως@b μέγας@anafp- ποιέω@vipe1s ὁ@dafp ὑπόσχεσις@nafpc περί@p μέν@b οὖν@b ὁ@dgnp ἴδιος@angnp- οὗτος@rpnnp ἐγώ@rpdms προερέω@vmre3s περί@p δέ@b ὁ@dgnp κοινός@angnp-"
"Panegyr._15","ὅσος@annmp- μέν@b εὐθύς2@b ἐπέρχομαι@vpaanmp διδάσκω@vipa3p ὡς@cs χρή@vipa3s διαλύω@vpamamp ὁ@dafp πρός@p ἐγώ@rpamp αὐτός@rpamp ἔχθρα@nafpc ἐπί@p ὁ@dams βάρβαρος@anams- τρέπω@vnam-- καί@cs διεξέρχομαι@vipe3p ὁ@dafp τε@b συμφορά@nafpc ὁ@dafp ἐκ@p ὁ@dgms πόλεμος@ngmsc ὁ@dgms πρός@p ἀλλήλων@rpamp ἐγώ@rpdmp γίγνομαι@vpreafp καί@cs ὁ@dafp ὠφέλεια@nafpc ὁ@dafp ἐκ@p ὁ@dgfs στρατεία@ngfsc ὁ@dgfs ἐπί@p ἐκεῖνος@rpams εἰμί@vpfmgfs ἀληθής@ananp- μέν@b λέγω3@vipa3p οὐ@b μήν@b ἐντεῦθεν@b ποιέω@vipe3p ὁ@dafs ἀρχή@nafsc ὅθεν@b ἄν@b μάλιστα@b συνίστημι@vnaa-- οὗτος@rpanp δύναμαι@voap3p"
"Panegyr._16","ὁ@dgmp γάρ@b ἕλλην@ngmpp ὁ@dnmp μέν@b ὑπό@p ἐγώ@rpdmp ὁ@dnmp δέ@cs ὑπό@p λακεδαιμόνιος@ndmpp εἰμί@vipa3p ὁ@dnfp γάρ@b πολιτεία@nnfpc διά@p ὅς@rpgfp οἰκέω@vipa3p ὁ@dafp πόλις@nafpc οὕτως@b ὁ@damp πλεῖστος@anamp- αὐτός@rpgmp διαλαμβάνω@vira3p ὅστις@rpnms οὖν@b οἴομαι@vipe3s ὁ@damp ἄλλος@rpamp κοινῇ@b τις@rpans πράσσω@vnfa-- ἀγαθός@anans- πρίν@cs ἄν@b ὁ@damp προίστημι@vpraamp αὐτός@rpgmp διαλλάσσω@vsaa3s λίαν@b ἁπλῶς@b καί@cs πρόσω@b ὁ@dgnp πρᾶγμα@ngnpc εἰμί@vipa3s"
"Panegyr._17","ἀλλά@b δεῖ@viia3s ὁ@dams μή@b μόνος@anans- ἐπίδειξις@nafsc ποιέω@vppeams ἀλλά@cs καί@b διαπράσσω@vnam-- τις@rpans βούλομαι@vppeams ἐκεῖνος@rpamp ὁ@damp λόγος@nampc ζητέω@vnpa-- ὅς@rpnmp τις@rpnmp ὁ@dafd πόλις@nafsc οὗτος@rpafd πείθω@vifa3p ἰσομοιρέω@vnaa-- πρός@p ἀλλήλων@rpafp καί@cs ὁ@dafp τε@b ἡγεμονία@nafpc διαιρέω@vnam-- καί@cs ὁ@dafp πλεονεξία@nafpc ὅς@rpafp νῦν@b παρά@p ὁ@dgmp ἕλλην@ngmpp ἐπιθυμέω@vipa3p ἑαυτοῦ@rpdfp γίγνομαι@vnpe-- οὗτος@rpafp παρά@p ὁ@dgmp βάρβαρος@ngmpc ποιέω@vnam--"
"Panegyr._18","ὁ@dafs μέν@b οὖν@b ἡμέτερος@anafs- πόλις@nafsc ῥᾴδιος@annns- ἐπί@p οὗτος@rpanp προάγω@vnaa-- λακεδαιμόνιος@nnmpp δέ@cs νῦν@b μέν@b ἔτι@b δυσπέμπτως@b ἔχω@vipa3p παραλαμβάνω@vira3p γάρ@b ψευδής@anams- λόγος@namsc ὡς@cs εἰμί@vipa3s αὐτός@rpdmp ἡγέομαι@vnpm-- πάτριος@anams- ἐάν@cs δέ@b ἐπιδείκνυμι@vsaa3s τις@rpnms αὐτός@rpdmp οὗτος@anafs- ὁ@dafs τιμή@nafsc ἡμέτερος@anafs- εἰμί@vppaafs μᾶλλον@b ἤ1@cs ἐκεῖνος@rpgmp τάχα@b ἄν@b ἐάω@vpaanmp ὁ@dans διακριβόω@vnpe-- περί@p οὗτος@rpgnp ἐπί@p ὁ@dans συμφέρω@vppaans ἔρχομαι@voaa3p"
"Panegyr._19","χρή@viia3s μέν@b οὖν@b καί@b ὁ@damp ἄλλος@rpamp ἐντεῦθεν@b ἄρχω@vnpe-- καί@cs μή@b πρότερος@anans- περί@p ὁ@dgnp ὁμολογέω@vppegnp συμβουλεύω@vnpa-- πρίν@cs περί@p ὁ@dgnp ἀμφισβητέω@vppegnp ἐγώ@rpamp διδάσκω@viaa3p ἐγώ@rpdms δέ@b οὖν@b ἀμφότερος@angnp- ἕνεκα@p προσήκω@vipa3s περί@p οὗτος@rpanp ποιέω@vnam-- ὁ@dafs πλεῖστος@anafs- διατριβή@nafsc μάλιστα@b μέν@b ἵνα@cs πρ@b ἔργω@ngmsc τις@rpnns γίγνομαι@vsam3s καί@cs παύω@vpamnmp ὁ@dgfs πρός@p ἐγώ@rpamp αὐτός@anamp- φιλονεικία@ngfsc κοινῇ@b ὁ@ddmp βάρβαρος@ndmpc πολεμέω@vsaa1p"
"Panegyr._20","εἰ@cs δέ@cs οὗτος@rpnns εἰμί@vipa3s ἀδύνατος@annns- ἵνα@cs δηλόω@vsaa1s ὁ@damp ἐμποδών@b εἰμί@vppaamp ὁ@ddfs ὁ@dgmp ἕλλην@ngmpp εὐδαιμονία@ndfsc καί@cs πᾶς@andmp- γίγνομαι@vsam3s φανερός@annns- ὅτι@cs καί@b πρότερος@anans- ὁ@dnfs πόλις@nnfsc ἐγώ@rpgmp δίκαιος@b ὁ@dgfs θάλασσα@ngfsc ἄρχω@viaa3s καί@cs νῦν@b οὐ@b ἄδικος@b ἀμφισβητέω@vipa3s ὁ@dgfs ἡγεμονία@ngfsc"
"Panegyr._21","οὗτος@rpans μέν@b γάρ@b εἰ@cs δεῖ@vipa3s οὗτος@rpamp ἐπί@p ἕκαστος@andns- τιμάω@vnpe-- ὁ@dgnp ἔργον@ngnpc ὁ@damp ἔμπειρος@anamps εἰμί@vppaamp καί@cs μέγας@anafss δύναμις@nafsc ἔχω@vppaamp ἀναμφισβήτητος@b ἐγώ@rpdmp προσήκω@vipa3s ὁ@dafs ἡγεμονία@nafsc ἀπολαμβάνω@vnaa-- ὅς@rpafs πέρ@b πρότερος@anans- τυγχάνω@viia1p ἔχω@vppanmp οὐδείς@rpnms γάρ@b ἄν@b ἕτερος@anafs- πόλις@nafsc ἐπιδείκνυμι@voaa3s τοσοῦτος@rpans ἐν@p ὁ@ddms πόλεμος@ndmsc ὁ@ddns κατά@p γῆ@nafsc ὑπερέχω@vppaafs ὅσος@anans- ὁ@dafs ἡμέτερος@anafs- ἐν@p ὁ@ddmp κίνδυνος@ndmpc ὁ@ddmp κατά@p θάλασσα@nafsc διαφέρω@vppaafs"
"Panegyr._22","οὗτος@rpans δέ@b εἰ@cs τις@rpnmp οὗτος@anafs- μέν@b μή@b νομίζω@vipa3p δίκαιος@anafs- εἰμί@vnpa-- ὁ@dafs κρίσις@nafsc ἀλλά@cs πολύς@anafp- ὁ@dafp μεταβολή@nafpc γίγνομαι@vnpe-- ὁ@dafp γάρ@b δυναστεία@nafpc οὐδέποτε@b ὁ@ddmp αὐτός@rpdmp παραμένω@vnpa-- ἀξιόω@vppadmp δέ@cs ὁ@dafs ἡγεμονία@nafsc ἔχω@vnpa-- ὥσπερ@cs ἄλλος@anans- τις@anans- γέρας@nansc ἤ1@b ὁ@damp πρῶτος@anamp- τυγχάνω@vpaaamp οὗτος@angfs- ὁ@dgfs τιμή@ngfsc ἤ1@cs ὁ@damp πλεῖστος@angnp- ἀγαθός@angnp- αἴτιος@anamp- ὁ@ddmp ἕλλην@ndmpp εἰμί@vppaamp ἡγέομαι@vipe1s καί@cs οὗτος@rpamp εἰμί@vnpa-- μετά@p ἐγώ@rpgmp"
"Panegyr._23","ὅσος@andns- γάρ@b ἄν@b τις@rpnms πρόσωθεν@b σκοπέω@vspa3s περί@p οὗτος@rpgnp ἀμφότερος@angnp- τοσοῦτος@andns- πλέος@anansc ἀπολείβω@vifa1p ὁ@damp ἀμφισβητέω@vppaamp ὁμολογέω@vipe3s μέν@b γάρ@b ὁ@dafs πόλις@nafsc ἐγώ@rpgmp ἀρχαῖος@anafss εἰμί@vnpa-- καί@b μέγας@anafss καί@cs παρά@p πᾶς@andmp- ἄνθρωπος@ndmpc ὀνομαστός@anafss οὕτως@b δέ@b καλός@angfs- ὁ@dgfs ὑπόθεσις@ngfsc εἰμί@vppagfs ἐπί@p ὁ@ddmp ἔχω@vppedmp οὗτος@rpgnp ἔτι@b μᾶλλον@b ἐγώ@rpamp προσήκω@vipa3s τιμάω@vnpe--"
"Panegyr._24","οὗτος@rpafs γάρ@b οἰκέω@vipa1p οὐ@b ἕτερος@anamp- ἐκβάλλω@vpaanmp οὐ@b δέ@b ἐρῆμος@anafs- καταλαμβάνω@vpaanmp οὐ@b δέ@cs ἐκ@p πολύς@angnp- ἔθνος@ngnpc μιγάς@nnmpc σύνλέγω1@vpapnmp ἀλλά@cs οὕτως@b καλός@b καί@cs γνήσιος@b γίγνομαι@vira1p ὥστε@cs ἐκ@p ὅς@rpgfs φύω@viaa1p οὗτος@rpafs ἔχω@vppanmp ἅπας@anams- ὁ@dams χρόνος@namsc διατελέω@vifa1p αὐτόχθων@annmp- εἰμί@vppanmp καί@cs ὁ@dgnp ὄνομα@ngnpc ὁ@ddmp αὐτός@rpdmp ὅς@rpdnp ὁ@damp οἰκεῖος@anamps"
"Panegyr._25","ὁ@dafs πόλις@nafsc ἔχω@vppanmp προσλέγω@vnaa-- μόνος@andmp- γάρ@b ἐγώ@rpdmp ὁ@dgmp ἕλλην@ngmpp ὁ@dafs αὐτός@anafs- τροφός@nafsc καί@b πατρίς@nafsc καί@cs μήτηρ@nafsc καλέω@vnaa-- προσήκω@vipa3s καίτοι@b χρή@vipa3s ὁ@damp εὔλογος@b μέγας@anans- φρονέω@vppaamp καί@b περί@p ὁ@dgfs ἡγεμονία@ngfsc δίκαιος@b ἀμφισβητέω@vppaamp καί@cs ὁ@dgnp πάτριος@angnp- πολλάκις@b μιμνήσκω@vpreamp τοιοῦτος@anafs- ὁ@dafs ἀρχή@nafsc ὁ@dgns γένος@ngnsc ἔχω@vppaamp φαίνω@vnpe--"
"Panegyr._26","ὁ@dnnp μέν@b οὖν@b ἐκ@p ἀρχή@ngfsc ὑπάρχω@vpaannp καί@cs παρά@p ὁ@dgfs τύχη@ngfsc δωρέω@vpapnnp τηλικοῦτος@b ἐγώ@rpdcp ὁ@dnns μέγεθος@nnnsc εἰμί@vipa3s ὅσος@angnp- δέ@b ὁ@ddnp ἄλλος@rpdnp ἀγαθός@angnp- αἴτιος@annmp- γίγνομαι@vira1p οὕτως@b ἄν@b καλός@ananps ἐξετάζω@voaa1p εἰ@cs ὁ@dams τε@b χρόνος@namsc ἀπό@p ἀρχή@ngfsc καί@cs ὁ@dafp πρᾶξις@nafpc ὁ@dafp ὁ@dgfs πόλις@ngfsc ἐφεξῆς@b διέρχομαι@voaa1p εὑρίσκω@vifa1p γάρ@b αὐτός@rpafs οὐ@b μόνος@anans- ὁ@dgmp πρός@p ὁ@dams πόλεμος@namsc κίνδυνος@ngmpc ἀλλά@cs καί@b ὁ@dgfs ἄλλος@angfs- κατασκευή@ngfsc"
"Panegyr._27","ἐν@p ὅς@rpdfs κατοικέω@vipa1p καί@b μετά@p ὅς@rpgfs πολιτεύω@vipe1p καί@cs διά@p ὅς@rpgfp ζάω@vnpa-- δύναμαι@vipe1p σχεδόν@b ἅπας@angfs- αἰτία@nafsc εἰμί@vppaafs ἀνάγκη@nnfsc δέ@b προαιρέω@vnpe-- ὁ@dgfp εὐεργεσία@ngfpc μή@b ὁ@dafp διά@p μικρότης@nafsc διαλανθάνω@vpapafp καί@cs κατασιωπάω@vpapafp ἀλλά@cs ὁ@dafp διά@p ὁ@dans μέγεθος@nansc ὑπό@p πᾶς@angmp- ἄνθρωπος@ngmpc καί@b πάλαι@b καί@b νῦν@b καί@cs πανταχοῦ@b καί@b λέγω3@vppeafp καί@cs μνημονεύω@vppeafp"
"Panegyr._28","πρῶτος@anans- μέν@b τοίνυν@b ὅς@rpgns πρῶτος@anans- ὁ@dnfs φύσις@nnfsc ἐγώ@rpgmp δέω2@viap3s διά@p ὁ@dgfs πόλις@ngfsc ὁ@dgfs ἡμέτερος@angfs- πορίζω@viap3s καί@b γάρ@b εἰ@cs μυθώδης@annms- ὁ@dnms λόγος@nnmsc γίγνομαι@vira3s ὅμως@b αὐτός@rpdms καί@b νῦν@b ἐρῶ@vnap-- προσήκω@vipa3s δημήτηρ@ngfsp γάρ@b ἀφικνέομαι@vpamgfs εἰς@p ὁ@dafs χώρα@nafsc ὅτε@cs πλανάω@viap3s ὁ@dgfs κόρη@ngfsp ἁρπάζω@vpapgfs καί@cs πρός@p ὁ@damp πρόγονος@anamp- ἐγώ@rpgmp εὐμενής@b διατίθημι@vpapgfs ἐκ@p ὁ@dgfp εὐεργεσία@ngfpc ὅς@rpafp οὐ@b οἷος@annns- τε@b ἄλλος@rpdnp ἤ1@cs ὁ@ddmp μυέω@vprednp ἀκούω@vnpa-- καί@cs δίδωμι@vpaagfs δωρεά@nafpc δισσός@anafp- ὅς@rpnfp μέγας@annfps τυγχάνω@vipa3p εἰμί@vppanfp ὁ@damp τε@b καρπός1@nampc ὅς@rpnmp ὁ@dgns μή@b θηριώδης@b ζάω@vnpa-- ἐγώ@rpamp αἴτιος@annmp- γίγνομαι@vira3p καί@cs ὁ@dafs τελετή@nafsc ὅς@rpgfs ὁ@dnmp μετέχω@vpaanmp περί@p τε@b ὁ@dgfs ὁ@dgms βίος@ngmsc τελευτή@ngfsc καί@cs ὁ@dgms σύμπας@angms- αἰών@ngmsc ἡδύς@anafp- ὁ@dafp ἐλπίς@nafpc ἔχω@vipa3p"
"Panegyr._29","οὕτως@b ὁ@dnfs πόλις@nnfsc ἐγώ@rpgmp οὐ@b μόνος@anans- θεοφιλής@b ἀλλά@cs καί@b φιλάνθρωπος@b ἔχω@viaa3s ὥστε@cs κύριος@annfs- γίγνομαι@vpamnfs τοσοῦτος@angnp- ἀγαθός@angnp- οὐ@b φθονέω@viaa3s ὁ@ddmp ἄλλος@rpdmp ἀλλά@cs ὅς@rpgnp λαμβάνω@viaa3s ἅπας@andmp- μεταδίδωμι@viaa3s καί@b ὁ@danp μέν@b ἔτι@b καί@b νῦν@b κατά@p ἕκαστος@anams- ὁ@dams ἐνιαυτός@namsc δείκνυμι@vipa1p ὁ@dgmp δέ@cs συλλήβδην@b ὁ@dafp τε@b χρεία@nafpc καί@b ὁ@dafp ἐργασία@nafpc καί@cs ὁ@dafp ὠφέλεια@nafpc ὁ@dafp ἀπό@p αὐτός@rpgnp γίγνομαι@vppeafp διδάσκω@viaa3s"
"Panegyr._30","καί@b οὗτος@rpdmp ἀπιστέω@vnpa-- μικρός@angmp- ἔτι@b προστίθημι@vpapgmp οὐδείς@rpnms ἄν@b ἀξιόω@voaa3s πρῶτος@anans- μέν@b γάρ@b ἐκ@p ὅς@rpgnp ἄν@b τις@rpnms καταφρονέω@voaa3s ὁ@dgnp λέγω3@vppegnp ὡς@b ἀρχαῖος@angnp- εἰμί@vppagnp ἐκ@p ὁ@dgnp αὐτός@rpgnp οὗτος@rpgnp εἰκότως@b ἄν@b καί@cs ὁ@dafp πρᾶξις@nafpc γίγνομαι@vnre-- νομίζω@voaa3s διά@p γάρ@b ὁ@dans πολύς@anamp- ἐρῶ@vnra-- καί@cs πᾶς@anamp- ἀκούω@vnra-- προσήκω@vipa3s μή@b καινός@ananp- μέν@b πιστόν@ananp- δέ@cs δοκέω@vnpa-- εἰμί@vnpa-- ὁ@danp λέγω3@vppeanp περί@p αὐτός@rpgmp ἔπειτα@b οὐ@b μόνος@anans- ἐνταῦθα@b καταφεύγω@vnaa-- ἔχω@vipa1p ὅτι@cs ὁ@dams λόγος@namsc καί@cs ὁ@dafs φήμη@nafsc ἐκ@p πολύς@angns- παραλαμβάνω@vira1p ἀλλά@cs καί@b σημεῖον@ndnpc μέγας@andnpc ἤ1@cs οὗτος@rpdnp εἰμί@vipa3s ἐγώ@rpdmp χράω2@vnam-- περί@p αὐτός@rpgnp"
"Panegyr._31","ὁ@dnfp μέν@b γάρ@b πλεῖστος@annfp- ὁ@dgfp πόλις@ngfpc ὑπόμνημα@nnnsc ὁ@dgfs παλαιός@angfs- εὐεργεσία@ngfsc ἀπαρχή@nafpc ὁ@dgms σῖτος@ngmsc κατά@p ἕκαστος@anams- ὁ@dams ἐνιαυτός@namsc ὡς@p ἐγώ@rpamp ἀποπέμπω@vipa3p ὁ@ddfp δέ@cs ἐκλείπω@vppadfp πολλάκις@b ὁ@dnfs πυθία@nnfsp προστάσσω@viaa3s ἀποφέρω@vnpa-- ὁ@danp μέρος@nanpc ὁ@dgmp καρπός1@ngmpc καί@cs ποιέω@vnpa-- πρός@p ὁ@dafs πόλις@nafsc ὁ@dafs ἡμέτερος@anafs- ὁ@danp πάτριος@ananp- καίτοι@b περί@p τίς@rpgnp χρή@vipa3s μᾶλλον@b πιστεύω@vnpa-- ἤ1@cs περί@p ὅς@rpgnp ὅς@dnms τε@b θεός@nnmsc ἀναιρέω@vipa3s καί@b πολύς@andmp- ὁ@dgmp ἕλλην@ngmpp συνδοκέω@vipa3s καί@b ὁ@danp τε@b πάλαι@b ἐρῶ@vpapanp ὁ@ddnp πάρειμι1@vppadnp ἔργον@ndnpc μαρτυρέω@vipa3s καί@cs ὁ@danp νῦν@b γίγνομαι@vppeanp ὁ@ddnp ὑπό@p ἐκεῖνος@rpgmp ἐρῶ@vprednp ὁμολογέω@vipa3s χωρίς@p δέ@b οὗτος@rpgnp"
"Panegyr._32","ἐάν@cs ἅπας@ananp- οὗτος@rpanp ἐάω@vpaanmp ἀπό@p ὁ@dgfs ἀρχή@ngfsc σκοπέω@vspa1p εὑρίσκω@vifa1p ὅτι@cs ὁ@dams βίος@namsc ὁ@dnmp πρῶτος@annmp- φαίνω@vpapnmp ἐπί@p γῆ@ngfsc οὐ@b εὐθύς2@b οὕτως@b ὥσπερ@b νῦν@b ἔχω@vppaams καταλαμβάνω@viaa3p ἀλλά@cs κατά@p μικρός@anans- αὐτός@rpnmp πορίζω@viam3p τις@rpamp οὖν@b χρή@vipa3s μᾶλλον@b νομίζω@vnpa-- ἤ1@cs δωρεά@nafsc παρά@p ὁ@dgmp θεός@ngmpc λαμβάνω@vnaa-- ἤ1@cs ζητέω@vppaamp αὐτός@rpamp ἐντυγχάνω@vnaa--"
"Panegyr._33","οὐ@b ὁ@damp ὑπό@p πᾶς@angmp- ὁμολογέω@vppeamp καί@cs πρῶτος@anamp- γίγνομαι@vpamamp καί@cs πρός@p τε@cs ὁ@dafp τέχνη@nafpc εὐφυής@anamps εἰμί@vppaamp καί@cs πρός@p ὁ@danp ὁ@dgmp θεός@ngmpc εὐσεβής@ananps διάκειμαι@vpreamp καί@cs μήν@b ὅσος@rpgfs προσήκω@vipa3s τιμή@ngfsc τυγχάνω@vnpa-- ὁ@damp τηλικοῦτος@rpgnp ἀγαθός@angnp- αἴτιος@anamp- περίεργος@annns- διδάσκω@vnpa-- οὐδείς@rpnms γάρ@b ἄν@b δύναμαι@vope3s δωρεά@nafsc τοσοῦτος@anafs- ὁ@dans μέγεθος@nansc εὑρίσκω@vnaa-- ὅς@rpnfs τις@annfs- ἴσος@annfs- ὁ@ddnp πράσσω@vprednp εἰμί@vipa3s"
"Panegyr._34","περί@p μέν@b οὖν@b ὁ@dgns μέγας@angnss ὁ@dgnp εὐεργέτημα@ngnpc καί@b πρῶτος@angns- γίγνομαι@vpamgns καί@b πᾶς@andmp- κοινός@angnss οὗτος@rpanp εἶπον@vnaa-- ἔχω@vipa1p περί@p δέ@b ὁ@damp αὐτός@anamp- χρόνος@nampc ὁράω@vppanfs ὁ@damp μέν@b βάρβαρος@nampc ὁ@dafs πλεῖστος@anafss ὁ@dgfs χώρα@ngfsc κατέχω@vppaamp ὁ@damp δέ@cs ἕλλην@nampp εἰς@p μικρός@anams- τόπος@namsc κατακλείω@vpreamp καί@b διά@p σπάνιος@nafsc ὁ@dgfs γῆ@ngfsc ἐπιβουλεύω@vppaamp τε@b σφεῖς@rpdmp αὐτός@andmp- καί@cs στρατεία@nafpc ἐπί@p ἀλλήλων@rpamp ποιέω@vppeamp καί@cs ὁ@damp μέν@b διά@p ἔνδεια@nafsc ὁ@dgnp κατά@p ἡμέρα@nafsc ὁ@damp δέ@b διά@p ὁ@dams πόλεμος@namsc ἀπόλλυμι@vppeamp"
"Panegyr._35","οὐ@b δέ@b οὗτος@rpanp οὕτως@b ἔχω@vppaanp περίεἶδον@viaa3s ἀλλά@cs ἡγεμών@nampc εἰς@p ὁ@dafp πόλις@nafpc ἐκπέμπω@viaa3s ὅς@rpnmp παραλαμβάνω@vpaanmp ὁ@damp μάλιστα@b βίος@ngmsc δέω2@vppeamp στρατηγός@nnmpc καθίστημι@vpaanmp αὐτός@rpgmp καί@cs πόλεμος@ndmsc κρατέω@vpaanmp ὁ@damp βάρβαρος@nampc πολύς@anafp- μέν@b ἐπί@p ἑκάτερος@angfs- ὁ@dgfs ἤπειρος@ngfsc πόλις@nafpc ἐκτίνω@viaa3p ἅπας@anafp- δέ@b ὁ@dafp νῆσος@nafpc κατοικίζω@viaa3p ἀμφότερος@anamp- δέ@cs καί@b ὁ@damp ἀκολουθέω@vpaaamp καί@cs ὁ@damp ὑπομένω@vpaaamp σῴζω@viaa3p"
"Panegyr._36","ὁ@ddmp μέν@b γάρ@b ἱκανός@anafs- ὁ@dafs οἴκοι@b χώρα@nafsc καταλιμπάνω@viaa3p ὁ@ddmp δέ@cs πλείων@anafsc ὁ@dgfs ὑπάρχω@vppagfs πορίζω@viaa3p ἅπας@anams- γάρ@b περιβάλλω@viam3p ὁ@dams τόπος@namsc ὅς@rpams νῦν@b τυγχάνω@viia1p κατέχω@vppanmp ὥστε@b καί@b ὁ@ddmp ὕστερος@anans- βούλομαι@vpapdmp ἀποικίζω@vnaa-- τις@rpamp καί@cs μιμέομαι@vnae-- ὁ@dafs πόλις@nafsc ὁ@dafs ἡμέτερος@anafs- πολύς@anafs- ῥᾳστώνη@nafsc ποιέω@viaa3p οὐ@b γάρ@b αὐτός@rpamp δεῖ@viia3s κτάομαι@vppeamp χώρα@nafsc διακινδυνεύω@vnpa-- ἀλλά@cs εἰς@p ὁ@dafs ὑπό@p ἐγώ@rpgmp ἀφορίζω@vpapafs"
"Panegyr._37","εἰς@p οὗτος@rpafs οἰκέω@vnpa-- εἶμι@vppaamp καίτοι@b τις@rpnms ἄν@b οὗτος@rpgfs ἡγεμονία@nafsc ἐπιδείκνυμι@voaa3s ἤ1@cs τίμιος@anafsc ὁ@dgfs πρότερος@anans- γίγνομαι@vpamgfs πρίν@cs ὁ@dafp πλεῖστος@anafp- οἰκίζω@vnap-- ὁ@dgfp ἑλλήνιος@angfp- πόλις@ngfpc ἤ1@cs μᾶλλον@b συμφέρω@vppaafs ὁ@dgfs ὁ@damp μέν@b βάρβαρος@nampc ἀνάστατος@anamp- ποιέω@vpaagfs ὁ@damp δέ@cs ἕλλην@nampp εἰς@p τοσοῦτος@anafs- εὐπορία@nafsc προάγω@vpaagfs"
"Panegyr._38","οὐ@b τοίνυν@b ἐπεί@cs ὁ@danp μέγας@ananps συνδιαπράσσω@viaa3s ὁ@dgfp ἄλλος@rpgnp ὀλιγωρέω@viaa3s ἀλλά@cs ἀρχή@nafsc μέν@b οὗτος@anafs- ποιέω@viam3s ὁ@dgfp εὐεργεσία@ngfpc τροφή@nafsc ὁ@ddmp δέω2@vppedmp εὑρίσκω@vnaa-- ὅς@rpafs χρή@vipa3s ὁ@damp μέλλω@vppaamp καί@b περί@p ὁ@dgnp ἄλλος@rpgnp καλός@b διοικέω@vnfa-- ἡγέομαι@vppenfs δέ@cs ὁ@dams βίος@namsc ὁ@dams ἐπί@p οὗτος@rpdnp μόνος@anans- οὔπω@b ὁ@dgns ζάω@vnpa-- ἐπιθυμέω@vnpa-- ἄξιος@b ἔχω@vnpa-- οὕτως@b ἐπιμελέομαι@viap3s καί@b ὁ@dgnp λοιπός@angnp- ὥστε@cs ὁ@dgnp πάρειμι1@vppagnp ὁ@ddmp ἄνθρωπος@ndmpc ἀγαθός@angnp- ὅσος@rpnnp μή@b παρά@p θεός@ngmpc ἔχω@vipa1p ἀλλά@cs διά@p ἀλλήλων@rpamp ἐγώ@rpdmp γίγνομαι@vira3s μηδείς@rpnns μέν@b ἄνευ@p ὁ@dgfs πόλις@ngfsc ὁ@dgfs ἡμέτερος@angfs- εἰμί@vnpa-- ὁ@danp δέ@cs πλεῖστος@ananps διά@p οὗτος@rpafs γίγνομαι@vnre--"
"Panegyr._39","παραλαμβάνω@vpaanfs γάρ@b ὁ@damp ἕλλην@nampp ἄνομος@b ζάω@vppaamp καί@cs σποράδην@b οἰκέω@vppaamp καί@cs ὁ@damp μέν@b ὑπό@p δυναστεία@ngfpc ὑβρίζω@vppeamp ὁ@damp δέ@cs διά@p ἀναρχία@nafsc ἀπόλλυμι@vppeamp καί@b οὗτος@rpgnp ὁ@dgnp κακός@angnp- αὐτός@rpamp ἀπαλλαξείω@viaa3s ὁ@dgmp μέν@b κύριος@namsc γίγνομαι@vpamnfs ὁ@ddmp δέ@cs ἑαυτοῦ@rpafs παράδειγμα@nansc ποιέω@vpaanfs πρῶτος@annfs- γάρ@b καί@b νόμος@nampc τίθημι@viam3s καί@cs πολιτεία@nafsc καθίστημι@viam3s"
"Panegyr._40","δῆλος@annns- δέ@b ἐκεῖθεν@b ὁ@dnmp γάρ@b ἐν@p ἀρχή@ndfsc περί@p ὁ@dgnp φονικός@angnp- ἐγκαλέω@vpaanmp καί@cs βούλομαι@vpapnmp μετά@p λόγος@ngmsc καί@cs μή@b μετά@p βία@ngfsc διαλύω@vnam-- ὁ@danp πρός@p ἀλλήλων@rpamp ἐν@p ὁ@ddmp νόμος@ndmpc ὁ@ddmp ἡμέτερος@andmp- ὁ@dafp κρίσις@nafpc ποιέω@viam3p περί@p αὐτός@rpgmp καί@b μέν@b δή@b καί@b ὁ@dgfp τέχνη@ngfpc ὁ@dafp τε@b πρός@p ὁ@dans ἀναγκαῖος@ananp- ὁ@dgms βίος@ngmsc χρήσιμος@nafpc καί@cs ὁ@dafp πρός@p ἡδονή@nafsc μηχανάομαι@vpreafp ὁ@dafp μέν@b εὑρίσκω@vpaanfs ὁ@dafp δέ@b δοκιμάζω@vpaanfs χράω@vnpe-- ὁ@ddmp ἄλλος@rpdmp παραδίδωμι@viaa3s"
"Panegyr._41","ὁ@dafs τοίνυν@b ἄλλος@anafs- διοίκησις@nafsc οὕτως@b φιλόξενος@b κατασκευάζω@viam3s καί@cs πρός@p ἅπας@anamp- οἰκεῖος@b ὥστε@cs καί@b ὁ@ddmp χρῆμα@ngnpc δέω2@vppedmp καί@cs ὁ@ddmp ἀπολαύω@vnaa-- ὁ@dgnp ὑπάρχω@vppagnp ἐπιθυμέω@vppadmp ἀμφότερος@andmp- ἁρμόζω@vnpa-- καί@cs μή@b τε@b ὁ@ddmp εὐδαιμονέω@vppadmp μή@b τε@cs ὁ@ddmp δυστυχέω@vppadmp ἐν@p ὁ@ddfp ἑαυτοῦ@rpgmp ἄχρηστος@b ἔχω@vnpa-- ἀλλά@cs ἑκάτερος@andmp- αὐτός@rpgmp εἰμί@vnpa-- παρά@p ἐγώ@rpdmp ὁ@ddmp μέν@b ἡδύς@anafp- διατριβή@nafpc ὁ@ddmp δέ@cs ἀσφαλής@anafss καταφυγή@nafsc"
"Panegyr._42","ἔτι@b δέ@b ὁ@dafs χώρα@nafsc οὐ@b αὐτάρκης@anafs- κτάομαι@vpregmp ἕκαστος@angmp- ἀλλά@cs ὁ@danp μέν@b ἐλλείπω@vppaafs ὁ@danp δέ@cs πλείων@ananpc ὁ@dgnp ἱκανός@angnp- φέρω@vppaafs καί@cs πολύς@angfs- ἀπορία@ngfsc εἰμί@vppagfs ὁ@danp μέν@b ὅπου@b χρή@vipa3s διατίθημι@vnam-- ὁ@danp δέ@cs ὁπόθεν@b εἰσάγω@vnam-- καί@b οὗτος@andfp- ὁ@ddfp συμφορά@ndfpc ἐπαμύνω@viia3s ἐμπόριον@namsc γάρ@b ἐν@p μέσος@andns- ὁ@dgfs ἑλλάς@ngfsp ὁ@dams πειραιεύς@namsp κατασκευάζω@viam3s τοσοῦτος@anafs- ἔχω@vppaams ὑπερβολή@nafsc ὥστε@cs ὅς@rpanp παρά@p ὁ@dgnp ἄλλος@rpgnp εἷς@nansc παρά@p ἕκαστος@angnp- χαλεπός@annns- εἰμί@vipa3s λαμβάνω@vnaa-- οὗτος@rpanp ἅπας@ananp- παρά@p αὐτός@rpgfs ῥᾴδιος@anans- εἰμί@vnpa-- πορίζω@vnam--"
"Panegyr._43","ὁ@dgmp τοίνυν@b ὁ@dafp πανήγυρις@nafpc καθίστημι@vpaagmp δίκαιος@b ἐπαινέω@vppegmp ὅτι@cs τοιοῦτος@anans- ἔθος@nansc ἐγώ@rpdmp παραδίδωμι@viaa3p ὥστε@cs σπένδω@vpamamp πρός@p ἀλλήλων@rpamp καί@cs ὁ@dafp ἔχθρα@nafpc ὁ@dafp ἐνίστημι@vpraafp διαλύω@vpamamp συνέρχομαι@vnaa-- εἰς@p ὁ@dans αὐτός@rpams καί@cs μετά@p οὗτος@rpanp εὐχή@nafpc καί@cs θυσία@nafpc κοινός@anafp- ποιέω@vpamamp ἀναμιμνῄσκω@vnap-- μέν@b ὁ@dgfs συγγένεια@ngfsc ὁ@dgfs πρός@p ἀλλήλων@rpamp ὑπάρχω@vppagfs εὐμενής@b δέ@cs εἰς@p ὁ@dams λοιπός@anams- χρόνος@namsc διατίθημι@vnap-- πρός@p ἐγώ@rpamp αὐτός@anamp- καί@b ὁ@dafp τε@b παλαιός@anafp- ξενία@nafpc ἀνανεόομαι@vnam-- καί@cs καινός@anafp- ἕτερος@anafp- ποιέω@vnam--"
"Panegyr._44","καί@cs μή@b τε@b ὁ@ddmp ἰδιώτης@ndmpc μή@b τε@cs ὁ@ddmp διαφέρω@vpaadmp ὁ@dafs φύσις@nafsc ἀργός2@anafs- εἰμί@vnpa-- ὁ@dafs διατριβή@nafsc ἀλλά@cs ἀθροίζω@vpapgmp ὁ@dgmp ἕλλην@ngmpp ἐγγίγνομαι@vnam-- ὁ@ddmp μέν@b ἐπιδείκνυμι@vnam-- ὁ@dafp ἑαυτοῦ@rpgmp εὐτυχία@nafpc ὁ@ddmp δέ@cs θεάομαι@vnam-- οὗτος@rpamp πρός@p ἀλλήλων@rpamp ἀγωνίζομαι@vppeamp καί@cs μηδέτερος@anamp- ἄθυμος@b διάγω@vnpa-- ἀλλά@cs ἑκάτερος@anamp- ἔχω@vnpa-- ἐπί@p ὅς@rpdmp φιλοτιμέομαι@vsap3p ὁ@dnmp μέν@b ὅταν@cs εἶδον@vsaa3p ὁ@damp ἀθλητής@nampc ἑαυτοῦ@rpgmp ἕνεκα@p πονέω@vppaamp ὁ@dnmp δέ@cs ὅταν@cs ἐνθυμέομαι@vsaa3p ὅτι@cs πᾶς@annmp- ἐπί@p ὁ@dafs σφέτερος@anafs- θεωρία@nafsc ἥκω@vipa3p τοσοῦτος@rpgnp τοίνυν@b ἀγαθός@angnp- διά@p ὁ@dafp σύνοδος2@nafpc ἐγώ@rpdmp γίγνομαι@vppegnp οὐ@b δέ@cs ἐν@p οὗτος@rpdnp ὁ@dnfs πόλις@nnfsc ἐγώ@rpgmp ἀπολιμπάνω@viap3s"
"Panegyr._45","καί@b γάρ@b θέαμα@nanpc πλεῖστος@ananps καί@cs καλός@ananps κτάομαι@vire3s ὁ@dnnp μέν@b ὁ@ddfp δαπάνη@ndfpc ὑπερβάλλω@vppaanp ὁ@dnnp δέ@b κατά@p ὁ@dafp τέχνη@nafpc εὐδοκιμέω@vppaanp ὁ@danp δέ@cs ἀμφότερος@andnp- οὗτος@rpdnp διαφέρω@vppaanp καί@cs ὁ@dnns πλῆθος@nnnsc ὁ@dgnp εἰσαφικνέομαι@vppegnp ὡς@p ἐγώ@rpamp τοσοῦτος@annns- εἰμί@vipa3s ὥστε@cs εἰ@cs τις@rpnns ἐν@p ὁ@ddns πλησιάζω@vnpa-- ἀλλήλων@rpdnp ἀγαθός@annns- εἰμί@vipa3s καί@b οὗτος@rpans ὑπό@p αὐτός@rpgfs περιλαμβάνω@vnre-- πρός@p δέ@b οὗτος@rpdnp καί@b φιλία@ngfsc εὑρίσκω@vnaa-- πιστός@anamps καί@cs συνουσία@ndfpc ἐντυγχάνω@vnaa-- παντοδαπός@andfp- μάλιστα@b παρά@p ἐγώ@rpdmp εἰμί@vipa3s ἔτι@b δέ@cs ἀγών@nampc εἶδον@vnaa-- μή@b μόνος@anans- τάχος@ngnsc καί@cs ῥώμη@ngfsc ἀλλά@cs καί@b λόγος@ngmpc καί@b γνώμη@ngfsc καί@cs ὁ@dgnp ἄλλος@angnp- ἔργον@ngnpc ἅπας@angnp- καί@cs οὗτος@rpgnp ἆθλον@nanpc μέγας@ananps"
"Panegyr._46","πρός@p γάρ@b ὅς@rpdnp αὐτός@rpnfs τίθημι@vipa3s καί@cs ὁ@damp ἄλλος@rpamp δίδωμι@vnpa-- συναναπείθω@vipa3s ὁ@dnnp γάρ@b ὑπό@p ἐγώ@rpgmp κρίνω@vpapnnp τοσοῦτος@anafs- λαμβάνω@vipa3s δόξα@nafsc ὥστε@cs παρά@p πᾶς@andmp- ἄνθρωπος@ndmpc ἀγαπάω@vnpe-- χωρίς@p δέ@b οὗτος@rpgnp ὁ@dnfp μέν@b ἄλλος@annfp- πανήγυρις@nnfpc διά@p πολύς@angms- χρόνος@ngmsc συλλέγω@vpapnfp ταχύς@b διαλύω@viap3p ὁ@dnfs δέ@cs ἡμέτερος@annfs- πόλις@nafpc ἅπας@anams- ὁ@dams αἰών@namsc ὁ@ddmp ἀφικνέομαι@vppedmp πανήγυρις@nnfsc εἰμί@vipa3s"
"Panegyr._47","φιλοσοφία@nafsc τοίνυν@b ὅς@rpnfs πᾶς@ananp- οὗτος@rpanp συνεξευρίσκω@viaa3s καί@cs συγκατεργάζομαι@viaa3s καί@b πρός@p τε@b ὁ@dafp πρᾶξις@nafpc ἐγώ@rpamp παιδεύω@viaa3s καί@cs πρός@p ἀλλήλων@rpamp πραύνω@viaa3s καί@b ὁ@dgfp συμφορά@ngfpc ὁ@dafp τε@cs διά@p ἀμαθία@nafsc καί@cs ὁ@dafp ἐκ@p ἀνάγκη@ngfsc γίγνομαι@vppeafp διαιρέω@viaa3s καί@b ὁ@dafp μέν@b φυλάσσω@vnam-- ὁ@dafp δέ@b καλός@b φέρω@vnaa-- διδάσκω@viaa3s ὁ@dnfs πόλις@nnfsc ἐγώ@rpgmp καταδείκνυμι@viaa3s"
"Panegyr._48","καί@cs λόγος@nampc τιμάω@viaa3s ὅς@rpgmp πᾶς@annmp- μέν@b ἐπιθυμέω@vipa3p ὁ@ddmp δέ@cs ἐπίσταμαι@vppedmp φθονέω@vipa3p σύνοιδα@vpranfs μέν@b ὅτι@cs οὗτος@rpans μόνος@anans- ἐκ@p ἅπας@angnp- ὁ@dgnp ζῷον@ngnpc ἴδιος@anans- φύω@viaa1p ἔχω@vppanmp καί@cs διότι@cs οὗτος@rpdns πλεονεκτέω@vpaanmp καί@cs ὁ@ddnp ἄλλος@rpdnp ἅπας@andnp- αὐτός@rpgnp διαφέρω@viaa1p ὁράω@vppanfs δέ@cs περί@p μέν@b ὁ@dafp ἄλλος@anafp- πρᾶξις@nafpc οὕτως@b ταραχώδης@anafp- εἰμί@vppaafp ὁ@dafp τύχη@nafpc ὥστε@cs πολλάκις@b ἐν@p αὐτός@rpdfp καί@b ὁ@damp φρόνιμος@anamp- ἀτυχέω@vnpa-- καί@cs ὁ@damp ἀνόητος@anamp- κατορθόω@vnpa-- ὁ@dgmp δέ@cs λόγος@ngmpc ὁ@dgmp καλός@b καί@cs τεχνικός@b ἔχω@vppagmp οὐ@b μέτειμι1@vppaans ὁ@ddmp φαῦλος@andmp- ἀλλά@cs ψυχή@ngfsc εὖ@b φρονέω@vppagfs ἔργον@nansc εἰμί@vppaamp"
"Panegyr._49","καί@cs ὁ@damp τε@cs σοφός@anamp- καί@cs ὁ@damp ἀμαθής@anamp- δοκέω@vppaamp εἰμί@vnpa-- οὗτος@b πλεῖστος@ananss ἀλλήλων@rpgmp διαφέρω@vppaamp ἔτι@b δέ@cs ὁ@damp εὐθύς2@b ἐκ@p ἀρχή@ngfsc ἐλεύθερος@b τρέφω@vpreamp ἐκ@p μέν@b ἄνδριος@ngfsc καί@b πλοῦτος@ngmsc καί@cs ὁ@dgnp τοιοῦτος@rpgnp ἀγαθός@angnp- οὐ@b γιγνώσκω@vppeamp ἐκ@p δέ@cs ὁ@dgnp λέγω3@vppegnp μάλιστα@b καταφανής@anamp- γίγνομαι@vppeamp καί@cs οὗτος@rpans σύμβολον@nansc ὁ@dgfs παίδευσις@ngfsc ἐγώ@rpgcp ἕκαστος@angms- πιστός2@anamss ἀποδείκνυμι@vpreams καί@cs ὁ@damp λόγος@ndmsc καλός@b χράομαι@vppeamp οὐ@b μόνος@b ἐν@p ὁ@ddfp ἑαυτοῦ@rpgmp δύναμαι@vppeamp ἀλλά@cs καί@b παρά@p ὁ@ddmp ἄλλος@rpdmp ἔντιμος@anamp- εἰμί@vppaamp"
"Panegyr._50","τοσοῦτος@anans- δέ@b ἀπολείπω@vira3s ὁ@dnfs πόλις@nafpc ἐγώ@rpgmp περί@p ὁ@dans φρονέω@vnpa-- καί@cs λέγω3@vnpa-- ὁ@damp ἄλλος@anamp- ἄνθρωπος@nampc ὥστε@cs ὁ@dnmp οὗτος@rpgfs μαθητής@nnfpc ὁ@dgnp ἄλλος@rpgnp διδάσκαλος@nnmpc γίγνομαι@vira3p καί@b ὁ@dans ὁ@dgmp ἕλλην@ngmpp ὄνομα@nnnsc ποιέω@vira3s μηκέτι@b ὁ@dgns γένος@ngnsc ἀλλά@cs ὁ@dgfs διάνοια@ngfsc δοκέω@vnpa-- εἰμί@vnpa-- καί@cs μᾶλλον@b ἕλλην@nampp καλέω@vnpe-- ὁ@damp ὁ@dgfs παίδευσις@ngfsc ὁ@dgfs ἡμέτερος@angfs- ἤ1@cs ὁ@damp ὁ@dgfs κοινός@angfs- φύσις@ngfsc μετέχω@vppaamp"
"Panegyr._51","ἵνα@cs δέ@b μή@b δοκέω@vipa1s περί@p ὁ@danp μέρος@nanpc διατρίβω@vnpa-- ὑπέρ@p ὅλος@angnp- ὁ@dgnp πρᾶγμα@ngnpc ὑποτίθημι@vpamnms μη@b δέ@cs ἐκ@p οὗτος@rpgnp ἐγκωμιάζω@vnpa-- ὁ@dafs πόλις@nafsc ἀπορέω@vppanms ὁ@danp πρός@p ὁ@dams πόλεμος@namsc αὐτός@rpafs ἐπαινέω@vnpa-- οὗτος@rpnnp μέν@b ἐρῶ@vmre3s ἐγώ@rpdms πρός@p ὁ@damp ἐπί@p ὁ@ddnp τοιοῦτος@rpdnp φιλοτιμέομαι@vppeamp ἡγέομαι@vipm1s δέ@cs ὁ@ddmp πρόγονος@ndmpc ἐγώ@rpgmp οὐ@b ἥσσων@anansc ἐκ@p ὁ@dgmp κίνδυνος@ngmpc τιμάω@vnpe-- προσήκω@vnpa-- ἤ1@cs ὁ@dgfp ἄλλος@angfp- εὐεργεσία@ngfpc"
"Panegyr._52","οὐ@b γάρ@b μικρός@anamp- οὐ@b δέ@b ὀλίγος@anamp- οὐ@b δέ@cs ἀφανής@anamp- ἀγών@nampc ὑπομένω@viaa3p ἀλλά@cs πολύς@anamp- καί@b δεινός@anamp- καί@cs μέγας@anamp- ὁ@damp μέν@b ὑπέρ@p ὁ@dgfs ἑαυτοῦ@rpgmp χώρα@ngfsc ὁ@damp δέ@cs ὑπέρ@p ὁ@dgfs ὁ@dgmp ἄλλος@rpgmp ἐλευθερία@ngfsc ἅπας@anams- γάρ@b ὁ@dams χρόνος@namsc διατελέω@viaa3p κοινός@anafs- πόλις@nafsc παρέχω@vppanmp καί@cs ὁ@ddmp ἀδικέω@vppedmp ἀεί@b ὁ@dgmp ἕλλην@ngmpp ἐπαμύνω@vppaafs"
"Panegyr._53","διό@b δή@b καί@b κατηγορέω@vipa3p τις@rpnmp ἐγώ@rpgmp ὡς@b οὐ@b ὀρθός@b βουλεύω@vppegmp ὅτι@cs ὁ@damp ἀσθενής@anampc ἐθίζω@vire1p θεραπεύω@vnpa-- ὥσπερ@cs οὐ@b μετά@p ὁ@dgmp ἐπαινέω@vnpa-- βούλομαι@vppegmp ἐγώ@rpamp ὁ@damp λόγος@nampc εἰμί@vppaamp ὁ@damp τοιοῦτος@anamp- οὐ@b γάρ@b ἀγνοέω@vppanmp ὅσος@anans- διαφέρω@vipa3p ὁ@dnfp μέγας@annfpc ὁ@dgfp συμμαχία@ngfpc πρός@p ὁ@dafs ἀσφάλεια@nafsc οὕτως@b βουλεύω@viie1p περί@p αὐτός@rpgfp ἀλλά@cs πολύς@anans- ὁ@dgnp ἄλλος@rpgnp ἀκριβής@anansc οἶδα@vpranmp ὁ@danp συμβαίνω@vppaanp ἐκ@p ὁ@dgnp τοιοῦτος@rpgnp ὅμως@b αἱρέω@viie1p ὁ@ddmp ἀσθενής@andmpc καί@b παρά@p ὁ@dans συμφέρω@vppaans βοηθέω@vnpa-- μᾶλλον@b ἤ1@cs ὁ@ddmp κρείσσων@andmpc ὁ@dgns λυσιτελέω@vppagns ἕνεκα@p συναδικέω@vnpa--"
"Panegyr._54","γιγνώσκω@voaa3s δέ@b ἄν@b τις@rpnms καί@b ὁ@dams τρόπος@namsc καί@cs ὁ@dafs ῥώμη@nafsc ὁ@dafs ὁ@dgfs πόλις@ngfsc ἐκ@p ὁ@dgfp ἱκεσία@ngfpc ὅς@rpafp ἤδη@b τις@rpnmp ἐγώ@rpdmp ποιέω@viam3p ὁ@dafp μέν@b οὖν@b ἤ1@cs νεωστί@b γίγνομαι@vpreafp ἤ1@cs περί@p μικρός@angnp- ἔρχομαι@vppaafp παραλείπω@vifa1s πολύς@anans- δέ@b πρό@p ὁ@dgnp τρωικός@ngmpp ἐκεῖθεν@b γάρ@b δίκαιος@annns- ὁ@dafp πίστις@nafpc λαμβάνω@vnpa-- ὁ@damp ὑπέρ@p ὁ@dgnp πάτριος@angnp- ἀμφισβητέω@vppaamp ἔρχομαι@viaa3p ὅς@dnmp τε@b ἡρακλῆς@ngmsp παῖς@nnmpc καί@cs μικρός@anans- πρό@p οὗτος@rpgmp ἄδραστος@nnmsp ὁ@dnms τάλας@ngmsp βασιλεύς@nnmsc εἰμί@vppanms ἄργος@ngnsp"
"Panegyr._55","οὗτος@rpnms μέν@b ἐκ@p ὁ@dgfs στρατεία@ngfsc ὁ@dgfs ἐπί@p θῆβαι@nafpp δυστυχέω@vpranms καί@cs ὁ@damp ὑπό@p ὁ@ddfs καδμεῖος@ndfsp τελευτάω@vpaaamp αὐτός@rpnms μέν@b οὐ@b δύναμαι@vppenms ἀναιρέω@vnam-- ὁ@dafs δέ@cs πόλις@nafsc ἀξιόω@vppanms βοηθέω@vnpa-- ὁ@ddfp κοινός@andfp- τύχη@ndfpc καί@cs μή@b περιοράω@vnpa-- ὁ@damp ἐν@p ὁ@ddmp πόλεμος@ndmpc ἀποθνήσκω@vppaamp ἄ ταφος@nampc γίγνομαι@vppeamp μη@b δέ@cs παλαιός@anans- ἔθος@nansc καί@cs πάτριος@anams- νόμος@namsc καταλύω@vppeans"
"Panegyr._56","ὁ@dnmp δέ@cs ἡρακλῆς@ngmsp παῖς@nnmpc φεύγω@vppanmp ὁ@dafs εὐρυσθεύς@ngmsp ἔχθρα@nafsc καί@cs ὁ@dafp μέν@b ἄλλος@anafp- πόλις@nafpc ὑπεροράω@vppanmp ὡς@b οὐ@b ἄν@b δύναμαι@vpreafp βοηθέω@vnaa-- ὁ@ddfp ἑαυτοῦ@rpgmp συμφορά@ndfpc ὁ@dafs δέ@cs ἡμέτερος@anafs- ἱκανός@anafs- νομίζω@vppanmp εἰμί@vnpa-- μόνος@anafs- ἀποδίδωμι@vnaa-- χάρις@nafsc ὑπέρ@p ὅς@rpgnp ὁ@dnms πατήρ@nnmsc αὐτός@rpgmp ἅπας@anamp- ἄνθρωπος@nampc εὐεργετέω@viaa3s"
"Panegyr._57","ἐκ@p δή@b οὗτος@rpgnp ῥᾴδιος@annnsc κατεῖδον@vnaa-- ὅτι@cs καί@b κατά@p ἐκεῖνος@anams- ὁ@dams χρόνος@namsc ὁ@dnfs πόλις@nnfsc ἐγώ@rpgmp ἡγεμονικῶς@b ἔχω@viia3s τις@rpnms γάρ@b ἄν@b ἱκετεύω@vnpa-- τολμάω@voaa3s ἤ1@cs ὁ@damp ἥσσων@anampc ἑαυτοῦ@rpgms ἤ1@cs ὁ@damp ὑπό@p ἕτερος@andmp- εἰμί@vppaamp παραλείπω@vpaanms ὁ@damp μέγας@anafsc δύναμις@nafsc ἔχω@vppaamp ἄλλως@b τε@b καί@cs περί@p πρᾶγμα@ngnpc οὐ@b ἴδιος@angnp- ἀλλά@cs κοινός@angnp- καί@cs περί@p ὅς@rpgnp οὐδείς@anamp- ἄλλος@anamp- ἔοικα@vpranns εἰμί@viia3s ἐπιμελέομαι@vnap-- πλήν@p ὁ@damp προίστημι@vnra-- ὁ@dgmp ἕλλην@ngmpp ἀξιόω@vppaamp"
"Panegyr._58","ἔπειτα@b οὐ@b δέ@b ψεύδω@vpapnmp φαίνω@vipe3p ὁ@dgfp ἐλπίς@ngfpc διά@p ὅς@rpafp καταφεύγω@viaa3p ἐπί@p ὁ@damp πρόγονος@anamp- ἐγώ@rpgmp ἀναιρέω@vpamnmp γάρ@b πόλεμος@namsc ὑπέρ@p μέν@b ὁ@dgmp τελευτάω@vpaagmp πρός@p θηβαῖος@nampp ὑπέρ@p δέ@cs ὁ@dgmp παῖς@ngmpc ὁ@dgmp ἡρακλῆς@ngmsp πρός@p ὁ@dafs εὐρυσθεύς@ngmsp δύναμις@nafsc ὁ@damp μέν@b ἐπιστρατεύω@vpaanmp ἀναγκάζω@viaa3p ἀποδίδωμι@vnaa-- θάπτω@vnaa-- ὁ@damp νεκρός@anamp- ὁ@ddmp προσήκω@vppadmp πελοποννήσιοι@ngmpp δέ@cs ὁ@damp μετά@p εὐρυσθεύς@ngmsp εἰς@p ὁ@dafs χώρα@nafsc ἐγώ@rpgmp εἰσβάλλω@vpaaamp ἐπεξέρχομαι@vpaanmp νικάω@viaa3p μάχομαι@vppenmp καί@cs ἐκεῖνος@rpams ὁ@dgfs ὕβρις@ngfsc παύω@viaa3p"
"Panegyr._59","θαυμάζω@vppenmp δέ@b καί@b διά@p ὁ@dafp ἄλλος@anafp- πρᾶξις@nafpc ἐκ@p οὗτος@angnp- ὁ@dgnp ἔργον@ngnpc ἔτι@b μᾶλλον@b εὐδοκιμέω@viaa3p οὐ@b γάρ@b παρά@p μικρός@anans- ποιέω@viaa3p ἀλλά@cs τοσοῦτος@rpans ὁ@dafp τύχη@nafpc ἑκάτερος@angnp- μεταλλάσσω@viaa3p ὥστε@cs ὁ@dnms μέν@b ἱκετεύω@vnpa-- ἐγώ@rpamp ἀξιόω@vpaanms βία@ndfsc ὁ@dgmp ἐχθρός@ngmpc ἅπας@ananp- ὅσος@angnp- δέω2@viap3s διαπράσσω@vpamnms ἀπέρχομαι@viaa3s εὐρυσθεύς@nnmsp δέ@cs βιάζω@vnam-- προσδοκάω@vpaanms αὐτός@annms- αἰχμάλωτος@annms- γίγνομαι@vpamnms ἱκέτης@nnmsc ἀναγκάζω@viap3s καθίστημι@vnaa--"
"Panegyr._60","καί@cs ὁ@ddms μέν@b ὑπερβάλλω@vpaadms ὁ@dafs ἀνθρώπινος@anafs- φύσις@nafsc ὅς@rpnms ἐκ@p ζεύς@ngmsp μέν@b γίγνομαι@vpranms ἔτι@b δέ@b θνητός@annms- εἰμί@vppanms θεός@ngmsc ῥώμη@nafsc ἔχω@viaa3s οὗτος@rpdms μέν@b ἐπιτάσσω@vppanms καί@cs λυμαίνομαι@vppenms ἅπας@anams- ὁ@dams χρόνος@namsc διατελέω@viaa3s ἐπεί@cs δέ@cs εἰς@p ἐγώ@rpamp ἐξαμαρτάνω@viaa3s εἰς@p τοσοῦτος@anafs- καθίστημι@viaa3s μεταβολή@nafsc ὥστε@cs ἐπί@p ὁ@ddmp παῖς@ndmpc ὁ@ddmp ἐκεῖνος@rpgms γίγνομαι@vpamnms ἐπονείδιστος@b ὁ@dams βίος@namsc τελευτάω@viaa3s"
"Panegyr._61","πολύς@angfp- δέ@b ὑπάρχω@vppagfp ἐγώ@rpdmp εὐεργεσία@ngfpc εἰς@p ὁ@dafs πόλις@nafsc ὁ@dafs λακεδαιμόνιος@ngmpp περί@p οὗτος@rpgfs μόνος@angfs- ἐγώ@rpdms συμβαίνω@vira3s εἶπον@vnaa-- ἀφορμή@nafsc γάρ@b λαμβάνω@vpaanmp ὁ@dafs διά@p ἐγώ@rpgmp αὐτός@rpdmp γίγνομαι@vpamafs σωτηρία@nafsc ὁ@dnmp πρόγονος@nnmpc μέν@b ὁ@dgmp νῦν@b ἐν@p λακεδαίμων@ndfsp βασιλεύω@vppagmp ἔκγονος@annmp- δέ@cs ἡρακλῆς@ngmsp κατέρχομαι@viaa3p μέν@b εἰς@p πελοπόννησος@nafsp κατέχω@viaa3p δέ@b ἄργος@nansp καί@b λακεδαίμων@nafsp καί@cs μεσσήνη@nafsp οἰκιστής@nnmpc δέ@cs σπάρτη@ngfsp γίγνομαι@viam3p καί@cs ὁ@dgnp πάρειμι1@vppagnp ἀγαθός@angnp- αὐτός@rpdmp ἅπας@angnp- ἀρχηγός@annmp- καθίστημι@viaa3p"
"Panegyr._62","ὅς@rpgnp χρή@viia3s ἐκεῖνος@rpamp μιμνήσκω@vpreamp μηδέποτε@b εἰς@p ὁ@dafs χώρα@nafsc οὗτος@anafs- εἰσβάλλω@vnaa-- ἐκ@p ὅς@rpgfs ὁρμέω@vpapnmp τοσοῦτος@anafs- εὐδαιμονία@nafsc κατακτάομαι@viam3p μη@b δέ@b εἰς@p κίνδυνος@nampc καθίστημι@vnpa-- ὁ@dafs πόλις@nafsc ὁ@dafs ὑπέρ@p ὁ@dgmp παῖς@ngmpc ὁ@dgmp ἡρακλῆς@ngmsp προκινδυνεύω@vpaaafs μη@b δέ@cs ὁ@ddmp μέν@b ἀπό@p ἐκεῖνος@rpgms γίγνομαι@vpradmp δίδωμι@vnpa-- ὁ@dafs βασιλεία@nafsc ὁ@dafs δέ@cs ὁ@ddns γένος@ndnsc ὁ@dgfs σωτηρία@ngfsc αἰτία@nafsc εἰμί@vppaafs δουλεύω@vnpa-- ἑαυτοῦ@rpdmp ἀξιόω@vnpa--"
"Panegyr._63","εἰ@cs δέ@b δεῖ@viia3s ὁ@dafp χάρις@nafpc καί@cs ὁ@dafp ἐπιείκεια@nafpc ἀναιρέω@vpaaamp ἐπί@p ὁ@dafs ὑπόθεσις@nafsc πάλιν@b ἐπανέρχομαι@vnaa-- καί@cs ὁ@dams ἀκριβής@anamss ὁ@dgmp λόγος@ngmpc εἶπον@vnaa-- οὐ@b δή@b πού@b πάτριος@annns- εἰμί@vipa3s ἡγέομαι@vnpm-- ὁ@damp ἔπηλυς@nampc ὁ@dgmp αὐτοχθόνιος@angmp- οὐ@b δέ@cs ὁ@damp εὖ@b πάσχω@vpaaamp ὁ@dgmp εὖ@b ποιέω@vpaagmp οὐ@b δέ@cs ὁ@damp ἱκέτης@nampc γίγνομαι@vpamamp ὁ@dgmp ὑποδέχομαι@vpamgmp"
"Panegyr._64","ἔτι@b δέ@b σύντομος@anansc ἔχω@vipa1s δηλόω@vnaa-- περί@p αὐτός@rpgmp ὁ@dgfp μέν@b γάρ@b ἑλλήνιος@angfp- πόλις@ngfpc χωρίς@p ὁ@dgfs ἡμέτερος@angfs- ἄργος@nnnsp καί@b θῆβαι@nnfpp καί@cs λακεδαίμων@nnmsp καί@b τότε@b εἰμί@viia3p μέγας@annfps καί@cs νῦν@b ἔτι@b διατελέω@vipa3p φαίνω@vipe3p δέ@b ἐγώ@rpgmp ὁ@dnmp πρόγονος@nnmpc τοσοῦτος@rpans ἅπας@angnp- διαφέρω@vpaanmp ὥστε@cs ὑπέρ@p μέν@b ἀργεῖος@ngmpp δυστυχέω@vpaagmp θηβαῖος@ndmpp ὅτε@cs μέγας@ananss φρονέω@viaa3p ἐπιτάσσω@vppanmp"
"Panegyr._65","ὑπέρ@p δέ@b ὁ@dgmp παῖς@ngmpc ὁ@dgmp ἡρακλῆς@ngmsp ἀργεῖος@nampp καί@cs ὁ@damp ἄλλος@anamp- πελοποννήσιοι@nampp μάχη@ndfsc κρατέω@vpaanmp ἐκ@p δέ@cs ὁ@dgmp πρός@p εὐρυσθεύς@namsp κίνδυνος@ngmpc ὁ@damp οἰκιστής@nampc καί@cs ὁ@damp ἡγεμών@nampc ὁ@damp λακεδαιμόνιος@ngmpp διασῴζω@vpaanmp ὥστε@b περί@p μέν@b ὁ@dgfs ἐν@p ὁ@ddmp ἕλλην@ndmpp δυναστεία@ngfsc οὐ@b οἶδα@vira1s ὅπως@b ἄν@b τις@rpnms σαφής@anansc ἐπιδείκνυμι@vnaa-- δύναμαι@voap3s"
"Panegyr._66","δοκέω@vipa3s δέ@b ἐγώ@rpdms καί@b περί@p ὁ@dgnp πρός@p ὁ@damp βάρβαρος@nampc ὁ@ddfs πόλις@ndfsc πράσσω@vpregnp προσήκω@vnpa-- εἶπον@vnaa-- ἄλλως@b τε@b ἐπεί@cs καί@b ὁ@dams λόγος@namsc καθίστημι@viam1s περί@p ὁ@dgfs ἡγεμονία@ngfsc ὁ@dgfs ἐπί@p ἐκεῖνος@rpamp ἅπας@anamp- μέν@b οὖν@b ἐξαριθμέω@vppanms ὁ@damp κίνδυνος@nampc λίαν@b ἄν@b μακρολογέω@vopa1s ἐπί@p δέ@b ὁ@dgnp μέγας@angnps ὁ@dams αὐτός@anams- τρόπος@namsc ὅς@rpams πέρ@b ὀλίγος@andns- πρότερος@anans- πειράω@vifm1s καί@b περί@p οὗτος@rpgmp διέρχομαι@vnaa--"
"Panegyr._67","εἰμί@vipa3s γάρ@b ἀρχικός@annnps μέν@b ὁ@dgmp γένος@ngmpc καί@cs μέγας@anafps δυναστεία@nafpc ἔχω@vppannp σκύθης@nnmpp καί@b θρᾷξ@nnmpp καί@cs πέρσης@nnmpp τυγχάνω@vipa3p δέ@cs οὗτος@rpnmp μέν@b ἅπας@annmp- ἐγώ@rpdmp ἐπιβουλεύω@vpaanmp ὁ@dnfs δέ@cs πόλις@nnfsc πρός@p ἅπας@anamp- οὗτος@rpamp διακινδυνεύω@vpaanfs καίτοι@b τίς@rpnns λοιπός@annns- εἰμί@vifm3s ὁ@ddmp ἀντιλέγω@vppadmp ἐάν@cs ἐπιδείκνυμι@vsap3p ὁ@dgmp μέν@b ἕλλην@ngmpp ὁ@dnmp μή@b δύναμαι@vppenmp τυγχάνω@vnpa-- ὁ@dgnp δίκαιος@angnp- ἐγώ@rpamp ἱκετεύω@vnpa-- ἀξιόω@vppanmp ὁ@dgmp δέ@cs βάρβαρος@ngmpc ὁ@dnmp βούλομαι@vppenmp καταδουλόω@vnam-- ὁ@damp ἕλλην@nampp ἐπί@p ἐγώ@rpamp πρῶτος@anamp- εἶμι@vppanmp"
"Panegyr._68","ἐπιφανής@annmss μέν@b οὖν@b ὁ@dgmp πόλεμος@ngmpc ὁ@dnms περσικός@annms- γίγνομαι@vira3s οὐ@b μήν@b ἐλάσσων@annnpc τεκμήριον@nnnpc ὁ@dnnp παλαιός@annnp- ὁ@dgnp ἔργον@ngnpc εἰμί@vipa3s ὁ@ddmp περί@p ὁ@dgnp πάτριος@angnp- ἀμφισβητέω@vppadmp ἔτι@b γάρ@b ταπεινός@angfs- εἰμί@vppagfs ὁ@dgfs ἑλλάς@ngfsp ἔρχομαι@viaa3p εἰς@p ὁ@dafs χώρα@nafsc ἐγώ@rpgmp θρᾷξ@nnmpp μέν@b μετά@p εὔμολπος@ngmsp ὁ@dgms ποσειδῶν@ngmsp σκύθης@nnmpp δέ@cs μετά@p ἀμαζών@ngfpp ὁ@dgfp ἄρης@ngmsp θυγάτηρ@ngfpc οὐ@b κατά@p ὁ@dams αὐτός@anams- χρόνος@namsc ἀλλά@cs κατά@p ὅς@rpams ἑκάτερος@annmp- ὁ@dgfs εὐρώπη@ngfsp ἐπάρχω@viia3p μισέω@vppanmp μέν@b ἅπας@anans- ὁ@dans ὁ@dgmp ἕλλην@ngmpp γένος@nansc ἴδιος@andfs- δέ@cs πρός@p ἐγώ@rpamp ἔγκλημα@nanpc ποιέω@vpamnmp νομίζω@vppanmp ἐκ@p οὗτος@angms- ὁ@dgms τρόπος@ngmsc πρός@p εἷς@anafs- μέν@b πόλις@nafsc κινδυνεύω@vnfa--"
"Panegyr._69","ἅπας@angfp- δέ@cs ἅμα@b κρατέω@vnfa-- οὐ@b μήν@b κατορθόω@viaa3p ἀλλά@cs πρός@p μόνος@anamp- ὁ@damp πρόγονος@nampc ὁ@damp ἡμέτερος@anamp- συμβάλλω@vpaanmp ὅμοιος@b διαφθείρω@viap3p ὥσπερ@cs ἄν@b εἰ@cs πρός@p ἅπας@anamp- ἄνθρωπος@nampc πολεμέω@viaa3p δῆλος@annns- δέ@b ὁ@dnns μέγεθος@nnnsc ὁ@dgnp κακός@angnp- ὁ@dgnp γίγνομαι@vpamgnp ἐκεῖνος@rpdmp οὐ@b γάρ@b ἄν@b ποτέ@b ὁ@dnmp λόγος@nnmpc περί@p αὐτός@rpgmp τοσοῦτος@anams- χρόνος@namsc διαμένω@viaa3p εἰ@cs μή@b καί@b ὁ@dnnp πράσσω@vpapnnp πολύς@anans- ὁ@dgnp ἄλλος@rpgnp διαφέρω@viaa3s"
"Panegyr._70","λέγω3@vipe3s δέ@b οὖν@b περί@p μέν@b ἀμαζών@ngfpp ὡς@cs ὁ@dgfp μέν@b ἔρχομαι@vpaagfp οὐδείς@rpnfs πάλιν@b ἀπέρχομαι@viaa3s ὁ@dnfp δέ@b ὑπολείπω@vpapnfp διά@p ὁ@dafs ἐνθάδε@b συμφορά@nafsc ἐκ@p ὁ@dgfs ἀρχή@ngfsc ἐκβάλλω@viap3p περί@p δέ@cs θρᾷξ@ngmpp ὅτι@cs ὁ@dams ἄλλος@anams- χρόνος@namsc ὅμορος@annmp- προσοικέω@vppanmp ἐγώ@rpdmp διά@p ὁ@dafs τότε@b γίγνομαι@vpamafs στρατεία@nafsc τοσοῦτος@anans- διαλείπω@viaa3p ὥστε@cs ἐν@p ὁ@ddns μεταξύ@p ὁ@dgfs χώρα@ngfsc ἔθνος@nanpc πολύς@ananp- καί@b γένος@nanpc παντοδαπός@ananp- καί@cs πόλις@nafpc μέγας@anafp- κατοικίζω@vnap--"
"Panegyr._71","καλός@annnp- μέν@b οὖν@b καί@b οὗτος@rpnnp καί@cs πρέπω@vppaanp ὁ@ddmp περί@p ὁ@dgfs ἡγεμονία@ngfsc ἀμφισβητέω@vppadmp ἀδελφός@nanpc δέ@x ὁ@dgnp ἐρῶ@vpregnp καί@cs τοιοῦτος@ananp- οἷος@annnp- πέρ@x ἔοικα@vpranns ὁ@rpamp ἐκ@p τοιοῦτος@rpgnp γίγνομαι@vpraamp ὁ@dnmp πρός@p δαρεῖος@namsp καί@cs ξέρξης@namsp πολεμέω@vpaanmp πράσσω@viaa3p μέγας@angmss γάρ@b πόλεμος@ngmsc συνίστημι@vpaagms ἐκεῖνος@rpgms καί@b πλεῖστος@angmp- κίνδυνος@ngmpc εἰς@p ὁ@dams αὐτός@anams- χρόνος@namsc συμπίτνω@vpaagmp καί@cs ὁ@dgmp μέν@b πολέμιος@ngmpc ἀνυπόστατος@angmp- οἴομαι@vppegmp εἰμί@vnpa-- διά@p ὁ@dans πλῆθος@nansc ὁ@dgmp δέ@cs σύμμαχος@ngmpc ἀνυπέρβλητος@anafs- ἡγέομαι@vppmgmp ἔχω@vnpa-- ὁ@dafs ἀρετή@nafsc"
"Panegyr._72","ἀμφότερος@angmp- κρατέω@vpaanmp ὡς@b ἑκάτερος@angmp- προσήκω@viia3s καί@cs πρός@p ἅπας@anamp- ὁ@damp κίνδυνος@nampc διαφέρω@vpaanmp εὐθύς2@b μέν@b ὁ@dgnp ἀριστεῖα@ngnpc ἀξιόω@viap3p οὐ@b πολύς@ananp- δέ@cs ὕστερος@anans- ὁ@dafs ἀρχή@nafsc ὁ@dgfs θάλασσα@ngfsc λαμβάνω@viaa3p δίδωμι@vpaagmp μέν@b ὁ@dgmp ἄλλος@angmp- ἕλλην@ngmpp οὐ@b ἀμφισβητέω@vppagmp δέ@cs ὁ@dgmp νῦν@b ἐγώ@rpamp ἀφαιρέω@vnpe-- ζητέω@vppagmp"
"Panegyr._73","καί@b μηδείς@rpnms οἴομαι@vmpm3s ἐγώ@rpams ἀγνοέω@vnpa-- ὅτι@cs καί@b λακεδαιμόνιος@nnmpp περί@p ὁ@damp καιρός@nampc οὗτος@anamp- πολύς@angnp- ἀγαθός@angnp- αἴτιος@annmp- ὁ@ddmp ἕλλην@ndmpp καθίστημι@viaa3p ἀλλά@b διά@p οὗτος@rpans καί@b μᾶλλον@b ἐπαινέω@vnpa-- ἔχω@vipa1s ὁ@dafs πόλις@nafsc ὅτι@cs τοιοῦτος@angmp- ἀνταγωνιστής@ngmpc τυγχάνω@vpaanfs τοσοῦτος@rpans αὐτός@rpgmp διαφέρω@viaa3s βούλομαι@vipe1s δέ@b ὀλίγος@andns- μακρός@ananpc περί@p ὁ@dgnd πολύς@andnp- εἶπον@vnaa-- καί@cs μή@b ταχύς@anans- λίαν@b παρατρέχω@vnaa-- ἵνα@cs ἀμφότερος@angnp- ἐγώ@rpdmp ὑπόμνημα@nnnpc γίγνομαι@vsam3s ὁ@dgfs τε@b ὁ@dgmp πρόγονος@ngmpc ἀρετή@ngfsc καί@cs ὁ@dgfs πρός@p ὁ@damp βάρβαρος@anamp- ἔχθρα@ngfsc"
"Panegyr._74","καίτοι@b ἐγώ@rpams οὐ@b λανθάνω@vira3s ὅτι@cs χαλεπός@annns- εἰμί@vipa3s ὕστερος@anans- ἐπέρχομαι@vpaaams λέγω3@vnpa-- περί@p πρᾶγμα@ngnpc πάλαι@b καταλαμβάνω@vpregnp καί@cs περί@p ὅς@rpgnp ὁ@dnmp μάλιστα@b δύναμαι@vpapnmp ὁ@dgmp πολίτης@ngmpc εἶπον@vnaa-- ἐπί@p ὁ@ddmp δημοσίᾳ@b θάπτω@vppedmp πολλάκις@b ἐρῶ@vira3p ἀνάγκη@nnfsc γάρ@b ὁ@danp μέν@b μέγας@ananps αὐτός@rpgnp ἤδη@b καταπλήσσω@vnre-- μικρός@ananp- δέ@cs ἔτι@b παραλείπω@vnre-- ὅμως@b δέ@b ἐκ@p ὁ@dgnp ὑπόλοιπος@angnp- ἐπεί@cs συμφέρω@vipa3s ὁ@ddnp πρᾶγμα@ndnpc οὐ@b ὀκνητέον@annns- μιμνήσκω@vnap-- περί@p αὐτός@rpgnp"
"Panegyr._75","πλεῖστος@angnp- μέν@b οὖν@b ἀγαθός@angnp- αἴτιος@anamp- καί@cs μέγας@angmps ἔπαινος@ngmpc ἄξιος@anamp- ἡγέομαι@vipm1s γίγνομαι@vnre-- ὁ@damp ὁ@ddnp σῶμα@ndnpc ὑπέρ@p ὁ@dgfs ἑλλάς@ngfsp προκινδυνεύω@vpaaamp οὐ@b μήν@b οὐ@b δέ@cs ὁ@dgmp πρό@p ὁ@dgms πόλεμος@ngmsc οὗτος@angms- γίγνομαι@vpamgmp καί@cs δυναστεύω@vpaagmp ἐν@p ἑκάτερος@andfs- ὁ@ddfd πολύς@angmd- δίκαιος@annns- ἀμνημονέω@vnpa-- ἐκεῖνος@rpnmp γάρ@b εἰμί@viia3p ὁ@dnmp προασκέω@vpaanmp ὁ@damp ἐπιγίγνομαι@vppeamp καί@b ὁ@danp πλῆθος@nanpc προσρέπω@vpaanmp ἐπί@p ἀρετή@nafsc καί@cs χαλεπός@anamp- ἀνταγωνιστής@nampc ὁ@ddmp βάρβαρος@ndmpc ποιέω@vpaanmp"
"Panegyr._76","οὐ@b γάρ@b ὀλιγωρέω@viia3p ὁ@dgnp κοινός@angnp- οὐ@b δέ@cs ἀπολαύω@viia3p μέν@b ὡς@cs ἴδιος@angnp- ἀμελέω@viia3p δέ@cs ὡς@b ἀλλότριος@angmp- ἀλλά@cs κλαίω@viie3p μέν@b ὡς@b οἰκεῖος@angmp- ἀπέχω@viie3p δέ@cs ὥσπερ@cs χρή@vipa3s ὁ@dgnp μηδείς@rpans προσήκω@vppagnp οὐ@b δέ@b πρός@p ἀργύριον@nansc ὁ@dafs εὐδαιμονία@nafsc κρίνω@viia3p ἀλλά@cs οὗτος@rpnms δοκέω@viia3s πλοῦτος1@namsc ἀσφαλής@anamss κτάομαι@vnre-- καί@cs καλός@anamss ὅστις@rpnms τοιοῦτος@rpanp τυγχάνω@vopa3s πράσσω@vppanms ἐκ@p ὅς@rpgnp αὐτός@rpnms τε@b μέλλω@vopa3s μάλιστα@b εὐδοκιμέω@vnfa-- καί@cs ὁ@ddmp παῖς@ndmpc μέγας@anafss δόξα@nafsc καταλείπω@vnfa--"
"Panegyr._77","οὐ@b δέ@b ὁ@dafp θρασύτης@nafpc ὁ@dafp ἀλλήλων@rpgmp ζηλόω@viia3p οὐ@b δέ@cs ὁ@dafp τόλμα@nafpc ὁ@dafp ἑαυτοῦ@rpgmp ἀσκέω@viia3p ἀλλά@cs δεινός@anansc μέν@b νομίζω@viia3p εἰμί@vnpa-- κακός@b ὑπό@p ὁ@dgmp πολίτης@ngmpc ἀκούω@vnpa-- ἤ1@cs καλός@b ὑπέρ@p ὁ@dgfs πόλις@ngfsc ἀποθνήσκω@vnpa-- μᾶλλον@b δέ@cs αἰσχύνω@viie3p ἐπί@p ὁ@ddnp κοινός@andnp- ἁμάρτημα@ndnpc ἤ1@cs νῦν@b ἐπί@p ὁ@ddnp ἴδιος@andnp- ὁ@ddnp σφέτερος@andnp- αὐτός@rpgmp"
"Panegyr._78","οὗτος@rpgnp δέ@b εἰμί@viia3s αἴτιος@annns- ὅτι@cs ὁ@damp νόμος@nampc σκοπέω@viia3p ὅπως@cs ἀκριβής@b καί@cs καλός@b ἔχω@vsaa3p οὐ@b οὕτως@b ὁ@damp περί@p ὁ@dgnp ἴδιος@angnp- συμβόλαιον@ngnpc ὡς@cs ὁ@damp περί@p ὁ@dgnp κατά@p ἕκαστος@anafs- ὁ@dafs ἡμέρα@nafsc ἐπιτήδευμα@ngnpc ἐπίσταμαι@viie3p γάρ@b ὅτι@cs ὁ@ddmp καλός@andmp- καί@cs ἀγαθός@andmp- ὁ@dgmp ἄνθρωπος@ngmpc οὐδείς@rpans δέω2@vifa3s πολύς@angnp- γράμμα@ngnpc ἀλλά@cs ἀπό@p ὀλίγος@angnp- σύνθημα@ngnpc ῥᾴδιος@b καί@b περί@p ὁ@dgnp ἴδιος@angnp- καί@cs περί@p ὁ@dgnp κοινός@angnp- ὁμονοέω@vifa3p"
"Panegyr._79","οὕτως@b δέ@b πολιτικός@b ἔχω@viia3p ὥστε@cs καί@b ὁ@dafp στάσις@nafpc ποιέω@viie3p πρός@p ἀλλήλων@rpamp οὐ@b ὁπότερος@annmp- ὁ@damp ἕτερος@anamp- ἀπόλλυμι@vpaanmp ὁ@dgmp λοιπός@angmp- ἄρχω@vifa3p ἀλλά@cs ὁπότερος@annmp- φθέω@vifm3p ὁ@dafs πόλις@nafsc ἀγαθός@anans- τις@rpans ποιέω@vpaanmp καί@b ὁ@dafp ἑταιρεία@nafpc συνάγω@viia3p οὐ@b ὑπέρ@p ὁ@dgnp συμφέρω@vppagnp ἀλλά@cs ἐπί@p ὁ@ddfs ὁ@dgns πλῆθος@ngnsc ὠφέλεια@ndfsc"
"Panegyr._80","ὁ@dams αὐτός@anams- δέ@b τρόπος@namsc καί@b ὁ@danp ὁ@dgmp ἄλλος@rpgmp διοικέω@viia3p θεραπεύω@vppanmp ἀλλά@cs οὐ@b ὑβρίζω@vppanmp ὁ@damp ἕλλην@nampp καί@b στρατηγέω@vnpa-- οἴομαι@vppenmp δεῖ@vnpa-- ἀλλά@cs μή@b τυραννεύω@vnpa-- αὐτός@rpgmp καί@cs μᾶλλον@b ἐπιθυμέω@vppanmp ἡγεμών@nnmpc ἤ1@cs δεσπότης@nnmpc προσαγορεύω@vnpe-- καί@cs σωτήρ@nnmpc ἀλλά@cs μή@b λυμεών@nnmpc ἀποκαλέω@vnpe-- ὁ@ddns ποιέω@vnpa-- εὖ@b προσάγω@vppenmp ὁ@dafp πόλις@nafpc ἀλλά@cs οὐ@b βία@ndfsc καταστρέφω@vppenmp"
"Panegyr._81","πιστός2@andmp- μέν@b ὁ@ddmp λόγος@ndmpc ἤ1@cs νῦν@b ὁ@ddmp ὅρκος@ndmpc χράομαι@vppenmp ὁ@ddfp δέ@cs συνθήκη@ndfpc ὥσπερ@cs ἀνάγκη@ndfpc ἐμμένω@vnpa-- ἀξιόω@vppanmp οὐ@b οὕτως@b ἐπί@p ὁ@ddfp δυναστεία@ndfpc μέγας@anans- φρονέω@vppanmp ὡς@cs ἐπί@p ὁ@ddns σώφρων@b ζάω@vnpa-- φιλοτιμέομαι@vppenmp ὁ@dafs αὐτός@anafs- ἀξιόω@vppanmp γνώμη@nafsc ἔχω@vnpa-- πρός@p ὁ@damp ἥσσων@nampc ὅς@anafs- ὁ@damp κρείσσων@anamp- πρός@p σφεῖς@rpamp αὐτός@anamp- ἴδιος@ananp- μέν@b ἄστη@ananp- ὁ@dafp ἑαυτοῦ@rpgmp πόλις@nafpc ἡγέομαι@vppmnmp κοινός@anafs- δέ@cs πατρίς@nafsc ὁ@dafs ἑλλάς@nafsp νομίζω@vppanmp εἰμί@vnpa--"
"Panegyr._82","τοιοῦτος@andfp- διάνοια@ndfpc χράομαι@vppenmp καί@cs ὁ@damp νέος@anampc ἐν@p ὁ@ddnp τοιοῦτος@andnp- ἦθος@ndnpc παιδεύω@vppanmp οὕτως@b ἀνήρ@nampc ἀγαθός@anamp- ἀποδείκνυμι@viaa3p ὁ@damp πολεμέω@vpaaamp πρός@p ὁ@damp ἐκ@p ὁ@dgfs ἀσία@ngfsp ὥστε@cs μηδείς@rpams πώποτε@b δύναμαι@vnap-- περί@p αὐτός@rpgmp μή@b τε@b ὁ@dgmp ποιητής@ngmpc μή@b τε@cs ὁ@dgmp σοφιστής@ngmpc ἄξιος@b ὁ@dgnp ἐκεῖνος@rpdmp πράσσω@vpregmp εἶπον@vnaa-- καί@b πολύς@anafs- αὐτός@rpdnp ἔχω@vipa1s συγγνώμη@nafsc ὅμοιος@b γάρ@b εἰμί@vipa3s χαλεπός@annns- ἐπαινέω@vnpa-- ὁ@damp ὑπερβάλλω@vpraamp ὁ@dafp ὁ@dgmp ἄλλος@rpgmp ἀρετή@nafpc ὥσπερ@cs ὁ@damp μηδείς@rpans ἀγαθός@anans- ποιέω@vpraamp ὁ@rpdmp μέν@x γάρ@x οὐ@b ὕπειμι1@vipa3p πρᾶξις@nnfpc πρός@p δέ@x ὁ@damp οὐ@b εἰμί@vipa3p ἁρμόζω@vppanmp λόγος@nnmpc"
"Panegyr._83","πῶς@b γάρ@b ἄν@b γίγνομαι@voam3p σύμμετρος@annmp- τοιοῦτος@andmp- ἀνήρ@ndmpc ὅς@rpnmp τοσοῦτος@rpans μέν@b ὁ@dgmp ἐπί@p τροία@nafsp στρατεύω@vpamgmp διαφέρω@viaa3p ὅσος@anans- ὁ@dnmp μέν@b περί@p εἷς@anafs- πόλις@nafsc ἔτος@nanpc δέκα@an---- διαέρπω@viaa3p ὁ@dnmp δέ@cs ὁ@dafs ἐκ@p ἅπας@angfs- ὁ@dgfs ἀσία@ngfsp δύναμις@nafsc ἐν@p ὀλίγος@andms- χρόνος@b καταπολεμέω@viaa3p οὐ@b μόνος@anans- δέ@cs ὁ@dafp ἑαυτοῦ@rpgmp πατρίς@nafpc διασῴζω@viaa3p ἀλλά@cs καί@b ὁ@dafs σύμπας@anafs- ἑλλάς@nafsp ἐλευθερόω@viaa3p ποῖος@angmp- δέ@b ἄν@b ἔργον@ngnpc ἤ1@b πόνος@ngmpc ἤ1@cs κίνδυνος@ngmpc ἀφίστημι@viaa3p ὥστε@cs ζάω@vppanmp εὐδοκιμέω@vnpa-- ὅς@dnmp τις@rpnmp ὑπέρ@p ὁ@dgfs δόξα@ngfsc ὅς@rpgfs μέλλω@viia3p τελευτάω@vpaanmp ἔχω@vnfa-- οὕτως@b ἑτοῖμος@b ἐθέλω@viia3p ἀποθνήσκω@vnpa--"
"Panegyr._84","οἴομαι@vipe1s δέ@b καί@cs ὁ@dams πόλεμος@namsc θεός@ngmpc τις@rpacs συνάγω@vnaa-- ἄγαμαι@vpapams ὁ@dafs ἀρετή@nafsc αὐτός@rpgmp ἵνα@cs μή@b τοιοῦτος@rpnmp γίγνομαι@vpamnmp ὁ@dafs φύσις@nafsc διαλανθάνω@voaa3p μη@b δέ@cs ἀκλεῶς@b ὁ@dams βίος@namsc τελευτάω@voaa3p ἀλλά@cs ὁ@dgnp αὐτός@rpgnp ὁ@ddmp ἐκ@p ὁ@dgmp θεός@ngmpc γίγνομαι@vpradmp καί@cs καλέω@vppedmp ἡμίθεος@andmp- ἀξιόω@voap3p καί@b γάρ@b ἐκεῖνος@rpgmp ὁ@danp μέν@b σῶμα@nanpc ὁ@ddfp ὁ@dgfs φύσις@ngfsc ἀνάγκη@ndfpc ἀποδίδωμι@viaa3p ὁ@dgfs δέ@cs ἀρετή@ngfsc ἀθάνατος@anafs- ὁ@dafs μνήμη@nafsc ποιέω@viaa3p"
"Panegyr._85","ἀεί@b μέν@b οὖν@b ὅς@dnmp τε@b ἡμέτερος@annmp- πρόγονος@nnmpc καί@cs λακεδαιμόνιος@nnmpp φιλότιμος@b πρός@p ἀλλήλων@rpamp ἔχω@viia3p οὐ@b μήν@b ἀλλά@cs περί@p καλός@angnps ἐν@p ἐκεῖνος@andmp- ὁ@ddmp χρόνος@ndmpc χειροτονέω@viia3p οὐ@b ἐχθρός@nampc ἀλλά@cs ἀνταγωνιστής@nampc σφεῖς@rpamp αὐτός@anamp- εἰμί@vnpa-- νομίζω@vppanmp οὐ@b δέ@cs ἐπί@p δουλεία@ndfsc ὁ@ddfs ὁ@dgmp ἕλλην@ngmpp ὁ@dams βάρβαρος@anams- θεραπεύω@vppanmp ἀλλά@cs περί@p μέν@b ὁ@dgfs κοινός@angfs- σωτηρία@ngfsc ὁμονοέω@vppanmp ὁπότερος@annmp- δέ@cs οὗτος@rpgfs αἴτιος@annmp- γίγνομαι@vifm3p περί@p οὗτος@rpgns ποιέω@vppenmp ὁ@dafs ἅμιλλα@nafsc ἐπιδείκνυμι@viam3p δέ@b ὁ@dafp ἑαυτοῦ@rpgmp ἀρετή@nafpc πρῶτος@anans- μέν@b ἐν@p ὁ@ddnp ὑπό@p δαρεῖος@ngmsp πέμπω@vpapdmp"
"Panegyr._86","ἀποβαίνω@vpaagmp γάρ@b αὐτός@rpgmp εἰς@p ὁ@dafs ἀττική@nafsp ὁ@dnmp μέν@b οὐ@b περιμένω@viaa3p ὁ@damp σύμμαχος@nampc ἀλλά@cs ὁ@dams κοινός@anams- πόλεμος@namsc ἴδιος@anams- ποιέω@vpamnmp πρός@p ὁ@damp ἅπας@angfs- ὁ@dgfs ἑλλάς@ngfsp καταφρονέω@vpaaamp ἀπαντάω@viia3p ὁ@dafs οἰκεῖος@anafs- δύναμις@nafsc ἔχω@vppanmp ὀλίγος@annmp- πρός@p πολύς@anafp- μυριάς@nafpc ὥσπερ@b ἐν@p ἀλλότριος@andfp- ψυχή@ndfpc μέλλω@vppanmp κινδυνεύω@vnpa-- ὁ@dnmp δέ@cs οὐ@b φθάνω@viaa3p πυνθάνομαι@vpamnmp ὁ@dams περί@p ὁ@dafs ἀττική@nafsp πόλεμος@namsc καί@cs πᾶς@angnp- ὁ@dgnp ἄλλος@rpgnp ἀμελέω@vpaanmp ἥκω@viia3p ἐγώ@rpdmp ἀμύνω@vppanmp τοσοῦτος@anafs- ποιέω@vpamnmp σπουδή@nafsc ὅσος@anafs- πέρ@b ἄν@b ὁ@dgfs ἑαυτοῦ@rpgmp χώρα@ngfsc πορθέω@vppegfs"
"Panegyr._87","σημεῖον@nnnsc δέ@b ὁ@dgns τάχος@ngnsc καί@cs ὁ@dgfs ἅμιλλα@ngfsc ὁ@damp μέν@b γάρ@b ἡμέτερος@anamp- πρόγονος@nampc φημί@vipa3p ὁ@dgfs αὐτός@angfs- ἡμέρα@ngfsc πυνθάνομαι@vnam-- τε@b ὁ@dafs ἀπόβασις@nafsc ὁ@dafs ὁ@dgmp βάρβαρος@ngmpc καί@cs βοηθέω@vpaaamp ἐπί@p ὁ@damp ὅρος@nampc ὁ@dgfs χώρα@ngfsc μάχη@ndfsc νικάω@vpaaamp τρόπαιον@nansc ἵστημι@vnaa-- ὁ@dgmp πολέμιος@ngmpc ὁ@damp δέ@cs ἐν@p τρεῖς@andfp- ἡμέρα@ndfpc καί@cs τοσοῦτος@andfp- νύξ@ndfpc διακόσιοι@ananp- καί@cs χίλιοι@ananp- στάδιον@nanpc διέρχομαι@vnaa-- στρατόπεδον@ndnsc πορεύω@vppeamp οὕτως@b σφόδρα@b ἐπείγω@viap3p ὁ@dnmp μέν@b μετέχω@vnaa-- ὁ@dgmp κίνδυνος@ngmpc ὁ@dnmp δέ@cs πέτομαι@vnaa-- συμβάλλω@vpaanmp πρίν@cs ἔρχομαι@vnaa-- ὁ@damp βοηθέω@vpfaamp"
"Panegyr._88","μετά@p δέ@b οὗτος@rpanp γίγνομαι@vpamgfs ὁ@dgfs ὕστερος@anans- στρατεία@ngfsc ὅς@rpafs αὐτός@annms- ξέρξης@nnmsp ἄγω@viaa3s ἐκλείπω@vpaanms μέν@b ὁ@danp βασίλειον@nanpc στρατηγός@nnmsc δέ@b καθίστημι@vnaa-- τολμάω@vpaanms ἅπας@anamp- δέ@cs ὁ@damp ἐκ@p ὁ@dgfs ἀσία@ngfsp συναγείρω@vpaanms περί@p ὅς@rpgns τις@rpnms οὐ@b ὑπερβολή@nafpc προθυμέομαι@vpapnms εἶπον@vnaa-- ἐλάσσων@ananpc ὁ@dgnp ὑπάρχω@vppagnp ἐρῶ@vira3s"
"Panegyr._89","ὅς@rpnms εἰς@p τοσοῦτος@rpans ἔρχομαι@viaa3s ὑπερηφανία@ngfsc ὥστε@cs μικρός@anans- μέν@b ἡγέομαι@vpamnms ἔργον@nansc εἰμί@vnpa-- ὁ@dafs ἑλλάς@nafsp χειρόω@vnam-- βούλομαι@vpapnms δέ@cs τοιοῦτος@anans- μνημεῖον@nansc καταλιμπάνω@vnaa-- ὅς@rpnns μή@b ὁ@dgfs ἀνθρώπινος@angfs- φύσις@ngfsc εἰμί@vipa3s οὐ@b πρότερος@anans- παύω@viam3s πρίν@cs ἐξευρίσκω@viaa3s καί@cs συναναγκάζω@viaa3s ὅς@rpans πᾶς@annmp- θρυλέω@vipa3p ὥστε@cs ὁ@ddns στρατόπεδον@ndnsc πλέω@vnaa-- μέν@b διά@p ὁ@dgfs ἤπειρος@ngfsc πεζεύω@vnaa-- δέ@cs διά@p ὁ@dgfs θάλασσα@ngfsc ὁ@dams μέν@b ἑλλήσποντος@namsp ζεύγνυμι@vpaanms ὁ@dams δέ@cs ἄθω@namsp διορύσσω@vpaanms"
"Panegyr._90","πρός@p δή@b ὁ@dams οὕτως@b μέγας@anans- φρονέω@vpaaams καί@b τηλικοῦτος@ananp- διαπράσσω@vpamams καί@cs τοσοῦτος@rpgmp δεσπότης@namsc γίγνομαι@vpamams ἀπαντάω@angmp- διαιρέω@vpamnmp ὁ@dams κίνδυνος@namsc λακεδαιμόνιος@nnmpp μέν@b εἰς@p θερμοπύλαι@nafpp πρός@p ὁ@dans πεζός@anans- χίλιοι@anamp- ἑαυτοῦ@rpgmp ἐπιλέγω@vpaanmp καί@cs ὁ@dgmp σύμμαχος@ngmpc ὀλίγος@anamp- παραλαμβάνω@vpaanmp ὡς@b ἐν@p ὁ@ddnp στενός@andnp- κωλύω@vpfanmp αὐτός@rpamp περαίτερος@b προέρχομαι@vnaa-- ὁ@dnmp δέ@cs ἡμέτερος@annmp- πατήρ@nnmpc ἐπί@p ἀρτεμίσιον@nansp ἑξήκοντα@an---- τριήρης@nafpc πληρόω@vpaanmp πρός@p ἅπας@anans- ὁ@dans ὁ@dgmp πολέμιος@ngmpc ναυτικόν@nansc"
"Panegyr._91","οὗτος@rpanp δέ@b ποιέω@vnpa-- τολμάω@viia3p οὐ@b οὕτως@b ὁ@dgmp πολέμιος@ngmpc καταφρονέω@vppanmp ὡς@b πρός@p ἀλλήλων@rpamp ἀγωνιάω@vppanmp λακεδαιμόνιος@nnmpp μέν@b ζηλόω@vppanmp ὁ@dafs πόλις@nafsc ὁ@dgfs μαραθών@ndfsp μάχη@ngfsc καί@b ζητέω@vppanmp ἑαυτοῦ@rpamp ἐξισόω@vnaa-- καί@cs δείδω@vpranmp μή@cs δίς@b ἐφεξῆς@b ὁ@dnfs πόλις@nafpc ἐγώ@rpgmp αἰτία@annfs- γίγνομαι@vsam3s ὁ@ddmp ἕλλην@ndmpp ὁ@dgfs σωτηρία@ngfsc ὁ@dnmp δέ@cs ἡμέτερος@annmp- μάλιστα@b μέν@b βούλομαι@vppenmp διαφυλάσσω@vnaa-- ὁ@dafs πάρειμι1@vppaafs δόξα@nafsc καί@cs πᾶς@andmp- ποιέω@vnaa-- φανερός@anans- ὅτι@cs καί@b ὁ@dans πρότερος@anans- διά@p ἀρετή@nafsc ἀλλά@cs οὐ@b διά@p τύχη@nafsc νικάω@viaa3p ἔπειτα@cs καί@b προάγω@vnam-- ὁ@damp ἕλλην@nampp ἐπί@p ὁ@dans διαναυμαχέω@vnpa-- ἐπιδείκνυμι@vpaanmp αὐτός@rpdmp ὅμοιος@b ἐν@p ὁ@ddmp ναυτικός@andmp- κίνδυνος@ndmpc ὥσπερ@cs ἐν@p ὁ@ddmp πεζός@andnp- ὁ@dafs ἀρετή@nafsc ὁ@dgns πλῆθος@ngnsc περιγίγνομαι@vppeafs"
"Panegyr._92","ἴσος@anafp- δέ@b ὁ@dafp τόλμα@nafpc παρέχω@vpaanmp οὐ@b ὅμοιος@andfp- χράω2@viam3p ὁ@ddfp τύχη@ndfpc ἀλλά@cs ὁ@dnmp μέν@b διαφθείρω@viap3p καί@cs ὁ@ddfp ψυχή@ndfpc νικάω@vppanmp ὁ@ddnp σῶμα@ndnpc ἀπεῖπον@viaa3p οὐ@b γάρ@b δή@b οὗτος@rpans γε@b θέμις@nnfsc εἶπον@vnaa-- ὡς@cs ἡσσάομαι@viap3p οὐδείς@rpnms γάρ@b αὐτός@rpgmp φεύγω@vnaa-- ἀξιόω@viaa3s ὁ@dnmp δέ@cs ἡμέτερος@annmp- ὁ@dafp μέν@b πρόπλοος@nafpc νικάω@viia3p ἐπεί@cs δέ@cs ἀκούω@viaa3p ὁ@dgfs πάροδος@ngfsc ὁ@damp πολέμιος@nampc κρατέω@vppaamp οἴκαδε@b καταπλέω@vpaanmp οὕτως@b βουλεύω@viam3p περί@p ὁ@dgnp λοιπός@angnp- ὥστε@cs πολύς@angmp- καί@cs καλός@angmp- αὐτός@rpdmp προεργάζομαι@vpregmp ἐν@p ὁ@ddmp τελευταῖος@andmp- ὁ@dgmp κίνδυνος@ngmpc ἔτι@b πλέος@anansc διαφέρω@viaa3p"
"Panegyr._93","ἄθυμος@b γάρ@b ἅπας@angmp- ὁ@dgmp σύμμαχος@ngmpc διάκειμαι@vpregmp καί@cs πελοποννήσιοι@ngmpp μέν@b διατειχίζω@vppagmp ὁ@dams ἰσθμός@namsp καί@cs ζητέω@vppagmp ἴδιος@anafs- ἑαυτοῦ@rpdmp σωτηρία@nafsc ὁ@dgfp δέ@cs ἄλλος@angfp- πόλις@ngfpc ὑπό@p ὁ@ddmp βάρβαρος@ndmpc γίγνομαι@vpregmp καί@cs συστρατεύω@vppegmp ἐκεῖνος@rpdmp πλήν@p εἰ@cs τις@rpnms διά@p μικρότης@nafsc παραμελέω@viap3s προσπλέω@vppagfp δέ@cs τριήρης@ngfpc διακόσιοι@angfp- καί@cs χίλιοι@angfp- καί@cs πεζός@angfs- στρατιά@ngfsc ἀναρίθμητος@angfs- μέλλω@vppagfs εἰς@p ὁ@dafs ἀττική@nafsp εἰσβάλλω@vnpa-- οὐδείς@angfs- σωτηρία@ngfsc αὐτός@rpdmp ὑποφαίνω@vppegfs ἀλλά@cs ἐρῆμος@annmp- σύμμαχος@ngmpc γίγνομαι@vprenmp καί@cs ὁ@dgfp ἐλπίς@ngfpc ἅπας@angfp- διαμαρτάνω@vpranmp"
"Panegyr._94","ἔξεστι@vppaans αὐτός@rpdmp μή@b μόνος@anans- ὁ@damp πάρειμι1@vppaamp κίνδυνος@nampc διαφεύγω@vnaa-- ἀλλά@cs καί@b τιμή@nafpc ἐξαιρετός@anafp- λαμβάνω@vnaa-- ὅς@rpafp αὐτός@rpdmp δίδωμι@viia3s βασιλεύς@nnmsc ἡγέομαι@vppmnms εἰ@cs ὁ@dans ὁ@dgfs πόλις@ngfsc προσλαμβάνω@voaa3s ναυτικόν@nansc παραχρῆμα@b καί@b πελοπόννησος@ngfsp κρατέω@vnfa-- οὐ@b ὑπομένω@viaa3p ὁ@dafp παρά@p ἐκεῖνος@rpgms δωρεά@nafpc οὐ@b δέ@cs ὀργίζω@vpapnmp ὁ@ddmp ἕλλην@ndmpp ὅτι@cs πρ@ οὐδοθέω@viap3p ἄσμενος@b ἐπί@p ὁ@dafp διαλλαγή@nafpc ὁ@dafp πρός@p ὁ@damp βάρβαρος@nampc ὁρμάω@viaa3p"
"Panegyr._95","ἀλλά@cs αὐτός@rpnmp μέν@b ὑπέρ@p ὁ@dgfs ἐλευθερία@ngfsc πολεμέω@vnpa-- παρασκευάζω@viie3p ὁ@ddmp δέ@cs ἄλλος@rpdmp ὁ@dafs δουλεία@nafsc αἱρέω@vppedmp συγγνώμη@nafsc ἔχω@viia3p ἡγέομαι@viim3p γάρ@b ὁ@ddfp μέν@b ταπεινός@andfp- ὁ@dgfp πόλις@ngfpc προσήκω@vnpa-- ἐκ@p πᾶς@angms- τρόπος@ngmsc ζητέω@vnpa-- ὁ@dafs σωτηρία@nafsc ὁ@ddfp δέ@cs προίστημι@vnra-- ὁ@dgfs ἑλλάς@ngfsp ἀξιόω@vppadfp οὐ@b οἷος@anans- τε@b εἰμί@vnpa-- διαφεύγω@vnpa-- ὁ@damp κίνδυνος@nampc ἀλλά@cs ὥσπερ@cs ὁ@dgmp ἀνήρ@ngmpc ὁ@ddmp καλός@andmp- καί@cs ἀγαθός@andmp- αἱρετός@annnsc εἰμί@vipa3s καλός@b ἀποθνήσκω@vnaa-- ἤ1@cs ζάω@vnpa-- αἰσχρός@b οὕτως@b καί@b ὁ@dgfp πόλις@ngfpc ὁ@ddfp ὑπερέχω@vppadfp λυσιτελέω@vnpa-- ἐκ@p ἄνθρωπος@ngmpc ἀφανίζω@vnap-- μᾶλλον@b ἤ1@cs δοῦλος@ndfpc ὁράω@vnap-- γίγνομαι@vpamafp"
"Panegyr._96","δῆλος@annns- δέ@b ὅτι@cs οὗτος@rpanp διανοέομαι@viap3p ἐπεί@cs γάρ@b οὐ@b οἷος@annmp- τε@b εἰμί@viia3p πρός@p ἀμφότερος@anafp- ἅμα@b παρατάσσω@vnam-- ὁ@dafp δύναμις@nafpc παραλαμβάνω@vpaanmp ἅπας@anams- ὁ@dams ὄχλος@namsc ὁ@dams ἐκ@p ὁ@dgfs πόλις@ngfsc εἰς@p ὁ@dafs ἔχω@vppeafs νῆσος@nafsc ἐκπλέω@viaa3p ἵνα@cs ἐν@p μέρος@ndnsc πρός@p ἑκάτερος@anafs- κινδυνεύω@vsaa3p καίτοι@b πῶς@b ἄν@b ἐκεῖνος@rpgmp ἀνήρ@nnmpc ἀμείνων@annmpc ἤ1@cs μᾶλλον@b φιλέλλην@annmp- εἰμί@vppanmp ἐπιδείκνυμι@voap3p ὅστις@rpnmp τλάω@viaa3p ἐφοράω@vnpa-- ὥστε@cs μή@b ὁ@ddmp λοιπός@andmp- αἴτιος@annmp- γίγνομαι@vnam-- ὁ@dgfs δουλεία@ngfsc ἐρῆμος@anafs- μέν@b ὁ@dafs πόλις@nafsc γίγνομαι@vpamafs ὁ@dafs δέ@b χώρα@nafsc πορθέω@vppeafs ἱερόν@nanpc δέ@b συλάω@vppeanp καί@cs ναῦς@nampc ἐμπίμπρημι@vpreamp ἅπας@anams- δέ@cs ὁ@dams πόλεμος@namsc περί@p ὁ@dafs πατρίς@nafsc ὁ@dafs ἑαυτοῦ@rpgmp γίγνομαι@vppeams"
"Panegyr._97","καί@b οὐ@b δέ@b οὗτος@rpnnp ἀπόχράω2@viaa3s αὐτός@rpdmp ἀλλά@cs πρός@p χίλιοι@anafp- καί@cs διακόσιοι@anafp- τριήρης@nafpc μόνος@annmp- διαναυμαχέω@vnpa-- μέλλω@viaa3p οὐ@b μήν@b ἐάω@viap3p καταισχύνω@vpapnmp γάρ@b πελοποννήσιοι@nnmpp ὁ@dafs ἀρετή@nafsc αὐτός@rpgmp καί@cs νομίζω@vpaanmp προδιαφθείρω@vpapgmp μέν@b ὁ@dgmp ἡμέτερος@angmp- οὐ@b δέ@cs αὐτός@rpnmp σώζω@vnfp-- κατορθόω@vpaagmp δέ@cs εἰς@p ἀτιμία@nafsc ὁ@dafp ἑαυτοῦ@rpgmp πόλις@nafpc καθίστημι@vnfa-- ἀναγκάζω@viap3p μετέχω@vnaa-- ὁ@dgmp κίνδυνος@ngmpc καί@b ὁ@damp μέν@b θόρυβος@nampc ὁ@damp ἐν@p ὁ@ddns πρᾶγμα@ndnsc γίγνομαι@vpamamp καί@b ὁ@dafp κραυγή@nafpc καί@cs ὁ@dafp παρακελεύομαι@nafpc ὅς@rpnnp κοινός@annnp- πᾶς@angmp- εἰμί@vipa3s ὁ@dgmp ναυμαχέω@vppagmp οὐ@b οἶδα@vira1s ὅς@rpans τις@anans- δεῖ@viia3s λέγω3@vppaams διατρίβω@vnpa--"
"Panegyr._98","ὅς@rpnnp δέ@b εἰμί@vipa3s ἴδιος@annnp- καί@b ὁ@dgfs ἡγεμονία@ngfsc ἄξιος@annnp- καί@cs ὁ@ddnp προερέω@vprednp ὁμολογέω@vppennp οὗτος@rpnnp δέ@cs ἐμός@annns- ἔργον@nnnsc εἰμί@vipa3s εἶπον@vnaa-- τοσοῦτος@anans- γάρ@b ὁ@dnfs πόλις@nafpc ἐγώ@rpgmp διαφέρω@viia3s ὅτε@cs εἰμί@viia3s ἀκέραιος@annms- ὥστε@cs ἀνάστατος@annfs- γίγνομαι@vpamnfs πλείων@anafpc μέν@b συμβάλλω@viam3s τριήρης@nafpc εἰς@p ὁ@dams κίνδυνος@namsc ὁ@dams ὑπέρ@p ὁ@dgfs ἑλλάς@ngfsp ἤ1@cs σύμπας@annmp- ὁ@dnmp ναυμαχέω@vpaanmp οὐδείς@rpnms δέ@cs πρός@p ἐγώ@rpamp οὕτως@b ἔχω@vipa3s δυσμενής@b ὅς@rpnms τις@rpnms οὐ@b ἄν@b ὁμολογέω@voaa3s διά@p μέν@b ὁ@dafs ναυμαχία@nafsc ἐγώ@rpamp ὁ@ddms πόλεμος@ndmsc κρατέω@vnaa-- οὗτος@rpgfs δέ@cs ὁ@dafs πόλις@nafsc αἰτία@nafsc γίγνομαι@vnam--"
"Panegyr._99","καίτοι@b μέλλω@vppagfs στρατεία@ngfsc ἐπί@p ὁ@damp βάρβαρος@nampc εἰμί@vnfm-- τις@anafp- χρή@vipa3s ὁ@dafs ἡγεμονία@nafsc ἔχω@vnpa-- οὐ@b ὁ@damp ἐν@p ὁ@ddms πρότερος@andms- πόλεμος@ndmsc μάλιστα@b εὐδοκιμέω@vpaaamp καί@cs πολλάκις@b μέν@b ἴδιος@andfs- προκινδυνεύω@vpaaamp ἐν@p δέ@cs ὁ@ddnp κοινός@andnp- ὁ@dgmp ἀγών@ngmpc ἀριστεῖα@ngnpc ἀξιόω@vpapamp οὐ@b ὁ@damp ὁ@dafs ἑαυτοῦ@rpgmp ἐκλείπω@vpaaamp ὑπέρ@p ὁ@dgfs ὁ@dgmp ἄλλος@rpgmp σωτηρία@ngfsc καί@cs ὁ@dans τε@cs παλαιός@anans- οἰκιστής@nampc ὁ@dgfp πλεῖστος@angfp- πόλις@ngfpc γίγνομαι@vpamamp καί@cs πάλιν@b αὐτός@rpafp ἐκ@p ὁ@dgfp μέγας@vpregfp συμφορά@ngfpc διασῴζω@vpaaamp πῶς@b δέ@b οὐ@b ἄν@b δεινός@ananp- πάσχω@voaa1p εἰ@cs ὁ@dgnp κακός@angnp- πλεῖστος@anans- μέρος@nansc μετέχω@vpaanmp ἐν@p ὁ@ddfp τιμή@ndfpc ἐλάσσων@anansc ἔχω@vnpa-- ἀξιόω@vopa1p καί@cs τότε@b προτάσσω@vpapnmp ὑπέρ@p ἅπας@angnp- νῦν@b ἕτερος@andmp- ἀκολουθέω@vnpa-- ἀναγκάζω@vopa1p"
"Panegyr._100","μέχρι@p μέν@b οὖν@b οὗτος@rpgnp οἶδα@vira1s ὅτι@cs πᾶς@annmp- ἄν@b ὁμολογέω@voaa3p πλεῖστος@angnp- ἀγαθός@angnp- ὁ@dafs πόλις@nafsc ὁ@dafs ἡμέτερος@anafs- αἰτία@nafsc γίγνομαι@vnre-- καί@cs δίκαιος@b ἄν@b αὐτός@rpgfs ὁ@dafs ἡγεμονία@nafsc εἰμί@vnpa-- μετά@p δέ@b οὗτος@rpanp ἤδη@b τις@rpnmp ἐγώ@rpgmp κατηγορέω@vipa3p ὡς@cs ἐπεί@cs ὁ@dafs ἀρχή@nafsc ὁ@dgfs θάλασσα@ngfsc παραλαμβάνω@viaa1p πολύς@angnp- κακός@angnp- αἴτιος@annmp- ὁ@ddmp ἕλλην@ndmpp καθίστημι@viaa1p καί@cs ὁ@dams τε@b μήλιος@ngmpp ἀνδραποδισμός@namsc καί@cs ὁ@dams σκιωναῖος@ngmpp ὄλεθρος@namsc ἐν@p οὗτος@andmp- ὁ@ddmp λόγος@ndmpc ἐγώ@rpdmp προφέρω@vipa3p"
"Panegyr._101","ἐγώ@rpnms δέ@b ἡγέομαι@vipe1s πρῶτος@anans- μέν@b οὐδείς@anans- εἰμί@vnpa-- οὗτος@rpans σημεῖον@nansc ὡς@cs κακός@b ἄρχω@viia1p εἰ@cs τις@rpnmp ὁ@dgmp πολεμέω@vpaagmp ἐγώ@rpdmp σφόδρα@b φαίνω@vipe3p κολάζω@vpapnmp ἀλλά@cs πολύς@anans- ὅδε@rpans μέγας@annnsc τεκμήριον@nansc ὡς@cs καλός@b διοικέω@vipa1p ὁ@danp ὁ@dgmp σύμμαχος@ngmpc ὅτι@cs ὁ@dgfp πόλις@ngfpc ὁ@dgfp ὑπό@p ἐγώ@rpdmp εἰμί@vppagfp οὐδείς@rpnfs οὗτος@andfp- ὁ@ddfp συμφορά@ndfpc περιπίπτω@viaa3s"
"Panegyr._102","ἔπειτα@b εἰ@cs μέν@b ἄλλος@annmp- τις@rpnmp ὁ@dgnp αὐτός@angnp- πρᾶγμα@ngnpc πρᾶος@anansc ἐπιμελέομαι@viap3p εἰκότως@b ἄν@b ἐγώ@rpdmp ἐπιτιμάω@vopa3p εἰ@cs δέ@b μή@b τε@b οὗτος@rpnns γίγνομαι@vira3s μή@b τε@cs οἷος@annns- τε@b εἰμί@vipa3s τοσοῦτος@angfp- πόλις@ngfpc ὁ@dans πλῆθος@nnnsc κρατέω@vnpa-- ἐάν@cs μή@b τις@rpnms κολάζω@vspa3s ὁ@damp ἐξαμαρτάνω@vppaamp πῶς@b οὐ@b ἤδη@b δίκαιος@annns- εἰμί@vipa3s ἐγώ@rpamp ἐπαινέω@vnpa-- ὅς@rpnmp τις@rpnmp ἐλάχιστος@andmp- χαλεπαίνω@vpaanmp πλεῖστος@anams- χρόνος@namsc ὁ@dafs ἀρχή@nafsc κατέχω@vnaa-- δύναμαι@viap1p"
"Panegyr._103","οἴομαι@vipe1s δέ@b πᾶς@andmp- δοκέω@vnpa-- οὗτος@rpamp κράτιστος@anamp- προστάτης@nampc γίγνομαι@vnfm-- ὁ@dgmp ἕλλην@ngmpp ἐπί@p ὅς@rpgmp ὁ@dnmp πειθαρχέω@vpaanmp ἄριστος@ananp- τυγχάνω@vipa3p πράσσω@vpaanmp ἐπί@p τοίνυν@b ὁ@dgfs ἡμέτερος@angfs- ἡγεμονία@ngfsc εὑρίσκω@vifa1p καί@b ὁ@damp οἶκος@nampc ὁ@damp ἴδιος@anamp- πρός@p εὐδαιμονία@nafsc πλεῖστος@anans- ἐπεῖδον@vpaaamp καί@cs ὁ@dafp πόλις@nafpc μέγας@anafp- γίγνομαι@vpamamp"
"Panegyr._104","οὐ@b γάρ@b φθονέω@vipa1p ὁ@ddfp αὐξάνω@vppedfp αὐτός@rpgfp οὐ@b δέ@cs ταραχή@nafpc ἐμποιέω@viia1p πολιτεία@nafpc ἐναντίος@anafp- παρακαθίστημι@vppanmp ἵνα@cs ἀλλήλων@rpdmp μέν@b στασιάζω@vopa3p ἐγώ@rpamp δέ@cs ἀμφότερος@annmp- θεραπεύω@vopa3p ἀλλά@cs ὁ@dafs ὁ@dgmp σύμμαχος@ngmpc ὁμόνοια@nafsc κοινός@anafs- ὠφέλεια@nafsc νομίζω@vppanmp ὁ@ddmp αὐτός@andmp- νόμος@ndmpc ἅπας@anafp- ὁ@dafp πόλις@nafpc διοικέω@vipa1p συμμαχικός@b ἀλλά@cs οὐ@b δεσποτικός@b βουλεύω@vppenmp περί@p αὐτός@rpgnp ὅλος@angnp- μέν@b ὁ@dgnp πρᾶγμα@ngnpc ἐπιστατέω@vppanmp"
"Panegyr._105","ἴδιος@andfs- δέ@b ἕκαστος@anamp- ἐλεύθερος@anamp- ἐάω@vppanmp εἰμί@vnpa-- καί@b ὁ@ddns μέν@b πλῆθος@ndnsc βοηθέω@vppanmp ὁ@ddfp δέ@cs δυναστεία@ndfpc πολεμέω@vppanmp δεινός@anans- ἡγέομαι@vppmnmp ὁ@damp πολύς@anamp- ὑπό@p ὁ@ddmp ὀλίγος@andmp- εἰμί@vnpa-- καί@cs ὁ@damp ὁ@ddfp οὐσία@ndfpc ἐνδεής@anampc ὁ@danp δέ@cs ἄλλος@rpanp μηδείς@rpans χείρων@anamp- εἰμί@vppaamp ἀπελαύνω@vnpe-- ὁ@dgfp ἀρχή@ngfpc ἔτι@b δέ@cs κοινός@angfs- ὁ@dgfs πατρίς@ngfsc εἰμί@vppagfs ὁ@damp μέν@b τυραννεύω@vnpa-- ὁ@damp δέ@cs μετοικέω@vnpa-- καί@cs φύσις@ndfsc πολίτης@nampc εἰμί@vppaamp νόμος@ndmsc ὁ@dgfs πολιτεία@ngfsc ἀποστερέω@vnpe--"
"Panegyr._106","τοιοῦτος@rpanp ἔχω@vppanmp ὁ@ddfp ὀλιγαρχία@ndfpc ἐπιτιμάω@vnpa-- καί@b πλείων@ananpc οὗτος@rpgnp ὁ@dafs αὐτός@anafs- πολιτεία@nafsc ὅς@rpafs παρά@p ἐγώ@rpdmp αὐτός@andmp- καί@cs παρά@p ὁ@ddmp ἄλλος@rpdmp καθίστημι@viaa1p ὅς@rpafs οὐ@b οἶδα@vira1s ὅς@rpans τις@anans- δεῖ@vipa3s διά@p μακρός@angnpc ἐπαινέω@vnpa-- ἄλλως@b τε@b καί@cs σύντομος@b ἔχω@vppaams δηλόω@vnaa-- περί@p αὐτός@rpgfs μετά@p γάρ@b οὗτος@rpgfs οἰκέω@vppanmp ἑβδομήκοντα@an---- ἔτος@nanpc διατελέω@viaa3p ἄπειρος1@annmp- μέν@b τυραννίς@ngfpc ἐλεύθερος@annmp- δέ@b πρός@p ὁ@damp βάρβαρος@nampc ἀστασίαστος@annmp- δέ@b πρός@p σφεῖς@rpamp αὐτός@anamp- εἰρήνη@nafsc δέ@cs ἄγω@vppanmp πρός@p πᾶς@anamp- ἄνθρωπος@nampc"
"Panegyr._107","ὑπέρ@p ὅς@rpgnp προσήκω@vipa3s ὁ@damp εὖ@b φρονέω@vppaamp μέγας@anafs- χάρις@nafsc ἔχω@vnpa-- πολύς@anans- μᾶλλον@b ἤ1@cs ὁ@dafp κληρουχία@nafpc ἐγώ@rpdmp ὀνειδίζω@vnpa-- ὅς@rpafp ἐγώ@rpnmp εἰς@p ὁ@dafp ἐρημόω@vppeafp ὁ@dgfp πόλις@ngfpc φυλακή@ngfsc ἕνεκα@p ὁ@dgnp χωρίον@ngnpc ἀλλά@cs οὐ@b διά@p πλεονεξία@nafsc ἐκπέμπω@viia1p σημεῖον@nnnsc δέ@b οὗτος@rpgnp ἔχω@vppanmp γάρ@b χώρα@nafsc μέν@b ὡς@b πρός@p ὁ@dans πλῆθος@nansc ὁ@dgmp πολίτης@ngmpc ἐλάχιστος@anafss ἀρχή@nafsc δέ@cs μέγας@anafss καί@cs κτάομαι@vprenmp τριήρης@nafpc διπλάσιος@anafp- μέν@b ἤ1@cs σύμπας@annmp- ὁ@dnmp ἄλλος@rpnmp δύναμαι@vpreafp δέ@cs πρός@p δίς@b τοσοῦτος@anafp- κινδυνεύω@vnpa-- ὑπόκειμαι@vpregfs ὁ@dgfs εὔβοια@ngfsp ὑπό@p ὁ@dafs ἀττική@nafsp"
"Panegyr._108","ὅς@rpnfs καί@b πρός@p ὁ@dafs ἀρχή@nafsc ὁ@dafs ὁ@dgfs θάλασσα@ngfsc εὐφυῶς@b ἔχω@viia3s καί@cs ὁ@dafs ἄλλος@anafs- ἀρετή@nafsc ἅπας@angfp- ὁ@dgfp νῆσος@ngfpc διαφέρω@viia3s κρατέω@vppanmp αὐτός@rpgfs μᾶλλον@b ἤ1@cs ὁ@dgfs ἡμέτερος@angfs- αὐτός@rpgmp καί@cs πρός@p οὗτος@rpdnp οἶδα@vpranmp καί@b ὁ@dgmp ἕλλην@ngmpp καί@cs ὁ@dgmp βάρβαρος@ngmpc οὗτος@rpamp μάλιστα@b εὐδοκιμέω@vppaamp ὅς@rpnmp ὁ@damp ὅμορος@anamp- ἀνάστατος@anamp- ποιέω@vpaanmp ἄφθονος@anams- καί@cs ῥᾴθυμος@anams- ἑαυτοῦ@rpdmp καθίστημι@viam3p ὁ@dams βίος@namsc ὅμως@b οὐδείς@rpans οὗτος@rpgnp ἐγώ@rpamp ἐπαίρω@viaa3s περί@p ὁ@damp ἔχω@vppaamp ὁ@dafs νῆσος@nafsc ἐξαμαρτάνω@vnaa--"
"Panegyr._109","ἀλλά@cs μόνος@annmp- δή@b ὁ@dgmp μέγας@anafs- δύναμις@nafsc λαμβάνω@vpaagmp περιοράω@viaa1p ἐγώ@rpamp αὐτός@anamp- ἄπορος@b ζάω@vppaamp ὁ@dgmp δουλεύω@vnpa-- αἰτία@nafsc ἔχω@vppagmp καίτοι@b βούλομαι@vppenmp πλεονεκτέω@vnpa-- οὐ@b ἄν@b δή@b πού@b ὁ@dgfs μέν@b σκιωναῖος@ngmpp γῆ@ngfsc ἐπιθυμέω@viaa1p ὅς@rpafs πλαταιεύς@ngmpp ὁ@ddmp ὡς@p ἐγώ@rpamp καταφεύγω@vpaadmp φαίνω@vipe1p παραδίδωμι@vpaanmp τοσοῦτος@anafs- δέ@cs χώρα@nafsc παραλείπω@viaa1p ὅς@rpnfs πᾶς@anamp- ἄν@b ἐγώ@rpamp εὔπορος@anampc ποιέω@viaa3s"
"Panegyr._110","τοιοῦτος@rpgnp τοίνυν@b ἐγώ@rpgmp γίγνομαι@vpregmp καί@cs τοσοῦτος@anafs- πίστις@nafsc δίδωμι@vpragmp ὑπέρ@p ὁ@dgns μή@b ὁ@dgmp ἀλλότριος@angmp- ἐπιθυμέω@vnpa-- τολμάω@vipa3p κατηγορέω@vnpa-- ὁ@dnmp ὁ@dgfp δεκάδαρχος@ngfpc κοινωνέω@vpaanmp καί@b ὁ@dafp ἑαυτοῦ@rpgmp πατρίς@nafpc διαλύω@vpamnmp καί@cs μικρός@anafp- μέν@b ποιέω@vpaanmp δοκέω@vnpa-- εἰμί@vnpa-- ὁ@dafp ὁ@dgnp προγίγνομαι@vpregmp ἀδικία@nafpc οὐδείς@anafs- δέ@cs λείπω@vpaanmp ὑπερβολή@nafsc ὁ@ddmp αὖθις@b βούλομαι@vppedmp γίγνομαι@vnam-- πονηρός@andmp- ἀλλά@cs φάσκω@vppanmp μέν@b λακωνίζω@vnpa-- ὁ@danp ἐναντίος@ananp- δέ@cs ἐκεῖνος@rpdmp ἐπιτηδεύω@vppanmp καί@cs ὁ@dafp μέν@b μήλιος@angmp- ὀδύρομαι@vppenmp συμφορά@nafpc περί@p δέ@cs ὁ@damp ἑαυτοῦ@rpgmp πολίτης@nampc ἀνήκεστος@ananp- τολμάω@vpaanmp ἐξαμαρτάνω@vnaa-- ποῖος@annns- γάρ@b αὐτός@rpamp ἀδίκημα@nnnsc διαφεύγω@viaa3s"
"Panegyr._111","ἤ@cs τίς@rpans ὁ@dgnp αἰσχρός@angnp- ἤ1@cs δεινός@angnp- οὐ@b διεξέρχομαι@viaa1s ὅς@dnmp ὁ@damp μέν@b ἄνομος@anamps πιστός@anamps νομίζω@viia3p ὁ@damp δέ@b προδότης@nampc ὥσπερ@cs εὐεργέτης@nampc θεραπεύω@viia3p αἱρέω@viie3p δέ@b ὁ@dgmp εἵλως@ngmpp εἷς@ndmsc δουλεύω@vnpa-- ὥστε@cs εἰς@p ὁ@dafp ἑαυτοῦ@rpgmp πατρίς@nafpc ὑβρίζω@vnpa-- μᾶλλον@b δέ@b τιμάω@viia3p ὁ@damp αὐτόχειρ@nampc καί@cs φονεύς@nampc ὁ@dgmp πολίτης@ngmpc ἤ1@cs ὁ@damp γονεύς@nampc ὁ@damp αὐτός@rpgmp"
"Panegyr._112","εἰς@p οὗτος@rpans δέ@cs ὠμότης@ngfsc ἅπας@anamp- ἐγώ@rpamp καθίστημι@viaa3p ὥστε@cs πρό@p ὁ@dgns μέν@b διά@p ὁ@dafs πάρειμι1@vppaafs εὐδαιμονία@nafsc καί@cs ὁ@ddfp μικρός@andfp- ἀτυχία@ndfpc πολύς@anamp- ἕκαστος@anams- ἐγώ@rpgmp ἔχω@vnpa-- ὁ@damp συμπενθάνω@vpfaamp ἐπί@p δέ@cs ὁ@dgfs οὗτος@rpgmp ἀρχή@ngfsc διά@p ὁ@dans πλῆθος@nansc ὁ@dgnp οἰκεῖος@angnp- κακός@angnp- ἐπαυσάω@viam1p ἀλλήλων@rpamp ἐλεέω@vppanmp οὐδείς@rpdms γάρ@b τοσοῦτος@anafs- σχολή@nafsc παραλείπω@viaa3p ὥστε@cs ἕτερος@andms- συνάχθομαι@vnap--"
"Panegyr._113","τις@rpgns γάρ@b οὐ@b ἐφικνέομαι@viam3p ἤ1@b τις@rpnms οὕτως@b πρόσω@b ὁ@dgnp πολιτικός@angnp- εἰμί@viia3s πρᾶγμα@ngnpc ὅστις@rpnms οὐ@b ἐγγύς@b ἀναγκάζω@viap3s γίγνομαι@vnam-- ὁ@dgfp συμφορά@ngfpc εἰς@p ὅς@rpafp ὁ@dnfp τοιοῦτος@annfp- φύσις@nnfpc ἐγώ@rpamp καθίστημι@viaa3p εἶτα@b οὐ@b αἰσχύνω@vipe3p ὁ@dafp ἑαυτοῦ@rpgmp πόλις@nafpc οὕτως@b ἄνομος@b διατίθημι@vpaanmp καί@cs ὁ@dgfs ἡμέτερος@angfs- ἄδικος@b κατηγορέω@vppanmp ἀλλά@cs πρός@p ὁ@ddnp ἄλλος@rpdnp καί@b περί@p ὁ@dgfp δίκη@ngfpc καί@cs ὁ@dgfp γραφή@ngfpc ὁ@dgmp ποτέ@b παρά@p ἐγώ@rpdmp γίγνομαι@vpamgmp λέγω3@vnpa-- τολμάω@vipa3p αὐτός@rpnmp πλείων@anampc ἐν@p τρεῖς@andmp- μείς@ndmpc ἄκριτος@anamp- ἀποκτείνω@vpaanmp ὅς@rpgmp ὁ@dnfs πόλις@nafpc ἐπί@p ὁ@dgfs ἀρχή@ngfsc ἅπας@angfs- κρίνω@viaa3s"
"Panegyr._114","φυγάς@nafpc δέ@b καί@b στάσις@nafpc καί@b νόμος@ngmpc σύγχυσις@nafpc καί@cs πολιτεία@ngfpc μεταβολή@nafpc ἔτι@b δέ@cs παῖς@ngmpc ὕβρις@nafpc καί@b γυνή@ngfpc αἰσχύνη@nafpc καί@cs χρῆμα@ngnpc ἁρπαγή@nafpc τις@rpnms ἄν@b δύναμαι@vope3s διεξέρχομαι@vnaa-- πλήν@b τοσοῦτος@rpans εἶπον@vnaa-- ἔχω@vipa1s κατά@p ἅπας@angnp- ὅτι@cs ὁ@danp μέν@b ἐπί@p ἐγώ@rpgmp δεινός@ananp- ῥᾴδιος@b ἄν@b τις@rpnms εἷς@andns- ψήφισμα@ndnsc διαλύω@viaa3s ὁ@dafp δέ@cs σφαγή@nafpc καί@cs ὁ@dafp ἀνομία@nafpc ὁ@dafp ἐπί@p οὗτος@rpgnp γίγνομαι@vpamafp οὐδείς@rpnms ἄν@b ἰάομαι@vnam-- δύναμαι@vope3s"
"Panegyr._115","καί@b μήν@b οὐ@b δέ@b ὁ@dafs πάρειμι1@vppaafs εἰρήνη@nafsc οὐ@b δέ@cs ὁ@dafs αὐτονομία@anafs- ὁ@dafs ἐν@p ὁ@ddfp πολιτεία@ndfpc μέν@b οὐ@b ἔνειμι@vppaafs ἐν@p δέ@cs ὁ@ddfp συνθήκη@ndfpc ἀναγράφω@vpreafs ἄξιος@annns- αἱρέω@vnam-- μᾶλλον@b ἤ1@cs ὁ@dafs ἀρχή@nafsc ὁ@dafs ἡμέτερος@anafs- τις@rpnms γάρ@b ἄν@b τοιοῦτος@angfs- κατάστασις@ngfsc ἐπιθυμέω@voaa3s ἐν@p ὅς@rpdfs καταποντιστής@annfps μέν@b ὁ@dafs θάλασσα@nafsc κατέχω@vipa3p πελταστής@nnmpc δέ@b ὁ@dafp πόλις@nafpc καταλαμβάνω@vipa3p"
"Panegyr._116","ἀντί@p δέ@b ὁ@dgns πρός@p ἕτερος@anamp- περί@p ὁ@dgfs χώρα@ngfsc πολεμέω@vnpa-- ἐντός@p τεῖχος@ngnsc ὁ@dnmp πολίτης@nnmpc πρός@p ἀλλήλων@rpamp μάχομαι@vipe3p πλείων@annfpc δέ@b πόλις@nafpc αἰχμάλωτος@annfp- γίγνομαι@vira3p ἤ1@cs πρίν@cs ὁ@dafs εἰρήνη@nafsc ἐγώ@rpamp ποιέω@vnam-- διά@p δέ@b ὁ@dafs πυκνότης@nafsc ὁ@dgfp μεταβολή@ngfpc ἄθυμος@b διάγω@vipa3p ὁ@dnmp ὁ@dafp πόλις@nafpc οἰκέω@vppanmp ὁ@dgmp ὁ@ddfp φυγή@ndfpc ζημιόω@vppegmp ὁ@dnmp μέν@b γάρ@b ὁ@dans μέλλω@vppaans δείδω@vira3p ὁ@dnmp δέ@cs ἀεί@b κάτειμι@vnpa-- προσδοκάω@vipa3p"
"Panegyr._117","τοσοῦτος@anans- δέ@b ἀπέχω@vipa3p ὁ@dgfs ἐλευθερία@ngfsc καί@cs ὁ@dgfs αὐτονομία@ngfsc ὥστε@cs ὁ@dnfp μέν@b ὑπό@p τύραννος@ndmpc εἰμί@vipa3p ὁ@dafp δέ@b ἁρμοστής@nnmpc κατέχω@vipa3p ἔνιοι@annfp- δέ@b ἀνάστατος@annfp- γίγνομαι@vira3p ὁ@dgmp δέ@cs ὁ@dnmp βάρβαρος@nnmpc δεσπότης@nnmpc καθίστημι@vira3p ὅς@rpamp ἐγώ@rpnmp διαβαίνω@vnaa-- τολμάω@vpaaamp εἰς@p ὁ@dafs εὐρώπη@nafsp καί@b μέγας@anansc ἤ1@cs προσήκω@viia3s αὐτός@rpdmp φρονέω@vpaaamp οὕτως@b διατίθημι@viaa1p"
"Panegyr._118","ὥστε@cs μή@b μόνος@anans- παύω@vnam-- στρατεία@nafpc ἐπί@p ἐγώ@rpamp ποιέω@vppeamp ἀλλά@cs καί@b ὁ@dafs ἑαυτοῦ@rpgmp χώρα@nafsc ἀνέχω@vnpe-- πορθέω@vppeafs καί@cs διακόσιοι@andfp- καί@cs χίλιοι@andfp- ναῦς@ndfpc περιπλέω@vppaamp εἰς@p τοσοῦτος@anafs- ταπεινότης@nafsc καθίστημι@viaa1p ὥστε@cs μακρός@anans- πλοῖον@nansc ἐπί@p ὅδε@rpanp φασήλιδος@ngfsp μή@b καθέλκω@vnpa-- ἀλλά@cs ἡσυχία@nafsc ἄγω@vnpa-- καί@cs ὁ@damp καιρός@nampc περιμένω@vnpa-- ἀλλά@cs μή@b ὁ@ddfs πάρειμι1@vppadfs δύναμις@ndfsc πιστεύω@vnpa--"
"Panegyr._119","καί@b οὗτος@rpnnp ὅτι@cs διά@p ὁ@dafs ὁ@dgmp πρόγονος@ngmpc ὁ@dgmp ἡμέτερος@angmp- ἀρετή@nafsc οὕτως@b ἔχω@viia3s ὁ@dnfp ὁ@dgfs πόλις@ngfsc συμφορά@nnfpc σαφής@b ἐπιδείκνυμι@viaa3p ἅμα@b γάρ@b ἐγώ@rpnmp τε@b ὁ@dgfs ἀρχή@ngfsc ἀποστερέω@viam1p καί@cs ὁ@ddmp ἕλλην@ndmpp ἀρχή@nnfsc ὁ@dgnp κακός@angnp- γίγνομαι@viie3s μετά@p γάρ@b ὁ@dafs ἐν@p ἑλλήσποντος@ndmsp γίγνομαι@vpamafs ἀτυχία@nafsc ἕτερος@angmp- ἡγεμών@ngmpc καθίστημι@vpaagmp νικάω@viia3p μέν@b ὁ@dnmp βάρβαρος@nnmpc ναυμαχέω@vppanmp ἄρχω@viaa3p δέ@b ὁ@dgfs θάλασσα@ngfsc κατέχω@viaa3p δέ@b ὁ@dafp πλεῖστος@anafp- ὁ@dgfp νῆσος@ngfpc ἀποβαίνω@viaa3p δέ@b εἰς@p ὁ@dafs λακωνικός@nafsp κύθηρα@nanpp δέ@b κατά@p κράτος@nansc αἱρέω@viaa3p ἅπας@anafs- δέ@cs ὁ@dafs πελοπόννησος@nafsp κακός@b ποιέω@vppanmp περιπλέω@viaa3p"
"Panegyr._120","μάλιστα@b δέ@b ἄν@b τις@rpnms σύνοιδα@voaa3s ὁ@dans μέγεθος@nansc ὁ@dgfs μεταβολή@ngfsc εἰ@cs παραναγιγνώσκω@voaa3s ὁ@dafp συνθήκη@nafpc ὁ@dafp τε@b ἐπί@p ἐγώ@rpgmp γίγνομαι@vpamafp καί@cs ὁ@dafp νῦν@b ἀναγράφω@vpreafp τότε@b μέν@b γάρ@b ἐγώ@rpnmp φαίνω@vifm1p ὁ@dafs ἀρχή@nafsc ὁ@dafs βασιλεύς@ngmsc ὁρίζω@vppanmp καί@b ὁ@dgmp φόρος@ngmpc ἔνιοι@anamp- τάσσω@vppanmp καί@cs κωλύω@vppanmp αὐτός@rpams ὁ@ddfs θάλασσα@ndfsc χράω@vnpe-- νῦν@b δέ@b ἐκεῖνος@rpnms εἰμί@vipa3s ὁ@dnms διοικέω@vppanms ὁ@danp ὁ@dgmp ἕλλην@ngmpp καί@cs προστάσσω@vppanms ὅς@rpanp χρή@vipa3s ποιέω@vnpa-- ἕκαστος@anamp- καί@cs μόνος@anans- οὐ@b ἐπίτριπτος@nampc ἐν@p ὁ@ddfp πόλις@ndfpc καθίστημι@vppanms"
"Panegyr._121","πλήν@p γάρ@b οὗτος@rpgns τίς@rpnns ὁ@dgnp ἄλλος@rpgnp ὑπόλοιπος@annns- εἰμί@vipa3s οὐ@b καί@b ὁ@dgms πόλεμος@ngmsc κύριος@nnmsc γίγνομαι@viam3s καί@b ὁ@dafs εἰρήνη@nafsc πρυτανεύω@viaa3s καί@cs ὁ@dgnp πάρειμι1@vppagnp πρᾶγμα@ngnpc ἐπιστάτης@nnmsc καθίστημι@vira3s οὐ@b ὡς@cs ἐκεῖνος@rpams πλέω@vipa1p ὥσπερ@cs πρός@p δεσπότης@namsc ἀλλήλων@rpgmp κατηγορέω@vpfanmp οὐ@b βασιλεύς@namsc ὁ@dams μέγας@anams- αὐτός@rpams προσαγορεύω@vipa1p ὥσπερ@cs αἰχμάλωτος@annmp- γίγνομαι@vpranmp οὐ@b ἐν@p ὁ@ddmp πόλεμος@ndmpc ὁ@ddmp πρός@p ἀλλήλων@rpamp ἐν@p ἐκεῖνος@rpdns ὁ@dafp ἐλπίς@nafpc ἔχω@vipa1p ὁ@dgfs σωτηρία@ngfsc ὅς@rpnms ἀμφότερος@anamp- ἐγώ@rpamp ἡδέως@b ἄν@b ἀπόλλυμι@voaa3s"
"Panegyr._122","ὅς@rpgnp ἄξιος@annns- ἐνθυμέομαι@vpapamp ἀγανακτέω@vnaa-- μέν@b ἐπί@p ὁ@ddnp πάρειμι1@vppadnp ποθέω@vnaa-- δέ@b ὁ@dafs ἡγεμονία@nafsc ὁ@dafs ἡμέτερος@anafs- μέμφομαι@vnam-- δέ@cs λακεδαιμόνιος@ndmpp ὅτι@cs ὁ@dafs μέν@b ἀρχή@nafsc εἰς@p ὁ@dams πόλεμος@namsc καθίστημι@viaa3p ὡς@b ἐλευθερόω@vpfanmp ὁ@damp ἕλλην@nampp ἐπί@p δέ@cs τελευτή@ngfsc οὕτως@b πολύς@anamp- αὐτός@rpgmp ἔκδοτος@anamp- ποιέω@viaa3p καί@cs ὁ@dgfs μέν@b ἡμέτερος@angfs- πόλις@ngfsc ὁ@damp ἴωνες@nampp ἀφίστημι@viaa3p ἐκ@p ὅς@rpgfs ἀποικέω@viaa3p καί@cs διά@p ὅς@rpafs πολλάκις@b σώζω@viap3p ὁ@ddmp δέ@cs βάρβαρος@ndmpc αὐτός@rpamp ἐκδίδωμι@viaa3p ὅς@rpgmp ἀέκων@angmp- ὁ@dafs χώρα@nafsc ἔχω@vipa3p καί@cs πρός@p ὅς@rpamp οὐ@b δέ@b πώποτε@b παύω@viam3p πολεμέω@vppanmp"
"Panegyr._123","καί@b τότε@b μέν@b ἀγανακτέω@viia3p ὅτε@cs ἐγώ@rpnmp νομίμως@b ἐπάρχω@vnpa-- τις@rpgmp ἀξιόω@viia1p νῦν@b δέ@b εἰς@p τοιοῦτος@anafs- δουλεία@nafsc καθίστημι@vpragmp οὐδείς@rpans φροντίζω@vipa3p αὐτός@rpgmp ὅς@rpdmp οὐ@b ἐξαρκέω@vipa3s δασμολογέω@vnpe-- καί@cs ὁ@dafp ἀκρόπολις@nafpc ὁράω@vnpa-- ὑπό@p ὁ@dgmp ἐχθρός@ngmpc κατέχω@vppeafp ἀλλά@cs πρός@p ὁ@ddfp κοινός@andfp- συμφορά@ndfpc καί@cs ὁ@ddnp σῶμα@ndnpc δεινός@ananpc πάσχω@vipa3p ὁ@dgmp παρά@p ἐγώ@rpdmp ἀργυρώνητος@angmp- οὐδείς@rpnms γάρ@b ἐγώ@rpgmp οὕτως@b αἰκίζω@vipe3s ὁ@damp οἰκέτης@nampc ὡς@cs ἐκεῖνος@rpnmp ὁ@damp ἐλεύθερος@anamp- κολάζω@vipa3p"
"Panegyr._124","μέγας@annnss δέ@b ὁ@dgnp κακός@angnp- ὅταν@cs ὑπέρ@p αὐτός@angfs- ὁ@dgfs δουλεία@ngfsc ἀναγκάζω@vspe3p συστρατεύομαι@vnpe-- καί@b πολεμέω@vnpa-- ὁ@ddmp ἐλεύθερος@andmp- ἀξιόω@vipa3p εἰμί@vnpa-- καί@cs τοιοῦτος@anamp- κίνδυνος@nampc ὑπομένω@vnpa-- ἐν@p ὅς@rpdmp ἡσσάομαι@vpapnmp μέν@b παραχρῆμα@b διαφθείρω@vifm3p κατορθόω@vpaanmp δέ@b μᾶλλον@b εἰς@p ὁ@dams λοιπός@anams- χρόνος@namsc δουλεύω@vifa3p"
"Panegyr._125","ὅς@rpgmp τις@anamp- ἄλλος@anamp- αἴτιος@anamp- χρή@vipa3s νομίζω@vnpa-- ἤ1@cs λακεδαιμόνιος@nampp ὅς@rpnmp τοσοῦτος@anafs- ἰσχύς@nafsc ἔχω@vppanmp περιοράω@vipa3p ὁ@damp μέν@b ἑαυτοῦ@rpgmp σύμμαχος@nampc γίγνομαι@vpamamp οὕτως@b δεινός@ananp- πάσχω@vppaamp ὁ@dams δέ@cs βάρβαρος@anams- ὁ@ddfs ὁ@dgmp ἕλλην@ngmpp ῥώμη@ndfsc ὁ@dafs ἀρχή@nafsc ὁ@dafs ἑαυτοῦ@rpgms κατασκευάζω@vppeams καί@b πρότερος@anans- μέν@b ὁ@damp τύραννος@nampc ἐκβάλλω@viia3p ὁ@ddns δέ@b πλῆθος@ndnsc ὁ@dafp βοήθεια@nafpc ποιέω@viie3p νῦν@b δέ@cs τοσοῦτος@rpans μεταβάλλω@vira3p ὥστε@cs ὁ@ddfp μέν@b πολιτεία@ndfpc πολεμέω@vipa3p"
"Panegyr._126","ὁ@dafp δέ@cs μοναρχία@nafpc συγκαθίστημι@vipa3p ὁ@dafs μέν@b γε@b μαντινεύς@ngmpp πόλις@nafsc εἰρήνη@ngfsc ἤδη@b γίγνομαι@vpregfs ἀνάστατος@anafs- ποιέω@viaa3p καί@b ὁ@dafs θηβαῖος@ngmpp καδμεῖος@nafsp καταλαμβάνω@viaa3p καί@cs νῦν@b ὀλύνθιος@nampp καί@cs φλιάσιος@nampp πολιορκέω@vipa3p ἀμύντας@ndmsp δέ@cs ὁ@ddms μακεδών@ngmpp βασιλεύς@ndmsc καί@b διονύσιος@ndmsp ὁ@ddms σικελία@ngfsp τύραννος@ndmsc καί@cs ὁ@ddms βάρβαρος@ndmsc ὁ@ddms ὁ@dgfs ἀσία@ngfsp κρατέω@vppadms συμπράσσω@vipa3p ὅπως@cs ὡς@b μέγας@anafss ἀρχή@nafsc ἔχω@vifa3p"
"Panegyr._127","καίτοι@b πῶς@b οὐ@b ἄτοπος@annns- ὁ@damp προίστημι@vpraamp ὁ@dgmp ἕλλην@ngmpp εἷς@namsc μέν@b ἀνήρ@namsc τοσοῦτος@angmp- ἄνθρωπος@ngmpc καθίστημι@vnpa-- δεσπότης@namsc ὅς@rpgmp οὐ@b δέ@b ὁ@dams ἀριθμός@namsc ἐξευρίσκω@vnaa-- ῥᾴδιος@annns- εἰμί@vipa3s ὁ@dafp δέ@cs μέγας@anafps ὁ@dgfp πόλις@ngfpc μη@b δέ@b αὐτός@anafp- ἑαυτοῦ@rpgfp ἐάω@vnpa-- εἰμί@vnpa-- κύριος@anafp- ἀλλά@cs ἀναγκάζω@vnpa-- δουλεύω@vnpa-- ἤ1@cs ὁ@ddfp μέγας@andfps συμφορά@ndfpc περιβάλλω@vnpa--"
"Panegyr._128","ὅς@dnns δέ@b πᾶς@angnp- δεινός@annnss ὅταν@cs τις@rpnms ὁράω@vsaa3s ὁ@damp ὁ@dafs ἡγεμονία@nafsc ἔχω@vnpa-- ἀξιόω@vppaamp ἐπί@p μέν@b ὁ@damp ἕλλην@nampp κατά@p ἕκαστος@anafs- ὁ@dafs ἡμέρα@nafsc στρατεύω@vppeamp πρός@p δέ@cs ὁ@damp βάρβαρος@nampc εἰς@p ἅπας@anams- ὁ@dams χρόνος@namsc συμμαχία@nafsc ποιέω@vpreamp"
"Panegyr._129","καί@b μηδείς@rpnms ὑπολαμβάνω@vsaa3s ἐγώ@rpams δύσκολος@b ἔχω@vnpa-- ὅτι@cs τραχύς@anansc οὗτος@rpgmp μήδομαι@viap1s προεῖπον@vpaanms ὡς@cs περί@p διαλλαγή@ngfpc ποιέω@vifm1s ὁ@damp λόγος@nampc οὐ@b γάρ@b ἵνα@cs πρός@p ὁ@damp ἄλλος@rpamp διαβάλλω@vsaa1s ὁ@dafs πόλις@nafsc ὁ@dafs λακεδαιμόνιος@ngmpp οὕτως@b ἐρῶ@vira1s περί@p αὐτός@rpgmp ἀλλά@cs ἵνα@cs αὐτός@anamp- ἐκεῖνος@anamp- παύω@vsaa1s κατά@p ὅσος@anans- ὁ@dnms λόγος@nnmsc δύναμαι@vipe3s τοιοῦτος@anafs- ἔχω@vppaamp ὁ@dafs γνώμη@nafsc"
"Panegyr._130","εἰμί@vipa3s δέ@b οὐ@b οἷος@annns- τε@b ἀποτρέπω@vnpa-- ὁ@dgnp ἁμάρτημα@ngnpc οὐ@b δέ@cs ἕτερος@angfp- πρᾶξις@ngfpc πείθω@vnpa-- ἐπιθυμέω@vnpa-- ἐάν@cs μή@b τις@rpnms ἐρρωμένος@b ἐπιτιμάω@vsaa3s ὁ@ddnp πάρειμι1@vppadnp χρή@vipa3s δέ@b κατηγορέω@vnpa-- μέν@b ἡγέομαι@vnpe-- ὁ@damp ἐπί@p βλάβη@ndfsc τοιοῦτος@rpanp λέγω3@vppaamp νουθετέω@vnpa-- δέ@cs ὁ@damp ἐπί@p ὠφέλεια@ndfsc λοιδορέω@vppaamp ὁ@dams γάρ@b αὐτός@anams- λόγος@namsc οὐ@b ὅμοιος@b ὑπολαμβάνω@vnpa-- δεῖ@vipa3s μή@b μετά@p ὁ@dgfs αὐτός@angfs- διάνοια@ngfsc λέγω3@vppeams"
"Panegyr._131","ἐπεί@cs καί@b οὗτος@rpans ἔχω@vipa1p αὐτός@rpdmp ἐπιτιμάω@vnpa-- ὅτι@cs ὁ@ddfs μέν@b ἑαυτοῦ@rpgmp πόλις@ndfsc ὁ@damp ὅμορος@anamp- εἱλωτεύω@vnpa-- ἀναγκάζω@vipa3p ὁ@ddns δέ@cs κοινός@andns- ὁ@ddms ὁ@dgmp σύμμαχος@ngmpc οὐδείς@rpans τοιοῦτος@anans- κατασκευάζω@vipa3p ἔξεστι@vppaans αὐτός@rpdmp ὁ@danp πρός@p ἐγώ@rpamp διαλύω@vpamdmp ἅπας@anamp- ὁ@damp βάρβαρος@nampc περίοικος@anamp- ὅλος@angfs- ὁ@dgfs ἑλλάς@ngfsp καθίστημι@vnaa--"
"Panegyr._132","καίτοι@b χρή@vipa3s ὁ@damp φύσις@ndfsc καί@cs μή@b διά@p τύχη@nafsc μέγας@anans- φρονέω@vppaamp τοιοῦτος@andnp- ἔργον@ndnpc ἐπιχειρέω@vnpa-- πολύς@anans- μᾶλλον@b ἤ1@cs ὁ@damp νησιώτης@nampc δασμολογέω@vnpa-- ὅς@rpamp ἄξιος@annns- εἰμί@vipa3s ἐλεέω@vnpa-- ὁράω@vppaamp οὗτος@rpamp μέν@b διά@p σπάνιος@nafsc ὁ@dgfs γῆ@ngfsc ὄρος@nanpc γεωργέω@vnpa-- ἀναγκάζω@vppeamp ὁ@damp δέ@cs ἠπειρώτης@nampc διά@p ἀφθονία@nafsc ὁ@dgfs χώρα@ngfsc ὁ@dafs μέν@b πλεῖστος@anafs- αὐτός@rpgfs ἀργός2@anafs- περιοράω@vppaamp ἐκ@p ὅς@rpgfs δέ@cs καρπόω@vipe3p τοσοῦτος@anams- πλοῦτος1@namsc κτάομαι@vpreamp"
"Panegyr._133","ἡγέομαι@vipe1s δέ@b εἰ@cs τις@rpncp ἄλλοθεν@b ἐπέρχομαι@vpaanmp θεατής@nnmpc γίγνομαι@voam3p ὁ@dgnp πάρειμι1@vppagnp πρᾶγμα@ngnpc πολύς@anafs- ἄν@b αὐτός@rpamp καταγιγνώσκω@vnaa-- μανία@nafsc ἀμφότερος@angmp- ἐγώ@rpgmp ὅς@rpnmp τις@rpnmp οὕτως@b περί@p μικρός@angnp- κινδυνεύω@vipa1p ἔξεστι@vppaans ἀδεής@b πολύς@ananp- κτάομαι@vnre-- καί@cs ὁ@dafs ἡμέτερος@anafs- αὐτός@rpgmp χώρα@nafsc διαφθείρω@vipa1p ἀμελέω@vpaanmp ὁ@dafs ἀσία@nafsp καρπόω@vnpe--"
"Panegyr._134","καί@b ὁ@ddns μέν@b οὐδείς@rpnns πρ@b οὐργιαῖος@annns- εἰμί@vipa3s ἤ1@cs σκοπέω@vnpa-- ἐκ@p ὅς@rpgnp μηδέποτε@b παύω@vifm1p πρός@p ἀλλήλων@rpamp πολεμέω@vppanmp ἐγώ@rpnmp δέ@b τοσοῦτος@rpgns δέω@vipa1p συγκρούω@vnpa-- τις@rpans ὁ@dgnp ἐκεῖνος@rpgms πρᾶγμα@ngnpc ἤ1@cs ποιέω@vnpa-- στασιάζω@vnpa-- ὥστε@cs καί@b ὁ@dafp διά@p τύχη@nafsc αὐτός@rpdms γίγνομαι@vpreafp ταραχή@nafpc συνδιαλύω@vnpa-- ἐπιχειρέω@vipa1p ὅς@rpnmp τις@rpnmp καί@b ὁ@dgnd στρατόπεδον@ndndc ὁ@ddnp περί@p κύπρος@nafsp ἐάω@vipa1p αὐτός@rpams ὁ@ddns μέν@b χράω@vnpe-- ὁ@dans δέ@b πολιορκέω@vnpa-- ἀμφότερος@andmp- αὐτός@rpdmd ὁ@dgfs ἑλλάς@ngfsp εἰμί@vppagmd"
"Panegyr._135","ὅς@dnmp τε@b γάρ@b ἀφεστήξω@vpranmp πρός@p ἐγώ@rpamp τε@b οἰκεῖος@b ἔχω@vipa3p καί@b λακεδαιμόνιος@ndmpp σφεῖς@rpamp αὐτός@anamp- ἐνδίδωμι@vipa3p ὁ@dgmp τε@b μετά@p τειριβάζος@ngmsp στρατεύω@vppegmp καί@cs ὁ@dgms πεζός@angns- ὁ@dnns χρήσιμος@annnss ἐκ@p ὅδε@angmp- ὁ@dgmp τόπος@ngmpc ἀθροίζω@vire3s καί@cs ὁ@dgns ναυτικόν@angns- ὁ@dnns πλεῖστος@annns- ἀπό@p ἰωνία@ngfsp συμπλεύσσω@viia3s ὅς@rpnmp πολύς@anans- ἄν@b ἡδύς@anansc κοινῇ@b ὁ@dafs ἀσία@nafsp πορθέω@viia3p ἤ1@cs πρός@p ἀλλήλων@rpamp ἕνεκα@p μικρός@angnp- κινδυνεύω@viia3p"
"Panegyr._136","ὅς@rpgnp ἐγώ@rpnmp οὐδείς@anafs- ποιέω@vipe1p πρόνοια@nafsc ἀλλά@cs περί@p μέν@b ὁ@dgfp κίλιξ@ngfpp νῆσος@ngfpc ἀμφισβητέω@vifa1p τοσοῦτος@anafp- δέ@cs ὁ@dans πλῆθος@nansc πόλις@nafpc καί@cs τηλικοῦτος@anafp- ὁ@dans μέγεθος@nansc δύναμις@nafpc οὕτως@b εἰκῇ@b ὁ@ddms βάρβαρος@ndmsc παραδίδωμι@vira1p τοιγάρ@b ὁ@danp μέν@b ἔχω@vipa3s ὁ@danp δέ@b μέλλω@vipa3s ὁ@ddnp δέ@cs ἐπιβουλεύω@vipa3s δίκαιος@b ἅπας@angmp- ἐγώ@rpgmp καταφρονέω@vpranms"
"Panegyr._137","διαπράσσω@vire3s γάρ@b ὅς@rpans ὁ@dgmp ἐκεῖνος@rpgms πρόγονος@ngmpc οὐδείς@rpnms πώποτε@b ὁ@dafs τε@b γάρ@b ἀσία@nafsp διομολογέω@vire3s καί@b παρά@p ἐγώ@rpgmp καί@cs παρά@p λακεδαιμόνιος@ngmpp βασιλεύς@ngmsc εἰμί@vnpa-- ὁ@dafp τε@cs πόλις@nafpc ὁ@dafp ἑλληνίς@nafpp οὕτως@b κύριος@b παραλαμβάνω@vira3s ὥστε@cs ὁ@dafp μέν@b αὐτός@rpgfp κατασκάπτω@vnpa-- ἐν@p δέ@cs ὁ@ddfp ἀκρόπολις@ndfpc ἐντειχίζω@vnpa-- καί@b οὗτος@rpnnp πᾶς@annnp- γίγνομαι@vira3s διά@p ὁ@dafs ἡμέτερος@anafs- ἄνοια@nafsc ἀλλά@cs οὐ@b διά@p ὁ@dafs ἐκεῖνος@rpgms δύναμις@nafsc"
"Panegyr._138","καίτοι@b τις@rpnmp θαυμάζω@vipa3p ὁ@dans μέγεθος@nansc ὁ@dgnp βασιλεύς@ngmsc πρᾶγμα@ngnpc καί@cs φημί@vipa3p αὐτός@rpams εἰμί@vnpa-- δυσπολέμητος@anams- διέξειμι@vppanmp ὡς@cs πολύς@anafp- ὁ@dafp μεταβολή@nafpc ὁ@ddmp ἕλλην@ndmpp ποιέω@vira3s ἐγώ@rpnms δέ@b ἡγέομαι@vipe1s μέν@b ὁ@damp οὗτος@rpanp λέγω3@vppaamp οὐ@b ἀποτρέπω@vnpa-- ἀλλά@cs ἐπισπεύδω@vnpa-- ὁ@dafs στρατεία@nafsc εἰ@cs γάρ@b ἐγώ@rpgmp ὁμονοέω@vpaagmp αὐτός@rpnms ἐν@p ταραχή@ndfpc εἰμί@vppanms χαλεπός@annms- εἰμί@vifm3s προσπολεμέω@vnaa-- ἦ@b πού@b σφόδρα@b χρή@vipa3s δείδω@vnra-- ὁ@dams καιρός@namsc ἐκεῖνος@anams- ὅταν@cs ὁ@dnnp μέν@b ὁ@dgmp βάρβαρος@ngmpc καθίστημι@vsap3s καί@cs διά@p εἷς@angfs- γίγνομαι@vsam3s γνώμη@ngfsc ἐγώ@rpnmp δέ@cs πρός@p ἀλλήλων@rpamp ὥσπερ@cs νῦν@b πολεμικός@b ἔχω@vspa1p"
"Panegyr._139","οὐ@b μήν@b οὐ@b δέ@cs εἰ@cs συναγορεύω@vipa3p ὁ@ddnp ὑπό@p ἐγώ@rpgms λέγω3@vppednp οὐ@b δέ@cs ὡς@cs ὀρθός@b περί@p ὁ@dgfs ἐκεῖνος@rpgms δύναμις@ngfsc γιγνώσκω@vipa3p εἰ@cs μέν@b γάρ@b ἀποφαίνω@viia1s αὐτός@rpams ἅμα@p ὁ@dgnd πολύς@andmp- ἀμφότερος@andmp- πρότερος@anans- ποτέ@b περιγίγνομαι@vpreams εἰκότως@b ἄν@b ἐγώ@rpamp καί@b νῦν@b ἐκφοβέω@vnaa-- ἐπιχειρέω@viia3p εἰ@cs δέ@b οὗτος@rpnns μέν@b μή@b γίγνομαι@vira3s ἀντίπαλος@angmp- δέ@cs εἰμί@vppagmp ἐγώ@rpgmp καί@cs λακεδαιμόνιος@ngmpp προστίθημι@vpamnms ὁ@ddmp ἕτερος@andmp- ἐπικυδής@ananpc ὁ@danp πρᾶγμα@nanpc ἕτερος@ananp- ποιέω@viaa3s οὐδείς@annns- εἰμί@vipa3s οὗτος@rpnns σημεῖον@nnnsc ὁ@dgfs ἐκεῖνος@rpgms ῥώμη@ngfsc ἐν@p γάρ@b ὁ@ddmp τοιοῦτος@andmp- καιρός@ndmpc πολλάκις@b μικρός@annfp- δύναμις@nnfpc μέγας@anafp- ὁ@dafp ῥοπή@nafpc ποιέω@viaa3p ἐπεί@cs καί@b περί@p χίων@ngmpp ἔχω@vopa1s ἄν@b οὗτος@anams- ὁ@dams λόγος@namsc εἶπον@vnaa-- ὡς@cs ὁπότερος@andmp- ἐκεῖνος@rpnmp προστίθημι@vnae-- βούλομαι@voap3p οὗτος@rpnmp κατά@p θάλασσα@nafsc κρείσσων@annmpc εἰμί@viia3p"
"Panegyr._140","ἀλλά@b γάρ@b οὐ@b ἐκ@p οὗτος@rpgnp δίκαιος@annns- εἰμί@vipa3s σκοπέω@vnpa-- ὁ@dafs βασιλεύς@ngmsc δύναμις@nafsc ἐκ@p ὅς@rpgnp μετά@p ἑκάτερος@angnp- γίγνομαι@vira3s ἀλλά@cs ἐκ@p ὅς@rpgnp αὐτός@rpnms ὑπέρ@p ἑαυτοῦ@rpgms πολεμέω@vira3s καί@b πρῶτος@anans- μέν@b ἀφεστήξω@vpaagfs αἴγυπτος@ngfsp τίς@rpnns διαπράσσω@vire3s πρός@p ὁ@damp ἔχω@vppaamp αὐτός@rpafs οὐ@b ἐκεῖνος@rpnms μέν@b ἐπί@p ὁ@dams πόλεμος@namsc οὗτος@anams- καταπέμπω@viaa3s ὁ@damp εὐδόκιμος@anamps πέρσης@ngmpp ἀβροκόμας@namsp καί@b τιθραύστης@namsp καί@cs φαρνάβαζος@namsp οὗτος@rpnmp δέ@cs τρεῖς@an---- ἔτος@nanpc μένω@vpaanmp καί@cs πλείων@ananpc κακός@ananp- πάσχω@vpaanmp ἤ1@cs ποιέω@vpaanmp τελευτάω@vppanmp οὕτως@b αἰσχρός@b ἀπαλλάσσω@viaa3p ὥστε@cs ὁ@damp ἀφεστήξω@vpraamp μηκέτι@b ὁ@dafs ἐλευθερία@nafsc ἀγαπάω@vnpa-- ἀλλά@cs ἤδη@b καί@b ὁ@dgmp ὅμορος@angmp- ζητέω@vnpa-- ἐπάρχω@vnpa--"
"Panegyr._141","μετά@p δέ@b οὗτος@rpans ἐπί@p εὐαγόρης@namsp στρατεύω@vpaanms ὅς@rpnms ἄρχω@vipa3s μέν@b εἷς@angfs- πόλις@ngfsc ἐν@p δέ@b ὁ@ddfp συνθήκη@ndfpc ἔκδοτος@annms- εἰμί@vipa3s οἰκέω@vppanms δέ@b νῆσος@nafsc κατά@p μέν@b θάλασσα@nafsc προδεδαπάνηκα@vira3s ὑπέρ@p δέ@cs ὁ@dgfs χώρα@ngfsc τρισχίλιοι@anamp- ἔχω@vipa3s μόνος@anans- πελταστής@nampc ἀλλά@cs ὅμως@b οὕτως@b ταπεινός@angfs- δύναμις@ngfsc οὐ@b δύναμαι@vipe3s περιγίγνομαι@vnam-- βασιλεύς@nnmsc πολεμέω@vppanms ἀλλά@cs ἤδη@b μέν@b ἕξ@an---- ἔτος@nanpc διατρίβω@vira3s εἰ@cs δέ@cs δεῖ@vipa3s ὁ@danp μέλλω@vppaanp ὁ@ddnp γίγνομαι@vpredmp τεκμαίρομαι@vnpe-- πολύς@anans- πλείων@annfsc ἐλπίς@nnfsc εἰμί@vipa3s ἕτερος@anams- ἀφεστήξω@vnaa-- πρίν@cs ἐκεῖνος@rpams ἐκπολιορκέω@vnap-- τοιοῦτος@annfp- βραδυτής@nnmpc ἐν@p ὁ@ddfp πρᾶξις@ndfpc ὁ@ddfp βασιλεύς@ngmsc ἔνειμι@vipa3p"
"Panegyr._142","ἐν@p ὁ@ddms πόλεμος@ndmsc ὁ@ddms περί@p ῥόδος@nafsp ἔχω@vppanms μέν@b ὁ@damp λακεδαιμόνιος@ngmpp σύμμαχος@nampc εὔνους@anamp- διά@p ὁ@dafs χαλεπότης@nafsc ὁ@dgfp πολιτεία@ngfpc χράομαι@vppenms δέ@b ὁ@ddfp ὑπηρεσία@ndfpc ὁ@ddfp παρά@p ἐγώ@rpgmp στρατηγέω@vppagms δέ@cs αὐτός@rpdms κόνων@ngmsp ὅς@rpnms εἰμί@viia3s ἐπιμελής@annmss μέν@b ὁ@dgmp στρατηγός@ngmpc πιστός2@annmss δέ@b ὁ@ddmp ἕλλην@ndmpp ἔμπειρος@annmss δέ@cs ὁ@dgmp πρός@p ὁ@dams πόλεμος@namsc κίνδυνος@ngmpc τοιοῦτος@anams- λαμβάνω@vpaanms συναγωνιστής@namsc τρεῖς@ananp- μέν@b ἔτος@nanpc περίεἶδον@viaa3s ὁ@dans ναυτικόν@nansc ὁ@dans προκινδυνεύω@vppeans ὑπέρ@p ὁ@dgfs ἀσία@ngfsp ὑπό@p τριήρης@ngfpc ἑκατόν@an---- μόνος@ngfpc πολιορκέω@vppeans πεντεκαίδεκα@an---- δέ@cs μείς@ngmpc ὁ@damp στρατιώτης@nampc ὁ@dams μισθός@namsc ἀποστερέω@viaa3s ὥστε@cs ὁ@dans μέν@b ἐπί@p ἐκεῖνος@rpdns πολλάκις@b ἄν@b διαλύω@viap3p διά@p δέ@cs ὁ@dams ἐφίστημι@vpraams καί@cs ὁ@dafs συμμαχία@nafsc ὁ@dafs περί@p κόρινθος@nafsp συνίστημι@vpaaafs μόλις@b ναυμαχέω@vppanmp νικάω@viaa3p"
"Panegyr._143","καί@b οὗτος@rpnnp εἰμί@vipa3s ὁ@dnnp βασιλικός@annnps καί@cs σεμνός@annnps ὁ@dgnp ἐκεῖνος@rpdms πράσσω@vpregnp καί@cs περί@p ὅς@rpgnp οὐδέποτε@b παύω@vipe3p λέγω3@vppanmp ὁ@dnmp βούλομαι@vppenmp ὁ@danp ὁ@dgmp βάρβαρος@ngmpc μέγας@ananp- ποιέω@vnpa-- ὥστε@b οὐδείς@rpnms ἄν@b ἔχω@vopa3s οὗτος@rpans εἶπον@vnaa-- ὡς@cs οὐ@b δίκαιος@b χράω@vipe1s ὁ@ddnp παράδειγμα@ndnpc οὐ@b δέ@cs ὡς@cs ἐπί@p μικρός@andnp- διατρίβω@vipa1s ὁ@dafp μέγας@anafps ὁ@dgfp πρᾶξις@ngfpc παραλείπω@vppanms"
"Panegyr._144","φεύγω@vppanms γάρ@b οὗτος@anafs- ὁ@dafs αἰτία@nafsc ὁ@danp καλός@ananps ὁ@dgnp ἔργον@ngnpc διέρχομαι@viaa1s οὐ@b ἀμνημονέω@vppanms οὐ@b δέ@cs ἐκεῖνος@rpgmp ὅτι@cs δερκυλίδας@nnmsp μέν@b χίλιοι@anamp- ἔχω@vppanms ὁπλίτης@nampc ὁ@dgfs αἰολίς@ngfsp ἐπάρχω@viia3s δράκων@nnmsp δέ@b ἀταρνεύς@namsp καταλαμβάνω@vpaanms καί@cs τρισχίλιοι@anamp- πελταστής@nampc σύνλέγω2@vpaanms ὁ@dans μύσιος@anans- πεδίον@nansc ἀνάστατος@anans- ποιέω@viaa3s θίβρων@nnmsp δέ@b ὀλίγος@andns- πλείων@anampc οὗτος@rpgfp διαβιβάζω@vpaanms ὁ@dafs λυδία@nafsp ἅπας@anafs- πορθέω@viaa3s ἀγησίλαος@nnmsp δέ@cs ὁ@ddns κυρεῖον@andns- στράτευμα@ndnsc χράομαι@vppenms μικρός@angms- δεῖ@vnpa-- ὁ@dgfs ἐντός@p ἅλυς@ngfsp χώρα@ngfsc κρατέω@viaa3s"
"Panegyr._145","καί@b μήν@b οὐ@b δέ@b ὁ@dafs στρατιά@nafsc ὁ@dafs μετά@p ὁ@dgms βασιλεύς@ngmsc περιπολέω@vpaaafs οὐ@b δέ@cs ὁ@dafs πέρσης@ngmpp ἄνδριος@nafsc ἄξιος@annns- φοβέω@vnap-- καί@b γάρ@b ἐκεῖνος@rpnmp φανερός@b ἐπιδείκνυμι@viap3p ὑπό@p ὁ@dgmp κῦρος@ndmsp συναναβαίνω@vpaagmp οὐδείς@anans- βελτίων@annmpc εἰμί@vppanmp ὁ@dgmp ἐπί@p θάλασσα@ndfsc ὁ@dafp μέν@b γάρ@b ἄλλος@anafp- μάχη@nafpc ὅσος@anafp- ἡσσάομαι@viae3p ἐάω@vipa1s καί@cs τίθημι@vipa1s στασιάζω@vnpa-- αὐτός@rpamp καί@cs μή@b βούλομαι@vnpe-- πρόθυμος@b πρός@p ὁ@dams ἀδελφός@namsc ὁ@dams βασιλεύς@ngmsc διακινδυνεύω@vnpa--"
"Panegyr._146","ἀλλά@b ἐπεί@cs κῦρος@ngmsp τελευτάω@vpaagms συνέρχομαι@viaa3p ἅπας@annmp- ὁ@dnmp ὁ@dafs ἀσία@nafsp κατοικέω@vppanmp ἐν@p οὗτος@andmp- ὁ@ddmp καιρός@ndmpc οὕτως@b αἰσχρός@b πολεμέω@viaa3p ὥστε@cs μηδείς@anams- λόγος@namsc ὑπολείπω@vnaa-- ὁ@ddmp ἐθίζω@vpredmp ὁ@dafs πέρσης@ngmpp ἄνδριος@nafsc ἐπαινέω@vnpa-- λαμβάνω@vpaanmp γάρ@b ἑξακισχίλιοι@anamp- ὁ@dgmp ἕλλην@ngmpp οὐ@b ἀριστίνδην@b ἐπιλέγω@vpreamp ἀλλά@cs ὅς@rpnmp διά@p φαυλότης@nafsc ἐν@p ὁ@ddfp ἑαυτοῦ@rpgmp οὐ@b οἷος@annmp- τε@b εἰμί@viia3p ζάω@vnpa-- ἄπειρος1@anamp- μέν@b ὁ@dgfs χώρα@ngfsc εἰμί@vppaamp ἐρῆμος@anamp- δέ@b σύμμαχος@ngmpc γίγνομαι@vpreamp προδέδω@vpreamp δέ@b ὑπό@p ὁ@dgmp συναναβαίνω@vpaagmp ἀποστερέω@vpreamp δέ@cs ὁ@dgms στρατηγός@ngmsc μετά@p ὅς@rpgms συνακολουθέω@viap3p"
"Panegyr._147","τοσοῦτος@anans- αὐτός@rpgmp ἥσσων@annmpc εἰμί@viia3p ὥστε@cs ὁ@dnms βασιλεύς@nnmsc ἀπορέω@vpaanms ὁ@ddnp πάρειμι1@vppadnp πρᾶγμα@ndnpc καί@cs καταφρονέω@vpaanms ὁ@dgfs περί@p ἑαυτοῦ@rpams δύναμις@ngfsc ὁ@damp ἄρχων@nampc ὁ@damp ὁ@dgmp ἐπίκουρος@ngmpc ὑπόσπονδος@anamp- συλλαμβάνω@vnaa-- τολμάω@viaa3s ὡς@cs εἰ@cs οὗτος@rpans παρανομέω@voaa3s συνταράσσω@vpfanms ὁ@dans στρατόπεδον@nansc καί@cs μᾶλλον@b αἱρέω@viam3s περί@p ὁ@damp θεός@nampc ἐξαμαρτάνω@vnaa-- ἤ1@cs πρός@p ἐκεῖνος@rpamp ἐκ@p ὁ@dgns φανερός@angns- διαγωνίζομαι@vnae--"
"Panegyr._148","διαμαρτάνω@vpaanms δέ@b ὁ@dgfs ἐπιβουλή@ngfsc καί@cs ὁ@dgmp στρατιώτης@ngmpc συμμένω@vpaagmp καί@cs καλός@b φέρω@vpaagmp ὁ@dafs συμφορά@nafsc ἄπειμι1@vppadmp αὐτός@rpdmp τισσαφέρνης@namsp καί@cs ὁ@damp ἱππεύς@nampc συμπέμπω@viaa3s ὑπό@p ὅς@rpgmp ἐκεῖνος@rpnmp παρά@p πᾶς@anafs- ἐπιβουλεύω@vppenmp ὁ@dafs ὁδός@nafsc ὅμοιος@b διαπορεύω@viap3p ὥσπερ@b προπέμπω@vppenmp μάλιστα@b μέν@b φοβέω@vppenmp ὁ@dafs ἀοίκητος@anafs- ὁ@dgfs χώρα@ngfsc μέγας@anans- δέ@cs ὁ@dgnp ἀγαθός@angnp- νομίζω@vppanmp εἰ@cs ὁ@dgmp πολέμιος@ngmpc ὡς@b πλεῖστος@andmp- ἐντυγχάνω@voaa3p"
"Panegyr._149","κεφάλαιος@annns- δέ@b ὁ@dgnp ἐρῶ@vpregnp ἐκεῖνος@rpnmp γάρ@b οὐ@b ἐπί@p λεία@nafsc ἔρχομαι@vpaanmp οὐ@b δέ@cs κώμη@nafsc καταλαμβάνω@vpaanmp ἀλλά@cs ἐπί@p αὐτός@anams- ὁ@dams βασιλεύς@namsc στρατεύω@vpaanmp ἀσφαλής@anansc καταβαίνω@viaa3p ὁ@dgmp περί@p φιλία@ngfsc ὡς@p αὐτός@rpams πρεσβεύω@vppagmp ὥστε@b ἐγώ@rpdms δοκέω@vipa3p ἐν@p ἅπας@andmp- ὁ@ddmp τόπος@ndmpc σαφής@b ἐπιδείκνυμι@vnre-- ὁ@dafs ἑαυτοῦ@rpgmp μαλακία@nafsc καί@b γάρ@b ἐν@p ὁ@ddfs παράλιος@ndfsc ὁ@dgfs ἀσία@ngfsp πολύς@anafp- μάχη@nafpc ἡσσάομαι@vire3p καί@b διαβαίνω@vpaanmp εἰς@p ὁ@dafs εὐρώπη@namsp δίκη@nafsc δίδωμι@viaa3p ὁ@dnmp μέν@b γάρ@b αὐτός@rpgmp κακός@b ἀπόλλυμι@viam3p ὁ@dnmp δέ@cs αἰσχρός@b σώζω@viap3p καί@cs τελευτάω@vppanmp ὑπό@p αὐτός@rpdmp ὁ@ddnp βασίλειον@andnp- καταγέλαστος@annmp- γίγνομαι@vira3p"
"Panegyr._150","καί@b οὗτος@rpgnp οὐδείς@rpnns ἄλογος@b γίγνομαι@vira3s ἀλλά@cs πᾶς@annnp- εἰκότως@b ἀποβαίνω@vira3s οὐ@b γάρ@b οἷος@annns- τε@b ὁ@damp οὕτως@b τρέφω@vppeamp καί@cs πολιτεύω@vppeamp οὐ@b τε@b ὁ@dgfs ἄλλος@angfs- ἀρετή@ngfsc μετέχω@vnpa-- οὐ@b τε@cs ἐν@p ὁ@ddfp μάχη@ndfpc τρόπαιον@anans- ἵστημι@vnpa-- ὁ@dgmp πολέμιος@ngmpc πῶς@b γάρ@b ἐν@p ὁ@ddnp ἐκεῖνος@rpgmp ἐπιτήδευμα@ndnpc ἐγγίγνομαι@vnam-- δύναμαι@vope3s ἄν@b ἤ1@b στρατηγός@nnmsc δεινός@annms- ἤ1@cs στρατιώτης@nnmsc ἀγαθός@annms- ὅς@rpgmp ὁ@dans μέν@b πλεῖστος@annns- εἰμί@vipa3s ὄχλος@nnmsc ἄτακτος@annms- καί@cs κίνδυνος@ngmpc ἄπειρος@annms- πρός@p μέν@b ὁ@dams πόλεμος@namsc ἐκλύω@vprenms πρός@p δέ@b ὁ@dafs δουλεία@nafsc ἀμείνων@anansc ὁ@dgmp παρά@p ἐγώ@rpdmp οἰκέτης@ngmpc παιδεύω@vprenms"
"Panegyr._151","ὁ@dnmp δέ@cs ἐν@p ὁ@ddfp μέγας@andfp- δοκέω@ndfpc εἰμί@vppanmp αὐτός@rpgmp ὁμαλής@b μέν@b οὐ@b δέ@b κοινός@b οὐ@b δέ@cs πολιτικός@b οὐδεπώποτε@b βιόω@viaa3p ἅπας@anams- δέ@cs ὁ@dams χρόνος@namsc διάγω@vipa3p εἰς@p μέν@b ὁ@damp ὑβρίζω@vppanmp ὁ@ddnp δέ@b δουλεύω@vppanmp ὡς@cs ἄν@b ἄνθρωπος@nnmpc μάλιστα@b ὁ@dafp φύσις@nafpc διαφθείρω@voaa3p καί@cs ὁ@danp μέν@b σῶμα@nanpc διά@p ὁ@damp πλοῦτος@nampc τρυφάω@vppanmp ὁ@dafp δέ@cs ψυχή@nafpc διά@p ὁ@dafp μοναρχία@nafpc ταπεινός@anafp- καί@cs περιδεής@anafp- ἔχω@vppanmp ἐξετάζω@vppenmp πρός@p αὐτός@rpdmp ὁ@ddnp βασίλειον@andmp- καί@b προκαλινδέομαι@vppenmp καί@cs πᾶς@anams- τρόπος@namsc μικρός@anams- φρονέω@vnpa-- μελετάω@vppanmp θνητός@anams- μέν@b ἀνήρ@namsc προσκυνέω@vppanmp καί@cs δαίμων@namsc προσαγορεύω@vppanmp ὁ@dgmp δέ@b θεός@ngmpc μᾶλλον@b ἤ1@cs ὁ@dgmp ἄνθρωπος@ngmpc ὀλιγωρέω@vppanmp τοιγάρ@b ὁ@dnmp καταβαίνω@vppanmp αὐτός@rpgmp ἐπί@p θάλασσα@nafsc"
"Panegyr._152","ὅς@rpamp καλέω@vipa3p σατράπης@nampc οὐ@b καταισχύνω@vipa3p ὁ@dafs ἐκεῖ@b παίδευσις@nafsc ἀλλά@cs ἐν@p ὁ@ddnp ἦθος@ndnpc ὁ@ddnp αὐτός@rpdnp διαμένω@vipa3p πρός@p μέν@b ὁ@damp φίλος@anamp- ἄπιστος@b πρός@p δέ@b ὁ@damp ἐχθρός@anamp- ἄνανδρος@b ἔχω@vppanmp καί@cs ὁ@danp μέν@b ταπεινός@b ὁ@danp δέ@b ὑπερήφανος@b ζάω@vppanmp ὁ@dgmp μέν@b σύμμαχος@angmp- καταφρονέω@vppanmp ὁ@damp δέ@b πολέμιος@nampc θεραπεύω@vppanmp"
"Panegyr._153","ὁ@dafs μέν@b γε@b μετά@p ἀγησίλαος@ngmsp στρατιά@nafsc ὀκτώ@an---- μείς@nampc ὁ@ddfp ἑαυτοῦ@rpgmp δαπάνη@ndfpc διατρέφω@viaa3p ὁ@damp δέ@cs ὑπέρ@p ἑαυτοῦ@rpgmp κινδυνεύω@vppaamp ἕτερος@angms- τοσοῦτος@angms- χρόνος@ngmsc ὁ@dams μισθός@namsc ἀποστερέω@viaa3p καί@b ὁ@ddmp μέν@b κισθήνη@nafsp καταλαμβάνω@vpaadmp ἑκατόν@an---- τάλαντον@nanpc διανέμω@viaa3p ὁ@damp δέ@cs μετά@p ἑαυτοῦ@rpgmp εἰς@p κύπρος@nafsp στρατεύω@vpamamp μᾶλλον@b ἤ1@cs ὁ@damp αἰχμάλωτος@anamp- ὑβρίζω@viia3p"
"Panegyr._154","ὡς@cs δέ@b ἁπλῶς@b εἶπον@vnaa-- καί@b μή@b κατά@p εἷς@anans- ἕκαστος@anans- ἀλλά@cs ὡς@b ἐπί@p ὁ@dans πολύς@anans- τις@rpnms ἤ1@b ὁ@dgmp πολεμέω@vpaagmp αὐτός@rpdmp οὐ@b εὐδαιμονέω@vpaanms ἀπέρχομαι@viaa3s ἤ1@cs ὁ@dgnp ὑπό@p ἐκεῖνος@rpdmp γίγνομαι@vpamgnp οὐ@b αἰκίζω@vpapnms ὁ@dams βίος@namsc τελευτάω@viaa3s οὐ@b κόνων@namsp μέν@b ὅς@rpnms ὑπέρ@p ὁ@dgfs ἀσία@ngfsp στρατηγέω@vpaanms ὁ@dafs ἀρχή@nafsc ὁ@dafs λακεδαιμόνιος@ngmpp καταλύω@viaa3s ἐπί@p θάνατος@ndmsc συλλαμβάνω@vnaa-- τολμάω@viaa3p θεμιστοκλῆς@namsp δέ@cs ὅς@rpnms ὑπέρ@p ὁ@dgfs ἑλλάς@ngfsp αὐτός@rpamp καταναυμαχέω@viaa3s ὁ@dgfp μέγας@angnps δωρεά@ngfpc ἀξιόω@viaa3p"
"Panegyr._155","καίτοι@b πῶς@b χρή@vipa3s ὁ@dafs οὗτος@rpgmp φιλία@nafsc ἀγαπάω@vnpa-- ὅς@rpnmp ὁ@damp μέν@b εὐεργέτης@nampc τιμωρέω@vipe3p ὁ@damp δέ@b κακός@b ποιέω@vppaamp οὕτως@b ἐπιφανής@b κολακεύω@vipa3p περί@p τις@rpamp δέ@b ἐγώ@rpgmp οὐ@b ἐξαμαρτάνω@vira3p ποῖος@anams- δέ@b χρόνος@namsc διαλείπω@vira3p ἐπιβουλεύω@vppanmp ὁ@ddmp ἕλλην@ndmpp τίς@rpnns δέ@b οὐ@b ἐχθρός@annns- αὐτός@rpdmp εἰμί@vipa3s ὁ@dgmp παρά@p ἐγώ@rpdmp ὅς@rpnmp καί@b ὁ@danp ὁ@dgmp θεός@ngmpc ἕδος@nanpc καί@cs ὁ@damp ναῦς@nampc συλάω@vnpa-- ἐν@p ὁ@ddms πρότερος@andms- πόλεμος@ndmsc καί@cs κατακαίω@vnpa-- τολμάω@viaa3p διό@b καί@b ὁ@damp ἴωνες@nampp ἄξιος@annns- ἐπαινέω@vnpa--"
"Panegyr._156","ὅτι@cs ὁ@dgnp ἐμπίμπρημι@vpapgnp ἱερόν@ngnpc ἐπαράομαι@viam3p εἰ@cs τις@rpnmp κινέω@voaa3p ἤ1@cs πάλιν@b εἰς@p ὁ@danp ἀρχαῖος@ananp- καθίστημι@vnaa-- βούλομαι@voap3p οὐ@b ἀπορέω@vppanmp πόθεν@b ἐπισκευάζω@vsaa3p ἀλλά@cs ἵνα@cs ὑπόμνημα@nnnsc ὁ@ddmp ἐπιγίγνομαι@vppedmp εἰμί@vspa3s ὁ@dgfs ὁ@dgmp βάρβαρος@ngmpc ἀσέβεια@ngfsc καί@cs μηδείς@rpnms πιστεύω@vspa3s ὁ@ddmp τοιοῦτος@rpanp εἰς@p ὁ@danp ὁ@dgmp θεός@ngmpc ἐξαμαρτάνω@vnaa-- τολμάω@vppadmp ἀλλά@cs καί@b φυλάσσω@vspe3p καί@cs δείδω@vspa3p ὁράω@vppanmp αὐτός@rpamp οὐ@b μόνος@anans- ὁ@ddnp σῶμα@ndnpc ἐγώ@rpgmp ἀλλά@cs καί@b ὁ@ddnp ἀνάθημα@ndnpc πολεμέω@vpaaamp"
"Panegyr._157","ἔχω@vipa1s δέ@b καί@b περί@p ὁ@dgmp πολίτης@ngmpc ὁ@dgmp ἡμέτερος@angmp- τοιοῦτος@rpanp διέρχομαι@vnaa-- καί@b γάρ@b οὗτος@rpnmp πρός@p μέν@b ὁ@damp ἄλλος@rpamp ὅσος@andmp- πολεμέω@vira3p ἅμα@b διαλλάσσω@vipe3p καί@cs ὁ@dgfs ἔχθρα@ngfsc ὁ@dgfs γίγνομαι@vpregfs ἐπιλανθάνομαι@vipe3p ὁ@ddmp δέ@cs ἠπειρώτης@ndmpc οὐ@b δέ@b ὅταν@cs εὖ@b πάσχω@vspa3p χάρις@nafsc οἶδα@vira3p οὕτως@b ἀείμνηστος@anafs- ὁ@dafs ὀργή@nafsc πρός@p αὐτός@rpamp ἔχω@vipa3p καί@b πολύς@angmp- μέν@b ὁ@dnmp πατήρ@nnmpc ἐγώ@rpgmp μηδισμός@ngmsc θάνατος@namsc καταγιγνώσκω@viaa3p ἐν@p δέ@cs ὁ@ddmp σύλλογος@ndmpc ἔτι@b καί@b νῦν@b ἀρά@nafpc ποιέω@vipe3p πρίν@cs ἄλλος@anans- τις@rpans χρηματίζω@vnpa-- εἰ@cs τις@rpnms ἐπικηρυκεύομαι@vipe3s πέρσης@ndmpp ὁ@dgmp πολίτης@ngmpc εὐμολπίδαι@nnmpp δέ@b καί@cs κῆρυξ@nnmpp ἐν@p ὁ@ddfs τελετή@ndfsc ὁ@dgnp μυστήριον@ngnpc διά@p ὁ@dans οὗτος@rpgmp μῖσος@nansc καί@b ὁ@ddmp ἄλλος@andmp- βάρβαρος@ndmpc ἔργω1@vnpe-- ὁ@dgnp ἱερόν@ngnpc ὥσπερ@cs ὁ@ddmp ἀνδροφόνος@andmp-"
"Panegyr._158","προαγορεύω@vipa3p οὕτως@b δέ@b φύσις@ndfsc πολεμικός@b πρός@p αὐτός@rpamp ἔχω@vipa1p ὥστε@cs καί@b ὁ@dgmp μῦθος@ngmpc ἡδύς@ananps συνδιατρίβω@vipa1p ὁ@ddmp τρωικός@andmp- καί@cs περσικός@andmp- διά@p ὅς@rpgmp εἰμί@vipa3s πυνθάνομαι@vnpe-- ὁ@dafp ἐκεῖνος@rpgmp συμφορά@nafpc εὑρίσκω@voaa3s δέ@b ἄν@b τις@rpnms ἐκ@p μέν@b ὁ@dgms πόλεμος@ngmsc ὁ@dgms πρός@p ὁ@damp βάρβαρος@nampc ὕμνος@nampc ποιέω@vpreamp ἐκ@p δέ@cs ὁ@dgms πρός@p ὁ@damp ἕλλην@nampp θρῆνος@nampc ἐγώ@rpdmp γίγνομαι@vpreamp καί@cs ὁ@damp μέν@b ἐν@p ὁ@ddfp ἑορτή@ndfpc ἀείδω@vppeamp ὁ@dgmp δέ@cs ἐπί@p ὁ@ddfp συμφορά@ndfpc ἐγώ@rpamp μιμνήσκω@vpreamp"
"Panegyr._159","οἴομαι@vipe1s δέ@b καί@b ὁ@dafs ὅμηρος@ngmsp ποίησις@nafsc μέγας@anafsc λαμβάνω@vnaa-- δόξα@nafsc ὅτι@cs καλός@b ὁ@damp πολεμέω@vpaaamp ὁ@ddmp βάρβαρος@ndmpc ἐγκωμιάζω@viaa3s καί@cs διά@p οὗτος@rpans βούλομαι@vnap-- ὁ@damp πρόγονος@anamp- ἐγώ@rpg-p ἔντιμος@anans- αὐτός@rpgms ποιέω@vnaa-- ὁ@dafs τέχνη@nafsc ἐν@p τε@b ὁ@ddmp ὁ@dgfs μουσικός@ngfsc ἆθλος@ndmpc καί@cs ὁ@ddfs παιδεύω@ndfsc ὁ@dgfp νέος@angmpc ἳνα@b πολλάκις@b ἀκούω@vppanmp ὁ@dgnp ἔπος@ngnpc ἐκμανθάνω@vspa1p ὁ@dafs ἔχθρα@nafsc ὁ@dafs ὑπάρχω@vppaafs πρός@p αὐτός@rpamp καί@cs ζηλόω@vppanmp ὁ@dafp ἀρετή@nafpc ὁ@dgnp στρατεύω@vpamgmp ὁ@dgnp αὐτός@angnp- ἔργον@ngnpc ἐκεῖνος@rpdmp ἐπιθυμέω@vipa1p"
"Panegyr._160","ὥστε@b ἐγώ@rpdms δοκέω@vipa3s πολύς@annnp- λίαν@b εἰμί@vnpa-- ὁ@dnnp παρακελεύομαι@vppennp πολεμέω@vnpa-- αὐτός@rpdmp μάλιστα@b δέ@cs ὁ@dnms πάρειμι@vppanms καιρός@nnmsc ὅς@rpams οὐ@b ἀφετέος@annns- καί@b γάρ@b αἰσχρός@annns- πάρειμι1@vppadms μέν@b μή@b χράω@vnpe-- παρέρχομαι@vpaagms δέ@cs αὐτός@rpgms μιμνήσκω@vnre-- τίς@rpans γάρ@b ἄν@b καί@b βούλομαι@voap1p ἐγώ@rpdmp προσγίγνομαι@vnam-- μέλλω@vppanmp βασιλεύς@ndmsc πολεμέω@vnpa-- ἔξω@b ὁ@dgnp νῦν@b ὑπάρχω@vppagnp"
"Panegyr._161","οὐ@b αἴγυπτος@nnfsp μέν@b αὐτός@b καί@cs κύπρος@nnfsp ἀφίστημι@vira3s φοινίκη@nnfsp δέ@b καί@cs συρία@nnfsp διά@p ὁ@dams πόλεμος@namsc ἀνάστατος@annmp- γίγνομαι@vira3p τύρος@nnmsp δέ@cs ἐπί@p ὅς@rpdms μέγας@anans- φρονέω@viaa3s ὑπό@p ὁ@dgmp ἐχθρός@ngmpc ὁ@dgmp ἐκεῖνος@rpgms καταλαμβάνω@vire3s ὁ@dgfp δέ@b ἐν@p κιλικία@ndfsp πόλις@ngfpc ὁ@dafp μέν@b πλεῖστος@anafp- ὁ@dnmp μετά@p ἐγώ@rpgmp εἰμί@vppanmp ἔχω@vipa3p ὁ@dafp δέ@cs οὐ@b χαλεπός@annns- εἰμί@vipa3s κτάομαι@vnam-- λυκία@ngfsp δέ@b οὐδείς@rpnms πώποτε@b πέρσης@ngmpp κρατέω@viaa3s"
"Panegyr._162","ἑκατόμνος@b δέ@b ὁ@dnms καρία@nnmsp ἐπίσταθμος@nansc ὁ@ddfs μέν@b ἀλήθεια@ndfsc πολύς@anams- ἤδη@b χρόνος@namsc ἀφίστημι@vira3s ὁμολογέω@vifa3s δέ@cs ὅταν@cs ἐγώ@rpnmp βούλομαι@vsap1p ἀπό@p δέ@b κνίδος@ngmsp μέχρι@p σινώπη@ngfsp ἕλλην@nnmpp ὁ@dafs ἀσία@nafsp παροικέω@vipa3p ὅς@rpamp οὐ@b δεῖ@viia3s πείθω@vnpa-- ἀλλά@cs μή@b κωλύω@vnpa-- πολεμέω@vnpa-- καίτοι@b τοιοῦτος@angnp- ὁρμητήριον@ngnpc ὑπάρχω@vpaagnp καί@cs τοσοῦτος@angms- πόλεμος@ngmsc ὁ@dafs ἀσία@nafsp περιίστημι@vpaagms τίς@anans- δεῖ@vipa3s ὁ@danp συμβαίνω@vpfmanp λίαν@b ἀκριβής@b ἐξετάζω@vnpa-- ὅπου@b γάρ@b μικρός@angnp- μέρος@ngnpc ἥσσων@annmpc εἰμί@vipa3p οὐ@b ἄδηλος@annns- ὡς@cs ἄν@b διατίθημι@voap3p εἰ@cs πᾶς@andmp- ἐγώ@rpdmp πολεμέω@vnpa-- ἀναγκάζω@voap3p"
"Panegyr._163","ἔχω@vipa3s δέ@b οὕτως@b ἐάν@cs μέν@b ὁ@dnms βάρβαρος@nnmsc ἐρρωμένος@b κατέχω@vsaa3s ὁ@dafp πόλις@nafpc ὁ@dafp ἐπί@p θάλασσα@ndfsc φρουρά@nafpc μέγας@anampc ἐν@p αὐτός@rpdfp ἤ1@cs νῦν@b ἐγκαθίστημι@vpaanms τάχα@b ἄν@b καί@b ὁ@dgfp νῆσος@ngfpc ὁ@dnfp περί@p ὁ@dafs ἤπειρος@nafsc οἷος@anans- ῥόδος@nnfsp καί@b σάμος@nnfsp καί@cs χίος@nnfsp ἐπί@p ὁ@dafp ἐκεῖνος@rpgms τύχη@nafpc ἀποκλίνω@voaa3p ἐάν@cs δέ@b ἐγώ@rpncp αὐτός@rpafp πρότερος@annmp- καταλαμβάνω@vsaa1p ἔοικα@vpranns ὁ@damp ὁ@dafs λυδία@nafsp καί@b φρυγία@nafsp καί@cs ὁ@dafs ἄλλος@anafs- ὁ@dafs ὑπερέχω@vpreafs χώρα@nafsc οἰκέω@vppaamp ἐπί@p ὁ@ddmp ἐντεῦθεν@b ὁρμάω@vppedmp εἰμί@vnpa--"
"Panegyr._164","διό@b δεῖ@vipa3s σπεύδω@vnpa-- καί@cs μηδείς@rpafs ποιέω@vnpe-- διατριβή@nafsc ἵνα@cs μή@b πάσχω@vsaa1p ὅσπερ@rpans ὁ@dnmp πατήρ@nnmpc ἐγώ@rpgmp ἐκεῖνος@rpnmp γάρ@b ὑστερίζω@vpaanmp ὁ@dgmp βάρβαρος@ngmpc καί@cs προίημι@vpamnmp τις@rpamp ὁ@dgmp σύμμαχος@ngmpc ἀναγκάζω@viap3p ὀλίγος@annmp- πρός@p πολύς@anamp- κινδυνεύω@vnpa-- ἔξεστι@vppaans αὐτός@rpdmp πρότερος@andmp- διαβαίνω@vpaadmp εἰς@p ὁ@dafs ἤπειρος@nafsc μετά@p πᾶς@angfs- ὁ@dgfs ὁ@dgmp ἕλλην@ngmpp δύναμις@ngfsc ἐν@p μέρος@ndnsc ὁ@dgnp ἔθνος@ngnpc ἕκαστος@anams- χειρόω@vnpe--"
"Panegyr._165","δείκνυμι@vire3s γάρ@b ὅταν@cs τις@rpnms πολεμέω@vspa3s πρός@p ἄνθρωπος@nampc ἐκ@p πολύς@angmp- τόπος@ngmpc συλλέγω@vppeamp ὅτι@cs δεῖ@viia3s μή@b περιμένω@vnpa-- ἕως@cs ἄν@b ἐφίστημι@vspa3p ἀλλά@cs ἔτι@b διασπείρω@vpredmp αὐτός@rpdmp ἐπιχειρέω@vnpa-- ἐκεῖνος@rpnmp μέν@b οὖν@b προεξαμαρτάνω@vpaanmp ἅπας@ananp- οὗτος@rpanp ἐπανορθόω@viam3p καθίστημι@vpaanmp εἰς@p ὁ@damp μέγας@anamps ἀγών@nampc ἐγώ@rpnmp δέ@b ἄν@b σωφρονέω@vsaa1p ἐκ@p ἀρχή@ngfsc φυλάσσω@vifm1p καί@cs πειράω@vifm1p πέτομαι@vnaa-- περί@p ὁ@dafs λυδία@nafsp καί@cs ὁ@dafs ἰωνία@nafsp στρατόπεδον@nansc ἐγκαθίστημι@vpaanmp"
"Panegyr._166","οἶδα@vpranmp ὅτι@cs καί@b βασιλεύς@nnmsc οὐ@b ἑκών@angmp- ἄρχω@viia3s ὁ@dgmp ἠπειρώτης@ngmpc ἀλλά@cs μέγας@anafsc δύναμις@nafsc περί@p ἑαυτοῦ@rpams ἕκαστος@angmp- αὐτός@rpgmp ποιέω@vpamnms ὅς@rpgfs ἐγώ@rpnmp ὅταν@cs κρείσσων@ananpc διαβιβάζω@vsaa1p ὅς@rpans βούλομαι@vpapnmp ῥᾴδιος@b ἄν@b ποιέω@voaa1p ἀσφαλής@b ἅπας@anafs- ὁ@dafs ἀσία@nafsp καρπόω@vifm1p πολύς@anans- δέ@b καλός@annnsc ἐκεῖνος@rpdms περί@p ὁ@dgfs βασίλεια@ngfsc πολεμέω@vnpa-- ἤ1@cs πρός@p ἐγώ@rpamp αὐτός@anamp- περί@p ὁ@dgfs ἡγεμονία@ngfsc ἀμφισβητέω@vnpa--"
"Panegyr._167","ἄξιος@annns- δέ@b ἐπί@p ὁ@dgfs νῦν@b ἡλικία@ngfsc ποιέω@vnam-- ὁ@dafs στρατεία@nafsc ἵνα@cs ὁ@dnmp ὁ@dgfp συμφορά@ngfpc κοινωνέω@vpaanmp οὗτος@rpnmp καί@b ὁ@dgnp ἀγαθός@angnp- ἀπολαύω@vsaa3p καί@cs μή@b πᾶς@anams- ὁ@dams χρόνος@namsc δυστυχέω@vppanmp διάγω@vsaa3p ἱκανός@annms- γάρ@b ὁ@dnms παρέρχομαι@vpranms ἐν@p ὅς@rpdms τίς@rpnns ὁ@dgnp δεινός@angnp- οὐ@b γίγνομαι@vira3s πολύς@angnp- γάρ@b κακός@angnp- ὁ@ddfs φύσις@ndfsc ὁ@ddfs ὁ@dgmp ἄνθρωπος@ngmpc ὑπάρχω@vppagnp αὐτός@rpnmp πλείων@ananpc ὁ@dgnp ἀναγκαῖος@angnp- προσεξευρίσκω@vira1p πόλεμος@nampc καί@cs στάσις@nafpc ἐγώ@rpdmp αὐτός@rpdmp ἐμποιέω@vpaanmp"
"Panegyr._168","ὥστε@cs ὁ@damp μέν@b ἐν@p ὁ@ddfp ἑαυτοῦ@rpgmp ἄνομος@b ἀπόλλυμι@vnpe-- ὁ@damp δέ@b ἐπί@p ξένη@ngfsc μετά@p παῖς@ngmpc καί@cs γυνή@ngfpc ἀλάομαι@vnpe-- πολύς@anamp- δέ@cs διά@p ἔνδεια@nafsc ὁ@dgnp κατά@p ἡμέρα@nafsc ἐπίἐπικουρέω@vnpa-- ἀναγκάζω@vppeamp ὑπέρ@p ὁ@dgmp ἐχθρός@ngmpc ὁ@ddmp φίλος@andmp- μάχομαι@vppeamp ἀποθνήσκω@vnpa-- ὑπέρ@p ὅς@rpgnp οὐδείς@rpnms πώποτε@b ἀγανακτέω@viaa3s ἀλλά@cs ἐπί@p μέν@b ὁ@ddfp συμφορά@ndfpc ὁ@ddfp ὑπό@p ὁ@dgmp ποιητής@ngmpc σύγκειμαι@vpredfp δακρύω@vnpa-- ἀξιόω@vipa3p ἀληθινός@ananp- δέ@cs πάθος@nanpc πολύς@ananp- καί@cs δεινός@ananp- γίγνομαι@vppeanp διά@p ὁ@dams πόλεμος@namsc ἐφοράω@vppanmp τοσοῦτος@rpgns δέω2@vipa3p ἐλεέω@vnpa-- ὥστε@cs καί@b μᾶλλον@b χαίρω@vipa3p ἐπί@p ὁ@ddnp ἀλλήλων@rpgmp κακός@andnp- ἤ1@cs ὁ@ddnp ἑαυτοῦ@rpgmp ἴδιος@andnp- ἀγαθός@andnp-"
"Panegyr._169","ἴσως@b δέ@b ἄν@b καί@b ὁ@dgfs ἐμός@angfs- εὐήθεια@ngfsc πολύς@annmp- καταγελάω@voaa3p εἰ@cs δυστυχία@nafpc ἀνήρ@ngmpc ὀδύρομαι@vope1s ἐν@p ὁ@ddmp τοιοῦτος@andmp- καιρός@ndmpc ἐν@p ὅς@rpdmp ἰταλία@nnfsp μέν@b ἀνάστατος@annfs- γίγνομαι@vira3s σικελία@nnfsp δέ@b καταδουλόω@vire3s τοσοῦτος@annfp- δέ@b πόλις@nnfpc ὁ@ddmp βάρβαρος@ndmpc ἐκδέω@vipe3p ὁ@dnnp δέ@cs λοιπός@annnp- μέρος@nnnpc ὁ@dgmp ἕλλην@ngmpp ἐν@p ὁ@ddmp μέγας@andmps κίνδυνος@ndmpc εἰμί@vipa3s"
"Panegyr._170","θαυμάζω@vipa1s δέ@b ὁ@dgmp δυναστεύω@vppagmp ἐν@p ὁ@ddfp πόλις@ndfpc εἰ@cs προσήκω@vnpa-- ἑαυτοῦ@rpdmp ἡγέομαι@vipe3p μέγας@anans- φρονέω@vnpa-- μηδείς@rpans πώποτε@b ὑπέρ@p τηλικοῦτος@angnp- πρᾶγμα@ngnpc μή@b τε@cs εἶπον@vnaa-- μή@b τε@cs ἐνθυμέομαι@vnap-- δύναμαι@vpapnmp χρή@viia3s γάρ@b αὐτός@rpamp εἴπερ@cs εἰμί@viia3p ἄξιος@annmp- ὁ@dgfs πάρειμι@vppagfs δόξα@ngfsc ἅπας@angnp- ἀφίημι@vpamamp ὁ@dgnp ἄλλος@rpgnp περί@p ὁ@dgms πόλεμος@ngmsc ὁ@dgms πρός@p ὁ@damp βάρβαρος@nampc εἰσηγέομαι@vnpe-- καί@cs συμβουλεύω@vnpa--"
"Panegyr._171","τυγχάνω@vpaaans μέν@b γάρ@b ἄν@b τις@rpans συμπεραίνω@viaa3p εἰ@cs δέ@b καί@b προλέγω@viaa1s ἀλλά@cs οὖν@b ὁ@damp γε@b λόγος@nampc ὥσπερ@cs χρησμός@nampc εἰς@p ὁ@dams ἔπειμι1@vppaams χρόνος@namsc ἄν@b καταλιμπάνω@viaa3p νῦν@b δέ@b ὁ@dnmp μέν@b ἐν@p ὁ@ddfp μέγας@andfps δοκέω@ndfpc εἰμί@vppanmp ἐπί@p μικρός@andnp- σπουδάζω@vipa3p ἐγώ@rpdmp δέ@cs ὁ@ddmp ὁ@dgmp πολιτικός@angmp- ἐξίστημι@vpradmp περί@p τηλικοῦτος@angnp- πρᾶγμα@ngnpc συμβουλεύω@vnpa-- παραλείπω@vira3p"
"Panegyr._172","οὐ@b μήν@b ἀλλά@b ὅσος@andns- μικρόψυχος@annmpc τυγχάνω@vipa3p εἰμί@vppanmp ὁ@dnmp προίστημι@vpranmp ἐγώ@rpgmp τοσοῦτος@andns- ὁ@damp ἄλλος@rpamp ἐρρωμένος@b δεῖ@vipa3s σκοπέω@vnpa-- ὅπως@cs ἀπαλλάσσω@vifm1p ὁ@dgfs πάρειμι@vppagfs ἔχθρα@ngfsc νῦν@b μέν@b γάρ@b μάτην@b ποιέω@vipe1p ὁ@dafp περί@p ὁ@dgfs εἰρήνη@ngfsc συνθήκη@nafpc οὐ@b γάρ@b διαλύω@vipe1p ὁ@damp πόλεμος@nampc ἀλλά@cs ἀναβάλλω@vipe1p καί@cs περιμένω@vipa1p ὁ@damp καιρός@nampc ἐν@p ὅς@rpdmp ἀνήκεστος@ananss τις@rpans κακός@anans- ἀλλήλων@rpamp ἐργάζομαι@vnae-- δύναμαι@vifm1p"
"Panegyr._173","δεῖ@vipa3s δέ@b οὗτος@anafp- ὁ@dafp ἐπιβουλή@nafpc ἐκποδών@b ποιέω@vpamamp ἐκεῖνος@andnp- ὁ@ddnp ἔργον@ndnpc ἐπιχειρέω@vnpa-- ἐκ@p ὅς@rpgfp ὁ@dafp τε@b πόλις@nafpc ἀσφαλής@anansc οἰκέω@vifa1p καί@cs πιστός2@anansc διάκειμαι@vifm1p πρός@p ἐγώ@rpamp αὐτός@anamp- εἰμί@vipa3s δέ@b ἁπλόος@annms- καί@cs ῥᾴδιος@annms- ὁ@dnms λόγος@nnmsc ὁ@dnms περί@p οὗτος@rpgnp οὐ@b τε@b γάρ@b εἰρήνη@nafsc οἷος@anans- τε@b βέβαιος@anafs- ἄγω@vnaa-- ἐάν@cs μή@b κοινῇ@b ὁ@ddmp βάρβαρος@ndmpc πολεμέω@vsaa1p οὐ@b τε@cs ὁμονοέω@vnaa-- ὁ@damp ἕλλην@nampp πρίν@cs ἄν@b καί@b ὁ@dafp ὠφέλεια@nafpc ἐκ@p ὁ@dgnp αὐτός@rpgmp καί@cs ὁ@damp κίνδυνος@nampc πρός@p ὁ@damp αὐτός@rpamp ποιέω@vsam1p"
"Panegyr._174","οὗτος@rpgnp δέ@b γίγνομαι@vpamgnp καί@cs ὁ@dgfs ἀπορία@ngfsc ὁ@dgfs περί@p ὁ@dams βίος@namsc ἐγώ@rpgmp ἀφαιρέω@vpapgfs ὅς@rpnnp καί@b ὁ@dafp ἑταιρεία@nafpc διαλύω@vipa3s καί@b ὁ@dafp συγγένεια@nafpc εἰς@p ἔχθρα@nafsc προάγω@vipa3s καί@cs πᾶς@anamp- ἄνθρωπος@nampc εἰς@p πόλεμος@nampc καί@cs στάσις@nafpc καθίστημι@vipa3s οὐ@b εἰμί@vipa3s ὅπως@cs οὐ@b ὁμονοέω@vifa1p καί@cs ὁ@dafp εὔνοια@nafpc ἀληθινός@anafp- πρός@p ἐγώ@rpamp αὐτός@anamp- ἔχω@vifa1p ὅς@rpgnp ἕνεκα@p περί@p πᾶς@angns- ποιητέος@annns- ὅπως@cs ὡς@b ταχύς@ananps ὁ@dams ἐνθένδε@b πόλεμος@namsc εἰς@p ὁ@dafs ἤπειρος@nafsc διορίζω@vifa1p ὡς@cs μόνος@b ἄν@b οὗτος@rpans ἀγαθός@anans- ἀπολαύω@voaa1p ὁ@dgmp κίνδυνος@ngmpc ὁ@dgmp πρός@p ἐγώ@rpamp αὐτός@anamp- εἰ@cs ὁ@ddfp ἐμπειρία@ndfpc ὁ@ddfp ἐκ@p οὗτος@rpgnp γίγνομαι@vpredfp πρός@p ὁ@dams βάρβαρος@anams- καταχράω@vnam-- δοκέω@voaa3s ἐγώ@rpdmp"
"Panegyr._175","ἀλλά@b γάρ@b ἴσως@b διά@p ὁ@dafp συνθήκη@nafpc ἄξιος@annns- ἐπέχω@vnaa-- ἀλλά@cs οὐ@b ἐπείγω@vnap-- καί@cs ταχύς@anansc ποιέω@vnam-- ὁ@dafs στρατεία@nafsc διά@p ὅς@rpafp ὁ@dnfp μέν@b ἐλευθερόω@vprenfp ὁ@dgfp πόλις@ngfpc βασιλεύς@ndmsc χάρις@nafsc οἶδα@vira3p ὡς@b διά@p ἐκεῖνος@rpams τυγχάνω@vpaanfp ὁ@dgfs αὐτονομία@angfs- οὗτος@angfs- ὁ@dnfp δέ@cs ἐκδίδωμι@vprenfp ὁ@ddmp βάρβαρος@ndmpc μάλιστα@b μέν@b λακεδαιμόνιος@ndmpp ἐπικαλέω@vipa3p ἔπειτα@b δέ@cs καί@b ὁ@ddmp ἄλλος@rpdmp ὁ@ddmp μετέχω@vpaadmp ὁ@dgfs εἰρήνη@ngfsc ὡς@b ὑπό@p οὗτος@rpgmp δουλεύω@vnpa-- ἀναγκάζω@vprenfp καίτοι@b πῶς@b οὐ@b χρή@vipa3s διαλύω@vnpa-- οὗτος@anafp- ὁ@dafp ὁμολογία@nafpc ἐκ@p ὅς@rpgfp τοιοῦτος@annfs- δόξα@nnfsc γίγνομαι@vira3s ὡς@cs ὁ@dnms μέν@b βάρβαρος@nnmsc κήδω@vipe3s ὁ@dgfs ἑλλάς@ngfsp καί@cs φύλαξ@nnmsc ὁ@dgfs εἰρήνη@ngfsc εἰμί@vipa3s ἐγώ@rpgmp δέ@cs τις@rpnmp εἰμί@vipa3p ὁ@dnmp λυμαίνομαι@vppenmp καί@cs κακός@b ποιέω@vppanmp αὐτός@rpafs"
"Panegyr._176","ὅς@dnns δέ@b πᾶς@angnp- καταγελάω@annnss ὅτι@cs ὁ@dgnp γράφω@vpregnp ἐν@p ὁ@ddfp ὁμολογία@ndfpc ὁ@danp κακός@ananps τυγχάνω@vipa1p διαφυλάσσω@vppanmp ὅς@rpdfs μέν@b γάρ@b αὐτόνομος@anafp- ἀφίημι@vipa3s ὁ@dafp τε@b νῆσος@nafpc καί@cs ὁ@dafp πόλις@nafpc ὁ@dafp ἐπί@p ὁ@dgfs εὐρώπη@ngfsp πάλαι@b λύω@vire3s καί@cs μάτην@b ἐν@p ὁ@ddfp στήλη@ndfpc εἰμί@vipa3s ὅς@rpnnp δέ@b αἰσχύνη@nafsc ἐγώ@rpdmp φέρω@vipa3s καί@cs πολύς@anamp- ὁ@dgmp σύμμαχος@ngmpc ἐκδίδωμι@vira3s οὗτος@rpnnp δέ@cs κατά@p χώρα@nafsc μένω@vipa3s καί@cs πᾶς@annmp- αὐτός@rpanp κύριος@ananp- ποιέω@vipa1p ὅς@rpanp χρή@viia3s ἀναιρέω@vnpa-- καί@cs μη@b δέ@b εἷς@ ἐάω@vnpa-- ἡμέρα@nafsc νομίζω@vppaamp πρόσταγμα@nanpc καί@cs μή@b συνθήκη@nafpc εἰμί@vnpa-- τις@rpnms γάρ@b οὐ@b οἶδα@vira3s ὅτι@cs συνθήκη@nnfpc μέν@b εἰμί@vipa3p ὅς@rpnfp τις@rpnmp ἄν@b ἴσως@b καί@cs κοινός@b ἀμφότερος@andmp- ἔχω@vspa3p πρόσταγμα@nnnpc δέ@cs ὁ@dnnp ὁ@damp ἕτερος@anamp- ἐλασσόω@vppannp παρά@p ὁ@dans δίκαιος@anans-"
"Panegyr._177","διό@b καί@b ὁ@dgmp πρεσβεύω@vpaagmp οὗτος@anafs- ὁ@dafs εἰρήνη@nafsc δίκαιος@b ἄν@b κατηγορέω@vopa1p ὅτι@cs πέμπω@vpapnmp ὑπό@p ὁ@dgmp ἕλλην@ngmpp ὑπέρ@p ὁ@dgmp βάρβαρος@ngmpc ποιέω@viam3p ὁ@dafp συνθήκη@nafpc χρή@viia3s γάρ@b αὐτός@rpamp εἰ@cs τε@cs δοκέω@viia3s ὁ@dafs ἑαυτοῦ@rpgmp ἔχω@vnpa-- ἕκαστος@anamp- εἰ@cs τε@b καί@b ὁ@dgnp δοριάλωτος@angmp- ἐπάρχω@vnpa-- εἰ@cs τε@cs οὗτος@rpgnp κρατέω@vnpa-- ὅς@rpgmp ὑπό@p ὁ@dafs εἰρήνη@nafsc τυγχάνω@viia1p ἔχω@vppanmp εἷς@anans- τις@rpans οὗτος@rpgnp ὁρίζω@vpamamp καί@cs κοινός@anans- ὁ@dans δίκαιος@anans- ποιέω@vpamamp οὕτως@b συγγράφω@vnpe-- περί@p αὐτός@rpgnp"
"Panegyr._178","νῦν@b δέ@b ὁ@ddfs μέν@b ἡμέτερος@andfs- πόλις@ndfsc καί@cs ὁ@ddfs λακεδαιμόνιος@ngmpp οὐδείς@anafs- τιμή@nafsc ἀπονέμω@viaa3p ὁ@dams δέ@cs βάρβαρος@anams- ἅπας@angfs- ὁ@dgfs ἀσία@ngfsp δεσπότης@namsc καθίστημι@viaa3p ὥσπερ@b ὑπέρ@p ἐκεῖνος@rpgms πολεμέω@vpaagmp ἐγώ@rpgmp ἤ1@cs ὁ@dgfs μέν@b πέρσης@ngmpp ἀρχή@ngfsc πάλαι@b καθίστημι@vpragfs ἐγώ@rpgmp δέ@cs ἄρτι@b ὁ@dafp πόλις@nafpc κατοικέω@vppagmp ἀλλά@cs οὐ@b ἐκεῖνος@rpgmp μέν@b νεωστί@b οὗτος@rpafs ὁ@dafs ἔχω@vppagmp ἐγώ@rpgmp δέ@cs ὁ@dams ἅπας@anams- χρόνος@namsc ἐν@p ὁ@ddmp ἕλλην@ndmpp δυναστεύω@vppagmp"
"Panegyr._179","οἴομαι@vipe1s δέ@b ἐκεῖνος@b εἶπον@vpaanms μᾶλλον@b δηλόω@vnfa-- ὁ@dafs τε@b περί@p ἐγώ@rpamp ἀτιμία@nafsc γίγνομαι@vpreafs καί@cs ὁ@dafs ὁ@dgms βασιλεύς@ngmsc πλεονεξία@nafsc ὁ@dgfs γάρ@b γῆ@ngfsc ἅπας@angfs- ὁ@dgfs ὑπό@p ὁ@ddms κόσμος@ndmsc κεῖμαι@vpregfs δίχα@b τέμνω@vpregfs καί@cs ὁ@dgfs μέν@b ἀσία@ngfsp ὁ@dgfs δέ@cs εὐρώπη@ngfsp καλέω@vppegfs ὁ@dafs ἡμίσεια@nafsc ἐκ@p ὁ@dgfp συνθήκη@ngfpc λαμβάνω@vira3s ὥσπερ@b πρός@p ὁ@dams ζεύς@namsp ὁ@dafs χώρα@nafsc νέμω@vppenms ἀλλά@cs οὐ@b πρός@p ἄνθρωπος@nampc ὁ@dafp συνθήκη@nafpc ποιέω@vppenms"
"Panegyr._180","καί@b οὗτος@rpafp ἐγώ@rpamp ἀναγκάζω@viaa3s ἐν@p στήλη@ndfpc λίθινος@andfp- ἀναγράφω@vpaaamp ἐν@p ὁ@ddnp κοινός@andnp- ὁ@dgnp ἱερόν@ngnpc κατατίθημι@vnaa-- πολύς@anans- καλός@anansc τρόπαιον@anansc ὁ@dgnp ἐν@p ὁ@ddfp μάχη@ndfpc γίγνομαι@vppegnp ὁ@dnnp μέν@b γάρ@b ὑπέρ@p μικρός@angnp- ἔργον@ngnpc καί@cs εἷς@angfs- τύχη@ngfsc εἰμί@vipa3s οὗτος@rpnfp δέ@cs ὑπέρ@p ἅπας@angms- ὁ@dgms πόλεμος@ngmsc καί@cs κατά@p ὅλος@angfs- ὁ@dgfs ἑλλάς@ngfsp ἵστημι@vira3p"
"Panegyr._181","ὑπέρ@p ὅς@rpgnp ἄξιος@annns- ὀργίζω@vnpe-- καί@cs σκοπέω@vnpa-- ὅπως@cs ὁ@dgnp τε@b γίγνομαι@vpregnp δίκη@nafsc λαμβάνω@vifm1p καί@cs ὁ@danp μέλλω@vppaanp διορθωσάω@vifm1p καί@b γάρ@b αἰσχρός@annns- ἴδιος@andfs- μέν@b ὁ@ddmp βάρβαρος@andmp- οἰκέτης@ndmpc ἀξιόω@vnpa-- χράω@vnpe-- δημοσίᾳ@b δέ@cs τοσοῦτος@rpamp ὁ@dgmp σύμμαχος@ngmpc περιοράω@vnpa-- αὐτός@rpdmp δουλεύω@vppaamp καί@cs ὁ@damp μέν@b περί@p ὁ@danp τρωικός@ananp- γίγνομαι@vpamamp εἷς@angfs- γυνή@ngfsc ἁρπάζω@vpapgfs οὕτως@b ἅπας@anamp- συνοργίζομαι@vnap-- ὁ@ddmp ἀδικέω@vpapdnp ὥστε@cs μή@b πρότερος@anans- παύω@vnam-- πολεμέω@vppaamp πρίν@cs ὁ@dafs πόλις@nafsc ἀνάστατος@anafs- ποιέω@viaa3p ὁ@dgms τολμάω@vpaagms ἐξαμαρτάνω@vnaa--"
"Panegyr._182","ἐγώ@rpamp δέ@cs ὅλος@angfs- ὁ@dgfs ἑλλάς@ngfsp ὑβρίζω@vppegfs μηδείς@anafs- ποιέω@vnam-- κοινός@anafs- τιμωρία@nafsc ἔξεστι@vppaans ἐγώ@rpdmp εὐχή@ngfsc ἄξιος@ananp- διαπράσσω@vnam-- μόνος@annms- γάρ@b οὗτος@annms- ὁ@dnms πόλεμος@nnmsc εἰρήνη@ngfsc κρείσσων@annmsc εἰμί@vipa3s θεωρία@ndfsc μέν@b μᾶλλον@b ἤ1@cs στρατεία@ndfsc προσέοικα@vpranms ἀμφότερος@andmp- δέ@cs συμφέρω@vppanms καί@cs ὁ@ddmp ἡσυχία@nafsc ἄγω@vnpa-- καί@cs ὁ@ddmp πολεμέω@vnpa-- ἐπιθυμέω@vppadmp εἰμί@vopa3s γάρ@b ἄν@b ὁ@ddmp μέν@b ἀδεής@b ὁ@danp σφέτερος@ananp- αὐτός@rpgmp καρπόω@vnpe-- ὁ@ddmp δέ@cs ἐκ@p ὁ@dgnp ἀλλότριος@angnp- μέγας@anamp- πλοῦτος@nampc κατακτάομαι@vnam--"
"Panegyr._183","πολλαχῆ@b δέ@b ἄν@b τις@rpncs λογίζομαι@vppenms εὑρίσκω@voaa3s οὗτος@anafp- ὁ@dafp πρᾶξις@nafpc μάλιστα@b λυσιτελέω@vppaafp ἐγώ@rpdmp φέρω@vmpa2s γάρ@b πρός@p τις@rpamp χρή@vipa3s πολεμέω@vnpa-- ὁ@damp μηδείς@angfs- πλεονεξία@ngfsc ἐπιθυμέω@vppaamp ἀλλά@cs αὐτός@anans- ὁ@dans δίκαιος@anans- σκοπέω@vppaamp οὐ@b πρός@p ὁ@damp καί@b πρότερος@anans- κακός@b ὁ@dafs ἑλλάς@nafsp ποιέω@vpaaamp καί@b νῦν@b ἐπιβουλεύω@vppaamp καί@cs πᾶς@anams- ὁ@dams χρόνος@namsc οὕτως@b πρός@p ἐγώ@rpamp διάκειμαι@vpreamp"
"Panegyr._184","τις@rpdmp δέ@b φθονέω@vnpa-- εἰκός@vpranns εἰμί@vipa3s ὁ@damp μή@b παντάπασι@b ἄνανδρος@b διάκειμαι@vpreamp ἀλλά@cs μέτριος@b οὗτος@andns- ὁ@ddns πρᾶγμα@ndnsc χράομαι@vppeamp οὐ@b ὁ@ddmp μέγας@anafpc μέν@b ὁ@dafp δυναστεία@nafpc ἤ1@cs κατά@p ἄνθρωπος@nampc περιβάλλω@vpredmp ἐλάσσων@angnsc δέ@cs ἄξιος@andmp- ὁ@dgmp παρά@p ἐγώ@rpdmp δυστυχέω@vppagmp ἐπί@p τις@rpamp δέ@b στρατεύω@vnpa-- προσήκω@vipa3s ὁ@damp ἅμα@b μέν@b εὐσεβέω@vnpa-- βούλομαι@vppeamp ἅμα@b δέ@cs ὁ@dgns συμφέρω@vppagns ἐνθυμέομαι@vppeamp οὐ@b ἐπί@p ὁ@damp καί@b φύσις@ndfsc πολέμιος@anamp- καί@cs πατρικός@anamp- ἐχθρός@nampc καί@cs πλεῖστος@ananps μέν@b ἀγαθός@ananp- κτάομαι@vpreamp ἥκιστος@ananp- δέ@cs ὑπέρ@p αὐτός@rpgnp ἀμύνω@vnpe-- δύναμαι@vppeamp οὐκοῦν@b ἐκεῖνος@rpnmp πᾶς@andnp- οὗτος@rpdnp ἔνοχος@annmp- τυγχάνω@vipa3p εἰμί@vppanmp"
"Panegyr._185","καί@b μήν@b οὐ@b δέ@b ὁ@dafp πόλις@nafpc λυπέω@vifa1p στρατιώτης@nampc ἐκ@p αὐτός@rpgfp καταλέγω@vppanmp ὅς@rpnns νῦν@b ἐν@p ὁ@ddms πόλεμος@ndmsc ὁ@ddms πρός@p ἀλλήλων@rpamp ὀχληρός@annnss εἰμί@vipa3s αὐτός@rpdfp πολύς@anans- γάρ@b οἴομαι@vipe1s σπάνιος@anampc εἰμί@vnfm-- ὁ@damp μένω@vnpa-- ἐθέλω@vpfaamp ὁ@dgmp συνακολουθέω@vnpa-- ἐπιθυμέω@vpfagmp τις@rpnms γάρ@b οὕτως@b ἤ1@b νέος@annms- ἤ1@cs παλαιός@annms- ῥᾴθυμος@annms- εἰμί@vipa3s ὅστις@rpnms οὐ@b μετέχω@vnaa-- βούλομαι@vifm3s οὗτος@angfs- ὁ@dgfs στρατιά@ngfsc ὁ@dgfs ὑπό@p ἀθήναιος@ngmpp μέν@b καί@cs λακεδαιμόνιος@ngmpp στρατηγέω@vppegfs ὑπέρ@p δέ@b ὁ@dgfs ὁ@dgmp σύμμαχος@ngmpc ἐλευθερία@ngfsc ἀθροίζω@vppegfs ὑπό@p δέ@b ὁ@dgfs ἑλλάς@ngfsp ἅπας@angfs- ἐκπέμπω@vppegfs ἐπί@p δέ@cs ὁ@dafs ὁ@dgmp βάρβαρος@ngmpc τιμωρία@nafsc πορεύω@vppegfs"
"Panegyr._186","φήμη@nafsc δέ@b καί@b μνήμη@nafsc καί@cs δόξα@nafsc πόσος@anafs- τις@rpacs χρή@vipa3s νομίζω@vnpa-- ἤ1@b ζάω@vppaamp ἔχω@vnfa-- ἤ1@cs τελευτάω@vpaaamp καταλείπω@vnfa-- ὁ@damp ἐν@p ὁ@ddnp τοιοῦτος@andnp- ἔργον@ndnpc ἀριστεύω@vpaaamp ὅπου@b γάρ@b ὁ@dnmp πρός@p ἀλέξανδρος@namsp πολεμέω@vpaanmp καί@cs εἷς@anafs- πόλις@nafsc αἱρέω@vpaanmp τοιοῦτος@angmp- ἔπαινος@ngmpc ἀξιόω@viap3p ποῖος@angmp- τις@rpgmp χρή@vipa3s προσδοκάω@vnpa-- ἐγκώμιος@angmp- τυγχάνω@vnfm-- ὁ@damp ὅλος@angfs- ὁ@dgfs ἀσία@ngfsp κρατέω@vpaaamp τις@rpncs γάρ@b ἤ1@b ὁ@dgmp ποιέω@vnpa-- δύναμαι@vppegmp ἤ1@cs ὁ@dgmp λέγω3@vnpa-- ἐπίσταμαι@vppegmp οὐ@b πονέω@vifa3s καί@cs φιλοσοφέω@vifa3s βούλομαι@vppenms ἅμα@b ὁ@dgfs τε@b ἑαυτοῦ@rpgms διάνοια@ngfsc καί@cs ὁ@dgfs ἐκεῖνος@rpgmp ἀρετή@ngfsc μνημεῖον@nansc εἰς@p ἅπας@anams- ὁ@dams χρόνος@namsc καταλιμπάνω@vnaa--"
"Panegyr._187","οὐ@b ὁ@dafs αὐτός@anafs- δέ@b τυγχάνω@vipa1s γνώμη@nafsc ἔχω@vppanms ἐν@p τε@b ὁ@ddns πάρειμι1@vppadns καί@cs περί@p ὁ@dafp ἀρχή@nafpc ὁ@dgms λόγος@ngmsc τότε@b μέν@b γάρ@b οἴομαι@viie1s ἄξιος@b δύναμαι@vnfm-- ὁ@dgnp πρᾶγμα@ngnpc εἶπον@vnaa-- νῦν@b δέ@b οὐ@b ἐφικνέομαι@vipe1s ὁ@dgns μέγεθος@ngnsc αὐτός@rpgnp ἀλλά@cs πολύς@annnp- ἐγώ@rpacs διαφεύγω@vira3s ὅς@rpgnp διανοέω@viap1s αὐτός@rpamp οὖν@b χρή@vipa3s συνδιαοράω@vnpa-- ὅσος@angfs- ἄν@b εὐδαιμονία@ngfsc τυγχάνω@voaa1p εἰ@cs ὁ@dams μέν@b πόλεμος@namsc ὁ@dams νῦν@b εἰμί@vppaams περί@p ἐγώ@rpamp πρός@p ὁ@damp ἠπειρώτης@nampc ποιέω@voam1p ὁ@dafs δέ@cs εὐδαιμονία@nafsc ὁ@dafs ἐκ@p ὁ@dgfs ἀσία@ngfsp εἰς@p ὁ@dafs εὐρώπη@nafsp διακομίζω@voaa1p καί@cs μή@b μόνος@anans- ἀκροατής@nampc γίγνομαι@vpamamp ἀπέρχομαι@vnaa--"
"Panegyr._188","ἀλλά@cs ὁ@damp μέν@b πράσσω@vnpa-- δύναμαι@vppeamp παρακαλέω@vppaamp ἀλλήλων@rpamp πειράω@vnpe-- διαλλάσσω@vnpa-- ὁ@dafs τε@b πόλις@nafsc ὁ@dafs ἡμέτερος@anafs- καί@cs ὁ@dafs λακεδαιμόνιος@ngmpp ὁ@damp δέ@cs ὁ@dgmp λόγος@ngmpc ἀμφισβητέω@vppaamp πρός@p μέν@b ὁ@dafs παρακαταθήκη@nafsc καί@cs περί@p ὁ@dgnp ἄλλος@rpgnp ὅς@rpgnp νῦν@b φλυαρέω@vipa3p παύω@vnpe-- γράφω@vppaamp πρός@p δέ@cs οὗτος@rpams ὁ@dams λόγος@namsc ποιέω@vnpe-- ὁ@dafs ἅμιλλα@nafsc καί@cs σκοπέω@vnpa-- ὅπως@cs ἀμείνων@anansc ἐγώ@rpgms περί@p ὁ@dgnp αὐτός@angnp- πρᾶγμα@ngnpc λέγω@vifa3p"
"Panegyr._189","ἐνθυμέομαι@vppeamp ὅτι@cs ὁ@ddmp μέγας@ananp- ὑπισχνέομαι@vppedmp οὐ@b πρέπω@vipa3s περί@p μικρός@ananp- διατρίβω@vnpa-- οὐ@b δέ@cs τοιοῦτος@rpanp λέγω3@vnpa-- ἐκ@p ὅς@rpgnp ὁ@dnms βίος@nnmsc μηδείς@rpans ἐπιδίδωμι@vsaa3s ὁ@dgnp πείθω@vpapgnp ἀλλά@cs ὅς@rpgnp ἐπιτελέω@vpapgmp αὐτός@rpnmp τε@cs ἀπαλλάσσω@vifm3p ὁ@dgfs πάρειμι@vppagfs ἀπορία@ngfsc καί@cs ὁ@ddmp ἄλλος@rpdmp μέγας@angnp- ἀγαθός@angnp- αἴτιος@annmp- δοκέω@vifa3p εἰμί@vnpa--"
