"location","text"
"Deut_1.1","oysio@n---p ὁ@dnmp λόγος@nnmpc ὅς@rpamp λαλέω@viaa3s μωυσῆς@nnmsp πᾶς@andms- ἰσραήλ@nnmsp πέραν@b ὁ@dgms ἰορδάνης@ngmsp ἐν@p ὁ@ddfs ἐρῆμος@ndfsc πρός@p δυσμή@ndfpc πλησίος@b ὁ@dgfs ἐρυθραί@ngfsc ἀνά@p φᾶρος@namsp τόφος@namsp καί@b λοβός@namsc καί@b αὐλός@namsp ’@rpams καί@cs χρυ σός@namsp"
"Deut_1.2","ἕνδεκα@ ἡμέρα@ngfpc ἐν@p χωρήβ@nd-sp ὁδός@nnfsc ἐπί@p ὄρος@nansc σήρ@n---p ἕως@p καδής@nnmsp βαρνή@nnfsp"
"Deut_1.3","καί@b γίγνομαι@viap3s ἐν@p ὁ@ddns τεσσαρακοστός@andns- ἔτος@ndnsc ἐν@p ὁ@ddms ἑνδέκατος@andms- μείς@ndmsc εἷς@andfs- ὁ@dgms μήν@ngmsc λαλέω@viaa3s μωυσῆς@nnmsp πρός@p πᾶς@anamp- υἱός@nampc ἰσραήλ@nnmsp κατά@p πᾶς@ananp- ὅσος@ananp- ἐντέλλομαι@viam3s κύριος@nnmsc αὐτός@rpdms πρός@p αὐτός@rpamp"
"Deut_1.4","μετά@p ὁ@dans πατάσσω@vnaa-- σής@namsp βασιλεύς@namsc ἀκκάριος@ngmpp ὁ@dams κατοικέω@vpaaams ἐν@p ἑσβών@ndfsp καί@b βασιλεύς@namsc ὁ@dgfs βασάω@ngfpc ὁ@dams κατοικέω@vpaaams ἐν@p ἀσταρώθ@nafsp καί@cs ἐν@p δράω@nafsp"
"Deut_1.5","ἐν@p ὁ@ddms πέραν@b ὁ@dgms ἰορδάνης@ngmsp ἐν@p γῆ@ndfsc μωάβ@n---p ἄρχω@viam3s μωυσῆς@nnmsp διασαφέω@vnaa-- ὁ@dams νόμος@namsc οὗτος@rpams λέγω3@vppanms"
"Deut_1.6","κύριος@nnmsc ὁ@dnms θεός@nnmsc ἐγώ@rpgmp λαλέω@viaa3s ἐγώ@rpdmp ἐν@p χωρήβ@ndmsp λέγω3@vppanms ἱκανόω@namsp σύ@rpdmp κατοικέω@vnpa-- ἐν@p τῷ@ddns ὄρος@ndnsc οὗτος@andns-"
"Deut_1.7","ἐπιστρέφω@viap2p καί@b ἀπαίρω@vira2p σύ@rpnmp καί@cs εἰσπορεύω@vmpe2p εἰς@p ὄρος@nansc ἀμορραῖος@ngmpp καί@cs πρός@p πᾶς@anamp- ὁ@damp περίοικος@anamp- ἄραψ@namsp εἰς@p ὄρος@nansc καί@cs πεδίον@nansc καί@cs πρός@p λίψ@namsc καί@b παράλιος@anafs- γῆ@nafsc χαναναῖος@angmp- καί@cs ἀντιλίβανος@nansp ἕως@p ὁ@dgms ποταμός@ngmsc ὁ@dgms μέγας@angms- εὐφράτης@ngmsp"
"Deut_1.8","εἶδον@vmaa2p παραδίδωμι@vira3s ἐνώπιον@b σύ@rpgcp ὁ@dafs γῆ@nafsc εἰσπορεύω@vpapnmp κληρονομέω@vmaa2p ὁ@dafs γῆ@nafsc ὅς@rpafs ὄμνυμι@viaa1s ὁ@ddmp πατήρ@ndmpc σύ@rpgmp ὁ@ddms ἀβραάμ@ndmsp καί@b ἀβραάμ@ndmsp καί@cs ἰακὼβ@ndmsp δίδωμι@vnaa-- αὐτός@rpdmp καί@cs ὁ@ddns σπέρμα@ndnsc αὐτός@rpgmp μετά@p αὐτός@rpamp"
"Deut_1.9","καί@b λέγω@viaa1s πρός@p σύ@rpamp ἐν@p ὁ@ddms μῶμος@ndmsc ἐκεῖνος@andms- λέγω3@vppanms οὐ@b δύναμαι@vifm1s μόνος@annms- φέρω@vnpa-- σύ@rpamp"
"Deut_1.10","κύριος@nnmsp ὁ@dnms θεός@nnmsc σύ@rpgmp πληθύνω@viia3s σύ@rpamp καί@cs ἰδού@i εἰμί@vipa2p σήμερον@b ὡσεί@b ὁ@dnnp ἄστρον@nnnpc ὁ@dgms οὐρανός@ngmsc ὁ@ddns πλῆθος@ndnsc"
"Deut_1.11","κύριος@nnmsp ὁ@dnms θεός@nnmsc ὁ@dgmp πατήρ@ngmpc σύ@rpgmp προστίθημι@voaa3s σύ@rpdmp ὡς@cs εἰμί@vipa2p χιλιοπλάσιος@b καί@cs εὐλογέω@vnaa-- σύ@rpamp καθοτ@b λαλέω@viaa3s σύ@rpdmp"
"Deut_1.12","πῶς@b δύναμαι@vifm1s μόνος@annms- φέρω@vnpa-- ὁ@dams κόπος@namsc σύ@rpgmp καί@b ὁ@dafs ὑπόστασις@nafsc σύ@rpgmp καί@cs ὁ@dafp ἀντιλογία@nafpc σύ@rpgmp"
"Deut_1.13","δίδωμι@vmaa2p ἑαυτοῦ@rpdmp ἀνήρ@nampc σοφός@anamp- καί@b ἐπιστήμων@anamp- καί@cs συνετός@anamp- εἰς@p ὁ@dafp φυλή@nafpc σύ@rpgmp καί@cs καθίστημι@vifa1s ἐπί@p σύ@rpgcp μῶν@angmp- ἡγέομαι@vppmamp σύ@rpgmp"
"Deut_1.14","καί@b ἀποκρίνω@vmap2p ἐγώ@rpdms καί@cs εἶπον@vmaa2p καλός@anans- ὁ@dans ῥῆμα@nansc ὅς@rpans λαλέω@viaa2s ποιέω@vnaa--"
"Deut_1.15","καί@b λαμβάνω@viaa1s ἐκ@p σύ@rpgmp ἀνήρ@nampc σοφός@anamp- καί@cs καί@b συνετός@anamp- καί@cs καθίστημι@viaa1s αὐτός@rpamp ἡγέομαι@vnpe-- ἐπί@p σύ@rpgmp καί@cs ἑκατοντάρχης@nampc καί@cs δεκάδαρχος@nampc γραμματοεισαγωτής@andmp- κριτής@ndmpc σύ@rpgmp"
"Deut_1.16","καί@b ἐντέλλομαι@viam1s ὁ@ddmp κριτής@ndmpc σύ@rpgcp ἐν@p ὁ@ddms ἐγώ@nvmsc λέγω3@vppanms διακούω@vmaa2p ἀνά@p μέσος@anams- ὁ@dgmp ἀδελφός@ngmpc σύ@rpgcp καί@cs κρίνω@vmaa2p δίκαιος@b ἀνά@p μέσος@anams- ἀνήρ@ngmsc καί@cs ἀνά@p μέσος@anams- ἀδελφός@ngmsc καί@cs ἀνά@p μέσος@anams- προσήλυτος@angns- αὐτός@rpgns"
"Deut_1.17","οὐ@b γιγνώσκω@vifm2s πρόσωπον@nansc ἐν@p κρίσις@ndfsc κατά@p ὁ@dams μικρός@anams- καί@cs κατά@p ὁ@dams μέγας@anams- κρίνω@vifa2s οὐ@b μή@b ὑποστέλλω@vsam2s πρόσωπον@nansc ἄνθρωπος@ngmsc ὅτι@cs ὁ@dnfs κρίσις@nnfsc ὁ@dgms θεός@ngmsc εἰμί@vipa3s καί@b ὁ@dans ῥῆμα@nansc ὅς@rpnns ἐάν@cs σκληρός@annns- εἰμί@vspa3s ἀπό@p σύ@rpgmp ἀναφέρω@vsaa2p αὐτός@rpans ἐπί@p ἐγώ@rpams καί@cs ἀκούω@vifm1s σύ@rpgcp"
"Deut_1.18","καί@b εἰ@b ἐντέλλομαι@viam1s σύ@rpdmp ἐν@p ὁ@ddms καιρός@ndmsc ἐκεῖνος@andms- πᾶς@anamp- ὁ@damp λόγος@nampc ὅς@rpamp ποιέω@vifa2p"
"Deut_1.19","καί@b ἀπαίρω@vpaanmp ἐκ@p χωρήβ@ng-sp πορεύω@viap1p πᾶς@anafs- ὁ@dafs ἐρῆμος@anafs- ὁ@dafs μέγας@anafs- καί@cs ὁ@dafs φοβερός@anafs- ἐκεῖνος@rpafs ὅς@rpafs εἶδον@viaa2p ὁδός@nafsc ὄρος@ngnsc ὁ@dgns ἀμορραίης@angms- καθότι@cs ἐντέλλομαι@viam3s κύριος@nnmsc ὁ@dnms θεός@nnmsc ἐγώ@rpgcp ἐγώ@rpdcp καί@cs ἔρχομαι@viaa1p ἕως@p καδής@nnfsp βαρνή@nnfsp"
"Deut_1.20","καί@b λέγω@viaa1s πρός@p ἔρχομαι@vira2p ἕως@p ὁ@dgns ὄρος@ngnsc ὁ@dgns ἀμορραίης@angms- ὅς@rpans ὁ@dnms κύριος@nnmsc ὁ@dnms θεός@nnmsc ἐγώ@rpgmp δίδωμι@vipa3s σύ@rpdmp"
"Deut_1.21","εἶδον@vmaa2p παραδίδωμι@vira3s σύ@rpdcp κύριος@nnmsc ὁ@dnms θεός@nnmsc ἐγώ@rpgcp πρό@p πρόσωπον@ngnsc σύ@rpgcp ὁ@dafs γῆ@nafsc ἀναβαίνω@vpaanmp κληρονομέω@vmaa2p ὅς@rpams τρόπος@namsc λέγω@viaa3s κύριος@nnmsp ὁ@dnms θεός@nnmsc ὁ@dgmp πατήρ@ngmpc ἐγώ@rpgcp σύ@rpdmp μή@b φοβέω@vmpe2p μη@x δέ@x δειλιάω@vsaa2p"
"Deut_1.22","καί@b προσέρχομαι@vmaa2p ἐγώ@rpdms πᾶς@annmp- καί@cs εἶπον@vmaa2p ἀποστέλλω@viaa1p ἀνήρ@nampc πρότερος@anampc ἐγώ@rpgcp καί@cs ἐνεδρεύω@vmaa3p ἐγώ@rpdcp ὁ@dafs γῆ@nafsc καί@cs άοαγγεθκάτωσαν@vmpa3p ἐγώ@rpdcp ἀπόκρισις@nafsc ὁ@dafs ὁδός@nafsc διά@p ὅς@rpgfs ἀναβαίνω@vifm1p ἐν@p καί@cs ὁ@dafp πόλις@nafpc εἰς@p ὅς@rpafp εἰσπορεύω@vifm1p εἰς@p αὐτός@rpafp"
"Deut_1.23","καί@b ἀρέσκω@viaa3s ἐναντίον@b ἐγώ@rpgcs ὁ@dans ῥέα@nansc μά@b καί@cs λαμβάνω@viaa1s ἐκ@p σύ@rpgcp ιβ ́@ananp- ἄν@b δράς@vpaanms ἀνήρ@namsc εἷς@namsc κατά@p φυλή@nafsc"
"Deut_1.24","καί@b ἐπιστρέφω@vpapnmp ἀναβαίνω@viaa3p εἰς@p ὁ@dans ὄρος@nansc καί@b ἔρχομαι@viaa3p ἕως@p φάραγξ@ngfsp βότρυς@ngfsc καί@cs καταστορέω@viaa3p αὐτός@rpafs"
"Deut_1.25","καί@b ἐλαύνω@viaa3p ἐν@p ὁ@ddfp χείρ@ndfpc αὐτός@rpgmp ἀπό@p ὁ@dgms καρπός1@ngmsc ὁ@dgfs γῆ@ngfsc καί@cs καταφέρω@viaa3p πρός@p ἐγώ@rpacp καί@cs λέγω3@viia3p ἀγαθός@annfs- ὁ@dnfs γῆ@nnfsc ὅς@rpafs κύριος@nnmsc ὁ@dnms θεός@nnmsc ἐγώ@rpgcp δίδωμι@vipa3s ἐγώ@rpdcp"
"Deut_1.26","καί@b οὐ@b ἐθέλω@viaa2p ἀναβαίνω@vnaa-- καί@cs ἀπειθέω@viaa2p ὁ@ddns ῥῆμα@ndnsc κύριος@ngmsc ὁ@dgms θεός@ngmsc ἐγώ@rpgcp"
"Deut_1.27","καί@b διαγογγύζω@viia2p ἐν@p ὁ@ddfp σκηνή@ndfpc σύ@rpgcp καί@cs εἶπον@vmaa2p διά@p ὁ@dans μισέω@vnpa-- κύριος@namsp ἐγώ@rpamp ἐξάγω@viaa3s ἐγώ@rpamp ἐκ@p γῆ@ngfsc αἴγυπτος@ngfsp παραδίδωμι@vnaa-- ἐγώ@rpamp εἰς@p χείρ@nafpc ἀκκάριος@ngmpp ἐξολεθρεύω@vnaa-- ἐγώ@rpamp"
"Deut_1.28","ποῦ@b ἐγώ@rpncp ἀναβαίνω@vipa1p ὁ@dnmp ἀδελφός@nnmpc σύ@rpgcp ἀφίστημι@viaa3p σύ@rpgcp ὁ@dafs καρδία@nafsc λέγω3@vppanmp ἔθνος@nansp μέγας@anans- καί@b πολύς@annns- καί@cs δυνατός@annnsc σύ@rpgcp καί@cs πόλις@nnfpc μέγας@annfp- καί@cs τειχίζω@vprenfp χίζω@vprenfp ἔως@p ὁ@dgms οὐρανός@ngmsc ἀλλά@b καί@b υἱός@nampc γίγας@vppagmp ὁράω@vira1p ἐκεῖ@b"
"Deut_1.29","καί@b λέγω@viaa1s πρός@p σύ@rpamp μή@b πτήσσω@vsaa2p μη@b δέ@cs φοβέω@vsap2p ἀπό@p αὐτός@rpgmp"
"Deut_1.30","κύριος@nnmsp ὁ@dnms θεός@nnmsc σύ@rpgmp ὁ@dnms προπορεύω@vppenms πρό@p πρόσωπον@ngnsc σύ@rpgmp αὐτός@annms- συνεκπολεμέω@vifa3s αὐτός@rpamp μετά@p ’@p σύ@rpgmp κατά@p πᾶς@ananp- ὅσος@ananp- ποιέω@viaa3s ἐγώ@rpdmp ἐν@p γῆ@ndfsc αἴγυπτος@ndfsp"
"Deut_1.31","καί@b ἐν@p ὁ@ddfs ἐρῆμος@ndfsc οὗτος@andfs- ἐάν@cs εἶδον@viaa2p ὁδός@nafsc ὄρος@ngnsc ὁ@dgns ἀμορραίης@ngmsp ὡς@cs τροφοφορέω@viaa3s σύ@rpacs κύριος@nnmsc ὁ@dnms θεός@nnmsc σύ@rpgcs ὡς@cs εἰ@cs τις@annms- τροφοφορέω@vifa3s ἄνθρωπος@nnmsc ὁ@dams υἱός@namsc αὐτός@rpgms κατά@p πᾶς@anafs- ὁ@dafs ὁδός@nafsc εἰς@p ἐάν@cs πορεύω@viap2p ἕως@cs ἔρχομαι@viaa2p εἰς@p ὁ@dams τόπος@namsc οὗτος@rpams"
"Deut_1.32","καί@b ἐν@p ὁ@ddms λόγος@ndmsc οὗτος@andms- οὐ@b ἐμπιστεύω@viaa2p κύριος@ndmsc ὁ@ddms θεός@ndmsc ἐγώ@rpgcp"
"Deut_1.33","ὅς@rpnms προπορεύω@vipe3s πρότερος@annms- σύ@rpgmp ἐν@p ὁ@ddfs ὁδός@ndfsc ἐκλέγω@vnpe-- σύ@rpdmp τόπος@namsc ὁδηγέω@vppanms σύ@rpamp ἐν@p πῦρ@ndnsc νύξ@ngfsc δείκνυμι@vppanms σύ@rpdmp ὁ@dafs ὁδός@nafsc κατά@p ἐάν@cs πορεύω@vipe2p ἐπί@p αὐτός@rpgfs καί@cs ἐν@p νεφέλη@ndfsc ἡμέρα@ngfsc"
"Deut_1.34","καί@b ἀκούω@viaa3s κύριος@nnmsp ὁ@dafs φωνή@nafsc ὁ@dgmp λόγος@ngmpc σύ@rpgmp καί@cs παροξύνω@vpapnms ὄμνυμι@viaa3s λέγω3@vppanms"
"Deut_1.35","εἰ@cs ὁράω@vifm3s τις@rpnms ὁ@dgmp ἀνήρ@ngmpc οὗτος@angmp- ὁ@dafs ἀγαθός@anafs- οὗτος@anafs- γῆ@nafsc ὅς@rpafs ὄμνυμι@viaa1s ὁ@ddmp πατήρ@ndmpc αὐτός@rpgmp"
"Deut_1.36","πλήν@p χαλέβ@nnmsp υἱός@nnmsc ἰεφοννή@ngmsp οὗτος@rpnms ὁράω@vifm3s αὐτός@rpafs καί@cs οὗτος@rpdms δίδωμι@vifa1s ὁ@dafs γῆ@nafsc ἐπί@p ἐάν@cs ἐπιβαίνω@viaa3s καί@cs ὁ@ddmp υἱός@ndmpc αὐτός@rpgms διά@p ὁ@dans πρόσκειμαι@vnpe-- αὐτός@rpams ὁ@danp πρός@p κύριος@namsc"
"Deut_1.37","καί@b ἐγώ@rpdcs θυμόω@viap3s κύριος@nnmsc διά@p σύ@rpamp λέγω3@vppanms οὐδέ@b σύ@rpn-s οὐ@b μή@b εἰσέρχομαι@vsaa2s ἐκεῖ@b"
"Deut_1.38","ἰησοῦς@ngfsp υἱός@nnmsc ναυή@nnmsp ὁ@dnms παρίστημι@vpranms σύ@rpdms οὗτος@rpnms εἰσέρχομαι@vifm3s ἐκεῖ@b αὐτός@rpams κατίσχω@vmaa2s ὅτι@cs αὐτός@rpnms κατακληρονομέω@vifa3s αὐτός@rpafs ὁ@ddms ἰσραήλ@ndmsp"
"Deut_1.39","καί@b πᾶς@anans- παιδίον@nansc νέος@anans- ὅστις@rpnms οὐ@b οἶδα@vira3s σήμερον@b ἀγαθός@anans- ἤ1@cs κακός@anans- οὗτος@rpnmp εἰσέρχομαι@vifm3p ἐκεῖ@b καί@cs οὗτος@rpdmp δίδωμι@vifa1s αὐτός@rpafs καί@cs αὐτός@rpnmp κτάομαι@vifa3p αὐτός@rpafs"
"Deut_1.40","καί@b σύ@rpnmp ἐπιστρέφω@vpapnmp στρατοπεδεύω@viaa2p εἰς@p ὁ@dafs ἐρῆμος@nafsc ὁδός@nafsc ὁ@dafs ἐπί@p ὁ@dgfs ἐρυθραί@angfs- θάλασσα@ngfsc"
"Deut_1.41","καί@b ἀποκρίνω@viap2p ἐγώ@rpdcs καί@cs εἶπον@vmaa2p ἁμαρτάνω@namsp ἔναντι@p κύριος@ngmsc ὁ@dgms θεός@ngmsc ἐγώ@rpgcp ἐγώ@rpnmp ἀναβαίνω@vpaanmp πολεμέω@vifa1p κατά@p πᾶς@ananp- ὅσος@ananp- ἐντέλλομαι@viam3s κύριος@nnmsp ὁ@dnms θεός@nnmsc ἐγώ@rpgmp ἐγώ@rpdmp καί@b ἀναλαμβάνω@vpaanmp ἕκαστος@annms- ὁ@danp σκεῦος@nanpc ὁ@danp πολεμικός@ananp- αὐτός@rpgms καί@cs συναθροίζω@vpapnmp ἀναβαίνω@vmpa2p εἰς@p ὁ@dans ὄρος@nansc"
"Deut_1.42","καί@b λέγω@viaa3s κύριος@nnmsc πρός@p ἐγώ@rpacs εἶπον@namsp αὐτός@rpdmp οὐ@b ἀναβαίνω@vifm2p οὐ@b δέ@cs μή@b πολεμέω@vifa2p οὐ@b γάρ@b εἰμί@vipa1s μετά@p σύ@rpgmp καί@b οὐ@b μή@b συντρίβω@vipa2p ἐνώπιον@b ὁ@dgmp ἐχθρός@ngmpc σύ@rpgmp"
"Deut_1.43","καί@b λαλέω@viaa1s σύ@rpdmp καί@cs οὐ@b εἰσακούω@vmaa2p ἐγώ@rpgms καί@b παραβαίνω@viaa2p ὁ@dans ῥῆμα@nansc τύριος@ngnsp καί@cs παρά@p βιάω@vpamnmp ἀναβαίνω@viaa2p εἰς@p ὁ@dans ὄρος@nansc"
"Deut_1.44","καί@b ἐξέρχομαι@viaa3s ὁ@dnms ἀμορραῖος@annms- ὁ@dnms κατοικέω@vppanms ἐν@p ὁ@ddns ὄρος@ndnsc ἐκεῖνος@andns- εἰς@p συνάντησις@nafsc σύ@rpdmp καί@b καταδιώκω@viaa3p σύ@rpamp ὡς@cs εἰ@cs ποιέω@voaa3p ὁ@dnfp μέλισσα@nnfpc καί@cs τιτρώσκω@viia3p σύ@rpamp ἀπό@p σήρ@ng-sp ἕως@p ἑρμῆς@ngmsp"
"Deut_1.45","καί@b καθίζω@vpaanmp κλαίω@viia2p ἔναντι@p τυρός@ngmsp ὁ@dgms θεός@ngmsc ἐγώ@rpgcp καί@cs οὐ@b εἰσακούω@viaa3s κύριος@nnmsc ὁ@dgfs φωνή@ngfsc σύ@rpgcp οὐ@b δέ@cs προσέχω@viaa3s σύ@rpdcp"
"Deut_1.46","καί@b ἐνκαθίημι@viie2p ἐν@p καδής@nd-sp ἡμέρα@nafpc πολύς@anafp- ὅσος@anafp- ποτέ@b ἡμέρα@nafpc ἐνκαθίημι@viap2p ἐκεῖ@b"
"Deut_2.1","καί@b ἐπιστρέφω@vpapnmp ἐπαράομαι@viaa1p εἰς@p ὁ@dafs ἐρῆμος@nafsc ὁδός@nafsc θάλασσα@nafsc ἐρυάω@anafs- ὅς@rpams τρόπος@namsc λαλέω@viaa3s κύριος@nnmsp πρός@p ἐγώ@rpacs καί@cs κυκλόω@viaa1p ὁ@dans ὄρος@nansc ὁ@dans σήρ@n---p ἡμέρα@nafpc πολύς@anafp-"
"Deut_2.2","καί@b λέγω@viaa3s κύριος@nnmsc πρός@p ἐγώ@rpacs"
"Deut_2.3","ἱκανόω@nnmsp σύ@rpdmp κυκλέω@vppaans ὁ@dans ὄρος@nansc οὗτος@anans- ἐπιστρέφω@viap3s οὖν@b ἐπί@p βορέας@ngfpc"
"Deut_2.4","καί@b ὁ@ddns λῆ@ndnsc ἐντέλλω@vnaa-- λέγω3@vppanms σύ@rpnmp παραπορεύομαι@vmpe2p διά@p ὁ@dgmp ὅριον@ngnpc ὁ@dgmp ἀδελφός@ngmpc σύ@rpgmp υἱός@ngmpc ἐσσάυ@ngmsp ὅς@rpnmp κατοικέω@vipa3p ἐν@p σηείρ@nd-sp καί@b φοβέω@vifp3p σύ@rpamp καί@cs εὐλαβέομαι@vifp3p σύ@rpamp σφόδρα@b"
"Deut_2.5","μή@b συνάπτω@vsaa2p πρός@p αὐτός@rpamp πόλεμος@namsc οὐ@b γάρ@b μή@b δῶμα@vsaa1s σύ@rpdmp ἀπό@p ὁ@dgfs γῆ@ngfsc αὐτός@rpgmp οὐ@b δέ@cs βῆμα@nansc πούς@ngmsc ὅτι@cs υἱός@ndmpc ἠσαύ@ngmsp δίδωμι@vira1s ὁ@dans ὄρος@nansc ὁ@dans σηείρ@nansp"
"Deut_2.6","βρῶμα@nanpc ἀργύριον@ngnsc ἀγοράζω@vmaa2p παρά@p αὐτός@rpgmp καί@cs ἐσθίω@vmam2p καί@cs ὕδωρ@nansc μέτρον@ndnsc λαμβάνω@vifm2p παρά@p αὐτός@rpgmp ἀργύριον@ngnsc καί@cs πίνω@vmam2p"
"Deut_2.7","ὁ@dnms γάρ@b κύριος@nnmsc ὁ@dnms θεός@nnmsc σύ@rpacs ἐν@p πᾶς@andns- ἔργον@ndnsc ὁ@dgfp χείρ@ngfpc σύ@rpgcs διαγιγνώσκω@vmaa2s πῶς@b διέρχομαι@viaa2s ὁ@dafs ἐρῆμος@anafs- ὁ@dafs μέγας@anafs- καί@cs ὁ@dafs φοβερός@anafs- ἐκεῖνος@rpafs ἰδού@vpaanms τεσσεράκοντα@an---- ἔτος@nanpc κύριος@nnmsp ὁ@dnms θεός@nnmsc σύ@rpgcs μετά@p σύ@rpgms οὐ@b ἐπιδέω@viap2s ῥῆμα@ngnsc"
"Deut_2.8","καί@b παρέρχομαι@viaa1p ὁ@damp ἀδελφός@nampc σύ@rpgmp υἱός@nampc ἐσσάυ@ngmsp ὁ@damp κατά@annmp- κῶς@vppaamp ἐν@p σήρ@nd-sp παρά@p ὁ@dafs ὁδός@nafsc ὁ@dafs ἄραψ@nafsp ἀπό@p ἀραβός@namsp καί@cs ἀπό@p γάβερ@ng-sp γάβερ@nnfsp καί@b ἐπιστρέφω@vpaanmp παρέρχομαι@viaa1p ἐρῆμος@anafs- ὁδός@nafsc μωάβ@ngmsp"
"Deut_2.9","καί@cs λέγω@viaa3s κύριος@nnmsc πρός@p ἐγώ@rpacs μή@b ἐχθραίνω@vmpa2p ὁ@ddmp μωαβείτης@ndmpp καί@cs μή@b συνάπτω@vsaa2p πρός@p αὐτός@rpamp πόλεμος@namsc οὐ@b γάρ@b μή@b δῶμα@vsaa1s ἀπό@p ὁ@dgfs γῆ@ngfsc αὐτός@rpgmp σύ@rpdmp ἐν@p κλῆρος@ndmsc ὁ@ddmp γάρ@b υἱός@ndmpc λὼτ@ngmsp δίδωμι@vira1s ὁ@dafs σήρ@nafsp διανέμω@vnpa--"
"Deut_2.10","ὁ@dnmp ἐγώ@nnmpp πρότερος@annmp- ἐγκαθήδομαι@viim3p ἐπί@p αὐτός@rpgfs ἔθνος@nansc μέγας@anans- καί@cs πολύς@anans- καί@cs ἰσχύω@vppanmp ὥσπερ@cs ὁ@dnmp ἐνακείμ@nnmpp"
"Deut_2.11","ῥαφαείν@ndmsp λογίζομαι@vifp3p καί@b οὗτος@rpnmp ὥσπερ@cs ὁ@dnmp ἐνακείμ@nnmpp καί@b ὁ@dnmp μωαβεῖται@nnmpp ποιέω@vipa3p νομόζω@vipa3p αὐτός@rpamp ὄμνυμι@nnmsp"
"Deut_2.12","καί@b ἐν@p σήρ@ndmsp ἐνκάθημαι@viim3s ὁ@dnms χορραῖος@annms- πρότερος@anans- καί@b υἱός@nnmpc ἠσαύ@ngmsp ἀπόλλυμι@viaa3p αὐτός@rpamp καί@b ἐκτέμνω@viaa3p αὐτός@rpamp ἀπό@p πρόσωπον@ngnsc αὐτός@rpgmp καί@cs κατοικίζω@viap3p ἀντί@p αὐτός@rpgmp ὅς@anams- τρόπος@namsc ποιέω@viaa3s ἰσραήλ@nnmsp ὁ@dafs γῆ@nafsc ὁ@dgfs κληρονομία@ngfsc αὐτός@rpgms ὅς@rpafs δίδωμι@vira3s κύριος@nnmsc αὐτός@rpdmp"
"Deut_2.13","οὖν@b οὖν@b ἀνίστημι@vmaa2p καί@b ἀπαίρω@vira2p σύ@rpnmp καί@cs παραπορεύομαι@vmpe2p ὁ@dafs φάραγξ@nafsc ζάρετ@nvmsp καί@b παρέρχομαι@viaa1p ὁ@dafs φάραγξ@nafsc ζάρετ@ng-sp"
"Deut_2.14","καί@cs ὁ@dnfp ἡμέρα@nnfpc ὅς@rpafp παραπορεύομαι@viap1p ἀπό@p καδής@ngfsp βαρνή@nnfsp ἕως@p ὅς@b παρέρχομαι@viaa1p ὁ@dafs φάραγξ@nafsc ζάρετ@nnmsp τριάκοντα@ καί@cs ὀκτώ@an---- ἔτος@nanpc ἕως@p ὅς@b διαπίπτω@viaa3s πᾶς@annfs- γενεά@nnfsc ἀνήρ@ngmpc πολεμιστής@ngmpc ἀποθνήσκω@vppanmp ἐκ@p ὁ@dgfs βολή@ngfsc καθότι@cs ὄμνυμι@viaa3s αὐτός@rpdmp ὁ@dnms θεός@nnmsc"
"Deut_2.15","καί@b ὁ@dnfs χείρ@nnfsc ὁ@dgms θεός@ngmsc εἰμί@viia3s ἐπί@p αὐτός@rpdmp ἐξαναλίσκω@vnaa-- αὐτός@rpamp ἐκ@p μέσος@angms- ὁ@dgfs παρεμβολή@ngfsc ἕως@cs οὖ@b διέπω@viaa3p"
"Deut_2.16","καί@b γίγνομαι@viap3s ἐπεί@cs διέπω@viaa3p πᾶς@annmp- ὁ@dnmp ἀνήρ@nnmpc ὁ@dnmp πολεμιστής@nnmpc ἀποθνήσκω@vppanmp ἐκ@p μέσος@angms- ὁ@dgms λαός@ngmsc"
"Deut_2.17","καί@cs λαλέω@viaa3s κύριος@nnmsc πρός@p ἐγώ@rpacs λέγω3@vppanms"
"Deut_2.18","σύ@rpncs παραπορεύομαι@vifm2s σήμερον@b ὁ@danp ὅριον@nanpc μωάβ@n---p ὁ@dafs σηείρ@nafsp καί@cs"
"Deut_2.19","προσάγω@vifa2p ἐγγύς@b υἱός@ngmpc ἀμμάν@nafsp μή@b ἐχθραίνω@vmpa2p αὐτός@rpdmp καί@cs μή@b συνάπτω@vsaa2p αὐτός@rpdmp εἰς@p πόλεμος@namsc οὐ@b γάρ@b μή@b δῶμα@vsaa1s ἀπό@p ὁ@dgfs γῆ@ngfsc υἱός@ngmpc ἀμμάν@ngmsp σύ@rpdms ἐν@p κλῆρος@ndmsc ὅτι@cs ὁ@ddmp υἱός@ndmpc λὼτ@ngmsp δίδωμι@vira1s αὐτός@rpafs ἐν@p κλῆρος@ndmsc"
"Deut_2.20","γῆ@nnfsc ραφαίν@nafsp προσκρίνω@vifp3s καί@b γάρ@b ἐπί@p αὐτός@rpgfs κατοικέω@viia3p ὁ@dnmp ῥαφαείν@nnmpp ὁ@dans πρότερος@anans- καί@cs ὁ@dnmp ἀμμανέομαι@nnmpp ὀνομάζω@vipa3p αὐτός@rpamp ζοχομέω@nampp"
"Deut_2.21","ἔθνος@nnnsc μέγας@annns- καί@b πολύς@annns- καί@cs δυνατός@anansc σύ@rpgmp ὥσπερ@cs ὁ@dnmp ἐνακείμ@nnmpp καί@b ἀπόλλυμι@viaa3s αὐτός@rpamp κύριος@nnmsc πρό@p πρόσωπον@ngnsc αὐτός@rpgmp καί@b κατάκληρονομέω@viaa3p καί@cs κατοικίζω@viap3p ἀντί@p αὐτός@rpgmp ἕως@p ὁ@dgfs ἡμέρα@ngfsc οὗτος@angfs-"
"Deut_2.22","ὥσπερ@b ποιέω@viaa3p ὁ@ddmp υἱός@ndmpc ἠσαύ@namsp ὁ@ddmp κατοικέω@vppadmp ἐν@p σηείρ@ndfsp ὅς@anams- τρόπος@namsc ἐκτέμνω@viaa3p ὁ@dams χορραῖος@namsp ἀπό@p πρόσωπον@ngnsc αὐτός@rpgmp καί@cs κατάκληρονομέω@viaa3p καί@b ἀντί@p αὐτός@rpgmp ἕως@p ὁ@dgfs ἡμέρα@ngfsc οὗτος@rpgfs"
"Deut_2.23","καί@b ὁ@dnmp εὐαῖος@nnmpp ὁ@dnmp κατοικέω@vppanmp ἐν@p ἁσδώθ@nd-sp ἕως@p γάζα@ngfsp καί@cs ὁ@dnmp καππάδοκες@nnmpp ὁ@dnmp ἐξέρχομαι@vpaanmp ἐκ@p καππαδοκία@ngfsp ἐκτέμνω@viaa3p αὐτός@rpamp καί@cs κατοικίζω@viap3p ἀντί@p αὐτός@rpgmp"
"Deut_2.24","νῦν@b οὖν@b ἀνίστημι@vmaa2p καί@cs ἀπαίρω@vmaa2p καί@cs παρέρχομαι@vmaa2p σύ@rpnmp ὁ@dafs φάραγξ@nafsc ἀρνός@ngmpp ἰδού@i παραδίδωμι@vira1s εἰς@p χείρ@nafpc σύ@rpgcs ὁ@dams σής@nvmsp βασιλεύς@namsc εἰσβαίνω@namsp ὁ@dams ἀμορραῖος@anams- καί@cs ὁ@dafs γῆ@nafsc αὐτός@rpgms ἔναρχος@viia3s διανέμω@vnpa-- συνάπτω@vmpa2s πρός@p αὐτός@rpams πόλεμος@namsc"
"Deut_2.25","ἐν@p τῆ@ddfs ἡμέρα@ndfsc οὗτος@rpdfs ἔναρχος@viia3s δίδωμι@vnaa-- ὁ@dams τρόμος@namsc σύ@rpgcs καί@cs ὁ@dams φόβος@namsc σύ@rpgcs ἐπί@p πρόσωπον@nansc πᾶς@angnp- ὁ@dgnp ἔθνος@ngnpc ὁ@dgnp ὁ@dgms οὐρανός@ngmsc ὅστις@rpnmp ἀκούω@vpaanmp ὁ@dans ὄνομα@nansc σύ@rpgcs ταράσσω@vifp3p καί@cs ὠδίς@nnfpc ἔχω@vifa3p ἀπό@p πρόσωπον@ngnsc σύ@rpgcs"
"Deut_2.26","καί@cs ἀποστέλλω@viaa1s πρέσβυς@nampc ἐκ@p ὁ@dgfs ἐρῆμος@angfs- κεδαμώθ@nafsp πρός@p σής@namsp βασιλεύς@namsc ἑσβών@ngfsp λόγος@ndmpc εἰρηνικός@andmp- λέγω3@vppanms"
"Deut_2.27","παρέρχομαι@vifm1s διά@p ὁ@dgfs γῆ@ngfsc σύ@rpgcs ἐν@p ὁ@ddfs ὁδός@ndfsc παρέρχομαι@vifm1s οὐ@b ἐκκλίνω@vipa1s δεξιός@ananp- οὐ@b δέ@x ἀριστερός@ananp-"
"Deut_2.28","βρῶμα@nanpc ἀργύριον@ngnsc ἀποδίδωμι@vifm2s ἐγώ@rpdcs καί@cs ἐσθίω@vifm1s καί@cs ὕδωρ@nansc ἀργύριον@ngnsc ἀποδίδωμι@vifm2s ἐγώ@rpdcs καί@cs πίνω@vifm1s πλήν@b ὅτι@cs παρέρχομαι@vifm1s ὁ@ddmp πούς@ndmpc"
"Deut_2.29","καθώς@cs ποιέω@viaa3p ἐγώ@rpdms ὁ@dnmp υἱός@nnmpc hσαύ@ngmsp ὁ@dnmp κατοικέω@vppanmp ἐν@p σήρ@n---p καί@cs ὁ@dnmp μωαβεῖται@nnmpp ὁ@dnmp κατοικέω@vppanmp ἐν@p ἀροήρ@n---p ἕως@cs παρέρχομαι@vsaa1s ὁ@dams ἰορδάνης@namsp εἰς@p ὁ@dafs γῆ@nafsc ἐάν@cs κύριος@nnmsp ὁ@dnms θεός@nnmsc ἐγώ@rpgmp δίδωμι@vipa3s ἐγώ@rpdmp"
"Deut_2.30","καί@b οὐ@b ἐθέλω@viaa3s σής@nnmsp βασιλεύς@nnmsc ἑσβών@nnmsp παρέρχομαι@vnaa-- ἐγώ@rpacp διά@p αὐτός@rpgms ὅτι@cs σκληρύνω@viaa3s κύριος@nnmsc ὁ@dnms θεός@nnmsc ἐγώ@rpgmp ὁ@dans πνεῦμα@nansc αὐτός@rpgms καί@cs κρατέω@viaa3s ὁ@dafs καρδία@nafsc αὐτός@rpgms ἵνα@cs παραδίδωμι@vsap3s εἰς@p ὁ@dafp χείρ@nafpc σύ@rpgcs ὡς@cs ἐν@p τῆ@ddfs ἡμέρα@ndfsc οὗτος@rpdfs"
"Deut_2.31","καί@b λέγω@viaa3s κύριος@nnmsp πρός@p ἐγώ@ndnsc εἶδον@ngmsp ἄρχω@vire1s παραδίδωμι@vnaa-- πρό@p πρόσωπον@ngnsc σύ@rpgms ὁ@dams σής@namsp βασιλεύς@namsc ἑσβών@namsp ὁ@dams ἀμορραῖος@anams- καί@cs ὁ@dafs γῆ@nafsc αὐτός@rpgms ἐνάρχομαι@vnaa-- κληρονομέω@vnaa-- ὁ@dafs γῆ@nafsc αὐτός@rpgms"
"Deut_2.32","καί@b ἐξέρχομαι@viaa3s σής@nnmsp βασιλεύς@nnmsc ἑσβών@nnmsp εἰς@p συνάντησις@nafsc ἐγώ@rpdmp αὐτός@rpnms καί@cs πᾶς@annms- ὁ@dnms λαός@nnmsc αὐτός@rpgms εἰς@p πόλεμος@namsc ἰάσων@nnfsp"
"Deut_2.33","καί@b παραδίδωμι@viaa3s αὐτός@rpams κύριος@nnmsp ὁ@dnms θεός@nnmsc ἐγώ@rpgcp πρό@p πρόσωπον@ngnsc ἐγώ@rpgcp καί@cs πατάσσω@viaa3s αὐτός@rpams καί@cs ὁ@damp υἱός@nampc αὐτός@rpgms καί@b πᾶς@anams- ὁ@dams λαός@namsc αὐτός@rpgms"
"Deut_2.34","καί@b κρατέω@viaa1p πᾶς@angfp- ὁ@dgfp πόλις@ngfpc αὐτός@rpgms ἐν@p ὁ@ddms καιρός@ndmsc ἐκεῖνος@andms- καί@cs ἐξολεθρεύω@viaa1p πᾶς@anafs- πόλις@nafsc ἑξῆς@b καί@b ὁ@dafp γυνή@nafpc αὐτός@rpgmp καί@cs ὁ@danp τέκνον@nanpc αὐτός@rpgfp οὐ@b καταλείπω@viaa1p ζωγρεία@nafsc"
"Deut_2.35","πλήν@b ὁ@danp κτῆνος@nanpc νομεύω@viaa1p καί@cs ὁ@danp σκῦλον@nanpc ὁ@dgfp πόλις@ngfpc λαμβάνω@viaa1p"
"Deut_2.36","ἐκ@p ἀροτήρ@nnmsp ὅς@rpnfs εἰμί@vipa3s παρά@p ὁ@dans χεῖλος@nansc χειμάρρους@ngmsc ἀρνός@ngmpp ὁ@dafs πόλις@nafsc ὁ@dafs εἰμί@vppaafs ἐν@p ὁ@ddfs φάραγξ@ndfsc καί@cs ἕως@p ὄρος@ngnsc ὁ@dgms γαλαάδ@ngmsp οὐ@b γίγνομαι@viap3s πόλις@nafpc ὅστις@rpnfs διαφεύγω@viaa3s ἐγώ@rpacp ὁ@dafp πᾶς@anafp- παραδίδωμι@viaa3s κύριος@nnmsc ὁ@dnms θεός@nnmsc ἐγώ@rpgcp εἰς@p ὁ@dafp χείρ@nafpc ἐγώ@rpgcp"
"Deut_2.37","πλήν@p ἐγγύς@b υἱός@ngmpc ἀμμών@nnmsp οὐ@b προσέρχομαι@viaa1p πᾶς@ananp- ὁ@danp συγκυρέω@vppaanp χειμάρρους@ngmsc ἰαβόκ@ngmsp καί@cs ὁ@dafp πόλις@nafpc ὁ@dafp ἐν@p ὁ@ddfs ὀρεινός@ndfsc καθότι@cs ἐντέλλομαι@viam3s κύριος@nnmsc ὁ@dnms θεός@nnmsc ἐγώ@rpgcp ἐγώ@rpdcp"
"Deut_3.1","καί@cs στρέφω@vpapnmp ἀναβαίνω@viaa1p ὁδός@nafsc ὁ@dafs εἰς@p βασάω@nafsc καί@b ἐξέρχομαι@viaa3s γὼγ@nnmsp βασιλεύς@nnmsc βασάω@vnfa-- εἰς@p συνάντησις@nafsc ἐγώ@rpdmp αὐτός@rpnms καί@cs πᾶς@annms- ὁ@dnms λαός@nnmsc αὐτός@rpgms εἰς@p πόλεμος@namsc εἰς@p δράω@namsp"
"Deut_3.2","καί@b λέγω@viaa3s κύριος@nnmsp πρός@p ἐγώ@rpacs μή@b φοβέω@vsap2s αὐτός@rpams ὅτι@cs εἰς@p ὁ@dafp χείρ@nafpc σύ@rpgcs παραδίδωμι@vira1s αὐτός@rpams καί@b πᾶς@anams- ὁ@dams λαός@namsc αὐτός@rpgms καί@cs πᾶς@anafs- ὁ@dafs γῆ@nafsc αὐτός@rpgms καί@b ποιέω@vifa2s αὐτός@rpdms ὥσπερ@cs ποιέω@viaa2s σής@nnmsp βασιλεύς@ndmsc ὁ@dgmp ἀκκάριος@ngmpp ὅς@rpnms κατοικέω@viia3s ἐν@p ἑσσέβω@nd-sp"
"Deut_3.3","καί@b παραδίδωμι@viaa3s αὐτός@rpams κύριος@nnmsp ὁ@dnms θεός@nnmsc ἐγώ@rpgcp εἰς@p ὁ@dafp χείρ@nafpc ἐγώ@rpgmp καί@b ὁ@dams ὅσγε@anams- ’@rpams βασιλεύς@namsc ὁ@dgfs βασάω@ngfpc καί@cs πᾶς@anams- ὁ@dams λαός@namsc αὐτός@rpgms καί@b ἐπατάσσω@viaa1p αὐτός@rpams ἕως@p ὁ@dgns μή@b καταλιμπάνω@vnaa-- αὐτός@rpgms σπέρμα@nansc"
"Deut_3.4","καί@b κρατέω@viaa1p πᾶς@angfp- ὁ@dgfp πόλις@ngfpc αὐτός@rpgms ἐν@p ὁ@ddms καιρός@ndmsc ἐκεῖνος@andms- οὐ@b εἰμί@viia3s πόλις@nafpc ὅς@rpafs οὐ@b λαμβάνω@viaa1p παρά@p αὐτός@rpgmp ἑξήκοντα@ πόλις@nafpc πᾶς@ananp- ὁ@danp συγκυρέω@vppaanp ἀργόβ@ngmsp βασιλεύς@ngmsc ὦγ@b ἐν@p βασάω@ngfpc"
"Deut_3.5","πᾶς@annfp- πόλις@nnfpc ὀχυρός@annfp- ὑψηλός@annfp- πύλη@nnfpc καί@cs μοχλός@nnmpc πλήν@p ὁ@dgfp πόλις@ngfpc ὁ@dgfp φερεζαῖος@angfp- ὁ@dgfp πολύς@angfp- σφόδρα@b"
"Deut_3.6","ἐξόλλυμι@viaa1p αὐτός@rpamp ὥσπερ@cs ποιέω@viaa1p ὁ@dams σής@namsp βασιλεύς@namsc ἑσσέβω@ngfsp καί@cs ἐξολεθρεύω@viaa1p πᾶς@anafs- πόλις@nafsc ἑξῆς@b καί@b ὁ@dafp γυνή@nafpc καί@b ὁ@danp παιδίον@nanpc"
"Deut_3.7","καί@cs πᾶς@ananp- ὁ@danp κτῆνος@nanpc καί@b ὁ@danp σκῦλον@nanpc ὁ@dgfp πόλις@ngfpc νομεύω@viaa1p ἑαυτοῦ@rpdmp"
"Deut_3.8","καί@b λαμβάνω@viaa1p ἐν@p ὁ@ddms καιρός@ndmsc ἐκεῖνος@andms- ὁ@dafs γῆ@nafsc ἐκ@p χείρ@ngfpc δύο@an---- βασιλεύς@ngmpc ὁ@dgmp ἀκκάριος@ngmpp ὅς@dnmp εἰμί@viia3p πέραν@b ὁ@dgms ἰορδάνης@ngmsp ἀπό@p ὁ@dgms χειμάρρους@ngmsc ἀρνός@ngmpp καί@cs ἕως@p αερμών@ng-sp ἐπικαλέω@vipa3p ὁ@dans ἁέρμών@nansp σανιώρ@nnmsp"
"Deut_3.9","καί@cs ὁ@dnms ἀμορραῖος@annms- αὐτός@rpans σανείρ@nnmsp"
"Deut_3.10","πᾶς@annfp- πόλις@nnfpc μεισώρ@ngmsp καί@b πᾶς@annfs- γαλαάδ@nnfsp καί@cs πᾶς@annfs- βασάω@ngfpc ἕως@p ἐλχά@nnfsp καί@cs δράω@ng-sp πόλις@nnfpc βασίλεια@nnfpc ὁ@dgns ὅσγε@rpnms ἐν@p ὁ@ddfs βασάω@nafsc"
"Deut_3.11","ὅτι@cs πλήν@p ὦγ@b βασιλεύς@nnmsc βασάω@vnpa-- καταλείπω@viap3s ὑπό@p ὁ@dgmp ραφαείν@ngmpp ἰδού@i ὁ@dnfs κλίνη@nnfsc αὐτός@rpgms κλίνη@nnfsc σιδήρεος@annfs- ἰδού@i οὗτος@rpnfs ἐν@p ὁ@ddfs ἄκρα@ndfsc ὁ@dgmp υἱός@ngmpc ἄμμος@ngmpp ἐννέα@ πῆχυς@ngmpc ὁ@dnns μῆκος@nnnsc αὐτός@angfs- καί@cs τέσσαρες@ πῆχυς@ngmpc ὁ@dnns εὖρος@nnnsc ἐν@p πῆχυς@ndmsc ἀνήρ@ngmsc"
"Deut_3.12","καί@b καί@b ὁ@dafs γῆ@nafsc ἐκεῖνος@anafs- νομεύω@viaa1p ἐν@p ὁ@ddms καιρός@ndmsc ἐκεῖνος@rpdms ἀπό@p ἀροήρ@n---p ὅς@rpnfs εἰμί@vipa3s ἐπί@p ὁ@dgns χεῖλος@ngnsc χειμάρρους@angns- ἀρνός@n---p καί@cs ὁ@dans ἥμισυς@anans- ὄρος@ngnsc γαλαάδ@b καί@b ὁ@dafp πόλις@nafpc αὐτός@rpgms δίδωμι@viaa1s τῷ@ddms ρουβή@nafsp καί@cs ὁ@ddms γόδ@ndmsp"
"Deut_3.13","καί@b ὁ@dans κατάλοιπος@anans- ὁ@dgms γαλαάδ@ngmsp καί@cs πᾶς@anafs- ὁ@dafs βάσανος@nafsp βασιλεία@nafsc γωγ@ng-sp δίδωμι@viaa1s ὁ@ddns ἥμισυς@andns- φυλή@ngfsc μανασσή@nnfsp καί@cs πᾶς@anafs- ἀργόβ@nafsp πᾶς@anafs- γῆ@nafsc βασάω@vnfa-- ἐκεῖνος@anafs- γῆ@nafsc ῥαφαείν@nafsp λογιπερίχωρος@anafs-"
"Deut_3.14","καί@cs ἰαείρ@nnmsp υἱός@nnmsc μανασσή@nnfsp λαμβάνω@viaa3s πᾶς@anafs- περίχωρος@anafs- ἕως@p ὁ@dgnp ὅριον@ngmpc γαρτασεί@nnmpp καί@cs ὁμαχθέω@nnfsp ἐπονομάζω@viaa3s αὐτός@rpafp ἐπί@p ὁ@ddns ὄνομα@ndnsc αὐτός@rpgms ὁ@dafs βασσεμὰθ@nafsp αὐώθ@nnfsp ἰαείρ@nnmsp ἕως@p ὁ@dgfs ἡμέρα@ngfsc οὗτος@rpgfs"
"Deut_3.15","καί@b τῷ@ddms μάχαιρα@nafsp δίδωμι@viaa1s ὁ@dafs γαλαάδ@nafsp"
"Deut_3.16","καί@b ὁ@ddms ῥουβήν@namsp καί@cs ὁ@ddms γὰδ@ndmsp δίδωμι@vira1s ἀπό@p ὁ@dgfs γαλαάδ@ngfsp ἕως@p χειμάρρους@ngmsc ἀρνός@ngmpp καί@cs ἕως@p ὁ@dgms ἰαβόκ@ngmsp"
"Deut_3.17","ὁ@dnms χειμάρρους@nnmsc ὅριον@nansc ὁ@ddmp υἱός@ndmpc ἀμμάν@ngmsp καί@b ὁ@dnfs ἄραψ@nnfsp καί@cs ὁ@dnms ἰορδάνης@nnmsp ὅριον@nansc μαχανάρεθ@ngmsp καί@cs ἕως@p θάλασσα@ngfsc ἀραβά@nnfsp θάλασσα@ngfsc ἀλυκός@angfs- ὑπό@p ἀσηδὼθ@nafsp ὁ@dafs φασγός@nafsp ἀνατολή@ngfpc"
"Deut_3.18","καί@b ἐντέλλομαι@viam1s σύ@rpdmp ἐν@p ὁ@ddms καιρός@ndmsc ἐκεῖνος@andms- λέγω3@vppanms κύριος@nnmsc ὁ@dnms θεός@nnmsc ἐγώ@rpgmp δίδωμι@viaa3s σύ@rpdmp ὁ@dafs γῆ@nafsc οὗτος@rpafs ἐν@p κλῆρος@ndmsc ἐνοπλίζω@vpamnmp πρόπο@p ρεύω@vmpe2p πρό@p πρόσωπον@ngnsc ὁ@dgmp ἀδελφός@ngmpc σύ@rpgmp υἱός@ngmpc ἰσραήλ@nnmsp πᾶς@annms- δυνατός@annms-"
"Deut_3.19","πλήν@b ὁ@dnfp γυνή@nnfpc σύ@rpgcp καί@b ὁ@dnnp τέκνον@nnnpc σύ@rpgcp καί@cs ὁ@dnnp κτῆνος@nnnpc σύ@rpgmp οἶδα@vira1s ὅτι@cs πολύς@annnp- κτῆνος@nnnpc σύ@rpdcp κατοικέω@vmpa3p ἐν@p ὁ@ddfp πόλις@ndfpc σύ@rpgcp ὅς@rpdfp δίδωμι@viaa1s σύ@rpdcp"
"Deut_3.20","ἕως@cs ἄν@b καταπραῧνω@vsaa3s κύριος@nnmsc ὁ@dnms θεός@nnmsc σύ@rpgmp ὁ@damp ἀδελφός@nampc σύ@rpgmp ὥσπερ@cs καί@b σύ@rpamp καί@b κατακληρονομέω@vifa3p καί@b οὗτος@rpnmp ὁ@dafs γῆ@nafsc ὅς@rpafs κύριος@nnmsp ὁ@dnms θεός@nnmsc ἐγώ@rpgmp δίδωμι@vipa3s αὐτός@rpdmp ἐν@p ὁ@ddns πέραν@b ὁ@dgms ἰορδάνης@ngnsp καί@cs ἀναστρέφω@vifm2p ἕκαστος@annms- εἰς@p ὁ@dafs κληρονομία@nafsc αὐτός@rpgms ὁ@dgms ἐάν@cs δίδωμι@viaa1s σύ@rpdmp"
"Deut_3.21","καί@b ὁ@ddms ἰησώ@ndmsp ἐντέλλομαι@viam1s ἐν@p ὁ@ddms καιρός@ndmsc ἐκεῖνος@andms- λέγω3@vppanms ὁ@dnmp ὀφθαλμός@nnmpc σύ@rpgmp ὁράω@vira3p πᾶς@ananp- ὅσος@ananp- ποιέω@viaa3s κύριος@nnmsc ὁ@dnms θεός@nnmsc ἐγώ@rpgmp ὁ@ddmp δύο@andmp- βασιλεύς@ndmpc οὗτος@andmp- οὕτως@b ποιέω@vifa3s κύριος@nnmsp ὁ@dnms θεός@nnmsc ἐγώ@rpgmp πᾶς@anafp- ὁ@dafp βασίλεια@nafpc ἐπί@p ὅς@rpafp σύ@rpnms διαβαίνω@vipa2s ἐκεῖ@b"
"Deut_3.22","οὐ@b φοβέω@vifp2s ὅτι@cs κύριος@nnmsc ὁ@dnms θεός@nnmsc ἐγώ@rpgmp αὐτός@annms- πολεμέω@vipa3s περί@p περί@p σύ@rpgmp"
"Deut_3.23","καί@b δέω2@viap1s ἐναντίον@anans- κύριος@ngmsc ἐν@p ὁ@ddms καιρός@ndmsc ἐκεῖνος@rpdms λέγω3@vppanms"
"Deut_3.24","κύριος@nvmsp ὁ@dnms θεός@nnmsc σύ@rpnms ἄρχω@viam2s δείκνυμι@vnaa-- ὁ@ddms σός@andms- θεράπων@ndmsc ὁ@dafs ἰσχύς@nafsc σύ@rpgms καί@cs ὁ@dafs δύναμις@nafsc γάρ@b εἰμί@vipa3s θεός@nnmsc ἐν@p ὁ@ddms οὐρανός@ndmsc ἤ1@cs ἐπί@p ὁ@dgfs γῆ@ngfsc ὅστις@rpnms ποιέω@vifa3s καθά@p σύ@rpncs ποιέω@viaa2s καί@cs κατά@p ὁ@dafs ἰσχύς@nafsc σύ@rpgcs"
"Deut_3.25","διαβαίνω@vpaanms οὖν@b ὁράω@vifm1s ὁ@dafs γῆ@nafsc ὁ@dafs ἀγαθός@anafs- οὗτος@anafs- ὁ@dafs εἰμί@vppaafs πέραν@p ὁ@dgms ἰορδάνης@ngnsp ὁ@dans ὄρος@nansc ὁ@dans ἀγαθός@anans- καί@cs ὁ@dams ἀντιλίβανος@namsp"
"Deut_3.26","καί@b ὑπερεῖδον@viaa3s κύριος@nnmsc ἐγώ@rpams ἕνεκα@p σύ@rpgmp καί@cs οὐ@b εἰσακούω@viaa3s ἐγώ@rpgms καί@b λέγω@viaa3s κύριος@nnmsp πρός@p ἐγώ@rpams κανούσθω@nvmsp σύ@rpdms μή@b προστίθημι@vsaa2s ἔτι@b λαλέω@vnaa-- ὁ@dams λόγος@namsc οὗτος@anams-"
"Deut_3.27","ἀναβαίνω@vmaa2s ἐπί@p κορυφή@ndfsc λάζομαι@ngmsp καί@cs ἀναβλέπω@vpaanms ὁ@ddmp ὀφθαλμός@ndmpc κατά@p θἁλας@viaa2s σαν@vmpa2s καί@cs βορέας@ngmpc καί@cs λίψ@nvmsc καί@b ἀνατολή@vpaanms καί@cs εἶδον@vmaa2s ὁ@ddmp ὀφθαλμός@ndmpc σύ@rpgcs ὅτι@cs οὐ@b διαβαίνω@vsaa3s ὁ@dams ἰορδάνης@namsp οὗτος@rpams"
"Deut_3.28","καί@b ἐντέλλω@vmaa2s ἰησώ@ndmsp καί@cs κατίσχω@vmaa2s αὐτός@rpams καί@cs παρακαλέω@vmaa2s αὐτός@rpams ὅτι@cs οὗτος@rpnms πρό@p πρόσωπον@ngnsc ὁ@dgms λαός@ngmsc οὗτος@angms- καί@cs αὐτός@rpnms κατακληρονομέω@vifa3s αὖ@b ὁ@dafs γῆ@nafsc ὅς@rpafs ὁράω@vira2s"
"Deut_3.29","καί@b ἐνκαθήμεθα@vire1p ἐν@p νάπη@ndfsc σύνεγγυς@b οἶκος@ngmsc φογώρ@ng-sp"
"Deut_4.1","καί@cs νῦν@b ἰσραήλ@nvmsp ἀκούω@vmpa2s ὁ@dgmp δικαίωμα@ngmpc καί@cs ὁ@dgnp κρῖμα@ngnpc ὅσος@rpanp διδάσκω@vipa1s σύ@rpamp σήμερον@b ποιέω@vnpa-- ἵνα@cs ζάω@vspa2p καί@b πολυπλασιασθέω@vspa2p καί@cs κληρονομέω@vsaa2p ὁ@dafs γῆ@nafsc ἐάν@cs κύριος@nnmsc ὁ@dnms θεός@nnmsc ὁ@dgmp πατήρ@ngmpc ἱν@vspa3s"
"Deut_4.2","οὐ@b προστίθημι@vifm2p πρός@p ὁ@dans ῥῆμα@nansc ὅς@rpans ἐγώ@rpnms ἐντέλλομαι@vipe1s σύ@rpdmp καί@cs οὐ@b ἀφαιρέω@vifa2p ἀπό@p ’@p αὐτός@rpgms φυλάσσω@vmpe2p ὁ@dafp ἐντολή@nafpc κύριος@ngmsc ὁ@dgms θεός@ngmsc σύ@rpgcp ὅσος@ananp- ἐγώ@rpnms ἐντέλλομαι@vipe1s σύ@rpdmp σήμερον@b"
"Deut_4.3","ὁ@dnmp ὀφθαλμός@nnmpc σύ@rpgmp ὁράω@vira3p πᾶς@ananp- ὅσος@rpanp ποιέω@viaa3s κύριος@nnmsp ὁ@dnms θεός@nnmsc ἐγώ@rpgcp ὁ@ddms βεελφεγώρ@ndmsp ὅτι@cs πᾶς@annms- ἄνθρωπος@nnmsc ὅστις@annms- πορεύω@viap3s ὀπίσω@b βεελφεγώρ@nnmsp ἐκτρέφω@viaa3s αὐτός@rpams κύριος@nnmsp ὁ@dnms θεός@nnmsc σύ@rpgmp ἐκ@p ἐγώ@rpgcp"
"Deut_4.4","σύ@rpnmp δέ@b ὁ@dnmp πρόσκειμαι@b μένω@vprenmp κύριος@ndmsc ὁ@ddms θεός@ndmsc σύ@rpgcp ζάω@vmpa2p πᾶς@annmp- ἐν@p ὁ@ddfs σήμερον@b"
"Deut_4.5","εἶδον@vmaa2p δείκνυμι@b σύ@rpdmp δικαίωμα@nanpc καί@cs κρίσις@nafpc καθά@cs ἐντέλλομαι@viam3s ἐγώ@rpdms κύριος@nnmsp ποιέω@vnaa-- οὕτως@b ἐν@p ὁ@ddfs γῆ@ndfsc εἰς@p ἐάν@cs σύ@rpnmp εἰσπορεύω@vspe2p ἐκεῖ@b διανέμω@vnpa-- αὐτός@rpafs"
"Deut_4.6","καί@b φυλάσσω@vifm2p καί@cs ποιέω@vifa2p ὅτι@cs οὗτος@annfs- ὁ@dnfs σοφία@nnfsc σύ@rpgcp καί@cs ὁ@dnfs σύνεσις@nnfsc ἐναντίον@b πᾶς@angnp- ἔθνος@ngnpc ὅσος@annmp- ἐάν@b ἀκούω@vsaa3p πᾶς@ananp- ὁ@danp δικαίωμα@nanpc οὗτος@ananp- καί@cs λέγω@vifa3p εἶδον@viie2s λαός@ngmsc σοφός@annms- καί@cs ἐπιστήμων@annms- ὁ@dans ἔθνος@nansc ὁ@dans μέγας@anans- οὗτος@anans-"
"Deut_4.7","ὅτι@cs ποῖος@rpnns ἔθνος@nnnsc μέγας@annns- ὅς@rpdms εἰμί@vipa3s αὐτός@rpdms θεός@nnmsc ἐγγίζω@vppanms αὐτός@rpdmp ὡς@cs κύριος@nnmsc ὁ@dnms θεός@nnmsc ἐγώ@rpgcp ἐν@p πᾶς@andnp- ὅς@rpdnp ἐάν@cs αὐτός@rpams ἐπικαλέω@vsam1p"
"Deut_4.8","καί@b ποῖος@annns- ἔθνος@nnnsc μέγας@annns- ὅς@rpdms εἰμί@vipa3s αὐτός@rpdms δικαίωμα@nnnpc καί@cs κρίμα@nnnpc δίκαιος@annnp- κατά@p πᾶς@anams- ὁ@dams νόμος@namsc οὗτος@anams- ὅς@rpams ἐγώ@rpnms δίδωμι@vipa1s σύ@rpdmp σήμερον@b"
"Deut_4.9","προσέχω@vmpa2s σεαυτοῦ@rpdms καί@cs φυλάσσω@vmaa2s ὁ@dafs ψυχή@nafsc σύ@rpgcs σφόδρα@b μή@cs ἐπιλανθάνομαι@vsam2s πᾶς@anamp- ὁ@damp λόγος@nampc ὅς@rpamp ὁράω@vira3p ὁ@dnmp ὀφθαλμός@nnmpc σύ@rpgcs καί@cs μή@b ἀφεστήξω@vmpa3p ἀπό@p ὁ@dgfs καρδία@ngfsc σύ@rpgcs πᾶς@anafp- ὁ@dafp ἡμέρα@nafpc ὁ@dgfs ζωή@ngfsc σύ@rpgcs καί@b συμβιβάσις@vifa2s ὁ@damp υἱός@nampc σύ@rpgcs καί@cs ὁ@damp υἱός@nampc ὁ@dgmp υἱός@ngmpc σύ@rpgcs"
"Deut_4.10","ἡμέρα@nafsc ἐάν@cs ἵστημι@vsaa2p ἐναντίον@p κύριος@ngmsp ὁ@dgms θεός@ngmsc ἐγώ@rpgcp ἐν@p χωρήβ@nd-sp ὁ@ddfs ἡμέρα@ndfsc ὁ@dgfs ἐκκλησία@ngfsc ὅτε@cs λέγω@viaa3s κύριος@nnmsp πρός@p ἐγώ@rpams ἐκκλησιάζω@namsp πρός@p ἐγώ@rpams ὁ@dams λαός@namsc καί@cs ἀκούω@vmaa3p ὁ@dafp υ@rpgms ὅπως@cs μανθάνω@vsaa3p φοβέω@vnpe-- ἐγώ@rpams πᾶς@anafp- ὁ@dafp ἡμέρα@nafpc ὅς@rpafp αὐτός@rpnmp ζάω@vipa3p ἐπί@p ὁ@dgfs γῆ@ngfsc καί@cs ὁ@damp υἱός@nampc αὐτός@rpgmp διδάσκω@vifa3p"
"Deut_4.11","καί@b προσέρχομαι@viaa2p καί@cs ἵστημι@viaa2p ὑπό@p ὁ@dans ὄρος@nansc καί@b ὁ@dnns ὄρος@nnnsc καίω@viie3s πῦρ@ndnsc ἕως@p ὁ@dgms οὐρανός@ngmsc σκότος@nnnsc γνόφος@nnnsc θύελλα@nnfsc φωνή@nnfsc μέγας@annfs-"
"Deut_4.12","καί@b λαλέω@viaa3s κύριος@nnmsc πρός@p σύ@rpamp ἐκ@p μέσος@angns- ὁ@dgns πῦρ@ngnsc φωνή@nafsc ῥῆμα@ngnpc ὅς@rpgnp σύ@rpnmp ἀκούω@viaa2p καί@cs ὁμοίωμα@nansc οὐ@b εἶδον@viaa2s ἀλλά@cs ἤ1@cs φωνή@nafsc"
"Deut_4.13","καί@b ἀναγγέλλω@viaa3s σύ@rpdmp ὁ@dafs διαθήκη@nafsc αὐτός@rpgms ὅς@rpafs ἐντέλλομαι@viam3s σύ@rpdmp ποιέω@vnpa-- ὁ@danp δέκα@an---- ῥῆμα@nanpc καί@cs γράφω@viaa3s αὐτός@rpanp ἐπί@p δύο@an---- πλάξ@nafpc λίθινος@anafp-"
"Deut_4.14","καί@b ἐγώ@rpnfp ἐντέλλομαι@viam3s κύριος@nnmsc ἐν@p ὁ@ddms καιρός@ndmsc ἐκεῖνος@andms- διδάσκω@vnaa-- σύ@rpamp δικαίωμα@nanpc καί@cs κρίσις@nafpc ποιέω@vnpa-- αὐτός@ananp- σύ@rpamp ἐπί@p ὁ@dgfs γῆ@ngfsc εἰς@p ὅς@rpafs σύ@rpnmp εἰσπορεύω@vipe2p ἐκεῖ@b διανέμω@vnpa-- αὐτός@rpafs"
"Deut_4.15","καί@b φυλάσσω@vifm2p σφόδρα@b ὁ@dafp ψυχή@nafpc σύ@rpgcp ὅτι@cs οὐ@b εἶδον@viaa2p ὁμοίωμα@nansc ἐν@p τῆ@ddfs ἡμέρα@ndfsc ὅς@rpanp λαλέω@viaa3s κύριος@nnmsc πρός@p σύ@rpamp ἐν@p χωρήβ@ndfsp ἐν@p ὁ@ddns ὄρος@ndnsc ἐκ@p μέσος@angns- ὁ@dgns πῦρ@ngnsc"
"Deut_4.16","μή@b ἀνομέω@vsaa2p καί@cs ποιέω@vsaa2p σύ@rpdcp ἑαυτοῦ@rpdmp γλυπτός@anans- ὁμοίωμα@nansc πᾶς@anafs- εἰκών@nafsc ὁμοίωμα@nansc ἀρσενικός@angns- ἤ1@cs θηλυκός@angns-"
"Deut_4.17","ὁμοίωμα@nansc πᾶς@angns- κτῆνος@ngnsc ὁ@dgnp εἰμί@vppagnp ἐπί@p ὁ@dgfs γῆ@ngfsc ὁμοίωμα@nnnsc πᾶς@angns- ὄρνεον@ngnsc πτερωτός@angns- ὅς@rpnns πετάννυμι@vipe3s ὑπό@p ὁ@dams οὐρανός@namsc"
"Deut_4.18","ὁμοίωμα@nnnsc πᾶς@angms- ἑρπετόν@ngmsc ὅς@rpnns ἕρπω@vipa3s ἐπί@p ὁ@dgfs γῆ@ngfsc ὁμοίωμα@nansc πᾶς@angms- ἰχθύς@ngmsc ὅς@rpnnp εἰμί@vipa3s ἐν@p ὁ@ddnp ὕδωρ@ndnpc ὑποκάτω@b ὁ@dgfs γῆ@ngfsc"
"Deut_4.19","καί@b μή@b ἀναβλέπω@vpaanms εἰς@p ὁ@dams οὐρανός@namsc καί@cs εἶδον@vpaanms ὁ@dams ἥλιος@namsc καί@b ὁ@dafs σελήνη@nafsc καί@b ὁ@damp ὅστε@ananp- ῥᾶ@nampc καί@cs πᾶς@anams- ὁ@dams κόσμος@namsc ὁ@dgms οὐρανός@ngmsc πλανάω@vpapnms προσκυνέω@vsaa2s αὐτός@rpdmp καί@cs λατρεύω@vsaa2s αὐτός@rpdnp ὅς@rpanp ἀπονέμω@viaa3s κύριος@nnmsc ὁ@dnms θεός@nnmsc σύ@rpgms αὐτός@rpanp πᾶς@andnp- ὁ@ddnp ἔθνος@ndnpc ὁ@ddnp ὑποκάτω@p ὁ@dgms οὐρανός@ngmsc"
"Deut_4.20","σύ@rpamp δέ@b λαμβάνω@viaa3s ὁ@dnms θεός@nnmsc καί@cs ἐξάγω@viaa3s ἐγώ@rpamp ἐκ@p γῆ@ngfsc αἴγυπτος@ngfsp ἐκ@p ὁ@dgfs κάμινος@ngmsc ὁ@dgfs σιδήρεος@angfs- ἐκ@p αἴγυπτος@ngfsp εἰμί@vnpa-- αὐτός@rpgms λαός@namsc εὔκληρος@anams- ὡς@b ἐν@p ὁ@ddfs ἡμέρα@ndfsc οὗτος@andfs-"
"Deut_4.21","καί@b κύριος@nnmsc θυμόω@viap3s ἐγώ@rpdms περί@p ὁ@dgnp λείπω@vppegnp ὑπό@p οὗτος@rpams καί@b ἵνα@cs μή@b εἰσέρχομαι@vsaa1s εἰς@p ὁ@dafs γῆ@nafsc ἐάν@cs κύριος@nnmsp ὁ@dnms θεός@nnmsc σύ@rpgcs σύ@rpdms ἐν@p κλῆρος@ndmsc"
"Deut_4.22","ἐγώ@rpncs γάρ@b ἀποθνήσκω@vipa1s ἐν@p ὁ@ddfs γῆ@ndfsc οὗτος@rpdfs καί@cs οὐ@b διαβαίνω@anafs- ἰορδάνης@nafsp σύ@rpncp δέ@b διαβαίνω@vipa2p καί@cs κληρονομέω@vifa2p ὁ@dafs γῆ@nafsc ὁ@dafs αὐτός@rpafs"
"Deut_4.23","προσέχω@vmpa2p σύ@rpdcp μή@cs ἐπιλανθάνω@vsae2p ὁ@dafs διαθήκη@nafsc κύριος@ngmsc ὁ@dgms θεός@ngmsc σύ@rpgmp ὅς@rpafs διατίθημι@viam3s πρός@p σύ@rpamp καί@cs ποιέω@vsaa2p σύ@rpdmp γλυπτός@anans- ὁμοίωμα@nansc πᾶς@angnp- ὅς@rpgnp συντάσσω@viaa3s κύριος@nnmsc ὁ@dnms θεός@nnmsc σύ@rpgcs"
"Deut_4.24","ὅτι@cs κύριος@nnmsc ὁ@dnms θεός@nnmsc σύ@rpgcs πῦρ@nnnsc καταναλίσκω@nnnsc εἰμί@vipa3s θεός@nnmsc ζηλωτής@nnmsc"
"Deut_4.25","ἐάν@cs δέ@b γεννάω@vsaa2s υἱός@nampc καί@cs υἱός@nampc ὁ@dgmp υἱός@ngmpc σύ@rpgcs καί@b χρονίζω@vsaa2p ἐπί@p ὁ@dgfs γῆ@ngfsc καί@b ἀνομέω@vsaa2p καί@cs ποιέω@vsaa2p γλυπτός@anans- ὁμοίωμα@nansc πᾶς@angns- καί@cs ποιέω@vsaa2p ὁ@danp πονηρός@ananp- ἐναντίον@p κύριος@ngmsp ὁ@dgms θεός@ngmsc σύ@rpgcp παροργίζω@vmam2s αὐτός@rpams"
"Deut_4.26","διαμαρτύρομαι@vipe1s σύ@rpdmp σήμερον@b ὁ@dams τε@b οὐρανός@namsc καί@cs ὁ@dafs γῆ@nafsc ὅτι@cs ἀπώλεια@ndfsc ἀπόλλυμι@vifm2p ἀπό@p ὁ@dgfs γῆ@ngfsc εἰς@p ὅς@rpafs σύ@rpnmp διαβαίνω@vmpa2p ὁ@dams ἰορδάνης@nafsp ἐκεῖ@b κληρονομέω@vnaa-- οὐ@b πολυχρονιέω@vipa2p ἡμέρα@nafpc ἐπί@p αὐτός@rpgfs ἀλλά@cs ἤ1@b ἐκτρίβω@ndfsc ἐκτρίβω@vifm2p"
"Deut_4.27","καί@b διασπερέω@vipa3s κύριος@nnmsp σύ@rpamp ἐν@p πᾶς@andnp- ὁ@ddnp ἔθνος@ndnpc καί@cs καταλείπω@vifp2p ὀλίγος@annmp- ἀριθμός@ndmsc ἐν@p ὁ@ddnp ἔθνος@ndnpc εἰς@p εἰς@b εἰσάγω@vifa3s κύριος@nnmsc σύ@rpamp ἐκεῖ@b"
"Deut_4.28","καί@b λατρεύω@vifa2p ἐκεῖ@b θεός@ndmpc ἕτερος@andmp- ἔργον@ndnpc χείρ@ngfpc ἄνθρωπος@ngmpc ξύλον@ndnpc καί@cs λίθος@ndmpc ὅς@rpnmp οὐ@b ὁράω@vifm3p οὐ@b τε@cs μή@b ἀκούω@vsaa3p οὐ@b τε@cs μή@b ἐσθίω@vsaa3p οὐ@b τε@cs μή@b ὀσφραίνομαι@vspa3p"
"Deut_4.29","καί@b ἐκεῖ@b κύριος@namsp ὁ@dams θεός@namsc ἐγώ@rpgcp καί@cs εὑρίσκω@vifa2p ὅταν@cs ἐκζητέω@vsaa2p αὐτός@rpams ἐκ@p ὅλος@angfs- ὁ@dgfs κορδία@ngfsc σύ@rpgcs καί@cs ἐκ@p ὅλος@angfs- ὁ@dgfs ψυχή@ngfsc σύ@rpgcs ἐν@p τῆ@ddfs θλίψις@ndfsc σύ@rpgcs"
"Deut_4.30","καί@b εὑρίσκω@vifa3p σύ@rpacs πᾶς@annmp- ὁ@dnmp λόγος@nnmpc οὗτος@annmp- ἐπί@p ἔσχατος@andms- ὁ@dgfp ἡμέρα@ngfpc καί@b ἐπιστρέφω@vifm2s πρός@p κύριος@namsp ὁ@dams θεός@namsc σύ@rpgcs καί@cs εἰσακούω@vifm2s ὁ@dgfs αὐτός@rpgms"
"Deut_4.31","ὅτι@cs θεός@nnmsc οἰκτείρμων@vppanms κύριος@nnmsc ὁ@dnms θεός@nnmsc σύ@rpgcs οὐ@b ἐνκατασείω@viaa3s οὐδέ@b μή@b ἔκτριψις@vifa3s σύ@rpams οὐ@b ἐπιλανθάνομαι@vifm3s ὁ@dafs διαθήκη@nafsc ὁ@dgmp πατήρ@ngmpc σύ@rpgcs ἐάν@cs ὄμνυμι@viaa3s αὐτός@rpdmp"
"Deut_4.32","ἐπερωτάω@viaa2p ἡμέρα@nafpc πρότερος@anafp- ὁ@dafp γίγνομαι@vpamafp πρότερος@anafp- σύ@rpgcs ἀπό@p ὁ@dgfs ἡμέρα@ngfsc ὅς@rpgfs κτίζω@viaa3s ὁ@dnms θεός@nnmsc ἄνθρωπος@namsc ἐπί@p ὁ@dgfs γῆ@ngfsc καί@cs ἐπί@p ὁ@dans ἄκρον@anans- ὁ@dgms οὐρανός@ngmsc ἕως@p ἄκρον@angns- ὁ@dgms οὐρανός@ngmsc εἰ@cs γίγνομαι@vira3s κατά@p ὁ@dans ῥῆμα@nnnsc ὁ@dnns μέγας@annns- οὗτος@rpnns εἰ@cs ἀκούω@vire3s τοιοῦτος@rpnns"
"Deut_4.33","εἰ@cs ἀκούω@vira3s ἔθνος@nnnsc φωνή@nafsc θεός@ngmsc ζάω@vppagms λαλέω@vppagms ἐκ@p μέσος@angns- ὁ@dgns πῦρ@ngnsc ὅς@rpams τρόπος@namsc ἀκούω@vira2s σύ@rpnms καί@cs ζάω@viaa2s"
"Deut_4.34","εἰ@cs πειράζω@viaa3s ὁ@dnms θεός@nnmsc εἰσέρχομαι@vpaanms λαμβάνω@vnaa-- ἑαυτοῦ@rpdms ἔθνος@nansc ἐκ@p μέσος@angns- ἔθνος@ngnsc ἐν@p πειρασμός@ndmsc καί@b ἐν@p σημεῖον@ndnpc καί@b ἐν@p τέρας@ndnpc καί@cs ἐν@p πόλεμος@ndmsc καί@b ἐν@p χείρ@ndfsc κραταιός@andfs- καί@b ἐν@p βραχίων@ndmsc ὑψηλός@andns- καί@cs ἐν@p ὅραμα@ndnpc μέγας@andnp- κατά@p πᾶς@ananp- ὅσος@ananp- ποιέω@viaa3s ὁ@dnms θεός@nnmsc ἐγώ@rpgcp ἐν@p αἴγυπτος@ndfsp ἐνώπιον@b σύ@rpgms βλέπω@vppagms"
"Deut_4.35","ὥστε@b οἶδα@vnaa-- σύ@rpacs ὅτι@cs κύριος@nnmsc ὁ@dnms θεός@nnmsc σύ@rpgcs οὗτος@rpnms θεός@nnmsc εἰμί@vipa3s καί@cs οὐ@b εἰμί@vipa3s ἔτι@b πλήν@p αὐτός@rpgms"
"Deut_4.36","ἐκ@p ὁ@dgms οὐρανός@ngmsc ἀκουστής@annfs- γίγνομαι@viam3s ὁ@dnfs φωνή@nnfsc αὐτός@rpgms παιδεύω@vnaa-- σύ@rpacs καί@cs ἐπί@p ὁ@dgfs γῆ@ngfsc ἑλίσσω@viaa3s σύ@rpdcs ὁ@dans πῦρ@nansc ’@ αὐτός@rpgms ὁ@dans μέγας@anans- καί@cs ὁ@danp ῥῆμα@nanpc αὐτός@rpgms ἀκούω@viaa2s ἐκ@p μέσος@angns- ὁ@dgns πῦρ@ngnsc"
"Deut_4.37","διά@p ὁ@dans ἀγαπάω@vnaa-- αὐτός@rpams ὁ@damp πατήρ@nampc σύ@rpgms καί@b ἐκλέγω@viam3s ὁ@dans σπέρμα@nansc αὐτός@rpgmp μετά@p αὐτός@anamp- σύ@rpamp καί@b ἐξάγω@viaa3s σύ@rpams αὐτός@rpnms ἐν@p τῆ@ddfs ἰσχύς@ndfsc αὐτός@rpgms ὁ@ddfs μέγας@andfs- ἐκ@p αἴγυπτος@ngfsp"
"Deut_4.38","καί@b ἐξολεθρεύω@vnaa-- ἔθνος@nanpc μέγας@ananp- καί@cs ἰσχυρός@ananp- σύ@rpgcs πρό@p πρόσωπον@ngnsc σύ@rpgcs εἰσάγω@vnaa-- σύ@rpams δίδωμι@vnaa-- σύ@rpdms ὁ@dafs γῆ@nafsc αὐτός@rpgmp διανέμω@vnpa-- καθώς@b ἔχω@vipa2s σήμερον@b"
"Deut_4.39","καί@b γιγνώσκω@vifm2s σήμερον@b καί@cs ἐπιστρέφω@vifm2s τῆ@ddfs διάνοια@ndfsc ὅτι@cs κύριος@nnmsp ὁ@dnms θεός@nnmsc σύ@rpgcs οὗτος@annms- θεός@nnmsc ἐν@p τῷ@ddms οὐρανός@ndmsc ἄνω@b καί@cs ἐπί@p ὁ@dgfs γῆ@ngfsc κάτω@b καί@cs οὐ@b εἰμί@vipa3s ἔτι@b πλήν@p αὐτός@rpgms"
"Deut_4.40","καί@b φυλάσσω@vmam2p ὁ@danp δικαίωμα@nanpc αὐτός@rpgms καί@cs ὁ@dafp ἐντολή@nafpc αὐτός@rpgms ὅσος@anafp- ἐγώ@rpnms ἐντέλλομαι@vipe1s σύ@rpdms σήμερον@b ἵνα@cs εὖ@b σύ@rpdms γίγνομαι@vsam3s καί@cs ὁ@ddmp υἱός@ndmpc σύ@rpgcs μετά@p σύ@rpams ὅπως@cs μακροήμερος@annmp- γίγνομαι@vsam2p ἐπί@p ὁ@dgfs γῆ@ngfsc ὅς@rpgfs κύριος@nnmsp ὁ@dnms θεός@nnmsc σύ@rpgms δίδωμι@vipa3s σύ@rpdms πᾶς@anafp- ὁ@dafp ἡμέρα@nafpc"
"Deut_4.41","τότε@b ἀφορίζω@viaa3s μωυσῆς@nnmsp τρεῖς@anafp- πόλις@nafpc πέραν@b ὁ@dgms ἰοροδάνη@ngnsp ἀπό@p ἀνατολή@ngfpc ἥλιος@ngmsc"
"Deut_4.42","φεύγω@vnpa-- ἐκεῖ@b ὁ@dams φονευτής@namsc ὅς@rpnms ἄν@b φονεύω@vsaa3s ὁ@dams πλησίος@anams- οὐ@b οἶδα@vpranms καί@cs οὗτος@rpnms οὐ@b μισέω@vppanms αὐτός@rpams πρό@p ὁ@dgfs χθές@b οὐ@b δέ@cs πρό@p ὁ@dgfs τρίτος@angfs- καί@b καταφεύγω@vifm3s εἰς@p εἷς@ ὁ@dgfp πόλις@ngfpc οὗτος@angfp- καί@cs ζάω@vifm3s"
"Deut_4.43","ὁ@dafs βόσορ@nafsp ἐν@p ὁ@ddfs ἐρῆμος@ndfsc ἐν@p ὁ@ddfs γῆ@ndfsc ὁ@ddfs πεδινός@andfs- ὁ@ddms ῥουβήν@n--sp καί@cs ὁ@dafs ῥαμώθ@nafsp ἐν@p γαλαάδ@ ὁ@ddms γαδδεί@b καί@cs ὁ@dafs γαυλός@ngfpp ἐν@p βασάω@nafsc τῷ@dgms μανασσή@ng-sp"
"Deut_4.44","οὗτος@rpnms ὁ@dnms νόμος@nnmsc ὅς@rpams παρατίθημι@viam3s μωυσῆς@nnmsp ἐνώπιον@b υἱός@ngmpc ἰσραήλ@nnmpp"
"Deut_4.45","οὗτος@ananp- ὁ@danp μαρτύριον@nanpc καί@b ὁ@danp δικαίωμα@nanpc καί@cs ὁ@danp κρίμα@nanpc ὅσος@ananp- λαλέω@viaa3s μωυσῆς@nnmsp ὁ@ddmp υἱός@ndmpc ἰσραήλ@ngmsp ἐξέρχομαι@vpaagmp αὐτός@rpgmp ἐκ@p γῆ@ngfsc αἴγυπτος@ngfsp"
"Deut_4.46","ἐν@p ὁ@ddns πέραν@b ὁ@dgms ἰορδάνης@ngmsp ἐν@p φάραγξ@ndfsc ἐγγύς@b οἶκος@ngmsc φογώρ@ng-sp ἐν@p γῆ@ndfsc σής@nnmsp βασιλεύς@ngmsc ὁ@dgmp ἀκκάριος@ngmpp ὅς@rpnms κατοικέω@viia3s ἐν@p ἑσσέβω@nafsp ὅς@rpamp πατάσσω@viaa3s μωσῆς@nnmsp καίω@dnmp υἱός@nnmpc ἰσραήλ@ngmsp ἐξέρχομαι@vpaagmp αὐτός@rpgmp ἐκ@p γῆ@ngfsc αἴγυπτος@ngfsp"
"Deut_4.47","καί@b κληρονομέω@viaa3p ὁ@dafs γῆ@nafsc αὐτός@rpgms καί@cs ὁ@dafs γῆ@nafsc γωγ@ngmsp βασιλεύς@ngmsc ὁ@dgfs βασάω@ngfpc δύο@an---- βασιλεύς@ngmpc ὁ@dgmp ἀκκάριος@ngmpp ὅς@dnmp εἰμί@viia3p πέραν@b ὁ@dgms ἰορδάνης@ngmsp κατά@p ἀνατολή@nafpc ἥλιος@ngmsc"
"Deut_4.48","ἀπό@p ἀροτήρ@nnfsp ὅς@rpnfs εἰμί@vipa3s ἐπί@p ὁ@dans χεῖλος@nansc χειμάρρους@ngnsc ἀρνός@ngmpp καί@cs ἐπί@p ὁ@dgns ὄρος@ngnsc ὁ@dgns σής@nnmsp ὅς@rpnns εἰμί@vipa3s ἁέρμων@nnmsp"
"Deut_4.49","πᾶς@anafs- ὁ@dafs ἀραβός@nnfsp πέραν@b ὁ@dgms ἰορδάνης@ngmsp κατά@p ἀνατολή@nafpc ἥλιος@ngmsc ἀπό@p ἀσηδὼθ@nafsp ὁ@dafs λαξευτής@nafsc"
"Deut_5.1","καί@cs καλέω@viaa3s μωυσῆς@nnmsp πᾶς@ananp- ἰσραήλ@nnmsp καί@cs λέγω@viaa3s πρός@p αὐτός@rpamp ἰσραήλ@nnmsp ὁ@danp δικαίωμα@nanpc καί@cs ὁ@danp κρίμα@nanpc ὅσος@ananp- ἐγώ@rpnms λαλέω@vipa1s ἐν@p ὁ@ddnp οὖς@ndnpc σύ@rpgcp ἐν@p ὁ@ddfs ἡμέρα@ndfsc οὗτος@andfs- καί@cs μανθάνω@vifm2p αὐτός@rpanp καί@cs φυλάσσω@vifm2p ποιέω@vnpa-- αὐτός@rpanp"
"Deut_5.2","κύριος@nnmsp ὁ@dnms θεός@nnmsc σύ@rpgmp διατίθημι@viam3s πρός@p σύ@rpamp διαθήκη@nafsc ἐν@p χωρήβ@ndfsp"
"Deut_5.3","οὐ@b ὁ@ddmp πατήρ@ndmpc σύ@rpgmp διατίθημι@viam3s κύριος@nnmsp ὁ@dafs διαθήκη@nafsc οὗτος@anafs- ἀλλά@b ἤ1@cs πρός@p σύ@rpamp σύ@rpnmp ὧδε@b πᾶς@annmp- ζάω@vppanmp σήμερον@b"
"Deut_5.4","πρόσωπον@nansc κατά@p πρόσωπον@nansc λαλέω@viaa3s κύριος@nnmsc πρός@p σύ@rpamp ἐν@p ὁ@ddns ὄρος@ndnsc ἐκ@p μέσος@angns- ὁ@dgns πῦρ@ngnsc"
"Deut_5.5","καί@cs ἐγώ@rpnms ἵστημι@vila1s ἀνά@p μέσος@anams- κύριος@ngmsc καί@cs σύ@rpgcp ἐν@p τῷ@ddms καιρός@ndmsc ἐκεῖνος@andms- ἀναγγέλλω@vnaa-- σύ@rpdcp ὁ@danp ῥῆμα@nanpc κύριος@ngmsc ὅτι@cs φοβέω@viap2p ἀπό@p πρόσωπον@ngnsc ὁ@dgns πῦρ@ngnsc καί@cs οὐ@b ἀναβαίνω@vsaa2p εἰς@p ὁ@dans ὄρος@nansc λέγω3@vppanms"
"Deut_5.6","̓εγώ@rpnms κύριος@nnmsp ὁ@dnms θεός@nnmsc σύ@rpgcs ὁ@dnms ἐξάγω@vpaanms σύ@rpams ἐκ@p γῆ@ngfsc αἴγυπτος@ngfsp ἐκ@p οἶκος@ngmsc δούλιος@ngfsc"
"Deut_5.7","οὐ@b εἰμί@vifm3p σύ@rpdms θεός@nnmpc ἕτερος@annmp- πρό@p πρόσωπον@ngnsc ἐγώ@rpgcs"
"Deut_5.8","οὐ@b ποιέω@vifa2s σεαυτοῦ@rpdms εἴδωλον@nansc οὐ@b δέ@cs πᾶς@angns- ὁμοίωμα@nansc ὅσος@rpanp ἐν@p ὁ@ddms οὐρανός@ndmsc ἄνω@b καί@b ὅσος@annnp- ἐν@p ὁ@ddfs γῆ@ndfsc κάτω@b καί@cs ὅσος@annnp- ἐν@p ὁ@ddnp ὕδωρ@ndnpc ὑποκάτω@p ὁ@dgfs γῆ@ngfsc"
"Deut_5.9","οὐ@b προσκυνέω@vifa2s αὐτός@rpdmp οὐ@b δέ@cs μή@b λατρεύω@vsaa2s αὐτός@rpdmp ἐγώ@rpnms γάρ@b εἰμί@vipa1s κύριος@nnmsc ὁ@dnms θεός@nnmsc σύ@rpgcs θεός@nnmsc ζηλωτής@nnmsc ἀποδίδωμι@vppanms ἁμαρτία@nafpc πατήρ@ngmpc ἐπί@p τέκνον@nanpc ἐπί@p τρίτος@anafs- καί@cs τέταρτος@anafs- γενεά@nafsc ὁ@ddmp μισέω@vppadmp ἐγώ@rpams"
"Deut_5.10","καί@cs ποιέω@vppanms ἕλος@nansc εἰς@p χιλιάς@nafpc ὁ@ddmp ἀγαπάω@vppadmp ἐγώ@rpacs καί@cs ὁ@ddmp συλάσσω@vppadmp ὁ@danp πρόσταγμα@nanpc ἐγώ@rpgms"
"Deut_5.11","οὐ@nnmsp λαμβάνω@vifm2s ὁ@dans ὄνομα@nansc κύριος@ngmsc ὁ@dgms θεός@ngmsc σύ@rpgcs ἐπί@p μάταιος@andns- οὐ@b γάρ@b μή@b καθαίρω@vsaa3s κύριος@nnmsc ὁ@dams λαμβάνω@vppaams ὁ@dans ὄνομα@nansc αὐτός@rpgms ἐπί@p μάταιος@andns-"
"Deut_5.12","φυλάσσω@vmam2s ὁ@dafs ἡμέρα@nafsc ὁ@dgmp σάββατον@ngmpc ἁγιάζω@vnpa-- αὐτός@rpafs ὅς@anams- τρόπος@namsc ἐντέλλομαι@viam3s σύ@rpdcs κύριος@nnmsc ὁ@dnms θεός@nnmsc σύ@rpgcs"
"Deut_5.13","ἐκ@ ἡμέρα@nafpc ἐργάζομαι@vifm2s καί@cs ποιέω@vifa2s πᾶς@ananp- ὁ@danp ἔργον@nanpc σύ@rpgcs"
"Deut_5.14","ὁ@ddfs δέ@cs ἡμέρα@ndfsc ὁ@ddfs ἕβδομος@andfs- σάββατα@ananp- κύριος@andms- ὁ@ddms θεός@ndmsc σύ@rpgcs οὐ@b ποιέω@vifa2s ἐν@p αὐτός@rpdfs πᾶς@anans- ἔργον@nansc σύ@rpncs καί@annmp- ὁ@dnmp υἱός@nnmpc σύ@rpgcs καί@cs ὁ@dnfs θυγάτηρ@nnfsc σύ@rpgcs ὁ@dnms παῖς@nncsc σύ@rpgcs καί@cs ὁ@dnfs παιδίσκη@nnfsc σύ@rpgcs ὁ@dnms βοῦς@nnmsc σύ@rpgcs καί@cs ὁ@dnns ὑποζύγιον@nnnsc σύ@rpgcs καί@cs πᾶς@annns- κτῆνος@nnmsc σύ@rpgcs ὁ@dnms προσήλυτος@annms- ὁ@dnms παροικέω@vppanms ἐν@p σύ@rpdcs ἐν@p γάρ@b ἕξ@an---- ἡμέρα@ndfpc ποιέω@viaa3s κύριος@nnmsc ὁ@dams τε@b οὐρανός@namsc καί@b ὁ@dafs γῆ@nafsc καί@b ὁ@dafs θάλασσα@nafsc καί@cs πᾶς@ananp- ὁ@danp ἐν@p αὐτός@rpdnp γα@nafsc ἀνά@p παύω@vsam3s ὁ@dnms παῖς@nncsc σύ@rpgcs καί@cs ὁ@dnfs παιδίσκη@nnfsc σύ@rpgcs ὥσπερ@cs καί@b σύ@rpncs"
"Deut_5.15","καί@b εἰμί@vifm2s ὅτι@cs οἰκέτης@nnmsc εἰμί@viia2s ἐν@p γῆ@nvfsc αἴγυπτος@ndfsp καί@cs ἐξάγω@viaa3s σύ@rpams κύριος@nnmsc ὁ@dnms σύ@rpgcs ἐκεῖθεν@b ἐν@p χείρ@ndfsc κραταιός@andfs- καί@cs ἐν@p βραχίων@ndmsc ὑψηλός@andms- διά@p οὗτος@rpans συντάσσω@viaa3s σύ@rpdcs κύριος@nnmsc ὁ@dnms θεός@nnmsc σύ@rpgcs ὥστε@cs φυλάσσω@vnpe-- ὁ@dafs ἡμέρα@nafsc ὁ@dgfp σάββατον@ngfpc καί@cs ἁγιάζω@vnpa-- αὐτός@rpafs"
"Deut_5.16","τιμάω@namsp ὁ@dams πατήρ@namsc σύ@rpgcs καί@cs ὁ@dafs μήτηρ@nafsc σύ@rpgcs ὅς@rpams τρόπος@namsc ἐντέλλομαι@viam3s κύριος@nnmsc ὁ@dnms θεός@nnmsc σύ@rpgcs ἵνα@cs εὖ@b σύ@rpdcs γίγνομαι@vsam3s καί@cs ἵνα@cs μακροχρόνιος@annmp- εἰμί@vspa2p ἐπί@p ὁ@dgfs γῆ@ngfsc ὅς@rpgfs κύριος@nnmsp ὁ@dnms θεός@nnmsc σύ@rpgcs δίδωμι@vipa3s σύ@rpdms"
"Deut_5.17","οὐ@b μοιχεύω@vifa2s"
"Deut_5.18","οὐ@b φονεύω@vifa2s"
"Deut_5.19","οὐ@b κλέπτω@vifa2s"
"Deut_5.20","οὐ@b ψευδομαρτυρέω@vifa2s κατά@p ὁ@dgms πλησίος@b σύ@rpgms μαρτυρία@nafsc ψευδής@anafs-"
"Deut_5.21","οὐ@b ἐπιθυμέω@vifa2s ὁ@dafs γυνή@nafsc ὁ@dgms πλησίος@b σύ@rpgcs οὐ@b ἐπιθυμέω@vifa2s ὁ@dafs οἰκία@nafsc ὁ@dgms πλησίος@b σύ@rpgcs οὐ@b τε@cs ὁ@dams ἀγρός@namsc αὐτός@rpgms οὐ@b τε@cs ὁ@dams παῖς@namsc αὐτός@rpgms οὐ@b τε@cs ὁ@dafs παιδίσκη@nafsc αὐτός@rpgms οὐ@b τε@cs ὁ@dgms βοῦς@ngmsc αὐτός@rpgms οὐ@b τε@cs ὁ@dgns ὑποζύγιον@ngnsc αὐτός@rpgms οὐ@b τε@cs πᾶς@angns- κτῆνος@ngnsc αὐτός@rpgms οὐ@b τε@cs ὅσος@rpnnp ὁ@ddms πλησίος@b σύ@rpgcs εἰμί@vipa3s"
"Deut_5.22","ὁ@danp ῥῆμα@nanpc οὗτος@ananp- λαλέω@viaa3s κύριος@nnmsp πρός@p πᾶς@anafs- συναγωγή@nafsc σύ@rpgmp ἐν@p ὁ@ddns ὄρος@ndnsc ἐκ@p μέσος@angns- ὁ@dgns πῦρ@ngnsc σκότος@nnnsc γνόφος@nnfsc θύελλα@nnfsc φωνή@nnfsc μέγας@annfs- καί@b οὐ@b προστίθημι@viaa3s καί@b γράφω@viaa3s αὐτός@rpanp ἐπί@p δύο@an---- πλάξ@nafpc καί@cs δίδωμι@viaa3s ἐγώ@rpdms"
"Deut_5.23","καί@b γίγνομαι@viam3s ὡς@cs ἀκούω@viaa2p ὁ@dafs φωνή@nafsc ἐκ@p μέσος@angns- ὁ@dgns πῦρ@ngnsc καί@b ὁ@dnns ὄρος@nnnsc καίω@viie3s πῦρ@ndnsc καί@cs προσέρχομαι@viaa2p πρός@p ἐγώ@rpams πᾶς@annmp- ὁ@dnmp ἡγέομαι@vppmnmp ὁ@dgfp φυλή@ngfpc σύ@rpgmp καί@cs ὁ@dnfs γερουσία@nnfsc σύ@rpgcp"
"Deut_5.24","καί@b λέγω3@vmpa2p ἰδού@b δείκνυμι@viaa3s κύριος@nnmsp ὁ@dnms θεός@nnmsc ἐγώ@rpgcp ὁ@dafs δόξα@nafsc αὐτός@rpgms καί@cs ὁ@dafs αὐτός@rpgms ἀκούω@viaa1p ἐκ@p μέσος@angns- ὁ@dgns πῦρ@ngnsc ἐν@p ὁ@ddfs ἡμέρα@ndfsc οὗτος@rpdfs ὅτι@cs λαλέω@vifa3s θεός@nnmsc πρός@p ἄνθρωπος@namsc καί@cs ζάω@vifm3s"
"Deut_5.25","καί@b νῦν@b μή@b ἀποθνῄσκω@vsaa1p ὅτι@cs ἐξαναλίσκω@vifa3s ἐγώ@rpamp ὁ@dnns πῦρ@nnnsc ὁ@dnns μέγας@annns- οὗτος@annns- ἐάν@cs προστίθημι@vsam1p ἐγώ@rpnmp ἀκούω@vnaa-- ὁ@dafs φωνή@nafsc κύριος@ngmsp ὁ@dgms θεός@ngmsc ἐγώ@rpgmp ἔτι@b καί@cs ἀποθνήσκω@vifm1p"
"Deut_5.26","τις@rpnms γάρ@b σάρξ@nnfsc ὅστις@rpnfs ἀκούω@viaa3s φωνή@nafsc θεός@ngmsc ζάω@vppagms λαλέω@vppagms ἐκ@p μέσος@angns- ὁ@dgns πῦρ@ngnsc ὡς@cs ἐγώ@rpnmp καί@cs ζάω@vifm3s"
"Deut_5.27","προσέρχομαι@vmaa2s σύ@rpnms καί@b ἀκούω@vmaa2s ὅσος@ananp- ἐάν@b εἶπον@vsaa3s κύριος@nnmsc ὁ@dnms θεός@nnmsc ἐγώ@rpgcp καί@b σύ@rpnms λαλέω@vifa2s πρός@p ἐγώ@rpamp πᾶς@ananp- ὅσος@ananp- ἄν@b λαλέω@vsaa3s κύριος@nnmsp ὁ@dnms θεός@nnmsc ἐγώ@rpgmp πρός@p σύ@rpams καί@cs ἀκούω@vifm1p καί@cs ποιέω@vifa1p"
"Deut_5.28","καί@b ἀκούω@viaa3s κύριος@nnmsc ὁ@dafs φωνή@nafsc ὁ@dgmp λόγος@ngmpc σύ@rpgmp λαλέω@vppagmp πρός@p ἐγώ@rpacs καί@cs λέγω@viaa3s κύριος@nnmsc πρός@p ἐγώ@rpacs ἀκούω@viaa1s ὁ@dafs φωνή@nafsc ὁ@dgmp λόγος@ngmpc ὁ@dgms λαός@ngmsc οὗτος@rpgms ὅσος@rpanp λαλέω@viaa3p πρός@p σύ@rpams ὀρθός@b πᾶς@ananp- ὅσος@ananp- λαλέω@viaa3p"
"Deut_5.29","τις@rpnms δίδωμι@vifa3s οὕτως@b εἰμί@vnpa-- ὁ@dafs καρδία@nafsc αὐτός@rpgmp ἐν@p αὐτός@rpdmp ὥστε@cs φοβέω@vnpe-- ἐγώ@rpams καί@cs φυλάσσω@vnpe-- ὁ@dafp ἐντολή@anafp- ἐγώ@rpgcs πᾶς@anafp- ὁ@dafp ἡμέρα@nafpc ἵνα@cs εὖ@b εἰμί@vspa3s αὐτός@rpdmp καί@cs ὁ@ddmp υἱός@ndmpc αὐτός@rpgmp διά@p ’@p αἰών@ngmsc"
"Deut_5.30","βαδίζω@vmaa2s εἶπον@vmaa2s αὐτός@rpdmp σύ@rpncp εἰς@p ὁ@damp οἶκος@nampc σύ@rpgcp"
"Deut_5.31","σύ@rpnms δέ@b αὐτός@b ἵστημι@vmaa2s καί@cs λαλέω@vifa1s πρός@p σύ@rpams ὁ@dafp ἐντολή@nafpc καί@b ὁ@danp δικαίωμα@nanpc καί@cs ὁ@danp κρίμα@nanpc ὅσος@rpanp διδάσκω@vifa2s αὐτός@rpamp καί@b ποιέω@vmpa3p ἐν@p ὁ@ddfs γῆ@ndfsc ὅς@rpafs ἐγώ@rpnms δίδωμι@vipa1s αὐτός@rpdmp ἐν@p κλῆρος@ndmsc"
"Deut_5.32","καί@b φυλάσσω@vifm2p ποιέω@vnpa-- ὅς@rpams τρόπος@namsc ἐντέλλομαι@viam3s σύ@rpdcs κύριος@nnmsc ὁ@dnms θεός@nnmsc σύ@rpgcs οὐ@b ἐκκλίνω@vmpa2p εἰς@p δεξιός@ananp- οὐ@b δέ@cs εἰς@p ἀριστερός@ananp-"
"Deut_5.33","κατά@p πᾶς@anafs- ὁ@dafs ὁδός@nafsc ἐάν@cs ἕ@rpams ἐντέλλομαι@viam3s σύ@rpdcs κύριος@nnmsc ὁ@dnms θεός@nnmsc σύ@rpgcs πορεύω@vnpe-- ἐν@p αὐτός@rpdfs ὅπως@cs καταπραῧνω@vsam2s σύ@rpacs καί@cs εὖ@b σύ@rpdcs εἰμί@vspa3s καί@cs μακροημερεύω@vsaa2p ἐπί@p ὁ@dgfs γῆ@ngfsc ὅς@rpgfs κληρονομέω@vifa2p"
"Deut_6.1","καί@cs οὗτος@annfp- ὁ@dnfp ἐντολή@nnfpc καί@b ὁ@danp δικαίωμα@nnnpc καί@cs ὁ@dnnp κρίμα@nnnpc ὅσος@rpanp ἐντέλλομαι@viam3s ὁ@dnms θεός@nnmsc ἐγώ@rpgmp διδάσκω@vnaa-- σύ@rpamp ποιέω@vnpa-- οὕτως@b ἐν@p ὁ@ddfs γῆ@ndfsc εἰς@p ἐάν@cs σύ@rpnmp εἰσπορεύω@vspe2p ἐκεῖ@b κληρονομέω@vnaa-- αὐτός@rpafs"
"Deut_6.2","ἵνα@cs φοβέω@vipe2p κύριος@namsp ὁ@dams θεός@namsc σύ@rpgmp φυλάσσω@vmpe2p πᾶς@ananp- ὁ@danp δικαίωμα@nanpc αὐτός@rpgms καί@cs ὁ@dafp ἐντολή@nafpc αὐτός@rpgms ὅσος@anafp- ἐγώ@rpnms ἐντέλλομαι@vipe1s σύ@rpdms σήμερον@b σύ@rpnms καί@b ὁ@dnmp υἱός@nnmpc σύ@rpgms καί@cs ὁ@dnmp υἱός@nnmpc ὁ@dgmp υἱός@ngmpc σύ@rpgcs πᾶς@anafp- ὁ@dafp ἡμέρα@nafpc ὁ@dgfs ζωή@ngfsc σύ@rpgcs ἵνα@cs μακροημερεύω@vsaa2p"
"Deut_6.3","καί@b ἀκούω@vmaa2s ἰσραήλ@nvmsp καί@b φυλάσσω@vmam2s ποιέω@vnpa-- ὅπως@cs εὖ@b σύ@rpdms εἰμί@vspa3s καί@cs ἵνα@cs πληθύνω@vsap2p σφόδρα@b καθά@cs λαλέω@viaa3s κύριος@nnmsc ὁ@dnms θεός@nnmsc ὁ@dgmp πατήρ@ngmpc σύ@rpgcs δίδωμι@vnaa-- σύ@rpdms γῆ@nafsc ῥέω@vppaafs γάλα@nansc καί@cs μέλι@nansc"
"Deut_6.4","καί@b οὗτος@ananp- ὁ@danp δικαίωμα@nanpc καί@cs ὁ@danp κρίμα@nanpc ὅσος@ananp- ἐντέλλομαι@viam3s κύριος@nnmsc ὁ@ddmp υἱός@ndmpc ἰσραήλ@ngmsp ἐξέρχομαι@vpaagmp αὐτός@rpgmp ἐκ@p γῆ@ngfsc αἴγυπτος@ngfsp ἀκούω@nvmsp ἰσραήλ@nvmsp κύριος@nnmsc ὁ@dnms θεός@nnmsc ἐγώ@rpgmp κύριος@nnmsp εἷς@ εἰμί@vipa3s"
"Deut_6.5","καί@b ἀγαπάω@vifa2s κύριος@namsc ὁ@dams θεός@namsc σύ@rpgcs ἐκ@p ὅλος@angfs- ὁ@dgfs διάνοια@ngfsc σύ@rpgcs καί@b ἐκ@p ὅλος@angfs- ὁ@dgfs ψυχή@ngfsc σύ@rpgcs καί@cs ἐκ@p ὅλος@angfs- ὁ@dgfs δύναμις@ngfsc σύ@rpgcs"
"Deut_6.6","καί@b εἰμί@vifm3s ὁ@dnnp ῥῆμα@nnnpc οὗτος@annnp- ὅσος@rpanp ἐγώ@rpnms ἐντέλλομαι@vipe1s σύ@rpdms σήμερον@b ἐν@p ὁ@ddfs καρδία@ndfsc σύ@rpgcs καί@cs ἐν@p ὁ@ddfs ψυχή@ndfsc σύ@rpgcs"
"Deut_6.7","καί@b προβιβάω@vifa2s ὁ@damp υἱός@nampc σύ@rpgcs καί@cs λαλέω@vifa2s ἐν@p αὐτός@rpdmp κάθημαι@vpr-nms ἐν@p οἶκος@ndmsc καί@cs πορεύω@vppenms ἐν@p ὁδός@ndfsc καί@cs κοιτάζω@vppenms καί@cs διανίσταμαι@vppenms"
"Deut_6.8","καί@cs αὐτός@rpnnp εἰς@p σημεῖον@nansc ἐπί@p ὁ@dgfs χείρ@ngfsc σύ@rpgcs καί@cs εἰμί@vifm3s πρό@p ὀφθαλμός@ngmpc σύ@rpgcs"
"Deut_6.9","καί@b γράφω@vifa2p αὐτός@rpanp ἐπί@p ὁ@dafp φλιά@nafpc ὁ@dgnp ὁ@rpdms καί@cs ὁ@dgfp πύλη@ngfpc σύ@rpgcp"
"Deut_6.10","καί@cs εἰμί@vifm3s ὅταν@cs εἰσάγω@vsaa3s σύ@rpacs κύριος@nnmsc ὁ@dnms θεός@nnmsc σύ@rpgcs εἰς@p ὁ@dafs γῆ@nafsc ἐάν@cs ὄμνυμι@viaa3s κύριος@nnmsc ὁ@ddmp πατήρ@ndmpc σύ@rpgcs ὁ@ddms ἀβραάμ@ndmsp καί@b ἀβραάμ@ndmsp καί@cs ἰακὼβ@ndmsp δίδωμι@vnaa-- σύ@rpdms πόλις@nafpc μέγας@anafp- καί@cs κάλως@anafp- ὅς@rpafp οὐ@b οἰκοδομέω@viaa2s"
"Deut_6.11","οἰκία@nafpc πλήρης@anafp- πᾶς@angnp- ἀγαθός@angnp- ὅς@rpafp οὐ@b ἐμπίπλημι@viaa2s λάκκος@nampc λελατομέω@vpreamp ὅς@rpamp οὐ@b ἐλατόμησον@viaa2s ἀμπελών@nampc καί@cs ἐλαία@nampc ὅς@rpamp οὐ@b καταφυτεύω@viaa2s καί@cs ἐσθίω@vpaanms καί@cs ἐμπίπλημι@vpapnms"
"Deut_6.12","προσέχω@vmpa2s σεαυτοῦ@rpdms μή@cs ἐπιλανθάνομαι@vsam2s κύριος@ngmsp ὁ@dgms θεός@ngmsc σύ@rpgcs ὁ@dgms ἐξάγω@vpaagms σύ@rpams ἐκ@p γῆ@ngfsc αἴγυπτος@ngfsp ἐκ@p οἶκος@ngmsc δούλιος@ngfsc"
"Deut_6.13","κύριος@namsp ὁ@dams θεός@namsc σύ@rpgcs φοβέω@vife2s καί@b αὐτός@rpdms λατρεύω@vifa2s καί@b πρός@p αὐτός@rpams κολλάω@vifp2s καί@cs ὁ@ddns ὄνομα@ndnsc αὐτός@rpgms ὄμνυμι@vifm2s"
"Deut_6.14","οὐ@b πορεύω@vmpe2p ὀπίσω@p θεός@ngmpc ἕτερος@angmp- ἀπό@p ὁ@dgnp ἔθνος@ngnpc ὁ@dgnp περίκυκλος@ndmsc σύ@rpgcp"
"Deut_6.15","ὅτι@cs θεός@nnmsc ζηλωτὴς@nnmsc κύριος@nnmsp ὁ@dnms θεός@nnmsc σύ@rpgcs ἐν@p σύ@rpdms μή@b ὀργίζω@vpapnms θυημων@ngmpc μῶμαι@vsap2s κύριος@nnmsp ὁ@dnms θεός@nnmsc σύ@rpgcs σύ@rpdms ἐξολεθρεύω@vifa3s σύ@rpacs ἀπό@p πρόσωπον@ngnsc ὁ@dgfs γῆ@ngfsc"
"Deut_6.16","οὐ@b ἐκπειρασία@vifa2s κύριος@namsc ὁ@dams θεός@namsc σύ@rpgcs ὅς@anams- τρόπος@namsc ἐκπειράζω@viaa2p ἐν@p ὁ@ddms πειρασμός@ndmsp"
"Deut_6.17","φυλάσσω@vppanms φυλάξη@vmpa2s ὁ@dafp ἐντολή@nafpc κύριος@ngmsc ὁ@dgms θεός@ngmsc σύ@rpgcs ὁ@danp μαρτύριον@nanpc καί@cs ὁ@danp δικαίωμα@nanpc ὅσος@ananp- ἐντέλλομαι@viam3s σύ@rpdms"
"Deut_6.18","καί@b ποιέω@vifa2s ὁ@dans ἀρεστός@anans- καί@cs ὁ@dans καλός@anans- ἐναντίον@p κῦρος@ngmsp ὁ@dgms θεός@ngmsc σύ@rpgmp ἵνα@cs εὖ@b σύ@rpdms γίγνομαι@vsam3s καί@cs εἰσέρχομαι@vsaa2s καί@cs κληρονομέω@vsaa2s ὁ@dafs γῆ@nafsc ὁ@dafs ἀγαθός@anafs- ὅς@rpafs ὄμνυμι@viaa3s κύριος@nnmsc ὁ@ddmp πατήρ@ndmpc σύ@rpgmp"
"Deut_6.19","ἐκδιώκω@vnaa-- πᾶς@anamp- ὁ@damp ἐχθρός@nampc σύ@rpgcs πρό@p πρόσωπον@ngnsc σύ@rpgcs καθά@b λαλέω@viaa3s κὐριος@nnmsp"
"Deut_6.20","καί@cs ἵστημι@vipa3s ὅταν@cs ἐρωτάω@vsam3s σύ@rpams ὁ@dnms υἱός@nnmsc σύ@rpgcs αὔριον@b λέγω3@vppanms τίς@rpnns εἰμί@vipa3s ὁ@dnnp μαρτύριον@nnnpc καί@b ὁ@danp δικαίωμα@nnnpc καί@cs ὁ@danp κρίμα@nnnpc ὅσος@ananp- ἐντέλλομαι@viam3s κύριος@nnmsp ὁ@dnms θεός@nnmsc ἐγώ@rpdmp"
"Deut_6.21","καί@cs ἐρῶ@vipa2s ὁ@ddms υἱός@ndmsc σύ@rpgms οἰκέτης@nnmpc εἰμί@viia1p ὁ@ddms φαραώ@ngmsp ἐν@p γῆ@ndfsc αἴγυπτος@ndfsp καί@cs ἐξάγω@viaa3s ἐγώ@rpacp κύριος@nnmsc ἐκεῖθεν@b ἐν@p χείρ@ndfsc κραταιός@andfs- καί@b ἐν@p ὑψηλός@andfs-"
"Deut_6.22","καί@b δίδωμι@viaa3s κύριος@nnmsp σημεῖον@nanpc καί@cs τέρας@nanpc μέγας@ananp- καί@cs πονηρός@ananp- ἐν@p αἴγυπτος@ndfsp ἐν@p φαραώ@namdp καί@cs ἐν@p ὁ@ddms οἶκος@ndmsc αὐτός@rpgms ἐνώπιον@b ἐγώ@rpgcp"
"Deut_6.23","καί@cs ἐγώ@rpamp ἐξάγω@viaa3s ἐκεῖθεν@b δίδωμι@vnaa-- ἐγώ@rpdmp ὁ@dafs γῆ@nafsc οὗτος@anafs- ὅς@rpafs ὄμνυμι@viaa3s δίδωμι@vnaa-- ὁ@ddmp πατήρ@ndmpc ἐγώ@rpgcp"
"Deut_6.24","καί@b ἐντέλλομαι@viam3s ἐγώ@rpdcp κύριος@nnmsp ποιέω@vnpa-- πᾶς@ananp- ὁ@danp δικαίωμα@nanpc οὗτος@ananp- φοβέω@vnpe-- κύριος@namsc ὁ@dams θεός@namsc ἐγώ@rpgcp γα@vmpa2s εὖ@b εἰμί@i ἐγώ@rpdcp πᾶς@anafp- ὁ@dafp ὁ@dnfs ἐγώ@rpgfs ῥᾶ@nafpc ἵνα@cs ζάω@vspa1p ὥσπερ@cs καί@b σήμερον@b"
"Deut_6.25","καί@b ἔλεος@nnfsc μοσύνη@nnfsc εἰμί@vifm3s ἐγώ@rpdmp ἐάν@cs φυλάσσω@vsam1p ποιέω@vnpa-- πᾶς@anafp- ὁ@dafp ἐντολή@nafpc οὗτος@anafp- ἐναντίον@p κύριος@ngmsc ὁ@dgms θεός@ngmsc ἐγώ@rpgcp καθά@cs ἐντέλλομαι@viam3s ἐγώ@rpdmp κύριος@nnmsp δέ@b εἰσάγω@vsaa3s σύ@rpacs κύριος@nnmsc ὁ@dnms θεός@nnmsc σύ@rpgcs εἰς@p ὁ@dafs γῆ@nafsc εἰς@p ἐάν@cs εἰς@vipa3p ’@vipa3s vii@b"
"Deut_7.1","ἐκεῖ@b κληρονομέω@vnaa-- καί@cs ἐξαίρω@vifa3s ἔθνος@nanpc μέγας@ananp- ἀπό@p πρόσωπον@ngnsc σύ@rpgcs ὁ@dams χετταῖος@namsp καί@cs ἀμορραῖος@namsp καί@b γεργεσαῖος@namsp καί@b χαναναῖος@namsp καί@b φερεζαῖος@namsp καί@b εὑαῖος@namsp καί@cs ἰεβουσαῖος@namsp ἑπτὰ@ ἔθνος@nanpc πολύς@ananp- καί@b ἰσχυρός@ananpc σύ@rpgmp"
"Deut_7.2","καί@cs παραδίδωμι@vifa3s αὐτός@rpamp κύριος@nnmsc ὁ@dnms θεός@nnmsc σύ@rpgcs εἰς@p ὁ@ ὅς@dafp χείρ@nafpc σύ@rpgcs καί@cs πατάσσω@vifa2s αὐτός@rpamp ἀφανισμός@ndmsc ἀφανίζω@vifa2s αὐτός@rpamp οὐ@b διατίθημι@vifm2s πρός@p αὐτός@rpamp διαθήκη@nafsc οὐ@b δέ@b μή@b ἐλεέω@vsaa2p αὐτός@rpamp"
"Deut_7.3","οὐ@b δέ@cs μή@b γαμβρεύω@vsaa2p πρός@p αὐτός@rpamp ὁ@dafs θυγάτηρ@nafsc σύ@rpgcs οὐ@b δίδωμι@vifa2s τῷ@ddms υἱός@ndmsc αὐτός@rpgms καί@cs ὁ@dafs θυγάτηρ@nafsc αὐτός@rpgms οὐ@b λαμβάνω@vifm2s ὁ@ddms υἱός@ndmsc σύ@rpgcs"
"Deut_7.4","ἀφεστήξω@vifa3s γάρ@b ὁ@dams υἱός@namsc σύ@rpgcs ἀπό@p ἐγώ@rpgms καί@b λατρεύω@vifa3s θεός@ndmpc ἕτερος@andmp- καί@b ὀργίζω@vifp3s θυμός@ndmsc κύριος@nnmsc εἰς@p σύ@rpamp καί@cs ἐξολεθρεύω@vifa3s σύ@rpams ὁ@dans τάχος@nansc"
"Deut_7.5","ἀλλά@b οὕτως@b ποιέω@vifa2p αὐτός@rpdmp ὁ@damp βωμός@nampc αὐτός@rpgmp καθαιρέω@vifa2p καί@cs ὁ@dafp στήλη@nafpc αὐτός@rpgmp συντρίβω@vifa2p καί@cs ὁ@danp ἄλσος@nanpc αὐτός@rpgmp ἐκκόπτω@vifa2p καί@cs ὁ@danp γλυπτός@ananp- ὁ@dgmp θεός@ngmpc αὐτός@rpgmp κατακαίω@vifa2p πῦρ@ndnsc"
"Deut_7.6","ὅτι@cs λαός@nnmsc ὅς@nnmsc ἰός@nnmsc εἰ@cs κύριος@andms- ὁ@ddms θεός@ndmsc σύ@rpgcs καί@cs σύ@rpams προαιρέω@viam3s κύπιος@nnmsp ὁ@dnms θεός@nnmsc σύ@rpgcs εἰμί@vnpa-- σύ@rpacs αὐτός@rpdms λαός@namsc περιούσιος@anams- παρά@p πᾶς@ananp- ὁ@danp ἔθνος@nanpc ὅσος@rpnnp ἐπί@p πρόσωπον@ngnsc ὁ@dgfs γῆ@ngfsc"
"Deut_7.7","οὐ@b ὅτι@cs πολυπληθέω@vipa2p παρά@p πᾶς@ananp- ὁ@danp ἔθος@nanpc προαιρέω@viam3s κύριος@nnmsc σύ@rpamp καί@cs ἐκλέγω@viam3s σύ@rpamp σύ@rpnmp γάρ@b εἰμί@vipa2p ὀλιγοστός@annmp- παρά@p πᾶς@ananp- ὁ@danp ἔθνος@nanpc"
"Deut_7.8","ἀλλά@b παρά@p ὁ@dans ἀγαπάω@vppanms κύριος@namsc σύ@rpamp καί@cs διατηρέω@vppanms ὁ@dams ὅρκος@namsc ὅς@rpams ὄμνυμι@viaa3s ὁ@ddmp πατήρ@ndmpc -@andmp- σιν@ndmpc σύ@rpgmp ἐξάγω@viaa3s κύριος@nnmsc σύ@rpamp ἐν@p χείρ@ndfsc κραταιός@andfs- καί@cs ῥύομαι@viam3s ἐκ@p οἶκος@ngmsc δούλιος@ngfsc ἐκ@p χείρ@ngfsc φαραώ@ngmsp βασιλεύς@ngmsc αἴγυπτος@ngfsp"
"Deut_7.9","καί@b γιγνώσκω@vifm2p σήμερον@b ὅτι@cs κύριος@nnmsp ὁ@dnms θεός@nnmsc σύ@rpgms οὗτος@annms- θεός@nnmsc θεός@nnmsc πιστός@annms- ὁ@dnms φυλάσσω@vppanms διαθήκη@nafsc καί@cs ἕλος@annms- ὁ@ddmp ἀγαπάω@vppadmp αὐτός@rpams καί@cs ὁ@ddmp φυλάσσω@vpfadmp ὁ@dafp ἐντολή@nafpc αὐτός@rpgms εἰς@p χίλιοι@anafp- γενεά@nafpc"
"Deut_7.10","καί@cs ἀποδίδωμι@vppanms ὁ@ddmp μισέω@vppadmp κατά@p πρόσωπον@nansc ἐξολεθρεύω@vnaa-- αὐτός@rpamp καί@b οὐ@b βραδύνω@vipa3s ὁ@ddmp μισέω@vppadmp κατά@p πρόσωπον@nansc ἀποδίδωμι@vifa3s αὐτός@rpdmp"
"Deut_7.11","καί@b φυλάξη@vmpa2s ὁ@dafp ἐντολή@nafpc αὐτός@rpgms καί@b ὁ@danp δικαίωμα@nanpc αὐτός@rpgms καί@cs ὁ@danp κρίμα@nanpc αὐτός@rpgms ὅσος@rpanp ἐγώ@rpnms ἐντέλλομαι@vipe1s σύ@rpdms σήμερον@b ποιέω@vnpa--"
"Deut_7.12","καί@cs ἵστημι@vipa3s ἐάν@cs ἀκούω@vsaa2p ὁ@danp δικαίωμα@nanpc οὗτος@ananp- καί@b φυλάσσω@vsaa2p καί@cs ποιέω@vsaa2p αὐτός@rpanp καί@cs διαφυλάσσω@vifa3s κύριος@nnmsp ὁ@dnms θεός@nnmsc σύ@rpgcs σύ@rpdms ὁ@dafs διαθήκη@nafsc καί@cs ὁ@dans ἔλεος@nansc ὅς@rpans ὄμνυμι@viaa3s ὁ@ddmp πατήρ@ndmpc σύ@rpgmp"
"Deut_7.13","καί@b ἀγαπάω@vifa3s σύ@rpams κύριος@nnmsp καί@b εὐλογέω@vifa3s σύ@rpams καί@b πληθύνω@vifm2s σύ@rpams καί@cs εὐλογέω@vifa3s ὁ@danp ἔκγονος@ananp- ὁ@dgfs κοιλία@ngfsc σύ@rpgcs καί@b ὁ@dams καρπός@namsc ὁ@dgfs γῆ@ngfsc σύ@rpgcs ὁ@dams σῖτος@namsc σύ@rpgms καί@b ὁ@dams οἶνος@namsc σύ@rpgms καί@cs ὁ@dans ἔλαιον@nansc σύ@rpgms ὁ@danp βουκόλιον@nanpc ὁ@dgmp βοῦς@ngmpc σύ@rpgcs καί@cs ὁ@danp ποίμνιον@nanpc ὁ@dgnp πρόβατον@ngnpc σύ@rpgms ἐπί@p ὁ@dgfs γῆ@ngfsc ὡς@cs ὄμνυμι@viaa3s κύριος@nnmsp ὁ@ddmp πατήρ@ndmpc σύ@rpgms δίδωμι@vnaa-- σύ@rpdms"
"Deut_7.14","εὐλογητός@annms- εἰμί@vifm2s παρά@p πᾶς@ananp- ὁ@danp ἔθνος@nanpc οὐ@b εἰμί@vifm3s ἐν@p σύ@rpdmp ἄγονος@nnmsc οὐ@b δέ@x στεῖρα@nnfsc καί@cs ἐν@p ὁ@ddnp κτῆνος@ndnpc σύ@rpgms"
"Deut_7.15","καί@b περιαιρέω@vifa3s κύριος@nnmsc ἀπό@p σύ@rpgcs πᾶς@anafs- μαλακία@nafsc καί@b πᾶς@anafp- νόσος@nafpc αἴγυπτος@ngfsp ὁ@dafp πονηρός@anafp- ὅς@rpafp καί@cs ὅσος@ananp- γιγνώσκω@viaa2s οὐ@b ἐπιτίθημι@vifa3s ἐπί@p σύ@rpacs καί@cs ἐπιτίθημι@vifa3s αὐτός@rpanp ὁ@damp μισέω@vppagms σύ@rpams"
"Deut_7.16","καί@b ἐσθίω@vifm2s πᾶς@ananp- ὁ@danp σκῦλον@nanpc ὁ@dgnp ἔθνος@ngnpc ὅς@rpanp κύριος@nnmsp ὁ@dnms θεός@nnmsc σύ@rpgms δίδωμι@vipa3s σύ@rpdms οὐ@b φείδομαι@vifm3s ὁ@dnms ὀφθαλμός@nnmsc σύ@rpgcs ἐπί@p αὐτός@rpdmp καί@cs οὐ@b λατρεύω@vifa2s ὁ@ddmp θεός@ndmpc αὐτός@rpgmp ὅτι@cs σκῶλος@annns- οὗτος@rpnns εἰμί@vipa3s σύ@rpdcs"
"Deut_7.17","ἐάν@cs δέ@b λέγω@vspa2s ἐν@p ὁ@ddfs διάνοια@ndfsc σύ@rpgcs ὅτι@cs πολύς@nnnsp ὁ@dnns ἔθνος@nnnsc οὗτος@rpnns ἤ1@cs ἐγώ@rpnms πῶς@b δύναμαι@vifm1s ἐξολεθρεύω@vnaa-- αὐτός@rpamp"
"Deut_7.18","οὐ@b φοβέω@vife2s αὐτός@rpamp μνᾶ@ndfsc μιμνήσκω@vsam2s ὅσος@ananp- ποιέω@viaa3s κύριος@nnmsp ὁ@dnms θεός@nnmsc σύ@rpgms τῷ@ddms ὁ@ddms καί@cs πᾶς@andmp- ὁ@ddmp αἰγύπτιος@ndmpp"
"Deut_7.19","ὁ@damp πειρασμός@nampc ὁ@damp μέγας@anamp- ὅς@rpamp εἶδον@viaa3p ὁ@dnmp ὀφθαλμός@nnmpc σύ@rpgms ὁ@danp σημεῖον@nanpc καί@cs ὁ@danp τέρας@nanpc ὁ@dafs χείρ@nafsc ὁ@dafs κραταιός@anafs- καί@cs ὁ@dams βραχίων@namsc ὁ@dams ὑψηλός@anams- ὡς@cs ἐξάγω@viaa3s σύ@rpams κύριος@nnmsp ὁ@dnms θεός@nnmsc σύ@rpgms οὕτως@b ποιέω@vifa3s κύριος@nnmsp ὁ@dnms θεός@nnmsc ἐγώ@rpgcp πᾶς@andnp- ὁ@ddnp ὁ@ddnp ἔθνος@ndnpc ὅς@p σύ@rpncs ἀπό@p πρόσωπον@ngnsc αὐτός@rpgmp"
"Deut_7.20","καί@b ὁ@dafp σφηκία@nafpc ἀποστέλλω@vifa3s κύριος@nnmsc ὁ@dnms θεός@nnmsc σύ@rpgcs εἰς@p αὐτός@rpamp ἕως@cs ἄν@b ἐκτρίβω@vsaa3p ὁ@dnmp καταλείπω@vprenmp καί@cs ὁ@dnmp κρύπτω@vprenmp ἀπό@p σύ@rpgcs"
"Deut_7.21","οὐ@b τιτρώσκω@vifp2s ἀπό@p πρόσωπον@ngnsc αὐτός@rpgmp ὅτι@cs κύριος@nnmsp ὁ@dnms θεός@nnmsc σύ@rpgcs ἐν@p σύ@rpdcs θεός@nnmsc μέγας@annms- καί@cs κραταιός@annms-"
"Deut_7.22","καί@b καταναλίσκω@vifa3s κύριος@nnmsp ὁ@dnms θεός@nnmsc σύ@rpgcs ὁ@danp ἔθνος@nanpc οὗτος@rpanp ἀπό@p πρόσωπον@ngnsc σύ@rpgcs κατά@p μικρός@anans- οὐ@b δύναμαι@vifm2s ἐξαναλίσκω@vnaa-- αὐτός@rpamp ὁ@dans τάχος@nansc ἵνα@cs μή@b ὁ@dnfs γῆ@nnfsc ἐρῆμος@annfs- καί@cs πληθύνω@vsap3s ἐπί@p σύ@rpacs ὁ@dnnp θηρίον@nnnpc ὁ@dnnp ἄγριος@annnp-"
"Deut_7.23","καί@b παραδίδωμι@vifa3s αὐτός@rpamp κύριος@nnmsc ὁ@dnms θεός@nnmsc σύ@rpgcs εἰς@p ὁ@dafp χείρ@nafpc σύ@rpgcs καί@cs ἀπόλλυμι@vifa2s αὐτός@rpamp ἀπώλεια@ndfsc μέγας@andfs- ἕως@cs ἄν@b ἐξολεθρεύω@vsaa3s αὐτός@rpamp"
"Deut_7.24","καί@b παραδίδωμι@vifa3s ὁ@damp βασιλεύς@nampc αὐτός@rpgmp εἰς@p ὁ@dafp χείρ@nafpc σύ@rpgcp καί@cs ἀπόλλυμι@vifm3s ὁ@dnns ὄνομα@nnnsc αὐτός@rpgmp ἐκ@p ὁ@dgms τόπος@ngmsc ἐκεῖνος@rpgmp οὐ@b ἀνθίστημι@vifm3s οὐδείς@rpnms κατά@p πρόσωπον@anans- σύ@rpgcs ἕως@p ἐν@p ’@cs ἐξολεθρεύω@vifm2s αὐτός@rpamp"
"Deut_7.25","ὁ@dnnp γλυπτός@annnp- ὁ@dgmp θεός@ngmpc αὐτός@angmp- ἐν@p πῦρ@ndnsc οὐ@b ἐπιθυμέω@vifa2s ἀργύριον@nansc καί@cs χρυσίον@nansc ἀπό@p αὐτός@rpgfp οὐ@b λαμβάνω@vifm2s σεαυτοῦ@rpdms μή@b πταίω@vsaa2s διά@p αὐτός@rpans ὅτι@cs βδέλυγμα@nnnsc κύριος@ndmsp ὁ@ddms θεός@ngmsc σύ@ngmsc εἰμί@vipa3s"
"Deut_7.26","καί@b οὐ@b εἰσφέρω@vifa2s βδέλυγμα@nansc εἰς@p ὁ@dams οἶκος@namsc σύ@rpgcs καί@cs εἰμί@vifm2s ἀνάθημα@nnnsc ὥσπερ@cs οὗτος@rpnns προσοχθίσμα@ndnsc προσοχθέω@vifa2s καί@cs ματι@ndfsc βδελύσσομαι@ndfsc ὅτι@cs ἀνάθημα@nnnsc εἰμί@vipa3s"
"Deut_8.1","πᾶς@anafp- ὁ@dafp ἐντολή@nafpc ὅς@rpafp ἐγώ@rpnms ἐντέλλομαι@vipe1s σύ@rpdmp σήμερον@b φύω@vmam2s ἵνα@cs ζάω@vspa2p καί@cs πολυπλασιασθέω@vsap2p καί@b εἰσέρχομαι@vpaanmp κληρονοτέω@nafsc γῆ@nafsc ὅς@rpafs κύριος@nnmsc ὁ@dnms θεός@nnmsc σύ@rpgmp ὄμνυμι@viaa3s ὁ@ddmp πατήρ@ndmpc σύ@rpgmp"
"Deut_8.2","καί@cs μιμνήσκω@vsam2s πᾶς@anafs- ὁ@dafs ὁδός@nafsc ὅς@rpafs ἄγω@viaa3s σύ@rpacs κύριος@nnmsc ὁ@dnms θεός@nnmsc σύ@rpgcs ἐν@p ὁ@ddfs ἐρῆμος@ndfsc ὡς@cs ἄν@b κακόω@vsaa3s σύ@rpacs καί@cs ἐκπειράζω@vsaa3s σύ@rpacs καί@cs διαγιγνώσκω@vsap3s ὁ@danp ἐν@p ὁ@ddfs καρδία@ndfsc σύ@rpgcs εἰ@cs φυλάξη@vsam3s ὁ@dafp ἐντολή@nafpc αὐτός@rpgms ἤ1@cs οὐ@b"
"Deut_8.3","καί@b κακόω@viaa3s σύ@rpams καί@cs ἐλιμαγχονέω@viaa3s σύ@rpacs καί@cs ζημιόω@viaa3s σύ@rpacs ὁ@dans μάννα@nansc ὅς@rpans οὐ@b εἰδοί@viaa3p ὁ@dnmp πατήρ@nnmpc σύ@rpgms ἵνα@b ἀναγγέλλω@vsaa3s σύ@rpdcs ὅτι@cs οὐ@b ἐπί@p ἄρτος@ndnsc μόνος@andns- ζάω@vifm3s ὁ@dnms ἄνθρωπος@nnmsc ἀλλά@cs ἐπί@p πᾶς@andns- ῥῆμα@ndnsc ὁ@ddns ἐκπορεύω@vppedns διά@p στόμα@ngnsc θεός@ngmsc ζάω@vifm3s ὁ@dnms ἄνθρωπος@nnmsc"
"Deut_8.4","ὁ@dnnp ἱμάτιον@nnnpc σύ@rpgms οὐ@b παλαιόω@viap3s ἀπό@p σύ@rpgcs ὁ@dnnp ὑπόδημα@nnnpc σύ@rpgcs οὐ@b κατατρίβω@viap3s ἀπό@p σύ@rpgcs ὁ@dnmp πούς@nnmpc σύ@rpgms οὐ@b τυλκόω@viap3p ἰδού@b τεσσεράκοντα@an---- ἔτος@nanpc"
"Deut_8.5","καί@b γιγνώσκω@vifm2s ὁ@ddfs καρδία@ndfsc σύ@rpgcs ὅτι@cs ὡς@cs εἰ@cs τις@rpncs παιδεύω@voaa3s ἄνθρωπος@nnmsc ὁ@dams υἱός@namsc αὐτός@rpgms οὕτως@b κύριος@nnmsp ὁ@dnms θεός@nnmsc σύ@rpgcs σεύω@vipa3s σύ@rpams"
"Deut_8.6","καί@b φυλάξη@vmpa2s ὁ@dafp ἐντολή@nafpc τύριος@ngmsp ὁ@dgms θεός@ngmsc σύ@rpgcs ὁ@ddfp ὁδός@ndfpc αὐτός@rpgms καί@cs φοβέω@vnpe-- αὐτός@rpams"
"Deut_8.7","ὁ@dnms γάρ@b κύριος@nnmsp ὁ@dnms θεός@nnmsc σύ@rpgms εἰσάγω@vipa3s σύ@rpams εἰς@p γῆ@nafsc ἀγαθός@anafs- καί@cs πολύς@anafs- ὅς@b χείμαρρος@nnfpc ὕδωρ@ngnpc πηγή@nnfpc ἄβυσσος@vppanms ἐκπορεύω@vppenfp διά@p ὁ@dgnp πεδίον@ngnpc καί@cs διά@p ὁ@dgnp ὄρος@ngnpc"
"Deut_8.8","γῆ@nnfsc πυρός@ngnsc καί@cs κριθή@ngfsc ἄμπελος@nnfpc συκῆ@nnfpc ῥόα@nnfpc γῆ@nnfsc ἐλαία@ngfsc ἔλαιον@ngnsc καί@cs μέλι@ngnsc"
"Deut_8.9","γῆ@nnfsc ἐπί@p ὅς@rpgfs οὐ@b μετά@p πτωχία@ngfsc ἐσθίω@vifm2s ὁ@dams ἄρτος@namsc σύ@rpgcs καί@cs οὐ@b ἐπί@p αὐτός@rpgfs οὐδείς@rpnns γῆ@nnfsc εἰμί@b ὁ@rpdms λίθος@nnmpc σίδηρος@nnmsc καί@cs ἐκ@p ὁ@dgnp ὄρος@ngnpc μεταλλεύω@vifa2s χαλκός@namsc"
"Deut_8.10","καί@b ἐσθίω@vifm2s καί@b ἐμπίπλημι@vifm2s καί@cs εὐλογέω@vifa2s κύριος@namsp ὁ@dams θεός@namsc σύ@rpgcs ἐπί@p ὁ@dgfs γῆ@ngfsc ὁ@dgfs ἀγαθός@angfs- ὅς@rpgfs δίδωμι@viaa3s σύ@rpdms"
"Deut_8.11","προσέχω@vmpa2s σεαυτοῦ@rpdms μή@cs ἐπιλανθάνομαι@vsam2s κύριος@ngmsp ὁ@dgms θεός@ngmsc σύ@rpgcs ὁ@dgns μή@b φυλάσσω@vnaa-- ὁ@dafp ἐντολή@nafpc αὐτός@rpgms καί@b ὁ@danp κρίμα@nanpc καί@cs ὁ@danp δικαίωμα@nanpc αὐτός@rpgms ὅσος@rpanp ἐγώ@rpnms ἐντέλλομαι@vipe1s σύ@rpdms σήμερον@b"
"Deut_8.12","μή@cs ἐσθίω@vpaanms καί@cs ἐμπίπλημι@vpapnms καί@cs οἰκία@nafpc κάλως@anafp- οἰκοδομή@vmpa2s σός@anafp- καί@cs κατοικέω@vpaanms ἐν@p αὐτός@rpdfp"
"Deut_8.13","καί@cs ὁ@dgfp βοῦς@ngfpc σύ@rpgcs πληθύνω@vpapgnp καί@cs ὁ@dgnp πρόβατον@ngnpc σύ@rpgcs πληθύνω@vpapgnp ἀργύριον@ngnsc καί@cs χρυσίον@ngnsc πληθύνω@vpapgns σύ@rpdcs καί@cs πόντος@vppagmp ὅσος@rpgnp εἰμί@vifm3s σύ@rpdcs πληθύνω@vpapgnp σύ@rpdcs"
"Deut_8.14","ὑψόω@vsap2s ὁ@ddfs καρδία@ndfsc καί@cs ἐπιλανθάνομαι@vsam2s κύριος@ngmsc ὁ@dgms θεός@ngmsc σύ@rpgcs ὁ@dgms ἐξάγω@vpaagms σύ@rpams ἐκ@p γῆ@ngfsc υ@ngfsc ἐκ@p οἶκος@ngmsc δούλιος@ngfsc"
"Deut_8.15","ὁ@dgms ἄγω@vpaagms σύ@rpacs διά@p ὁ@dgfs ἐρῆμος@angfs- ὁ@dgfs καί@cs ὁ@dgfs φοβερός@angfs- ἐκεῖνος@rpgfs ὅς@rpgms ὄφις@nnfsc δάκνω@nnmsc καί@cs σκορπίος@nnmsc καί@cs ὅς@b οὐ@b ἐάν@b ὕδωρ@nansc ὁ@dgms ἐξάγω@vpaagns σύ@rpdfs ἐκ@p πέτρα@ngfsc ἀκρότομος@angfs- πηγή@nafsc ὕδωρ@ngnsc"
"Deut_8.16","ὁ@dgms ψωμίζω@vpaagms σύ@rpacs ὁ@dans μάννα@nansc ἐν@p ὁ@ddfs ἐρῆμος@ndfsc ὅς@rpans οὐ@b οἶδα@vila3p ὁ@dnmp πατήρ@nnmpc σύ@rpgcs ἵνα@cs κακόω@vsam2s σύ@rpacs καί@cs ἐκπειράζω@vsam2s σύ@rpacs καί@cs εὖ@b σύ@rpacs ποιέω@vsam2s ἐπί@p ἔσχατος@angnp- ὁ@dgfp ἡμέρα@ngfpc σύ@rpgcs"
"Deut_8.17","μή@b εἶπον@vsaa2s ἐν@p ὁ@ddfs καρδία@ndfsc σύ@rpgcs ὁ@nnfsp ἰσχύς@nnfsc ἐγώ@rpgcs καί@cs ὁ@dnns κρότος@nnmsc ὁ@dgfs χείρ@ngfsc ἐγώ@rpgcs ποιέω@viaa3s ἐγώ@rpdcs ὁ@dafs δύναμις@nafsc ὁ@dafs μέγας@anafs- οὗτος@rpafs"
"Deut_8.18","καί@b μιμνήσκω@vsam2s κύριος@ngmsp ὁ@dgms θεός@ngmsc σύ@rpgms ὅτι@cs αὐτός@rpnms σύ@rpdms δίδωμι@vipa3s ὁ@dafs ἰσχύς@nafsc ὁ@dgns ποιέω@vnaa-- δύναμις@nafsc καί@cs ἵνα@cs ἵστημι@vsaa3s ὁ@dafs διαθήκη@nafsc ὅς@rpafs ὄμνυμι@viaa3s κύριος@nnmsc ὁ@ddmp πατήρ@ndmpc σύ@rpgcs ὡς@b σήμερον@b"
"Deut_8.19","καί@b ἵστημι@vmpa2s ἐάν@cs λήθη@vspa3s ἐπιλανθάνομαι@vsam2s κύριος@ngmsc ὁ@dgms θεός@ngmsc σύ@rpgcs καί@b πορεύω@vsap2s ὀπίσω@p θεός@ngmpc ἕτερος@angmp- καί@cs λατρεύω@vsaa2s αὐτός@rpdmp διαμαρτύρομαι@vipe1s σύ@rpdmp σήμερον@b ὅτι@cs ἀπώλεια@ndfsc ἀπόλλυμι@vifm2p"
"Deut_8.20","καθά@b καί@b ὁ@danp λοιπός@annnp- ἔθνος@nnnpc ὅσος@ananp- κύριος@nnmsp ἀπολείβω@vipa3s πρό@p πρόσωπον@ngnsc σύ@rpgmp οὕτως@b ἀπόλλυμι@vifm2p ἀντί@p ὅς@rpgnp οὐ@b ἀκούω@viaa2p ὁ@dgfs κύριος@ngmsc ὁ@dgms θεός@ngmsc σύ@rpgcp"
"Deut_9.1","ἀκούω@nvmsp ἰσραήλ@nvmsp σύ@rpn-s διαβαίνω@vipa2s σήμερον@b ὁ@dams ἰορδάνης@namsp οὗτος@rpams κληρονομέω@vnaa-- ἔθνος@nanpc μέγας@ananp- καί@cs ἰσχυρός@ananpc μᾶλλον@b ὁ@rpnnp σύ@rpnmp μέγας@anafp- καί@cs τειχήρης@anafp- ἕως@p ὁ@dgms οὐρανός@ngmsc"
"Deut_9.2","λαός@namsc μέγας@anams- καί@cs καί@b εὐμήκης@namsc υἱός@nampc ἐνάκ@ngmsp ὅς@rpamp σύ@rpnms οἶδα@vira2s καί@cs σύ@rpnms ἀκούω@vira2s τις@rpnms ἀντί@p σύ@rpdms κατά@p πρόσωπον@nansc υἱός@ngmpc ἐνάκ@ngmsp"
"Deut_9.3","καί@b γιγνώσκω@vifm2s σήμερον@b ὅτι@cs κύριος@nnmsc ὁ@dnms θεός@nnmsc σύ@rpgcs οὗτος@rpnms προπορεύω@vipe3s πρό@p πρόσωπον@ngnsc σύ@rpgcs πῦρ@nnnsc καταναλίσκω@annns- εἰμί@vipa3s οὗτος@rpnms ἐξολεθρεύω@vifa3s αὐτός@rpamp καί@cs οὗτος@rpnms ἀποστρέφω@vifa3s αὐτός@rpamp ἀπό@p πρόσωπον@ngnsc σύ@rpgcs καί@cs ἀπόλλυμι@vifa2s αὐτός@rpamp καθά@cs εἶπον@viaa3s σύ@rpdcs κύριος@nnmsc"
"Deut_9.4","μή@b εἶπον@vsaa2s ἐν@p ὁ@ddfs καρδία@ndfsc σύ@rpgcs ἐν@p ὁ@ddns ἐξαναλίσκω@vnaa-- κύριος@namsc ὁ@dams θεός@namsc σύ@rpgcs ὁ@danp ἔθνος@nanpc οὗτος@ananp- ἀπό@p πρόσωπον@ngnsc λέγω3@vppanms διά@p ὁ@dafs δικαιοσύνη@nafsc ἐγώ@rpgcs εἰσάγω@viaa3s ἐγώ@rpacs κύριος@nnmsc κληρονομέω@vnaa-- ὁ@dafs γῆ@nafsc ὁ@dafs ἀγαθός@anafs- οὗτος@rpafs"
"Deut_9.5","οὐ@b διά@p ὁ@dafs δικαιοσύνη@nafsc σύ@rpgcs οὐ@b δέ@cs διά@p ὁ@dafs ὁσιότης@nafsc ὁ@dgfs καρδία@ngfsc σύ@rpgms σύ@rpnms εἰσπορεύω@vipe2s κληρονομέω@vnaa-- ὁ@dafs γῆ@nafsc αὐτός@rpgmp ἀλλά@cs διά@p ὁ@dafs ἀσέβεια@nafsc ὁ@dgnp ἔθνος@ngnpc οὗτος@angnp- κύριος@nnmsp ἐξολεθρεύω@vifm2s αὐτός@rpamp ἀπό@p πρόσωπον@ngnsc σύ@rpgcs καί@b ἵνα@b ἵστημι@vsam2s ὁ@dafs διαθήκη@nafsc αὐτός@rpgms ὅς@rpafs ὄμνυμι@viaa3s ὁ@ddmp πατήρ@ndmpc σύ@rpgmp ὁ@ddms ἀβραάμ@ndmsp καί@b ὁ@ddms ἀβραάμ@ndmsp καί@cs ὁ@ddms ἰακὼβ@ndmsp"
"Deut_9.6","καί@b γιγνώσκω@vifm2s σήμερον@b ὅτι@cs οὐ@b διά@p ὁ@dafp δικαιοσύνη@nafpc ναί@ngfsc σύ@rpgms κύριος@nnmsp ὁ@dnms θεός@nnmsc σύ@rpgms δίδωμι@vipa3s σύ@rpdms ὁ@dafs γῆ@nafsc ὁ@dafs ἀγαθός@anafs- οὗτος@anafs- κληρονομέω@vnaa-- ὅτι@cs λαός@nnmsc σκληροτράχηλος@annms- εἰμί@vipa2s"
"Deut_9.7","μιμνήσκω@vmap2s μή@cs ἐπιλανθάνομαι@vsaa3s ὅσος@rpanp παροξύνω@viaa2s κύριος@namsc ὁ@dams θεός@namsc σύ@rpgcs ἐν@p τῆ@ddfs ἐρῆμος@andfs- ἀπό@p ὅς@angfs- ἡμέρα@ngfsc ἐξέρχομαι@viaa2p ἐκ@p αἴγυπτος@ngfsp καί@cs ἔρχομαι@viaa2p εἰς@p ὁ@dams τόπος@namsc οὗτος@anams- ἀπειθέω@vppanmp διατελέω@viia2p ὁ@danp πρός@p κύριος@namsc"
"Deut_9.8","καί@b ἐν@p χωρήβ@n---p παροξύνω@vira2p κύριος@namsc καί@cs θυμόω@viap3s ἐπί@p σύ@rpdmp ἐξολεθρεύω@vnaa-- σύ@rpamp"
"Deut_9.9","ἀναβαίνω@vppagms ἐγώ@rpgms εἰς@p ὁ@dans ὄρος@nansc λαμβάνω@vnaa-- ὁ@dafp πλάξ@nafpc ὁ@dafp λίθινος@anafp- πλάξ@nafpc διαθήκη@ngfsc ὅς@rpafp διατίθημι@viam3s κύριος@nnmsc πρός@p σύ@rpamp καί@b καταγίγνομαι@viie1s ἐν@p ὁ@ddns ὄρος@ndnsc τεσσεράκοντα@ ἡμέρα@nafpc καί@cs τεσσεράκοντα@ νύξ@nafpc ἄρτος@namsc οὐ@b ἐσθίω@viam2s καί@cs ὕδωρ@nansc οὐ@b πίνω@viaa3p"
"Deut_9.10","καί@b δίδωμι@viaa3s κύριος@nnmsp ἐγώ@rpdms ὁ@dafp δύο@an---- πλάξ@nafpc ὁ@dafp λίθινος@anafp- γράφω@vpreafp ἐν@p ὁ@ddms δάκτυλος@ndmsc ὁ@dgms θεός@ngmsc καί@cs ἐπί@p αὐτός@rpdfp γράφω@vilm3s πᾶς@annmp- ὁ@dnmp λόγος@nnmpc ὅς@rpamp λαλέω@viaa3s κύριος@nnmsc πρός@p σύ@rpamp ἐν@p ὁ@ddns ὄρος@ndnsc ἡμέρα@ndfsc ἐκκλησία@ngfsc"
"Deut_9.11","καί@b γίγνομαι@viam3s διά@p τεσσεράκοντα@an---- ἡμέρα@ngfpc καί@cs τεσσεράκοντα@an---- νύξ@ngfpc δίδωμι@viaa3s κύριος@nnmsp ἐγώ@rpdms ὁ@dafp δύο@an---- πλάξ@nafpc ὁ@dafp λίθινος@anafp- πλάξ@nafpc διαθήκη@ngfsc"
"Deut_9.12","καί@b λέγω@viaa3s κύριος@nnmsc πρός@p ἐγώ@rpacs ἀνίστημι@nvmsp καταβαίνω@vmaa2s ὁ@dans τάχος@nansc ἐντεῦθεν@b ὅτι@cs παρανομέω@viaa3s ὁ@dnms λαός@nnmsc σύ@rpgcs ὅς@rpamp ἐξάγω@viaa2s ἐκ@p γῆ@ngfsc αἴγυπτος@ngfsp παραβαίνω@viaa3p ταχύς@b ἐκ@p ὁ@dgfs ὁδός@ngfsc ὅς@rpgfs ἐντέλλω@viam2s αὐτός@rpdmp καί@cs ποιέω@viaa3p ἑαυτοῦ@rpdmp χώνευμα@nansc"
"Deut_9.13","καί@b λέγω@viaa3s κύριος@nnmsp πρός@p ἐγώ@rpams φθέγγομαι@nnfsp πρός@p σύ@rpams ἅπαξ@b καί@cs δίς@b λέγω3@vppanms ὁράω@namsp ὁ@dams λαός@namsc οὗτος@anams- ἰδού@b λαός@nnmsc σκληροτράχηλός@annms- εἰμί@vipa3s"
"Deut_9.14","καί@b νῦν@b ἐάω@vmaa2s ἐγώ@rpacs ἐξολεθρεύω@vnaa-- αὐτός@rpamp καί@cs ἐξαλείφω@vifa1s ὁ@dans ὄνομα@nansc αὐτός@rpgmp ὑποκάτωθεν@p ὁ@dgms οὐρανός@ngmsc καί@cs ποιέω@vifa1s σύ@rpacs εἰς@p ἔθνος@nansc μέγας@anans- καί@cs ἰσχυρός@anans- καί@cs πολύς@anans- μᾶλλον@b ἤ1@cs οὗτος@rpans"
"Deut_9.15","καί@b ἐπιστρέφω@vpaanms καταβαίνω@viap1s ἐκ@p ὁ@dgns ὄρος@ngnsc καί@dnns ὄρος@nnnsc καίω@viie3s πῦρ@ndnsc ἕως@p ὁ@dgms οὐρανός@ngmsc καί@cs ὁ@dnfp δύο@ πλάξ@nnfpc ἐπί@p ὁ@ddfp δύο@ χείρ@ndfpc ἐγώ@rpgcs"
"Deut_9.16","καί@b εἶδον@vpaanms ὅτι@cs ἁμαρτάνω@viia2p ἐναντίον@p κύριος@ngmsc ὁ@dgms θεός@ngmsc σύ@rpgcp καί@b ποιέω@viaa2p σύ@rpdmp ἑαυτοῦ@rpdmp χωνευτός@nansc καί@b παραβαίνω@viaa2p ἀπό@p ὁ@dgfs ὁδός@ngfsc ὅς@rpgfs ἐντέλλομαι@viam3s σύ@rpdmp κύριος@nnmsp"
"Deut_9.17","καί@b ἐπιλαμβάνω@vpamnms ὁ@dgfp δύο@ πλοκή@ngfpc ῥίπτω@viaa1s αὐτός@rpafp ἀπό@p ὁ@dgfp δύο@an---- χείρ@ngfpc ἐγώ@rpgcs καί@cs συντρίβω@viaa1s ἐναντίον@p σύ@rpg-p"
"Deut_9.18","καί@b δέω2@viap1s ἐναντίον@b κύριος@ngmsp δεύτερος@anans- καθά@cs καί@b ὁ@dans πρότερος@anans- τεσσεράκοντα@ ὁ@dnfs ἐγώ@rpacs ῥᾶ@nafpc καί@cs τεσσεράκοντα@ νύξ@nafpc ἄρτος@namsc οὐ@b ἐσθίω@viaa3p καί@cs ὕδωρ@nansc οὐ@b πίνω@viaa3p περί@p πᾶς@angfp- ὁ@dgfp σύ@rpgfp οὖν@rpgfp ἁμαρτάνω@viia2p ποιέω@vnaa-- ὁ@dans πονηρός@anans- ἐναντίον@p κύριος@ngmsc ὁ@dgns παροξύνω@vnaa-- αὐτός@rpams"
"Deut_9.19","καί@b ἔκφοβος@annms- εἰμί@vipa1s διά@p ὁ@dafs ὀργή@nafsc καί@cs ὁ@dams θυμός@namsc ὅτι@cs παροξύνω@viap3s κύριος@nnmsp ἐπί@p ’@p σύ@rpdmp ἐξολεθρεύω@vnaa-- σύ@rpamp καί@b εἰσακούω@viaa3s κύριος@nnmsc ἐγώ@rpgms καί@b ἐν@p ὁ@ddms καιρός@ndmsc οὗτος@andms-"
"Deut_9.20","καί@b ἐπί@p ἀαρών@nafsp θυμόω@viap3s ἐξολεθρεύω@vnaa-- αὐτός@rpams καί@cs εὔχομαι@viam1s καί@b περί@p ἀαρών@nnfsp ἐν@p ὁ@ddms καιρός@ndmsc ἐκεῖνος@andms-"
"Deut_9.21","καί@b ὁ@dafs ἁμαρτία@nafsc σύ@rpgcp ἐάν@cs ποιέω@viaa2p ὁ@dams μόσχος@namsc λαμβάνω@viaa1s αὐτός@rpams καί@cs κατακαίω@viaa1s αὐτός@rpams ἐν@p πῦρ@ndnsc καί@cs συγκόπτω@viaa1s αὐτός@rpams καταλέγω@vpaanms σφόδρα@b ἕως@cs γίγνομαι@viam3s λεπτός@annns- καί@b γίγνομαι@viam3s ὡσεί@b κονιορτός@annms- καί@cs ῥίπτω@viaa1s ὁ@dams κονιορτός@namsc εἰς@p ὁ@dams χειμάρρους@namsc ὁ@dams καταβαίνω@vppaams ἐκ@p ὁ@dgns ὄρος@ngnsc"
"Deut_9.22","καί@b ἐν@p τῷ@ddms ἐνπυρισμός@ndmsp καί@b ἐν@p ὁ@ddms πειρασμός@ndmsp καί@cs ἐν@p ὁ@ddnp μνῆμα@ndnpp ὁ@dgfs ἐπιθυμία@nanpc παροξύνω@vppanmp εἰμί@viia2p κύριος@namsc"
"Deut_9.23","καί@b ὅτε@b ἐξαποστέλλω@viaa3s κύριος@nnmsp σύ@rpamp ἐκ@p καδής@ngfsp βαρνή@nnfsp λέγω3@vppanms ἀναβαίνω@nvmsp καί@cs κληρονομέω@vmaa2p ὁ@dafs γῆ@nafsc ἐάν@cs δίδωμι@vspa1s σύ@rpdmp καί@cs ἀπειθέω@viaa2p ὁ@ddns ῥῆμα@ndnsc κύριος@ngmsc ὁ@dgms θεός@ngmsc σύ@rpgcp καί@cs οὐ@b ἐπί@p στήθω@vmaa2p αὐτός@rpdms καί@cs οὐ@b εἰσακούω@viaa2p ὁ@dgfs φωνή@ngfsc αὐτός@rpgms"
"Deut_9.24","ἀπειθέω@vppanmp εἰμί@viia2p ὁ@danp πρός@p κύριος@namsc ἀπό@p ὁ@dgfs ἡμέρα@ngfsc ὅς@rpgfs γιγνώσκω@viap3s σύ@rpdmp"
"Deut_9.25","καί@b δέω2@viap1s ἐναντίος@annmp- κύριος@ngmsp τεσσεράκοντα@an---- ἡμέρα@nafpc καί@cs τεσσεράκοντα@ νύξ@nafpc ὅσος@anafp- δέω2@viap1s λέγω@viaa3s γάρ@b κύριος@nnmsc ἐξολεθρεύω@vnaa-- σύ@rpamp"
"Deut_9.26","καί@b εὔχομαι@viam1s πρός@p ὁ@dams θεός@namsc καί@cs λέγω@viaa1s κύριος@nvmsp βασιλεύς@nvmsc ὁ@dgmp θεός@ngmpc μή@b ἐξολεθρεύω@vsaa2s ὁ@dams λαός@namsc σύ@rpgms καί@cs ὁ@dafs μερίς@nafsc σύ@rpgms ὅς@rpafs λυτρωσάω@vsaa1s ὅς@rpamp ἐξάγω@viaa2s ἐκ@p γῆ@ngfsc αἴγυπτος@ngfsp ἐν@p ὁ@ddfs ἰσχύς@ndfsc σύ@rpgcs ὁ@ddfs μέγας@andfs- καί@b ἐν@p ὁ@ddfs χείρ@ndfsc σύ@rpgcs ὁ@ddfs κραταιός@andfs- καί@cs ἐν@p ὁ@ddns βραχίων@ndmsc σύ@rpgcs ὁ@ddns ὑψηλός@andns-"
"Deut_9.27","μιμνήσκω@vmap2s ἀβραάμ@ngmsp καί@cs ἀβραάμ@nnmsp καί@cs ἰακὼβ@ndmsp ὁ@dgmp θεράπων@ngmpc σύ@rpgcs ὅς@rpdmp ὄμνυμι@viaa2s κατά@p σεαυτοῦ@rpgms μή@b ἐπιβλέπω@vsaa2s ἐπί@p ὁ@dafs σκληρότης@nafsc ὁ@dgms λαός@ngmsc οὗτος@angms- καί@b ὁ@danp ἀσέβημα@nanpc καί@cs ὁ@danp ἁμάρτημα@nanpc αὐτός@rpgmp"
"Deut_9.28","μή@b εἶπον@vsaa3p ὁ@dnmp κατοικέω@vppanmp ὁ@dafs γῆ@nafsc ὅθεν@b ἐξάγω@viaa2s ἐγώ@rpamp ἐκεῖθεν@b λέγω3@vppanmp παρά@p ὁ@dans μή@b δύναμαι@vnpe-- κύριος@namsc εἰσάγω@vnaa-- αὐτός@rpamp εἰς@p ὁ@dafs γῆ@nafsc ὅς@rpafs λέγω@viaa3s αὐτός@rpdmp καί@b παρά@p ὁ@dans μισέω@vnaa-- αὐτός@rpamp ἐξάγω@viaa3s αὐτός@rpamp ἐν@p τῆ@ddns ἐρῆμος@andns- ἀποκτείνω@vnaa-- αὐτός@rpamp"
"Deut_9.29","καί@b οὗτος@rpnmp λαός@nnmsc σύ@rpgcs καί@cs κλῆρος@nnmsc σύ@rpgcs ὅς@rpamp ἐξάγω@viaa2s ἐκ@p γῆ@ngfsc αἴγυπτος@ngfsp ἐν@p τῆ@ddfs ἰσχύς@ndfsc σύ@rpgcs ὁ@ddfs μέγας@andfs- καί@b ἐν@p ὁ@ddfs χείρ@ndfsc σύ@rpgcs ὁ@ddfs κραταιός@andfs- καί@cs ἐν@p ὁ@ddns βραχίων@andns- σύ@rpgcs ὁ@ddns ὑψηλός@andns-"
"Deut_10.1","ἐν@p ἐκεῖνος@rpdms ὁ@ddms καιρός@ndmsc λέγω@viaa3s κύριος@nnmsc πρός@p ἐγώ@rpacs ἀξεύω@vmaa2s σεαυτοῦ@rpdms δύο@ πλάξ@nafpc λίθινος@anafp- ὥσπερ@cs ὁ@dafp πρῶτος@anafp- καί@cs ἀναβαίνω@vmaa2s πρός@p ἐγώ@rpacs εἰς@p ὁ@dans ὄρος@nansc καί@cs ποιέω@vifa2s σεαυτοῦ@rpdms κιβωτός@nafsc ξύλινος@anafs-"
"Deut_10.2","καί@b γράφω@vifa2s ἐπί@p ὁ@dafp πλάξ@nafpc ὁ@danp ῥῆμα@nanpc ὅς@rpnnp εἰμί@viia3s ἐν@p ὁ@ddfp πλάξ@ndfpc ὁ@ddfp πρῶτος@andfp- ὅς@rpafp συντρίβω@viaa2s καί@cs ἐμβάλλω@vifa2s αὐτός@rpanp εἰς@p ὁ@dafs κιβωτός@nafsc"
"Deut_10.3","καί@b ἐπιστρέφω@vpaanms καταβαίνω@viaa1s ἐκ@p ξύλον@ngnpc ἄσπαστος@angnp- καί@cs ἐλαχέω@viaa1s ὁ@dafp πλάξ@nafpc λίθινος@anafp- ὡς@cs ὁ@dnfp πρῶτος@annfp- καί@cs ἀναβαίνω@viaa1s εἰς@p ὁ@dans ὄρος@nansc καί@cs ὁ@dnfp δύο@ πλάξ@nnfpc ἐπί@p ὁ@ddfp χείρ@ndfpc ἐγώ@rpgcs"
"Deut_10.4","καί@b γράφω@viaa3s ἐπί@p ὁ@dafp πλάξ@nafpc κατά@p ὁ@dafs γραφή@nafsc ὁ@dafs πρῶτος@anafs- ὁ@damp δέκα@an---- λόγος@nampc ὅς@rpamp λαλέω@viaa3s κύριος@nnmsc πρός@p σύ@rpamp ἐν@p ὁ@ddns ὄρος@ndnsc ἐκ@p μέσος@angns- ὁ@dgns πῦρ@ngnsc καί@cs δίδωμι@viaa3s αὐτός@rpafp κύριος@nnmsc ἐγώ@rpdms"
"Deut_10.5","καί@b ἐπιστρέφω@vpaanms καταβαίνω@viaa1s ἐκ@p ὁ@dgns ὄρος@ngnsc καί@b ἐμβάλλω@viaa3p ὁ@dafp πλάξ@nafpc εἰς@p ὁ@dafs κιβωτός@nafsc ὅς@rpafs ποιέω@viaa1s καί@cs εἰμί@viia3p ἐκεῖ@b καθά@cs ἐντέλλομαι@viam3s ἐγώ@rpdms κύριος@nnmsp"
"Deut_10.6","καί@b ὁ@dnmp υἱός@nnmpc ἰσραήλ@ngmsp ἀπαίρω@viaa3p ἐκ@p βηρώθ@ngmpp υἱός@ngmpc ἰακεὶμ@ndmsp μεισαδαί@nnmpp ἐκεῖ@b ἀποθνῄσκω@viaa3s ἀαρών@nnmsp καί@cs θάπτω@viap3s ἐκεῖ@b καί@cs ἱερεύω@viaa3s ἐλεαζὰρ@nnmsp υἱός@nnmsc αὐτός@rpgms ἀντί@p αὐτός@rpgms"
"Deut_10.7","ἐκεῖθεν@b θεν@b ἀπαίρω@viaa3p εἰς@p γαδδ@nafsp καί@cs ἀπό@p γαδγὰδ@b εἰς@p ταιβάθα@nafsp γῆ@nnfsc χείμαρρος@annfs- ὕδωρ@ngnpc"
"Deut_10.8","ἐν@p ἐκεῖνος@andms- ὁ@ddms καιρός@ndmsc διαστέλλω@viaa3s κύριος@nnmsp ὁ@dafs φυλή@nafsc ὁ@dafs λευεί@nafsp αἴρω@vnpa-- ὁ@dafs κιβωτός@anafs- ὁ@dgfs διαθήκη@ngfsc κύριος@ngmsp παρίστημι@vnra-- ἔναντι@p κύριος@ngmsc λειτουργέω@vnpa-- καί@cs ἐπεύχομαι@vnpe-- ἐπί@p ὁ@ddns ὄνομα@ndnsc αὐτός@rpgms ἕως@p ὁ@dgfs ἡμέρα@ngfsc οὗτος@angfs-"
"Deut_10.9","διά@p οὗτος@rpans οὐ@b εἰμί@vipa3s ὁ@ddmp λευίτης@ndmpp μερίς@nnfsc καί@cs κλῆρος@nnmsc ἐν@p ὁ@ddmp ἀδελφός@ndmpc αὐτός@rpgmp κύνριος@nnmsp αὐτός@rpnms κλῆρος@nnmsc αὐτός@rpgms καθότι@cs λέγω@viaa3s αὐτός@rpdms"
"Deut_10.10","καί@b ἐγώ@rpnms ἵστημι@vila1s ἐν@p ὁ@ddns ὄρος@ndnsc τεσσεράκοντα@an---- ἡμέρα@nafpc καί@b τεσσεράκοντα@an---- νύξ@nafpc καί@b ἀκούω@viaa3s κύριος@nnmsp ἐγώ@rpgms καί@b ἐν@p ὁ@ddms καιρός@ndmsc οὗτος@andms- καί@cs οὐ@b ἐθέλω@viaa3s κύριος@nnmsc ἐξολεθρεύω@vnaa-- σύ@rpamp"
"Deut_10.11","καί@b λέγω@viaa3s κύριος@nnmsc πρός@p ἐγώ@rpacs βαδίζω@vmpa2s ἄπαρος@anams- ἐναντίον@b ὁ@dgms λαός@ngmsc οὗτος@angms- καί@cs εἰσπορεύω@vmpe3p καί@cs κληρονομέω@vmpa3p ὁ@dafs γῆ@nafsc ὅς@rpafs ὄμνυμι@viaa1s ὁ@ddmp πατήρ@ndmpc αὐτός@rpgmp δίδωμι@vnaa-- αὐτός@rpdmp"
"Deut_10.12","καί@b νῦν@b ἰσραήλ@nvmsp τίς@rpans κύριος@nnmsp ὁ@dnms θεός@nnmsc σύ@rpgms αἰτέω@vipe3s παρά@p σύ@rpgms ἀλλά@b ἤ1@cs φοβέω@vnpe-- κύριος@namsc ὁ@dams θεός@namsc σύ@rpgcs καί@b πορεύω@vnpe-- ἐν@p πά@b σός@andfp- ὁ@ddfp ὁδός@ndfpc αὐτός@rpgms καί@b ἀγαπάω@vppanms αὐτός@rpams καί@cs λατρεύω@vipe2s τῷ@dgms θεός@namsc σύ@rpgcs ἐκ@p ὅλος@angfs- ὁ@dgfs καρδία@ngfsc σύ@rpgms καί@cs ἐκ@p ὅλος@angfs- ὁ@dgfs"
"Deut_10.13","φυλάσσω@vnpe-- ὁ@dafp ἐντολή@nafpc κύριος@ngmsc ὁ@dgms θεός@ngmsc σύ@rpgcs καί@cs ὁ@danp δικαίωμα@nanpc αὐτός@rpgms ὅσος@ananp- ἐγώ@rpnms ἐντέλλομαι@vipe1s σύ@rpdms σήμερον@b ἵνα@cs εὖ@b σύ@rpdms εἰμί@vspa3s"
"Deut_10.14","ἰδού@i κύριος@ngmsc ὁ@dgms θεός@ngmsc σύ@rpgcs ὁ@dnms οὐρανός@nnmsc καί@cs ὁ@dnms οὐρανός@nnmsc ὁ@dgms οὐρανός@ngmsc ὁ@dnfs γῆ@nnfsc καί@cs πᾶς@annnp- ὅσος@rpnnp εἰμί@vipa3s ἐν@p αὐτός@rpdfs"
"Deut_10.15","πλήν@b πλήν@p ὁ@damp πατήρ@nampc σύ@rpgmp προαιρέω@viam3s κύριος@nnmsc ἀγαπάω@vppanms αὐτός@rpamp καί@cs ἐκλέγω@viam3s ὁ@dans σπέρμα@nansc αὐτός@rpgmp μετά@p αὐτός@rpamp σύ@rpamp παρά@p πᾶς@ananp- ὁ@danp ἔθνος@nanpc κατά@p ὁ@dafs ἡμέρα@nafsc οὗτος@anafs-"
"Deut_10.16","καί@b περιτέμνω@vifm2p ὁ@dafs σκληροκαρδία@nafsc σύ@rpgcp καί@cs ὁ@dams τράχηλος@namsc σύ@rpgcp οὐ@b σκληρύνω@vifa2p"
"Deut_10.17","ὁ@dnms γάρ@b κύριος@nnmsc ὁ@dnms θεός@nnmsc σύ@rpgmp οὗτος@rpnms θεός@nnmsc ὁ@dgmp θεός@ngmpc καί@cs κύριος@annms- ὁ@dgmp κύριος@ngmpc ὁ@dnms θεός@nnmsc ὁ@dnms μέγας@annms- καί@b ἰσχυρός@annms- καί@cs ὁ@dnms φοβερός@annms- ὅστις@rpnms οὐ@b θαυμάζω@vipa3s πρόσωπον@nansc οὐ@b δέ@cs οὐ@b μή@b λαμβάνω@vsaa3s δῶρον@nansc"
"Deut_10.18","ποιέω@vppanms κρίσις@nafsc προσήλυτος@andms- καί@cs ὀρφανός@andns- καί@cs χήρ@ndmsc καί@b ἀγαπάω@vipa3s ὁ@dams προσήλυτος@anams- δίδωμι@vnaa-- αὐτός@rpdms ἄρτος@namsc καί@cs ἱμάτιον@nansc"
"Deut_10.19","καί@b ἀγαπάω@vifa2p ὁ@dams προσήλυτος@anams- προσήλυτος@viaa3s γάρ@x εἰμί@viia2p ἐν@p γῆ@ndfsc αἴγυπτος@ndfsp"
"Deut_10.20","κύριος@namsp ὁ@dams σύ@rpgcs φοβέω@vife2s καί@cs αὐτός@rpdms λατρεύω@vifa2s καί@cs πρός@p αὐτός@rpams κόλλα@vifa2s καί@b ὁ@ddns ὄνομα@ndnsc αὐτός@rpgms ὄμνυμι@andfs-"
"Deut_10.21","οὗτος@rpnms καῦμα@nnnsc σύ@rpgms καί@b οὗτος@rpnms σύ@rpgms ὅστις@rpnms ποιέω@viaa3s ἐν@p σύ@rpdms ὁ@danp μέγας@ananp- καί@cs ὁ@danp ἔνδοξος@ananp- οὗτος@rpanp ὅς@rpanp εἶδον@viaa3p ὁ@dnmp ὀφθαλμός@nnmpc σύ@rpgms"
"Deut_10.22","ἐν@p ἑβδομήκοντα@an---- ψυχή@ndfpc καταβαίνω@viaa3p ὁ@dnmp σύ@rpgms εἰς@p αἴγυπτος@nafsp νυνί@b δέ@cs ποιέω@viaa3s σύ@rpams κύριος@nnmsc ὁ@dnms θεός@nnmsc σύ@rpgcs ὡσεί@cs ὁ@dnnp ἄστρον@nnnpc ὁ@dgms οὐρανός@ngmsc ὁ@ddns πλῆθος@ndnsc"
"Deut_11.1","καί@cs ἀγαπάω@vifa2s κύριος@namsc ὁ@dams θεός@namsc σύ@rpgcs καί@cs φυλάσσω@vifm2s ὁ@danp φυλάγμα@nanpc αὐτός@rpgms καί@b ὁ@danp δικαίωμα@nanpc αὐτός@rpgms καί@cs ὁ@dafp κρίσις@nnfpc αὐτός@rpgms πᾶς@anafp- ὁ@dafp ἡμέρα@nafpc"
"Deut_11.2","καί@b καί@b γιγνώσκω@vifm2p σήμερον@b ὅτι@cs οὐ@b ὁ@dnnp παιδίον@nnnpc σύ@rpgmp ὅσος@annmp- οὐ@b οἶδα@vira3p οὐ@b δέ@b εἶδον@viaa3p ὁ@dafs παίδιον@nafsc κύριος@ngmsc ὁ@dgms θεός@ngmsc σύ@rpgms καί@b ὁ@danp μεγαλεῖον@nanpc αὐτός@rpgms καί@b ὁ@dafs χείρ@nafsc ὁ@dafs κραταιός@anafs- καί@b ὁ@dams βραχίων@namsc ὁ@dams ὑψηλός@anams-"
"Deut_11.3","καί@b ὁ@danp σημεῖον@nanpc αὐτός@rpgms καί@b ὁ@danp τέρας@nanpc αὐτός@rpgms ὅσος@ananp- ποιέω@viaa3s ἐν@p μέσος@andms- αἴγυπτος@ngfsp φαραώ@nnmsp βασιλεύς@ndmsc αἴγυπτος@ngfsp καί@b πᾶς@annfs- τῆ@ddfs γῆ@ndfsc αὐτός@rpgms"
"Deut_11.4","καί@cs ὅσος@ananp- ποιέω@viaa3s ὁ@dafs δύναμις@nafsc ὁ@dgmp αἰγύπτιος@ngmpp ὁ@danp ἅρμα@nanpc αὐτός@rpgmp καί@b ὁ@dafs ἵππος@namsc αὐτός@rpgmp καί@cs ὁ@dafs δύναμις@nafsc αὐτός@rpgmp ὡς@cs ἐπικλύω@viaa3s ὁ@dans ὕδωρ@nansc ὁ@dgfs θάλασσα@ngfsc ὁ@dgfs ἐρυθραί@angfs- ἐπί@p πρόσωπον@ngnsc αὐτός@rpgmp καταδιώκω@vppagmp αὐτός@rpgmp ἐκ@p ὁ@dgmp ὀπίσω@b σύ@rpgmp καί@cs ἀπόλλυμι@viaa3s αὐτός@rpamp κύριος@nnmsc ἕως@p ὁ@dgfs σήμερον@b ἡμέρα@ngfsc"
"Deut_11.5","καί@b ὅσος@ananp- ποιέω@viaa3s ἐγώ@rpdmp ἐν@p ὁ@ddfs ἐρῆμος@andfs- ἕως@cs ἔρχομαι@viaa2p εἰς@p ὁ@dams τόπος@namsc οὗτος@anams-"
"Deut_11.6","καί@b ὅσος@ananp- ποιέω@viaa3s ὁ@ddms δαθὰν@ndmsp καί@cs ἀβειρών@ndmsp υἱός@ndmpc ἐλιάβ@ngmsp υἱός@ngmsc ῥουβήν@namsp ὅς@rpamp ἀνοίγνυμι@vpaanfs ὁ@dnfs γῆ@nnfsc ὁ@dans στόμα@nansc αὐτός@rpgfs καταπίνω@viaa3s αὐτός@rpamp καί@b ὁ@damp οἶκος@nampc αὐτός@rpgmp καί@b ὁ@dafp σκηνή@nafpc αὐτός@rpgmp καί@cs πᾶς@anafs- αὐτός@rpgmp ὁ@dafs ὑπόστασις@nafsc ὁ@dafs μετά@p αὐτός@rpgmp ἐν@p μέσος@andns- πᾶς@annms- ἰσραήλ@nnmsp"
"Deut_11.7","ὅτι@cs ὁ@dnmp ὀφθαλμός@nnmpc σύ@rpgmp ὁράω@viaa3p πᾶς@ananp- ὁ@danp ἔργον@nanpc κύριος@ngmsc ὅσος@ananp- ποιέω@viaa3s σύ@rpdmp σήμερον@b"
"Deut_11.8","καί@b φυλάσσω@vifm2p πᾶς@anafp- ὁ@dafp ἐντολή@nafpc αὐτός@rpgms ὅσος@anafp- ἐγώ@rpnms ἐντέλλομαι@vipe1s σύ@rpdms σήμερον@b ἵνα@cs ζάω@vspa2p καί@cs πολυπλασιασθέω@vspa2p καί@cs εἰσέρχομαι@vpaanmp κληρονομέω@vifa2p ὁ@dafs γῆ@nafsc εἰς@p ἐάν@cs σύ@rpnmp διαβαίνω@vifa2p ὁ@dams ἱορδάνης@namsp ἐκεῖ@b κληρονομέω@vnaa-- αὐτός@rpafs"
"Deut_11.9","ἵνα@cs μακροημερεύω@vsaa2p ἐπί@p ὁ@dgfs γῆ@ngfsc ὅς@rpgfs ὄμνυμι@viaa3s κύριος@nnmsc ὁ@ddmp πατήρ@ndmpc σύ@rpgmp δίδωμι@vnaa-- αὐτός@rpdmp καί@cs ὁ@ddns σπέρμα@ndnsc αὐτός@rpgmp μετά@p αὐτός@rpamp γῆ@nafsc ῥέω@vppaafs γάλα@nansc καί@cs μέλι@nansc"
"Deut_11.10","εἰμί@vipa3s γάρ@b ὁ@dnfs γῆ@nnfsc εἰς@p ἐάν@cs εἰσπορεύω@vspa3s ἐκεῖ@b κληρονομέω@vnaa-- οὐ@b ὁ@dafs οὐ@b ὥσπερ@cs γῆ@nnfsc αἴγυπτος@ngfsp εἰμί@vipa3s ὅθεν@b ἐκπορεύω@vifm2p ἐκεῖθεν@b ὅταν@cs σπείρω@vspa3p ὁ@dams σπόρος@namsc καί@cs ποτίζω@vspa3p ὁ@ddmp πούς@ndmpc αὐτός@rpgmp ὡσεί@b κῆπος@namsc λαχανία@ngfsc"
"Deut_11.11","ὁ@dnfs δέ@b γῆ@nnfsc εἰς@p ἐάν@cs εἰσπορεύω@vspa3s ἐκεῖ@b κληρονομέω@vnaa-- αὐτός@rpafs γῆ@nnfsc ὀρεινός@annfs- καί@cs πεδινός@annfs- ἐκ@p ὁ@dgms ὑετός@ngmsc ὁ@dgms οὐρανός@ngmsc πίνω@vifm3s ῦσωρ@nnnsc"
"Deut_11.12","γῆ@nnfsc ὅς@b κύριος@nnmsp ὁ@dnms θεός@nnmsc σύ@rpgcs ἐπισκοπέω@vipe3s αὐτός@rpafs διά@p πᾶς@angns- ὁ@dnmp ὀφθαλμός@nnmpc κύριος@ngmsp ὁ@dgms θεός@ngmsc σύ@rpgcs ἐπί@p αὐτός@rpgfs ἀπό@p ἀρχή@ngfsc ὁ@dgms ἐνιαυτός@ngmsc καί@cs ἕως@p συντέλεια@ngfsc ὁ@dgms ἐνιαυτός@ngmsc"
"Deut_11.13","ἐάν@cs δέ@b ἀκοή@ndfsc εἰσακούω@vsaa2p πᾶς@anafp- ὁ@dafp ἐντολή@nafpc ὅς@rpafp ἐγώ@rpnms ἐντέλλομαι@vipe1s σύ@rpdcs σήμερον@b ἀγαπάω@vppanms κύριος@namsc ὁ@dams θεός@namsc σύ@rpgcs καί@cs λατρεύω@vnpa-- αὐτός@rpdms ἐκ@p ὅλος@angfs- ὁ@dgfs καρδία@ngfsc σύ@rpgcs καί@cs ἐκ@p ὅλος@angfs- ὁ@dgfs ψυχή@ngfsc σύ@rpgcs"
"Deut_11.14","καί@cs δίδωμι@vifm2s ὁ@dams ὑετός@namsc ὁ@ddfs γῆ@ndfsc σύ@rpgcs κατά@p ὥρα@nafsc πρόμος@anams- καί@cs ὄψιμος@anams- καί@cs εἰσφέρω@vifa2s ὁ@dams σῖτος@namsc σύ@rpgcs καί@cs ὁ@dams οἶνος@namsc σύ@rpgcs καί@cs ὁ@dans ἔλαιον@nansc σύ@rpgcs"
"Deut_11.15","καί@b δίδωμι@vifa3s χόρτασμα@nanpc ἐν@p ὁ@ddmp ἀγρός@ndmpc σύ@rpgcs ὁ@ddnp κτῆνος@ndnpc σύ@rpgcs"
"Deut_11.16","καί@b ἐσθίω@vpaanms καί@cs ἐμπίπλημι@vpapnms προσέχω@vmpa2s σεαυτοῦ@rpdms μή@cs πλατύνω@vsap3s ὁ@dnfs καρδία@nnfsc σύ@rpgms καί@cs παρά@p βαίνω@vmaa2p καί@b λατρεύω@vsaa2p θεός@ndmpc ἕτερος@andmp- καί@cs προσκυνέω@vsaa2p αὐτός@rpdmp"
"Deut_11.17","καί@b θυμόω@vpapnms ὀργή@vipe2s κύριος@nnmsc ἐπί@p σύ@rpdmp καί@b συνέχω@vsaa3s ὁ@dams οὐρανός@namsc καί@b οὐ@b εἰμί@vifm3s ὁ@dnms ὑετός@nnmsc καί@b ὁ@dnfs γῆ@nnfsc οὐ@b δίδωμι@vifa3s ὁ@dams καρπός@namsc αὐτός@rpgfs καί@cs ἀπόλλυμι@vifm2p ἐν@p τάχος@ndnsc ἀπό@p ὁ@dgfs γῆ@ngfsc ὁ@dgfs ἀγαθός@angfs- ὅς@rpgfs δίδωμι@viaa3s ὁ@dnms κύριος@nnmsc σύ@rpdmp"
"Deut_11.18","καί@b ἐμβάλλω@vifa2p ὁ@danp ῥῆμα@nanpc οὗτος@ananp- εἰς@p ὁ@dafs καρδία@nafsc σύ@rpgcp καί@cs εἰς@p ὁ@dafs ψυχή@nafsc σύ@rpgcp καί@b ἀφάπτω@vifa2p αὐτός@rpanp εἰς@p σημεῖον@nansc ἐπί@p ὁ@dgfs χείρ@ngfsc σύ@rpgcp καί@cs εἰμί@vifm3s ἀσάλευτος@annns- πρό@p ὀφθαλμός@ngmpc σύ@rpgmp"
"Deut_11.19","καί@b διδάσκω@vifa2p αὐτός@ananp- ὁ@danp τέκνον@nanpc σύ@rpgcp λαλέω@vnpa-- ἐν@p αὐτός@rpdnp κάθημαι@vpamgms σύ@rpgcs ἐν@p οἶκος@ndmsc καί@cs πορεύω@vppegms σύ@rpgms ἐν@p ὁδός@ndfsc καί@b καθεύδω@vppagms σύ@rpgcs καί@cs διανίστημι@vppegms σύ@rpgcs"
"Deut_11.20","καί@b γράφω@vifa2p αὐτός@rpanp ἐπί@p ὁ@dafp φλιά@nafpc ὁ@dgfp οἰκία@ngfpc σύ@rpgcp καί@cs ὁ@dgfp πύλη@ngfpc σύ@rpgcp"
"Deut_11.21","ἵνα@cs μακροημερεύω@vsaa2p καί@cs ὁ@dnfp ἡμέρα@nnfpc ὁ@dgmp υἱός@ngmpc σύ@rpgcp ἐπί@p ὁ@dgfs γῆ@ngfsc ὅς@rpgfs ὄμνυμι@viaa3s κύριος@nnmsc ὁ@ddmp πατήρ@ndmpc σύ@rpgcp δίδωμι@vnaa-- αὐτός@rpdmp καθώς@b ὁ@dnfp ἡμέρα@nnfpc ὁ@dgms οὐρανός@ngmsc ἐπί@p ὁ@dgfs γῆ@ngfsc"
"Deut_11.22","καί@b εἰμί@vifm3s ἐάν@cs ἀκοή@ndfsc ἀκούω@vsaa2p πᾶς@anafp- ὁ@dafp ἐντολή@nafpc οὗτος@anafp- ὅσος@rpafp ἐγώ@rpnms ἐντέλλομαι@vipe1s σύ@rpdms σήμερον@b ποιέω@vnpa-- ἀγαπάω@vppanms τύριον@namsp ὁ@dams θεός@namsc ἐγώ@rpg-p καί@cs πορεύω@vnpe-- ἐν@p πᾶς@andfp- ὁ@ddfp ὁδός@ndfpc αὐτός@rpgms προσκολλάω@vnpe-- αὐτός@rpdms"
"Deut_11.23","καί@b ἐκβάλλω@vifa3s κύριος@nnmsc πᾶς@ananp- ὁ@danp ἔθνος@nanpc οὗτος@ananp- ἀπό@p πρόσωπον@ngnsc σύ@rpgmp καί@cs κληρονομέω@vifa2p ἔθνος@nanpc μέγας@ananp- καί@cs ἰσχυρός@ananp- μᾶλλον@b ἤ1@cs σύ@rpnmp"
"Deut_11.24","πᾶς@anams- ὁ@dams τόπος@namsc ὅς@b ἐάν@cs πατέω@vsaa3s ὁ@dans ἴχνος@nansc ὁ@dgms σύ@rpgmp σύ@rpdmp ἵστημι@vipa3s ἀπό@p ὁ@dgfs ἐρῆμος@ngfsc καί@cs ἀντιλιβάνος@ngfsp καί@b ἀπό@p ὁ@dgms ποταμός@ngmsc ὁ@dgms μέγας@angms- ποταμός@ngmsc εὐφράτης@ngmsp καί@cs ἕως@p ὁ@dgfs θάλασσα@ngfsc ὁ@dgfs ἐπί@p δυσμή@angfp- εἰμί@vifm3s ὁ@dnnp ὅριον@nnnpc σύ@rpgcs"
"Deut_11.25","οὐ@b ἀνθίστημι@vifm3s οὐδείς@rpnms κατά@p πρόσωπον@nansc σύ@rpgcp ὁ@dams τρόμος@namsc σύ@rpgmp καί@cs ὁ@dams φόβος@namsc σύ@rpgmp ἐπιτίθημι@vifa3s κύριος@nnmsc ὁ@dnms θεός@nnmsc σύ@rpgmp ἐπί@p πρόσωπον@nansc πᾶς@angfs- ὁ@dgfs γῆ@ngfsc ἐπί@p ὅς@rpgfs ἐάν@cs ἐπιβαίνω@vifa2p ἐπί@p ’@p αὐτός@rpgfs ὅς@anams- τρόπος@namsc λαλέω@viaa3s πρός@p σύ@rpamp"
"Deut_11.26","ιδού@ndmsc ἐγώ@rpncs δίδωμι@vipa1s ἐνώπιον@b σύ@rpgcp σήμερον@b ὁ@dafs εὐλογία@nafsc καί@cs ὁ@dafs κατάρα@nafsc"
"Deut_11.27","ὁ@dafs εὐλογία@nafsc ἐάν@cs ἀκούω@vsaa2p ὁ@dafp ἐντολή@nafpc κύριος@ngmsc ὁ@dgms θεός@ngmsc σύ@rpgcp ἐγώ@rpnms ἐντέλλομαι@vipe1s σύ@rpdmp σήμερον@b"
"Deut_11.28","καί@b ὁ@dnfp κατάρα@annfp- ἐάν@cs μή@b ἀκούω@vsaa2p ὁ@dafp ἐντολή@nafpc κύριος@ngmsc ὁ@dgms θεός@ngmsc σύ@rpgmp ὅσος@ananp- ἐγώ@rpnms ἐντέλλομαι@vipe1s σύ@rpdmp σήμερον@b καί@cs πλανάω@vsap2p ἀπό@p ὁ@dgfs ὁδός@ngfsc ὅς@rpgfs ἐντέλλομαι@viam1s σύ@rpdmp πορεύω@vpapnmp λατρεύω@vnpa-- θεός@ndmpc ἕτερος@andmp- ὅς@rpamp οὐ@b οἶδα@vira2p"
"Deut_11.29","καί@b εἰμί@vifm3s ὅταν@cs εἰσάγω@vsaa3s σύ@rpacs κύριος@nnmsc ὁ@dnms θεός@nnmsc σύ@rpgcs εἰς@p ὁ@dafs γῆ@nafsc εἰς@p ὅς@rpafs διαβαίνω@vipa2s ἐκεῖ@b κληρονομέω@vnaa-- αὐτός@rpafs καί@cs δίδωμι@vifa2s εὐλογία@nafsc ἐπί@p ὄρος@nansc γαριζείν@n---p καί@cs ὁ@dafs κατάρα@nafsc ἐπί@p ’@p ὄρος@nansc γαιβάλ@n---p"
"Deut_11.30","οὐ@b ἰδού@b οὗτος@rpanp πέραν@b ὁ@dgms ἰορδάνης@ngmsp ὀπίσω@p ὁδός@nafsc δυσμή@angmp- ἥλιος@ngmsc ἐν@p γῆ@nafsc χανάω@n--sp ὁ@dans κατοικέω@vppaans ἐπί@p δυσμή@ngfpc ἔχω@vppeans ὁ@dgms γολγόλ@ngmsp πλησίος@b ὁ@dgfs δρῦς@ngfsc ὁ@dgfs ὑψηλός@angfs-"
"Deut_11.31","σύ@rpnmp γάρ@b διαβαίνω@vipa2p ὁ@dams ἰορδάνης@namsp εἰσέρχομαι@vpaanmp κληρονομέω@vnaa-- ὁ@dafs γῆ@nafsc ἐάν@cs κύριος@nnmsc ὁ@dnms θεός@nnmsc σύ@rpgmp δίδωμι@vipa3s σύ@rpdmp ἐν@p κλῆρος@ndmsc πᾶς@anafp- ὁ@dafp ἡμέρα@nafpc καί@cs κατοικέω@vsaa2p ἐν@p αὐτός@rpdfs"
"Deut_11.32","καί@b φυλάσσω@vifm2p ὁ@dgns ποιέω@vnpa-- πᾶς@ananp- ὁ@danp πρόσταγμα@nanpc αὐτός@rpgms καί@cs ὁ@dafp κρίσις@nafpc οὗτος@anafp- ὅσος@anafp- ἐγώ@rpnms δίδωμι@vipa1s ἐνώπιον@b σύ@rpgmp σήμερον@b"
"Deut_12.1","καί@b οὗτος@rpnnp ὁ@dnnp πρόσταγμα@nanpc καί@cs ὁ@dnfp κρίσις@nnfpc ὅς@rpafp φυλάσσω@vifa2p ὁ@dgns ποιέω@vnpa-- ἐν@p ὁ@ddfs γῆ@ndfsc ἧ@rpanp κύριος@nnmsc ὁ@dnms θεός@nnmsc ὁ@dgmp πατήρ@ngmpc ἐγώ@rpgcp δίδωμι@vipa3s σύ@rpdcp ἐν@p κλῆρος@ndmsc πᾶς@anafp- ὁ@dafp ἡμέρα@nafpc ὅς@rpafp σύ@rpnmp ζάω@vspa2p ἐπί@p ὁ@dgfs γῆ@ngfsc"
"Deut_12.2","ἀπώλεια@ndfsc ἀπόλλυμι@vifa2p πᾶς@anamp- ὁ@damp τόπος@nampc ἐν@p ὅς@rpdmp λατρεύω@viaa3p ἐκεῖ@b ὁ@ddmp θεός@ndmpc αὐτός@rpgmp ὅς@rpamp σύ@rpnmp κληρονομέω@vipa2p αὐτός@rpamp ἐπί@p ὁ@dgnp ὄρος@ngnpc ὁ@dgnp ὑψηλός@angnp- καί@b ἐπί@p ὁ@dgnp θίς@angnp- καί@cs ὑποκάτω@p δένδρον@ngnsc δασύς@ngfsc"
"Deut_12.3","καί@b κατασκάπτω@vmaa2p ὁ@damp βωμός@nampc αὐτός@rpgmp καί@cs συντρίβω@vmaa2p ὁ@dafp στήλη@nafpc αὐτός@rpgmp καί@cs ὁ@danp ἄλσος@nanpc αὐτός@rpgmp ἐκκόπτω@vmaa2p καί@cs ὁ@danp γλυπτός@ananp- ὁ@dgmp θεός@ngmpc αὐτός@rpgmp κατακούω@vmaa2p πῦρ@ndnsc καί@b ἀπόλλυμι@vifm3s ὁ@dnns ὄνομα@nnnsc αὐτός@rpgmp ἐκ@p ὁ@dgms τόπος@ngmsc ἐκεῖνος@angms-"
"Deut_12.4","οὐ@b ποιέω@vifa2p οὕτως@b κύριος@ndmsc ὁ@ddms θεός@ndmsc σύ@rpgcp"
"Deut_12.5","ἀλλά@b ἤ1@b εἰς@p ὁ@dams τόπος@namsc ὅς@rpams ἀνά@p ἐκλέγω3@vsam3s κύριος@nnmsp ὁ@dnms θεός@nnmsc σύ@rpgcs ἐν@p εἷς@ ὁ@dgfp πόλις@ngfpc σύ@rpgfp προσαγορεύω@vnaa-- ὁ@dans ὄνομα@nansc αὐτός@rpgms ἐκεῖ@b ἐπικαλέω@vnap-- καί@cs ἐκζητέω@vmaa2p ἐκεῖ@b"
"Deut_12.6","καί@b φέρω@vifa2p ὁ@danp ὁλοκαύτωμα@nanpc σύ@rpgcp καί@b ὁ@dafp ὁμολογία@nafpc σύ@rpgcp ὁ@danp πρωτότοκος@ananp- ὁ@dgmp βοῦς@ngfpc σύ@rpgcp καί@b ὁ@dgnp πρόβατον@ngnpc σύ@rpgcp"
"Deut_12.7","καί@b ἐσθίω@vifm2p ἐκεῖ@b ἐναντίον@p κύριος@ngmsc ὁ@dgms θεός@ngmsc σύ@rpgcp καί@cs εὐφραίνω@vifp2p ἐπί@p πᾶς@andnp- ὅς@b ἄν@b ὁ@dafs χείρ@nafsc ἐπιβάλλω@vsaa2p σύ@rpnmp καί@cs ὁ@dnmp οἶκος@nnmpc σύ@rpgcp καθότι@cs εὐλογέω@viaa3s σύ@rpacs κύριος@nnmsp ὁ@dnms θεός@nnmsc σύ@rpgcs"
"Deut_12.8","οὐ@b ποιέω@vifa2p πᾶς@ananp- ὅς@rpanp ἐγώ@rpncp ποιέω@vipa1p ὧδε@b σήμερον@b ἕκαστος@annms- ὁ@dans ἀρεστός@anans- ἐνώπιον@b αὐτός@rpgms"
"Deut_12.9","οὐ@b γάρ@b ἧμαι@vira2p ἕως@p ὁ@dgns νῦν@b εἰς@p ὁ@dafs κατάπαυσις@nafsc καί@cs εἰς@p ὁ@dafs κληρονομία@nafsc ὅς@rpafs κύριος@nnmsp ὁ@dnms θεός@nnmsc ἐγώ@rpgmp δίδωμι@vipa3s σύ@rpdmp"
"Deut_12.10","καί@b διαβαίνω@vifm2p ὁ@dams ἰορδάνης@namsp καί@b κατοικέω@vsaa2p ἐπί@p ὁ@dgfs γῆ@ngfsc ὅς@rpgfs κύριος@nnmsc ὁ@dnms θεός@nnmsc ἐγώ@rpgmp κατακληρονομέω@vipa3s σύ@rpdmp καί@b καταπαύω@vifm2s σύ@rpamp ἀπό@p πᾶς@angmp- ὁ@dgmp ἐχθρός@ngmpc σύ@rpgmp ὁ@dgmp κύκλος@ndmsc καί@cs κατοικέω@vsaa2p μετά@p ἀσφαλίας@ngfsc"
"Deut_12.11","καί@b εἰμί@vifm3s ὁ@dnms τόπος@nnmsc ὅς@rpams ἄν@b ἐκλέγω3@vsam3s κύριος@nnmsc ὁ@dnms θεός@nnmsc σύ@anams- ἐπικαλέω@vnap-- ὁ@dans ὄνομα@nansc αὐτός@rpgms ἐκεῖ@b φέρω@vifa2p πᾶς@ananp- ὅσος@ananp- ἐγώ@rpnms ἐντέλλομαι@vipe1s σύ@rpdmp σήμερον@b ὁ@danp ὁλοκαύτωμα@nanpc σύ@rpgcp καί@b ὁ@danp θῦμα@nanpc σύ@rpgmp καί@b ὁ@danp ἐπιδέκατα@nanpc σύ@rpgmp καί@b ὁ@dafp ἀπαρχή@nafpc ὁ@dgfp χείρ@ngfpc σύ@rpgmp καί@cs πᾶς@anans- ἐκλεκτός@anans- ὁ@dgnp δῶρον@ngnpc σύ@rpgmp ὅσος@ananp- ἐάν@b εὔχομαι@vsaa2p ὁ@ddms θεός@ndmsc ἐάω@vspa3s"
"Deut_12.12","καί@b εὐφραίνω@vifm2p ἐναντίον@p κύριος@ngmsc ὁ@dgms θεός@ngmsc σύ@rpgmp σύ@rpnmp καί@b ὁ@dnmp υἱός@nnmpc σύ@rpgcp καί@b ὁ@dnfp θυγάτηρ@nnfpc σύ@rpgcp ὁ@dnmp παῖς@nncpc σύ@rpgcp καί@cs ὁ@dnfp παιδίσκη@nnfpc σύ@rpgcp καί@cs ὁ@dnms λευίτης@nnmsp ὁ@dnms ἐπί@p ὁ@dgfp πύλη@ngfpc σύ@rpgmp ὅτι@cs οὐ@b εἰμί@vipa3s αὐτός@rpdms μερίς@nnfsc οὐ@b δέ@cs κλῆρος@nnmsc μετά@p σύ@rpgmp"
"Deut_12.13","προσέχω@vmpa2s σεαυτοῦ@rpdms μή@cs ἀναφέρω@vsaa2s ὁ@danp ὁλοκαύτωμα@nanpc σύ@rpgcs ἐν@p πᾶς@andms- τόπος@ndmsc ὅς@b ἐάν@b εἶδον@vsaa2s"
"Deut_12.14","ἀλλά@cs ἤ1@cs εἰς@p ὁ@dams τόπος@namsc ὅς@rpams ἀνά@p ἐκλέγω3@vsam3s κύριος@nnmsc ὁ@dnms θεός@nnmsc σύ@rpgcs αὐτός@rpams ἐν@p εἷς@ ὁ@dgfp φυλή@ngfpc σύ@rpgcs ἐκεῖ@b ἀναφέρω@vifa2s ὁ@danp ὁλοκαύτωμα@nanpc σύ@rpgcp καί@cs ἐκεῖ@b ποιέω@vifa2s πᾶς@ananp- ὅσος@ananp- ἐγώ@rpnms ἐντέλλομαι@vipe1s σύ@rpdms σήμερον@b"
"Deut_12.15","ἀλλά@b ἤ1@cs ἐν@p πᾶς@andfs- ἐπιθυμία@ndfsc σύ@rpgcs θύω@vifa2s καί@cs ἐσθίω@vifm2s κρέας@nanpc κατά@p ὁ@dafs εὐλογία@nafsc κύριος@ngmsc ὁ@dgms θεός@ngmsc σύ@rpgcs ἐάν@cs δίδωμι@viaa3s σύ@rpdcs ἐν@p πᾶς@andfs- πόλις@ndfsc ὁ@dnms ἀκάθαρτος@annms- ἐν@p σύ@rpdcs καί@ ὁ@dnms καθαρός@annms- ἐπί@p ὁ@dans αὐτός@rpans ἐσθίω@vipe3s αὐτός@rpans ὡς@cs δορκάς@nafsc ἤ1@cs ἔλαφος@namsc"
"Deut_12.16","πλήν@cs ὁ@dans αἷμα@nansc οὐ@b ἐσθίω@vifm2p ἐπί@p ὁ@dafs γῆ@nafsc ἐκχέω@vmpa2p αὐτός@rpans ὡς@cs ὕδωρ@nansc"
"Deut_12.17","οὐ@b δύναμαι@vifm2s ἐσθίω@vnaa-- ἐν@p ὁ@ddfp πόλις@ndfpc σύ@rpgcs ὁ@dans ἐπιδέκατον@anans- ὁ@dgms σῖτος@ngmsc σύ@rpgcs καί@cs ὁ@dgms οἶνος@ngmsc σύ@rpgcs καί@cs ὁ@dgns ἔλαιον@ngnsc σύ@rpgcs ὁ@danp πρωτότοκος@ananp- ὁ@dgfp βοῦς@ngfpc σύ@rpgcs καί@cs πᾶς@anafp- εὐχή@nafpc ὅσος@rpafp ἄν@b εὔχομαι@vspe2p καί@cs ὁ@dafp ὁμολογία@nafpc σύ@rpgcp καί@cs ὁ@dafp ἀπαρχή@nafpc ὁ@dgfp χείρ@ngfpc σύ@rpgcs"
"Deut_12.18","ἀλλά@cs ἤ1@cs ἐναντίον@b τύριος@ngmsp ὁ@dgms θεός@ngmsc σύ@rpgcs ἐσθίω@vifm2s αὐτός@rpans ἐν@p ὁ@ddms τόπος@ndmsc ὅς@rpdns ἄν@b ἐκλέγω3@vsam3s κύριος@nnmsc ὁ@dnms θεός@nnmsc σύ@rpgcs αὐτός@rpdms σύ@rpncs καί@cs ὁ@dnms υἱός@nnmsc σύ@rpgcs καί@cs ὁ@dnfs θυγάτηρ@nnfsc σύ@rpgcs ὁ@dnms παῖς@nncsc σύ@rpgcs καί@cs ὁ@dnfs παιδίσκη@nnfsc σύ@rpgcs καί@cs ὁ@dnms προσήλυτος@vppenms ὁ@dnms ἐν@p ὁ@ddfp πόλις@ndfpc σύ@rpgcp καί@b εὐφραίνω@vifp2s ἐναντίον@b τύριος@ngmsp ὁ@dgms θεός@ngmsc σύ@rpgcs ἐπί@p πᾶς@ananp- ὅς@rpgns ἀνά@p ἐπί@p βάλλω@vsaa2s ὁ@dafs χείρ@nafsc σύ@rpgcs"
"Deut_12.19","προσέχω@vmpa2s σεαυτοῦ@rpdms μή@cs ἐγκαταλείπω@vsaa2s ὁ@dams λευίτης@namsp πᾶς@anams- ὁ@dams χρόνος@namsc ὅσος@anams- ἐάν@cs ζάω@vspa2s ἐπί@p ὁ@dgfs γῆ@ngfsc"
"Deut_12.20","ἐάν@cs δέ@b ἐμπλατύνω@vsaa3s κύριος@nnmsc ὁ@dnms θεός@nnmsc σύ@rpgcs ὁ@danp ὅριον@nanpc σύ@rpgcs καθά@cs λαλέω@viaa3s σύ@rpdcs καί@b ἐρῶ@vifa2s ἐσθίω@vipe1s κρέας@nanpc ἐάν@cs ἐπιθυμέω@vsaa3s ὁ@dnfs ψυχή@nnfsc σύ@rpgcs ὥστε@cs ἐσθίω@vnaa-- κρέας@nanpc ἐν@p πᾶς@andfs- ἐπιθυμία@ndfsc ὁ@dgfs ψυχή@ngfsc σύ@rpgcs ἐσθίω@vifm2s κρέας@nanpc"
"Deut_12.21","ἐάν@cs δέ@b μακράν@b ἀπέχω@vspa3s σύ@rpgcs ὁ@dnms τόπος@nnmsc ὅς@rpams ἄν@b ἐκλέγω3@vsam3s κύριος@nnmsc ὁ@dnms θεός@nnmsc σύ@rpgcs ἐκεῖ@b ἐπικαλέω@vnap-- ὁ@dans ὄνομα@nansc αὐτός@rpgms καί@cs θύω@vifa2s ἀπό@p ὁ@dgfp βοῦς@ngfpc σύ@rpgcs καί@cs ἀπό@p ὁ@dgnp πρόβατον@ngnpc σύ@rpgcs ὅς@rpgnp ἄν@b δίδωμι@vsaa3s ὁ@dnms θεός@nnmsc σύ@rpdms ὅς@rpams τρόπος@namsc ἐντέλλομαι@viam1s σύ@rpdms καί@cs ἐσθίω@vifm2s ἐν@p ὁ@ddfp πόλις@ndfpc σύ@rpgcs κατά@p ὁ@dafs ἐπιθυμία@nafsc ὁ@dgfs ψυχή@ngfsc σύ@rpgcs"
"Deut_12.22","ὡς@cs ἔσθω@vipe3s ὁ@dnfs δορκάς@nnfsc καί@cs ὁ@dnfs ἔλαφος@nnfsc οὕτως@b ἐσθίω@vifm2s αὐτός@rpans ὁ@dnms ἀκάθαρτος@annms- ἐν@p σύ@rpdcs καί@cs ὁ@dnms καθαρός@annms- ὡσαύτως@b ἐσθίω@vipe3s"
"Deut_12.23","προσέχω@vmpa2s ἰσχυρός@b ὁ@dgns μή@cs ἐσθίω@vnaa-- αἷμα@nansc ὅτι@cs αἷμα@nnnsc αὐτός@angms- ψυχή@nnfsc οὐ@b ἐσθίω@vifp3s ὁ@dnfs ψυχή@nnfsc μετά@p ὁ@dgnp κρέας@ngnpc"
"Deut_12.24","οὐ@b ἐσθίω@vifm2p ἐπί@p ὁ@dafs γῆ@nafsc ἐκχέω@vmpa2p αὐτός@rpans ὡς@cs ὕδωρ@nnnsc"
"Deut_12.25","οὐ@b οὐ@b ἐσθίω@vifm2s αὐτός@rpans ἵνα@cs εὖ@b σύ@rpdms γίγνομαι@vsam3s καί@cs ὁ@ddmp υἱός@ndmpc σύ@rpgcs μετά@p σύ@rpacs ἐάν@cs ποιέω@vsaa2s ὁ@dans καλός@anans- καί@cs ὁ@dans ἀρεστός@anans- ἐναντίον@p κύριος@ngmsp ὁ@dgms θεός@ngmsc σύ@rpgcs"
"Deut_12.26","πλήν@b ὁ@danp ἅγιος@nanpc σύ@rpgms ἐάν@cs γίγνομαι@vsam3s σύ@rpdms καί@b ὁ@dafp εὐχή@nafpc σύ@rpgms λαμβάνω@vpaanms ἥκω@vifa2s εἰς@p ὁ@dams τόπος@namsc ὅς@rpams ἄν@b ἐκλέγω3@vsam3s κύριος@nnmsp ὁ@dnms θεός@nnmsc σύ@rpgcs ἐπικαλέω@vnap-- ὁ@dans ὄνομα@nansc αὐτός@rpgms ἐκεῖ@b"
"Deut_12.27","καί@b ποιέω@vifa2s ὁ@danp ὁλοκαύτωμα@nanpc σύ@rpgcs ὁ@danp δέ@x κρέας@nanpc ἐσθίω@vifm2s"
"Deut_12.28","φυλάσσω@vmpe2s καί@cs ἀκούω@vmpa2s καί@cs ποιέω@vifa2s πᾶς@anamp- ὁ@damp λόγος@nampc ὅς@rpamp ἐγώ@rpnms ἐντέλλομαι@vipe1s σύ@rpdms ἵνα@cs εὖ@b σύ@rpdms γίγνομαι@vsam3s καί@cs ὁ@ddmp υἱός@ndmpc σύ@rpgcs διά@p αἰών@ngmsc ἐάν@cs ποιέω@vsaa2s ὁ@dans καλός@anans- καί@cs ὁ@dans ἀρεστός@anans- ἐναντίον@p κύριος@ngmsc ὁ@dgms θεός@ngmsc σύ@rpgcs"
"Deut_12.29","ἐάν@cs δέ@b ἐξολεθρεύω@vsaa3s κύριος@nnmsc ὁ@dnms θεός@nnmsc σύ@rpgcs ὁ@danp ἔθνος@nanpc εἰς@p ὅς@rpamp εἰσπορεύω@vspa3s ἐκεῖ@b κληρονομέω@vnaa-- ὁ@dafs γῆ@nafsc ἀπό@p πρόσωπον@ngnsc σύ@rpgcs καί@cs κατακληρονομέω@vsaa2s αὐτός@rpafs καί@cs γῆ@nafsc αὐτός@rpgmp ἐν@p τῆ@ddfs γῆ@ndfsc αὐτός@rpgmp"
"Deut_12.30","προσέχω@vmpa2s σεαυτοῦ@rpdms μή@cs ἐκζητέω@vsaa2s ἐπακολουθέω@vnaa-- αὐτός@rpdmp μετά@p ὁ@dans ἐξολεθρεύω@vnap-- αὐτός@rpamp ἀπό@p πρόσωπον@ngnsc σύ@rpgcs λέγω3@vppanms ἠώς@rpnmp ποιέω@vipa3p ὁ@danp ἔθνος@nanpc οὗτος@rpanp ὁ@ddmp θεός@ndmpc αὐτός@rpgmp ποιέω@vifa1s καί@b ἐγώ@rpnms"
"Deut_12.31","οὐ@b ποιέω@vifa2s οὕτως@b ὁ@ddms θεός@ndmsc σύ@rpgcs ὁ@danp γάρ@b βδέλυγμα@nanpc κύριος@ngmsc ὅς@rpanp μισέω@viaa3s ποιέω@viaa3p ἐν@p ὁ@ddmp θεός@ndmpc αὐτός@rpgmp ὅτι@cs ὁ@damp υἱός@nampc αὐτός@rpgmp καί@cs ὁ@dafp θυγάτηρ@nafpc αὐτός@rpgmp κατακαίω@vipa3p ἐν@p πῦρ@ndnsc ὁ@ddmp θεός@ndmpc αὐτός@rpgmp"
"Deut_12.32","πᾶς@anans- ῥῆμα@nansc ὅς@rpans ἐγώ@rpnms ἐντέλλομαι@vipe1s σύ@rpdmp σήμερον@b οὗτος@rpans φυλάσσω@vifm2s ποιέω@vnpa-- οὐ@b προστίθημι@vifa2s ἐπί@p αὐτός@rpans οὐ@cs δέ@cs ἀφελής@vifa2s ὄψ@p αὐτός@rpgms"
"Deut_13.1","ἐάν@cs δέ@b ἀνίστημι@vsaa3s ἐν@p σύ@rpd-s προφήτης@nnmsc ἤ1@cs ἐνυπνιαζόμενος@vppenms ὁ@dans ἐνύπνιον@nansc καί@cs δίδωμι@vsaa3s σύ@rpdcs σημεῖον@nansc ἤ1@cs τέρας@nansc"
"Deut_13.2","καί@cs ἔρχομαι@vsaa3s ὁ@dans σημεῖον@nansc ἤ1@cs ὁ@dnns τέρας@nansc ὅς@rpans λαλέω@viaa3s πρός@p σύ@rpams λέγω3@vppanms πορεύω@vnpa-- καί@cs λατρεύω@vmpe2s σωμεν@vspa1p θεός@ndmpc ἕτερος@andmp- ὅς@rpamp οὐ@b οἶδα@vira2p"
"Deut_13.3","οὐ@b ἀκούω@vifm2p ὁ@dgmp λόγος@ngmpc ὁ@dgms προφήτης@ngmsc ἐκεῖνος@angms- ἤ1@cs ὁ@dgms ἐνυπνιάζω@vppegms ὁ@dans ἐνύπνιον@nansc ἐκεῖνος@anans- ὅτι@b πειράζω@vipa3s κύριος@nnmsc ὁ@dnms θεός@nnmsc σύ@rpgms σύ@rpamp οἶδα@vnra-- εἰ@cs ἀγαπάω@vipa2p ὁ@dams θεός@namsc σύ@rpgcp ἐκ@p ὅλος@angfs- ὁ@dgfs καρδία@ngfsc σύ@rpgms καί@cs ἐκ@p ὅλος@angfs- ὁ@dgfs ψυχή@ngfsc σύ@rpgmp"
"Deut_13.4","ὀπίσω@p κύριος@ngmsp ὁ@dgms θεός@ngmsc σύ@rpgmp πορεύω@vmpe2p καί@b οὗτος@rpams φοβέω@vifp2p καί@cs ὁ@dgfs φωνή@ngfsc αὐτός@rpgms ἀκούω@vifm2p καί@annmp- αὐτός@rpdms προς@p τίθημι@vifm2p"
"Deut_13.5","καί@b ὁ@dnms προφήτης@nnmsc ἐκεῖνος@annms- ἤ1@cs ὁ@dnms ὁ@dans ἐνύπνιον@nnnsc ἐνύπνιον@vppenms ἐκεῖνος@rpnms ἀποθνῄσκω@vifm3s λαλέω@viaa3s γάρ@b πλανάω@vnaa-- σύ@rpams ἀπό@p κύριος@ngmsc ὁ@dgms θεός@ngmsc σύ@rpgcs ὁ@dgms ἐξάγω@vpaagms σύ@rpams ἐκ@p γῆ@ngfsc αἴγυπτος@ngfsp ὁ@dgms ῥύομαι@vpamgms σύ@rpams ἐκ@p ὁ@dgfs δούλιος@ngfsc ἐξωθέω@vnaa-- σύ@rpams ἀπό@p ὁ@dgfs ὁδός@ngfsc ὅς@rpgfs ἐντέλλομαι@viam3s σύ@rpdms κὐριος@nnmsp ὁ@dnms θεός@nnmsc σύ@rpgcs πορεύω@vnpe-- ἐν@p αὐτός@rpdfs καί@b ἀφανιῶ@andfs- είς@vipa2s ὁ@dams πονηρός@anams- ἐκ@p σύ@rpgmp αὐτός@angmp-"
"Deut_13.6","ἐάν@cs δέ@b παρακαλέω@vsaa3s ὁ@dnms ἀδελφός@nnmsc σύ@rpgcs ἐκ@p πατήρ@ngmsc σύ@rpgcs ἤ1@cs ἐκ@p μήτηρ@ngfsc σύ@rpgcs ἤ1@cs ὁ@dnms υἱός@nnmsc σύ@rpgcs ἤ1@cs ὁ@dnfs θυγάτηρ@nnfsc σύ@rpgcs ἤ1@cs ὁ@dnfs γυνή@nnfsc ὁ@dnfs ἐν@p κόλπος@ndmsc σύ@rpgcs ἤ1@cs φίλος@nnmsc ἴσος@annms- ὁ@dgfs ψυχή@ngfsc σύ@rpgcs λάθρῃ@b λέγω3@vppanms βαδίζω@vsaa1p καί@cs λατρεύω@vsaa1p θεός@ndmpc ἕτερος@andmp- ὅς@rpamp οὐ@b οἶδα@vila2s σύ@rpncs καί@cs ὁ@dnmp πατήρ@nnmpc σύ@rpgcs"
"Deut_13.7","ἀπό@p ὁ@dgmp θεός@ngmpc ὁ@dgnp ἔθνος@ngnpc ὁ@dgnp περίκυκλος@ndmsc σύ@rpgcp ὁ@dgnp ἐγγίζω@vppagnp σύ@rpdcs ἤ1@cs ὁ@dgnp μακράν@b ἀπό@p σύ@rpgcs ἀπό@p ἄκρον@angns- ὁ@dgfs γῆ@ngfsc ἕως@p ἄκρον@angns- ὁ@dgfs γῆ@ngfsc"
"Deut_13.8","οὐ@b συνθέλησις@vifa2s αὐτός@rpdms καί@cs οὐ@b εἰσακούω@vifm2s αὐτός@rpgms καί@cs οὐ@b φείδομαι@vifm3s ὁ@dnms ὀφθαλμός@nnmsc σύ@rpgcs ἐπί@p αὐτός@rpdms οὐ@b ἐπιποθέω@vifa2s ἐπί@p αὐτός@rpdms οὐ@b δέ@cs οὐ@b μή@b σκεπάζω@vsaa2s αὐτός@rpams"
"Deut_13.9","ἀναγγέλλω@vppanms ἀναγγέλλω@anamp- περί@p αὐτός@rpgms ὁ@dnfp χείρ@nnfpc σύ@rpgcs εἰμί@vifm3p ἐπί@p αὐτός@rpams ἐν@p πρῶτος@andmp- ἀποκτείνω@vnaa-- αὐτός@rpams καί@cs ὁ@dnfp χείρ@nnfpc πᾶς@angms- ὁ@dgms λαός@ngmsc ἐπί@p ἔσχατος@andns-"
"Deut_13.10","καί@b λιθοβολέω@vifa3p αὐτός@rpams ἐν@p λίθος@ndmpc καί@cs ἀποθνῄσκω@vifm3s ὅτι@cs ζητέω@viaa3s ἀφίστημι@vnaa-- σύ@rpams ἀπό@p κύριος@ngmsc ὁ@dgms θεός@ngmsc σύ@rpgcs ὁ@dgms ἐξάγω@vpaagms σύ@rpams ἐκ@p γῆ@ngfsc αἴγυπτος@ngfsp ἐκ@p οἶκος@ngmsc δούλιος@ngfsc"
"Deut_13.11","καί@b πᾶς@annms- ἰσραήλ@nnmsp ἀκούω@vpaanms φοβέω@vifp3s καί@cs οὐ@b προστίθημι@vifa3s ἔτι@b ποιέω@vnaa-- κατά@p ὁ@dans ῥῆμα@nansc ὁ@dans πονηρός@anans- οὗτος@anans- ἐν@p σύ@rpdmp"
"Deut_13.12","ἐάν@cs δέ@b ἀκούω@vsaa2s ἐν@p εἷς@ ὁ@dgfp πόλις@ngfpc σύ@rpgms κύριος@nnmsc ὁ@dnms θεός@nnmsc σύ@rpgms δίδωμι@vipa3s σύ@rpdms κατοικέω@vnpa-- σύ@rpacs ἐκεῖ@b λέγω3@vppagmp"
"Deut_13.13","ἐξέρχομαι@ngmpp ἀνήρ@nnmpc παράνομος@annmp- ἐκ@p σύ@rpgmp καί@cs ἀφίστημι@viaa3p πᾶς@anamp- ὁ@damp κατοικέω@vppaamp ὁ@dafs γῆ@nafsc αὐτός@rpgmp λέγω3@vppanmp πορεύω@vspa1p καί@cs λατρεύω@vsaa1p θεός@ndmpc ἕτερος@andmp- ὅς@rpamp οὐ@b οἶδα@viaa2p"
"Deut_13.14","καί@b ἐρώτησις@vifa2s καί@cs ἐραύνω@vifa2s σφόδρα@b καί@cs ἰδού@b ἀληθής@b σαφής@b ὁ@dnms λόγος@nnmsc γίγνομαι@vire3s ὁ@dnns βδέλυγμα@nnnsc οὗτος@annns- ἐν@p σύ@rpdmp"
"Deut_13.15","ἀναιρέω@vppanms ἀναιρέω@anamp- πᾶς@anamp- ὁ@damp κατοικέω@vppaamp ἐν@p ὁ@ddfs γῆ@ndfsc ἐκεῖνος@rpdfs ἐν@p φόνος@ndmsc μάχαιρα@nafpc ἄθεσμον@ndnsc ἀναθεματιέω@vifa2p αὐτός@rpafs καί@cs πᾶς@ananp- ὁ@danp ἐν@p αὐτός@rpdfs"
"Deut_13.16","καί@b πᾶς@ananp- ὁ@danp σκῦλον@nanpc αὐτός@rpgfs συνάγω@vifa2s εἰς@p ὁ@dafp δίοδος@nafpc αὐτός@rpgfs καί@cs ἔνπρησις@vifa2s ὁ@dafs πόλις@nafsc ἐν@p πῦρ@ndnsc καί@cs πᾶς@ananp- ὁ@danp σκῦλον@nanpc αὐτός@rpgfs πανδημεί@b ἐναντίον@p κύριος@ngmsp ὁ@dgms θεός@ngmsc σύ@rpgcs καί@b εἰμί@vifm3s ἀοίκητος@annms- εἰς@p ὁ@dams αἰών@namsc οὐ@b ἀνοίμω@voaa3s οἰκοδομέω@vifp3s ἔτι@b"
"Deut_13.17","καί@b οὐ@b προσκολλάω@vifp3s ἐν@p ὁ@ddfs χείρ@ndfsc σύ@rpgcs οὐδείς@rpnns ἀπό@p ὁ@dgns ἄκυρον@ngnsc ἵνα@cs ἀποστρέφω@vsap3s κύριος@nnmsp ἀπό@p θυμός@ngmsc ὁ@dgfs ὀργή@ngfsc αὐτός@rpgms καί@b δίδωμι@vifa3s σύ@rpdcs ἔλεος@nansc καί@b ἐλεέω@vifa3s σύ@rpacs καί@cs πληθύνω@vifa3s σύ@rpams ὅς@rpams τρόπος@namsc ὄμνυμι@viaa3s ὁ@ddmp πατήρ@ndmpc σύ@rpgcs"
"Deut_13.18","ἐάν@cs ἀκούω@vsaa2s ὁ@dgfs φωνή@ngfsc κύριος@ngmsc ὁ@dgms θεός@ngmsc σύ@rpgcs φυλάσσω@vnpa-- ὁ@dafp ἐντολή@nafpc αὐτός@rpgms ὅσος@anafp- ἐγώ@rpnms ἐντέλλομαι@vipe1s σύ@rpd-s σήμερον@b ποιέω@vnpa-- ὁ@dans ἀρεστός@anans- καί@cs ὁ@dans καλός@anans- ἐναντίον@p κύριος@ngmsc ὁ@dgms θεός@ngmsc σύ@rpgcs"
"Deut_14.1","υἱός@nnmpp εἰμί@vipa2p κύριος@ngmsc ὁ@dgms θεός@ngmsc σύ@rpgcp οὐ@b ἐπιτίθημι@vifa2p φαλάκρωμα@nansc ἀνά@p μέσος@anams- ὁ@dgmp ὀφθαλμός@ngmpc σύ@rpgcp ἐπί@p νεκρός@ndmsc"
"Deut_14.2","ὅτι@b λαός@nnmsc ἅγιος@annms- εἰμί@vipa2s κύριος@ndmsc ὁ@ddms θεός@ngmsc σύ@rpgcs καί@cs σύ@rpams ἐκλέγω@viam3s κύριος@nnmsc ὁ@dnms θεός@nnmsc σύ@rpgcs γίγνομαι@vnam-- σύ@rpacs αὐτός@rpdms λαός@namsc περιούσιος@anams- ἀπό@p πᾶς@angnp- ὁ@dgnp ἔθνος@ngnpc ὁ@dgnp ἐπί@p πρόσωπον@ngnsc ὁ@dgfs γῆ@ngfsc"
"Deut_14.3","οὐ@b ἐσθίω@vmam2p πᾶς@anans- βδέλυγμα@nansc"
"Deut_14.4","οὗτος@ananp- κτῆνος@nanpc ὅς@ndfsc ἐσθίω@vmam2p μόσχος@namsc ἐκ@p βοῦς@ng-pc καί@cs ἀμνός@namsc ἐκ@p πρόβατον@ngnpc καί@cs χίμαρος@namsc ἐκ@p αἴξ@ngmpc"
"Deut_14.5","ἔλαφος@namsc καί@cs δορκάς@nafsc καί@cs πυγαγών@namsc ὄρυξ@namsc καί@cs καμηλοπάρδαλις@nafsc"
"Deut_14.6","πάν@p κτῆνος@ngfsc διχηλέω@vnpa-- ὁπλή@nafsc καί@cs ὀνυχιστής@nampc ἀγρυπνίζω@vppaans δύο@ χηλή@ngfpc καί@cs ἀνάγω@anams- μηρυκισμός@namsc ἐν@p ὁ@ddnp κτῆνος@ndnpc οὗτος@ananp- ἐσθίω@vmam2p"
"Deut_14.7","καί@b οὗτος@rpanp οὐ@b ἐσθίω@vifm2p ἀπό@p ὁ@dgmp ἀνάγω@vppagmp μηρυκισμός@namsc καί@cs ἀπό@p ὁ@dgmp διχηλέω@vppagmp ὁ@dafp ὁπλή@nafpc καί@cs ὀνυχίζω@vppagmp ὀνυχιστής@nampc ὁ@dams κάμηλος@nafsc καί@b δασύπους@nanpc καί@cs χοιρογρύλλιον@nansc ὅτι@cs ἀνάγω@vipa3p μηρυκισμός@namsc καί@cs ὁπλή@anafs- οὐ@b διχη@nafsc λούω@vifa3p ἀκάθαρτος@annnp- οὗτος@rpnnp σύ@rpdmp εἰμί@vipa3s"
"Deut_14.8","καί@b ὁ@dams ὗς@namsc ὅτι@cs διχηλής@vipa3s ὁπλή@nafsc οὗτος@rpnns καί@cs ὀνυχιστής@nampc ὀνυχιστής@nampc ὁπλή@angfs- καί@cs οὗτος@rpnns μηρυκισμός@namsc οὐ@b μαρυκάομαι@vipe3s ἀκάθαρτος@anans- οὗτος@rpans σύ@rpdmp ἀπό@p ὁ@dgnp κρέας@ngnpc αὐτός@rpgnp οὐ@b ἐσθίω@vifm2p αὐτός@rpgnp οὐ@b ἅπτω@vifm2p"
"Deut_14.9","καί@cs οὗτος@rpanp ἐσθίω@vmam2p ἀπό@p ὁ@dgnp ἐν@p τῷ@ddns ὕδωρ@ndnsc πᾶς@ananp- ὅσος@annnp- εἰμί@vipa3s ἐν@p αὐτός@rpdnp πτερύγιον@nanpc καί@cs λεπίς@nnfpc ἐσθίω@vmam2p"
"Deut_14.10","καί@b πᾶς@annnp- ὅσος@annnp- οὐ@b εἰμί@vipa3s αὐτός@rpdmp πτερύγιον@nnnpc καί@cs b@n---p λεπίς@nnfpc οὐ@b ἐσθίω@vifm2p ἀκάθαρτος@annnp- σύ@rpdmp εἰμί@vipa3s"
"Deut_14.11","πᾶς@anans- ὄρνεον@namsc καθαρός@anams- ἐσθίω@vmam2p"
"Deut_14.12","καί@b οὗτος@rpanp οὐ@b ἐσθίω@vifm2p ἀπό@p αὐτός@rpgnp ὁ@dams ἀετός@namsc καί@cs ὁ@dams γρύψ@namsc καί@cs ὁ@dams ἁλιάετος@namsc"
"Deut_14.13","καί@cs ὁ@dams γύψ@namsc καί@cs ὁ@dams ἰκτῖνα@namsc καί@cs ὁ@danp ὅμοιος@ananp- αὐτός@rpdms"
"Deut_14.14","καί@cs στρουθός@namsc καί@cs γλαύξ@nafsc καί@cs λάρος@namsc"
"Deut_14.15","καί@cs ὁ@dnfs καί@cs κύκνος@namsc καί@cs εἶβις@nafsc"
"Deut_14.16","καί@cs καταράκτης@namsc καί@cs ἱέραξ@namsc καί@cs ὁ@danp ὅμως@nanpc αὐτός@rpdms καί@cs ὔποποι@nanpc καί@cs νυκτικόρακος@namsc"
"Deut_14.17","καί@cs πελεκάν@namsc καί@cs καί@b ὁ@danp αὐτός@rpdms αὐτός@rpdms καί@cs πορφυρίων@nanpc καί@cs νυκτερίς@nafsc"
"Deut_14.18","πᾶς@annnp- ὁ@dnnp ἑρπετόν@nnnpc ὁ@dgnp πετεινόν@ngnpc ἀκάθαρτος@annnp- σύ@rpdcp εἰμί@vipa3s οὐ@b ἐσθίω@vifm2p ἀπό@p αὐτός@rpgnp"
"Deut_14.19","πᾶς@anans- πετεινόν@nansc καθαρός@anans- ἐσθίω@vifm2p"
"Deut_14.20","πᾶς@annns- θνησιμαῖος@annns- οὐ@b φημί@ndmsc πάροικος@andms- ὁ@ddns ἐν@p ὁ@ddfp πόλις@ndfpc σύ@rpgcs δίδωμι@vifp3s καί@cs φάος@vmpa2s ἀποδίδωμι@vifm2s ὁ@ddms ἀλλότριος@andms- ὅτι@cs λαός@nnmsc ἅγιος@annms- εἰ@cs κύριος@ndmsc ὁ@ddms θεός@ngmsc σύ@rpgcs οὐ@b ἕψω@vifa2s ἀρνός@namsc ἐν@p γάλα@ndnsc μήτηρ@ngfsc αὐτός@rpgms"
"Deut_14.21","δέκατος@nafsp ἀποδεκάωσις@vifa2s πᾶς@angns- γένημα@ngnsc ὁ@dgns σπέρμα@ngnsc σύ@rpgcs ὁ@dans γένημα@nansc ὁ@dgms ἀγρός@ngmsc σύ@rpgcs ἐνιαυτός@namsc κατά@p ἐνιαυτός@namsc"
"Deut_14.22","καί@cs ἐσθίω@vifm2s αὐτός@rpans ἐν@p τῷ@ddms τόπος@ndmsc ὅς@b ἐκλέγω3@vsam3s κύριος@nnmsp ὁ@dnms θεός@nnmsc σύ@rpgms ἐπικαλέω@vnap-- ὁ@dans ὄνομα@nansc αὐτός@rpgms ἐκεῖ@b φέρω@vifa2p ὁ@danp ἐπιδέκατα@nanpc ὁ@dgms σῖτος@ngmsc σύ@rpgcs καί@cs ὁ@dgms οἶνος@ngmsc σύ@rpgcs καί@cs ὁ@dgns ἔλαιον@ngnsc σύ@rpgcs ὁ@danp πρωτότοκος@ananp- ὁ@dgmp βοῦς@ngfpc σύ@rpgcs καί@cs ὁ@dgnp πρόβατον@ngnpc σύ@rpgcs ἵνα@cs μανθάνω@vsaa2s φοβέω@vnpe-- κύριος@namsc ὁ@dams θεός@namsc σύ@rpgcs πᾶς@anafp- ὁ@dafp ἡμέρα@nafpc"
"Deut_14.23","ἐάν@cs δέ@b μακράν@anafs- γίγνομαι@vsam3s ἀπό@p σύ@rpgcs ὁ@dnfs ὁδός@nnfsc καί@cs μή@b δύναμαι@vipe2s ἀναφέρω@vnpa-- αὐτός@rpanp ὅτι@cs μακράν@b ἀπό@p σύ@rpgms ὁ@dnms τόπος@nnmsc ὅς@rpams ἄν@b ἕ@rpams ἐκλέγω3@vsam3s κύριος@nnmsp ὁ@dnms θεός@nnmsc σύ@rpgcs ἐπικαλέω@vnap-- ὁ@dans ὄνομα@nansc αὐτός@rpgms ἐκεῖ@b ὅτι@cs εὐλογέω@vifa3s σύ@rpacs κύριος@nnmsc ὁ@dnms θεός@nnmsc σύ@rpgcs"
"Deut_14.24","καί@b ἀποδίδωμι@vifm2s αὐτός@rpanp ἀργύριον@ngnsc καί@cs λαμβάνω@vifm2s ὁ@dans ἀργύριον@nansc ἐν@p ὁ@ddfp χείρ@ndfpc σύ@rpgcs καί@cs πορεύω@vifm2s εἰς@p ὁ@dams τόπος@namsc ὅς@rpams ἄν@b ἐκλέγω3@vsam3s κύριος@nnmsc ὁ@dnms θεός@nnmsc σύ@rpgcs αὐτός@rpams"
"Deut_14.25","καί@b καί@b δίδωμι@vifa2s ἀργύριον@nansc ἐπί@p πᾶς@angns- ὅς@rpgns εἰμί@vppaans ἐπιθυμέω@vipa3s ὁ@dnfs ψυχή@nnfsc σύ@rpgms καί@b ἐσθίω@vifm2s ἐκεῖ@b ἐναντίον@b κύριος@ngmsp ὁ@dgms θεός@ngmsc σύ@rpgcs καί@cs εὐφραίνω@vifm2s σύ@rpnms καί@b ὁ@dnms υἱός@nnmsc σύ@rpgcs"
"Deut_14.26","καί@cs ὁ@dnms λευειτης@nnmsp ὁ@dnms ἐν@p ὁ@ddfp πόλις@ndfpc σύ@rpgcs ὅτι@cs οὐ@b εἰμί@vipa3s αὐτός@rpdms μερίς@nnfsc οὐ@b δέ@cs κλῆρος@nnmsc μετά@p σύ@rpgms"
"Deut_14.27","μετά@p τρεῖς@ ἤ@cs ἐξφέρω@vifa2s πᾶς@anans- ὁ@dans ἐπιδέκατον@anans- ὁ@dgnp γέννημα@ngnpc σύ@rpgcs ἐν@p τῷ@ddms ἐνιαυτός@ngmsc κενόω@b τίθημι@vifa2s αὐτός@rpans ἐν@p ὁ@ddfp πόλις@ndfpc σύ@rpgcs"
"Deut_14.28","καί@b ἔρχομαι@vifm3s ὁ@dnms λευίτης@nnmsp ὅτι@cs οὐ@b εἰμί@vipa3s αὐτός@rpdms μερίς@nnfsc οὐ@b δέ@cs κλῆρος@nnmsc μετά@p σύ@rpgcs καί@cs ὁ@dnms προσήλυτος@annms- καί@cs ὁ@dnms ὀρφανός@annms- καί@b ὁ@dnfs χήρα@nnfsc ὁ@dnfs ἵημι@vnpa-- ὁ@ddfp πόλις@ndfpc σύ@rpgcs καί@cs ἐσθίω@vifm3p καί@cs ἐμπίπλημι@vifp3p ἵνα@cs εὐλογέω@vsaa3s σύ@rpacs κύριος@nnmsc ὁ@dnms θεός@nnmsc σύ@rpgcs ἐν@p πᾶς@andnp- ὁ@ddnp ἔργον@ndnpc ὅς@rpdnp ἐάν@b ποιέω@vspa2s"
"Deut_15.1","διά@p ἑπτὰ@ ἔτος@ngnpc ποιέω@vifa2s ἄφεσις@nafsc"
"Deut_15.2","καί@b οὕτως@b ὁ@dnns πρόσταγμα@nnnsc ὁ@dgfs ἄφεσις@ngfsc ἀφίημι@vifa2s πᾶς@anans- χρέος@nansc ἴδιος@anans- ὅς@rpans ὀφείλω@vipa3s σύ@rpdms ὁ@dnms πλησίος@annms- καί@cs ὁ@dams ἀδελφός@namsc σύ@rpgcs οὐ@b ἀπαιτέω@vifa2s ἐπικαλέω@vire3s γάρ@b ὁ@dnfs ἄφεσις@nnfsc κύριος@ndmsp τις@andms- θεός@ndmsc σύ@rpgms"
"Deut_15.3","ὁ@dams ἀλλότριος@namsc ἀπαιτέω@vifa2s ὅσος@annnp- ἐάν@cs εἰμί@vspa3s σύ@rpdms παρά@p αὐτός@rpdms τις@dgms ἀδελφός@ngmsc σύ@rpgcs ἄφεσις@nafsc ποιέω@vifa2s ὁ@dgns χρέος@ngnsc σύ@rpgcs"
"Deut_15.4","ὅτι@b οὐ@b εἰμί@vifm3s ἐν@p σύ@rpdms ἐνδεής@nnmsc ὅτι@cs εὐλογέω@vppanms εὐλογέω@vifa3s σύ@rpacs κύριος@nnmsc ὁ@dnms θεός@nnmsc σύ@rpgcs ἐν@p ὁ@ddfs γῆ@ndfsc ὅς@rpdfs κύριος@nnmsp ὁ@dnms θεός@nnmsc σύ@rpgcs δίδωμι@vipa3s σύ@rpdcs ἐν@p κλῆρος@ndmsc κατακληρονομέω@vnpa-- σύ@rpams αὐτός@rpafs"
"Deut_15.5","ἐάν@cs δέ@b ἀκοή@ndfsc εἰσακούω@vsaa2p ὁ@dgfs φωνή@ngfsc κύριος@ngmsc ὁ@dgms θεός@ngmsc σύ@rpgcp φυλάσσω@vmpa2s καί@b ποιέω@vnpa-- πᾶς@anafp- ὁ@dafp ἐντολή@nafpc οὗτος@anafp- ὅσος@anafp- ἐγώ@rpnms ἐντέλλομαι@vipe1s σύ@rpdms σός@annfp- μερος@nvnsc"
"Deut_15.6","ὅτι@b κύριος@nnmsc ὁ@dnms θεός@nnmsc σύ@rpgcs εὐλογέω@viaa3s σύ@rpams ὅς@anams- τρόπος@namsc λαλέω@viaa3s σύ@rpdcs καί@b δανιεύς@vifa2s ἔθνος@ndnpc πολύς@andnp- σύ@rpnms δέ@b οὐ@b δανιή@ndfsc καί@cs ἄρχω@vifa2s ἔθνος@ngnpc πολύς@angnp- σύ@rpgms δέ@cs οὐ@b ἄρχω@vifa3p"
"Deut_15.7","ἐάν@cs δέ@b γίγνομαι@vsam3s ἐν@p σύ@rpdcs ἐνδεής@nnmsc ὁ@dgmp ἀδελφός@ngmpc σύ@rpgcs ἐν@p εἷς@ ὁ@dgfp πόλις@ngfpc σύ@rpgcs ἐν@p ὁ@ddfs γῆ@ndfsc ὅς@rpdfs κύριος@nnmsc ὁ@dnms θεός@nnmsc ὅς@rpnms σύ@rpgcs δίδωμι@vipa3s σύ@rpdcs οὐ@b ἀποστέργω@vifa2s ὁ@dafs καρδία@nafsc σύ@rpgcs οὐ@cs δέ@cs οὐ@b μή@b συνσφίγγω@vsaa2s ὁ@dafs χείρ@nafsc σύ@rpgcs ἀπό@p ὁ@dgms ἀδελφός@ngmsc σύ@rpgcs ὁ@dgms ἐπιδέω@vppegms"
"Deut_15.8","ἀνοίγνυμι@vppanms ἀνοίγνυμι@vifa2s ὁ@dafp χείρ@nafpc σύ@rpgcs αὐτός@rpanp δάνιος@anans- δανιεύς@vifa2s αὐτός@rpdns ὅσος@rpans ἐπιδέω@vipe3s καθότι@cs ἐνδεής@vipe3s"
"Deut_15.9","προσέχω@vmpa2s σεαυτοῦ@rpdms μή@cs γίγνομαι@vsam3s ῥῆμα@nnnsc κρυπτός@annns- ἐν@p ὁ@ddfs καρδία@ndfsc σύ@rpgcs ἀνόμημα@nnnsc λέγω3@vppanms ἐείδω@ndmsp ὁ@dans ἔτος@nansc ὁ@dans ἕβδομος@anans- ἔτος@nansc ὁ@dgfs ἄφεσις@ngfsc καί@cs πονηρεύομαι@vsam3s ὁ@dnms ὀφθαλμός@nnmsc σύ@rpgcs ὁ@ddms ἀδελφός@ndmsc σύ@rpgcs ὁ@ddms ἐπιδέω@vppedms καί@cs οὐ@b δίδωμι@vifa2s αὐτός@rpdms καί@cs καταβοάω@vsam3s κατά@p σύ@rpgcs πρός@p κύριος@namsc καί@cs εἰμί@vifm3s ἐν@p σύ@rpdms ἁμαρτία@nnfsc μέγας@annfs-"
"Deut_15.10","δίδωμι@vppanms δίδωμι@vifa2s αὐτός@rpamd δάν@b εἶμι@vppaams δανιεύς@vifa2s αὐτός@rpdms ὅσος@anans- ἐπιδέω@vipe3s καθότι@cs ἐνδεής@vipe3s καί@b οὐ@b λυπέω@vifp3s ὁ@ddfs καρδία@ndfsc σύ@rpgcs δίδωμι@vppagms σύ@rpgms αὐτός@rpdms ὅτι@cs διά@p ὁ@dans ῥέα@b μά@p οὗτος@rpans εὐλογέω@vifa3s σύ@rpacs κύριος@nnmsc ὁ@dnms θεός@nnmsc σύ@rpgcs ἐν@p πᾶς@andnp- ὁ@ddnp ἔργον@ndnpc καί@cs ἐν@p πᾶς@andnp- ὅς@b ἄν@b ἐπιβάλλω@vsaa2s ὁ@dafs χείρ@nafsc σύ@rpgcs"
"Deut_15.11","οὐ@b γάρ@b μή@b ἐκλείπω@vsaa3s ἐνδεής@annms- ἀπό@p ὁ@dgfs γῆ@ngfsc διά@p οὗτος@rpans ἐγώ@rpnms σύ@rpdms ἐντέλλομαι@vipe1s ποιέω@vnpa-- ὁ@dans ῥῆμα@nansc οὗτος@anans- λέγω3@vppanms ἀνοίγνυμι@nnmsp ἀνοίγνυμι@vifa2s ὁ@dafp χείρ@nafpc σύ@rpgcs ὁ@ddms ἀδελφός@ndmsc σύ@rpgcs ὁ@ddms πένης@ndmsc καί@cs ὁ@ddms ἐπιδέω@vppedms ὁ@ddms ἐπί@p ὁ@dgfs γῆ@ngfsc σύ@rpgcs"
"Deut_15.12","ἐάν@cs δέ@b πιπράσκω@vsap3s σύ@rpdms ὁ@dnms ἀδελφός@nnmsc σύ@rpgms ὁ@dnms ἐβραῖος@annms- καί@cs ὁ@dnfs ἐβραία@nnfsp δουλεύω@vifa3s σύ@rpdms ἕξ@ ἔτος@nanpc καί@cs ὁ@ddms ἕβδομος@andns- ποστέος@vifa2s αὐτός@rpams ἐλεύθερος@anams- ἀπό@p σύ@rpgms"
"Deut_15.13","ὅταν@cs δέ@b ἐξαποστέλλω@vspa2s αὐτός@rpams ἐλεύθερος@anams- ἀπό@p σύ@rpgms οὐ@b ἀποστέλλω@vifa2s αὐτός@rpams κενός@anams-"
"Deut_15.14","ἐφόδιον@nansc ἐφοδία@vifa2s αὐτός@rpams ἀπό@p ὁ@dgnp πρόβατον@ngnpc σύ@rpgcs καί@cs ἀπό@p ὁ@dgms σῖτος@ngmsc σύ@rpgcs καί@cs ἀπό@p ὁ@dgms οἶνος@ngmsc σύ@rpgcs καθά@cs εὐλογέω@viaa3s σύ@rpacs κύριος@nnmsc ὁ@dnms θεός@nnmsc σύ@rpgcs δίδωμι@vifa2s αὐτός@rpdms"
"Deut_15.15","καί@b μιμνήσκω@vifp2s ὅτι@cs οἰκέτης@nnmsc εἰμί@viia2s ἐν@p γῆ@ndfsc αἴγυπτος@ngfsp καί@cs ῥύομαι@viam3s σύ@rpacs κύριος@nnmsc ὁ@dnms θεός@nnmsc σύ@rpgcs ἐκεῖθεν@b διά@p οὗτος@rpans ἐγώ@rpnms σύ@rpd-s ἐντέλλομαι@vipe1s ποιέω@vnpa-- ὁ@dans ῥῆμα@nansc οὗτος@rpans"
"Deut_15.16","ἐάν@cs δέ@b λέγω3@vspa3s πρός@p σύ@rpacs οὐ@b ἐξέρχομαι@vifm1s ἀπό@p σύ@rpgcs ὅτι@cs ἀγαπάω@vira3s σύ@rpams καί@cs ὁ@dafs οἰκία@nafsc σύ@rpgcs ὅτι@cs εὖ@b αὐτός@rpdms εἰμί@vipa3s παρά@p σύ@rpdms"
"Deut_15.17","καί@b λαμβάνω@vifm2s ὁ@dans ὀπήτιος@nansc καί@cs τρυπάω@vifa2s ὁ@dans ὠτίον@nansc αὐτός@rpgms πρός@p ὁ@dafs θύρα@nafsc καί@cs εἰμί@vifm3s σύ@rpdcs οἰκέτης@nnmsc εἰς@p ὁ@dams αἰών@namsc καί@b ὁ@dafs παιδίσκη@nafsc σύ@rpgcs ποιέω@vifa2s ὡσαύτως@b"
"Deut_15.18","οὐ@b σκληρός@annns- εἰμί@vifm3s ἐναντίον@p σύ@rpgcs ἐξαποστέλλω@vppegmp αὐτός@rpgmp ἐλεύθερος@angmp- ἀπό@p σύ@rpgcs ὅτι@cs ἐφέτιος@anams- μισθός@namsc ὁ@dgms μισθωτός@angms- δουλεύω@viaa3s σύ@rpdcs ἕξ@an---- ἔτος@nanpc καί@b εὐλογέω@vifa3s σύ@rpacs κύριος@nnmsc ὁ@dnms θεός@nnmsc σύ@rpgcs ἐν@p πᾶς@andnp- ὅς@rpdnp ἐάν@cs ποιέω@vspa2s"
"Deut_15.19","πᾶς@anans- πρωτότοκος@anans- ὅς@rpnns ἐάν@cs τίκτω@vsap3s ἐν@p ὁ@ddfp βοῦς@ndfpc σύ@rpgcs καί@cs ἐν@p ὁ@ddnp πρόβατον@ndnpc σύ@rpgcs ὁ@danp ἀρσενικός@ananp- ἁγιάσω@vifa2s κύριος@ndmsc ὁ@ddms θεός@ndmsc σύ@rpgcs οὐ@b ἐργάζομαι@vipe2s ἐν@p ὁ@ddms πρωτότοκος@andms- μόσχος@ndmsc σύ@rpgcs καί@cs οὐ@b μή@b κείρω@vsaa2s ὁ@danp πρωτότοκος@ananp- ὁ@dgnp πρόβατον@ngnpc σύ@rpgcs"
"Deut_15.20","ἔναντι@p κύριος@ngmsp ἐσθίω@vifm2s αὐτός@rpams ἐνιαυτός@namsc ἐκ@p ἐνιαυτός@ngmsc ἐν@p ὁ@ddms τόπος@ndmsc ὅς@rpdms ἐάν@b ἐκλέγω3@vsam3s κύριος@nnmsp ὁ@dnms θεός@nnmsc σύ@rpgcs σύ@rpnms καί@cs ὁ@dnms οἶκος@nnmsc σύ@rpgcs"
"Deut_15.21","καί@b ἐάν@cs εἰμί@vspa3s ἐν@p αὐτός@rpdms μῶμος@nnmsc χωλός@anams- ἤ1@b τυφλός@anams- μῶμος@namsc πονηρός@anams- οὐ@b θύω@vifa2s αὐτός@rpans κύριος@ndmsp ὁ@ddms θεός@ndmsc σύ@rpgcs"
"Deut_15.22","ἐν@p ὁ@ddfp πόλις@ndfpc σύ@rpgcs ἐσθίω@vifm2s αὐτός@rpans ἀκάθαρτος@annms- ἐν@p σύ@rpdcs καί@cs ὁ@dnms καθαρός@annms- ὡσαύτως@b ἐσθίω@vipe3s ὡς@cs δορκάς@nafsc ἤ1@cs ἔλαφος@namsc"
"Deut_15.23","πλήν@b αἷμα@nansc οὐ@b ἐσθίω@vifm2p ἐπί@p ὁ@dafs γῆ@nafsc ἐκχέω@vipa2s αὐτός@rpans ὡς@cs ὕδωρ@nnnsc"
"Deut_16.1","φυλάσσω@vmam2s ὁ@dams μείς@namsc ὁ@dgmp νέος@angmp- καί@cs ποιέω@vifa2s ὁ@dans πάσχα@nansc κύριος@ndmsp ὁ@ddms θεός@ndmsc σύ@rpgcs ὅτι@cs ἐν@p ὁ@ddms μείς@ndmsc ὁ@dgmp νέος@angmp- ἐξέρχομαι@viaa2s ἐκ@p αἴγυπτος@ngfsp νύξ@ngfsc"
"Deut_16.2","καί@b θύω@vifa2s ὁ@dans πάσχα@nansc κύριος@ndmsp ὁ@ddms θεός@ndmsc σύ@rpgcs πρόβατον@nanpc καί@cs βοῦς@nafpc ἐν@p ὁ@ddms τόπος@ndmsc ὅς@rpdms ἐάν@b ἐκλέγω3@vsam3s κύριος@nnmsc ὁ@dnms θεός@nnmsc σύ@rpgcs αὐτός@rpams ἐπικαλέω@vnap-- ὁ@dans ὄνομα@nansc αὐτός@rpgms ἐκεῖ@b"
"Deut_16.3","οὐ@b ἐσθίω@vifm2s ἐπί@p αὐτός@angms- ζύμη@viie1s ἑπτὰ@ ἡμέρα@nafpc ἐσθίω@vifm2s ἐπί@p αὐτός@rpgms ἄζυμος@nanpc ἄρτος@namsc κάκωσις@ngfsc ὅτι@cs ἐν@p σπουδή@ndfsc ἐξέρχομαι@viaa2s ἐκ@p αἴγυπτος@ngfsp ἵνα@cs μιμνήσκω@vsap2p ὁ@dafs ἡμέρα@nafsc ὁ@dgfs ἐξοδία@ngfsc σύ@rpgcp ἐκ@p γῆ@ngfsc αἴγυπτος@ngfsp πᾶς@anafp- ὁ@dafp ἡμέρα@nafpc ὁ@dgfs ζωή@ngfsc σύ@rpgcp"
"Deut_16.4","οὐ@b ὁράω@vifm3s σύ@rpdcs ζύμη@nnfsc ἐν@p πᾶς@andnp- ὁ@ddnp ὅριον@ndnpc σύ@rpgcs ἑπτὰ@ ἡμέρα@nafpc καί@cs οὐ@b κοιμάω@vifp3s ἀπό@p ὁ@dgnp κρέας@ngnpc ὅς@rpgnp ἐάν@cs θύω1@vsaa2s ὁ@dans ἑσπέρα@ngfsc ὁ@ddfs ἡμέρα@ndfsc ὁ@ddfs πρῶτος@andfs- εἰς@p ὁ@dans πρωΐ@b"
"Deut_16.5","οὐ@b δύναμαι@vifm2s θύω@vnaa-- ὁ@dans πάσχα@nansc ἐν@p οὐδείς@rpnfp ὁ@dgfp πόλις@ngfpc σύ@rpgcs ὅς@rpgfp κύριος@nnmsc ὁ@dnms θεός@nnmsc σύ@rpgcs δίδωμι@vipa3s σύ@rpdcs"
"Deut_16.6","ἀλλά@b ἤ1@b εἰς@p ὁ@dams τόπος@namsc ὅς@rpams ἐάν@cs ἐκλέγω3@vsam3s κύριος@nnmsp ὁ@dnms θεός@nnmsc σύ@rpgms ἐπικαλέω@vnap-- ὁ@dans ὄνομα@nansc αὐτός@rpgms ἐκεῖ@b θύω@vifa2s ὁ@dans πάσχα@nansc ἑσπέρα@ngfsc πρός@p δυσμή@nafpc ἥλιος@ngmsc ἐν@p ὁ@ddms καιρός@ndmsc ὅς@rpdns ἐξέρχομαι@viaa2s ἐκ@p αἴγυπτος@ngfsp"
"Deut_16.7","καί@b ἕψω@vifa2s καί@b ὀπτάω@nafpc καί@cs ἐσθίω@vifm2s ἐν@p ὁ@ddms τόπος@ndmsc ὅς@b ἐάν@cs ἐκλέγω3@vsam3s κύριος@nnmsc ὁ@dnms θεός@nnmsc σύ@rpgcs αὐτός@rpams καί@b ἀποστρέφω@vifm2s ὁ@dans πρωί@b καί@cs ἔρχομαι@vifm2s εἰς@p ὁ@damp οἶκος@nampc σύ@rpgcs"
"Deut_16.8","ἕξ@ ἡμέρα@ngfsc ἐσθίω@vifm2s ἄζυμος@nanpc καί@cs ὁ@ddfs ἡμέρα@ndfsc ὁ@ddfs ἕβδομος@andfs- ἐξόδιον@nnnsc ἑορτή@nnfsc κύριος@ndmsc ὁ@ddms θεός@ndmsc σύ@rpgcs οὐ@b ποιέω@vifa2s ἐν@p αὐτός@rpdfs πᾶς@anans- ἔργον@nansc πλήν@p ὅσος@ananp- ποιέω@vifp3s ψυχή@ndfsc"
"Deut_16.9","ἑπτὰ@an---- ἑβδομάς@nafpc ἐξαριθμέω@vifa2s σεαυτοῦ@rpdms ἄρχω@vpamgms σύ@rpgcs δρέπανον@nansc ἐπί@p ἀμητός@anams- ἄρχω@vifm2s ἐξαριθμέω@vnaa-- ἕ@rpams πτά@ ἑβδο- μάδα@ μάδας@nafpc"
"Deut_16.10","καί@cs ποιέω@vifa2s ἑορτή@nafsc ἑβδομάς@ngfpc κύριος@ndmsc ὁ@ddms θεός@ndmsc σύ@rpgcs καθότι@cs ὁ@dnfs χείρ@nnfsc σύ@rpgms ἰσχύω@vipa3s ὅσος@rpanp ἄν@b δίδωμι@vsaa3s κύριος@nnmsp ὁ@dnms θεός@nnmsc σύ@rpgcs"
"Deut_16.11","καί@cs εὐφραίνω@vifm2s ἐναντίον@p ὁ@dgms θεός@ngmsc σύ@rpgcs καί@cs ὁ@dnms υἱός@nnmsc σύ@rpgcs καί@cs ὁ@dnfs σύ@rpgcs ὁ@dnms παῖς@nncsc σύ@rpgcs καί@cs ὁ@dnfs παιδίσκη@nnfsc σύ@rpgcs καί@cs ὁ@dnms λευίτης@nnmsp καί@cs ὁ@dnms καί@cs ὁ@dnms ὀρφανός@annms- καί@cs ὁ@dnfs χήρα@nnfsc ὁ@dnfs εἰμί@vppanfs ἐν@p σύ@rpdcp ἐν@p ὁ@ddms τόπος@ndmsc ὅς@rpdms ἐάν@cs ἐκλέγω3@vsam3s κύριος@nnmsp ὁ@dnms θεός@nnmsc σύ@rpgcs ἐπικαλέω@vnap-- ὁ@dans ὄνομα@nansc αὐτός@rpgms ἐκεῖ@b"
"Deut_16.12","καί@b μιμνήσκω@vifp2s ὅτι@cs οἰκέτης@nnmsc γίγνομαι@viam2s ἐν@p γῆ@ndfsc αἴγυπτος@ndfsp καί@cs φυλάσσω@vifm2s καί@cs ποιέω@vifa2s ὁ@dafp ἐντολή@nafpc οὗτος@anafp-"
"Deut_16.13","ἑορτή@nafsp σκηνή@ngfpc ποιέω@vifa2s σεαυτοῦ@rpdms ἑπτὰ@ ἡμέρα@nafpc ἐν@p ὁ@ddns συνάγω@vnaa-- σύ@rpacs ἐκ@p ὁ@dgms ἅλων@ngmsc σύ@rpgcs καί@b ἀπό@p ὁ@dgfs ληνός@ngfsc σύ@rpgcs"
"Deut_16.14","καί@cs εὐφραίνω@vifm2s ἐν@p ὁ@ddfs ἑορτή@ndfsc σύ@rpgcs σύ@rpncs καί@cs ὁ@dnms υἱός@nnmsc σύ@rpgcs καί@cs ὁ@dnfs θυγάτηρ@nnfsc σύ@rpgcs ὁ@dnms παῖς@nncsc σύ@rpgcs καί@cs ὁ@dnfs παιδίσκη@nnfsc σύ@rpgcs καί@cs ὁ@dnms λευείτης@nnmsp καί@cs ὁ@dnms προσήλυτος@annms- καί@cs ὁ@dnms ὀρφανός@annms- καί@cs ὁ@dnfs χήρα@nnfsc ὁ@dnfs εἰμί@vppanfs ἐν@p ὁ@ddfp πόλις@ndfpc σύ@rpgcs"
"Deut_16.15","ἑπτὰ@ ἑορτάζω@vifa2s κύριος@ndmsc ὁ@ddms θεός@ndmsc σύ@rpgcs ἐν@p ὁ@ddms τόπος@ndmsc ὅς@rpdms ἐάν@cs ἐκλέγω3@vsam3s κύριος@nnmsc ὁ@dnms θεός@nnmsc σύ@rpgcs αὐτός@rpnms ἐάν@cs δέ@b εὐλογέω@vsaa3s σύ@rpams κύριος@nnmsc ὁ@dnms θεός@nnmsc σύ@rpgcs ἐν@p πᾶς@andnp- γένος@ndnpc σύ@rpgcs καί@cs ἐν@p πᾶς@andns- ἔργον@ndnsc ὁ@dgfp χείρ@ngfpc σύ@rpgcs καί@b εἰμί@vmpa2s εὐφραίνω@vppenms"
"Deut_16.16","τρεῖς@anamp- καιρός@nampc ὁ@dgms ἐνιαυτός@ngmsc ὁράω@vifp3s πᾶς@annns- ἀρσενικός@annns- σύ@rpgcs ἐναντίον@p κύριος@ngmsc ὁ@dgms θεός@ngmsc σύ@rpgcs ἐν@p ὁ@ddms τόπος@ndmsc ὅς@rpdms ἐάν@cs ἐκλέγω3@vsam3s αὐτός@rpams κύριος@nnmsc ἐν@p ὁ@ddfs ἑορτή@ndfsc ὁ@dgnp ἄζυμος@angnp- καί@b ἐν@p ὁ@ddfs ἑορτή@ndfsc ὁ@dgfp ἑβδομάς@ngfpc καί@cs ἐν@p ὁ@ddfs ἑορτή@ndfsc ὁ@dgfs πεντηκοστή@ngfsc οὐ@b ὁράω@vifp2s ἐνώπιον@b κύριος@ngmsc ὁ@dgms σύ@rpgcs κενός@annms-"
"Deut_16.17","ἕκαστος@annms- ἕκαστος@annms- κατά@p δύναμις@nafsc ὁ@dgfp χείρ@ngfpc σύ@rpgcp κατά@p εὐλογία@nafsc κύριος@ngmsc ὁ@dgms θεός@ngmsc σύ@rpgcs ἐάν@cs δίδωμι@viaa3s σύ@rpdms"
"Deut_16.18","κριτής@nafpp καί@cs γραμματοεισαγωγέω@nampc ποιέω@vifa2s σεαυτοῦ@rpdms ἐν@p ὁ@ddfp σύ@rpgcs ὅς@rpdfp κύριος@nnmsc ὁ@dnms θεός@nnmsc σύ@rpgcs δίδωμι@vipa3s σύ@rpdcs κατά@p φυλή@nafpc καί@cs κρίνω@vifa3p ὁ@dams λαός@namsc κρίσις@nafsc δίκαιος@anafs-"
"Deut_16.19","οὐ@b γιγνώσκω@vifm3p πρόσωπον@nansc οὐ@x δέ@x λαμβάνω@vifm3p δῶρον@nansc ὁ@dnnp γάρ@x δῶρον@nnnpc ἀποτυφλόω@vipa3s ὀφθαλμός@nampc σοφός@vppanms καί@cs ἐξαίρω@vipa3s λόγος@nampc δίκαιος@anamp-"
"Deut_16.20","δίκαιος@b ὁ@dans δίκαιος@anans- διώκω@vifm2s ἵνα@cs ζάω@vspa2p καί@cs εἰσέρχομαι@vpaanmp κλῆρονομέω@vsaa2p ὁ@dafs γῆ@nafsc ὅς@rpafs κύριος@nnmsp ὁ@dnms θεός@nnmsc σύ@rpgms δίδωμι@vipa3s σύ@rpdms"
"Deut_16.21","οὐ@b φυτεύω@vifa2s σεαυτοῦ@rpdms ἄλσος@nansc πᾶς@anans- ξύλον@nansc παρά@p ὁ@dans θυσιαστήριον@nansc ὁ@dgms θεός@ngmsc σύ@rpgcs οὐ@b ποιέω@vifa2s σεαυτοῦ@rpdms οὐ@b ἵστημι@vifa2s σεαυτοῦ@rpdms στήλη@nafsc ὅς@rpdfs μισέω@viaa3s κὐριος@nnmsp ὁ@dnms θεός@nnmsc σύ@rpgcs"
"Deut_17.1","οὐ@b θύω@vifa2s κύριος@ndmsp ὁ@ddms θεός@ndmsc σύ@rpgcs μόσχος@namsc ἤ1@cs πρόβατον@nansc ἐν@p ὅς@rpdns εἰμί@vipa3s ἐν@p αὐτός@rpdms μῶμος@nnmsc πᾶς@anans- ῥῆμα@nansc πονηρός@anans- ὅτι@cs βδέλυγμα@nnnsc κύριος@ndmsp ὁ@ddms θεός@ndmsc σύ@rpgcs εἰμί@vipa3s"
"Deut_17.2","ἐάν@cs δέ@b εὑρίσκω@vsap3s ἐν@p εἷς@ ὁ@dgfp πόλις@ngfpc σύ@rpgcs ὅς@rpafs κύριος@nnmsp ὁ@dnms θεός@nnmsc σύ@rpgcs δίδωμι@vipa3s σύ@rpdcs ἀνήρ@nnmsc ἤ1@cs γυνή@nnfsc ὅς@rpnms ποιέω@vifa3s ὁ@dans πονηρός@anans- ἐναντίον@p κύριος@ngmsc ὁ@dgms θεός@ngmsc σύ@rpgcs παρέρχομαι@vnaa-- ὁ@dafs διαθήκη@nafsc αὐτός@rpgms"
"Deut_17.3","καί@cs ἔρχομαι@vpaanmp λατρεύω@vsaa3p θεός@ndmpc ἕτερος@andmp- καί@cs προσκυνέω@vifa3p αὐτός@rpdmp τῷ@ddns ἥλιος@ndmsc ἤ1@cs ὁ@ddfs σελήνη@ndfsc ἤ1@cs πᾶς@andns- ὁ@dgnp ἐκ@p ὁ@dgms κόσμος@ngmsc ὁ@dgms οὐρανός@ngmsc ὅς@rpanp οὐ@b προστάσσω@viaa3s"
"Deut_17.4","καί@cs ἀναγγέλλω@vifm2s σύ@rpdcs καί@b ἐκζητέω@vifa2s σφόδρα@b καί@cs ἰδού@annns- ἀληθής@b γίγνομαι@vira3s ὁ@dnns ῥῆμα@nnnsc γίγνομαι@vire3s ὁ@dnns βδέλυγμα@nnnsc οὗτος@rpnns ἐν@p ἰσραήλ@nd-sp"
"Deut_17.5","καί@b ἐξαίρω@vifa2s ὁ@dams ἄνθρωπος@namsc ἐκεῖνος@rpams ἤ1@cs ὁ@dafs γυνή@nafsc ἐκ@p ναῦς@nafsc καί@cs λιθοβολέω@vsaa2p αὐτός@rpamp ἐν@p λίθος@ndmpc καί@cs τελευτάω@vifa3p"
"Deut_17.6","ἐπί@p δύο@andmp- μάρτυς@ndmpc ἤ1@cs ἐπί@p τρεῖς@andmp- μάρτυς@ndmpc ἀποθνῄσκω@vifm3s ὁ@dnms ἀποθνήσκω@vppanms οὐ@b ἀποθνῄσκω@vifm3s ἐπί@p εἷς@ndmsc μάρτυς@ndmsc"
"Deut_17.7","καί@b ὁ@dnfs χείρ@nnfsc ὁ@dgmp μάρτυς@ngmpc οἶδα@vira2p ἐπί@p αὐτός@rpdms ἐν@p πρῶτος@andmp- καταθνήσκω@vnaa-- αὐτός@rpams καί@cs ὁ@dnfs χείρ@nnfsc ὁ@dgms λαός@ngmsc ἐπί@p ἔχω@vpaadms ’@b ὁ@dgmp καί@b ἐξαίρω@vipa2s ὁ@dams πονηρός@anams- ἐκ@p σύ@rpgmp αὐτός@rpgmp"
"Deut_17.8","ἐάν@cs δέ@b ἀδυνατέω@vsaa3s ἀπό@p σύ@rpgcs ῥῆμα@nnnsc ἐν@p κρίσις@ndfsc ἀνά@p μέσος@anans- αἷμα@nansc αἷμα@ngnsc καί@cs ἀνά@p μέσος@anans- κρίσις@nnfsc κρίσις@ngfsc καί@cs ἀνά@p μέσος@anams- ἁφή@annfs- ἁφή@ngfsc καί@cs ἀνά@p μέσος@anams- ἀντιλογία@nnfsc ἀντιλογία@ngfsc ῥῆμα@nnnpc κρίσις@ngfsc ἐν@p ὁ@ddfp πόλις@ndfpc σύ@rpgcp καί@b ἀνίστημι@vpaanms ἀναβαίνω@vsaa3s εἰς@p ὁ@dams τόπος@namsc ὅς@rpams ἄν@b ἐκλέγω3@vsam3s κύριος@nnmsp ὁ@dnms θεός@nnmsc σύ@rpgcs ἐκεῖ@b"
"Deut_17.9","καί@b ἔρχομαι@vsaa3s πρός@p ὁ@dams κριτής@namsc ὅς@rpnms ἄν@b γίγνομαι@vsam3s ἐν@p ὁ@ddfp ἡμέρα@ndfpc ἐκεῖνος@rpdfp καί@cs ἐκζητέω@vpaanmp ἀναγγέλλω@vifa3p σύ@rpdms ὁ@dafs κρίσις@nafsc"
"Deut_17.10","καί@b ποιέω@vifa2s καί@b ὁ@dans πρᾶγμα@nansc ὅς@rpans ἐάν@cs ἀναγγέλλω@vsaa3p σύ@rpdms ἐκ@p ὁ@dgms τόπος@ngmsc ὅς@rpgms ἐν@p ’@b ἐκλέγω3@vsam3s κύριος@nnmsc ὁ@dnms θεός@nnmsc σύ@rpgms καί@cs φυλάσσω@vifm2s ποιέω@vnaa-- πᾶς@ananp- ὅσος@rpanp ἐάν@b νομοθέτης@vspa3s σύ@rpdms"
"Deut_17.11","κατά@p κατά@p ὁ@dams νόμος@namsc καί@cs κατά@p ὁ@dafs κρίσις@nafsc ἐάν@cs ἄν@b εἶπον@vsaa3p σύ@rpdcs ποιέω@vsaa2s οὐ@b ἐκκλίνω@vifa2s ἀπό@p ὁ@dgns ῥῆμα@ngnsc ὅς@rpgns ἐάν@b ἀναγγέλλω@vsaa3p σύ@rpdcs δεξιός@ananp- οὐ@b δέ@cs ἀριστερός@ananp-"
"Deut_17.12","καί@b καί@b ὁ@dnms ἄνθρωπος@nnmsc ὅς@rpnms ἄν@b ποιέω@vsaa3s ἐν@p ὑπερηφανία@ndfsc ὥστε@cs μή@b ὑπακούω@vnaa-- ὁ@dgms ἱερεύς@ngmsc ὁ@dgms παρίστημι@viaa3s κότος@nnmsc λειτουργέω@vnpa-- ἐπί@p ὁ@ddns ὄνομα@ndnsc κύριος@ngmsc ὁ@dgms θεός@ngmsc σύ@rpgcs ἤ1@cs ὁ@dgms κριτής@ngmsc ὅς@rpnms ἄν@b εἰμί@vspa3s ἐν@p ὁ@ddfp ἡμέρα@ndfpc ’@ndfpc ἐκεῖνος@rpdfp καί@b ἀποθνῄσκω@vifm3s ὁ@dnms ἄνθρωπος@nnmsc ἐκεῖνος@annms- καί@cs ἐξαίρω@vifa2s ὁ@dams πονηρός@anams- ἐκ@p ἰσραήλ@ng-sp"
"Deut_17.13","καί@b πᾶς@annms- ὁ@dnms λαός@nnmsc ἀκούω@vpaanms φοβέω@vifp3s καί@cs οὐ@b ἀσέομαι@vifa3s ἔτι@b"
"Deut_17.14","ἐάν@cs δέ@b εἰσέρχομαι@vsra2s εἰς@p ὁ@dafs γῆ@nafsc ὅς@rpafs κύριος@nnmsc ὁ@dnms θεός@nnmsc σύ@rpgcs δίδωμι@vipa3s ὁ@rpdcs καί@cs κληρονομέω@vsaa2s αὐτός@rpafs καί@b κατοικέω@vsaa2s ἐπί@p αὐτός@rpafs καί@cs εἶπον@vsaa2s καθίστημι@vifa1s ἐπί@p ἐμαυτοῦ@rpams ἄρχω@vppaams καθά@p καί@b ὁ@danp λοιπός@ananp- ἔθνος@nanpc ὁ@danp κύκλος@ndmsc ἐγώ@rpgcs"
"Deut_17.15","καθίστημι@vppanms καθίστημι@vifa2s ἐπί@p σεαυτοῦ@rpams ἄρχω@vppaams ὅς@rpams ὅς@rpams ἐκλέγω3@vsam3s κύριος@nnmsp ὁ@dnms θεός@nnmsc αὐτός@rpams ἐκ@p ὁ@dgmp ἀδελφός@ngmpc σύ@rpgcs καθίστημι@vifa2s ἐπί@p σεαυτοῦ@rpams ἄρχω@vppaams οὐ@b δύναμαι@vifm2s καθίστημι@vnaa-- ἐπί@p σεαυτοῦ@rpams ἄνθρωπος@namsc ἀλλότριος@anams- ὅτι@cs"
"Deut_17.16","οὐ@b ἀδελφός@nnmsc σύ@rpgcs εἰμί@vipa3s διότι@b οὐ@b πληθύνω@vipa3s ἑαυτοῦ@rpdms ἵππος@namsc οὐ@b δέ@cs μή@b ἀποστρέφω@vsaa3s ὁ@dams λαός@namsc εἰς@p αἴγυπτος@nafsp ὅπως@cs μή@b πληθύνω@vspa3s αὐτός@rpdms ἵππος@namsc ὁ@dnms δέ@b κύριος@nnmsp λέγω@viaa3s οὐ@b προστίθημι@vifa2p ἀποστρέφω@vnaa-- ὁ@ddfs ὁδός@ndfsc οὗτος@andfs- ἔτι@b"
"Deut_17.17","καί@b οὐ@b πληθύνω@vipa3s ἑαυτοῦ@rpdms γυνή@nafpc οὐ@b δέ@cs μεθίστημι@vifm3s αὐτός@rpgms ὁ@dnfs καρδία@nnfsc καί@b ἀργύριον@nnnsc καί@cs χρυσίον@nnnsc οὐ@b πληθύνω@vipa3s ἑαυτοῦ@rpdns σφόδρα@b"
"Deut_17.18","καί@b καί@b ὅταν@cs καθίζω@vsam2s ἐπί@p ὁ@dgfs ἀρχή@ngfsc αὐτός@rpgms καί@b γράφω@vifa3s αὐτός@rpdms ὁ@dans δευτερονόμιον@nansc οὗτος@anans- εἰς@p βιβλίον@nansc παρά@p ὁ@dgmp ἱερεύς@ngmpc ὁ@dgmp λευειτῶν@ngmpp"
"Deut_17.19","καί@cs μετά@p αὐτός@rpgms καί@b ἀνανωθέω@vsam3s γιγνώσκω@vifm3s ἐν@p αὐτός@rpdns πᾶς@anafp- ὁ@dafp ἡμέρα@nafpc ὁ@dgfs ζωή@ngfsc αὐτός@rpgms ἵνα@cs μανθάνω@vsaa3s φοβέω@vnpe-- κύριος@namsp ὁ@dams θεός@namsc σύ@rpgms καί@b φυλάσσω@vnpe-- πᾶς@angfs- ὁ@dafp ἐντολή@nafpc οὗτος@anafp- καί@cs ὁ@danp δικαίωμα@nanpc οὗτος@ananp- ποιέω@vnpa--"
"Deut_17.20","ἵνα@cs μή@b ὑψόω@vsap3s ὁ@dnfs καρδία@nnfsc αὐτός@rpgms ἀπό@p ὁ@dgmp ἀδελφός@ngmpc αὐτός@rpgms ἵνα@cs μή@b παραβαίνω@vsaa3s ἀπό@p ὁ@dgfp ἐντολή@ngfpc δεξιός@ananp- ἤ1@cs ἀριστερός@ananp- ὅπως@cs ἄν@b μακροχρονίζω@vsaa3s ἐπί@p ὁ@dgfs ἀρχή@ngfsc αὐτός@rpgms αὐτός@rpnms καί@cs ὁ@dnmp υἱός@nnmpc αὐτός@rpgms ἐν@p ὁ@ddmp υἱός@ndmpc ἰσραήλ@ngmpp"
"Deut_18.1","οὐ@b εἰμί@vif-3s ὁ@ddmp ἱερεύς@ndmpc ὁ@ddmp λευίτης@ndmpp ὅλος@annfs- φυλή@ndfsc λευεί@b μερίς@nnfsc οὐ@x δέ@x κλῆρος@nnmsc μετά@p ἰσραήλ@ngmsp κάρπωμα@nnnpc κύριος@ngmsc ὁ@dnms κλῆρος@nnmsc αὐτός@rpgmp ἐσθίω@vifm3p αὐτός@rpanp"
"Deut_18.2","κλῆρος@nnmsc δέ@b οὐ@b εἰμί@vifm3s αὐτός@rpdmp ἐν@p ὁ@ddmp ἀδελφός@ndmpc αὐτός@rpgmp κύριος@nnmsc αὐτός@rpnms κλῆρος@nnmsc αὐτός@rpgms καθότι@cs λέγω@viaa3s αὐτός@rpdms"
"Deut_18.3","καί@cs οὗτος@rpnfs ὁ@dnfs κρίσις@nnfsc ὁ@dgmp ἱερεύς@ngfpc ὁ@danp παρά@p ὁ@dgms λαός@ngmsc παρά@p ὁ@dgmp θύω@vppagmp ὁ@danp θῦμα@nanpc ἐάν@cs τε@cs μόσχος@namsc ἐάν@cs τε@cs πρόβατον@nansc καί@b δίδωμι@vifa3s ὁ@ddms ἱερεύς@ndmsc ὁ@dams βραχίων@namsc καί@b ὁ@danp σιαγόνιον@nanpc καί@cs ὁ@dans ἔνυστρος@nansc"
"Deut_18.4","καί@b ὁ@dafp ἀπαρχή@nafpc ὁ@dgms σῖτος@ngmsc σύ@rpgcs καί@cs ὁ@dgms οἶνος@ngmsc σύ@rpgcs καί@cs ὁ@dgns ἔλαιον@ngnsc σύ@rpgcs καί@cs ὁ@dafs ἀπαρχή@nafsc ὁ@dgmp κουρά@ngmpc ὁ@dgnp πρόβατον@ngnpc σύ@rpgcs δίδωμι@vifa2s αὐτός@rpdms"
"Deut_18.5","ὅτι@cs αὐτός@rpams ἐκλέγω@viam3s κύριος@nnmsc ἐκ@p πᾶς@angfp- ὁ@dgfp φυλή@ngfpc σύ@rpgcs παρίστημι@vnra-- ἔναντι@p κύριος@ngmsc ὁ@dgms θεός@ngmsc λειτουργέω@vnpa-- καί@cs εὐλογέω@vnpa-- ἐπί@p ὁ@ddns ὄνομα@ndnsc αὐτός@rpgms αὐτός@rpnms καί@cs ὁ@dnmp υἱός@nnmpc αὐτός@rpgms ἐν@p ὁ@ddmp υἱός@ndmpc ἰσραήλ@ngmsp"
"Deut_18.6","ἐάν@cs δέ@b παραγίγνομαι@vsam3s ὁ@dnms λευίτης@nnmsp ἐκ@p εἷς@ ὁ@dgfp πόλις@ngfpc ἐκ@p πᾶς@angmp- ὁ@dgmp υἱός@ngmpc ἰσραήλ@nnmsp ὅς@rpgms αὐτός@rpnms παροικέω@vipa3s καθότι@cs ἐπιθυμέω@vipa3s ὁ@dnfs ψυχή@nnfsc αὐτός@rpgms εἰς@p ὁ@dams τόπος@namsc ὅς@rpams ἄν@b ἐκλέγω3@vsam3s"
"Deut_18.7","λειτουργέω@vifa3s ὁ@ddns ὄνομα@ndnsc κύριος@ngmsp ὁ@dgms θεός@ngmsc αὐτός@rpgms ὥσπερ@cs πᾶς@annmp- ὁ@dnmp ἀδελφός@nnmpc αὐτός@rpgms ὁ@dnmp λευεύω@nnmpp ὁ@dnmp παρίστημι@vpranmp ἐκεῖ@b ἐναντίον@p κύριος@ngmsc ὁ@dgms θεός@ngmsc σύ@rpgms"
"Deut_18.8","μερίς@nafsc μερίζω@vpreafs ἐσθίω@vifm3s πλήν@p ὁ@dgfs κτῆσις@ngfsc ὁ@dgfs κατά@p πατριά@nafsc"
"Deut_18.9","ἐάν@cs δέ@b εἰσέρχομαι@vsra2s εἰς@p ὁ@dafs γῆ@nafsc ἐάν@cs κύριος@nnmsc ὁ@dnms θεός@nnmsc σύ@rpgcs δίδωμι@vipa3s σύ@rpdcs οὐ@b μανθάνω@vifm2s ποιέω@vnpa-- κατά@p ὁ@danp βδέλυγμα@nanpc ὁ@dgnp ἔθνος@ngnpc ἐκεῖνος@rpgnp"
"Deut_18.10","οὐ@b εὑρίσκω@vifp3s τίθημι@vifm3s ἐν@p σύ@rpdcs περικαθαίρω@vppanms ὁ@dams υἱός@namsc αὐτός@rpgms καί@cs ὁ@dafs θυγάτηρ@nafsc αὐτός@rpgms ἐν@p πῦρ@ndnsc μαντεύομαι@vppenms μαντεία@nafsc κληδονίζω@vppenms καί@cs οἰωνίζομαι@vppenms φαρμακός@ndnpc"
"Deut_18.11","ἐπαείδω@vppanms ἐπαοιδή@nafsc ἐνγαστρίμυθος@annms- καί@cs τερατοσκόπος@annms- ὄψ@nnmsc ὁ@damp νεκρός@anamp-"
"Deut_18.12","εἰμί@vipa3s γάρ@b βδέλυγμα@nnnsc κύριος@ndmsc ὁ@ddms θεός@ndmsc σύ@rpgms πᾶς@annms- ποιέω@vppanms οὗτος@rpanp ἕνεκα@p γάρ@b ὁ@dgnp βδέλυγμα@ngnpc οὗτος@angnp- κύριος@nnmsc ἐξολεθρεύω@vifa3s αὐτός@rpamp ἀπό@p σύ@rpgms"
"Deut_18.13","τέλειος@annms- εἰμί@vifm2s ἐναντίον@p κύριος@ngmsp ὁ@dgms θεός@ngmsc σύ@rpgcs"
"Deut_18.14","ὁ@danp γάρ@b ἔθνος@nanpc οὗτος@ananp- ὅς@rpamp σύ@rpnms κατακληρονομέω@vipa2s αὐτός@rpamp οὗτος@rpnmp κληδών@ngmpc καί@cs μαντεία@ngfpc ἀκούω@vifm3p καί@b σύ@rpdms οὐ@b οὕτως@b δίδωμι@viaa3s κύριος@nnmsp ὁ@dnms θεός@nnmsc σύ@rpgms"
"Deut_18.15","προφήτης@namsp ἐκ@p ὁ@dgmp ἀδελφός@ngmpc σύ@rpgcs ὡς@cs ἐγώ@rpams ἀνίστημι@vifa3s κύριος@nnmsc ὁ@dnms θεός@nnmsc σύ@rpgcs σύ@rpdms αὐτός@b ἀκούω@vifm2p"
"Deut_18.16","κατά@p πᾶς@ananp- ὅσος@ananp- αἰτέω@viam2s παρά@p κύριος@ngmsc ὁ@dgms θεός@ngmsc σύ@rpgcs ἐν@p χωρήβ@nd-sp ὁ@ddfs ἡμέρα@ndfsc ὁ@dgfs ἐκκλησία@ngfsc λέγω3@vppanmp οὐ@b προστίθημι@vifa1p ἀκούω@vnaa-- ὁ@dafs φωνή@nafsc κύριος@ngmsc ὁ@dgms θεός@ngmsc σύ@rpgcs καί@cs ὁ@dans πῦρ@nansc ὁ@dans μέγας@anans- οὗτος@rpans οὐ@b ὁράω@vifm1p ἔτι@b οὐ@b δέ@cs μή@b ἀποθνῄσκω@vsaa1p"
"Deut_18.17","καί@b λέγω@viaa3s κύριος@nnmsc πρός@p ἐγώ@rpacs ὀρθός@nnmsp πᾶς@ananp- ὅσος@rpanp λαλέω@viaa3p πρός@p σύ@rpacs"
"Deut_18.18","προφήτης@vifa1s αὐτός@rpdmp ἐκ@p ὁ@dgmp ἀδελφός@ngmpc αὐτός@rpgmp ὥσπερ@cs σύ@rpa-s καί@b δίδωμι@vifa1s ὁ@danp ἐγώ@rpgcs ἐν@p ὁ@ddns στόμα@ndnsc αὐτός@rpgms καί@cs λαλέω@vifa3s αὐτός@rpdmp καθότι@cs ἄν@b ἐντέλλω@vsam1s αὐτός@rpdms"
"Deut_18.19","καί@b ὁ@dnms ἄνθρωπος@nnmsc ὅς@rpnms ἐάν@cs μή@b ἀκούω@vsaa3s ὅσος@ananp- ἐάν@b λαλέω@vsaa3s ὁ@dnms προφήτης@nnmsc ἐκεῖνος@annms- ἐπί@p ὁ@ddns ὄνομα@ndnsc ἐγώ@rpgms ἐγώ@rpnms ἐκδικέω@vifa1s ἐκ@p αὐτός@rpgms πλήν@b ὁ@dnms προφήτης@nnmsc ὅς@rpnms ἄν@b ἀσεβέω@vsaa3s λαλέω@vnaa-- ἐπί@p ὁ@ddns ὄνομα@ndnsc ἐγώ@rpgcs ῥῆμα@nansc ὅς@rpans οὐ@b προστάσσω@viaa1s λαλέω@vnaa-- καί@cs ὅς@rpnms ἄν@b λαλέω@vsaa3s ἐν@p ὄνομα@ndnsc θεός@ngmpc ἕτερος@angmp- ἀποθνῄσκω@vifm3s ὁ@dnms προφήτης@nnmsc ἐκεῖνος@annms- ἐάν@cs δέ@b εἶπον@vsaa2s ἐν@p τῆ@ddfs καρδία@ndfsc σύ@rpgms πῶς@b γιγνώσκω@vifm1p ὁ@dans ῥῆμα@nansc ὅς@rpans οὐ@b λαλέω@viaa3s κύριος@nnmsc ὅσος@ananp- ἐάν@cs λαλέω@vsaa3s ὁ@dnms προφήτης@nnmsc ἐκεῖνος@annms- ὁ@ddns ὄνομα@ndnsc πού@b καί@b μή@b γίγνομαι@vsam3s καί@cs μή@b συμβαίνω@vsaa3s οὗτος@annns- ὁ@dnns ῥῆμα@nnnsc ὅς@rpans οὐ@b λαλέω@viaa3s κύριος@nnmsp ἐν@p ἀσέβεια@ndfsc λαλέω@viaa3s ὁ@dnms προφήτης@nnmsc ἐκεῖνος@rpnms οὐ@b ἀπέχω@vifm2p αὐτός@rpgms xix@"
"Deut_19.1","xixτητής@dafs γῆ@nafsc καί@cs κατακληρονομέω@vsaa2p αὐτός@rpamp καί@cs κατοικέω@vsaa2p ἐν@p ὁ@ddfp πόλις@ndfpc αὐτός@rpgmp καί@cs ἐν@p ὁ@ddmp οἶκος@ndmpc αὐτός@rpgmp"
"Deut_19.2","τρεῖς@ πόλις@nafpc διαστέλλω@vifa2s σεαυτοῦ@rpdms ἐν@p μέσος@andms- ὁ@dgfs γῆ@ngfsc σύ@rpgcs ὅς@rpgfs κύριος@nnmsp"
"Deut_19.3","στορέννυμι@vifm3s σύ@rpdcs ὁ@dafs ὁδός@nafsc καί@cs τριμερίζω@vifa2s ὁ@danp ὅριον@nanpc ὁ@dgfs γῆ@ngfsc σύ@rpgcs ἐάν@cs κατά@vipa3s μερίζω@vipa3s σύ@rpdcs κύριος@nnmsc ὁ@dnms θεός@nnmsc σύ@rpgcs καί@cs εἰμί@vifm3s καταφυγή@nnfsc ἐκεῖ@b πᾶς@andms- φονευτής@ndfsc"
"Deut_19.4","οὗτος@rpnns δέ@b εἰμί@vifm3s ὁ@dnns πρόσταγμα@nnnsc ὁ@dgms φονευτής@ngmsc ὅς@rpnms ἄν@b φεύγω@vsaa3s ἐκεῖ@b καί@cs ζάω@vifm3s ὅς@rpnms ἄν@b πατάσσω@vsaa3s ὁ@dams πλησίος@anams- αὐτός@rpgms οὐ@b οἶδα@vpranms καί@b οὗτος@rpnms οὐ@b μισέω@vppanms αὐτός@rpams πρό@p ὁ@dgfs χθές@b καί@cs τρίτος@angfs-"
"Deut_19.5","καί@b ὅς@rpnms ἄν@b εἰσέρχομαι@vsaa3s μετά@p ὁ@dgms πλησίος@b εἰς@p ὁ@dams δρυμός@namsc συνάγω@vnaa-- ξύλον@nanpc καί@b ἐκκρουστάζω@vsap3s ὁ@dnfs χείρ@nnfsc αὐτός@rpgms ὁ@ddfs ἀξίνη@ndfsc κόπτω@vppagms ὁ@dans ξύλον@nansc καί@cs ἐκπίπτω@vpaanns ὁ@dans σιδήριον@nansc ἀπό@p ὁ@dgns ξύλον@ngnsc τύχη@ndfsc ὁ@dgms πλησίος@b καί@cs ἀποθνήσκω@vsaa3s οὗτος@rpnms καταφεύγω@vifm3s εἰς@p εἷς@ ὁ@dgfp πόλις@ngfpc οὗτος@rpgfp καί@cs ζάω@vifm3s"
"Deut_19.6","ἵνα@cs μή@b διώκω@vpaanms ὁ@dnms ἀγχιστεύω@vppanms ὁ@dgns αἷμα@ngnsc ὀπίσω@p ὁ@dgms φονεύω@vpaagms ὅτι@cs παραρμάσσω@vire3s ὁ@ddfs καρδία@ndfsc καί@cs καταλαμβάνω@vsaa3s αὐτός@rpams ἐάν@cs μακρός@annfs- εἰμί@viia3s ὁ@dnfs ὁδός@nnfsc καί@cs πατάσσω@vsaa3s αὐτός@rpgms ψυχή@nafsc καί@b οὗτος@rpdms οὐ@b εἰμί@vipa3s κρίσις@nnfsc θάνατος@ngmsc ὅτι@cs οὐ@b μισέω@vppanms εἰμί@viia3s αὐτός@rpams πρό@p ὁ@dgfs χθές@b οὐ@b δέ@cs πρό@p ὁ@dgfs τρίτος@angfs-"
"Deut_19.7","διά@p οὗτος@rpans ἐγώ@rpnms ἐντέλλομαι@vipe1s σύ@rpdms ὁ@dans ῥῆμα@nansc οὗτος@rpans λέγω3@vppanms τρεῖς@anafp- πόλις@nafpc διαστέλλω@vifa2s σεαυτοῦ@rpdms"
"Deut_19.8","ἐάν@cs δέ@b ἐμπλατύνω@vsaa3s κύριος@nnmsp ὁ@dnms θεός@nnmsc σύ@rpgcs ὁ@danp ὅριον@nanpc σύ@rpgms ὅς@anams- τρόπος@namsc ὄμνυμι@viaa3s ὁ@ddmp πατήρ@ndmpc σύ@rpgcs καί@cs δίδωμι@vsaa3s σύ@rpdms κύριος@nnmsc πᾶς@anafs- ὁ@dafs γῆ@nafsc ὅς@rpafs λέγω@viaa3s δίδωμι@vnaa-- ὁ@ddmp πατήρ@ndmpc σύ@rpgcs"
"Deut_19.9","ἐάν@cs ἀκούω@vsaa2s ποιέω@vnpa-- πόσος@anafp- ὁ@dafp ἐντολή@nafpc οὗτος@anafp- ὅς@rpafp ἐγώ@rpnms ἐντέλλομαι@vipe1s σύ@rpdms σήμερον@b ἀγαπάω@vppanms κύριος@namsc ὁ@dams θεός@namsc σύ@rpgms πορεύω@vnpe-- ἐν@p πᾶς@andfp- ὁ@ddfp ὁδός@ndfpc αὐτός@rpgms πᾶς@anafp- ὁ@dafp ἡμέρα@nafpc καί@b προστίθημι@vifa2s σεαυτοῦ@rpdms ἔτι@b τρεῖς@anafp- πόλις@nafpc πρός@p ὁ@dafp τρεῖς@anafp- οὗτος@rpafp"
"Deut_19.10","καί@b καί@b οὐ@b ἐκχέω@vifp3s αἷμα@nnnsc ἀναίτιος@annns- ἐν@p τῆ@ddfs γῆ@ndfsc ὅς@rpdfs κύριος@nnmsc ὁ@dnms θεός@nnmsc σύ@rpgcs δίδωμι@vipa3s σύ@rpdcs ἐν@p κλῆρος@ndmsc καί@cs οὐ@b εἰμί@vifm3s ἐν@p σύ@rpdcs αἷμα@ndnsc ἔνοχος@annms-"
"Deut_19.11","ἐάν@cs δέ@b γίγνομαι@vsam3s ἐν@p σύ@rpdms ἄνθρωπος@nnmsc ῥῶψ@nansc μισέω@vppanms ὁ@dams πλησίος@anams- καί@b ἐνεδρεύω@vifm2s αὐτός@rpams καί@cs ἐπανίστημι@vifm2s ἐπί@p αὐτός@rpams καί@cs πατάσσω@vifm2s αὐτός@rpgms ψυχή@nafsc καί@b ἀποθνήσκω@vsaa3s καί@cs φεύγω@vsaa3s εἰς@p εἷς@ ὁ@dgfp πόλις@ngfpc οὗτος@angfp-"
"Deut_19.12","καί@b ἀποστέλλω@vifa3p ὁ@dnfs γερουσία@nnfsc ὁ@dgfs πόλις@ngfsc αὐτός@rpgms καί@b λῆμα@nansc ’@nanpc ψάω@vifm3p αὐτός@rpams ἐκεῖθεν@b καί@cs παραδίδωμι@vifa3p αὐτός@rpams εἰς@p χείρ@nafpc ὁ@dgmp ἀγχιστεύω@vppagmp ὁ@dgns αἷμα@ngnsc καί@cs ἀποθνῄσκω@vifm3s"
"Deut_19.13","οὐ@b φείδομαι@vifm3s ὁ@dnms ὀφθαλμός@nnmsc σύ@rpgcs ἐπί@p αὐτός@rpamd καί@cs καθαίρω@vifa2s ὁ@dans αἷμα@nansc ὁ@dans ἀναίτιος@anans- ἐκ@p ἰσραήλ@ng-sp καί@cs εὖ@b σύ@rpdcs ἵστημι@vipe2s"
"Deut_19.14","οὐ@b μετακινέω@vifa2s ὅριον@nanpc ὁ@dgms πλησίος@b ὅς@rpanp ἵστημι@viaa3p ὁ@dnmp πατήρ@nnmpc σύ@rpgcs ἐν@p ὁ@ddfs κληρονομία@ndfsc ὅς@rpdfs κατακληρονομέω@viap2s ἐν@p ὁ@ddfs γῆ@ndfsc ὅς@rpdfs κύριος@nnmsc ὁ@dnms θεός@nnmsc σύ@rpgcs δίδωμι@vipa3s σύ@rpdcs ἐν@p κλῆρος@ndmsc"
"Deut_19.15","οὐ@b ἐμμένω@vifa3s μάρτυς@nnmsc εἷς@annms- μαρτυρέω@vnaa-- κατά@p ἄνθρωπος@ngmsc κατά@p πᾶς@anafs- ἀδικία@nafsc καί@b κατά@p πᾶς@anans- ἁμάρτημα@nansc καί@cs κατά@p πᾶς@anafs- ἁμαρτία@nafsc ὅς@rpafs ἄν@b ἁμαρτάνω@vsaa3s ἐπί@p στόμα@ngnsc δύο@ μάρτυς@ngmpc καί@cs ἐπί@p στόμα@ngnsc τρεῖς@ μάρτυς@ngmpc ἵστημι@vifm3s πᾶς@annns- ῥῆμα@nnnsc"
"Deut_19.16","ἐάν@cs δέ@b καθίστημι@vsaa3s μάρτυς@nnmsc ἄδικος@annms- κατά@p ἄνθρωπος@ngmsc καταλέγω@vppanms αὐτός@rpgms ἀσέβεια@nafsc"
"Deut_19.17","καί@b καί@b γιγνώσκω@vifm3p ὁ@dnmp δύο@an---- ἄνθρωπος@nnmpc ὅς@rpdmp εἰμί@vipa3s αὐτός@rpdmp ὁ@dnfs ἀντιλογία@nnfsc ἔναντι@p κύριος@ngmsc καί@b ἔναντι@p ὁ@dgmp ἱερεύς@ngmpc καί@cs ἔναντι@p ὁ@dgmp κριτής@ngmpc οι@dnmp ἐάν@cs εἰμί@vspa3p ἐν@p ὁ@ddfp ἡμέρα@ndfpc ἐκεῖνος@rpdfp"
"Deut_19.18","καί@b ἐξετάζω@vsaa3p ὁ@dnmp κριτής@nnmpc ἀκριβής@b καί@cs ἰδού@cs μάρτυς@nnmsc ἄδικος@annms- μαρτυρέω@viaa3s ἄδικος@ananp- ἀνθίστημι@viaa3s κατά@p ὁ@dgms ἀδελφός@ngmsc αὐτός@rpgms"
"Deut_19.19","καί@b ποιέω@vifa2p αὐτός@rpdms ὅς@rpams τρόπος@namsc ἐπιβουλεύω@viam3s ποιέω@vnaa-- κατά@p ὁ@dgms ἀδελφός@ngmsc αὐτός@angms- καί@b ἐξαίρω@vifa2s ὁ@dams πονηρός@anams- ἐκ@p σύ@rpgcp"
"Deut_19.20","καί@cs ὁ@dnmp ἐπίλοιπος@annmp- ἀκούω@vpaanmp φοβέω@vifp3p καί@cs οὐ@b προστίθημι@vifa3p ἔτι@b ποιέω@vnaa-- κατά@p ὁ@dans ῥῆμα@nansc οὗτος@anans- ὁ@dans πονηρός@anans- ἐν@p σύ@rpdmp"
"Deut_19.21","οὐ@b φείδομαι@vifm3s ὁ@dnms ὀφθαλμός@nnmsc σύ@rpgcs ἐπί@p αὐτός@rpdms ψυχή@nafsc ἀντί@p ψυχή@ngfsc ὀφθαλμός@namsc ἀντί@p ὀφθαλμός@ngmsc ὀδούς@namsc ἀντί@p ὀδούς@ngmsc χείρ@nafsc ἀντί@p χείρ@ngfsc πούς@namsc ἀντί@p πούς@ngmsc"
"Deut_20.1","ἐάν@cs δέ@b ἐξέρχομαι@vsra2s εἰς@p πόλεμος@namsc ἐπί@p ὁ@damp ἐχθρός@anamp- σύ@rpgcs καί@cs ἴδη@vsaa2s ἵππος@namsc καί@b ἀναβάτης@namsc καί@cs λαός@namsc πλείων@anamsc σύ@rpgms οὐ@b φοβέω@vifp2s ἀπό@p αὐτός@rpgmp ὅτι@cs κύριος@nnmsc ὁ@dnms θεός@nnmsc σύ@rpgcs μετά@p σύ@rpgcs ὁ@dnms ἀναβιβάζω@vpaanms σύ@rpacs ἐκ@p γῆ@ngfsc αἴγυπτος@ngfsp"
"Deut_20.2","καί@b εἰμί@vifm3s ὅταν@cs ἐγγίζω@vsaa2s ὁ@ddms πόλεμος@ndmsc καί@cs προσβλέπω@vpaanms ὁ@dnms ἱερεύς@nnmsc λαλέω@vifa3s ὁ@ddms λαός@ndmsc καί@cs ἐρῶ@vifa3s πρός@p αὐτός@rpamp ἀκούω@nvmsp ἰσραήλ@nvmsp"
"Deut_20.3","σύ@rpnmp πορεύω@vifm2p σήμερον@b εἰς@p ὁ@dams πόλεμος@namsc ἐπί@p ὁ@damp ἐχθρός@nampc σύ@rpgmp μή@cs ἐκλύω@vmpe3s ὁ@dnfs καρδία@nnfsc σύ@rpgmp μή@b φοβέω@vmpe2p μη@b δέ@cs θραύω@vmpe2p μη@b δέ@cs ἐκκλίνω@vsaa2p ἀπό@p πρόσωπον@ngnsc αὐτός@rpgmp"
"Deut_20.4","ὅτι@cs κύριος@nnmsp ὁ@dnms θεός@nnmsc σύ@rpgmp ὁ@dnms προπορεύω@vppenms μετά@p σύ@rpgmp σαι@voaa3s σύ@rpdmp ὁ@damp ἐχθρός@nampc σύ@rpgmp διασῴζω@vnaa-- σύ@rpamp"
"Deut_20.5","καί@b λαλέω@vifa3p ὁ@dnmp γραμματεύς@nnmpc πρός@p ὁ@dams λαός@namsc λέγω3@vppanmp τις@rpnms ὁ@dnms ἄνθρωπος@nnmsc ὁ@dnms οἰκοδομέω@vpaanms οἰκία@nafsc κοινός@anafs- καί@cs οὐ@b ἐνκαινίζω@viaa3s αὐτός@rpafs πορεύω@vmpe3s καί@cs ἀποστρέφω@vmap3s εἰς@p ὁ@dafs οἰκία@nafsc αὐτός@rpgms μή@cs ἀποθνήσκω@vsaa3s ἐν@p ὁ@ddms πόλεμος@ndmsc καί@cs ἄνθρωπος@nnmsc ἕτερος@annms- ἀνακαινίζω@vifa3s αὐτός@rpafs"
"Deut_20.6","καί@b τις@rpnms ὁ@dnms ἄνθρωπος@nnmsc ὅστις@rpnms φυτεύω@viaa3s ἀμπελών@namsc καί@cs οὐ@b εὐφραίνω@viap3s ἐκ@p αὐτός@rpgms πορεύω@vmpe3s καί@cs ἀποστρέφω@vmap3s εἰς@p ὁ@dafs οἰκία@nafsc αὐτός@rpgms μή@cs ἀποθνῄσκω@vsaa3s ἐν@p ὁ@ddms πόλεμος@ndmsc καί@cs ἄνθρωπος@nnmsc ἕτερος@annms- εὐφραίνω@vifp3s ἐκ@p αὐτός@rpgms"
"Deut_20.7","καί@b τις@rpnms ὁ@dnms ἄνθρωπος@nnmsc ὅστις@rpnms μιμνήσκω@vire3s γυνή@nafsc καί@cs οὐ@b λαμβάνω@viaa3s αὐτός@rpafs πορεύω@vmpe3s καί@cs ἀποστρέφω@vmap3s εἰς@p ὁ@dafs οἰκίον@nafsc αὐτός@rpgms μή@cs ἀποθνήσκω@vsaa3s ἐν@p ὁ@ddms πόλεμος@ndmsc καί@cs ἄνθρωπος@nnmsc ἕτερος@annms- λαμβάνω@vifm3s αὐτός@rpafs"
"Deut_20.8","καί@b προστίθημι@vifa3p ὁ@dnmp γραμματεύς@nnmpc λαλέω@vnaa-- πρός@p ὁ@dams λαός@namsc καί@cs λέγω@vifa3p τις@rpncs ὁ@dnms ἄνθρωπος@nnfsc ὁ@dnms φοβέω@vppenms καί@cs δειλός@annms- τῆ@b πορεύω@vmpe3s πορεύω@vmpe3s καί@cs ἀποστρέφω@vmpa3s εἰς@p ὁ@dafs οἰκία@nafsc αὐτός@rpgms ἵνα@cs μή@b δειλιάω@vspa3s ὁ@dafs καρδία@nafsc ὁ@dgms ἀδελφός@ngmsc αὐτός@rpgms ὥσπερ@cs ὁ@dnfs αὐτός@rpgms"
"Deut_20.9","καί@b εἰμί@vifm3s ὅταν@cs παύω@vsam3p ὁ@dnmp γραμματεύς@nnmpc λαλέω@vppanmp πρός@p ὁ@dams λαός@namsc καί@cs καθίστημι@vifa3p ἄρχων@vppaamp ὁ@dgfs στρατιά@ngfsc προηγέομαι@vppeamp ὁ@dgms λαός@ngmsc"
"Deut_20.10","ἐάν@cs δέ@b προσέρχομαι@vsaa2s πρός@p πόλις@nafsc ἐκπολεμέω@vnaa-- αὐτός@rpamp καί@b ἐκκαλέω@vmam2s αὐτός@rpamp μετά@p εἰρήνη@ngfsc"
"Deut_20.11","ἐάν@cs μέν@b εἰρηνικός@ananp- ἀποκρίνω@vsap3p σύ@rpdcs καί@cs ἀνοίγνυμι@vsaa3p σύ@rpdcs ἕννυμι@rpnmp πᾶς@annms- ὁ@dnms λαός@nnmsc ὁ@dnmp εὑρίσκω@vpapnmp ἐν@p αὐτός@rpdfs εἰμί@vifm3s σύ@rpdms φορολόγος@annmp- καί@cs ὑπήκοος@annmp- σύ@rpgms"
"Deut_20.12","ἐάν@cs δέ@b μή@b ὑπακούω@vsaa3p σύ@rpdcs καί@cs ποιέω@vspa3p πρός@p σύ@rpacs πόλεμος@namsc περικαθίω@vifa2s αὐτός@rpafs"
"Deut_20.13","ἕως@p ἄν@b παραδίδωμι@vsaa3s σύ@rpdcs αὐτός@rpafs κύριος@nnmsc ὁ@dnms θεός@nnmsc σύ@rpgcs εἰς@p ὁ@dafp χείρ@nafpc σύ@rpgcs καί@cs πατάσσω@vifa2s πᾶς@anans- ἀρσενικός@anans- αὐτός@rpgfs ἐν@p φόνος@ndmsc μάχαιρα@ngfsc"
"Deut_20.14","πλήν@p ὁ@dgfp γυνή@ngfpc καί@cs ὁ@dgfs ἀποσκευή@ngfsc καί@b ὅσος@annnp- ἄν@b ὑπάρχω@vspa3s ἐν@p ὁ@ddfs πόλις@ndfsc καί@b πᾶς@anafs- ὁ@dafs ἀπαρτία@nafsc προνομεία@vifa2s σεαυτοῦ@rpdms καί@cs ἐσθίω@vifm2s πᾶς@anafs- ὁ@dafs προνομή@nafsc ὁ@dgmp ἐχθρός@ngmpc σύ@rpgcs ὅς@rpams κύριος@nnmsc ὁ@dnms θεός@nnmsc σύ@rpgcs δίδωμι@vipa3s σύ@rpdms"
"Deut_20.15","οὕτως@b ποιέω@vifa2s πᾶς@anafp- ὁ@dafp πόλις@nafpc ὁ@dafp μακράν@b εἰμί@vppaafp σύ@rpgcs σφόδρα@b οὐ@b ἐκ@p ὁ@dgfp πόλις@ngfpc ὁ@dgnp ἔθνος@ngnpc οὗτος@angnp-"
"Deut_20.16","ὅς@rpgfp κύριος@nnmsc ὁ@dnms θεός@nnmsc σύ@rpgcs δίδωμι@vipa3s σύ@rpdcs διανέμω@vnpa-- ὁ@dafs γῆ@nafsc αὐτός@rpgmp οὐ@b ζωγρέω@vifa2p πᾶς@anans- ἐμπνέω@anans-"
"Deut_20.17","ἀλλά@cs ὅς@andns- ἄθεσμον@ndnsc ἀναθεματιέω@vifa2p αὐτός@rpamp ὁ@dams χετταῖος@nansp καί@b ἀμορραῖος@namsp καί@b χαναναῖος@namsp καί@b φερεζαῖος@namsp καί@b εὑαῖος@namsp καί@cs ἰεβουσαῖος@namsp ὅς@anams- τρόπος@namsc ἐντέλλω@viam3s σύ@rpdms κύριος@nnmsc ὁ@dnms θεός@nnmsc σύ@rpgcs"
"Deut_20.18","ἵνα@cs μή@b διδάσκω@vsaa3p σύ@rpamp ποιέω@vnpa-- πᾶς@ananp- ὁ@danp βδέλυγμα@nanpc αὐτός@rpgmp ὅσος@ananp- ποιέω@viaa3p ὁ@ddmp θεός@ndmpc αὐτός@rpgmp καί@cs ἁμαρτάνω@vifm2p ἐναντίον@p κύριος@ngmsp ὁ@dgms θεός@ngmsc σύ@rpgmp"
"Deut_20.19","ἐάν@cs δέ@b περικαθίζω@vsaa2s περί@p πόλις@nafsc εἷς@ ἡμέρα@nafpc πλείων@anafpc ἐκπολεμέω@vnaa-- αὐτός@rpafs εἰς@p κατάληψις@nafsc αὐτός@rpgfs οὐ@b ἐξολέθρευσις@vifa2s ὁ@danp δένδρον@nanpc αὐτός@rpgfs ἐπιβάλλω@vnaa-- ἐπί@p αὐτός@rpanp σίδηρος@namsc ἀλλά@cs ’@b ἤ1@cs ἀπό@p αὐτός@rpgns ἐσθίω@vifm2s αὐτός@rpans δέ@x οὐ@b ἐκκόπτω@vifa2s μή@b ἄνθρωπος@nnmsc ὁ@dans ξύλον@nansc ὁ@dans ἐν@p ὁ@ddms ἀγρός@ndmsc εἰσέρχομαι@vnaa-- ἀπό@p πρόσωπον@ngnsc σύ@rpgcs εἰς@p ὁ@dams χάραξ@namsc"
"Deut_20.20","ἀλλά@b ξύλον@nnnsc ὅς@rpnns ἐπίσταμαι@vipe2s ὅτι@cs οὐ@b καρπόβρωτος@annns- εἰμί@vipa3s οὗτος@rpans ὀλεθρεία@vifa2s καί@b ἐκκόπτω@vifa2s καί@cs οἰκοδόμησις@vifa2s χαράξω@vipa3s ἐπί@p ὁ@dafs πόλις@nafsc ὅστις@rpnfs ποιέω@vipa3s πρός@p σύ@rpams ὁ@dams πόλεμος@namsc ἕως@cs ἄν@b παραδίδωμι@vsap3s"
"Deut_21.1","ἐάν@cs δέ@b εὑρίσκω@vsap3s τραυματίας@nnmsc ἐν@p ὁ@ddfs γῆ@ndfsc ὅς@rpdms κύριος@nnmsc ὁ@dnms θεός@nnmsc σύ@rpgcs δίσσομαι@vofa3s x@rpgcs κληρονομέω@vnaa-- πίπτω@vpranms ἐν@p ὁ@ddns πεδίον@ndnsc καί@cs οὐ@b οἶδα@vsra3p ὁ@dams πατάσσω@vpaaams"
"Deut_21.2","ἐξέρχομαι@vifm3s ὁ@dnfs γερουσία@nnfsc σύ@rpgcs καί@cs ὁ@dnmp κριτής@nnmpc σύ@rpgms καί@b ἐκμετρέω@vifa3p ἐπί@p ὁ@dafp πόλις@nafpc ὁ@dafp κύκλος@ndmsc ὁ@dgms τραυματίον@ngmsc"
"Deut_21.3","καί@b εἰμί@vifm3s ὁ@dnfs πόλις@nnfsc ὁ@dnfs ἐγγίζω@vppanfs ὁ@ddms τραυματίας@ndmsc καί@cs λαμβάνω@vifm3s ὁ@dnfs γερουσία@nnfsc ὁ@dgfs πόλις@ngfsc ἐκεῖνος@rpgfs δάμαλις@nafsc ἐκ@p βοῦς@vppanms ὅστις@rpnfs οὐ@b ἐργάζομαι@vire3s καί@cs ὅστις@rpnfs οὐ@b ἕλκω@viaa3s ζυγόν@nansc"
"Deut_21.4","καί@b καταβιβάζω@vifa3p ὁ@dnfs γερουσία@nnfsc ὁ@dgfs πόλις@ngfsc ἐκεῖνος@rpgfs δάμαλις@nafsc εἰς@p φάραγξ@nafsc τραχύς@anafs- ὅστις@rpnfs οὐ@b ἐργάζομαι@vire3s οὐ@b δέ@cs σπείρω@vipe3s καί@cs νευροκοπέω@vifa3p ὁ@dafs δάμαλις@nafsc ἐν@p ὁ@ddfs φάραγξ@ndfsc"
"Deut_21.5","καί@b ὁ@dnmp ἱερεύς@nnmpc ὁ@dnmp λευεύω@nnmpp ὅτι@cs αὐτός@rpamp ἐπιλέγω@viaa3s κύριος@nnmsp ὁ@dnms θεός@nnmsc παρίστημι@vnra-- αὐτός@rpdms καί@cs εὐλογέω@vnpa-- ἐπί@p ὁ@ddns ὄνομα@ndnsc αὐτός@rpgms καί@cs ἐπί@p ὁ@ddns στόμα@ndnsc αὐτός@rpgmp εἰμί@vifm3s πᾶς@annfs- ἀντιλογία@nnfsc καί@cs πᾶς@annfs- ἁφή@nnfsc"
"Deut_21.6","καί@cs πᾶς@annfs- ὁ@dnfs γερουσία@nnfsc ὁ@dgfs πόλις@ngfsc ἐκεῖνος@rpgfs ὁ@dnmp ἐγγίζω@vppanmp ὁ@ddms τραυματίας@ndnsc τραυματίας@andfs- ὁ@dafp χείρ@nafpc ἐπί@p ὁ@dafs κεφαλή@nafsc ὁ@dgfs βοῦς@ngfsc ὁ@dgfs νευροκοπέω@vpregfs ἐν@p ὁ@ddfs φάραγξ@ndfsc"
"Deut_21.7","καί@cs ἀποκρίνω@vpapnmp λέγω@vifa3p ὁ@dnmp χείρ@nnmpp ἐγώ@rpgmp οὐ@b ἐκχέω@voaa3p ὁ@dans αἷμα@nansc οὗτος@rpans καί@cs ὁ@dnmp ὀφθαλμός@nnmpc ἐγώ@rpgcp οὐ@b ὁράω@vira3p"
"Deut_21.8","ἴλαος@nnmsc γίγνομαι@vmam2s ὁ@ddms λαός@ndmsc σύ@rpgcs ἰσραήλ@nampp ὅς@rpamp λυτρωσάω@vifa1s κύριος@nvmsc ἵνα@cs μή@b γίγνομαι@vsam3s αἷμα@nnnsc ἀναίτιος@annns- ἐν@p ὁ@ddms λαός@ndmsc σύ@rpgcs ἰσραήλ@nvmsp καί@b ἐξιλάσκομαι@vifp3s αὐτός@rpdmp ὁ@dnns αἷμα@nnnsc"
"Deut_21.9","σύ@rpnms δέ@b ἐξαίρω@vifa2s ὁ@dans αἷμα@nansc ὁ@dans ἀναίτιος@anans- ἐκ@p σύ@rpgmp αὐτός@rpgmp ἐάν@cs ποιέω@vsaa2s ὁ@dans καλός@anans- καί@cs ὁ@dans ἀρεστός@anans- ἔναντι@p κύριος@ngmsc ὁ@dgms θεός@ngmsc σύ@rpgms"
"Deut_21.10","ἐάν@cs δέ@b ἐξέρχομαι@vpaanms εἰς@p πόλεμος@namsc ἐπί@p ὁ@damp ἐχθρός@anamp- σύ@rpgms καί@b παραδίδωμι@vsaa3s σύ@rpdms κύριος@nnmsp ὁ@dnms θεός@nnmsc σύ@rpgcs εἰς@p ὁ@dafp χείρ@nafpp σύ@rpgms καί@cs προνομεία@vifa2s ὁ@dafs προνομή@nafsc αὐτός@rpgmp"
"Deut_21.11","καί@b ἴδη@vsaa2s ἐν@p ὁ@ddfs προνομή@ndfsc γυνή@nafsc καλός@anafs- ὁ@ddms εἶδος@ndnsc καί@cs ἐνθυμέομαι@vsap2s αὐτός@rpgfs καί@cs λαμβάνω@vsaa2s αὐτός@rpafs σεαυτοῦ@rpdms γυνή@nafsc"
"Deut_21.12","καί@cs εἰσάγω@vifa2s αὐτός@rpafs ἔνδον@b εἰς@p ὁ@dafs οἰκία@nafsc σύ@rpgcs καί@cs ξυρέω@vifa2s ὁ@dafs κεφαλή@nafsc αὐτός@rpgfs καί@cs περιονυχίζω@vifa2s αὐτός@rpafs"
"Deut_21.13","καί@b καί@b περιαιρέω@vifa2s ὁ@danp ἱμάτιον@nanpc ὁ@dgfs αἰχμαλωσία@ngfsc ἀπό@p αὐτός@rpgfs καί@cs καθίημι@vifm3s ἐν@p ὁ@ddfs οἰκία@ndfsc σύ@rpgcs καί@cs κλαίω@vifm3s ὁ@dams πατήρ@namsc καί@cs ὁ@dafs μήτηρ@nafsc μείς@ngmsc ἡμέρα@nafpc καί@b μετά@p οὗτος@rpanp εἰσέρχομαι@vifm2s πρός@p αὐτός@rpafs καί@cs συνοικίζω@vifp3s αὐτός@rpdfs καί@cs εἰμί@vifm3s σύ@rpgcs γυνή@nnfsc"
"Deut_21.14","καί@cs εἰμί@vifm3s ἐάν@cs μή@b ἐθέλω@vspa2s αὐτός@rpafs ἀποστέλλω@vifa2s αὐτός@rpafs ἐλεύθερος@anafs- καί@cs πρᾶξις@ndfsc οὐ@b πιπράσκω@vifp3s ἀργύριον@ngnsc οὐ@b ἀθετέω@vifa2s αὐτός@rpafs διότι@cs ταπεινόω@viaa2s αὐτός@rpafs"
"Deut_21.15","ἐάν@cs δέ@b γίγνομαι@vsam3p ἄνθρωπος@ndmsc δύο@an---- γυνή@nnfpc εἷς@annfs- αὐτός@rpgfp ἀγαπάω@vprenfs καί@cs εἷς@annfs- αὐτός@rpgfp μισέω@vppenfs καί@cs τίκτω@vsaa3p αὐτός@rpdms ὁ@dnfs ἀγαπάω@vprenfs καί@cs ὁ@dnfs μισέω@vppenfs καί@cs γίγνομαι@vsam3s υἱός@nnmsc πρωτότοκος@annms- ὁ@dgfs μισέω@vppegfs"
"Deut_21.16","καί@b εἰμί@vifm3s ὅς@rpdfs ἄν@b ἡμέρα@ndfsc κατακληρονομέω@vspa3s ὁ@ddmp υἱός@ndmpc αὐτός@rpgms ὁ@danp ὑπάρητις@nnfsc ἔχω@vppaanp αὐτός@rpgms οὐ@b δύναμαι@vifm3s πρωτοτοκεύω@vnaa-- ὁ@ddms υἱός@ndmsc ὁ@dgfs ἀγαπάω@vpregfs ὁ@dams υἱός@namsc ὁ@dgfs μισέω@vppegfs ὁ@dams πρωτότοκος@anams-"
"Deut_21.17","ἄλλος@b ὁ@dams ἀλλά@b ὁ@dams πρωτότοκος@anams- υἱός@namsc ὁ@dgfs μισέω@vppegfs ἐπιγιγνώσκω@vifm3s δίδωμι@vnaa-- αὐτός@rpdms διπλοῦς@ananp- ἀπό@p πᾶς@angnp- ὅς@rpgnp ἄν@b εὑρίσκω@vsap3s αὐτός@rpdms ὅτι@cs οὗτος@rpnms εἰμί@vipa3s ἀρχή@nnfsc τέκνον@ngnpc αὐτός@rpgms καί@cs οὗτος@rpdms καθήκω@vipa3s ὁ@dnnp πρωτοτοκεῖον@annnp-"
"Deut_21.18","ἐάν@cs δέ@b δέ@b τις@rpdcs εἰμί@vspa3s υἱός@nnmsc ἀπειθής@annms- καί@cs ἐρεθιστής@nnmsc οὐ@b ὑπακούω@vppanms φωνή@nafsc πατήρ@ngmsc καί@cs φωνή@nafsc μήτηρ@ngfsc καί@b παιδεύω@vsaa3p αὐτός@rpams ὡς@cs ἱν@vppanms αὐτός@rpams καί@cs μή@b εἰσακούω@vspa3s αὐτός@rpgmp"
"Deut_21.19","καί@b συλλαμβάνω@vpaanmp αὐτός@rpams ὁ@dnms πατήρ@nnmsc αὐτός@rpgms καί@cs ὁ@dnfs μήτηρ@nnfsc αὐτός@rpgms καί@b ἐξάγω@vifa3p αὐτός@rpams ἐπί@p ὁ@dafs γερουσία@nafsc ὁ@dgfs πόλις@ngfsc αὐτός@rpgms καί@cs ἐπί@p ὁ@dafs πύλη@nafsc ὁ@dgms τόπος@ngmsc"
"Deut_21.20","καί@cs λέγω@vifa3p ὁ@ddmp ἀνήρ@ndmpc ὁ@dgfs πόλις@ngfsc αὐτός@rpgmp ὁ@dnms υἱός@nnmsc ἐγώ@rpgcp πείθω@viia3s καί@cs ἐρεθίζω@vipa3s οὐ@b ὑπακούω@vipa3s ὁ@dgfs φωνή@ngfsc ἐγώ@rpgcp συμβολοκοπέω@vppanms οἰνοφλυγής@vipa3s"
"Deut_21.21","καί@b καί@b λιθοβολέω@vifa3p αὐτός@rpams ὁ@dnmp ἀνήρ@nnmpc ὁ@dgfs πόλις@ngfsc αὐτός@rpgms ἐν@p λίθος@ndmpc καί@cs ἀποθνῄσκω@vifm3s καί@b ἐξαίρω@vifa2s ὁ@dams πονηρός@anams- ἐκ@p σύ@rpgmp αὐτός@angmp- καί@cs ὁ@dnmp ἐπίλοιπος@annmp- ἀκούω@vpaanmp φοβέω@vifp3p ἐάν@cs δέ@b γίγνομαι@vsam3s ἐν@p τις@rpd-s ἁμαρτία@nnfsc κρίμα@vmpa2s θάνατος@ngmsc καί@b αὐτός@b ἐπί@p ὁ@dgns ξύλον@ngnsc ἀλλά@cs ταφή@ndfsc θάπτω@viaa3s αὐτός@rpans ἐν@p ὁ@ddfs ἡμέρα@ndfsc ἐκεῖνος@rpnfs ὅτι@cs καταράομαι@vprenms ὑπό@p θεός@ngmsc πᾶς@annms- κατακρεμάννυμι@vpamnms ἐπί@p ξύλον@ngnsc καί@b οὐ@b μιαίνω@vipa2p ὁ@dafs γῆ@nafsc ἐάν@cs κύριος@nnmsc ὁ@dnms θεός@nnmsc σύ@rpgcs δίδωμι@vipa3s σύ@rpdcs ἐν@p κλῆρος@ndmsc"
"Deut_22.1","μή@b εἶδον@vpaanms ὁ@dams μόσχος@namsc ὁ@dgms ἀδελφός@ngmsc σύ@rpgcs ἤ1@cs ὁ@dans πρόβατον@nansc αὐτός@rpgms πλανάω@vppeanp ἐν@p ὁ@ddfs ὁδός@ndfsc μή@b ὑπερεῖδον@vsaa2s αὐτός@rpanp ἀποστροφή@ndfsc ἀποστρέφω@vifa2s αὐτός@rpanp τῷ@ddms ἀδελφός@ndmsc σύ@rpgcs καί@cs ἀποδίδωμι@vifa2s αὐτός@rpdms"
"Deut_22.2","ἐάν@cs δέ@b μή@b ἐγγίζω@vspa3s ὁ@dnms ἀδελφός@nnmsc σύ@rpgcs πρός@p σύ@rpacs μη@b δέ@cs ἐπίσταμαι@vsae2s αὐτός@rpams συνάγω@vifa2s αὐτός@rpams ἔνδον@b εἰς@p ὁ@dafs οἰκία@nafsc σύ@rpgcs καί@cs εἰμί@vifm3s μετά@p σύ@rpgcs ἕως@p ἄν@b ζητέω@vsaa3s αὐτός@rpanp ὁ@dnms ἀδελφός@nnmsc σύ@rpgcs καί@cs ἀποδίδωμι@vifa2s αὐτός@rpdms"
"Deut_22.3","οὔτως@b ποιέω@vifa2s ὁ@dams ὄνος@namsc αὐτός@rpgms καί@cs οὕτως@b ποιέω@vifa2s κατά@p πᾶς@anafs- ἀπώλεια@nafsc ὁ@dgms ἀδελφός@ngmsc σύ@rpgcs ὅσος@rpanp ἐάν@cs ἄπειμι@vmpa3s λάω@vsam3s παρά@p αὐτός@rpgms καί@cs εὑρίσκω@vsaa2s οὐ@b δύναμαι@vifm2s ὑπέρεἶδον@vnaa--"
"Deut_22.4","οὐ@b ὁράω@vifm2s ὁ@dams ὄνος@namsc ὁ@dgms ἀδελφός@ngmsc σύ@rpgcs ἤ1@cs ὁ@dams μόσχος@namsc αὐτός@rpgms πίπτω@vpraamp ἐν@p ὁ@ddfs ὁδός@ndfsc μή@b ὑπερεῖδον@vsaa2s αὐτός@rpamp ἀνίστημι@vppanms ἀνίστημι@vifa2s μετά@p ’@p αὐτός@rpgms"
"Deut_22.5","οὐ@b εἰμί@vifm3s σκεῦος@nnnpc ἀνήρ@ngmsc ἐπί@p γυνή@ndfsc οὐ@b δέ@x μή@x ἐνδύω@vsam3s ἀνήρ@nnmsc στολή@nafsc γυναικεῖος@anafs- ὅτι@b βδέλυγμα@nnnsc κύριος@ndmsp ὁ@ddms θεός@ndmsc σύ@rpgcs εἰμί@vipa3s πᾶς@annms- ποιέω@vppanms οὗτος@rpanp"
"Deut_22.6","ἐάν@cs δέ@b συναντάω@vsaa2s νοσσιά@ndfsc ὄρνεον@vppanms πρό@p πρόσωπον@ngnsc σύ@rpgcs ἐν@p ὁ@ddfs ὁδός@ndfsc ἤ1@cs ἐπί@p πᾶς@andns- δένδρεον@ndnsc ἤ1@cs ἐπί@p ὁ@dgfs γῆ@ngfsc νοσσός@andnp- ἤ1@cs ᾠόν@ndmpc καί@cs ὁ@dnfs μήτηρ@nnfsc θάλπος@viap3s ἐπί@p ὁ@dgfp νοστέω@ngfpc ἤ1@cs ἐπί@p ὁ@dgfp ᾠόν@ngfpc οὐ@b λαμβάνω@vifm2s ὁ@dafs μήτηρ@nafsc μετά@p ὁ@dgnp τέκνον@ngnpc"
"Deut_22.7","ἀποστολή@ndfsc ἀποστέλλω@vifa2s ὁ@dafs μήτηρ@nafsc ὁ@danp δέ@b παιδίον@nanpc λαμβάνω@vifm2s σεαυτοῦ@rpdms ἵνα@cs εὖ@b σύ@rpdcs γίγνομαι@vsam3s καί@cs πολυήμερος@annms- γίγνομαι@vsam2s"
"Deut_22.8","ἐάν@cs οἰκοδομέω@vsaa2s οἰκία@nafsc καινός@anafs- καί@b ποιέω@vifa2s στεφάνη@nafsc ὁ@ddns ὁ@ddns δῶμα@ndnsc σύ@rpgcs καί@b οὐ@b ποιέω@vifa2s φόνος@namsc ἐν@p τῆ@ddfs οἰκία@ndfsc σύ@rpgcs ἐάν@cs πίπτω@vsaa3s ὁ@dnms πίπτω@vpaanms ἀπό@p αὐτός@rpgms"
"Deut_22.9","οὐ@b καταστρέφω@vipa2s ὁ@dams ἀμπελών@namsc σύ@rpgcs δίφορος@namsc ἵνα@cs μή@b ἁγιάζω@vsap3s ὁ@dnns γένημα@nnnsc καί@cs ὁ@dnns σπέρμα@nnnsc ὅς@rpnns ἐάν@b σπείρω@vspa3s μετά@p ὁ@dgns γένημα@ngnsc ὁ@dgms ἀμπελών@ngmsc σύ@rpgcs"
"Deut_22.10","οὐ@b ἀροτριάω@vifa2s ἐν@p μόσχος@ndmsc καί@cs ὄνος@ndmsc ἐπί@p ὁ@dans αὐτός@rpans"
"Deut_22.11","οὐ@b ἐνδύω@vifm2s κίβδηλος@annns- ἔριον@nanpc καί@cs λίνον@namsc ἐν@p ὁ@ddns αὐτός@rpdns"
"Deut_22.12","στρεπτόν@nanpp ποιέω@vifa2s σεαυτοῦ@rpdms ἐπί@p ὁ@dgnp τέσσαρες@ κράσπεδον@ngnpc ὁ@dgnp περιβολαῖος@angnp- σύ@rpgcs ὅς@rpanp ἐάν@b περιβάλλω@vsaa3s ἐν@p αὐτός@rpdnp"
"Deut_22.13","ἐάν@p δέ@b τις@rpncs λαμβάνω@vsaa3s γυνή@nafsc καί@cs συνοικέω@vsaa3s αὐτός@rpdfs καί@cs μισέω@vsaa3s αὐτός@rpafs"
"Deut_22.14","καί@cs καί@cs ἐπιτίθημι@vsaa3s αὐτός@rpdfs προφασιστικός@anamp- λόγος@nampc καί@cs φέρω@vsaa3s αὐτός@rpgfs ὄνομα@nansc πονηρός@anans- καί@cs λέγω3@vsaa3s ὁ@dafs γυνή@nafsc οὗτος@anafs- οὗτος@anafs- καί@cs προσέρχομαι@vpaanms αὐτός@rpdfs οὐ@b εὑρίσκω@vira1s αὐτός@rpgfs ὁ@danp παρθένιος@nanpc"
"Deut_22.15","καί@b λαμβάνω@vpaanms ὁ@dnms πατήρ@nnmsc ὁ@dgfs παῖς@ngcsc καί@cs ὁ@dnfs μήτηρ@nnfsc ἐκφέρω@vifa3p ὁ@danp παρθένιος@nanpc ὁ@dgfs παῖς@ngfsc πρός@p ὁ@dafs γερουσία@nafsc ἐπί@p ὁ@dafs πύλη@nafsc"
"Deut_22.16","καί@b ἐρῶ@vifa3s ὁ@dnms πατήρ@nnmsc ὁ@dgfs παῖς@ngcsc ὁ@ddfs γερούσιος@ndfsc ὁ@dafs θυγάτηρ@nafsc ἐγώ@rpgcs οὗτος@anafs- δίδωμι@vira1s ὁ@ddms ἄνθρωπος@ndmsc οὗτος@rpdms γυνή@nafsc καί@cs μισέω@vpaanms αὐτός@rpafs"
"Deut_22.17","νῦν@b οὗτος@rpnms ἐπιτίθημι@vipa3s αὐτός@rpdfs προφασιστικός@anamp- λόγος@nampc λέγω3@vppanms οὐ@b εὑρίσκω@vira1s ὁ@ddfs θυγάτηρ@ndfsc σύ@rpgms παρθένιος@nanpc καί@cs οὗτος@rpnnp ὁ@dnnp παρθένιος@nanpc ὁ@dgfs θυγάτηρ@ngfsc ἐγώ@rpgcs καί@cs ἀναπτύσσω@vifa3p ὁ@dans ἱμάτιον@nansc ἐναντίον@p ὁ@dgfs γερουσία@ngfsc ὁ@dgfs πόλις@ngfsc"
"Deut_22.18","καί@b λαμβάνω@vifm3s ὁ@dnfs γερουσία@nnfsc ὁ@dgfs πόλις@ngfsc ἐκεῖνος@rpgfs ὁ@dams ἄνθρωπος@namsc ἐκεῖνος@anams- καί@b παιδεύω@vifa3p αὐτός@rpams"
"Deut_22.19","καί@b ζημιόω@vifa3p αὐτός@rpams ἑκατόν@ σίκλος@nampc καί@cs δίδωμι@vifa3p ὁ@ddms πατήρ@ndmsc ὁ@dgfs νεανις@ngfsc ὅτι@cs ἐκφέρω@viaa3s ὄνομα@nansc πονηρός@anans- ἐπί@p παρθένος@nafsc ἰσραηλείτης@nafsp καί@cs αὐτός@rpgms ἵστημι@ndfsc γυνή@nnfsc οὐ@b δύναμαι@vifm3s ἐξαποστέλλω@vnaa-- αὐτός@rpafs ὁ@dams ἅπας@anams- χρόνος@namsc"
"Deut_22.20","ἐάν@cs ἐάν@cs δέ@b ἐπί@p ἀλήθεια@ngfsc γίγνομαι@vsam3s ὁ@dnms λόγος@nnmsc οὗτος@annms- καί@cs μή@b εὑρίσκω@vsap3s παρθένιος@nnnpc ὁ@ddfs νεᾶνις@ndfsc"
"Deut_22.21","καί@b ἐξάγω@vifa3p ὁ@dafs νεᾶνις@nafsc ἐπί@p ὁ@dafp θύρα@nafpc ὁ@dgms πατήρ@ngmsc αὐτός@rpgfs καί@cs λιθοβολέω@vifa3p αὐτός@rpafs ἐν@p λίθος@ndmpc καί@cs ι@ ὅτι@cs ποιέω@viaa3s ἀφροσύνη@nafsc ἐν@p υἱός@ndmpc ἰσραήλ@ngmpp ἐκπορνεύω@rpgfs καί@b ἐξαίρω@vipa2s ὁ@dams πονηρός@anams- ἐκ@p σύ@rpgmp ἀυτέω@ngfpc"
"Deut_22.22","ἐάν@cs δέ@b εὑρίσκω@vsap3s ἄνθρωπος@nnfsc κοιμάω@vppenms μετά@p γυνή@ngfsc συνοικίζω@vpregfs ἀνήρ@ndmsc ἀποκτείνω@vifa2p ἀμφότερος@anamp- ὁ@dams ἀνήρ@namsc ὁ@dams κοιμάω@vppeams μετά@p ὁ@dgfs γυνή@ngfsc καί@cs ὁ@dafs γυνή@nafsc καί@b ἐξαίρω@vipa2s ὁ@dams πονηρός@anams- ἐκ@p ἰσραήλ@ng-sp"
"Deut_22.23","ἐάν@cs δέ@b γίγνομαι@vsam3s παῖς@nnmsc παρθένος@nnfsc νεᾶνις@vprenfs ἀνήρ@ndmsc καί@cs εὑρίσκω@vpaanms αὐτός@rpafs ἄνθρωπος@nnmsc ἐν@p πόλις@ndfsc κοιμάω@vsap3s μετά@p ’@p αὐτός@rpgfs"
"Deut_22.24","ἐξάγω@vifa2p ἀμφότερος@anamp- ἐπί@p ὁ@dafs πύλη@nafsc ὁ@dgfs πόλις@ngfsc αὐτός@rpgmp καί@cs λιθοβολέω@vifp3p ἐν@p λίθος@ndmpc καί@cs ἀποθνήσκω@vifm3p ὁ@dafs νεᾶνις@nafsc ὅτι@cs οὐ@b βοάω@viaa3s ἐν@p ὁ@ddfs πόλις@ndfsc καί@cs ὁ@dams ἄνθρωπος@namsc ὅτι@cs ταπεινόω@viaa3s ὁ@dafs γυνή@nafsc ὁ@dgms πλησίος@b καί@b ἐξαίρω@vipa2s ὁ@dams πονηρός@anams- ἐκ@p σύ@rpgmp αὐτός@rpgmp"
"Deut_22.25","ἐάν@cs δέ@b ἐν@p πεδίον@ndnsc εὑρίσκω@vsaa3s ἄνθρωπος@nnfsc ὁ@dafs παῖς@nacsc ὁ@dafs νεᾶνις@vpreafs καί@cs βιάω@vpamnms κοιμάω@vsap3s μετά@p αὐτός@rpgfs ἀποκτείνω@vifa3s ὁ@dams κοιμάω@vppeams μετά@p αὐτός@rpgfs μόνος@anams-"
"Deut_22.26","καί@cs καί@cs ὁ@ddfs νεᾶνις@ndfsc οὐ@b εἰμί@vipa3s ἁμάρτημα@nnnsc θάνατος@ngmsc ὡς@cs εἰ@cs τις@rpncs ἐπανίστημι@vsaa3s ἄνθρωπος@nnmsc ἐπί@p ὁ@dams πλησίος@b καί@cs φονεύω@vsaa3s αὐτός@rpgms ψυχή@nafsc οὕτως@b ὁ@dnns πρᾶγμα@nnnsc οὗτος@rpnns"
"Deut_22.27","ὅτι@cs ἐν@p ὁ@ddms ἀγρός@ndmsc εὑρίσκω@viaa3s αὐτός@rpafs βοάω@viaa3s ὁ@dnfs νεᾶνις@nnfsc ὁ@dnfs νεᾶνις@vprenfs καί@cs οὐ@b εἰμί@viia3s ὁ@dnms βοηθέω@vpfanms αὐτός@rpdfs"
"Deut_22.28","ἐάν@cs δέ@b τις@rpnms εὑρίσκω@vsaa3s ὁ@dafs παῖς@namsc ὁ@dafs παρθένος@nafsc ὅστις@rpnfs οὐ@b μιμνήσκω@vire3s καί@b βιάω@vpamnms κοιμάω@vsap3s μετά@p ’@p αὐτός@rpgfs καί@cs εὑρίσκω@vsap3s"
"Deut_22.29","δίδωμι@vifa3s ὁ@dnms ἄνθρωπος@nnmsc κοιμάω@vpapnms μετά@p αὐτός@rpgfs ὁ@ddms πατήρ@ndmsc ὁ@dgfs νεᾶνις@ngfsc πεντήκοντα@an---- δίδραγμον@nanpc ἀργύριον@ngnsc καί@cs αὐτός@rpgms εἰμί@vifm3s γυνή@nnfsc ἀντί@p ὅς@rpgfp ταπεινόω@viaa3s αὐτός@rpafs οὐ@b δύναμαι@vifm3s ἐξαποστέλλω@vnaa-- αὐτός@rpafs ὁ@dams ἅπας@anams- χρόνος@nnmpc"
"Deut_22.30","οὐ@b ἄνθρωπος@nnmsc ὁ@dafs γυνή@nafsc ὁ@dgms πατήρ@ngmsc αὐτός@rpgms καί@cs οὐ@b ἄπειμι@viia3s συνκάλυμμα@nansc ὁ@dgms πατήρ@ngmsc αὐτός@rpgms"
"Deut_23.1","οὐ@b εἰσέρχομαι@vifm3p θλαδίας@nafpc οὐ@b δέ@cs ἀποκόπτω@vprenms εἰς@p ἐκκλησία@nafsc κύριος@ngmsc"
"Deut_23.3","οὐ@b εἰσέρχομαι@vifm3s ἀμμανείτης@nnmsp οὐ@b δέ@cs μωαβείτης@nnmsp εἰς@p ἐκκλησία@nafsc κύριος@ngnsp καί@b ἕως@p δέκατος@angfs- γενεά@ngfsc οὐ@b εἰσέρχομαι@vifm3s εἰς@p ἐκκλησία@nafsc κύριος@ngmsc καί@cs ἕως@cs εἰς@p ὁ@dams αἰών@namsc"
"Deut_23.4","παρά@p ὁ@dans μή@b συναντάω@vnaa-- αὐτός@rpamp σύ@rpdmp μετά@p ἄρτος@ngmpc καί@cs ὕδωρ@ngnsc ἐν@p τῆ@ddfs ὁδός@ndfsc ἐκπορεύω@vppegmp σύ@rpgmp ἐκ@p αἴγυπτος@ngfsp καί@cs ὅτι@cs μισθόω@viam3p ἐπί@p σύ@rpams ὁ@dams βαλαάμ@namsp υἱός@namsc βεὼρ@nnmsp ἐκ@p ὁ@dgfs μεσοποταμία@ngfsp καταράομαι@vnpe--"
"Deut_23.5","καί@b οὐ@b ἐθέλω@viaa3s κύριος@nnmsp ὁ@dnms θεός@nnmsc σύ@rpgcs εἰσακούω@vnaa-- ὁ@dgms βαλαάμ@ngmsp καί@cs μεταστρέφω@viaa3s κύριος@nnmsc ὁ@dnms θεός@nnmsc σύ@rpgcs ὁ@dafp καταίρω@nafpc εἰς@p εὐλογία@nafsc ὅτι@cs ἀγαπάω@viaa3s σύ@rpams κύριος@nnmsp ὁ@dnms θεός@nnmsc σύ@rpgcs"
"Deut_23.6","οὐ@b προσηγορία@vifa2s εἰρηνικός@ananp- αὐτός@rpdmp καί@cs συμφέρω@vppaanp αὐτός@rpdmp πᾶς@anafp- ὁ@dafp ἡμέρα@nafpc σύ@rpgcs εἰς@p ὁ@dams αἰών@namsc"
"Deut_23.7","οὐ@b βδελύσσομαι@vsam2s ἰδουμαῖος@anams- ὅτι@cs ἀδελφός@nnmsc σύ@rpgcs εἰμί@vipa3s οὐ@b βδελύσσομαι@vifm2s αἰγύπτιος@namsp ὅτι@cs πάροικος@nnmsc γίγνομαι@viam2s ἐν@p ὁ@ddfs γῆ@ndfsc αὐτός@rpgms"
"Deut_23.8","υἱός@nnmpc ἐάν@cs γίγνομαι@vsap3p αὐτός@rpdmp γενεά@ndfsc τρίτος@andfs- εἰσέρχομαι@vifm3p εἰς@p ἐκκλησία@nafsc κύριος@ngnsp"
"Deut_23.9","ἐάν@cs δέ@b ἐξέρχομαι@vsaa2s παρεμβάλλω@vnaa-- ἐπί@p ὁ@damp ἐχθρός@anamp- σύ@rpgcs καί@cs φυλάσσω@vifm2s ἀπό@p πᾶς@angns- ῥῆμα@ngnsc πονηρός@angns-"
"Deut_23.10","ἐάν@cs ἦ@viia3s ἐν@p σύ@rpdcs ἄνθρωπος@nnmsc ὅς@rpnms οὐ@b εἰμί@vifm3s καθαρός@annms- ἐκ@p ῥῦσις@ngfsc αὐτός@rpgms νύξ@ngfsc καί@b ἐξέρχομαι@vifm3s εἰς@p ὁ@dafs παρεμβολή@nafsc"
"Deut_23.11","καί@b εἰμί@vifm3s ὁ@dnns πρός@p ἑσπέρα@nafsc λούω@vifm3s ὁ@dnns σῶμα@nnnsc αὐτός@rpgms ὕδωρ@ndnsc καί@cs δύω2@vpragms ἥλιος@ngmsc εἰσέρχομαι@vifm3s εἰς@p ὁ@dafs παρεμβολή@nafsc"
"Deut_23.13","καί@b πάσσαλος@nnmsc εἰμί@vifm3s σύ@rpdcs ἐπί@p ὁ@dgfs ζώνη@ngfsc σύ@rpgcs καί@cs εἰμί@vifm3s ὅταν@cs διακαθίζω@vsap2s ἔξω@b καί@cs ὀρύσσω@vifa2s ἐν@p αὐτός@rpdns καί@cs ἐπάγω@vppanms καλύπτω@vifa2s ὁ@dafs ἀσχημοσύνη@nafsc σύ@rpgcs"
"Deut_23.14","ὅτι@cs κύριος@nnmsc ὁ@dnms θεός@nnmsc σύ@rpgcs ἐνπεριπατέω@vipa3s ἐν@p ὁ@ddfs παρεμβολή@ndfsc σύ@rpgcs ἐξαιρέω@vnam-- σύ@rpacs καί@cs παραδίδωμι@vnaa-- ὁ@dams ἐχθρός@anams- σύ@rpgcs πρό@p πρόσωπον@ngnsc σύ@rpgcs καί@b εἰμί@vifm3s ὁ@dnfs σύ@rpgcs ἅγιος@annfs- καί@cs οὐ@b ὁράω@vifp3s ἐν@p σύ@rpdcs ἀσχημοσύνη@nnfsc πρόγμοτος@annfs- καί@cs στρέφω@vifm2s ἀπό@p σύ@rpgcs"
"Deut_23.15","οὐ@b παραδίδωμι@vifa2s παῖς@namsc ὁ@ddms κύριος@ndmsc ὅς@rpnms προστίθημι@vire3s σύ@rpdcs παρά@p"
"Deut_23.16","μετά@p σύ@rpgms κατοικέω@vifa3s ἐν@p σύ@rpdmp κατοικέω@vifa3s ὅς@rpgms τις@rpgcs κῦρος@ngmsc αὐτός@rpgms ἐάν@cs ἀρέσκω@vsaa2p αὐτός@rpdms οὐ@b θλῖψις@vifa2s αὐτός@rpams"
"Deut_23.17","οὐ@b ἵστημι@vipa3s πόρνη@nnfsc ἀπό@p θυγάτηρ@ngfpc ἰσραήλ@ngmpp καί@cs οὐ@b εἰμί@vifm3s πορνεύω@vppanms ἀπό@p υἱός@ngmpc ἰσραήλ@ngmsp οὐ@b ἵστημι@vipa3s τελεσφόρος@annms- ἀπό@p θέαιος@angmpc ἰσραήλ@ngmpp καί@cs οὐ@b ἵστημι@vipa3s τελίσκω@vppenms ἀπό@p υἱός@ngmpc ἰσραήλ@ngmsp"
"Deut_23.18","οὐ@b προσφέρω@vifa2s μίσθωμα@nansc πόρνη@ngfsc οὐ@b δέ@cs ἄλλογμα@nansc κύων@ngmsc εἰς@p ὁ@dams οἶκος@namsc κύριος@ngmsc ὁ@dgms θεός@ngmsc σύ@rpgcs πρός@p πᾶς@anafs- εὐχή@nafsc ὅτι@cs βδέλυγμα@nnnsc κύριος@ndmsp ὁ@ddms θεός@ndmsc σύ@rpgcs εἰμί@vipa3s καί@b ἀμφότερος@ananp-"
"Deut_23.19","οὐ@b ἐκτοκίζω@vifa2s ὁ@ddms ἀδελφός@ndmsc σύ@rpgcs τόκος@namsc ἀργύριον@ngnsc καί@cs τόκος@namsc βρῶμα@ngnpc καί@cs τόκος@namsc πᾶς@angns- πρᾶγμα@ngnsc ὅς@rpgns ἄν@b ἐκδανίζω@vsaa2s"
"Deut_23.20","ὁ@ddns ἀλλότριος@andns- ἐκτοκίζω@vipa2s ὁ@ddms δέ@b ἀδελφός@ndmsc σύ@rpgcs οὐ@b ἐκτοκίζω@vifa2s ἵνα@cs εὐλογέω@vsaa3s σύ@rpacs κύριος@nnmsc ὁ@dnms θεός@nnmsc σύ@rpgcs ἐν@p πᾶς@andnp- ὁ@ddnp ἔργον@ndnpc σύ@rpgcs ἐπί@p ὁ@dgfs γῆ@ngfsc εἰς@p ἐάν@cs εἰσπ@vmaa2s ορέω@vipe2s ἐκεῖ@b διανέμω@vnpa-- ἀυτή@nafsc"
"Deut_23.21","ἐάν@cs δέ@b εὔχομαι@vsam2s εὐχή@nafsc κύριος@ndmsc ὁ@ddms θεός@ndmsc σύ@rpgcs οὐ@b χρονίζω@vipa2s ἀποδίδωμι@vnaa-- αὐτός@rpafs ὅτι@cs ἐκζητεῖν@vppanms ἐκζητέω@vsaa3s κύριος@nnmsp ὁ@dnms θεός@nnmsc σύ@rpgcs παρά@p σύ@rpgcs καί@cs εἰμί@vifm3s ἐν@p σύ@rpdcs ἁμαρτία@nnfsc"
"Deut_23.22","ἐάν@cs δέ@b μή@b ἐθέλω@vspa2s εὔχομαι@vnam-- οὐ@b εἰμί@vipa3s ἐν@p σύ@rpdms ἁμαρτία@nnfsc"
"Deut_23.23","ὁ@danp ἐκπορεύω@vppeanp διά@p ὁ@dgnp στόμα@ngmpc σύ@rpgcs φυλάσσω@vifm2s καί@cs ποιέω@vifa2s ὅς@rpams τρόπος@namsc εὔχομαι@vifa1s ὁ@ddms θεός@ndmsc δόμα@nansc ὅς@rpans λαλέω@viaa2s τις@ddns στόμα@ndnsc σύ@rpgcs"
"Deut_23.24","ἐάν@cs δέ@b εἰσέρχομαι@vsaa2s εἰς@p ἀμητός@namsc ὁ@dgms πλησίος@b σύ@rpgcs καί@cs συλλαμβάνω@vifa2s λέγω@vifa2s ἐν@p ὁ@ddfp χείρ@ndfpc σύ@rpgcs στάχυς@nafpc καί@cs δρέπανον@nansc οὐ@b μή@b ἐπιβάλλω@vsaa2s ἐπί@p ἀμητός@anans- ὁ@dgms πλησίος@b σύ@rpgcs"
"Deut_23.25","ἐάν@cs δέ@b εἰσέρχομαι@vsra2s εἰς@p ὁ@dams σταφυλή@namsc ὅσος@rpans ψυχή@nafsc σύ@rpgcs ἐμπίπλημι@vnap-- εἰς@p δέ@b ἄγγος@nansc οὐ@b ἐμβάλλω@vifa2s"
"Deut_24.1","ἐάν@cs δέ@b τις@rpnms λαμβάνω@vsaa3s γυνή@nafsc καί@cs συνοικέω@vsaa3s αὐτός@rpdfs καί@b εἰμί@vifm3s ἐάν@cs μή@b εὑρίσκω@vsaa3s χάρις@nafsc ἐναντίον@b αὐτός@rpgms ὅτι@cs εὑρίσκω@viaa3s ἐν@p αὐτός@rpdfs ἄσχημος@anans- πρᾶγμα@nansc καί@b γράφω@vifa3s αὐτός@rpdfs βιβλίον@nansc ἀποστασίου@angns- καί@b δίδωμι@vifa3s εἰς@p ὁ@dafp χείρ@nafpc αὐτός@rpgfs καί@cs ἐκπέμπω@vifa3s αὐτός@rpafs ἐκ@p ὁ@dgfs οἰκία@ngfsc αὐτός@rpgms"
"Deut_24.2","καί@b ἀπελθόω@vpaanfs γίγνομαι@vsam3s ἀνήρ@ndmsc ἕτερος@andms-"
"Deut_24.3","καί@b μισέω@vsaa3s αὐτός@rpafs ὁ@dnms ἀνήρ@nnmsc ὁ@dnms ἔσχατος@annms- καί@cs γρόψις@vifa3s αὐτός@rpdfs βιβλίον@nansc ἀποστασίου@ngnsc καί@cs δίδωμι@vifa3s εἰς@p ὁ@dafp χείρ@nafpc αὐτός@rpgfs καί@cs ἐκπέμπω@vifa3s αὐτός@rpafs ἐκ@p ὁ@dgfs οἰκία@ngfsc αὐτός@rpgms καί@cs ἀποθνήσκω@vsaa3s ὁ@dnms ἀνήρ@nnmsc ὁ@dnms ἔσχατος@annms- ὅς@rpnms λαμβάνω@viaa3s αὐτός@rpafs αὐτός@rpdms γυνή@nafsc"
"Deut_24.4","οὐ@b δύναμαι@vifm3s ὁ@dnms ἀνήρ@nnmsc ὁ@dnms πρότερος@annms- ἐξαποστέλλω@vpaanms αὐτός@rpafs ἐπανέρχομαι@vpaanms λαμβάνω@vnaa-- αὐτός@rpafs ἑαυτοῦ@rpdms γυνή@nafsc μετά@p ὁ@dans μιαίνω@vnap-- αὐτός@rpafs ὅτι@cs βδέλημα@nnnsc εἰμί@vipa3s ἐναντίον@p κύριος@ngmsc ὁ@dgms θεός@ngmsc σύ@rpgcs καί@b οὐ@b μιαίνω@vifa2p ὁ@dafs γῆ@nafsc ἐάν@cs κύριος@nnmsp ὁ@dnms θεός@nnmsc σύ@rpgms δίδωμι@vipa3s σύ@rpdms ἐν@p κλῆρος@ndmsc"
"Deut_24.5","ἐάν@cs δέ@b τις@rpnms λαμβάνω@vsaa3s γυνή@nafsc πρόσφατος@b οὐ@b ἐξέρχομαι@vifm3s εἰς@p ὁ@dams πόλεμος@namsc καί@cs οὐ@b ἐπιβάλλω@vifp3s αὐτός@rpdms οὐδείς@annns- πρᾶγμα@nnnsc ἀθῷος@annms- εἰμί@vifm3s ἐν@p ὁ@ddfs οἰκία@ndfsc αὐτός@rpgms ἐνιαυτός@namsc εἷς@ εὐφραίνω@vifa3s ὁ@dafs γυνή@nafsc αὐτός@rpgms ἐάν@cs λαμβάνω@viaa3s"
"Deut_24.6","οὐ@b ἐνεχυράω@vifa2s μύλη@nansc οὐ@b δέ@cs ἐπιμύλιος@anans- ὅτι@cs ψυχή@nafsc οὗτος@annms- ράζω@vipa3s"
"Deut_24.7","ἐάν@cs δέ@b ἁλίσκομαι@vsaa3s ἄνθρωπος@nnfsc κλέπτω@vppanms ψυχή@nafsc ὁ@dgmp αὐτός@rpgms ὁ@dgmp υἱός@ngmpc ἰσραήλ@nnmsp καί@cs καταδυναστεύω@vpaanms αὐτός@rpams ὁ@dams πονηρός@anams- ἐκ@p σύ@rpgmp αὐτός@angmp-"
"Deut_24.8","προσκέκω@vmaa2s σεαυτοῦ@rpdms ἐν@p ὁ@ddfs ἁφή@ndfsc ὁ@dgfs λέπρα@ngfsc φυλάσσω@vifm2s σφόδρα@b κατά@p πᾶς@anams- ὁ@dams νόμος@namsc ὅς@rpams ἐάν@cs ἀναγγέλλω@vsaa3p σύ@rpdmp ὁ@dnmp ἱερεύς@nnmpc ὁ@dnmp ὅς@anams- τρόπος@namsc ἐντέλλομαι@viam1s σύ@rpdmp φυλάσσω@vmam2p ποιέω@vnpa--"
"Deut_24.9","μιμνήσκω@vmap2s ὅσος@rpanp ποιέω@viaa3s κύριος@nnmsc ὁ@dnms θεός@nnmsc σύ@rpgcs ὁ@ddfs μαριὰμ@ndfsp ἐν@p ὁ@ddfs ὁδός@ndfsc ἐκπορεύω@vppegmp σύ@rpg-p ἐκ@p αἴγυπτος@ngfsp"
"Deut_24.10","ἐάν@cs ὄφλημα@nnnsc εἰμί@vspa3s ἐν@p ὁ@ddms πλησίος@b σύ@rpgcs ὄφλημα@nnnsc ὁτιοῦν@b καί@cs εἰσέρχομαι@vsaa3s εἰς@p ὁ@dafs οἰκία@nafsc αὐτός@rpgms ἐνεχυράζω@vnaa-- ὁ@dans ἐνέχυρον@nansc αὐτός@rpgms"
"Deut_24.11","ἔξω@b ἵστημι@vifm2s καί@cs ὁ@dnms ἄνθρωπος@nnmsc ὅς@rpgms ὁ@dnns δάνιος@nnnsc σύ@rpgcs εἰμί@vipa3s ἐν@p αὐτός@rpdms ἐκφέρω@vifa3s σύ@rpdcs ὁ@dans ἐνέχυρον@nansc"
"Deut_24.12","ἐάν@cs δέ@b ὁ@dnms ἄνθρωπος@nnmsc πένης@vspe3s οὐ@b κοιμάω@vifp2s ἐν@p ὁ@ddns ἄροτρον@ndnsc"
"Deut_24.13","ἀπόδοσις@vifa3s ἀποδίδωμι@vifa2s ὁ@dans ἐνέχυρον@nansc αὐτός@rpgms πρός@p δυσμή@ndfpc ἥλιος@ngmsc καί@cs κοιμάω@vifp3s ἐν@p ὁ@ddns ἱμάτιον@ndnsc αὐτός@rpgms καί@b εὐλογέω@vifa3s σύ@rpacs καί@cs εἰμί@vifm3s σύ@rpdcs ἐλεημοσύνη@nnfsc ἐναντίον@p κύριος@ngmsc ὁ@dgms θεός@ngmsc σύ@rpgcs"
"Deut_24.14","οὐ@b ἀπαδικέω@vifa2s μισθός@namsc πένης@ngmsc καί@cs ἐνδεής@angns- ἐκ@p ὁ@dgmp ἀδελφός@ngmpc σύ@rpgcs ἤ1@cs ἐκ@p ὁ@dgmp προσήλυτος@angnp- ὁ@dgmp ἐν@p ὁ@ddfp πόλις@ndfpc σύ@rpgcs"
"Deut_24.15","αὐθήμερος@b ἀποδίδωμι@vifa2s ὁ@dams μισθός@namsc αὐτός@rpgms οὐ@b ἐπιδύομαι@vifm3s ὁ@dnms ἥλιος@nnmsc ἐπί@p αὐτός@rpams ὅτι@cs πένης@nnmsc εἰμί@vipa3s καί@cs ἐν@p αὐτός@rpdms εἰμί@vspa3s ὁ@dafs ἐλπίς@nafsc καί@b καταβοάω@vifm3s κατά@p σύ@rpgcs πρό@p κύριος@nvmsp καί@b εἰμί@vifm3s ἐν@p σύ@rpdms ἁμαρτία@nnfsc"
"Deut_24.16","οὐ@b ἀποθνήσκω@vifm3p πατήρ@nnmpc ὑπέρ@p τέκνον@ngnpc καί@cs υἱός@nnmpc οὐ@b ἀποθνήσκω@vifm3p ὑπέρ@p πατήρ@ngmpc ἕκαστος@annms- ἐν@p ὁ@ddfs ἑαυτοῦ@rpgms ἁμαρτία@nnfpc"
"Deut_24.17","οὐ@ngmsp ἐκκλίνω@vipa2s κρίσις@nafsc προσήλυτος@angfs- καί@cs ὀρφανός@angfs- καί@cs χήρα@ngfsc"
"Deut_24.18","ὅτι@cs οἰκέτης@nnmsc εἰμί@viia2s ἐν@p γῆ@ndfsc αἴγυπτος@ndfsp καί@cs ῥύομαι@viam3s σύ@rpams κύριος@nnmsc ὁ@dnms θεός@nnmsc σύ@rpgcs ἐκεῖθεν@b διά@p οὗτος@rpans ἐγώ@rpnms σύ@rpdms ἐντέλλομαι@vipe1s ποιέω@vnpa-- ὁ@dans ῥῆμα@nansc οὗτος@rpans"
"Deut_24.19","ἐάν@cs δέ@b ἀμάω@vsaa2s ἀμητός@anams- ἐν@p ὁ@ddms ἀγρός@ndmsc σύ@rpgcs καί@cs ἐπιλανθάνομαι@vsaa3s δράξμα@nansc ἐν@p ὁ@ddms ἀγρός@ndmsc σύ@rpgcs οὐ@b ἀναστρέφω@vifm2s λαμβάνω@vnaa-- αὐτός@rpans ὁ@ddns προσήλυτος@andns- καί@cs ὁ@ddns ὀρφανός@andns- καί@cs ὁ@ddfs χήρ@ndfsc εἰμί@vifm3s ἵνα@cs εὐλογέω@vsaa3s σύ@rpacs κύριος@nnmsc ὁ@dnms θεός@nnmsc σύ@rpgcs ἐν@p πᾶς@andnp- ὁ@ddnp ἔργον@ndnpc ὁ@dgfp χείρ@ngfpc σύ@rpgcs"
"Deut_24.20","ἐάν@cs δέ@b ἐλαιολογέω@vspa2s οὐ@b ἐπανέρχομαι@vifa2s καλαμάω@vnam-- ὁ@danp ὀπίσω@b σύ@rpgcs ὁ@ddns προσήλυτος@andns- καί@cs ὁ@ddns ὀρφανός@andns- καί@cs ὁ@ddfs χήρ@ndfsc ἵστημι@vipe2s καί@b μιμνήσκω@vifp2s ὅτι@cs οἰκέτης@nnmsc εἰμί@vspa2s ἐν@p γῆ@ndfsc αἴγυπτος@ndfsp διά@p οὗτος@rpans ἐγώ@rpnms σύ@rpd-s ἐντέλλομαι@vipe1s ποιέω@vnpa-- ὁ@dans ῥῆμα@nansc οὗτος@rpans"
"Deut_24.21","ἐάν@cs δέ@b τρυγάω@vsaa2s ὁ@dams ἀμπελών@namsc σύ@rpgcs οὐ@b ἐπανατρύω@vifa2s αὐτός@rpams ὁ@danp ὀπίσω@p σύ@rpgcs ὁ@ddns προσήλυτος@andns- καί@b ὁ@ddns ὀρφανός@andns- καί@cs ὁ@ddfs χήρ@ndfsc εἰμί@vifm3s"
"Deut_24.22","καί@b μιμνήσκω@vifp2s ὅτι@cs οἰκέτης@nnmsc εἰμί@vspa2s ἐν@p γῆ@ndfsc αἴγυπτος@ndfsp διά@p οὗτος@rpans ἐγώ@rpnms σύ@rpd-s ἐντέλλομαι@vipe1s ποιέω@vnpa-- ὁ@dans ῥῆμα@nansc οὗτος@rpans"
"Deut_25.1","ἐάν@cs δέ@b γίγνομαι@vsam3s ἀντιλογία@nnfsc ἀνά@p μέσος@anams- ἄνθρωπος@ngmpc καί@cs προσέρχομαι@vsaa3p εἰς@p κρίσις@nafsc καί@b δικαιόω@vsaa3p ὁ@dans δίκαιος@anans- καί@cs καταγιγνώσκω@vifa3p ὁ@dgns ἀσεβής@angns-"
"Deut_25.2","καί@cs εἰμί@vifm3s ἐάν@cs ἄξιος@annms- εἰμί@vspa3s πληγή@ngfpc ὁ@dnms ἀσεβής@vppanms καθίημι@vifa2s αὐτός@rpams ἐναντίον@p αὐτός@rpgmp"
"Deut_25.3","καί@b ἀριθμός@ndmsc τεσσεράκοντα@vppaams μαστιγόω@vifa3p αὐτός@rpams οὐ@b προστίθημι@vifa3p ἐάν@cs δέ@b προστίθημι@vsaa2s μαστιγόω@vnaa-- ὑπέρ@p οὗτος@anafp- ὁ@dafp πληγή@nafpc πλείων@anafpc ἀσχημονέω@vifa3s ὁ@dnms ἀδελφός@nnmsc σύ@rpgcs ἐναντίον@b σύ@rpgms"
"Deut_25.4","οὐ@b φιμώω@vifa2s βοῦς@nacsc ἀλοάω@vppaams"
"Deut_25.5","ἐάν@cs δέ@b κατοικέω@vspa3p ἀδελφός@nnmpc ἐπί@p ὁ@dans αὐτός@rpans καί@cs ἀποθνήσκω@vsaa3s εἷς@ αὐτός@rpgmp σπέρμα@nnnsc δέ@b μή@b εἰμί@viia3s αὐτός@rpdms οὐ@b εἰμί@vifm3s ὁ@dnfs γυνή@nnfsc ὁ@dgms θνήσκω@vpragms ἔξω@b ἀνήρ@ndmsc μή@b ἐγγίζω@vppadms ὁ@dnms ἀδελφός@nnmsc ὁ@dgms ἀνήρ@ngmsc αὐτός@rpgfs εἰσέρχομαι@vifm3s πρός@p αὐτός@rpafs καί@b λαμβάνω@vifm3s αὐτός@rpafs ἑαυτοῦ@rpdms γυνή@nafsc καί@cs συνοικέω@vifa3s αὐτός@rpdfs"
"Deut_25.6","καί@b εἰμί@vifm3s ὁ@dnns παιδίον@nnnsc ὅς@rpnns ἐάν@cs τίκτω@vsaa3s καθίστημι@vifp3s ἐκ@p ὁ@dgns ὄνομα@ngnsc ὁ@dgms τελευτάω@vpragms καί@cs οὐ@b ἐξαλείφω@vifp3s ὁ@dnns ὄνομα@nnnsc αὐτός@rpgms ἐκ@p ἰσραήλ@ngmsp"
"Deut_25.7","εἰμί@vppanns δέ@b μή@b βούλομαι@vspe3s ὁ@dnms ἄνθρωπος@nnmsc λαμβάνω@vnaa-- ὁ@dafs γυνή@nafsc ὁ@dgms ἀδελφός@ngmsc αὐτός@rpgms καί@b ἀναβαίνω@vifm3s ὁ@dnfs γυνή@nnfsc ἐπί@p ὁ@dafs πύλη@nafsc ἐπί@p ὁ@dafs γερουσία@nafsc καί@cs ἐρῶ@vifa3s οὐ@b ἐθέλω@vipa3s ὁ@dnms ὁ@dgms ἀνήρ@ngmsc ἐγώ@rpgms ἀνίστημι@vnaa-- ὁ@dans ὄνομα@nansc ὁ@dgms ἀδελφός@ngmsc αὐτός@rpgms ἐν@p εἶμι@rpdms οὐ@b ἐθέλω@viaa3s ὁ@dnms ἀδελφός@nnmsc ὁ@dgms ἀνήρ@ngmsc ἐγώ@rpgms"
"Deut_25.8","καί@cs καλέω@vifa3p αὐτός@rpams ὁ@dnfs γερουσία@nnfsc ὁ@dgfs πόλις@ngfsc αὐτός@rpgms καί@cs λέγω@vifa3p αὐτός@rpdms καί@cs ἵστημι@vpaanms εἶπον@vsaa3s βούλομαι@vipe1s λαμβάνω@vnaa-- αὐτός@rpafs"
"Deut_25.9","καί@b προσέρχομαι@vpaanfs ὁ@dnfs γυνή@nnfsc ὁ@dgms ἀδελφός@ngmsc αὐτός@rpgms ἔναντι@p ὁ@dgfs γερουσία@ngfsc καί@cs ὑπόλυσις@vifa3s ὁ@dnns ὑπόδημα@nnnsc αὐτός@rpgms ὁ@dans αἱρέω@viaa3s ἀπό@p ὁ@dgms πούς@ngmsc αὐτός@rpgms καί@cs ἐμπτύω@vifm3s κατά@p πρόσωπον@nansc αὐτός@rpgms καί@cs ἀποκρίνω@vpapnfs ἐρῶ@vifa3s οὕτως@b ποιέω@vifa3p ὁ@ddms ἄνθρωπος@ndmsc ὅς@rpnms οὐ@b οἰκοδόμησις@vifa3s ὁ@dams οἶκος@namsc ὁ@dgms ἀδελφός@ngmsc αὐτός@rpgms ἐν@p ἰσραήλ@ndmsp"
"Deut_25.10","καί@b καλέω@vifp3s ὁ@dnns ὄνομα@nnnsc αὐτός@rpgms ἐν@p ἰσραήλ@nnmsp οἶκος@nnmsc ὁ@dgms ὑπολύω@vpapgms ὁ@dans ὑπόδημα@nansc"
"Deut_25.11","ἐάν@cs δέ@b μάχομαι@vspe3p ἄνθρωπος@nnmpc ἐπί@p ὁ@dans αὐτός@rpans ἄνθρωπος@nnfsc μετά@p ὁ@dgms ὁ@dgns αὐτός@rpgms καί@cs προσέρχομαι@vsaa3s γυνή@nnfsc εἷς@ αὐτός@rpgmp ἐξαιρέω@vnam-- ὁ@dams ἄν@b ἐκ@p χείρ@ngfsc ὁ@dgms τύπτω@vppagms αὐτός@rpams καί@cs ἐκτείνω@vpaanfs ὁ@dafs χείρ@nafsc ἐπιλαμβάνω@vsam3s ὁ@dgnp δίδυμος@angnp- αὐτός@rpgms"
"Deut_25.12","ἀποκόπτω@vifa2s ὁ@dafs χείρ@nafsc οὐ@b φείδομαι@vifm3s ὁ@dnms ὀφθαλμός@nnmsc σύ@rpgcs ἐπί@p αὐτός@rpdfs"
"Deut_25.13","οὐ@b εἰμί@vifm3s σύ@rpdcs ἐν@p ὁ@ddms μαρσύας@ndmsc στάθμιον@nnnsc καί@cs στάθμιον@nnnsc μέγας@annns- ἤ1@cs μικρός@annns-"
"Deut_25.14","οὐ@b εἰμί@vifm3s ἐν@p ὁ@ddfs οἰκία@ndfsc σύ@rpgcs μέτρον@nnnsc καί@cs μέτρον@nnnsc μέγας@annns- ἤ1@cs μικρός@annns-"
"Deut_25.15","στάθμιον@nnnsc ἀληθινός@annns- καί@cs δίκαιος@annns- εἰμί@vifm3s σύ@rpdcs ἵνα@cs πολυήμερος@annms- γίγνομαι@vsam2s ἐπί@p ὁ@dgfs γῆ@ngfsc ὅς@rpgfs κύριος@nnmsc ὁ@dnms θεός@nnmsc σύ@rpgcs δίδωμι@vipa3s σύ@rpdcs ἐν@p κλῆρος@ndmsc"
"Deut_25.17","μιμνήσκω@vmap2s ὅσος@rpanp ποιέω@viaa3s σύ@rpdcs ἀμαλκ@nnmsp ἐν@p ὁ@ddfs ὁδός@ndfsc ἐκπορεύω@vppegms σύ@rpgcs ἐκ@p γῆ@ngfsc αἴγυπτος@ngfsp"
"Deut_25.18","πῶς@b σύ@rpdcs ἐν@p τῆ@ddfs ὁδός@ndmsc καί@b κοψάω@viaa3s σύ@rpgcs ὁ@dafs οὐραγία@nafsc ὁ@damp κοπιάω@vppaamp ὀπίσω@p σύ@rpgcs σύ@rpncs δέ@b πεινάω@viia2s καί@cs κοπιάω@nafpc καί@cs οὐ@b φοβέω@viap3s ὁ@dams θεός@namsc καί@cs εἰμί@vifm3s ἡνίκα@cs ἐάν@b καταπραῧνω@vsaa3s σύ@rpacs κύριος@nnmsc ὁ@dnms θεός@nnmsc σύ@rpgcs ἀπό@p πᾶς@angmp- ὁ@dgmp ἀθρέω@ngmpc σύ@rpgms ὁ@dgmp κύκλος@ndmsc σύ@rpgcs ἐν@p ὁ@ddfs γῆ@ndfsc ἧ@rpanp κύριος@nnmsc ὁ@dnms θεός@nnmsc σύ@rpgcs δίδωμι@vipa3s σύ@rpdcs κληρονομέω@vnaa-- ἐξαλείφω@vifa2s ὁ@dans ὄνομα@nansc ἀμαλκ@nafsp ἐκ@p ὁ@dgfs ὑπό@p ὁ@dams οὐρανός@namsc καί@cs οὐ@b μή@b ἐπιλανθάνομαι@vsam2s"
"Deut_26.1","καί@cs εἰμί@vifm3s ἐάν@cs εἰσέρχομαι@vsra2s εἰς@p ὁ@dafs γῆ@nafsc ὅς@rpafs κύριος@nnmsc ὁ@dnms θεός@nnmsc σύ@rpgcs δίδωμι@vipa3s σύ@rpdcs κληρονομέω@vnaa-- καί@cs κατακληρονομέω@vsaa2s αὐτός@rpafs καί@cs κατοικέω@vsaa2s ἐπί@p αὐτός@rpafs"
"Deut_26.2","καί@cs λαμβάνω@vifm2s ἀπό@p ὁ@dgfs ἀπαρχή@ngfsc ὁ@dgmp καρπός1@ngmpc ὁ@dgfs γῆ@ngfsc σύ@rpgcs ὅς@rpgfs κύριος@nnmsc ὁ@dnms θεός@nnmsc σύ@rpgcs δίδωμι@vipa3s σύ@rpdms καί@cs ἐμβάλλω@vifa2s εἰς@p κάρταλλον@b καί@cs πορεύω@vifm2s εἰς@p ὁ@dams τόπος@namsc ὅς@rpams ἄν@b ἐκλέγω3@vsam3s κύριος@nnmsp ὁ@dnms θεός@nnmsc σύ@rpgcs ἐπικαλέω@vnap-- ὁ@dans ὄνομα@nansc αὐτός@rpgms ἐκεῖ@b"
"Deut_26.3","καί@b ἔρχομαι@vifm2s πρός@p ὁ@dams εἶμι@namsc ῥέα@namsc ὅς@rpnms εἰμί@vifm3s ἐν@p ὁ@ddfp ἡμέρα@ndfpc ἐκεῖνος@rpdfp καί@cs ἐρῶ@vifa2s πρός@p αὐτός@rpams ἀναγγέλλω@namsp σήμερον@b κύριος@ndmsc ὁ@ddms θεός@ndmsc ἐγώ@rpgcs ὅτι@cs εἰσέρχομαι@vira1s εἰς@p ὁ@dafs γῆ@nafsc ὅς@rpafs ὄμνυμι@viaa3s κύριος@nnmsc ὁ@ddmp πατήρ@ndmpc ἐγώ@rpgmp δίδωμι@vnaa-- ἐγώ@rpdmp"
"Deut_26.4","καί@b λαμβάνω@vifm3s ὁ@dnms ἱερεύς@nnmsc ὁ@dams κάρταλλον@anams- ἐκ@p ὁ@dgfp χείρ@ngfpc σύ@rpgcs καί@cs τίθημι@vifa3s αὐτός@rpams ἀπέναντι@p ὁ@dgns θυσιαοητήριον@ngmsc κύριος@ngmsc ὁ@dgms θεός@ngmsc σύ@rpgcs"
"Deut_26.5","καί@b ἀποκρίνω@vpapnms ἐρῶ@vifa3s ἔναντι@p κύριος@ngmsc ὁ@dgms θεός@ngmsc σύ@rpgms συρία@nafsp ἀποβάλλω@viaa3s ὁ@dnms πατήρ@nnmsc ἐγώ@rpgms καί@b καταβαίνω@viaa3s εἰς@p αἴγυπτος@nafsp καί@b παροικέω@viaa3s ἐκεῖ@b ἐν@p ἀριθμός@ndmsc βραχύς@andms- καί@cs γίγνομαι@viam3s ἐκεῖ@b εἰς@p ἔθνος@nansc μέγας@anans- καί@cs πλῆθος@nansc πολύς@anans-"
"Deut_26.6","καί@b κακόω@viaa3p ἐγώ@rpamp ὁ@dnmp αἰγύπτιος@nnmpp καί@b ταπεινόω@viaa3p ἐγώ@rpamp καί@cs ἐπιτίθημι@viaa3p ἐγώ@rpdmp ἔργον@nanpc σκληρός@ananp-"
"Deut_26.7","καί@b ἀναβοάω@viaa1p πρός@p κύριος@namsp ὁ@dams θεός@namsc ἐγώ@rpgcp καί@cs εἰσακούω@viaa3s κύριος@nnmsc ὁ@dgfs φωνή@ngfsc ἐγώ@rpgcp καί@cs εἶδον@viaa3s ὁ@dafs ταπείνωσις@nafsc ἐγώ@rpgcp καί@cs ὁ@dams θλιμμός@namsc ἐγώ@rpgcp"
"Deut_26.8","καί@b ἐξάγω@viaa3s ἐγώ@rpa-p κύριος@nnmsc ἐκ@p αἴγυπτος@ngfsp αὐτός@rpnms ἐν@p ἰσχύς@ndfsc αὐτός@rpgms ὁ@ddfs μέγας@andfs- καί@cs ἐν@p χείρ@ndfsc κραταιός@andfs- καί@cs βραχίων@ndmsc ὑψηλός@andms- καί@cs ἐν@p ὅραμα@ndnpc μέγας@andnp- καί@b ἐν@p σημεῖον@ndnpc καί@cs ἐν@p τέρας@ndnpc"
"Deut_26.9","καί@b εἰσάγω@viaa3s ἐγώ@rpacp εἰς@p ὁ@dams τόπος@namsc οὗτος@rpams καί@cs δίδωμι@viaa3s ἐγώ@rpdcp ὁ@dafs γῆ@nafsc οὗτος@rpafs γῆ@nafsc ῥέω@vppaafs γάλα@nansc καί@cs μέλι@nansc"
"Deut_26.10","καί@b νῦν@b ἰδού@b φέρω@vira1s ὁ@dafs ἀπαρχή@nafsc ὁ@dgnp γέννημα@ngnpc ὁ@dgfs γῆ@ngfsc ὅς@rpgfs δίδωμι@viaa2s ἐγώ@rpdms κύριος@nvmsp γῆ@nafsc ῥέω@vppaafs γάλα@nansc καί@cs μέλι@nansc καί@b προσκυνέω@vifa2s ἔναντι@p κύριος@ngmsc ὁ@dgms θεός@ngmsc σύ@rpgcs"
"Deut_26.11","καί@b εὐφραίνω@vifm2s ἐν@p πᾶς@andnp- ὁ@ddnp ἀγαθός@andnp- ὅς@rpdnp δίδωμι@viaa3s σύ@rpdms κύριος@nnmsc ὁ@dnms θεός@nnmsc σύ@rpgcs καί@b ὁ@dnfs οἰκίον@nnfsc σύ@rpgms καί@b ὁ@dnms λευίτης@nnmsp καί@cs ὁ@dnms προσήλυτος@annms- ὁ@dnms ἐν@p σύ@rpdms"
"Deut_26.12","ἐάν@cs δέ@b συντελέω@vsaa2s ἀποδεκατόω@vnaa-- πᾶς@anans- ὁ@dans ἐπιδέκατον@anans- ὁ@dgnp γέννημα@ngnpc σύ@rpgcs ἐν@p ὁ@ddns ἔτος@ndnsc ὁ@ddns τρίτος@andns- ὁ@dans δεύτερος@anans- ἐπιδέκατον@anans- δίδωμι@vifa2s ὁ@ddms λευίτης@ndmsp καί@b ὁ@ddms προσήλυτος@andms- καί@b ὁ@ddms ὀρφανός@andms- καί@cs ὁ@ddfs χήρ@ndfsc καί@b ἐσθίω@vifm3p ἐν@p ὁ@ddfp πόλις@ndfpc σύ@rpgcs καί@cs εὐφραίνω@vifp3p"
"Deut_26.13","καί@b ἐρῶ@vifa2s ἐναντίον@b κύριος@ngmsp ὁ@dgms θεός@ngmsc σύ@rpgms ἐκκαθαίρω@namsp ὁ@danp ἅγιος@ananp- ἐκ@p ὁ@dgfs οἰκία@ngfsc ἐγώ@rpgcs καί@cs δίδωμι@viaa1s αὐτός@rpanp ὁ@ddms λευίτης@ndmsp καί@b ὁ@ddms προσήλυτος@andms- καί@b ὁ@ddns ὀρφανός@andms- καί@cs ὁ@ddfs χήρ@ndfsc κατά@p πᾶς@anafp- ὁ@dafp ἐντολή@nafpc ὅς@rpafp ἐντέλλω@viam2s ἐγώ@rpdms οὐ@b παρέρχομαι@viaa1s ὁ@dafs ἐντολή@nafsc σύ@rpgcs καί@cs οὐ@b ἐπιλανθάνω@viam1s"
"Deut_26.14","καί@b οὐ@b ἐσθίω@viaa1s ἐν@p ὀδύνη@ndfsc ἐγώ@rpgcs ἀπό@p αὐτός@rpgmp οὐ@b καρπωδέω@viaa1s ἀπό@p αὐτός@rpgmp εἰς@p ἀκάθαρτος@anans- οὐ@b δίδωμι@viaa1s ἀπό@p αὐτός@rpgmp ὁ@ddms θνήσκω@vpradms ἐπακούω@viaa1s ὁ@dgfs φωνή@ngfsc κύριος@ngmsc ὁ@dgms θεός@ngmsc ἐγώ@rpgcp ἐπακούω@viaa1s καθότι@cs ἐντέλλω@vsaa1s ἐγώ@rpdcs"
"Deut_26.15","καθίζω@vmpa2s ἐκ@p ὁ@dgms οἶκος@ngmsc ὁ@dgms ἅγιος@angms- σύ@rpgcs ἐκ@p ὁ@dgms οὐρανός@ngmsc καί@cs εὐλογέω@vmaa2s ὁ@dams λαός@namsc σύ@rpgcs ὁ@dams ἰσραήλ@namsp καί@cs ὁ@dafs γῆ@nafsc ἐάν@cs δίδωμι@viaa2s αὐτός@rpdmp καθά@p ὄμνυμι@viaa2s ὁ@ddmp πατήρ@ndmpc ἐγώ@rpgmp δίδωμι@vnaa-- ἐγώ@rpdcp γῆ@nafsc ῥέω@vppaafs γάλα@nansc καί@cs μέλι@nansc"
"Deut_26.16","ἐν@p τῆ@ddfs ἡμέρα@ndfsc οὗτος@andfs- κύριος@nnmsc ὁ@dnms σύ@rpgms ἐντέλλομαι@viam3s σύ@rpdms ποιέω@vnaa-- πᾶς@ananp- ὁ@danp δικαίωμα@nanpc καί@b ὁ@rpanp καί@b φυλάσσω@vifm2p καί@cs ποιέω@vifa2p αὐτός@rpanp ἐκ@p ὅλος@angfs- ὁ@dgfs καρδία@ngfsc σύ@rpgcp καί@cs ὅλος@angfs- ὁ@dgfs ψυχή@ngfsc σύ@rpgcp"
"Deut_26.17","εἰμί@anams- θεός@namsc αἱρέω@vmam2s σήμερον@b εἰμί@vnpa-- σύ@rpgcs καί@b πορεύω@vnpe-- ἐν@p πᾶς@andfp- ὁ@ddfp ὁδός@ndfpc αὐτός@rpgms καί@b φυλάσσω@vnpe-- ὁ@danp δικαίωμα@nanpc καί@cs ὁ@danp κρίμα@nanpc καί@cs ὑπακούω@vnpa-- ὁ@dgfs φωνή@ngfsc αὐτός@rpgms"
"Deut_26.18","καί@b κύριος@nnmsp αἱρέω@viam3s σύ@rpacs σήμερον@b γίγνομαι@vnam-- σύ@rpams αὐτός@rpdms λαός@namsc καθάπερ@cs λέγω@viaa3s φυλάσσω@vnpa-- ὁ@dafp ἐντολή@nafpc αὐτός@rpgms"
"Deut_26.19","καί@cs εἰμί@vnpa-- ὁ@dgnp ἔθνος@ngnpc ὡς@cs ποιέω@viaa3s σύ@rpacs ὀνομαστός@anams- καί@cs καί@b ἄν@ εἰμί@vnpa-- σύ@rpacs λαός@namsc ἅγιος@anams- κύριος@ndmsc ὁ@ddms θεός@ndmsc σύ@rpgcs καθώς@cs λαλέω@viaa3s"
"Deut_27.1","καί@cs προστάσσω@viaa3s μωυσῆς@nnmsp καί@cs ὁ@dnfs γερουσία@nnfsc ἰσραηλείτης@ngmpp φυλάσσω@vipe2p πᾶς@anafp- ὁ@dafp ἐντολή@nafpc οὗτος@anafp- ὅσος@anafp- ἐγώ@rpnms ἐντέλλομαι@vipe1s σύ@rpdmp σήμερον@b"
"Deut_27.2","καί@b ἵστημι@vipa3s ὅς@andfs- ἄν@b ἡμέρα@ndfsc διαβαίνω@vifa2p ὁ@dams ἰορδάνης@namsp εἰς@p ὁ@dafs γῆ@nafsc ὅς@rpafs κύριος@nnmsp ὁ@dnms θεός@nnmsc σύ@rpgms δίδωμι@vipa3s σύ@rpdms καί@b ἵστημι@vifa2s σεαυτοῦ@rpdms λίθος@nampc μέγας@anamp- καί@cs κονιάω@vsaa2s αὐτός@rpamp κόνις@ndfsc"
"Deut_27.3","καί@b γράφω@vifa2s ἐπί@p ὁ@dgmp λίθος@ngmpc οὗτος@angmp- πᾶς@anamp- ὁ@damp λόγος@nampc ὁ@dgms νόμος@ngmsc οὗτος@angms- ὡς@cs ἄν@b διαβαίνω@vsaa2p ὁ@dams ἰορδάνης@namsp ἡνίκα@cs ἐάν@b εἰσέρχομαι@vsae2p εἰς@p ὁ@dafs γῆ@nafsc ὅς@rpafs κύριος@nnmsc ὁ@dnms θεός@nnmsc ὁ@dgmp πατήρ@ngmpc σύ@rpgms δίδωμι@vipa3s σύ@rpdms γῆ@nafsc ῥέω@vppaafs γάλα@nansc καί@cs μέλι@nansc ὅς@anams- τρόπος@namsc λέγω@viaa3s κύριος@nnmsp ὁ@dnms θεός@nnmsc πατήρ@ngmpc σύ@rpgcs σύ@rpdms"
"Deut_27.4","καί@cs εἰμί@vifm3s ὡς@cs ἄν@b διαβαίνω@vifa2p ὁ@dams ἰορδάνης@namsp ἵστημι@vifa2p ὁ@damp λίθος@nampc οὗτος@anamp- ὅς@rpamp ἐγώ@rpnms ἐντέλλομαι@vipe1s σύ@rpdms σήμερον@b ἐν@p ὄρος@ndnsc γαιβάλ@n---p καί@cs κονιάω@vifa2s αὐτός@rpamp κονία@nanpc"
"Deut_27.5","καί@cs οἰκοδόμησις@vifa2s ἐκεῖ@b θυσιαστήριον@nansc κύριος@ndmsc ὁ@ddms θεός@ndmsc σύ@rpgcs θυσιαστήριον@nansc ἐκ@vppanms λίθος@vppanms οὐ@b ἐπιβάλλω@vifa2s ἐπί@p αὐτός@rpans σίδηρος@namsc"
"Deut_27.6","λίθος@nampc ὁλόκληρος@nampc οἰκοδόμησις@vifa2s ἵημι@vifa2s θυσιαατήριος@nansc κύριος@ndmsc ὁ@ddms θεός@ngmsc σύ@rpgcs καί@cs ἀναφέρω@vifa2s ἐπί@p αὐτός@rpans ὁ@danp ὁλοκαύτωμα@nanpc κύριος@ndmsc ὁ@ddms θεός@ndmsc σύ@rpgcs"
"Deut_27.7","καί@b θύω@vifa2s ἐκεῖ@b θυσία@nafsc σωτήριος@angns- καί@cs ἐσθίω@vifm2s καί@cs ἐμπίπλημι@vifp2s καί@cs εὐφραίνω@vifp2s ἐναντίον@p κύριος@ngmsc ὁ@dgms θεός@ngmsc σύ@rpgcs"
"Deut_27.8","καί@b γράφω@vifa2s ἐπί@p ὁ@dgmp λίθος@ngmpc πᾶς@anams- ὁ@dams νόμος@namsc οὗτος@anams- σαφής@b σφόδρα@b"
"Deut_27.9","καί@b λαλέω@viaa3s μωυσῆς@nnmsp καί@cs ὁ@dnmp ἱερεύς@nnmpc ὁ@dnmp λευεύω@nnmpp πᾶς@andms- ἰσραήλ@nnmsp λέγω3@vppanmp σιωπάω@nvmsp καί@cs ἀκούω@vmpa2s ἰσραήλ@nvmsp ἐν@p ὁ@ddfs ἡμέρα@ndfsc οὗτος@rpdfs γίγνομαι@vira2s εἰς@p λαός@namsc τύριος@ndmsp τῷ@dgms θεός@namsc σύ@rpgcs"
"Deut_27.10","καί@b εἰσακούω@vifm2s ὁ@dgfs φωνή@ngfsc κύριος@ngmsc ὁ@dgms θεός@ngmsc σύ@rpgcs καί@cs ποιέω@vifa2s πᾶς@angfs- ὁ@dafp ἐντολή@nafpc αὐτός@rpgms καί@cs ὁ@danp δικαίωμα@nanpc αὐτός@rpgms ὅσος@ananp- ἐγώ@rpnms ἐντέλλομαι@vipe1s σύ@rpdms σήμερον@b"
"Deut_27.11","καί@cs ἐντέλλομαι@viam3s μωυσῆς@nnmsp ὁ@ddms λαός@ndmsc ἐν@p τῆ@ddfs ἡμέρα@ndfsc ἐκεῖνος@rpdfs λέγω3@vppanms"
"Deut_27.12","οὗτος@rpnmp ἵστημι@vifm3p εὐλογέω@vnpa-- ὁ@dams λαός@namsc ἐν@p ὄρος@ndnsc γαριζείν@n---p διαβαίνω@vpaanmp ὁ@dams ἰορδάνης@namsp συμεών@nnmsp λευεί@nnmsp ἰουδά@nnmsp ἰσσαχάρ@nnmsp ἰωσήφ@nvmsp καί@cs βενιαμείν@nnmpp"
"Deut_27.13","καί@b οὗτος@rpnmp ἵστημι@vifm3p ἐπί@p ὁ@dgfs καταίρω@ngfsc ἐν@p ὄρος@ndnsc γαιβάλ@n--sp ῥουβήν@nnmsp γὰδ@nnmsp καί@cs ἀήρ@nnmsp ζαβουλών@nnmsp ἄν@nnmsp καί@cs νεφθαλέω@nnmsp"
"Deut_27.14","καί@cs ἀποκρίνω@vpapnmp ὁ@dnmp λευεύω@nnmpp λέγω@vifa3p πᾶς@andfs- ἰσραήλ@ndmsp φωνή@ndfsc μέγας@andfs-"
"Deut_27.15","ἐπικατάρατος@annms- ἄνθρωπος@nnmsc ὅστις@rpnms ποιέω@vifa3s γλυπτός@anans- καί@anans- χωνευτός@anans- βδέλυγμα@nansc κύριος@andms- ἔργον@nansc χείρ@ngfpc τεχνίτης@angfp- καί@cs τίθημι@vifa3s αὐτός@rpans ἐν@p ἀπόκρυφος@andns- καί@b ἀποκρίνω@vpapnms ὁ@dnms λαός@nnmsc λέγω@vifa3p γίγνομαι@voam3s"
"Deut_27.16","ἐπικατάρατος@annms- ὁ@dnms ἀτιμάζω@vppanms πατήρ@namsc αὐτός@rpgms ἤ1@cs μήτηρ@nafsc αὐτός@rpgms καί@b λέγω@vifa3p πᾶς@annms- ὁ@dnms λαός@nnmsc γίγνομαι@ngmsp"
"Deut_27.17","ἐπικατάρατος@annms- ὁ@dnms μετατίθημι@vppanms ὅριον@ananp- ὁ@dgms πλησίος@b καί@b λέγω@vifa3p πᾶς@annms- ὁ@dnms λαός@nnmsc γίγνομαι@ngmsp"
"Deut_27.18","ἐπικατάρατος@annms- ὁ@dnms πλανάω@vppanms τυφλός@anans- ἐν@p ὁδός@ndfsc καί@b λέγω@vifa3p πᾶς@annms- ὁ@dnms λαός@nnmsc γίγνομαι@ngmsp"
"Deut_27.19","ἐπικατάπατος@annms- ὅς@rpnms ἄν@b ἐκκλίνω@vsaa3s κρίσις@nafsc προσήλυτος@angms- καί@cs ὀρφανός@angfs- καί@cs χήρα@ngfsc καί@b λέγω@vifa3p πᾶς@annms- ὁ@dnms λαός@nnmsc γίγνομαι@ngmsp"
"Deut_27.20","ἐπικατάπατος@nnmsp ὁ@dnms κοιμάω@vppenms μετά@p γυνή@ngfsc ἐκ@p πατήρ@ngmsc αὐτός@rpgms ὅτι@cs ἀποκαλύπτω@viaa3s συνκάλυμμα@nansc ὁ@dgms πατήρ@ngmsc αὐτός@rpgms καί@b λέγω@vifa3p πᾶς@annms- ὁ@dnms λαός@nnmsc γίγνομαι@ngmsp"
"Deut_27.21","ἐπικατάρατος@annms- ὁ@dnms κοιμάω@vppenms μετά@p πᾶς@angns- κτῆνος@ngnsc καί@b λέγω@vifa3p πᾶς@annms- ὁ@dnms λαός@nnmsc γίγνομαι@ngmsp"
"Deut_27.22","ἐπικατάπατος@nnmsp ὁ@dnms κοιμάω@vppenms μετά@p ἀδελφή@ngfsc πατήρ@ngmsc ἤ1@cs μήτηρ@ngfsc αὐτός@rpgms καί@b λέγω@vifa3p πᾶς@annms- ὁ@dnms λαός@nnmsc γίγνομαι@ngmsp"
"Deut_27.23","ἐπικατάπατος@nnmsp ὁ@dnms κοιμάω@vppenms μετά@p νύμφη@ngfsc αὐτός@rpgms καί@b λέγω@vifa3p πᾶς@annms- ὁ@dnms λαός@nnmsc γίγνομαι@ngmsp ἐπικατάρατος@nnmsp ὁ@dnms κοιμάω@vppenms μετά@p ἀδελφή@ngfsc γυνή@ngfsc αὐτός@rpgms καί@b λέγω@vifa3p πᾶς@annms- ὁ@dnms λαός@nnmsc γίγνομαι@ngmsp"
"Deut_27.24","ἐπικατάπατος@annms- ὁ@dnms τύπτω@vppanms ὁ@dams πλησίος@anams- αὐτός@rpgms δόλος@ndmsc καί@b λέγω@vifa3p πᾶς@annms- ὁ@dnms λαός@nnmsc γίγνομαι@ngmsp"
"Deut_27.25","ἐπικατάπατος@annms- ὅς@rpnms ἄν@x λαμβάνω@vsaa3s δῶρον@nanpc πατάσσω@vnaa-- ψυχή@nafsc αἷμα@ngnsc ἀθῷος@angns- καί@b λέγω@vifa3p πᾶς@annms- ὁ@dnms λαός@nnmsc γίγνομαι@ngmsp"
"Deut_27.26","ἐπικατάρατος@annms- πᾶς@annms- ἄνθρωπος@nnfsc ὅς@rpnms οὐ@b ἐμμένω@vipa3s ἐν@p πᾶς@andmp- ὁ@ddmp λόγος@ndmpc ὁ@dgms νόμος@ngmsc οὗτος@angms- ποιέω@vnaa-- αὐτός@rpamp καί@cs λέγω@vifa3p πᾶς@annms- ὁ@dnms λᾶας@nnmsc γίγνομαι@voam3s"
"Deut_28.1","καί@cs εἰμί@vifm3s ἐάν@cs ἀκοή@ndfsc ἀκούω@vsaa2s ὁ@dgfs φωνή@ngfsc κύριος@ngmsc ὁ@dgms θεός@ngmsc σύ@rpgcs φυλάσσω@vnpa-- καί@cs ποιέω@vnpa-- πᾶς@anafp- ὁ@dafp ἐντολή@nafpc οὗτος@rpafp ὅς@rpafp ἐγώ@rpnms ἐντέλλομαι@vipe1s σύ@rpdms σήμερον@b καί@cs δίδωμι@vifa3s σύ@rpacs κύριος@nnmsc ὁ@dnms θεός@nnmsc σύ@rpgcs ὑπεράνω@anamd- ἐπί@p πᾶς@ananp- ὁ@danp ἔθος@namsc ὁ@dgfs γῆ@ngfsc"
"Deut_28.2","καί@b ἥκω@vifa3p ἐπί@p σύ@rpacs πᾶς@annfp- ὁ@dnfp εὐλογία@nnfpc οὗτος@rpnfp καί@cs εὑρίσκω@vifa3p σύ@rpacs ἐάν@cs ἀκοή@vsam2s ἀέκων@vppagfs ὁ@dgfs φωνή@ngfsc κύριος@ngmsc ὁ@dgms θεός@ngmsc σύ@rpgcs"
"Deut_28.3","εὐλογέω@vprenms σύ@rpnms ἐν@p πόλις@ndfsc καί@cs εὑλογέω@vprenms σύ@rpnms ἐν@p ἀγρός@ndmsc"
"Deut_28.4","εὐλογέω@vprennp ὁ@dnnp ἔκγονος@nnnpc ὁ@dgfs κοιλία@ngfsc σύ@rpgcs ὁ@dnnp βουκόλιον@nnnpc ὁ@dgmp βοῦς@ngfpc σύ@rpgcs καί@cs ὁ@dnnp ποίμνιον@nnnpc ὁ@dgnp πρόβατον@ngnpc σύ@rpgcs"
"Deut_28.5","εὐλογέω@vprenfp ὁ@dnfp ἀποθήκη@nnfpc σύ@rpgcs καί@cs ὁ@dnnp ἐνκαταλίμπανον@nnnpc σύ@rpgcs"
"Deut_28.6","εὐλογέω@vprenms σύ@rpncs ἐν@p ὁ@ddns εἰσπορεύω@vnpe-- σύ@rpacs καί@cs εὐλστργέω@vprenms σύ@rpncs ἐν@p ὁ@ddns ἐκπορεύω@vnpe-- σύ@rpacs"
"Deut_28.7","παραδίδωμι@vifa3s κύριος@nnmsp ὁ@dnms θεός@nnmsc σύ@rpgcs ὁ@damp ἐχθρός@anamp- σύ@rpgcs ὁ@damp ἀνθίστημι@vpraamp σύ@rpdcs συντρίβω@vpreamp πρόσωπον@ngnsc σύ@rpgcs ὁδός@ndfsc εἷς@ ἐξέρχομαι@vifm3p πρός@p σύ@rpacs καί@cs ἐν@p ἑπτὰ@an---- ὁδός@ndfpc φεύγω@vifm3p ἀπό@p πρόσωπον@ngnsc σύ@rpgcs"
"Deut_28.8","ἀποστέλλω@vnaa-- κύριος@nnmsc ἐπί@p σύ@rpacs ὁ@dafs εὐλογία@nafsc ἐν@p ὁ@ddnp πρυτανεῖον@ndnpc σύ@rpgcs καί@cs ἐπί@p πᾶς@ananp- ὅς@b εἰμί@vppanms ὁ@dafs χείρ@nafsc σύ@rpgcs ἐπί@p ὁ@dgfs γῆ@ngfsc ὅς@rpgfs κύριος@nnmsc ὁ@dnms θεός@nnmsc σύ@rpgcs δίδωμι@vipa3s σύ@rpdcs"
"Deut_28.9","ἀνίστημι@vmam2s σύ@rpacs κύριος@nnmsc ἑαυτοῦ@rpdms λαός@namsc ἅγιος@anams- ὅς@rpams τρόπος@namsc ὄμνυμι@viaa3s ὁ@ddmp πατήρ@ndmpc σύ@rpgcs ἐάν@cs ἀκούω@vsaa2s ὁ@dgfs φωνή@ngfsc κύριος@ngmsc ὁ@dgms θεός@ngmsc σύ@rpgcs καί@cs πορεύω@vsap2s ἐν@p πᾶς@andfp- ὁ@ddfp ὁδός@ndfpc αὐτός@rpgms"
"Deut_28.10","καί@b ὄψομαι@vifm3p σύ@rpacs πᾶς@annnp- ὁ@dnnp ἔθνος@nnnpc ὁ@dgfs γῆ@ngfsc ὅτι@cs ὁ@dnns ὄνομα@nnnsc κύριος@ngmsc ἐπικαλέω@vire3s σύ@rpdcs καί@cs φοβέω@vifp3s σύ@rpacs"
"Deut_28.11","καί@b πληθύνω@vipa3s σύ@rpams κύριος@nnmsc ὁ@dnms θεός@nnmsc σύ@rpgcs εἰς@p ἀγαθός@ananp- ἐν@p ὁ@ddmp ἔκγονος@ndnpc ὁ@dgfs κοιλία@ngfsc σύ@rpgcs καί@b ἐπί@p ὁ@ddnp γέννημα@ndnpc ὁ@dgfs γῆ@ngfsc σύ@rpgcs καί@cs ἐπί@p ὁ@ddnp ἔκγονος@andnp- ὁ@dgnp κτῆνος@ngnpc σύ@rpgcs ἐπί@p ὁ@dgfs γῆ@ngfsc ὅς@rpgfs ὄμνυμι@viaa3s κύριος@nnmsp ὁ@ddmp πατήρ@ndmpc σύ@rpgcs δίδωμι@vnaa-- σύ@rpdms"
"Deut_28.12","ἀνοίγνυμι@vnaa-- σύ@rpdcs κύριος@nnmsc ὁ@dams θησαυρός@namsc αὐτός@rpgms ὁ@dams ἀγαθός@anams- ὁ@dams οὐρανός@namsc δίδωμι@vnaa-- ὁ@dams ὑετός@namsc τῆ@ddfs γῆ@ndfsc σύ@rpgcs ἐπί@p καιρός@ngmsc εὐλογέω@vnaa-- πᾶς@ananp- ὁ@danp ἔργον@nanpc ὁ@dgfp χείρ@ngfpc σύ@rpgcs καί@b δανιεύς@vifa2s ἔθνος@ndnpc πολύς@andnp- σύ@rpncs δέ@cs οὐ@b δανιή@ndfsc"
"Deut_28.13","καθίστημι@voaa3s σύ@rpacs κύριος@nnmsp ὁ@dnms θεός@nnmsc σύ@rpgcs εἰς@p κεφαλή@nafsc καί@cs μή@b εἰς@p οὐρά@nafsc καί@b εἰμί@vifm2s τότε@b ἐπάνω@b καί@cs οὐ@b ἴσος@vifm2s ὑποκάτω@b ἐάν@cs ὁ@dnfs ὁ@dgfs φωνή@ngfsc κύριος@ngmsc ὁ@dgms θεός@ngmsc σύ@rpgcs ὅσος@ananp- ἐγώ@rpnms ἐντέλλομαι@vipe1s σύ@rpdms φυλάσσω@vnpa--"
"Deut_28.14","οὐ@b παραβαίνω@vifm2s ἀπό@p πᾶς@angfp- ὁ@dgfp ἐντολή@ngfpc ὅς@rpgfp ἐγώ@rpnms ἐντέλλομαι@vipe1s σύ@rpdcs σήμερον@b δεξιός@ananp- οὐ@b δέ@cs ἀριστερός@ananp- πορεύω@vnpe-- ὀπίσω@b θεός@ngmpc ἕτερος@angmp- λατρεύω@vnpa-- αὐτός@rpdmp"
"Deut_28.15","καί@cs εἰμί@vifm3s ἐάν@cs μή@b εἰσακούω@vsaa2s ὁ@dgfs φωνή@ngfsc κύριος@ngmsp ὁ@dgms θεός@ngmsc σύ@rpgcs φυλάσσω@vnpe-- πᾶς@anafp- ὁ@dafp ἐντολή@nafpc αὐτός@rpgms ὅσος@anafp- ἐγώ@rpnms ἐντέλλομαι@vipe1s σύ@rpdms σήμερον@b καί@cs ἔρχομαι@vifm3p ἐπί@p σύ@rpacs πᾶς@annfp- ὁ@dnfp κατάρα@nnfpc οὗτος@rpnfp καί@cs καταλαμβάνω@vifm3p σύ@rpacs"
"Deut_28.16","ἐπικατάρατος@annms- σύ@rpnms ἐν@p πόλις@ndfsc καί@cs ἐπικατάρατος@annms- σύ@rpnms ἐν@p ἀγρός@ndmsc"
"Deut_28.17","ἐπικατάρατος@annfp- ὁ@dnfp ἀποθήκη@nnfpc σύ@rpgcs καί@cs ὁ@dnnp ἐγκαταλείμμμα@nnnpc σύ@rpgcs"
"Deut_28.18","ἐπικατάρατος@annnp- ὁ@dnnp ἔκγονος@annnp- ὁ@dgfs κοιλία@ngfsc σύ@rpgcs καί@b ὁ@dnnp γένημα@nnnpc ὁ@dgfs γῆ@ngfsc σύ@rpgcs ὁ@dnnp βουκόλιον@nnnpc ὁ@dgmp βοῦς@ngmpc σύ@rpgcs καί@cs ὁ@dnnp ποίμνιον@nnnpc ὁ@dgnp πρόβατον@ngnpc σύ@rpgcs"
"Deut_28.19","ἐπικατάρατος@annms- σύ@rpncs ἐν@p ὁ@ddns ἐκπορεύω@vnpe-- σύ@rpacs καί@cs ἐπικατάρατος@annms- σύ@rpncs ἐν@p ὁ@ddns εἰσπορεύω@vnpe-- σύ@rpacs"
"Deut_28.20","ἀποστέλλω@vnaa-- κύριος@nnmsc ἐπί@p σύ@rpams ὁ@dafs ἔνδεια@nafsc καί@b ὁ@dafs ἐκλιμία@nafsc καί@cs ὁ@dafs ἀνάλωσις@nafsc ἐν@rpams πᾶς@ananp- ὅς@b ἐν@p ’@rpans ἐπιβάλλω@vsaa2s ὁ@dafs χείρ@nafsc σύ@rpgcs ἕως@cs ἄν@b ἐξολεθρεύω@vsaa3s σύ@rpacs καί@cs ἕως@cs ἄν@b ἀπόλλυμι@vsaa3s σύ@rpams ἐν@p τάχος@ndnsc διά@p ὁ@danp πονηρός@ananp- ἐπιτήδευμα@nanpc σύ@rpgcs διότι@cs ἐγκαταλιπάω@viaa2s ἐγώ@rpams"
"Deut_28.21","προσκολλάω@voaa3s κύριος@nnmsc εἰς@p σύ@rpacs ὁ@dams θάνατος@namsc ἕως@cs ἀνά@p ἐξαναλίσκω@vsaa3s σύ@rpacs ἀπό@p ὁ@dgfs γῆ@ngfsc εἰς@p ὅς@rpafs εἰσπορεύω@vipe2s ἐκεῖ@b κληρονομέω@vnaa-- αὐτός@rpafs"
"Deut_28.22","πατάσσω@vnaa-- σύ@rpacs κύριος@nnmsc ἐν@p ἀπορία@ndfsc καί@cs πυρετός@ndmsc καί@cs ῥῖγος@ndnsc καί@cs ἐρεθισμός@ndnsc καί@cs ἀνεμοφθορία@ndfsc καί@cs ὁ@ddfs ὤχρα@ndfsc καί@b καταδιώκω@vpfaams σύ@rpacs ἕως@cs ὅς@b ἀπόλλυμι@vsaa3p σύ@rpacs"
"Deut_28.23","καί@b εἰμί@vifm3s σύ@rpdcs ὁ@dnms οὐρανός@nnmsc ὁ@dnms ὑπέρ@p κεφαλή@ngfsc σύ@rpgcs χάλκεος@annms- καί@cs ὁ@dnfs γῆ@nnfsc ὁ@dnfs ὑποκάτω@p σύ@rpgcs σιδήρεος@annfs-"
"Deut_28.24","δίδωμι@voaa3s κύριος@nnmsp ὁ@dnms θεός@nnmsc σύ@rpgcs ὁ@dams ὑετός@namsc ὁ@ddfs γῆ@ndfsc σύ@rpgcs κονιορτός@namsc καί@cs χοῦς@nnfsc ἐκ@p ὁ@dgms οὐρανός@ngmsc καταβαίνω@vifm3s ἕως@cs ἄν@b ἐκτρίβω@vsaa3s σύ@rpams καί@cs ἕως@cs ἄν@b ἀπόλλυμι@vsaa3s σύ@rpa-s ἐν@p τάχος@ndnsc"
"Deut_28.25","δίδωμι@vifa3s σύ@rpacs κύριος@nnmsc ἐπισκοπή@nafsc ἐναντίον@p ὁ@dgmp ἐχθρός@ngmpc ἐν@p ὁδός@ndfsc εἷς@ ἐξέρχομαι@vifm2s πρός@p αὐτός@rpamp καί@b ἐν@p ἑπτὰ@an---- ὁδός@ndfpc φεύγω@vsaa3s ἀπό@p πρόσωπον@ngnsc αὐτός@rpgmp καί@cs εἰμί@vifm2s διασπορά@nnfsc ἐν@p πᾶς@andfp- βασίλειον@ndnpc ὁ@dgfs γῆ@ngfsc"
"Deut_28.26","καί@b εἰμί@vifm3p ὁ@dnmp νεκρός@nnmpc σύ@rpgcp κατάβρωμα@nnnpc ὁ@ddnp πετεινόν@ndnpc ὁ@dgms οὐρανός@ngmsc καί@cs ὁ@ddnp θηρίον@ndnpc ὁ@dgfs γῆ@ngfsc καί@cs οὐ@b εἰμί@vifm3s ὁ@dnms ἐκφοβέω@vppanms"
"Deut_28.27","πατάσσω@vnaa-- σύ@rpacs κύριος@nnmsc ἕλκω@vipa3s αἰγύπτιος@ndmsp εἰς@p ὁ@dafs ἕδρα@nafsc καί@b ψώρα@ndfsc ἄγριος@andfs- καί@cs κνήφη@ndfsc ὥστε@cs μή@b δύναμαι@vnpe-- σύ@rpacs ἰάομαι@vnap--"
"Deut_28.28","πατάσσω@vmam2s σύ@rpacs κύριος@nnmsc παραπληξία@ndfsc ἀορασία@ngfsc καί@cs ἕ@rpafs διάνοια@ngfsc"
"Deut_28.29","καί@cs εἰμί@vmpa2s ψηλαφάω@vppanms μεσημβρία@ngfsc ὡς@cs εἰ@cs τις@rpans τυφλός@annms- ἐν@p ὁ@ddns σκότος@ndnsc καί@cs οὐ@b εὐοδόω@vifa3s ὁ@dafp ὁδός@nafpc σύ@rpgcs καί@b εἰμί@vifm2s τότε@b ἀδικέω@vppenms καί@cs διαρπάζω@vppenms πᾶς@anafp- ὁ@dafp ἡμέρα@nafpc καί@cs οὐ@b εἰμί@vifm3s ὁ@dnms βοηθέω@annms-"
"Deut_28.30","γυνή@ndfsc λαμβάνω@vifm2s καί@cs ἀνήρ@nnmsc ἕτερος@annms- ἔχω@vifa3s αὐτός@rpafs οἰκία@nafsc οἰκοδόμησις@vifa2s καί@cs οὐ@b οἴκησις@vifa2s ἐν@p αὐτός@rpdfs ἀμπελών@namsc φυτεύω@vifa2s καί@cs οὐ@b τρυγάω@vifa2s αὐτός@rpams"
"Deut_28.31","ὁ@dnms μόσχος@nnmsc σύ@rpgcs σφάζω@vprenms ἐναντίον@p σύ@rpgcs καί@cs οὐ@b φημί@vipe2s ἐκ@p αὐτός@rpgms ὁ@dnms ὄνος@nnmsc σύ@rpgcs ἁρπάζω@vprenms ἀπό@p σύ@rpgcs καί@b οὐ@b ἀποδίδωμι@vifp3s σύ@rpdcs ὁ@dnnp πρόβατον@nnnpc σύ@rpgcs δίδωμι@vprennp ὁ@ddmp ἐχθρός@andmp- σύ@rpgcs"
"Deut_28.32","καί@cs ὁ@dnmp ὀφθαλμός@nnmpc σύ@rpgms βλέπω@vifm3p σφακελίζω@vppanmp εἰς@p αὐτός@rpanp οὐ@b ἰσχύω@vifa3s σύ@rpgcs ὁ@dnfs χείρ@nnfsc"
"Deut_28.33","ὁ@danp ἐκφόριον@nanpc ὁ@dgfs γῆ@ngfsc σύ@rpgcs καί@cs πᾶς@anamp- ὁ@damp πόνος@nampc σύ@rpgms ἐσθίω@vifm3s ἔθνος@nnnsc ὅς@rpans οὐ@b ἐπίσταμαι@vipe2s καί@cs εἰμί@vifm2s ἀδικέω@vppenms καί@cs θραύω@vprenms πᾶς@anafp- ὁ@dafp ἡμέρα@nafpc"
"Deut_28.34","καί@b εἰμί@vifm2s παράπληκτος@annms- διά@p ὁ@danp ὅραμα@nanpc ὁ@dgmp ὀφθαλμός@ngmpc σύ@rpgcs ὅς@rpanp βλέπω@vifm2s"
"Deut_28.35","πατάσσω@vnaa-- σύ@rpacs κύριος@nnmsc ἐν@p ἕλκω@ndnsc πονηρός@andns- ἐπί@p ὁ@danp γόνυ@nanpc καί@cs ἐπί@p ὁ@dafp κνήμη@nafpc ὥστε@cs μή@b δύναμαι@vnpe-- σύ@rpacs ἰάομαι@vnap-- ἀπό@p ἴχνος@ngnsc ὁ@dgmp πούς@ngmpc σύ@rpgcs ἕως@p ὁ@dgfs κορυφή@ngfsc σύ@rpgcs"
"Deut_28.36","ἀπάγω@voaa3s κύριος@nnmsc σύ@rpams καί@cs ὁ@damp ἄρχω@vppaamp σύ@rpgcs ὅς@rpamp ἐάν@cs καθίστημι@vsaa2s ἐπί@p σεαυτοῦ@rpams ἐπί@p ’@p ἔθνος@nansc ὅς@rpans οὐ@b ἐπίσταμαι@vipe2s σύ@rpnms καί@cs ὁ@dnmp πατήρ@nnmpc σύ@rpgcs καί@cs λατρεύω@vifa2s ἐκεῖ@b θεός@ndmpc ἕτερος@andmp- ξύλον@ndnpc καί@cs λίθος@ndmpc"
"Deut_28.37","καί@b εἰμί@vifm2s ἐκεῖ@b ἐν@p αἴνιγμα@ndnsc καί@b παραβολή@ndfsc καί@cs διήγημα@ndnsc ἐν@p πᾶς@andnp- ὁ@ddnp ἔθνος@ndnpc εἰς@p ὅς@rpamp ἀπάγω@vifm2s σύ@rpams κύριος@nnmsc ἐκεῖ@b"
"Deut_28.38","σπέρμα@nansc πολύς@anans- ἐξφέρω@vifa2s εἰς@p ὁ@dans πεδίον@nansc καί@cs ὀλίγος@ananp- εἰσφέρω@vifa2s ὅτι@cs κατεσθίω@vipe3s αὐτός@rpanp ὁ@dnfs ἀκρίς@nnfsc"
"Deut_28.39","ἀμπελών@nanpc φυτεύω@vifa2s καί@cs κατεργάομαι@vifm2s καί@cs οἶνος@namsc οὐ@b πίνω@vipe2s οὐ@b δέ@cs εὐφραίνω@vifp2s ἐκ@p αὐτός@rpgms ὅτι@cs σήπω@vsam3s αὐτός@rpanp ὁ@dnms σκώληξ@nnmsc"
"Deut_28.40","ἐλαία@nnfpc εἰμί@vifm3p σύ@rpdcs ἐν@p πᾶς@andnp- ὁ@ddnp ὅριον@ndnpc σύ@rpgcs καί@cs ἔλαιον@nansc οὐ@b χρίω@vifm2s ὅτι@cs ἐκρέω@vifp3s ὁ@dnfs ἐλαία@nnfsc σύ@rpgcs"
"Deut_28.41","υἱός@nampc καί@cs θυγάτηρ@nafpc γέννησις@vifa2s καί@cs οὐ@b εἰμί@vifm3p ἀπέρχομαι@vifm3p γάρ@x ἐν@p αἰχμαλωσία@ndfsc"
"Deut_28.42","πᾶς@ananp- ὁ@danp ξύλινος@nanpc σύ@rpgcs καί@cs ὁ@danp γένημα@nanpc ὁ@dgfs γῆ@ngfsc σύ@rpgcs ἐξαναλίσκω@vifa3s ὁ@dnfs ἐρυσίβη@nnfsc"
"Deut_28.43","ὁ@dnms προσήλυτος@annms- ὁ@dnms ἐν@p σύ@rpdcs ἀναβαίνω@vifm3s ἄνω@b ἄνω@b σύ@rpncs δέ@b καταβαίνω@vifm2s κάτω@b κάτω@b"
"Deut_28.44","οὗτος@rpnms δανιεύς@vifm2s σύ@rpdms σύ@rpnms δέ@cs οὗτος@rpdns οὐ@b δανιεύς@vifa2s οὗτος@annms- εἰμί@vifm3s κεφαλή@nnfsc σύ@rpn-s δέ@x ἴσος@vifm2s οὐρά@nnfsc"
"Deut_28.45","καί@b ἔρχομαι@vifm3p ἐπί@p σύ@rpacs πᾶς@annfp- ὁ@dnfp κατάρα@nnfpc οὗτος@rpnfp καί@b καταδιώκω@vifm3p σύ@rpacs καί@cs καταλαμβάνω@vifm3p σύ@rpacs ἕως@cs ἄν@b ἐξολεθρεύω@vsaa3s σύ@rpacs καί@cs ἕως@cs ἄν@b ἀπόλλυμι@vsaa3s σύ@rpacs ὅτι@b οὐ@b εἰσακούω@viaa2s ὁ@dgfs φωνή@ngfsc κύριος@ngmsc ὁ@dgms θεός@ngmsc σύ@rpgcs φυλάσσω@vmam2s ὁ@dafp ἐντολή@nafpc αὐτός@rpgms καί@cs ὁ@danp δικαίωμα@nanpc ὅσος@ananp- ἐντέλλομαι@viam3s σύ@rpdms"
"Deut_28.46","καί@b εἰμί@vifm3s ἐν@p σύ@rpdms σημεῖον@nnnpc καί@cs τέρας@nnnpc ἐν@p ὁ@ddns σπέρμα@ndnsc σύ@rpgcs ἕως@p ὁ@dgms αἰών@ngmsc"
"Deut_28.47","ἀντί@p ’@p ὅς@rpgnp οὐ@b λατρεύω@viaa2s κύριος@ndmsc ὁ@ddms θεός@ndmsc σύ@rpgcs ἐν@p εὐφροσύνη@ndfsc καί@cs ἀγαθός@andfs- διάνοια@ndfsc διά@p ὁ@dans πλῆθος@nansc πᾶς@angmp-"
"Deut_28.48","καί@b καί@b λατρεύω@vifa2s ὁ@ddmp ἐχθρός@andmp- σύ@rpgcs ὅς@rpamp ἐπίἀποστέλλω@vifa3s κύριος@nnmsc ἐπί@p σύ@rpams ἐν@p λιμός@ndmsc καί@cs ἐν@p ἐκλείπω@ndfsc πᾶς@angnp- καί@cs ἐπιτίθημι@vifa3s κλοιός@namsc σιδήρεος@vpfaams ἐπί@p ὁ@dams τράχηλος@namsc σύ@rpgcs ἕως@cs ἄν@b ἐξολεθρεύω@vsaa3s σύ@rpacs"
"Deut_28.49","ἐπάγω@vifa3s κύριος@nnmsc ἐπί@p σύ@rpacs ἔθνος@nnnsc μακρόθεν@b ἀπό@p ἔσχατος@angfs- ὁ@dgfs γῆ@ngfsc ὡσεί@cs ὄχημα@nnnsc ἀετός@ngmsc ἔθνος@nnnsc ὅς@rpnns οὐ@b ἀκούω@vsaa3s ὁ@dgfs φωνή@ngfsc αὐτός@rpgms"
"Deut_28.50","ἔθνος@nnnsc ἀναιδής@anans- τις@rpgfs οὐ@b θαυμάζω@ndfsc πρόσωπον@nansc πρεσβύτης@angms- καί@cs νέος@anans- οὐ@b ἐλεέω@vnaa--"
"Deut_28.51","καί@b κατεσθίω@vifm3s ὁ@dnnp ἔκγονος@annnp- ὁ@dgnp κτῆνος@ngnpc σύ@rpgcs καί@cs ὁ@danp γένημα@nanpc ὁ@dgfs γῆ@ngfsc σύ@rpgcs ὥστε@cs μή@b καταλιμπάνω@vnaa-- σύ@rpdcs σῖτος@namsc οἶνος@namsc ἔλαιον@nansc ὁ@danp βουκόλιον@nanpc ὁ@dgfp βοῦς@ngcpc σύ@rpgcs καί@cs ὁ@danp ποίμνιον@nanpc ὁ@dgnp πρόβατον@ngnpc σύ@rpgcs ἕως@p ἄν@b ἀπόλλυμι@vsaa3s σύ@rpacs"
"Deut_28.52","καί@cs ἐκτρίβω@vifm3s σύ@rpacs ἐν@p ὁ@ddfp πόλις@ndfpc σύ@rpgcs ἕως@cs ἄν@b καθαιρέω@vsap3s ὁ@danp τεῖχος@nnnpc ὁ@danp ὑψηλός@annnp- καί@cs ὁ@danp ὀχυρός@annnp- ἐπί@p ὅς@rpdnp σύ@rpncs πείθω@vira2s ἐπί@p αὐτός@rpdnp ἐν@p πᾶς@andfs- ὁ@ddfs γῆ@ndfsc σύ@rpgcs καί@b θλίψις@vifa3s σύ@rpams ἐν@p ὁ@ddfp πόλις@ndfpc σύ@rpgcs ὅς@rpdfp δίδωμι@viaa3s σύ@rpdms"
"Deut_28.53","καί@b ἐσθίω@vifm2s ὁ@danp ἔκγονος@nanpc ὁ@dgfs κοιλία@ngfsc σύ@rpgcs κρέας@nanpc υἱός@ngmpc σύ@rpgcs καί@cs θυγάτηρ@ngfpc σύ@rpgcs ὅσος@ananp- δίδωμι@viaa3s σύ@rpdcs ἐν@p ὁ@ddfs στενοχωρία@ndfsc σύ@rpgcs καί@cs ἐν@p ὁ@ddfs θλίψις@ndfsc σύ@rpgcs ὅς@rpdfs θλίψις@vifa3s σύ@rpacs ὁ@dnms ἐχθρός@annms- σύ@rpgcs"
"Deut_28.54","ἁπαλός@annms- ὁ@dnms ἐν@p σύ@rpdcs καί@cs ὁ@dnms τρυφερός@annms- σφόδρα@b βασκανέω@vipa3s ὁ@ddms ὀφθαλμός@ndmsc ὁ@dams ἀδελφός@namsc καί@cs ὁ@dafs γυνή@nafsc ὁ@dafs ἐν@p κόλπος@ndmsc καί@cs ὁ@danp καταλιμπάνω@vpreanp τέκνον@nanpc ὅς@rpdfs ἄν@b καταλείπω@vsap3s"
"Deut_28.55","ὥστε@cs δίδωμι@vnaa-- εἷς@andms- αὐτός@rpgmp ἀπό@p ὁ@dgfp σάρξ@ngfpc ὁ@dgnp τέκνον@ngnpc αὐτός@rpgms ὅς@rpgnp ἄν@b κατεσθίω@vsaa3s διά@p ὁ@dans μή@b καταλείπω@vnap-- αὐτός@rpdms οὐδείς@rpans ἐν@p ὁ@ddfs στενοχωρία@nnfpc σύ@rpgcs καί@cs ἐν@p ὁ@ddfs θλίψις@ndfsc σύ@rpgcs ὅς@rpdfs ἄν@b θλίβω@vsaa3p σύ@rpacs ὁ@dnmp ἐχθρός@annmp- σύ@rpgcs ἐν@p πᾶς@andfp- ὁ@ddfp πόλις@ndfpc σύ@rpgcs"
"Deut_28.56","καί@b ὁ@dnfs ἁπαλός@annfs- ἐν@p σύ@rpdmp καί@cs ὁ@dnfs τρυφερός@annfs- ὅς@rpgfs οὐ@b πεῖρα@nafsc λαμβάνω@viaa3s ὁ@dnms πούς@rpnms αὐτός@rpgfs βαίνω@vnpa-- ἐπί@p ὁ@dgfs γῆ@ngfsc διά@p ὁ@dafs τρυφερότης@nafsc βασκανέω@vipa3s ὁ@ddms ὀφθαλμός@ndmsc αὐτός@rpgfs ὁ@dams ἀνήρ@namsc αὐτός@rpgfs ὁ@dams ἐν@p κόλπος@ndmsc αὐτός@rpgfs καί@b ὁ@dams υἱός@namsc καί@cs ὁ@dafs θυγάτηρ@nafsc αὐτός@rpgfs"
"Deut_28.57","καί@b ὁ@dans χόριον@nansc αὐτός@rpgfs ὁ@dnns ἐξέρχομαι@vpaanns διά@p ὁ@dgmp μηρός@ngmpc αὐτός@rpgfs καί@cs ὁ@dans τέκνον@nansc ὅς@rpans ἄν@b τίκτω@vsaa3s σήπω@vipe3s γάρ@b αὐτός@rpanp διά@p ὁ@dafs ἔνδεια@nafsc πόντος@vppagmp κρυφῇ@b ἐν@p ὁ@ddfs στενοχωρία@ndfsc σύ@rpgcs καί@cs ἐν@p τῆ@ddfs θλίψις@ndfsc σύ@rpgcs εἰμί@rpdfs θλίψις@vifm2s σύ@rpacs ὁ@dnms ἐχθρός@annms- σύ@rpgcs ἐν@p ὁ@ddfp πόλις@ndfpc σύ@rpgcs"
"Deut_28.58","ἐάν@cs μή@b εἰσακούω@vsaa2s ποιέω@vnpa-- πᾶς@ananp- ὁ@danp ῥῆμα@nanpc ὁ@dgms νόμος@ngmsc οὗτος@angms- ὁ@danp γράφω@vpreanp ἐν@p ὁ@ddns βιβλίον@ndnsc οὗτος@andns- φοβέω@vnpe-- ὁ@dans ὄνομα@nansc ὁ@dans ἔντιμος@anans- ὁ@dans θαυμαστός@anans- οὗτος@anans- κύριος@namsc ὁ@dams θεός@namsc σύ@rpgcs"
"Deut_28.59","καί@b παραδοξάζω@vifa3s κύριος@nnmsp ὁ@dafp πληγή@nafpc σύ@rpgms καί@cs ὁ@dafp πληγή@nafpc ὁ@dgns σπέρμα@ngnsc σύ@rpgcs πληγή@nafpc μέγας@anafp- καί@cs θαυμαστός@anafp- καί@cs νόσος@nafpc πονηρός@anafp- καί@cs πιστός@anafp-"
"Deut_28.60","καί@cs ἐπιστρέφω@vifa3s πᾶς@anafs- ὁ@dafs ὀδύνη@nafsc αἴγυπτος@ngmsp ὁ@dafs πονηρός@anafs- ὅς@rpafs διευλαβέομαι@viie2s ἀπό@p πρόσωπον@ngnsc αὐτός@rpgmp καί@cs κολλάω@vifp3p ἐν@p σύ@rpdcs"
"Deut_28.61","καί@b πᾶς@anafs- μαλακία@nafsc καί@cs πᾶς@anafs- πληγή@nafsc ὁ@dafs μή@b γράφω@vpreafs ἐν@p τῷ@ddns βιβλίον@ndnsc ὁ@dgms νόμος@ngmsc οὗτος@angms- ἐπάγω@vifa3s κύριος@nnmsp ἐπί@p σύ@rpams ἕως@cs ἄν@b ἐξολεθρεύω@vsaa3s σύ@rpams"
"Deut_28.62","καί@b καταλείπω@vifm2p ἐν@p ἀριθμός@ndmsc βραχύς@andms- ἀντί@p ὅς@rpgnp ὅτι@cs εἰμί@viia2p ὡσεί@b ὁ@dnnp ἄστρον@nnnpc ὁ@dgms οὐρανός@ngmsc ὁ@ddns πλῆθος@ndnsc ὅτι@cs οὐ@b εἰσακούω@viaa2s ὁ@dgfs φωνή@ngfsc κύριος@ngmsp ὁ@dgms θεός@ngmsc σύ@rpgcs"
"Deut_28.63","καί@b εἰμί@vifm3s ὅς@rpams τρόπος@namsc εὐφραίνω@viap3s @nnmsc κύριος@nnmsp ἐπί@p σύ@rpdmp εὖ@b ποιέω@vnaa-- σύ@rpamp οὕτως@b εὐφραίνω@vifp3s κύριος@nnmsp ἐπί@p σύ@rpdmp ἐξολεθρεύω@vnaa-- σύ@rpamp καί@b ἐξαίρω@vifm2p ἐν@p τάχος@ndnsc ἀπό@p ὁ@dgfs γῆ@ngfsc εἰς@cs ἐάν@cs εἰσπορεύω@vspa3s ἐκεῖ@b διανέμω@vnpa-- αὐτός@rpafs"
"Deut_28.64","καί@b διασπερέω@vipa3s σύ@rpacs κύριος@nnmsp ὁ@dnms θεός@nnmsc σύ@rpgcs εἰς@p πᾶς@ananp- ὁ@danp ἔθνος@nanpc ἀπό@p ἄκρον@ngnsc ὁ@dgfs γῆ@ngfsc ἕως@p ἄκρον@angns- ὁ@dgfs γῆ@ngfsc καί@cs δουλεύω@vifa2s ἐκεῖ@b θεός@ndmpc ἕτερος@andmp- ξύλον@ndnpc καί@cs λίθος@ndmpc ὅς@rpamp οὐ@b ἄπιστος@viaa2p σύ@rpnms καί@cs ὁ@dnmp πατήρ@nnmpc σύ@rpgcs"
"Deut_28.65","ἀλλά@cs καί@b ἐν@p ὁ@ddnp ἔθνος@ndnpc ἐκεῖνος@rpdnp οὐ@b ἀνάπαυσις@vifm2s σύ@rpacs οὐδέ@cs οὐ@b μή@b γίγνομαι@vsam3s στάσις@nnfsc ὁ@ddns ἴχνος@ndnsc ὁ@dgms πούς@ngmsc σύ@rpgcs καί@b δίδωμι@vifa3s σύ@rpdms κύριος@nnmsp ἐκεῖ@b καρδία@nafsc ἕτερος@anafs- ἀπειθέω@vppaafs καί@b ἐκλείπω@vpaaamp ὀφθαλμός@nampc καί@cs τήκω@vppeafs ψυχή@nafsc"
"Deut_28.66","καί@b εἰμί@vifm3s ὁ@dnfs ζωή@nnfsc σύ@rpgcs κρεμάννυμι@vprenfs ἀπέναντι@p ὁ@dgmp ὀφθαλμός@ngmpc σύ@rpgcs καί@cs φοβέω@vifp2s ἡμέρα@ngfsc καί@cs νύξ@ngfsc καί@cs οὐ@b πιστεύω@vifa2s τῆ@ddfs ζωή@ndfsc σύ@rpgcs"
"Deut_28.67","ὁ@dans πρωί@b ἐρῶ@vifa2s ἠώς@rpnfs ἄν@x γίγνομαι@voam3s ἑσπέρα@nnfsc καί@cs ὁ@dans ἑσπέρα@ngfsc ἐρῶ@vifa2s ἠώς@nnfsp ἄν@x γίγνομαι@voam3s ρ@nnfsp πρωΐ@b ἀπό@p ὁ@dgms φόβος@ngmsc ὁ@dgfs καρδία@ngfsc σύ@rpgcs εἰ@an---- φοβέω@vifp2s καί@cs ἀπό@p ὁ@dgnp ὅραμα@ngnpc ὁ@dgmp ὀφθαλμός@ngmpc σύ@rpgcs ὅς@vppanms ὁράω@vifm2s"
"Deut_28.68","καί@b ἀποστρέφω@vifa3s σύ@rpacs κύριος@nnmsc εἰς@p αἴγυπτος@nafsp ἐν@p πλοῖον@ndnpc ἐν@p ὁ@ddfs ὁδός@ndfsc ὅς@rpdfs λέγω@viaa1s οὐ@dnms προστίθημι@vifm2s ἔτι@b εἶδον@vnaa-- αὐτός@rpafs καί@b πιπράσκω@vifm2p ἐκεῖ@b ὁ@ddmp ἐχθρός@andmp- σύ@rpgcp εἰς@p παῖς@nampc καί@cs παιδίσκη@nafpc καί@cs οὐ@b εἰμί@vifm3s ὁ@dnms κτάομαι@vppenms"
"Deut_29.1","οὗτος@rpnmp ὁ@dnmp λόγος@nnmpc ὁ@dgfs διαθήκη@ngfsc ὅς@rpamp ἐντέλλομαι@viam3s κύριος@nnmsc ἵστημι@vnaa-- ὁ@ddmp υἱός@ndmpc ἰσραήλ@nnmsp ἐν@p γῆ@ndfsc μωάβ@n--sp πλήν@p ὁ@dgfs διαθήκη@ngfsc ὅς@rpgfs διά@viaa3s τίθημι@viam3s αὐτός@rpdmp ἐν@p χωρήβ@nd-sp"
"Deut_29.2","καί@b καλέω@viaa3s μωυσῆς@nnmsp πᾶς@anamp- ὁ@damp υἱός@nampc ἰσραήλ@nnmsp καί@cs λέγω@viaa3s πρός@p αὐτός@rpamp σύ@nampp ὁράω@viia2p πᾶς@ananp- ὅσος@ananp- ποιέω@viaa3s κύριος@nnmsc ἐν@p γῆ@ndfsc αἴγυπτος@ndfsp ἐνώπιον@p σύ@rpgmp φαραώ@ngmsp καί@b ὁ@ddmp θεράπων@ndmpc αὐτός@rpgms καί@cs πᾶς@andfs- ὁ@ddfs γῆ@ndfsc αὐτός@rpgms"
"Deut_29.3","ὁ@damp πειρασμός@nampc ὁ@damp μέγας@anamp- ὅς@rpamp ὁράω@vira3p ὁ@dnmp ὀφθαλμός@nnmpc σύ@rpgcs ὁ@danp σημεῖον@nanpc καί@cs ὁ@danp τέρας@nanpc ὁ@danp μέγας@ananp- ἐκεῖνος@rpanp"
"Deut_29.4","καί@b οὐ@b δίδωμι@viaa3s κύριος@nnmsc ὁ@dnms θεός@nnmsc σύ@rpdmp καρδία@nafsc οἶδα@vnra-- καί@b ὀφθαλμός@nampc βλέπω@vnpa-- καί@cs οὖς@nanpc ἀκούω@vnpa-- ἕως@p ὁ@dgfs ἡμέρα@ngfsc οὗτος@angfs-"
"Deut_29.5","καί@b ἄγω@viaa3s σύ@rpamp ἐν@p ὁ@ddfs ἐρῆμος@ndfsc τεσσεράκοντα@an---- ἔτος@nanpc οὐ@b παλαιόω@viap3s ὁ@dnnp ἱμάτιον@nnnpc σύ@rpgmp καί@cs ὁ@dnnp ὑπόδημα@nnnpc σύ@rpgmp οὐ@b κατατρίβω@viap3s ἀπό@p ὁ@dgmp πούς@ngmpc σύ@rpgmp"
"Deut_29.6","ἄρτος@namsc οὐ@b ἐσθίω@viaa2p οἶνος@namsc καί@cs σίκερα@nanpc οὐ@b πίνω@vipa2p ἴνα@cs γιγνώσκω@vsaa2p ὅτι@cs κύριος@nnmsp ὁ@dnms θεός@nnmsc σύ@rpgcp ἐγώ@rpnms"
"Deut_29.7","καί@b ἔρχομαι@viaa2p ἕως@p ὁ@dgms τόπος@ngmsc οὗτος@angms- καί@cs ἐξέρχομαι@viaa3s σής@nnmsp βασιλεύς@nnmsc ἑσβών@nnmsp καί@cs ὦγ@b βασιλεύς@nnmsc βασάω@vnfa-- εἰς@p συνάντησις@nafsc σύ@rpdmp ἐν@p πόλεμος@ndmsc καί@b ξαμεν@viaa1p αὐτός@rpamp"
"Deut_29.8","καί@cs λαμβάνω@viaa1p ὁ@dafs γῆ@nafsc αὐτός@rpgmp καί@cs δίδωμι@viaa1s αὐτός@rpafs ἐν@p κλῆρος@ndmsc ὁ@ddms ῥουβήν@nafsp καί@b ὁ@ddms γαδδεί@ndmsp καί@cs ὁ@ddns ἥμισυς@ndnsc φυλή@ngfsc μανασσή@nnfsp"
"Deut_29.9","καί@b φυλάσσω@vifm2p ποιέω@vnpa-- πᾶς@anamp- ὁ@damp λόγος@nampc ὁ@dgfs διαθήκη@ngfsc οὗτος@angfs- ἵνα@cs συνίημι@vspa2p πᾶς@ananp- ὅσος@ananp- ποιέω@vifa2p"
"Deut_29.10","σύ@rpncp ἵστημι@vira2p πᾶς@annmp- σήμερον@b ἐναντίον@p κύριος@ngmsc ὁ@dgms θεός@ngmsc σύ@rpgcp ὁ@dnmp ἀρχίφυλος@nnmpc σύ@rpgcp καί@b ὁ@dnfs γερουσία@nnfsc σύ@rpgcp καί@b ὁ@dnmp κριτής@nnmpc σύ@rpgcp καί@cs ὁ@dnmp γραμματοεισαγωγέω@nnmpc σύ@rpgcp πᾶς@annms- ἀνήρ@nnmsc ἰσραήλ@nnmsp"
"Deut_29.11","ὁ@dnfp γυνή@nnfpc σύ@rpgcp καί@b ὁ@dnnp ἔκγονος@annnp- σύ@rpgcp καί@cs ὁ@dnms προσήλυτος@annms- ὁ@dnms ἐν@p μέσος@andms- ὁ@dgfs παρεμβολή@ngfsc σύ@rpgcp ἀπό@p ξυλοφορινος@andmp- κόπος@ngmsc σύ@rpgmp καί@cs ἕως@p ὑδροφόρος@angms- σύ@rpgcp"
"Deut_29.12","παρέρχομαι@vnaa-- ἐν@p ὁ@ddfs διαθήκη@ndfsc κύριος@ngmsc ὁ@dgms θεός@ngmsc σύ@rpgcp καί@cs ἐν@p ὁ@ddfp ἀρίς@ndfpc αὐτός@rpgms ὅσος@rpanp κύριος@nnmsc ὁ@dnms θεός@nnmsc σύ@rpgcs διατίθημι@vipe3s πρός@p σύ@rpams σήμερον@b"
"Deut_29.13","ἵνα@cs ἵστημι@vsam2s σύ@rpacs αὐτός@rpdms εἰς@p λαός@namsc καί@b αὐτός@rpnms εἰμί@vifm3s σύ@rpgcs θεός@nnmsc ὅς@rpams τρόπος@namsc εἶπον@viaa3s σύ@rpdcs καί@cs ὅς@rpams τρόπος@namsc ὄμνυμι@viaa3s ὁ@ddmp πατήρ@ndmpc σύ@rpgcs ἀβραάμ@nnmsp καί@cs ἀβραάμ@nnmsp καί@cs ἰακὼβ@nnmsp"
"Deut_29.14","καί@b οὐ@b μόνος@andmp- μόνος@andmp- ἐγώ@rpnms διατίθημι@vipe1s ὁ@dafs διαθήκη@nafsc οὗτος@anafs- καί@cs ὁ@dafs ἀρή@nafsc οὗτος@anafs-"
"Deut_29.15","ἀλλά@cs καί@b ὁ@ddmp ὅδε@b εἰμί@vppadmp μετά@p ἐγώ@rpgmp σήμερον@b ἐναντίον@p κύριος@ngmsc ὁ@dgms θεός@ngmsc σύ@rpgmp καί@cs ὁ@ddmp μή@b εἰμί@vppadmp ὧδε@b σήμερον@b"
"Deut_29.16","ὅτι@cs σύ@rpnmp οἶδα@vira2p πῶς@b κατοικέω@viaa1p ἐν@p γῆ@nvfsc αἴγυπτος@ndfsp ἐν@p μέσος@andns- ὁ@dgnp ἔθνος@ngnpc ὡς@cs παρέρχομαι@viaa2p"
"Deut_29.17","καί@b εἶδον@vmaa2p ὁ@danp αὐτός@rpgmp καί@cs ὁ@danp εἴδωλον@nanpc αὐτός@rpgmp ξύλον@nansc καί@cs λίθος@nansc ἀργύριον@nansc καί@cs χρυσίον@nansc ὅς@rpnnp εἰμί@vipa3s παρά@p ’@p αὐτός@rpdmp"
"Deut_29.18","μή@b τις@rpncs εἰμί@vipa3s ἐν@p σύ@rpdmp ἀνήρ@nnmsc ἤ1@b γυνή@nnfsc ἤ1@b πατριά@nnfsc ἠ@cs ’@cs φυλή@nnfsc τις@rpgns ὁ@dnfs διάνοια@nnfsc ἐκκλίνω@viaa3s ἀπό@p κύριος@ngmsc ὁ@dgms θεός@ngmsc σύ@rpgcp πορεύω@vpapnmp λατρεύω@vnpa-- ὁ@ddmp θεός@ndmpc ὁ@dgnp ἔθνος@ngnpc ἐκεῖνος@angnp- μή@b τις@rpncs εἰμί@vipa3s ἐν@p σύ@rpd-p ῥίζα@nnfsc ἄνω@b φύω@vppanfs ἐν@p χολή@ndfsc καί@cs πικρία@ndfsc"
"Deut_29.19","καί@b εἰμί@vifm3s ἐάν@cs ἀέκων@vsam3s ὁ@danp ῥῆμα@nanpc ὁ@dgfs ἀρά@ngfsc οὗτος@rpgfs καί@cs ἐπιφημίομαι@vsam3s ἐν@p ὁ@ddfs καρδία@ndfsc αὐτός@rpgms λέγω3@vppanms ὅσιος@rpnnp ἐγώ@rpdcs γίγνομαι@voam3s ὅτι@cs ἐν@p ὁ@ddfs ἀποπλανάω@ndfsc ὁ@dgfs καρδία@ngfsc ἐγώ@rpgcs πορεύω@vifm1s ἵνα@cs μή@b συναπόλλυμι@vsaa3s ὁ@dnms ἁμαρτωλός@annms- ὁ@dams ἀναμάρτητος@namsc"
"Deut_29.20","οὐ@b μή@b ἐθέλω@vsaa3s ὁ@dnms θεός@nnmsc εὐιλατεύω@vnaa-- αὐτός@rpams ἀλλά@cs ἤ1@cs τότε@b ἐκκαίω@vifp3s ὀργή@nnfsc κύριος@ngmsc καί@cs ὁ@dnms ζῆλος@nnmsc αὐτός@rpgms ἐν@p ὁ@ddms ἄνθρωπος@ndmsc ἐκεῖνος@andms- καί@cs κολλάω@vifp3p ἐν@p αὐτός@rpdms πᾶς@annfp- ὁ@dnfp ἀρά@nnfpc ὁ@dgfs διαθήκη@ngfsc οὗτος@rpgfs ὁ@dnfp γράφω@vprenfp ἐν@p ὁ@ ω@vipa1s βιβλίον@ndnsc οὗτος@rpdns καί@cs ἐξαλείφω@vifa3s κύριος@nnmsp ὁ@dans ὄνομα@nansc αὐτός@rpgms ἐκ@p ὁ@dgfs ὑπό@p ὁ@dams οὐρανός@namsc"
"Deut_29.21","καί@b διαστέλλω@vipa3s αὐτός@rpams κύριος@nnmsc εἰς@p κακός@ananp- ἐκ@p πᾶς@angmp- υἱός@ngmpc ἰσραήλ@ngmpp κατά@p πᾶς@anafp- ὁ@dafp ἀρά@nafpc ὁ@dgfs διαθήκη@ngfsc ὁ@dafp γράφω@vpreafp ἐν@p ὁ@ddns βιβλίον@ndnsc ὁ@dgms νόμος@ngmsc οὗτος@angms-"
"Deut_29.22","καί@b λέγω@vifa3p ὁ@dnfs γενεά@nnfsc ὁ@dnfs ἕτερος@annfs- ὁ@dnmp υἱός@nnmpc σύ@rpgcp ὅς@rpnmp ἐγείρω@vifm3p μετά@p σύ@rpamp καί@b ὁ@dnms ἀλλότριος@annms- ὅς@rpnms ἄν@b ἔρχομαι@vsaa3s ἐκ@p γῆ@ngfsc μακρόθεν@b καί@cs ὁράω@vifm3p ὁ@dafp πληγή@nafpc ὁ@dgfs γῆ@ngfsc ἐκεῖνος@angfs- καί@cs ὁ@dafp νόσος@nafpc αὐτός@rpgfs ὅς@rpafp ἀποστέλλω@viaa3s κύριος@nnmsp ἐπί@p αὐτός@rpafs"
"Deut_29.23","θεῖος1@nansc b@n---p καί@cs ἅλς@nafsc κατακαίω@vpreams πᾶς@annfs- ὁ@dnfs γῆ@nnfsc αὐτός@rpgfs οὐ@b σπείρω@vifm3s οὐ@b δέ@b ἀνατέλλω@vipa3s οὐ@b δέ@cs μή@b όναβή@vsaa3s ἐπί@p αὐτός@rpafs πᾶς@annns- χλωρός@annns- ὥσπερ@b διαστρέφω@viap3s σόδομα@nnmsp καί@b γόμορρα@nnfsp ἀδάμας@nnmsp καί@cs σεβωείμ@nnmsp ὅς@rpafp καταστρέφω@viaa3s κύριος@nnmsc ἐν@p θυμός@ndmsc καί@cs ὀργή@ndfsc"
"Deut_29.24","καί@b λέγω@vifa3p πᾶς@ananp- ὁ@dnnp ἔθνος@nnnpc διά@ngmsp τίς@rpans ποιέω@viaa3s κύριος@nnmsc οὕτως@b ὁ@ddfs γῆ@ndfsc οὗτος@andfs- τις@rpnms ὁ@dnms θυμός@nnmsc ὁ@dgfs ὀργή@ngfsc ὁ@dnms μέγας@annms- οὗτος@annms-"
"Deut_29.25","καί@b λέγω@vifa3p ὅτι@cs καταλείπω@viaa3p ὁ@dafs διαθήκη@nafsc κύριος@ngmsc ὁ@dgms θεός@ngmsc ὁ@dgmp πατήρ@ngmpc αὐτός@rpgmp ὅς@rpafs διατίθημι@viam3s ὁ@ddmp πατήρ@ndmpc αὐτός@rpgmp ὅτε@cs ἐξάγω@viaa3s αὐτός@rpamp ἐκ@p γῆ@ngfsc αἴγυπτος@ngfsp"
"Deut_29.26","καί@cs πορεύω@vpapnmp λατρεύω@viaa3p θεός@ndmpc ἕτερος@andmp- ὅς@rpamp οὐ@b ἐπίσταμαι@viie3p οὐ@b δέ@cs διανέμω@viaa3s αὐτός@rpdmp"
"Deut_29.27","καί@b ὀργίζω@viap3s θυμός@ndmsc κύριος@nnmsc ἐπί@p ὁ@dafs γῆ@nafsc ἐκεῖνος@anafs- ἐπάγω@vnaa-- ἐπί@p αὐτός@rpafs κατά@p πᾶς@angfs- ὁ@dafp καταίρω@nafpc ὁ@dafp γράφω@vpreafp ἐν@p ὁ@ddns βιβλίον@ndnsc ὁ@dgms νόμος@ngmsc οὗτος@angms-"
"Deut_29.28","καί@b ἐξαίρω@viaa3s αὐτός@rpamp κύριος@nnmsc ἀπό@p ὁ@dgfs γῆ@ngfsc αὐτός@rpgmp ἐν@p θυμός@ndmsc καί@b ὀργή@ndfsc καί@cs παροξυσμός@ndmsc μέγας@andms- σφόδρα@b καί@cs ἐκβάλλω@viaa3s αὐτός@rpamp εἰς@p γῆ@nafsc ἕτερος@anafs- ὡσεί@cs νῦν@b"
"Deut_29.29","ὁ@danp κρυπτός@ananp- κύριος@ndmsc ὁ@ddms θεός@ndmsc σύ@rpgmp ὁ@danp δέ@cs φανερός@ananp- σύ@rpdmp καί@cs ὁ@ddmp τέκνον@ndnpc σύ@rpgmp εἰς@p ὁ@dams αἰών@namsc ποιέω@vnpa-- πᾶς@ananp- ὁ@danp ῥῆμα@nanpc ὁ@dgms νόμος@ngmsc οὗτος@angms-"
"Deut_30.1","καί@cs εἰμί@vifm3s ὡς@cs ἄν@b ἔρχομαι@vsaa3p ἐπί@p σύ@rpams πᾶς@annnp- ὁ@dnnp ῥῆμα@nnnpc οὗτος@annnp- ὁ@dnfs εὐλογία@nnfsc καί@cs ὁ@dnfs κατάρα@nnfsc ἐάν@cs δίδωμι@viaa1s πρό@p πρόσωπον@ngnsc σύ@rpgcs καί@cs δέχομαι@vsaa3s εἰς@p ὁ@dafs καρδία@nafsc σύ@rpgcs ἐν@p πᾶς@andnp- ὁ@ddnp ἔθνος@ndnpc ὅς@b ἐάν@cs σύ@rpams διασκορπίζω@vsaa3s κύριος@nnmsp ἐκεῖ@b"
"Deut_30.2","καί@cs ἐπιστρέφω@vsaa3s ἐπί@p κύριος@namsc ὁ@dams θεός@namsc σύ@rpgcs καί@cs εἰσακούω@vifm2s ὁ@dgfs φωνή@ngfsc αὐτός@rpgms κατά@p πᾶς@ananp- ὅσος@rpanp ἐγώ@rpnms ἐντέλλομαι@vipe1s σύ@rpdms σήμερον@b ἐκ@p ὅλος@angfs- ὁ@dgfs καρδία@ngfsc σύ@rpgcs καί@cs ἐκ@p ὅλος@angfs- ὁ@dgfs ψυχή@ngfsc σύ@rpgcs"
"Deut_30.3","καί@cs ἰάομαι@vsam3s κύριος@nnmsc ὁ@dafp ἁμαρτία@nafpc σύ@rpgcs καί@b σύ@rpacs καί@cs πάλιν@b συνάγω@vifa3s σύ@rpacs ἐκ@p πᾶς@angnp- ὁ@dgnp ἔθνος@ngnpc εἰς@p ὅς@rpamp δίω@viia3s σύ@rpacs κύριος@nnmsc ἐκεῖ@b"
"Deut_30.4","ἐάν@cs εἰμί@vspa3s ὁ@dnfs διασπορά@nnfsc σύ@rpgcs ἀπό@p ἄκρον@ngnsc ὁ@dgms οὐρανός@ngmsc ἕως@p ἄκρον@ngnsc ὁ@dgms οὐρανός@ngmsc ἐκεῖθεν@b συνάγω@vifa3s σύ@rpacs κύριος@nnmsc ὁ@dnms θεός@nnmsc σύ@rpgcs καί@cs ἐκεῖθεν@b λαμβάνω@vifm3s σύ@rpacs κύριος@nnmsc ὁ@dnms θεός@nnmsc σύ@rpgcs"
"Deut_30.5","καί@b εἰσάγω@vifa3s σύ@rpams ὁ@dnms θεός@nnmsc σύ@rpgcs ἐκεῖθεν@b εἰς@p ὁ@dafs γῆ@nafsc ὅς@rpafs κληρονομέω@viaa3p ὁ@dnmp πατήρ@nnmpc σύ@rpgcs καί@cs κληρονομέω@vifa2s αὐτός@rpafs καί@b εὖ@b σύ@rpams ποιέω@vifa3s καί@cs πλεοναστός@anamsc σύ@rpams ὑπέρ@p ὁ@damp πατήρ@nampc σύ@rpgms"
"Deut_30.6","καί@b περιρρέω@vifa3s κύριος@nnmsc ὁ@dafs σύ@rpgms καί@vopa3s ὁ@dafs καρδία@nafsc ὁ@dgns σπέρμα@ngnsc σύ@rpgcs ἀγαπάω@vppanms κύριος@namsp ὁ@dams θεός@namsc σύ@rpgcs ἐκ@p ὅλος@angfs- ὁ@dgfs καρδία@ngfsc σύ@rpgcs καί@cs ἐκ@p ὅλος@angfs- ὁ@dgfs ψυχή@ngfsc σύ@rpgcs ἵνα@cs ζάω@vspa2s σύ@rpncs"
"Deut_30.7","καί@b δίδωμι@vifa3s κύριος@nnmsp ὁ@dnms θεός@nnmsc σύ@rpgcs ὁ@dafp ἀρά@nafpc οὗτος@anafp- ἐπί@p ὁ@damp ἐχθρός@nampc σύ@rpgms καί@cs ἐπί@p ὁ@damp μισέω@vppaamp σύ@rpams ὅς@rpnmp διώκω@viaa3p σύ@rpams"
"Deut_30.8","καί@b σύ@rpncs ἐπιστρέφω@vifm2s ἐπί@p κύριος@namsp καί@b εἰσακούω@vifm2s ὁ@dgfs φωνή@ngfsc κύριος@ngmsp ὁ@dgms θεός@ngmsc σύ@rpgcs καί@cs ποιέω@vifa2s ὁ@dafp ἐντολή@nafpc αὐτός@rpgms ὅσος@anafp- ἐγώ@rpnms ἐντέλλομαι@vipe1s σύ@rpdms σήμερον@b"
"Deut_30.9","καί@b εὐλογέω@vifa3s σύ@rpams κύριος@nnmsp ὁ@dnms θεός@nnmsc σύ@rpgcs ἐν@p πᾶς@andns- ἔργον@ndnsc ὁ@dgfp χείρ@ngfpc σύ@rpgcs ἐν@p ὁ@ddnp ἔκγονος@ndnpc ὁ@dgfs κοιλία@ngfsc σύ@rpgfs καί@b ἐν@p ὁ@ddnp γέννημα@ndnpc ὁ@dgfs γῆ@ngfsc σύ@rpgfs καί@cs ἐν@p ὁ@ddnp ἔκγονος@ndnpc ὁ@dgnp κτῆνος@ngnpc σύ@rpgms ὅτι@cs ἐπιστρέφω@vifa3s κύριος@nnmsp ὁ@dnms θεός@nnmsc σύ@rpgcs εὐφραίνω@vnap-- ἐπί@p σύ@rpdcs εἰς@p ἀγαθός@ananp- καθότι@cs εὐφραίνω@viap3s ἐπί@p ὁ@ddmp πατήρ@ndmpc σύ@rpgcs"
"Deut_30.10","ἐάν@cs εἰσακούω@vsaa2s ὁ@dgfs φωνή@ngfsc κύριος@ngmsc ὁ@dgms θεός@ngmsc σύ@rpgcs φυλάσσω@vnpe-- ὁ@dafp ἐντολή@nafpc αὐτός@rpgms καί@cs ὁ@danp δικαίωμα@nanpc αὐτός@rpgms καί@cs ὁ@dafp κρίσις@nafpc αὐτός@rpgms ὁ@dafp γράφω@vpreafp ἐν@p ὁ@ddns βιβλίον@ndnsc ὁ@dgms νόμος@ngmsc οὗτος@rpgms ἐάν@cs ἐπιστρέφω@vsap2s ὁ@dams θεός@namsc σύ@rpgcs ἐκ@p ὅλος@angfs- ὁ@dgfs καρδία@ngfsc σύ@rpgcs καί@cs ἐκ@p ὅλος@angfs- ὁ@dgfs ψυχή@ngfsc"
"Deut_30.11","ὅτι@cs ὁ@dnfs ἐντολή@nnfsc οὗτος@annfs- ὅς@rpafs ἐγώ@rpnms ἐντέλλομαι@vipe1s σύ@rpdms σήμερον@b ὑπέρογκος@annfs- εἰμί@vipa3s οὐδέ@b μακράν@b ἀπό@p σύ@rpgms"
"Deut_30.12","οὐ@b ἐν@p ὁ@ddms οὐρανός@ndmsc ἄνω@b λέγω3@vppanms τις@rpncs ἀναβαίνω@vifm3s ἐγώ@rpdcp εἰς@p ὁ@dams οὐρανός@namsc καί@cs λαμβάνω@vifm3s αὐτός@rpafs καί@cs ἀκούω@vpaanmp αὐτός@rpans ποιέω@vifa1p"
"Deut_30.13","οὐ@b δέ@cs πέραν@b ὁ@dgfs θάλασσα@ngfsc εἰμί@vipa3s τις@rpncs διαπεράω@vifa3s ἐγώ@rpdcp εἰς@p ὁ@dans πέραν@b ὁ@dgfs θάλασσα@ngfsc καί@cs λαμβάνω@vsaa3s ἐγώ@rpdcp αὐτός@rpafs καί@cs ἀκουστής@anafs- ἐγώ@rpdcp ποιέω@vifm2s αὐτός@rpafs καί@cs ποιέω@vifa1p"
"Deut_30.14","εἰμί@vipa3s σύ@rpgcs ἐγγύς@b ὁ@dnns ῥῆμα@nnnsc σφόδρα@b ἐν@p ὁ@ddns στόμα@ndnsc σύ@rpgcs καί@b ἐν@p τῆ@ddfs καρδία@ndfsc σύ@rpgcs καί@cs ἐν@p ὁ@ddfp χείρ@ndfpc σύ@rpgcs αὐτός@rpans ποιέω@vnpa--"
"Deut_30.15","ἰδοὐ@b δίδωμι@vira1s πρό@p πρόσωπον@ngnsc σύ@rpgcs σήμερον@b ὁ@dafs ζωή@nafsc καί@cs ὁ@dams θάνατος@namsc ὁ@dans ἀγαθός@anans- καί@cs ὁ@dans κακός@anans-"
"Deut_30.16","ἐάν@cs εἰσακούω@vsaa2s ὁ@dafp ἐντολή@nafpc κύριος@ngmsc ὁ@dgms θεός@ngmsc σύ@rpgcs ὅς@rpafp ἐγώ@rpncs ἐντέλλομαι@vipe1s σύ@rpdcs σήμερον@b ἀγαπάω@vppanms κύριος@namsc ὁ@dams θεός@namsc σύ@rpgcs πορεύω@vnpe-- ἐν@p πόσος@andfp- ὁ@ddfp ὁδός@ndfpc αὐτός@rpgms φυλάσσω@vnpe-- ὁ@danp δικαίωμα@nanpc αὐτός@rpgms καί@cs ὁ@dafp κρίσις@nafpc αὐτός@rpgms καί@b ζάω@vifm2p καί@b πολύς@annmp- εἰμί@vifm2p καί@cs εὐλογέω@vifa3s σύ@rpa-s κύριος@nnmsp ὁ@dnms θεός@nnmsc σύ@rpgms ἐν@p πᾶς@andfs- τῆ@ddfs γῆ@ndfsc εἰς@p ὅς@rpafs εἰσπορεύω@vspa3s ἐκεῖ@b διανέμω@vnpa-- αὐτός@rpafs"
"Deut_30.17","καί@b καί@b ἐάν@cs μεθίστημι@vsaa3s ὁ@dnfs καρδία@nnfsc σύ@rpgms καί@b μή@b εἰσακούω@vsaa2s καί@cs πλανάω@vpapnms προσκυνέω@vsaa2s θεός@ndmpc ἕτερος@andmp- καί@cs λατρεύω@vsaa2s ἑαυτοῦ@rpdmp"
"Deut_30.18","ἀναγγέλλω@vipa1s σύ@rpdms σήμερον@b ὅτι@cs ἀπώλεια@ndfsc ἀπόλλυμι@vifm2p καί@cs οὐ@b μή@b πολυήμερος@annmp- γίγνομαι@vsam2p ἐπί@p ὁ@dgfs γῆ@ngfsc εἰς@p ὅς@rpafs σύ@rpnmp διαβαίνω@vmpa2p ὁ@dams ἰοδράνη@nafsp ἐκεῖ@b διανέμω@vnpa-- αὐτός@rpafs"
"Deut_30.19","διαμαρτύρομαι@vipe1s σύ@rpdmp σήμερον@b ὁ@dams τε@b οὐρανός@namsc καί@cs ὁ@dafs γῆ@nafsc ὁ@dafs ζωή@nafsc καί@cs ὁ@dams θάνατος@namsc δίδωμι@vira1s πρό@p πρόσωπον@ngnsc σύ@rpgcp ὁ@dafs εὐλογία@nafsc καί@cs ὁ@dafs κατάρα@nafsc ἐκλέγω@vmam2s ὁ@dafs ζωή@nafsc σύ@rpncs ἵνα@cs ζάω@vspa2s σύ@rpncs καί@cs ὁ@dnns σπέρμα@nnnsc σύ@rpgcs"
"Deut_30.20","ἀγαπάω@vppanms τύριον@namsp ὁ@dams θεός@namsc σύ@rpgcs εἰσακούω@vnpa-- ὁ@dgfs φωνή@ngfsc αὐτός@rpgms καί@cs ἔχω@vnpe-- αὐτός@rpgns ὅτι@b οὗτος@rpnns ὁ@dnfs ζωή@nnfsc σύ@rpgcs καί@cs ὁ@dnfs μακρότης@nnfsc ὁ@dgfp ἡμέρα@ngfpc σύ@rpgcs ὁ@dans κατοικέω@vnpa-- σύ@rpacs ἐπί@p ὁ@dgfs γῆ@ngfsc ὅς@rpgfs ὄμνυμι@viaa3s κύριος@nnmsc ὁ@ddmp πατήρ@ndmpc σύ@rpgcs ἀβραάμ@nnmsp καί@b ἀβραάμ@nnmsp καί@cs ἰακὼβ@nnmsp δίδωμι@vnaa-- αὐτός@rpdmp"
"Deut_31.1","καί@cs συντελέω@viaa3s μωυσῆς@nnmsp λαλέω@vppanms πᾶς@anamp- ὁ@damp λόγος@nampc οὗτος@anamp- πρός@p πᾶς@anamp- υἱός@nampc ἰσραήλ@ngmpp"
"Deut_31.2","καί@b λέγω@viaa3s πρός@p αὐτός@rpamp ἕκατος@namsp καί@cs εἴκοσι@ ἔτος@ngnpc ἐγώ@rpncs εἰμί@vipa1s σήμερον@b οὐ@b δύναμαι@vifm1s ἔτι@b εἰσπορεύω@vnpe-- καί@cs ἐκπορεύω@vnpe-- κύριος@nnmsc δέ@b λέγω@viaa3s πρός@p ἐγώ@rpams οὐ@b διαβαίνω@vsaa3s ὁ@dams ἰορδάνης@namsp οὗτος@rpams"
"Deut_31.3","κύριος@nnmsc ὁ@dnms θεός@nnmsc σύ@rpgcs ὁ@dnms προπορεύω@vppenms πρό@p πρόσωπον@ngnsc σύ@rpgcs οὗτος@rpnms ἐξολεθρεύω@vifa3s ὁ@danp ἔθνος@nanpc οὗτος@rpanp ἀπό@p πρόσωπον@ngnsc σύ@rpgcs καί@cs κατακληρονομέω@vifa2s αὐτός@rpamp καί@b ἰησοῦς@nnmsp ὁ@dnms προπορεύω@vppenms πρό@p πρόσωπον@ngnsc σύ@rpgcs καθά@cs λαλέω@viaa3s κύριος@nnmsc"
"Deut_31.4","καί@b ποιέω@vifa3s κύριος@nnmsp ὁ@dnms θεός@nnmsc σύ@rpgcs αὐτός@rpdmp καθά@cs ποιέω@viaa3s σής@nnmsp καί@cs ὤγ@nnmsp ὁ@ddmp δύο@ βασιλεύς@ndmpc ὁ@dgmp ἀκκάριος@ngmpp ὅς@rpnmp εἰμί@viia3p πέραν@p ὁ@dgms ἰορδάνης@ngmsp καί@cs ὁ@ddfs γῆ@ndfsc αὐτός@rpgmp καθότι@cs ἐξολεθρεύω@viaa3s αὐτός@rpamp"
"Deut_31.5","καί@cs παραδίδωμι@viaa3s αὐτός@rpamp κύριος@nnmsp σύ@rpdmp καί@b ποιέω@vifa2p αὐτός@rpdmp καθότι@b ἐντέλλομαι@viam1s σύ@rpdmp"
"Deut_31.6","ἀνδρίζου@vmpe2s καί@cs ἰσχύω@vmpa2s μή@b φοβέω@vmpe2s μη@b δέ@cs δειλιάω@vsaa2s μη@b δέ@cs πτοέω@vsap2s ἀπό@p πρόσωπον@ngnsc αὐτός@rpgmp ὅτι@cs κύριος@nnmsc ὁ@dnms θεός@nnmsc σύ@rpgms ὁ@dnms προπορεύω@vppenms μετά@p σύ@rpgmp ἐν@p σύ@rpdmp οὐ@b τε@b μή@b σύ@rpams ἀνίημι@vspa3s οὐ@b τε@cs μή@b σύ@rpa-s ἐγκαταλείπω@vsaa3s"
"Deut_31.7","καί@cs καί@b καλέω@viaa3s μωυσῆς@nnmsp ἰησοῦς@namsp καί@cs λέγω@viaa3s αὐτός@rpamd ἔναντι@p πᾶς@angms- ἰσραήλ@nnmsp ἀνδρίζου@ngmsp καί@cs ἰσχύω@viia3s σύ@rpnms γάρ@b εἰσέρχομαι@vifm2s πρό@p πρόσωπον@ngnsc ὁ@dgms λαός@ngmsc οὗτος@rpgms εἰς@p ὁ@dafs γῆ@nafsc ἐάν@cs ὄμνυμι@viaa3s κύριος@nnmsc ὁ@ddmp πατήρ@ndmpc ἐγώ@rpgmp δίδωμι@vnaa-- αὐτός@rpdmp καί@cs σύ@rpnms κατακληρονομέω@vifa2s αὐτός@rpdmp"
"Deut_31.8","καί@cs κύριος@nnmsc ὁ@dnms συμπορεύομαι@vppenms μετά@p σύ@rpgcs οὐ@b ἀνίημι@vifa3s σύ@rpacs οὐ@b δέ@cs μή@b ἐν@p ἐγκαταλείπω@vsae2s σύ@rpacs μή@b φοβέω@vmpe2s μη@b δέ@cs δειλία@nvfsc"
"Deut_31.9","καί@b γράφω@viaa3s μωυσῆς@nnmsp ὁ@danp ῥῆμα@nanpc ὁ@dgms νόμος@ngmsc οὗτος@angms- εἰς@p βιβλίον@nansc καί@cs δίδωμι@viaa3s ὁ@ddmp ἱερεύς@ndmpc ὁ@ddmp αἴρω@vppadmp ὁ@dafs κιβωτός@nafsc ὁ@dgfs διαθήκη@ngfsc κύριος@ngmsc καί@cs ὁ@ddmp πρέσβυς@andmpc ὁ@dgmp υἱός@ngmpc ἰσραήλ@ngmpp"
"Deut_31.10","καί@b ἐντέλλομαι@viam3s αὐτός@rpdmp μωυσῆς@nnmsp ἐν@p ὁ@ddfs ἡμέρα@ndfsc ἐκεῖνος@andfs- λέγω3@vppanms μετά@p ἑπτὰ@ ἔτος@nanpc ἐν@p καιρός@ndmsc ἐνιαυτός@ngmsc ἄφεσις@ngfsc ἐν@p ἑορτή@ndfsc πεντηκοστή@ngfsc"
"Deut_31.11","ἐν@p ὁ@ddns συμπορεύομαι@vnpe-- πᾶς@ananp- ἰσραήλ@nnmsp ὁράω@vnap-- ἐνώπιον@p κύριος@ngmsc ὁ@dgms θεός@ngmsc σύ@rpgmp ἐν@p τῷ@ddms τόπος@ndmsc ὅς@rpdms ἄν@b ἐκλέγω3@vsam3s κύριος@nnmsc ἀναγιγνώσκω@vifm2p ὁ@dams νόμος@namsc οὗτος@anams- ἐναντίον@b πᾶς@angms- ἰσραήλ@nnmsp εἰς@p ὁ@danp οὖς@nanpc αὐτός@rpgmp"
"Deut_31.12","ἐκκλησιάζω@vpaanms ὁ@dams λαός@namsc ὁ@damp ἀνήρ@nampc καί@b ὁ@dafp γυνή@nafpc καί@b ὁ@danp ἔκγονος@nanpc καί@cs ὁ@dams προσήλυτος@anams- ὁ@dams ἐν@p ὁ@ddfp πόλις@ndfpc σύ@rpgmp ἵνα@cs ἀκούω@vsaa3p καί@cs ἵνα@cs μανθάνω@vsaa3p φοβέω@vnpe-- τύριον@namsp ὁ@dams θεός@namsc σύ@rpgmp καί@cs ἀκούω@vifm3p ποιέω@vnpa-- πᾶς@anamp- ὁ@damp λόγος@nampc ὁ@dgms νόμος@ngmsc οὗτος@angms-"
"Deut_31.13","καί@b ὁ@dnmp υἱός@nnmpc αὐτός@rpgmp ὅς@dnmp οὐ@b οἶδα@vira3p ἀκούω@vifm3p καί@cs μανθάνω@vifp3p φοβέω@vnpe-- κύριος@namsc ὁ@dams θεός@namsc σύ@rpgms πᾶς@anafp- ὁ@dafp ἡμέρα@nafpc ὅσος@anafp- αὐτός@rpnmp ζάω@vspa3p ἐπί@p ὁ@dgfs γῆ@ngfsc εἰς@p ἐάν@cs σύ@rpnmp διαβαίνω@vifa2p ὁ@dams ἰορδάνης@nafsp ἐκεῖ@b διανέμω@vnpa-- αὐτός@rpafs"
"Deut_31.14","καί@cs λέγω@viaa3s κύριος@nnmsc πρός@p μωυσῆς@namsp ἰδού@b ἐγγίζω@vira3p ὁ@dnfp ἡμέρα@nnfpc ὁ@dgms θάνατος@ngmsc σύ@rpgcs καλέω@vmaa2s ἰησοῦς@nafsp καί@b ἵστημι@vmaa2p παρά@p ὁ@dafp θύρα@nafpc ὁ@dgfs σκηνή@ngfsc ὁ@dgns μαρτύριον@ngnsc καί@cs ἐντελέομαι@vifm1s αὐτός@rpdms καί@b πορεύω@viap3s μωυσῆς@nnmsp καί@p ἰησοῦς@ngfsp εἰς@p ὁ@dafs σκηνή@nafsc ὁ@dgns μαρτύριον@ngnsc καί@rpnmp ἵστημι@viaa3p παρά@p ὁ@dafp θύρα@nafpc ὁ@dgfs σκηνή@ngfsc ὁ@dgms μαρτύριον@ngnsc"
"Deut_31.15","καί@b καταβαίνω@viaa3s κύριος@nnmsc ἐν@p νεφέλη@ndfsc καί@cs ἵστημι@viaa3s παρά@p ὁ@dafp θύρα@nafpc ὁ@dgfs σκηνή@ngfsc ὁ@dgns μαρτύριον@ngnsc καί@b ἵστημι@viaa3s ὁ@dnms στύλος@nnmsc ὁ@dgfs νεφέλη@ngfsc παρά@p ὁ@dafp θύρα@nafpc ὁ@dgfs σκηνή@ngfsc"
"Deut_31.16","καί@b λέγω@viaa3s κύριος@nnmsp πρός@p μωυσῆς@namsp εἶδον@b σύ@rpnms κοιμάω@vipe2s μετά@p ὁ@dgmp πατήρ@ngmpc σύ@rpg-s καί@cs ἀνίστημι@vpaanms ὁ@dnms λαός@nnmsc οὗτος@annms- ἐκπορνεύω@vifa3s ὀπίσω@p θεός@ngmpc ἀλλότριος@angmp- ὁ@dgfs γῆ@ngfsc εἰς@p ὅς@rpafs οὗτος@rpnms εἰσπορεύω@vipe3s καί@cs καταλιμπάνω@vifa3p ἐγώ@rpams καί@cs διασκεδάννυμι@vifa3p ὁ@dafs διαθήκη@nafsc ἐγώ@rpgms ἐάν@cs διατίθημι@viam1s αὐτός@rpdmp"
"Deut_31.17","καί@b ὀργίζω@vifp1s θυμός@ndmsc εἰς@p αὐτός@rpamp ἐν@p ὁ@ddfs ἡμέρα@ndfsc ἐκεῖνος@rpdfs καί@cs καταλιμπάνω@vifa1s αὐτός@rpamp καί@cs ὁ@dans πρόσωπον@anans- ἐγώ@rpgcs ἀπό@p αὐτός@rpgmp καί@cs ἵστημι@vifm2s κατάβρωμα@nansc καί@b εὑρίσκω@vifa3p αὐτός@rpams κακός@ananp- πολύς@ananp- καί@cs θλῖψις@vifa2s καί@cs ἐρῶ@vifa3s ἐν@p ὁ@ddfs ἡμέρα@ndfsc ἐκεῖνος@rpdfs διότι@b"
"Deut_31.18","οὐ@b εἰμί@vipa3s κύριος@nnmsp ὁ@dnms θεός@nnmsc ἐγώ@rpgcs ἐν@p ἐγώ@rpdcs εὑρίσκω@vpaaafs ἐγώ@rpacs ὁ@danp κακός@ananp- οὗτος@rpanp δέ@b ἀποστροφή@ndfsc ἀποστρέφω@vifa1s ὁ@dans πρόσωπον@nansc ἐγώ@rpgcs ἀπό@p αὐτός@rpgmp ἐν@p ὁ@ddfs ἡμέρα@ndfsc ἐκεῖνος@rpdfs διά@p πᾶς@anafp- ὁ@dafp κακία@nafpc ὅς@rpafp ποιέω@viaa3p ὅτι@cs ἀποστρέφω@viaa3p ἐπί@p θεός@nampc ἀλλότριος@anamp-"
"Deut_31.19","καί@b γράφω@vmaa2p ὁ@danp ῥῆμα@nanpc ὁ@dgfs ᾠδή@ngfsc οὗτος@rpgfs καί@cs αὐτός@rpafs ὁ@damp υἱός@nampc ἰσραήλ@ngmpp καί@cs ἐμβάλλω@vifa2p αὐτός@rpafs εἰς@p ὁ@dans στόμα@nansc αὐτός@rpgmp ἵνα@cs ἐγώ@rpdcs γίγνομαι@vsam3s ὁ@dnfs ᾠδή@nnfsc οὗτος@rpnfs κατά@p πρόσωπον@nansc μαρτυρέω@vppanfs ἐν@p υἱός@ndmpc ἰσραήλ@ngmpp"
"Deut_31.20","εἰσάγω@vifa1s γάρ@b αὐτός@rpamp εἰς@p ὁ@dafs γῆ@nafsc ὁ@dafs ἀγαθός@anafs- ἐάν@cs ὄμνυμι@viaa1s πατήρ@ndmpc αὐτός@rpgmp δίδωμι@vnaa-- αὐτός@rpdmp γῆ@nafsc ῥέω@vppaafs γάλα@nansc καί@cs μέλι@nansc καί@b ἐσθίω@vifm3p καί@b ἐμπίπλημι@vpapnmp κορέω@vifa3p καί@cs ἐπιστρέφω@vifm3p ἐπί@p θεός@nampc ἀλλότριος@anamp- καί@b παροξύνω@vifa3p ἐγώ@rpacs καί@cs διασκεδάννυμι@vifa3p ὁ@dafs διαθήκη@nafsc ἐγώ@rpgcs"
"Deut_31.21","καί@b ἀντιστήκω@vifm3s ὁ@dnfs ᾠδή@nnfsc οὗτος@annfs- κατά@p πρόσωπον@nansc μαρτυρέω@vppanfs οὐ@b γάρ@b μή@b ἐπιλήθω@vsap3s ἀπό@p στόμα@ngnsc ὁ@dgns σπέρμα@ngnsc αὐτός@rpgmp ἐγώ@rpncs γάρ@b οἶδα@vira1s ὁ@dafs πονηρία@nafsc αὐτός@rpgmp ὅσος@rpanp ποιέω@vipa3p ὅδε@b σήμερον@b πρό@p ὁ@dgns εἰσάγω@vnaa-- ἐγώ@rpacs αὐτός@rpamp εἰς@p ὁ@dafs γῆ@nafsc ὁ@dafs ἀγαθός@anafs- ὅς@rpafs ὄμνυμι@viaa1s ὁ@ddmp πατήρ@ndmpc αὐτός@rpgmp"
"Deut_31.22","καί@b γράφω@viaa3s μωυσῆς@nnmsp ὁ@dafs ᾠδή@nafsc οὗτος@anafs- ἐν@p ἐκεῖνος@rpdfs ὁ@rpdfs καί@cs διδάσκω@viaa3s αὐτός@rpafs ὁ@damp υἱός@nampc ἰσραήλ@nnmsp"
"Deut_31.23","καί@b ἐντέλλω@viam3s ἰησώ@ndfsp καί@b λέγω@viaa3s ἀνδρίζου@ngmsp καί@cs ἰσχύω@viia3s σύ@rpnms γάρ@b εἰσάγω@vifa2s ὁ@damp υἱός@nampc ἰσραήλ@nnmsp εἰς@p ὁ@dafs γῆ@nafsc ἐάν@cs ὄμνυμι@viaa3s κύριος@nnmsp αὐτός@rpdmp καί@cs αὐτός@annms- εἰμί@vifm3s μετά@p σύ@rpgms"
"Deut_31.24","ἡνίκα@nnfsp δέ@b συντελέω@viaa3s μωυσῆς@nnmsp γράφω@vppanms πᾶς@anamp- ὁ@damp λόγος@nampc ὁ@dgms νόμος@ngmsc οὗτος@angms- εἰς@p βιβλίον@nansc ἕως@cs εἰς@p τέλος@nansc"
"Deut_31.25","καί@cs ἐντέλλομαι@viam3s ὁ@ddmp λευίτης@ndmpp ὁ@ddmp αἴρω@vppadmp ὁ@dafs κιβωτός@nafsc ὁ@dgfs διαθήκη@ngfsc κύριος@ngmsc λέγω3@vppanms"
"Deut_31.26","λαμβάνω@nnmpp ὁ@dans βιβλίον@nansc ὁ@dgms νόμος@ngmsc οὗτος@angms- τίθημι@vifa2p αὐτός@rpans ἐκ@p πλάγος@angnp- ὁ@dgfs κιβωτός@ngfsc ὁ@dgfs διαθήκη@ngfsc κύριος@ngmsp ὁ@dgms θεός@ngmsc σύ@rpgmp καί@cs εἰμί@vifm3s ἐκεῖ@b ἐν@p σύ@rpdms εἰς@p μαρτύριον@nansc"
"Deut_31.27","ὅτι@cs ἐγώ@rpnms ἐπίσταμαι@vipe1s ὁ@dams ἐρεθισμός@namsc σύ@rpgcs καί@cs ὁ@dams τράχηλος@namsc σύ@rpgcs ὁ@dams σκληρός@anams- ἔτι@b γάρ@b ἐγώ@rpgms ζάω@vppagms μετά@p σύ@rpgmp σήμερον@b παραπικραίνω@vppanmp εἰμί@viia2p ὁ@danp πρός@p ὁ@dams θεός@namsc πῶς@b οὐ@b καί@b ἔσχατος@annns- ὁ@dgms θάνατος@ngmsc ἐγώ@rpgcs"
"Deut_31.28","ἐκκλησιάζω@vmaa2p πρός@p ἐγώ@rpams ὁ@damp φύλαρχος@nampc σύ@rpgmp καί@b ὁ@damp κριτής@nampc σύ@rpgmp καί@cs ὁ@damp γραμματοεισαγωγέω@nampc σύ@rpgcp ἵνα@cs λαλέω@vsaa1s εἰς@p ὁ@danp οὖς@nanpc αὐτός@rpgmp πᾶς@anamp- ὁ@damp λόγος@nampc οὗτος@anamp- καί@cs διαμαρτύρομαι@vspe1s αὐτός@rpdmp ὁ@dams τε@b οὐρανός@namsc καί@cs ὁ@dafs γῆ@nafsc"
"Deut_31.29","οἶδα@vira1s γάρ@b ὅτι@cs ἔσχατος@anans- ὁ@dgfs τελευτή@ngfsc ἐγώ@rpgms ἀνομία@ndfsc ἀνομέω@vsaa2p καί@cs ἐκκλίνω@vmpa2p ἀπό@p ὁ@dgfs ὁδός@ngfsc ὅς@rpgfs ἐντέλλομαι@viam1s σύ@rpdmp ὁ@danp κακός@ananp- ἔσχατος@anans- ὁ@dgfp ἡμέρα@ngfpc ὅτι@cs ποιέω@vifa2p ὁ@danp πονηρός@ananp- ἐναντίον@p κύριος@ngmsp παροργίζω@vnaa-- αὐτός@rpams ἐν@p ὁ@ddnp ἔργον@ndnpc ὁ@dgfp χείρ@ngfpc σύ@rpgcp 30@cs καί@cs λαλέω@viaa3s μωυσῆς@nnmsp εἰς@p ὁ@danp οὖς@nanpc πᾶς@angfs- ἐκκλησία@ngfsc ὁ@danp ῥῆμα@nanpc ὁ@dgfs ᾠδή@ngfsc οὗτος@angfs- ἕως@b εἰς@p τέλος@nansc xxxii@i"
"Deut_32.1","xxxii@i καί@cs ἀκούω@vmpa3s ὁ@dnfs γῆ@nnfsc ῥῆμα@nanpc ἐκ@p στόμα@ngnsc ἐγώ@rpgcs"
"Deut_32.2","προσδοκάω@vmpe3s ὡς@cs ὑετός@nnmsc ὁ@dans ἀπόφθεγμα@nansc ἐγώ@rpgcs καί@cs καταβαίνω@vmaa3s ὡς@cs δρόσος@nnmsc ὁ@danp ῥῆμα@nanpc ἐγώ@rpgcs ὡσεί@cs ὄμβρος@nnmsc ἐπί@p ἄγρωστις@nafsc καί@cs ὡσεί@cs νιφετός@nnmsc ἐπί@p χόρτος@namsc"
"Deut_32.3","ὅτι@cs ὁ@rpans ὄνομα@nansc κύριος@ngmsp καλέω@viaa1s δίδωμι@vmaa2p μεγαλωσύνη@nafsc ὁ@ddms θεός@ndmsc"
"Deut_32.4","θεός@nnmsc ἀληθινός@annnp- ὁ@dnnp ἔργον@nnnpc αὐτός@rpgms καί@cs πᾶς@annfp- ὁ@dnfp ὁδός@nnfpc αὐτός@rpgms κρίσις@nnfpc θεός@nnmsc πιστός@annms- καί@cs οὐ@b εἰμί@vipa3s ἀδικία@nnfsc δίκαιος@annms- καί@cs ὅσιος@annms- κύριος@nnmsp"
"Deut_32.5","ἁμαρτάνω@vppaafs οὐ@b αὐτός@andms- τέκνον@nanpc μωμητός@ananp- γενεά@nnfsc σκολιός@annfs- καί@cs διαφθείρω@vprenfs"
"Deut_32.6","οὗτος@rpanp κύριος@ndmsp ἀνταποδίδωμι@vmpa2p οὕτως@b λαός@nnmsc μωρός@annms- καί@cs οὐ@b σοφός@annms- οὐ@b αὐτός@annms- οὗτος@annms- σύ@rpgms πατήρ@nnmsc κτάομαι@viam3s σύ@rpams καί@cs ποιέω@viaa3s σύ@rpams"
"Deut_32.7","μιμνήσκω@vmap2p ἡμέρα@nafpc αἰών@ngmsc συνίημι@vmpa2p ἔτος@nanpc γενεά@ngfpc γενεά@ndfpc ἐρωτάω@vmaa2s ὁ@dams πατήρ@namsc σύ@rpgcs καί@cs ἀναγγέλλω@vifa3s σύ@rpdms ὁ@damp πρέσβυς@anampc σύ@rpgcs καί@b ἐρῶ@vifa3p σύ@rpdcs"
"Deut_32.8","ὅτε@cs διαμερίζω@viia3s ὁ@dnms ὕψιστος@nnmsc ἔθνος@nanpc ὡς@cs διασπείρω@viia3s υἱός@nampc ἀδάμ@ngmsp ἵστημι@viaa3s δρίος@nanpc ἔθνος@ngnpc κατά@p ἀριθμός@namsc ἄγγελος@ngmpc θεός@ngmsc"
"Deut_32.9","καί@b γίγνομαι@viap3s μερίς@nnfsc τύριος@ngmsp λαός@nnmsc αὐτός@rpgms σχοίνισμα@nnnsc κληρονομία@ngfsc αὐτός@rpgms ἰσραήλ@nnmsp"
"Deut_32.10","ἀρκέω@viaa3s αὐτός@rpams ἐν@p ὁ@ddfs ἐν@p δίψος@ndfsc ψῦχος@ngnsc ἐν@p γῆ@ndfsc ἄνυδρος@andfs- κυκλόω@viaa3s αὐτός@rpams καί@b παιδεύω@viaa3s αὐτός@rpams καί@cs διαφυλάσσω@viaa3s αὐτός@rpams ὡς@cs κόρη@nafsc ὀφθαλμός@ngmsc"
"Deut_32.11","ὡς@cs ἀετός@nnmsc σκεπάζω@voaa3s νοσσιά@nafsc αὐτός@rpgms καί@cs ἐπί@p ὁ@ddnp νοσσός@andnp- αὐτός@rpgms ἐπιποθέω@viaa3s διίημι@b ὁ@dafp πτέρυξ@nafpc αὐτός@rpgms δέχομαι@viam3s αὐτός@rpamp καί@cs ἀναλαμβάνω@viaa3s αὐτός@rpamp ἐπί@p ὁ@dgfp μετάφρενον@ngnpc αὐτός@rpgms"
"Deut_32.12","κύριος@nnmsp μόνος@annms- ἄγω@viia3s αὐτός@rpamp οὐ@b εἰμί@viia3s μετά@p αὐτός@rpgmp θεός@nnmsc ἀλλότριος@annms- αὐτός@rpamp ἐπί@p ὁ@dafs ἰσχύς@nafsc ὁ@dgfs γῆ@ngfsc"
"Deut_32.13","ἀναβιβάζω@viaa3s αὐτός@rpamp γένημα@nnnpc ἀγρός@ngmpc θηράω@viaa3p μέλι@nansc ἐκ@p πέτρα@ngfsc καί@cs ἔλαιον@nansc ἐκ@p στερεός@angfs- πέτρα@ngfsc"
"Deut_32.14","βούτυρον@nnnsc βοῦς@ngfpc καί@cs γάλα@nansc πρόβατον@ngnpc μετά@p στέαρ@ngnsc ἀρνός@ngmpc καί@cs κριός@ngfpc υἱός@ngmpc ταῦρος@ngmpc καί@cs τράγος@ngmpc μετά@p στέαρ@ngnsc νεφρός@ngfpc πυρός@ngnsc καί@cs αἷμα@nnnsc σταφυλή@ngfsc πίνω@viaa3s οἶνος@namsc"
"Deut_32.15","καί@b ἐσθίω@viaa3s ἰακὼβ@nnmsp καί@cs ἐμπίμπλημι@viap3s καί@cs ἀπολακτίζω@viaa3s ὁ@dnms ἀγαπάω@vprenms λείπω@viap3s παχύνω@viap3s πλατύνω@viap3s καί@b ἐγκαταλιπάω@viia3s ὁ@dams θεός@namsc ὁ@dams ποιέω@vpaaams αὐτός@rpams καί@cs ἀφίστημι@viaa3s ἀπό@p θεός@ngmsc σωτήρ@ngmsc αὐτός@rpgms"
"Deut_32.16","παροξύνω@viaa3p ἐγώ@rpacs ἐπί@p ἀλλότριος@andmp- ἐν@p μίσθωμα@ndnpc αὐτός@angnp- παρεπίκρανα@viaa1s ἐγώ@rpacs"
"Deut_32.17","θύω1@viaa3p δαίμων@namsc εἶμι@andmp- καί@cs οὐ@b θεός@ndmsc θεός@ndmpc ὅς@rpdmp οὐ@b οἶδα@viaa3p καινός@annmp- πρόσφατος@annmp- ἧσπερ@vira3p ὅς@rpamp οὐ@b οἶδα@vila3p ὁ@dnmp πατήρ@nnmpc αὐτός@rpgmp"
"Deut_32.18","θεός@namsc ὁ@dams γεννάω@vpaaams σύ@rpa-s ἐγκαταλιπάω@viaa2s καί@cs ἐπιλανθάνομαι@vmam2s θεός@ngmsc ὁ@dgms τρέφω@vppagms σύ@rpams"
"Deut_32.19","καί@b εἶδον@viaa3s κύριος@nnmsc καί@cs ζηλόω@viaa3s καί@cs παροξύνω@viap3s διά@p ὀργή@nafsc υἱός@ngmpc αὐτός@rpgms πω@b θυγάτηρ@ndmsc"
"Deut_32.20","καί@cs λέγω@viaa3s ἀποστρέφω@vifa1s ὁ@dans πρόσωπον@anans- ἐγώ@rpgcs ἀπό@p αὐτός@rpgmp καί@cs δείκνυμι@vifa1s τίς@rpnns εἰμί@vifm3s αὐτός@rpdmp ἐπί@p ἔσχατος@ngnpc ὅτι@cs γενεά@nnfsc ἐκστέλλω@vprenfs εἰμί@vipa3s υἱός@nnmpc ὅς@rpdmp οὐ@b εἰμί@vipa3s πίστις@nnfsc ἐν@p αὐτός@rpdmp"
"Deut_32.21","αὐτός@rpnmp παραζηλοῦω@viaa3p ἐγώ@rpacs ἐπί@p οὐ@b θεός@ndmsc παροξύνω@viaa3p ἐγώ@rpacs ἐν@p ὁ@ddnp εἴδωλον@ndnpc αὐτός@rpgmp καί@b ἐγώ@rpnms συνιστάω@vifa1s αὐτός@rpamp ἐπί@p οὐ@b ἔθνος@ndnsc ἐπί@p ’@cs ἔθνος@ndnsc ἄφρων@andns- παροργίέω@vifa1s αὐτός@rpamp"
"Deut_32.22","ὅτι@cs πῦρ@nnnsc ἐκκαίω@vire3s ἐκ@p ὁ@dgms θυμός@ngmsc ἐγώ@rpgcs καίω@vifp3s ἕως@p ᾅδης@ngmsc κάτω@b σήπω@vifm3s γῆ@nafsc καί@cs ὁ@danp γένημα@nanpc αὐτός@rpgfs φλέξω@vifm2s θεμέλιος@nanpc ὄρος@ngnpc"
"Deut_32.23","συνάγω@vifa1s εἰς@p αὐτός@rpamp κάκη@namsc καί@cs ὁ@danp βέλος@nanpc ἐγώ@rpgcs συμπολεμέω@vifa1s εἰς@p αὐτός@rpamp"
"Deut_32.24","τήκω@vppenmp λιμός@ndmsc καί@cs βρῶσις@ndfsc ὄρνεον@vppanms καί@cs ὀπισθότονος@ngmsc ἀνίατος@annms- ὀδούς@nampc θηρίον@ngnpc ἀποστέλλω@vipa1s εἰς@p αὐτός@rpamp μετά@p θυμός@ngmsc συράω@vppagmp ἐπί@p γῆ@nafsc"
"Deut_32.25","ἔξωθεν@b ἀτεκνόω@vifa3s αὐτός@rpamp μάχαιρα@nnfsc καί@b ἐκ@p ὁ@dgmp ταμιεῖον@ngmpc νεανίσκος@nnmsc σύν@p πάθενος@vpamdms"
"Deut_32.26","λέγω@viaa1s διασπεράω@namsp αὐτός@rpamp παύω@vsaa1s δέ@x ἐκ@p ἄνθρωπος@ngmpc ὁ@dans μνημόσυνον@nansc αὐτός@rpgmp"
"Deut_32.27","εἰ@cs μή@b διά@p ὀργή@nafsc ἐχθρός@vppanms ἵνα@cs μή@b μακροχρονίζω@vsaa3p ἵνα@cs μή@b συνεπιτίθημι@vsam3p ὁ@dnmp ἐναντίος@annmp- μή@b εἶπον@vsaa3p ὁ@nnfsp χείρ@nnfsc ἐγώ@rpgmp ὁ@dnfs ὑψηλός@annfs- καί@cs οὐ@b κύριος@nnmsp ποιέω@viaa3s οὗτος@rpanp πᾶς@ananp-"
"Deut_32.28","ἔθνος@nnnsc ἀπόλλυμι@annms- βουλή@nnmsc εἰμί@vipa3s καί@cs οὐ@b εἰμί@vipa3s ἐν@p αὐτός@rpdnp ἐπιστήμη@nnfsc"
"Deut_32.29","οὐ@b φρονέω@viaa3p συνίημι@vnpa-- οὗτος@rpanp καταδέχομαι@vmaa3p εἰς@p ὁ@dams ἔπειμι1@vppaams χρόνος@namsc"
"Deut_32.30","πῶς@b διώκω@vifm3s εἷς@annms- χίλιοι@anamp- εἰ@cs μή@b ὁ@dnms θεός@nnmsc ἀποδίδωμι@viam3s αὐτός@rpamp καί@cs κύριος@nnmsp παραδίδωμι@viaa3s αὐτός@rpamp"
"Deut_32.31","ὅτι@b οὐ@b εἰμί@vipa3s ὡς@cs ὁ@dnms θεός@nnmsc ἐγώ@rpgcp ὁ@dnmp θεός@nnmpc αὐτός@rpgmp ὁ@dnmp ’@rpnmp δέ@b ἐχθρός@annmp- ἀμάω@viia3p ανοητός@annmp-"
"Deut_32.32","ἐκ@p ἦκα@b ’@b γάρ@x ἄμπελος@vile3s σόδομα@ngmpp ὁ@dnfs ἄμπελος@nnfsc αὐτός@rpgmp καί@cs ὁ@dnfs κληματίς@nnfsc αὐτός@rpgmp ἐκ@p γομόρρα@ngfsp σταφυλή@nnfsc αὐτός@rpgmp σταφυλή@nnfsc βότρυς@nafpc πικρία@angfs- αὐτός@andmp-"
"Deut_32.33","θυμός@nnmsc δράκων@ngmpc ὁ@dnms οἶνος@nnmsc καί@cs θυμός@nnmsc ἀσπίς@ngfpc ἀνίατος@annms-"
"Deut_32.34","οὐ@b ἰδού@b οὗτος@rpnnp συνάγω@vire3s παρά@p ἐγώ@rpdms καί@cs σφραγῖδιάζω@vire3s ἐν@p ὁ@ddmp θησαυρός@ndmpc ἐγώ@rpgcs"
"Deut_32.35","ἐν@p ἡμέρα@ndfsc ἐκδικέω@viam2s ὅταν@cs σφάλλω@vsap3s ὁ@dnms πούς@vpaanms ὅτι@cs ἐγγύς@b ἡμέρα@nnfsc ἀπώλεια@nnfsc αὐτός@rpdmp καί@cs πάρειμι@vipa3s ἑτοῖμος@annnp- σύ@rpdmp"
"Deut_32.36","ὅτι@b κρίνω@vipa3s κύριος@nnmsp ὁ@dams λαός@namsc αὐτός@rpgms καί@b ἐπί@p ὁ@ddmp δοῦλος@ndmpc αὐτός@rpgms εἶδον@viaa3s γάρ@b παραλύω@vppeamp αὐτός@rpamp καί@cs ἐκλείπω@vpraamp ἐν@p ἐπαγωγή@ndfsc"
"Deut_32.37","καί@cs λέγω@viaa3s κύριος@nnmsp ποῦ@b εἰμί@vipa3p ὁ@dnmp θεός@nnmpc αὐτός@rpgmp ἐπί@p ’@p ὅς@rpdmp πιστεύω@viaa3p ἐπί@p αὐτός@rpdmp"
"Deut_32.38","ὅς@rpgmp ὁ@dans στέαρ@nansc ὁ@dgfp θυσία@ngfpc αὐτός@rpgfp ἐσθίω@viia2p καί@cs πίνω@vmpa2p ὁ@dams οἶνος@namsc ὁ@dgfp σπονδή@ngfpc αὐτός@rpgfp ἀνίστημι@vmaa3p καί@b βοηθέω@vmaa3p σύ@rpdmp καί@cs γίγνομαι@vmap3p σύ@rpdmp σκεπαστής@nnmpc"
"Deut_32.39","εἶδον@vmaa2p εἶδον@vmaa2p ὅτι@cs ἐγώ@rpnms εἰμί@vipa1s καί@cs οὐ@b εἰμί@vipa3s θεός@nnmsc πλήν@p ἐγώ@rpgms ἐγώ@rpncs ἀποκτείνω@vipa1s καί@cs ζάω@vnpa-- ποιέω@vifa1s καί@b οὐ@b εἰμί@vipa3s ὅς@rpnms ἐξαιρέω@vipe3s ἐκ@p ὁ@dgfp χείρ@ngfpc ἐγώ@rpgcs"
"Deut_32.40","ὅτι@cs ἀράω@vifa1s εἰς@p ὁ@dams οὐρανός@namsc ὁ@dafs χείρ@nafsc ἐγώ@rpgcs καί@b ὄμνυμι@vifm1s ὁ@dafs δεξιά@anafs- ἐγώ@rpgcs καί@cs ἐρέω@vifa1s σῶς@namsp ἐγώ@rpncs εἰς@p ὁ@dams αἰών@namsc"
"Deut_32.41","ὅτι@cs παροξύνω@vsaa1s ὡς@cs ἀστραπή@nafsc ὁ@dafs μάχαιρα@nafsc ἐγώ@rpgcs καί@cs ἀντέχω@vifm3s κρίμα@ngnsc ὁ@dnfs χείρ@nnfsc ἐγώ@rpgcs καί@cs ἀποδίδωμι@vifa1s δίκη@nafsc ὁ@ddmp ἐχθός@andmp- καί@cs ὁ@ddmp μισέω@vppadmp ἀνταποδίδωμι@vifa1s"
"Deut_32.42","μεθύω@vifa1s ὁ@danp βέλος@nanpc ἐγώ@rpgcs ἀπό@p αἷμα@ngnsc τραυματικός@angmp- καί@cs αἰχμαλωσία@ngfsc ἀπό@p κεφαλή@ngfsc ἄρχων@vppagmp ἐχθρός@angmp-"
"Deut_32.43","γηθέω@vmap2p οὐρανός@nvmpc ἅμα@p αὐτός@rpdms καί@b προσκυνέω@vmpa3p αὐτός@rpamd υἱός@nnmpc γηθέω@vmap2p ἔθνος@nnnpc μετά@p ὁ@dgms λαός@ngmsc αὐτός@angms- ὅτι@cs ὁ@dnns αἷμα@nnnsc ὁ@dgmp υἱός@ngmpc αὐτός@rpgms καί@b ἐκδικέω@vifa3s καί@cs ἀνταποδίδωμι@vifa3s δίκη@nafsc ὁ@ddmp ἒ@andmp- ’@an---- ἐχθρός@andmp- καί@cs ὁ@ddmp μισέω@vppadmp ἀνταποδίδωμι@vifa3s καί@b ἐκκαλύπτω@vifa3s κύριος@nnmsc ὁ@dafs γῆ@nafsc ὁ@dgms λαός@ngmsc αὐτός@rpgms"
"Deut_32.44","καί@b γράφω@viaa3s μωσῆς@nnmsp ὁ@dafs ᾠδή@nafsc οὗτος@anafs- ἐν@p ἐκεῖνος@andfs- ὁ@ddfs ἡμέρα@ndfsc καί@cs αὐτός@rpafs ὁ@damp υἱός@nampc ἰσραήλ@nnmpp καί@b εἰσέρχομαι@viaa3s μωυσῆς@nnmsp καί@cs λαλέω@viaa3s πᾶς@anamp- ὁ@damp λόγος@nampc ὁ@dgms νόμος@ngmsc οὗτος@angms- εἰς@p ὁ@danp οὖς@nanpc ὁ@dgms λαός@ngmsc αὐτός@rpnms καί@cs ησοῦς@viia2s ὁ@dnms ὁ@dgms ναυή@ngmsp"
"Deut_32.45","καί@b ἐκτελέω@viaa3s μωυσῆς@nnmsp λαλέω@vppanms πᾶς@andms- ἰσραήλ@nnmsp"
"Deut_32.46","καί@b λέγω@viaa3s πρός@p αὐτός@rpamp προσέχω@vmpa2p τῆ@ddfs καρδία@ndfsc ἐπί@p πᾶς@anamp- ὁ@damp λόγος@nampc οὗτος@anamp- ὅς@rpamp ἐγώ@rpnms διαμαρτύρομαι@vipe1s σύ@rpdmp σήμερον@b ὅς@rpdms ἐντε@p λανθάνω@vifm2p ὁ@ddmp υἱός@ndmpc σύ@rpgmp φυλάσσω@vnpa-- καί@cs ποιέω@vnpa-- πᾶς@anamp- ὁ@damp λόγος@nampc ὁ@dgms νόμος@ngmsc οὗτος@angms-"
"Deut_32.47","ὅτι@cs οὐ@b λόγος@nnmsc κενός@annms- οὗτος@annms- σύ@rpdmp ὅτι@cs οὗτος@rpnfs ὁ@dnfs ζωή@nnfsc σύ@rpgmp καί@cs ἕνεκα@p ὁ@dgms λόγος@ngmsc οὗτος@angms- μακροημερεύω@vsaa2p ἐπί@p ὁ@dgfs γῆ@ngfsc εἰς@p ὅς@rpafs σύ@rpnmp διαβαίνω@vmpa2p ὁ@dams ἰορδάνης@nafsp ἐκεῖ@b κληρονομέω@vnaa--"
"Deut_32.48","καί@b λαλέω@viaa3s κύριος@nnmsc πρός@p μωυσῆς@namsp ἐν@p ὁ@ddfs ἡμέρα@ndfsc οὗτος@rpdfs λέγω3@vppanms"
"Deut_32.49","ἀναβαίνω@nansp εἰς@p ὁ@dans ὄρος@nansc ὁ@dans ἀβαρής@n---p οὗτος@rpnns ὄρος@nansc ναβαῦ@n---p ὅς@rpnns εἰμί@vipa3s ἐν@p γῆ@ndfsc χανάω@n---p κατά@p πρόσωπον@nansc ἰερειχώ@n---p καί@cs εἶδον@vmaa2s ὁ@dafs γῆ@nafsc χανάω@nafsp ἐάν@cs ἐγώ@rpnms δίδωμι@vipa1s ὁ@ddmp υἱός@ndmpc ἰσραήλ@ngmpp"
"Deut_32.50","καί@cs τελευτάω@vmpa2s ἐν@p ὁ@ddns ὄρος@ndnsc εἰς@p ὅς@rpans ἀναβαίνω@vipa2s ἐκεῖ@b καί@cs προστίθημι@vmap2s πρός@p ὁ@dams λαός@namsc σύ@rpgcs ὅς@rpams τρόπος@namsc ἀποθνῄσκω@viaa3s ἀαρών@nnmsp ὁ@dnms ἀδελφός@nnmsc σύ@rpgcs ἐν@p ὥρα@ ὁ@ddns ὄρος@ndnsc καί@cs προστίθημι@viap3s πρός@p ὁ@dams λαός@namsc αὐτός@rpgms"
"Deut_32.51","ὅτι@b ἀπειθέω@viaa2p ὁ@ddns ῥῆμα@ndnsc ἐγώ@rpgms ἐν@p ὁ@ddmp υἱός@ndmpc ἰσραήλ@nnmsp ἐπί@p ὁ@dgns ὕδωρ@ngnsc ἀντιλογία@ngfsp καδής@nnmsp ἐν@p ὁ@ddfs ἐρῆμος@ndfsc σεύω@vnpa-- διότι@cs οὐ@b ἁγιάζω@viaa2p ἐγώ@rpacs ἐν@p ὁ@ddmp υἱός@ndmpc ἰσραήλ@nnmpp"
"Deut_32.52","ἀπέναντι@b ὁράω@vifm2s ὁ@dafs γῆ@nafsc καί@cs ἐκεῖ@b οὐ@b εἰσέρχομαι@vifm2s"
"Deut_33.1","καί@cs οὗτος@annfs- ὁ@dnfs εὐλογία@nnfsc ἐάν@cs εὐλογέω@viaa3s μωυσῆς@nnmsp ἄνθρωπος@nnmsc ὁ@dgms θεός@ngmsc ὁ@damp υἱός@nampc ἰσραήλ@nnmsp πρό@p ὁ@dgfs τελευτή@ngfsc αὐτός@rpgms"
"Deut_33.2","καί@b λέγω@viaa3s κύριος@nnmsc ἐκ@p σεινός@nnnpp ἥκω@vipa3s καί@cs ἐπιφαίνω@vila3p ἐκ@p σήρ@nnfsp ἐγώ@rpdcp καί@b κατασπεύω@viaa3s ἐκ@p ὄρος@ngnsc φᾶρος@ngmpp σύν@p μυριάς@ndfpc ἐκ@p δεξιός@angnp- αὐτός@rpgms ἄγγελος@nnmpc μετά@p αὐτός@rpgms"
"Deut_33.3","καί@b φείδομαι@viam3s ὁ@dgms λαός@ngmsc αὐτός@rpgms καί@cs πᾶς@annmp- ὁ@dnmp ἅγιος@vprenmp ὑπό@p ὁ@dafp χείρ@nafpc σύ@rpgms καί@b οὗτος@rpnmp ὑπό@p σύ@rpacs εἰμί@vipa3p καί@cs δέχομαι@viam3s ἀπό@p ὁ@dgmp λόγος@ngmpc αὐτός@rpgms"
"Deut_33.4","νόμος@namsc ὅς@rpams ἐντέλλομαι@viam3s σύ@rpdmp μωυσῆς@nnmsp κληρονομία@nafsc συναγωγή@ndfpc ἰακὼβ@ndmsp"
"Deut_33.5","καί@cs εἰμί@vifm3s ἐν@p ὁ@ddms ἀγαπάω@vppedns ἄρχω@namsc συνάγω@vpapgmp ἄρχων@vppagmp λαός@ngmpc ἅμα@p φυλή@ndfpc ἰσραήλ@nnmsp"
"Deut_33.6","ζάω@vmpa3s ῥουβήν@nafsp καί@cs μή@b ἀποθνήσκω@vmaa3s καί@cs εἰμί@vmpa3s πολύς@annms- ἐν@p ἀριθμός@ndmsc"
"Deut_33.7","καί@cs οὗτος@rpnfs ἰούδας@ngmsp ἀκούω@vmaa2s κύριος@nvmsc φωνή@ngfsc ἰούδας@ngmsp καί@cs εἰς@p ὁ@dams λαός@namsc αὐτός@b ἔρχομαι@voaa2s ἄν@x καί@b ὁ@dnfp χείρ@nnfpc αὐτός@rpgms διακρίνω@vifa3p αὐτός@rpdms καί@cs βοηθός@nnmsc ἐκ@p ὁ@dgmp ἐχθρός@ngmpc εἰμί@vifm2s"
"Deut_33.8","καί@b τῷ@dams λευεί@namsp δίδωμι@namsp λευεί@nnmsp δῆλος@ngnsc αὐτός@rpgms καί@cs ἀλήθεια@nafsc αὐτός@rpgms ὁ@ddms ἀνήρ@ndmsc ὁ@ddms ὅς@rpams πειράζω@viaa3p αὐτός@rpams ἐν@p πεῖρα@ndmsp λοιδορέω@viaa3p αὐτός@rpams ἐπί@p ὕδωρ@ngnsc ’@ananp-"
"Deut_33.9","λέγω3@vppanms ὁ@ddms πατήρ@ndmsc καί@cs ὁ@ddfs μήτηρ@ndfsc οὐ@b ὁράω@ananp- σύ@rpacs καί@cs ὁ@damp ἀδελφός@nampc αὐτός@rpgms οὐ@b ἐπιγιγνώσκω@viaa3s καί@cs ὁ@damp υἱός@nampc αὐτός@rpgms ἀπογιγνώσκω@viaa3s φυλάζω@viaa3s ὁ@danp λήιον@nanpc σύ@rpgms καί@cs ὁ@dafs διαθήκη@nafsc σύ@rpgms διατηρέω@viaa3s"
"Deut_33.10","δηλόω@vifa3p ὁ@danp δικαίωμα@nanpc σύ@rpgcs ὁ@ddms ἰακὼβ@ndmsp καί@cs ὁ@dams νόμος@namsc σύ@rpgcs ὁ@ddms ἰσραήλ@ndmsp ἐπιτίθημι@vifa3p θυμίαμα@nansc ἐν@p ὀργή@ndfsc σύ@rpgcs διά@p πᾶς@angms- ἐπί@p ὁ@dans θυσιαστήριον@nansc σύ@rpgcs"
"Deut_33.11","εὐλογέω@vmaa2s κύριος@nvmsp ὁ@dafs ἰσχύς@nafsc αὐτός@rpgms καί@cs ὁ@danp ἔργον@nanpc ὁ@dgfp χείρ@ngfpc αὐτός@rpgms δέχομαι@vmam2s κατάγνυμι@vmaa2s ὀσφῦς@nafsc ἐχθρός@angmp- ἐπανίστημι@vpragmp αὐτός@rpdms καί@cs ὁ@dnmp μισέω@vppanmp αὐτός@rpams μή@b αναστω@vmpa3p"
"Deut_33.12","καί@b ὁ@ddms βενιαμείν@ndmsp λέγω@viaa3s ἀγαπάω@nnmsp ὑπό@p κύριος@ngmsc σκηνόω@ndfsc πείθω@vpranms καί@cs ὁ@dnms θεός@nnmsc σκιάζω@vipa3s ἐπί@p αὐτός@rpamd πᾶς@anafp- ὁ@dafp ἡμέρα@nafpc καί@cs ἀνά@p μέσος@anams- ὁ@dgmp ὦμος@ngmpc αὐτός@rpgms"
"Deut_33.13","καί@cs ὁ@ddms ἰωσήφ@nvmsp λέγω@viaa3s ἐπί@p εὐλογία@ngfsc κύριος@ngmsc ὁ@dnfs γῆ@nnfsc αὐτός@rpgms ἀπό@p ὥρα@ngfpc οὐρανός@ngmsc καί@cs δρόσος@ngmsc καί@b ἀπό@p ἄβυσσος@angfp- πηγή@ngfpc κάτωθεν@b"
"Deut_33.14","καί@b κατά@p ὥρα@nafsc γέννημα@ngnpc ἥλιος@ngmsc καί@b ἀπό@p σύνοδος2@ngfpc μείς@ngmpc"
"Deut_33.15","ἀπό@p κορυφή@ngfsc ὄρος@ngnpc ἀρχή@ngfsc καί@b ἀπό@p κορυφή@ngfsc βουνός@ngmpc ἀέναος@angmp-"
"Deut_33.16","καί@cs κατά@p ὥρα@nafsc γῆ@ngfsc πληρωσεύς@b καί@b ἀπό@p κορυφθίς@ndfsc ἐν@p ὁ@ddms βάτος@ndmsc ἔρχομαι@viaa3p ἐπί@p κεφαλή@nafsc ἰωσήφ@nnmsp καί@cs ἐπί@p κορυφή@ngfsc δοξάζω@nnmsp ἐπί@p ἀδελφός@ndmpc"
"Deut_33.17","πρωτότοκος@annms- ταῦρος@ngmsc ὁ@dnns κάλλος@nnnsc αὐτός@rpgms κέρας@nnnpc μονοκέρωτος@ngmsc ὁ@danp κέρας@nnnpc αὐτός@rpgms ἐν@p αὐτός@rpdmp ἔθνος@nnnpc κερατίζω@vifa3s ἅμα@b ἕως@cs ἐπί@p ’@cs οὗτος@rpnfp μυριάς@nnfpc ἐφράιμ@ngmsp καί@cs οὗτος@annfp- χιλάς@nnfpc μανασσή@nnfsp"
"Deut_33.18","καί@b τῷ@dams ζαβουλών@nnmsp λέγω@viaa3s γηθέω@ndmsp ζαβουλών@nnmsp ἐν@p ἐξοδία@ndfsc σύ@rpgms καί@cs ἰσσαχὰρ@nnmsp ἐν@p ὁ@ddnp σκήνωμα@ndnpc αὐτός@rpgms"
"Deut_33.19","ἔθνος@nanpc ἐξολεθρεύω@vifa3p καί@b ἐπικαλέω@vifm2p ἐκεῖ@b καί@cs θύω1@vifa2p θυσία@nafsc δικαιοσύνη@ngfsc ὅτι@b πλοῦτος@nnmsc θάλασσα@ngfsc θηλάζω@vifa3s σύ@rpacs καί@cs ἐμπόριον@nanpc παράλιος@anans- κατοικέω@vppagmp"
"Deut_33.20","καί@cs τῷ@dams γὰδ@namsp λέγω@viaa3s εὐλογέω@nnmsp ἐμπλατύνω@vppanms γάδ@nafsp ὡς@b λέων@nnmsc ἀναπαύω@viam3s συντρίβω@vpaanms βραχίων@namsc καί@cs ἄρχω@namsc"
"Deut_33.21","καί@b εἶδον@viaa3s ἀπαρκή@nafsc αὐτός@rpgms ὅτι@cs ἐκεῖ@b μερίζω@viap3s γῆ@nnfsc ἄρχων@ngmpc συνάγω@vpregmp ἅμα@p ἀρχηγός@andmp- λαός@ngmpc δικαιοσύνη@nafsc κύριος@nnmsp ποιέω@viaa3s καί@cs κρίσις@nafsc αὐτός@rpgms μετά@p ἰσραήλ@ngmsp"
"Deut_33.22","καί@cs ὁ@rpdms ἄν@p εἶπον@viaa3s ἄν@nnmsp σκύμνος@nnmsc λέων@ngmsc καί@b ἐκπηδάω@vifm3s ἐκ@p ὁ@dgns βασάω@vnpa--"
"Deut_33.23","καί@cs τῷ@dgms νεφθαλεὶμ@nnmsp λέγω@viaa3s καί@cs ἐμπίπλημι@vmap3s εὐλογία@nafsc παρά@p κῦρος@ngmsp θάλασσα@nafsc καί@cs λίψ@namsc κληρονομέω@vifa3s"
"Deut_33.24","καί@cs τῷ@dgms ἀήρ@nnmsp λέγω@viaa3s εὐλογητός@nnmsp ἀπό@p τέκνον@ngnpc ἀήρ@nnmsp καί@cs εἰμί@vifm3s δεκτός@annms- ὁ@ddmp ἀδελφός@ndmpc αὐτός@rpgms ἅπτω@vifm2s ἐν@p ἔλαιον@anamsc ὁ@dams πούς@namsc αὐτός@rpgms"
"Deut_33.25","σίδηρος@nnmsc καί@cs χαλκός@nnmsc ὁ@dnns ὑπόδημα@nnnsc αὐτός@rpgns εἰμί@vifm3s ὡς@cs ὁ@dnfp ἡμέρα@nnfpc σύ@rpgcs η@viia3s ἰσχύς@nnfsc σύ@rpgcs"
"Deut_33.26","εἰμί@vipa3s ὥσπερ@cs ὁ@dnms θεός@nnmsc ὁ@dgms ἀγαπάω@vpregms ὁ@dnms ἐπιβαίνω@vppanms ἐπί@p ὁ@dams οὐρανός@namsc βοηθός@nnmsc σύ@rpgcs καί@cs ὁ@dnms μεγαλοπρεπής@annms- ὁ@dgns στερέωμα@ngnsc"
"Deut_33.27","καί@b σκεπάζω@vifa3s σύ@rpacs θεός@ngmsc ἀρχή@nnfsc καί@cs ὑπό@p ἰσχύς@nafsc βραχίων@angmp- ἄω@b ἐκβάλλω@vifm2s ἀπό@p πρόσωπον@ngnsc σύ@rpgcs ἀπόλλυμι@ngmsp"
"Deut_33.28","μόνος@annms- ἐπί@p γῆ@ngfsc ἰακὼβ@ng-sp σῖτος@ndmsc καί@cs οἶνος@ndmsc καί@cs ὁ@dnms οὐρανός@nnmsc σύ@rpdms συννεφής@annms- δρόσος@ndmsc"
"Deut_33.29","σύ@rpncs ἰσραήλ@nnmsp τις@rpnms ὅμοιος@annms- σύ@rpdms λαός@nnmsc σώζω@vppenms ὑπό@p κύριος@ngmsp ὑπερασπιέω@vifa3s ὁ@dnms βοηθός@nnmsc σύ@rpgcs καί@cs ὁ@dnfs μάχαιρα@nnfsc καύχημα@nnnsc σύ@rpgcs καί@b ψεύδω@vifm3p σύ@rpacs ὁ@dnmp ἐχθρός@annmp- σύ@rpgcs καί@cs σύ@rpncs ἐπί@p ὁ@dams τράχηλος@namsc αὐτός@rpgmp ἐπιβαίνω@vifm2s"
"Deut_34.1","καί@cs ἀναβαίνω@viaa3s μωυσῆς@nnmsp ἀπό@p ἀραβώθ@ngmsc μωάβ@n---p ἐπί@p ὁ@dans ὄρος@nansc ναβαῦ@n---p ἐπί@p κορυφή@nafsc φάσγανον@ng-sp ὅς@rpnfs εἰμί@vipa3s ἐπί@p πρόσωπον@ngnsc ἰερειχώ@ng-sp καί@b δείκνυμι@viaa3s αὐτός@rpdms κύριος@nnmsc πᾶς@anafs- ὁ@dafs γῆ@nafsc γαλαάδ@b ἕως@p δάν@ng-sp"
"Deut_34.2","καί@b πᾶς@anafs- ὁ@dafs καί@cs πᾶς@anafs- ὁ@dafs γῆ@nafsc ἐφράιμ@ng-sp καί@cs μανασσή@ng-sp καί@b πᾶς@anafs- ὁ@dafs γῆ@nafsc ἰούδας@ngmsp ἕως@p ὁ@dgfs θάλασσα@ngfsc ὁ@dgfs ἔσχατος@angfs-"
"Deut_34.3","καί@b ὁ@dafs ἐρῆμος@anafs- καί@cs ὁ@danp περίχωρος@nanpc ἰερειχώ@ng-sp πόλις@nafsc φοῖνιξ@ngmpc ἕως@p σηγωρ@ng-sp"
"Deut_34.4","καί@b λέγω@viaa3s κύριος@nnmsp πρός@p μωυσῆς@namsp οὗτος@rpnfs ὁ@dnfs γῆ@nnfsc ὅς@rpafs ὄμνυμι@viaa1s ἀβραάμ@nnmsp καί@b ἀβραάμ@nnmsp καί@cs ἰακὼβ@nnmsp λέγω3@vppanms ὁ@ddns σπέρμα@ndnsc σύ@rpgcp δίδωμι@vifa1s αὐτός@rpafs καί@b δείκνυμι@viaa1s ὁ@ddmp ὀφθαλμός@ndmpc σύ@rpgcs καί@cs ἐκεῖ@b οὐ@b εἰσέρχομαι@vifm2s"
"Deut_34.5","καί@b τελευτάω@viaa3s μωυσῆς@nnmsp οἰκέτης@nnmsc κύριος@ngmsc ἐν@p γῆ@ndfsc μωάβ@n--sp διά@p ῥῆμα@ngnsc κύριος@ngmsc"
"Deut_34.6","καί@b θάπτω@viaa3p αὐτός@rpams ἐν@p γῆ@ndfsp ἐγγύς@b οἶκος@ngmsc φογώρ@ng-sp καί@b οὐ@b οἶδα@vira3s οὐδείς@rpnms ὁ@dafs ταφή@nafsc αὐτός@rpgms ἕως@p ὁ@dgfs ἡμέρα@ngfsc οὗτος@angfs-"
"Deut_34.7","μωυσῆς@nnmsp δέ@b εἰμί@viia3s ἑκατόν@an---- καί@cs εἴκοσι@an---- ἔτος@ngnpc ἐν@p τῷ@ddns τελευτάω@vppanms αὐτός@rpams οὐ@b ἀμαυρόω@viap3p ὁ@dnmp ὀφθαλμός@nnmpc αὐτός@rpgms οὐ@b δέ@cs φθείρω@viap3p"
"Deut_34.8","καί@b δακρύω@viaa3p ὁ@dnmp υἱός@nnmpc ἰσραήλ@ngmsp μωυσῆς@namsp ἐν@p ἀραβώθ@nvmsc μωάβ@n---p ἐπί@p ὁ@dgms ἰορδάνης@ngmsp κατά@p ἰερειχώ@nafsp τριάκοντα@an---- ἡμέρα@nafpc καί@b συντελέω@viap3p ὁ@dnfp ἡμέρα@nnfpc πένθος@ngnsc κλαυθμός@ngmsc μωυσῆς@namsp"
"Deut_34.9","καί@cs ἰησοῦς@ngfsp υἱός@nnmsc ναυή@nnfsp ἐμπίμπλημι@viap3s πνεῦμα@ngnsc σύνεσις@ngfsc ἐπιτίθημι@viaa3s γάρ@b μωυσῆς@nnmsp ὁ@dafp αὐτός@rpgms ἐπί@p ’@p αὐτός@rpams καί@b εἰσακούω@viaa3p αὐτός@rpgms ὁ@dnmp υἱός@nnmpc ἰσραήλ@nnmpp καί@cs καθότι@b ἐντέλλομαι@viam3s κύριος@nnmsp ὁ@ddms μωυσῆς@ndmsp"
"Deut_34.10","καί@cs οὐ@b ἀνίστημι@viaa3s ἔτι@b προφήτης@nnmsc ἐν@p ἰσραήλ@ndmsp ὡς@cs μωσῆς@nnmsp ὅς@rpams γιγνώσκω@viaa3s κύριος@nnmsc αὐτός@rpams κατά@p πρόσωπον@nansc"
"Deut_34.11","ἐν@p πᾶς@andnp- ὁ@ddnp σημεῖον@ndnpc καί@cs τέρας@ndnpc ὅς@rpams αὐτός@rpams κύριος@nnmsp ποιέω@vnaa-- αὐτός@rpanp ἐν@p γῆ@nafsc αἴγυπτος@ndfsp φαραώ@nvmsp καί@b ὁ@ddmp θεράπων@ndmpc αὐτός@rpgms καί@cs πᾶς@andfs- ὁ@ddfs γῆ@ndfsc αὐτός@rpgms εἰμί@viia3s θαυμάσιος@ananp-"
"Deut_34.12","ὁ@danp μέγας@ananp- καί@cs ὁ@dafs χείρ@nafsc ὁ@dafs κραταιός@anafs- ὅς@rpafs ποιέω@viaa3s μωυσῆς@nnmsp ἔναντι@p πᾶς@angms- ισραήλ@ngfsp"
