"location","text"
"Lc.fr._1","39@b >καί@b ἐφίστημι@vpaanms ἐπάνω@b αὐτός@rpgfs ἐπιτιμάω@viaa3s ὁ@ddns πυρετός@ndmsc ἐφίστημι@ndfsp ὁ@ddfs ὁ@dgms σίμων@ngmsp οἰκία@ndfsc ὁ@dnms σωτήρ@nnmsc καί@cs εὑρίσκω@vipa3s πυρέττω@vppaafs ὁ@dafs αὐτός@rpgms πενθερά@nafsc >καί@b ἐφίστημι@vpaanms ἐπιτιμάω@viaa3s ὁ@ddms πυρετός@ndmsc καί@cs ἀφίημι@viaa3s μήποτε@b οὖν@b ἐν@p μέν@b ὁ@ddms ἀφίημι@viaa3s αὐτός@rpafs ὁ@dnms πυρετός@nnmsc ἐρῶ@vpredms ὑπό@p ματθαῖος@ngmsp καί@cs μάρκος@ngmsp καί@cs ὅλος@annfs- ὁ@ddfs πρᾶξις@ndfsc οὐδείς@rpans ὡς@cs περί@p ζώιον@ngnsc ἐμφαίνω@vipe3s ὁ@dgns ὁ@dams πυρετός@namsc ἐνεργέω@vppagns ἐν@p δέ@cs ὁ@ddns πιστός@vppanms ἐπάνω@b ἐπιτιμάω@viaa3s ὁ@ddms πυρετός@andms- καί@cs ἀφίημι@viaa3s ἐρῶ@vpredms ὑπό@p λουκᾶς@ngmsp οὐ@b οἶδα@vira1s εἰ@cs μή@b ἀναγκάζω@vifp1p ὁ@dans ἐπιτιμάω@vppeans καί@cs καί@cs ἀφίημι@vppeans ζῷον@nansc μή@b χωρέω@vnpa-- ὁ@dafs ὁ@dgms ἐπιτιμάω@vppagms ἐνέργεια@nafsc ἄψυχος@anams- γάρ@b καί@cs μή@b αἰσθάνομαι@vppeans ἐπιτιμία@ngfsc ἐπιτιμάω@vnpe-- οὐ@b εὔλογος@annns- λέγω3@vnpa-- οὐδείς@rpans δέ@b θαυμαστός@annns- εἰμί@vnpa-- τις@rpacp κακωτικός@anafp- ὁ@dgns ἀνθρώπινος@angns- σῶμα@ngnsc δύναμις@nafpc καί@cs οὐ@b πάντως@b κατηγορέω@vsaa1p ὁ@dgfs ψυχή@ngfsc ὁ@dgmp πάσχω@vppagmp ὡς@cs ἐκ@p οὗτος@rpgnp βλάπτω@vppegfs οὐ@b δέ@b γάρ@b ἐπεί@cs παίω@viaa3s ὁ@dams ἰὼβ@namsp ἕλκω@ndnsc πονηρός@andns- λαμβάνω@vpaanms ὁ@dnms διάβολος@nnmsc ὁ@dafs ἐξουσία@nafsc ὁ@dans ὁ@dans διά@p ὁ@dgns σῶμα@ngnsc πειράω@vnaa-- αὐτός@rpams περί@p οὗτος@rpans κατηγορητέος@annms- ὁ@dnms ἰὼβ@nnmsp ἀθλέω@vpaanms καί@cs γενναῖος@b ὑπομένω@vpaanms ὁ@dafs πληγή@nafsc μόνος@annns- εἰμί@vopa3s λέγω3@vnpe-- εἰ@cs ποτέ@b κατά@p σωματικός@anamp- πειράω@vipe1p πόνος@nampc ὁ@dans ἀλλά@b ὁ@dgfs ψυχή@ngfsc αὐτός@rpgms μή@b ὡς@cs καί@b ὁ@dnms κύριος@nnmsc ἐπιτιμάω@vppanms ἰάομαι@vipe3s ὁ@damp κακός@b ἔχω@vppaamp ἀντί@p ὁ@rpgns διατάσσω@viaa3s ἐλάτονος@nvmsp πνεῦμα@nvmsp"
"Lc.fr._2",">δύναμις@vppagms δέ@b ὁ@dgms ἥλιος@ngmsc περί@p δυσμή@nafpc δέ@b οὗτος@rpamp προσάγω@viia3p ἤτοι@b μετά@p ἡμέρα@nafsc αἰσχύνω@vppenmp ἤ1@b ὁ@damp φαρισαῖος@nampp φοβέω@vppenmp ἤ1@b καί@b περί@p ἕτερος@ananp- ἀσχολέω@vppenmp ἤ1@cs τάχα@b νομίζω@vppanmp μή@b ἔξεστι@vnpa-- θεραπεύω@vnpa-- ἐν@p σάββατον@ndnsc ἐπισημαίνω@viam3s γάρ@b ὁ@dnms εὐαγγελιστής@nnmsc ὅτι@cs εἰμί@viia3s διδάσκω@vppanms αὐτός@rpamp ἐν@p σάββατον@ndmsc διά@p οὗτος@rpans δύσις@nafsc ἥλιος@ngmsc ὁ@damp κακός@b ἔχω@vppaamp προσφέρω@viia3p οἶ@dnmp προσήκω@vppanmp ὁ@dnms δέ@b αὐτός@rpamp θεραπεύω@viaa3s πνεῦμα@nn-sp εἰς@p ὁ@dafs lukas@ngfsp katenά@nvmsp ὁ@b ἐκ@p ἄλλος@rpgcs schrifίζω@vmaa2s ὁ@rpgfs origenes@anafpc stammη@b ἐκ@vmpa2s ὁ@rpacs matthäus@nnmsp φέρων@vira1s 9@ 10@ ὁ@dnms δέ@b ματθαῖος@nnmsp φημί@vipa3s explάω@ φεύγω@vmpa2p εἰς@p ὁ@dafs ἕτερος@anafs- 12@ κατά@p δέ@b ἀναγωγή@nafsc explάω@ τρέφω@vppanmp ἕκαστος@anafs- φυλή@nafsc 18@ ἐρωτάω@ndfsp δέ@b οὐ@b ἀγνοέω@vppanms explάω@ συμβολικός@ananp- αὐτός@rpgms ἀναλαμβάνω@vira3p πυνθάνομαι@vipe3s δέ@b ὁ@dgmp μαθητής@ngmpc explάω@ εἰσέρχομαι@vifm3p ἐν@p αὐτός@rpdfs 23@nvmsc ἕτερος@b δέ@b ἀρνέομαι@vipe3s τις@rpncs ἑαυτοῦ@rpams explάω@nafsc ἐν@p ὁ@ddns κατορθόω@vnpa-- σωζοω@vmpe2s μενην@nafsc 27@cs οὗτος@rpanp ἐπί@p πέτρος@namsp καί@cs ἰακώβ@namsp explάω@ ὁ@dgfs μεταμόρφωσις@ngfsc αὐτός@rpgms εἰ@cs δέ@b χρή@vipa3s τις@rpnns καί@b περίεργος@anansc explάω@b ἐντός@p ὁ@dgmp τέλειος@angmp- μόνος@anans- 9@ 28@b καί@cs τοίνυν@b ἴνα@ananp- καί@b ἐπαναλαμβάνω@vpaanms explάω@b καί@b ὁ@dnns πάθος@nnnsc ὁ@dnns ἅγιος@annns- ἐπεί@cs γάρ@x ἐν@p ἕξ@ ἡμέρα@ndfpc explάω@ ὁ@rpdms βλέπω@vppadms θεωρέω@vppeams μή@b φέρω@vppanmp ὁ@dafs ὁ@dgfs φωνή@ngfsc δύναμις@nafsc explάω@an---- ἐκεῖ@b ἐμφανίζω@vnpe-- πολύς@andmp- 30@an---- ὠριγένης@ngfsp εἰς@p ὁ@dans ἰδού@b ἀνήρ@nnmpc δύο@ συγχαίρω@viia3p explάω@nvmsc ὅς@rpdmp ἐπαίρω@vire3p διά@p οὗτος@rpamp λέγω@vnre-- 34@ ὁ@dnfs δέ@b ἐκ@p ὁ@dgfs νεφέλη@ngfsc explάω@ ὅθεν@b ἔρχομαι@vila3p 37@cs ἐπιβλεπτέον@annns- δέ@b οὗτος@rpdmp ὑψηλός@anansc explάω@ ἐν@p ὁ@ddmp κλάδος@ndmpc ὁ@dgfs τοιοῦτος@rpgfs πίστις@ngfsc 44@ ὑπό@p τις@rpgns δέ@b ἄρα@b μέλλω@vipa3s παραδίδωμι@vnpe-- explάω@vmpa2s ἐπί@p ἐγώ@rpa-p φάος@nnnsc ὁ@dgms θεός@ngmsc 47@n---c ἐπεί@cs ἀχώριστος@annms- εἰμί@vipa3s ὁ@dnms υἱός@nnmsc explάω@n---c καί@cs ἀπόνηρος@annns- παιδίον@nnnsc 48@n---c οἶος@namsp γάρ@b ὁ@dnns παιδίον@nnnsc ἐκ@p ὁ@dgfs γέννησις@ngfsc explάω@n---c γίγνομαι@vira3s εἰς@p ὁ@danp παιδίον@nanpc 11@ 51@ διό@b ὁ@dgfs ἐλισάβετ@ngfsp καί@cs ὁ@dgms παῖς@ngmsc explάω@ ὁ@dnns αἷμα@nnnsc ὁ@ddns αἷμα@ndnsc ζαχαρίας@namsp εὑρίσκω@vipa1p ἐν@p ὁ@ddfp βασίλεια@ndfpp explάω@ ὁ@dams πατήρ@namsc τις@rpgms πατρος@ngmsc 14@ 18@b ὁ@dnns μέν@b οὖν@b ὁλοσχερής@annns- ὁ@dgfs παραβολή@ngfsc οὕτως@b ἐκλαμβάνω@voaa2s δέ@b καί@b ἄλλως@b κατά@p ὁ@dams τόπος@namsc ὅσος@anans- ἄνθρωπος@nnmpc εἰμί@vipa1p explάω@b ἐν@p θεός@ngmpc 34@n---c δύναμαι@nnmpp δέ@b σημαίνω@vnpe-- καί@b ὁ@danp δύο@ explάω@ ὡς@b ἀνάξιος@annfs- αφιεμενη@vppanfs 24@b ὁράω@vmpa2s ὅτι@cs οὐ@b πάντῃ@b ἀποκλείω@viaa3s ὁ@dams πλούσιος@anams- explάω@ καί@b ὁ@danp ὁ@dgfs λέγω3@vppegfs 19@ 29@b ὁ@dnmp δύο@ μαθητής@nnfpc ἤτοι@b πέτρος@nnmsp καί@cs παῦλος@nnmsp explάω@ εἰς@p ὁ@dafs ἱερουσαλήμ@nafsp 17@cs διά@p τίς@rpans δέ@b ἔχω@viia1s ἀνάγκη@nafsc ἀπολύω@vnaa-- explάω@ διά@p ὁ@dams λαός@namsc ὁ@dams ἰωνάθας@ngmsp ἔοικα@nnmsp ἄρτι@b ὑποσπόδιον@angmp- γίγνομαι@vpamgmp explάω@ πάτριος@annns- αὐτός@rpdmp το@dnns τοιοῦτος@rpnns 39@b ὁ@dnms μέν@b ματθαῖος@nnmsp παρατρέχω@vppanms λέγω@viaa3s explάω@ ἐν@p ὁ@ddms δέμω@ndnsc mattha@nnmsp 13@ 44@ ὁμοίωμα@nnnsp καί@cs παραβολή@nnfsc ὁ@dafs διαφορά@nafsc explάω@nafsc ὁ@dnms ὁ@dgms σπόρος@ngmsc λόγος@nnmsc mattha@nnmsp 13@ 44@b κατά@p ἕτερος@anafs- δέ@b ἐκδοχή@nafsc εἰμί@vopa3s ἄν@b explάω@ θέλημα@ndnpc ὁ@ddnp αὐτός@ngmsc mattha@nnmsp 13@ 45@ ὅς@rpnmp γε@x μή@cs περί@p μαργαρίτης@ngmpc explάω@p ὁ@dafs γνῶσις@nafsc ὁ@dgms χριστός@ngmsp mattha@nnmsp 13@ 47@cs ἔτι@cs σαγήνη@nnfsc εἰμί@vipa3s ὁ@dnfs ἐκ@p ὁ@dgnp παλαιός@angfp- explάω@ ὁ@dafs κάμινος@nafsc ὁ@dgfs πῦρ@ngnsc mattha@nnmsp 2@ 1@ ὁ@dnnp πέντε@ οὗτος@annnp- διάστημα@nnnpc explάω@ θεός@ngmsc βασιλεία@nafsc ἀναφέρω@vipe3s mattha@nnmsp 1@an---- τάχα@b μέν@b οὖν@b ἅπας@annms- ὁ@dnms ὁ@dgmp ἄνθρωπος@ngmpc βίος@nnmsc explάω@ ὁ@dgfs σωτηρία@ngfsc μισθός@nnmsc mattha@nnmsp 2@ 1@an---- διά@p ὅς@rpgns δοκέω@vipa3s ἐγώ@rpdcs ὁ@dnns γνώρισμα@nnnsc ὁ@dgfs βασίλεια@ngfsc explάω@ βασιλεία@nafsc ἀναφέρω@vipe3s ἐκ@p ἄλλος@an---- schrifίζω@nn-sp 3@ 5@ μόνος@annms- δέ@b οὗτος@rpnms παρά@p ὁ@damp τρεῖς@an---- explάω@b ὁ@danp προφητικός@ananp- ὁ@damp εὐαγγελιστής@nampc 16@ οὐ@b ἄκαρπος@namsc παρατίθημι@vnae-- explάω@n---c κατά@p ἑαυτοῦ@rpams υἱός@namsc ὁ@dgms θεός@ngmsc 11@ 3@ οὕτως@b καί@b ὠριγένης@nnmsp ὅς@rpnms φημί@vipa3s ὅτι@cs πᾶς@annfs- τροφή@nnfsc ὁ@dgfs ὁ@dgms κόσμος@ngmsc ζωή@ngfsc ὁ@nnfsp λέξις@nnfsc ὁ@dnfs ἐπιούσιος@annfs- παρά@p οὐδείς@rpdms ὁ@dgmp ἕλλην@ngmpp explάω@ ὁ@dnms ἄρτος@nnmsc εἰμί@vipa3s 12@ ἱστορικός@b δέ@b μετά@p ὁ@dafs ἀποστολή@nafsc explάω@ ἅπας@anafs- οἶσις@nafsc 17@b 12@ καί@cs γε@b ὁ@damp περί@p λέπρα@nafpc νόμος@nampc explάω@b ὁ@dnfs λέπρα@nnfsc ἐξαφανίζω@vsap3s 12@ 46@n---c ὁ@dnns παρά@p ὁ@dgms δανιὴλ@ngmsp ἐρῶ@vpreans πρός@p ἕτερος@anans- ὁ@dgmp κάτοιδα@vpaagmp ὁ@dgfs ἅγιος@angfs- σωσάννα@ngfsp πρέσβυς@angmp- >ἤδη@b γάρ@b ὁ@dnms ἄγγελος@nnmsc ὁ@dgms θεός@ngmsc λαμβάνω@vpaanms φημί@vipa3p παρά@p ὁ@dgms θεός@ngmsc σχίσις@vifa3s σύ@rpams μέσος@anams- λέγω3@vipa3s γίγνομαι@vnfm-- πάντως@b αὐτός@rpdms οὗτος@rpans ἐν@p ὁ@ddfs κρίσις@ndfsc κατά@p ὁ@dans ἐρῶ@vpreans ὑπό@p ὁ@dgms κύριος@ngmsc ὅτι@cs καί@b διχοτομέω@vsaa3s αὐτός@rpams ἀμμώνιος@nnmsp δέ@b ἑρμηνεύω@vppanms προφητικός@anans- κεφάλαιος@anans- κτλ@nvmsc 8@ 4@an---- τις@nnfsp διαφορά@nafsc ἔχω@vipa3s οὗτος@rpnnp explάω@n---c ῥῆσις@nnfpc τε@x σοφός@angnp- καί@cs αἴνιγμα@nnnpc 16@n---c 1@n---c ἐπεί@cs δέ@b ἀρετή@nafsc εἰμί@vnpa-- ὁ@dafs φρόνησις@nafsc explάω@ οὐρανός@nampc ἑτοιμάζω@viaa3s ὁ@dnms κύριος@nnmsc"
"Lc.fr._3","1@ αὐτός@rpnms εἰμί@viia3s ἵστημι@vpranms παρά@p ὁ@dafs λίμνη@nafsc γεννησαρέτ@nnmsp ὁ@dnms δέ@b ἵστημι@vila3s παρά@p ὁ@dafs λίμνη@nafsc ἤ1@cs καί@b κατά@p ματθαῖος@namsp καί@cs μᾶρκος@namsp περιιεπάτεω@viia3s παρά@p ὁ@dafs θάλασσα@nafsc ὁ@dgfs γαλιλαία@ngfsp μέν@b ἐναντίος@ananp- λέγω3@vnpa-- ὁ@dnmp εὐαγγελιστής@nnmpc πλήν@cs ὁ@dnms ἐπιχειρέω@vppanms ἀπό@p ὁ@dgfs γραφή@ngfsc τοιοῦτος@rpanp δύναμαι@vipe3s εἰς@p ὁ@dams τόπος@namsc οὗτος@rpams λέγω3@vnpa-- εἰ@cs ὁ@danp σύστημα@nanpc ὁ@dgnp ἄποτος@angnp- καλέω@viaa3s θάλασσα@nafpc ἐν@p ὁ@ddfs ἀρχή@ndfsc ὁ@dgfs κοσμοποιία@ngfsc ὁ@dnms σύστημα@nnnpc δέ@b ὁ@dgnp ὕδωρ@ngnpc εἰμί@vipa3p καί@b ὁ@dnmp ποταμός@nnmpc κατά@b καί@b οὗτος@rpnmp εἰμί@vipa3p θάλασσα@nnfpc ὥσπερ@cs καί@b ὁ@dnfs γλυκύς@annfss καί@cs ποτίμου@annfss >γεννησαρὲτ@nnfsc λίμνη@nnfsc ὁ@dnfs νῦν@b καλέω@vppenfs τιβεριάς@nnfsc εὐαγγέλιον@andmp- μάλιστα@b ἐπεί@cs καί@b αὐτός@rpnfs σύστημα@nnnsc εἰμί@vipa3s ὕδωρ@ngnpc εἰμί@vipa3s δέ@b ὁ@dnfs γεννησαρὲτ@nnfsp χώρα@nnfsc ὁ@dgfs μερίς@ngfsc ὁ@dgns χαναναῖος@angms- ἐν@p ὅς@rpdfs ἐποίχομαι@vppenms ὁ@danp πρός@p θάλασσα@nafsc ὁ@dnms κύριος@nnmsc εὑρίσκω@viaa3s ὁ@damp περί@p πέτρος@namsp καί@cs ἰώαννης@namsp καί@cs ἀνακαλέω@viam3s αὐτός@rpamp μετά@p ὁ@dafs ἄγρα@nafsc ὁ@dgmp ἰχθύς@ngmpc εἰμί@vppaamp ὁ@dans πρότερος@anans- ἰώαννης@ngmsp ὁ@dgms βαπτιστής@angms- μαθητής@nampc"
"Lc.fr._4","12@ ἰδού@b ἀνήρ@nnmsc πλήρης@annms- λέπρα@ngfsc ἱστορικός@b δέ@b μετά@p ὁ@dafs ἀποστολή@nafsc ὁ@dgns ὀρνίθιον@ngnsc πρῶτος@anans- ὁ@b πλύνω@vipe3s ὁ@dnms καθαίρω@vpapnms εἶτα@b πᾶς@anafs- τρίχα@nafsc ξυρέω@vipe3s λούω@vipe3s ὔδατι@ndnsc μετά@p ὅς@rpans ἐπιφέρω@vipe3s ὁ@dnns >καί@cs καθαρός@annms- εἰμί@vifm3s ὁ@danp >ἱμάτιον@nanpc πολιτεία@nnfsc μή@b πάντῃ@b κακός@b ὑφαίνω@vprenfs ἐπεί@cs καί@b ἄν@b ἀποτίθημι@viam3s τρίς@nnfpc δέ@b ὁ@danp ἐξανθέω@vpaaanp νεκρός@nanpc ὁ@ddfs φυχή@ndfsc ὅς@rpdfp ἐναντίος@annfp- ὁ@dnfp ὁ@dgns καί@cs ὁ@dgmp ναζιραῖος@angmp- καί@cs ὁ@dnfp ὁ@dgmp μαθητής@ngmpc ὁ@dgmp γάρ@b ναζι@ndfsp ραῖος@ngmpc σίδηρος@nnmsc ἐπί@p ὁ@dafs κεφαλή@nafsc οὐ@b ἀναβαίνω@vipa3s πᾶς@ananp- ὅσος@ananp- εὐοδόω@vppennp πράσσω@vppagmp ὡς@cs μη@b δέ@cs φύλλον@namsc αὐτός@rpgmp καρποφορέω@vppagmp ἀπορρέω@vnpa-- ἤδη@vila1s δέ@b ἀπό@p ὁ@dgns σῶμα@ngnsc ὕδωρ@ndnsc ὁ@dams μολυσμός@namsc ἀποτίθημι@vipe3s ὁ@dgns βάπτισμα@ngnsc ἐν@p οὗτος@rpdns δηλέομαι@vppegns μετά@p δέ@b οὗτος@rpans ὁ@dgfs μέν@b παρεμβολή@ngfsc ἄξιος@annms- γίγνομαι@vipe3s εἰς@p δέ@b ὁ@dams ἴδιος@anams- οἶκος@namsc οὐ@b εἴσειμι@vipa3s ἕως@p ἡμέρα@ngfpc καί@cs ὁ@dgns πόλις@nafsc ξυρέω@vnap-- ὁ@dafs κεφαλή@nafsc διά@p ὁ@danp ὁ@dgnp δόγμα@ngnpc κεφαλαιώδης@ananpc καί@cs ὁ@dams πώγων@namsc ἀποτίθημι@vnam-- ὁ@danp ὁ@dgms ἀνήρ@ngmsc ἁμάρτημα@nanpc διά@p δέ@b ὁ@dgfp ὁφθάνω@ngfpc δηλόω@viaa3s"
"Lc.fr._5","5@an---- 14@cs παραγγέλλω@viaa3s αὐτός@rpdms μηδείς@rpdms εἶπον@vnaa-- ὁ@dnns δέ@b ὁ@dnns στόμα@nansc καλύπτω@vnre-- δηλόω@vipa3s ὅτι@cs χρή@vipa3s ἑαυτοῦ@rpams καταδικάζω@vnpa-- ὁ@ddfs σιωπή@ndfsc μέχρι@cs ἄν@b ὑποστρέφω@vpaanms καθαίρω@vsaa3s ἑαυτοῦ@rpams οὐ@b ἄκαιρος@annns- δέ@b χράω2@vnam-- ὁ@ddns ῥητός@andns- πρός@p ὁ@damp ἔνοχος@anamp- ἁμαρτία@ndfpc καί@cs περί@p ὁ@dgnp θεῖος2@ngnpc διδάσκω@vnpa-- προαιρέω@vpreamp"
"Lc.fr._6","14@ προσφέρω@vmaa2s περί@ndmsp ὁ@dgms καθαρισμός@ngmsc σύ@rpgms εἰ@cs δέ@b βούλομαι@vipe2s ζάω@vppaams χρώς@vppaams ὁ@dams λόγος@namsc λαμβάνω@vmpa2s ὅς@rpgms μή@b πάρειμι1@vppagms ὁ@ddfs ψυχή@ndfsc ὁστισοῦν@b ἐάν@cs γίγνομαι@vsam3s ἀνέγκλητος@annms- ὁ@dnms ἁμαρτάνω@vppanms ἄλογος@ngmsc φέρω@vppanms κατάστασις@nafsc εἰ@cs δέ@x πάρειμι@viia3s λόγος@nnmsc ὑπεύθυνος@annms- τίς@b οὖν@b ὁ@dnns κατά@p ὅλος@angns- ὁ@dgns σῶμα@ngnsc γίγνομαι@vnpe-- ὁ@dafs ἁφή@nafsc μήποτε@b τροπικός@b μανία@ngfsc ἤ1@cs μελαγχολία@ngfsc δηλόω@vipa3s ἤ1@cs ὁ@dafs ἐν@p ὁ@ddfs βρέφος@ngfpc ἡλικία@ndfsc κατάστασις@nafsc μή@b βοηθέω@vppagms γάρ@x τότε@b λόγος@ngmsc μη@b δέ@cs πάρειμι@vppagfs αἴσθησις@ngfsc πᾶς@annns- ὁ@dnns πράσσω@vpapnns ἤ1@cs λέγω3@vpapnns οὐ@b ἁμάρτημα@nnnsc ἀλλά@cs ὅτε@cs πάρειμι@vipa3s αἴσθησις@nnfsc λεκτέος@annns- δέ@b καί@cs οὕτως@b κατά@p δισσός@anams- τρόπος@namsc εὐαρεστέω@vipa1p θεός@ndmsc εἰ@cs γάρ@b ζάω@vipa1p θεός@ndmsc μηδείς@rpnns εἰμί@vmpa3s νεκρός@annns- ἐν@p ἐγώ@rpdcp εἰ@cs ἀποθνήσκω@viaa1p ὁ@ddfs ἁμαρτία@ndfsc μηδείς@nnnsc αὐτός@rpgfs εἰμί@vmpa3s ζάω@vppanms ἐν@p ἐγώ@rpdcp ζάω@vppanmp γάρ@b ἐν@p αὐτός@rpdns ὁ@dafs ἀπό@p ὁ@dgfs ἁμαρτία@ngfsc παραιτέομαι@vspe1p νέκρωσις@nafsc ἀποθνήσκω@vpaanmp δέ@b κόσμος@ndmsc μή@b πρός@p ὁ@danp πάθος@nanpc παλινδρομέω@vsaa1p θνήσκω@vipa1p δέ@b ὁ@ddfs ἁμαρτία@ndfsc νεκρόω@vppanmp ὁ@danp μέλος@nanpc ὁ@danp ἐπί@p ὁ@dgfs γῆ@ngfsc ἀποθνήσκω@vifa1p ὁ@ddfs ἁμαρτία@ndfsc πῶς@b ἔτι@b ζάω@vifa1p αὐτός@rpdfs μολυσμός@nnmsp ἄρα@b καί@b ἄν@cs ἐπί@p μικρός@anans- γίγνομαι@vsam3s καί@cs κατά@p νόμος@namsc ἀκάθαρτος@anams- ὥσπερ@cs καθαρός@anans- ὁ@dnns ὁ@dgfs ἁμαρτία@ngfsc θνήσκω@vnra-- καθόλου@b μικρός@ananp- γάρ@b φημί@vipa3s βλάβη@nnfsp ὅλος@annns- ὁ@dans ζυμόω@vipa3s τις@nnmpp δέ@b ἀκάθαρτος@anafs- νεκρότης@nafsc ὁ@dafs ἀπό@p κακία@ngfsc εἶπον@viaa3p διάθεσις@ngfsc οἶος@rpans ἐκ@p ἀκολασία@ngfsc ἤ1@cs ἀδικία@ngfsc καθαρός@anafs- δέ@b ὁ@dafs μή@b διακρίνω@vppaafs τις@rpans σωματικός@anafs- ὁ@dnms μή@cs κατά@p κακία@nafsc γίγνομαι@vsam3s οὐ@b γόμος@annns- ἀλλόφυλος@annns- εἰ@cs μή@b ἐκ@p ἀσέλγεια@ngfsc οὐ@b βρῶμα@nnnsc εἰ@cs μή@b ἐκ@p ἀκρασία@ngfsc οὐ@b ἐργασία@nafsc σαββατικός@anafs- εἰ@cs μή@cs ὁ@dafs ἐπί@p κέρδος@ndnsc κατά@p δέ@b τις@anafp- πόλις@nafsc ὁ@dams ὁλόλεπρος@namsc ὁ@dnms νόμος@nnmsc καθαρίζω@vipa3s δείκνυμι@vppanms ὡς@cs ὁ@dnms θεός@nnmsc ὁ@dans ποικίλος@anans- μισέω@vipa3s σαφής@anansc δέ@b προέρχομαι@vppanms οὗτος@rpans δηλόω@vipa3s ἐν@p ὁ@ddns ὁ@anams- ἀμπελών@namsc σύ@rpgcs οὐ@b καταστρέφω@vipa2s καί@cs ἱμάτιον@nansc ἐκ@p δύο@ ὑφαίνω@vpreans κίβδηλος@anans- καί@b ὁ@danp κτῆνος@nanpc σύ@rpgms οὐ@b κατοχεύω@vifa2s ἑτερόζυγος@andms- πανταχοῦ@b προτιμάω@vppanms ὁ@dafs ἁπλότης@nafsc ὅστις@rpnfs ἐν@p ὁ@ddms ὁλόλεπρος@ndmsc θεωρέω@vipe3s"
"Lc.fr._7","27@b >καί@cs μετά@p οὗτος@rpanp ἐξέρχομαι@viaa3s καί@cs θεάομαι@viam3s τελώνης@nafsc ἐξέρχομαι@viaa3s οὖν@b φημί@vipa3s >καί@cs θεάομαι@viam3s τελώνης@nafsc καλέω@vppeams λενίς@nafsp εἰμί@vipa3s δέ@b οὗτος@rpnms ματθαῖος@nnmsp ὁ@dnms εὐαγγελιστής@nnmsc μᾶρκος@nnmsp μέν@b καί@cs λουκᾶς@nnmsp ὁ@dans ὄνομα@nansc αὐτός@rpgms κρύπτω@vipa3p ὁ@ddfs πρότερος@andfs- προσηγορία@ndfsc ὁ@dnms δέ@cs ματθαῖος@nnmsp ὁ@dans ἑαυτοῦ@rpgms φανερός@anans- ποιέω@vipe3s ὄνομα@nansc λέγω3@vppanms θεάομαι@viam3s ματθαῖος@namsp ὁ@dams τελώνης@namsc οὗτος@rpanp δέ@b λέγω3@vipa3s ἵνα@cs ἐγώ@rpnmp θαυμάζω@vpaanmp ὁ@dafs τέχνη@nafsc ὁ@dgms ἰατρεύω@vpaagms αὐτός@rpams θεός@ngmsc πιστεύω@vipa1p εἰς@p αὐτός@rpams ἀκριής@b"
"Lc.fr._8","21@ μακάριος@anvmp- ὁ@dnmp κλαίω@vppanmp νῦν@b ὅτι@cs γελάω@vsaa2p γέλως@namsp ἐπαγγέλλω@vipe3s ὁ@dams ἀπό@p χαρά@ngfsc καί@cs ἱλαρότης@ngfsc ὡς@cs καί@b ἐν@p ὁ@ddms ἰώβ@ndmsp φημί@vipa3s ἀληθινός@anans- στόμα@nansc ἐμπίπλημι@vifa3s γέλως@ngmsc τάχα@b δέ@b διά@p οὗτος@rpans καί@b εἰμί@p ὁ@dgmp πατριαρχής@ngmpc γέλως@nnmsc λέγω3@vipe3s ὁ@dafs θεῖος1@anafs- ἱλαρότης@nafsc σημαίνω@vppagns ὁ@dgns ὄνομα@ngnsc"
"Lc.fr._9","43@cs οὐ@b γάρ@b εἰμί@vipa3s δένδρον@nnnsc καλός@anams- ποιόω@vnpa-- καρπός@namsc σαπρός@anams- δένδρον@namsc ἄγαθος@anams- ὁ@dnns πνεῦμα@nnnsc ὁ@dnns ἅγιος@annns- δένδρον@nnnsc πονηρός@anams- ὁ@dnms διάβολος@annms- καί@cs ὁ@dnmp οὗτος@ngmsc ὑπηρέτης@nnmpc ὁ@dnms οὖν@b ἔχω@vppanms ὁ@dans πνεῦμα@nansc ὁ@dans ἅγιος@anans- ὁ@damp οὗτος@rpgms καρτός@nampp ἐπιδιέννυμι@vipe3s ὅς@rpamp ἀπαριθμέω@vipe3s ὁ@dnms ἀπόστολος@nnmsc λέγω3@vppanms ὁ@dnms καρπός@nnmsc ὁ@dgns πνεῦμα@ngnsc εἰμί@vipa3s ἀγάπη@nnfsc χαρά@nnfsc εἰρήνη@nnfsc μακροθυμία@nnfsc χρηστότης@nnfsc ἀγαθωσύνη@nnfsc πίστις@nnfsp πραότης@nnfsc ἐγκράτεια@nnfsc ὁ@dnms δέ@b δύναμις@nafsc ἀντικείμενος@vppeafs ἔχω@vppanms ὁ@angfs- ἀτιμία@ngfsc ὁ@danp πάθος@nanpc ἄκανθα@nafpc καί@cs τρίβολος@nampc καρποφορέω@vipa3s"
"Lc.fr._10","7@ 37@n---c >καί@cs ἰδού@b γυνή@nnfsc ὅστις@rpnfs εἰμί@viia3s ἐν@p ὁ@ddfs πόλις@ndfsc ἁμαρτωλός@annms- ὁ@dnfs μέν@b οὖν@b τέλειος@annfsc ψυχή@nnfsc καλός@b λατρεύω@vpaanfs ὁ@ddms λόγος@ndmsc ὁ@dgms θεός@ngmsc παρρησία@anafs- ἔχω@vipa3s ἐπί@p αὐτός@rpafs ἔρχομαι@vnaa-- κεφαλή@nafsc κεφαλή@nnfsc δέ@b χριστός@ngmsp ὁ@dnms θεός@nnmsc ὤστε@cs καταχέω@vnaa-- μύρον@nansc αὐτός@rpgfs καί@cs εὐωδία@nafsc ὁ@ddfs δόξα@ndfsc ὁ@dgms θεός@ngmsc περιοιάω@vnaa-- δοξάζω@vipe3s γάρ@b ὁ@dnms θεός@nnmsc διά@p ὁ@dgfs εὐωδία@ngfsc ὁ@dgms βίος@ngmsc ὁ@dgmp δίκαιος@angmp- ὁ@dnfs δέ@b ἀτελεής@annfsc γνής@nnfsp καί@cs ψυχή@nnfsc περί@p ὁ@damp πούς@nampc καί@cs ὁ@danp ταπεινός@ananpc στρέφω@vipe3s εἰμί@b ἐγγύς@b εἰμί@vipa1p ἐγώ@rpnmp οὐ@b δέ@cs γάρ@b πούς@nampc καί@cs ἀπό@p ὁ@dgnp ἁμάρτημα@ngnpc ἐγώ@rpgcp ποῦ@b ἐγώ@rpgmp ὁ@dnnp δάκρυον@nnnpc ποῦ@b ὁ@dnms κλαυθμός@nnmsc ἵνα@cs κἀν@x παρά@p ὁ@damp πούς@nampc ἰησοῦς@ngmsp ἔρχομαι@vnaa-- δύναμαι@vsap1p ἐπί@p αὐτός@anafs- γάρ@b οὔπω@b δύναμαι@vipe1p φθάνω@vnaa-- ὁ@dafs κεφαλή@nafsc ἀγαπητός@annns- δέ@b μετά@p ὁ@danp ἁμάρτημα@nanpc φέρω@vnpa-- μετάνοια@ngfsc εὐωδία@nafsc ἵνα@cs τις@rpncs δύναμαι@vsap3s ὁ@dnfs δεύτερος@annfs- εἰμί@vnpa-- ὁ@dnfs ὁ@damp πούς@nampc ἀλείφω@vppanfs ἀλλά@cs μή@b ὁ@dafs κεφαλή@nafsc οὗτος@rpnns εἰμί@vipa3s ὁ@dnfs μή@b ἅπτω@vppenfs ὁ@dgnp τέλειος@angnpc καί@cs ὕφαλος@angmpc ἀλλά@cs ὁ@dgfp ἄκρον@angmp- καί@cs τελευταῖος@angmp-"
"Lc.fr._11","16@b οὐδείς@rpnms δέ@b λύχνος@namsc ἄφας@anamp- καλύπτω@vipa3s αὐτός@rpams σκεῦος@vipa3s οὐ@b περί@p αἰσθητός@angms- λύχνος@ngmsc ἀλλά@cs νοητός@ngmsc οὗτος@rpnnp λέγω3@vipe3s οὐ@b ἄν@b γάρ@b οὗτος@rpams ἄφας@ngfsc τις@rpnms καλύπτω@vnaa-- σκεῦος@vipe2s ἤ1@cs ὑποκάτω@p κλίνη@ngfsc τίθημι@voaa3s ἀλλά@cs ἐπί@p ὁ@dgfs ἐν@p αὐτός@rpdms λυχνία@ngfsc εἰμί@nnfsp δέ@x ἄν@x σκεῦος@nanpc μέν@x οἰκία@voaa3s αί@nnfpc ὁ@dgfs ψυχή@ngfsc δύναμις@nafpc ίνη@rpnfs δέ@b ὁ@dans σῶμα@nansc εἰσπορεύω@vppenmp δέ@b ὁ@dnmp ἀκροατής@nnmpc ὁ@dgms μεταδίδωμι@vppagms λυχνία@nnfsp δέ@b ὁ@dans ἡγεμονικός@anans- τόπος@nnmsc εἰμί@vppanfs ὁ@dgms λόγος@ngmsc ἤγουν@viia3p ὁ@dans στόμα@nansc ἡνίκα@cs τις@nansp αὐτός@rpans ἀνοίγνυμι@vifa3s λόγος@ndmsc θεός@ngmsc κατά@p ἑκάτερος@anans- γάρ@b ὁράω@vifm3p ὁ@dans φάος@nansc ὁ@dnmp πρός@p θεός@namsp ὁ@dafs εἴσοδος@nafsc ποιέω@vppenmp ἄνθρωπος@nnmpc φάος@nansc δέ@b ἐάν@cs φωτίζω@viaa3s ἑαυτοῦ@rpdms γνῶσις@vsaa3p ὅς@dnms γε@b μήν@b βούλομαι@vppenms ὁ@dams λύχνος@namsc ἐπιτίθημι@vnpa-- ὁ@ddnp τέλειος@andmps ὁ@dgmp ὁ@dgms ἰησοῦς@ngmsc μαθητής@ngmpc δυσωπέω@vifa3s ἐγώ@rpamp αὐτός@rpans ὁ@dgnp περί@p ἰώαννης@ngmsp ἐρῶ@vpregnp ὅτι@cs ἐκεῖνος@rpnms εἰμί@viia3s ὁ@dnms λύχνος@nnmsc ὁ@dnms καίω@vppenms καί@b ὁ@dams ἐν@p ἕκαστος@andms- νόος@namsc ἀλλά@cs καί@cs ὁ@dnns εἰμί@vmpa3p σύ@rpgmp ὁ@dnmp λύχνος@nnmpc καίω@vppenmp πρός@p πᾶς@anamp- ἐρῶ@nnmpc ὁ@damp μαθητής@nampc ὁ@dgms ἰησοῦς@ngmsp οὐ@b δεῖ@vipa3s τοίνυν@b ὁ@dams ἄφαντος@namsc λύχνος@namsc ἐν@p φυχή@ndfsc λογικός@anams- κρύπτω@vnpa-- αὐτός@rpams ἀλλά@cs ἐπιτίθημι@vnpa-- λυχνίς@ndfsc εἰμί@rpnms σύμβολον@namsc μωῦσῆς@ngfsp ἀποτίθημι@viam3s ἐν@p ὁ@ddfs σκηνή@ndfsc ὁ@dgns μαρτύριον@ngnsc μοδίῳον@ndnsp μέν@b γάρ@b σιτομετρέω@vmpe3p ὑπό@p ὁ@dgms πιστός@angms- καί@cs φρόνιμος@angms- οἰκέτης@ngmsc ὁ@dnmp σύνδουλος@nnmpc βλέπω@vmpa3p δέ@b ὁ@dafp αὐγή@nafpc ὁ@dgms πιστός@angms- καί@cs φρόνιμος@angms- οἰκέτης@ngmsc ὁ@dnmp σύνδουλος@nnmpc βλέπω@vmpa3p δέ@cs ὁ@dafp αὐγή@nafpc ὁ@dgms λύγνος@ngmsc ἐπίκειμαι@vpregms τῆ@dafs λυχνία@nafsc ἤγουν@viia3p τῆ@dafs εκκληςία@nafsc πᾶς@annmp- ἀλλά@cs οὐ@b δέ@cs ὑπό@p ὁ@dafs κλίνη@nafsc τίθημι@vipa3p ὁ@dams λύχνος@namsc ἔνθα@b τις@rpnms ἀναπαύω@vipe3s οὐ@b δέ@cs ἄλλος@rpgns τις@rpgns >σκεύος@ngnsc ὑποκάτω@b οὗτος@rpans γάρ@b ὁ@dnms ποιέω@vppanms οὐ@b προνοοῦμαι@vipe3s ὁ@dgmp εἰσπορεύω@vppegmp εἰς@p ὁ@dafs οἰκία@nafsc ὅς@rpdmp δεῖ@vipa3s τίθημι@vnpe-- ὁ@dams λύχνος@namsc ὁ@dnmp ὁ@ddms ἀληθινός@andms- φώς@ndmsc καί@b λόγος@ndmsc ὁ@ddms λαμπρός@andms- καί@cs ὁ@ddfp ἀκτίς@ndfpc ὁ@dgfs σοφία@ngfsc ἀνάάπτω@vppanmp ὁ@dams ἐν@p αὐτός@rpdmp νόος@namsc φύσις@nafsc ἔχω@vppaams κατά@p ὅς@rpafs κατασκευάζω@viaa3s αὐτός@rpams ὁ@dnms δημιουργός@nnmsp λύχνος@ngmsc δέω2@vipe3p ὁ@dgfs ἀπό@p ὁ@dgms λόγος@ngmsc καί@b σοφία@ngfsc καί@cs ὁ@dgfs ἀλήθεια@ngfsc ὁ@dgms ἀληθινός@angms- φώς@ngmsc ἀνάψις@ngfsc καί@b νομιστέος@annns- ὁ@dafs εἰμί@vmpa3p σύ@rpgmp ὁ@dnmp λύχνος@nnmpc καίω@vppenmp ἐντολή@nafsc πληρόω@vnpe-- ὑπό@p ὁ@dgmp προνοέω@vppegmp γείνομαι@vnpa-- ἐν@p τῆ@dafs φυχή@nafsc ὁ@dams νόος@namsc διορατικός@anamss καί@cs μετέχω@vppaams ὁ@dgns εἶπον@vpaagms ἐγώ@rpncs φάος@nansc εἰς@p ὁ@dams κόσμος@namsc ἔρχομαι@vira1s ὁ@dnmp γάρ@b καίω@vppanmp ὁ@dams λύχνος@namsc καί@cs τίθημι@vppanmp ἐπί@p ὁ@dafs λθχνία@nafsc ἵνα@cs ἔμπη@vspa3s πᾶς@andmp- ὁ@ddmp ἐν@p ὁ@ddfs οἰχία@ndfsc προτρέπω@vifm3p καί@cs ὁ@damp ἐν@p ὁ@ddfs οἰκία@ndfsc βλέπω@vppaamp ὁ@dafs ὁ@dgms λύχνος@ngmsc λαμπρότης@nafsc καί@cs αὐτός@rpamp καίω@vnpa-- ὁ@dafs ἑαυτοῦ@rpgmp λυχνία@nafsc"
"Lc.fr._12","τάχα@nafsp δέ@b >λύχνος@namsc ἑαυτοῦ@rpams καλέω@vipa3s ὁ@dnms κύριος@nnmsc πᾶς@andmp- λάμπω@vppaams ὁ@ddmp ἐν@p ὁ@ddfs οἰκία@ndfsc οἰκονομία@nafsc γίγνομαι@vpamnms οἶος@ananp- δή@b φάος@nansc κατά@p οὐσία@nafsc λύχνος@ngmsc δίκη@nafsc ἀπερίγραφος@b διά@p μέσος@angfs- φυχή@ngfsc ὡς@cs διά@p μνασπίς@ngfsc πῦρ@nansc ὁ@ddns ὁ@dgfs σάρξ@ngfsc ὁστράκος@ndmsc κρατέω@vppenms >λυχνία@nafsc δέ@b ὀνομάζω@vipa3s ὁ@dafs ἅγιος@anafs- ἐκκλησία@nafsc ἐπί@p εἰμί@angns- τῷ@ngmsp κήρυγμα@ndnsc λάμπων@vppanms ὁ@dnms ὁ@dgms θεός@ngmsc λόγος@nnmsc πᾶς@anamp- ὁ@damp ἐν@p ὅδε@andms- ὁ@ddms κόσμος@ndmsc ὡς@b ἐν@p οἰκία@ndfsc τις@andfs- τυγχάνω@vppaamp καταφωτίζω@vipa3s ὁ@ddfp ἀκτίς@ndfpc ὁ@dgfs ἀλήθεια@ngfsc ὁ@dafp πᾶς@angmp- διάνοια@nafpc θεῖος1@angfs- πληρόω@vppanms ἐπίγνωσις@ngfsc >μόδιος@namsc δέ@b συμβολικός@vpranms καλέω@vira3s ὁ@dafs συναγωγή@nafsc ὁ@dgmp ἰουδαῖος@ngmpp καί@cs ὁ@dafs σωματικός@anafs- ὁ@dgms νόμος@ngmsc λατρεία@nafsc ὁ@dgmp πάλαι@b ἐν@p ὁ@ddns γράμμα@ndnsc σύμβολον@ngmpc παντελής@b ἀδιάγνωστος@anans- ἔχω@vppaafs ὁ@dans φάος@nansc ὁ@dgfs ἐν@p νόημα@ndnpc ἀληθής@angfs- ἐπίγνωσις@ngfsc ὑπό@p ὅς@rpams μόδιος@namsc κρατέω@vnpe-- ὁ@dnms λόγος@nnmsc οὐ@b βούλομαι@vipe3s ὁ@ddns ὕφειμι@ndnsc ἐπίκειμαι@vnpe-- ἐθέλω@vppanms καί@cs ὁ@ddns μέγεθος@ndnsc ὁ@dgns κάλλος@ngnsc ὁ@dgfs ἐκκλησία@ngfsc"
"Lc.fr._13","ὅς@dnms γε@b μήν@b βούλομαι@vppenms ὁ@dams λύχνος@namsc ἐπιτίθημι@vnpa-- ὁ@ddmp ὁ@dgfs ἐκκλησία@ngfsc πᾶς@nnmsp γάρ@b ἄν@b ὁ@ddns γράμμα@ndnsc ὁ@dgms γόμος@ngmsc καθά@cs μοδίῳον@ndnsc κρατέω@vppenms στερέω@viaa3s φώς@ngmsc ἀΐδιος@angms- μή@b δίδωμι@vppanms θεωρία@nafsc πνευματικός@anafs- ὁ@ddmp ὁ@dafs αἴσθησις@nafsc ὡς@b ἀπατηλός@nafsc ἐκδύω@vnam-- σπεύδω@vppadmp ἀλλά@cs ἐπί@p ὁ@dafs λυχνία@nafsc τίθημι@vipe3s λέγω@nampc δέ@b ὁ@dafs ἐκκλησία@nafsc ἤγουν@viia3p ὁ@dafs ἐν@p πνεῦμα@ndnsc λογικός@anafs- λα@ -@nafsc τρεῖος@nafsc ἵνα@cs πᾶς@anamp- φωτίζω@vsaa3s διδάσκω@vppanms ὁ@damp ἐν@p πᾶς@andms- ὁ@ddms κόσμος@ndmsc λόγος@ndmsc ζάω@vnpa-- μόνος@andns- καί@cs πολιτεύω@vnpe-- μή@b τοίνυν@b ὁ@dams θεῖος1@anams- λύχνος@namsc ἤγουν@viia3p ὁ@dams φωτιστικός@anams- λόγος@namsc ἀνάπτω@vppanmp διά@p θεωρία@ngfsc καί@cs πρᾶξις@ngfsc ὑπό@p μόδιος@nansc τίθημι@vsaa1p ἵνα@cs μή@b καταδικάζω@vsaa1p ὡς@cs περιγράφω@vppanmp ὁ@ddns γράμμα@ndnsc ὁ@dafs ὁ@dgfs σοφία@ngfsc ἀπερίληπτος@anafs- δύναμις@nafsc ἀλλά@b ἐπί@p ὁ@dafs λυχνία@nafsc φημί@vipa1s ὁ@dafs ἅγιος@anafs- ἐκκλησία@nafsc ἐν@p ὁ@ddns ὕφειμι@ndnsc ὁ@dgfs ἀληθής@angfs- θεωρία@ngfsc πᾶς@andmp- ὁ@dans φάος@nansc ὁ@dgnp θεῖος2@angnp- δόγμα@ngnpc πυρσεύω@vppaafs ἀλλά@cs περί@p οὗτος@rpgnp καί@b ἐν@p ὁ@ddms ματθαῖος@andms- ἐρῶ@vire3s διό@b καί@b περισσός@namsp ἐνταῦθα@b μηκύνω@vnpa--"
"Lc.fr._14","8@ 39@b ἀποστρέφω@vmpa2s εἰς@p ὁ@dams οἶκος@namsc σύ@rpgcs πέμπω@vmpa2s αὐτός@rpams εἰς@p ὁ@dams οἶκος@namsc αὐτός@rpgms οὐ@b γάρ@b τοσοῦτος@annns- μέτρον@nansc δύναμις@ngfsc εἰμί@vopa3p δέ@cs ἄν@b τις@annmp- ὁ@dgns τοιοῦτος@rpgns ἀκροατής@nnmpc καί@cs μαθητής@nnmpc πλείων@ananpc μέν@b οὐ@b ὁ@dafs ἰησοῦς@ngmsp παρουσία@nafsc οὐ@b χωρέω@vppagmp οὐ@b δέ@cs ἥσσων@anansc προνοέω@viam3s ὁ@dgfs χωρέω@vpaagms ἐκ@p ὀλίγος@angnp- δέ@cs ὅς@rpgnp λαμβάνω@vira3s κηρύσσω@vppagms ἀναφέρω@vopa2s δέ@b ἄν@b ὁ@dams λόγος@namsc καί@b ἐπί@p ὁ@dafs ἄνθρωπος@ngmsc φύσις@nafsc ὁ@dgms ἔξω@p ἰσραήλ@ngmsp διά@p ὅς@rpams καταπλέω@vipa3s ἰησοῦς@nampp ἐπί@p ὁ@dafs χώρα@nafsc ὁ@dgmp γεργεσηνός@ngmpp καί@cs πρός@p ὅς@rpams ἔξειμι2@vipa3p ἰησοῦς@nampp ἐπί@p ὁ@dafs γῆ@nafsc ἱμάτιον@namsc δέ@b φημί@vipa3s οὐ@b ἐνδύω@viie3s ὁ@dnms ἄνθρωπος@nnmsc οὐ@b ἐνδύω@viam3s γάρ@b ὁ@dnns καλύπτω@vppanns αὐτός@rpgms ὁ@dafs ἀσχημοσύνη@nafsc >καί@b ἐν@p οἶκος@ndmsc οὐ@b μένω@viia3s οὐ@b γάρ@b εἰμί@viia3s ὡς@cs ἰακὼβ@nnmsp ἄνθρωπος@nnmsc ἄπλαστος@annms- οἰκέω@vppanms οἰκία@nafsc διό@b καί@b οὗτος@rpams αὐτός@rpams ἀπολύω@viaa3s λέγω3@vppanms ὑποστρέφω@vmpa2s εἰς@p ὁ@dams σύ@rpgcs καί@b ἐν@p ὁ@ddnp μνῆμα@ndnpc μένω@viia3s οὐ@b μετά@p ὁ@dgmp ζάω@vppagmp μετά@p νεκρός@ngmpc δέ@x εἰμί@rpafs δέ@b φημί@vipa3s αἰδέλη@nnfsc χοῖρος@ngmpc ἱκανός@angmp- βόσκω@vppenfs ἐν@p ὁ@ddms ὁρίζω@ndnsc μήποτε@b δέ@b χοῖρος@nnmpc οὐ@b βόσκω@vipe3p ἐν@p ὁ@ddns ὄρος@ndnsc πῶς@b οὖν@b κατά@p ὁ@dgms κρημνός@ngmsc ὁρμάω@viaa3s ὁ@dnfs ἀγέλη@nnfsc μήποτε@b οὖν@b ὁ@dnmp φιλήδονος@annmp- καί@cs γαστήρ@ndfsc καί@cs ὁ@ddmp ὑπό@p γαστήρ@nafsc φίλος@annmp- ὅπου@b ὁ@dnnp μνημεῖον@annnp- καί@cs πλησίος@b ὁ@dgms λεγεών@ngmsc ὁ@dgmp δαίμων@ngfpc βόσκω@vipe3p ἀγαθότης@ndfsp δέ@b ἰησοῦς@ngfsp ὁ@dafs ζωή@nafsc ὁ@dgmp χοῖρος@ngmpc ἀφανίζω@vipa3s ἐν@p ὁ@ddns ὕδωρ@ndnsc καί@cs ὁ@dgnp φιλήδονος@angnp- καί@cs φιλόσωμα@angnp- κακός@angnp- ἐμποδίζω@vipa3s ὁ@ddfs ἀναπνοή@ndfsc διά@p δαίμων@ngmpc τάχα@b καί@cs σωφρονέω@vipa3s ὁ@dnms τοιοῦτος@annms- εἰ@cs τις@rpnms δέ@b σωφρονέω@vipa3s παρά@p ὁ@ddns ἰησοῦς@ngmsp εἰμί@vipa3s ἀλλά@cs ὁ@dnms ἄρχω@vppenms σωφρονέω@vnpa-- παρά@p ὁ@damp πούς@nampc αὐτός@rpgms"
"Lc.fr._15","8@ 41@ >καί@cs ἰδού@b ἔρχομαι@viaa3s ἀνήρ@nnmsc ὅς@rpdms ὄνομα@nnnsc ἰάειρος@nnmsp πλήν@nafsp ἀλλά@cs τοιοῦτος@rpnfs μέν@b ὁ@dnfs ὁ@dgns θαῦμα@ngnsc ἱστορία@nnfsc χρή@vipa3s δέ@b ἴσως@b καί@cs ἰσχνός@anansc αὐτός@rpafs θεωρέω@vnaa-- καί@cs ὑψηλός@anansc ὁ@dnmp μέν@b οὖν@b ἁπλούστερος@annmpc καί@cs ἀκέραιος@annmpc θαυμάζω@vmpa3p ὁ@danp μεγαλεῖον@ananp- ὁ@dgms ὁ@dgms θεός@ngmsc οὗτος@ananp- οἰκοδομέω@vipa3s γάρ@b καί@cs σωματικός@b νοέω@vppennp ὁ@dnmp δέ@b δύναμαι@vppenmp διαβαίνω@vnpa-- ἐπί@p ὁ@dans βλέπω@vnpa-- ὅτι@cs καί@b οὗτος@rpnnp τυπικός@b συμβαίνω@viia3s ἐκεῖνος@rpdmp γράφω@viap3s δέ@b διά@p εὔχομαι@vpamnmp ὁ@ddms θεός@ndmsc αἰτέω@vifa1p μεν@vipa1p λόγος@namsc ἔρχομαι@vnaa-- ὁ@dams σαφηνίζω@vppaams καί@cs οὗτος@rpanp πῶς@b ὁ@dnms ἰησοῦς@nnmsp πρός@p ὁ@dafs νεᾶνις@angms- θυγάτηρ@nafsc προηγέομαι@b ἄπειμι@viia3s οὐ@b πρός@p ὁ@dafs αἱμοῤῥοέω@vppaafs καί@cs ἐν@p ὁ@ddfs ὁδός@ndfsc αὐτός@rpdms ἀπαντάω@vppaafs καί@cs ὅτι@cs προηγέομαι@b ἄπειμι1@vppagms αὐτός@rpgms πρός@p ἐκεῖνος@rpafs πρῶτος@annfs- οὗτος@rpnfs θεραπεύω@vipe3s ἔρχομαι@viaa3s γάρ@b ὁ@dnms υἱός@nnmsc ὁ@dgms θεός@ngmsc προηγέομαι@b μέν@b πρός@p ὁ@dafs ὁ@dgms νεᾶνις@ngmsc θυγάτηρ@nafsc ὁ@dafs ὁ@dgmp ἰουδαῖος@ngmpp συναγωγή@nafsc καί@cs εὑρίσκω@viaa3s αὐτός@rpafs νοσέω@vppaafs καί@cs ἀποθνήσκω@vpaaafs ὁ@dnnp γάρ@b πταῖσμα@nnnpc ὁ@dgms ἰσραήλ@ngmsp ποιέω@vira3s αὐτός@rpafs ἀποθνήσκω@vnaa-- ὁ@dnfs δέ@b αἱμοῤῥοέω@vppanfs ὁ@dnfs ἐν@p ὁ@ddfs ὁδός@ndfsc ὁ@dnfs ἀκαθαρσία@ngfsc πληρόω@vprenfs ὁ@dnfs ῥέω@vppanfs οὐ@b ἐν@p καιρός@ndmsc ἀφέρος@angms- ἀλλά@cs ἀεί@b αἱμοῤῥοέω@vppanfs καί@cs νοσέω@vppanfs ὁ@dafs φοινικῆ@anafs- ἁμαρτία@nafsc ὁ@dnfs ἐκ@p ἔθνος@ngnpc ἐκκλησία@nnfsc οὗτος@rpnfs πρό@p ἐκεῖνος@rpgfs πιστεύω@vipa3s ὁ@ddms υἱός@ndmsc ὁ@dgms θεός@ngmsc καί@cs ἐκεῖ@b μέν@b οὗτος@rpnms ἀπέρχομαι@vipe3s οὗτος@rpnfs δέ@b ἀκολουθέω@vppanfs καί@b ἄν@b κράσπεδον@ngnsc ὁ@dgns ἱμάτιον@ngnsc αὐτός@rpgms ἅπτω@vnam-- ἐθέλω@vipa3s ὁ@dnms δέ@b λουκᾶς@nnmsp ὅς@rpans μή@b εἶπον@viaa3s ματθαῖος@nnmsp προστίθημι@viaa3s ὅτι@cs δωδεκαετής@annfs- εἰμί@viia3s ὁ@dnfs ὁ@dgms νεᾶνις@ngmsc θυγάτηρ@nnfsc καί@cs ὁ@dnfs αἱμοῤῥοέω@vppanfs δώδεκα@an---- ἔτος@nanpc ἔχω@viia3s αἱμοῤῥοέω@vppanfs οὐκοῦν@b ἅμα@p ὁ@ddfs γένεσις@ndfsc ἐκεῖνος@rpgfs οὗτος@rpnfs αἱμοῤῥοέω@vipa3s ἐν@p ἀπείθεια@ndfsc γάρ@b εἰμί@vipa3s ἐκεῖνος@rpnfs ὅσος@anams- χρόνος@namsc ζάω@vipa3s ὁ@dnfs συναγωγή@nnfsc καί@cs ὁ@dnms αὐτός@annms- ὅρος@nnmsc ὁ@dgms χρόνος@ngmsc ὁ@dgns τέλος@ngnsc ἐκεῖνος@angfs- καί@cs ὁ@dgfs ἀρχή@ngfsc ὁ@dgfs σωτηρία@ngfsc οὗτος@angfs- εἰμί@vipa3s δώδεκα@an---- γάρ@b ἔτος@ngnpc ἐκεῖνος@rpnfs ἀποθνήσκω@vipa3s καί@cs δώδεκα@an---- ἔτος@ngnpc ὁ@dgns πάθος@ngnsc οὗτος@rpnfs πιστεύω@vpaanfs θεραπεύω@vipe3s ὅστις@rpnfs οὐ@b ἰσχύω@viaa3s ὑπό@p ὁ@dgmp ἰατρός@ngmpc θεραπεύω@vnap-- πολύς@annmp- γάρ@b ἰατρός@nnmpc ὁ@damp ἀπό@p ὁ@dgnp ἔθνος@ngnpc ὑπισχνέομαι@viam3p θεραπεύω@vnaa-- ἐάν@cs εἶδον@vsaa2s ὁ@damp φιλοσοφέω@vppaamp ἐπαγγέλλω@vppeamp ἀλήθεια@nafsc ἰατρός@nnmpc εἰμί@vipa3p θεραπεύω@vnaa-- πειράω@vppenmp ἀλλά@cs οὗτος@rpnfs δαπανάω@vpaanfs ὁ@danp παρά@p ἑαυτοῦ@rpgfs πᾶς@ananp- οὐ@b ἰσχύω@viaa3p ὑπό@p οὐδείς@rpgms ὁ@dgmp ἰατρός@ngmpc θεραπεύω@vnap-- ἅπτω@vpamnfs δέ@b ὁ@dgns κράσπεδον@ngnsc ἰησοῦς@angms- ὁ@dgms μόνος@angms- ψυχή@ngfpc καί@cs σῶμα@ngnpc ἰατρός@ngmsc διά@p ὁ@dgfs ἔμπυρος@angfs- καί@cs θερμός@angfs- πίστις@ngfsc θεραπεύω@viap3s παραχρῆμα@b ἐάν@cs εἶδον@vsaa1p ὁ@dafs πίστις@nafsc ἐγώ@rpgmp ὁ@dafs εἰς@p χριστός@namsp ἰησοῦς@namsp καί@cs νοέω@vsaa1p πηλίκος@annms- εἰμί@vipa3s ὁ@dnms υἱός@nnmsc ὁ@dgms θεός@ngmsc καί@cs τις@rpgns ἅπτω@viam1p αὐτός@rpgms ὁράω@vifm1p ὅτι@cs πρός@p σύγκρισις@nafsc ὁ@dgnp ἐν@p αὐτός@rpdns κράσπεδον@ngnpc κράσπεδον@ngnsc ἅπτω@viam1p ἀλλά@cs ὅμως@b ὁ@dnns κράσπεδον@nnnsc θεραπεύω@vipa3s ἐγώ@rpacp καί@cs ποιέω@vipa3s ἐγώ@rpamp ἀκούω@vnpa-- ἀπό@p ὁ@dgms ἰνσός@ngmsp θυγάτηρ@nvfsc ὁ@dnfs πίστις@nnfsc σύ@rpgcs σῴζω@vira3s σύ@rpams καί@cs ἐάν@cs θεραπεύω@vsap1p καί@b ὁ@dnfs θυγάτηρ@nnfsc ἀνίστημι@vifm3s ὁ@dgms ἀρχισύνογος@ngmsc ὅταν@cs γάρ@b φημί@vipa3s ὁ@annns- πλήρωμα@nnnsc ὁ@dgnp ἔθνος@ngnpc εἰσέρχομαι@vsap3s τότε@b πᾶς@annms- ἰσραήλ@nnmsp σώζω@vifp3s"
"Lc.fr._16","45@ >καί@b λέγω@viaa3s ὁ@dnms ἰησοῦς@nnmsp τις@rpncs ὁ@dnms ἅπτω@vppenms ἐγώ@rpgms καί@cs ὁ@dnmp μέν@b μαθητής@nnfpc ἐφηλόω@viaa3p αὐτός@rpams ὁ@dnfs δέ@b αἱμορροέω@vppanfs οὐ@b αὐτός@b οὐ@b γάρ@b τολμάω@viia3s ἀλλά@cs ὁ@dgns κράσπεδον@ngnsc διά@p εὐλάβεια@nafsc"
"Lc.fr._17","47@ ἀπαγγέλλω@viaa3s ἐνώπιον@b πᾶς@angms- ὁ@dgms λαός@ngmsc ὡς@cs ἰώμενος@viap3s πρότερος@anans- μέν@b οὐ@b τολμάω@viia3s διά@p εὐλάβεια@nafsc ἄντικρυς@b ἀπαντάω@vppanms καί@b περί@p θεραπεία@ngfsp ἀξιόω@vnpa-- ζητέω@vppenfs δέ@cs ἀπαντάω@vipa3s πρεπόντως@b ἔμφοβος@annfs- τε@b καί@b εὐλαβής@annfs- καί@cs ὁ@dans σέβας@nansc ἁρμόζω@anans- προσφέρω@vppanfs καί@b ὁ@dafs ὁμολογία@nafsc ὁ@dgfs ἴασις@ngfsc εἰς@p ἐμφανής@anans- πᾶς@andmp- ποιέω@vipe3s οὐ@b ὁ@ddms πᾶς@ananp- οἶδα@vpradms ἀλλά@cs ὁ@ddmp ἀγνοέω@vppadmp ὅτι@cs γιγνώσκω@viaa3s ὁ@ddns σῶμα@ndnsc ὅτι@cs ἰάομαι@vspe3s ἀπό@p ὁ@dgfs μάστιξ@ngfsc μάστιξ@nnfsp γάρ@b εἰμί@viia3s ὁ@dnfs αἱμύλος@nnfsc οὕτως@b ἐρῶ@vifa2s καί@b ὁ@danp ἄλλος@rpanp πάθος@nanpc ὁ@danp πνευματικός@ananp- μάστιξ@nafpc εἰμί@vnpa-- θεός@ngmsc διά@p ὁ@dgnp τοιοῦτος@rpgnp ὁ@damp ἄξιος@anamp- ὁ@dgfs ἑαυτοῦ@rpgns παιδεία@ngfsc μαστιγόω@vppagms μαστιγώ@vipa3s δέ@cs πᾶς@anams- υἱός@namsc ὅς@rpams παραδέχομαι@vipe3s διό@b λέγω3@viia3s ὁ@ddms παραλυτικός@andms- καί@cs αὐτός@rpams μάστιξ@nnmsc ἀπολύω@vpaanms >εἶδον@ ὑγιής@annms- γίγνομαι@vira2s μηκέτι@b ἁμαρτάνω@vmpa2s ἴνα@cs μή@b χείρων@anansc τις@rpnns σύ@rpdcs γίγνομαι@vsam3s καί@b ἐνταῦθα@b δέ@b ὅς@rpafs ἐκ@p ὁ@dgfs ἐαφή@ngfsc λαμβάνω@viaa3s ὁ@dnfs γυνή@nnfsc θεραπεία@nafsc οὗτος@rpafs καί@b διά@p ὁ@dgms λόγος@ngmsc βεβαιόω@viaa3s ὁ@dnms σωτήρ@nnmsc εἶπον@vpaanms πορεύω@vmpe2s εἰς@p λέγω@nafsc καί@b οἶδα@vmpa2s ὑγιής@annms- ἀπό@p ὁ@dgfs μάστιξ@ngfsc σύ@rpgcs καί@cs ὑγίαινα@vmpa2s πρῶτος@b ὁ@ddfs πίστις@ndfsc ὁ@dafs ψυχή@nafsc εἶτα@b δέ@b καί@b ὁ@dans σῶμα@nansc"
"Lc.fr._18","2@b ἀποστέλλω@viaa3s αὐτός@rpamp κηρύσσω@vnpa-- ὁ@dafs βασιλεία@nafsc ὁ@dgms θεός@ngmsc ἆρα@b πρό@p οὗτος@rpgnp πέμπω@vppanms ὁ@damp δώδεκα@an---- εἰς@p ὁ@dans κηρύσσω@vnpa-- κωλύω@viaa3s ὁμολογέω@vnpa-- αὐτός@rpams εἰμί@vnpa-- ὁ@dams χριστός@namsp εἰμί@vipa3s οὖν@b εἶπον@vnaa-- ὅτι@cs κατηχέω@vnaa-- πρότερος@anans- ἀμαυρός@anansc ἐθέλω@viaa3s ὁ@damp παρά@p ὁ@dgmp ἀπόστολος@ngmpc ἀκούω@vpfmamp ὁ@dans χριστός@ngmsp ὄνομα@nansc εἶτα@cs ἐάω@vnaa-- οὗτος@rpans οἱονεί@b φύω@vnap-- ἐν@p ὁ@ddfp δύναμαι@ndfpc ὁ@dgmp ἀκούω@vpaagmp ἵνα@cs σιωπή@ngfsc γίγνομαι@vpamgfs ὁ@dgns ὁ@dnns τοιοῦτος@anans- περί@p αὐτός@rpgns κηρύσσω@vnpe-- εὔκαιρος@anansc ἐποικοδομέω@vsap3s ὁ@ddmp προκατηχέω@vpapdmp χριστός@nnmsp ἰησοῦς@angms- σταυρόω@vprenms καί@cs ἐκ@p νεκρός@ngmpc ἐγείρω@vprenms ὅσπερ@rpanp ἐν@p ὁ@ddfp ἀρχή@ndfpc οὐδέ@b αὐτός@annmp- ὁ@dnmp ἀπόστολος@nnmpc οἶδα@vila3p διό@b φημί@vipa3s ἀπό@p τότε@b ἄρχω@viam3s ὁ@dnms ἰησοῦς@nnmsp δείκνυμι@vnpa-- αὐτός@rpdmp ὅτι@cs δεῖ@vipa3s αὐτός@rpams πολύς@ananp- πάσχω@vnaa-- ἀποθνήσκω@vnaa-- τε@b καί@cs ἀνίστημι@vnaa-- οὕτως@b εἰ@cs καί@b καταγιγνώσκω@viie3s οὐ@b τρανόω@vifa3p ὁ@danp κατά@p αὐτός@rpams διό@b νῦν@b σιγάω@vnaa-- ὁ@danp περί@p αὐτός@rpgms κελεύω@vipa3s ἐπιτήδειος@andmsc καιρός@ndmsc τηρέω@vppaamp ὁ@dafs τέλειος@anafsc περί@p αὐτός@rpgms διδασκαλία@nafsc ὅτε@cs δύναμαι@viam3p ὁ@ddmp ὁ@ddmp αὐτός@rpams σταυρούμενος@vppeams μαρτυρέω@vnaa-- περί@p ὁ@dgfs ἐκ@p νεκρός@ngmpc αὐτός@rpgms ἀνάστασις@ngfsc ὁ@dnmp ὁράω@vpranmp αὐτός@rpams ἀνίστημι@vpaaams μαθητής@nnmpc"
"Lc.fr._19","κηρύσσω@vnpa-- ὁ@dafs βασιλεία@nafsc ὁ@dgms θεός@ngmsc καί@cs ἰάομαι@vnpe-- εἰμί@vipa3s τις@rpncs ἁμαρτία@nnfsc ψυχή@ngfsc θάνατος@nnmsc ὅς@rpafs ὁ@dnms ἰώαννης@nnmsp ἁμαρτία@nafsc πρός@p θάνατος@namsc λέγω3@vipa3s καί@cs εἰμί@vipa3s ἁμαρτία@nnfsc ψυχή@ngfsc ἀσθένεια@nnfsc καί@cs εἰμί@vipa3s ἁμαρτία@nnfsc ψυχή@ngfsc ζημία@nnfsc ὡς@cs ἐνταῦθα@b ἐρῶ@vire3s ὁ@dnns ζημιόω@vpapnms καί@cs παρά@p ὁ@ddms ἀπόστολος@ndmsc ὁ@dnns ὅστις@rpgns ὁ@dnns ἔργον@nnnsc κατακαίω@vifm3s ζημιόω@vifp3s οὗτος@rpanp ὠριγένης@ngfsp εἶπον@vpaanms ὁ@dafs διαφορά@nafsc οὐ@b προστίθημι@viaa3s"
"Lc.fr._20","28@b γίγνομαι@viam3s δέ@b μετά@p ὁ@damp λόγος@nampc οὗτος@anamp- ὡσεί@b ἡμέρα@nnfpc ὀκτώ@an---- γίγνομαι@viam3s δέ@cs μετά@p ὁ@damp λόγος@nampc οὗτος@anamp- ὡσεί@b ἡμέρα@nnfpc ὀκτώ@an---- ματθαῖος@nnmsp μέν@b ἕξ@an---- λέγω3@vipa3s μή@b τε@b ὁ@dafs ἡμέρα@nafsc ἐν@p ὅς@rpdfs λέγω3@viap3s μή@b τε@cs ὁ@dafs ἐν@p ὅς@rpdfs μεταβάλλω@viap3s ψηφίζω@vpaanms ἀλλά@cs μόνος@anafp- ὁ@dafp ἕξ@an---- ὁ@dafp μέσος@anafp- οὗτος@rpnms δέ@b ὅλος@anafp- συνάπτω@viaa3s"
"Lc.fr._21","ζητέω@vsaa1p πῶς@b ὁ@dnms μέν@x λουκᾶς@ngfsp φημί@vipa3s γίγνομαι@viam3p δέ@b μετά@p ὁ@damp λόγος@nampc οὗτος@anamp- ὡσεί@b ἡμέρα@nnfpc ὀκτώ@an---- ὁ@dnms δέ@cs μᾶρκος@nnmsp ὡς@b μετά@p ἡμέρα@nafpc ἕξ@ ὅσος@rpans ἐπί@p ὁ@ddns ῥητός@andns- ὁ@ddns γίγνομαι@viam3p ὡσεί@b ἡμέρα@nnfpc ὀκτώ@an---- ὁ@dnms λουκᾶς@nnmsp μετρέω@vipa3s καί@b οὗτος@anafs- ὁ@dafs ἡμέρα@nafsc καί@cs ἐν@p ὅς@rpdfs γίγνομαι@vipe3s μᾶρκος@nnmsp δέ@cs μετρέω@vipa3s ὁ@dafp μέσος@anafp- μόνος@anafp- καί@cs οὐ@b εἰμί@vipa3s διαφωνία@nnfsc πρός@p ὁ@dans ῥητός@anans- ἀλλά@b εἶπον@voaa1s ἄν@b ἀνάγω@vppanms ὁ@dams λόγος@namsc ὅτι@cs οὐ@b εἰκῇ@b ὅς@rpans ἐπαγγέλλω@viam3s ὁ@dnms σωτήρ@nnmsc οὐ@b εὐθύς2@b ἀλλά@cs μετά@p ἡμέρα@nafpc ἕξ@an---- ποιέω@vira3s σύμβολον@nnnsp δέ@b ὁ@dnfp ἕξ@an---- ἡμέρα@nnfpc ὁ@dgfs κοσμοποιία@ngfsc οὗτος@rpnns εἰμί@vipa3s μετά@p ὁ@dams κόσμος@namsc οὗτος@anams- τότε@b γάρ@b ἀναβιβάζω@vipa3s ὁ@dnms ἰησοῦς@nnmsp εἰς@p ὁ@dans ὄρος@nansc ὁ@dans ὑψηλός@anans- ἐάν@cs εἰμί@vspa3s τις@annfs- πέτρος@nnmsp ἤ1@b ἰάκωβος@nnmsp ἤ1@cs ἰώαννης@nnmsp ἄλλος@annms- γάρ@b οὐδείς@rpnms ἀναβαίνω@vipa3s παρά@p ὁ@damp τρεῖς@an---- ἵνα@cs ὁράω@vsaa3s ὁ@dafs μεταμόρφωσις@nafsc ἰησοῦς@ngmsp καί@cs ὁ@damp ὁράω@vpapamp ἐν@p δόξα@ndfsc μωϋσῆς@nafsp καί@cs ἡλίας@nafsp"
"Lc.fr._22","28@b παραλαμβάνω@vpaanms πέτρος@namsp καί@b ἰωόννη@namsp καί@cs ἰόκωβος@namsp ἀναβαίνω@viaa3s ὁ@dnfs ἐν@p ὁ@ddns ὄρος@ndnsc μeταμόρφωσις@nnfsc παραδείκνυμι@vpapnfs ὁ@ddmp μαθητής@ndmpc ὁ@dgfs μέλλω@vppagfs ὁ@dgms σωτήρ@ngmsc δόξα@ngfsc ὑπόδειγμα@nansc δηλόω@viia3s καί@b σωματικός@b ἐπιδείκνυμι@viie3s πρός@p ὁ@dans καί@b ὁ@ddmp θνητός@andmp- αὐτός@rpgmp εἰς@p θέα@nafsc ὑποπίπτω@vnaa-- ὀφθαλμός@ndmpc εἰ@cs καί@b ὁ@dafs ὑπερβολή@nafsc οὐ@b φέρω@viaa3p ὁ@dgfs λαμπρότης@ngfsc καί@cs οὕτως@b ἄκρατος@anafs- καί@cs οὐ@b φορητός@anafs- εἰμί@vppaafs ὁ@ddnp ἡμέτερος@andnp- ὄμμα@ndnpc ὅτι@cs δέ@b ὁ@dnfs ὁ@ddfs οὐσία@ndfsc ὁ@ddfs θεῖος2@andfs- πρέπω@vppanfs δόξα@nnfsc πᾶς@andfs- γενητός@andfs- φύσις@ndfsc ἀθέατος@annfs- εἰμί@vipa3s καί@cs ἀπρόσιτος@annfs- δείκνυμι@viaa3p ὁ@dnmp μαθητής@nnmpc μη@b δέ@b οὗτος@anafs- αὐτός@anafs- ὁ@dafs παραδείκνυμι@vpapafs αὐτός@rpdmp ἐπί@p ὁ@dgns ὄρος@ngnsc σωματιχή@nafsc ὄψις@nafsc δύναμαι@vpapnmp φέρω@vnaa-- ἀλλά@cs καταπίπτω@vpaanmp εἰς@p γῆ@nafsc τότε@b δέ@b τις@rpnms ὁράω@vipa3s ὁ@dams λόγος@namsc μεταμορφόω@vppeams ἔνδοξος@b ὅτε@cs συνάνειμι@vipa3s τε@b αὐτός@rpdms καί@b συνυψόω@vipe3s καί@cs ὁράω@vipa3s αὐτός@rpams ὡς@b αὐτολόγος@anams- καί@cs ὡς@b ἀρχιερεύς@namsc κοινολογέομαι@vppeams καί@cs εὔχομαι@vppeams ὁ@ddms πατήρ@ndmsc ἐπεί@cs δέ@b οὔπω@b τέλειος@b ὁ@dnns σῶμα@nnnsc εἰς@p ἀφθαρσία@nafsc ἀμετάθετος@anans- ἄγω@vpaanms εἰμί@viia3s ὁράω@viap3s μετά@p ὁ@dgnp φθαρτός@angnp- ἱμάτιον@ngnpc λάμπω@vpaanms σύν@p αὐτός@rpdmp ὅταν@cs γάρ@b ἀνίστημι@vsaa3p ὁ@dnmp δίκαιος@annmp- ἐν@p δόξα@ndfsc ἐν@p ὁ@ddfs δεύτερος@andfs- χριστός@ngmsp παρουσία@ndfsc οὐ@b μέλλω@vipa3p ἔχω@vnpa-- ἱμάτιον@nanpc αἰσθητός@ananp- ἀλλά@cs λαμπρός@annfp- τις@annfp- περιβολή@nnfpc περιβάλλω@vifp3p αὐτός@rpdmp ὡς@cs δέ@b ὁ@dnns οὗτος@rpgmp εἶδος@nnnsc οὐ@b γίγνομαι@viam3s ἕτερος@annns- παρά@p ὁ@dans ὁ@dgfs μεταμόρφωσις@ngfsc οὕτως@b ἐν@p ὁ@ddfs ἀνάστασις@ndfsc πολύς@andns- ἔνδοξος@annnsc ὁ@dnns περί@p ὁ@damp ἅγιος@anamp- εἶδος@nnnsc εἰμί@vifm3s παρά@p ὅς@rpans ἔχω@viia3p ἐν@p ὁ@ddms βίος@ndmsc οὗτος@andms- οὐ@b ἕτερος@annns- δέ@cs ὁ@dnmp δέ@b περί@p ἰησύς@nafsp ἔνδοξος@b ὁράω@viap3p ὁ@ddmp μαθητής@ndmpc μωῦσῆς@nnmsp μέν@b ὁ@dgms νόμος@ngmsc ὁ@dans πρόσωπον@nansc δηλόω@vppanms ἡλέης@nnmsp δέ@b ὁ@dgmp προφήτης@ngmpc αὐτός@rpnms γάρ@b εἰμί@viia3s ὁ@dnms νόμος@ngmsc καί@cs προφήτης@ngmpc κύριος@nnmsc ὁ@dnms τοίνυν@b νοέω@vpaanms ὁ@dams πνευματικός@anams- νόμος@namsc καί@cs ὁ@dafs ἐν@p ὁ@ddmp προφήτης@ndmpc ἐν@p μυστήριον@ndnsc ἀποκρύπτω@vpreafs σοφία@nafsc ὁράω@vipa3s μωϋσῆς@namsp καί@cs ἡλίας@nafsp ἐν@p δόξα@ndfsc"
"Lc.fr._23","30@ >καί@cs δού@b ἀνήρ@ndmpc δύο@ συγλαλέω@viia3p αὐτός@rpdfs καί@cs συνομιλέω@vipa3p ἀλλήλων@rpdmp ὅς@rpnns εἰμί@vipa3s σύμφωνος@annnp- ἑαυτοῦ@rpdmp λαλέω@vppadmp ὁ@damp ἐν@p ὁ@ddfs παλαιός@andfs- δέ@b δυνήπτω@viaa3s ὁ@ddmp ἄπλοι@ndmpc παραδείκνυμι@vppanms ὅτι@cs ἐν@p ὁ@ddfs δεύτερος@andfs- παρουσία@ndfsc χριστός@ngmsp πᾶς@annmp- συνάπτω@vifp3p ὁ@dnmp δίκαιος@annmp-"
"Lc.fr._24","33@nvmsc ἐπίσημος@nvmsc καλός@annns- εἰμί@vipa3s ἐγώ@rpamp ὧδε@b εἰμί@vnpa-- ἀέκων@nafpp ὅτι@cs μέλλω@vipa3s πάσχω@vnaa-- ὁ@dnms χριστός@nnmsp καί@cs νομίζω@vpaanms καιρός@namsc εὑρίσκω@vnaa-- ὁ@dgns εἶπον@vnaa-- ὅς@rpnnp οὐ@b ἐθέλω@viia3s γίγνομαι@vnam-- αἰτέω@viia3s ὁ@dams κύριος@namsc ἄνω@b μένω@vnaa-- ἐν@p ὁ@ddns ὄρος@ndnsc διηνεκής@b ἶνα@cs μή@b κατέρχομαι@vpapams εὑρίσκω@vsaa3p αὐτός@rpams ὁ@dnmp ἰουδαῖος@nnmpp καί@cs ἀποκτείνω@vsaa3p ἀγνοέω@vppanms ὁ@danp ἐκ@p ὁ@dgns πάθος@ngnsc καί@cs ὁ@dgfs ἀνάστασις@ngfsc μέλλω@vppaanp εἰμί@vnfm-- πᾶς@andmp- ἀγαθός@ananp- οὗτος@rpanp δέ@b αὐτός@rpgms λέγω3@vppagms ωεφέλη@nnfsc ἐπισκιάζω@viaa3s αὐτός@rpamp ὁ@dans περίεργος@nansc διακόπτω@vppanfs ὁ@dgns ὑπέρ@p δύναμις@nafsc ὁ@dafs ἑαυτοῦ@rpgmp ζητέω@vnpa-- τις@rpans καί@cs διά@p οὗτος@rpgns προδιατυπόω@vppanms ὅτι@cs μέλλω@vipa3p πᾶς@annmp- ὁ@dnmp ἅγιος@annmp- ὁ@dnmp πρό@p ὁ@dgfs ἐπιδημία@ngfsc καί@cs ὁ@dnmp μετά@p ὁ@dafs ἐπιδημία@nafsc ἅμα@b γίγνομαι@vnam-- καί@cs ὅτι@cs εἰς@p ὁ@dafp αὐτός@anafp- σκηνή@nafpc ἀνάγω@vipa3p νόμος@nnmsc καί@cs προφήτης@vipe3s καί@cs εὐαγγέλιον@nnnsc τρεῖς@ μέν@b ἀριθμέω@vppenfp πρός@b ἐν@p δέ@b τέλος@nansc ὁράω@vppanfp λ@n---p αί@dnfp ὅτι@b ἐν@p ὁ@ddfs ἀνάστασις@ndfsc μέλλω@vipa3p ἁπάσσω@vnap-- ἐν@p νεφέλη@ndfpc ὁ@dnmp ἅγιος@annmp- εἰς@p ἀπάντησις@nafsc ὁ@dgms κύριος@ngmsc καί@cs σύν@p αὐτός@rpdms εἰμί@vnpa-- διηνεκής@b"
"Lc.fr._25","36@b >καί@b αὐτός@rpnmp σιωπάω@viaa3p καί@cs οὐδείς@rpdms οὐδέ@rpnms βούλομαι@vipe3s ἰησοῦς@ngfsp λέγω3@vnap-- ὁ@danp ὁ@dgfs δόξα@ngfsc αὐτός@rpgms πρό@p ὁ@dgfs μετά@p ὁ@dans πάθος@nansc αὐτός@rpgms αὐτός@b βλάπτω@viaa3p γάρ@b ἄν@b ὁ@dnmp ἀχεύω@vppanmp καί@cs μάλιστα@b ὁ@dnmp ὄχλος@nnmpc ὁ@dams οὕτως@b τιμάω@vpreams δεωρέω@vppanmp σταυρούμενος@vppeams οὐ@b τοίνυν@b φθονέω@vpaanmp κρύπτω@viaa3p ἀλλά@cs ὡς@b φοβέω@vpapnmp μή@cs ἀπιστέω@vsap3p φημί@vipa3s γάρ@b ὁ@dnms λουκᾶς@nnmsp >καί@cs αὐτός@rpnmp σιωπάω@viaa3p καί@cs οὐδείς@rpdms ἀπαγγέλλω@viaa3p ἐν@p ἐκεῖνος@andfp- ὁ@ddfp ἡμέρα@ndfpc οὐδείς@rpans ὅς@rpgnp ὁράω@vira3p ποτέ@b οὖν@b ἀπαγγέλλω@viaa3p μετά@p ὁ@dafs ἀνάληψις@nafsc μετά@p ὁ@dafs ὁ@dgns πνεῦμα@ngnsc παρουσία@nafsc τότε@b τότε@b γάρ@b πίμπλημι@viap3p παρρησία@ngfsc καί@b πνεῦμα@ngnsp πατηξιόω@viap3p καί@b ὁ@dafs ἀπό@p ὁ@dgnp σημεῖον@ngnpc ἔχω@viia3p φωνή@nafsc συνηγορέω@vppaafs αὐτός@rpdmp καί@cs πᾶς@annnp- ὅσος@ananp- λέγω3@viia3p λοιπός@anans- εὐπαράδεκτος@annnp- εἰμί@viia3s"
"Lc.fr._26","45@ ὁ@dnmp δέ@b ἀγνοέω@viia3p ὁ@dans ῥῆμα@nansc οὗτος@anans- οὗτος@rpans τοίνυν@b φημί@vipa3s εἰ@cs καί@b ἐπί@p ὁ@dgns πάρειμι1@vppagns οὐ@b νοέω@vipa2p ὁ@damp λόγος@nampc οὗτος@anamp- ἐν@p καιρός@ndmsc αὐτός@rpamp νοέω@vifa2p ὁ@dafs ἄγνοια@nafsc ἀποτίθημι@vpamnmp ἐπάν@cs τέλειος@b ἐπιστρέφω@vsaa2p πρός@p ἐγώ@rpams καί@cs περιαιρέω@vsap2p ὁ@dans κάλυμμα@nansc ὅσπερ@rpans ἐν@p αὐτός@andns- ὁ@ddns πάθος@ndnsc περιαιρέω@vsaa1s ἀπό@p σύ@rpgmp ὅς@rpgns σύμβολον@nansc ὁράω@vifm2p καταπέτασμα@nansc ὁ@dgms ναός@ngmsc ἐσχισένος@vpreans τάχα@b δέ@b καί@cs καθόλου@b ἐν@p ὁ@ddmp μανθάνω@vppadnp πρῶτος@anans- δεῖ@vipa3s ἀγνοέω@vnpe-- ὁ@damp λόγος@nampc ὁ@dgmp παραδίδωμι@vppegmp καί@cs συγκαλύπτω@vnre-- ὁ@danp ῥῆμα@nanpc ἵνα@cs ὕστερος@b μετά@p ὁ@dans ἀποτίθημι@vnae-- ὁ@damp ἀκροατής@nampc εἰς@p ὁ@danp οὖς@nanpc ἑαυτοῦ@rpgmp ὁ@damp λόγος@nampc ὁ@dnfs σαφήεια@nnfsc φανερόω@vsap3s μετατίθημι@vppegmp ὁ@dgmp λόγος@ngmpc ἀπό@p ὁ@dgnp οὖς@ngnpc εἰς@p ὁ@dafs καρδία@nafsc ὁράω@nnmsp γοῦν@b ὅτι@cs καί@b αὐτός@rpdmp ὁ@ddmp μαθητής@ndmpc πρότερος@b ἐν@p παραβολή@ndfpc λαλέω@viia3s ἀκούω@vppadmp μετά@p ὁ@dgmp ἔξω@b εἶτα@cs μετά@p οὗτος@rpans κατά@p ἴδιος@anafs- αὐτός@rpdmp λύω@viia3s πᾶς@annnp- καί@b ἐγώ@rpnmp καταμένω@vpaanmp λετέω@vpaanmp καί@cs μηδαμῶς@b αὐτός@rpafp συνίημι@vpaanmp οἱονεί@b ἀναβλέπω@vipa1p ἐν@p ὁ@ddfs συνεχής@andfs- μελέτη@ndfsc κατά@p βραχύς@anans- ἐλλάμπω@vppagms ἐν@p ὁ@ddfp καρδία@ndfpc ἐγώ@rpgmp λόγος@ngmsc πρός@p φωτισμός@namsc ὁ@dgfs γνῶσις@ngfsc ὁ@dgfs δόξα@ngfsc αὐτός@rpgms ὅς@rpnms ὁ@rpans δέ@b μέλλω@vipa3s παραδίδωμι@vnpe-- παρά@p ματθαῖος@ndmsp καί@cs λουκᾶς@ndfsp παρίστημι@vipa3s σαφής@b ὁ@rpans ὑπό@p τις@rpgms διόπερ@b ὡς@cs φημί@viia1p ὁ@dnms μέν@b τις@rpnms ἐρῶ@vifa3s ὑπό@p ὁ@dgms ἰούδας@ngmsp ὁ@dnms δέ@b ὑπό@p ὁ@dgms λαός@ngmsc ἐγώ@rpnmp δέ@b ἐπείπερ@cs ἰούδας@nnmsp καί@cs ὁ@dnms λαός@nnmsc ἄνθρωπος@nnmpc εἰμί@viia3p ἐφίστημι@viia1p μήποτε@b βελτίων@annnsc εἰμί@vipa3s κατακολουθέω@vpaaamp ἐγώ@rpamp παῦλος@ndmsp λέγω3@vppadms περί@p ὁ@dgms πατήρ@ngmsc ὅς@rpnms γε@b ὁ@dgms ἴδιος@angms- υἱός@ngmsc οὐ@b ἀλλά@cs ὑπέρ@p ἐγώ@rpgmp πᾶς@ngmpp παραδίδωμι@viaa3s αὐτός@rpams αὐτός@rpams ὁ@ddns λείπω@vnpa-- ὁ@rpans ὑπό@p ὁ@dgms θεός@ngmsc ἐνθάδε@b δέ@b γίγνομαι@vpamnms ζήτησις@vifa2s εἰ@cs ὁ@dnns αὐτός@rpnns σημαίνω@vppenns εἰμί@vipa3s ὁ@dgns παραδίδωμι@vnre-- τάσσω@vppegms ἐπί@p ἰούδας@ngmsp καί@cs ὁ@dgms θεός@ngmsc ὁ@dnms μέν@b οὖν@b τις@rpnms φάσκω@vppanms ὁ@dans αὐτός@rpams εἰμί@vnpa-- ὁ@ddfs προδέω@ndfsc δίδωμι@vifa3s ὁ@dafs διαφορά@nafsc κατά@p ὅς@rpafs ὁ@dnms μέν@b ἰούδας@nnmsp ὅτε@dnms ἀργύριον@ngnsc αὐτός@rpams παραδίδωμι@vppanms ἐπιβουλευτικός@b παραδίδωμι@viaa3s αὐτός@rpams ὁ@dnms δέ@cs πατήρ@nnmsc εὐεργετικός@b ἔτι@b πρόσχω@nnmpc πῶς@b ἔργω@vire3p ἵνα@cs μή@b αἰσθάνομαι@vspe3p αὐτός@rpans ὥσπερ@cs γἀρ@b εἰμί@vipa3s ἐν@p αἴσθησις@ndfsc ὁ@dnns μή@b αἰσθάνομαι@vnpm-- πολλάκις@b ὁ@dgnp αἰσθητός@angnp- κατά@p πάθος@nansc γίγνομαι@vppenns οὕτως@b εἰμί@vipa3s καί@cs ἤ1@cs κατά@p ὁ@dans ἡγεμονικός@anans- ἀναισθητέω@vnpa-- λόγος@ngmpc καί@cs ῥῆμα@ngnsc ἤ1@cs δυσαισθητέω@vnpa-- ἐπεί@cs δέ@b φόβος@nnmsc κύριος@ngmsc ἀρχή@nnfsc ἀνάμνησις@ngfsc μήποτε@b ὅς@rpams φοβέω@viap3p ὁ@dnmp μαθητής@nnmpc ὡς@cs φαῦλος@annms- ἀπό@p ὁ@dgfs ἐν@p αὐτός@rpdmp ἄγνοια@ngfsc ὁ@dgns ῥῆμα@ngnsc γίγνομαι@vira3s καί@cs ὁ@dgns κατάκλυσμα@ngnsc ἐμποδίζω@vppagms αὐτός@rpdmp διά@p ὁ@dgfs ἐπερωτάω@ngfsc μανθάνω@vnaa-- ὁ@dnms γάρ@b οἰκονομέω@vppanms ὁ@dafs ἄγνοια@nafsc καί@cs παρακαλύπτω@vppanms ἀπό@p αὐτός@rpgnp ὁ@dans ῥῆμα@nansc ὁράω@viia3s ἀπό@p ὁ@dgfs ἐπερωτάω@ngfsc εἰ@cs ἀπόκτείνω@viim3s ἐπερωτάω@vppenms ὁ@dnms σωτήρ@nnmsc περιαιρέω@vpfmnms ὁ@dafs ἄγνοια@nafsc καί@cs ὁ@dans παρακάλυμμα@nansc ἅμα@nnmsp δέ@b καί@b συγκρίνω@viia3p ὅτι@cs ἐπί@p μέν@b ὁ@dgfp παραβολή@ngfpc ἐρωτάω@viia3p αὐτός@rpams κατά@p ἴδιος@anafs- οἶ@dnmp μαθητής@nnfpc καί@cs οὐ@b φοβέω@viie3p ἐπερωτάω@vnaa-- νῦν@b δέ@b φοβέω@nnfsc τίθημι@viap3p αὐτός@rpams ἐπερωτάω@vnaa-- περί@p ὁ@dgns ῥῆμα@ngnsc οὗτος@angns- οἰκονομέω@vppagms τις@rpans ὁ@dgns ὁ@dafs ἄγνοια@nafsc ἐμποιέω@vppagns καί@cs ὁ@dafs παρακάλυψις@nafsc ἐν@p αὐτός@rpdnp παραδίδωμι@viie3s δέ@b εἰς@p ἐπιτήδειος@anams- καιρός@namsc ὁ@dafs περιαίρεσις@nafsc ὁ@dgfs ἄγνοια@ngfsc καί@cs ὁ@dgns κατάκλυσμα@ngnsc μέλλω@vppanms παραδίδωμι@vnpe-- εἰς@p χείρ@nafpc ἄνθρωπος@ngmpc"
"Lc.fr._27","58@b ὁ@dnms δέ@b υἱός@nnmsc ὁ@dgms ἄνθρωπος@ngmsc οὐ@b ἔχω@vipa3s ποῦ@b ὁ@dafs κεφαλή@nafsc κλίνη@vspa3s εἰ@cs μέν@b οὖν@b ἑτοῖμος@annms- εἰμί@vipa2s ὦ@i οὗτος@rpvms ὅμοιος@b ἐγώ@rpdms οὐ@b ἔχω@vppadms ποῦ@b ὁ@dafs κεφαλή@nafsc κλίνω@vnpa-- αἱρέω@vifm2s διά@p ὁ@dafs ἐμός@anafs- διδασκαλία@nafsc ὁ@dans ἀκατάστατος@ananss ἐνταῦθα@b ἐλπίς@ndfsc ὁ@dgfs ὁ@dgmp οὐρανός@ngmpc βασίλεια@ngfsc ἐπί@p οὐδείς@rpdms ὁ@dafs ἀνάπαυσις@nafsc ἐνταῦθα@b μή@b προσδοκέω@vppaans ἀλλά@cs ἐν@p ὁ@ddms αἰών@ndmsc ὁ@ddms μέλλω@vppadms ὁ@dnmp γάρ@b ἐγώ@rpdcs μαθητής@nnmpc δικαιοσύνη@nafsc ἀσκέω@vppanmp ἐν@p ὁ@ddms κόσμος@ndmsc θλίω@ngfdc ἔχω@vifa3p πονηρός@annmp- δέ@cs καί@cs γόης@nnmpc ἀλώπηξ@ndfpc καί@cs πετεινόν@ndnpc οὐρανός@ngmsc παραβάλλω@vppenmp ἐν@p ὁ@ddms βίος@ndmsc οὗτος@rpdms προκόψω@vipa3p πλανάω@vppanmp καί@cs πλανάω@vppenmp μάλιστα@b δέ@b ἁρμόζω@vipa3s πρός@p ὁ@rpans ὁ@dnms υἱός@nnmsc ὁ@dgms ἄνθρωπος@ngmsc οὐ@b ἔχω@vipa3s ποῦ@b ὁ@dafs κεφαλή@nafsc κλίνη@vnaa-- ὁ@dans >στατέω@vifa1p ὑπό@p παῦλος@ngmsp ἐν@p ὅς@rpdms χριστός@nnmsp λαλέω@vipa3s ἐρῶ@vpapnns"
"Lc.fr._28","ὅς@rpans δέ@b λέγω3@vipa3s τοιοῦτος@rpnns εἰμί@vipa3s εἰ@cs μή@b ὁ@dgnp πετεινόν@ngnpc καί@cs θηρίον@ngnpc ἤτοι@cs ὁ@dgfp δαίμων@ngmpc σεαυτοῦ@rpams ἀπαλλάσσω@vifa2s οὐ@b δύναμαι@vipe1s ἐν@p σύ@rpdms καταλύω@vpaadmp οὐ@b τε@cs σύ@rpncs τοιοῦτος@rpnms εἰμί@vppanms δύναμαι@vipe2s ὁ@dans ἀποστολικός@anans- ἀξίωμα@nansc λαμβάνω@vnaa--"
"Lc.fr._29","9@ 60@ ἀφίημι@vmaa2s ὁ@damp νεκρός@nampc θάπτω@vnaa-- ὁ@damp ἑαυτοῦ@rpgmp νεκρός@nampc ὑψηλός@anansc δέ@b ὅτε@cs θνῄσκω@vila3s ὁ@ddms νεανίσκος@ndmsc ὁ@dnms πατήρ@nnmsc καί@cs εἰμί@viia3s νεκρός@annms- τότε@b ὑπό@p ὁ@dgms σωτήρ@ngmsc καλέω@viap3s νομίζω@vipa1s δέ@b ὅτι@cs ὥσπερ@cs ὁ@dnms κόσμος@nnmsc παῦλος@ndmsp σταυρόω@vile3s καί@cs νεκρός@annms- εἰμί@viia3s ἐπεί@cs θνήσκω@vira3s αὐτός@rpdms ὁ@dnnp ὁ@dgms κόσμος@ngmsc πρᾶγμα@nnnpc μηκέτι@b αὐτός@rpanp σκοπέω@vppadms ὡς@cs βλέπω@vppeanp καί@cs πρόσκαιρος@ananp- οὕτως@b ἕκαστος@andms- δίκαιος@andms- θνήσκω@vira3s ὁ@dnms διάβολος@nnmsc ὅστις@rpnms αὐτός@rpdms ζάω@viia3s ἁμαρτάνω@vppadms πᾶς@annms- γάρ@b ὁ@dnms ποιέω@vppanms ὁ@dafs ἁμαρτία@nafsc ἐκ@p ὁ@dgms διάβολος@ngmsc γίγνομαι@vire3s πᾶς@andms- δέ@cs ἁμαρτά@nnfsc νω@vppadms καί@cs σκοπέω@vppadms ὁ@rpanp ὅδε@b ζάω@vipa3s ὁ@dnms πονηρός@annms- πατήρ@nnmsc πᾶς@ndmsp δέ@x ὅς@rpdms θνήσκω@vira3s ὁ@dnms πονηρός@annms- λέγω@vope3s ἄν@x ὑπό@p ὁ@dgms σωτήρ@ngmsc ὁ@rpans ἀκολουθέω@vmpa2s ἐγώ@rpdcs καί@cs ἀχεύω@b τοιοῦτος@rpnns εἰμί@vipa3s μυστικός@b νοέω@vppenns ὁ@dnns δεῖ@vnpa-- μισέω@vnpe-- ὑπό@p ἐγώ@rpgmp ὁ@dams πατήρ@namsc εἰ@cs μέλλω@vopa1p ἄξιος@annmp- εἰμί@vnfm-- ὁ@dgms ἰησοῦς@ngmsp ὁ@rpnns δέ@b ὁ@anamp- νεκρός@anamp- θάπτω@vnaa-- ὁ@damp ἑαυτοῦ@rpgmp νεκρός@nampc ἀλληγορέω@vipe3s μόνος@anans- θάπτω@vipa3p γάρ@b πως@b νεκρός@nnmpc ὁ@anamp- ἑαυτοῦ@rpgmp νεκρός@anamp- ἐν@p ἑαυτοῦ@rpdmp τάφος@nnmpc καί@cs μνημεῖον@nnnpc αὐτός@rpgmp γίγνομαι@vpaanfp μένω@nnmpc τέλειος@namsp δέ@b καταλιμπάνω@vipa3s ὁ@dams νεκρός@anams- καί@cs οὐδαμῶς@b ἔτι@b αὐτός@rpgms ἅπτω@vipe3s ὁ@dnms πείθω@vppenms ὁ@ddms ἰησοῦς@ngmsp οἶδα@vira3s γάρ@b ὅτι@cs ὁ@dnms ἅπτω@vppenms νεκρός@ngmsc μολύνω@vipe3s"
"Lc.fr._30","62@b οὐδείς@rpnms ἐπιβάλλω@vpaanms ἄν@p ὁ@dafs χείρ@nafsc ἐπί@p ἄροτρον@nansc καί@cs βλέπω@vppanms εἰς@p ὁ@danp ὀπίσω@p ἕκαστος@nnmsp ἐγώ@rpgcp ἑαυτοῦ@rpgms ἀρότης@nnmsc εἰμί@vipa3s γῆ@nafsc ἔχω@vppanms ὁ@dafs ἴδιος@anafs- ψυχή@nafsc ὅς@rpafs ὀφείλω@vipa3s νεοῦς@anans- ἄροτρον@ndnsc λογικός@andns- συνάγω@vpaanms ὁ@damp βοῦς@nampc ὁ@damp ἐργάτης@nampc ἀπό@p ὁ@dgfp γραφή@ngfpc ὁ@dgfp καθαρός@angfp- τότε@b γάρ@b νέος@anafs- ποιέω@vifa3s ὁ@dafs ὑπό@p πολύς@angfs- ἀργία@ngfsc ὁ@dgfs ἐν@p ὁ@ddms παρέρχομαι@vpaadms χρόνος@ndmsc παλαιόω@vpapafs ψυχή@nafsc καί@b πολύς@anafs- ἐκφέρω@vppaafs κακία@nafsc καί@cs ἔργον@nanpc ἄκαρπος@ananp- ὅς@rpnms ἐκτέμνω@b ἄν@p ὁ@ddns ἄροτρον@ndnsc ὁ@dgms λόγος@ngmsc καί@cs ποιέω@vpaanms νέωμα@nansc σπείρω@vipa3s ἀπό@p ὁ@dgfs θεῖος1@angfs- διδασκαλία@ngfsc απέρμα@nanpc νομικός@ananp- προφητικός@ananp- εὐαγγελικός@ananp- μιμνήσκω@vprenms καί@cs μελετάω@vppanms αὐτός@rpans διό@b φημί@vipa3s καί@b διά@p ἱερεμίας@ngmsp ὁ@dgms προφήτης@ngmsc ό@b ὁ@dgmp ὅλος@angmp- θεός@nnmsc >νεόω@vmaa2p ἑαυτοῦ@rpdmp καί@cs μή@x σπείρω@vmpa2p ἐπί@p οὐ@b γάρ@b εἰμί@vipa3s θεῖος1@annns- ἁπλῶς@b δέχομαι@vnam-- σπόρος@namsc καί@cs καρποφορέω@vnaa-- μή@b πρότερος@anans- ἐκκαθαίρω@vpaaamp ὁ@dafp ψυχή@nafpc καί@cs πᾶς@anans- ἐκβάλλω@vpaaamp πάθος@nansc καί@cs ὁ@dafp βιωτικός@anafp- μέριμνα@nafpc καί@cs ἡδονή@nafpc ὅς@rpnfp εἰμί@vipa3p ὁ@dnfp ἄκανδα@nnfpc διό@b φημί@vipa3s ἐκκλίνω@vmaa2s ἀπό@p κακός@angns- καί@cs ποιέω@vmaa2s ἀγαθός@anans-"
"Lc.fr._31","1@an---- μετά@p δέ@b οὗτος@rpanp ἐπιδείκνυμι@viaa3s ὁ@dnms κύριος@nnmsc ἕτερος@anamp- ἐβδομήκοντα@an---- ἀλλά@b ὁ@dnms μέν@b λουκᾶς@nnmsp οὗτος@rpanp περί@p ὁ@dgnp ἑβδομήκοντα@an---- φημί@vipa3s ὁ@dnms δέ@cs μᾶρκος@nnmsp λέγω3@vipa3s ὅτι@cs προσκαλέω@vpamnms ὁ@damp δώδεκα@an---- ἀποστέλλω@viaa3s ἀνά@p δύο@an---- δύο@an---- δίδωμι@vpaanms αὐτός@rpdmp ἐξουσία@nafsc πνεῦμα@ngnpc ἀκήρατος@angnp- οὗτος@rpnns δέ@b ὁ@dnns ἀνά@p δύο@ ὑπηρετέω@vnpe-- ὁ@ddms λόγος@ndmsc βούλημα@ndnsc θεός@ngmsc ἔοικα@vira3s εἰμί@vnpa-- ἀρχαῖος@annns- ἀπό@p μωϋσῆς@ngmsp καί@cs ἀαρών@nnmsp ἐν@p ὁ@ddns ἐξέρχομαι@vnaa-- ὁ@dams λαός@namsc ἐκ@p γῆ@ngfsc αἴγυπτος@ngfsp ὁ@dams ἰσραήλ@nnmsp ὁ@dnms θεός@nnmsc ἐν@p χείρ@ndfsc μωϋσῆς@ngmsp καί@cs ἀααρων@ngmpp καί@b ἰησοῦς@nnmsc δέ@b ὁ@dnms ὁ@dgms ναυή@n---p καί@cs χαλέβ@nnmsp ὁ@dnms ὁ@dgms ἰεφονή@ngmsp ὁ@dnmp ἀμφότερος@annmp- ὁμονοέω@vpaanmp καταστέλλω@viaa3p ὁ@dams λαός@namsc παροξύνω@vppeams ὑπό@p ὁ@dgmp δέκα@an---- καί@b ἐλδὰδ@nnmsp καί@cs μωδὰδ@nnmsp ἀμφότερος@annmp- προφητεύω@viia3p ἐν@p ὁ@ddfs σκηνή@ndfsc ὁμονοέω@vpaanmp ἀλλά@cs ὕστερος@b παῦλος@namsp καί@cs βαρνάβας@namsp ἐξαποστέλλω@viaa3s εἰς@p ὁ@danp ἔθνος@nanpc καί@cs παράδειγμα@nnnsc γε@b ὁ@dnmp τοιοῦτος@rpnmp εἰμί@viia3p ὁ@dgmp συμφωνέω@vppagmp δύο@an---- ἐπί@p ὁ@dgfs γῆ@ngfsc ἐφαρμόσω@vifa2s δέ@b οὗτος@rpdnp καί@b ἀδελφός@nnmsc ὑπό@p ἀδελφός@ngmsc βοηθέω@vppenms ὡς@cs πόλις@nnfsc ὀχυρός@annfs- καί@cs ὁ@dnns ἀγαθός@annmp- ὁ@dnmp δύο@ ὑπέρ@p ὁ@dams εἷς@namsc ὁ@dnns δίς@b κατά@p δύο@ τάσσω@vnre-- καί@cs ὁ@damp δώδεκα@an---- ἐν@ananp- φαίνω@vipa3s ἐν@p ὁ@ddms κατάλογος@ndmsc αὐτός@rpgmp ὁ@dnms ματθαῖος@nnmsp κατά@p συζυγία@nafsc αὐτός@rpamp τάσσω@vpaanms"
"Lc.fr._32","10@ 9@ λέγω@vmpa2p αὐτός@rpd-p ἔρχομαι@vira3s ἐπί@p σύ@rpamp ὁ@dnfs βασίλεια@nnfsc ὁ@dgms θεός@ngmsc ὥσπερ@cs εὐεργετέω@vipa2p σῶμα@nanpc οὕτως@b διδάσκω@vppanmp σώζω@vmaa2p ψυχή@nafpc βασιλεία@nafsp ὁ@dgms θεός@ngmsc ἑαυτοῦ@rpams λέγω3@vipa3s νῦν@b ὡς@cs βασιλεύς@namsc καί@cs θεός@namsc >ἤγγικεν@vira3s φημί@vipa3s καί@cs ἤδη@b ἐπιδημέω@vifa3s σύ@rpdcp ἄξιος@annmp- γίγνομαι@vipe2p ἑτοιμάζω@vmpe2p εἰς@p ὑποδοχή@nafsc διαφορά@nafsp δέ@b οἰκία@ngfsc καί@b πόλις@ngfsc καί@b ἐν@p ψαλμός@ndmpp οἴομαι@vipe1s ἐρῶ@vnre-- ἐν@p ὁ@ddns ἐάν@cs μή@b κύριος@nnmsc οἰκοδομέω@vsaa3s οἶκος@namsc καί@cs εἰμί@vppanns μή@b κύριος@annms- φυλάσσω@vsaa3s πόλις@nafsc εἰς@p μάτην@nafsc ἀγρυπνέω@viaa3s ὁ@dnms φυλάσσω@vppanms ἔνθα@b παρατηρέω@viia3s ὅτι@cs ὁ@dnns μέν@b ἔτι@b οἰκοδομέω@vppenns οἶκος@nnnsc ὀνομάζω@viap3s ὁ@dnns δέ@cs ἤδη@b φυλακή@ngfsc καί@cs φρουρά@ngfsc ἄξιος@annns- πόλις@nnfsc ἐπί@p ὁ@dgfs μέγας@ang-sc οἰκία@ngfsc πόλις@ngfsc ὁ@dnns δέχομαι@vipe3s σύ@rpamp τάσσω@viaa3s"
"Lc.fr._33","11@ ὁ@anams- κονιορτός@namsc ὁ@dams κολλάω@vpapams ἐγώ@rpdmp ἐκ@p ὁ@dgfs πόλις@ngfsc σύ@rpgcp εἰς@p ὁ@damp πούς@nampc ἀπομασάομαι@vifm1p σύ@rpdcp οὗτος@rpans φημί@vipa3s εἶπον@vmaa2p ὅτι@cs ὁ@dgnp ἁμάρτημα@ngnpc σύ@rpgmp ὁ@dnms κονιορτός@nnmsc ἄν@b εἰς@p σύ@rpamp ἐπανέρχομαι@voaa3s παρατηρέω@vmpa2s δέ@b ὅτι@cs ὁ@dnfp μή@b παραδέχομαι@vppenfp ἀπόστολος@nampc καί@cs ὁ@dafs ὑγιής@anafs- διδασκαλία@nafsc πόλις@nnfpc ἔχω@vipa3p πλατεια@nafpc ἀνάλογος@anafs- ὁ@ddns πλατύς@annfs- ὁ@dnfs πύλη@nnfsc καί@cs εὐρύχωρος@annfs- ὁ@dnfs ὁδός@nnfsc ὁ@dnfs ἄγω@vppanfs καί@cs πολύς@annmp- εἰμί@vipa3p ὁ@dnmp διέρχομαι@vppenmp διά@p αὐτός@rpgfs ἰστέον@annns- δέ@b ὅτι@cs μή@b ὁ@damp ἀπόστολος@nampc πόλις@nafpc γῆ@ngfsc ἐπαίρω@vppegfs θολός@anafs- καί@cs πνιγώδης@anafs- ὁ@dams ἀήρ@namsc ποιέω@vppagfs πληρόω@vipe3s ὁ@dnfs δέ@b δέχομαι@vppenfs ἤτοι@cs οὐ@b δέ@cs ὁ@dafs ἀρχή@nafsc ἔχω@vipa3s κονιορτός@namsc ἤ1@cs ἔχω@vppanfs ἐν@p τις@rpdfp ἁμαρτία@ndfpc ἀποτίθημι@vipe3s αὐτός@rpams καθαίρω@vppenfs ὑπό@p αὐτός@rpgmp"
"Lc.fr._34","21@b >ἐξομολογοῦμαι@vipe1s σύ@rpdms πατήρ@nvmsc κύριος@nvmsc ὁ@dgms οὐρανός@ngmsc καί@cs ὁ@dgfs γῆ@ngfsc βούλομαι@vipe3s δέ@cs ἀποκρύπτω@vnaa-- ὡς@cs λόγος@nnmsc οὐ@b ἄλογος@b καί@b ὡς@cs σοφία@nnfsc σοφός@b καί@b ὡς@cs δικαιοσύνη@nnfsc δίκαιος@b καί@cs κατά@p ἀξία@nafsc ὁ@damp καιρός@nampc ὁ@dgns ἀποκαλύπτω@vnpa-- καί@cs ὁ@danp μέτρον@nanpc ὁ@dgfs ἀποκάλυψις@ngfsc ἐπίσταμαι@vppenms ἀποκαλύπτω@vipa3s δέ@b περιαιρέω@vppanms ὁ@dans ἐπίκειμαι@vpreans ὁ@ddfs καρδία@ndfsc κάλυμμα@nansc καί@cs ὁ@dans >σκότος@nansc ὅς@rpnns τίθημι@viam3s ἀποκρυφή@nafsc αὐτός@rpgms οὕτως@b γάρ@b δύναμαι@vifm3s τις@rpnms ὡς@cs μωϋσῆς@nnmsp εἰσέρχομαι@vnaa-- εἰς@p ὁ@dams γνόφος@namsc ὅς@b εἰμί@viia3s ὁ@dnms θεός@nnmsc ἐπεί@cs δέ@b ἐντεῦθεν@b οἴομαι@vipe3p οἶ@nnmpc ἱματιόξος@annmp- κατασκευάζω@vnpa-- ὁ@dans ἀσεβής@anans- αὐτός@rpgmp δόγμα@nansc ὡς@cs ἄρα@b ἄγνωστος@anams- εἰμί@vppaams ὁ@dams πατήρ@namsc ἰησοῦς@ngmsp χριστός@ngmsp το@dans ἴς@ddmp ἐν@p ὁ@ddfs παλαιός@andfs- λέγω@annns- λεκτέος@annns- πρός@p αὐτός@rpamp ὅτι@cs ὁ@dnns ὅς@rpanp ἄν@b βούλομαι@vspe3s ὁ@dnms υἱός@nnmsc οὐ@b ἐπί@p ὁ@dams μέλλω@vppaams μόνος@b ἀνά@vnaa-- φἐρομαι@vipe3s χρόνος@namsc ἀπό@p ὅς@rpgms οὗτος@rpanp λέγω@viaa3s ἐγώ@rpdmp ὁ@dnms σωτήρ@nnmsc ἀλλά@cs καί@b ἐπί@p ὁ@dams παρέρχομαι@vira1s ὁ@dnns γάρ@b ἀποκαλύπτω@vnaa-- ἀόριστος@angms- εἰμί@vipa3s χρόνος@ngmsc ἀναφέρω@vppenns ἐπί@p τις@rpams ὁ@dgnp παρέρχομαι@vpragnp χρηστέον@annns- δέ@b πρός@p αὐτός@rpamp καί@b γραφή@ndfsc ὁ@ddfs λέγω@vppadfs ἀβραάμ@nnmsp ὁ@dnms πατήρ@nnmsc σύ@rpgmp ἀγαλλιάζομαι@vile3s ἴνα@cs ὁράω@vsaa3s ὁ@dafs ἡμέρα@nafsc ὁ@dafs ἐμός@anafs- καί@b εἶδον@viaa3s καί@cs χαίρω@viap3s ὁ@dgmp δέ@x ἀκούω@vppagmp οὗτος@ananp- λέγω@viia3s ὁ@angmp- τεσσαράκοντα@ οὔπω@b ἔχω@vipa2s ἔτος@nanpc καί@cs ἀβραάμ@namsp ὁράω@vira2s φημί@vipa3s ὁ@dnms σωτήρ@nnmsc ἐγώ@anafs- λέγω3@vipa1s σύ@rpdcp πρίν@cs ἀβραάμ@nnmsp γίγνομαι@vnam-- ἐγώ@rpncs εἰμί@vipa1s οὐκοῦν@b ὁ@dnms οὗτος@rpanp εἶπον@vpaanms ἐμπαρέχω@viia3s ἑαυτοῦ@rpams ὁ@ddms ἀβραάμ@ndmsp τότε@b ἴνα@cs ἐκεῖνος@rpnms ὁράω@vsaa3s τηνικάδε@b αὐτός@rpgms ὁ@dafs ἡμέρα@nafsc εἰ@cs δέ@b μή@b βούλομαι@vipe3p δέχομαι@vnam-- ὁ@dafs ἀποκρύπτω@vnaa-- λέξις@nafsc ἐπί@p παρελαύνω@vpraanp λύω@vpragms ῥητέος@annns- πρός@p αὐτός@rpamp καί@b οὗτος@rpnns ὅτι@cs οὐ@b ὁ@dnns αὐτός@annns- εἰμί@vipa3s ὁ@dnns γιγνώσκω@vnpa-- ὁ@ddns πιστεύω@vnpa-- ὅς@rpdfs μέν@b γάρ@b διά@p ὁ@dgns πνεῦμα@ngnsc δίδωμι@vipe3s λόγος@nnmsc γνῶσις@ngfsc εἰμί@b ρῳ@ndmsc δέ@b πίστις@nnfsc ἐν@p ὁ@ddns αὐτός@andns- πνεῦμα@ndnsc εἰμί@vopa3p ἄν@b οὖν@b τις@rpncp καί@b κατά@p οὗτος@rpamp πιστεύω@vppanmp μέν@b οὐ@b μήν@b καί@b γιγνώσκω@vppanmp δίδωμι@vmpe3s οὖν@b κατά@p αὐτός@rpamp ὅτι@cs οὐ@b γιγνώσκω@viaa3s ὁ@dams πατήρ@namsc ὁ@dnms ἀβραάμ@nnmsp ἀλλά@cs ὅτι@cs μόνος@anans- πιστεύω@viaa3s οὐ@b γάρ@b ὁ@dnms γιγνώσκω@vppanms αὐτός@rpams καθό@cs θεός@nnmsc εἰμί@vipa3s καί@cs καθό@cs πατήρ@nnmsc εἰμί@vipa3s γιγνώσκω@vipa3s καί@cs ὁ@dnmp πολύς@annmp- γοῦν@b ἔχω@vipa3p ἔννοια@nafsc θεός@ngmsc δημιουργός@ngmsc οὐ@b μήν@b ὁμολογέω@vipa3p αὐτός@anams- υἱός@ngmsc πατήρ@namsc"
"Lc.fr._35","ἡγάρ@b αἴσθησις@nnfsc ὁ@dgfs πάρειμι@vppagfs ἔνδεια@ngfsc παρασκευή@nnfsc ὁ@dgfs ἐπιγίγνομαι@vppegfs πλήρωσις@ngfsc γίγνομαι@vipe3s ὁ@dnms δέ@b οὐ@b αἰσθάνομαι@vppenms ὡς@cs ἐνδεής@b ἔχω@vipa3s ὁ@dgns ὄντως@b καλός@angns- διά@p ὁ@dans δοκέω@vppaans αὐτός@rpdms πάρειμι@vnpa-- καλός@anans- ἐνδεής@annms- εἰκότως@b ὁ@dgns ἀληθινός@angns- καλός@angns- καταλιμπάνω@vipe3s οὗτος@anafs- οὖν@b καί@b εὐδοκία@nafsc πατήρ@ngmsc δηλόω@vipa3s χριστός@nnmsp ὅς@rpafs καί@b πάλαι@b διά@p ὁ@dgms προφήτης@ngmsc θεός@nnmsc λέγω3@viia3s ἐπί@p τις@rpacs ἐπιβλέψω@vsaa1s ἀλλά@cs ἤ1@cs ὁ@dams πρᾶος@anams- καί@cs ἥσυχος@anams- καί@cs τρέμω@vppaams διά@p πᾶς@angns- ὁ@damp λόγος@nampc ἐγώ@rpgcs ὥστε@b οὐ@b ἀφροσύνη@nafsc ὑπέρ@p σοφία@nafsc τιμάω@viaa3s ὁ@dnms θεός@nnmsc ἀλλά@cs ταπεινοφροσύνη@nafsc ὑπερηφανία@ngfsc προτιμάω@viaa3s καί@cs ὁ@dams ἀποφράξας@vpaaams ὁ@dafs εὐεργεσία@nafsc ἑός@andms- διά@p ὁ@dgfs ἀναισθησια@ngfsc εἰκότως@b καταλείπω@viaa3s ὁ@dnms οὖν@x ταπεινόφρων@annms- καί@cs νήπιος@annms- φημί@vipa3s σύ@rpncs ἐγώ@rpacs διδάσκω@vmaa2s ὁ@dafs κατά@p σεαυτοῦ@rpams ἀλήθεια@nafsc ἐγώ@rpnms γάρ@b παρά@p ἄνθρωπος@ngmsc οὐ@b δύναμαι@vipe1s μανθάνω@vnaa-- ἐάν@cs μή@b παρά@p σύ@rpgms μάθως@vsaa1s τις@rpafp γάρ@b ὀφείλω@vipa3s διδάσκω@vnpa-- περί@p θεός@ngmsc ἤ@cs θεός@nnmsc ἄνωθεν@b τοίνυν@b ὁ@dnfs ἀποκάλυψις@nnfsc μετά@p ὁ@dafs κατά@p ἀξία@anafs- πρόθεσις@nafsc"
"Lc.fr._36","10@ 22@cs πᾶς@ananp- ἐγώ@rpdcs παραδίδωμι@viap3s ὑπό@p ὁ@dgms πατήρ@ngmsc ἐγώ@rpgcs οὐ@b μακράν@b ὁ@rpnns πᾶς@rpnnp ἐγώ@rpdcs παραδίδωμι@viap3s ὑπό@p ὁ@dgms πατήρ@ngmsc ἐγώ@rpgcs εἰμί@vipa3s καί@b ὁ@dnns δίδωμι@viap3s ἐγώ@rpdcs πᾶς@annfs- ἐξουσία@nnfsc ἐν@p οὐρανός@ndmsc καί@cs ἐπί@p γῆ@ngfsc καί@cs διά@p οὗτος@rpans αὐτός@rpdms δίδωμι@vipe3s πᾶς@annfs- ἐξουσία@nnfsc ἶνα@nnfsc εἰρηνοποιέω@vsaa3s διά@p ὁ@dgms σταυρός@ngmsc αὐτός@rpgms εἰ@cs τε@cs rd@ ἐπί@p ὁ@dgfs γῆ@ngfsc εἰ@b τε@cs ὁ@danp ἐν@p ὁ@ddmp οὐρανός@ndmpc οὐδέπω@b μέν@b οὖν@b ὁ@danp πᾶς@ananp- εἰρηνοκρατέω@viaa3s ὡς@cs δῆλος@annns- ἐκ@p ὁ@dgns ἔτι@b ὁ@dams ἀπό@p ὁ@dgfs κακία@ngfsc ὑπάρχω@vnpa-- πόλεμος@namsc εἰμί@vifm3s δέ@b πάντως@b ὁ@dnfs τέλειος@annfs- εἰρήνη@nnfsc δίκαιος@ananps δέ@b πᾶς@nanpc παραδίδωμι@vira3s αὐτός@rpdms ὁ@dnms πατήρ@nnmsc ἐπεί@cs καί@b αὐτός@annms- ὁ@dnms υἱός@nnmsc παραδίδωμι@viap3s ἀνέρ@p πάν@anans- ὅς@rpnms εἰμί@vipa3s σωτήρ@nnmsc πόντος@vppagmp ἄνθρωπος@ngmpc μάλιστα@b πιστός@angmp- εἰμί@vipa3s περί@p ὁ@dgfp ἁμαρτία@ngfpc ἐγώ@rpgmp οὐ@b περί@p ὁ@dgmp ἡμέτερος@angmp- δέ@cs μόνος@b ἀλλά@cs καί@b περί@p ὅλος@angms- ὁ@dgms κόσμος@ngmsc παραδίδωμι@viap3s δέ@b κατά@p ὅς@rpans γίγνομαι@vira3s ἄνθρωπος@nnfsc ἵνα@cs ἐν@p ὁ@ddns ὄνομα@ndnsc ἰησοῦς@ngmsp ndv@ γόνυ@nansc κλίνω@vsaa3s ἐπουράνιος@angnp- καί@b ἐπίγειος@angmp- καί@cs καταχθονίος@angnp- καί@cs πᾶς@annfs- γλῶσσα@nnfsc ἐξομολογέομαι@vsam3s ὅτι@cs κύριος@nnmsc ἰησοῦς@ngmsp χριστός@nnmsp εἰς@p δόξα@nafsc θεός@ngmsc πατήρ@ngmsc ἀμήν@nafsc"
"Lc.fr._37","23@b μακάριος@nnmpc ὁ@dnmp ὀφθαλμός@nnmpc ὁ@dnmp βλέπω@vppanmp ὅς@i βλέπω@vipa2p διά@p τίς@rpans δέ@b μακάριος@annmp- ὁ@dnmp ὀφθαλμός@nnmpc ὁ@dgmp μαθητής@ngmpc ὁ@dgms ἰησοῦς@ngmsp εἰμί@vipa3p ἐπεί@cs πολύς@annmp- προφήτης@nnmpc ἐθέλω@viaa3p εἶδον@vnaa-- ὅς@rpans εἶδον@viaa3p οὗτος@rpnmp οὐ@b εἶδον@viaa3p δέ@cs >καί@cs ἀκούω@vnaa-- ὅς@rpans ἀκούω@viaa3p >καί@cs οὐ@b ἀκούω@viaa3p ὁ@rpams δέ@x εἶδον@vsaa1p μεν@vspa1p νομίζω@vipa3p ὁ@dnmp ἁπλούστερος@annmpc ὅτι@cs πολύς@annmp- προφήτης@nnmpc προφητεύω@vppanmp ὁ@danp περί@p ἐγώ@rpgms ἐθέλω@viaa3p γίγνομαι@vnam-- κατά@p ὁ@damp ἐμός@anamp- χρόνος@nampc ὥστε@cs εἶδον@vnpa-- ὅς@rpanp βλέπω@vipa2p καί@cs ἀκούω@vnaa-- ὅς@rpanp ἀκούω@vipa2p ἀλλά@b οὐ@b εὐτυχέω@viaa3p φθάνω@vnaa-- εἰς@p ὁ@damp καιρός@nampc οὗτος@anamp- ἐν@p ὅς@rpdmp σύ@rpnmp οὗτος@rpgnp ἀξιόω@viap2p τις@annfs- δέ@b ὁ@dnfs ἀποκλήρωσις@nnfsc ὁ@damp πολύς@anamp- μέν@b προφήτης@nampc οὗτος@rpgmp ἐπιθυμέω@vnra-- μή@b καί@b πᾶς@anamp- δέ@b μήποτε@nnfsp οὖν@b ὡς@cs ἤδη@b ἀποδίδωμι@vira1p περί@p ὁ@dgms ἀβραάμ@ngmsp ὅτι@cs εἶδον@viaa3s ὁ@dafs ἡμέρα@nafsc χριστός@ngmsp καί@cs εὐφραίνω@viam3s παραπλήσιος@annns- γίγνομαι@vira3s καί@b ἐπί@p ἄλλος@rpgnp προφήτης@ngfpc καί@cs δίκαιος@angnp- οὐ@b πολύς@angnp- ἀλλά@cs ὀλίγος@angnp- ἐπί@p ὁ@dafs θέα@nafsc φθάνω@vpragmp καί@cs ἐπί@p ὁ@dafs σύνεσις@nafsc ὅς@rpafs ὁ@dnmp ἰησοῦς@ngmsp μαθητής@nnmpc ἀκροάομαι@viam3p οὖτος@b οὖν@b ἅτε@rpanp εἶδον@vpaanmp ὅς@rpanp εἶδον@viaa3p ὁ@dnmp ἀπόστολος@nnmpc καί@cs ἀκούω@vpaanmp ὅς@rpanp ἀκούω@viaa3p ὁ@dnmp ὁ@dgms ἰησοῦς@ngmsp μαθητής@nnmpc μαθητής@nnmpc οὐ@b ἐπιθυμέω@viaa3p ὅτι@cs ἔχω@viia3p ὡς@b ὁ@dnmp μή@b ἔχω@vppanmp ἄλλος@annmp- δέ@b γίγνομαι@vira3p προφήτης@nnmpc καί@cs δίκαιος@annmp- ἐλάσσων@annmpc ὁ@dgfs ἐν@p ὁ@ddmp ἀπόστολος@andmp- θεωρία@ngfsc καί@cs σύνεσις@ngfsc ὅστις@rpnmp οὐ@b τυγχάνω@viaa3p ὁ@dgfs ἐπιθυμία@ngfsc νῦν@b μέν@b οὖν@b μακαρίζω@vifm3p ὀφθαλμός@nnmpc καί@cs ὁ@danp λοιπός@ananp- οἴομαι@vipe1s οἴομαι@vipe1s μέλος@nnnpc ὁ@dgnp ἅγιος@angnp- ὡς@cs ἔχω@vnpe-- τις@rpgcs λόγος@ngmsc καί@cs ὁ@dans μάκαρος@annfs- ὁ@dnfs κοιλία@nnfsc ὁ@dnfs βαστάζω@vpaanfs σύ@rpacs καί@cs μαστός@nnmpc ὅς@rpamp θηλάζω@viaa2s πῶς@b δέ@b οὐ@b μακάριος@annmp- καί@cs ὁ@dnmp πούς@nnmpc ὁ@dnmp μή@b προς@b χόπτω@vpaanmp μηδέ@x σαλεύω@vpapnmp ἀλλά@cs ὡραιός@annmp- ὁ@dgmp εὐαγγελιόομαι@vppegmp ὁ@danp ἀγαθός@ananp- καί@b μακάριος@annfp- ὁ@dnfp χείρ@nnfpc ὅς@rpgmp ὁ@dnfs ἔπαρσις@nnfsc θυσία@nnfsc ἑωθινός@annfs- καί@cs ὅς@rpgfp ὁ@dnfs ἔπαρσις@nnfsc νίκη@nnfsc μέν@b ὁ@dgms ἰσραήλ@ng-sp ἦττα@b δέ@b ὁ@dgms ἀμαλήκ@ngmsp καί@cs μακάριος@annfs- ὁ@dnfs κοιλία@nnfsc ἀπό@p ὅς@rpgfs ποταμός@nnmpc ῥέω@vipa3p ὕδωρ@ngnsc ἅλλομαι@vppegns εἰς@p ζωή@nafsc αἰώνιος@anafs- καί@b μακάριος@annnp- γόνυ@nnnpc ὁ@dnnp ἐν@p ὄνομα@ndnsc ἰησοῦς@ngmsp κάμπτω@vppennp μακάριος@annfs- δέ@b καί@b γλῶσσα@nnfsc ὁ@dnfs ἐξομολογέω@vppenfs ὅτι@cs κύριος@nnmsc ἰησοῦς@ngfsp χριστός@nnmsp εἰς@p δόξα@nafsc θεός@ngmsc πατήρ@ngmsc μακάριος@annns- δέ@b καί@cs στόμα@nnnsc ὁ@dnns διακονέω@vppenns λόγος@ndmsc θεός@ngmsc καί@cs >μυκ@ τήρ@nnmsc διά@p ὅς@rpams λέγω3@vipe3s ὀπίσω@b σύ@rpgcs εἰς@p ὀσμή@nafsc μύρον@ngnpc σύ@rpgcs τρέχω@vifa1p οὗτος@rpnnp ἐρῶ@vire3s μέν@x ὠριγένεια@ndnsp εἰ@cs δέ@b ὁ@rpdms δοκέω@vipa3s σπουδαῖος@annnp- δοκέω@vmpa3s ἐγώ@rpdcs γάρ@b οὐ@b ἀρέσκω@vipa3s ὡς@b ἀντιλογία@nafpc ἔχω@vppannp"
"Lc.fr._38","38@b αὐτός@rpnms εἰσέρχομαι@viaa3s εἰς@p κώμη@nafsc τις@anafs- καταλύω@viaa3s μέν@b οὖν@b ὁ@dnms σωτήρ@nnmsc παρά@p γυνή@ndfpc ἅγιος@andfp- ἐν@p τις@andfs- κώμη@ndfsc ὅς@rpgms ὁ@dans ὄνομα@nansc δουκᾶς@nnmsp μέν@b παρασιωπάω@vipa3s ἰώαννης@nnmsp δέ@cs διασαφέω@vipa3s ὁ@dafs βηθανία@nafsp εἶπον@vpaanms"
"Lc.fr._39","εἰκότως@b γοῦν@b ἐκλαμβάνω@voaa2s μάρθα@namsp μέν@b εἰς@p ὁ@dafs πρᾶξις@nafsc μαρία@nafsp δέ@cs εἰς@p ὁ@dafs θεωρία@nafsc συμπεριαιρεῖται@vipe3s συμπεριαιρεῖται@vipe3s γάρ@b ὁ@ddns πρακτικός@andns- ὁ@dnns ὁ@dgfs ἀγάπη@ngfsc μυστήριον@nnnsc εἰ@cs μή@b πρός@p ὁ@ddns θεωρέω@vnpa-- αἱρέω@vsam3s τις@rpnms διδάσκω@vnpa-- καί@cs προσρέπω@vnpa-- ἐπί@p πρᾶξις@ndmpp οὐ@b τε@x γάρ@x πρᾶξις@nnfsc οὐ@b τε@x θεωρία@nnfsc ἄνευ@p ἕτερος@angns- μᾶλλον@b μέν@b οὖν@b λεκτέος@annns- ὅτι@cs ὁ@dnfs μάρθα@nnfsp σωματικός@anansc ὑποδέχομαι@viam3s ὁ@dams λόγος@namsc ἐν@p ὁ@ddfs ἑαυτοῦ@rpgfs οἰκία@ndfsc ὁ@ddfs ψυχή@ndfsc ὁ@dnfs δέ@b μαρία@nnfsp πνευματικός@b ἀκούω@viia3s αὐτός@rpgms καί@b περί@p πούς@nampc εἰμί@vppanfs κατά@p ὅς@rpans ὁ@dnnp μέν@b ἐν@p εἰσαγωγή@ndfsc κατά@p οἰκονομία@nafsc παραδίδωμι@vppennp ὁ@dgms καταρτίζω@vpaagms ὁ@dnnp ὁ@dgns νήπιος@angns- ἀφαιρέω@vipe3s ὁ@dnnp δέ@b ὡς@b τέλειος@annnp- οὐκέτι@b δέ@b μάρθα@nnfsp μέν@b εἰμί@vnpa-- καί@b ὁ@dnfs ἐκ@p περιτομή@ngfsc συναγωγή@nnfsc εἰς@p ὁ@danp ἴδιος@ananp- ὅριον@nanpc δέχομαι@vpamnfs ὁ@dams ἰησοῦς@namsp περισπάω@vppenfs περί@p ὁ@dafs ἐκ@p ὁ@dgns γράμμα@ngnsc ὁ@dgns τόμος@ngmsc πολύς@anafs- λατρεία@nafsc μαρία@nnfsp δέ@b ὁ@dnfs ἐκ@p μνᾶ@ngmpp ἐκκλησία@nnfsc ὁ@dafs ὁ@dgms πνευματικός@angms- νόμος@ngmsc μερόπη@nafsc ἐκλέγω@vpamnfs πνευματικός@angns- κατάγω@vppeafs ὡς@cs ὁ@dnfs ἐπί@p ὁ@dgns πρόσωπον@ngnsc μωῦσῆς@ngmsp δόξα@nnfsc χρήσιμα@ananp- ἐκ@p ὁ@dgms γόμος@ngmsc ἐπιλέγω@vpaanfs ἤ1@cs πᾶς@ananp- ἀναφέρω@vppanfs εἰς@p ἐν@rpgnp ὁ@dans ἀγαπάω@vifa2s καί@cs εἰς@p μέν@b ὁ@rpans εἷς@ngmsc εἰμί@vipa3s χρεία@nnfsc χράω2@vifm2s ὁ@dans ἀγαπάω@vifa2s ὁ@dams πλησίος@anams- σύ@rpgcs ὡς@cs σεαυτοῦ@rpams εἰς@p δέ@x ὁ@rpans ὀλίγος@angnp- εἰμί@vipa3s ὁ@dafp ἐντολή@nafpc οἶδα@vira2s οὐ@b μοιχεύω@vifa2s οὐ@b φονεύω@vifa2s καί@b ὁ@danp ἑξῆς@b ἔτι@cs δύναμαι@vipe3s μάρθα@nnmsp μέν@b εἰμί@vnpa-- ὁ@dnmp ἐκ@p περιτομή@ngfsc πιστός2@annmp- καί@cs ἰουδαίζω@vppanmp φυλάσσω@vppanmp ἰουδαικός@b ὁ@danp ὁ@dgms νόμος@ngmsc μαρία@nnfsp δέ@cs ὁ@dnmp οὗτος@rpgmp ἀπαλλάσσω@vprenmp καί@b ἐν@p κρυπτός@andns- ἰουδαῖος@nnmpp καί@cs μόνος@andmp- ὁ@ddmp ἰησοῦς@ngmsp πούς@ndmpc πούς@ndmpc προσκαθέζομαι@vppenmp ὁ@dnmp ὁ@danp ἄνω@b οὐ@b ὁ@danp ἐπί@p ὁ@dgfs γῆ@ngfsc διάφορος@b γάρ@b ἐπιβάλλω@vppanms εὑρίσκω@vifa2s μάρθα@nafsp μέν@b σωματικός@anafsc καί@cs περί@p πολύς@ananp- εἰλέω@vppeafs μαρία@nafsp δέ@cs ὁ@ddfs θεωρία@ndfsc μόνος@andfs- καί@cs ὁ@ddnp πνευματικός@andnp- προσανέχω@vppaafs"
"Lc.fr._40","1@i κύριος@nvmsc διδάσκω@vmaa2s ἐγώ@rpamp προσεύχομαι@vnpe-- καθώς@cs καί@b ἰώαννης@nnmsp εἶτα@b ἵνα@cs δείκνυμι@vsaa3s ἔτι@b αὐτός@rpams προσρέπω@vnpa-- ἐπί@p ὁ@dafs περί@p ὁ@dgfs εὐχή@ngfsc διδασκαλία@nafsc τοιοῦτος@anafs- προσφέρω@vipa3s ἀξίωσις@nafsc ὅτι@cs καί@b ἰώαννης@nnmsp περί@p ὅς@rpgms ἐγώ@rpamp διδάσκω@viaa2s ὅτι@cs μείων@annms- ἐν@p γεννητής@andmp- γυνή@ngfpc αὐτός@rpgms οὐδείς@rpnms εἰμί@vipa3s ὁ@dgfs περί@p ὁ@dafs εὐχή@nafsc οὐ@b ἀμελέω@viia3s διδασκαλία@ngfsc καί@b ὅτι@cs ὁ@dnns πῶς@b προσθύω@vnam-- καθό@b δεῖ@vipa3s οὐ@b οἶδα@vira1p καί@b ὅτι@cs ἐντέλλω@viam2s ἐγώ@rpdcp αἰτέω@vnpa-- ὁ@danp μέγας@ananp- καί@cs ὁ@danp αἰώνιος@ananp- πόθεν@b οὖν@b ἐγώ@rpdmp εἰμί@vipa3s οἶδα@vnra-- οὗτος@rpanp ἤ1@cs ἀπό@p σύ@rpgms ὁ@dgms θεός@ngmsc καί@cs σωτήρ@ngmsc ἐγώ@rpgcp"
"Lc.fr._41","’@b ὁ@nnfsp αὐτός@rpnfs εἰμί@vipa3s ὁ@ddfs ἐν@p ὁ@ddms ματθαῖος@ndmsp προσευχή@ndfsc διό@b καί@b ἐπιτομός@b ἐνταῦθα@b ἔρομαι@vire3s ἤ1@cs βελτίων@anansc διάφορος@anafp- νομίζω@vnfm-- ὁ@dafp προσευχή@nafpc κοινός@ananp- τις@rpanp ἔχω@vppaafp μέρος@nanpc τότε@b δέ@b γίγνομαι@vipe3s ὁ@dnns θέλημα@nnnsc ὁ@dgms θεός@ngmsc ὡς@b ἐν@p οὐρανός@ndmsc καί@cs ἐπί@p ὁ@dgfs γῆ@ngfsc ὅταν@cs μηδείς@rpans πράσσω@vspa1p παρά@p ὁ@dans θέλημα@nansc αὐτός@rpgns πῶς@b δέ@b ὁ@dnms εἶπον@vpaanms δεῖ@vnpa-- αἰτέω@vnpa-- οὐράνιος@ananp- καί@cs μέγας@ananp- περί@p ἄρτος@ngmsc αἰτέω@vnpa-- κελεύω@vipa3s ἄρτος@namsc οὖν@b ὁ@dnns ἀληθινός@annns- νοέω@annns- καί@cs πνευματικός@annns-"
"Lc.fr._42","2@i πατήρ@nvmsc ἁγιάζω@vmap3s ὁ@dans ὄνομα@nansc σύ@rpgms οἴομαι@vipe1s δέ@b ὅτι@cs οὐδείς@rpnms ἄν@b λέγω3@vopa3s ὁ@ddms θεός@ndmsc ὁ@dans πατήρ@nvmsc μή@b πληρόω@vprenms ὁ@dgns ὁ@dgfs υἱοθεσία@ngfsc πνεῦμα@ngnsc καί@cs υἱός@nnmsc δοξάζω@vppanms πατήρ@namsc λέγω3@vopa3s ἄν@b >πά@an---- τερ@nvmsc φυλάσσω@vpaanms δέ@b καί@cs ὁ@dafs ἐντολή@nafsc ὁ@dafs λέγω@vppaafs ἀγαπάω@vmpa2p ὁ@damp ἐχθρός@anamp- σύ@rpgcp προσεύχομαι@vmpe2p ὑπέρ@p ὁ@dgmp διώκω@vppagmp σύ@rpamp ὅπως@cs γίγνομαι@vsam2p υἱός@nnmpc ὁ@dgms πατήρ@ngmsc σύ@rpgcp ὁ@dgms ἐν@p ὁ@ddmp οὐρανός@ndmpc ὅτι@rpans ὁ@dams ἥλιος@namsc αὐτός@rpgms ἀνατέλλω@vipa3s ἐπί@p πονηρός@anamp- καί@cs ἀγαθός@anamp- καί@cs βρέχει@vipa3s ἐπί@p δίκαιος@anamp- καί@cs ἄδικος@anamp- ἔτι@b γεννάω@vipe3s τις@rpnms ἐκ@p ὁ@dgms θεός@ngmsc ποιέω@vppanms δικαιοσύνη@nafsc καί@cs γεννάω@vppenms λέγω3@vopa3s ἄν@b σπέρμα@nansc ἐν@p ἑαυτοῦ@rpdms ὁ@dgms θεός@ngmsc λαμβάνω@vpaanms διά@p ὁ@dans >μηκέτι@b δύναμαι@vnpe-- ἁμαρτάνω@vnpa-- ὁ@dans πατήρ@nvmsc ἔτι@b γεννάω@vipe3s τις@rpnms ἐκ@p θεός@ngmsc οὐ@b ἐκ@p σπορά@ngfsc φθαρτός@angfs- ἀλλά@cs διά@p λόγος@ngmsc ζάω@vppagms θεός@ngmsc καί@cs μένω@vppagms καθά@cs γράφω@vire3s φημί@vipa3s γάρ@b ἰώαννης@nnmsp ὅσος@annmp- δέ@b λαμβάνω@viaa3p αὐτός@rpams δίδωμι@viaa3s αὐτός@rpdmp ἐξουσία@nafsc τέκνον@nanpc θεός@ngmsc γίγνομαι@vnam-- ὁ@ddmp πιστεύω@vppadmp εἰς@p ὁ@dans ὄνομα@nansc αὐτός@rpgms ὅς@rpnmp οὐ@b ἐκ@p αἷμα@ngnpc οὐδέ@b ἐκ@p θέλημα@ngnsc σάρξ@ngfsc οὐδέ@b ἐκ@p θέλημα@ngnsc ἀνήρ@ngmsc ἀλλά@cs ἐκ@p θεός@ngmsc γεννάω@viap3p οὗτος@rpans δέ@b φημί@vipa3s οὐ@b εἰς@p φύσις@nafsc ἐγώ@rpamp ἀνάγω@vppanms θεός@ngmsc ἀλλά@cs χάρις@ngfsc μεταδίδωμι@vppanms καί@cs ὁ@dans ἑαυτοῦ@rpgms ἀξίωμα@nansc ἐγώ@rpdcp χαρίζομαι@vppenms λέγω3@vipa3s γάρ@b ἐγώ@rpacp καλέω@vnpa-- πατήρ@namsc ὁ@dams θεός@namsc εἶτα@b ματθαῖος@nnmsp μέν@b ἐπιφέρω@vipa3s ὁ@ddms πατήρ@nvmsc ἐγώ@rpgcp ὁ@rpnns ἐν@p ὁ@ddmp οὐρανός@ndmpc ὅστε@b περί@p βασίλεια@ngfsc διαλέλω@vipa3s γίγνομαι@vppenms οὐρανός@ngmpc καί@b πᾶς@anamp- ὁ@damp πάρειμι1@vppaamp διδάσκω@vnpa-- διηγέομαι@vppenms ὁ@dams σωτήρ@namsc μετά@p ὁ@damp μακαρισμός@nampc καί@cs ὁ@dams περί@p ὁ@dgfs προσευχή@ngfsc λόγος@namsc δουκᾶς@nnmsp δέ@b περί@p βασίλεια@ngfsc διδάσκω@vppanms θεός@ngmsc ἐν@p ὅλος@andns- ὁ@ddns κατά@p αὐτός@rpams εὐαγγε@b γέλιος@ndnsc σιωπάω@viaa3s ὁ@rpans ἐν@p ὁ@ddmp οὐρανός@ndmpc ὡς@b ἔνδοξος@anamsc καί@b τόπος@ngmsc ὁ@dans θεῖος1@anans- εἰμί@vnpa-- διδάσκω@vppanms καί@cs ἱδία@ndfsc ὁ@ddmp μαθητής@ndmpc ὡς@b ὑψηλός@andmpc ὁ@dgmp λοιπός@angmp- ὁ@dams χριστός@namsp ὑφηγέομαι@vppeams ὁ@dams ὁ@dgfs εὐχή@ngfsc λόγος@namsc οὐ@b δέ@cs ὁ@dans ῥύομαι@vnap-- ἀπό@p ὁ@dgms πονηρός@angms- ἐπιφέρω@vppaams καθά@cs ματθαῖος@nnmsp φημί@vipa3s"
"Lc.fr._43","ἤ@b τάχα@b εἰ@cs ὁ@dnfs θεός@nvmsc ὀνομασία@nnfsc ὑπό@p ὁ@dgmp ἀποπίπτω@vppagmp ὁ@dgfs ἀλήθεια@ngfsc τάσσω@vipe3s ἐπί@p ὁ@dgmp γλυπτός@ngfpc καί@cs ὁ@dgnp δαιμόνιον@ngnpc ἤ1@cs καί@b ὁ@dgfs κτίσις@ngfsc παρά@p ὁ@dams κτίζω@vpaaams οὐδέπω@b ἁγιάζω@viap3s ὁ@dnns ὄνομα@nnnsc ὁ@dgms θεός@ngmsc οὐ@b δέ@cs χωρίζω@vire3s ὅς@rpgnp χρή@vipa3s αὐτός@rpams χωρίζω@vnre-- διδάσκω@vipa3s οὖν@b ἐγώ@rpamp εὔχομαι@vnpe-- ταχύς@anans- ὁ@dans χρηστός@anans- γίγνομαι@vnam-- τέλος@nansc ἶνα@cs ἐφαρμόζω@vsap3s ὁ@ddms κύριος@ndmsc ὡς@cs μόνος@andms- ἀληθινός@andms- θεός@ndmsc ὁ@dnfs θεός@vpraans προσηγορία@nnfsc σαφής@b δέ@b οὗτος@andfs- ὁ@ddfs ἐκδοχή@ndfsc ἐφαρ@viap3s -@b μόζω@vnpa-- δύναμαι@vipe1p καί@b ὁ@dans ἐξοῦ@b ποῖος@rpnns δή@b οὗτος@rpnns ἕλκω@vmaa3s ὁ@dnfs βασίλεια@nnfsc σύ@rpgcs"
"Lc.fr._44","11@ 2@b ἔρχομαι@vmaa3s ὁ@dnfs βασίλεια@nnfsc σύ@rpgcs μηκέτι@b κατά@p ἐγώ@rpgms βασιλεύω@vmpa3s ὁ@dnms θάνατος@nnmsc μη@b δέ@cs ἄγω@vmpa3s ἐγώ@rpams διά@p ἁμαρτία@ngfsc αἰχμάλωτος@anafs- ἀλλά@cs ἔρχομαι@vmaa3s ἐπί@p ἐγώ@rpams ὁ@dnfs βασίλεια@nnfsc σύ@rpgms ἵνα@cs εἰς@p ὁ@dans μή@b εἰμί@vppaans ὑποχωρέω@vsaa3s ὁ@danp νῦν@b κρατέω@vppaanp καί@cs βασιλεύω@vppannp πάθος@nanpc οὗτος@rpanp δέ@b ἄν@b τις@rpnms αἰτέω@vspe2s καί@b ἐπί@p ὁ@dgfs κατά@p εἷς@rpafs γίγνομαι@vpamgfs βασίλεια@ngfsc"
"Lc.fr._45","ἔρχομαι@vmaa3s ὁ@dnfs βασίλεια@nnfsc σύ@rpgcs ἶνα@cs καταργέω@vsap3s μέν@b πᾶς@annfs- ἀρχή@nnfsc καί@cs ἐξουσία@nnfsc καί@cs δύναμις@nnfsc ἔτι@b δέ@b καί@b πᾶς@annfs- βασίλεια@nnfsc ὁ@dgms κόσμος@ngmsc καί@cs ὁ@dnfs βασιλεύω@vppanfs ἐν@p ὁ@ddnp θνητός@andnp- ἐγώ@rpgcp σῶμα@ndnpc ἁμαρτία@nnfsc πόντος@vmpa3p δέ@b οὗτος@rpgnp βασιλεύω@vsaa3s ὁ@dnms θεός@nnmsc"
"Lc.fr._46","3@ ὁ@anams- ἄρτος@namsc ἐγώ@rpgcp ὁ@dams ἐπιούσιος@anams- δίδωμι@vmpa2s ἐγώ@rpdmp ὁ@dnns κατά@p ἡμέρα@nafsc ἐπεί@cs δέ@b ὁ@dnmp ἀπό@p μαρκίων@ngmsp ἔχω@vipa3p ὁ@dafs λέξις@nafsc οὕτως@b ὁ@anams- ἄρτος@namsc σύ@rpgcs ὁ@dams ἐπιούσιος@namsc δίδωμι@vmpa2s ἐγώ@rpdcp ὁ@dans κατά@p ἡμέρα@nafsc ἐπαπορέω@vsaa1p αὐτός@rpd-p ἀλληγορία@nafpc καί@cs ἀναγωγή@nafpc φεύγω@vppadmp τις@rpncs εἰμί@vipa3s ὁ@dnms ἄρτος@nnmsc ὁ@dgms θεός@ngmsc εἰ@cs μέν@b γάρ@b ὡς@cs ἀποδίδωμι@vira1p διηγέομαι@vifp3p δηλονότι@b ἀλληγορέω@vifa3p εἰ@cs δέ@b ὁ@dams σωματικός@anams- ἄρτος@namsc ὑπολαμβάνω@vifm3p πῶς@b οὗτος@rpnms ὁ@dgns κατά@p αὐτός@rpamp εἰμί@vipa3s ἀγαθός@angns- ἀναγκαῖος@b δέ@b καί@cs ὁ@dnns >καθ@b ἡμέρα@nafsc πρόσκειμαι@vipe3s οἱονεί@b γάρ@b ἐπισκευαστής@nnfsc εἰμί@vipa3s ἐγώ@rpgcp ὁ@dnfs ζωή@nnfsc ὁ@dnfs ἀληθινός@annfs- ἶνα@cs κατά@p θεός@namsc ζάω@vsaa3s ὁ@dnms ἔσω@b ἄνθρωπος@nnmsc"
"Lc.fr._47","ἐμφαντικός@anansc δέ@b ὁ@dnns >καθ@p ἡμέρα@nafsc ὁ@dgns παρά@p ματθαῖος@ndmsp >σήμερον@b"
"Lc.fr._48","11@ 5@ τίς@rpnms ἐκ@p σύ@rpgfp ἔξειμι@vifa3s φίλος@anams- καί@cs πορεύω@vifm3s πρός@p αὐτός@anams- ὁ@rpnns μέν@x οὖν@x τίς@rpnms ἐκ@p σύ@rpgmp πρός@p ὁ@damp μαθητής@nampc λέγω3@vipe3s ὁ@dans δέ@cs ἔχω@vifa3s φίλος@anams- ἴνα@cs εἶπον@vsaa3s ὁ@dams θεός@namsc φίλος@anams- τυγχάνω@vppaams ὁ@ddmp ἅγιος@andmp- ὡς@cs ὁ@ddms μωϋσῆς@ndmsp καί@cs ὁ@ddms ἀβραάμ@ndmsp τάχα@b δέ@b καί@b μεσημβριανός@annns- ὁ@dnms >συνσταλμένος@vprenms οὗτος@rpnms εἰμί@vipa3s καιρός@annms- ὁ@dgms βίος@ngmsc ὅτε@cs ὁ@dnms ὀλοθρευτής@nnmsc εἰσέρχομαι@vipe3s εἰς@p πᾶς@anafs- οἰκία@nafsc ὁ@dgfs ἐν@p κόσμος@ndmsc αἴγυπτος@ngfsp ἔνθα@b μή@b χρίω@vire3s ὁ@dnfs φλιά@nnfsc ὁ@dgfp θύρα@ngfpc ὁ@ddns ὁ@dgms χριστός@ngmsp αἷμα@ndnsc αἰτέω@vipa3s μαθητής@nnmsc ὁ@dams φίλος@anams- τρεῖς@ ἄρτος@nampc θολόω@vppenfs τρέφω@vnaa-- ὁ@ddfs περί@p ὁ@dgfs τριάς@ngfsc θεολογία@ndfsc ὁ@dams γίγνομαι@vppeams πρός@p αὐτός@rpams ἀπό@p ὁ@dgfs ὁδός@ngfsc καθά@cs φημί@vipa3s ἐκτός@p ἐγώ@rpgcs οὐ@b δύναμαι@vmpe2p ποιέω@vnpa-- οὐδείς@rpans ἀλλά@cs πῶς@b ἔσωθεν@b ἀποκρίνω@vipe3s ὁ@dnms φίλος@annms- λέγω3@vppanms μή@b ἐγώ@rpdms κόπος@nampc παρέχω@vmpa2s ζήτησις@vifa2s δέ@b μήποτε@b ὁ@dnmp κοπιάω@vppanmp καί@cs κοπιάω@vprenmp ὁ@damp ἑαυτοῦ@rpgmp κόπος@nampc παρέχω@vipa1p ὁ@ddms σωτήρ@ndmsc διό@cs ὁ@dafp ἀσθένεια@nafpc ἐγώ@rpgmp φέρω@vipa3s καί@cs περί@p ἐγώ@rpgcp ὀδύνη@vipe3s ἤ1@b ὥσπερ@cs ὅδε@rpdms μέν@b ὑπνόω@vipa3s ὁ@dnms θεός@nnmsc ἄλλος@rpdms δέ@b ἁμαρτάνω@vppadms ἀμύνω@vnpe-- λέγω3@vipe3s οὕτως@b καί@b κόπος@nampc ἔχω@vnpa-- ἀπό@p ὁ@dgns παρέχω@vppagms αὐτός@rpdms"
"Lc.fr._49","9@ αἰτέω@vmpa2p καί@cs δίδωμι@vifm3s σύ@rpdcp πλήν@nafsp ἀληθής@angfs- εἰμί@vppagfs ὁ@dgfs ὁ@dgms σωτήρ@ngmsc θέσις@ngfsc λέγω@vppagfs αἰτέω@vmpa2p καί@cs δίδωμι@vifm3s σύ@rpdcp ὅς@rpgmp καί@b πιστόω@vipe3s διά@p ὁ@dgns φημί@vnpa-- πᾶς@annms- ὁ@dnms αἰτέω@vppanms λαμβάνω@vipa3s ζητέω@voaa3s ἄν@b τις@rpncs πῶς@b τις@rpncp εὔχομαι@vppenmp οὐ@b ἀκούω@vipe3p πρός@p ὅς@rpans λεκτέος@annns- ὅτι@cs ὁ@dnms ὁδός@ndfsc ὁ@ddfs ἀκόλουθος@andfs- ἐπί@p ὁ@dans αἰτέω@vnpa-- ἔρχομαι@vppenms οὐδείς@rpans παραλέπω@vpaanms ὁ@dgnp συντελέω@vpragnp πρός@p ὁ@dans τυγχάνω@vnaa-- ὁ@dgnp σπουδάζω@vppegnp πάντως@b λαμβάνω@vifm3s ὅς@rpans παρακαλέω@viaa3s δίδωμι@vnap-- αὐτός@rpd-s εἰ@cs δέ@b τις@rpncs ἔξω@p χωρέω@vpaanms ὁ@dgms σκοπός@ngmsc ὁ@dgfs παραδίδωμι@vpapgfs αἴτησις@ngfsc δοκέω@vifa3s αἰτέω@vnpa-- οὐ@b αἰτέω@vppanms ὅς@rpams δεῖ@vipa3s τρόπος@namsc οὐ@b δέ@cs ὅλος@b αἰτέω@vipa3s διό@b μή@b λαμβάνω@vppagms αὐτός@rpgms οὐ@b ψευδοποιέω@vipe3s ὁ@rpnns πᾶς@annms- ὁ@dnms αἰτέω@vppanms λαμβάνω@vipa3s καί@cs γάρ@b διδάσκαλος@ngmsc λέγω3@vppagms πᾶς@annms- ὁ@dnms πρόσειμι1@vppanms ἐγώ@rpdcs μάθημα@ngnpc ἕνεκα@p ἔχω@vifa3s αὐτός@rpgnp ἐπιστήμη@nafsc ὁ@dans πρόσειμι@vnpa-- ὁ@ddms διδάσκαλος@ndmsc πραγματικός@b ἐκλαμβάνω@vipa1p οὗτος@rpnns εἰμί@vipa3s μετά@p ὁ@dgns σύντονος@b προσέχω@vnpa-- ὁ@ddnp παρά@p ὁ@dgms διδάσκαλος@ngmsc μετά@p ὁ@dgns ἀσκέω@vnpa-- καί@cs μελετάω@vnpa-- αὐτός@rpans ὁ@ddms δέ@b μή@b οὕτως@b πρόσειμι1@vppadms λεκτέος@annns- οὐ@b προσέρχομαι@viaa2s αὐτός@rpdms ὡς@cs προτρέπω@viam3s ὅς@rpanp φανερός@anansc ποιέω@vppanms ἰάκωβος@nnmsp γράφω@vppanms ὁ@dafs ἐπιστολή@nafsc φημί@vipa3s τις@rpans αἰτέω@vnpa-- οὐ@b λαμβάνω@vipa3p κακός@b αἰτέω@vppenmp ἡδονή@ngfpc μάταιος@angfp- ἕνεκα@p ερείδω@vipa3s τις@rpnms καί@b μήν@b ὑπέρ@p γνῶσις@ngfsc θεῖος1@angfs- καί@cs ἀνάληψις@ngfsc ἀρετή@ngfpc αἰτέω@vppenmp τις@rpncp οὐ@b λαμβάνω@vipa3p πρός@p ὅς@rpans λεκτέος@annns- ὅτι@cs οὐ@b κατά@p ἑαυτοῦ@rpanp ὁ@danp ἀγαθός@ananp- λαμβάνω@vnaa-- ἀξιόω@viaa3p ἀλλά@cs ἕνεκα@p ὁ@dgns ἐπαινέω@vnpe-- διά@p αὐτός@rpanp εἰμί@vipa3s δέ@x φιλήδονος@angmp- καί@b ὁ@dnns χαίρω@vnpa-- ἔπαινος@ndmpc ὅθεν@b καί@b οὗτος@rpdmp οὐ@b δίδωμι@vipe3s ἐπεί@cs εἰς@p ἡδονή@nafpc καταδαπανάω@vnaa-- ἐθέλω@vipa3p ὁ@danp περί@p ὅς@rpgnp ἀξιόω@vipa3p"
"Lc.fr._50","τις@rpams δέ@b ἐκ@p σύ@rpgmp ὁ@dams πατήρ@namsc αἰτέω@vifa3s ὁ@dnms υἱός@nnmsc σύ@rpncs δέ@cs ὁράω@vmpa2s εἰ@cs ἄρτος@annfs- μέν@b ὁ@dnfs ἀναγκαῖος@nnfsc ὁ@dgfs ψυχή@ngfsc ἐν@p γιγνώσκω@vifa3s τροφή@ndfsc ὅς@rpgfs ἄνευ@p οὐ@b εἰμί@vipa3s σώζω@vnpe-- οἶος@annns- ὁ@dnms περί@p ὁ@dgns πῶς@b βιωτέος@annns- ἀκριβής@annms- λόγος@nnmsc >ἰχθὺς@nnfsc δέ@cs ἤ1@cs οἶος@annns- ὄψον@nnnsc φιλομάθεια@nnfsc οἶος@annns- ὁ@dans >οἶδα@vnra-- σύστασις@nafsc κόσμος@ngmsc ἐνέργεια@nafsc στοιχεῖον@ngnpc ἀρχή@nafsc καί@cs τέλος@nansc καί@cs μεσότης@nafsc χρόνος@ngmpc καί@cs ὅσος@ananp- ἐξῆς@b ὁ@dnfs σοφία@nnfsp καταλέγω@vipa3s οὔτε@b οὖν@b ἀντί@p ἄρτος@ngnsc λίθος@namsc δίδωμι@vipa3s ὁ@dnms θεός@nnmsc ὅς@rpams ὁ@dnms διόβολος@nnmsc βούλομαι@viie3s ὑπό@p ἰησοῦς@ngmsp ἐσθίω@vnpe-- οὐ@b τε@cs ἀντί@p ἰχθύς@ngmsc ὄφις@namsc ὅς@rpams ἐσθίω@vipa3p ὁ@dnmp ἀνάξιος@annmp- ὁ@dgns ἰχθύς@nampc ἐσθίω@vnpa-- αἰθίοψ@nnmpp ἐκεῖ@b γάρ@b φημί@vipa3s ὁ@dnms ψαλμός@nnmsc σύ@rpn-s συνθλάω@vpaanms ὁ@dafs κεφαλή@nafsc ὁ@dgms δράκων@ngmsc ἐπί@p ὁ@dgns ὕδωρ@ngnsc δίδωμι@viaa2s αὐτός@rpams βρῶμα@nansc μαός@ndmpc ὁ@ddmp αἰθίοψ@ndmpp οὐ@b τε@b ἁπλῶς@b ἀντί@p ὁ@dgms τρόφιμος@ngmsc καί@cs ὠφελέω@vppagms ὁ@danp ἄβρωτος@ananp- καί@cs βλάπτω@vppaanp"
"Lc.fr._51","24@b ὅταν@cs ὁ@dnns ἀκάθαρτος@annns- πνεῦμα@nnnsc ἐξέρχομαι@vsaa3s ἀπό@p ὁ@dgms ἄνθρωπος@ngmsc διέρχομαι@vipe3s τε@cs εἰμί@vipa3s ὁ@dnns διέρχομαι@vnpe-- ὁ@dans πνεῦμα@nansc ὁ@dans πονηρός@anans- δῖος@ ἄνυδρος@angmp- τόπος@ngmpc ζητέω@vnpa-- ἀνάπαυσις@nafsc καί@cs μή@b εὑρίσκω@vppaans ἄνυδρος@annmp- τόπος@nnmpc ὑπάρχω@viia3p ὁ@dnmp ἐκ@p ἔθνος@ngnpc ὁ@dans πρότερος@anans- νυνί@b δέ@x πληρόω@vire3p ὕδωρ@ngnsc ἐγώ@ngmsp καί@cs οὐκέτι@b παρέχω@vipa3p ἀνάπαυσις@nafsc αὐτός@rpdms ποιέω@vipe3s τοίνυν@b ἐπιστροφή@nafsc πρός@p ὁ@dans πρότερος@anans- αὐτός@rpgns δοχεῖον@nansc ὁ@damp ἐκ@p ἰσραήλ@nampp ὁ@dnms σατανᾶς@nampp οὗτος@rpnmp γάρ@b ἐν@p αἴγυπτος@ndfsp εἰμί@vppanmp ἔνοικος@annns- εἰμί@viia3s αὐτός@rpdmp ὁ@dnns πνεῦμα@nnnsc ὁ@dnns πονηρός@annns- διά@p ὁ@dans ἦθος@ndnpc τε@b καί@cs νόμος@ndmpc ὁ@dgmp αἰγύπτιος@ngmpp συναναστρέφω@vnpe-- ἐπεί@cs δέ@cs ἐρύω@vsae3p διά@p μωüσεύς@ngmsp ἔλεος@ndnsc θεός@ngmsc ἐξέρχομαι@viaa3s νῦν@b δέ@b ἐπεί@cs οὐ@b πιστεύω@vira3p εἰς@p χριστός@namsp ἀλλά@cs ἀπωθέω@viam3p ὁ@dams λυτρωτής@namsc ἐπιπηδάω@viaa3s πόλις@nafsc ἐπί@p αὐτός@rpamp ὁ@annns- ἀκάθαρτος@annns- πνεῦμα@nnnsc καί@cs ὡς@cs εὖρον@viaa3s αὐτός@rpamp οὐκέτι@b θεῖος1@anans- ἔχω@vppaamp ἐν@p αὐτός@rpdmp οὐδείς@rpans ἀλλά@cs ἐρῆμος@anamp- εἰμί@vppaamp καί@cs σχολάζω@vpfaamp αὐτός@rpdms πρός@p ἐνοίκησις@nafsc κατοικέω@viam3s δηλαδή@b μετά@p πᾶς@angfs- αὐτός@rpgms ὁ@dgfs δύναμις@ngfsc οὗτος@rpnns γάρ@b φαίνω@vipe3s δηλόω@vppanns ἑπτὰ@ λέγω3@vppanms πνεῦμα@nanpc μετά@p ’@p αὐτός@rpgms καθά@cs ἔθω@vira3s ἐπίπληθος@ngnsc ὀνομάζω@vnfa-- ὁ@dams τοσοῦτος@anams- ἀριθμός@namsc ἐπειδάν@cs λέγω3@viap3s ὅτι@cs στένος@nafsc τίκτω@viaa3s ἑπτὰ@ καί@cs ὁ@dnfs ἐν@p τέκνον@ndnpc ἀσθενέω@viaa3s οὐδέ@cs γάρ@b ὁ@dans πνεῦμα@nansc ὁ@dans ἔχω@vppaans ἐν@p αἴγειος@ndnsp τοιοῦτος@rpans ἔχω@vipa3p ὁ@dnmp εἰς@p ὁ@dams υἱός@namsc ἐγώ@rpgcs πληρόω@vire3s δέ@b καί@b ἄλλος@rpgnp πνεῦμα@ngnpc πονηρός@angnp- καί@cs γίγνομαι@vira3s αὐτός@rpdmp ὁ@dnnp ἔσχατος@annnp- χείρων@annnpc ὁ@dgmp πρῶτος@angmp- χείρων@ananpc γάρ@b ὁ@dgmp ἐν@p αἴγυπτος@ndfsp νῦν@b ἐπεί@cs εἰς@p ἰησοῦς@nafsp χριστός@namsp χριστός@namsp οὐ@b πιστεύω@vira3p ἀλλά@cs ὁ@anams- ἀρχηγός@namsc ζωή@ngfsc ἀποκτείνω@viaa3p ὕθεν@b στερέω@viap3p ὁ@dgfs ζωή@ngfsc καί@cs οὐκέτι@b λέγω3@vipa3s αὐτός@rpdmp προφήτης@nnmsc ὅδε@rpans λέγω3@vipa3s κύριος@nnmsc οὐκέτι@b σημεῖον@nansc ἐν@p αὐτός@rpdmp οὐκέτι@b τέρας@nansc οὐκέτι@b σημεῖον@nansc ἐπιφάνεια@ngfsc καί@cs παρουσία@ngfsc ὁ@dgms θεός@ngmsc μεταβαίνω@vira3s γε@b ὁ@dnnp ἀγαθός@annnp- ἐπί@p ἐγώ@rpamp ὁ@damp ἐκ@p ἔθνος@ngnpc κατά@p ὁ@dams ὁ@dgms ἰησοῦς@ngmsp λόγος@namsc ἐρῶ@vpragms κότος@nnmsc αἴρω@vifp3s ἀπό@p αὐτός@rpgmp ὁ@dnfs βασίλεια@nnfsc ὁ@dgms θεός@ngmsc καί@b ἔθνος@ndnsc ποιέω@vppadns ὁ@damp καρπός1@nampc αὐτός@rpgfs ἐγώ@rpnmp εἰμί@vipa1p ὁ@dnns ἔθνος@nnnsc ὅς@rpdnp ὁ@dnfs βασίλεια@nnfsc ὁ@dgms θεός@ngmsc ὁ@dnfs εὐαγγελικός@annfs- πολιτεία@nnfsc"
"Lc.fr._52","33@cs οὐδείς@rpnms λύχνος@namsc ἅπτω@vpaanms εἰς@p κρυπτός@nafsc τίθημι@vipa3s οὐ@b δέ@cs ὑπό@p ὁ@dams μόδιος@namsc μοδίῳον@ndmsp μέν@b γάρ@b σιτομετρέω@vmpe3p ὑπό@p ὁ@dgms πιστός@angms- καί@cs φρόνιμος@angms- οἰκοδοκός@b νόμος@ngmsc ὁ@dnmp σύνδουλος@nnmpc βλέπω@vmpa3p δέ@cs ὁ@dafp αὐγή@nafpc ὁ@dgms λύχνος@ngmsc ἐπίκειμαι@vpregms 6@an---- ὁ@ddfs λυχνίς@ndfsc καί@cs εἰς@p φανερός@anans- διά@p λόγος@ngmsc προσάγω@vppegms ὁ@dnmp ἐν@p ὁ@ddfs οἰκία@ndfsc πᾶς@annmp- οὗτος@rpnns εἰμί@vipa3s ὁ@rpdms ἐν@p ὁ@ddfs ἐκκλησία@ndfsc ἀλλά@cs οὐδέ@cs ἀπό@p ὁ@dafs κλίνη@nafsc τίθημι@vipa3p ὁ@dams λύχνος@namsc ἔνθα@b τις@rpnms ἀναπαύω@vipe3s οὐ@b δέ@cs ἄλλος@rpgns τις@rpgns >σκεύος@ngnsc ὑποκάτω@b οὗτος@rpans γάρ@b ὁ@dnms ποιέω@vppanms οὐ@b προνέομαι@vifm3s ὁ@dgmp εἰσπορεύω@vppegmp εἰς@p ὁ@dafs οἰκία@nafsc"
"Lc.fr._53","34@b ὁ@dnms λύχνος@nnmsc ὁ@dgns σῶμα@ngnsc εἰμί@vipa3s ὁ@dnms ὀφθαλμός@nnmsc σύ@rpgcs δοκέω@ndmsp γάρ@b ἐγώ@rpdcs ἐν@p ὁ@ddns ὁ@dnms λύχνος@nnmsc ὁ@dgns σῶμα@ngnsc εἰμί@vipa3s ὁ@dnms ὀφθαλμός@nnmsc τοιοῦτος@rpans τις@rpans ἀποφαίνω@vnpe-- ὁ@dnns διορατικός@annns- ἐν@p ὁ@ddfs ὅλος@andfs- ψυχή@ndfsc ἐν@p ὁ@ddms ὅλος@andms- ἄνθρωπος@ndmsc ὁ@dnms νόος@nnmsc εἰμί@vipa3s ἵνα@rpanp δέ@b οὗτος@rpgns ἐπιμέλεια@nafsc ποιέω@vipe1p ἐρῶ@vire3s ὁ@rpans εἰμί@vmpa3p σύ@rpdmp ὁ@dnmp λύχνος@nnmpc καίω@vppenmp οἱονεί@b γάρ@b ἅπτω@viia1p ὁ@dams ἐν@p ἐγώ@rpdcp λύχνος@namsc ἐπιμέλεια@nafsc ὁ@dgfs ἐν@p νοητικός@angfs- νοητικός@angfs- δύναμις@ngfsc ποιέω@vppenmp τοιοῦτος@rpnns εἰμί@vipa3s καί@cs ὁ@dnns οὐδείς@rpnms λύχνος@namsc ἅπτω@vpaanms εἰς@p ὁ@dafs κρυπτός@nafsc τίθημι@vipa3s ἀλλά@cs ἐπί@p ὁ@dafs λυχνία@nafsc ἅπτω@vipa3p γάρ@b λύχνος@namsc ὅς@rpdmp μέλω@vipa3s σοφία@ngfsc καί@b λόγος@ngmsc καί@cs ὁ@dgfs περί@p ὁ@danp θεῖος@ananp- γυμωασία@ngfsc ἶνα@cs γίγνομαι@vsam3p τέλειος@annmp- οὐ@b ἄλλως@b ἐγγίγνομαι@vppegfs ὁ@dgfs τελειότης@ngfsc τις@rpdns ἤ1@cs ἐκ@p ὁ@dgfs κατά@p ὁ@danp θεῖος@ananp- αἰσθητήριον@ananp- καί@cs νοητός@ananp- γυμνασία@ngfsc ὅσπερ@rpans σαφής@anans- ποιέω@viia3s παῦλος@nnmsp λέγω3@vppanms τελειος@ngnpc δέ@b εἰμί@vipa3s ὁ@dnfs στερεός@annfs- τροφή@nnfsc ὁ@dgmp διά@p ὁ@dafs ἕξις@nafsc ὁ@danp αἰσθητήριον@nanpc γυμνάζω@vpreanp χόω@vppagmp πρός@p διάκρισις@nafsc καλός@angns- τε@cs καί@cs κακός@angms- οὗτος@rpnmp εἰμί@vipa3p ὅς@rpdmp δύναμαι@vipe3s λαλέω@vnpe-- ὁ@dnfs ὁ@ddmp τέλειος@andmp- λαλέω@vppenfs σοφία@nnfsc περί@p ὅς@rpgfs φημί@vipa3s σοφία@nafsc δέ@b λαλέω@vipa1p ἐν@p ὁ@ddmp τέλειος@andmp- ὀφθαλμός@namsp γε@b μήν@b κύριος@b φημί@vipa3s ὁ@dams ἐν@p ἐγώ@rpdmp νόος@namsc περί@p ὅς@rpams εἰμί@vipa3s ὁ@dnfs ἀρχή@nnfsc ἐν@p μόνος@andns- ὁ@ddns σπουδαῖος@ndnsc ὁ@dgfs ἁπλότης@ngfsc μηδείς@anafs- ἔχω@vppadms διπλόη@anafs- καί@b δόλος@nafsc καί@b σχίσις@nafsc καί@b διάστασις@nafsc καί@cs μερισμός@nafsc ἐν@p αὐτός@rpdms ἐν@p δέ@b ὁ@ddns φαῦλος@andns- ὁ@dgfs πονηρία@ngfsc καί@cs πᾶς@angns- ἁμάρτημα@ngnsc ἐπισκέπτομαι@vmae2s δέ@b εἰ@cs δύναμαι@vipe2s ἀλληγορέω@vnaa-- ἀκόλουθος@b ὁ@ddms ὀφθαλμός@ndmsc καί@cs ὁ@dans σῶμα@nansc ὥστε@cs ἤτοι@cs ὁ@dafs ὅλος@anafs- ψυχή@nafsc καί@b ἄν@cs μή@b σωματικός@annfs- τυγχάνω@vspa3s φάσκω@vnpa-- νῦν@b λέγω3@vnpe-- ὁ@dans σῶμα@nansc νόος@namsc γάρ@b ἐν@p ψυχή@ndfsc ἄνθρωπος@ngmsc ὁ@dnms θεός@nnmsc ποιέω@viaa3s ἤ1@cs ὁ@dans λοιπός@anans- παρά@p ὁ@dams νόος@namsc οὗτος@rpnns εἰμί@vipa3s ὁ@dnns σύνθετος@annns- ἐκ@p ὁ@dgfs λοιπός@angfs- ψυχή@ngfsc καί@cs ὁ@dgns σῶμα@ngnsc λέγω3@vnpa-- εἰμί@vnpa-- ὁ@dans σῶμα@nansc φωτίζω@vipe3s γάρ@b ὑπό@p ὁ@dgms νόος@ngmsc κύριος@b μέν@b ὅλος@annfs- ψυχή@nnfsc εἶπον@voaa3s δ@b ἄν@b τις@rpncs ὅτι@cs φθάνω@vipa3s καί@b ἐπί@p ὁ@dans σῶμα@nansc ὁ@dgms νόος@ngmsc ἤτοι@b ἁπλότης@nnfsc ἄγω@vppeams ὑπό@p αὐτός@rpgms ἤ1@cs πονηρία@nnfsc χράομαι@vppeams αὐτός@rpdns ὀργανικός@b εἰς@p ἁμαρτία@nafsc καί@cs μή@b θαυμάζω@vsaa2s δέ@b εἰ@cs ἐν@p ὁ@rpdms ὁ@dnms λύχνος@nnmsc ὁ@dgns σῶμα@ngnsc εἰμί@vipa3s ὁ@dnms ὀφθαλμός@nnmsc ἀλληγορια@ndfsc πῶς@b ὁ@dans σῶμα@nansc ἐπί@p ὁ@dgfs ψυχή@ngfsc λαμβάνω@vipa1p καίτοι@b γε@b ὁ@ddms ἱερός@andms- λόγος@ndmsc εἰμί@vppagfs ἀόρατος@angms- καί@cs ἀσώματος@angns- κατά@p γάρ@b ὁ@dafs εἰκών@nafsc γίγνομαι@vira3s ὁ@dgms ἀόρατος@angms- θεός@ngmsc ἐπείπερ@cs ἀλληγορικός@b καί@cs ὁ@dafp δύναμις@nafpc ὁ@dgfs ψυχή@ngfsc εὑρίσκω@vipa1p ὁμώγυιος@b ως@b ὁ@ddnp σωματικός@andnp- μέρος@ndnpc οὐ@b εἰμί@vppaafp σῶμα@nanpc ὀνομάζω@vpfmafp ἐν@p γάρ@x ὁ@rpdns φωτίζω@vmaa2s ὁ@damp ὀφθαλμός@nampc ἐγώ@rpgcs οὐ@b σωματικός@annmp- δηλόω@vipe3p ὀφθαλμός@nnmpc ἀλλά@cs καί@b ἐν@p ὁ@ddns προστίθημι@vira3s ἐγώ@rpdcs ὠτίον@nansc οὐ@b περί@p σῶμα@ngnpc εἰμί@vipa3s ὁ@dnms λόγος@nnmsc οὐ@b δέ@cs ὅταν@cs λέγω3@viia3s ὁ@dnms ἔχω@vppanms οὖς@nanpc ἀκούω@vnpa-- ἀκούω@vmpa3s ἐν@p δέ@b ὁ@ddns ἄισμα@ndnsp ὁ@dgfs νύμφη@ngfsc ἤτοι@cs ἐπί@p ὁ@dafs ὁ@dgms ἄνθρωπος@ngmsc ψυχή@nafsc ἀνάγω@vppegfs νυμφίος@ndmsc κοινωνέω@vppagfs ὁ@ddms χριστός@ndmsc ἤ1@cs ἐπί@p ὁ@dafs ἐκκλησία@nafsc καί@cs τρίχωμα@nnnsc ἴδιος@b καί@cs ὀδούς@nnmpc καί@cs χεῖλος@nnfsc καί@cs >τράχηλος@nnmsc καί@cs μαστός@nnmpc ἐπαινέω@vipe3p ὑπό@p ὁ@dgms νυμφίος@ngmsc ἀνάγω@vppegmp οὗτος@rpgnp ἐάν@cs περί@p ψυχή@ngfsc ἐρμηνεύω@vspe3s ἐπί@p ὁ@dafp δύναμις@nafpc αὐτός@rpgfs εὑρίσκω@voaa2s δέ@b ἄν@b καί@b ὁ@rpans ὀ@ πούς@nnmsc ἐγώ@rpgcs οὐ@b μή@b προσχόω@vipe2s ἀναφέρω@vppeams ἐπί@p ὁ@dafs πορευτικός@anafs- ὁ@dgfs ψυχή@ngfsc δύναμις@nafsc πολύς@ananp- δ@b ἄν@b καί@b αὐτός@rpnms εὑρίσκω@vifa2s τοιοῦτος@rpanp ἐφίστημι@vpaanms ὁ@rpdfs γραφή@nanpc κεῖμαι@vppeanp ἀπό@p οὖν@rpgnp δύναμαι@vifm2s μή@b προσκόπτω@vnaa-- ὁ@ddfs ἀπόδοσις@ndfsc ὁ@dgns πῶς@b ὁ@dnns σῶμα@nnnsc ἐρῶ@vire3s ἐν@p ὁ@ddns ὁ@dnms λύχνος@nnmsc ὁ@dgns σῶμα@ngnsc εἰμί@vipa3s ὁ@dnms ὀφθαλμός@nnmsc καί@cs ὁ@ddmp ἐν@p ὁ@ddms τόπος@ndmsc ὅμοιος@andmp- εὑρίσκω@vifa2s δέ@b ἐν@p ὁ@ddfp παροιμία@ndfpp ὁ@dans αἶθησις@nafsc θεῖος1@nafsc ἐν@p ἐπαγγελία@ndfsc λέγω3@vppeans πρός@p διαφορά@nafsc ὁ@dgfs μή@b >θεῖος@angfs- αἴσθησις@ngfsc οὐ@b θεῖος@ananp- μέν@b γάρ@b >αἴσθησις@nnfsc ὅς@rpgfs καί@cs ὁ@dnnp ἄλογος@annnp- ζῷον@nnnpc κοινωνέω@vira3s ὁράω@vppannp καί@cs ἀκούω@vppannp γεύω@vppennp τε@cs καί@cs ὁσφραίνω@vppennp καί@cs ἅπτω@vppennp θεῖος@nnfsc δέ@b ὅς@rpgfs οὐ@b δέ@cs πᾶς@annmp- ἄνθρωπος@nnmpc μετέχω@vipa3p ἀλλά@cs οἶ@dnmp τοιοῦτος@rpanp ποιέω@vpaanmp ὄις@annmp- ἐπιφέρω@vipe3s ὁ@rpnns αἶθησις@nafsc θεῖος1@anafs- εὐρέω@vifa2s διόπερ@b μή@b θαυμάζω@vsaa2s εἰ@cs καί@b ὁ@dnns ὁ@dgns σῶμα@ngnsc ὄνομα@nnnsc ἀνάλογος@annns- ὁ@ddnp ὄνομα@ndnpc ὁ@dgnp μέρος@ngnpc ὁ@dgns σῶμα@ngnsc ἀνάγω@vppednp ἐπί@p ὁ@dafp δύναμις@nafpc ὁ@dgfs ψυχή@ngfsc ἐπί@p ὅλος@anafs- ἀναφέρω@vipe3s ὁ@dafs ψυχή@nafsc ἐν@p ὁ@ddns ὁ@dnms λύχνος@nnmsc ὁ@dgns σῶμα@ngnsc εἰμί@vipa3s ὁ@dnms ὀφθαλμός@nnmsc ὅς@dnmp φημί@vipa1p δέ@b οὗτος@rpanp ὡς@cs πανταχοῦ@b ὁ@dgfs ἐπωνυμία@ngfsc ὁ@dgns σῶμα@ngnsc ἀλληγορέω@vppegfs οἶδα@vira1p γάρ@b καί@cs ἐπί@p ἄλλος@rpgmp τάσσω@vnre-- ὁ@dans ὁ@dgns σῶμα@ngnsc ὄνομα@nansc ὡς@cs ἐν@p ὁ@ddns μή@b φοβέω@vmpe2p ἀπό@p ὁ@dgmp ἀπό@ κτείνω@vppagmp ὁ@dans σῶμα@nansc καί@cs σύ@rpn-p εἰμί@vipa2p σῶμα@nnnsc χριστός@ngmsp"
"Lc.fr._54","ὁ@dgms δέ@b ἐφεξῆς@b ῥητός@ngmsc τοιοῦτος@anams- εἰμί@vnpa-- ὁ@dams λόγος@namsc νομίζω@vipa1s εἴπερ@cs οὖν@b διά@p ὁ@dans ὁ@dans σῶμα@nansc σύ@rpgcs φωτεινός@anans- γίγνομαι@vnra-- φωτίζω@vpapgns ὑπό@p ὁ@dgms λύχνος@ngmsc ὁ@dgns σῶμα@ngnsc μηδείς@rpnns εἰμί@vipa3s ἐν@p σύ@rpdcs μέρος@nnnsc ἔτι@b σκοτεινός@annns- μηδαμῶς@b ἁμαρτάνω@vppadms ἔτι@b οὕτως@b εἰμί@vifm3s φωτεινός@annns- ὁ@dnns ὅλος@annns- σῶμα@nnnsc ὡς@cs παραβάλλω@vnpe-- ὁ@dafp αὐγή@nafpc αὐτός@rpgms λύχνος@ndmsc ἐν@p καταυγάζω@vppadfs ἀστραπή@ndfsc καί@b ἄν@cs φωτίζω@vspa3s οὐ@b σκότος@nansc λύω@vppadms ἀστραπή@ndfsp μέν@b γάρ@b ἔοικα@vira3s λαμπρός@andfss ὁ@dnms ἀπό@p ὁ@dgms νόος@ngmsc φωτισμός@nnmsc λύχνος@ndfsc δέ@b ἐν@p ἀστραπή@ndfsc καταυγάζω@vppadfs ὁ@dans ἐν@p ὁ@ddns σῶμα@ndnsc φάος@nansc φύω@vpradms εἰμί@vnpa-- σκό@ngmsc -@annms- τος@annms- ἄγω@vppedms ὅπου@b ὁ@dnms νόος@nnmsc βούλομαι@vipe3s εἰ@cs οὖν@b ὁ@dgmp ἐν@p ἀμαθία@ndfsc καί@cs ἄγνοια@ndfsc ὁ@dnms νόος@nnmsc ὁ@ddfs φύσις@ndfsc φάος@nansc τυγχάνω@vppanms σκότος@nnnsc εἰμί@vipa3s πάντως@b καί@cs ὅλος@annns- ὁ@dnns σῶμα@nnnsc οὗτος@rpnns εἰμί@vipa3s ὁ@dnns παθητικός@annns- μέρος@nnnsc ὁ@dgfs ψυχή@ngfsc ὅσπερ@rpnns εἰμί@vipa3s ὁ@dnns θυμικός@annns- καί@cs ἐπιθυμητικός@annns- πολύς@andns- μᾶλλον@b σκότος@nnnsc εἰμί@vipa3s"
"Lc.fr._55","11@ 35@b σκοπέω@vmpa2s οὖν@b μή@cs ὁ@dnns φάος@nnnsc ὁ@dnns ἐν@p σύ@rpdcs σκότος@nnnsc εἰμί@vipa3s σκοπέω@vmpa2s οὖν@b μή@b ὁ@dnns φάος@nnnsc ὁ@dnns ἐν@p σύ@rpdcs σκότος@nnnsc τίνω@viia3s ἔξεστι@vppanns οὖν@b εἰμί@viia3s σύ@rpdmp φημί@vipa3s καθαρός@anams- κατασκευάζω@vnpa-- ὁ@dams νόος@namsc καί@cs διά@p οὗτος@rpans καταλαμπρύνω@vnpa-- ἑαυτοῦ@rpgmp ὁ@damp τε@b λόγος@nampc καί@cs ὁ@dafp πρᾶξις@nafpc σύ@rpnmp δέ@b ὁ@dans ἐναντίος@anans- ποιέω@vipa2p ὅθεν@b χρή@vipa3s προάγω@vnpa-- φάος@nansc ἐντεῦθεν@b προάγω@vmpa2p σκότος@nansc ἐκ@p πονηρός@angfp- ἔννοια@ngfpc ὁ@dams φθόνος@namsc ἔχω@vppanmp"
"Lc.fr._56","2@b οὐδείς@rpnns δέ@b κατακαλύπτω@vprenns εἰμί@vipa3s ὁ@dnms οὐ@b ἀποκαλύπτω@vifp3s ἤ1@rpanp τοίνυν@b περί@p ὁ@dgms καιρός@ngmsc ἐκεῖνος@angms- οὗτος@rpans λέγω3@vipa3s ὅτε@cs κρίνω@vipa3s ὁ@dnms θεός@nnmsc ὁ@danp κρυπτός@ananp- ὁ@dgmp ἄνθρωπος@ngmpc καί@b φωτίζω@vifa3s ὁ@danp κρυπτός@ananp- ὁ@dgns σκότος@ngnsc καί@cs φανέρωσις@vifa3s ὁ@dafp βουλή@nafpc ὁ@dgfp καρδιά@ngfpc ἤ1@rpdns ἐκεῖνος@rpnns φημί@vipa3s ὅτι@cs ὅσος@andns- πειράω@vipe3s τις@rpnms καλύπτω@vnpa-- ὁ@danp καλός@ananp- ὁ@ddfs κατηγορία@ndfsc κατά@p φύσις@nafsc ὁ@dnns καλός@annns- ἀκάλυπτος@annns- εἰμί@vipa3s"
"Lc.fr._57","6@ οὐ@b πέντε@an---- στρουθίον@nanpc πωλέω@vipe3p ἀσσάριον@angnp- δύο@ τηρέω@ndmsp δέ@b ὅτι@cs οὐ@b πτῶσις@vsaa3p στρουθίον@ngnsc ἐπί@p ὁ@dgfs γῆ@ngfsc λέγω@viaa3s ὡς@cs ὁ@dnms ματθαῖος@nnmsp πέντε@ δέ@b στρουθίον@nnnpc νῦν@b ὁ@dgns δίκαιος@angns- ὁ@dafp αἴσθησις@nnfpc ἐμφαίνω@vipe3s ὅς@rpnfp ὁ@dgnp μετέωρος@angmp- καί@cs ὑπέρ@p ἄνθρωπος@namsc αἰσθάνομαι@vipe3p ὁράω@vppanfp ὁ@danp θεῖος@ananp- ἀκούω@vppanfp φωνή@ngfsc θεός@ngmsc γεύω@vppenfp ζάω@vppagms ἄρτος@ngmsc ὁσφραίνω@vppenfp χριστός@ngmsp μύρον@ngnpc εὐωδία@ngfsc ἔλεος@angfs- ἀγαλλίασις@ngfsc ἅπτω@vppenfp λόγος@ngmsc ζάω@vppagms εἰ@cs τις@rpncp ἐξευ@b -@b τρίζω@vppenfp ὑπό@p ὁ@dgmp ὁ@danp ὁ@dgns πνεῦμα@ngnsc μωρία@nafsc καί@cs εὔωνος@nafsc κρίνω@vppagmp οὐ@b εἰμί@vipa3p ἐπιλανθάνομαι@vprenfp ἐνώπιον@b ὁ@dgms θεός@ngmsc εἰ@cs δέ@b ὁ@dnms λόγος@nnmsc πιπράσκω@viap3s τριά@an---- κοντα@ananp- ἀργύριον@ndnpc οὐ@b θαυμαστός@annns- εἰ@cs καί@b θεῖος2@nnfpc αἴσθησις@vifa2s δύο@an---- ἀσσάριον@angfp- ὁ@dans μέντοι@b ἐμφαίνω@anans- ῥητός@anans- μη@b δέ@cs ὁ@dans ἐλαχύς@anans- στρουθίον@nansc ἐπιλείπω@vpreams εἰμί@vnpa-- ἐνώπιος@b ὁ@dgms θεός@ngmsc συνεξετάζω@vmaa2s ὁ@ddnp ἐμφαίνω@vppadmp ῥητός@andmp- ἐπιλανθάνομαι@vnpe-- τις@rpgnp ὁ@dams θεός@namsc διά@p ἁμαρτία@nafpc αὐτός@rpgmp ῥητῶς@b μέν@b οὖν@b ὁ@dnns λεπτομερής@annns- ὁ@dgfs πρόνοια@ngfsc καί@cs ὁ@dnfs μέχρι@p ὁ@dgnp λεπτός@angnp- γνῶσις@nnfsc ἐν@p οὗτος@rpdnp δηλόω@vipe3s νοητός@b δέ@b πίπτω@vipa3s ἐπί@p ὁ@dgfs γῆ@ngfsc οἶος@annfs- στρουθίον@nnfsc ὁ@annns- φρόνημα@nnnsc ἐπάν@cs δεῖ@vppanns ἄνω@b φέρω@vnpe-- ὁ@rpnnp κάτω@b ζητέω@vipa3s ὁ@ddnp ὁ@dgfs σάρξ@ngfsc ἐνέχω@vppednp κακός@andnp- παραδίδωμι@vpapnns εἰς@p πάθος@nanpc ἀτιμία@ngfsc καί@cs ὁ@dans ἐλεύθερος@anans- μετά@p ὁ@dgns τίμιος@angns- ἀπόλλυμι@vpranns τοιοῦτος@rpnms δέ@b ὁ@dnms ὑπό@p ὁ@dgms λόγος@ngmsc μετεωρίζω@vpapnms καί@cs ὁ@danp γήϊνος@ananp- φρονέω@vpaanms κατά@p δέ@b ὁ@dans ῥητός@anans- πάλιν@b ὁ@dnns οὐ@ πίπτω@vifm3s ἐπί@p ὁ@dafs γῆ@nafsc ἄνευ@p ὁ@dgms πατήρ@ngmsc σύ@rpgmp οὐ@b ὁ@dafs βούλησις@nafsc δείκνυμι@vipa3s ἀλλά@cs ὁ@dafs πρόγνωσις@nafsc ὁ@dgnp γάρ@b γίγνομαι@vppegnp ὅς@b μέν@b κατά@p βούλησις@nafsc γίγνομαι@vipe3s ὅς@dnfs δέ@b κατά@p εὐδοκία@nafsc ὅς@dnfs δέ@cs κατά@p συγχώρησις@nafsc"
"Lc.fr._58","12@ 19@b >καί@cs ἐρέω@vifa1s ὁ@ddfs ψυχή@ndfsc ἐγώ@rpgcs ψυχή@nvfsc ἔχω@vipa2s πολύς@ananp- ἀγαθός@ananp- ἔχω@vipa2s πολύς@ananp- ἀγαθός@ananp- κεῖμαι@vpreanp ὡς@cs γάρ@b κάτω@b κεῖμαι@vppenms λέγω3@viia3s ἔχω@vipa2s ἀγαθός@ananp- κεῖμαι@vpreanp εἰς@p ἔτος@nanpc πολύς@ananp- ἐν@p ὁ@ddfs περί@p ὁ@dgnp ἀγαθός@angnp- πλανάω@vppenms κρίσις@ndfsc ἀγνοέω@viia3s γάρ@b ὅτι@cs ὄντως@b ἀγαθός@annnp- οὐ@b ἐν@p ὁ@ddfs καταρκέω@vpamdfs γῆ@ndfsc ἀλλά@cs ἐν@p οὐρανός@ndmsc ἔνθα@b οὐ@b εἰς@p ἔτος@nanpc πολύς@ananp- ἀλλά@cs εἰς@p ἀπέραντος@anamp- αἰών@nampc ὁ@dnfs ὁ@dgmp μακάριος@angmp- εἰμί@vipa3s ἀνάπαυσις@nnfsc καί@cs εὐφροσύνη@nnfsc ἐν@p χριστός@ndmsp ἰησοῦς@ngmsp"
"Lc.fr._59","35@ εἰμί@vmpa3p σύ@rpgcp ὁ@dnfp ὁσφύς@nnfpc περιζώννυμι@vprenfp ὁ@dgmp ἐν@p ἁγνεία@ndfsc ζάω@vppagmp ὁ@dnfp ὀσφῦς@nnfpc ζώννυμι@vprenfp εἰμί@vipa3p ἐπεί@cs δέ@b καί@b νύξ@nnfsc ὁ@dnms βίος@nnmsc ἐγώ@rpgcp λύχνος@ngnsc δέομαι@vipe1p ὅς@rpnms εἰμί@vipa3s νόος@nnmsc ὀφθαλμός@nnmsc εἰμί@vppanms ψυχή@ngfsc καί@cs εἰ@cs ἐν@p ὁ@ddms ἔξω@b ἄνθρωπος@ndmsc εἰμί@vipa3s ἐγρήγορσις@nnfsc εὔλογος@b ὁ@danp πολύς@ananp- ἤ1@cs πᾶς@ananp- ἐν@p ὁ@ddms βίος@ndmsc οὗτος@rpdms ὕπνοια@ngfsc ἐγώ@rpdmp δεῖ@vipa3s διό@b τε@cs ὁ@damp ἐφεδρεύω@vppaamp ἀρχή@nafpc δή@b λέγω3@vipa1s >καί@b ἐξουσία@nafpc πρός@p ὅς@rpdms ὁ@dnfs ἵνα@nnfsc ἶνα@nnfsc εὑρίσκω@vsaa1p ὁ@ddms κύριος@ndmsc τόπος@namsc σκήνωμα@nnnsc ὁ@ddms θεός@ndmsc ἰακώβ@ndmsp εἰμί@vipa3s δέ@b ὅτε@cs ἵνα@cs ἀνανοίγνυμι@vsaa1p κρούω@vpaadms ὁ@ddms δεσπότης@ndmsc τηρέω@ndfsp ὅτι@cs καί@b ὁ@dnms ὁ@dgns ἐγείρω@vnra-- μισθός@nnmsc δίδωμι@vipe3s περιζώννυμι@vifm3s γάρ@b φημί@vipa3s εἰμί@vipa3s δέ@b ζώννυμι@vprenms ὁ@dafs ὀσφῦς@nafsc κατά@p ὁ@dans ἐνδύω@viam3s κύριος@nnmsc δύναμαι@nafsc μιν@rpams καί@b περιζώννυμι@viam3s ἐν@p ὅς@rpdfs κατά@p ἀξία@nafsc ἕκαστος@anams- ἀνακλίνω@vipa3s καί@cs κατά@p ἀξία@nafsc ἕκαστος@andms- διακονέω@vifa3s ἀποδίδωμι@vppanms ἕκαστος@andms- κατά@p ὁ@danp ἔργον@nanpc αὐτός@rpgms"
"Lc.fr._60","ἔτι@cs ἕκαστος@angns- ὁ@ddfs ψυχή@ndfsc ὁ@dnms κλέπτης@nnmsc ἐπιβουλεύω@vppanms ἔρχομαι@vipe3s καί@cs ὁ@dnms ὁ@dgms θεός@ngmsc λόγος@nnmsc ὁ@damp ἑαυτοῦ@rpgms φυλάσσω@vppanms ἐπιφαίνω@vipe3s διά@p οὗτος@rpans γρηγορέω@vmaa2s ρηρον@vmaa2s ἐν@b εἰ@cs μέν@b ὁ@dnms κλέπτης@nnmsc ἔρχομαι@voaa3s ἐγείρω@vpraams εὑρίσκω@vpaanms ὁ@dams οἰκοδεσπός@namsc ὁ@namsc μή@b διορύσσω@vsam2s αὐτός@rpgms οἶκος@namsc εἰ@cs δέ@b ὁ@dnms υἱός@nnmsc ὁ@dgms ἄνθρωπος@ngmsc παραγίγνομαι@voam3s ἵνα@cs κρούω@vpaadms αὐτός@rpdms εὐθύς2@b ἀνοίγνυμι@vsaa3s ἐάν@cs γάρ@b καθεύδω@vppaams εὔρω@vspa3s καί@cs κρούω@vsaa3s ἐκεῖνος@annms- μή@cs ἀνοίγνυμι@vsaa3s ἄπειμι2@vipa3s καταλιμπάνω@vppanms αὐτός@rpams ἑξῆς@b δέ@b ὁ@ddms βίος@ndmsc οὗτος@andms- ὁ@dnms γρηγορέω@vpaanms ἐν@p αὐτός@rpdms ἡδύς@b ὑπνόω@vifa3s καί@cs οὐ@b πτοέω@vifp3s ἔκπληξις@nafsc ἐπέρχομαι@vpaaafs οὕτως@b δαβὶδ@nnmsc κοιμάω@viap3s μετά@p ὁ@dgmp πατήρ@ngmpc αὐτός@rpgms καί@cs ὁ@dnmp καθεξῆς@b ὅσπερ@rpans ἐπί@p οὐδείς@rpgns ὁ@dgnp ἀπό@p ἀλλότριος@angns- σπέρμα@ngnsc ὁ@dgnp ἅγιος@angnp- ἀναγράφω@vpreans μέχρι@p ὁ@dgns πάρειμι1@vppagns εὑρίσκω@vifa1p ὡς@cs τάχα@b καί@b διά@p οὗτος@rpans λέγω3@vnpa-- ὁ@dams ἀπόστολος@namsc οὐ@b πᾶς@annmp- κοιμάω@vifm1p εἰ@cs πᾶς@annmp- κοιμάω@vifm1p μακάριος@annmp- τοίνυν@b ὁ@dnmp δοῦλος@nnmpc ὅς@rpamp ἔρχομαι@vpaanms ὁ@dnms κύριος@nnmsc εὑρίσκω@vsaa3s γρηγορέω@vppaamp ἶνα@cs χωρίς@p παρενθήκη@ngfsc δίδωμι@vsaa3s αὐτός@rpdmp ὁ@dams μισθός@namsc δικαιοσύνη@ndfsc ἐκ@vprenms σώζω@vprenms ὁ@dafs ὀσφῦς@nafsc ἐφίστημι@vipe3s δέ@b ὁ@ddms καιρός@ndmsc ὁ@dgms ἀπαιτητής@ananp- τίθημι@vnfm-- τις@rpams ὁ@dafs ψυχή@nafsc ὁποῖος@annms- ποτέ@b ἄν@b εἰμί@vspa3s εἰ@cs γάρ@x ἐφίστημι@viaa3s ὁ@ddms εἶπον@vpaadms καθαιρέω@vipa1s ἐγώ@rpgcs ὁ@dafp ἀποθήκη@nafpc καί@cs μέγας@anampc ποιέω@vifa1s καί@cs λέγω@viaa3s αὐτός@rpdms ἄφρων@nvmsc οὗτος@rpdfs ὁ@ddfs νύξ@ndfsc ὁ@dafs ψυχή@nafsc σύ@rpgcs ἀπαιτέω@vipa3p ἀπό@p σύ@rpgcs πόσος@andns- μᾶλλον@b ὁ@ddmp μακάριος@andmp- καί@cs ἅγιος@andmp- ἐπίσταμαι@vifm3s μετά@p ὁ@dans ἀναλύω@vnaa-- σύν@p κύριος@andns- εἰμί@vpfmdmp"
"Lc.fr._61",">καί@cs σύ@rpnmp ὅμοιος@annmp- ἄνθρωπος@ndmpc προσδέχομαι@vppedmp ὁ@dams κύριος@namsc ἑαυτοῦ@rpgmp εἰμί@vipa3s μέντοι@b ὕπνος@nnmsc καί@cs ἐγρήγορσις@nnfsc ὥσπερ@cs ἐπί@p ὁ@dgms ἔξω@b ἄνθρωπος@ngmsc καί@cs ἐπί@p ὁ@dgms ἔξω@b καί@cs ἀπαιτέω@vipe1p μέν@b ἐγείρω@vnra-- κατά@cs φημί@vipa3s ὁ@dnms σωτήρ@nnmsc >γρηγορέω@vmpa2p καί@cs προσεύχομαι@viie2p ἵνα@cs μή@b εἰσέρχομαι@vsaa2p εἰς@p πειρασμός@namsc καί@cs ἐν@p παροιμία@ndfpp λέγω3@vipe3s μή@annfs- δίδωμι@vsaa2s ὕπνος@namsc σός@andnp- ὄμμα@ndnpc μηδέ@x νυσταγμὸς@namsc σός@andnp- βλέφαρον@ndnpc κοιμάω@vnpe-- δέ@x ὅτε@cs ὁ@dnms μέν@x σωτήρ@nnmsc λέγω3@vipa3s καθεύδω@vmpa2p ὁ@dans λοιπός@anans- καί@cs ἀναπαύω@vmpe2p ὁ@dnms δέ@cs σολομῶν@ngfpp ἐάν@cs γάρ@x καθεύδω@vspa2s ἄφοβος@annms- εἰμί@vifm2s ἐάν@cs δέ@b καθεύδω@vspa2s ἡδέως@b ὑπνόω@vifa2s καί@cs οὐ@b φοβέω@vifp2s ἔκπληξις@nafsc ἐπέρχομαι@vpaaafs σύ@rpdcs"
"Lc.fr._62","πλήν@b ὁ@danp πολύς@ananp- ἤ1@cs καί@b ὁ@danp πᾶς@ananp- ἐν@p ὁ@ddms βίος@ndmsc οὗτος@rpdms ἀγρυπνητέον@annns- εἰμί@vipa3s πη@b μέν@b διά@p ὁ@dans ἐφεδρεύω@vnpa-- ὁ@damp πολέμιος@anamp- εἰμί@vppaamp οὐ@b αἷμα@nansc καί@cs σάρξ@nafsc ἀλλά@cs ἐξουσία@nafpc καί@cs κοσμοκράτορες@nampc ὁ@dgms κόσμος@ngmsc οὗτος@rpgms καί@cs πνευματικός@ananp- ὁ@dgfs πονηρία@ngfsc ἕν@cs ἐκ@rpgms ἐγείρω@vnra-- σώζω@vspe1p ὥσπερ@cs δορκάς@nnfpc ἐκ@p βρόχος@ngmpc καί@cs ὥσπερ@cs ὄρνεον@nnnsc ἐκ@p παγίς@ngfsc καί@cs ἵνα@cs ὁ@dafp ὀσφῦς@nafpc περιζώννυμι@vpamnmp καί@cs ὁ@damp λύχνος@nampc ἀναπτύσσω@vppeamp ἔχω@vppanmp ὅμοιος@annmp- γίγνομαι@vsam1p ἄνθρωπος@ndmpc προσδέχομαι@vpfmdmp ὁ@dams κύριος@namsc ἑαυτοῦ@rpgmp ἵνα@cs ἔρχομαι@vpaagms γα@ngmsc κρούω@vpaagms εὐθύς2@b ἀνανοίγνυμι@vsaa1p αὐτός@rpdms καί@cs πρόσχω@b εἰ@cs μή@b λόγος@namsc ἔχω@vipa3s διά@p ὁ@dafs πρῶτος@anafs- καί@b δεύτερος@anafs- καί@cs τρίτος@anafs- φυλακή@nafsc ὁ@dgfs νύξ@ngfsc ἤ1@cs καί@b τέταρτος@anafs- ἵνα@cs ἐν@p πᾶς@andnp- γρηγορέω@vspe1p ἐρῶ@vnpe-- καί@b παρά@p ὁ@ddms σολομών@ndmsp ὁ@dans πᾶς@andfs- φθλάζω@ndfsc τηρέω@vmpa2s σός@anafs- καρδία@nafsc"
"Lc.fr._63","37@nvmsc ἐγώ@anafs- λέγω3@vipa1s σύ@rpdmp ὅτι@cs περιζώννυμι@vifm3s καί@cs ἀνακλίνω@vifa3s αὐτός@rpamp διά@p οὗτος@rpans δέ@b οἴομαι@vipe1s περιζώννυμι@vifm3s ὁ@dnms χριστός@nnmsp μέλλω@vppanms ἀνακλίνω@vnpa-- ὅς@rpamp εὑρίσκω@vifa3s γρηγορέω@vppaamp ἐπείπερ@cs κατά@p ὁ@dams ἡσαΐας@namsp εἰμί@vifm3s δικαιοσύνη@ndfsc ἐξελαύνω@vprenms ὁ@dafs ὀσφῦς@nafsc τε@nnnsp δέ@b ὁ@rpnns παρέρχομαι@vpaanms διακονέω@vifa3s αὐτός@rpdmp καί@b ὁράω@vmpa2s εἰ@cs δύναμαι@vipe2s δύο@an---- διακονία@nafpc εἶπον@vnaa-- εἷς@anafs- μέν@b ὁ@dafs ἐν@p ὁ@ddms βίος@ndmsc οὗτος@andms- κατά@p ὅς@rpafs λέγω@viaa3s ἐγώ@rpnms εἰμί@vipa1s ἐν@p μέσος@andms- σύ@rpgmp οὐ@b ὡς@cs ὁ@dnms ἀνάκειμαι@vprenms ἀλλά@cs ὡς@cs ὁ@dnms διακονέω@vppanms ἕτερος@anafs- δέ@cs περί@p ὅς@rpgfs νυνί@b φημί@vipa3s >καί@cs ἐάν@cs ἔρχομαι@vsaa3s ἐν@p ὁ@ddfs δεύτερος@andfs- φυλακή@ndfsc καί@cs ἐν@p ὁ@ddfs τρίτος@andfs- φυλακή@ndfsc ἔρχομαι@vsaa3s καί@cs εὔρω@vsra3s οὕτως@b μακάριος@annmp- εἰμί@vipa3p ὁ@dnmp δοῦλος@nnmpc ἐκεῖνος@rpnmp"
"Lc.fr._64","12@ τίς@rpncs ἄρα@b εἰμί@vipa3s ὁ@dnms πιστός@annms- οἰκονόμος@nnmsc ὁ@dnms φρόνιμος@annms- δοκέω@ndmsp δέ@b ἐγώ@rpdms νῦν@b ὁ@dgms πιστός@annms- καί@cs ὁ@dgms φρόνιμος@annms- ἀκούω@vnpa-- οὐ@b τε@cs ἐπί@p εἷς@ ὁ@dgfp ἀρετή@ngfpc πίστις@nafsc ἴδιος@b λέγω3@vppeafs κατά@p ὁ@dafs γραφή@nafsc ἀναφέρω@vppaams ὁ@dnns πιστός@annms- οὐ@b τε@cs ἐπί@p ἑστία@nafsc ὁ@dnns φρόνιμος@annms- καθά@cs πάντως@b ὁ@dnms πιστός@annms- φρόνις@ndfsc μός@annms- εἰμί@vipa3s καί@cs ἀνάπαλιν@b ὁ@dnms φρόνιμος@annms- πιστός@annms- ὁ@ddns ἀντακολουθέω@vnpa-- ὁ@dafp ἀρετή@nafpc ἀλλά@cs ὥσπερ@cs ὁ@dnns φρόνιμος@annms- ὄνομα@nnnsc κεῖμαι@vipe3s ποτέ@b οὐ@b κατά@p ὁ@dams πείθω@vpreams ἀρετη@nnfsc ὁ@ddfs φρόνησις@ndfsc ἀλλά@cs εἰς@p παράστασις@nafsc ὁ@dgns ἐντρεχής@angns- ὅς@rpams δυνατός@annns- ποτέ@b καί@b φαῦλος@anams- εἰμί@vnpa-- καθό@b ὁ@dnms ὄφις@nnmsc ὄφις@nnmsc εἰμί@viia3s φρόνιμος@annmss πᾶς@angnp- ὁ@dgnp θηρίον@ngnpc ὁ@dgnp ἐπί@p ὁ@dgfs γῆ@ngfsc οὕτως@b καί@b νῦν@b ὁ@dnms πιστός@annms- οὐ@b τέλειος@annms- ὁ@ddns ὁ@dafs πρόθεσις@nafsc αὐτός@rpdms νένευκε@vnra-- πρός@p ὁ@dafs εἰς@p θεός@namsc πίστις@nafsc κατά@p οὗτος@rpans δέ@b δυνατός@anans- μή@b τε@cs πόντος@ ὁ@dams πιστός1@anams- φρόνιμος@anams- εἰμί@vnpa-- μή@b τε@cs ὁ@dams φρόνιμος@anams- πιστός@anams- ὅτι@cs δέ@b καί@b κατά@p αὐτός@ananp- ὁ@danp θεῖος@ananp- γράμμα@nanpc εἰμί@vipa3s φρόνιμος@annms- οὐ@b πιστός@annms- δέ@cs καί@b ὁ@dnms οἰκονόμος@nnmsc ἐντεῦθεν@b δῆλος@annns- οὐ@b γάρ@b πιστός@angms- εἰμί@viia3s ὁ@dnns διασκορπίζω@vnpa-- ὁ@danp ὑπάρχω@vppaanp ὁ@dgns πλούσιος@angns- καί@cs ὁ@dnns προσκαλέω@vnam-- ἕκαστος@anams- ὁ@dgmp χρεωγραφέω@ngmpc ὁ@dgns γυρίον@ngnsc αὐτός@rpgms καί@cs ὁ@dans χρέος@nansc μειόω@vppanns καί@cs ὅτι@cs μέν@b οὐ@b πιστός@annms- εἰμί@viia3s σαφής@b φαίνω@vipe3s ὅτι@cs δέ@b καί@b κατά@p τις@rpans σημαίνω@vppeans φρόνιμος@annms- τυγχάνω@viia3s δῆλος@annns- ἐπαινέω@vipa3s γάρ@b ὁ@dnms κύριος@nnmsc ὁ@dans ἐντρεχής@anans- αὐτός@rpgms ψέγω@vppanms αὐτός@rpgms ὁ@dans ἄπιστος@anans- καί@cs διά@p οὗτος@rpans λέγω3@vppanms αὐτός@rpdms οὐ@b δύναμαι@vifm2s ἔτι@b οἰκονομέω@vnpa-- καί@cs τάχα@b ἐν@p ὁ@ddnp πλῆθος@ndnpc ἀρκέω@vipa3s τις@rpdcp πρός@p σωτηρία@nafsc ὁ@dnfs ὡς@cs προεῖπον@viaa1p πίστις@nnfsc ἐν@p δέ@b ὁ@ddmp οἰκονόμος@ndmpc ἀμφότερος@angnp- χρεία@nnfsc καί@cs ὁ@dgns πιστός@angms- καί@cs ὁ@dgns φρόνιμος@angms- μή@b εἰμί@vppanms γάρ@b τοιοῦτος@rpnms οὐ@b δύναμαι@vifm3s θεωρέω@vnaa-- καί@b ὁ@dams καιρός@namsc ὁ@dgfs δόσις@ngfsc ὁ@dgns σιτοβαρής@ngnsc πρός@p ὁ@damp ὑποχείριος@anamp- καί@cs ὁ@dans ἁρμόζω@vppaans ἕκαστος@andms- ἐπεί@cs οὖν@b πολύς@annmp- εἰμί@vipa3p οἰκονόμος@nnmpc ὁ@dgfp ἐκκλησία@ngfpc πιστός2@annmp- μέν@b οὐ@b μήν@b καί@cs φρόνιμος@annmp- καί@cs τις@rpnmp ὁ@dans ἐναντίος@anans- διά@p οὗτος@rpans ἐπαπορητικός@b προφέρω@viam3s ὁ@dafs φωνή@nafsc ὁ@dnms κύριος@nnmsc ὑπέρ@p ὁ@dgns τρανής@ananps ἐμφαίνω@vnap-- ὁ@dans σπάνιος@anans- καί@cs δυσεύρετος@anans- ὁ@dgmp ἅμα@b πιστός@angmp- καί@cs φρόνιμος@angmp- οἰκονόμος@ngmpc ὁ@dams γε@b μήν@b εὑρίσκω@vpapams καθίστημι@viaa3s ὁ@dnms κύριος@nnmsc ἐπί@p ὁ@dgmp θεράπων@ngmpc αὐτός@rpgms ὡς@cs καί@b ὁ@dams ἰούδας@namsp ὁ@dnms σωτήρ@nnmsc ἐκλέγω@viam3s οὐ@b ἀγνοέω@vppanms μέν@b ὁ@dans ὕστερος@b ἀπαντάω@vpfmams συγχράομαι@vppenms δέ@cs αὐτός@rpgms ὁ@ddms πρό@p ὁ@dgfs παράβασις@ngfsc χρόνος@ndmsc καί@cs ὁ@ddfs τότε@b ὁδεύω@vppadfs ἐπί@p ἀρετή@nafsc προαίρεσις@ndfsc εἰς@p ὁ@dans ὁ@dgfs ἀποστολικός@angfs- διακονία@ngfsc ἔργον@nansc ἔργον@nnnsc δέ@b ὁ@dnns ἀπόκειμαι@vppenns ἀγαθός@annns- ὁ@ddms πιστός@andms- καί@cs φρόνιμος@andms- παρά@p ὁ@dans λέγω3@vppeans πρός@p ὁ@dams δεκαπ@anams- λασιάζω@vpaaams ὁ@dafs μνᾶ@nafsc ἤ1@cs πενταπλασιάζω@vpaaams καί@b οὐ@b θαυμαστός@annns- ὅπου@b γε@b καί@b ὁ@dgnp παρά@p οὗτος@rpamp διαφέρω@vppagmp μέγας@annnsc ὁρίζω@vprenfp γάρ@b πόλις@nnfpc ὁ@ddmp ὁ@dafp μνᾶ@nafpc ἐπεξεργάζομαι@vpamdmp παραδίδωμι@vipe3p πλῆθος@nanpc δέ@cs ὁ@ddmp ὁ@danp τάλαντον@nanpc διπλασιάζω@vpaadmp πολύς@andns- δέ@b μείων@annnsc καί@b οὗτος@rpgnp εἰμί@vipa3s ὁ@dnns μή@b μόνος@anans- ἐπί@p πολύς@angnp- καθίστημι@vnpe-- ἀλλά@cs ἐπί@p πᾶς@andnp- ὁ@ddnp ὑπάρχω@vppadmp ὁ@ddms κύριος@ndmsc ὅσπερ@rpnns ἀπόκειμαι@vipe3s ὁ@ddms πιστός@andms- καί@cs φρόνιμος@andms- οἰκονόμος@andms- ἄφιος@anams- ἑαυτοῦ@rpams πᾶς@angnp- ὁ@dgnp ὑπάρχω@vppagnp διά@p ὁ@dgfs πίστις@ngfsc καθίστημι@vpaadms ζήτησις@vifa2s δέ@b εἰ@cs πλείων@angmpc εὑρίσκω@vppegmp πιστός@angmp- καί@cs φρόνιμος@angmp- ἕκαστος@anams- αὐτός@rpgmp δυνατός@anams- ἐπί@p πᾶς@andnp- ὁ@ddnp ὑπάρζω@vppadmp ὁ@dgms κύριος@ngmsc καθίστημι@vnpe-- εἰ@cs γάρ@b ἐπί@p πᾶς@andmp- πῶς@b ἕτερος@annms- χώρα@nafsc ἔχω@vipa3s ἐπί@p ὁ@ddnp δέκα@an---- πόλις@ndnpc καί@cs μᾶλλον@b εἰς@p πλείων@anampc διό@b εἰς@b προτροπή@nafsc ἐρῶ@vmre3s"
"Lc.fr._65","52@n---c εἰμί@vifm3p γάρ@b ἀπό@p ὁ@dgns νῦν@b πέντε@ ἐν@p εἷς@ndmsc οἶκος@ndmsc διαμερίζω@vprenmp ἐπεί@cs δέ@b ὁ@dnnp ἐν@p ὁ@ddns εὐαγγέλιον@ndnsc πρόσωπον@nnnpc ἕξ@ εἰμί@vipa3s ῥητέος@annns- ὅτι@cs ὁ@dnns ἐν@p πρόσωπον@nnnsc ὁ@dnns ὁ@dgfs νύμφη@ngfsc τέμνω@vipe3s εἰς@p δύο@ εἰς@p νύμφη@nafsc καί@cs θυγάτηρ@nafsc ἐν@p ὁ@ddns πρός@p ὁ@dafs μήτηρ@nafsc καί@cs ὁ@dafs νύμφη@anafs- διαμάχομαι@vnpe-- ὁ@dafs αὐτός@rpafs καί@b οὕτως@b ἀπαντάω@vipa3s τρεῖς@ ἐπί@p δύο@andmp- καί@cs δύο@ ἐπί@p τρεῖς@andmp- διαμάχομαι@vnpe-- πρός@p ἀναγωγή@nafsc δέ@b ὡς@b ἐν@p εἷς@ndmsc οἶκος@ndmsc ὁ@ddms ἄνθρωπος@ndmsc ὁ@dnfp πέντε@an---- αἰδέομαι@nnfpc πρίν@cs μέν@b ἔρχομαι@vnaa-- αὐτός@rpdfp ὁ@dams λόγος@namsc ὁμονοέω@vipa3p ἐν@p ὁ@ddfp ἡδονή@ndfpc ἐπιδημέω@vpaagms δέ@cs αὐτός@rpgms μερίζω@vipe3p δύο@an---- μέν@b ὁ@dnfp φιλόσοφος@annfpc ὅρασις@nnfsc διά@p ὅς@rpgfs ὁράω@vppanmp κόσμος@namsc καί@cs ὁ@dafs τάξις@nafsc αὐτός@rpgms θαυμάζω@vipa1p ὁ@dams κτίστης@namsc καί@cs ἀκοή@nnfsc διά@p ὅς@rpgfs μαθητεύω@vipe1p ὁ@ddms λόγος@ndmsc ὁ@dgms θεός@ngmsc ἐπί@p ὁ@dafp λοιπός@anafp- τρεῖς@anafp- γεῦσις@vipa3p ὄσφρησις@nafsc ἁφή@nafsc ὁ@dafp ἀνδραποδώδης@anafp- καί@cs οὐ@b φύω@vpraafp πρός@p φιλοσοφία@nafsc ὁ@dnfp δέ@x τρεῖς@ ἐπί@p ὁ@dafp δύο@ ἀντιπράσσω@vipa3p μᾶλλον@b ὁ@rpnns οὖν@x διαμερίζω@vifp3s πατήρ@nnmsc ἐπί@p υἱός@ndmsc ἕτερος@angfs- ἀρχή@ngfsc ἀναγνωστέον@anans- οὐ@b ἔχω@vppennp ὁ@dgnp πρῶτος@angnp- ὅς@rpnns ῥητῶς@b μέν@b ὁ@dams ὁ@dgmp πιστός@angmp- ἀπό@p ὁ@dgnp ἄπιστος@angnp- δηλόω@vipa3s μερισμός@namsc συμβαίνω@nnmsp πολιτικός@b δέ@b πατήρ@nnmsc νόος@nnmsc μερίζω@vipe3s ἐπί@p υἱός@ndmsc μοχθηρός@andms- λογισμός@ndmsc μή@b συγκατατίθημι@vppenms αὐτός@rpdms >καί@nnmsc υἱός@nnmsc ἐπί@p πατήρ@ndmsc ὁ@dnms ὁ@dams ἀποθνήσκω@vpaaams μή@b θάπτω@vppanms πατήρ@namsc μήτηρ@nnfsc ἐπί@p θυγάτηρ@ndfsc ψυχή@nnfsc ὁ@dams μοχθηρός@anams- αὐτός@rpgfs οὐ@b ἀποδέχομαι@vppenfs καρπός@namsc θυγάτηρ@nnfsc ἐπί@p μήτηρ@nafsc ὁ@dafs ὕλη@nafsc ὁ@dnfs μηκέτι@b ἑνόω@vppenfs αὐτός@rpdfs ψυχή@nnfsc >νύμφη@annfs- ἐπί@p νύμφη@nafsc ὁ@dnfs ὁ@dgms νόμος@ngmsc ἀνήρ@ngmsc ὁ@dgfs ὑπό@p αὐτός@andms- ψυχή@ngfsc μήτηρ@nnfsc λέγω3@vipa1s δή@x ὁ@dans ἅγιος@anans- πνεῦμα@nansc καταλιμπάνω@vpaaams ὁ@dams ἐκ@p περιτομή@ngfsc λαός@namsc >νύμφη@nnfsc ἐπί@p ὁ@dafs πενθερά@nafsc ὁ@dnms διά@p ὁ@dgns ἁμαρτάνω@vnpa-- λαός@nnmsc χωρίζω@vpapnms ὁ@dgns πνεῦμα@ngnsc"
"Lc.fr._66","6@b συκῆ@nafsc ἔχω@viia3s τις@rpncs φυτεύω@vpreafs ἕτερος@anans- δέ@cs τέταρτος@anams- νοέω@vnaa-- ὁ@dams ὁ@dgfs ἐνανθρώπησις@ngfsc χρόνος@namsc κατά@p ὅς@rpams νύσσω@vipa3s καί@cs περιοικοδομέω@vipa3s ὁ@dams ἰσραήλ@nnmsp καταθερμαίνω@vppanms αὐτός@rpams ἵνα@cs ζέω@vppaamp ὁ@ddns πνεῦμα@ndnsc ἀποτελέω@vsaa3s ἐπεί@cs δέ@b μετά@p τοσοῦτος@anafp- ἀπειλή@nafpc μένω@viaa3p ἄκαρπος@annmp- ἐκκόπτω@viap3s ὁ@dnfs συκῆ@nnfsc καί@cs ἐγκολλάω@viap3s ὁ@dnnp ἔθνος@nnnpc εἰς@p ὁ@dafs ἐκεῖνος@rpgmp ῥίζα@nafsc μένω@viaa3s γάρ@b ὁ@dnfs ῥίζα@nnfsc ἤ1@cs γεωργός@namsc δέ@b νοέω@vnaa-- ἄγγελος@namsc τις@anams- παρά@p θεός@ngmsc προστάσσω@vpapams προίστημι@vnpe-- ὁ@dgfs ἱερουσαλήμ@ngfsp ὅς@rpnfs καί@b καί@b συκῆ@ndfsc ἄκαρπος@andfs- παραβάλλω@vipe3s"
"Lc.fr._67","21@nvmsc ὅμοιος@annfs- εἰμί@vipa3s ζύμη@ndfsc ὅς@rpafs λαμβάνω@vpaanfs γυνή@nnfsc κρύπτω@viaa3s ἕτερος@b εἰμί@vipa3s λαμβάνω@vnaa-- ὁ@dafs ὁ@dafs μέν@b γυνή@nafsc εἰς@p ὁ@dafs ἐκκλησία@nafsc ὁ@dafs δέ@b ζύμη@nafsc εἰς@p ὁ@dans πνεῦμα@nansc ὁ@dans ἅγιος@anans- σάτα@annnp- δέ@cs τρεῖς@ananp- σῶμα@nansc πνεῦμα@nansc ψυχή@nafsc ἀγιάζω@vipe3s δέ@b οὗτος@rpnnp οὗτος@rpnnp ζύμη@ndfsc ὁ@dgns ἅγιος@angns- πνεῦμα@ngnsc ὥστε@cs γίγνομαι@vnam-- πρός@p ὁ@dans ἅγιος@anans- πνεῦμα@nansc ἐν@p φύραμα@nansc ἵνα@cs ὁλόκληρος@annns- ἐγώ@rpgmp ὁ@dnns σῶμα@nnnsc καί@b ὁ@dnns πνεῦμα@nnnsc καί@cs ὁ@dnfs ψυχή@nnfsc ἄμεμπτος@b τηρέω@vspa3s ἐν@p ὁ@ddfs ἡμέρα@ndfsc ὁ@dgms κύριος@ngmsc ἐγώ@rpgcp ἰησοῦς@ngmsp χριστός@ngmsp ὡς@cs φημί@vipa3s ὁ@dnms θεπέσιος@annms- παῦλος@nnmsp"
"Lc.fr._68","12@b ὅταν@cs ποιέω@vspa2s ἄριστον@nansc ἤ1@cs δεῖπνον@nansc μή@b φωνέω@vmpa2s ὁ@damp φίλος@nampc ἀλλά@cs οὕτως@b μέν@b κατά@p ὁ@dans ῥητός@anans- κελεύω@vipe1p μή@b φίλος@nampc καλέω@vnpa-- καί@cs γείτων@nampc ἀλλά@cs >πτωχός@nampc καί@cs ἄπλατος@anamp- χωλός@anamp- καί@cs τυφλός@anamp- εἰ@cs δέ@b μή@b οἰκονομικός@b καί@cs ὡς@cs ἐν@p παραβολή@ndfpc λέγω3@vipa3s οὗτος@rpanp ἶνα@b καί@b ὁ@dnmp ἀ@annmpc \@annmpc κεραιός@annmpc ὡς@cs ἐγχωρέω@vipa3s ὠφελέω@vipe3p οὗτος@rpanp καί@cs ἀποτρέπω@vipa3s ὁ@dgnp καθήκω@vppagnp οὐ@b σοφός@angns- γάρ@x εἰμί@vipa3s πτωχός@anamp- μή@b πιστός@anamp- καλέω@vnpa-- ἤ1@cs φίλος@anamp- πιστός@anamp- πτωχός@anamp- μή@b καλέω@vnpa-- τάχα@b οὖν@b μυστικός@b φίλος@nnmpc ὁ@dnmp χαίρω@vppanmp λόγος@ndmsc ὁ@ddnp ὁ@dgfs ἀλήθεια@ngfsc δόγμα@ndnpc ἀδελφός@nnmpc ὁ@dnmp ἔχω@vppanmp ἀδελφός@ananp- δόγμα@nanpc συγγενής@annmp- ὁ@dnmp ἐγγύς@annmpc μέν@b πλησιάζω@vnpa-- δέ@cs ἐγώ@rpdmp ἐθέλω@vppanmp ἐν@p δόγμα@ndnpc γείτονες@nnmpc ὁ@dnmp μή@b πάντῃ@b μακράν@b ἔχω@vppanmp ὁ@danp οἴκημα@nanpc ὁ@dgnp ἡμέτερος@angnp- δόγμα@ngnpc κατά@p κοινός@angns- μέν@b οὖν@b ployw@ ἀκούω@annns- ὁ@dnms δέ@b πλουτέω@vppanms ἐν@p ὅς@rpdnp οἴομαι@vipe3s ἀληθής@andnp- δόγμα@ndnpc καλέω@vpapnms ἐπί@p ὁ@dams ὄντως@b ἀληθής@anams- λόγος@namsc ἀντιλέγω@vppanms ὁ@ddfs ἀλήθεια@ndfsc οἷος@rpans ἀντικαλέω@vifa3s ὁ@dams διδάσκω@vppaams ἐπεί@cs δέ@b οὐ@b οὐ@b πολύς@annmp- μέν@b ἐν@p ἐγώ@rpdmp >σοφός@annmp- τις@rpncp δέ@b ζητητέος@annns- εἰ@cs καί@b οὗτος@rpamp κλητέον@annns- ὁ@dnmp μέν@b γάρ@b ἀκρόασις@nafpc καταγγέλλω@vppanmp πλούσιος@nampc καί@cs οὐ@b πτωχός@nampc καλέω@vipa3p ὁ@dnms δέ@cs πρός@p δόξα@nafsc ἀληθής@ananp- διακονέω@vppanms ὁ@ddms λόγος@ndmsc κενοδοξία@ngfsc ἀπαλλαξείω@vire3s καλέω@nnmsc δέ@b >πτωχή@nampc φημί@vipa3s ὅτε@rpnns εἰμί@vipa3s ἄπορος@anamp- λόγος@ngmpc ἶνα@cs πλουτέω@vsaa2s ἀνάπηρος@anamp- οὗτος@rpnns εἰμί@vipa3s βλάπτω@vpreamp ὁ@dans φρόνημα@nansc ἵνα@cs ὑγιαίνω@vsaa2s >χωλός@anamp- ὁ@damp σκάζω@vppaans ὁ@nampc ὁ@ddms λόγος@ndmsc ἐν@cs ὁρθή@anafp- τροχιάς@nafpc ποιέω@vspa3p τυφλός@anamp- ὁ@damp ὁ@dans θεωρητικός@anans- μή@b ἔχω@vppaamp εἷς@anams- βλέπω@vppadmp ὁ@dans φάος@nansc ὁ@dans ἀληθινός@anans- ὁ@rpnns δέ@b οὐ@b ἔχω@vipa3p ἀνταποδίδωμι@vnpa-- σύ@rpdcs ἴσος@annns- εἰμί@vipa3s ὁ@ddns οὐ@b οἶδα@vipa3p πρός@p ἐρώτησις@nafsc ἤ1@cs ἀπόκρισις@nafsc διεξάγω@vnpa-- λόγος@namsc καί@b διαλεκτικός@b καί@cs ἄνθρωπος@nnmsc μέν@b ἀπό@p φιλανθρωπία@ngfsc ἀναγορεύω@vppenms ὁ@dnms θεός@nnmsc καί@cs πατήρ@nnmsc ὁ@ddmp μήπω@b δύναμαι@vppedmp ἐσθίω@vnaa-- ἄριστον@nansc ἐν@p ὁ@ddfs βασιλεία@ndfsc ὁ@dgms θεός@ngmsc ὡς@cs ἄνθρωπος@nnmsc δεῖπνον@nansc ποιέω@vipa3s καί@cs μέγας@anans- ὑπέρ@vmpa2s βαίνω@vira3s γάρ@x ὁ@dnns ἄριστον@nnnsc ἄριστον@annns- μέν@b γάρ@b ὁ@dnmp εἰσαγωγικός@annmp- λόγος@nnmpc ἤ1@cs ἠθικός@annmp- ἤ1@cs ὁ@dnnp παλαιός@annnp- λόγιον@nnnpc δεῖπνον@annns- δέ@b ὁ@dnmp ἐν@p προκοπή@ndfsc λόγος@nnmpc μυστικός@annmp- ἤ1@cs ὁ@dnmp ὁ@dgfs ναῦς@angfs- διαθήκη@ngfsc ἀνάστασις@nnmsc δέ@b δίκαιος@nnmsc ἐνταῦθα@b λέγω3@vipa3s ὅς@rpafs ἰώαννης@nnmsp πρῶτος@anafs- ἐν@p ὁ@ddfs ἀποκάλυψις@ndfsp φημί@vipa3s"
"Lc.fr._69","14@ 18@ >καί@cs ἄρχω@viam3p ἀπό@p εἷς@ πᾶς@annmp- παραιτέομαι@vnpe-- καλέω@viap3p μέν@b ὡς@b ἐντρεχής@an---- ἀπό@p φύσις@ngfsc τρεῖς@andmp- δέ@cs τρόπος@ndmpc ἀποπίπτω@vipa3p ὁ@dgfs κλῆσις@ngfsc φαντασία@ndfsc δόγμα@ngnpc κρείσσων@angnpc νοητός@angnp- διώκω@ndfsc αἰσθητός@angnp- καί@cs οὐ@b νοητός@angmp- φιλοπραγμοσύνη@ndfsc ὁ@dnmp μέν@b μέν@b γάρ@b ἀγρός@namsc ἀγοράζω@vpaanmp εἰμί@vipa3p ὅς@rpnmp καί@b παραιτέομαι@vipe3p ὁ@dans δεῖπνον@nansc ὁ@dnmp παραλαμβάνω@vpaanmp δόγμα@nanpc ἕτερος@ananp- ὁ@dgfs θειότης@ngfsc πολύς@anafs- ἔχω@vppaanp πιθανότης@nafsc καί@cs ποικιλία@nafsc ὁ@dgms λόγος@ngmsc οἴ@b καί@b καταφρονέω@vipa3p ὁ@dgms ἀγρός@ngmsc ὁ@dgms ἔχω@vppagms ἐν@p ἑαυτοῦ@rpdms θησαυρός@namsc καί@cs δύναμις@nafpc ὁ@dnms οὖν@b μή@b εἶδον@vpaanms μη@b δέ@cs δοκιμάζω@vpaanms ὅς@anams- κτάομαι@viie3s λόγος@namsc διά@p ὁ@dans προλαμβάνω@vnre-- ἐκ@p ἀνάγκη@ngfsc καί@cs οὐ@b ἑκούσιος@b ἐξέρχομαι@vipe3s ἐκ@p ὁ@dgms δεῖπνον@ngnsc καί@cs ὁ@dgns καλέω@vpragns τάχα@b δέ@cs καί@b ἑαυτοῦ@rpgms ὁ@rpnns δέ@b ἐρωτάω@vipa1s σύ@rpafs φημί@nafsc ὡς@b λόγος@ndmsc μόνος@andms- αἰδέομαι@vppenmp ὁ@dams καλέω@vpraams ὁ@dnms δέ@b ζεῦγος@nanpc βοῦς@ngfpc ἀγοράζω@vpaanms πέντε@ οὗτος@annms- εἰμί@vipa3s ὁ@dnms ὁ@dgfs νοητός@angfs- καταφρονέω@vppanms φύσις@ngfsc περί@p δέ@cs ὁ@danp αἰσθητός@ananp- καταφιλοσοφέω@vppanms οὐ@b δέ@cs οὗτος@rpnms δοκιμάζω@viaa3s ἐκ@p ἀρχή@ngfsc ὅς@b ὠνέομαι@vire3s εἰ@cs οὖν@b ὁ@dnms ἀριθμός@nnmsc ἐπί@p ὓλη@ngfsc τάσσω@vipe3s οὗτος@rpnms ὁ@danp ὑλικός@ananp- τιμάω@viia3s διό@b καί@b οὗτος@rpnms παραιτέομαι@vire3s ὁ@dans νοητός@anans- δεῖπνον@nansc ὅθεν@b καί@b ἐν@p τις@rpdnp ἀντί@p ὁ@dgns ἐρωτάω@vipa1s σύ@rpafs >καί@cs διά@p οὗτος@rpans οὐ@b δύναμαι@vipe1s ἔρχομαι@vnaa-- κεῖμαι@vipe3s ὁ@dnmp γάρ@b αἱρέω@vppanmp ὁ@danp αἰσθητός@ananp- φημί@vipa3p μή@b ἀσώματος@anans- καταλαμβάνω@vnaa-- ὁ@rpnms δέ@b τέρην@nnmsc εἰμί@vipa3s ὁ@dnms εἶπον@vpaanms γυνή@nafsc γυνή@nafsc γαμέω@nansc ὁ@dnms δοκέω@vppanms εὑρίσκω@vnra-- σοφία@nafsc καί@cs οὗτος@rpgfs κοινωνέω@vpaanms παραιτέομαι@vppenms ὁ@dafs ἀληθής@anafs- ἤ1@cs ὁ@dnms ὁ@ddfs σάρξ@ndfsc ἐφίστημι@vppenms φιλήδονος@annms- μᾶλλον@b ἤ1@cs φιλόθεος@annms-"
"Lc.fr._70","28@b τίς@rpnms γάρ@b ἐκ@p σύ@rpgmp ἐθέλω@vppanms πύργος@namsc οἰκοδομέω@vnaa-- ὁ@dnms πύργος@nnmsc ἀνάστημα@nansc ἔχω@vppanms καί@b δίαρμα@nansc καί@cs ὕφος@nansc εἰμί@vopa3s ἄν@b ὁ@dnms περί@p θεός@ngmsc λόγος@nnmsc αἰνίσσομαι@vipe3s οὖν@b διά@p ὁ@dgfs παραβολή@ngfsc ὅτι@cs μέλλω@vppanms θεολογέω@vnpa-- σκοπέω@vmaa2s εἰ@cs δύναμαι@vipe2s ἄρχω@vpamnms πᾶς@namsp ἀπαιτέω@vipa3s ὁ@dnms λόγος@nnmsc εἰς@p θεολογία@nafsc τελειόω@vnaa-- εἷς@anams- μή@b ἄρχω@vpamnms ὁ@dgnp ὁ@dgfs θεοσεβεία@ngfsc δόγμα@ngnpc ἀτελής@ananp- καταλείπω@vspa2s ὁ@dams περί@p θεός@ngmsc λόγος@namsc καί@cs στεφάνη@nafsc αὐτός@rpdms μή@b ἐποικοδομέω@vsaa2s εἰ@cs γάρ@b στεφάνη@namsc οὐ@b ἐποικοδομέω@viaa3s πίπτω@vifm3s τις@rpnms ἀπό@p ὁ@dgms πύργος@ngmsc καί@cs ἀποθνῄσκω@vifm3s"
"Lc.fr._71","15@ 16@b ἐπιθυμέω@viia3s γεμίζω@vnaa-- ὁ@dafs κοιλία@nafsc αὐτός@rpgms ἐκ@p ὁ@dgnp κέρας@ngnpc νοέω@vifa2s δέ@b καί@b οὕτως@b ὁ@dans ἐπιθυμέω@vnpa-- κορέννυμι@vnap-- ὁ@dams ἄσωτος@anams- ἐκ@p ὁ@dgnp κέρας@ngnpc ὁ@dnfs λογικός@annfs- φύσις@nnfsc ἐν@p ἀλογία@ndfsc γίγνομαι@vpamnfs ἐπιθυμέω@vipa3s καί@b ἄν@cs μή@b ἐν@p κρείσσων@andnpc λόγος@ndmpc ἐν@p ὁποῖος@rpdnp γοῦν@b καταντάω@vnaa-- ἐπεί@cs δέ@b ὁ@dnnp κεράτιον@nnnpc γλυκάζω@vipa3s μέν@b καί@cs πιαίνω@vipa3s ὁ@dnns σῶμα@nnnsc ὁ@ddns δέ@b σκύβαλος@ndnsc οὐ@b δίδωμι@vipa3s ὁδός@nafsc εἰμί@vopa3p ἄν@b οὗτος@rpanp φιλόϋλος@angmp- καί@cs φιλόσωμα@angmp- λόγος@nnmpc πιθανός@annmp- ὁ@dafs ἡδονή@nafsc λέγω3@vppagmp ἀγαθός@anans- κνήθομαι@vppegmp ὁ@dafs ἀκοή@nafsc καί@cs ἐπί@p ὁ@damp μῦθος@nampc ἐκτρέπω@vppegmp >καί@cs οὐδείς@rpnms εἰσοράω@viia3s οὐ@b παραδίδωμι@vipa3p ὁ@dnmp φαῦλος@rpnmp ἶνα@cs μή@b ἐλέγχω@vspe3p ἄλλως@b τε@cs ὁ@dnmp ὁ@dgmp εἰμί@angmp- λόγος@nnmpc ἄτροφος@annmp- καί@cs ὁ@dans χωρητικός@anans- καί@cs ἀναδοτικός@anans- ὁ@dgfp λογικός@angfp- τροφή@ngfpc ἐμπίμπλημι@vnaa-- οὐ@b δύναμαι@vipe3p"
"Lc.fr._72","21@b πατήρ@nvmsc ἁμαρτάνω@viaa1s εἰς@p ὁ@dams οὐρανός@namsc καί@b ἐνώπιον@p σύ@rpgcs καταλείπω@namsp ὁ@danp οὐράνιος@ananp- προστίθημι@viaa1s ὁ@dans ἀσεβέω@vnaa-- πρός@p σύ@rpacs ὁ@dafs ἀνθρώπινος@anafs- ἀθλιότης@nafsc ἀθλιότης@nafsc δείκνυμι@vipa3s ὁ@dnms λόγος@nnmsc ἱστορικός@b διηγέομαι@vppenms ὁ@dafs ἀπόπεμψις@nafsc αὐτός@rpgms καί@cs ὁ@dafs ἀτοπία@nafsc οὐ@b πρότερος@anans- δέ@b αὐτός@rpams ἐπανάγω@vipa3s πρός@p ὁ@dafs ἐκ@p ἀρχή@ngfsc εὐδαιμονία@nafsc πρίν@cs αἴσθησις@nafsc αὐτός@rpams ὁ@dgfs πάρειμι@vppagfs λαμβάνω@vnaa-- συμφορά@ngfsc καί@cs εἰς@p ἑαυτοῦ@rpams ἔρχομαι@vnaa-- καί@cs μελετάω@vnaa-- ὁ@danp ὁ@dgfs μεταμέλεια@ngfsc ῥῆμα@nanpc φημί@vipa3s γάρ@b ἁμαρτάνω@viaa1s καί@b ὁ@danp ἑξῆς@b οὐ@b ἄν@b προστίθημι@vpaanms ὁ@ddfs ἐξομολόγησις@ndfsc ὁ@dafs εἰς@p ὁ@dams οὐρανός@namsc ἁμαρτία@nafsc μή@b πείθω@vprenms ἑαυτοῦ@rpgms πατρίς@nafsc ἵημι@vnaa-- ὁ@dams οὐρανός@namsc ὅς@rpafs καταλιμπάνω@vpaanms ἐξαμαρτάνω@viaa3s διά@p οὗτος@rpans καί@b εὐπρόσιτος@anams- αὐτός@rpdms ὁ@dams πατήρ@namsc ὁ@dnfs μελέτη@nnfsc ὁ@dgfs τοιοῦτος@angfs- ἐξομολόγησις@ngfsc ἀπεργάζομαι@vipe3s ὥστε@cs καί@b προτρέχω@vnaa-- αὐτός@rpdms καί@cs φίλημα@ndnsc ὁ@dams τράχηλος@namsc δεξιόομαι@vnam--"
"Lc.fr._73","15@ 23@vipa3s >καί@cs ἐσθίω@vpaanmp εὐφραίνω@vsap1p εἰ@cs δέ@b χρή@vipa3s ὁ@dams τόπος@namsc καί@b ὑψη@anansc λότερον@anamsc θεωρέω@vnaa-- προκατάρχομαι@vipe3s λόγος@ngmpc ἠθικός@angmp- μέν@b οἷος@rpans τροφή@ngfsc ἐν@p ὁ@ddns ἐσθίω@vpaanmp ἐποπτικός@angnp- δέ@b οἷος@rpans ποτόν@ngnsc ἐν@p ὁ@ddns εὐφραίνω@vspa1p οἶνος@nnmsc γάρ@b ἀρχή@nnfsc εὐφρονύνη@ngfsc ὡς@cs γράφω@vire3s"
"Lc.fr._74","25@ ἀκούω@viaa3s συμφωνία@ngfsc καί@cs χορός@ngmpc ὁ@dnns ὁ@dgfs συμφωνία@ngfsc ἄνομος@nnnsc κύριος@b τάσσω@vipe3s ἐπί@p ὁ@dgfp κατά@p μουσική@nafsc ἐν@p φωνή@ndfpc ἁρμονία@ngfpc καί@b εἰμί@vipa3p γε@b παρά@p ὁ@ddmp μουσικός@andnp- φθόγγος@nnmpc φθόγγος@ndmpc σύμφωνος@annmp- καί@cs ἄλλος@rpdmp διάφωνος@annmp- οἶδα@vira3s δέ@b καί@b ὁ@dnfs εὐαγγελικός@annfs- γραφή@nnfsc ὁ@dans ὄνομα@nansc ἐπί@p ὁ@dgfp κατά@p μουσική@nafsc ἁρμονία@ngfpc τάσσω@vpreans ὡς@cs ἐνταῦθα@b ἀλλά@cs καί@b ἐν@p ὁ@ddfs ὁ@dgms δανιὴλ@ngmsp βίβλος@ndfsc ἀναγράφω@vire3s κελεύω@vppanms ὁ@dnms ναβουχοδονοσόρ@nnmsp ἡνίκα@cs ἄν@b ἀκούω@vsaa3p ὁ@dnmp ἀθροίζω@vprenmp ὁ@dgfs φωνή@ngfsc ὁ@dgfs σάλπιγξ@ngfsc σῦριγξ@ngfsc τε@cs καί@cs κιθάρα@ngfsc σαμβύκη@ngfsc τε@b καί@cs ψαλτήριον@ngnsc καί@cs συμφωνία@ngfsc καί@cs πᾶς@angns- γένος@ngnsc μουσικός@ngfpc πίπτω@vppaamp προσκυνέω@vnpa-- ὁ@ddfs εἰκών@ndfsc ὁ@ddfs χρύσεος@andfs- ὅτι@cs ὑγιαίνω@vppaams αὐτός@rpams ἀπολαμβάνω@viaa1s ὑγιαίνω@vppaams ὡς@b ἀποβάλλω@vpaaams ὁ@dafs νόσος@nafsc διά@p ὁ@dgfs μετάνοια@ngfsc"
"Lc.fr._75","16@ 17@b εὐμαρής@annnsc δέ@b εἰμί@vipa3s ὁ@dams οὐρανός@namsc καί@cs ὁ@dafs γῆ@nafsc παρέρχομαι@vnaa-- εἷς@dnfs κεραία@nnfsc οὐ@b παρά@p ἕλλην@ndmpp μόνος@anans- εἰμί@vipa3s ὁ@dnns ἰῶτα@nnmdc ἀλλά@cs καί@b παρά@p ἑβραῖος@ndmpp ὁ@dnns παρά@p αὐτός@rpdmp καλέω@vpfmans ἰώθ@nnnsc δύναμαι@vipe3s δέ@b ὁ@dans ἰών@namsc εἷς@ ἤ1@cs εἷς@ κεραία@annfs- συμβολικός@b λέγω3@vnpe-- ὁ@dnms ἰησοῦς@nnmsp ἐπείπερ@cs ὁ@dnfs ἀρχή@nnfsc ὁ@dgns ὄνομα@ngnsc αὐτός@angns- οὐ@b παρά@p ἕλλην@ndmpp μόνος@anans- ἀλλά@cs καί@b παρά@p ἑβραῖος@andmp- ἀπό@p ὁ@dgms ἱώθ@ngmsc γράφω@vipe3s καί@cs εἰμί@vipa3s οὕτως@b ὁ@dnns ἰών@nvmsc ἐν@b ἤ1@cs εἷς@ κεραία@annfs- ὁ@dnms ἰησοῦς@nnmsp ὁ@dnms λόγος@nnmsc θεός@ngmsc ἐν@p ὁ@ddms νόμος@ndmsc οὐ@b παρέρχομαι@vppenms αὐτός@rpams ἕως@cs ἄν@b πᾶς@annnp- γίγνομαι@vsam3s καί@cs οὐ@b πίπτω@vppanms πίπτω@vipa3s γάρ@b ἐπί@p σωτηρία@ndfsc ἵνα@cs καρπός@namsc πολύς@anams- φέρω@vspa3s ἀλλά@cs πίπτω@vppanms εὔκοπος@angmsc εἰμί@vppagms ὁ@anams- οὐρανός@namsc καί@b ὁ@dafs γῆ@nafsc παρέρχομαι@vnaa-- ἤ1@cs περί@p οὗτος@rpams ἐν@p ὁ@ddms νόμος@ndmsc τυγχάνω@vppaams εἷς@anafs- κεραία@anafs- πίπτω@vpaanms δέ@b εἰς@p ὁ@dafs γῆ@nafsc ἀποθνῄσκω@viaa3s ἵνα@cs πλείων@anamsc καρπός@namsc φέρω@vspa3s οὐ@b νικάω@vpapnms ἀλλά@cs ταπεινόω@vpaanms ἑαυτοῦ@rpams καί@cs γίγνομαι@vpamnms ὑπήκοος@annms- μέχρι@p θάνατος@ngmsc θάνατος@ngmsc δέ@cs σταυρός@ngmsc"
"Lc.fr._76","16@ 19@nnfsc ἄνθρωπος@nnmsc δέ@b τις@rpncs εἰμί@viia3s πλούσιος@annms- ἄνθρωπος@nnmsc τις@rpncs εἰμί@viia3s πλούσιος@annms- ἐπεί@cs οὐ@b δοκέω@viia3s κρείσσων@anansc εἰμί@vnpa-- κατά@p ὁ@dans σολομώντειος@nnnsp ὄνομα@nansc καλός@anans- ἤ1@cs πλοῦτος1@namsc πολύς@anams- ἀλλά@cs ὁ@dans ἐναντίος@anans- πλοῦτος1@namsc ἔχω@vnpa-- πολύς@anams- ἤ1@cs ὄνομα@nansc καλός@anams- διά@p οὗτος@rpans ἐκ@p ὅς@rpgnp ἀγαπάω@vila3s καλέω@vipe3s πλούσιος@annms- προσαγορεύω@vppenms οὐ@b ὅσιος@annms- οὐ@b δέ@cs δίκαιος@annms- ὁ@dnms δέ@b πένης@nnmsc ἅτε@b μηδείς@rpans ἔχω@vppanms ἐν@p ὁ@ddms κόσμος@ndmsc οὗτος@rpdms ψιλός@andns- ὄνομα@ndnsc λάξαρος@nnmsp καλέω@vipe3s ἀλλά@cs ὁράω@vmpa2s πῶς@b ὁ@dgms πλούσιος@angms- ὁ@danp χαρακτηριστικός@ananp- τίθημι@vipa3s ὁ@dnms πόντος@ngmpc σωτήρ@nnmsc ἰδίωμα@nanpc >καί@cs ἐνδύω@viie3s γάρ@b φημί@vipa3s >πορφυρύρα@nafsc καί@cs βύσσος@nansc εὐφραίνω@vppenms κατά@p ἡμέρα@nafsc λαμπρός@b καί@b οὐ@b δέ@b ὁ@dans κύριος@nansc αὐτός@rpgms τίθημι@vipa3s ὄνομα@nansc ἀλλά@cs ’@cs ἄνθρωπος@nnmsc τις@rpncs εἰμί@viia3s φημί@vipa3s ἵνα@cs ἐν@p ὁ@ddns κοινός@andns- μέν@b φέρω@vspa3s ὁ@dans ἄδηλος@anans- ἐν@p ὁ@ddns ἄδηλος@andns- δέ@b ὁ@dans κοινός@anans- εἰσάγω@vspa3s προπηλακίζω@vpfmans ἀλλά@cs ἐπί@p ὁ@dgnp δίκαιος@angnp- οὐ@b οὕτως@b ἀλλά@cs πῶς@b ἄνθρωπος@nnmsc τις@rpncs εἰμί@viia3s φημί@vipa3s ἐν@p χώρα@ndfsc ὁ@ddfs αὐσίτις@ndfsp ὄνομα@nansc αὐτός@rpdms ἰώβ@nnmsp καί@cs ἄνθρωπος@nnmsc εἰμί@viia3s ἐν@p ἱερουσαλήμ@n---p ὅς@rpdms ὄνομα@nnnsc συμεών@nnmsp ὅστις@rpgns χάρις@nafsc ὅτι@cs περί@p μέν@b ὁ@dgns ἐπάγω@vipa3s >καί@cs εἰμί@viia3s ἄνθρωπος@nnfsc ἐκεῖνος@rpnms ἄμεμπτος@annms- ἄκακος@annms- δίκαιος@annms- ἀληθινός@annms- θεοεβής@annms- ἀπέχω@vppenms ἀπό@p πᾶς@angns- πονηρός@angns- πρᾶγμα@ngnsc περί@b δέ@cs ὁ@dgns >καί@cs ὁ@dnms ἄνθρωπος@nnmsc οὗτος@annms- δίκαιος@annms- καί@cs εὐλαβής@annms- προσδέχομαι@vppenms παράκλησις@nafsc ὁ@dgms ἰσραήλ@ngmsp καί@b πνεῦμα@nnnsc θεός@ngmsc ἅγιος@annns- εἰμί@viia3s αὐτός@rpdms εἰμί@vppanms μέν@b γάρ@b καί@b ἰὼβ@nnmsp πλούσιος@annms- ἀλλά@cs οὐ@b τρυφή@ndfsc καί@cs ἀκολασία@ndfsc συζάω@vppanms ἀλλά@cs φιλόστοργος@andfs- γνώμη@ndfsc πᾶς@andfs- ἐνδεής@andfs- ὁ@dnms οἶκος@nnmsc αὐτός@rpgms ἀνοίγνυμι@vile3s καί@b ἀδικέω@vppanms μέν@b οὐδείς@rpams ἀδικέω@vprenms δέ@cs μᾶλλον@b βοηθέω@vppanms καί@cs χήρα@ndfpc καί@cs ὀρφανός@andmp- ὁ@danp πρός@p ζωή@nafsc χορηγέω@vppanms ταῦ@rpnnp γάρ@b ὁ@dnnp ὁ@dgmp δίκαιος@angmp- πλούσιος@angmp- δικαίωμα@nnnpc"
"Lc.fr._77","23@b ὁράω@vipa3s ἀβρααμ@namsp ἀπό@p μακρόθεν@b καί@cs λάξαρος@namsp ἐν@p ὁ@ddmp κόλπος@ndmpc αὐτός@rpgms βούλομαι@nnfsp τις@annms- ἀθετέω@vnaa-- ὁ@dafs περί@p ὁ@dgms πλούσιος@angms- καί@cs ὁ@dgms πένης@ngmsc διήγησις@nafsc κατά@p ἄγνοια@nafsc ὁ@dgns εὐαγγέλιον@angns- οὕτως@b ἐπαπορέω@vppanms εἰ@cs γάρ@b ἀνάκειμαι@viie3s φημί@vipa3s εἰς@p ὁ@dams κόλπος@namsc ὁ@dgms ἀβραάμ@ngmsp ὁ@dnms λάζαρος@nnmsp ἕτερος@annms- πρό@p ὁ@dgns οὗτος@rpams ἐξέρχομαι@vnaa-- ὁ@dams βίος@namsc ἀνάκειμαι@viie3s ἐν@p ὁ@ddms κόλπος@ndmsc ὁ@dgms ἀβραάμ@ngmsp καί@cs πρίν@cs ἐκεῖνος@rpgms ἄλλος@rpnms ἀλλά@cs καί@b ἄλλος@angns- φημί@vipa3s δίκαιος@angns- ἐξέρχομαι@vpaagms ὁ@dnms πτωχός@nnmsc ὑπανίσταμαι@vifm3s οὐ@b γάρ@b ὁράω@viia3s ὁ@dams κόλπος@namsc ὁ@dgms ἀβραάμ@ngmsp ὁ@dnms περί@p οὗτος@rpgnp ἐπαπορέω@vppanms καί@cs ὅτι@cs δύναμαι@annns- εἰμί@vipa3s μυρίος@anamp- ἐν@p ὁ@ddms κόλπος@ndmsc ὁ@dgms ἀβραάρ@ngmsp ἅμα@b ἀναπαύω@vnpe-- κοινωνέω@vppaamp ὁ@dgmp ἀποκαλύπτω@vpapgnp αὐτός@rpdms καί@b γάρ@b καί@b ἰώαννης@nnmsp ὁ@dnms ἀγαπητός@annms- εἰ@cs καί@b κατά@p ὁ@dafs ἱστορία@nafsc ἐν@p ὁ@ddns δεῖπνον@ndnsc εἰς@p ὁ@dams κόλπος@namsc ὁ@dgms ἰησοῦς@ngmsp ἀνάκειμαι@viie3s ὁ@dgns γέρας@ngnsc οὗτος@angns- ἀξιόω@vpapnms ὡς@b ἔξαιτος@angms- ἀγάπη@ngfsc κρίνω@vpapnms ἄξιος@annms- ὁ@dgfs παρά@p ὁ@dgms διδάσκαλος@ngmsc ἀλλά@cs οὗτος@rpans συμβολικός@b παρίημι@vipa3s ὅτι@cs ὁ@ddms λόγος@ndmsc ἰώαννης@nnmsp ἀνάκειμαι@vppenms καί@cs ὁ@ddmp μυστικός@andmpc ἐναναστρέφω@vppenms ἀνάκειμαι@viie3s ἐν@p ὁ@ddmp κόλπος@ndmpc ὁ@dgms λόγος@ngmsc ἀνάλογος@anams- ὁ@ddns καί@b αὐτός@anams- εἰμί@vnpa-- ὁ@dams μονογενής@anams- λόγος@namsc ἐν@p ὁ@ddmp κόλπος@ndmpc ὁ@dgms πατήρ@ngmsc ἀναγράφω@vnre--"
"Lc.fr._78","18@ 2@b ὁ@dafp ἐντολή@nafpc οἶδα@vira2s ἐξελέγχω@vipe3s δέ@cs ἐν@p ὁ@ddms λόγος@ndmsc μαρκίων@ngmpp τε@b παράνοια@nnfsc καί@cs μανιχαῖος@ngmpp ὅς@rpnmp ὁ@dams νόμος@namsc ἀλλότριος@anams- εἰμί@vnpa-- φημί@vipa3p χριστός@ngmsp φημί@vipa3s γάρ@b ὁ@dnms μᾶρκος@nnmsp ὅτι@cs ἐμβλέπω@vpaanms αὐτός@rpdms ὁ@dnms ἰησοῦς@nnmsp ἀγαπάω@viaa3s αὐτός@rpams οὐ@b ἄν@b δέ@b ἐπί@p ὁ@ddfs ὁ@dgns ἀλλότριος@angms- πληρόω@ndfsc ἀγαπάω@viaa3s ὁ@dams περί@p οὗτος@rpgfs παῤῥησιάζω@vpamams ζήτησις@ndmpp δέ@b κινέω@vipa3s πῶς@b ἀγαπάω@viap3s ὁ@dnms μή@b μέλλω@vppanms ἀκολουθέω@vnpa-- ἐπί@p ὁ@dafs ζωή@nafsc εἰμί@vipa3s δέ@b ἐπί@p μέν@b ὁ@ddmp πρότερος@andmp- ἀγάπη@ngfsc ἄξιος@annms- ὁ@dnms ὁ@danp ὁ@dgms νόμος@ngmsc φυλάσσω@vpaanms ὁ@ddfs δέ@b πρός@p ὁ@dans τέλειος@anans- ὀλίφωρος@ndfsc ὁ@dafs ἐπί@p ὁ@ddmp πρόσθεν@b ἀγάπη@nafsc οὐ@b ἐάω@viaa3s γίγνομαι@vnam-- τέλειος@anafs-"
"Lc.fr._79","22@b ἐκ@p ὁ@dgns στόμα@ngnsc σύ@rpgcs κρίνω@vifa1s σύ@rpacs πονηρός@anvms- δοῦλος@nvmsc ὑπέρ@p γάρ@b ὅλος@angms- ὁ@dgms βίος@ngmsc ἐγώ@rpgcp ὁ@dnmp πᾶς@annmp- κρίνω@vifm1p τότε@b ἡνίκα@cs λόγος@ngmsc συναιρέω@vppegms ἄγω@vifp3s εἰς@p μέσος@anans- καί@cs πᾶς@annns- ῥῆμα@nnnsc ἀργός2@annns- ὅς@rpans ἐάν@cs λαλέω@vsaa3p ὁ@dnmp ἄνθρωπος@nnmpc ἀλλά@cs καί@b εἰ@cs ποτέ@b τις@rpncs ποτίζω@viaa3s ποτήριον@nansc ὕδωρ@ngnsc ψυχρός@angns- μόνος@anans- εἰς@p ὄνομα@nansc μαθητής@angms- καί@cs οὗτος@rpnnp εἰμί@vifm3s ἡνίκα@cs ὁ@dnns παρά@p δανιὴλ@namsp γράφω@vprenns γίγνομαι@vsam3s ὁ@dnns βίβλος@nnfpc ἀνοίγνυμι@viap3p καί@cs κριτήριον@nnnsc καθίζω@viaa3s οἱονεί@b γάρ@b πόντος@vppagnp ὁ@dgnp λανθάνω@vpregnp ἐγώ@rpdmp καί@b ὁ@dgnp πράσσω@vpregnp καί@cs ὁ@dgnp νοέω@vpregnp ἀναγραφή@nnfsc τις@annfs- γίγνομαι@vipe3s καί@cs θεῖος2@andfs- δύναμις@ndfsc πᾶς@annns- κρυπτός@annns- ἐγώ@rpgmp φανερόω@vifp3s καί@cs πᾶς@annns- καλύπτω@vprenns ἀποκαλύπτω@vifp3s ὁ@rpamp γάρ@b πᾶς@anamp- ἐγώ@rpamp παρίστημι@vnaa-- δεῖ@vipa3s ἔμπροσθεν@p ὁ@dgns βῆμα@ngnsc ὁ@dgms χριστός@ngmsp ἵνα@cs κομίζω@vsam3s ἕκαστος@annms- ὁ@danp διά@p ὁ@dgns σῶμα@ngnsc πρός@p ὅς@rpanp πράσσω@viaa3s εἰ@cs τε@cs ἀγαθός@anans- εἰ@b τε@cs φαῦλος@anans- μηδείς@rpnms δέ@b οἴομαι@vmpe3s μακρός@angmp- τις@angmp- αἰών@ngmpc δεῖ@vnfa-- ὁ@ddns τοσοῦτος@andns- ὁ@dgmp πᾶς@angmp- καί@cs ὑπέρ@p πᾶς@angfs- ὁ@dgfs ἐνταῦθα@b ζωή@ngfsc λογουθέσιος@ndnsc ἀθρόος@b γάρ@b βούλομαι@vpapnms ὁ@dnms θεός@nnmsc ἀναρριπίζω@vnaa-- ἐν@p ὁ@ddfp πόντος@vppagnp μνήμη@ndfpc παρά@p παρά@p ὅλος@anams- ὁ@dams βίος@namsc γίγνομαι@vpreanp καλός@ananp- ἤ1@cs φαῦλος@ananp- ποιέω@vifa3s οὗτος@rpans ἄφατος@andfs- δύναμις@ndfsc καί@cs ὑπόμνησις@ndfsc ἕκαστος@anans- ὅς@rpgnp πράσσω@viaa3s ἵνα@cs συναισθάνομαι@vpapnmp ὅς@rpgnp ποιέω@vira1p καταλαμβάνω@vsaa1p διά@p ὅς@rpanp κολάζω@vipe1p ἤ1@cs τιμάω@vipe1p τολμάω@annns- γάρ@b καί@cs λεκτέος@annns- ὅτι@cs ὁ@dnms ὁ@dgfs προσδοκάω@vppegfs κρίσις@ngfsc καιρός@nnmsc οὐ@b δέω@vipe3s χρόνος@ngmpc ἀλλά@b ὡς@cs ὁ@dnfs ἀνάστασις@nnfsc γίγνομαι@vnpe-- λέγω3@vipe3s ἐν@p ἄτομος@andns- ἐν@p ῥιπή@ndfsc ὀφθαλμός@ngmsc οἴομαι@vipe1s καί@b ὁ@dnfs κρίσις@nnfsc ἐν@p οὗτος@andfs- μέν@b οὖν@b ὁ@ddfs παραβολή@ndfsc δέκα@an---- δοῦλος@nnmpc εὑρίσκω@vipe3p δέκα@an---- λαμβάνω@vpaanmp μνᾶ@nafpc ἕκαστος@annms- ἀνά@p εἷς@anafs- ἐν@p ἕτερος@andfs- δέ@cs ὁ@dnms μέν@b πέντε@an---- τάλαντον@nanpc ὁ@dnms δέ@b δύο@an---- ὁ@dnms δέ@cs εἷς@nnnsc ἀλλαχοῦ@b δέ@b ὀφείλω@vipe3s ὁ@dnms μέν@b πεντακόσιοι@angmp- ὁ@dnms δέ@cs πεντήκοντα@an---- δάνιον@ngmpc εἰ@cs τις@rpnms δέ@b κατανοέω@vifa3s ὁ@dans ποικίλος@anans- ὁ@dgfs ἀνθρώπινος@angfs- ψυχή@ngfsc καί@cs ὁ@dafp πολύς@andns- διαφέρω@vppaafp ἀλλήλων@rpgfp εὐφυία@nafpc καί@cs ἀφυία@nafpc εἰς@p πλείων@anafpc ὁ@dgfp ἀρετή@ngfpc ἤ1@cs ἐλάσσων@anafpc καί@b ὅδε@anafp- ὁ@dafp ἀρετή@nafpc ἤ1@cs ὅδε@rpafp τάχα@b ἄν@b ἐννοέω@vifm2s πῶς@b ἕκαστος@annfs- ψυχή@nnfsc ἔρχομαι@vira3s μετά@p τίς@angnp- ὁ@dgms οἰκοδεσπότης@ngmsc νόμισμα@ngnpc ἀναφαίνω@vppegnp μετά@p ὁ@dgfs ὁ@dgms λόγος@ngmsc συμπλήρωσις@ngfsc καί@cs ὁ@dgfs ἑξῆς@b ὁ@ddfs συμπληρόω@ndfsc ὁ@dgms λόγος@ngmsc ἐπιμέλεια@ngfsc καί@cs ἄσκησις@ngfsc πρός@p ὁ@danp δέω2@vppaanp"
"Lc.fr._80","23@ 18@ αἴρω@vmpa2s οὗτος@rpams ἀπολύω@vmaa2s δέ@cs ἐγώ@rpdcp ὁ@dams βαραββᾶς@namsp ὁ@dnmp ὁ@danp ληιστής@ngmpc φρονέω@vppanmp καί@cs ποιέω@vppanmp ἰουδαῖος@nnmpp καί@cs >λῃστός@ngmpc σπή@nvfsc λαιον@nansc ὁ@dams οἶκος@namsc ὁ@dgms θεός@ngmsc ποιέω@vpranmp καί@cs διά@p οὗτος@rpans ἐκ@p αὐτός@rpgms ὑπό@p ὁ@dgms ἰησοῦς@ngmsp ἐκβάλλω@vpapnmp περί@p μέν@b ὁ@dgms ληιστής@ngmsc βαραββᾶς@namsp βοάω@viia3p ἀπολύω@vmaa2s ἐγώ@rpdcp ὁ@dams βαραββᾶς@namsp δέ@b ὁ@dgms ὁ@dgfs οἰκουμένη@vppegfs σωτήρ@ngmsc ταῦρος@vmpe2s ταῦρος@vmpe2s αὐτός@rpams διόπερ@b μέχρι@p σήμερον@b ὁ@dnmp ἰουδαῖος@nnmpp ἰησοῦς@nafsp μέν@b οὐ@b ἔχω@vipa3p οὐ@b γάρ@b πιστεύω@vira3p εἰς@p ὁ@dams υἱός@namsc ὁ@dgms θεός@ngmsc ἔχω@vipa3p δέ@cs μετά@p ἑαυτοῦ@rpgmp ὁ@dams ἀπό@p ὁ@dgnp πνευματικός@angnp- ὁ@dgfs πονηρία@ngfsc βαραββᾶς@namsp ὁ@dams λῃστής@namsc ὅς@rpams ἤδη@b κρατέω@vpreams καί@cs εἰς@p φυλακή@nafsc βάλλω@vpreams κατά@p ἑαυτοῦ@rpgmp ἀξιόω@viaa3p ἀπολύω@vnap-- διά@p οὗτος@rpans ἄρχω@vipa3s ὁ@dgmp ἄπιστος@angmp- ἰουδαῖος@ngmpp βαραββᾶς@nnmsp ὁ@dnms λῃστής@nnmsc"
"Lc.fr._81","43@b >σήμερον@b μετά@p ἐγώ@rpgcs εἰμί@vifm2s ἐν@p ὁ@ddms παράδεισος@ndmsc οὕτως@b δέ@b τις@rpamp ταράσσω@viaa3s ὡς@cs ἀσύμφωνος@anans- ὁ@dnns ἐρῶ@vprenns ὥστε@cs αὐτός@rpamp τολμάω@vnaa-- ὑπονοέω@vnaa-- προστίθημι@vnre-- ὁ@ddns εὐαγγέλιον@ndnsc ὑπό@p τις@rpgmp ῥαδιουργέω@vppagmp αὐτός@rpans ὁ@rpans >σήμερον@b μετά@p ἐγώ@rpgcs εἰμί@vifm2s ἐν@p ὁ@ddms παράδεισος@ndmsc ἐγώ@rpnmp δέ@b φημί@vipa1p ἁπλούστερος@anans- μέν@b ὅτι@cs τάχα@b πρίν@cs ἀπέρχομαι@vnaa-- εἰς@p ὁ@dafs λέγω3@vppeafs καρδία@nafsc ὁ@dgfs γῆ@ngfsc ἀποκαθίστημι@viaa3s εἰς@p ὁ@dams παράδεισος@namsc ὁ@dgms θεός@ngmsc ὁ@dams πιστεύω@vpaaams λῃστής@namsc"
"Lc.fr._82","44@b σκότος@nnnsc γίγνομαι@viam3s ἐπί@p ὅλος@anafs- ὁ@dafs γῆ@nafsc ἰώαννης@nnmsp μέν@b οὖν@b οὐδε@b μιμνῄσκω@viap3s οὗτος@rpams ματθαῖος@nnmsp τε@b καί@cs μᾶρκος@nnmsp οὐ@b τε@b ἥλιος@namsc οὐ@b τε@cs ἔκλειψις@nafsc ὀνομάζω@viaa3p λουκᾶς@ngfsp δέ@b εἶπον@vpaanms ὁ@angms- ἥλιος@ngmsc ἐκλείπω@vppagms τάχα@b ὁ@dnns περί@p ἐγώ@rpamp πάθος@nnnsc δηλόω@vipa3s εἰ@cs τε@b σκοτεινός@angfs- νεφέλη@ngfsc ἤ1@cs νέφος@ngfpc ὑποτρέχω@vppagfp ὁ@dafp φθάνω@vppaafp ἐπί@p ὁ@dafs ἰουδαία@nafsp γῆ@nafsc ἡλιακός@anafp- ἀκτίς@nafpc ἤ1@cs ὁ@dgms ἐκεῖσε@b ἀήρ@ngmsc παχύνω@vpapgms συμπαθέω@vppagms καί@b αὐτός@rpgms ὁ@ddns γίγνομαι@vppadns ὥσπερ@cs ὁ@dnfs περί@p ὁ@dafs ἰουδαία@nafsp γῆ@nnfsc καί@b ὁ@dnfp πέτρα@nnfpc καί@cs ὁ@dnnp μνημεῖον@nnnpc πολλαχοῦ@b γάρ@b ὁ@dnfs γραφή@nnfsc πᾶς@anafs- γῆ@nafsc ὁ@dafs ἰουδαία@anafs- ὀνομάζω@vipa3s οὗτος@rpnns δέ@b γίγνομαι@vira3s ἵνα@cs οἶδα@vora3p ὅτι@cs αὐτός@annms- εἰμί@vipa3s ἐκεῖνος@rpnms ὁ@dnms ἀπαρτάω@vprenms ὁ@dgns ξύλον@ngnsc ὁ@dnms σύνοπλος@anafs- ὁ@dafs κτίσις@nafsc λαμβάνω@vpaanms ὅτε@cs ὁ@andmp- αἰγύπτιος@ndmpp πολεμέω@vira3s διά@p αὐτός@rpamp καί@cs ὁ@dnns ἡλιακός@anans- ἐκλείπω@vira3s φάος@nnnsc καί@cs ἅπας@angfs- ὁ@dgfs αὐτός@rpgmp χώρα@ngfsc κατασκεδάννυμι@viap3s ὁ@dnns σκότος@nnnsc"
"Lc.fr._83","44@b ὁ@angms- ἥλιος@ngmsc ἐκλείπω@vpaagms περί@p οὗτος@angfs- ὁ@dgfs ἔκλειψις@ngfsc προφαίνω@viia3s καί@b ζαχαρίας@ngfsp εἶπον@vpaanms ἐν@p ἐκεῖνος@andfs- ὁ@ddfs ἡμέρα@ndfsc οὐ@b εἰμί@vifm3s φάος@nnnsc καί@b ψῦχος@nnnsc καί@cs πάγος@nnnsc εἰμί@vifm3s εἷς@anafs- ἡμέρα@nafsc καί@b ὁ@dnfs ἡμέρα@nnfsc ἐκεῖνος@annfs- γνωστός@annfs- ὁ@ddms κύριος@ndmsc καί@b οὐ@b ἡμέρα@nnfsc καί@cs οὐ@b νύξ@nnfsc καί@b πρός@p ἑσπέρα@nafsc εἰμί@vifm3s φάος@nnnsc εἰκών@vpaanms ὁ@dnns σκότος@nnnsc ὁ@dgns σκοτίζω@vnre-- ὁ@damp ἐπιβάλλω@vppaamp χείρ@nafsc ὁ@ddms φῶς@ndmsc ὡς@cs γάρ@b αἰγύπτιος@andmp- σκότος@nnnsc καί@cs ὁ@ddmp υἱός@ndmpc ἰσραήλ@nnmsp φάος@nnnsc οὕτως@b νῦν@b ὁ@ddfs μέν@b ἐκκλησία@ndfsc φάος@nnnsc ἰουδαῖος@ndmpp δέ@cs σκότος@nnnsc τρεῖς@angnp- ὥρα@ngnpc φώς@ngmsc πατρικός@angms- ἀπαύγασμα@angms- χριστός@ngmsp ἔλλαμψις@ngfsc ἅγιος@angns- πνεῦμα@ngnsc καί@cs ἐπεί@cs ἐν@p ὁ@ddfs ἕκτος@andfs- ἡμέρα@ndfsc γίγνομαι@vire3s ὁ@dnms ἄνθρωπος@nnmsc τάχα@b διά@p οὗτος@rpans ὑπέρ@p σωτηρία@ngfsc ἄνθρωπος@ngmpc πάσχω@vppanms ὁ@dnms κύριος@nnmsc ὥρα@ndfsc ἕκτη@andfs- κρεμάννυμι@viap3s ὁ@dgfs ἕκτος@angfs- ἡμέρα@ngfsc ἵνα@cs ὁ@dams ἐν@p ὁ@ddfs ἕκτος@andfs- ἡμέρα@ndfsc γίγνομαι@vpradms καί@b ὁ@ddfs ἕκτος@andfs- ὥρα@ndfsc ὁ@dgns παράδεισος@vmaa2s ἐκπίτνω@vpaaams πάλιν@b ἀνακαλέω@vspe3s"
"Lc.fr._84","23@ 46@b πατήρ@nvmsc εἰς@p χείρ@nafpc σύ@rpgcs παρατίθημι@vipa1s ὁ@dans πνεῦμα@nansc ἐγώ@rpgcs οὗτος@rpnfs ὁ@dnfs φωνή@nnfsc ὅς@rpafs κράζω@viaa3s ἐπί@p ὁ@ddms σταυρός@ndmsc εἰς@p χείρ@nafpc σύ@rpgcs παρατίθημι@vipa1s ὁ@dans πνεῦμα@nansc ἐγώ@rpgcs διδάσκω@vipa3s ὅτι@cs ὁ@dnfp ὁ@dgmp ἅγιος@angmp- ψυχή@nnfpc οὐκέτι@b εἰς@p ᾅδης@ngmsc κατακλείω@vipe3p καθά@b καί@b πρώιος@anafs- ἀλλά@cs παρά@p ὁ@ddms θεός@ndmsc εἰμί@vipa3p οὗτος@rpgns γίγνομαι@vpragns ὡς@b ἐν@p ἀπαρχή@ndfsc ἐν@p χριστός@ndmsp κάτω@b γάρ@b εἰμί@viia3s ὁ@dnfs χώρησις@nnfsc καί@cs ὁ@dnfs κατοχή@nnfsc ὁ@dgfp ψυχή@ngfpc ἀλλά@cs οὗτος@anafs- ὁ@dafs κάτω@b πορεία@nafsc ὁ@dnms κύριος@nnmsc εἰς@p ὁ@danp ἄνω@b μεθίστημι@viaa3s διά@p ἑαυτοῦ@rpgms ἐπεί@cs γάρ@b ἐν@p αὐτός@rpdns ὁ@dans ἀπλημμελής@anans- ὁ@dnfs ἄνθρωπος@ngmsc φύσις@nnfsc εὑρίσκω@viap3s πλουτέω@vpaanfs κεκαινοτομέω@vira3s ἐγώ@rpdmp ὁ@dnns πέμπω@vnpe-- εἰς@p χείρ@nafpc θεός@ngmsc ζάω@vppagms ὁ@dafp σῶμα@ngnpc ἀπαλλαξείω@vppeafp ψυχή@nafpc καί@cs οὗτος@rpans οἶδα@vpranms ὁ@dnms ἅγιος@annms- φημί@viia3s στέφανος@nnmsp κύριος@nvmsc ἰησοῦς@ngmsp δέχομαι@vmam2s ὁ@dans πνεῦμα@nansc ἐγώ@rpgcs ὁ@dnns δέ@b παρά@b τίθημι@vipa1s ὁ@dans ἑκούσιος@anans- διδάσκω@vipa3s ὁ@dgns πάθος@ngnsc καί@cs δείκνυμι@vipa3s ὅτι@cs οὐ@b ἀπόλλυμι@vipe3s δηλόω@viie2s γάρ@b ὁ@dans παρατίθημι@vifm1s ὅτι@cs πάλιν@b αὐτός@rpafs ἀπολαμβάνω@vifm3s"
"Lc.fr._85","15@ αὐτός@rpnms ἰησοῦς@ngfsp ἐγγίζω@vpaanms συμπορεύομαι@viie3s αὐτός@rpdmp τις@nnfsp μέν@b ὁ@dnfs δόξα@nnfsc ὁ@dgns σῶμα@ngnsc ὁ@dgms κύριος@ngmsc ὅς@rpgfs καί@b ὁ@dnms παῦλος@nnmsp μιμνήσκω@vire3s παραδείκνυμι@viap3s ὁ@ddmp μαθητής@ndmpc ἐν@p ὁ@ddfs μεταμόρφωσις@ndfsc ἐπί@p ὁ@dgns ὄρος@ngnsc ἐπεί@cs δέ@b χρή@viia3s μετά@p ὁ@dafs ἀνάστασις@nafsc ἐμφανίζω@vnap-- ὁ@ddmp τε@b ἀπόστολος@ndmpc καί@cs ὁ@ddmp πεντακόσιοι@andmp- μαθητής@ndmpc εἰς@p πίστις@nafsc ὁ@dgfs ἀνάστασις@ngfsc ὡς@cs χωρέω@viia3p εἶδον@vnaa-- θεάομαι@viap3s καί@cs ὁποῖος@anans- οἶδα@vila3p αὐτός@rpams πάσχω@vnaa-- δείκνυμι@vppanms αὐτός@rpdnp καί@b ὁ@dafp ἐκ@p ὁ@dgnp πάθος@ngnpc οὐλή@nafpc ὁράω@vmpa2s δέ@b ὅτι@cs καί@b ἀποδημέω@vppanms εἰρήνη@nafsc αὐτός@rpdmp ἀφίημι@viaa3s ὡς@cs ὁ@dnms ἰώαννης@nnmsp γράφω@viaa3s καί@b αὖθις@b ἐπιδημέω@vpaanms εἰρήνη@nafsc δίδωμι@vipa3s ὁ@dans γλυκύς@anans- καί@b πρᾶγμα@nansc καί@cs ὄνομα@nansc"
"Lc.fr._86","24@ οὐ@b ὁ@dnfs καρδία@nnfsc ἐγώ@rpgmp καίω@vppenfs εἰμί@viia3s ἐν@p ἐγώ@rpdmp ἕτερος@b δέ@b σίμων@nnmsp καί@cs κλεόπας@nnmsp ὁμολογέω@vppanmp ἐπί@p ὁ@ddmp λόγος@ndmpc ὁ@dgms σωτήρ@ngmsc ὁ@dans ὁ@dnfs καρδία@nnfsc ἐγώ@rpgmp καίω@vppenfs εἰμί@viia3s καί@cs ὁ@dnnp ἑξῆς@b δηλόω@vipa3p ὅτι@cs ὁ@dnmp ἀπό@p ἀγάπη@ngfsc ὁ@dgfs πρός@p ὁ@damp ἀκούω@vppaamp ὑπό@p ὁ@dgms σωτήρ@ngmsc ἀπαγγέλλω@vppenmp λόγος@nnmpc ἔχω@vppagfs φλόξ@nafsc πῦρ@ngnsc καίω@viia3p ἀνάπτω@vppanmp ὁ@dafs καρδία@nafsc ὁ@dgmp ἀκούω@vppagmp πρός@p ἀγάπη@nafsc θεός@ngmsc"
"Lc.fr._87","50@an---- πόρας@vpaanms ὁ@dafp χείρ@nafpc αὐτός@rpgms εὐλογέω@viaa3s αὐτός@rpamp τοιοῦτος@anans- δέ@b τις@rpnns καί@b περί@p ὁ@dgms ἀαρών@ngmsp ἐν@p ὁ@ddms λευϊτικός@andms- γράφω@vire3s ὅτι@cs ἐξαίρω@vpaanms ὁ@dafp χείρ@nafpc αὐτός@rpgms ἐπί@p ὁ@dams λαός@namsc εὐλογέω@viaa3s αὐτός@rpamp ὑπολαμβάνω@vipa1s δέ@b ἐνθάδε@b αἰνίσσομαι@vnpe-- ὁ@dams λόγος@namsc ὅτι@cs δεῖ@vipa3s ὁ@dams εὐλογέω@namsc τις@rpams κοσμέω@vnre-- ἐν@p ἔργον@ndnpc διαφέρω@vppadnp καί@b ἐπαίρω@vprednp παρά@p ὁ@damp πολύς@anamp- ὁ@dnfp γάρ@b χείρ@nnfpc ἀαρών@ngmpp ἄνω@b ἐξαίρω@vipe3p ὅτε@cs μέλλω@vipa3s εὐλογέω@vnpa-- ὁ@dams λαός@namsc ὡς@b πέρ@cs τις@rpnms κάτω@b ἔχω@vopa3s ὁ@dafp χείρ@nafpc εἰς@p ὁ@danp γήϊνος@nanpc οὐ@b ἄν@b ἀνύω@vnaa-- βούλομαι@vppenms τις@rpams ὥσπερ@cs οὐδέ@b κάτω@b κεῖμαι@vprenfp αἶ@annfp- μωϋσῆς@ngmsp χείρ@nnfpc ὠφελέω@viia3p ὁ@dams λαός@namsc ἀλλά@cs ὅτε@cs ἐπέρομαι@viie3p οὗτος@rpgns σύμβολον@nnnsc εἰμί@viia3s καί@b ὁ@dnfs ἔπαρσις@nnfsc ὁ@dgnp ὁ@dgms σωτήρ@ngmsc ὁ@ddfp γάρ@b ὑπέρ@p ἄνθρωπος@namsc πρᾶξις@ndfpc ὑφιστάω@viaa3s ὁ@dafp χείρ@nafpc καί@cs σώζω@viaa3s ὁ@damp πιστεύω@vppaamp τάχα@b τοίνυν@b πᾶς@annms- ὁ@dnms ὁ@ddfp πρᾶξις@ndfpc ἐπαίρω@vprenms σταυρόω@vire3s καί@cs κατά@p οὗτος@rpans λέγω3@viia3s παῦλος@nnmsp ἐγώ@rpncs κόσμος@ndmsc σταυρόω@vire1s καί@b ἐγώ@rpdcs κόσμος@nnmsc οὗτος@rpnns εἰμί@vipa3s νοέω@vire3s ἐγώ@rpdcs ὁ@dnms λόγος@nnmsc ὁ@dnms περί@p κόσμος@ngmsc καί@cs ἐπαίρω@vire3s καί@cs οὐκέτι@b κεῖμαι@vipe3s κάτω@b ὁ@ddms γάρ@x μή@b συνίημι@vpaadms ὁ@dams λόγος@namsc ὁ@dgfs κοσμοποιία@ngfsc ὁ@dnms λόγος@nnmsc οὐ@b σταυρόω@vire3s καλός@anans- γάρ@b εἰμί@vnpa-- ἡγέομαι@vipm1s ὁ@dans σταυρόω@vnpe-- ὅς@rpans καί@b παῦλος@nnmsp πάσχω@vira3s χριστός@ndmsp συνεσταυρόω@vprenms καί@cs ὁ@dnms κόσμος@nnmsc ἔχω@viaa3s ὡς@b πρός@p ὁ@dams παῦλος@ngmsp νόος@namsc ἐπαίρω@vprenms καί@cs νοέω@vprenms αὐτός@rpdms ἀλλως@b δέ@b ἐπαίρω@vipa3s ὁ@dafp χείρ@nafpc ὁ@dnms κύριος@nnmsc δύναμις@nafsc δύναμις@nafsc ὁ@ddmp μαθητής@ndmpc ἐντίθημι@vpaanms διά@p ὁ@dgfs εὐλογία@ngfsc"
"Lc.fr._88","11@ 3@ ὁ@anams- ἄρτος@namsc ἐγώ@rpgcp ὁ@dams ἐπιούσιος@anams- ἐπιούσιος@nnnsc ἐγώ@rpdcp ὁ@dans κατά@p ’@p ἡμέρα@nafsc ἐμφαντικός@anamsc δέ@b ὁ@dans >καθ@p ἡμέρα@nafsc ὁ@dgns παρά@p ματθαῖος@ndmsp >σήμερον@b καί@cs γάρ@b ὁ@dnms ἔσω@b ἄνθρωπος@nnmsc ὅς@rpnms κύριος@b οὐσία@nnfsc μή@b τυγχάνω@vpaanms ζάω@vppagms ἄρτος@ngmsc ἐχθρός@andms- ζωή@angfs- θάνατος@ndmsc γίγνομαι@vipe3s ὡς@cs ὁ@dans σῶμα@nansc μή@b τρέφω@vppeams ταπεινός@annmp- δέ@b ὁ@dnmp νομίζω@vppanmp περί@p σωματικός@angms- ἄρτος@ngmsc λέγω3@vnpa-- ὁ@dams διδάσκω@vppaams μή@b περί@p ὁ@dgfs αὔριον@b μάλιστα@b εἰμί@vipa2s ὁ@anams- ἐπιούσιος@anams- ἀντί@p ὁ@dgns ὁ@rpams ἔπειμι1@vppaams καί@cs ἐπέρχομαι@vppeams λαμβάνω@vipa3p οὗτος@rpnns δέ@b δῆλος@annns- ἐκ@p ὁ@dgns εἶπον@vnaa-- οὐ@b γάρ@b οἶδα@vira2s τίς@rpans τίκτω@vifm3s ὁ@dnfs ἔπειμι1@vppanfs οὗτος@rpnns εἰμί@vipa3s ὁ@dnfs αὔριον@b ὁ@dnfs ἐπέρχομαι@vppenfs σύ@dnmp δέ@b ὁ@dgms σίμων@ngmsp ἤ1@b ἀλληγρέομαι@vifa3p ὅς@rpnns μή@b ἔθω@vira3s ἤ1@cs ὁ@dams ὁ@dgms δημιουργός@ngmsp ἄρτος@namsc αἰτέω@vifa3p"
"Lc.fr._89","1@ hom@i 1@ ἐπείπερ@cs πολύς@annmp- ἐπιχειρέω@viaa3p ἀνατάσσω@vnam-- ὥστε@cs σημαίνω@vipa3s το@dans ἐπιχειρέω@viaa3p ὁ@dans χωρις@p χάρισμα@ngnsc ἔρχομαι@vnaa-- εἰς@p ὁ@dafs ἀναγραφή@nafsc ὁ@dgmp εὐαγγέλιον@angmp- τις@rpamp ὁ@dnns δέ@b ἀντιπαρατάσσομαι@vnam-- σημαίνω@vipa3s ὁ@dans ἐκτίθημι@vnaa-- ὁ@dans ἐξηγέομαι@vnae-- ὁ@dans συγγράφω@vnaa--"
"Lc.fr._90","1@ hom@i 1@b καθώς@b παραδίδωμι@viaa3p ἐγώ@rpdmp ὁ@dnmp ἀπό@p ἀρχή@ngfsc αὐτόπτης@nnmpc ὅτι@cs μέν@b οὖν@b παρά@p ὁ@dgmp αὐτοψία@ndfsc θεάομαι@vpamgmp καί@cs αὐτήκοος@angmp- γίγνομαι@vpamgmp παραλαμβάνω@viaa3s σαφής@vpranms ομολογέω@viaa3s λέγω@vpaanms καθώς@b παραδίδωμι@viaa3p ἐγώ@rpdcp ὁ@dnmp απ@p ἀρχή@ngfsc αὐτόπτης@nnmpc καί@cs ὑπηρέτης@nnmpc γίγνομαι@vpamnmp ὁ@dgms λόγος@ngmsc καί@cs χρή@vipa3s οὗτος@rpdms μέν@b καί@b μάρκος@ndmsp πείθω@vnpe-- ὡς@cs ὅσπερ@rpanp ἀκούω@vira3p ἀκριβής@b ἀναγράφω@vpamdmp ἰωάννην@ndmsp δέ@cs καί@cs ματθαῖος@ndmsp ὡς@cs ὅσπερ@rpanp ὁράω@vira3p γράφω@vipa3p ὁ@danp ἐν@rpams νόμιμος@ananp- εὐαγγέλιον@ananp- τιμητέος@annns- ἐκ@p ἴσος@angns- μή@b μόνος@anans- ὁ@dafs ὄψις@nafsc ὁ@dgmp ὁράω@vpragmp τίμων@vpaanms ὁ@rpgmp ἀλλά@cs καί@b ὁ@dafs ἀκοή@nafsc ὁ@dgmp ἀκούω@vpragmp ἀληθής@annmp- γάρ@b ἀληθής@angnp- διάδοχος@nnmpc καί@cs ὁ@dans παραδίδωμι@vpapans αὐτός@rpdmp φάος@nansc εἰς@p ἐγώ@rpacp παραπέμπω@vipa3p ἔπαινος@namsc κομίζω@viie3p μένω@vopa3s δίκαιος@anams- παρά@p ἐγώ@rpgcp"
"Lc.fr._91","1@ 6@ hom@i εἰμί@viia3p δέ@b δίκαιος@annmp- ἀμφότερος@annmp- ἴσως@b ἐρῶ@vifa3s τις@rpnms ὅτι@cs ὁ@dgms νόμος@ngmsc λέγω3@vppagms ἐάν@cs φυλάσσω@vsaa2s ὁ@danp προστάσσω@nandc -@nanpc ματα@nanpc κύριος@ngmsc ὁ@dgms θεός@ngmsc σύ@rpgcs πληθύνω@vifm2s ὁ@dams σῖτος@namsc σύ@rpgcs καί@cs ὁ@dams οἶνος@namsc σύ@rpgcs καί@cs ὁ@dans ἔλαιον@nansc σύ@rpgcs καί@cs οὐ@b εἰμί@vifm3s ἐν@p σύ@rpdcs ἄγονος@nnmsc οὐδέ@b στεῖρα@nnfsc εἰ@cs οὖν@b δίκαιος@annmp- οὗτος@rpnmp ποῦ@b ὁ@dnfs εὐλογία@nnfsc ὅτι@cs ἔθος@nnnsc ὁ@ddmp ἐπί@p μέγας@andnp- τις@rpdnp προβιβάζομαι@vppedmp παρά@p θεός@ngmsc ὡς@b ἀβραάμ@nnmsp καί@b σαμψών@nnmsp καί@cs σαμουὴλ@nnmsp ὑπερβαίνω@vnpa-- ὁ@danp κατά@p ὁ@dams νόμος@namsc στειροποιός@annfs- γάρ@b ὠδίς@nnfsc ἐγγύς@b ὁ@dgfs παρθενική@ngfsc εἰμί@vipa3s"
"Lc.fr._92","15@ hom@nvmsp εἰμί@vifm3s γάρ@b μέγας@annms- ἐνώπιον@b κύριος@ngmsc καί@cs διά@p πᾶς@angns- ὁ@dans ὁ@dgfs ψυχή@ngfsc ὄμμα@nansc πρός@p θεός@namsc ἀνατείνω@vppanms καί@cs πρός@p αὐτός@rpams μόνος@anans- βλέπω@vppanms κατά@p ὁ@dams λέγω3@vppaams πρός@p σύ@rpacs ἤρα@viia3s ὁ@damp ὀφθαλμός@nampc ἐγώ@rpgcs ὁ@dams κατοικέω@vppaams ἐν@p ὁ@ddms οὐρανός@ndmsc"
"Lc.fr._93","1@ 15@ hom@n---p οἶνος@namsc καί@cs σίκερα@nanpc οὐ@b μή@b πίνω@vsaa3s >καί@cs σίκερα@nanpc οὐ@b μή@b πίνω@voaa3s σίκερα@nnfsp εἰμί@vipa3s πᾶς@anans- ὁ@dans μέθη@nansc ποιέω@vnpa-- δύναμαι@vppeams οὐ@b ἄν@b δέ@b ἐκ@p ἄμπελος@angms- μάλιστα@b δέ@cs ὁ@dnns ἐκ@p φοίνιος@ngnpc σκευάζω@vprenns"
"Lc.fr._94","17@ hom@nvmsp >καί@cs αὐτός@rpnms προέρχομαι@vifm3s ἐνώπιον@b αὐτός@rpgms >καί@cs αὐτός@rpnms προέρχομαι@vifm3s ὁ@i προέρχομαι@vifm3s ἐν@p πνεῦμα@ndnsc καί@b ἥλιος@ngmsp οὗτος@rpnns εἰμί@vipa3s ἥλιος@ngmsp ὁ@dgfs δεύτερος@angfs- ὁ@dgms κύριος@ngmsc παρουσία@ngfsc πρόδρομος@angfs- καθώς@cs φημί@vipa3s ὁ@dnms προφήτης@nnmsc εἶπον@vpaanms >μέρος@vipa1s σύ@rpdmp ἡλίας@namsp ὁ@dams θεσβίτης@namsp πρίν@cs ἔρχομαι@vnaa-- ὁ@dafs ἡμέρα@nafsc ὁ@dgms κύριος@ngmsc ὁ@dafs μέγας@anafs- καί@cs ἐμφανής@anafs- οὕτως@b οὖν@b καί@b ὁ@dnms ἰώαννης@nnmsp ὁ@dgfs πρῶτος@angfs- γίγνομαι@vira3s πρόδρομος@nnmsc καί@cs ἐν@p πνεῦμα@ndnsc μέν@b ὅτι@cs ὥσπερ@cs εἰμί@viia3s ἐπί@p ὁ@dams ἡλίας@namsp ὁ@dnfs ὁ@dgns ἅγιος@angns- πνεῦμα@ngnsc χάρις@nnfsc οὕτως@b καί@b ἐπί@p ὁ@dams πρόδρομος@namsc ἐν@p δύναμις@ndfsc δέ@cs διά@p ὁ@dans μέγεθος@nansc ὁ@dgfs πληρόω@vppegfs παρά@p αὐτός@rpgmp διακονία@ngfsc"
"Lc.fr._95","17@ hom@nvmsp ἐπιστρέφω@vnaa-- καρδία@nafpc πατήρ@ng-pc ἐπί@p τέκνον@nanpc ὁ@dnns δέ@b ἐπιστρέφω@vnaa-- καρδία@nafpc πατήρ@ngmpc ἐπί@p τέκνον@nanpc μετέρχομαι@viaa3s δέ@b ὁ@dnnp αὐτός@rpnnp πρός@p ἰώαννης@namsp ἀλλά@cs μή@b ὡς@cs ὁ@dnfs ἀκολουθία@nnfsc ὁ@dgfs φύσις@ngfsc βούλομαι@vipe3s τέκνον@ngnpc ἀκολουθέω@vnpa-- μᾶλλον@b πατήρ@ndmpc οὐ@b πατήρ@nampc δουλεύω@vnpa-- υἱός@ndmpc ἀλλά@b ἐπεί@cs βούλομαι@vipe3s ὁ@ddms λαός@ndmsc δεῖ@vnpa-- ὁ@dams ἀρχαῖος@anams- ἀκολουθέω@vnpa-- ὅς@rpnms χώρα@ndfsc εἰμί@viia3s πατήρ@ngmpc ὁ@dnms δέ@cs δεύτερος@annms- καί@cs νέος@annms- ἐν@p χώρα@ndfsc υἱός@ngmpc ἀντί@p γάρ@b ὁ@dgmp πατήρ@ngmpc σύ@rpgms γεννάω@viap3p υἱός@nnmpc σύ@rpdms ἀντιστρέφω@vipa3s ὁ@dafs ἀκολουθία@nafsc καί@b γάρ@b γάρ@b ἀποκαθίστημι@vipa3s ὁ@dafs συναγωγή@nafsc ὑπό@p ὁ@dafs ἐκκλησία@nafsc ἑρμηνεύω@vppanms δέ@b τις@rpncp ὁ@dnmp πατήρ@nnmpc τις@rpncp δέ@b ὁ@dnnp τέκνον@nnnpc ἐπιφέρω@vipa3s >καί@cs ἀπειθής@vipa2s ἐν@p φρόνησις@ndfsc δίκαιος@angmp- δεῖ@viia3s ὁ@damp παλαιός@anamp- παρά@p ἰουδαῖος@ndmpp ὁ@ddfs φρόνησις@ndfsc ὁ@dgmp δίκαιος@angmp- ἀκολουθέω@vnaa--"
"Lc.fr._96","22@ hom@i ἐξέρχομαι@vpaanms δέ@b οὐ@b δύναμαι@viie3s λαλέω@vnaa-- αὐτός@rpdmp ἔτι@cs ἀπιστέω@vpaanms ὁ@dnms ζαχαρίας@nnmsp ὁ@ddms ἀγγέλλω@vppadms ὁ@dafs γένεσις@nafsc ὁ@dgfs δείκνυμι@vppagfs ὁ@dams λόγος@namsc φωνή@ngfsc ἀπόλλυμι@vipa3s ὁ@dafs φωνή@nafsc ἀνά@cs λαμβός@vppanms αὐτός@rpafs καί@cs παύω@vppenms ὁ@dgfs ἐπίπονος@angfs- σιωπή@ngfsc ὅτε@cs γεννάω@vipe3s ὁ@dnms πρόδρομος@nnmsc ὁ@dgms λόγος@ngmsc φωνή@nnfsc καί@cs ὅτε@cs γράφω@vipa3s ὅτι@cs >ἰωάννης@nnmsc εἰμί@vipa3s ὁ@dnns ὄνομα@nnnsc αὐτός@rpgms ἐνωτίζομαι@vnpe-- οὖν@b δεῖ@vipa3s φωνή@nafsc ἵνα@cs ὁ@dnms νόος@nnmsc ὁ@dams ὑπό@p αὐτός@rpgfs δείκνυμι@vppeams δέχομαι@vsam3s λόγος@namsc"
"Lc.fr._97","23@ hom@i ὡς@cs πίμπλημι@viap3p ἡμέρα@annfp- λειτουργία@nnfpc προακούω@vpaanms ἐράσμιος@anans- πρᾶγμα@nansc ὁ@dnms ζαχαρίας@nnmsp ἑαυτοῦ@rpdms μέλλω@vnpa-- εἰμί@vnfm-- οὐ@b σπεύδω@viaa3s πρό@p καιρός@ngmsc τρέχω@vnpa-- πρός@p ὁ@dans δίδωμι@vnaa-- ὁδός@nafsc ὁ@ddfs προφητεία@ndfsc ἀλλά@cs μένω@viaa3s πληρόω@vnaa-- ὁ@dafs πνευματικός@anafs- λειτουργία@nafsc καί@cs οὕτως@b ὁ@ddfs προφητεία@ndfsc διά@p ὁ@dgnp σαρκικός@angnp- ἐξυπηρετέω@vnae-- διδάσκω@vppanms ὅτι@cs δεῖ@vipa3s πᾶς@ananp- δεύτερος@ananpc ποιέω@vnpe-- ὁ@dgfs εἰς@p θεός@namsc τιμή@ngfsc"
"Lc.fr._98","24@ hom@i περικρυβω@viia3s ἑαυτοῦ@rpafs μείς@nampc πέντε@an---- διό@b οὐδείς@rpans λέγω3@viia3s ὁ@dnfs ἐλισάβετ@nnfsp ἕως@p ὅς@b πᾶς@annmp- σχεδόν@b εἶπον@vnaa-- ἐλέγχω@viia3p αὐτός@rpafs ὅτι@cs ἔγκυος@nnmsc εἰμί@viia3s ἱέραξ@cs ὅς@rpgnp ὁράω@viia3p καί@b ἄν@b ἐκεῖνος@rpnfs ὁ@dans πρᾶγμα@nansc κρύβω@viia3s"
"Lc.fr._99","32@ hom@i οὗτος@rpnms εἰμί@vifm3s μέγας@annms- καί@cs υἱός@nnmsc ὕψιστος@angms- καλέω@vifp3s ὁ@dnns δέ@b εἰμί@vifm3s καί@cs καλέω@vifp3s ὁ@ddfs κατά@p σάρξ@nafsc πρέπω@vppaans οἰκονομία@ndfsc καί@cs ὁ@dnns δίδωμι@vifa3s δέ@b αὐτός@rpdms κύριος@nnmsc ὁ@ddfs οἰκονομία@ndfsc σάρξ@nafsc πρέπω@vppaans οἰκονομία@ndfsc λαμβάνω@vnpa-- λέγω3@vipe3s διά@p οὗτος@rpafs ὁ@anams- θρόνος@namsc δαβίδ@nnmsp ἀλλά@cs εἰμί@vipa3s ὁ@dnms αὐτός@rpnms καί@b βασιλεύς@nnmsc αἰώνιος@annms- θεοπρεπής@b"
"Lc.fr._100","38@ hom@nvmsp ἰδού@b ὁ@dnfs δούλη@nnfsc κύριος@namsc ὡς@b εὐγνώμων@annfs- εἰμί@vppanfs ὁ@dnfs μαρία@nnfsp φημί@viia3s πρός@p ὁ@dams ἄγγελος@namsc ἰδού@nnfsc ὁ@dnfs κύριος@ngmsc γίγνομαι@voam3s ἐγώ@rpdms κατά@p ὁ@dans ῥῆμα@nansc σύ@rpg-s"
"Lc.fr._101","hom@i ἐπιβλέπω@viaa3s ἐπί@p ὁ@dafs ταπείνωσις@nafsc οὐ@b ἁπλῶς@b δέ@b οὐδέ@b ἄκριτος@b ἐν@p ὁ@ddfs μαρίᾶ@nvfsp γίγνομαι@vira3s ὁ@dnms λόγος@nnmsc ἀλλά@cs διά@p ὁ@dafs ὑπερβάλλω@vppaafs αὐτός@rpgfs ταπείνωσις@nafsc ὅς@rpafs ἀγαπάω@vipa3s ὁ@dnms θεός@nnmsc καί@cs ὑπερυψόω@vifa3s ὡς@b μιμέομαι@vppeafs αὐτός@rpams ὁ@dams ταπεινόω@vpaaams ἑαυτοῦ@rpams καί@cs μορφή@nafsc δοῦλος@ngmsc λαμβάνω@vpaaams ὅτε@b ἐπιβλέπω@viaa3s ἐπί@p ὁ@dafs ταπείνωσις@nafsc ὁ@dgfs δούλη@ngfsc αὐτός@rpgms ἐν@p ἡσαΐας@nanpp φημί@vipa3s ἐπί@p τις@rpams ἐπιβλέψω@vsaa1s ἀλλά@b ἤ1@cs ἐπί@p ὁ@dams ταπεινός@anams- καί@b ἡσύχιος@anams- καί@cs τρέμω@vppaams ἐγώ@rpgms ὁ@damp λόγος@nampc εἶτα@b φημί@vipa3s ἐπεί@cs ἐπί@p ὁ@dafs ταπείνωσις@nafsc ὁ@dgfs δούλη@ngfsc αὐτός@rpgms δούλη@nnfsc γάρ@b αὐτός@rpgms εἰμί@vipa1s ὡς@cs πλάσμα@nansc αὐτός@rpgms καθώς@vpranms καί@cs ὁ@danp λοιπός@ananp- κτίσμα@nanpc ε@n---p ἀπό@p ὁ@dgns νῦν@b μακαριόω@vipa3p ἐγώ@rpams οὐ@b σύ@rpnfs μόνος@annfs- ὁ@dnfs ἐλισάβετ@nvmsp ἀλλά@cs πᾶς@annfp- ὁ@dnfp ὁ@dnfp ὁ@dgmp πιστεύω@vppagmp εἰ@cs γάρ@b καί@b ὁ@ddmp κατά@p ἐκεῖνος@anams- καιρός@ngmsc ἀσυμφανής@annms- εἰμί@viia3s ὁ@dnms ὁ@dgfs θεοτόκος@ngfsc λόγος@nnmsc ἀλλά@cs νῦν@b ὁσημέραι@b ἐπί@p πλείων@ananpc λαλέω@vipa3s καί@b φαίνω@vipe3s ὁ@dnns ἀληθής@anans- ὁ@dgnp ὑπό@p αὐτός@rpgfs προφητεύω@vpapgnp"
"Lc.fr._102","1@ 49@ hom@nvmsp ποιέω@viaa3s ἐγώ@rpdcs μέγας@ananp- ὁ@dnms δυνατός@annms- ἐπεί@cs ἀπιστέω@voaa3s ἄν@b τις@rpnms πρός@p ὁ@dafs ἐνέργεια@nafsc ὁ@dgfs σύλληψις@ngfsc εἰ@cs γε@b παρθένος@nnfsc εἰμί@vppanfs συλλαμβάνω@voaa3s ὁ@ddns ὄνομα@ndnsc ὁ@dgns δυνατός@angms- ὁ@dafs ἀπιστία@nafsc ἵνα@cs τις@rpnms ὁ@ddfs δύναμις@ndfsc ὁ@dgns ἐνεργέω@vppagms ἀναπέμπω@vsaa3s ὁ@dans κατόρθωμα@nansc καί@cs μή@b ὁ@dans κατά@p φύσις@nafsc ἐξετάζω@vppanms ἐκπίπτω@vsaa3s ὁ@dgfs ἀληθής@angfs- συγκατάθεσις@ngfsc ὁ@dgnp ἀληθής@b γίγνομαι@vpregnp"
"Lc.fr._103","52@ hom@nvmsp καθαιρέω@viaa3s δυνάστης@nampc ἀπό@p θρόνος@ngmpc ὁ@damp αὐτός@rpamp καί@cs >δυνάστας@nampc καλέω@vipa3s ὅς@rpamp καθαιρέω@vpaanms ὑψόω@viaa3s ὁ@damp ἑαυτοῦ@rpamp ὑπό@p ὁ@dafs κραταιός@anafs- χείρ@nafsc αὐτός@rpgms δίδωμι@vpranms αὐτός@rpdmp ἐξουσία@nafsc πατέω@vnpa-- ἐπάνω@b ὄφις@ngmsc καί@cs σκορπίος@ngnpc καί@cs ἐπί@p πᾶς@anafs- ὁ@dafs ὁ@dgms ἐχθρός@angms- καί@b πεινάω@vppaamp μέν@b ὁ@damp ἐκ@p ἔθνος@ngnpc λιμώσσω@vppaamp θεῖος2@ngnpc καί@cs διδασκαλία@ngfsc ἐμπίμπλημι@viaa3s ἀγαθός@angnp- ὁ@dgnp ὁ@dgfs ναῦς@angfs- διαθήκη@ngfsc"
"Lc.fr._104","80@ hom@nvmsp εἰμί@viia3s ἐν@p ὁ@ddfp ἐρῆμος@andfp- οὕτως@b πᾶς@annnp- ξένος@annnp- ὁ@dnnp αὐτός@rpgms καί@b ὁ@dnfs τροφή@nnfsc ξένη@annfs- καί@cs ἐκλεκτός@annms- ἀπό@p κόσμος@ngmsc ἅτε@b ὁ@dams ὑπέρ@p κόσμος@namsc μηνύω@vppanms χριστός@namsp καί@cs ἐν@p ἐρῆμος@andns- εὐθύς@b ἔξω@p ὁ@dgfs ἐν@p ἄνθρωπος@ndmpc κακία@ngfsc ἀναστρέφω@vppenms ἵνα@cs καί@b ἀξιόπιστος@annms- γίγνομαι@vsam3s οὗτος@rpafs ἐλέγχω@vnpa-- οὐ@b πρότερος@anans- δέ@b ὁ@ddmp ἐν@p πόλις@ndfpc ἐπιχωριάζω@vnpa-- ἄρχω@viam3s εἰ@cs μή@b ὁ@dnns ἐν@p αὐτός@rpdms πνεῦμα@nansc δημοσιεύω@vnaa-- ἑαυτοῦ@rpams προτρέπω@viam3s"
"Lc.fr._105","2@ 1@ hom@nvmsp γίγνομαι@viam3s δέ@b ἐν@p ὁ@ddfp ἡμέρα@ndfpc ἐκεῖνος@andfp- ποῖος@andfp- ἡμέρα@ndfpc κατά@cs ὅς@nnfsc γεννάω@viap3s ὁ@dnms βαπτιστής@nnmsc ἐκ@p γάρ@b μείς@ndmpc πρόδρομος@nnmsc ὁ@dgms σωτήρ@ngmsc γίγνομαι@viam3s εἰς@p ὁ@dafs κύησις@nafsc καί@cs πρό@p ἕξ@an---- μείς@ngmpc τίκτω@viap3s ὡς@cs δέ@b ὁ@dnmp ἀκριβής@annmpc ἐπιτηρέω@viaa3p καί@b πρό@p ἕξ@an---- μείς@ngmpc ὁ@dgfs ἀνάληψις@ngfsc ὁ@dgms σωτήρ@ngmsc ἀποθνῄσκω@viaa3s ἐπίτροπος@ngmsc δέ@b φημί@vipa3s πρῶτος@b βασιλεύω@vppagms ἐξέρχομαι@viaa3s δόγμα@nnnsc πρό@p αὔγουστος@ngmsp γάρ@b μόνος@annms- ἐγκτέννω@viie3s ἰούλιος@nnmsp καῖσαρ@nnmsp ὁ@dnms μετά@p ὁ@damp ὕπατος@nampc τύπος@nnmsc γάρ@b εἰμί@viia3s πρό@p οὗτος@rpgns ὕπατος@anamp- βασιλεύς@nampc ἐνιαύσιος@anamp- αὔγουστος@nnmsp δέ@b βασιλεύω@vpaanms λύω@vipa3s ὁ@dafp πολυαρχία@nafpc καί@cs κατέχω@vpaanms παραμένω@viaa3s βασιλεύω@vppanms ἐπεί@cs γάρ@b μέλλω@viia3s ὁ@dnns κήρυγμα@nnnsc διατρέχω@vnpa-- εἰς@p ὁ@danp πέρας@nanpc οὐ@b δύναμαι@viam3p δέ@b ὁ@dnmp ἀπόστολος@nnmpc μεταβαίνω@vnpa-- ἀπό@p ἔθνος@ngnsc εἰς@p ἔθνος@nansc διάφορος@andmp- βασιλεύς@ndmpc παλαίω@vppanmp καί@cs πολεμέω@vppenmp παρά@p ἕκαστος@angms- προομαλίζω@vipa3s εἷς@andfs- βασιλεία@ndfsc ὁ@dafs γῆ@nafsc ὁ@dnms θεός@nnmsc ἵνα@cs ὁ@dnmp ἀπόστολος@nnmpc ὡς@b εἰς@p εἷς@anafs- βασιλεία@nafsc κηρύσσω@vspa3p"
"Lc.fr._106","22@ hom@i 14@b ἀνάγω@viaa3s αὐτός@rpams εἰς@p ἱεροσόλυμα@nanpp περιτέμνω@vipe3s ὁ@dnms κύριος@nnmsc ὀκταήμερος@annms- ἰησοῦς@ngfsp ὀνομάζω@vipe3s ὅς@rpnns καί@b προαγορεύω@vire3s καί@b οὕτως@b μετά@p ὁ@dafs συμπλήρωσις@nafsc ὁ@dgfp ἡμέρα@ngfpc ἀνάγω@vipe3s πρός@p ἱεροσόλυμα@nanpp καί@cs παρίστημι@vipe3s ὁ@ddms κύριος@ndmsc κατά@p ὁ@dams νόμος@namsc ὁ@dams λέγω3@vppaams ὅτι@cs πᾶς@annns- ἄρσην@annns- διανοίγω@vppanns μήτρα@nafsc ἅγιος@annns- ὁ@ddms κύριος@ndmsc καλέω@vifp3s καί@cs οὗτος@rpans μέν@b ἐνταῦθα@b γιγνώσκω@vnaa-- πᾶς@angns- ὡς@cs αὐτός@rpnms μέν@b ὁ@dnms ἁγιάζω@vppanms αὐτός@rpnms δέ@b ὁ@dnms ἁγιάζω@vppenms ἐκεῖνος@rpnns δέ@cs οὐ@b πᾶς@angms- ὡς@cs λέγω3@viie3s μέν@b καί@cs τελέω@viie3s οὗτος@rpnnp κοινός@b δηλόω@viia3s δέ@cs τις@rpnns ὁ@dgns φαίνω@vppegns βαθύς@anansc προσάγω@viie3s γάρ@b ὑπέρ@p ἄῤῥην@ngfsc πρωτότοκος@angfs- καί@cs αὐτός@rpgms προσάγω@vppegms <ζεῦγος@nnnsc τρυγών@ngmpc καί@cs δύο@an---- περιστερά@ngfpc καί@cs οἴομαι@vipe1s διά@p μέν@b ὁ@dgmp τρυγών@ngmpc ὁ@dans σώφρων@anans- τε@b καί@cs δηλόω@vnpe--"
"Lc.fr._107","46@ hom@nvmsp 19@b μετά@p ἡμέρα@nafpc τρεῖς@anafp- εὑρίσκω@viaa1s αὐτός@rpams οὐ@b ὁ@ddfs πρῶτος@andfs- δέ@b ἤ1@cs ὁ@ddfs δεύτερος@andfs- εὑρίσκω@viaa3p αὐτός@rpams ἀλλά@cs ὁ@ddfs τρίτος@annfs- ὅτε@cs αὐτός@rpnms ἐθέλω@viaa3s ἐμφανής@annms- γίγνομαι@vnam-- ὁ@ddmp ζητέω@vppadmp αὐτός@rpams ἔχω@vipa3s δέ@x καί@b αἴνιγμα@nansc ὁ@dnms λόγος@nnmsc ἐν@p ὁ@ddns δωδέκατος@andns- ἔτος@ndnsc τρεῖς@an---- ἡμέρα@nafpc κρύπτω@vipe3s πρό@p ὁ@dgns πάθος@ngnsc ὁ@dans πάθος@nansc καταγγέλλω@vppanms ὁ@dans ἐπί@p ὁ@dgmp δώδεκα@an---- μαθητής@ngmpc ὅτε@cs δή@b καί@b οὗτος@rpamp λανθάνω@viaa3s καί@cs πόλις@nafsc ἀνίστημι@vpaanms φαίνω@viap3s πρό@p ὁ@dgmp τρεῖς@angmp- ὁ@dams τριήμερος@anams- πρό@p τις@rpgns καιρός@ngmsc καιρός@namsc δίς@ anschl@vmpa2s an@i p@ 130@ 3@ 9@ vgl@ ambros@vmpa2s εἰς@p lucη@n---p εἰμί@ 63@n---c s@n---p schenkl@nnmsp μετά@p triduum@namsc ἀπαμφιέννυμι@vifa3s tn@p templi@nansc ὡς@cs εἰμί@b εὔλογος@vsaa1s ὅστις@cs μετά@vipa3s triduum@namsc triumphalis@ngfsc illius@rpgfs γενέθλιος@ngfsc εἰς@p sede@b caelestiς@ndfsc καί@cs honor@nvfsc αὐτοσχέδιος@ananp- fidei@ngfsc ἡμέτερος@annfs- σύ@rpnfs resurrecturus@nnfsc offρέω@vipa1p ὅς@b ἄ mortuος@annms- cadeμαι@vipa3s vgl@n---c weiιh@vmpa2s sal@ 1@ 2@i"
"Lc.fr._108","3@ hom@b 21@b ἐν@p ἔτος@ndnsc δέ@b πεντεκαιδέκατος@andns- ὁ@dgfs τιβέριος@ngmsp ἐν@p ὁ@ddns πρῶτος@andns- καί@cs τεσσαρακοστός@andns- ἔτος@ndnsc καῖσαρ@ngmsp αὔγουστος@ngmsp γεννάω@viap3s ὁ@dnms χριστός@nnmsp καί@cs βασιλεύω@viaa3s αὔγουστος@nnmsp ἔτος@nanpc πεντήκοντα@ ἕξ@an---- λοιπός@ananp- δέκα@an---- πέντε@an---- εἶτα@b βασιλεύω@viaa3s μετά@p αὐτός@rpams τιβέριος@nnmsp καί@cs ὁ@ddns πεντεκαιδέκατος@andns- ἔτος@ndnsc ὁ@dgfs τιβέριος@ngmsp βασίλεια@ngfsc ἔρχομαι@viaa3s ἰώαννης@nnmsp βαπτίζω@vppanms ὅτε@cs καί@b ὁ@dnms ἰησοῦς@nnmsp βαπτίζω@viap3s εἰμί@vppanms ἔτος@ngnpc ὡσεί@b τριάκοντα@an---- ὡς@cs ἐν@p ὁ@ddmp ἑξῆς@b φημί@vipa3s εὐαγγελιστής@nnmsc δίς@ σύ@vipa3s folgt@vipa3s p@ 136@ 21@ 137@ 17@ 6@n---c vgl@n---c luk@ 3@ 23@"
"Lc.fr._109","2@ hom@vmpa2s ἐπί@p ἀρχιερεύς@ngmsc ἄννα@nvmsp καί@cs καϊάφας@nnfsp μιμνῄσκω@viap3s δέ@b καί@b ὁ@dgmp ἀρχιέρεως@ngmpc ἄννα@nnfsp καί@cs καϊάφας@nnfsp ἵνα@cs δείκνυμι@vsaa3s ἀπό@p ὁ@dgms καιρός@ngmsc κατά@p ὅς@rpams ἔρχομαι@viaa3s ὁ@dnms ἰώαννης@nnmsp κηρύσσω@vppanms εἰμί@viia3p οὗτος@rpnmp ἀρχιερεύς@nnmpc ἐν@p ἐκεῖνος@andms- ὁ@ddms καιρός@ndmsc ἄρχω@vpamnmp μένω@vpaanmp δέ@cs ἕως@p ὁ@dgns πάθος@ngnsc ὁ@dgms κύριος@ngmsc ἐν@p ὁ@ddfs ἀρχιερωσύνη@ndfsc φημί@vipa3s γάρ@b περί@p ὁ@dgms καϊάφας@ngmsp ὅτι@cs εἶπον@vpaanms περί@p ὁ@dgms χριστός@ngmsp ὅτι@cs συμφέρω@vipa3s ἐγώ@rpdcp ἵνα@cs εἷς@ ἄνθρωπος@nnmsc ὑπέρ@p ὁ@dgms λαός@ngmsc καί@b ἐπάγω@viaa3s εὐθύς@b εἰμί@viia3s γάρ@b ἀρχιερεύς@nnmsc ἐκεῖνος@rpgms ἤτοι@b πρό@p δύο@an---- ἔτος@ngnpc ὁ@dgns πόθος@ngnsc λέγω@viaa3s οὗτος@rpans ὁ@ddns γάρ@b τρίτος@andns- τριακοστός@andns- ἔτος@ndnsc μετά@p μείς@nampc τρεῖς@anamp- πάσχω@viaa3s ὁ@dnms κύριος@nnmsc"
"Lc.fr._110","18@ hom@nvmsp 32@ ἀποστέλλω@viaa3s ἐγώ@rpacs κηρύσσω@vnaa-- αἰχμάλωτος@andnp- ἄφεσις@ndnpc >καί@cs ὁ@ddnp αἰχμάλωτος@andnp- ἄφεσις@ndnpc τις@nampp δέ@b αἰχμάλωτος@anamp- φημί@vipa3s αὐτός@rpamp ὅς@rpamp πρώην@b αἰχμαλωτεύω@vpapamp καί@cs δεσμεύω@vpapamp ὑπό@p ὁ@dgms διάβολος@ngmsc ἔρχομαι@vpaanms ὁ@dnms χριστός@nnmsp καί@cs καθαιρέω@vpaanms ὁ@dams ἀποστάτης@namsc καί@cs ἀλαζών@anams- τύραννος@namsc ὁ@dams σατανᾶς@namsp ἐλευθερόω@viaa3s ὁ@dgfs αἰχμαλωσία@ngfsc ὁ@damp αὐτός@rpamp καί@cs τυφλός@anamp- θραύω@vpreamp φημί@vipa3s αὐτός@rpnms γάρ@b ἐξαστράπτω@viaa3s ὁ@ddmp σκοτίζω@vpreafs ἔχω@vppadmp διάνοια@nafsc ὁ@dans νοητός@anans- φάος@nansc ἀφίημι@viaa3s τε@cs ἤγουν@anams- ἀπολύω@viaa3s δεσμός@ngmpc ὁ@dgmp ὁ@dgfs ἁμαρτία@ngfsc ὁ@damp θραύω@vpreamp καί@cs συντρίβω@vpreamp ὁ@ddfs καρδία@ndfsc οὗτος@rpans συντρίβω@vpapamp ὑπό@p ὁ@dgns βάρος@ngnsc ὁ@dgfs ἁμαρτία@ngfsc ἤ1@cs ὁ@damp ταπεινός@anamp- ὁ@ddns πνεῦμα@ndnsc ὅς@rpdmp καί@b κηρύσσω@vipa3s ἐνιαυτός@namsc κύριος@ngmsc δεκτός@anams- ποῖος@annms- δέ@b οὗτος@rpnms εἰμί@vipa3s ὅς@rpams ὁ@dnns κήρυγμα@nnnsc ὁ@dgms σωτήρ@ngmsc γίγνομαι@viie3s ἤ1@cs κατά@p ὅς@rpams ὁ@dnms ἀμνός@annms- ὁ@dnms ἀληθινός@annms- ὑπέρ@p ὁ@dgfs ἁμαρτία@ngfsc ὁ@dgms κόσμος@ngmsc προσφέρω@viie3s"
"Lc.fr._111","10@ 29@ hom@i ὁ@dnms δέ@b ἐθέλω@vppanms δικαιόω@vnaa-- ἑαυτοῦ@rpams λέγω@viaa3s ἐπαινέω@vpapnms μέντοι@b ὑπό@p ὁ@dgms σωτήρ@ngmsc ὁ@dnms νομικός@annms- ὡς@cs καλός@anafs- ἀπόκρισις@nafsc ποιέω@viam3s ὁ@dafs ἀλαζονεία@nafsc ἐκρήγνυμι@viaa3s οὐδείς@rpams εἰμί@vnpa-- πλησίος@b αὐτός@rpgms τίθημι@vppenms ὡς@cs οὐδείς@rpgms εἰμί@vppagms αὐτός@rpdms κατά@p ὁ@dafs δικαιοσύνη@nafsc ἐφάμιλλος@viia3s μόνος@b γάρ@b νομίζω@viia3s πλησίος@b εἰμί@vnpa-- ὁ@dams δίκαιος@anams- ὁ@ddms δίκαιος@vppadms ὁ@dams ἡψηλός@anams- ὁ@ddms ὑψηλός@andms- κατά@p ’@p ἀρετή@nafsc ἐφάμιλλος@viia1s οὐ@b οἶδα@vpranms ὅτι@cs οὗτος@rpnns διαφθείρω@vipa3s ὁ@dafs δικαιοσύνη@nafsc ὁ@dans μή@b ἐκ@p ἀγάπη@ngfsc ὅς@rpans πράσσω@vipa3s ποιέω@vnpa-- ἐνδεής@annms- οὖν@b οὗτος@rpnms ὁ@dgfs ἀγάπη@ngfsc ἁλίσκομαι@vipe3s καί@cs ὁ@dgfs πρός@p ὁ@dams θεός@namsc καί@cs ὁ@dgfs πρός@p ὁ@dams πλησίος@anams-"
"Lc.fr._112","13@ 6@b συκῆ@anafs- ἔχω@viia3s τις@rpncs φυτεύω@vpreafs ἄλλος@nnmpp δέ@cs ὁ@dans τρισσός@b ἔρχομαι@vnra-- αὐτός@rpams οὕτως@b φημί@vipa3p ὁ@dans πρῶτος@anans- μωϋσῆς@ngmsp καί@cs ἀαρών@nnmsp δεύτερος@annns- κατά@p ὅς@anams- καιρός@namsc εἰμί@viia3s ἰησοῦς@nnmsp ὁ@dnms ὁ@dgms ναυή@nnfsp καί@cs μετά@p αὐτός@rpams ὁ@dnmp κριτής@nnmpc τρίτος@anans- δέ@cs μετά@p οὗτος@rpamp κατά@p ὅς@rpams γίγνομαι@vira3p ὁ@dnmp προφήτης@nnmpc μέχρι@p ἰώαννης@ngmsp ὁ@dgms βαπτιστής@angms- ἐν@p καιρός@ndmpc ἄκαρπος@annms- ὁ@dnms ἰσραήλ@nnmsp ὅσος@rpans γάρ@b ἥκω@viia3s εἰς@p ὁ@dafs ὁ@dgms θεός@ngmsc βουλή@nafsc ἀπαράδεκτος@annfs- εἰμί@viia3s ὁ@dnfs ὡς@b ἐν@p σκιά@andfp- καί@cs τύπος@ndmpc λατρεία@nnfsc καί@cs ἄκαρπος@annms- παντελής@b τότε@b ἥκω@viia3p εἰς@p πνευματικός@anafs- λατρεία@nafsc διό@b καί@b ἀπόβλητος@annms- γίγνομαι@vira3s ἕτερος@anans- δέ@b τέταρτος@anans- νοέω@vnaa-- ὁ@dafs ὁ@dgfs ἐνανθρώπησις@ngfsc χρόνος@namsc κατά@p ὅς@rpams νύσσω@vipa3s καί@cs περιοικοδομέω@vipa3s ὁ@dams ἰσραήλ@namsp καταθερμαίνω@vppanms αὐτός@rpams ἵνα@cs ζέω@vppaamp ὁ@ddns πνεῦμα@ndnsc ἀποτελέω@vsaa3s ἐπεί@cs δέ@b μετά@p τοσοῦτος@rpafp ἀπειλή@nafpc μένω@viaa3p ἄκαρπος@annmp- ἐκκόπτω@viap3s ὁ@dnfs συκῆ@nnfsc καί@cs ἐγκολλάω@viap3s ὁ@dnnp ἔθνος@nnnpc εἰς@p ὁ@dafs ἐκεῖνος@rpgmp ῥίζα@nafsc μένω@viaa3s ῥίζα@nnfsc ἤ1@rpdfs γεωργός@namsc δεῖ@viia3s νοέω@vnaa-- ἄγγελος@namsc τις@anams- παρά@p θεός@ngmsc προστάσσω@vpapams προίστημι@vnpe-- ὁ@dgfs ἱερουσαλήμ@ngfsp ὅς@rpnfs καί@b συκῆ@ndfsc ἄκαρπος@andfs- παραβάλλω@vipe3s διατυπόω@vsaa1p οὖν@b καί@b ὡς@cs ἐν@p σύντομος@andns- ὁ@dams λόγος@namsc συκῆ@nnfsc ἤτοι@cs ὁ@dnfs ἱερουσαλήμ@nnfsp ἤ1@cs ὁ@dnfs ὁ@dgmp ἰουδαῖος@ngmpp συναγωγή@nnfsc ἤ1@cs ὁ@dnfs ἀνθρωπότης@nnmsc οἰκοδεσπότης@nnmsc ὅς@rpgms τις@rpgms καί@b ὁ@dnfs συκῆ@nnfsc εἰμί@viia3s ὁ@dnms θεός@nnmsc καί@cs αὐτός@rpnms ὁ@dnms σωτήρ@nnmsc ὁ@dnms δέ@b ἀμπελουργός@annms- ὁ@dnms υἱός@nnmsc ὁ@dgms θεός@ngmsc τρίτατος@namsc ἔρχομαι@vnra-- αὐτός@rpams οὗτος@rpnns εἰμί@vipa3s διά@p μωϋσῆς@ngmsp διά@p ὁ@dgmp προφήτης@ngmpc ἑαυτοῦ@rpgms ἤτοι@i πρῶτος@annns- ἔτος@nvnsc κατά@p ὁ@dnms πρῶτος@anans- ὁ@ddms ἀδάμ@ndmsp ἐντέλλομαι@viam3s λέγω3@vppanms ἀπό@p πᾶς@angns- ξύλον@ngnsc ὁ@dgns ἐν@p ὁ@ddms παράδεισος@ndmsc βρῶσις@ndfsc ἐσθίω@vifm2s ὁ@danp ἑξῆς@b δεύτερος@anans- κατά@p ὁ@dnms ἐν@p ὁ@ddms νόμος@ndmsc διά@p μωϋσῆς@ngmsp ὁ@ddms ἰσραήλ@ngmsp δέ@b δίδωμι@viaa3s ἐντολή@nafpc τρίτος@anans- κατά@p ὅς@rpans αὐτός@rpnms διά@p ἑαυτοῦ@rpgms ἐν@p ὁ@ddns εὐαγγέλιον@ndnsc ὁ@dams τέλειος@anams- δίδωμι@vira3s νόμος@namsc ἤ1@dnfs πρῶτος@anans- ἔτος@nnnsc φημί@vipa3s κατά@p ὅς@rpams εἰμί@viia3s μωϋσῆς@nnmsp καί@cs ἀαρών@nnmsp δεύτερος@anans- κατά@p ὅς@rpams ἐν@p ἰησοῦς@nampp ὁ@dnms ὁ@dgms ναυή@ngmsp καί@cs ὁ@dnmp κριτής@nnmpc τρίτος@anans- δέ@cs κατά@p ὅς@rpams γίγνομαι@vira3p ὁ@dnmp προφήτης@nnmpc ἰώαννης@ngmsp τέταρτος@anams- ὁ@dams ὁ@dgfs ἐνανθρώπησις@ngfsc χρόνος@namsc κατά@p ὅς@rpams αὐτός@rpnms διά@p ὁ@dgns εὐαγγέλιον@angns- ὁ@dafs ὁ@dgmp οὐρανός@ngmpc βασιλεία@nafsc πᾶς@andmp- εὐαγγελίζομαι@viam3s"
"Lc.fr._a","ἐκ@vmpa2s ὁ@rpacs matthäus@nnmsp φέρων@vira1s 9@ 10@ ὁ@dnms δέ@b ματθαῖος@nnmsp φημί@vipa3s explάω@ φεύγω@vmpa2p εἰς@p ὁ@dafs ἕτερος@anafs- 12@ κατά@p δέ@b ἀναγωγή@nafsc explάω@ τρέφω@vppanmp ἕκαστος@anafs- φυλή@nafsc 18@ ἐρωτάω@ndfsp δέ@b οὐ@b ἀγνοέω@vppanms explάω@ συμβολικός@ananp- αὐτός@rpgms ἀναλαμβάνω@vira3p πυνθάνομαι@vipe3s δέ@b ὁ@dgmp μαθητής@ngmpc explάω@ εἰσέρχομαι@vifm3p ἐν@p αὐτός@rpdfs 23@nvmsc ἕτερος@b δέ@b ἀρνέομαι@vipe3s τις@rpncs ἑαυτοῦ@rpams explάω@nafsc ἐν@p ὁ@ddns κατορθόω@vnpa-- σωζοω@vmpe2s μενην@nafsc 27@cs οὗτος@rpanp ἐπί@p πέτρος@namsp καί@cs ἰακώβ@namsp explάω@ ὁ@dgfs μεταμόρφωσις@ngfsc αὐτός@rpgms εἰ@cs δέ@b χρή@vipa3s τις@rpnns καί@b περίεργος@anansc explάω@b ἐντός@p ὁ@dgmp τέλειος@angmp- μόνος@anans- 9@ 28@b καί@cs τοίνυν@b ἴνα@ananp- καί@b ἐπαναλαμβάνω@vpaanms explάω@b καί@b ὁ@dnns πάθος@nnnsc ὁ@dnns ἅγιος@annns- ἐπεί@cs γάρ@x ἐν@p ἕξ@ ἡμέρα@ndfpc explάω@ ὁ@rpdms βλέπω@vppadms θεωρέω@vppeams μή@b φέρω@vppanmp ὁ@dafs ὁ@dgfs φωνή@ngfsc δύναμις@nafsc explάω@an---- ἐκεῖ@b ἐμφανίζω@vnpe-- πολύς@andmp- 30@an---- ὠριγένης@ngfsp εἰς@p ὁ@dans ἰδού@b ἀνήρ@nnmpc δύο@ συγχαίρω@viia3p explάω@nvmsc ὅς@rpdmp ἐπαίρω@vire3p διά@p οὗτος@rpamp λέγω@vnre-- 34@ ὁ@dnfs δέ@b ἐκ@p ὁ@dgfs νεφέλη@ngfsc explάω@ ὅθεν@b ἔρχομαι@vila3p 37@cs ἐπιβλεπτέον@annns- δέ@b οὗτος@rpdmp ὑψηλός@anansc explάω@ ἐν@p ὁ@ddmp κλάδος@ndmpc ὁ@dgfs τοιοῦτος@rpgfs πίστις@ngfsc 44@ ὑπό@p τις@rpgns δέ@b ἄρα@b μέλλω@vipa3s παραδίδωμι@vnpe-- explάω@vmpa2s ἐπί@p ἐγώ@rpa-p φάος@nnnsc ὁ@dgms θεός@ngmsc 47@n---c ἐπεί@cs ἀχώριστος@annms- εἰμί@vipa3s ὁ@dnms υἱός@nnmsc explάω@n---c καί@cs ἀπόνηρος@annns- παιδίον@nnnsc 48@n---c οἶος@namsp γάρ@b ὁ@dnns παιδίον@nnnsc ἐκ@p ὁ@dgfs γέννησις@ngfsc explάω@n---c γίγνομαι@vira3s εἰς@p ὁ@danp παιδίον@nanpc 11@ 51@ διό@b ὁ@dgfs ἐλισάβετ@ngfsp καί@cs ὁ@dgms παῖς@ngmsc explάω@ ὁ@dnns αἷμα@nnnsc ὁ@ddns αἷμα@ndnsc ζαχαρίας@namsp εὑρίσκω@vipa1p ἐν@p ὁ@ddfp βασίλεια@ndfpp explάω@ ὁ@dams πατήρ@namsc τις@rpgms πατρος@ngmsc 14@ 18@b ὁ@dnns μέν@b οὖν@b ὁλοσχερής@annns- ὁ@dgfs παραβολή@ngfsc οὕτως@b ἐκλαμβάνω@voaa2s δέ@b καί@b ἄλλως@b κατά@p ὁ@dams τόπος@namsc ὅσος@anans- ἄνθρωπος@nnmpc εἰμί@vipa1p explάω@b ἐν@p θεός@ngmpc 34@n---c δύναμαι@nnmpp δέ@b σημαίνω@vnpe-- καί@b ὁ@danp δύο@ explάω@ ὡς@b ἀνάξιος@annfs- αφιεμενη@vppanfs 24@b ὁράω@vmpa2s ὅτι@cs οὐ@b πάντῃ@b ἀποκλείω@viaa3s ὁ@dams πλούσιος@anams- explάω@ καί@b ὁ@danp ὁ@dgfs λέγω3@vppegfs 19@ 29@b ὁ@dnmp δύο@ μαθητής@nnfpc ἤτοι@b πέτρος@nnmsp καί@cs παῦλος@nnmsp explάω@ εἰς@p ὁ@dafs ἱερουσαλήμ@nafsp 17@cs διά@p τίς@rpans δέ@b ἔχω@viia1s ἀνάγκη@nafsc ἀπολύω@vnaa-- explάω@ διά@p ὁ@dams λαός@namsc ὁ@dams ἰωνάθας@ngmsp ἔοικα@nnmsp ἄρτι@b ὑποσπόδιον@angmp- γίγνομαι@vpamgmp explάω@ πάτριος@annns- αὐτός@rpdmp το@dnns τοιοῦτος@rpnns 39@b ὁ@dnms μέν@b ματθαῖος@nnmsp παρατρέχω@vppanms λέγω@viaa3s explάω@ ἐν@p ὁ@ddms δέμω@ndnsc mattha@nnmsp 13@ 44@ ὁμοίωμα@nnnsp καί@cs παραβολή@nnfsc ὁ@dafs διαφορά@nafsc explάω@nafsc ὁ@dnms ὁ@dgms σπόρος@ngmsc λόγος@nnmsc mattha@nnmsp 13@ 44@b κατά@p ἕτερος@anafs- δέ@b ἐκδοχή@nafsc εἰμί@vopa3s ἄν@b explάω@ θέλημα@ndnpc ὁ@ddnp αὐτός@ngmsc mattha@nnmsp 13@ 45@ ὅς@rpnmp γε@x μή@cs περί@p μαργαρίτης@ngmpc explάω@p ὁ@dafs γνῶσις@nafsc ὁ@dgms χριστός@ngmsp mattha@nnmsp 13@ 47@cs ἔτι@cs σαγήνη@nnfsc εἰμί@vipa3s ὁ@dnfs ἐκ@p ὁ@dgnp παλαιός@angfp- explάω@ ὁ@dafs κάμινος@nafsc ὁ@dgfs πῦρ@ngnsc mattha@nnmsp 2@ 1@ ὁ@dnnp πέντε@ οὗτος@annnp- διάστημα@nnnpc explάω@ θεός@ngmsc βασιλεία@nafsc ἀναφέρω@vipe3s mattha@nnmsp 1@an---- τάχα@b μέν@b οὖν@b ἅπας@annms- ὁ@dnms ὁ@dgmp ἄνθρωπος@ngmpc βίος@nnmsc explάω@ ὁ@dgfs σωτηρία@ngfsc μισθός@nnmsc mattha@nnmsp 2@ 1@an---- διά@p ὅς@rpgns δοκέω@vipa3s ἐγώ@rpdcs ὁ@dnns γνώρισμα@nnnsc ὁ@dgfs βασίλεια@ngfsc explάω@ βασιλεία@nafsc ἀναφέρω@vipe3s"
"Lc.fr._113","10@ ὁ@dnms δέ@b ματθαῖος@nnmsp φημί@vipa3s explάω@ φεύγω@vmpa2p εἰς@p ὁ@dafs ἕτερος@anafs-"
"Lc.fr._114","12@ κατά@p δέ@b ἀναγωγή@nafsc explάω@ τρέφω@vppanmp ἕκαστος@anafs- φυλή@nafsc"
"Lc.fr._115","18@ ἐρωτάω@ndfsp δέ@b οὐ@b ἀγνοέω@vppanms explάω@ συμβολικός@ananp- αὐτός@rpgms ἀναλαμβάνω@vira3p"
"Lc.fr._116","πυνθάνομαι@vipe3s δέ@b ὁ@dgmp μαθητής@ngmpc explάω@ εἰσέρχομαι@vifm3p ἐν@p αὐτός@rpdfs"
"Lc.fr._117","23@nvmsc ἕτερος@b δέ@b ἀρνέομαι@vipe3s τις@rpncs ἑαυτοῦ@rpams explάω@nafsc ἐν@p ὁ@ddns κατορθόω@vnpa-- σωζοω@vmpe2s μενην@nafsc"
"Lc.fr._118","27@cs οὗτος@rpanp ἐπί@p πέτρος@namsp καί@cs ἰακώβ@namsp explάω@ ὁ@dgfs μεταμόρφωσις@ngfsc αὐτός@rpgms"
"Lc.fr._119","εἰ@cs δέ@b χρή@vipa3s τις@rpnns καί@b περίεργος@anansc explάω@b ἐντός@p ὁ@dgmp τέλειος@angmp- μόνος@anans-"
"Lc.fr._120","9@ 28@b καί@cs τοίνυν@b ἴνα@ananp- καί@b ἐπαναλαμβάνω@vpaanms explάω@b καί@b ὁ@dnns πάθος@nnnsc ὁ@dnns ἅγιος@annns-"
"Lc.fr._121","ἐπεί@cs γάρ@x ἐν@p ἕξ@ ἡμέρα@ndfpc explάω@ ὁ@rpdms βλέπω@vppadms θεωρέω@vppeams"
"Lc.fr._122","μή@b φέρω@vppanmp ὁ@dafs ὁ@dgfs φωνή@ngfsc δύναμις@nafsc explάω@an---- ἐκεῖ@b ἐμφανίζω@vnpe-- πολύς@andmp-"
"Lc.fr._123","30@an---- ὠριγένης@ngfsp εἰς@p ὁ@dans ἰδού@b ἀνήρ@nnmpc δύο@ συγχαίρω@viia3p explάω@nvmsc ὅς@rpdmp ἐπαίρω@vire3p διά@p οὗτος@rpamp λέγω@vnre--"
"Lc.fr._124","34@ ὁ@dnfs δέ@b ἐκ@p ὁ@dgfs νεφέλη@ngfsc explάω@ ὅθεν@b ἔρχομαι@vila3p"
"Lc.fr._125","37@cs ἐπιβλεπτέον@annns- δέ@b οὗτος@rpdmp ὑψηλός@anansc explάω@ ἐν@p ὁ@ddmp κλάδος@ndmpc ὁ@dgfs τοιοῦτος@rpgfs πίστις@ngfsc"
"Lc.fr._126","44@ ὑπό@p τις@rpgns δέ@b ἄρα@b μέλλω@vipa3s παραδίδωμι@vnpe-- explάω@vmpa2s ἐπί@p ἐγώ@rpa-p φάος@nnnsc ὁ@dgms θεός@ngmsc"
"Lc.fr._127","47@n---c ἐπεί@cs ἀχώριστος@annms- εἰμί@vipa3s ὁ@dnms υἱός@nnmsc explάω@n---c καί@cs ἀπόνηρος@annns- παιδίον@nnnsc"
"Lc.fr._128","48@n---c οἶος@namsp γάρ@b ὁ@dnns παιδίον@nnnsc ἐκ@p ὁ@dgfs γέννησις@ngfsc explάω@n---c γίγνομαι@vira3s εἰς@p ὁ@danp παιδίον@nanpc"
"Lc.fr._129","11@ 51@ διό@b ὁ@dgfs ἐλισάβετ@ngfsp καί@cs ὁ@dgms παῖς@ngmsc explάω@ ὁ@dnns αἷμα@nnnsc ὁ@ddns αἷμα@ndnsc"
"Lc.fr._130","ζαχαρίας@namsp εὑρίσκω@vipa1p ἐν@p ὁ@ddfp βασίλεια@ndfpp explάω@ ὁ@dams πατήρ@namsc τις@rpgms πατρος@ngmsc"
"Lc.fr._131","14@ 18@b ὁ@dnns μέν@b οὖν@b ὁλοσχερής@annns- ὁ@dgfs παραβολή@ngfsc οὕτως@b ἐκλαμβάνω@voaa2s δέ@b καί@b ἄλλως@b κατά@p ὁ@dams τόπος@namsc ὅσος@anans- ἄνθρωπος@nnmpc εἰμί@vipa1p explάω@b ἐν@p θεός@ngmpc"
"Lc.fr._132","34@n---c δύναμαι@nnmpp δέ@b σημαίνω@vnpe-- καί@b ὁ@danp δύο@ explάω@ ὡς@b ἀνάξιος@annfs- αφιεμενη@vppanfs"
"Lc.fr._133","24@b ὁράω@vmpa2s ὅτι@cs οὐ@b πάντῃ@b ἀποκλείω@viaa3s ὁ@dams πλούσιος@anams- explάω@ καί@b ὁ@danp ὁ@dgfs λέγω3@vppegfs"
"Lc.fr._134","19@ 29@b ὁ@dnmp δύο@ μαθητής@nnfpc ἤτοι@b πέτρος@nnmsp καί@cs παῦλος@nnmsp explάω@ εἰς@p ὁ@dafs ἱερουσαλήμ@nafsp"
"Lc.fr._135","17@cs διά@p τίς@rpans δέ@b ἔχω@viia1s ἀνάγκη@nafsc ἀπολύω@vnaa-- explάω@ διά@p ὁ@dams λαός@namsc ὁ@dams ἰωνάθας@ngmsp"
"Lc.fr._136","ἔοικα@nnmsp ἄρτι@b ὑποσπόδιον@angmp- γίγνομαι@vpamgmp explάω@ πάτριος@annns- αὐτός@rpdmp το@dnns τοιοῦτος@rpnns"
"Lc.fr._137","39@b ὁ@dnms μέν@b ματθαῖος@nnmsp παρατρέχω@vppanms λέγω@viaa3s explάω@ ἐν@p ὁ@ddms δέμω@ndnsc"
"Lc.fr._138","mattha@nnmsp 13@ 44@ ὁμοίωμα@nnnsp καί@cs παραβολή@nnfsc ὁ@dafs διαφορά@nafsc explάω@nafsc ὁ@dnms ὁ@dgms σπόρος@ngmsc λόγος@nnmsc"
"Lc.fr._139","mattha@nnmsp 13@ 44@b κατά@p ἕτερος@anafs- δέ@b ἐκδοχή@nafsc εἰμί@vopa3s ἄν@b explάω@ θέλημα@ndnpc ὁ@ddnp αὐτός@ngmsc"
"Lc.fr._140","mattha@nnmsp 13@ 45@ ὅς@rpnmp γε@x μή@cs περί@p μαργαρίτης@ngmpc explάω@p ὁ@dafs γνῶσις@nafsc ὁ@dgms χριστός@ngmsp"
"Lc.fr._141","mattha@nnmsp 13@ 47@cs ἔτι@cs σαγήνη@nnfsc εἰμί@vipa3s ὁ@dnfs ἐκ@p ὁ@dgnp παλαιός@angfp- explάω@ ὁ@dafs κάμινος@nafsc ὁ@dgfs πῦρ@ngnsc"
"Lc.fr._142","mattha@nnmsp 2@ 1@ ὁ@dnnp πέντε@ οὗτος@annnp- διάστημα@nnnpc explάω@ θεός@ngmsc βασιλεία@nafsc ἀναφέρω@vipe3s"
"Lc.fr._143","mattha@nnmsp 1@an---- τάχα@b μέν@b οὖν@b ἅπας@annms- ὁ@dnms ὁ@dgmp ἄνθρωπος@ngmpc βίος@nnmsc explάω@ ὁ@dgfs σωτηρία@ngfsc μισθός@nnmsc"
"Lc.fr._144","mattha@nnmsp 2@ 1@an---- διά@p ὅς@rpgns δοκέω@vipa3s ἐγώ@rpdcs ὁ@dnns γνώρισμα@nnnsc ὁ@dgfs βασίλεια@ngfsc explάω@ βασιλεία@nafsc ἀναφέρω@vipe3s"
"Lc.fr._b","ἐκ@p ἄλλος@an---- schrifίζω@nn-sp 3@ 5@ μόνος@annms- δέ@b οὗτος@rpnms παρά@p ὁ@damp τρεῖς@an---- explάω@b ὁ@danp προφητικός@ananp- ὁ@damp εὐαγγελιστής@nampc 16@ οὐ@b ἄκαρπος@namsc παρατίθημι@vnae-- explάω@n---c κατά@p ἑαυτοῦ@rpams υἱός@namsc ὁ@dgms θεός@ngmsc 11@ 3@ οὕτως@b καί@b ὠριγένης@nnmsp ὅς@rpnms φημί@vipa3s ὅτι@cs πᾶς@annfs- τροφή@nnfsc ὁ@dgfs ὁ@dgms κόσμος@ngmsc ζωή@ngfsc ὁ@nnfsp λέξις@nnfsc ὁ@dnfs ἐπιούσιος@annfs- παρά@p οὐδείς@rpdms ὁ@dgmp ἕλλην@ngmpp explάω@ ὁ@dnms ἄρτος@nnmsc εἰμί@vipa3s 12@ ἱστορικός@b δέ@b μετά@p ὁ@dafs ἀποστολή@nafsc explάω@ ἅπας@anafs- οἶσις@nafsc 17@b 12@ καί@cs γε@b ὁ@damp περί@p λέπρα@nafpc νόμος@nampc explάω@b ὁ@dnfs λέπρα@nnfsc ἐξαφανίζω@vsap3s 12@ 46@n---c ὁ@dnns παρά@p ὁ@dgms δανιὴλ@ngmsp ἐρῶ@vpreans πρός@p ἕτερος@anans- ὁ@dgmp κάτοιδα@vpaagmp ὁ@dgfs ἅγιος@angfs- σωσάννα@ngfsp πρέσβυς@angmp- >ἤδη@b γάρ@b ὁ@dnms ἄγγελος@nnmsc ὁ@dgms θεός@ngmsc λαμβάνω@vpaanms φημί@vipa3p παρά@p ὁ@dgms θεός@ngmsc σχίσις@vifa3s σύ@rpams μέσος@anams- λέγω3@vipa3s γίγνομαι@vnfm-- πάντως@b αὐτός@rpdms οὗτος@rpans ἐν@p ὁ@ddfs κρίσις@ndfsc κατά@p ὁ@dans ἐρῶ@vpreans ὑπό@p ὁ@dgms κύριος@ngmsc ὅτι@cs καί@b διχοτομέω@vsaa3s αὐτός@rpams ἀμμώνιος@nnmsp δέ@b ἑρμηνεύω@vppanms προφητικός@anans- κεφάλαιος@anans- κτλ@nvmsc 8@ 4@an---- τις@nnfsp διαφορά@nafsc ἔχω@vipa3s οὗτος@rpnnp explάω@n---c ῥῆσις@nnfpc τε@x σοφός@angnp- καί@cs αἴνιγμα@nnnpc 16@n---c 1@n---c ἐπεί@cs δέ@b ἀρετή@nafsc εἰμί@vnpa-- ὁ@dafs φρόνησις@nafsc explάω@ οὐρανός@nampc ἑτοιμάζω@viaa3s ὁ@dnms κύριος@nnmsc"
"Lc.fr._145","μόνος@annms- δέ@b οὗτος@rpnms παρά@p ὁ@damp τρεῖς@an---- explάω@b ὁ@danp προφητικός@ananp- ὁ@damp εὐαγγελιστής@nampc"
"Lc.fr._146","16@ οὐ@b ἄκαρπος@namsc παρατίθημι@vnae-- explάω@n---c κατά@p ἑαυτοῦ@rpams υἱός@namsc ὁ@dgms θεός@ngmsc"
"Lc.fr._147","11@ 3@ οὕτως@b καί@b ὠριγένης@nnmsp ὅς@rpnms φημί@vipa3s ὅτι@cs πᾶς@annfs- τροφή@nnfsc ὁ@dgfs ὁ@dgms κόσμος@ngmsc ζωή@ngfsc"
"Lc.fr._148","ὁ@nnfsp λέξις@nnfsc ὁ@dnfs ἐπιούσιος@annfs- παρά@p οὐδείς@rpdms ὁ@dgmp ἕλλην@ngmpp explάω@ ὁ@dnms ἄρτος@nnmsc εἰμί@vipa3s"
"Lc.fr._149","12@ ἱστορικός@b δέ@b μετά@p ὁ@dafs ἀποστολή@nafsc explάω@ ἅπας@anafs- οἶσις@nafsc"
"Lc.fr._150","17@b 12@ καί@cs γε@b ὁ@damp περί@p λέπρα@nafpc νόμος@nampc explάω@b ὁ@dnfs λέπρα@nnfsc ἐξαφανίζω@vsap3s"
"Lc.fr._151","12@ 46@n---c ὁ@dnns παρά@p ὁ@dgms δανιὴλ@ngmsp ἐρῶ@vpreans πρός@p ἕτερος@anans- ὁ@dgmp κάτοιδα@vpaagmp ὁ@dgfs ἅγιος@angfs- σωσάννα@ngfsp πρέσβυς@angmp- >ἤδη@b γάρ@b ὁ@dnms ἄγγελος@nnmsc ὁ@dgms θεός@ngmsc λαμβάνω@vpaanms φημί@vipa3p παρά@p ὁ@dgms θεός@ngmsc σχίσις@vifa3s σύ@rpams μέσος@anams- λέγω3@vipa3s γίγνομαι@vnfm-- πάντως@b αὐτός@rpdms οὗτος@rpans ἐν@p ὁ@ddfs κρίσις@ndfsc κατά@p ὁ@dans ἐρῶ@vpreans ὑπό@p ὁ@dgms κύριος@ngmsc ὅτι@cs καί@b διχοτομέω@vsaa3s αὐτός@rpams ἀμμώνιος@nnmsp δέ@b ἑρμηνεύω@vppanms προφητικός@anans- κεφάλαιος@anans- κτλ@nvmsc"
"Lc.fr._152","8@ 4@an---- τις@nnfsp διαφορά@nafsc ἔχω@vipa3s οὗτος@rpnnp explάω@n---c ῥῆσις@nnfpc τε@x σοφός@angnp- καί@cs αἴνιγμα@nnnpc"
"Lc.fr._153","16@n---c 1@n---c ἐπεί@cs δέ@b ἀρετή@nafsc εἰμί@vnpa-- ὁ@dafs φρόνησις@nafsc explάω@ οὐρανός@nampc ἑτοιμάζω@viaa3s ὁ@dnms κύριος@nnmsc"
