"location","text"
"Oneir._1.prooimion","αρτεμιδωρος@nnmsp κασσιω@nnmsp μαξιμω@ndmpp χαίρω@nvmsp πολλάκις@b προτρέπω@viap1s ἐπί@p ὁ@dafs πραγματεία@nafsc ὁ@dafs πρόκειμαι@vpreafs ὁρμάω@vnaa-- καί@cs ἐπέχω@viap1s οὐ@b τε@cs ὄκνος@ndmsc εἴκω@vppanms οὔτε@b ’@cs ἀφραδία@ndfpc νόος@ngmsc ὡς@cs φημί@vipa3s ὁ@dnms ποιητής@nnmsc ἀλλά@cs ὁ@dans μεγαλεῖος@nansc ὁ@dgnp ἐν@p αὐτός@rpdfs θεώρημα@ngnpc καί@cs ὁ@dans πλῆθος@nansc καταπλήσσω@vpranms μάλιστα@b καί@cs ὁ@dafp ἀντιλογία@nafpc δείδω@vpranms ὁ@dgmp ἄνθρωπος@ngmpc ὁ@dgmp ἤτοι@b διά@p ὁ@dans πείθω@vnre-- οὐ@b εἰμί@vnpa-- μαντικός@anafs- οὐ@b δέ@cs θεός@ngmpc πρόνοια@nafsc λέγω3@vppagmp ὅσος@rpanp λέγω3@vipa3p ἤ1@cs ἄλλως@b γύμνασμα@nanpc καί@cs διατριβή@nafpc ἑαυτοῦ@rpdmp πορίζω@vppegmp νυνί@b δέ@b ὁ@dnfs πάρειμι1@vppanfs χρεία@nnfsc ἀναγκαῖος@annfs- εἰμί@vppanfs διά@p ὁ@dafs εὐχρηστία@nafsc οὐ@b μόνος@anans- ὁ@dafs ἐγώ@rpgmp αὐτός@angmp- ἀλλά@cs καί@b ὁ@dgmp μετέπειτα@b εἰμί@vpfmgmp ἄνθρωπος@ngmpc προτρέπω@viam3s ἐγώ@rpams μή@b διαλείπω@vnpa-- μη@b δέ@cs ἀναβάλλω@vnpe-- ἀλλά@cs περί@p ὅς@anafs- ἄν@b ἔχω@vspa1s κατάληψις@nafsc ὅς@rpafs διά@p πεῖρα@nafpc πορίζω@viam1s συγγράφω@vnaa-- ἡγέομαι@vipe1s δέ@b ἀμφότερος@ananp- ἐγώ@rpdms ἐκ@p ὁ@dgns τοιοῦτος@rpgns περίειμι1@vnfm-- πρός@p τε@b ὁ@damp ἀναιρέω@vnpa-- ἐπιχειρέω@vppaamp μαντικός@anafs- τε@cs αὐτός@rpafs καί@cs ὁ@danp εἶδος@nanpc αὐτός@rpgfs ἀνεπίφθονος@b τε@cs ἅμα@b καί@cs μετά@p κατασκευή@ngfsc οὐ@b ὁ@dgfs τυγχάνω@vpaagfs ἀντιτάσσω@vnfm-- φέρω@vppanms εἰς@p ὁ@dans μέσος@anans- ὁ@dafs πεῖρα@nafsc καί@cs ὁ@dafs ὁ@dgnp ἀποτέλεσμα@ngnpc μαρτυρία@nafsc ὅς@rpdfs πᾶς@andmp- ἱκανός@annfs- γίγνομαι@voam3s ἄν@b ἀντέχω@vnaa-- ἄνθρωπος@ndmpc καί@cs μέντοι@b καί@b πρός@p ὁ@damp χράομαι@vppeamp μέν@b μαντικός@andfs- διά@p δέ@b ὁ@dans μή@b ἐντυγχάνω@vnra-- λόγος@ndmpc περί@p οὗτος@rpgnp ἀκριβής@ndmpc πλανάω@vpreamp καί@cs κινδυνεύω@vppaamp ἤδη@b καταφρονέω@vnpa-- τε@b καί@cs ἀφεστήξω@vnpe-- θεραπεία@nafsc τις@anafs- σωτήριος@anafs- ἀντί@p ὁ@dgfs πλάνη@ngfsc καθίστημι@vnfa-- σχεδόν@b γάρ@b ὁ@dnmp μικρός@anans- ἐγώ@rpgmp πρέσβυς@annmpc δόξα@nafsc συγγραφικός@anafs- ἀποφέρω@vnam-- βούλομαι@vppenmp καί@cs διά@p οὗτος@rpgns ἡγέομαι@vppmnmp μόνος@angns- ἔνδοξος@annmp- εἰμί@vnfm-- εἰ@cs σύγγραμμα@nanpc καταλείπω@voaa3p ὀνειροκριτικός@ananp- ἀντίγραφον@ananp- ἀλλήλων@rpgmp ποιέω@vire3p ἤ@cs ὁ@danp καλός@b ἐρῶ@vpreanp ὑπό@p ὁ@dgmp παλαιός@angmp- κακός@b ἐξηγέομαι@vpamnmp καί@cs ὀλίγος@andmp- ὁ@dgmp παλαιός@angmp- πολύς@ananp- προστίθημι@vpaanmp οὐ@b ἀληθής@ananp- οὐ@b γάρ@b ἀπό@p πεῖρα@ngfsc ἀλλά@cs αὐτοσχεδιάζω@vppanmp ὅπως@cs ἕκαστος@annms- αὐτός@rpgmp κινέω@viie3s περί@p τις@rpgns οὕτως@b γράφω@viia3p καί@cs ὁ@dnmp μέν@b πᾶς@andmp- ἐντυγχάνω@vpaanmp ὁ@ddnp ὁ@dgmp παλαιός@angmp- βιβλίον@ndnpc ὁ@dnmp δέ@cs οὐ@b πᾶς@andmp- ἔνιοι@ananp- γάρ@b αὐτός@rpamp διά@p ἀρχαιότης@nafsc σπάνιος@ananp- εἰμί@vppaanp καί@cs διαφθείρω@vpreanp διαλανθάνω@viaa3s ἐγώ@rpnms δέ@b οὗτος@rpnns μέν@b οὐ@b εἰμί@vipa3s ὅς@rpans τις@anans- βιβλίον@nansc οὐ@b κτάομαι@viam1s ὀνειροκριτικός@anans- πολύς@anafs- εἰς@p οὗτος@rpans φιλοτιμία@nafsc ἔχω@vppanms οὗτος@rpans δέ@cs καί@b σφόδρα@b διαβάλλω@vpregmp ὁ@dgmp ἐν@p ἀγορά@ndfsc μάντις@ngmpc ὅς@rpamp δή@b προίκτης@nampc καί@b γόης@nampc καί@cs βωμολόχος@nampc ἀποκαλέω@vipa3p ὁ@dnmp σεμνοπροσωπέω@vppanmp καί@cs ὁ@dafp ὀφρύς@nafpc ἐπισπάω@vpranmp καταφρονέω@vpaanms ὁ@dgfs διαβολή@ngfsc ἔτος@ndnpc πολύς@andnp- ὁμιλέω@viaa1s καί@b ἐν@p ἑλλάς@ndfsp κατά@p πόλις@nafpc καί@cs πανήγυρις@nafpc καί@cs ἐν@p ἄθεος@ndfsp καί@b ἐν@p ἰταλία@ndfsp καί@cs ὁ@dgfp νῆσος@ngfpc ἐν@p ὁ@ddfp μέγας@andfp- καί@cs πολυάνθρωπος@annfps ὑπομένω@vnpa-- παλαιός@anamp- ὄνειρος@nampc καί@cs οὗτος@rpgmp ὁ@dafp ἀπόβασις@nafpc οὐ@b γάρ@b εἰμί@viia3s ἄλλως@b χράω2@vnam-- ὁ@ddfs κατά@p οὗτος@rpanp γυμνασία@ndfsc ὅθεν@b ἐγώ@rpdms περιγίγνομαι@vira3s ἐκ@p περιουσία@ngfsc ἔχω@vnpa-- περί@p ἕκαστος@angns- λέγω3@vnpa-- οὕτως@b ὡς@cs αὐτός@ananp- ὁ@danp ἀληθής@ananp- λέγω3@vppannp μή@b φλυαρέω@vnpa-- ὅς@rpgfp δέ@cs ἄν@b ἐπιμιμνήσκομαι@vsap1s ὁ@dafp ἀπόδειξις@nafpc φανερός@anafp- καί@cs πᾶς@andmp- εὐκατανόητος@anafp- ἀποδίδωμι@vnaa-- ἐκ@p ἁπλόος@angnp- πλήν@b εἰ@cs μή@b τις@rpnns εἰμί@vopa3s οὕτως@b σαφής@annns- ὡς@cs περισσός@anafs- ἡγέομαι@vnae-- ὁ@dafs περί@p αὐτός@rpgns ἐξήγησις@nafsc ἰτέος@annns- δή@b λοιπός@anans- ἐπί@p ὁ@dans πρόκειμαι@vpreans ἵνα@cs μή@b μέγας@annnsc ἐγώ@rpdcp εἰμί@vspa3s ὁ@dnns προοίμιον@nnnsc ὁ@dgns δεῖ@vppagns τίς@anans- γάρ@b καί@b δεῖ@viia3s λόγος@ngmpc ἄνευ@p ὁ@dgnp πρᾶγμα@ngnpc αὐτός@angnp- πρός@p σύ@rpacs ὁ@dams οὕτως@b μέν@b δεινός@anams- εἶπον@vnaa-- ὡς@cs οὔπω@b τις@rpnms εἰς@p ἄνθρωπος@nampc ὁ@dgmp ἕλλην@ngmpp παρέρχομαι@viaa3s οὕτως@b δέ@cs συνετός@anans- ὡς@cs οὐ@b ἀναμένω@vnpa-- ὁ@dgms λέων@vppagms ὁ@dans πέρας@nansc ἀλλά@cs ὁ@dafs ὑπόθεσις@nafsc ὅπου@b τελευτάω@vipa3s καταλαμβάνω@vnpa-- ἀναγκαῖος@annns- δέ@b πρῶτος@b περί@p στοιχεῖον@ngnpc τις@rpgnp κανονικός@b εἶπον@vnaa--"
"Oneir._1.1","περί@p μέν@b οὖν@b ἐνύπνιον@angfs- καί@cs ὄνειρος@angfs- διαφορά@ngfsc ὁ@dgfs πρός@p ἀλλήλων@rpanp διαίρεσις@nnfsc οὐ@b ὀλίγος@annfs- καί@cs ἐν@p ἄλλος@rpdnp γράφω@vire3s ἐγώ@rpdms καί@cs ἐπεί@cs ἄκοσμος@annns- καί@cs ὥσπερ@cs οὐ@b ἀπό@p ἀρχή@ngfsc γίγνομαι@vpamnns φαίνω@vifm3s σύ@rpdms ὁ@dnns σύγγραμμα@nnnsc καί@cs νῦν@b ἀπό@p αὐτός@angnp- οὗτος@rpgnp ἄρχω@vnam-- καλός@b ἔχω@vppanns εἰμί@vnpa-- ἐγώ@rpdms δοκέω@vipa3s οὗτος@rpdfs γάρ@b ὄνειρος@nnmsc ἐνύπνιον@annns- διαφέρω@vipa3s ὅς@rpdns συμβαίνω@vira3s ὁ@ddns μέν@b εἰμί@vnpa-- σημαντικός@andns- ὁ@dgnp μέλλω@vppagnp ὁ@ddns δέ@b ὁ@dgnp εἰμί@vppagnp σαφής@anansc δέ@b ἄν@b μανθάνω@voaa2s οὕτως@b ὁ@dnnp ποιός@nnnpc ὁ@dgnp πάθος@ngnpc προσανατρέχω@vnpa-- φύσσω@vira3s καί@cs προσανατάσσω@vnpa-- ἑαυτοῦ@rpanp ὁ@ddfs ψυχή@ndfsc καί@cs ὁ@damp ὀνειρωγμός@nampc ἀποτελέω@vnpa-- οἷος@rpans ἀνάγκη@nnfsc ὁ@dams ἐράω1@vppaams ὄναρ@nansc ἅμα@p ὁ@ddnp παιδικός@ndnpc εἰμί@vnpa-- δοκέω@vnpa-- καί@cs ὁ@dams δείδω@vpraams ὁράω@vnpa-- ὅς@rpanp δείδω@vira3s καί@cs πάλιν@b αὖ@b ὁ@dams πιέζω@vppaams ἐσθίω@vnpa-- καί@cs ὁ@dams δέψω@vppaams πίνω@vnpa-- ἔτι@b καί@cs ὁ@dams πίμπλημι@vpreams τροφή@ngfsc ἤ1@b ἐμέω@vnpa-- ἤ1@cs πνίγω@vnpe-- εἰμί@vipa3s τοίνυν@b εἶδον@vnaa-- οὗτος@rpanp καθυποκάθημαι@vppegnp ἤδη@b ὁ@dgnp πάθος@ngnpc οὐ@b πρόρρησις@nafsc ἔχω@vppaanp ὁ@dgnp μέλλω@vppagnp ἀλλά@cs ὑπόμνησις@nafsc ὁ@dgnp εἰμί@vppagnp οὗτος@rpgnp δέ@b οὕτως@b ἔχω@vppagnp εἶδον@voaa2s ἄν@b ὅς@rpanp μέν@b ἴδιος@annnp- σῶμα@ngnsc μόνος@angns- ὅδε@cs ἴδιος@annnp- ψυχή@ngfsc ὅς@rpanp δέ@b κοινός@annnp- σῶμα@ndnsc καί@cs ψυχή@ndfsc οἷος@rpans ἐράω1@vppaams δοκέω@vnpa-- ἅμα@p ὁ@ddnp παιδικός@ndnpc εἰμί@vnpa-- καί@cs νοσέω@vppaams θεραπεύω@vnpe-- συμμίγνυμι@vnpa-- ἰατρός@ndmpc κοινός@annnp- γάρ@b οὗτος@rpnnp σῶμα@ndnsc καί@cs ψυχή@ndfsc ἐμέω@rpams δέ@b καί@cs καθεύδω@vnpa-- καί@cs πάλιν@b αὖ@b πίνω@vnpa-- τε@cs καί@cs ἐσθίω@vnpa-- ἴδιος@ananp- σῶμα@ngnsc ἡγητέον@annns- ὥσπερ@cs ἴδιος@annnp- ψυχή@ngfsc χαίρω@vnpa-- τε@cs καί@cs λυπέω@vnpe-- σαφής@annns- δέ@b ἀπό@p οὗτος@rpgnp ὅτι@cs ὁ@dgnp σωματικός@angnp- ὅς@rpanp μέν@b διά@p ἔνδεια@nafsc ὅς@rpanp δέ@b διά@p περισσότης@nafsc ὁράω@vipe3s ὁ@dgnp δέ@b αὖ@b ψυχικός@angnp- ὅς@dnfs μέν@b διά@p φόβος@namsc ὅς@rpanp δέ@b διά@p ἐλπίς@nafsc περί@p μέν@b οὖν@b ἐνύπνιον@ngnsc τοσοῦτος@rpnnp ἐρῶ@vmpe3s ὁ@dnns δέ@b ὄνομα@nnnsc αὐτός@rpnns κύριος@annns- οὐ@b ὅς@rpdns ὑπνόω@vppanmp αὐτός@rpans ὁράω@vipa3p πᾶς@annmp- ἐπεί@cs καί@cs ὄνειρος@nnmsc ὑπνέω@vppagmp ἔργον@nnnsc εἰμί@vipa3s ἀλλά@cs ὅς@rpdns ἐπί@p ὅσος@rpans μέν@b ἐνύπνιον@nnnsc εἰμί@vipa3s ἐνεργέω@vipa3s παύω@vppegmp δέ@b ὁ@dgmp ὕπνος@ngmpc ἀφανίζω@vipe3s ὁ@dnms δέ@b ὄνειρος@nnmsc ἐνύπνιον@nansc τε@b εἰμί@vppanms ἐνεργέω@andfs- ἄγω@vppanms εἰς@p ἐπίστασις@nafsc προαγόρευσις@ngfsc ὁ@dgnp μέλλω@vppagnp καί@cs μετά@p ὕπνος@namsc ἐνεργής@anafp- ἐπάγω@vppanms ὁ@dafp ἐγχείρησις@nafpc ἐγείρω@vnpa-- τε@b καί@cs ὀρίνω@vnpa-- ὁ@dafs ψυχή@nafsc φύω@vira3s διά@p οὗτος@rpanp καί@b ὁ@dgns ὄνομα@ngnsc αὐτός@rpdms τίθημι@vpapgns ἀπό@p ἀρχή@ngfsc ἤ1@cs παρά@p ὁ@dans ὁ@dans εἰμί@vppaans εἴρω@vnpa-- ὅς@rpans ἐατί@cs λέγω3@vnpa-- ὡς@cs ὁ@dnms ποιητής@nnmsc ὁ@rpanp δέ@b σύ@rpd-s νημερτής@ananp- εἴρω@vipa1s καί@cs ὁ@dams πτωχός@anams- ἶρος@namsp καλέω@viia3p ὁ@dnmp ἰθακήσιος@annmp- οὔνεκεν@b ἀπαγγέλλω@viia3s κίω@vpaanms ὅτε@cs πού@b τις@rpnms ἄνωγα@vopa3s"
"Oneir._1.2","ἔτι@cs ὁ@dgmp ὄνειρος@ngmpc ὁ@dnmp μέν@b εἰμί@vipa3p θεωρηματικός@annmp- ὁ@dnmp δέ@b ἀλληγορικός@annmp- καί@cs θεωρηματικός@annmp- μέν@b ὁ@dnmp ὁ@ddfs ἑαυτοῦ@rpgmp θέα@ndfsc προσέοικα@vpranmp οἷος@rpans πλέω@annmsc τις@rpncs δοκέω@viaa3s ναυαγέω@vnaa-- καί@cs διατίθημι@vpapnms τυγχάνω@viaa3s οὕτως@b ἐπεί@cs γάρ@b αὐτός@rpams ἀνίημι@viaa3s ὁ@dnms ὕπνος@nnmsc καταπίνω@vpapnns ἀπόλλυμι@viam3s ὁ@dnns σκάφος2@nnnsc αὐτός@rpnms δέ@cs σύν@p ὀλίγος@andmp- μόγις@b σώζω@viap3s καί@b πάλιν@b δοκέω@viaa3s τις@rpnms τιτρώσκω@vnre-- ὑπό@p ἀνήρ@ngmsc ὅς@rpdms μετά@p ἡμέρα@nafsc συνεξέρχομαι@vnaa-- εἰς@p θήρα@nafsc συντίθημι@viam3s καί@b δή@b συνεξέρχομαι@vpaanms τιτρώσκω@viap3s ὑπό@p αὐτός@rpgms παρά@p ὁ@dams ὦμος@namsc ἔνθα@b καί@b ὄναρ@nnnsc δοκέω@viaa3s ἔτι@b δοκέω@vpaanms τις@rpnms ἀργύριον@nansc παρά@p φίλος@ngmsc λαμβάνω@vnaa-- ἕωθεν@b παρά@p αὐτός@rpgms λαμβάνω@vpaanms μνᾶ@nafpc δέκα@an---- παρακαταθήκη@nafsc φυλάζω@viaa3s καί@cs πολύς@ananp- ἄλλος@rpanp ὅσος@annnp- τοιοῦτος@rpnnp ἀλληγορικός@annmp- δέ@b ὁ@dnmp διά@p ἄλλος@rpgmp ἄλλος@rpanp σημαίνω@vppanmp αἰνίσσομαι@vpfpgfs ἐν@p αὐτός@rpdmp φυσικός@b τις@rpans ὁ@dgfs ψυχή@ngfsc ἐώ@rpnms δέ@b οἴομαι@vipe1s δεῖ@vnpa-- καί@b ὁ@dafs αἰτία@nafsc αὐτός@rpgmp ὡς@cs μάλιστα@b δυνατός@annns- ἐγώ@rpdms κατά@p ὅς@rpafs οὕτως@b ὁράω@vipe3p τε@b καί@cs ἀποβαίνω@vipa3p καί@b ὁ@dans ἔτυμος@anans- ὁ@dgns ὄνομα@ngnsc εἶπον@vnaa-- πρῶτος@anans- μέν@b οὖν@b ἔρομαι@vifm3s ἐγώ@rpdcs τις@rpncs ὅρος@nnmsc καθολικός@annms- ὄνειρος@viia3s οὐδείς@anans- ἄν@b τις@anans- ῥῆσις@ngfsc δέω2@vppenms εἰ@cs μή@b πρός@p φιλονεικέω@vppaamp λέγω3@vope3s ὄνειαρ@annfs- εἰμί@vipa3s κίνησις@nnfsc ἤ1@cs πλάσις@nnfsc ψυχή@ngfsc πολυσχήμων@annfs- σημαντικός@annfs- ὁ@dgnp εἰμί@vpfmgnp ἀγαθός@angnp- ἤ1@cs κακός@angnp- οὗτος@rpgns δέ@b οὕτως@b ἔχω@vppagns ὅσος@annnp- μέν@b ἀποβαίνω@vifm3s χρόνος@ngmsc μεταξύ@p διέρχομαι@vpaagms ἤ1@b πολύς@angms- ἤ1@cs ὀλίγος@angns- οὗτος@rpanp πᾶς@ananp- διά@p εἰκών@ngmpc ἴδιος@angmp- φυσικός@angnp- ὁ@dgnp καί@b στοιχεῖον@ngnpc καλέω@vpfmgmp προαγορεύω@vipa3s ὁ@dnfs ψυχή@nnfsc ἐν@p ὁ@ddms μεταξύ@p χρόνος@ndmsc νομίζω@vppanfs ἐγώ@rpamp δύναμαι@vnpe-- λογισμός@ndmsc διδάσκω@vppeamp μανθάνω@vnaa-- ὁ@danp εἰμί@vpfmanp ὅσος@rpnnp δέ@b ὁ@dgnp γίγνομαι@vppegnp οὐ@b δέ@cs ὁστισοῦν@rpafs ἐπιδέχομαι@vipe3s διωρία@nafsc μηδείς@rpans ὑπερτίθημι@vppegms ὁ@dgns ὅστις@rpnms εἰμί@vipa3s ὁ@dnms διοικέω@vppanms ἐγώ@rpacp εἰς@p ὁ@dafs ἐπαγωγή@nafsc αὐτός@rpgnp οὐδείς@anans- ὄφελος@nansc ἡγέομαι@vppenfs ὁ@dgfs πρόρρησις@ngfsc ἐγώ@rpdmp εἰ@cs μή@b συνίημι@vifa1p αὐτός@rpanp πρίν@cs πεῖρα@ndfsc μανθάνω@vnaa-- αὐτός@rpanp διά@p αὐτός@rpgnp δείκνυμι@vipa3s οὐδείς@rpans ὁ@dgnp ἔξωθεν@b εἰς@p ἐπίδειξις@nafsc ἀναμένω@vpaanfs ὁ@dgnp σημαίνω@vppegnp τρόπος@namsc τις@rpacs βοάω@vppanfs ἕκαστος@andms- ἐγώ@rpgmp θεάομαι@vipe2s οὗτος@rpans καί@cs προσέχω@vmpa2s διά@p ἐγώ@rpgcs μανθάνω@vpaanms ὅς@i σύ@rpdcs μάλιστα@b δυνατός@annns- καί@b οὗτος@rpans οὕτως@b ἔχω@vnpa-- ὁμολογέω@vifa3p ἅπας@annmp- οὐ@b γάρ@b ποτέ@b ἐρῶ@vifa3s τις@rpnms ὡς@cs οὐ@b μετά@p ὁ@dafs ὄψις@nafsc αὐτός@anafs- ἀποβαίνω@vipa3s ὁ@dnnp τοιοῦτος@rpnnp οὐ@b δέ@cs ὀλίγος@anans- διαλείπω@vppannp ἤδη@b δέ@cs αὐτός@rpgnp ἔνιοι@annnp- ἅμα@b νόημα@ndnsc ὡς@cs εἶπον@vnaa-- ἔτι@b ὁ@dgfs ὄψις@ngfsc κατέχω@vppagfs περαιόω@vipe3s ὅθεν@b καί@b ὁ@dgfs προσηγορία@ngfsc τυγχάνω@viaa3s οὐ@b ἄλογος@b ἅμα@b θεωρέω@vppeanp καί@cs ἀποβαίνω@vppannp ἕπομαι@vipe3s δέ@b οὗτος@rpdmp ὁ@ddns μέν@b ἐνύπνιον@ndnsc ὁ@ddns ἀσήμαντος@andns- ὁ@dnns φάντασμα@nnnsc περί@p ὅς@rpgns ἄλλος@rpnmp τε@b πολύς@annmp- καί@b δή@b καί@b ἀρτέμων@nnmsp ὁ@dnms μιλήσιος@annms- καί@cs φοῖβος@nnmsp ὁ@dnms ἀντιοχεύς@annms- διαλέγω@vprenmp εἰμί@vipa3p ὁ@ddms δέ@cs ὄνειρος@andms- ὅραμα@nnnsc τε@b καί@cs χρηματισμός@nnmsc ἐγώ@rpn-p δέ@b ἑκών@annmp- παρίημι@vira1p ὁ@dafs περί@p αὐτός@rpgmp εἰς@p λεπτός@anans- ἐξήγησις@nafsc ἐπεί@cs ὅς@rpnnp γε@b μή@b εἰμί@vipa3s καταφανής@annnp- οἷος@rpnnp εἰμί@vipa3s οὗτος@rpams ἡγέομαι@vipe1s μη@b δέ@b ἐξηγέομαι@vppedms τις@rpdms παρακολουθέω@vnpa-- δύναμαι@vnpe-- ἔτι@b ὁ@dgmp ἀλληγορέω@angmp- ὁρίζω@vipe3p τις@rpnmp πέντε@ εἰμί@vnpa-- εἶδος@nanpc ὁ@damp μέν@b γάρ@b ἴδιος@anamp- εἶπον@viaa1s ἐν@p ὅς@rpdmp ἄν@b τις@rpnms ἑαυτοῦ@rpams ὑπολαμβάνω@vsaa3s δράω@vnpa-- ἤ1@cs πάσχω@vnpa-- ἀποβαίνω@vifm3s γάρ@b αὐτός@rpdms ὁ@ddms εἶδον@vpaadms μόνος@andms- εἰ@cs τε@cs ἀγαθός@ananp- εἰμί@vppaanp τυγχάνω@voaa3s εἰ@cs τε@cs ἐναντίος@ananp- ὁ@damp δέ@b ἀλλότριος@anamp- ἐν@p ὅς@rpdmp ἄν@b ἄλλος@rpams δοκέω@vspa3s ἐνεργέω@vnpa-- ἤ1@cs πάσχω@vnpa-- ὅδε@rpdms γάρ@b ἀποβαίνω@vifm3s μόνος@andns- εἰ@cs τε@cs ἀγαθός@ananp- εἰμί@vppaanp τυγχάνω@voaa3s εἰ@cs τε@cs ἐναντίος@ananp- εἴπερ@cs οἶδα@vora3s αὐτός@rpams καί@b ἄν@cs ἐπί@p ποσός@anans- εἰμί@vppaams συνήθης@anams- ὅς@vspa3s δέ@b κοινός@annnp- οὗτος@rpanp καί@cs ὁ@dnns ὄνομα@nnnsc σημαίνω@vipa3s ὁ@danp μετά@p ὅστις@rpgns γνώριμος@angns- πράσσω@vppeanp κατά@p ὄναρ@nansc ὅσος@rpnnp δέ@b πρός@p λιμήν@nampc καί@cs τεῖχος@nanpc ἀγορά@nafpc τε@b καί@cs γυμνάσιον@nanpc καί@cs κοινός@ananp- πόλις@ngfsc ἀνάθημα@nanpc διατείνω@vipa3s οὗτος@rpanp δημόσιος@ananp- καλέω@vipa3p ἥλιος@ngmsc δέ@b καί@cs σελήνη@ngfsc καί@cs ὁ@dgnp ἄλλος@rpgnp ἀστήρ@angnp- ἀφανισμός@namsc ἤ1@cs τέλειος@anafs- ἔκλειψις@nafsc γῆ@ngfsc τε@cs καί@cs θάλασσα@ngfsc ἄκοσμος@anafp- ἀνατροπή@nafpc πάθος@nanpc μέν@b προαγορεύω@vnpa-- κοσμικός@ananp- καλέω@vnpe-- δέ@b κύριος@b ὄνειρος@nnnpc κοσμικός@ananp- ἔχω@vipa3s δέ@b οὐ@b οὕτως@b ἁπλῶς@b ὁ@dnms καθολικός@annms- λόγος@nnmsc ἐπεί@cs οὐ@b δέ@b ὁ@damp ἴδιος@anamp- ἀποβαίνω@vnpa-- συμβαίνω@vira3s διηνεκής@b ὁ@ddmp εἶδον@vpaadmp μόνος@andmp- ἤδη@b πολύς@angmp- καί@b εἰς@p ὁ@damp πέλας@b ἀποβαίνω@vpaagmp οἷος@anans- δοκέω@viaa3s τις@rpncs ἀποθνήσκω@vnaa-- ἀποβαίνω@viaa3s ὁ@dams πατήρ@namsc αὐτός@rpgms ἀποθνήσκω@vnaa-- ὅς@rpnms εἰμί@viia3s ἄλλος@rpnms αὐτός@annms- ὁ@ddns καί@b σῶμα@ngnsc καί@cs ψυχή@ngfsc ὁ@dgfs αὐτός@angfs- μετέχω@vnpa-- καί@b πάλιν@b δοκέω@viaa3s τις@rpnms τραχηλοκοπέω@vnre-- συμβαίνω@viaa3s καί@b οὗτος@rpgms ὁ@dams πατήρ@namsc ἀποθνήσκω@vnaa-- ὅς@rpnms καί@b ὁ@dgns ζάω@vnpa-- καί@cs ὁ@dgms φώς@ngmsc αἴτιος@annms- εἰμί@viia3s ὥσπερ@cs καί@b ὁ@dnfs κεφαλή@nnfsc ὁ@dgns πᾶς@angns- σῶμα@ngnsc οἷος@rpnns εἰμί@vipa3s καί@cs ὁ@dnns τυφλόω@vnre-- τέκνον@ndnpc ὄλεθρος@namsc καί@cs οὐ@b ὁ@ddms εἶδον@vpaadms σημαίνω@vppaans καί@cs πολύς@annnp- ἄλλος@rpanp ὅσος@rpanp τοιοῦτος@rpanp εἶπον@voaa3s τις@rpnms ἄν@b οὐ@b δέ@b ὁ@damp ἀλλότριος@anamp- μή@b οὐ@b καί@b αὐτός@rpdmp ὁ@ddmp ὁράω@vppadmp ἀποβαίνω@vnpa-- τις@rpnms διορίζω@vifm3s πεῖρα@ndfsc διδάσκω@vppenms οἷος@anans- δοκέω@viaa3s τις@rpnms ὁ@dams πατήρ@namsc κατακαίω@vppeams εἶδον@vnaa-- ἀποβαίνω@viaa3s ἀποθνήσκω@vnaa-- αὐτός@rpams ὁ@dams εἶδον@vpaaams ἵνα@cs διά@p ὁ@dafs ἐπί@p αὐτός@rpdms λύπη@nafsc ὡς@cs εἶπον@vnaa-- δίκη@nafsc πῦρ@ngnsc ὑπό@p ὁ@dgns πάθος@ngnsc καίω@vppenms ὁ@dnms πατήρ@nnmsc διαφθείρω@vspe3s καί@b πάλιν@b δοκέω@viaa3s τις@rpnms ὁ@dafs ἐρώμενος@nafsc αὐτός@rpgms τελευτάω@vnaa-- καί@b μετά@p ὀλίγος@anans- αὐτός@rpnms ἀποθνῄσκω@viaa3s ὁ@dgfs ἡδύς@angfs- αὐτός@rpdms χρῆσις@ngfsc ἀφαιρέω@vprenms οἷος@rpnns εἰμί@vipa3s καί@b ὁ@dnns δοκέω@vnpa-- νοσέω@vnpa-- ὁ@dafs μήτηρ@nafsc ὁ@dafs γυνή@nafsc ἀσθενής@anafp- καί@cs ἄκοσμος@anafp- ὁ@dafp ἀπό@p ὁ@dgfp τέχνη@ngfpc παρέχω@vppaans ἐργασία@nafpc οὐ@b δέ@cs γάρ@b οὐδέ@b διαφωνέω@vipe3s οὗτος@rpnns γε@b ἀλλά@cs σύμφωνος@b ἔοικα@vnra-- λέγω3@vipa3p πᾶς@annmp- τέχνη@nafsc μήτηρ@ndfsc μέν@b ἐπεί@cs τρέφω@vipa3s γυνή@ndfsc δέ@cs ἐπεί@cs ἰδίω@annnss ἔτι@b καί@b ὁ@dnns φίλος@anamp- ὁράω@vnpa-- εἰ@cs μέν@b λυπέω@vope3p λύπη@nafpc παρέχω@vipa3s εἰ@cs δέ@cs χαίρω@vopa3p ἡδονή@nafpc ἀπό@p δέ@b ὁ@dgnp αὐτός@rpgmp εἰμί@vipa3s καί@b ὁ@damp κοινός@anamp- διελέγχω@vnpa-- ὄνειρος@anamp- ὅς@rpgmp καί@b αὐτός@rpgmp ἀντί@p κοινός@angnp- ἴδιος@anafp- ἤδη@b τις@annmp- ἔχω@viaa3p ὁ@dafp ἀπόβασις@nafpc ἀλλά@b καί@b ὁ@dnnp μέν@b πρῶτος@ananp- ὡς@cs ὁ@dnmp παλαιός@annmp- περί@p οὗτος@rpgnp διαλαμβάνω@viaa3p ὡς@cs ἐπί@p ὁ@dans πολύς@anans- οὕτως@b ἔχω@vipa3s ὁ@dnnp δέ@cs ἑξῆς@b σπάνιος@b μέν@b ἀλλά@cs οὖν@b εἰμί@vipa3s ὅτε@cs οὕτως@b ὡς@cs ἐγώ@rpnmp φημί@vipa1p γίγνομαι@vppennp πλάνη@b ὁ@ddnp περί@p οὗτος@rpanp δεινός@andnp- ἐμποιέω@vipa3s διαληπτέον@annns- δέ@b περί@p αὐτός@rpgmp ὧδε@b ὁ@dgnp μέν@b ἴδιος@angnp- ὅσος@rpnnp μή@b διατείνω@vipa3s πρός@p ὁ@damp πέλας@b ἐν@p μόνος@andmp- ὁ@ddmp ὁράω@vppadmp καί@cs πρός@p μόνος@anamp- εἰμί@vppannp καί@cs μή@b πρός@p τις@rpamp καί@cs διά@p τις@rpamp ἐνεργέω@vppennp οὗτος@rpnnp μόνος@andmp- ὁ@ddmp ὁράω@vppadmp ἀποβαίνω@vipa3s ὡς@cs ὁ@dnns λέγω3@vnpa-- ὡς@cs ὁ@dans ἀείδω@vnpa-- ὡς@cs ὁ@dans ὀρχέομαι@vnpe-- καί@cs ἑξῆς@b πυκτεύω@vnpa-- ἀγωνίζομαι@vnpe-- ἀναρτάω@vnpa-- ἑαυτοῦ@rpams ἀποθνήσκω@vnpa-- σταυρόω@vnpe-- κολυμβάω@vnpa-- θησαυρός@namsc εὑρίσκω@vnpa-- ἀφροδισιάζω@vnpa-- ἐμέω@vnpa-- θακεύω@vnpa-- κοιμάω@vnpe-- γελάω@vnpa-- κλαίω@vnpa-- θεός@ndmpc λαλέω@vnpa-- καί@cs ὁ@danp ὅμοιος@ananp- ὁ@dnnp δέ@b ἀμφί@p ὁ@dans σῶμα@nansc ἤ1@cs μέρος@nansc τις@rpans σωματικός@anans- καί@cs ὁ@danp ἐκτός@b οἷος@rpans κλινίδιον@nanpc ἤ1@cs μιβώτιος@nanpc ἤ1@cs κιστίδιον@nanpc καί@cs ὁ@dnnp ἄλλος@rpnnp σκεῦος@nnnpc ἔσθημα@nnnpc τε@cs καί@cs ὁ@dnnp ὅμοιος@annnp- καίτοι@cs ἴδιος@annnp- εἰμί@vppannp πολλάκις@b φιλέω@vipa3s καί@cs ὁ@ddmp πέλας@b ἀποβαίνω@vnpa-- κατά@p οἰκειότης@nafsc ὁ@dgfp χρεώ@ngfpc οἷος@rpans κεφαλή@nnfsc εἰς@p πατήρ@namsc πούς@rpnms εἰς@p δοῦλος@anams- δεξιός@annfs- χείρ@nnfsc εἰς@p πατήρ@namsc υἱός@namsc φίλος@anams- ἀδελφός@namsc ἀριστερός@nnfsc χείρ@nnfsc εἰς@p γυνή@nafsc καί@cs μήτηρ@nafsc καί@cs φίλος@anafs- καί@cs θυγάτηρ@nafsc καί@cs ἀδελφή@nafsc αἰδοῖον@nansc εἰς@p γονεύς@nampc καί@cs γυνή@nafsc καί@cs τέκνον@nanpc κνήμη@nnfsc εἰς@p γυνή@nafsc καί@cs φίλος@anafs- ὁ@dgnp δέ@b ἄλλος@rpgnp ἕκαστος@annns- ἵνα@cs μή@b μακρολογέω@vspa1p οὕτως@b σκοπητέον@annns- ὁ@dgnp κοινός@angnp- τε@b καί@cs ἀλλότριος@angnp- ὅσος@annnp- μέν@b πρός@p ἐγώ@rpamp τε@b καί@cs διά@p ἐγώ@rpamp γίγνομαι@vipe3s ἐγώ@rpgmp αὐτός@angmp- ἴδιος@ananp- νομίζω@vmpe3s ὅς@rpnnp δέ@cs μή@b πρός@p ἐγώ@rpa-p ἤ1@cs διά@p ἐγώ@rpamp οὗτος@rpnnp ὁ@ddnp ἄλλος@rpdnp ἀποβαίνω@vifm3s ἀλλά@b εἰ@cs μέν@b εἰμί@vopa3p φίλος@nnmpc καί@cs ὁ@dnnp σημαίνω@vppennp ἀγαθός@annnp- γίγνομαι@vope3p ἄν@b ἐκεῖνος@rpdmp ἐγώ@rpdmp τε@b ἀπό@p μέρος@ngnsc χαρά@nnfsc τε@b καί@cs ἡδονή@nnfsc εἰ@cs δέ@cs κακός@annnp- εἰμί@vopa3s οὗτος@rpnnp μέν@b ἐκεῖνος@rpdmp ἐγώ@rpdmp δέ@cs λύπη@nnfsc οὐ@b πάντως@b δέ@cs διά@p ὁ@danp ἐκεῖνος@rpgmp κακός@ananp- ἀλλά@cs ἤδη@b τις@annfs- ἴδιος@annfs- ἐχθρός@angmp- δέ@b εἰμί@vppagmp ὁ@danp οὗτος@rpdnp ἐναντίος@ananp- τεκμαίρομαι@vnpe-- χρή@vipa3s ἀτάρ@cs δή@b καί@b περί@p δημόσιος@angnp- καί@cs κοσμικός@angnp- ὧδε@b ἔχω@vipa1s λέγω3@vnpa-- ὁ@danp μέν@b ὑπέρ@p ὅς@rpgnp τις@rpnms οὐ@b φροντίζω@vira3s ὑπέρ@p οὗτος@rpgnp οὐδείς@rpans ὁράω@vifm3s ἐπεί@cs καί@b ὑπέρ@p ἴδιος@angnp- ἤδη@b τις@rpnmp μή@b φροντίζω@vpaanmp ὄνειρος@anamp- οὐ@b εἶδον@viaa3p ὁ@dnns δέ@b παρά@p δύναμις@nafsc ἀναδέχομαι@vnam-- μικρός@anams- εἰμί@vppaams μέγας@angnp- πρᾶγμα@ngnpc θέα@nafsc ἀδύνατος@annns- διαβάλλω@vila3s γάρ@b ὁ@dams λόγος@namsc ἴδιος@angmp- εἰμί@vppagmp καί@b οὗτος@rpgmp ὁ@dgmp ὄνειρος@angmp- καί@cs εἰς@p ὁ@damp ὁράω@vppaamp ἀποβαίνω@vppagmp εἰ@cs μή@b ἄρα@b βασιλεύς@nnmsc ἤ1@b ἄρχων@nnmsc ἤ@cs τις@rpnms ὁ@dgmp δυνάστης@angmp- εἶδον@voaa3s οὗτος@rpdmp γάρ@b καί@b φροντίζω@vire3s ὁ@dnnp κοινός@annnp- καί@cs ὁ@dafs ὑπέρ@p αὐτός@rpgnp ἀψίς@nafsc ἀναδέχομαι@vnam-- δύναμαι@vipe3p οὐ@b ὡς@cs ἰδιώτης@nnmpc μικρός@ananp- πιστεύω@vprenmp ἀλλά@cs ὡς@b δεσπότης@nnmpc καί@cs τις@angnp- πρᾶγμα@ngnpc ἐπιμελέομαι@vppenmp ὑπέρ@p εὐδαιμονία@ngfsc ὅσπερ@rpans καί@b ὁ@dnms ποιητής@nnmsc ἐπί@p οὗτος@rpgnp λέγω3@vipa3s περί@p ὁ@dgms ὄνειρος@ngmsc ὁ@dgms ἀγαμέμνων@ngmsp διαλαμβάνω@vppagmp αὐτός@rpgmp ἐν@p ὁ@ddfs βουλή@ndfsc ὁ@dgmp γέρων@ngmpc εἰ@cs μέν@b τις@rpncs ὁ@dams ὄνειρος@namsc ἀχαιός@angmp- ἄλλος@annms- ἐνέπω@viaa3s ψεῦδος@nansc ἄν@b φημί@vopa1p καί@cs νοσφίζομαι@vope1p μᾶλλον@b νῦν@b δέ@x εἶδον@viaa3s ὅς@rpnms μέγας@anans- ἄριστος@annms- ἐν@p στρατός@ndmsc εὔχομαι@vipe3s εἰμί@vnpa-- βούλομαι@vipe3s γάρ@b λέγω3@vnpa-- εἰ@cs μέν@b τις@annms- ὁ@dams ὄνειρος@namsc ἀχαιός@ngmpp ἰδιώτης@nnmsc λέγω3@viia3s οὐ@b ψεύδω@vnpe-- ἄν@b ὁ@dams λέγω3@vppaams ἡγέομαι@vipm1p ἀλλά@cs ψευδής@anams- εἰμί@vnpa-- ὁ@dams ὄνειρος@namsc αὐτός@anams- καί@cs ἐγώ@rpdmp οὐ@b ἀποβαίνω@vpfmans διό@b καί@b ἐγώ@rpamp ἀπάγω@viia1p ἄν@b ὁ@dgns προσέχω@vnpa-- νυνί@b δέ@b ἀμήχανος@annns- μή@b οὐ@b ἀποβαίνω@vnaa-- ἐγώ@rpdmp ἐπεί@cs βασιλεύς@nnmsc ὁράω@viaa3s ἀλλά@b φημί@vipa3p ὅτι@cs ἤδη@b τις@annmp- καί@b ἰδιώτης@nnmpc καί@cs πένης@nnmpc εἶδον@viaa3p ὄνειρος@anamp- δημόσιος@anamp- ὅς@rpnms προκηρύσσω@vpaanmp ἤ1@b γράφω@vpaanmp καί@cs προτίθημι@vpaanmp πιστεύω@viaa3p ὁ@ddns ὁ@dafp ἀπόβασις@nafpc ἔοικα@vnra-- ὁ@ddmp ὄνειρος@ndmpc λανθάνω@vppanmp ἑαυτοῦ@rpamp ὅτι@cs μή@b γιγνώσκω@vira3p ὁ@dans αἴτιος@anans- οὐ@b γάρ@b εἷς@angms- εἶδον@vpaagms ἀποβαίνω@viaa3s ποτέ@b ἰδιώτης@ngmsc ὄνειρος@ngnsc εἰς@p ὁ@dans κοινός@anans- ἀλλά@cs πολύς@angmp- κατά@p ὁ@dans αὐτός@rpans ὅς@rpafs ὁ@dnmp μέν@b δημοσίᾳ@b ἀναγορεύω@vipa3p ὁ@dnmp δέ@cs ἴδιος@andfs- ἕκαστος@annms- καί@b γίγνομαι@vipe3s οὐ@b ἰδιώτης@nnmsc ὁ@dnms εἶδον@vpaanms ἀλλά@cs καί@b στρατηγός@ngmsc καί@cs ἄρχω@vppagms οὐδείς@anans- ἥσσων@annmsc δῆμος@nnmsc ἀγαθός@angns- μέν@b γάρ@b εἰμί@vppegns κοινός@angns- πόλις@ndfsc μυρίος@anamp- ἄν@b τις@rpncs ἀκούω@voaa3s λέγω3@vppeamp ὄνειρος@anamp- ὅς@dnmp σημαίνω@vipa3p ὁ@dans μέλλω@vppaans ἄλλος@rpnms ἀλλοῖος@rpdfs καί@cs διάφορος@andfs- ὄψις@ndfsc οὕτως@b δέ@b καί@b ἐπί@p ὁ@dgmp ἐναντίος@angmp- ἐάν@cs μή@b πολύς@annmp- εἷς@annms- δέ@b τις@rpnms ὁράω@vsaa3s δίκαιος@annms- οὐ@b ἄν@b εἰμί@vopa3s μόνος@annms- ἀναδέχομαι@vnam-- ὁ@dafs ἀπόβασις@nafsc εἰ@cs μή@b τις@rpnms εἰμί@vopa3s ὁ@dgmp στρατηγός@ngmpc ἤ1@b ὁ@dgmp ἄλλος@anafs- ἀρχή@nafsc ἄρχων@vppagmp ἤ1@b ἱερεύς@nnmsc ἤ1@cs μάντις@nnmsc ὁ@dgfs πόλις@ngfsc ἀρέσκω@vipa3s δέ@b οὗτος@rpnnp καί@b νικόστρατος@ndmsp ὁ@ddms ἐφέσιος@andms- καί@cs πανυάς@ndmsp ὁ@ddms ἁλικαρνασσεύς@andms- γνώριμος@andmps ἀνήρ@ndmpc καί@cs ἐλλόγιμος@andmp-"
"Oneir._1.3","ἔτι@cs δέ@b λέγω3@vipa3p ὁ@dnmp περί@p οὗτος@rpanp δεινός@annmp- ὅτι@cs δεῖ@vipa3s κρίνω@vnpa-- αἴσιος@ananp- ὁ@danp φύσις@ndfsc καί@cs νόμος@ndmsc καί@cs ἔθος@ndnsc καί@cs τέχνη@ndfsc καί@cs ὄνομα@ndnpc καί@cs χρόνος@ndmsc ὁράω@vppeanp οὐ@b προοράω@vpranmp ὅτι@cs ὁ@dnnp φύσις@ndfsc βλέπω@vppennp ὁ@dgnp οὐ@b βλέπω@vppegnp φύσις@ndfsc δεινός@annnpc ὁ@ddmp ὁράω@vppadmp εἰ@cs μή@b χρησιμεύω@vopa3s διά@p ὁ@dafp ὑπόκειμαι@vppeafp ὁ@ddnp πρᾶγμα@ndnpc ὑπόστασις@nafpc γίγνομαι@vipe3s γάρ@b πως@b ὁ@ddmp εὔπορος@andmp- ὁ@dans ἀέκων@vppadmp καί@cs ὁ@ddmp πάνυ@b ὁ@ddmp ὁ@danp βαθύς@ananpc πράσσω@vppadmp ἡμέρα@nnfpc καθαρός@annfp- καί@cs νύξ@ngfsc εὔσημος@annms- ἀστήρ@annmsc χορός@nnmsc ἥλιος@ngmsc τε@b καί@cs σελήνη@ngfsc ἐπιτολή@nnfpc καί@cs ὁ@dnnp παραπλήσιος@annnp- καί@cs ὁ@dnnp κατά@p ὁ@dans ἔθος@nansc οὐ@b παντάπασι@b ἁρμόζω@vipa3s ὁ@ddfp ὁ@dgmp καιρός@ngmpc ἐπιμιξία@ndfpc οἰκειόω@vppennp οὗτος@rpdnp ἑξῆς@b ὅμοιος@ananp- καί@b ὁ@danp περί@p ὁ@dgnp ἄλλος@rpgnp ἔχω@vipa1s λέγω3@vnpa-- δεῖ@vipa3s δέ@cs καί@b ὁ@dgfs συμμετρία@ngfsc βασανίζω@vnae-- εἰμί@vppagnp δέ@b οὗτος@angnp- ὁ@dgnp ἕξ@an---- στοιχεῖον@ngnpc οὐ@b πάντως@b καθολικός@angnp- πολύς@annms- γέλως@nnmsc παρέρχομαι@viaa3s εἰς@p ἄνθρωπος@nampc ὑπό@p ὁ@dgmp οὗτος@rpanp ὁ@danp ἕξ@an---- ὁ@dgmp μέν@b ὀκτωκαίδεκα@an---- ὁ@dgmp δέ@b ἑκατόν@an---- ὁ@dgmp δέ@cs διακόσιοι@annnp- πεντήκοντα@an---- εἰμί@vnpa-- λέγω3@vppagmp ἐπεί@cs ὅς@rpans τις@anans- ἄν@b λέγω3@vspa3p οὐ@b διαφεύγω@vipa3s ὁ@dnns μή@b τις@rpans ὁ@dgnp ἕξ@an---- εἰμί@vnpa-- οὗτος@rpnnp μέν@b οὖν@b εἰς@p ἀναπλήρωσις@nafsc ὁ@dgnp ὑπό@p ὁ@dgmp παλαιός@angmp- ἐνδεής@b ἐρῶ@vpregnp ἱκανός@b ἐρῶ@vire3s δύο@vpfmamp δέ@b τρόπος@nampc καθολικός@anamp- ἀναδέχομαι@vnam-- χρή@vipa3s ὁ@dams μέν@b γενικός@anams- πρῶτος@anans- ὁ@dams δέ@b εἰδικός@anams- δεύτερος@anams- ὁ@dams μέν@b οὖν@b πρῶτος@anams- οὗτος@anams- ὁ@dams τρόπος@namsc"
"Oneir._1.4","ὁ@dgmp ὄνειρος@ngmpc ὁ@dnmp μέν@b πολύς@ananp- διά@p πολύς@angnp- προαγορεύω@vipa3p ὁ@dnmp δέ@b ὀλίγος@ananp- διά@p ὀλίγος@angmp- ὁ@dnmp δέ@b πολύς@ananp- διά@p ὀλίγος@angfp- ὁ@dnmp δέ@b ὀλίγος@ananp- διά@p πολύς@angmp- πολύς@annnp- μέν@b οὖν@b διά@p πολύς@angnp- οἷος@rpans δοκέω@viaa3s τις@rpncs πέτομαι@vnpe-- ἀείρω@vpamnms ἐκ@p ὁ@dgfs οἰκεῖος@angfs- διάνοια@ngfsc πρός@p προτίθημι@vpreams σκοπός@namsc ἐπί@p ὅς@rpams σπουδάζω@vila3s γίγνομαι@vnam-- εἶτα@b γίγνομαι@vpamnms ἐπί@p αὐτός@rpams πτερόν@nanpc ἔχω@vnpa-- δοκέω@viaa3s καί@cs συναπαίρω@vnpa-- ὁ@ddmp ὄρνεον@ndnpc καί@cs μετά@p οὗτος@rpanp κατάγω@vnre-- πάλιν@b εἰς@p ὁ@dafs οἰκία@nafsc ἀποβαίνω@viaa3s αὐτός@rpdms μετανίστημι@vnaa-- ὁ@dgfs οἰκεῖος@angfs- διά@p ὁ@dafs πτῆσις@nafsc καί@cs ὁ@danp πρόκειμαι@vpreanp καί@cs μάλιστα@b σπουδάζω@vpreanp αὐτός@rpdms περάω@vnpa-- διά@p ὁ@dans μή@b ὁ@dgms σκοπός@ngmsc ἁμαρτάνω@vnra-- καί@b δή@b εὐπορέω@vpaanms ἱκανός@b ἐπεί@cs ὁ@damp εὔπορος@anamp- πτερόν@nanpc ἔχω@vnpa-- φημί@vipa1p καί@cs ἐν@p ξένος@ndfsc διατρίβω@vpaanms διά@p ὁ@dans μή@b ὁμογενής@ananp- εἰμί@vnpa-- ὁ@danp ὄρνεον@nanpc πάλιν@b εἰς@p ὁ@dafs οἰκεῖος@anafs- καταίρω@viaa3s ὁ@dnmp δέ@b ὀλίγος@annnp- διά@p ὀλίγος@angmp- οἷος@rpans δοκέω@viaa3s τις@rpncs χρύσεος@ananp- ὄμμα@nanpc ἔχω@vnpa-- τυφλόω@viap3s διά@p ὁ@dans μή@b ἴδιος@anans- ὄμμα@ngnpc εἰμί@vnpa-- ὁ@dans χρυσίον@nansc ὁ@dnmp δέ@b πολύς@ananp- διά@p ὀλίγος@angnp- οἷος@rpans δοκέω@viaa3s τις@rpnms ὁ@dans ἑαυτοῦ@rpgms ὄνομα@nansc ἀπόλλυμι@vnra-- ἀποβαίνω@viaa3s αὐτός@rpdms οὗτος@rpans μέν@b ὁ@dams υἱός@namsc ἀπόλλυμι@vnaa-- οὐ@b ὅτι@cs ὁ@dans τίμιος@ananss ἀπόλλυμι@viaa3s μόνος@b ἀλλά@cs ὅτι@cs καί@b ὁ@dans αὐτός@anans- ὄνομα@nansc καλέω@vpfmnms τυγχάνω@viaa3s ὁ@dnms παῖς@nnmsc οὗτος@rpans δέ@cs καί@b ὁ@dafs κτῆσις@nafsc ἀθρόος@anafs- δίκη@ngfpc τις@angfp- αὐτός@rpdms γράφω@vpapgfp ἐπί@p ὅς@rpdfp ἁλίσκομαι@vila1s φεύγω@vppanms γραφή@nafsc δημόσιος@angnp- ἀδίκημα@ngnpc ἄτιμος@annms- τε@b καί@cs φυγάς@nnmsc γίγνομαι@vpamnms ἀναρτάω@vpaanms ἑαυτοῦ@rpams τελευτάω@viaa3s ὁ@dams βίος@namsc ὡς@cs μη@b δέ@b ἀποθνήσκω@vpaanms ἔχω@vnpa-- ὄνομα@nansc οὗτος@rpamp γάρ@b μόνος@anamp- ἐν@p νεκρός@ngmpc δεῖπνον@ndnpc οὐ@b καλέω@vipa3p ὁ@dnmp προσήκω@vppanmp δῆλος@annns- οὖν@b πᾶς@andms- γίγνομαι@voam3s ἄν@b ὅτι@cs πᾶς@annnp- ἀπό@p ὁ@dgns αὐτός@rpgms ἀποβαίνω@viaa3s ὁ@ddns ὁ@dams αὐτός@anams- ἐπέχω@vnpa-- λόγος@namsc ὁ@dnmp δέ@b ὀλίγος@ananp- διά@p πολύς@angmp- οἷος@rpans δοκέω@viaa3s τις@rpnms ὁ@dams χάρων@namsp παίζω@vnpa-- σύν@p τις@rpdcs ἀνήρ@ndmsc ψῆφος@ndfpc αὐτός@rpnms δέ@b σπουδάζω@vnpa-- ὁ@ddms ἀνήρ@ndmsc καί@cs διά@p οὗτος@rpans λείπω@vpapams ὁ@dams χάρων@namsp χολάω@vnpa-- τε@cs καί@cs διώκω@vnpa-- αὐτός@rpams ὁ@dnms δέ@b ἀποστρέφω@vppenms φεύγω@vnpa-- ἀφικνέομαι@vpamnms δέ@b εἰς@p ξενοδοχεῖον@nansc ὅς@rpdns ἐπώνυμος@annns- κάμηλος@nnfsc εἰς@p δωμάτιον@nansc εἰστρέχω@vpaanms ἐπιζυγόω@vnaa-- ὁ@dafp θύρα@nafpc ὁ@dams μέν@b οὖν@b δαίμων@namsc οἴχομαι@vnpe-- ἄπειμι1@vppaams ὁ@dgmd μηρός@ndmdc δέ@b ὁ@dams ἕτερος@anams- αὐτός@rpdms φύω@vnaa-- πόα@namsc οὗτος@rpgnp γίγνομαι@viam3s πᾶς@angnp- εἷς@annns- ἀποτέλεσμα@nnnsc πίπτω@vpaagfs γάρ@b ὁ@dgfs οἰκία@ngfsc ἔνθα@b οἰκέω@viia3s καί@cs συναράσσω@vpapgnp ἐπί@p αὐτός@rpams ξύλον@ngnpc συντρίβω@viap3s ὁ@dams μηρός@namsc καί@cs κατάγνυμι@viap3s καί@b γάρ@b ὁ@dnms χάρων@nnmsp ψῆφος@ndfpc παίζω@vppanms λόγος@namsc ὁ@dams περί@p θάνατος@ngmsc προαγορεύω@viia3s μή@b καταλαμβάνω@vpaanms δέ@b μή@b ἀποθνῄσκω@vnfm-- μέν@b δηλόω@viie2s κινδυνεύω@vnfa-- δέ@cs ὁ@dafd πούς@nnmdc διά@p ὁ@dafs δίωξις@nafsc καί@cs ὁ@dans ξενοδοχεῖον@nansc κάμηλος@nnmsc καλέω@vppeams ὁ@dams μηρός@namsc κατάγω@vnfa-- ἐπεί@cs καί@b ὁ@dnns ζῷον@nnnsc ὁ@dnns καλέω@vppenns κάμηλος@nnmsc μέσος@anamp- κάμπτω@vipa3s ὁ@damp μηρός@nampc ὑποτέμνω@vppeans ὁ@ddnp σκέλος@ndfdc ὁ@dans ὕψος@nansc ἔτυμος@b καλέω@vpreams κάμηλος@nnmsc οἱονεί@b κάμμηρος@nnmsc ὡς@cs φημί@vipa3s εὔηνος@nnmsp ἐν@p ὁ@ddmp εἰς@p εὔνομος@namsp ἐρωτικός@andmp- ὁ@dnfs δέ@b ἐκφύω@vpaanfs πόα@nnfsc ὁ@dans μηκέτι@b ἐνεργός@anams- ὁ@dams μηρός@namsc ἔχω@vnfa-- ἐκ@p γῆ@ngfsc ἀκίνητος@angfs- φιλέω@vppanfs ἀναφύω@vnpe-- καί@b οὗτος@rpgmp εἰ@cs τις@rpnms ἀγαθός@annms- εἰμί@vopa3s λογιστής@nnmsc ὁ@dafs ἐξαρίθμησις@nafsc ἐπί@p πᾶς@angmp- οὕτως@b ἔχω@vppaafs εὑρίσκω@voaa3s ἄν@b"
"Oneir._1.5","ὁ@dgms δέ@b εἰδικός@ngmsc καί@cs αὐτός@rpgms τετραχῆ@anams- διαιρέω@vpapgms ὁ@dnmp μέν@b κατά@p ὁ@dans ἐντός@b καί@cs κατά@p ὁ@dans ἐκτός@b εἰμί@vipa3p ἀγαθός@annmp- ὁ@dnmp δέ@b κατά@p ἀμφότερος@ananp- κακός@annmp- ὁ@dnmp δέ@b κατά@p μέν@b ὁ@dans ἐντός@b ἀγαθός@annmp- κατά@p δέ@b ὁ@dans ἐκτός@b κακός@annmp- ὁ@dnmp δέ@cs κατά@p μέν@b ὁ@dans ἐντός@b κακός@annmp- κατά@p δέ@b ὁ@dans ἐκτός@b ἀγαθός@annmp- ἀκούω@annns- δέ@b ὄνειρος@nampc ἐντός@b μέν@b κατά@p ὁ@dafs ὄψις@nafsc ἐκτός@b δέ@cs κατά@p ὁ@dafs ἀπόβασις@nafsc οἷος@rpans κατά@p ἀμφότερος@ananp- εἰμί@vipa3p ἀγαθός@annmp- ὁ@dnmp τοιοῦτος@annmp- θεός@nampc ὁράω@vnpa-- ὀλύμπιος@nampp ἱλαρός@anamp- μειδιάω@vppaamp δίδωμι@vppaamp τις@rpans λέγω3@vppaamp ἀγαθός@anans- αὐτός@rpamp ἤ1@cs ὁ@danp ἄγαλμα@nanpc αὐτός@rpgmp ἐκ@p ὕλη@ngfsc ἄσεπτος@angfs- ποιέω@vpreanp ὅμοιος@b γονεύς@nampc φίλος@anamp- οἰκέτης@nampc οἶκος@namsc αὐξάνω@vppaamp καί@cs πολυτελής@anafsc κτῆσις@nafsc καί@cs σῶμα@ngnsc ἡδύς@anafs- ὄψις@nafsc ἰσχύς@nafsc τε@cs καί@cs ὁ@danp ὅμοιος@ananp- οὗτος@rpgnp γάρ@b ἡδύς@angfs- ὑπάρχω@vppagfs ὁ@dgfs θέα@ngfsc πολύς@anans- μᾶλλον@b ἡδύς@annnpc αὐτός@rpgnp ὁ@dnnp τέλος@nnnpc γίγνομαι@vipe3s κατά@p δέ@b ἀμφότερος@ananp- κακός@annmp- ὁ@dnmp τοιοῦτος@rpnmp κατά@p κρημνός@ngmpc πίπτω@vnaa-- οἴομαι@vnpe-- ἤ1@b λῃστήριον@ndnsc περιπίπτω@vnaa-- κύκλωψ@namsp εἶδον@vnaa-- ἤ1@cs ὁ@dans ἄντρον@nansc αὐτός@rpgms παραλύω@vnpe-- νοσέω@vnpa-- ἀπόλλυμι@vnpa-- τις@rpans ὁ@dgnp σπουδάζω@vpregnp οἷος@annfp- γάρ@b ὁ@dnfp παθητικός@annfp- διάθεσις@nnfpc γίγνομαι@vipe3p ὁ@dgfs ψυχή@ngfsc κατά@p ὁ@dafs θέα@nafsc αὐτός@rpgfp τοιοῦτος@rpafp ἀνάγκη@nnfsc καί@b ὁ@dafp ἀπόβασις@nafpc γίγνομαι@vnpe-- κατά@p μέν@b ὁ@dans ἐντός@b ἀγαθός@annmp- κατά@p δέ@cs ὁ@dans ἐκτός@b κακός@annmp- ὁ@dnmp τοιοῦτος@rpnmp δοκέω@viaa3s τις@rpnms σύν@p ὁ@ddms κρόνος@ndmsp δειπνέω@vnpa-- καί@cs μετά@p ἡμέρα@nafsc εἰς@p ὁ@dans δεσμωτήριον@nansc κατείργω@viap3s δεῖπνον@ngnsc μέν@b γάρ@b ὁ@dgns σύν@p θεός@ndmsc ἔοικα@vpranns εἰμί@vnpa-- ἡδύς@anafs- ὁ@dafs ὄψις@nafsc δεσμός@ngmpc δέ@cs καί@cs εἱρκτή@angfs- οὐ@b ἡδύς@anafs- ἔτι@b δοκέω@vpaanms τις@rpnms παρά@p ὁ@dgms ἥλιος@ngmsp ἄρτος@nampc λαμβάνω@vnaa-- δύο@an---- τοσοῦτος@anafp- ἡμέρα@nafpc ἐπιζέω@viaa3s εἰς@p γάρ@b τοσοῦτος@anafs- προθεσμία@nafsc ὁ@dnfs ὁ@dgms βίος@ngmsc χρῆσις@nnfsc παρά@p ὁ@dgms θεός@ngmsc δίδωμι@vpapnfs ἀρκέω@viia3s αὐτός@rpdms ἔτι@b καί@b ὁ@dans χρύσεος@anans- εἰμί@vnpa-- δοκέω@vnpa-- καί@cs ὁ@dans θησαυρός@namsc εὑρίσκω@vnpa-- καί@cs ὁ@dans παρά@p νεκρός@angms- λαμβάνω@vnpa-- μύρον@nansc ἤ1@cs ῥόδος@nansc ὁ@dgnp ὅμοιος@angnp- τις@rpans εἰς@p ὁ@dafs αὐτός@rpafs ἀνακτέον@annns- μοῖρα@nafsc ὁ@dnmp δέ@b κατά@p μέν@b ὁ@dans ἐντός@b κακός@annmp- κατά@p δέ@cs ὁ@dans ἐκτός@b ἀγαθός@annmp- τοιοῦτος@rpnmp κεραυνόω@vnpe-- δοκέω@vnpa-- πένης@namsc εἰμί@vppaams στρατεύω@vnpe-- δοῦλος@anams- εἰμί@vppaams ἤ1@cs μέλλω@vppaams πλέω@vnpa-- ἤ1@cs μονομαχέω@vnpa-- ἀγαθός@annns- οὗτος@rpgnp γάρ@b ὁ@dnms μέν@b πλοῦτος1@namsc ὁ@dnms δέ@b ἐλευθερία@nafsc ὁ@dnms δέ@b πλόος@namsc οὔριος@anams- ὁ@dnms δέ@b γάμος@namsc προσημαίνει@vipa3s καί@b εἰμί@vipa3p αὐτός@rpgmp ὁ@dnfp μέν@b ὄψις@nnfpc κακός@annfp- ὁ@dnfp δέ@cs ἀπόβασις@nnfpc ἀγαθός@annfp-"
"Oneir._1.6","ἐννοέω@vnaa-- δέ@b χρή@vipa3s ὅτι@cs ὁ@dnnp μέν@b ὁ@ddmp φροντίζω@vppadmp περί@p τις@rpgns καί@cs αἰτέω@vpamdmp ὄνειρος@namsc παρά@p θεός@ngmpc ἐπιφαίνω@vppennp οὐ@b ὅμοιος@annnp- ὁ@ddfp φροντίς@ndfpc γίγνομαι@vipe3s ἐπεί@cs ὁ@dnnp γε@b ὅμοιος@annnp- ὁ@ddfp ἔννοια@ndfpc ἄσημος@annnp- τε@cs εἰμί@vipa3s καί@cs ἐνυπνιώδης@annnp- ὡς@cs ὁ@dnms πρότερος@annms- δείκνυμι@viaa3s λόγος@nnmsc μεριμνητικός@annnp- δέ@b καί@cs αἰτηματικός@annnp- πρός@p τις@rpgmp λέγω3@vipe3s ὁ@dnnp δέ@b ὁ@ddmp περί@p μηδείς@rpgns φροντίζω@vppadmp ἐφίστημι@vppennp καί@cs προαγορεύω@vppannp τις@rpans ὁ@dgnp εἰμί@vpfmgnp ἀγαθός@angnp- ἤ1@cs κακός@angnp- θεόπεμπτος@annnp- καλέω@vipe3s οὐ@b ὅμοιος@b δέ@b νῦν@b ἐγώ@rpnms ὡς@cs ἀριστοτέλης@nnmsp διαπορέω@vipa1s πότερον@b ἔξωθεν@b ἐγώ@rpdmp εἰμί@vipa3s ὁ@dgns ὀνειρώσσω@vnpa-- ὁ@dnfs αἰτία@nnfsc ὑπό@p θεός@ngmsc γίγνομαι@vppenfs ἤ1@cs ἔνδον@b αἴτιος@annns- τις@rpnns ὅς@rpnns ἐγώ@rpdmp διατίθημι@vipa3s ὁ@dafs ψυχή@nafsc καί@cs ποιέω@vipa3s φύσις@ndfsc συμβαίνω@vpraans αὐτός@rpdfs ἀλλά@cs θεόπεμπτος@ananp- ἤδη@b καί@cs ἐν@p ὁ@ddfs συνήθεια@ndfsc πᾶς@ananp- ὁ@danp ἀπροσδόκητος@ananp- καλέω@vipa1p"
"Oneir._1.7","ἔτι@cs πᾶς@andmp- ὁ@ddmp πρόδηλος@anafs- αἰτία@nafsc ἐκφεύγω@vppadmp προσέχω@vnpa-- χρή@vipa3s ἐάν@cs τε@b νύξ@ngfsc ἐάν@cs τε@cs ἡμέρα@ngfsc ὁράω@vsap3s μηδείς@rpans διαφέρω@vnpa-- νομίζω@vppaamp εἰς@p πρόγνωσις@nafsc ὁ@dafs νύξ@nafsc ὁ@dgfs ἡμέρα@ngfsc μη@b δέ@cs ὁ@dafs δείλη@nafsc ἑσπέρα@nafsc ὁ@dgfs δείλη@ngfsc πρωΐα@ngfsc ἐάν@cs σύμμετρος@b τις@rpnms ἔχω@vppanms τροφή@ngfsc καθεύδω@vspa3s ἐπεί@cs ὅς@dnfp γε@b ἄμετρος@annfp- τροφή@nnfpc οὐ@b δέ@cs πρός@p αὐτός@andfs- ὁ@ddfs ἠώς@ndfsc παρέχω@vipa3p εἶδον@vnaa-- ὁ@dans ἀληθής@anans- ἔτι@b καί@b ὁ@dnnp κοινός@annnp- ἔθος@nnnpc ὁ@dgnp ἴδιος@angnp- μακρός@andns- διίστημι@vira3s ὅς@rpanp εἰ@cs μή@b τις@rpnms καταμανθάνω@voaa3s ἐξαπατάω@vifp3s ὑπό@p αὐτός@rpgmp κοινός@annnp- μέν@b οὖν@b ἔθος@nnnpc οὗτος@rpnnp θεός@nampc σέβομαι@vnpe-- καί@cs τιμάω@vnpa-- οὐδείς@rpnns γάρ@b ἔθνος@nnnsc ἄνθρωπος@ngmpc ἄθεος@annns- ὥαπερ@cs οὐ@b δέ@cs ἀβασίλευτος@annns- ἄλλος@rpnmp δέ@b ἄλλος@anamp- τιμάω@vipa3p θεός@nampc ἀλλά@cs ἐπί@p ὁ@dans αὐτός@rpans ὁ@dafs ἀναφορά@nafsc ἔχω@vipa3p πᾶς@annmp- τέκνον@nanpc τρέφω@vnpa-- ἡσσάομαι@vnpe-- γυνή@ngfpc καί@cs ὁ@dgfs πρός@p αὐτός@rpafp ὁμιλία@ngfsc ἐγείρω@vnra-- ἡμέρα@nafpc καθεύδω@vnpa-- νύκτωρ@b τροφή@ndfpc χράω@vnpe-- παύω@vnpe-- κάμνω@vppaamp διάγω@vnpa-- ἐν@p σκιά@ndfsc μή@b ὑπαίθιος@anafp- οὗτος@rpnnp μέν@b οὖν@b κοινός@annnp- ἔθος@nnnpc ὁ@danp δέ@x ἴδιος@ananp- καί@cs ἐθνικός@nanpc καλέω@vipa1p οἷος@rpans στίζω@vipe3p παρά@p θρᾷξ@ndmpp ὁ@dnmp εὐγενής@annmp- παῖς@nnmpc καί@cs παρά@p γέτας@ndmpp ὁ@dnmp δοῦλος@nnmpc ὅς@rpgmp ὁ@dnmp μέν@b πρός@p ἄρκτος@nafsc ὁ@dnmp δέ@an---- ἐπί@p μεσημβρία@nafsc οἰκέω@vipa3p καί@b μόσσυνες@nnmpp ὁ@dnmp ἐν@p ποντικός@andfs- συνουσιάζω@vipa3p δημοσίᾳ@b καί@cs γυνή@ndfpc μίγνυμι@vipe3p ὥσπερ@cs ὁ@dnmp κύων@nnmpc ὁ@ddmp δέ@b ἄλλος@andmp- ἄνθρωπος@ndmpc ἄτιμος@annnp- οὗτος@rpnnp νομίζω@vire3s καί@b ἰχθύς@nampc ἐσθίω@vipa3p πᾶς@annmp- πλήν@p σύρος@ngmpp ὁ@dgmp ὁ@dafs ἀστάρτη@namsp σέβομαι@vppegmp θηρίον@nanpc δέ@b καί@cs πᾶς@ananp- ὁ@danp κινώπετα@nanpc λέγω3@vppeanp ὡς@cs εἴδωλον@nanpc θεός@ngmpc αἰγύπτιος@angmp- παῖς@nnmpc μόνος@annmp- τιμάω@vppadmp καί@cs σέβομαι@vipe3p οὐ@b πᾶς@annmp- μέντοι@b ὁ@dnnp αὐτός@rpanp μανθάνω@viaa3p δέ@b τις@rpans καί@b ἐν@p ἰταλία@ndfsp νόμιμος@anans- παλαιός@anans- γύψ@nampc οὐ@b ἀναιρέω@vipa3p καί@cs ὁ@damp ἐπιτίθημι@vppeamp αὐτός@rpdmp ἀσεβέω@vnpa-- νομίζω@vipa3p ταῦρος@ndmpc δέ@b κατά@p προαίρεσις@nafsc ἐν@p ἰωνία@ndfsp παῖς@nnmpc ἐφέσιος@ngmpp ἀγωνίζομαι@vipe3p καί@b ἐν@p ἀττική@ndfsp παρά@p ὁ@ddfp θεά@ndfpc ἐν@p ἐλευαίνιος@ndfsp κόρος@nnmpc ἀθήναιος@angmp- περιτέλλομαι@vppegmp ἐνιαυτός@ngmpc καί@cs ἐν@p λάρισα@ndfsp πόλις@ndfsc ὁ@dgfs θεσσαλία@ngfsp ὁ@dnmp ὁ@dgmp κατοικέω@vppagmp εὐγενής@annmps ἐν@p δέ@cs ὁ@ddfs ἄλλῃ@b οἰκουμένη@vppedfs ὁ@dnnp αὐτός@rpnnp ὁ@ddmp ὁ@dafs ἐπί@p θάνατος@ndmsc καταδικάζω@vpapdmp συμβαίνω@vipa3s ὅμοιος@b δέ@b καί@b περί@p ὁ@dgnp ἄλλος@angnp- ἔθος@ngnpc ἴδιος@andfs- δεῖ@vipa3s διαλαμβάνω@vnpa-- πᾶς@angnp- εἰ@cs τις@rpnns παρά@p τις@rpdmp μόνος@andmp- φυλάσσω@vipe3s ὅτι@cs ὁ@dnnp μέν@b ἐπιτήδειος@annnp- ἀγαθός@angnp- εἰμί@vipa3s σημεῖον@nnnpc ὁ@dnnp δέ@b ξενικός@annnp- κακός@angnp- πλήν@b εἰ@cs μή@b τις@rpnns ὁ@dgnp πάρειμι1@vppagnp ὁ@dafs ἀπόβασις@nafsc ἄλλοθι@b τρέπω@vopa3s"
"Oneir._1.9","λυσιτελής@annns- δέ@b ἄν@b εἰμί@vopa3s οὐ@b μόνος@b δέ@cs λυσιτελής@annns- ἀλλά@cs καί@b ἀναγκαῖος@annns- ὁ@ddms τε@cs εἶδον@vpaadms ὁ@dams ὄνειρος@namsc καί@cs ὁ@ddms μιμέομαι@vppedms ἐπίσταμαι@vnpe-- ὁ@dams ὀνειροκρίτης@namsc τις@rpncs τε@cs εἰμί@vipa3s ὁ@dnms εἶδον@vpaanms ὁ@dams ὄνειρος@namsc καί@cs ὅς@rpans τις@rpans πράσσω@vipa3s καί@cs ὅπως@b γίγνομαι@vira3s καί@cs ὅς@rpans τις@rpans ἔχω@vipa3s κτῆμα@nansc καί@cs ὅπως@cs ἔχω@vipa3s σῶμα@ngnsc καί@cs ὅστις@rpgfs ἡλικία@ngfsc γίγνομαι@vira3s καί@b αὐτός@anams- ὁ@dams ὄνειρος@namsc ἀκριβής@b ἐξεταστέος@annns- ὡς@cs εἰμί@vipa3s ὅτι@cs γάρ@b μικρός@ananp- πρόσθεσις@vifa3s ἤ1@cs ἀφαίρεσις@vsaa3s ἀλλάσσω@vipe3s ὁ@dnns ἀποτέλεσμα@nnnsc ὁ@dnms ἔπειμι1@vppanms λόγος@nnmsc δηλόω@vifa3s ὡς@cs εἰ@cs μή@b τις@rpnms οὗτος@rpgnp ἔχω@vope3s πτήσσω@ngnpc ἄν@b ἑαυτοῦ@rpams μᾶλλον@b ἤ1@cs ἐγώ@rpamp μέμφομαι@vope3s ἑξῆς@b ὑποθέω@vifm1p πῶς@b δεῖ@viia3s κρίνω@vnpa-- ὁ@damp ὄνειρος@anamp- ἔχω@vifa3s δέ@b τάξις@nafsc ὁ@dnfs πραγματεία@nnfsc τοιοῦτος@anafs- οὐ@b ὥσπερ@cs ὁ@dnmp παλαιός@annmp- ἀπό@p θεός@ngmpc ἄρχω@vifm1p καί@cs ἄν@cs ἀσεβέω@vnpa-- τις@rpdns δοκέω@vspa1p ἀλλά@cs πρός@p ὁ@dans ἀναγκαῖος@anans- ὁ@dgfs ἀκολουθία@ngfsc ἀποβλέπω@vppanmp ἄρχω@vifm1p πρῶτος@anans- ἀπό@p ὁ@dgns γεννάω@vnpe-- ἔπειτα@b ἀνατρέφω@vnpe-- ἑξῆς@b περί@p σῶμα@ngnsc καί@cs ὁ@dgnp ἐν@p ὁ@ddns σῶμα@ndnsc μέρος@ngnpc προσγίγνομαι@vppegnp τε@cs καί@cs ἀπογίγνομαι@vppegnp καί@cs αὐξάνω@vppegnp καί@cs μειόω@vppegnp καί@cs ἀλλάσσω@vppegnp εἰς@p μορφή@nafsc ἕτερος@anafs- ἤ1@cs εἰς@p ὕλη@nafsc εἶτα@b περί@p διδασκαλία@ngfsc τέχνη@ngfpc παντοδαπής@angfp- καί@cs ἔργον@ngnpc καί@cs ἔπαυλος@ngnpc εἶτα@cs περί@p ἐφηβία@ngfsc περί@p γυμνάσιον@ngnpc περί@p ἀγών@ngmpc περί@p βαλανεῖον@ngnsc καί@cs λουτρόν@ngnsc παντοδαπός@angns- περί@p τροφή@ngfsc πᾶς@angfs- ὑγρός@angfs- τε@b καί@cs ξηρός@angfs- περί@p μύρον@ngnpc καί@cs στέφανος@ngmpc περί@p συνουσία@ngfsc περί@p ὕπνος@ngmsc οὗτος@rpanp μέν@b περιέχω@vifm3s ὁ@dnfs πρῶτος@annfs- βίβλος@nnfsc ὁ@dnfs δέ@b δεύτερος@annfs- περί@p ὕπνοια@ngfsc ἄθυρμα@ngnpc κόσμος@ngmsc πᾶς@angms- ἀνδρεῖος@angms- καί@cs γυναικεῖος@angms- ἀήρ@ngmsc καί@cs ὁ@dgnp περί@p ἀήρ@namsc περί@p κυνηγεσία@ngfsc περί@p ἁλιεία@ngfsc περί@p πλόος@ngmsc περί@p γεωργία@ngfsc περί@p δίκη@ngfsc ἀρχή@ngfsc δημόσιος@angfs- καί@cs λειτουργία@ngfsc στρατεία@ngfsc θεός@ngmpc τιμή@ngfsc καί@cs περί@p θεός@ngmpc περί@p θάνατος@ngmsc καί@cs εἰ@cs τις@rpans ἄλλος@anans- προέρχομαι@vppanms ὁ@dnms λόγος@nnmsc ὑπόμνησις@vifa3s"
"Oneir._1.11","χρή@nnfsp δέ@b κρίνω@vnpa-- ὁ@damp ὄνειρος@nampc ποτέ@b μέν@b ἀπό@p ἀρχή@ngfsc εἰς@p τέλος@nansc ἀποβλέπω@vppaams ὁ@dams ὀνειροκρίτης@namsc ποτέ@b δέ@cs ἀπό@p τέλος@ngnsc εἰς@p ἀρχή@nafsc εἰμί@vipa3s γάρ@b ὅτε@cs ὁ@dnfs ἀρχή@nnfsc ὁ@dans τέλος@nansc δείκνυμι@viaa3s ἀφανής@anans- εἰμί@vppaans καί@cs οὐ@b εὐσύνοπτος@anans- ὅτε@b δέ@cs ὁ@dnns τέλος@nnnsc ὁ@dafs ἀρχή@nafsc δεῖ@vipa3s δέ@b καί@cs ὁ@ddmp καταπήρης@ndmpc καί@cs ὥσπερ@cs οὐ@b ἔχω@vppadmp λαβή@nafpc ὄνειρος@andmp- παρά@p ἑαυτοῦ@rpgms τις@rpans προσφιλοτεχνέω@vnpa-- καί@b μάλιστα@b ἐν@p ὅς@rpdnp ἤ1@b γράμμα@nanpc τις@ananp- ὁράω@vipe3s διάνοια@nafsc αὐτοτελής@anafs- μή@b περιέχω@vppaams ἤ1@cs ὄνομα@nansc ἀπρόσλογος@anams- ποτέ@b μέν@b μεθίστημι@vppaams ποτέ@b δέ@b ἀλλάσσω@vppaams ποτέ@b δέ@b προστίθημι@vppaams γράμμα@nanpc ἤ1@cs συλλαβή@nafpc ἐνίοτε@b δέ@cs ἰσόψηφος@ananp- ἐπινοέω@vppaams διά@p ὅς@rpgnp σαφής@annmsc γίγνομαι@voam3s ἄν@b ὁ@dnms λόγος@nnmsc"
"Oneir._1.12","ὅθεν@b φημί@vipa1s δεῖ@vnpa-- οἴκοθεν@b παρασκευάζω@vnre-- καί@cs οἰκεῖος@andfs- σύνεσις@ndfsc χράω@vnpe-- ὁ@dams ὀνειροκρίτης@namsc καί@cs μή@b μόνος@b ὁ@ddnp βιβλίον@ndnpc ἐπανέχω@vnpa-- ἐπεί@cs ὅστις@rpnms γε@b τέχνη@ndfsc οἴομαι@vipe3s ἄνευ@p φύσις@ngfsc ἐντελής@annms- εἰμί@vnfm-- ἀτελής@annms- καί@cs ἀπέραντος@annms- τοσοῦτος@andns- μᾶλλον@b ὅσος@andns- πλείων@anafsc ἕξις@nafsc ἔχω@vipa3s διατελέω@vifa3s καί@b γάρ@b ὁ@dnns ἀπό@p ἀρχή@ngfsc πλανάω@vnre-- ἐπί@p πλέος@anans- ὁ@dafs πλάνη@nafsc παρέχω@vipa3s ἔτι@b καί@b ὁ@danp μή@b ἐκ@p ὁλόκληρος@ngnsc μνημονεύω@vppeanp ἄκριτος@ananp- νομίζω@vmpa2s ἐάν@cs τε@b ὁ@dans μέσος@anans- ἐάν@cs τε@cs ὁ@dans πέρας@nansc ἐπιλανθάνω@vsam3s τις@rpnms εἰ@cs μέν@b γάρ@b ὁ@dams ὑγιής@anams- λόγος@namsc δεῖ@viia3s ἐξετάζω@vnpa-- πᾶς@annns- ὁ@dnns ὁράω@vppenns ἀποβαίνω@vipa3s μόνος@anans- δέ@cs εἰς@p κατάληψις@nafsc ἔρχομαι@vipe3s ὁ@dnns ἐκ@p ὁλόκληρος@ngfsc μνημονεύω@vppenns ὥσπερ@cs οὖν@b ὁ@dnmp θύτης@nnmpc ὁ@danp ἀμφίβολος@nanpc ὁ@dgnp σημεῖον@ngnpc οὐ@b μή@b ἀληθής@ananp- φημί@vipa3p εἰμί@vnpa-- ἀλλά@cs αὐτός@rpnmp μή@b καταλαμβάνω@vnpa-- διά@p ὅς@rpgnp ἐπιθύω@vipe3p οὕτως@b ὁ@dams ὀνειροκρίτης@namsc ὅς@rpgnp μή@b ἀκριβής@anafs- δύναμαι@vipe3s κατάληψις@nafsc λαμβάνω@vnaa-- περί@p οὗτος@rpgnp οὐ@b χρή@vipa3s ἀποφαίνω@vnpe-- οὐ@b δέ@cs ἀποσχεδιάζειν@vnpa-- ἐπεί@cs αὐτός@rpdms μέν@b ἀδοξία@nnfsc ὁ@ddms δέ@cs εἶδον@vpaadms βλάβη@nnfsc παρακολουθέω@vifa3s ἔτι@b καί@b ἐκεῖνος@rpnns ὅσος@rpnmp ὁ@dgmp ὄνειρος@ngmpc κακός@anans- τις@rpans σημαίνω@vipa3p ἐάν@cs ὁ@dnfs ὁ@dgms ὁράω@vppagms ψυχή@nnfsc μή@b ἀηδής@b εἰμί@vspa3s διατίθημι@vppenfs ἐλάσσων@annnpc ὁ@dnnp κακός@annnp- γίγνομαι@vipe3s καί@cs σχεδόν@b ἀτελεύτητος@annnp- καί@cs πάλιν@b αὖ@b ὅσος@rpnmp ὁ@dgmp ὄνειρος@ngmpc ἀγαθός@anans- τις@rpans σημαίνω@vipa3p ἐάν@cs μή@b ὁ@dnfs ὁ@dgfs ψυχή@ngfsc διάθεσις@nnfsc ἡδύς@annfs- εἰμί@vspa3s ὁ@dnnp ἀγαθός@annnp- ἀτελεύτητος@annnp- γίγνομαι@vipe3s ἤ1@cs ἀνόνητος@annnp- ἤ1@cs πάντως@b γε@b ἥσσων@annnpc διό@b χρή@vipa3s ἐπερωτάω@vnpa-- κατά@p ἕκαστος@anans- εἰ@cs τε@cs ἡδέως@b εἰ@b τε@cs ἀηδής@b οὗτος@rpans ὁράω@viia3s"
"Oneir._1.13","εἰ@cs τις@rpncs δοκέω@voaa3s γεννάω@vnpe-- ὑπό@p γυνή@ngfsc ὅστις@rpafs ὧδε@b κρίνω@vnpa-- προσήκω@vipa3s πένης@ndmsc μέν@b ἀγαθός@anans- ἔχω@vifa3s γάρ@b ὁ@dams τρέφω@vpfaams αὐτός@rpams καί@cs ἐπιμελέομαι@vpfmams αὐτός@rpgms ὥσπερ@cs καί@b ὁ@dnnp βρέφος@nnnpc εἰ@cs μή@b ἄρα@b χειροτέχνης@annms- εἰμί@vopa3s ὅδε@rpdms γάρ@b σχολή@nafsc προαγορεύω@vipa3s ἀργός2@annnp- γάρ@b ὁ@dnnp βρέφος@nnnpc καί@cs ἐνειλέω@vprennp ὁ@dafp χείρ@nafpc τυγχάνω@vipa3s πλούσιος@andms- δέ@b ὁ@dnns μή@b κρατέω@vnpa-- ὁ@dgfs οἰκία@ngfsc σημαίνω@vipa3s ἀλλά@cs ὑπό@p τις@rpgcp ἄρχω@vnpe-- ὅς@rpgmp οὐ@b βούλομαι@vipe3s καί@cs γάρ@b ὁ@dnnp βρέφος@nnnpc ὑπό@p ἄλλος@rpgmp ἄρχω@vipe3s ὅς@rpgmp οὐ@b κατά@p γνώμη@nafsc αὐτός@rpdmp ἀνήρ@ndmsc δέ@b γυνή@nafsc ἔχω@vppadms μή@b ἔγκυος@nansc σημαίνω@vipa3s ὁ@dgfs γυνή@ngfsc στερέω@vnap-- οὐ@b δέ@cs γάρ@b ὁ@dnnp βρέφος@nnnpc γυνή@ndfpc σύνειμι@vipa3s ἔτι@b ὁ@ddms ἔχω@vppadms ἔγκυος@namsc γυνή@nafsc σημαίνω@vipa3s παῖς@namsc αὐτός@rpdms γίγνομαι@vnfm-- ὅμοιος@anams- κατά@p πᾶς@ananp- οὕτως@b γάρ@b ἄν@b ἄνωθεν@b αὐτός@rpnms δοκέω@voaa3s γεννάω@vnpe-- δοῦλος@ndmsc δέ@b σημαίνω@vipa3s ὁ@dans φιλέω@vnpe-- παρά@p ὁ@dgms δεσπότης@ngmsc καί@b ἄν@cs ἁμαρτάνω@vsaa3s συγγνώμη@ngfsc ἀξιόω@vnpe-- ἐλευθερόω@vnap-- δέ@b οὐδέπω@b καί@b γάρ@b οὐ@b δέ@b ὁ@dnnp βρέφος@nnnpc ἑαυτοῦ@rpgmp ἄρχω@vipa3s καί@b ἄν@cs ἐλεύθερος@annnp- εἰμί@vspa3s ἀθλητής@ndmpc δέ@b κακός@anams- οὐ@b τε@cs γάρ@b βαδίζω@vipa3s ὁ@dnnp βρέφος@nnnpc οὐ@b τε@cs τρέχω@vipa3s οὐ@b τε@cs ῥήγνυμι@vnaa-- τις@rpacs δύναμαι@vipe3s ὅπου@b γε@b οὐ@b δέ@cs βαδίζω@vnpa-- δύναμαι@vipe3s ὁ@ddms δέ@b ἐπί@p ξένη@ngfsc εἰμί@vppadms ὁ@dafs εἰς@p οἶκος@namsc ἀνακομιδή@nafsc σημαίνω@vipa3s ἵνα@cs ἐπί@p ἀρχή@nafsc ἔρχομαι@vsaa3s ὡς@cs καί@cs ὁ@dnns γεννάω@vppenns ἤ@b ἵνα@cs εἰς@p ὁ@dafs γῆ@nafsc ἔρχομαι@vsaa3s οὗτος@rpnns εἰμί@vipa3s εἰς@p ὁ@dafs πατρίς@nafsc κοινός@annfs- γάρ@b ἅπας@andmp- ἐπίσης@vpaagfs εἰμί@vipa3s ὁ@dnfs γῆ@nnfsc πατρίς@nnfsc ὁ@ddms δέ@b νοσέω@vppadms θάνατος@namsc προαγορεύω@vipa3s ὁ@dnns ὄναρ@nnnsc ἐπεί@cs καί@cs ὁ@dnmp ἀποθνήσκω@vpaanmp σχίζω@vprednp ἐνειλέω@vipe3p ῥάκος@ndnpc ὡς@cs καί@cs ὁ@danp βρέφος@nanpc καί@b χαμαί@b τίθημι@vipe3p καί@cs οἷος@rpams πέρ@b λόγος@namsc ἔχω@vipa3s ὁ@dnfs ἀρχή@nnfsc πρός@p ὁ@dans τέλος@nansc ὁ@dams αὐτός@rpams καί@cs ὁ@dnns τέλος@nansc πρός@p ὁ@dafs ἀρχή@nafsc καί@b ὁ@dams ἀποδιδράσκω@vnaa-- πειράω@vppeams οὐ@b ἐάω@vipa3s διαφεύγω@vnaa-- οὐ@b δέ@cs ὁ@dams ἀποδημέω@vnpa-- ἐθέλω@vppaams ἐάω@vipa3s ὁ@dgfs οἰκεῖος@angfs- ἐξέρχομαι@vnaa-- οὗτος@annms- ὁὄνειρος@nnmsc οὐ@b γάρ@b ὁ@danp πρό@p πούς@ngmpc δύναμαι@vipe3s φυλάσσω@vnam-- ὁ@danp βρέφος@nanpc προσπταίω@vipa3s γάρ@b ἑκάστοτε@b ἐν@p δέ@b ὁ@ddfp δίκη@ndfpc ὁ@ddms μέν@b ἐγκαλέω@vppadms δεινός@annms- ὁ@dnms ὄνειρος@nnmsc οὐ@b γάρ@b πείθω@vifa3s ὁ@damp δικαστής@nampc διά@p ὁ@dans τραυλός@anans- ὁ@dgfs φωνή@ngfsc ὁ@ddms δέ@cs ἐγκαλέω@vppedms καί@b φεύγω@vppadms καί@cs μάλιστα@b ὁ@ddms δείδω@vpradms καταδικάζω@vnap-- ἄφοβος@annms- ὁ@dnms ὄνειρος@nnmsc ὁ@dnnp γάρ@b βρέφος@nnnpc συγγνώμη@ngfsc ἀξιόω@vipe3s ἐάν@cs ἁμαρτάνω@vsaa3s"
"Oneir._1.14","εἰ@cs δέ@b τις@rpnms ἑαυτοῦ@rpams ὑπολαμβάνω@voaa3s κυέω@vnpa-- εἰ@cs μέν@b πένης@nnmsc εἰμί@vopa3s πολύς@ananp- κτάομαι@vifm3s καί@cs περιβάλλω@vifm3s χρῆμα@nanpc ὡς@cs καί@b διογκόω@vnap-- εἰ@cs δέ@x πλούσιος@annms- ἐν@p βάσανος@ndfpc εἰμί@vifm3s καί@cs φροντίς@ndfpc καί@b ὁ@dnms γυνή@nafsc ἔχω@vppanms στερέω@vifp3s αὐτός@rpgfs ὡς@b οὐκέτι@b χρεία@nafsc ἔχω@vgpa-s ὁ@dgfs κυοφορέω@vppagfs ὁ@dnms δέ@b μή@b ἔχω@vppanms γυνή@nafsc γαμέω@vnaa-- ἄν@b σφόδρα@b εὔνους@anans- ὡς@cs δοκέω@vnpa-- ὁ@danp αὐτός@rpanp ὁ@ddfs γυνή@ndfsc πάσχω@vnpa-- ὁ@ddmp δέ@x λοιπός@andmp- νόσος@nafsc σημαίνω@vipa3s ὁ@dnns δέ@b τίκτω@vnaa-- καί@cs ἀπογεννάω@vnaa-- οὐ@b ὁ@dans αὐτός@rpanp ὁ@ddns εἶμι@b δοκέω@vnpa-- ἐν@p γαστήρ@ndfsc ἔχω@vnpa-- σημαίνω@vipa3s ἀλλά@cs ὁ@dams μέν@b νοσέω@vppaams δηλόω@vipa3s ἀποθνήσκω@vnaa-- ταχύς@b ἐπεί@cs πᾶς@annns- σῶμα@nnnsc τίκτω@annns- πνεῦμα@nnnsc ἐξαφίημι@vipa3s καί@cs ὥσπερ@cs ὁ@dnns βρέφος@nnnsc ὁ@dgns περιέχω@vppagns σῶμα@ngnsc ἀπαλλάσσω@vipe3s οὕτως@b καί@cs ὁ@dnfs ψυχή@nnfsc πένης@ndmsc δέ@b καί@b κατάχρέος@andms- καί@b δοῦλος@ndmsc καί@cs πᾶς@andms- ὁ@ddns ἐν@p περίστασις@ndfsc ὅστις@anans- εἰμί@vppadms ὁ@danp πάρειμι1@vppaanp δεινός@ananp- ἀποτίθημι@vnae-- σημαίνω@vipa3s καί@b ὁ@dnfs αἰτία@nnfsc φανερός@annfs- καί@cs ὁ@dnnp κρυπτός@annnp- ἐλέγχω@vipa3s ἐπεί@cs ὁ@dnns κρύπτω@vprenns τέως@b βρέφος@nnnsc ἐκφαίνω@vsap3s πλούσιος@anamp- δέ@b καί@b δανειστής@nampc καί@b πραγματευτής@nampc καί@cs πᾶς@anamp- ὁ@damp πιστεύω@vppeamp βλάπτω@vmpa2s ὅς@rpanp γάρ@b ὁ@dans πρίν@b ἔχω@viia3p ἄπειμι@vifp3p ἔμπορος@ndmpc δέ@b καί@cs ναύκληρος@ndmpc ἀγαθός@annns- διατίθημι@vifm3p γάρ@b ὁ@danp φορτίον@nanpc πολύς@annmp- δέ@b καί@b συγγενής@annmp- ἀποβάλλω@viaa3p διά@p ὁ@dans ἀπό@p αἷμα@ngnsc εἰμί@vppaans ὁ@dans βρέφος@nansc ἀποβαίνω@vnre--"
"Oneir._1.15","παιδίον@nanpp δοκέω@vnaa-- ἔχω@vnpa-- ἤ1@cs εἶδον@vnaa-- παντελής@b βρέφος@nanpc ἴδιος@annnp- μέν@b τέκνον@nnnpc καί@cs ἀνήρ@ndmsc καί@cs γυνή@ndfsc μοχθηρός@anans- φροντίς@ngfsc γάρ@b καί@b λύπη@nafpc σημαίνω@vipa3s καί@cs μέριμνα@nafpc πρᾶγμα@ngnpc ἀναγκαῖος@angnp- τις@angnp- ἕνεκα@p ἐπεί@cs οὐ@b δέ@b ὁ@danp βρέφος@nanpc ἄνευ@p οὗτος@rpgnp εἰμί@vipa3s ἀνατρέφω@vnaa-- καί@b τις@annms- καί@b λόγος@nnmsc παλαιός@annms- ἐπιδείκνυμι@vipa3s ὁ@dans τοιοῦτος@rpans ἔχω@vipa3s δέ@b ὧδε@b ἤ1@cs δέος@nnnsc ἤ1@cs λύπη@nnfsc παῖς@nnfsc πατήρ@ndmsc πᾶς@anams- χρόνος@namsc οὗτος@rpgnp δέ@b ὁ@dnnp μέν@b ἀρσενικός@annnp- εἰς@p ἀγαθός@anans- τελευτάω@vipa3s ὁ@dnnp δέ@cs θηλυκός@annnp- χείρων@annnpc ὁ@dgfs ἀρχή@ngfsc ὁ@dafs τελευτή@nafsc ἐπάγω@vipa3s καί@cs ζημία@nafsc προαγορεύω@vipa3s ὁ@dnnp μέν@b γάρ@b ἀρσενικός@annnp- οὐδείς@rpans ἀνατρέφω@vpapnnp παρά@p ὁ@dgmp γονεύς@ngmpc λαμβάνω@vipa3s ὁ@danp δέ@b θηλυκός@annnp- προίξ@ngfsc ἐπιδέω@vipe3s οἶδα@vira1s δέ@b τις@rpams ὅς@rpnms δοκέω@viaa3s θυγάτριον@nansc αὐτός@rpdms γίγνομαι@vnam-- καί@cs δανείζω@viam3s καί@b πάλιν@b αὖ@b δοκέω@viaa3s τις@rpnms ὁ@dafs θυγάτηρ@nafsc ὁ@dafs ἑαυτοῦ@rpgms ἀποθνήσκω@vpaaafs κατορύσσω@vnpa-- ἀποβαίνω@viaa3s αὐτός@rpdms δάνειον@nansc ἀποδίδωμι@vnaa-- ἀλλότριος@anamp- δέ@b παῖς@nacpc ὁράω@vnpa-- ἀγαθός@annns- ὅταν@cs εἰμί@vspa3p εὔμορφος@annmp- καί@cs χαρίεις@annmp- καί@cs ὁ@dnns παιδικός@annns- αὐτός@rpdmp ἐπιτρέχω@vspa3s ἀγαθός@angmp- γάρ@b ἔνστασις@nafsc καιρός@ngmpc δηλόω@vipa3s ἐν@p ὅς@rpdmp εἰμί@vipa3s ἐλπίς@nnfsc ἔτι@b μᾶλλον@b τελέω@vnaa-- τις@rpans καί@cs καταπράσσω@vnam-- ἡδύς@anans- καί@cs γάρ@b ὁ@dnmp παῖς@nnmpc ὁ@dans πάρειμι1@vppaans εἰμί@vppanmp ἄπρακτος@annmp- αὖθις@b ἐπάν@cs ἐθίζω@vsap3p δύναμαι@vifm3p τις@rpans πράσσω@vnaa--"
"Oneir._1.16","εἰ@cs δέ@b τις@rpnms ὥσπερ@cs ὁ@dnmp παῖς@nnmpc ἐν@p σπάργανον@ndnpc εἰμί@vnpa-- δοκέω@voaa3s καί@b γάλα@nansc λαμβάνω@vnpa-- παρά@p τις@rpgcs γυνή@ngfsc γνώριμος@angfs- ἤ1@cs οὐ@b γνώριμος@angfs- νόσος@nafsc νοσέω@vifa3s μακρός@b εἰ@cs μή@b γυνή@nafsc ἔχω@vopa3s ἔγκυος@namsc τότε@b γάρ@b αὐτός@rpdms γίγνομαι@vpamnms ὅμοιος@annms- ὁ@dnms παῖς@nncsc οὗτος@anams- ὁ@dams τρόπος@namsc τρέφω@vifp3s γυνή@ndfsc δέ@b εἶδον@vpaadfs θυγάτριον@nansc εἰμί@vpfmans προαγορεύω@vipa3s εἰ@cs δέ@b τις@rpnms ἐν@p δεσμός@ndmpc εἰμί@vppanms εἶδον@voaa3s ὁ@dams ὄνειρος@namsc οὗτος@anams- προσεπισωρεύω@vifa3s αὐτός@rpdms ὁ@dnns δαιμόνιον@nnnsc καί@cs ἄλλος@ananp- τις@rpanp κακός@ananp- πρός@p ὁ@ddns μή@b ἀπολύω@vnap-- οὐ@b ἄλογος@annns- δέ@b οὐ@b δέ@b κατά@p ὁ@dafs νόσος@nafsc ἀσθενής@annmp- γάρ@b εἰμί@vipa3p ὁ@dnmp ἐν@p γάλα@ndnsc παῖς@nnmpc καί@cs μέν@b δή@b καί@b ὁ@dnmp τέλειος@annmp- ὅταν@cs νοσέω@vppanmp τροφή@ndfsc μή@b δύναμαι@vspe3p χράω@vnpe-- γάλα@ndnsc χράω@vipe3p ὁ@dnns δέ@b δοκέω@vnpa-- ἐν@p ὁ@ddmp ἴδιος@andmp- μασθός@ndmpc γάλα@nansc ἔχω@vnpa-- γυνή@ndfsc μέν@b νέος@andfs- συλλαμβάνω@vnpa-- σημαίνω@vipa3s καί@cs τελεσφορέω@vnaa-- καί@cs τίκτω@vnaa-- πρεσβῦτις@ndfsc δέ@b πενιχρός@andfs- εἰμί@vppadfs εὐπορία@nafsc πλούσιος@ndfsc δέ@b δαπάνη@nafpc παρθένος@ndfsc δέ@b ὡραῖος@andfs- μέν@b εἰμί@vppadfs γάμος@namsc προαγορεύω@vipa3s οὐ@b γάρ@b ἄνευ@p συνουσία@ngfsc γάλα@nansc ἄν@b ποτέ@b ἔχω@vopa3s παντελής@b δέ@b μικρός@andfs- καί@cs πρό@p πολύς@angns- ὁ@dgfs ὥρα@ngfsc ὁ@dgmp γάμος@ngmpc εἰμί@vppadfs θάνατος@namsc προμαντεύομαι@vipe3s ὁ@dnnp γάρ@b παρά@p ὁ@dafs ἡλικία@nafsc μοχθηρός@annnp- πᾶς@annnp- πλήν@p ὀλίγος@angnp- ἀνήρ@ndmsc δέ@b πένης@ndmsc καί@cs βίος@ngmsc δέω2@vppedms περιουσία@nafsc χρῆμα@ngnpc καί@cs κτῆμα@ngnpc προαγορεύω@vipa3s ὡς@cs δύναμαι@vnpe-- καί@b ἄλλος@rpamp τρέφω@vnpa-- καί@b ἀγάμως@andms- γάμος@namsc καί@cs ἄπαις@andms- παῖς@nacpc πολλάκις@b τηρέω@viaa1s προαγορέω@vppaafs ὁ@dans ὄναρ@nansc ὁ@dnms μέν@b γάρ@b οὕτως@b ἔχω@viaa3s εὔνους@anams- ὁ@dafs γυνή@nafsc ὡς@cs ὁ@dans αὐτός@rpanp ἐκεῖνος@rpdfs πάσχω@vnpa-- δοκέω@vnpa-- ὁ@dnms δέ@cs ἀνατρέφω@viam3s παῖς@na-pc ἀθλητής@andfs- δέ@b καί@cs μονόμαχος@andms- καί@cs πᾶς@andms- σωμασκέω@vppadms νόσος@nafsc προαγορεύω@vipa3s ἐπεί@cs ὁ@dnnp θῆλυς@annnpc σῶμα@nnnpc γάλα@nansc ἔχω@vipa3s ἔτι@b καί@b ὁ@dans τοιοῦτος@rpans τηρέω@viaa1s γυνή@nafsc τις@rpnms ἔχω@vppanms καί@cs παῖς@nampc ἐπί@p οὗτος@andms- ὁ@ddms ὄνειρος@ndmsc ὁ@dgfs γυνή@ngfsc στερέω@viap3s καί@cs ὁ@damp ἑαυτοῦ@rpgms παῖς@nampc ἀνατρέφω@viam3s ὁ@dafs ἴσος@anafs- αὐτός@rpdmp παραχώννυμι@vppanms χρεία@nafsc πατήρ@ngmsc τε@b ἅμα@b καί@cs μήτηρ@ngfsc καί@cs οὗτος@rpnnp μέν@b περί@p ἀνατροφή@ngfsc νυνί@b δέ@b περί@p σῶμα@ngnsc καί@cs ὁ@dgnp ἐν@p ὁ@ddns σῶμα@ndnsc μέρος@ngnpc προσγίγνομαι@vppegnp τε@cs καί@cs ἀπογίγνομαι@vppegnp καί@cs ἀλλάσσω@vppegnp εἰς@p τις@rpacs μορφή@nafsc ἕτερος@anafs- ἤ1@cs εἰς@p ὕλη@nafsc ποιέω@vifm1s ὁ@dams λόγος@namsc μικρός@anams- παραιτέομαι@vpamnms ὁ@damp ὁ@ddmp ἐπί@p λεπτός@anans- διαιρέω@vppedmp δυσχεραίνω@vppaamp ἐγώ@rpnmp γάρ@b οὐ@b ὅτι@b μόνος@b ὁ@ddmp ἐπισύρουσι@vppadmp ὁ@danp τοιοῦτος@rpanp ἄχθομαι@vipe1p ἀλλά@cs καί@b βλάβη@nafsc κοινός@anafs- νομίζω@vipa1p ὁ@dans μή@b περί@p ἕκαστος@angns- ἀκριβόω@vnpa-- καί@cs ἐξονυχίζω@vnpa-- τοιγάρ@b πρῶτος@anans- μέν@b ἀπό@p ὁ@dgns κύριος@angnss ὁ@dgnp ἐν@p ὁ@ddns σῶμα@ndnsc μέρος@ngnpc ἄρχω@vifm1s διασαφέω@vnpa--"
"Oneir._1.17","μέγας@anafs- δοκέω@vnpa-- ἔχω@vnpa-- κεφαλή@nafsc ἀγαθός@anafs- ἀνήρ@ndmsc πλούσιος@andms- οὐδέπω@b ἄρχω@vpaadms καί@b πένης@ndmsc καί@b ἀθλητής@ndmsc καί@b δανειστής@ndmsc καί@b τραπεζίτης@ndmsc καί@cs ἐρανάρχης@ndmsc ὁ@ddms μέν@b γάρ@b ἀρχή@nafsc τις@anafs- προαγορεύω@vipa3s ἐν@p ὅς@rpdfs δέω2@vifa3s αὐτός@rpdms στέφανος@ngmsc ἤ1@b στρόφιον@ngnsc ἤ1@cs διάδημα@ngnsc ὁ@ddms δέ@cs εὐπορία@nafsc καί@b χρῆμα@ngnpc ἐπίκτησις@nafsc καί@cs κατά@p οὗτος@rpans μέγας@anafsc ὁ@dafs κεφαλή@nafsc εἰμί@vnfm-- ἀθλητής@ndfsc δέ@b σαφής@annns- ὅτι@cs νίκη@nafsc προαγορεύω@vipa3s τότε@b γάρ@b ὁ@dnfs κεφαλή@nnfsc μέγας@annfsc γίγνομαι@voam3s ἄν@b αὐτός@rpgms δανειστής@ndmsc δέ@b καί@b τραπεζίτης@ndmsc καί@cs ἐρανάρχης@ndmsc πλείων@anafsc ὁ@dafs ὁ@dgnp χρῆμα@ngnpc συλλογή@nafsc μαντεύομαι@vipe3s καί@b γάρ@b ὁ@dnnp χρῆμα@nnnpc κεφάλαιος@nnnpc καλέω@vipe3s πλούσιος@andms- δέ@b πρός@p ὁ@dans ἄρχω@vnpa-- ἤδη@b καθίστημι@vpradms καί@b ῥήτωρ@ndmsc καί@cs δημαγωγός@ndmsc βαρύνω@nafpc καί@cs ὕβρις@nafpc ἐκ@p ὁ@dgmp ὄχλος@ngmpc προαγορεύω@vipa3s καί@cs ὁ@ddms νοσέω@vppadms καρηβαρία@nafsc καί@b στρατιώτης@ndmsc πόνος@nampc καί@b δοῦλος@ndmsc ὁ@dans μή@b ταχύς@b ἐλευθερόω@vnap-- καί@cs ὁ@ddms ὁ@dams ἥσυχος@anams- ἐπαναιρέομαι@vpredms βίος@namsc ταραχή@nafpc ἅμα@b καί@cs ὕβρις@nafpc μαντεύομαι@vipe3s ὁ@dnfs δέ@b μικρός@annfsc καί@cs ὁ@dgns κατά@p φύσις@nafsc λείπω@vppenfs κεφαλή@nnfsc ὁ@danp ἐναντίος@ananp- πρός@p λόγος@namsc ἕκαστος@angns- ὁ@dgnp ἀποτέλεσμα@ngnpc ὁ@ddfs προγράφω@vpredfs κεφαλή@ndfsc σημαίνω@vipa3s"
"Oneir._1.18","θρίξ@nafpp ἔχω@vnpa-- μέγας@anafp- καί@cs κάλως@anafp- καί@cs ἐπί@p αὐτός@rpdfp ἀγάλλω@vnpe-- ἀγαθός@annns- μάλιστα@b γυνή@ndfsc ὑπέρ@p γάρ@b εὐμορφία@ngfsc εἰμί@vipa3s ὅτε@cs καί@b ἀλλότριος@andfp- θρίξ@ndfpc ὁ@dnfp γυνή@nnfpc χράω@vipe3p ἀγαθός@annns- δέ@b καί@b ἀνήρ@ndmsc σοφός@andms- καί@b ἱερεύς@ndmsc καί@b μάντις@ndmsc καί@b βασιλεύς@ndmsc καί@b ἄρχων@vppadms καί@cs ὁ@ddmp περί@p ὁ@dams διόνυσος@namsp τεχνίτης@ndmpc οὗτος@rpgmp γάρ@b ὅς@rpdmp μέν@b ἔθος@nnnsc εἰμί@vipa3s κομάω@vnpa-- ὅς@rpdmp δέ@b ὁ@dnns ἐπιτήδευμα@nnnsc κομάω@vnpa-- ἐπιτρέπω@vipa3s ἀγαθός@annns- δέ@b καί@b ὁ@ddnp λοιπός@andnp- πλήν@p ἥσσων@anansc αὐτός@rpnns γάρ@b μόνος@b εὐπορία@nafsc σημαίνω@vipa3s οὐ@b ἡδύς@anafs- ἀλλά@cs ἐπίμοχθος@anafs- διά@p"
"Oneir._1.19","ὁ@dans πολύς@angms- κάματος@ngmsc δεῖ@vnpa-- εἰς@p ὁ@dafs κομιδή@nafsc ὁ@dgfp μέγας@angfp- θρίξ@ngfpc ὁ@dnfp δέ@b μέγας@annfp- μέν@b ἀτημέλητος@annfp- δέ@b θρίξ@nnfpc ὡς@cs μή@b δοκέω@vnpa-- κόμη@nafsc εἰμί@vnpa-- ἀλλά@cs τρίχωμα@nansc πᾶς@andmp- ἄνθρωπος@ndmpc πένθος@nanpc τε@b καί@cs λύπη@nafpc δηλόω@vipa3p κομέω@vnpa-- μέν@b γάρ@b ὁ@dnns ἐπιμελέομαι@vnpe-- εἰμί@vipa3s ὅς@rpnfs δέ@cs ἀτημέλητος@annms- ἐν@p συμφορά@ndfpc αὐξάνω@vipe3s θρίξ@nnmsc"
"Oneir._1.20","ὁ@dnns δέ@b δοκέω@vnpa-- χοιρεία@nafpc ἔχω@vnpa-- θρίξ@nafpc κίνδυνος@nampc ἐπάγω@vipa3s βίαιος@anamp- καί@cs τοιοῦτος@rpamp οἷος@andnp- ὑποπίπτω@vipa3s ὁ@dnns ζῷον@nnnsc λέγω3@vipa1s δέ@x ὁ@dnms χοῖρος@nnmsc ἱππεία@anafp- δέ@b ἔχω@vnpa-- θρίξ@nafpc δουλεία@nafsc καί@cs ταλαιπωρία@nafsc σημαίνω@vipa3s ὁ@ddmp εὖ@b γίγνομαι@vpradnp δοῦλος@ndmpc δέ@x καί@b δεσμός@nanpc περιτίθημι@vipa3s ὡς@b γάρ@b ἐπί@p ὁ@dans πολύς@anans- χαίτη@nnfsc ἵππειος@nnfsc δεσμεύω@vipe3s"
"Oneir._1.21","ἔριον@nanpp δέ@b ἀντί@p θρίξ@ngfpc ἔχω@vnpa-- νόσος@nafpc μακρός@anafp- καί@cs φθίσις@nafsc προαγορεύω@vipa3s καί@cs διά@p οὗτος@rpans πολλάκις@b ἐπί@p ὁ@dgfs κεφαλή@ngfsc ἔριον@nanpc φορέω@vppaams δοκέω@vnpa-- συμφύω@vpraanp ἔχω@vnpa-- εἰ@cs δέ@b εἰς@p ἄλλος@rpafs τις@rpacs ὕλη@nafsc ὁ@dnfp θρίξ@nnfpc μεταβάλλω@voaa3p ἀπό@p ὁ@dgnp ὅμοιος@angnp- τεκμαίρομαι@vnpe-- χρή@vipa3s ὁ@dnns δέ@b δοκέω@vnpa-- ψιλός@anans- εἰμί@vnpa-- ὁ@dans περί@p μέτωπον@nansc πᾶς@anans- μέρος@nansc ἐν@p ὁ@ddns πάρειμι1@vppadns χλεύη@nafsc ἅμα@b καί@cs ἀπραξία@nafsc μαντεύομαι@vipe3s εἰ@cs δέ@cs ὁ@dans ὀπίσω@b τοιοῦτος@rpans ἔχω@vnpa-- δοκέω@voaa3s τις@rpnms ἐν@p ὁ@ddns γῆρας@ndnsc πενία@nafsc καί@cs ἀπορία@nafsc οὐ@b ὁ@dafs τυγχάνω@vpaaafs ἔχω@vifa3s πᾶς@annns- μέν@b γάρ@b ὁ@dnns ὀπίσω@b ὁ@dgns μέλλω@vppagns εἰμί@vipa3s σημαντικός@annns- χρόνος@ngmsc ὁ@dnfp δέ@b ψιλότης@nnfpc ἀπορία@ngfsc οὐδείς@rpans διαφέρω@vipa3p ὅτι@cs κατά@p ἔλλειψις@nafsc γίγνομαι@vipe3p θερμός@angns- ἤ1@cs ὅτι@cs μηδείς@rpgns ἐπιλαμβάνω@vnam-- παρέχω@vipa3p εἰ@cs δέ@b ὁ@dans δεξιός@anans- μέρος@nansc ὁ@dgfs κεφαλή@ngfsc ψιλός@anans- ἔχω@vopa3s τις@rpnms πᾶς@anamp- ὁ@damp κατά@p αἷμα@nansc προσήκω@vppaamp ἄρσην@nampc ἀπόλλυμι@vifa3s εἰ@cs δέ@cs μηδείς@rpanp ἔχω@vopa3s βλάπτω@vifm3s εἰ@cs δέ@b ὁ@dnns εὐώνυμος@annns- ὁ@dafp θῆλυς@anafp- ἀπόλλυμι@vifa3s εἰ@cs τις@rpamp ἔχω@vopa3s εἰ@cs δέ@b μή@b καί@b οὕτως@b βλάπτω@vifm3s συγγενής@angmp- μέν@b γάρ@b εἰμί@vipa3s ὁ@dnfs κεφαλή@nnfsc σημαντικός@annfs- οὗτος@rpgfs δέ@b ὁ@dnnp μέν@b δεξιός@annnp- μέρος@nnnpc ἄρσην@ngmpc ὁ@dnnp δέ@b εὐώνυμος@annnp- θῆλυς@ngfpc ὁπότερος@anans- δέ@b ἄν@b ὁ@dgfs κεφαλή@ngfsc μέρος@nansc ψιλός@anans- ἔχω@vspa3s τις@rpnms οὐ@b εἰμί@vppanms εὐσυνείδητος@annms- καταδικάζω@vifp3s ὁ@dafs εἰς@p ἔργον@nansc δημόσιος@anafs- δίκη@nafsc οὗτος@rpnns γάρ@b καί@cs ἐκεῖ@b παράσημον@nnnsc εἰμί@vipa3s ὁ@ddmp καταδικάζω@vppedmp ὅλος@anafs- δέ@b ὁ@dafs κεφαλή@nafsc ψιλός@anafs- ἔχω@vnpa-- ἀγαθός@annns- ὁ@ddms φεύγω@vppadms δίκη@nafsc καί@cs ὁ@ddms φοβέω@vppedms μή@cs πρός@p τις@rpg-p βία@ndfsc κατασχεθεῖν@vsap3s ῥᾴδιος@b γάρ@b ἄν@b διαφεύγω@voaa3s ἀνεπίληπτος@annms- εἰμί@vppanms ὁ@ddmp δέ@x ἄλλος@rpdmp ἀπόλλυμι@vnaa-- πᾶς@anans- σημαίνω@vipa3s ὁ@dnns πρός@p κόσμος@namsc ὁ@dgms βίος@ngmsc τείνω@vppanns"
"Oneir._1.22","ξυρέω@vnpe-- δέ@b δοκέω@vnpa-- ὁ@dafs κεφαλή@nafsc ὅλος@anafs- αἰγύπτιος@ngmpp θεός@ngmpc ἱερεύς@ndmpc καί@b γελωτοποιός@andmp- καί@cs ὁ@ddmp ἔθος@nansc ἔχω@vppadmp ξυρέω@namsc ἀγαθός@anans- πᾶς@andmp- δέ@cs ὁ@ddmp ἄλλος@rpdmp πονηρός@anans- ὁ@danp γάρ@b αὐτός@rpanp ὁ@ddfs ψιλόω@ndfsc σημαίνω@vipa3s βίαιος@ananpc δέ@b ἐπάγω@vipa3s καί@cs σύντομος@ananp- ὁ@danp κακός@ananp- πλέω@vppadmp δέ@b διαρρήδην@b ναυάγιον@nnnsc σημαίνω@vipa3s καί@cs νοσέω@vppadmp εἰς@p ἔσχατος@anams- ἐλαύνω@vnaa-- κίνδυνος@namsc πλήν@cs οὐ@b ἀποθνήσκω@vnaa-- ναυαγέω@vpaanmp μέν@b γάρ@b καί@cs ἐκ@p μέγας@angfs- ἀνίστημι@vpaanmp νόσος@ngfsc ξυρέω@vipe3p ὁ@dnmp ἄνθρωπος@nnmpc ἀποθνήσκω@vpaanmp δέ@cs οὐ@b κείρω@vnpe-- δέ@x ὑπό@p κουρεύς@ngmsc ἀγαθός@annns- πᾶς@andmp- ἐπίσης@vppagfs εἰμί@vipa3s γάρ@b ὡς@cs εἶπον@vnaa-- ἀπό@p ὁ@dgns κάρη@vnaa-- καί@cs ὁ@dans χαίρω@vnap-- ἐκδέχομαι@vnam-- κατά@p παραλλαγή@nafsc στοιχεῖον@ngnsc καί@cs μέντοι@b καί@cs ἐν@p περίστασις@ndfsc πονηρός@andfs- ἤ1@cs δήλωσις@andfs- τις@rpdcs καθίστημι@vpranms κείρω@vipe3s οὐδείς@rpnms ἀλλά@cs ὅς@rpdmp μάλιστα@b εὐπρέπεια@nafpc μέλω@vipa3s οὗτος@rpnmp κείρω@vipe3p μέλω@vipa3s δέ@b εὐπρέπεια@ngfsc ἄλυπος@andmp- τε@x καί@cs οὐ@b ἄπορος@andmp- ὁ@rpnns δέ@b ὑπό@p κουρεύς@ngmsc πρόσκειμαι@vipe3s ἐπεί@cs εἰ@cs τις@rpncs ἑαυτοῦ@rpams κείρω@voaa3s οὐ@b εἰμί@vppanms κουρεύς@nnmsc ὁ@dgnp ἴδιος@angnp- πένθος@nnnpc ἤ1@cs αἰφνίδιος@anafs- τις@anafs- συμφορά@nafsc μέγας@angnp- κακός@angnp- ἀνάπλεος@angnp- σημαίνω@vipa3s ὁ@dnmp γάρ@b ἐν@p τοιοῦτος@rpdnp γίγνομαι@vpamnmp ἑαυτοῦ@rpamp περικείρω@vipa3p ὁ@dnns δέ@b ὀνυχίζω@vnpe-- χρεωφειλέτης@andfs- μέν@b ἀποδίδωμι@vnaa-- τόκος@namsc σημαίνω@vipa3s ὁ@ddmp δέ@b λοιπός@andmp- βλάβη@nafsc ἀπό@p ὁ@dgmp ὀνυχίζω@vpaagmp ἐάν@cs γε@b εἶδον@vsaa3p ἑαυτοῦ@rpamp ὑπό@p ἄλλος@rpgmp τις@rpg-p ὀνυχίζω@vpapamp καί@cs γάρ@b ἐν@p ὁ@ddfs συνήθεια@ndfsc ὀνυχίζω@vnpe-- φημί@vipa1p ὁ@dams ἐπί@p βλάβη@ndfsc ὑπό@p τις@rpgcs ἐξαπατάω@vpapams περί@p δέ@b ὁ@dgns κτενίζω@vnpe-- καί@b ἐμπλέκω@vnpe-- ὁ@dafs κεφαλή@nafsc καί@cs εἰσοπτρίζω@vnpe-- καί@cs ὁ@dgnp οὗτος@rpdnp ἀκόλουθος@angnp- ἐν@p ὁ@ddns δεύτερος@andns- ἐπιμιμνήσκομαι@vifp1s βιβλίον@ndnsc ἐπειδάν@cs περί@p κόσμος@ngmsc πᾶς@angms- ἀνδρεῖος@angms- καί@cs γυναικεῖος@angms- λέγω3@vipa1s"
"Oneir._1.23","μέτωπον@nansp ὑγιής@anans- καί@cs εὔσαρκος@anans- πᾶς@andns- ἀγαθός@anans- καί@cs παρρησία@nafsc καί@cs εὐανδρία@nafsc σημαίνω@vipa3s ὁ@dnns δέ@cs ἕλκω@vprenns ἤ1@cs νοσέω@vppanns αἰσχύνη@nafsc ἅμα@b καί@cs βλάβη@nafsc δηλόω@vipa3s χάλκεος@anans- δέ@b ἤ1@cs σιδήρεος@anans- ἤ1@cs λίθινος@anans- μέτωπον@nansc δοκέω@vnpa-- ἔχω@vnpa-- τελώνης@ndfpc καί@cs κάπηλος@ndmpc καί@cs ὁ@ddmp μετά@p ἀναίδεια@ngfsc ζάω@vppadmp μόνος@andmp- συμφέρω@vipa3s ὁ@ddmp δέ@b λοιπός@andmp- μῖσος@nnnsc ἐργάζομαι@vipe3s"
"Oneir._1.24","οὖς@nanpp πλείων@ananpc ἔχω@vnpa-- ἀγαθός@anams- ὁ@ddms βούλομαι@vppedms κτάομαι@vnam-- τις@rpacs ὑπακούω@vpfmams οἷος@rpans γυνή@nafsc τέκνον@nanpc οἰκέτης@nampc πλούσιος@andns- δέ@b καταβοάω@nafpc σημαίνω@vipa3s ἀγαθός@anafp- μέν@b ἐάν@cs εὔμορφος@annnp- εἰμί@vspa3s ὁ@dnnp οὖς@nnnpc κακός@anafp- δέ@x ἐάν@cs ἄμορφος@annnp- εἰμί@vspa3s καί@cs ἄρρυθμος@annnp- κακός@annns- δέ@b δοῦλος@ndmsc ὁ@dans ὄναρ@nansc καί@cs δίκη@nafsc ἔχω@vppadms ἐγκαλέω@vnpa-- τε@cs καί@cs ἐγκαλέω@vppedms ὁ@ddms μέν@b γάρ@b πολύς@andms- χρόνος@ndmsc σημαίνω@vipa3s ὑπακούω@vnfm-- ὁ@ddms δέ@cs ἐάν@cs μέν@b ἐγκαλέω@vspa3s καί@b ἀντεγκαλέω@vnap-- ἐάν@cs δέ@cs ἐγκαλέω@vspe3s πλείων@ananpc ὁ@danp ἔγκλημα@nanpc ὁ@dgnp φανερός@angnp- ἐπιφέρω@vnfp-- τρόπος@namsc γάρ@b τις@anams- αὐτός@rpdms φημί@vipa3s δεῖ@vnpa-- πλείων@angnpc οὖς@ngnpc ἀνήρ@ndmsc δέ@b χειροτέχνης@andfs- ἀγαθός@annns- πολύς@angmp- γάρ@b ἀκούω@vifm3s ἐργοδότης@vppanms ὁ@dans δέ@b ἀπόλλυμι@vnaa-- καί@cs ὁ@danp εἰμί@vppaanp οὖς@nanpc ὁ@danp ἐναντίος@ananp- ἑκάστοτε@b ὁ@ddnp ἔμπροσθεν@b γράφω@vprednp σημαίνω@vipa3s οὖς@nanpp καθαίρω@vnpa-- μεστός@ananp- ῥύπος@ngnsc ἰχνός@ngmsc ἀγγελία@ngfsc σημαίνω@vipa3s ἀκούω@vnfm-- ποθεν@b ἀγαθός@anafp- μαστιγόω@vnpe-- δέ@b ὁ@danp οὖς@nanpc κακός@anafp- ἀγγελία@nafpc ἀκούω@vnfm-- ποθεν@b σημαίνω@vipa3s μύρμηξ@nampp δοκέω@vnpa-- εἰς@p ὁ@danp οὖς@nanpc εἰσέρχομαι@vnpe-- σοφιστής@ndmpc μόνος@andmp- ἀγαθός@anams- ὅμοιος@annmp- γάρ@b εἰμί@vipa3p ὁ@ddmp φοιτάω@vppadmp μειράκιον@ndnpc ὁ@ddmp δέ@b λοιπός@andmp- θάνατος@namsc προαγορεύω@vipa3s ὁ@dnns ὄναρ@nnnsc γῆ@ngfsc τε@b γάρ@b εἰμί@vipa3p παῖς@nnmpc ὁ@dnmp μύρμηξ@nnmpc καί@cs εἰς@p γῆ@nafsc καταδύω@vipe3p οἶδα@vira1s δέ@b τις@rpacs ὅς@rpnms δοκέω@viaa3s ἐκ@p ὁ@dgnp ἑαυτοῦ@rpgms οὖς@ngnpc πυρός@ngfpc ἀστάχυς@nafpc φύω@vnra-- καί@cs ὁ@damp πυρός@nampc αὐτός@rpamp ἀπορρέω@vppaamp ὁ@ddfp χείρ@ndfpc ὑποδέχομαι@vppenms ἐκλαμβάνω@vnpa-- ἀκούω@viaa3s κληρονόμος@nnmsc ἄπειμι1@vppagms ἀδελφός@ngmsc διά@p μέν@b ὁ@damp στάχυς@nampc κληρονόμος@nnmsc ἀδελφός@ngmsc δέ@cs ὅτι@cs καί@b ὁ@dnnp οὖς@nnnpc ἀδελφή@nnfsc εἰμί@vipa3s ἀλλήλων@rpgmp οὖς@nanpp ὄνος@ngmsc ἔχω@vnpa-- δοκέω@vnpa-- φιλόσοφος@ndmpc μόνος@andmp- ἀγαθός@annns- ὅτι@cs μή@b ταχύς@b κινέω@vipa3s ὁ@danp οὖς@nanpc ὁ@dnms ὄνος@nnmsc ὁ@ddmp δέ@b λοιπός@andmp- δουλεία@nafsc καί@cs ταλαιπωρία@nafsc σημαίνω@vipa3s οὖς@nanpp λέων@ngmsc ἔχω@vnpa-- ἤ1@cs λύκος@ngmsc ἤ1@cs πάρδαλις@ngfsc ἤ1@cs ἄλλος@angns- τις@rpgns ὁ@dgnp ἄγριος@angnp- ζῷον@ngnpc ἐπιβουλή@nafsc ἔχω@vnpa-- ἐκ@p διαβολή@ngfsc σημαίνω@vipa3s ἀκόλουθος@b δέ@b περί@p ὁ@dgnp ἄλλος@rpgnp ζῷον@ngnpc κατά@p ὁ@dans οἰκεῖος@nansc ἐκλαμβάνω@vnpa-- δεῖ@vipa3s οὖς@nanpp ἐν@p ὁ@ddmp ὀφθαλμός@ndmpc ἔχω@vnpa-- κωφός@anans- σημαίνω@vipa3s γίγνομαι@vnam-- καί@cs ὁ@danp ὁ@dgfs ἀκοή@ngfsc διά@p ὁ@dgfs ὅρασις@ngfsc παραδέχομαι@vnam-- ἐπί@p δέ@b ὁ@ddnp οὖς@ndnpc ὄμμα@nanpc ἔχω@vnpa-- τυφλός@anans- γίγνομαι@vnam-- σημαίνω@vipa3s καί@cs ὁ@danp ὁ@dgfs ὅρασις@ngfsc διά@p ὁ@dgfs ἀκοή@ngfsc παραδέχομαι@vnam--"
"Oneir._1.25","ὀφρύς@nnfpp δασύς@annfp- καί@cs εὐανθής@annfp- πᾶς@andmp- ἀγαθός@annfp- μάλιστα@b γυνή@ndfpc οὗτος@annfp- γάρ@b ὑπέρ@p εὐμορφία@ngfsc καί@cs μέλας@ndnsc χρίω@vipe3p ὁ@dafp ὀφρύς@nafpc τοιγάρ@x ἡδονή@nafpc καί@cs εὐπραξία@nafpc δηλόω@vipa3p ψιλός@nnfpc δέ@b οὐ@b μόνος@anans- ἀπραξία@ngfsc καί@cs ἀηδία@ngfsc ἀλλά@cs καί@b πένθος@nansc εἰμί@vppenns προσημαίνω@vipa3p ἔθος@nansc γάρ@b παλαιός@anans- ἐπί@p πένθος@ndnsc ὁ@dafp ὀφρύς@nafpc ψιλόω@vnpe--"
"Oneir._1.26","ὀξύς@anans- ὁράω@vnpa-- ὁ@ddmp ὀφθαλμός@ndmpc ἀγαθός@anans- πᾶος@angfp- ἐπίσης@vppagfs ὁ@dnns δέ@b ἀμβλυώσσω@vnpa-- ἔνδεια@nafsc ἀργύριον@ngnsc δηλόω@vipa3s ἐπεί@cs καί@b ὁ@dnnp ὄμμα@nnnpc ψῆφος@nafpc ἔχω@vipa3s ἀπραξία@nafsc δέ@b ὅτι@cs ὁ@dnmp ἀμβλυώσσω@vppanmp ἥσσων@anansc ὁ@danp πρό@p πούς@ngmpc ὁράω@vipa3p ὁ@ddms δέ@b παῖς@na-pc ἔχω@vppadms σημαίνω@vipa3s ὁ@damp παῖς@nampc νοσέω@vnaa-- ἔοικα@vira3p γάρ@b ὁ@dnmp ὀφθαλμός@nnmpc παῖς@ndmpc ὅτι@cs καί@b ποθεινός@annmp- εἰμί@vipa3p καί@b ὁ@dgns σῶμα@ngnsc ὁδηγός@nnmpc καί@cs ἡγεμών@nnmpc ὥσπερ@cs καί@b ὁ@dnmp παῖς@nnmpc ἐν@p γῆρας@ndnsc γίγνομαι@vpamgmp ὁ@dgmp γονεύς@ngmpc ὁ@dnns δέ@b δοκέω@vnpa-- τυφλόω@vnre-- ἀμφότερος@anamp- ὁ@damp ὀφθαλμός@nampc σημαίνω@vipa3s ὁ@ddmp παῖς@ndmpc ὄλεθρος@namsc ὁ@ddmp ὁ@dgms εἶδον@vpaagms καί@b ἀδελφός@ndmpc καί@cs γονεύς@ndmpc παῖς@ndmpc μέν@b διά@p ὁ@dams ἔμπροσθεν@b λόγος@namsc ἀδελφός@ndmpc δέ@b ὅτι@cs καί@b ὁ@dnmp ὀφθαλμός@nnmpc ἀδελφός@nnmpc εἰμί@vipa3p ἀλλήλων@rpgmp γονεύς@vipa3p δέ@b ὅτι@cs καί@b ὁ@dnmp ὀφθαλμός@nnmpc αἴτιος@annmp- εἰμί@vipa3p ὁ@dgns ὁ@dans φάος@nansc ὁράω@vnpa-- ὥσπερ@cs καί@b ὁ@dnmp γονεύς@nnmpc ὁ@dnfs δέ@b οὗτος@rpgnp ἀπώλεια@nnfsc ὁ@dafs ὁ@dgnp ὅμοιος@angnp- ἀπώλεια@nafsc προαγορεύω@vipa3s ἀγαθός@annns- δέ@b ὁ@ddms ἐν@p δεσμός@ndmpc εἰμί@vppadms ὁ@dnns δοκέω@vnpa-- τυφλόω@vnpe-- καί@cs ὁ@ddms βίος@ndmsc ὑπό@p τις@rpgmp κατέχω@vppedms καί@cs σφόδρα@b πλουτέω@vppedms ὁ@dnms μέν@b γάρ@b οὐκέτι@b ὁράω@vifm3s ὁ@danp περί@p αὐτός@rpams κακός@ananp- ὁ@dnms δέ@cs ἔχω@vifa3s ὁ@damp ὑπηρετέω@vpfaamp αὐτός@rpdms καί@b γάρ@b ὁ@ddms τυφλός@andms- πρόσειμι1@vipa3p ὑπηρετέω@vpfanmp οὐ@b ὀλίγος@annmp- αὐτός@rpnms τε@cs ὁ@dgmp πόνος@ngmpc ἀναπαύω@vire3s ἀποδημέω@vnpa-- δέ@b κωλύω@vipa3s ὁ@dans ὄναρ@nansc καί@cs ὁ@dams ἀπόδημος@anams- οὐ@b φημί@vipa3s ἐπανέρχομαι@vnfa-- εἰς@p ὁ@dafs ἑαυτοῦ@rpgms οὐ@b τε@cs γάρ@b ὁ@dafs ξένη@anafs- εἰμί@vipa3s οὐ@b τε@cs ὁ@dafs οἰκεῖος@anafs- ἄνευ@p ὄμμα@ngnpc εἶδον@vnaa-- δεινός@annns- δέ@b καί@b στρατιώτης@ndmsc καί@cs πᾶς@andms- ὁ@ddms ἐν@p αὐλή@ndfsc βασιλεύς@ngmsc εἰμί@vppadms ἀθλητής@vppanms δέ@b ὁ@ddmp μέν@b ὁ@danp βαρύς@ananp- ἀθλέω@vppadmp ἧσσα@anansc προηγορεύω@vipa3s δρομεύς@vppadmp δέ@cs νίκη@nafsc οἶδα@vira1s δέ@b τις@anams- σταδιής@ananp- ὅς@rpnms μέλλω@vppanms ἀγωνίζομαι@vnpe-- εὐσέβεια@nnfsp ὁ@danp ἐν@p ἰταλία@ndfsp ἄγω@vpapanp πρῶτος@anans- ὑπό@p βασιλεύς@ngmsc ἀντωνίνος@ngmsp ἐπί@p ὁ@ddms πατήρ@ndmsc ἀδριανός@ndmsp δοκέω@viaa3s τυφλός@annms- γίγνομαι@vnra-- καί@cs νικάω@viaa3s ἐπίσης@vpaagfs γάρ@b ὁ@ddns τυφλός@andns- ὁ@dnms προάγω@vppanms ἐν@p δρόμος@ndmsc οὐ@b ἄν@b εἶδον@voaa3s ὁ@damp ἀγωνιστής@nampc δεινός@annns- δέ@b καί@b κυβερνήτης@ndmpc καί@cs ὁ@ddmp ὁ@danp οὐράνιος@ananp- διασκάπτω@vppedmp καί@cs μάντις@ndmpc καί@b εἰ@cs τις@rpncs ἀπόλλυμι@annms- τις@rpans ζητέω@vppanms εἶδον@voaa3s ὁ@dams ὄνειρος@namsc οὗτος@anams- οὐ@b ἄν@b εὑρίσκω@voaa3s οὐ@b δέ@cs δραπέτης@namsc διώκω@vppanms καταλαμβάνω@voaa3s ποιητής@ndmpc δέ@b ἄριστον@annnss ὁ@dnns τοιοῦτος@rpnns δεῖ@vipa3s μέν@b γάρ@b αὐτός@rpdmp πολύς@angfs- ἡσυχία@ngfsc μέλλω@vppadmp ποιέω@vnfa-- ὁ@danp ἔπος@nanpc μάλιστα@b δέ@cs ἄν@b οὕτως@b ἐν@p ἡσυχία@ndfsc γίγνομαι@voam3p εἰ@cs διά@p ὁ@dans μή@b ἔχω@vnpa-- ὄμμα@nanpc μή@b περιέλκω@vope3p μή@b τε@b ὑπό@p σχῆμα@ngnpc μή@b τε@cs ὑπό@p χρῶμα@ngnpc νοσέω@vppadmp δέ@b θάνατος@namsc πάντοτε@b προαγορεύω@vipa3s ὁ@dnns ὄναρ@nnnsc οὗτος@annns- διά@p ὁ@dans ὁ@dgns φώς@ngmsc ἀποστερέω@vnre-- οἶδα@vira1s δέ@b τις@rpacs ὅς@rpnms δοκέω@viaa3s λέγω3@vnpa-- αὐτός@rpdms τις@rpacs ὁ@dgnp ἀξιόπιστος@angnp- περί@p δέ@b ὁ@dgns τις@rpncp ὁ@dnmp ἀξιόπιστος@annmp- ἐν@p ὁ@ddns δεύτερος@andns- βιβλίον@ndnsc ἐπιμιμνήσκομαι@vifm1s ὁ@dnms πατήρ@nnmsc σύ@rpgcs οὐ@b θνήσκω@vira3s ἀλλά@cs κοιμάω@vipe3s οὗτος@rpgms ὁ@dnms πατήρ@nnmsc τυφλός@annms- ἤδη@b γίγνομαι@vila3s καί@cs οὐ@b εἰς@p μακράν@anafs- αὐτός@rpdms ἐπιστέλλω@viap3s περί@p οὗτος@rpgns εἰ@cs δέ@b τις@rpnms ὁ@dams ἕτερος@anams- ὁ@dgmp ὀφθαλμός@ngmpc τυφλός@annms- εἰμί@vnpa-- δοκέω@voaa3s ἀπό@p μέρος@ngnsc ὁ@dnnp σημαίνω@vppennp γίγνομαι@voam3s ἄν@b αὐτός@rpdms καί@cs ὡς@cs εἶπον@vnaa-- ἐκ@p ἥμισυς@ngfsc ἔτι@b καί@b οὗτος@rpans χρή@vipa3s σκοπέω@vnpa-- ὅτι@cs ὁ@dnms μέν@b δεξιός@annms- ὀφθαλμός@nnmsc σημαίνω@vipa3s υἱός@namsc καί@b ἀδελφός@namsc καί@cs πατήρ@namsc ὁ@dnms δέ@b ἀριστερός@annms- θυγάτηρ@nafsc καί@b ἀδελφή@nafsc καί@cs μήτηρ@nafsc δύο@an---- δέ@cs υἱός@ngmpc εἰμί@vppagmp θυγάτηρ@ngfpc δύο@an---- ἤ1@cs δύο@an---- ἀδελφός@ngmpc ὁ@dnms μέν@b δεξιός@annms- ὁ@dams πρέσβυς@anamsc υἱός@namsc ἤ1@b ἀδελφός@namsc ἤ1@cs θυγάτηρ@nafsc ὁ@dafs πρέσβυς@anafsc ὁ@dnms δέ@cs εὐώνυμος@annms- θυγάτηρ@nafsc ὁ@dafs νέος@anafsc καί@b ἀδελφός@namsc καί@cs υἱός@namsc ὁ@damp νέος@anampc τρεῖς@ δέ@b ἔχω@vnpa-- ὀφθαλμός@nnmpc τέσσαρες@ ἤ1@cs καί@b πλείων@anampc γαμέω@vnaa-- προαιρέω@vpredms καί@cs ἄπαις@ndmsc ὅμοιος@b ἀγαθός@annns- ὁ@ddms μέν@b γάρ@b γυνή@nnfsc ὁ@ddms δέ@b παῖς@nncsc εἰμί@vifm3s καί@cs οὕτως@b περί@p εἷς@ σῶμα@nansc πλείων@annmpc εἰμί@vifm3p ὀφθαλμός@nnmpc ἀγαθός@annns- δέ@b καί@b δανειστής@ndmsc πλείων@anafpc γάρ@x ἔχω@vifa3s ψῆφος@nafpc χρεωφειλέτης@andfs- δέ@b πονηρός@annns- ὅμοιος@b διά@p ὁ@dafp ψῆφος@nafpc πλούσιος@andfs- δέ@b προαγορεύω@vipa3s ἐν@p πολύς@andfs- φυλακή@ndfsc ἑαυτοῦ@rpams τε@b καί@cs ὁ@danp κτῆμα@nanpc ἔχω@vnpa-- διά@p τις@anafp- ἐπιβουλή@nafpc φημί@vipa3s γάρ@b δεῖ@vnpa-- αὐτός@rpdms ὀφθαλμός@ngmpc πολύς@angmp- ἀποδημέω@vnpa-- δέ@b ἐθέλω@vppadms πλάνη@nafsc προδείκνυμι@vipa3s καί@b πλέω@vppadms παλινδρομία@nafsc διά@p ὁ@dans περιέλκω@vnpa-- ὁ@damp ὀφθαλμός@nampc ὁ@damp πολύς@anamp- ὁ@dans φάος@nansc καί@cs ὁ@dafs αὐγή@nafsc οἶδα@vira1s δέ@b τις@rpacs ὅς@rpnms δοκέω@viaa3s ἔχω@vnpa-- τρεῖς@ ὀφθαλμός@nampc καί@cs τυφλός@annms- γίγνομαι@viam3s οὐ@b διά@p ὁ@dams περί@p κύκλωψ@namsp μῦθος@namsc ἀλλά@cs διά@p ὁ@dams τρίτος@anams- ὀφθαλμός@namsc ὅς@rpnms καί@b ἄλλος@angms- φώς@ngmsc σημαίνω@viia3s δέω2@vnpe-- διά@p ὁ@dans μή@b αὐτάρκης@anans- εἰμί@vnpa-- ὁ@dans οἰκεῖος@anans- ἀνήρ@ndmsc δέ@x πανοῦργος@andms- καί@cs γυνή@ndfsc ὡραῖος@andfs- πολύς@annmp- ὀφθαλμός@nnmpc πονηρός@annmp- ὅς@rpams μέν@b γάρ@b πλείων@annmpc ὀφθαλμός@nnmpc τηρέω@vifa3p περί@p ὅς@rpgmp δέ@cs πλείων@annmpc εἰμί@vifm3p μοιχός@nnmpc καταφανής@annmp- ἔτι@b δέ@b καί@b εἰ@cs τις@rpnms ἄλλοθι@b ποι@b ὁ@damp ὀφθαλμός@nampc ἔχω@vnpa-- δοκέω@voaa3s εἰ@cs μέν@b ἐν@p ὁ@ddfp χείρ@ndfpc ἤ1@cs ὁ@ddmp πούς@ndmpc τυφλός@annms- εἰμί@vifm3s εἰ@cs δέ@b ἐν@p ἄλλος@rpdns τις@rpdns μέρος@ndnsc ὁ@dgns σῶμα@ngnsc αὐτός@rpans ἐκεῖνος@rpnns νοσέω@vifa3s ὁ@dans μέρος@nansc ἤ1@cs πλήσσω@vifm3s ἵνα@cs ὁ@ddfp χείρ@ndfpc ἤ1@cs ὁ@ddmp πούς@ndmpc ψηλαφάω@vppanms ὥσπερ@cs βλέπω@vspa3s ἤ1@cs ἵνα@cs ὥσπερ@cs ὀφθαλμός@namsc ἔχω@vppadns ἐκεῖνος@rpdns ὁ@ddns μέρος@ndnsc μηδείς@rpafs ὕλη@nafsc προσφέρω@vnpa-- δύναμαι@vspe3s οἶδα@vira1s δέ@b τις@rpacs ὅς@rpnms δοκέω@viaa3s ἐκπίτνω@vpaaams αὐτός@rpgms ὁ@danp ὄμμα@nanpc ἐπί@p ὁ@damp πούς@nampc πίπτω@vnaa-- καί@b τυφλός@annms- μέν@b οὐ@b γίγνομαι@viam3s ὁ@dafp δέ@b θυγάτηρ@nafpc αὐτός@rpgms οἰκέτης@ndmpc συνοικίζω@viaa3s καί@cs οὕτως@b ὁ@dnnp κρείσσων@annnpc ὁ@ddmp ὅστις@andmpc μίγνυμι@viap3s ἀλλότριος@anamp- δέ@b δοκέω@vnpa-- ἔχω@vnpa-- ὀφθαλμός@nampc τυφλός@anams- γίγνομαι@vnam-- σημαίνω@vipa3s καί@cs ὑπό@p ἄλλος@rpgms χειραγωγέω@vnap-- εἰ@cs δέ@b τις@rpncs ἐπίσταμαι@vipe3s ὅς@rpgms ἔχω@viia3s ὁ@dnnp ὄμμα@nanpc τέκνον@nansc ἐκεῖνος@rpgms ἀναλαμβάνω@vifm3s"
"Oneir._1.27","ῥίς@nafsp ἔχω@vnpa-- καλός@anafs- καί@cs εὔμορφος@anafs- ἀγαθός@anans- παῖς@andmp- πολύς@anafs- γάρ@b εὐαισθησία@nafsc καί@cs πρόνοια@nafsc ἐν@p ὁ@ddnp πράσσω@vppednp σημαίνω@vipa3s καί@cs πρός@p ὁ@damp βελτίων@anampc σύστασις@nafsc διά@p γάρ@b ὁ@dgfs ῥίς@ngfsc ἀήρ@namsc ἐπισπάω@vppanmp ὁ@dnmp ἄνθρωπος@nnmpc βελτίων@ananpc ὠφελέω@vipe3p ὁ@dnns δέ@b μή@b ἔχω@vnpa-- ῥίς@nafsc ἀναισθησία@nafsc πᾶς@andmp- σημαίνω@vipa3s καί@b πρός@p ὁ@damp ὑπερέχω@vppaamp ἔχθρα@nafsc καί@cs ὁ@ddms νοσέω@vppadms θάνατος@namsc καί@b γάρ@b ὁ@dnnp κρανίον@nnnpc ὁ@dgmp ἀποθνήσκω@vpaagmp ἄνευ@p ῥίς@ngfsc εὑρίσκω@vipe3s δύο@an---- δέ@b ἔχω@vnpa-- ῥίς@nafpc στάσις@nafpc πρός@p ὁ@damp οἰκεῖος@anamp- σημαίνω@vipa3s στάσις@nnfpc μέν@b ἐπεί@cs ὁ@dnnp διπλοῦς@annnp- πᾶς@annnp- ὁ@dnnp γε@x παρά@p φύσις@nafsc στάσις@ngfsc εἰμί@vipa3s σημαντικός@annnp- πρός@p δέ@b ὁ@damp οἰκεῖος@anamp- ὅτι@cs μή@b ἀλλότριος@annfs- ὁ@dnfs ῥίς@nnfsc παρειά@nafpp παχύς@anafp- ἔχω@vnpa-- ἀγαθός@annns- πᾶς@andms- μάλιστα@b δέ@b γυνή@ndfpc ὁ@dnns δέ@b ἰσχνός@nafpc ἤ1@cs ἕλκω@vpreafp ἔχω@vnpa-- λύπη@nafsc ἤ1@cs πένθος@nansc σημαίνω@vipa3s ἰσχνός@anafp- μέν@x λύπη@nafsc ἕλκω@vppeafp δέ@x πένθος@nansc καί@cs γάρ@b ἐν@p ὁ@ddnp πένθος@ndnpc λωβάομαι@vipe3p ὁ@dafp παρειά@nafpc ὁ@dnmp ἄνθρωπος@nnmpc"
"Oneir._1.29","ὁ@dafp δέ@b ὄπισθεν@nafpc πρός@p ἀποθήκη@nafpc εἰμί@vipa3s ληπτέος@annns- καί@cs ὁ@danp χεῖλος@nanpc πρός@p ὁ@damp ἑκάστοτε@b πρόσειμι1@vppaamp καί@cs φιλέω@vppaamp τοιγάρ@b ὅς@rpans τις@anans- ἄν@b οὗτος@rpgnp πάσχω@vsaa3s οὐ@b ἐν@p ἀσφαλής@andns- ὁ@dnnp ἐν@p ὁ@ddfp ἀποθήκη@ndfpc ἤ1@cs ὁ@danp περί@p ὁ@damp φίλτατος@anamps εἰμί@vnpa-- σημαίνω@vipa3s"
"Oneir._1.30","γένειον@nansp ἔχω@vnpa-- μέγας@anans- καί@cs λάσιος@anans- ἀνήρ@ndmsc λόγος@ngmpc ἐπιμελέομαι@vppedms καί@cs φιλοσοφέω@vppadms ἀγαθός@anans- καί@cs ὁ@ddmp ἐπί@p ὁ@dans πράσσω@vnpa-- ὁρμάω@vpredmp ὅς@rpamp μέν@b γάρ@b κόσμιος@anamp- ὅς@rpamp δέ@cs φοβερός@anamp- ποιέω@vipa3s γυνή@nnfsc δέ@b εἰ@cs δοκέω@voaa3s πώγων@namsc ἔχω@vnpa-- ἐάν@cs μέν@b εἰμί@vspa3s χήρα@nanpc γαμέω@vifp3s ἐάν@cs δέ@b ἀνήρ@namsc ἔχω@vspa3s ἀπαλλάσσω@vifm3s ὁ@dgms ἀνήρ@ngmsc ὁ@dnfs μέν@b γάρ@b ἔχω@vifa3s σφόδρα@b εὔνους@anams- ἀνήρ@namsc ὡς@cs δοκέω@vnpa-- ὁ@danp πρόσωπον@nanpc μίγνυμι@vnre-- ὁ@dnfs δέ@b ἀφεστήξω@vifm3s ὁ@dgms ἀνήρ@ngmsc καί@cs ὁ@dams ἑαυτοῦ@rpgfs οἶκος@namsc οἰκονομέω@vifa3s ὡς@cs δῆθεν@b ἅμα@b γυνή@nnfsc τε@cs καί@cs ἀνήρ@nnmsc εἰμί@vppanfs εἰ@cs μή@b ἄρα@b ἐν@p γαστήρ@ndfsc ἔχω@vopa3s ἤ1@cs δίκη@nafsc ἔχω@vopa3s ὁ@dnfs μέν@b γάρ@b ἄρσην@nansc τίκτω@vifm3s ὅς@rpans γίγνομαι@vpamans τέλειος@anans- ἐπιδίδωμι@vpaanfs αὐτός@rpnfs δοκέω@vifa3s πώγων@namsc ἔχω@vnpa-- ὁ@dnfs δέ@b ἀκαταφρόνητος@annfs- ὥσπερ@cs ἀνδρεία@nnfsc μένω@vifa3s παῖς@ndmsc δέ@b κομιδῇ@b νέος@andms- θάνατος@namsc σημαίνω@vipa3s διά@p ὁ@dans προλαμβάνω@vnaa-- ὁ@dafs ἡλικία@nafsc ὁ@ddms δέ@b ἤδη@b νεανίσκος@ndmsc εἰμί@vppadms καί@b οὐ@b εἰς@p μακράν@anafs- φέρω@anans- γένειον@nnfsc ἐπί@p ἑαυτοῦ@rpdms σημαίνω@vipa3s γίγνομαι@vnam-- ἐάν@cs τε@b δοῦλος@annms- ἐάν@cs τε@cs ἐλεύθερος@annms- τύχη@ndfsc εἰμί@vppanms ἵνα@cs εἰμί@vspa3s τέλειος@annms- καί@cs ἑαυτοῦ@rpgms προνοέω@vspa3s ἀπορρέω@anans- δέ@b ὁ@dans γένειον@nansc ἤ1@cs ἀποξυράω@vppeans ἤ1@cs βία@ndfsc πρός@p τις@rpgns ἀποσπάω@vppeans εἶδον@vnaa-- πρός@p ὁ@ddns ὁ@damp ἀπό@p αἷμα@ngnsc διαφθείρω@vnpa-- βλάβη@nafpc ἅμα@b καί@cs αἰσχύνη@nafpc προδείκνυμι@vipa3s"
"Oneir._1.31","ὁ@dnfs περί@p ὀδούς@ngmpc κρίσις@nnfsc πολύς@anafs- ἐπιδέχομαι@vppenfs διαίρεσις@nafsc παρά@p ὀλίγος@angmp- πάνυ@b κατορθόω@vire3s ὁ@dgmp κατά@p ἐγώ@rpamp ὀνειροκρίτης@ngmpc ἀρίστανδρος@ngmsp ὁ@dgms τελμησσεύς@ngmsp ὑποθήκη@nafpc ὁ@dafp πλεῖστος@anafp- καί@cs ἄριστος@anafp- ὑποτίθημι@vpamgms ἔχω@vipa3s δέ@b ὧδε@b ὁ@dgmp ὀδούς@ngmpc ὁ@dnmp μέν@b ἄνωθεν@b ὁ@damp κατά@p ὁ@dams οἶκος@namsc ὁ@dgms εἶδον@vpaagms βελτίων@anampc τε@b καί@cs διαφέρω@vppaamp ἄνθρωπος@nampc σημαίνω@vipa3p ὁ@dnmp δέ@cs κάτωθεν@b ὁ@damp ὑποδεής@anampc οἶκος@namsc μέν@b γάρ@b ἡγέομαι@vnpm-- χρή@vipa3s ὁ@dans στόμα@nansc ὁ@damp δέ@b ὀδούς@nampc ὁ@damp κατά@p ὁ@dams οἶκος@namsc ἄνθρωπος@nampc ὅς@rpgmp ὁ@dnmp μέν@b δεξιός@annmp- ἀνήρ@nampc σημαίνω@vipa3p ὁ@dnmp δέ@cs εὐώνυμος@annmp- γυνή@nafpc πλήν@b εἰ@cs μή@b τις@rpanp σπάνιος@ananp- προσπίπτω@vopa3s οἷος@rpans εἰ@cs πορνοβοσκός@nnmsc εἰμί@vppanms τις@rpnms πᾶς@anafp- ἔχω@vopa3s θῆλυς@anafp- ἤ1@cs φιλογέωργος@annms- εἰμί@vppanms πᾶς@anamp- ἄρσην@nampc ἐπί@p γάρ@b οὗτος@rpgnp ὁ@dnmp μέν@b δεξιός@annmp- πρέσβυς@anampc καί@cs πρέσβυς@anafpc σημαίνω@vipa3p ὁ@dnmp δέ@cs εὐώνυμος@annmp- νέος@anafpc καί@cs νέος@anafpc καί@cs κομιδῇ@b μέν@b νέος@anamp- ὁ@dnmp τομάω@nnmpc λέγω3@vppenmp οὗτος@rpans εἰμί@vipa3s ὁ@dnmp ἐμπρόσθιος@annmp- ὀδών@nnmpc μεσήλικες@nampc δέ@b ὁ@dnmp κυνόδους@nnmpc πρεσβύτης@nampc δέ@b ὁ@dnmp μύλη@nnmpc ὁποῖος@anams- οὖν@b ἄν@b τις@rpnms ἀποβάλλω@vsaa3s ὀδούς@namsc τοιοῦτος@angms- ἄνθρωπος@ngmsc στερέω@vifp3s ἐπεί@cs δέ@b οὐ@b μόνος@anans- ἄνθρωπος@nampc ἀλλά@cs καί@b κτῆμα@nanpc ὁ@dnmp ὀδών@nnmpc σημαίνω@vipa3p ἡγέομαι@vnpm-- χρή@vipa3s ὁ@damp μέν@b τύλος@nampc ὁ@danp κειμήλιον@nanpc σημαίνω@vnpa-- ὁ@damp δέ@b κυνόδοντας@nampc ὁ@danp μή@b πολύς@angfs- ἄξιος@ananp- τιμή@ngfsc ὁ@damp δέ@cs τομάω@anamp- ὁ@danp ἔπιπλα@nanpc ὁ@dgnp σκεῦος@ngnpc ἔοικα@vpranns οὖν@b ἐκπίτνω@vppaamp αὐτός@rpgmp τις@rpacp κτῆμα@ngnpc ἀπώλεια@nafsc σημαίνω@vnpa-- ἔτι@b δέ@b καί@b ὁ@dnmp ὀδών@nnmpc καί@b χρεία@nafpc σημαίνω@vipa3p βιωτικός@anafp- καί@cs οὗτος@rpgmp ὁ@dnmp μέν@b μύλη@nnmpc μυστικός@anafp- καί@cs ἀπόρρητος@anafp- ὁ@dnmp δέ@b κυνόδους@nnmpc ὁ@dafp μή@b πολύς@andnp- καταφανής@anafp- ὁ@dnmp δέ@cs τομάω@annmp- ὁ@dafp φανερός@anafps καί@cs ὁ@dafp διά@p λόγος@ngmsc καί@cs φονεύς@ngfsc κατεργάζομαι@vppeafp ἐκπίτνω@vppanmp οὖν@b ὁ@dnmp ὀδών@nnmpc ὁ@dgfp ὅμοιος@angfp- χρεώ@ngfpc ἐμπόδιος@annmp- γίγνομαι@vipe3p φέρω@vmpa2s δή@b περί@p αὐτός@rpgnp ἤδη@b διαλαμβάνω@vsaa1p ὁ@ddmp χρεώστης@andmp- ὅστις@rpnmp ἄν@b ἐκπίπτω@vspa3p ὀδών@nnmpc ἀπόδοσις@nafsc ὁ@dgnp χρέος@ngnpc σημαίνω@vipa3p καί@b ἐάν@cs μέν@b εἷς@anams- τις@rpnms ἐκβάλλω@vsaa3s ὀδούς@namsc εἷς@ndnsc ἀποδίδωμι@vifa3s ἤ1@cs πολύς@andmp- ἅπαξ@b ἐάν@cs δέ@b πολύς@anamp- πολύς@andmp- ἀποδίδωμι@vifa3s ἤ1@cs εἷς@ πολλάκις@b καί@cs ἐάν@cs μέν@b ἄπονος@b ἐκβάλλω@vsaa3s ἐργάζομαι@vpamnms καί@cs πορίζω@vpaanms ἐάν@cs δέ@b ἐπί@p ὁ@ddfs ἐκβολή@ndfsc ἀλγέω@vnpa-- νομίζω@vsaa3s ἀποδίδωμι@vpamnms τις@rpans ὁ@dgnp οἰκτίζω@b ὀδών@nnmpc ἐμπρόσθιος@annmp- ἐκβάλλω@vpapnmp οὐδείς@rpans ἐάω@vipa3p πράσσω@vnaa-- διά@p λόγος@ngmsc καί@cs ἐάν@cs μέν@b ἕπομαι@vspe3s αὐτός@rpdmp πόνος@nnmsc ἤ1@cs αἷμα@nnnsc ἤ1@cs σαρκίον@nnfsc τέλειος@anans- περιγράφω@vipa3p καί@cs ἀναιρέω@vipa3p ὁ@danp πρόκειμαι@vpreanp ἐάν@cs δέ@b ἀταλαιπώρως@b ἐκπίπτω@vspa3p ὁ@dans πάρειμι1@vppaans ὑπερτίθημι@vipe3p μόνος@b ὀδών@nnmpc ὁμοῦ@b πᾶς@annmp- ἐκπίτνω@vppanmp ἐρῆμος@anams- ὁ@dams οἶκος@namsc σημαίνω@vipa3p πᾶς@angmp- ὁμοῦ@b καθίστημι@vnap-- ἐπί@p τε@b ὁ@dgmp ἐρρωμένος@vppegmp καί@cs ἐλεύθερος@angmp- καί@cs μή@b ἔμπορος@angmp- ἐπεί@cs ὁ@ddmp νοσέω@vppadmp μακρονοσία@nafsc μέν@b καί@cs φθίσις@nafsc προαγορεύω@vipa3p ὁ@dans δέ@b μή@b ἀποθνήσκω@vnaa-- διαβεβαιοῦμαι@vspe3p ἄνευ@p μέν@b γάρ@b ὀδούς@ngmpc οὐ@b εἰμί@vipa3s χράω2@vnam-- ὑγιεινός@andfs- τροφή@ndfsc ἀλλά@cs ῥόφημα@ndnsc καί@cs χυλός@ndmsc οὐδείς@rpnms δέ@cs ὁ@dgmp ἀποθνήσκω@vpaagmp ὀδούς@nampc ἀπόλλυμι@vipa3s δοῦλος@ndmsc δέ@b ἐλευθερία@nafsc προαγορεύω@vipa3s ὁ@dnns μηδείς@rpams ἔχω@vnpa-- ὀδούς@namsc ἤ1@cs γάρ@b οὐ@b δίδωμι@vppanms ἀποφορά@nafsc ὥσπερ@cs ὁ@ddmp ὀδούς@vpaadmp τροφή@nafsc ἤ1@cs οὐ@b λαμβάνω@vppanms παρά@p ἄλλος@rpgms τροφή@ngfsc ὥσπερ@cs οὐ@b δέ@cs ὑπό@p ὁ@dgmp ὀδούς@ngmpc τρέφω@vppenms πάντως@b εἰμί@vifm3s ἐλεύθερος@annms- ἔμπορος@vopa2s δέ@b ταχύς@b ὁ@danp φορτίον@nanpc διατίθημι@vnam-- σημαίνω@vipa3s ὁ@dans τοιοῦτος@rpans ὄναρ@nansc καί@b μάλιστα@b ἐάν@cs κινέω@vppennp εἰμί@vspa3s αὐξάνω@vpaanmp δέ@b τις@rpnmp ὁ@dgmp ὀδούς@ngmpc καί@cs ἑτερομεγεθέω@vpaanmp στάσις@nafsc κατά@p ὁ@dams οἶκος@namsc ὁ@dgms εἶδον@vpaagms εἰμί@vnfm-- σημαίνω@vipa3p ἐπεί@cs ὁ@ddfs ἁρμονία@ndfsc οὐκέτι@b χράω@vipe3p ὅσος@annmp- δέ@b μέλας@anamp- ἤ1@b σήπω@nampc ἤ1@cs κολοβός@anamp- ἔχω@vppanmp ὀδούς@nampc ὄναρ@nansc δοκέω@viaa3p ἀποβάλλω@vnra-- οὗτος@rpnmp πᾶς@angfs- δυσχέρεια@ngfsc καί@cs πᾶς@angns- ἀπαλλάσσω@vifm3p κακός@angns- πολλάκις@b δέ@b καί@b πρεσβύτης@nampc ἀποβάλλω@viaa3p τις@rpnmp ὀδούς@nampc δοκέω@vnpa-- ἔχω@vnpa-- ἐλεφαντίνος@anamp- ἀγαθός@annns- πᾶς@andmp- ὁ@ddmp μέν@b γάρ@b φιλόλογος@andmp- εὐέπεια@nafsc ὁ@ddmp δέ@b ἄλλος@rpdmp πολυτέλεια@nafsc κατά@p ὁ@dams οἶκος@namsc σημαίνω@vppadmp χρύσεος@anamp- δέ@b δοκέω@vnpa-- ἔχω@vnpa-- ὀδούς@nampc φιλόλογος@andmp- μόνος@andmp- ἀγαθός@annns- ὡς@cs γάρ@b ἀπό@p χρύσεος@angmp- φθέγγομαι@vipe3p ὁ@dgmp ὀδούς@ngmpc ὁ@ddmp δέ@b ἄλλος@rpdmp πυρκαϊά@nafpc εἰμί@vifm3s κατά@p ὁ@dams οἶκος@namsc σημαίνω@vipa3s κηρίνος@anamp- δέ@b δοκέω@vnpa-- ἔχω@vnpa-- ὀδούς@nampc σύντομος@anams- παρίστημι@vipa3s θάνατος@namsc οὐ@b γάρ@b εἰμί@vipa3p ὁ@dnmp τοιοῦτος@rpnmp τροφή@ngfsc τμητικός@annmp- μολυβδίνος@anamp- δέ@b ἔχω@vnpa-- κασσιτέρινος@anamp- ἀτιμία@nafsc καί@cs αἰσχύνη@nafsc σημαίνω@vipa3s ὑάλινος@anamp- δέ@cs ἤ1@cs ξύλινος@anamp- βίαιος@anamp- ἐπάγω@vipa3s θάνατος@nampc ἀργύρεος@annmp- δέ@b ὀδών@nnmpc χρῆμα@nanpc πορίζω@vnaa-- σημαίνω@vipa3p διά@p λόγος@ngmpc πλούσιος@andmp- δέ@cs εἰς@p τροφή@nafpc ὁ@danp χρῆμα@nanpc δαπανάω@vnaa-- εἰ@cs δέ@b τις@rpnms ἐκβάλλω@vpaanms ὁ@damp πρότερος@anamp- ὀδούς@nampc ἄλλος@rpamp ἀναφύω@vnpe-- νομίζω@voaa3s ἀλλαγή@nafsc αὐτός@rpdms ὁ@dgms πᾶς@angms- βίος@ngmsc σημαίνω@vipa3s ὁ@dnns ὄναρ@nnnsc ἐπί@p μέν@b ὁ@dans κρείσσων@anansc ἐάν@cs εἰμί@vspa3p ὁ@dnmp δεύτερος@annmp- ὀδών@nnmpc ὁ@dgmp πρότερος@angmp- βελτίων@annmpc ἐπί@p δέ@b ὁ@dans χείρων@anansc ἐάν@cs εἰμί@vspa3p χείρων@annmpc σαρκίον@nnfsc δέ@b ἤ1@b ἀκάνθιον@nanpc ἤ1@cs ἄλλος@anans- τις@rpans δοκέω@vnpa-- ἐν@p ὁ@ddmp ὀδούς@ndmpc ἔχω@vnpa-- κωλύω@vipa3s φθέγγομαι@vnpe-- περί@p τις@angnp- ἀναγκαῖος@angnp- ἔτι@b καί@cs ἀπραξία@nafsc προαγορεύω@vipa3s εἰ@cs δέ@b τις@rpnms τοιοῦτος@rpanp τις@rpacs ἐν@p ὁ@ddmp ὀδούς@ndmpc ἔχω@vppanms ὅδε@rpanp ἐξαιρέω@vnpa-- νομίζω@voaa3s παύω@vifm3s ἀπραγέω@vppanms καί@cs τις@rpans διά@p λόγος@ngmsc πρᾶξις@vifa3s"
"Oneir._1.32","γλῶσσα@nafsp σύμμετρος@anafs- ἔχω@vnpa-- καί@cs πρόσφορος@anafs- ὁ@ddns στόμα@ndnsc καί@cs τρανός@anams- φθέγγομαι@vnpe-- πᾶς@andmp- ἀγαθός@anams- ὁ@dnns δέ@b μή@b δύναμαι@vnpe-- φθέγγομαι@vnpe-- ἤ1@cs ὁ@dafs γλῶσσα@nafsc δέω1@vpreafs ἔχω@vnpa-- ἀπραξία@nafsc ἅμα@b καί@cs πενία@nafsc σημαίνω@vipa3s παραιρέω@vipe3s γάρ@b καί@b ὁ@dafs ὁ@dgmp λόγος@ngmpc παρρησία@nafsc ὁ@dnfs πενία@nnfsc εἶπον@voaa3s δέ@b ἄν@b τις@rpnms ἐνταῦθα@b καί@b ὁ@dans θεόγνις@ngfsp πᾶς@annms- γάρ@b ἀνήρ@nnmsc πενία@ndfsc δαμάζω@vprenms οὐ@b τε@cs τις@rpans εἶπον@vnaa-- οὔτε@b ἔρδω@vnaa-- δύναμαι@vipe3s γλῶσσα@nnfsc δέ@x ὁ@rpdms δέω@vire3s γλῶσσα@nnfsc δέ@b οἰδέω@vpaanfs γυνή@ndfsc ὁ@ddfs ὁ@dgms εἶδον@vpaagms νόσος@nafsc σημαίνω@vipa3s ἐάν@cs ἔχω@vspa3s εἰ@cs δέ@b μή@b αὐτός@rpdms καί@b ὑπέρ@p ὁ@dans στόμα@nansc πίπτω@vppanfs ἀπό@p προπέτεια@ngfsc λόγος@ngmpc βλάβη@nafsc σημαίνω@vipa3s πολλάκις@b δέ@cs καί@b ὁ@dafs γυνή@nafsc ὁ@dgms εἶδον@vpaagms μοιχάς@nafsc εἰμί@vppaafs διαβάλλω@viaa3s ὁ@dnns δέ@b δοκέω@vnpa-- θρίξ@nafpc ἔχω@vnpa-- ἐκ@p ὁ@dgfs γλῶσσα@ngfsc φύω@vpraafp εἰ@cs τε@cs λευκός@anafp- εἰ@cs τε@cs μέλας@anafp- οὐ@b ἀγαθός@annns- ἄν@b εἰμί@vopa3s καίτοι@b λέγω3@vipa3p ὁ@ddmp ἀπό@p λόγος@ngmpc πορίζω@vppedmp ἀγαθός@anans- εἰμί@vnpa-- ἐγώ@rpnmp δέ@b τηρέω@viaa1p πᾶς@andmp- κακός@anafs- ὁ@dans τοιοῦτος@rpans γίγνομαι@vpamans οὐδείς@rpnns γάρ@b ὁ@dgfp μή@b ἀργός2@angnp- καί@cs ἀτριβής@ngfpc φύω@vipa3s θρίξ@nafpc δεῖ@vipa3s δέ@b ὁ@dafs γλῶσσα@nafsc μή@b ἀργός2@nafsc ἔχω@vnpa-- καί@cs ὁ@dnfp μέλας@annfp- μέν@b ταχύς@anansc ἐπάγω@vipa3p ὁ@dnfp δέ@cs λευκός@annfp- βραδύς@viia3p ὁ@danp ἀποτέλεσμα@nanpc ὅσος@ananp- δέ@b τηρέω@viaa1s περί@p ὁ@dgms ὄνειρος@ngmsc οὗτος@angms- οὗτος@rpanp γράφω@vipa1s ὁ@ddmp μέν@b διά@p φωνή@ngfsc ἐργάζομαι@vppedmp σχολή@nafsc πρός@p λόγος@nampc ὁ@dnfs γλῶσσα@nnfsc ἔχω@viaa3s ὁ@ddmp δέ@cs λοιπός@andmp- πρός@p τροφή@nafpc ἤ1@b γάρ@b νοσέω@viaa3p πολύς@andms- χρόνος@ndmsc καί@cs οὐ@b χράω2@viam3p ὁ@ddfp κατά@p ὁ@dans ἔθος@nansc τροφή@ndfpc ἤ1@cs ἤδη@b νοσέω@vpaanmp ἀποθνήσκω@viaa3p μαρτυρέω@voaa3s δέ@b ἄν@b καί@b ἀπολλώνιος@nnmsp ὁ@dnms ἀτταλεὺς@nnmsp ἐν@p ὁ@ddms δεύτερος@andms- ὁ@dgfs ἑαυτοῦ@rpgms σύνταξις@ngfsc πολύς@ananp- περί@p ὁ@dgms ὄνειρος@ngmsc οὗτος@angms- λέγω3@vppanms οὐδείς@rpans δέ@b διαφέρω@vipa3s ἐκ@p αὐτός@angfs- ὁ@dgfs γλῶσσα@ngfsc φύω@vnra-- ὁ@dafp θρίξ@nafpc ἤ1@b ἐκ@p ὁ@dgfs ὑπερῷα@ngfsc ἤ1@b ἐκ@p ὁ@dgnp οὖλον@ngnpc ἐκ@p ὁ@dgmp ὀδούς@ngmpc ἤ1@cs ἐκ@p ὁ@dgfp χειλή@ngfpc ὁ@dans γάρ@b αὐτός@rpans σημαίνω@vifa3p"
"Oneir._1.33","αἷμα@nnmsp ἐμέω@rpdmp πολύς@anans- μέν@b καί@b εὔχροος@anams- καί@cs μή@b διαφθείρω@annms- ἀγαθός@annns- πένης@ndmsc πρόσκτησις@nafsc γάρ@b σημαίνω@vipa3s καί@cs περιουσία@nafsc χρῆμα@ngnpc ὅτι@cs ὁ@dams ἴσος@anams- ἔχω@vipa3s λόγος@namsc ὁ@ddns αἷμα@ndnsc ὁ@dnns ἀργύριον@nnnsc ὡς@cs καί@b ὁ@dnmp παλαιός@annmp- ἀνήρ@nnmpc σοφός@annmp- διαλαμβάνω@viaa3p ἀγαθός@annns- δέ@b καί@b ἄπαις@ndmsc καί@cs ὁ@ddms συγγενής@ananp- ἀπόδημος@anams- ἔχω@vppadms ὁ@dnms μέν@b γάρ@b τέκνον@nansc γίγνομαι@vpamans ὁ@dnms δέ@cs συγγενής@namsc ἀνακομίζω@vpapams ἀπό@p ὁ@dgns αὐτός@rpgns αἷμα@ngnsc εἰμί@vppaamp ἑκάτερος@anamp- ὁράω@vifm3p ἀλλά@b εἰ@cs μέν@b εἰς@p ἀγγεῖον@nansc ῥέω@vopa3s ὁ@dnns αἷμα@nnnsc τρέφω@vifm3s μέν@b ὁ@dnms παῖς@nncsc ζάω@vifm3s δέ@cs καί@b ὁ@dnms ἀπόδημος@annms- μετά@p ὁ@dafs ἀνακομιδή@nafsc εἰ@cs δέ@b χαμαί@b ῥέω@vopa3s ἀμφότερος@annmp- θνῄσκω@vite3s καί@cs ὁ@dnms ἀπόδημος@annms- εἰς@p ὁ@dafs ἑαυτοῦ@rpgms πορεύω@vifm3s οὗτος@rpnns εἰμί@vipa3s εἰς@p ὁ@dafs γῆ@nafsc ὅστις@rpnfs εἰμί@vipa3s κοινός@annfs- πᾶς@angmp- πατρίς@nnfsc αἷμα@nansc φέρω@vppeans εἶδον@vnaa-- ἄτοπος@annns- ὁ@ddms λανθάνω@vnpa-- βούλομαι@vppedms ἐλέγχω@vifp3s γάρ@b ὁ@dnns δέ@x διαφθείρω@vpranns αἷμα@nnnsc πᾶς@andmp- ἐπίσης@vpaagfs νόσος@nafsc σημαίνω@vipa3s ὁ@dans δέ@b ὀλίγος@anans- σφόδρα@b ὥστε@cs μή@b ἐμέω@vnpa-- δοκέω@vnpa-- ἀλλά@cs πτύω@vnpa-- πρός@p ὁ@damp οἰκεῖος@anamp- τηρέω@viaa1p στάσις@nafsc σημαίνω@vppaans χολή@nafsc δέ@b φλέγμα@nnnsc ἐμέω@rpdcs ὁ@ddns μέν@b εἰμί@vppadms ἐν@p συμφορά@ndfsc τις@rpdfs ἀνία@annfs- ἤ1@cs νόσος@ndfsc ἀνάπαυλα@nafsc ὁ@dgnp ἐνίστημι@vpragnp σημαίνω@vipa3s κακός@angnp- πᾶς@annnp- γάρ@b ὁ@dnnp τοιοῦτος@rpnnp ἀποκρίνω@vpapnnp οὐκέτι@b ἐνοχλέω@vipa3s ὁ@ddms δέ@b κατά@p προαίρεσις@nafsc ἀναστρέφω@vppedms πρότερος@anans- ἐπάγω@vipa3s τις@rpans ὁ@dgnp δεινός@angnp- καί@cs τότε@b ἀπαλλάσσω@vipa3s τροφή@nafsc δέ@b ἐμέω@rpdcs βλάβη@nafsc σημαίνω@vipa3s ὁστισοῦν@rpafs διά@p ὁ@dafs ὁ@dgns σῶμα@ngnsc ἀτροφία@nafsc ὁ@danp δέ@b ἑαυτοῦ@rpgms ἔντερον@ananp- σπλάγχνον@nanpc διά@p ὁ@dgns στόμα@ngnsc ἀποκρίνω@vnpa-- τέκνον@ngnpc ὄλεθρος@namsc καί@cs ἀνήρ@ndmsc καί@cs γυνή@ndfsc προαγορεύω@vipa3s ὁ@ddnp δέ@b ἄπαις@ndfpc ὁ@dgnp εἰμί@vppagnp αὐτός@rpdmp ὁ@dans κράτιστος@anans- ἀπόλλυμι@vnaa-- σημαίνω@vipa3s νοσέω@vppadms δέ@b θάνατος@namsc μαντεύομαι@vipe3s ὁ@dnns ὄναρ@nnnsc οὗτος@angnp- ὁ@dafp αἰτία@nafpc ὁ@dnms ἔπειμι1@vppanms παρέχω@vifa3s λόγος@nnmsc"
"Oneir._1.34","ὅς@rpans τις@anans- δέ@b ἄν@b περί@p ὁ@dams τράχηλος@namsc ἤ1@cs ὁ@dafs ὑπήνη@nafsc ἕλκος@nansc ἤ1@cs πάθος@nansc ὄναρ@nansc ἔχω@vnpa-- νομίζω@vsaa3s τις@rpnms νόσος@nafsc ἐπίσης@vpaagfs πᾶς@andmp- προαγορεύω@vipa3s ἐξήρτημαι@vire3s γάρ@b τρόπος@namsc τις@rpacs ὁ@dgfs κεφαλή@ngfsc καί@cs ὁ@dgms τράχηλος@ngmsc πᾶς@annns- ὁ@dnns σῶμα@nnnsc καί@cs οὗτος@rpgnp ἐρρωμένος@vppegnp μέν@b ῥώννυμι@vire3s κάμνω@vppagnp δέ@b νοσέω@vipa3s τε@cs καί@cs οὐ@b ῥώννυμι@vire3s"
"Oneir._1.35","ἀφαιρέω@vnre-- δέ@b δοκέω@vnpa-- ὁ@dgfs κεφαλή@ngfsc εἰ@cs τε@cs ἐκ@p καταδίκη@ngfsc εἰ@cs τε@cs ὑπό@p ληιστής@ngmpc εἰ@cs τε@cs ἐν@p μονομαχία@ndfsc εἰ@cs τε@cs ὅστις@b τρόπος@ndmsc οὐ@b γάρ@b διαφέρω@vipa3s πονηρός@anans- ὁ@ddms γονεύς@nampc ἔχω@vppadms καί@cs ὁ@ddms τέκνον@nanpc γονεύς@ndmpc μέν@b γάρ@b ἔοικα@vira3s ὁ@dnfs κεφαλή@nnfsc διά@p ὁ@dans ὁ@dgns ζάω@vnpa-- αἰτία@nafsc εἰμί@vnpa-- τέκνον@ndnpc δέ@b διά@p ὁ@dans πρόσωπον@nansc καί@cs ὁ@dafs εἰκών@nafsc ἤδη@b δέ@b τις@rpnfp καί@b γυνή@ngfsc καί@b φίλος@angms- καί@cs οἰκονόμος@ngmsc ἀγαθός@angms- ἐπί@p οὗτος@andms- ὁ@ddms ὄνειρος@ndmsc στερέω@viap3p καί@cs οὐκέτι@b ἔχω@viaa3p ὁ@dans ἐπιβλέπω@vppaans ὁ@danp κτῆμα@nanpc πρόσωπον@nansc καί@b τις@rpnms οἰκία@nafsc ἔχω@vppanms ἀπόλλυμι@viaa3s ὁ@dafs οἰκία@nafsc καί@cs γάρ@b ὁ@dnfs κεφαλή@nnfsc ὡς@cs εἶπον@vnaa-- οἶκος@nnmsc εἰμί@vipa3s ὁ@dgfp αἴσθησις@ngfpc εἰ@cs δέ@b τις@rpnms ὁμοῦ@b πᾶς@ananp- οὗτος@rpanp ἔχω@vopa3s φανερός@annns- ὅτι@cs μή@b εἰς@p πᾶς@anams- ἀποβαίνω@vifm3s ὁ@dnns ὄναρ@nnnsc ἀλλά@cs ὡς@cs ἐγώ@rpnms τηρέω@viaa1s εἰς@p ὁ@dams μᾶλλον@b σπουδάζω@vpreams καί@b φιλέω@vppeams καί@cs ἀναγκαῖος@anams- εἰμί@vppaams ὁ@ddms εἶδον@vpaadms ἀγαθός@annns- δέ@b ὁ@dnns ὄναρ@nnnsc οὗτος@rpnns ὁ@ddms φεύγω@vppadms θάνατος@ngmsc δίκη@nafsc ὅσος@annnp- γάρ@b ἅπαξ@b περί@p τις@rpanp γίγνομαι@vipe3s καί@cs ἀδύνατος@annns- εἰμί@vipa3s δίς@b αὐτός@rpanp γίγνομαι@vnam-- οὗτος@rpnnp ὄναρ@annnp- γίγνομαι@vpamnnp οὐκέτι@b εἰμί@vifm3s φθάνω@viaa3s γάρ@x γίγνομαι@vnam-- τραπεζίτης@ndmpc δέ@b καί@b δανειστής@ndmpc καί@b ἐρανάρχης@ndmpc καί@b ναύκληρος@ndmpc καί@b ἔμπορος@ndmpc καί@cs πᾶς@andmp- ὁ@ddmp χρῆμα@nanpc συνάγω@vppadmp ἀπώλεια@nafsc ὁ@dgnp κεφάλαιος@angnp- διά@p ὁ@dans ὁμώνυμος@anans- σημαίνω@vipa3s ἀγαθός@anans- δέ@b καταχρέομαι@vopa2s διά@p ὁ@danp αὐτός@rpanp ὁ@dnms δέ@b ἐπί@p ξένη@angfs- εἰμί@vppanms εἰς@p ὁ@dafs ἑαυτοῦ@rpgms κατέρχομαι@voaa3s ἄν@b καί@cs ὁ@dnms περί@p γῆ@ngfsc δίκη@nafsc ἔχω@vppanms νικάω@vifa3s ἀφαιρέω@vpapnfs γάρ@b ὁ@dnfs κεφαλή@nnfsc εἰς@p ὁ@dafs γῆ@nafsc πίπτω@vipa3s καί@cs ἐν@p αὐτός@rpdfs μένω@vipa3s καί@cs ὁ@ddns λοιπός@andns- σῶμα@ndnsc παρέχω@vipa3s ὁ@dans μηκέτι@b λυπέω@vnpe-- δοῦλος@ndmsc δέ@b ἐν@p πίστις@ndfsc μέν@b εἰμί@vppadms ὁ@dgfs πίστις@ngfsc παραλύω@vnap-- σημαίνω@vipa3s οὐ@b γάρ@b τις@rpncs πρό@p κατάγνωσις@ngfsc τραχηλοκοπέω@vipe3s ἤ1@cs ὅτι@cs μή@b ἔχω@vppanms κεφαλή@nafsc οὐ@b πιστεύω@vipe3s ἀκέφαλος@vmaa2s γάρ@b λέγω3@vipa1p ὁ@dams ἄτιμος@anams- ὁ@ddmp δέ@b λοιπός@andmp- πᾶς@andmp- ἐλευθερία@nafsc σημαίνω@vipa3s ὁ@dnns ὄναρ@nnnsc κύριος@annfs- γάρ@b ὁ@dgns σῶμα@ngnsc εἰμί@vppanfs ὁ@dnfs κεφαλή@nnfsc ἐπειδάν@cs ἀφαιρέω@vsap3s χωρίζω@vpapams ὁ@dgms δεσπότης@ngmsc ὁ@dams οἰκέτης@namsc ἐλεύθερος@anams- σημαίνω@vnfm-- πολύς@annmp- δέ@b αὐτός@rpans μόνος@anans- πιπράσκω@viaa3p ἐν@p δέ@b ὁ@ddfp περί@p ἐπιτιμία@ngfsc ἤ1@cs χρῆμα@ngnpc δίκη@ndfpc δίκη@nafsc μαντεύομαι@vipe3s ὁ@dnns ὄναρ@nnnsc καί@cs ὁ@dnfs αἰτία@nnfsc φανερός@annfs- εἰ@cs δέ@b τις@rpnms πλέω@vppanms εἶδον@voaa3s ὁ@dams ὄνειρος@namsc οὗτος@anams- ἀπόλλυμι@vnfm-- ὁ@dgns πλοῖον@ngnsc ὁ@dafs ἱστοκέραος@anafs- σημαίνω@vipa3s εἰ@cs μή@b ὁ@dgmp ναύτης@ngmpc τις@rpnms εἰμί@vopa3s ὁ@dnms ὁράω@vpranms ἐπί@p γάρ@b οὗτος@rpgnp τηρέω@viaa1s ὁ@ddmp ἄρχω@vppadmp θάνατος@namsc σημαίνω@vpfaams ἄρχω@vipa3s δέ@b περίνεως@ngnsc μέν@b ὁ@dnms τοίχαρχος@nnmsc τοιχάρχης@ngmsc δέ@b ὁ@dnms πρῳρεύς@nnmsc πρῳρέω@b δέ@b ὁ@dnms κυβερνήτης@nnmsc κυβερνήτης@ngmsc δέ@cs ὁ@dnms ναύκληρος@nnmsc ἐπί@p δέ@b ὁ@dgmp ἔμπορος@angmp- καί@cs ἐπιβάτης@angmp- κεφαλή@nafsc ἄν@b τις@rpnms λέγω3@vopa3s ὁ@dafs ἱστοκέραος@anafs- οἶδα@vira1s δέ@b τις@rpams ὅς@rpnms δοκέω@viaa3s τραχηλοκοπέω@vnre-- καί@b εἰμί@rpgnp ἕλλην@nafsp τυγχάνω@viaa3s ὁ@dgfs ῥωμαῖος@ngmpp πολιτεία@ngfsc καί@cs οὕτως@b ἀφαιρέω@viap3s ὁ@dgns πρότερος@angns- ὄνομα@ngnsc τε@b καί@cs ἀξίωμα@ngnsc δύο@ δέ@b ἔχω@vnpa-- κεφαλή@nafpc ἤ1@cs τρεῖς@ ἀγαθός@annns- ἀθλητής@ndfsc τοσοῦτος@rpamp γάρ@b ἀγών@nampc στεφανόω@vifp3s ἀγαθός@annns- δέ@b καί@b πένης@ndmsc πρός@p γάρ@b ὁ@ddns πολύς@ananp- κεφάλαιος@nanpc κτάομαι@vnam-- καί@cs οὐσία@nafsc περιβάλλω@vnpe-- πολύς@anafs- καί@b παῖς@nncpc αὐτός@rpdms ἀγαθός@annmp- καί@cs γυνή@nnfsc καταθύμιος@annfs- εἰμί@vifm3s πλούσιος@andms- δέ@b ἐπανάστασις@nafsc σημαίνω@vipa3s ἐκ@p τις@rpgmp συγγενής@angmp- καί@b ἐάν@cs μέν@b ὁ@dnfs πρότερος@annfs- ὑπερέχω@vspa3s κεφαλή@nnfsc οὐ@b καθαιρέω@vifa3p αὐτός@rpams ὁ@dnmp ἐπανίστημι@vpaanmp ἐάν@cs δέ@cs ὑπερέχω@vspe3s κίνδυνος@namsc αὐτός@rpdms καί@cs θάνατος@namsc σημαίνω@vipa3s"
"Oneir._1.36","ἀποστρέφω@vpreafs εἶδον@vnaa-- ὁ@dafs ἑαυτοῦ@rpgms κεφαλή@nafsc ὥστε@cs ὁ@danp ὀπίσω@b βλέπω@vnpa-- κωλύω@vipa3s μέν@b ὁ@dgfs ἑαυτοῦ@rpgms μετανίστημι@vnpe-- πατρίς@ngfsc μετάνοια@nafsc ἐπί@p ὁ@ddfs ἀποδημία@ndfsc προαγορεύω@vppaans κωλύω@vipa3s δέ@b καί@b πᾶς@anans- ὁτιοῦν@rpans πράσσω@vnpa-- ἄλλος@rpans οὐ@b γάρ@b ὁ@danp νῦν@b χαρίζομαι@vpreanp ἀλλά@cs ὁ@danp μέλλω@vppaanp βλέπω@vnpa-- κελεύω@vipa3s ὁ@ddmp δέ@b ἐπί@p ξένη@ngfsc εἰμί@vppadmp ὁ@dafs εἰς@p οἶκος@namsc ἀνακομιδή@nafsc προαγορεύω@vipa3s ὀψέ@b καί@cs παρά@p προσδοκία@nafsc εἶδον@vnaa-- γάρ@b καί@b παρά@p δύναμις@nafsc σημαίνω@vipa3s ὁ@dafs οἰκεῖος@anafs-"
"Oneir._1.37","λέων@ngmsp καί@cs λύκος@ngmsc καί@cs πάρδαλις@ngfsc καί@cs ἐλέφας@ngmsc κεφαλή@nafsc δοκέω@vnpa-- ἔχω@vnpa-- ἀντί@p ὁ@dgfs ἑαυτοῦ@rpgms ἀγαθός@anans- μέγας@andnpc γάρ@b ἤ1@cs κατά@p ’@p ἑαυτοῦ@rpams ἐγχειρέω@vpaanms ὁ@dnms εἶδον@vpaanms πρᾶγμα@ndnpc ἐπί@p οὗτος@rpdnp νίκη@ngfsc τυγχάνω@vifm3s καί@cs περιγίγνομαι@vpamnms ὠφελέω@vifp3s πολύς@ananp- φοβερός@annms- μέν@b ὁ@ddnp ἐναντίος@andnp- ἐπαχθής@annms- δέ@b ὁ@ddnp ἴδιος@andnp- γίγνομαι@vpamnms πολύς@annmp- δέ@b καί@b ἐπί@p ἀρχή@nafpc καί@cs ἡγεμονία@nafpc ὁρμάω@vpaanmp ἐπί@p οὗτος@rpdnp τυγχάνω@viaa3p κύων@ngmsc δέ@b ἤ1@cs ἵππος@ngmsc ἤ1@cs ὄνος@ngmsc τις@rpgcs ὁ@dgnp ἄλλος@rpgnp τετράπους@ngnpc ἤ1@cs πετεινόν@ngnsc κεφαλή@nafsc δοκέω@vnpa-- ἔχω@vnpa-- ἀντί@p ὁ@dgfs ἑαυτοῦ@rpgms εἰ@cs μέν@b τετράπους@angfs- δουλεία@nafsc καί@cs ταλαιπωρία@nafsc σημαίνω@vipa3s εἰ@cs δέ@b τις@rpgns ὁ@dgnp πετεινόν@ngnpc ὁ@dans μή@b μένω@vnaa-- ἐν@p ὁ@ddnp οἰκεῖος@andnp- χωρίον@ndnpc ἤ1@cs διά@p ὁ@dafs πτῆσις@nafsc ὅτι@cs ὁ@dnnp ὀρνιθογενής@annnp- οὐ@b μένω@vipa3s παρά@p ὁ@ddmp γονεύς@ndmpc"
"Oneir._1.38","ἐν@p ὁ@ddfp χείρ@ndfpc ὁ@dafs κεφαλή@nafsc ἔχω@vnpa-- ὁ@dafs ἑαυτοῦ@rpgms ἀγαθός@anafs- ἄπαις@andms- καί@b ἀγάμως@andms- καί@cs ὁ@ddms ἀπόδημος@anams- προσδέχομαι@vppedms εἰ@cs δέ@b τις@rpnms τημελέω@voaa3s ὁ@dafs κεφαλή@nafsc οἰκονομέω@vifa3s τις@rpans ὁ@dgnp περί@p αὐτός@rpams κακός@b ἔχω@vppagnp καί@cs διάλυσις@vifa3s τις@rpans ὁ@dgnp ἐν@p ὁ@ddms βίος@ndmsc μοχθηρός@ngnpc ὁ@dans δέ@b αὐτός@rpans σημαίνω@vipa3s καί@b εἰ@cs τις@rpnms ἅμα@b κρατέω@vppanms ὁ@ddfp χείρ@ndfpc ὁ@dafs ἑαυτοῦ@rpgms κεφαλή@nafsc ἕτερος@anafs- ἔχω@vnpa-- νομίζω@voaa3s ὁ@dgfs κατά@p φύσις@nafsc"
"Oneir._1.39","κέρας@nanpp ἔχω@vnpa-- προσφύω@vpraams βοῦς@ng-sc ἤ1@cs ἄλλος@angns- τις@rpgns ζῷον@ngnsc βίαιος@angns- ἐπάγω@vipa3s βίαιος@anamp- θάνατος@nampc ὡς@cs δέ@b ἐπί@p ὁ@dans πολύς@anans- τραχηλοκοπέω@vnap-- ὁ@dams εἶδον@vpaaams σημαίνω@vipa3s οὗτος@rpnns γάρ@b καί@b ὁ@ddnp κέρας@nanpc φορέω@vppadnp ζῷον@ndnpc συμβαίνω@vipa3s"
"Oneir._1.40","ὦμος@i παχύς@annmp- καί@cs εὔσαρκος@annmp- πᾶς@andnp- ἀγαθός@annmp- πλήν@p ὁ@dgnp ἐν@p δεσμός@ndmpc εἰμί@vppagnp καί@cs εἱρκτή@ndfsc εὐανδρία@nafsc γάρ@b καί@cs εὐπραξία@nafsc σημαίνω@vppanmp οὗτος@rpdmp μόνος@andmp- εἰμί@vipa3p πονηρός@annmp- πλείων@andmsc γάρ@b χρόνος@ndmsc ὑπομένω@vifa3p ὁ@danp δεινός@ananp- ὡς@b ἔτι@b ὁ@dgmp ὦμος@ngmpc ἀντέχω@vnpa-- δύναμαι@vppegmp εἰ@cs δέ@b τις@rpans πάσχω@voaa3p ὁ@dnmp ὦμος@nnmpc ὁ@danp ἐναντίος@ananp- ὁ@ddnp προερέω@vprednp σημαίνω@vipa3p πολλάκις@b δέ@cs καί@b ἀδελφός@ngmsc θάνατος@namsc ἤ1@cs νόσος@nafsc καί@b γάρ@b ὁ@dnmp ὦμος@rpdms ἀδελφός@nnmpc εἰμί@vipa3p ἀλλήλων@rpgmp"
"Oneir._1.41","στῆθος@nnnsp ὑγιής@annns- καί@cs ἀπαθής@annns- ἀγαθός@annns- ὁ@dnns δέ@b λάσιος@nnnsc καί@cs πυκνόω@vprenns θρίξ@ndmpc ἀνήρ@ndmpc μέν@b ἀγαθός@annns- καί@cs κερδαλέος@annns- γυνή@ndfpc δέ@b χηρεία@nafsc μαντεύομαι@vipe3s ἀμελής@anansc γάρ@b διάγω@vipa3p καί@cs δασύνω@vipe3p ἐπειδάν@cs μή@b πάρειμι@vspa3s διά@p ὅς@rpams ἀσκέω@vipa3p ὁ@danp σῶμα@nanpc ἀγαθός@annmp- δέ@b καί@b ὁ@dnmp μαστός@nnmpc πᾶς@angfs- ἐκτός@p εἰμί@vppanmp αἰκία@ngfsc εἰ@cs δέ@b καί@b μέγας@anansc τις@rpdns γίγνομαι@vope3p ὁ@dnns εὔρυθμος@nnnsc καί@cs χάρις@nansc φυλάσσω@vppanmp τέκνον@ngnpc ἅμα@b καί@cs σῶμα@ngnpc ἐπίκτησις@nafsc προαγορεύω@vipa3p πάσχω@vpaanmp δέ@b τις@rpans καί@cs οἷος@anans- ἁλίσκομαι@vprenmp νόσος@nafsc σημαίνω@vipa3p ἀποπίπτω@vppanmp δέ@cs θάνατος@namsc παῖς@ndcpc ὁ@dgms εἶδον@vpaagms οὐ@b εἰμί@vppagmp δέ@b παῖς@ngmpc ἀπορία@ngfsc εἰμί@vipa3p σημαντικός@annmp- πολλάκις@b δέ@cs καί@cs πένθος@ngnsc μάλιστα@b δέ@b γυνή@ndfpc οὗτος@rpnfp γάρ@b ἐν@p ὁ@ddns πένθος@ndnsc καί@cs ὁ@damp μαστός@nampc λωβάομαι@vipe3p τροφός@ndmsc δέ@b εἰ@cs τέκνον@nansc ἔχω@vopa3s εἰς@p ὁ@dans τρέφω@vppeans ἀποβαίνω@vifm3s πολύς@anamp- δέ@b ἔχω@vnpa-- μαστός@nampc ὁ@dnns αὐτός@rpnns σημαίνω@vipa3s ὁ@ddns δοκέω@vnpa-- ὁ@damp εἰμί@vppaamp μέγας@anampc γίγνομαι@vnra-- γυνή@ndfsc δέ@cs καί@b μοιχεία@nafsc τιτρώσκω@vnpe-- δέ@b κατά@p ὁ@dans στῆθος@nansc ὑπό@p ὅστις@angns- γνώριμος@angms- λυπηρός@anafs- ἀκούω@vnaa-- ποθεν@b ἀγγελία@nafsc σημαίνω@vipa3s ὁ@ddmp πρεσβύτης@ndmpc νέος@andmp- δέ@b καί@cs ἀνήρ@ndmpc καί@cs γυνή@ndfpc ἔρως@namsc δηλόω@vipa3s"
"Oneir._1.42","χείρ@nnfpp εὔτονος@annfp- καί@cs καλός@annfp- εὐπραξία@nafsc σημαίνω@vipa3p μάλιστα@b χειροτέχνης@ndfpc καί@cs ὁ@ddmp διά@p δόσις@ngfsc καί@cs λῆψις@ngfsc πορίζω@vppedmp φοβέω@vppedms δέ@b δέω1@vnap-- οὐ@b ἄφοβος@annns- ὁ@dnns ὄναρ@nnnsc ἤδη@b δέ@b κατά@p μέρος@nansc περί@p ὁ@dgfp χείρ@ngfpc ἐρέω@vifa1s ὅς@rpans τις@anans- ἄν@b ὁ@dnmp βραχίων@nnmpc πάσχω@vsaa3p πένθος@nansc σημαίνω@vipa3p ὅς@rpans τις@anans- δέ@b ἄν@b ὁ@rpdms πῆχυς@viia2s παραλύω@vipa3p ὁ@dgnp ἐν@p χείρ@ndfpc πρᾶγμα@ngnpc καί@cs ὁ@dgmp ὑπηρετέω@vppagmp στερίσκω@vipa3p ἀκούω@viaa1s δέ@b τις@rpgcs ὁ@dgnp περί@p οὗτος@rpanp δεινός@angnp- λόγος@namsc λέγω3@vppagms ἐγώ@rpdcs μέν@b ἀρέσκω@vppaams ἐπεί@cs καί@b ὁ@ddfp ἀπόβασις@ndfpc ἀκόλουθος@anams- εἰμί@vppaams εὑρίσκω@viaa1s αὐτός@rpams εἰ@cs δέ@b τις@rpdms μή@b πιθανός@ananp- δοκέω@vipa1s λέγω3@vnpa-- ὅς@rpdnp ἀρέσκω@vipe3s χράω2@vmpe3s σημαίνω@vnpa-- γάρ@b φημί@viia3s ὁ@dafs μέν@b δεξιός@anafs- χείρ@nafsc ὁ@danp πορίζω@vppeanp ὁ@dafs δέ@b εὐώνυμος@anafs- ὁ@danp πορίζω@vpreanp ὁ@dnfs μέν@b γάρ@b πρός@p ὁ@dans λαμβάνω@vnaa-- ἑτοῖμος@annfs- ὁ@dnfs δέ@b ἐπιτήδειος@annms- πρός@p ὁ@dans φυλάσσω@vnaa-- εἰμί@vipa3s δέ@b παλαιός@annfs- διαίρεσις@nnfsc καί@cs ἀληθής@annfs- καί@cs ὅδε@rpnfs σημαίνω@vipa3s ὁ@dnfs μέν@b δεξιός@annfs- χείρ@nnfsc υἱός@namsc πατήρ@namsc φίλος@anams- καί@cs ὅς@rpams ἐν@p ὁ@ddfs συνήθεια@ndfsc καταχράομαι@vppenmp λέγω3@vipa1p ὅτι@cs ὁ@dnfs δεξιός@annfs- χείρ@nnfsc εἰμί@vipa3s ὁ@dgms δεῖνα@rpgms ὁ@dnfs δέ@b εὐώνυμος@annfs- γυνή@nafsc μήτηρ@nafsc ἀδελφή@nafsc θυγάτηρ@nafsc δούλη@nafsc ὁπότερος@angfs- οὖν@b ἄν@cs τις@rpnms δόξα@vsaa3s ἀφαιρέω@vnre-- στερέω@vifp3s τις@rpgns ὁ@dgnp ὑπό@p αὐτός@rpgfs σημαίνω@vppegnp κοινῇ@b δέ@b ὁ@dnfp χείρ@nnfpc ἀμφότερος@annfp- σημαίνω@vipa3p τέχνη@nafpc χειρόγραφος@ananp- λόγος@nampc τέχνη@nafpc μέν@b ἐπεί@cs διά@p χείρ@ngfpc ὁ@dnfp τέχνη@nnfpc χειρόγραφος@nanpc δέ@b ὅτι@cs καί@b αὐτός@rpanp χείρ@nnfpc λέγω3@vipe3p λόγος@nampc δέ@b ἐπεί@cs ἅμα@p ὁ@ddmp λόγος@ndmpc ὁ@dnfp χείρ@nnfpc κινέω@vipe3p ὅτι@cs μέν@b γάρ@b ναύτης@ndmpc καί@b ὀρχηστής@ndmpc καί@cs θαυματοποιός@andmp- μή@b ἔχω@vnpa-- χείρ@nafpc οὐ@b ἀγαθός@annns- ἐπεί@cs ἄνευ@p οὗτος@rpgnp οὐ@b οἷος@annmp- τε@b εἰμί@vipa3p ἐργάζομαι@vnpe-- δῆλος@annns- δήπουθεν@b εἰμί@vipa3s πᾶς@andmp- δάκτυλος@nnmpp χείρ@ngfpc ἀποβάλλω@vppenmp πᾶς@annmp- ἤ1@cs ἐκ@p μέρος@ngnsc βλάβη@nafpc σημαίνω@vipa3p καί@cs ὑπηρέτης@ngmpc ἀπώλεια@nafsc γραφεύς@ndmpc δέ@b καί@cs φιλόλογος@andmp- σχολή@nafsc καί@cs ἀργία@nafsc ὁ@ddmp δέ@cs ὀφείλω@vppadmp πλέος@anansc ὁ@dgns δεῖ@vppagns ἀποδίδωμι@vnaa-- καί@cs ὁ@ddmp δανείζω@vppadmp ἥσσων@anansc ἀπολαμβάνω@vnaa-- οἶδα@vira1s δέ@b τις@rpacs ὅς@rpnms μέλλω@vppanms δανείζω@vnpe-- δοκέω@viaa3s δάκτυλος@nampc οὐ@b ἔχω@vnpa-- οὗτος@rpdms ὁ@dnms δανειστής@nnmsc καί@b μή@b γράφω@vpaadms πιστεύω@viaa3s πλείων@anampc ἔχω@vnpa-- δάκτυλος@nampc ὁ@dans ἐναντίος@ananp- σημαίνω@vipa3s ὁ@ddms δοκέω@vnpa-- ἥσσων@anampc ἔχω@vnpa-- ὅσος@annmp- γάρ@b προσγίγνομαι@vipe3p ὁ@ddmp κατά@p φύσις@nafsc δάκτυλος@ndmpc αὐτός@rpnmp τε@b ἅμα@b εἰμί@vipa3p ἀργός@annmp- καί@cs ὁ@damp ἐκ@p ὅς@rpgmp φύω@vira3p ἀργός@anamp- ποιέω@vipa3p πλανάω@vppenmp δέ@b τις@rpnmp ἀγαθός@anans- ὑπολαμβάνω@viaa3p εἰμί@vnpa-- ὁ@dans τοιοῦτος@rpans θρίξ@nafpp ἔχω@vnpa-- ἐκ@p ὁ@dgfp χείρ@ngfpc φύω@vpraafp ἀπό@p μέν@b ὁ@dgmp καρπός1@ngmpc δεσμός@nanpc σημαίνω@vipa3s ἀπό@p δέ@b ὁ@dgfp πλατύς@ngfpc ὁ@dgfp ἐντός@b σχολή@nafsc καί@cs ἄγριος@nafsc πᾶς@andmp- σημαίνω@vipa3s μάλιστα@b δέ@cs γεωργός@ndmpc καί@cs χειροτέχνης@ndmpc οὐκέτι@b γάρ@b περί@p ὁ@danp ἔργον@nanpc τρίβω@vppegmp ὁ@dgfp χείρ@ngfpc οὐ@b δέ@cs πυκνόω@vppegfs ὁ@dgfs ἐπιφάνεια@ngfsc ἔοικα@vpranns ἄν@b εἰμί@vopa3s καί@b θρίξ@nafpc ἀναφαίνω@vnap-- πολύς@anafp- χείρ@nafpc ἔχω@vnpa-- ἀγαθός@annns- χειροτέχνης@ndfsc οὐ@b γάρ@x παύω@vifm3s ἐργάζομαι@vppenms τρόπος@namsc γάρ@b τις@rpacs φημί@vipa3s αὐτός@rpdms ὁ@dnns ὄναρ@nnnsc δεῖ@vipa3s σύ@rpdcs χείρ@ngfpc πλείων@angfpc διά@p ὁ@dans ὁ@dgnp ἔργον@ngnpc πλῆθος@nansc ἀγαθός@annns- δέ@b καί@b ὁ@ddmp δικαιοπραγέω@vppadmp πρόσκτησις@nafsc γτάρ@b καί@cs τέκνον@ngnpc καί@cs οἰκέτης@ngmpc σημαίνω@vipa3s καί@cs χρῆμα@ngnpc ὁ@dnms ὄνειρος@nnmsc ὡς@cs πολλάκις@b τηρέω@viaa1s κακοῦργος@andmp- δέ@b δεσμός@nnnpc καί@cs οὕτως@b περί@p εἷς@ σῶμα@nansc πολύς@anafp- γίγνομαι@vnam-- χείρ@nafpc σημαίνω@vipa3s"
"Oneir._1.43","γαστήρ@nampp καί@cs ὑπογάστριον@nansc καί@cs πᾶς@ananp- ὁ@danp μέχρι@p βουβάω@ngnpc ὁ@dafs ὁ@dgns σῶμα@ngnsc ἰσχύς@nafsc τε@cs καί@cs ὕπαρξις@nafsc σημαίνω@vnpa-- νομιστέος@annns- τοιγάρ@b ἐάν@cs τις@rpans οὗτος@ananp- ὁ@danp μέρος@nanpc πάσχω@vsaa3s νόσος@nafsc μέν@b ὁ@ddns σῶμα@ndnsc ἔνδεια@nafsc δέ@b κατά@p ὁ@dams βίος@namsc προαγορεύω@vipa3s αὐτός@annms- δέ@b ὁ@dnms ὀμφαλός@nnmsc εἰμί@vppagmp μέν@b γονεύς@ngmpc ὁ@damp γονεύς@nampc οὐ@b εἰμί@vppagnp δέ@b ὁ@dafs πατρίς@nafsc σημαίνω@vipa3s ὅς@rpgfs ἐκφύω@viaa3s τις@rpnms καί@cs ἐκγίγνομαι@viam3s ὥσπερ@cs καί@b ὁ@dgms ὀμφαλός@ngmsc ἐάν@cs οὖν@b τις@rpnns περί@p ὁ@dams ὀμφαλός@namsc δυσχερής@annns- γίγνομαι@vsam3s στερέω@vnap-- γονεύς@ngmpc ἤ1@cs ὁ@dgfs πατρίς@ngfsc σημαίνω@vipa3s καί@cs ὁ@dams ἐπί@p ξένη@ngfsc εἰμί@vppaams οὐ@b ἐπανάγω@vipa3s"
"Oneir._1.44","ἀνατρέφω@vnre-- δοκέω@vnpa-- καί@cs εἶδον@vnaa-- ὁ@danp ἐντός@p ἑαυτοῦ@rpgns κατά@p φύσις@nafsc καί@cs ἕκαστος@anans- κόσμιος@b κεῖμαι@vpreans ἀγαθός@anans- ἄπαις@ndmsc καί@cs πένης@ndmsc ὁ@dnms μέν@b γάρ@b ὁράω@vifm3s παῖς@nacpc ἴδιος@anamp- ὁ@dnms δέ@b κτῆμα@nanpc καί@b γάρ@b ὁ@dnmp παῖς@nnmpc σπλάγχνον@nanpc λέγω3@vipe3p ὡς@cs ἐντόσθιος@ananp- καί@cs ὥσπερ@cs οἶκος@ndmsc κτῆμα@nnnpc οὕτως@b ὁ@dnnp σπλάγχνον@nnnpc ὁ@ddfp λαγῶς@ndfpc ἔγκειμαι@vipe3s πλούσιος@andms- δέ@b καί@cs πᾶς@andms- ὁ@ddms λανθάνω@vnpa-- πειράω@vppedms ἀσχημοσύνη@nafsc καί@cs ἔλεγχος2@namsc μαντεύομαι@vipe3s δεινός@annns- δέ@b πᾶς@andmp- ὁ@dnns ὑπό@p τις@rpg-s κατανοέω@vnpe-- ὁ@danp σπλάγχνον@nanpc πρᾶγμα@ngnpc γάρ@b πονηρός@angnp- καί@cs δίκη@ngfpc ἐπαγογή@nafsc σημαίνω@vipa3s καί@cs ὁ@danp κρυπτός@ananp- ἐλέγχω@vipa3s ἀνατμήω@vpapams δέ@b δοκέω@vnpa-- κενός@anams- εἰμί@vnpa-- μηδείς@rpgns ὁ@dgnp σπλάγχνον@ngnpc ἐντός@b εἰμί@vppagnp ἐρῆμος@anams- ὁ@dams οἶκος@namsc ὁ@dgms εἶδον@vpaagms εἰμί@vnfm-- σημαίνω@vipa3s καί@cs τέκνον@ngnpc ὄλεθρος@namsc καί@cs ὁ@ddms νοσέω@vppadms θάνατος@namsc ἀγαθός@annns- δέ@b ἄν@b εἰμί@vopa3s μόνος@andms- ὁ@ddms ἐν@p πολύς@andnp- κακός@andnp- εἰμί@vppadms καί@cs ἀνιάω@vppedms ὁ@dgnp γάρ@x ἐν@p πούς@ndmpc κακός@angnp- παῦλα@anafs- προσημαίνει@vipa3s ὁ@dnms γάρ@b ὁ@danp περιεκτικός@ananp- ὁ@dgfp φροντίς@ngfpc ἀπόλλυμι@vpaanms εἰκότως@b ἄλυπος@annms- εἰμί@vipa3s ἔτι@b καί@b ἐκεῖνος@rpans χρή@vipa3s σκοπέω@vnpa-- ὁ@dnfs καρδία@nnfsc γυνή@nafsc σημαίνω@vipa3s ἀνήρ@ngmsc εἶδον@vpaagms ἀνήρ@namsc δέ@b γυνή@ngfsc εἶδον@vpaagfs διά@p ὁ@dans ὁ@dafs ὅλος@anafs- ὁ@dgns σῶμα@ngnsc ἔχω@vnpa-- διοίκησις@nafsc καί@cs ὁ@dams θυμός@namsc ὁ@dgms εἶδον@vpaagms καί@cs ὁ@dans πνεῦμα@nansc οὗτος@rpgnp γάρ@b εἰμί@vipa3s περιεκτικός@annfs- καί@b ὁ@dnms πνεύμων@nnmsc ὅμοιος@b ἧπαρ@viia3s δέ@b τέκνον@nansc καί@b βίος@namsc καί@cs φροντίς@nafpc χολή@nnfsc δέ@b ὁ@dams θυμός@namsc καί@b χρῆμα@nanpc καί@cs γυνή@nafsc σπλήν@nafsc δέ@b ἡδονή@nafpc καί@b γέλως@namsc καί@cs ὁ@danp ἔπιπλα@nanpc ὁ@dgnp σκεῦος@ngnpc κοιλία@nanpc δέ@b καί@cs ἔντερον@ananp- τέκνον@nanpc πρῶτος@anans- εἶτα@cs δανειστής@nampc ἐπεί@cs μετά@p πολύς@angfs- βία@ngfsc ἀπαιτέω@vifm3s τροφή@nnfsc νεφρός@annmp- δέ@b ἀδελφός@nampc καί@cs συγγενής@anamp- καί@cs τέκνον@nanpc ὅθεν@b μένω@vppannp μέν@b οὗτος@rpanp μένω@vnaa-- καί@cs ὁ@danp σημαίνω@vppeanp ὑπό@p αὐτός@rpgmp σημαίνω@vipa3s διπλόω@vppeanp δέ@cs πᾶς@ananp- ἤ1@cs ἕκαστος@anans- ἴδιος@b διπλοῦς@ananp- εἰμί@vnfm-- ὁ@danp σημαίνω@vppeanp δηλόω@vipa3s"
"Oneir._1.45","ὁ@dnns αἰδοῖον@annns- ἔοικα@vira3s γονεύς@ndmpc μέν@b ἐπεί@cs ὁ@dams σπερματικός@anams- ἐπέχω@vipa3s λόγος@namsc τέκνον@ndnpc δέ@b ἐπεί@cs καί@b αὐτός@rpnns τέκνον@ngnpc αἴτιος@annns- γυνή@ndfsc δέ@b καί@cs ἐρώμενος@vppedfs ὅτι@cs πρός@p ἀφροδίσιος@ananp- ἐπιτήδειος@annns- εἰμί@vipa3s ἀδελφός@ndmpc δέ@b καί@cs πᾶς@andmp- ὁ@ddmp κατά@p αἷμα@nansc προσήκω@vppadmp ἐπεί@cs ὁ@dgms πᾶς@angms- οἶκος@ngmsc ὁ@dnms λόγος@nnmsc ἀρτέομαι@vire3s ἀπό@p ὁ@dgns αἰδοῖος@ngnsc ἰσχύς@ndfsc δέ@b καί@b ὁ@ddfs ὁ@dgns σῶμα@ngnsc ἀνδρεία@ndfsc ὅτι@cs καί@b αὐτός@rpnns οὗτος@rpgnp αἴτιος@annns- διό@b ἀνδρεία@nnfsc πρός@p τις@rpgmp καλέω@vipe3s λόγος@ndmpc δέ@b καί@cs παιδεία@ndfsc ὅτι@cs γονιμώτατος@annnss πᾶς@angnp- ὁ@dnns αἰδοῖος@annns- εἰμί@vipa3s ὥσπερ@cs καί@b ὁ@dnms λόγος@nnmsc εἶδον@viaa1s δέ@b καί@b ἐν@p κυλλήνη@ndfsp γίγνομαι@vpamnms ἑρμῆς@ngmsp ἄγαλμα@nansc οὐδείς@anans- ἄλλος@anans- ἤ1@cs αἰδοῖον@anans- δημιουργέω@vpreans λόγος@ndmsc τις@andms- φυσικός@andms- ἔτι@b καί@b περιουσία@ndfsc καί@cs κτάομαι@ndfsc διά@p ὁ@dans ποτέ@b μέν@b ἐπιτείνω@vnre-- ποτέ@b δέ@cs ἀνίημι@vnpe-- καί@b παρέχω@vnpa-- καί@cs ἀποκρίνω@vnpa-- βούλευμα@ndnpc δέ@b ἀπόρρητος@andnp- ὅτι@cs μῆδος@nnnpc καλέω@vipe3s ὁ@dnnp τε@b βούλευμα@nnnpc καί@cs ὁ@dnns αἰδοῖον@annns- πενία@nnfsc δέ@b καί@b δουλεία@nnfsc καί@cs δεσμός@ndmpc ὅτι@cs ἀναγκαῖος@annns- καλέω@vipe3s καί@cs ὁ@dgfs ἀνάγκη@ngfsc εἰμί@vipa3s σύμβολον@nnnsc πρός@b δέ@b καί@b ἀξίωμα@ngnsc ἐπτιμία@nnfsc αἰδώς@b γάρ@b καί@b ἐπιτίμιον@nnfsc καλέω@vipe3s τοιγάρ@b πάρειμι1@vppanns μέν@b καί@cs μένω@vppanns ἐν@p ὁ@ddfs τάξις@ndfsc ὁ@ddfs οἰκεῖος@annfs- ἐπιμένω@vnaa-- ὁ@dans πάρειμι1@vppaans ἕκαστος@andms- ὅς@rpnns τις@annns- ἄν@b εἰμί@vspa3s ὅμοιος@annns- ὁ@ddns αἰδοῖος@andms- σημαίνω@vipa3s αὐξάνω@vppaafs δέ@b καί@cs ἐπαύξω@vifa3s ἀφαιρέω@vpapans στερίσκω@vipa3s διπλόος@anans- δέ@b γίγνομαι@vpamgns μένω@vpamams διπλοῦς@ananp- ὁ@danp εἰμί@vppaanp εἰμί@vnfm-- σημαίνω@vipa3s πᾶς@ananp- πλήν@p γυνή@ngfsc ἤ1@cs ἐρώμενος@ngfsc οὗτος@rpgnp δέ@b στερίσκω@vipa3s δύο@ γάρ@b ἅμα@b αἰδοῖος@andnp- οὐ@b ἔνειμι@vipa3s χράω@vnpe-- οἶδα@vira1s δέ@b τις@rpacs ὅς@rpnms δοκέω@viaa3s τρεῖς@ananp- ἔχω@vnpa-- αἰδοῖον@nanpc δοῦλος@nnmsc εἰμί@vppanms καί@cs γίγνομαι@viam3s ἐλεύθερος@annms- καί@cs ἀντί@p εἷς@ ὄνομα@ngnsc τρεῖς@nanpc ἔχω@viaa3s ὁ@danp δύο@ ὁ@dgms ἀπελευθερόω@vpaagms προσλαμβάνω@vpaanms ἀλλά@b οὗτος@rpnns ἅπαξ@b γίγνομαι@viam3s δεῖ@viia3s δέ@cs μή@b ἀπό@p ὁ@dgnp σπάνιος@angnp- ἀλλά@cs ὁ@dgnp ὡς@b ἐπί@p ὁ@dans πολύς@anans- ἔχω@vppagmp ὁ@dafp κρίσις@nafpc ποιέω@vnpe--"
"Oneir._1.46","ὁ@dnmp βουβών@nnmpc οὐ@b μακράν@b ὁ@dgnp αἰδοῖον@angnp- οὐ@b δέ@cs διάφορος@anans- τις@rpans σημαίνω@vipa3p ὅθεν@b χρή@vipa3s κατά@p ὁ@danp αὐτός@rpanp ὁ@damp βουβών@nampc ὁ@ddmp αἰδοῖος@andmp- ἐκλαμβάνω@vnpa-- ὁ@dnmp δέ@b μηρός@nnmpc ὁ@danp μέν@b ἄλλος@rpanp πᾶς@ananp- ἐπίσης@vpaagfs ὁ@ddmp αἰδοῖος@andmp- σημαίνω@vipa3p μόνος@anans- δέ@cs πιαλέος@annmp- γίγνομαι@vpamnmp ὁ@ddmp πλούσιος@andmp- ἀηδής@annmp- τηρέω@vire3p ὡς@cs γάρ@b ἐπί@p ὁ@dans πλεῖστος@ananss περί@p ὁ@danp ἀφροδίσιος@ananp- δαπάνη@nafpc σημαίνω@vipa3p σχεδόν@b δέ@b οὐδέ@b δαπάνη@nafpc ἀλλά@cs βλάβη@nafpc"
"Oneir._1.47","ὁ@dnnp γόνυ@nnnpc πρός@p τε@x ἰσχύς@nafsc καί@cs εὐανδρία@nafsc εἰμί@vipa3s ληπτέος@annnp- καί@cs πρός@p κίνησις@nafpc καί@cs πρᾶξις@nafpc ὅθεν@b ἐρρωμένος@vpreanp καί@cs σῶς@annnp- εἰμί@vppaams ἀποδημέω@vnpa-- τε@cs καί@cs ἄλλος@rpafs κίνησις@nafsc ὁστισοῦν@rpafs ἐπιτρέπω@vipa3s κινέω@vnpe-- καί@cs πρᾶξις@nafpc ὑπαγορεύω@vipa3s καί@cs ὑγεῖα@anafs- ὁ@ddms εἶδον@vpaadms ἐάν@cs δέ@b τις@rpans πάσχω@vsaa3s ὁ@danp ἐναντίος@ananp- ὅς@rpans τις@anans- δέ@b ἄν@b ἐκ@p ὁ@dgnp γόνυ@ngnpc φυτόν@nnnsc φύω@vnra-- δόξα@vsaa3s τις@rpnms ἀργός2@andnp- χράω2@vifm3s ὁ@ddnp γόνυ@ndnpc ἐάν@cs δέ@b νοσέω@vppanms ὁράω@vsaa3s θνῄσκω@vifm3s γῆθεν@b γάρ@b φύω@vipe3s ὁ@dnnp φυτόν@nnnpc εἰς@p γῆ@nafsc δέ@b καί@cs ὁ@dnnp ὁ@dgnp σῶμα@ngnpc ἀναλύω@vipe3s σύγκριμα@nnnpc οἶδα@vira1s δέ@b τις@rpams ὅς@rpnms δοκέω@viaa3s ἐκ@p ὁ@dgns γόνυ@ngnsc ὁ@dgns δεξιός@angns- εἶδον@vnaa-- φύω@vpraams κάλαμος@namsc καί@cs συμβαίνω@viaa3s αὐτός@rpdms σῦριγξ@nafsc ἐν@p ὁ@ddns γόνυ@ndnsc γίγνομαι@vnam-- καί@cs γάρ@b ὁ@dnms κάλαμος@nnmsc γόνυ@nansc τε@b ἔχω@vipa3s καί@cs σῦριγξ@nnfsc γίγνομαι@vipe3s πολλάκις@b δέ@b ὁ@danp γόνυ@nanpc πρός@p ἀδελφός@nampc καί@cs κοινωνός@nampc διατείνω@vipa3s ἐπεί@cs καί@b αὐτός@rpnnp ἀδελφή@nnfsc εἰμί@vipa3s ἀλλήλων@rpgmp καί@cs κοινωνέω@vipa3s ὁ@dgfs πορεία@ngfsc ἔτι@b καί@b ἀπελεύθερος@anamp- σημαίνω@vipa3s ἐπίσης@vpaagfs γάρ@b ὁ@ddmp πούς@ndmpc ὑπηρετέω@vipa3s πλήν@cs ὑπέρ@p ὁ@damp πούς@nampc εἰμί@vppaams εἰκότως@b οὐ@b δοῦλος@nampc ἀλλά@cs ἀπελεύθερος@anamp- σημαίνω@vipa3s"
"Oneir._1.48","ὁ@dnfp κνῆμαι@nnfpc ἔμπροσθέν@b τε@x καί@cs ὄπισθεν@b ὁ@danp αὐτός@ananp- ὁ@ddnp γόνυ@ndnpc σημαίνω@vipa3p σφυρόν@nnfsc δέ@b καί@cs πούς@nnmpc ἄκρος@annmp- ὁ@danp μέν@b ἄλλος@rpanp ἐπίσης@vpaagfs ὁ@ddnp γόνυ@ndnpc σημαίνω@vipa3p ἐν@p δέ@cs ὁ@ddns μή@b ἀπελεύθερος@anamp- ἀλλά@cs δοῦλος@nampc σημαίνω@vnpa-- διαφέρω@vipa3p πλείων@anamp- πούς@nampc ἔχω@vnpa-- ἀγαθός@annns- ἔμπορος@ndmsc καί@cs ναύκληρος@ndmsc καί@cs πᾶς@andms- ὁ@ddms μισθωτός@anamp- τρέφω@vppadms σομα@ngnpc γάρ@x πλείων@angnpc ἄρχω@vifa3p κυβερνήτης@ndmsc δέ@b εἶδον@vpaadms ὁ@dnns ὄναρ@nnnsc γαλήνη@nafsc σημαίνω@vipa3s πλείων@andmpc γάρ@x ὁ@rpdnp χράω2@vifm3s ὁ@dgfs ωεών@ngfsc ἐρέσσω@vppegfs ἀγαθός@annns- καί@b πένης@ndmsc κτάομαι@vifm3s γάρ@x οἰκέτης@nampc πλούσιος@andms- δέ@b νόσος@nafsc σημαίνω@vipa3s ἵνα@cs μή@b ὁ@ddmp ἑαυτοῦ@rpgms πούς@ndmpc μόνος@andmp- ἀλλά@cs καί@b ὁ@ddmp ὁ@dgmp βαστάζω@vppagmp χράομαι@vppenms πλείων@anampc ἔχω@vnpa-- δοκέω@vspa3s πολύς@anamp- δέ@b ὁ@dnns ὄναρ@nnnsc οὗτος@rpnns καί@cs τυφλός@anamp- ποιέω@viaa3s ἵνα@cs χειραγωγός@ndmpc χράω2@vsam3p καί@b πανοῦργος@nampc δέω@viaa3s ἵνα@cs μετά@p φυλακός@ngmpc καί@b μή@b μόνος@annmp- προέρχομαι@vspe3p οἶδα@vira1s δέ@b τις@rpacs ὅς@rpnms δοκέω@viaa3s ὁ@dgns πᾶς@angns- σῶμα@ngnsc ἀτρέμας@vpamgns μένω@vppagns ὁ@damp πούς@nampc αὐτός@rpgms μόνος@anamp- βαδίζω@vnpa-- καί@cs προβαίνω@vnpa-- μέν@b μη@b δέ@cs βραχύς@b ὅμως@b δέ@b κινέω@vnpe-- συμβαίνω@viaa3s αὐτός@rpdms εἰς@p ἀντλία@nafsc καταδικάζω@vnap-- καί@b γάρ@b ὁ@ddmp ἀντλέω@vppadmp συμβαίνω@vira3s διαβαίνω@vnpa-- μέν@b ὡς@cs βαδίζω@vipa3p ἀεί@b δέ@cs μένω@vnpa-- ἐν@p ὁ@ddms αὐτός@andms- τόπος@ndmsc ἔτι@b καί@b ἄλλος@rpnms δοκέω@viaa3s ἀπό@p ὁ@dgmp πούς@ngmpc αὐτός@rpgms ῥέω@vnpa-- ὕδωρ@nansc καί@b συμβαίνω@viaa3s καί@b οὗτος@rpdms εἰς@p ἀντλία@nafsc καταδικάζω@vnap-- εἰμί@vppadms πανοῦργος@andms- καί@cs οὗτος@anams- ὁ@dams τρόπος@namsc ἀπό@p ὁ@dgmp πούς@ngmpc αὐτός@rpgms ἔρρω@viaa3s ὕδωρ@nnnsc ἕτερος@annms- δέ@b ὁ@dams αὐτός@anams- εἶδον@vpaanms ὄνειρος@namsc οὐ@b εἰμί@vppanms πάνουργος@annms- ὑδρωπιάζω@viaa3s ὁ@dnns δέ@b δοκέω@vnpa-- καίω@vppeamp εἶδον@vnaa-- ὁ@damp πούς@nampc πᾶς@andmp- ἐπίσης@vpaagfs κακός@annns- καί@cs σημαίνω@vipa3s ἀποβολή@nafsc καί@cs διαφθορά@nafsc ὁ@dgnp ὑπάρχω@vppagnp ναί@b μήν@b καί@b παῖς@ngmpc καί@cs δοῦλος@ngmpc ἐπίσης@vpaagfs γάρ@b ὁ@ddmp θεράπων@ndmpc ὁ@dnmp παῖς@nnmpc ὑπηρετέω@vipa3p τε@b ὁ@ddmp γονεύς@ndmpc καί@cs θεραπεύω@vipa3p αὐτός@rpamp ὥσπερ@cs οἰκέτης@nnmpc ὅσπερ@rpnns ὁ@damp πολύς@anamp- λανθάνω@viaa3s ὁ@dgmp ὀνειροκρίτης@ngmpc ἡγέομαι@vppmamp ὅτι@cs ὁ@dnmp πούς@nnmpc μόνος@anamp- οἰκέτης@nampc σημαίνω@vipa3p μόνος@andmp- δέ@b ὁ@dnns ὄναρ@nnnsc οὗτος@rpnns δρομεύς@vppadmp συμφέρω@vipa3s ὅταν@cs πρός@p ἀγών@namsc εἰμί@vppanmp εἶδον@vsaa3p ταχύς@b γάρ@b καί@cs ὡς@cs εἶπον@vnaa-- ἐκ@p πῦρ@ngnsc ἁρπάζω@vifa3p ὁ@danp σκέλος@nanpc"
"Oneir._1.49","νῶτον@anans- δέ@b καί@cs ὁ@danp ὀπίσθιος@nanpc πᾶς@ananp- ὁ@dgns γῆρας@ngnsc εἰμί@vnpa-- σημαντικός@ananp- νομίζω@vipa1p ὅθεν@b ὀρθός@b ἔνιοι@annmp- καί@b πλούτων@ngmsp αὐτός@ananp- καλέω@vipa3p ἴδιος@ananp- τοιγάρ@b ὁποῖος@ananp- ἄν@b τις@rpnms αὐτός@rpanp δόξα@vsaa3s ἔχω@vnpa-- τοιοῦτος@andns- χράω2@vifm3s ὁ@ddns γῆρας@ndnsc"
"Oneir._1.50","ἐν@p ὁ@ddnp περί@p ἀλλόωσις@ngfsc πρῶτος@anans- χρή@vipa3s ὁ@dans ποσός@anans- σκοπέω@vnpa-- δεύτερος@anans- ὁ@dans ποιόω@anans- τρίτος@anans- ὁ@dans κατά@p ὁ@dafs ἰδέα@nafsc καί@cs ὁ@dans μέν@b ποσός@nansc οὗτος@rpnns εἰμί@vipa3s ἐκ@p μικρός@angns- μέγας@anams- γίγνομαι@vnam-- ἤ1@cs ἐκ@p ὁ@dgns εἰμί@vppagns μέγας@anamsc ἀγαθός@annns- εἰ@cs μή@b ὑπέρ@p ἄνθρωπος@anams- τις@rpncs μέγας@annms- δοκέω@voaa3s γίγνομαι@vnra-- οὐ@b γάρ@b ὁ@dans σῶμα@nansc ἀλλά@cs ὁ@dafp πρᾶξις@nafpc αὐξάνω@vnaa-- σημαίνω@vipa3s ὁ@dans ὄναρ@nansc καί@cs ὁ@dams βίος@namsc ὁ@dgms εἶδον@vpaagms ὁ@dnns δέ@b ὑπέρ@p ἄνθρωπος@namsc μέγας@anams- δοκέω@vnpa-- γίγνομαι@vnra-- θάνατος@namsc ὁ@ddms εἶδον@vpaadms σημαίνω@vipa3s καί@cs εἰ@cs τις@rpncs ὁ@dans ἑαυτοῦ@rpgms παιδίον@nansc βραχύς@anans- εἰμί@vppaans ἀνήρ@namsc δοκέω@voaa3s γίγνομαι@vnra-- θνῄσκω@vifm3s ὁ@dans παιδίον@nansc δεινός@annns- δέ@b καί@b πρεσβύτης@ndmsc ὁ@dnns εἰς@p παῖς@namsc μεταβάλλω@vnpa-- θάνατος@namsc γάρ@b αὐτός@rpdms σημαίνω@vipa3s ἀγαθός@annns- δέ@b ἀνήρ@ndmsc ὁ@dnns εἰς@p νεανίσκος@namsc μεταβάλλω@vnpa-- καί@cs νεανίσκος@ndmsc ὁ@dans εἰς@p παῖς@namsc ἕκαστος@annms- γάρ@b αὐτός@rpgmp ἐπί@p ὁ@dans ὡραῖος@anansc μεταβάλλω@vipa3s ἀγαθός@annns- δέ@b καί@cs παῖς@ndcsc εἰς@p νεανίσκος@namsc καί@cs νεανίσκος@ndmsc εἰς@p ἀνήρ@namsc καί@cs ἀνήρ@ndmsc εἰς@p γέρων@namsc μεταβάλλω@vnpa-- ἕκαστος@annms- γάρ@b αὐτός@rpgmp ἐπί@p ὁ@dans ἔντιμος@anansc μεταβάλλω@vipa3s εἰ@cs δέ@b νεανίσκος@nnmsc εἰς@p γέρων@namsc μεταβάλλω@voaa3s θνῄσκω@vifm3s μέν@b οὐ@b ὡς@cs ὁ@dnms παῖς@nnmsc νοσέω@vifa3s δέ@cs καί@b εἰ@cs ἀνήρ@nnmsc εἰς@p παῖς@namsc μεταβάλλω@voaa3s ἄφρων@b τις@rpans πραγματεύομαι@vpamnms βλάπτω@vifp3s ὁ@dnns γάρ@b ποιητικός@annns- ὀρθός@b ἐρῶ@vire3s ἀεί@b δέ@cs ὁπλότερος@angmpc ἀνήρ@ngmpc φρήν@nnfpc ἠερέθομαι@vipe3p ὁ@dnns δέ@b ποιός@vppanns ὁ@dgfs μεταβολή@ngfsc ὧδε@b ἔχω@vipa3s εἰ@cs μέν@b εἰς@p γυνή@nafsc μεταβάλλω@voaa3s ἀνήρ@nnmsc πένης@ndmsc μέν@b ἀγαθός@annns- καί@cs δοῦλος@ndmsc ὁ@dnms μέν@b γάρ@b ἔχω@vifa3s ὁ@dams τρέφω@vpfaams αὐτός@rpams ὥσπερ@cs καί@b γυνή@nnfsc ὁ@dnms δέ@cs ἄπονος@anansc δουλεύω@vifa3s μικρός@annmp- γάρ@x ὁ@dnmp γυνή@ngfpc πόνος@nnmpc πλούσιος@andms- δέ@b πονηρός@annns- καί@cs μόλιστος@ananp- πολιτεύω@vppedms ὡς@b γάρ@b ἐπί@p ὁ@dans πολύς@anans- οἰκουρέω@vipa3p ὁ@dnfp γυνή@nnfpc διό@b παραλύω@vifa3s πᾶς@angfs- ἀρχή@ngfsc ὁ@dams εἶδον@vpaaams ὁ@dnns ὄναρ@nnnsc ὁ@ddmp δέ@x σωμασκέω@vppadmp νόσος@nafsc σημαίνω@vipa3s θῆλυς@annfpc γάρ@x γυνή@nnfpc ἀνήρ@ngmpc εἰ@cs δέ@b γυνή@nnfsc εἰς@p ἀνήρ@namsc μεταβάλλω@voaa3s ἄγαμος@annfs- μέν@b εἰμί@vppanfs γαμέω@vifp3s καί@cs ἄπαις@annfs- εἰμί@vppanfs τεκνόω@vifa3s ἄρσην@nansc καί@cs οὕτως@b εἰς@p ὁ@dafs ἀνδρεία@anafs- μεταβάλλω@vipa3s φύσις@nafsc ἀνήρ@namsc δέ@b ἔχω@vppanfs καί@cs υἱός@namsc χήρα@ananp- διατελέω@vifa3s οὐ@b γάρ@b ἀνήρ@ngmsc ἀνήρ@ngmsc ἀλλά@cs γυνή@ngfsc δεῖ@vipa3s δούλη@ndfsc δέ@b ὁ@dnns ὄναρ@nnnsc πλείων@ananpc ὁ@dafs δουλεία@nafsc ἐπάγω@vipa3s ἀγαθός@annns- δέ@b ἑταίρα@ndfsc ὁ@dnfs μέν@b γάρ@b ἐπί@p πλείων@anansc ὡς@cs ἀνήρ@nnfsc ὑπομένω@vifa3s ὁ@damp πόνος@nampc ὁ@dnfs δέ@b οὐ@b παύω@vifm3s κινέω@vppenfs εἰ@cs δέ@b τις@annms- ἀργύρεος@annms- ἤ1@cs χρύσεος@annms- δοκέω@voaa3s εἰμί@vnpa-- ἀνήρ@nnmsc ἤ1@cs γυνή@nnfsc δοῦλος@nnmsc μέν@b εἰμί@vppanms πιπράσκω@vifp3s ἵνα@cs ἀπαργυρόω@vsap3s ἤ1@cs ἀποχρυβωσώ@vsap3s πένης@nnmsc δέ@b εὐπορέω@vifa3s ἵνα@cs περί@p αὐτός@rpams γίγνομαι@vsam3s ὁ@dnfs τοιοῦτος@rpnfs ὕλη@nnfsc πλούσιος@annms- δέ@b ἐν@p ἐπιβουλή@ndfpc εἰμί@vifm3s πᾶς@annnp- γάρ@b ὁ@dnnp ἀργύρεος@annnp- καί@cs χρύσεος@annnp- ἐπίβουλος@nampc ἔχω@vipa3s πολύς@anamp- νοσέω@vppadms δέ@b θάνατος@namsc προαγορεύω@vipa3s πᾶς@andns- δήπουθεν@b ὁ@dans ὄναρ@nansc ὥσπερ@cs καί@b ὁ@dans χάλκεος@anans- δοκέω@vnpa-- γίγνομαι@vnra-- πλήν@p ἀθλητής@angns- καί@cs δοῦλος@ngmsc ὁ@dnms μέν@b γάρ@b νικάω@vpaanms ἀνδριάς@ngmsc τυγχάνω@vifm3s ὁ@dnms δέ@cs ἐλευθερόω@vifp3s χάλκεος@annfp- γάρ@b εἰκών@nnfpc ὁ@dgmp ἐλεύθερος@angmp- ἀνατίθημι@vipe3p ὁ@dans δέ@b αὐτός@rpans σημαίνω@vipa3s καί@b ἄν@cs εἰκών@nafsc τις@rpncs ἑαυτοῦ@rpgms ἤ1@cs ἀνδριάς@namsc ὁράω@vsaa3s χάλκεος@anans- ἐν@p ἀγορά@ndfsc κείω@vpreans μένω@vppeams ὁ@dnns δέ@b εἰς@p σίδηρος@namsc μεταβάλλω@vnpa-- συμφορά@nafpc ἄτρυτος@anafp- σημαίνω@vipa3s ὅς@rpafp ὑπομένω@vpaanms ὁ@dnms εἶδον@vpaanms εἰς@p γῆρας@nansc ἀφικνέομαι@vifm3s σιδήρεος@anamp- γάρ@x καλέω@vipa1p ὁ@damp κακός@ananp- ὑπομένω@vpaaamp πολύς@ananp- πήλινος@nnnsc δέ@b ἤ1@cs ὀστράκινος@nnnsc δοκέω@vnpa-- γίγνομαι@vnra-- πᾶς@andmp- θάνατος@namsc σημαίνω@vipa3s χωρίς@p ὁ@dgmp διά@p γῆ@ngfsc ἤ1@cs πηλός@ngmsc ἐργάζομαι@vppegnp ὁ@dnns δέ@b λίθινος@nnnsc δοκέω@vnpa-- γίγνομαι@vnra-- τραῦμα@nanpc καί@cs κατακοπή@nafpc ὁ@ddms εἶδον@vpaadms σημαίνω@vipa3s οὐ@b γάρ@b ἐνδέω@b ἔχω@vipe3s ἄνευ@p σίδηρος@ngnsc λίθινος@namsc τις@rpacs γίγνομαι@vnam-- ὅμοιος@b δέ@b καί@cs περί@p ὁ@dgfs ἄλλος@rpgfs ὕλη@ngfsc ἐκλαμβάνω@vnpa-- δεῖ@vipa3s εἰ@cs δέ@b εἰς@p θηρίον@nansc μεταβάλλω@voaa3s τις@rpncs ἀπό@p ὁ@dgfs ὁ@dgns θηρίον@ngnsc φύσις@ngfsc τεκμαίρομαι@vnpe-- δεῖ@vipa3s ὁ@dafp κρίσις@nafpc δείκνυμι@vifa3s δέ@b ὁ@dans τοιοῦτος@rpans ἐν@p ὁ@ddms περί@p κυνηγίον@ngnsc λόγος@ndmsc ὁ@dnfs δεύτερος@annfs- βίβλος@nnfsc ἀγαθός@anans- δέ@b ἐπίσης@vpaagfs πᾶς@andmp- τηρέω@viaa1s ὁ@dans κάλλος@nansc καί@cs ὁ@dafs ὁ@dgns σῶμα@ngnsc εὐφυία@nafsc καί@cs ὁ@dafs ἰσχύς@nafsc ὅταν@cs μή@b ὑπέρ@p ἄνθρωπος@namsc εἰμί@vspa3s οὗτος@rpnnp ἐπεί@cs ὁ@dnns γε@b ὑπερβαλλόντως@b καλός@anans- εἰμί@vnpa-- δοκέω@vnpa-- ἤ1@cs εὐπρεπής@anams- ἤ1@cs ἰσχυρός@anams- ἐπίσης@vpaagfs ὁ@ddms αἰσχρός@anans- εἰμί@vnpa-- δοκέω@vnpa-- ἤ1@cs παραλύω@vnre-- ἤ1@cs μή@b ἰσχύω@vnpa-- ἀποβαίνω@vipa3s ὅς@rpnnp δή@b πᾶς@annnp- θάνατος@namsc μέν@b ὁ@ddmp νοσέω@vppadmp ἀπραγία@nafsc δέ@x καί@cs μακρονοσία@nafsc ὁ@ddmp ἐρρωμένος@vppedmp σημαίνω@vipa3s"
"Oneir._1.51","περί@p διδασκαλία@ngfsc τέχνη@ngfpc καί@cs ἔργον@ngnpc καί@cs ἐπιτήδευμα@annns- ὁ@dnns μέν@b καθόλου@b καί@cs ἐπί@p πᾶς@angnp- ἄπταιστος@annns- οὗτος@rpnns εἰμί@vipa3s ὅσος@ananp- τις@rpnms μανθάνω@viaa3s καί@b διδάσκω@viap3s καί@b ἐπιτηδεύω@viaa3s καί@cs ποιέω@vipa3s ἔργον@nanpc ἤ1@cs τέχνη@nafpc οὗτος@rpanp ὄναρ@viaa3s ἐργάζομαι@vnpe-- καί@b ἐπιτηδεύω@vnpa-- καί@cs τυγχάνω@vnpa-- ὁ@dgns πρόκειμαι@vpregns ἀγαθός@annns- πᾶς@andmp- ὅς@rpanp γάρ@x τις@rpnms ἐν@p νόος@ndmsc ἔχω@vipa3s περαίνω@vifa3s καί@cs κατά@p προαίρεσις@nafsc ἀνύω@vifa3s ἀποτυγχάνω@vnpa-- δέ@b μοχθηρός@annns- ὁ@dnnp γάρ@b ἐναντίος@ananp- ὁ@ddfs προαίρεσις@ndfsc σημαίνω@vipa3s ὅσος@rpanp δέ@b τις@rpncs οὐ@b μανθάνω@vpaanms οὐ@b δέ@cs ἐπιτηδεύω@vpaanms ὄναρ@nansc δοκέω@vipa3s ποιέω@vnpa-- ἐπιτυγχάνω@vppadms μέν@b ἀγαθός@anans- δυσεργής@anans- δέ@b καί@cs μόλις@b τελέω@vpfmans ἀποτυγχάνω@vppadms δέ@b πρός@p ὁ@ddfs ματαιοπονία@ndfsc πᾶς@angns- ὁ@dgns πρόκειμαι@vpregns καί@b χλεύη@nnfsc ἀκολουθέω@vipa3s ὁ@dnnp δέ@b κατά@p μέρος@nansc ὧδε@b πως@b ἔχω@vipa3s γεωργέω@vnpa-- ἤ1@cs σπείρω@vnpa-- ἤ1@cs φυτεύω@vnpa-- ἤ1@cs ἀροτριάω@vnpa-- ἀγαθός@annns- ὁ@ddmp γαμέω@vnaa-- προαιρέω@vpredmp καί@cs ὁ@ddmp ἄπαις@ndmpc ἄρουρα@nnfsc μέν@b γάρ@b οὐδείς@rpnns ἄλλος@rpnns εἰμί@vipa3s ἤ1@cs γυνή@nnfsc σπέρμα@nnnpc δέ@b καί@cs φυτόν@nnnpc ὁ@dnmp παῖς@nnmpc πυρός@nnmpc μέν@b υἱός@nnmpc κριθή@nnfpc δέ@b θυγάτηρ@nnfpc ὄσπριον@annnp- δέ@b ὁ@dnnp ἐξάμβλημα@nnnpc ὁ@ddmp δέ@b ἄλλος@rpdmp πόνος@namsc καί@cs κακοπάθεια@nafsc σημαίνω@vipa3s καί@cs ἐάν@cs τις@rpnms νοσέω@vsaa3s κατά@p ὁ@dams οἶκος@namsc ὁ@dgms εἶδον@vpaagms θνῄσκω@vite3s ὁ@dnnp γάρ@b σπέρμα@nnnpc καί@cs ὁ@dnnp φυτόν@nnnpc ὥσπερ@cs καί@b ὁ@dnmp ἀποθνήσκω@vpaanmp καταχώννυμι@vipe3s θερίζω@vnpa-- δέ@b καί@cs τρυγάω@vnpa-- καί@cs κλαδεύω@vnpa-- παρά@p μέν@b ὁ@dams καιρός@namsc ὁράω@vppeanp ὁ@dafp πρᾶξις@nafpc καί@cs ὁ@dafp ἐγχείρησις@nafpc πᾶς@anafp- εἰς@p ἐκεῖνος@rpans καιρός@ngmsc καί@cs ὥρα@ngfsc ἀναβάλλω@vipe3s κυβερνάω@vnpa-- δέ@b πᾶς@andmp- ἐάν@cs μέν@b καθορμίζω@vspe3p καλός@b ἤ1@cs ἀνάγω@vspe3p ἀκίνδυνος@b ἀγαθός@annns- οὐ@b μέντοι@b ἄνευ@p τις@angms- πόνος@ngmsc καί@cs φόβος@ngmsc εἰμί@vppenns ἐάν@cs δέ@cs ἤ1@b χειμάζω@vspe3p ἤ1@cs ναυαγέω@vspa3p ὑπερβολή@ndfsc κακός@annns- ὡς@cs ἐγώ@rpnms παραφυλάσσω@viaa1s σκυτεύω@vnpa-- δέ@b καί@cs τεκτονεύω@vnpa-- ἀγαθός@annns- πᾶς@andmp- ὁ@ddmp κατά@p νόμος@namsc ζάω@vppadmp διά@p ὁ@danp μέτρον@nanpc καί@cs ὁ@ddmp γαμέω@vnaa-- ἤ@cs κοινωνέω@vnaa-- ἐθέλω@vppadmp διά@p ὁ@dafp ῥαφή@nafpc καί@cs ὁ@damp ἁρμός@nampc ὁ@dnns δέ@x βυρσοδεψέω@vnaa-- παῖς@andmp- πονηρός@annns- νεκρός@angnp- γάρ@b ἅπτω@vipe3s σῶμα@ngnpc ὁ@dnms βυρσοδέψης@nnmsc καί@cs ὁ@dgfs πόλις@ngfsc ἀποικίζω@vire3s ἔτι@b καί@b ὁ@dnnp κρυπτός@annnp- ἐλέγχω@vipa3s διά@p ὁ@dafs ὀσμή@nafsc ἰατρός@ndmpc δέ@b χαλεπός@annnss ἅπας@angnp- χρυσοχοέω@vnpa-- δέ@b πανουργία@nafpc περί@p ὁ@dams εἶδον@vpaaams σημαίνω@vipa3s διά@p ὁ@danp ὑπόκειμαι@vppeanp ὁ@dgnp ἔργον@ngnpc καί@cs διά@p ὁ@damp ὑποπλέκω@vpreamp μένω@vppeamp ἁρμός@nampc πλάσσω@vnpa-- δέ@b καί@cs πυξογραφέω@vnpa-- καί@cs τορεύω@vnpa-- καί@cs ποιέω@vnpa-- ἄγαλμα@nanpc ἀγαθός@annns- μοιχός@ndmpc καί@cs ῥήτωρ@ndmpc καί@cs πλαστογράφος@ndmpc καί@cs πᾶς@andmp- ὁ@ddmp ἀπατεών@vppadmp διά@p ὁ@dans ὁ@danp μή@b εἰμί@vppaanp ὡς@cs εἰμί@vppaams δείκνυμι@vnpa-- ὁ@dafp τέχνη@nafpc οὗτος@anafp- ὁ@ddmp δέ@b λοιπός@andmp- περιβοησία@nafpc σημαίνω@vipa3s καί@cs ὄχλος@ngmpc συνδρομή@nafpc διά@p ὁ@dans ὁ@danp ἔργον@nanpc οὗτος@ananp- πολύς@andmp- ἐπιδείκνυμι@vnpe--"
"Oneir._1.52","χαλκεύω@vnpa-- δέ@b καί@cs παρίστημι@vnra-- ἄκμων@ndfsc ταραχή@nafpc καί@cs λύπη@nafpc σημαίνω@vipa3s ὁ@ddms δέ@b γαμέω@ndmsc προαιρέω@vpredms εὔνους@anafs- μέν@b ὁ@dafs γυνή@nafsc διά@p ὁ@dafp φύω@nafpc συμπνέω@vipa3p γάρ@b μάχιμος@anafs- δέ@b διά@p ὁ@dafp σφῦρα@nafpc ἠχέω@vipa3p γάρ@b περί@p δέ@b ὁ@dgfp ἄλλος@rpgfp τέχνη@ngfpc ἔχω@vppaamp ὁ@danp ὑπόδειγμα@nanpc ὅμοιος@b συμβάλλω@vnpa-- χρή@vipa3s πρός@p ὁ@dafp ὑπόστασις@nafpc ἀφοράω@vppaamp ὁ@dafp τε@b ὁ@dgfp τέχνη@ngfpc καί@cs ὁ@dafp ὁ@dgms εἶδον@vpaagms ἔτι@b καί@b ἐκεῖνος@rpnns ὅσος@ananp- σημαίνω@vipa3p ὁ@dnfp τέχνη@nnfpc ἐάν@cs τις@rpnms αὐτός@rpafp ἐργάζομαι@vnpe-- δόξα@vsaa3s ὁ@danp αὐτός@rpanp σημαίνω@vipa3p καί@b ὁ@dnmp τεχνίτης@nnmpc ὁράω@vppenmp καί@b ὁ@danp ἐργαστήριον@nanpc αὐτός@rpgfp καί@cs ὁ@danp ἐργαλεῖον@nanpc μικρός@angfs- ἐπί@p ὁ@dgnp ἐργαστήριον@ngnpc ὑπεξαίρεσις@ngfsc τηρέω@vppegfs ὅσος@rpanp γάρ@b τέμνω@vipa3s καί@cs διχωρίζω@vipa3s οὗτος@rpanp πᾶς@annnp- διάστασις@nafpc καί@b στάσις@nafpc καί@cs βλάβη@nafpc σημαίνω@vipa3s ὅσος@rpnnp δέ@cs ὁ@dgnp ἐργαστήριον@ngnpc ἑνόω@rpdms συνδέω@vipa3s οὗτος@rpanp ὠφέλεια@nafpc καί@cs γάμος@nampc καί@cs κοινωνία@ngfsc προαγορεύω@vipa3s ἀποδημέω@vnpa-- δέ@b κωλύω@vipa3s ὅσος@rpanp δέ@b λειώ@vipa3s ὁ@dafp ἔχθρα@nafpc παύω@vipa3s ὅσος@rpanp δέ@b ἀπευθύνω@vipa3s ἤ1@cs ὁ@dafs εὐθεῖα@anafs- δείκνυμι@vipa3s ὁ@danp κρυπτός@ananp- ἐλέγχω@vipa3s διό@b καί@b ὁ@dafs γεωμετρία@nafsc πρός@p ὁ@danp τοιοῦτος@rpanp ἐπιτήδειος@anafs- νομίζω@vira1p καί@cs ὁ@damp γεωμέτρης@anamp- ὄναρ@nansc ὁράω@vppeamp"
"Oneir._1.53","γράμμα@nanpp μανθάνω@vnpa-- μή@b οἶδα@vpraams ἀγαθός@anans- τις@rpans μετά@p πόνος@ngmsc καί@cs φόβος@ngmsc ὁ@ddms εἶδον@vpaadms εἰμί@vpfmans προαγορεύω@vipa3s φοβέω@vipe3p γάρ@b ἅμα@b καί@cs πονέω@vipa3p ὁ@dnmp μανθάνω@vppanmp πλήν@cs ἐπί@p ὁ@ddns συμφέρω@vppadns μανθάνω@vipa3p εἰ@cs δέ@b τις@rpnms οἶδα@vpranms γράμμα@nanpc πάλιν@b μανθάνω@vopa3s πονηρός@anams- καί@cs ἄτοπος@anans- νομίζω@vnpa-- χρή@vipa3s παιδαριώδης@annns- γάρ@x ὁ@dnns μανθάνω@vnpa-- διό@b ἀπραξία@nafpc ἅμα@p ὁ@ddmp φόβος@ndmpc καί@cs πόνος@ndmpc σημαίνω@vipa3s μόνος@andms- δέ@b ὁ@ddms ἐπιθυμέω@vppadms παῖς@ngmsc ἀγαθός@anans- ὁ@dans τοιοῦτος@rpans οὐ@b γάρ@b αὐτός@rpnms ἀλλά@cs ὁ@dnms ἐκ@p αὐτός@rpgms γίγνομαι@vpfmnms παῖς@nnmsc μανθάνω@vifm3s γράμμα@nanpc εἰ@cs δέ@b τις@rpnms ἑλληνικός@ananp- μανθάνω@vopa3s γράμμα@nanpc ῥωμαῖος@annms- εἰμί@vppanms ἤ1@cs ῥωμαῖος@ananp- ἕλλην@nafsp ὁ@dnms μέν@b εἰς@p ἑλληνικός@anafp- διατριβή@nafpc ὁ@dnms δέ@cs εἰς@p ῥωμαῖος@anafp- ἀφικνέομαι@vifm3s πολύς@annmp- δέ@b καί@b γαμέω@viaa3p ῥωμαῖος@nnmpp μέν@b ἑλληνίς@nampp ἕλλην@nnmpp δέ@cs ῥωμαῖος@ngfsp τοιοῦτος@anans- εἶδον@vpaanmp ὄνειρος@namsc οἶδα@vira1s δέ@b τις@rpacs ὅς@rpnms δοκέω@viaa3s ῥωμαῖος@ananp- γράμμα@nanpc μανθάνω@vnpa-- καί@cs εἰς@p δοῦλος@namsc κατακρίνω@viap3s οὐ@b δέ@b γάρ@b εἷς@annns- δοῦλος@nnmsc ἑλληνιστί@b διδάσκω@vipe3s βαρβαρικός@ananp- δέ@b γράμμα@nanpc ἀναγιγνώσκω@vnpa-- δοκέω@vnpa-- καλός@b καί@cs ἑκτικός@b εἰς@p βάρβαρος@nampc σημαίνω@vipa3s χώρα@nafpc καί@cs διατριβή@nafpc ἀφικνέομαι@vnam-- καί@b ἐκεῖ@b πράσσω@vnaa-- τις@rpans λαμπρός@anans- ὁ@dans δέ@b κακός@b ἀναγιγνώσκω@vnpa-- ὁ@danp βαρβαρικός@ananp- γράμμα@nanpc κακός@b ἐν@p βάρβαρος@andmp- ἀπαλλαξείω@vnaa-- σημαίνω@vipa3s ἤ1@cs νοσέω@vpaaams παρακόπτω@vnaa-- διά@p ὁ@dans ξένος1@anans- ὁ@dgfs φονεύς@ngfsc οἷος@rpanp δέ@b ἄν@b γράμμα@nanpc τις@rpncs μή@b δύναμαι@vspe3s γράφω@vnpa-- ἀναγιγνώσκω@vnpa-- ἀπραγέω@vifa3s καί@b εἰ@cs μέν@b ὀλίγος@ananp- πρός@p ἡμέρα@nafpc εἰ@cs δέ@b πολύς@ananp- πρός@p μείς@nampc"
"Oneir._1.54","ἐφηβεύω@vnpa-- δοῦλος@nnmsc ἐάν@cs δόξα@vsaa3s ἐλεύθερος@annms- εἰμί@vifm3s ἐπεί@cs μόνος@andmp- ἐλεύθερος@andmp- ἐφίημι@vipa3s ὁ@dnms νόμος@nnmsc πᾶς@andfs- δέ@b χειροτέχνης@ndfsc καί@cs ῥήτωρ@ndmsc σχολή@nafsc καί@cs ἀργία@nafsc εἰς@p ἐνιαυτός@namsc σημαίνω@vipa3s χρή@vipa3s γάρ@b ὁ@dams ἔφηβος@namsc ἐν@p ὁ@ddfs χλαμύς@ndfsc ὁ@dafs δεξιός@nafsc ἔχω@vnpa-- ἐνειλέω@vpreafs διά@p ὁ@dans ἀργός2@nafsc εἰμί@vnpa-- εἰς@p ἔργον@nanpc καί@cs λόγος@nampc εἰς@p ἐνιαυτός@namsc καί@cs μή@b πρόειμι@vnpa-- ὁ@dafs χείρ@nafsc ἐνιαυτός@namsc δέ@b εἶπον@viaa1s διά@p ὁ@dams ὁ@dgfs ἐφηβία@ngfsc χρόνος@namsc εἰ@cs δέ@b πού@b τριετία@nafpc ἐφηβεύω@vipa3p χρόνος@namsc πρός@p ὁ@dans τοπικός@anans- ἐξετάζω@vnpa-- χρή@vipa3s ἀποδημέω@vnpa-- δέ@b κωλύω@vipa3s καί@cs ὁ@dams ἐπί@p ξένη@ngfsc εἰμί@vppaams εἰς@p ὁ@dafs οἰκεῖος@anafs- ἐπανάγω@vipa3s ἔνδημος@anams- γάρ@b χρή@vipa3s εἰμί@vnpa-- ὁ@dams ἐφηβαίευς@vppaams καί@cs ὁ@ddms ἀγάμως@andns- γάμος@namsc προσημαίνει@vipa3s νόμος@ndmsc μέν@b γάρ@b ὁ@dnfs χλαμύς@nnfsc περιτίθημι@vipe3s νόμος@ndmsc δέ@b καί@cs ὁ@dnfs γυνή@nnfsc γαμέω@vipe3s καί@b εἰ@cs μέν@b ὁ@dnfs χλαμύς@nnfsc εἰμί@vopa3s λευκός@annfs- ἐλεύθερος@anafs- ὁ@dnms εἶδον@vpaanms γαμέω@vifa3s εἰ@cs δέ@b μέλας@annfs- ἀπελεύθερος@anafs- εἰ@cs δέ@b πορφύρεος@anafs- εὐγενής@anafsc ἑαυτοῦ@rpgns οὐδαμῶς@b δέ@b δούλη@nafsc εἰ@cs δέ@b τις@rpncs ἐπιθυμέω@vppanms τέκνον@ngnpc καί@b γίγνομαι@vpradms υἱός@namsc ἔχω@vppanms εἶδον@voaa3s ὁ@dans ὄναρ@nansc οὐ@b αὐτός@rpnms ἀλλά@cs ὁ@dnms υἱός@nnmsc αὐτός@rpgms ἐφηβαίευς@vifa3s ἀνήρ@ndmsc δέ@b πρεσβύτης@ndmsc καί@cs ὑπέρ@p ἡλικία@nafsc θάνατος@namsc μαντεύομαι@vipe3s ὁ@dnns ὄναρ@nnnsc καί@cs ὁ@damp παρανομέω@vppaamp ἐλέγχω@vipa3s ὁ@ddmp δέ@x δικαιοπραγέω@vppadmp συλλαμβάνω@vipa3s σχεδόν@b γάρ@b ὁ@dnfs ἐφηβία@nnfsc κανών@nnmsc εἰμί@vipa3s ὀρθός@angms- βίος@ngmsc καί@cs ὑγιής@angns- ἀθλητής@ndfsc δέ@b πρό@p ἔγκρισις@ngfsc πονηρός@annns- ἐπεί@cs ἔκκρισις@nafsc ὡς@cs ὑπέρ@p ἡλικία@nafsc προαγορεύω@vipa3s οὐ@b γάρ@b εἰς@p μακράν@anafs- ὁ@dnms ἔφηβος@nnmsc εἰμί@vifm3s ἀνήρ@nnmsc παλαιστής@ndmsc δέ@b ἀθλέω@vppadms ὁ@dans μή@b κατα λανθάνω@vnaa-- ὁ@dams ἀγών@namsc σημαίνω@vipa3s εἰ@cs δέ@b καταλαμβάνω@voaa3s ὁ@dans μή@b ἀγωνίζομαι@vnam-- οὐ@b γάρ@b ὑπερόριος@annmp- ὁ@dnmp ἔφηβος@nnmpc ἀγωνίζομαι@vipe3p"
"Oneir._1.55","τροχός@namsp ἐλαύνω@vnpa-- πόνος@ndmpc περιπίπτω@vnaa-- σημαίνω@vipa3s ἐκ@p ὅς@rpgmp ἀπόλαυσις@nnfsc ὁ@ddms εἶδον@vpaadms περίειμι1@vifm3s ἁρπαστός@namsc δέ@b καί@cs σφαῖρα@nafsc φιλονεικία@ngfsc ἀπέραντος@anafp- σημαίνω@vipa3p πολλάκις@b δέ@cs καί@b ἑταίρα@ngfsc ἔρως@namsc ἔοικα@vira3s γάρ@b ὁ@dnfs σφαῖρα@nnfsc καί@cs ὁ@dnns ἁρπαστός@annns- ἑταίρα@ndfsc διά@p ὁ@dans μηδαμοῦ@b μένω@vnpa-- καί@cs πρός@p πολύς@anamp- φοιτάω@vnpa-- ἁλτήρ@nnmpc δέ@b καί@cs ὁ@dnfs διά@p αὐτός@rpgmp γυμνασία@nnfsc ὁ@dans μέν@b πάρειμι1@vppaans ἀπραξία@nafpc καί@cs πόνος@nampc αὖθις@b δέ@cs πρᾶξις@nafpc μετά@p ῥᾳστώνη@ngfsc προαγορεύω@vipa3p εἰμί@vipa3s γάρ@b ὁ@dnns τοιοῦτος@rpnns γυμνάσιον@nnnsc οὐδείς@rpnns ἄλλος@rpnns ἤ1@cs παρασκευή@nnfsc χείρ@ngfpc θύλακος@nnmpc δέ@b καί@cs σφήν@nnmpc καί@cs ὑπέραλμα@nnnpc καί@cs ὅσος@annnp- ἄλλος@rpnnp τοιοῦτος@rpnnp γυμνάσιον@annnp- παιδικόν@nnnpc φιλονεικία@nafpc προαγορεύω@vipa3p περί@p δέ@b πάλη@ngfsc ἐν@p ὁ@ddnp περί@p ἀγών@ngmpc λέγω@vifa1p ἵνα@cs μή@b ὁ@danp αὐτός@rpanp δίς@b γράφω@vspa1p"
"Oneir._1.56","σαλπίζω@vnpa-- δοκέω@vnpa-- σάλπιγξ@ndfsc ὁ@ddfs ἱερός@andfs- ἀγαθός@anans- ὁ@ddmp βούλομαι@vppedmp συγγίγνομαι@vnam-- τις@rpdmp καί@cs ὁ@ddmp ἀπόλλυμι@vpradmp ἀνδράποδον@nanpc ἤ@cs τις@rpamp ὁ@dgmp οἰκέτης@ngmpc καί@b γάρ@b ἐν@p πόλεμος@ndmsc συνάγω@vipa3s ὁ@damp σκόρπισμα@vpreamp ὁ@dans ὄργανον@nansc οὗτος@anans- ὁ@dnnp δέ@b κρυπτός@annnp- ἐλέγχω@vipa3s διά@p ὁ@dans μεγαλόφωνος@anans- καί@cs ὁ@damp νοσέω@vppaamp ἀναιρέω@vipa3s σύγκειμαι@vipe3s γάρ@b ἐκ@p ὀστέον@ngmpc καί@cs χαλκός@ngmsc διά@p ὅς@rpgmp ἔχω@vsaa3p μέν@b ὁ@dans πνεῦμα@nansc οὐ@b ὑποστρέφω@vipa3s δέ@cs δοῦλος@nampc δέ@b καί@cs πᾶς@anamp- ὁ@damp ἐν@p ὑπηρεσία@ndfsc εἰμί@vppaamp ὁ@dgfs δουλεία@ngfsc ἐλευθερόω@vipa3s ἴδιος@anans- γάρ@b ἐλεύθερος@vppanms ὁ@dans ὄργανον@nansc στρογγύλος@andfs- δέ@b σάλπιγξ@ndfsc σαλπίζω@vnpa-- πονηρός@annns- οὐ@b γάρ@b ἱερόν@nansc ὁ@dans ὄργανον@nansc ἀλλά@cs πολεμιστήριος@anans- καί@cs ὅσος@rpanp ὁ@ddns στόμα@ndnsc λέγω3@vipa3s ὁ@dnms ὁ@ddns ὄργανον@ndnsc οὗτος@rpdns χράομαι@vppenms ἐπί@p ὁ@dafs κεφαλή@nafsc αὐτός@rpgms ἀνατρέχω@vipa3s ὅθεν@b οὐ@b δέ@cs ἐγκαλέω@vnpa-- τις@rpdmp ἐπιτρέπω@vipa3s οἷος@rpdns δέ@b ἄν@b ὄργανον@ndnsc σαλπίζω@vppagms τις@rpgms τις@rpnms ἀκούω@vsaa3s ταράσσω@vifp3s εἰ@cs δέ@cs αὐτός@rpans μόνος@anans- εἶδον@voaa3s σάλπιγξ@nafsc κενός@andms- περιπίπτω@vifm3s φόβος@ndmsc ὁ@dans δέ@b κηρύσσω@vnpa-- ὁ@danp αὐτός@rpanp ὁ@ddns σαλπίζω@vnpa-- σημαίνω@vipa3s πλήν@b ὅτι@cs ὁ@damp δοῦλος@nampc οὐ@b χάρις@ndfsc ὁ@dgmp δεσπότης@ngmpc ἀλλά@cs ἀναφωνέω@vpaaamp ἐλευθερόω@vnap-- λέγω3@vipa3s αὐλέω@vnpa-- δέ@x πενθικός@andmp- αὐλός@ndmpc πένθος@nansc ἤ1@cs ἀνάλογος@annns- πένθος@ndnsc λύπη@nafsc σημαίνω@vipa3s καί@cs ὁ@damp νοσέω@vppaamp ἀναιρέω@vipa3s καλαμίον@ndmpc δέ@b αὐλέω@vnpa-- ἀγαθός@annns- πᾶς@andmp- καί@cs σπονδαυλέω@vnpa-- ψάλλω@vnpa-- δέ@b καί@cs κιθαρίζω@vnpa-- πρός@p μέν@b γάμος@namsc καί@cs κοινωνία@nafsc ἀγαθός@annns- διά@p ὁ@dafs ἁρμονία@nafsc πρός@p δέ@b ὁ@dafp ἄλλος@anafp- ἐγχείρησις@nafpc πονηρός@annns- καί@cs στάσις@ngfpc αἴτιος@annns- διά@p ὁ@dafs ἐπίτασις@nafsc πολύς@andmp- δέ@cs καί@b ποδάγρα@nafsc αἰνίσσομαι@viam3s διά@p ὁ@danp νεῦρον@nanpc καί@cs ὁ@dans κιθαρῳδέω@vnpa-- δέ@b εἰς@p ὁ@dams αὐτός@rpams κατατακτέον@annns- λόγος@namsc τραγῳδέω@vnpa-- δέ@b ἤ1@b τραγικός@ananp- ἔχω@vnpa-- δρᾶμα@nanpc ἤ1@cs ἀνάπλασμα@nanpc ἤ1@b τραγῳδέω@vppanms ἀκούω@vnpa-- ἤ@cs ἰαμβεῖος@nanpc λέγω3@vnpa-- μιμνήσκω@vpredms μέν@b ὁ@dgnp ἐρῶ@vpregnp κατά@p ὁ@dafs περιοχή@nafsc ὁ@dnnp ἀποτέλεσμα@nnnpc γίγνομαι@vipe3s οὐ@b μιμνήσκω@vpredms δέ@cs ταλαιπωρία@nnfpc καί@b δουλεία@nnfpc καί@b μάχη@nnfpc καί@b ὕβρις@nnfpc καί@b κίνδυνος@nnmpc καί@cs εἰ@cs τις@rpnns οὗτος@rpgnp δεινός@annnsc ἤ1@cs ὠνέομαι@annnsc τοιοῦτος@rpgmp γάρ@b εἰμί@vipa3p ὁ@dnfp τραγῳδία@nnfpc μεστός@annfp- ὁ@dans δέ@b κωμῳδέω@vnpa-- κωμῳδός@ngmpc ἀκούω@vnpa-- κωμικός@ananp- ἔχω@vnpa-- ἀνάπλασμα@nanpc βιβλίον@nanpc ὁ@danp μέν@b ὁ@dgfs παλαιός@angfs- κωμῳδία@ngfsc σκῶμμα@nanpc καί@cs στάσις@nafpc σημαίνω@vipa3s ὁ@dnnp δέ@cs ὁ@dgfs κατά@p ἐγώ@rpamp κωμῳδία@ngfsc ὁ@danp μέν@b ἄλλος@rpanp ἴσος@ananp- ὁ@ddfs τραγῳδία@ndfsc σημαίνω@vipa3s ὁ@danp δέ@cs τέλος@nanpc χρηστός@ananp- καί@cs ἀγαθός@ananp- ὑπαγορεύω@vipa3s τοιοῦτος@rpnfp γάρ@b εἰμί@vipa3p ὁ@dnfp ὑπόθεσις@nnfpc ὁ@dgnp κωμικός@angnp- δρᾶμα@ngnpc χορός@nnmpc δέ@b καί@cs ὑμνῳδία@nnfpc ὑπόκρισις@nafpc καί@cs ἀπάτη@nafpc σημαίνω@vipa3p ὁ@danp γάρ@b οὐ@b πρόσειμι@vppaanp τις@rpdnp κέρδος@ngnpc ἴδιος@angnp- χάρις@p ὁ@dnmp μελοποιός@annmp- σεμνύνω@vipa3p ποιητής@nampc δέ@b καί@b ἱστοριόγραφος@nampc καί@cs πᾶς@anamp- ὁ@damp λογοποιός@nampc εἰς@p ὁ@dafs αὐτός@anafs- ὁ@ddmp χορός@ndmpc ἀνακτέον@annns- μοῖρα@nafsc οὐδείς@rpans διαφέρω@vnpa-- ἡγέομαι@vppmnms ἐάν@cs τε@b αὐτός@annms- τις@rpans οὗτος@rpgnp ποιέω@vnpa-- ὑπολαμβάνω@vsaa3s τις@rpnms ἐάν@cs τε@cs γίγνομαι@vppedmp παρατυγχάνω@vspa3s περί@p δέ@b πυρρίχη@ngfsc καί@cs ὄρχησις@ngfsc μετά@p στροφή@ngfsc ἐν@p ὁ@ddnp περί@p στέφανος@ngmpc λέγω@vifa1p ἔνθα@b καί@cs περί@p ἄσμα@ngnpc καλός@b ἐχω@vipa3s διαλαμβάνω@vnaa-- νυνί@b δέ@b περί@p ὁ@dgnp ἱππικός@angnp- καί@cs γυμνικός@angnp- ἑξῆς@b διαιρέω@vifa1p ἵππος@namsc κέλητης@namsc ἐλαύνω@vnpa-- καλός@b πείθω@vppeams ὁ@ddms ῥυτήρ@ndmsc καί@cs αὐτός@rpdms ὁ@ddms ἐλαύνω@vppadms ἀγαθός@anams- ἐπίσης@vpaagfs πᾶς@andmp- ἵππος@nnmsc γάρ@x γυνή@ndfsc μέν@x καί@cs ἐρώμενος@andfs- ὁ@dams αὐτός@anams- ἔχω@vipa3s λόγος@namsc ὅτι@cs καί@cs ἐπί@p κάλλος@ndnsc μέγας@anans- φρονέω@vipa3s καί@cs ὁ@dams ἐλατήρ@namsc βαστάζω@vipa3s ὅμοιος@annms- δέ@b εἰμί@vipa3s καί@cs πλοῖον@ndnsc ἅλς@nnmsc μέν@b γάρ@b ἵππος@nampc καί@cs ὁ@dnms ποιητής@nnmsc ὁ@dafp ναῦς@nafpc λέγω3@vipa3s ἐγώ@rpnmp δέ@cs ὁ@dams ποσειδῶν@namsp ἥππιος@namsp καλέω@vipa1p καί@cs ὅς@rpams ἔχω@vipa3s λόγος@namsc ἐν@p γῆ@ndfsc ἵππος@nnmsc ὁ@dams αὐτός@anams- καί@b ἐν@p θάλασσα@ndfsc ναῦς@nnfsc ὅμοιος@annms- δέ@b ἄν@b εἰμί@vopa3s καί@cs δεσπότης@ndmsc ἐργοδότης@ndmsc καί@b φίλος@andms- τρέφω@vppadms καί@cs πᾶς@andms- ὁ@ddms βαστάζω@vppadms ὅπως@cs ἄν@b οὖν@b ὁ@dnms ἵππος@nnmsc ὁ@dams εἶδον@vpaaams φέρω@vspa3s οὕτως@b καί@b γυνή@nnfsc καί@b ἐρώμενος@nnfsc καί@b δεσπότης@nnmsc καί@b φίλος@annms- καί@cs ναῦς@nnfsc ὁ@dams εἶδον@vpaaams διατίθημι@vifa3p συνωρίς@nnfsc δέ@b οὐδείς@rpans ἵππος@ngmsc κέλητης@ngmsc διαφέρω@vipa3s εἰ@cs μή@b ὁ@ddmp νοσέω@vppadmp θάνατος@namsc γάρ@b αὐτός@rpdmp προαγορεύω@vipa3s ὥσπερ@cs καί@b ἅρμα@nnnsc τέτρωρος@annns- ὅς@rpnns καί@b αὐτός@rpnns ὁ@danp μέν@b ἄλλος@rpanp ἐπίσης@vpaagfs ὁ@ddms κέλητης@ndmsc σημαίνω@vipa3s ἀθλητής@ngmpc δέ@cs ὁ@ddmp μέν@b ὁ@danp βαρύς@ananp- ἀθλέω@vppadmp ἀγαθός@annns- εἰμί@vopa3s καί@cs νικηφόρος@annns- εἰσελαύνω@vifa3p γάρ@b ὁ@ddmp δέ@b τρέχω@vppadmp ἧσσα@anansc σημαίνω@vipa3s οὐ@b γάρ@b ἱκανός@anamp- εἰμί@vnpa-- ὁ@ddmp πούς@ndmpc ὁ@ddmp ἴδιος@andmp- χράω@vnpe-- φημί@vipa3s ὁ@dans ὄναρ@nansc φημί@vipa1s δέ@b καί@b γυνή@ndfpc καί@cs παρθένος@ndfpc ἐλεύθερος@andfp- ἅμα@b καί@cs πλούσιος@andfp- ἀγαθός@anans- εἰμί@vnpa-- ὁ@dans διά@p πόλις@ngfsc ἅρμα@nansc ἐλαύνω@vnpa-- ἀγαθός@anafp- γάρ@b ἱερωσύνη@nafpc αὐτός@rpdfp περιποιέω@vipa3s πενιχρός@andfp- δέ@b πορνεία@nafsc ὁ@dnns διά@p πόλις@ngfsc ἱππάζομαι@vnpe-- προαγορεύω@vipa3s δοῦλος@ndmpc δέ@b ἐλευθερία@nafsc ἴδιος@annns- γάρ@b ἐλεύθερος@angmp- ὁ@dnns διά@p πόλις@ngfsc ἱππεύω@vnpa-- εἰσελαύνω@vnpa-- δέ@b εἰς@p πόλις@nafsc ἀθλητής@b ἀγαθός@annns- καί@cs νοσέω@vppadms ὁ@dnms μέν@b γάρ@b ἱερονίκης@nnmsc εἰμί@vifm3s ὁ@dnms δέ@cs οὐ@b θνῄσκω@vite3s ὁ@dnns δέ@b ἐξελαύνω@vnpa-- πόλις@ngfsc ἀμφότερος@andmp- κακός@annns- ὁ@dnms μέν@b γάρ@b ἐκφέρω@vifp3s ὁ@dnms δέ@cs οὐ@b νικάω@vifa3s διά@p δέ@b ὁ@dgfs ἐρῆμος@angfs- ἅρμα@nansc ἐλαύνω@vnpa-- πᾶς@andms- δήπουθεν@b ὁ@ddms εἶδον@vpaadms θάνατος@namsc οὐ@b εἰς@p μακράν@anafs- εἰμί@vpfmans προαγορεύω@vipa3s"
"Oneir._1.57","ὁ@dans δέ@b πενταθλέω@vnpa-- δοκέω@vnpa-- ἐπί@p πᾶς@angnp- τηρέω@viaa1s ἀποδημία@nafsc μέν@b πρῶτος@anans- ὁ@dafs ἐκ@p τόπος@ngmsc εἰς@p τόπος@namsc κίνησις@nafsc σημαίνω@vppaans διά@p ὁ@dams δρόμος@namsc ἔπειτα@b δέ@b ζημία@nafpc τις@anacp- ἤ1@cs δαπάνη@nafpc ἄκαιρος@anamp- ἐξοδιασμός@nampc τις@rpacp παρά@p γνώμη@nafsc διά@p ὁ@dams δίσκος@namsc ὅς@rpnms χάλκεος@annms- εἰμί@vppanms ὁ@dgfp χείρ@ngfpc ἀπορρίπτω@vipe3s πολλάκις@b δέ@b ἀνία@nafpc τε@cs καί@cs φροντίς@nafpc ἐπί@p οὗτος@rpdmp διά@p ὁ@danp πήδημα@nanpc ὁ@danp ἐν@p ὁ@ddfs ἁλτήρια@ndfsc συναλλάσσω@vnpe-- γάρ@b φημί@vipa1p καί@b ὁ@damp ἀνιόομαι@vppeamp ἐπί@p ὁ@ddmp προσπίτνω@vpaadmp αἰφνίδιος@anans- ἔτι@b καί@b μάχη@nafpc καί@cs ἀντιλογία@nafpc πρός@p τις@rpacp διά@p ὁ@damp ἀέκων@nampc καί@b ὁ@dams ῥοῖζος@namsc καί@cs ὁ@dans τάχος@nansc ὅς@rpnnp λόγος@ndmpc ἔοικα@vira3s εὔτονος@andmp- ἔπειτα@b περί@p γῆ@ngfsc πρός@p τις@rpacp μάχη@nafsc ὁ@ddmp εὔπορος@andmp- ὁ@ddmp δέ@b ἄπορος@andmp- νόσος@nafsc διά@p ὁ@dafs πάλη@nafsc ὁ@dafs δέ@b αἰτία@nafsc ὁ@dnms ἔπειμι1@vppanms λόγος@nnmsc δηλόω@vifa3s"
"Oneir._1.58","τρέχω@vnpa-- ἁπλόος@anams- δρόμος@namsc πᾶς@andmp- ἀγαθός@annns- πλήν@p νοσέω@vppagmp ὅταν@cs γε@x νικάω@vnpa-- ὑπολαμβάνω@vsaa3p ὁ@dnmp μέν@b γάρ@b ἐπί@p ὁ@dans τέρμα@nansc ὁ@dgmp πρόκειμαι@vppegnp ἀφικνέομαι@vifm3p διό@b καί@b ὁ@dnmp δοῦλος@nnmpc ἐλευθερόω@vipe3p ἐπί@p οὗτος@andns- ὁ@ddms ὄνειρος@ndmsc ὁ@dnmp δέ@b ἐπί@p ὁ@dans πέρας@nansc ὁ@dgms βίος@ngmsc ὁ@dans ζάω@vnpa-- τελευτάω@vpaanmp ἀφικνέομαι@vifm3p ὁ@dnms δέ@b δίαυλος@nnmsc ὁ@danp αὐτός@rpanp ὁ@ddms στάδιον@ndnsc σημαίνω@vppanms ἐκ@p παρενθήκη@ngfsc ἕκαστος@ananp- ποιέω@vnpa-- ἔθω@vira3s ὡς@cs καί@b ὁ@dnms δόλιχος@nnmsc ἐκ@p πολύς@angfp- ὑπερθέσεως@ngfpc ἐξαιρετός@b δέ@b ὁ@dnms δόλιχος@nnmsc γυνή@ndfpc πορνεία@nafsc καί@b ἑταιρικός@anams- βίος@namsc προαγορεύω@vipa3s"
"Oneir._1.59","ἐγκρίνω@vnpe-- πᾶς@andmp- ἀγαθός@annns- ἀθλητής@ndmpc δέ@b παῖς@ndmpc μέν@b οὐ@b ἐπίσημον@annns- διά@p ὁ@dafs ὁ@dgfs ἔγκρισις@ngfsc ἡλικία@nafsc ἀνήρ@ndmpc δέ@cs ἄπρακτος@annns- παιδικός@annfs- γάρ@b ὁ@dnfs ἔγκρισις@nnfsc ὁ@dnns δέ@b δοκέω@vnpa-- ἐκκρίνω@vnpe-- πᾶς@anamp- βλάπτω@anams- ἔτι@b καί@cs ὁ@damp νοσέω@vppaamp ἀναιρέω@vipa3s οἶδα@vira1s δέ@b τις@rpams ὅς@rpnms δοκέω@viaa3s ὀλυμπία@b ἐκκρίνω@vnpe-- καί@cs εἰς@p μέταλλον@nansc κατακρίνω@viap3s διά@p ὁ@dans ὁ@dgms ἱερόν@angms- ἀγών@ngmsc μή@b μέτειμι1@vnaa-- αὐτός@rpdms"
"Oneir._1.60","παλαίω@vnpa-- τις@rpdms ὁ@rpgmp ἀπό@p αἷμα@ngnsc ἤ1@cs φίλος@andms- στασιάζω@vnaa-- πρός@p αὐτός@rpams καί@cs φιλονεικέω@vnaa-- σημαίνω@vipa3s ἐπί@p δέ@b ὁ@dgmp ἤδη@b στασιάζω@vppagmp ὁπότερος@angms- ἄν@b παλαίω@vppagms ὄναρ@nnnsc ὁ@dnfs νίκη@nnfsc γίγνομαι@vsam3s οὗτος@rpgms καί@b μετά@p ἡμέρα@nafsc ὁ@dnns κράτος@nnnsc εἰμί@vifm3s εἰ@cs μή@b περί@p γῆ@ngfsc μάχομαι@vope3p ἐν@p γάρ@b ὁ@ddfp τοιοῦτος@andfp- ἀμφισβήτησις@ndfpc ἀμείνων@annnsc πίπτω@vnpa-- εἰ@cs μή@b καί@b ῥήγνυμι@annmsc τις@rpncs κάτωθεν@b εἰμί@vopa3s ὁ@dgns γάρ@b πρός@p ὁ@ddfs γῆ@ndfsc γίγνομαι@vppegns καί@cs ὁ@dnfs γῆ@nnfsc γίγνομαι@vipe3s οἶδα@vira1s δέ@b τις@rpacs ὅς@rpnms δοκέω@viaa3s παλαίω@vnpa-- καί@b ἐκ@p δάκτυλος@ngmpc δύο@ περί@p εἷς@ ὁ@dans λέγω3@vppeans ποιέω@vpaanms ῥήγνυμι@vnaa-- ὁ@dams ἀντίπαλος@anams- οὗτος@rpdms συμβαίνω@viaa3s νικάω@vnaa-- γράμμα@ngnpc ἐπιλαμβάνω@vppednp ὑπό@p ὁ@dgms ἀντίδικος@angms- γράφω@vpregnp ὁ@dnns δέ@b πρός@p τις@rpams ὁ@dgmp οὐ@b γνώριμος@angmp- παλαίω@vnpa-- κίνδυνος@nampc διά@p νόσος@ngfpc ἐπιφέρω@vipa3s ὅσπερ@rpans γάρ@b ὁ@dnms παλαιστής@nnmsc βούλομαι@vipe3s ὁ@dams ἀντίπαλος@anams- διατίθημι@vnaa-- οὗτος@rpans καί@b ὁ@dnfs νόσος@nnfsc ὁ@dams κάμνω@vppaams οὗτος@rpans εἰμί@vipa3s ὁ@ddfs γῆ@ndfsc δίδωμι@vnaa-- πίπτω@vpaadms μέν@b οὖν@b ἀπόκειμαι@vipe3s θάνατος@nnmsc ῥήγνυμι@vpaadms δέ@b σωτηρία@nnfsc ἔτι@b καί@b ὁ@dnns ἀνήρ@namsc εἰμί@vppaams παῖς@ndmsc παλαίω@vnpa-- οὐδαμῶς@b ἀγαθός@annns- ἐάν@cs τε@cs γάρ@b ῥήγνυμι@vsaa3s ὁ@dams παῖς@namsc καταθάπτω@vifa3s τις@rpacs ἐάν@cs τε@cs ὑπό@p ὁ@dgms παῖς@ngmsc καταπαλαίω@vsap3s πρός@ngfsc ὁ@rpdfs ματαιοπονία@nnfsc καί@b χλεύη@nafsc καί@cs νόσος@nafsc ὑπομένω@vifa3s χλεύη@nafsc μέν@b διά@p ὁ@dans ἀκόλουθος@anans- νόσος@nafsc δέ@b διά@p ὁ@dans ἁπαλός@angnsc σῶμα@ngnsc ἡσσάομαι@vnpe-- παῖς@ndcsc δέ@b ἀγαθός@annns- ὁ@dnns ἀνήρ@namsc καταπαλαίω@vnaa-- ὁ@dgnp γάρ@b παρά@p προσδοκία@nafsc μέγας@angnp- τυγχάνω@vifm3s ἀλλά@b οὐ@b ἀθλητής@andfs- παῖς@ndfsc ἀγαθός@annns- οὐ@b γάρ@b ἐγκρίνω@vnap-- σημαίνω@vipa3s ὁ@ddmp παῖς@ndcpc νεκρός@andms- δέ@b παλαίω@vnpa-- νοσέω@vnaa-- σημαίνω@vipa3s ἤ@cs ὁ@dgmp ὁ@dgms νεκρός@angms- ἔκγονος@angmp- τις@rpdms ἤ1@cs κληρονόμος@ngmpc φιλονεικέω@vnaa-- ἀεί@b δέ@x ἀμείνων@annnsc ὁ@dnns ῥήγνυμι@vnpa--"
"Oneir._1.61","πυκτεύω@vnpa-- πᾶς@andms- βλαβερός@annns- πρός@p γάρ@b ὁ@ddfp αἰσχύνη@ndfpc καί@b βλάβη@nafpc σημαίνω@vipa3s καί@cs γάρ@b ἄσχημος@annns- γίγνομαι@vipe3s ὁ@dnns πρόσωπον@nnnsc καί@cs αἷμα@nnnsc ἀποκρίνω@vipe3s ὅσπερ@rpans ἀργύριον@nansc εἰμί@vnpa-- νομίζω@vire3s ἀγαθός@annns- δέ@b μόνος@andmp- ὁ@ddmp ἐκ@p αἷμα@ngnsc πορίζω@vppedmp λέγω3@vipa1s δέ@b ἰατρός@andmp- θύτης@ndmpc μάγειρος@andmp-"
"Oneir._1.62","ὁ@dnns δέ@b παγκράτιον@nnnsc ὁ@danp αὐτός@rpanp ὁ@ddfs πάλη@ndfsc καί@cs ὁ@ddfs πυγμή@ndfsc σημαίνω@vipa3s πλήν@p ὁ@dgfs βλάβη@ngfsc ἰσχυρός@anafpc δέ@b ὁ@dafp στάσις@nafpc ἐπιφέρω@vipa3s διά@p ὁ@dafs μάχη@nafsc ἀεί@b δέ@b ἀμείνων@annnsc ἐν@p ἀμφότερος@andnp- νικάω@vnpa-- ὅπως@cs δέ@b ἄν@b ἀγωνίζομαι@vsam3s δοῦλος@nnmsc ἐν@p ἱερόν@andms- ἀγών@ndmsc καί@b νικάω@vsaa3s καί@cs στεφανόω@vsap3s ἀνακηρύσσω@vpapnms ἐλεύθερος@annms- εἰμί@vifm3s ἴδιος@ananp- γάρ@b οὗτος@rpanp ἐλεύθερος@angmp- μιμνήσκω@vnre-- δέ@b χρή@vipa3s ὅτι@cs ἐν@p ἱερόν@andms- ἀγών@ndmsc μόνος@b ἐπεί@cs ἀλλαχόθι@b γε@b οὐ@b εἰμί@vipa3s ὁ@dnns αὐτός@rpnns καί@cs ὁ@ddmp ἄλλος@rpdmp δέ@b ἄνθρωπος@ndmpc ὁ@danp ἆθλον@nanpc καί@b ὁ@danp ἀγαθός@ananp- καί@cs ὁ@danp κακός@ananp- ἐπί@p τέλος@nansc ἄγω@vipa3s ὅταν@cs μέχρι@p στέφανος@ngmsc τις@rpnms ἀφικνέομαι@vsam3s"
"Oneir._1.63","ὁ@dnns δέ@b ὅπλον@nnnsc λέγω3@vppenns ἐπί@p πᾶς@angnp- πᾶς@andmp- παρολκή@nafpc σημαίνω@vipa3s τελευταῖος@anans- γάρ@b καί@b ἐπί@p πᾶς@andnp- ὁ@dnns ἆθλον@nnnsc ὁ@ddmp δέ@b νοσέω@vppadmp διά@p αὐτός@rpans οὗτος@rpnns θάνατος@namsc σημαίνω@vipa3s"
"Oneir._1.64","ὁ@dnmp μέν@x πάνυ@b παλαιός@annmp- ὁ@dans λούω@vnpe-- οὐ@b κακός@anans- νομίζω@viia3p βαλανεῖον@nanpc γάρ@b οὐ@b οἶδα@vila3p ἐπεί@cs ἐν@p ὁ@ddfp λέγω3@vppedfp ἀσάμινθος@ndfpc λούω@viie3p ὁ@dnmp δέ@b μεταγενής@annmp- ἤδη@b καί@b βαλανεῖον@ngnpc εἰμί@vppagnp ὁ@dnns τε@b λούω@vnpe-- κακός@anans- νομίζω@viia3p καί@cs βαλανεῖον@nansc εἶδον@vnaa-- καί@b εἰ@cs μή@b λούω@vope3s τις@rpnms καί@b δοκέω@viia3p ταραχή@nafsc μέν@b σημαίνω@vnpa-- ὁ@dans βαλανεῖον@nansc διά@p ὁ@dams ἐν@p αὐτός@rpdns γίγνομαι@vppeams θόρυβος@namsc βλάβη@nafsc δέ@b διά@p ὁ@dams ἀποκρίνω@vppeams ἱδρώς@namsc ἔτι@b δέ@cs καί@b ἀγωνία@nafsc καί@cs δεῖμα@nansc ὁ@dgfs ψυχή@ngfsc διά@p ὁ@dans τρέπω@vnpe-- ὁ@dams χρώς@namsc καί@cs ὁ@dafs ἐπιφάνεια@nafsc ὁ@dgns σῶμα@ngnsc ἐν@p ὁ@ddns βαλανεῖον@ndnsc καί@b ὁ@dgmp νῦν@b τις@rpnmp ἀκολουθέω@vppanmp ὁ@ddfs παλαιός@andfs- γνώμη@ndfsc κατά@p ὁ@dans αὐτός@rpanp κρίνω@vipa3p πλανάω@vprenmp καί@cs μή@b ὁ@ddfs πειράω@ndfsc ἀκολουθέω@vppanmp πάλαι@b μέν@b γάρ@b ἔοικα@vpranns πονηρός@ananp- εἰμί@vnpa-- ὁ@danp βαλανεῖον@nanpc ἐπεί@cs μή@b συνεχής@b λούω@viie3p ὁ@dnmp ἄνθρωπος@nnmpc μη@b δέ@cs ἔχω@viia3p τοσοῦτος@rpanp βαλανεῖον@nanpc ἀλλά@cs πόλεμος@namsc καταστρέφω@vpamnmp ἤ1@cs μέγας@angms- ἀποπαύω@vpamnmp πόνος@ngmsc λούω@viie3p εἰμί@viia3s οὖν@b αὐτός@rpdmp ὑπόμνημα@nnnsc πόνος@ngmsc πόλεμος@ngmsc ὁ@dnns βαλανεῖον@vnfa-- καί@cs αὐτός@rpnns ὁ@dnns λούω@vnpe-- νῦν@b δέ@b ὁ@dnmp μέν@b οὐ@b πρότερος@b ἐσθίω@vipa3p εἰ@cs μή@b λούω@vope3p ὁ@dnmp δέ@cs καί@b ἐμφαγών@vpaanmp εἶτα@b δή@b λούω@vipe3p μέλλω@vppanmp δειπνέω@vnfa-- καί@cs εἰμί@vipa3s νῦν@b ὁ@dnns βαλανεῖον@nnnsc οὐδείς@anans- ἄλλος@annns- ἤ1@cs ὁδός@nnmsc ἐπί@p τρυφή@nafsc τοιγάρ@b λούω@vnpe-- ἐν@p βαλανεῖον@ndnpc καλός@andnp- καί@cs φωτεινός@andnp- καί@cs ἀήρ@nnmsc εὐκράτης@b ἔχω@vipa3p ἀγαθός@anans- καί@cs εὐπορία@nafsc ἅμα@nansc καί@cs εὐπραξία@nafsc ὁ@ddmp ἐρρωμένος@vppedmp σημαίνω@vppanns καί@cs ὁ@ddmp νοσέω@vppadmp ὑγεῖα@anafs- ἐρρωμένος@vppegmp γάρ@b ὁ@dnns λούω@vnpe-- μή@b πρός@p ἀνάγκη@nafsc γε@b εἰμί@vppagnp εἰ@cs δέ@b τις@rpnms λούω@vope3s κατά@p ὅς@anams- οὐ@b προσήκω@vipa3s τρόπος@namsc οὐ@b ἀγαθός@annns- αὐτός@rpdms οἷος@anans- εἰ@cs τις@rpnms ἅμα@p ὁ@ddnp ἱμάτιον@ndnpc εἰς@p ὁ@dans θερμός@anans- εἴσειμι@vopa3s νόσος@nafsc σημαίνω@vipa3s καί@cs μέγας@anafp- ἀγωνία@nafpc αὐτός@rpdms ὁ@dnmp γάρ@b νοσέω@vppanmp εἴσειμι@vira3p ἐνδύω@vprenmp καί@b ὁ@dnmp περί@p μέγας@angnp- ἀγωνιάω@vppanmp καί@cs ἐν@p ὁ@ddnp ἱμάτιον@ndnpc ἱδρόω@vipa3p πονηρός@annns- δέ@b καί@b πένης@ndmsc ὁ@dnns μετά@p θεραπεία@ngfsc καί@cs πολύς@angmp- τις@rpgmp περίἔπειμι1@vppagmp αὐτός@rpams λούω@vnpe-- νόσος@nafsc γάρ@b αὐτός@rpdms μακράν@anafs- σημαίνω@vipa3s οὐ@b γάρ@b ἄλλως@b πένης@nnmsc μετά@p πολύς@angmp- λούω@vipe3s ὅμοιος@b δέ@b καί@b πλούσιος@andns- πονηρός@annns- ὁ@dnns μόνος@anans- λούω@vnpe-- κοινῇ@b δέ@b πᾶς@andmp- ἄτοπος@annns- ὁ@dnns μή@b δύναμαι@vnpe-- ἱδρόω@vppaans ὕπαιθρος@nansc ὁ@dans βαλανεῖον@nansc γίγνομαι@vpamans εἶδον@vnaa-- ἀπόλλυμι@vpaaafs ὁ@dafs ὀροφή@nafsc ἤ@cs μή@b εὑρίσκω@vnpa-- ὕδωρ@nansc ἐν@p ὁ@ddfp δεξαμενή@ndfpc οὗτος@rpnns γάρ@b καί@b παντελής@b ἄτοπος@annns- ὅς@rpanp γάρ@x ἐλπίζω@vipa3s τις@rpnms οὐ@b τελέω@vifa3s καί@b μάλιστα@b γε@x εἰ@cs ἐν@p ὄχλος@ndmsc ἤ1@cs ἐκ@p ὄχλος@ngmsc πορίζω@vopa3s οἶδα@vira1s δέ@b τις@anams- κιθαρῳδός@namsc ἐνσμύω@ndfsc μέλλω@vppaams ἀγωνίζομαι@vnpe-- ὁ@dams ἱερόν@anams- ἀγών@namsc ὁ@dams ἀδριανός@ngmsp ὅς@rpnms δοκέω@viaa3s λούω@vpfmnms ὕδωρ@nansc μή@b εὑρίσκω@vnaa-- ἐν@p ὁ@ddns βαλανεῖον@ndnsc καί@b συμβαίνω@viaa3s αὐτός@rpdms διαφθείρω@vpaadms ὁ@dams ἀγών@namsc καταφανής@andms- γίγνομαι@vnam-- καί@b ζημιόω@vnap-- καί@cs ἐκβάλλω@vnap-- ὁ@dgms ἀγών@ngmsc καί@cs οὗτος@rpnns εἰμί@viia3s ὅσπερ@rpans σημαίνω@viia3s αὐτός@rpdms ὁ@dans ὄναρ@nansc μή@b εὑρίσκω@vnaa-- ὅς@rpans ζητέω@viia3s σημαίνω@vppagns ὁ@dgns βαλανεῖον@ngnsc ὁ@dans θέατρον@nansc λούω@vnpe-- δέ@x θερμός@andnp- ὕδωρ@ndnpc λέγω3@vipa1s δέ@x ὁ@ddnp αὐτοφυής@andnp- ὁ@ddmp μέν@b νοσέω@vppadmp ὑγεία@nafsc ὁ@ddmp δέ@b ἐρρωμένος@vppedmp ἀπραξία@nafsc σημαίνω@vipa3s ἤ@cs γάρ@b ἀναλαμβάνω@vppanmp ἤ1@cs ἀπραγέω@vppanmp εἰς@p θερμός@ananp- πορεύω@vipe3p ἀγαθός@annns- δέ@b καί@cs ἐν@p πηγαί@ndfpc καί@cs ἐν@p λίμνη@ndfpc καί@cs ἐν@p κρήνη@ndfpc καί@cs ἐν@p ποταμός@ndmpc καθαρός@anans- καί@cs διειδής@anans- ἔχω@vppadmp ὕδωρ@nansc λούω@vnpe-- ἀλλά@cs οὐ@b κολυμβάω@vnpe-- ἐπεί@cs ὁ@dnns γε@vpamgns κολυμβάω@vnpe-- πᾶς@andmp- πονηρός@annns- καί@cs κίνδυνος@ngmsc καί@cs νόσος@ngfsc σύμβολον@nnnsc ὁ@dafs δέ@b αἰτία@nafsc πανύασις@nnmsp ὁ@dnms ἁλικαρνασσεύς@nnmsp ἐπιμελής@b ἐξηγέομαι@viam3s στερλγίς@nnfpc δέ@b καί@b ξύστρα@nnfpc καί@cs καταμαγεῖα@nnnpc θεράπων@nampc σημαίνω@vipa3p ὅθεν@b εἰ@cs τις@rpnms ἀπόλλυμι@voaa3s τις@rpans οὗτος@rpgnp ἀνδράποδον@nansc ἀπόλλυμι@vifa3s ὁ@dgnp πρός@p θεραπεία@nafsc ἐπιτήδειος@angnp- ἴδιος@b δέ@b ὁ@dnfp ξύστρα@nnfpc καί@cs βλάβη@ngfsc εἰμί@vipa3p σημαντικός@annfp- διά@p ὁ@dans ἀποξύω@vnpa-- ὁ@dams ἱδρώς@namsc καί@cs μή@b προστίθημι@vnpa-- τις@rpans ὁ@ddns σῶμα@ndnsc εἰμί@vipa3s δέ@b ὅτε@cs καί@b ἑταίρα@nafsc αἰνίσσομαι@viam3p ὁ@dans γάρ@b αὐτός@rpans καί@b ἑταίρα@nnfsc ὁ@ddns σῶμα@ndnsc πρόσειμι1@vppanfs ποιέω@vipa3s λήκυθος@nnmsc δέ@b καί@cs ξυστροφύλαξ@nnmsc ὅς@rpdmp μέν@b γυνή@nafsc οἰκουρός@anafs- ἤ1@cs πιστός@anafs- θεράπαινα@nafsc ὅς@rpdmp δέ@cs οἰκέτης@namsc χρήσιμος@anams- σημαίνω@vipa3p"
"Oneir._1.65","περί@p τροφή@ngfsc διαλαμβάνω@vppaamp ἀναγκαῖος@annns- εἰμί@vipa3s διαιρέω@vnaa-- ὑπέρ@p εὔσημος@angfs- διδασκαλία@ngfsc καί@cs μή@b συγχέω@vnpa-- ὁ@danp ξηρός@ananp- ὁ@ddmp ὑγρός@andmp- ἔτι@b καί@b ὁ@dgfs ξηρός@angfs- ὁ@dans ποιός@vppaans ἅμα@b καί@cs ὁ@dgfs ὑγρός@angfs- ἴδιος@andfs- ἕκαστος@anans- διαλαμβάνω@vifm1p καί@b πρῶτος@anans- μέν@b περί@p ὁ@dgfs ὑγρός@angfs- λέγω@vifa1p τροφή@ngfsc"
"Oneir._1.66","πίνω@vnpa-- ὕδωρ@nansc ψυχρός@anans- ἀγαθός@annns- πᾶς@andmp- θερμός@annns- δέ@b ὕδωρ@nnnsc νόσος@nafpc ἤ1@cs ἀπραξία@nafpc σημαίνω@vipa3s πᾶς@andmp- χωρίς@p ὁ@dgmp ἔθος@nansc ἔχω@vppagmp οὐ@b γάρ@b κατά@p φύσις@nafsc ἔχω@vipa3s ὁ@dnns θερμός@annns- ὕδωρ@nnnsc οἶνος@namsc δέ@b πίνω@vnpa-- ὀλίγος@anams- μή@b ἐν@p μέγας@andnp- ποτήριον@ndnpc καί@cs μή@b μεθύσκω@vnpe-- ἀγαθός@annns- δοκέω@vipa3s δέ@b ἐγώ@rpdms ἐν@p καιρός@ndmsc ἄν@b τις@rpnms εἶπον@vnaa-- ὁ@dans ξενοφῶν@ngmsp ὁ@dgms σωκρατικός@angms- ὁ@dnms σἶνες@nnmsc ὁ@dafp μέν@b λύπη@nafpc ὥσπερ@cs μανδραγόρας@anamp- ἀνήρ@nampc κοιμίζω@vipa3s ὁ@dafp δέ@cs φιλόφρων@nafpc ὥσπερ@cs ἔλαιον@nnnsc φλόξ@nafsc ἐγείρω@vipa3s οὗτος@rpgns δέ@b ἕνεκα@p προσήκω@vipa3s ὁ@dans αὐτάρκης@nansc καί@b ὀλίγος@anans- δοκέω@vnpa-- πίνω@vnpa-- ἐπεί@b ὁ@dnns γε@b πολύς@anams- καί@cs ἄμετρος@anams- πίνω@vnpa-- πολύς@angnp- κακός@angnp- αἴτιος@annns- καθίστημι@vipe3s πᾶς@andmp- ἐπίσης@vppagfs ἐνταῦθα@b δέ@x ἀρθόω@b ἄν@x τις@rpnms εἶπον@voaa3s ὁ@rpans θεόγνις@ngmsp οἶνος@nnmsc πίνω@vppenms πολύς@annms- κακός@annms- ἐάν@cs δέ@b τις@rpnms αὐτός@rpams πίνω@vspa3s ἐπισταμένως@b οὐ@b κακός@annms- ἀλλά@cs ἀγαθός@annms- ἐγώ@rpnms δέ@b φημί@vipa1s οὐ@b μόνος@anans- ὁ@dans πίνω@vnpa-- πολύς@anams- οἶνος@namsc εἰμί@vnpa-- πονηρός@anans- ἀλλά@cs καί@b ὁ@dans ἐν@p πολύς@andmp- πίνω@vppadmp ἀναστρέφω@vnpe-- ἕπομαι@vipe3s γάρ@b ἀεί@b ὁ@ddfs μέθη@ndfsc παροινία@nnfsc ἐκ@p ὅς@rpgfs στάσις@nnfsc ὁ@dnfs πόλεμος@ngmsc μήτηρ@nnfsc γεννάω@vipe3s οἰνόμελις@nansc δέ@b καί@cs μελίμηλος@nansc καί@cs ὑδρόμηλος@nafsc καί@cs μυρτίτης@namsc καί@cs πᾶς@anams- ὁ@dams σκευάζω@vpreams οἶνος@namsc πίνω@vnpa-- πλούσιος@andmp- μέν@b ἀγαθός@anams- διά@p ὁ@dans τρυφάω@vnpa-- πένης@ndmpc δέ@cs μοχθηρός@anams- οὐ@b γάρ@b πρότερος@anans- ὁρμάω@vipa3p ἐπί@p ὁ@danp τοιοῦτος@rpanp ποτόν@nanpc εἰ@cs μή@b ὑπό@p νόσος@ngfsc ἀναγκάζω@vope3p ὄξος@nnmsc δέ@b πίνω@vnpa-- δοκέω@vnpa-- στασιάζω@vnaa-- σημαίνω@vipa3s πρός@p ὁ@damp οἰκεῖος@anamp- διά@p ὁ@dafs ὁ@dgns στόμα@ngnsc συστροφή@nafsc γάρος@b δέ@x πίνω@vnpa-- φθίσις@ndfpc σημαίνω@vipa3s εἰμί@vipa3s γάρ@b οὐδείς@rpans ἄλλος@rpnns ὁ@dnms γάρος@nnmsc ἤ1@cs σηπεδών@nnmsc ἔλαιον@nansc δέ@b πίνω@vnpa-- φαρμακία@anafs- νόσος@nafsc σημαίνω@vipa3s ἀεί@b δέ@b ἀγαθός@annns- ὁ@dnns διψάω@vppaams πίνω@vnpa-- ὁ@dans δέ@b μή@b εὑρίσκω@vnaa-- ὅς@cs τίς@rpans τις@rpncs πίνω@vsaa3s καί@cs ἐπί@p ποταμός@namsc ἤ1@cs κρήνη@nafsc ἤ1@cs φρέαρ@nansc ἔρχομαι@vpaaams μή@b καταλαμβάνω@vnaa-- ὕδωρ@nansc οὐδείς@rpans ὁ@dgnp κατά@p ἐπιθυμία@nafsc πράσσω@vnaa-- σημαίνω@vipa3s ὁ@dnns μέν@b γάρ@b διψάω@vnpa-- οὐδείς@rpnns ἄλλος@rpnns εἰμί@vipa3s ἤ1@cs ἐπιθυμέω@vnpa-- ὁ@dnns δέ@cs πίνω@vnpa-- ὁ@dgfs ἐπιθυμία@ngfsc ἀνάπαυλα@nafsc ἔχω@vipa3s χρή@vipa3s δέ@b καί@b οὗτος@rpans σκοπέω@vnpa-- ὅτι@cs ὁ@dgnp ποτήριον@ngnpc ὁ@dnnp μέν@b χρύσεος@ananp- καί@cs ἀργύρεος@annnp- καί@cs ὀστράκινος@nanpc πᾶς@andnp- ἀγαθός@annnp- καί@cs ἀσφάλεια@ngfsc πολύς@angfs- σημαντικός@annnp- καθίστημι@vipe3s ὁ@dnnp μέν@b ὡς@cs ἐκ@p ὕλη@ngfsc στερεός@angfs- ὁ@dnnp δέ@b ὡς@cs ἐκ@p σύντροφος@angns- ἔτι@b καί@b ὁ@dnnp κεράτινος@annnp- διά@p ὁ@dafs ἀρχαιότης@nafsc καί@cs διά@p ὁ@dans ἄθραυστος@anans- ἀγαθός@annnp- ὁ@dnnp δέ@b ὑάλινος@nnnpc μοχθηρός@annnp- διά@p ὁ@dafs ὕλη@nafsc εἰμί@vipa3s δέ@cs ὅτε@cs καί@b κίνδυνος@ngmpc προαγορευτικός@annnp- διά@p ὁ@dans εὐκατέακτος@anans- καί@cs ὁ@dnnp κρυπτός@annnp- ἐλέγχω@vipa3s διά@p ὁ@dans διαφανής@anans- εἰμί@vipa3s δέ@b τις@rpncs καί@b ἕτερος@annms- λόγος@nnmsc ὀρθός@b ἔχω@vppanms ὡς@cs ἄρα@b ὁ@dnnp ποτήριον@nnnpc σημαίνω@vipa3s ὁ@damp πρόσειμι1@vppaamp ὁ@ddnp χεῖλος@ndnpc ὅθεν@b εἰ@cs κατεάω@vope3s οὗτος@rpgmp τις@rpamp ἀποθνῄσκω@vnfm-- δηλόω@vipa3s εἰ@cs δέ@b τις@rpnms εἰμί@vopa3s μόνος@annms- αὐτός@rpdms θάνατος@namsc σημαίνω@vipa3s οὗτος@rpans δέ@b καί@b αὐτός@annms- τηρέω@viaa1s ὁ@ddmp δέ@b πλέω@vppadmp ὁ@dnns δοκέω@vnpa-- κατεάσσω@vnpa-- ποτήριον@nanpc ναυάγιον@nnnsc προαγορεύω@vipa3s οὗτος@rpnfs μέν@b οὖν@b ὁ@dnfs παλαιός@annfs- διαίρεσις@nnfsc νυνί@b δέ@b πολλάκις@b ἀποβαίνω@vpaanms εἰς@p ἐγώ@rpacp ἔρχομαι@viaa3s ὄναρ@nnnsc τοιοῦτος@rpnns εἰμί@vipa3s τις@rpnnp ὁ@dgnp ποτήριον@ngnpc στενόστομος@annnp- οὐ@b πάλαι@b ὑπό@p ἄνθρωπος@ngmpc εὐρέω@vprennp οὗτος@rpnnp κατεάσσω@vppennp πᾶς@angfs- θλίψις@ngfsc καί@cs στενοχυρία@ngfsc λύσις@nafsc ὑπισχνέομαι@vipe3s"
"Oneir._1.67","ἑξῆς@b δέ@b περί@p τροφή@ngfsc ξηρός@angfs- ποιέω@vppenmp ὁ@dams λόγος@namsc ἄρχω@vifm1p ἀπό@p λάχανον@ngnpc ὁ@dgnp λάχανον@ngnpc ὅσος@rpnnp ὄζω@nnnpc μετά@p ὁ@dans ἐσθίω@vnap-- ὁ@dnnp κρυπτός@annnp- ἐλέγχω@vipa3s καί@cs πρός@p ὁ@damp συνοικέω@vppaamp μῖσος@nnnsc ἐργάζομαι@vipe3s οἷος@rpans ῥάφανος@ngmsc σέρις@nnfsc πράσον@vpaanfs ὁ@danp κείρω@vppeanp ὅσος@rpnnp δέ@b ἀποξυόω@vipe3s τρωκτός@annnp- εἰμί@vppannp βλάβη@nafsc σημαίνω@vipa3s διά@p ὁ@dafs ἀποβολή@nafsc ὁ@dgnp περισσός@angnp- οἷος@rpans θριδακῖνοι@vnaa-- καί@cs εἰ@cs τις@rpnns ἄλλος@rpnns ὅμοιος@annns- κίτριον@nnfsc δέ@b διά@p ὁ@dans ἀκανθώδης@anans- καί@cs ὀξύς@anans- ὀδύνη@ngfsc σημαίνω@vipa3s ἔτι@b καί@b ἀνεργασία@nafpc εἰμί@vipa3s ἄτροφος@annnp- τεῦτλον@nnnsc μαλάχη@annnp- λάπαθα@annnp- ὀξυλάπαθος@annnp- ἀδράφαξ@nnfsc καταχρέομαι@andmp- μόνος@andmp- εἰμί@vipa3s ἀγαθός@annnp- διά@p ὁ@dans ὁ@dafs γαστήρ@nafsc ἐκταράσσω@vnpa-- καί@cs ὁ@danp ὑπόκειμαι@vppeanp σκύβαλον@nanpc ὑπεξάγω@vnpa-- ἴδιος@b γάρ@b ὁ@dnfs γαστήρ@nnfsc καί@cs ἕτερος@ananp- δανειστής@ndmsc ἔοικα@vira3s κεφαλωτός@annnp- δέ@b καί@b σταφυλῖνος@nnmpc καί@cs ὅσος@annnp- ἄλλος@rpnnp εἰμί@vipa3s τρόφιμος@nnnpc ὠφέλεια@ngfpc εἰμί@vipa3s σημαντικός@annnp- μόνος@andmp- δέ@cs ἐναντιόομαι@vipe3s ὁ@ddnp περί@p γῆ@ngfsc δικάζω@vppednp πρόρριζος@annnp- γάρ@x ἀνασπάω@vipe3s κράμβη@nnfpc δέ@b πρός@p οὐδείς@rpans εἰμί@vipa3p χρήσιμος@annmp- μάλιστα@b δέ@b κάπηλος@ndmpc καί@b ἀμπελουργός@andmp- καί@cs πᾶς@andmp- ὁ@ddmp περί@p ὁ@dams διόνυσος@namsp τεχνίτης@ndmpc πονηρός@annfp- καθίστημι@vipe3p ἐπεί@cs ἄμπελος@nnmsc μόνος@andfs- κράμβη@ndfsc οὐ@b περιπλέκω@vipe3s ὁ@dgnp δέ@b λευκός@angnp- λέγω3@vppegnp λάχανον@ngnpc γογγύλη@nnfsc μέν@b καί@cs βουνιάς@nafpc καί@cs κολοκύνθη@nanpc μάταιος@anafp- ἐλπίς@nafpc σημαίνω@vipa3p εἰμί@vipa3s γάρ@b πᾶς@anams- ὄγκος@nnmsc ἄτροφος@annms- ὁ@ddmp δέ@b νοσέω@vppadmp καί@cs ὁ@ddmp ὁδεύω@vppadmp κατατομή@nafpc καί@cs διαίρεσις@nafpc ὑπό@p σίδηρος@ngmsc γίγνομαι@vnam-- σημαίνω@vipa3p διά@p ὁ@dans κατακόπτω@vnpe-- ὁ@danp τοιοῦτος@rpanp σίκυος@nnmpc δέ@b περιτέμνω@vppenmp ὁ@ddmp νοσέω@vppadmp εἰμί@vipa3p ἀγαθός@annmp- διά@p ὁ@dans ὁ@danp ὑγρός@ananp- ἀποκρίνω@vnpa-- πέπων@nnmpc δέ@b πρός@p μέν@b φιλία@nafpc καί@cs συμβιβάσις@nafpc εἰμί@vipa3p ἀγαθός@annmp- πέπων@vppaans γάρ@b ὁ@dans προσφιλής@ananss ὁ@dnmp ποιητής@nnmpc καλέω@vipa3p πρός@p δέ@b ὁ@dafp πρᾶξις@nafpc ἄπρακτος@annfp- καί@b γάρ@b ὁ@dnns ἔκλυτος@annns- πέπων@nnnsc καλέω@vipe3s κρόμμυον@nanpc δέ@b καί@cs σκόροδον@nanpc ἐσθίω@vnpa-- μέν@b πονηρός@annns- ἔχω@vnpa-- δέ@cs ἀγαθός@annns- μόνος@andmp- δέ@b ὁ@ddmp νοσέω@vppadmp διάφορος@b ὁ@dnnp κρόμμυον@nnnpc ἀποβαίνω@vipa3s καίτοι@b περί@p αὐτός@rpgnp ἀλέξανδρος@nnmsp ὁ@dnms μύνδιος@annms- ἰσχυρός@b ἀπορέω@vpaanms ὁ@dans τέλος@nansc οὐ@b καταλαμβάνω@viaa3s φημί@vipa1s δέ@b ἐγώ@rpncs εἰ@cs τις@rpncs πολύς@ananp- κρόμμυον@nanpc δοκέω@voaa3s ἐσθίω@vnpa-- τυγχάνω@voaa3s δέ@b νοσέω@vppanms ἀνίστημι@vifm3s ἄλλος@rpams δέ@b τις@rpacs πενθέω@vifa3s εἰ@cs δέ@b ὀλίγος@annnp- θνῄσκω@vite3s δακρύω@vipa3p μέν@b γάρ@b ὁ@dnmp ἀποθνήσκω@vppanmp ὀλίγος@ananp- ὁ@dnmp δέ@cs πενθέω@vppanmp πολύς@ananp- ἐπεί@cs καί@b ἐπί@p πολύς@anans- δακρύω@vipa3p"
"Oneir._1.68","ὁ@dgnp ἔλαιον@angnp- πᾶς@annnp- μοχθηρός@annnp- πλήν@p πίων@ngmsc διά@p ὁ@dans ὄνομα@nansc εἰμί@vipa3s γάρ@x πειθώ@ngfsc σημαντικός@annns- μάλιστα@b δέ@b κυβερνήτης@ndmpc καί@cs ῥήτωρ@ndmpc ὅς@rpdmp μέν@b γάρ@b ὁ@dnnp πηδάλιον@nnnpc ὅς@rpdnp δέ@cs ὁ@dnmp δικαστής@nnmpc πείθω@vifp3p ἐρεγμός@nnmsc δέ@b καί@cs κύαμος@nnmsc στάσις@ngfsc εἰμί@vipa3p σημαντικός@annmp- ὅς@rpnms μέν@b διά@p ὁ@dans δικάζω@vnre-- ὅς@rpnms δέ@b διά@p ὁ@dans πνεῦμα@ngnsc εἰμί@vnpa-- ποιητικός@annms- ἄτοπος@angms- οὐ@b μόνος@anans- δέ@cs διά@p οὗτος@rpans ἀλλά@cs ’@cs ὅτι@cs καί@b πᾶς@angfs- τελετή@ngfsc καί@cs πᾶς@angns- ἱερόν@ngnsc ἀπελαύνω@vire3s φακῆ@nnfsc δέ@b πένθος@nansc προαγορεύω@vipa3s καί@cs πτισάνη@nnfsc κάματος@namsc διά@p ὁ@dans δύστριπτος@nansc κέγχρος@nnmsc δέ@b καί@cs ἔλυμος@annms- καί@cs ζειά@nnfsc πενία@ngfsc τε@cs καί@cs ἀπορία@ngfsc εἰμί@vipa3s σημαντικός@annnp- μόνος@andmp- δέ@b ὁ@ddmp ἐκ@p ὄχλος@ngmsc πορίζω@vppedmp εἰμί@vipa3s ἀγαθός@annnp- χόνδρος@nnmsc δέ@b καί@cs τράγος@nnmsc ὅς@b μέν@b τρόφιμος@annmp- εἰμί@vipa3p οὗτος@rpdfs καί@b κερδαλέος@annmp- δέ@cs μετά@p κάματος@ngmsc γίγνομαι@vipe3p πόνος@nampc ὑπερβάλλω@vppaamp σημαίνω@vipa3p πένης@ndmsc δέ@cs νόσος@nafsc σήσαμον@nnnsc δέ@b καί@cs λινόσπερμος@annns- καί@cs σίνηπις@ndmpc ἰατρός@ndmpc μόνος@andmp- εἰμί@vipa3s ἀγαθός@annnp- ὁ@ddmp δέ@cs ἄλλος@rpdmp δριμύς@anamp- ἐπάγω@vipa3s πόνος@nampc καί@cs ὁ@danp κρυπτός@ananp- ἐλέγχω@vipa3s"
"Oneir._1.69","ἄρτος@nampp δοκέω@vnpa-- ἐσθίω@vnpa-- ὁ@damp ἐκ@p ἔθος@ngnsc ἀγαθός@annns- πρόσφορος@annmp- μέν@b γάρ@b πένης@ndmsc ὁ@dnmp ῥυπαρός@annmp- πλούσιος@ndmsc δέ@b ὁ@dnmp παντελής@b καθαρός@annmp- ὁ@dnmp δέ@b ἐναλλάξ@b οὐ@b τε@cs ἀγαθός@annmp- καί@cs προσέτι@b κακός@annmp- ὁ@dnmp μέν@b γάρ@b νόσος@nafsc ὁ@ddmp πένης@ndmpc ὁ@dnmp δέ@cs ἀπορία@nafsc ὁ@ddmp πλούσιος@andmp- σημαίνω@vipa3p ἄρτος@nnmpc δέ@x κρίθινος@annmp- πᾶς@andmp- ἀγαθός@annmp- πρῶτος@anafs- γάρ@b ἄνθρωπος@ndmpc ὁ@dafs τροφή@nafsc οὗτος@anafs- παλά@nnfsc θεός@ngmpc λόγος@nnmsc δίδωμι@vnap-- ἄλευρον@nanpc δέ@b καί@cs ἄλφιτον@nanpc ὁ@danp μέν@b αὐτός@annnp- ὁ@ddmp ἄρτος@ndmpc σημαίνω@vipa3s ἤσσων@ananpc δέ@cs"
"Oneir._1.70","κρέας@nnmsp ὁ@dnnp μέν@b ὅσος@ananp- τις@rpnms ἀθω@vipa3s καί@cs ποιέω@vipa3s ἀγαθός@annnp- τηρέω@vire3s πλήν@p ὀλίγος@angmp- προβάτειος@nnnpc μέν@b γάρ@b πᾶς@andmp- ἄτοπος@ananp- καί@cs πένθος@nansc οἰκεῖος@anans- σημαίνω@vipa3s εἰμί@vipa3s γάρ@b ὁ@dnnp πρόβατον@nnnpc οὐδείς@rpnns ἄλλος@rpnns ἄνθρωπος@nnmpc ἤδη@b δέ@b καί@cs ὁ@dnnp βόειος@nnnpc διά@p ὁ@dans δύστριπτος@anans- καί@cs μικρός@anafp- ἐργασία@nafpc διά@p ὁ@dafs εὐτέλεια@nafsc σημαίνω@vipa3s δοῦλος@ndmpc δέ@b βάσανος@nampc διά@p ὁ@dams ἱμάς@namsc καί@cs ὁ@dafs ταύρειος@nafsc χιμαίρω@nnfsc δέ@b ὁ@ddmp ἐν@p χειμών@ndmsc διάγω@vppadmp ἀγαθός@annfs- τηρέω@vire3s ὁ@ddmp δέ@cs ἄλλος@rpdmp ἀκερδής@annnp- ὅς@rpgnp μέν@b γάρ@b ὁ@dnnp δεινός@annnp- διαλύω@vipa3s ὅτι@cs χειμών@ndmsc ὁμώνυμος@annnp- εἰμί@vppannp ὁ@dnnp ζῷον@nnnpc ἀναιρέω@vire3s ὅς@rpdnp δέ@b διά@p ὁ@dans ὀστώδης@nansc μικρός@anafp- ὁ@dafp ἐργασία@nafpc παρέχω@vipa3s ἄριστος@annnp- δέ@b πᾶς@andmp- ὁ@dnnp χοίρειος@nnnpc καί@b γάρ@b εἰκός@vpranns ζάω@vppanns μέν@b γάρ@b χοῖρος@nnmsc οὐδείς@anans- εὔχρηστος@annms- ἄνθρωπος@ndmpc ἀποθνήσκω@vpaanms δέ@b μᾶλλον@b ἐδώδιμος@annms- ὁ@dgnp ἄλλος@rpgnp ὁ@dnnp δέ@b ἄλλος@rpnnp ζάω@vppannp βελτίων@annnpc ἤ1@cs ἀναιρέω@vpapanp καί@cs ὁ@dnns μέν@b ὀπτός@ananp- δοκέω@vnpa-- ἐσθίω@vnpa-- ὁ@danp χοίρειος@ananp- παντελής@b ἀγαθός@annns- προστίθημι@vipa3s γάρ@b τάχος@nansc ὁ@ddfp ὠφέλεια@ndfpc διά@p ὁ@dans πῦρ@nansc ὁ@dnnp δέ@b ἑψάω@vprennp λιτός@b βραδύς@b ὁ@dafp αὐτός@rpafp προαγορεύω@vipa3s ὠφέλεια@nafpc ὁ@danp δέ@b καταρτύω@vpreanp οὕτως@b ὑπό@p ὀψοποιός@angnp- μετά@p κακοπάθεια@nafpc ὁ@dafp ὠφέλεια@nafpc ἤ@nanpc μετά@p πρόπασμα@ngnpc φέρω@vipa3s οὐδαμῶς@b δέ@b ὁ@danp ὠμός@ananp- ἐσθίω@vppeanp κρέας@nanpc ἀγαθός@ananp- παραπολέω@vnaa-- γάρ@b τις@rpans ὁ@dgnp εἰμί@vppagnp σημαίνω@vipa3s ἐπεί@cs μή@b κρατέω@vipa3s ὁ@dnfs ἡμέτερος@annfs- φύσις@nnfsc ὠμός@angnp- κρέας@ngnpc ὁ@dans δέ@b μέγας@ananss καί@cs ὑπερβολή@ndfsc ἀγαθός@anans- ὡς@cs ἐγώ@rpncs τηρέω@viaa1s ἀνθρώπινος@nampc ἐσθίω@vnpa-- σάρξ@nafpc ἀνήρ@ngmsc οὐ@b γνώριμος@angms- οὐ@b δέ@cs οἰκεῖος@angms- ἐπεί@cs ὅς@rpnms γε@b τις@rpgns ὁ@dgnp οἰκεῖος@angmp- ἐσθίω@nafpc σάρξ@nafpc καί@cs ὁ@dams ὅς@rpgms φαγεῖν@viaa3s κατορύσσω@vifa3s καί@cs αὐτός@rpnms διά@p οὐδείς@rpans μέγας@anans- ὁ@dgmp ἐσθίω@vppegnp παραμένω@vipa3s εἰκός@vpranns γε@b ὑπό@p πολύς@angfs- ἀπορία@ngfsc ὡς@cs γε@b φιλέω@vipa3s γίγνομαι@vnam-- ἐν@p πόλεμος@ndmsc καί@cs λιμός@ndmsc ἐπί@p τοιοῦτος@anafp- ὁρμάω@vnaa-- τροφή@nafpc πᾶς@angnp- δέ@b ἄν@b εἰμί@vopa3s σκαιός@annnss ὁ@dnns παῖς@ngmsc ἴδιος@angms- σάρξ@nafpc ἐσθίω@vnpa-- σύντομος@anams- γάρ@b ὄλεθρος@namsc μαντεύομαι@vipe3s εἰ@cs μή@b ἄρα@b τις@rpncs ἀπό@p τοιοῦτος@angnp- ἐσθίω@vnpa-- νομίζω@voaa3s μέρος@ngnpc ὁ@dgms παῖς@ngmsc ἀπό@p ὅς@rpgnp ὁ@dnms παῖς@nncsc πορίζω@vipe3s οἷος@rpans εἰ@cs δρομαῖος@ngnsc ὁ@damp πούς@nampc ἤ@cs χειροτέχνης@ngmsc ὁ@dafp χείρ@nafpc ἤ1@cs παλαιστής@ngmsc ὁ@damp ὦμος@nampc φαγεῖν@voaa3s τότε@b γάρ@b ὁ@ddms μέν@b παῖς@ndcsc εὐπορία@nafsc ὁ@dnns ὄναρ@nnnsc οὗτος@rpnns ὁ@ddms δέ@cs πατήρ@ndmsc ὀνίνημι@vnpe-- ὁ@dgms παῖς@ngmsc προαγορεύω@vipa3s ὁ@dgmp δέ@b ἄλλος@rpgmp ἄνθρωπος@ngmpc ὁ@dnfp σάρξ@nnfpc ἐσθίω@vppenfp ἀγαθός@annfp- τρόπος@namsc γάρ@b τις@rpacs ὁ@dnmp ἄνθρωπος@nnmpc ὅταν@cs ὠφελέω@vspe3p παρά@p ἀλλήλων@rpgmp ἐσθίω@vipa3p ἀλλήλων@rpamp ἀεί@b δέ@b ἀμείνων@annnsc ὁ@dnns ἀνήρ@ngmpc ἤ1@cs γυνή@ngfpc ἐσθίω@vnpa-- καί@cs ὁ@dnns παῖς@ngmpc ἤ1@cs πρέσβυς@angmp- ὀρνίθειος@ananp- δέ@b καί@cs χήνειος@ananp- κρέας@nanpc ἐσθίω@vnpa-- πᾶς@andmp- ἀγαθός@annns- φέρω@vipa3s δέ@b ὁ@dnnp μέν@b ὀρνίθειος@nnnpc ὁ@dafp ὠφέλεια@nafpc ἀπό@p γυνή@ngfpc ἤ1@cs δίκη@ngfpc ὁ@danp δέ@cs χήνειος@ananp- ἀπό@p ἀνήρ@ngmpc ἀλαζών@angmp- ἀγαθός@annns- δέ@b καί@b πᾶς@angns- θηρίον@ngnsc σάρξ@nafpc ἐσθίω@vnpa-- πολύς@ananp- γάρ@b ἐκ@p ὁ@dgfs ὁ@dgmp ἐχθρός@ngmpc οὐσία@ngfsc ὠφελέω@vnap-- σημαίνω@vipa3s ὁ@dnns δέ@b ποδαπός@vppanms ἔχθρη@anafs- ἐπιδείκνυμι@vifa3s αἰτέω@ngnsc ἐσθίω@vpapgns ἰδέα@nnfsc τε@cs καί@cs μορφή@nnfsc περί@p ὅς@rpgnp ἐν@p ὁ@ddms περί@p κυνηγίον@ngnsc λόγος@ndmsc ἐπιμιμνήσκομαι@vifp1s ἀγαθός@annns- δέ@b καί@b ἰχθύς@nampc ἐσθίω@vnpa-- μάλιστα@b μέν@b ὀπτός@anamp- οὐδείς@rpans δέ@cs ἥσσων@anansc καί@b ὁ@damp ἄλλως@b γίγνομαι@vpraamp πᾶς@anamp- πλήν@p ὁ@dgmp μικρός@angmp- οὗτος@rpnmp γάρ@b πλείων@anansc ὁ@dans ἀκανθώδης@anans- ἔχω@vppanmp ὁ@dgns ἐδώδιμος@ngnsc οὐδαμῶς@b ὠφέλεια@nafpc σημαίνω@vipa3p ἔχθρα@nafpc δέ@cs πρός@p ὁ@damp οἰκεῖος@anamps καί@cs μάταιος@anafp- ἐλπίς@nafpc ὁ@dans δέ@b κατά@p μέρος@nansc περί@p ἰχθύς@ngmpc ἐν@p ὁ@ddms περί@p ἁλιεία@ngfsc ἀκριβόω@vifa1s λόγος@ndmsc"
"Oneir._1.71","τάριχος@nnmpp δέ@b καί@b πᾶς@ananp- ὁ@danp ἁλιστός@ananp- κρέας@nnnpc ἐν@p μέν@b ὁ@ddnp πρόκειμαι@vppednp παρολκή@nafpc καί@cs ἀναβολή@nafpc σημαίνω@vipa3s διά@p γάρ@b ὁ@dgmp ἅλς@ngmpc ἐπί@p πολύς@anans- τηρέω@vipe3s ἐν@p δέ@b ὁ@ddnp ἄλλος@rpdmp τηκεδών@nnnpc καί@cs λύπη@nnnsc πολλάκις@b δέ@b καί@b νόσος@nafsc σημαίνω@vipa3s διά@p ὁ@dans ὑπό@p ὁ@dgmp ἅλς@ngmpc τεύχω@vnre--"
"Oneir._1.72","ἄρτος@nnmpp ὁ@dnmp μή@b τυρόω@vprenmp ἀγαθός@annmp- ὁ@dnmp δέ@b τυρόω@vprenmp δόλος@namsc καί@cs ἐνέδρα@nafsc σημαίνω@vipa3p οὗτος@rpanp γάρ@b καί@b ὁ@dnms τυρός@nnmsc προαγορεύω@vipa3s κοπτή@nnfpc δέ@b σησαμίς@nnfpc καί@cs πυρα@nnnpc ἐγώ@annfp- ἀγαθός@annnp- πᾶς@andmp- μάλιστα@b δέ@cs ὁ@ddmp δίκη@nafsc ἔχω@vppadmp εἰμί@viia3s γάρ@b ὁ@dnms πυραμός@nnmsc παρά@p ὁ@ddmp παλαιός@andmp- ἐπινίκιος@annms- ἐπί@p δέ@b ὁ@dgnp ἄλλος@angnp- πέμμα@ngnpc ὁ@dgnp ἐν@p ἑορτή@ndfpc καί@cs θυσία@ndfpc γίγνομαι@vppegnp ὁ@dafp κρίσις@nafpc ἀπό@p ὁ@dgms λόγος@ngmsc ὁ@dgfp ἑορτή@ngfpc ποιητέος@annns- περί@p δέ@b καππάρεως@ngnpc καί@b ἐλαία@ngnpc καί@cs λάχανον@ngnpc ἀποθέσθαι@vppanms πᾶς@angnp- καί@b ὑπότριμμα@ngnpc καί@cs πᾶς@angnp- ὁ@dgnp ὅμοιος@angnp- ἑκών@annms- παραλείπω@viaa1s ὡς@b φανερός@vppanms ὅτι@cs μή@b εἰμί@vipa3s ἀγαθός@annnp-"
"Oneir._1.73","μῆλον@nnnpp μέν@b ἐαρινός@annnp- γλυκύς@ananp- καί@cs πέπανος@nanpc καί@cs εἶδον@vnaa-- καί@cs ἐσθίω@vnaa-- εἰμί@vipa3s ἀγαθός@annns- πολύς@anafs- γάρ@b ἐπαφρόδιτος@nafsc σημαίνω@vipa3s μάλιστα@b ὁ@ddmp περί@p γυνή@ngfsc ἐρώμενος@ngmsc φροντίζω@vppadmp οὗτος@rpnnp γάρ@b ἀνάκειμαι@vipe3s ὁ@ddfs ἀφροδίτη@ndfsp ὁ@dnnp δέ@b ὀξύς@annnp- μῆλον@nnnpc στάσις@ngfsc καί@cs φιλονεικία@ngfsc σημαίνω@vipa3s εἰμί@vipa3s γάρ@b ἐρις@ngfsp ὁ@dnnp δέ@b χειμερινός@annnp- ἁνκύδνιος@ananp- καλέω@vipa1p λυπηρός@annnp- διά@p ὁ@dans στυφός@nansc ἀμύγδαλον@nanpc δέ@b καί@cs κάρυον@nanpc καί@cs ὁ@danp λέγω3@vppeanp λεπτοκάρυος@ananp- καί@cs ὅσος@annnp- κατάγνυμι@vipe3s ταραχή@nafpc διά@p ὁ@dams ψόφος@namsc σημαίνω@vipa3s καί@cs λύπη@nafpc διά@p ὁ@dans εἰμί@vnpa-- πικρός@ananp- φύσις@ndfsc οἶδα@vira1s δέ@b τις@rpacs ἄνθα@b ὁ@dgmp εὐπάρυφος@angmp- ἐν@p ἑλλάς@ndfsp ὅς@rpnms δοκέω@viaa3s παρά@p τις@rpgcs ὄναρ@nansc λαμβάνω@vnpa-- κάρυον@nansc καί@cs διυπνίζω@vpapnms ἐν@p ὁ@ddfs χείρ@ndfsc τυγχάνω@viaa3s κρατέω@vppanms ὁ@dans κάρυον@nansc οὗτος@anans- συμβαίνω@viaa3s αὐτός@rpdms πολύς@ananp- μέν@b καί@b ἄλλος@rpanp κακός@ananp- τέλος@nansc δέ@cs ἄτιμος@andms- γίγνομαι@vnam-- σῦκον@nnnpc δέ@b κατά@p μέν@b ὁ@dafs ὥρα@nafsc ὁ@dafs ἴδιος@anafs- ἀγαθός@annnp- παρά@p δέ@cs ὁ@dams καιρός@namsc φαίνω@vppeanp συκοφαντία@nnmsc καί@cs ἐπήρεια@ngfsc προαγορεύω@vipa3s συκάζω@vnpa-- γάρ@b καί@cs ὁ@dans ἐπηρεάζω@vnpa-- λέγω3@viia3p ὁ@dnmp παλαιός@annmp- μόνος@andnp- δέ@b ὁ@ddnp ὑπαίθριος@ndnpc ἐργάζομαι@vppedmp ὁ@dnnp μέν@b λευκός@annnp- εὐδία@nafsc ὁ@dnnp δέ@cs μέλας@ananp- χειμών@namsc καί@cs ὄμβρος@namsc σημαίνω@vipa3s ἐπεί@cs ὁ@ddmp γε@b ἄλλος@rpdmp οὐδείς@anans- ἄν@b μαντεύομαι@vope3s ὁ@dnfs συκῆ@nnfsc ὁ@dans ὁ@dgms ἀήρ@ngmsc ὅπως@cs ἔχω@vsaa3s κατάστημα@ngnsc σταφυλή@nnfsc δέ@b καί@b παρά@p ὁ@dams καιρός@namsc ἀγαθός@annfs- καί@cs κατά@p ὁ@dafs ὤρα@nafsc ὡς@cs δέ@b ἐπί@p ὁ@dans πλεῖστος@ananss ὁ@dafp διά@p γυνή@ngfpc ἀπό@p γυνή@ngfpc ὠφέλεια@nafpc σημαίνω@vipa3s φανερός@anafp- μέν@b ὁ@dnfs λευκός@annfs- λαθραῖος@anafp- δέ@b ὁ@dnfs μέλας@annfs- ῥοή@nnfpc δέ@b τραῦμα@ngnpc εἰμί@vipa3p σημαντικός@annfp- διά@p ὁ@dans χρῶμα@nansc καί@b βάσανος@ngmpc διά@p ὁ@dafp ἄκανθα@nafpc καί@b δουλεία@nafpc καί@cs ὑποταγή@ngfsc διά@p ὁ@dams ἐν@p ἐλευσίς@ndfsp λόγος@namsc περσικός@annnp- δέ@b καί@b βερικόκκια@nnnpc καί@b κεράσιος@annnp- καί@cs πᾶς@annnp- ὁ@dnnp ὅμοιος@annnp- πλήν@p συκάμινος@ngnpc πρόσκαιρος@anafp- ἡδονή@nafpc καί@cs ἀπάτη@nafpc σημαίνω@vipa3s παρά@p δέ@cs ὁ@dams καιρός@namsc ματαιοπονία@nafpc συκάμινος@nanpc δέ@x ὁ@danp αὐτός@rpnnp ὁ@ddfp ῥοή@ndfpc σημαίνω@vipa3s ὅς@dnms γε@b καρπός@nnmsc ἐπεί@cs ὁ@dnns δένδρον@nnnsc ὁ@dafs γενεά@nafsc ὁ@dgms εἶδον@vpaagms σημαίνω@vipa3s ὅθεν@b εὐθαλής@anans- μέν@b εἰμί@vppaans ἀγαθός@anans- τις@rpans εἰμί@vpfmans προαγορεύω@vipa3s πρόρριζος@anans- δέ@cs ἀνατρέπω@vppeams ὁ@dafs γενεά@nafsc ὁ@dgms εἶδον@vpaagms διαφθείρω@vipa3s ἄπειμι@annmp- δέ@b ὁ@dnmp μέν@b ἥμερος@nnmpc ἀγαθός@annmp- οὗτος@rpgmp γάρ@b ὁ@dnms καρπός@nnmsc καί@cs ἀποθησαυρίζω@vpapnms ἄσηπτος@annms- μένω@vipa3s καί@cs παραυτίκα@b ἐσθίω@vppenms πρός@p ὁ@ddms τρόφιμος@ndmsc καί@b ὁ@dans οἰνώδης@nansc ἔχω@vipa3s οἶδα@vira1s δέ@b ἐκ@p αὐτός@rpgnp παρά@p τις@rpdmp καί@b ποτός@namsc σκευάζω@vppeams ἀχράς@nnfpc δέ@b καί@cs ὄχνη@nnfpc γεωργός@andmp- μόνος@andmp- συμφέρω@vipa3p ὁ@ddmp δέ@b ἄλλος@rpdmp εἰμί@vipa3p ἀηδής@annmp- δεῖ@vipa3s δέ@b ὁ@danp ὑπόδειγμα@nanpc ἔχω@vppaamp ἀπό@p ὁ@dgnp ἐρῶ@vpregnp περί@p ὁ@dgnp ἄγραφος@angnp- τεκμαίρομαι@vnpe-- κατά@p ὁ@dans ὅμοιος@anans- μετάγω@vppaamp ὁ@dams λόγος@namsc"
"Oneir._1.74","ἐπεί@cs δέ@b ὁ@ddms περί@p τροφή@ngfsc λόγος@ndmsc ἕπομαι@vipe3s ὁ@dnms περί@p σκεῦος@ngnpc ὁ@dgnp κατά@p ’@p οἶκος@namsc δίκαιος@anans- εἶπον@vnaa-- ἡγέομαι@vipm1s καί@b περί@p οὗτος@rpgnp ἔχω@vipa3s δέ@b ὧδε@b ποτήριον@nnnpc μέν@b καθώς@cs ἔμπροσθεν@b ἐρῶ@vire3s σημαίνω@anams- βίος@namsc πίναξ@nnmpc δέ@cs καί@cs παροψίς@nnfpc αὐτός@anafs- ὁ@dafs ὁ@dgms βίος@ngmsc διαγωγή@nafsc λαμβάνω@vnpa-- δέ@b χρή@vipa3s ὁ@dans τοιοῦτος@rpans ἀπό@p ὁ@dgfs πολυτέλεια@ngfsc ἀπό@p ὁ@dgns μέγας@ananpc γίγνομαι@vnam-- ἐκ@p μικρός@angmpc ἤ1@cs μικρός@ananpc ἐκ@p μέγας@angnpc ἤ1@b ἐκ@p ὑγιής@angnp- οὐ@b ὁλόκληρος@ananp- ἤ1@cs ἐκ@p κατάγνυμι@vpragmp ὑγιής@ananp- ὁ@dafs μέν@b ἐπί@p ὁ@dans κρείσσων@anansc μεταβολή@nafsc πρός@p ἀγαθός@anans- τίθημι@vppeamp ὁ@dafs δέ@b ἐπί@p ὁ@dans χείρων@anansc πρός@p κακός@anans- ὁ@dnms δέ@b αὐτός@annms- καί@b περί@p ὁ@dgnp ἄλλος@angnp- σκεῦος@ngnpc εἰμί@vmpa3s λόγος@nnmsc λυχνία@nnfsc δέ@b γυνή@nafsc σημαίνω@vipa3s λύχνος@nnmsc δέ@b ὁ@dams ὁ@dgfs οἰκία@ngfsc ἄρχω@vppaams καί@cs ὁ@dnns πνεῦμα@nansc ὁ@dgms εἶδον@vpaagms διά@p ὁ@dans ἐπισκοπέω@vnpa-- ὁ@danp ἔνδον@b διά@p ὁ@dans εὐαπόσβεστος@anans- καί@cs ἔρως@namsc διά@p ὁ@dans ἀναλάμπω@vnpa-- τρίπους@nampc δέ@cs καί@cs ἑστία@nnfsc ὁ@dams βίος@namsc καί@b ὁ@dafs ὅλος@anafs- κατάστασις@nafsc καί@cs ὁ@dafs γυνή@nafsc ὁ@dgms εἶδον@vpaagms ὅς@rpans τις@anans- ἄν@b οὖν@b πάσχω@vsaa3s ὁ@dnms τρίπους@nnmsc ἤ1@cs ἡἑστία@nnfsc εἰς@p οὗτος@rpanp ὁ@dafs βλάβη@nafsc ἀνακτέον@annns- τράπεζα@nnfsc δέ@b τρίπους@annfs- οὐδείς@rpans διαφέρω@vipa3s οὐ@b δέ@cs ἄλλος@anans- τις@rpans σκεῦος@ngnsc ὅς@rpdns τις@rpnms ἐπιδειπνέω@vipa3s τύλη@nnfsc δέ@b καί@cs κλίνη@nnfsc καί@cs πᾶς@annnp- ὁ@dnnp πρός@p κοίτη@namsc ὁ@dafs γυνή@nafsc ὁ@dgms εἶδον@vpaagms σημαίνω@vipa3s καί@cs ὁ@dams ὅλος@anams- βίος@namsc ὁ@dans δέ@b αὐτός@rpnns καί@b σκίμπους@nampc οὗτος@rpgmp δέ@b ὁ@dnmp μέν@b πούς@nnmpc οἰκέτης@nampc σημαίνω@vipa3p ὁ@dgnp δέ@b ἔνηλατος@angmp- ὁ@dans μέν@b ἔξω@b ἴδιος@b ὁ@dafs γυνή@nafsc ὁ@dans δέ@b ἔσω@b ὁ@dams ἀνήρ@namsc ὁ@dans δέ@b πρός@p ὁ@ddfs κεφαλή@ndfsc τέκνον@nanpc ἀρσενικός@ananp- ὁ@dans δέ@b πρός@p ὁ@ddmp πούς@ndmpc θηλυκός@ananp- τέκνον@nanpc κατά@p ὁ@dans αὐτός@rpanp δέ@b ὁ@ddmp ἐπήλαος@ndmpc καί@b ὁ@dnmp τοῖχος@nnmpc ὁ@dgfp κλίνη@ngfpc διαλαμβάνω@vmpe3p ξέσται@vifm3s δέ@b ὁ@damp θεράπων@nampc ἀμφορεῖς@anamp- δέ@b ὁ@damp ὑπηρέτης@nampc τραπεζοφόρος@annmp- δέ@b ὁ@damp οἰκονόμος@nampc ὁ@dnnp δέ@b σιτοφόρος@annnp- σκεῦος@nnnpc ὁ@damp κατά@p ὁ@dams οἶκος@namsc ταμίας@nampc σημαίνω@vipa3s ὅμοιος@b δέ@b καί@cs ὁ@dnns ταμιεῖον@nnnsc ἀγκών@nnmpc δέ@b καί@cs πᾶς@annnp- ὁ@dnnp προσπίτνω@vppennp ὁ@dnns κόσμιος@nnnsc ὁ@dgms βίος@ngmsc σημαίνω@vipa3s κίστημι@nnfpc δέ@b καί@b πυργίσκος@nnmpc καί@cs θησαυροφυλάκιον@nnmpc ὁ@dafs γυνή@nafsc ὁ@dgms εἶδον@vpaagms διά@p ὁ@dans ὁ@dans τίμιος@ananss πιστεύω@vnre-- στρωματόδεσμος@nnmpc δέ@b καί@cs ἐνείλημα@nnnpc παλλακίς@nafpc ἀπελεύθερος@anafp- περί@p δέ@b ὁ@dgnp ἄλλος@angnp- σκεῦος@ngnpc μακρός@annns- ἄν@b εἰμί@vopa3s λέγω3@vnpa-- καί@b οὗτος@rpanp ἀπαιτέω@vppaanp παρά@p ὁ@dgmp ἐντυγχάνω@vppagmp ὁ@ddnp βιβλίον@ndnpc ὁ@dans μή@b ἀβασάνιστος@b ἀναγιγνώσκω@vpaaamp παρά@p ἑαυτοῦ@rpgmp τις@rpans προσφιλοτεχνέω@vnpa--"
"Oneir._1.75","μυρίζω@vnpe-- γυνή@ndfpc πᾶς@andfp- ἀγαθός@annns- πλήν@p ὁ@dgmp μοιχεύω@vppegmp ἀνήρ@ndmpc δέ@b πρός@p αἰσχύνη@ngfsc εἰμί@vifm3s πλήν@p ὁ@dgmp ἔθος@nansc ἔχω@vppagmp μυρίζω@vnpe--"
"Oneir._1.76","ὀρχέομαι@vnpe-- δοκέω@vnpa-- ἔνδον@b παρά@p ἑαυτοῦ@rpdms ὁ@dgmp οἰκεῖος@angmp- παρατυγχάνω@vppagmp μόνος@angmp- καί@cs μηδείς@rpgns ἀλλότριος@angms- πάρειμι1@vppagms καί@cs θεάομαι@vppegms ἀγαθός@anans- ἐπίσης@vpaagfs πᾶς@andmp- ἀλλά@cs καί@cs ὁ@dnns γυνή@nafsc ὁ@dafs ἑαυτοῦ@rpgms καί@cs ὁ@danp παιδίον@nanpc καί@cs ὁ@dgmp συγγενής@angmp- εἶδον@vnaa-- τις@rpacs ὀρχέομαι@vppeams ἀγαθός@anans- εὐφροσύνη@nafsc γάρ@b πολύς@anafs- καί@cs δαψίλεια@nafsc βίος@ngmsc δηλόω@vipa3s ἐπεί@cs ὁ@dnmp ἄνθρωπος@nnmpc οὐ@b πρότερος@b ὀρχέομαι@vipe3p ἐάν@cs μή@b ὥσπερ@cs δεσπότης@ndmsc ἀπότομος@andms- καί@cs ὠμός@andms- ὁ@ddfs ἀρχή@ndfsc ὁ@dafs ἀποφορά@nafsc ἀποδίδωμι@vsaa3p τότε@b δέ@b ὀρχέομαι@vspe3p καί@cs ἁπλόω@vipa3p ὁ@danp σῶμα@nanpc ἀσθενέω@vppadms δέ@x ἄνθρωπος@ndmsc καί@cs ἀνήρ@ndmsc καί@cs γυνή@ndfsc πονηρός@annns- διά@p γάρ@b ὁ@dafs πολύς@anafs- κίνησις@nafsc ὁ@dgfs ὄρχησις@ngfsc παραφρονέω@vnaa-- καί@cs παρακόπτω@vnaa-- δηλόω@vipa3s πονηρός@annns- δέ@b καί@b ὁ@ddms νοσέω@vppaams τις@rpacs ἔχω@vppadms ὁ@danp γάρ@x αὐτός@rpanp ὁ@ddms κόπτω@vppedms καί@b ὁ@dnms ὀρχέομαι@vppenms πάσχω@vipa3s τε@x καί@cs δράω@vipa3s ἀλλότριος@angmp- δέ@b τις@rpg-p πάρειμι1@vppagmp ἄνθρωπος@ngmpc πολύς@angmp- ἤ1@cs ὀλίγος@angmp- δοκέω@vnpa-- ὀρχέομαι@vnpe-- τις@rpams ὁ@dgnp ἴδιος@angnp- ὀρχέομαι@vppeams εἶδον@vnaa-- οὐδείς@rpdms ἀγαθός@anams- οὐ@b τε@cs ἐρρωμένος@vppedms οὐ@b τε@cs νοσέω@vppadms ὁ@ddms μέν@b γάρ@b τις@rpnms ἔνδον@b ἐν@p ὁ@ddms οἶκος@ndmsc θνῄσκω@vite3s ὁ@dnms δέ@cs ὀρχέω@vpamnms ἀσχημονέω@vifa3s μεγάλως@b παιδίον@nansc δέ@b εἶδον@vnaa-- ὀρχέομαι@vppeans κωφός@anans- ἅμα@b καί@cs ἄλαλος@anans- ὁ@dans παιδίον@nansc γίγνομαι@vnam-- δηλόω@vipa3s ἵνα@cs διανεύω@vsaa3s ὅσος@ananp- βούλομαι@vipe3s σημαίνω@vnpa-- ἐν@p θέατρον@ndnsc δέ@b δοκέω@vnpa-- ὀρχέομαι@vnpe-- ἀναπλάσσω@vpreams καί@cs ὁ@dafs ἄλλος@rpafs ἔχω@vppaams σκευή@nafsc εὐδοκιμέω@vnpa-- τε@cs καί@cs ἐπαινέω@vnpe-- πένης@ndmsc μέν@b πλουτέω@vnaa-- σημαίνω@vipa3s ἀλλά@cs οὐ@b μέχρι@p γῆρας@ngnsc βασιλικός@ananp- μέν@b γάρ@b πρόσωπον@nanpc μιμέομαι@vipe3s καί@cs πολύς@anamp- ὑπηρέτης@nampc ἔχω@vipa3s ὁ@dnms ὀρχηστής@nnmsc ἀλλά@cs μετά@p ὁ@dans δρᾶμα@nansc μόνος@annms- παραλείπω@vipe3s πλούσιος@andms- δέ@b ταραχή@nafpc τις@rpacp ἤ1@cs δίκη@nafpc προαγορεύω@vipa3s διά@p ὁ@dafp ποικίλος@anafp- ὁ@dgnp δρᾶμα@ngnpc πλοκή@nafpc γυνή@ndfsc δέ@b οὐ@b τε@cs πλούσιος@ndfsc οὐτε@b πένης@ndmsc ἀγαθός@annns- οὗτος@rpnns τηρέω@vire3s μέγας@anafp- γάρ@b καί@cs περιβόητος@anafp- ἀσχημοσύνα@nafpc ποιέω@vipe3p ὅπως@cs δέ@b ἄν@b ὀρχέομαι@vsam3s δοῦλος@nnmsc καί@cs ὅπου@b ἄν@b πολύς@anafp- λαμβάνω@vipe3s πληγή@nafpc καί@cs ὁ@dnms πλέω@vppanms ἤτοι@cs ναυαγέω@vifa3s καί@cs μόνος@annms- ἐκπίπτω@vpaanms κολυμβάω@vifa3s ὁ@dnms μέν@b γάρ@b παίω@vppenms ὁ@dnms δέ@cs νήχω@vppenms κινέω@vifp3p διά@p ὅλος@angnp- ὁ@dgnp σῶμα@ngnpc ἀγαθός@annns- δέ@b ἀνήρ@ndmsc δέω1@vpamdms ὁ@dnns ὀρχέομαι@vnpe-- λύω@vifp3s γάρ@b διά@p ὁ@dans εὐκίνητος@anans- καί@cs εὔλυτος@anans- ὁ@dgns σῶμα@ngnsc εἰ@cs δέ@b τις@rpncs ὑψηλός@annms- ὀρχέομαι@vope3s εἰς@p φόβος@namsc καί@cs δέος@nansc πίπτω@vifm3s κακοῦργος@annms- δέ@b εἰμί@vppanms πάσχω@voap3s διά@p ὁ@dans ὕψος@nansc καί@cs ὁ@dafs ὁ@dgfp χείρ@ngfpc ἔκτασις@nafsc ὁ@dnns δέ@b πυρριχίζω@vnpa-- ὁ@dnns αὐτός@rpnns ὁ@ddns ὀρχέομαι@vnpe-- σημαίνω@vipa3s τροχοπαικτέω@vnpa-- δέ@b μάχαιρα@ndfpc περιδινέομαι@vnpe-- ἐκκυβίζω@vnpa-- ὁ@ddmp μέν@b ἔθος@nansc ἔχω@vppadmp οὐ@b πονηρός@annns- ὁ@ddmp δέ@b λοιπός@andmp- εἰς@p ἔσχατος@anans- ἐλαύνω@vnaa-- κίνδυνος@namsc προσημαίνει@vipa3s ὁ@dans δέ@b αὐτός@rpans καί@b καλοπαίζω@vppaams εἶδον@vnaa-- προαγορεύω@vipa3s μιμολόγος@nnmpc δέ@b καί@cs ἅπας@annmp- ὁ@dnmp γελωτοποιός@annmp- ἀπάτη@nafpc καί@cs ἐνέδρα@nafpc σημαίνω@vipa3p ᾆσμα@nanpc δέ@b δοκέω@vnpa-- ἀείδω@vnpa-- καλός@b καί@cs εὐφώνως@b ὁ@ddmp ᾠδικός@ndmpc καί@cs μουσικός@andmp- καί@cs ὁ@ddnp ἄλλος@rpdnp πᾶς@andnp- ἀγαθός@anans- ὁ@dnns δέ@b πονηρός@b καί@cs ἀφώνως@b ἀείδω@vnpa-- ἄτολμος@ngfpc εἰμί@vipa3s καί@cs πενία@ngfsc σύμβολον@nnnsc ὁπόταν@cs δέ@b ὁ@dgnp ἄσμα@ngnpc μιμνήσκω@vprenms εἰμί@vspa3s τις@rpnms ἀπό@p αὐτός@rpgnp ὁ@dgnp ᾆσμα@ngnpc χρή@vipa3s ποιέω@vnpe-- ὁ@dafs κρίσις@nafsc ἀείδω@vnpa-- ἐν@p ὁδός@ndmsc ἀγαθός@annns- μάλιστα@b ἕπομαι@vppeams ὑποζύγιον@ndnsc ἀείδω@vnpa-- δέ@b ἐν@p βαλανεῖον@ndnsc οὐ@b ἀγαθός@annns- ὁ@dnns μέν@b γάρ@b εὐπρεπής@b καί@cs εὔθυμος@b ὁ@dams βίος@namsc διεξάγω@vnpa-- σημαίνω@vipa3s ὁ@dnns δέ@cs μή@b σαφής@andfs- χράω@vnpe-- ὁ@ddfs φωνή@ndfsc πολύς@annmp- δέ@b καί@b εἰς@p δεσμός@nanpc κατακρίνω@viap3p ὁ@dnns δέ@b ἐν@p ἀγορά@ndfsc ἤ1@cs πλατύς@ndfpc ᾀσματοποιέω@vnpa-- πλούσιος@andms- μέν@b ἀσχημοσύνα@nafpc καί@cs καταγέλωτα@nampc σημαίνω@vipa3s πένης@ndmsc δέ@cs μανία@nafsc"
"Oneir._1.77","στέφανος@namsp ἀναδέω@vnre-- ποιέω@vpreams ἐκ@p ἄνθος@ngnpc ὁ@dans μέν@b καθόλου@b καί@cs κοινός@anans- ὁ@dgmp κατά@p ὁ@dafs ὥρα@nafsc ἀγαθός@anans- ὁ@dgnp δέ@b παρά@p ὁ@dafs ὥρα@nafsc πονηρός@anans- ἐπεί@cs δέ@b ἀναγκαῖος@annns- ὑπέρ@p σαφηνεία@ngfsc περί@p ἕκαστος@angns- εἶπον@vnaa-- ἐντεῦθεν@b ἄρχω@vifm1s στέφανος@nnmpc ναρκίσσων@vppanms ποιέω@vprenmp πᾶς@andmp- κακός@annmp- κἄν@b κατά@p ὁ@dafs ὅς@nafsc βλέπω@vipe3p μάλιστα@b δέ@cs ὁ@ddmp ἐκ@p ὕδωρ@ngnsc ἤ1@cs διά@p ὕδωρ@ngnsc ὁ@dams πορισμός@namsc ποιέω@vppedmp καί@cs ὁ@ddmp μέλλω@vppadmp πλέω@vnpa-- ὁ@dnmp δέ@b ἐκ@p ὁ@dgnp ἴων@ngmpc γίγνομαι@vpranmp κατά@p μέν@b ὁ@dafs ὤρα@nafsc ἀγαθός@annmp- παρά@p δέ@cs ὁ@dafs ὥρα@nafsc μοχθηρός@annmp- καί@cs οὗτος@rpgmp ὁ@dnmp μέν@b ἐκ@p ὁ@dgnp λευκός@angnp- ἴων@ngfpc φανερός@ananp- ὁ@danp δύσχρηστος@ananp- καί@cs ἐπίσημος@ananp- σημαίνω@vipa3p ὁ@dnmp δέ@b ἐκ@p ὁ@dgmp κροκέη@angfp- ἄσημος@ananpc ὁ@dnmp δέ@cs ἐκ@p ὁ@dgfp πορφύρεος@angfp- καί@b θάνατος@namsc σημαίνω@vipa3p ἔχω@vipa3s γάρ@b τις@anafs- ὁ@dnns πορφύρεος@annns- χρῶμα@nnnsc συμπάθεια@nafsc πρός@p ὁ@dams θάνατος@namsc ὁ@dnmp δέ@b ἐκ@p ὁ@dgnp ῥόδον@ngnpc κατά@p μέν@b ὁ@dams καιρός@namsc πᾶς@andmp- ἀγαθός@annmp- πλήν@p ὁ@dgmp νοσέω@vppagmp καί@cs ὁ@dgmp λανθάνω@vnpa-- πειράω@vppegmp ὅς@damp μέν@b γάρ@b ἀναιρέω@vipa3p διά@p ὁ@dans εὐμάραντος@vppaans ὅς@rpamp δέ@b ἐλέγχω@vipa3p διά@p ὁ@dafs ὀσμή@nafsc ὅπου@cs δέ@b καί@b χειμών@ngmsc εἰμί@vipa3s ῥόδον@ndmpc χράω2@vnam-- ἐνταῦθα@b πάντοτε@b ὡς@b περί@p ἀγαθός@angmp- χρή@vipa3s ποιέω@vnpe-- ὁ@dams λόγος@namsc ὁ@dnmp δέ@b ἐκ@p ὁ@dgms ἀμάραντος@ngmsc πᾶς@andmp- ἀγαθός@annmp- καί@b μάλιστα@b ὁ@ddmp δικάζω@vppedmp ἐπεί@cs μέχρι@p πᾶς@angms- ὁ@dnms ἀμάραντος@vpaagms διά@p ὁ@dans ὄνομα@nansc καί@cs ὁ@dans χρῶμα@nansc διαφυλάσσω@vipa3s νοσέω@vipa3p δέ@b οὗτος@rpnmp κακός@annmp- ἤ1@cs γάρ@b νεκρός@ndmpc ἤ1@cs θεός@ndmpc ἀνατίθημι@vipe3p σπάνιος@annns- δέ@b ἄνθρωπος@ndmpc ὁ@dnmp δέ@b ἐκ@p ὁ@dgmp κρίνω@ngmpc γίγνομαι@vpranmp εἰς@p ἐλπίς@nafpc ἀναβάλλω@vipe3p ὁ@danp πρᾶγμα@nanpc σίσυμβρον@ngnsc δέ@b καί@cs ἀμάραντος@ngnsc φρύγιος@angms- καί@cs λαφάρος@ngnsc καί@cs ἑλενίος@angns- καί@cs ἀνεμώνης@ngfsc καί@cs σαμψύχος@angms- στέφανος@nampc ἀναδέω@vnpe-- παῖς@anams- πονηρός@anams- ὡς@b γάρ@x ἐπί@p ὁ@dans πολύς@anans- νόσος@nafsc σημαίνω@vipa3p ὁ@dnns δέ@b ὁ@dgfs μαλάχη@ngfsc ἄνθος@nnnsc καί@cs ὁ@dgfs ῥοδοδάφνη@ngfsc κηπουρός@ndmpc καί@cs γεωργός@ndmpc μόνος@andmp- ἀγαθός@annns- ὁ@ddmp δέ@b ἄλλος@rpdmp μόχθος@nampc καί@cs ἀποδημία@nafpc σημαίνω@vipa3s κατά@p ὁ@danp αὐτός@rpanp δέ@b οὗτος@rpdnp καί@b ὁ@dans θύμος@anans- καί@cs ὁ@dans ἐπίθυμος@anans- καί@cs ὁ@dans μελίλωτον@anans- σημαίνω@vipa3s πλήν@p ἰατρός@ngmpc οὗτος@rpdnp γάρ@b εἰμί@vipa3s ἀγαθός@annnp- σέλινον@ngnpc δέ@b στέφανος@nnmsc νοσέω@vppaamp τε@b ἀναιρέω@vipa3s καί@b ὡς@cs ἐπί@p ὁ@dans πολύς@anans- ὑδρωπιάζω@vpaaamp διά@p ὁ@dans ψυχρός@anans- καί@cs κάθυγρος@anans- καί@cs ὅτι@cs ἐπινίκιος@andms- ἀγών@ndmsc ἐπιτήδειος@annms- εἰμί@vipa3s ὁ@dnms στέφανος@nnmsc οὗτος@annms- ἀθλητής@ndmpc δέ@b ἀγαθός@annms- ὁ@ddmp δέ@b λοιπός@andmp- ἄτοπος@annms- φοῖνιξ@ngmsc δέ@b καί@cs ἐλαία@ngfsc στέφανος@nnmpc γάμος@nampc ἐλεύθερος@angfp- περιποιέω@vipa3p γυνή@ngfpc διά@p ὁ@dafs πλοκή@nafsc καί@cs τέκνον@nanpc προαγορεύω@vipa3p πολυχρόνιος@ananp- διά@p ὁ@dans ἀειθαλής@anans- υἱός@namsc μέν@b ὁ@dnms φοῖνιξ@nnmsc θυγάτηρ@nafsc δέ@cs ὁ@dnfs ἐλαία@nnfsc καί@cs ὁ@ddmp ἀθλητής@ndmpc συλλαμβάνω@vppadmp καί@cs πένης@ndmpc ὅς@rpamp μέν@b γάρ@b εὔπορος@anamp- ὅς@rpamp δέ@b ἔνδοξος@anamp- ποιέω@vipa3p καί@b δοῦλος@nampc ἐλευθερόω@vipa3p ἴδιος@anans- γάρ@b ἐλεύθερος@angmp- ὁ@dnmp στέφανος@nnmpc ὁ@danp δέ@b κρυπτός@ananp- ἐλέγχω@vipa3p διά@p ὁ@dans περιβόητος@anamp- εἰμί@vnpa-- ὁ@damp στέφανος@nampc ὁ@danp δέ@b αὐτός@ananp- οὗτος@rpdmp καί@cs ὁ@dnms δρύινος@annms- στέφανος@nnmsc σημαίνω@vipa3s καί@cs ὁ@dnms δάφνινος@nnmsc καί@b ὁ@dnms μυρσίνη@nnmsc δέ@b ὁ@danp αὐτός@rpanp ὁ@ddfp ἐλαία@ndfpc σημαίνω@vipa3s γεωργός@ndmpc δέ@cs καί@b μᾶλλον@b ἀγαθός@annms- διά@p ὁ@dafs δημήτηρ@nafsp καί@cs γυνή@ndfpc διά@p ὁ@dafs ἀφροδίτη@nafsp κοινός@annns- γάρ@b ὁ@ddfp θεά@ndfpc ὁ@dnns φυτόν@nnnsc στέφανος@nnmpc κήρινος@annmp- πᾶς@andmp- κακός@annmp- μάλιστα@b δέ@x νοσέω@vipa3p ἐπεί@cs καί@b ὁ@dams θάνατος@namsc κήρ@namsc καλέω@vipa3p ὁ@dnmp ποιητής@nnmpc ὁ@dnmp δέ@b ὁ@dgnp ἔριον@ngmpc ποιέω@vprenmp διά@p ὁ@dans ποικίλος@anans- φαρμακία@nafpc καί@cs κατάδεσμος@anafp- σημαίνω@vipa3p ὁ@dnmp δέ@b ὁ@dgmp ἅλς@ngmpc ὁ@dgms θεῖος2@angms- βαρύνω@vnap-- πρός@p τις@rpgmp ὑπερέχω@vppagmp ὁ@dams εἶδον@vpaaams σημαίνω@vipa3p εἰμί@vipa3p γάρ@b φυσιβαρής@annmp- καί@cs οὐδείς@rpans ἔχω@vppanmp τερπνός@anans- στέφανος@namsc δοκέω@vnpa-- ἔχω@vnpa-- χρύσεος@anams- πονηρός@anams- δοῦλος@ndmsc εἰ@cs μή@b καί@b ὁ@danp ἅμα@b ὁ@ddms στέφανος@ndmsc ἔχω@vopa3s πορφύρα@nafsc λέγω3@vipa1s καί@cs παραπομπή@nafsc πονηρός@annns- δέ@b καί@b πένης@ndmsc διά@p ὁ@dans παρά@p ἀξία@nafsc τοιγάρ@b ὁ@dnms μέν@b βασανίζω@vifp3s ὁ@dnms δέ@cs ἐπί@p μέγας@andnp- ἁμάρτημα@ndnpc κατάφωρος@annms- εἰμί@vifm3s ἔοικα@vpranns δέ@b καί@b οὗτος@rpams βασανίζω@vnap-- νοσέω@vppadms δέ@x σύντομος@anams- προαγορεύω@vipa3s θάνατος@namsc χλωρός@annms- τε@cs γάρ@b ὁ@dnms χρυσός@nnmsc καί@cs βαρύς@annms- καί@cs ψυχρός@annms- καί@cs διά@p οὗτος@rpans θάνατος@ndmsc προσεικάζω@vire3s καί@b ὁ@dnnp κρυπτός@annnp- ἐλέγχω@vipa3s πάντως@b γάρ@b ἀπόβλεπτος@anams- χρή@vipa3s εἰμί@vnpa-- ὁ@dams χρυσοφορέω@vppaams πλούσιος@andmp- δέ@b καί@b δημαγωγός@ndmpc καί@cs ὁ@ddmp ἄρχω@vnpa-- προαιρέω@vpredmp ἀγαθός@anams- τηρέω@viaa1s ὁ@dams στέφανος@namsc ἄμπελος@vmpe2s δέ@b καί@cs κισσός@vmpe2s μόνος@andmp- ὁ@ddmp περί@p ὁ@dams διόνυσος@namsp τεχνίτης@ndmpc συμφέρω@vipa3s ὁ@ddmp δέ@cs ἄλλος@rpdmp δεσμός@nanpc σημαίνω@vipa3s διά@p ὁ@damp ἕλιξ@nampc καί@cs ὁ@dafp προσπλοκή@nafpc ὁ@dgms κισσός@ngmsc νόσος@nafsc διά@p ὁ@dans αὐτός@rpanp κακοῦργος@andmp- δέ@b τραχηλοκοπέω@vnap-- σημαίνω@vipa3s διά@p ὁ@dans τέμνω@vnpe-- οὗτος@rpanp σίδηρος@ndmsc κρόμμυον@ndmpc δέ@b στεφανόω@vnre-- δοκέω@vnpa-- ὁ@dams μέν@b εἶδον@vpaaams ὠφελέω@vipa3s ὁ@damp δέ@cs περί@p αὐτός@rpams βλάπτω@vipa3s"
"Oneir._1.78","ἐν@p ὁ@ddms περί@p συνουσία@ngfsc λόγος@ndmsc διαίρεσις@nafsc ὁ@dafs ἄριστος@anafss ποιέω@vppenms εἶπον@voaa3s τις@rpnms ἄν@b πρῶτος@anans- περί@p ὁ@dgfs κατά@p φύσις@nafsc καί@b νόμος@namsc καί@cs ἔθος@nansc συνουσία@ngfsc εἶτα@b περί@p ὁ@dgfs παρά@p νόμος@namsc καί@cs τρίτος@anans- περί@p ὁ@dgfs παρά@p φύσις@nafsc πρῶτος@anans- μέν@b οὖν@b περί@p ὁ@dgfs κατά@p νόμος@namsc συνουσία@ngfsc ὧδε@b πως@b ἔχω@vipa3s γυνή@ndfsc ὁ@ddfs ἑαυτοῦ@rpgms μίγνυμι@vnap-- ἑκών@andfs- καί@cs παραδέχομαι@vppedfs καί@cs πρός@p ὁ@dafs συνουσία@nafsc μή@b ἀντιβαίνω@vppadfs ἀγαθός@anans- ἐπίσης@vpaagfs πᾶς@andmp- εἰμί@vipa3s γάρ@b ὁ@dnfs γυνή@nnfsc ἤτοι@cs τέχνη@nnfsc ὁ@dgms εἶδον@vpaagms ἤ1@cs πραγματεία@nnfsc ἀπό@p ὅς@rpgfs ὁ@dafp ἡδονή@nafpc πορίζω@vipe3s ἤ1@cs ὅς@rpgms προίστημι@vipe3s καί@cs ἄρχω@vipa3s ὡς@cs καί@cs ὁ@dgfs γυνή@ngfsc σημαίνω@vipa3s δέ@b ὁ@dnms ὄνειρος@nnmsc ὁ@dafs ἀπό@p ὁ@dgnp τοιοῦτος@rpgmp ὀφλισκάνω@nafsc ἥδομαι@vipe3p μέν@b γάρ@b ὁ@dnmp ἄνθρωπος@nnmpc ὁ@ddnp ἀφροδίσιος@andnp- ἥδομαι@vipe3p δέ@b καί@cs ὁ@ddfp ὠφέλεια@ndfpc εἰ@cs δέ@b ἀντιβαίνω@vopa3s ὁ@dnfs γυνή@nnfsc ἤ1@cs μή@b παρέχω@vopa3s ἑαυτοῦ@rpafs ὁ@danp ἐναντίος@ananp- σημαίνω@vipa3s ὁ@dnms δέ@b αὐτός@annms- καί@b περί@p ἐρώμενος@ngfsc εἰμί@vmpa3s λόγος@nnmsc γυνή@ndfpc δέ@b ἑταίρα@ndfpc ὁ@ddfp ἐπί@p κασωρίον@ndnpc ἵστημι@vppadfp μίγνυμι@vnpe-- μικρός@anafs- μέν@b αἰσχύνη@nafsc καί@cs βραχύς@anans- ἀνάλωμα@nansc σημαίνω@vipa3s αἰδέομαι@vipe3p γάρ@b ἅμα@b καί@cs ἀναλίσκω@vipa3p οὗτος@rpdfp πλησιάζω@vppanmp ὁ@dnmp ἄνθρωπος@nnmpc πρός@p δέ@b πᾶς@anafs- ἐγχείρησις@nafsc εἰμί@vipa3p ἀγαθός@annfp- καί@cs γάρ@b πρός@p τις@rpgcp ἐργάσιμος@annmp- λέγω3@vipe3p καί@cs οὐδείς@rpans ἀρνέομαι@vpamnfp παρέχω@vipa3p ἑαυτοῦ@rpafp εἰμί@vopa3s δέ@b ἄν@b ἀγαθός@annns- ὁ@dnns εἰσέρχομαι@vnpa-- εἰς@p ὁ@danp πορνεῖον@nanpc καί@cs ἐξίημι@vnpa-- δύναμαι@vnpe-- ἐπεί@cs ὁ@dnns γε@b μή@b δύναμαι@vnpe-- ἐξίημι@vnpa-- πονηρός@annns- οἶδα@vira1s δέ@b τις@rpams ὅς@rpnms δοκέω@viaa3s εἰσέρχομαι@vnaa-- εἰς@p πορνεῖον@nansc καί@cs μή@b δύναμαι@vnpe-- ἐξέρχομαι@vnaa-- καί@cs ἀποθνῄσκω@viaa3s οὐ@b μετά@p πολύς@anafp- ἡμέρα@nafpc κατά@p λόγος@namsc οὗτος@rpgms ἀποβαίνω@vpaagms αὐτός@rpdms κοινός@annms- γάρ@b ὁ@dnms τόπος@nnmsc οὗτος@annms- καλέω@vipe3s ὡς@cs καί@b ὁ@dnms ὁ@damp νεκρός@nampc δέχομαι@vppenms καί@cs πολύς@angnp- σπέρμα@ngnpc ἀνθρώπινος@angnp- ἐνταῦθα@b γίγνομαι@vipe3s φθορά@nnfsc εἰκότως@b οὖν@b ὁ@dnms τόπος@nnmsc οὗτος@annms- ἔοικα@vira3s θάνατος@ndmsc οὐδείς@rpans μέντοι@b κοινός@anans- ὁ@dnfp γυνή@nnfpc ἔχω@vipa3p ὁ@ddms τόπος@ndmsc αὐτός@rpnfp μέν@b γάρ@b ἀγαθός@ananp- σημαίνω@vipa3p ὁ@dnms δέ@b τόπος@nnmsc οὐ@b ἀγαθός@annms- ὅθεν@b ὁ@dnfp πλάζω@vppenfp ὁ@dgmp ἑταῖρος@ngmpc λυσιτελής@annfpc ὄναρ@nansc ὁράω@vnap-- ἀγαθός@annfp- δέ@b καί@b ὁ@dnfp ἐπί@p ἐργαστήριον@ngnpc καθέζομαι@vppenfp καί@b πιπράσκω@vppanfp τις@rpans καί@b δέχομαι@vppenfp ἐμπολή@nafpc καί@b ὁράω@vpapnfp καί@cs μίγνυμι@vppanfp εἰ@cs δέ@b τις@rpncs γυνή@nafsc ὅς@rpafs οὐ@b οἶδα@vira3s ὑπολαμβάνω@voaa3s περαίνω@vnpa-- εἰ@cs μέν@b εὔμορφος@annfs- εἰμί@vopa3s καί@cs χαρίεις@annfs- καί@cs σκευή@nafsc ἔχω@vppanfs ἱμάτιον@ngnpc πολυτελής@angnp- καί@cs μαλακός@angnp- καί@cs ὅρμος@ngmpc χρύσεος@angmp- καί@cs ἑαυτοῦ@rpafs παρέχω@vppanfs καλός@anans- ὁ@ddms εἶδον@vpaadms καί@cs οὐ@b μικρός@anans- τελέω@vpamams δείκνυμι@vipa3s εἰ@cs δέ@b πρεσβῦτις@nnfsc εἰμί@vopa3s καί@cs εἰδεχθής@annfs- καί@cs ἄμορφος@annfs- καί@cs κακοείμων@annfs- καί@cs λυπηρός@b διάγω@vopa3s καί@cs εἰ@cs μή@b παρέχω@vopa3s ἑαυτοῦ@rpafs ὁ@danp ἐναντίος@ananp- ὁ@ddfs πρότερος@andfs- σημαίνω@vipa3s χρή@vipa3s γάρ@b ἡγέομαι@vnpm-- ὁ@dafp ἀγνοέω@vppeafp γυνή@nafpc εἰκών@nafpc εἰμί@vnpa-- πρᾶξις@ngfpc ὁ@dgnp συμβαίνω@vpfpgnp ὁ@ddms εἶδον@vpaadms οἷος@rpnfs ἄν@b οὖν@b εἰμί@vspa3s ὁ@dnfs γυνή@nnfsc καί@cs ὅπως@b διάκειμαι@vprenfs οὕτως@b καί@cs ὁ@dnfs πρᾶξις@nnfsc διατίθημι@vifa3s ὁ@dams εἶδον@vpaaams δούλη@ndfsc ἴδιος@annfs- καί@cs δοῦλος@ndmsc μίγνυμι@vnap-- ἀγαθός@annns- εἰμί@vipa3p γάρ@b ὁ@dnmp δοῦλος@nnmpc κτῆμα@nnnpc ὁ@dgms εἶδον@vpaagms διό@b σημαίνω@vipa3p ἐπί@p ὁ@ddnp ἑαυτοῦ@rpgms κτῆμα@ndnpc ἥδομαι@vnap-- ὁ@dams εἶδον@vpaaams ὡς@cs ἔοικα@vpranns πλείων@andmpc καί@cs πολυτελής@andmpc γίγνομαι@vppedmp περαίνω@vnpe-- δέ@b ὑπό@p οἰκέτης@ngmsc οὐ@b ἀγαθός@annns- καταφρονέω@vnap-- γάρ@b σημαίνω@vipa3s καί@cs βλάπτω@vnap-- παρά@p ὁ@dgms οἰκέτης@ngmsc οὗτος@rpans δέ@b καί@b ὑπό@p ὁ@dgms ἀδελφός@ngmsc ἐάν@cs τε@cs νέος@annmsc εἰμί@vspa3s ὁ@dnms περαίνω@vppanms ἐάν@cs τε@cs πρέσβυς@annmsc ἤ1@cs καί@b ὑπό@p ἐχθρός@angms- γυνή@ndfsc δέ@b γνώριμος@andfs- καί@cs συνήθης@ndfsc μίγνυμι@vnpe-- εἰ@cs μέν@b ἐρωτικός@b διάκειμαι@vppenms τις@rpnms καί@cs ἐπιθυμέω@vppanms ὁ@dgfs γυνή@ngfsc εἶδον@voaa3s ὁ@dams ὄνειρος@namsc οὐδείς@rpans προαγορεύω@vipa3s διά@p ὁ@dafs ἐπιτείνω@vpreafs ἐπιθυμία@nafsc εἰ@cs δέ@cs μή@b ἐπιθυμέω@vopa3s ὁ@dgfs γυνή@ngfsc ἀγαθός@annns- αὐτός@rpdms ὅταν@cs ὁ@dnfs γυνή@nnfsc εὔπορος@annfs- εἰμί@vspa3s πάντως@b γάρ@b τις@rpans πρᾶξις@vipa3s λυσιτελής@annns- παρά@p ὁ@ddfs γυνή@ndfsc ἤ1@cs διά@p ὁ@dgfs γυνή@ngfsc ὅς@rpafs ὁράω@viaa3s ὁ@dnms ἀνήρ@nnmsc ὁ@dnfs γάρ@b ὁ@dans σῶμα@nansc ὁ@dans ἑαυτοῦ@rpgfs τις@rpdcs παρέχω@vppanfs εἰκότως@b καί@cs ὁ@danp περί@p ὁ@dans σῶμα@nansc παρέχω@vopa3s ἄν@b πολλάκις@b δέ@b ὁ@dnns τοιοῦτος@rpnns ὄναρ@nnnsc καί@cs ἐν@p μυστήριον@ndnpc ὁ@dgfs γυνή@ngfsc γίγνομαι@vpamnns ὁ@dams δίδωμι@vppaams ὠφελέω@viaa3s παρέχω@vipa3s γάρ@b ὁ@dnfs τοιοῦτος@rpnfs καί@cs ὁ@dgnp ἀπόρρητος@angnp- ἅπτω@vnam-- ἀνάνδροτος@anafs- δέ@b κατά@p νόμος@nampc γαμέω@vpreafs περαίνω@vnpa-- οὐ@b ἀγαθός@annns- διά@p ὁ@dams νόμος@namsc οἷος@rpdnp γάρ@b ὁ@dams ἐπί@p μοιχεία@nanpc ἁλίσκομαι@vpaaams ὁ@dnms νόμος@nnmsc ὑπάγω@vipa3s ὁ@ddmp αὐτός@rpdmp καί@cs ὁ@dnns ὄναρ@nnnsc περαίνω@vnpe-- δέ@b ὑπό@p τις@rpgcs γνώριμος@angms- γυνή@ndfsc μέν@b λυσιτελής@annns- οἷος@rpnms ἄν@b εἰμί@vspa3s ὁ@dnms περαίνω@vppanms ἀνήρ@ndmsc δέ@b ὑπό@p πλούσιος@angmsc καί@cs πρεσβύτερος@angmsc περαίνω@vnpe-- ἀγαθός@annns- παρά@p γάρ@b ὁ@dgnp τοιοῦτος@rpgnp ἔθος@nnnsc εἰμί@vipa3s λαμβάνω@vnpa-- ὑπό@p δέ@b νέος@angmsc καί@cs ἄπορος@angms- περαίνω@vnpe-- πονηρός@annns- ὁ@ddnp γάρ@b τοιοῦτος@rpdnp ἔθος@nnnsc εἰμί@vipa3s προσδίδωμι@vnpa-- ὁ@dans δέ@b αὐτός@rpans σημαίνω@vipa3s καί@b ἐάν@cs πρέσβυς@annmsc εἰμί@vspa3s ὁ@dnms περαίνω@vppanms καί@cs πτωχός@annms- χειροτονέω@vnpa-- δέ@b ὁ@dans αἰδοῖον@nansc εἰ@cs τις@rpnms ὑπολαμβάνω@voaa3s δοῦλος@namsc ἤ1@cs δούλη@nafsc περαίνω@vifa3s διά@p ὁ@dans ὁ@dafp χείρ@nafpc ὁ@dafp προσάγω@vppeafp ὁ@ddns αἰδοῖος@andns- ὑπηρετικός@anafp- εἰμί@vnpa-- εἰ@cs δέ@cs μή@b ἔχω@vopa3s θεράπων@nampc ζημία@nafsc ὑπομένω@vifa3s διά@p ὁ@dafs εἰς@p ἄχρηστος@anans- ὁ@dgns σπέρμα@ngnsc ἀπόκρισις@nafsc οἶδα@vira1s δέ@b τις@anams- δοῦλος@namsc ὅς@rpnms δοκέω@viaa3s ὁ@dams δεσπότης@namsc αὐτός@rpgms δέχομαι@vnpa-- καί@cs γίγνομαι@viam3s ὁ@dgmp παῖς@ngmpc αὐτός@rpgms παιδαγωγός@nnmsc καί@cs τροφός@nnmsc ἔχω@viaa3s γάρ@b ἐν@p ὁ@ddfp χείρ@ndfpc ὁ@dnns ὁ@dgms δεσπότης@ngmsc αἰδοῖον@anans- εἰμί@vppaans ὁ@dgnp ἐκεῖνος@rpgms τέκνον@ngnpc σημαντικός@anans- καί@b πάλιν@b αὖ@b οἶδα@vira1s τις@rpams ὅς@rpnms δοκέω@viaa3s ὑπό@p ὁ@dgms δεσπότης@ngmsc δέφω@vnpe-- καί@cs προσδέω@vpapnms κίων@ndmsc πολύς@anafp- λαμβάνω@viaa3s πληγή@nafpc καί@cs οὕτως@b ὑπό@p ὁ@dgms δεσπότης@ngmsc ἐντείνω@viap3s περί@p δέ@b ὁ@dgfs παράνομος@angfs- συνουσία@ngfsc οὕτως@b κρίνω@vnpa-- δεῖ@vppanns εἰμί@vipa3s υἱός@namsc περαίνω@vnpa-- οὐδέπω@b πενταετής@anams- γίγνομαι@vpraams θάνατος@namsc ὁ@ddms παῖς@ndmsc σημαίνω@vipa3s καθώς@cs πολλάκις@b τηρέω@viaa1s ἔοικα@vpranns δέ@b οὗτος@rpans σημαίνω@vnpa-- διά@p ὁ@dans φθείρω@vnpe-- ὁ@dans βρέφος@nansc φθορά@nafsc δέ@b καλέω@vipa1p ὁ@dams ὄλεθρος@namsc εἰ@cs δέ@b ὑπέρ@p ά@ananp- πέντε@an---- ἔτος@nanpc ὁ@dnms παῖς@nnmsc εἰμί@vopa3s γίγνομαι@vpranms ἔτι@b δέ@b ὁ@dgmp δέκα@an---- ἐντός@b νοσέω@vifa3s μέν@b ὁ@dnms παῖς@nncsc ἄφρων@b δέ@cs τις@rpans πραγματεύομαι@vpamnms ὁ@dnms εἶδον@vpaanms ὁ@dams ὄνειρος@namsc βλάπτω@vifp3s ὁ@dnms μέν@b γάρ@b διά@p ὁ@dans παιδικός@anans- ὁ@dgfs ἡλικία@ngfsc πρό@p ὁ@dgfs ὥρα@ngfsc περαίνω@vppenms διά@p ὁ@dans ἀλγέω@vnpa-- νοσέω@vifa3s ὁ@dnms δέ@b βλάπτω@vifp3s διά@p φροσύνη@nafsc οὐ@b γάρ@b εἰμί@vipa3s ἐρρωμένος@vpregms ὁ@dafs γνώμη@nafsc οὐ@b ὅτι@cs ὁ@dams ἑαυτοῦ@rpgms υἱός@namsc ἀλλά@cs οὐ@b δέ@b ἄλλος@anams- τηλικοῦτος@anams- περαίνω@vnpa-- εἰ@cs δέ@b ἀντίπαις@annms- εἰμί@vopa3s ὁ@dnms υἱός@nnmsc ἐάν@cs μέν@b πένης@nnmsc ὁ@dnfs ὁ@dnms πατήρ@nnmsc εἰς@p διδάσκαλος@ngmsc πέμπω@vppanms ὁ@dams υἱός@namsc μισθός@nampc τε@cs αὐτός@rpdms χορηγέω@vppanms ὁ@dafp εἰς@p αὐτός@rpams ἀπόκρισις@nafpc ποιέω@vifm3s εἰ@cs δέ@b πλούσιος@annms- ὁ@dans τοιοῦτος@rpans εἶδον@voaa3s πολύς@ananp- ὁ@ddms υἱός@ndmsc δωρέω@vppenms καί@cs καταγράφω@vppanms εἰς@p αὐτός@rpams ἀπουσία@nafpc ποιέω@vifm3s ἀνήρ@ndmsc δέ@b τέλειος@andms- ἤδη@b εἰμί@vppadms ὁ@ddms υἱός@ndmsc μίγνυμι@vnap-- ἀποδημέω@vppadms μέν@b ἀγαθσυνέρχομαι@vnaa-- γάρ@b καί@cs συναναστρέφω@vnap-- σημαίνω@vipa3s ὁ@dans ὄναρ@nansc διά@p ὁ@dans ὁ@dgfs συνουσία@ngfsc ὄνομα@nansc σύνειμι1@vppadms δέ@x καί@cs συνδιατρίβω@vppadms πονηρός@annns- χωρίς@p γάρ@b ἀλλήλων@rpgmp γίγνομαι@vnam-- αὐτός@rpamp ἀνάγκη@nnfsc διά@p ὁ@dans ὁ@dafs ὁ@dgmp ἀνήρ@ngmpc συνουσία@nafsc ὡς@b ἐπί@p ὁ@dans πλεῖστος@anans- ἐκ@p ἀποστροφή@ngfsc γίγνομαι@vnpe-- περαίνω@vnpe-- δέ@b ὑπό@p ὁ@dgms υἱός@ngmsc βία@nnfsc βλάπτω@vnap-- ὑπό@p ὁ@dgms υἱός@ngmsc σημαίνω@vipa3s ἐπί@p ὅς@rpdfs βλάβη@ndfsc καί@b ὁ@dnms υἱός@nnmsc οἰμώζω@vifa3s εἰ@cs δέ@cs ὁ@dams ἑαυτοῦ@rpgms πατήρ@namsc δοκέω@voaa3s τις@rpnms περαίνω@vnpa-- φυγάς@nnfsc εἰμί@vifm3s ὁ@dgfs ἑαυτοῦ@rpgms ἤ1@cs πρός@p ὁ@dams πατήρ@namsc εἰς@p ἔχθρα@nafsc καθίστημι@vifp3s ἤ1@b γάρ@b αὐτός@annms- ἀποστρέφω@vifm3s αὐτός@rpams ὁ@dnms πατήρ@nnmsc ἤ1@cs ὁ@dnms δῆμος@nnmsc ὁ@dnms ὁ@ddms πατήρ@ndmsc ὁ@dams αὐτός@anams- ἔχω@vppanms λόγος@namsc θυγάτριον@nnnsc μικρός@annns- μέν@b παντελής@b καί@cs οὐδέπω@b πενταετής@annns- γίγνομαι@vpraans ἐντός@p δέ@cs ἔτι@b ὁ@dgfp δέκα@an---- ἐπίσης@vpaagfs ὁ@ddms υἱός@ndmsc σημαίνω@vipa3s ὅταν@cs δέ@b ὡραῖος@annfs- γάμος@ngmpc ὁ@dnfs παῖς@nncsc τύχη@vsaa3s αὖσα@vppanfs εἰς@p ἀνήρ@ngmsc πορεύω@vifm3s καί@cs ὁ@dnms εἶδον@vpaanms ὁ@dams ὄνειρος@namsc φερνή@nafsc ἐπιδίδωμι@vpaanms οὕτως@b εἰς@p ὁ@dafs θυγάτηρ@nafsc ἀπουσιασία@vsaa3s οἶδα@vira1s δέ@b τις@rpacs ὅς@rpnms ἐπί@p οὗτος@andns- ὁ@ddms ὄνειρος@ndmsc ὁ@dgfs γυνή@ngfsc στερέω@viap3s ὀρθός@b καί@cs κατά@p λόγος@namsc λοιπός@anans- γάρ@b εἰμί@viia3s αὐτός@rpdms ὁ@dnfs θυγάτηρ@nnfsc διά@p ὁ@dgfs οἰκουρία@ngfsc καί@b ὁ@danp γυνή@ngfsc καί@cs ὁ@danp θυγάτηρ@ngfsc ἔργον@nanpc παρέχω@vppanfs εἰ@cs δέ@b παρά@p ἀνήρ@ndmsc εἰμί@vppadfs ὁ@ddfs θυγάτηρ@ndfsc ὁ@ddfs ἑαυτοῦ@rpgms τις@rpncs ὑπολαμβάνω@voaa3s σύνειμι1@vnpa-- χωρίζω@vpapnfs ὁ@dgms ἀνήρ@ngmsc ὁ@dnfs θυγάτηρ@nnfsc πρός@p αὐτός@rpams ἀφικνέομαι@vifm3s ἴνα@cs αὐτός@rpdms σύνειμι@vspa3s καί@cs συναναστρέφω@vspe3s ἀγαθός@annns- δέ@b πένης@ndmsc πλούσιος@anafs- ἔχω@vppadms θυγάτηρ@nafsc μίγνυμι@vnap-- αὐτός@rpdfs πολύς@ananp- γάρ@b ἀπό@p ὁ@dgfs θυγάτηρ@ngfsc ὠφελέω@vppenms ἥδομαι@vifp3s ἐπί@p αὐτός@rpdfs πολλάκις@b δέ@b ὁ@dnmp πλουτέω@vppanmp καί@b παρά@p προαίρεσις@nafsc ἐπιδίδωμι@viaa3p τις@rpans ὁ@ddfp θυγάτηρ@ndfpc οὗτος@anams- εἶδον@vpaanmp ὁ@dams ὄνειρος@namsc καί@cs ὁ@dnmp νοσέω@vppanmp ἀποθνήσκω@viaa3p ἐπί@p κληρονόμος@ndmpc ὁ@ddfp θυγάτηρ@ndfpc περί@p δέ@b ἀδελφή@ngfsc περισσός@anams- λέγω3@vnpa-- ὁ@rpanp αὐτός@rpanp γάρ@b ὁ@ddfs θυγάτηρ@ndfsc σημαίνω@vipa3s ἀδελφός@namsc δέ@b περαίνω@vnpa-- καί@cs πρέσβυς@anamsc καί@cs νέος@anamsc ἀγαθός@anams- ὁ@ddms εἶδον@vpaadms ὑπέρ@annms- γάρ@b ὁ@dgms ἀδελφός@ngmsc εἰμί@vifm3s καί@cs καταφρόνησις@vifa3s αὐτός@rpgms φίλος@anams- δέ@b ὁ@dnms περαίνω@vppanms εἰς@p ἔχθρα@nafsc αὐτός@rpdms καθίστημι@vifm3s βλάπτω@vpapdms πρότερος@anans- ὑπό@p αὐτός@rpgms"
"Oneir._1.79","ὁ@dnms περί@p μήτηρ@ngfsc λόγος@nnmsc εἰμί@vppanms ποικίλος@annms- καί@cs πολυμερής@annms- καί@cs πολύς@anafs- ἐπιδέχομαι@vppenms διαίρεσις@nafsc πολύς@anamp- ὁ@dgmp ὀνειροκρίτης@ngmpc διαφεύγω@viaa3s ἔχω@vipa3s δέ@b ὧδε@b οὐ@b ὁ@nnfsc μίξις@nnfsc αὐτός@annfs- κατά@p ἑαυτοῦ@rpafs ἱκανός@annfs- εἰμί@vipa3s ὁ@danp σημαίνω@vppeanp δείκνυμι@vnaa-- ἀλλά@cs καί@cs ὁ@dnfp συμπλοκή@nnfpc καί@cs ὁ@dnnp σχῆμα@nnnpc ὁ@dgnp σῶμα@ngnpc διάφορος@annnp- εἰμί@vppannp διάφορος@anafp- ὁ@dafp ἀπόβασις@nafpc ποιέω@vipa3s πρῶτος@anans- μέν@b οὖν@b περί@p ὁ@dgfs σύγχρους@b περαίνω@vppegfs καί@cs ἅμα@b ζάω@vppagfs λεκτέος@annns- ἐπεί@cs καίω@vspa3s ζάω@vppanfs οὐ@b ὁ@danp αὐτός@rpnnp ὁ@ddfs νεκρός@andfs- σημαίνω@vipa3s εἰ@cs τις@rpnms οὖν@b ὁ@dafs ἑαυτοῦ@rpgns μήτηρ@nafsc σύγχρους@vira1s ὅσπερ@rpans καί@b κατά@p φύσις@nafsc τις@rpnmp λέγω3@vipa3p καί@b ζάω@vppaafs ἔτι@b περαίνω@vopa3s εἰ@cs μέν@b εἰμί@vopa3s αὐτός@rpdms ὁ@dnms πατήρ@nnmsc ἐρρωμένος@vprenms ἔχθρα@nnfsc αὐτός@rpdms πρός@p ὁ@dams πατήρ@namsc εἰμί@vifm3s διά@p ὁ@dafs καί@b ἐπί@p ὁ@dgmp ἄλλος@angmp- ἄνθρωπος@ngmpc γίγνομαι@vppeafs ζηλοτυπία@nafsc εἰ@cs δέ@b νοσέω@vppanms ὁ@dnms πατήρ@nnmsc τυγχάνω@voaa3s θνῄσκω@vifm3s ὁ@dnms γάρ@b εἶδον@vpaanms ὁ@dams ὄνειρος@namsc προίστημι@vifm3s ὁ@dgfs μήτηρ@ngfsc υἱός@nnmsc ἅμα@b καί@cs ἀνήρ@nnmsc ἀγαθός@annns- δέ@b πᾶς@andfs- χειροτέχνης@ndfsc καί@cs ἐργόφινος@ndnsc καί@cs γάρ@b ὁ@dafs τέχνη@nafsc μήτηρ@nafsc καλέω@vnpa-- ἔθος@nnnsc εἰμί@vipa3s ὁ@dnns δέ@cs οὗτος@b πλησιάζω@vnpa-- τίς@rpnns ἄν@b εἰμί@vopa3s ἄλλος@rpnns ἤ1@cs ὁ@dnns μή@b σχολή@nafsc ἔχω@vnpa-- ἀλλά@cs ἀπό@p ὁ@dgfs τέχνη@ngfsc πορίζω@vnpa-- ἀγαθός@annns- δέ@b καί@b πᾶς@andms- δημαγωγός@ndmsc καί@cs πολιτερυτής@ndfsc σημαίνω@vipa3s γάρ@b ὁ@dafs πατρίς@nafsc ὁ@dnfs μήτηρ@nnfsc ὥσπερ@cs οὖν@b ὁ@dnms μίγνυμι@vppenms κατά@p νόμος@namsc ἀφροδίτη@ngfsp πᾶς@angns- ἄρχω@vipa3s ὁ@dgns σῶμα@ngnsc ὁ@dgfs σύνειμι@vppagfs πείθω@vppegfs καί@cs ἑκών@angfs- οὕτως@b ὁ@dnms εἶδον@vpaanms πᾶς@angnp- προίστημι@vifm3s ὁ@dgnp ὁ@dgfs πόλις@ngfsc πρᾶγμα@ngnpc καί@cs ὁ@dnms ἐχθρός@annms- εἰμί@vppanms ὁ@ddfs μήτηρ@ndfsc εἰς@p φιλία@nafsc αὐτός@rpdfs καθίστημι@vifm3s διά@p ὁ@dafs μίξις@nafsc καί@b γάρ@b φιλότης@nnfsc καλέω@vipe3s πολλάκις@b δέ@b καί@b ὁ@damp χωρίς@b οἰκέω@vppaamp ἐπί@p ὁ@dans αὐτός@rpans συνάγω@viaa3s ὁ@dans ὄναρ@nansc οὗτος@anans- καί@cs ποιέω@viaa3s σύνειμι1@vnpa-- διό@b καί@b ὁ@dams ἀπόδημος@anams- εἰς@p ὁ@dafs οἰκεῖος@anafs- ἐπανάγω@vipa3s ὅταν@cs γε@b ὁ@dnfs μήτηρ@nnfsc ἐν@p ὁ@ddfs πατρίς@ndfsc τυγχάνω@vspa3s εἰμί@vppanfs εἰ@cs δέ@cs μή@b ὅπου@b ἄν@b ὁ@dnfs μήτηρ@nnfsc διάγω@vspa3s ἐκεῖ@b σημαίνω@vipa3s πορεύω@vnap-- ὁ@dams εἶδον@vpaaams καί@cs εἰ@cs τις@rpncs πένης@vppenms καί@b ἐν@p ἔνδεια@ndfsc εἰμί@vppanms ὁ@dgnp ἐπιτήδειος@angnp- πλούσιος@anafs- ἔχω@vopa3s μήτηρ@nafsc λαμβάνω@vifm3s παρά@p αὐτός@rpgfs ὅσος@rpanp βούλομαι@vipe3s ἀποθνήσκω@vpaaafs μετά@p οὐ@b πολύς@anans- κληρονομέω@vifa3s καί@cs οὕτως@b ἐπί@p ὁ@ddfs μήτηρ@ndfsc ἥδομαι@vifp3s πολύς@annmp- δέ@b καί@b ἀναλαμβάνω@vpaanmp ὁ@dafp μήτηρ@nafpc τρέφω@viaa3p ἐκεῖνος@rpgmp ἐπί@p αὐτός@rpdmp ἥδομαι@vppegmp νοσέω@vppaams δέ@b ἀνίστημι@vipa3s ὁ@dnns ἄναρ@nnnsc καί@cs σημαίνω@vipa3s κατά@p φύσις@nafsc ἔχω@vnfa-- μήτηρ@nnfsc γάρ@b κοινός@annfs- πᾶς@angmp- ὁ@dnfs φύσις@nnfsc φημί@vipa1p δέ@b ὁ@damp ἐρρωμένος@vppeamp καί@cs οὐ@b ὁ@damp νοσέω@vppaamp κατά@p φύσις@nafsc ἔχω@vnpa-- μιμνήσκω@vire3s δέ@b ὁ@dgns τοιοῦτος@rpgns καί@b ἀπολλόδωρος@nnmsp ὁ@dnms τελμησσεύς@nnmsp ἀνήρ@nnmsc ἐλλόγιμος@nnmsc γίγνομαι@voam3s δέ@b ἄν@b ἐπί@p ὁ@dgmp νοσέω@vppagnp οὐ@b ὅμοιος@annns- ὁ@dnns σημαίνω@vppenns εἴπερ@cs εἰμί@vopa3s νεκρός@annfs- ὁ@dnfs μήτηρ@nnfsc ἐπεί@cs αὐτίκα@b μάλα@b θνῄσκω@vifm3s ὁ@dnms εἶδον@vpaanms ὁ@dgfs τε@b γάρ@b νεκρός@ngfsc ὁ@dnns σύγκριμα@nnnsc ἀναλύω@vipe3s εἰς@p ὁ@dafs ὕλη@nafsc ἐκ@p ὅς@rpgfs συνίστημι@viaa3s καί@cs συγκρίνω@viap3s καί@cs ὁ@dnns πλεῖστος@annns- γεώδης@annns- εἰμί@vppanns εἰς@p ὁ@dafs οἰκεῖος@anafs- ὕλη@nafsc μεταβάλλω@vipa3s καί@cs ὁ@dafs γῆ@nafsc οὐδείς@anans- ἥσσων@anansc μήτηρ@nafsc καλέω@vipa1p ὁ@dans δέ@b μίγνυμι@vnap-- νεκρός@andfs- ὁ@ddfs μήτηρ@ndfsc νοσέω@vppadms τίς@rpans ἄν@b ἄλλος@rpans σημαίνω@vopa3s ἤ1@cs ὁ@dans ὁ@ddfs γῆ@ndfsc μίγνυμι@vnap-- ἀγαθός@annns- δέ@b ὁ@ddms περί@p γῆ@ngfsc ἔχω@vppadms δίκη@nafsc καί@b ὁ@ddms γῆ@nafsc πρίαμαι@vnpe-- βούλομαι@vppedms καί@cs ὁ@ddms γεωργέω@vnpa-- ἐθέλω@vppadms ὁ@dans νεκρός@andfs- ὁ@ddfs μήτηρ@ndfsc μίγνυμι@vnap-- λέγω3@vipa3p δέ@b ἔνιοι@annmp- ὅτι@cs γεωργός@ndmsc μόνος@andms- κακός@annns- ὡς@cs ἐπί@p νεκρός@anafs- γάρ@b ὁ@dafs γῆ@nafsc καταβάλλω@vipa3s ὁ@danp σπέρμα@nanpc οὗτος@rpnns εἰμί@vipa3s ἀκάρπω@ndfsc ἐγώ@rpdms δέ@b οὐδαμῶς@b δοκέω@vipa3s ἀληθής@annns- εἰμί@vnpa-- εἰ@cs μή@b ἄρα@b τις@rpnms ἐπί@p ὁ@ddfs συνουσία@ndfsc μεταγιγνώσκω@vnpa-- ἤ1@cs ἀνιάω@vnpe-- νομίζω@vopa3s ἔτι@b καί@b ὁ@dnms ἀπόδημος@annms- εἰς@p ὁ@dafs οἰκεῖος@anafs- ἀνακομίζω@vifp3s καί@cs ὁ@dnms περί@p ὁ@dgfs οὐσία@ngfsc ὁ@dgfs μητρῷος@angfs- ἀμφισβητέω@vppanms νικάω@vifa3s ἐπί@p οὗτος@andns- ὁ@ddms ὄνειρος@ndmsc οὐ@b ἐπί@p ὁ@ddns σῶμα@ndnsc ἀλλά@cs ἐπί@p ὁ@ddfs οὐσία@ndfsc ὁ@dgfs μήτηρ@ngfsc τέρπω@vppenms εἰ@cs δέ@b τις@rpncs ἐν@p ὁ@ddfs πατρίς@ndfsc εἶδον@voaa3s ὁ@dans ὄναρ@nansc ἐξέρχομαι@vifm3s ὁ@dgfs πατρίς@ngfsc οὐ@b γάρ@b ἔνειμι@vipa3s ἐπί@p τοσοῦτος@andns- ἁμάρτημα@ndnsc μένω@vnpa-- ἐπί@p ὁ@dgfs μητρῷος@angfs- ἑστία@ngfsc καί@b εἰ@cs μέν@b ἀνιάω@vope3s ἐπί@p ὁ@ddfs συνουσία@ndfsc ἤ1@cs μεταγιγνώσκω@vopa3s φεύγω@vifm3s ὁ@dafs πατρίς@nafsc εἰ@cs δέ@cs μή@b ἑκών@annms- ἀποδημέω@vifa3s ἀποστρέφω@vpreafs δέ@b ὁ@dafs μήτηρ@nafsc περαίνω@vnpa-- οὐ@b ἀγαθός@annns- ἤ1@cs γάρ@b αὐτός@rpnfs ὁ@dnfs μήτηρ@nnfsc ἀποστρέφω@vifm3s ὁ@dams εἶδον@vpaaams ἤ1@cs ὁ@dnfs πατρίς@nnfsc ἤ1@cs ὁ@dnfs τέχνη@nnfsc ἤ1@cs ὅς@rpnns τις@rpans ἄν@b ὁ@dnfs ὁ@dans πρόκειμαι@vpreans ὁ@ddms εἶδον@vpaadms πονηρός@annns- δέ@b καί@cs ὀρθός@andfs- παρίστημι@vnra-- ὁ@ddfs μήτηρ@ndfsc κατά@p ὁ@dafs συνουσία@nafsc ἀπορία@nnfsc γάρ@b κοίτη@ngfsc ἤ1@cs στρῶμα@ngnpc τοιοῦτος@rpdns χράω@vipe3p σχῆμα@ndnsc ἄνθρωπος@nnmpc διό@b θλῖψις@nafpc καί@cs στενοχωρία@nafpc σημαίνω@vipa3s καί@cs εἰς@p γόνυ@nanpc κεῖμαι@vpredfs ὁ@ddfs μήτηρ@ndfsc μίγνυμι@vnap-- πονηρός@annns- πολύς@anafs- γάρ@b ἀπορία@nafsc σημαίνω@vipa3s διά@p ὁ@dans ὁ@dgfs μήτηρ@ngfsc ἀκίνητος@anans- ὁ@dans δέ@b ἄνωθεν@b ἐπίκειμαι@vppeafs καί@cs ἐφιππάζομαι@vppeafs ὁ@dafs μήτηρ@nafsc περαίνω@vnpa-- λέγω3@vipa3p ἔνιοι@annmp- θάνατος@namsc ὁ@ddms εἶδον@vpaadms σημαίνω@vnpa-- γῆ@ndfsc γάρ@b ἔοικα@vira3s ὁ@dnfs μήτηρ@nnfsc ἐπεί@cs τροφός@nnfsc πᾶς@angmp- καί@cs γενέτειρα@nnfsc ὁ@dnfs γῆ@nnfsc οὗτος@annfs- δέ@b ὁ@dgmp νεκρός@ngmpc ἄνωθεν@b καί@cs οὐ@b ὁ@dgmp ζάω@vppagmp γίγνομαι@vipe3s ἐγώ@rpnms δέ@b τηρέω@viaa1s ὁ@damp μέν@b νοσέω@vppaamp ἐπί@p οὗτος@andns- ὄνειρος@ndmsc πάντοτε@b ἀποθνήσκω@vpaaamp ὁ@damp δέ@b ἐρρωμένος@vppeamp μετά@p πολύς@angfs- ῥᾳστώνη@ngfsc καί@cs κατά@p προαίρεσις@nafsc ὁ@dans λοιπός@anans- ὁ@dgns βίος@ngmsc διάγω@vpaaamp ὀρθός@b καί@cs εὔλογος@b ὁ@dgns τοιοῦτος@rpgns γίγνομαι@vppegms ἐν@p μέν@b γάρ@b ὁ@ddnp ἄλλος@rpdnp σχῆμα@ndnpc καί@cs ὁ@dnms κάματος@nnmsc καί@cs ὁ@dnns ἆσθμα@nnnsc περί@p ὁ@dams ἄρσην@namsc ὡς@cs ἐπί@p ὁ@dans πολύς@anans- συνίστημι@vipe3s ὁ@dnfs δέ@b θῆλυς@nnfsc ἄπονος@annfsc διατελέω@vipa3s ἐν@p δέ@b οὗτος@rpdns ὁ@ddns σχῆμα@ndnsc πᾶς@anans- ἐναντίος@anans- ἥδομαι@vipe3s ὁ@dnms ἀνήρ@nnmsc ἄνευ@p κόπος@ngmsc ἀλλά@cs καί@cs ὁ@damp πλησίος@b λανθάνω@vnaa-- ἐπιτρέπω@vipa3s μή@b ἐν@p φώς@ndnsc γίγνομαι@vppeans διά@p ὁ@dans ὁ@dgns ἄσθμα@ngnsc ὁ@dans πολύς@anans- ἀφαιρέω@vnpe-- πολύς@andnp- δέ@b καί@cs διάφορος@andnp- σχῆμα@ndnpc ἐπί@p ὁ@dgfs μήτηρ@ngfsc οὐ@b συμφέρω@vipa3s χράω@vnpe-- οὐ@b γάρ@b ἐνυβρίζω@vnpa-- δίκαιος@annns- εἰμί@vipa3s ὁ@ddfs μήτηρ@ndfsc ὅτι@cs δέ@b ὁ@danp μέν@b ἄλλος@ananp- σχῆμα@nanpc διά@p ὕβρις@nafsc καί@cs ἀκολασία@nafsc καί@cs παροινία@nafsc εὑρίσκω@viaa3p ἄνθρωπος@nnmpc ὁ@dans δέ@b σύγχρους@namsc μόνος@b ὑπό@p ὁ@dgfs φύσις@ngfsc διδάσκω@vpapnmp δῆλος@annns- ἀπό@p ὁ@dgnp ἄλλος@rpgnp ζῷον@ngnpc πᾶς@annnp- γάρ@b ὁ@dnnp γένος@nnnpc συνήθης@ndnsc τις@rpdns χράομαι@vipe3s σχῆμα@ndnsc καί@cs ὅς@rpans μεταβάλλω@vipa3s διά@p ὁ@dans ὁ@ddms κατά@p φύσις@nafsc ἀκολουθέω@vnpa-- λόγος@ndmsc οἷος@rpans ὁ@dnnp μέν@b ὄπισθεν@b ἐπιβαίνω@vipa3s ὡς@cs ἵππος@nnmsc ὄνος@nnmsc αἴξ@b βοῦς@nnmpc ἔλαφος@nnmsc καί@cs ὁ@dnnp λοιπός@annnp- τετράπους@annnp- ὁ@dnnp δέ@b συμβάλλω@vipa3s πρότερος@b ὁ@danp στόμα@nanpc ὡς@cs ἔχιδνα@nnfpc καί@cs περιστερά@nnfpc καί@cs γαλαῖ@nnfpc ὁ@dnnp δέ@b κατά@p βραχύς@anans- συνέρχομαι@vipe3s ὡς@cs στρουθός@nnmsc ὁ@danp δέ@b ἐπιβαίνω@vppaanp ὁ@ddns βάρος@ndnsc ὁ@dafp θῆλυς@anafp- συνιζάνω@vnpa-- ἀναγκάζω@vipa3s ὡς@cs πᾶς@annmp- ὄρνις@nnmpc ὁ@danp δέ@b οὐ@b δέ@cs πρόσειμι1@vipa3s ἀλλήλων@rpdnp ἀλλά@cs ὑπό@p ὁ@dgmp ἄρσην@angnp- ἀποθλιβω@vpapanp ἀναλέγω@vipa3p ὁ@dnfp θῆλυς@nnfpc ὁ@danp σπέρμα@nanpc ὡς@cs ἰχθύς@nnmpc οὕτως@b ἔοικα@vpranns καί@b ἄνθρωπος@nampc ὁ@dans μέν@b οἰκεῖος@anans- σχῆμα@nansc ὁ@dans πρόσχρως@b ἔχω@vnpa-- ὁ@danp δέ@b λοιπός@ananp- ἐπιτεχνάζω@vnae-- ὕβρις@ndfsc καί@cs ἀκολασία@nnfsc εἴκω@vppaamp πᾶς@angnp- δέ@b δεινός@ananss τηρέω@viaa1s ὁ@dans δοκέω@vnpa-- ὑπό@p ὁ@dgfs μήτηρ@ngfsc ἀρρητοποιέω@vnpe-- καί@cs γάρ@x τέκνον@ngnpc ὄλεθρος@namsc καί@cs οὐσία@ngfsc ἀπώλεια@nafsc καί@cs νόσος@nafsc σημαίνω@vipa3s μέγας@anafs- ὁ@ddms εἶδον@vpaadms οἶδα@vira1s δέ@b τις@rpams ὅς@rpnms ἐπί@p οὗτος@andns- ὁ@ddms ὄνειρος@ndmsc ἀφαιρέω@viap3s ὁ@dnns αἰδοῖον@annns- καί@b γάρ@b ἔοικα@vpranns εἰμί@viia3s ἁμαρτάνω@vprenms μέρος@ndnsc ὁ@dgns σῶμα@ngnsc οὗτος@rpdns καί@b κολάζω@vnap-- εἰ@cs δέ@b ὑπό@p ὁ@dgfs ἑαυτοῦ@rpgms γυνή@ngfsc ἤ1@cs ἐρώμενος@ngfsc δοκέω@voaa3s τις@rpncs ἀρρητοποιέω@vnpe-- ἔχθρα@nnfsc ἤ1@cs λύσις@nnfsc ὁ@dgms γάμος@ngmsc ἤ1@cs ὁ@dgfs φιλία@ngfsc εἰμί@vifm3s οὐ@b γάρ@b ἔνειμι@vipa3s ὁ@ddfs τοιοῦτος@rpdfs οὐ@b τε@cs τράπεζα@ngfsc οὐ@b τε@cs φίλημα@ngnsc κοινωνέω@vnaa-- εἰ@cs μή@b ἄρα@b ἐν@p γαστήρ@ndfsc ἔχω@vopa3s ὁ@dnfs γυνή@nnfsc φθείρω@vipa3s γάρ@b ὁ@dnns κατά@p γαστήρ@ngfsc διά@p ὁ@dans παρά@p φύσις@nafsc δέχομαι@vnpe-- ὁ@danp σπέρμα@nanpc ἔτι@b καί@b ὁ@dnfs εὔπορος@annfsc ὁ@dgms ἀνήρ@ngmsc πολύς@ananp- δάνειον@nanpc διάλυσις@vifa3s ὑπέρ@p ὁ@dgms ἀνήρ@ngmsc καί@cs ὁ@dnfs δοῦλος@ndmsc συνοικέω@vppanfs παρά@p ἑαυτοῦ@rpgfs εἰσφέρω@vppanfs χρῆμα@nanpc ἐλευθέρωσις@vifa3s ὁ@dams ἀνήρ@namsc καί@cs οὕτως@b συμβαίνω@vifm3s ὁ@dgms ἀνήρ@ngmsc ὁ@dnns ἀναγκαῖος@annns- οὗτος@rpnns γάρ@b ὁ@dnns αἰδοῖον@nnnsc καλέω@vipe3s οὗτος@rpnns εἰμί@vipa3s ὁ@dafs ἀνάγκη@nafsc καθαρός@anafs- γίγνομαι@vnam-- ὁ@dnms δέ@b ὑπό@p φίλος@angms- ἤ1@cs συγγενής@angms- ἤ1@cs τέκνον@ngnsc μηκέτι@b βρέφος@ngnsc εἰμί@vppagns ἀρρητοποιέω@vpapnms εἰς@p ἔχθρα@nafsc ὁ@ddms ἀρρητοποιέω@vpaadms καθίστημι@vifm3s ὁ@dnms δέ@b ὑπό@p βρέφος@ngnsc ἀρρητοποιέω@vpapnms κατορύσσω@vifa3s ὁ@dans βρέφος@nansc οὐ@b γάρ@b ἔτι@b οὗτος@rpans οἷος@annns- τε@b εἰμί@vipa3s φιλέω@vnaa-- ὁ@dnms δέ@b ὑπό@p ἀγνώς@ngmsc τις@rpgms ἀρρητοποιέω@vpapnms ζημιόω@vifp3s ζημία@nafsc ὁστισοῦν@rpafs διά@p ὁ@dafs εἰς@p ἄχρηστος@anans- ἀπόκρισις@nafsc ὁ@dgns σπέρμα@ngnsc εἰ@cs δέ@b αὐτός@rpnms δοκέω@voaa3s τις@rpnms ἀρρητοποιέω@vnpa-- εἰ@cs μέν@b γνώριμος@anams- τις@rpacs εἰ@cs τε@cs ἀνήρ@namsc εἰ@cs τε@cs γυνή@nafsc εἰς@p ἔχθρα@nafsc αὐτός@rpdms καθίστημι@vifm3s διά@p ὁ@dans μή@b δύναμαι@vnpe-- στόμα@ngnpc ἔτι@b κοινωνέω@vnpa-- εἰ@cs δέ@cs ἀγνώς@namsc πᾶς@andmp- βλαβερός@annns- πλήν@p ὁ@dgmp διά@p στόμα@ngnsc ἔχω@vppagmp ὁ@dafs ἐργασία@nafsc αὐλητής@nampc λέγω3@vipa1s καί@cs σαλπιγκτής@nampc καί@cs ῥήτωρ@nampc καί@cs σοφιστής@nampc καί@cs εἰ@cs τις@rpncp ἄλλος@rpnmp οὗτος@rpdmp εἰμί@vipa3p ὅμοιος@annmp-"
"Oneir._1.80","περί@p δέ@b ὁ@dgfs παρά@p φύσις@nafsc συνουσία@ngfsc οὗτος@rpanp ἄν@b τις@rpncs λέγω3@vopa3s ἑαυτοῦ@rpdms μίγνυμι@vnap-- δοκέω@vnpa-- πλούσιος@andms- μέν@b ἀπώλεια@nafsc ὁ@dgfs οὐσία@ngfsc καί@cs πολύς@anafs- ἀπορία@nafsc καί@cs λιμός@namsc μαντεύομαι@vipe3s ὡς@b οὐ@b πάρειμι1@vppagns ἄλλος@angns- σῶμα@ngnsc πένης@ndmsc δέ@b νόσος@nafsc μέγας@anafs- βάσανος@ngfsc ὑπερβάλλω@vppaafp ἄνευ@p γάρ@b μέγας@angfs- βάσανος@ngfsc οὐ@b ἄν@b τις@rpnms ἑαυτοῦ@rpdms μίγνυμι@voap3s εἰ@cs δέ@b τις@rpnms ὑπολαμβάνω@voaa3s καταφιλέω@vnpa-- ὁ@dans ἑαυτοῦ@rpgms αἰδοῖον@nansc εἰ@cs μέν@b ἄπαις@annms- εἰμί@vopa3s παῖς@nn-pc εἰμί@vifm3p αὐτός@rpdms εἰ@cs δέ@b ἀποδημέω@vppaamp ἔχω@vopa3s παῖς@nampc ἀνακομίζω@vpapamp ὁράω@vifm3s οὗτος@rpamp καί@cs καταφιλέω@vifa3s πολύς@annmp- δέ@cs καί@b ἡγέομαι@viap1s ἐπί@p οὗτος@andms- ὁ@ddms ὄνειρος@ndmsc γυνή@nafpc οὐ@b ἔχω@vppanmp εἰ@cs δέ@b ἑαυτοῦ@rpams τις@rpnms ἀρρητοποιέω@vnpa-- ὑπολαμβάνω@voaa3s πένης@ndmsc μέν@b καί@b δοῦλος@ndmsc καί@cs κατάχρέος@andms- συμφέρω@vipa3s ὁ@dafs γάρ@b ἑαυτοῦ@rpgmp ἀνάγκη@nafsc περιαιρέω@vifa3p κακός@annns- δέ@b ὁ@ddms παῖς@nampc ἔχω@vppadms καί@cs ὁ@ddms τεκνόω@vnaa-- βούλομαι@vppedms ὁ@ddms μέν@b γάρ@b ὁ@dnmp εἰμί@vppanmp παῖς@nnmpc φθείρω@vifm3p ὁ@ddms δέ@b οὐ@b εἰμί@vifm3p ὁ@dnns μέν@b γάρ@b αἰδοῖον@annns- παῖς@ndmpc ἔοικα@vira3s ὁ@dnns δέ@b στόμα@nnnsc τάφος@ndmsc ὅσος@ananp- γάρ@b ἄν@b λαμβάνω@vsaa3s ὁ@dnns στόμα@nnnsc οὗτος@rpanp διαφθείρω@vipa3s καί@cs οὐ@b φυλάσσω@vipa3s ἔτι@b καί@b γυνή@ngfsc στερίσκω@vipa3s καί@cs ἐρώμενος@ngfsc ὁ@dans ὄναρ@nansc οὗτος@rpans ὁ@dnms γάρ@b ἑαυτοῦ@rpdms δύναμαι@vppenms ὁ@danp ἀφροδίσιος@ananp- παρέχω@vnpa-- γυνή@ngfsc οὐ@b δέω@vipe3s ὁ@ddmp δέ@b λοιπός@andmp- ἤ1@cs ἀπορία@nafsc βαρύς@anafs- ἤ1@cs νόσος@nafsc μαντεύομαι@vipe3s ἵνα@cs ἐπί@p ὁ@danp ἀναγκαῖος@ananp- τροφή@ngfsc ἕνεκα@p ἔρχομαι@vsaa3p οὗτος@rpnns εἰμί@vipa3s ὅσος@rpanp μή@b βούλομαι@vipe3p ἀποδίδωμι@vipe3p ἤ1@cs ἵνα@cs ὑπό@p ὁ@dgfs νόσος@ngfsc τήκω@vpapgns ὁ@dgns σῶμα@ngnsc δύναμαι@vspe3p διά@p ὁ@dafs ἰσχνότης@nafsc ὁ@dans στόμα@nansc ὁ@ddns αἰδοῖος@andns- προσφέρω@vnaa-- γυνή@nnfsc δέ@b γυνή@nafsc ἐάν@cs περαίνω@vspa3s ὁ@danp ἑαυτοῦ@rpgfs μυστήριον@nanpc ὁ@ddfs περαίνω@vppedfs κοινόω@vifm3s ἐάν@cs δέ@b ἀγνοέω@vsaa3s ὁ@dafs περαίνω@vppeafs μάταιος@andnp- ἐπιχειρέω@vifa3s πρᾶγμα@ndnpc ἐάν@cs δέ@b γυνή@nnfsc ὑπό@p γυνή@ngfsc περαίνω@vspe3s χωρίζω@vifp3s ὁ@dgms ἀνήρ@ngmsc ἤ1@cs χηρεύω@vifa3s ὁ@dnnp μέντοι@b μυστήριον@nnnpc ὁ@dgfs μίγνυμι@vppegfs οὐδείς@anans- ἥσσων@anansc μανθάνω@vifp3s θεός@ndmsc δέ@b θεά@ndfsc μίγνυμι@vnap-- ἤ1@cs ὑός@namsc θεός@ngmsc περαίνω@vnap-- νοσέω@vppadms μέν@b θάνατος@namsc σημαίνω@vipa3s τότε@b γάρ@b ὁ@dnfs ψυχή@nnfsc ὁ@dafp ὁ@dgmp θεός@ngmpc σύνοδος2@nafpc τε@cs καί@cs μῖξις@nnfpc μαντεύομαι@vipe3s ὅταν@cs ἐγγύς@b εἰμί@vspa3s ὁ@dgns καταλιμπάνω@vnaa-- ὁ@dans σῶμα@nansc ὅς@rpanp ἐνοικέω@vipa3s ὁ@ddmp δέ@b ἄλλος@rpdmp ἐάν@cs μέν@b ἥδομαι@vspe3p ἐπί@p ὁ@ddfs συνουσία@ndfsc ὁ@dafp ἀπό@p ὁ@dgnp βελτίων@angnpc ὠφέλεια@nafpc σημαίνω@vipa3s ἐάν@cs δέ@b μή@b ἥδομαι@vspe3p φόβος@nampc καί@cs ταραχή@nafpc ἄρτεμις@ndfsp δέ@b καί@cs ἀθήνη@ndfsp καί@cs ἑστία@ndfsp καί@cs ῥέα@ndfsp καί@cs ἥρα@ndfsp καί@cs ἑκάτη@ndfsp μίγνυμι@vnap-- μόνος@andfp- οὐ@b συμφέρω@vipa3s καί@cs ἄν@cs ἥδομαι@vspe3s τις@rpncs ὄλεθρος@namsc γάρ@b οὐ@b εἰς@p μακράν@anafs- ὁ@ddms εἶδον@vpaadms ὁ@dans ὄναρ@nnnsc μαντεύομαι@vipe3s σεμνός@annfp- γάρ@b ὁ@dnfp θεά@nnfpc καί@cs ὁ@damp ἐπιχειρέω@vpaaamp αὐτός@rpdfp οὐ@b ἀγαθός@angnp- ἐπίχειρον@angnp- τυγχάνω@vnaa-- ὑπολαμβάνω@vira1p σελήνη@ndfsc δέ@b ἐπιμίγνυμι@vnap-- ναύκληρος@ndmpc καί@cs κυβερνήτης@ndmpc καί@cs ἔμπορος@andmp- καί@cs ὁ@ddmp ὁ@danp οὐράνιος@ananp- διασκάπτω@vppedmp καί@b φιλαπέμφελος@andmp- καί@cs πλάνης@ndmpc πάνυ@b συμφέρω@vipa3s ὁ@ddmp δέ@b λοιπός@andmp- ὑδρωπιάζω@vnaa-- σημαίνω@vipa3s ὁ@ddmp μέν@b γάρ@b διά@p ὁ@dafs κίνησις@nafsc ὁ@ddmp δέ@b διά@p ὁ@dans μή@b ἄνευ@p αὐτός@rpgfs ὁ@danp θεώρημα@nanpc συνίστημι@vnra-- συλλαμβάνω@vipe2s ὁ@damp δέ@b ὑγρός@ananp- εἰμί@vppanfs διαφθείρω@vipa3s νεκρός@andms- δέ@b μίγνυμι@vnap-- καί@cs ἀνήρ@ndmsc καί@cs γυνή@ndfsc πλήν@p μήτηρ@ngfsc καί@cs ἀδελφή@ngfsc καί@b γυνή@ngfsc καί@cs ἐρώμενος@ngfsc καί@cs ὁ@dans περαίνω@vnap-- ὑπό@p νεκρός@angms- πάνυ@b ἄτοπος@annns- ὁ@dnmp μέν@b γάρ@b ἀποθνήσκω@vpaanmp εἰς@p γῆ@nafsc μεταβάλλω@viaa3p ὁ@dnns δέ@b περαίνω@vnpa-- αὐτός@rpamp οὐδείς@rpnns εἰμί@vipa3s ἄλλος@rpnns είς@anafp- γῆ@nafsc ὠθέω@vnpe-- καί@cs ὁ@dans περαίνω@vnpe-- γῆ@nafsc εἰς@p ὁ@dans σῶμα@nansc παραδέχομαι@vnpe-- ὅς@rpnnp δή@b ἀμφότερος@ananp- θάνατος@namsc σημαίνω@vipa3s πλήν@p ὁ@dgmp ἐν@p ἀλλοδαπός@ndfsc εἰμί@vppagnp καί@cs μή@b ἔνθα@b ὁ@dnmp νεκρός@nnmpc εἰμί@vipa3p καταθάπτω@vprenmp οὗτος@rpdmp γάρ@b εἰς@p ἐκεῖνος@anafs- ὁ@dafs γῆ@nafsc ἀνακομιδή@nnmsc μαντεύομαι@vipe3s καί@b ὁ@damp ὁ@dgfs γῆ@ngfsc ὁ@dgfs ἑαυτοῦ@rpgmp ἀπαλλακτιάω@vppaamp κατέχω@vipa3s οἷος@rpdns δέ@b ἄν@cs τις@rpnms ὑπολαμβάνω@vsaa3s θηρέριος@ndnsc μίγνυμι@vnap-- ἐάν@cs μέν@b αὐτός@rpnms ὀχεύω@vspa3s ὠφελέω@vifp3s τις@rpafp ὠφέλεια@nafpc ἀπό@p τοιοῦτος@rpgns τις@rpgns οἷος@rpans ἄν@b εἰμί@vspa3s ὁ@dnns θηρίον@nnnsc δείκνυμι@vifa1p δέ@b οὗτος@rpgnp ἕκαστος@anans- ἐν@p ὁ@ddns περί@p κυνηγίον@ngnsc καί@cs περί@p ζῷον@ngnpc λόγος@ndmsc ἐάν@cs δέ@b ὀχεύω@vspe3s βίαιος@ananp- καί@cs πονηρός@ananp- ὑπομένω@vifa3s πρᾶγμα@nanpc πολύς@annmp- δέ@b ἐπί@p οὗτος@rpdmp καί@b ἀποθνήσκω@viaa3p περί@p μέν@b οὖν@b συνουσία@ngfsc οὗτος@rpnnp"
"Oneir._1.81","αὐτός@anans- μέν@b ὁ@dans καθεύδω@vnpa-- δοκέω@vnpa-- ἄπρακτος@anans- καί@cs ὁ@dans μέλλω@vnpa-- ὑπνόω@vnpa-- καί@b αὐτός@rpans ἄπρακτος@anans- καί@cs πονηρός@anans- πᾶς@andmp- πλήν@p ὁ@dgmp φοβέω@vppegnp βάσανος@ngnsc προσδοκάω@vppagmp πᾶς@angfs- γάρ@b ἀπαλλάσσω@vipa3s φροντίς@ngfsc καί@cs πᾶς@angns- δέος@ngnsc ὁ@dnms ὕπνος@nnmsc ὁ@dnns δέ@b ἀνίστημι@vnpe-- ἐκ@p ὕπνος@ngmsc πρᾶξις@nafpc καί@cs ἐργασία@nafpc προαγορεύω@vipa3s μόνος@andmp- δέ@b ὁ@ddmp φοβέω@vppedmp εἰμί@vipa3s πονηρός@annns- ἐν@p ἱερόν@ndnsc δέ@b καθεύδω@vnpa-- δοκέω@vnpa-- νοσέω@vppadms μέν@b ὑγεία@nafsc ἐρρωμένος@vppedms δέ@b νόσος@nafsc ἤ1@cs μέγας@anafp- φροντίς@nafpc προαγορεύω@vipa3s ὁ@dnms μέν@b γάρ@b ἀνάπαυλα@nafsc ἔχω@vifa3s ὁ@dgfs νόσος@ngfsc διά@p ὁ@dans ὁ@damp καθεύδω@vppaamp μή@b ἀντιλαμβάνω@vnpe-- πόνος@ngmpc ὁ@dnms δέ@cs ἐπί@p ἰατρεία@nafsc θεός@ngmpc κατέρχομαι@vifm3s ἐν@p μνῆμα@ndnpc δέ@b καί@cs τάφος@ndmpc καί@cs ἐν@p ὁδός@ndmsc καθεύδω@vnpa-- ὁ@ddmp μέν@b νοσέω@vppadmp θάνατος@namsc προαγορεύω@vipa3s ὁ@ddmp δέ@cs ῥίπτω@vppedmp ἀπραξία@nafsc ἄπρακτος@annfp- γάρ@b ὁ@dnfp τοιοῦτος@annfp- διατριβή@nnfpc καί@cs ὁ@dnnp χωρίον@nnnpc"
"Oneir._1.82","ῥώννυμι@nvmsp δέ@b καί@b ὑγίαινος@vmpa2s οὐ@b τε@cs λέγω3@vnpa-- οὐ@b τε@cs ἀκούω@vnpa-- ἀγαθός@anans- οὐ@b τε@cs γάρ@b πρόσειμι1@vppanmp ἀλλήλων@rpdmp οὐ@b τε@cs μέλλω@vppanmp τις@rpans πράσσω@vnpa-- οὗτος@rpanp λέγω3@vipa3p ὁ@dnmp ἄνθρωπος@nnmpc ἀλλά@cs ἀπαλλάσσω@vppenmp ἀλλήλων@rpgmp καί@cs πρός@p ὕπνος@namsc τρέπω@vppenmp διό@b καί@b γάμος@nampc καί@cs κοινωνία@nafpc διίστημι@vipa3s καί@cs ὁ@damp νοσέω@vppaamp ἀναιρέω@vipa3s ὁ@dnfs μέν@b οὖν@b πρῶτος@annfs- ὁ@dgfs πραγματεία@ngfsc βίβλος@nnfsc κάσσιος@nvmsp μάξιμος@nvmsp ὁ@dams ἐπιβάλλω@vppaams λόγος@namsc ἀποχρώντως@b καί@cs ὡς@cs μή@b τε@b ἐνδέω@vnpa-- τις@rpans ὁ@dgnp ἀναγκαῖος@angnp- μή@b τε@cs ὑπερβάλλω@vnpa-- τις@rpans ὁ@dgnp δέω@vppagnp ἀπολαμβάνω@vira3s ἐν@p δέ@cs ὁ@ddfs δεύτερος@andfs- βίβλος@ndfsc ὅς@rpgnp ἐπαγγέλλω@viam1p ἐν@p ἀρχή@ndfsc ὅδε@angfs- ὁ@dgfs βίβλος@ngfsc λόγος@namsc ἀποδίδωμι@vsaa1p"
"Oneir._2.prooimion","b@ ἐν@p μέν@b ὁ@ddfs πρό@p οὗτος@rpgfs βίβλος@ndfsc κάσσιος@nvmsp μάξιμος@nvmsp μετά@p ὁ@dafp τεχνικός@anafp- ὑποθήκη@nafpc καί@cs ὁ@dafs ὁ@dgns ὅπως@b δεῖ@vipa3s κρίνω@vnpa-- ὁ@damp ὄνειρος@anamp- διδασκαλία@nafsc καί@cs ἐπαγγελία@nafsc ὁ@dgnp ἐν@p ἀμφότερος@andfp- ὁ@ddfp βίβλος@ndfpc γράφω@vpfpgnp περί@p πᾶς@angnp- ὁ@dgnp περί@p ἄνθρωπος@namsc κοινός@angnp- τε@cs καί@cs ἐν@p χρῆσις@ndfsc εἰμί@vppagnp ποιέω@viam1s ὁ@dams λόγος@namsc ἀεί@b τε@b φυλάσσω@anans- μένω@vpamnms ὅπου@b γε@b μή@b μέγας@annfs- ἀνάγκη@nnfsc ἐπείγω@vopa3s μή@b συνεμπίπτω@vnaa-- ὁ@ddmp παλαιός@andmp- καί@b παραλείπω@vppanms οὐδείς@rpans ὁ@dgnp δέω@vppagnp εἰ@cs τις@rpans προλαμβάνω@vpaanmp ὁ@dnmp παλαιός@annmp- διδασκαλικός@b ἐξηγέομαι@viae3p περί@p ὅς@rpgnp οὐ@b χρή@viia3s ἐγώ@rpams λέγω3@vnpa-- ἵνα@cs μή@b ἀντιλέγω@vnpa-- ἐπιχειρέω@vppanms ψεύδω@vnpe-- ἀναγκάζω@vipe1s ὁ@danp αὐτός@rpanp λέγω3@vppanms ἀποκλείω@vifa1s ὁ@dgfs εἰς@p μέσος@anams- πάροδος@ngfsc ὁ@dams πόνος@namsc ὁ@dgmp παλαιός@angmp- ἐν@p δέ@b οὗτος@andfs- ὁ@ddfs βίβλος@ndfsc ὁ@dafs ὀφείλω@vppeafs διαίρεσις@nafsc ἀποδίδωμι@vifa1s αἰτέω@vipe1s δέ@b παρά@p σύ@rpgcs ὁ@ddfs ὁ@dgnp πρᾶγμα@ngnpc ἀκολουθία@ndfsc καί@cs ὁ@ddns ἀκριβής@andns- ὁ@dgnp κρίσις@ngnpc ἐπί@p ὅς@rpdfs καί@b μόνος@andns- μέγας@anans- φρονέω@vipa1s παρακολουθέω@vnpa-- ὁ@dans δέ@cs κατά@p ὁ@dafs λέξις@nafsc μή@b παραβάλλω@vnpa-- ὁ@ddmp σός@andmp- λόγος@ndmpc ἀλλά@cs ὅσος@anans- ἐν@p νύξ@ndfsc λύχνος@nnmsc ὁ@dafs ἥλιος@ngmsc χρεία@nafsc ὁ@ddmp χρῄζω@vppadmp παρέχω@vipa3s τοσοῦτος@anafs- ἡγέομαι@vnam-- πρός@p ὁ@dafs ὁ@dgnp νοέω@vppegnp ἀπαγγελία@nafsc δύναμις@nafsc ἐγώ@rpams ἔχω@vnpa-- λοιπός@anans- δέ@b καιρός@nnmsc γάρ@b καλέω@vipa3s ἐπί@p ὁ@dafp κρίσις@nafpc τρέφω@vipe1s"
"Oneir._2.1","περί@p μέν@b ὁ@dgns δοκέω@vnpa-- ἐκ@p ὕπνος@ngmsc ἐγείρω@vnpe-- ἐν@p ὁ@ddms περί@p ὕπνος@ngmsc προεῖπον@vira1s λόγος@ndmsc αὐτός@rpans δέ@b ὁ@dnns ἐγείρω@vnra-- δοκέω@vnpa-- νύξ@ngfsc κατακλίνω@vpreams ἐν@p ὁ@ddfs κοίτη@ndfsc φροντίς@nafpc ὑπερβάλλω@vppaafp τις@rpafp ὁ@ddmp εὐπορέω@vppadmp προαγορεύω@vipa3s πένης@ndmpc δέ@cs καί@cs ὁ@ddmp ἐπιτίθημι@vppedmp τις@rpdcp ἀμαθός@anans- ὁ@dnmp μέν@b γάρ@b οὐ@b ἔχω@vifa3p σχολή@nafsc ὁ@dnmp δέ@cs μετά@p πολύς@angfs- πρόνοια@ngfsc ἐπιτίθημι@vppenmp οὐ@b ἀστοχέω@vifa3p ὅμοιος@annns- δέ@b ἄν@b εἰμί@vopa3s οὗτος@rpdms καί@b ὁ@dnns ὀξύς@anans- ὁ@ddmp ὀφθαλμός@ndmpc ὁράω@vnpa-- καί@cs ὁ@dnns ἐν@p νύξ@ndfsc καί@cs σκότος@ndnsc φάος@nnnsc εἶδον@vnaa-- αἰφνίδιος@anans- ἀναλαμβάνω@vpaanns"
"Oneir._2.2","πρόειμι@vnpa-- δέ@b ἕωθεν@b εὐμαρής@b καί@cs μή@b τε@cs κωλύω@vnpe-- ὑπό@p τις@rpgms ὁ@dgmp ἔνδον@b μή@b τε@cs ἐναποκλείω@vnpe-- ἀγαθός@anams- ὁ@danp γάρ@b κατά@p προαίρεσις@nafsc καί@cs κατά@p γνώμη@nafsc πράσσω@vnaa-- σημαίνω@vipa3s ὁ@dnns δέ@b μή@b δύναμαι@vnpe-- πρόειμι@vnpa-- ἤ1@b ὁ@dafp ἔξοδος1@nafpc ὁ@dgfs οἰκία@ngfsc ὁ@dgfs ἑαυτοῦ@rpgms ἤ1@cs ὅστις@rpafs ἐν@p εἰμί@rpdfs ἄν@b ὑπολαμβάνω@vsaa3s τις@rpnms εἰμί@vnpa-- μή@b εὑρίσκω@vnpa-- κατοχή@nafpc μέν@b ὁ@ddmp ἀποδημέω@vnpa-- προαιρέω@vpredmp ἐμπόδιος@ananp- δέ@cs ὁ@ddmp πράσσω@vnpa-- τις@rpans βούλομαι@vppedmp μακράν@anafs- δέ@b νόσος@nafsc ὁ@ddms κάμνω@vppadms καί@cs ὁ@ddfs πάλαι@b νοσέω@vppadms θάνατος@namsc προαγορεύω@vipa3s ἀσπάζομαι@vnpe-- δέ@b ὁ@damp συνήθης@anamp- καί@cs προσαγορεύω@vnpa-- καί@cs καταφιλέω@vnpa-- ἀγαθός@anams- ἡδύς@anamp- γάρ@b λόγος@nampc καί@cs εἶπον@vnaa-- καί@cs ἀκούω@vnaa-- σημαίνω@vipa3s ὁ@damp δέ@b μή@b συνήθης@anamp- ἄλλως@b δέ@b γνώριμος@anamp- προσαγορεύω@vnpa-- ἥσσων@anansc ἀγαθός@annns- ἐχθρός@nampc δέ@b προσαγορεύω@vnpa-- καί@cs καταφιλέω@vnpa-- δοκέω@vnpa-- ὁ@dgfs ἔχθρα@ngfsc λύσις@nafsc ποιέω@vipa3s νεκρός@anamp- δέ@b καταφιλέω@vnpa-- δοκέω@vnpa-- νοσέω@vppadms μέν@b ἄτοπος@anams- ὄλεθρος@namsc γάρ@b αὐτός@rpdms μαντεύομαι@vipe3s ἐρρωμένος@vppedms δέ@b παραγγέλλω@vipa3s λόγος@ndmpc σπουδαῖος@andmp- ὁ@dans πάρειμι1@vppaans μή@b χράω@vnpe-- διά@p ὁ@dans νεκρός@andns- στόμα@ndnsc συμβάλλω@vnpa-- ὁ@danp χεῖλος@nanpc ὁ@damp δέ@b ὅτε@cs ζάω@vpfanms φίλτατος@anamps τε@cs καί@cs ἡδύς@anamps γίγνομαι@vpraamp νεκρός@anamp- καταφιλέω@vnpa-- οὐ@b κωλύω@vipa3s οὔτελόγος@b χράω@vnpe-- οὐ@b τε@cs ἄλλος@rpans τις@rpans πράσσω@vnpa--"
"Oneir._2.3","περί@p ἐσθής@ngfsc καί@cs κόσμος@ngmsc παντοδαπός@angms- ποιέω@vppenms ὁ@dams λόγος@namsc πρῶτος@anans- περί@p ἀνδρεία@ngfsc σκευή@ngfsc ἐγχώριος@angfs- τε@b καί@cs ξενικός@angfs- ἡγέομαι@vipm1s δεῖ@vnpa-- διαλαμβάνω@vnaa-- ἐσθής@nnfsc ὁ@dnfs συνήθης@annfs- πᾶς@andmp- ἀγαθός@annfs- καί@cs ὁ@dnfs κατά@p ὁ@dafs ὥρα@nafsc ὁ@dgns ἔτος@ngnsc θέρος@ngnsc μέν@b γάρ@b εἰμί@vppagns ἀθήνιος@ananp- καί@cs τριβακός@ananp- ἱμάτιον@nanpc δοκέω@vnpa-- φορέω@vnpa-- ἀγαθός@annns- ἄν@b εἰμί@vopa3s καί@cs ὑγεία@ngfsc σύμβολον@nnnsc χειμών@ngmsc δέ@b ἐρεᾶ@ananp- ἱμάτιον@nanpc καί@cs καινός@ananp- μόνος@andms- δέ@b ὁ@ddms δίκη@nafsc ἔχω@vppadms καί@cs ὁ@ddms δουλεία@ngfsc ἀπαλλακτιάω@vppadms πονηρός@ananp- ὁ@danp καινός@ananp- ἱμάτιον@nanpc καί@b ἄν@cs χειμών@ngmsc βλέπω@vspe3s διά@p ὁ@dans πολύς@anafs- ἔχω@vnpa-- τρίψις@nafsc καί@cs ἐπί@p πολύς@anans- ἀντέχω@vnpa-- λευκός@annnp- δέ@b ἱμάτιον@nnnpc ὁ@ddmp ἠθάς@andmp- μόνος@andmp- συμφέρω@vipa3s καί@cs δοῦλος@ndmpc ἕλλην@ngmpp ὁ@ddmp δέ@b ἄλλος@rpdmp ταραχή@nafpc σημαίνω@vipa3s διά@p ὁ@dans ὁ@damp ἐν@p ὄχλος@ndmsc ἀνλλάσσω@vppeamp μένω@vppeamp λευκός@ananp- ἔχω@vnpa-- ἱμάτιον@nanpc χειροτέχνης@ndfpc δέ@b ἀργία@nafsc καί@cs σχολή@nafsc καί@cs ὅσος@andns- ἄν@b πολυτελής@annnpc εἰμί@vspa3s ὁ@dnnp ἱμάς@nnnpc τοσοῦτος@andns- πλείων@ananpc οὐ@b γάρ@b πρός@p ἔργον@ndnsc εἰμί@vppanmp ὁ@dnmp ἄνθρωπος@nnmpc καί@cs μάλιστα@b ὁ@dnmp ὁ@dafp βάναυσος@anafp- τέχνη@nafpc ἐργάζομαι@vppenmp λευκός@andnp- ἱμάτιον@ndnpc χράω@vipe3p δοῦλος@ndmpc δέ@b ῥωμαῖος@ngmpp μόνος@andmp- ἀγαθός@ananp- ὁ@ddmp εὖ@b πράσσω@vppadmp ὁ@ddmp δέ@cs ἄλλος@rpdmp πονηρός@ananp- ἐλέγχω@vipa3s γάρ@b αὐτός@rpamp κακός@b πράσσω@vppaamp διά@p γάρ@b ὁ@dans ὁ@dafs αὐτός@anafs- ὁ@ddmp δεσπότης@ndmpc ὡς@b ἐπί@p ὁ@dans πλεῖστος@anans- ἔχω@vnpa-- ἐσθής@nafsc ἐπί@p οὗτος@andms- ὁ@ddms ὄνειρος@ndmsc οὐ@b γίγνομαι@vipe3p ἐλεύθερος@annmp- ὥσπερ@cs ὁ@dnmp ὁ@dgmp ἕλλην@ngmpp ἀνήρ@ndmsc δέ@b νοσέω@vppadms λευκός@ananp- ἔχω@vnpa-- ἱμάτιον@nanpc θάνατος@namsc προαγορεύω@vipa3s διά@p ὁ@dans ὁ@damp ἀποσθάλλω@vppaamp ἐν@p λευκός@andnp- ἐκφέρω@vnpe-- ὁ@dnns δέ@b μέλας@annns- ἱμάτιον@nnnsc σωτηρία@nafsc προσημαίνει@vipa3s οὐ@b γάρ@b ὁ@dnmp ἀποθνήσκω@vpaanmp ἀλλά@cs ὁ@dnmp ὁ@damp ἀποθνήσκω@vppaamp πενθέω@vppanmp τοιοῦτος@andnp- χράω@vipe3p ἱμάτιον@ndnpc οἶδα@vira1s δέ@b ἐγώ@rpnms πολύς@anamp- καί@b πένης@nampc καί@b δοῦλος@nampc καί@cs δεσμώτης@nampc νοσέω@vppaamp ὅς@rpnmp καί@b μέλας@ananp- δοκέω@vppanmp ἔχω@vnpa-- ἱμάτιον@nanpc ἀποθνήσκω@viaa3p εἰμί@viia3s γάρ@b ἔοικα@vpranns οὗτος@rpamp μή@b ἐν@p λευκός@andnp- διά@p ὁ@dafs ἀπορία@nafsc ἐκκομίζω@vnap-- εἰμί@vipa3s δέ@b καί@cs ἄλλως@b ὁ@dnfs μέλας@annfs- ἐσθής@nnfsc πᾶς@andmp- πονηρός@annfs- πλήν@p ὁ@dgmp ὁ@danp λαθραῖος@ananp- ἐργάζομαι@vppegnp ποικίλος@anafs- δέ@b ἐσθής@nafsc ἔχω@vnpa-- ἤ1@cs ἁλουργίς@nafsc ἱερεύς@ndmpc μέν@b καί@cs θυμελικός@andmp- καί@cs σκηνικός@andmp- καί@cs ὁ@ddmp περί@p ὁ@dams διόνυσος@namsp τεχνίτης@ndmpc μόνος@andmp- ουμψέρω@vipa3s ὁ@ddmp δέ@b λοιπός@andmp- ταραχή@nafpc καί@cs κίνδυνος@nampc ἐπιφέρω@vipa3s ὁ@damp δέ@cs νοσέω@vppaamp ὑπό@p δριμύς@angmp- χυμός@ngmpc καί@cs πολύς@angfs- χολή@ngfsc ἐνοχλέω@vnap-- σημαίνω@vipa3s πορφύρεος@annfs- δέ@b ἐσθής@nnfsc δοῦλος@ndmpc ἀγαθός@annfs- καί@cs πλούσιος@andmp- ὅς@rpdmp μέν@b γάρ@b διά@p ὁ@dans μή@b μέτειμι1@vnaa-- ἐλευθερία@nafsc σημαίνω@vipa3s ὅς@rpdmp δέ@cs διά@p ὁ@dans ἐπιβάλλω@vnpa-- καί@cs ὁ@ddns ἀξίωμα@ndnsc πρόσφορος@anans- εἰμί@vnpa-- τιμή@nafsc καί@cs εὐδοξία@nafsc προαγορεύω@vipa3s νοσέω@vppaams δέ@x ἀναιρέω@vipa3s καί@cs πένης@namsc βλάπτω@vipa3s πολύς@andmp- δέ@x καί@b δεσμός@nanpc προλέγω2@viaa3s χρή@vipa3s γάρ@b ὁ@dams ἔχω@vppaams πορφύρα@nafsc πάντως@b διάδημα@nansc στέφανος@namsc ἔχω@vnpa-- καί@cs πολύς@anamp- ἀκόλουθος@nampc καί@cs φύλαξ@nampc ὁ@ddmp δέ@b περί@p ὁ@dams διόνυσος@namsp τεχνίτης@ndmpc ὁ@dnnp αὐτός@rpnnp ὁ@ddfs ἁλουργίς@ndfsc σημαίνω@vipa3s κόκκινος@annfs- δέ@b ἐσθής@nnfsc καί@cs πᾶς@annfs- ὁ@dnfs φοινικοβαφής@nnfsc ὅς@rpdnp μέν@b τραῦμα@nnnpc ὅς@rpdnp δέ@x πυρετός@namsc ἐπιφέρω@vipa3s γυναικεῖος@annfs- δέ@b ἐσθής@nnfsc ἀγάμοι@andmp- μόνος@andmp- συμφέρω@vipa3s καί@cs ὁ@ddmp ἐπί@p θυμέλη@nafsc ἀναβαίνω@vppadmp ὁ@dnmp μέν@b γάρ@b γαμέω@vifa3p οὕτως@b καταθύμιος@anafp- γυνή@nafpc ὥστε@cs ὁ@ddmp αὐτός@andmp- χράω@vnpe-- κόσμος@ndmpc ὁ@dnmp δέ@cs διά@p ὁ@dans ἐν@p ὁ@ddfs ὑπόκρισις@ndfsc ἔθος@nansc μέγας@anafp- ἐργασία@nafpc καί@cs μισθός@nampc λαμβάνω@vifm3p ὁ@damp δέ@b λοιπός@anamp- ἤ1@cs ὁ@dgfp γυνή@ngfpc στερίσκω@vipa3s ἤ1@cs νόσος@ndfsc μέγας@andfs- περιβάλλω@vipa3s διά@p ὁ@dans μαλθακός@anans- καί@cs ἀαθενής@anans- ὁ@dgmp ὁ@danp τοιοῦτος@rpanp φορέω@vppagmp ἐν@p μέντοι@b ὁ@ddfp ἑορτή@ndfpc καί@cs πανήγυρις@ndfpc οὐ@b τε@cs ποικίλος@annfs- οὐ@b τε@cs γυναικεῖος@annfs- βλάπτω@vipa3s τις@annfs- ἐσθής@nnfsc βαρβαρικός@anafs- δέ@b ἐσθής@nafsc ἔχω@vnpa-- καί@cs ἐνσκευάζω@vnre-- ὥσπερ@cs ὁ@dnmp βάρβαρος@nnmpc ἐκεῖ@b μέν@b ἀπέρχομαι@vnpa-- βούλομαι@vppedms ὅπου@b τοιοῦτος@rpdfs ἐσθής@ndfsc χράω@vipe3p ἀγαθός@anafp- ὁ@dafp ἐκεῖ@b γίγνομαι@vnam-- διατριβή@nafpc σημαίνω@vipa3s πολλάκις@b δέ@b καί@b ὁ@dans ἐκεῖ@b καταβιόω@vnaa-- προαγγέλλω@vipa3s ὁ@ddmp δέ@b λοιπός@andmp- νόσος@nafsc σημαίνω@vipa3s ἤ1@cs ἀπραξία@nafsc ὁ@dnnp δέ@b αὐτός@rpnnp καί@b ὁ@dnfs ῥωμαῖος@annfs- ἐσθής@nnfsc ὅς@rpafs τήβεννος@namsc καλέω@vipa3p ἀπό@p τήμενος@ngmsp ὁ@dgms ἀρκάς@ngmsp ὅς@rpnms πρῶτος@annms- ὁ@dafs ἑαυτοῦ@rpgms χλαμύς@nafsc οὗτος@anams- περιβάλλω@viam3s ὁ@dams τρόπος@namsc εἰσπλέω@vpaanms κατά@p ὁ@dams ἰόνιος@anams- κόλπος@namsc καί@cs ὑποδέχομαι@vpapnms ὑπό@p ὁ@dgmp οὗτος@b κατοικέω@vppagmp ἀπό@p ο ́@n---p μανθάνω@vpaanmp ὁ@dnmp ἐπιχώριος@annmp- ὁ@dams αὐτός@anams- ἐνσκευάζω@viie3p τρόπος@namsc καί@cs καλέω@viia3p ὁ@dafs ἐσθής@nafsc τημένιον@anafs- ἐπώνυμος@anafs- ὁ@ngmsp ἧμαι@vpamgms ὁ@dgns εὑρίσκω@vpaagms ὕστερος@anans- δέ@b ὁ@ddms χρόνος@ndmsc παραφθαρέντας@vpapgns ὁ@dgns ὄνομα@ngnsc τήβεννος@nnmsc καλέω@viap3s μαλακός@andfs- δέ@b καί@cs πολυτελής@andfs- ἐσθής@ndfsc χράω@vnpe-- πλούσιος@andmp- μέν@b ἀγαθός@annns- καί@cs πένης@ndmpc ὄις@ndmpc μέν@b γάρ@b ὁ@dnfs πάρειμι1@vppanfs διαμένω@vipa3s τρυφή@nnfsc ὅς@rpdmp δέ@b φαιδρός@annnpc ὁ@dnnp πρᾶγμα@nnnpc εἰμί@vifm3s δοῦλος@ndmpc δέ@b καί@cs ἄπορος@andmp- νόσος@nafsc προαγγέλλω@vipa3s κολοβός@nnmpc δέ@b καί@b ἀπρεπής@annfp- ἐσθής@nnfpc ζημία@nafpc καί@cs ἀπραξία@ngfsc σημαίνω@vipa3p χλαμύς@nnfsc δέ@b ὅς@rpafs ἔνιοι@annmp- μανδύη@nafsc ὁ@dnmp δέ@b ἐφεστρίς@nafsc ὁ@dnmp δέ@cs βίρρος@nafsc καλέω@vipa3p θλῖψις@nafpc καί@cs στενοχωρία@nafpc καί@cs ὁ@ddmp δικάζω@vppedmp δίκη@nafsc μαντεύομαι@vipe3s διά@p ὁ@dans ἐμπεριέχω@vnpa-- ὁ@dans σῶμα@nansc ὁ@dnns δέ@b αὐτός@rpnns καί@b ὁ@dnms λέγω3@vppenms φαινόλης@nnmsc καί@cs εἰ@cs τις@rpnns ἄλλος@rpnns οὗτος@rpdmp ὅμοιος@annns- εἰμί@vopa3s ὅθεν@b ἀπόλλυμι@vnpa-- ὁ@danp ἱμάτιον@nanpc οὗτος@rpanp ἀμείνων@anansc ἔχω@vnpa-- ὁ@dgnp δέ@b ἄλλος@angnp- ἱμάτιον@ngnpc οὐδείς@rpnns ἀπόλλυμι@vppenns συμφέρω@vipa3s εἰ@cs μή@b πού@b ὁ@ddmp πένης@ndmpc καί@b δοῦλος@ndmpc καί@b δέω1@vpredmp καί@b καταχρέομαι@andmp- καί@cs πᾶς@andmp- ὁ@ddmp ἐν@p συνοχή@ndfsc εἰμί@rpdmp ἀπόλλυμι@vppennp γάρ@b οὗτος@rpnnp ὁ@dgnp περιέχω@vppagnp ὁ@dans σῶμα@nansc κακός@angnp- ἀπώλεια@nafsc σημαίνω@vipa3s ὁ@ddmp δέ@b ἄλλος@rpdmp οὐ@b τε@cs γυμνόω@vnpe-- οὐ@b τε@cs ὁ@danp ἱμάτιον@nanpc ἀπόλλυμι@vnpa-- ἀγαθός@annns- πᾶς@anans- γάρ@b ὁ@dnns πρός@p κόσμος@namsc τείνω@vppanns ἀπόλλυμι@vnaa-- σημαίνω@vipa3s γυνή@ndfsc δέ@b ποικίλος@annfs- καί@cs ἀνθηρός@annfs- ἐσθής@nnfsc συμφέρω@vipa3s μάλιστα@b δέ@cs ἑταίρα@ndfsc καί@cs πλούσιος@ndfsc ὁ@dnfs μέν@b γάρ@b διά@p ὁ@dafs ἐργασία@nafsc ὁ@dnfs δέ@cs διά@p ὁ@dafs τρυφή@nafsc ἀνθηρός@andfp- ἐσθής@ndfpc χράω@vipe3p ὁ@danp δέ@b ἰδιόχρωμα@ananp- ἱμάτιον@nnnpc πᾶς@andmp- ἀγαθός@annnp- καί@cs μόλιστος@ananps ὁ@ddmp εὐλαβέομαι@vppedmp ἐλέγχω@vnap-- οὐ@b γάρ@b ἀνίημι@vifa3s ποτέ@b ὁ@dnns χρῶμα@nnnsc ἀεί@b δέ@b ἀμείνων@annnsc λαμπρός@ananp- καί@cs καθαρός@ananp- ἱμάτιον@nanpc ἔχω@vnpa-- καί@cs πλέω@vpreanp καλός@b ἤ1@cs ῥυπαρός@ananp- καί@cs ἄπλυτος@ananp- πλήν@p ὁ@dgmp ὁ@dafp ῥυπώδης@anafp- ἐργασία@nafpc ἐργάζομαι@vppegmp"
"Oneir._2.4","ὁ@dnns δέ@b δοκέω@vnpa-- πλύνω@vnpa-- ὁ@danp ἑαυτοῦ@rpgms ἱμάτιον@nanpc ἤ1@cs ὁ@danp ἄλλος@rpgmp ἀπεργάζομαι@vnam-- τις@rpans ὁ@dgnp δύσχρηστος@angnp- κατά@p ὁ@dams βίος@namsc σημαίνω@vipa3s διά@p ὁ@dans καί@b ὁ@danp ἱμάτιον@nanpc ὁ@dams ῥύπος@namsc ἀποβάλλω@vnpa-- καί@b ὁ@danp κρυπτός@ananp- ἐλέγχω@vnaa-- καί@cs μανθάνω@vnaa-- πλύνω@vnpa-- γάρ@b καταχρηστικός@b καί@cs ὁ@dans ἐλέγχω@vnpa-- λέγω3@viia3p ὁ@dnmp παλαιός@annmp- ὡς@cs πού@b καί@b μένανδρος@nnmsp ἐάν@cs γάρ@b κακός@b ἐγώ@rpgms ὁ@dafs γυνή@nafsc οὕτως@b λέγω@vspa2s ὁ@dams πατήρ@namsc καί@cs σύ@rpacs ὁ@damp τε@cs σός@anamp- ἐγώ@rpnms πλύνω@vipa1s ἀντί@p ὁ@rpgns ἐλέγχω@vifa1s ὅθεν@b καί@cs ὁ@ddmp εὐλαβέομαι@vppedmp ἐλέγχω@vnap-- πονηρός@annns- ὁ@dnns πλύνω@vppeanp ἱμάτιον@nanpc εἶδον@vnaa--"
"Oneir._2.5","δακτύς@nnmpp λιαος@nnmpc σιδήρεος@andmp- ἀγαθός@annmp- μέν@b οὐ@b ἄνευ@p δέ@b κάματος@ngmsc ὁ@danp ἀγαθός@ananp- σημαίνω@vipa3p πολύκμητος@anams- γάρ@b καί@b ὁ@nnmsc ποιητής@nnmsc ὁ@dams σίδηρος@namsc καλέω@vipa3s ἀγαθός@annmp- δέ@cs καί@b ὁ@dnmp χρύσεος@nnmpc ὅς@dnmp γε@b ψῆφος@nafpc ἔχω@vppanmp ἐπεί@cs ὅς@dnmp γε@b ἄψηφος@annmp- ἀκερδής@annmp- ὁ@dafp ἐγχείρησις@nafpc σημαίνω@vipa3p διά@p ὁ@dans ἄψηφος@anans- ψῆφος@nafsc γάρ@b καλέω@vipa1p λίθος@nafsc ὁ@dafs ἐν@p ὁ@ddns δακτύλιος@ndnsc ὁ@dans αὐτός@rpans δέ@b καί@cs ὁ@dams ὁ@dgnp χρῆμα@ngnpc ἀριθμός@namsc ἀεί@b δέ@b ἀμείνων@annmpc ὁ@dnmp ὁλόσφυρος@annmp- ὁ@dnmp γάρ@b κενός@annmp- καί@b θεῖος1@anans- ἔνδον@b ἔχω@vppanmp δόλος@nampc καί@cs ἐνέδρα@nafpc σημαίνω@vipa3p διά@p ὁ@dans ἐμπεριέχω@vnpa-- τις@rpans ἐγκρύπτω@vpreans μέγας@anafpc ὁ@dafp προσδοκία@nafpc ὁ@dgfp ὠφέλεια@ngfpc διά@p ὁ@dans μέγας@anamsc ὁ@dams ὄγκος@namsc ὁ@dgns βάρος@ngnsc ἔχω@vnpa-- σούκινος@annmp- δέ@b καί@cs ἐλεφάντινος@annmp- καί@cs ὅσος@annmp- ἄλλος@rpnmp δακτύλιος@nnmpc γίγνομαι@vipe3p γυνή@ndfpc μόνος@andfp- συμφέρω@vipa3p ὅρμος@nnmpc δέ@b καί@cs ἅλυσις@nnfpc καί@cs ἐνωῦτις@annnp- καί@cs λίθος@nnmpc πολυτελής@annmp- καί@cs πᾶς@annms- κόσμος@nnmsc περιδέραιος@annms- γυναικεῖος@annms- γυνή@ndfpc μέν@b ἀγαθός@annms- καί@b γάρ@b ἀγάμοι@andmp- γάμος@namsc προαγορεύω@vipa3s καί@cs ἄτεκνος@andmp- τέκνον@nanpc καί@cs ὁ@ddfp ἀμφότερος@ananp- ἔχω@vppadfp πρόσκτησις@nafsc καί@cs περιουσία@nafsc πολύς@anafs- ὥσπερ@cs γάρ@b ὑπό@p οὗτος@rpgmp κοσμέω@vipe3p γυνή@nnfpc οὕτως@b καί@b ὑπό@p ἀνήρ@ngmpc καί@cs ὑπό@p τέκνον@ngnpc καί@cs ὑπό@p πλοῦτος@ngmsc καί@b γάρ@b φύσις@ndfsc εἰμί@vipa3p φιλόπλουτος@annmp- ὥσπερ@cs καί@b φιλότεχνος@annmp- ἔτι@b καί@cs οὗτος@rpnnp περιπλέκω@vipe3s ὁ@ddms τράχηλος@ndmsc ὥσπερ@cs καί@b ἀνήρ@nnmsc καί@cs τέκνον@nnnpc ἀνήρ@ndmsc δέ@b δόλος@nampc καί@b ἐνέδρα@nafpc καί@cs καταπλοκή@nafsc ὁ@dgnp πρᾶγμα@ngnpc πολύς@anafs- σημαίνω@vipa3s οὐ@b διά@p ὁ@dafs ὕλη@nafsc ἀλλά@cs διά@p ὁ@dans σχῆμα@nansc καί@cs ὁ@dafs κατασκευή@nafsc εἰμί@vipa3s γάρ@b ὁ@dnms χρυσός@nnmsc οὐ@b ὥσπερ@cs τις@rpncp λέγω3@viia3p πονηρός@annms- διά@p ὁ@dafs ὕλη@nafsc ἀλλά@cs πᾶς@anans- ὁ@dans ἐναντίος@anans- ἀγαθός@annms- ὡς@cs πολλάκις@b τηρέω@viaa1s ἀλλά@cs ὅς@dnms γε@b μή@b ἄμετρος@annms- μη@b δέ@cs πολύς@annms- μηδέ@b ἀνοίκειος@annms- διά@p ὁ@dans σχῆμα@nansc ὡς@cs ὁ@ddmp ἀνήρ@ndmpc ὁ@dnmp ὅρμος@nnmpc μη@b δέ@cs ὑπέρ@p ὁ@dafs ἀξία@anafs- ὡς@cs ὁ@ddmp πένης@ndmpc ὁ@dnmp στέφανος@nnmpc καί@b ὁ@dnnp μέγας@annnp- σκεῦος@nnnpc καί@cs ὁ@dnnp πολύς@annnp- νόμισμα@nnnpc ἐπεί@cs ὅταν@cs τοιοῦτος@rpams ὁράω@vsaa3s τις@rpnms οὐκέτι@b διά@p ὁ@dafs ὕλη@nafsc ἀλλά@cs διά@p ὁ@dans ποιός@anans- ὁ@dgfs κατασκευή@ngfsc πονηρός@annms- γίγνομαι@vipe3s ὁ@dnms χρυσός@nnmsc ἀπόλλυμι@vppeanp δέ@b ἤ1@cs κατεάσσω@vppeanp ἤ1@cs διαλύω@vppennp γυνή@ndfsc μέν@b ὁ@danp περί@p ὁ@dams τράχηλος@namsc ἀπώλεια@nafsc ὅς@rpafs ἔμπροσθεν@b εἶπον@viaa3p σημαίνω@vipa3s ἀνήρ@ndmsc δέ@b ὁ@dnnp περί@p ὁ@dafs χείρ@nafsc οὐ@b μόνος@anans- ἀπώλεια@nafsc ὁ@dgmp πιστεύω@vppegmp κατά@p ὁ@dams οἶκος@namsc γυνή@ngfsc λέγω3@vipa1s ἤ@cs οἰκονόμος@ngmsc ἀλλά@cs καί@b αὐτός@rpgnp ὁ@dgnp ὑπάρχω@vppagnp διαφθορά@nafsc δηλόω@vipa3s καί@cs ὁ@ddmp πιστεύω@vppedmp ὁ@dans μηκέτι@b πιστεύω@vnpe-- οὐ@b γάρ@b ἔτι@b δεῖ@vipa3s ὁ@ddnp τοιοῦτος@rpdmp δακτύλιος@ngnpc πολύς@andmp- δέ@b καί@b ὀφθαλμός@ngmpc πήρωσις@ndmpc προαγορεύω@viaa3s ὁ@dnns τοιοῦτος@annns- ὄναρ@nnnsc ἔχω@vipa3s γάρ@b τις@anafs- συμπάθεια@nafsc ὁ@dnnp ὄμμα@nnnpc πρός@p ὁ@damp δακτύλιος@anamp- διά@p ὁ@dafp ψῆφος@nafpc ὁ@danp δέ@b αὐτός@ananp- ὁ@ddfs ἐσθής@ndfsc καί@cs ὁ@dnfp ὑπόδεσις@nnfpc σημαίνω@vipa3p"
"Oneir._2.6","κτενίζω@vnpe-- καί@cs ἀνήρ@ndmsc καί@cs γυνή@ndfsc συμφέρω@vipa3s εἰμί@vipa3s γάρ@b ὁ@dnms κτείνω@nnmsc χρόνος@nnmsc ὁ@dnms ὁ@danp σκληρός@ananp- διαλύω@vppanms καί@cs ἀπευθύνω@vppanms ἅπας@ananp- ἐμπλέκω@vnpe-- δέ@b γυνή@ndfpc μόνος@andfp- συμφέρω@vipa3s καί@cs ἀνήρ@ngmpc ὁ@ddmp ἔθος@nansc ἔχω@vppadmp ὁ@ddmp δέ@b λοιπός@andmp- καταπλοκή@nafpc ὁ@dgnp χρέος@ngnpc καί@cs δάνειον@nanpc πολύς@ananp- προαγορεύω@vipa3s ἐνίοτε@b δέ@cs καί@b δέσμιος@ananp-"
"Oneir._2.7","καθοπτρίζω@vnpe-- δέ@b καί@cs ὁράω@vnpa-- ὁ@dafs ἑαυτοῦ@rpgms εἰκών@nafsc ἐν@p κάτοπτρον@ndnsc ὅμοιος@anafs- ἀγαθός@annns- ὁ@ddms γαμέω@vnaa-- βούλομαι@vppedms καί@cs ἀνήρ@ndmsc καί@cs γυνή@ndfsc σημαίνω@vipa3s γάρ@b ὁ@dnns κάτοπτρον@nnnsc ἀνήρ@ndmsc μέν@b γυνή@nafsc γυνή@ndfsc δέ@b ἀνήρ@namsc ἐπεί@cs πρόσωπον@nanpc δείκνυμι@vipa3s ὥσπερ@cs οὗτος@rpnmp ἀλλήλων@rpdmp ὁ@danp τέκνον@nanpc ἀγαθός@annns- δέ@b καί@b λυπέω@vppedmp ἄλυπος@annns- γάρ@b εἰμί@vipa3s ὁ@dnns κατοπτρίζω@vnpe-- νοσέω@vppaamp δέ@x ἀναιρέω@vipa3s γήϊνος@annns- γάρ@b εἰμί@vipa3s ὁ@dnns κάτοπτρον@nnnsc ἐκ@p οἷος@rpgfs ἄν@b εἰμί@vspa3s ποιέω@vprenns ὕλη@ngfsc ὁ@damp δέ@b λοιπός@anamp- μετανίστημι@vipa3s ἵνα@cs ἐν@p ἄλλῃ@andfs- γῆ@ndfsc ὁ@danp ἑαυτοῦ@rpgmp πρόσωπον@nanpc εἶδον@vsaa3p ἀνόμοιος@anams- δέ@b ἑαυτοῦ@rpams ἐν@p κάτοπτρον@ndnsc δοκέω@vnpa-- ὁράω@vnpa-- νόθος@angmp- ἤ1@cs ἀλλότριος@angmp- παῖς@ngmpc καλέω@vnap-- πατήρ@namsc προαγορεύω@vipa3s κακίονα@anamsc δέ@b ἤ1@cs ἄμορφος@anamsc ἑαυτοῦ@rpams εἶδον@vnaa-- οὐδείς@rpdms συμφέρω@vipa3s νόσος@nafpc γάρ@b καί@cs δυσθυμία@nafpc σημαίνω@vipa3s ὥσπερ@cs καί@b ὁ@dnns ἐν@p ὕδωρ@ndnsc κατοπτρίζω@vnpe-- θάνατος@namsc προαγορεύω@vipa3s αὐτός@andms- ὁ@ddms εἶδον@vpaadms τις@rpdns ὁ@dgnp οἰκεῖος@angnps αὐτός@rpdms"
"Oneir._2.8","ἀήρ@nnmsp καθαρός@annms- καί@cs λαμπρός@annms- ὁράω@vppenms πᾶς@andmp- εἰμί@vipa3s ἀγαθός@annms- μάλιστα@b δέ@cs ὁ@ddmp ὁ@danp ἀπόλλυμι@vpraams ζητέω@vppadmp καί@cs ὁ@ddmp ἀποδημέω@vnpa-- βούλομαι@vppedmp πᾶς@annnp- γάρ@b ἐν@p καθαρός@andms- ὁ@ddms ἀήρ@ndmsc εὐσύνοπτος@annnp- γίγνομαι@vipe3s ὁ@dnms δέ@b σκοτεινός@annms- ἤ@cs γνοφερός@annms- ἤ1@cs συννεφής@annms- πρός@p ὁ@ddfp ἀπραξία@ndfpc καί@cs λύπη@nafpc σημαίνω@vipa3s εἰς@p ὁποῖος@rpafs δέ@b ἄν@b ὕλη@nafsc μεταβάλλω@vsaa3s ὁ@ddmp ὁ@dafs αὐτός@anafs- ἐργάζομαι@vppedmp ὕλη@nafsc ἀγαθός@annms- ὁ@ddmp δέ@b λοιπός@andmp- πονηρός@annms- τηρέω@vire3s καί@cs ὁ@dnms ταπεινός@annms- γίγνομαι@vpamnms μόνος@andmp- μάντις@ndnpc καί@cs ὁ@ddmp ὁ@danp οὐράνιος@ananp- διασκάπτω@vppednp ἀγαθός@annms- ὁ@dgmp δέ@b λοιπός@angmp- ὁ@dams βίος@namsc εἰς@p ὁ@dans ταπεινός@anans- κατάγω@vipa3s ἐτός@annms- ἄνευ@p χειμών@ngmsc καί@cs πολύς@angms- ἀνεμίας@ngnsc πᾶς@andmp- ἀγαθός@annms- πλήν@p ὁ@dgmp εἰς@p ἀποδημία@nafsc στέλλω@vppegmp καί@cs ὁ@dgmp ὁ@dafp ἐργασία@nafpc ὕπαιθρος@anafp- ἔχω@vppagmp οὗτος@rpdmp γάρ@b ἐμπόδιος@annms- γίγνομαι@vipe3s ψεκνότης@nnfpc δέ@b καί@cs πάχνη@nnfpc γεωργός@andmp- μέν@b σφόδρα@b ἀγαθός@annfp- ὁ@ddmp δέ@cs λοιπός@andmp- μικρός@anafp- ἐργασία@nafpc προαγορεύω@vipa3p ὄμβρος@nnmsc δέ@b καί@b λαίλαψ@nnmsc καί@cs χειμών@nnmsc κίνδυνος@nampc καί@cs ζημία@nafpc ἐπάγω@vipa3p μόνος@andmp- δέ@cs δοῦλος@ndmpc καί@b πένης@ndmpc καί@cs ὁ@ddmp ἐν@p τις@rpd-s περίστασις@ndfsc εἰμί@vppadmp ἀπαλλαγή@nafsc ὁ@dgnp ἐν@p πούς@ndmpc κακός@angnp- προαγορεύω@vipa3p μετά@p γάρ@b ὁ@damp μέγας@anamp- χειμών@nampc εὐδία@nnfsc γίγνομαι@vipe3s χιών@nnfsc δέ@b καί@cs πάγος@nnmsc κατά@p μέν@b ὁ@dafs ὧρος@nafsc ὁ@dafs οἰκεῖος@anafs- ὁράω@vppeanp οὐδείς@rpans σημαίνω@vipa3s μιμνήσκω@vire3s γάρ@b ὁ@dgns μετά@p ἡμέρα@nafsc κρύος@ngnsc καί@cs καθεύδω@vppagns ὁ@dgns σῶμα@ngnsc ὁ@dnfs ψυχή@nnfsc παρά@p δέ@b ὁ@dafs ὥρα@nafsc ὁράω@vppennp γεωργός@andmp- μόνος@andmp- συμφέρω@vipa3s ὁ@ddmp δέ@b λοιπός@andmp- ψυχρός@anafp- ὁ@dafp ἐγχείρησις@nafpc καί@cs ὁ@dafp πρόκειμαι@vppeafp πρᾶξις@nafpc εἰμί@vnfm-- προαγορεύω@vipa3s ὁδεύω@vnpa-- δέ@b κωλύω@vipa3s χάλαζα@nnfsc δέ@b ταραχή@nafpc καί@cs δυσθυμία@nafpc δηλόω@vipa3s καί@cs ὁ@danp κρυπτός@ananp- ἐλέγχω@vipa3s διά@p ὁ@dans χρῶμα@nansc βροντή@nnfsc δέ@b χωρίς@p ἀστραπή@ngfsc δόλος@nampc καί@cs ἐνέδρα@nafpc διά@p ὁ@dans ἀπροσδόκητος@anans- ἀστραπή@nnfsc δέ@cs χωρίς@p βροντή@ngfsc φόβος@namsc μάταιος@anams- σημαίνω@vipa3s ὅτι@cs μετά@p ὁ@dafs ἀστραπή@nafsc προσδοκέω@voaa3s ἄν@b τις@rpncs βροντή@nafsc ὅς@rpnfs διά@p ὁ@dams ψόφος@namsc οὐδείς@rpnns ἄλλος@rpnns εἰμί@vipa3s ἤ1@cs ἀπειλή@nnfsc ἐπειδάν@cs οὖν@rpnns μή@b γίγνομαι@vsam3s ἀτέλεστος@anams- ὁ@dams φόβος@namsc ποιέω@vipa3s"
"Oneir._2.9","ἕπομαι@vipe3s δέ@b οὗτος@andms- ὁ@ddms λόγος@ndmsc ὁ@dnms περί@p πῦρ@ngnsc λόγος@nnmsc περί@p ὅς@rpgns διπλόος@andfs- ὁ@ddfs κρίσις@ndfsc χράω@vnpe-- καλός@b ἔχω@vipa3s πη@b μέν@b ὡς@cs περί@p οὐράνιος@angns- καί@cs θεῖος2@angns- πη@b δέ@cs ὡς@cs περί@p ἐπίγειος@angns- καί@cs ὁ@dgns ἐν@p χρῆσις@ndfsc πρῶτος@anans- μέν@b οὖν@b περί@p ὁ@dgns οὐράνιος@angns- ὧδε@b χρή@vipa3s ποιέω@vnpe-- ὁ@dafp κρίσις@nafpc πῦρ@nansc ἐν@p οὐρανός@ndmsc εἶδον@vnaa-- λαμπρός@anans- καί@cs καθαρός@anans- καί@cs ὀλίγος@anans- ἀπειλή@nafsc ἐκ@p τις@rpgmp ὑπερέχω@vppagnp σημαίνω@vipa3s ὁ@dnns δέ@b πολύς@annns- καί@cs ἄμετρος@annns- πολέμιος@angmp- ἔφοδος3@nafsc καί@b ἀφορία@nafsc καί@cs λιμός@namsc μαντεύομαι@vipe3s ὅπου@cs δέ@b ἄν@b εἰμί@vspa3s ὁ@dnns πῦρ@nnnsc ἤ1@cs ὁπόθεν@b ἄν@b φέρω@vspe3s οἷος@rpans ἀπό@p ἄρκτος@ngfsc ἤ1@cs μεσημβρία@ngfsc ἤ1@cs δύσις@ngfsc ἤ1@cs ἀνατολή@ngfsc ἐκεῖθεν@b ἔρχομαι@vipe3p ὁ@dnmp πολέμιος@nnmpc κατά@p ἐκεῖνος@rpanp ὁ@danp κλίμα@nanpc ὁ@dnfs ἀφορία@nnfsc εἰμί@vifm3s πονηρός@annnss δέ@b ἄν@b εἰμί@vopa3s καταφέρω@vppeans εἰς@p γῆ@nafsc ὁ@dans πῦρ@nansc εἶδον@vnaa-- ὁ@dans δέ@x αὐτός@anans- σημαίνω@vipa3p καί@b λαμπάς@nnfpc ἐν@p οὐρανός@ndmsc καίω@vppenfp ὅς@rpanp δή@b πᾶς@ananp- ὁ@ddmp εἶδον@vpaadmp περί@p ὁ@dafs κεφαλή@nafsc ὁ@dams κίνδυνος@namsc συνίστημι@vipa3s ὥσπερ@cs γάρ@b ὁ@dnms οὐρανός@nnmsc ὁ@dgms πᾶς@angms- ὑπερέχω@vipa3s κόσμος@ngmsc οὕτως@b καί@cs ὁ@dnfs κεφαλή@nnfsc ὁ@dgns πᾶς@angns- οῶμα@ngnsc κεραυνός@nnmsp δέ@b ἄνευ@p χεπιμῶν@ngmsc πλησίος@b πεάω@vpaanms καί@cs μή@b ἅπτω@vpamnms ὁ@dgns σῶμα@ngnsc ἐκβάλλω@vipa3s ὁ@dgmp τόπος@ngmpc ὁ@dams εἶδον@vpaaams ἐν@p ὅς@rpdmp εἰμί@vipa3s οὐ@b γάρ@x ἄν@b τις@rpnms ὑπομένω@voaa3s πλησίος@b κεραυνός@ngmsc εἰ@cs δέ@b ἔμπροσθεν@b πίπτω@voaa3s κωλύω@vipa3s πρόειμι@vnpa-- εἰς@p ὁ@dans ἔμπροσθεν@b ὁ@dans δέ@b κατά@p ’@p ἄκρα@nafpc ὑπό@p κεραυνός@ngmsc πλήσσω@vnre-- ὁ@dnmp μέν@b πάνυ@b παλαιός@annmp- διχή@ndfsc διαιρέω@viia3p λέγω3@vppanmp πένης@ndmpc μέν@b ἀγαθός@anans- εἰμί@vnpa-- πλούσιος@andmp- δέ@b κακός@anans- λόγος@ndmsc ὅδε@andms- ἔοικα@vira3p ὁ@dnmp πένης@nnmpc χωόριον@andnp- λιτός@andnp- καί@cs ἄσημος@andnp- εἰς@p ὅς@rpanp κόπριον@nanpc ῥίπτω@vipe3s ἄλλος@annns- τις@rpnns ὁ@dgmp φαῦλος@angnp- ὁ@rpnmp δέ@x πλούσιος@annmp- τέμενος@ndnpc θεός@ngmpc ἤ1@cs ἄνθρωπος@ngmpc ἤ1@cs ναός@ndmpc θεός@ngmpc ἄλσος@ndnpc ἤ1@cs ἄλλος@andns- γένος@ndnsc χωρίον@ngnpc ἐλλόγιμος@angmp- ὡς@cs οὖν@b ὁ@dnms κεραυνός@nnmsc ὁ@danp μέν@b ἄσημος@ananp- ὁ@dgnp χωρίον@ngnpc ἐπίσημος@ananp- ποιέω@vipa3s διά@p ὁ@damp ἐνιδρύω@vpreamp βωμός@nampc καί@cs ὁ@dafp γίγνομαι@vppeafp ἐν@p αὐτός@rpdnp θυσία@nafpc ὁ@danp δέ@cs πολυτελής@ananp- χωρίον@nanpc ἐρῆμος@ananp- καί@cs ἄβατος@ananp- ποιέω@vipa3s οὐδείς@rpnms γάρ@b ἐν@p αὐτός@rpdnp ἐμφιλοχωρέω@vnpa-- ἔτι@b ἐθέλω@vipa3s οὕτως@b ὁ@dnms ὄνειρος@nnmsc πένης@namsc μέν@b ὠφελέω@vipa3s πλούσιος@anans- δέ@cs βλάπτω@vipa3s ἔτι@b καί@b ὁ@dnms κεραυνός@nnmsc οὐδείς@rpnns εἰμί@vipa3s ἄλλος@annns- ἤ1@cs πῦρ@nnnsc ἴδιος@annns- δέ@cs πῦρ@ngnsc πᾶς@anafs- ὕλη@nafsc φθείρω@vnpa-- ἔχω@vipa3s δέ@b ὁ@dnms μέν@b πένης@nnmsc πενία@nafsc ὁ@dnms δέ@b πλούσιος@anams- πλοῦτος1@namsc τοιγάρ@b ὁ@dgms μέν@b ὁ@dafs πενία@nafsc ὁ@dgms δέ@b ὁ@dams πλοῦτος1@namsc φθείρω@vipa3s ἐπεί@cs καί@b ὁ@dnms κεραυνόω@vpapnms αἰφνίδιος@annns- παράσημος@annmsc γίγνομαι@vipe3s ὅμοιος@b δέ@b καί@b ὁ@dnms πένης@nnmsc αἰφνίδιος@anans- πλουτέω@vpaanms καί@cs ὁ@dnms πλούσιος@annms- αἰφνίδιος@anams- ἀπόλλυμι@vpaanms ὁ@dafs ὕπαρξις@nafsc παράσημος@annmpc γίγνομαι@vipe3p οὗτος@andmp- μέν@b οὖν@b ὁ@ddmp λόγος@ndmpc πείθω@viie3p ὁ@dnmp πρῶτος@annmp- ὁ@dnmp δέ@b μεταγενής@annmp- ἤδη@b τις@rpanp καί@b περί@p δοῦλος@ngmpc λέγω3@viia3p καί@cs φάσκω@viia3p εἰμί@vnpa-- ἀγαθός@anans- δοῦλος@ndmpc ὁ@dans κεραυνόω@vnpe-- ὅτι@cs οὐ@b τε@b δεσπότης@nampc ἔτι@b ὁ@dnmp κεραυνόω@vpapnmp ἔχω@vipa3p οὐ@b τε@cs κάμνω@vipa3p λαμπρός@annnp- δέ@b ἱμάτιον@nnnpc αὐτός@rpdmp περιτίθημι@vipe3s ὡς@cs κατά@b ὁ@ddmp ἐλευθερόω@vpapdmp καί@cs πρόσειμι1@vipa3p αὐτός@rpdmp ὡς@b ὑπό@p ζεύς@ngmsp τιμάω@vprenmp ὁ@dnmp ἄνθρωπος@nnmpc ὡς@cs καί@b ὁ@ddmp ἐλευθερόω@vpapdmp ὑπό@p δεσπότης@ngmpc τιμάω@vprednp πολύς@ananp- δέ@b καί@b ἀλέξανδρος@nnmsp ὁ@dnms μύνδιος@annms- καί@cs φοῖβος@nnmsp ὁ@dnms ἀνττοχεύς@annms- περί@p ὁ@dgns δοκέω@vnpa-- κεραυνόω@vnpe-- ἀπό@p πεῖρα@ngfsc τε@b καί@cs ἴδιος@angfs- ἔννοια@ngfsc προστίθημι@viaa3p πλήν@cs οὐ@b πᾶς@ananp- ἀκριβής@b ἰσχύω@viaa3p εὑρίσκω@vnaa-- ἔχω@vipa3s δέ@b ὧδε@b δοῦλος@ngmpc μέν@b ὁ@damp μή@b ἐν@p πίστις@ndfsc εἰμί@vppaamp ἐλευθερόω@vipa3s ὁ@damp δέ@cs ἐν@p πίστις@ndfsc εἰμί@vppaamp τιμή@ndfsc παρά@p ὁ@ddmp δεσπότης@ndmpc πολύς@ananp- κτῆμα@nanpc ἔχω@vppaamp ἀφαιρέω@vipa3s ὁ@dgfs πίστις@ngfsc καί@b ὁ@dgfs τιμή@ngfsc καί@cs ὁ@dgnp κτῆμα@ngnpc ἐλεύθερος@angmp- δέ@b πένης@nampc μέν@b ὁ@damp μή@b λανθάνω@vnpa-- πειράω@vppeamp ἀφελής@vifa3s ὁ@damp δέ@cs ἀποκρύπτω@vppeamp καί@cs λανθάνω@vnpa-- βούλομαι@vppeamp ἐλέγχω@vipa3s οὐ@b τε@cs γάρ@b λάθρῃ@b πίπτω@vipa3s κεραυνός@nnmsc διά@p ὁ@dans μετά@p μέγας@angmp- βροντή@ngmpc καί@cs πολύς@angms- χειμών@ngmsc νος@ngmsc καταφέρω@vnpe-- οὐ@b τε@cs κεραυνόω@vpapams λανθάνω@vnaa-- εἰμί@vipa3s πλούσιος@angmp- δέ@b ὁ@damp μέν@b χρυσοφορέω@vnpa-- μέλλω@vppaamp διά@p τις@rpacs ἀρχή@nafsc ἤ1@cs ἱερωσύνη@nafsc οὐ@b βλάπτω@vipa3s ἀλλά@cs καί@b ἐπίσημος@b ἄρχω@vnaa-- ἤ1@cs ἱερόω@vnam-- προαγορεύω@vipa3s ἔοικα@vira3s γάρ@b πῦρ@ndnsc ὁ@dnns χρυσίον@nnnsc κατά@p γε@b ὁ@dafs χροιά@nafsc εἰμί@vipa3s δέ@b καί@cs παρά@p πίνδαρος@ndmsp ὁ@dnms δέ@b χρυσός@nnmsc αἴθω@vppeams πῦρ@nnnsc ἅτε@rpdns ὁ@damp δέ@b λοιπός@anamp- ἀφαιρέω@vipa3s ὁ@dgfs οὐσία@ngfsc διά@p ὁ@dams ἔμπροσθεν@b λόγος@namsc εἰ@cs μή@b τις@rpnns ἄλλος@annns- κωλύω@vopa3s ἀγάμοι@andmp- δέ@b γάμος@namsc προαγορεύω@vipa3s καί@cs πένης@ndmpc καί@cs πλούσιος@andmp- οὐδείς@rpans γάρ@b οὕτως@b ὁ@dnns σῶμα@nnnsc θερμαίνω@vipa3s ὡς@cs πῦρ@nnnsc καί@cs γυνή@nnfsc γαμέω@vpraamp δέ@b διίστημι@vipa3s καί@b κοινωνός@nampc καί@b ἀδελφός@nampc καί@cs φίλος@anamp- ἐχθρός@anamp- ποιέω@vipa3s οὐδείς@anans- γάρ@x ὁ@dnms κεραυνός@nnmsc ἑνόω@vipa3s ἀλλά@cs καί@cs ὁ@danp ἑνόω@vpreanp χωρίζω@vipa3s ἔτι@b καί@b ὁ@dams παῖς@na-pc ἔχω@vppaams ὁ@dgmp παῖς@ngmpc στερίσκω@vipa3s ἤτοι@b ἀποθνήσκω@vpaagmp ἐάν@cs ἀλγέω@vspa3s πρός@p ὁ@ddns κεραυνόω@vnpe-- ἤ1@cs ἄλλως@b ἀπαλλάσσω@vpapgmp ἐάν@cs μή@b ἀλγέω@vspa3s καί@b γάρ@b ὁ@dnnp δένδρον@nnnpc ὅταν@cs κεραυνόω@vsap3s αὖος@annnp- γίγνομαι@vipe3s καί@cs ὁ@damp βλαστός@anamp- ἀπόλλυμι@vipa3s ἀθλητής@nampc δέ@b ἔνδοξος@anamp- ὁ@dnms κεραυνός@nnmsc ποιέω@vipa3s καί@cs πᾶς@anamp- φιλόλογος@anamp- καί@cs ὁ@damp εἰς@p ὁ@dans μέσος@anans- παρέρχομαι@vnpe-- βούλομαι@vppeamp ἐν@p δέ@b ὁ@ddfp δίκη@ndfpc ὁ@ddfp περί@p ἐπιτιμία@ngfsc συμφέρω@vipa3s ὁ@dans δοκέω@vnpa-- κεραυνόω@vnpe-- οὐδείς@rpnms γάρ@b κεραυνόω@vpapnms ἄτιμος@annms- εἰμί@vipa3s ὅπου@b γε@b καί@b ὡς@cs θεός@nnmsc τιμιᾶται@vipe3s ὁ@ddmp δέ@b περί@p κτῆμα@ngnpc πᾶς@angnp- πλήν@p γῆ@ngfsc καί@cs ὁ@dgnp ἐν@p γῆ@ndfsc δικάζω@vppedmp δίκη@nafsc μαντεύομαι@vipe3s καί@b γάρ@b ὁ@damp καταδικάζω@vpapamp ἐν@p ὁ@ddfs συνήθεια@ndfsc κεεραυνόω@vnre-- φημί@vipa1p ἐν@p δέ@b ὁ@ddfp περί@p γῆ@ngfsc δίκη@ndfpc ὁ@damp μέν@b νέμω@vpamamp ὁ@dafs γῆ@nafsc καί@cs δείδω@vpraamp ἐκβάλλω@vnap-- μένω@vnaa-- λέγω3@vipa3s οὐ@b δέ@cs γάρ@b ὁ@dnmp κεραυνόω@vpapnmp μετατίθημι@vipe3p ἀλλά@cs ὅπου@b ἄν@b ὑπό@p ὁ@dgns πῦρ@ngnsc καταλαμβάνω@vsap3p ἐνταῦθα@b θάπτω@vipe3p ὁ@damp δέ@b ἀντιποιέω@vppeamp γῆ@ngfsc ἀλλότριος@angfs- μή@b εἰσέρχομαι@vnaa-- εἰς@p αὐτός@rpafs προαγορεύω@vipa3s ἀλλά@cs ὅπου@cs ἄν@b εἰμί@vspa3p ἐκεῖ@b μένω@vnaa-- οὗτος@rpnns εἰμί@vipa3s ἔξω@b εἰ@cs μή@b ἄρα@b τις@rpnms οὐ@b αὐτός@annms- δοκέω@voaa3s κεεραυνόω@vnre-- ἀλλά@cs εἰς@p γῆ@nafsc εἶδον@voaa3s ὁ@dams σνηπτός@namsc πίπτω@vpaaams καί@b γάρ@b ὁ@dans τοιοῦτος@annns- ὄναρ@nansc ὁ@ddmp ἐνοικέω@vppadmp ἄβατος@anans- ὁ@dafs γῆ@nafsc καθίστημι@vipa3s ἔτι@b ὁ@dnms κεραυνός@nnmsc ὁ@damp μέν@b ἀπόδημος@anamp- εἰς@p ὁ@dafs οἰκεῖος@anafs- ἐπανάγω@vipa3s ὁ@damp δέ@cs ἔνδημος@anamp- ἐν@p ὁ@ddfs οἰκεῖος@andfs- κατέχω@vipa3s μιμνήσκω@vnre-- δέ@b χρή@vipa3s οὗτος@rpans ὅτι@cs οὗτος@rpanp σημαίνω@vipa3s ὁ@dans δοκέω@vnpa-- κεραυνόω@vnpe-- ὅσος@rpanp ἐρῶ@vira1p ἐπειδάν@cs τις@rpnms καταφλέξω@vnre-- ὑπό@p ὁ@dgms κεραυνός@ngmsc νομίζω@vsaa3s ἤ1@b κατά@p κεφαλή@ngfsc ἤ1@cs κατά@p στέρνον@ngnsc ὁ@dams σκηπτός@namsc πίπτω@vnra-- ἐπεί@cs ὅταν@cs γε@b ἄλλος@anans- τις@anans- μέρος@nansc ὁ@dgns σῶμα@ngnsc ὁ@dnms κεραυνός@nnmsc καταφλέγω@vsaa3s καί@cs μή@b ὅλος@anans- ὁ@dans σῶμα@nansc ἤ1@cs μή@b τοιοῦτος@anans- τις@rpans καταλαμβάνω@voaa3s ἐκ@p ὅς@rpgns ἔοικα@vpranns θάνατος@namsc ἐπακολουθέω@vnpa-- ὁ@ddms κεεραυνόω@vppedms τότε@b μικρός@annnp- ὁ@dnnp ἀποτέλεσμα@nnnpc γίγνομαι@vipe3s καί@cs οὕτως@b χρή@vipa3s ποιέω@vnpe-- ὁ@dafp κρίσις@nafpc ὥσπερ@cs βλάπτω@vppegnp μέρος@ngnpc καί@cs οὐ@b πᾶς@angns- ὁ@dgns σῶμα@ngnsc περί@b ὅς@cs ἀκριβής@b καί@cs ἀνενδεής@b ἐν@p ὁ@ddms περί@p σῶμα@ngnsc λόγος@ndmsc ἐν@p ὁ@ddns πρῶτος@andns- βιβλίον@ndnsc διαιρέω@vira1s ἔτι@b καί@b ἐκεῖνος@rpnns οὐ@b τε@cs πλέω@vppaams οὐ@b τε@cs ἐν@p ὁ@ddfs κοίτη@ndfsc κατάκειμαι@vppeams οὐ@b τε@cs ἐπί@p γῆ@ngfsc ὕπτιος@anams- πρηνής@anams- ὑπό@p κεραυνός@ngmsc καταφλέγω@vnpe-- συμφέρω@vipa3s ὑπολείπω@vipe3s δέ@b μόνος@b ἀγαθός@anans- εἰμί@vnpa-- ὁ@dans ὀρθός@anans- ἵστημι@vpraams ἤ1@cs ἐπί@p θρόνος@ngmsc κατάἕζομαι@vppeams ἤ1@cs ἐπί@p ἄλλος@rpgns τις@rpgns τοιοῦτος@rpgns κεραυνόω@vnpe-- οἶδα@vira1s δέ@b τις@rpacs ὅς@rpnms δοκέω@viaa3s ὁ@dgfs κλίνη@ngfsc ὁ@dans ἔξω@b ἐνήλατος@viaa3p ὑπό@p κεραυνός@ngmsc διαφθείρω@vnre-- καί@cs ὁ@dnfs γυνή@nnfsc αὐτός@rpgms ἀποθνῄσκω@viaa3s πῦρ@nansp δέ@b ὁ@dans χρῆσις@ndfsc ὀλίγος@anans- μέν@b καί@cs καθαρός@anans- εἶδον@vnaa-- ὁ@dnfs φημονόη@nnfsp λέγω3@vipa3s ἀγαθός@anans- εἰμί@vnpa-- πολύς@anans- δέ@cs καί@cs ἄμετρος@anans- πονηρός@anans- εἰμί@vipa3s οὖν@b ἄριστον@annns- ὁ@dnns ἐπί@p ἑστία@ngfsc πῦρ@nnnsc λαμπρός@annns- καί@cs καθαρός@anans- ὁράω@vppenns πολύς@anafs- γάρ@b εὐπορία@nafsc σημαίνω@vipa3s ἄνευ@p γάρ@b ὁ@dgns τροφή@nafpc παρασκευάζω@vnpe-- οὐ@b εἰμί@vipa3s ἐπί@p ἑστία@ngfsc πῦρ@nansc εἶδον@vnaa-- σβέννυμι@vppenns δέ@b οὗτος@rpnns ἀπορία@nafsc σημαίνω@vipa3s καί@cs εἰ@cs τις@rpnms κατά@p ὁ@dams οἶκος@namsc νοσέω@vopa3s θάνατος@namsc αὐτός@rpdms προαγγέλλω@vipa3s ἀγαθός@annns- δέ@b καί@b λαμπάς@nafsc δοκέω@vnpa-- ἔχω@vnpa-- καίω@vppeafs νύξ@ngfsc μάλιστα@b δέ@b νέος@andmp- ὡς@cs γάρ@b ἐπί@p ὁ@dans πολύς@anans- ἔρως@nampc οὐ@b ἀηδής@anamp- σημαίνω@vipa3s καί@cs πρᾶξις@nafpc προαγορεύω@vipa3s διά@p ὁ@dans δύναμαι@vnpe-- ὁ@danp πρό@p πούς@ngmpc ὁράω@vnpa-- ἄλλος@rpams δέ@b ὁράω@vnpa-- ἔχω@vppaams λαμπάς@nafsc πονηρός@anams- ὁ@ddmp λανθάνω@vnpa-- ἐθέλω@vppadmp λύχνος@nnmsc δέ@b καίω@vppenms ἐν@p οἰκία@ndfsc λαμπρός@annms- ἀγαθός@annms- πρόσκτησις@nafsc γάρ@b σημαίνω@vipa3s καί@cs εὐπορία@nafsc πᾶς@andmp- καί@cs ὁ@ddmp ἀγάμοι@andmp- γάμος@namsc καί@cs ὁ@ddmp νοσέω@vppadmp ὑγεῖα@nafsc ὁ@dnms δέ@x μή@b λαμπρός@annms- ἀλλά@cs ἀμαυρός@annms- δυσθυμία@nafsc σημαίνω@vipa3s καί@cs ὁ@damp νοσέω@vppaamp οὐ@b εἰς@p μακράν@anafs- ἀναιρέω@vipa3s ὁ@dnms δέ@b εἰσβλύσκω@vprenms σώζω@vipa3s μέλλω@vipa3s γάρ@b ἀνάπτω@vnpe-- λύχνος@nnmsc χάλκεος@annms- καί@cs ὁ@dnnp ἀγαθός@annnp- βέβαιος@ananpc καί@cs ὁ@dnnp κακός@annnp- ἰσχυρός@ananpc μαντεύομαι@vipe3s ὁ@dnms δέ@b ὀστράκινος@nnmsc ἐλάσσων@annnsc ἀμφότερος@annmp- δέ@b ὁ@danp κρυπτός@ananp- ἐλέγχω@vipa3p λύχνος@nnmsc δέ@x ἐν@p πλοῖον@ndnsc ὁράω@vppenms δεινός@angfs- νηνεμία@ngfsc εἰμί@vipa3s σημαντικός@annms-"
"Oneir._2.10","οἶκος@nnmpp καίω@vppenmp καθαρός@andns- πῦρ@ndnsc καί@cs μή@b συμπίτνω@vppanmp μη@b δέ@cs διαφθείρω@vppenmp πένης@vira3p μέν@b εὐπορία@nafsc πλούσιος@andmp- δέ@cs ἀρχή@nafpc περιποιέω@vipa3p ὁ@dnmp δέ@b σμύχω@vppenmp μή@b καθαρός@andns- πῦρ@ndnsc καί@cs καταδαλέω@ngmsc μένω@nnmpc καί@cs συμπίτνω@vppanmp καί@cs ὑπό@p ὁ@dgns πῦρ@ngnsc διαφθείρω@vppenmp πᾶς@andmp- πονηρός@annmp- καί@cs τοιοῦτος@rpgmp ὄλεθρος@namsc σημαίνω@vipa3p ἄνθρωπος@ngmpc οἷος@rpnmp ἄν@b εἰμί@vspa3p ὁ@dnmp οἶκος@nnmpc οἷος@rpans ὁ@dnms μέν@b θάλαμος@nnmsc ὁ@dafs γυνή@nafsc σημαίνω@vipa3s ὅταν@cs ὑπάρχω@vspa3s εἰ@cs δέ@b μή@b ὁ@dams δεσπότης@namsc ὁ@dgfs οἰκία@ngfsc ὁ@dnms δέ@b ἀνδρών@nnmsc ὁ@damp κατά@p ὁ@dams οἶκος@namsc ἄνθρωπος@nampc συγγενής@anamp- τε@b καί@cs θεράπων@nampc ὁ@dnfs δέ@cs γυναικωνῖτις@nnfsc ὁ@dafp θεράπαινα@nafpc ταμεῖον@ananp- δέ@b καί@cs ἀποθήκη@ananp- ὁ@danp κτῆμα@nanpc ἤ1@cs ὁ@damp ταμίας@nampc ἤ1@cs ὁ@damp οἰκονόος@nampc μου@nampc σημαίνω@vipa3p οὗτος@annnp- μέν@x ἐπί@p ὅλος@angmp- οἶκος@ngmpc τοῖχος@ngmpc δέ@b ὁ@dnms μέν@b ὁ@dafs θύρα@nafsc ἔχω@vppanms ὁ@dams δεσπότης@namsc σημαίνω@vipa3s ὁ@dnms δέ@b ὁ@dafs θυρίς@nafsc ὁ@dafs δέσποινα@nafsc ὅπου@cs δέ@b μή@b εἰμί@vipa3s θυρίς@nnfsc ὁ@dnms μέν@b μέσος@annms- ὁ@dams δεσπότης@namsc ὁ@dnms δέ@b δεξιός@annms- ὁ@danp τέκνον@nanpc ὁ@dnms δέ@cs εὐώνυμος@annms- ὁ@dafs γυνή@nafsc ἐπειδάν@cs δέ@b πολύς@anafp- ἔχω@vspa3s θυρίς@nafpc ὁ@dnms οἶκος@nnmsc καί@b ἀδελφός@ndmpc καί@cs κοινωνός@ndmpc θάνατος@namsc προαγορεύω@vipa3s πρέσβυς@andmp- μέν@b ὁ@dnnp πρός@p ἀνατολή@nafsc ὁ@dgms οἶκος@ngmsc νέος@andmp- δέ@cs ὁ@dnnp πρός@p ἑσπέρα@nafsc ὁ@dnnp δέ@b πρός@p ἄρκτος@nafsc ὅμοιος@b ὁ@ddfs ἀνατολή@ndfsc καί@cs ὁ@dnnp πρός@p μεσημβρία@nafsc ὅμοιος@b ὁ@ddfs δύω@ndfsc κρίνω@vmpe3s ὁ@dnmp δέ@b μετά@p ὁ@dans πῦρ@nansc αὐξάνω@vpapnmp τοῖχος@nnmpc ἤ1@cs λαμπρός@annmpc φαίνω@vppenmp ὁ@dams βίος@namsc ἐπί@p ὁ@dans βελτίων@anansc μετάγω@vipa3p θύρα@nnfpc δέ@b καίω@vppenfp γυνή@ngfsc ὄλεθρος@namsc σημαίνω@vipa3p καί@cs ὁ@dams βίος@namsc ὁ@dgms εἶδον@vpaagms οὐ@b ἐν@p ἀσφαλής@andns- κεῖμαι@vnpe-- οὗτος@rpgfp δέ@b ὁ@dnfs μέν@b ὁ@dams μάνδαλος@namsc ἔχω@vppanfs ἐλεύθερος@anafs- γυνή@nafsc σημαίνω@vipa3s ὁ@dnfs δέ@b ἔχω@vppenfs δούλη@nafsc καί@cs πάλιν@b ὁ@dnfs μέν@b ὁ@dams μάνδαλος@namsc ἔχω@vppanfs καί@cs ὁ@dams ἀνήρ@namsc ὁ@dnfs δέ@cs ἔχω@vppenfs ὁ@dafs γυνή@nafsc κίων@nnmpc δέ@b καθαρός@andns- πῦρ@ndnsc καίω@vppenmp καί@cs μή@b διαφθείρω@vppenmp ὁ@danp τέκνον@nanpc σημαίνω@vipa3p ὁ@dgms εἶδον@vpaagms ἐπί@p ὁ@dans βελτίων@anansc καί@cs λαμπρός@anansc μεταβαίνω@vnaa-- ὁ@dnmp δέ@b συντρίβω@vppenmp υἱός@ngmpc ὄλεθρος@namsc σημαίνω@vipa3p στύλος@nnmpc γάρ@b οἶκος@ngmpc παῖς@nnmpc εἰμί@vipa3p ἄρσην@nnmpc ὡς@cs φημί@vipa3s εὐριπίδης@nnmsp τέρην@nanpc δέ@b καί@cs ὑπερθύριον@nanpc καί@cs δρύφακτος@nnmpc κατακαίω@vppanmp παῖς@ngmpc ὄλεθρος@namsc καί@cs οὐσία@ngfsc ἀπώλεια@nafsc μαντεύομαι@vipe3p ὁ@dnmp δέ@b θεμιέλιος@annmp- δεσπότης@ngmpc ὁ@dnmp δέ@b θριγκός@nnmpc συγγενής@angmp- καί@cs φίλος@angmp- δένδρον@ngnpc δέ@b ὁ@dnnp μέν@b πρό@p ὁ@dgfs οἰκία@ngfsc φύω@vprannp δεσπότης@ngmpc ὁ@danp δέ@b ἔνδον@b ἐν@p ὁ@ddfs οἰκία@ndfsc ὁ@danp μέν@b μέγας@ananp- καίω@vppeanp ὅμοιος@b δεσπότης@ngmpc ὁ@danp μέν@b ἀρσενικός@ananp- ἀνήρ@ngmpc ὁ@danp δέ@b θηλυκός@ananp- γυνή@ngfpc ὁ@danp δέ@b μικρός@ananp- φίλος@angmp- καί@cs συγγενής@angmp- ὁ@danp δέ@cs παντελής@b χθαμαλός@ananp- οἷος@rpans πύξος@nnfpc καί@cs μυρσίνη@nnfpc οἰκέτης@ngmpc ἀνακαίω@vnpa-- δέ@b δοκέω@vnpa-- πῦρ@nansc ταχύς@b ἀναπτύσσω@vppeans καί@b ἐπί@p ἑστία@ngfsc καί@cs ἐν@p κλιβάνος@vppedns ἀγαθός@anans- καί@cs παῖς@ngcpc σημαίνω@vipa3s γονή@nafsc ἔοικα@vira3s γάρ@b καί@b ὁ@dnfs ἑστία@nnfsc καί@cs ὁ@dnms κλίβανος@nnmsc γυνή@ndfsc διά@p ὁ@dans δέχομαι@vnpe-- ὁ@danp πρός@p ὁ@dams βίος@namsc εὔχρηστος@ananp- ὁ@dnns δέ@b ἐν@p αὐτός@rpdnp πῦρ@nansc ἔγκυος@nansc εἰμί@vnfm-- ὁ@dafs γυνή@nafsc μαντεύομαι@vipe3s τότε@b γάρ@b καί@b ὁ@dnfs γυνή@nnfsc θερμός@annfsc γίγνομαι@vipe3s ὁ@dans δέ@b καταλαμβάνω@vpaaams ὁ@dans πῦρ@nansc ἐν@p οὗτος@rpdnp εἶτα@b ἀποσβέννυμι@vnpa-- ἑαυτοῦ@rpdms αἴτιος@anans- ζημιόω@ngfpc σημαίνω@vipa3s γίγνομαι@vnam--"
"Oneir._2.11","οὗτος@rpnnp μέν@b οὖν@b ὁ@ddms περί@p πῦρ@ngnsc λόγος@ndmsc ἀκόλουθος@annnp- εἰμί@vppannp ἱκανός@b ἐρῶ@vire3s ἑξῆς@b δέ@b περί@p κυνηγίον@ngnsc καλός@b ἔχω@vppanns εἰμί@vnpa-- ἐγώ@rpdms δοκέω@vipa3s διασαφέω@vnaa-- λίνον@nnfsc καί@b στόρεννυμι@nnmpc καί@b πᾶς@annfs- ἀρκυοστασία@nnfsc καί@b ὁ@dnfp νεφέλη@nnfpc λέγω3@vppenfp καί@cs ὅσος@ananp- πρός@p θήρα@nafsc ἄνθρωπος@nnmpc κατασκευάζω@vpreanp ἔχω@vipa3p κακός@annnp- μόνος@andmp- δέ@b ἀγαθός@ananp- ὁ@ddmp δραπέτης@nampc διώκω@vipa3p καί@cs ὁ@ddmp ἀπόλλυμι@annms- τις@rpans ζητέω@vppadmp ταχύς@anafs- γάρ@b οὗτος@rpgnp εὕρεσις@nafsc προσημαίνει@vipa3s ὁ@ddmp δέ@b λοιπός@andmp- ἐμποδισμός@nampc ὁ@dgfp χρεώ@ngfpc διά@p ὁ@dafp καταπλοκή@nafpc καί@b κίνδυνος@nampc καί@cs ἐνέδρα@nafpc σημαίνω@vipa3s ἐπί@p γάρ@b βλάβη@ndfsc ὁ@dgnp ζῷον@ngnpc οὗτος@rpnnp κατασκευάζω@vipe3s ἀεί@b δέ@b ἀμείνων@annnsc αὐτός@rpams ἔχω@vnpa-- οὗτος@rpanp ἤ1@cs ἄλλος@rpams ἔχω@vppaams εἶδον@vnaa-- ὅσος@andns- καί@b κρείσσων@annnsc ὁ@dnns κακόω@vppanns ὁ@dgns ὑπό@p τις@rpgcs κακόω@vnpe-- ἔπειμι@vipe3s δέ@b ὁ@ddms περί@p κυνηγίον@ngnsc λόγος@ndmsc ὁ@dnms περί@p ζῷον@ngnpc ὁ@dgnp ἐπίγειος@angnp- δίπτυχος@nnmsc τε@cs καί@cs ἄποπτος@nnmsc καί@cs τετράπους@ngnpc ἄρχω@vifm1s δέ@b ἀπό@p ὁ@dgnp τετράπους@ngnpc ὁ@dgmp κύων@ngmpc ὁ@dnmp μέν@b ἐπί@p θήρα@ndfsc τρέφω@vipe3p καί@cs οὗτος@rpgmp ὁ@dnmp μέν@b εἰμί@vipa3p ἱχνευτής@nnmpc ὁ@dnmp δέ@b ὁμόσε@b ὁ@ddnp θηρίον@ndnpc χωρέω@vipa3p ὁ@dnmp δέ@cs ἐπί@p φυλακή@ndfsc ὁ@dgnp κτῆμα@ngnpc ὅς@rpamp οἰκουρός@anamp- τε@cs καί@cs δέσμιος@anamp- λέγω3@vipa1p ὁ@dnmp δέ@b ἐπί@p τερπωλή@ndfsc ὁ@dnmp μελιταῖος@nnmpp λέγω3@vppenmp σημαίνω@vipa3p οὖν@b ὁ@dnmp μέν@b ἐπί@p θήρα@ndfsc τρέφω@vppenmp ὁ@danp ἔξωθεν@b πορίζω@vppeanp ὅθεν@b ἀγαθός@annns- εἶδον@vnaa-- αὐτός@rpamp θηράω@vppaamp καί@cs λαμβάνω@vppaamp τις@rpans καί@cs ἤδη@b λαμβάνω@vpraamp ἤ1@cs μέλλω@vppaamp ἐπί@p θήρα@nafsc ἐξίημι@vnpa-- πρᾶξις@ngfpc γάρ@b εἰμί@vipa3p σημαντικός@annmp- ὁ@dnmp δέ@b εἰς@p πόλις@nafsc ἔρχομαι@vppenmp ἀπραξία@nafsc σημαίνω@vipa3p παύω@vipe3p γάρ@b ὁ@dgnp ἔργον@ngnpc ὁ@dnmp δέ@b ὁρκάνος@annmp- γυνή@nafsc σημαίνω@vipa3p καί@b οἰκεῖος@anafp- καί@cs ὁ@danp πορίζω@vpreanp μένω@vpreanp κτῆμα@nanpc ὅθεν@b ἐρρωμένος@vppenmp καί@cs σαίνω@vppanmp ὁ@damp δεσπότης@nampc ἀγαθός@anafs- οἰκουρία@nafsc καί@b περί@p ὁ@dafs γυνή@nafsc καί@cs περί@p ὁ@damp οἰκεῖος@anamp- σημαίνω@vipa3p καί@cs ὁ@dgnp κτῆμα@ngnpc πολύς@anafs- ἀσφάλεια@nafsc νοσέω@vppanmp δέ@cs ὁ@ddnp προερέω@vprednp νόσος@nafsc προαγορεύω@vipa3p καί@cs ὁ@ddnp κτῆμα@ndnpc βλάβη@nafpc ἀγ@ananp- ριαίνω@vppanmp δέ@b ὑλακτέω@vppanmp δάκνω@vppanmp ἀδικία@nafpc ὁ@dafp ἀπό@p ὁ@dgnp τοιοῦτος@angnp- μαντεύομαι@vipe3p πρόσωπον@ngnpc καί@cs βλάβη@nafpc μέγας@anafp- ἀλλότριος@annmp- δέ@b κύων@nnmpc σαίνω@vppanmp μέν@b δόλος@nampc καί@cs ἐνέδρα@nafpc ἀπό@p πονηρός@angfp- ἀνήρ@ngmpc γυνή@ngfpc σημαίνω@vipa3p δάκνω@vppanmp δέ@cs ὑλακτέω@vppanmp ἐπίθεσις@nafpc καί@cs ἀδικία@nafpc καί@cs ἄν@cs μέν@b εἰμί@vspa3p λευκός@annmp- φανερός@anafp- ἐάν@cs δέ@b μέλας@annmp- λαθραῖος@anamp- ἐάν@cs δέ@b πυρρός@annmp- οὐ@b παντελής@b φανερός@anafp- ἐάν@cs δέ@b ποικίλος@annmp- δεινός@anafpc ὁ@dafp ἐπίθεσις@nafpc μαντεύομαι@vipe3p ἔοικα@vira3p δέ@b οὐ@b παντελής@b εὐγενής@andmp- οὐ@b δέ@x ἐλεύθερος@andmp- σφόδρα@b δέ@cs βίαιος@andmp- καί@cs ἀναιδής@andmp- τοιοῦτος@annnp- γάρ@x ὁ@dnnp ὁ@dgmp κύων@ngmpc ἦθος@nnnpc πολλάκις@b δέ@b καί@b πυρετός@namsc αἰνίσσομαι@viam3p διά@p ὁ@dans ἄστρον@nansc ὁ@dams σείριον@namsp ὅς@rpnms πυρετός@ngmsc αἴτιος@annms- εἰμί@vppanms πρός@p τις@rpgmp κύων@nnmsc καλέω@vipe3s καί@cs γάρ@b βίαιος@annns- εἰμί@vipa3s καί@cs ἀγνώμων@annns- ὁ@dnns ζῷον@nnnsc καί@cs πυρετός@ndnsc ὅμοιος@annns- ὁ@dnmp δέ@b μελιταῖος@nnmpp ὁ@dans τερπνός@ananss ὁ@dgnp ἐν@p ὁ@ddms βίος@ndmsc σημαίνω@vipa3p καί@cs ὁ@dans ἡδύς@ananss τοιγάρ@b ὅς@rpans τις@rpans ἄν@b πάσχω@vsaa3p λύπη@ngfsc τε@cs καί@cs ἀνία@ngfsc εἰμί@vipa3p σημαντικός@annmp-"
"Oneir._2.12","πρόβατον@nnnpp ὡς@cs μέν@b ὁ@dnmp παλαιός@annmp- συγχέω@viia3p λευκός@annnp- μέν@b ἀγαθός@annnp- μέλας@annnp- δέ@b πονηρός@annnp- ὡς@cs δέ@b ἐγώ@rpnms τηρέω@viaa1s πρόβατον@nanpc καί@cs λευκός@ananp- καί@cs μέλας@annnp- ἀγαθός@annnp- λευκός@annnp- μέν@b μᾶλλον@b μέλας@annnp- δέ@cs ἥσσων@anansc ἔοικα@vira3s δέ@b ὁ@dnnp πρόβατον@nnnpc ἄνθρωπος@ndmpc διά@p ὁ@dans πείθω@vnpe-- ὁ@ddms ποιμήν@ndmsc καί@cs συναγελάζομαι@vnpe-- καί@b προβιβασμός@ndmsc καί@cs ὁ@ddfs ἐπί@p ὁ@dans βελτίων@anansc προκοπή@ndfsc ἀπό@p ὁ@dgns ὄνομα@ngnsc ἄριστον@annnss οὖν@b καί@b ἴδιος@ananp- ἔχω@vnpa-- πολύς@ananp- πρόβατον@nanpc καί@cs ἀλλότριος@ananp- εἶδον@vnaa-- καί@cs ποιμαίνω@vnpa-- μάλιστα@b ὁ@ddmp ὄχλος@ngmsc προίστημι@vnpe-- βούλομαι@vppedmp καί@cs σοφιστής@ndmpc καί@cs διδάσκαλος@ndmpc ἔτι@cs δέ@b καί@b κριός@nnmsc πρός@p δεσπότης@namsc εἰμί@vipa3s ληπτέος@annms- καί@cs πρός@p ἄρχω@namsc καί@cs βασιλεύς@namsc κρείων@vnpa-- γάρ@b ὁ@dans ἄρχω@vnpa-- λέγω3@viia3p ὁ@dnmp παλαιός@annmp- καί@cs ὁ@dgfs ἀγέλη@ngfsc ἡγέομαι@vipe3s ὁ@dnms κριός@nnmsc ἀγαθός@annns- δέ@b καί@b ἐποχέομαι@vnpe-- δοκέω@vnpa-- ἀσφαλής@b καί@cs διά@p ὁμαλής@angnp- χωρίον@ngnpc μάλιστα@b φιλόλογος@andmp- καί@cs ὁ@ddmp ἐπί@p ὁ@dans πλουτέω@vnpa-- ὁρμάω@vppedmp καί@b γάρ@b ταχύς@anans- ὁ@dnns ζῷον@nnnsc καί@cs ἑρμῆς@ngmsp νομίζω@vire3s ὄχημα@nnnsc εἰμί@vnpa-- αἴξ@nnfpp δέ@b οὐ@b τε@b λευκός@annfp- οὐ@b τε@cs μέλας@annfp- ἀγαθός@annfp- ἀλλά@cs πᾶς@annfp- πονηρός@annfp- λευκός@annfp- μέν@b ἥσσων@anansc μέλας@annfp- δέ@cs μᾶλλον@b μάλιστα@b ὁ@ddmp πλέω@vppadmp καί@b γάρ@b ὁ@danp μέγας@ananp- κῦμα@nanpc αἴξ@nafpc ἐν@p ὁ@ddfs συνήθεια@ndfsc λέγω3@vipa1p καί@cs λάβρος@annms- ἐποιγίζω@vppanms φημί@vipa3s ὁ@dnms ποιητής@nnmsc περί@p σφοδρός@angms- ἄνεμος@ngmsc λέγω3@vppanms καί@cs ὁ@dnns φοβερός@annnss πέλαγος@nnnsc αἰγαῖος@annns- λέγω3@vipe3s γάμος@nampc δέ@b καί@cs φιλία@nafpc καί@cs κοινωνία@nafpc οὐ@b τε@b συνάγω@vipa3p οὐ@b τε@cs ὁ@dafp εἰμί@vppaafp φυλάσσω@vipa3p οὐ@b γάρ@b συναγελάζομαι@vipe3p ἀλλά@cs χωρίς@p ἀλλήλων@rpgfp νέμω@vppenfp κατά@p κρημνός@ngmpc καί@cs πέτρα@ngfpc αὐτός@annfp- τε@b πρᾶγμα@nanpc ἔχω@vipa3p καί@cs ὁ@ddms ποιμήν@ndmsc παρέχω@vipa3p ὅθεν@b καί@cs ὁ@dnms ποιητής@nnmsc πλατύς@ananp- ὁ@danp αἰπόλιον@nanpc καλέω@vipa3s λέγω3@vppanms ὅς@rpnmp δέ@b ὡς@cs τε@x αἰπόλιον@nanpc πλατύς@annnp- αἴξ@ngmpc ὄνος@rpnmp φέρω@vppanmp μέν@b τις@rpans ἄχθος@nansc καί@b πείθω@vppenmp ὁ@ddms ἐλαύνω@vppadms καί@b ἐρρωμένος@vprenmp καί@cs ταχύς@b βαδίζω@vppanmp ἀγαθός@annmp- πρός@p γάμος@namsc καί@cs κοινωνία@nafsc πρός@p γάρ@b ὁ@ddns μή@b εἰμί@vnpa-- πολυτελής@anafs- ὁ@dafs γυνή@nafsc καί@cs ὁ@dams κοινωνός@namsc καί@b πρόθυμος@b ὑπακούω@vnfm-- σημαίνω@vipa3p καί@cs εὐνοέω@vnfa-- καί@cs πρός@p ὁ@dafp ἄλλος@anafp- δέ@b πρᾶξις@nafpc εἰμί@vipa3p ἀγαθός@annmp- διά@p ὁ@dans ὄνομα@nansc ὀνίνημι@vnam-- γάρ@b ὁ@dgmp πρόκειμαι@vpregmp σημαίνω@vipa3p καί@cs ἥδομαι@vnap-- ἐπί@p αὐτός@rpdnp ὁ@ddms γάρ@x ἡδύς@andms- ἀνάκειμαι@vipe3p δαίμων@ndmsc σειληνός@ndmsp καί@b πρός@p ὁ@damp φόβος@nampc δέ@b ἀγαθός@annmp- διά@p ὁ@dafs περί@p αὐτός@rpamp ἱστορία@nafsc καί@cs ὁ@dams ἐν@p ὁ@ddfs συνήθεια@nnfdc λόγος@namsc πρός@p δέ@b ὁ@dafp ἀποδημία@nafpc πολύς@anafs- προαγορεύω@vipa3p ἀσφάλεια@nafsc παρολκή@nafpc δέ@cs καί@cs βραδυτής@nafpc ἐργάζομαι@vipe3p διά@p ὁ@dans νωθής@b ὁ@dgns βάδισμα@ngnsc ἡμίονος@nnmpp δέ@b πρός@p πᾶς@ananp- ἐπιτήδειος@annmp- διά@p ὁ@dans ὑπομονητικός@anans- ὁ@dgnp ἔργον@ngnpc μάλιστα@b δέ@b πρός@p γεωργία@nafsc ὅς@dnfp γάρ@b τε@b βοῦς@ngcpc προφερής@annfpc εἰμί@vipa3p ἕλκω@vnpa-- νειός@ngfsc βαθύς@ngfsc πηκτός@anans- ἄροτρον@nansc ὡς@cs φημί@vipa3s ὁ@dnms ποιητής@nnmsc μόνος@b ἀντιβαίνω@vipa3p γάμος@ndmsc καί@cs παιδοποιία@nnfsc διά@p ὁ@dans ἄσπερμος@anans- εἰμί@vnpa-- ὁ@dans ζῷον@nansc ὅταν@cs δέ@b ἀγριαίνω@vspa3p ὁ@dnmp ὄνος@nnmpc ὁ@dnmp ἡμίονος@nnmpc ἐπιβουλή@nafsc ἐκ@p ὁ@dgnp ὑποτάσσω@vpregmp σημαίνω@vipa3p ἡμίονος@nnmpc δέ@cs καί@cs νόσος@nafsc ὡς@cs πολλάκις@b τηρέω@viaa1s βοῦς@nnmpp ἐργάτης@annmp- πᾶς@andmp- ἀγαθός@annmp- ἀγελαῖος@annmp- δέ@b βοῦς@nnmpc ταραχή@nafpc καί@cs περιβοήθεια@nafpc σημαίνω@vipa3p διά@p ὁ@dans ὄνομα@nansc ταῦρος@nnmsp δέ@b κίνδυνος@namsc οὐ@b ὁ@dams τυγχάνω@vpaaanp σημαίνω@vipa3s μάλιστα@b ἀπειλή@vppanms ἤ1@cs διώκω@vppanms καί@cs ὁ@dafs ἐκ@p ὁ@dgnp ὑπερέχω@vppagnp ἀπειλή@nafsc ἐάν@cs εἰμί@vspa3s πένης@nnmsc ὁ@dnms εἶδον@vpaanms ἤ1@cs δοῦλος@annms- ναυτιλλόμενος@vppedmp δέ@b χειμών@namsc σημαίνω@vipa3s καί@cs πλήσσω@vpaanms ναυάγιον@nansc ὁ@dgfs ἱστοκεραία@ngfsc πάσχω@vppagfs τις@rpans δεινός@anans- ἔοικα@vira3s γάρ@b ὁ@ddns ἱστίον@ndnsc καί@cs ὁ@ddfs κατάντιον@ndfsc ὁ@dgfs ναῦς@ngfsc ὅλος@angfs- διά@p ὁ@dafp βύρσα@nafpc καί@cs ὁ@danp κέρας@nanpc οὗτος@rpanp μέν@b περί@p ὁ@dgnp ἥμερος@angnp- καί@cs σύντροφος@angnp- ζῷον@ngnpc λοιπός@anans- δέ@b περί@p ὁ@dgnp ἄγριος@angnp- ζῷον@ngnpc εἶπον@vnaa-- δέω2@namsp εἶδον@vnaa-- ἥμερος@anams- μέν@b καί@b σαίνω@vppaams καί@cs πρόσειμι@vppaams ἀβλαβής@b ἀγαθός@annns- ἄν@b εἰμί@vopa3s καί@cs φέρω@vppanns ὠφέλεια@ngfsc στρατιώτης@ndfsc μέν@b ἀπό@p βασιλεύς@ngmsc ἀθλητής@ndmsc δέ@b ἀπό@p ὁ@dgfs ὁ@dgns σῶμα@ngnsc εὐεξία@ngfsc δημότης@ndmsc δέ@cs ἀπό@p ἄρχω@ngmsc καί@cs δοῦλος@ndmsc ἀπό@p δεσπότης@ngmsc οὗτος@rpdmp γάρ@b ὁ@dnns ζῷον@nnnsc ἔοικα@vira3s διά@p ὁ@dans δυνατός@anans- καί@cs ἰσχυρός@anans- ὅταν@cs δέ@b ἀπειλή@vspa3s ἤ1@cs ἀγριαίνω@vspe3s τις@rpdcs ὁ@dnms λέων@nnmsc φόβος@namsc τε@cs ἐπάγω@vipa3s καί@cs νόσος@nafsc μαντεύομαι@vipe3s ἔοικα@vira3s γάρ@b καί@b ὁ@dnfs νόσος@nnfsc θηρίον@ndnsc καί@cs ὁ@dafp ἀπό@p τοιοῦτος@rpgmp ἀνήρ@ngmpc ἀπειλή@nafpc μαντεύομαι@vipe3s ἤ1@cs ὁ@damp ἀπό@p πῦρ@ngnsc κίνδυνος@nampc σκύμνος@nampc δέ@b λέων@ngmsc εἶδον@vnaa-- ἀγαθός@annns- ἐπίσης@vpaagfs πᾶς@andmp- ὡς@cs δέ@x ἐπί@p ὁ@dans πολύς@anans- καί@b παιδίον@ngnsc γένεσις@nafsc προαγορεύω@vipa3s λέαινα@nnfsp δέ@b ὁ@danp αὐτός@rpanp ὁ@ddms λέων@ndmsc σημαίνω@vipa3s πλήν@cs ἥσσων@ananp- καί@cs ὁ@dafp ὠφέλεια@nafpc σαίνω@vppanfs καί@cs ὁ@dafp βλάβη@nafpc ἀπειλέω@vppanfs καί@cs δάκνω@vppanfs οὐ@b ἀπό@p ἀνήρ@ngmpc ἀλλά@cs ἀπό@p γυνή@ngfpc γίγνομαι@vnam-- μαντεύομαι@vipe3s τηρέω@viaa1s δέ@b πολλάκις@b καί@b ἀνήρ@nampc πλούσιος@anamp- σημαίνω@vppaafs διαβάλλω@vpreamp ἐπί@p κίναιδος@ndfsc πάρδαλις@nnfsp δέ@b καί@cs ἀνήρ@namsc καί@cs γυνή@nafsc σημαίνω@vipa3s πανοῦργος@nampc δέ@b καί@cs κακότροπος@anamp- διά@p ὁ@dans ποικίλος@anans- ὁ@dgns χρῶμα@ngnsc πολλάκις@b δέ@b καί@cs ἀπό@p ἔθνος@ngnpc εἰμί@vppaamp ἐν@p ὅς@rpdnp ὁ@dnmp πολύς@annmps στίζω@vipe3p καί@cs νόσος@nafsc καί@cs φόβος@namsc οὐ@b ὁ@dams τυγχάνω@vpaaams σημαίνω@vipa3s καί@cs περί@p ὄμμα@nanpc κίνδυνος@namsc ἄρκτος@nnmsp δέ@b γυνή@nafsc σημαίνω@vipa3s φημί@vipa3p γάρ@b ἐκ@p καλλιστώ@ngfsp ὁ@dgfs ἀρκαδικός@angfs- μεταβάλλω@vnaa-- ὁ@dans ζῷον@nansc ὁ@dnmp περί@p μεταμόρφωσις@ngfpc μυθολογέω@vpaanmp καί@cs νόσος@nafsc διά@p ὁ@dans θηριώδης@anans- καί@b κίνησις@nafsc καί@cs ἀποδημία@nafsc ἐπεί@cs ὁμώνυμος@annms- εἰμί@vipa3s ὁ@ddns ἀεί@b κινέω@vppedns ἄστρῳον@ndnsc πάλιν@b δέ@b ὁ@dafs ἐπί@p ὁ@dgms αὐτός@rpgms τόπος@ngmsc στροφή@nafsc μαντεύομαι@vipe3s καί@b γάρ@b ὁ@dnns ἄστρον@nnnsc ἀεί@b ἐν@p ὁ@ddns αὐτός@rpdns κινέω@vppenns οὐ@b καταδύω@vipe3s ἐλέφας@nnmsp ἔξω@p μέν@b ἰ@ ""@ ταλία@ngfsc καί@cs ἰνδία@ngfsp ὁράω@vppenms κίνδυνος@namsc καί@cs φόβος@namsc σημαίνω@vipa3s διά@p ὁ@dans χρῶμα@nansc καί@cs διά@p ὁ@dans μέγεθος@nansc φοβερός@annns- γάρ@b ὁ@dnns ζῷον@nnnsc καί@cs μάλιστα@b ὁ@ddmp μή@b ἠθάς@vpradmp αὐτός@rpgms ἐν@p ἰταλία@ndfsp δέ@cs δεσπότης@namsc σημαίνω@vipa3s καί@b βασιλεύς@namsc καί@cs ἀνήρ@namsc μέγας@anamss ὅθεν@b ἐπειδάν@cs βαστάζω@vspa3s ἄφοβος@b πείθω@vppenms ὁ@ddms ἐποχέομαι@vppedms ὁ@dafp ἀπό@p ὁ@dgnp τοιοῦτος@rpgnp εὐεργεσία@nafpc μαντεύομαι@vipe3s ὅταν@cs δέ@b βλάπτω@vspa3s ὁ@dafp ἀπό@p ὁ@dgnp τοιοῦτος@rpgnp βλάβη@nafpc πολλάκις@b δέ@b ἐλέφας@nafpc διώκω@vppanms καί@cs ἀπειλή@vppanms νόσος@nafsc προαγορεύω@vipa3s καί@b καταλαμβάνω@vpaanms μέν@b καί@cs διαχράομαι@vpamnms ὁ@ddms εἶδον@vpaadms θάνατος@namsc σημαίνω@vipa3s μή@b καταλαμβάνω@vpaanms δέ@cs εἰς@p ἔσχατος@anams- κίνδυνος@namsc ἐλαύνω@vpaaams σώζω@vnfp-- καί@b γάρ@b φημί@vipa3p ὁ@dans ζῷον@nansc ἀνάκειμαι@vnpe-- ὁ@ddms πλούτων@ndmsp γυνή@ndfsc δέ@b οὐδαμῶς@b ἀγαθός@annms- εἰμί@vipa3s ὁράω@vppenms οὐ@b τε@cs πρόσειμι1@vppanms οὐ@b τε@cs βαστάζω@vppanms οἶδα@vira1s δέ@b τις@anafs- ἐν@p ἰταλία@ndfsp γυνή@nafsc πάνυ@b πλούσιος@anafs- καί@cs μή@b νοσέω@vppaafs δοκέω@viia3s ἐλέφας@ndmsc ὀχέω@vnpe-- καί@cs οὐ@b εἰς@p μακράν@anafs- ἀποθνῄσκω@viaa3s ὄναγρος@nnmsp δέ@b ἔχθρα@nafsc πρός@p τις@rpams σημαίνω@vipa3s ἀγνώμων@anafs- καί@cs οὐ@b πάνυ@b τις@rpans εὐγενής@anafs- ἔχω@vipa3s γάρ@b τις@rpans ὄνος@ngmsc σύμφυλος@anans- μιμνήσκω@vnre-- δέ@b χρή@vipa3s ὅτι@cs κοινός@anams- ἔχω@vipa3s πᾶς@annnp- ὁ@dnnp ζῷον@nnnpc ὁ@dnnp ἄγριος@annnp- πρός@p ὁ@damp ἐχθρός@anamp- λόγος@namsc ἀεί@b οὖν@b ἀμείνων@annnsc κρατέω@vnpa-- οὗτος@rpgmp ἤ1@cs κρατέω@vnpe-- ὑπό@p αὐτός@rpgmp ὁ@dgmp γάρ@b ἐχθρός@ngmpc περιγίγνομαι@vnfm-- σημαίνω@vipa3s καί@cs ὑπέρτερος@anams- εἰμί@vnfm-- λύκος@nnmsp ἐνιαυτός@namsc σημαίνω@vipa3s διά@p ὁ@dans ὄνομα@nansc λυκάβας@vpaaamp γάρ@b ὁ@dnmp ποιητής@nnmpc ὁ@damp ἐνιαυτός@nampc καλέω@vipa3p ἀπό@p ὁ@dgns περί@p ὁ@danp ζῷον@nanpc οὗτος@ananp- συμβαίνω@vpragns ἀεί@b γάρ@b ἕπομαι@vppeanp ἀλλήλων@rpdmp ἐν@p τάξις@ndfsc δίειμι@vipa3s ποταμός@namsc ὥσπερ@cs ὁ@dnfp ὁ@dgns ἔτος@ngnsc ὥρα@nnfpc ἕπομαι@vppenfp ἀλλήλων@rpdfp τελέω@vipa3p ὁ@dams ἐνιαυτός@namsc καί@b ἐχθρός@namsc δέ@b βίαιος@anams- τις@anams- καί@b ἁρπακτικός@anams- καί@b πάνουργος@anams- καί@cs ἐκ@p ὁ@dgns φανερός@angns- ὁμόσε@b χωρέω@vppaams ἀλώπηξ@nnfsp ὁ@danp μέν@b αὐτός@rpanp ὁ@ddms λύκος@ndmsc σημαίνω@vipa3s διαφέρω@vipa3s δέ@b ἐν@p ὁ@ddns ὁ@damp ἐχθρός@nampc οὐ@b ἐκ@p ὁ@dgns φανερός@angns- ἐπιτίθημι@vpfmamp σημαίνω@vnpa-- ἀλλά@cs λάθρῃ@b ἐπιβουλεύω@vpfaamp ὡς@b δέ@b ἐπί@p ὁ@dans πλεῖστος@ananss γυνή@nafpc σημαίνω@vipa3s ὁ@dafp ἐπιτίθημι@vppeafp πίθηκος@nnmsp δέ@x ἀνήρ@namsc πάνουργος@anams- καί@cs γόης@nanpc σημαίνω@vipa3s κυνοκέφαλος@nnmsp ὁ@danp αὐτός@rpanp ὁ@ddms πίθηκος@ndmsc σημαίνω@vipa3s προστίθημι@vipa3s δέ@b ὁ@ddnp ἀποτέλεσμα@ndnpc καί@b νόσος@nafsc ὡς@cs ἐπί@p ὁ@dans πλεῖστος@ananss ὁ@dafs ἱερός@anafs- καλέω@vppeafs ἀνάκειμαι@vipe3s γάρ@b ὁ@ddfs σελήνη@ndfsp φημί@vipa3p δέ@cs καί@b ὁ@dafs νόσος@nafsc οὗτος@anafs- ὁ@dnmp παλαιός@annmp- ἀνάκειμαι@vnpe-- ὁ@ddfs σελήνη@ndfsp σφίγγς@nafpc δέ@b καί@cs λύγξ@nafpc καί@cs κερκοπιθήκος@nafpc καί@cs εἰ@cs τις@rpnns ἄλλος@rpnns τοιοῦτος@rpnns ζῷον@nnnsc εἰς@p ὁ@dafs αὐτός@rpafs οὗτος@rpdmp ἀνακτέον@annns- μοῖρα@nafsc ὕαινα@nnfsp δέ@b γυνή@nafsc σημαίνω@vipa3s ἀνδρόγυνος@nafsc ἤ1@cs φαρμακίς@nafsc καί@cs ἀνήρ@namsc κίναιδος@namsc οὐ@b εὐγνώμων@anams- σύαγρος@nnmsp χειμών@namsc σημαίνω@vipa3s βίαιος@anams- ὁ@ddmp ὁδεύω@vppadmp ἤ1@cs πλέω@vppadmp καί@cs ὁ@ddmp δικάζω@vppedmp ἐχθρός@anams- δυνατός@anams- ἅμα@b καί@cs ἀγνώμων@anams- καί@cs βίαιος@anams- φωνή@ndfsc μιαρός@vipa3s πολλάκις@b χράω@vpreams γεωργός@andmp- δέ@cs ἀφορία@nafsc διά@p ὁ@dans λυμαίνομαι@vnpe-- ὁ@danp φυτόν@nanpc καί@cs ὁ@ddms γαμέω@vppadms οὐ@b τε@cs εὔνους@anams- οὐ@b τε@cs ἐπιεικής@anafs- ὁ@dafs γυνή@nafsc παρίστημι@vipa3s οὐδείς@rpans δέ@b θαυμαστός@annns- εἰ@cs καί@b σύαγρος@annms- γυνή@nafsc σημαίνω@vipa3s καί@b γάρ@b εἰ@cs κακόζηλος@annns- ἀλλά@b οὖν@b γε@b ἔρομαι@vifm3s εἰς@p ἐπίδειξις@nafsc ὅς@rpafs πολλάκις@b τηρέω@viaa1s κάπρος@nnfsc καλέω@vipe3s ὁ@dnns ζῷον@nnnsc καί@cs εἰκότως@b γυνή@nafsc σημαίνω@vipa3s οὕτως@b γάρ@b λέγω3@vipe3p ὁ@dnfp κατωφερής@anafp- καί@cs ὁ@dans καπρεύς@nnfsc κακοδαίμων@anans- μένανδρος@ngmsp φημί@vipa3s ἔλαφος@nnmsp ἐν@p μέν@b ναῦς@ndfsc ὁ@danp πηδάλιον@nanpc σημαίνω@vipa3s καί@cs τάχος@nansc ὁ@dgfs ναῦς@ngfsc ἐν@p ὁδός@ndmsc δέ@b ὁ@dnns κατά@p ὁ@dafs ὁδός@nafsc καί@cs ὁ@dafs ἀποδημία@nafsc εὐκίνητος@annns- ἤ1@cs πάλιν@b αὖ@b δυσεργής@annns- δείκνυμι@vifa3s δέ@b οὗτος@rpans ὅπως@cs ἄν@b ἔχω@vspa3s διάθεσις@ngfsc ὁ@dnfs ἔλαφος@nnfsc ἐν@p δέ@b ὁ@ddnp λοιπός@andnp- ὁ@damp ἀποδιδράσκω@vppaamp καί@b ὁ@damp ἐν@p δίκη@ndfpc φεύγω@vppaamp καί@cs ὁ@damp καταλείπω@vppaamp ὁ@dafp συνοίκησις@nafpc εὐγνώμων@anamp- μέν@b δειλός@anamp- δέ@cs καί@cs ἄτολμος@anamp- παρίστημι@vipa3p εἰ@cs δέ@b τις@annns- ὁ@dgnp μή@b ἐπιπολάζω@vppagnp ἀλλά@cs σπάνιος@angnp- ἤ1@b ἐν@p διβύω@ndfsp ἤ1@cs παρά@p ὠκεανός@ndmsp γεννάω@vipe3s ζῷον@nnnsc ὅς@rpnns μή@b ἐν@p ὅδε@andms- ὁ@ddms λόγος@ndmsc καταριθμέω@vire3s ἀπό@p ὁ@dgnp ἐρῶ@vpregnp ἐπί@p ὁ@dans ὅμοιος@anans- ἀεί@b καί@cs μή@b πολύς@anans- ὁ@dafs φύσις@nafsc διίστημι@vpranns μετάγω@vppaamp δεῖ@vipa3s ὁ@dafp κρίσις@nafpc ποιέω@vnpe-- οὗτος@rpanp μέν@b οὖν@b περί@p τετράπους@angmp- ἥμερος@ngmpc τε@b καί@cs ἄγριος@angmp- ἱκανός@ananp- νομίζω@vnpa-- χρή@vipa3s καί@b μάλιστα@b γε@b ὁ@dams μή@b πομπή@nafsc λόγος@ngmpc ἀποδέχομαι@vppeams ἀλλά@cs αὐτός@rpans ὁ@dans ἀληθής@ananp- ἐξετάζω@vppaams καί@b ἐκεῖνος@rpnns δέ@b σκοπέω@vnpa-- προσήκω@vipa3s ὅτι@cs ὁ@dnnp ἐκ@p ἥμερος@ngnpc μέν@b ἄγριος@annnp- γίγνομαι@vpamnnp πονηρός@annnp- ἄν@b εἰμί@vopa3s ἐκ@p ἄγριος@angnp- δέ@b ἥμερος@annnp- γίγνομαι@vpamnnp ἀγαθός@annnp- καί@cs ὠφέλιμος@annnp- γίγνομαι@vipe3s μέγας@ananp- δέ@b ἀγαθός@ananp- σημαίνω@vipa3s ὁ@danp καί@b φονή@nafsc ῥήγνυμι@vpaaanp καί@cs φθέγγομαι@vpamnnp ὥσπερ@cs ἄνθρωπος@nnmpc καί@b μάλιστα@b ὅταν@cs τις@rpans εὔφημος@anans- καί@cs ἡδύς@anans- εἶπον@vsaa3s ὅς@rpans τις@anans- δέ@b ἄν@cs εἶπον@vsaa3s πάντως@b ἀληθής@ananp- λέγω3@vipa3s καί@cs χρή@vipa3s πιστεύω@vnpa-- καί@b ἄν@cs μέν@b ἁπλόος@annns- εἰμί@vspa3s ὁ@dnns ἐρῶ@vprenns αὐτόθεν@b προσέχω@vnpa-- ἐάν@cs δέ@b τις@annns- αἴνιγμα@nnnsc πειράω@vnpe-- ἑρμηνεύω@vnpa-- περί@p δέ@b ὁ@dgnp ἄποπτος@ngnpc ἑξῆς@b ποιέω@vifm1s ὁ@dams λόγος@namsc"
"Oneir._2.13","δράκων@namsp βασιλεύς@namsc σημαίνω@vipa3s διά@p ὁ@dans δυνατός@anans- καί@cs χρόνος@namsc διά@p ὁ@dans μῆκος@nansc καί@cs διά@p ὁ@dans ἀποδιδύσσομαι@vnpe-- ὁ@dans γῆρας@nansc καί@cs πάλιν@b νεάζω@vnpa-- ὁ@dans γάρ@b αὐτός@rpnns καί@b ὁ@ddms χρόνος@ndmsc συμβαίνω@vira3s κατά@p ὁ@dafp ὁ@dgns ἔτος@ngnsc ὥρα@nafpc καί@b πλοῦτος1@namsc καί@cs χρῆμα@nanpc διά@p ὁ@dans ἐπί@p θησαυρός@nampc ἱδρύω@vnpe-- καί@cs θεός@nampc πᾶς@anamp- ὅς@rpdmp εἰμί@vipa3s ἱερός@nnmsc εἰμί@vipa3p δέ@x ὅδε@rpnmp ζεύς@nnmsp σαβάζιος@annms- ἥλιος@nnfsp δημήτηρ@nnfsp καί@cs κόρη@nnfsp ἑκάτη@nnfsp ἀσκληπιός@annms- ἥρως@nnmpp ἐπειδάν@cs οὖν@b πρόσειμι1@vspa3s καί@b δίδωμι@vspa3s τις@rpans ἤ1@cs λέγω3@vspa3s καί@cs ὁ@dnns μή@b ἄγριος@annns- διά@p ὁ@dgfs γλῶσσα@ngfsc ἐμφαίνω@vspa3s ἀγαθός@ananp- μέγας@ananp- σημαίνω@vipa3s ἀπό@p ὁ@dgnp ἐρῶ@vpregnp ἤ1@cs διά@p ὁ@damp ἐρῶ@vpreamp ὁ@danp δέ@b ἐναντίος@ananp- πράσσω@vppanms πονηρός@viia2s περιπλάσσω@vpapnms δέ@b καί@cs δέω1@vpaanms τις@rpanp καί@b δεσμός@nanpc προαγορεύω@vipa3s καί@cs ὁ@ddmp νοσέω@vppadmp ὄλεθρος@namsc καί@b σχεδόν@b εἰς@p ὁ@dafs γῆ@nafsc ἄγω@vipa3s γῆ@ngfsc γάρ@b εἰμί@vipa3s καί@b αὐτός@rpnms παῖς@nnmsc καί@cs ὁ@dafp διατριβή@nafpc ἐν@p ὁ@ddfs γῆ@ndfsc ποιέω@vipe3s ὄφις@nnfsp δέ@x νόσος@nafsc σημαίνω@vipa3s καί@cs ἐχθρός@anams- ὅπως@cs δέ@b ἄν@b διατίθημι@vsaa3s τις@rpanp οὕτως@b καί@b ὁ@dnfs νόσος@nnfsc καί@cs ὁ@dnms ἐχθρός@annms- ὁ@dams εἶδον@vpaaams διατίθημι@vsaa3p ἀσπίς@nnfpp καί@cs ἔχιδνα@nnfpc ἀργύριον@nansc σημαίνω@vipa3p διά@p ὁ@dams πολύς@anams- ἰός@namsc καί@cs γυνή@nafpc πλούσιος@anafp- διά@p ὁ@dams αὐτός@anams- λόγος@namsc οὗτος@annfp- δέ@b καί@b δάκνω@vppanfp ἀγαθός@annfp- παρά@p γε@b ἐγώ@rpdcs τηρέω@vire3p καί@cs πρόσειμι1@vppanfp καί@cs περιπλέκω@vppenfp οἷος@rpans δέ@b ἄν@b θηρίον@nansc ἑρπετόν@nansc γυνή@nnfsc ἐν@p ὁ@ddms κόλπος@ndmsc ἔχω@vppanfs κρύπτω@vspa3s καί@cs ἐπί@p αὐτός@rpdns τέρπω@vspe3s μοιχεύω@vipe3s ὡς@b ἐπί@p ὁ@dans πολύς@anans- ὑπό@p ὁ@dgms ἐχθρός@angms- ὁ@dgms εἶδον@vpaagms ἐάν@cs δέ@b φοβέω@vspe3s ἤ1@cs ἀνιάω@vspe3s νοσέω@vifa3s καί@cs ἐάν@cs ἐν@p γαστήρ@ndfsc ἔχω@vspa3s φθείρω@vifa3s καί@cs οὐ@b διασῴζω@vifa3s ὁ@dnns ἔμβρυον@nnnsc ὕδρος@annmp- ὁ@danp μέν@b αὐτός@ananp- ὁ@ddns ὄφις@ndnsc σημαίνω@vipa3p καί@b ὁ@dafs νόσος@nafsc ἐκ@p ὑγρός@angnp- ἤ1@cs ἐν@p ὕδωρ@ndnsc ὁ@dams κίνδυνος@namsc ποιέω@vipa3p καί@cs ὁ@damp ἐχθρός@nampc σημαίνω@vipa3p ἐκ@p ὕδωρ@ngnsc ἤ1@cs διά@p ὕδωρ@ngnsc ἔχω@vnpa-- ὁ@dafs ἐργασία@nafsc δρύινος@nnfpc δέ@b καί@b παρεῖαι@annfp- καί@cs φύσαλος@nnmpc πονηρός@annmp- πᾶς@annmp- καί@cs ὁ@dafp ἀδικία@nafpc ἐκ@p τις@rpgmp σημαίνω@vipa3p οὐ@b ἀστικός@angmp- οὐ@b δέ@cs ἐν@p πόλις@ndfsc διατρίβω@vppagmp σήψ@b δέ@b καί@b διψάω@nafpc καί@b δίφας@nafpc καί@b ὁ@dnms καλέω@vppenms χαμαιλέων@ngmpc καί@cs ὅσος@ananp- ἄλλος@rpanp νίκανδρος@nnmsp καταριθμέω@viaa3s πονηρός@ananp- οὐ@b τε@b ὁράω@vppennp οὐ@b τε@cs ὁμόσε@b χωρέω@vppaanp ἀγαθός@anans- τις@rpans σημαίνω@vipa3s ἀλλά@cs κίνδυνος@nampc οὐ@b ὁ@damp τυγχάνω@vpaaamp ἐπάγω@vipa3s φαλάγγιον@nnnpc δέ@b καί@cs σκορπίος@nnmpc καί@cs σκολόπενδρα@annfp- πονηρός@anamp- σημαίνω@vipa3p ἄνθρωπος@nampc"
"Oneir._2.14","σαγήνη@nnfsp καί@b γρῖπος@nnmsc καί@b ἀμφίβληστρον@nnnsc καί@cs ὅσος@annnp- ἄλλος@rpnnp ἐκ@p λίνος@vppanms πλέκω@vire3s ἐπιτήδειος@annnp- πρός@p ἁλιεία@nafsc ὁ@danp αὐτός@rpanp ὁ@ddmp λίνος@ndmpc ὁ@ddmp κυνηγετικός@andmp- περί@p ὅς@rpgnp ἔμπροσθεν@b ἐπιμιμνήσκομαι@viap1s σημαίνω@vipa3s ὁρμιά@annfp- δέ@b καί@b ἄγκιστρον@nnnpc καί@b καθετήρ@nnmpc καί@cs ὁ@dnmp λέγω3@vppenmp δόλων@nnmpc δόλος@nampc καί@cs ἐνέδρα@nafpc σημαίνω@vipa3p ἀεί@b δέ@b ἀμείνων@annnsc αὐτός@rpams οὗτος@rpanp ἔχω@vnpa-- δοκέω@vnpa-- ἄλλος@rpams ἔχω@vppaams εἶδον@vnaa-- λαμβάνω@vnpa-- δέ@b ἰχθύς@nampc πολύς@anamp- ἅμα@b καί@cs μέγας@anamp- ἀγαθός@annns- καί@cs κερδοφόρος@anams- πᾶς@andmp- πλήν@p ὁ@dgmp ἐπιδίφριος@anafs- ὁ@dafs ἐργασία@nafsc ἔχω@vppagmp καί@cs σοφιστής@ngmpc ὁ@ddmp μέν@b γάρ@b σχολή@nafsc σημαίνω@vipa3s ὁ@dnns ὄναρ@nnnsc διά@p ὁ@dans μή@b δύναμαι@vnpe-- καί@b πρός@p ἔργον@ndnsc ὁ@ddns συνήθης@andns- εἰμί@vnpa-- καί@cs ἁλιεύω@vnpa-- ὁ@ddmp δέ@cs οὐ@b φημί@vipa3s ἐπιτήδειος@angmp- τυγχάνω@vnfm-- ὁ@dgmp ἀκροατής@ngmpc ἄφωνος@annns- γάρ@b ὁ@dnms ἰχθύς@nnmsc μικρός@annmp- δέ@b ἰχθύς@nnmpc λαμβάνω@vppenmp ἀηδία@nafsc σημαίνω@vipa3p καί@cs οὐδαμῶς@b κέρδος@nansc ὅς@rpafs ἐν@p ὁ@ddms περί@p τροφή@ngfsc λόγος@ndmsc ἐν@p ὁ@ddns πρῶτος@andns- βιβλίον@ndnsc ἐπιμιμνήσκομαι@viap1s οἷος@rpans χαλκίς@annfp- τριχίαι@nnfpc μαινίς@nnfpc ψηστός@annfp- ἀφύη@annfp- ἤδη@b δέ@b τις@rpans καί@b κατά@p εἶδος@nansc ὁ@dnmp ἰχθύς@nnmpc διάφορος@anans- σημαίνω@vipa3p ἔχω@vipa3s δέ@b ἕκαστος@annnp- οὕτως@b ὅσος@rpnmp ὁ@dgmp ἰχθύς@ngmpc εἰμί@vipa3p ποικίλος@annmp- ὁ@ddmp μέν@b νοσέω@vppadmp φαρμακία@nafpc ὁ@ddmp δέ@b ἐρρωμένος@vppedmp δόλος@nampc καί@cs ἐπιβουλή@nafpc σημαίνω@vipa3p οἷος@rpans κίχλη@nnfsc φυκίς@nnfsc χάννος@nnfsc ἰουλίς@nnfsc στρωματεύς@nnmsc καί@cs ὁ@dnnp ὅμοιος@annnp- ὅσος@annmp- δέ@b ὁ@dgmp ἰχθύς@ngmpc εἰμί@vipa3p πυρρός@annmp- δοῦλος@ndmpc μέν@b καί@cs κακοῦργος@andmp- βάσανος@nafpc σημαίνω@vipa3p νοσέω@vipa3p δέ@b πυρετός@nansc λάβρος@anams- καί@cs φλεγμονή@anafp- ὁ@ddmp δέ@cs λανθάνω@vnpa-- πειράω@vppedmp ἔλεγχος2@namsc ἐπάγω@vipa3p οἷος@anans- σύνοδος2@ngfsc ἐρυθῖνος@annfs- κόκκυξ@nnfsc τρίγλη@nnfsc οὗτος@rpnfs δέ@b γυνή@ndfpc ἄτεκνος@andfp- εἰμί@vipa3s ἀγαθός@annfs- τρίς@b γάρ@b κυέω@vipa3s ὅθεν@b αὐτός@rpdfs καί@b ὁ@dans ὄνομα@nansc εἰκότως@b φημί@vipa3p κεῖμαι@vnpe-- καί@b ἀριστοτέλης@nnmsp ἐν@p ὁ@ddnp περί@p ζῷον@ngnpc καί@cs ἀριστοφάνης@nnmsp ἐν@p ὁ@ddnp εἰς@p ἀριστοτέλης@namsp ὑπόμνημα@ndnpc ὅσος@rpnmp δέ@b ὁ@dgmp ἰχθύς@ngmpc ἀποδιδύσκω@vipe3p ὁ@dans γῆρας@nansc ἀγαθός@annmp- ὁ@ddmp νοσέω@vppadmp καί@cs ὁ@ddmp ἐν@p εἱρκτή@ndfsc εἰμί@vppadmp καί@cs πένης@ndmpc καί@cs πᾶς@andmp- ὁ@ddmp ἐν@p τις@rpd-s περίστασις@ndfsc εἰμί@vppadmp ἀπωθέω@vifm3p γάρ@b ὁ@danp περικέω@vpreanp φαῦλος@ananp- ἀποδιδύσκω@vipe3p γάρ@b ὁ@dans γῆρας@nansc ὁ@dgmp ἰχθύς@ngmpc ὁ@dnmp μαλακόστρακος@annmp- οἷος@rpans καρίς@nnfsc κάραβος@nnmsc καρκίνος@nnmsc ἀστακός@annms- πάγουρος@nnmsc καί@cs ὁ@dnfs λέγω3@vppenfs γραῦς@nnfsc καί@cs ὅσος@annnp- ἄλλος@rpnnp εἰμί@vipa3s ὅμοιος@annnp- οὗτος@rpanp δέ@b καί@b πληγή@nafpc πολλάκις@b προμαντεύομαι@viam3s διά@p ὁ@dans ἑαυτοῦ@rpanp παίω@vnpa-- καί@cs ἀποδημία@nafpc ὅτι@cs εἰμί@vipa3s ἀμφίβιος@annnp- ὅσος@annmp- δέ@b ὁ@dgmp ἰχθύς@ngmpc ἐκταράσσω@vipa3p ὁ@dafs κοιλία@nafsc ἐγώ@rpgmp καί@cs ἀποδοκιμάζω@vipa3p ὁ@danp σκύβαλον@nanpc ὁ@dans αὐτός@rpanp ὁ@ddmp λάχανον@ndnpc σημαίνω@vipa3p καί@cs ὁ@dafs αὐτός@anafs- ὁ@ddmp ἄνθρωπος@ndmpc παρέχω@vipa3p χρεία@nafsc περί@p ὅς@rpgnp ἐν@p ὁ@ddms περί@p τροφή@ngfsc λόγος@ndmsc ἐρῶ@vira1s λύω@vipa3s δέ@b ὁ@dafs γαστήρ@nafsc λαμβάνω@vppennp πᾶς@annnp- ὁ@dnnp ὀστρακόδερμος@nnnpc οἷος@rpans πορφύρα@annfs- κῆρυξ@nnmsc ὄστρεον@annns- στρόμβος@nnmsc ἐχῖνος@annms- μῦς@nnmsc πελωρίς@nnfsc χῆμη@nnfsc κτένες@nnfpc καί@cs εἰ@cs τις@rpnns ἄλλος@rpnns τοιοῦτος@rpnns πίνω@nnnpc δέ@b καί@cs ὁ@dnms λέγω3@vppenms πινοφύλαξ@nnmsc καρκίνος@nnmsc πρός@p γάμος@namsc καί@cs κοινωνία@nafsc εἰμί@vipa3p ἀγαθός@annmp- διά@p ὁ@dafs πρός@p ἀλλήλων@rpamp κοινωνία@nafsc καί@cs εὔνοια@nafsc ὁ@dnmp δέ@b μαλακός@annmp- ὁ@dgmp ἰχθύς@ngmpc μόνος@andmp- ὁ@ddmp πανοῦργος@andmp- συμφέρω@vipa3p καί@cs γάρ@b αὐτός@rpnmp μεταβάλλω@vppanmp ὁ@danp χρῶμα@nanpc καί@cs ὁμοιόω@vppenmp ὁ@ddmp τόπος@ndmpc ἐν@p ὅς@rpdmp ἄν@b γίγνομαι@vsam3p λανθάνω@vipa3p ὁ@ddmp δέ@b λοιπός@andmp- ἐμπόδιος@nanpc καί@cs κατοχή@nafpc σημαίνω@vipa3p διά@p ὁ@dans καθεκτικός@anans- καί@cs ἐξώδης@anans- καί@cs ἐν@p ὁ@ddfp πρᾶξις@ndfpc ἀτονία@nafpc πολύς@anafp- προαγορεύω@vipa3p διά@p ὁ@dans μή@b ὀστέον@nanpc ἔχω@vnpa-- ἰσχύς@nnfsc γάρ@x σῶμα@ngnsc ὀστέον@annns- εἰμί@vipa3p δέ@x ὅδε@rpnmp πολύπους@annms- τευθίς@nnfsc ἀκαλήφη@annfs- ναύπλιος@annfs- ἑλεδώνη@nnfsc πορφυρίων@angmp- σηπία@annfs- οὗτος@rpnfs δέ@b μόνος@annfs- καί@b ὁ@damp ἀποδιδράσκω@vnaa-- πειράω@vppeamp ὠφελέω@vipa3s διά@p ὁ@dams θολός@namsc ὅς@rpdms χράω@vppenfs πολλάκις@b φεύγω@vipa3s μιμνήσκω@vire3s δέ@b οὗτος@angms- ὁ@dgms ὄνειρος@ngmsc καί@b ἀντιφῶν@nnmsp ὁ@dnms ἀθηναῖος@annms- ὅσος@annmp- δέ@b ὁ@dgmp ἰχθύς@ngmpc εἰμί@vipa3p σελάχιος@annmp- ὁ@dnmp μέν@b μακρός@annmp- πᾶς@annmp- ματαιοπονία@nafsc σημαίνω@vipa3p καί@cs ὁ@danp ἐλπίζω@vppeanp οὐ@b τελειόω@vipa3p ἐπεί@cs διολισθάνω@vipa3p ὁ@dgfp χείρ@ngfpc καί@cs λεπίς@nafpc οὐ@b ἔχω@vipa3p ὅς@rpnfp ὁ@ddns σῶμα@ndnsc περίκειμαι@vipe3p ὥσπερ@cs ἄνθρωπος@ndmpc ὁ@dnnp χρῆμα@nnnpc εἰμί@vipa3p δέ@x ὅδε@rpnmp σμύραινα@annfs- ἔγχελυς@nnfsc γόγγρος@nnmsc ὁ@dnmp δέ@b πλατύς@anamp- κίνδυνος@nampc σημαίνω@vipa3p διά@p ὁ@dans θηριώδης@anans- καί@cs ἐπιβουλή@nafpc οἷος@rpans τρυγών@vpaanms νάρκη@nnfsc βοῦς@nampc καί@cs ὁ@dnms λέγω3@vppenms ἀετός@nnmsc καί@cs γαλεός@nnmsc καί@cs ῥίνη@nnfsc καί@cs εἰ@cs τις@rpnns ἄλλος@rpnns οὗτος@rpdnp ὅμοιος@annns- ὅσος@annmp- δέ@b ὁ@dgmp ἰχθύς@ngmpc ὅμοιος@annmp- μέν@b εἰμί@vipa3p λεπιδωτός@andmp- οὐ@b ἔχω@vipa3p δέ@b λεπίς@nafpc διολιαθέω@vnaa-- ὁ@dafp ἐλπίς@nafpc ὁ@dgms εἶδον@vpaagms σημαίνω@vipa3p οἷος@rpans θύννος@nnmsc καί@cs ὁ@danp εἶδος@nanpc αὐτός@rpgms πρημάς@nnfsc πηλαμύς@nnfsc σῖμος@nnmsc σφῦρα@annfs- κολία@ngfsc καί@cs ὁ@dnnp ὅμοιος@annnp- μόρμυρος@annmp- δέ@b καί@b μελάνουρος@annmp- καί@b σκορπίος@annmp- καί@cs κωβιός@annmp- περιπίπτω@vnaa-- σημαίνω@vipa3p πανοῦργος@andmp- καί@cs ἀηδής@andmp- ἄνθρωπος@ndmpc κορακῖνος@annmp- δέ@cs καί@cs βλέννος@nnmpc πονηρός@andmp- καί@cs ἀνωφελής@andmp- ἰχθύς@nnmpc δέ@b ὁ@dnmp λιμναῖος@annmp- ἀγαθός@annmp- μέν@b ἥσσων@anansc δέ@b καί@b γάρ@b ἥσσων@anansc ὁ@dgmp θαλάσσιος@angmp- εἰμί@vipa3p πολυτελής@annmp- καί@cs τρέφω@vipa3p οὐ@b ὅμοιος@b"
"Oneir._2.15","βάτραχος@nnmpp δέ@b ἀνήρ@nampc γόης@nampc καί@cs βωμολόχος@nampc προαγορεύω@vipa3p ὁ@ddmp δέ@cs ἐκ@p ὄχλος@ngmsc πορίζω@vppedmp εἰμί@vipa3p ἀγαθός@annmp- οἶδα@vira1s δέ@b τις@anams- οἰκέτης@namsc ὅς@rpnms δοκέω@viaa3s βάτραχος@ndmpc κόνδυλος@anamp- ἐπισκώπτω@vnpa-- καί@cs προίστημι@viaa3s ὁ@dgfs ὁ@dgms δεσπότης@ngmsc οἰκία@ngfsc ἄρχων@vppanms ὁ@dgmp ἐν@p ὁ@ddfs οἰκία@ndfsc ἄνθρωπος@ngmpc ὁ@dnfs μέν@b γάρ@b λίμνη@nnfsc ὁ@dafs οἰκία@nafsc σημαίνω@viia3s ὁ@dnmp δέ@b βάτραχος@nnmpc ὁ@damp ἔνδον@b ἄνθρωπος@nampc ὁ@dnms κονδυλισμός@nnmsc δέ@cs ὁ@dafs ἐπιταγή@nafsc"
"Oneir._2.16","θηρίον@nansp θαλάσσιος@anans- ἐν@p θάλασσα@ndfsc εἶδον@vnaa-- οὐδείς@andms- συμφέρω@vipa3s πλήν@p δελφίς@ngfsc οὗτος@annms- γάρ@x ἐν@p θάλασσα@ndfsc ὁράω@vppenms ἀγαθός@annms- καί@cs ὅπου@b ἐπέρχομαι@vipe3s ἐκεῖθεν@b πνέω@vpfmams ἄνεμος@namsc σημαίνω@vipa3s ἔξω@p δέ@b θάλασσα@ngfsc καί@cs ὁ@dgns ὑγρός@angns- πᾶς@anans- θηρίον@nnnsc θαλάσσιος@annns- ὁράω@vpapnns ἀγαθός@anans- οὐ@b γάρ@b ἔτι@b κακόω@vnaa-- δύναμαι@vipe3s ὅπου@b γε@b μη@b δέ@cs ἑαυτοῦ@rpans σώζω@vnaa-- ἀσπαίρω@vppanns καί@cs δυσθανατόω@vppanns διό@b καί@b ὁ@damp ἐχθρός@anamp- πρός@p ὁ@ddns μηδείς@rpans ἰσχύω@vnaa-- κακός@anamp- κακός@b ἀπόλλυμι@vnam-- σημαίνω@vipa3s δελφίς@b δέ@b ἔξω@p θάλασσα@ngfsc ὁράω@vppenms οὐ@b ἀγαθός@annms- ὁ@dgnp γάρ@b φίλτατος@angnps τις@rpanp ἐφοράω@vnaa-- ἀποθνήσκω@viam3p σημαίνω@vipa3s"
"Oneir._2.17","λάρος@nnmpp καί@b αἴθυια@nnfpc καί@cs ὅσος@annnp- εἰμί@vipa3s ἄλλος@annnp- ὄρνεον@nnnpc θαλάσσιος@annnp- ὁ@damp πλέω@vppaamp εἰς@p ἔσχατος@anams- κατάγω@vipa3p κίνδυνος@namsc ἀλλά@cs οὐ@b ἀπολύω@vipa3p καταδύω@vipe3s μέν@b γάρ@b οὗτος@rpnnp πᾶς@annnp- ἀλλά@cs οὐ@b ἀποπνίγω@vipe3s ὁ@ddfs θάλασσα@ndfsc ὁ@ddmp δέ@b ἄλλος@rpdmp ἄνθρωπος@ndmpc ἤτοι@cs ἑταίρα@nafpc σημαίνω@vipa3s καί@cs μάχιμος@anafp- γυνή@nafpc ἤ1@cs ἀνήρ@nampc γόης@nampc ἁρπακτικός@anamp- τε@b καί@cs ἀγνώμων@anamp- καί@cs ἐκ@p ὕδωρ@ngnsc ἤ1@cs διά@p ὕδωρ@ngnsc ἔχω@vppaamp ὁ@dafs ἐργασία@nafsc ὁ@danp δέ@b ἀπόλλυμι@vpreanp οὐ@b φημί@vipa3p εὑρίσκω@vnfp-- ὅς@rpans τις@anans- γάρ@b ἄν@b λαμβάνω@vsaa3p οὗτος@rpans καταπίνω@vipa3p"
"Oneir._2.18","ἰχθύς@nampp νεκρός@anamp- ἐν@p θάλασσα@ndfsc εὑρίσκω@vnaa-- οὐ@b ἀγαθός@annns- μάταιος@anafp- γάρ@b ἐλπίς@nafpc σημαίνω@vipa3p καί@cs ὁ@danp προσδοκάω@vppeanp οὐ@b ἐάω@vipa3p τελέω@vnap-- ζάω@vppaamp δέ@b ἰχθύς@nampc ἀμείνων@anansc λαμβάνω@vnpa-- περί@p δέ@b ὁ@dgfs σκευασία@ngfsc αὐτός@rpgnp καί@cs ὁ@dgfs ἀρτύω@ngfsc ὁ@dafp κρίσις@nafpc ἀπό@p ὁ@dgfs ὁ@dgnp κρέας@ngnpc ἀρτύω@ngfsc ποιέω@vnpe-- χρή@vipa3s ἔτι@b καί@b ὁ@dans δοκέω@vnpa-- ἰχθύς@namsc ἐν@p ὁ@ddfs κοίτη@ndfsc εἶδον@vnaa-- πονηρός@annns- ὁ@ddms πλέω@vppadms καί@cs ὁ@ddms νοσέω@vppadms ὁ@ddms μέν@b γάρ@b ναυάγιον@nansc ὁ@ddms δέ@b κίνδυνος@namsc ἐκ@p ὑγρός@angmp- ἤ1@cs διά@p ὑγρός@angmp- σημαίνω@vipa3s καί@b ἐάν@cs γυνή@nnfsc ἐν@p γαστήρ@ndfsc ἔχω@vppanfs ἰχθύς@namsc ὑπολαμβάνω@vsaa3s τίκτω@vnaa-- ὡς@cs μέν@b ὁ@dnmp παλαιός@annmp- λέγω3@vipa3p ἄφωνος@anans- γεννάω@vifa3s ὡς@cs δέ@cs ἐγώ@rpnms τηρέω@viaa1s ὀλιγοχρόνιος@anams- πολύς@annfp- δέ@b καί@b νεκρός@ananp- τίκτω@viaa3p ἔξω@b γάρ@b ὁ@dgms περιέχω@vppagms γίγνομαι@vpamnms πᾶς@annms- ἰχθύς@b ἀποθνήσκω@vipa3s"
"Oneir._2.19","κάλαμος@nnmpp ἰξευτικός@annmp- καί@cs ἰξός@vpranns ὁ@damp ἀπόδημος@anamp- ἐπανάγω@vipa3p καί@b ὁ@damp δραπέτης@nampc εὑρίσκω@vipa3p καί@b ὁ@danp ἀπόλλυμι@vpraanp σώζω@vipa3p καί@cs ὁ@danp προσδοκάω@vppeanp τελειόω@vipa3p ἀλλά@cs οὐ@b πᾶς@ananp- ὁ@danp μέν@b γάρ@b μακρόθεν@b καί@cs διίστημι@vpraanp πρός@p ὁ@dams χράομαι@vppeams ἄγω@vipa3p οὗτος@rpnns εἰμί@vipa3s πρός@p ὁ@dams ἰξεύω@vppaams ἔνιοι@annnp- δέ@b ὁ@damp κάλαμος@nampc καί@cs διαφεύγω@vipa3s ὁ@dnfp δέ@b λέγω3@vppenfp νεφέλη@nnfpc καί@cs ὅσος@annnp- ἄλλος@rpnnp πλεκτός@annnp- εἰμί@vipa3s πρός@p θήρα@nafsc ὄρνεον@ngnpc ποιέω@vprennp ὁ@dams αὐτός@anams- ἔχω@vipa3s λόγος@namsc ὁ@ddfp σαγήνη@ndfpc καί@cs ὁ@ddnp δίκτυον@ndnpc ἑξῆς@b δέ@b ἀκολουθέω@vipa3s ὁ@ddms λόγος@ndmsc οὗτος@andms- περί@p ζῷον@ngnpc ἀεροπόρων@angnp- εἶπον@vnaa--"
"Oneir._2.20","ὄρνις@nnmpp ἱερός@annmp- πλούσιος@andmp- μᾶλλον@b ἤ1@cs πένης@ndmpc σύμφορος@annmp- ὁ@dnmp δέ@x μικρός@annmp- ὁ@ddnp πένης@ndnpc εἰμί@vipa3p σύμφορος@annmps ὁ@dnmp μέν@b γάρ@b μέγας@annmp- διά@p ὁ@dans μή@b λιτή@ndfpc χράω@vnpe-- τροφή@ndfpc εἰμί@vipa3s ὅτε@cs μέγας@angnp- ἐφίημι@vppenmp καί@cs ὁ@dans προστυγχάνω@vpaaans οὐ@b ἀγαπάω@vppanmp λιμώσσω@vipa3p ὁ@dnmp δέ@cs μικρός@annmp- καί@cs σπερμολόγος@annmp- εὐπόριστος@anafs- ἔχω@vppanmp τροφή@nafsc οὐ@b εἰμί@vipa3s ὅτε@cs ἐνδεής@annmp- εἰμί@vipa3p ἤδη@b δέ@b καί@b κατά@p εἶδος@nansc αὐτός@rpgnp ἐπιμιμνήσκομαι@vnap-- καλός@b ἔχω@vppanns εἰμί@vnpa-- ἐγώ@rpdms δοκέω@vipa3s ἀετός@namsp εἶδον@vnaa-- ἐπί@p πέτρα@nanpc κατάἕζομαι@vppeams ἤ1@cs ἐπί@p δένδρον@ndnsc ἐπί@p ὑψηλός@andmss τόπος@ndmsc ἀγαθός@anams- ὁ@ddmp ἐπί@p πρᾶξις@nafsc ὁρμάω@vppadmp φοβέω@vppedmp δέ@b πονηρός@anams- ἵπταμαι@vppeams δέ@b ἡσυχῆ@anams- καί@cs ἀτάραχος@anams- εἶδον@vnaa-- ὅμοιος@b ἀγαθός@annns- ἀνήρ@ndmsc βραδύς@anams- δέ@cs φιλέω@vipa3s ἀποβαίνω@vnpa-- ἀετός@nnmsc ἐπίκαθέζομαι@vpapnms ὁ@ddfs κεφαλή@ndfsc ὁ@dgms εἶδον@vpaagms θάνατος@namsc αὐτός@rpdms μαντεύομαι@vipe3s ὅς@rpans τις@anans- γάρ@b ἄν@b ὑπό@p ὁ@ddmp ὄνυξ@ndmpc λαμβάνω@vsaa3s θανατόω@vmam2s ὀχέω@vnpe-- δέ@b ἀετός@ndmsc βασιλεύς@ndmpc μέν@b καί@b ἀνήρ@ndmpc πλούσιος@andmp- καί@cs σύμβουλος@vppadmp ὄλεθρος@namsc μαντεύομαι@vipe3s ἔθος@nnnsc γάρ@b τις@rpnns παλαιός@annns- ὁ@damp ἀποθνήσκω@vpaaamp ὁ@damp γε@b τοιοῦτος@rpamp γράφω@vnpa-- τε@b καί@b πλάσσω@vnpa-- ἐπί@p ἀετός@ngmpc ὀχέω@vppeamp καί@cs διά@p ὁ@dgnp τοιοῦτος@rpgnp δημιούργημα@ngnpc τιμάω@vnpa-- πένης@ndmpc δέ@b ἀγαθός@anans- ἀναλαμβάνω@vpapnmp γάρ@b ὑπό@p τις@rpgcp πλούσιος@angmp- ὠφελέω@vifp3p οὐ@b μικρός@ananp- ὡς@cs ἐπί@p ὁ@dans πολύς@anans- ἀποδημέω@vpaanmp ἀετός@nnmsc ἀπειλή@vppanms ἀνήρ@ngmsc δυνατός@angms- ἀπειλή@nafsc προσημαίνει@vipa3s τιθασός@vppanms δέ@cs καί@b πρόσειμι1@vppanms καί@b δίδωμι@vppanms τις@rpans καί@cs φθέγγομαι@vppenms ὁ@ddfs ἑαυτοῦ@rpgms φωνή@ndfsc ἀγαθός@annms- εἰμί@vnpa-- τηρέω@vire3s γυνή@nnfsc δέ@b ἐάν@cs ὑπολαμβάνω@vsaa3s ἀετός@namsc τίκτω@vnaa-- υἱός@namsc γεννάω@vifa3s ὅς@rpnms ἐάν@cs μέν@b εἰμί@vspa3s πένης@nnmsc στρατεύω@vifm3s καί@cs στρατόπεδον@ngnsc ἄρχω@vifa3s καί@b γάρ@b στρατόπεδον@ngnsc πᾶς@angns- πρόειμι2@vipa3s ὁ@dnms ἀετός@nnmsc ἐάν@cs δέ@cs μέτριος@annms- εἰμί@vspa3s ἀθλέω@vifa3s καί@cs γνώριμος@annms- εἰμί@vifm3s εἰμί@vppanns δέ@cs πλούσιος@annms- ἄρχω@vifa3s πολύς@angnp- ἤ1@cs καί@b βασιλεύω@vifa3s ἀετός@namsc νεκρός@anams- εἶδον@vnaa-- δοῦλος@ndmsc μόνος@andms- συμφέρω@vipa3s καί@cs ὁ@ddms φοβέω@vppedms τις@rpams ὁ@ddms γάρ@b ἀπειλέω@vppadms καί@cs ὁ@ddms δεσπότης@ndmsc θάνατος@namsc μαντεύομαι@vipe3s ὁ@ddmp δέ@cs λοιπός@andmp- ἀπραξία@nafsc σημαίνω@vipa3s σημαίνω@vipa3s δέ@b ὁ@dnms ἀετός@nnmsc καί@cs ὁ@dams ἐνίστημι@vpraams ἐνιαυτός@namsc εἰμί@vipa3s γάρ@b ὁ@dnns ὄνομα@nnnsc αὐτός@rpgms γράφω@vpapnns οὐδείς@rpnns ἄλλος@rpnns πρῶτος@anans- ἔτος@nnnsc πρός@p δέ@b ὁ@dafs διαφορά@nafsc ὁ@dafs ὁ@dgmp ἀετός@ngmpc διάφορος@ananp- νομίζω@vnpa-- χρή@vipa3s καί@cs ὁ@danp ἀποτέλεσμα@nanpc γίγνομαι@vnpe-- ἅρπη@nnfsp γυνή@nafsc σημαίνω@vipa3s βασιλικός@anafs- καί@cs πλούσιος@anafs- μέγας@anans- δέ@b ἐπί@p κάλλος@ndnsc φρονέω@vppaafs καί@b εὐγνώμων@anafs- καί@cs ὁ@ddnp ἦθος@ndnpc εὖ@b χράω2@vpreafs αἰγυπιός@nnmsp δέ@b ὁ@dans αὐτός@rpanp ὁ@ddms ἀετός@ndmsc σημαίνω@vipa3s γύψ@nnmpp δέ@b κεραμεύς@vira3p καί@cs βυρσοδέψης@ndmpc ἀγαθός@annmp- διά@p ὁ@dans ὁ@dgfs πόλις@ngfsc ἀποικίζω@vnre-- καί@cs ὁ@dans νεκρός@ngmpc ἅπτω@vnpe-- σῶμα@ngnpc ἰατρός@ndmpc δέ@x καί@cs ὁ@ddmp νοσέω@vppadmp πονηρός@annmp- νεκρός@andnp- γάρ@x χαίρω@vipa3p σῶμα@ndnpc σημαίνω@vipa3p δέ@b καί@b ἐχθρός@anamp- ἐναγής@anamp- καί@b μιαρός@anamp- καί@cs οἰκέω@vppaamp οὐ@b ἐν@p πόλις@ndfsc καί@b πρός@p ὁ@danp ἄλλος@rpanp δέ@b πᾶς@ananp- εἰμί@vipa3p πονηρός@annmp- ἱέραξ@nnmsp δέ@x καί@cs ἰκτῖνος@nnmsc ἅρπαξ@nampc καί@cs ληιστής@nampc σημαίνω@vipa3p ἱέραξ@nnmsc μέν@x φανερός@anamp- καί@cs ὁμόσε@b χωρέω@vppaamp ἰκτῖνος@nnmsc δέ@x λάθρῃ@b ἐπιτίθημι@vppeamp κόραξ@nnmsp δέ@b μοιχός@ndmsc καί@cs κλέπτης@ndmsc προσεικάζω@vope3s ἄν@b καί@b διά@p ὁ@dans χρῶμα@nansc καί@cs διά@p ὁ@dans πολλάκις@b ἀλλάσσω@vnpa-- ὁ@dafs φωνή@nafsc κορώνη@nnfsp χρόνος@namsc τε@b πολύς@anams- καί@b παρολκή@nafsc ὁ@dgnp πρᾶγμα@ngnpc καί@cs γραῖα@nafsc διά@p ὁ@danp ἔτος@nanpc καί@cs χειμών@namsc δηλόω@vipa3s διά@p ὁ@dans χειμών@ngmsc εἰμί@vnpa-- ἄγγελος@namsc ψάρ@nnmpp ὄχλος@namsc σημαίνω@vipa3p καί@b ἀνήρ@nampc πένης@nampc καί@cs ταραχή@nafsc μάταιος@anafs- καί@b ὁ@dnmp κολοιός@nnmpc δέ@b ὁ@danp αὐτός@rpanp ὁ@ddmp ψάρος@ndmpc φημί@nnfpp καί@cs περιστερά@annfp- γυνή@nafpc σημαίνω@vipa3p φημί@nnfpc μέν@b πάντως@b πορνικός@nafpc περιστερά@annfp- δέ@cs εἰμί@vipa3s ὅτε@cs οἰκοδεσπόνια@ngfsc καί@cs κόσμιος@ngfsc εἰμί@vipa3s δέ@b καί@b ἀπό@p πολύς@angnp- εἷς@ γυνή@nafsc τεκμαίρομαι@vnam-- καί@cs ἀπό@p εἷς@ πολύς@anafp- σημαίνω@vipa3p δέ@b ὁ@dnfp περιστερά@annfp- καί@b ὁ@dafs ἐν@p ὁ@ddnp πράσσω@vppednp ἐπαφρόδιτος@nafsc διά@p ὁ@dans ἀνάκειμαι@vnpe-- ὁ@ddfs ἀφροδίτη@ndfsp καί@cs πρός@p φιλία@nafpc δέ@cs καί@b κοινωνία@nafpc καί@cs συναλλαγή@nafpc πᾶς@anafp- εἰμί@vipa3p ἀγαθός@annfp- διά@p ὁ@dans συναγελαστικός@anans- αὐτός@rpgfp γέρανος@nnmpp δέ@b καί@cs πελαργός@nnmpc κατά@p ἀγέλη@nafpc μέν@b καί@cs συστροφή@nafpc ὁράω@vppenmp ληιστής@ngmpc ἔφοδος3@nafsc καί@cs πολέμιος@ngmpc σημαίνω@vipa3p καί@cs χειμών@namsc ἐπάγω@vipa3p χειμών@ngmsc φαίνω@vppenmp θέρος@ngnsc δέ@cs αὐχμός@namsc ἴδιος@b δέ@b καί@b κατά@p μόνος@anafp- γέρανος@nnmpc καί@cs πελαργός@nnmpc ἀγαθός@annmp- πρός@p ἀποδημία@nafsc καί@cs πρός@p ἀπόδημος@angmp- ἀνακομιδή@nafsc διά@p ὁ@dans περί@p τροπή@nafpc ὥρα@vppanms ἀποδημέω@vnpa-- τε@b καί@cs μετανίστημι@vnpe-- μάλιστα@b δέ@b πρός@p παιδοποιία@nafsc ἐπιτήδειος@annms- ὁ@dnms πελαργός@nnmsc διά@p ὁ@dafs γίγνομαι@vppeafs ὑπό@p ὁ@dgmp ἔκγονος@ngmpc ὁ@ddmp γονεύς@ndmpc ἐπικουρία@nafsc κύκνος@nnmsp ἀνήρ@namsc σημαίνω@vipa3s μουσικός@anams- καί@cs αὐτός@anafs- ὁ@dafs μουσική@nafsc καί@cs ὁ@danp κρυπτός@ananp- ἐλέγχω@vipa3s διά@p ὁ@dans χρῶμα@nansc νοσέω@vppadmp δέ@b ὁράω@vppenms μέν@b σωτηρία@nafsc μαντεύομαι@vipe3s φθέγγομαι@vppenms δέ@b ὄλεθρος@namsc οὐ@b γάρ@b πρότερος@anans- φθέγγομαι@vipe3s εἰ@cs μή@b πρός@p ὁ@dans ἀποθνήσκω@vnpa-- εἰμί@vspa3s περί@p δέ@b χελιδών@ngfsc ἐν@p ὁ@ddms περί@p θάνατος@ngmsc λόγος@ndmsc ἐπιμιμνήσκομαι@vifp1s πελεκάν@nnmpp ἀνήρ@nampc ἀγνώμων@anamp- σημαίνω@vipa3p ἄσκεπτος@b δέ@b καί@cs ἄλογος@b πᾶς@ananp- δράω@vppaamp καί@cs ὁ@dams κλέπτης@namsc καί@cs ὁ@dams δραπέτης@namsc ἐγγύς@b ποταμός@ngmsc εἰμί@vnpa-- σημαίνω@vipa3p ἤ1@cs λίμνη@ngfsc"
"Oneir._2.21","νῆσσα@nnfpp δέ@b καί@cs ὅσος@annnp- ἄλλος@rpnnp εἰμί@vipa3s λιμναῖος@annnp- ἤ1@cs ποτάμιος@annnp- ὄρνεον@nnnpc ὁ@dnnp αὐτός@annnp- ὁ@ddmp λάρος@ndmpc καί@cs ὁ@ddfp αἴθυια@ndfpc σημαίνω@vipa3s ἐπεί@cs δέ@b πατήρ@p ὁ@danp ἔντομος@nnnpc ὁ@dgnp ζῷον@ngnpc ἵπταμαι@vire3s καί@b αὐτός@rpanp ἐν@p ὁ@ddms περί@p ὄρνεον@ngnpc λόγος@ndmsc καταστάζω@vifa1s"
"Oneir._2.22","μέλισσα@nnfpp γεωργός@andmp- μέν@b καί@cs ὁ@ddmp ἐκ@p αὐτός@rpgfp ἔχω@vppadmp ὁ@dafs ἐργασία@nafsc ἀγαθός@annfp- ὁ@ddmp δέ@b ἄλλος@rpdmp ταραχή@nafpc σημαίνω@vipa3p διά@p ὁ@dams βόμβος@namsc καί@b τραῦμα@nanpc διά@p ὁ@dans κέντρον@nansc καί@cs νόσος@nafsc διά@p ὁ@dans μέλι@nansc καί@cs ὁ@dams κηρός@namsc ἐπίκαθέζομαι@vppenfp δέ@b ὁ@ddfs κεφαλή@ndfsc ὁ@dgms ὁράω@vppagms στρατηγέω@vppadms μέν@b καί@cs δημιουργέω@vppadms ἀγαθός@annfp- ὁ@ddmp δέ@cs ἄλλος@rpdmp πονηρός@annfp- καί@cs ὡς@cs ἐπί@p ὁ@dans πολύς@anans- ὑπό@p ὄχλος@ngmsc ἤ1@cs ὑπό@p στρατιώτης@ngmpc διαφθείρω@vnap-- σημαίνω@vipa3p ὁ@dams εἶδον@vpaaams ἔοικα@vira3p μέν@b γάρ@b ὄχλος@ndmsc ἤ1@cs στρατός@ndmsc διά@p ὁ@dans ἡγεμών@ndmsc ὑποτάσσω@vnre-- ἀναιρέω@vipa3p δέ@cs διά@p ὁ@dans ὁ@ddnp ἄψυχος@andmp- ἐπίκαθέζομαι@vnpe-- ἐγκλείω@vnpa-- δέ@b μέλισσα@vpaanms ἀγαθός@annns- καί@cs ἀναιρέω@vnpa-- ὅμοιος@b ἀγαθός@annns- πᾶς@andmp- πλήν@p γεωργέω@angfp- στρέφω@nnmpp δέ@x πᾶς@andmp- κακός@annmp- περιπίπτω@vnaa-- γάρ@x σημαίνω@vipa3p πονηρός@andmp- ἄνθρωπος@ndmpc καί@cs ὠμός@andmp- ἀκρίς@nnmpp δέ@b καί@b πάρνοπες@nnmpc καί@cs ὁ@dnmp λέγω3@vppenmp μάσταξ@nnmpc γεωργός@andmp- μέν@b ἀφορία@nafsc ἤ1@cs φθορά@nafsc ὁ@dgmp καρπός1@ngmpc προαγορεύω@vipa3p σίνομαι@vipe3p γάρ@b ὁ@danp σπέρμα@nanpc διαφθείρω@vppadmp ὁ@ddmp δέ@b λοιπός@andmp- πονηρός@anamp- ἀνήρ@nampc γυνή@nafpc σημαίνω@vipa3p κάνθαρος@nnmpp καί@b μηλολόνθαι@nnfpc καί@cs λαμπυρίς@nnfpc ὁ@ddmp ὁ@dafp ῥυπώδης@anafp- ἐργασία@nafpc καί@cs ἄσεμνος@anafp- ἐργάζομαι@vppedmp μόνος@andmp- ὠφέλιμος@annfp- ὁ@ddmp δέ@cs λοιπός@andmp- βλάβη@ngfsc καί@cs ἀπραξία@ngfsc εἰμί@vipa3p σημαντικός@annmp- μάλιστα@b δέ@cs μυροπώλης@ndfpc καί@cs ἀρωματοπώλης@andfp-"
"Oneir._2.23","πλέω@vnpa-- δοκέω@vnpa-- καί@cs εὐπλοέω@vnpa-- πᾶς@andmp- ἀγαθός@annns- χειμών@ndmsc δέ@x περιπίπτω@vnaa-- δυσθυμία@nafpc καί@cs κίνδυνος@nampc σημαίνω@vipa3s ὁ@dnns δέ@b ναυαγέω@vnpa-- ὁ@dgfs ναῦς@ngfsc ἤτοι@cs ἀνατρέπω@vpapgfs ἤ1@cs πέτρα@ndfpc περιρράσσω@vpapgfs πᾶς@anamp- βλάπτω@vipa3s πλήν@p ὁ@dgmp βιάω@ndfsc ὑπό@p τις@rpgcp κατέχω@vppegmp καί@cs δοῦλος@ngmpc οὗτος@rpamp γάρ@b ἀπαλλάσσω@vipa3s ὁ@dgmp κατέχω@vppagmp ἔοικα@vira3s γάρ@b ὁ@dnns πλοῖον@nnnsc ὁ@ddmp πεοιέχω@vppadmp αὐτός@rpamp ἀεί@b δέ@b ἀμείνων@annnsc ἐν@p μέγας@andms- πλέω@vnpa-- πλοῖον@ndnsc καί@b φορτίον@nanpc στερεός@ananp- ἔχω@vppadms ἐπεί@cs ὁ@dnnp μικρός@annnp- πλοῖον@nnnpc καί@b ἄν@cs εὐπλοέω@vspa3s τις@rpncs οὐ@b ἄφοβος@ananp- ὁ@danp ἀγαθός@ananp- ποιέω@vipa3s ἔτι@b καί@b ἐκεῖνος@rpnns διά@p θάλασσα@ngfsc πλέω@vnpa-- καί@cs εὐπλοέω@vnpa-- ἀγαθός@annns- μᾶλλον@b διά@p γῆ@ngfsc βραδύς@ananpc γάρ@b καί@cs δύσκολος@annnpc καί@cs μόλις@b εἰμί@vpfmanp ὁ@dnnp ἀγαθός@annnp- σημαίνω@vipa3s ὁ@dnns διά@p γῆ@ngfsc δοκέω@vnpa-- πλέω@vnpa-- πονηρός@anansc δέ@b ὁ@dnns διά@p θάλασσα@ngfsc πλέω@vppaams χειμάζω@vnpe-- ἤ1@cs ὁ@dnns διά@p γῆ@ngfsc οὐ@b δύναμαι@vnpe-- δέ@b πλέω@vnpa-- προαιρέω@vpreams ἤ1@cs βία@ndfsc πρός@p τις@rpgmp κατέχω@vnpe-- ἐμπόδιος@ananp- καί@cs κατοχή@nafpc ὁ@dgfp ἐγχείρησις@ngfpc σημαίνω@vipa3s ὅμοιος@b δέ@b καί@b ὁ@dnns διά@p γῆ@ngfsc πλέω@vnpa-- δένδρον@ngnpc πέτρα@ngnpc ἐμποδών@b γίγνομαι@vppegnp κατοχή@nafpc σημαίνω@vipa3s καί@cs ἐμποδισμός@nafpc εἶδον@vnaa-- δέ@b ἀπό@p γῆ@ngfsc πλοῖον@nanpc διά@p θάλασσα@ngfsc πλέω@vppaams καί@b εὐπλοέω@vppaanp ἀγαθός@anans- πᾶς@andmp- καί@b ἀποδημία@nafpc σημαντικός@anans- καί@cs ὁ@ddnp ἀπόδημος@andnp- ἀνακομιδή@anans- πολλάκις@b δέ@b καί@b ἀγγελία@nafpc διαπόντιος@anafp- προαγορεύω@viaa3s καί@cs ἀνάγω@vppennp μέν@b ὁ@dnnp πλοῖον@nnnpc βραδύς@ananpc ὁ@danp ἀγαθός@ananp- ποιέω@vipa3s ἄρτι@b γάρ@b ἄρχω@vipe3s ὁ@dgms πλόος@ngmsc κατάγω@vppennp δέ@b καί@cs καθορμίζω@vppennp ταχύς@anansc πρός@p γάρ@b ὁ@ddns συμπέρασμα@ndnsc ὁ@dgms πλόος@ngmsc γίγνομαι@vira3s ἀεί@b δέ@b λιμήν@nnmpc φίλος@nampc καί@cs εὐεργέτης@nampc σημαίνω@vipa3p καί@cs πᾶς@annmp- ὁ@dnmp ὅρμος@nnmpc σκόπελος@nnmpc δέ@cs καί@cs ὑποδρομή@nnfpc ὁ@damp διά@p ἀνάγκη@nafsc καί@cs μή@b κατά@p προαίρεσις@nafsc ὑπό@p ἐγώ@rpgmp φιλέω@vppeamp ὅς@rpnmp οὐ@b δέ@b αὐτός@annmp- ἑκών@annmp- ἐγώ@rpamp εὐεργετέω@vipa3p ἄγκυρα@annfp- δέ@b ὁ@dans ἀναγκαῖος@anans- ὁ@dgfp χρεώ@ngfpc καί@cs ὁ@dans ἀσφαλής@anans- σημαίνω@vipa3p ἀποδημέω@vnpa-- δέ@cs κωλύω@vipa3p ἀεί@b γάρ@b ἐπί@p κατοχή@ndfsc πλοῖον@ngnpc τίθημι@vipe3p πεῖσμα@nnnpc δέ@b καί@cs ὁ@dnnp ἀπόγειος@annnp- σχοινίον@nnnpc πᾶς@annnp- δάνειον@ngnpc εἰμί@vipa3s σημαντικός@annnp- καί@b ἐργολαβία@ngfpc καί@b συνθήκη@ngfpc καί@cs κατοχή@ngfsc ἱστός@nnmsc δέ@b ὁ@dgfs ναῦς@ngfsc ὁ@dams κύριος@namsc σημαίνω@vipa3s ἀντιπρόσωπος@namsc δέ@b ὁ@dams πρῳρεύς@anams- καί@b ὁ@dnms χηνίσκος@nnmsc ὁ@dams κυβερνήτης@namsc ὁ@danp δέ@b ὅπλον@nanpc ὁ@damp ναύτης@nampc καί@cs ὁ@dnns κέρας@nnnsc ὁ@dams τοίχαρχος@namsc ὁποῖος@annns- ἄν@b οὖν@b μέρος@nnnsc διαφθείρω@vsam3s ὁ@dgfs ναῦς@ngfsc ὁρμάω@vppagfs ὁ@dams ὅμοιος@anams- ἔοικα@vpranns διαφθείρω@vnre-- πλέω@vppagfs δέ@cs ὁ@dgfs ναῦς@ngfsc περί@p αὐτός@anans- ἐκεῖνος@anans- ὁ@dans μέρος@nansc κίνδυνος@namsc οὐ@b ὁ@dams τυγχάνω@vpaaams εἰμί@vnfm-- δηλόω@vipa3s χειμών@ndmsc βίαιος@andms- συγκλείω@vpapgfs ὅθεν@b δέ@b ἄν@b πῦρ@nnnsc ἐπί@p ὁ@dafs ναῦς@nafsc φέρω@vspe3s ἐκεῖθεν@b χειμών@namsc εἰμί@vpfmams προαγορεύω@vipa3s οἶδα@vira1s δέ@b τις@anams- ναύκληρος@anams- ὅς@rpnms δοκέω@viaa3s ὁ@damp ἐν@p ὁ@ddns πλοῖον@ndnsc ἱδρύω@vpreamp θεός@nampc ἀπόλλυμι@vnra-- καί@b σφόδρα@b φοβέω@vppedms καί@cs ὄλεθρος@namsc ἡγέομαι@vppedms σημαίνω@vnpa-- ὁ@dans ὄναρ@nansc πᾶς@anans- ὁ@dans ἐναντίος@anans- εἰς@p ἀγαθός@anans- ἀποβαίνω@viaa3s πολύς@ananp- γάρ@b πορίζω@vpaanms ἀποδίδωμι@viaa3s ὁ@danp χρέος@nanpc ὁ@ddmp δανειστής@ndmpc ὁ@ddmp ἔχω@vppadmp εἰς@p ὑποθήκη@nafsc ὁ@dafs ναῦς@nafsc καί@cs συμβαίνω@viaa3s αὐτός@rpdms μηκέτι@b ἔχω@vnpa-- ὁ@damp κατέχω@vppaamp ὁ@dans πλοῖον@nansc ἀεί@b δέ@b ἀγαθός@annns- ἡρέμα@nansc πορφύρω@vppaafs καί@cs κυμαίνω@vppaafs ὁ@dafs θάλασσα@nafsc εἶδον@vnaa-- πρᾶξις@nafpc γάρ@x μέγας@anafp- προαγορεύω@vipa3s γαλήνη@nnfsc δέ@b ἀπραξία@ngfsc διά@p ὁ@dafs ἀκινησία@nafsc καί@cs ὁ@dnms χειμών@nnmsc ταραχή@nafpc καί@cs βλάβη@nafpc εἰμί@vipa3s γάρ@b οὗτος@rpgnp αἴτιος@annms-"
"Oneir._2.24","σπείρω@vnpa-- καί@cs φυτεύω@vnpa-- καί@cs ἀροτριάω@vnpa-- ὅς@rpans τις@rpans σημαίνω@vipa3s ἐν@p ὁ@ddms περί@p τέχνη@ngfpc λόγος@ndmsc προερέω@vire3s νυνί@b δέ@b περί@p ὁ@dgmp ἕπομαι@vppegmp ὁ@ddfs γεωργία@ndfsc ποιέω@vifm1s ὁ@dams λόγος@namsc ἄροτρον@namsp ἀγαθός@anams- πρός@p γάμος@namsc καί@cs παῖς@ngmpc γονή@nafsc καί@cs πρᾶξις@nafpc χρόνος@nampc δέ@b καί@cs παρολκή@nafpc προστίθημι@vipa3s ὁ@ddfp ἀπόβασις@ndfpc ζυγόν@nnnsc δέ@b ὁ@ddmp μέν@b ἄλλος@rpdmp ἀγαθός@annns- δοῦλος@ndmpc δέ@cs ἐμπόδιος@annns- ὁ@dgfs ἐλευθερία@ngfsc γίγνομαι@vipe3s ὅθεν@b κατάσσω@vipa1p μᾶλλον@b οὗτος@rpdmp ὑγιής@annns- εἰμί@rpgnp συμφέρω@vipa3s δρέπανον@nnnsc δέ@b ἀφαίρεσις@ngfsc καί@cs βλάβη@ngfsc εἰμί@vipa3s σημεῖον@nnnsc διά@p ὁ@dans πᾶς@ananp- διχάζω@vnpa-- καί@cs μηδείς@rpans ἑνόω@vnpa-- δηλόω@vipa3s δέ@x καί@b ἑξάμηνος@anafs- ἥμισυς@annns- γάρ@b εἰμί@vipa3s κύκλος@ngmsc πέλεκυς@nnfsc δέ@b στάσις@ngfsc εἰμί@vipa3s σημεῖον@nnnsc καί@cs βλάβη@ngfsc καί@cs μάχη@ngfsc ἀξίνη@annfs- δέ@cs καί@cs ἄμη@nnfsc γυνή@ngfsc τε@b καί@cs γυναικεῖος@angfs- ἐργασία@ngfsc καί@b γυναικεῖος@angfs- μέν@b ἐργασία@ngfsc διά@p ὁ@dans ὁ@ddms κρατέω@vppadms προσφέρω@vnpa-- καί@cs προσέλκω@vnpa-- γυνή@ngfsc δέ@b διά@p ὁ@dans ὄνομα@nansc ὕνις@nnmsc δέ@b καί@b ὁ@dnms λέγω3@vppenms μίσχος@nnmsc καί@b θρῖξ@nnmsc καί@cs πτύω@vppanns βλάβη@nafsc καί@cs ἀποβολή@nafsc σημαίνω@vipa3p ἴδιος@b δέ@b ὁ@dnfs ὕνις@nnfsc ὡς@cs πολλάκις@b τηρέω@viaa1s καί@cs ὁ@dans αἰδοῖον@anans- ὁ@dgms εἶδον@vpaagms σημαίνω@vipa3s ὅθεν@b οὐ@b τε@cs ἀπόλλυμι@vppenfs εἰμί@vipa3s ἀγαθός@annfs- οὐ@b τε@cs κατάσσω@vppenfs ζυγόδεσμος@nnmsc δέ@b καί@cs ὁ@dnms λέγω3@vppenms ἀμφιδέτης@nnmsc πρός@p πᾶς@ananp- εἰμί@vipa3p ἀγαθός@annmp- μάλιστα@b δέ@b πρός@p γάμος@namsc καί@cs κοινωνία@nafsc κόφινος@nnmpc δέ@b οἰκέτης@nampc σημαίνω@vipa3p ἄμαξα@vnaa-- δέ@cs ὁ@dams βίος@namsc ὁ@dgms εἶδον@vpaagms διά@p ὁ@dans ἐκ@p πολύς@angmp- συντίθημι@vnpe-- καί@cs πολύς@ananp- βαστάζω@vnpa-- καί@cs ἄλλοτε@b ἄλλος@rpanp οὖλος@rpnmp δέ@b καί@cs δράγμα@nnnpc καί@cs θημών@nnmpc ἄσταχυς@ngmpc παρολκή@nafpc ἐν@p ὁ@ddnp πράσσω@vppednp σημαίνω@vipa3p καί@cs κόπος@namsc οὐδέπω@b γάρ@b ὁ@dnnp τοιοῦτος@rpnnp ἑτοῖμος@annnp- εἰς@p τροφή@nafsc εἰμί@vipa3s σιρός@nnmpc δέ@b καί@b κάπετος@nnmpc καί@cs πᾶς@annnp- ἐν@p ὅς@rpdnp θησαυρίζω@vipe3s καί@cs ἀποτίθημι@vipe3s ὁ@dnnp σπέρμα@nnnpc γυνή@nafsc σημαίνω@vipa3s καί@b ὁ@dams βίος@namsc ὁ@dgms εἶδον@vpaagms καί@cs ὁ@dafs ὕπαρξις@nafsc ὅθεν@b οὐ@b τε@cs συντρίβω@vppennp οὐ@b τε@cs συμπίτνω@vppannp ἀγαθός@annnp- νομίζω@vire3s θριγκός@nnmpc δέ@b καί@b περίβολος@nnmpc καί@b φραγμός@nnmpc καί@b σκόλοψ@nnmpc καί@cs ὁ@dnmp περί@p ὁ@damp ὅρος@nampc γῦρος@nnmpc ὁ@ddmp μέν@b φοβέω@vppedmp ἀσφάλεια@ngfsc εἰμί@vipa3p σημαντικός@annmp- πρός@p δέ@cs ὁ@dafp κίνησις@nafpc καί@cs ἀποδημία@nafpc οὐ@b πάντῃ@b ἁρμόζω@vipa3p καταχέω@nafpc γάρ@b σημαίνω@vipa3p διά@p ὁ@dans ἀποκλείω@vnra-- ὁ@danp ἐντός@b πρός@p δέ@b ὁ@dafp λοιπός@anafp- ἐγχείρησις@nafpc ὁ@damp παρίστημι@vppeamp καί@b ἀμύνω@vppaamp καί@cs συναιρέω@vppeamp ἐν@p ὁ@ddfp χρεία@ndfpc σημαίνω@vipa3p ἑξῆς@b δέ@b περί@p δένδρον@ngnpc καί@cs φυτόν@ngnpc ποιέω@vifm1s ὁ@dams λόγος@namsc"
"Oneir._2.25","ἐλαία@nnfsp γυνή@nafsc σημαίνω@vipa3s καί@b ἄθλησις@nafsc καί@b ἀρχή@nafsc καί@cs ἐλευθερία@nafsc ὅθεν@b ἀγαθός@anafs- εὐθαλής@anafs- ὁράω@vnpa-- καί@cs ὁ@ddfp ῥίζα@ndfpc ἑδράζω@vpreafs καί@cs καρπός@namsc ἔχω@vppaafs πεπανός@anams- καί@cs ὥριμος@anams- τρυγάω@vppenfp δέ@b ὁ@dnfp ἐλαία@nnfpc ὁ@ddmp μέν@b ἄλλος@rpdmp ἅπας@andmp- ἀγαθός@annfp- δοῦλος@ndmpc δέ@cs πληγή@nafpc μαντεύομαι@vipe3p διά@p ὁ@dans μετά@p πληγή@ngfpc ὁ@dams καρπός@namsc αὐτός@rpgmp καθαιρέω@vnpe-- ἀναλέγω@vnpa-- δέ@b χαμόθεν@b ἐλαία@nafpc τρίβω@vnpa-- ἐλαία@nafpc λέγω3@vipa1s δέ@b ὁ@dams καρπός@namsc πόνος@nampc καί@cs κάματος@nampc σημαίνω@vipa3s δρῦς@nnmsp ἀνήρ@namsc σημαίνω@vipa3s πλούσιος@anams- διά@p ὁ@dans τρόφιμος@anans- ἤ1@cs πρεσβύτης@namsc διά@p ὁ@dans πολυχρόνιος@anans- ἤ1@cs χρόνος@namsc διά@p ὁ@dans αὐτός@rpans δάφνη@nnfsp δέ@b γυνή@nafsc σημαίνω@vipa3s εὔπορος@anafs- διά@p ὁ@dans ἀειθαλής@anans- καί@cs εὔμορφος@anafs- διά@p ὁ@dans χάρις@anans- καί@cs ἀποδημία@nafsc καί@b φυγή@nafsc καί@cs ἀποτυχία@nafsc ὁ@dgmp προσδοκάω@vppegnp διά@p ὁ@dafs περί@p ὁ@dans δένδρον@nansc ἱστορία@nafsc ἰατρός@ndmpc δέ@b καί@cs μάντις@ndmpc πρός@p ὁ@dafs τέχνη@nafsc εἰμί@vipa3s ληπτέος@annnp- διά@p ὁ@dams ἀπόλλων@namsp κυπάρισσος@nnmsp δέ@b μακροθυμία@ngfsc καί@cs παρολκή@ngfsc εἰμί@vipa3s σύμβολον@nnnsc διά@p ὁ@dans μῆκος@nansc πίτυς@nnfsp δέ@b καί@cs στρόβιλος@nnmsc ναύκληρος@ndmpc μέν@b καί@cs πᾶς@andmp- ὁ@ddmp ναυτιλλόμενος@vppedmp πρός@p ναῦς@nafsc εἰμί@vipa3s λαμβάνω@annmp- διά@p ὁ@dafs κατασκευή@nafsc ὁ@dgfp ναῦς@ngfpc καί@b ὁ@dafs πίσσα@nafsc καί@cs ὁ@dafs ῥητίνη@nafsc ὁ@dafs ἀπό@p οὗτος@angnp- ὁ@dgnp δένδρον@ngnpc γίγνομαι@vppeafs ὁ@ddmp δέ@b ἄλλος@rpdmp ἅπας@andmp- ἀηδία@nafpc καί@cs φυγή@nnfpc εἰμί@vipa3p σημαντικός@annfp- διά@p ὁ@dans φιλήνεμος@anans- ῥοή@nnfpp καί@b μηλέα@nnfpc καί@b ἄπειμι@annfp- καί@b ἀχράς@nnfpc καί@cs πᾶς@annnp- ὁ@dnnp τοιοῦτος@rpnnp ὁ@dams αὐτός@anams- ὁ@ddms καρπός1@ndmsc λόγος@namsc ἔχω@vipa3s ὅς@rpams ἐν@p ὁ@ddns περί@p τροφή@ngfsc ἐρῶ@vira1s πλάτανος@nnmpp καί@b αἴγειρος@nnfpc καί@b πτελέα@annfp- καί@b ὀξύς@nnfpc καί@b μελία@nnfpc καί@cs πᾶς@annnp- ὁ@dnnp ὅμοιος@annnp- μόνος@andmp- ὁ@ddmp ἐπί@p πόλεμος@namsc ὁρμάω@vppadmp καί@cs τεκτονικός@andmp- συμφέρω@vipa3s ὁ@ddmp μέν@b διά@p ὁ@dans ἐκ@p αὐτός@rpgnp γίγνομαι@vnpe-- ὅπλον@nanpc ὁ@ddmp δέ@cs διά@p ὁ@dafs ἐκ@p αὐτός@rpgnp ἐργασία@nafsc ὁ@ddmp δέ@b λοιπός@andmp- διά@p ὁ@dans ἄκαρπος@anans- πενία@ngfsc καί@cs ἀπορία@ngfsc εἰμί@vipa3s σημαντικός@annnp- μόνος@annfs- δέ@b λεύκη@nnfsc ἀθλητής@ndmpc συμφέρω@vipa3s διά@p ὁ@dams ἡρακλῆς@namsp πύξος@nnmpp καί@b μυρσίνη@nnfpc καί@cs ῥοδοδάφνα@annfp- γυνή@nafpc ἑταιρικός@anafp- καί@b οὐ@b πάνυ@b τις@rpans κόσμιος@ngfsc σημαίνω@vipa3p καί@b ὁ@ddmp ἐπί@p ὁ@dans πράσσω@vnpa-- ὁρμάω@vppedmp ἀπάτη@nafpc καί@cs ὁ@ddmp νοσέω@vppadmp ἀνάληψις@nafsc καί@cs ὑγεῖα@nafsc ὁ@ddmp δέ@b λοιπός@andmp- ματαιοπονία@nafpc σύμβολον@nnnpc καθίστημι@vipe3p περί@p δέ@b ὁ@dgnp λοιπός@angnp- δένδρον@ngnpc κατά@p ὁ@dafp ὑποθήκη@nafpc ὁ@dafp προερέω@vpreafp χρή@vipa3s ποιέω@vnpe-- ὁ@dafp κρίσις@nafpc παραλαμβάνω@vppaamp ἀεί@b ὁ@danp ὅμοιος@ananp- ὁ@ddfp ἀπόβασις@ndfpc καί@cs γάρ@b οὐδείς@rpnns ἄλλος@rpnns εἰμί@vipa3s ὀνειροκρισία@nnfsc ἤ1@cs ὅμοιος@angns- παράθεσις@nnfsc μιμνήσκω@vnre-- δέ@b καί@cs οὗτος@rpans χρή@vipa3s ὅτι@cs ὁ@dnnp μέν@b ἀγαθός@anans- τις@rpans σημαίνω@vppannp δένδρον@nnnpc θάλλω@vppannp καί@cs καρποφορέω@vppannp ἀγαθός@annnp- ἄν@b εἰμί@vopa3s αὐαίνω@vppennp δέ@b ἤ1@cs πρόρριζος@annnp- ἀνατρέπω@vppeanp ἤ1@cs κεραυνόω@vppennp ἤ1@cs ἄλλως@b πῦρ@ndnsc καταφλέγω@vppennp ὁ@danp ἐναντίος@ananp- σημαίνω@vipa3s ὁ@dnnp δέ@b πονηρός@anans- τις@rpans σημαίνω@vppannp ἐν@p ὁ@ddfp ἀπόβασις@ndfpc αὐαίνω@vppennp καί@cs διαφθείρω@vppennp λυσιτελής@annnpc καθίστημι@vipe3s ἑξῆς@b δέ@b ὁ@ddfs γεωργία@ndfsc ἐπιβάλλω@annns- ἄν@b εἰμί@vopa3s καί@b περί@p κόπρος@ngmsc εἶπον@vnaa--"
"Oneir._2.26","κόπρος@nnfsp βόειος@nnfsc γεωργός@andmp- μόνος@andmp- συμφέρω@vipa3s ὅμοιος@b καί@cs ὁ@dnfs ἵππειος@nnfsc καί@cs ὁ@dnfs ἄλλος@rpnfs πᾶς@annfs- πλήν@p ἀνθρώπειος@ngfsc ὁ@ddmp δέ@b λοιπός@andmp- δυσθυμία@nafpc καί@cs βλάβη@nafpc σημαίνω@vipa3s μολύνω@vppanfs δέ@b καί@cs νόσος@nafsc μόνος@andmp- δέ@b ὁ@ddmp ὁ@dafp ῥυπώδης@anafp- ἐργασία@nafpc ἐργάζομαι@vppedmp συμφέρω@vipa3s καί@cs λυσιτελής@annfs- εἰμί@vppanfs τηρέω@vire3s ἀνθρώπειος@annfs- δέ@b κόπρος@annfs- πολύς@annfs- ὁράω@vppenfs πολύς@ananp- καί@cs διάφορος@ananp- σημαίνω@vipa3s κακός@ananp- ἔχω@vipa3s δέ@b ὧδε@b ἐν@p πλατύς@ndfsc καί@b ἐν@p ἀγορά@ndfsc καί@cs ἐν@p πᾶς@andns- δημόσιος@andns- χωρίον@ndnsc ὁράω@vppenfs ἔργω@vipa3s χράω@vnpe-- ὁ@ddmp τόπος@ndmpc ἐν@p ὅς@rpdmp ἄν@b εἰμί@vspa3s πολλάκις@b δέ@cs καί@b πρόειμι2@vnpa-- κωλύω@vipa3s ὥστε@cs εἰμί@vipa3s ὅτε@cs ὁ@damp παρακούω@vpaaamp ὁ@ddfp ἑαυτοῦ@rpgmp κεφαλή@ndfpc μέγας@ananp- ἀναμάσσω@vnaa-- κακός@ananp- ποιέω@viaa3s ἄτοπος@annns- δέ@b ἄν@b εἰμί@vopa3s καί@b ὁ@dnns μολύνω@vnpe-- κόπρος@ndfsc ἀνθρώπειος@ndfsc καταρρέω@vppadfs ποθεν@vpapnns οἶδα@vira1s δέ@b τις@rpacs ὅς@rpnms δοκέω@viaa3s ἑταῖρος@namsc καί@cs συνήθης@anams- τις@anams- πλούσιος@anams- εἰμί@vppaams αὐτός@rpdms φίλος@namsc ὄναρ@nansc κατά@p ὁ@dgfs κεφαλή@ngfsc κατατιλάτω@vnaa-- οὗτος@rpnms διαδέχομαι@viam3s ὁ@dafs οὐσία@nafsc καί@cs ἀπολαύω@viaa3s ὁ@dams ἑταῖρος@namsc καί@b πάλιν@b αὖ@b δοκέω@viaa3s τις@rpnms ὑπό@p τις@angms- γνώριμος@angms- πένης@ngmsc προστιλμάω@vnap-- καί@cs ὑπό@p αὐτός@rpgms μέγας@annfs- βλάπτω@nnfsc καί@cs αἰσχύνη@ndfsc τις@andfs- μέγας@andfs- περιπίπτω@viaa3s εἰμί@viia3s γάρ@b ἔοικα@vpranns ὁ@dams μέν@b εὐπορέω@vppaams ὁ@danp ἑαυτοῦ@rpgms ὁ@ddms εἶδον@vpaadms προστίθημι@vnfa-- ὁ@dams δέ@cs πλουτέω@vppeams καί@cs οὐδείς@rpans ἔχω@vppaams καταλιμπάνω@vnaa-- καταφρονέω@vnfa-- ὁ@dgms εἶδον@vpaagms καί@cs αἰσχύνη@ndfsc περιβάλλω@vnfa-- αὐτός@rpams εἰ@cs δέ@b αὐτός@annms- τις@rpnms ἑαυτοῦ@rpams μολύνω@vnpa-- δοκέω@voaa3s κατά@p ὁ@dgnp σκέλος@ngnpc ἀφίημι@vpaanms ἑαυτοῦ@rpdms μέγας@anans- κακός@angnp- αἴτιος@annms- εἰμί@vifm3s καί@cs προσέτι@b νοσέω@vifa3s πονηρός@annns- δέ@b καί@b ὁ@ddfs κοίτη@ndfsc ἐναφίημι@vnpa-- μακράν@b γάρ@b νόσος@nafsc μαντεύομαι@vipe3s ἐπεί@cs ὁ@dnmp μή@b δύναμαι@vppenmp ἀνίστημι@vnaa-- καί@cs ὁ@dnmp πρός@p ἔσχατος@andnp- εἰμί@vppanmp ἐναφίημι@vipa3p ὁ@ddfs κοίτη@ndfsc πολλάκις@b δέ@b καί@cs γυνή@ngfsc καί@cs ἐρώμενος@ngfsc διίστημι@vipa3s ὁ@dans ὄναρ@nansc διά@p ὁ@dans μολύνω@vnaa-- ὁ@dafs κοίτη@namsc ἐν@p ὅς@rpdms δέ@b τις@rpnms οἰκέω@vipa3s οἶκος@ndmsc χαμαί@b ἀποπατέω@vnpa-- μή@b χράω2@vnam-- ἔτι@b ὁ@ddms οἶκος@ndmsc σημαίνω@vipa3s ἥκιστος@ananp- γάρ@b τις@rpncs ὁ@ddmp μολύνω@vppedmp ἐμφιλοχωρέω@vipa3s πᾶς@angnp- δέ@b ἄν@b εἰμί@vopa3s ἐπισφαλής@annnsc καί@cs φοβερός@annnsc ὁ@dnns ἀποπατέω@vnpa-- ἐν@p ναός@ndmsc θεός@ngmsc ἤ1@b ἐν@p ἀγορά@ndfsc ἤ1@b ἐν@p πλατύς@nafsc ἤ1@cs ἐν@p βαλανεῖον@ndnsc θεός@ngmpc τε@b γάρ@b μῆνις@nafsc καί@b μέγας@anafs- ἀσχημοσύνη@nafsc καί@cs ζημία@nafsc οὐ@b ὁ@dafs τυγχάνω@vpaaafs προαγορεύω@vipa3s πρός@p δέ@b καί@b ὁ@danp κρυπτός@ananp- ἐλέγχω@vipa3s πολλάκις@b δέ@cs καί@cs μῖσος@nnnsc ἐργάζομαι@vipe3s περί@p ὁ@dams εἶδον@vpaaams ἀποπατέω@vnpa-- δέ@b ἐν@p κοπρών@ndmsc κάθημαι@vppeams ἐπί@p λάσανος@ngnsc στερεός@angns- καί@cs πολύς@ananp- ἀποκρίνω@vnpa-- σκύβαλον@nanpc ἀγαθός@anans- πᾶς@andmp- πολύς@anams- γάρ@x κουφισμός@namsc φροντίς@ngfpc καί@cs πᾶς@angfs- ἀνία@ngfsc σημαίνω@vipa3s καί@b γάρ@b ὁ@dnns σῶμα@nnnsc μετά@p ὁ@dams ἀπόπατος@namsc κοῦφος@annnss γίγνομαι@vipe3s ἀγαθός@annns- δέ@b καί@b πρός@p ἀποδημία@nafsc ὁ@dnns τοιοῦτος@rpnns καί@cs πρός@p ἀπόδημος@angms- ἀνακομιδή@nafsc διά@p ὁ@dans ὄνομα@nansc ἄφοδος@annfs- γάρ@b καλέω@vipe3s ἐγώ@rpncs δέ@b τηρέω@viaa1s καί@cs ὁ@dans παρά@p αἰγιαλός@ndmsc ἀποπατέω@vnpa-- καί@cs ἐν@p ὁδός@ndfpc καί@cs ἐν@p ἄρουρα@ndfpc καί@cs ἐν@p ποταμός@ndmsc καί@cs ἐν@p λίμνη@ndfpc λυσιτελής@anans- εἰμί@vppaans καί@cs ὁ@danp αὐτός@rpanp σημαίνω@vppaans ὁ@ddns δοκέω@vnpa-- ἐν@p κοπρών@ndmsc χέω@vnpa-- ὀρθός@b καί@cs κατά@p λόγος@namsc ἀποβαίνω@vppagms ὁ@dgns τοιοῦτος@rpgns οὐ@b τε@b γάρ@b ὁ@dnmp τόπος@nnmpc οὗτος@annmp- ὑπό@p ὁ@dgms ἀποπατέω@vppagms βλάπτω@vipe3p αὐτός@rpdms τε@cs ὁ@ddms ἀποπατέω@vppadms παρέχω@vipa3p χωρίς@p αἰσχύνη@ngfsc ἀποφορτίζομαι@vnam-- ἕπομαι@vipe3s δέ@b ὁ@ddms λόγος@ndmsc καί@b περί@p ποταμός@ngmpc καί@b πηγή@ngfpc εἶπον@vnaa-- καί@b λίμνη@ngfsc καί@cs φρέαρ@ngnsc"
"Oneir._2.27","ποταμός@nnmpp καθαρός@anans- καί@cs διειδής@anans- ἔχω@vppanmp ὕδωρ@nansc καί@cs ἠρέμα@b ῥέω@vppanmp ἀγαθός@annmp- δοῦλος@ndmpc καί@b δικάζω@vppedmp καί@cs ἀποδημέω@vnpa-- προαιρέω@vpredmp ἔοικα@vira3p γάρ@b ὁ@dnmp ποταμός@nnmpc δεσπότης@ndmpc μέν@b καί@cs δικαστής@ndmpc διά@p ὁ@dans πράσσω@vnpa-- ὅοα@rpanp ἄν@b βούλομαι@vspe3p ἀνυπεύθυνος@b καί@cs κατά@p γνώμη@nafsc ὁ@dafs ἑαυτοῦ@rpgmp ἀποδημία@ndfpc δέ@cs καί@cs κίνησις@ndfpc διά@p ὁ@dans μή@b μένω@vnpa-- ὁ@dans ὕδωρ@nansc ἀλλά@cs παράκειμαι@vnpa-- ἐπειδάν@cs δέ@b θολερός@annns- καί@cs ῥοώδης@annns- εἰμί@vspa3s ὁ@dnns ὕδωρ@nnnsc καί@b ὁ@dafs ἀπό@p δεσπότης@ngmpc καί@cs δικαστής@ngmpc ἀπειλή@nafsc σημαίνω@vipa3p ὁ@dnmp ποταμός@nnmpc καί@cs πᾶς@angfs- ἀποδημία@ngfsc ἔργω1@vipa3p ἐάν@cs δέ@b τις@rpans καί@b ἁρπάζω@vpaanmp κτῆμα@nansc ὁ@dgms θεάομαι@vppegns ὁ@dams ὄνειρος@namsc ἀποφέρω@vspa3p ἐκ@p πᾶς@angns- βλάβη@nafsc ἐπιφέρω@vipa3p μέγας@anafsc δέ@b ὁ@dafs βλάβη@nafsc καί@b ἅμα@b καί@cs κίνδυνος@namsc σημαίνω@vipa3p αὐτός@rpams συναρπάζω@vpaanmp ὁ@dams ὁράω@vppaams καί@b μάλιστα@b ἐάν@cs καί@b εἰς@p θάλασσα@nafsc ἐκβάλλω@vsaa3p πονηρός@annns- δέ@b καί@b ὁ@dans ἐν@p ποταμός@ndmsc ἵστημι@vnra-- καί@b περικλύζω@vnpe-- καί@cs μή@b δύναμαι@vnpe-- ἐξέρχομαι@vnaa-- οὐ@b γάρ@b ἄν@b ὑπομένω@voaa3s τις@rpnms ἐπί@p ὁ@ddms τοιοῦτος@andms- ὄνειρος@ndmsc καί@cs εἰ@cs πάνυ@b εὔψυχος@annms- εἰμί@vopa3s ὁ@danp κακός@ananp- χείμαρρος@nnmpc δέ@b ποταμός@nnmpc καί@cs δικαστής@nampc σημαίνω@vipa3p ἀγνώμων@anamp- καί@b δεσπότης@nampc ἀηδής@anamp- καί@cs ὄχλος@namsc διά@p ὁ@dans βίαιος@anans- καί@cs μεγαλόφωνος@anans- ἀγαθός@annns- δέ@b οὗτος@rpamp περάω@vnpa-- μάλιστα@b μέν@b ὁ@ddmp πούς@ndmpc εἰ@cs δέ@b μή@b νήχω@vpamams εἰ@cs δέ@b τις@rpncs διά@p ὁ@dans μή@b δύναμαι@vnpe-- ἀντικρύς@vpaanms διέρχομαι@vnaa-- ὑποστρέφω@vnpa-- ὑπολαμβάνω@voaa3s ἀμείνων@annnsc αὐτός@rpdms ἀφεστήξω@vnpe-- καί@cs μηκέτι@b δικάζω@vnpe-- μη@b δέ@b πρόσειμι@vnpa-- δεσπότης@ndmsc ὁ@dans πάρειμι1@vppaans μη@b δέ@cs ἐν@p ὄχλος@ndmsc ἀναστρέφω@vnpe-- κολυμβάω@vnpe-- δέ@b ἐν@p ποταμός@ndmsc δοκέω@vnpa-- ἤ1@cs λίμνη@ndfsc εἰς@p ἔσχατος@anans- ἐλαύνω@vnaa-- κίνδυνος@namsc σημαίνω@vipa3s ὅσος@ananp- γάρ@b ἰχθύς@b ἐν@p γῆ@ndfsc πάσχω@vipa3s τοσοῦτος@rpanp ἔοικα@vpranns καί@b ἄνθρωπος@namsc ἐν@p ὑγρός@andms- πάσχω@vnpa-- ἀεί@b δέ@b ἀμείνων@annnsc διανήχομαι@vnam-- μεταξύ@b κολυμβάω@vppaams διυπνίζω@vnap-- ποταμός@nnmsc εἰς@p οἰκία@nafsc ῥέω@vppanms καθαρός@annms- ἀνήρ@ngmsc πλούσιος@angms- εἴσοδος@nafsc εἰς@p ὁ@dafs οἰκία@nafsc μαντεύομαι@vipe3s ἐπί@p ὠφέλεια@ndfsc ὁ@dgmp ἐνοικέω@vppagmp ταράσσω@vprenms δέ@b καί@cs θολερός@annms- καί@cs μάλιστα@b ἐάν@cs τις@rpans σίνομαι@vspe3s ὁ@dgnp ἐν@p ὁ@ddfs οἰκία@ndfsc εἰμί@vppagnp ἐχθρός@ngmsc βία@nafsc σημαίνω@vipa3s ὅς@rpnms πολύς@ananp- καί@b ὁ@dafs οἰκία@nafsc καί@cs ὁ@damp ἐν@p αὐτός@rpdfs βλάπτω@vifa3s ἐκ@p οἰκία@ngfsc δέ@b ποταμός@nnmsc ἐκρέω@vppanms πλούσιος@andms- μέν@b ἀνήρ@ndmsc καί@cs μέγας@anans- δύναμαι@vppedms συμφέρω@vipa3s ἄρχω@vifa3s γάρ@b ὁ@dgfs πόλις@ngfsc καί@b πολύς@ananp- φιλοτιμέομαι@vppenms εἰς@p ὁ@dans δημόσιος@anans- ἀνάλωσις@ndfsc πολύς@annmp- τε@cs ἐπί@p ὁ@dafs οἰκία@nafsc αὐτός@rpgms φοιτάω@vifa3p δέω2@vppenmp καί@cs χρῄζω@vppanmp πᾶς@annmp- γάρ@x ποταμός@ngmsc δέω2@vipe3p πένης@ndmsc δέ@b ἀνήρ@ndmsc διαβάλλω@vipa3s ὁ@dafs γυνή@nafsc ἤ1@cs ὁ@dams παῖς@nacsc ἤ@cs τις@rpams ὁ@dgmp ἐν@p ὁ@ddfs οἰκία@ndfsc μοιχεύω@vppeams καί@cs ἀσχημονέω@vppaams ἄλλος@rpans δέ@b ὕδωρ@nansc εἰς@p οἰκία@nafsc ῥέω@vppaans θολερός@anans- μέν@b ἐμππτύω@vpreafs ὁ@dafs οἰκία@nafsc ὁράω@vnfm-- σημαίνω@vipa3s ὁ@dans δέ@b καθαρός@annns- κτῆσις@nafsc καί@cs χρῆμα@nanpc περιβάλλω@vnfm-- σημαίνω@vipa3s φρέαρ@nansc δέ@b εἶδον@vnaa-- ἐν@p ὁ@ddfs οἰκίον@ndfsc ἐν@p ἀγρός@ndmsc οὐ@b εἰμί@vppaans πρότερος@b ἀγαθός@annns- οὐσία@ngfsc γάρ@b ἐπίκτησις@nafsc σημαίνω@vipa3s ἀγάμως@andms- δέ@b καί@cs ἄπαις@andms- γυνή@nafsc καί@cs παῖς@na-pc νύμφη@nnfpc τε@b γάρ@b εἰμί@vipa3p ἐν@p ὁ@ddns φρέαρ@ndnsc καί@cs ὥσπερ@cs γυνή@nnfsc ὁ@dnns φρέαρ@nnnsc ὁ@ddmp ἔνδον@b ὁ@danp ἐπιτήδειος@ananp- ὅς@cs χρῄζω@vipa3p παρέχω@viia3s ἀγαθός@annns- δέ@b καί@cs πλήρης@anans- εἶδον@vnaa-- φρέαρ@nansc πλημμυρέω@vppagns ὁ@dgns ὕδωρ@ngnsc ὅταν@cs γε@b μή@b ὑπερχέω@vspe3s ἐπεί@b ὁ@dnns ὑπερχέω@vppenns καί@cs ῥέω@vppanns ὕδωρ@nnnsc ὁ@dgns φρέαρ@ngnsc ὁ@danp προσγίγνομαι@vpamanp ἀγαθός@ananp- καί@cs γυνή@nafsc τε@cs καί@cs παῖς@nacpc μή@b παραμένω@vnaa-- μαντεύομαι@vipe3s ὁ@dans δέ@b αὐτός@rpnns καί@b ὅταν@cs ἀλλότριος@annmp- τις@rpnmp ἀντλέω@vsaa3p ὁ@dans φρέαρ@nansc λίμνη@nnfsc δέ@b μέγας@annfs- ὁ@danp αὐτός@rpanp ὁ@ddms ποταμός@ndmsc σημαίνω@vipa3s πλήν@p ὁ@dgns κατά@p ὁ@dafs ἀποδημία@nafsc οὗτος@rpnfs γάρ@b ἔργω@vipa3s ἀποδημέω@vnpa-- διά@p ὁ@dans ὁ@dans ὕδωρ@nansc ἐν@p αὐτός@rpdfs μή@b ῥέω@vnpa-- ἀλλά@cs μένω@vnpa-- ἐντεα@p χώρα@ndfsc ὁ@ddfs αὐτός@andfs- ἀεί@b σύμμετρος@annfs- δέ@b καί@cs μικρός@annfs- λίμνη@nnfsc γυνή@nafsc σημαίνω@vipa3s εὔπορος@anafs- καί@cs ἀφροδίσιος@andnp- χαίρω@vppaafs δέχομαι@vipe3s γάρ@b ὁ@damp εἰσβαίνω@vnpa-- βούλομαι@vppeamp καί@cs ὁ@dnfs λίμνη@nnfsc καί@cs οὐ@b ἀπείργω@vipa3s πηγή@nnfpc δέ@b καί@b κρήνη@nnfpc καί@cs πίδακες@nnfpc ὕδωρ@ndnsc καθαρός@andns- πλημμυρέω@vppanfp ἀγαθός@annfp- πᾶς@andmp- μέν@b ἐπίσης@ngfsc μάλιστα@b δέ@cs ὁ@ddmp νοσέω@vppadmp καί@cs ὁ@ddmp ἄπορος@andmp- ὅς@rpdmp μέν@b γάρ@b σωτηρία@ngfsc ὅς@rpdmp δέ@x εὐπορία@nafpc εἰμί@vipa3p σημαντικός@annfp- οὐδείς@rpnns γάρ@b οὕτωτρόφιμος@annns- ὡς@cs ὔδωρ@nnnsc αὐαίνω@vppenfp δέ@b καί@cs μή@b ἔχω@vppanfp ὕδωρ@nansc ὁ@danp ἐναντίος@ananp- πᾶς@andmp- σημαίνω@vipa3p"
"Oneir._2.28","ἕλος@nnfsp ποιμήν@ndmpc μόνος@andmp- συμφέρω@vipa3s ὁ@ddmp δέ@b λοιπός@andmp- ἄτολμος@vppanms εἰμί@vipa3s σημαντικός@annnp- καί@cs ὁ@ddmp ὁδεύω@vppadmp ἐμπόδιος@annnp- γίγνομαι@vipe3s οἰάτες@nnmsc ἐν@p αὐτός@rpdmp ἀνοδία@nafpc ὅρος@nnnpc δέ@b καί@b νάπη@nnfpc καί@b ἄγκη@nnfsc καί@b φάραγξ@nnfpc καί@cs ὗλαι@nnfpc πᾶς@andmp- δυσθυμία@nafpc καί@b φόβος@nampc καί@b ταραχή@nafpc καί@cs ἀνεργασία@nafpc σημαίνω@vipa3p δοῦλος@ndmpc δέ@cs καί@cs κακοῦργος@andmp- βάσανος@nampc καί@b πληγή@nafpc καί@cs πλούσιος@andmp- βλάβη@nafpc διά@p ὁ@dans κατακόπτω@vnpe-- καί@cs ἀεί@b τις@rpans ἀποβάλλω@vnpa-- ἀεί@b δέ@b μείς@annnsc οὗτος@rpanp διεκπεράω@vnpa-- καί@b ὁ@dafp ἐναὐτός@rpdmp ὁδός@nafpc εὑρίσκω@vnpa-- καί@b ἀπό@p οὗτος@rpgfp εἰς@p πεδίον@nanpc κάτειμι@vnpa-- καί@cs μηκέτι@b ἐν@p αὐτός@rpdnp εἰμί@vppaams διυπνίζω@vnpe-- οἷος@anafp- δέ@b ἄν@b ὁδός@nafpc ὁδεύω@vnpa-- τις@rpnms ὑπολαμβάνω@vsaa3s τοιοῦτος@rpdms χράω2@vifm3s ὁ@ddms βίος@ndmsc ὁ@dnfp μέν@b γάρ@b πλατύς@annfp- καί@cs ὁμαλής@annfp- καί@cs ἐν@p πεδίον@ndnsc εἰμί@vppanfp πολύς@anafss εὐμάρεια@nafsc ἐν@p ὁ@ddnp πράσσω@vppednp προαγορεύω@vipa3p ὁ@dnfp δέ@b λεῖος@annfp- μέν@b ἀνάντης@annfp- δέ@b μετά@p παρολκή@ngfsc καί@cs δυσθυμία@ngfsc σημαίνω@vipa3p ἀνύω@vnfa-- ὁ@danp πρόκειμαι@vppeanp ὁ@dnfp δέ@b κατάντεις@annfp- παῖς@andmp- εἰμί@vipa3p ἄπρακτος@annfp- πλήν@p ὁ@dgmp φοβέω@vppegmp καί@cs φεύγω@vppagmp ταχύς@anansc γάρ@b ἀποφεύγω@vnaa-- προαγορεύω@vipa3p στενός@annfp- δέ@b παντελής@b δυσθυμία@nafpc σημαίνω@vipa3p"
"Oneir._2.29","δικαστήριον@nnnpp καί@b δικαστής@nnmpc καί@b δικολόγος@nnmpc καί@cs νομοδιδάκτης@nnmpc πᾶς@andmp- ταραχή@nafpc καί@b δυσθυμία@nafpc καί@cs δαπάνη@nafpc ἄκαιρος@anafp- προμαντεύομαι@vipe3p καί@cs ὁ@danp κρυπτός@ananp- ἐλέγχω@vipa3p ὁ@ddmp δέ@b νοσέω@vppadmp κρίσιμος@anafp- ἡμέρα@nafpc προαγορεύω@vipa3p ἐν@p ὅς@rpdfp ἐάν@cs μέν@b κατά@p ’@p ὄναρ@nansc νικάω@vspa3p ἐπί@p ὁ@dans βελτίων@anansc μεταβάλλω@vifa3p ἐάν@cs δέ@cs λείπω@vsap3p κατά@p ὄναρ@nansc θνῄσκω@vifm3p εἰ@cs δέ@b τις@rpnms δίκη@nafsc ἔχω@vppanms ὑπολαμβάνω@voaa3s ἐν@p ὁ@ddfs ὁ@dgms δικαστής@ngmsc χώρα@ndfsc κατάἕζομαι@vnpe-- οὐ@b λείπω@vifp3s οὐ@b γάρ@b ὁ@dnms δικαστής@nnmsc ἑαυτοῦ@rpgms καταδικάζω@vipa3s ἀλλά@cs ἄλλος@rpgmp παῖς@andmp- δέ@b ὁ@ddmp δίκη@nafsc ἔχω@vppadmp ἰατρός@nnmpc ὁράω@vppenmp ὁ@dams ἴσος@anams- ὁ@ddmp συνήγορος@andmp- ἐπώχατο@vipa3p λόγος@namsc"
"Oneir._2.30","βασιλεύω@vnpa-- ὁ@ddms μέν@b νοσέω@vppadms θάνατος@namsc προαγορεύω@vipa3s ἀνυπότακτος@annms- γάρ@b μόνος@annms- ὁ@dnms βασιλεύς@nnmsc ὥσπερ@cs καί@b ὁ@dnms ἀποθνήσκω@vpaanms ὁ@ddms δέ@b ἐρρωμένος@vppedms ὁ@dgmp συγγενής@angmp- ἀπώλεια@nafsc πᾶς@angmp- καί@cs κοινωνός@ngmpc χευρισμός@namsc ἀκοινώνητος@annfs- γάρ@b ὁ@dnfs βασίλεια@nnfsc κακοῦργος@andms- δέ@x δεσμός@nanpc σημαίνω@vipa3s καί@cs ὁ@danp κρυπτός@ananp- ἐλέγχω@vipa3s ἐκφανής@annms- γάρ@b ὁ@dnms βασιλεύς@nnmsc εἰμί@vipa3s καί@cs ὑπό@p πολύς@angmp- φρουρέω@vipe3s ὁ@dnns δέ@b αὐτός@rpnns σημαίνω@vipa3s καί@cs ὁ@dnfs βασιλικός@annfs- σκευή@nnfsc οὗτος@rpnns εἰμί@vipa3s διάδημα@nnnsc καί@cs σκῆπτρον@nnnsc καί@cs ἁλουργίς@nnfsc βασιλεύω@vnpa-- πένης@nnmsc ἐάν@cs δόξα@vsaa3s πολύς@ananp- πρᾶξις@vifa3s ἔνδοξος@b μέν@b ἀκερδής@b δέ@x δοῦλος@ndmsc δέ@b ὁ@dnns βασιλεύω@vnpa-- ἐλευθερία@nafsc προαγορεύω@vipa3s πάντως@b γάρ@b χρ@vipa3s ὁ@dams βασιλεύς@namsc ἐλεύθερος@anams- εἰμί@vnpa-- ἄριστον@anans- δέ@b φιλόσοφος@ndmsc καί@cs μάντις@ndmsc ὁ@dans βασιλεύω@vnpa-- οὐδείς@rpans γάρ@b ὑγιής@angfs- γνώμη@ngfsc ἐλευθέριος@anansc οὐ@b δέ@cs βασιλικός@anansc ὑπολαμβάνω@vipa1p εἰμί@vnpa-- στρατηγέω@vnpa-- δέ@b ὁ@ddmp μέν@b ἠθάς@andmp- ἀγαθός@annns- πένης@ndmpc δέ@b ταραχή@nafpc σημαίνω@vipa3s καί@cs περιβοησία@nafpc δοῦλος@ndmpc δέ@cs ἐλευθερία@nafsc γραμματεύω@vnpa-- δέ@b δοκέω@vnpa-- ἀλλότριος@angnp- καί@cs οὐδείς@rpans προσήκω@vppagnp σημαίνω@vipa3s φροντίζω@vnaa-- πρᾶγμα@ngnpc ἐκ@p ὅς@rpgnp κάματος@nnmsc μέν@b ὁ@ddms δίδωμι@vpaadms καί@cs πόνος@nnmsc εἰμί@vifm3s ὠφέλεια@nnfsc δέ@cs οὐ@b δέ@cs ὅστις@b νοσέω@vppadms δέ@b καί@b οὗτος@annfs- ὁ@dnfs ἀρχή@nnfsc θάνατος@namsc προσημαίνει@vipa3s διά@p ὁ@dans προάγω@vnpa-- ὁ@dams γραμματεύς@namsc δοῦλος@ndmsc δέ@b οἰκονομία@ngfsc καί@cs πίστις@ngfsc περιποιέω@vipa3s ὁ@dnns ὄναρ@nnnsc οὗτος@rpnns ἀστυνομέω@vnpa-- δέ@b παιδονομέω@vnpa-- γυναικονομέω@vnpa-- φροντίς@nafpc καί@cs σκυλμός@anafp- ὁ@ddms εἶδον@vpaadms περιτίθημι@vipa3s διά@p δημόσιος@ananp- διά@p παιδίον@nanpc διά@p γυνή@nafpc ἀγορανομέω@vnpa-- δέ@b ὁ@ddmp ἐπί@p ἰατρικός@nafsc ὁρμάω@vppadmp συμφέρω@vipa3s καί@b μάλιστα@b ὁ@ddmp διαιτάω@vppedmp διά@p ὁ@dans τροφή@nnmpc ὁ@dams ἀγορανόμος@namsc προνοοῦμαι@vnpe-- ὁ@ddmp δέ@b λοιπός@andmp- ταραχή@nafpc καί@cs περιβοησία@nafpc σημαίνω@vipa3s νέω@vipa3s ἐάν@cs δέ@b καί@b πρᾶγμα@nanpc ποιέω@vspa3s καί@cs δαπάνη@nafpc ἄχρηστος@anafp- πάντως@b καί@b ψόγος@anamp- ἔχω@vifa3s οὐ@b γάρ@b εἰμί@vipa3s ἀγορανομέω@vppaams ἄνευ@p οὗτος@rpgnp διάγω@vnpa-- ἐπίδοσις@nafpc δέ@b δημόσιος@anafp- ἐπιδίδωμι@vnpa-- παρά@p ἑαυτοῦ@rpgms ὁ@ddmp μέν@b νοσέω@vppadmp θάνατος@namsc προαγορεύω@vipa3s καί@cs ὁ@dgfs οὐσία@ngfsc σκορπισμός@namsc καί@cs διάλυσις@nafsc ὁ@ddmp δέ@cs ἐρρωμένος@vppedmp ταραχή@nafpc καί@cs περιβοησία@nafpc μόνος@andmp- δέ@b ὁ@ddmp παντελής@b ἄπορος@andmp- ἀγαθός@annns- εἰμί@vipa3s καί@cs κερδοφόρος@annns- ὁ@dnns ὄναρ@nnnsc οὐ@b γάρ@b εἰμί@vipa3s πολύς@andmp- ἐπιδίδωμι@vnpa-- μή@b οὐ@b πολύς@ananp- ἔχω@vppaanp ἀγαθός@annns- δέ@b καί@cs σκηνικός@andmp- καί@cs θυμελικός@andmp- καί@cs πᾶς@andmp- ὁ@ddmp εἰς@p ὄχλος@namsc καθίημι@vppadmp ἑαυτοῦ@rpamp τιμή@nafsc γάρ@x πολύς@anafs- κετάομαι@vnam-- σημαίνω@vipa3s εὐφημέω@vipe3p γάρ@b ὁ@dnmp ὁ@dafp ἐπίδοσις@nafpc δίδωμι@vppanmp δίδωμι@vppegfs δέ@b ἐπίδοσις@ngfsc δοκέω@vnpa-- λαμβάνω@vnpa-- ἀγαθός@anans- μή@b λαμμιινάω@vnpa-- δέ@cs πονηρός@annns- πᾶς@andmp- ἐάν@cs τε@cs δημόσιος@annfs- ὁ@dnfs ἐπίδοσις@nnfsc εἰμί@vspa3s ἐάν@cs τε@cs ἰδιωτικός@annfs- θάνατος@namsc γάρ@b ἄντικρυς@b προαγορεύω@vipa3s ἐπεί@cs μηκέτι@b ὁ@ddmp ἀποθνήσκω@vpaadmp ὁ@dnfs ἐπίδοσις@nnfsc δίδωμι@vipe3s ὁδα@rpnmp δέ@b τις@rpams εἰς@p ὄλυμπια@nanpp ἄνειμι@vppaams ἐπί@p ὁ@ddns ἀγωνίζομαι@vnam-- ὅς@rpnms δοκέω@viaa3s ὁ@damp ἑλλανοδίκης@nampp ὁ@ddmp ἀθλητής@ndmpc δίδωμι@vnpa-- ἄρτος@nampc αὐτός@rpdms δέ@cs ὑστερέω@vpaadms μηκέτι@b ἔχω@vnpa-- ὅς@rpans τις@anans- δίδωμι@vnaa-- καί@b ὁ@dnmp μέν@b ἄλλος@rpnmp πᾶς@annmp- δοκέω@viia3p αὐτός@rpams οὐ@b καταλαμβάνω@vnfm-- ὁ@dams ἀγών@namsc ἐγώ@rpdms δέ@b δίκαιος@annns- δοκέω@viia3s καί@b δή@b οὕτως@b ἀποβαίνω@viaa3s μετά@p γάρ@b ὁ@dafp ἀπογραφή@nafpc εὐθύς2@b ἀποθνῄσκω@viaa3s οἷος@rpnfs δέ@b ἄν@b ἀρχή@nnfsc πορφύρα@nafsc ἤ1@cs χρυσός@namsc ὁ@dams ἄρχω@vppaams ἀναγκάζω@vspa3s φορέω@vnpa-- ὄλεθρος@namsc ὁ@ddmp νοσέω@vppadmp σημαίνω@vipa3s καί@cs ὁ@danp κρυπτός@ananp- ἐλέγχω@vipa3s ὁ@dnns δέ@b ἱερόω@vnam-- καί@cs ἱερωσύνη@nafsc παρά@p δῆμος@ngmsc λαμβάνω@vnpa-- ἀγαθός@annns- πᾶς@andmp- πλήν@p ὁ@dgmp ἀποκρύπτω@vppegmp ἐπίσημος@annmp- γάρ@b ὁ@dnmp ἐρῶ@nnmpc ὁ@rpgms δέ@b ἄν@cs ὑπολαμβάνω@vsaa3s τις@rpnms θεός@ngmsc ερεύς@vpaanms εἰμί@vnpa-- τοιοῦτος@anans- αὐτός@rpdms καί@b ὁ@dans ἀγαθός@anans- ἀποβαίνω@vifm3s ἤ1@cs ἀπό@p τοιοῦτος@angmp- ἀνήρ@ngmpc ἤ1@cs γυνή@ngfpc σύστημα@ngnpc δέ@b οἰκία@nafpc ἄρχω@vnpa-- ἤ1@cs ἐπιτροπεύω@vnpa-- πᾶς@andmp- σκυλμός@nampc καί@cs ἀηδία@nafpc βιωτικός@anafp- περιτίθημι@vipa3s πολλάκις@b δέ@cs καί@b ζημία@nafpc μάλιστα@b δέ@cs ὁ@ddmp δοκέω@vppadmp παρά@p ἑαυτοῦ@rpgmp φιλοτιμέομαι@vnpe-- καί@cs δεῖπνον@nanpc ποιέω@vnpa-- ἐπίδοσις@nafpc δίδωμι@vnpa-- πᾶς@annfs- δέ@b ἱερωσύνη@nnfsc καί@cs πᾶς@annfs- ἀρχή@nnfsc ὅς@rpgfs μή@b μέτειμι1@vipa3s γυνή@ndfsc ἐάν@cs ὑπολαμβάνω@vsaa3s γυνή@nnfsc ἱερατεύω@vnpa-- ἤ1@cs ἄρχω@vnpa-- θάνατος@namsc αὐτός@rpdfs προαγορεύω@vipa3s καί@b πάλιν@b αὖ@b πᾶς@annfs- ἱερωσύνη@nnfsc καί@cs πᾶς@annfs- ἀρχή@nnfsc ὁ@cs μή@b μέτειμι@vipa3s ἀνήρ@ndmsc ἐάν@cs ἀνήρ@nnmsc ὑπολαμβάνω@vsaa3s ἱερατεύω@vnpa-- ἤ1@cs ἄρχω@vnpa-- ὅμοιος@b αὐτός@rpdms προαγορεύω@vipa3s θάνατος@namsc"
"Oneir._2.31","πόλεμος@nnmsp καί@cs ὁ@dnnp πόλεμος@ngmsc ἔργον@nnnpc πᾶς@andmp- ταραχή@nafpc σημαίνω@vipa3s καί@cs δυσθυμία@ngfsc πλήν@p στρατιώτης@ngmpc καί@cs ὁ@dgmp ἐκ@p ὅπλον@ngnpc ἤ1@cs ἐν@p ὅπλον@ndnpc ἐργάζομαι@vppegmp οὗτος@rpdnp δέ@b εὐπορία@nafsc προαγορεύω@vipa3s ὁ@dgnp δέ@b ὅπλον@ngnpc ὁ@dnnp μέν@b σκεπαστικός@annnp- πολύς@anafs- ἀσφάλεια@nafsc προαγορεύω@vipa3s οἷος@rpans ἀσπίς@nnfsc καί@cs κράνος@nnmsc καί@cs θώραξ@nnmsc καί@cs κνημίς@nnfpc ὁ@dnnp δέ@b ἑκηβόλος@nnnpc πολλάκις@b καί@b ἀκούσιος@annnp- ἁμάρτημα@ngnpc αἴτιος@annnp- γίγνομαι@vipe3s καί@b στάσις@ngfsc καί@cs φιλονεικία@ngfsc οἷος@anans- δόρυ@nnnsc καί@b λόγχη@nnnpc καί@b ἀκόντιον@nnnsc καί@cs σφενδόνη@nnfsc μάχαιρα@nnfsc δέ@b καί@cs ξίφος@nnnsc ὁ@dams θυμός@namsc ὁ@dgms εἶδον@vpaagms σημαίνω@vipa3p καί@b ὁ@dgfp χείρ@ngfpc ὁ@dans ἰσχυρός@ananss καί@cs ὁ@dgfs γνώμη@ngfsc ὁ@dans τολμηρός@ananss ἴδιος@b δέ@b ὁ@dnfs ἀσπίς@nnfsc γυνή@nafsc σημαίνω@vipa3s καί@cs ὁ@dnfs περικεφαλαία@nnfsc πλούσιος@anafs- μέν@b καί@cs εὔμορφος@anafs- ὁ@dnfs πολυτελής@annfs- πενιχρός@anafs- δέ@b καί@cs ἄμορφος@anafs- ὁ@dnfs μή@b πολυτελής@annfs- στρατολογέω@vnpe-- δέ@b στρατεύω@vnpe-- ὁ@ddmp ὁποιοσοῦν@vppanns νοσέω@vppadmp θάνατος@namsc σημαίνω@vipa3s καί@b γάρ@b ὁ@b στρατεύω@vpamnms ἐκ@p ἰδιωτικός@angns- μεταβάλλω@vipa3s ὁ@dams ἑαυτοῦ@rpgms βίος@namsc καί@cs ἐν@p ἄλλος@andfp- γίγνομαι@vipe3s διατριβή@ndfpc ὁ@dafs πρῶτος@anafs- καταλιμπάνω@vpaanms πολλάκις@b δέ@b καί@b πρεσβύτης@ndmpc θάνατος@namsc προαγορεύω@viaa3s ὁ@ddmp δέ@cs λοιπός@andmp- σκυλμός@nafpc τε@b καί@b ἀηδία@nafpc καί@b κίνησις@nafpc προαγορεύω@vipa3s καί@cs ἀποδημία@nafpc ἀργός2@andmp- δέ@b καί@cs ἄπορος@andmp- πρᾶξις@nafpc σημαίνω@vipa3s καί@cs ἐργασία@nafpc οὐ@b τε@cs γάρ@b ἀργός2@annms- ὁ@dnms στρατιώτης@nnmsc οὐτε@b ἐνδεής@annms- εἰμί@vipa3s δοῦλος@ndmpc δέ@b ἐν@p τιμή@ndfsc μέν@b γίγνομαι@vnam-- σημαίνω@vipa3s μηδέπω@b δέ@cs ἐλευθερόω@vnap-- πολύς@annmp- δέ@b καί@b ἐλευθερόω@vpapnmp οὐδείς@rpans σσον@viia3p δουλεύω@viaa3p τε@b καί@cs δουλεύω@viaa3p καί@b γάρ@b εἰ@cs καί@b ἐλεύθερος@annms- ὁ@b στρατιώτης@nnmsc οὐδείς@rpans ἥσσων@anansc ὑπηρετέω@vipa3s"
"Oneir._2.32","μονομαχέω@vnpa-- δέ@b δικάζω@vnam-- ἄλλος@anafs- στάσις@nafsc μάχη@nafsc μάχομαι@vnam-- καί@cs γάρ@b ὁ@dnfs πυγμή@annfs- μάχη@nnfsc καλέω@vipe3s εἰ@cs καί@b μή@b διά@p ὅπλον@ngnpc γίγνομαι@vipe3s ἄ@b δή@b ὁ@danp ἔγγραφος@ananp- καί@cs δίκαιος@ananp- ὁ@dgmp μάχομαι@vppegmp σημαίνω@vipa3s ἀεί@b δέ@cs ὁ@danp μέν@b ὁ@dgms φεύγω@vppagms ὅπλον@nanpc ἐγκαλέω@vnap-- σημαίνω@vipa3s ὁ@danp δέ@b ὁ@dgms διώκω@vppagms ἐγκαλέω@vnaa-- τηρέω@viaa1s δέ@b ἐγώ@rpncs πολλάκδις@b καί@b γάμος@namsc ὁ@dans τοιοῦτος@rpans ὄναρ@nansc προαγορέω@vppaafs γυνή@ngfsc τοιοῦτος@rpgfs οἷος@rpanp ἄν@b τις@rpncs εἰμί@vspa3s ὅπλον@nanpc ἔχω@vppanms οἷος@rpdms ἄν@b τις@rpnms ὑπολαμβάνω@vsaa3s πυκτεύω@vnpa-- ἐπεί@cs δέ@b ἄνευ@p ὁ@dgnp ὄνομα@ngnpc αὐτός@angnp- οὐ@b ἄν@b εἰμί@vopa3s σαφής@b παρίστημι@vnaa-- ὁ@dafp ἀπόδειξις@nafpc χράω2@vifm1s καί@b ὁ@ddnp ὄνομα@ndnpc οἷος@rpans εἰ@cs μέν@b θρᾷξ@b πυκτεύω@vopa3s τις@rpnms λαμβάνω@vifm3s γυνή@nafsc πλούσιος@anafs- καί@b πάνουργος@anafs- καί@cs φιλόπρωτος@anafs- πλούσιος@anafs- μέν@b διά@p ὁ@dans κατασκέπομαι@vnre-- ὁ@ddnp ὅπλον@ndnpc πάνουργος@anafs- δέ@b διά@p ὁ@dans μή@b ὀρθός@anans- ἔχω@vnpa-- ὁ@dans ξίφος@nansc φιλόπρωτος@anafs- δέ@b διά@p ὁ@dans ἐπιβαίνω@vnpa-- εἰ@cs δέ@b τις@rpnms μετά@p ἀργύρεος@angnp- ὅπλον@ngnpc πυκτεύω@vopa3s λαμβάνω@vifm3s γυνή@nafsc εὔμορφος@anans- κατά@anans- ἠρέμα@nansc πλούσιος@anafs- καί@b πιστός@anafs- καί@b οἰκουρός@anafs- καί@cs πείθω@vppeafs ὁ@ddms ἀνήρ@ndmsc καί@b γάρ@b ὑποβαίνω@vipa3s καί@cs σκέπτομαι@vire3s καί@cs εὔμορφος@annfsc ὁ@dnfs πανοπλία@nnfsc οὗτος@annfs- ὁ@dgfs πρότερος@angfs- εἰ@cs δέ@b σεκούτορ@ndmsc εὔμορφος@anafs- μέν@b λαμβάνω@vifm3s γυνή@nafsc καί@cs πλούσιος@anafs- μέγας@ananp- δέ@x φρονέω@vppaafs ἐπί@p ὁ@ddfs οὐσία@nvfsc καί@cs διά@p οὗτος@rpans καταφρονέω@vppaafs ὁ@dgms ἀνήρ@ngmsc καί@cs κακός@angnp- πολύς@angnp- αἰτία@nafsc εἰμί@vpfmafs ἀεί@b γάρ@x διώκω@vipa3s εἰ@cs δέ@b ῥητιάριον@ndnsc λαμβάνω@vifm3s γυνή@nafsc ἄπορος@anafs- καί@cs ἐρωτικός@anafs- καί@cs φοιτάς@anafs- καί@cs ῥᾴδιος@ananps ὁ@ddms βούλομαι@vppedms πλησιάζω@vppaafs ἱππεύς@nnmsc δέ@b ὁ@dafs γυνή@nafsc πλούσιος@anafs- μέν@b εἰμί@vnpa-- λέγω3@vipa3s καί@cs εὐγενής@anafs- φρήν@ngfpc δέ@cs οὐ@b μετέχω@vppaafs ὁ@dnms δέ@b ἀσσιδάριος@annms- ἀργός2@nafsc καί@cs μωρός@anafs- εἰμί@vnpa-- ὁ@dafs γυνή@nafsc σημαίνω@vipa3s ὁ@dnms δέ@b προβοκάτωρ@nnmsc εὔμορφος@anafs- μέν@b καί@cs χαρίεις@anafs- λαμυρός@anafs- δέ@x καί@cs ἐρωτικός@anafs- διμάχαιρος@nnmsc δέ@b καί@cs ὁ@dnms λέγω3@vppenms ἀρβήλας@nafpc ἤτοι@cs φαρμακός@anafs- ἄλλως@b κακότροπος@anafs- ἤ1@cs ἄμορφος@anafs- εἰμί@vnpa-- ὁ@dafs γυνή@nafsc σημαίνω@vipa3p οὗτος@rpanp οὐ@b πιθανεύομαι@vppenms οὐ@b δέ@cs κατά@p ὁ@dans ἔοικα@vpraans συντίθημι@vppanms λόγος@nampc γράφω@vipa1s ἀλλά@cs ἀπό@p πεῖρα@nafpc ὁ@dgmp ἑκάστοτε@b ἀποβαίνω@vppagmp πολλάκις@b τηρέω@viaa1s"
"Oneir._2.33","θύω@vnpa-- θεός@ndmpc ὁ@danp νομίζω@vpreanp ἕκαστος@andms- ἀγαθός@anans- πᾶς@andmp- ἤ1@cs γάρ@b τυγχάνω@vpaanmp ἀγαθός@angnp- ἤ1@cs κακός@ananp- φεύγω@vpaanmp ἄνθρωπος@nnmpc θεός@ndmpc θύω1@vipa3p ὁ@danp δέ@b ἀνόσιος@ananp- ἤ1@cs μή@b νομίζω@vpreanp ἱερεῖον@nanpc θύω@vnpa-- θεός@ndmpc μῆνις@nafsc ὁ@dgmp θεός@ngmpc ὅς@rpdnp θύω@viaa3s τις@rpnms προαγορεύω@vipa3s ἄλλος@rpamp δέ@b θύω1@vppaamp εἶδον@vnaa-- πονηρός@anans- τις@rpdcs νοσέω@vppadms καί@b ἄν@cs σκληπιός@ndnsc θύω1@vppaamp ὁράω@vsaa3s διά@p ὁ@dafs ὁ@dgms θύω1@vppegms ἱερεῖον@ngnsc ἀναίρεσις@nafsc θάνατος@namsc γάρ@x σημαίνω@vipa3s στεφανόω@vnpa-- δέ@b θεός@nampc ἄνθος@ndnpc καί@cs κλάδος@ndmpc ὁ@ddmp προσήκω@vppadmp καί@cs νομίζω@vpredmp ὅσιος@andmp- εἰμί@vnpa-- ἀγαθός@anams- πόσις@namsc οὐ@b ἄνευ@p μέντοι@b φροντίς@ngfpc ἀποβαίνω@vpfmams δοῦλος@ndmsc δέ@b παραινέω@vipa3s ὁ@dans τοιοῦτος@rpans πείθω@vnpe-- ὁ@ddms δεσπότης@ndmsc καί@b ὁ@danp ἐκεῖνος@rpdms χαρίζομαι@vpreanp ποιέω@vnpa-- ἐκμάσσω@vnpa-- δέ@b ἄγαλμα@nanpc θεός@ngmpc ἀλείφω@vnpa-- καθαίρω@vnpa-- σαρόω@vppaans ὁ@danp πρό@p ὁ@dgnp ἄγαλμα@ngnpc καί@cs ῥαίνω@vnpa-- ὁ@danp περί@p ὁ@damp ναός@nampc ἁμαρτάνω@vnra-- τις@rpans εἰς@p αὐτός@anamp- ἐκεῖνος@rpamp ὁ@damp θεός@nampc σημαίνω@vipa3s οἶδα@vira1s δέ@b τις@rpams ἐπί@p οὗτος@andms- ὁ@ddms ὄνειρος@ndmsc ἐπιορκέω@vpraams οὗτος@anams- ὁ@dams θεός@namsc οὖ@b δοκέω@viia3s ὁ@dans ἄγαλμα@nansc καθαίρω@vnpa-- καί@b οὗτος@rpnns εἰμί@viia3s ὅσπερ@rpans προαγορεύω@viia3s αὐτός@rpdms ὁ@dnms ὄνειρος@nnmsc δεῖ@vnpa-- ἱκετεύω@vnpa-- ὁ@dams θεός@namsc συντρίβω@vnpa-- δέ@b θεός@ngmpc ἄγαλμα@nanpc καί@cs ἐκβάλλω@vnpa-- ὁ@dgfs οἰκία@ngfsc ἱδρύω@vpreanp ἔνδον@b ἤ1@cs καταρρίπτω@vnpa-- ναός@namsc τις@rpans ὁ@dgnp οὐ@b ὅσιος@angnp- ἐν@p ναός@ndmsc ποιέω@vnpa-- πονηρός@annns- ἄν@b εἰμί@vopa3s παῖς@andmp- καί@cs περίστασις@nafpc μέγας@anafp- σημαίνω@vipa3s ὁ@dnmp γάρ@b ἐν@p μέγας@andfp- συμφορά@ndfpc γίγνομαι@vpamnmp καί@b ὁ@dgfs πρός@p θεός@nampc εὐσέβεια@ngfsc ἀφίστημι@vipe3p αὐτόματος@annmp- καί@cs ὁ@dnnp ἀγάλμια@annnp- αὐτός@rpgmp συμπίτνω@vppannp θάνατος@namsc ὁ@ddms εἶδον@vpaadms ἤ@cs τις@rpdms ὁ@dgmp αὐτός@rpgms προαγορεύω@vipa3s θεός@nnmpc δέ@b θεός@ndmpc θύω@vppanmp ἐρῆμος@anams- ὁ@dams οἶκκος@namsc ὁ@dgms εἶδον@vpaagms εἰμί@vnfm-- σημαίνω@vipa3p ὡς@cs γάρ@b οὐ@b εἰμί@vppagmp ἄνθρωπος@ngmpc ἑαυτοῦ@rpdmp θύω1@vipa3p κινέω@vppeanp δέ@b ὁ@dnnp ὁ@dgmp θεός@ngmpc ἄγαλμα@nnnpc πᾶς@andmp- φόβος@nampc καί@cs ταραχή@nafpc σημαίνω@vipa3s πλν@p ὁ@dgmp δέω1@vpregmp καί@cs ὁ@dgmp ἀποδημέω@vnpa-- προαιρέω@vpregmp οὗτος@rpgmp γάρ@b ὅς@rpamp μέν@b λύω@vnap-- σημαίνω@vipa3s ἵνα@cs εὐκείνητος@annmp- γίγνομαι@vsam3p ὅς@rpamp δέ@b κινέω@vipa3s ὁ@dgfs ἕδρα@ngfsc καί@cs ἐξάγω@vipa3s"
"Oneir._2.34","ὁ@dgmp θεός@ngmpc ὁ@dnmp μέν@b εἰμί@vipa3p νοητός@annmp- ὁ@dnmp δέ@cs αἰσθητός@annmp- νοητός@annmp- μέν@b ὁ@dnmp πλείων@annmpc αἰσθητός@annmp- δέ@cs ὀλίγος@annmp- δείκνυμι@vifa3s δέ@b ἔτι@b ὁ@dnms ἔπειμι1@vppanms λόγος@nnmsc ἀκριβής@anansc φημί@vipa3p δέ@b ὁ@dgmp θεός@ngmpc ὁ@damp μέν@b ὀλύμπιος@anamp- εἰμί@vnpa-- ὅς@rpamp καί@b αἰθέριος@anamp- καλέω@vipa1p ὁ@damp δέ@b οὐράνιος@anamp- ὁ@damp δέ@b ἐπίγειος@anamp- ὁ@damp δέ@b θαλάσσιος@anamp- καί@cs ποτάμιον@nampc ὁ@damp δέ@b χθόνιος@anamp- ὁ@damp δέ@cs πέριξ@p οὗτος@rpgmp αἰθέριος@annmp- μέν@b οὖν@b λέγω3@viie3p ἄν@rpgnp εἰκότως@b ζεύς@nnmsp καί@b ἥρα@nnfsp καί@b λφροδίτη@nnfsc ὁ@dnfs οὐράνιος@nnfsp καί@b ἄρτεμις@nnfsp καί@b ἀπολλων@nnmsp καί@b πῦρ@nnnsp ὁ@dnns αἰθέριος@annns- καί@cs ἀθηνᾶ@nnfsp οὐράνιος@annmp- δέ@cs ἥλιος@nnmsp καί@b σελήνη@nnfsp καί@b ἄστρον@nnnpc καί@b νέφος@nnnpc καί@b ἄνεμμος@nnmpc καί@cs ὁ@dnnp ὑπό@p οὗτος@rpgnp συνιστάω@vppennp παρήλιος@nnnpc καί@b δοκίς@nnfpc καί@b σέλας@nnnsc καί@cs ἶρις@nnfsp ἐν@nnfpc δέ@b οὗτος@annfp- ὁ@dgmp δέ@b ἐπίγειος@angmp- αἰσθητός@annfp- μέν@b ἑκάτη@nnfsp καί@b πάν@nnmsp καί@b ἐφιάλτης@nnmsp καί@b σκληπιός@nnmsc οὗτος@rpnms δέ@b καί@b νοητός@annms- ἅμα@b λέγω3@vipe3s νοητός@annmp- δέ@cs διόσκορος@nnmpp καί@b ἐρακλῆς@nnmsc καί@b διόνυσος@nnmsp καί@b ἑρμῆς@nnmsp καί@b νέμεσις@nnmpp καί@annmp- ἀφροδίτη@nnfsp ἡπάνδημος@annfs- καί@b ἥφαιστος@nnmsp καί@b τύχη@nnfsp καί@b πειθώ@nnfsp καί@b χάρις@nnfpp καί@b ὥρα@nnfpp καί@b νύμφη@nnfpp καί@cs ἑατία@nnfsp θαλάσσιος@annmp- δέ@b νοητός@annmp- μέν@b ποσειδῶν@nnmsp καί@b ἀμφιτρίτη@nnfsp καί@b νηρεύς@nnmsp καί@b νηρηίς@nnfpp καί@b λευκοθέα@nnfsp καί@cs φόρκυς@nnmsp αἰσθητός@annfp- δέ@cs αὐτός@annfs- ὁ@dnfs θάλασσα@nnfsp καί@b κῦμα@nnnpp καί@b αἰγιαλός@nnmpp ποταμός@nnmpp τε@b καί@b δίμνη@nnfpp καί@b νύμφη@nnfpp καί@cs ἀχελῷος@nnmsp χθόνιος@nnmpc δέ@b πλοῦτος@nnmsp καί@b περσεφόνη@nnfsp καί@b δημήτηρ@nnfsp καί@b κόρη@nnfpp ἴακχος@nnfsp καί@b σάραπις@nnmsp καί@b ἶσις@nnmsp καί@b ἄνουβις@nnmsp καί@b ἁρποκράτης@nnmsp καί@b ἑκάτη@annfs- ἡχθονία@annfs- καί@b ἐρινύς@nnfpp καί@b δαίμων@nnmpp ὁ@dnmp περί@p οὗτος@rpamp καί@b φόβος@nnmsp καί@cs δεῖμος@nnmsp ὅς@rpamp ἔνιοι@annmp- ἄρης@ngmsp υἱός@nnmpc λέγω3@vipa3p αὐτός@anams- δέ@b ὁ@dams ἄρης@namsp πη@b μέν@b ἐν@p ὁ@ddnp ἐπίγειος@andmp- πη@b δέ@cs ἐν@p ὁ@ddnp χθόνιος@andnp- κατατακτέον@annns- ὁ@dnmp δέ@b πέριξ@p οὗτος@rpgmp ὠκεανός@nnmsp καί@b τηθύς@nnfsp καί@b κρόνος@nnmsp καί@b τιτάν@nnmpp καί@cs φύσις@nnfsp ὁ@dnfs ὁ@dgmp ὅλος@angmp- εἰ@cs δέ@b τις@rpams ἄλλος@anams- προβαίνω@vppanms ὁ@dnms λόγος@nnmsc ὑπόμνησις@vifa3s ὁ@dgmp θεός@ngmpc οὐ@b παραλείπω@vifa1p ὁ@dams περί@p αὐτός@rpgms λόγος@namsc οὗτος@angmp- δέ@b ὁ@dgmp ἐρῶ@vpregmp θεός@ngmpc ὁ@ddmp μέν@b μέγας@anans- δύναμαι@vppedmp ἀνήρ@ndmpc καί@cs γυνή@ndfpc ὁ@dnmp ὀλύμπιος@annmp- συμφέρω@vipa3p ὁράω@vppenmp ὁ@ddmp δέ@b μέτριος@andmp- ὁ@dnmp οὐράνιος@annmp- ὁ@ddmp δέ@cs πένης@ndmpc ὁ@dnmp ἐπίγειος@annmp- ὁ@dnmp χθόνιος@annmp- δέ@b ὡς@b ἐπί@p ὁ@dans πλεῖστος@ananss μόνος@andmp- ὁ@ddmp γεωργός@ndmpc καί@cs ὁ@ddmp λανθάνω@vnpa-- πειράω@vppedmp εἰμί@vipa3p ἀγαθός@annmp- καί@cs ὁ@dnmp θαλάσσιος@annmp- καί@cs ὁ@dnmp ποτάμιος@nnmpc ὁ@ddmp ναυτιλλόμενος@vppedmp καί@cs ὁ@ddmp ἐκ@p ὕδωρ@ngnsc διά@p ὔδαρ@ngnsc ἐργάζομαι@vppedmp ὁ@dnmp δέ@b πέριξ@p οὗτος@rpgmp πονηρός@annmp- πᾶς@andmp- πλήν@p φιλόσοφος@ngmpc καί@cs μάντις@ngmpc οὗτος@rpnmp γάρ@b καί@b μέχρι@p ὁ@dgns πέρας@ngnsc ὁ@dgnp ὅλος@angnp- τείνω@vipa3p ὁ@dafs ἑαυτοῦ@rpgmp γνώμη@nafsc περί@p δέ@b ἕκαστος@angms- αὐτός@rpgmp κατά@p ἴδιος@anafs- εἶπον@vnaa-- διδακσαλιώτης@annmd- ρον@namsc εἰμί@vnpa-- ἐγώ@rpdcs δοκέω@vipa3s πρῶτος@anans- οὖν@b περί@p ὁ@dgmp ὀλύμπιος@ngmpp ποιέω@vifm1s ὁ@dams λόγος@namsc"
"Oneir._2.35","ζεύς@namsp εἶδον@vnaa-- αὐτός@rpams ὁποῖος@anams- ὑπολαμβάνω@vira1p ἤ1@cs ἄγαλμα@nansc αὐτός@rpgms ἐν@p οὐρανός@ndmsc ἔχω@vppaans ὁ@dafs οἰκεῖος@anafs- σκευή@nafsc ἀγαθός@anans- ἀνήρ@ndmsc βασιλεύς@ndmsc καί@cs πλούσιος@andms- κρατύνω@vipa3s γάρ@b ὅς@rpgms μέν@b ὁ@dafs τύχη@nafsc ὅς@rpgms δέ@cs ὁ@dams πλοῦτος1@namsc νοσέω@vppadms δέ@b σωοτηρία@nafsc μαντεύομαι@vipe3s καί@cs ὁ@ddmp λοιπός@andmp- δέ@x εἰμί@vipa3s ἀγαθός@annms- ἀεί@b δέ@b ἀμείνων@annnsc ἀτρέμας@b ἵστημι@vpraams ἤ1@cs κατάἕζομαι@vppeams ἐπί@p θρόνος@ngmsc καί@cs μή@b κινέω@vppeams ὁ@dams θεός@namsc εἶδον@vnaa-- εἰ@cs γάρ@b κινέω@vope3s εἰ@cs μέν@b πρός@p ἀνατολή@nafpc ἀγαθός@annms- ἄν@b εἰμί@vopa3s εἰ@cs δέ@b πρός@p δύσις@nafsc πονηρός@annms- ὥσπερ@cs καί@b ὅταν@cs μή@b ὁ@dafs οἰκεῖος@anafs- ἔχω@vspa3s σκευή@nafsc ὡς@cs γάρ@b φημί@vipa3s ὁ@dnms πανύασις@nnmsp ἄπρακτος@ananp- καί@cs ἀσθενής@ananp- εἰμί@vnfm-- ὁ@dgms εἶδον@vpaagms ὁ@danp πρᾶγμα@nanpc προαγορεύω@vipa3s ἥρα@b δέ@b γυνή@ndfpc μέν@b ὁ@dnnp αὐτός@rpanp ὁ@ddms ζεύς@ndmsp σημαίνω@vipa3s ἀνήρ@ndmpc δέ@cs ηττον@ananpc ὁ@danp δέ@b αὐτός@rpanp ὁ@ddfs ἥρα@ndfsp καί@b ὁ@dnfs ῥέα@ananp- σημαίνω@vipa3s ἄρτεμις@nnfsp ὁ@ddmp φοβέω@vppedmp ἀγαθός@annfs- διά@p γάρ@b ὁ@dnns ἀρτεμής@annns- ὅσπερ@rpnns εἰμί@vipa3s ὑγιής@annns- ἄφοβος@anamp- αὐτός@rpamp διαφυλάσσω@vipa3s καί@cs γυνή@ndfpc τίκτω@vppadfp ἀγαθός@annfs- ὁ@dnfs θεός@nnfsc λοχεία@nnfsp γάρ@b καλέω@vipe3s κυνηγός@ndmpc δέ@b μάλιστα@b συμφέρω@vipa3s διά@p ὁ@dafs λγρός@anafsc καί@cs ἁλιεύς@vppadmp διά@p ὁ@dafs ιμνῆτις@nafsc δραπέτης@nnmsc δέ@b καί@cs ὁ@danp ἀπόλλυμι@vppeanp φημί@vipa3s εὑρίσκω@vnfp-- οὐδείς@rpans γάρ@b ὁ@dafs θεός@nafsc διαφεύγω@vipa3s ἀεί@b δέ@b ὁ@dnfs μέν@b ἀγρότερος@nnfsp καί@cs ἐλαφηβόλος@nnmsp πρός@p πρᾶξις@nafpc ἐπιτήδειος@anafsc ὁ@dgfs κατά@p ἄλλος@anams- τρόπος@namsc δημιουργέω@vpregfs ὁ@ddmp δέ@b ὁ@dams σεμνός@anamsc ἐπαιρέω@vpredmp βίος@namsc ὁ@dnfs καταστέλλω@vprenfs ὁ@ddns σχῆμα@ndnsc ἀμείνων@annfsc οἷος@rpnns ὁ@dnfs ἐφεαία@nnfsp καί@b ὁ@dnfs περγαία@nnfsp καί@cs ὁ@dnfs λέγω3@vppenfs παρά@p λύκιος@ndmpp ἐλεύθερος@annfs- οὐδείς@anans- δέ@b διαφέρω@vipa3s ὁ@dafs θεός@nafsc εἶδον@vnaa-- ὁποῖος@rpafs ὑπολαμβάνω@vira1p ἤ1@cs ἄγαλμα@nansc αὐτός@rpgfs ἐάν@cs τε@cs γάρ@b σάρκινος@annmp- ὁ@dnmp θεός@nnmpc φαίνω@vspe3p ἐάν@cs τε@cs ὡς@cs ἄγαλμα@nnnpc ἐκ@p ὕλη@ngfsc ποιέω@vprennp ὁ@dams αὐτός@anams- ἔχω@vipa3p θάσσων@vppaans δέ@b καί@cs ὁ@danp ἀγαθός@ananp- καί@cs ὁ@danp κακός@ananp- σημαίνω@vipa3p αὐτός@annmp- ὁ@dnmp θεός@nnmpc ὁράω@vppenmp ἤπερ@cs ὁ@dnnp ἄγαλμα@nnnpc αὐτός@rpgmp ἄρτεμις@nafsp γυμνός@anafs- εἶδον@vnaa-- κατά@p πᾶς@anams- τρόπος@namsc οὐδείς@rpdms συμφέρω@vipa3s ἀπόλλω@ngmpp μουσικός@andmp- ἀγαθός@annms- λόγος@ngmpc γάρ@b εὑρετής@nnmsc ὁ@dnms θεός@nnmsc καί@cs μουσικός@angfs- πᾶς@angfs- ἀγαθός@annms- δέ@b καί@b ἰατρός@ndmpc παιήων@ngmpp γάρ@b καλέω@vipe3s καί@b μάντις@ndmpc καί@cs φιλόσοφος@ndmpc ἐντελής@anamp- γάρ@b αὐτός@rpamp καί@cs ἔνδοξος@anamp- εἰμί@vnfm-- προαγορεύω@vipa3s καί@b ὁ@dnnp κρυπτός@annnp- ἐλέγχω@vipa3s ὁ@dnms γάρ@b αὐτός@annms- εἰμί@vnpa-- νομίζω@vire3s ὁ@ddms ἥλιος@ndmsp πολύς@angnp- ὁ@dnms δελφίνιος@annms- ἀποδημία@nafpc καί@cs κίνησις@nafpc ἔθω@vira3s σημαίνω@vnpa-- ἀθηνᾶ@nnfsp χειροτέχνης@ndfpc ἀγαθός@annfs- διά@p ὁ@dafs προσηγορία@nafsc ἐργάνη@nnfsp γάρ@b καλέω@vipe3s καί@b ὁ@ddmp γαμέω@vnaa-- βούλομαι@vppedmp σεμνός@anafs- γάρ@b καί@cs οἰκουρός@anafs- εἰμί@vnfm-- ὁ@dafs γυνή@nafsc μαντεύομαι@vipe3s ἀγαθός@annfs- δέ@b καί@b φιλόσοφος@ndmpc φρόνησις@nnfsc γάρ@b εἰμί@vnpa-- νομίζω@vire3s ὁ@dnfs θεός@nnfsc ὅθεν@b καί@b ἐκ@p ἐγκέφαλος@ngmsc γεννάω@vnre-- φημί@vipa3p αὐτός@rpafs καί@b γεωργός@andmp- ἀγαθός@annfs- ὁ@dams γάρ@b αὐτός@anams- ὁ@ddfs γῆ@ndfsc λόγος@namsc ἔχω@vipa3s ὡς@cs φημί@vipa3p ὁ@dnmp φιλόσοφος@nnmpc καί@cs ὁ@ddmp ἐπί@p πόλεμος@namsc ὁρμάω@vppadmp ἀγαθός@annfs- ὁ@dams γάρ@b αὐτός@anams- ὁ@ddms αρειλόγος@ndmsp ἔχω@vipa3s γυνή@ndfpc δέ@x ἑταίρα@ndfpc καί@cs ἀμφιχεύω@vppedfp πονηρός@ananp- ἔτι@b καί@cs γυνή@ndfpc γαμέω@vnam-- προαιρέω@vppedfp παρθένος@nnfsc γάρ@b ὁ@dnfs θεός@nnfsc πῦρ@nnnsp ὁ@dnns αἰθέριος@annns- πᾶς@andmp- ἀγαθός@annns- μάλιστα@b δέ@x ὁ@ddmp νοσέω@vppadmp σωτηρία@ngfsc γάρ@b αὐτός@rpdmp εἰμί@vipa3s σημεῖον@nnnsc ἐπεί@cs μή@b μέτειμι1@vipa3s οὗτος@rpgns ὁ@ddmp ἀποθνήσκω@vpaadmp περί@p δέ@b ὁ@dgnp οὐράνιος@angnp- ἑξῆς@b λέγω@vifa1p"
"Oneir._2.36","ἥλιος@nnmsp ἀπό@p ἀνατολή@ngfsc ἀνάἴσχω@vppanms λαμπρός@annms- καί@cs καθαρός@annms- καί@cs καταδύω@vppenms εἰς@p δύσις@nafsc ἀγαθός@annms- πᾶς@andmp- ὅς@rpdnp μέν@b γάρ@b πρᾶξις@nafpc προαγορεύω@vipa3s ἀνίστημι@vipa3s γάρ@b ἐκ@p ὕπνος@ngmsc καί@cs προτρέπω@vipe3s πράσσω@vnpa-- ὅς@rpdmp δέ@b παῖς@ngcpc γονή@nafsc ἥλιος@anafp- γάρ@b καί@b ὁ@danp ἀρσενικός@ananp- τέκνον@nanpc ὁ@dnmp γονεύς@nnmpc ὑποκορίζομαι@vppenmp καλέω@vipa3p δοῦλος@nampc δέ@b ἐλεύθερος@anamp- ποιέω@vipa3s ἥλιος@namsc γάρ@b καί@cs ὁ@dafs ἐλευθερία@nafsc καλέω@vipa3p ἄνθρωπος@nnmpc ὁ@ddmp δέ@b λοιπός@andmp- εἰς@p ἐπίκτησις@nafsc ὠφέλιμος@annms- ὁ@damp δέ@b λανθάνω@vnpa-- καί@cs ἀποκρύπτω@vnpe-- πειράω@vppeamp βλάπτω@vipa3s πᾶς@ananp- γάρ@b ἐλέγχω@vipa3s καί@cs εὐσύνοπτος@ananp- ποιέω@vipa3s ἥλιος@nnmsp ἀπό@p δύσις@ngfsc ἀνατέλλω@vppanms ὁ@danp κρυπτός@ananp- ἐλέγχω@vipa3s ὁ@dgmp λανθάνω@vnra-- δοκέω@vppagmp κατά@an---- ὁ@dams νοσέω@vppaams μετά@p ἀπόγνωσις@nafsc ἀνίστημι@vipa3s καί@cs ὁ@dams ὀφθαλμιάω@vppaams οὐ@b φημί@vipa3s τυφλόω@vnfp-- ἐκ@p πολύς@angns- γάρ@b σκότος@ngnsc ὁ@dnns φάος@nnnsc ἅπτω@vifm3s καί@b ὁ@dams ἀπόδημος@anams- ἐπανάγω@vipa3s καί@cs εἰ@cs ἀπογιγνώσκω@vprenms εἰμί@vopa3s ἀγαθός@annms- δέ@b καί@b ὁ@ddms εἰς@p δύσις@nafsc ἀπέρχομαι@vnpa-- προαιρέω@vpredms ὁ@dafs γάρ@b ἐκεῖθεν@b ἀνακομιδή@nafsc προαγορεύω@vipa3s αὐτός@rpdms καί@cs ὁ@ddms ἀπό@p δύσις@ngfsc προσδέχομαι@vppedms τις@rpams ἤδη@b γάρ@b αὐτός@rpams κινέω@vnre-- πρός@p ὁ@dafs ἐπάνοδος@nafsc σημαίνω@vipa3s ὁ@ddmp δέ@b λοιπός@andmp- πρός@p πᾶς@anans- ἐγχείρημα@nansc καί@cs πᾶς@anafs- ἐλπίς@nafsc ἐναντίος@annms- καθίστημι@vipe3s καί@cs ὁ@danp κατά@p προαίρεσις@nafsc οὐ@b ἐάω@vipa3s τελέω@vnap-- οὗτος@rpgns γάρ@b ὡς@cs εἰκός@vpranns ὁ@dafs ἐναντίος@anafs- φύσις@ndfsc κινέω@vppegms κίνησις@nafsc νοσέω@vipa3s καί@b ὁ@dnns ὅλος@annns- καί@cs ὁ@dnns ἐπί@p μέρος@ngnsc πάντως@b δέ@b καί@b ὁ@dnms εἶδον@vpaanms ὁ@dams ὄνειρος@namsc μέρος@nnnsc εἰμί@vipa3s ὁ@dgns ὅλος@angns- πρός@p λόγος@namsc δέ@b ὁ@dgnp ἐρῶ@vpregnp καί@b ὁ@dams ἀπό@p μεσημβρία@ngfsc ἤ1@cs ἄρκτος@ngfsc ἀνατέλλω@vppaams ἤ1@cs εἰς@p μεσημβρία@nafsc ἤ1@cs ἄρκτος@nafsc δύω@vppaams κρίνω@vnpa-- χρή@vipa3s ἥλιος@nnmsp ἀμαυρός@annms- ἤ1@cs ὕφαιμος@annms- ἤ@cs μψρμυρωπός@annms- πᾶς@andmp- πονηρός@annms- καί@cs ἄτοπος@annms- γίγνομαι@vipe3s οὗτος@rpans μέν@b ἀπραξία@nafpc δηλόω@vppanms οὗτος@rpans δέ@b καί@b ὁ@ddnp τέκνον@ndnpc ὁ@dgms εἶδον@vpaagms νόσος@nafsc ἠ@cs τις@rpacs κίνδυγος@anafs- ὁ@ddnp ὄμμα@ndnpc αὐτός@rpgms νόσος@nafsc προαγορεύω@vppanms ὁ@ddmp δέ@b λανθάνω@vnpa-- πειράω@vppedmp καί@cs ὁ@ddmp φοβέω@vppedmp ἐπιτήδειος@annms- τηρέω@vire3s ὁ@dnmp μέν@b γάρ@b λανθάνω@vspe3p ὁ@dnmp δέ@x οὐδείς@rpans πείθω@vifm3p πονηρός@anans- ἥσσων@anansc γάρ@x ὁ@dnms ἀμαυρός@annms- ἐπικαίω@vipa3s ἥλιος@nnmsp εἰς@p γῆ@nafsc κάτειμι@vppanms ἐμπρησμός@ngmsc καί@cs πυρκαϊά@ngfsc εἰμί@vipa3s σημεῖον@nnnsc ὁ@dans δέ@b αὐτός@rpans σημαίνω@vipa3s καί@b ἄν@cs εἰς@p τις@rpans ὁ@dgnp οἰκέω@vppegnp εἴσειμι@vspa3s ἥλιος@nnmsp ἐπί@p κοίτη@namsc τις@angms- κατάκειμαι@vprenms καί@cs ἀπειλή@vppanms νόσος@nafsc μέγας@anafs- καί@cs φλεγμονή@anafp- προαγορεύω@vipa3s λέγω3@vppanms δέ@cs τις@rpans ἀγαθός@anans- δείκνυμι@vppanms εὐπορία@ngfsc εἰμί@vipa3s σημεῖον@nnnsc πολύς@andmp- δέ@x καί@b υἱός@ngmpc γένεσις@ndnpc προαγορεύω@viaa3s ἥλιος@nnmsp ἀφανίζω@vppenms πᾶς@andmp- πονηρός@annms- πλήν@p ὁ@dgmp λανθάνω@vnpa-- πειράω@vppegmp καί@cs ὁ@danp ἀπόρρητος@ananp- ἐργάζομαι@vppegmp ὡς@cs n@n---p δέ@b ἐπί@p ὁ@dans πλεῖστος@anans- ὀφθαλμός@ngmpc πήρωσις@nafsc εἰμί@vnfm-- τέκνον@ngnpc ὄλεθρος@namsc προαγορεύω@vipa3s ἥλιος@nnmsp οὐ@b οἷος@rpnms εἰμί@vipa3s ἄλλος@rpanp ’@rpanp οἷος@rpnms νομίζω@vire3s ἐν@p ἄνθρωπος@ngmsc ἰδέα@namsc βλέπω@vppenms σκευή@nafsc ἔχω@vppanms ἡνίοχος@ngmsc ἀθλητής@ndmpc ἀγαθός@annms- καί@cs ὁ@ddmp ἀποδημέω@vnpa-- ἐπιχειρέω@vppadmp καί@cs ἁρματηλάτης@andmp- νοσέω@vppadmp δέ@x ἐπικίνδυνος@annms- καί@cs ὀλέθριος@annms- καθίστημι@vipe3s ἀεί@b δέ@b ἀμείνων@annnsc ἥλιος@ngmsp αὐγή@nafsc εἰς@p οἶκος@namsc εἴσειμι@vppaafs ἤπερ@cs αὐτός@anams- ὁ@dams ἥλιος@namsp εἶδον@vnaa-- ὁ@dnfs μέν@b γάρ@b διά@p ὁ@dans φωοτεινός@anamsc ποιέω@vnpa-- ὁ@dams οἶκος@namsc ἐπίκτησις@nafsc σημαίνω@vipa3s ὁ@dnms δέ@cs οὐ@b ἄν@b ὑπομένω@vnaa-- ὁ@damp ἔνδον@b ὁ@danp δεινός@ananp- οὐδέ@b γάρ@b ἀντιβλέπω@vnaa-- αὐτός@rpdms εἰμί@vipa3s οὐτε@b δίδωμι@vppanms τις@rpans ὁ@dnms ἥλιος@nnmsp οὐ@b τε@cs ἀφαιρέω@vppenms ἀγαθός@annms- ἄν@b εἰμί@vopa3s δίδωμι@vppanms μέν@b γάρ@b σημαίνω@vipa3s κίνδυνος@nampc ἀφαιρέω@vppenms δέ@cs ὄλεθρος@namsc ἀεί@b δέ@b ἀμείνων@annnsc ἄγαλμα@nnnsc εἶδον@vnaa-- ὁ@dgms θεός@ngmsc οὗτος@angms- ἐν@p ναός@ndmsc ἱδρύω@vpreams ἵστημι@vpranns ἐπί@p βάσις@ngfsc αὐτός@anams- ὁ@dams θεός@namsc ὁποῖος@annms- νομίζω@vire3s καί@cs γάρ@b ὁ@danp ἀγαθός@ananp- τέλειος@ananpc προαγορεύω@vipa3s ὁ@dnns τοιοῦτος@rpnns ὄναρ@nnnsc καί@cs ὁ@danp κακός@ananp- ἥσσων@ananpc οἷος@rpnms δέ@b εἰμί@vipa3s καί@cs οἷος@rpnms βλέπω@vipe3s ἐν@p οὐρανός@ndmsc φαίνω@vppenms καί@cs οὕτως@b ἀγαθός@annms- ἄν@b εἰμί@vopa3s σελήνη@nnfsp μυναίξ@nafsc σημαίνω@vipa3s ὁ@dgms εἶδον@vpaagms καί@cs μήτηρ@nafsc τροφός@nnfsc γάρ@x εἰμί@vnpa-- νομίζω@vire3s καί@b θυγάτηρ@nafsc καί@cs ἀδελφή@nafsc κόρη@nnfsp γάρ@b καλέω@vipe3s καί@b χρῆμα@nanpc καί@b εὐπορία@nafsc καί@cs πραγματεία@nafsc ψηφίζω@vipe3s καί@b πλόος@namsc πρός@p γάρ@b ὁ@dafs οὗτος@rpgfs κίνησις@nafsc καί@b ὁ@dnmp κυβερνήτης@nnmpc ναυτίλλομαι@vipe3p καί@b ἀποδημία@nafsc εἰμί@vipa3s γάρ@b ἀεικίνητος@annms- καί@b ὁ@danp ὁ@dgms εἶδον@vpaagms ὄμμα@nanpc ὅτι@cs ὁ@dgns ὁράω@vnpa-- καί@b αὐτός@rpnfs εἰμί@vipa3s αἰτία@nnfsc καί@cs δέσποινα@nnfsc κοινός@anams- γάρ@b πᾶς@annmp- ὁ@dnmp θεός@nnmpc λόγος@namsc ἔχω@vipa3p πρός@p δεσπότης@nampc ὁ@dnmp μέν@b ἄρσην@nnmpc πρός@p ἄρσην@nampc ὁ@dnfp δέ@cs θῆλυς@nnfpc πρός@p θῆλυς@anafp- ὀρθός@b γάρ@b καί@cs οὗτος@rpnns ὁ@dans παλαιός@anans- ἔχω@vipa3s ὁ@dnns κρατέω@vnpa-- δύναμις@nafsc ἔχω@vipa3s θεός@ngmsc ἐάν@cs μέν@b οὖν@b ἐπί@p ὁ@dans κρείσσων@anansc τρέπω@vspe3s ὁ@dnfs σελήνη@nnfsp ὁ@dafs ἀπό@p οὗτος@rpgnp ἤ1@cs διά@p οὗτος@rpgnp ὠφέλεια@nafsc σημαίνω@vipa3s ἐάν@cs δέ@b ἐπί@p ὁ@dans χείρων@anansc ὁ@dafs ἀπό@p οὗτος@rpgnp ἤ1@cs διά@p οὗτος@rpgnp βλάβη@nafsc ὅμοιος@b καί@b πλείων@annfpc φαίνω@vprenfp σελῆναι@nnfpp καί@cs ὁ@dnfs εἰμί@vppanfs ὅταν@cs ἀπολιμπάνω@vsaa3s ὁ@dans δέ@b δοκέω@vnpa-- ἐν@p ὁ@ddfs σελήνη@ndfsp ὁ@dafs ἑαυτοῦ@rpgms εἰκών@nafsc βλέπω@vnpa-- ἄπαις@andms- μέν@b υἱός@ngmsc γένεσις@nafsc προαγορεύω@vipa3s γυνή@ndfsc δέ@b εἶδον@vpaadfs θυγάτηρ@ngfsc ὁράω@vifm3p γάρ@b ἑκάτερος@annms- ὅμοιος@anafs- ἑαυτοῦ@rpdms εἰκών@nafsc οὗτος@rpnns εἰμί@vipa3s τέκνον@nnnsc ἀγαθός@annns- δέ@b καί@b τραπεζίτης@ndmpc καί@b δανειστής@ndmpc καί@cs ἐρανάρχης@ndmpc πολύς@ananp- γάρ@b πόρω@vifa3p ἀγαθός@annns- δέ@b καί@b ὁ@ddmp φαίνω@vnpe-- βούλομαι@vppedmp ὁ@damp δέ@b ἀποκρύπτω@vppeamp ἐλέγχω@vipa3s νοσέω@vppaamp δέ@b καί@cs ὁ@damp πλόω@vppeamp ἀναιρέω@vipa3s ὁ@rpamp μέν@x ὑδρωπιάζω@vpaaamp ἐπεί@cs φύσις@ndfsc εἰμί@vipa3s ὑγρός@annnp- ὁ@damp δέ@b ναυαγέω@vpaaamp ὅσος@ananp- δέ@b ἄν@b ἀμαθός@ananp- ὁ@dnms ἥλιος@nnmsp σημαίνω@vspa3s οὗτος@rpanp καί@b ὁ@dnfs σελήνη@nnfsp ὅμοιος@b καί@cs ὅσος@rpnnp ἄν@b κακός@annnp- ἀεί@b δέ@cs ἁνδάνω@ananpc καί@b γάρ@b οὗτος@rpnfs ἥσσων@anansc εἰμί@vipa3s ὁ@dgms ἥλιος@ngmsp θερμός@annfs- σημαίνω@vipa3s δέ@b ὁ@danp ἀποτέλεσμα@nanpc μή@b ἄνευ@p θηλυκός@angns- πρόσωπον@ngnsc τελέω@vnap-- ἀστήρ@nnmpp ὁμοῦ@b μέν@b πᾶς@annmp- λαμπρός@annmp- καί@cs καθαρός@annmp- ὁράω@vppenmp καί@cs πρός@p ἀποδημία@nafsc εἰμί@vipa3p ἀγαθός@annmp- καί@cs πρός@p ἄλλος@rpafp πρᾶξις@nafpc καί@cs πρός@p ὁ@danp ἀπόρρητος@ananp- οὐ@b γάρ@b ὁ@dams αὐτός@anams- ἔχω@vipa3p λόγος@namsc ὁ@ddms ἥλιος@ndmsp ἤ1@cs ὁ@ddfs σελήνη@ndfsp καί@cs γάρ@b ἄνευ@p οὗτος@rpgnp ἐκφανής@annmp- εἰμί@vipa3p μετά@p δέ@b οὗτος@rpgnp ἤτοι@cs τέλειος@anans- ἀφανής@annmp- εἰμί@vipa3p καί@cs ἀμαυρός@annmpc φαίνω@vipe3p ἴδιος@andfs- δέ@b ἕκαστος@annms- ἀπό@p ὁ@dgns χρῶμα@ngnsc ἤ1@cs ἀπό@p ὁ@dgns ξέρξης@ngnsc ἤ1@cs ἀπό@p ὁ@dgfs κίνησις@ngfsc ἀπό@p ὁ@dgns σχῆμα@ngnsc ὁ@dgns κατά@p ὁ@dafs κίνησις@nafsc κρίνω@vmpe3s εἰ@cs γε@b τις@rpncs μή@b διαμαρτάνω@vnpa-- ἐθέλω@vopa3s μάλιστα@b δέ@b ἄν@b ἀπό@p ὁ@dgms ἐν@p ἀστεροσκοπία@ndfsc λόγος@ngmsc ὁ@dnns τοιοῦτος@rpnns σαφής@annnsc γίγνομαι@voam3s ὁ@dgmp δέ@b ἀστήρ@angmp- ἕκαστος@annns- κατά@p ὁ@dafs ἑαυτοῦ@rpgms δύναμις@nafsc καί@cs ὁ@danp ἀποτέλεσμα@nanpc ποιέω@vipa3s οἷος@rpans ὁ@dnnp χειμών@ngmsc αἴτιος@nnnpc δυσθυμία@ngfsc καί@b κίνδυνος@nampc καί@cs ταραχή@nafpc σημαίνω@vipa3s ὁ@dnnp δέ@b εὐδία@ngfsc αἴτιος@nnfsc εὐπραξία@ngfsc καί@b εὐημερία@ngfsc καί@cs πορισμός@namsc ὁ@dnnp δέ@b τροπή@ngfsc ὁ@dgns κατάστημα@ngnsc αἴτιος@annnp- ὁ@dnnp μέν@b θερινός@annnp- ὁ@dafs ἐπί@p ὁ@danp βελτίων@ananpc μεταβολή@nafsc σημαίνω@vipa3s ὁ@dnnp δέ@b χειμερινός@annnp- ὁ@dafs ἐπί@p ὁ@danp χείρων@ananpc ἤδη@b δέ@b αὐτός@rpgnp ἔνιοι@annnp- καί@b ὁ@ddmp μῦθος@ndmpc ὁ@ddmp περί@p αὐτός@rpanp ὁ@dafp ἀπόβασις@nafpc ὁμοῖος@anafp- ἐπιφέρω@vipa3s περί@p ὅς@rpgnp ἕκαστος@angms- λέγω3@vnpa-- μακρός@annns- ἄν@b εἰμί@vopa3s καί@b οὗτος@rpanp ὁ@dgms περί@p αὐτός@rpanp λόγος@ngmsc γιγνώσκω@vppegms πρός@p πᾶς@angnp- ὁ@dgnp γε@b μή@b ἀπαίδευτος@angnp- ἀστήρ@nnmpc ἐκλείπω@vppanmp ὁ@dgms οὐρανός@ngmsc πλούσιος@andmp- μέν@b πενία@nafsc πολύς@anafs- καί@cs ἐρημία@nafsc σημαίνω@vipa3p ἔοικα@vira3s γάρ@b ὁ@dnms μέν@b οὐρανός@nnmsc ὁ@ddfs οἰκίον@ndfsc ὁ@dgms εἶδον@vpaagms ὁ@dnmp δέ@cs ἀστήρ@nnmpc ὁ@ddnp κατά@p ὁ@dafs οἰκία@nafsc κτῆμα@ndnpc τε@b καί@cs ἄνθρωπος@ndmpc πένης@ndmpc δέ@x ὄλεθρος@namsc μαντεύομαι@vipe3p μόνος@andmp- δέ@b ἄν@b εἰμί@vopa3s ὁ@dnns τοιοῦτος@rpnns ὄναρ@nnnsc ἀγαθός@annns- ὁ@ddmp μέγας@anans- τις@rpans κακός@anans- βούλομαι@vppedmp ποιέω@vnpa-- ἀνύω@vpaadmp γάρ@b καί@b εἰ@cs μέγας@andnp- ἐπιχειρέω@vipa3p ἀκούω@viaa1s δέ@b τις@rpgms λέγω3@vppagms ὡς@cs ἄρα@b δοκέω@viia3s τις@rpnms ὁ@damp ἀστήρ@nampc ὁ@dgms οὐρανός@ngmsc ἐκλείπω@vnra-- καί@cs φαλακρός@nnmsc γίγνομαι@viam3s ὅς@rpams γάρ@b ἔχω@vipa3s λόγος@namsc ὁ@dnms οὐρανός@nnmsc πρός@p ὁ@dams ὅλος@anams- κόσμος@namsc ὁ@dams αὐτός@rpams καί@cs ὁ@dnfs κεφαλή@nnfsc πρός@p ὁ@dans σῶμα@nansc καί@cs πάλιν@b ὅς@anams- ἔχω@vipa3p λόγος@namsc ὁ@dnmp ἀστήρ@nnmpc πρός@p ὁ@dams οὐρανός@namsc ὁ@dams αὐτός@rpams καί@cs ὁ@dnfp θρίξ@nnfpc πρός@p ὁ@dafs κεφαλή@nafsc οὐτε@b δέ@b καταπίπτω@vppanmp εἰς@p γῆ@nafsc ὁ@dnmp ἀστήρ@nnmpc εἰμί@vipa3p ἀγαθός@annmp- πολύς@angmp- γάρ@b ὄλεθρος@namsc μαντεύομαι@vipe3p καί@cs ἀξιόλογος@angmp- μέν@b ἀνήρ@ngmpc ὁ@dnmp μέγας@annmp- λιτή@ngmpc δέ@b καί@cs ἀαήμων@annms- ὁ@dnmp λεπτός@annmp- καί@cs ἀμαυρός@annmp- οὐ@b τε@cs ὁ@dnns δοκέω@vnpa-- κλέπτω@vnpa-- ἀστήρ@nampc ἀγαθός@annns- ὡς@b γάρ@b ἐπί@p ὁ@dans πλεῖστος@ananss ἱερόσυλος@annmp- ἐπί@p οὗτος@andms- ὁ@ddms ὄνειρος@ndmsc ὁ@dnmp εἶδον@vpaanmp γίγνομαι@viam3p οὐ@b μήν@x λανθάνω@viaa1s γε@x ἀλλά@rpanp ἁλίσκομαι@viaa3p πράσσω@viaa3p μέν@b γάρ@b ὅς@rpanp βούλομαι@viie3p διά@p ὁ@dans καί@b ὁ@dgmp ἀστήρ@angmp- κρατέω@vnra-- ἁλίσκομαι@viaa3p δέ@cs διά@p ὁ@dans ὁ@ddmp ὑπέρ@p ἄνθρωπος@namsc ἐπιχειρέω@vnpa-- ἀλλά@b μήν@b οὐ@b δέ@cs ἐσθίω@vnpa-- δοκέω@vnpa-- ἀστήρ@nampc ἀγαθός@annns- οὐδείς@rpdms πλήν@p μάντις@ngmpc καί@cs ὁ@dgmp ὁ@danp οὐράνιος@ananp- διασκάπτω@vppegmp οὗτος@rpdmp γάρ@b ἐργασία@nafsc σημαίνω@vipa3s καί@cs πολύς@anafs- πρόσκτησις@nafsc ὁ@ddmp δέ@x λοιπός@andmp- ὄλεθρος@namsc μαντεύομαι@vipe3s πονηρός@annns- δέ@b καί@b ὁ@dnns ὑπό@p στέγη@nafsc εἶδον@vnaa-- ἀστήρ@nampc ἤ1@cs γάρ@b ὁ@dafs οἰκία@nafsc ἐρῆμος@anafs- γίγνομαι@vpamafs ἀποστεγάζω@vnap-- σημαίνω@vipa3s ἵνα@cs καί@b ἔνδον@b ὁ@dnmp ἀστήρ@nnmpc φαίνω@vspe3p ὁ@dams ἄρχω@vppaams ὁ@dgfs οἰκία@ngfsc ἀποθνήσκω@vnaa-- παρήλιος@annmp- δέ@b καί@b δοκίς@nnfpc καί@b σέλας@nnnsc καί@b ὁ@dnmp λέγω3@vppenmp κομέω@nnmpc ἀστήρ@annmp- καί@cs ὁ@dnmp πωγωνίας@nnmpc ὁ@danp αὐτός@rpanp σημαίνω@vipa3p ὅς@rpanp καί@b ὁ@dnmp ὑπέρ@p ἀήρ@namsc ὄρνυμι@vpapnmp ἔθω@vipa3p ποιέω@vnpa-- ἶρις@nnfsp δεξιός@annfs- μέν@b ὁράω@vppenfs ἀγαθός@annfs- εώνυμος@annms- δέ@b πονηρός@annfs- δεξιός@anafs- δέ@b καί@cs εὐώνυμος@anafs- οὐ@b πρός@p ὁ@dams ὁράω@vppaams χρή@vipa3s νοέω@vnpa-- ἀλλά@cs πρός@p ὁ@dams ἥλιος@anams- ὅπως@cs δέ@b ἄν@b φαίνω@vspe3s ἀεί@b ὁ@ddmp ἐν@p πενία@nnfdc πολύς@andfs- ἤ1@cs ἄλλῃ@andfs- τις@andfs- περίστασις@ndfsc εἰμί@vppadmp ἀγαθός@annfs- νομίζω@vmpe3s καί@b γάρ@b αὐτός@rpnfs τρέπω@vipa3s ἀεί@b ὁ@dans κατάστημα@nansc καί@cs ὁ@dans περιέχω@vppaans ἀλλοιόω@vipa3s παῖς@andmp- δέ@b ὁ@ddmp ἐν@p περίστασις@ndfsc εἰμί@vppadmp ἀγαθός@annfp- ὁ@dnfp ὁ@dgnp καθίστημι@vpragnp μεταβολή@nnfpc νέφος@nvmsp ὁ@dnnp μέν@b λευκός@annnp- εὐπραξία@ngfsc εἰμί@vipa3s σημαντικός@annnp- καί@cs ὁ@danp κρυπτός@annnp- ἐλέγχω@vipa3s ὁ@dnnp δέ@x πυρρός@annnp- ἀπραξία@ngfsc εἰμί@vipa3s σημαντικός@annnp- καί@cs ὁ@dnnp ζοφώδης@annnp- δυσθυμία@ngfsc καί@cs ὁ@dnnp μέλας@annnp- χειμών@ngmsc ἤ1@cs λείπω@ndfpc ἄνεμος@nnmpp πρᾶος@b καί@cs ἠρέμα@b πνέω@vppanmp ἀγαθός@annmp- λάβρος@annmp- δέ@x καί@cs βίαιος@annmp- σημαίνω@vipa3p ἄνθοψ@nampc ἀηδής@anamp- καί@cs ἀγνώμων@anamp- λαῖλαψ@nnmpc δέ@x καί@cs ὁ@dnmp σφοδρός@annmp- ἄνεμος@nnmpc κινδνος@nampc ἐπιφέρω@vipa3p καί@cs μέγας@anafp- ταραχή@nafpc χρή@vipa3s δέ@b καί@b οὗτος@rpans σκοπέω@vnpa-- ὅτι@cs ὁ@dnmp μέν@b συννεφής@ananp- ποιέω@vppanmp ὁ@dams ἀήρ@namsc πᾶς@andmp- μέν@b ὁ@ddmp ἄλλος@rpdmp εἰμί@vipa3p πονηρός@annmp- μόνος@andmp- δέ@b ὁ@ddmp ἀποκρύπτω@vppedmp ἀγαθός@annmp- ὁ@dnmp δέ@b αἰθρία@ngfsc αἴτιος@annmp- ὁ@danp ἐναντίος@ananp- σημαίνω@vipa3p ἀεί@b δέ@b ὁ@ddmp ἀπόδημος@andmp- προσδοκάω@vipa3p ὁ@dnmp ἀπό@p ὁ@dgnp κλιμακτήρ@ngnpc ἐκεῖνος@rpgmp οὐ@b εἰμί@vipa3p ὁ@dnmp ἀπόδημος@annmp- πνέω@vppanmp εἰμί@vipa3p ἀγαθός@annmp- ὁ@dnmp δέ@cs ἐναντίος@annmp- κατέχω@vipa3p ὁ@damp ἀπόδημος@anamp- οὗτος@rpnnp μέν@b περί@p ὁ@dgnp οὐράνιος@angnp- περί@p δέ@b ὁ@dgmp ἐπίγειος@angmp- θεός@ngmpc ὧδε@b κρίνω@vnpa-- προσήκω@vipa3s"
"Oneir._2.37","οἴ@rpdms μέν@x αἰσθητός@annmp- θεός@nnmpc φόβος@ngmpc καί@b κίνδυνος@ngmpc καί@cs περίστασις@ngfpc εἰμί@vipa3p σημαντικός@annmp- καί@cs γάρ@b μετά@p ἡμέρα@nafsc ἐπιφέρω@vppenmp ὁ@dgnp τοιοῦτος@rpgnp αἴτιος@annmp- καθίστημι@vipe3p σημαίνω@vipa3s δέ@b καί@cs διάφορος@nanpc καί@cs οὐδείς@rpans ὅμοιος@anans- ἀλλήλων@rpdnp ἕκαστος@rpnms φαίνω@vppenms οἷος@rpdmp ἑκάτη@nafsp εἶδον@vnaa-- τριπτρόσωπος@anafs- ἵστημι@vpraafs ἐπί@p βάσις@ngfsc κίνησις@ngfsc καί@cs ἀποδημία@ngfsc σημαίνω@vipa3s ἐνόδιος@nnfsp γάρ@b ὁ@dnfs θεός@nnfsc καλέω@vipe3s μονοπρόσωπος@anams- δέ@b εἶδον@vnaa-- πονηρός@annns- πᾶς@andmp- ὡς@cs δέ@b ἐπί@p ὁ@dans πλεῖστος@anans- ἀπό@p ξένη@angfs- ὁ@danp δεινός@ananp- ἤ1@cs ἀπό@p ξένος1@angms- εἰμί@vpfmanp προαγορεύω@vipa3s ἀεί@b δέ@b ὁ@dgmp καθίστημι@vpragmp κινέω@vipa3s ὁ@dams εἶδον@vpaaams καί@cs οὐ@b ἐάω@vipa2p μένω@vnpa-- ἐν@p ὁ@ddnp αὐτός@rpdnp οἷος@annfs- ἄν@b φαίνω@vspe3s καί@cs ὁποῖος@annfs- κινέω@vppenfs δέ@b ὁ@dnfs θεός@nnfsc ἤ@cs συναντάω@vppanfs κατά@p ὁ@dans σχῆμα@nansc καί@cs ὁ@dafp ὄψις@nafpc καί@cs ὁ@danp ὑπό@p αὐτός@rpgfs κρατέω@vppeanp σημαίνω@vipa3s ὁ@danp ἀποτέλεσμα@nanpc πέρ@p ὅς@rpgnp λέγω3@vnpa-- οὐτε@b ὅσιος@annns- οὐ@b τε@cs ἀσφαλής@annns- εὔδηλος@annms- δέ@b ὁ@dnms λόγος@nnmsc ὁ@ddmp μυέω@vpredmp ὁ@ddfs θεός@ndfsc ὁ@dnmp δέ@b ἀμητός@annmp- παρά@p ὁ@dgmp μᾶμυέω@vpregmp μανθάνω@vmpa3p πάν@nnmsp νομεύς@ndmpc ἀγαθός@annms- διά@p ὁ@dans νόμιος@nansc καί@cs κυνηγός@ndmpc διά@p ὁ@dans ἄγριος@anans- ὁ@ddmp δέ@b λοιπός@andmp- ἀκαταστασία@nafpc καί@cs θόρυβος@nampc σημαίνω@vipa3s καί@cs ἐφοράω@ananp- ὅμοιος@nnmpc τις@rpncs μέγας@anans- φρονέω@vipa3s οὗτος@rpanp αὐτός@rpdms μή@b βέβαιος@b εἰμί@vnpa-- οὐ@b γάρ@b ἀσφαλής@b ὑπόκειμαι@vppeafp ἔχω@vipa3s ὁ@dafp βάσις@nafpc ὁ@dgmp πούς@ngmpc ὁ@dnms θεός@nnmsc λέγω3@vipa3p δέ@b ἔνιοι@annmp- ὡς@cs ὁ@ddmp περί@p ὁ@dams διόνυσος@namsp τεχνίτης@ndmpc εἰμί@vipa3s ἀγαθός@annms- ὁ@dnms δέ@b εφιόλτης@nnmsp ὁ@dnms αὐτός@annms- εἰμί@vnpa-- ὁ@ddms πᾶν@ndmsp νομίζω@vire3s διόφορος@ananp- δέ@cs σημαίνω@vipa3s θλίβω@vppanms μέν@b γάρ@b καί@cs βαρύνω@ngnpc καί@cs οὐδείς@rpans ἀποκρίνω@vppenms θλῖψις@nafpc καί@cs στενοχωρία@nafpc σημαίνω@vipa3s ὅς@rpans τις@rpans δέ@b ἄν@cs ἀποκρίνω@vspe3s ἐρωτάω@vppenms οὗτος@rpnns εἰμί@vipa3s ἀληθής@annns- εἰμί@vppanns δέ@b τις@rpans καί@b δίδωμι@vspa3s καί@cs συνουσιάζω@vspa3s μεγόλας@anafp- ὠφέλεια@ngfsc προαγορεύω@vipa3s μάλιστα@b δέ@cs ὅταν@cs μή@b βαρύς@vspa3s ὅς@rpans τις@rpans ἄν@cs πρόσειμι1@vppanms πράσσω@vsaa3s ὁ@damp νοσέω@vppaamp ἀνίστημι@vipa3s οὐ@b γάρ@b ἀποθνῄσκω@vpfmdms πρόσειμι1@vipa3s ποτέ@b ἄνθρωπος@ndmsc ἀακληπιός@nnmsp ἱδρύω@vprenms μέν@x ἐν@p ναός@ndmsc καί@cs ἵστημι@vpranms ἐπί@p βάσις@ngfsc ὁράω@vppenms καί@cs προσκυνέω@vppenms ἀγαθός@annms- παῖς@andmp- κινέω@vppenms δέ@b ἤ1@cs πρόσειμι1@vppanms ἤ1@cs εἰς@p οἰκία@nafsc εἴσειμι@vppanms νόσος@nafsc καί@cs λοιμός@namsc μαντεύομαι@vipe3s τότε@b γάρ@b μάλιστα@b ὁ@ddmp ἄνθρωπος@ndmpc δεῖ@vipa3s ὁ@dgms θεός@ngmsc οὗτος@angms- ὁ@ddmp δέ@b ἦδον@b νοσέω@vppadmp σωτηρία@nafsc προαγορεύω@vipa3s παιήων@ngmpp γάρ@b ὁ@dnms θεός@nnmsc λέγω3@vipe3s ἀεί@b δέ@b ὁ@dnms ἀσκληπιός@nnmsp ὁ@damp ἐν@p ὁ@ddfp χρεία@ndfpc συλλαμβάνω@vppeamp καί@cs ὁ@damp οἰκονομέω@vppaamp ὁ@dams οἶκος@namsc ὁ@dgms εἶδον@vpaagms δηλόω@vipa3s ἐν@p δέ@b ὁ@ddfp δίκη@ndfpc συνήγορος@anamp- σημαίνω@vipa3s διόσκορος@nnmpp ὁ@ddmp πλάζω@vppedmp χειμών@ngmsc εἰμί@vipa3p σημαντικός@annmp- ὁ@ddmp δέ@x ἐν@p γῆ@ndfsc εἰμί@vppadmp στάσις@ngfpc δίκη@ngfpc ἤ1@b πόλεμος@ngmsc ἤ1@cs μέγας@angfs- νόσος@ngfsc πᾶς@angnp- δέ@b ὁ@dgnp δεινός@angnp- εἰς@p τέλος@nansc ἀζήμιος@anamp- ἀπαλλάσσω@vipa3p σωτήρ@nnmpc γάρ@b εἰμί@vipa3p ὁ@dnmp θεός@nnmpc ἡρακλῆς@namsp μέν@b εἶδον@vnaa-- αὐτός@rpams ἤ1@cs ἄγαλμα@nnnsc αὐτός@rpgms πᾶς@andmp- ὁ@ddmp εὐπροαίρετος@b καί@cs κατά@p νόμος@namsc ζάω@vppadmp ἀγαθός@annns- καί@cs μάλιστα@b ἐάν@cs πρός@p τις@rpgmp ἀδικέω@vspe3p ἀεί@b γάρ@b ὁ@dnms θεός@nnmsc ὅτε@cs εἰμί@viia3s ἐν@p ἄνθρωπος@ndmpc ἐπαμύνω@viia3s ὁ@ddmp ἀδικέω@vppedmp καί@cs δμωρέω@viia3s ὁ@ddmp δέ@b παρανομέω@vppadmp καί@cs ὁ@ddmp ἄδικος@anans- τις@rpans πράσσω@vppadmp πονηρός@annms- ὁ@dnms θεός@nnmsc διά@p ὁ@dams αὐτός@anams- λόγος@namsc ἀγαθός@annms- δέ@b ὁ@ddmp ἐπί@p ἀγών@namsc ἤ1@cs δίκη@nafsc ἤ1@cs μάχη@nafsc τις@anafs- πορεύω@vppedmp καί@nnmsp αλλίνικος@nnmsc γάρ@b ὁ@dnms θεός@nnmsc καλέω@vipe3s ὁ@dnns δέ@b δοκέω@vnpa-- συνδιατρίβω@vnpa-- ὁ@ddms θεός@ndmsc καί@cs συμπράσσω@vnpa-- τις@rpans ἤ1@b τροφή@ngfsc ὁ@dgfs αὐτός@angfs- κοινωνέω@vnpa-- σκευή@nafsc ὁ@dafs αὐτός@anafs- ἔχω@vnpa-- ἤ1@cs παρά@p ὁ@dgms θεός@ngmsc ὁ@dafs λεοντέη@nafsc ἤ1@cs ὁ@dans ῥόπαλον@nansc ἄλλος@anans- τις@rpans ὁ@dgnp ὅπλον@ngnpc λαμβάνω@vnaa-- πᾶς@andmp- ἄτοπος@annns- καί@cs πονηρός@anans- τηρέω@vire3s καί@cs διά@p μακρός@angfs- πεῖρα@ngfsc ὁ@dgnp τοιοῦτος@rpgnp ἔρχομαι@viaa1s εὔλογος@b δέ@b καί@cs ὀρθός@b ἀποβαίνω@vipa3s εἰς@p οὐδείς@rpans ἀγαθός@anans- ὁ@dnnp τοιοῦτος@rpnnp ὅς@rpanp γάρ@b ὁ@dnms θεός@nnmsc χράω2@viam3s βίος@ndmsc οὗτος@rpgns ὁ@ddms εἶδον@vpaadms μεταδίδωμι@vipa3s ἐπίπονος@annms- δέ@b καί@cs μοχθηρός@annms- γίγνομαι@viam3s ὁ@dnms ὁ@dgms θεός@ngmsc βίος@nnmsc ὅτε@cs εἰμί@viia3s ἐν@p ἄνθρωπος@ndmpc καί@cs εἰ@cs πάνυλιγμός@annms- εἰμί@viia3s ἔνδοξος@annms- πολλάκις@b δέ@b καί@b τοιοῦτος@rpdmp περιπίπτω@vnaa-- σημαίνω@vipa3s ὅς@rpdmp καί@b ὁ@dnms θεός@nnmsc ὀτάω@ananp- ἔχω@vppanms ὁ@danp ὅπλον@nanpc περιπίπτω@viaa3s διόνυσος@nnmsp ὁ@ddmp γεωργός@andmp- συμφέρω@vipa3s ὁ@ddmp ὁ@dams ξυλικός@anams- καρπός@namsc γεωργέω@vppadmp μάλιστα@b ἄμπελος@anamp- καί@b κάπηλος@ndmpc δέ@b καί@cs πᾶς@andmp- ὁ@ddmp περί@p ὁ@dams διόνυσος@namsp τεχνίτης@ndmpc ἀγαθός@annms- δέ@vmpe2s καί@b ὁ@rpdmp ἐν@p περίστασις@ndfsc τις@rpdms ὅς@rpdmp παῦλα@anams- γάρ@b καί@b ἀπαλλαγή@ngfpc δεινός@angmp- σημαίνω@vipa3s διά@p αὐτός@anans- ὁ@dans ὄνομα@nansc εἰμί@vipa3s γάρ@b διόνυσος@nnmsp παρά@p ὁ@dans διανύω@vnpa-- ἕκαστος@ananp- ὁ@ddmp δέ@b ἁβρός@anams- ὁ@dams βίος@namsc ζάω@vppadmp καί@cs μάλιστα@b παῖς@ndfpc κίνδυνος@nafpc ἐπιβουλή@nafpc καί@cs περιβοήθεια@nafpc σημαίνω@vipa3s διά@p ὁ@dafs περί@p ὁ@dams θεοστόλιος@nafsc διά@p ὁ@dams φυσικός@anams- λόγος@namsc ὁ@dgms διόνυσος@ngmsp οὐδείς@rpnns μέντοι@b ἥσσων@anansc καί@b οὗτος@rpamp σώζω@vipa3s καί@cs οὐ@b ἐάω@viia3s διαφθείρω@vnap-- ὁδεύω@vipa3p καί@b πλέω@vipa3p ἄντικρυς@b καί@cs διαρρήδην@b λῃστήριον@ngnpc προσβολή@nafpc σημαίνω@vipa3s καί@b τραῦμα@nanpc καί@cs κατακοπή@nafpc ὁ@dnms δέ@b χορός@nnmsc ὁ@dnms περί@p ὁ@dams διόνυσος@namsp οἷος@anans- βάκχος@nnmpp καί@b βάκχη@nnmpp καί@b βασσάρα@nnmpp καί@b σάτυρος@nnmpp καί@b πάν@nnmpp καί@cs ὅσος@annnp- ἄλλος@annnp- εἰμί@vipa3s ὅμοιος@annnp- ὄνομα@nnnpc καί@cs ὁμοῦ@b πᾶς@annmp- καί@cs ἴδιος@ananp- ἕκαστος@annms- μέγας@anafp- ταραχή@nafpc καί@b κίνδυνος@nampc καί@cs περιβοησία@nafpc σημαίνω@vipa3p πλήν@p ὁ@dgms σειληνός@ngmsp οὐτος@rpnms δέ@cs μόνος@annms- ἀγαθός@annms- ἄν@b εἰμί@vopa3s πᾶς@andmp- ὁ@ddmp ἐπί@p ὁ@dans πράσσω@vnpa-- ὁρμάω@vppedmp καί@cs ὁ@ddmp φοβέω@vppedmp χορεύω@vnpa-- δέ@b ὁ@ddms θεός@ndmsc ἤ1@cs θυρσοφορέομαι@vnpa-- ἤ1@cs δενδροφορέω@vnpa-- ἤ1@cs ἄλλος@rpans τις@rpans ὁ@dgnp χαρίζομαι@vpregnp ὁ@ddms θεός@ndmsc πράσσω@vnpa-- πᾶς@andmp- πονηρός@anans- πλήν@p δοῦλος@ngmpc ὅς@rpdnp μέν@b γάρ@b διά@p ὁ@dafs ἔκστασις@nafsc ὁ@dgfp φρήν@ngfpc καί@cs ὁ@dafs παρακοπή@nafsc ἀφροσύνη@nafsc καί@cs βλάβη@nafsc προαγορεύω@vipa3s ὅς@rpdnp δέ@b διά@p ὁ@dans ἀνεπίστρεπτος@anans- ὁ@dgmp ἐντυγχάνω@vppagmp καί@cs διά@p ὁ@dafs ὁ@dgms θεός@ngmsc προσηγορία@nafsc καί@cs εὐχαριστία@nafsc ἐλευθερία@ngfsc εἰμί@vipa3s σημαντικός@annns- ἑρμῆς@nnmsp ἀγαθός@annms- ὁ@ddmp ἐπί@p λόγος@nampc ὁρμάω@vppedmp καί@b ἀθλητής@ndmpc καί@b παιδοτρίβης@ndmpc καί@cs πᾶς@andmp- ὁ@ddmp ἐμπορικός@anams- ὁ@dams βίος@namsc ἔχω@vppadmp καί@cs ζυγοστάτης@ndmpc διά@p ὁ@dans πᾶς@anamp- ὁ@damp τοιοῦτος@rpamp ἐπίκουρος@anams- ὁ@dams θεός@namsc νομίζω@vnpa-- καί@b ὁ@ddmp ἀποδημέω@vnpa-- βούλομαι@vppedmp πτηνός@anams- γάρ@b ὑπολαμβάνω@vira1p εἰμί@vnpa-- ὁ@dams θεός@namsc ὁ@ddmp δέ@b λοιπός@andmp- ἀκαταστασία@nafpc καί@cs θόρυβος@nampc προαγορεύω@vipa3s νοσέω@vppaamp δέ@b ἀναιρέω@vipa3s διά@p ὁ@dans ψυχοπομπός@annms- νομίζω@vnre-- ἑρμῆς@nnmsc ὁ@dnms τετράγωνος@annms- καί@cs σφηνοπώγων@annms- φιλόλογος@andmp- μόνος@andmp- συμφέρω@vipa3s ὁ@dnms δέ@b τετράγωνος@annms- καί@cs ἀγένειος@annms- οὐδέ@b οὗτος@rpdmp συμφέρω@vipa3s ὁ@dnns γάρ@b περικόπτω@vprenns αὐτός@rpgns ὁ@dgnp περί@p ὁ@dams εἶδον@vpaaams πᾶς@angnp- ῥλεθρος@nnnsc μαντεύομαι@vipe3s νέμεσις@nnfsp ἀεί@b ὁ@ddmp κατά@p νόμος@namsc ζάω@vppadmp ἀγαθός@annfs- καί@cs μέτριος@andmp- ἄνθρωπος@ndmpc καί@cs φιλόσοφος@ndmpc ὁ@ddmp δέ@b παρανομέω@vppadmp καί@b ὁ@ddmp ἐπιτίθημι@vppedmp τις@rpdcp καί@cs ὁ@ddmp μέγας@angnp- ἄρχω@vppedmp πρᾶγμα@ngnpc ἐναντίος@annnp- καθίστημι@vipe3s καί@cs ἐμπόδιος@annms- ὁ@dgnp ἐπιχειρέω@vppegnp νεμεσάω@ananp- γάρ@x καλέω@vipa1p καί@cs ὁ@dans ἐμποδών@b ἵστημι@vnpe-- ὁ@ddnp πράσσω@vppednp κατά@p γνώμη@nafsc λέγω3@vipa3p δέ@b τις@rpnmp ὅτι@cs ὁ@dnfs θεός@nnfsc οὗτος@annfs- ὁ@danp μέν@b ἀγαθός@ananp- ἐπί@p ὁ@dans χείρων@anansc τρέπω@vipa3s ὁ@danp δέ@b κακός@ananp- ἐπί@p ὁ@dans βελτίων@anansc λφροδίτη@nnfsc ὁ@dnfs μέν@b πάνδημος@annfs- ἀγύρτης@ndmpc καί@b κάπηλος@ndmpc καί@b ζυγοστάτης@ndmpc καί@b θυμελικός@andmp- καί@b ἰατρός@ndmpc καί@cs σκηνικός@andmp- πᾶς@andmp- καί@cs ἑταίρα@ndfpc ἀγαθός@annfs- γυνή@ndfpc δέ@cs οἰκοδέσποιτος@andfp- αἰσχύνη@nafsc καί@cs βλάβη@nafsc προαγορεύω@vipa3s καί@cs ὁ@damp γαμέω@ndnsc προαιρέω@vpreamp κωλύω@vipa3s ὡς@b κοινός@angfs- εἰμί@vpfmgfs ὁ@dgfs γυνή@ngfsc ὁ@dnfs δέ@b οὐράνιος@nnfsc περί@p ὅς@rpgfs ἐν@p ὁ@ddms ἔμπροσθεν@b λόγος@ndmsc ἑκών@vppanms παραλείπω@viaa1s ἵνα@cs μή@b διασπάω@vope3s ὁλόγος@nnmsc ὁ@danp ἐναντίος@ananp- ὁ@ddfs πάνδημος@andfs- σημαίνω@vipa3s μάλιστα@b δέ@b ἀγαθός@annfs- πρός@p γάμος@nampc καί@cs κοινωνία@ngfsc καί@cs πρός@p τέκνον@ngnpc γονή@nafpc συνδυασμός@ngmpc γάρ@b καί@cs ἐπιγονάω@ngmpc εἰμί@vipa3s σιτίον@nnnpc ἀγαθός@annfs- δέ@b καί@b γεωργός@andmp- φύσις@nnfsc γάρ@x καί@cs μήτηρ@nnfsc ὁ@dgnp ὅλος@angnp- εἰμί@vnpa-- νομίζω@vire3s ἀγαθός@annfs- δέ@x καί@b μάντις@ndmpc πᾶς@angfs- γάρ@x μαντεία@ngfsc καί@cs πρόγνωσις@ngfsc εὑρετής@nnfsc εἰμί@vnpa-- νομίζω@vire3s ἀφροδίτη@nnfsp ὁ@dnfs πελάγιος@nnfsc ναύκληρος@ndmpc καί@b κυβερνήτης@ndmpc καί@cs πᾶς@andmp- ὁ@ddmp ναυτιλλόμενος@vppedmp ἀγαθός@annfs- τηρέω@vire3s καί@cs παῖς@andmp- ὁ@ddmp βούλομαι@vppedmp ἀποδημέω@vnpa-- διά@p ὁ@dans ὁ@dgfs θάλασσα@ngfsc ἀεικίνητος@anans- ὁ@damp δέ@cs ἐν@p ὁ@ddnp αὐτός@rpdnp ἀεί@b μένω@vnpa-- προαιρέω@vpreamp καί@cs μή@b βούλομαι@vppeamp ἀναγκάζω@vipa3s κινέω@vnpe-- λφροδίτη@nafsc εἶδον@vnaa-- ἀναδυομένη@vppeafs ὁ@ddmp πλέω@vppadmp πολύς@anams- χειμών@namsc καί@cs ναυάγιον@anams- εἰμί@vpfmams προαγορεύω@vipa3s οὐδείς@rpans δέ@b ἥσσων@anansc σώζω@vipa3s καί@cs ὁ@danp ἀπόἐλπίζω@vpreanp ὁ@dgnp πρᾶγμα@ngnpc τελειόω@vipa3s ἀεί@b δέ@b ἀγαθός@annfs- νομίζω@vire3s ὁ@dnfs μέχρι@p ζώνη@ngfsc ὁ@danp κάτω@b σκεπάζω@vpreanp ἔχω@vppanfs διά@p ὁ@dans ὁ@damp μαστός@nampc ὅς@rpnmp εἰμί@vipa3p τρόφιμος@annmps γυμνός@anamp- ἔχω@vnpa-- καί@cs ἐπιδείκνυμι@vnpe-- ὁ@dnfs δέ@b ὅλος@annfs- γυμνός@annfs- ἑταίρα@ndfpc μόνος@andfp- ἀγαθός@annfs- καί@cs ἐργασία@ngfsc σημαντικός@annfs- πρός@p δέ@b ὁ@danp λοιπός@ananp- αἰσχύνη@nafsc προαγορεύω@vipa3s ἥφαιστος@nnmsp ὁ@danp μέν@b αὐτός@rpanp ὁ@ddns πῦρ@ndnsc σημαίνω@vipa3s ὡς@b ἐπί@p ὁ@dans πλεῖστος@ananss μόνος@b δέ@cs ὁ@danp κρυπτός@ananp- ἐλέγχω@vipa3s καί@cs μάλιστα@b μοιχεία@nafpc διά@p ὁ@dafs περί@p αὐτός@rpams ἱστορία@nafsc χειρώναξ@ndmpc δέ@b εἰμί@vipa3s ἀγαθός@annms- παῖς@andmp- καί@b ὁ@ddmp γαμέω@vnaa-- καί@cs κοινωνέω@vnaa-- βούλομαι@vppedmp διά@p ὁ@dafs σύμπνοια@nafsc ὁ@dgmp φυσάω@ngmpc καί@cs ὁ@danp ἑνόω@vppeanp σίδηρα@nanpc τύχη@nnfsp δέ@b ὁ@dnfs μέν@b ἐπί@p κύλινδρος@ngmsc ἵστημι@vpranfs πονηρός@annfs- πᾶς@andmp- διά@p ὁ@dans ὁ@dgfs βάσις@ngfsc ἐπικίνδυνος@anans- ὁ@dnfs δέ@cs ὁ@dans πηδάλιον@nansc κρατέω@vppanfs κίνησις@ngfsc προαγορεύω@vipa3s οὐδείς@rpnfs γάρ@b πηδάλιον@angns- χρεία@nnfsc ἄνευ@p κίνησις@ngfsc ἀεί@b δέ@b ἀγαθός@annfs- κατάκαθέζομαι@vppenfs ἤ@cs κατακλίνω@vprenfs ὁ@dans ἀσφαλής@anans- γάρ@b καί@cs ὁ@dans βέβαιος@anans- διά@p ὁ@dgns σχῆμα@ngnsc ἐπιδείκνυμι@vipa3s ὅσος@andns- δέ@b ἄν@b πολυτελής@annfsc καί@cs εὔμορφος@annfsc φαίνω@vspe3s τοσοῦτος@rpdns βελτίων@annfsc νομίζω@vmpe3s λέγω3@vipa3p δέ@b ἔνιοι@annmp- ὡς@cs ὁ@dnfs πολυτελής@annfs- καί@cs σφόδρα@b κοσμέω@vprenfs τύχη@nnfsp καί@b μάλιστα@b γε@b ὅταν@cs μή@b ὡς@cs ἄγαλμα@nnnsc ἀλλά@cs ὡς@cs αὐτός@annfs- ὁ@dnfs πύχη@nnfsp φαίνω@vspe3s πενία@ngfsc εἰμί@vipa3s σημεῖον@nnnsc ὡς@cs γάρ@b ἔοικα@vpranns ἑαυτοῦ@rpgfs ἐπιμελέομαι@vppenfs ἀμελέω@vipa3s ὁ@dgmp ἄνθρωπος@ngmpc ὁ@dnfs δέ@b λιτός@b ἔχω@vppanfs καί@cs ἀμελέω@vppanfs ἑαυτοῦ@rpgfs πλοῦτος1@namsc καί@cs τρυφή@nafsc προαγορεύω@vipa3s φανερός@annns- γάρ@b ὡς@cs οὐ@b ἑαυτοῦ@rpgfs ἀλλά@cs ὁ@dgmp ἄνθρωπος@ngmpc προνοέω@vipa3s ἐγώ@rpdms δέ@b οὐ@b ἔοικα@vpraanp λέγω3@vnpa-- δοκέω@vipa3p εἰμί@vipa3s γάρ@b ὁ@dnfs τύχη@nnfsp οὐδείς@rpnns ἄλλος@annns- ἤ1@cs αὐτός@annnp- ὁ@dnnp κτῆμα@nnnpc ὁ@dgmp εἶδον@vpaagmp πειθώ@nnfsp δέ@b καί@b χάρις@nnfpp καί@b ὧλραι@nnfpp καί@cs νύμφη@nnfpp πρός@p πᾶς@ananp- καί@b παῖς@andmp- εἰμί@vipa3p ἀγαθός@annfp- ἀριστοβούλη@nnfsp δέ@cs καί@cs εὐνομία@nnfsp ὁ@danp αὐτός@rpanp ὁ@ddfs νέμεσις@ndfsp σημαίνω@vipa3p ἑστία@nnfsp αὐτός@annfs- τε@b καί@cs ὁ@dnnp ἄγαλμα@nnnpc αὐτός@angfs- πόλις@ngfsc μέν@b ὁ@dafs βουλή@nafsc καί@cs ὁ@dafs ἐνθήκη@nafsc σημαίνω@vipa3s ὁ@dgfp πρόσοδος@ngfpc ἰδιώτης@ndmpc δέ@b αὐτός@anans- ὁ@dnns ζάω@vnpa-- ἄρχω@vppadms δέ@cs καί@cs βασιλεύς@ndmsc ὁ@dafs ὁ@dgfs ἀρχή@ngfsc δύναμις@nafsc περί@p δέ@b θαλάσσιος@angmp- καί@cs ποτάμιον@ngmpc θεός@ngmpc ἕκαστος@annnp- ὧδε@b ἔχω@vipa3s"
"Oneir._2.38","ποσειδῶν@nnmsp καί@cs λμφιτρίτη@nnfsc καί@b νηρεύς@nnmsp καί@cs νηρηίς@nnfpp οὗτος@rpnmp τε@b ὁράω@vppenmp καί@cs ὁ@danp ἄγαλμα@nanpc αὐτός@rpgmp ἀτάραχος@annmp- κατά@b μηδείς@rpans πονηρός@anans- πράσσω@vppanmp ἤ1@cs λέγω3@vppanmp ἀγαθός@annmp- εἰμί@vipa3p πᾶς@andmp- ὁ@ddmp ὁ@dafs θάλασσα@nafsc ἐργάζομαι@vppedmp καί@cs ὁ@ddmp κινέω@vnpe-- βούλομαι@vppedmp καί@cs πρός@p ὁ@dafp λοιπός@anafp- ἐγχείρησις@nafpc οὐδείς@rpans ἦττον@anansc εἰμί@vipa3p ἀγαθός@annmp- πᾶς@angmp- δέ@b μάλιστα@b ὁ@ddmp εἰς@p ὄχλος@namsc πρόειμι1@vppadmp σύμφορος@annmps τηρέω@vire3p κινέω@vppenmp δέ@b ἤ1@b ταράσσω@vppenmp κακός@anans- τις@rpans λέγω3@vppanmp ἤ1@b δράω@vppanmp ἤ1@b πάσχω@vppanmp ἤ1@cs ἀπειλέω@vppanmp ὁ@danp ἐναντίος@ananp- ὁ@ddnp προερέω@vprednp σημαίνω@vipa3p πολλάκις@b δέ@b καί@b σεισμός@namsc καί@cs ὄμβρος@namsc προαγορεύω@viaa3p εἰμί@vpfmams λευκοθέα@nnfsp ὁ@ddmp μέν@b ὁ@dafs θάλασσα@nafsc ἐργάζομαι@vppedmp ἀγαθός@annfs- πρός@p δέ@cs ὁ@danp ἄλλος@rpanp πονηρός@annfs- καί@b λύπη@ngfsc καί@cs πένθος@ngnsc σημαντικός@annfs- διά@p ὁ@dafs περί@p αὐτός@rpafs ἱστορία@nafsc πρωτεύς@nnmsp δέ@b καί@b λαῦκος@nnmsc καί@b φόρκυς@nnmsp καί@cs ὁ@dnmp περί@p οὗτος@rpamp δαίμων@nnmpc δόλος@nampc ἀπάτας@nampc σημαίνω@vipa3p διά@p ὁ@dans εὐμετάβολος@anans- ὁ@dgfs ὄψις@ngfsc μάντις@ndmpc δέ@x ἀγαθός@annmp- περί@p δέ@b θᾶλασσος@ngfsc καί@cs κῦμα@ngnpp ἐν@p ὁ@ddms περί@p πλόος@ngmsc λόγος@ndmsc ἔμπροσθεν@b ἐναὐτός@andns- οὗτος@andns- ὁ@ddns βιβλίον@ndnsc ἐπιμιμνήσκομαι@viap1s ἰγιαλός@nnmpc καί@cs ἠιών@nnmpp ἐλπίς@ngfpc εἰμί@vipa3p σημαντικός@annmp- καί@cs ὁ@ddmp κάμνω@vppadmp σωτηρία@nafpc καί@cs γάρ@b ὁ@dnmp ἐν@p μέγας@andms- χειμών@ndmsc γίγνομαι@vpamnmp ἐπάν@cs εἶδον@vsaa3p αἰγιαλός@namsc ἐν@p ἡδύς@andfps ἐλπίς@ndfpc γίγνομαι@vipe3p σωτηρία@ngfsc ποταμός@nnmpp δέ@b καί@b δίμνη@nnfpp καί@cs νύμφη@nnfpp ὁ@dnfp ἐφυδριάς@annfp- ἀγαθός@annfp- πρός@p παῖς@ngmpc γονή@namsc ἀκριβής@anansc δέ@b περί@p αὐτός@rpgmp ἐν@p ὁ@ddms ἔμπροσθεν@b λόγος@ndmsc ἐρῶ@vira1s λχελῷος@annms- δέ@b ὁ@danp αὐτός@rpanp ὁ@ddmp ποταμός@ndmpc καί@cs πᾶς@andns- ποτίμιος@andns- ὕδωρ@ndnsc σημαίνω@vipa3s καί@cs ἰσχυρός@ananpc ὁ@danp ἀποτέλεσμα@nanpc ποιέω@vipa3s ἐπεί@cs δέ@b περί@p οὗτος@rpgnp κατά@p ὁ@dans ἔχω@vppeans ἐρῶ@vspe3s λοιπός@annns- ἄν@b εἰμί@vopa3s περί@p χθόνιος@angmp- θεός@ngmpc εἶπον@vnaa-- καί@cs ὁ@dgmp πέριξ@p οὗτος@rpgmp"
"Oneir._2.39","πλοῦτος@nnmsp καί@cs περσεφόνη@nnfsp ὁ@ddmp φοβέω@vppedmp εἰμί@vipa3p ἀγαθός@annmp- ἄρχω@vipa3p γάρ@b ὁ@dgmp οὐκέτι@b φοβέω@vppegmp ἀγαθός@annmp- δέ@x καί@b πένης@ndmpc πλοῦτος1@namsc γάρ@b καί@cs πρόσκτησις@nafsc σημαίνω@vipa3p διά@p ὁ@dans ἀνενδεής@anans- ὁ@dgnp ὑποτάσσω@vpregnp αὐτός@rpdmp ἀγαθός@annmp- δέ@cs καί@b ὁ@ddmp γῆ@nafsc πρίαμαι@vppedmp καί@cs ὁ@ddmp ἐπί@p ἄρχω@vnpa-- ὁρμάω@vppedmp πολύς@angmp- γάρ@b ἄρχω@vipa3p ὁ@dnmp θεός@nnmpc οὐτος@b καί@b πρός@p ὁ@dafp μυστικός@anafp- δέ@b καί@cs ἀπόρρητος@anafp- χρεία@nafpc ἀγαθός@annmp- τηρέω@vire3p πράσσω@vppanmp δέ@b τις@rpans δεινός@anans- ἀπειλέω@vppanmp ὁ@danp ἐναντίος@ananp- σημαίνω@vipa3p δημήτηρ@nnfsp δέ@b καί@b κόρη@nnfsp καί@cs ὁ@dnms λέγω3@vppenms ἴακχος@nnmsp ὁ@ddmp μυέω@vpredmp ὁ@ddfp θεά@ndfpc ἀγαθός@anans- τις@rpans καί@cs οὐ@b ὁ@dans τυγχάνω@vpaanns εἰμί@vpfmans σημαίνω@vipa3p ὁ@ddmp δέ@b ἀμύητος@andmp- πρότερος@anans- τις@rpacs φόβος@namsc καί@cs κέκδυος@namsc ἐπάγω@vipa3p εἶτα@b δέ@cs οὐδείς@rpans ἥσσων@anansc τελειόω@vipa3p καί@b ὁ@dans ἀγαθός@anans- γεωργός@andmp- δέ@b καί@cs ὁ@ddmp κτάομαι@vnam-- γῆ@nafsc προαιρέω@vpredmp ἀγαθός@annfp- κρατέω@vnfa-- γάρ@b ὁ@dgfs γῆ@ngfsc καί@cs δεσπόζω@vnfa-- προσημαίνω@vipa3p καί@b ὁ@damp νοσέω@vppaamp ἀνίστημι@vipa3p καί@cs σώζω@vipa3p καρπός1@ngmpc γάρ@b εἰμί@vipa3p ἄνθρωπος@ndmpc χρήσιμος@angnp- αἴτιος@nnfpc ὅς@rpgfp ὁ@ddmp ἀποθνήσκω@vpaadmp οὐ@b μέτειμι@vipa3s ἔτι@b καί@b ὁ@dafs δημήτηρ@nafsp ὁ@ddfs γῆ@ndfsc ὁ@dams αὐτός@anams- ἔχω@vnpa-- λόγος@namsc φημί@vipa3p ὁ@dnmp σοφός@annmp- ζείδωρος@annfs- γάρ@b ὁ@dnfs γῆ@nnfsc καί@cs φερέσβιος@annfs- βιος@annfs- καλέω@vipe3s καί@cs βιόδωρος@annfs- ἀγαθός@annfs- δέ@b ἄν@b εἰμί@vopa3s καί@b πρός@p γάμος@namsc καί@cs πρός@p ὁ@dafp ἄλλος@anafp- ἐγχείρησις@nafpc πᾶς@anafp- κατά@p ἴδιος@anafs- ὁράω@vppenfs ὁ@dnfs δημήτηρ@nnfsp οὐκέτι@b δέ@cs ὁ@dnfs κόρη@nnfsp διά@p ὁ@dafs περί@p αὐτός@rpafs ἱστορία@nafsc οὗτος@rpnfs δέ@b πολλάκις@b καί@b ὁ@ddmp ὀφθαλμός@ndmpc ὁ@dgms εἶδον@vpaagms κίνδυνος@namsc ἐπιφέρω@viaa3s διά@p ὁ@dans ὄνομα@nansc κόρη@nnfsc γάρ@b καλέω@vipe3s καί@b ὁ@dnfs γλήνη@nnfsc ὁ@dnfs ἐν@p ὁ@ddms ὀφθαλμός@ndmsc σάραπις@nnmsp καί@cs ἶσις@nnmsp καί@cs ἄνουβις@nnmsp καί@cs ρποκράτης@nnmsc αὐτός@rpnmp τε@b καί@cs ὁ@dnnp ἄγαλμα@nnnpc αὐτός@rpgmp καί@cs ὁ@dnnp μυστήριον@nnnpc καί@cs πᾶς@annms- ὁ@dnms περί@p αὐτός@rpgnp όγος@nnmsc καί@cs ὁ@dgmp οὗτος@rpdmp σύνναος@vppanms τε@b καί@cs συμβώμωος@anans- θεός@ngmpc ταραχή@nafpc καί@b κίνδυνος@nampc καί@cs ἀπειλή@nafpc καί@cs περίστασις@nafpc σημαίνω@vipa3p ἐκ@p ὅς@rpgfp καί@b παρά@p προσδοκία@nafsc καί@cs παρά@p ὁ@dafp ἕλπις@nafpc σώζω@vipa3p ἀεί@b σωτήρ@nnmpc εἰμί@vnaa-- νομίζω@vprenmp θεός@nnmpc ὁ@dgmp είς@ πᾶς@ananp- ἀφικνέομαι@vpregmp εἰς@p ἔσχατος@anans- ὁρμάω@viaa3p ὁ@damp δέ@x ἔδω@b ἐν@p ὁ@ddnp τοιοῦτος@rpdnp εἰμί@vppaamp αὐτίκα@b μάλασώυζω@vipa3p ἐξαιρετός@b δέ@b ὁ@dnnp μυστήριον@nnnpc αὐτός@rpgmp πένθος@ngnsc εἰμί@vipa3s σημαντικός@annnp- καί@cs γάρ@b εἰ@cs καί@b ὁ@dnms φυσικός@annms- αὐτός@rpgmp λόγος@nnmsc ἄλλος@rpans τις@rpans περιέχω@vipa3s ὅς@dnms γε@b μυθικός@annms- καί@cs ὁ@dnms κατά@p ὁ@dafs ἱστορία@nafsc οὗτος@rpans δείκνυμι@vipa3s ἑκάτη@annfs- ἡχθονία@nnfsc καί@b ριννύς@nnfpc καί@cs δαίμων@nnmpp ὁ@dnmp περί@p οὗτος@rpamp φοβερός@annmp- καί@b ὁ@ddmp δικαιοπραγέω@vppadmp ὁ@damp δέ@x παρανομέω@vppaamp καί@cs ὁ@damp ἐπιτίθημι@vppeamp τις@rpdmp διαφθείρω@vipa3p ὁ@danp δέ@b αὐτός@rpanp οὗτος@rpdmp καί@b ὁ@dnfs λέγω3@vppenfs μήτηρ@nnfsp θεός@ngmpc σημαίνω@vipa3s οὗτος@rpnfs καί@cs θόρυβος@nampc καί@cs πένθος@nanpc κατά@p ἑαυτοῦ@rpafs ὁράω@vppenfs προαγορεύω@vipa3s καί@cs ὁ@danp κρυπτός@ananp- ἐλέγχω@vipa3s γεωργός@andmp- δέ@b εἰμί@vipa3s ἀγαθός@annfs- γῆ@nnfsc γάρ@x εἰμί@vnpa-- νομίζω@vire3s δεῖμος@nnmsp καί@b φόβος@nnmsp ἄρης@ngmsp υἱός@nnmpc καί@cs αὐτός@annms- δέ@x ὁ@dnms αρης@nnmsp στρατηγός@ndmpc καί@b στρατιώτης@ndmpc καί@b μονόμαχος@ndmpc καί@cs ληιστής@ndmpc κατά@b κυβευτής@ndmpc πᾶς@andmp- συμφέρω@vipa3p ὁ@ddmp δέ@b λοιπός@andmp- μάχη@nafpc καί@cs βλάβη@nafpc σημαίνω@vipa3p οὗτος@rpgnp γάρ@b εἰμί@vipa3p αἴτιος@annmp- ὠκεανός@nnmsp καί@cs τηθύς@nnfsp φιλόσοφος@ndmpc καί@cs μάντις@andmp- μείονες@ndmpc ἀγαθός@annmp- καθώς@cs ἤδη@b ἐρῶ@vire3s ὁ@ddmp δέ@b λοιπός@andmp- λύπη@nafpc ἐπιφέρω@vipa3p πλήν@p ὁ@dgmp παρά@p ὁ@ddms ὠεανός@ndmsp ἀναστρέφω@vppegmp καί@nnmsp ρον@nnmsc καί@cs τιτάν@nnmpp κακοῦργος@andmp- μέν@b δεσμός@nanpc σημαίνω@vipa3p καί@cs ὁ@damp ἐπιτίθημι@vppeamp τις@rpdmp κωλύω@vipa3p ἀνύω@vnaa-- πρός@p δέ@cs ὁ@danp λάθρῃ@b πράσσω@vppeanp εἰμί@vipa3p ἀγαθός@annmp- οὐ@b τε@b δέ@b γαμέω@vnpa-- ἐπιτρέπω@vipa3p οὐ@b τε@cs παῖς@nampc εἰμί@vpfmamp προαγορεύω@vipa3p ὁ@dnfs δέ@b ὁ@dgnp ὅλος@angmp- φύσις@nnfsp καί@b μείρομαι@nnfsp καί@cs πρόνοια@nnfsp καί@cs εἰ@cs τις@annns- ἄλλος@annns- ὄνομα@nnnsc οὗτος@rpdmp ἰσοδυναμέω@vipa3s πᾶς@andmp- ἀγαθός@ananp- προαγορεύω@vipa3p πλήν@p ὁ@dgmp νοσέω@vppagmp οὗτος@rpamp δέ@b ἀναιρέω@vipa3p ἐάν@cs μή@b εὐφημός@nanpc τις@anafs- λέγω3@vspa3p κοινός@anams- δέ@b λόγος@namsc ἔχω@vipa3p ὁ@dnmp θεός@nnmpc καί@cs ὁ@dnnp ἄγαλμα@nnnpc αὐτός@rpgmp οὗτος@rpgnp δέ@b ὁ@dnnp μέν@b ἐκ@p ῦλη@rpgfs ποιέω@vprennp στερεός@angfs- τε@cs καί@cs ἄσεπτος@angfs- ἀγαθός@annnp- ἄν@b εἰμί@vopa3s οἷος@rpnnp ἐκ@p χρυσός@ngmsc ποιέω@vprennp ἤ1@cs ἄργυρος@ngmsc ἤ1@cs χαλκός@ngmsc ἐλέφας@ngmsc ἤ1@cs λίθος@ngmsc ἤ1@cs ἤλεκτρον@ngnsc ἤ1@cs βοῦς@ngmsc ὁ@dnnp δέ@b ἐκ@p ὕλη@ngfsc ἄλλος@rpgfs ποιέω@vprennp ἄγαλμα@nnnpc ἥσσων@anansc ἄν@b εἰμί@vopa3s ἀγαθός@annnp- πολλάκις@b δέ@b καί@cs κακός@annnp- οἷος@rpans ὁ@danp γήϊνος@nanpc καί@cs ὀστράκινος@nanpc καί@cs πήλινος@ananp- καί@cs κήρινος@ananp- καί@cs γραπτός@ananp- καί@cs ὁ@danp ὅμοιος@ananp- ἔτι@b καί@b οὗτος@rpnns ὅσος@rpnmp ἀγαθός@ananp- σημαίνω@vipa3p αὐτός@rpnmp τε@cs καί@cs ὁ@dnnp ἄγαλμα@nnnpc αὐτός@rpgmp ἀγαθός@annns- ἄν@b εἰμί@vopa3s μή@b τε@cs συντρίβω@vppennp εἶδον@vnaa-- μή@b τε@cs κατάγνυμι@vpfmanp ὁ@danp ἄγαλμα@nanpc αὐτός@rpgmp ὅσος@rpnmp δέ@b κακός@ananp- σημαίνω@vipa3p αὐτός@rpnmp τε@cs καί@cs ὁ@dnnp ἄγαλμα@nnnpc αὐτός@rpgmp ἀφανίζω@vppeanp εἶδον@vnaa-- ἀγαθός@annns- ἄν@b εἰμί@vopa3s ὁ@danp ἄγαλμα@nanpc αὐτός@rpgmp"
"Oneir._2.40","περί@p δέ@b ἥρως@ngmpp καί@cs δαίμων@ngmpp τίς@rpans δεῖ@viia3s λέγω3@vnpa-- ὁ@danp γάρ@b αὐτός@rpanp ὁ@ddmp θεός@ndmpc σημαίνω@vipa3p καί@b ἀγαθός@ananp- καί@cs κακός@ananp- ἥσσων@ananpc δέ@cs ὁ@ddfs δύναμις@ndfsc μιμνήσκω@vnre-- δέ@b χρή@vipa3s ὅτι@cs ἕκαστος@annns- αὐτός@rpgmp ὁ@dafs οἰκεῖος@anafs- σκευή@nafsc ἔχω@vnpa-- χρή@vipa3s καί@b μή@b διαλλάσσω@vnpa-- μηδέ@b ἀποβάλλω@vnpa-- μη@b δέ@b ἁπλῶς@b ἵστημι@vnra-- μη@b δέ@cs ἄνευ@p ὅπλον@ngnpc εἰμί@vnpa-- ὁ@dgnp νομίζω@vpregnp ἐπεί@cs ὅς@rpans τις@anans- ἄν@b σημαίνω@vspa3p ἐάν@cs τε@cs ἀγαθός@annns- ἐάν@cs τε@cs κακός@annns- ἐξαπατάω@vspa3p καί@cs ψεύδω@vifm3p"
"Oneir._2.41","γῆ@nnfsp κινέω@vppenfs ὁ@danp πρᾶγμα@nanpc καί@cs ὁ@dams βίος@namsc ὁ@dgms εἶδον@vpaagms κινέω@vnfp-- σημαίνω@vipa3s χάσμα@nnnpc δέ@b καί@b σεισμός@nnmpc καί@cs σύμπτωσις@nnfpc πᾶς@anamp- ἄνθρωπος@nampc ἀδικέω@vipa3p καί@cs διαφθείρω@vipa3p αὐτός@rpamp ἤ1@cs ὁ@danp ὑπάρχω@vppaanp αὐτός@rpgmp μόνος@andmp- δέ@b ὁ@ddmp ἀποδημέω@vnpa-- προαιρέω@vpredmp καί@cs ὁ@ddmp καταχρέομαι@andmp- αἴσιος@annnp- καί@cs δεξιός@annnp- πᾶς@annnp- ὁ@dnnp τοιοῦτος@rpnnp τηρέω@vire3s ὁ@dnnp γάρ@b διαλύω@vppennp καί@cs συμπίτνω@vppaanp οὐκέτι@b κατέχω@vipa3s ἐν@p ὁ@ddfs πρότερος@andfs- χώρα@ndfsc ὁ@damp εἶδον@vpaaamp ὅθεν@b καί@b δάνειον@ngnpc καί@cs δεσμός@ngfpc ἀπαλλάσσω@vipa3s περί@p δέ@b ὁ@dgnp παραλείπω@vpregnp ἐπί@p ἀμφότερος@andfp- ὁ@ddfp βίβλος@ndfpc περισσός@anans- μέν@b λέγω3@vnpa-- ἐπεί@cs ἀπό@p ὁ@dgnp γράφω@vpregnp κατά@p ὁ@dans ὅμοιος@anans- ὁ@danp ἄγραφος@nanpc τεκμαίρομαι@vnpe-- χρή@vipa3s ὅμως@b δέ@b τις@rpnns ἔρομαι@vifm3s περί@p αὐτός@rpgnp"
"Oneir._2.42","κλίμαξ@nnfsp ἀποδημία@ngfsc εἰμί@vipa3s συημαντικός@nnfsc καί@cs μετάβασις@ngfsc ὁ@dnmp δέ@cs βαθμός@nnmpc αὐτός@rpgfs καί@b προκοπή@nafsc σημαίνω@vipa3p λέγω3@vipa3p δέ@b ἔνιοι@annmp- ὅτι@cs καί@b κίνδυνος@namsc σημαίνω@vipa3p τάγηνος@namsp δέ@b ζημία@nafsc σημαίνω@vipa3s καί@cs γυνή@nafsc λίχνος@anafs- μύλος@nnmsp δέ@b ταχύς@anafs- ὁ@dgnp σκληρός@angnp- καί@cs πονηρός@angnp- πρᾶγμα@ngnpc λύσις@nafsc καί@cs πιστός1@anams- θεράπων@namsc σημαίνω@vipa3s ὅλμος@nnmsp γυνή@nafsc σημαίνω@vipa3s ὕπερος@namsc δέ@x ἀνήρ@namsc ἀλεκτρυών@nnmsp ἐν@p μέν@b πένης@ngmsc οἰκία@ndfsc ὁ@dams οἰκοδεσπότης@namsc ἐν@p δέ@cs πλούσιος@angms- ὁ@dams οἰκονόμος@namsc σημαίνω@vipa3s διά@p ὁ@dans ἀνίστημι@vnpa-- ὁ@damp ἔνδον@b ἐπί@p ὁ@danp ἔργον@nanpc"
"Oneir._2.43","ᾠόν@nnfsp δέ@b ἰατρός@ndmpc καί@b ζωγράφος@ndmpc καί@cs ὁ@ddmp ἀπό@p αὐτός@rpgnp πορίζω@vppedmp συμφέρω@vipa3s ὁ@ddnp δέ@b λοιπός@andmp- ὁ@dnnp μέν@b ὀλίγος@annnp- κέρδος@ngnsc εἰμί@vipa3s σημαντικός@annnp- διά@p ὁ@dans τρόφιμος@nansc ὁ@dnnp δέ@cs πολύς@annnp- φροντίς@ngfsc καί@cs ἀνία@ngfsc πολλάκις@b δέ@cs καί@b δίκη@ngfpc ὅτι@cs ὁ@dnnp ἐκ@p αὐτός@rpgnp γεννάω@vppeanp διά@p ὅλος@angns- σκαλεύω@vipa3s καί@cs ὁ@danp κρύπτω@vpreanp ἐρευνάω@vipa3s ψιλόω@vnpe-- καί@cs πισσόομαι@vnpe-- βλάβη@nafpc καί@cs ζημία@nafpc σημαίνω@vipa3s"
"Oneir._2.44","ἔτι@b καί@b οὗτος@rpnns μιμνήσκω@vnre-- χρή@vipa3s ὅτι@cs ὅσος@annnp- τεράστιος@annnp- εἰμί@vipa3s καί@b οὐδαμῶς@b ἐνδέχομαι@vppennp καί@cs λόγος@namsc οὐ@b ἔχω@vppannp μετά@p ἡμέρα@nafsc γίγνομαι@vnam-- ὡς@cs ἱπποκένταυρος@nnmsp καί@b σκύλλα@nnfsp καί@cs ὁ@dnnp ὅμοιος@annnp- ψευδής@anafp- ὁ@dafp ἐλπίς@nafpc καί@cs ἀτέλεστος@anafp- ποιέω@vipa3s φαίνω@vipe3p δέ@b ὁ@dnmp θεός@nnmpc ἐν@p ἀντίπρῳρος@ngmpc ἰδέα@ndfsc τε@b καί@cs μορφή@ndfsc ἐπεί@cs νομίζω@vira1p αὐτός@rpamp ὁ@danp εἶδος@nanpc ἐγώ@rpdmp ἔοικα@vnra-- κανονίζω@vnpa-- οὖν@b χρή@vipa3s ὁ@damp ἀγνοέω@vppeamp θεός@nampc τε@cs καί@cs θεά@nampc ἀπό@p ἡλικία@ngfsc ἤ1@cs ἀπό@p ὁ@dgmp ἐκτός@b ἤ1@cs ἀπό@p τέχνη@ngfpc οὕτως@b ἀπό@p μέν@b ἡλικία@ngfsc οἷος@rpams παιδάριον@nansc ὁράω@vpapans καιρός@namsc σημαίνω@vipa3s ὁ@dams μέλλω@vppaams νεανίσκος@nnmsc δέ@b ὁ@dams ἐνίστημι@vpraams καί@b πάλιν@b μειράκιον@nnnsc νέος@annns- ὁ@dams ἑρμῆς@namsp νεανίσκος@nnmsc δέ@b ὁ@dams ἡρακλῆς@namsp ἀνήρ@nnmsc δέ@b ὁ@dams ζεύς@namsp πρεσβύτης@nnmsc δέ@b ὁ@dams κρόνος@namsp δύο@an---- μειράκιον@nnnpc ὁ@damp διοσκόρος@ngmsp παρθένος@nnfsc ἐλπίς@nafsp ἤ1@b ἄρτεμις@nafsp ἤ1@cs ἀθήνη@ngfpp ἐλπίς@nafsp μέν@b γελάω@vppanfs ἄρτεμις@nafsp δέ@b σεμνοπροσωπέω@vppanfs ἀθήνη@ngfpp δέ@cs γοργός@anans- ἐμβλέπω@vppanfs γυνή@nnfsc δέ@b νέος@annfs- τύχη@nafsp πρεσβῦτις@nnfsc δέ@cs ἑστία@nafsp τρεῖς@ γυνή@nnfpc μοῖρα@ngfsp ὅταν@cs εἰμί@vspa3p ἐνδύω@vprenfp γυμνός@annfp- δέ@b ὥρα@ngfsp λούω@vppenfp δέ@cs νύμφη@nafpp ἀπό@p δέ@b ὁ@dgmp ἐκτός@b ὁ@dnmp θεός@nnmpc ἔχω@vipa3p παράσημα@ananp- ὁ@dnmp ὁ@danp αὐτός@rpanp ἔχω@vppanmp ἵνα@cs μή@b κατά@p ἕκαστος@anams- λέγω3@vipa1s εὔσημος@angms- εἰμί@vppagms ὁ@dgms λόγος@ngmsc ὁ@damp θεός@nampc οὗτος@anamp- σημαίνω@vipa3p ἀπό@p δέ@b τέχνη@ngfpc ὁ@dnmp ὁ@dafp ἐπώνυμος@anafp- ὁ@ddmp θεός@ndmpc τέχνη@nafpc ἔχω@vppanmp ὁ@damp ὁ@dgfp τέχνη@ngfpc προίστημι@vppeamp θεός@nampc σημαίνω@vipa3p ὄνειρος@nampp δέ@b ἀποβαίνω@vpraamp καί@b ὁ@dafp ἀπόβασις@nafpc αὐτός@rpgmp οὐ@b ἐνδέχομαι@viie3s γράφω@vnpa-- ἐν@p τέχνη@ndfsc ὀνειροκριτικός@andfs- καί@cs ὑποθήκη@ndfpc θεώρημα@ngnpc οὐδέ@b ἐγώ@rpdms πιθανός@annnp- δοκέω@viia3s οὗτος@rpnnp καίτοι@b γεμῖνος@ngmsp ὁ@dgms τύριος@angms- καί@b δημήτριος@ngmsp ὁ@dgms φαληρεύς@ngmsp καί@cs ἀρτέμων@ngmsp ὁ@dgms μιλήσιος@angms- ὁ@dgms μέν@b ἐν@p τρεῖς@andnp- βιβλίον@ndnpc ὁ@dgms δέ@b ἐν@p πέντε@an---- ὁ@dgms δέ@cs ἐν@p εἰκοσιτέσσαρες@an---- πολύς@anamp- ὄνειρος@nampc ἀναγράφω@vpamgmp καί@cs μάλιστα@b συνταγή@nafpc καί@cs θεραπεία@nafpc ὁ@dafp ὑπό@p σαράπις@ngfsp δίδωμι@vpapafp"
"Oneir._2.45","ἔτι@b καί@b πινακίς@nnfsc γυνή@nafsc σημαίνω@vipa3s διά@p ὁ@dans τύπος@nampc παντοδαπός@anamp- γράμμα@ngnpc ἐπιδέχομαι@vnpe-- τύπος@nampc δέ@b ἐν@p ὁ@ddfs συνήθεια@ndfsc καί@cs ὁ@danp τέκνον@nanpc καλέω@vipa1p βιβλίον@namsp ὁ@dams βίος@namsc ὁ@dgms εἶδον@vpaagms σημαίνω@vipa3s διέρχομαι@vipe3p γάρ@b ὁ@danp βιβλίον@nanpc ὁ@dnmp ἄνθρωπος@nnmpc ὥσπερ@cs καί@b ὁ@dams βίος@namsc καί@cs παλαιός@angnp- πρᾶγμα@ngnpc ὑπόμνησις@nafsc ἐπεί@cs ὁ@dnnp πάλαι@b πράσσω@vpapnnp ὁ@ddnp βιβλίον@ndnpc ἐγγράφω@vire3s ἐσθίω@vnpa-- δέ@b βιβλίον@nanpc παιδευτής@ndmpc καί@cs σοφιστής@ndmpc καί@cs πᾶς@andmp- ὁ@ddmp ἀπό@p λόγος@ngmpc ἤ1@cs βιβλίον@ngnpc πορίζω@vppedmp συμφέρω@vipa3s ὁ@ddmp δέ@b λοιπός@andmp- θάνατος@namsc σύντομος@anams- προαγορεύω@vipa3s"
"Oneir._2.46","πέρδιξ@nnmpp καί@b ἀνήρ@nampc καί@cs γυνή@nafpc σημαίνω@vipa3p ὡς@cs δέ@b ἐπί@p ὁ@dans πλεῖστος@ananss γυνή@nafpc ἄθεος@anafp- καί@cs ἀσεβής@anafp- οὐδέ@b ποτέ@b ὁ@ddmp τρέφω@vppadmp εὐνοέω@vppaafp καί@b γάρ@b δυστιθάσευτος@annmp- εἰμί@vipa3p καί@cs ποικίλος@annmp- καί@cs μόνος@annmp- ὁ@dgmp ὄρνις@angmp- θεός@ngmpc σέβας@nansc οὐ@b ἔχω@vipa3p"
"Oneir._2.47","πέδη@nnfpp κατοχή@ngfsc καί@cs ἐμποδισμός@ngmsc εἰμί@vipa3p σημαντικός@annfp- καί@cs νόσος@ngfsc διά@p ὁ@dans καθεκτικός@anans- δοῦλος@ndmpc δέ@b πίστις@nafpc μέγας@anafp- προαγορεύω@vipa3p οὖν@rpgfp ἀχώριστος@annfp- εἰμί@vifm3p καί@cs γάμος@namsc ἀγάμοι@andmp- καί@cs τέκνον@nanpc ὁ@ddmp οὐ@b ἔχω@vppadmp ἀπό@p δέ@b ὁ@dgfs ὕλη@ngfsc αὐτός@rpgmp ὁ@dans πολυτελής@anans- ὁ@dgms γάμος@ngmsc εἰμί@vipa3s τεκμαίρομαι@vnam--"
"Oneir._2.48","παίω@vnpa-- οὗτος@rpamp μόνος@b εἰμί@vipa3s ἀγαθός@annns- οὖν@rpgmp ἄρχω@vipa3s τις@rpnms πλήν@p γυνή@ngfsc οὗτος@annfs- γάρ@x εἰ@cs παίω@vope3s μοιχεύω@vipe3s ὁ@dnmp δέ@b λοιπός@annmp- ἐπί@p ὠφέλεια@ndfsc ὁ@dgms παίω@vppagms ὁ@dafp πληγή@nafpc λαμβάνω@vipa3p ὅς@rpgmp δέ@b τις@rpnms οὐ@b ἄρχω@vipa3s οὗτος@rpamp παίω@vnpa-- οὐ@b ἀγαθός@annns- ζημία@nafsc γάρ@b διά@p ὁ@dams νόμος@namsc προαγορεύω@vipa3s παίω@vnpe-- δέ@b οὐ@b ἀγαθός@annns- μή@b τε@cs ὑπό@p θεός@ngmpc μή@b τε@b ὑπό@p νεκρός@angmp- μή@b τε@cs ὑπό@p ὁ@dgmp ὑποτάσσω@vpfpgmp ἀλλά@cs ὑπό@p ὁ@dgmp λοιπός@angmp- ἀεί@b δέ@b ἀγαθός@annns- ξύλον@ndnpc ἤ1@cs χείρ@ndfpc παίω@vnpe-- πονηρός@annns- δέ@b ἱμάς@ndmsc διά@p ὁ@damp μώλωψ@nampc καί@cs κάλαμος@ndmsc διά@p ὁ@dams ψόφος@namsc ὁπόθεν@b δέ@b ὁ@dnmp παίω@vppenmp λαμβάνω@vipa3p ὁ@dafp πληγή@nafpc ἐντεῦθεν@b ὁ@dafp ὠφέλεια@nafpc συμβαίνω@vira3s γίγνομαι@vnpe--"
"Oneir._2.49","ἀποθνήσκω@vnaa-- δοκέω@vnpa-- καί@b ἐκκομίζω@vnap-- καί@cs κατορύσσω@vnap-- δοῦλος@ndmsc μέν@b οὐ@b εἰμί@vppadms ἐν@p πίστις@ndfsc ἐλευθερία@nafsc προαγορεύω@vipa3s ἀδέσποτος@annms- γάρ@b ὁ@dnms ἀποθνήσκω@vpaanms καί@b παύω@vipe3s κάμνω@vppanms καί@cs ὑπηρέτης@ngmpc ὁ@dams δέ@b ἐν@p πίστις@ndfsc εἰμί@vppaams δοῦλος@namsc παραιρέω@vipe3s ὁ@dgfs πίστις@ngfsc ὁ@dnms θάνατος@nnmsc ἀνήρ@ndmsc δέ@b ἀγάμως@andms- γάμος@namsc προαγορεύω@vipa3s τέλος@nnnpc μέν@b γάρ@b ἀμφότερος@annnp- ὁ@ddmp ἄνθρωπος@ndmpc εἰμί@vnpa-- νομίζω@vire3s καί@b ὁ@dnms γάμος@nnmsc καί@cs ὁ@dnms θάνατος@nnmsc ἀεί@b δέ@cs δείκνυμι@vipe3p ὑπό@p ἀλλήλων@rpgmp ὅθεν@b καί@cs ὁ@ddmp νοσέω@vppadmp ὁ@dnns γαμέω@vnpa-- θάνατος@namsc προαγορεύω@vipa3s καί@b γάρ@b ὁ@dnnp αὐτός@rpnnp ἀμφότερος@andmp- συμβαίνω@vipa3s ὁ@ddms τε@cs γαμέω@vppadms καί@cs ὁ@ddms ἀποθνήσκω@vpaadms οἷος@rpans παραπομπή@nnfsc φίλος@angmp- ἀνήρ@ngmpc τε@cs καί@cs γυνή@ngfpc καί@cs στέφανος@nnmpc καί@cs ἄρωμα1@nnnpc καί@b μύρον@nnfsc καί@cs συγγραφή@nnfsc κτῆμα@ngnpc ὁ@dams δέ@b γαμέω@vpraams διίστημι@vipa3s ὁ@dgfs γυνή@ngfsc ὁ@dnms θάνατος@nnmsc καί@b κοινωνός@nampc δέ@cs καί@b φίλος@nampc καί@cs ἀδελφός@nampc διαλύω@vipa3s καί@cs διίστημι@vipa3s ἀλλήλων@rpgmp ὁ@dnmp γάρ@b ἀποθνήσκω@vpaanmp ὁ@ddmp ζάω@vppadmp οὐ@b συναναστρέφω@vipe3p οὐ@b δέ@cs αὖ@b ὁ@dnmp ζάω@vppanmp ὁ@ddmp ἀποθνήσκω@vpaadmp ὁ@dams δέ@b ἐν@p ὁ@ddfs οἰκεῖος@ndfsc εἰμί@vppaams ἐπί@p ξένη@nafsc ἄγω@vipa3s διά@p ὁ@dans μή@b ὁ@dams ἀποθνήσκω@vpaaams ἐν@p ὁ@ddnp αὐτός@rpdnp ἔτι@b μένω@vnpa-- ὁ@dams δέ@cs ἐπί@p ξένη@ngfsc εἰμί@vppaams εἰς@p ὁ@dafs οἰκεῖος@anafs- ἄγω@vipa3s καί@b γάρ@b ὁ@dnms ἀποθνήσκω@vpaanms εἰς@p ὁ@dafs γῆ@nafsc κατατίθημι@vipe3s ὅστις@rpnfs εἰμί@vipa3s κοινός@annfs- πᾶς@angmp- πατρίς@nnfsc ἀθλητής@nafpc δέ@b ἱεροκῆρυξ@nafpc ὁ@dnms θάνατος@nnmsc ποιέω@vipa3s τέλειος@annmp- γάρ@b ὁ@dnmp ἀποθνήσκω@vpaanmp ὡς@cs καί@b ὁ@dnmp νικάω@vpaanmp ἀγαθός@annns- δέ@b καί@b φιλόλογος@andmp- ὁ@dnns ἀποθνήσκω@vnaa-- καί@cs πατήρ@ndmpc μνημεῖον@nanpc γάρ@b ἔχω@vifa3p ὁ@dnmp μέν@b ὁ@damp παῖς@nampc ὁ@dnmp δέ@cs ὁ@dgfs ἑαυτοῦ@rpgmp σοφία@ngfsc ὁ@danp σύγγραμμα@nanpc ἀγαθός@anams- δέ@b ὁ@dams θάνατος@namsc τηρέω@viaa1s καί@b ὁ@ddmp λυπέω@vppedmp καί@cs ὁ@ddmp φοβέω@vppedmp ἄφοβος@annmp- γάρ@b καί@cs ἄλυπος@annmp- ὁ@dnmp ἀπσθνέω@vppanmp καί@b ὁ@ddmp περί@p γῆ@ngfsc δίκη@nafsc ἔχω@vppadmp καί@cs ὁ@ddmp βούλομαι@vppedmp γῆ@nafsc πρίαμαι@vnpe-- γῆ@ngfsc γάρ@b δεσπότης@nnmpc ὁ@dnmp ἀποθνήσκω@vpaanmp ἐν@p δέ@b ὁ@ddfp ἄλλος@rpdfp δίκη@ndfpc πονηρός@annns- ὁ@dnns ἀποθνήσκω@vnaa-- ἄπρακτος@annmp- γάρ@b ὁ@dnmp ἀποθνήσκω@vpaanmp καί@cs ἐν@p ὁ@ddfs ὁ@dgmp ζάω@vppagmp ἐξουσία@ndfsc διάκειμαι@vprenmp εἰ@cs δέ@b τις@rpnms νοσέω@vppanms ἀλμή@vppanms τις@rpans δοκέω@voaa3s θνήσκω@vnra-- ἄπονος@annms- εἰμί@vifm3s καί@cs ἄνοσος@annms- καί@b γάρ@b ὁ@dnmp ἀποθνήσκω@vpaanmp οὐδείς@rpans δέ@b διαφέρω@vipa3s αὐτός@rpans μόνος@anans- δοκέω@vnpa-- ἀποθνήσκω@vnaa-- ἤ1@cs ἐκκομίζω@vnap-- θάπτω@vnap-- ζάω@vppaams δέ@x θάπτω@vnpe-- δοκέω@vnpa-- οὐδείς@rpdms συμφέρω@vipa3s ὡς@b γάρ@b ἐπί@p ὁ@dans πολύς@anans- εἱρκτή@nafsc καί@cs δεσμός@nanpc σημαίνω@vipa3s ὅς@rpans τις@anans- δέ@b ἄν@b σημαίνω@vspa3s ἀγαθός@anans- κακός@anans- ὁ@dnms θάνατος@nnmsc οὗτος@rpnns ἐάν@cs μέν@b τις@rpnms ἑαυτοῦ@rpams ἀποκτείνω@vspa3s εἰμί@vifm3s αὐτός@rpdms διά@p ὁ@dafs ἑαυτοῦ@rpgns αἰτία@nafsc ἐάν@cs δέ@cs ὑπό@p ἄλλος@rpgms ἀποθνήσκω@vsaa3s διά@p ὁ@dafs ὁ@dgns ἄλλος@rpgns αἰτία@nafsc καί@cs ὁ@danp ἀποτέλεσμα@nanpc εἰμί@vifm3s πᾶς@annmp- δέ@b ὁ@dnmp ἐκ@p καταδίκη@ngfsc θάνατος@nnmpc ὁ@danp σημαίνω@vppeanp καί@b ἀγαθός@ananp- καί@cs κακός@ananp- σφοδρός@ananpc ποιέω@vipa3p περί@p ὅς@rpgnp καί@cs κατά@p εἶδος@nansc εἶπον@vnaa-- ἄξιος@annns-"
"Oneir._2.50","ἀπάγχω@vnam-- καί@cs ἑαυτοῦ@rpams ἀναρτάω@vnaa-- θλῖψις@nafpc καί@cs στενοωρία@nafpc σημαίνω@vipa3s διά@p ὁ@dans συμβαίνω@vppaans ὁ@ddmp ἀπάγχω@vppedmp καί@cs προσέτι@b μή@b μένω@vnaa-- ἐν@p ὁ@ddfs οἰκεῖος@andfs- μη@b δέ@cs ὅπου@b τις@rpnms εἰμί@vppanms ὁ@dams ὄνειρος@namsc θεάομαι@viam3s καί@b γάρ@b ὁ@dnms ἀπάγχω@vpamnms οὐκέτι@b ὁ@ddfs γῆ@ndfsc ἐπιβαίνω@vipa3s οὐ@b δέ@cs εἰμί@vipa3s ἐπί@p ἕδρα@ngfsc"
"Oneir._2.51","σφάζω@vnaa-- δέ@b ἑαυτοῦ@rpams ὑπό@p τις@rpgns σφάζω@vnap-- ὁ@dans αὐτός@rpanp σημαίνω@vipa3s ὁ@ddnp ἔμπροσθεν@b περί@p θάνατος@ngmsc ἐρῶ@vprednp ταχύς@anansc δέ@cs τελειόω@vipa3s ἱερεύω@vnap-- δέ@b καί@cs σφάζω@vnap-- παρά@p βωμός@ndmsc θεός@ngmsc ἤ1@b δημοσίᾳ@andfs- ἐν@p ἐκκλησία@ndfsc ἤ1@cs ἐν@p ἀγορά@ndfsc ἀγαθός@annns- πᾶς@andmp- μάλιστα@b δοῦλος@ndmpc ἔνδοξος@b γάρ@b καί@cs ἐπιφανής@b εἰμί@vifm3p ἐλεύθερος@annmp-"
"Oneir._2.52","ζάω@vppaams κατακαίω@vnpe-- ὁ@danp αὐτός@rpanp ὁ@ddms κεραυνόω@vnpe-- σημαίνω@vipa3s περί@p ὅς@rpgnp ἔμπροσθεν@b ἐρῶ@vire3s ἴδιος@b δέ@b ὁ@dnns ζάω@vppaams κατακαίω@vnpe-- ὁ@ddmp νοσέω@vppadmp διά@p ὁ@dans σύνθετος@anans- ὁ@dgns ὄνομα@ngnsc σωτηρία@nafsc σημαίνω@vipa3s ὁ@ddmp δέ@cs νέος@andmp- φορά@nafpc ἄλογος@anafp- καί@cs ἐπιθυμία@nafpc ἐρωτικός@anafp- σημαίνω@vipa3s"
"Oneir._2.53","σταυρόω@vnpe-- πᾶς@andmp- μέν@b ὁ@ddmp ναυτιλλόμενος@vppedmp ἀγαθός@annns- καί@b γάρ@b ἐκ@p ξύλον@ngnpc καί@cs ἤλω@ngnpc γίγνομαι@vira3s ὁ@dnms σταυρός@nnmsc ὡς@cs καί@cs ὁ@dnns πλοῖον@nnnsc καί@cs ὁ@dnfs κατάρτιος@nnfsc αὐτός@rpgms ὅμοιος@annfs- εἰμί@vipa3s σταυρός@ndmsc ἀγαθός@annns- δέ@b καί@b πένης@ndmsc καί@b γάρ@b ὑψηλός@annms- ὁ@dnms πάσχω@vpapnms καί@cs πολύς@anamp- τρέφω@vipa3s οἰωνός@nampc ὁ@dnnp δέ@x κρυπτός@annnp- ἐλέγχω@vipa3s ἐκφανής@annms- γάρ@x ὁ@dnms πάσχω@vpapnms ὁ@damp δέ@x πλούσιος@anamp- βλάπτω@vipa3s γυμνός@annmp- γάρ@b σταυρόω@vipe3p καί@cs ὁ@dafp σάρξ@nafpc ἀπόλλυμι@vipa3p ὁ@dnmp πάσχω@vpapnmp ἀνήρ@ndmsc δέ@b ἀγάμως@andms- γάμος@namsc προαγορεύω@vipa3s διά@p ὁ@dafs δέσις@nafsc πλήν@cs οὐ@b πάνυ@b τις@rpans συμφέρω@vppaams ὁ@dnms δέ@b αὐτός@annms- λόγος@nnmsc καί@b περί@p φιλία@ngfsc καί@cs κοινωνία@ngfsc δοῦλος@nampc δέ@b ἐλευθερόω@vipa3s ἀνυπότακτος@annmp- γάρ@b ὁ@dnmp πάσχω@vpapnmp ὁ@damp δέ@b ἐν@p ὁ@ddfs οἰκεῖος@ndfsc διατρίβω@vnpa-- βούλομαι@vppeamp καί@cs ὁ@damp ἴδιος@anafs- γῆ@nafsc γεωργέω@vppaamp καί@cs ὁ@damp ἐκβάλλω@vnap-- ποθεν@b φοβέω@vppeamp ἐκβάλλω@vipa3s καί@cs οὐ@b ἐάω@viia3s μένω@vnpa-- ἐν@p ὅς@rpdnp εἰμί@vipa3p ἔργω@vipa3s γάρ@b ὁ@dnms σταυρός@nnmsc ὁ@dgfs γῆ@ngfsc ἐπιβαίνω@vnpa-- ἐν@p πόλις@ndfsc δέ@b δοκέω@vnpa-- σταυρόω@vnre-- ἀρχή@nafsc σημαίνω@vipa3s τοιοῦτος@rpafs οἷος@rpnms ἄν@b εἰμί@vspa3s ὁ@dnms τόπος@nnmsc ἐν@p ὅς@rpdfs ὁ@dnms σταυρός@nnmsc ἵστημι@vira3s"
"Oneir._2.54","θηριομαχέω@vnpa-- πένης@ndmsc ἀγαθός@annns- πολύς@anamp- γάρ@b ἔχω@vifa3s τρέφω@vnpa-- καί@cs γάρ@b ὁ@dnms θηριομαχέω@vppanms ἀπό@p ὁ@dgfp ἴδιος@angfp- σάρξ@ngfpc ὁ@danp θηρίον@nanpc τρέφω@vipa3s ἀνήρ@ndmsc δέ@b εὔπορος@andms- ὑπό@p τοιοῦτος@rpgnp ἀδικία@nafpc εἰμί@vppeafp προαγορεύω@vipa3s οἷος@annnp- ἄν@b εἰμί@vspa3s ὁ@danp θηρίον@nnnpc πολύς@andmp- δέ@x νόσος@nafsc προαγορεύω@viaa3s ὡς@cs γάρ@b ὑπό@p θηρίον@ngnpc οὕτως@b καί@cs ὑπό@p νόσος@ngfsc φθείρω@vipe3p ὁ@dnfp σάρξ@nnfpc δοῦλος@nampc δέ@b ἐλευθερόω@vipa3s ἐάν@cs ἀποθνῄσκω@vsaa3p ὑπό@p ὁ@dgfp θηρίον@ngfpc"
"Oneir._2.55","εἰς@p ᾅδης@ngmsp καταβαίνω@vnaa-- δοκέω@vnpa-- καί@cs ὁ@danp ἐν@p ᾅδης@ngmsp ὁράω@vnpa-- ὅσος@annnp- ἐκεῖ@b εἰμί@vnpa-- νομίζω@vire3s ὁ@ddmp μέν@b εὖ@b πράσσω@vppadmp καί@cs κατά@p προαίρεσις@nafsc ζάω@vppadmp ἀπραξία@nafsc καί@cs βλάβη@nafsc σημαίνω@vipa3s ἄπρακτος@annmp- γάρ@x ὁ@dnmp ἐν@p ᾅδης@ngmsp καί@cs ψυχρός@annmp- καί@cs ἀκίνητος@annmp- ὁ@ddmp δέ@b εὐλαβέομαι@vppedmp ἤ@cs φροντίζω@vppadmp λυπέω@vppedmp ἀμεριμνία@ngfsc καί@cs ἀλυπία@ngfsc προαγορεύω@vipa3s καί@b γάρ@x ἄλυπος@annmp- καί@cs πᾶς@angfs- ἐκτός@p φροντίς@ngfsc εἰμί@vipa3p ὁ@rpnmp ἐν@p ᾅδης@ngmsp ὁ@ddmp δέ@b λοιπός@andmp- ἀποδημία@nafpc σημαίνω@vipa3s ἤ1@cs πάντως@b γε@b ὁ@dgmp τόπος@ngmpc ἐν@p ὅς@rpdmp εἰμί@vipa3p ἐκβάλλω@vipa3s οὗτος@rpans μέν@b γάρ@b ὁ@dnmp παλαιός@annmp- ὁ@damp μακράν@b ἀποδημέω@vpaaamp εἰς@p ᾅδης@ngmsp πορεύω@vnpe-- λέγω3@viia3p οὗτος@rpans δέ@cs καί@b αὐτός@annms- ὁ@dnms λόγος@nnmsc δείκνυμι@vipa3s ὅτι@cs μή@b ἐν@p ὁ@ddfp αὐτός@andfp- διατριβή@ndfpc εἰμί@vipa3p ὁ@dnmp ἐν@p ᾅδης@ngmsp καί@b εἰ@cs μέν@b τις@rpnms ἀναβαίνω@vnpa-- πάλιν@b ἐκ@p ᾅδης@ngmsp ὑπολαμβάνω@voaa3s ἀνακομίζω@vifp3s ἀπό@p ὁ@dgfs ξένη@angfs- εἰς@p ὁ@dafs οἰκεῖος@anafs- εἰ@cs δέ@cs μή@b ἐπί@p ξένη@ngfsc καταβιόω@vifm3s πολλάκις@b δέ@b καί@b ὁ@damp ἐπί@p ξένη@ngfsc ὁ@dnfs εἰς@p ᾅδης@ngmsp κατάβασις@nnfsc εἰς@p ὁ@dafs οἰκεῖος@anafs- ἐπανάγω@vipa3s ὁ@dnns δέ@b δοκέω@vnpa-- εἰς@p ᾅδης@ngmsp καταβαίνω@vpaaams ἔργω1@vnpe-- ὁ@dgfs εἰς@p ἄνθρωπος@nampc ἄνοδος2@ngfsc βία@nnfpc κατασχεθεῖν@vnap-- πρός@p τις@rpgmp σημαίνω@vipa3s ἤ1@cs εἰς@p εἱρκτή@nafsc ἐμβάλλω@vnap-- πολύς@andmp- δέ@cs νόσος@nafsc μακράν@anafs- προαγορεύω@viaa3s καί@cs ἐπί@p ὁ@ddfs νόσος@ndfsc θάνατος@namsc ὁ@dnns δέ@b ἀναβαίνω@vnpa-- διαφυγή@nafsc τις@rpacs πορίζω@vpamnns ἐκ@p ἔσχατος@angms- τις@rpgms κίνδυνος@ngmsc σώζω@vipa3s ὁ@dams ἄρρωστος@anams- φημί@vipa3p γάρ@b καί@b ἐν@p ὁ@ddfs συνήθεια@ndfsc ὁ@dams παρά@p προσδοκία@nafsc σῴζω@vpapams ἐκ@p ᾅδης@ngmsp ἀναβαίνω@vnra--"
"Oneir._2.56","βαστάζω@vnpa-- τις@rpams ὁ@dgmp δαίμων@ngmpc ὁ@dgmp χθόνιος@angmp- ἤ1@cs αὐτός@anams- ὁ@dams πλούτων@namsp ἤ1@cs ὁ@dams κέρβερος@namsp ἤ1@cs ἄλλος@rpams τις@rpams ὁ@dgmp ἐν@p ᾅδης@ngmsp κακοῦργος@andms- μέν@b εἶδον@vpaadms σταυρός@namsc βαστάζω@vnaa-- σημαίνω@vipa3s ἔοικα@vira3s γάρ@b καί@b ὁ@dnms σταυρός@nnmsc θάνατος@ndmsc καί@cs ὁ@dnms μέλλω@vppanms αὐτός@rpdms προσηλόω@vnpe-- πρότερος@anans- αὐτός@rpams βαστάζω@vipa3s ἀνήρ@ndmsc δέ@cs μή@b κακοῦργος@ndmsc θηρίον@nansc βαστάζω@vnaa-- σημαίνω@vipa3s καί@cs εἰ@cs μέν@b βαρύνω@vope3s δάκνω@vnap-- καί@cs ἀποθνήσκω@vnaa-- εἰ@cs δέ@cs μή@b αἰσθάνομαι@vpamams ἀποτίθημι@vnae-- καί@cs μή@b διαφθείρω@vnap-- βαστάζω@vnpa-- δέ@b τις@rpacs ὁ@dgmp ζάω@vppagmp ἀμείνων@annnsc ἤ1@cs βαστάζω@vnpe-- ὅσος@andns- καί@b κρείσσων@annnsc ἀμύνω@vnpa-- τις@rpdns δύναμαι@vnpe-- ὁ@dgns ἐπιδέω@vnpe-- τιμωρία@nafpc καί@cs βοήθεια@nafpc ἔοικα@vira3s γάρ@b ὁ@dnms μέν@b βαστάζω@vppanms συναιρέω@vppedms τις@rpdms καί@cs εὐεργετέω@vppadms ὁ@dnms δέ@cs βαστάζω@vppenms εὐεργετέω@vppedms ὅσος@rpdns οὖν@b ἀσθενής@annmsc εἰμί@vipa3s ὁ@dnms βαστάζω@vppanms οἷος@rpans γυνή@nnfsc ἤ1@nnnsc τοσοῦτος@rpdns χείρων@anansc ὁ@ddms βαστάζω@vppedms καί@cs γάρ@b ὁ@dgmp εὐτελής@angmpc καί@cs ἥσσων@anansc ἀμύνω@vnpa-- δύναμαι@vppegmp ἐπιδέω@vifp3s μόνος@andms- δέ@b οἰκέτης@ndmsc ὑπό@p ὁ@dgms δεσπότης@ngmsc βαστάζω@vnpe-- ἀγαθός@annns- καί@cs ὁ@ddms παντελής@b πένης@ndmsc ὑπό@p πλούσιος@ngnsc πολύς@ananp- γάρ@b ὠφελέω@vifp3p ὑπό@p ὁ@dgmp βαστάζω@vppagmp"
"Oneir._2.57","νεκρός@nampp ὁράω@vnpa-- αὐτός@rpans μόνος@b καί@cs μηδείς@rpans ἀξιόλογος@anans- δράω@vnpa-- ἤ1@cs πάσχω@vnpa-- οὕτως@b διατίθημι@vnap-- σημαίνω@vipa3s ὅπως@cs ἔχω@viia3p σχέσις@ngfsc ὁ@dnmp νεκρός@nnmpc ὅτε@cs ζάω@viia3p πρός@p ὁ@dams εἶδον@vpaaams εἰ@cs μέν@b γάρ@b γίγνομαι@viam3p ἡδύς@annmp- ἤ1@cs εὐεργέτης@annmp- ἀγαθός@ananp- σημαίνω@vipa3p καί@cs ὁ@dams πάρειμι1@vppaams καιρός@namsc ἡδέως@b διάγω@vnfa-- εἰ@cs δέ@cs μή@b ὁ@danp ἐναντίος@ananp- εἰ@cs δέ@b τις@rpans ὁ@dnmp νεκρός@annmp- λαμβάνω@vopa3p οἷος@rpnns νεκρός@ndmpc συντίθημι@vipe3s ἀσύμφορος@annns- πᾶς@angnp- δέ@b χαλεπός@annmps ὁ@dnmp ἱμάτιον@nanpc περιαιρέω@vppenmp ἤ1@cs ἀργύριον@nansc ἤ1@cs τροφή@nnfsc ἤ1@b γάρ@b αὐτός@rpdms ὁ@ddms εἶδον@vpaadms θάνατος@namsc σημαίνω@vipa3p ἤ@cs τις@rpdms ὁ@dgmp οὗτος@rpdms προσήκω@vppagmp ὅς@rpans τις@anans- δέ@b ἄν@b ἄλλος@anans- ἁρπάζω@vsaa3p κατά@p ἀναλογία@nafsc κρίνω@vnpa-- χρή@vipa3s δίδωμι@vppanmp δέ@b τις@rpans ὁ@dnmp νεκρός@annmp- καί@b οὕτως@b πονηρός@annmp- εἰμί@vipa3p εἰ@cs μή@b ἄρα@b τροφή@nafpc ἀργύριον@nansc ἤ1@cs ἱμάτιον@nanpc ἐπιδίδωμι@vopa3p"
"Oneir._2.58","λέγω3@vipa3p δέ@cs ἔνιοι@annmp- ὁ@dans ἀργύριον@nansc εἰμί@vnpa-- πονηρός@anans- καί@cs ὁ@danp νόμισμα@nanpc πᾶς@ananp- ἐγώ@rpnms δέ@b τηρέω@viaa1s ὁ@danp μέν@b λεπτός@ananp- καί@cs χάλκεος@ananp- νόμισμα@nanpc δυσθυμία@ngfpc αἴτιος@ananp- καί@cs λόγος@ngmpc ἐπίλυπος@angmp- ὁ@danp δέ@b ἀργύρεος@ananp- λόγος@ngmpc ὁ@dgmp ἐν@p συνθήκη@ndfpc περί@p σπουδαῖος@angnp- πρᾶγμα@ngnpc σημαντικός@ananp- ὁ@danp δέ@cs χρύσεος@ananp- σπουδαῖος@angmpc ἀεί@b δέ@b ἀμείνων@annnsc ὀλίγος@ananp- ἔχω@vnpa-- χρῆμα@nanpc καί@cs νόμισμα@nanpc καί@cs μή@b πολύς@ananp- ἐπεί@cs ὁ@dnnp γε@b πολύς@annnp- διά@p ὁ@dans δυσοικονόμητος@anans- φροντίς@nafpc καί@cs λύπη@nafpc σημαίνω@vipa3s ὥσπερ@cs καί@b ὁ@dnms θησαυρός@nnmsc"
"Oneir._2.59","εἰ@cs τις@rpnms ὑπολαμβάνω@voaa3s θησαυρός@namsc εὑρίσκω@vnpa-- ὀλίγος@ananp- χρῆμα@nanpc ἔχω@vppaams ἥσσων@anamsc ὁ@danp χαλεπός@ananp- σημαίνω@vipa3s ὁ@dnms δέ@b πολυχρήματος@annms- θησαυρός@nnmsc λύπη@nafpc καί@cs μέριμνα@nafpc σημαίνω@vipa3s πολλάκις@b δέ@b καί@b θάνατος@namsc προαγορεύω@vipa3s οὐ@b γάρ@b ἄνευ@p ὁ@dgns ὁ@dafs γῆ@nafsc ἀνασκάπτω@vnap-- θησαυρός@nnmsc εὑρίσκω@vipe3s ὥσπερ@cs οὐ@b δέ@b νεκρός@nnmsc κατατίθημι@vipe3s"
"Oneir._2.60","δακρύω@vnpa-- καί@cs ὀδύρομαι@vnpe-- καί@b ἐπί@p νεκρός@andms- καί@cs ἐπί@p ἄλλος@rpdns ὅστις@vnpa-- καί@cs αὐτός@annns- ὁ@dnns λυπέω@vnpe-- χαρά@nafsc ἐπί@p τις@rpdns καί@cs ἡδονή@nafsc ἐπί@p κατόρθωμα@ndnsc εἰμί@vpfmafs προαγορεύω@vipa3s ὀρθός@b καί@cs κατά@p λόγος@namsc ἔχω@vipa3s γάρ@b ὁ@dnfs ἡμέτερος@annfs- ψυχή@nnfsc συγγενής@anans- τις@rpans πρός@p ὁ@dans περιέχω@vppaans καί@cs ὁ@dams ἀήρ@namsc ὁ@dams ἐκτός@b ὥσπερ@cs οὖν@b ὁ@dnns περιέχω@vppanns καί@cs ὁ@dnms ἀήρ@nnmsc τρέπω@vipe3p ἐπί@p ὁ@dans ἐναντίον@anans- ἀπό@p χειμών@ngmsc εἰς@p εὐδία@nafsc καί@cs πάλιν@b ἀπό@p εὐδία@ngfsc εἰς@p χειμών@namsc οὕτως@b ἔοικα@vpranns καί@b ὁ@dafs ἡμέτερος@anafs- γνώμη@nafsc ἀπό@p λύπη@ngfsc εἰς@p ἡδονή@nafsc καί@cs χαρά@nafsc τρέπω@vnpe-- καί@cs ἀπό@p χαρά@ngfsc εἰς@p λύπη@nafsc ὅθεν@b καί@cs ὁ@dnns χαίρω@vnpa-- εἰς@p ὁ@dans ἐναντίον@anans- τρέπω@vppenns λύπη@nafsc προαγορεύω@vipa3s ἀεί@b δέ@b χρή@vipa3s ἐπί@p τις@rpdns λυπέω@vnpe-- καί@cs μή@b ἄνευ@p ὑπόθεσις@ngfsc ἐπεί@cs ὁ@dnns γε@b εἰκῇ@vprannp λυπέω@vnpe-- ὄντως@b ἐπί@p τις@rpdns λυπέω@vnfp-- σημαίνω@vipa3s"
"Oneir._2.61","μνημεῖον@nansp δέ@b ἔχω@vnpa-- ἤ1@cs οἰκοδομέω@vnpa-- ἀγαθός@anans- δοῦλος@ndmsc καί@cs ἄπαις@ndmsc ὁ@dnms μέν@b γάρ@b εἰμί@vifm3s ἐλεύθερος@annms- ἐπεί@cs μή@b δοῦλος@voaa3s μνημεῖον@nanpc κτάομαι@vipe3p ἀλλά@cs ἐλεύθερος@annmp- ὁ@dnms δέ@cs καταλείπω@vifa3s μνημεῖον@nansc ἑαυτοῦ@rpgms παῖς@namsc πολλάκις@b δέ@b καί@b γάμος@namsc προαγορεύω@viaa3s p@ 156@n---c ὁ@dnns τοιοῦτος@rpnns ὄναρ@nnnsc ἐπεί@cs καί@b ὁ@dnns μνημεῖον@nnnsc ὥσπερ@cs γυνή@nnfsc ὅλος@ananp- ὁ@danp σῶμα@nanpc χωρέω@vipa3s καί@b γῆ@ngfsc πρόσκτησις@nafsc καί@b καθόλου@b πᾶς@andmp- εἰμί@vipa3s ἀγαθός@annns- καί@b ὁ@ddmp εὐδαιμονέω@vppadmp καί@cs ὁ@ddmp ἄπορος@andmp- συντρίβω@vppennp δέ@b μνημεῖον@nnnpc καταπίπτω@vppannp ὁ@danp ἐναντίος@ananp- σημαίνω@vipa3s"
"Oneir._2.62","νεκρός@nnmpp ἀναβιόω@vppanmp ταραχή@nafpc σημαίνω@vipa3p καί@cs βλάβη@nafpc κατά@p ὑπόθεσις@nafsc γάρ@b χρή@vipa3s ἐπινοέω@vnaa-- οἷος@rpnfs εἰμί@vifm3s ταραχή@nnfsc ὁ@dgmp νεκρός@angmp- ἀναβιώσκω@vpaagmp ὡς@cs ἔοικα@vpranns δέ@b καί@b ὁ@danp ἑαυτοῦ@rpgmp ἀπαιτέω@vifa3p ὅθεν@b καί@b βλάβη@nnfpc γίγνομαι@vipe3p"
"Oneir._2.63","νεκρός@nnmpp ἐκ@p δεύτερος@angns- ἀποθνήσκω@vppanmp ὁμώνυμος@angmp- ἤ1@cs ὅμοιος@angnp- ὁ@dgmp ἔγγιστος@ananp- γένος@ngnsc θάνατος@namsc προαγορεύω@vipa3p ἵνα@cs οὕτως@b ὁ@dnmp αὐτός@rpnmp δίς@b δοκέω@vsaa3p ἀποθνήσκω@vnpa--"
"Oneir._2.64","φάρμακον@nnnsp θανάσιμος@annns- ὁ@dnnp αὐτός@rpnnp ὁ@ddms θάνατος@ndmsc σημαίνω@vipa3s ὅμοιος@b καί@b περί@p ὁ@dgnp κνώδαλον@ngnpc καί@cs κινώπεως@angnp- θηρίον@ngnpc ὅσος@rpnnp ταχύς@b ἀναιρέω@vipa3s"
"Oneir._2.65","ἐπειθός@cs καί@b ὁ@dnms γάμος@nnmsc ἔοικα@vira3s θάνατος@ndmsc καί@cs ὑπό@p θάνατος@ngmsc σημαίνω@vipe3s ἐνταῦθα@b καλός@b ἔχω@vnpa-- ἡγέομαι@viam1s ἐπιμιμνήσκομαι@vnap-- αὐτός@rpgms γαμέω@vnpa-- παρθένος@nafsc ὁ@ddms νοσέω@vppadms θάνατος@namsc σημαίνω@vipa3s ὅσος@annnp- γάρ@b ὁ@ddms γαμέω@vppadms συμβαίνω@vipa3s ὁ@danp αὐτός@rpanp καί@b ὁ@ddms ἀποθνήσκω@vpaadms ἀγαθός@annns- δέ@b ὁ@ddms καινός@andfs- πραγματεία@ndfsc ἐγχειρέω@vnpa-- βούλομαι@vppedms τυγχάνω@vnaa-- γάρ@b σημαίνω@vipa3s ὁ@dgns πρόκειμαι@vpregns καί@cs ὁ@ddms ἐλπίζω@vppadms ποθεν@b ὠφελέω@vnap-- πάντως@b γάρ@b ὁ@dnms γαμέω@vpaanms προσλαμβάνω@vipe3s τις@rpacs οὐσία@nafsc ὅς@rpafs ἐπάγω@vipe3s ὁ@dnfs νύμφη@nnfsc ὁ@ddmp δέ@b λοιπός@andmp- ταραχή@nafpc καί@cs περιβοησία@nafpc σημαίνω@vipa3s οὐ@b γάρ@x ἄνευ@p ταραχή@ngfsc συντελέω@vipe3s γάμος@nnmsc εἰ@cs δέ@b τις@rpncs γυνή@nafsc διακούω@vpreafs πρός@p γάμος@namsc λαμβάνω@vopa3s οὐ@b καινός@andfp- ἐπιτίθημι@vpamnms ἀλλά@cs παλαιός@andfp- ἐγχείρησις@ndfpc οὐ@b ἄν@b μεταμέλομαι@vope3s εἰ@cs δέ@b τις@rpncs ὁ@dafs ἑαυτοῦ@rpgms γυνή@nafsc εἶδον@voaa3s ἄλλος@rpdms γαμέω@vppeafs ἐναλλαγή@nafsc πρᾶξις@ngfsc ἤ1@cs χωρισμός@namsc δηλόω@vipa3s εἰ@cs δέ@b γυνή@nnfsc ἀνήρ@namsc ἔχω@vppanfs δοκέω@voaa3s ἄλλος@rpdms γαμέω@vnpe-- ὡς@cs μέν@b ὁ@dnmp παλαιός@annmp- λέγω3@vipa3p κατορύσσω@vifa3s ὁ@dams ἀνήρ@namsc ἤ1@cs ἄλλως@b πως@b αὐτός@b χωρίζω@vifp3s ὡς@cs δέ@b ἐγώ@rpnms τηρέω@viaa1s οὐ@b ἀεί@b οὗτος@rpnns γίγνομαι@vipe3s ἀλλά@cs ὅταν@cs ὁ@dnfs γυνή@nnfsc μή@b ἐν@p γαστήρ@ndfsc ἔχω@vspa3s ἤ1@b ἄτεκνος@annfs- εἰμί@vspa3s ἤ1@cs μηδείς@rpans ἔχω@vspa3s πράσιμος@anans- εἰ@cs δέ@b μή@b ἑός@anafs- μέν@b θυγάτριον@nansc ἔχω@vspa3s οὗτος@rpans δίδωμι@vifa3s ἀνήρ@ndmsc ἐάν@cs δέ@b ἔγκυος@annms- εἰμί@vspa3s θῆλυς@anans- τίκτω@vifm3s ὅσπερ@rpans παιδεύω@vpapnns ἀνήρ@ndmsc δίδωμι@vifa3s καί@cs οὕτως@b οὐ@b αὐτός@rpnfs ἀλλά@cs ὁ@dnfs ὁ@dgfs αὐτός@rpgfs μετέχω@vppanfs φύσις@ngfsc ἄλλος@rpdms γαμέω@vifp3s καί@cs ὁ@dnfs πωλέω@vppanfs τις@rpans συνάλλαγμα@nansc ὥσπερ@cs ἐν@p γάμος@ndmsc κατά@p ὁ@dafs πρᾶσις@nafsc ποιέω@vifm3s πρός@p τις@rpacs"
"Oneir._2.66","ἐπεί@cs περί@p χελιδών@ngfsc ἐν@p ὁ@ddms περί@p ὄρνις@ngmpc λόγος@ndmsc οὐ@b ἐπιμιμνήσκομαι@viap1s ἀλλά@cs ἑκών@annms- παραλείπω@viaa1s ἐνθάδε@b ἐπιμιμνήσκομαι@vifp1s φημί@vipa3p γάρ@b ὁ@dans ζῷον@nansc θάνατος@namsc τε@b σημαίνω@vnpa-- ἄωρος@angnp- σῶμα@ngnpc καί@cs πένθος@nansc καί@cs λύπη@nafsc μέγας@anafs- ἀπό@p τοιοῦτος@angnp- γάρ@b κακός@angnp- καί@cs ὁ@dafs ὄρνις@nafsc οὗτος@rpafs λόγος@nnmsc ἔχω@vipa3s γίγνομαι@vnam-- φημί@vipa3s γάρ@b καί@b ἀλέξανδρος@nnmsp ὁ@dnms μύνδιος@annms- δεῖ@vnpa-- ὁ@ddfp ἱστορία@ndfpc πείθω@vnpe-- καί@cs διονύσιος@nnmsp ὁ@dnms ἡλιουπολίτης@ngmsp φημί@vipa3p γάρ@b ὅτι@cs καί@b ἄν@cs τις@rpans ψεύδω@vspe3s τις@annfs- ἱστορία@nnfsc διά@p ὁ@dans προλαμβάνω@vnre-- οὕτως@b ἔχω@vnpa-- ἐπειδάν@cs ὅμοιος@anans- τις@rpans ὁ@ddfs περιοχή@ndfsc μέλλω@vppaans ἀποβαίνω@vnfm-- ὁ@dnfs ψυχή@nnfsc ἐθέλω@vspa3s προαγορεύω@vnaa-- ὁ@dafs ἱστορία@nafsc αὐτός@anafs- ἐκεῖνος@anafs- εἰς@p μέσος@anans- παράγω@vipa3s ἐγώ@rpnms δέ@b ἐπί@p μέν@b ὁ@dgfp πλεῖστος@angfp- ἱστορίη@ngfpc συμφωνέω@vppaams ὁ@dams λόγος@namsc εὑρίσκω@viaa1s οὐδαμῶς@b δέ@cs ἐπί@p πᾶς@angfp- ὅθεν@b προτίθημι@vpamnms ἐν@p ἅπας@andms- ὁ@ddms λόγος@ndmsc οὐ@b ὁ@ddns πιθανός@andns- ὁ@dgnp λέγω3@vppegnp ἀκολουθέω@vnpa-- ἀλλά@cs ὁ@ddfs πειράω@ndfsc ὁ@dgnp ἀποτέλεσμα@ngnpc καί@b νῦν@b περί@p χελιδών@ngfsc λέγω3@vipa1s ὅτι@cs οὐ@b εἰμί@vipa3s πονηρός@annnp- εἰ@cs μή@b τις@rpans ἄτοπος@anans- πάσχω@vopa3s διαλλάσσω@vopa3s τις@anans- χρῶμα@nansc παρά@p φύσις@nafsc εἰμί@vppaans αὐτός@rpdfs εἰμί@vipa3s γάρ@b αὐτός@rpgfs ὁ@dnfs φωνή@nnfsc οὐ@b θρῆνος@nnmsc ἀλλά@cs ᾆσμα@nnnsc ἐνδόσιμος@annns- καί@cs κελευστικός@annns- πρός@p ἔργον@nanpc ὅτι@cs δέ@b οὗτος@rpnns ἀληθής@annns- εἰμί@vipa3s εἶδον@voaa3s τις@rpnms ἄν@b ἐντεῦθεν@b χειμών@ngmsc χελιδών@nnfsc οὐ@b τε@cs ἵπταμαι@vipe3s οὐ@b τε@cs φθέγγομαι@vipe3s ἀλλά@cs καί@cs ὁ@dnfs γῆ@nnfsc καί@cs ὁ@dnfs θάλασσα@nnfsc κατά@p ὁ@dafs ὥρα@nafsc οὗτος@anafs- ἀργός@nnfpc εἰμί@vipa3p καί@cs ὁ@dnmp ἄνθρωπος@nnmpc καί@cs ὁ@dnnp ἄλλος@rpnnp πᾶς@annnp- ζῷον@nnnpc καταδύω@vipe3s καί@cs οὐδείς@rpans πράσσω@vipa3s ὅταν@cs δέ@cs ὁ@dnns ἔαρ@nnnsc παραβάλλω@vsaa3s πρῶτος@annfs- πρόειμι2@vipa3s ὡς@cs ἄν@b εἶπον@voaa3s τις@rpnms ὑποδείκνυμι@vppanfs ὁ@dgnp ἔργον@ngnpc ἕκαστος@ananp- καί@b ὅταν@cs γε@b φαίνω@vspe3s οὐδέποτε@b ἑσπέρα@ngfsc ἀείδω@vila3s ἀλλά@cs ἕωθεν@b ἥλιος@ngmsc ἀνάἴσχω@vppagms ὅς@rpamp ἄν@b ζάω@vppaamp καταλαμβάνω@vspa3s ὑπομιμνήσκω@vppanfs ὁ@dgnp ἔργον@ngnpc εἰμί@vipa3s οὖν@x ἀγαθός@annfs- καί@cs πρός@p ἔργον@nanpc καί@cs πρᾶξις@nafpc καί@cs πρός@p μουσική@nafsc μάλιστα@b δέ@x πᾶς@angnp- πρός@p γάμος@namsc πιστός@anafs- γάρ@b καί@cs οἰκουρός@anafs- εἰμί@vnfm-- ὁ@dafs γυνή@nafsc σημαίνω@vipa3s καί@cs ὡς@b ἐπί@p ὁ@dans πλεῖστος@anans- ἑλληνίς@nafsp καί@cs μουσική@nafsc ἀηδών@nnfsc δέ@b ὁ@danp μέν@b αὐτός@rpanp ὁ@ddfs χελιδών@ndfsc σημαίνω@vipa3s ἥσσων@ananpc δέ@cs καί@b γάρ@b ἥσσων@anansc ἐγώ@rpdmp εἰμί@vipa3s σύντροφος@nnmsc"
"Oneir._2.67","περί@p ὀδούς@ngmpc ἀκριβόω@viaa1s μέν@b ἐν@p ὁ@ddns πρῶτος@andns- βιβλίον@ndnsc βραχύς@anans- δέ@x τις@rpans καί@b ἐνταῦθα@b ἐρέω@vifa1s ὀδούς@nampc εἰς@p χείρ@nafpc λαμβάνω@vnaa-- ὁ@dgns στόμα@ngnsc ἐκπίτνω@vpaaamp ἤ1@cs εἰς@p ὁ@dams κόλπος@namsc ὁ@dgfp ἴδιος@angnp- ἀπόθεσις@nafsc τέκνον@ngnpc σημαίνω@vipa3s γίγνομαι@vnam-- οὐ@b παραμένω@vppagmp οὐ@b παιδεύω@vpfpgmp ὀδούς@nampc ὁ@ddfs γλῶσσα@ndfsc ὁ@ddfs ἑαυτοῦ@rpgms ἐκβάλλω@vnpa-- σημαίνω@vipa3s ὁ@danp ἐν@p ὁ@ddms βίος@ndmsc σκληρός@ananp- ὁ@ddmp ἴδιος@andmp- λόγος@ndmpc διαλύω@vnaa-- λοιπός@anans- δέ@b περί@p ἔκπληξις@ngfsc καί@b περί@p ὁ@dgnp ἀξιόπιστος@angnp- λέγω@vifa1p καί@cs περί@p χρόνος@ngmsc ζωή@ngfsc"
"Oneir._2.68","ἵπταμαι@vnpe-- δοκέω@vnpa-- ὀλίγος@anams- ὁ@dgfs γῆ@ngfsc ἀπέχω@vppaams καί@cs ὀρθός@anams- ὁ@ddns σχῆμα@ndnsc ἀγαθός@anams- ὁ@ddms εἶδον@vpaadms ὅσος@anans- γάρ@b ἄν@b τις@rpnms ἀπέχω@vspa3s ὁ@dgfs γῆ@ngfsc τοσοῦτος@rpams ὑψηλός@annmsc εἰμί@vipa3s ὁ@dgmp κάτωθεν@b περιπατέω@vppagmp ἀεί@b δέ@b ὑψηλός@anampc ὁ@damp εὐδαίμων@anampc καλέω@vipa1p ἀγαθός@annns- δέ@b μή@b ἐν@p ὁ@ddfs ἑαυτοῦ@rpgms πατρίς@ndfsc οὗτος@rpans πάσχω@vnpa-- ἐπεί@cs μετανάστασις@nafsc σημαίνω@vipa3s διά@p ὁ@dans μή@b ὁ@ddfs γῆ@ndfsc ἐπιβαίνω@vnpa-- τρόπος@namsc γάρ@b τις@anams- φημί@vipa3s ὁ@dans ὄναρ@nansc ἄβατος@anans- εἰμί@vnpa-- ὁ@ddms εἶδον@vpaadms ὁ@dafs πατρίς@nafsc ἵπταμαι@vnpe-- πτερόν@nanpc ἔχω@vppaams ἀγαθός@annns- ἐπίσης@vpaagfs πᾶς@andmp- ὁ@dnmp μέν@b γάρ@b δοῦλος@nnmpc ἐπί@p οὗτος@andns- ὁ@ddns ὄνειρος@ndmsc ἐλευθερόω@vipe3p ἐπεί@cs καί@b πᾶς@annmp- ὁ@dnmp ἵπταμαι@vppenmp ὄρνις@nnmpc ἀδέσποτος@annmp- τε@b εἰμί@vipa3p καί@cs ἡγεμών@namsc οὐ@b ἔχω@vipa3p πένης@nnmpc δέ@x πολύς@ananp- χρῆμα@nanpc πόρω@vifa3p ὥσπερ@cs γάρ@b ὁ@dnnp χρῆμα@nnnpc ὁ@damp ἄνθρωπος@nampc βαστάζω@vipa3s οὕτως@b καί@b ὁ@dnnp πτερόν@nnnpc ὁ@damp ὄρνις@nampc πλούσιος@andmp- δέ@b καί@cs ὁ@ddmp μέγας@anans- δύναμαι@vppedmp ἀρχή@nafpc περιποιέω@vipa3s ὥσπερ@cs γάρ@b ὁ@dnnp ἵπτημι@vppennp ὁ@dgmp ἐπί@p γῆ@ngfsc ἕρπω@vppagmp ὑπερέχω@vipa3s οὕτως@b καί@cs ὁ@dnmp ἄρχω@nnmpc ὁ@dgmp ἰδιώτης@ngmpc ἄνευ@p δέ@b πτερόν@ngnpc δοκέω@vnpa-- ἵπταμαι@vnpe-- καί@cs πολύς@anans- ὁ@dgfs γῆ@ngfsc ἀπέχω@vnpa-- κίνδυνος@namsc καί@cs φόβος@namsc ὁ@ddms εἶδον@vpaadms σημαίνω@vipa3s καί@b ὁ@dnns περί@p ὁ@damp κέραμος@nampc ἵπταμαι@vnpe-- καί@b ὁ@dafp οἰκία@nafpc καί@cs ὁ@danp ἄμφοδος@ananp- ἀκαταστασία@nafpc ὁ@dgfs ψυχή@ngfsc καί@cs ταραχή@nafpc μαντεύομαι@vipe3s ὁ@dnns δέ@b δοκέω@vnpa-- εἰς@p ὁ@dams οὐρανός@namsc ἀναπτύσσω@vnap-- δοῦλος@ndmpc μέν@b ἀεί@b εἰς@p μέγας@anafpc οἰκία@nafpc μεταβαίνω@vnaa-- σημαίνω@vipa3s πολλάκις@b δέ@b καί@b εἰς@p βασιλεύς@ngmsc αὐλή@nafsc ἔρχομαι@vnaa-- ἐλεύθερος@anamp- δέ@cs καί@cs μή@b βούλομαι@vppeamp πολλάκις@b τηρέω@viaa1s εἰς@p ὁ@dafs ἰταλία@nafsp ἔρχομαι@vpaaamp ὥσπερ@cs γάρ@b ὁ@dnms οὐρανός@nnmsc θεός@ngmpc εἰμί@vipa3s οἶκος@nnmsc οὕτως@b καί@b ὁ@dnfs ἰταλία@nnfsp βασιλεύς@ngmpc ὁ@damp δέ@b λανθάνω@vnpa-- βουλοκαῖ@nnmpc ὁ@damp ἀποκρύπτω@vppeamp ἐλέγχω@vipa3s πᾶς@annnp- γάρ@x ὁ@dnnp ἐν@p οὐρανός@ndmsc φανερός@annnp- τε@x καί@cs εὐσύνοπτος@annnp- εἰμί@vipa3s πᾶς@andmp- ἵπταμαι@vnpe-- μετά@p ὄρνεον@ngnpc σημαίνω@vipa3s μετά@p ἄνθρωπος@ngmpc ἀλλοεθνής@angmp- καί@cs ξένος@angmp- ἀναστρέφω@vnfp-- πανοῦργος@andmp- δέ@x πονηρός@annns- ὁ@damp γάρ@b ἀλιτήριος@anamp- κολάζω@vipa3s πολλάκις@b δέ@cs καί@b διά@p σταυρός@ngmsc πέτομαι@vnpe-- μή@b τε@cs πολύς@anans- ὁ@dgfs γῆ@ngfsc ἀπέχω@vppaams μή@b τε@cs αὖ@b ταπεινός@anams- σφόδρα@b ἀλλά@cs ὡς@cs δύναμαι@vnpe-- διαγινώσκω@vnpa-- ὁ@danp ἐν@p ὁ@ddfs γῆ@ndfsc ἀποδημία@nafsc τις@ana-s- καί@cs μετανάστασις@nafsc σημαίνω@vipa3s ἔξεστι@vipa3s δέ@b μανθάνω@vnaa-- ἀπό@p ὁ@dgnp ἐν@p ὁ@ddfs γῆ@ndfsc βλέπω@vppegnp ποδαπός@namsc τις@rpacs ὁ@ddms εἶδον@vpaadms ἐν@p ὁ@ddfs ἀποδημία@ndfsc ἀπάντησις@ndfsc οἷος@rpans πεδίον@nnnpc μέν@b καί@cs ἄρουρα@nnfpc καί@cs πόλις@nnfpc καί@cs κώμη@nnmpc καί@cs ἀγρός@nnmpc καί@cs πᾶς@annnp- ὁ@dnnp ἄνθρωπος@ngmpc ἔργον@nnnpc καί@cs ποταμός@nnmpc καλός@annmp- καί@cs λίμνη@nnfpc καί@cs θάλασσα@nnfsc εὔδιος@annfs- καί@cs ὅρμος@nnmpc καί@cs ναῦς@nnfpc οὐριοδρομέω@vppanfp οὗτος@rpnnp πᾶς@annnp- βλέπω@vppennp ἀγαθός@anafs- ὁ@dafs ἀποδημία@nafsc μαντεύομαι@vipe3s ἄγκη@nnfsc δέ@b καί@b φάραγξ@nnfpc καί@b νάπη@nnfpc καί@b πέτρα@nnfpc καί@b θηρίον@nnnpc καί@b ποταμός@nnmpc χείμαρρος@nnmpc καί@b ὄρος@nnnpc καί@cs κρημνός@nnmpc πονηρός@annnp- πᾶς@annnp- ὁ@rpanp ἐν@p ὁ@ddfs ἀποδημία@ndfsc προαγορεύω@vipa3p ἀεί@b δέ@b ἀγαθός@annns- ἀναπέτομαι@vpaaams πάλιν@b καταπέτομαι@vnpa-- καί@cs οὕτως@b διυπνίζω@vnpe-- πᾶς@angnp- δέ@b ἄριστον@annnss ὁ@dnns ἑκών@anams- πέτομαι@vnpe-- καί@cs ἑκών@anams- παύω@vnpe-- πολύς@anafs- γάρ@b ῥᾳστώνη@nafsc καί@cs εὐχέρεια@nafsc ἐν@p ὁ@ddnp πράσσω@vppednp προαγορεύω@vipa3s διώκω@vppeams δέ@b ὑπό@p θηρίον@ngnsc ἤ1@cs ὑπό@p ἄνθρωπος@ngmsc ἤ1@cs ὑπό@p δαίμων@ngmsc ἵπταμαι@vnpe-- οὐ@b ἀγαθός@annns- φόβος@nampc γάρ@b μέγας@anamp- καί@cs κίνδυνος@nampc ἐπάγω@vipa3s καί@b γάρ@b ἐν@p ὁ@ddmp ὕπνος@ndmpc τοσοῦτος@annns- εἰμί@viia3s ὁ@dnns δέος@nnnsc ὥστε@cs μή@b ἱκανός@anafs- ἡγέομαι@vnam-- εἰς@p ὁ@dans φεύγω@vnaa-- ὁ@dafs γῆ@nafsc ἀλλά@cs ὁ@dgms οὐρανός@ngmsc ἐπιλαμβάνω@vnam-- ἀγαθός@annns- δέ@b δοῦλος@ndmsc ὁ@dnns ἐν@p ὁ@ddfs οἰκίον@ndfsc ὁ@dgms δεσπότης@ngmsc πέτομαι@vnpe-- πολύς@angnp- γάρ@b ἐν@p ὁ@ddfs οἰκία@ndfsc ὑπερέχω@vifa3s εἰ@cs δέ@b ἐκτός@p πέτομαι@voam3s ὁ@dgfs οἰκία@ngfsc μετά@p ὁ@dafs εὐημερία@nafsc ἐξέρχομαι@vifm3s ὁ@dgfs οἰκία@ngfsc ἀποθνήσκω@vpaanms μέν@b ἐάν@cs διά@p ὁ@dgfs αὐλή@ngfsc ἐκπίτνω@vspa3s πιπράσκω@vpapnms δέ@b ἐάν@cs διά@p ὁ@dgms πυλών@ngmsc ἐάν@cs δέ@b διά@p θυρίς@ngfsc ἀποδιδράσκω@vpaanms ὕπτιος@anans- δέ@b πέτομαι@vnpe-- πλέω@vppadms μέν@b βούλομαι@vppedms πλέω@vnaa-- οὐ@b πονηρός@annns- ὡς@b γάρ@b ἐπί@p ὁ@dans πολύς@anans- καί@cs ἐν@p πλοῖον@andns- ὅταν@cs γε@b μή@b χειμάζω@vspe3p ὕπτιος@annmp- εἰμί@vipa3p ὁ@dnmp ἄνθρωπος@nnmpc ὁ@ddmp δέ@b λοιπός@andmp- ἀπραξία@nafsc προαγορεύω@vipa3s ὕπτιος@anamp- γάρ@x ὁ@damp ἄπρακτος@anamp- λέγω3@vipa1p νοσέω@vppaamp δέ@x ἀναιρέω@vipa3s πᾶς@angnp- δέ@b ἄν@b εἰμί@vopa3s πονηρός@annnss καί@cs σκαιός@annnss ὁ@dnns βούλομαι@vnpe-- πέτομαι@vnpe-- καί@cs μή@b δύναμαι@vnpe-- καί@cs πέτομαι@vppeams πρός@p ὁ@ddfs γῆ@ndfsc ὁ@dafs κεφαλή@nafsc ἔχω@vnpa-- καί@cs πρός@p ὁ@ddms οὐρανός@ndmsc ὁ@damp πούς@nampc πολύς@anafs- γάρ@b κακοδιαμονία@nafsc ὁ@ddms εἶδον@vpaadms προαγορεύω@vipa3s ὅπως@b δέ@x ἄν@x πετάομαι@vsam3s νοσέω@vppanms ἄνθρωπος@nnmsc θνῄσκω@vite3s φημί@vipa3p γάρ@b ὁ@dafp ψυχή@nafpc ἀπαλλάσσω@vpapafp ὁ@dgnp σῶμα@ngnpc εἰς@p ὁ@dams οὐρανός@namsc ἄνειμι@vnpa-- τάχος@ndnsc χράομαι@vppegfs ὑπερβάλλω@vppadns καί@cs ὡς@cs εἶπον@vnaa-- πτηνός@ngnpc ὁμοῖος@anafp- ὁ@dnmp δέ@b ὁ@dafp ἐπιδίφριος@anafp- ἐργάζομαι@vppenmp τέχνη@nafpc παύω@vifm3p ὁ@dgfs ἐργασία@ngfsc ἵνα@cs εὐκίνητος@annmp- γίγνομαι@vsam3p καί@cs μή@b μένω@vspa3p ἐπί@p ἕδρα@ngfsc διά@p ὁ@dafs πτῆσις@nafsc καί@cs ὁ@dnmp δέω1@vprenmp λύω@vipe3p εὔλυτος@annms- γάρ@x ὁ@rpnms ἵπταμαι@vppenms καί@cs πούς@ndmpc καί@cs χείρ@ndfpc πολύς@annmp- δέ@b καί@b τυφλόω@viap3p ἔοικα@vira3p γάρ@b ὁ@dnmp τυφλός@annmp- ὁ@ddmp ἵπτω@vpredmp διά@p ὁ@dans ἀεί@b φοβέω@vnpe-- καταπίπτω@vnaa-- ἐπί@p δίφρος@ngmsc δέ@b ἤ1@cs βάθρον@ngnsc ἤ1@cs κλίνη@ngfsc ἄλλος@rpgfs τις@rpgcs τοιοῦτος@rpgns κατάἕζομαι@vppeams ἵπταμαι@vnpe-- μέγας@anafs- νόσος@nafsc νοσέω@vnaa-- παραλύω@vnap-- σημαίνω@vipa3s ὁ@ddnp σκέλος@ndnpc οὐκέτι@b χράω@vnpe-- ἀλλά@cs ἐπί@p δίφρος@ngmsc βαστάζω@vnap-- διά@p ὁ@dans μή@b δύναμαι@vnpe-- ὁ@dgfs γῆ@ngfsc ἐπιβαίνω@vnpa-- ἀποδημέω@vnpa-- δέ@b βούλομαι@vppedms ὁ@dnns ὄναρ@nnnsc οὗτος@rpnns οὐκέτι@b πονηρός@annns- γίγνομαι@vipe3s μετά@p γάρ@b ὅλος@angms- ὁ@dgms οἶκος@ngmsc καί@cs ὁ@dgfs ἐνθήκη@ngfsc ὁ@dgfs ἴδιος@angfs- ἀποδημέω@vifa3s ἤ1@cs καί@b ὄχημα@ndnsc φέρω@vppenms"
"Oneir._2.69","ὁ@dgnp δέ@b ἀξιόπιστος@angnp- λέγω3@vppegnp ὅς@rpdmp λέγω3@vppadmp τις@rpans πιστεύω@vnpa-- χρή@vipa3s καί@cs πείθω@vnpe-- φημί@vipa1s πρῶτος@anamp- εἰμί@vnpa-- θεός@nampc ἀλλότριος@annns- γάρ@b θεός@ngmsc ὁ@dnns ψεύδω@vnpe-- ἔπειτα@b ἱερεύς@vifa2s ὁ@dgfs γάρ@b αὐτός@rpgfs ὁ@ddmp θεός@ndmpc παρά@p ἄνθρωπος@ndmpc τυγχάνω@vira3p τιμή@ngfsc εἶτα@b βασιλεύς@nampc καί@cs ἄρχων@nampc ὁ@dnns κρατέω@vnpa-- γάρ@b δύναμις@nafsc ἔχω@vipa3s θεός@ngmsc εἶτα@b γονεύς@nampc καί@cs διδάσκαλος@nampc καί@b γάρ@b οὗτος@rpnmp ὅμοιος@annmp- εἰμί@vipa3p θεός@ndmpc ὁ@dnmp μέν@b εἰσάγω@vppanmp εἰς@p ὁ@dans ζάω@vnpa-- ὁ@dnmp δέ@b ὅπως@b χρή@vipa3s ὁ@ddns ζάω@vnpa-- χράω@vnpe-- διδάσκω@vppanmp εἶτα@b μάντις@nnmpc μάντις@vppanms δέ@cs ὁ@damp μή@b ἀπατεών@nampc μη@b δέ@cs ψευδομάντεις@anamp- ὅσος@ananp- γάρ@x ἄν@x λέγω3@vspa3p πυθαγοριστής@nnmpp φυσιογωνμονικός@annmp- ἀστραγαλομάντεις@annmp- τυροπόλος@annmp- κοσκινομάντεις@annmp- μορφοσκόπος@annmp- χειροσκόπος@annmp- λεκανομάντεις@vprenmp νεκυομάντεις@annmp- ψευδής@ananp- πᾶς@ananp- καί@cs ἀνυπόστατος@ananp- χρή@vipa3s νομίζω@vnpa-- καί@cs γάρ@b ὁ@dnfp τέχνη@nnfpc αὐτός@rpgmp εἰμί@vipa3p τοιοῦτος@rpnfp καί@cs αὐτός@rpnmp μέν@b μαντικός@angfs- οὐ@b δέ@cs βραχύς@anans- οἶδα@vira3p γοητεύω@vppanmp δέ@b καί@cs ἀπατάω@vppanmp ἀποδιδύσκω@vipa3p ὁ@damp ἐντυγχάνω@vppaamp ὑπολείπω@vipe3s δή@b μόνος@annnp- ἀληθής@annnp- εἰμί@vnpa-- ὁ@dnns ὑπό@p θύτης@ngmpc λέγω3@vppennp καί@b οἰωνιστής@ngmpc καί@b ἀστερόσκόπος@ngmpc καί@b τερατοσκόπος@namsc καί@b ὀνειροκρίτης@ngmpc καί@cs ἡπατόσκόπος@ngmpc περί@p δέ@b μαθηματικός@angmp- ὁ@dgmp γενεθλιαλόγος@ngmpc ἐπισκέπτομαι@vsam1p ἔτι@b ὁ@dgmp ἀξιόπιστος@angmp- εἰμί@vipa3p καί@b ὁ@dnmp νεκρός@nnmpc ἐπεί@cs πάντως@b ἀληθής@ananp- λέγω3@vipa3p διά@p γάρ@b δύο@an---- οὗτος@rpanp ὁ@dnmp ψεύδω@vppenmp ἀπατάω@vipa3p ἤ1@cs διά@p ὁ@dans ἐλπίζω@vnpa-- τις@rpans ἤ1@cs διά@p ὁ@dans φοβέω@vnpe-- ὁ@dnmp δέ@b μή@b τε@cs ἐλπίζω@vppanmp τις@rpans μή@b τε@cs φοβέω@vppenmp εἰκότως@b ἀληθής@ananp- λέγω3@vipa3p μάλιστα@b δέ@b ὁ@dnmp νεκρός@nnmpc εἰμί@vipa3p τοιοῦτος@rpnmp ἔτι@b καί@b ὁ@dnnp παιδίον@nnnpc ἀληθής@ananp- λέγω3@vipa3s οὐδέπω@b γάρ@b οἶδα@vira3s ψεύδω@vnpe-- καί@cs ἐξαπατάω@vnpa-- καί@b ὁ@dnmp παντελής@b πρεσβύτης@nnmpc ὁ@dans γάρ@b ἀξιόπιστος@anans- διά@p ὁ@dgns γῆρας@ngnsc ἐνδείκνυμι@vipe3p καί@b ὁ@danp ἄλογος@ananp- ζῷον@nanpc πάντως@b ἀληθής@ananp- λέγω3@vipa3s διά@p ὁ@dans μή@b εἰμί@vnpa-- ἐν@p μέθοδος@ndfsc λόγος@ngmsc ὁ@dnmp δέ@b λοιπός@annmp- ἵνα@cs μή@b κατά@p ἕκαστος@anans- λέγω3@vipa1s ὅσος@ananp- ἄν@b λέγω3@vspa3p ψεύδω@vipe3p πλήν@p ὁ@dgmp ἐν@p ὁ@ddms ἀνά@p χείρ@nafsc βίος@ndmsc πιστός@angmp- καί@cs ὁ@ddnp ἦθος@ndnpc χρηστός@angnp- θεατρικός@annmp- δέ@b καί@b ὁ@dnmp ἐπί@p θυμέλη@nafsc ἀναβαίνω@vppanmp αὐτόθεν@b διά@p ὁ@dafp ὑπόκρισις@nafpc πᾶς@andmp- ἄπιστος@annmp- καί@b σοφιστής@nnmpc καί@b πένης@nnmpc καί@b γάλλος@annmp- καί@b ἀπόκοποι@annmp- καί@cs σπάδω@nnmpc οὗτος@rpnmp γάρ@b καί@b μή@b λέγω3@vppanmp τις@rpans ψευδής@anafp- ὁ@dafp ἐλπίς@nafpc εἰμί@vnpa-- μηνύω@vipa3p διά@p ὁ@dans φύσις@ndfsc μή@b τε@b ἐν@p ἀνήρ@ndmpc μή@b τε@cs ἐν@p γυνή@ndfpc ἀριθμέω@vnpe--"
"Oneir._2.70","ἀνθρώπινος@annfs- γενεά@nnfsc κατά@p ἔνιοι@anamp- μέν@b ἔχω@vipa3s ἔτος@nanpc ἑπτά@an---- ὅθεν@b καί@cs λέγω3@vipa3p ὁ@dnmp ἰατρικός@annmp- ὁ@dgfp δύο@ γενεά@ngfpc μηδείς@rpams δεῖ@vnpa-- φλεβοτομέω@vnpa-- ὁ@dams τεσσαρεσκαιδεκαετής@anams- λέγω3@vppanmp ὡς@b ἔτι@b προσδέομαι@vppeams αἷμα@ngnsc καί@cs οὐδέπω@b ἔχω@vppaams περισσός@anans- αἷμα@nansc κατά@p ἔνιοι@anamp- δέ@b τριάκοντα@an---- ὅθεν@b καί@b ὁ@dams νέστωρ@namsp βούλομαι@vipe3p τις@rpnmp ἐνενηκονταετής@anams- γίγνομαι@vnra-- κατά@p ἐγώ@rpamp δέ@b ἑκατόν@an---- ἔτος@nanpc ἐπεί@cs ὁ@damp πλεῖστος@anamp- ἤ1@b ὀλίγος@andns- ἀποδέω@vppaamp ζάω@vppaamp ὁράω@vipa1p ἤ1@cs ὀλίγος@andns- ὑπεραίρω@vppaamp ἄλλως@b τε@b καί@cs ἐπεί@cs ὁ@dams λόγος@namsc ὁ@dgnp ἀποτέλεσμα@ngnpc πρός@p οὗτος@anams- ὁ@dams ἀριθμός@namsc συμφωνέω@vppaams ὁ@dnfs πεῖρα@nnfsc δείκνυμι@vipa3s διά@p οὗτος@rpans καί@b ἐγώ@rpncp ὁ@ddfs γενεά@ndfsc χράω2@vifm1p ὡς@b δή@b ἔχω@vppadfs ἔτος@nanpc ἑκατόν@an---- ὅσος@annmp- οὖν@b ὁ@dgmp ἀριθμός@ngmpc γράφω@vpapnmp διά@p ὅλος@angnp- ὁ@dgnp γράμμα@ngnpc ἀποτελέω@vipa3p ψῆφος@nafsc ἐντός@p ὁ@dgmp ἑκατόν@an---- οὗτος@rpamp χρή@vipa3s γράφω@vnpa-- καί@b ψηφίζω@vnpa-- καί@cs ἡγέομαι@vnpm-- τοσοῦτος@ananp- ἔτος@nanpc σημαίνω@vnpa-- ὅσος@ananp- ἄν@b ὁ@dnfs ψῆφος@nnfsc μηνύω@vspa3s εἰμί@vipa3p δέ@b οὗτος@rpnmp μόνος@annmp- εἷς@nnnsc εἷς@ ἕξ@an---- δέκα@an---- ἕνδεκα@an---- δεκακιδέκα@an---- καί@b εἰμί@vipa3s ὁ@dnns μέν@b εἷς@annns- πεντήκοντα@an---- πέντε@an---- γράφω@vipe3s γάρ@b διά@p ὁ@dgns ε@ καί@cs ὁ@dgns ἄν@ ὁ@dnns δέ@b εἷς@ πεντήκοντα@ εἷς@ γράφω@vipe3s γάρ@b διά@p ὁ@dgns μ@ καί@cs ὁ@dgns ῑ@ καί@cs ὁ@dgns ᾱ@ ὁ@dnns δέ@b ἕξ@ ἑξήκοντα@ πέντε@ γράφω@vipe3s γάρ@b διά@p ὁ@dgns ε@ καί@cs ὁ@dgns ξ@ ὅμοιος@b καί@b ὁ@danp δέκα@an---- καί@b ὁ@danp ἕνδεκα@an---- καί@cs ὁ@danp δεκακιδέκα@an---- ὁ@ddfs αὐτός@andfs- ἐπίνοια@ndfsc γράφω@vnpa-- καί@cs ψηφίζω@vnpa-- χρή@vipa3s εὑρίσκω@vifp3s γάρ@b ὁ@danp μέν@b δέκα@an---- εἰμί@vppaanp τριάκοντα@an---- ὁ@danp δέ@b ἕνδεκα@an---- ὀγδοήκοντα@an---- πέντε@an---- ὁ@danp δέ@cs δεκακιδέκα@an---- ἐνενήκοντα@an---- καί@b οὕτως@b μέν@b ἐκλαμβάνω@vnpa-- χρή@vipa3s οὗτος@anamp- ὁ@damp ἀριθμός@nampc ὅσος@annmp- δέ@b ὁ@dgmp ἀριθμός@ngmpc γράφω@vpapnmp διά@p ὅλος@angnp- ὁ@dgnp γράμμα@ngnpc καί@cs ψηφίζομαι@vpapnmp ὑπερβάλλω@vipa3p ὁ@dafs ἀνθρώπινος@anafs- γενεά@nafsc οἷος@anans- ὁ@danp δύο@ γίγνομαι@vipe3s γάρ@b τετρακόσιοι@ ἑβδομήκοντα@ τέσσαρες@nnnpc οὗτος@rpnnp δέ@b οὐ@b τε@b ἐνδέχομαι@vipe3s οὐ@b τε@cs λόγος@namsc ἔχω@vipa3s ζάω@vnaa-- ἔτος@nanpc τις@ananp- οὗτος@anamp- ὁ@damp ἀριθμός@nampc κατά@p ὁ@dafs ἀνάβασις@nafsc ὁ@dafs ὁ@dgnp στοιχεῖον@ngnpc λαμβάνω@vipa1p οὕτως@b ἐπί@p ὁ@dans σημαίνω@anans- στοιχεῖον@nansc ὁ@dams ἀριθμός@namsc ἔρχομαι@vpaanmp ψηφίζω@vipa1p ἕκαστος@angns- ὁ@dgnp προάγω@vppagnp στοιχεῖον@ngnpc ὁ@dams ἀριθμός@namsc οἷος@rpans ὁ@dnnp δύο@an---- δείκνυμι@vipe3s ὑπό@p ὁ@dgns β@ προστίθημι@vpaanmp οὖν@b ὁ@dans εἷς@ φημί@vipa1p εἰμί@vnpa-- τρεῖς@ ὁ@danp δέ@b τρεῖς@ananp- συναριθμέω@vpaanmp ὁ@ddns εἷς@ καί@cs ὁ@ddnp δύο@an---- φημί@vipa1p εἰμί@vnpa-- ἕξ@ ὅμοιος@b ὁ@dnnp τέσσαρες@annnp- σύν@p ὁ@ddms ὁ@dgnp ἔμπροσθεν@b στοιχεῖον@ngnpc ἀριθμός@ndmsc γίγνομαι@vipe3s δέκα@an---- καί@cs ὁ@dnnp πέντε@an---- ὅμοιος@b γίγνομαι@vipe3s δέκα@an---- πέντε@ ὁ@danp δέ@b ἕξ@ ἐν@p ὁ@ddms ἔμπροσθεν@b λόγος@ndmsc ἐπιδείκνυμι@viaa1p εἰμί@vppaanp ἑξήκοντα@ πέντε@ ὁ@dnnp δέ@b ἑπτὰ@an---- σύν@p ὁ@ddms ἔμπροσθεν@b ἀριθμός@ndmsc ὁ@dgmp ἕξ@an---- μή@b συναριθμέω@vppegnp διά@p ὁ@dans καί@b σημαίνω@vnpa-- κατά@p ἴδιος@anafs- ὁ@danp ἑξήκοντα@an---- πέντε@an---- καί@cs ὑπό@p στοιχεῖον@ngnsc μή@b δείκνυμι@vnpe-- ἀλλά@cs ὑπό@p χαρακτήρ@ngfsc γίγνομαι@vipe3s εἴκοσι@an---- δύο@an---- ἔτι@b καί@b ὁ@danp ὀκτώ@an---- τριάκοντα@an---- ὁ@ddms δέ@b αὐτός@andms- λόγος@ndmsc καί@b ὁ@danp ἐννέα@an---- τριάκοντα@an---- ἐννέα@an---- ὁ@dnnp δέ@b δέκα@an---- διπλάσιος@anams- ἔχω@vipa3s λόγος@namsc καί@b γάρ@b γράφω@vpapnnp διά@p ὅλος@angnp- ὁ@dgnp γράμμα@ngnpc καί@cs ψηφίζομαι@vpapnnp κατά@p μόνος@anafp- σημαίνω@vipa3s τριάκοντα@an---- καί@cs πάλιν@b ὅτι@cs οὐ@b ὑπό@p χαρακτήρ@ngmsc ὡς@cs ὁ@danp ἕξ@an---- ἀλλά@cs ὑπό@p στοιχεῖον@ngnsc δείκνυμι@vipe3s κατά@p ὁ@dafs ἀνάβασις@nafsc ὁ@dafs ὁ@dgnp στοιχεῖον@ngnpc γίγνομαι@vipe3s τεσσαράκοντα@an---- ἐννέα@an---- ἵνα@cs δέ@b μή@b εἰς@p ἀμφίβολος@anans- πίπτω@vspa3s τις@rpnms ἐάν@cs μέν@b ἀκούω@vsaa3s λέγω3@vppagms τις@rpgms δέκα@ σημαίνω@vipa3s τριάκοντα@an---- διά@p ὁ@dafs ἀπό@p ὁ@dgmp δέκα@an---- γράφω@vppegmp καί@cs συνάγω@vppegmp ψῆφος@nafsc ἐάν@cs δέ@cs ῑ@b ὁράω@vsaa3s πού@b γράφω@vpreans γίγνομαι@voam3s ἄν@b τεσσαράκοντα@an---- ἐννέα@an---- κατά@p ὁ@dafs προερέω@vpreafs ἐπίνοια@nafsc συναριθμέω@vppegfs ὁ@dgfs δέκατος@angfs- ὁ@dgnp ἔμπροσθεν@b στοιχεῖον@ngnpc ψῆφος@ngfsc χωρίς@p ὁ@dgmp ἕξ@an---- οὕτως@b καί@b ὁ@dnnp εἴκοσι@an---- ἑξήκοντα@an---- ἐννέα@an---- γίγνομαι@vipe3s καί@cs ὁ@dnnp τριάκοντα@an---- ἐνενήκοντα@an---- ἐννέα@an---- οὐκέτι@b δέ@b ὁ@danp τεσσαράκοντα@ananp- κατά@p ὁ@dams αὐτός@anams- ἐκλαμβάνω@vnpa-- χρή@vipa3s τρόπος@namsc οὐ@b γάρ@b ἑκατόν@an---- τριάκοντα@an---- ἐννέα@an---- ζάω@vifm3s τις@rpnms ἔτος@nanpc ὁ@dnms δέ@b αὐτός@annms- λόγος@nnmsc καί@b ἐπί@p ὁ@dgmp πεντήκοντα@an---- καί@cs ἐπί@p ὁ@dgmp ἔτι@b μέγας@angfpc ἀριθμός@ngmpc χρή@vipa3s οὖν@b οὗτος@rpamp οὐ@b κατά@p ὁ@dafs ἀνάβασις@nafsc ὁ@dgfs ψῆφος@ngfsc ὁ@dgnp στοιχεῖον@ngnpc ἀλλά@cs κατά@p ὁ@dafs θέσις@nafsc ὁ@dgnp στοιχεῖον@ngnpc ἐκλαμβάνω@vnpa-- οἷος@rpans ὁ@danp τεσσαράκοντα@ εἰμί@vipa3s μ@ ἐνδείκνυμι@vifm3s δέ@b καί@b δώδεκα@ δωδέκατος@annns- γάρ@b εἰμί@vipa3s στοιχεῖον@nnnsc ὁ@dnns μ@b ὁ@dnns ὁ@danp τεσσαράκοντα@ σημαίνω@vppanns ποτέ@b δέ@x ἐνδείκνυμι@vipe3s καί@cs ποτέ@x οὐ@b ὁ@dnms ἔπειμι1@vppanms λόγος@nnmsc σημαίνω@vipa3s οὕτως@b δέ@b καί@cs ὁ@dnns ἄν@ ἤτοι@cs πεντήκοντα@an---- ἤ1@cs τρισκαίδεκα@ γίγνομαι@voam3s ἄν@b καί@cs ὁ@dnns ξ@an---- ἤτοι@b ἑξήκοντα@ τεσσαρεσκαίδεκα@ καί@cs ὁ@dnnp λοιπός@annnp- ὅμοιος@b εἰμί@vipa3p δέ@b τις@rpncp καί@b σύνθετος@annmp- ἀριθμός@nnmpc ὅς@rpamp χρή@vipa3s διαιρέω@vnpa-- οἷος@anans- ἐπί@p μέν@b ὁ@dgmp πρῶτος@angmp- οὕτως@b ὁ@dnnp δέκα@an---- δίς@b σημαίνω@vipa3s εἴκοσι@ καί@b ὁ@danp δέκα@an---- τρίς@b τριάκοντα@ καί@b ὁ@danp τετράκις@b δέκα@an---- τεσσαράκοντα@an---- καί@cs ὁ@danp πεντάκις@b δέκα@an---- πεντήκοντα@an---- καί@b ὁ@danp ἑξάκις@b δέκα@an---- ἑξήκοντα@an---- καί@b ὁ@danp ἑπτάκις@b ἑβδομήκοντα@an---- καί@b ὁ@dnnp ὀκτάκις@b ὀγδοήκοντα@an---- καί@cs ὁ@danp ἐννάκις@b ἐνενήκοντα@an---- καί@cs πάλιν@b ὁ@danp εἴκοσι@an---- δίς@b τεσσαράκοντα@an---- καί@b ὁ@danp εἴκοσι@an---- τρίς@b ἑξήκοντα@an---- καί@b ὁ@danp εἴκοσι@an---- τετράκις@b ὀγδοήκοντα@an---- καί@cs ὁ@danp εἴκοσι@an---- πεντάκις@b ἑκατόν@an---- οὕτως@b καί@b ὁ@danp τριάκοντα@an---- δίς@b ἑξήκοντα@ καί@b ὁ@dnnp τριάκοντα@an---- τρίς@b ἐνενήκοντα@an---- καί@cs ὁ@danp τεσσαράκοντα@an---- δίς@b ὀγδοήκοντα@an---- καί@cs ὁ@danp πεντήκοντα@an---- δίς@b ἑκατόν@ ἐπί@p δέ@b ὁ@dgnp πλείων@angnpc ἔτος@ngnpc οἷος@anans- εἰ@cs τις@rpnms ἀκούω@voaa3s τις@rpgcs λέγω3@vppagms ζάω@vifa2s ἔτος@nanpc εἴκοσι@an---- ἔχω@an---- χρή@vipa3s διαιρέω@vnpa-- καί@cs ὁ@danp μέν@b εἴκοσι@an---- εἴκοσι@an---- τίθημι@vnpe-- ὁ@danp δέ@cs ἕξ@ κατά@p ὁ@dams ἔμπροσθεν@b λόγος@namsc τίθημι@vnpe-- ἑξήκοντα@an---- πέντε@an---- γίγνομαι@vipe3s οὖν@b ὁ@dnnp πᾶς@annnp- ὀγδοήκοντα@an---- πέντε@an---- εἰ@cs δέ@b εἴκοσι@an---- ἑπτά@an---- ὁ@danp μέν@b εἴκοσι@an---- κατά@p ’@p ἴδιος@anafs- εἴκοσι@an---- ὁ@danp δέ@cs ἑπτὰ@an---- κατά@p ὁ@dams ἔμπροσθεν@b λόγος@namsc εἴκοσι@ δύο@an---- γίγνομαι@vipe3s οὖν@b ὁ@dnnp πᾶς@annnp- τεσσαράκοντα@ δύο@an---- οὕτως@b καί@b ὁ@danp εἴκοσι@an---- ὀκτώ@an---- πεντήκοντα@an---- καί@cs ὅστις@annms- ἄν@b ἄλλος@annms- ἀριθμός@nnmsc εἰμί@vspa3s σύν@p ὁ@ddnp εἴκοσι@an---- ὑπέρ@p ὁ@danp πέντε@an---- κατά@p ἴδιος@anafs- ψηφίζω@vmpe3s ὅμοιος@b καί@b ὁ@dnms μετά@p ὁ@dgmp τριάκοντα@an---- ὑπέρ@p ὁ@danp τρεῖς@nanpc καί@b ὁ@dnms μετά@p ὁ@dgnp τεσσαράκοντα@an---- ὑπέρ@p ὁ@danp δύο@an---- καί@cs ὁ@dnms μετά@p ὁ@dgnp πεντήκοντα@an---- ὑπέρ@p ὁ@danp δύο@an---- οἷος@rpans ὑπόδειγμα@ngnsc χάρις@p εἰ@cs τις@rpnms ἀκούω@voaa3s τις@rpgms λέγω3@vppagms ζάω@vifa2s ἔτος@nanpc πεντήκοντα@an---- ἑπτά@an---- εὐήθης@annns- εἰμί@vipa3s ἑπτάκις@b πεντήκοντα@an---- προσδοκάω@vnpa-- ἄνθρωπος@namsc ζάω@vnaa-- ὅσπερ@rpnnp γίγνομαι@vipe3s τριακόσιοι@annnp- πεντήκοντα@an---- ἀλλά@cs δῆλος@annns- ὅτι@cs ὁ@dnnp ἑπτὰ@annnp- κατά@p ἴδιος@anafs- κατά@p ὁ@dams ἔμπροσθεν@b λόγος@namsc ψηφίζομαι@vpapnnp σύν@p ὁ@ddnp πεντήκοντα@an---- γίγνομαι@vipe3s ἑβδομήκοντα@an---- δύο@an---- ὅταν@cs μέντοι@b τις@rpnms εἰμί@vspa3s ἐντός@p ὁ@dgns ἐρῶ@vpregms ἔννομος@ngnsc δῆλος@annns- ὅτι@cs σύν@p ὁ@ddnp παρέρχομαι@vpradnp ἔτος@ndnpc πᾶς@annnp- αὐτός@rpdms οὕτως@b σημαίνω@vipe3s οἷος@anans- εἰ@cs τις@rpnms εἰμί@vppanms ἔτος@ngnpc τριάκοντα@an---- δοκέω@voaa3s λέγω3@vnpa-- αὐτός@rpdms τις@rpanp ζάω@vifa2s ἔτος@nanpc πεντήκοντα@an---- οὗτος@rpnms ζάω@vifa3s λοιπός@ananp- εἴκοσι@an---- ἵνα@cs αὐτός@rpdms σύν@p ὁ@ddmp τριάκοντα@an---- ὁ@ddmp πρίν@b ὁ@danp μέλλω@vppaanp εἴκοσι@an---- γίγνομαι@vsam3s πεντήκοντα@an---- εἰ@cs δέ@b τις@rpnms εἰμί@b ἔτος@ngnpc ἑβδομήκοντα@an---- δοκέω@voaa3s λέγω3@vnpa-- αὐτός@rpdms τις@rpanp ζάω@vifa2s ἔτος@nanpc πεντήκοντα@an---- δῆλος@annns- ὅτι@cs οὐ@b τε@b σύν@p ὁ@ddmp πρῶτος@andnp- λέγω3@vipa3s αὐτός@rpdms διά@p ὁ@dans εἰμί@vnpa-- ὁ@danp πρῶτος@ananp- πλείων@ananpc ὁ@dgmp πεντήκοντα@an---- οὐ@b τε@cs μήν@b ἄλλος@ananp- πεντήκοντα@an---- ἔτος@nanpc ἐπί@p ὁ@ddnp ἑβδομήκοντα@an---- οἷος@rpnns τε@b ζάω@vnaa-- οὐ@b δέ@b ἐνδέχομαι@vipe3s τοιγάρ@b λοιπός@annnp- δέκα@an---- τρεῖς@annnp- ζάω@vifm3s ὅτι@cs ὁ@dnns ἄν@ ὁ@dnns ὁ@danp πεντήκοντα@an---- σημαίνω@vppanns στοιχεῖον@nnnsc τρισκαιδέκατος@annns- τάσσω@vire3s ὁ@dnms δέ@b παραπλήσιος@annms- καί@cs ἐπί@p ὁ@dgnp ἄλλος@rpgnp ὅμοιος@angnp- λόγος@nnmsc τηρέω@vmpe3s ὅταν@cs εἰμί@vspa3s ὁ@dnms λέγω3@vppenms ἀριθμός@nnmsc ὁ@dgms μέν@b ἔμπροσθεν@b χρόνος@ngmsc ἥσσων@annmsc πρός@p δέ@cs ὁ@dams μέλλω@vppaams ἀνένδεκτος@vppagms ἔτι@b καί@b ἐκεῖνος@rpnns ὁ@dafp ἡμέρα@nafpc καί@b ὁ@damp μείς@nampc καί@cs ὁ@danp ἔτος@nanpc ὡς@b ἐπί@p ὁ@dans πλεῖστος@ananss οὐ@b πάντως@b ἰσοδυναμέω@vppaams εὑρίσκω@vipa1p καί@b γάρ@b ὑπό@p ἔτος@ngnpc μείς@nnmpc καί@cs ἡμέρα@nnfpc δείκνυμι@vipe3p καί@b ὑπό@p μείς@ngmpc ἔτος@nnnpc καί@b ἡμέρα@nnfpc καί@cs ὑπό@p ἡμέρα@ngfpc μείς@nnmpc καί@cs ἔτος@nnnpc ἵνα@cs δέ@b οὗτος@rpnns μή@b εἰς@p ἀμφίβολος@anans- πίπτω@vspa3s ὅταν@cs εἶπον@vsaa3s τις@rpnms ἔτος@nanpc ἐάν@cs μέν@b σύμμετρος@annnp- εἰμί@vspa3s καί@cs ἐνδέχομαι@vppennp ἔτος@nanpc νομίζω@vmpe3s ἐάν@cs δέ@cs πολύς@annnp- μείς@nnmpc ἐάν@cs δέ@b ὑπέρμετρος@annnp- ἡμέρα@nnfpc ὀναστρέω@vipa3s δέ@b ὁ@dnms λόγος@nnmsc καί@b ἀπό@p ἡμέρα@ngfpc ἐάν@cs γάρ@b εἰμί@vspa3p πολύς@annfp- ἡμέρα@nnfpc νομίζω@vmpe3p ἐάν@cs δέ@cs σύμμετρος@annmp- μείς@nnmpc ἐάν@cs δέ@b ὀλίγος@annfp- ἔτος@nanpc ὅμοιος@b καί@b ὁ@dnmp μείς@nnmpc πρός@p ὁ@dans ἐνδέχομαι@vppeans ἐκλαμβάνω@vmpe3p ὁ@dans δέ@b ἐνδέχομαι@vppeans ἤ1@cs μή@b ἐνδέχομαι@vppeans δείκνυμι@vifa3s ἐπί@p μέν@b ὁ@dgms περί@p χρόνος@ngmsc ζωή@ngfsc λόγος@ngmsc ὁ@dnfs ἡλικία@nnfsc ὁ@dgms εἶδον@vpaagms ἐπί@p δέ@cs ὁ@dgfp ἄλλος@angfp- προθεσμία@ngfpc ὁ@dnfs προσδοκία@nnfsc ὁ@dgfp χρεώ@ngfpc μιμνήσκω@vnre-- δέ@b χρή@vipa3s καί@b οὗτος@rpans ὅτι@cs πολλάκις@b ὁ@dnmp θεός@nnmpc ἀποφαίνω@vipe3p μέν@b ὡς@cs περί@p χρόνος@ngmsc ζωή@ngfsc σημαίνω@vipa3p δέ@cs οὐ@b πάντοτε@b περί@p χρόνος@ngmsc ζωή@ngfsc ἀλλά@cs εἰμί@vipa3s ὅτε@cs καί@b περί@p μεταβολή@ngfsc ὁ@dgnp πρᾶγμα@ngnpc καί@cs περί@p ἐλευθερία@ngfsc δοῦλος@ndmpc καί@cs περί@p ὁ@dgnp ἄλλος@rpgnp ὅσος@rpanp ἔμπροσθεν@b ὁ@dnms περί@p θάνατος@ngmsc λόγος@nnmsc περιέχω@vipa3s οὗτος@rpnnp μέν@b οὖν@b κατά@p ὁ@dans ἐνδέχομαι@vppeans ὅσος@anans- ἔχω@viia3p δύναμις@ngfsc ἀνελλιπής@b καί@cs ὡς@cs ἐγώ@rpdms δοκέω@vipa3s ἐκ@p ὁλόκληρος@ngfsc πᾶς@annnp- ἐρῶ@vire3s σύ@rpdms κάσσιος@nvmsp μάξιμος@nvmsp ἀνήρ@ngmpc σοφός@anvmss εἰ@cs δέ@b τις@rpnms ὁ@dgmp ἐντυγχάνω@vppagmp ὅδε@andfp- ὁ@ddfp βίβλος@ndfpc ὁ@dgmp ἐρῶ@vpregnp τις@rpans ὑπό@p ἐγώ@rpgms παρά@p τις@rpgms ὁ@dgmp ἄλλος@rpgmp λαμβάνω@vnre-- καί@cs μή@b ἀπό@p ὁ@dgfs πεῖρα@ngfsc ἡγέομαι@vipe3s μάταιος@b ὑπολαμβάνω@vira3s ἐπιμελής@anansc δέ@b ἐντυγχάνω@vpaanms αὐτός@angns- οὗτος@angns- ὁ@dgns βιβλίον@ngnsc ὁ@ddns προοίμιον@ndnsc κατανοέω@vifa3s ὁ@dafs προαίρεσις@nafsc ὁ@dafs ἐμός@anafs- ἔτι@b καί@b εἰ@cs τις@rpdms πρός@p ὁ@dans ἐναντίον@anans- ῥέπω@vnpa-- τις@rpans ὁ@dgnp ἐρῶ@vpregnp φαίνω@vipe3s ἤ1@cs ὡς@cs ἐγώ@rpdms δοκέω@viia3s διά@p ὁ@dans ὑπό@p τις@angms- πιθανός@angms- λόγος@ngmsc κινέω@vnpe-- οἶδα@vipa1s ὅτι@cs εὑρησιλογέω@vnpa-- μέν@b καί@cs πιθανεύω@vnpe-- καί@b ἐγώ@rpnms πάνυ@b ἱκανός@annms- εἰμί@viia3s ἀλλά@cs οὐ@b θεατροκοπία@nafpc καί@cs ὁ@danp ὁ@ddmp λογέμβροτος@ndmpc ἀρέσκω@vppaanp ποτέ@b μετέρχομαι@viaa1s ἀλλά@cs ἀεί@b ὁ@dafs πεῖρα@nafsc μάρτυς@namsc καί@cs κανών@namsc ὁ@dgmp ἐμός@angmp- λόγος@ngmpc ἐπιβοάω@vipe1s ἐγώ@rpnms μέν@b οὖν@b πᾶς@angnp- διά@p πεῖρα@nafpc ἔρχομαι@vira1s ὁ@ddns μηδείς@rpans ἄλλος@anans- πράσσω@vnpa-- ἀεί@b δέ@cs καί@b νύκτωρ@b καί@cs μετά@p ἡμέρα@nafsc πρός@p ὀνειροκρισία@ndfsc εἰμί@vnpa-- σύ@rpncs δέ@b οὐ@b ἀναμένω@vifa2s χρόνος@namsc ἀλλά@cs αὐτόθεν@b διά@p ὁ@dafs σοφία@nafsc καί@cs ὁ@dafs ὑπερβάλλω@vppaafs σύνεσις@nafsc δύναμαι@vifa3s ἐπικρίνω@vnaa-- ἕκαστος@ananp- αὐτός@rpgnp εἰ@b τε@cs εὖ@b εἰ@cs τε@cs μή@b καλός@b ἔχω@vipa3s δέω@vipe1s δέ@b ὁ@dgmp ἐντυγχάνω@vppagmp ὁ@ddnp βιβλίον@ndnpc μή@b τε@cs προστίθημι@vnaa-- μή@b τε@cs τις@rpans ὁ@dgnp εἰμί@vppagnp ἀφαιρέω@vnaa-- εἰ@cs τε@b γάρ@b δύναμαι@vope3s τις@rpnms ὁ@ddmp ἐμός@andmp- προστίθημι@vnaa-- ῥᾴδιος@anans- ἄν@b ἴδιος@ananp- ποιέω@voaa3s εἰ@cs τε@cs τις@rpnnp ὁ@dgnp ἐγγράφω@vpregnp ὅδε@andfp- ὁ@ddfp βίβλος@ndfpc περισσός@annnp- δοκέω@vipa3s ὅς@rpdnp ἀρέσκω@vipe3s μόνος@andnp- χράω2@vmpe3s ὁ@danp λοιπός@ananp- ὁ@dgnp βιβλίον@ngnpc μή@b ἐξαιρέω@vppanms θεός@namsc ἐπόπτης@namsc καί@cs φύλαξ@namsc πᾶς@angmp- νομίζω@vppanms ὁ@dams ἀπόλλων@namsp ὅς@rpdms πείθω@vppenms ἐγώ@rpnms πατρῷος@andms- εἰμί@vppadms θεός@ndmsc εἰς@p ὅδε@anafs- ὁ@dafs πραγματεία@nafsc παρέρχομαι@viaa1s πολλάκις@b ἐγώ@rpams προσρέπω@vpamdms μάλιστα@b δέ@cs νῦν@b ἐναργής@b ἐφίστημι@vpaadms ἐγώ@rpdms ἡνίκα@cs σύ@rpdms γνωρίζω@viap1s καί@cs μονονουχί@b κελεύω@vpaadms οὗτος@rpanp συγγράφω@vnaa-- οὐδείς@rpans οὖν@b θαυμαστός@annns- ὁ@dams δαλδιαῖος@anams- ἀπόλλων@namsp ὅς@rpams μύστης@namsp καλέω@vipa1p ἐγώ@rpncp πατρῷος@andns- ὄνομα@ndnsc οὗτος@rpanp ἐγώ@rpams προσρέπω@vnam-- ὁ@dgfs σός@angfs- ἀρετή@ngfsc καί@cs σοφία@ngfsc προνοοῦμαι@vppeams καί@b γάρ@b εἰμί@vnpa-- τις@anafs- λυδός@ndmpp προξενία@nafsc πρός@p φοῖνιξ@nampp ὁ@dnmp ὁ@danp πάτριος@ananp- ἐγώ@rpdmp ἐξηγέομαι@vppenmp φημί@vipa3p"
"Oneir._3.prooimion","γ@b ἐπεί@b κάτοιδα@nvmsp μάξιμος@nvmsp ἀποβλέπω@vpaanms εἰς@p ὁ@dans μεγαλεῖος@nansc ὁ@dgfs σός@angfs- σοφία@ngfsc προτρέπω@viap1s πραγματεία@nafsc συγγράφω@vnaa-- ὅς@rpafs ἐν@p ὁ@ddnp δύο@ βιβλίον@ndnpc πραγματεύω@viam1s ὁ@dafs ἐπιδίδωμι@vpapafs σύ@rpdms ἔχω@vppaafs τάξις@nafsc καί@cs ἀκολουθία@nafsc καί@cs κατά@p μηδείς@rpans κοινωνέω@vppaafs ὁ@ddfs ὁ@dgmp παλαιός@angmp- ὑπόθεσις@ndfsc καί@cs κατά@p ὅσος@anans- ἐνδέχομαι@viie3s ὁ@danp μέν@b ἐκ@p ὁλόκληρος@ngmsc ὁ@danp δέ@b καί@b συμφωνέω@vppeanp τις@rpdmp ὁ@danp δέ@cs καί@b κατά@p ὁ@dans παρήκω@vppaans ἐκφωνέω@vppeanp ἐξεῖπον@viaa1s δοκέω@viia3s δέ@cs ἐγώ@rpdcs ὁ@ddfs μέν@b ὅλος@andfs- ὑπόθεσις@ndfsc προσδέω@vnpa-- τις@rpans ὁ@ddnp δέ@b ἐν@p ἀμφότερος@andnp- ὁ@ddnp βιβλίον@ndnpc γράφω@vprednp μηδείς@rpans τις@rpans προσγράφω@vnpa-- ἐπεί@cs μέλλω@viia3s ὥσπερ@b ὑγιής@andns- σῶμα@ndnsc καί@cs εὔμορφος@andns- προσπλάζω@vpapans τις@rpans καί@cs εἰ@cs εὔμορφος@annns- εἰμί@vopa3s ὁ@dgns πρότερος@angns- παραιρέω@vnfa-- κάλλος@ngnsc ἴδιος@ananp- καί@b κατά@p μόνος@anafp- ἕκαστος@angmp- παραλείπω@vpregmp σποράδην@b καί@cs εἰς@p οὐ@b συνκεφάλαιον@vpreanp συνάγω@vpaanms οὗτος@anans- σύ@rpd-s ὁ@dans βιβλίον@nansc ποιέω@viaa1s ὡς@cs ἄν@b μή@b τις@rpnms ἄνθρωπος@ngmpc πάροδος@nafsc καί@cs ἐπιβάθρα@nafsc ὁ@dgns συγγράφω@vnpa-- τις@rpans τοιοῦτος@anans- ἐφευρίσκω@vsaa3s"
"Oneir._3.1","κυβεύω@vnpa-- δοκέω@vnpa-- φιλονεικέω@vnaa-- πρός@p τις@rpacs σημαίνω@vipa3s περί@p ἀργύριον@ngnsc καί@b γάρ@b ὁ@dnmp κύβος@nnmpc ἀριθμός@namsc περιέχω@vipa3p καί@cs ψῆφος@nnfpc λέγω3@vipe3p ὅς@rpdfp ὁ@dnmp κυβεύω@vppanmp παίζω@vipa3p ἀεί@b δέ@b νικάω@vnpa-- ἀγαθός@annns- εἰ@cs δέ@b τις@rpncs νοσέω@vppanms παίζω@vnpa-- ὑπολαμβάνω@voaa3s ψῆφος@ndfpc ἤ1@cs ἄλλος@rpams παίζω@vppaams εἶδον@voaa3s κακός@annns- μάλιστα@b δέ@cs εἰ@cs αὐτός@rpnms λείπω@vope3s ἐπεί@cs μείων@anafpc ἔχω@vppanms ψῆφος@nafpc καταλιμπάνω@vipe3s ὁ@dnms νικάω@vppenms αὐτός@rpnmp δέ@b ὁ@dnmp κύβος@nnmpc ὁράω@vppenmp στάσις@nafpc καί@cs ἔχθρα@nafpc προαγορεύω@vipa3p ἀπόλλυμι@vppenmp δέ@b λύω@vipa3p ὁ@dafp ἐν@p πούς@ndmpc στάσις@nafpc καί@cs αὐξάνω@vppenmp ἐπιτείνω@vipa3p παιδίον@nansc δέ@b παίζω@namsc εἶδον@vnaa-- κύβος@ndmpc ἤ1@cs ἀστράγαλος@ndmpc ἤ1@cs ψῆφος@ndfpc οὐ@b πονηρός@annns- ἔθος@nnnsc γάρ@b ὁ@ddnp παιδίον@ndnpc ἀεί@b παίζω@vnpa-- ἀνήρ@ndmsc δέ@b τέλειος@andms- καί@cs γυνή@ndfsc πονηρός@annns- ὁ@dnns ἀστράγαλος@ndmpc δοκέω@vnpa-- παίζω@vnpa-- εἰ@cs μή@b ἄρα@b κληρονομέω@vnaa-- τις@rpams ἐλπίζω@vppanms εἶδον@voaa3s τις@rpnms ὁ@dans ὄναρ@nansc οὗτος@anans- ἐκ@p νεκρός@angnp- γάρ@b σῶμα@ngnpc γίγνομαι@vira3p ὁ@dnmp ἀστράγαλος@nnmpc διό@b κίνδυνος@nampc ὁ@ddmp λοιπός@andmp- προαγορεύω@vipa3p"
"Oneir._3.2","κλέπτω@namsp δοκέω@vnpa-- οὐδείς@rpdms ἀγαθός@anans- πλήν@p ὁ@dgmp ἐξαπατάω@vnpa-- τις@rpamp ἐθέλω@vppagmp κλέπτω@vnpa-- γάρ@b καί@cs ὁ@dans παραλογίζομαι@vnpe-- λέγω3@viia3p ὁ@dnmp παλαιός@annmp- ὅσος@andns- δέ@b ἄν@b μέγας@ananpc πολυτελής@ananpc ἤ1@cs ἀσφαλής@anansc τηρέω@vppeanp κλέπτης@vspa3s τις@rpnms τοσοῦτος@andns- μέγας@anamsc κίνδυνος@namsc ὑπομένω@vifa3s ἔοικα@vpranns γάρ@b ὅς@rpdmp ὁ@dnms νόμος@nnmsc ὑπάγω@vipa3s ὁ@dams κλέπτης@namsc ὁ@ddmp αὐτός@rpdmp καί@b ὁ@dans ὄναρ@nansc ὁ@dams θεάομαι@vpamams ὑπάγω@vnpa--"
"Oneir._3.3","ἱεροσυλέω@vnpa-- δέ@x καί@cs θεός@ngmpc ἀνάθημα@nanpc κλέπτω@vnpa-- πᾶς@andmp- πονηρός@annns- μόνος@andmp- δέ@x ὁ@ddmp ἱερεύς@ndmpc καί@cs μάντις@ndmpc συμφέρω@vipa3s καί@b γάρ@b ὁ@dafp ὁ@dgmp θεός@ngmpc ἀπαρχή@nafpc ὁ@dnns ἔθος@nnnsc ἐπιτρέπω@vipa3s αὐτός@rpdmp λαμβάνω@vnpa-- καί@b τρόπος@namsc τις@anams- ὑπό@p θεός@ngmpc τρέφω@vipe3p καί@cs οὐ@b πᾶς@ananp- φανερός@b λαμβάνω@vipa3p"
"Oneir._3.4","ψεύδω@vnpe-- οὐ@b εἰμί@vipa3s ἐπιτήδειος@annns- πλήν@p ὁ@dgnp ἐπί@p θυμέλη@nafsc ἀνέρχομαι@vppegnp καί@cs ἀγυρτός@ngmpc καί@cs ὅς@rpgnp ἔθος@nnnsc εἰμί@vipa3s ψεύδω@vnpe-- ἥσσων@anansc δέ@b πονηρός@annns- ὁ@damp ἀλλότριος@anamp- ψεύδω@vnpe-- ἤ1@cs ὁ@damp ἴδιος@anamp- μέγας@anafp- γάρ@b οὗτος@rpdmp συμφορά@nafpc σημαίνω@vipa3s καί@b ἄν@cs ἐπί@p μικρός@andnp- δοκέω@vspa3s τις@rpnms ψεύδω@vnpe--"
"Oneir._3.5","ὄρτυξ@nnmpp ὁ@ddmp μή@b φιλοτροφέω@vppadmp ἀγγελία@nafpc διάπλοος@vipa3p ἀκούω@vnfm-- ἀηδής@anafp- καί@cs πονηρός@anafp- διαπόντιος@anamp- μέν@b ἐπεί@cs καί@b αὐτός@rpnmp διαπόντιος@vipe3p ἀηδής@anamp- δέ@cs ὅτι@cs μάχιμος@annmp- εἰμί@vipa3p καί@cs ὀλιγόψυχος@annmp- καί@cs ἐν@p ὁ@ddfp κοινωνία@ndfpc καί@cs φιλία@ndfpc καί@b γάμος@ndmpc καί@cs ὁ@ddnp βιωτικός@andnp- συμβόλαιον@andnp- παῖς@andfp- στάσις@ngfpc εἰμί@vipa3p καί@cs φιλονεικία@ngfpc σημαντικός@annmp- καί@cs ὁ@damp νοσέω@vppaamp εἰ@cs μέν@b μετακομίζω@voap3p ἀποθνῄσκω@vnfm-- σημαίνω@vipa3p διά@p ὁ@dans ὀλιγόψυχος@anans- μή@b μετακομίζω@vpapamp δέ@b ἥσσων@anansc κινδυνεύω@vnfa-- καί@b πρός@p ἀποδημία@nafsc εἰμί@vipa3p πονηρός@annmp- δόλος@nampc γάρ@b καί@cs ἐνέδρα@nafpc καί@cs λῃστεία@nafpc προαγορεύω@vipa3p καί@cs γάρ@b αὐτός@rpnmp ὁ@dgfs οἰκεῖος@angfs- μετανίστημι@vpamnmp περιπίπτω@vipa3p ὁ@ddmp θηράω@vnpa-- αὐτός@rpamp βούλομαι@vppedmp ἀλεκτρυών@nnmpc δέ@b ὁ@dnmp μάχιμος@annmp- στάσις@ngfpc καί@cs φιλονεικία@ngfpc μόνος@b εἰμί@vipa3p σημαντικός@annmp- πρός@p δέ@cs ὁ@danp ἄλλος@rpanp οὐκέτι@b ὅμοιος@b ὁ@ddmp ὄρτυξ@ndmpc ἀποβαίνω@vipa3p"
"Oneir._3.6","μύρμηξ@nampp ὁ@damp μέν@b πτερόν@nanpc ἔχω@vppaamp οὐδαμῶς@b εἶδον@vnaa-- ἀγαθός@annns- ὄλεθρος@namsc γάρ@b προαγορεύω@vipa3p καί@cs ἀποδημία@ngfsc ἐπικίνδυνος@anamp- ὁ@damp δέ@b ἕτερος@anamp- ἀγαθός@anans- γεωργός@andmp- εὐφορία@nafsc γάρ@b μαντεύομαι@vipe3p ἐπεί@cs ὅπου@b μή@b εἰμί@vipa3s σπέρμα@nnnpc οὐ@b ἄν@b εἶδον@voaa3s τις@rpncs μύρμηξ@nampc ἀγαθός@annmp- δέ@b οὗτος@rpnmp καί@b ὁ@ddmp ἐκ@p ὄχλος@ngmsc πορίζω@vppedmp καί@cs ὁ@ddmp νοσέω@vppadmp ὅταν@cs γε@b μή@b περί@p ὁ@dans σῶμα@nansc ὁ@dgms εἶδον@vpaagms ἀναστρέφω@vspe3p ἐργάτης@nnmpc γάρ@b καλέω@vipe3p καί@cs ἐργοπονέω@vppenmp οὐ@b διαλείπω@vipa3p ὅσπερ@rpnns ἴδιος@annns- εἰμί@vipa3s ὁ@dgmp ζάω@vppagmp ἐπειδάν@cs δέ@b περί@p ὁ@dans σῶμα@nansc ὁ@dgms εἶδον@vpaagms ἀναστρέφω@vspe3p ὄλεθρος@namsc προαγορεύω@vipa3p ὅτι@cs γῆ@ngfsc εἰμί@vipa3p παῖς@nnmpc καί@b ψυχρός@annmp- καί@cs μέλας@nnmpc"
"Oneir._3.7","φθείρω@nampp ὀλίγος@anamp- ἔχω@vnpa-- καί@cs εὑρίσκω@vnpa-- ἐν@p ὁ@ddns σῶμα@ndnsc ἤ1@cs ἐν@p ὁ@ddnp ἱμάτιον@ndnpc καί@cs οὗτος@rpamp ἀναιρέω@vnpa-- ἀγαθός@annns- πᾶς@angfs- γάρ@b λύπη@ngfsc καί@cs φροντίς@ngfsc ὑπερβάλλω@vppagfs ἀπαλλάσσω@vnap-- προαγορεύω@vipa3s ὁ@dans ὄναρ@nansc πολύς@anamp- δέ@b καί@b ὑπερβάλλω@vppaamp πλῆθος@ndnsc πονηρός@anans- καί@cs σημαίνω@vppaans νόσος@nafsc μακράν@anafs- ἤ1@cs δεσμός@nanpc πολύς@anafs- γε@b ἀπορία@nafsc ἐν@p γάρ@b ὁ@ddnp τοιοῦτος@rpdnp πληθύνω@vipa3p καί@b ὁ@dnmp φθείρω@nnmpc καί@b εἰ@cs μέν@b τις@rpnms ἀποβάλλω@vopa3s καί@cs ἀποκαθαίρω@vopa3s πᾶς@anamp- ἐλπίς@nnfsc αὐτός@rpdms οὗτος@rpgmp ἀπαλλάσσω@vnap-- εἰ@cs δέ@b τις@rpnms ἔχω@vppanms αὐτός@rpamp διυπνίζω@voap3s οὐ@b ἄν@b ποτέ@b σώζω@voap3s ἀλώπηξ@nafpp ἀποκρίνω@vnpa-- διά@p ὁ@dgfs ἕδρα@ngfsc ἤ1@cs διά@p ὁ@dgns στόμα@ngnsc ὑπό@p οἰκεῖος@angmp- ἄνθρωπος@ngmpc καί@cs συνοικέω@vppagmp καί@cs ὡς@cs ἐπί@p ὁ@dans πλεῖστος@anans- τράπεζα@ndfsc ὁ@ddfs αὐτός@rpdfs χράομαι@vppegmp ἀδικέω@vppeams μανθάνω@vnaa-- σημαίνω@vipa3s καί@cs ἀπωθέω@vnam-- ὁ@damp ἀδικέω@vppaamp κατά@p ἄλλος@rpams τρόπος@namsc στερέω@vnap-- ἐνοικέω@vipa3p μέν@b γάρ@b ὁ@ddns σῶμα@ndnsc ὁ@dnmp ἔχιδνα@nnmpc ἀλλά@cs οὐδείς@anans- ἥσσων@anansc αὐτός@rpans ὁ@dans σῶμα@nansc λυμαίνομαι@vipe3p ἐπειδάν@cs δέ@b ἀποκρίνω@vsap3p ἀποβάλλω@vnap-- ὁ@damp τοιοῦτος@anamp- ἄνθρωπος@nampc σημαίνω@vipa3p"
"Oneir._3.8","κόρις@nnmpp δυσθυμία@ngfpc καί@cs φροντίς@ngfpc εἰμί@vipa3p σημαντικός@annmp- ἐπίσης@vpaagfs γάρ@b ὁ@ddfp φροντίς@ndfpc καί@b οὗτος@rpnmp ἄυπνος@anamp- ποιέω@vipa3p καί@b προσέτι@b πρός@p τις@rpamp ὁ@dgmp οἰκεῖος@angmp- ὡς@cs δέ@b ἐπί@p ὁ@dans πλεῖστος@ananss πρός@p γυνή@nafpc ἀηδία@nafpc καί@cs δυσαρεστέω@nafpc φέρω@vipa3p κώνωψ@nnmpp καί@cs ὁ@dnfp λέγω3@vppenfp ἐμπίς@nnfpc καί@cs εἰ@cs τις@rpnns ἄλλος@anans- ὅμοιος@anans- ἄνθρωπος@nampc ἐπιφοιτάω@vnaa-- ὁ@ddms εἶδον@vpaadms σημαίνω@vipa3p πονηρός@anamp- βλάβη@nafsc ἐνδείκνυμι@vppeamp καί@cs προσέτι@b καταγελάω@vppaamp κάπηλος@ndmpc δέ@b καί@cs οἰνέμπορος@ndmpc εἰς@p ὄξος@nampc μεταβάλλω@vnaa-- ὁ@dams οἶνος@namsc προαγορεύω@vipa3p χαίρω@vipa3p γάρ@x ὄξος@ndfsc"
"Oneir._3.9","μάχομαι@vnpe-- ὁ@ddmp οἰκεῖος@andmp- οὐ@b ἀγαθός@annns- οὐ@b δέ@cs ὁ@ddmp ἐκτός@b ἥσσων@anansc δέ@cs πονηρός@annns- νοσέω@vppanms δέ@b τις@rpnms ἐάν@cs δόξα@vsaa3s μάχομαι@vnpe-- παρακόπτω@vifa3s μάχομαι@vnpe-- ὁ@ddmp ἀγαθός@andmpc οἷος@rpans ὁ@ddmp δεσπότης@ndmpc βασιλεύς@ndmpc σύμβουλος@vppadmp καί@cs πᾶς@andmp- ὁ@ddmp ὑπερέχω@vppadmp κακός@b διατίθημι@vnap-- σημαίνω@vipa3s πρός@p ὁ@dgnp ὅς@rpdnp τις@rpncs μάχομαι@viie3s μισέω@vnpa-- μισέω@vnpe-- οὐδείς@rpdms συμφέρω@vipa3s οὐδείς@rpans δέ@b διαφέρω@vipa3s τις@rpacs μισέω@vnpa-- ὑπό@p ὅς@rpgms μισέω@vipe3s τις@rpncs ἐπεί@cs ὁ@dnns μῖσος@nnnsc ἐχθρός@anamp- ποιέω@vipa3s ὁ@dnmp δέ@b ἐχθρός@annmp- οὐ@b τε@cs συναίρω@vipe3p οὐ@b τε@cs συλλαμβάνω@vipe3p δεῖ@vipa3s δέ@b ὁ@ddmp ἄνθρωπος@ndmpc βοήθεια@ngfsc καί@b ὁ@dgmp συλλαμβάνω@vppegmp ἐπεί@cs διά@p ὁ@dgnp τοιοῦτος@rpgnp ὠφελέω@vipe3p"
"Oneir._3.10","σφάζω@vnpe-- καί@cs ἀποθνήσκω@vnpa-- ὅς@rpans τις@annns- σημαίνω@vipa3s ἐν@p ὁ@ddms περί@p θάνατος@ngmsc λόγος@ndmsc ἐν@p ὁ@ddns δεύτερος@andns- βιβλίον@ndnsc προερέω@vire3s σφάζω@vppeamp δέ@b εἶδον@vnaa-- ἀγαθός@anans- πᾶς@ananp- γάρ@b ὁ@danp πρόκειμαι@vppeanp ἐπί@p ὁ@dans τέλος@nansc συμπεραίνω@vpapanp ἤδη@b ἀφικνέομαι@vnre-- σημαίνω@vipa3s ἐπεί@cs ὁ@dnfs σφαγή@nnfsc τελευτή@ngfsc εἰμί@vipa3s σημεῖον@nnnsc"
"Oneir._3.11","κροκόδειλος@nnmsp πειρατής@namsc ἤ1@cs φονεύς@namsc οὐδείς@rpans ἥσσων@anansc ἀπονοέομαι@vpreams ἄνθρωπος@namsc σημαίνω@vipa3s ὅπως@cs δέ@b ἄν@b διατίθημι@vsaa3s ὁ@dams εἶδον@vpaaams ὁ@dnms κροκόδειλος@nnmsc οὕτως@b διατίθημι@vifa3s καί@cs ὁ@dnms ὑπό@p ὁ@dgms κροκόδειλος@ngmsc σημαίνω@vppenms αἴλουρος@nnmsp μοιχός@namsc σημαίνω@vipa3s κλέπτης@nnmsc γάρ@b εἰμί@vipa3s ὄρνις@ngmpc ὁ@dnfp δέ@b ὄρνις@nnfpc γυνή@ndfpc εἰκάζω@vipe3p καθώς@cs ἐν@p ὁ@ddns πρῶτος@andns- βιβλίον@ndnsc ἐπιμιμνήσκομαι@viap1s"
"Oneir._3.12","ἰχνεύμων@nnmsp καί@cs ἴκτις@nnfsc πανοῦργος@anamp- σημαίνω@vipa3p ἄνθρωπος@nampc καί@cs δόλιος@anamp- οὐδέ@b ποτέ@b ὁ@ddmp ὁράω@vppadmp εὐνοέω@vnaa-- δύναμαι@vppeamp διά@p ὁ@dans ἄγριος@anans- καί@cs δυστιθάσευτος@anans- καί@cs ὁ@dnms μέν@b ἰχνεύμων@annms- ἀνήρ@nampc σημαίνω@vipa3s ὁ@dnfs δέ@b ἴκτις@nnfsc γυνή@nafpc"
"Oneir._3.13","θεός@nnmsp εἰ@cs τις@rpnms ὑπολαμβάνω@voaa3s γίγνομαι@vnam-- ἱερεύς@nnmsc ἄν@x γίγνομαι@voa-3s ἤ1@cs μάντις@nnmsc ὁ@dgfs γάρ@b αὐτός@angfs- ὁ@ddmp θεός@ndmpc τιμή@ngfsc καί@b οὗτος@rpnmp τυγχάνω@vipa3p εἰ@cs δέ@b τις@rpnms νοσέω@vppanms θεός@nnmsc εἰμί@vnpa-- νομίζω@voaa3s θνῄσκω@vite3s ἀθάνατος@annmp- γάρ@b ὁ@dnmp ἀποθνήσκω@vpaanmp ἐπεί@cs μηκέτι@b θνῄσκω@vifm3p εἰ@cs δέ@b τις@rpnms ἐν@p πενία@nnfdc ἤ1@b δουλεία@nnfdc ἤ1@b δεσμός@ndmpc ἤ1@cs περίστασις@ndfsc τις@rpdcs ὅστις@anans- καθίστημι@vpranms κακός@andns- εἶδον@voaa3s ὁ@dans ὄναρ@nansc οὗτος@anans- ἀπαλλάσσω@vifm3s ὁ@dgnp περιέχω@vppagmp αὐτός@rpams δεινός@angnp- πολύς@annfp- γάρ@b καί@b εὐπόριστος@annfp- ὁ@ddms θεός@ndmsc ὁ@dnfp ἀπό@p ὁ@dgnp δεινός@angnp- σωτηρία@nnfpc ἀνήρ@ndmsc δέ@b πλούσιος@andms- καί@cs σύμβουλος@ndmsc ἀρχή@nafsc μέγας@anafss κατά@p ὁ@dans ἐπιβάλλω@vppaans ὁ@dgns ἀξίωμα@ngnsc προαγορεύω@vipa3s ἐπίσης@vpaagfs γάρ@b ὁ@ddmp θεός@ndmpc καί@b ὁ@dnmp ἄρχω@nnmpc δύναμαι@vipe3p εὖ@b καί@cs κακός@b τις@rpamp ποιέω@vnpa-- ἀγαθός@annns- δέ@b καί@b ὁ@ddmp ἐπί@p σκηνή@nafsc ἀνέρχομαι@vppedmp διά@p ὁ@dans ἐν@p ὁ@ddfs ὑπόκρισις@ndfsc ἔθος@nansc πολλάκις@b γάρ@b καί@cs θεός@ngmpc πρόσωπον@nanpc ἀναλαμβάνω@vipa3p"
"Oneir._3.14","θεός@anams- δοκέω@vnpa-- ὑποδέχομαι@vnpe-- ὁ@ddms μέν@b εὖ@b πράσσω@vppadms φροντίς@nafpc καί@cs λύπη@anafp- καί@cs δεινός@anafp- πραγματεία@nafpc προαγορεύω@vipa3s ὁ@dnmp γάρ@b ἐν@p περίστασις@ndfsc γίγνομαι@vpamnmp θύω1@vipa3p τε@cs ὁ@ddmp θεός@ndmpc καί@cs ὑποδέχομαι@vipe3p αὐτός@rpamp ὁ@ddms δέ@b ἐν@p πενία@nanpc ἤ1@cs στενοχωρία@nnfsc εἰμί@vppadns πολύς@anafs- ἐπίδοσις@nafsc ἀγαθός@angnp- προαγορεύω@vipa3s τότε@b γάρ@b μάλιστα@b ὁ@dnmp πένης@nnmpc εὐχαριστέω@vipa3p τε@b ὁ@ddmp θεός@ndmpc καί@cs ὑποδέχομαι@vipe3p αὐτός@rpamp θεός@ngmsp σκευή@nafsc ἔχω@vnpa-- καί@cs περίκειμαι@vnpe-- ἄλλος@rpgms τις@rpgms ἐπιτροπεύω@vnaa-- σημαίνω@vipa3s πλούσιος@angms- ὥστε@cs φαντασία@nafsc μέν@b ἔχω@vnpa-- πλοῦτος@ngmsc ὑπόστασις@nafsc δέ@cs μή@b οὗτος@rpans πολλάκις@b οὕτως@b ἀποβαίνω@vpaanms τηρέω@viaa1s"
"Oneir._3.15","κωλόβαθρον@namsp ὑποδέω@vnre-- δοκέω@vnpa-- ὁ@ddmp μέν@b πανοῦργος@andmp- δεσμός@nanpc σημαίνω@vipa3s καί@b γάρ@b προσδέομαι@vipe3s ὁ@dnnp κωλόβαθρον@ananp- ὁ@ddmp πούς@ndmpc καί@cs ὁ@dams περίπατος@namsc ἀλλοιόω@vipa3s ὁ@ddmp δέ@b λοιπός@andmp- νόσος@nafsc ξενιτεία@nafsc προδείκνυμι@vipa3s διά@p ὁ@dafp αὐτός@rpafp αἰτία@nafpc"
"Oneir._3.16","ἐώ@rpdms θάλασσα@ngfsc περιπατέω@vnpa-- ἀποδημέω@vnaa-- βούλομαι@vppedms ἀγαθός@annns- καί@b μάλιστα@b γε@x εἰ@cs πλέω@vnpa-- μέλλω@vopa3s πολύς@anafs- γάρ@b ἀσφάλεια@nafsc προαγορεύω@vipa3s ὁ@dnns ὄναρ@nnnsc ἀγαθός@annns- δέ@b καί@b δοῦλος@ndmsc καί@cs ὁ@ddms γαμέω@ndfsc προαιρέω@vpredms ὁ@dnms μέν@b γάρ@b ὁ@dgms δεσπότης@ngmsc ὁ@dnms δέ@cs ὁ@dgfs γυνή@ngfsc ἄρχω@vifa3s ἔοικα@vira3s γάρ@b καί@b δεσπότης@ndmsc ὁ@dnfs θάλασσα@nnfsc διά@p ὁ@dans δυνατός@anans- καί@cs γυνή@ndfsc διά@p ὁ@dans ὑγρός@anans- ἀγαθός@annns- δέ@b καί@b ὁ@ddms δίκη@nafsc ἔχω@vppadms ὑπέρ@annmsc γάρ@b ὁ@dgms δικαστής@ngmsc γίγνομαι@vpamnms ὡς@cs ἔοικα@vpranns νικάω@vifa3s ἔοικα@vira3s γάρ@b καί@b δικαστής@ndmsc ὁ@dnfs θάλασσα@nnfsc διά@p ὁ@dans ὁ@damp μέν@b εὖ@b ὁ@damp δέ@b κακός@b διατίθημι@vnpa-- ἀνήρ@ndmsc δέ@b νέος@andmsc ἑταίρα@ngfsc ἔραμαι@vnap-- σημαίνω@vipa3s καί@cs γυνή@ndfsc εἶδον@vpaadfs ἑταιρικός@andms- χράω2@vnam-- βίος@ndmsc ἔοικα@vira3s γάρ@b καί@cs ἑταίρα@nnfsc ὁ@dnfs θάλασσα@nnfsc διά@p ὁ@dans προσβάλλω@vnpa-- ἡδύς@anafp- μέν@b ὁ@dafp πρῶτος@anafp- φαντασία@nafpc κακός@b δέ@b διατίθημι@vnpa-- ὁ@damp πλεῖστος@anamp- πᾶς@andmp- δέ@b ὁ@ddmp ἐκ@p ὄχλος@ngmsc πορίζω@vppedmp καί@b πολιτεύτης@ndmpc καί@cs δημαγωγός@ndmpc μετά@p πολύς@angfs- εὔκλεια@ngfsc πορισμός@namsc οὐ@b ὁ@dams τυγχάνω@vpaaams προαγορεύω@vipa3s ἔοικα@vira3s γάρ@b καί@b ὄχλος@ndmsc ὁ@dnfs θάλασσα@nnfsc διά@p ὁ@dafs ἀταξία@nafsc"
"Oneir._3.17","ἄνθρωπος@nampp πλάσσω@vnpa-- ἀγαθός@anans- παιδοτρίβης@ndfpc καί@cs παιδευτής@ndmpc τρόπος@namsc γάρ@b τις@anams- καί@b οὗτος@rpnmp ὁ@damp ἄνθρωπος@nampc πλάσσω@vifa3p ὁ@dnmp μέν@b διά@p ὁ@dans ῥυθμίζω@vnpa-- ὁ@dnmp δέ@b διά@p ὁ@dans βελτίων@anampc ποιέω@vnpa-- ἀγαθός@annns- δέ@b καί@b ἄπαις@ndmpc ἐπεί@cs γνήσιος@angmp- παῖς@ngcpc γονή@nafsc προαγορεύω@vipa3s ἀγαθός@annns- δέ@b καί@cs σωματέμπορος@ndmpc καί@cs πένης@ndmpc ὁ@dnmp μέν@b γάρ@b ἀπό@p ὁ@dgfs ἐμπορία@ngfsc πολύς@ananp- καί@cs μέγας@ananp- κερδαίνω@vipa3p ὁ@dnmp δέ@b πολύς@anamp- κτάομαι@vifm3p οἰκέτης@nampc κακοῦργος@andmp- δέ@x ὄλεθρος@namsc προαγορεύω@vipa3s καί@b γάρ@b ὁ@dams προμηθεύς@namsp λέγω3@vipa3p ἐπί@p ὁ@ddns πλάσσω@vnaa-- ὁ@damp ἄνθρωπος@nampc καί@cs ὁ@dans πῦρ@nansc κλέπτω@vnaa-- κακός@b ἀπόλλυμι@vnam-- πλούσιος@andmp- δέ@b καί@cs ὁ@ddmp μέγας@anans- δύναμαι@vppedmp ἀρχή@nafsc τις@anafs- μέγας@anafs- προαγορεύω@vipa3s"
"Oneir._3.18","ὑποζεύγνυμι@vnre-- ὄχημα@ndnsc ὥσπερ@cs τις@rpnns ὁ@dgnp τετράπους@ngnpc δουλεία@nafsc καί@b κάματος@namsc καί@cs νόσος@nafsc προαγορεύω@vipa3s καί@b εἰ@cs πάνυ@b τις@rpnms λαμπρός@annms- καί@cs ἁβροδίαιτος@annms- εἰμί@vppanms ὁ@dams ὄνειρος@namsc εἶδον@voaa3s"
"Oneir._3.19","ὀχέω@vnpe-- ἐπί@p ἅρμα@ngnsc ἤ1@cs ἀπήνη@ngfsc ἄνθρωπος@ngmpc ὑποτάσσω@vpregmp πολύς@angmp- ἄρχω@vnaa-- σημαίνω@vipa3s καί@cs προσέτι@b παῖς@na-pc ἀγαθός@anamp- ὁ@ddms εἶδον@vpaadms γίγνομαι@vnam-- μαντεύομαι@vipe3s πρός@p δέ@b ὁ@dafp ἀποδημία@nafpc οὐ@b πάνυ@b τις@rpans συμφέρω@vipa3s ὁ@dnns μέν@b γάρ@b ἀσφαλής@anans- ἐνδείκνυμι@vipe3s πολύς@anafs- δέ@cs βραδυτής@nafsc προαγορεύω@vipa3s"
"Oneir._3.20","εἰς@p μάντις@ngmsc δέ@x φοιτάω@vnpa-- καί@cs μαντεύομαι@vnpe-- περί@p τις@rpgcs φροντίς@nafpc οὐ@b ὁ@dafp τυγχάνω@vppaafp ὁ@ddms εἶδον@vpaadms σημαίνω@vipa3s οὐ@b γάρ@x δεῖ@vipa3s μαντικός@angfs- ὁ@ddmp μή@b φροντίζω@vppadmp ὅς@rpans τις@anans- δέ@b ἄν@b ὁ@dnms μάντις@nnmsc ὅσγε@annms- ἀληθής@annms- ἀποκρίνω@vspe3s οὗτος@rpdms πιστεύω@vnpa-- χρή@vipa3s περί@p δέ@b διαφορά@ngfsc μάντις@ngmpc ὅς@rpdmp δεῖ@vipa3s προσέχω@vnpa-- καί@cs ὅς@rpdmp μή@b ἐν@p ὁ@ddms περί@p ὁ@dgnp ἀξιόπιστος@angnp- λόγος@ndmsc ἐν@p ὁ@ddns δεύτερος@andns- βιβλίον@ndnsc προεῖπον@vira1s ὁ@dnms δέ@b μηδείς@rpans ἀποκρίνω@vppenms μάντις@nnmsc πᾶς@anafs- ἐγχείρησις@nafsc καί@cs πᾶς@anafs- ὁρμή@nafsc ὑπερτίθημι@vipe3s εἰμί@vipa3s γάρ@b παρά@p γε@b ὁ@ddmp σοφός@andmp- καί@cs ὁ@dnfs σιγή@nnfsc ἀπόκρισις@nnfsc ἀλλά@cs ἀπαγορευτικός@nnfsc"
"Oneir._3.21","εἰ@cs δέ@b τις@rpnms ὑπολαμβάνω@voaa3s μάντις@nnmsc γίγνομαι@vnra-- καί@cs εὐδοκιμέω@vnpa-- ἐν@p ὁ@ddns προαγορεύω@vnpa-- πολύς@angnp- ἔμπειρος@annms- εἰμί@vifm3s πρᾶγμα@ngnpc καί@cs φροντίς@nafpc ἀναδέχομαι@vifm3s οὗτος@rpans μέν@b ἴδιος@angfs- οὗτος@rpans δέ@cs καί@cs ἀλλότριος@angfs- καί@b γάρ@b ὁ@ddms μάντις@ndmsc μέλω@vipa3s καί@b ὁ@dgnp οὐδείς@anans- αὐτός@rpdms προσήκω@vppagnp κακός@angnp- ὅς@rpanp ἄν@b ὁ@dnmp μαντεύομαι@vppenmp φέρω@vspa3p φέρω@vipa3s δέ@b καί@cs ἀποδημία@nafpc πολλάκις@b καί@cs κίνησις@nafpc ὁ@ddms εἶδον@vpaadms ὁ@dnms ὄνειρος@nnmsc διά@p ὁ@dans ὁ@damp μάντις@anamp- περινοστέω@vnpa-- καί@b ὁ@ddmp πένης@ndmpc εὐπορία@nafsc πολύς@annmp- γάρ@b δέω2@vipe3p ὁ@dgms μάντις@ngmsc καί@cs ὁ@dgmp πλούσιος@angmp-"
"Oneir._3.22","νοσέω@vnpa-- μόνος@andmp- ὁ@ddmp ἐν@p δεσμός@ndmpc ἤ1@cs μέγας@andfs- ἀνάγκη@ndfsc εἰμί@vppadmp ἀγαθός@annns- διά@p ὁ@dans ὁ@dafs νόσος@nafsc λύω@vnpa-- ὁ@damp ὄγκος2@nampc ὁ@ddmp δέ@b ἄλλος@rpdmp μέγας@anafs- ἀπραξία@nafsc προαγορεύω@vipa3s ἄπρακτος@annmp- γάρ@x ὁ@dnmp νοσέω@vppanmp καί@b ὁ@dgnp ἐπιτήδειος@angnp- ἔνδεια@nafsc καί@cs γάρ@b ἐνδεής@annmp- ὁ@ddns σῶμα@ndnsc ὅς@rpgnp μάλα@b χρή@vipa3s ὁ@dnmp νοσέω@vppanmp γίγνομαι@vipe3p καί@b πρός@p ὁ@dafp ἀποδημία@nafpc ἐμποδών@b ἵστημι@vipe3s δυσκίνητος@annmp- γάρ@x ὁ@dnmp νοσέω@vppanmp καί@b ὁ@dafp ἐπιθυμία@nafpc οὐ@b ἐάω@vipa3s τελέω@vnap-- οὐ@b δέ@cs γάρ@b ὁ@dafp ὄρεξις@nafpc διά@p ὁ@dans ἐπικίνδυνος@anans- ἀναπληρόω@vipa3p ὁ@ddms νοσέω@vppadms ὁ@dnmp ἰατρός@nnmpc νοσέω@vppaams δέ@b εἰ@cs τις@rpncs ἐπισκέπτομαι@vope3s εἰ@cs μέν@b γνώριμος@anams- ὁ@danp αὐτός@rpanp ὁ@ddms νοσέω@vppadms σημαίνω@vipa3s εἰ@cs δέ@cs ἀγνώς@namsc αὐτός@rpdms ὁ@ddms εἶδον@vpaadms οὐδείς@anans- γάρ@b διαφέρω@vipa3s αὐτός@rpams νοσέω@vnpa-- ἤ1@cs ἄλλος@rpams ἀγνώς@namsc νοσέω@vppaams εἶδον@vnaa-- εἰκών@nafpc γάρ@b ὁ@dgnp ἀποβαίνω@vpfmgnp ὁ@ddmp ὁράω@vppadmp πρᾶγμα@ngnpc ὁ@damp πλησίος@b εἰμί@vnpa-- φημί@vipa1p ὅταν@cs γε@b ἀγνοέω@vspe3p τηρέω@viaa1s δέ@b καί@b ὁ@dans τοιοῦτος@rpans ὅσος@annnp- μέν@b αὐτίκα@b ἀποβαίνω@vpfmanp καί@cs μᾶλλον@b ἤ1@cs σφοδρός@b ὁ@dnfs ψυχή@nnfsc βούλομαι@vipe3s σημαίνω@vnaa-- ἀγαθός@ananp- ἤ1@cs κακός@ananp- οὗτος@rpanp περί@p αὐτός@anams- ὁ@dams ὁράω@vppaams παράγω@vipa3s ὅσος@rpnnp δέ@b βραδύς@annnsc ἤ1@cs ἥσσων@annnsc ἤ1@cs ἄτονος@annnsc οὗτος@rpanp διά@p ἀλλότριος@angns- σῶμα@ngnsc δείκνυμι@vipa3s ὁ@dnfs ψυχή@nnfsc ὁ@ddms ὁράω@vppadms"
"Oneir._3.23","ὁ@dafp ἑαυτοῦ@rpgms σάρξ@nafpc ἐσθίω@vnpa-- ἀγαθός@annns- πένης@ndmsc πολύς@ananp- γάρ@b ὁ@ddns σῶμα@ndnsc ἐργάζομαι@vpamnms καί@cs πονέω@vppanms κτάομαι@vifm3s καί@cs οὕτως@b οὐ@b ὁ@dafp σάρξ@nafpc αὐτός@b κατεσθίω@vifm3s ἀλλά@cs ὁ@dafp ἀπό@p ὁ@dgfp σάρξ@ngfpc ἐργασία@nafpc ἀγαθός@annns- δέ@b καί@cs χειροτέχνης@ndfsc ὁ@dnns τοιοῦτος@rpgnp μέρος@ngnpc ἐσθίω@vnpa-- ὁ@dgns σῶμα@ngnsc ἀπό@p ὅς@rpgnp μάλιστα@b πορίζω@vipe3s ὁ@dnmp μέν@b γάρ@b ἀμφότερος@andfp- ὁ@ddfp χείρ@ndfpc ἐργάζομαι@vipe3p ὁ@dnmp δέ@b ὁ@ddfs ἕτερος@andfs- μόνος@b ὁ@dnmp δέ@b ἄκρος@andmp- ὁ@ddmp δάκτυλος@ndmpc ὁ@dnmp δέ@b καί@b πᾶς@andns- ὁ@ddns σῶμα@ndnsc φιλόλογος@andmp- δέ@b καλός@annns- ἄλλος@rpdmp παρέχω@vnpa-- ὁ@dans στόμα@nansc καί@cs ὁ@dafs γλῶσσα@nafsc ἐσθίω@vnpa-- πολύς@ananp- γάρ@b πορίζω@vpaanmp ἀπό@p ὁ@dgns στόμα@ngnsc καί@cs ὁ@dgfs γλῶσσα@ngfsc εἰμί@vifm3p ἱκανός@annmp- καί@cs ἄλλος@rpdmp παρέχω@vnpa-- εἰ@cs δέ@b τις@rpncs ὁ@dans ἑαυτοῦ@rpgms στόμα@nansc κατεσθίω@vopa3s ἤ1@cs ὁ@dafs ἑαυτοῦ@rpgms γλῶσσα@nafsc παύω@vifm3s λόγος@ndmpc χράομαι@vppenms ἰδιώτης@ndmpc δέ@x μετάνοια@nafsc ἐπί@p προπέτεια@ndfsc λόγος@ngmpc σημαίνω@vipa3s γυνή@nnfsc δέ@dafp ἑαυτοῦ@rpgfs σάρξ@nafpc ἐσθίω@vppanfs πορνεύω@vifa3s καί@cs οὕτως@b ἀπό@p ὁ@dgns ἴδιος@angns- σῶμα@ngnsc τρέφω@vifp3s πᾶς@andms- δέ@b ὁ@ddms νοσέω@vppaams ἔχω@vppadms ἤτοι@cs φίλος@anams- συγγενής@anams- ἤ1@cs ἄλλος@rpams τις@rpacs ὁ@dgnp σπουδαῖος@angmp- πένθος@nansc προαγορεύω@vipa3s καί@b γάρ@b ὁ@dnmp πενθέω@vppanmp λωβάομαι@vppenmp ἑαυτοῦ@rpamp ὁ@dafp ἑαυτοῦ@rpgmp σάρξ@nafpc ἐσθίω@vipa3p πλούσιος@andms- δέ@b ἀνήρ@ndmsc καί@cs πᾶς@andms- ὁ@ddms κατά@p προαίρω@andns- ζάω@vppadms οὐ@b ἀγαθός@annns- ἐσθίω@vnpa-- ὁ@dgfp ἴδιος@angfp- σάρξ@ngfpc πρόρριζος@anams- γάρ@b ἀνατρέπω@vnap-- ὁ@dams βίος@namsc καί@cs ὁ@dafs ὕπαρξις@nafsc ὁ@dgms εἶδον@vpaagms σημαίνω@vipa3s ὥσπερ@cs καί@b ὁ@dnns ὁ@dafs ἴδιος@anafs- κόπρος@nafsc ἐσθίω@vnpa--"
"Oneir._3.24","ἐπ ̓ἀριστερός@ananp- περιβάλλω@vnre-- ἤ1@cs ὅπως@cs ποτέ@b γέλοιος@b καί@cs μή@b κόσμιος@b πᾶς@andmp- πονηρός@anams- καί@cs πρός@p ὁ@ddfp ἀπραξία@ndfpc διασυρμός@namsc καί@cs καταγέλαος@namsc ὑπομένω@vnaa-- σημαίνω@vipa3s μόνος@andmp- δέ@b γελωτοποιός@andmp- ἀγαθός@annns- ἄν@b εἰμί@vopa3s διά@p ὁ@dans ἔθος@nansc"
"Oneir._3.25","ἐπί@p ἀριστερός@ananp- γράφω@vnpa-- σημαίνω@vipa3s πάνουργος@b τις@rpans πράσσω@vnaa-- καί@cs ἀπάτη@ndfsc καί@cs μέθοδος@ndfsc χράω2@vpamams ὑπέρχομαι@vnaa-- τις@rpams καί@cs ἀδικέω@vnaa-- πολλάκις@b δέ@b καί@b μοιχός@namsc γίγνομαι@vpamams νόθος@anamp- παῖς@na-pc λάθρῃ@b ποιέω@vnaa-- οἶδα@vira1s δέ@b τις@rpams ὅς@rpnms ἐπί@p οὗτος@andms- ὁ@ddms ὄνειρος@ndmsc ποιητής@nnmsc γίγνομαι@viam3s γέλοιος@angnp- ἄσμα@ngnpc"
"Oneir._3.26","μητρυιά@nafsp εἶδον@vnaa-- οὐ@b τε@x ζάω@vppaafs οὐ@b τε@x θνήσκω@vpraafs ἀγαθός@annns- καί@cs εἰ@cs μέν@b χαλεπαίνω@vopa3s ἤ1@cs ὀργίζω@vope3s ἤ1@cs βλάπτω@vopa3s ὁ@dams ὁράω@vppaams ὁ@dans ὄναρ@nansc ἐπιτείνω@vmpa2s ὁ@danp δεινός@ananp- εἰ@cs δέ@cs μέτριος@b προσφέρω@vope3s ἥσσων@ananpc ποιέω@vipa3s ὁ@danp δεινός@ananp- χαρίζομαι@vppenfs δέ@b τις@rpans ὁ@ddns εἶδον@vpaadms καί@b λόγος@ndmpc καί@cs ἔργον@ndnpc ψευδής@anafp- ὁ@dafp ἐλπίς@nafpc φημί@vipa3s εἰμί@vnpa-- οὐ@b γάρ@b ἀπό@p γνώμη@ngfsc οὐ@b δέ@cs κατά@p προαίρεσις@nafsc φιλέω@voaa3s ἄν@b ποτέ@b μητρυιά@namsc πρόγονος@namsc ὁ@dnms δέ@b πατρώιος@nnmsc ὁ@danp αὐτός@rpanp ὁ@ddfs μητρυιά@ndfsc σημαίνω@vipa3s ἥσσων@ananp- δέ@cs ὁ@ddfs δύναμις@ndfsc πολλάκις@b δέ@b καί@cs ὁ@dnms πατρώιος@nnmsc καί@cs ὁ@dnfs μητρυιά@nnfsc ξενιτεία@ngfsc καί@cs ἀποδημία@ngfsc γίγνομαι@vipe3p σύμβολον@nnnpc ἔοικα@vira3p γάρ@b πατήρ@nnmsc μέν@b καί@cs μήτηρ@nnfsc ὁ@ddfs οἰκεῖος@ndfsc πατρώιος@ngmsc δέ@cs καί@cs μητρυιά@nnfsc ὁ@ddfs ξένος@ndfsc"
"Oneir._3.27","πρόγονος@nnmpp ὁράω@vppenmp λέγω3@vipa1s δέ@cs συγγενής@nampc ὁ@damp πρό@p ὁ@dgmp γονεύς@ngmpc γίγνομαι@vpraamp φροντίς@nafpc σημαίνω@vipa3p παλαιός@angnp- ἕνεκα@p πρᾶγμα@ngnpc καί@cs εἰ@cs μέν@b τις@rpans ἀγαθός@anans- ἤ1@cs ἡδύς@anans- ἤ@cs χαρίζομαι@vpreans πράσσω@vopa3p λέγω@vopa3p εἰς@p ἀγαθός@anans- ὁ@dnfp φροντίς@nnfpc τελευτάω@vifa3p εἰ@cs δέ@b μή@b ὁ@dans ἐναντίος@anans- ἐπίμονος@nnmpp ὁ@dnmp μέν@b ἔτι@b νήπιος@annmp- καί@cs βραχύς@annmp- φροντίς@ngfpc εἰμί@vipa3p σημαντικός@annmp- περί@p ὅς@rpgmp ἀκριβής@anansc ἐν@p ὁ@ddns πρῶτος@andns- βιβλίον@ndnsc ἐν@p ὁ@ddns περί@p γένεσις@ngfsc παῖς@ngmpc ἐρῶ@vira1s κεφάλαιος@andns- ὁ@dnmp δέ@cs ἤδη@b τέλειος@annmp- βοήθεια@ngfsc καί@cs σύλληψις@ngfsc εἰμί@vipa3p σημαντικός@annmp-"
"Oneir._3.28","μῦς@nnmsp οἰκέτης@namsc σημαίνω@vipa3s συνοικέω@vipa3s γάρ@b καί@cs ἀπό@p ὁ@dgmp αὐτός@rpgmp τρέφω@vipe3s καί@cs εἰμί@vipa3s δειλός@annms- ἀγαθός@annns- οὖν@b καί@b πολύς@anamp- ἔνδον@b εἶδον@vnaa-- μῦς@nampc καί@cs οὗτος@rpamp ἱλαρός@anamp- καί@cs παίζω@vppaamp πολύς@anafs- γάρ@b εὐφροσύνη@nafsc προσημαίνω@vipa3p καί@cs οἰκέτης@ngmpc ἐπίκτησις@nafsc εἰ@cs δέ@b τις@rpans ποικίλος@anansc περί@p ὁ@damp μῦς@nampc βλέπω@vopa3s τις@rpnms ἔξεστι@vipa3s μεταφέρω@vnpa-- ὁ@dafp κρίσις@nafpc ἀπό@p ὁ@dgnp παρά@p μελάμπους@ndmsp ἐν@p ὁ@ddns περί@p κέρας@ngnpc καί@cs σημεῖον@ngnpc γράφω@vpregnp οὐδείς@rpans διαφέρω@vnpa-- ἡγέομαι@vppmamp ὁ@danp μετά@p ἡμέρα@nafsc γίγνομαι@vppeanp ὁ@dgnp ὄναρ@nansc δοκέω@vppagnp γίγνομαι@vnpe-- ὁ@dgfs γάρ@b αὐτός@angfs- τυγχάνω@vira3s πρόρρησις@ngfsc ὡς@cs πολλάκις@b ἐγώ@rpdcp δοκέω@viaa3s διά@p πεῖρα@nafpc διά@p μακρός@angns- δέ@b ὁ@dams τόπος@namsc οὗτος@anams- ἐξεργάζομαι@vire3s ἐν@p ὁ@ddms δεύτερος@andms- ὁ@dgfs ἑαυτοῦ@rpgms σύνταξις@ngfsc ἀπολλώνιος@nnmsp ὁ@dnms ἀτταλεύς@nnmsp ἐγώ@rpdms δέ@b νῦν@b πρόκειμαι@vipe3s ὁ@danp σημαίνω@vppeanp δείκνυμι@vnpa-- ἕκαστος@angns- ὁ@dgnp παραλείπω@vpregnp ἐν@p ὁ@ddfs ἐμός@andfs- πραγματεία@ndfsc διό@b καί@b τρίτος@anans- οὗτος@anans- ὁ@dans βιβλίον@nansc οὐ@b ὡς@b συνημμένος@vpreans ὁ@ddmp δύο@andmp- ἀλλά@cs ὡς@b ἀπολύω@vpreans ποιέω@viaa1s ὅθεν@b καί@b ὁ@dgfs ἐπιγραφή@ngfsc εἰκότως@b τυγχάνω@vifm3s οὐ@b τρίτος@annns- ἐκεῖνος@rpgnp ἀλλά@cs κατά@p ἴδιος@anafs- φιλάληθες@nnmsp ἤ1@cs ἐνόδιος@nnmsp γαλέη@nnfsp δέ@b γυνή@nafsc σημαίνω@vipa3s πάνουργος@anafs- καί@cs κακότροπος@anafs- καί@cs δίκη@nafsc εἰμί@vipa3s γάρ@x ἰσόψηφος@annfs- δίκη@nnfsc καί@cs γαλέη@nnfsc καί@b θάνατος@namsc ὅς@rpans τις@anans- γάρ@b ἄν@b λαμβάνω@vsaa3s οὗτος@rpans σήπω@vipa3s καί@b ἐργασία@nafpc καί@cs ὠφέλεια@nafpc καλέω@vipe3s γάρ@b πρός@p τις@rpg-p κερδώ@nnfsc ὁ@dafs δέ@b διαφορά@nafsc ἔξεστι@vipa3s οὗτος@rpgnp ἀπό@p ὁ@dgns βλέπω@vnpe-- πρόσειμι1@vppaafs ἄπειμι1@vppaafs ἤ1@b πάσχω@vppaafs τις@rpans ἤ1@cs δράω@vppaafs ἡδύς@anans- ἤ1@cs ἀηδής@anans-"
"Oneir._3.29","πηλός@ngfsp νόσος@nafsc σημαίνω@vipa3s καί@cs ὕβρις@nafsc νόσος@nafsc μέν@b διά@p ὁ@dans μή@b τε@cs καθαρός@anans- εἰμί@vnpa-- ὕδωρ@nansc μή@b τε@cs γῆ@nafsc ἀλλά@cs ἐκ@p ἀμφότερος@angnp- συμμίγνυμι@vnre-- καί@cs μη@b δέ@b ἕτερος@anans- εἰμί@vnpa-- πονηρός@annns- οὖν@b σύγκριμα@nnnsc ὁ@dgns σῶμα@ngnsc οὗτος@rpnns εἰμί@vipa3s νόσος@nafsc προαγορεύω@vipa3s εἰκότως@b ὕβρις@nafsc δέ@x ὅτι@cs μολύνω@vipa3s ἔτι@b δέ@b κίναιδος@namsc διά@p ὁ@dans ὑγρός@anans- καί@cs ἔκλυτος@anans- ἀγαθός@annms- δέ@b ἄν@b εἰμί@vopa3s ὁ@ddmp ἐκ@p πηλός@ngmsc ἐργάζομαι@vppedmp"
"Oneir._3.30","λεκάνη@nnfsp οἰκέτης@namsc σημαίνω@vipa3s καί@cs θεράπαινα@nafsc πιστός@anamp- πίνω@vnpa-- δέ@b ἐκ@p λεκάνη@ngfsc ἔραμαι@vnap-- θεράπαινα@ngfsc σημαίνω@vipa3s ὁ@dans δέ@b αὐτός@rpans καί@b εἰ@cs τις@rpncs ἐσθίω@vopa3s ἐν@p λεκάνῃ@ndfsc λεκάνη@nafsc χρύσεος@anafs- ἤ1@cs ἀργύρεος@anafs- ἔχω@vnpa-- ἤτοι@cs θεράπαινα@nafsc ἀπελευθερόω@vpaaams γαμέω@vnaa-- σημαίνω@vipa3s ἤ1@cs ἀπηλευθερέω@vpredfs συνοικέω@vnaa-- λεκάνη@nnfsc θραύω@vppenfs θεράπων@ngmsc σημαίνω@vipa3s ὄλεθρος@namsc λεκάνῃ@ndfsc ἐγκατοπτρίζω@vnpe-- τεκνόω@vnaa-- ἀπό@p θεράπαινα@ngfsc σημαίνω@vipa3s εἰ@cs δέ@b τις@rpnms αὐτός@annms- οἰκέτης@nnmsc εἰμί@vppanms οὐ@b ἔχω@vppanms ὑπηρέτης@namsc οὗτος@anams- εἶδον@voaa3s ὁ@dams ὄνειρος@namsc ἡγέομαι@vnpm-- χρή@vipa3s ὁ@dafs λεκάνη@nafsc αὐτός@anafs- ὁ@dafs δουλεία@nafsc αὐτός@rpdms σημαίνω@vnpa--"
"Oneir._3.31","εἰκών@nnfsp τέκνον@nanpc σημαίνω@vipa3s καί@cs ὁ@dafs προαίρεσις@nafsc καί@cs ὁ@dafs γνώμη@nafsc ὁ@dgms εἶδον@vpaagms τέκνον@nanpc μέν@b διά@p ὁ@dafs ὁμοιότης@nafsc γνώμη@nafsc δέ@b καί@cs προαίρεσις@nafsc διά@p ὁ@dans ἐπαγάλλομαι@vnpe-- πᾶς@anamp- εἰκός@vpradmp ὁ@dnfs δέ@b ἐκ@p ὕλη@ngfsc στερεός@angfs- καί@cs ἄσεπτος@angfs- γίγνομαι@vprenfs ἀμείνων@annmsc εἰμί@vipa3s ὁ@dgmp γραπτός@angmp- καί@cs κηρίνος@angnp- καί@cs πήλινος@ngmpc καί@cs ὁ@dgnp ἄλλος@rpgnp ὁ@dgnp ὅμοιος@angnp- ὅς@rpans τις@anans- δέ@b ἄν@b πάσχω@vsaa3p ὁ@dnfp εἰκών@nnfpc οὗτος@rpans πείθω@vifm3p καί@b ὁ@dnmp παῖς@nnmpc ὁ@dgms εἶδον@vpaagms καί@cs ὁ@dnfp ὁρμή@nnfpc ὁ@dgfp πρᾶξις@ngfpc πολλάκις@b δέ@b καί@cs εἰς@p γονεύς@nampc καί@cs εἰς@p ἀδελφός@nampc καί@cs εἰς@p ἄλλος@rpamp ὁμώνυμος@anamp- ἀποβαίνω@vipa3s ὁ@dnns ὄναρ@nnnsc"
"Oneir._3.32","μαῖα@nnfsp ὁράω@vppenfs ὁ@danp κρυπτός@ananp- ἐλέγχω@vipa3s διά@p ὁ@dans ὁ@danp ἀπόρρητος@ananp- καί@cs κρύπτω@vpreanp ἐρευνάω@vnpa-- καί@cs βλάβη@nafpc σημαίνω@vipa3s καί@cs ὁ@ddmp νοσέω@vppadmp θάνατος@namsc ἐξάγω@vipa3s γάρ@b ὁ@dgms περιέχω@vppagms ἀεί@b ὁ@dans περιέχω@vppaans καί@cs δίδωμι@vipa3s ὁ@ddfs γῆ@ndfsc ὁ@damp δέ@b βία@nnfsc ὑπό@p τις@rpgns κατέχω@vppeamp ἀπαλλάσσω@vipa3s καί@b γάρ@b ὁ@dnns περιέχω@vppeans ὁ@dgms περέχω@vppagms ἀπαλλάσσω@vipa3s σῶμα@nansc καί@cs οὕτως@b κοῦφος@anansc ποιέω@vipa3s πολλάκις@b δέ@b ὁράω@vppenfs μαῖα@nnfsc γυνή@ndfsc μή@b ἔχω@vppadfs ἐν@p γαστήρ@ndfsc νόσος@nafsc προαγορεύω@vipa3s ἐν@p γαστήρ@ndfsc δέ@cs ἔχω@vppadfs οὐδείς@rpans ἐπίσημον@anans- διά@p ὁ@dafs περί@p ὁ@dams τοκετός@namsc ἐλπίς@nafsc"
"Oneir._3.33","ἄκανθα@nnmpp καί@cs σκόλοψ@nnmpc ὀδύνη@nafpc σημαίνω@vipa3p διά@p ὁ@dans ὀξύς@anans- καί@b ἐμποδισμός@nampc διά@p ὁ@dans καθεκτικός@anans- καί@cs φροντίς@nafpc καί@cs λύπη@nafpc διά@p ὁ@dans τραχύς@anans- πολύς@andmp- δέ@cs καί@b ἔρως@nampc καί@cs ἀδικία@nafpc ὑπό@p ἄνθρωπος@ngmpc πονηρός@angmp- ἔρως@nampc μέν@b διά@p ὁ@dans μή@b εὔθυμος@anamp- ὁ@damp ἐραστής@nampc εἰμί@vnpa-- ἀδικία@nafpc δέ@b ὑπό@p ἄνθρωπος@ngmpc πονηρός@angmp- διά@p ὁ@dafs γίγνομαι@vppeafs ὑπό@p οὗτος@rpgmp ἐκ@p ὁ@dgnp τραῦμα@ngnpc αἷμα@ngnsc ἀπόκρισις@nafsc καί@b ὁ@dnfp μέν@b ἄκανθα@nnfpc ὑπό@p γυνή@ngfsc ἀδικία@ngfsc ὁ@dnmp δέ@b σκόλοψ@nnmpc ὑπό@p ἀνήρ@ngmpc προσημαίνω@vipa3p"
"Oneir._3.34","ὁ@dgnp γράμμα@ngnpc κατά@p εἷς@nansc ὁράω@vppenns ἕκαστος@annns- ὁ@dnnp μέν@b φωνήεις@annnp- φόβος@nampc καί@cs ταραχή@nafpc σημαίνω@vipa3s ὁ@dnnp δέ@b ἡμίφωνος@annnp- ἀπραξία@nafpc μέν@b οὐ@b φόβος@nampc δέ@b ἐπάγω@vipa3s ὁ@dnnp δέ@b ἄφωνος@ananp- οὐ@b τε@cs φόβος@nampc οὐ@b τε@cs πρᾶξις@nafpc ἴδιος@andfs- δέ@b ὁ@dnns ρ@ ἀπό@p ὁ@dgms ἀριθμός@ngmsc κρίνω@vmpe3s εἰμί@vipa3s οὖν@b ὁ@ddmp ἐπί@p πρᾶξις@nafsc ὁρμάω@vppadmp ἀγαθός@annns- διά@p ὁ@dans ἰσόψηφος@anans- εἰμί@vipa3s γάρ@b καί@cs ὁ@dnns ἐπί@p ἀμαθάʼ@ananp- ὁ@dafs ὁ@dgns ρ@ ἐκπληρόω@vnpa-- ψῆφος@nafsc καί@cs ὁ@ddmp προσδοκάω@vppadmp ἀπόδημος@anamp- εἰμί@vipa3s γάρ@b καί@cs ὁ@dnns ἀνγελάω@nnnpc ἑκατόν@ καί@cs ὁ@ddmp διαπορέω@vppadmp πότερον@b πεζός@andfs- ἀπιτέος@annns- αὐτός@rpdmp ἤ1@cs κατά@p πλόος@namsc συμβουλεύω@vipa3s πεζός@annnp- καί@cs γάρ@b καί@cs οὗτος@rpnns ἰσόψηφος@annns- ὁ@dgns ἑκατόν@ ὁ@ddmp δέ@b περί@p ὁ@dgns ὅλος@b εἰ@cs ἐξιτέον@annns- φροντίζω@vppadmp συμβουλεύω@vipa3s μένω@vnpa-- καί@b γάρ@b ὁ@dnns μένω@vmpa2s ἑκατόν@ κακοῦργος@anamp- δέ@b δεσμεύω@vipa3s καί@b γάρ@b ὁ@dnns πέδη@nnfpc ἑκατόν@ ποιμήν@ndmpc δέ@b καί@cs ἱπποτρόφος@andmp- ἀγαθός@annns- ὁ@dnns ἑκατόν@an---- καί@cs γάρ@b ὁ@dnns νέμω@nnnsc ἑκατόν@an----"
"Oneir._3.35","ἅλυσις@nnfsp γυνή@nafsc σημαίνω@vipa3s διά@p ὁ@dans ὄνομα@nansc καί@cs διά@p ὁ@dans καθεκτικός@anans- καί@b πλοκή@nafsc πρᾶγμα@ngnpc οὐ@b εὐθύμων@angnp- οὐ@b δέ@cs τερπνός@angnp- πλέκω@vire3s μέν@b γάρ@b ἐκ@p πολύς@angnp- οὐ@b εὔθυμος@anamp- δέ@cs ὁ@damp δέω1@vpreamp ποιέω@vipa3s καί@cs κατοχή@nafsc καί@cs ἐμποδισμός@namsc πρᾶξις@ngfpc δηλόω@vipa3s"
"Oneir._3.36","ἱστός@nnmsp ὄρθιος@annms- κίνησις@nafpc καί@cs ἀποδημία@nafpc σημαίνω@vipa3s χρή@vipa3s γάρ@b περιπατέω@vnpa-- ὁ@dafs ὑφαίνω@vppaafs ὁ@dnms δέ@b ἕτερος@annms- ἱστός@nnmsc κατοχή@ngfsc εἰμί@vipa3s σημαντικός@annms- ἐπεί@cs καθέζομαι@vppenfp ὁ@dnfp γυνή@nnfpc ὑφαίνω@vipa3p ὁ@dams τοιοῦτος@anams- ἱστός@namsc ἀεί@b δέ@b ἀμείνων@annnsc ἄρχω@vppeams ὑφαίνω@vnpe-- ἱοτός@namsc εἶδον@vnaa-- πρός@p ὁ@dans ἐκτέμνω@vnpe-- εἰμί@vppaams ἔοικα@vira3s γάρ@b ὁ@ddms βίος@ndmsc ὁ@dnms μέν@b οὖν@b ἄρτι@b ἄρχω@vppenms ὑφαίνω@vnpe-- μακρός@anams- ὑπαγορεύω@vipa3s βίος@namsc ὁ@dnms δέ@b πρός@p ἐκτομὴ@nafsc εἰμί@vppanms ὀλίγος@annns- ὁ@dnms δέ@cs ἐκτέμνω@vprenms θάνατος@namsc περί@p δέ@b χρῶμα@ngnpc διαφορά@ngfsc ἀπό@p ὁ@dgms λόγος@ngmsc ὁ@dgms περί@p ἱμάτιον@ngnsc καί@cs κόσμος@ngmsc ἀνδρεῖος@ngnsc τε@cs καί@cs γυναικεῖος@angms- ἔξεστι@vipa3s ὁ@dafp κρίσις@nafpc μεταφέρω@vnpa-- εἰ@cs δέ@b τις@rpncs πλέω@vppanms ἱστός@namsc εἶδον@voaa3s ἡγέομαι@vmpm3s ὁ@dafs κατάρτιος@anafs- ὁράω@vnpa-- ὅς@rpnns τις@annns- ἄν@b οὖν@b περί@p ὁ@dams ἱστός@namsc ἀποβαίνω@vspa3s ὁ@dnns αὐτός@rpnns καί@b περί@p ὁ@dafs κατάρτιος@nafsc εἰμί@vifm3s συνεργός@annnp- δέ@b ὁ@dnnp εἰς@p ὑφή@nafsc ἱστός@ngmsc παρασκευάζω@vppennp πολύς@anafp- φροντίς@nafpc καί@cs σύγχυσις@ndfpc πρᾶγμα@ngnpc σημαίνω@vipa3s ὅς@rpgnp ὀψέ@b καί@cs μόλις@b εἰμί@vifm3s διάκρισις@nnfsc ἕως@cs μέν@b γάρ@b εἰμί@vipa3s συνεργός@annnp- συγχέω@vipe3s καί@cs ἀδιάκριτος@annnp- εἰμί@vipa3s ἐπειδάν@cs δέ@cs ὑφαίνω@vsap3s εἰς@p ὁ@dafs οἰκεῖος@anafs- ἕκαστος@anams- κατατάσσω@vpreams χώρα@nafsc καί@b ὁ@dafs εὐχρηστία@nafsc παρέχω@vipa3s"
"Oneir._3.37","ἀκόνη@nnfsp προτροπή@ngfsc εἰμί@vipa3s σημαντικός@annfs- καί@cs εὐθυμία@ngfsc καί@cs τρόπος@namsc τις@anams- ὀξύς2@anampc φημί@vipa3s δεῖ@vnpa-- γίγνομαι@vnam-- ἐν@p δέ@b ὁ@ddfp φιλία@ndfpc οὐ@b ὁ@damp συλλαμβάνω@vppeamp σημαίνω@vipa3s ἀλλά@cs ὁ@damp προσρέπω@vppaamp καί@cs παρορμάω@vppaamp συμπράσσω@vipa3s μέν@b γάρ@b οὐδείς@rpans ὁ@ddnp σιδήρεος@andnp- ὀξύς@ananpc δέ@cs αὐτός@rpanp ποιέω@vipa3s πολλάκις@b δέ@b ἀκόνη@nnfsc καί@cs γυνή@nafsc σημαίνω@vipa3s"
"Oneir._3.38","ὁ@dans δέ@b ἐτυμολογέω@vppeanp ὁ@dgnp ὄνομα@ngnpc οὐ@b ἄχρηστος@ananp- νομίζω@vnpa-- χρή@vipa3s πρός@p ὁ@dafp κρίσις@nafpc ἐάν@cs τε@cs γάρ@b ἐπί@p ἀγαθός@andnp- ὁ@ddnp ὑπό@p ὁ@dgmp ἄλλος@rpgmp σημαίνω@vppednp ὁ@dnnp ὄνομα@nnnpc εἰμί@rpanp εὔφημος@nnnsc τέλειος@ananpc ὁ@danp ἀγαθός@ananp- ποιέω@vipa3s ἐάν@cs τε@cs ἐπί@p κακός@andnp- ἐλάσσων@ananpc καί@cs ἀμβλύς@ananpc ὁ@danp κακός@ananp- ποιέω@vipa3s ὁ@dnnp δέ@b δύσφημος@annnp- ἐναντίος@annnp- ὁ@ddfp προαίρεσις@ndfpc ὁ@danp μέν@b κακός@ananp- ἐπιτείνω@vipa3s ὁ@danp δέ@b ἀραθὰ@ananp- ἀμβλύνω@vipa3s πολλάκις@b δέ@b καί@cs ἀπό@p μόνος@angnp- αὐτός@rpgmp εἰμί@vipa3s τις@rpans προαγορεύω@vnaa-- οἷος@rpans μένω@nnmsp μέν@b καί@b μενεκράτης@nnmsp καί@cs κρατῖνος@nnmsp ἀποδημέω@vnpa-- κωλύω@vipa3p ζήνων@nnmsp δέ@b καί@b ζηνόφιλος@nnmsp καί@cs θεόδωρος@nnmsp ὁ@damp νοσέω@vppaamp ἀνίστημι@vipa3p κάρπος@nnmsp δέ@b καί@b ἐλπιδιφόρος@nnmsp καί@cs εὔτυχος@nnmsp πορισμός@namsc ὑποδείκνυμι@vipa3p θράσων@nnmsp δέ@b καί@b θρασύλος@nnmsp καί@cs θρασύμαχος@nnmsp παρορμάω@vipa3p πράσσω@vnpa-- καί@cs μή@b ἀποκνέω@vnaa-- κελεύω@vipa3p ὅμοιος@b δέ@b καί@cs ἐπί@p ὁ@dgnp θηλυκός@angnp- ὄνομα@ngnpc ὁ@dafp κρίσις@nafpc χρή@vipa3s ποιέω@vnpe--"
"Oneir._3.39","ὁ@dnfs δέ@b παραμυθία@nnfsc ὁ@damp μέν@b εὐδαιμονέω@vppaamp ἀδικέω@vipa3s ὁ@damp δέ@b ἐν@p περίστασις@ndfsc εἰμί@vppaamp ὠφελέω@vipa3s ὁ@damp μέν@b γάρ@b εἰς@p οὗτος@rpans κατάγω@vipa3s ὥστε@cs δεῖ@vnpa-- αὐτός@rpdmp παραμυθία@nafpc διά@p ὁ@dans ἀθυμέω@vnpa-- ἐπί@p ὁ@ddnp συμβαίνω@vppadnp κακός@andnp- ὁ@ddmp δέ@cs χρηστός@andmp- ὑποτίθημι@vipe3s ὁ@dafp ἐλπίς@nafpc ὀρθός@b καί@cs εὔλογος@b ὁ@dgns τοιοῦτος@rpgns ἀποβαίνω@vppagms οὐ@b τε@cs γάρ@b ὁ@ddms ὁράω@vppanms φημί@vipa3s τις@rpnms ̔@ ἀναβλεψία@vifa2s ἀλλά@cs ὡς@cs ἔοικα@vpranns ὁ@ddms ὑποκεχύμαι@vppedms οὐ@b τε@cs ὁ@ddms ὑγιαίνω@vppadms λέγω3@vipa3s τις@rpnms ἀναρρόω@vifa3s καί@cs ὑγιαίνω@vifa2s ἀλλά@cs ὡς@cs ἔοικα@vpranns ὁ@ddms κάμνω@vppadms οὕτως@b οὖν@b ἐπειδάν@cs τις@rpdcs προσέρχομαι@vpaanms τις@rpncs λέγω3@vspa3s πλουτέω@vifa2s εὐδαιμονέω@vifa2s εὐτυχέω@vifa2s πρᾶξις@nafpc ὅς@rpans βούλομαι@vmpa2s ὡς@cs οὐ@b εὐδαιμονέω@vppadms οὐ@b δέ@cs πράσσω@vppadms κατά@p γνώμη@nafsc λέγω3@vipa3s εἰ@cs δέ@b ἄρα@b ὁ@ddns ἐν@p περίστασις@ndfsc εἰμί@vppadns προαγορεύω@vopa3s τις@rpncs ὁ@dgfs περίστασις@ngfsc λύσις@nafsc τότε@b χρή@vipa3s ἀνανεόομαι@vnam-- ὁ@dams περί@p ὁ@dgnp ἀξιόπιστος@angnp- λόγος@namsc ὅς@rpams ἐπί@p τέλος@ndnsc ὁ@dgns δεύτερος@angns- βιβλίον@ngnsc ἐρῶ@vira1s καί@cs εἰ@cs μέν@b ἀξιόπιστος@annms- εἰμί@vopa3s ὁ@dnms λέγω3@vppanms πιστεύω@vnpa-- εἰ@cs δέ@b μή@b καταφρονέω@vnpa-- ὡς@cs ἐξαπατάω@vppeams"
"Oneir._3.40","ἐν@p ἄλλος@rpdns μέρος@ndnsc ὁ@dgns σῶμα@ngnsc ὅστις@rpnns τραῦμα@nnnsc ὑπάρχω@vppanns σύν@p ὁ@ddns μέρος@ndnsc κρίνω@vmpe3s ὡς@cs βλάπτω@vppedns ἐξετάζω@vire3s δέ@b ὁ@dnms λόγος@nnmsc ἐν@p ὁ@ddns πρῶτος@andns- βιβλίον@ndnsc ἐν@p ὁ@ddns περί@p σῶμα@ngnsc καί@cs ὁ@dgnp ἐν@p ὁ@ddns σῶμα@ndnsc μέρος@ngnpc κατά@p δέ@b ὁ@dgns στῆθος@ngnsc γίγνομαι@vpamnns ὁ@dgfs καρδία@ngfsc νέος@andmp- μέν@b καί@b ἀνήρ@ndmpc καί@cs γυνή@ndfpc ἔρως@namsc σημαίνω@vipa3s πρέσβυς@andmp- δέ@cs λύπη@nafsc ἐν@p δέ@b ὁ@ddfs δεξιός@andfs- χείρ@ndfsc γίγνομαι@vpamnns ἐν@p αὐτός@andns- ὁ@ddns θέναρ@ndnsc δάνειον@nansc προαγορεύω@vipa3s καί@cs ὁ@dafs ἐπί@p χειρόγραφος@ndmsc λύπη@nafsc οὐλή@nnfsc δέ@x πᾶς@angfs- φροντίς@ngfsc συμπέρασμα@nansc σημαίνω@vipa3s"
"Oneir._3.41","δάνειον@namsp ὁ@ddns ζάω@vnpa-- ὁ@dams αὐτός@anams- ἔχω@vipa3s λόγος@namsc ὀφείλω@viaa1p γάρ@b ὁ@dans ζάω@vnpa-- ὁ@ddfs ὁ@dgnp ὅλος@angnp- φύσις@ndfsc ὡς@cs καί@cs ὁ@dnns δάνειον@nnnsc ὁ@ddms χράω2@vpaadms καί@b ὁ@dnms δανειστής@nnmsc δέ@b ὁ@dams αὐτός@anams- ἔχω@vipa3s λόγος@namsc ὁ@ddns δάνειον@ndnsc ὅθεν@b ὁ@ddmp νοσέω@vppadmp ἐφίστημι@vppenms καί@cs ἀπαιτέω@vppanms κίνδυνος@namsc σημαίνω@vipa3s λαμβάνω@vppanms δέ@x τις@rpans καί@b θάνατος@namsc δανειστής@nnmsc ἀποθνήσκω@vppanms λύπη@ngfsc καί@cs φροντίς@ngfsc ἀπαλλάσσω@vipa3s ἔτι@b δέ@b καί@b δανειστής@nnmsc καί@cs θυγάτηρ@nnfsc ὁ@dams αὐτός@anams- ἔχω@vipa3p λόγος@namsc ἐπεί@cs καί@b ὁ@dnfs θυγάτηρ@nnfsc μετά@p ἀνάγκη@ngfsc ἀπαιτέω@vipa3s καί@cs ὅταν@cs μετά@p πολύς@angfp- ἐθίζω@vsap3s φροντίς@ngfpc ἀπαλλάσσω@vipe3s λαμβάνω@vpaanfs προίξ@nafsc δανειστής@nnmsc οἰκέτης@ndmsc δεσπότης@namsc σημαίνω@vipa3s ἀποφορά@nafsc ἀπαιτέω@vppaams ὁ@danp δέ@b αὐτός@rpanp ὁ@ddms δανειστής@ndmsc καί@b ὁ@dnms ἐγκατιολόγος@nnmsc σημαίνω@vipa3s"
"Oneir._3.42","μαίνομαι@vnpe-- ἀγαθός@annns- ὁ@ddmp ἐπί@p ὁ@dans πράσσω@vnpa-- ὁρμάω@vppadmp ἀκώλυτος@annmp- γάρ@b ὁ@dnmp μαίνομαι@vppenmp ἐπί@p ὅς@rpans τις@rpans ἄν@b ὁρμάω@vsaa3p μάλιστα@b δέ@b ἄν@b εἰμί@vopa3s ἀγαθός@annns- ὁ@ddmp δημαγωγέω@vnpa-- καί@cs ὄχλος@ngmsc ἄρχω@vnpa-- βούλομαι@vppedmp καί@cs ὁ@ddmp εἰς@p ὄχλος@namsc καθίημι@vppadmp ἑαυτοῦ@rpamp πλείων@angfsc γάρ@b ἀποδοχή@ngfsc ἀξιόω@vifp3p ἀγαθός@annns- δέ@b καί@b ὁ@ddmp παιδεύω@vnpa-- βούλομαι@vppedmp ἐπεί@cs καί@b παῖς@nnmpc ὁ@ddmp μαίνομαι@vppedmp ἀκολουθέω@vipa3p καί@b ὁ@damp πένης@nampc εὔπορος@anampc εἰμί@vnfm-- σημαίνω@vipa3s παρά@p πᾶς@angmp- γάρ@b ὁ@dnms μαίνομαι@vppenms λαμβάνω@vipa3s καί@b ὁ@ddms νοσέω@vppadms ὑγεία@nafsc προαγορεύω@vipa3s κινέω@vnpe-- γάρ@b καί@cs περιπατέω@vnpa-- ὁ@dnfs μανία@nnfsc προάγω@vipe3s καί@cs μή@b καταρρίπτω@vnre-- ὥσπερ@cs ἐν@p νόσος@ndfsc μεθύω@vnpa-- οὐδείς@rpdms ἀγαθός@annns- οὐ@b τε@x ἀνήρ@ndmsc οὐ@b τε@x γυνή@ndfsc πολύς@anafs- γάρ@b ἀφροσύνη@nafsc καί@cs παραποδισμός@namsc ὁ@dgfp χρεώ@ngfpc σημαίνω@vipa3s οὗτος@rpgnp γάρ@b καί@b ὁ@dnfs μέθη@nnfsc εἰμί@vipa3s αἰτία@nnfsc ἀγαθός@annns- δέ@b ὁ@dnns μεθύω@vnpa-- ὁ@ddmp φοβέω@vppedmp ἀνεπιστρεπτέω@vipa3p γάρ@b καί@cs οὐ@b φοβέω@vipe3p ὁ@dnmp μεθύω@vppanmp"
"Oneir._3.43","φοβέω@nanpp οὐδείς@rpdms ἀγαθός@annns- ἐπεί@cs ὁ@dnms φοβέω@vppenms ἀντέχω@vnpa-- μέν@b πρός@p οὐ@b δέ@cs εἷς@ δύναμαι@vipe3s καταπροδίδωμι@vpaanms δέ@b καί@cs ὁ@dafs ψυχή@nafsc καί@cs ὁ@dans σῶμα@nansc πρός@p πᾶς@ananp- ἐπιτήδειος@anansc ἑαυτοῦ@rpams παρέχω@vipa3s ὥστε@cs ταχύς@anansc πάσχω@vnaa-- ὅς@rpans ἄν@b μάλιστα@b φοβέω@vspe3s"
"Oneir._3.44","ἐπιστολή@nafsp εἰ@cs μέν@b τις@rpnms εἶδον@voaa3s καί@b ὁ@danp ἐν@p αὐτός@rpdfs γράφω@vpreanp εἰς@p οὗτος@rpans ἀποβαίνω@vipa3s ὅς@rpans τις@anans- ἄν@b ὁ@danp γράφω@vpreanp εἶπον@vsaa3s εἰ@cs δέ@b μή@cs πάντως@b εἰμί@vipa3s ἀγαθός@annfs- ἴδιος@annns- γάρ@b πᾶς@angfs- ἐπιστολή@ngfsc ὁ@dnns χαίρω@vmpa2s καί@cs ̔@ ῥώννυμι@anams- λέγω3@vnpa--"
"Oneir._3.45","κήλη@nnfsp ζημία@ngfsc εἰμί@vipa3s σημαντικός@annfs- οὗτος@rpnns μέν@b διά@p ὁ@dans ἰσόψηφος@anans- οὗτος@anans- δέ@cs ὅτι@cs καί@b πᾶς@annnp- ὅσος@rpnnp ἐπιφύω@vipe3s ὁ@ddns σῶμα@ndnsc μή@b τε@b κάλλος@nansc μή@b τε@cs ἰσχύς@nafsc προστίθημι@vppannp ἀλλά@cs καί@b ὁ@dgfs εἰμί@vppagfs εὐπρέπεια@ngfsc παραιρέω@vppennp ὁ@dnns σῶμα@nnnsc βλάβη@ngfsc καί@cs φροντίς@ngfsc εἰμί@vipa3s σημαντικός@annnp- ἐπεί@cs δέ@b πάθος@nnnsc εἰμί@vipa3s ὁ@dnfs κήλη@nnfsc καί@cs οὗτος@rpnns περί@p ὁ@danp αἰδοῖον@nanpc οὐδείς@rpans ἥσσων@anansc καί@cs ὁ@dafs ἐπί@p οὗτος@rpdnp λύπη@nafsc σημαίνω@vipa3s καί@cs ἀνία@nafsc περί@p ὅς@rpgnp ἀκριβής@b ἐν@p ὁ@ddns πρῶτος@andns- βιβλίον@ndnsc ἐν@p ὁ@ddms περί@p σῶμα@ngnsc λόγος@ndmsc ἐρῶ@vira1s"
"Oneir._3.46","ὅς@rpans τις@anans- δέ@b ἄν@b ἐκ@p ὁ@dgns σῶμα@ngnsc φυτόν@nnnsc φύω@vnra-- δόξα@vsaa3s τις@rpnms ὡς@cs μέν@b ἔνιοι@annmp- λέγω3@vipa3p θνῄσκω@vite3s γῆθεν@b γάρ@b φύω@vipe3s ὁ@dnnp φυτόν@nnnpc εἰς@p γῆ@nafsc δέ@b καί@cs ὁ@danp ὁ@dgmp ἀποθνήσκω@vpaagmp ἀναλύω@vipe3s σῶμα@nnnpc ὡς@cs δέ@b ἐγώ@rpnms φημί@vipa1s ὁ@dafp κρίσις@nafpc δεῖ@vipa3s ποιέω@vnpe-- μή@b αὐτός@rpans μόνος@b ἀπό@p ὁ@dgnp φυτόν@ngnpc ἀλλά@cs καί@b ἀπό@p ὁ@dgnp μέρος@ngnpc ἐκ@p ὅς@rpgnp φύω@vipe3s ὁ@dnnp φυτόν@nnnpc πολλάκις@b γάρ@b οὐ@b αὐτός@rpnms ὁ@dnms εἶδον@vpaanms ἀποθνῄσκω@viaa3s ἀλλά@cs ὁ@dnns δείκνυμι@vppenns ὑπό@p ὁ@dgns μέρος@ngnsc ἐν@p ὅς@rpdns εἰμί@viia3s ὁ@dnns φυτόν@nnnsc εἰμί@vipa3s δέ@b τις@annfs- καί@b περί@p αὐτός@ananp- ὁ@danp φυτόν@nanpc διαφορά@nnfsc ὡς@cs ἐνίοτε@b μή@b θάνατος@namsc ποιέω@vnpa-- ἀλλά@cs τομή@anafp- καί@cs χειρουργία@nafpc οὗτος@rpnns δέ@b ἄν@b συμβαίνω@vopa3s ἀπό@p ὁ@dgnp ἑκάστοτε@b τέμνω@vppegnp οἷος@rpans ἄμπελος@angns- καί@cs ὁ@dgnp ὅμοιος@angnp- οἶδα@vira1s γοῦν@b τις@rpacs ὅς@rpnms δοκέω@viaa3s ἐκ@p ὁ@dgfs κεφαλή@ngfsc αὐτός@rpgms φύω@vnra-- ἄμπελος@nafsc καί@cs αὐτός@rpnns μόνος@annns- σταφυλοτομέω@viap3s"
"Oneir._3.47","ψώρα@nnnpp δέ@b καί@cs λέπρα@nnnpc καί@cs ἐλέφας@nnnpc ἐπίσημος@anampc τε@cs καί@cs ἔνδοξος@anampc ὁ@damp πένης@nampc ποιέω@vipa3p διά@p ὁ@dafs εὐπορία@nafsc καί@b γάρ@b ὁ@dnnp πάθος@nnnpc οὗτος@annnp- ἀποβλέπω@anamp- ὁ@damp ἔχω@vppaamp ποιέω@vipa3s ὁ@danp δέ@b κρυπτός@ananp- ἐλέγχω@vipa3p διά@p ὁ@dams αὐτός@anams- λόγος@namsc ὁ@ddmp δέ@cs πλούσιος@andmp- καί@cs ὁ@ddmp μέγας@anans- δύναμαι@vppedmp ἀνήρ@ndmpc ἀρχή@nafpc περιποιέω@vipa3p ἀεί@b δέ@b ἀγαθός@anans- αὐτός@rpams ἔχω@vnpa-- δοκέω@vnpa-- ψώρα@nafsc ἤ1@cs λέπρα@nafsc ἤ1@cs ἐλέφας@namsc τις@rpans τοιοῦτος@rpans πάθος@nansc οἷος@rpans ἀλφός@nampc ἤ1@cs λειχήν@nampc ὁ@dans δέ@x ἄλλος@anams- ἔχω@vppaams εἶδον@vnaa-- λύπη@nafsc καί@cs φροντίς@nafsc σημαίνω@vipa3s πᾶς@annns- γάρ@b εἰδεχθής@vpapnns καί@cs δυσπρόσωπος@annns- ὁράω@vpapnns συνάγω@vipa3s ὁ@dafp ψυχή@nafpc ὁ@dgmp ὁράω@vppagmp καί@cs συστέλλω@vipa3s ἄτοπος@annnsc δέ@b ἄν@b εἰμί@vopa3s ὁ@dgnp οἰκεῖος@angmp- τις@rpams εἶδον@vnaa-- τοιοῦτος@rpdns συνόχωκα@vpamans πάθος@ndnsc εἰ@cs μέν@b γάρ@b οἰκέτης@nnmsc ὁ@dgms εἶδον@vpaagms εἰμί@vopa3s ἄχρηστος@annms- εἰς@p ὑπηρεσία@nafsc εἰμί@vifm3s αὐτός@rpdms εἰ@cs δέ@b παῖς@nnmsc οὐ@b φυλάσσω@vifa3s ὁ@dans κατά@p γνώμη@nafsc ὁ@dgms πατήρ@ngmsc ζάω@vnpa-- εἰ@cs δέ@cs γυνή@nnfsc πάντως@b ἐπί@p ὁ@ddnp πράσσω@vppednp ὑπό@p αὐτός@rpgfs αἰσχύνω@vifm3s ὁ@ddmp δέ@b ἐκ@p ὄχλος@ngmsc πορίζω@vppedmp συμφέρω@vipa3s καί@cs περί@p ὁ@dgnp ἄλλος@rpgmp δέ@b κατά@p ἀναλογία@nafsc κρίνω@vnpa-- χρή@vipa3s"
"Oneir._3.48","βάλλω@vnpa-- λίθος@ndmpc τις@rpacs κακός@b εἶπον@vnaa-- τις@rpacs σημαίνω@vipa3s βάλλω@vnpe-- δέ@b λίθος@ndmpc ὑπό@p τις@rpgcs κακός@b ἀκούω@vnfm-- προαγορεύω@vipa3s ἔοικα@vira3p γάρ@b ὁ@dnmp λίθος@nnmpc λόγος@ndmpc ἀπρεπής@andmp- καί@cs μάχιμος@andmp- πολλάκις@b δέ@b ὁ@dans βάλλω@vnpe-- λίθος@ndmpc καί@cs ἀποδημία@nafsc προαγορεύω@viaa3s δεῖ@vipa3s γάρ@x ὡς@b ἔοικα@vpranns ὁ@dams βάλλω@vppeams φεύγω@vnaa-- ἐπειδάν@cs δέ@b πολύς@annmp- εἰμί@vspa3p ὁ@dnmp βάλλω@vppanmp ἀγαθός@annmp- τηρέω@vire3p μόνος@andmp- ὁ@ddmp ἐκ@p ὄχλος@ngmsc πορίζω@vppedmp"
"Oneir._3.49","τέττιξ@nnmpp ἀνήρ@nampc σημαίνω@vipa3p μουσικός@anamp- διά@p ὁ@dafs περί@p αὐτός@rpamp ἱστορία@nafsc ἐν@p δέ@b ὁ@ddfp χρεία@ndfpc ὁ@damp οὐδείς@rpans ὠφελέω@vppaamp ἤ1@cs αὐτός@rpans μόνος@anans- περί@p ὁ@dgnp πρᾶγμα@ngnpc λέγω3@vppaamp καί@cs μιμνήσκω@vpreamp ἐν@p δέ@cs ὁ@ddmp φόβος@ndmpc ὁ@damp αὐτός@rpans μόνος@anans- ἀπειλέω@vppaamp οὐδείς@rpans δέ@cs δύναμαι@vppeamp δράω@vnaa-- οὐδείς@rpans γάρ@b ὁ@dnmp τέττιξ@nnmpc πλήν@p φωνή@nafsc ἔχω@vipa3p ὁ@damp δέ@b νοσέω@vppaamp δίψα@ndfsc συγκλείω@vnap-- λέγω3@vipa3p καί@cs πάντως@b ἀποθνῄσκω@vnfm-- τροφή@ngfsc γάρ@b οὐ@b μέτειμι@vipa3s αὐτός@rpdmp"
"Oneir._3.50","σκίλλα@nnfsp γεωργός@andmp- μέν@b ἀφορία@ngfsc εἰμί@vipa3s σημαντικός@annfs- διά@p ὁ@dans μηδείς@rpans ἐδώδιμος@anans- ἔχω@vnpa-- ποιμήν@ndmpc δέ@cs ἀγαθός@annfs- ὅτι@cs φύσις@ndfsc συμβαίνω@vira3s αὐτός@rpafs λύκων@ngmpc εἰμί@vnpa-- φθαρτικός@anafs- ἀγαθός@annfs- δέ@b ἄν@b εἰμί@vopa3s πᾶς@andmp- ὁ@ddmp ἐν@p φροντίς@ndfsc καί@cs λύπη@ndfsc εἰμί@vppadmp καθάρσιος@annms- γάρ@x εἰμί@vnpa-- νομίζω@vire3s ὁ@ddmp δέ@b εὖ@b πράσσω@vppadmp δεῖμα@ngnpc ἐπαγωγός@nnmsc καί@cs φροντίς@ngfpc εἰμί@vppanfs τηρέω@vire3s οὐ@b γάρ@x δεῖ@vipa3s καθαρμός@ngmsc ὁ@ddmp μή@b ἐν@p περίστασις@ndfsc τις@rpdfs εἰμί@vppadmp ἀσφόδελος@nnmsp ὁ@ddfs σκίλλα@ndfsc κατά@p ὁ@danp αὐτός@rpanp καί@cs ὡσαύτως@b ἀποβαίνω@vipa3s μόνος@anamp- δέ@b ὁ@damp νοσέω@vppaamp ἀναιρέω@vipa3s ὡς@cs πολλάκις@b τηρέω@viaa1s ὁ@dafs δέ@b αἰτία@nafsc σαφής@b μέν@b εἶπον@vnaa-- οὐ@b ἔχω@vipa1s ἔοικα@vpranns δέ@cs ὅτι@cs νομίζω@vire3s ὁ@dans ἐν@p ᾅδης@ngmsp πεδίον@nansc ἀσφόδελος@angnp- εἰμί@vnpa-- πλήρης@anans-"
"Oneir._3.51","πάσχω@vnpa-- δέ@b δοκέω@vnpa-- ὁ@danp αὐτός@rpanp ἄλλος@rpdms ὅστις@rpd-s γνώριμος@andms- οἷος@rpans ὁ@dams αὐτός@rpams πούς@namsc ἤ1@cs ὁ@dafs αὐτός@rpafs χείρ@nafsc ἤ1@cs ἄλλος@rpans τις@rpans μέρος@nansc ὁ@dgns σῶμα@ngnsc ὁ@dans αὐτός@rpans πάσχω@vnpa-- καί@cs ὅλος@b συννοσέω@vnpa-- ἤ1@cs συναλγέω@vnpa-- κοινωνέω@vnaa-- σημαίνω@vipa3s ὁ@dgnp ἁμάρτημα@ngnpc ἐκεῖνος@rpdms ὁ@dnnp μέν@b γάρ@b νόσημα@nnnpc ὁ@dgns σῶμα@ngnsc καί@cs ὁ@dnfp ὁ@dgnp μέρος@ngnpc πηρόω@nnfpc ἔοικα@vira3p ὁ@ddfp ὁ@dgfs ψυχή@ngfsc ἀκολασία@ndfpc καί@cs ἄλογος@andfp- ἐπιθυμία@ndfpc ὁ@dnms δέ@b ὁ@danp αὐτός@rpanp πάσχω@vppanms εἰκότως@b ἄν@b συνεξαμαρτάνω@vopa3s οἶδα@vira1s δέ@b τις@rpacs πηρός@namsc ὁ@ddms δεξιός@andms- πούς@ndmsc ὅς@rpnms δοκέω@viaa3s ὁ@dams οἰκέτης@namsc αὐτός@rpgms ὁ@dams αὐτός@anams- πούς@namsc πηρός@anams- ἔχω@vnpa-- καί@cs ὅμοιος@b σκάζω@vnpa-- καί@b δή@b καταλαμβάνω@viaa3s αὐτός@rpams ἐπί@p ὁ@ddfs ἐρώμενος@ndfsc ὅς@rpgfs αὐτός@rpnms ἡττάω@viie3s καί@b οὗτος@rpnns εἰμί@viia3s ὅσπερ@rpans προαγορεύω@viaa3s αὐτός@rpdms ὁ@dnns ὄναρ@nnnsc συνεξαμαρτάνω@vnpa-- αὐτός@rpdms ὁ@dams οἰκέτης@namsc"
"Oneir._3.52","κόπριον@nanpp συνάγω@vnpa-- ἀγαθός@annns- ὁ@ddmp ἐκ@p ὄχλος@ngmsc πορίζω@vppedmp καί@cs ὁ@ddmp ὁ@dafp ῥυπώδης@anafp- ἐργασία@nafpc ἐργάζομαι@vppedmp ἐκ@p πολύς@angnp- γάρ@b περισσευμα@ngnpc ὁ@dnnp κόπριον@nnnpc γίγνομαι@vipe3s καί@cs ὑπό@p πολύς@angmp- ῥίπτω@vipe3s ἀγαθός@annns- δέ@b καί@b ὁ@ddmp ὁ@danp δημόσιος@ananp- ἐργολαβέω@vppadmp μισθόω@vppedmp ἀγαθός@annns- δέ@x καί@b ἐπί@p κοπρία@ndfsc καθεύδω@vnpa-- ἀνήρ@ndmsc πένης@ndmsc πολύς@ananp- γάρ@b κτάομαι@vifm3s καί@cs περιβάλλω@vifm3s χρῆμα@nanpc πλούσιος@andms- δέ@b ὁ@dnns ὄναρ@nnnsc ἀρχή@ngfsc εἰμί@vipa3s περιποιητικός@annns- ἤ1@cs τιμήεις@ngfsc δημόσιος@angfs- ἐπεί@cs πᾶς@annmp- ὁ@dnmp δημότης@nnmpc ὁ@ddfs κοπρία@ndfsc προσφέρω@vipa3p τις@rpans καί@cs προσβάλλω@vipa3p ὥσπερ@cs καί@b ὁ@ddmp ἄρχω@ndmpc συντελέω@vppadmp τις@rpans καί@cs δίδωμι@vipa3p προσχέω@vnpe-- δέ@b κόπριον@nanpc ὑπό@p τις@rpgcs γνώριμος@angms- οὐ@b ἀγαθός@annns- ἔχθρα@nafsc γάρ@b καί@cs διχόνοια@nafsc καί@cs ἀδικία@nafsc ὑπό@p ὁ@dgms προσχέω@vppagms σημαίνω@vipa3s αὐτός@rpams δέ@b ἄλλος@rpdms κόπριον@ananp- προσρίπτω@vnpa-- βλάβη@nafsc πολύς@anafs- προαγορεύω@vipa3s"
"Oneir._3.53","προσευχή@nnfsp καί@b μεταίομαι@nnmpc καί@cs πᾶς@annmp- ἄνθρωπος@nnmpc προίκτης@nnmpc καί@b οἰκτρός@nnmpc καί@cs πτωχός@nnmpc λύπη@nafsc καί@b φροντίς@nafsc καί@cs τηκεδών@nafsc ὁ@dgfs ψυχή@ngfsc καί@b ἀνήρ@ndmsc καί@cs γυνή@ndfsc προαγορεύω@vipa3p οὗτος@rpans μέν@b γάρ@b οὐδείς@rpnms ἄπειμι1@vipa3s εἰς@p προσευχή@nafsc μή@b οὐ@b φροντίζω@vppanms οὗτος@rpans δέ@b καί@b ὁ@dnmp μεταίομαι@nnmpc πάνυ@b εἰδεχθής@annmp- εἰμί@vppanmp καί@b ἄπορος@annmp- καί@cs μηδείς@rpans ἔχω@vppanmp ὑγιής@anans- ἐμποδών@b ἵστημι@vipe3p πᾶς@andfs- προαίρεσις@ndfsc εἰμί@vipa3s δέ@b οὗτος@rpnns καθόλου@b καί@b ἐπί@p πᾶς@angnp- ἄπταιστος@annns- ὁ@dnmp ἀγνοέω@vppenmp ἄνθρωπος@nnmpc εἰκών@nnfpc εἰμί@vipa3p ὁ@dgnp ἀποβαίνω@vpfmgnp ἕκαστος@andms- πρᾶγμα@ngnpc ὁ@dnmp δέ@cs μεταίομαι@nnmpc ὁμοῖος@anafp- καί@cs αὐτός@rpnmp ὁ@dafp περί@p αὐτός@rpamp φαντασία@nafpc καί@cs ὁ@dafp πρᾶξις@nafpc ὁ@ddmp ὁράω@vppadmp εἰμί@vnfm-- σημαίνω@vipa3p λαμβάνω@vpaanmp δέ@b τις@anans- νόμισμα@nansc βλάβη@nafsc μέγας@anafs- καί@cs ἐπικίνδυνος@anafs- προαγορεύω@vipa3p πολλάκις@b δέ@cs καί@b θάνατος@namsc αὐτός@rpdms ὁ@ddms ἐπιδίδωμι@vppadms τις@rpdms ὁ@dgmp περί@p αὐτός@rpams ἔοικα@vira3p γάρ@b θάνατος@ndmsc ἐπεί@cs μόνος@annmp- ἄνθρωπος@ngmpc ὥσπερ@cs ὁ@dnms θάνατος@nnmsc οὐδείς@rpans λαμβάνω@vpaanmp ἀποδίδωμι@vipa3p μεταίομαι@vppanmp δέ@b εἰς@p οἰκία@nafsc εἰσέρχομαι@vppenmp ὁ@dgfs οἰκία@ngfsc ἀμφισβητέω@vnaa-- τις@rpdcs σημαίνω@vipa3p καί@cs ἐάν@cs τις@rpans λαμβάνω@vsaa3p ἤ1@cs αὐτός@rpnmp βία@ndfsc χράω2@vpamnmp ἤ1@cs παρέχω@vppagms τις@rpgcs βλάβη@nafsc ὑπερβάλλω@vppaafs τις@anafs- σημαίνω@vipa3p ὁ@dans δέ@b αὐτός@rpans καί@b εἰς@p χωρίον@nansc εἰσέρχομαι@vppanmp σημαίνω@vipa3p"
"Oneir._3.54","κλείς@nnfsp ὄναρ@nansc ὁράω@vppenfs γαμέω@vnaa-- μέν@b προαιρέω@vpredms πιστός@anafs- καί@cs οἰκουρός@anafs- εἰμί@vnfm-- ὁ@dafs γυνή@nafsc σημαίνω@vipa3s καί@cs ὁ@ddms θεράπαινα@nafsc ὠνέομαι@vnam-- βούλομαι@vppedms εὔνους@anams- εἰμί@vnfm-- ὁ@dafs θεράπαινα@nafsc προαγορεύω@vipa3s ἀποδημέω@vnpa-- δέ@b κωλύω@vipa3s ἀποκλεισμός@ngmsc καί@cs κατοχή@ngfsc εἰμί@vppanfs σημαντικός@annfs- οὐ@b γάρ@b ἐπί@p ὁ@ddns ἀνοίγνυμι@vnpe-- ἀλλά@cs ἐπί@p ὁ@ddns κλείω@vnpe-- ὁ@dafp θύρα@nafpc γίγνομαι@vira3s ὁ@dnfs κλείς@nnfsc ἐπεί@cs οὐ@b ἄν@b δεῖ@viia3s κλείς@ngnsc οὐδέ@b θύρα@ngfpc νυνί@b δέ@b ἐπειδάν@cs μή@b πάρειμι@vspa3s ὁ@dnms φυλάζω@vpfanms τότε@b ὁ@dgfs κλείς@ngfsc ὁ@dnfs χρεία@nnfsc γίγνομαι@vipe3s καί@cs κλείω@vpregfp ὁ@dgfp θύρα@ngfpc εἰκότως@b οὖν@b ἐμποδών@b γίγνομαι@vipe3s ὁ@ddmp ἀποδημέω@vnpa-- βούλομαι@vppedmp ὁ@ddmp δέ@b ἐπιστατεύω@vnpa-- ἐθέλω@vppadmp καί@cs διέπω@vnpa-- ὁ@danp ἀλλότριος@ananp- πίστις@ngfsc εἰμί@vipa3s σημαντικός@annfs-"
"Oneir._3.55","ψηφοπονέω@vnpa-- δοκέω@vnpa-- οὐ@b ἐπίσταμαι@vppeams πολύς@ananp- ὠφελέω@vnap-- σημαίνω@vipa3s παραλογίζομαι@vppeams καί@cs ψεύδω@vppeams διά@p ὁ@dans πολύς@anafp- ψῆφος@nafpc κλέπτω@vnpa-- καί@cs οὗτος@rpafp ἄλλοτε@b ἄλλως@b δείκνυμι@vnpa-- οὐ@b κατά@p τις@rpams ἁπλόος@anams- τρόπος@namsc ἀλλά@cs πάνουργος@b εἶδον@vnaa-- δέ@b ψηφοπαθέω@vppaams τις@rpams παραλογίζομαι@vpapams καί@cs ἐξαπατάω@vpapams βλάπτω@vnap-- σημαίνω@vipa3s"
"Oneir._3.56","μάγειρος@nnmsp ὁ@dnms μέν@b κατά@p οἶκος@namsc ἀγαθός@annms- ὁράω@vipa1s μένω@nnmsc ὁ@ddmp γαμέω@vnaa-- προαιρέω@vpredmp δεῖ@vipa3s γάρ@x ἐν@p γάμος@ndmpc μάγειρος@ngmsc καί@b ὁ@ddmp πένης@ndmpc ὁ@dnmp γάρ@b ἐκτείνω@anafp- τροφή@nafpc ἔχω@vppanmp οὗτος@rpnmp μάγειρος@ndmsc χράω@vipe3p ὁ@ddmp δέ@b νοσέω@vppadmp παροξυσμός@nampc σημαίνω@vipa3s καί@b φλεγμονή@nafpc καί@cs ποικίλος@anafs- δυσκρασία@nafsc ἀπό@p ὅς@rpgmp χυμός@nnmpc γίγνομαι@vipe3p δριμύς@annmp- ὡς@cs φημί@vipa3p ὁ@dnmp περί@p οὗτος@rpanp δεινός@annmp- τέλος@nansc δέ@b καί@cs δάκρυον@nnnpc διά@p ὁ@dams ὑπό@p ὁ@dgms μάγειρος@ngmsc γίγνομαι@vppeams καπνός@namsc καί@b ὁ@danp κρυπτός@ananp- ἐλέγχω@vipa3s καί@cs ὁ@danp λάθρῃ@nanpc γίγνομαι@vppeanp εἰς@p μέσος@anans- ἄγω@vipa3s ἐπεί@cs ὁ@dnnp ἔργον@nnnpc ὁ@dgms μάγειρος@ngmsc εἰς@p μέσος@anans- κομίζω@vpapnnp παρατίθημι@vipe3s ὁ@ddmp εὐωχέω@vppedmp καί@cs φαίνω@vipe3s οἷος@annnp- εἰμί@vipa3s ὁ@dnmp δέ@b ἐν@p ἀγορά@ndfsc μάγειρος@nnmpc ὁ@dnmp ὁ@danp κρέας@nanpc κατακόπτω@vppanmp καί@cs πιπράσκω@vppanmp κίνδυνος@ngmpc εἰμί@vipa3p σημαντικός@annmp- καί@b ὁ@damp νοσέω@vppaamp ταχύς@anans- ἀναιρέω@vipa3p ἐπεί@cs νεκρός@angnp- ἅπτω@vipe3p σῶμα@ngnpc καί@cs οὗτος@rpanp οὐ@b ὁλόκληρος@ananp- οὐδέ@b ὑγιής@ananp- ἐάω@vipa3p ἀλλά@cs κατακόπτω@vipa3p πλούσιος@andmp- δέ@b καί@b βλάβη@ngfsc πρός@p ὁ@ddmp κίνδυνος@ndmpc εἰμί@vipa3p σημαντικός@annmp- διά@p ὁ@dans ὁ@ddms δῆμος@ndmsc διανέμω@vnpa-- ὁ@dams τοιοῦτος@anams- μάγειρος@namsc ὁ@danp κρέας@nanpc οὗτος@rpnns καί@b ὁ@ddmp φοβέω@vppedmp στερρός@anamsc ἐπάγω@vipa3s ὁ@dams φόβος@namsc δάνειον@nanpc δέ@b καί@cs δεσμός@nanpc διαλύω@vipa3s διά@p ὁ@dans διαιρέω@vnpa-- καί@cs διακόπτω@vnpa--"
"Oneir._3.57","πανδοκεύς@nnmsp ὁ@ddmp μέν@x νοσέω@vppadmp θάνατος@namsc σημαίνω@vipa3s ἔοικα@vira3s γάρ@b θάνατος@ndmsc διά@p ὁ@dans πᾶς@anamp- δέχομαι@vnpe-- ὁ@ddmp δέ@b λοιπός@andmp- πᾶς@andmp- θλῖψις@nafpc καί@b στενοχωρία@nafpc καί@b κίνησις@nafpc καί@cs ἀποδημία@nafpc προαγορεύω@vipa3s καί@b ὁ@dnms λόγος@nnmsc φανερός@annms- τίς@rpans γάρ@b δεῖ@vipa3s ὁ@danp οὕτως@b σαφής@ananp- ἑρμηνεύω@vnpa-- ὁ@dnnp δέ@b αὐτός@rpnnp ὁ@ddms πανδοκεύς@vipa3s καί@cs ὁ@dans πανδοκεῖον@nansc σημαίνω@vipa3s"
"Oneir._3.58","τελώνης@ngfsp ἀγαθός@annms- ὁ@ddms χρεία@nafsc ὁστισοῦν@rpafs ἀπαρτίζω@vnaa-- βούλομαι@vppedms καί@cs τελειόω@vnaa-- ἀπό@p γάρ@b ὁ@dgns τέλος@ngnsc ὁ@dnns συμπέρασμα@nnnsc ἕκαστος@angfs- χρεία@ngfsc προαγορεύω@vipa3s καί@b ὁ@ddnp κινέω@vnpe-- προαιρέω@vprednp μένω@vppedmp ἀεί@b γάρ@b πρός@p ὁ@ddfp ἔξοδος@ndfpc ἵστημι@vira3s μικρός@anafp- κατοχή@nafpc προαγορεύω@vpaanms ὁ@dans λοιπός@anans- ἐπιτρέπω@vipa3s κινέω@vnpe-- καί@cs πᾶς@andfs- ἀποδημία@ndfsc χράω@vnpe-- νοσέω@vppadmp δέ@b θάνατος@namsc προαγορεύω@vipa3s ̔@danp τελευτή@nafsc γάρ@x καί@cs ὁ@dams θάνατος@namsc καλέω@vipa1p πρός@p γάμος@nampc δέ@b καί@cs κοινωνία@ngfsc εὔνους@anafp- μέν@b εἰμί@vnpa-- λέγω3@vipa3s ὁ@damp κοινωνός@nampc καί@cs ὁ@dafp γυνή@nafpc στασιώδης@anafp- δέ@cs καί@cs μάχιμος@anafp- διά@p ὁ@dafp γίγνομαι@vppeafp ἑκάστοτε@b περί@p ὁ@dgnp τέλος@ngnpc ἀμφισβήτησις@nafpc ὁ@dans δέ@b εὔνους@anans- αὐτός@rpgmp καί@cs πιστός1@anans- ἀπό@p ὁ@dgns φυλακτικός@angns- εἰμί@vipa3s τεκμαίρομαι@vnam--"
"Oneir._3.59","λευκεύς@nnfsp ὁ@ddmp μέν@x φοβέω@vppedmp εἰμί@vipa3s πονηρός@annfs- στερρός@anamsc γάρ@b καί@cs φορτικός@anamsc ἐπάγω@vipa3s ὁ@dams φόβος@namsc καί@cs ὁ@ddmp δοῦλος@ndmpc βάσανος@nafpc καί@cs θλῖψις@nafpc προαγορεύω@vipa3s καί@cs ἐλεύθερος@angnp- ὁ@ddmp πένης@ndmpc πλήν@p ὁ@dgmp ἔχω@vppagmp ἐκ@p αὐτός@rpgfs ἤ1@cs διά@p αὐτός@angfs- ὁ@dafs ἐργασία@nafsc καί@cs γάρ@b κόπτω@vipe3s καί@cs καταπτύω@vipe3s ὁ@ddmp δέ@b ἐν@p τρυφή@ndfsc διάγω@vppadmp θλῖψις@nafpc καί@cs στενοχωρία@nafpc σημαίνω@vipa3s καί@cs ὁ@damp ἀπόδημος@anamp- ἐπανάγω@vipa3s μάλιστα@b γε@b ὅταν@cs διαπόντιος@annmp- εἰμί@vspa3p καί@b γάρ@b αὐτός@rpnfs διαπόντιος@annfs- κομίζω@vipe3s λίνον@namsc δέ@b πρός@p γάμος@namsc καί@cs κοινωνία@nafsc ἀγαθός@anams- διά@p ὁ@dafs πλοκή@nafsc καί@cs πρός@p ὁ@danp ἐλπίζω@vppeanp διά@p ὁ@dafs ἐκ@p αὐτός@rpgns γίγνομαι@vppeafs ἀρκυοστασία@nafsc καί@b ὁ@dafp νεφέλη@nafpc καί@cs ὁ@danp ὅμοιος@ananp- ὅς@rpdnp ὁ@dnmp ἄνθρωπος@nnmpc ὁ@danp ἄπωθεν@b καί@cs μακράν@b θηράω@vipa3p πρός@p δέ@b ὁ@danp λοιπός@ananp- ὁ@dnnp αὐτός@rpnnp μέν@b ὁ@ddfs λευκέη@andfs- σημαίνω@vipa3s ἥσσων@annnpc δέ@b ὁ@ddfs δύναμις@ndfsc κάνναβις@nnfsc δέ@b ὑπερεπιτείνω@vipa3s ὁ@danp σημαίνω@vppeanp ὑπό@p ὁ@dgfs λευκός@ngfsc καί@cs ὁ@dgms λίνος@ngmsc καί@cs βάσανος@nafpc ὑπερβάλλω@vppaafp τις@rpamp σημαίνω@vipa3s καί@cs δεσμός@nanpc εὔτονος@ananp- λύω@vpapnfs μέντοι@b πᾶς@angnp- ἀπαλλάσσω@vipa3s οἶδα@vnra-- δέ@b χρή@vipa3s ὅτι@cs ἕκαστος@annns- οὗτος@rpgnp ὁ@ddmp ἐμπορεύομαι@vppedmp καί@b ὁ@ddmp πιπράσκω@vppadmp καί@cs ὁ@ddmp ἐκ@p αὐτός@rpgmp ἤ1@cs διά@p αὐτός@rpgmp ἐργάζομαι@vppedmp οὐδείς@rpans ἀποτρόπαιος@anans- προαγορεύω@vipa3s"
"Oneir._3.60","φυλάσσω@vnpe-- ὑπό@p τις@rpgcs κατέχω@vppeams βία@ndfsc ἐμποδισμός@nampc ὁ@dgfp χρεώ@ngfpc καί@cs κατοχή@nafpc καί@cs παρολκή@nafpc ἐν@p ὁ@ddfp προθεσμία@ndfpc καί@cs ἐπίτασις@nafsc ἐν@p ὁ@ddfp νόσος@ndfpc προαγορεύω@vipa3s ὁ@ddmp δέ@b ἔσχατος@b ἔχω@vipa3p σωτηρία@nafsc φυλακή@nafsc μέν@b γάρ@b καί@b παρατήρησις@nafsc καί@cs μονή@nafsc ὁ@dgnp εἰμί@vppagnp ὁ@dafs ζωή@nafsc καλέω@vipa1p ὁ@dnns δέ@cs ἐναντίον@annns- οὗτος@rpdnp λύσις@nafsc καί@cs ἀπώλεια@nafsc οὗτος@rpnns εἰμί@vipa3s ὁ@dams θάνατος@namsc εἰς@p δέ@b ὁ@dans δεσμωτήριον@nansc καί@cs ὁ@dafs εἱρκτή@anafs- εἰσέρχομαι@vnaa-- ἑκών@anams- βία@nnfsc πρός@p τις@rpgmp εἰσάγω@vnap-- νόσος@nafsc ἰσχυρός@anafs- ἤ1@cs λύπη@nafsc μέγας@anafs- προαγορεύω@vipa3s δήμιος@annmp- δέ@b καί@cs δεσμοφύλαξ@nnmpc κατοχή@ngfsc καί@cs λύπη@ngfsc εἰμί@vipa3p σημαντικός@annmp- κακοῦργος@anamp- δέ@b δεσμεύω@vipa3p καί@cs ὁ@danp κρυπτός@ananp- ἐλέγχω@vipa3p ὁ@ddmp γάρ@b ἐλέγχω@andmp- -@anafdc νοι@andmp- καί@cs κατάφορος@andmp- γίγνομαι@vpradmp πρόσειμι1@vipa3p"
"Oneir._3.61","παννυχίς@nnfpp δέ@b καί@cs ἑορτή@nnfpc νυκτερινός@annfp- καί@cs μετά@p ἀγρυπνία@ngfsc εὐφροσύνη@nnfpc πρός@p γάμος@nampc καί@cs κοινωνία@ngfsc εἰμί@vipa3p ἀγαθός@annfp- καί@cs ὁ@ddmp πένης@ndmpc εὐπορία@ngfsc καί@cs προσποίησις@ngfsc εἰμί@vipa3p σημαντικός@annfp- καθότι@cs καί@cs ὁ@ddmp λυπέω@vppedmp καί@cs ὁ@ddmp φοβέω@vppedmp ἄφοβος@annfp- καί@cs ἄλυπος@annfp- τηρέω@vire3p οὐ@b γάρ@b ἔνειμι@vipa3s παννυχίζω@vnpa-- μή@b οὐ@b ἐν@p πολύς@andfs- εὐφροσύνη@ndfsc εἰμί@vppaamp μοιχός@nampc δέ@b καί@cs μοιχεύω@vppeafp καταφανής@anafp- μέν@b τίθημι@vipa3s κολάζω@vipa3s δέ@cs οὐδαμῶς@b ἐπεί@cs ὁ@dnnp πράσσω@vppennp ἐν@p ὁ@ddfp παννύχιος@andfp- γνώριμος@annnp- μέν@b ὁ@ddmp συναναστρέφω@vppedmp εἰμί@vipa3s κἄν@ ἀκόλαστος@annnp- εἰμί@vspa3s τρόπος@namsc δέ@b τις@rpacs συγχωρέω@vipe3s ὁ@ddmp δέ@b ἐν@p εὐπορία@nnfdc καθίστημι@vpradmp καί@cs ὅς@rpdmp εἰμί@vipa3s ἐπίλαμπρος@annms- ὁ@dnms βίος@nnmsc ταραχή@nafpc καί@cs περιβοησία@nafpc τίθημι@vipa3s ὅς@rpgnp ὁ@dnns τέλος@nnnsc ἄλυπος@annns- ἄν@b γίγνομαι@voam3s"
"Oneir._3.62","ἀγορά@nnfsp ταραχή@ngfsc εἰμί@vipa3s σημαντικός@annfs- καί@cs θόρυβος@ngmsc διά@p ὁ@dams ἐν@p αὐτός@rpdfs ἀγείρω@vppeams ὄχλος@namsc ὁ@ddmp δέ@b ἐν@p ἀγορά@ndfsc ζάω@vppadmp ἄνθρωπος@ndmpc ἀγαθός@annfs- καί@cs ὄχλος@ngmsc πλήθω@vppanfs καί@cs θόρυβος@ngmsc μεστός@annfs- ὁράω@vppenfs ὁ@dnfs δέ@b ἐρῆμος@annfs- καί@cs ἀθόρυβος@annfs- ἀπραξία@nafsc μέν@b οὗτος@rpdmp ὁ@ddmp δέ@b ἄλλος@rpdmp πολύς@anafs- ἀσφάλεια@nafsc προαγορεύω@vipa3s ἀγορά@nnfsc εἰσπαραμένω@vprenfs πᾶς@andns- δήπουθεν@b ἄβατος@annfs- γίγνομαι@vipe3s ὅς@rpnns τις@annns- ἄν@b εἰμί@vspa3s ὁ@dnns ἐν@p αὐτός@rpdfs ἐμπίμπρημι@vprenns λέγω3@vipa3p δέ@b ἔνιοι@annmp- ὁ@dans τοιοῦτος@rpans ὁ@ddfs πόλις@ndfsc ἐν@p μέν@b εὐποτμία@ndfsc λιμός@namsc ἐν@p δέ@b λιμός@ndmsc εὐποτμία@nafsc σημαίνω@vnpa-- θέατρον@nnnpc δέ@b καί@b πλατύς@annfp- καί@b προάστειον@nnnpc καί@b τέμενος@nnnpc καί@b περίπατος@nnmpc καί@cs πᾶς@annnp- ὁ@dnnp κοινός@annnp- ὁ@dams αὐτός@anams- ὁ@ddfs ἀγορά@ndfsc λόγος@namsc ἔχω@vipa3s"
"Oneir._3.63","ἀνδριάς@nnmpp χαλκοῦς@ndmsc κινέω@vppenmp ὁ@dnmp μέν@b μέγας@annmp- σφόδρα@b εὐπορία@ngfsc εἰμί@vipa3p καί@b πρόσοδος@ngfsc καί@cs χαλκός@ngmsc κτῆσις@ngfsc σημαντικός@annmp- διά@p ὁ@dafs ὁ@dgms χαλκός@ngmsc κίνησις@nafsc ὁ@dnmp δέ@b ὑπερμεγέθης@annmp- ὅπως@cs ἄν@b κινέω@vspe3p φόβος@nampc καί@cs κίνδυνος@nampc οὐ@b ὁ@damp τυγχάνω@vpaaamp ἐπάγω@vipa3p φοβερός@annfs- γάρ@b ὁ@dnfs οὗτος@rpgmp κίνησις@nnfsc καί@cs καταπληκτικός@annfs- ὡς@cs ἔοικα@vpranns ὁ@ddmp ὁράω@vppadmp γίγνομαι@vipe3s ὁ@dnmp δέ@b λίθινος@nnmpc καί@cs ὁ@dnmp ἐκ@p ἄλλος@angfs- ὕλη@ngfsc κατά@p ὁ@danp αὐτός@rpanp ὁ@ddnp ὁ@dgmp θεός@ngmpc ἄγαλμα@ndnpc κρίνω@vmpe3p ἔτι@b καί@b ὁ@damp ἐν@p ὁ@ddfs πόλις@ndfsc πρωτεύω@vppaamp ὁ@dnmp ἀνδριάς@nnmpc σημαίνω@vipa3p ὅς@rpans τις@anans- ἄν@b οὖν@b δράω@vspa3p ἤ1@cs πάσχω@vspa3p ὁ@danp αὐτός@rpanp ὁ@damp ἡγέομαι@vppmamp ὁ@dgfs πόλις@ngfsc δράω@vnaa-- πάσχω@vnaa-- προσημαίνω@vipa3p"
"Oneir._3.64","ἀσπάλαξ@nnmsp ἄνθρωπος@namsc τυφλός@anams- ἀπό@p ὁ@dgns συμβαίνω@vpragns σημαίνω@vipa3s καί@cs ματαιοπονία@nafsc διά@p ὁ@dams μάταιος@anams- ὁ@dgns ζῷον@ngnsc πόνος@namsc καί@cs ὁ@dams ἀποκρύπτω@vnpe-- βούλομαι@vppeams σημαίνω@vipa3s ὑπό@p ἑαυτοῦ@rpgms ἐλέγχω@vnap-- καί@cs γάρ@b ὁ@dnms ἀσπάλαξ@nnmsc ὑπό@p ὁ@dgnp ἴδιος@angnp- ἐλέγχω@vppenms ἔργον@ngnpc συλλαμβάνω@vipe3s"
"Oneir._3.65","γλαύξ@nnfsp ἐλεός@annms- βύας@nampc αἰγωλιός@annms- σκὼψ@nnmsc νυκτικόραξ@nnmsc καί@cs προσέτι@b νυκτερίς@nnfsc καί@cs εἰ@cs τις@rpnns ἄλλος@rpnns νυκτερινός@annns- ὄρνεον@nnnsc πρός@p μέν@b ὁ@dafp πρᾶξις@nafpc πᾶς@annnp- εἰμί@vipa3s ἄπρακτος@annnp- πρός@p δέ@cs ὁ@damp φόβος@nampc ἄφοβος@annfs- ὅτι@cs μή@b τε@cs θηρεύω@vipa3s ἐν@p ἡμέρα@ndfsc μή@b τε@cs σαρκοφαγέω@vipa3s ὁ@dnnp νυκτερινός@annnp- ὄρνεον@nnnpc μόνος@annfs- δέ@b νυκτερίς@nnfsc γυνή@ndfpc ἔγκυμος@ εἰμί@vipa3s ἀγαθός@annfs- οὐ@b γάρ@b ᾠοτοκέω@vipa3s ὥσπερ@cs ὁ@dnmp ἄλλος@rpnmp ὄρνις@nnmpc ἀλλά@cs ζωοτοκέω@vipa3s καί@cs γάλα@nansc ἐν@p μαστός@ndmpc ἔχω@vipa3s καί@cs ὁ@damp ἴδιος@anamp- ἐκτρέφω@vipa3s νεοσσός@anamp- ὅς@rpans τις@anans- δέ@b ἄν@b οὗτος@angmp- ὁ@dgmp ὄρνεον@ngmpc τις@rpnms ὁράω@vsaa3s πλέω@angmp- ὁδεύω@vppanms χειμών@ndmsc μέγας@andms- ἤ1@cs ληιστής@ndmpc περιπίπτω@vifm3s εἰσοικίζω@vppennp δέ@b εἰς@p οἰκία@nafsc οὗτος@rpnnp ἐρῆμος@anams- εἰμί@vnfm-- ὁ@dafs οἰκία@nafsc μαντεύομαι@vipe3s"
"Oneir._3.66","ὡρολόγιον@nnnsp πρᾶξις@nafpc καί@b ὁρμή@nafpc καί@b κίνησις@nafpc καί@cs ἐπιβολή@nafpc ὁ@dgfp χρεώ@ngfpc σημαίνω@vipa3s πᾶς@ananp- γάρ@b πρός@p ὁ@dafp ὥρα@nafpc ἀποβλέπω@vppanmp ὁ@dnmp ἄνθρωπος@nnmpc πράσσω@vipa3p ὅθεν@b συμπίτνω@nnnsc κατεάσσω@vppenns πονηρός@annns- ἄν@b εἰμί@vopa3s καί@cs ὀλέθριος@annns- μάλιστα@b δέ@cs ὁ@ddmp νοσέω@vppadmp ἀεί@b δέ@b ὁ@dafp πρό@p ὁ@dgfs ἕκτος@angfs- ὅς@dnfs ὥρα@nafpc ἀριθμέω@vnpa-- ἀμείνων@annnsc ἤ1@cs ὁ@dafp μετά@p ὁ@dafs ἕκτος@anafs- οὗτος@rpanp μέν@b οὖν@b εἰς@p ἀναπλήρωσις@nafsc ὁ@dgnp δέω@vppagnp ὅσος@rpanp μήτε@b ἐν@p ὁ@ddfp πρότερος@andfp- βίβλος@ndfpc χρή@viia3s γράφω@vnpa-- ὥσπερ@b ἄν@b εἰς@p ἀνοίκειος@anans- κατατίθημι@vpapams καί@cs ἀλλότριος@anafs- χώρα@nafsc μή@b τε@cs μήν@b ἄγραφος@ananp- καταλιμπάνω@vnaa-- εὔλογος@annns- εἰμί@viia3s ὅπως@cs μή@b τις@rpdns ὡς@cs φημί@viia1s πάροδος@nafsc καί@cs ἐπιβάθρα@nafsc καταλείπω@vipa1s ὁ@dgns γράφω@vnpa-- αὐτάρκης@b ἐγώ@rpdms ἔχω@vnpa-- δοκέω@vipa3s χρή@vipa3s δέ@b γιγνώσκω@vnpa-- ὅτι@cs οὐδείς@rpnns οὕτως@b χαλεπός@annns- εἰμί@vipa3s καί@cs δύσκολος@annns- ὡς@cs ὁ@dnns ὁ@dafs κρᾶσις@nafsc καί@cs μίξις@nafsc ὁ@dgmp ὁράω@vppegmp ἐν@p ὁ@ddmp ὕπνος@ndmpc σύνεἶδον@vpaaams εἷς@anafs- ἐκ@p πᾶς@angmp- ἀπόφασις2@nafsc ποιέω@vnam-- ἐπεί@cs πολλάκις@b ἐναντίος@ananp- ἀλλήλων@rpdnp καί@cs οὐδείς@rpans ὅμοιος@anans- ἔχω@vppaams εἰμί@vipa3s εἶδον@vnaa-- ἀδύνατος@anans- δέ@b μάχομαι@vppeanp εἰμί@vnpa-- ὁ@danp σημαίνω@vppeanp ἀλλήλων@rpdnp εἰ@cs ὁ@danp πάντως@b εἰμί@vpfmanp ὁ@dnmp ὄνειρος@nnmpc προαγορεύω@vipa3p ἀλλά@cs ὥσπερ@cs ὁ@dgnp πρᾶγμα@ngnpc εἰμί@vipa3s τάξις@nnfsc καί@cs ἀκολουθία@nnfsc οὕτως@b καί@b ὁ@ddmp ὄνειρος@ndmpc ἔοικα@vpranns ἀκολουθέω@vnpa-- τάξις@nafsc τις@anafs- ἐπειδάν@cs οὖν@b ὁράω@vsaa3s τις@rpnms ὁμοῦ@b ἀγαθός@ananp- καί@cs κακός@ananp- ἐν@p νόος@rpdms δεῖ@vipa3s λαμβάνω@vnaa-- ὁπότερος@ananp- πρότερος@ananp- εἶδον@viaa3s ὁ@danp ἀγαθός@ananp- ἤ1@cs ὁ@danp κακός@ananp- καί@b γάρ@b ἐν@p ὁ@ddnp πρᾶγμα@ndnpc ποτέ@b μέν@b χρηστός@annfp- φαίνω@vpapnfp ἐλπίς@nnfpc εἰς@p κακός@anans- ἀποβαίνω@viaa3p ποτέ@b δέ@cs ὁ@dnmp προσδοκάω@vpapnmp φόβος@nnmpc ἀγαθός@angnp- αἴτιος@annmp- καθίστημι@viaa3p εἰμί@vipa3s δέ@b ὅτε@cs καί@b ἀντί@p μέγας@anans- κακός@angnp- λυσιτελέω@vipa3s μικρός@ananp- πάσχω@vnaa-- καί@cs πάλιν@b αὖ@b φαίνω@viap3s τις@rpncs μικρός@annfs- προσδοκία@nnfsc ἀμαθής@angnp- ἤ1@cs κακός@angnp- ψευδής@annfs- εἰμί@vppanfs καί@cs μάταιος@annfs- οὗτος@anams- οὖν@b ὁ@dams τρόπος@namsc καί@b ὁ@dnmp ὄνειρος@nnmpc μίγνυμι@vpregnp ὁ@dgnp ἐν@p αὐτός@rpdmp σημαίνω@vppegnp εἰκότως@b εἰμί@vipa3p ποικίλος@annmp- καί@cs ὁ@ddmp πολύς@andmp- δυσδιόριστος@annmp- ἐγώ@rpnms δέ@b ὡς@cs εὐπαρακολούθητος@annns- ἕκαστος@annns- ὁ@dgnp σημαίνω@vppegnp γίγνομαι@vsam3s ἐν@p τάξις@ndfsc ἕκαστος@anams- καί@b κόσμιος@b καί@cs ὡς@cs μάλιστα@b ἐνδέχομαι@viie3s διδασκαλικός@b ἀναγράφω@viaa1s ὥσπερ@cs δέ@b ὁ@dnmp γραμματικός@annmp- ὁ@dgnp στοιχεῖον@ngnpc ἐπειδάν@cs ὁ@dafp δύναμις@nafpc διδάσκω@vsaa3p ὁ@damp παῖς@nampc τότε@b καί@b ὅπως@cs ὁμοῦ@b πᾶς@andnp- χράω@vnpe-- δεῖ@vipa3s ὑποτίθημι@vipe3p οὕτως@b καί@b ἐγώ@rpnms μικρός@anafp- τις@rpacp καί@cs εὐπαράγωγος@anafp- ὑποθήκη@nafpc πρός@p ὁ@ddnp ἐρῶ@vprednp ἐπισωρεύω@vifa1s ὡς@cs ἄν@b εἰμί@vspa3s εὐμαθής@annnp- ὁ@dnnp βιβλίον@nnnpc πᾶς@andmp- ἐπεί@b ὁ@ddmp γε@b πεῖρα@ndfsc χράω2@vpredmp καί@cs τριβή@ndfpc πολύς@andfp- εὐπαρακολούθητος@annms- εἰμί@vipa3s ὁ@dnms λόγος@nnmsc καί@cs ἱκανός@annms- ἕκαστος@ananp- διδάσκω@vnaa-- ὡς@cs ἔχω@vipa3s ἐν@p μέν@b οὖν@b ὁ@ddns πρῶτος@andns- βιβλίον@ndnsc φημί@viia1s εἰμί@vnpa-- ὁ@dafs κεφαλή@nafsc πατήρ@namsc ὁ@dgms εἶδον@vpaagms ἐν@p δέ@cs ὁ@ddms δεύτερος@andms- λέων@namsc εἰμί@vnpa-- βασιλεύς@namsc νόσος@nafsc καί@cs ἐν@p ὁ@ddns περί@p θάνατος@ngmsc ὁ@ddmp πλουτέω@vppedmp ὁ@dans ἀποθνήσκω@vnaa-- χρηστός@anans- εἰμί@vnpa-- καί@cs λυσιτελής@anans- ἐπιδείκνυμι@viaa1s ἐπειδάν@cs οὖν@b πένης@nnmsc ἀνήρ@nnmsc πατήρ@namsc ἔχω@vppanms πλούσιος@anans- ὄναρ@nansc ὑπό@p λέων@ngmsc ὁ@dafs κεφαλή@nafsc ἀφαιρέω@vnre-- δόξα@vsaa3s καί@cs ἀποθνήσκω@vnaa-- εἰκός@vpranns εἰμί@vipa3s ὁ@dams πατήρ@namsc αὐτός@rpgms ἀποθνήσκω@vpaaams κληρονόμος@namsc αὐτός@rpams καταλείπω@vnfa-- καί@cs οὗτος@anams- ὁ@dams τρόπος@namsc ἄλυπος@annms- ἄν@b γίγνομαι@voam3s καί@cs εὔπορος@annms- οὐ@b τε@b φορτικός@anams- ἔτι@b ἔχω@vppanms ὁ@dams πατήρ@namsc οὐ@b τε@cs ὑπό@p ὁ@dgfs πενία@ngfsc θλίβω@vppenms εἰμί@vipa3s γάρ@b ὁ@dnfs μέν@b κεφαλή@nnfsc ὁ@dnms πατήρ@nnmsc ὁ@dnfs δέ@b ἀφαίρεσις@nnfsc ὁ@dnfs στέρησις@nnfsc ὁ@dgms πατήρ@ngmsc ὁ@dnms δέ@b λέων@nnmsc ὁ@dnfs νόσος@nnfsc ὅς@rpafs νοσέω@vpaanms ὁ@dnms πατήρ@nnmsc ἀποθνήσκω@voaa3s ἄν@cs ὁ@dnms δέ@b θάνατος@nnmsc ὁ@dnfs μεταβολή@nnfsc ὁ@dgms βίος@ngmsc καί@cs ὁ@dnns διά@p ὁ@dams πλοῦτος1@namsc ἀνενδεής@annns- οὗτος@anams- δή@b ὁ@dans τρόπος@namsc καί@b ἐπί@p πᾶς@angmp- ὁ@dgnp ποικίλος@angmp- ὄνειρος@ngnpc χρή@vipa3s ποιέω@vnpe-- ὁ@dafp κρίσις@nafpc συνάγω@vppaams καί@cs ποιέω@vppaams κατά@p ἕκαστος@anans- ὁ@dgnp κεφάλαιος@angnp- σῶμα@nansc εἷς@anans- χρή@vipa3s δέ@b ἀποφαίνω@vnpe-- μιμέομαι@vppeams ὁ@damp θύτης@nampc ὅς@rpnmp καί@b κατά@p εἷς@ ὁ@dgnp σημεῖον@ngnpc ἐπίσταμαι@vipe3p πρός@p τίς@rpans ἕκαστος@annns- ἁρμόζω@vipa3s καί@cs ὁ@dafp ἀπόφασις2@nafpc οὐδείς@anans- τις@rpans μᾶλλον@b ἐκ@p εἷς@ngnsc ἕκαστος@angns- ἤ1@cs ἐκ@p πᾶς@angmp- ποιέω@vipe3p γίγνομαι@voam3s δέ@b μετά@p πολύς@angfs- εὐμένεια@ngfsc ὁ@damp ἐντυγχάνω@vppaamp ἀναγιγνώσκω@vnaa-- ὁ@danp βιβλίον@nanpc καί@cs μή@b πρό@p ὁ@dgns ἀκριβής@b καταλαμβάνω@vnaa-- ἐγκαλέω@vnpa-- τις@rpans ἐπεί@cs ὁ@dans γε@b ὅτι@cs ὁ@damp ἐπιμελής@b ἀναγιγνώσκω@vpaaamp οὐ@b ἐάω@vifa3s ἀφεστήξω@vnaa-- ποτέ@b ὁ@dgmp λόγος@ngmpc οὗτος@angmp- ὁ@danp βιβλίον@nanpc καί@cs διόμνυμι@vnam-- ἔχω@vipa1s ὁ@dnnp μέν@b δή@b χρειώδης@annnp- κάσσιος@nvmsp μάξιμος@nvmsp ὁ@ddnp βιβλίον@ndnpc καθώς@cs προσήκω@viia3s ἐκ@p ὁλόκληρος@ngfsc πᾶς@annnp- ἀποδίδωμι@vire3s ὁ@dafs δέ@cs ἐπιγραφή@nafsc μή@b θαυμάζω@vsaa2s διότι@cs ἀρτεμιδώρου@ngmsp δαλδιανὸς@ngmsp καί@cs οὐ@b ἐφέσιος@ngmsp ἐπιγράφω@vire3s ὥσπερ@cs πολύς@annnp- ὁ@dgnp ἤδη@b εἰς@p ἄλλος@anafp- πραγματεία@nafpc ποιέω@vpregnp ἐγώ@rpdms βιβλίον@ngnpc ὁ@dafs μέν@b γάρ@b ἔφεσος@nafsp συμβαίνω@vira3s καί@b αὐτός@rpafs διά@p ἑαυτοῦ@rpgfs περιώνυμος@anafs- εἰμί@vnpa-- καί@cs πολύς@angmp- καί@cs ἀξιόλογος@angmp- κῆρυξ@ngmpc τυγχάνω@vnra-- δάτις@nnfsp δέ@cs πόλισμα@nansc λυδία@ngfsp καί@cs οὐ@b σφόδρα@b ἐλλόγιμος@annns- διά@p ὁ@dans μή@b τοιοῦτος@angmp- ἀνήρ@ngmpc τυγχάνω@vnra-- ἄγνωστος@anans- ὁ@rpans μέχρι@p εἰς@p ἐγώ@rpamp μένω@vira3s διό@b θρεπτήριος@ananp- εἰμί@vppadfs ἐγώ@rpdcs πατρίς@ndfsc πρός@p μήτηρ@ngfsc οὗτος@rpanp ἀποδίδωμι@vipa1s αὐτός@rpdfs"
"Oneir._4.prooimion","δ@n---p ἀρτεμίδωρος@nnmsp ἀρτεμισία@ndmsp ὁ@ddms υἱός@ndmsc χαίρω@vnpa-- ἐπεί@cs κατά@p δαίμων@namsc καί@b ὁ@dafs ὁ@dgms κράτιστος@angms- κάσσιος@ngmsp μάξιμος@ngmsp σπουδή@nafsc προτρέπω@viaa1s ὀνειροκριτικός@ananp- βιβλίον@nanpc ποιέω@vnaa-- ὅπως@cs ὁ@ddms ἑταῖρος@ndmsc χαρίζομαι@voam1s καί@cs ὁ@dafs ἐμαυτοῦ@rpgms σοφία@nafsc μή@b σιγή@ndfsc παραδίδωμι@vpaanms καί@cs ὄκνος@ndmsc μάταιος@b ἀναλίσκω@voaa1s καί@cs οὗτος@rpanp ὅπως@cs ἔχω@viia1s δύναμις@ngfsc ὡς@cs γε@b ἐμαυτοῦ@rpams οἶδα@vnra-- οὐ@b τε@b ὁ@dgns μεγαλεῖον@ngnsc ὁ@dgfs τέχνη@ngfsc ἀποδέω@vppaams οὐ@b τε@cs πρός@p αὐτάρκεια@nafsc ἐνδεής@b ἔχω@vppaams ὁ@ddnp γε@b μή@b παντελής@b ἀνόητος@andnp- ποιέω@viaa1s συνάγω@vpaanms ἕκαστος@ananp- ὁ@dgnp ὁράω@vnpe-- δύναμαι@vppegnp καί@cs ἐν@p χρῆσις@ndfsc εἰμί@vppagnp ἐνύπνιον@ngnpc τάξις@ndfsc τις@andfs- καί@cs ἀκολουθία@ndfsc χράω2@vpamnms ὅμοιος@andfs- βίος@ndmsc ἀνθρώπινος@andfs- ἀπό@p γένεσις@ngfsc ἄχρι@p θάνατος@ngmsc κατά@p ἕκαστος@anans- ὁ@dgnp πράσσω@vppegnp περιλαμβάνω@vpaanms καί@cs πρός@p ὅς@rpans τις@anans- ὁ@dafs ἀναφορά@nafsc ἕκαστος@annns- ἔχω@vnpa-- καί@cs εἰς@p ὅς@rpans τις@anans- ἀποβαίνω@vnpa-- δύναμαι@vipe3s οὐ@b ψιλός@andfs- εἰκασία@ndfsc ἀλλά@cs πειράω@nnfsc καί@cs ὁ@ddfs ὁ@dgnp ἀποτέλεσμα@ngnpc μαρτυρία@nnfpc πείθω@vppenms καί@b ὅσος@ananp- σπερματώδης@ananpc καί@cs οὐ@b ἐξεργάζομαι@vpreanp ὁ@dnmp παλαιός@annmp- συγγράφω@viaa3p ἐξεργάζομαι@viam1s εἰς@p λεπτός@anafs- καί@cs ἀληθής@anafs- διαίρεσις@nafsc καί@cs ὅσος@ananp- καινός@anafpc ἔχω@vppaanp ὁ@dafp ἐκβολή@nafpc καί@cs αὐτός@rpanp καινός@ananp- εἰμί@vppaanp ὑποπίπτω@viia3s συμπεριλαμβάνω@viia1s καί@b δοκέω@viia1s ἀποχρώντως@b ἔχω@vnpa-- ὁ@dafs πραγματεία@nafsc δύο@ περιώρισται@vpreafs βιβλίον@ndnpc ἔπειτα@b μέντοι@b διαφεύγω@vpraams τις@rpacs ὁ@dafs πραγματεία@nafsc εὑρίσκω@viie3s μικρός@ananp- μέν@b καί@cs οὐ@b πολύς@angfs- ἄξιος@ananp- φροντίς@ngfsc ὅμως@b δέ@b ἐπιζητέω@vppeanp ὑπό@p ὁ@dgmp ὀνυχίζω@vppagmp πᾶς@ananp- καί@cs μηδείς@rpans ἀβασάνιστος@anans- εὑρίσκω@vnpa-- πειράω@vppegmp ἀθροίζω@vpaanms οὖν@b ὡς@cs ἐνεἰμί@viia3s ὁ@danp πλεῖστος@ananps καί@cs μάλιστα@b ἀξιόλογος@ananp- οὐ@b κατά@p ὑπό@p -@angfs- θέσις@ngfsc εἷς@angfs- λόγος@namsc οὐ@b δέ@cs γάρ@b οὐ@b δέ@cs ἐνδέχομαι@viie3s ὁ@danp γε@b οὕτως@b ἀλλήλων@rpgnp χωρίζω@vpreanp σωμαποποιέω@vnpa-- καί@cs εἰς@p εἷς@ συνάγω@vnpa-- ἀλλά@cs ὡς@b ἐν@p ἐπιδρομή@ndfsc λόγος@ngmpc τρίτος@anans- βιβλίον@nansc ὁ@dans φιλάληθες@anans- ἤ1@cs ἐνόδιος@nansp ποιέω@viaa1s εἰμί@viia3s δέ@b ἄρα@b τις@annms- ἐν@p ἄνθρωπος@ndmpc μῶμος@nnmsp ἀπελαύνω@vprenms θεός@ngmpc καί@cs δαίμων@ngmpc οὐ@b ἀγαθός@annms- ὅς@rpdms χρή@vipa3s κατά@p ὁ@dans καρτερός@anans- ἐνίστημι@vnpe-- ἐπίσταμαι@vppeams ὅτι@cs πλείων@andnpc ὅπλον@ndnpc πρός@p ὁ@danp κρείσσων@ananpc ὁ@dgnp ἔργον@ngnpc ἀγωνίζομαι@vipe3s καί@b γάρ@b νῦν@b αἰσθάνομαι@nnfpc τις@angnp- ὁ@ddnp βιβλίον@ndnpc ἐγκαλέω@vppagnp ὡς@cs ὁ@dgnp μέν@b ἐν@p αὐτός@rpdnp γράφω@vpregnp ἀλήθεια@nafpc μέν@b οὐ@b δέ@cs ὁτιοῦν@b ἀποδέω@vppagmp οὐ@b πᾶς@angnp- δέ@b ἐξεργάζομαι@vpregmp οὐ@b δέ@cs αἰτιολογέω@vpregmp εἰμί@vipa3s δέ@cs ὅς@rpgnp καί@b παραλείπω@vpregnp ἀναγκαῖος@angnp- εἰμί@vppagnp ὁ@ddfs ὑπόθεσις@ndfsc διό@b μετά@p πολύς@angfs- ἐπιστροφή@ngfsc ὑπέρ@p τε@b ἐμαυτοῦ@rpgms καί@cs σύ@rpgms ὁρμάω@viap1s ἐπί@p ὁ@dafs συγγραφή@nafsc ὅδε@angns- ὁ@dgns βιβλίον@ngnsc ὅπως@cs ἄν@b ἔχω@vspa2s πρός@p ἑκαστα@ananp- ἐπίβολος@b τε@b εἰ@cs αὐτός@rpans μόνος@b δέω@vopa3s κρίνω@vnpa-- καί@cs πρός@p ὁ@damp ζητητικός@anamp- ὁ@dgmp ἄνθρωπος@ngmpc εὔκολος@b πρός@p ἀπόκρισις@nafsc μιμνήσκω@vprenms ὅτι@cs σύ@rpdms προσφωνέω@vire3s ὁ@dnns βιβλίον@nnnsc ὅπως@cs ἄν@b αὐτός@rpnms ἔχω@vspa2s χράω@vnpe-- καί@cs μή@b πολύς@andmp- κοινωνέω@ndmpc ἀντιγραφή@ngfpc ὁ@dnnp γάρ@b ἐνταῦθα@b γράφω@vpamnnp μένω@vppannp μέν@b παρά@p σύ@rpdcs πᾶς@angnp- ὑπέρτερος@anans- οὐδείς@rpgns γε@b λείπω@vppenns ὀνειροκριτικός@anams- σύ@rpacs ποιέω@vifa3s κοινόω@vpapams δέ@b οὐδείς@rpans τις@rpans μᾶλλον@b ἕτερος@angmp- σύ@rpacs ἐπίσταμαι@vppeams ἐπιδείκνυμι@vifa3s εὖ@b γάρ@b οἶδα@vmra2s ὅτι@cs ὁ@dgmp λόγος@ngmpc ὁ@dgmp ἡμέτερος@angmp- ἥσσων@annmpc εἰμί@vipa3p πολύς@annmp- καί@b σχεδόν@b πᾶς@annmp- ὅς@rpdmp ἐπιμελής@annns- εἰμί@vipa3s ὁ@dnns κατορθόω@vppanns ἐν@p μαντικός@andfs- κανονικός@b οὖν@b καί@cs ὁρικός@b ὁ@dgnp ζητέω@vppegnp ἕκαστος@ananp- σύ@rpdms κατά@p ὁ@dafs ὑπόθεσις@nafsc ὁ@dafs ἐν@p ὁ@ddnp πρῶτος@andnp- δύο@ βιβλίον@ndnpc ἀπό@p ἀρχή@ngfsc ἀναγράφω@vipa1s πρός@p μέν@b οὖν@b ὁ@damp μή@b πᾶς@ananp- αἰτιολογέω@vnpe-- λέγω3@vppaamp ὀρθός@b ἐρῶ@vifa2s ὁ@dans ἐκ@p ὁ@dgns προοίμιον@ngnsc ὁ@dgns πρῶτος@angns- βιβλίον@ngnsc ῥητός@anans- πλήν@b εἰ@cs μή@b οὗτος@rpnns οὕτως@b σαφής@annns- εἰμί@vopa3s ὡς@cs περισσός@anafs- ἡγέομαι@vnpe-- ὁ@dafs περί@p αὐτός@rpgns ἐξήγησις@nafsc πρός@p δέ@b ὁ@damp μή@ananp- πᾶς@ananp- ἐξεργάζομαι@vnre-- λέγω3@vppaamp καί@cs ὁ@damp τις@rpacs παραλείπω@vnre-- ἐρῶ@vifa2s ὅτι@cs ἔνιοι@annnp- τις@rpdmp ὅμοιος@annnp- εἰμί@vppannp ὡς@cs εὔγνωστος@annnp- παραλείπω@vire3s οὐ@b ἐξεργάζομαι@vire3s ὡς@cs στροφάω@nnnsc διάδημα@ndnsc καί@cs λαγῶς@nnmsc ἔλαφος@ndmsc καί@cs κάμηλος@nnmsc ἐλέφας@ndmsc καί@cs κρόκος@nnnsc μύρον@ndnpc καί@cs ὅσος@annnp- ἄλλος@rpnnp εἰμί@vipa3s εὐώδης@annnp- καί@cs ὅτι@cs χοῖρος@nnmsc καί@cs ὄρνις@nnmpc ὁ@ddfp ἑαυτοῦ@rpgmp σάρξ@ndfpc ὁ@dams αὐτός@rpams ἔχω@vipa3p λόγος@namsc πρός@p δέ@b ὁ@damp πυνθάνομαι@vppeamp περί@p ὄνειρος@ngmsc καί@cs ἐνύπνιον@ngnsc διαφορά@ngfsc ἐπιμελής@b προεῖπον@viaa3p ὅτι@cs ἕτερος@annns- εἰμί@vipa3s ὁ@dgms ὄνειρος@ngmsc ὁ@dnns ἐνύπνιον@nnnsc καί@cs οὐ@b ὁ@dnns αὐτός@rpnns ἀλλά@cs καί@cs ὁ@dams ὄνειρος@namsc ἐνύπνιον@anams- καλός@b εἶπον@voaa3s τις@rpncs ἄν@b ὅταν@cs δέ@b τεχνικός@b λέγω3@vspa3s τις@rpncs κύριος@b ἕκαστος@anans- χρή@vipa3s καλέω@vnpa-- καί@cs ὁ@dans μέν@b ἀσήμαντος@anans- καί@cs οὐδείς@rpgns προαγορευτικός@anans- ἀλλά@cs ἐν@p μόνος@andms- ὁ@ddms ὕπνος@ndmsc ὁ@dafs δύναμις@nafsc ἔχω@vppaans γίγνομαι@vppeans δέ@b ἐκ@p ἐπιθυμία@ngfsc ἄλογος@angfs- ἤ1@cs ὑπερβάλλω@vppagms φόβος@ngmsc ἤ1@cs πλησμονή@ngfsc ἤ1@cs ἔνδεια@ngfsc ἐνύπνιον@nansc χρή@vipa3s καλέω@vnpa-- ὁ@dans δέ@b μετά@p ὁ@dams ὕπνος@namsc ἐνεργής@anans- εἰμί@vppaans καί@cs ἀποβαίνω@vpfmans εἰς@p ἀγαθός@anans- ἤ1@cs κακός@anans- ὄνειρος@namsc διά@p ὅς@rpafp αἰτία@nafpc ἐκεῖ@b προεῖπον@vira1s ὅταν@cs δέ@b κοινός@b τις@rpnms λέγω3@vspa3s καταχρηστέον@annns- ὁ@ddnp ὄνομα@ndnpc ὡς@cs καί@b ὁ@dnms ποιητής@nnmsc κλύω@vmaa2p φίλος@anvmp- θεῖος@annms- ἐγώ@rpdcs ἐνύπνιον@anans- ἔρχομαι@viaa3s ὄνειρος@nnmsc φίλος@annns- γάρ@b αὐτός@rpdms ὁ@dnns ἰσοδυναμέω@vppadmp χράω@vnpe-- ὄνομα@ndnpc καί@cs ῥῆμα@ndnpc καί@cs πᾶς@andnp- ὁ@ddnp ὁ@dgms λόγος@ngmsc μέρος@ndnpc ὡς@cs καί@cs ̔@ ἀμφί@p περί@p κρήνη@nafsc καί@cs ̔@ εἰ@cs δέ@x ὀδυσσεύς@nnmsp ἔρχομαι@voaa3s καί@cs ἱκνέομαι@voam3s καί@cs ἄλλος@rpanp ἄττα@ananp- πολύς@ananp- μιμνῄσκω@vmre2s δέ@b ὅτι@cs ὁ@ddmp ἔνστασις@ndfsc χράω2@vppedmp ἀγαθός@andfs- καί@cs εὐπροαίρετος@andfs- ἐνύπνιον@nanpc οὐ@b γίγνομαι@vipe3p οὐ@b δέ@cs ἄλλος@rpnfp τις@rpncp ἄλογος@annfp- φαντασία@nnfpc ἀλλά@cs πᾶς@annnp- ὄνειρος@nnmpc καί@cs ὡς@cs ἐπί@p ὁ@dans πλεῖστος@ananss θεωρηματικός@annmp- οὐ@b γάρ@b ἐπιθολόω@vipe3s αὐτός@rpgmp ὁ@dnfs ψυχή@nnfsc οὐ@b τε@cs φόβος@ndmpc οὐ@b τε@cs ἐλπίς@ndfpc καί@b μέντοι@cs καί@b ὁ@dgfp ὁ@dgns σῶμα@ngnsc ἡδονή@ngfpc ἄρχω@vipa3p ὁ@dans δέ@b κεφάλαιος@anans- εἶπον@vnaa-- ὁ@ddms σπουδαῖος@andms- ἐνύπνιον@nnnsc οὐ@b φαίνω@vipe3s οὐδέ@b τις@rpncs ἄλλος@annfs- ἄλογος@annfs- φαντασία@nnfsc ἵνα@cs δέ@b μή@b ποτέ@b ἐξαπατάω@vsap2s οὐ@b ὁ@danp αὐτός@rpnnp ὁ@ddmp πολύς@andmp- ἐνύπνιον@annnp- καί@cs ὁ@ddmp δύναμαι@vppedmp αὐτός@rpanp διακρίνω@vnpa-- ὁ@dnmp μέν@b γάρ@b πολύς@annmp- οἷος@rpanp βούλομαι@vipe3p ἤ1@cs οἷος@rpanp φοβέω@vipe3p τοιοῦτος@rpanp καί@cs κατά@p ὁ@dams ὕπνος@namsc ὁράω@vipa3p ὁ@dnmp δέ@b αὖ@b σοφός@annmp- περί@p οὗτος@rpanp καί@cs δεινός@annmp- οἷος@rpanp βούλομαι@vipe3p τοιοῦτος@rpanp σημαίνω@vipa3p ἐάν@cs δέ@b τις@rpncs ὁ@dgmp ἀπείρων@angmp- ὁράω@vsaa3s χρή@vipa3s πιστεύω@vnpa-- οὐ@b ὡς@cs ἐνύπνιον@andmp- ἀλλά@cs ὡς@cs ὄνειρος@andmp- οἷος@rpans δύναμαι@vppenms διακρίνω@vnpa-- ὁ@danp τοιοῦτος@rpanp διά@p ὁ@dans βιβλίον@ndnpc ἐντυγχάνω@vnra-- ὀνειροκριτικός@andnp- διά@p ὁ@dans ὀνειροκρίτης@ndmpc συναναστρέφω@vnpe-- ἤ1@cs διά@p ὁ@dans εὐεπίβολος@b ἔχω@vnpa-- πρός@p ὁ@dafp κρίσις@nafpc εἰ@cs μέν@b τυγχάνω@voaa3s ἐράω1@vppanms γυνή@ngfsc οὐ@b ὁ@dafs ἐρώμενος@vpreafs ὁράω@vifm3s ἀλλά@cs ἵππος@namsc ἤ1@cs κάτοπτρον@nansc ἤ1@cs ναῦς@nafsc ἤ1@cs θάλασσα@nafsc ἤ1@cs θηρίον@nansc θῆλυς@anans- ἤ1@cs ἐσθής@nafsc γυναικεῖος@anafs- ἄλλος@rpans τις@rpans ὁ@dgnp σημαίνω@vppagnp γυνή@nafsc εἰ@cs δέ@b πρός@p ἀποδημία@nafsc γίγνομαι@voam3s οὐ@b ὄχημα@nnnpc ὁράω@vifm3s οὐ@b δέ@cs ναῦς@nnfsc οὐδέ@b στρωματοδέσμος@nampc οὐδέ@b σκεῦος@nanpc συλλέγω@vpreanp ἤ1@cs παρασκευή@nafsc ἀποδημία@ngfsc ἵπταμαι@vnpe-- δέ@b δοκέω@vifa3s καί@cs σεισμός@namsc πόλεμος@namsc ἤ1@cs κεραυνός@namsc ὁράω@vifm3s καί@cs εἰ@cs τις@rpnns ἄλλος@rpnns ἀποδημία@ngfsc εἰμί@vifm3s σύμβολον@nnnsc καί@b εἰ@cs φοβέω@vope3s τις@rpams ἤ1@cs φεύγω@vopa3s οὐ@b ὁ@dams ἐκεῖνος@rpams ὁράω@vifm3s ἀλλά@cs θηρίον@nansc ἐκφεύγω@vnpa-- νομίζω@vifa3s καί@b δεσμός@nanpc διαρρήγνυμι@vnpa-- καί@b ληιστής@nampc ἀναιρέω@vnpa-- καί@b θεός@ndmpc θύω@vnpa-- καί@cs ὅσος@ananp- εἶδον@vpaanmp ὁ@dnmp ἄλλος@annmp- ἄνθρωπος@nnmpc ἔξω@p δέος@ngnsc καί@cs ταραχή@ngfsc γίγνομαι@vipe3p ὡς@cs καί@b ἐν@p κόρινθος@ndfsp ὁ@dnms ζωγράφος@nnmsc ὅς@rpnms ὁ@dams δεσπότης@namsc κατορύσσω@vnpa-- πολλάκις@b δοκέω@viia3s καί@b οὗτος@rpans μέν@b ὁ@dafs ὀροφή@nafsc ὁ@dgns οἴκημα@ngnsc ἐν@p ὅς@rpdfs διατρίβω@viia3s ἀπόλλυμι@vnpe-- οὗτος@rpans δέ@cs καί@b ὁ@dafs ἑαυτοῦ@rpgms κεφαλή@nafsc ἀποτέμνω@vnre-- καί@b οὐδείς@anans- ἥσσων@anansc περίειμι1@viia3s αὐτός@rpdms ὁ@dnms δεσπότης@nnmsc καί@cs ἔτι@b νῦν@b περίειμι1@vipa3s ἀλλά@b ἐπεί@cs κριτικός@b ἔχω@viia3s ὁ@dgnp τοιοῦτος@rpgnp τεχνικός@anansc αὐτός@rpdms προσπαίζω@viia3s ὁ@dnfs ψυχή@nnfsc αὐτός@annnp- γάρ@b οὗτος@rpnnp ἄλλος@rpdms εἶδον@vpaadms ὁ@dgms δεσπότης@ngmsc ὄλεθρος@namsc προμαντεύομαι@viie3s ἵνα@cs δέ@b μή@b ἄπορος@annns- σύ@rpdcs φαίνω@vspe3s ὁ@dnns τοιοῦτος@rpnns εὖ@b οἶδα@vmra2s ὅτι@cs πολύς@annmp- μέν@b καί@cs σχεδόν@b ὁ@dnmp πολύς@annmps ἵνα@cs μή@b λέγω3@vspa1s πᾶς@annmp- εἰμί@vipa3p ὁ@dnmp ὁ@danp κοινός@ananp- ἐνύπνιον@nanpc ὁράω@vppanmp παντελής@b δέ@cs ὀλίγος@annmp- καί@cs μόνος@annmp- ὁ@dnmp ὀνειροκριτικός@annmp- ὁ@dgmp ἄνθρωπος@ngmpc ὁ@danp ἕτερος@ananp- περί@p ὅς@rpgmp ὁ@dnms προγράφω@vprenms λόγος@nnmsc ἐρῶ@vire3s"
"Oneir._4.1","ὁ@dgmp δέ@b ὄνειρος@ngmpc πᾶς@angmp- ὅς@rpamp μέν@b θεωρητικός@anamp- ὅς@rpamp δέ@b ἀλληγορικός@anamp- καλέω@vipa1p καί@cs θεωρητικός@anamp- μέν@b ὁ@damp οὕτως@b ἀποβαίνω@vppaamp ὡς@cs θεωρέω@vipe3p ἀλληγορικός@anamp- δέ@cs ὁ@damp ὁ@danp σημαίνω@vppeanp διά@p αἴνιγμα@ngnpc ἐπιδείκνυμι@vppaamp ἐπεί@cs δέ@b καί@b ἐν@p οὗτος@rpdnp γίγνομαι@vipe3s τις@annfs- πλάνη@nnfsc ἀμφιβάλλω@vppagmp πότερον@b χρή@vipa3s ὁ@danp θεωρέω@vpapanp αὐτός@rpanp προσδέχομαι@vnpe-- ἤ1@cs ἕτερος@anans- τις@rpans ἐκ@p οὗτος@rpgnp ἀποβαίνω@vpfmans οὐ@b ἄπορος@annns- σύ@rpdms ὁ@dnns διακρίνω@vnpa-- δύναμαι@vnpe-- πρῶτος@anans- μέν@b γάρ@b ὅσος@annnp- θεωρηματικός@nnnpc εἰμί@vipa3s παραχρῆμα@b καί@cs αὐτίκα@b μάλα@b ἀποβαίνω@vipa3s ὅσος@rpnnp δέ@b ἀλληγορικός@annnp- πάντως@b χρόνος@ngmsc διαλείπω@vppagms ἤ1@cs πολύς@angms- ἤ1@cs ὀλίγος@angms- ἔπειτα@b καί@b εὐήθης@annns- ἄν@b εἰμί@vopa3s ὁ@danp τεράστιος@ananp- καί@cs οὐδαμῶς@b ἐνδέχομαι@vppeanp ἐγείρω@vppadms συμβαίνω@vnpa-- οὗτος@rpanp οὕτως@b ὡς@cs θεωρηματικός@ananp- προσδέχομαι@vnpe-- οἷος@rpans εἰ@cs τις@rpncs ὑπολαμβάνω@voaa3s θεός@nnmsc γίγνομαι@vnra-- ἤ1@cs πέτομαι@vnpe-- ἤ1@cs κέρας@nanpc ἔχω@vnpa-- ἤ1@cs εἰς@p ᾅδης@ngmsp καταβαίνω@vnra-- ἤ1@cs ὑπό@p κύων@ngmsc δάκνω@vnre-- ἤ1@cs παρακαταθήκη@nafsc λαμβάνω@vnaa-- ἤ1@cs φίλος@anams- εἶδον@vnaa-- ἤ1@cs δραπέτης@namsc εὑρίσκω@vnaa-- ἤ1@cs δειπνέω@vnpa-- παρά@p ἑαυτοῦ@rpdms πίνω@vnpa-- συντείνω@vnpa-- ἤ1@cs ἀπόλλυμι@vnaa-- τις@rpans οὗτος@rpanp γάρ@b καί@cs ὅσος@rpnnp οὗτος@rpdnp ὅμοιος@annnp- πη@b μέν@b οὕτως@b ἀποβαίνω@vipa3s ὡς@cs θεωρέω@vipe3s πη@b δέ@b καί@cs ἀλληγορικός@b εἰ@cs μέν@b οὖν@b παραυτίκα@b ἀποβαίνω@vipa3s περισσός@annns- αὐτός@rpanp κρίνω@vnpa-- εἰ@cs δέ@b μή@b ἐφαρμόζω@viia3s ἕκαστος@andms- ὁ@dafs προσήκω@vppaafs κρίσις@nafsc ἐκ@p ὁ@dgnp πρότερος@angnp- βιβλίον@ngnpc ὅσος@annnp- μέντοι@b στανίον@annnp- εἰμί@vipa3s καί@cs ἅπαξ@b πού@b γίγνομαι@vppennp οὗτος@rpanp ὡς@b τεράστιος@annnp- καί@cs ἔκφυλος@annnp- ὅδε@angmp- ὁ@dgmp λόγος@ngmpc παραδέχομαι@vmpe2s μέν@b ὡς@b ἐνδέχομαι@vppennp γίγνομαι@vnam-- μή@b χράομαι@vmpe2s δέ@b ὡς@b πάντῃ@b καί@b πάντως@b καθολικός@andnp- καί@b γάρ@b δροῦσος@nnmsp ὁ@dnms λαοδικεύς@nnmsp ὁ@dafs ὁ@dgms φίλος@angms- οἰκία@nafsc ὠνέομαι@vnam-- δοκέω@vpaanms μετά@p τριετία@nafsc ὠνέομαι@viam3s ἀλλά@cs οὗτος@rpnns μόνος@annns- θεωρηματικός@annns- ἔρχομαι@viaa3s εἰς@p ἐγώ@rpamp ὀψέ@b καί@cs μή@b αὐτίκα@b ἀποβαίνω@vpaaans ὁ@dgnp δέ@cs ἴδιος@angmp- τε@cs καί@cs κοινός@angnp- καί@cs ἀλλότριος@angmp- καί@cs δημόσιος@angnp- καί@cs κοσμικός@angnp- ὄνειρος@ngnpc ὁ@dams λόγος@namsc ἀκριβόω@vpreams καί@cs σφόδρα@b γε@b ἔχω@vipa2s ἐν@p ὁ@ddns πρῶτος@andns- βιβλίον@ndnsc ὅμως@b δέ@b καί@b ἐν@p οὗτος@andns- ὁ@ddns θεώρημα@ndnsc ὁ@dnmp ὁ@dafp αὐτός@rpafp τις@rpdfp τέχνη@nafpc ἔχω@vppanmp καί@b εἰ@cs πάνυ@b εἰμί@vopa3p γνώριμος@annmp- ὁ@dgfp τέχνη@ngfpc αὐτός@rpgfp εἰμί@vipa3p σημαντικός@annmp- τοιγάρ@b γραμματικός@anams- γραμματικός@andms- οὐδείς@rpans ἄλλος@rpans ἤ1@cs ὁ@dafs γραμματικός@anafs- εἰμί@vnpa-- τέχνη@nafsc καί@cs ῥήτωρ@namsc ῥήτωρ@ndmsc ῥητορική@anafs- οὕτως@b δέ@b καί@cs ἐπί@p ὁ@dgnp βάναυσος@angnp- χαλκεύς@ananp- χαλκεύς@andms- καί@cs τέκτων@namsc τέκτων@ndmsc ὁ@dafs χαλκευτικός@anafs- καί@cs τεκτονικός@anafs- τέχνη@nafsc σημαίνω@vnpa-- οἷος@anams- φίλαγρος@nnmsp ὁ@dnms ῥήτωρ@nnmsc οὐάρος@namsp ὁ@dams ῥήτωρ@namsc νοσέω@vppaams θεάομαι@viam3s καί@cs ἐπί@p πολύς@anans- παρά@p προαίρεσις@nafsc ὁ@dafs ἑαυτοῦ@viaa3s καί@b ἐν@p κύζικος@ndfsp τέκτων@ngnpc ὁ@dams ἀγχίθυρος@anams- τέκτων@namsc ἀποσθάλλω@vpaaams καί@cs ἐκφέρω@vppeams εἶδον@vpaanms διά@p δανειστής@nampc ἐκχωρέω@viaa3s ὁ@dgns ἐργαστήριον@ngnsc καί@cs μετανίστημι@viaa3s ὁ@dgfs πόλις@ngfsc"
"Oneir._4.2","περί@p δέ@b ὁ@dgnp ἕξ@ στοιχεῖον@ngnpc πρός@p ὁ@damp ἐπίφθονος@b ἐρῶ@vnpe-- δοκέω@vppaamp ὅπως@cs ἔχω@vspa2s ἀποκρίνω@vnam-- καί@cs ἅμα@b καί@cs αὐτός@rpnms μή@b ἐξαπατάω@vsap2s ὑπό@p ὁ@dgmp πλείων@ananpc λέγω3@vppagmp εἰμί@vnpa-- οὗτος@annms- ὁ@dnms λόγος@nnmsc ἁρμόζω@vifa3s ὁ@dgnp εἰμί@vppagnp ὅς@rpanp μέν@b φύσις@ndfsc εἰμί@vipa3s ὅς@rpanp δέ@b νομίζω@vire3s εἰμί@vipa3s δέ@b πρῶτος@ananp- μέν@b οὗτος@rpnnp καί@cs ἡγεμονικός@annnp- δύο@ στοιχεῖον@nnnpc ὁ@danp μέν@b οὖν@b φύσις@ndfsc δεῖ@vipa3s κατά@p ὁ@danp αὐτός@rpanp καί@cs ὡσαύτως@b ἔχω@vnpa-- ὁ@dgnp δέ@cs νομίζω@vpregnp ὅς@rpanp μέν@b συντίθημι@vpamnmp ἀλλήλων@rpdmp ὁ@dnmp ἄνθρωπος@nnmpc αὐτός@annmp- ἑαυτοῦ@rpdmp προστάσσω@vipa3p καί@cs καλέω@vipe3s ὁ@dnns τοιοῦτος@annns- ἔθος@nnnsc εἰμί@vipa3s δέ@cs ὡς@cs ὁ@dnfs φημονόη@nnfsp λέγω3@vipa3s νόμος@nnmsc ἄγραφος@annms- ὅς@rpanp δέ@b φόβος@ndmsc ὁ@dgns παραβαίνω@vnpe-- γράφω@vpamnmp νόμος@nampc καλέω@vipa3p παρά@p ὁ@dans νομίζω@vnra-- οὗτος@rpanp οὕτως@b δεῖ@vnpa-- ἔχω@vnpa-- κοινῇ@b μέν@b οὖν@b ἑαυτοῦ@rpdmp ὁμολογέω@vira3p μυστήριον@nanpc καί@b τελετή@nafpc καί@b πανήγυρις@nnfpc καί@b ἀγών@nampc καί@b στρατεία@nafsc καί@b γεωργία@nafsc καί@b πόλις@ngfpc συνοικέω@nafpc καί@b γάμος@nampc καί@b παῖς@ngmpc ἀνατροφή@nafpc καί@cs ὅσος@ananp- ἄλλος@rpnnp οὗτος@rpdnp ὅμοιος@ananp- ἑαυτοῦ@rpdns δέ@cs ἕκαστος@annms- ὁμολογέω@vpaanms ἔνστασις@ndfsc χράομαι@vipe3s ἴδιος@andfs- καί@b ἐσθής@ndfsc καί@b ὑπόδεσις@ndfsc καί@b τροφή@ndfsc καί@b κουρά@ndfsc καί@cs ἄλλος@andms- ὁ@ddms περί@p ὁ@dans σῶμα@nansc κόσμος@ndmsc καί@b ἐπιτήδευμα@ndnsc καί@cs προαίρεσις@ndfsc ὅς@rpgnp ἄν@b μάλιστα@b ἐπαινός@vspa3s ἄλλος@rpanp δέ@cs ἄλλος@rpdmp νόμιμος@nanpc σφέτερος@anafs- δέ@cs αἰνέω@vipa3s δίκη@nafsc ἕκαστος@annms- φημί@vipa3s ὁ@dnms πίνδαρος@nnmsp ὁ@dgmp δέ@b γράφω@vpregmp νόμος@ngmpc δύναμις@nnfsc μένω@vipa3s ὁ@dnfs αὐτός@annfs- καί@cs πράσσω@vppadms μέν@b κατά@p ὁ@dafs γραφή@nafsc ἔπαινος@nnmpc καί@b τιμή@nnfpc καί@b δόξα@nnfsc ἀγαθός@annfs- καί@cs ἀσφάλεια@nnfsc πολύς@annfs- παραβαίνω@vppadms δέ@cs ὁ@damp γράφω@vpreamp νόμος@nampc ζημία@nnfpc τε@b καί@b κόλασις@nnfpc καί@cs κίνδυνος@nnmpc ὁ@dnns μέν@b οὖν@b κατά@p ὁ@dams νόμος@namsc ἀδιαίρετος@annns- πλήν@p ὅσος@anans- χρόνος@ndmsc ὁ@dnns δέ@cs ἔθος@nnnsc ἀπόλειψις@nafpc ἔχω@vira3s ὁ@dafs τε@b ὁ@dgms χρόνος@ngmsc καί@b ὁ@dafs ὁ@dgfs τέχνη@ngfsc καί@cs ὁ@dafs ὁ@dgnp ὄνομα@ngnpc πᾶς@annnp- γάρ@b ὁ@dnnp πράσσω@vppennp κατά@p νόμος@namsc καί@cs ἄνευ@p νόμος@ngmsc πάντως@b ἐν@p τις@andms- χρόνος@ndmsc γίγνομαι@vipe3s ἤ1@b γίγνομαι@vira3s ἤ1@cs εἰμί@vifm3s χρόνος@ngmsc δέ@cs ἀπόλειψις@nnfpc καιρός@nnmpc καί@cs ὥρα@nnfpc πράσσω@vipa3p δέ@b ἕκαστος@ananp- ἄνθρωπος@nnmpc ἤτοι@cs τεχνικός@b ἤ1@cs ἄτεχνος@b τεχνικός@b μέν@b ὁ@dnmp ἐπίσταμαι@vppenmp ἄτεχνος@b δέ@b ὁ@dnmp μή@b δεῖ@vipa3s δέ@b ὁ@ddfs τέχνη@ndfsc ἐργαστήριον@ngnpc τε@cs καί@cs μηχάνημα@ngnpc καί@cs ὁ@dgnp ὅσος@rpnnp ἕκαστος@andfs- πρόσφορος@annnp- καί@cs οἰκεῖος@annnp- νομίζω@vire3s ὅτι@cs δέ@b οὐδείς@rpnns ὁ@dgnp εἰμί@vppagnp ἀνώνυμος@annns- εἰμί@vipa3s περισσός@annns- καί@b λέγω3@vnpa-- ὁ@dgnp δέ@b ὄνομα@ngnpc ὅς@b μέν@b εὔφημος@annfs- ὅς@b δέ@b δύσφημος@annnp- νομίζω@nnmpc ὥστε@b ἐάν@cs τις@rpans λέγω3@vspa3s τις@rpnms παρά@p αὐτός@rpanp ὁ@danp ἕξ@an---- στοιχεῖον@nanpc δύναμις@ndfsc μέν@b τις@rpgns οὗτος@rpgnp ἴδιος@anans- ἐρῶ@vifa3s φωνή@ndfsc δέ@b οὐ@b ἴδιος@anans- οἷος@rpnns χαρά@nnfsc καί@cs λύπη@nnfsc καί@cs ἔχθρα@nnfsc καί@cs φιλία@nnfsc καί@cs νόσος@nnfsc καί@cs ὑγεῖα@annfs- καί@cs ἔκκρισις@nnfsc καί@cs πρόσχρησις@nnfsc σῶμα@ngnpc καί@cs κάλλος@nnnsc καί@cs αἰσχρότης@nnfsc καί@cs αὔξησις@nnfsc καί@cs μείωσις@nnfsc καί@cs γένεσις@nnfsc καί@cs τελευτή@nnfsc καί@cs ὅσος@annnp- ἄλλος@rpnnp οὗτος@rpdnp ὅμοιος@annnp- κατά@p φύσις@nafsc πᾶς@annnp- οὐ@b δέ@cs γάρ@b εἰμί@vipa3s ἕτερος@annnp- ὁ@dgfs φύσις@ngfsc οὐ@b δέ@cs ὡς@cs στοιχεῖον@nnnpc οὐ@b δέ@cs γάρ@b εἰμί@vipa3s ὁ@dnfs φύσις@nnfsc ψιλός@annns- ὄνομα@nnnsc ἀλλά@cs ὁ@dnfs ὁ@dgnp πάντῃ@b καί@cs πάντως@b εἰμί@vpfmgfp τε@cs καί@cs οὐ@b εἰμί@vpfmgfp περιφορά@annfs- φύσις@nnfsc ὀνομάζω@vire3s οὕτως@b δέ@b καί@cs ὁ@dnms νόμος@nnmsc καί@cs ὁ@dnns ἔθος@nnnsc οὐ@b αὐτός@rpnnp κατά@p ἑαυτοῦ@rpanp εἰμί@vipa3s ὄνομα@nnnpc ὡς@cs ὁ@dnns βλίτυρι@nnnsc καί@cs ὁσκινδαλός@nnmsc ἀλλά@cs τις@rpgms νόμος@nnmsc καί@cs τις@rpgcs ἔθος@nnnsc ἧμαι@cs ὅταν@cs τις@rpncs εἶπον@vsaa3s γάμος@namsc καί@b μοιχεία@nafsc καί@cs λῃστεία@nafsc καί@b παρακαταθήκη@nafsc καί@b ὕβρις@nafsc καί@cs πάλιν@b αὖ@b κουρά@nafsc καί@b ἐσθής@nafsc καί@cs ποιός@nafsc τροφή@nafsc λανθάνω@vira3s ἑαυτοῦ@rpams νόμος@ngmsc ὄνομα@nansc ἔθος@ngnsc λέγω3@vppanms ὥσπερ@cs ἄλλος@annns- τις@rpnns στοιχεῖον@nnnsc οὕτως@b καί@cs ὅταν@cs σκεῦος@nnnsc μηχάνημα@nansc τις@rpans ἤ1@cs ἐργαλεῖον@nansc ὥσπερ@cs τις@rpnns στοιχεῖον@nnnsc λέγω3@vspa3s ἤ1@cs τέχνη@nafsc λέγω3@vipa3s ἤ1@cs ὄνομα@nansc ἤ1@cs χρόνος@namsc τέχνη@nafsc μέν@b ὅταν@cs ὁ@dafs διά@p ἐργαστήριον@ngnpc ἐργασία@nafsc ὄνομα@nnnsc δέ@b ὅταν@cs μηχάνημα@nnnsc σκεῦος@nnnsc χρόνος@namsc δέ@b ὅταν@cs ἀμφότερος@annnp- οἷος@rpans δρέπανον@nansc ἤ1@cs δίκελλα@nafsc ἐν@p ὁρίζω@vpredmp γάρ@b χρόνος@ndmpc καί@b δρέπανον@ngmsc καί@cs δίκελλα@ngfsc δεῖ@vipa3s ὁ@ddmp ἄνθρωπος@ndmpc κοινός@annms- μέν@b οὖν@b λόγος@nnmsc εἰμί@vipa3s ὅτι@cs πᾶς@annnp- ὁ@dnnp κατά@p φύσις@nafsc νόμος@namsc ἤ1@cs ἔθος@nansc ἤ1@cs τέχνη@nafsc ἤ1@cs ὄνομα@nnnpc ἤ1@cs χρόνος@namsc βλέπω@vppennp ἀγαθός@annnp- ὁ@dnnp δέ@b ἐναντίος@annnp- οὗτος@rpdnp πονηρός@annnp- καί@cs ἀλυσιτελής@annnp- μιμνῄσκω@vmre2s δέ@b ὅτι@cs οὐ@b πάντως@b καθολικός@annms- οὗτος@rpnms ὁ@dnms λόγος@nnmsc ἀλλά@cs ὡς@b ἐπί@p ὁ@dans πλεῖστος@ananss οὕτως@b ἔχω@vppanms πολύς@annnp- γάρ@b καί@b παρά@p ὁ@dafp ὑπόστασις@nafpc ὁ@dgnp πρᾶγμα@ngnpc ἀνάκολούθως@b ὁ@ddfs φύσις@ndfsc καί@cs ὁ@dgnp ἄλλος@angnp- στοιχεῖον@ngnpc τις@rpdns ὁράω@vppennp ἀγαθός@annnp- γίγνομαι@vipe3s οἷος@rpans δοκέω@viaa3s τις@rpncs ὁ@dafs μήτηρ@nafsc τύπτω@vnpa-- εἰμί@viia3s μέν@b οὖν@b παράνομος@annns- ἀλλά@cs οὐδείς@rpans ἥσσων@anansc λυσιτελέω@viaa3s αὐτός@rpdms ἐπεί@cs κεραμεύς@nnmsc τυγχάνω@viaa3s εἰμί@vppanms μήτηρ@nafsc δέ@b ὁ@dafs γῆ@nafsc καλέω@vipa1p ὅς@rpafs ὁ@dnms κεραμεύς@nnmsc τύπτω@vppanms ἐργάζομαι@vipe3s τοιγάρ@b ἐργάζομαι@viae3s πολύς@ananp- μιμνῄσκω@vmre2s δέ@x ὅτι@cs μέγας@annnsc ἔθος@nnnsc μικρός@angms- κρατέω@vipa3s ὡς@b ἀριστείδης@nnmsp ὁ@dnms νομικός@annms- καίτοι@b ἔθος@nansc ἔχω@vppanms ἐν@p λευκός@andnp- πρόειμι@vnpa-- νοσέω@vppanms δοκέω@viaa3s λευκός@ananp- φορέω@vnpa-- ἱμάτιον@nanpc καί@cs οὐδείς@anans- ἀπονίναμαι@viam3s ὁ@dgns ἔθος@ngnsc οὐ@b γάρ@b εἰς@p μακράν@anafs- ἀποθνῄσκω@viaa3s εἰμί@viia3s γάρ@b μέγας@annnsc ἔθος@nnnsc ὁ@dnns ἐπείγω@vppanns κατά@p ὅς@rpans ὁ@dnmp νεκρός@nnmpc ἐν@p λευκός@andnp- ἐκφέρω@vipe3p καί@cs ὁ@dgfp τέχνη@ngfpc δέ@b ὁ@dnfp δύναμις@nnfpc ὅμοιος@annfp- καί@cs εἰ@cs ὁ@ddfs ἐνέργεια@ndfsc εἰμί@vopa3p ἀνόμοιος@annmp- εἰς@p ὁ@dans αὐτός@rpans ἀποβαίνω@vipa3p ὡς@cs ἀπολλωνίδης@nnmsp ὁ@dnms χειρουργός@annms- ὁμηρίζω@vnpa-- νομίζω@vpaanms καί@cs πολύς@anamp- τιτρώσκω@vnpa-- πολύς@anamp- ἐγχειρίζω@viaa3s καί@b γάρ@b ὁ@dnmp ὁμηριστής@nnmpc τιτρώσκω@vipa3p μέν@b καί@cs αἱμάσσω@vipa3p ἀλλά@cs οὐ@b ἀποκτείνω@vnaa-- γε@b βούλομαι@vipe3p οὕτως@b δέ@b καί@cs ὁ@dnms χειρουργός@nnmsc καί@b ὁ@ddmp τρόπος@ndmpc δέ@b ὁ@ddmp ἐρῶ@vpredmp ἐν@p ὁ@ddns πρῶτος@andns- βιβλίον@ndnsc ὡς@b ἀληθής@andmp- προσέχω@viia3s καί@cs οὐ@b ἁμαρτάνω@vifa3s σαφής@b δέ@b αὐτός@rpgmp ἐκεῖ@b καί@cs διδασκαλικός@b ἑρμηνεύω@vpregnp περισσός@anans- ἐνθάδε@b σύ@rpdcs λέγω3@vnpa-- μεριμνητικός@anamp- δέ@b ὄνειρος@anamp- ἡγέομαι@vmpe2s εἰμί@vnpa-- περί@p ὅς@rpgnp ἄν@b μεριμνάω@vpaanmp πρᾶγμα@ngnpc ἤ1@cs ἄλογος@andfs- τις@rpdcs ὁρμή@ndfsc ἐπιθυμία@ndfsc χράομαι@vppenmp εἶδον@vsaa3p ὁ@dnmp ἄνθρωπος@nnmpc ὄνειρος@anamp- ὁ@damp δέ@b αὐτός@rpamp καί@b αἰτητικός@anamp- καλέω@vipa1p διά@p ὁ@dans αἰτέω@vnpa-- τις@rpans παρά@p θεός@ngmsc εἶδον@vnaa-- περί@p ὁ@dgnp ἐν@p πούς@ndmpc πρᾶγμα@ngnpc μιμνῄσκω@vmre2s δέ@b ὅταν@cs μέν@b αἰτέω@vspa2s ὄνειρος@anamp- μή@b τε@cs ἐπιθυμιάω@vnpa-- λιβανωτός@anams- μή@b τε@cs ὄνομα@nanpc ἄρρητος@ananp- λέγω3@vnpa-- καί@cs ὁ@dans κεφάλαιος@anans- εἶπον@vnaa-- περίεργος@anansc ὁ@damp θεός@nampc ἐπερωτάω@viia3s μηδείς@rpans γέλοιος@annns- γάρ@b ἄν@b εἰμί@vopa3s ἄνθρωπος@ngmpc μέν@b ὁ@damp σπουδαῖος@anamp- ὁ@ddmp μετά@p ἀνάγκη@ngfsc αἰτέω@vppadmp καί@b βίαιος@b μηδείς@rpans παρέχω@vnpa-- ὁ@ddmp δέ@b ἐπιεικής@andmp- χαρίζω@vnpe-- θεός@nampc δέ@cs πρός@p βία@nafsc αἰτέω@vppeamp ὑπακούω@vnpa-- μετά@p δέ@b ὁ@dans εἶδον@vnaa-- καί@cs θύω@vmpa2s καί@cs εὐχαριστέω@vipa3s ἔτι@b δέ@b καί@b ὁ@dgmp νομοθετέω@vppagmp ὁ@ddmp θεός@ndmpc καταγελάω@vmpa2s λέγω3@vipa1s δέ@cs ὁ@dgmp εὔχομαι@vppegmp οὕτως@b εἰ@cs ἐγώ@rpdcs πρακτέος@annns- ὅδε@rpnns καί@cs ̔@cs εἰ@cs ἐγώ@rpdcs εἰμί@vifm3s ὅδε@rpnns καί@cs εἰ@cs νῦν@b εἶδον@voaa1s δημήτηρ@ngfsp καρπός@namsc εἰ@cs δέ@cs μή@b διόνυσος@ngmsp καί@cs εἰ@b μέν@b συμφέρω@vipa3s ἐγώ@rpdcs καί@cs λυσιτελέω@vipa3s λαμβάνω@voaa1s τις@rpans εἰ@cs δέ@x μή@cs δίδωμι@voaa1s ̓@ ἐπί@p γάρ@b ὁ@ddnp τοιοῦτος@rpdnp πλάνη@nnfsc γίγνομαι@vipe3s πολύς@annfs- ὁ@dnms μέν@b γάρ@b θεός@nnmsc πρός@p ὁ@dans ἀποβαίνω@vpfmans δίδωμι@vipa3s ὁ@damp ὄνειρος@anamp- ὁ@ddfs ψυχή@ndfsc ὁ@dgms ὁράω@vppagms φύσις@ndfsc μαντικός@andfs- εἰμί@vppadfs εἰ@cs τις@rpnns ἄλλος@rpnns εἰμί@vipa3s αἴτιος@annns- ὁ@dgns ὀνειρώσσω@vnpa-- ὁ@dnms δέ@b πρός@p ὁ@dafs ἑαυτοῦ@rpgms ἐπερώτησις@nafsc ἐκλαμβάνω@vppanms ὁ@danp ἐν@p ὁ@ddmp ὕπνος@ndmpc ὁράω@vpapanp εἰ@cs ἐναντίος@annnp- εἰμί@vopa3s πλανάω@vipe3s οἷος@rpans ὁ@ddms νοσέω@vppadms ἄρτος@nnmpc ὠμός@annmp- καίτοι@b δημήτηρ@ngfsp καρ@annns- πούς@nnmsc εἰμί@vipa3p ἀλλά@cs διά@p ὁ@dans μέλλω@vnpa-- ὀπτάω@vnpe-- λάβρος@anansc ἐπάγω@vipa3p ὁ@dams πυρετός@namsc ὁ@ddms δέ@b γαμέω@vnaa-- καί@cs κοινωνέω@vnaa-- ἐθέλω@vppadms ἄμπελος@nnmsc καί@cs σἶνες@nnmsc ὁ@dnfs μέν@b διά@p ὁ@damp ἕλιξ@nampc ὁ@dnms δέ@b διά@p ὁ@dafs κρᾶσις@nafsc ἐπιτήδειος@ananpc πυρός@ngmpc ἤ1@cs κριθή@ngfpc καί@cs ὁ@ddms περί@p προκοπή@ngfsc φροντίζω@vppadms δωρέω@vnpe-- καί@cs δίδωμι@vnpa-- τις@rpans κρείσσων@anansc ἤ1@cs λαμβάνω@vnpa-- εἰ@cs μή@b ἄρα@b παρά@p ὁ@dgmp βελτίων@angnpc λαμβάνω@vopa3s ὁ@dnms μέν@b γάρ@b πολύς@ananp- ἔχω@vppanms καί@b μεταδίδωμι@voaa3s ἄν@b ὁ@dnms δέ@b οὐ@b ἔχω@vppanms λαμβάνω@voaa3s ἄν@b χρή@vipa3s οὖν@b εὔχομαι@vnpe-- μέν@b ὁ@ddms θεός@ndmsc περί@p ὅς@rpgnp τις@rpncs φροντίζω@vipa3s ὅπως@b δέ@b χρή@vipa3s προαγορεύω@vnpa-- ἐπιτρεπτέον@anans- αὐτός@rpdms ὁ@ddms θεός@ndmsc ἤ1@cs ὁ@ddfs ἑαυτοῦ@rpgms ψυχή@ndfsc"
"Oneir._4.3","θεοπέμπτους@anamp- δέ@b ὄνειρος@anamp- ἡγέομαι@vmpe2s ὁ@damp αἰφνίδιος@anans- ἐφίστημι@vppeamp ὡς@cs καί@cs πᾶς@ananp- ὁ@danp ἀπροσδόκητος@ananp- θεόπεμπτος@ananp- καλέω@vipa1p κρίνω@vmpa2s δέ@b ὁ@danp ἐκ@p ὁλόκληρος@ngmsc μνημονεύω@vppeanp καί@b ὅς@rpgnp ἀκριβής@anafs- κατάληψις@nafsc ὁ@dnms εἶδον@vpaanms ἔχω@vipa3s καί@cs ὅς@rpgnp ἀκριβής@b μιμνήσκω@vire3s ἐπεί@cs εἰ@cs ὁ@dnnp μέν@b ὁράω@vpapanp ἀποβαίνω@vifm3s σύ@rpnms δέ@cs εὑρίσκω@vifp2s ὁ@danp μή@b ὁράω@vpapanp κρίνω@vppanms πταίω@vifa2s χρή@vipa3s δέ@x φεύγω@vnpa-- δόξα@nafsc ἀμαθία@ngfsc"
"Oneir._4.4","ἔθος@nanpp δέ@b ὁ@danp τοπικός@ananp- καί@cs ὁ@dgmp τόπος@ngmpc ὁ@dans ἴδιος@anans- εἰ@cs μή@b ἐπίσταμαι@vipe2s πυνθάνομαι@vmpa2s ἀποδημία@nnfpc δέ@b καί@cs ἀνάγνωσις@nnfpc ἕξις@nafsc σύ@rpdms περιποιέω@vifa3p οὗτος@rpgfp μάλιστα@b οὐ@b γάρ@b ὁ@danp ὀνειροκριτικός@annnp- μόνος@b βιβλίον@nnnpc ἱκανός@annnp- εἰμί@vipa3s ὠφελέω@vnpa-- ἀλλά@cs καί@b ὁ@dnfs ἄλλος@rpnfs ὕλη@nnfsc γυνή@nnfsc δοκέω@viaa3s εἰς@p ὁ@dams ναός@namsc ἤ1@cs οἶκος@namsc ὁ@dgfs ἄρτεμις@ngfsp ὁ@dgfs ἐφεσία@angfs- εἰσέρχομαι@vpaanfs δειπνέω@vnpa-- ὁ@dnfs δέ@b οὐ@b εἰς@p μακράν@anafs- ἀποθνήσκω@viaa3s θάνατος@nnmsc γάρ@b ὁ@dnfs ζημία@nnfsc ὁ@ddfs εἰσέρχομαι@vpaadfs ἐκεῖ@b γυνή@ndfsc ἑταίρα@nafsc δοκέω@viaa3s εἰς@p ὁ@dans ὁ@dgfs ἄρτεμις@ngfsp ἱερόν@nansc εἰσέρχομαι@vnra-- καί@b ἐλευθερόω@viap3s καί@cs καταλύω@viaa3s ὁ@dafs ἑταιρεία@nafsc οὐ@b δέ@cs γάρ@b εἰς@p ὁ@dans ἱερόν@nansc πρότερος@anans- εἰσέρχομαι@voaa3s ἄν@b εἰ@cs μή@b καταλύω@voaa3s ὁ@dafs ἑταιρεία@nafsc καί@cs περί@p ὁ@dgnp ἄλλος@rpgnp δέ@b ἔθος@ngnpc ὁ@dgnp τοπικός@angnp- κατά@p ἕκαστος@anafs- πόλις@nafsc χώρα@nafsc πρός@p ὁ@dans τοπικός@anans- ποιέω@vmpe2s ὁ@dafp κρίσις@nafpc πυνθάνομαι@vnpe-- δέ@b ἐπιμελής@b ἕκαστος@annnp- ὁ@dgnp ἐν@p ὁ@ddmp ὕπνος@ndmpc ὁράω@vppegnp μή@b ὀκνέω@vmpa2s ὡς@cs εἰμί@vipa3s ὅτε@cs μικρός@angns- τις@rpgns πρόσθεσις@ndfsc ἀφαίρεσις@ndfsc ὁ@dnnp ἀποτέλεσμα@nnnpc διαφέρω@vppannp γίγνομαι@vipe3s οἷος@rpans νοσέω@vppaams τις@rpncs ἔχω@vppanms υἱός@namsc δοκέω@viaa3s περαίνω@rpams καί@cs ἥδομαι@vnpe-- ζάω@viaa3s ὁ@dnms παῖς@nnmsc καί@cs γάρ@b ὁ@dans περαίνω@vnpa-- ἔχω@vnpa-- λέγω3@vipa1p καί@cs ὁ@dans κτάομαι@vnre-- λαμβάνω@viap3s δέ@b ὁ@dnns τοιοῦτος@rpnns ἀπό@p ὁ@dgns ἥδομαι@vnpe-- ἄλλος@rpnms νοσέω@vppaams ἔχω@vppanms υἱός@namsc δοκέω@viaa3s περαίνω@vnpa-- αὐτός@rpams καί@cs ἄχθομαι@vnpe-- καί@cs ἀποθνῄσκω@viaa3s ὁ@dnms παῖς@nnmsc φθείρω@vnpe-- γάρ@b ὁ@dans περαίνω@vnpe-- καί@cs ὁ@dans ἀποθνήσκω@vnpa-- ἐπίσης@vpaagfs καλέω@vipa1p λαμβάνω@viap3s δέ@b οὗτος@rpnns ἀπό@p ὁ@dgns ἄχθομαι@vnpe-- περί@p μέν@b οὖν@b ὁ@dgnp ἐν@p ὁ@ddns προοίμιον@ndnsc ὁ@dgns πρῶτος@angns- καί@cs ὁ@dgms δεύτερος@angms- βιβλίον@ngnsc γράφω@vpregnp οὗτος@rpnnp ὁ@dnnp δέ@b ἄλλος@rpnnp ὅσος@annnp- χρή@vipa3s ἐπίσταμαι@vnpe-- σύ@rpacs ὧδε@b ἔχω@vipa3s"
"Oneir._4.5","ὅσος@rpnnp πλέκω@vire3s οὐ@b μόνος@anans- λίνον@nnnpc καί@b δίκτυον@nnnpc καί@cs νεφέλη@nnfpc ἀλλά@cs καί@b κάνεον@nnnpc καί@b σπυρίδες@nnfpc καί@b κανθήλιος@nnnpc καί@b κάλαθος@nnmpc καί@b κεκρύφαλος@annmp- καί@b ὅρμος@nnmpc χρύσεος@annmp- καί@b ἅλυσις@nnfpc πᾶς@annfp- καί@b στέφανος@nnmpc καί@cs ὅσος@annnp- εἶδος@viaa3s ὅμοιος@annnp- πρός@p μέν@b γάμος@nampc καί@b φιλία@nafpc καί@cs κοινωνία@ngfsc ἀγαθός@annnp- διά@p ὁ@dafs συμπλοκή@nafsc πρός@p δέ@cs ἀποδημία@nafsc καί@b δρασμός@namsc καί@cs φυγή@nafsc ἐμπόδιος@annnp- διά@p ὁ@dafp δέω@nafpc καί@cs πρός@p ὁ@dafp πρᾶξις@nafpc ἄπρακτος@annnp- χωρίς@p ὁ@dgmp μετά@p δόλος@ngmsc τις@rpans πράσσω@vppagnp καί@cs ὁ@ddmp φοβέω@vppedmp ἐπίφοβος@ananp- διά@p ὁ@dans κατά@p εκτῖκος@vppaans"
"Oneir._4.6","ὅσος@rpnmp συναντάω@vipa3p καί@cs ὅσος@rpnmp βλέπω@vipe3p ἀνήρ@nnmpc τε@cs καί@cs γυνή@nnfpc ὁ@dnmp μέν@b φίλος@annmp- τε@cs καί@cs εὐεργέτης@nnmpc καί@cs ὁ@dans ὅλος@anans- ὁ@dnmp μή@b βλάπτω@vppanmp ἤ1@cs μή@b βλάπτω@vpaanmp ζάω@vppanmp τε@cs καί@cs νεκρός@nnmpc ἀγαθός@annmp- ὁ@dnmp δέ@b βλάπτω@vppanmp ἤ1@cs βλάπτω@vpaanmp πονηρός@annmp- εἰκών@nafpc γάρ@b ὁ@dgnp πρᾶγμα@ngnpc ὁ@damp ὁράω@vppeamp χρή@vipa3s λογίζομαι@vnpe-- ἀγαθός@angmp- μέν@b ὁ@damp φίλος@nampc κακός@angnp- δέ@cs ὁ@damp ἐχθρός@anamp-"
"Oneir._4.7","ὅς@rpanp πάλαι@b τις@rpnms κτάομαι@vile3s χρῆμα@nanpc ἤ1@cs κτῆμα@nanpc ἤ1@cs ὅς@rpamp πάλαι@b ἔχω@viia3s ἄνθρωπος@nampc ὅτε@cs εὐτυχέω@viia3s ἐάν@cs νῦν@b ἔχω@vnpa-- ἀπορέω@vppanms ἤ1@cs πένης@vppenms δόξα@vsaa3s ἀγαθός@annns- αὐτός@rpdms ὁ@dgfs γάρ@b τότε@b τύχη@ngfsc ὑποστροφή@nafsc σημαίνω@vipa3s ὅς@rpanp πάλαι@b τις@rpnms κτάομαι@vile3s χρῆμα@nanpc ἤ1@cs κτῆμα@nanpc ἤ1@cs ὅς@rpamp πάλαι@b ἔχω@viia3s ἄνθρωπος@nampc ὅτε@cs εἰμί@viia3s ἄπορος@annms- ἤ1@cs πένης@annms- εἰ@cs νῦν@b εὐπορέω@vppanms δοκέω@voaa3s ἔχω@vnpa-- κακός@angnp- αὐτός@rpdms πολύς@angnp- καί@cs πενία@ngfsc σύμβολον@nansc"
"Oneir._4.8","ὁ@dgmp ἐν@p ὁ@ddmp ὕπνος@ndmpc ὁράω@vppegmp ἄνθρωπος@ngmpc ἀγαθός@anafp- ἡμέρα@nafpc ποιέω@vipa3p ὁ@dafp ἔπειμι2@vppaafp ὁ@dnmp ἡδύς@annmps ὁ@dnmp φίλος@annmps ὁ@dnmp φιλέω@vppanmp ὁ@damp ὁράω@vppaamp καί@b ἄν@cs ἀγνοέω@vspa3p αὐτός@rpamp κακός@anafp- δέ@b ὁ@dnmp ἐχθρός@annmp- ἤ1@cs ὁ@dnmp μισέω@vppenmp ὁ@dnmp μισέω@vppanmp ὁ@damp ὁράω@vppaamp καί@b ἄν@cs λανθάνω@vspa3p ἵνα@cs δέ@b μή@b ἄπορος@anans- ὁ@dans τοιοῦτος@rpans εἰμί@vnpa-- νομίζω@vsaa2s ὅταν@cs τις@rpacs ὁ@dgmp φίλος@angmp- εἶδον@vsaa2s καί@cs κακός@anafs- ἡμέρα@nafsc διάγω@vspa2s γιγνώσκω@vmpa2s ὅτι@cs μισέω@vipa3s μέν@b σύ@rpacs προσποιέω@vipe3s δέ@cs σύ@rpa-s φιλέω@vnpa-- καί@b ἐάν@cs τις@rpacs ὁ@dgmp ἐχθρός@ngmpc βλέπω@vspa2s καί@cs καλός@anafs- ἡμέρα@nafsc διάγω@vspa2s γιγνώσκω@vmpa2s ὅτι@cs οὐ@b δίκαιος@b αὐτός@rpams μισέω@vipa2s"
"Oneir._4.9","ὅσος@annmp- συναντάω@vspa3p καί@cs βλέπω@vipe3p τεχνίτης@nnmpc ὅμοιος@b ὁ@ddfp τέχνη@ndfpc ἀποβαίνω@vipa3p αὐτός@rpdmp δέ@b καί@b ὁ@ddfp τέχνη@ndfpc ὅμοιος@b ὁ@dnnp ἐργαστήριον@nnnpc αὐτός@rpgmp ὁράω@vppennp ἀποβαίνω@vipa3s χωρίς@p ἑταίρα@ngfsc καί@cs πορνεῖον@ngnsc αὐτός@rpnfs μέν@b γάρ@b κατά@p ἑαυτοῦ@rpafs ὁ@dnfs πόρνη@nnfsc ἀγαθός@annfs- ὁ@dnns δέ@b ἐργαστήριον@nnnsc αὐτός@rpgfs πονηρός@annns- ὁ@dafp δέ@b αἰτία@nafpc ἐν@p ὁ@ddms περί@p συνουσία@ngfsc ἔχω@vipa2s λόγος@ndmsc"
"Oneir._4.10","παιδίον@ngnpp δέ@b ὁ@dnnp μέν@b ἀρσενικός@annnp- ἀγαθός@annnp- ὁ@dnnp δέ@b θηλυκός@annnp- πονηρός@annnp- ἀμφότερος@annnp- δέ@b φροντίς@ngfpc εἰμί@vipa3s σημαντικός@annnp- παῖς@nnmpc δέ@b καί@cs νεάνισκος@nnmpc γέρων@ngmpc σύμφορος@annmpc βλέπω@vnpe-- πρός@p ὁ@dafp πρᾶξις@nafpc πρός@p δέ@b ὁ@dafp πίστις@nafpc ἀνήρ@nnmpc καί@cs πρεσβύτης@nnmpc παῖς@ngmpc καί@cs νεανίσκος@ngmpc ἀμείνων@annmpc πλήν@b εἰ@cs μή@b τις@rpans πράσσω@vopa3p λέγω@vopa3p ἄτοπος@anans-"
"Oneir._4.11","ὅσος@rpnnp μέν@b βραδύς@b φύω@vipe3s καί@cs βραδύς@b αὐξάνω@vipe3s φυτόν@ngnpc μέν@b δρῦς@nnfsc ἐλαία@nnfsc κυπάρισσος@annfs- καί@cs ὁ@dnnp ὅμοιος@annnp- ζῷον@ngnpc δέ@b ἐλέφας@nnnsc ἔλαφος@nnnsc κορώνη@nnfsc καί@cs ὁ@dnnp ὅμοιος@annnp- καί@cs ὁ@danp ἀγαθός@ananp- καί@cs ὁ@danp κακός@ananp- βραδύς@b ἐπάγω@vipa3s ὅσος@rpnnp δέ@b ταχύς@b φύω@vipe3s καί@cs ταχύς@b αὐξάνω@vipe3s φυτόν@ngnpc μέν@b ἄμπελος@nnfsc καί@cs περσικός@annfs- ζῷον@ngnpc δέ@x χοῖρος@nnmsc καί@cs ὁ@dnnp ὅμοιος@annnp- ταχύς@b καί@cs ὁ@danp καλός@ananp- καί@cs ὁ@danp κακός@ananp- ἐπάγω@vipa3s οὗτος@rpnnp δέ@b καί@b ἐν@p ὁ@ddfp προθεσμία@ndfpc ὁ@dams αὐτός@anams- ἔχω@vipa3s λόγος@namsc ὅμοιος@b λαμβάνω@viia3s καί@b ὁ@danp ἐν@p ἀγρός@ndmsc γεννάω@vppeanp πᾶς@ananp- πρός@p σύγκρισις@nafsc ὁ@dgmp ἐν@p κῆπος@ndmsc καί@b γεωργός@namsc ὁράω@vppeams καί@cs κηπουρός@namsc ἴδιος@b δέ@b ὁ@dnms κῆπος@nnmsc πορνοβοσκός@ndmpc συμφέρω@vipa3s διά@p ὁ@danp πολύς@ananp- σπέρμα@nanpc καί@cs ὁ@dafs πρόσκαιρος@anafs- ἐργασία@nafsc πᾶς@anafp- δέ@b γυνή@nafpc διαβάλλω@vipa3s ὡς@cs ἄσεμνος@anafp- καί@cs μαχλάδας@nafpc ὅσος@rpnnp μακρός@annnp- εἰμί@vipa3s οἷος@rpnns κυπάρισσος@annmp- καί@cs πίτυς@nnfpc καί@cs κάμαξ@nnfpc καί@cs ἀνήρ@nnmpc ἐπιμήκης@annmp- καί@cs ὁ@dnnp ὅμοιος@annnp- πᾶς@ananp- μακροθυμέω@vnpa-- κελεύω@vipa3s καί@cs μή@b κενοσπουδέω@vnpa-- ὅσος@rpnnp δέ@b κολοβός@annnp- καί@cs βραχύς@annnp- σπεύδω@vnpa-- ἐγκελεύω@vipe3s"
"Oneir._4.12","ὅσος@rpnnp δέ@b στερεός@annnp- οἷος@rpnns τεῖχος@nanpc καί@cs θεμέλιος@annmp- καί@cs δένδρον@annnp- καί@cs ὁ@danp σιδήρεος@annnp- καί@cs ὁ@dnnp ἀδαμάντινος@annnp- φοβέω@vppedmp ἀγαθός@annnp- ὅταν@cs ἐμπεριέχω@vspe3s τις@rpnms ὑπό@p αὐτός@rpgmp διά@p γάρ@b ὁ@dans ἀσφαλής@anans- ἄφοβος@annnp- γίγνομαι@vipe3s εἰ@cs δέ@b μή@b ὁ@dnns διαφεύγω@vnpa-- σημαίνω@vipa3s ὅσος@rpnnp μαλακός@annnp- καί@cs εὔτονος@annnp- ἀγαθός@annnp- ἐπίσης@vpaagfs πᾶς@andmp- ὅσος@rpnnp μαλακός@annnp- καί@cs ἄτονος@annnp- ὁ@ddmp φοβέω@vppednp ἀγαθός@annnp- ὅα@rpnnp βαρύς@annnp- κατοχή@ngfsc εἰμί@vipa3s σημαντικός@annnp- καί@cs πενία@ngfsc ταχύς@b γάρ@b εἰς@p ὁ@dans κάτω@b ῥέπω@vipa3s"
"Oneir._4.13","ὄχημα@nnnpp ὅσος@rpnnp νομίζω@vire3s οἷος@rpans ἵππος@ngmpc ὄνος@vppagmp ἡμός@rpgcp ὅς@rpdmp μέν@b ἀγαθός@annnp- ὅς@rpdmp δέ@b κακός@ananp- σημαίνω@vipa3s δείκνυμι@vifa1p δέ@b ὅταν@cs εἰς@p ὁ@dams περί@p ζῷον@ngnpc ἔρχομαι@vsaa1p λόγος@namsc ὅσος@rpnnp δέ@b μή@b νομίζω@vire3s οἷος@anans- λύκων@ngmpc πάρδαλις@angfp- ὑαινέω@ngfpc καί@cs ὁ@dgnp ἄλλος@angnp- θηρίον@ngnpc μόνος@andmp- ἀγαθός@ananp- ὁ@ddmp φοβέω@vppedmp ἐχθρός@nampc δυνατός@anamp- διά@p ὁ@dans ὑποτάσσω@vnre-- ὁ@ddms ἄνιχος@ndmsc ὁ@danp ὑποτάσσω@vpreanp ἐπί@p ἄνθρωπος@ngmpc δέ@b ὀχέω@vnpe-- μόνος@andmp- ἀγαθός@annns- ὁ@ddmp ἄρχω@vnpa-- ἐθέλω@vppadmp καί@cs σοφιστής@ndmpc καί@cs διδάσκαλος@ndmpc καί@cs παιδοτρίβης@ndmpc καί@cs ἀνδραποδιστής@ndmpc ὁ@damp δέ@b λοιπός@anamp- εἰς@p περιβοησία@nafpc καί@cs ὄλεθρος@namsc κατάγω@vipa3s"
"Oneir._4.14","κακκεύω@vnpa-- ὁ@ddmp ἔθος@nansc ἔχω@vppadmp μόνος@andmp- συμφέρω@vipa3s ὁ@damp δέ@cs λοιπός@anamp- ταπεινόω@annmp- ἥσσων@annmpc γάρ@b ὁ@dnmp κολακεύω@vppanmp ὁ@dgmp οὐ@b κολακεύω@vppagmp κολακεύω@vnpe-- δέ@b ὑπό@p οὐδείς@rpgns οὐδείς@rpdms συμφέρω@vipa3s μάλιστα@b δέ@b ὑπό@p γνώριμος@angms- προδοσία@nafsc γάρ@b ἐκ@p ἐκεῖνος@rpgms προσδέχομαι@vnpe-- χρή@vipa3s"
"Oneir._4.15","πωλέομαι@vnpe-- ἀγαθός@annns- ὁ@ddmp ὁ@danp πάρειμι1@vppaanp ἀλλάσσω@vnaa-- βούλομαι@vppedmp οἷος@anans- δοῦλος@ndmpc καί@cs πένης@ndmpc κακός@annns- δέ@b εὔπορος@andmp- καί@cs πιστεύω@vpredmp πολύς@annmp- δέ@b καί@b πιπράσκω@viap3p ὁ@dnns δέ@b πίμπρημι@vnpe-- ὁ@dgns πωλέομαι@vnpe-- οὗτος@rpdfs διαφέρω@vipa3s εἰμί@rpdfs ὁ@dnns μέν@b πίμπρημι@vnpe-- πάντῃ@b καί@cs πάντως@b ἀποβαίνω@vipa3s ὁ@dnns δέ@b πωλέομαι@vnpe-- εἰμί@vipa3s ὅτε@cs καί@cs οὐ@b ἀποβαίνω@vipa3s ἐνδέχομαι@vipe3s γάρ@b ὁ@dans ἔτι@b πωλέω@vppeans μή@b πιπράσκω@vnap-- οὕτως@b δέ@b καί@cs ἐπί@p ὁ@dgnp ἄλλος@rpgnp πᾶς@angmp- ὄνειρος@ngnpc ὁ@dnnp γίγνομαι@vpraanp πάντως@b ἀποβαίνω@vipa3s ὁ@dnnp δέ@b γίγνομαι@vppennp ἤτοι@b ἀποβαίνω@vipa3s οὐ@b"
"Oneir._4.16","ἀγοράζω@vnpa-- ἀγαθός@annns- πᾶς@ananp- ὅσος@rpanp γε@b ἀγοράζω@vipa3p ἄνθρωπος@nnmpc εἰ@cs μή@b κειμήλιον@annnp- ὁ@dnnp δέ@b πρός@p τροφή@nafsc πένης@ndmpc ἐπιτήδειος@annnpc ὁ@ddmp γάρ@b εὔπορος@andmp- ἀνάλωμα@nanpc σημαίνω@vipa3s"
"Oneir._4.17","ἐπικτάομαι@vnam-- καί@cs πολυτελής@anafsc καί@cs ἐγκατάσκευος@anafs- ἔχω@vnpa-- οὐσία@nafsc ὁ@dgfs γε@b εἰμί@vppagfs πολυτελής@anafsc καί@cs μέτριος@b ἀγαθός@anafsc καλός@annns- παντελής@b δέ@x ὑπέρ@p δύναμις@nafsc πλουτέω@vnpa-- ἄτοπος@annns- καί@cs ζημία@ngfsc εἰμί@vipa3s σημεῖον@nnnsc χρή@vipa3s γάρ@b ὁ@dams πλουτέω@vppaams ἀναλίσκω@vnpa-- καί@cs ἐπιβουλή@ngfsc μετέχω@vnpa-- καί@cs φθόνος@ngmsc ὁ@dans δέ@b παρά@p δύναμις@nafsc πρός@p ὁ@dafs ἕκαστος@angns- ὑπόστασις@nafsc σκοπέω@vmpa2s"
"Oneir._4.18","πένομαι@vnpe-- οὐδείς@rpdms συμφέρω@vipa3s μόλιστος@ananp- ῥήτωρ@ndmpc καί@cs πᾶς@andmp- φιλόλογος@andmp- ἀπορέω@vnpe-- γάρ@b ἐπίσης@vpaagfs ὁ@dans πένομαι@vnpe-- καί@cs ὁ@dans μή@b δύναμαι@vnpe-- φθέγγομαι@vnpe-- φημί@vipa1p"
"Oneir._4.19","ὁ@dnnp παρά@p ἡλικία@nafsc ὁ@ddnp βρέφος@ndnpc συμβαίνω@vipa3s πονηρός@annnp- ἄρσην@ndmpc μέν@b πώγων@ngmpc καί@cs πολιός@nnnpc θῆλυς@ndfpc δέ@b γάμος@nnmpc καί@cs τοκετός@nnmpc καί@cs ὁ@dnnp ἄλλος@rpnnp ὁ@dnnp πρό@p ὁ@dgfs ὥρα@ngfsc πᾶς@annnp- πλήν@p λαλιά@ngfsc εἰκότως@b δέ@b ὁ@dnnp ἄλλος@rpnnp ὁ@dnnp πρό@p ὁ@dgns δεῖ@vppagns γίγνομαι@vppennp θάνατος@namsc σημαίνω@vipa3s ὅτι@cs ἐγγύς@b εἰμί@vipa3s ὁ@dgns γῆρας@ngmsc μετά@p ὅς@rpans πάντως@b ἀκολουθέω@vipa3s θάνατος@nnmsc λαλιά@nnfsc δέ@b ἀγαθός@annfs- ὅτι@cs φύσις@ndfsc λογικός@annns- ζῷον@nnnsc εἰμί@vipa3s ὁ@dnms ἄνθρωπος@nnfsc γραμματικός@annms- δοκέω@viia3s ὁ@dams υἱός@namsc αὐτός@rpgms μείς@ngmpc εἰμί@vppaams πέντε@ λαλέω@vnpa-- τρανής@b καί@cs ἔναρθρος@b καί@b προσδοκάω@viia3p μέν@b τις@rpnmp ὁ@dans παιδίον@nansc ἀποθνῄσκω@vnfm-- ζάω@viaa3s δέ@cs καί@cs πολύς@annnp- ἄλλος@annnp- παιδίον@nnnpc ἐπί@p οὗτος@andms- ὁ@ddms ὄνειρος@ndmsc ζάω@vipa3s περί@p δέ@b ὁ@dgnp ἄλλος@rpgnp ὁ@dgmp παρά@p ἡλικία@nafsc ἐπί@p ὁ@dgmp μηκέτι@b βρέφος@ngmpc ἐν@p ὁ@ddns περί@p ἀλλοίωσις@ngfsc ἐν@p ὁ@ddns πρῶτος@andns- βιβλίον@ndnsc ἐπιμελής@b διαιρέω@vire3s"
"Oneir._4.20","πειράω@vipa1s δέ@b πᾶς@ananp- μέν@b αἰτιολογέω@vnpa-- καί@cs προσάπτω@vnpa-- ἕκαστος@andms- λόγος@namsc καί@cs πιθανός@anafp- τις@anafp- ἀπόδειξις@nafpc ὡς@cs εἰ@cs καί@b πάνυ@b ἀληθής@ananp- λέγω@vopa2s ψιλός@ananp- καί@cs περιλεπίζω@vpreanp ἀποτέλεσμα@nanpc λέγω3@vppanms ἥσσων@anansc εἰμί@vnpa-- δοκέω@vifa2s ἔμπειρος@annms- αὐτός@rpnms δέ@b μή@b ἐξαπατάω@vsap2s ὡς@b ὁ@dgfs αἰτιολογία@ngfsc κύριος@angfs- ὁ@dgnp ἀποτέλεσμα@ngnpc εἰμί@vppagfs πολύς@annnp- γάρ@b ἀποβαίνω@vipa3s συνεχής@b ἔνιοι@andnp- καί@cs ὅτι@cs μέν@b κατά@p λόγος@namsc ἀποβαίνω@vipa3s οἶδα@vira1p ἐκ@p ὁ@dgns πάντοτε@b ὅμοιος@b ἀποβαίνω@vnpa-- ὁ@dafp δέ@b αἰτία@nafpc διά@p ὅς@rpafp οὕτως@b ἀποβαίνω@vipa3s εὑρίσκω@vnaa-- οὐ@b δύναμαι@vipe1p ὅθεν@b ἡγέομαι@vipm1p ὁ@dafp μέν@b ἀπόβασις@nafpc ἀπό@p ὁ@dgfs πεῖρα@ngfsc εὑρίσκω@vnre-- ὁ@dafp δέ@b αἰτιολογία@nafpc ἀπό@p ἐγώ@rpgmp αὐτός@rpgmp κατά@p ὁ@dafs ἕκαστος@angms- δύναμις@nafsc ἔτι@b καί@b οὗτος@rpnns ὅσος@annnp- πάντῃ@b καί@cs πάντως@b ἀκολουθέω@vipa3s τις@rpdmp ὁ@dgnp γίγνομαι@vppegnp καί@cs ἐν@p ὁ@ddmp ὕπνος@ndmpc ἀκολουθέω@vnaa-- ἀνάγκη@nnfsc οἷος@rpans ζωγράφος@nnmsc δοκέω@viaa3s ὁ@dafs ἑαυτοῦ@rpgms μητρυιά@nafsc περαίνω@vnpa-- ἔπειτα@b εἰς@p ἔχθρα@nafsc καθίστημι@viaa3s ὁ@ddms πατήρ@ndmsc ἀκολουθέω@vipa3s γάρ@b πᾶς@andfs- μοιχεία@ndfsc ζηλοτυπία@nnfsc καί@cs ἔχθρα@nnfsc οὗτος@rpans δέ@b καί@b ἐπί@p ὁ@dgnp ἄλλος@angnp- ὄνειρος@ngnpc παρατηρέω@vifa3s πᾶς@angnp- καί@cs οὐ@b ἁμαρτάνω@vifa3s ὅσος@annmp- σημαίνω@vipa3p ὄνειρος@nnmpc παῖς@ngmpc γονή@nafsc ἤ1@cs γάμος@namsc ὁ@dnmp αὐτός@rpnmp καί@b ὁ@damp ἀποδημέω@vppaamp παῖς@na-pc ἐπανάγω@vipa3p καί@cs ὁ@dafs ἀπαλλαξείω@vpreafs γυνή@nafsc δοκέω@viaa3s τις@rpnms ἀροτριάω@vnpa-- καί@cs σπείρω@vnpa-- πυρός@nampc καί@cs ἐπανήκω@viia3p αὐτός@rpdms ὁ@dnmp παῖς@nn-pc ἐκ@p ἀποδημία@ngfsc καί@cs ὁ@dnfs γυνή@nnfsc χωρίς@b οἰκέω@vppanfs"
"Oneir._4.21","πρός@p δέ@b ὁ@damp λέγω3@vppaamp ὅτι@cs ὁ@dnmp κακός@annmp- ὄνειρος@nnmpc ταχύς@anans- ἀποβαίνω@vipa3p ὁ@dnmp δέ@b ἀγαθός@annmp- βραδύς@b καί@cs οὐ@b ἀποβαίνω@vipa3p εἶπον@voaa2s ἄν@b ὅτι@cs οὐ@b εἰμί@vipa3s ἀληθής@annns- ὁ@dnns τοιοῦτος@rpnns ὁ@dnfs δέ@b αἰτία@nnfsc ὁ@dgfs πλάνη@ngfsc εἰμί@vipa3s ὅδε@rpnfs ἤτοι@cs κακός@anamp- ὁράω@vipa3p ὄνειρος@anamp- ἔχω@vppaamp φαντασία@ngfsc ἀγαθός@anafp- καί@cs κακός@angnp- ἀποβαίνω@vppagnp ἡγέομαι@vipe3p ὑπό@p ἀγαθός@angmp- ὄνειρος@ngmpc ἐξαπατάω@vnre-- διό@b παρατίθημι@vifa3s ὁ@damp ἐκ@p ὁ@dgms εἰδικός@angms- τρόπος@ngmsc ὄνειρος@nampc ὁ@damp κατά@p ὁ@dans ἐντός@b μέν@b ἀγαθός@anamp- κατά@p ὁ@dans ἐκτός@b δέ@b κακός@anamp- ἤ1@cs ὁ@dans πάρειμι1@vppaans ὁ@dnmp ἄνθρωπος@nnmpc κακοδαιμονάω@vppanmp ὁράω@vipa3p κακός@anamp- ὄνειρος@nampc σημαντικός@anamp- ὁ@dgnp ἐνίστημι@vpragnp κακός@angnp- καί@cs ἀγαθός@anamp- προαγορευτικός@anamp- ὁ@dgnp εἰμί@vpfmgnp ἀγαθός@angnp- οὐδέπω@b δέ@b ἀποβαίνω@vppagmp ὁ@dgnp ἀγαθός@angnp- ἡγέομαι@vipe3p ἐξαπατάω@vnre-- φαίνω@vipe3s δέ@b καί@b ὁ@ddmp εὐδαιμονέω@vppadmp κακός@annnp- ἐνύπνιον@nnnpc καί@cs οὐδέπω@b ἀποβαίνω@vppannp καταφρονέω@vipe3s ἀλλά@b πάντως@b ἀποβαίνω@vipa3s ὁ@dgnp δέ@b εἰμί@vppagnp ὄνειρος@ngmpc ὁ@dnmp μέν@b εἰμί@vipa3p πᾶς@andmp- κακός@annmp- ἕκαστος@andms- κατά@p δύναμις@nafsc ποιόω@vppaans τις@rpans κακός@anans- σημαίνω@vppanmp ὁ@dnmp κατά@p ὁ@dans ἐντός@b καί@cs κατά@p ὁ@dans ἐκτός@b κακός@annmp- ὅς@rpgmp ἐν@p ὁ@ddns πρῶτος@andns- βιβλίον@ndnsc ἐπιμιμνήσκομαι@viap1s ὁ@dnmp δέ@b ἐπίσης@vpaagfs πᾶς@andmp- ἀγαθός@annmp- ὁ@dnmp καί@cs κατά@p ὁ@dans ἐντός@b καί@cs κατά@p ὁ@dans ἐκτός@b ἀγαθός@annmp- ὁ@dnmp δέ@b κατά@p μέν@b ὁ@dans ἕτερος@anans- ἀγαθός@annmp- κατά@p δέ@cs ὁ@dans ἕτερος@anans- κακός@annmp- ὅς@ddmp μέν@b ἀγαθός@annmp- ὅς@rpdmp δέ@b κακός@annmp- γίγνομαι@vipe3p γιγνώσκω@vifm2s δέ@b ποτέ@b μέν@b ἀγαθός@annmp- ποτέ@b δέ@cs κακός@annmp- γίγνομαι@vipe3p ἀπό@p ὁ@dgfs τύχη@ngfsc ἤ1@cs ὁ@dgfp πρᾶξις@ngfpc ἤ1@b ὁ@dgfs φροντίς@ngfsc ἤ1@cs ὁ@dgfs ἡλικία@ngfsc ὁ@dgmp ὁράω@vppagmp"
"Oneir._4.22","περί@b συνταγής@vppanms ὅτι@cs μέν@b θεός@nnmpc ἄνθρωπος@ndmpc συντάσσω@vipa3p θεραπεία@ngfsc μάταιος@annns- ὁ@dnns ζητέω@vnpa-- πολύς@annmp- γάρ@b καί@b ἐν@p πέργαμον@ndfsp καί@b ἐν@p ἀλεξάνδρεια@ndfsp καί@cs ἀλλαχοῦ@b συνταγή@ndfpc θεραπεύω@viap3p εἰμί@vipa3p δέ@cs ὅς@rpnmp καί@b ὁ@dafs ἰατρικός@anafs- ἐκ@p τοιοῦτος@angfp- συνταγής@ngfpc λέγω3@vipa3p εὑρίσκω@vnre-- ὅτι@cs δέ@b ὅς@b ἀναγράφω@vipa3p τις@rpnmp συντα@p γῆ@nafpc πολύς@angms- γέλως@ngmsc εἰμί@vipa3p μεστός@nnfpc καί@cs ὁ@ddmp ἐπί@p ποσός@anans- ἀφίημι@vppedmp φρόνησις@ngfsc ἡγέομαι@vipe1s σαφής@anans- εἰμί@vnpa-- οὐ@b γάρ@b ὁ@danp ὀράω@vpreanp ἀναγράφω@vipa3p ἀλλά@cs ὅσος@ananp- ἄν@b αὐτός@rpnmp πλάσσω@vsaa3p ὅταν@cs γάρ@b τις@rpncs λέγω3@vspa3s νηρηΐς@ngmpp ζωμός@namsc χειμών@ndmsc συνταγή@nafsc δίδωμι@vnre-- τις@rpdmp δοκέω@vipa3s ἐγώ@rpdcs ὁ@dafp χείμας@nafpc ὁ@dgfp πελωρίδες@ngfpc ἀποκληρόω@vppaafp βελτίων@anampc ἡγέομαι@vnpe-- καί@cs πελώριος@ngnsc ἐγκέφαλος@namsc ὁ@dams ἀλεκτρυών@ngmsc καί@cs ἰνδός@nampp δάκνω@vppaamp πέπερι@ndfsc καί@cs παρθένος@ngfsc γάλα@nansc δάκρυον@nansc καί@cs ἄστρον@ngnpc αἷμα@nansc δρόσος@namsc καί@cs πρόβατον@nansc ρ@n---p κρητικός@anans- μῆλον@nansc κυδώνιος@anans- καί@cs ὅσος@ananp- τοιοῦτος@rpanp ἵνα@cs μή@b μακρός@anamsc ἀποτείνω@vspa1s λόγος@namsc δεῖ@vipa3s γάρ@b μή@b ὁ@damp ἀλλότριος@anamp- λῆρος@nampc διαβάλλω@vppaams ὁ@dgfs ὑπόθεσις@ngfsc ἀποπλανάομαι@vnpe-- ἀρκέω@vipa3s γάρ@b καί@b διά@p ὀλίγος@angmp- ἐν@p ὑπόδειγμα@ngnsc λόγος@ndmsc ἐλέγχω@vnpa-- ὁ@danp τοιοῦτος@rpanp ὅταν@cs οὖν@b ὁ@danp τοιοῦτος@rpanp ἄττα@ananp- ἀναγράφω@vspa3p δοκέω@vipa3p ἐγώ@rpdms ὁ@dafs ἑαυτοῦ@rpgmp ἕξις@nafsc ἐπιδείκνυμι@vnpa-- ὅτι@cs δύναμαι@vipe3p πλάσσω@vnpa-- ὄνειρος@anamp- μᾶλλον@b ἤ1@cs ὁ@dans ὁ@dgmp θεός@ngmpc φιλάνθρωπον@anans- συνίημι@vnpa-- εἷς@nnnsc γάρ@b οὐ@b δέ@b εἷς@anans- τοιοῦτος@anans- ἀληθής@b ὁράω@vpapnns εἰς@p ἐγώ@rpamp ἔρχομαι@viaa3s ἡγέομαι@vipe1s δέ@b καί@b ὁ@damp θεός@nampc ὅς@rpdmp οὗτος@rpanp προσάπτω@vipa3p εἰκότως@b ἄν@b χαλεπαίνω@vnpa-- ὁ@ddmp ἀναπλάσσω@vppadmp αὐτός@rpanp ὅτι@cs κακόζηλος@anamp- καί@cs πανοῦργος@anamp- καί@cs ἄσοφος@anamp- ὁ@damp θεός@nampc διαβάλλω@vipa3p πολύς@annmp- δέ@b καί@b ἐκ@p ὁ@dgnp ἀριστοτέλης@ngmsp περί@p ζῷον@ngnpc καί@cs ἀρχέλαος@ngmsp καί@cs ὁ@dgnp ξενοκράτης@ngmsp ὁ@dgms ἀφροδισιεύς@ngmsp παρακούω@vpranmp ὑπό@p ὅς@rpgns ἕκαστος@annns- ζῷον@nnnsc θεραπεύω@vipe3s καί@b τίς@rpans ἕκαστος@annns- φοβέω@vipe3s καί@cs ὅς@rpanp μάλιστα@b χαίρω@vipa3s εἰς@p συνταγή@nafpc καί@cs θεραπεία@nafpc ἀναπλάσσω@vira3p καί@b τις@rpnms κάδος@angfs- συνταγή@nafpc καί@cs θεραπεία@ngfsc ἀναπλάσσω@vipa3s ὅς@rpnms μάλιστα@b κατάκορος@b ἐν@p τρίτος@andms- ὁ@dgfs ἑαυτοῦ@rpgms σύνταξις@ngfsc χράω2@vire3s οὕτως@b ὅς@rpgms ἐγώ@rpnms καίπερ@b εὖ@b οἶδα@vpranms ὁ@dans ὄνομα@nansc οὐ@b ἐπιμιμνήσκομαι@vifp1s ὁ@dafp δέ@b συνταγή@nafpc ὁ@dgmp θεός@ngmpc ἤτοι@cs ἁπλόος@anafp- καί@cs οὐδείς@rpans ἔχω@vppaafp αἴνιγμα@nanpc εὑρίσκω@vila2s χριστός@ananp- γάρ@b ἤ1@cs ἐπίπλαστος@ananp- ἤ1@cs βρωτός@ananp- ἤ1@cs ποτόν@ananp- ὁ@ddnp αὐτός@rpdnp ὄνομα@ndnpc ὅς@rpdnp καί@b ἐγώ@rpncp καλέω@vipa1p συντάσσω@vipa3p ὁ@dnmp θεός@nnmpc καί@cs ὅταν@cs αἰνίσσομαι@vspe3p ὁ@dnmp θεός@nnmpc πάνυ@b σαφής@b αἰνίσσομαι@vipe3p οἷος@rpans γυνή@nnfsc δοκέω@viaa3s περί@p μαστός@namsc ἔχω@vppanfs φλεγμονή@nafsc ὑπό@p πρόβατον@ngnsc θηλάζω@vnpe-- ἀρνόγλωσσος@anans- καταπλήσσω@vpamnfs θεραπεύω@viap3s οἷος@rpafs δέ@b ἄν@b θεραπεία@nafsc εὑρίσκω@vsaa2s ἐάν@cs τε@cs αὐτός@rpnms κρίνω@vsaa2s ἐάν@cs τε@cs ἄλλος@rpgms κρίνω@vpaagms ἀποβαίνω@vpaaafs μανθάνω@vsaa2s ἀνερευνάω@vppanms εὑρίσκω@vifa2s ἰατρικός@ananps ἔχω@vppaafs καί@cs οὐ@b ἔξω@vope2s ὁ@dgns ἐν@p ἰατρικός@andfs- λόγος@ngmsc ὡς@b καί@b φρήν@nnmsp ὁ@dnms ἀρθριτικός@annms- θεραπεία@nafsc αἰτέω@vpaanms δοκέω@viaa3s ἐν@p ὁ@ddnp προάστειον@ndnpc περιπατέω@vnpa-- καί@cs πρόπολος@ndfsc χρίω@vpamnms παρηγορέω@viap3s ἱκανός@b ὅθεν@b εἰμί@vmpa3s σύ@rpdcs κατά@p ὁ@dans ἐνδέχομαι@vppeans ἐπιμελής@anans- ὡς@cs πολλάκις@b σύ@rpdcs παραινέω@viia3p ἰατρικός@angmp- ἔχω@vnpe-- λόγος@ngmpc μιμνῄσκω@vmre2s δέ@b καί@b ἐκεῖνος@rpans ὅτι@cs ὁ@dnmp μή@b νοσέω@vppanmp μη@b δέ@cs ὅλος@b ἀλγέω@vppanmp τις@rpans εἰ@cs τις@rpacs λαμβάνω@voaa3p συνταγή@nafsc ἤ1@cs ἀπό@p ἱερεῖον@ngnpc ἤ1@cs ἔμπυρος@ngnpc τις@rpans λαμβάνω@vpaanmp ἀποφέρω@vopa3p ὡς@b ὠφελέω@anafs- νοσέω@vifa3p ἤ1@cs ἀλγέω@vifa3p τις@rpans μέρος@nansc ὁ@dgns σῶμα@ngnsc οὐ@b γάρ@b ὁ@ddmp ὑγιαίνω@vppadmp ἀλλά@cs ὁ@ddmp κάμνω@vppadmp δεῖ@vipa3s θεραπεία@ngfpc ἔτι@cs καί@b ἐκεῖνος@rpnns μιμνῄσκω@vmre2s ὁ@dgfp ἐμός@angfp- κρίσις@ngfpc καί@cs ὁ@dgfs ἐμός@angfs- ἐπιβολή@ngfsc καί@cs μή@b ζηλόω@vsaa2s κακόζηλος@anamp- κρίσις@nafpc μη@b δέ@b ἐάν@cs ἐπαινέω@vnpe-- πρός@p τις@rpgcs μέλλω@vspa2s μη@b δέ@cs ἀπό@p εἷς@ συλλαβή@ngfsc κρίνω@vsaa2s ὄνειρος@anamp- ἵνα@cs μή@b πταῖσμα@ndnpc περιπτύω@vppanms ἀδοξέω@vsaa2s οἷος@rpans νοσέω@vppanms τις@rpnms δοκέω@viaa3s πείσων@namsp τις@anams- καλέω@vppeams ὁράω@vnpa-- οὗτος@rpans τις@rpnms ὑποκρίνομαι@viam3s πολύς@anafs- ἀσφάλεια@nafsc καί@cs σωτηρία@nafsc καί@cs προσέτι@b φημί@viia3s ἐνενήκοντα@an---- καί@cs πέντε@an---- ζάω@vnfa-- αὐτός@rpams ἔτος@nanpc ἀπό@p ὁ@dgfs πρῶτος@angfs- ὁ@dgms πείσων@ngmsp συλλαβή@ngfsc ἀλλά@b οὐδείς@rpans ἥσσων@anansc ἀποθνῄσκω@viaa3s ὁ@dnms εἶδον@vpaanms ὁ@dams ὄνειρος@namsc ἐν@p αὐτός@andfs- ὁ@ddfs νόσος@ndfsc καί@b γάρ@b ὁ@dnms πείσων@nnmsp αὐτός@rpdms μύρον@nanpc βαστάζω@vnpa-- δοκέω@viia3s νοσέω@vppadms δέ@cs πονηρός@ananp- ὁ@danp μύρον@nanpc διά@p ὁ@dans συνεκφέρω@vnpe-- μή@b νομίζω@vsaa2s δέ@b ὁ@dams ὁ@dgms ναύκληρος@ngmsc ὄνειρος@namsc οὗτος@rpdms ὅμοιος@anams- εἰμί@vnpa-- πυνθάνομαι@vppedms γάρ@b αὐτός@rpdms εἰ@cs ἀναβαίνω@vifm3s εἰς@p ῥώμη@nafsp ἀποκρίνω@viam3s τις@rpncs οὐ@b εἰς@p τετρακόσιοι@anafp- ἑβδομήκοντα@an---- ἡμέρα@nafpc ἀναβαίνω@viaa3s οὐδείς@rpans γάρ@b διαφέρω@viia3s ἤ1@cs ὁ@dams ἀριθμός@namsc αὐτός@rpams εἶπον@vnaa-- ὁ@dans ὄνομα@nansc ὁ@dgns στοιχεῖον@ngnsc ὁ@dgns δηλόω@vppagms ὁ@dams ἀριθμός@namsc"
"Oneir._4.23","περί@p δέ@b ἀναγραμματισμός@ngmsc ἀρίστανδρος@nnmsp ἄριστος@annms- εἰμί@vppanms ὀνειροκρίτης@nnmsc καί@cs ἄλλος@rpnmp τις@rpnmp παλαιός@annmp- παντελής@b γέλοιος@anans- τις@rpans πάσχω@vira3p ἐν@p μέν@b γάρ@b ὁ@ddnp προοίμιον@ndnpc διδάσκω@vipa3p τίς@rpnns εἰμί@vipa3s ἀναγραμματισμός@nnmsc οὐδαμοῦ@b δέ@cs φαίνω@vipe3p αὐτός@rpnmp χράω2@vpamnmp οὐ@b τε@cs μετατίθημι@vpaanmp συλλαβή@nafpc οὐ@b τε@cs ἀφαιρέω@vpaanmp ἤ1@cs προστίθημι@vpaanmp γράμμα@nanpc ἐγώ@rpnms δέ@b καί@b ἐν@p ἀρχή@ndfsc ὁ@dgfs ἐμός@angfs- σύνταξις@ngfsc ἐπιμιμνήσκομαι@viap1s καί@cs νῦν@b σύ@rpdms παραινέω@vipa1s χράω@vnpe-- μέν@b ἀναγραμματισμός@ndmsc ὅταν@cs τις@rpdcs κρίνω@vppanms ὄνειρος@anamp- ἐθέλω@vspa2s ἕτερος@angms- σοφός@anansc δοκέω@vnpa-- κρίνω@vnpa-- ἑαυτοῦ@rpdns μέντοι@b κρίνω@vppanms μηδαμῶς@b χράω2@vifm2s ἐπεί@cs ἐξαπατάω@vifa3s"
"Oneir._4.24","ἰσόψηφος@ndmpp δέ@b χρῆσις@vifa3s ὅταν@cs καί@b χωρίς@p ὁ@dgnp ἰσοψήφων@angnp- ὁ@danp βλέπω@vppeanp οὗτος@rpans ὅσπερ@rpans ἄν@b ὁ@dnnp ἰσόψηφος@annnp- περιέχω@vspa3s σημαίνω@vspa3s οἷος@rpans γραῦς@nnfsc ὁ@ddmp νοσέω@vppadmp ὁράω@vppenfs θάνατος@ngmsc γίγνομαι@vipe3s σύμβολον@nnnsc εἰμί@vipa3s γάρ@b γραῦς@nnfsc ἑπτακόσιοι@ τέσσαρες@ καί@cs ὁ@dnfs ἐκφορά@nnfsc ἑπτακόσιοι@ τέσσαρες@ ἀλλά@cs καί@b χωρίς@p ὁ@dgns ἰσόψηφος@angms- γραῦς@nnfsc ἐκφορά@ngfsc εἰμί@vipa3s σημαντικός@annfs- αὐτός@rpnfs μέλλω@vppanfs μή@b εἰς@p μακράν@anafs- ἀποθνήσκω@vnpa-- εἰ@cs δέ@b ποτέ@b τις@rpacs ὄνειρος@namsc μηδείς@rpdms ὁ@dgnp ὀνειροκριτικός@angnp- θεώρημα@ngnpc ὑποπίπτω@vppaams μή@b δύναμαι@voap2s κρίνω@vnaa-- μή@b ἀθυμέω@vsaa2s καί@b γάρ@b εἰμί@vipa3p τις@rpnmp πρό@p ὁ@dgfs ἀπόβασις@ngfsc ἄκριτος@annmp- ὅς@rpamp κρίνω@vppanms μέν@b ἐπιτυχής@annms- παρά@p γε@b ἐγώ@rpdms εἰμί@vnpa-- δοκέω@vifa2s μή@b κρίνω@vppanms δέ@cs οὐ@b ἄτεχνος@annms- οἷος@rpans δοκέω@viaa3s τις@annms- στρατοπεδάρχης@nnmsc ἐπί@p ὁ@ddfs μάχαιρα@ndfsc αὐτός@rpgms γράφω@vnre-- ῑ@ndfsc θ@n---c γίγνομαι@viam3s πόλεμος@nnmsc ὁ@dnms ἰουδαικός@annms- ἐν@p κυρήνη@ndfsp καί@cs ἀριστεύω@viaa3s ἐν@p ὁ@ddms πόλεμος@ndmsc ὁ@dnms εἶδον@vpaanms ὁ@dams ὄνειρος@namsc καί@cs οὗτος@rpnns εἰμί@viia3s ὅς@rpans εἶπον@viaa1p ἀπό@p μέν@b ὁ@dgns ῑ@ ἰουδαῖος@ndmpp ἀπό@p δέ@b ὁ@dgns καί@ κυρηναῖος@ndmpp ἀπό@p δέ@cs ὁ@dgms θ@b θάνατος@ngmsc ἀλλά@b πρό@p μέν@b ὁ@dgfs ἀπόβασις@ngfsc εἰμί@viia3s ἄκριτος@annms- ἀποβαίνω@vpaagnp δέ@cs ὁ@dgnp ἀποτέλεσμα@ngnpc καί@b σφόδρα@b εὔκριτος@annms- δοκέω@vipa3s δέ@b ἐγώ@rpdms καί@b ἀρίστανδρος@nnmsp ἀλέξανδρος@ndmsp ὁ@ddms μακεδών@ndmsp πολιορκέω@vppadms τύρος@namsp καί@b πρόσκάθημαι@vprmdms καί@b διά@p ὁ@dams χρόνος@namsc ἀσχάλλω@vppadms καί@cs ἀνιάω@vppedms δοκέω@vpaadms ὄναρ@nansc ἐπί@p ὁ@dgfs ἀσπίς@ngfsc σάτυρος@namsp παίζω@vppaams εἶδον@vnaa-- ἐπιτυχής@b κρίνω@vnaa-- ὅτι@cs τυγχάνω@viaa3s ἐν@p τύρος@ndmsp τε@b εἰμί@vppanms καί@cs πολεμέω@vppadms τυπίος@nampp ὁ@ddms βασιλεύς@ndmsc σύνειμι@vppanms ὁ@dans γάρ@b σάτυρος@nnmsp ὄνομα@nansc εἰς@p ὁ@dans σός@ananp- τύρος@namsp διαλαμβάνω@vpaanms πρόθυμος@anansc ὁ@dams βασιλεύς@namsc πολεμέω@vnpa-- ποιέω@viaa3s ὥστε@cs καί@b αἱρέω@viaa3s ὁ@dafs πόλις@nafsc εἰμί@vipa3s δέ@b οὗτος@rpdnp ὅμοιος@annns- καί@cs ὁ@dnns ὑπογράφω@vprenns ὁ@dnms σύρος@nnmsp ὁ@dnms ὁ@dgms ἀντίπατρος@ngmsp δοῦλος@nnmsc ὑποκάτω@p ὁ@dgmp πούς@ngmpc αὐτός@rpgms ὁ@danp πέλμα@nanpc δοκέω@viaa3s μή@b ἔχω@vnpa-- ζάω@vppanms κατακαίω@viap3s ἔτι@b ὁ@dnns δηλέομαι@vppenns ὑπό@p τις@rpgms πάλιν@b αὖ@b ἐκεῖνος@rpgms εἰμί@vipa3s αημαντικός@annns- ὑπό@p ὅς@rpgms δηλόω@vipe3s οἷος@rpans γυνή@nnfsc δοκέω@viaa3s ὁ@danp ὄμμα@nanpc ἀλγέω@vnpa-- νοσέω@viaa3p αὐτός@rpgfs ὁ@dnmp παῖς@nnmpc ἄλλος@annfs- γυνή@nnfsc δοκέω@viaa3s αὐτός@rpgfs ὁ@damp παῖς@nampc νοσέω@vnpa-- νοσέω@viaa3p αὐτός@rpgfs ὁ@danp ὄμμα@nanpc διογένης@nnmsp ὁ@dnms ναύκληρος@annms- ὁ@dgfs ἄκατος@angfs- ὁ@dans ἀντιπρόσωπος@anans- δοκέω@viaa3s ἀπόλλυμι@vnra-- οὐ@b εἰς@p μακράν@anafs- ὁ@dnms πρῳρεύς@nnmsc αὐτός@rpgms ἀποθνήσκω@viaa3s καί@b ἐν@p μίλητος@ndfsp ὁ@dams πρῳρεύς@namsc τις@rpnms δοκέω@vpaanms ἐκφέρω@vnpa-- καί@cs κατορύσσω@vnpa-- ὁ@dgfs ναῦς@ngfsc ἀπόλλυμι@viaa3s ὁ@dans ἀντιπρόσωπτος@anans- καί@b ὁ@dnms ὁ@dams πατήρ@namsc δοκέω@vpaanms νοσέω@vnpa-- ὁ@dafs κεφαλή@nafsc ἀλγέω@viaa3s ὅτι@cs δέ@b πατήρ@ngmsc εἰμί@vipa3s σημαντικός@annfs- ἠ@cs κεφαλή@nnfsc οἶδα@vira2s ἀπό@p ὁ@dgns πρῶτος@angns- βιβλίον@ngnsc"
"Oneir._4.25","καθόλου@ngmsp δέ@b ὁ@dgnp ἐν@p ὁ@ddns σῶμα@ndnsc μέρος@ngnpc ὁ@dnnp μέν@b ἄνω@b πρός@p ὁ@damp βελτίων@anampc καί@cs ἔντιμος@anampc λαμβάνω@viia3s πᾶς@ananp- δέ@cs ὁ@dnnp ὑποκάτω@b πρός@p ὁ@damp ἥσσων@anampc καί@cs ὑποδεής@anampc περί@p δέ@b ἕκαστος@angns- ὁ@dans πρός@p εἶδος@nansc ἀπό@p ὁ@dgfs περί@p σῶμα@ngnsc καί@cs ὁ@dgnp ἐν@p ὁ@ddns σῶμα@ndnsc μέρος@ngnpc διαίρεσις@ngfsc ἐκ@p ὁ@dgns πρῶτος@angns- λαμβάνω@viia3s βιβλίον@ngnsc"
"Oneir._4.26","πᾶς@namsp δέ@b ἔμετος@viia3p καί@cs αἷμα@ngnsc καί@b τροφή@ngfsc καί@cs φλέγμα@ngnsc ὁ@ddmp μέν@b ἄπορος@andmp- εἰς@p ὠφέλεια@nafsc κρίνω@viaa3s ὁ@ddmp δέ@cs εὔπορος@andmp- εἰς@p βλάβη@nafsc ὁ@dnmp μέν@b γάρ@b οὐ@b ἄν@b ἀπόλλυμι@voaa3p τις@rpans εἰ@cs μή@b κτάομαι@voam3p πρότερος@b ὁ@dnmp δέ@b ἔχω@vppanmp τις@rpans καί@b ἀπολύω@vipa3p πᾶς@annfp- τροφή@nnfpc ὁ@danp αὐτός@rpanp καί@cs βλέπω@vppenfp αὐτός@rpans μόνος@anans- καί@cs ἐσθίω@vppenfp σημαίνω@vipa3p πλήν@p κρόμμυον@ngnpc οὗτος@rpnnp δέ@b βλέπω@vppennp μέν@b ἀγαθός@annnp- ἐσθίω@vppennp δέ@b πονηρός@annnp-"
"Oneir._4.27","ὁ@damp πολλάκις@b ὁράω@vppeamp ὄνειρος@anamp- εἰ@cs μέν@b ἐκ@p μικρός@angnp- διάστημα@ngnpc βλέπω@vope3p καί@cs συνεχής@b ἀεί@b ὁ@dans αὐτός@rpans σημαίνω@vnpa-- νομίζω@viia3s οὗτος@rpgns δέ@b ἕνεκα@p ὁράω@vnpe-- πολλάκις@b ὁ@dgns μᾶλλον@b αὐτός@rpdmp προσέχω@vnpa-- καί@cs πιστεύω@vnpa-- καί@cs γάρ@b ἐγώ@rpncp ἐν@p ὁ@ddfs συνήθεια@ndfsc ὅταν@cs τις@rpans σπουδαῖος@anans- λέγω@vspa1p πολλάκις@b αὐτός@rpans λέγω3@vipa1p οὕτως@b οὖν@b καί@b ὁ@dnfs ψυχή@nnfsc ἤ1@b ὅτι@cs σπουδαῖος@ananp- προαγορεύω@vipa3s καί@b ἀξιόλογος@ananp- καί@cs οὐ@b πάρεργος@ananp- πολλάκις@b αὐτός@rpanp δείκνυμι@vipa3s ἤ1@cs ὅτι@cs πρό@p πολύς@angns- ὁ@dgfs ἀπόβασις@ngfsc αὐτός@rpgmp ἄρχω@viam3s καί@cs οὐ@b διαλείπω@vipa3s αὐτός@rpanp ὁράω@vppanfs ὅταν@cs δέ@b μέγας@ananp- ὁ@danp διάστημα@nanpc ὁ@ddms αὐτός@rpdms πολλάκις@b ὁράω@vppedms ὄνειρος@andms- ἄλλοτε@b ἄλλος@rpanp σημαίνω@vnpa-- αὐτός@rpams νομίζω@vmpa2s ὥσπερ@cs γάρ@b εἰ@cs πολύς@annmp- ὁ@dams αὐτός@rpams εἶδον@voaa3p ὄνειρος@namsc διάφορος@b ἕκαστος@andms- ἀποβαίνω@vifm3s διά@p ὁ@dans μή@b πᾶς@anamp- ἐν@p ὁ@ddnp αὐτός@rpdnp εἰμί@vnpa-- πρᾶγμα@ndnpc οὕτως@b καί@b ἐάν@cs ἐπί@p διάφορος@andmp- ὁ@dans αὐτός@rpans τις@rpnms ὁράω@vsaa3s διάφορος@b αὐτός@rpdms ἀποβαίνω@vifm3s διά@p ὁ@dans μή@b πάντως@b ἐν@p ὁ@ddnp αὐτός@rpdnp εἰμί@vnpa-- πρᾶγμα@ndnpc οἷος@rpans δοκέω@viaa3s τις@rpncs ὁ@dafs ῥίς@nafsc ἀπόλλυμι@vnra-- τυγχάνω@viaa3s δέ@b εἰμί@vppanms μυροπώλης@ngfsc ἀπόλλυμι@viaa3s ὁ@dafs ἐνθήκη@nafsc καί@cs παύω@viam3s μυροπώλης@ngfpc διά@p ὁ@dans μή@b ἔχω@vnpa-- ῥίς@nafsc οὐκέτι@b γάρ@b ἔχω@vppanms ὁ@dans δοκιμαστήριος@nansc ὁ@dgnp μύρον@ngnpc εἰκότως@b οὐ@b δέ@cs ὁ@ddfs ἀπό@p ὁ@dgnp μύρον@ngnpc χράομαι@viie3s ἐργασία@ndfsc ὁ@dnms αὐτός@rpnms οὐκέτι@b μυροπώλης@vppanms δοκέω@viaa3s ῥίς@nafsc οὐ@b ἔχω@vnpa-- ἁλίσκομαι@viaa3s πλαστογραφέω@vpaanms καί@cs φεύγω@viaa3s ὁ@dafs ἑαυτοῦ@rpgms ὅς@rpans τις@anans- γάρ@b ἄν@b λείπω@vspa3s ὁ@ddns πρόσωπον@ndnsc ἄτιμος@anans- αὐτός@rpans ποιέω@vipa3s εἰμί@vipa3s δέ@cs ὁ@dnns πρόσωπον@nnnsc ὁ@dgfs αἰδώς@ngfsc καί@cs ὁ@dgfs ἐπιτιμία@ngfsc εἰκών@vpaanms εἰκότως@b οὖν@b καί@b ἐκεῖνος@rpnms ἄτιμος@annms- γίγνομαι@viam3s ὁ@dnms αὐτός@rpnms νοσέω@vppanms δοκέω@viaa3s ῥίς@nafsc οὐ@b ἔχω@vnpa-- καί@cs οὐ@b εἰς@p μακράν@anafs- ἀποθνήσκω@viaa3s καί@b γάρ@b ὁ@dnnp κρανίον@nnnpc ὁ@dgmp ἀποθνήσκω@vpaagmp ῥίς@nafsc οὐ@b ἔχω@vipa3s ἀλλά@b πρότερος@anans- μέν@b ὡς@cs ἔμπορος@andms- εἰς@p ὁ@danp μύρον@nanpc ἀποβαίνω@viaa3s δεύτερος@anans- δέ@b ὡς@cs ἐπίτιμος@andms- εἰς@p ὁ@dans ἀξίωμα@nansc τρίτος@anans- δέ@cs ὡς@cs νοσέω@vppadms εἰς@p αὐτός@anans- ὁ@dans σῶμα@nansc καί@cs οὕτως@b ὁ@dnms αὐτός@rpnms ὄνειρος@nnmsc ὁ@ddms αὐτός@rpdms τρίς@b οὐ@b ὅμοιος@b ἀποβαίνω@viaa3s"
"Oneir._4.28","ἔτι@b καί@b ὁ@dgnp σκεῦος@ngnpc καί@cs ὁ@dgnp ἐργαστήριον@ngnpc ἕκαστος@annns- ἤ1@cs τέχνη@nafsc σημαίνω@vipa3s ὁ@dans περιέχω@vppaans ὑπό@p αὐτός@rpgms ὡς@cs πίθος@nnmpc οἶνος@namsc ἔλαιον@nnnsc καί@cs σιπύη@nnfsc πυρός@nampc κριθή@nampc κατά@p ἀναλογία@nafsc ὁ@dans ὅμοιος@anans- εἰμί@vppaans ὁ@ddfs χρῆσις@ndfsc ὡς@cs ἐργαλεῖον@nnnpc πᾶς@annnp- φίλος@ngnsc καί@b τέκνον@nnnpc καί@b γονεύς@nnmpc καί@cs ταμεῖον@nnnpc ὁ@damp ταμίας@nampc καί@b κίστημι@nnfpc καί@cs θησαυροφυλάκιον@ananp- γυνή@nafpc καί@cs οἰκονόμος@anafp- ἱππικός@annms- ἀνήρ@nnmsc στρατεία@nafsc αἰτέω@vppanms παρά@p ὁ@dgms βασιλεύς@ngmsc δοκέω@viaa3s καλέω@vpapnms πρός@p τις@rpgms ἐξέρχομαι@vnaa-- ὁ@dgms οἶκος@ngmsc ἔνθα@b εἰμί@viia3s καί@cs καταβαίνω@vpaanms δύο@an---- κλῖμαξ@nafpc λαμβάνω@vnaa-- ἀπό@p ὁ@dgms καλέω@vpaagns στέφανος@namsc ἐλαινός@anams- τοιοῦτος@anams- οἷος@anams- ἐν@p πομπή@ndfpc φορέω@vipa3p ἱππεύς@nampc ῥωμαῖος@ngmpp καί@b πάνυ@b μέν@b εὔθυμος@annfs- εἰμί@viia3s θαρσέω@viia3p τε@cs ὁ@ddms ὄνειρος@ndmsc καί@cs ὁ@dnmp περί@p αὐτός@rpams ἀποτυγχάνω@viaa3s δέ@b ὁ@dgfs αἴτησις@ngfsc λαμβάνω@viaa3s γάρ@b ὁ@dams στέφανος@namsc οὐ@b ἀναβαίνω@vpaanms ἀλλά@cs καταβαίνω@vpaanms ὁ@dafp κλῖμαξ@nafpc λέγω3@vipa1p δέ@b ὁ@dafp προκοπή@nafpc ἀνάβασις@nafpc ὁ@dans δέ@cs ἐναντίον@anans- αὐτός@rpdfp κατάβασις@nafpc ὁ@dnms δέ@b στέφανος@nnmsc ποιέω@viaa3s αὐτός@rpams γαμέω@vnaa-- παρθένος@nafsc διά@p ὁ@dafs δέσις@nafsc καί@cs ὅτι@cs παρθένος@ngfsc ἐλαία@nnfsc παρθένος@ngfsc γάρ@b εἰμί@vipa3s θεά@ngfsc οὗτος@rpams σύ@rpdcs ὁ@dams ὄνειρος@namsc ὑπογράφω@viaa1s ἵνα@cs μανθάνω@vsaa2s ὅτι@cs μή@b δεῖ@vipa3s ὁ@ddfp πρῶτος@andfp- φαντασία@ndfpc ὁ@dgmp ὄνειρος@ngmpc προσέχω@vnpa-- ἀλλά@cs ὁμοῦ@b ὁ@ddfs τάξις@ndfsc πᾶς@angmp- ὁ@dgmp ὁράω@vpapgmp ὁ@dnmp γάρ@b ἀπό@p μόνος@angms- ὁ@dgms στέφανος@ngmsc κρίνω@vppanmp οὐ@b προσέχω@vppanmp ὁ@ddfs κατάβασις@ndfsc πταίω@viaa3p πᾶς@annmp-"
"Oneir._4.29","ὁ@rpnmp ἀπό@p γένος@ngnsc ὁ@dans γένος@nansc ὅλος@anans- σημαίνω@vipa3p μάλιστα@b παῖς@nnmpc καί@b γάρ@b ὅς@rpans τις@anans- ἄν@b ἄλλος@anans- σημαίνω@vsaa3p ἅμα@b καί@b ὁ@dafs γενεά@nafsc δηλόω@vipa3p οἷος@rpans δοκέω@viaa3s τις@rpnms ὁ@dafs ἑαυτοῦ@rpgms θυγάτηρ@nafsc κυρτός@anafs- εἶδον@vnaa-- ἀποθνήσκω@viaa3s ὁ@dgms εἶδον@vpaagms ὁ@dnfs ἀδελφή@nnfsc ὀρθός@b καί@cs κατά@p λόγος@namsc εἰμί@viia3s γάρ@b αὐτός@rpdms ὁ@dnns γένος@nnnsc οὐ@b ὑγιής@annns-"
"Oneir._4.30","πᾶς@namsp ὁ@dnnp περιεκτικός@annnp- ἐγώ@rpgmp αὐτός@angmp- ὁ@dams αὐτός@anams- ἔχω@vipa3s λόγος@namsc ἱμάτιον@nnnsc οἰκίον@nnnpc τεῖχος@nnnsc ναῦς@nnfsc καί@cs ὁ@dnnp ὅμοιος@ananp- οἷος@anans- ξύλινος@anans- ἱμάτιον@nansc δοκέω@viaa3s τις@rpnms περιβάλλω@vnre-- τυγχάνω@viaa3s πλέω@vppanms καί@cs βραδυπλόω@viaa3s εἰμί@viia3s γάρ@b αὐτός@rpdms ξύλινος@annns- ἱμάτιον@nnnsc ὁ@dnfs ναῦς@nnfsc ὁ@dans ἱμάτιον@nansc τις@rpnms δοκέω@viaa3s μέσος@anans- ῥώζω@vnra-- συντρίβω@viap3s αὐτός@rpgms ὁ@dnfs οἰκίον@nnfsc ὁ@dnns γάρ@b περιέχω@vppanns αὐτός@rpams εἰμί@viia3s οὐ@b ὑγιής@annns- ὁ@dams κέραμος@namsc ὁ@dgfs οἰκία@ngfsc δοκέω@viaa3s τις@rpnms ἀπόλλυμι@vnra-- ὁ@dnnp ἱμάτιον@nnnpc ἀπόλλυμι@viaa3s ὁ@dnns γάρ@b σκέπω@vppanns αὐτός@rpams οὐκέτι@b εἰμί@viia3s ὁ@dans τεῖχος@nansc δοκέω@viaa3s τις@rpnms διαρρήγνυμι@vnap-- ναύκληρος@annms- εἰμί@viia3s καί@cs ὁ@danp ἀμφιμήττρια@ananp- ὁ@dgfs ναῦς@ngfsc πίπτω@viaa3s πᾶς@annnp- δέ@b οὗτος@rpnnp καί@b πρός@p ὁ@dans σῶμα@nansc ὁ@dafs ἀναφορά@nafsc ἔχω@vipa3s ὁ@dnms γοῦν@b δοκέω@vpaanms ὁ@dans ἱμάτιον@nansc ἐῤῥώξ@nnmsc εἶδον@vnaa-- εἰκότως@b τιτρώσκω@viap3s κατά@p ἐκεῖνος@anans- ὁ@dans μέρος@nansc κατά@p ὅς@rpans καί@b περιβάλλω@vpapgns ὁ@dgns ἱμάτιον@ngnsc ὁ@dnfs ῥαγάς@nnfsc εἰμί@viia3s ὥσπερ@cs γάρ@b αὐτός@rpdms ὁ@dnns ἱμάτιον@nnnsc οὕτως@b καί@cs ὁ@ddfs ψυχή@ndfsc αὐτός@rpgms ὁ@dnns σῶμα@nnnsc περίκειμαι@viie3s ἅμα@p ὁ@ddnp ἄλλος@andnp- ἀποτέλεσμα@ndnpc ὁ@dnmp δοῦλος@nnmpc καί@b πρός@p ὁ@dans σῶμα@nansc ὁ@dgmp δεσπότης@ngmpc ὁ@dafs ἀναφορά@nafsc ἔχω@vipa3p ὁ@dnms γοῦν@b δοκέω@vpaanms ὁ@dams οἰκέτης@namsc πυρέσσω@vppaams εἶδον@vnaa-- εἰκότως@b αὐτός@annms- νοσέω@viaa3s ὅς@rpams γάρ@b ἔχω@vipa3s λόγος@namsc ὁ@dnms οἰκέτης@nnmsc πρός@p ὁ@dams ὁράω@vppaams ὁ@dams αὐτός@rpams καί@cs ὁ@dnns σῶμα@nnnsc πρός@p ὁ@dafs ψυχή@nafsc δοκέω@viaa3s τις@rpnms ἵππος@ngmsc ὑπόδημα@nanpc ὑποδέω@vnre-- στρατεύω@viam3s καί@cs γίγνομαι@viam3s ἱππεύς@nnmsc οὐδείς@rpnns γάρ@b διαφέρω@viia3s αὐτός@rpams ὁ@dams βαστάζω@vppaams ἵππος@namsc ὑποδέω@vnam-- ὁ@danp ὑπόδημα@nanpc πολύς@annfs- ὁ@dgmp ἀποβαίνω@vppagmp καί@b εἰς@p ὁ@damp ὅμοιος@anamp- καί@b εἰς@p ὁ@damp ἀπό@p αἷμα@ngnsc καί@cs εἰς@p ὁ@damp ὁμώνυμος@anamp- ἀποβαίνω@vipa3s οἷος@rpans δοκέω@viaa3s τις@rpncs γυνή@nnfsc ἀνήρ@namsc ἔχω@vppanfs ἄλλος@rpdms γαμέω@vnpe-- οὐ@b τε@cs δέ@b ὁ@dnms ἀνήρ@nnmsc νοσέω@viia3s αὐτός@rpgfs ἵνα@cs αὐτός@rpams κατορύσσω@vpaanfs δύναμαι@vsap3s ἄλλος@rpdms γαμέω@vnap-- οὐ@b τε@cs ἔχω@viia3s τις@rpans ὅς@rpans πωλέω@vifa3s ἵνα@cs ὥσπερ@cs γαμέω@vppenfs ἄλλος@rpdms συνάλλαγμα@nansc ποιέω@vsam3s οὐ@b τε@cs εἰμί@viia3s αὐτός@rpdfs θυγάτηρ@nnfsc ὡραῖος@annfs- γάμος@ngmpc ἵνα@cs ἐκεῖνος@rpafs ἐκδίδωμι@vsaa3s πρός@p γάμος@namsc καί@cs οὕτως@b μή@b ἑαυτοῦ@rpafs ἀλλά@cs ὁ@dafs θυγάτηρ@nafsc ὁράω@vsaa3s ἄλλος@rpdms γαμέω@vppeafs οὐ@b τε@cs αὐτός@rpnfs νοσέω@vifa3s ἵνα@cs ἀποθνήσκω@vsaa3s ἐπεί@cs καί@b γάμος@nnmsc καί@cs θάνατος@nnmsc ὁ@dams αὐτός@rpams ἔχω@vipa3p λόγος@namsc ὅτι@cs ὁ@danp παρακολουθέω@vppannp ἀμφότερος@andmp- εἰμί@vipa3s ὅμοιος@annnp- εἰμί@viia3s δέ@b αὐτός@rpdfs ἀδελφή@nnfsc ὁμώνυμος@annfs- καί@cs τυγχάνω@viaa3s νοσέω@vppanfs καί@cs ἀποθνήσκω@viaa3s καί@b ὁ@dans αὐτός@rpdfs ἄν@b ἀποβαίνω@vpaaans εἰ@cs νοσέω@vifm2s οὗτος@rpnns ὁ@ddfs ἀδελφή@ndfsc ὁμώνυμος@andfs- εἰμί@vppadfs ἀποβαίνω@viaa3s"
"Oneir._4.31","βασιλεύς@nnmsp καί@b ναῦς@nnmsc καί@b στρατιώτης@nnmsc καί@b ἐπιστολή@nnfsc βασιλεύς@ngmsc καί@b ἀργύριον@nnnsc καί@cs ὅσος@annnp- ὅμοιος@annnp- οὗτος@rpdnp ὑπό@p ἀλλήλων@rpgmp σημαίνω@vipe3s ὁ@dnms στρατόνικος@nnmsp οἴομαι@viie3s ὁ@dams βασιλεύς@namsc λακτίζω@vnpa-- προέρχομαι@vpaanms εὑρίσκω@viaa3s χρύσεος@anans- νόμισμα@nansc ὅς@rpans τυγχάνω@viaa3s πατέω@vpaanms οὐδείς@rpans γάρ@b διαφέρω@viia3s ἤ1@b ὁ@dams βασιλεύς@namsc ὁ@dafs εἰκών@nafsc αὐτός@rpgms λακτίζω@vnpa-- ἤ1@cs πατέω@vnpa-- ὁ@dnms ζήνων@nnmsp δοκέω@viaa3s ἑκατοντάρχης@nnmsc γίγνομαι@vnra-- καί@cs προέρχομαι@vpaanms λαμβάνω@viaa3s ἑκατόν@an---- βασιλικός@anafp- ἐπιστολή@nafpc κρατῖνος@nnmsp ὁ@dnms ἡμέτερος@annms- ὄναρ@nnmsc λαμβάνω@vpaanms ἀργύριον@nansc εἰσοδιάζω@angns- ναός@ngmsc βασιλικός@angms- γίγνομαι@viam3s ἐργεπιστάτης@nnmsc δοκέω@vpaanms εἰμί@vnpa-- ζωίλος@nnmsp ταμίας@nnmsc γίγνομαι@viam3s ἀργύριον@ngnsc βασιλικός@angns- ὅς@rpans τις@anans- ἄν@b ἐκ@p ὁ@dgns στόμα@ngnsc δίδωμι@vsaa3s ὁ@dnms βασιλεύς@nnmsc διά@p ἀπόφασις2@ngfsc ὠφελέω@vifa3s ὁ@dams λαμβάνω@vpaaams χρύσιππος@nnmsp ὁ@dnms κορίνθιος@annms- ἐκ@p ὁ@dgns στόμα@ngnsc ὁ@dgms βασιλεύς@ngmsc δύο@an---- λαμβάνω@vpaanms ὀδούς@nampc εἷς@andfs- ἡμέρα@ndfsc δύο@andfp- ἀπόφασις2@ndfpc ἐπί@p ὁ@dgms βασιλεύς@ngmsc δικάζω@vppenms νικάω@viaa3s"
"Oneir._4.32","ὁ@dnms βίος@nnmsc διχῆ@annfs- σύ@rpdfs νοέω@vmpe3s ποτέ@b μέν@x ὡς@cs οὐσία@nnfsc καί@cs κτῆμα@nnnpc ποτέ@x δέ@x ὡς@cs αὐτός@annns- ὁ@dnns ζάω@vnpa-- γυνή@nnfsc πλούσιος@annfs- κόραξ@nampc δοκέω@viaa3s ἐφίστημι@vppaamp αὐτός@rpdfs τρεῖς@ ἀναιδής@b προσβλέπω@vnpa-- εἷς@ δέ@b ἐκ@p αὐτός@rpgmp καί@b φωνή@nafsc ῥήγνυμι@vpaaams εἶπον@vnaa-- ἐγώ@rpncs σύ@rpacs ἔκβιος@anams- ποιέω@vifa1s καί@cs τρίς@b ὁ@damp κόραξ@nampc περιέρχομαι@vpaaamp αὐτός@rpafs ἀποπτάω@vnaa-- οὗτος@rpnfs μετά@p ἐννέα@ ἡμέρα@nafpc ἀποθνῄσκω@viaa3s ὀρθός@b καί@cs κατά@p λόγος@namsc ὁ@dnns γάρ@b ἔκβιος@anams- σύ@rpacs ποιέω@vifa1s ὅμοιος@annns- εἰμί@viia3s ὁ@ddns ἔξω@p ὁ@dgms βίος@ngmsc ποιέω@vifa1s οὗτος@rpnns εἰμί@vipa3s ἀποκτείνω@vifa1s τρίς@b δέ@b ὁ@dnmp τρεῖς@an---- περιέρχομαι@vpaanmp ὁ@dafp ἐννέα@an---- δηλόω@viia3p ἡμέρα@nafpc"
"Oneir._4.33","ὅσος@rpanp λέγω3@vipa3s τις@rpncs ἄλλος@rpdms μή@b ἀπό@p τέχνη@ngfsc ὁ@dgfs ἑαυτοῦ@rpgms εἰς@p αὐτός@rpams ἀποβαίνω@vipa3s ὅσος@ananp- δέ@b ἀπό@p τέχνη@ngfsc εἰς@p ἐκεῖνος@rpams βλέπω@vipa3s οὐδαμῶς@b δέ@b εἰς@p αὐτός@rpams ὁ@dams λέγω3@vppaams ἀλλά@cs ὡς@cs ἐπί@p ὁ@dgfp βάναυσος@angfp- τέχνη@ngfpc ὅσος@ananp- μανθάνω@viaa3s τις@rpnms εἰ@cs ποιέω@vopa3s ἀγαθός@anans- οὕτως@b καί@b ἐπί@p ὁ@dgnp λοιπός@angnp- ὅσος@ananp- μέν@b γάρ@b ἰατρός@nnmpc νομικός@ananp- ἤ1@b μάντις@nnmpc ἰατρικός@ananp- ἤ1@cs νομικός@annmp- μαντικός@ananp- ἄλλος@rpdms λέγω3@vipa3p οὗτος@rpanp εἰς@p αὐτός@rpamp ὁ@damp λέγω3@vppaamp ἀποβαίνω@vipa3s ὅσος@rpanp δέ@b νομικός@annmp- νομικός@ananp- ἤ1@cs ἰατρός@nnmpc ἰατρικός@ananp- ἤ1@cs μάντις@annmp- μαντικός@ananp- λέγω3@vipa3p οὗτος@rpanp ὥσπερ@b κατορθόω@vppagmp ἐν@p ὁ@ddfp τέχνη@ndfpc διαλαμβάνω@viia3s δοκέω@viaa3s τις@rpncs ἰατρός@nnmsc λέγω3@vnpa-- τις@rpdcs ῥωμαῖος@nnmsp εἰμί@vppanms ἑλληνίς@nafsp μή@b γαμέω@vmpa2s γαμέω@vpaanms αὐτός@rpnms ὑπό@p ὁ@dgfs γυνή@ngfsc βλάπτω@viap3s πολύς@ananp- ὅς@rpgnp τις@rpncs ἔχω@vipa3s χρεία@nafsc οὗτος@rpamp χρή@vipa3s δοκέω@vnpa-- εὐεργετέω@vnpa-- μηδαμῶς@b γε@b βλάπτω@vnpa-- ἐπεί@cs οὐ@b χράω2@vifm3s ὁ@ddfs ἐκ@p αὐτός@rpgmp ὠφέλεια@ndfsc ἡρακλείδης@nnmsp ὁ@dnms θυατειρηνός@ngmsp μέλλω@vppanms ἀγωνίζομαι@vnpe-- ἐν@p ῥώμη@ndfsp ὁ@dams ὁ@dgmp τραγῳδέω@ngmpc ἀγών@namsc δοκέω@viaa3s ὁ@damp θεατής@nampc ἀποσφάζω@vnpa-- καί@cs ὁ@damp κριτής@nampc καί@cs λείπω@viap3s οὐ@b γάρ@b ἄν@b τις@rpnms ὁ@damp φίλος@nampc ἀποκτείνω@voaa3s ἀλλά@cs ὁ@damp ἐχθρός@nampc τρόπος@namsc οὖν@b τις@anams- λέγω3@viia3s αὐτός@rpdms ὁ@dnns ἐνύπνιον@nnnsc ἐχθρός@anamp- εἰμί@vnfm-- ὁ@damp θεατής@nampc καί@cs ὁ@damp κριτής@nampc ἄλλως@b τε@b καί@cs οὐ@b μέλλω@viia3p αὐτός@rpdms ἀποσφάζω@vpapnmp φέρω@vnfa-- ψῆφος@nafpc λέξανδρος@nnmsc ὁ@dnms φιλόσοφος@nnmsc δοκέω@viaa3s ὁ@dafs ἐπί@p θάνατος@ndmsc κατακρίνω@vnre-- καί@cs παραιτέομαι@vpamnms μόλις@b ἀπολύω@vnre-- ἀπό@p ὁ@dgms σταυρός@ngmsc μέλω@viia3s δέ@b αὐτός@rpdms ἅτε@b ἀνήρ@ndmsc ἀσκητής@andfs- οὐ@b τε@cs γάμος@ngmsc οὐ@b τε@cs κοινωνία@ngfsc οὐ@b τε@cs πλοῦτος@ngmsc οὐ@b τε@cs ὁ@dgnp ἄλλος@rpgnp ὅσος@rpnnp ὑπό@p σταυρός@ngmsc σημαίνω@vipe3s ὁ@ddfs ὑστεραῖος@andfs- διαφέρω@vpapnms πρός@p τις@rpams κυνικός@anams- πλήσσω@viap3s ὁ@dafs κεφαλή@nafsc ξύλον@ndnsc καί@cs οὗτος@rpnns εἰμί@viia3s ὅσπερ@rpans προαγορεύω@viaa3s αὐτός@rpdms ὁ@dnfs ψυχή@nnfsc μέλλω@vnpa-- ξύλον@ndnsc μικρός@angns- δεῖ@vnpa-- ἀποθνῄσκω@vnfm-- οὗτος@rpnms ὁ@dnms ὄνειρος@nnmsc διδάσκω@vifa3s σύ@rpacs ζητέω@vnpa-- τις@rpans καί@cs πέρας@nansc ὁ@dgnp ἐνδέχομαι@vppegnp ἀποβαίνω@vnpa-- ὁ@dnfs ὁ@dgms κναφεύς@ngmsc γυνή@nnfsc δοκέω@vpaanfs μέλας@ananp- ἱμάτιον@nanpc ἔχω@vnpa-- καί@cs καταγιγνώσκω@vpapnfs μεταλαμβάνω@vnaa-- λευκός@ananp- ὁ@dams υἱός@namsc ἀπόλλυμι@viaa3s καί@cs μετά@p τρεῖς@anafp- ἡμέρα@nafpc εὑρίσκω@viaa3s αὐτός@rpams οὕτως@b ὁ@dnnp λευκός@annnp- ὁ@dgnp μέλας@angnp- ἀμείνων@annnpc ὁ@rpnms ἐν@p πέργαμον@ndmsp δοκέω@vpaanms κλάσμα@nanpc ἄρτος@ngmpc καί@cs ἄρτος@nampc ὑγιής@anamp- χέω@vnpa-- τραχηλοκοπέω@viap3s ὥσπερ@cs γάρ@b οὐ@b εἰμί@viia3s αὐτός@rpdms κεφαλή@nnfsc ὁ@dnfs δύναμαι@vppenfs μασάομαι@vnam-- ὁ@damp ἄρτος@nampc"
"Oneir._4.34","ἑστία@nafsp ἐπί@p ξένη@ngfsc οἰκοδομέω@vnpa-- μή@b προαιρέω@vpredms γαμέω@vnaa-- ἤ1@cs κατοικέω@vnaa-- ἐκεῖ@b θάνατος@namsc μαντεύομαι@vipe3s ὁ@dnms βιθυνός@nnmsp νεανίσκος@nnmsc ἐν@p ῥώμη@ndfsp δοκέω@vpaanms ἑστία@nafsc οἰκοδομέω@vnpa-- ἀποθνήσκω@viaa3s"
"Oneir._4.35","ὁ@dgmp δέ@b σύνθετος@vppanms ὄνειρος@ngmpc διαιρέω@vpaanms ὁ@danp κεφάλαιος@ananp- κατά@p μόνος@anafp- ἕκαστος@anams- κρίνω@vmpa2s οἷος@rpans εἰ@cs τις@rpncs δοκέω@voaa3s πλέω@vnpa-- εἶτα@b ὁ@dgns πλοῖον@ngnsc ἐξέρχομαι@vpaanms ἐπί@p ὁ@dgfs θάλασσα@ngfsc περιπατέω@vnpa-- ἴδιος@andfs- μέν@b ὁ@dans πλέω@vnpa-- ἴδιος@ananp- δέ@b ὁ@dans ἐπί@p ὁ@dgfs θάλασσα@ngfsc περιπατέω@vnpa-- ἔχω@vipa2s δέ@b ὁ@dans μέν@b πλέω@vnpa-- ἐν@p ὁ@ddns δεύτερος@andns- βιβλίον@ndnsc ὁ@dans δέ@b ἐπί@p ὁ@dgfs θάλασσα@ngfsc περιπτατέω@vnpa-- ἐν@p ὁ@ddns τρίτος@andns- ὅθεν@b λαμβάνω@viia3s ὁ@dafp κρίσις@nafpc"
"Oneir._4.36","οὐδείς@rpans ὁ@dgnp ἀκίνητος@angnp- περί@p ὁ@dans σῶμα@nansc κεῖμαι@vppenns ὠφελέω@vipa3s ὁ@dnms ἐν@p μαγνησία@ndfsp δοκέω@vpaanms χάλκεος@ananp- ἱμάτιον@nanpc περίκειμαι@vnpe-- ὀρθός@b ἀποθνῄσκω@viaa3s εἰμί@viia3s γάρ@b αὐτός@rpams ὁ@dnnp περιέχω@vppannp ἀκίνητος@nnnpc καί@cs οἷος@annnp- ὁ@ddnp ἄγαλμα@ndnpc περιτίθημι@vipe3s οὗτος@rpnnp δέ@b οὐ@b ζάω@vipa3s"
"Oneir._4.37","ἀνδρόγυνος@namsp κωμῳδέω@vnpa-- δοκέω@viaa3s τις@rpnms νοσέω@viaa3s αὐτός@rpdms ὁ@dans αἰδοῖον@anans- γάλλος@anamp- ὁράω@vnpa-- δοκέω@viaa3s τις@rpncs νοσέω@viaa3s αὐτός@rpdms ὁ@dans αἰδοῖον@anans- ὁ@dnns μέν@b πρῶτος@annns- διά@p ὁ@dans ὄνομα@nansc οὕτως@b ἀποβαίνω@viaa3s ὁ@dnns δέ@cs δεύτερος@anans- διά@p ὁ@dans συμβαίνω@vpraans ὁ@ddmp ὁράω@vppedmp καίτοι@b καί@b ὁ@dans κωμῳδέω@vnpa-- οἶδα@vira2s ὅς@rpnns σημαίνω@vipa3s καί@cs ὁ@dans γάλλος@ngnsc ὁράω@vnpa-- μιμνῄσκω@vmre2s δέ@b ὅτι@cs εἰ@cs τε@cs κωμῳδέω@vnpa-- εἰ@b τε@cs τραγῳδέω@vnpa-- ὑπολαμβάνω@voaa3s τις@rpnms καί@cs μνημονεύω@vopa3s κατά@p ὁ@dafs ὑπόθεσις@nafsc ὁ@dgns δρᾶμα@ngnsc γίγνομαι@vipe3s καί@b ὁ@dnnp ἀποτέλεσμα@nnnpc"
"Oneir._4.38","ὁ@dnnp ὁ@ddns χρῶμα@ndnsc ὅμοιος@annnp- εἰς@p ὁ@dans αὐτός@rpams ἀποβαίνω@vipa3s αἰθίοψ@namsp τις@rpnms λαμβάνω@vpaanms δῶρον@nansc μετά@p ἡμέρα@nafsc ἄνθραξ@ngmpc πλήρης@anans- δέχομαι@viam3s ἀγγεῖον@nansc"
"Oneir._4.39","ὁ@dnfp περιοχή@nnfpc ὁ@dgnp μυστήριον@ngnpc ὅμοιος@ananp- ὁ@danp ἀποτέλεσμα@nanpc ποιέω@vipa3p καί@cs ἐν@p χρόνος@ndmsc τοσοῦτος@andms- ὁράω@vppeanp ἐν@p ὅσος@andns- τελέω@vifm3s ὁ@dnnp μυστήριον@nnnpc γυνή@nnfsc δοκέω@viaa3s χορεύω@vnpa-- ὁ@ddms διονύσος@ndmsp μεθύσκω@vpapnfs ὁ@dans ἑαυτοῦ@rpgfs παιδίον@nansc ἀποκτείνω@viaa3s εἰμί@vppaans τριετής@anans- καί@b γάρ@b ὁ@dnms περί@p πενθεύς@namsp καί@cs ἀγαυός@nafsp λόγος@nnmsc τοιοῦτος@rpnms καί@cs ὁ@ddms θεός@ndmsc τριετηρίς@nnfpc ἄγω@vipe3p ἑορτή@nnfpc"
"Oneir._4.40","ὅτι@cs ὁ@dnns ἐργάζομαι@vnpe-- ὁ@ddns ζάω@vnpa-- ὁ@dams αὐτός@anams- ἔχω@vipa3s λόγος@namsc παράκειμαι@vmpe3s σύ@rpdms ὅδε@annms- ὁ@dnms ὄνειρος@nnmsc γυνή@nnfsc δοκέω@viaa3s ἱστός@namsc ἐκπίνω@vnra-- ὁ@ddfs ὑστεραῖος@andfs- ἀποθνῄσκω@viaa3s οὐκέτι@b γάρ@b ἔχω@viia3s ἔργον@nansc οὗτος@rpnns εἰμί@vipa3s οὐκέτι@b ἔχω@viia3s ὁ@dnns ζάω@vnpa--"
"Oneir._4.41","οὔτε@b ὁ@dnns ἀπορρύπτω@vnpe-- οὐ@b τε@cs ὁ@dans περιχρίω@vnpe-- τις@rpdns ὁ@dans πρόσωπον@nansc ἀγαθός@anans- οὐ@b ἀναμάρτητος@anams- γάρ@b φημί@vipa3s εἰμί@vnpa-- ὁ@dams εἶδον@vpaaams ὁ@dnms πάφιος@nnmsp νεανίσκος@nnmsc δοκέω@viaa3s κατάχρίω@vnpe-- ὁ@dans πρόσωπον@nansc ὥσπερ@cs ὁ@dnfp γυνή@nnfpc καί@cs ἐν@p θέατρον@ndnsc κατάἕζομαι@vnpe-- μοιχεύω@vppanms ἁλίσκομαι@viaa3s καί@cs αἰσχρολογέω@viaa3s ὅσος@rpnnp εἰς@p ἄλλος@rpans εἰμί@vipa3s εὔχρηστος@annnp- εἰς@p ἄλλος@rpans δαπανάω@vpapams ἄχρηστος@annnp- γίγνομαι@vipe3s ὁ@dnms κρητικός@annms- ἔμπορος@annms- δοκέω@viaa3s ὁ@dans πρόσωπον@nansc οἶνος@ndmsc νίζω@vnpe-- καί@cs εἶπον@viaa3s τις@rpncs αὐτός@rpdms ὁ@dgnp περί@p οὗτος@rpanp δεινός@angnp- ἐργάζομαι@vifp2s ἐκ@p ὁ@dgms οἶνος@ngmsc καί@cs ὁ@danp δάνειον@nanpc ὁ@danp σεαυτοῦ@rpgms ἀποτρίβω@vipa2s ὁ@dnns δέ@b ἄρα@b εἰμί@viia3s οὐ@b τοιοῦτος@annns- ἀλλά@cs ὁ@dnms οἶνος@nnmsc αὐτός@rpdms διαφθείρω@viap3s ὁ@dnns γάρ@b ἀπόνιμμα@nnnsc ἄποτος@annns- καί@cs ἄχρηστος@annns- εἰς@p ὁ@dans λοιπός@anans-"
"Oneir._4.42","ἔτι@cs καί@b ἐκεῖνος@rpnns εἰμί@vipa3s τις@rpnnp ὁ@dgnp ἐν@p ὁ@ddnp ὄνειρος@ndnpc κόσμος@ngmsc ἕνεκα@p θεωρέω@vppennp ὅς@rpanp χρή@vipa3s καταλείπω@vnpa-- ὥσπερ@cs γάρ@b εἰ@cs τις@rpnms εἰς@p οἶκος@namsc εἴσειμι@vopa3s πάντως@b καί@cs ὁ@dafs παραστάς@nafsc καί@cs ὁ@dafs φλιά@nafsc καί@cs ὁ@dans ὑπέρθυρον@nansc βλέπω@vipa3s ἀλλά@cs οὐ@b διά@p οὗτος@rpanp εἴσειμι@vipa3s οὕτως@b οὐ@b ἀπό@p οὗτος@rpgnp ὁ@dafs κρίσις@nafsc ποιητέος@annns- ἀλλά@cs ἀπό@p αὐτός@angms- ὁ@dgms οἶκος@ngmsc δοκέω@viaa3s τις@rpnms ὁ@dafs ἑαυτοῦ@rpgms γυνή@nafsc ἐπί@p πορνεῖον@ngnsc καθέζομαι@vppeafs ἐν@p ἱμάτιον@ndnpc πορφύρεος@andnp- ὁράω@vnpa-- καί@cs ποιέω@viam1p ὁ@dafs κρίσις@nafsc οὐ@b ἀπό@p ὁ@dgnp ἱμάτιον@ngnpc οὐ@b δέ@b ἀπό@p ὁ@dgfs καθέδρα@ngfsc οὐ@b δέ@cs ἀπό@p ἄλλος@angns- τις@rpgns ἀπό@p ὁ@dgns πορνεῖον@ngnsc μόνος@angns- τελώνης@ngfsc ὁ@dnms εἶδον@vpaanms γίγνομαι@viam3s εἰμί@viia3s γάρ@b αὐτός@rpdms ὁ@dnfs ἐργασία@nnfsc ἄχρωμος@annfs- τέχνη@nafsc δέ@cs ἤ1@cs πραγματεία@nafsc ὁ@dgms εἶδον@vpaagms ὁ@dafs γυνή@nafsc νομίζω@vipa1p εἰμί@vnpa-- ὥσπερ@cs οὖν@b ὁ@dnfs φύσις@nnfsc οὐ@b ὁ@dgns ἀναγκαῖος@angns- χάρις@p πᾶς@ananp- μόνος@angns- ποιέω@vipa3s ἀλλά@cs καί@b ὁ@dgms κόσμος@ngmsc ὡς@cs ὁ@dafp ἕλιξ@nafpc ἐν@p ὁ@ddfp ἄμπελος@ndfpc οὕτως@b καί@b ὁ@dnfs ψυχή@nnfsc πολύς@ananp- ἕνεκα@p κόσμος@ngmsc συνθεωρέω@vipa3s καί@cs πολλάκις@b ἀπό@p μέρος@ngnsc ὁ@danp ὅλος@ananp- δείκνυμι@vipa3s οἷος@rpans δοκέω@viaa3s τις@rpnms ὁ@dgfs ἀδελφή@ngfsc ὁ@danp ἱμάτιον@nanpc ἔχω@vnpa-- καί@cs περίκειμαι@vnpe-- ἀπολαύω@viaa3s ὁ@dafs ἀδελφή@nafsc ὅτι@cs ὁ@dnns φάος@nnnsc ὁ@dgns σκότος@ngnsc λυσιτελής@annnsc ὁ@ddmp μή@b λανθάνω@vnpa-- βούλομαι@vppedmp ἐντεῦθεν@b ἄν@b μανθάνω@voaa2s μένιππος@nnmsp ὁ@dnms μάγνης@nnmsp παγκρατιαστής@nnmsc οὐ@b πρό@p πολύς@angms- ὁ@dgms ἐν@p ῥώμη@ndfsp ἀγών@ngmsc δοκέω@viaa3s παγκρατιάζω@vppagms αὐτός@rpgms νύξ@nafsc γίγνομαι@vnra-- οὐ@b μόνος@anans- λείπω@viap3s ὁ@dams ἐν@p ῥώμη@ndfsp ἀγών@namsc ἀλλά@cs καί@b πλήσσω@vpapnms ὁ@dafs χείρ@nafsc καταλύω@viaa3s"
"Oneir._4.43","ὅτι@cs οὐ@b ἐκφεύγω@vipa3p παντελής@b ὁ@dnmp ὄνειρος@nnmpc ὁ@dams λόγος@namsc ὁ@dgfp ἱστορίη@ngfpc μανθάνω@voaa2s ἄν@b ἐντεῦθεν@b γυνή@nnfsc δοκέω@viaa3s ὁ@damp ὁ@dgms ἡρακλῆς@ngmsp ἆθλος@nampc τελέω@vnra-- καί@cs οὐ@b εἰς@p μακράν@anafs- ἐμπυρισμός@ndmsc περιλαμβάνω@vpapnfs ζάω@vppanfs καίω@viap3s φημί@vipa3p γάρ@b καί@b ὁ@dams ἡρακλῆς@namsp πῦρ@ndnsc διαφθείρω@vnap-- ὁ@dans σῶμα@nansc ὅτε@rpans μέντοι@b δεῖ@vipa3s προσέχω@vnpa-- ἱστορία@ndfpc καί@cs ὅτε@cs μή@b ἐπάν@cs κατά@p οὗτος@rpans ὁ@dgms λόγος@ngmsc γίγνομαι@vsam1s διδάσκω@vifa1s σύ@rpacs"
"Oneir._4.44","ἔτι@b καί@b οὗτος@rpnns καταφρονέω@vnpa-- οὐ@b τε@cs ἰδιώτης@ngmsc εἷς@ πολύς@angmp- οὐ@b τε@cs δῆμος@ngmsc συμφέρω@vipa3s ὥσπερ@cs οὐ@b δέ@cs ὁ@dnns καταφρονέω@vnpe-- λέγω3@vipa1s δέ@b ὁ@dans καταφρονέω@vppagms ἔργον@nanpc πάσχω@vnpa-- δράω@vnpa-- δοκέω@viaa3s τις@rpnms ὑποστέλλω@vpamafs ὁ@dafs γυνή@nafsc ἐπιδείκνυμι@vnpa-- αὐτός@rpdms ὁ@dans αἰδοῖον@anans- πολύς@angnp- κακός@angnp- αἰτία@nnfsc γίγνομαι@viam3s αὐτός@rpdms ὁ@dnfs γυνή@nnfsc ὥσπερ@b γάρ@b εὐκαταφρόνητος@andms- καταστέλλω@viam3s δοκέω@viaa3s τις@rpnms ἐν@p συνοικέω@ndfsc καί@cs φράτρα@ndfsc ὁ@ddmp συμβιώτης@ndmpc ὑποστέλλω@vpamnms ἕκαστος@andms- προσουρέω@vnpa-- ἀπελαύνω@viap3s ὁ@dgfs φράτηρ@ngfsc ὡς@cs ἄτιμος@annms- ἔοικα@vpranns γάρ@b ὁ@damp οὕτως@b παροινέω@vppaamp μισέω@vnpe-- τε@b καί@cs ἀπελαύνω@vnpe-- δοκέω@viaa3s τις@rpnms ἐν@p θέατρον@ndnsc μέσος@andns- οὐρέω@vnpa-- ὁ@dgms ὄχλος@ngmsc καθέζομαι@vppegms παρανομέω@viaa3s εἰκότως@b ὁ@dgmp γάρ@b ἄρχων@vppagmp νόμος@ngmpc ὥσπερ@cs καί@b ὁ@dgmp θεατής@ngmpc καταφρονέω@viaa3s ὁ@damp γε@b μήν@b ἄρχων@nampc οὐδείς@anans- κωλύω@vipa3s δοκέω@vnpa-- ὁ@dgmp ὑποτάσσω@vpreams καταφρονέω@vnpa--"
"Oneir._4.45","περί@p ἰατρός@ngmpc ὅτι@cs παῖς@andmp- ὁ@ddmp εὐεργέτης@ndmpc καί@cs ὁ@ddmp ἀμύνω@vppadmp ὁ@dams αὐτός@anams- ἔχω@vipa3p λόγος@namsc εἶπον@viaa1p καί@b ἐν@p ὁ@ddns δεύτερος@andns- βιβλίον@ndnsc καί@cs νῦν@b δέ@cs πιστώσομαι@vifm1s σύ@rpdms ὁ@dans δόγμα@nansc καί@cs διά@p ἀπόβασις@ngfsc ὄνειρος@vmpe2s δίκη@nafsc τις@rpnms ἔχω@vppanms δοκέω@viaa3s νοσέω@vnpa-- καί@cs ἰατρός@nampc οὐ@b ἔχω@vnpa-- συμβαίνω@viaa3s αὐτός@rpdms καταλείπω@vnap-- ὑπό@p ὁ@dgmp συνήγορος@ngmpc ὁ@dnfs μέν@x γάρ@x νόσος@nnfsc ὁ@dafs δίκη@nafsc δηλόω@viia3s κρίνω@vnpe-- γάρ@b ἀμφότερος@anamp- φημί@vipa1p καί@b ὁ@damp δικάζω@vppeamp καί@cs ὁ@damp νοσέω@vppaamp ὁ@dnmp δέ@b ἰατρός@nnmpc ὁ@damp συνήγορος@anamp- δηλόω@viia3p"
"Oneir._4.46","ἔτι@b καί@b οὗτος@rpnns μιμνῄσκω@vmre2s ὅτι@cs ὁ@danp μή@b ἐν@p τόπος@ndmsc οἰκεῖος@andms- βλέπω@vppeanp ὁ@dans ἐναντίον@anans- ὁ@ddns σημαίνω@vppedms προαγορεύω@vipa3s οἷος@rpans δοκέω@viaa3s τις@rpnms ἀνήρ@namsc φίλος@anams- καί@cs συνήθης@anams- ὅς@rpgms ὁ@dafs θυγάτηρ@nafsc ἀμέλγω@viia3s ἀποστέλλω@vnaa-- αὐτός@rpdms ἵππος@namsc ὁ@dams δέ@b ἱπποκόμος@namsc δύο@ κλῖμαξ@nafpc ἀνάγω@vpaaams ὁ@dams ἵππιος@namsc εἰς@p ὁ@dams κοιτωνίσκος@namsc εἰσάγω@vnaa-- ἔνθα@b εἰμί@viia3s αὐτός@rpnms κατάκειμαι@vprenms καί@cs μετά@p οὐ@b πολύς@anans- ἀπείργω@viap3s ὁ@dgfs πρός@p ὁ@dafs ἐρώμενος@nafsc ὁδός@ngfsc ὁ@dnms μέν@b γάρ@b ἵππος@nnmsc ὁ@dafs γυνή@nafsc σημαίνω@viia3s ὁ@dnms δέ@cs τόπος@nnmsc ὁ@dans μή@b παραμένω@vnaa-- ὅτι@cs μή@b δυνατός@annns- εἰμί@viia3s ἐπί@p τριστέγη@anafp- γίγνομαι@vnam-- ἵππος@namsc"
"Oneir._4.47","ὅσος@annnp- τεράστιος@annnp- εἰμί@vipa3s καί@cs οὐδαμῶς@b ἐνδέχομαι@vppennp γίγνομαι@vnam-- ὡς@cs ἱπποκένταυρος@nnmsp καί@cs σκύλλα@nnfsp ψευδής@anafp- ὁ@dafp προσδοκία@nafpc εἰμί@vnfm-- σημαίνω@vipa3s ὡς@cs ἐν@p ὁ@ddns δεύτερος@andns- βιβλίον@ndnsc προεῖπον@vira1s ἐνίοτε@b μέντοι@b ὁ@dafp μέν@b ἐλπίς@nafpc οὐ@b τελειόω@vipa3s ὁ@dafp δέ@cs ὑπόθεσις@nafpc ὁ@dgnp πρᾶγμα@ngnpc ὁ@ddfp περιοχή@ndfpc ὁμοῖος@anafp- ποιέω@vipa3s δοκέω@viaa3s τις@annms- ἀνήρ@nnmsc ἐπιθυμία@vppanms παῖς@nampc αὐτός@rpdms γίγνομαι@vnam-- καί@cs ὁ@dafs γυνή@nafsc κυέω@vppaafs ἔχω@vppanms ἱπποκένταυρος@namsp αὐτός@rpdms γεννάω@vnre-- δίδυμος@annnp- αὐτός@rpdms γεννάω@viap3s βρέφος@nnnpc δύο@an---- γάρ@b σῶμα@nnnpc ὁ@dgms ἱπποκένταυρος@ngmsp ἀλλά@b οὐδέτερος@rpnns ὁ@dgnp παιδίον@ngnpc τρέφω@viap3s οὐδαμῶς@b γάρ@b ἐνδέχομαι@vipe3s ἱππτοκένταυρος@namsp γίγνομαι@vnam-- εἰ@cs δέ@cs καί@b γίγνομαι@voam3s ἀδύνατος@annns- ὁ@dnns τρέφω@vnap-- ὅσος@rpnfp ὁ@dgfp ἱστορίη@ngfpc διπλόος@anams- ἔχω@vipa3p λόγος@namsc ὁ@dgmp μέν@b ὡς@cs οὕτως@b ἔχω@vipa3p λέγω3@vppagmp ὁ@dgmp δέ@b ὡς@b ἄλλως@b οὗτος@rpgfp ὁπότερος@rpdfs ἄν@b ἀκολουθέω@vsaa2s δόξα@ndfsc ὡς@cs ἀποβαίνω@vpredfs ὀρθός@b ποιέω@vifa2s καί@cs ἄν@cs μή@b ἐπιτυγχάνω@vsaa2s ἀμείνων@annnsc δέ@b ἀμφότερος@anafp- ὁ@dafp δοκέω@nafpc οἶδα@vnra-- τε@cs καί@cs λέγω3@vnpa-- οἷος@rpans δοκέω@viaa3s τις@rpnms ὁ@dams φοῖνιξ@namsc ὁ@dans ὄρνεον@nansc ζωγραφέω@vnpa-- λέγω@viaa3s αἰγύπτιος@nnmsp ὅτι@cs ὁ@dnms εἶδον@vpaanms ὁ@dams ὄνειρος@namsc εἰς@p τοσοῦτος@rpans ἵημι@viaa3s πενία@ngfsc ὥστε@cs ὁ@dams πατήρ@namsc ἀποθνήσκω@vpaaams διά@p ἀπορία@nafsc πολύς@anafs- αὐτός@rpnms ὑποδύνω@vpaanms βαστάζω@viaa3s καί@cs ἐκκομίζω@viaa3s καί@b γάρ@b ὁ@dnms φοίνιξ@nnmsc ὁ@dams ἑαυτοῦ@rpgms πατήρ@namsc καταθάπτω@vipa3s εἰ@cs ἐν@b οὖν@b οὕτως@b ἀποβαίνω@viaa3s ὁ@dnms ὄνειρος@nnmsc οὐ@b οἶδα@vira1s ἀλλά@cs οὖν@b γε@b ἐκεῖνος@rpnms οὕτως@b διηγέομαι@viie3s καί@cs κατά@p οὗτος@rpans ὁ@dgfs ἱστορία@ngfsc ἔοικα@vpranns εἰμί@viia3s ἀποβαίνω@vnra-- λέγω3@vipa3p δέ@b ἔνιοι@annmp- ὅτι@cs ὁ@dnms φοίνιξ@nnmsc οὐ@b ὁ@dams πατήρ@namsc καταθάπτω@vipa3s οὐ@b δέ@cs ὅλος@b εἰμί@vipa3s αὐτός@rpdms περίειμι1@vppanms πατήρ@nnmsc οὐ@b δέ@cs ἄλλος@annms- τις@rpnms ὁ@dgmp πρόγονος@ngmpc ἀλλά@cs ὅταν@cs αὐτός@rpams ὁ@dans μοιρίδιον@nnnsc ἄγω@vspa3s ἔρχομαι@vipe3s εἰς@p αἴγυπτος@nafsp ὅθεν@b οὐ@b οἶδα@vipa3p ἄνθρωπος@nnmpc καί@cs αὐτός@rpnms ἑαυτοῦ@rpdms ποιέω@vpamnms ἐκ@p κάσιος@ngfsc τε@b καί@cs σμύρνα@ngfsc πυρή@nafsc ἐναποθνήσκω@vipa3s καίω@vpapgfs δέ@b ὁ@dgfs πυρή@ngfsc μετά@p χρόνος@namsc ἐκ@p ὁ@dgfs σποδός@ngfsc σκώληξ@namsc λέγω3@vipa3p γεννάω@vnpe-- ὅστις@rpams μεταβάλλω@vnpa-- αὐξάνω@vppeams καί@cs γίγνομαι@vnpe-- πάλιν@b φοῖνιξ@namsc καί@cs ἀφίπταμαι@vnpe-- αἴγυπτος@ngfsp ἐκεῖσε@b ὅθεν@b ἥκω@viia3s ὁ@dnms πρό@p αὐτός@rpgms φοίνιξ@nnmsc ὥστε@b εἰ@cs καί@b ὁ@dgmp γονεύς@ngmpc ἐρῆμος@anans- τις@rpnms εἶπον@voaa3s γίγνομαι@vnam-- ὁ@dams εἶδον@vpaaams ὁ@dams ὄνειρος@namsc κατά@p οὗτος@rpans ὁ@dgfs ἱστορία@ngfsc οὐ@b ἀποτυγχάνω@vifm3s μιμνῄσκω@vmre2s δέ@b ὅτι@cs ὁ@dgfp ἱστορίη@ngfpc μόνος@andfp- σύ@rpdms προσεκτέον@annns- ὁ@ddfp πάνυ@b πιστεύω@vpredfp ἐκ@p πολύς@angnp- καί@cs μέγας@angnp- τεκμήριον@ngnpc ὅτι@cs εἰμί@vipa3p ἀληθής@annfp- ὡς@b ὁ@ddms πόλεμος@ndmsc ὁ@ddms περσικός@andms- καί@b ἐπάνωθεν@b ὁ@ddms τρωικός@andms- καί@cs ὁ@ddmp ὅμοιος@andmp- οὗτος@rpgnp γάρ@b καί@b ἐναύλισμα@nanpc δείκνυμι@vipe3s καί@b τόπος@nnmpc παράταξις@ngfpc καί@b στρατόπεδον@ngnpc καθιδρύω@nnfpc καί@b πόλις@ngfpc κτίσις@nnfpc καί@b βωμός@ngmpc ἀνάστασις@nnfpc καί@cs ὅσος@annnp- ἄλλος@rpnnp οὗτος@rpdnp ἀκόλουθος@annnp- ὅταν@cs οὖν@b τοιοῦτος@rpans ὁράω@vsaa3s τις@rpnms πάντως@b ὅμοιος@annns- τις@rpnns αὐτός@rpdms ἀποβαίνω@vifm3s ἔτι@b καί@b ὁ@dgfp ἱστορίη@ngfpc χρή@vipa3s προσέχω@vnpa-- ὁ@ddfp πολυθρύλητος@ndfpc καί@cs ὁ@ddfp πρός@p ὁ@dgnp πλεῖστος@angnp- πιστεύω@vpredfp οἷος@ananp- ὁ@danp περί@p ὁ@dams προμηθεύς@namsp καί@cs ὁ@dafs νιόβη@nafsp καί@cs ὁ@dgnp τραγῳδέω@vppegnp ἕκαστος@anans- οὗτος@rpanp γάρ@b εἰ@cs καί@b μή@b οὕτως@b ἔχω@vopa3s ἀλλά@cs οὖν@b γε@b διά@p ὁ@dans προλαμβάνω@vnre-- πρός@p ὁ@dgmp πλεῖστος@angnps ὅμοιος@b ὁ@ddfp περιοχή@ndfpc ἀποβαίνω@vipa3s ὅσος@annnp- δέ@b παντελής@b ἐξίτηλος@annnp- καί@b φλυαρία@ngfsc καί@cs λῆρος@ngmsc μεστός@annnp- ὡς@cs ὁ@danp περί@p ὁ@dafs γιγαντομαχία@nafsc καί@b ὁ@damp σπαρτός@nampp ὁ@damp τε@b ἐν@p θῆβαι@ndfpp καί@b ὁ@damp ἐν@p κόλχος@ndmpp καί@cs ὁ@danp ὅμοιος@ananp- ἤτοι@b τέλειος@anans- οὐ@b ἀποβαίνω@vifm3s κατά@p ὁ@dams ἔμπροσθεν@b λόγος@namsc πᾶς@anafs- ἀθετέω@vipa3s καί@cs περιγράφω@vipa3s προσδοκία@nafsc καί@cs μάταιος@anafp- ὑπαγορεύω@vipa3s καί@b κενός@anafp- ὁ@dafp ἐλπίς@nafpc εἰ@cs μή@b τις@rpnns ἄρα@b ὁ@dgnp μυθικός@angnp- οὗτος@angnp- φυσικός@anafs- ἐπιδέχομαι@vope3s ὁ@dafs ἐξήγησις@nafsc οἷος@rpans δοκέω@viaa3s τις@rpnms ἐνδυμίων@ngmpp γίγνομαι@vnra-- καί@cs ὑπό@p ὁ@dgfs σελήνη@ngfsp ἐράω1@vnpe-- συμβαίνω@viaa3s αὐτός@rpdms πολύς@annfs- τις@annfs- εὔκλεια@nnfsc καί@cs πορισμός@nnmsc οὐ@b ὀλίγος@annms- ἐκπονέω@vpaadms μαντικός@anafs- ὁ@dafs διά@p ἄστρον@ngnpc καί@b γάρ@b ὁ@dams ἐνδυμίων@namsp λόγος@nnmsc ἔχω@vipa3s πρός@p μέν@b ὁ@dgmp πολύς@angfp- ὑπό@p ὁ@dgfs σελήνη@ngfsp φιλέω@vpapams σύνειμι1@vnpa-- αὐτός@rpdfs πρός@p δέ@cs ὁ@dgmp ὁ@danp τοιοῦτος@rpanp ἐξηγέομαι@vppegmp ἀστρολογία@ndfsc μάλιστα@b πᾶς@angmp- ἄνθρωπος@ngmpc προσέχω@vppaams καί@cs νύκτωρ@b διαγρυπνέω@vppaams δοκέω@vnaa-- ὁ@ddfs σελήνη@ndfsc ὁμιλέω@vnpa--"
"Oneir._4.48","ὅς@rpans τις@anans- δέ@b ἄν@b τις@rpncs ὁράω@vsaa3s ὅμοιος@anans- ἤ1@cs συγγενής@anans- ἤ1@cs οἰκεῖος@anans- οὗτος@rpnns ἅμα@p ὁ@ddns οἰκεῖος@andms- καί@cs συγγενεύς@andms- βλέπω@vppenns ἥσσων@anansc ἄν@b εἰμί@vopa3s πονηρός@annns- οἷος@rpans δοκέω@viaa3s τις@rpncs πίθος@namsc ἔχω@vppanms οἶνος@ngmsc μεστός@anams- ἄμπελος@anams- ἐκ@p ὁ@dgms πίθος@ngmsc φύω@vnra-- εἰμί@vipa3s δέ@b καί@b παρά@p φοῖβος@ndmsp ὁ@ddms ναντιοχέω@ngmsc ὄνειρος@nnmsc τοιοῦτος@annms- δοκέω@viaa3s τις@rpncs πίθος@namsc ἔχω@vppanms οἶνος@ngmsc πλέω@vppanms ἐκ@p ὁ@dgms πίθος@ngmsc ἐλαία@nafsc φύω@vnra-- καί@b φημί@vipa3s ὁ@dnms φοῖβος@nnmsp ὅτι@cs πᾶς@annmp- ὁ@dnmp πίνω@vpaanmp ὁ@dgms οἶνος@ngmsc ἀποθνήσκω@viaa3p ἔχιδνα@ngfsc ἐναποθνήσκω@vpaagfs ὁ@ddms οἶνος@ndmsc ὁ@ddms δέ@b δοκέω@vpaadms ἐκ@p ὁ@dgms πίθος@ngmsc ὅμοιος@b ἄμπελος@namsc φύω@vnra-- εἰμί@viia3s μέν@b καί@b οὗτος@rpdms ἐν@p ὁ@ddms πίθος@ndmsc ἔχιδνα@nnfsc νεκρός@annfd- καί@cs ὁ@dnms οἶνος@nnmsc ὅμοιος@b διαφθείρω@vile3s οὐ@b μήν@b πίνω@viaa3p γε@viae3p τις@rpnmp οὐ@b δέ@cs ἀποθνήσκω@viaa3p δόξα@nafsc γάρ@b αὐτός@rpdmp διυλίζω@vnaa-- πρότερος@b ὁ@dams οἶνος@namsc ὡς@b αὖθις@b πίνω@vppedmp μανθάνω@vpaanmp ὁ@dans συμβαίνω@vpraans ἐκχέω@viaa3p ὁ@dams οἶνος@namsc εἰμί@viia3s δέ@b ἔοικα@vpranns οὗτος@rpamp μή@b ἀποθνήσκω@vnaa-- ἐπεί@cs γάρ@b οἰκεῖος@annfs- ὁ@dnfs ἄμπελος@nnfsc ὁ@ddns ἐν@p ὁ@ddms πίθος@ndmsc ὑγρός@andns- ἥσσων@anansc γίγνομαι@viam3s ὁ@dnms ὄνειρος@nnmsc πονηρός@annms-"
"Oneir._4.49","πᾶς@annfs- ἐπί@p ὁ@dans βελτίων@anansc μεταβολή@nnfsc ἀγαθός@annfs- πλούσιος@andmp- καί@b ἐάν@cs τις@rpnms εἰς@p θεός@namsc μεταβάλλω@vsaa3s δεῖ@vipa3s δέ@x μηδείς@rpans ἐνδεής@anans- ἔχω@vnpa-- οἷος@anans- δοκέω@viaa3s τις@annms- ἥλιος@nnmsp γίγνομαι@vnra-- καί@b διά@p ὁ@dgfs ἀγορά@ngfsc διέρχομαι@vnpe-- ἔχω@vppanms ἀκτίς@nafpc ἕνδεκα@ στρατηγός@nnmsc ἀποδείκνυμι@viap3s ὁ@dgfs ἑαυτοῦ@rpgms πόλις@ngfsc καί@cs μείς@nampc ἕνδεκα@an---- ἐπιζέω@vpaanms ὁ@ddfs ἀρχή@ndfsc ἀποθνήσκω@viaa3s διά@p ὁ@dans μή@b τέλειος@anams- ἔχω@vnpa-- ὁ@dgfp ἀκτίς@ngfpc ὁ@dams ἀριθμός@namsc πολύς@ananp- δέ@b καί@b ὁ@dnmp τόπος@nnmpc παρά@p ἑαυτοῦ@rpgmp εἰσφέρω@vipa3p ὁ@ddfp ἀπόβασις@ndfpc οἷος@rpans δοκέω@viaa3s τις@rpnms σταυρόω@vnre-- σημαίνω@vppagms ὁ@dgns δοκέω@vnpa-- σταυρόω@vnre-- δόξα@nafsc καί@cs εὐπορία@nafsc δόξα@nafsc μέν@b διά@p ὁ@dans ὑψηλός@anamss εἰμί@vnpa-- ὁ@dams σταυρόω@vpreams εὐπορία@nafsc δέ@cs διά@p ὁ@dans πολύς@anamp- τρέφω@vnpa-- οἰωνός@nampc ὁμένανδρος@nnmsc ἐν@p ἑλλάς@ndfsp δοκέω@viaa3s σταυρόω@vnre-- ἔμπροσθεν@p ἱερόν@angms- ζεύς@ngmsp πολιεύς@ngmsp καί@cs ἱερεύς@nnmsc ἀποδείκνυμι@vpapnms αὐτός@angms- ἐκεῖνος@angms- ὁ@dgms θεός@ngmsc λαμπρός@annmsc τε@b καί@cs εὔπορος@annmsc γίγνομαι@viam3s"
"Oneir._4.50","ἔτι@b καί@b οὗτος@rpnns ὁ@dnmp φίλος@nnmpc ἅμα@p ὁ@ddmp ἐχθρός@andmp- ἀναστρέφω@vppenmp καί@cs συναγελάζομαι@vppenmp ὁ@ddmp ἐχθρός@andmp- εἰς@p ἔχθρα@nafsc ὁ@ddns εἶδον@vpaadms καθίστημι@vipe3p ὁ@dnms φιλῖνος@nnmsp δοκέω@viaa3s ὁ@dgmp ἑταῖρος@ngmpc αὐτός@rpgms τις@rpams ἅμα@p ὁ@ddmp ἐχθρός@ndmpc μέλλω@vnpa-- ἀποδημέω@vnpa-- καί@cs εἰς@p ἔχθρα@nafsc καθίστημι@viaa3s ὁ@ddms ἑταῖρος@ndmsc διά@p τις@anafp- αἰτία@nafpc οὐδείς@rpans προσήκω@vpaanms ὁ@ddmp ἐχθρός@ndmpc"
"Oneir._4.51","ὁ@dnnp ἡμιτελής@annnp- ὁ@dgnp ἔργον@ngnpc ἀπραξία@nafsc σημαίνω@vipa3s τέλειος@anafs- καί@cs οὐ@b δέ@cs ὁ@dafp ἀρχή@nafpc παρέχω@vipa3s ὁ@dnms κίλιξ@nnmsp ἀδελφός@ngmsc κλῆρος@namsc ἀπό@p ὁ@dgms βασιλεύς@ngmsc αἰτέω@vppanms δοκέω@viaa3s πρόβατον@nansc κείρω@vnpa-- μέχρι@p ἥμισυς@ngfsc καί@cs ὁ@dgms πόκος@ngmsc λαμβάνω@vnaa-- ὁ@dans περισσός@anans- οὐ@b δύναμαι@vppenms διυπνίζω@viap3s καί@b προσδοκία@nnfsc μέν@b εἰμί@viia3s αὐτός@rpdms ὁ@dans ἥμισυς@anans- ὁ@dgms κλῆρος@ngmsc λαμβάνω@vnfm-- λαμβάνω@viaa3s δέ@cs οὐδείς@rpans"
"Oneir._4.52","ὅσος@rpnmp ὁ@dgmp στέφανος@ngmpc ἀγαθός@anans- τις@rpans σημαίνω@vipa3p οὗτος@rpnmp μή@b περί@p ὁ@ddfs κεφαλή@ndfsc εἰμί@vppanmp ἀλλά@cs περί@p τις@rpdns ἄλλος@andns- μέρος@ndnsc ὁ@dgns σῶμα@ngnsc πρός@p ὁ@ddns μηδείς@rpans ἀγαθός@anans- σημαίνω@vnpa-- προσέτι@b καί@b κακός@annmp- γίγνομαι@vipe3p ὁ@dnms ζωίλος@nnmsp εἰς@p ὀλύμπιος@nanpp ἀνάγω@vpaanms παῖς@nampc ἴδιος@anamp- ἀγωνίζομαι@vpfmamp ὁ@dams μέν@b πάλη@namsc ὁ@dams δέ@cs παγκράτιον@nansc δοκέω@viaa3s στεφανόω@vnre-- ὁ@danp σφυρόν@ananp- αὐτός@rpgmp ἐλαία@ndfsc καί@cs κότινος@ndmsc καί@b σφόδρα@b μέν@b εἰμί@viia3s εὔθυμος@annms- ὡς@b ἱερόν@ngnpc εἰμί@vppagmp καί@cs ἐπινίκιος@angmp- ὁ@dgmp στέφανος@ngmpc καί@cs ὀλυμπιάς@ndmpp δίδωμι@vppegmp ἀποθνήσκω@viaa3p δέ@cs αὐτός@rpdms ὁ@dnmp παῖς@nn-pc πρό@p ὁ@dgms ἀγών@ngmsc ὁ@dnmp γάρ@b περί@p ὁ@ddmp σφυρόν@ndmpc στέφανος@nnmpc οὐ@b πολύς@anans- ὁ@dgfs γῆ@ngfsc ἀπέχω@viia3p"
"Oneir._4.53","ὅσος@ananp- ὁ@dnfs θάλασσα@nnfsc σημαίνω@vipa3s καί@cs ὁ@dnnp περί@p ὁ@dafs θάλασσα@nafsc λιμήν@nnmpc καί@b σκόπελος@nnmpc καί@b ὑποδρομή@nnfpc καί@b αἰγιαλός@nnmpc καί@b πλοῖον@nnnpc καί@cs αὐτός@rpnns ὁ@dnns πλέω@vnpa-- ἐν@p ὁ@ddns δεύτερος@andns- βιβλίον@ndnsc προακούω@vira2s ὅμως@b δέ@b τις@rpans καί@b νῦν@b ἔρομαι@vifm3s σύ@rpdms τοιοῦτος@anans- ἀποβαίνω@vpranns δοκέω@viaa3s τις@rpnms εἰς@p θάλασσα@nafsc πίπτω@vpaanms καταφέρω@vnpe-- εἰς@p ὁ@dams βυθός@namsc καί@cs διά@p αἴσθησις@ngfsc ἔχω@vnpa-- ἐπί@p πολύς@anans- καταφέρω@vppenms καί@cs τέλος@nansc ὑπό@p ὁ@dgns δέος@ngnsc ἀφυπνίζω@viap3s γαμέω@vpaanms ἑταίρα@nafsc ἅμα@p αὐτός@rpdfs μετανίστημι@viaa3s καί@cs ὁ@dans πολύς@anans- ὁ@dgms βίος@ngmsc κατασείω@viaa3s ἐπί@p ξένη@ngfsc οὗτος@angnp- ὁ@dafp αἰτία@nafpc περισσός@anans- λέγω3@vnpa--"
"Oneir._4.54","ὅσος@annnp- συνεχής@b περί@p τις@rpans μέρος@nansc ὁ@dgns σῶμα@ngnsc εἰμί@vipa3s οὗτος@rpnnp ὁ@dams αὐτός@anams- ὁ@ddmp φύω@vpradmp ἔχω@vipa3s λόγος@namsc οἷος@rpans δοκέω@viaa3s τις@rpnms ξύλον@nanpc ἔχω@vnpa-- ἐκ@p ὁ@dgmp δάκτυλος@ngmpc φύω@vpraams καί@b πάλιν@b δοκέω@viaa3s τις@rpnms ἔριον@nanpc ἔχω@vnpa-- ἐκ@p ὁ@dgns στῆθος@ngnsc φύω@vpraanp καί@cs ὁ@dgns μετάφρενον@ngnsc καί@b ὁ@dnms μέν@b γίγνομαι@viam3s κυβερνήτης@nnmsc ὁ@dnms δέ@cs φθισικός@annms- ὁ@ddms μέν@b γάρ@b ἀεί@b ξύλον@nnnpc εἰμί@viia3s διά@p χείρ@ngfpc ὁ@dnnp ὁ@dgnp πηδάλιον@ngnpc ὁ@ddms δέ@cs ἀεί@b ἔριον@nnnpc περί@p ὁ@ddms θώραξ@ndmsc διά@p ὁ@dafs νόσος@nafsc"
"Oneir._4.55","ἔτι@b καί@b οὗτος@rpnns πολύς@annnp- παρά@p ὁ@dans πλῆθος@nansc ἀποβαίνω@vipa3s καί@cs πάλιν@b παρά@p ὁ@dans μέγεθος@nansc παρά@p μέν@b ὁ@dans πλῆθος@nansc ὡς@cs ἐπί@p κρόμμυον@ngnpc ὅς@rpdfs εἰ@cs τις@rpnms νοσέω@vppanms δοκέω@voaa3s ἐσθίω@vnpa-- εἰ@cs μέν@b πολύς@annnp- ἀνίστημι@vifm3s ἄλλος@anams- δέ@cs τις@rpams πενθέω@vifa3s εἰ@cs δέ@b ὀλίγος@annnp- θνῄσκω@vite3s δακρύω@vipa3p μέν@b γάρ@b ὁ@dnmp ὁ@danp κρόμμυον@nanpc ἐσθίω@vppanmp δακρύω@vipa3p δέ@b καί@cs ὁ@dnmp ἀποθνήσκω@vppanmp οὐ@b γάρ@b ἄνευ@p δάκρυον@ngnpc τις@rpnms ἀποθνῄσκω@viaa3s ἀλλά@b ὀλίγος@ananp- οὗτος@rpnmp δακρύω@vipa3p ὡς@cs εἰμί@vipa3s ὅτε@cs καί@b ὁ@damp πλησίος@b λανθάνω@vnaa-- μόνος@b νοτίζω@vpapgnp ὁ@dgnp βλέφαρον@ngnpc ὁ@dnmp δέ@b πενθέω@vppanmp πολύς@ananp- καί@b γάρ@b ἐπί@p πολύς@anans- δακρύω@vipa3p παρά@p δέ@b ὁ@dans μέγεθος@nansc ὡς@cs ἐπί@p αἴξ@ngmpc καί@cs ἔριφος@ngmpc αἴξ@nafpc μέν@x γάρ@x οὐ@b τε@x λευκός@anafp- οὐ@b τε@x μέλας@anafp- εἶδον@vnaa-- ἀγαθός@annns- αἰπόλος@ngmsc ἔριφος@annmp- δέ@b πᾶς@annmp- ἀγαθός@annmp- ὁ@dnns αὐτός@rpnnp δέ@b σύ@rpdms ἐπί@p πᾶς@angnp- ὄνειρος@ngnpc τηρέω@vmpe3s νῦν@b εἰς@p ὑπόδειγμα@nansc ἐπί@p οὗτος@rpgnp μόνος@angnp- ἐρῶ@vpreanp ἔνιοι@ananp- δέ@b ὁ@dams αὐτός@anams- ἔχω@vipa3s λόγος@namsc καί@b ἐν@p πλῆθος@ndnsc καί@b ἐν@p μέγεθος@ndnsc καί@b ἐν@p ὀλιγότης@ndfsc καί@cs ἐν@p σμικρότης@ndfsc ὡς@cs πρόβατον@nnnpc οὗτος@rpnnp γάρ@b καί@b πολύς@annnp- καί@b ὀλίγος@annnp- καί@cs κατά@p εἷς@ ὁράω@vpapnnp ὁ@dams αὐτός@anams- ἔχω@vipa3s λόγος@namsc"
"Oneir._4.56","χρή@vipa3s δέ@b σύ@rpacs καί@cs ὁ@danp ἦθος@nanpc ὁ@dgnp ζῷον@ngnpc ἀντιπαρβάλλω@vnpa-- ὁ@ddnp ἦθος@ndnpc ὁ@ddnp ἀνθρώπινος@andnp- καί@cs ὁ@dafs γνώμη@nafsc καί@cs ὁ@dafs προαίρεσις@nafsc ἕκαστος@angns- κατά@p ὁ@dans ὅμοιος@anans- σκοπέω@vnpa-- οἷος@anans- ὁ@danp μεγαλόφρων@ananp- καί@cs ἐλευθέρια@ananp- καί@cs πραγματικός@ananp- καί@cs φοβερός@ananp- τοιοῦτος@anamp- ἄνθρωπος@nampc προαγορεύω@vipa3s οἷος@anans- λέων@nnmsc τίγρις@nnfsc πάρδαλις@nnfsc ἐλέφας@nansc ἀετός@nnmsc ἅρπη@nnfsc καί@cs ὁ@danp βίαιος@ananp- καί@cs τραχύς@ananp- καί@cs δυσσύμβολος@ananp- ὅμοιος@anamp- προαγορεύω@vipa3s ἄνθρωπος@nampc ὡς@cs σύαγρος@nnmsc καί@cs ἄρκτος@nnfsc καί@cs ὁ@danp δειλός@ananp- καί@cs δρομικός@ananp- καί@cs ἀνελεύθερος@ananp- δειλός@anamp- ἤ1@cs δραπέτης@nampc παρίστημι@vipa3s ὡς@b ἔλαφος@nnnsc λαγῶς@nnmsc κύων@nnmsc ὁ@danp δέ@b νωθής@ananp- καί@b ἄπρακτος@ananp- καί@cs πανούργος@ananp- ὡς@cs ὕαινα@annnp- νωθής@anafp- καί@cs ἄπρακτος@anafp- πολλάκις@b δέ@cs καί@b φαρμακός@anamp- παρίστημι@vipa3s καί@cs ὁ@dgmp ἰοβόλος@ngmpc ὁ@dnnp φοβερός@annnp- καί@cs ἰσχυρός@annnp- καί@cs δυνατός@annnp- μέγας@anamp- ἀνήρ@nampc παρίστημι@vipa3s ὡς@b δράκων@ngmpc βασιλίσκος@nnmsc δρύινοι@nafpc ὁ@dnnp δέ@b πολύς@anams- ἰός@namsc ἔχω@vppannp πλούσιος@anamp- ἀνήρ@nampc τε@b καί@cs γυνή@nafpc ὡς@cs ἀσπίς@nnfsc ἔχιδνα@nnfsc σήψ@nnmsc ὁ@dnnp δέ@b μέγας@annnpc ὁ@dafs φαντασία@nafsc ὁ@dgfs δύναμις@ngfsc ἔχω@vppannp ἀλαζών@anamp- καί@cs ἀνυπόστατος@anamp- ἄνθρωπος@nampc ὡς@cs παρείας@angfs- φύσαλος@nnmsc τυφλόνινος@angfs- ὁ@danp δέ@b μικρός@ananp- ὡς@cs φαλάγγιον@nnnpc καί@b ὕδρος@nnmpc καί@cs σαυρός@annmp- μικρός@anamp- μέν@b καί@cs εὐκαταφρόνητος@anamp- ἱκανός@anamp- δέ@cs κακός@b διατίθημι@vnaa-- παρίστημι@vipa3s ἄνθρωπος@nampc ὁ@danp δέ@b ἁρπάζω@vppannp φανερός@b ληιστής@nnmsc καί@cs ἅρπαξ@nampc ὡς@cs ἱέραξ@nnmsc καί@cs λύκος@nnmsc ὁ@dnnp δέ@b ἁρπάζω@vppannp μέν@b οὐ@b φανερός@b δέ@x ἐπίβουλος@anamp- ὡς@cs ἰκτῖνος@nnmsc καί@cs ἀλώπηξ@nnfsc ὁ@danp δέ@x εὔμορφος@ananp- καί@cs χαρίεις@ananp- φιλόκαλος@vipa2s ὡς@b ψιττακός@annms- καί@cs πέρδιξ@nnmsc καί@cs ταώς@nnmsc ὁ@dnnp δέ@b μουσικός@annnp- καί@cs ἡδύφωνος@annnp- φιλόλογος@anamp- καί@b μουσικός@anamp- καί@cs εὔφωνος@anamp- ὡς@cs χελιδών@nnfsc καί@b ἀηδών@nnfsc καί@b βασιλίσκος@nnmsc καί@cs ὁ@dnnp ὅμοιος@annnp- ὁ@dnnp δέ@b μιμητικός@annnp- γόης@nampc καί@cs πανοῦργος@nampc ὡς@cs πίθηκος@nnmsc καί@b κόσσυφος@nnmsc καί@cs κίσσα@nnfsc ὁ@danp δέ@b ποικίλος@ananp- καί@cs κατάστικτος@ananp- ὡς@cs πάρδαλις@nnfsc οὐ@b ἁπλόος@annms- ὁ@dnns νόημα@nansc πολλάκις@b δέ@cs καί@b αἰσχύνω@vpreamp ὁ@dnnp δέ@b ἐργαστικός@annnp- καί@cs ταλαίπωρος@annnp- ἐργάτης@nampc καί@cs ὑποτάσσω@vpreamp ὡς@cs ὄνος@nnmpc καί@cs βοῦς@nnmpc ἐργάτης@nnmpc ὁ@dnnp δέ@b ἐργαστικός@annnp- μέν@b ἀνυπότακτος@annnp- δέ@b ὁ@damp ἀφηνιάζω@vppaamp καί@cs ἀγέρωχος@anamp- ὡς@cs ταῦρος@nnmpc καί@b βοῦς@nnmpc ἀγελαῖος@annfp- καί@b ἵππος@nnmpc φορβάδες@nnfpc καί@cs ὄναγρος@nnmpc ὁ@dnnp δέ@b συναγελάζομαι@vppennp κοινωνικός@anamp- καί@cs συναγελαστικός@anamp- ἄνθρωπος@nampc ὅθεν@b καί@b πρός@p κοινωνία@nafsc εἰμί@vipa3s σύμφορος@annnp- ὡς@cs πελαργός@nnmpc καί@b γέρανος@nnmpc καί@b ψάρ@nnmpc καί@b κολοιός@nnmpc καί@cs περιστερά@nnfpc οὗτος@rpgmp δέ@b ἔνιοι@ananp- καί@b χειμών@nampc προαγορεύω@vipa3s ὡς@cs κολοιός@nnmpc καί@cs ψάρ@nnmpc καί@b ληιστής@nampc καί@cs πολέμιος@nampc ὡς@cs γέρανος@nnmpc καί@cs πελαργός@nnmpc ὁ@danp δέ@b νεκρός@andmp- ἐφεδρεύω@vppaanp καί@cs μηδείς@rpans θηρεύω@vppannp ἀργός@anamp- καί@cs νωθής@anamp- ἄνθρωπος@nampc ἤ1@b νεκροφόρος@nampc ἤ1@b ἐντάφιος@nampc ἤ1@b βυρσεύς@nampc ἤ1@cs ἀπελαύνω@vpreamp πόλις@ngfsc ὡς@cs γύψ@nnmpc ὁ@danp δέ@b νυκτερινός@ananp- καί@cs μηδείς@rpans ἐν@p ἡμέρα@ndfsc πράσσω@vppaanp μοιχός@nampc ἤ1@cs κλέπτης@nampc ἤ1@cs νυκτερινός@anafs- ἔχω@vppaamp ὁ@dafs ἐργασία@nafsc ὡς@cs γλαύξ@nnfsc καί@cs νυκτικόραξ@nnmsc καί@cs αἰγωλιός@nnmsc καί@cs ὁ@dnnp ὅμοιος@annnp- ὁ@dnnp δέ@b πολύς@andfp- χράομαι@vppennp φωνή@ndfpc πολύγλωσσος@anafp- ἤ1@cs πολυμαθής@anafp- ὡς@cs κόραξ@nnfsc καί@cs κορώνη@nnfsc καί@cs κίσσα@nnfsc καί@cs ὁ@dnnp ὅμοιος@annnp- ὁ@danp δέ@b φιλόχωρος@ananp- ὁ@damp πλησίος@b οἰκέω@vppaamp καί@cs ὁ@damp ἐγγύς@b θύρα@ngfpc ὡς@cs χελιδών@nnfsc καί@cs λαγῶς@nnmsc οὗτος@rpanp δέ@b καί@b ὁ@damp δραπέτης@nampc εἰς@p ὁ@dafs οἰκεῖος@anafs- πορεύω@vnpe-- σημαίνω@vipa3s φύσις@ndfsc εἰμί@vppaamp ἐλεύθερος@anamp- μιμνῄσκω@vmre2s δέ@b ὅτι@cs ὁπόσος@annnp- ὁ@dgnp ζῷον@ngnpc ὁ@dnnp αὐτός@rpnnp εἰς@p πολύς@ananp- δύναμαι@vipe3s κρίνω@vnpe-- οὗτος@rpanp κριτέος@annns- οἷος@rpans πάρδαλις@nansc καί@cs μεγαλόφρων@anams- σημαίνω@vipa3s διά@p ὁ@danp ἦθος@nanpc καί@cs ποικίλος@anams- διά@p ὁ@dans χρῶμα@nansc ὅμοιος@b καί@cs πέρδιξ@nnfsc εὔμορφος@anans- καί@cs πανοῦγρος@anans- καί@b ὁ@dans ὅλος@anans- ἔχω@vppanms ὁ@danp ὑπόδειγμα@nanpc περί@p τε@b αὐτός@angnp- οὗτος@rpgnp καί@cs ὁ@dgnp μή@b καταλέγω@vpregnp ἐνθάδε@b ἤ1@cs ἐν@p ὁ@ddnp πρῶτος@andnp- βιβλίον@ndnpc ποιέω@vmpe2s ὁ@dams λόγος@namsc ἔτι@b καί@b οὗτος@rpnns ὅσος@annnp- ὁ@dgnp ζῷον@ngnpc θεός@ndmpc τις@rpd-p ἀνάκειμαι@vipe3s ὁ@damp θεός@nampc αὐτός@anamp- ἐκεῖνος@rpamp σημαίνω@vipa3s κοινῇ@b δέ@b πᾶς@ananp- ὁ@danp μέν@b ἥμερος@nanpc καί@cs σύντροφος@ananp- πρός@p ὁ@damp οἰκεῖος@anamp- λαμβάνω@viia3s δέ@cs ἄγριος@ananp- πρός@p ὁ@damp ἐχθρός@anamp- ἤ1@cs πρός@p νόσος@nafsc ἤ1@cs πρός@p καιρός@namsc ἀηδής@anafs- καί@cs κακοπραγία@nafsc ὥσπερ@cs γάρ@b ὁ@dnnp θηρίον@nnnpc βλάπτω@vipa3s ὁ@damp ἄνθρωπος@nampc οὕτως@b καί@b ὁ@dnmp ἐχθρός@nnmpc καί@b ὁ@dnfp νόσος@nnfpc καί@cs ὁ@dnfp κακοπραγία@nnfpc ὁ@dnnp μέν@b οὖν@b ἥμερος@annnp- ζῷον@nnnpc ἀγαθός@anans- ἔχω@vnpa-- καί@cs ἐρρωμένος@vpreanp ὁράω@vnpa-- καί@cs κρατέω@vppeanp ὑπό@p ἐγώ@rpgcp αὐτός@angmp- καί@cs μή@b ὑπό@p ὁ@dgmp ἐχθρός@ngmpc ὁ@dnnp δέ@b ἄγριος@annnp- καί@cs ἀποθνήσκω@vppannp καί@cs μή@b χειρόω@vppennp ὑπό@p ἐγώ@rpg-p ἀγαθός@annnp- ἄν@b εἰμί@vopa3s καί@cs κρατέω@vppennp ὑπό@p ὁ@dgnp ἥμερος@ngmpc καί@cs σύντροφος@angnp- ἐγώ@rpdmp ζῷον@ngnpc ὑπό@p δέ@b ὁ@dgmp ἐχθρός@angmp- κρατέω@vppennp ἤ1@cs ὑπέρτερος@annnp- ὁ@dgnp ἥμερος@ngfpc γίγνομαι@vppennp καί@cs διατίθημι@vppennp τις@rpans πονηρός@anans- ἄτοπος@annnp- ἄν@b εἰμί@vopa3s καί@cs σκαιός@annnp- πᾶς@annnp-"
"Oneir._4.57","περί@p δένδρον@ngnpc δέ@b καί@cs φυτόν@ngnpc κατά@p εἶδος@nansc ἐν@p ὁ@ddms περί@p γεωργία@ngfsc λόγος@ndmsc ἐν@p ὁ@ddns δεύτερος@andns- βιβλίον@ndnsc ἐξετάζω@vire3s μιμνῄσκω@vmre2s δέ@b ὅτι@cs ὁ@dams αὐτός@anams- ἔχω@vipa3s λόγος@namsc ὁ@ddmp καρπός1@ndmpc ὁ@dnnp δένδρον@nnnpc καί@cs ὁ@ddmp θεός@ndmpc ὅς@rpgnp ἕκαστος@annns- εἰμί@vipa3s ἱερόν@nnnsc κοινῇ@b δέ@b πᾶς@annnp- ὁ@dnnp ἔγκαρπος@nnnpc ὁ@dgnp ἄγριος@angnp- βελτίων@annnpc καί@cs ὁ@dgnp ἐγκάρπος@ngnpc ὁ@dnnp μή@b φυλλορροέω@vppannp πλήν@p ἐλαία@ngfsc καί@cs δάφνη@ngfsc οὗτος@rpgmp γάρ@b ἐπί@p ὁ@dgmp νοσέω@vppagnp ὁ@dnfs μέν@b ἐλαία@nnfsc θανατηφόρος@annfs- εἰμί@vppanfs τηρέω@vire3s αὐτός@rpnfs τε@cs καί@cs ὁ@dnms καρπός@nnmsc αὐτός@rpgfs καί@cs ὁ@dnnp φύλλον@nnnpc δάφνη@nnfsc δέ@cs σωτήριος@annfs- καί@b γάρ@x εἰκός@vpranns ὁ@ddmp γάρ@b ἀποθνήσκω@vpaadmp ἐλαία@nafpc μέν@b συνεκφέρω@vipa3p δάφνη@nafpc δέ@b οὐδαμῶς@b ὁ@danp δέ@cs ἄκαρπος@ananp- χείρων@ananpc χωρίς@p ὁ@dgmp ἔχω@vppagmp ἐκ@p αὐτός@rpgnp διά@p αὐτός@rpgnp ὁ@dafs ἐργασία@nafsc καί@cs ὁ@dnnp πολυχρόνιος@nnnpc ἐν@p μέν@b ὁ@ddfp προθεσμία@ndfpc παρολκή@ngfsc εἰμί@vipa3s σημεῖον@nnnpc ἐν@p δέ@b ὁ@ddfp νόσος@ndfpc σωτήριος@annnp- γίγνομαι@vipe3s ὁ@danp δέ@b ἄλλος@rpanp ὁ@dgnp ἀποτέλεσμα@ngnpc βραδύς@b ἐπάγω@vipa3s ὅμοιος@b καί@cs ὁ@dnnp βραδύς@annnp- φύω@vppennp καί@cs αὐξάνω@vppennp ὁ@dnnp δέ@b ἐναντίος@annnp- οὗτος@rpdnp ὁ@dgnp ἐναντίος@angnp- εἰμί@vipa3s σημαντικός@annnp- ἄκανθα@annfp- δέ@b καί@b σκόλοψ@nnmpc καί@b παλίουρος@nnmpc καί@cs βάτος@nnmpc πρός@p μέν@b ἀσφάλεια@nafsc ἐπιτήδειος@annnp- πᾶς@annnp- διά@p ὁ@dans φραγμός@nnmpc γίγνομαι@vnpe-- καί@cs ἕρκος@nnnpc χωρίον@ngnpc πρός@p δέ@cs ὁ@dafp ἐκπλοκή@nafpc οὐ@b πάνυ@b τις@rpans ἐπιτήδειος@annnp- διά@p ὁ@dans καθεκτικός@anans- τελώνης@ndmpc δέ@b καί@cs κάπηλος@ndmpc καί@b ληιστής@ndmpc καί@cs ζυγοκρούστης@ndmpc καί@cs παραλογιστής@ndmpc ἄνθρωπος@ndmpc ἐπιτήδειος@annnpc ὁ@dgmp ἄλλος@rpgnp γίγνομαι@vipe3s διά@p ὁ@dans βία@nanpc ὁ@danp ἀλλότριος@ananp- καί@b μή@b βούλομαι@vppegmp ἀποσπάω@vnpa--"
"Oneir._4.58","ἔτι@cs καί@cs ἀπό@p ὁ@dgnp σκεῦος@ngnpc καί@cs ἐργαστήριον@ngnpc οὐ@b μόνος@b ὁ@dafp τέχνη@nafpc καί@cs ὁ@dafp ἀπό@p ὁ@dgfp τέχνη@ngfpc ἐργασία@nafpc λαμβάνω@vnpa-- χρή@vipa3s ἀλλά@cs καί@b αὐτός@rpamp ὁ@damp τεχνίτης@nampc ἤ1@cs ὁ@damp χράομαι@vppeamp ὁ@ddnp σκεῦος@ndnpc οἷος@rpans δοκέω@viaa3s τις@rpncs ὁ@dams χαλινός@namsc ὁ@dgms ἵππος@ngmsc διαρρέω@vnra-- ἀποθνῄσκω@viaa3s αὐτός@rpgms ὁ@dnms ἱπποκόμος@nnmsc καί@b πάλιν@b αὖ@b δοκέω@viaa3s τις@rpnms ὁ@dams κύαθος@namsc αἰφνίδιος@anams- κατεάσσω@vnre-- ἀποθνῄσκω@viaa3s αὐτός@rpgms ὁ@dnms οἰνοχόος@nnmsc ὁ@dnms δέ@b αὐτός@rpnms καί@b ἐπί@p πᾶς@angnp- ὁ@dgnp σκεῦος@ngnpc καί@cs ἐργαστήριον@ngnpc τηρέω@vmpe3s σύ@rpdms λόγος@nnmsc ἔτι@b καί@b ὅσος@annnp- οὐδαμός@annnp- οὐδαμῶς@b ἐνδέχομαι@vppennp εἰμί@vipa3s ἀπόλλυμι@vnam-- ὄναρ@nnnsc ἀπόλλυμι@vprennp θάνατος@namsc ὁ@ddms εἶδον@vpaadms ὁ@dgnp ὄμμα@ngnpc βλάβη@nafsc προσημαίνει@vipa3s οἷος@rpans δοκέω@viaa3s τις@rpnms ὁ@dams οὐρανός@namsc ἀπόλλυμι@vnra-- καί@cs ἀποθνῄσκω@viaa3s ὥσπερ@cs γάρ@b ὁ@ddnp ἀπόλλυμι@vppedmp οὐ@b εἰμί@vipa3s χράω@vnpe-- οὕτως@b καί@b ὅς@rpdnp τις@rpncs μή@b χράομαι@vipe3s οὗτος@rpnnp ὡς@b πρός@p αὐτός@rpams ἀπόλλυμι@vira3s"
"Oneir._4.59","ἔτι@cs καί@b ὁ@dgmp ἄνθρωπος@ngmpc ὁ@danp ἦθος@nanpc βασανίζω@viia3s πρότερος@anans- οὗτος@rpnns εἰμί@vipa3s ἐπιμελής@b ἀναπυνθάνομαι@vppanns καί@cs εἰ@cs μή@b παρά@p αὐτός@rpgnp ἀσφαλής@annns- εἰμί@vopa3s σύ@rpdcs πυνθάνομαι@vnpe-- ὁ@dans πάρειμι1@vppaans ὑπερτίθημι@vpamnms παρά@p ἄλλος@rpgns πυνθάνομαι@vmpa2s ὁ@danp περί@p αὐτός@rpamp ἵνα@cs μή@b πταίω@vsaa2s οἷος@rpans δοκέω@viaa3s τις@rpncs ὁ@dafs ἑαυτοῦ@rpgms γυνή@nafsc ἀρρητοποιέω@vnpa-- καί@b πάλιν@b αὖ@b δοκέω@viaa3s τις@rpnms ὑπό@p ὁ@dgfs γυνή@ngfsc ἀρρητοποιέω@vnpe-- καί@b πολύς@andms- χρόνος@ndmsc οὐδείς@rpnns αὐτός@rpdmp ἀποβαίνω@viia3s ὁ@dgnp σημαίνω@vppegnp ὑπό@p ὁ@dgfs τοιοῦτος@angfs- ὄψις@ngfsc ὅσος@annnp- γε@b ἐπί@p ὁ@dgmp ἄλλος@angmp- ἄνθρωπος@ngmpc ἀποβαίνω@vnpa-- φιλέω@vipa3s ὡς@cs δέ@b οὐ@b εἰμί@viia3s φανερός@annfs- ὁ@dnfs αἰτία@nnfsc θαυμάζω@viia1s καί@cs ἐγώ@rpdcs δοκέω@viia3s ἄλογος@annns- εἰμί@vnpa-- ὁ@dnns μηδείς@rpans αὐτός@rpdmp ἀποβαίνω@vnpa-- ὕστερος@b δέ@b ὁ@ddms χρόνος@ndmsc μανθάνω@viaa1s ὅτι@cs εἰμί@viia3s ἄρα@b ἀμφότερος@andmp- ἔθος@nnnsc οὗτος@rpans πράσσω@vnpa-- καί@cs μή@b καθαρεύω@vnpa-- ὁ@danp στόμα@nanpc διό@b καί@b εἰκότως@b οὐδείς@rpnns αὐτός@rpdmp ἀποβαίνω@viia3s πρός@p ὅς@rpanp δέ@cs πτοέω@vprenmp εἰμί@viia3p οὗτος@rpanp βλέπω@viia3p ὑπόδειγμα@nnnsc ἐπί@p ὁ@dgmp κλέπτω@vnpa-- δοκέω@vppagmp καί@cs φονεύω@vnpa-- καί@cs ἱεροσυλέω@vnpa-- πολλάκις@b γάρ@b αὐτός@ananp- οὗτος@rpanp ἐννοέω@vipa3p καί@b ἐάν@cs τις@rpnms αὐτός@rpanp ὡς@b αἴνιγμα@nanpc ἑρμηνεύω@vnpa-- ἐπιχειρέω@vspa3s σφάλλω@vipa3s καί@cs ἐξαπατάω@vipe3s περιίστημι@vmpe2s δέ@b καί@cs ὁ@damp ἡγέομαι@vppmamp ὅτι@cs ὁ@dnmp ὄνειρος@nnmpc κατά@p γένεσις@nafsc ὁ@dafs ἕκαστος@angns- θεωρέω@vipe3p καί@cs ὁ@dnmp ἀγαθός@annmp- καί@cs ὁ@dnmp κακός@annmp- λέγω3@vipa3p γάρ@b ὅτι@cs ὁ@dnmp ἀγαθοποιός@annmp- ὁ@dgmp ἀστήρ@angmp- ὅταν@cs μή@b δύναμαι@vspe3p ἀγαθός@anans- τις@rpans ποιέω@vnaa-- διά@p γε@b ὁ@dgnp ὄνειρος@ngmpc εὐφραίνω@vipa3p ὁ@dnmp δέ@b κακός@annmp- ὁ@dgmp ἀστήρ@angmpc ὅταν@cs μή@b δύναμαι@vspe3p κακός@anans- τις@rpans ποιέω@vnaa-- διά@p γε@b ὁ@dgmp ὄνειρος@ngmpc ἐκταράσσω@vipa3p καί@cs φοβέω@vipa3p εἰ@cs γάρ@b εἰμί@viia3s οὗτος@rpnns ἀληθής@annns- οὐ@b ἄν@b ὁ@dnmp ὄνειρος@nnmpc ἀποβαίνω@viia3p νυνί@b δέ@b καί@b ὁ@dnmp ἀγαθός@annmp- καί@cs ὁ@dnmp κακός@annmp- ἀποβαίνω@vipa3p κατά@p ὁ@dams λόγος@namsc ὁ@dams ἴδιος@anams- ἕκαστος@annms- ἔτι@b ὁ@dgmp ὄνειρος@ngmpc ὁ@damp φιλόλογος@anampc οὐδαμῶς@b ὁ@dnmp ἰδιώτης@nnmpc ὁ@dgmp ἄνθρωπος@ngmpc ὁράω@vipa3p λέγω3@vipa1s δέ@b ὁ@damp ἀπαίδευτος@anamp- ἀλλά@cs ὅσος@annmp- φιλολογέω@vipa3p καί@cs ὅσος@annmp- μή@b ἀπαίδευτος@nnmpc εἰμί@vipa3p ὅθεν@b ἄν@b τις@rpnms καί@b μάλιστα@b καταμανθάνω@voaa3s ὅτι@cs ὁ@dgfs ψυχή@ngfsc ἔργον@nnnpc εἰμί@vipa3p ὁ@dnmp ὄνειρος@nnmpc καί@cs ὅτι@cs οὐ@b ὑπό@p τις@rpgms ἔξωθεν@b γίγνομαι@vipe3p ὁ@dgnp δέ@b ἐν@p ὁ@ddmp ὕπνος@ndmpc λέγω3@vppegnp ἔπος@ngnpc ἴαμβος@ngmpc ἤ1@cs ἐπιγραμμάτιον@angnp- ἤ1@cs ἄλλος@rpgnp ῥῆσις@ngfpc ὁ@dnnp μέν@b αὐτός@rpnnp παρέχω@vipa3s ὁ@dafs ἀπόβασις@nafsc ὅσος@rpnnp γε@b αὐτοτελής@anafs- διάνοια@nafsc περιέχω@vipa3s οἷος@anans- δοκέω@viaa3s τις@rpncs λέγω3@vnpa-- αὐτός@rpdms τις@rpams ὁ@dgmp ἀξιόπιστος@angmp- ὁ@dans ἡσιόδειος@anans- ἔπος@nansc μή@b κακός@ananp- κερδαίνω@vnpa-- κακός@annnp- κέρδος@nnnpc ἶαʼ@annnp- ἄτη@ndfpc οὗτος@rpnms ἐπιτίθημι@vpamnms λῃστεία@ndfpc ἁλίσκομαι@viaa3s καί@cs κολάζω@viap3s ὁ@dnnp δέ@b ἐπί@p ὁ@dafs ὑπόθεσις@nafsc ὁ@dgns ποίημα@ngnsc ἀναπέμπω@vipa3s ὁ@dafs κρίσις@nafsc ὅσος@rpnnp μή@b αὐτοτελής@anafs- διάνοια@nafsc περιέχω@vipa3s οἷος@rpans δοκέω@viaa3s τις@rpncs λέγω3@vnpa-- θεράπαινα@nafsc ὁ@danp εὐριπίδειος@ananp- ἰαμβεῖος@nanpc ὀπτάω@nanpc καταίθω@vmaa2s σάρξ@nafpc ἐμπίμπλημι@vmap2s ἐγώ@rpgms οὗτος@rpnfs ζηλοτυπέω@vpapnfs ὑπό@p ὁ@dgfs δέσποινα@ngfsc μυρίος@ananp- πάσχω@viaa3s κακός@ananp- εἰμί@viia3s γάρ@b ἔοικα@vpranns ὁ@ddfs ὑπόθεσις@ndfsc ὁ@ddfs περί@p ἀνδρομάχη@namsp ἀκόλουθος@ananp- γίγνομαι@vnam-- αὐτός@rpdfs ὁ@danp ἀποτέλεσμα@nanpc πάλιν@b οὖ@b ἀνήρ@nnmsc πένης@nnmsc δοκέω@viaa3s λέγω3@vnpa-- οὗτος@anans- ὁ@rpans ἰαμβεῖον@nansc ἅπας@ananp- ἀπόρρητος@ananp- πρῶτος@anans- ἔρχομαι@viaa3s ἅπαξ@b θησαυρός@namsc εὑρίσκω@viaa3s καί@cs πλουτέω@viaa3s γυνή@nnfsc δοκέω@viaa3s λέγω3@vnpa-- αὐτός@rpdfs τις@rpams κεῖμαι@vipe3s πάτροκλος@nnmsp νέκυς@ngmsc δέ@cs δή@b ἀμφιμάχομαι@vipe3p γυμνός@angms- ἀτάρ@x ὁ@danp γε@x τεῦχος@nanpc ἔχω@vipa3s κορυθαίολος@annms- ἕκτωρ@nnmsp οὗτος@rpgfs ὁ@dnms ἀνήρ@nnmsc ἀποδημέω@vppanms ἀποθνήσκω@viaa3s καί@cs ὁ@dgfs οὐσία@ngfsc ὑπό@p ὁ@dgms φίσκος@ngmsc καταλαμβάνω@vpapgfs εἰς@p μάχη@nafsc καθίστημι@viaa3s καί@cs δικάζω@viam3s ὁ@dnfs γυνή@nnfsc καί@b οὐδείς@rpans ἀνύω@viaa3s ἀλλά@cs ἐν@p ὁ@ddfs δίκη@ndfsc εἰμί@vppanfs ἀποθνῄσκω@viaa3s ὁράω@vipa2s ὅτι@cs οὗτος@rpgnp ὅς@rpnnp μέν@b αὐτάρκης@b ὁ@dafs ἀπόβασις@nafsc δείκνυμι@viaa3s οὐ@b προσδέομαι@vpapams ὁ@dgfs ὁ@dgnp ποίημα@ngnpc ὑπόθεσις@ngfsc ὅς@rpanp δέ@cs κατά@p ὁ@dafp ἱστορία@nafpc ὁ@dafp ἐν@p ὁ@ddnp ποίημα@ndnpc ἀποβαίνω@viaa3s"
"Oneir._4.60","ἔτι@cs ὁ@dgfp πόλις@ngfpc ὁ@dafp οἰκεῖος@anafpc ἀμείνων@annnsc βλέπω@vnpa-- ἤ1@cs ὁ@dafp ἄλλος@rpafp οἷος@rpnns πατρίς@nafpc ἤ1@cs ἐν@p ὅς@rpdfp τις@rpnms διατρίβω@viaa3s εὐτυχής@b ὁ@dafp δέ@b μή@b οἰκεῖος@anafp- ἤ1@cs μή@b συνήθης@anafp- βλέπω@vnpa-- ἥσσων@anansc ἀγαθός@annns- ὁμοῦ@b δέ@b πᾶς@anafp- ἀγαθός@anans- ὁράω@vnpa-- πολύανδρος@anafp- εἰμί@vppaafp καί@cs εὖ@b οἰκουμένη@vppeafp καί@cs πλήθω@vppaafp πολυτέλεια@nafpc καί@cs ὁ@dgfp ἄλλος@rpgnp ὅσος@rpnnp πόλις@ngfsc μέγεθος@nansc ἤ1@cs εὐδαιμονία@nafsc ἐπιδείκνυμι@vipa3s ἐρῆμος@anafp- δέ@b ἤ1@cs κατερίπτω@vpreafp βλέπω@vnpa-- οὐ@b τε@cs ἴδιος@anafp- οὐ@b τε@cs ἀλλότριος@anafp- πόλις@nafpc ἀγαθός@annns- σημαίνω@vipa3p δέ@b ὁ@dnfp πατρίς@nnfpc καί@b ὁ@damp γονεύς@nampc οἷος@rpans δοκέω@viaa3s τις@rpnms ὁ@dafs πατρίς@nafsc σεισμός@ndmsc πίπτω@vnaa-- καί@cs ὁ@dnms πατήρ@nnmsc αὐτός@rpgms καταδικάζω@vpapnms ὁ@dafs ἐπί@p θάνατος@ndmsc ἀπόλλυμι@viam3s"
"Oneir._4.61","ὅσος@rpnnp τις@rpdmp παρακολουθέω@vipa3s οὗτος@rpnnp ὄναρ@nnnpc βλέπω@vppennp μετά@p ἡμέρα@nafsc ἀποβαίνω@vipa3s μάλιστα@b δέ@b ὁ@dnns μοιχεύω@vnpa-- ἔχθρα@nafsc πρός@p ὁ@dams ἀνήρ@namsc ὁ@dgfs μοιχεύω@vppegfs ποιέω@vipa3s ὁ@ddms εἶδον@vpaadms ἕπομαι@vipe3s γάρ@b καί@cs ἀκολουθέω@vipa3s ὁ@ddms μοιχός@ndmsc μῖσος@nnnsc ἐκ@p ὁ@dgms ἀνήρ@ngmsc ὁ@dgfs μοιχεύω@vppegfs ὅσος@annnp- δέ@b οὐ@b ἀκολουθέω@vipa3s τις@rpdmp οὗτος@rpnnp οὐ@b δέ@b ἐν@p ὁ@ddmp ὕπνος@ndnpc ὁράω@vpapams ἀποβαίνω@vipa3s οἷος@rpans δοκέω@viaa3s τις@rpnms ὁ@dams δεσπότης@namsc παρακατακλίνω@vnpa-- αὐτός@rpdms ὁ@dafs ἑαυτοῦ@rpgms γυνή@nafsc καί@b ἔχθρα@nnfsc μέν@b αὐτός@rpdms οὐ@b δέ@b ὅστις@annns- γίγνομαι@viam3s πρός@p ὁ@dams δεσπότης@namsc πᾶς@anafs- δέ@cs ὁ@dafs οὐσία@nafsc ἐπιτρέπω@vpapafs ὑπό@p ὁ@dgms δεσπότης@ngmsc διοικέω@viaa3s καί@cs προίστημι@viaa3s ὁ@dgms πᾶς@angms- οἶκος@ngmsc εἰμί@viia3s γάρ@b ἔοικα@vpranns μηδείς@anafs- εἰμί@vnfm-- ζηλοτυπία@nafsc πρός@p ὁ@dams ὁ@dafs ἑαυτοῦ@rpgms παρακοιμίζω@vppaams γυνή@nafsc"
"Oneir._4.62","ἔτι@b ἔνιοι@annnp- περί@p ὁ@danp ἀγγεῖον@nanpc διάφορος@b ἀποβαίνω@vipa3s οἷος@rpans γάλα@nnnsc ἐν@p γαυλός@ndmsc κερδαλέος@annns- ἐν@p δέ@b λεκάνῃ@ndfsc ζημία@ngfsc σύμβολον@nnnsc οὐ@b γάρ@b ἄν@b τις@rpnms αὐτός@rpdms χράω2@voam3s εἰς@p τροφή@nafsc ὁ@dans δέ@b ἐναντίον@anans- ὁ@ddns χράω@vnpe-- μή@b χράω@vnpe-- διά@p ὅς@rpgns ζημία@nnfsc γίγνομαι@vipe3s"
"Oneir._4.63","ὁ@dgmp δέ@b ὁ@danp λίαν@b μέγας@ananp- αἴνιγμα@nanpc προσάπτω@vppagmp ὁ@ddmp ὄνειρος@ndmpc καταπτύω@viia3s ὡς@b οὐ@b ἔχω@vppagmp ἔννοια@nafsc ὄνειρος@angfs- φαντασία@ngfsc ὁ@dgmp θεός@ngmpc πανουργία@nafsc καί@cs κακοτροπία@nafsc καταγιγνώσκω@vpragmp εἰ@cs γε@b εἰς@p τοσοῦτος@anafs- λέσχη@nafsc ἐμβάλλω@vipa3p ὁ@damp ὁράω@vppaamp ὁ@damp ὄνειρος@anamp- ὥστε@cs ἀντί@p ὁ@dgns διά@p ὁ@dgmp ὄνειρος@ngmpc μανθάνω@vnaa-- ὁ@danp εἰμί@vpfmanp προσέτι@b καί@b ὅσος@rpnnp μή@b εἰμί@vipa3s αὐτός@rpdmp ἀνάγκη@nnfsc ζητέω@vppadmp εὖ@b γάρ@b οἶδα@vmra2s ὅτι@cs ἔνιοι@anamp- οὐδαμῶς@b ἐνδέχομαι@vipe3s εἶδον@vnaa-- ὄνειρος@anamp- οἷος@rpans λέγω3@vipa3p τις@rpans τοιοῦτος@rpans ἀπόλλυμι@vpaanms τις@rpncs ἀνδράποδον@nansc δοκέω@viaa3s λέγω3@vnpa-- αὐτός@rpdms τις@rpacs ̔@cs ἐν@p ἀστράτευτος@andmp- εἰμί@vipa3s σύ@rpgms ὁ@dnms θεράπων@nnmsc εὑρίσκω@viap3s ἐν@p θῆβαι@ndfpp ὁ@dnms θεράπων@nnmsc ἐπεί@cs μόνος@annmp- ὁ@dnmp θηβαῖος@nnmpp ὁ@dgmp βοιωτός@ngmpp οὐ@b στρατεύω@viaa3p ἐπί@p ἴλιος@nafsp καί@b πάλιν@b λέγω3@vipa3p ὅτι@cs νοσέω@vppanms τις@rpncs δοκέω@viaa3s λέγω3@vnpa-- αὐτός@rpdms τις@rpacs ὁ@ddms μονοκρήπις@ndmsc θύω@vmaa2s καί@cs θεραπεύω@voap3s θύω@viaa3s ὁ@ddms ἑρμῆς@ndmsp φημί@vipa3p γάρ@b ὁ@dams θεός@namsc οὗτος@anams- περσεύς@ndmsp ἐπί@p ὁ@dafs ὁ@dgfs γοργώ@ngfsp τομή@nafsc ἄπειμι1@vppadms ὁ@dans ἕτερος@anans- ὁ@dgnp ὑπόδημα@ngnpc δίδωμι@vpaaams ὁ@dans ἕτερος@anans- ἔχω@vnpa-- μόνος@anans- πολύς@ananp- δέ@b καί@b ἄλλος@rpanp τοιοῦτος@rpanp ἀναφέρω@vipa3p ὅς@rpnnp μᾶλλον@b ὁ@damp ἄπειρος@b ἱστορία@nafpc ξένη@ngfsc ἔχω@vppaamp ἐλέγχω@vnpa-- ἔοικα@vira3s ἤ1@cs ὁ@damp ὀνειροκρίτης@nampc πᾶς@ananp- δέ@b ὁ@danp τοιοῦτος@rpanp βούλομαι@vppedms σύ@rpdcs μανθάνω@vnaa-- εὔκολος@annns- ἵνα@cs πρός@p οὗτος@rpamp εὐαποκρίτως@b ἔχω@vspa2s εἰμί@vipa3p γάρ@b καί@b παρά@p λυκόφρων@ndmsp ἐν@p ὁ@ddfs ἀλεξάνδρη@ndfsp καί@cs παρά@p ἡρακλείδης@ndmsp ὁ@ddms ποντικός@andms- ἐν@p ὁ@ddfp λέσχη@ndfpp καί@cs παρά@p παρθένιος@ndmsp ἐν@p ὁ@ddfp ἐλεγεία@ndfpp καί@cs παρά@p ἄλλος@rpdmp πολύς@andmp- ἱστορία@nnfpc ξένος@annfp- καί@cs ἄτριπτος@annfp- προσέχω@vmpa2s δέ@b καί@b ὁ@ddfp ὑπό@p τις@rpgmp εὐεργεσία@ndfpc δύναμαι@vppedfp γίγνομαι@vnam-- ἤ1@cs μή@b οἷος@rpans δοκέω@viaa3s τις@rpnms ὑπό@p ὁ@dgms δεσπότης@ngmsc φονεύω@vnre-- ἐλευθερόω@viap3s ὑπό@p ὁ@dgms φονεύω@vppagms ἐπεί@cs ὁ@dnms θάνατος@nnmsc οὗτος@rpans σημαίνω@viia3s"
"Oneir._4.64","ὁ@dnms δέ@b ὁ@dgms θάνατος@ngmsc αἴτιος@annms- καί@cs ὁ@dgfs ἐλευθερία@ngfsc εἰμί@viia3s αἴτιος@annms- δύναμαι@viie3s γάρ@b ὁ@dnms δέ@b ὑπό@p ὁ@dgms σύνδουλος@ngmsc δοκέω@vpaanms φονεύω@vnpe-- ἐλεύθερος@annms- μέν@b οὐ@b γίγνομαι@viam3s οὐ@b γάρ@b οἷος@annms- τε@b εἰμί@viia3s ὁ@dnms σύνδουλος@nnmsc αὐτός@rpams ἐλευθερόω@vnpa-- εἰς@p ἔχθρα@nafsc δέ@cs καθίστημι@viaa3s αὐτός@rpdms οὐ@b γάρ@b φίλος@annmp- ὁ@dnmp φονεύω@vppanmp ὁ@ddmp ἀναιρέω@vppedmp"
"Oneir._4.65","πρός@p δέ@b ὁ@damp πυνθάνομαι@vppeamp εἰ@cs δυνατός@annns- ἐν@p ὁ@ddms αὐτός@andms- καιρός@ndmsc καί@b ἀγαθός@anamp- καί@cs κακός@anamp- εἶδον@vnaa-- ὄνειρος@anamp- καί@cs ζητέω@vppaamp ὁπότερος@rpdnp χρή@vipa3s πιστεύω@vnpa-- πότερον@b ὁ@ddmp κακός@andmp- ἤ1@cs ὁ@ddmp ἀγαθός@andmp- καί@cs εἰ@cs ἕτερος@annmp- ἕτερος@rpgmp εἰμί@vipa3p ἀναιρετικός@annmp- ἤ1@cs βεβαιωτής@nnmpc εἶπον@voaa2s ἄν@b ὅτι@cs οὐ@b μόνος@b ἐν@p ὁ@ddms αὐτός@andms- καιρός@ndmsc δυνατός@annns- ἀλλά@cs καί@b ἐν@p νύξ@ndfsc ὁ@ddfs αὐτός@andfs- καί@cs ἐν@p ὄνειρος@ndmsc ὁ@ddms αὐτός@rpdns καί@b ἀγαθός@annns- καί@cs κακός@annns- πολλάκις@b εἰμί@vipa3s εἶδον@vnaa-- καί@cs παρατίθημι@vifa2s ὁ@damp πολύς@ananp- διά@p ὀλίγος@angnp- σημαίνω@vppaamp ἤ1@cs πολύς@ananp- διά@p πολύς@angmp- καί@b οὐδείς@rpnns θαυμαστός@annns- εἰ@cs γε@b καί@b ὁ@dgmp ἄνθρωπος@ngmpc ὁ@dnnp πρᾶγμα@nnnpc καί@cs ὁ@dnms βίος@nnmsc εἰμί@vipa3s τοιοῦτος@rpnms πολλάκις@b γάρ@b κατά@p ὁ@dams αὐτός@anams- καιρός@namsc καί@b ἀγαθός@anans- τις@rpans καί@cs κακός@anans- πάσχω@vipa3p πιστεύω@vmpa2s μέν@b ὁ@ddmp ἀποβαίνω@vpradmp ὄνειρος@ndmpc ὡς@b πάλιν@b ὅμοιος@b ἀποβαίνω@vpfmamp ἡγέομαι@vmpm2s δέ@b καί@b καινός@anansc τις@rpans σημαίνω@vnpa-- αὐτός@rpamp καί@b οὕτως@b σύ@rpdms συμβαίνω@vifm3s μή@b μόνος@andfp- ἐπαναπαύεσθαι@vnpe-- ὁ@ddfp παλαιός@andfp- ἀπόβασις@ndfpc ἀλλά@cs πειράω@vnpe-- ἀεί@b τις@rpans προσεξευρίσκω@vnpa-- ὅμοιος@anans- ὁ@ddmp πρῶτος@andmp- ἐπεί@cs γέλοιος@annns- ἄν@b εἰμί@vopa3s ὅμοιος@b ὁ@ddmp πολύς@andmp- μόνος@ananp- ὁ@danp γράφω@vpreanp ἤ1@cs λέγω3@vpapanp μνημονεύω@vnpa-- οἷος@rpnns ποτέ@b καί@b ἀντίπατρος@ndmsp ὁ@ddms ὀνειροκρίτης@ndmsc συμβαίνω@viaa3s δοκέω@viaa3s τις@rpnms σίδηρος@ndmsc πλησιάζω@vnpa-- ὥσπερ@cs γυνή@ndfsc ἀποβαίνω@viaa3s αὐτός@rpdms εἰς@p δοῦλος@namsc καταδικάζω@vnap-- καί@cs σίδηρος@ndmsc σύνειμι1@vnaa-- οὗτος@rpnns εἰμί@vipa3s συναναστρέφω@vnpe-- ὁ@dnms δή@b βέλτιστος@annmss ἀντίπατρος@nnmsp οὗτος@rpans μιμνήσκω@vprenms ἄλλος@andms- ποτέ@b δοκέω@vpaadms σίδηρος@ndmsc πλησιάζω@vnpa-- ὑποκρίνομαι@viam3s ὁ@dafs εἰς@p μονόμαχος@nampc δίκη@nafsc ὁ@ddns δέ@b οὐ@b οὕτως@b ἀποβαίνω@viaa3s ἀλλά@cs τέμνω@viap3s ὁ@dnns αἰδοῖον@annns- ὁ@dnms εἶδον@vpaanms ὁ@dams ὄνειρος@namsc"
"Oneir._4.66","ἔτι@b καί@b ἐκεῖνος@rpnns παρά@p φοῖβος@ndmsp κεῖμαι@vprenns πολύς@andmp- πλάνη@nafsc ἐμποιέω@vipa3s δοκέω@viaa3s τις@rpncs γέφυρα@nnfsc γίγνομαι@vnra-- γίγνομαι@viam3s ποταμιάρτης@nnmsc ὁ@dnns γάρ@x αὐτός@rpnns γέφυρα@ndfsc ἔργον@nansc ἔχω@viia3s καί@b οὗτος@rpans μέν@b ὁ@dnms φοῖβος@nnmsp ἀναγράφω@vipa3s νυνί@b δέ@cs ἀνήρ@nnmsc τις@rpncs πλούσιος@annms- δοκέω@vpaanms γέφυρα@namsc γίγνομαι@vnra-- ὑπό@p πολύς@angmp- καταφρονέω@vpapnms ὥσπερ@cs καταπαίζω@viap3s εἶδον@voaa3s δέ@b ἄν@b ποτέ@b καί@b γυνή@nnfsc ὁ@dams ὄνειρος@namsc οὗτος@rpams καί@cs παῖς@nnmsc ὡραῖος@annms- καί@cs πόρνος@nnmpc γίγνομαι@vpamnmp πολύς@anamp- ὑποδέχομαι@vifm3p καί@b δικάζω@vppenms τις@rpnms ἐπί@p οὗτος@andms- ὁ@ddms ὄνειρος@ndmsc ὑπέρ@annms- ἄν@b γίγνομαι@voam3s ὁ@dgmp ἐχθρός@ngmpc καί@cs αὐτός@angms- ὁ@dgms δικαστής@ngmsc ἔοικα@vira3s γάρ@b ὁ@dnms ποταμός@nnmsc ὁ@ddms δικαστής@ndmsc διά@p ὁ@dans πράσσω@vnpa-- ἀνυπεύθυνος@b ὅς@rpanp βούλομαι@vipe3s ὁ@dnfs δέ@cs γέφυρα@nnfsc ἄνωθεν@b εἰμί@vipa3s ὁ@dgms ποταμός@ngmsc"
"Oneir._4.67","εἰς@p δέ@b ὁ@dans γυμνάσιον@nansc ὁ@dgfs ὁ@dgnp ὅμοιος@angnp- ἐπίνοια@ngfsc αὐτάρκης@annms- ἄν@b σύ@rpdms γίγνομαι@voam3s παρατίθημι@vpapnms ὁ@dnms ὄνειρος@nnmsc οὗτος@annms- γυνή@nnfsc δοκέω@viaa3s ἐν@p γαστήρ@ndfsc ἔχω@vppanfs δράκων@namsc γεννάω@vnra-- ὁ@dnms ἐκ@p αὐτός@rpgfs γεννάω@vppenms ῥήτωρ@nnmsc ἄριστος@annms- καί@cs διώνυμος@annms- γίγνομαι@viam3s διπλόος@anafs- γάρ@b ἔχω@vipa3s ὁ@dafs γλῶσσα@nafsc ὁ@dnms δράκων@nnmsc ὥσπερ@cs καί@b ὁ@dnms ῥήτωρ@nnmsc εἰμί@viia3s δέ@b καί@b ὁ@dnfs γυνή@nnfsc πλούσιος@annfs- ἐφόδιον@nnnsc δέ@cs παιδεία@ngfsc ὁ@dnms πλοῦτος@nnmsc καί@b ἄλλος@rpnfs ὁ@dams αὐτός@anams- ὁράω@viaa3s ὄνειρος@namsc καί@cs ὁ@dnms ἐκ@p αὐτός@rpgfs γεννάω@vppenms ἱεροφάντης@nnmsc γίγνομαι@viam3s ἱερός@annms- γάρ@x ὁ@dnms δράκων@nnmsc καί@cs μύστης@nnmsc εἰμί@viia3s δέ@b καί@cs ὁ@dnfs ὁ@dams ὄνειρος@namsc εἶδον@vpaanfs ἱερεύς@ngmsc γυνή@nnfsc καί@b ἄλλος@rpnfs ὁ@dams αὐτός@rpams ὁράω@viaa3s ὄνειρος@namsc καί@cs ὁ@dnms ἐκ@p αὐτός@rpgfs γεννάω@vppenms μάντις@nnmsc ἄριστος@annms- ἀποβαίνω@viaa3s εἰμί@vipa3s γάρ@b ὁ@dnms δράκων@nnmsc ἱερός@annms- ὁ@ddms μαντικός@andmss ἀπόλλων@ndmsp εἰμί@viia3s δέ@b καί@cs ὁ@dnfs γυνή@nnfsc μάντις@ngmsc θυγάτηρ@nnfsc καί@b ἄλλος@rpnfs ὁ@dams αὐτός@rpams ὁράω@viaa3s ὄνειρος@namsc καί@cs ὁ@dnms ἐκ@p αὐτός@rpgfs γεννάω@vppenms ἀκόλαστος@annms- καί@cs ὑβριστής@annms- ἀποβαίνω@viaa3s καί@cs πολύς@anafp- ὁ@dgfp ἐν@p ὁ@ddfs πόλις@ndfsc γυνή@ngfpc μοιχεύω@viaa3s διά@p γάρ@b ὁ@dgmp στενός@angmps χηραμός@ngmpc καταδύω@vppenms ὁ@dnms δράκων@nnmsc ὁ@damp ἐπιτηρέω@vppaamp πειράω@vipe3s λανθάνω@vnpa-- εἰμί@viia3s δέ@b καί@b ὁ@dnfs γυνή@nnfsc μάχλος@annfdc καί@cs ἑταιρικός@annfs- καί@b ἄλλος@rpnfs ὁ@dams αὐτός@rpams ὁράω@viaa3s ὄνειρος@namsc καί@cs ὁ@dnms ἐκ@p αὐτός@rpgfs γεννάω@vppenms λῃστεύω@vppanms ἁλίσκομαι@viaa3s καί@cs τραχηλοκοπέω@viap3s καί@b γάρ@b ὁ@dnms δράκων@nnmsc ἐπειδάν@cs ἁλίσκομαι@vsaa3s εἰς@p ὁ@dafs κεφαλή@nafsc παίω@vppenms ἀποθνήσκω@vipa3s εἰμί@viia3s δέ@b καί@b ὁ@dnfs γυνή@nnfsc οὐ@b πάνυ@b τις@rpans ἀγαθός@annfs- καί@b ἄλλος@rpnfs ὁ@dams αὐτός@rpams ὁράω@viaa3s ὄνειρος@namsc καί@cs ὁ@dnms ἐκ@p αὐτός@rpgfs γεννάω@vppenms δραπετικός@annms- γίγνομαι@viam3s οὐ@b γάρ@b ὀρθός@andfs- ὁ@ddfs πορεία@ndfsc χράομαι@vipe3s ὁ@dnms δράκων@nnmsc εἰμί@viia3s δέ@b καί@b ὁ@dnfs γυνή@nnfsc δούλη@nnfsc καί@b ἄλλος@rpnfs ὁ@dams αὐτός@rpams ὁράω@viaa3s ὄνειρος@namsc καί@cs ὁ@dnms ἐκ@p αὐτός@rpgfs γεννάω@vppenms παράλυτος@annms- γίγνομαι@viam3s καί@cs γάρ@b ὁ@dnms δράκων@nnmsc ὁ@ddns πᾶς@andns- σῶμα@ndnsc εἰς@p ὁ@dafs πορεία@nafsc προσχράω@vipe3s ὡς@cs καί@cs ὁ@dgmp ἄνθρωπος@ngmpc ὁ@dnmp παράλυτος@annmp- εἰμί@viia3s δέ@b ὅτε@cs βλέπω@viia3s ὁ@dams ὄνειρος@namsc ὁ@dnfs γυνή@nnfsc ἐν@p νόσος@ndfsc ἔοικα@vpranns οὖν@b καί@cs ὁ@dans βρέφος@nansc ἐν@p νόσος@ndfsc συλλαμβάνω@vpapans καί@cs κυοφορέω@vpapans μή@b φυλάσσω@vnaa-- ὁ@damp πόρος@nampc ἐρρωμένος@vppeamp"
"Oneir._4.68","ὅσος@rpnnp ὅμοιος@b κινέω@vipe3s ἐν@p ὁ@ddmp ὕπνος@ndmpc βλέπω@vppennp ὁ@dams αὐτός@anams- ἔχω@vipa3s λόγος@namsc οἷος@rpans δοκέω@viaa3s τις@rpncs ὑπό@p δράκων@ngmsc δάκνω@vnre-- ὁ@dams ἕτερος@anams- ὁ@dgmp πούς@ngmpc ὑπό@p τροχός@ngmsc πλήσσω@viap3s ἐν@p ὁδός@ndmsc αὐτός@rpams ἐκεῖνος@rpams ὁ@dams πούς@namsc ὅς@rpams δοκέω@viia3s δάκνω@vnre-- καί@b γάρ@b ὁ@dnms τροχός@nnmsc εἰλέω@vppenms ὅλος@andns- ὁ@ddns σῶμα@ndnsc κινέω@vipe3s ὥσπερ@cs ὁ@dnms δράκων@nnmsc"
"Oneir._4.69","ὅτι@b ὁ@dnmp θεός@nnmpc ὁ@ddmp δεσπότης@ndmpc ὁ@dams αὐτός@anams- ἔχω@vipa3p λόγος@namsc καί@b ἐν@p ὁ@ddms περί@p θεός@ngmpc λόγος@ndmsc προεῖπον@vira1s καί@cs ὁ@danp ἀποτέλεσμα@nnnpc δέ@b σύ@rpacs οὐδείς@anans- ἥσσων@anansc διδάσκω@vifa3s καί@b ὁ@dans νῦν@b εἰς@p ἐπίδειξις@nafsc ὁ@dgns τοιοῦτος@rpgns οὗτος@annms- ὁ@dnms ὄνειρος@nnmsc παράκειμαι@vmpe3s δοῦλος@nnmsc δοκέω@viaa3s μετά@p ὁ@dgms ζεύς@ngmsp σφαιρίζω@vnpa-- φιλονεικέω@viaa3s ὁ@ddms δεσπότης@ndmsc καί@cs ἐλεύθερος@anansc προσδιαλέγομαι@vppenms μισέω@viap3s ὁ@dnms μέν@b γάρ@b ζεύς@nnmsp ὁ@dams δεσπότης@namsc σημαίνω@viia3s ὁ@dnms δέ@cs σφαιρισμός@nnmsc ὁ@dafs ἐκ@p ἴσος@angns- ῥῆσις@nafsc καί@cs φιλονεικία@nafsc φιλόνεικος@b γάρ@b ὁ@dnmp σφαιρίζω@vppanmp παίζω@vipa3p ὁσάκις@cs δέ@b ἄν@b λαμβάνω@vsaa3p ὁ@dafs σφαῖρα@nafsc τοσαυτάκις@b ἀντικρούω@vipa3p καί@cs ὁ@dans ὅλος@anans- δεσπότης@nnmpc γονεύς@nnmpc διδάσκαλος@annmp- θεός@nnmpc ὁ@dams αὐτός@anams- ἔχω@vipa3p λόγος@namsc"
"Oneir._4.70","ἔτι@b καί@b ὁ@dnmp ἀδελφός@nnmpc ὁ@ddmp ἐχθρός@andmp- ὁ@dams αὐτός@anams- ἔχω@vipa3p πρός@p ὁ@danp ἀποτέλεσμα@nanpc οὐ@b γάρ@b ἐπί@p ὠφέλεια@ndfsc γίγνομαι@vipe3p ἀλλά@cs ἐπί@p βλάβη@ndfsc ὥσπερ@cs καί@b ὁ@dnmp ἐχθρός@nnmpc ἐπεί@cs ὅς@rpanp μόνος@annms- τις@rpnms μέλλω@viia3s ἔχω@vnfa-- οὗτος@rpanp οὐ@b μόνος@annms- ἀλλά@cs ἐκ@p ἥμισυς@ngfsc ἤ1@cs τρίτος@angns- μέρος@ngnsc μετά@p ὁ@dgmp ἀδελφός@ngmpc ἔχω@vipa3s ὁ@dnms τιμοκράτης@nnmsp δοκέω@viaa3s τις@rpams ὁ@dgmp ἀδελφός@ngmpc ἀποθνήσκω@vpaaams κατορύσσω@vnpa-- οὐ@b εἰς@p μακράν@anafs- εἶδον@viaa3s τις@rpams ὁ@dgmp ἐχθρός@ngmpc ἀποθνήσκω@vpaaams οὐ@b μόνος@anans- δέ@cs ἀδελφός@nnmpc ἀποθνήσκω@vppanmp ἐχθρός@angmp- ὄλεθρος@namsc σημαίνω@vipa3p ἀλλά@cs καί@b ζημία@ngfsc προσδοκάω@vppegfs λύσις@nafsc οἷος@rpans διοκλῆς@nnmsp ὁ@dnms γραμματικός@annms- φοβέω@vppenms ἐκ@p ἐπήρεια@ngfsc ἀργύριον@nansc ἀπόλλυμι@vnaa-- ὁ@dams ἀδελφός@namsc δοκέω@viaa3s θνήσκω@vnra-- καί@cs ἀζήμιος@annms- μένω@viaa3s"
"Oneir._4.71","ὅτι@cs οὐ@b τε@b ὁ@dnmp θεός@nnmpc οὐ@b τε@cs ἄλλος@rpnmp ἀξιόπιστος@annmp- ψεύδω@vipe3p ἀλλά@cs οἷος@rpanp ἄν@b λέγω3@vspa3p ἀληθής@ananp- λέγω3@vipa3p ἐν@p ὁ@ddns δεύτερος@andns- βιβλίον@ndnsc ἕκαστος@annnp- διαιρέω@vire3s ἐπεί@cs δέ@b πολλάκις@b ὁ@dnmp ἄνθρωπος@nnmpc ἐρῶ@vpapgnp τις@rpgnp αὐτός@rpdmp καί@cs μή@b ἀποβαίνω@vpaagmp οὕτως@b ἐξαπατάω@vnre-- νομίζω@vipa3p παράκειμαι@vmpe3s σύ@rpdcs καί@b οὗτος@annms- ὁ@dnms λόγος@nnmsc ὡς@cs ἄρα@b ὁ@dnmp θεός@nnmpc καί@cs πᾶς@annmp- ὁ@dnmp ἀξιόπιστος@annmp- πάντως@b μέν@b ἀληθής@ananp- λέγω3@vipa3p ἀλλά@cs ποτέ@b μέν@b ἁπλῶς@b λέγω3@vipa3p ποτέ@b δέ@cs αἰνίσσομαι@vipe3p ὅταν@cs μέν@b οὖν@b ἁπλῶς@b λέγω3@vspa3p οὐδείς@anans- πρᾶγμα@nansc παρέχω@vipa3p οὐ@b δέ@cs λέσχη@nafsc διά@p ὁ@dans ἁπλόος@vppaans ὁ@dgfs ῥῆσις@ngfsc ὅταν@cs δέ@b αἰνίσσομαι@vspe3p καί@cs μή@b ἁπλῶς@b λέγω3@vspa3p ἑρμηνεύω@annns- σύ@rpdms ὁ@dnnp αἴνιγμα@nnnpc καί@b γάρ@b ἔοικα@vpranns ὁ@damp θεός@nampc ὁ@danp πολύς@ananp- διά@p αἴνιγμα@ngnpc λέγω3@vnpa-- ἐπεί@cs καί@b σοφός@annmpc εἰμί@vppanmp ἐγώ@rpgmp αὐτός@rpgmp οὐδείς@anans- ἐγώ@rpamp ἀβασάνιστος@b βούλομαι@vipe3p λαμβάνω@vnpa-- οἷος@rpans δοκέω@viaa3s τις@rpncs λέγω3@vnpa-- αὐτός@rpdms ὁ@dams πάνα@namsp ὁ@dnfs γυνή@nnfsc σύ@rpdcs φάρμακον@nansc δίδωμι@vifa3s διά@p ὁ@dgms δεῖνα@rpgms εἰμί@vppagns γνώριμος@angms- καί@cs συνήθης@angms- οὗτος@rpgns ὁ@dnfs γυνή@nnfsc φάρμακον@nansc μέν@b οὐ@b δίδωμι@viaa3s πορνεύω@viap3s δέ@b ὑπό@p αὐτός@angms- ἐκεῖνος@rpgms διά@p ὅς@rpgms λέγω3@viie3s φάρμακον@nansc δίδωμι@vnfa-- καί@cs γάρ@b ὁ@dnfs μοιχεία@nnfsc καί@cs ὁ@dnfs φαρμακεία@nnfsc λάθρῃ@b γίγνομαι@vipe3p καί@cs ἀμφότερος@annfp- ἐπιβουλή@nnfpc λέγω3@vipe3p καί@cs οὐ@b τε@cs ὁ@dnfs μοιχεύω@vppenfs οὐ@b τε@cs ὁ@dnfs φάρμακον@nansc παρέχω@vppanfs φιλέω@vipa3s ὁ@dams ἀνήρ@namsc καί@b ἐπί@p οὗτος@rpdnp οὐ@b εἰς@p μακράν@anafs- ὁ@dnfs γυνή@nnfsc ἀπαλλάσσω@viap3s αὐτός@rpgns πᾶς@angnp- μέν@b γάρ@b ὁ@dnms θάνατος@nnmsc εἰμί@vipa3s λυτικός@annms- ὁ@dnns δέ@cs φάρμακον@nnnsc ὁ@dams αὐτός@anams- ὁ@ddms θάνατος@ndmsc λόγος@namsc ἔχω@vipa3s"
"Oneir._4.72","ἔτι@b καί@b ὁ@dnmp θεός@nnmpc ὅταν@cs μή@b ὁ@dafs οἰκεῖος@anafs- ἔχω@vspa3p σκευή@nafsc μη@b δέ@b ἐν@p τόπος@ndmsc ὁ@ddms ἐπιβάλλω@vppadms μη@b δέ@cs ἐν@p σχῆμα@ndnsc ὁ@ddns προσήκω@vppadns εἰμί@vspa3p ὅς@rpans τις@anans- ἄν@b λέγω3@vspa3p ψευδής@ananp- λέγω3@vipa3p καί@cs ἐξαπατάω@vipa3p προσεκτέον@annns- οὖν@b ὁμοῦ@b πᾶς@andnp- ὁ@ddms λέγω3@vppadms ὁ@ddns λέγω3@vppedms ὁ@ddms τόπος@ndmsc ὁ@ddns σχῆμα@ndnsc ὁ@ddfs σκευή@ndfsc ὁ@dgms λέγω3@vppagms χρυσάμπελος@nnmsp ὁ@dnms λυριστής@nnmsc δίκη@nafsc ἔχω@vppanms περί@p παῖς@ngmsc εἰς@p δουλεία@nafsc ἄγω@vppegms δοκέω@viaa3s ὁ@dams πάν@namsp βλέπω@vnpa-- ἐν@p ὁ@ddfs ἀγορά@ndfsc κατάἕζομαι@vppeams ἔχω@vppaams ῥωμαῖος@anafs- ἐσθής@nafsc καί@cs ὑπόδεσις@nafsc καί@cs πυνθάνομαι@vppedms αὐτός@rpdms περί@p ὁ@dgns πρᾶγμα@ngnsc φημί@vnpa-- ̔@cs νικάω@voap3s λείπω@viap3s εἰκότως@b ἀποβαίνω@vpaagms αὐτός@rpdms οὗτος@rpgms ὁ@dnms γάρ@b φιλέρημος@annms- καί@cs ἀπράγμων@annms- θεός@nnmsc καί@b μόνος@anans- ἔχω@vppanms νεβρίδιον@nansc καί@b καλαυρόπιον@nansc καί@cs συρίγγιον@nansc μένω@viia3s ἐν@p ὁ@ddfs ἀγορά@ndfsc κατάἕζομαι@vppenms ἐν@p ἐσθής@ndfsc πολιτικός@andfs- οὕτως@b οὖν@b καί@b ὁ@dafp ἐν@p ὁ@ddmp ὕπνος@ndmpc γίγνομαι@vppeafp κρίσις@nafpc ὁ@dgmp ὄνειρος@angmp- ἐάν@cs μέν@b ἁπλόος@annfp- εἰμί@vspa3p αὐτόκριτος@anafp- εἰμί@vnpa-- νομίζω@vmpa2s καί@cs ἔχω@vnpa-- αὐτός@anafp- ἐν@p ἑαυτοῦ@rpdfp ὁ@dafp κρίσις@nafpc καί@cs μηδείς@rpans παράἐγχειρέω@vmpa2s εἰς@p ὁ@danp κρίνω@vpreanp ὅταν@cs δέ@b μή@b ἁπλόος@annfp- εἰμί@vspa3p πειράω@vmpe2s καί@b αὐτός@rpafp ὁ@dafp κρίσις@nafpc ἑρμηνεύω@vnpa-- τε@cs καί@cs διακρίνω@vnpa-- οἷος@rpans ὁ@dnms πλούταρχος@nnmsp εἰς@p ὁ@dams οὐρανός@namsc ἀναβαίνω@vnpa-- ὑπό@p ὁ@dgms ἑρμῆς@ngmsp ἄγω@vppenms δοκέω@viia3s καί@cs ὁ@ddfs ἐπέρχομαι@vppadfs ὄναρ@nansc ὑποκρίνομαι@viam3s τις@rpnms αὐτός@rpdms ὁ@dams ὄνειρος@namsc καί@cs φημί@viia3s μακάριος@anams- εἰμί@vnfm-- αὐτός@rpams καί@cs οὗτος@rpans εἰμί@vnpa-- ὁ@dans εἰς@p ὁ@dams οὐρανός@namsc ἀναβαίνω@vnpa-- καί@cs ὁ@dafs ὑπερβάλλω@vppaafs εὐδαιμονία@nafsc τυγχάνω@viaa3s δέ@b νοσέω@vppanms καί@cs κακός@b ὑπό@p ὁ@dgfs νόσος@ngfsc διάκειμαι@vprenms καί@cs οὐ@b εἰς@p μακράν@anafs- ἀποθνήσκω@viaa3s καί@cs οὗτος@rpnns εἰμί@viia3s ὅσπερ@rpnns αὐτός@rpdms καί@b ὁ@dnms ὄνειρος@nnmsc καί@cs ὁ@dnfs πρίσις@nnfsc σημαίνω@viia3p καί@b γάρ@b ὁ@dnfs εἰς@p ὁ@dams οὐρανός@namsc ἀνάβασις@nnfsc νοσέω@vppadms ὀλέθριος@annfs- καί@cs ὁ@dnfs μέγας@annfs- εὐδαιμονία@nnfsc θάνατος@ngmsc σημεῖον@nnnsc μόνος@annms- γάρ@x εὐδαιμονέω@vipa3s ὅς@rpdms μηδείς@nnnsc μέτειμι1@vipa3s κακοδαιμονία@ngfsc τοιοῦτος@rpnms δέ@b εἰμί@vipa3s ὁ@dnms ἀπσθάνω@vpaanms"
"Oneir._4.73","ὁ@dgmp θεός@ngmpc ὁ@dnmp νομίζω@vppenmp ἐχθρός@annmp- εἰμί@vnpa-- ὁμοῦ@b βλέπω@vppenmp ἔχθρα@ngfsc εἰμί@vipa3p καί@cs στάσις@ngfsc σημαντικός@annmp- ὡς@cs ὁ@dnms ἄρης@nnmsp καί@cs ἥφαιστος@nnmsc ὁμοῦ@b βλέπω@vppenmp καί@b ὁ@dnms ποσειδῶν@nnmsp καί@b ὁ@dnfs ἀθηνᾶ@nnfsp καί@b ὁ@dnms ζεύς@nnmsp καί@b ὁ@dnms κρόνος@nnmsp καί@cs ὁ@dnmp ὀλύμπιος@annmp- θεός@nnmpc ἅμα@p ὁ@ddmp τιτάν@ndmpp ὁράω@vppenmp"
"Oneir._4.74","ὅσος@rpnmp ὁ@dgmp θεός@ngmpc ὁ@ddfp τέχνη@ndfpc ὁ@dgmp ὁράω@vppagmp ἁρμόζω@vipa3p οὗτος@rpamp ἀμείνων@annnsc εἶδον@vnaa-- ἤ1@cs ὁ@damp ἐναντίος@anamp- κακός@annmp- γάρ@b εἰμί@vipa3p ὁ@dnmp μή@b συλλαμβάνω@vppenmp ὁ@ddfp τέχνη@ndfpc οἷος@anans- ὑδραγωγός@ndmpc ὁ@dnms ἥφαιστος@nnmsp καί@b χαλκεύς@ndmpc ὁ@dnms ἀχελῷος@nnmsp καί@cs πορνοβοσκός@ndmpc ὁ@dnfs ἄρτεμις@nnfsp"
"Oneir._4.75","ὅσος@rpanp ὁ@dnmp ἄρσην@nnmpc θεός@nnmpc ὁ@ddmp ἀνήρ@ndmpc σημαίνω@vipa3p οὗτος@rpnnp καί@b ὁ@dnfp θῆλυς@nnfpc ὁ@ddfp γυνή@ndfpc ὁ@dnmp ἄρσην@nnmpc θεός@nnmpc ἀνήρ@ndmpc συμφέρω@vipa3p μᾶλλον@b ὁ@dgfp θῆλυς@ngfpc καί@cs ὁ@dnfp θῆλυς@nnfpc γυνή@ndfpc μᾶλλον@b ὁ@dgfp ἄρσην@ngmpc ὁ@dnmp ἄρσην@nnmpc θεός@nnmpc θῆλυς@ngfpc ἔχω@vppanmp ἐσθής@nafsc ἤ1@cs ἔνδυμα@nanpc ἤ1@cs ἄλλος@rpans τις@rpans φόρημα@nansc γυνή@ndfpc μᾶλλον@b ἤ1@cs ἀνήρ@ndmpc συμφέρω@vipa3p ὁ@dnfp δέ@x θῆλυς@annfp- ἀνδρεία@anafs- ἔχω@vppanfp στολή@nafsc ἀνήρ@ndmpc μᾶλλον@b γυνή@ndfpc συμφέρω@vipa3p"
"Oneir._4.76","ἄνευ@p ὁ@dgnp ἀνάθημα@ngnpc καί@cs ὁ@dgnp ὅπλον@ngnpc ὁ@dnmp θεός@nnmpc βλέπω@vppenmp πονηρός@annmp-"
"Oneir._4.77","ὁ@dgmp αἰσθητός@angmp- θεός@ngmpc ὁ@ddmp πενιχρός@andmp- οὐδείς@rpnms οὐδείς@rpdms συμφέρω@vipa3s καί@cs ὁ@dnmp μέγας@annmpc ὁ@dgmp θεός@ngmpc καί@cs πρέσβυς@annmpc καί@cs ὁ@ddfs τάξις@ndfsc προέχω@vppanmp ὁ@ddmp ἀγαθός@andmpc μᾶλλον@b ἤ1@cs ὁ@ddmp ταπεινός@andmpc συμφέρω@vipa3p ὁ@dnms ἥλιος@nnmsp ἅμα@p ὁ@ddnp ἄστρον@ndnpc βλέπω@vppenms ἀηδής@annms- καί@cs ἄτοπος@annms- εἰ@cs μή@b ἄρχω@vopa3s ὁ@dgnp ἄστρον@ngnpc καί@cs προάγω@vopa3s ὁ@dnms μέν@b γάρ@b περιέχω@vppenms ὑπό@p ὁ@dgnp ἄστρον@ngnpc ὑπό@p ὁ@dgmp ἥσσων@angmpc ὁ@dams εἶδον@vpaaams κακός@b πάσχω@vnaa-- προαγορεύω@vipa3s ὁ@dnms δέ@cs ἄρχων@vppanms ὁ@dgnp ἄστρον@ngnpc καί@b προηγέομαι@vppenms καί@cs ὁ@dgmp ἐχθρός@ngmpc ὑπέρτερος@anans- εἰμί@vnfm-- σημαίνω@vipa3s καί@b ὁ@dafs ὑπάρχω@vppaafs τύχη@nafsc κρατύνω@vipa3s καί@cs πρός@p ὁ@ddnp εἰμί@vppadmp καί@cs ἄλλος@rpanp προσκτάομαι@vnam-- σημαίνω@vipa3s ἔοικα@vira3s γάρ@b ὁ@dnns μέν@b μέγας@annnsc καί@cs κρείσσων@annnsc ὁ@ddms εἶδον@vpaadms ὁ@dnnp δέ@cs μικρός@annnpc καί@cs χείρων@annnpc ὁ@ddmp ἐχθρός@andmp- καί@cs ὁ@ddmp ἄρχω@vppedmp"
"Oneir._4.78","ὁ@dnmp ἥρως@nnmpp καί@cs ὁ@dnfp ἡρωίς@nnfpp ὁ@ddmp θεός@ndmpc ὁ@dams αὐτός@anams- ἔχω@vipa3p λόγος@namsc πλήν@p ὅσος@anans- δύναμις@ngfsc ἀπολείπω@vipe3p καί@b γάρ@b ὁ@danp ἀγαθός@ananp- καί@cs ὁ@danp κακός@ananp- ἥσσων@ananpc σημαίνω@vipa3p ἀεί@b δέ@b ὁ@dnmp μέν@b κατηφής@annmp- καί@b λιτός@annmp- καί@cs μικρός@annmp- βλέπω@vppenmp σημαίνω@vipa3p ἥρως@nampp πλησίος@b ὁ@dgfs ὁ@dgms εἶδον@vpaagms οἰκία@ngfsc ἱδρύω@vppeamp ἤτοι@b ἀτέλεστος@anamp- ἤ1@b πρός@p τις@rpgmp ὑβρίζω@vppeamp ἤ1@cs καταχώννυμι@vpreamp ὅς@rpamp χρή@vipa3s ἀνευρίσκω@vpaaams τελέω@vnaa-- καί@cs τιμάω@vnpa-- ὅς@rpans τις@anans- δέ@b ἄν@b ὁ@dnmp ἥρως@nnmpp εἰάω@vpaanmp είς@annms- οἰκία@nafsc κακός@anans- πράσσω@vsaa3p ἐχθρός@angmp- ληιστής@ngmpc ἔφοδος3@namsc σημαίνω@vipa3p"
"Oneir._4.79","δράκων@nnmpp ὁ@dnmp μέν@b εἰς@p ἀνήρ@nampc μεταβάλλω@vppanmp ἥρως@nampp αημαίνω@vipa3p ὁ@dnmp δέ@b εἰς@p γυνή@nafpc ἥρως@nampp"
"Oneir._4.80","ὅτι@cs πολύς@ananp- ἐκ@p ὁ@dgnp ἔτυμος@angnp- ὁ@dgnp ὄνομα@ngnpc κριτέος@annns- ἐντεῦθεν@b ἄν@b μανθάνω@voaa2s μενεκράτης@nnmsp ὁ@dnms γραμματικός@annms- λέγω@viaa3s ὄνειρος@namsc τοιοῦτος@rpams ἐπιθυμία@vppanms τις@rpnms παῖς@ngmpc δοκέω@viaa3s χρεωφειλέτης@andfs- συναντάω@vpaanms ὁ@dans χρέος@nansc ἀπολαμβάνω@vnaa-- καί@cs ἀποχή@nafsc ὁ@ddms χρεωφειλέτης@andms- δίδωμι@vnaa-- καί@b ὁ@dnms μέν@b ὄνειρος@nnmsc οὕτως@b ἱστορέω@vipa3s δέ@b ὅτι@cs μή@b δύναμαι@vppegmp ὁ@dgmp ἐν@p ἀλεξάνδρεια@ndfsp ὀνειροκρίτης@ngmpc κρίνω@vnaa-- αὐτός@rpams ἀπορέω@vppanms ὁ@dnms ἄνθρωπος@nnmsc τίς@rpans ποτέ@b ἐθέλω@vipa3s σημαίνω@vnpa-- ὁ@dnms ὄνειρος@nnmsc εὔχομαι@viam3s ὁ@ddms σαράπις@ndfsp κρίνω@vnaa-- αὐτός@rpdms ὁ@dans αἴνιγμα@nansc καί@b δή@b δοκέω@viaa3s ὄναρ@nansc λέγω3@vnpa-- αὐτός@rpdms ὁ@dams σάραπις@namsp οὐ@b εἰμί@vifm3s σύ@rpdms παῖς@nnmpc ὁ@dnms γάρ@b ἀποχή@nafsc δίδωμι@vpaanms τόκος@namsc οὐ@b λαμβάνω@vipa3s τόκος@nnmsc δέ@b καλέω@vipe3s ὁ@dnms γεννάω@vppenms παῖς@nnmsc μιμνῄσκω@vmre2s δέ@b ὅτι@cs εὔφημος@angnp- ὄνομα@ngnpc ἄπιστος@annfp- ὁ@dnfp ἐτυμολογία@nnfpc ἐάν@cs μή@b καί@b ὁ@dnnp κατά@p ὅς@rpgnp τάσσω@vire3s ὁ@dnnp ὄνομα@nnnpc εἰς@p ὁ@dans αὐτός@rpans ῥέπω@vspa3s οἷος@anans- παῦλος@nnmsp ὁ@dnms νομικός@annms- δίκη@nafsc ἔχω@vppanms ἐπί@p ὁ@dgms αὐτοκράτωρ@ngmsc δοκέω@viaa3s αὐτός@rpdms συναγορεύω@vnpa-- νίκων@namsp τις@anams- καλέω@vppeams εἰμί@viia3s δέ@b οὗτος@annms- ὁ@dnms νίκων@nnmsp πάλαι@b ποτέ@b ἐπί@p ὁ@dgms αὐτοκράτωρ@ngmsc δίκη@nafsc ἡσσάομαι@vprenms καί@b ὁ@dnms μέν@b παῦλος@nnmsp ὁ@ddns ὄνομα@ndnsc μόνος@andns- προσέχω@viia3s εἰμί@viia3s δέ@cs αὐτός@rpdms καταδίκη@ngfsc σημαντικός@annms- ὁ@dnms ὄνειρος@nnmsc ὀρθός@b καί@cs κατά@p λόγος@namsc ὅτι@cs εἰμί@viia3s ὁ@dnms νίκων@nnmsp λείπω@vprenms"
"Oneir._4.81","ὁ@danp ἐν@p νεκυσίος@andmp- καί@cs περίδειπνον@ndnpc παρατίθημι@vppeanp τις@rpdmp οὐ@b τε@cs εἶδον@vnaa-- οὐ@b τε@cs ἐσθίω@vnaa-- ἀγαθός@annns- οὐ@b τε@cs περιδειπνέομαι@vnpe-- νοσέω@vppadmp μέν@b γάρ@b ὄλεθρος@namsc μαντεύομαι@vipe3s ἐρρωμένος@vppedmp δέ@cs θάνατος@namsc τις@rpgms ὁ@dgmp οἰκεῖος@angmp- προαγορεύω@vipa3s ὁ@dnms σύρος@nnmsp δοκέω@viaa3s ὁ@ddms δεσπότης@ndmsc περίδειπνον@nansc παρατίθημι@vnpa-- καί@cs οὐ@b εἰς@p μακράν@anafs- κατορύσσω@viaa3s ὁ@dams δεσπότης@namsc ὥσπερ@cs καί@b ὁ@dnms ὑπό@p ὁ@dgms πάτρων@ngmsc ὄναρ@nnmsc πάλιν@b ἐλευθερόω@vprenms ἀποβάλλω@viaa3s ὁ@dams πάτρων@namsc θάνατος@ndmsc"
"Oneir._4.82","σκοπέω@ndmsp δέ@b καί@b ἐπί@p ὁ@dgmp δοκέω@vppagmp ἀποθνήσκω@vnpa-- μή@cs ποτέ@b ἀναβιόω@vnpa-- νομίζω@vsaa3s τις@rpnms οὐκέτι@b γάρ@b ὁ@dnnp ὑπό@p ὁ@dgms θάνατος@ngmsc σημαίνω@vppennp γίγνομαι@vipe3s λεωνᾶς@nnmsp ὁ@dnms σύρος@nnmsp παλαιστής@nnmsc μέλλω@vppanms ἀγωνίζομαι@vnpe-- ὁ@dams ἐν@p ῥώμη@ndfsp ἀγών@namsc δοκέω@viaa3s θνήσκω@vnra-- καί@cs ἐκφέρω@vnpe-- συναντάω@vpaaams δέ@cs αὐτός@rpdms τις@anams- ἀλείπτης@namsc χαλεπαίνω@vnpa-- πρός@p ὁ@damp ἐκφέρω@vppaamp ὅτι@cs ταχύς@b καί@cs κενοσπούδαστος@b αὐτός@rpams ἐκφέρω@vopa3p δύναμαι@vnpe-- γάρ@b αὐτός@rpams ἀναβιόω@vnaa-- ἔπειτα@b ἔλαιον@ndnsc θερμός@andns- καί@cs ἔριον@ndnpc χρίω@vpamams κατά@p ὁ@dgns στῆθος@ngnsc ποιέω@vnaa-- αὐτός@rpams ἀναβιόω@vnaa-- οὗτος@rpnms εὐημερέω@viaa3s ἐν@p ὁ@ddms ἀγών@ndmsc ἐπιφανής@b παλαίω@vpaanms μέλλω@vppanms δέ@cs στεφανόω@vnpe-- κωλύω@viap3s πρός@p ὁ@dgms ἀλείπτης@angms- ἐπιπροσθέω@vpamgms ὁ@dafs ἐργασία@nafsc ὁ@dgms στέφανος@ngmsc λαμβάνω@vpaanms γάρ@b ἀργύριον@nansc οὐ@b ἐάω@viaa3s αὐτός@rpams περί@p ὁ@dgns στέφανος@ngmsc παλαίω@vppaams διαγωνίζομαι@vnae-- μένανδρος@nnmsp ὁ@dnms σμυρναῖος@annms- εἰς@p ὀλύμπιος@nanpp ἀνέρχομαι@vppenms δοκέω@viaa3s ἐν@p ὁ@ddms στάδιον@ndnsc ὁ@ddms ὀλυμπιάς@b κατορύσσω@vnre-- καί@cs γίγνομαι@viam3s ὀλυμπιονίκης@nnmsp ὅσος@rpnnp νεκρός@andmp- συντίθημι@vipe3s οὗτος@rpanp οὐ@b τε@b δίδωμι@vnaa-- νεκρός@andms- οὐ@b τε@cs παρά@p νεκρός@ngmsc λαμβάνω@vnaa-- ἀγαθός@anans- ἤ1@cs γάρ@b αὐτός@rpdms ὁ@ddms εἶδον@vpaadms ἤ@cs τις@rpdms ὁ@dgmp ὁ@dgms εἶδον@vpaagms ὀλέθριος@nnnpc γίγνομαι@vipe3s ὁ@dgnp δέ@b ἄλλος@rpgnp εἷς@anans- οὐδείς@rpans νεκρός@andms- δίδωμι@vnaa-- συμφέρω@vipa3s λαμβάνω@vnaa-- δέ@b πᾶς@ananp- καί@b ὁμοῦ@b καί@cs κατά@p εἷς@nansc παρά@p νεκρός@ngmsc συμφέρω@vipa3s μάλιστα@b δέ@b τροφή@nafpc καί@b ἀργύριον@nansc καί@b σκεῦος@nanpc καί@cs ἱμάτιον@nanpc"
"Oneir._4.83","ὅσος@rpnnp ὁ@dgnp ἀγαθός@angnp- καί@cs ὅσος@annnp- ὁ@dgnp κακός@angnp- ὁ@dgnp περί@p ὁ@dans σῶμα@nansc βλέπω@vppegnp οὐ@b ὅλος@annnp- ἀλλά@cs ἐκ@p ἥμισυς@ngfsc βλέπω@vipe3s καί@cs ὁ@danp ἀγαθός@ananp- καί@cs ὁ@danp κακός@ananp- ἥσσων@ananpc ποιέω@vipa3s οἷος@rpans ὁ@dnfs ὁ@dgms διόγνητος@ngmsp γυνή@nnfsc δοκέω@viaa3s ἐν@p ὁ@ddfs δεξιός@ndfsc μόνος@andfs- παρειά@ndfsc γένειον@nansc ἔχω@vnpa-- καί@b σημαίνω@vppagms ὁ@dgms ὄνειρος@ngmsc πᾶς@andfp- γυνή@ndfpc ὁ@ddfp γε@b μή@b ἀγάμοι@andfp- μη@b δέ@cs ἄτεκνος@andfp- ἔτι@b καί@cs ὁ@ddfp μή@b ἐν@p γαστήρ@ndfsc ἔχω@vppadfp χηρεία@nafsc ἀποβαίνω@viaa3s αὐτός@rpdfs μή@b τε@b σύν@p ὁ@ddms ἀνήρ@ndmsc εἰμί@vnpa-- μή@b τε@cs μήν@b ἀπαλλάσσω@vnre-- αὐτός@rpgms ἀλλά@cs πολύς@andms- χρόνος@ndmsc οἰκουρέω@vnpa-- ὑπολείπω@vpapafs ἐν@p ὁ@ddfs πατρίς@ndfsc παρά@p ὁ@dafs ὁ@dgms ἀνήρ@ngmsc ἀποδημία@nafsc οὐδείς@rpans δέ@b διαφέρω@vipa3s γυνή@ndfsc ἐάν@cs τε@b πώγων@namsc ἔχω@vnpa-- δοκέω@vspa3s ἐάν@cs τε@b ἀνήρ@ngmsc αἰδοῖον@ananp- ἐάν@cs τε@cs στολή@nafsc ἤ1@b κουρά@nafsc ἤ1@cs ἄλλος@anans- τις@rpans ἀνδρεῖος@anans- ὁ@dnnp αὐτός@rpnnp γάρ@b ἀποβαίνω@vifm3s ὅμοιος@b καί@b ἐπί@p ἀνήρ@ngmpc οὐδείς@rpans διαφέρω@vipa3s ἐάν@cs τε@b ὅλος@anans- ὁ@dans σῶμα@nansc τις@rpnms εἰς@p γυνή@nafsc μεταβάλλω@vnra-- δόξα@vsaa3s ἐάν@cs τε@b μόνος@anans- γυναικεῖος@anafs- φύσις@nafsc ἔχω@vnpa-- ἐάν@cs τε@cs στολή@nafsc ὑπόδεσις@ndnpc ἤ1@cs ἔμπλαγμα@nanpc γυναικεῖος@ananp- ὁ@dnnp αὐτός@rpnnp γάρ@b ἀποβαίνω@vifm3s εἰμί@vipa3s δέ@b οὗτος@rpnnp οὐ@b ὅμοιος@annnp- ὁ@ddnp ἡμιτελής@andnp- ὁ@dgnp ἔργον@ngnpc οὐ@b δέ@cs ὁ@ddms ὁ@dgms κίλιξ@ngmsp ὄνειρος@ndmsc ὁ@dgms ὁ@dans πρόβατον@nansc δοκέω@vpaagms κείρω@vnpa-- ὁ@dgfp ἀπόβασις@ngfpc ὁ@dans κεφάλαιος@anans- εὑρίσκω@vnaa-- εἰμί@vmpa3s σύ@rpdcs ἔργον@nnnsc καί@cs ὁ@danp σύμπτωμα@nanpc ὁ@danp ἀκολουθέω@vppaanp πειράω@vmpe2s μέν@b εὑρίσκω@vnpa-- ἀποτυγχάνω@vpaanms δέ@b μή@b ἄχθος@vmpe2s ὁ@dnms κύπριος@annms- νεανίσκος@nnmsc ὄνειρος@namsc ὁρίζω@viaa3s ἀποβαίνω@vpraams φιλόνεικος@b εἰμί@viia3s δέ@b οὗτος@rpnms ὁ@dnms ὄνειρος@nnmsc γυνή@nnfsc ἐν@p γαστήρ@ndfsc ἔχω@vppanfs δοκέω@viaa3s χήν@nafsc τίκτω@vnra-- ὅς@rpans κριτέος@annns- εἰ@cs μέν@b ἱερεύς@b εἰμί@vopa3s ὁ@dnfs γυνή@nnfsc ὁ@dans τίκτω@vpapans ζάω@vnfa-- ἱερός@annmp- γάρ@b ὁ@dnmp χήν@nnmpc ὁ@dnmp ἐν@p ναός@ndmpc ἀνατρέφω@vppenmp εἰ@cs δέ@b μή@b εἰ@cs μέν@b θῆλυς@annns- εἰμί@vopa3s ζάω@vnfa-- μέν@b ἑταιρικός@andms- δέ@b χράω2@vnfm-- βίος@ndmsc διά@p ὁ@dans περικαλλής@anans- ὁ@dgfp χήν@ngfpc εἰ@cs δέ@b ἄρσην@viaa3s μή@b ζάω@vnfa-- ὅτι@cs εἰμί@vipa3s ὁ@dnms μέν@b χήν@nnmsc στεγανόπους@annms- ὁ@dnms δέ@cs ἄνθρωπος@nnmsc σχιζόπους@annms- ὁ@dnnp δέ@b μή@b ἐκ@p ὁ@dgns αὐτός@rpgms γένος@ngnsc ἤ1@cs ὁ@dgns αὐτός@angns- εἶδος@ngnsc ἐναντίος@annnp- πρός@p ἀνατροφή@nafsc παῖς@ngmpc ὁ@dnms δέ@b λέγω@viaa3s ἄρσην@anans- τίκτω@vpapans ἐν@p ὕδωρ@ndnsc θνήσκω@vnra-- εἰ@cs μέν@b οὖν@b οὐ@b πάντῃ@b καί@cs πάντως@b ὁ@dnms χήν@nnmsc εἰμί@viia3s ἐν@p ὕδωρ@ndnsc ἀλλά@cs ἀποθνήσκω@viia3s μόνως@b καί@cs μή@b μυρίος@annmp- εἰμί@viia3p αὐτός@rpdms ὁ@dnmp θάνατος@nnmpc ἄξιος@annns- εἰμί@viia3s ἐγκαλέω@vnpa-- ὁ@ddms κρίνω@ndmsc ὅτι@cs μή@b λέγω@viaa3s ἐν@p ὕδωρ@ndnsc ὁ@dams παῖς@namsc θνήσκω@vnfm-- εἰ@cs δέ@b δεῖ@viia3s μέν@b ὀλιγοχρόνιος@anans- γίγνομαι@vnam-- συμπίτνω@viaa3s δέ@cs αὐτός@rpdms ὁ@dnns ἐν@p ὕδωρ@ndnsc ἀποθνήσκω@vnaa-- αὐτάρκης@annfs- εἰμί@viia3s ὁ@dnfs κρίσις@nnfsc καί@b γάρ@b ὁ@dnns μή@b διακρίνω@vnaa-- πότερον@b ἄρσην@anans- ἤ1@cs θῆλυς@anans- τίκτω@vira3s κατά@p λόγος@namsc γίγνομαι@viam3s ἔνειμι@vipa3s μέν@b γάρ@b ἄρσην@anams- εἰμί@vnpa-- ὁ@dams χήν@namsc ἔνειμι@vipa3s δέ@cs καί@cs θῆλυς@nafsc πρός@p δέ@b ὁ@damp πυνθάνομαι@vppeamp πόσος@andms- χρόνος@ndmsc ὁ@dnmp ὄνειρος@nnmpc ἀποβαίνω@vipa3p εἶπον@voaa2s ἄν@b ὅτι@cs ὅσος@annnp- ὁ@dgnp εἰμί@vppagnp ἐν@p ὁρίζω@vpredmp χρόνος@ndmpc γίγνομαι@vipe3s οὗτος@rpnnp καί@b ἐν@p ὁ@ddmp ὕπνος@ndmpc ὁράω@vpapnnp ἐν@p ὁ@ddmp αὐτός@andmp- ἀποβαίνω@vipa3s χρόνος@ndmpc ὡς@cs ἀγών@nnmpc καί@b πανήγυρις@nnfpc καί@b ἄρχω@nnmpc καί@b στρατηγός@nnmpc καί@cs ὁ@dnnp ὅμοιος@annnp- ὅσος@rpnnp δέ@b ὁ@dgnp εἰμί@vppagnp ἐν@p ἀόριστος@andmp- καί@cs μή@b πήγνυμι@vpradmp χρόνος@ndmpc γίγνομαι@vipe3s ἀόριστος@b καί@cs ἀποβαίνω@vipa3s ὡς@cs συνουσία@nnfpc καί@cs τροφή@nnfpc καί@cs ἔκκρισις@nnfpc καί@cs ὁ@dnnp συντελέω@vppannp οὗτος@rpdnp χωρίς@p ζῷον@ngnpc οὗτος@rpnnp γάρ@b διά@p ὅσος@angms- χρόνος@ngmsc γεννάω@vipe3s οὗτος@rpnns εἰμί@vipa3s ὅσος@andns- κυοφορέω@vipe3s τοσοῦτος@rpdns καί@cs ἀποβαίνω@vipa3s ἔτι@b θεός@nnmpc καί@b βασιλεύς@nnmpc καί@b γονεύς@nnmpc καί@cs δεσπότης@nnmpc οὐ@b ἐν@p ὁρίζω@vpredmp ἀποβαίνω@vipa3p χρόνος@ndmpc λαμβάνω@viia3s δέ@b σύμμετρος@ananp- ὁ@danp ἀποτέλεσμα@nanpc καί@cs ὁ@damp χρόνος@nampc ἐκ@p ὁ@dgmp παράκειμαι@vpregnp ἕκαστος@andmp- ὁ@dgmp ὁράω@vppegmp ἐκ@p αὐτός@rpgnp ὁ@dgfp προσδοκία@ngfpc γέλοιος@annns- γάρ@b ἄν@b εἰμί@vopa3s ὁ@ddms περί@p ὁ@dgfs αὔριον@b φοβέω@vppedms ἤ1@cs ἐλπίζω@vppadms καί@cs εἶδον@vpaadms ὄνειρος@namsc ὁ@danp εἰς@p ὥρα@nafpc εἰμί@vpfmanp κρίνω@vnpa-- ἔτι@b καί@b ὅς@rpgnp προσήμερος@annfs- εἰμί@vipa3s ὁ@dnfs χρῆσις@nnfsc ἡμέρα@ndfpc ἀποβαίνω@vipa3s ὅς@rpgnp δέ@cs χρόνιος@annfsc χρόνος@ndmsc πλείων@andmsc καί@cs ὁ@dnnp μακρόθεν@b ὁράω@vppennp ὡς@cs ὁ@dnnp περί@p ὁ@dams οὐρανός@namsc διά@p ὁ@dans διάστημα@nansc βραδύς@anams- ἀποβαίνω@vipa3s ἔτι@b καί@b οὗτος@rpnns καί@b ὁ@dnmp ἀγαθός@annmp- καί@cs ὁ@dnmp κακός@annmp- ὄνειρος@nnmpc ὁ@ddmp μέν@b μέγας@andmp- ἀνήρ@ndmpc καί@cs γυνή@ndfpc μέγας@ananp- καί@b ὁ@danp ἀγαθός@ananp- καί@cs ὁ@danp κακός@ananp- ποιέω@vipa3p ὁ@ddmp δέ@b μέτριος@andmp- μέτριος@ananp- ὁ@ddmp δέ@cs ταπεινός@andmp- μικρός@ananp- παντελής@b καί@cs μάλιστα@b γε@b ὁ@dnmp ἀγαθός@annmp- καί@cs γάρ@b εἰκός@vpranns ἐπεί@cs οὗτος@rpnmp καί@b ὁ@dans τυγχάνω@vpaaans λαμβάνω@vpaanmp ἀγαπάω@vspa3p καί@cs ὑπερχαίρω@vipa3p ὀρθός@b γοῦν@b καί@cs ὁ@dnns καλλιμάχειος@annns- ἔχω@vipa3s ἀεί@b ὁ@ddmp μικκός@andmp- μικκά@ananp- δίδωμι@vipa3p θεός@nnmpc οὗτος@rpnnp μέν@b οὖν@b ὦ@i τέκνον@nvnsc ἱκανός@b καί@cs ἀνενδεής@b ἔχω@vipa3s πᾶς@angnp- ὁ@dgnp ἐν@p ὀνειροκρισία@ndfsc ἄπορος@angnp- λύω@vpregnp καί@cs οὕτως@b ὕπτιος@angnp- κεῖμαι@vpregfp καί@cs εὐεπίγνωστος@angnp- σύ@rpdcs εἰμί@vpfmgfp οἶδα@vmra2s δέ@b ὅτι@cs οὐ@b ὄνειρος@vppanms ἀπόβασις@nafpc εἶπον@vnaa-- σύ@rpdcs ὁ@dnns πρόκειμαι@vppenns ἐγώ@rpdcs εἰμί@viia3s ἀλλά@cs ἀφωρισμένως@b κατά@p ἕκαστος@anans- ζήτημα@nansc ὁ@dafp ἐπίλυσις@nafpc συνάγω@vnaa-- ὁ@dnfp δέ@b ἀπόβασις@nnfpc ἕκαστος@angmp- παράκειμαι@vipe3p εἰς@p ὑπόδειγμα@nansc ἱστορία@ngfsc δέ@b ἕνεκα@p ὅπως@cs ἔχω@vspa2s ἄπονος@anansc ὁ@ddfp τριβή@ndfpc χράω@vnpe-- πειράω@vifm1s συνάγω@vpaanms ὡς@b πλεῖστος@anamps ἀποβαίνω@vpraamp ὄνειρος@anamp- ἄλλος@anans- σύ@rpdms βιβλίον@nansc ποιέω@vnaa--"
"Oneir._5.prooimion","ε@nnmsp ἀρτεμίδωρος@nnmsp ἀρτεμίδωρος@ndmsp υἱός@ndmsc χαίρω@vnpa-- ἄξιος@annns- μέν@b ἴσως@b ὦ@i τέκνον@nvnsc ἐγκαλέω@vnpa-- ὁ@dgfs βραδυτής@ngfsc ἐγώ@rpdcp εἰ@cs διά@p ῥᾳθυμία@nafsc γίγνομαι@viam3s ἐπεί@cs δέ@b ὁ@dnns πρόκειμαι@vprenns εἰμί@viia3s ἱστορία@nafsc ὄνειρος@ngmpc ἀποβαίνω@vpragmp συνάγω@vnaa-- σύ@rpdcs χαλεπός@annns- δέ@b καί@cs ἐργώδης@annns- εἰμί@viia3s ὁ@ddms γε@b βούλομαι@vppedms ἄξιος@anamp- ἀναγραφή@ngfsc συνάγω@vnaa-- ὄνειρος@nampc ὁ@damp μέν@b γάρ@b τυγχάνω@vpaaamp πάνυ@b ῥᾴδιος@annns- καί@cs ἐν@p βραχύς@andms- χρόνος@ndmsc παμπληθής@anamp- ἀναγράφω@vnpa-- τοιοῦτος@rpamp δέ@b ὁποῖος@rpamp ἄν@b τις@rpnms γράφω@vppanms οὐ@b μόνος@b οὐ@b αἰσχύνω@vope3s ἀλλά@cs καί@b μέγας@anans- φρονέω@vnpa-- ἐπί@p αὐτός@rpdmp ἔχω@vopa3s οὐ@b ἄνευ@p πόνος@ngmsc καί@cs χρόνος@ngmsc οἷος@annns- τε@b εἰμί@viia3s ἀθροίζω@vnaa-- καί@cs μάλιστα@b γε@b μή@b ῥᾳδιουργέω@vnaa-- βούλομαι@vppedms τοιγάρ@vmpa2s ἐν@p τε@b ὁ@ddfp πανήγυρις@ndfpc ὁ@ddfp κατά@p ὁ@dafs ἑλλάς@nafsp καί@cs ἐν@p ἀσία@ndfsp καί@cs πάλιν@b αὖ@b ἐν@p ἰταλία@ndfsp ἐξεπίτηδες@b ἀγείρω@vppanms ὅσος@anamp- μάλιστα@b δύναμαι@viie1s οὗτος@anans- σύ@rpdms ὁ@dans βιβλίον@nansc μετά@p ὁ@dams ἐν@p ὁ@ddnp ἔμπροσθεν@b πονέομαι@vprednp ἐγώ@rpdms βιβλίον@ndnpc πόνος@namsc ὠφέλιμος@anamss εἰμί@vpfmans αὐτός@rpdms τε@b σύ@rpdms καί@cs εἰ@cs τις@rpd-s κοινωνέω@voaa2s ἀντίγραφον@ngmsc ποιέω@vira1s εὑρίσκω@voaa2s δέ@b ἄν@b κατά@p ἕκαστος@anams- ὁ@dgnp ὄνειρος@ngnpc ψιλός@anafp- ὁ@dafp ἀπόβασις@nafpc ὡς@cs ἀποβαίνω@viaa3p ἄνευ@p σκηνή@ngfsc καί@cs τραγῳδία@ngfsc ἀναγράφω@vpreafp οὐδείς@rpans γάρ@b ἄλλος@rpans ἤ1@cs ὁ@dafs ἀπό@p ὁ@dgfs πεῖρα@ngfsc πίστις@nafsc ἅμα@b καί@cs ὠφέλεια@nafsc συνάγω@vnaa-- προτίθημι@viam1s διόπερ@b ὁ@danp εἰς@p πᾶς@ananp- ἀπό@p ὁ@dgnp αὐτός@rpgmp ἐνδέχομαι@vppeanp ἀποβαίνω@vnpa-- παρά@p ὁ@dafp ὁ@dgmp θεάομαι@vppegmp τύχη@nafpc τε@cs καί@cs προαίρεσις@nafpc καί@cs ἡλικία@nafpc καί@cs περίστασις@nafpc παραιτέομαι@vpamnms ἐπεί@cs ὁ@dnns μέν@b πρῶτος@annns- καί@cs ὁ@dnns δεύτερος@annns- καί@cs ὁ@dnns τρίτος@annns- μάλιστα@b οὗτος@rpgnp εἰμί@vipa3s ἀνάπλεος@annns- ὁ@dnns δέ@b τέταρτος@annns- αὐτός@rpdns σύ@rpdcs προσφωνέω@vpapnns τεχνικός@anafs- περιέχω@vppaans θεωρία@nafsc καί@cs ἄτριπτος@anafs- ὁ@dgnp ἐπιζητέω@vppegnp ἑρμηνεία@nafsc ἐξετάζω@vire3s ὅμως@b σύ@rpdcs προσδέω@vnpa-- ἡγέομαι@vppenms τριβή@ngfsc τε@cs καί@cs γυμνασία@ngfsc ὡς@cs ἐπαγγέλλω@viam1s ἐπί@p τέλος@ndnsc ὁ@dgns τέταρτος@angns- καί@cs νῦν@b ἐμπεδόω@vppanms ὁ@dafs ὑπόσχεσις@nafsc ἀποδίδωμι@vipa1s"
"Oneir._5.1","δοκέω@viaa3s τις@rpnms ὁ@dgms ποσειδῶν@ngmsp ὁ@dgms ἐν@p ἰσθμός@ndmsp ὁ@ddfs βάσις@ndfsc ἅλυσις@ndfsc προσδέομαι@vnre-- ἱερεύς@nnmsc γίγνομαι@viam3s ὁ@dgms ποσειδῶν@ngmsp δεῖ@viia3s γάρ@b αὐτός@rpams ἀχώριστος@anams- εἰμί@vnpa-- ὁ@dgmp ὁ@dgfs ἱερωσύνη@ngfsc τόπος@ngmpc"
"Oneir._5.2","δοκέω@viaa3s τις@rpncs ὁ@dafs ἑαυτοῦ@rpgms γυνή@nafsc προσάγω@vpaanms ὥσπερ@cs τις@rpans ἱερεῖον@nansc ἀποθύω@vnaa-- καί@cs ὁ@danp κρέας@nanpc κατακόπτω@vppanms πιπράσκω@vnpa-- καί@cs ὁ@dafs ἐμπολή@nafsc αὐτός@rpdms πάνυ@b πολύς@anafs- γίγνομαι@vnpe-- ἐπί@p δέ@b οὗτος@rpdnp χαίρω@vnpa-- τε@b δοκέω@viaa3s καί@cs ὁ@dans συνάγω@vppeans ἀργύριον@nansc πειράω@vnpe-- κρύπτω@vnpa-- διά@p ὁ@dams ὁ@dgmp περιίστημι@vppegmp φθόνος@namsc οὗτος@rpnms ὁ@dafs ἑαυτοῦ@rpgms γυνή@nafsc προαγωγεύω@vppanms ἐπί@p αἰσχρός@andnp- πορίζω@viie3s καί@cs εἰμί@viia3s αὐτός@rpdms ὁ@dnns ἔργον@nnnsc λυσιτελέω@annns- μέν@b εἰς@p πορισμός@namsc ἄξιος@annns- δέ@cs ἀποκρύπτω@vnpe--"
"Oneir._5.3","δοκέω@viaa3s τις@rpnms εἰς@p γυμνάσιον@nansc ὁ@dans ἐν@p ὁ@ddfs πατρίς@ndfsc εἰμί@vppaans αὐτός@rpgms εἰσέρχομαι@vpaanms εἶδον@vnaa-- εἰκών@nafsc ἴδιος@anafs- ὅστις@rpnfs καί@b ὕπαρ@nansc εἰμί@viia3s ἀνάκειμαι@vprenfs εἶτα@b δοκέω@viia3s αὐτός@rpdms ὁ@dnns πῆγμα@nnnsc ὁ@dgfs εἰκών@ngfsc πᾶς@anans- ὁ@dnns ἔξωθεν@b διαλύω@vnre-- πυνθάνομαι@vppedms δέ@b τις@rpdcs τίς@rpans συμβαίνω@vpranns εἰμί@vopa3s περί@p ὁ@dafs εἰκών@nafsc λέγω3@vnpa-- οἴομαι@viie3s ὁ@dnfs μέν@b εἰκών@nnfsc ἐγώ@rpgcs μένω@vipa3s ὑγιής@annfs- ὁ@dnns δέ@b πῆγμα@nnnsc λύω@vire3s χωλός@annms- γίγνομαι@viam3s ἀμφότερος@anamp- ὁ@damp πούς@nampc εἰκότως@b ὁ@dnns μέν@b γάρ@b γυμνάσιον@nnnsc σύμβολον@nnnsc εἰμί@viia3s ὁ@dgfs κατά@p ὅλος@anams- ὁ@dams ὄγκος@namsc εὐεξία@ngfsc ὁ@dnfs δέ@b εἰκών@nnfsc ὁ@danp περί@p ὁ@dans πρόσωπον@nansc σημαίνω@viia3s ὁ@dnns δέ@b ἔξωθεν@b πῆγμα@nnnsc ὁ@dnnp λοιπός@annnp- ὁ@dgns σῶμα@ngnsc εἰμί@viia3s"
"Oneir._5.4","δοκέω@viaa3s τις@rpnms λιβανωτός@ndmsc ὁ@dams πρωκτός@anams- ἐκμάσσω@vnpa-- ἀσέβεια@ngfsc ἁλίσκομαι@viaa3s ἐπεί@cs ὅς@rpdfs ὁ@damp θεός@nampc τιμάω@vspa1p ἐξυβρίζω@viaa3s ὁ@dnfs δέ@b ὀσμή@nnfsc ὁ@dans μή@b λανθάνω@vnaa-- αὐτός@rpams σημαίνω@viia3s"
"Oneir._5.5","δοκέω@viaa3s τις@rpnms σίνηπις@ndmsc τρίβω@vpreams ὑγρός@anans- πίνω@vnpa-- τυγχάνω@viaa3s δέ@x αὐτός@andms- δίκη@nnfsc εἰμί@vppanfs καί@cs φεύγω@viia3s φόνος@ngmsc γραφή@nafsc ἁλίσκομαι@viaa3s καί@cs ὁ@dgfs κεφαλή@ngfsc ἀφαιρέω@viap3s εἰμί@rpdfs γάρ@b οὔτε@b συνήθης@annns- οὐ@b τε@cs ὅλος@b πότιμος@annns- ὁ@dnns ποτός@b καί@b μέντοι@b καί@b διακρίνω@vpapnns πρότερος@anans- ὑπό@p ὁ@dgns λέγω1@vppegns ἠθμός@ngmsc ὁ@dnns σίνηπις@nnnsc πίνω@viia3s τοιγάρ@b ὑπό@p κριτής@ngmsc ὅσπερ@rpnns εἰμί@vipa3s δικαστής@ngmsc εἰς@p ὄλεθρος@namsc καθίστημι@viaa3s"
"Oneir._5.6","δοκέω@viaa3s τις@annms- ξάνθος@nnmsp ὁ@dnms ποταμός@nnmsc ὁ@dnms ἐν@p τροία@ndfsp γίγνομαι@vnra-- αἷμα@nansc ἀναφέρω@viaa3s ἐπί@p ἔτος@nanpc δέκα@an---- οὐ@b μήν@b ἀποθνήσκω@viaa3s γε@b ὅσπερ@rpnns εἰμί@viia3s ἔοικα@vpranns διά@p ὁ@dans ἀθάνατος@anams- εἰμί@vnpa-- ὁ@dams ποταμός@namsc"
"Oneir._5.7","δοκέω@viaa3s τις@rpnms ἐν@p νεμέα@ndfsp ἀγωνίζομαι@vnpe-- ἀνήρ@ngmpc πάλη@nafsc καί@b νικάω@vnpa-- καί@cs στεφανόω@vnpe-- τυγχάνω@viaa3s δέ@cs αὐτός@rpdms δίκη@nnfsc εἰμί@vppanfs περί@p ἀγρός@ngmsc ἐν@p ὅς@rpdms παμμεγέθης@annns- εἰμί@viia3s ἕλος@nnnsc καί@b δή@b νικάω@viaa3s ὁ@ddms ὁ@dgns ἕλος@ngnsc λόγος@ndmsc διά@p ὁ@dans σέλινον@ndnsc ὁ@ddns ἐν@p νεμέα@ndfsp ὁ@damp νικάω@vppaamp στεφανόω@vnpe--"
"Oneir._5.8","δοκέω@viaa3s τις@rpnms ἐν@p ὁ@ddfs τύλη@ndfsc πυρός@nampc ἔχω@vnpa-- ἀντί@p κναφάλλω@ngmpc εἰμί@viia3s αὐτός@rpdms γυνή@nnfsc ὅστις@rpnfs μηδεπώποτε@b συλλαμβάνω@vpaanfs πρότερος@anans- ἐκεῖνος@angns- ὁ@dgns ἔτος@ngnsc ἔγκυος@annfs- γίγνομαι@vpamnfs παιδάριον@nansc γεννάω@viaa3s ἄρσην@nansc ὁ@dnfs μέν@b γάρ@b τύλη@nnfsc ὁ@dafs γυνή@nafsc σημαίνω@viia3s ὁ@dnmp δέ@b πυρός@nnmpc ἄρσην@viia3s σπέρμα@nansc"
"Oneir._5.9","εὔχομαι@viam3s τις@rpnms ὁ@ddms ἀσκληπιός@ndmsp εἰ@cs διά@p ὁ@dgns ἔτος@ngnsc ἄνοσος@annms- ἔρχομαι@voaa3s θύω1@vnfa-- αὐτός@rpdms ἀλεκτρυών@nafsc ἔπειτα@b διαλείπω@vpaanms ἡμέρα@nafsc εὔχομαι@viam3s πάλιν@b ὁ@ddms ἀσκληπιός@ndmsp εἰ@cs μή@b ὀφθαλμιάω@voaa3s ἕτερος@anams- ἀλεκτρυών@namsc θύω1@vnfa-- καί@cs δή@b εἰς@p νύξ@nafsc δοκέω@viaa3s λέγω3@vnpa-- αὐτός@rpdms ὁ@dams ἀσκληπιός@namsp εἷς@nnmsc ἐγώ@rpdcs ἀλεκτρυών@vpaanms ἀρκέω@vipa3s ἄνοσος@annms- μέν@x οὖν@x μένω@viaa3s ὀφθαλμιάω@viaa3s δέ@x ἰσχυρός@b καί@b γάρ@b εἷς@andfs- εὐχή@ndfsc ὁ@dnms θεός@nnmsc ἀρκέω@vppenms ὁ@dans ἕτερος@anans- ἀρνέομαι@viie3s"
"Oneir._5.10","δοκέω@viaa3s τις@rpnms φεύγω@vppanms γραφή@nafsc δημόσιος@angnp- ἀδίκημα@ngnpc ὁ@danp δικαίωμα@nanpc ἀπόλλυμι@vnra-- ὁ@ddfs ὑστεραῖος@andfs- εἰσάγω@vpapgfs ὁ@dgfs δίκη@ngfsc ἀφίημι@viap3s ὁ@dgnp ἔγκλημα@ngnpc καί@cs οὗτος@rpnns εἰμί@viia3s ἄρα@b ὅσπερ@rpans σημαίνω@viia3s αὐτός@rpdms ὁ@dnns ὄναρ@nnnsc ἀφίημι@vpapdms ὁ@dgnp ἔγκλημα@ngnpc μηκέτι@b δέω2@vnfm-- ὁ@dgmp δικαίωμα@ngmpc"
"Oneir._5.11","δοκέω@viaa3s τις@rpncs ἀπό@p ὁ@dgfs σελήνη@ngfsc λύχνος@namsc ἅπτω@vnpa-- τυφλός@annms- γίγνομαι@viam3s ὅθεν@b γάρ@b οὐ@b δύναμαι@viam3s ἅπτω@vnaa-- ἐκεῖθεν@b λαμβάνω@viia3s ὁ@dans φάος@nansc ἄλλως@b τε@b καί@b ὁ@dafs σελήνη@nafsc φημί@vipa3p οὐ@b ἔχω@vnpa-- ἴδιος@anans- φάος@nansc"
"Oneir._5.12","δοκέω@viaa3s τις@rpncs γυνή@nnfsc ἐν@p ὁ@ddfs σελήνη@ndfsc τρεῖς@ ὁράω@vnpa-- εἰκών@nafpc ἴδιος@anafp- γεννάω@viaa3s τρίδυμος@ananp- θηλυκός@ananp- καί@cs ὁ@danp τρεῖς@ananp- ὁ@dgms αὐτός@angms- μείς@ngmsc ἀποθνῄσκω@viaa3s εἰμί@viia3p γάρ@b ὁ@dnfp εἰκών@nnfpc ὁ@dnnp τέκνον@nnnpc εἷς@annms- δέ@b περιέχω@viia3s αὐτός@rpafp κύκλος@nnmsc τοιγάρ@b εἷς@andns- χορίον@ndnsc ὡς@cs λέγω3@vipa3p ἰατρός@ngmpc παῖς@nnmpc περιέχω@viie3s ὁ@danp βρέφος@nanpc ζάω@viaa3s δέ@b οὐ@b πλείων@anamsc χρόνος@namsc διά@p ὁ@dafs σελήνη@nafsc"
"Oneir._5.13","δοκέω@viaa3s παῖς@nnmsc παλαιστής@nnmsc περί@p ὁ@dgfs ἔγκρισις@ngfsc φροντίζω@vpranms ὁ@dams ἀσκληπιός@namsp κριτής@namsc εἰμί@vnpa-- καί@cs παροδεύω@vppanms ἅμα@p ὁ@ddmp ἄλλος@andmp- παῖς@ndmpc ἐν@p παρεξαγωγή@ndfsc ὑπό@p ὁ@dgms θεός@ngmsc ἐκκρίνω@vnre-- καί@b δή@b πρό@p ὁ@dgms ἀγών@ngmsc ἀποθνῄσκω@viaa3s ὁ@dnms γάρ@b θεός@nnmsc οὐ@b ὁ@dgms ἀγών@ngmsc ἀλλά@cs ὁ@dgns ζάω@vnpa-- οὗπερ@rpgns μᾶλλον@b εἰμί@vnpa-- κριτής@nnmsc νομίζω@vipe3s ἐκβάλλω@viaa3s αὐτός@rpams"
"Oneir._5.14","δοκέω@viaa3s τις@rpncs ἐν@p ὁ@ddfs σελήνη@ndfsc ὁ@dans ἑαυτοῦ@rpgms πρόσωπον@nansc εἶδον@vnaa-- ἀποδημέω@viaa3s μακράν@anafs- ἀποδημία@nafsc καί@cs ὁ@dams πλεῖστος@anams- ὁ@dgms βίος@ngmsc χρόνος@namsc ἐν@p ἀλέω@ndfsc καί@cs ξενιτεία@nnfsc διάγω@viia3s ὁ@dnns γάρ@b ἀεικίνητος@annns- ὁ@dgfs σελήνη@ngfsc μέλλω@viia3s συμπεριφέρω@vnfa-- αὐτός@rpams"
"Oneir._5.15","δοκέω@viaa3s τις@rpnms σιδήρεος@anans- αἰδοῖον@anans- ἔχω@vnpa-- γίγνομαι@viam3s αὐτός@rpdms υἱός@nnmsc ὑπό@p ὅς@rpgms ἀναιρέω@viap3s καί@b γάρ@b ὁ@dnms σίδηρος@nnmsc ὑπό@p ὁ@dgms ἐκ@p αὐτός@rpgms γίγνομαι@vpamgms ἰός@ngmsc φθείρω@vipe3s"
"Oneir._5.16","δοκέω@viaa3s τις@rpnms ναύκληρος@nnmsc ἐν@p μάκαρ@ngmpp νῆσος@ndfpc εἰμί@vnpa-- καί@cs ὑπό@p ὁ@dgmp ἥρως@ngmpc κατέχω@vnpe-- ἔπειτα@cs ἔρχομαι@vpaaams ὁ@dams ἀγαμέμνων@namsp ἀπολύω@vnaa-- αὐτός@rpams ἀγγαρεία@nnfsc περιπίπτω@vpaanms ὑπό@p ὁ@dgmp ἐπίτροπος@angmp- ὁ@dgms αὐτοκράτωρ@ngmsc κατέχω@viam3s ἔπειτα@b ἐντυγχάνω@vpaanms ὁ@ddms βασιλεύς@ndmsc ἀφίημι@viap3s ὁ@dgfs ἀγγαρεία@ngfsc"
"Oneir._5.17","δοκέω@viaa3s τις@rpncs ἀποδημέω@vppanms ὁ@dgfs οἰκεῖος@angfs- ὁ@dafs κλείς@nafsc ὁ@dgns οἴκημα@ngnsc ἀπόλλυμι@vnra-- ἀνακομίζω@vpapnms εὑρίσκω@viaa3s ὁ@dafs θυγάτηρ@nafsc φθείρω@vpreafs τρόπος@namsc γάρ@b τις@anams- λέγω3@viia3s αὐτός@rpdms ὁ@dnns ὄναρ@nansc οὐ@b εἰμί@vnpa-- ἐν@p ἀσφαλής@andns- ὁ@danp οἴκοι@b"
"Oneir._5.18","δοκέω@viaa3s τις@rpnms ἐκ@p ὁ@dgfs κεφαλή@ngfsc ἐκ@p αὐτός@rpgms ἐλαία@nafsc φύω@vnra-- φιλοσοφέω@viaa3s εὔτονος@b καί@b ὁ@ddmp λόγος@ndmpc καί@cs ὁ@ddfs ἄσκησις@ndfsc χράω2@vpamnms ἀκόλουθος@b καί@b γάρ@b ἀειθαλής@annns- ὁ@dnns φυτόν@nnnsc καί@cs στερεός@annns- καί@cs ὁ@ddfs ἀθήνη@ndfsp ἀνάκειμαι@vipe3s φρόνησις@nnfsc δέ@b εἰμί@vnpa-- νομίζω@vipe3s ὁ@dnfs θεός@nnfsc"
"Oneir._5.19","δοκέω@viaa3s τις@rpncs ὁ@ddms ἥλιος@ndmsc συνανατέλλω@vnpa-- καί@cs ὁ@ddfs σελήνη@ndfsc συντρέχω@vnpa-- ἀπάγχω@viam3s καί@cs οὕτως@b ὅς@dnms τε@b ἥλιος@nnmsc καί@cs ὁ@dnfs σελήνη@nnfsc ἀνάἴσχω@vppanmp βλέπω@viia3p αὐτός@rpams μετάρσιος@anams- εἰμί@vppaams"
"Oneir._5.20","δοκέω@viaa3s τις@rpnms ὁ@dams δοῦλος@namsc αὐτός@rpgms ὅς@rpams μάλιστα@b παρά@p ὁ@damp ἄλλος@rpamp τιμάω@viia3s φανός@anams- γίγνομαι@vnra-- τυφλός@annms- γίγνομαι@viam3s καί@b ὑπό@p ὁ@dgms δοῦλος@ngmsc αὐτός@angms- ἐκεῖνος@angms- χειραγωγέω@viie3s καί@cs οὗτος@anams- ὁ@dams τρόπος@namsc διά@p ἐκεῖνος@rpgms ὁ@dans φάος@nansc βλέπω@viia3s"
"Oneir._5.21","δοκέω@viaa3s τις@rpnms ἐπί@p κύκλος@ndmsc τρίπους@ngmsc διαπλέω@vnpa-- πέλαγος@nansc μέγας@anans- φεύγω@vppanms ἀδίκημα@ngnpc γραφή@nafsc ἁλίσκομαι@viaa3s καί@cs εἰς@p νῆσος@nafsc καταδικάζω@viap3s ὁ@dnns γάρ@b περιοχέω@vppanns αὐτός@rpams εἰμί@viia3s περίρρυτος@annns- καί@cs ἔοικα@vpranns νῆσος@ndfsc δοκέω@viaa3s τις@rpncs ὁ@dans ἑαυτοῦ@rpgms παιδίον@nansc ἀποδέρω@vnpa-- καί@cs ποιέω@vnpa-- ἀσκός@namsc ὁ@ddfs ὑστεραῖος@andfs- ὁ@dnns παιδίον@nnnsc αὐτός@rpgms εἰς@p ποταμός@namsc πίπτω@vpaanns πνίγω@viap3s καί@cs γάρ@b ἀπό@p νεκρός@angfp- σάρξ@ngfpc ὁ@dnms ἀσκός@nnmsc γίγνομαι@vipe3s καί@cs ὑγρός@angns- εἰμί@vipa3s δεκτικός@annms-"
"Oneir._5.23","δοκέω@viaa3s τις@rpnms ὁ@dgms οὐρανός@ngmsc ἀστήρ@namsc ἐκπίπτω@vnaa-- καί@cs ἄλλος@rpams χαμόθεν@b εἰς@p ὁ@dams οὐρανός@namsc ἀναβαίνω@vnaa-- οὗτος@rpnms εἰμί@viia3s οἰκέτης@nnmsc τις@rpgcs ἔπειτα@b ὁ@dnms δεσπότης@nnmsc αὐτός@rpgms ἀποθνῄσκω@viaa3s ἡγέομαι@vppmnms δέ@cs ἐλεύθερος@annms- τε@b καί@cs ἀδέσποτος@annms- εἰμί@vnpa-- εὑρίσκω@viaa3s παῖς@namsc ὁ@dgms πρότερος@angms- δεσπότης@ngmsc ὅς@rpdms κατά@p ἀνάγκη@nafsc δουλεύω@viaa3s ὁ@dnms μέν@b οὖν@b πίπτω@vpaanms ἀστήρ@nnmsc σημαίνω@viia3s ὁ@dams ἀποθνήσκω@vppeams ὁ@dnms δέ@cs εἰς@p οὐρανός@namsc ἀνέρχομαι@vpaanms ὁ@dams ἐφοράω@vpfmams καί@cs δεσπόζω@vpfaams αὐτός@b"
"Oneir._5.24","δοκέω@viaa3s τις@rpncs εἰς@p χοῖνιξ@namsc χέω@vnpa-- ἁλίσκομαι@viaa3s ἀδελφή@ndfsc ὁ@ddfs ἑαυτοῦ@rpgms μίγνυμι@vppenms μέτρον@nnnsc γάρ@b ὁ@dnfs χοῖνιξ@ndfpc ὁ@dnns δέ@x μέτρον@nnnsc νόμος@ndmsc ἔοικα@vira3s τρόπος@namsc οὖν@b τις@anams- παρανοέω@viia3s παρά@p ὁ@danp νομίζω@vpreanp κοινῇ@b ὁ@ddmp ἕλλην@ndmpp πράσσω@vppanms"
"Oneir._5.25","δοκέω@viaa3s τις@rpncs ἐρώμενος@nafsc ὁ@dafs ἑαυτοῦ@rpgms ὁράω@vnpa-- ἐν@p σταμνίον@ndnsc ὀστράκινος@ndnsc κεῖμαι@vppeafs ἀποθνῄσκω@viaa3s ὁ@dnfs ἐρώμενος@nnfsc αὐτός@rpgms σφάζω@vpapnfs ὑπό@p δοῦλος@ngmsc δημόσιος@angms- θάνατος@namsc μέν@b γάρ@b εἰκότως@b σημαίνω@viia3s ὁ@ddfs γυνή@ndfsc ὁ@dans εἰμί@vnpa-- ἐν@p ὁ@ddns ὀστράκινος@ndnsc σκεῦος@ndnsc ὑπό@p δημόσιος@angns- δέ@b ἐπεί@cs καί@b ὁ@dnns σταμνίον@nnnsc δημόσιος@annns- τε@cs καί@cs πᾶς@andmp- ὑπηρετέω@vppanns"
"Oneir._5.26","δοκέω@viaa3s τις@rpnms ὁ@dgms σαράπις@ngfsp ὁ@dans ὄνομα@nansc ἐγγράφω@vpreans λεπίς@ndfsc χάλκεος@andfs- περί@p ὁ@dams τράχηλος@namsc δέω@vnre-- ὥσπερ@cs σκύτινος@nafsc συνάγχη@ndfsc λαμβάνω@vpapnms ἑπτὰ@an---- ἡμέρα@ndfpc ἀποθνήσκω@viaa3s καί@b γάρ@b χθόνιος@annms- ὁ@dnms θεός@nnmsc εἰμί@vnpa-- νομίζω@vire3s καί@b ὁ@dams αὐτός@anams- ἔχω@vipa3s λόγος@namsc ὁ@ddms πλούτων@ndmsp καί@b ὁ@dnns ὄνομα@nnnsc αὐτός@rpgms γράμμα@nanpc ἑπτὰ@ ἔχω@vipa3s καί@cs κατά@p ὅς@rpans περίκειμαι@viie3s ὁ@dafs σκύτινος@nafsc μέρος@nansc κατά@p ἐκεῖνος@anans- ὁ@dans μέρος@nansc νοσέω@vpaanms ἀποθνῄσκω@viaa3s"
"Oneir._5.27","δοκέω@viaa3s τις@rpncs ἐπί@p ξένη@ngfsc διατρίβω@vppanms ἑστία@nafsc οἰκοδομέω@vnpa-- ἀποθνῄσκω@viaa3s εἰκότως@b εἰμί@viia3s γάρ@b σύμβολον@nnnsc ὁ@dgfs ὅλος@angfs- κατάστασις@ngfsc καί@cs ὁ@dgns τέλος@ngnsc ὁ@dnfs ἑστία@nnfsc ὅς@rpafs ἐπί@p ξένη@ngfsc οἰκοδομέω@vppanms μέλλω@viia3s ἔχω@vnfa-- ὁ@dnns τέλος@nnnsc"
"Oneir._5.28","δοκέω@viaa3s τις@rpnms ἐπί@p ξένη@ngfsc διατρίβω@vppanms ἑστία@nafsc οἰκοδομέω@vnpa-- καί@cs ἀντί@p λίθος@ngmpc ὁ@danp ἴδιος@ananp- βιβλίον@nanpc ὁ@ddms πηλός@ndmsc περιπλάσσω@vnpa-- εἶτα@cs μεταδόξα@vpaaans αὐτός@rpdms καταβάλλω@vnaa-- καί@cs παύω@vnam-- οἰκοδομέω@vppaams νοσέω@viaa3s πονηρός@b καί@cs εἰς@p ἔσχατος@anams- ἔρχομαι@vpaanms κίνδυνος@namsc μόλις@b σώζω@viap3s οὗτος@rpgfp ὁ@dafp αἰτία@nafpc φανερός@anafp- εἰμί@vppaafp περισσός@anans- ἡγέομαι@vipm1s λέγω3@vnpa--"
"Oneir._5.29","δοκέω@viaa3s τις@rpnms ὑπό@p γυνή@ngfsc ὅς@rpafs ἐκ@p πολύς@angns- γιγνώσκω@viia3s διώκω@vnpe-- βούλομαι@vppegfs περιβάλλω@vnfa-- αὐτός@rpdms ὁ@damp λέγω3@vppeamp ὁ@ddfs ῥωμαῖος@ngmpp φωνή@ndfsc φαινόλη@anamp- μέσος@anamp- λύω@vpreamp ἐκ@p ὁ@dgnp ῥαφή@ngnpc καί@cs τέλος@nansc οὐ@b βούλομαι@vppenms κατανάγκάζω@vnap-- οὗτος@rpgns ἔραμαι@vpapnfs ὁ@dnfs γυνή@nnfsc γαμέω@viie3s αὐτός@rpdms οὐ@b βούλομαι@vppedms καί@cs διά@p ὀλίγος@angnp- ἔτος@ngnpc ἀπαλλάσσω@viap3s αὐτός@rpgms διά@p ὁ@dans λύω@vnre-- ὁ@damp φαινόλη@nampc"
"Oneir._5.30","δοκέω@viaa3s τις@rpncs γυνή@nnfsc νοσέω@vppanfs κυέω@vnpa-- ἤδη@b τε@b ὠδίνω@vnpa-- καί@cs ἐγγύς@b ὁ@dgns τίκτω@vnpa-- εἰμί@vnpa-- ἅπτω@vpamafs δέ@b τις@rpacs αὐτός@rpgfs ὅς@rpafs οἴομαι@viie3s μή@b ἄπειρος@b ἔχω@vnpa-- ὁ@dgmp περί@p ὁ@danp τοιοῦτος@rpanp φημί@voaa3s νῦν@b μέν@b οὐ@b τίκτω@vifa3s μετά@p δέ@b μείς@nampc ἑπτὰ@ παιδάριον@nansc καλός@anans- γε@b λίαν@b γίγνομαι@viam3s ἐν@p νόσος@ndfsc πάνυ@b κινδυνώδης@andfs- ὅθεν@b οὐ@b ἄν@b οἴομαι@viie3s τις@rpnms αὐτός@rpafs σώζω@vnap-- καί@cs μή@b γίγνομαι@vpamafs ῥᾴδιος@anansc ὡς@cs μή@b τέλειος@anans- ὑγιαίνω@vnaa-- μετά@p ἑπτὰ@an---- ἡμέρα@nafpc ἀποθνῄσκω@viaa3s εἰκότως@b μέλλω@viia3s γάρ@b ἀποτίθημι@vnfm-- ὁ@dans βάρος@nansc καί@cs ὁ@dafp ἀλγηδών@nafpc μετά@p ὁ@damp ἑπτὰ@an---- μείς@nampc ὁ@dnns δέ@b καλός@annns- παιδάριον@nnnsc εἰμί@viia3s ὁ@dnms θάνατος@nnmsc ὅστις@rpnms αἱρετός@annmsc εἰμί@viia3s διά@p ὁ@dans ἄπονος@anans- ὁ@dgms νοσώδης@angms- καί@cs ταλαίπωρος@angms- βίος@ngmsc"
"Oneir._5.31","δοκέω@viaa3s τις@rpnms ἑαυτοῦ@rpams περαίνω@vnpa-- ἀνήρ@nnmsc οὐ@b ἄσημος@annms- καί@cs τέλος@ngnpc μέγας@angnp- μισθωτής@nnmsc εἰς@p τοσοῦτος@rpans περίστασις@ngfsc ἔρχομαι@viaa3s ὥστε@cs διά@p ἀπορία@nafsc τε@cs καί@cs χρέος@ngnpc συνέχεια@nafsc ἑαυτοῦ@rpams ἐξάγω@vnaa-- ὁ@dgms βίος@ngmsc εἰκότως@b εἰμί@viia3s γάρ@b αὐτός@rpdms τοσοῦτος@annfs- ἕτερος@angns- σῶμα@ngnsc ἐρημία@nnfsc καί@cs ἀνάλωμα@ngnpc ἀπορία@nnfsc ὥστε@cs ὁ@dafs ὄρεξις@nafsc εἰς@p ἑαυτοῦ@rpams ἐπιστρέφω@vnaa--"
"Oneir._5.32","δοκέω@viaa3s τις@rpnms ὁ@dams δακτύλιος@namsc αὐτός@rpgms ὅς@rpdms πᾶς@annnp- κατασημαίνω@viie3s ἐκβάλλω@vnaa-- εἶτα@cs ζητέω@vppanms καταλαμβάνω@vnaa-- ὁ@dams ἐν@p αὐτός@rpdms λίθος@namsc κατάγνυμι@vpreams εἰς@p πολύς@ananp- ὥστε@cs ἄχρηστος@anams- εἰμί@vnpa-- διαπίπτω@viaa3s αὐτός@rpdms πᾶς@annnp- ὁ@dnnp πρᾶγμα@nnnpc ἡμέρα@ngfpc πέντε@an---- καί@cs πεντήκοντα@an----"
"Oneir._5.33","δοκέω@viaa3s τις@rpnms ἐπικύπτω@vpaanms πονηρός@anans- ὄζω@vppaamp ὁ@damp περί@p ὁ@dams ὀμφαλός@namsc τόπος@nampc καταλαμβάνω@vnaa-- φάρμακον@nansc θανάσιμος@anans- ἑκών@annms- πίνω@viaa3s οὐ@b ὑπομένω@vppanms περίστασις@nafsc ἀνάγκη@nafsc τε@x χρέος@ngnpc φόβος@ndmsc γάρ@b ὁ@dgms μή@cs ὁ@dnnp ἀναγκαῖος@annnp- καί@cs ἀπόκρυφος@annnp- αὐτός@rpgms ἐξοζέω@vsaa3s καί@b γιγνώσκω@viap3s παρά@p ὁ@dans δεῖ@vppaans καί@b καίω@viap3s ταχύς@anansc καί@cs ἀποθνῄσκω@viaa3s"
"Oneir._5.34","δοκέω@viaa3s τις@rpncs λαμπάς2@nafpc ἀπό@p ὁ@dgfs ἑστία@ngfsc ὁ@dgfs ἔνδον@b παρά@p αὐτός@rpdms μή@b δύναμαι@vnpe-- ἀνάπτω@vnaa-- καί@cs ἀπό@p ὁ@dgns οὐράνιος@ngnsc ἀνάπτω@vnaa-- πῦρ@ngnsc πάσχω@viap3s καί@cs οὗτος@anams- ὁ@dams τρόπος@namsc ὁ@ddns οὐράνιος@andns- πῦρ@ndnsc θάλπω@viie3s"
"Oneir._5.35","δοκέω@viaa3s τις@rpnms ἀδελφή@nafsc ἔχω@vppanms πλούσιος@anafs- ἅμα@b καί@cs νοσέω@vppaafs πρό@p ὁ@dgfs οἰκία@ngfsc ὁ@dgfs ἀδελφή@ngfsc συκῆ@nafsc φύω@vnra-- καί@cs ἀπό@p αὐτός@rpgfs δρέπω@vppenms σῦκον@namsc μέλας@anams- ὁ@dams ἀριθμός@namsc ἑπτὰ@ ἐσθίω@vnpa-- ἀποθνῄσκω@viaa3s ὁ@dnfs ἀδελφή@nnfsc ἐπί@p κληρόνομος@ndmsc ὁ@ddms εἶδον@vpaadms ὁ@dams ὄνειρος@namsc ἑπτὰ@an---- ἡμέρα@nafpc ἐπιζέω@vpaanfs φανερός@annmp- ὁ@dnmp λόγος@nnmpc"
"Oneir._5.36","δοκέω@viaa3s τις@rpnms ὑπό@p ὁ@dgms στρατηγός@ngmsc ὁ@dgfs ἑαυτοῦ@rpgms πόλις@ngfsc ἐκβάλλω@vnpe-- ὁ@dgns γυμνάσιον@ngnsc οὗτος@rpams ὁ@dnms πατήρ@nnmsc ἐκβάλλω@viaa3s ὁ@dgfs οἰκία@ngfsc ὅς@anams- γάρ@b ἔχω@vipa3s λόγος@namsc ἐν@p ὁ@ddfs πόλις@ndfsc στρατηγός@nnmsc ὁ@dams αὐτός@anams- ἐν@p ὁ@ddfs οἰκία@ndfsc πατήρ@nnmsc"
"Oneir._5.37","δοκέω@viaa3s τις@rpncs γυνή@nnfsc ἐν@p ὁ@ddms δεξιός@andms- μαστός@ndmsc ὀφθαλμός@namsc ἔχω@vnpa-- υἱός@nnmsc εἰμί@viia3s αὐτός@rpdfs ἀγαπητός@annms- ὅς@rpams οὐ@b εἰς@p μακράν@anafs- κόπτω@viam3s ὅς@rpdms γάρ@b λόγος@ndmsc ὁ@dnms δοκέω@vpaanms ποτέ@b ἐν@p ὁ@ddms δεξιός@andms- ὦμος@ndmsc ὀφθαλμός@namsc ἔχω@vnpa-- ἐκβάλλω@viaa3s ὁ@dams ἀδελφός@namsc τρόπος@namsc γάρ@b τις@rpams λέγω3@viia3s αὐτός@rpdms ὁ@dnns ὄναρ@nnnsc βλέπω@vmpa2s ὁ@dams ὦμος@namsc αὐτός@andms- οὗτος@rpdms προσέχω@vmpa2s ὁ@ddms ὦμος@ndmsc οὗτος@rpdms ὁ@ddms λόγος@ndmsc καί@cs ὁ@dnfs γυνή@nnfsc οὐ@b ὁ@dams μαστός@namsc ἀλλά@cs ὁ@dams ἔοικα@vpraanp ὁ@ddms μαστός@ndmsc υἱός@namsc ἀπόλλυμι@viaa3s"
"Oneir._5.38","δοκέω@viaa3s τις@rpncs ὁ@dafs ἑαυτοῦ@rpgms κόπρος@nafsc σύν@p ἄρτος@ndmsc ἐσθίω@vnpa-- καί@cs ἥδομαι@vnpe-- παρανομέω@vpaanms ἀπολαύω@viaa3s ἀνέγκλητος@annms- διά@p ὁ@dans ἥδομαι@vnpe-- οὐ@b ἀνυπονόητος@annms- δέ@cs διά@p ὁ@dafs κόπρος@nafsc ἔοικα@vpranns γάρ@b εἰμί@viia3s αἰσχύνη@ngfsc αὐτός@rpdms ὁ@dans κέρδος@nansc πλήρης@anans- εἰμί@vnpa--"
"Oneir._5.39","δοκέω@viaa3s τις@rpnms δύο@an---- θυγάτηρ@nafpc ἔχω@vppanms παρθένος@nafpc ὁ@dafs μέν@b πρότερος@anafs- ἔχω@vnpa-- ἐπί@p ὁ@dafs κεφαλή@nafsc χρύσεος@anafs- ἀφροδίτη@nafsp πεδάω@vpreafs ὁ@dafs δέ@cs ἕτερος@anafs- ἄμπελος@angms- δένδρον@nansc φύω@vpraans οὗτος@rpgfp ὁ@dnfs μέν@b πρότερος@annfs- γαμέω@viam3s ὁ@dnfs δέ@b ἕτερος@annfs- ἀποθνῄσκω@viaa3s ὁ@dnfs γάρ@b ἀφροδίτη@nnfsp γάμος@ngmsc καί@cs παιδοποιία@ngfsc εἰμί@viia3s σύμβολον@nnnsc κατά@p ὁ@dans ὁμηρικός@anans- ἀλλά@b σύ@rpncs γε@b ἱμερόεις@ananp- μετέρχομαι@vmpe2s ἔργον@nanpc γάμος@ngmsc καί@cs ὁ@dans πολυτελής@anans- ὁ@dgfs ὕλη@ngfsc ὁ@dans τερπνός@anans- ὁ@dgms γάμος@ngmsc σημαίνω@viia3s ἄλλως@b τε@b καί@cs πρόσφορος@annms- ὁ@ddfs ἀφροδίτη@ndfsp ὁ@dnms χρυσός@nnmsc ὁ@dnfp δέ@b πέδη@nnfpc ὁ@dans ἀδιάλυτος@anans- ὁ@dgms γάμος@ngmsc σημαίνω@viia3p ὁ@dnfs δέ@b ἄμπελος@nnfsc θάνατος@ngmsc σημεῖον@nnnsc εἰμί@viia3s ὁ@dgns περί@p ὁ@dafs ἕτερος@anafs- εἰμί@vpfmgfs διά@p ὁ@dans γῆθεν@b φύω@vnpe-- εἰς@p γῆ@nafsc δέ@b καί@b ὁ@dnnp σῶμα@nnnpc ἀναλύω@vipe3s καί@cs ὅτι@cs ἐν@p ὁ@ddns ἀκμαῖος@andnss ὁ@dgfs ὥρα@ngfsc ὁ@dgms καρπός1@ngmsc στερίσκω@vipe3s ὁ@dnfs ἄμπελος@nnfsc"
"Oneir._5.40","δοκέω@viaa3s τις@rpncs ἐκ@p ὁ@dgfp σάρξ@ngfpc ἐκδύω@vnpa-- ὥσπερ@cs ὄφις@nnfsc ἐκ@p ὁ@dgns γῆρας@ngnsc ὁ@rpdfs ὑστεραῖος@annfs- ἀποθνήσκω@viaa3s καί@b γάρ@b ὁ@dnfs ψυχή@nnfsc ὁ@dans σῶμα@nansc καταλιμπάνω@vnaa-- μέλλω@vppanfs τοιοῦτος@rpafp παρέχω@viie3s φαντασία@ngfsc"
"Oneir._5.41","δοκέω@viaa3s τις@rpnms ἐν@p ἰσθμός@ndmsp γίγνομαι@vppenms ὁ@dams ἴδιος@anams- υἱός@namsc ζητέω@vnpa-- ἀπόλλυμι@viam3s ὁ@dnms υἱός@nnmsc αὐτός@rpgms διά@p ὁ@dams μῦθος@namsc ὁ@dams μελικέρτειος@anams-"
"Oneir._5.42","δοκέω@viaa3s τις@rpncs τρεῖς@ ἔχω@vppanms υἱός@nampc ὑπό@p ὁ@dgmp δύο@ κατακόπτω@vpapnms ἐσθίω@vnpe-- ἐφίστημι@vppaams τε@b ὁ@dams νέος@anamsc πρός@p γε@b ὁ@damp ἄλλος@rpamp χαλεπαίνω@vnpa-- καί@cs λυπέω@vppadmp καί@cs μυσάττομαι@vppeams λέγω3@vnpa-- ἐγώ@rpncs ὁ@dgms πατήρ@ngmsc οὐ@b μή@b ἐσθίω@vsaa1s συμβαίνω@viaa3s ὁ@dams νέος@anamsc υἱός@namsc αὐτός@rpgms ἀποθνήσκω@vnaa-- μόνος@annms- γάρ@b οὐ@b μέλλω@viia3s ἐσθίω@vnpa-- οὐ@b ὁ@dgfp σάρξ@ngfpc ἀλλά@cs ὁ@dgfs ὕπαρξις@ngfsc πρότερος@annms- ὁ@dgms πατήρ@ngmsc ἀποθνήσκω@vpaanms καί@cs μή@b κληρονομέω@vpaanms ὁ@dnmp δέ@b ἕτερος@annmp- ὁ@dnmp ἐσθίω@vpaanmp διάδοχος@nnmpc ὁ@dgfs οὐσία@ngfsc ὁ@dgms πατήρ@ngmsc γίγνομαι@viam3p"
"Oneir._5.43","δοκέω@viaa3s τις@rpnms ὁ@dafs ἀδελφή@nafsc αὐτός@rpgms ὑπό@p ὁ@dgms πατήρ@ngmsc ὁ@dgms ἀνήρ@ngmsc ἀποσπάω@vnpe-- καί@cs ἄλλος@rpdms δίδωμι@vnpe-- γαμέω@vpfpafs συμβαίνω@viaa3s ὁ@dams εἶδον@vpaaams ἀποθνήσκω@vnaa-- ὁ@dnms μέν@b γάρ@b πατήρ@nnmsc εἰκότως@b σημαίνω@viia3s ὁ@dams δαίμων@namsc ὁ@dams ὁ@dgns ζάω@vnpa-- αἴτιος@anams- ὁ@ddns εἶδον@vpaadms ὁ@dnfs δέ@b ἀδελφή@nnfsc αὐτός@rpams ἔχω@vppanfs λόγος@namsc ὁ@ddfs ψυχή@ndfsc ἀποσπάω@vppenfs ὁ@dgms ἀνήρ@ngmsc ὁ@dgns σῶμα@ngnsc μέλλω@viia3s ἀποσπάω@vnfp-- ὑπό@p ὁ@dgms δαίμων@ngmsc καί@cs ἐν@p ἄλλος@rpdfp εἰμί@vnfm-- διατριβή@ndfpc καί@cs ἦθος@ndnpc ὥσπερ@cs ὑπολαμβάνω@vipa3p ἄνθρωπος@nnmpc ὁ@dgmp κάμνω@ngmpc ὁ@dafp ψυχή@nafpc ἀπαλλάσσω@vpapafp ὁ@dgnp σῶμα@ngnpc ἐν@p ἄλλος@rpdfp γίγνομαι@vnpe-- διατριβή@ndfpc"
"Oneir._5.44","δοκέω@viaa3s τις@rpnms ἀθλητής@nnmsc ἐν@p γαστήρ@ndfsc ἔχω@vnpa-- καί@cs δύο@ μέλας@ananp- θηλυκός@ananp- βρέφος@nanpc τίκτω@vnaa-- τυφλός@annms- γίγνομαι@viam3s καί@cs ὁ@dnfp κόρη@nnfpc αὐτός@rpgms προπίπτω@viaa3p καί@cs γίγνομαι@viam3p μέλας@annfp-"
"Oneir._5.45","δοκέω@viaa3s τις@rpnms ἀνήρ@nnmsc παγκρατιαστής@nnmsc πρός@p ἀγών@namsc τίκτω@vnra-- καί@cs ὁ@dans ἑαυτοῦ@rpgms βρέφος@nansc τιθηνέω@vnpe-- λείπω@viap3s ἐκεῖνος@anams- ὁ@dams ἀγών@namsc καί@cs ὁ@dgns λοιπός@angns- καταλύω@viaa3s ὁ@dafs ἄθλησις@nafsc οὐ@b γάρ@x ἀνήρ@ngmsc ἔργον@nanpc ἀλλά@cs γυνή@ngfsc ὑπομένω@vnpa-- δοκέω@viia3s"
"Oneir._5.46","δοκέω@viaa3s τις@rpncs ὑπό@p ὁ@dgfs ἑαυτοῦ@rpgms μήτηρ@ngfsc πάλιν@b τίκτω@vnpe-- ἀπό@p ξένη@ngfsc ἀνακομίζω@vpapnms εἰς@p ὁ@dafs ἑαυτοῦ@rpgms καταλαμβάνω@viaa3s ὁ@dafs μήτηρ@nafsc νοσέω@vppaafs καί@cs ἀπολαύω@viaa3s οὗτος@rpnns εἰμί@viia3s ὁ@dnns ὑπό@p αὐτός@rpgfs γεννάω@vnpe-- ὁ@dnns ἐκ@p πενία@ngfsc εἰς@p εὐπορία@nafsc καθίστημι@vnaa-- ὑπό@p ὁ@dgfs μήτηρ@ngfsc καί@b γάρ@b τυγχάνω@viaa3s ἐν@p πολύς@andfs- ἔνδεια@ndfsc καί@cs πενία@ndfsc εἰμί@vppanms"
"Oneir._5.47","δοκέω@viaa3s τις@rpncs ὁ@dans γένειον@nansc ὁ@dans ἑαυτοῦ@rpgms καίω@vnpe-- λαμπρός@andns- καί@cs καθαρός@andns- πῦρ@ndnsc οὗτος@rpgms ὁ@dnms υἱός@nnmsc γίγνομαι@viam3s διάσημος@annms- καί@cs λαμπρός@annms- ἐν@p μαντικός@andfs- οὐ@b μήν@b ἐπί@p πολύς@anans- συγγίγνομαι@viam3p ἀλλήλων@rpdmp ἀλλά@cs ὑπό@p περίστασις@ngfsc τις@angfs- χωρίς@p ἀλλήλων@rpgmp γίγνομαι@viam3p ἐπίσημον@anams- γάρ@b αὐτός@rpgms ποιέω@viia3s ὁ@dams υἱός@namsc ὁ@dans καίω@vppeans γένειον@nansc ὁ@dnms γάρ@b παῖς@nnmsc πατήρ@ngmsc κόσμος@nnmsc ὥσπερ@cs ὁ@dnms πώγων@nnmsc πρόσωπον@ngnsc ἐπεί@cs δέ@b ὁ@dnns πῦρ@nnnsc μειόω@vppanns φύω@vira3s πᾶς@anafs- ὕλη@nafsc οὐ@b παραμένω@viaa3s αὐτός@rpdms ὁ@dnms παῖς@nnmsc χωρίζω@viap3s δέ@cs οὐ@b ἀποθνήσκω@vpaanms διά@p ὁ@dans ἄνευ@p καπνός@ngmsc ὁ@dans πῦρ@nansc λάμπω@vnpa--"
"Oneir._5.48","ἀνήρ@nnmsp παγκρατιαστής@nnmsc ὀλύμπιος@ananp- μέλλω@vppanms ἀγωνίζομαι@vnpe-- πάλη@nafsc ἅμα@b καί@cs παγκράτιον@nansc δοκέω@viaa3s ἀμφότερος@anafp- ὁ@dafp χείρ@nafpc αὐτός@rpgms χρύσεος@anafp- γίγνομαι@vnra-- οὐδέτερος@anans- ὁ@dgmp στέφανος@ngmpc αἴρω@viam3s μέλλω@viia3s γάρ@b ὥσπερ@cs χρύσεος@andfp- ὁ@ddfp χείρ@ndfpc ἀργός2@ndfpc καί@cs ἀκίνητος@andfp- χράω2@vnfm--"
"Oneir._5.49","δοκέω@viaa3s τις@rpncs μεταμορφόω@vpapnms ἀρκτόχειρ@nnmsc γίγνομαι@vnra-- καταδικάζω@vpapnms ὁ@dafs ἐπί@p θάνατος@ndmsc θηραμαχέω@viaa3s καί@cs προσδέω@vpapnms ξύλον@ndnsc φθείρω@viap3s ὑπό@p ἄρκτος@ngfsc ἐπειδάν@cs γάρ@b φωλεύω@vspa3s ὁ@dnfs ἄρκτος@nnfsc ὁ@ddns στόμα@ndnsc ἐμβάλλω@vpaanfs ὁ@dafs χείρ@nafsc ὥσπερ@cs ἐσθίω@vppanfs ἀπομυζάω@vipa3s καί@cs τρέφω@vipe3s"
"Oneir._5.50","δοκέω@viaa3s τις@rpnms ἐπί@p ξένη@ngfsc διάγω@vppanms κατά@p πρεσβεία@nafsc εἰς@p ὁ@dafs οἰκεῖος@anafs- ἀποστρέφω@vnap-- εἶτα@cs παρίστημι@vpaaafs αὐτός@rpdms ὁ@dafs γυνή@nafsc λέγω3@vnpa-- μοῦσα@nnfsp ὁ@dnfs μικρός@annfs- ἀποθνῄσκω@viaa3s ἐπιστέλλω@viap3s αὐτός@rpdms ὑπό@p ὁ@dgfs γυνή@ngfsc ὅτι@cs ὁ@dnms νέος@annmss αὐτός@rpgms ὁ@dgmp παῖς@ngmpc ἀποθνῄσκω@viaa3s ἡδύς@annms- γάρ@b ὁ@dnms παῖς@nnmsc εἰμί@viia3s καί@cs ποθεινός@annms- ὡς@cs ὁ@dnfp μοῦσα@nnfpp"
"Oneir._5.51","δοκέω@viaa3s τις@rpncs ἀκούω@vnpa-- τις@rpgcs ὁ@dans βάκτρον@nansc αὐτός@rpgms κατεάσσω@vnre-- νοσέω@viaa3s καί@cs παραλύω@viap3s ὁ@dnns ἔρεισμα@nnnsc γάρ@b ὁ@dgns σῶμα@ngnsc δηλόω@viie3s ὑπό@p ὁ@dgns βάκτρος@ngnsc οὗτος@rpnns εἰμί@vipa3s ὁ@dnfs ῥώμη@nnfsc καί@cs εὐεξία@nnfsc ὁ@dgns σῶμα@ngnsc ὁ@dnms αὐτός@rpnms ἀνιάω@vppenms καί@cs δυσφορέω@vppanms ἐπί@p ὁ@ddfs παραλύω@ndfsc χρόνιος@andfsc γίγνομαι@vppedfs δοκέω@viaa3s ὁ@dans βάκτρον@nansc αὐτός@rpgms κατεάσσω@vnre-- αὐτίκα@b μάλα@b ἀναρρώννυμι@viap3s οὐκέτι@b γάρ@b μέλλω@viia3s δεῖ@vnfa-- ἔρυμα@ngnsc"
"Oneir._5.52","δοκέω@viaa3s τις@rpnms ἀδελφός@namsc ἔχω@vppanms ἀποδημέω@vppaams ἐπιστέλλω@vpaaams ἑκάστοτε@b ὡς@b ἔρχομαι@vpfmams τυφλός@anams- γίγνομαι@vpamams αὐτός@rpgms ὁ@dams ἀδελφός@namsc πάρειμι@vnpa-- ἀποθνῄσκω@viaa3s ὁ@dnms εἶδον@vpaanms ὁ@dams ὄνειρος@namsc εἰκότως@b ἐπεί@cs οὐ@b οἷος@annms- τε@b εἰμί@viia3s αὐτός@rpams ὁ@dnms ἀδελφός@nnmsc θεάομαι@vnam--"
"Oneir._5.53","δοκέω@viaa3s τις@annfs- γυνή@nnfsc ὁ@dafs ἐμπλέκω@vppaafs αὐτός@rpafs θεράπαινα@nafsc ὁ@dafs εἰκών@nafsc αὐτός@rpgfs ὅς@rpafs ἔχω@viia3s ἐπί@p πίναξ@ndmsc γράφω@vpreafs καί@cs ὁ@danp ἱμάτιον@nanpc αὐτός@rpgfs χράω2@vnam-- παρά@p αὐτός@rpgfs ὡς@b εἰς@p πομπή@nafsc παρελαύνω@vpfmafs αὐτίκα@b ὁ@dnfs θεράπαινα@nnfsc ὁ@dams τε@b ἀνήρ@namsc ἀφίστημι@viaa3s αὐτός@rpgfs ὑποδιαβάλλω@vppanfs καί@cs ζημιόω@ngfpc καί@cs πομπεία@ngfpc γίγνομαι@viam3s αὐτός@rpdfs αἰτία@nnfsc"
"Oneir._5.54","δοκέω@viaa3s τις@rpnms ὁ@dams ἕτερος@anams- ὁ@dgmp ὦμος@ngmpc εἶδον@vnaa-- βούλομαι@vppenms μή@b δύναμαι@vnpe-- μονόφθαλμος@annms- γίγνομαι@viam3s καί@cs οὗτος@anams- ὁ@dams τρόπος@namsc κατά@p ἐκεῖνος@anams- ὁ@dams ὦμος@namsc ὀφθαλμός@namsc οὐ@b ἔχω@vppanms οὐ@b δέ@cs ὁ@dams ὦμος@namsc εἶδον@vnaa-- δύναμαι@viam3s"
"Oneir._5.55","δρομεύς@nnmsp ἐν@p ὀλυμπία@ndfsp παῖς@ngmpc στάδιον@nansc στεφανόω@vprenms μέλλω@vppanms ἕτερος@anams- ἀγών@namsc ἀγωνίζομαι@vnpe-- δοκέω@viaa3s ἐν@p ὁ@ddms ὀλυμπικός@andms- στέφανος@ndmsc ὥσπερ@cs ἐν@p λεκάνῃ@ndfsc ὁ@damp πούς@nampc νίζω@vnpe-- λείπω@viap3s ἐκεῖνος@anams- ὁ@dams ἀγών@namsc καί@b ἄδοξος@b ὁ@dgns στάδιον@ngnsc καταισχύνω@viaa3s γάρ@b ὁ@dams πρότερος@anams- στέφανος@namsc"
"Oneir._5.56","δοκέω@viaa3s τις@rpnms ἐπί@p βοῦς@ngmsc μέλας@angms- ὀχέω@vnpe-- ὁ@dams δέ@x βοῦς@namsc ἀέκων@anams- φέρω@vnpa-- αὐτός@rpams ἤ1@cs ἄλλος@anans- τις@rpans κακός@anans- ἐργάζομαι@vnae-- τυγχάνω@viaa3s πλέω@vppanms καί@b ἐκεῖνος@angfs- ὁ@dgfs ἡμέρα@ngfsc ἐν@p κίνδυνος@ndmsc γίγνομαι@viam3s μέγας@andms- καί@cs οὐ@b μετά@p πολύς@anafp- ἡμέρα@nafpc ναυάγιον@ndnsc περιπίπτω@vpaanms ὁ@dgfs ναῦς@ngfsc ἀπόλλυμι@vppegfs μόλις@b σώζω@viap3s ὡς@cs δέ@b ἔοικα@vira3p ναῦς@nafpc τε@b καί@cs βοῦς@nnmsc ἐν@p ὁ@ddfs δεύτερος@andfs- βίβλος@ndfsc ἐρῶ@vire3s ἐγώ@rpdms"
"Oneir._5.57","δοκέω@viaa3s τις@rpncs ἀετός@namsc ὁ@danp σπλάγχνον@nanpc αὐτός@rpgms ὁ@ddmp ὄνυξ@ndmpc ἀναείρω@vpaaams φέρω@vnpa-- διά@p ὁ@dgfs πόλις@ngfsc εἰς@p ὁ@dans θέατρον@nansc ὄχλος@ngmsc εἰμί@vppaans πλήρης@anans- καί@cs ἐπιδείκνυμι@vnpa-- ὁ@ddmp θεατής@ndmpc εἰμί@vppadms αὐτός@rpdms ἄπαις@ndmsc ἐπί@p οὗτος@andms- ὁ@ddms ὄνειρος@ndmsc γίγνομαι@viam3s παῖς@nnmsc διάσημος@annms- καί@cs λαμπρός@annms- ἐν@p ὁ@ddfs πόλις@ndfsc ὁ@dnms μέν@b γάρ@b ἀετός@nnmsc ὁ@dans ἔτος@nansc σημαίνω@viia3s ἐν@p ὅς@rpdns μέλλω@viia3s αὐτός@rpdms ὁ@dnms παῖς@nnmsc τίκτω@vnap-- ὁ@danp δέ@b σπλάγχνον@nanpc ὁ@dams παῖς@namsc οὕτως@b γάρ@b καί@b ὁ@dams παῖς@namsc καλέω@vnfa-- ἔθος@nnnsc εἰμί@vipa3s ὁ@dnfs δέ@cs φορά@nnfsc ὁ@dnfs εἰς@p ὁ@dans θέατρον@nansc ὁ@dans λαμπρός@anans- καί@cs ἐπίσημον@nansc ὁ@dgms παῖς@ngmsc σημαίνω@viia3s"
"Oneir._5.58","δοκέω@viaa3s τις@rpncs ἐπί@p μάκρα@ngfsc μεστός@angfs- αἷμα@ngnsc ἀνθρώπινος@angns- βαστάζω@vppenms φέρω@vnpe-- ὑπό@p τις@rpgmp καί@cs ἐσθίω@vnpa-- πήγνυμι@vpraans ὁ@dans αἷμα@nansc εἶτα@cs συναντάω@vpaaafs αὐτός@rpdms ὁ@dafs μήτηρ@nafsc λέγω3@vnpa-- ὦ@i τέκνον@nvnsc ἄτιμος@anvns- ἐγώ@rpacs ποιέω@viaa2s ἔπειτα@b δέ@b ἀποτίθημι@vpamgmp αὐτός@rpams ὁ@dgmp φέρω@vppagmp οἴκαδε@b ἀφικνέομαι@vnre-- δοκέω@viia3s ἀπογράφω@viam3s εἰς@p μονόμαχος@nampc καί@cs πολύς@andnp- ἔτος@ndnpc τοξεύω@viia3s ἀπότομος@anafs- πυγμή@nafsc ὁ@dnns τε@b γάρ@b ἀνθρώπινος@annns- αἷμα@nnnsc ἐσθίω@vnpa-- ὁ@dafs ἀπό@p αἷμα@ngnsc ἀνθρώπινος@angns- ὠμός@anafs- τε@b καί@cs ἀνόσιος@anafs- σημαίνω@viia3s αὐτός@rpgns τροφή@nafsc καί@b ὁ@dnfs ὁ@dgfs μήτηρ@ngfsc φονή@nnfsc ὁ@dafs ἀτιμία@nafsc ὁ@dgms βίος@ngmsc προμαντεύομαι@viie3s καί@cs ὁ@dams ἀεί@b καί@cs συνεχής@b γίγνομαι@vppeams κίνδυνος@namsc σημαίνω@viia3s ὁ@dans ἐπί@p ὁ@dgfs μάκρα@ngfsc φέρω@vnpe-- ὁ@dnnp γάρ@b ἐκεῖ@b τίθημι@vppeanp πάντως@b δαπανάω@vipe3s καί@b τυγχάνω@vpaaans ἄν@b ἀποθνῄσκω@viaa3s ἐν@p ὁ@ddmp μονόμαχος@ndmpc εἰ@cs μή@b κατατίθημι@vpapnms εἰς@p ὁ@dams οἶκος@namsc ἔρχομαι@viaa3s ὁ@dams ἑαυτοῦ@rpgms ὀψέ@b γάρ@b σπεύδω@vpaagmp τις@rpgmp αὐτός@rpdms ἀφίημι@viap3s ὁ@dgmp μονόμαχος@ngmpc"
"Oneir._5.59","δοκέω@viaa3s τις@rpncs οὐρανόθεν@b πίπτω@vpamams ἀκόντιον@anams- τιτρώσκω@vnaa-- αὐτός@rpams εἰς@p ὁ@dams ἕτερος@anams- πούς@namsc οὗτος@rpnms ὑπό@p ὄφις@ngmsc δάκνω@vpapnms ὁ@dgns λέγω1@vppegns ἀκόντιον@angms- εἰς@p ὁ@dams πούς@namsc ἐκεῖνος@rpams σφακελίσω@vpaanms ἀποθνῄσκω@viaa3s"
"Oneir._5.60","δοκέω@viaa3s τις@rpnms ὑπό@p ζυγόν@nansc ἄγω@vpapnms ἅμα@p ὁ@ddms ἀδελφός@ndmsc πάλαι@b θνήσκω@vpradms ζεύγνυμι@vpapnms ὑπό@p ὁ@dgfs μήτηρ@ngfsc ὥσπερ@b τις@rpans ὑποζύγιον@anans- ἐλαύνω@vnpe-- ὁ@dgfs μήτηρ@ngfsc ἡνιοχέω@vppagfs ἔρχομαι@viaa3s παρά@p ὁ@dafs μήτηρ@nafsc κάμνω@vppanms καί@b ἀποθνήσκω@viaa3s καί@cs θάπτω@viap3s ὁμοῦ@b ὁ@ddms ἀδελφός@ndmsc καί@cs οὗτος@anafs- ὁ@dafs συνωρίς@nafsc ζεύγνυμι@viaa3s ἄθλιος@b ὁ@dnfs μήτηρ@nnfsc"
"Oneir._5.61","δόω@viaa3s τις@rpnms ὑπό@p ὁ@dgms ἀσκληπιός@ngmsp ξίφος@ndnsc πλήσσω@vpapnms εἰς@p ὁ@dafs γαστήρ@nafsc ἀποσθάλλω@vnaa-- οὗτος@rpdms ἀπόστημα@nnnsc γίγνομαι@viam3s κατά@p ὁ@dgfs γαστήρ@ngfsc καί@cs ἰάομαι@viam3s αὐτός@rpams ὁ@dnms ἀσκληπιός@nnmsp τομή@ndfsc χράω2@vpamnms"
"Oneir._5.62","δοκέω@viaa3s τις@rpncs ὁ@dans ἑαυτοῦ@rpgms αἰδοῖον@anans- ἄρτος@ndmsc καί@cs τυρός@ndmsc ψωμίζω@vnpa-- ὥσπερ@cs τις@rpans ζῷον@nansc κακός@b ἀποθνήσκω@viaa3s δεῖ@vppanns γάρ@b προσφέρω@vnpa-- ὁ@ddns στόμα@ndnsc ὁ@dafp τροφή@nafpc ὁ@ddns αἰδοῖος@andns- προσφέρω@viia3s ὥσπερ@cs αἰνίσσομαι@vppenms οὐ@b ἔχω@vnpa-- πρόσωπον@nansc οὐ@b δέ@cs στόμα@nansc"
"Oneir._5.63","δοκέω@viaa3s γυνή@nnfsc ἐκ@p ὁ@dgns στῆθος@ngnsc αὐτός@rpgfs ἐκφύω@vnra-- πυρός@ngfpc στάχυς@nampc καί@cs εἰς@p ὁ@dafs φύσις@nafsc αὐτός@rpgfs ἐπικλάω@vppeamp πάλιν@b καταδύω@vnpe-- οὗτος@rpnfs κατά@p περίστασις@nafsc ἀγνοέω@vppanfs ὁ@ddms ἑαυτοῦ@rpgfs παῖς@ndmsc μίγνυμι@viap3s ἔπειτα@b ἑαυτοῦ@rpafs τε@b ἀποσφάζω@viae3s καί@cs πονηρός@b ἀποθνῄσκω@viaa3s ὁ@dnmp μέν@b γάρ@b στάχυς@nnmpc ὁ@dams παῖς@namsc σημαίνω@viia3p ὁ@dnfs δέ@b εἰς@p ὁ@dafs φύσις@nafsc αὐτός@rpgfs κατάδυσις@nnfsc ὁ@dafs μίξις@nafsc ὁ@dams δέ@cs ἐπί@p αὐτός@rpdfs μόρος@namsc σημαίνω@viia3s ἐκφύω@vpraams ὁ@danp σπέρμα@nanpc ἀπό@p ὁ@dgns σῶμα@ngnsc αὐτός@rpgfs διά@p ὁ@dans γῆθεν@b καί@cs μή@b ἀπό@p ὁ@dgnp σῶμα@ngnpc ἐκφύω@vnpe--"
"Oneir._5.64","δοκέω@viaa3s τις@rpnms ἐν@p ὁ@ddms χιτών@ndmsc ὁ@ddms ἴδιος@andms- κόρις@nampc πάνυ@b πολύς@anamp- καί@cs μέγας@anamp- εὑρίσκω@vpaanms μυσάττομαι@vnpe-- καί@cs βούλομαι@vppenms ἀπορρίπτω@vnpa-- αὐτός@rpamp μή@b δύναμαι@vnpe-- ὁ@ddfs ὑστεραῖος@andfs- μανθάνω@vpaanms ὅτι@cs ὁ@dnfs γυνή@nnfsc αὐτός@rpgms μοιχεύω@vipe3s ἀνιάω@viap3s μέν@b οὐ@b ἀπαλλάσσω@viap3s δέ@b αὐτός@rpgfs διά@p τις@rpans γίγνομαι@vpamnns ἐμπόδιος@anans- σημαίνω@viia3s γάρ@b αὐτός@rpdms ὁ@dnms χιτών@nnmsc ὁ@dafs περιπλέκω@vppeafs αὐτός@rpdms γυνή@nafsc καί@cs ὁ@dnmp κόρις@nnmpc ὁ@dafs αἰσχύνη@nafsc ἐπεί@cs δέ@b οὐ@b οἷος@annms- τε@b εἰμί@viia3s βούλομαι@vppenms ἀφαιρέω@vnaa-- αὐτός@rpamp οὐ@b δέ@b ὁ@dgfs γυνή@ngfsc βούλομαι@vppenms ἀπαλλάσσω@vnap-- δύναμαι@viap3s"
"Oneir._5.65","δοκέω@viaa3s τις@rpnms ὁ@dans αἰδοῖον@nansc αὐτός@rpgms ἄχρι@p ἄκρα@angfs- ὁ@dgfs κορώνη@ngfsc τετριχόω@vnre-- καί@cs λάσιος@anans- εἰμί@vnpa-- πυκνός@angfp- πάνυ@b θρίξ@ngfpc αἰφνίδιος@anans- φύω@vppagfp ἀποπεφασμένος@vprenms κίναιδος@ngfsc γίγνομαι@viam3s πᾶς@andfs- μέν@b ἀκόλαστος@andfs- χαρίζομαι@vpamnms ἡδονή@ndfsc μόνος@andms- δέ@cs ὁ@ddns αἰδοῖος@andns- κατά@p νόμος@namsc ἀνήρ@ngmpc μή@b χράομαι@vppenms τοιγοροῦν@b οὕτως@b ἀργός2@annns- εἰμί@viia3s αὐτός@rpdms ὁ@dnns μέρος@nnnsc ἐκεῖνος@annns- ὡς@cs διά@p ὁ@dans μή@b τρίβω@vnpe-- πρός@p ἕτερος@anans- σῶμα@nansc καί@cs θρίξ@nafpc ἐκφύω@vnaa--"
"Oneir._5.66","δοκέω@viaa3s τις@rpncs λέγω3@vnpa-- αὐτός@rpdms τις@rpacs θύω@vmaa2s ὁ@ddms ἀσκληπιός@ndmsp ὁ@ddfs ὑστεραῖος@andfs- μέγας@andfs- συμφορά@ndfsc χράω2@viam3s καταφέρω@viap3s γάρ@b ἀπό@p ὄχημα@ngnsc περιστρέφω@vpapgns καί@cs συντρίβω@viap3s ὁ@dafs χείρ@nafsc ὁ@dafs δεξιά@anafs- καί@cs οὗτος@rpnns εἰμί@viia3s ἄρα@b ὅσπερ@rpans σημαίνω@viia3s αὐτός@rpdms ὁ@dnns ὄναρ@nnnsc δεῖ@vnpa-- φυλάσσω@vnpe-- καί@cs θύω@vnpa-- ἀποτρόπαιος@ananp- ὁ@ddms θεός@ndmsc"
"Oneir._5.67","δοκέω@viaa3s τις@rpncs κάτοπτρον@nansc ἔχω@vnpa-- κουρεύς@ngmsc ἵστημι@annms- ἐν@p ὁ@ddfs πλατύς@andfs- πλησίος@p ἀγορά@ngfsc καί@cs περί@p πολύς@angns- ποιέω@vnpe-- ὁ@dans κατοπτρίζω@vnpe-- ἐπί@p δέ@b οὗτος@rpdnp συγχωρέω@vpapnns αὐτός@rpdms καθοπτρίζομαι@viam3s καί@cs εἶτα@b ὁ@dafs εἰκών@nafsc αὐτός@rpgms πᾶς@anafs- μεστός@anafs- σπίλος@vppanms εἰμί@viia3s ἔρως@nnmsc ἑταίρα@ngfsc αὐτός@rpdms ὅς@rpafs οὐδείς@rpgms συγχωρέω@vppagms αὐτός@rpdms βία@nafsc λαμβάνω@vpaanms ἔχω@viaa3s καί@cs παῖς@nnmsc γίγνομαι@viam3s αὐτός@rpdmp ἐπίμωμος@annms- οὐ@b διά@p ὁ@dans γένος@nansc μόνος@anans- ἀλλά@cs ὅτι@cs καί@b διάστροφος@annms- εἰμί@viia3s ὁ@damp ὀφθαλμός@nampc ὁ@dnns δέ@b κάτοπτρον@nnnsc ὁ@dgms κουρεύς@ngmsc κοινός@anafs- σημαίνω@viia3s ὁ@dafs γυνή@nafsc καί@b πᾶς@andns- πρόκειμαι@vpreafs ὅστις@rpnfs οὐ@b εὐ@b μαρῶς@b χράω2@viam3s ὁ@ddms μοιχός@ndmsc κωλύω@viia3s γάρ@b ἄν@b ἄγω@vnam-- ὁ@dafs ἄνθρωπος@nafsc ἐπεί@cs δέ@b εἶδον@viaa3s ὁ@dafs ἑαυτοῦ@rpgms εἰκών@nafsc γίγνομαι@viam3s παῖς@nnmsc αὐτός@rpdms ὁ@danp μέν@b ἄλλος@rpanp ὅμοιος@annms- οὐ@b ἄμωμος@annms- δέ@cs ὅτι@cs καί@b σπίλος@nampc ἔχω@viia3s"
"Oneir._5.68","δοκέω@viaa3s τις@rpncs ἐν@p ὁ@ddns πρωκτός@ndnsc στόμα@nansc ἔχω@vnpa-- καί@cs ὀδούς@nampc μέγας@anamp- καί@cs καλός@anamp- καί@cs φωνή@nafsc ῥήγνυμι@vnpa-- διά@p αὐτός@rpgms καί@cs ἐσθίω@vnpa-- διά@p αὐτός@rpgms καί@cs ὅσος@rpnnp ὁ@ddns στόμα@ndnsc πράσσω@vipe3s πᾶς@ananp- ὅμοιος@ananp- ἔχω@vnpa-- ὑπό@p προπέτεια@ngfsc λόγος@ngmpc φεύγω@viaa3s ὁ@dafs ἑαυτοῦ@rpgms πατρίς@nafsc ἀπελαύνω@vpapnms ἐάω@vipa1s λέγω3@vnpa-- ὁ@dafp αἰτία@nafpc ἔοικα@vprannp γάρ@b καί@cs εὔλογος@annnp- εἰμί@viia3s ὁ@dnnp συμβαίνω@vpaannp"
"Oneir._5.69","δοκέω@viaa3s τις@rpnms ἐν@p ῥώμη@ndfsp διάγω@vppanms περί@p ὁ@dafs πόλις@nafsc ἵπταμαι@vnpe-- πλησίος@b ὁ@dgfp κεράμων@ngmpc καί@cs ἀγάλλω@vnpe-- μέν@b ἐπί@p ὁ@ddfs εὐτυχία@ndfsc θαυμάζω@vnpe-- δέ@b πρός@p πᾶς@angmp- ὁ@dgmp θεάομαι@vppegmp ὑπό@p δέ@cs πόνος@ngmsc τις@angms- καί@cs ὀδαξησμός@ngmsc ὁ@dgfs καρδία@ngfsc παύω@vnam-- ἵπταμαι@vppenms καί@cs ὑπό@p αἰδώς@ngfsc ἀποκρύπτω@vnpe-- θαυμάσιος@annms- ἀνήρ@nnmsc καί@cs διαφέρω@vppanms μάντις@nnmsc καί@cs ἐπίσημος@annms- ἐν@p ὁ@ddfs πόλις@ndfsc διατρίβω@vpaanms πορίζω@viae3s πολύς@ananp- σύν@p ὁ@ddns καί@b θαυμάζω@vnpe-- οὐ@b μήν@b ὀνίνημι@viam3s γε@b ὁ@dgfs μαντικός@angfs- οὐ@b δέ@cs ὁ@dgms πορισμός@ngmsc ὁ@dnfs γάρ@b γυνή@nnfsc αὐτός@rpams καταπροδίδωμι@vpaanfs ἀπόστερέω@viaa3s ὥστε@cs ὑπό@p αἰδώς@ngfsc μετανίστημι@vnaa--"
"Oneir._5.70","δοκέω@viaa3s τις@rpncs ἵπταμαι@vnpe-- μέλλω@vppanms ὑπό@p τις@rpgms ὁ@dgmp φίλος@angmp- κωλύω@vnre-- ὁ@dgms πούς@ngmsc ὁ@dgms δεξιός@angms- κατασχεθεῖν@vpapnms ὄνομα@nnnsc δέ@b ὁ@ddms φίλος@ndmsc ἰούλιος@nnmsp μέλλω@viia3s δέ@cs ὁ@dgfs ῥώμη@ngfsp ἀπανίστημι@vnfm-- καί@b δή@b παρασκευάζω@viam3s μέν@b ὁ@danp πρός@p ὁ@dafs ἀποδημία@nafsc ἄρτι@b δέ@cs ὁ@dgms ἰούλιος@ngmsp λέγω1@vppegms μείς@ngmsc ἐνίστημι@vpaagms ὑπό@p περίστασις@ngfsc κωλύω@viap3s καί@cs καταμένω@viaa3s οὐ@b μήν@b ὁ@dnfs καταμονή@nnfsc εἰς@p τέλος@nansc γίγνομαι@viam3s ὅτι@cs φίλος@nnmsc εἰμί@viia3s ὁ@dnms κατέχω@vpaanms"
"Oneir._5.71","δέρκομαι@viia3s τις@rpnms ἀνήρ@nnmsc νοσέω@vppanms εἰς@p ζεύς@ngmsp ἔρχομαι@vpaanms ἱερόν@nansc πυνθάνομαι@vnpe-- ὁ@dgms θεός@ngmsc φωνή@ndfsc χράω2@vpamnms οὗτος@andfs- ῥαίω@annfsc εἰμί@vifm1s ζάω@vifa1s καί@b ὁ@dnms ζεύς@nnmsp εἶπον@viaa3s μέν@b πρός@p αὐτός@rpams οὐδείς@rpans ἐπινεύω@viaa3s δέ@cs ὁ@ddfs κεφαλή@ndfsc εἰς@p ὁ@dafs ὑστεραῖος@anafs- ἀποθνήσκω@viaa3s καί@b μάλα@b εἰκότως@b εἰς@p γῆ@nafsc γάρ@b βλέπω@viia3s νεύω@vppanms κάτω@b ὁ@dnms θεός@nnmsc"
"Oneir._5.72","νοσέω@vpaanfs γυνή@nnfsc δοκέω@viaa3s ἐπέρομαι@vnam-- ὁ@dafs ἀφροδίτη@nafsp εἰ@cs ζάω@voaa3s καί@b ὁ@dnfs θεός@nnfsc ἀνανεύω@viaa3s καί@cs οὐδείς@rpans ἥσσων@anansc ζάω@viaa3s ὁ@dnfs γυνή@nnfsc ὁ@dnns γάρ@b ἐναντίον@annns- σχῆμα@nnnsc ὁ@ddns πρίν@b σωτήριος@annns- εἰμί@viia3s"
"Oneir._5.73","δοκέω@viaa3s γυνή@nnfsc τέκνον@ngnpc γλίχομαι@vppenfs δίφρος@nampc ὁράω@vnpa-- λοχεῖος@anamp- ἑπτὰ@ ὁ@ddfs θάλασσα@ndfsc ἐπιπλέω@vppaamp κυέω@vnpa-- μέν@b αὐτός@rpdfs συμβαίνω@viaa3s μήτηρ@nnfsc δέ@cs οὐ@b γίγνομαι@viam3s ἀλλά@cs ὁ@dnmp ἑπτὰ@an---- ὅς@rpamp τίκτω@viaa3s παῖς@nnmpc ἀποθνήσκω@viaa3p πρό@p ὣρα@ngfsc ἔτι@b ἐν@p σπάργανον@ndnpc"
"Oneir._5.74","δοκέω@viaa3s τις@rpnms μεταμορφόω@vpapnms δένδρον@nansc γίγνομαι@vnam-- παμμεγέθης@anans- δικρόος@vppaans καί@cs ὁ@dans μέν@b ἕτερος@anans- μέρος@nansc εἰμί@vnpa-- λεύκη@nafsc ὁ@dans δέ@b ἕτερος@anans- πίτυς@namsc ἔπειτα@b ὁ@ddfs μέν@b λεύκη@ndfsc παντοδαπός@anamp- ὄρνις@nampc ἐφιζάνω@vnpa-- ὁ@ddfs δέ@cs πίτυς@ndfsc λάρος@nampc καί@cs αἴθυια@nafpc καί@cs ὅσος@annnp- ἄλλος@rpnnp εἰμί@vipa3s θαλάσσιος@annnp- ὄρνεον@nanpc γίγνομαι@viam3p αὐτός@rpdms παῖς@nn-pc δύο@an---- ὅς@rpgmp ὁ@dnms μέν@b ἕτερος@annms- ὁρμάω@viaa3s διά@p ὁ@dafs λεύκη@nafsc καί@b περινοστέω@angmp- παντοδαπής@angmp- ἄνθρωπος@ngmpc καί@cs μή@b ὁμόφυλος@angmp- ἀνέχω@viam3s ὁ@dnms δέ@cs ἕτερος@annms- καίπερ@b εἰμί@vppanms γεωργός@ngmsc παῖς@nnmsc ναύκληρος@nnmsc γίγνομαι@viam3s καί@cs ὁ@dgmp οὐ@b ἄσημος@b πλέω@vpaagmp αὐτός@rpnms δέ@b ὁ@dnms εἶδον@vpaanms ὁ@dams ὄνειρος@namsc μακρογήρως@b καί@cs λιπαρός@b καταβιόω@viaa3s"
"Oneir._5.75","δοκέω@viaa3s τις@rpnms παῖς@namsc παγκρατιαστής@namsc εἰς@p ὀλύμπιος@nanpp ἀνάγω@vpaanms καταδικάζω@vnre-- ὁ@dafs ἐπί@p θάνατος@ndmsc ὁ@dams παῖς@namsc σφάζω@vpfmams δῆθεν@b ἐπί@p ὁ@dgms βωμός@ngmsc ὁ@dgms ζεύς@ngmsp αὐτός@rpnms δέ@cs κατολοφύρομαι@vpamnms καί@cs πολύς@ananp- ἱκετεύω@vpaanms παραιτέομαι@viam3s μή@b ἀποθνήσκω@vnaa-- ὁ@dams παῖς@namsc ἐγκρίνω@viap3s ὁ@dnms παῖς@nnmsc καί@cs ἀγωνίζομαι@viam3s καί@cs ἐν@p ἐλπίς@ndfsc μέγας@andfs- ὁ@dgns νικάω@vnpa-- γίγνομαι@vpamnms λείπω@viap3s εἰκότως@b οὐ@b τε@b γάρ@b ἐν@p τελευτή@ndfsc γίγνομαι@viam3s οὗτος@rpnns εἰμί@vipa3s ἐν@p συμπέρασμα@ndnsc ὁ@dgns νικάω@vnpa-- οὐ@b τε@cs μήν@b δημόσιος@angfs- τυγχάνω@viaa3s τιμή@ngfsc ὡς@cs γάρ@b ἔοικα@vpranns ὁ@dnmp προθύω@vppenmp δημοσίᾳ@b μέγας@angfp- τιμή@ngfpc ἀξιόω@vipe3p κατά@p ὁ@danp αὐτός@rpanp δέ@cs καί@b ὁ@dnmp ὀλυμπιονίκης@nnmpp"
"Oneir._5.76","δοκέω@viaa3s τις@rpnms εἰς@p ὀλύμπιος@nanpp ἀνάγω@vpaanms παῖς@namsc παλαιστής@namsc πρός@p ὁ@dgmp ἑλλανοδίκης@angnp- ἀποσφάζω@vpapams ὁ@dams παῖς@namsc ὁ@ddns στάδιον@ndnsc ἐνθάπτω@vnre-- γίγνομαι@viam3s ὁ@dnms παῖς@nnmsc ὀλυμπιονίκης@ngfsp εἰκότως@b καί@b γάρ@b ἐπιγραφή@ngfsc ἀκόλουθος@annns- εἰμί@vipa3s ὁ@dams ἀποθνήσκω@vpaaams τυγχάνω@vnaa-- ὡς@cs καί@b ὁ@dams ὀλυμπιονίκης@namsp καί@b μακάριος@anams- λέγω3@vnpe--"
"Oneir._5.77","δοκέω@viaa3s τις@rpncs λέγω3@vnpa-- αὐτός@rpdms τις@rpacs ἀποθνήσκω@vnaa-- μέν@b μή@b φοβέω@vmpe2s ζάω@vnpa-- δέ@b οὐ@b δύναμαι@vipe2s τυφλός@annms- γίγνομαι@viam3s ὀρθός@b καί@cs κατά@p λόγος@namsc ἀποβαίνω@vpaagms αὐτός@rpdms ὁ@dgns τοιοῦτος@rpgms οὐ@b θνήσκω@vila3s μέν@b γάρ@x παρά@p ὅσος@anans- ζάω@viia3s οὐ@b ζάω@viia3s δέ@cs παρά@p ὅσος@anans- οὐ@b βλέπω@viia3s ὁ@dnns φάος@nnnsc"
"Oneir._5.78","δρομεύς@nnmsp μέλλω@vppanms ἱερόν@anams- ἀγών@namsc ἀγωνίζομαι@vnpe-- δοκέω@viaa3s κεράμιον@nansc ἔχω@vppanms ἐπί@p κρήνη@nafsc ἀφικνέομαι@vnre-- ἀρύω@vpfmnms ὕδωρ@nansc καί@b ἕως@cs ἀφικνέομαι@viie3s ἐπί@p ὁ@dafs κρήνη@nafsc ῥέω@viia3s ὁ@dans ὕδωρ@nansc ἄρτι@b δέ@b πρόσειμι1@vppagms αὐτός@rpgms καί@cs βούλομαι@vppegms λαμβάνω@vnaa-- παύω@viam3s ῥέω@vppaans ἐπεί@cs δέ@b διαλείπω@vpaanms πάλιν@b πρόσειμι1@viia3s πάλιν@b ὅμοιος@b ῥέω@vppaans ἄρτι@b πρόσειμι1@vppagms παύω@viam3s καί@cs τρίτος@anans- ὅμοιος@b τέλος@nansc δέ@b καί@b παντελής@b ἐκλείπω@viaa3s ὥστε@cs ὀργίζω@vpapams ῥήγνυμι@vnaa-- τε@cs καί@cs κατεάσσω@vnaa-- ὁ@dans κεράμιον@nansc τρέχω@vpaanms ἐκ@p ἴσος@angfs- ἄλλος@rpdms καίπερ@b εἰμί@vppagfs ῥοπή@ngfsc τις@angfs- κατά@p αὐτός@rpams πλείων@angfsc πάλιν@b ἀναγκάζω@viap3s τρέχω@vnpa-- καί@b δεύτερος@anans- συναιρέω@vpaanms ὁ@ddms ἀνταγωνιστής@ndmsc ὁ@danp τέρμα@nanpc τρίτος@anans- τρέχω@viaa3s καί@cs πολύς@angfs- γίγνομαι@vpamgfs ὁ@dgfs κατά@p αὐτός@rpams ῥοπή@ngfsc ἀφαιρέω@viap3s ὁ@dgms στέφανος@ngmsc τυγχάνω@viaa3s γάρ@b σπεύδω@vppanms ὁ@ddms ἀνταγωνιστής@ndmsc ὁ@dnms ὁ@dams ἀγών@namsc ἐπιτελέω@vppanms πάρειμι1@viia3s δέ@b εἰκάζω@vnpa-- ὁ@dafs μέν@b κρήνη@nafsc ὁ@ddms ἀγών@ndmsc ὁ@dams δέ@b ὀχετός@namsc ὁ@ddms ἀγωνοθέτης@ndmsc ὁ@dans δέ@b ὕδωρ@nansc ὁ@ddms στέφανος@ndmsc ὁ@dans δέ@cs κεράμιον@nansc ὁ@ddfs ἄσκησις@ndfsc καί@cs ὁ@dafs ἀποτυχία@nafsc ὁ@dgns ὕδωρ@ngnsc διά@p ὁ@dams οὐ@b παρέχω@vppaams ὀχετός@namsc ὁ@ddfs ἀποτυχία@ndfsc ὁ@dgms στέφανος@ngmsc διά@p ὁ@dams κατασπεύδω@vppaams ἀγωνοθέτης@namsc ὁ@dafs δέ@cs μάταιος@anafs- ἄσκησις@nafsc ὁ@ddfs ὁ@dgns κεράμιον@ngnsc κατάγω@ndfsc"
"Oneir._5.79","δρομεύς@nnmsp μέλλω@vppanms ἀγωνίζομαι@vnpe-- ἱερόν@anams- ἀγών@namsc δοκέω@viaa3s ὀχετός@namsc ὕδωρ@ngnsc ἔμπλεος@angnp- κόπρος@angns- καί@cs βόρβορος@ngnsc λαμβάνω@vpaanms κόρηθρον@nansc ἐκκαθαίρω@vnpa-- καί@cs καταπλύνω@vnpa-- ὕδωρ@ndnsc πολύς@andns- ὅπως@cs εὔρους@anams- τε@cs καί@cs καθαρός@anams- ἀποδείκνυμι@voaa3s ὁ@ddfs ὑστεραῖος@ananp- κλυστήρ@namsc προστίθημι@vpamnms καί@cs ὑπεξάγω@vpaanms ὁ@dgfs ἑαυτοῦ@rpgms γαστήρ@ngfsc ὁ@danp σκύβαλον@nanpc καίπερ@b ἐγγύς@b εἰμί@vppanms ὁ@dgms ἀγών@ngmsc εὔπους@annms- τε@b καί@cs κοῦφος@annms- γίγνομαι@vpamnms στεφανόω@viap3s"
"Oneir._5.80","δοκέω@viaa3s τις@annfs- γυνή@nnfsc ὁ@dams ἑαυτοῦ@rpgfs ἐραστής@namsc χοιρεία@anafs- αὐτός@rpdfs κεφαλή@nafsc δωρέω@vnpe-- μισέω@viaa3s ὁ@dams ἐραστής@namsc καί@cs καταλείπω@viaa3s αὐτός@rpams ἀναφρόδιτος@annms- γάρ@b ὁ@dnms χοῖρος@nnmsc"
"Oneir._5.81","δοκέω@viaa3s τις@annms- κύκλιος@nnmsc αὐλητής@nnmsc ὁ@danp πέλμα@nanpc ὁ@dgmp πούς@ngmpc αὐτός@rpgms εὐλοκοπέω@vnre-- καταλύω@viaa3s καί@cs παύω@viam3s αὐλός@vppanms τε@b καί@cs ἀγωνίζομαι@vppenms καί@cs οὕτως@b ἀργός2@andmp- χράω2@viam3s ὁ@ddmp πούς@ndmpc ὥσπερ@b εὐλοκτέω@vppedmp οὐκέτι@b βαίνω@vppanms ἐν@p ὁ@ddns κατά@p σκηνή@nafsc ἔργον@ndnsc"
"Oneir._5.82","δοκέω@viaa3s τις@rpncs ὁ@damp συμβιώτης@nampc καί@cs φράτηρ@nampc αὐτός@rpgms ἐφίστημι@vpaaamp αἰφνίδιος@nansc λέγω3@vnpa-- αὐτός@rpdms ὑποδέχομαι@vnaa-- ἐγώ@rpafp καί@cs δείπνίζω@vmaa2s αὐτός@rpnms δέ@b λέγω3@vnpa-- ὡς@cs ὁ@dams χαλκός@namsc οὐ@b ἔχω@vipa1s οὐ@b δέ@cs ὅθεν@b σύ@rpacp ὑποδέχομαι@vifm1s ἔπειτα@b ἀπελαύνω@vnra-- αὐτός@rpamp ὁ@ddfs ὑστεραῖος@ananp- περιπίπτω@vpaanms ναυάγιον@ndnsc καί@cs εἰς@p ἔσχατος@anams- ἔρχομαι@vpaanms κίνδυνος@namsc μόλις@b σώζω@viap3s εἰκότως@b ἀποβαίνω@vpaagms αὐτός@rpdms καί@cs κατά@p λόγος@namsc ὁ@dgms ὄνειρος@ngmsc ἔθος@nnnsc μέν@b γάρ@b ὁ@ddmp συμβιώτης@ndmpc καί@b εἰς@p ὁ@danp ὁ@dgmp ἀποθνήσκω@vpaagmp εἰσέρχομαι@vnpa-- καί@cs δειπνέω@vnpa-- ὁ@dnfs δέ@cs ὑποδοχή@nnfsc λέγω3@vipe3s γίγνομαι@vnam-- ὑπό@p ὁ@dgms ἀποθνήσκω@vpaagms κατά@p τιμή@nafsc ὁ@dafs ἐκ@p ὁ@dgmp συμβιωτής@ngmpc εἰς@p ὁ@dams ἀποθνήσκω@vpaaams ὁ@dnms δέ@b οὐ@b ὑποδέχομαι@vpamnms αὐτός@rpamp εἰκότως@b ὁ@dams κίνδυνος@namsc σημαίνω@viia3s εἰ@cs δέ@b αὐτός@rpnms οὐ@b ὑφίστημι@viaa3s ὁ@dafs ὑποδοχή@nafsc εἰκότως@b σώζω@viap3s ὁ@dnmp μέν@b γάρ@b ἐφίστημι@vppanmp καί@cs μύω@vppanmp αὐτός@rpgmp ὁ@dafs ὑποδοχή@nafsc ὠθέω@viie3s ὁ@dnns δέ@b ναυάγιον@nnnsc ὅτι@cs κατά@p ἀπορία@nafsc χρῆμα@ngnpc αὐτός@rpamp ἀπελαύνω@viaa3s"
"Oneir._5.83","δοκέω@viaa3s τις@rpncs ἄρτος@namsc ἀποάπτω@vppanms εἰς@p μέλι@nansc ἐσθίω@vnpa-- ἐπί@p λόγος@nampc φιλοσοφικός@anamp- ὁρμάω@vpaanms καί@b ὁ@dafs ἐν@p αὐτός@rpdnp σοφία@nafsc πορίζω@viam3s καί@cs περιβάλλω@viam3s χρῆμα@nanpc πολύς@ananp- σημαίνω@viia3s γάρ@b ὁ@dnns μέλι@nnnsc ὁ@dafs εὐέπεια@nafsc ὁ@dgfs σοφία@ngfsc ὡς@cs εἰκός@vpranns ὁ@dams πορισμός@namsc δέ@cs ὁ@dnms ἄρτος@nnmsc"
"Oneir._5.84","δοκέω@viaa3s τις@rpncs ἐκ@p ὁ@dgns στῆθος@ngnsc αὐτός@rpgms φύω@vnra-- στάχυς@nampc πυρός@ngfpc ἔπειτα@b προσέρχομαι@vpaaams τις@rpams ἀποσπάω@vnaa-- ὁ@damp στάχυς@nampc ὡς@cs οὐ@b πρέπω@vppaamp αὐτός@rpdms τυγχάνω@viaa3p αὐτός@rpdms παῖς@nnmpc εἰμί@vppanmp δύο@an---- καί@cs ἀποθνήσκω@viaa3p συμφορά@ndfsc χράω2@vpamnmp πονηρός@andfs- λῃστήριον@nnnsc γάρ@b ἐπέρχομαι@vpaanns οἰκέω@vppadmp αὐτός@rpdmp ὁ@dams ἀγρός@namsc διαφθείρω@viaa3s αὐτός@rpamp σημαίνω@viia3p γάρ@b ὁ@dnmp μέν@b στάχυς@nnmpc ὁ@damp παῖς@nampc ὁ@dnfs δέ@cs ἀφαίρεσις@nnfsc ὁ@dafs ἀναίρεσις@nafsc ὁ@dgmp παῖς@ngmpc"
"Oneir._5.85","δοκέω@viaa3s τις@rpnms δοῦλος@nnmsc παρά@p ὁ@dgfs δέσποινα@ngfsc ᾠόν@namsc λαμβάνω@vnaa-- ἑφθός@anams- καί@cs ὁ@dans μέν@b λεπύριον@nansc ἀπορρίπτω@vnaa-- ὁ@ddms δέ@cs ᾠόν@ndmsc καταχράω@vnam-- οὗτος@rpgns ὁ@dnfs δέσποινα@nnfsc τυγχάνω@viaa3s ἔγκυος@nnfsc εἰμί@vppanfs ἔπειτα@b γεννάω@viaa3s παιδάριον@nansc καί@b αὐτός@rpnfs μέν@b ἀποθνήσκω@viaa3s ὁ@dans δέ@cs βρέφος@nansc λαμβάνω@vpaanms ὁ@dnms εἶδον@vpaanms ὁ@dams ὄνειρος@namsc ἀνατρέφω@viam3s κελεύω@vpapnms πρός@p ὁ@dgms ἀνήρ@ngmsc ὁ@dgfs δέσποινα@ngfsc οὕτως@b ὁ@dnns μέν@b περιέχω@vppanns ἀπορρίψιμος@annns- καί@cs οὐδείς@rpgns ἄξιος@annns- εἰμί@viia3s ὁ@dnns δέ@cs περιέχω@vppanns ἀφορμή@nafpc τροφή@ngfsc ὁ@ddms εἶδον@vpaadms παρέχω@viaa3s"
"Oneir._5.86","δοκέω@viaa3s τις@rpncs γυνή@nnfsc ὁ@dans ὁ@dgms ἀνήρ@ngmsc αἰδοῖον@nansc ἀφαιρέω@vpreans ὁ@dgns λοιπός@angns- σῶμα@ngnsc ἔχω@vnpa-- ἐν@p ὁ@ddfp χείρ@ndfpc καί@b ἐπιμελέομαι@vnpe-- αὐτός@rpgns καί@cs πολύς@anafs- ἔχω@vnpa-- πρόνοια@nafsc ὅπως@cs σώζω@vope3s γίγνομαι@viam3s αὐτός@rpdfs υἱός@nnmsc ἐκ@p ὁ@dgms ἀνήρ@ngmsc ὅς@rpams ἀνατρέφω@viam3s ὁ@dnns γάρ@b ὁ@dgms ἀνήρ@ngmsc αἰδοῖον@annns- ὁ@dgms παῖς@ngmsc εἰμί@viia3s σημεῖον@nnnsc ἐκ@p αὐτός@rpgms γάρ@b ὁ@dnms παῖς@nnmsc γίγνομαι@vila3s ἐπεί@cs δέ@b ἀφαιρέω@viap3s αὐτός@rpnns ὁ@dgns λοιπός@angns- σῶμα@ngnsc ἀνατρέφω@vpamnfs ὁ@dams παῖς@namsc ὁ@dgms ἀνήρ@ngmsc ἀπαλλάσσω@viap3s"
"Oneir._5.87","δοκέω@viaa3s τις@rpnms ὑπό@p ὁ@dgms ἄρης@ngmsp περαίνω@vnpe-- διάθεσις@nnfsc αὐτός@rpdms γίγνομαι@viam3s περί@p ὁ@dafs ἕδρα@nafsc καί@cs ὁ@dams πόρος@namsc καί@cs ὡς@cs οὐ@b δύναμαι@viie3s ἄλλος@andms- τις@andms- τρόπος@ndmsc θεραπεύω@vnap-- τομή@rpdfs χράω2@vpamnms θεραπεύω@viap3s σημαίνω@viia3s γάρ@b ὁ@dnms μέν@b ἄρης@nnmsp ὁ@dams σίδηρος@namsc ὡς@cs καί@b ἐν@p ὁ@ddfs συνήθεια@ndfsc ὁ@dams σίδηρος@namsc ἄρης@namsp καλέω@vipa1p μετωνυμικός@b ὁ@dnfs δέ@b ἐπί@p ὁ@ddfs συνουσία@ndfsc ἡδονή@nnfsc ὁ@dans μή@b ἐπί@p ὄλεθρος@ndmsc ὁ@dafs τομή@nafsc γίγνομαι@vnam-- δηλόω@viia3s"
"Oneir._5.88","δοκέω@viaa3s τις@rpnms ἀργύριον@nansc οὐ@b ἔχω@vnpa-- καί@cs ἐπί@p οὗτος@rpdns λυπέω@vnpe-- οὗτος@rpams συμβαίνω@viaa3s ἀποπληξία@ndfsc περιπίπτω@vpaaams ἀποθνήσκω@vnaa-- εἰκότως@b οὐ@b γάρ@b εἰμί@viia3p αὐτός@rpdms ἀφορμή@nnfpc βιωτικός@annfp-"
"Oneir._5.89","δοκέω@viaa3s τις@rpnms νοσέω@vppanms ὁ@dams στόμαχος@namsc καί@cs συνταγή@ngfsc δέω2@vppenms παρά@p ὁ@dgms ἀσκληπιός@ngmsp εἰς@p ὁ@dans ἱερόν@nansc ὁ@dgms θεός@ngmsc εἰσέρχομαι@vnpa-- καί@cs ὁ@dams θεός@namsc ἐκτείνω@vpaaams ὁ@dgfs δεξιά@angfs- ἑαυτοῦ@rpgms χείρ@ngfsc ὁ@damp δάκτυλος@nampc παρέχω@vnpa-- αὐτός@rpdms ἐσθίω@vnpa-- φοῖνιξ@nampc πέντε@an---- ἐσθίω@angnp- θεραπεύω@viap3s καί@b γάρ@b ὁ@dnfp ὁ@dgms φοῖνιξ@ngmsc βάλανος@nnfpc ὁ@dnfp σπουδαῖος@annfp- δάκτυλος@nnfpc καλέω@vipe3p"
"Oneir._5.90","δοκέω@viaa3s τις@rpncs χρυσίον@nansc πολύς@anans- τε@b καί@cs λαμπρός@anans- κατά@p ὁ@dgmp ὦμος@ngmpc φέρω@vnpa-- τυφλός@annms- γίγνομαι@viam3s διά@p ὁ@dafs μαρμαρυγή@nafsc ὁ@dafs ὁ@dgns χρυσίον@ngnsc ὡς@cs γάρ@b ἔοικα@vpranns ἠμαυρός@viie2s ὁ@dafs ὄψις@nafsc ὁ@dgms φορέω@vppagms"
"Oneir._5.91","δοκέω@viaa3s τις@rpnms τρεῖς@ananp- αἰδοῖον@ananp- ἔχω@vnpa-- τυγχάνω@viaa3s δοῦλος@nnmsc εἰμί@vppanms καί@b ἐλευθερόω@viap3s καί@cs τρεῖς@nanpc ἀντί@p εἷς@angns- ὄνομα@ngnsc κτάομαι@viam3s ὁ@danp δύο@an---- ἐκ@p ὁ@dgms ἐλευθερόω@vpaagms προσλαμβάνω@vpaanms"
"Oneir._5.92","νοσέω@ngmpp τις@rpnms εὔχομαι@viam3s ὁ@ddms σαράπις@ndfsp εἰ@cs μέλλω@vipa3s σώζω@vnfp-- ὁ@dafs δεξιός@anafs- αὐτός@rpdms χείρ@nafsc ὄναρ@nansc ἐπισείω@vnaa-- εἰ@cs δέ@cs μή@b ὁ@dafs ἀριστερός@anafs- καί@b δή@b δοκέω@viaa3s εἴσειμι@vppadms αὐτός@rpdms ὁ@dnns ἱερόν@nnnsc ὁ@dgms σαράπις@ngfsp ὁ@dams κέρβερος@namsp ὁ@dafs χείρ@nafsc ὁ@dafs δεξιός@anafs- ἐπισκώπτω@vnaa-- αὐτός@rpdms ὁ@ddfs ἐπέρχομαι@vppadfs ἀποθνῄσκω@viaa3s εἰκότως@b αἴρω@vpapgfs γάρ@b ὁ@dgfs δεξιά@ngfsc ἑτοῖμος@annms- εἰμί@viia3s παραδέχομαι@vnam-- αὐτός@rpams ὁ@dnms κέρβερος@nnmsp ὅς@rpnms ὄλεθρος@nnmsc εἰμί@vnpa-- νομίζω@vire3s"
"Oneir._5.93","δοκέω@viaa3s τις@rpnms ὑπό@p ὁ@dgms σαράπις@ngfsp εἰς@p ὁ@dams καλέω@namsc ὁ@dams ἐπί@p ὁ@dafs κεφαλή@nafsc κεῖμαι@vpreams βάλλω@vnre-- ἀποθνῄσκω@viaa3s πλοῦτος@nnmsp γάρ@x ὁ@dnms θεός@nnmsc εἰμί@vnpa-- νομίζω@vire3s"
"Oneir._5.94","περί@p ὁ@dans ὄσχεος@nansc μέλλω@vppanms τις@rpnms τέμνω@vnpe-- εὔχομαι@viam3s ὁ@ddms σαράπις@ndfsp περί@p ὁ@dgfs τομή@ngfsc καί@cs δοκέω@viaa3s λέγω3@vnpa-- αὐτός@rpdms ὁ@dams θεός@namsc θαρσέω@vppanms τέμνω@vmpe2s θεραπεύω@vifp2s τέμνω@vppenms ἀποθνῄσκω@viaa3s μέλλω@viia3s γάρ@b ὥσπερ@b θεραπεύω@vpapnms ἄπονος@annms- εἰμί@vnfm-- ἔοικα@vpranns δέ@b εἰμί@viia3s αὐτός@rpdms χωρέω@vnaa-- οὗτος@rpans ἐπεί@cs μή@b ὀλύμπιος@annms- ἤ1@cs αἰθέριος@annms- ὁ@dnms θεός@nnmsc ἀλλά@cs χθόνιος@annms-"
"Oneir._5.95","δοκέω@viaa3s τις@rpnms ἀθλητής@nnmsc ὁ@danp αἰδοῖον@nanpc ἀποτέμνω@vpaanms καί@cs ἅμα@b ὁ@dafs κεφαλή@nafsc δέω1@vpaanms στεφανόω@vnre-- γίγνομαι@viam3s ἱερονίκης@annfs- καί@cs οὐ@b ἄδοξος@annms- καί@b μέχρι@cs ἄφθορος@annms- εἰμί@viia3s λαμπρός@b καί@cs ἐπιφανής@b ὁ@ddfs ἀθλέω@ndfsc χράω2@viam3s χαρίζομαι@vpamnms δέ@b ἀφροδίσιος@andmp- ἄδοξος@b καταλύω@viaa3s"
