"location","text"
"c.Galil._1","καλός@b ἔχω@vnpa-- ἐγώ@rpdms φαίνω@vipe3s ὁ@dafp αἰτία@nafpc ἐκτίθημι@vnae-- πᾶς@andmp- ἄνθρωπος@ndmpc ὑπό@p ὅς@rpgfp πείθω@viap1s ὅτι@cs ὁ@dgmp γαλιλαῖος@ngmpp ὁ@dnfs σκευωρία@nnfsc πλάσμα@nnnsc εἰμί@vipa3s ἄνθρωπος@ngmpc ὑπό@p κακουργία@ngfsc συντίθημι@vpapnns ἔχω@vppanfs μέν@b οὐδείς@rpans θεῖος1@anans- ἀποχράομαι@vpamnfs δέ@cs ὁ@ddns φιλόμυθος@andns- καί@b παιδαριώδης@andns- καί@cs ἀνόητος@andns- ὁ@dgfs ψυχή@ngfsc μόριον@ndnsc ὁ@dafs τερατολογία@nafsc εἰς@p πίστις@nafsc ἄγω@viaa3s ἀλήθεια@ngfsc"
"c.Galil._2","μέλλω@nnmsp δέ@b ὑπέρ@p ὁ@dgnp πρῶτος@angnp- λέγω3@vppegnp δόγμα@ngnpc ἅπας@angnp- ποιέω@vnpe-- ὁ@dams λόγος@namsc ἐκεῖνος@rpans βούλομαι@vipe1s πρῶτος@anans- εἶπον@vnaa-- ὅτι@cs χρή@vipa3s ὁ@damp ἐντυγχάνω@vppaamp εἴπερ@cs ἀντιλέγω@vnpa-- ἐθέλω@vopa3p ὥσπερ@cs ἐν@p δικαστήριον@ndnsc μηδείς@rpans ἔξωθεν@b πολυπραγμονέω@vnpa-- μηδέ@b ὁ@dans λέγω3@vppeans ἀντικατηγορέω@vnpa-- ἕως@cs ἄν@b ὑπέρ@p ὁ@dgnp παρά@p αὐτός@rpdmp ἀπολογέομαι@vsae3p ἀμείνων@annnsc μέν@b γάρ@b οὕτως@b καί@cs σαφής@anansc ἴδιος@anafs- μέν@b ἐνίστημι@vnam-- πραγματεία@nafsc ὅταν@cs τις@rpans ὁ@dgnp παρά@p ἐγώ@rpdmp εὐθύνω@vnpa-- ἐθέλω@vspa3p ἐν@p ὅς@rpdnp δέ@cs πρός@p ὁ@dafp παρά@p ἐγώ@rpgmp εὔθυνα@nafpc ἀπολογέομαι@vipe3p μηδείς@rpans ἀντικατηγορέω@vnpa--"
"c.Galil._3","μικρός@annns- δέ@b ἀναλαμβάνω@vnaa-- ἄξιος@annns- ὅθεν@b ἐγώ@rpdmp ἥκω@vipa3s καί@cs ὅπως@b ἔννοια@nnfsc θεός@ngmsc ὁ@dans πρῶτος@anans- εἶτα@cs παρατίθημι@vnaa-- ὁ@danp παρά@p ὁ@ddmp ἕλλην@ndmpp καί@cs παρά@p ὁ@ddmp ἑβραῖος@ndmpp ὑπέρ@p ὁ@dgns θεῖος2@angns- λέγω3@vppeanp καί@cs μετά@p οὗτος@rpans ἐπανερωτάω@vnam-- ὁ@damp οὐ@b τε@b ἕλλην@nampp οὐ@b τε@cs ἰουδαῖος@nampp ἀλλά@cs ὁ@dgfs γαλιλαῖος@ngmpp εἰμί@vppaamp αἵρεσις@ngfsc ἀντί@p ὅστις@rpgns πρό@p ὁ@dgnp ἡμέτερος@angnp- αἱρέω@viam3p ὁ@danp παρά@p ἐκεῖνος@rpdmp καί@cs ἐπί@p οὗτος@rpdns τίς@anans- δή@b ποτέ@b μη@b δέ@cs ἐκεῖνος@rpdmp ἐμμένω@vipa3p ἀλλά@cs καί@b ἐκεῖνος@rpgmp ἀφίστημι@vpaanmp ἴδιος@anafs- ὁδός@nafsc τρέπω@viam3p ὁμολογέω@vpaanmp μέν@b οὐδείς@rpans ὁ@dgnp καλός@angnp- οὐ@b δέ@cs ὁ@dgnp σπουδαῖος@angnp- οὐ@b τε@b ὁ@dgnp παρά@p ἐγώ@rpdmp ὁ@ddmp ἕλλην@ndmpp οὐ@b τε@cs ὁ@dgnp παρά@p ὁ@ddmp ἀπό@p μωυσῆς@ngmsp ἑβραῖος@andmp- ἀπό@p ἄμφω@angnd- δέ@cs ὁ@dafp παραπηγύω@vpraafp οὗτος@andnp- ὁ@ddnp ἔθνος@ndnpc ὥσπερ@cs τις@anafp- κήρ@nafpp δρέπω@vppenmp ὁ@dafs ἀθεότης@nafsc μέν@b ἐκ@p ὁ@dgfs ἰουδαικός@angfs- ῥᾳδιουργία@ngfsc φαῦλος@anams- δέ@cs καί@cs ἐπισύρω@vpreams βίος@namsc ἐκ@p ὁ@dgfs παρά@p ἐγώ@rpdmp ῥᾳθυμία@ngfsc καί@cs χυδαιότης@ngfsc οὗτος@rpans ὁ@dafs ἄριστος@anafs- θεοσεβεία@nafsc ἐθέλω@viaa3p ὀνομάζω@vnpe--"
"c.Galil._4","ὅτι@cs δέ@b οὐ@b διδακτός@annns- ἀλλά@cs φύσις@ndfsc ὁ@dnns οἶδα@vnra-- θεός@namsc ὁ@ddmp ἄνθρωπος@ndmpc ὑπάρχω@vipa3s τεκμήριον@nnnsc ἐγώ@rpd-p εἰμί@vmpa3s πρῶτος@anans- ὁ@dnfs κοινός@annfs- πᾶς@angmp- ἄνθρωπος@ngmpc ἴδιος@andfs- καί@b δημοσίᾳ@b καί@b κατά@p ἀνήρ@namsc καί@cs ἔθνος@nanpc περί@p ὁ@dans θεῖος1@anans- προθυμία@nnfsc ἅπας@annmp- γάρ@b ἀδίδακτος@b θεῖος1@anans- τις@rpans πιστεύω@vira1p ὑπέρ@p ὅς@rpgns ὁ@dnns μέν@b ἀκριβής@anans- οὐ@b τε@b πᾶς@andmp- ῥᾴδιος@annns- γιγνώσκω@vnpa-- οὐ@b τε@cs ὁ@ddmp γιγνώσκω@vpradmp εἶπον@vnaa-- εἰς@p πᾶς@anamp- δυνατός@annns- οὗτος@andfs- δή@b ὁ@ddfs κοινῇ@b πᾶς@angmp- ἄνθρωπος@ngmpc ἔννοια@ndfsc πρόσειμι@vipa3s καί@b ἄλλος@rpnfs πᾶς@annmp- γάρ@b οὐρανός@ndmsc καί@cs ὁ@ddmp ἐν@p αὐτός@rpdms φαίνω@vppedmp θεός@ndmpc οὕτως@b δή@b τις@rpans φυσικός@b προσαρτάω@vire1p ὡς@cs καί@b εἰ@cs τις@rpnms ἄλλος@anams- ὑπολαμβάνω@viaa3s παρά@p αὐτός@rpamp ὁ@dams θεός@namsc οἰκητήριον@anams- αὐτός@rpdms πάντως@b ὁ@dams οὐρανός@namsc ἀπονέμω@viaa3s οὐ@b ἀφίστημι@vpaanms αὐτός@rpams ὁ@dgfs γῆ@ngfsc ἀλλά@cs οἷος@anans- ὡς@cs εἰς@p τίμιος@anansc ὁ@dgns πᾶς@angms- ἐκεῖνος@rpans ὁ@dams βασιλεύς@namsc καθίζω@vpaanms ὁ@dgnp ὅλος@angnp- ἐφοράω@vnpa-- ἐκεῖθεν@b ὑπολαμβάνω@vppanms ὁ@danp ὅδε@b"
"c.Galil._5","τίς@rpans δεῖ@vipa3s ἐγώ@rpdms καλέω@vnpa-- ἕλλην@nampp καί@cs ἑβραῖος@anamp- ἐνταῦθα@b μάρτυς@nampc οὐδείς@rpnms εἰμί@vipa3s ὅς@rpnms οὐ@b ἀνατείνω@vipa3s μέν@b εἰς@p οὐρανός@namsc ὁ@dafp χείρ@nafpc εὔχομαι@vppenms ὄμνυμι@vppanms δέ@b θεός@namsc ἤτοι@b θεός@nampc ἔννοια@nafsc ὅλος@b ὁ@dgns θεῖος2@ngnsc λαμβάνω@vppanms ἐκεῖσε@b φέρω@vipe3s καί@b οὗτος@rpans οὐ@b ἔοικα@b πάσχω@viaa3p ὁράω@vppanmp γάρ@b οὐ@b τε@b πληθύνω@vppeans οὐ@b τε@b ἐλασσόω@vppeans τις@rpans ὁ@dgnp περί@p ὁ@dams οὐρανός@namsc οὐ@b τε@b τρέπω@vppeans οὐ@b τε@cs πάθος@nansc ὑπομένω@vppaans τις@rpans ὁ@dgnp ἄτακτος@angnp- ἀλλά@cs ἐναρμόνιος@anafs- μέν@b αὐτός@rpgms ὁ@dafs κίνησις@nafsc ἐμμελής@anafs- δέ@b ὁ@dafs τάξις@nafsc ὁρίζω@vpreamp δέ@b φωτισμός@nampc σελήνη@ngfsc ἥλιος@ngmsc δέ@cs ἀνατολή@nafpc καί@cs δύσις@nafpc ὁρίζω@vpreafp ἐν@p ὁρίζω@vpredmp ἀεί@b καιρός@ndmpc εἰκότως@b θεός@namsc καί@cs θεός@ngmsc θρόνος@namsc ὑπολαμβάνω@viaa3p ὁ@dnns γάρ@b τοιοῦτος@rpnns ἅτε@b μηδείς@andfs- προσθήκη@ndfsc πληθύνω@vppenns μη@b δέ@cs ἐλασσόω@vppenns ἀφαίρεσις@vsaa3s ὁ@dgfs τε@cs κατά@p ἀλλοίωσις@nafsc καί@cs τροπή@nafsc ἐκτός@b ἵστημι@vppenns μεταβολή@ngfsc πᾶς@angfs- καθαρεύω@vipa3s φθορά@ngfsc καί@cs γένεσις@ngfsc ἀθάνατος@annns- δέ@cs εἰμί@vppanns φύσις@ndfsc καί@cs ἀνώλεθρος@annns- παντοῖος@angfs- εἰμί@vipa3s καθαρός@annns- κηλίς@ngfsc ἀίδιος@annns- δέ@b καί@cs ἀεικίνητος@annns- ὡς@cs ὁράω@vipa1p ἤτοι@cs παρά@p ψυχή@ngfsc κρείσσων@angfsc καί@cs θεῖος1@angfsc ἐνοικέω@vppagfs αὐτός@rpdms ὥσπερ@cs οἴομαι@vipe1s ὁ@dnnp ἡμέτερος@annnp- σῶμα@nnnpc παρά@p ὁ@dgfs ἐν@p ἐγώ@rpdmp ψυχή@ngfsc φέρω@vipe3s κύκλος@ndmsc περί@p ὁ@dams μέγας@anams- δημιουργός@namsc ἤ1@cs πρός@p αὐτός@rpgms ὁ@dgms θεός@ngmsc ὁ@dafs κίνησις@nafsc παραδείκνυμι@vpamams ὁ@dams ἄπειρος1@anams- ἐξελίσσω@vipa3s κύκλος@namsc ἄπαυστος@andns- καί@cs αἰώνιος@andfs- φορά@ndfsc"
"c.Galil._6","οὐκοῦν@b ἕλλην@nnmpp μέν@b ὁ@damp μῦθος@nampc πλάσσω@viaa3p ὑπέρ@p ὁ@dgmp θεός@ngmpc ἄπιστος@anamp- καί@cs τερατώδης@anamp- καταπίνω@vnaa-- γάρ@b φημί@viaa3p ὁ@dams κρόνος@namsp ὁ@damp παῖς@na-pc εἶτα@cs αὖθις@b ἐμέω@vnaa-- καί@b γάμος@nampc ἤδη@b παράνομος@anamp- μήτηρ@ndfsc γάρ@b ὁ@dnms ζεύς@nnmsp μίγνυμι@viap3s καί@cs παιδοποιέω@vpamnms ἐκ@p αὐτός@rpgfs γαμέω@viaa3s μέν@b αὐτός@rpnms ὁ@dafs ἑαυτοῦ@rpgms θυγάτηρ@nafsc μᾶλλον@b δέ@cs οὐ@b δέ@b γαμέω@viaa3s ἀλλά@cs μίγνυμι@vpapnms ἁπλῶς@b ἄλλος@rpdms παραδίδωμι@vira3s αὐτός@rpafs εἶτα@b ὁ@rpdfs διόνυσος@ngmsp σπαραγμός@nnmpc καί@cs μέλος@ngnpc κόλλησις@nnfpc τοιοῦτος@ananp- ὁ@dnmp μῦθος@nnmpc ὁ@dgmp ἕλλην@ngmpp φημί@vipa3p οὗτος@rpdmp παραβάλλω@vmpa2s ὁ@dafs ἰουδαικός@anafs- διδασκαλία@nafsc καί@b ὁ@dams φυτεύω@vppeams ὑπό@p ὁ@dgms θεός@ngmsc παράδεισος@vmaa2s καί@b ὁ@dams ὑπό@p αὐτός@rpgms πλάσσω@vppeams ἀδάμ@namsp εἶτα@cs ὁ@dafs γίγνομαι@vppeafs αὐτός@rpdms γυνή@nafsc λέγω3@vipa3s γάρ@b ὁ@dnms θεός@nnmsc οὐ@b καλός@anams- εἰμί@vnpa-- ὁ@dams ἄνθρωπος@namsc μόνος@b ποιέω@vsaa1p αὐτός@rpdms βοηθός@anams- κατά@p αὐτός@rpams πρός@p οὐδείς@rpans μέν@b αὐτός@rpdms ὁ@dgnp ὅλος@angnp- βοηθέω@vpaaafs ἐξαπατάω@vpaaafs δέ@b καί@cs γίγνομαι@vpamafs παραίτιος@anafs- αὐτός@rpdms τε@b ἐκεῖνος@rpdms καί@cs ἑαυτοῦ@rpdfs ὁ@dgns πίπτω@vnaa-- ἔξω@p ὁ@dgfs ὁ@dgms παράδεισος@ngmsc τρυφή@ngfsc"
"c.Galil._7","οὗτος@rpnnp γάρ@b εἰμί@vipa3s μυθώδης@annnp- παντελής@b ἐπεί@cs πῶς@b εὔλογος@annns- ἀγνοέω@vnpa-- ὁ@dams θεός@namsc ὅτι@cs ὁ@dnns γίγνομαι@vppenns ὑπό@p αὐτός@rpgms πρός@p βοήθεια@nafsc οὐ@b πρός@p καλός@angns- μᾶλλον@b ἀλλά@cs πρός@p κακός@angns- ὁ@ddms λαμβάνω@vpaadms γίνομαι@vifm3s ὁ@dams γάρ@b ὄφις@namsc ὁ@dams διαλέγω@vppeams πρός@p ὁ@dafs εὔας@nafsp ποδαπός@andfs- τις@rpdcs χράω@vnpe-- φημί@vifa1p διάλεκτος@ndnsc ἆρα@b ἀνθρώπειος@ndfsc καί@b τίς@rpans διαφέρω@vipa3s ὁ@dgmp παρά@p ὁ@ddmp ἕλλην@ndmpp πλάσσω@vpregmp μῦθος@ngmpc ὁ@dnnp τοιοῦτος@rpnnp ὁ@dnns δέ@b καί@b ὁ@dams θεός@namsc ἀπαγορεύω@vnpa-- ὁ@dafs διάγνωσις@nafsc καλός@angns- τε@b καί@cs φαῦλος@angms- ὁ@ddmp ὑπό@p αὐτός@rpgms πλάσσω@vpapdmp ἄνθρωπος@ndmpc ἆρα@b οὐ@b ὑπερβολή@nafsc ἀτοπία@ngfsc ἔχω@vipa3s τίς@rpnns γάρ@b ἄν@b ἠλίθιος@annnsc γίγνομαι@voam3s ὁ@dgns μή@b δύναμαι@vppegns διαγινώσκω@vnpa-- καλός@anams- καί@cs πονηρός@anams- δῆλος@annns- γάρ@b ὅτι@cs ὁ@dnnp μέν@b οὐ@b φεύγω@vifm3s λέγω3@vipa1s δέ@b ὁ@danp κακός@ananp- ὁ@danp δέ@b οὐ@b μεταδιώκω@vifa3s λέγω3@vipa1s δέ@b ὁ@danp καλός@ananp- κεφάλαιος@anans- δέ@b φρόνησις@ngfsc ἀπαγορεύω@viaa3s ὁ@dnms θεός@nnmsc ἄνθρωπος@ndmsc γεύω@vnam-- ὅς@rpgfs οὐδείς@rpnns ἄν@b εἰμί@vopa3s τίμιος@annnsc ἄνθρωπος@ndmsc ὅτι@cs γάρ@b ὁ@dnfs ὁ@dgns καλός@angns- καί@cs ὁ@dgns χείρων@angnsc διάγνωσις@nnfsc οἰκεῖος@annns- εἰμί@vipa3s ἔργον@nnnsc φρόνησις@ngfsc πρόδηλος@annns- εἰμί@vipa3s πού@b καί@b ὁ@ddmp ἀνόητος@andmp- ὥστε@cs ὁ@dams ὄφις@namsc εὐεργέτης@namsc μᾶλλον@b ἀλλά@cs οὐ@b λυμεών@namsc ὁ@dgfs ἀνθρώπινος@angfs- γένεσις@ngfsc εἰμί@vnpa-- ἐπί@p οὗτος@rpdnp ὁ@dnms θεός@nnmsc δεῖ@vipa3s λέγω3@vnpe-- βάσκανος@annms- ἐπεί@cs γάρ@b εἶδον@viaa3s μετέχω@vpaaams ὁ@dgfs φρόνησις@ngfsc ὁ@dams ἄνθρωπος@namsc ἵνα@cs μή@b φημί@vipa3s γεύω@vsam3s ὁ@dgns ξύλον@ngnsc ὁ@dgfs ζωή@ngfsc ἐκβάλλω@viaa3s αὐτός@rpams ὁ@dgms παράδεισος@ngmsc διαρρήδην@b εἶπον@vpaanms ἰδού@nvmsp ἀδάμ@nnmsp γίγνομαι@vira3s ὡς@cs εἷς@ ἐκ@p ἐγώ@rpgcp ὁ@dgns γιγνώσκω@vnpa-- καλός@anams- καί@cs πονηρός@anams- καί@b νῦν@b μήποτε@b ἐκτείνω@vsaa3s ὁ@dafs χείρ@nafsc καί@cs λαμβάνω@vsaa3s ἀπό@p ὁ@dgns ξύλον@ngnsc ὁ@dgfs ζωή@ngfsc καί@cs ἐσθίω@vifm2s καί@cs ζάω@vifm3s εἰς@p ὁ@dams αἰών@namsc οὗτος@rpgnp τοίνυν@b ἕκαστος@annns- εἰ@cs μή@b μῦθος@nnmsc ἔχω@vppanms θεωρία@nafsc ἀπόρρητος@annns- εἰμί@vopa3s ὅσπερ@rpans ἐγώ@rpnms νομίζω@vira1s πολύς@angfs- γέμω@vipa3p ὁ@dnmp λόγος@nnmpc περί@p ὁ@dgms θεός@ngmsc βλασφημία@ngfsc ὁ@dnns γάρ@b ἀγνοέω@vnaa-- μέν@b ὡς@cs ὁ@dnfs γίγνομαι@vppenfs βοηθός@nnfsc αἰτία@nnfsc ὁ@dgns πτῶμα@ngnsc εἰμί@vifm3s καί@cs ὁ@dnns ἀπαγορεύω@vnaa-- καλός@angns- καί@cs πονηρός@angns- γνῶσις@vipa3p ὅς@rpnns μόνος@b ἔοικα@vira3s συνόχωκα@vnpa-- ὁ@dams νόος@namsc ὁ@dams ἀνθρώπινος@anams- καί@cs πρόσετι@b ὁ@dnns ζηλοτυπέω@vnaa-- μή@cs ὁ@dgms ξύλον@ngnsc ὁ@dgfs ζωή@ngfsc μεταλαμβάνω@vpaanms ἄνθρωπος@nnmsc ἀθάνατος@annms- ἐκ@p θνητός@angms- γίγνομαι@vsam3s φθονερός@ngmsc καί@cs βάσκανος@ngmsc λίαν@b εἰμί@vipa3s"
"c.Galil._8","ὑπέρ@p δέ@b ὅς@rpgnp ἐκεῖνος@rpnmp τε@b ἀληθής@b δοξάζω@vifa3p ἐγώ@rpdmp τε@cs ἐκ@p ἀρχή@ngfsc ὁ@dnmp πατήρ@nnmpc παραδίδωμι@viaa3p ὁ@dnms μέν@b ἡμέτερος@annms- ἔχω@vipa3s λόγος@nnmsc ὅδε@b ὁ@dams προσεχής@anams- ὁ@dgms κόσμος@ngmsc οὗτος@angms- δημιουργός@namsc ὑπέρ@p γάρ@b θεός@ngmpc ὁ@dgmp ἀνώτερος@b οὗτος@rpgms μωυσῆς@nnmsp μέν@b ἐρῶ@vira3s οὐδείς@rpans ὅλος@b ὅς@rpnms γε@b οὐ@b δέ@b ὑπέρ@p ὁ@dgfs ὁ@dgmp ἄγγελος@ngmpc τολμάω@viaa3s τις@rpans φύσις@ngfsc ἀλλά@cs ὅτι@cs μέν@b λειτουργέω@vipa3p ὁ@ddms θεός@ndmsc πολλαχῶς@b καί@cs πολλάκις@b λέγω@viaa3s εἰ@cs τε@cs δέ@cs γίγνομαι@vpranmp εἰ@cs τε@b ἀγένητος@annmp- εἰ@cs τε@cs ὑπό@p ἄλλος@rpgms μέν@b γίγνομαι@vpranmp ἄλλος@rpdms δέ@b λειτουργέω@vnpa-- τάσσω@vprenmp εἰ@cs τε@cs ἄλλως@b πως@b οὐδαμόθεν@b διορίζω@vire3s περί@p δέ@b οὐρανός@ngmsc καί@b γῆ@ngfsc καί@cs ὁ@dgmp ἐν@p αὐτός@rpdfs τις@anams- τρόπος@namsc διακοσμέω@viap3s διέξειμι@vifa3s καί@cs ὁ@danp μέν@b φημί@vipa3s κελεύω@vnaa-- ὁ@dams θεός@namsc γίγνομαι@vnam-- ὥσπερ@cs φάος@nnnsc καί@cs στερέωμα@nnnsc ὁ@danp δέ@b ποιέω@vnaa-- ὥσπερ@cs οὐρανός@namsc καί@cs γῆ@nafsc ἥλιος@namsc τε@cs καί@cs σελήνη@nafsc ὁ@danp δέ@b εἰμί@vppaanp κρύπτω@vppeanp δέ@b τέως@b διακρίνω@vnaa-- καθά@cs ὕδωρ@nansc οἴομαι@vipe1s καί@cs ὁ@dafs ξηρός@anafs- πρός@p οὗτος@rpdnp δέ@b οὐ@b δέ@b περί@p γένεσις@ngfsc ἤ1@cs περί@p ποίησις@ngfsc ὁ@dgns πνεῦμα@ngnsc εἶπον@vnaa-- τολμάω@viaa3s ἀλλά@cs μόνος@anans- καί@cs πνεῦμα@nnnsc θεός@ngmsc ἐπιφέρω@viie3s ἐπάνω@p ὁ@dgns ὕδωρ@ngnsc πότερον@b δέ@b ἀγένητος@annns- εἰμί@vipa3s ἤ1@cs γίγνομαι@vira3s οὐδείς@rpans διασαφέω@vipa3s"
"c.Galil._9","ἐνταῦθα@b παραβάλλω@vsaa1p εἰ@cs βούλομαι@vipe2p ὁ@dafs πλάτων@ngmsp φωνή@nafsc τίς@rpans τοίνυν@b οὗτος@rpnms ὑπέρ@p ὁ@dgms δημιουργός@ngmsc λέγω3@vipa3s καί@cs τις@anafp- περιτίθημι@vipa3s αὐτός@rpdms φωνή@nafpc ἐν@p ὁ@ddfs κοσμογένεια@ndfsc σκοπέω@vmaa2s ἵνα@cs ὁ@dafs πλάτων@ngmsp καί@cs μωυσῆς@ngmsp κοσμογένεια@nafsc ἀντιπαραβάλλω@vsaa1p ἀλλήλων@rpdfp οὕτως@b γάρ@b ἄν@b φαίνω@voap3s τις@rpnms ὁ@dnms κρείσσων@annmsc καί@cs τις@rpnms ἄξιος@annms- ὁ@dgms θεός@ngmsc μᾶλλον@b ἆρα@b ὁ@dnms ὁ@ddnp εἴδωλον@ndnpc λατρεύω@vpranms πλάτων@nnmsp ἤ1@cs περί@p ὅς@rpgns φημί@vipa3s ὁ@dnfs γραφή@nnfsc ὅτι@cs στόμα@nansc κατά@p στόμα@nansc ὁ@dnms θεός@nnmsc λαλέω@viaa3s αὐτός@rpdms ἐν@p ἀρχή@ndfsc ποιέω@viaa3s ὁ@dnms θεός@nnmsc ὁ@dams οὐρανός@namsc καί@cs ὁ@dafs γῆ@nafsc ὁ@dnfs δέ@b γῆ@nnfsc εἰμί@viia3s ἀόρατος@annfs- καί@cs ἀκατασκεύαστος@annfs- καί@b σκότος@nnnsc ἐπάνω@p ὁ@dgfs ἄβυσσος@angfs- καί@cs πνεῦμα@nnnsc θεός@ngmsc ἐπιφέρω@viie3s ἐπάνω@p ὁ@dgns ὕδωρ@ngnsc καί@b λέγω@viaa3s ὁ@dnms θεός@nnmsc γίγνομαι@nnmsp φάος@nansc καί@cs γίγνομαι@viam3s φάος@nnnsc καί@b ὁράω@viaa3s ὁ@dnms θεός@nnmsc ὁ@dans φάος@nansc ὅτι@cs καλός@annns- καί@b διαχωρίζω@viaa3s ὁ@dnms θεός@nnmsc ἀνά@p μέσος@anams- ὁ@dgns φώς@ngnsc καί@cs ἀνά@p μέσος@anams- ὁ@dgns σκότος@ngnsc καί@b καλέω@viaa3s ὁ@dnms θεός@nnmsc ὁ@dans φάος@nansc ἡμέρα@nafsc καί@cs ὁ@dans σκότος@nansc καλέω@viaa3s νύξ@nafsc καί@b γίγνομαι@viam3s ἑσπέρα@nnfsc καί@cs γίγνομαι@viam3s πρωΐ@b ἡμέρα@nnfsc εἷς@ καί@b λέγω@viaa3s ὁ@dnms θεός@nnmsc γίγνομαι@vmap3s στερέωμα@nnnsc ἐν@p μέσος@andms- ὁ@dgns ὕδωρ@ngnsc καί@b καλέω@viaa3s ὁ@dnms θεός@nnmsc ὁ@dans στερέωμα@nansc οὐρανός@namsc καί@b λέγω@viaa3s ὁ@dnms θεός@nnmsc συνάγω@vmap3s ὁ@dnns ὕδωρ@nnnsc ὁ@dnns ὑποκάτω@p ὁ@dgms οὐρανός@ngmsc εἰς@p συναγωγή@nafsc εἷς@ καί@cs ὁράω@vmap3s ὁ@dnfs ξηρός@annfs- καί@b γίγνομαι@viam3s οὕτως@b καί@b λέγω@viaa3s ὁ@dnms θεός@nnmsc βλαστάνω@vmaa3s ὁ@dnfs γῆ@nnfsc βοτάνη@nafsc χόρτος@ngmsc καί@cs ξύλον@nansc κάρπιμος@anans- καί@b λέγω@viaa3s ὁ@dnms θεός@nnmsc γίγνομαι@vmap3p φωστήρ@nnmpc ἐν@p ὁ@ddns στερέωμα@ndnsc ὁ@dgms οὐρανός@ngmsc ἵνα@cs εἰμί@vspa3p εἰς@p φαῦσις@nafsc ἐπί@p ὁ@dgfs γῆ@ngfsc καί@b τίθημι@viam3s αὐτός@rpamp ὁ@dnms θεός@nnmsc ἐν@p ὁ@ddns στερέωμα@ndnsc ὁ@dgms οὐρανός@ngmsc ὥστε@cs ἄρχω@vnpa-- ὁ@dgfs ἡμέρα@ngfsc καί@cs ὁ@dgfs νύξ@ngfsc"
"c.Galil._10","ἐν@p δή@b οὗτος@rpdnp μωυσῆς@nnmsp οὐ@b τε@b ὁ@dafs ἄβυσσος@nafsc ποιέω@vnre-- φημί@vipa3s ὑπό@p ὁ@dgms θεός@ngmsc οὐ@b τε@b ὁ@dans σκότος@nansc οὐ@b τε@cs ὁ@dans ὕδωρ@nansc καίτοι@b χρή@viia3s δήπουθεν@b εἶπον@vpaaams περί@p ὁ@dgms φώς@ngmsc ὅτι@cs προστάσσω@vpaagms θεός@ngmsc γίγνομαι@vira3s εἶπον@vnaa-- ἔτι@b καί@b περί@p ὁ@dgfs νύξ@ngfsc καί@b περί@p ὁ@dgfs ἄβυσσος@angfs- καί@cs περί@p ὁ@dgns ὕδωρ@ngnsc ὁ@dnms δέ@b οὐδείς@rpans λέγω@viaa3s ὡς@cs περί@p οὐ@b γίγνομαι@vpragnp ὅλος@b καίτοι@b πολλάκις@b ἐπιμιμνήσκομαι@vpapnms αὐτός@rpgnp πρός@p οὗτος@rpdnp οὐ@b τε@b ὁ@dgfs ὁ@dgmp ἄγγελος@ngmpc μιμνήσκω@vire3s γένεσις@ngfsc ἤ1@cs ποίησις@ngfsc οὐ@b δέ@cs ὅστις@anams- τρόπος@namsc παράγω@viap3p ἀλλά@cs ὁ@dgnp περί@p ὁ@dams οὐρανός@namsc μόνος@anans- καί@cs περί@p ὁ@dafs γῆ@nafsc σῶμα@ngnpc ὡς@cs εἰμί@vnpa-- ὁ@dams θεός@namsc κατά@p ὁ@dams μωυσῆς@namsp ἀσώματος@angnp- μέν@b οὐδείς@angns- ποιητής@namsc ὕλη@ngfsc δέ@cs ὑπόκειμαι@vppegfs κοσμήτωρ@namsc ὁ@dnns γάρ@b ὁ@dnfs δέ@b γῆ@nnfsc εἰμί@viia3s ἀόρατος@annms- καί@cs ἀκατασκεύαστος@annms- οὐδείς@rpnns ἕτερος@annns- εἰμί@vipa3s ἤ1@cs ὁ@dafs μέν@b ὑγρός@anafs- καί@cs ξηρός@anafs- οὐσία@nafsc ὕλη@nafsc ποιέω@vppagms κοσμήτωρ@namsc δέ@cs αὐτός@rpgfs ὁ@dams θεός@namsc εἰσάγω@vppagms"
"c.Galil._11","ὅς@dnms γε@b μήν@b πλάτων@nnmsp ἀκούω@viaa3s περί@p ὁ@dgms κόσμος@ngmsc τίς@rpans φημί@vipa3s ὁ@dnms δή@b πᾶς@annms- οὐρανός@nnmsc ἤ1@cs κόσμος@nnmsc ἤ1@cs καί@b ἄλλος@rpnns ὅς@rpans τίς@rpans ποτέ@b ὀνομάζω@vppenms μάλιστα@b ἄν@b δέχομαι@vope3s οὗτος@rpnns ἐγώ@rpdcp ὀνομάζω@vmre3s πότερον@b εἰμί@viia3s ἀεί@b γένεσις@ngfsc ἀρχή@nafsc ἔχω@vppanms οὐδείς@anafs- ἤ1@cs γίγνομαι@vira3s ἀπό@p ἀρχή@ngfsc τις@angfs- ἄρχω@vpamnms γίγνομαι@vira3s ὁρατός@annms- γάρ@b ἅπτος@annms- τε@x εἰμί@vipa3s καί@cs σῶμα@nansc ἔχω@vppanms πᾶς@annnp- δέ@b ὁ@dnnp τοιοῦτος@rpnnp αἰσθητός@annnp- ὁ@dnnp δέ@cs αἰσθητός@annnp- δόξα@ndfsc περιληπτός@annnp- μετά@p αἴσθησις@ngfsc γίγνομαι@vppennp καί@cs γεννητής@annnp- φαίνω@viap3s οὕτως@b οὖν@b κατά@p ὁ@dams λόγος@namsc ὁ@dams ἔοικα@vpraams δεῖ@viia3s λέγω3@vnpa-- ὅδε@anams- ὁ@dams κόσμος@namsc ζῷον@nansc ἔμψυχος@anams- ἔννους@anams- τε@cs ὁ@ddfs ἀλήθεια@ndfsc διά@p ὁ@dafs ὁ@dgms θεός@ngmsc γίγνομαι@vnam-- πρόνοια@nafsc"
"c.Galil._12","εἷς@nansp δέ@x εἷς@ndnsc παραβάλλω@vsaa1p μόνος@anans- τις@anafs- καί@b ποδαπός@anafs- ποιέω@vipe3s δημηγορία@nafsc ὁ@dnms θεός@nnmsc ὁ@dnms παρά@p μωυσῆς@ndmsp καί@cs ποδαπός@anafs- ὁ@dnms παρά@p πλάτων@ndmsp"
"c.Galil._13","καί@cs λέγω@viaa3s ὁ@dnms θεός@nnmsc ποιέω@vsaa1p ἄνθρωπος@namsc κατά@p εἰκών@nafsc ἡμέτερος@anafs- καί@cs κατά@p ὁμοίωσις@nafsc καί@b ἄρχω@vmpa3p ὁ@dgmp ἰχθύς@ngmpc ὁ@dgfs θάλασσα@ngfsc καί@b ὁ@dgnp πετεινόν@ngnpc ὁ@dgms οὐρανός@ngmsc καί@cs ὁ@dgnp κτῆνος@ngnpc καί@b πᾶς@angfs- ὁ@dgfs γῆ@ngfsc καί@cs πᾶς@angnp- ὁ@dgnp ἑρπετόν@ngnpc ὁ@dgnp ἕρπω@vppagnp ἐπί@p ὁ@dgfs γῆ@ngfsc καί@b ποιέω@viaa3s ὁ@dnms θεός@nnmsc ὁ@dams ἄνθρωπος@nafsc κατά@p εἰκών@nafsc θεός@ngmsc ποιέω@viaa3s αὐτός@rpams ἄρσην@anans- καί@cs θῆλυς@anans- ποιέω@viaa3s αὐτός@rpamp λέγω3@vppanms αὐξάνω@vipe2p καί@b πληθύνω@vipe2p καί@b πληρόω@vmaa2p ὁ@dafs γῆ@nafsc καί@cs κατακυριεύω@viaa2p αὐτός@rpgfs καί@b ἄρχω@vmpa3p ὁ@dgmp ἰχθύς@ngmpc ὁ@dgfs θάλασσα@ngfsc καί@cs ὁ@dgnp πετεινόν@ngnpc ὁ@dgms οὐρανός@ngmsc καί@b πᾶς@angnp- ὁ@dgnp κτῆνος@ngnpc καί@cs πᾶς@angfs- ὁ@dgfs γῆ@ngfsc"
"c.Galil._14","ἀκούω@vmpa2s δή@b οὖν@b καί@b ὁ@dgfs πλατωνικός@angfs- δημηγορία@ngfsc ὅς@rpafs ὁ@ddms ὁ@dgnp ὅλος@angnp- περιτίθημι@vipa3s δημιουργός@ndmsc"
"c.Galil._15","θεός@nvfsp θεός@ngmpc ὅς@rpgmp ἐγώ@rpnms δημιουργός@nnmsc πατήρ@nnmsc τε@x ἔργον@ngnpc ἄλυτος@annnp- εἰμί@vifm3s ἐγώ@rpgms γε@x ἐθέλω@vppagms ὁ@rpnns μέν@x δή@x δέω1@vpapnns πᾶς@annns- λυτός@annns- ὁ@dnns γε@x μήν@x καλός@b ἁρμόζω@vpapans καί@cs ἔχω@vppanns εὖ@b λύω@vnpa-- ἐθέλω@vnpa-- κακός@angns- διό@b ἐπείπερ@cs γίγνομαι@vsam2p οὐ@b ἀθάνατος@annmp- μέν@b εἰμί@vipa2p οὐ@b δέ@cs ἄλυτος@annmp- ὁ@dans πάμπαν@b οὔτι@b γε@b μήν@b λύω@vifp2p οὐ@b δέ@cs τυγχάνω@vifm2p θάνατος@ngmsc μοῖρα@ngfsc ὁ@dgfs ἐμός@angfs- βούλησις@ngfsc μέγας@angmsc ἔτι@b δεσμός@ngmsc καί@cs κύριος@angmsc λαγχάνω@vpaanmp ἐκεῖνος@rpgmp ὅς@rpdmp ὅτε@cs γίγνομαι@viie2p συνδέω@vipe2p νῦν@b οὖν@b ὅς@rpans λέγω3@vipa1s πρός@p σύ@rpamp ἐνδείκνυμι@vppenms μανθάνω@vmaa2p θνητός@annnp- ἔτι@b γένος@nnnpc λοιπός@annnp- τρεῖς@ ἀγέννητος@annnp- οὗτος@rpgnp δέ@b μή@b γίγνομαι@vpamgnp οὐρανός@nnmsc ἀτελής@annms- εἰμί@vifm3s ὁ@danp γάρ@x πᾶς@ananp- ἐν@p ἑαυτοῦ@andns- γένος@nanpc ζῷον@ngnpc οὐ@b ἔχω@vifa3s ὑπό@p ἐγώ@rpgms δέ@b οὗτος@rpnnp γίγνομαι@vpamanp καί@cs βίος@ngmsc μετέχω@vpaannp θεός@ndmpc ἰσάζω@vope3s ἄν@b ἵνα@cs οὖν@b θνητός@annnp- τε@b εἰμί@vspa3s ὁ@dnns τε@cs πᾶς@annns- ὅδε@rpnns ὄντως@b ἅπας@annns- εἰμί@vspa3s τρέπω@vmpe2p κατά@p φύσις@nafsc σύ@rpnmp ἐπί@p ὁ@dafs ὁ@dgnp ζῷον@ngnpc δημιουργία@nafsc μιμέομαι@vppenmp ὁ@dafs ἐμός@anafs- δύναμις@nafsc περί@p ὁ@dafs ὑμέτερος@anafs- γένεσις@nafsc καί@b κατά@p ὅσος@anans- μέν@b αὐτός@rpgmp ἀθάνατος@andmp- ὁμώνυμος@anans- εἰμί@vnpa-- προσήκω@vipa3s θεῖος1@nansc λέγω3@vppeans ἡγεμονέω@vppavms τε@b ἐν@p αὐτός@rpdmp ὁ@dgmp ἀεί@b δίκη@ndfsc καί@cs σύ@rpdmp ἐθέλω@vppagmp ἕπομαι@vnpe-- σπεῖρα@nafpc καί@b ὑπάρχομαι@vpamnms ἐγώ@rpnms παραδίδωμι@vifa1s ὁ@dans δέ@b λοιπός@anans- σύ@rpnmp ἀθάνατος@andms- θνητός@anams- προσυφαίνω@vppanmp ἀπεργάζομαι@vipe2p ζῷον@nanpc καί@b γεννάω@vmpa2p τροφή@nafsc τε@b δίδωμι@vppanmp αὐξάνω@vmpa2p καί@cs φθίω@vppannp πάλιν@b δέχομαι@vipe2p"
"c.Galil._16","ἀλλά@cs ἆρα@b μή@b οὗτος@rpnns ὄναρ@nnnsc εἰμί@vipa3s ἐννοέω@vpfanmp αὐτός@rpans μανθάνω@vmaa2p θεός@nampc ὀνομάζω@vipa3s πλάτων@nnmsp ὁ@damp ἐμφανής@anamp- ἥλιος@namsc καί@cs σελήνη@nafsc ἄστρον@nanpc καί@cs οὐρανός@namsc ἀλλά@cs οὗτος@rpnmp ὁ@dgmp ἀφανής@angnp- εἰμί@vipa3p εἰκών@nnfpc ὁ@dnms φαίνω@vppenms ὁ@ddmp ὀφθαλμός@ndmpc ἐγώ@rpgcp ἥλιος@nnmsc ὁ@dgns νοητός@angms- καί@cs μή@b φαίνω@vppegms καί@cs πάλιν@b ὁ@dnfs φαίνω@vppenfs ὁ@ddmp ὀφθαλμός@ndmpc ἐγώ@rpgcp σελήνη@nnfsc καί@cs ὁ@dgnp ἄστρον@ngnpc ἕκαστος@annns- εἰκών@nnfpc εἰμί@vipa3p ὁ@dgnp νοητός@angnp- ἐκεῖνος@rpamp οὖν@b ὁ@damp νοητός@anamp- καί@cs ἀφανής@anamp- θεός@nampc ἐνυπάρχω@vppaamp καί@b συνυπάρχω@vppaamp καί@cs ἐκ@p αὐτός@angms- ὁ@dgms δημιουργός@ngmsc γεννάω@vpapamp καί@cs προέρχομαι@vpaaamp ὁ@dnms πλάτων@nnmsp οἶδα@vira3s εἰκότως@b οὖν@b φημί@vipa3s ὁ@dnms δημιουργός@nnmsc ὁ@dnms παρά@p αὐτός@rpdms θεός@nnmpc πρός@p ὁ@damp ἀφανής@anamp- λέγω3@vppanms θεός@ngmpc ὁ@dgmp ἐμφανής@angmp- δηλονότι@b κοινός@annms- δέ@b ἀμφότερος@angmp- δημιουργός@nnmsc οὗτος@rpnms εἰμί@vipa3s ὁ@dnms τεχνάομαι@vpamnms οὐρανός@namsc καί@b γῆ@nafsc καί@b θάλασσα@nafsc καί@b ἄστρον@nanpc καί@cs γεννάω@vpaanms ἐν@p ὁ@ddnp νοητός@andnp- ὁ@danp οὗτος@rpgnp ἀρχέτυπος@nanpc"
"c.Galil._17","σκοπέω@vmpa2s οὖν@b ὅτι@cs καί@b ὁ@dnnp ἐπί@p οὗτος@rpdnp καλός@b λείπω@ndmsp γάρ@b φημί@vipa3s τρεῖς@ θνητός@ananp- γένος@nanpc δηλονότι@b ὁ@dnns ὁ@dgmp ἄνθρωπος@ngmpc καί@cs ὁ@dnns ὁ@dgnp ζῷον@ngnpc καί@cs ὁ@dnns ὁ@dgnp φυτόν@ngnpc οὗτος@rpgnp γάρ@b ἕκαστος@annns- ἴδιος@andmp- ὁρίζω@vire3s λόγος@ndmpc εἰ@cs μέν@b οὖν@b φημί@vipa3s καί@b οὗτος@rpgnp ἕκαστος@annns- ὑπό@p ἐγώ@rpgms γίγνομαι@voam3s παντάπασι@b ἀναγκαῖος@nansc ἀθάνατος@anans- αὐτός@rpans γίγνομαι@vnam-- καί@b γάρ@b ὁ@ddmp νοητός@andmp- θεός@ndmpc οὐδείς@rpnns ἄλλος@annns- ὁ@dgfs ἀθανασία@ngfsc αἴτιος@annns- καί@b ὁ@ddms φαίνω@vppedms κόσμος@ndmsc ἤ1@cs ὁ@dnns ὑπό@p ὁ@dgms δημιουργός@ngmsc γίγνομαι@vnam-- ὅτι@cs οὖν@b φημί@vipa3s ὁπόσος@annns- εἰμί@vipa3s ἀθάνατος@annns- ἀναγκαῖος@annns- εἰμί@vipa3s οὗτος@rpdmp παρά@p ὁ@dgms δημιουργός@ngmsc δίδωμι@vnre-- οὗτος@rpnns δέ@cs εἰμί@vipa3s ὁ@dnfs λογικός@annfs- ψυχή@nnfsc ὁ@rpans δέ@b λοιπός@anans- φημί@vipa3s σύ@rpn-p ἀθάνατος@andms- θνητός@anans- προσυφαίνω@vmpa2p δῆλος@annns- οὖν@b ὅτι@cs παραλαμβάνω@vpaanmp ὁ@dnmp δημιουργικός@annmp- θεός@nnmpc παρά@p ὁ@dgms σφεῖς@angmp- πατήρ@ngmsc ὁ@dafs δημιουργικός@anafs- δύναμις@nafsc ἀπογίγνομαι@viaa3p ἐπί@p ὁ@dgfs γῆ@ngfsc ὁ@danp θνητός@ananp- ὁ@dgnp ζῷον@ngnpc εἰ@cs γάρ@b μηδείς@rpans μέλλω@viia3s διαφέρω@vnpa-- οὐρανός@nnmsc ἄνθρωπος@ngmsc καί@b ναί@b μά@b ζεύς@namsp θηρίον@ngnsc καί@cs τελευταῖος@anans- αὐτός@angnp- ὁ@dgnp ἑρπετόν@ngnpc καί@cs ὁ@dgnp ἐν@p ὁ@ddfs θάλασσα@ndfsc νήχω@vppegnp ἰχθύδιον@ngnpc δεῖ@viia3s ὁ@dams δημιουργός@namsc εἷς@anams- καί@cs ὁ@dams αὐτός@rpams εἰμί@vnpa-- πᾶς@angmp- εἰ@cs δέ@b πολύς@annns- ὁ@dnns μέσος@annns- εἰμί@vipa3s ἀθάνατος@angmp- καί@cs θνητός@angmp- οὐδείς@andfs- προσθήκη@ndfsc μέγας@anansc οὐ@b δέ@b ἀφαίρεσις@ndfsc μειόω@vppeans οὐ@b δέ@cs μίγνυμι@vppeams πρός@p ὁ@danp θνητός@ananp- καί@cs ἐπίκηρος@nanpc αἴτιος@anans- εἰμί@vnpa-- προσήκω@vipa3s οὗτος@rpgmp μέν@b ἄλλος@rpamp ἕτερος@angmp- δέ@cs ἕτερος@anamp-"
"c.Galil._18","οὐκοῦν@b ἐπεί@cs οὐ@b δέ@b περί@p ὁ@dgns προσεχής@ngmsc ὁ@dgms κόσμος@ngmsc οὗτος@angms- δημιουργός@ngmsc πᾶς@ananp- διαλέγω@vprenms μωυσῆς@nnmsp φαίνω@vipe3s ὁ@dafs τε@b ἑβραῖος@ngmpp καί@cs ὁ@dafs ὁ@dgmp ἡμέτερος@angmp- πατήρ@ngmpc δόξα@nafsc ὑπέρ@p ἔθνος@ngnpc οὗτος@angnp- ἀντιπαρατίθημι@vsaa1p ἀλλήλων@rpdfp"
"c.Galil._19","ὁ@dnms μωυσῆς@nnmsp φημί@vipa3s ὁ@dams ὁ@dgms κόσμος@ngmsc δημιουργός@namsc ἐκλέγω@vnam-- ὁ@dans ὁ@dgmp ἑβραῖος@ngmpp ἔθνος@nansc καί@cs προσέχω@vnpa-- ἐκεῖνος@rpdms μόνος@andms- καί@cs ἐκεῖνος@rpgms φροντίζω@vnaa-- καί@cs δίδωμι@vipa3s αὐτός@rpdms ὁ@dafs ἐπιμέλεια@nafsc αὐτός@rpgms μόνος@angms- ὁ@dgnp δέ@b ἄλλος@angnp- ἔθνος@ngnpc ὅπως@b ἤ1@cs ὑπό@p ὅστις@rpdnp διοικέω@vipe3p θεός@ndmpc οὐ@b δέ@b ὅστις@rpafs μνεία@nafsc ποιέω@vire3s πλήν@b εἰ@cs μή@b τις@rpnms ἐκεῖνος@rpanp συγχωρέω@voaa3s ὅτι@cs ὁ@dams ἥλιος@namsc αὐτός@rpdmp καί@cs ὁ@dafs σελήνη@nafsc ἀπονέμω@viaa3s ἀλλά@b ὑπέρ@p μέν@b οὗτος@rpgnp καί@b μικρός@anans- ὕστερος@anans- πλήν@b ὅτι@cs ὁ@dgms ἰσραήλ@ngmsp αὐτός@anams- μόνος@angms- θεός@namsc καί@b ὁ@dgfs ἰουδαία@ngfsp καί@cs οὗτος@rpamp ἐκλεκτός@nampc φημί@vipa3s αὐτός@rpnms τε@b καί@cs ὁ@dnmp μετά@p ἐκεῖνος@rpams προφήτης@vspe3s καί@cs ἰησοῦς@ngmsp ὁ@dnms ναζωραῖος@annms- ἐπιδείκνυμι@vifa1s ἀλλά@cs καί@b ὁ@dams πᾶς@anamp- πανταχοῦ@b ὁ@damp πώποτε@b γόης@nampc καί@cs ἀπατεών@nampc ὑπερβάλλω@vppeams παῦλος@namsp ἀκούω@vmpa2p δέ@b ὁ@dgfp λέξις@ngfpc αὐτός@rpgfp καί@cs πρῶτος@b μέν@b ὁ@dgfp μωυσῆς@ngmsp σύ@rpnms δέ@b ἐρῶ@vifa2s ὁ@ddms φαραώ@ndmsp υἱός@nnmsc πρωτότοκος@annms- ἐγώ@rpgcs ἰσραήλ@nnmsp εἶπον@viaa3p δέ@b ἐξαποστέλλω@viaa3p ὁ@dams λαός@namsc ἐγώ@rpgcs ἵνα@cs ἐγώ@rpdcs λατρεύω@vsaa3s σύ@rpn-s δέ@b οὐ@b βούλομαι@viie2s ἐξαποστέλλω@vnaa-- αὐτός@rpams καί@b μικρός@anans- ὕστερος@anans- καί@cs λέγω3@vipa3p αὐτός@rpdms ὁ@dnms θεός@nnmsc ὁ@dgmp ἑβραῖος@angmp- προσκαλέω@vipe3s ἐγώ@rpacp πορεύω@vifm1p οὖν@b εἰς@p ὁ@dafs ἐρῆμος@anafs- ὁδός@nafsc ἡμέρα@ngfpc τρεῖς@angfp- ὅπως@cs θύω@vsaa1p κύριος@andms- ὁ@ddms θεός@ndmsc ἐγώ@rpgcp καί@b μετά@p ὀλίγος@ananp- πάλιν@b ὅμοιος@b κύριος@nnmsp ὁ@dnms θεός@nnmsc ὁ@dgmp ἑβραῖος@angmp- ἐξαποστέλλω@viaa3s ἐγώ@rpacs πρός@p σύ@rpams λέγω3@vppanms ἐξαποστέλλω@viaa3p ὁ@dams λαός@namsc ἐγώ@rpgcs ἵνα@cs λατρεύω@vsaa3p ἐν@p ὁ@ddfs ἐρῆμος@andfs-"
"c.Galil._20","ἀλλά@b ὅτι@cs μέν@b ἰουδαῖος@ngmpp μόνος@angmp- μέλω@viaa3s ὁ@ddms θεός@ndmsc ὁ@dnns ἐκ@p ἀρχή@ngfsc καί@cs κλῆρος@nnmsc αὐτός@rpgms γίγνομαι@vira3s οὗτος@rpnms ἐξαιρετός@annms- οὐ@b μωυσῆς@nnmsp μόνος@b καί@cs ἰησοῦς@ngfsp ἀλλά@cs καί@b παῦλος@nnmsp ἐρῶ@vpranms φαίνω@vipe3s καίτοι@b οὗτος@rpans ἄξιος@annns- θαυμάζω@vnaa-- περί@p ὁ@dgms παῦλος@ngmsp πρός@p γάρ@b τύχη@nafpc ὥσπερ@cs χρώς@nnnpc ὁ@dnmp πολύπους@annmp- πρός@p ὁ@dafp πέτρα@nafpc ἀλάσσω@vipa3s ὁ@danp περί@p θεός@ngmsc δόγμα@nanpc ποτέ@b μέν@b ἰουδαῖος@nampp μόνος@anans- ὁ@dafs ὁ@dgms θεός@ngmsc κληρονομία@nafsc εἰμί@vnpa-- διατείνω@vppenms πάλιν@b δέ@cs ὁ@damp ἕλλην@nampp ἀναπείθω@vppanms ἑαυτοῦ@rpdms προστίθημι@vnpe-- λέγω3@vppanms μή@b ἰουδαῖος@angmp- ὁ@dnms θεός@nnmsc μόνος@anans- ἀλλά@cs καί@b ἔθνος@ngnpc ναί@i καί@b ἔθνος@ngnpc δίκαιος@anans- οὖν@b ἔρομαι@vnam-- ὁ@dams παῦλος@namsp εἰ@cs μή@b ὁ@dgmp ἰουδαῖος@ngmpp εἰμί@viia3s ὁ@dnms θεός@nnmsc μόνος@anans- ἀλλά@cs καί@b ὁ@dgnp ἔθνος@ngnpc ὁ@dgns χάρις@p πολύς@anans- μέν@b εἰς@p ὁ@damp ἰουδαῖος@nampp πέμπω@viia3s ὁ@dans προφητικός@anans- χάρισμα@nansc καί@b ὁ@dams μωυσῆς@namsp καί@b ὁ@dans χρῖσμα@nansc καί@b ὁ@damp προφήτης@nampc καί@b ὁ@dams νόμος@namsc καί@b ὁ@danp παράδοξος@nanpc καί@cs ὁ@danp τεράστιος@ananp- ὁ@dgmp μῦθος@ngmpc ἀκούω@vipa2s γάρ@x αὐτός@angmp- βοάω@vppagmp ἄρτος@namsp ἄγγελος@ngmpc ἐσθίω@viaa3s ἄνθρωπος@nnmsc ἐπί@p τέλος@ngnsc δέ@b καί@b ὁ@dams ἰησοῦς@namsp πέμπω@viaa3s ἐκεῖνος@rpdmp ἐγώ@rpdmp δέ@cs οὐ@b προφήτης@namsc οὐ@b χρῖσμα@nansc οὐ@b διδάσκαλος@namsc οὐ@b κῆρυξ@namsc περί@p ὁ@dgfs μέλλω@vppagfs ὀψέ@b ποτέ@b γοῦν@b εἰμί@vnfm-- καί@b εἰς@p ἐγώ@rpamp ἀπό@p αὐτός@rpgms φιλανθρωπία@ngfsc ἀλλά@b καί@b περίεἶδον@viaa3s ἔτος@ngnpc μυριάς@nafpc εἰ@cs δέ@cs σύ@rpnmp βούλομαι@vipe2p χιλιάς@nafpc ἐν@p ἀγνωσία@ndfsc τοιοῦτος@andfs- ὁ@ddnp εἴδωλον@ndnpc ὡς@cs φημί@vipa2p λατρεύω@vppaamp ὁ@damp ἀπό@p ἀνάἴσχω@vppagms ἥλιος@ngmsc μέχρι@p δύω@angms- καί@cs ὁ@damp ἀπό@p ὁ@dgfp ἄρκτος@ngfpc ἄχρι@p μεσημβρία@ngfsc ἔξω@p καί@cs μικρός@angns- γένος@ngnsc οὐ@b δέ@cs πρό@p δισχίλιοι@angnp- ὅλος@angnp- ἔτος@ngnpc ἐν@p εἷς@andns- μέρος@ndnsc συνοικίζω@vpapgns ὁ@dgfs παλαιστίνη@ngfsp εἰ@cs γάρ@b πᾶς@angmp- ἐγώ@rpgmp εἰμί@vipa3s θεός@nnmsc καί@cs πᾶς@angmp- δημιουργός@nnmsc ὅμοιος@b τίς@rpans περίεἶδον@viaa3s ἐγώ@rpamp προσήκω@vipa3s τοίνυν@b ὁ@dams ὁ@dgmp ἑβραῖος@ngmpp θεός@namsc οὐ@b δή@b πᾶς@angms- κόσμος@ngmsc γενεσιουργός@anams- ὑπάρχω@vnpa-- οἴομαι@vnpe-- καί@cs κατεξουσιάζω@vnpa-- ὁ@dgnp ὅλος@angnp- συστρέφω@vnre-- δέ@cs ὡς@cs φημί@viia1s καί@cs περάω1@vpreafs ἔχω@vppaams ὁ@dafs ἀρχή@nafsc ἀναμίξ@b ὁ@ddmp ἄλλος@andmp- νοέω@vnpe-- θεός@ndmpc ἔτι@b προσέχω@vifa1p σύ@rpdmp ὅτι@cs ὁ@dams ὁ@dgmp ὅλος@angmp- θεός@namsc ἄχρι@p ψιλός@angfs- γοῦν@b ἔννοια@ngfsc σύ@rpnmp ἤ1@cs ὁ@dgfs ὑμέτερος@angfs- τις@annfs- ὑπολαμβάνω@viap3s ῥίζα@nnmsc οὐ@b μερικός@annnp- πᾶς@annnp- οὗτος@rpnnp εἰμί@vipa3s θεός@nnmsc ζηλωτής@annms- ζηλόω@vipa3s γάρ@b διά@p τίς@rpans καί@b ἁμαρτία@nafpc ἐκδικέω@vppanms πατήρ@ngmpc ἐπί@p τέκνον@nanpc"
"c.Galil._21","ἀλλά@cs δή@b σκοπέω@vmpa2p πρός@p οὗτος@rpanp πάλιν@b ὁ@danp παρά@p ἐγώ@rpgcp ὁ@dnmp γάρ@b ἡμέτερος@annmp- ὁ@dams δημιουργός@namsc φημί@vipa3p ἅπας@angmp- μέν@b εἰμί@vnpa-- κοινός@anams- πατήρ@namsc καί@cs βασιλεύς@namsc νέμω@vnre-- δέ@cs ὑπό@p αὐτός@rpgms ὁ@danp λοιπός@ananp- ὁ@dgnp ἔθνος@ngnpc ἔθνος@ndfpc καί@cs πολιοῦχος@andmp- θεός@ndmpc ὅς@rpgnp ἕκαστος@annms- ἐπιτροπεύω@vipa3s ὁ@dafs ἑαυτοῦ@rpgms λῆξις1@nafsc οἰκεῖος@b ἑαυτοῦ@rpdms ἐπεί@cs γάρ@b ἐν@p μέν@b ὁ@ddms πατήρ@ndmsc πᾶς@annnp- τέλειος@annnp- καί@cs εἷς@nnnsc πᾶς@annnp- ἐν@p δέ@cs ὁ@ddnp μεριστός@andnp- ἄλλος@annfs- παρά@p ἄλλος@rpdms κρατέω@vipa3s δύναμις@nnfsc ἄρης@nnmsp μέν@b ἐπιτροπεύω@vipa3s ὁ@danp πολεμικός@ananp- ὁ@dgnp ἔθνος@ngnpc ἀθηνᾶ@nnfsp δέ@b ὁ@danp μετά@p φρόνησις@ngfsc πολεμικός@ananp- ἑρμῆς@nnmsp δέ@cs ὁ@dnnp συνετός@ananpc μᾶλλον@b ἤ1@cs τολμηρός@annnpc καί@cs κατά@p ἕκαστος@anafs- οὐσία@nafsc ὁ@dgmp οἰκεῖος@angmp- θεός@ngmpc ἕπομαι@vipe3s καί@b ὁ@danp ἐπιτροπεύω@vppeanp παρά@p σφεῖς@rpgmp ἔθνος@nanpc εἰ@cs μέν@b οὖν@b οὐ@b μαρτυρέω@vipa3s ὁ@ddmp ἡμέτερος@andmp- λόγος@ndmpc ὁ@dnfs πεῖρα@nnfsc πλάσμα@nnnsc μέν@b εἰμί@vmpa3s ὁ@dnnp παρά@p ἐγώ@rpgmp καί@cs πιθανότης@nnfsc ἄκαιρος@annfs- ὁ@dnnp παρά@p σύ@rpdmp δέ@cs ἐπαινέω@vmpe3s εἰ@cs δέ@b πᾶς@annns- ὁ@dnns ἐναντίος@annns- ὅς@rpdnp μέν@b ἐγώ@rpnmp λέγω3@vipa1p ἐκ@p αἰών@ngmsc ὁ@dnfs πεῖρα@nnfsc μαρτυρέω@vipa3s ὁ@ddmp ὑμέτερος@andmp- δέ@b λόγος@ndmpc οὐδείς@rpnns οὐδαμοῦ@b φαίνω@vipe3s σύμφωνον@annns- τίς@rpans τοσοῦτος@angfs- ὁ@dgfs φιλονεικία@ngfsc ἀντέχω@vipe2p"
"c.Galil._22","λέγω@nvmsp γάρ@b ἐγώ@rpdms τις@rpncs αἰτία@nnfsc ὁ@dgms κελτοί@nampp μέν@b εἰμί@vnpa-- καί@cs γερμανός@nampp θρασύς@anamp- ἕλλην@nampp δέ@cs καί@cs ῥωμαῖος@nampp ὡς@b ἐπίπαν@b πολιτικός@anamp- καί@cs φιλάνθρωπος@anamp- μετά@p ὁ@dgns στερρός@angms- τε@b καί@cs πολεμικός@angms- συνετός@anampc δέ@b καί@cs τεχνικός@anampc αἰγύπτιος@anamp- ἀπόλεμος@anamp- δέ@cs καί@cs τρυφηλός@anamp- σύρος@nampp μετά@p ὁ@dgms συνετός@angms- καί@b θερμός@angms- καί@b κοῦφος@angms- καί@cs εὐμαθής@angms- οὗτος@angfs- γάρ@b ὁ@dgfs ἐν@p ὁ@ddnp ἔθνος@ndnpc διαφορά@ngfsc εἰ@cs μέν@b οὐδείς@anafs- τις@rpnms αἰτία@nafsc συνοράω@vopa3s μᾶλλον@b δέ@cs αὐτός@rpanp φημί@vipa3s καί@b ἐκ@p ὁ@dgns αὐτόματος@angns- συμπίτνω@vnaa-- πῶς@b ἔτι@b πρόνοια@ndfsc διοικέω@vnpe-- ὁ@dams κόσμος@namsc οἴομαι@vipe3s εἰ@cs δέ@b οὗτος@rpgnp αἰτία@nafpc εἰμί@vnpa-- τις@rpnms τίθημι@vipe3s λέγω3@vmpa3s ἐγώ@rpdms πρός@p αὐτός@angms- ὁ@dgms δημιουργός@ngmsc καί@cs διδάσκω@vmpa3s ὁ@damp μέν@b γάρ@b νόμος@nampc εὔδηλος@annns- ὡς@cs ὁ@dnfs ὁ@dgmp ἄνθρωπος@ngmpc τίθημι@viam3s φύσις@nnfsc οἰκεῖος@anamp- ἑαυτοῦ@rpdfs πολιτικός@anamp- μέν@b καί@cs φιλάνθρωπος@anamp- ὅς@rpdmp ἐπί@p πλεῖστος@anans- ἐνθάπτω@vile3s ὁ@dnns φιλάνθρωπον@annns- ἄγριος@anamp- δέ@cs καί@cs ἀπάνθρωπος@anamp- ὅς@rpdmp ἐναντίος@annfs- φύσις@nnfsc ὕπειμι@viia3s καί@cs ἐνυπάρχω@viia3s ὁ@dgnp ἦθος@angnp- ὁ@dnmp γάρ@b νομοθέτης@nnmpc μικρός@ananp- ὁ@ddfp φύσις@ndfpc καί@cs ὁ@ddfp ἐπιτηδειότης@ndfpc διά@p ὁ@dgfs ἀγωγή@ngfsc προστίθημι@viaa3p οὔκουν@b ἀνάχαρσις@namsp ὁ@dnmp σκύθης@nnmpp βακχεύω@vppaams παραδέχομαι@viam3p οὐ@b δέ@b ὁ@dgnp ἑσπέριος@angnp- ἔθνος@ngnpc εὑρίσκω@voaa2s ἄν@b τις@rpamp εὔκολος@b πλήν@p ὀλίγος@angnp- σφόδρα@b ἐπί@p ὁ@dans φιλοσοφέω@vnpa-- ἤ1@b γεωμετρέω@vnpa-- ἤ@cs τις@rpans ὁ@dgnp τοιοῦτος@rpgnp ἑτοιμάζω@vpreamp καίτοι@b κρατέω@vppagfs ἐπί@p τοσοῦτος@rpams ἤδη@b ὁ@dgfs ῥωμαῖος@ngmpp ἡγεμονία@ngfsc ἀλλά@cs ἀπολαύω@vipa3p μόνος@b ὁ@dgfs διάλεξις@ngfsc καί@cs ὁ@dgfs ῥητορεία@ngfsc ὁ@dnmp λίαν@b εὐφυής@annmp- ἄλλος@rpgns δέ@b οὐδείς@rpgns μεταλαμβάνω@vipa3p μάθημα@ngnsc οὕτως@b αἰσχρός@anafs- ἔοικα@vira3s ὁ@dnfs φύσις@nafpc εἰμί@vnpa-- τις@rpncs οὖν@b ὁ@dnfs διαφορά@nnfsc ὁ@dgnp ἔθνος@ngnpc ἐν@p ὁ@ddnp ἦθος@ndnpc καί@cs ὁ@ddmp νόμος@ndmpc"
"c.Galil._23","ὁ@dnms μέν@b γάρ@b μωυσῆς@nnmsp αἰτία@nafsc ἀποδίδωμι@vira3s κομιδῇ@b μυθώδης@andfs- ὁ@dgfs περί@p ὁ@dafp διάλεκτος@nafpc ἀνομοιότης@ngfsc φημί@viia3s γάρ@b ὁ@damp υἱός@nampc ὁ@dgmp ἄνθρωπος@ngmpc συνέρχομαι@vpaaamp πόλις@nafsc ἐθέλω@vnpa-- οἰκοδομέω@vnpa-- καί@cs πύργος@namsc ἐν@p αὐτός@rpdfs μέγας@anams- φημί@vnpa-- δέ@cs ὁ@dams θεός@namsc ὅτι@cs χρή@vipa3s κατέρχομαι@vnaa-- καί@cs ὁ@dafp διάλεκτος@anafp- αὐτός@rpgmp συγχέω@vnaa-- καί@b ὅπως@cs μή@b τις@rpnms ἐγώ@rpams νομίζω@vsaa3s οὗτος@rpanp συκοφαντέω@vnpa-- καί@b ἐκ@p ὁ@dgmp μωυσῆς@ngmsp ἀναγιγνώσκω@vifm1p ὁ@danp ἐφεξῆς@b καί@cs εἶπον@viaa3p δεῦτε@b οἰκοδομέω@vsaa1p ἑαυτοῦ@rpdmp πόλις@nafsc καί@cs πύργος@namsc ὅς@rpgms εἰμί@vifm3s ὁ@dnfs κεφαλή@nnfsc ἕως@p ὁ@dgms οὐρανός@ngmsc καί@cs ποιέω@vsaa1p ἑαυτοῦ@rpdmp ὄνομα@nansc πρό@p ὁ@dgns διασπείρω@vnap-- ἐπί@p πρόσωπον@ngnsc πᾶς@angfs- ὁ@dgfs γῆ@ngfsc καί@b καταβαίνω@viaa3s κύριος@nnmsc εἶδον@vnaa-- ὁ@dafs πόλις@nafsc καί@cs ὁ@dams πύργος@namsc ὅς@rpams οἰκοδομέω@viaa3p ὁ@dnmp υἱός@nnmpc ὁ@dgmp ἄνθρωπος@ngmpc καί@b εἶπον@viaa3s κύριος@nnmsc ἰδού@i γένος@nnnsc εἷς@ καί@cs χεῖλος@nnnsc εἷς@ πᾶς@angnp- καί@cs οὗτος@rpans ἄρχω@viam3p ποιέω@vnaa-- καί@cs νῦν@b οὐ@b ἐκλείπω@vifa3s ἀπό@p αὐτός@rpgmp πᾶς@ananp- ὅσος@rpanp ἄν@b ἐπιτίθημι@vspe3p ποιέω@vnpa-- δεῦτε@b καταβαίνω@vpaanmp ἐκεῖ@b συγχέω@vspa1p αὐτός@rpgmp ὁ@dafs γλῶσσα@nafsc ἵνα@cs μή@b ἀκούω@vspa3p ἕκαστος@annms- ὁ@dgfs φωνή@ngfsc ὁ@dgms πλησίος@b καί@b διασπείρω@viaa3s αὐτός@rpamp κύριος@nnmsc ὁ@dnms θεός@nnmsc ἐπί@p πρόσωπον@nansc πᾶς@angfs- ὁ@dgfs γῆ@ngfsc καί@cs παύω@viam3p οἰκοδομέω@vppanmp ὁ@dafs πόλις@nafsc καί@cs ὁ@dams πύργος@namsc εἶτα@b οὗτος@rpdnp ἀξιόω@vipa2p πιστεύω@vnpa-- ἐγώ@rpamp ἀπιστέω@vmpa2p δέ@cs σύ@rpnmp ὁ@ddnp ὑπό@p ὅμηρος@ngmsp λέγω3@vppednp ὑπέρ@p ὁ@dgnp ἀλωάδαι@ngnpp ὡς@cs ἄρα@b τρεῖς@ananp- ἐπί@p ἀλλήλων@rpdnp ὄρος@nanpc τίθημι@vnaa-- διανοέομαι@viie3p ἵνα@cs οὐρανός@nnmsc ἀναβατός@annms- εἰμί@vopa3s φημί@vipa1s μέν@b γάρ@b ἐγώ@rpnms καί@b οὗτος@rpans παραπλήσιος@b ἐκεῖνος@rpdms μυθώδης@vppaans εἰμί@vnpa-- σύ@rpnmp δέ@b ἀποδέχομαι@vppenmp ὁ@dans πρότερος@anans- ἀντί@p ὅστις@rpgns πρός@p θεός@ngmpc ἀποδοκιμάζω@vipa2p ὁ@dams ὅμηρος@ngmsp μῆθος@namsc ἐκεῖνος@rpans γάρ@b οἴομαι@vipe1s δεῖ@vnpa-- σιωπάω@vnpa-- πρός@p ἀνήρ@nampc ἀμαθής@anamp- ὅτι@cs καί@b ἄν@cs εἷς@andfs- φωνή@ndfsc καί@cs γλῶσσα@ndfsc πᾶς@annmp- ὁ@dnmp κατά@p πᾶς@anafs- ὁ@dafs οἰκέω@nafsc ἄνθρωπος@nnmpc χράω2@vsam3p πύργος@namsc οἰκοδομέω@vnpa-- οὐ@b δύναμαι@vifm3p πρός@p ὁ@dams οὐρανός@namsc ἀφικνέομαι@vppeams καί@b ἄν@cs ἐκπλινθεύω@vsaa3p ὁ@dafs γῆ@nafsc πᾶς@anafs- ἀπείρων@angfp- γάρ@x δέω2@vifa3s πλίνθος@ngfpc ἰσομεγέθης@angmp- ὁ@ddfs γῆ@ndfsc σύμπας@vppadfs ὁ@dgmp δύναμαι@vpfmgmp ἄχρι@p ὁ@dgmp σελήνη@ngfsc ἐφικνέομαι@vnam-- κύκλος@ngmpc ὑπόκειμαι@vmpe3s γάρ@b πᾶς@anamp- μέν@b ἄνθρωπος@nampc συνέρχομαι@vnra-- γλῶσσα@ndfsc καί@cs φωνή@ndfsc εἷς@andfs- χράω2@vpreamp πᾶς@anafs- δέ@cs ἐκπλινθεύω@vnaa-- ὁ@dafs γῆ@nafsc καί@cs ἐκλατομέω@vnaa-- ποτέ@b ἄν@b μέχρι@p οὐρανός@ngmsc φθάνω@voaa3s εἰ@cs καί@b λεπτός@annns- ἁρπεδόνη@nnmsc ἐκμηρύω@vpregmp αὐτός@rpgmp ἐκτείνω@voap3s οὗτος@rpams οὖν@b οὕτως@b φανερός@anams- εἰμί@vppaams ὁ@dams μῦθος@namsc ἀληθής@anams- νομίζω@vpranmp καί@cs περί@p ὁ@dgms θεός@ngmsc δοξάζω@vppanmp ὅτι@cs φοβέω@vire3s ὁ@dgmp ἄνθρωπος@ngmpc ὁ@dafs μιαιφονία@nafsc οὗτος@rpgns τε@cs χάρις@p καταβαίνω@vira3s αὐτός@rpgmp συγχέω@vnaa-- ὁ@dafp διάλεκτος@nafpc ἔτι@b τολμάω@vipa2p θεός@ngmsc γνῶσις@nafsc αὐχέω@vnpa--"
"c.Galil._24","ἐπάνειμι@vipa1s δέ@b αὖθις@b πρός@p ἐκεῖνος@rpans ὁ@dafp μέν@b γάρ@b διάλεκτος@anafp- ὅπως@b ὁ@dnms θεός@nnmsc συγχέω@viia3s ἐρῶ@vira3s ὁ@dnms μωυσῆς@nnmsp ὁ@dafs μέν@b αἰτία@nafsc ὅτι@cs φοβέω@vpapnms μή@cs τις@rpans κατά@p αὐτός@rpgms πράσσω@vsaa3p προσβατός@anans- ἑαυτοῦ@rpdmp ὁ@dams οὐρανός@namsc κατεργάζομαι@vpamnmp ὁμόγλωσσος@annmp- εἰμί@vppanmp καί@cs ὁμόφρων@annmp- ἀλλήλων@rpdmp ὁ@dans δέ@b πρᾶγμα@nansc ὅπως@b ποιέω@viaa3s οὐδαμῶς@b ἀλλά@cs μόνος@b ὅτι@cs κατέρχομαι@vpaanms ἐκ@p οὐρανός@ngmsc μή@b δύναμαι@vppenms ἄνωθεν@b αὐτός@rpans ποιέω@vnpa-- ὡς@cs ἔοικα@vira3s εἰ@cs μή@b κατέρχομαι@viaa3s ἐπί@p ὁ@dgfs γῆ@ngfsc ὑπέρ@p δέ@b ὁ@dgfs κατά@p ὁ@danp ἦθος@nanpc καί@cs ὁ@danp νόμιμος@ananp- διαφορά@ngfsc οὐ@b τε@b μωυσῆς@nnmpp οὐ@b τε@cs ἄλλος@annms- ἀποκρύπτω@viaa3s τις@rpnms καίτοι@b ὁ@ddns πᾶς@andns- μέγας@annfsc εἰμί@vipa3s ὁ@dnfs περί@p ὁ@danp νόμιμος@ananp- καί@cs ὁ@danp πολιτικός@ananp- ὁ@dgnp ἔθνος@ngnpc ἐν@p ὁ@ddmp ἄνθρωπος@ndmpc ὁ@dgfs περί@p ὁ@dafp διάλεκτος@anafp- διαφορά@ngfsc τις@rpnms γάρ@b ἕλλην@ngmpp ἀδελφή@ndfsc τις@rpnms δέ@b θυγάτηρ@ndfsc τις@rpnms δέ@cs μήτηρ@ndfsc φημί@vipa3s δεῖ@vnpa-- μίγνυμι@vnpe-- οὗτος@rpnns δέ@b ἀγαθός@annns- ἐν@p πέρσης@ndmpp κρίνω@vipe3s τίς@rpans ἐγώ@rpams χράω@viia3s κατά@p ἕκαστος@anans- ἔπειμι2@vnpa-- ὁ@dans φιλελεύθερος@anans- τε@cs καί@cs ἀνυπότακτος@anans- γερμανός@ngmpp ἐπέξιος@vppaams ὁ@dans χερείων@anans- καί@cs τιθασός@anans- σύρος@ngmpp καί@cs πέρσης@ngmpp καί@cs πάρθος@ngmpp καί@cs πᾶς@angmp- ἁπλῶς@b ὁ@dgmp πρός@p ἠώς@nafsc καί@cs πρός@p μεσημβρία@nafsc βάρβαρος@ngmpc καί@cs ὅσος@rpnnp καί@b ὁ@dafp βασίλεια@nafpc ἀγαπάω@vipa3s κτάομαι@vpreanp δεσποτικός@anafpc εἰ@cs μέν@b οὖν@b ἄνευ@p πρόνοια@ngfsc μέγας@angfsc καί@cs θεῖος1@angfsc οὗτος@rpnnp συμφέρω@viap3s ὁ@dnnp μέγας@annnpc καί@cs τίμιος@annnpc τίς@rpans μάτην@b πολυπραγμονέω@vipe1p καί@cs θεραπεύω@vipa1p ὁ@dams μηδείς@rpans προνοέω@vppaams ὅς@rpnnp γάρ@b οὐ@b τε@cs βίος@ngmpc οὐ@b τε@cs ἦθος@angnp- οὐ@b τε@cs τρόπος@ngmpc οὐ@b τε@cs εὐνομία@ngfsc οὐ@b τε@cs πολιτικός@angfs- μέλω@viaa3s κατάστασις@ngfsc ἆρα@b ἔτι@b προσήκω@vipa3s φείδομαι@vnpe-- ὁ@dgfs παρά@p ἐγώ@rpgcp τιμή@ngfsc οὐδαμῶς@b ὁράω@vmpa2p εἰς@p ὅσος@anafs- σύ@rpdmp ἀτοπία@nafsc ὁ@dnms λόγος@nnmsc ἔρχομαι@vipe3s ὁ@dgnp γάρ@b ἀγαθός@angnp- ὅσος@rpnnp περί@p ὁ@dams ἀνθρώπινος@anams- θεωρέω@vipe3s βίος@namsc ἡγέομαι@vipm3s μέν@b ὁ@dnnp ὁ@dgfs ψυχή@ngfsc ἕπομαι@vipe3s δέ@b ὁ@dnnp ὁ@dgns σῶμα@ngnsc εἰ@cs τοίνυν@b ὁ@dgnp ψυχικός@angnp- ἐγώ@rpgcp ἀγαθός@angnp- κατολιγωρέω@viaa3s οὐ@b δέ@b ὁ@dgfs φυσικός@angfs- ἐγώ@rpgmp κατασκευή@ngfsc προνοοῦμαι@vpamnms οὐ@b τε@cs ἐγώ@rpdmp πέμπω@viaa3s διδάσκαλος@nampc ἤ1@cs νομοθέτης@nampc ὥσπερ@cs ὁ@ddmp ἑβραῖος@ndmpp κατά@p ὁ@dams μωυσῆς@namsp καί@cs ὁ@damp ἐπί@p ἐκεῖνος@rpdms προφήτης@nampc ὑπέρ@p τις@rpgns ἔχω@vifa1p αὐτός@rpdms καλός@b εὐχαριστέω@vnpa--"
"c.Galil._25","ἀλλά@b ὁράω@vipa2p μή@b ποτέ@b καί@b ἐγώ@rpdmp δίδωμι@viaa3s ὁ@dnms θεός@nnmsc ὅς@rpamp σύ@rpnmp ἀγνοέω@vira2p θεός@nampc τε@b καί@cs προστάτης@nampc ἀγαθός@anamp- οὐδείς@anans- ἐλάσσων@anampc ὁ@dgms παρά@p ὁ@ddmp ἑβραῖος@ndmpp ἐκ@p ἀρχή@ngfsc τιμάω@vppegms ὁ@dgfs ἰουδαία@ngfsp ὅς@rpgfs ἐκεῖνος@rpnms προνοέω@vnpa-- λαγχάνω@viaa3s μόνος@angfs- ὥσπερ@cs ὁ@dnms μωυσῆς@nnmsp φημί@viia3s καί@cs ὁ@dnmp μετά@p ἐκεῖνος@rpams ἄχρι@p ἐγώ@rpgmp εἰ@cs δέ@b ὁ@dnms προσεχής@annms- εἰμί@vopa3s ὁ@dgms κόσμος@ngmsc δημιουργός@nnmsc ὁ@dnms παρά@p ὁ@ddmp ἑβραῖος@andmp- τιμάω@vppenms ἔτι@b καί@b βελτίων@anansc ὑπέρ@p αὐτός@rpgms διανοέομαι@viap1p ἐγώ@rpnmp ἀγαθός@ananp- τε@cs ἐγώ@rpdmp δίδωμι@viaa3s ἐκεῖνος@rpgnp μέγας@ananpc ὁ@danp τε@b περί@p ψυχή@nafsc καί@cs ὁ@danp ἐκτός@b ὑπέρ@p ὅς@rpgnp λέγω@vifa1p ὀλίγος@angns- ὕστερος@anans- στέλλω@viaa3s τε@cs καί@cs ἐπί@p ἐγώ@rpamp νομοθέτης@nampc οὐδείς@anans- μωυσῆς@ngmsp χείρων@anampc εἰ@cs μή@b ὁ@damp πολύς@anamp- μακρός@andns- κρείσσων@anampc"
"c.Galil._26","ὅσπερ@rpans οὖν@b λέγω3@viia1p εἰ@cs μή@b κατά@p ἕκαστος@anans- ἔθνος@nansc ἐθνάρχης@nnmsc τις@annms- θεός@nnmsc ἐπιτροπεύω@vppanms ἄγγελος@nnmsc τε@b ὑπό@p αὐτός@rpdms καί@b δαίμων@nnmsc καί@b ἥρως@nnmsc καί@cs ψυχή@ngfpc ἰδιάζω@vppaans γένος@nansc ὑπηρετικός@anans- καί@cs ὑπουργικός@anans- ὁ@ddmp κρείσσων@andmpc τίθημι@viam3s ὁ@dafs ἐν@p ὁ@ddmp νόμος@ndmpc καί@cs ὁ@ddnp ἦθος@ndnpc διαφορότης@nafsc δείκνυμι@vmpe3s παρά@p ἄλλος@rpgns πῶς@b γίγνομαι@vira3s οὗτος@rpnnp καί@b γάρ@b οὐ@b δέ@b ἀποχράω@viia3s λέγω3@vnpa-- λέγω@viaa3s ὁ@dnms θεός@nnmsc καί@cs γίγνομαι@viam3s ὁμολογέω@vnpa-- γάρ@b χρή@vipa3s ὁ@ddnp ἐπίταγμα@ndnpc ὁ@dgms θεός@ngmsc ὁ@dgnp γίγνομαι@vppegnp ὁ@dafp φύσις@nafpc ὅς@rpans δέ@b λέγω3@vipa1s σαφής@anansc ἐρέω@vifa1s κελεύω@viaa3s ὁ@dnms θεός@nnmsc ἄνω@b φέρω@vnpe-- ὁ@dans πῦρ@nansc εἰ@cs τυγχάνω@voaa3s κάτω@b δέ@cs ὁ@dafs γῆ@nafsc οὐ@b ἵνα@cs ὁ@dnns πρόσταγμα@nnnsc γίγνομαι@vsam3s ὁ@dgms θεός@ngmsc ὁ@dans μέν@b χρή@viia3s εἰμί@vnpa-- κοῦφος@anans- ὁ@dans δέ@b βρίθω@vnpa-- οὕτως@b καί@b ἐπί@p ὁ@dgnp ἕτερος@angnp- ὅμοιος@b ὁ@dams αὐτός@anams- τρόπος@namsc καί@cs ἐπί@p ὁ@dgnp θεῖος2@angmp- αἴτιος@annns- δέ@b ὅτι@cs ὁ@dnns μέν@b ὁ@dgmp ἄνθρωπος@ngmpc ἐπίκηρος@annns- εἰμί@vipa3s καί@cs φθαρτός@annns- γένος@nnnsc εἰκότως@b οὖν@b αὐτός@rpgms φθαρτός@annnp- καί@b ὁ@dnnp ἔργον@nnnpc καί@b μεταβλητός@annnp- καί@cs παντοδαπός@b τρέπω@vppennp ὁ@dgms θεός@ngmsc δέ@b ὑπάρχω@vppagms ἀΐδιος@angms- καί@b ὁ@danp πρόσταγμα@nanpc τοιοῦτος@rpanp εἰμί@vnpa-- προσήκω@vipa3s τοιοῦτος@rpnnp δέ@b εἰμί@vppannp ἤτοι@cs φύσις@nnfpc εἰμί@vipa3p ὁ@dgnp εἰμί@vppagnp ἤ1@cs ὁ@ddfs φύσις@ndfsc ὁ@dgnp εἰμί@vppagnp ὁμολογέω@vppennp πῶς@b γάρ@b ἄν@b ὁ@dnfs φύσις@nnfsc ὁ@ddns πρόσταγμα@ndnsc μάχομαι@vope3s ὁ@dgms θεός@ngmsc πῶς@b δέ@b ἄν@b ἔξω@p πίπτω@vopa3s ὁ@dgfs ὁμολογία@ngfsc οὐκοῦν@b εἰ@cs καί@b προστάσσω@viaa3s ὥσπερ@cs ὁ@dafp γλῶσσα@nafpc συγχέω@vnap-- καί@cs μή@b συμφωνέω@vnpa-- ἀλλήλων@rpdfp οὕτως@b δέ@b καί@b ὁ@danp πολιτικός@ananp- ὁ@dgnp ἔθνος@ngnpc οὐ@b ἐπίταγμα@ndnsc δέ@b μόνος@b ποιέω@viaa3s τοιοῦτος@rpanp καί@b φύω@vnra-- οὐ@b δέ@cs ἐγώ@rpamp πρός@p οὗτος@anafs- κατασκευάζω@viaa3s ὁ@dafs διαφωνία@nafsc χρή@viia3s γάρ@b πρῶτος@anans- διάφορος@anafp- ὕπειμι1@vnaa-- φύσις@nafpc ὁ@ddmp ἐν@p ὁ@ddnp ἔθνος@ndnpc διάφορος@b εἰμί@vpfmdmp ὁράω@vipe3s γοῦν@b οὗτος@rpnns καί@b ὁ@ddnp σῶμα@ndnpc εἰ@cs τις@annfs- ἄπειμι@voaa3s γερμανός@nnmpp καί@cs σκύθης@nnmpp λίβυον@ngmpp καί@cs αἰθίοψ@ngmpp ὁπόσος@anans- διαφέρω@vipa3p ἆρα@b καί@b οὗτος@rpnns εἰμί@vipa3s ψιλός@annns- ἐπίταγμα@nnnsc καί@cs οὐδείς@rpans ὁ@dnms ἀήρ@nnmsc οὐ@b δέ@cs ὁ@dnfs χώρα@nnfsc ὁ@ddns πῶς@b ἔχω@vnpa-- πρός@p ὁ@dans χρῶμα@nansc θεός@ndmpc συμπράσσω@vipa3s"
"c.Galil._27","ἔτι@cs δέ@b καί@b ὁ@dnms μωυσῆς@nnmsp ἐπικαλύπτω@viia3s ὁ@dans τοιοῦτος@rpans οἶδα@vpranms οὐ@b δέ@cs ὁ@dafs ὁ@dgnp διάλεκτος@angnp- σύγχυσις@nafsc ἀνατίθημι@vira3s ὁ@ddms θεός@ndmsc μόνος@andms- φημί@vipa3s γάρ@b αὐτός@rpams οὐ@b μόνος@anans- κατέρχομαι@vnaa-- οὐ@b μήν@b οὐ@b δέ@cs εἷς@anams- συγκατέρχομαι@vnaa-- αὐτός@rpdms πλείων@anampc δέ@b καί@cs οὗτος@rpamp ὅστις@rpnmp εἰμί@vipa3p οὐ@b λέγω@viaa3s εὔδηλος@annns- δέ@b ὅτι@cs παραπλήσιος@anamp- αὐτός@rpdms ὁ@damp σύνἄνειμι@vppaamp ὑπολαμβάνω@viia3s εἰ@cs τοίνυν@b πρός@p ὁ@dafs σύγχυσις@nafsc ὁ@dgnp διάλεκτος@angnp- οὐ@b ὁ@dnms κύριος@nnmsc μόνος@annms- ἀλλά@cs καί@b ὁ@dnmp σύν@p αὐτός@rpdms κατέρχομαι@vipe3p πρόδηλος@annns- ὅτι@cs καί@b πρός@p ὁ@dafs σύγχυσις@nafsc ὁ@dgnp ἦθος@ngnpc οὐ@b ὁ@dnms κύριος@nnmsc μόνος@annms- ἀλλά@cs καί@b ὁ@dnmp σύν@p αὐτός@rpdms ὁ@dafp διάλεκτος@nafpc συγχέω@vppanmp εἰκότως@b ἄν@b ὑπολαμβάνω@vope3p οὗτος@angfs- εἰμί@vnpa-- ὁ@dgfs διάστασις@ngfsc αἴτιος@annmp-"
"c.Galil._28","τίς@cs οὖν@b οὐ@b ἐν@p μακρός@andnp- εἶπον@vnaa-- βούλομαι@vppenms τοσοῦτος@rpanp ἐπεξέρχομαι@viaa1s ὡς@cs εἰ@cs μέν@b ὁ@dnms προσεχής@annms- εἰμί@vopa3s ὁ@dgms κόσμος@ngmsc δημιουργός@nnmsc ὁ@dnms ὑπό@p ὁ@dgms μωυσῆς@ngmsp κηρύσσω@vppenms ἐγώ@rpnmp ὑπέρ@p αὐτός@rpgms βελτίων@anampc ἔχω@vipa1p δοκέω@nafpc ὁ@dnmp κοινός@anams- μέν@b ἐκεῖνος@rpams ὑπολαμβάνω@vppanmp ἅπας@angmp- δεσπότης@namsc ἐθνάρχης@nampc δέ@cs ἄλλος@anamp- ὅς@rpnmp τυγχάνω@vipa3p μέν@b ὑπό@p ἐκεῖνος@rpams εἰμί@vipa3p δέ@cs ὥσπερ@cs ὕπαρχος@nnmpc βασιλεύς@ngmsc ἕκαστος@annms- ὁ@dafs ἑαυτοῦ@rpgms διαφερόντως@b ἐπανορθόω@vppenms φροντίς@nafsc καί@b οὐ@b καθίστημι@vipa1p αὐτός@rpams οὐ@b δέ@cs ἀντιμερίτης@namsc ὁ@dgmp ὑπό@p αὐτός@rpams θεός@ngmpc καθίστημι@vppegmp εἰ@cs δέ@b μερικός@anans- τις@rpacs τιμάω@vpaanms ἐκεῖνος@rpnms ἀντιτίθημι@vipa3s αὐτός@rpdms ὁ@dafs ὁ@dgns πᾶς@angns- ἡγεμονία@nafsc ἀμείνων@anansc ὁ@dams ὁ@dgmp ὅλος@angmp- θεός@namsc ἐγώ@rpdmp πείθω@vppeamp ἐπιγιγνώσκω@vnaa-- μετά@p ὁ@dgns μη@b δέ@b ἐκεῖνος@rpams ἀγνοέω@vnaa-- ἤ1@cs ὁ@dams ὁ@dgns ἐλάχιστος@angnss μέρος@ngnsc λαγχάνω@vpraams ὁ@dafs ἡγεμονία@nafsc ἀντί@p ὁ@dgns πᾶς@angmp- τιμάω@vnpa-- δημιουργός@ngmsc"
"c.Galil._29","ὁ@dnms νόμος@nnmsc εἰμί@vipa3s ὁ@dnms ὁ@dgms μωυσῆς@ngmsp θαυμαστός@annms- ὁ@dnfs δεκάλογος@nnfsc ἐκεῖνος@rpnfs οὐ@b κλέπτω@vifa2s οὐ@b φονεύω@vifa2s οὐ@b ψευδομαρτυρέω@vifa2s γράφω@vmpe3s δέ@b αὐτός@rpdnp ὁ@ddnp ῥῆμα@ndnpc ἕκαστος@annfs- ὁ@dgfp ἐντολή@ngfpc ὅς@rpafp ὑπό@p αὐτός@rpgms φημί@vipa3s γράφω@vnre-- ὁ@dgms θεός@ngmsc"
"c.Galil._30","ἐγώ@rpncs εἰμί@vipa1s κύριος@nnmsc ὁ@dnms θεός@nnmsc σύ@rpgcs ὅς@rpnms ἐξάγω@viaa3s σύ@rpacs ἐκ@p γῆ@ngfsc αἴγυπτος@ngfsp δεύτερος@annfs- μετά@p οὗτος@rpans οὐ@b εἰμί@vifm3p σύ@rpdms θεός@nnmpc ἕτερος@annmp- πλήν@p ἐγώ@rpgms οὐ@b ποιέω@vifa2s σεαυτοῦ@rpdms εἴδωλον@nansc καί@b ὁ@dafs αἰτία@nafsc προστίθημι@vipa3s ἐγώ@rpncs γάρ@b εἰμί@vipa1s κύριος@nnmsc ὁ@dnms θεός@nnmsc σύ@rpgcs θεός@nnmsc ζηλωτής@nnmsc ἀποδίδωμι@vppanms πατήρ@ngmpc ἁμαρτία@nafpc ἐπί@p τέκνον@nanpc ἕως@p τρίτος@angfs- γενεά@ngfsc οὐ@b λαμβάνω@vifm2s ὁ@dans ὄνομα@nansc κύριος@ngmsc ὁ@dgms θεός@ngmsc σύ@rpgcs ἐπί@p μάταιος@andns- μιμνήσκω@vmap2s ὁ@dafs ἡμέρα@nafsc ὁ@dgnp σάββατον@ngmpc τιμάω@vmpa2s σύ@rpgcs ὁ@dams πατήρ@namsc καί@cs ὁ@dafs μήτηρ@nafsc οὐ@b μοιχεύω@vifa2s οὐ@b φονεύω@vifa2s οὐ@b κλέπτω@vifa2s οὐ@b ψευδομαρτυρέω@vipa2s οὐ@b ἐπιθυμέω@vifa2s ὁ@danp ὁ@dgms πλησίος@b σύ@rpgcs"
"c.Galil._31","ποῖος@annns- ἔθνος@nnnsc εἰμί@vipa3s πρός@p ὁ@dgmp θεός@ngmpc ἔξω@p ὁ@dgms οὐ@ngmsp προσκυνέω@nafpc θεός@ndmpc ἕτερος@andmp- καί@cs ὁ@dgms μιμνήσκω@ndmsp ὁ@dgfs ἡμέρα@ngfsc ὁ@dgmp σάββατον@angmp- ὅς@rpnns μή@b ὁ@dafp ἄλλος@anafp- οἴομαι@vipe3s χρή@vnpa-- φυλάσσω@vnpa-- ἐντολή@nafpc ὡς@cs καί@b τιμωρία@nafpc κεῖμαι@vnpe-- ὁ@ddmp παραβαίνω@vppadmp ἐνιαχοῦ@b μέν@b σφοδρός@anafpc ἐνιαχοῦ@b δέ@cs παραπλήσιος@anafp- ὁ@ddfp παρά@p μωυσῆς@ngmsp νομοθετέω@vppadfp εἰμί@vipa3s δέ@b ὅπου@b καί@b φιλάνθρωπος@anafpc"
"c.Galil._32","ἀλλά@cs ὁ@dans οὐ@b προσκυνέω@vifa2s θεός@ndmpc ἕτερος@andmp- ὅς@rpans δή@b μετά@p μέγας@angfs- περί@p ὁ@dams θεός@namsc φημί@vipa3s διαβολή@ngfsc θεός@nnmsp γάρ@x ζηλωτής@nnmsc φημί@vipa3s καί@b ἐν@p ἄλλος@rpdnp πάλιν@b ὁ@dnms θεός@nnmsc ἐγώ@rpgfp πῦρ@nnnsc καταναλίσκω@namsc εἶτα@b ἄνθρωπος@nnmsc ζηλωτὴς@annms- καί@cs βάσκανος@annms- ἄξιος@annms- εἰμί@vnpa-- σύ@rpdcs φαίνω@vipe3s μέμψις@ngfsc ἐκθειάζω@vipa2s δέ@b εἰ@cs ζηλότυπος@annms- ὁ@dnms θεός@nnmsc λέγω3@vipe3s καίτοι@b πῶς@b εὔλογος@annns- οὕτως@b φανερός@anans- πρᾶγμα@nansc ὁ@dgms θεός@ngmsc καταψεύδομαι@vnpe-- καί@b γάρ@b εἰ@cs ζηλότυπος@annms- ἀέκων@angms- αὐτός@rpgms πᾶς@annmp- ὁ@dnmp θεός@nnmpc προσκυνέω@vipe3p καί@cs πᾶς@annnp- ὁ@dnnp λοιπός@annnp- ὁ@dgnp ἔθνος@ngnpc ὁ@damp θεός@nampc προσκυνέω@vipa3s εἶτα@b πῶς@b οὐ@b ἀναστέλλω@viaa3s αὐτός@rpnms ζηλόω@vppanms οὕτως@b καί@cs μή@b βούλομαι@vppenms προσκυνέω@vnpe-- ὁ@damp ἄλλος@rpamp ἀλλά@cs μόνος@anans- ἑαυτοῦ@rpams ἆρα@b οὖν@b οὐ@b οἷος@annms- τε@b εἰμί@viia3s ἤ1@cs οὐ@b δέ@b ὁ@dafs ἀρχή@nafsc βούλομαι@viap3s κωλύω@vnaa-- μή@b προσκυνέω@vnpe-- καί@b ὁ@damp ἄλλος@anamp- θεός@nampc ἀλλά@cs ὁ@dans μέν@x πρῶτος@anans- ἀσεβής@annns- ὁ@dnns δή@b λέγω3@vnpa-- ὡς@cs οὐ@b δύναμαι@viam3s ὁ@dnns δεύτερος@anans- δέ@b ὁ@ddnp ἡμέτερος@andnp- ἔργον@ndnpc ὁμολογέω@vipa3s ἀφίημι@vmpa2p οὗτος@anams- ὁ@dams λῆρος@namsc καί@cs μή@b τηλικοῦτος@anafs- ἐπί@p σύ@rpamp αὐτός@anamp- ἕλκω@vmpa2p βλασφημία@nafsc εἰ@cs γάρ@b οὐδείς@anams- ἐθέλω@vipa3s προσκυνέω@vnpe-- ὁ@dgns χάρις@p αὐτός@rpgms ὁ@dams νόθος@anams- υἱός@namsc οὗτος@anams- προσκυνέω@vipa2p καί@cs ὅς@rpams ἐκεῖνος@rpnms ἴδιος@anams- οὐ@b τε@b νομίζω@viaa3s οὔτε@cs ἡγέομαι@viam3s πώποτε@b καί@b δείκνυμι@vifa1s γε@b οὗτος@rpans ῥᾴδιος@b σύ@rpnmp δέ@b οὐ@b οἶδα@vira1s ὅθεν@b ὑπόβλητος@anans- αὐτός@rpdms προστίθημι@viia2p"
"c.Galil._33","οὐδαμοῦ@ngmsp χαλεπαίνω@vppanms ὁ@dnms θεός@nnmsc φαίνω@vipe3s οὐ@b δέ@b ἀγανακτέω@vppanms οὐ@b δέ@b ὀργίζω@vppenms οὐ@b δέ@cs ὄμνυμι@vppanms οὐ@b δέ@b ἐπί@p ἀμφότερος@ananp- ταχύς@b ῥέπω@vppanms οὐ@b δέ@cs στρεπτός@ngnsc ὡς@cs ὁ@dnms μωυσῆς@nampp φημί@vipa3s ἐπί@p ὁ@dgns φινεές@nansp εἰ@cs τις@rpnms σύ@rpgmp ἀναγιγνώσκω@viaa3s ὁ@damp ἀριθμός@nampc οἶδα@vira3s ὅς@rpans λέγω3@vipa1s ἐπεί@cs γάρ@b φινεές@nnmsp ὁ@dams τελέω@vpapams ὁ@ddms βεελφεγὼρ@ndmsp μετά@p ὁ@dgfs ἀναπείθω@vpaagfs αὐτός@rpams γυνή@ngfsc αὐτοχειρία@ndfsc λαμβάνω@vpaanms ἀποκτείνω@viaa3s αἰσχρός@andns- καί@cs ὀδυνηρός@andnss τραῦμα@ndnsc διά@p ὁ@dgfs μήτρα@ngfsc φημί@vipa3s παίω@vpaanms ὁ@dafs γυνή@nafsc ποιέω@vire3s λέγω3@vppanms ὁ@dnms θεός@nnmsc φινεές@nnmsp υἱός@nnmsc ἐλεάζαρος@ngmsp υἱός@ngmsc ἀαρών@nnmsp ὁ@dgms ἱερεύς@ngmsc καταπαύω@viaa3s ὁ@dams θυμός@namsc ἐγώ@rpgcs ἀπό@p υἱός@ngmpc ἰσραήλ@ngmsp ἐν@p ὁ@ddns ζηλόω@vnaa-- ἐγώ@rpgms ὁ@dams ζῆλος@namsc ἐν@p αὐτός@rpdmp καί@b οὐ@b ἐξαναλίσκω@viaa1s ὁ@damp υἱός@nampc ἰσραήλ@ngmsp ἐν@p ὁ@ddms ζῆλος@ndmsc ἐγώ@rpgcs τίς@rpnns κοῦφος@annnsc ὁ@dgfs αἰτία@ngfsc διά@p ὅς@rpafs θεός@nnmsc ὀργίζω@vpapnms οὐ@b ἀληθής@b ὑπό@p ὁ@dgms γράφω@vpaagms οὗτος@rpanp ποιέω@vire3s τίς@rpnns δέ@b ἄλογος@annnsc εἰ@cs δέκα@an---- ἤ1@cs πεντεκαίδεκα@an---- κεῖμαι@vmpe3s δέ@cs καί@b ἑκατόν@an---- οὐ@b γάρ@b δή@b χίλιοι@anamp- ἐρῶ@vifa3p τίθημι@vsaa1p δέ@b ἐγώ@rpnmp καί@b τοσοῦτος@rpamp τολμάω@vpaaamp τις@rpans ὁ@dgmp ὑπό@p ὁ@dgms θεός@ngmsc τάσσω@vpregmp νόμος@ngmpc παραβαίνω@vnaa-- ἑξακόσιοι@anafp- χρή@viia3s διά@p ὁ@damp ἅπαξ@b χίλιοι@anamp- ἀναλίσκω@vnap-- χιλιάς@nafpc ὡς@b ἐγώ@rpdcs κρείσσων@anansc εἰμί@vnpa-- ὁ@ddns πᾶς@andns- φαίνω@vipe3s χίλιος@andmp- ἀνήρ@ndmpc βέλτιστος@andmp- εἷς@anams- συνδιασῴζω@vnaa-- πονηρός@anams- ἤ1@cs συνδιαφθείρω@vnaa-- ὁ@damp χίλιοι@anamp- εἷς@andms-"
"c.Galil._34","εἰ@cs γάρ@b καί@cs εἷς@ngmsc ἥρως@ngmpc καί@cs οὐ@b ἐπίσημον@angms- δαίμων@ngmsc δύσοιστος@annfs- ὁ@dnfs ὀργή@nnfsc χώρα@ndfpc τε@cs καί@cs πόλις@ndfpc ὁλόκληρος@andfp- τις@rpnms ἄν@b ὑφίστημι@viaa3s τοσοῦτος@rpgms θεός@ngmsc δαίμων@ndmpc ἤ1@cs ἄγγελος@ndmpc ἤ1@cs καί@b ἄνθρωπος@ndmpc ἐπιμηνίω@vpaagms ἄξιος@annns- γε@b εἰμί@vipa3s παραβάλλω@vnaa-- αὐτός@rpams ὁ@ddfs λυκοῦργος@ngmsp πραότης@ndfsc καί@cs ὁ@ddfs σόλων@ngmsp ἀνεξικακία@ndfsc ἤ1@cs ὁ@ddfs ῥωμαῖος@ngmpp πρός@p ὁ@damp ἀδικέω@vpraamp ἐπιείκεια@ndfsc καί@cs φιλανθρωπία@ndfsc πόσος@andns- δέ@b δή@b ὁ@dnnp παρά@p ἐγώ@rpdmp ὁ@dgnp παρά@p αὐτός@rpdmp κρείσσων@annnpc καί@b ἐκ@p ὅδε@rpgnp σκοπέω@vmpa2p μιμέομαι@vnpe-- κελεύω@vipa3p ἐγώ@rpamp ὁ@dnmp φιλόσοφος@nnmpc κατά@p δύναμις@nafsc ὁ@damp θεός@nampc εἰμί@vnpa-- δέ@cs οὗτος@anafs- ὁ@dafs μίμησις@nafsc ἐν@p θεωρία@ndfsc ὁ@dgnp εἰμί@vppagnp ὅτι@cs δέ@b οὗτος@rpnns δίχα@p πάθος@ngnsc εἰμί@vipa3s καί@cs ἐν@p ἀπάθεια@ndfsc κεῖμαι@vipe3s πρόδηλος@annns- εἰμί@vipa3s πού@b καί@b ἄν@cs ἐγώ@rpnms μή@b λέγω3@vspa1s κατά@p ὅσος@anans- ἄρα@b ἐν@p ἀπάθεια@ndfsc γίγνομαι@vipe1p τάσσω@vprenmp περί@p ὁ@dgnp εἰμί@vppagnp ὁ@dafs θεωρία@nafsc κατά@p τοσοῦτος@rpans ἐξομοιόω@vipe1p ὁ@ddms θεός@ndmsc τις@rpncs δέ@b ὁ@dnfs παρά@p ἑβραῖος@andmp- ὑμνέω@vppenfs ὁ@dgms θεός@ngmsc μίμησις@nnfsc ὀργή@nnfsc καί@cs θυμός@nnmsc καί@cs ζῆλος@nnmsc ἄγριος@annms- φινεές@nnmsp γάρ@b φημί@vipa3s καταπαύω@viaa3s ὁ@dams θυμός@namsc ἐγώ@rpgms ἀπό@p υἱός@ngmpc ἰσραήλ@nnmsp ἐν@p ὁ@ddns ζηλόω@vnaa-- ὁ@dams ζῆλος@namsc μοῦ@rpgms ἐν@p αὐτός@rpdmp εὑρίσκω@vpaanms γάρ@b ὁ@dnms θεός@nnmsc ὁ@dams συναγανακτέω@vppaams καί@cs συναλγέω@vppaams ἀφίημι@vpaanms ὁ@dafs ἀγανάκτησις@nafsc φαίνω@vipe3s οὗτος@rpanp καί@cs ὁ@danp τοιοῦτος@rpanp περί@p θεός@ngmsc ἕτερος@ananp- ποιέω@vire3s λέγω3@vppanms ὁ@dnms μωυσῆς@nampp οὐ@b ὀλιγαχοῦ@vmpe2s ὁ@dgfs γραφή@ngfsc"
"c.Galil._35","ὅτι@cs δέ@b οὐ@b ἑβραῖος@angnp- μόνος@anans- μέλω@viaa3s ὁ@ddms θεός@ndmsc πᾶς@angnp- δέ@cs ἔθνος@ngnpc κήδω@vppenms δίδωμι@viaa3s ἐκεῖνος@rpdmp μέν@b οὐδείς@rpans σπουδαῖος@anans- ἤ1@cs μέγας@anans- ἐγώ@rpdmp δέ@cs μακρός@andns- κρείσσων@anamsc καί@cs διαφέρω@vppaams σκοπέω@vmpa2p λοιπός@anans- ὁ@dans ἐντεῦθεν@b ἔχω@vipa3p μέν@b εἶπον@vnaa-- καί@b αἰγύπτιος@nnmpp παρά@p ἑαυτοῦ@rpdmp ἀπαριθμέω@vppenmp σοφός@angnp- οὐ@b ὀλίγος@angnp- ὄνομα@nanpc πολύς@anamp- ἔχω@vnra-- ὁ@damp ἀπό@p ὁ@dgfs ἑρμῆς@ngmsp διαδοχή@ngfsc ἑρμῆς@ngmsp δέ@b φημί@vipa1s ὁ@dgms τρίτος@angms- ἐπιφοιτάω@vpaagms ὁ@ddfs αἴγυπτος@ndfsp χαλδαῖος@nnmpp δέ@b καί@cs ἀσσύριος@nnmpp ὁ@damp ἀπό@p ʼὠάννης@ngmsp καί@cs βῆλος@ngfsp μυρίος@anamp- δέ@cs ἕλλην@nnmpp ὁ@damp ἀπό@p χείρων@ngmsp ἐκ@p οὗτος@rpgns γάρ@b πᾶς@annmp- γίγνομαι@viam3p τελεστικός@annmp- φύσις@ndfsc καί@cs θεολογικός@annmp- καθό@b δή@b δοκέω@vipa3p μόνος@anans- ἑβραῖος@nnmpp ὁ@danp ἑαυτοῦ@rpgmp ἀποσεμνύνω@vnpa--"
"c.Galil._36","ἀλλά@cs ἀρχή@nafsc δίδωμι@viaa3s σύ@rpdmp ἐπιστήμη@ngfsc ἤ1@cs μάθημα@nansc φιλόσοφος@anans- καί@b ποῖος@annns- ὁ@dnfs μέν@b γάρ@b περί@p ὁ@danp φαίνω@vppeanp θεωρία@nnfsc παρά@p ὁ@ddmp ἕλλην@ndmpp τελειώσω@viap3s ὁ@dgfp πρῶτος@angfp- τήρησις@ngfpc παρά@p ὁ@ddmp βάρβαρος@ndmpc ἐν@p βαβυλών@ndfsp γίγνομαι@vpamgmp ὁ@dnfs δέ@b περί@p ὁ@dafs γεωμετρία@nafsc ἀπό@p ὁ@dgfs γεωδαισίας@ngfsc ὁ@dgfs ἐν@p αἴγυπτος@ndfsp ὁ@dafs ἀρχή@nafsc λαμβάνω@vpaanfs πρός@p τοσοῦτος@anans- μέγεθος@nansc αὐξάνω@viap3s ὁ@dnns δέ@b περί@p ὁ@damp ἀριθμός@nampc ἀπό@p ὁ@dgmp φοῖνιξ@ngmpp ἔμπορος@angmp- ἄρχω@vpamnns τέως@b εἰς@p ἐπιστήμη@ngfsc παρά@p ὁ@ddmp ἕλλην@ndmpp καθίστημι@viaa3s πρόσχημα@nnnsc οὗτος@rpanp δή@b τρεῖς@ananp- μετά@p ὁ@dgfs συναρίθμος@angfs- μουσικός@ngfsc ἕλλην@nnmpp εἰς@p εἷς@anans- συνάπτω@viaa3p ἀστρονομία@nafsc γεωμετρία@ndfsc προσυφαίνω@vpaanmp ἄμφω@angnd- δέ@cs προσαρμόζω@vpaanmp ὁ@damp ἀριθμός@nampc καί@cs ὁ@dans ἐν@p οὗτος@rpdnp ἐναρμόνιος@anans- κατανοέω@vpaanmp ἐντεῦθεν@b τίθημι@viam3p ὁ@ddfs παρά@p σφεῖς@rpdmp μουσική@ndfsc ὁ@damp ὅρος@nampc εὑρίσκω@vpaanmp ὁ@dgmp ἁρμονικός@angmp- λόγος@ngmpc πρός@p ὁ@dafs αἴσθησις@nafsc ὁ@dgfs ἀκοή@ngfsc ἄπταιστος@anafs- ὁμολογία@nafsc ἤ1@cs ὅτι@cs οὗτος@rpgns μάλιστα@b ἐγγύς@b"
"c.Galil._37","πότερον@b οὖν@b χρή@vipa3s ἐγώ@rpams κατά@p ἀνήρ@namsc ὀνομάζω@vnpa-- ἤ1@cs κατά@p ἐπιτήδευμα@nanpc ἤ1@b ὁ@damp ἄνθρωπος@nampc οἷος@rpans πλάτων@namsp σωκράτης@namsp ἀριστείδης@namsp κίμων@namsp θαλῆς@namsp λυκοῦργος@namsp ἀγησίλαος@namsp ἀρχίδαμος@namsp ἤ1@cs μᾶλλον@b ὁ@dans ὁ@dgmp φιλόσοφος@ngmpc γένος@nnnsc ὁ@dans ὁ@dgmp στρατηγός@ngmpc ὁ@dnns ὁ@dgmp δημιουργός@ngmpc ὁ@dnns ὁ@dgmp νομοθέτης@ngmpc εὑρίσκω@vifp3p γάρ@b ὁ@dnmp μοχθηρός@annmps καί@cs βδελυρός@annmps ὁ@dgmp στρατηγός@ngmpc ἐπιεικής@anansc χράω2@vpamnmp ὁ@ddmp ἀδικέω@vpradmp ὁ@danp μέγας@ananps ἤ1@cs μωυσῆς@nnmsp ὁ@ddmp οὐδείς@rpans ἐξαμαρτάνω@vpradmp τις@anafs- οὖν@b σύ@rpdmp ἀπαγγέλλω@vsaa1s βασιλεία@nafsc πότερος@ananp- ὁ@dafs περσεύς@ngmsp ἤ1@b ὁ@dafs αἰακός@ngmsp ἤ1@cs μίνως@ngmsp ὁ@dgms κρής@ngmsp ὅς@rpnms καθαίρω@viaa3s μέν@b λῃστεύω@vppeafs ὁ@dafs θάλασσα@nafsc ἐκβάλλω@vpaanms καί@cs ἐξελαύνω@vpaanms ὁ@damp βάρβαρος@nampc ἄχρι@p συρία@ngfsp καί@cs σικελία@ngfsp ἐπί@p ἑκάτερος@ananp- προβαίνω@vpaanms ὁ@ddnp ὁ@dgfs ἀρχή@ngfsc ὅριον@ndnpc οὐ@b μόνος@angfp- δέ@cs ὁ@dgfp νῆσος@ngfpc ἀλλά@cs καί@b ὁ@dgnp παράλιος@ngnpc κρατέω@viia3s καί@b διαιρέω@vpamnms πρός@p ὁ@dams ἀδελφός@namsc ῥαδάμανθυς@namsp οὔτι@b ὁ@dafs γῆ@nafsc ἀλλά@cs ὁ@dafs ἐπιμέλεια@nafsc ὁ@dgmp ἄνθρωπος@ngmpc αὐτός@rpnms μέν@b τίθημι@viia3s παρά@p ὁ@dgms ζεύς@ngmsp λαμβάνω@vppanms ὁ@damp νόμος@nampc ἐκεῖνος@rpdms δέ@cs ὁ@dans δικαστικός@anans- ἀφίημι@viia3s μέρος@nansc ἀναπληρόω@vppaans"
"c.Galil._38","ἀλλά@nvfsp ἐπεί@cs κτίζω@vpapafs αὐτός@rpafs πολύς@annmp- μέν@b περιίστημι@viaa3p πόλεμος@nnmpc πᾶς@angmp- δέ@b κρατέω@viia3s καί@cs καταγωνίζομαι@viie3s καί@cs παρά@p αὐτός@rpanp μᾶλλον@b αὐξάνω@vppenfs ὁ@danp δεινός@ananp- ὁ@dgfs ἀσφάλεια@ngfsc δέω2@viie3s μέγας@angfsc αὖθις@b ὁ@dnms ζεύς@nnmsp ὁ@dams φιλόσοφος@anamss αὐτός@rpdfs νουμᾶς@namsp ἐφίστημι@vipa3s οὗτος@annms- εἰμί@viia3s ὁ@dnms καλός@annms- καί@cs ἀγαθός@annms- ὁ@dnms νουμᾶς@nnmsp ἄλσος@ndnpc ἐρῆμος@andnp- ἐνδιατρίβω@vppanms καί@cs σύνειμι@vppanms ἀεί@b ὁ@ddmp θεός@ndmpc κατά@p ὁ@dafp ἀκραιφνής@anafp- αὐτός@rpgms νοέω@nafpc οὗτος@annms- ὁ@damp πλεῖστος@anamp- ὁ@dgmp ἱερατικός@angmp- καθίστημι@viaa3s νόμος@nampc οὗτος@rpanp μέν@b οὖν@b ἐκ@p κατοχή@ngfsc καί@cs ἐπίπνοια@ngfsc θεῖος1@angfs- ἐκ@p τε@b ὁ@dgmp ὁ@dgfs σίβυλλα@ngfsp καί@cs ὁ@dgnp ἄλλος@rpgmp ὅς@rpnmp δή@b γίγνομαι@vira3p κατά@p ἐκεῖνος@anams- ὁ@dams χρόνος@namsc κατά@p ὁ@dafs πάτριος@anafs- φωνή@nafsc χρή@ngfsc μολόγος@nnmpc φαίνω@vipe3s δίδωμι@vpaanms ὁ@dnms ζεύς@nnmsp ὁ@ddfs πόλις@ndfsc ὁ@dafs δέ@b ἐκ@p ἀήρ@ngmsc πίπτω@vpaaafs ἀσπίς@nafsc καί@cs ὁ@dafs ἐν@p ὁ@ddms λόφος@ndmsc κεφαλή@nafsc φαίνω@vpapafs ὅθεν@b οἴομαι@vipe1s καί@b ὁ@dans ὄνομα@nansc προσλαμβάνω@viaa3s ὁ@dnfs ὁ@dgms μέγας@angms- ζεύς@ngmsp ἕδρα@nnfsc πότερον@anans- ἐν@p ὁ@ddnp πρῶτος@andnp- ἤ1@cs ὁ@ddnp δεύτερος@andnp- ἀριθμέω@vsaa1p ὁ@dgnp δῶρον@ngnpc εἶτα@b ὦ@i δυστυχής@anvmp- ἄνθρωπος@nvmpc σώζω@vppegns ὁ@dgns παρά@p ἐγώ@rpdmp ὅπλον@ngnsc διοπετής@angns- ὅς@rpans καταπέμπω@viaa3s ὁ@dnms μέγας@annms- ζεύς@nnmsp ἤτοι@b πατήρ@nnmsc ἄρης@nnmsp ἐνέχυρον@anams- δίδωμι@vppanms οὐ@b λόγος@namsc ἔργον@nansc δέ@b ὅτι@cs ὁ@dgfs πόλις@ngfsc ἐγώ@rpgmp εἰς@p ὁ@dans διηνεκής@anans- προασπίζω@vifa3s προσκυνέω@vnpa-- ἀφίημι@vpaanmp καί@cs σέβομαι@vnpe-- ὁ@dans ὁ@dgms σταυρός@ngmsc προσκυνέω@vipa2p ξύλον@nansc εἰκών@nafpc αὐτός@rpgms σκιαγραφέω@vppanmp ἐν@p ὁ@ddns μέτωπον@ndnsc καί@cs πρό@p ὁ@dgnp οἴκημα@ngnpc ἐγγράφω@vppanmp"
"c.Galil._39","ἆρα@b ἄξιος@b ἄν@b τις@rpnms ὁ@damp συνετός@anampc σύ@rpgmp μισέω@voaa3s ἤ1@cs ὁ@damp ἄφρων@anampc ἐλεάω@voaa3s ὅς@rpnmp κατακολουθέω@vppanmp σύ@rpdmp εἰς@p τοσοῦτος@rpans ἔρχομαι@viaa3p ὄλεθρος@ngmsc ὥστε@cs ὁ@damp αἰώνιος@anamp- ἀφίημι@vpaanmp θεός@nampc ἐπί@p ὁ@dams ἰουδαῖος@ngmpp μεταβαίνω@vnaa-- νεκρός@namsc παρίημι@vipa1s γάρ@b ὁ@danp ὁ@dgfs μήτηρ@ngfsc ὁ@dgmp θεός@ngmpc μυστήριον@nanpc καί@cs ζηλόω@vipa1s ὁ@dams μάριος@namsp ὁ@dnns γάρ@b ἐκ@p θεός@ngmpc εἰς@p ἄνθρωπος@nampc ἀφικνέομαι@vppanns πνεῦμα@nnnsc σπάνιος@b μέν@b καί@cs ἐν@p ὀλίγος@andnp- γίγνομαι@vipe3s καί@cs οὐ@b τε@b πᾶς@anams- ἀνήρ@namsc οὗτος@rpgms μετέχω@vnaa-- ῥᾴδιος@annns- οὐ@b τε@cs ἐν@p πᾶς@andms- καιρός@ndmsc οὗτος@rpdfs σύ@b καί@b ὁ@dnns παρά@p ἑβραῖος@ndmpp προφητικός@annns- πνεῦμα@nnnsc ἐπιλίπτομαι@viaa3s οὐκοῦν@b οὐ@b δέ@cs παρά@p αἰγύπτιος@ndmpp εἰς@p οὗτος@rpans σώζω@vipe3s φαίνω@vipe3s δέ@b καί@b ὁ@danp αὐτοφυής@ananp- χρηστήριον@nanpc σιγάω@vnaa-- ὁ@ddfp ὁ@dgmp χρόνος@ngmpc εἴκω@an---- περίοδος@ndfpc ὅς@dnms δή@b φιλάνθρωπος@annms- ἐγώ@rpgmp δεσπότης@nnmsc καί@cs πατήρ@nnmsc ζεύς@nnmsp ἐννοέω@vpaanms ὡς@cs ἄν@b μή@b παντάπασι@b ὁ@dgfs πρός@p ὁ@damp θεός@nampc ἀποστερέω@vsap1p κοινωνία@ngfsc δίδωμι@vira3s ἐγώ@rpdmp διά@p ὁ@dgnp ἱερόν@ngfpc τέχνη@ngfpc ἐπίσκεψις@nafsc ὑπό@p ὅς@rpgfs πρός@p ὁ@dafp χρεία@nafpc ἔχω@vifa1p ὁ@dafs ἀποχράω@vppaafs βοήθεια@nafsc"
"c.Galil._40","λανθάνω@viaa3s ἐγώ@rpacs μικρός@angns- ὁ@dnns μέγας@annnss ὁ@dgnp ἥλιος@ngmsp καί@cs ζεύς@ngmsp δῶρον@ngnpc εἰκότως@b δέ@b αὐτός@rpans φυλάσσω@viaa1s ἐν@p ὁ@ddns τέλος@ndnsc καί@b γάρ@b οὐ@b ἴδιος@annns- εἰμί@vipa3s ἐγώ@rpgmp μόνος@b ἀλλά@cs ’@cs οἴομαι@vipe1s κοινός@annns- πρός@p ἕλλην@nampp ὁ@damp ἡμέτερος@anamp- συγγενής@nampc ὁ@dnms γάρ@b σύ@b ζεύς@nnmsp ἐν@p μέν@b ὁ@ddnp νοητός@andnp- ἐκ@p ἑαυτοῦ@rpgms ὁ@dams ἀσκληπιός@namsp γεννάω@viaa3s εἰς@p δέ@cs ὁ@dafs γῆ@nafsc διά@p ὁ@dgfs ἥλιος@ngmsp γονίμος@angfs- ζωή@ngfsc ἐκφαίνω@viaa3s οὗτος@rpnms ἐπί@p γῆ@ngfsc ἐκ@p οὐρανός@ngmsc ποιέω@vpamnms ὁ@dafs πρόοδος@nafsc ἑνοειδής@b μέν@b ἐν@p ἄνθρωπος@ngmsc μορφή@ndfsc περί@p ὁ@dafs ἐπίδαυρος@nafsp ἀναφαίνω@viap3s πληθύνω@vppenms δέ@cs ἐντεῦθεν@b ὁ@ddfp πρόοδος@ndfpc ἐπί@p πᾶς@anafs- ὀρέγω@viaa3s ὁ@dafs γῆ@nafsc ὁ@dafs σωτήριος@anafs- ἑαυτοῦ@rpgms δεξιά@anafs- ἔρχομαι@viaa3s εἰς@p πέργαμον@namsp εἰς@p ἰωνία@nafsp εἰς@p τάρας@nafsp μετά@p οὗτος@rpanp ὕστερος@b ἔρχομαι@viaa3s εἰς@p ὁ@dafs ῥώμη@nafsp οἴχομαι@viie3s δέ@b εἰς@p κῶ@nafsp ἐνθένδε@b εἰς@p αἰγαί@nafpp εἶτα@b πανταχοῦ@b γῆ@ngfsc εἰμί@vipa3s καί@cs θάλασσα@ngfsc οὐ@b κατά@p ἕκαστος@anams- ἐγώ@rpgmp ἐπιφοιτάω@vipa3s καί@cs ὅμως@b ἐπανορθόω@vipe3s ψυχή@nafpc πλημμελής@b διάκειμαι@vpreafp καί@cs ὁ@danp σῶμα@nanpc ἀσθενής@b ἔχω@vppaanp"
"c.Galil._41","τίς@rpans δέ@b τοιοῦτος@rpans ἑαυτοῦ@rpdmp ἑβραῖος@nnmpp καυχάω@vipe3p παρά@p ὁ@dgms θεός@ngmsc δίδωμι@vnre-- πρός@p ὅς@rpamp σύ@rpnmp ἀπό@p ἐγώ@rpgmp αὐτομολέω@vpaanmp πείθω@vipe2p εἰ@cs ὁ@ddmp ἐκεῖνος@rpgmp γοῦν@b προσέχω@viia2p λόγος@ndmpc οὐ@b ἄν@b παντάπασι@b ἐπίπραάσσω@vila2p δυστυχής@b ἀλλά@cs χείρων@anansc μέν@b ἤ1@cs πρότερος@b ὁπότε@b σύν@p ἐγώ@rpdmp εἰμί@vspa2p ὀϊστός@ananp- δέ@cs ὅμως@b πάσχω@vila2p ἄν@b καί@cs φορητός@ananp- εἷς@ γάρ@b ἀντί@p πολύς@angmp- θεός@namsc σέβομαι@viie2p ἄν@b οὐ@b ἄνθρωπος@namsc μᾶλλον@b δέ@cs πολύς@anamp- ἄνθρωπος@nampc δυστυχής@anamp- καί@b νόμος@ndmsc σκληρός@andms- μέν@b καί@cs τραχύς@andms- καί@b πολύς@anans- ὁ@dans ἄγριος@anans- ἔχω@vppadms καί@cs βάρβαρος@anams- ἀντί@p ὁ@dgmp παρά@p ἐγώ@rpdmp ἐπιεικής@angmp- καί@cs φιλάνθρωπον@angmp- χράομαι@vppenmp ὁ@danp μέν@b ἄλλος@rpanp χείρων@annmpc ἄν@b εἰμί@vspa2p ἁγνός@annmpc δέ@cs καί@cs καθαρός@annmpc ὁ@dafp ἁγιστεία@nafpc νῦν@b δέ@b σύ@rpdmp συμβαίνω@vira3s ὥσπερ@cs ὁ@ddfp βδέλλα@ndfpc ὁ@dans χείρων@anans- ἕλκω@vnpa-- αἷμα@nansc ἐκεῖθεν@b ἀφίημι@vnaa-- δέ@cs ὁ@dans καθαρός@anansc ὁ@dnms δέ@b ἰησοῦς@nnmsp ἀναπείθω@vpaanms ὁ@dans χείρων@ananss ὁ@dgnp παρά@p σύ@rpdmp ὀλίγος@anamp- πρός@p ὁ@ddmp τριακόσιοι@andmp- ἐνιαυτός@ndmpc ὀνομάζω@vipe3s ἐργάζομαι@vpamnms παρά@p ὅς@rpams ζάω@viia3s χρόνος@namsc οὐδείς@rpans ἀκοή@ngfsc ἄξιος@anams- εἰ@cs μή@b τις@rpnms οἴομαι@vipe3s ὁ@damp κυλλός@nampc καί@cs τυφλός@anamp- ἰάομαι@vnam-- καί@cs δαιμονάω@vppaamp ἐξορκίζω@vnpa-- ἐν@p βηθσαιδάι@ndfsp καί@cs ἐν@p βηθανία@ndfsp ὁ@ddfp κώμη@ndfpc ὁ@dgnp μέγας@angnps ἔργον@ngnpc εἰμί@vnpa-- ἁγνεία@ngfsc μέν@b οὐ@b δέ@b γάρ@b εἰ@cs ποιέω@vire3s μνήμη@nafsc ἐπίσταμαι@vipe2p ζηλόω@viia2p δέ@b ἰουδαῖος@ngmpp ὁ@damp θυμός@nampc καί@cs ὁ@dafs πικρία@nafsc ἀνατρέπω@vppanmp ἱερόν@nanpc καί@cs βωμός@nampc καί@cs ἀποσφάζω@vmaa2p οὐ@b ἐγώ@rpgmp μόνος@anans- ὁ@damp ὁ@ddnp πατρῷος@andmp- ἐμμένω@vppaamp ἀλλά@cs καί@b ὁ@dgmp ἐκ@p ἴσος@angfs- σύ@rpgmp πλανάω@vpregmp αἱρετικός@anamp- ὁ@damp μή@b ὁ@dams αὐτός@anams- τρόπος@namsc σύ@rpgmp ὁ@dams νεκρός@namsc θρηνέω@vppaamp ἀλλά@b οὗτος@rpnnp ὑμέτερος@annnp- μᾶλλον@b εἰμί@vipa3s οὐδαμοῦ@b γάρ@b οὐ@b τε@b ἰησοῦς@nnmsp αὐτός@rpanp παραδίδωμι@vira3s κελεύω@vppanms σύ@rpdmp οὐ@b τε@cs παῦλος@nnmsp αἴτιος@annns- δέ@b ὅτι@cs μη@b δέ@b ἐλπίζω@viaa3p εἰς@p οὗτος@rpans ἀφικνέομαι@vnfm-- ποτέ@b δύναμις@ngfsc σύ@rpamp ἀγαπάω@viia3p γάρ@b εἰ@cs θεράπαινα@nafpc ἐξαπατάω@vifa3p καί@b δοῦλος@nampc καί@cs διά@p οὗτος@rpgmp ὁ@dafp γυνή@nafpc ἀνήρ@nampc τε@cs οἷος@anamp- κορνήλιος@nnmsp καί@cs σέργιος@nnmsp ὅς@rpgmp εἷς@nnmsc ἐάν@cs φαίνω@vspa3s ὁ@dgmp τηνικαῦτα@b γνωρίζω@vppegmp ἐπιμιμνήσκομαι@vpapnms ἐπί@p τιβέριος@ngmsp γάρ@b ἤτοι@b κλαύδιος@ngmsp οὗτος@rpnnp γίγνομαι@viie3s περί@p πᾶς@angmp- ὅτι@cs ψεύδω@vipe1s νομίζω@vmpa2p"
"c.Galil._42","ἀλλά@cs οὗτος@rpans μέν@b οὐ@b οἶδα@vira1s ὅθεν@b ὥσπερ@b ἐπι πνέω@vppenms φθέγγομαι@viam1s ὅθεν@b δέ@cs ἐκβαίνω@viaa1s ὅτι@cs πρός@p ὁ@damp ἰουδαῖος@nampp αὐτομολέω@viaa2p τίς@rpans ὁ@ddmp ἡμέτερος@andmp- ἀχαριστέω@vpaanmp θεός@ndmpc ἆρα@b ὅτι@cs βασιλεύω@vnpa-- δίδωμι@viaa3p ὁ@dnmp θεός@nnmpc ὁ@ddfs ῥώμη@ndfsp ὁ@ddmp ἰουδαῖος@ndmpp ὀλίγος@anams- μέν@b χρόνος@namsc ἐλεύθερος@anamp- εἰμί@vnpa-- δουλεύω@vnaa-- δέ@cs ἀεί@b καί@cs παροικέω@vnaa-- σκοπέω@vmpa2s ὁ@dams ἀβραάμ@namsp οὐ@b πάροικος@annms- εἰμί@viia3s ἐν@p ἀλλότριος@ndfsc ὁ@dams ἰακὼβ@namsp οὐ@b πρότερος@anans- μέν@b σύρος@ndmpp ἑξῆς@b δέ@b ἐπί@p οὗτος@rpdmp παλαιστινός@ndmpp ἐν@p γῆρας@ndnsc δέ@cs αἰγύπτιος@ndmpp δουλεύω@viaa3s οὐ@b ἐκ@p οἶκος@ngmsc δουλεία@ngfsc ἐξάγω@vnaa-- αὐτός@rpamp ὁ@dnms μωυσῆς@nnmsp φημί@vipa3s ἐκ@p αἴγυπτος@ngfsp ἐν@p βραχίων@ndmsc ὑψηλός@andns- κατοικέω@vpaanmp δέ@b ὁ@dafs παλαιστίνη@nafsp οὐ@b πυκνός@anansc ἀμείβω@viaa3p ὁ@dafp τύχη@nafpc ἤ1@cs ὁ@dans χρῶμα@nansc φημί@vipa3p ὁ@dnmp θεάομαι@vprenmp ὁ@dams χαμαιλέων@namsc νῦν@b μέν@b ὑπακούω@vppanmp ὁ@ddmp κριτής@ndmpc νῦν@b δέ@cs ὁ@ddmp ἀλλόφυλος@andmp- δουλεύω@vppanmp ἐπεί@cs δέ@b βασιλεύω@viap3p ἀφίημι@vmpe3s δέ@b νῦν@b ὅπως@b οὐ@b τε@b γάρ@b ὁ@dnms θεός@nnmsc ἑκών@annms- αὐτός@rpdmp ὁ@dans βασιλεύω@vnpe-- συγχωρέω@viaa3s ὡς@cs ὁ@dnfs γραφή@nnfsc φημί@vipa3s ἀλλά@cs βιάζω@vpapnms ὑπό@p αὐτός@rpgmp καί@cs πρόδιαστέλλω@vpamnms ὅτι@cs ἄρα@b φαῦλος@b βασιλεύω@vifp3p πλήν@b ἀλλά@b οἰκέω@viaa3p γοῦν@b ὁ@dafs ἑαυτοῦ@rpgmp καί@cs γεωργέω@viaa3p ὀλίγος@ananp- πρός@p ὁ@ddnp τριακόσιοι@andnp- ἔτος@ndnpc ἐκ@p ἐκεῖνος@rpgns πρῶτος@anans- ἀσσύριος@ndmpp εἶτα@b μῆδος@ndmpp ὕστερος@anans- πέρσης@ndmpp δουλεύω@viaa3p εἶτα@cs νῦν@b ἐγώ@rpdmp αὐτός@andmp- καί@b ὁ@dnms παρά@p σύ@rpdmp κηρύσσω@vppenms ἰησοῦς@nnmsp εἷς@annms- εἰμί@viia3s ὁ@dgmp καῖσαρ@ngmsp ὑπήκοος@angmp- εἰ@cs δέ@b ἀπιστέω@vipa2p μικρός@anans- ὕστερος@anans- ἀποδείκνυμι@vifa1s μᾶλλον@b δέ@b ἤδη@b λέγω@vmpe3s φημί@vipa2p μέντοι@b μετά@p ὁ@dgms πατήρ@ngmsc αὐτός@rpams ἀπογράφω@vnam-- καί@cs ὁ@dgfs μήτηρ@ngfsc ἐπί@p κυρήνιος@ngnsp"
"c.Galil._43","ἀλλά@cs γίγνομαι@vpamnms ἄνθρωπος@nnmsc τίς@angnp- ἀγαθός@angnp- αἴτιος@annms- καθίστημι@viaa3s ὁ@ddmp ἑαυτοῦ@rpgms συγγενής@andmp- οὐ@b γάρ@b ἐθέλω@viaa3p φημί@vipa3p ὑπακούω@vnaa-- ὁ@dgms ἰησοῦς@ngmsp τίς@rpnns δέ@b ὁ@dnms σκληροκάρδιος@annms- καί@cs λιθοτράχηλος@annms- ἐκεῖνος@rpnms λαός@nnmsc πῶς@b ὑπακούω@viaa3s ὁ@dgms μωυσῆς@ngmsp ἰησοῦς@nnmsp δέ@b ὁ@dnms ὁ@ddnp πνεῦμα@ndnpc ἐπιτάσσω@vppanms καί@cs βαδίζω@vppanms ἐπί@p ὁ@dgfs θάλασσα@ngfsc καί@cs ὁ@danp δαιμόνιον@nanpc ἐξελαύνω@vppanms ὡς@cs δέ@cs σύ@rpnmp λέγω3@vipa2p ὁ@dams οὐρανός@namsc καί@cs ὁ@dafs γῆ@nafsc ἀπεργάζομαι@vpamnms οὐ@b γάρ@b δή@b οὗτος@rpanp τολμάω@vira3s τις@rpnms εἶπον@vnaa-- περί@p αὐτός@angms- ὁ@dgmp μαθητής@ngmpc εἰ@cs μή@b μόνος@annms- ἰώαννης@nnmsp οὐ@b δέ@b αὐτός@rpnms σαφής@b οὐ@b δέ@cs τρανής@b ἀλλά@b ἐρῶ@vnra-- γε@b συγχωρέω@vmre3s οὐ@b δύναμαι@viam3s ὁ@dafp προαίρεσις@nafpc ἐπί@p σωτηρία@ndfsc ὁ@dgmp ἑαυτοῦ@rpgms φίλος@ngmpc καί@cs συγγενής@angmp- μεθίστημι@vnaa--"
"c.Galil._44","οὗτος@rpanp μέν@b οὖν@b καί@b μικρός@anans- ὕστερος@anans- ὅταν@cs ἴδιος@andfs- περί@p ὁ@dgfs ὁ@dgnp εὐαγγέλιον@angnp- τερατουργία@ngfsc καί@cs σκευωρία@ngfsc ἐξετάζω@vnpa-- ἄρχω@vsam1p νυνί@b δέ@b ἀποκρίνω@vmam2p ἐγώ@rpdms πρός@p ἐκεῖνος@rpans πότερον@b ἀμείνων@annnsc ὁ@dnns διηνεκής@b μέν@b ἐλεύθερος@anams- εἰμί@vnpa-- ἐν@p δισχίλιοι@andmp- δέ@b ὅλος@andmp- ἐνιαυτός@ndmpc ἄρχω@vnaa-- ὁ@dans πλείων@anans- γῆ@ngfsc καί@cs θάλασσα@ngfsc ἤ1@cs ὁ@dnns δουλεύω@vnpa-- καί@cs πρός@p ἐπίταγμα@nansc ζάω@vnpa-- ἀλλότριος@anams- οὐδείς@annms- οὕτως@b εἰμί@vipa3s ἀναίσχυντος@annms- ὡς@cs αἱρέω@vnam-- μᾶλλον@b ὁ@dans δεύτερος@anans- ἀλλά@b ὁ@dans πόλεμος@ndmsc κρατέω@vnpa-- οἴομαι@vifm3s τις@rpnms ὁ@dgns κρατέω@vnpe-- χείρων@anansc οὕτως@b τις@rpnms εἰμί@vipa3s ἀναίσθητος@annms- εἰ@cs δέ@b οὗτος@rpanp ἀληθής@ananp- φημί@vipa1p εἷς@anams- ἐγώ@rpdms κατά@p ἀλέξανδρος@namsp δείκνυμι@vmaa2p στρατηγός@namsc εἷς@namsc κατά@p καῖσαρ@namsp παρά@p ὁ@ddmp ἑβραῖος@andmp- οὐ@b γάρ@b δή@b παρά@p σύ@rpdmp καίτοι@b μά@p ὁ@damp θεός@nampc εὖ@b οἶδα@vira1s ὅτι@cs περιυβρίζω@vipa1s ὁ@damp ἀνήρ@nampc μνημονεύω@viaa1s δέ@b αὐτός@rpgmp ὡς@b γνώριμος@angmp- ὁ@dnmp γάρ@b δή@b οὗτος@rpgmp ἐλάσσων@annmpc ὑπό@p ὁ@dgmp πολύς@angmp- ἀγνοέω@vipe3p ὅς@rpgmp ἕκαστος@annms- πᾶς@angmp- ὁμοῦ@b ὁ@dgnp παρά@p ἑβραῖος@ndmpp γίγνομαι@vpragnp εἰμί@vipa3s θαυμαστός@annmsc"
"c.Galil._45","ἀλλά@cs ὁ@dnms ὁ@dgfs πολιτεία@ngfsc θεσμός@nnmsc καί@cs τύπος@nnmsc ὁ@dgnp δικαστήριον@ngnpc ὁ@dnfs δέ@b περί@p ὁ@dafp πόλις@nafpc οἰκονομία@nnfsc καί@cs ὁ@dgmp νόμος@ngmpc ὁ@dnns κάλλος@nnnsc ὁ@dnfs δέ@b ἐν@p ὁ@ddnp μάθημα@ndnpc ἐπίδοσις@nnfsc ὁ@dnfs δέ@cs ἐν@p ὁ@ddfp ἐλευθέριος@andfp- τέχνη@ndfpc ἄσκησις@nnfsc οὐ@b ἑβραῖος@ngnpp μέν@b εἰμί@viia3s ἄθλιος@annfs- καί@cs βαρβαρικός@annfs- καίτοι@b βούλομαι@vipe3s ὁ@dnms μοχθηρός@nnmsc εὐσέβιος@nnmsp εἰμί@vnpa-- τις@rpams καί@b παρά@p αὐτός@rpdmp ἑξάμετρος@ananp- καί@cs φιλοτιμέομαι@vipe3s λογικός@anafs- εἰμί@vnpa-- πραγματεία@nafsc παρά@p ὁ@ddmp ἑβραῖος@ndmpp ὅς@rpgfs ὁ@dans ὄνομα@nansc ἀκούω@vira3s παρά@p ὁ@ddmp ἕλλην@ndmpp ποῖος@annns- ἰατρικός@angfs- εἶδος@nnnsc ἀναφαίνω@viap3s παρά@p ὁ@ddmp ἑβραῖος@andmp- ὥσπερ@cs ἐν@p ἕλλην@ndmpp ὁ@dgfs ἱπποκράτης@ngmsp καί@cs τις@angfp- ἄλλος@angfp- μετά@p ἐκεῖνος@rpams αἵρεσις@ngfpc ὁ@dnms σοφός@annmss σολομῶν@ngfpp παρόμοιος@annms- εἰμί@vipa3s ὁ@ddms παρά@p ἕλλην@ndmpp φωκυλίδης@ndmsp θεόγνιδις@ndmsp ἤ1@cs ἰσοκράτης@ndmsp πόθεν@b εἰ@cs γοῦν@b παραβάλλω@voaa2s ὁ@dafp ἰσοκράτης@ngmsp παραίνεσις@nafpc ὁ@ddfp ἐκεῖνος@rpgms παροιμία@ndfpc εὑρίσκω@voaa2s ἄν@b εὖ@b οἶδα@vira1s ὁ@dams ὁ@dgms θεόδωρος@ngmsp κρείσσων@anamsc ὁ@dgms σοφός@angmss βασιλεύς@ngmsc ἀλλά@b ἐκεῖνος@rpnms φημί@vipa3p καί@b περί@p θεουργία@nafsc ἀσκέω@viam3s τίς@rpnns οὖν@b οὐ@b καί@b ὁ@dnms σολομῶν@nnmsp οὗτος@annms- ὁ@ddmp ἡμέτερος@andmp- λατρεύω@viaa3s θεός@ndmpc ὑπό@p ὁ@dgfs γυνή@ngfsc ὡς@cs λέγω3@vipa3p ἐξαπατάω@vpapnms ὦ@i μέγεθος@nvnsc ἀρετή@ngfsc ὦ@i σοφία@ngfsc πλοῦτος@nnmsc οὐ@b περιγίγνομαι@vira3s ἡδονή@ngfsc καί@cs γυνή@ngfsc λόγος@nnmpc οὗτος@rpams παράγω@viaa3p εἴπερ@cs οὖν@b ὑπό@p γυνή@ngfsc ἀπατάω@viap3s οὗτος@rpams σοφός@anams- μή@b λέγω3@vmpa2p εἰ@cs δέ@b πιστεύω@vira2p σοφός@anams- μή@b σύ@b παρά@p γυνή@ngfsc αὐτός@rpams ἐξαπατάω@vnre-- νομίζω@vmpa2p κρίσις@ndfsc δέ@b οἰκεῖος@ndfsc καί@cs σύνεσις@ndfsc καί@cs ὁ@ddfs παρά@p ὁ@dgms φαίνω@vpapgns αὐτός@rpdms θεός@ngmsc διδασκαλία@nnfpc πείθω@vppeams λατρεύω@vnra-- καί@b ὁ@ddmp ἄλλος@rpdmp θεός@ndmpc φθόνος@nnmsc γάρ@b καί@cs ζῆλος@nnmsc οὐ@x δέ@cs ἄχρι@p ὁ@dgmp ἄριστος@angmps ἄνθρωπος@ngmpc ἀφικνέομαι@vipe3s τοσοῦτος@rpnns ἄπειμι@vipa3s ἄγγελος@ngmpc καί@cs θεός@ngmpc σύ@rpnmp δέ@b ἄρα@b περί@p ὁ@danp μέρος@nanpc ὁ@dgfp δύναμις@ngfpc στρέφω@vipe2p ὅς@rpanp δή@b δαιμόνιον@ananp- τις@rpnms εἶπον@vpaanms οὐ@b ἐξαμαρτάνω@vipa3s ὁ@dnns γάρ@b φιλότιμος@annns- ἐνταῦθα@b καί@cs φιλάργυρος@annns- ἐν@p δέ@b ὁ@ddmp θεός@ndmpc οὐδείς@rpnns ὑπάρχω@vipa3s καί@cs τοιοῦτος@rpnns"
"c.Galil._46","ὁ@dgns χάρις@p σύ@rpnmp ὁ@dgnp παρά@p ἕλλην@ndmpp παρεσθίω@viia2p μάθημα@ngnpc εἴπερ@cs αὐτάρκης@annfs- σύ@rpdmp εἰμί@vipa3s ὁ@dnfs ὁ@dgmp ὑμέτερος@angmp- γραφή@ngfpc ἀνάγνωσις@nnfsc καίτοι@b κρείσσων@annnsc ἐκεῖνος@rpgnp ἔργω1@vnpa-- ὁ@damp ἄνθρωπος@nampc ἤ1@cs ὁ@dgfs ὁ@dgnp ἱερόθυτος@angnp- ἐδωδή@ngfsc ἐκ@p μέν@b γάρ@b ἐκεῖνος@rpgfs καθά@cs καί@b ὁ@dnms παῦλος@nnmsp λέγω3@vipa3s βλάπτω@vipe3s μέν@b οὐδείς@rpans ὁ@dnms προσφέρω@vppenms ὁ@dnfs δέ@cs συνείδησις@nnfsc ὁ@dgms βλέπω@vppagms ἀδελφός@ngmsc σκανδαλίζω@voap3s ἄν@b κατά@p σύ@rpamp ὦ@i σοφός@annmps καί@cs ὑπερήφανος@annmps διά@p δέ@b ὁ@dgnp μάθημα@ngnpc οὗτος@angnp- ἀφίστημι@viaa3s ὁ@dgfs ἀθεότης@ngfsc πᾶς@annns- ὅτι@cs πέρ@b παρά@p σύ@rpdmp ὁ@dnfs φύσις@nnfsc φέρω@viaa3s γενναῖος@anans- ὅστις@rpdms οὖν@b ὑπάρχω@viaa3s εὐφυία@nafpc καί@b ἄν@b μικρός@anans- μόριον@nnnsc οὗτος@rpdms ταχύς@ananps συμβαίνω@viaa3s ὁ@dgfs παρά@p σύ@rpdmp ἀθεότης@ngfsc ἀφεστήξω@vnaa-- βελτίων@annnsc οὖν@b ἔργω1@vnpa-- μάθημα@ngnpc οὐ@b ἱερεῖον@ngnpc ὁ@damp ἄνθρωπος@nampc ἀλλά@b οἶδα@vmra2p καί@b σύ@rpnmp ὡς@cs ἐγώ@rpdms φαίνω@vipe3s ὁ@dans διάφορος@anans- εἰς@p σύνεσις@nafsc ὁ@dgfp παρά@p σύ@rpdmp γραφή@ngfpc πρός@p ὁ@dafp ἡμέτερος@anafp- καί@cs ὡς@cs ἐκ@p ὁ@dgmp παρά@p σύ@rpdmp οὐδείς@annms- ἄν@b γίγνομαι@voam3s γενναῖος@annms- ἀνήρ@nnmsc μᾶλλον@b δέ@b οὐ@b δέ@b ἐπιεικής@annms- ἐκ@p δέ@cs ὁ@dgnp παρά@p ἐγώ@rpdmp αὐτός@annms- ἑαυτοῦ@rpgms πᾶς@annms- ἄν@b γίγνομαι@voam3s καλός@annmsc εἰ@cs καί@b παντάπασι@b ἀφυής@annms- τις@rpnms εἰμί@vopa3s φύσις@ngfsc δέ@b ἔχω@vppanms εὖ@b καί@cs ὁ@dafp ἐκ@p οὗτος@rpgnp προσλαγχάνω@vpaanms παιδεία@ngfsc ἄτεχνος@b γίγνομαι@vipe3s ὁ@dgmp θεός@ngmpc ὁ@ddmp ἄνθρωπος@ndmpc δῶρον@nnnsc ἤτοι@cs φάος@nansc ἀνάπτω@vpaanms ἐπιστήμη@ngfsc ἤ1@cs πολιτεία@ngfsc γένος@nansc ὑφηγέομαι@vpaenms ἤ1@cs πολέμιος@anamp- πολύς@anamp- τρέπω@vpamnms ἤ1@cs καί@b πολύς@anafs- μέν@b γῆ@nafsc πολύς@anafs- δέ@b ἐπέρχομαι@vpaanms θάλασσα@nafsc καί@cs οὗτος@rpdms φαίνω@vpapnms ἡρωικός@annms-"
"c.Galil._47","τεκμήριον@nansp δέ@b οὗτος@rpans σαφής@anans- ἐκ@p πᾶς@angmp- σύ@rpgmp ἐπιλέγω@vpamnmp παιδίον@nanpc ὁ@ddfp γραφή@ndfpc ἐμμελετάω@vnaa-- παρασκευάζω@vmaa2p καί@b ἄν@cs φαίνω@vsap3s ὁ@dgnp ἀνδράποδον@ngnpc εἰς@p ἀνήρ@nampc τελέω@vpaaams σπουδαῖος@ananpc ληρέω@vnpa-- ἐγώ@rpams καί@cs μελαγχολάω@vnpa-- νομίζω@vmpa2p εἶτα@b οὕτως@b εἰμί@vipa2p δυστυχής@annmp- καί@cs ἀνόητος@annmp- ὥστε@cs νομίζω@vnpa-- θεῖος2@anamp- μέν@b ἐκεῖνος@rpamp ὁ@damp λόγος@nampc ὑπό@p ὅς@rpgmp οὐδείς@rpnms ἄν@b γίγνομαι@voam3s φρόνιμος@annmsc οὐ@b δέ@b ἀνδρεῖος@annmsc οὐ@b δέ@cs ἑαυτοῦ@rpgms κρείσσων@annmsc ὑπό@p ὅς@rpgmp δέ@b ἔνειμι@vipa3s ἀνδρεία@nafsc φρόνησις@nafsc δικαιοσύνη@nafsc προσλαμβάνω@vnaa-- οὗτος@rpamp ἀποδίδωμι@vmpa2p ὁ@ddms πονηρός@andms- καί@cs ὁ@ddmp ὁ@ddms πονηρός@ndmsc λατρεύω@vppadmp"
"c.Galil._48","ἰάομαι@nnfpp ἀσκληπιός@annms- ἐγώ@rpgmp ὁ@danp σῶμα@nanpc παιδεύω@vipa3p ἐγώ@rpgmp ὁ@dnfp μοῦσα@nnfpp σύν@p ἀσκληπιός@ndmsp καί@b ἀπόλλων@ndmsp καί@cs ἑρμῆς@ndmsp λόγιον@andms- ὁ@dafp ψυχή@nafpc ἄρης@nnmsp δέ@b καί@cs ἐνυώ@nnmsp ὁ@danp πρός@p ὁ@dams πόλεμος@namsc συναγωνίζομαι@vipe3s ὁ@danp δέ@b εἰς@p τέχνη@nafpc ἥφαιστος@nnmsp ἀποκληρόω@vipa3s καί@cs διανέμω@vipa3s οὗτος@rpanp δέ@cs πᾶς@ananp- ἀθηνᾶ@nnfsp μετά@p ὁ@dgms ζεύς@ngmsp παρθένος@ngfsc ἀμήτωρ@nnfsc πρυτανεύω@vipa3s σκοπέω@vmpa2p οὖν@b εἰ@cs μή@b κατά@p ἕκαστος@anams- οὗτος@rpgnp σύ@rpgcp εἰμί@vipa1p κρείσσων@annmpc λέγω3@vipa1s δέ@cs ὁ@danp περί@p ὁ@dafp τέχνη@nafpc καί@b σοφία@nafsc καί@cs σύνεσις@nafsc εἰ@cs τε@cs γάρ@b ὁ@dafp πρός@p ὁ@dafs χρεία@nafsc σκοπέω@voaa2s εἰ@cs τε@cs ὁ@dafp ὁ@dgns καλός@angns- χάρις@nafsc μιμητικός@anafp- οἷος@rpans ἀγαλματοποιητικός@anafs- γραφικός@anafs- ἤ1@cs οἰκονομικός@anafs- ἰατρικός@anafs- ὁ@dafs ἐκ@p ἀσκληπιός@ngfsp ὅς@b πανταχοῦ@b γῆ@ngfsc εἰμί@vipa3s χρηστήριον@nnnpc ὅς@rpanp δίδωμι@vipa3s ἐγώ@rpdcp ὁ@dnms θεός@nnmsc μεταλαγχάνω@vnpa-- διηνεκής@b ἐγώ@rpams γοῦν@b ἰάομαι@viae3s πολλάκις@b ἀσκληπιός@nnmsp κάμνω@vppaams ὑπαγορεύω@vpaanms φάρμακον@nanpc καί@cs οὗτος@angnp- μάρτυς@nnmsc εἰμί@vipa3s ζεύς@nnmsp εἰ@cs τοίνυν@b οὐ@b προσνέμω@vpaanmp ἑαυτοῦ@rpamp ὁ@ddns ὁ@dgfs ἀποστασία@ngfsc πνεῦμα@ndnsc ὁ@danp περί@p ψυχή@nafsc ἀμείνων@anansc ἔχω@vipa1p καί@cs περί@p σῶμα@nansc καί@cs ὁ@danp ἐκτός@b τις@rpgns ἕνεκα@p ἀφίημι@vpaanmp οὗτος@rpanp ἐπί@p ἐκεῖνος@rpanp βαδίζω@vmpa2p"
"c.Galil._49","ἀντί@p ὅστις@rpgns δέ@b μη@b δέ@b ὁ@ddmp ἑβραϊκός@andmp- λόγος@ndmpc ἐμμένω@viia2p μή@b τε@cs ἀγαπάω@vipa2p ὁ@dams νόμος@namsc ὅς@rpams δίδωμι@viaa3s ὁ@dnms θεός@nnmsc ἐκεῖνος@rpdmp ἀπολιμπάνω@vpaanmp δέ@cs ὁ@danp πάτριος@ananp- καί@cs δίδωμι@vpaanmp ἑαυτοῦ@rpamp ὅς@rpdmp κηρύσσω@viaa3p ὁ@dnmp προφήτης@nnmpc πλέος@anansc ἐκεῖνος@rpgmp ἤ1@cs ὁ@dgmp παρά@p ἐγώ@rpdmp ἀφεστήξω@viaa2p ὁ@dans γάρ@b ἀληθής@anans- εἰ@cs τις@rpnms ὑπέρ@p σύ@rpgmp ἐθέλω@vopa3s σκοπέω@vnpa-- εὑρίσκω@vifa3s ὁ@dafs ὑμέτερος@anafs- ἀσέβεια@nafsc ἐκ@p τε@b ὁ@dgfs ἰουδαικός@angfs- τόλμα@ngfsc καί@cs ὁ@dgfs παρά@p ὁ@ddnp ἔθνος@ndnpc ἀδιαφορία@ngfsc καί@cs χυδαιότης@ngfsc σύγκειμαι@vpreafs ἐκ@p ἄμφω@angmd- γάρ@x οὔτι@b ὁ@dans καλός@ananss ἀλλά@cs ὁ@dans χείρων@anansc ἕλκω@vpaanmp παρυφή@nafsc κακός@angnp- ἐργάζομαι@vmam2p ὁ@ddmp μέν@b γάρ@b ἑβραῖος@andmp- ἀκριβής@annnp- ὁ@dnnp περί@p θρησκεία@nafsc εἰμί@vipa3s νόμιμος@nnnpc καί@b ὁ@dnnp σέβας@nnnpc καί@cs φυλάγμα@nnnpc μυρίος@annnp- καί@cs δέω@vppennp βίος@ngmsc καί@cs προαίρεσις@ngfsc ἱερατικός@angfs- ἀπαγορεύω@vpaagms δέ@b ὁ@dgms νομοθέτης@ngmsc ὁ@dans πᾶς@andmp- μή@b δουλεύω@vnpa-- ὁ@ddmp θεός@ndmpc εἷς@andms- δέ@cs μόνος@anans- ὅς@rpgns μερίς@nnfsc εἰμί@vipa3s ἰακὼβ@nnmsp καί@cs σχοίνισμα@nnnsc κληρονομία@ngfsc ἰσραήλ@nnmsp οὐ@b οὗτος@rpans δέ@b μόνος@anans- εἶπον@vpaagms ἀλλά@cs γάρ@b οἴομαι@vipe1s καί@cs προστίθημι@vpaagms οὐ@b κακολογέω@vifa2s θεός@nampc ὁ@dnfs ὁ@dgmp ἐπιγίγνομαι@vppegmp βδελυρία@nnfsc τε@b καί@cs τόλμα@nnnsc βούλομαι@vppenfs πᾶς@anafs- εὐλάβεια@nafsc ἐξαιρέω@vnaa-- ὁ@dgns πλῆθος@ngnsc ἀκολουθέω@vnpa-- νομίζω@viaa3s ὁ@ddns μή@b θεραπεύω@vnpa-- ὁ@dans βλασφημέω@vnpa-- ὅς@rpans δή@b καί@b σύ@rpnmp ἐντεῦθεν@b ἕλκω@viaa2p μόνος@anans- ὡς@cs ὁ@dgnp γε@b ἄλλος@rpgnp οὐδείς@rpnns σύ@rpdmp τε@cs εἰμί@vipa3s καί@cs ἐκεῖνος@rpdmp παραπλήσιος@annns- ἀπό@p μέν@b οὖν@b ὁ@dgfs ἑβραῖος@ngmpp καινοτομία@ngfsc ὁ@dans βλασφημέω@vnpa-- ὁ@damp παρά@p ἐγώ@rpdmp τιμάω@vppeamp θεός@nampc ἁρπάζω@viaa2p ἀπό@p δέ@b ὁ@dgfs παρά@p ἐγώ@rpdmp θρησκεία@ngfsc ὁ@dans μέν@b εὐσεβής@anans- τε@b ὁμοῦ@b πρός@p ἅπας@anafs- ὁ@dafs κρείσσων@anafsc φύσις@nafsc καί@cs ὁ@dgnp πάτριος@angnp- ἀγαπητικός@anans- ἀπολείπω@vmaa2p μόνος@anans- δέ@cs κτάομαι@viam2p ὁ@dans πᾶς@ananp- ἐσθίω@vnpa-- ὡς@b λάχανον@nnnpc χόρτος@ngmsc καί@b εἰ@cs χρή@vipa3s ὁ@dans ἀληθής@anans- εἶπον@vnaa-- ἐπιτείνω@vnaa-- ὁ@dafs παρά@p ἐγώ@rpdmp φιλοτιμέομαι@viap2p χυδαιότης@nafsc οὗτος@rpnns δέ@b οἴομαι@vipe1s καί@b μάλα@b εἰκότως@b συμβαίνω@vipa3s πᾶς@andnp- ἔθνος@ndnpc καί@b βίος@ndmpc ἄνθρωπος@ngmpc εὐτελής@angmp- κάπηλος@ngmpc τελωνός@angmp- ὀρχηστής@ngmpc ἑταιροτρόφος@angmp- καί@cs ἁρμόζω@vnpa-- οἴομαι@viap2p ὁ@danp παρά@p σύ@rpdmp"
"c.Galil._50","ὅτι@cs δέ@b οὐ@b ὁ@dnmp νῦν@b ἀλλά@cs καί@b ὁ@dnmp ἐκ@p ἀρχή@ngfsc ὁ@dnmp πρῶτος@annmp- παραδείκνυμι@vpamnmp ὁ@dams λόγος@namsc παρά@p ὁ@dgms παῦλος@ngmsp τοιοῦτος@annmp- τις@rpnmp γίγνομαι@vira3p εὔδηλος@annns- ἐκ@p ὅς@rpgnp αὐτός@annms- ὁ@dnms παῦλος@nnmsp μαρτυρέω@vipa3s πρός@p αὐτός@rpamp γράφω@vppanms οὐ@b γάρ@b εἰμί@viia3s οὕτως@b ἀναίσχυντος@annms- οἴομαι@vipe1s ὡς@cs μή@b σύνοιδα@vpranms αὐτός@rpdmp ὄνειδος@viia3s τοσοῦτος@rpanp πρός@p αὐτός@anamp- ἐκεῖνος@rpamp ὑπέρ@p αὐτός@rpgmp γράφω@vnpa-- ἐκ@p ὅς@rpgnp εἰ@cs καί@b ἔπαινος@nampc γράφω@viaa3s τοσοῦτος@anamp- αὐτός@rpgmp εἰ@cs καί@b ἀληθής@anamp- τυγχάνω@viia3p ἐρυθριάω@vnfa-- εἰμί@viia3s εἰ@cs δέ@cs ψευδής@annmp- καί@cs πλάσσω@vprenmp καταδύω@vnpe-- φεύγω@vppaams ὁ@dans μετά@p κολακεία@ngfsc λάγνος@ngnsc καί@cs ἀνελεύθερος@angfs- κολακεία@ngfsc ἐντυγχάνω@vnpa-- δοκέω@vnpa-- ὅς@rpanp δέ@b γράφω@vipa3s περί@p ὁ@dgmp ἀκροάομαι@vpamgmp αὐτός@rpgms παῦλος@nnmsp πρός@p αὐτός@anamp- ἐκεῖνος@rpamp εἰμί@vipa3s οὗτος@rpnnp μή@b πλανάω@vmpe2p οὐ@b τε@cs εἰδωλολάτρης@nnmpc οὐ@b τε@cs μοιχός@nnmpc οὐ@b τε@cs μαλακός@annmp- οὐ@b τε@cs ἀρσενοκοίτης@nnmpc οὐ@b τε@cs κλέπτης@nnmpc οὐ@b τε@cs πλεονέκτης@nnmpc οὐ@b μέθυσος@annmp- οὐ@b λοίδορος@annmp- οὐ@b ἅρπαξ@nnmpc βασιλεία@nafsc θεός@ngmsc κτάομαι@vifa3p καί@b οὗτος@rpanp οὐ@b ἀγνοέω@vipa2p ἀδελφός@nvmpc ὅτι@cs καί@b σύ@rpnmp τοιοῦτος@annmp- εἰμί@vspa2p ἀλλά@b ἀπολούω@vmam2p ἀλλά@cs ἡγιάζω@viap2p ἐν@p ὁ@ddns ὄνομα@ndnsc ἰησοῦς@ngmsp χριστός@ngmsp ὁράω@vipa2s ὅτι@cs καί@b οὗτος@rpamp γίγνομαι@vnam-- φημί@vipa3s τοιοῦτος@rpamp ἁγιάζω@vnap-- δέ@b καί@cs ἀπολούω@vnam-- ῥύπτειν@vnpa-- ἱκανός@angns- καί@cs διακαθαίρω@vnpa-- ὕδωρ@ngnsc εὐπορέω@vpaagns ὅς@rpnns μέχρι@p ψυχή@ngfsc εἰσδύνω@vifm3s καί@cs ὁ@dgms μέν@b λεπρός@ngmsc ὁ@dafs λέπρα@nafsc οὐ@b ἀφαιρέω@vipe3s ὁ@dnns βάπτισμα@nnnsc οὐ@b δέ@cs λειχήν@nampc οὐ@b δέ@cs ἀλφός@nampc οὐ@b τε@cs ἀκροχορδόνες@nampc οὐ@b δέ@cs ποδάγρα@nafsc οὐ@b δέ@cs δυσεντερία@nafsc οὐ@b ὕδερος@nansc οὐ@b παρωνυχία@nafsc οὐ@b μικρός@anans- οὐ@b μέγας@anans- ὁ@dgnp ὁ@dgns σῶμα@ngnsc ἁμάρτημα@ngnpc μοιχεία@nafpc δέ@b καί@cs ἁρπαγή@nafpc καί@cs πᾶς@anafp- ἁπλῶς@b ὁ@dgfs ψυχή@ngfsc παρανομία@nafpc ἐξαιρέω@vipa3s"
"c.Galil._51","ἐπεί@cs δέ@b πρός@p μέν@b ὁ@damp νυνί@b ἰουδαῖος@nampp διαφέρω@vnpe-- φημί@vipa3p εἰμί@vnpa-- δέ@cs ἀκριβής@b ἰουδαῖος@nnmpp κατά@p ὁ@damp προφήτης@nampc αὐτός@rpgmp καί@cs ὁ@ddms μωυσῆς@ndmsp μάλιστα@b πείθω@vnpe-- καί@cs ὁ@ddmp ἀπό@p ἐκεῖνος@rpgms περί@p ὁ@dafs ἰουδαία@nafsp ἐπιγίγνομαι@vpamdmp προφήτης@ndmpc εἶδον@vsaa1p κατά@p τίς@rpans μάλιστα@b ὁμολογέω@vipa3p αὐτός@rpdmp ἄρχω@annns- δέ@b ἐγώ@rpdmp ἀπό@p ὁ@dgmp μωυσῆς@ngmsp ὅς@rpams δή@b καί@b αὐτός@anams- φημί@vipa3p προκηρύσσω@vnaa-- ὁ@dafs εἰμί@vpfmafs ἰησοῦς@ngmsp γέννησις@nafsc ὁ@dnms τοίνυν@b μωυσῆς@nnmsp οὐ@b ἅπαξ@b οὐ@b δέ@b δίς@b οὐ@b δέ@cs τρίς@b ἀλλά@cs πλειστάκις@b εἷς@anams- θεός@namsc μόνος@anams- ἀξιόω@vipa3s τιμάω@vnpa-- ὅς@rpams δή@b καί@b ἐπί@p πᾶς@andnp- ὀνομάζω@vipa3s θεός@namsc δέ@cs ἕτερος@anams- οὐδαμοῦ@b ἄγγελος@nampc δέ@b ὀνομάζω@vipa3s καί@b κύριος@anamp- καί@b μέντοι@b καί@cs θεός@nampc πλείων@anampc ἐξαιρετός@anams- δέ@b ὁ@dams πρῶτος@anams- ἄλλος@rpams δέ@cs οὐ@b ὑπολαμβάνω@vira3s δεύτερος@anams- οὐ@b τε@b ὅμοιος@anams- οὐ@b τε@cs ἀνόμοιος@anams- καθά@cs σύ@rpnmp ἐπεξεργάζομαι@vira2p εἰ@cs δέ@b εἰμί@vipa3s πού@b παρά@p σύ@rpdmp ὑπέρ@p οὗτος@rpgnp εἷς@annfs- μωυσῆς@ngmsp ῥῆσις@nnfsc οὗτος@rpafs εἰμί@vipa2p δίκαιος@annmp- προφέρω@vnpa-- ὁ@dans γάρ@b προφήτης@nansp σύ@rpdmp ἀνίστημι@vifa3s κύριος@nnmsc ὁ@dnms θεός@nnmsc ἐγώ@rpgmp ἐκ@p ὁ@dgmp ἀδελφός@ngmpc σύ@rpgmp ὡς@cs ἐγώ@rpams αὐτός@rpgms ἀκούω@vifm2p μάλιστα@b μέν@b οὖν@b οὐ@b ἐρῶ@vire3s περί@p ὁ@dgms γίγνομαι@vpapgns ἐκ@p μαρία@ngfsp εἰ@cs δέ@b τις@rpnms σύ@rpgmp ἕνεκα@p συγχωρέω@voaa3s ἑαυτοῦ@rpdms φημί@vipa3s αὐτός@rpams ὅμοιος@anams- γίγνομαι@vnfm-- καί@cs οὐ@b ὁ@ddms θεός@ndmsc προφήτης@namsc ὥσπερ@cs ἑαυτοῦ@rpams καί@b ἐκ@p ἄνθρωπος@ngmpc ἀλλά@cs οὐ@b ἐκ@p θεός@ngmsc καί@b ὁ@dnns οὐ@n---p ἐκλείπω@ndfsc ἄρχων@vppanms ἐκ@p ἰούδας@ngmsp οὐ@b δέ@cs ἡγέομαι@vppmnms ἐκ@p ὁ@dgmp μηρός@ngmpc αὐτός@rpgms μάλιστα@b μέν@b οὐ@b ἐρῶ@vire3s περί@p οὗτος@rpgns ἀλλά@cs περί@p ὁ@dgfs ὁ@dgms δαβίδ@ngmsp βασίλεια@ngfsc ὅς@rpnfs δή@b καταλήγω@viaa3s εἰς@p σεδεκίας@nafsp ὁ@dams βασιλεύς@namsc καί@b δή@b ὁ@dnfs γραφή@nnfsc διπλόος@b πως@b ἔχω@vipa3s ἕως@cs ἔρχομαι@vsaa3s ὁ@dnnp ἀπόκειμαι@vprennp αὐτός@rpdms παραποιέω@vira2p δέ@cs σύ@rpnmp ἕως@cs ἔρχομαι@vsaa3s ὅς@rpdfs ἀπόκειμαι@vipe3s ὅτι@cs δέ@b οὗτος@rpgnp οὐδείς@rpnns ὁ@ddms ἰησοῦς@ngmsp προσήκω@vipa3s πρόδηλος@annns- οὐ@b δέ@cs γάρ@b εἰμί@vipa3s ἐκ@p ἰούδας@ngmsp πῶς@b γάρ@b ὁ@dnms κατά@p σύ@rpamp οὐ@b ἐκ@p ἰωσήφ@nvmsp ἀλλά@cs ἐκ@p ἅγιος@angns- πνεῦμα@ngnsc γίγνομαι@vpranms ὁ@dams ἰωσήφ@namsp γάρ@b γενεαλογέω@vppanmp εἰς@p ὁ@dams ἰούδας@namsp ἀναφέρω@vmpa2p καί@cs οὐ@b δέ@b οὗτος@rpans δύναμαι@viap2p πλάσσω@vnaa-- καλός@b ἐλέγχω@vipe3p γάρ@b ματθαῖος@nnmsp καί@cs λουκᾶς@nnmsp περί@p ὁ@dgfs γενεαλογία@ngfsc αὐτός@rpgms διαφωνέω@vppanmp πρός@p ἀλλήλων@rpamp ἀλλά@b περί@p μέν@b οὗτος@rpgns μέλλω@vppanmp ἐν@p ὁ@ddns δεύτερος@andns- σύγγραμμα@ndnsc ὁ@dans ἀληθής@anans- ἀκριβής@b ἐξετάζω@vnpa-- ὑπερτίθημι@viie1p συγχωρέω@vmre3s δέ@b καί@b ἄρχων@vppanms ἐκ@p ἰούδας@ngmsp οὐ@b θεός@nnmsc ἐκ@p θεός@ngmsc κατά@p ὁ@danp παρά@p σύ@rpgmp λέγω3@vppeanp οὐ@b δέ@b ὁ@dnnp πᾶς@annnp- διά@p αὐτός@rpgms γίγνομαι@viam3s καί@cs χωρίς@p αὐτός@rpgms γίγνομαι@viam3s οὐ@b δέ@b εἷς@nnnsc ἀλλά@b ἐρῶ@vire3s καί@b ἐν@p ὁ@ddmp ἀριθμός@ndmpc ἀνατέλλω@vipa3s ἄστρον@nnnsc ἐκ@p ἰακὼβ@ngfsp καί@cs ἄνθρωπος@nnmsc ἐκ@p ἰσραήλ@ng-sp οὗτος@rpnns ὅτι@cs ὁ@ddms δαβίδ@ndmsp προσήκω@vipa3s καί@cs ὁ@ddmp ἀπό@p ἐκεῖνος@rpgms πρόδηλος@annns- εἰμί@vipa3s πού@b ὁ@dgms γάρ@b ἰεσσαί@ndmsp παῖς@nnmsc εἰμί@viia3s ὁ@dnms δαβίδ@nnmsp"
"c.Galil._52","εἴπερ@cs οὖν@b ἐκ@p οὗτος@rpgnp ἐπιχειρέω@vipa2p συμβιβάζω@vnpa-- ἐπιδείκνυμι@vmaa2p εἷς@ ἐκεῖθεν@b ἕλκω@vpaanmp ῥῆσις@nafsc ὅποι@b πολύς@anafp- πάνυ@b ἐγώ@rpncs ὅτι@cs δέ@b θεός@namsc ὁ@dams εἷς@anams- ὁ@dams ὁ@dgms ἰσραήλ@ngmsp νομίζω@viaa3s ἐν@p ὁ@ddns νόμος@ndnsp φημί@vipa3s ὥστε@b οἶδα@vnra-- δέ@b ὅτι@cs κύριος@nnmsc ὁ@dnms θεός@nnmsc σύ@rpgcs οὗτος@rpnms θεός@nnmsc εἰμί@vipa2s εἰμί@vipa3s καί@cs οὐ@b εἰμί@vipa3s ἄλλος@rpnms πλήν@p αὐτός@rpgms καί@b ἔτι@b πρός@p οὗτος@rpdms καί@cs ἐπιστρέφω@vifm2s ὁ@ddfs διάνοια@ndfsc σύ@rpgcs ὅτι@cs κύριος@nnmsc ὁ@dnms θεός@nnmsc σύ@rpgcs οὗτος@rpnms θεός@nnmsc ἐν@p ὁ@ddms οὐρανός@ndmsc ἄνω@b καί@cs ἐπί@p ὁ@dgfs γῆ@ngfsc κάτω@b καί@cs οὐ@b εἰμί@vipa3s πλήν@p αὐτός@rpgms καί@b πάλιν@b ἀκούω@nvmsp ἰσραήλ@nvmsp κύριος@nnmsc ὁ@dnms θεός@nnmsc ἐγώ@rpgcp κύριος@nnmsc εἷς@ εἰμί@vipa3s καί@b πάλιν@b εἶδον@viia2p ὅτι@cs ἐγώ@rpnms εἰμί@vipa1s καί@cs οὐ@b εἰμί@vipa3s θεός@nnmsc πλήν@p ἐγώ@rpgms οὗτος@rpnnp μέν@b οὖν@rpams ὁ@dnms μωυσῆς@nnmsp εἷς@anams- διατείνω@vppenms μόνος@anams- εἰμί@vnpa-- θεός@namsc ἀλλά@b οὗτος@annmp- τυγχάνω@b λέγω@vifa3p οὐ@b δέ@cs ἐγώ@rpnmp δύο@ λέγω3@vipa1p οὐ@b δέ@cs τρεῖς@ ἐγώ@rpnms δέ@b λέγω3@vppaamp μέν@b αὐτός@rpamp καί@b οὗτος@rpans δείκνυμι@vifa1s μαρτύρομαι@vppenms ἰώαννης@namsp λέγω3@vppaams ἐν@p ἀρχή@ndfsc εἰμί@viia3s ὁ@dnms λόγος@nnmsc καί@cs ὁ@dnms λόγος@nnmsc εἰμί@viia3s πρός@p ὁ@dams θεός@namsc καί@cs θεός@nnmsc εἰμί@viia3s ὁ@dnms λόγος@nnmsc ὁράω@vipa2s ὅτι@cs πρός@p ὁ@dams θεός@namsc εἰμί@vnpa-- λέγω3@vipe3s εἰ@cs τε@cs ὁ@dnms ἐκ@p μαρία@ngfsp γεννάω@vpapnms εἰ@b τε@cs ἄλλος@rpnms τις@rpncs εἰμί@vipa3s ἵνα@cs ὁμοῦ@b καί@cs πρός@p φωτεινός@namsp ἀποκρίνω@vspe1s διαφέρω@vipa3s οὗτος@rpans νῦν@b οὐδείς@rpans ἀφίημι@vipa1s δῆτα@b ὁ@dafs μάχη@nafsc σύ@rpdmp ὅτι@cs μέντοι@b φημί@vipa3s πρός@p θεός@namsc καί@cs ἐν@p ἀρχή@ndfsc οὗτος@rpans ἀποχράω@vmpa2s μαρτύομαι@vnae-- πῶς@b οὖν@b ὁμολογέω@vipa3s οὗτος@rpnnp ὁ@ddmp μωυσῆς@ngmsp"
"c.Galil._53","ἀλλά@cs ὁ@ddmp ἡσαΐας@ngmsp φημί@vipa3p ὁμολογέω@vipa3s λέγω3@vipa3s γάρ@b ἡσαΐας@nnmsp ἰδού@b ὁ@dnfs παρθένος@nnfsc ἐν@p γαστήρ@ndfsc ἔχω@vifa3s καί@cs τίκτω@vifm3s υἱός@namsc εἰμί@vmpa3s δή@b καί@cs οὗτος@rpnns λέγω3@vppenns ὑπέρ@p θεός@ngmsc καίτοι@cs μηδαμῶς@b ἐρῶ@vprenns οὐ@b γάρ@b εἰμί@viia3s παρθένος@nnfsc ὁ@dnfs γαμέω@vprenfs καί@cs πρίν@cs ἀποκυάω@vnaa-- συγκατακλίνω@vpapnfs ὁ@ddms γαμέω@vpaadms δίδωμι@vmpe3s δέ@b λέγω3@vnpe-- περί@p οὗτος@rpgfs μή@b τις@rpans θεός@namsc φημί@vipa3s ἐκ@p ὁ@dgfs παρθένος@ngfsc τίκτω@vnfp-- θεοτόκος@nafsc δέ@b σύ@rpnmp οὐ@b παύω@vipe2p μαρία@nafsp καλέω@vppanmp εἰ@cs μή@b πού@b φημί@vipa3s ὁ@dams ἐκ@p ὁ@dgfs παρθένος@ngfsc γεννάω@vppeams υἱός@namsc θεός@ngmsc μονογενής@anams- καί@cs πρωτότοκος@anams- πᾶς@angfs- κτίσις@ngfsc ἀλλά@b ὁ@dnns λέγω3@vppenns ὑπό@p ἰώαννης@ngmsp πᾶς@ngmsp διά@p αὐτός@rpgms γίγνομαι@viam3s καί@cs χωρίς@p αὐτός@rpgms γίγνομαι@viam3s οὐ@b δέ@cs εἷς@nnnsc ἔχω@vipa3s τις@rpnms ἐν@p ὁ@ddfp προφητικός@andfp- δείκνυμι@ndfpc φωνή@ndfpc ὅς@rpanp δέ@b ἐγώ@rpnmp δείκνυμι@vipa1p ἐκ@p αὐτός@angnp- ἐκεῖνος@rpgnp ἑξῆς@b ἀκούω@vmpa2p κύριος@nvmsp ὁ@dnms θεός@nnmsc ἐγώ@rpgcp κτάομαι@vmam2s ἐγώ@rpacp ἐκτός@p σύ@rpgcs ἄλλος@rpams οὐ@b οἶδα@vira1p ποιέω@vire3s δέ@b παρά@p αὐτός@rpgmp καί@b ἑζεκίας@nnmsp ὁ@dnms βασιλεύς@nnmsc εὔχομαι@vppenms κύριος@nvmsp ὁ@dnms θεός@nnmsc ἰσραήλ@nvmsp ὁ@dnms κάθημαι@vprmnms ἐπί@p ὁ@dgmp χερουβίμ@ngmsp σύ@rpncs εἰμί@vipa2s ὁ@dnms θεός@nnmsc μόνος@annms- μή@cs τις@rpans ὁ@ddms δεύτερος@andms- καταλιμπάνω@vipa3s χώρα@nafsc ἀλλά@b εἰ@cs θεός@nnmsc ἐκ@p θεός@ngmsc κατά@p σύ@rpamp ὁ@dnms λόγος@nnmsc εἰμί@vipa3s καί@cs ὁ@dgfs οὐσία@ngfsc ἐκφύω@viaa3s ὁ@dgms πατήρ@ngmsc θεοτόκος@anafs- σύ@rpnmp ἀντί@p ὅστις@rpgms ὁ@dafs παρθένος@nafsc εἰμί@vnpa-- φημί@vipa2p πῶς@b γάρ@b ἄν@b τίκτω@voaa3s θεός@namsc ἄνθρωπος@nnfsc εἰμί@vppanfs κατά@p σύ@rpacp καί@b πρός@p γε@b οὗτος@rpdns λέγω3@vppagms ἐναργής@b θεός@ngmsc ἐγώ@rpnms εἰμί@vipa1s καί@cs οὐ@b εἰμί@vipa3s παρέξ@p ἐγώ@rpgms σώζω@vppanms σύ@rpnmp σωτήρ@namsc ὁ@dams ἐκ@p αὐτός@rpgfs εἶπον@vnaa-- τολμάω@vira2p"
"c.Galil._54","ὅτι@cs δέ@b μωυσῆς@nampp ὀνομάζω@vipa3s θεός@nampc ὁ@damp ἄγγελος@nampc ἐκ@p ὁ@dgmp ἐκεῖνος@rpgms λόγος@ngmpc ἀκούω@vmaa2p εἶδον@vpaanmp δέ@b ὁ@dnmp υἱός@nnmpc ὁ@dgms θεός@ngmsc ὁ@dafp θυγάτηρ@nafpc ὁ@dgmp ἄνθρωπος@ngmpc ὅτι@cs καλός@annfp- εἰμί@vipa3p λαμβάνω@viaa3p ἑαυτοῦ@rpdmp γυνή@nafpc ἀπό@p πᾶς@angfp- ὅς@rpgfp ἐκλέγω@viam3p καί@cs μικρός@b ὑποβάλλω@vpaanms καί@cs μετά@p ἐκεῖνος@rpans ὡς@cs ἄν@b ἄν@b εἰσπορεύω@viie3p ὁ@dnmp υἱός@nnmpc ὁ@dgms θεός@ngmsc πρός@p ὁ@dafp θυγάτηρ@nafpc ὁ@dgmp ἄνθρωπος@ngmpc καί@cs γεννάω@viaa3p ἑαυτοῦ@rpdmp ἐκεῖνος@rpnmp εἰμί@viia3p ὁ@dnmp γίγας@nnmpc ὁ@dnmp ἀπό@p αἰών@ngmsc ὁ@dnmp ὀνομαστός@annmp- ὅτι@cs τοίνυν@b ὁ@damp ἄγγελος@nampc φημί@vipa3s εὔδηλος@annns- εἰμί@vipa3s καί@cs ἔξωθεν@b οὐ@b πρόσπαρακέομαι@vppenns ἀλλά@cs καί@b δῆλος@annns- ἐκ@p ὁ@dgns φημί@vnpa-- οὐ@b ἄνθρωπος@nampc ἀλλά@cs γίγας@nampc γίγνομαι@vnra-- παρά@p ἐκεῖνος@rpgmp δῆλος@annns- γάρ@b ὡς@cs εἴπερ@cs ἄνθρωπος@nampc νομίζω@viia3s αὐτός@rpgmp εἰμί@vnpa-- ὁ@damp πατήρ@nampc ἀλλά@cs μή@b κρείσσων@angfsc καί@cs ἰσχυρός@angfsc τις@rpgcs φύσις@ngfsc οὐ@b ἄν@b ἀπό@p αὐτός@rpgmp εἶπον@viaa3s γεννάω@vnap-- ὁ@damp γίγας@nampc ἐκ@p γάρ@b θνητός@angms- καί@cs ἀθάνατος@angfs- μῖξις@ngfsc ἀποφαίνω@vnam-- ἐγώ@rpdms δοκέω@vipa3s ὁ@dans ὁ@dgnp γίγας@vppagnp ὑφίστημι@vnaa-- γένος@nansc ὁ@dnms δή@b πολύς@anamp- υἱός@nampc ὀνομάζω@vppanms θεός@ngmsc καί@cs οὗτος@rpamp οὐ@b ἄνθρωπος@nampc ἄγγελος@nampc δέ@b ὁ@dams μονογενής@anams- λόγος@namsc θεός@namsc ἤ1@cs υἱός@namsc θεός@ngmsc ἤ1@cs ὅπως@cs ἄν@b αὐτός@rpams καλέω@vspa2p εἴπερ@cs γιγνώσκω@viia3s οὐ@b ἄν@b εἰς@p ἄνθρωπος@nampc μηνύω@viaa3s ὅτι@cs δέ@b οὐ@b μέγας@anans- οὗτος@rpans νομίζω@viia3s ὑπέρ@p ὁ@dgms ἰσραήλ@ngmsp φημί@vipa3s υἱός@nnmsc πρωτότοκος@annms- ἐγώ@rpgms ἰσραήλ@nnmsp τίς@anans- οὐ@b καί@b περί@p ὁ@dgms ἰησοῦς@ngmsp οὗτος@rpanp φημί@viia3s μωυσῆς@nnmsp εἷς@anams- καί@cs μόνος@anams- διδάσκω@viia3s θεός@namsc υἱός@nampc δέ@cs αὐτός@rpgms πολύς@anamp- ὁ@damp κατανέμω@vppeamp ὁ@danp ἔθνος@nanpc πρωτότοκος@anams- δέ@b υἱός@namsc θεός@ngmsc ἤ1@b θεός@namsc λόγος@namsc ἤ@cs τις@rpans ὁ@dgnp ὑπό@p σύ@rpgmp ὕστερος@anans- ψευδής@b συντίθημι@vpapgnp οὐ@b τε@b οἶδα@vila3s κατά@p ἀρχή@nafsc οὐ@b τε@cs διδάσκω@viia3s φανερός@b αὐτός@angms- τε@x μωυσῆς@ngmsp καί@cs ὁ@dgmp ἄλλος@angmp- ἐπακούω@viaa2p προφήτης@ngmpc ὁ@dnms οὖν@b μωυσῆς@nnmsp πολύς@ananp- τοιοῦτος@rpanp καί@b πολλαχοῦ@b λέγω3@vipa3s κύριος@namsp ὁ@dams θεός@namsc σύ@rpgcs φοβέω@vife2s καί@cs αὐτός@rpdms μόνος@andms- λατρεύω@vifa2s πῶς@b οὖν@b ὁ@dnms ἰησοῦς@nnmsp ἐν@p ὁ@ddnp εὐαγγέλιον@andnp- παραδίδωμι@vire3s προστάσσω@vppanms πορεύω@vpapnmp βαπτίζω@vmaa2p πᾶς@ananp- ὁ@danp ἔθος@nanpc βαπτίζω@vppanmp αὐτός@rpamp εἰς@p ὁ@dans ὄνομα@nansc ὁ@dgms πατήρ@ngmsc καί@b ὁ@dgms υἱός@ngmsc καί@cs ὁ@dgns ἅγιος@angns- πνεῦμα@ngnsc εἴπερ@cs μή@b καί@b αὐτός@rpdms λατρεύω@vnpa-- μέλλω@viia3p ἀκόλουθος@vipe1p δέ@b οὗτος@rpdnp καί@cs σύ@rpncp διανοέομαι@vppenmp μετά@p ὁ@dgms πατήρ@ngmsc θεολογέω@vipa2p ὁ@dams υἱός@namsc"
"c.Galil._55","ὑπέρ@p δέ@b ἀποτρόπαιος@angnp- ἐπακούω@vmaa2s πάλιν@b ὅσος@rpanp λέγω3@vipa3s καί@cs λαμβάνω@vifm3s δύο@ τράγος@nampc ἐκ@p αἴξ@ngfpc περί@p ἁμαρτία@ngfsc καί@cs κριός@namsc εἷς@ εἰς@p ὁλοκαύτωμα@nansc καί@b προσάγω@vifa3s ὁ@dnms ἀαρών@nnmsp ὁ@dams μόσχος@namsc ὁ@dams περί@p ὁ@dgfs ἁμαρτία@ngfsc ὁ@dams περί@p ἑαυτοῦ@rpgms καί@cs ἐξιλάσκομαι@vipe3s περί@p αὐτός@rpgms καί@cs ὁ@dgms οἶκος@ngmsc αὐτός@rpgms καί@b λαμβάνω@vifm3s ὁ@damp δύο@an---- τράγος@nampc καί@cs ἵστημι@vifa3s αὐτός@rpamp ἔναντι@p κύριος@ngmsc παρά@p ὁ@dafs θύρα@nafsc ὁ@dgfs σκηνή@ngfsc ὁ@dgns μαρτύριον@ngnsc καί@b ἐπιτίθημι@vifa3s ἀαρών@nnmsp ἐπί@p ὁ@damp δύο@an---- τράγος@nampc κλῆρος@namsc εἷς@anams- ὁ@ddms κύριος@ndmsc καί@cs κλῆρος@namsc εἷς@ ὁ@ddms ἀποπομπαῖος@andms- ὥστε@cs ἐκπέμπω@vnaa-- αὐτός@rpams φημί@vipa3s ἀποπομπή@nafsc καί@cs ἀφίημι@vnaa-- αὐτός@rpams εἰς@p ὁ@dafs ἐρῆμος@anafs- ὁ@dnms μέν@b οὖν@b ὁ@ddns ἀποπομπαῖος@andns- πέμπω@vppenms οὕτως@b ἐκπέμπω@vipe3s ὁ@dams δέ@x γε@x ἕτερος@anams- τράγος@namsc φημί@vipa3s καί@b σφάζω@vifa3s ὁ@dams τράγος@namsc ὁ@dams περί@p ὁ@dgfs ἁμαρτία@ngfsc ὁ@dgms λαός@ngmsc ἔναντι@p κύριος@ngnsc καί@b εἰσφέρω@vifm2s ὁ@dgns αἷμα@ngnsc αὐτός@rpgms ἐσώτερος@anansc ὁ@dgns καταπέτασμα@ngnsc καί@b ῥανέω@vifa3s ὁ@dans αἷμα@nansc ἐπί@p ὁ@dafs βάσις@nafsc ὁ@dgns θυσιαστήριον@ngnsc καί@cs ἐξιλάσκομαι@vipe3s ἐπί@p ὁ@dgnp ἅγιος@angmp- ἀπό@p ὁ@dgfp ἀκαθαρσία@ngfpc ὁ@dgmp υἱός@ngmpc ἰσραήλ@nnmsp καί@cs ἀπό@p ὁ@dgnp ἀδίκημα@ngnpc αὐτός@rpgmp περί@p πᾶς@angfp- ὁ@dgfp ἁμαρτία@ngfpc αὐτός@angfp- ὡς@cs μέν@b οὖν@b ὁ@damp ὁ@dgfp θυσία@ngfpc ἐπίσταμαι@viie3s τρόπος@nampc μωυσῆς@nnmsp εὔδηλος@annns- εἰμί@vipa3s πού@b διά@p ὁ@dgnp ἐρῶ@vpapgnp ὅτι@cs δέ@b οὐ@b ὡς@cs σύ@rpnmp ἀκάθαρτος@ananp- νομίζω@viaa3s αὐτός@rpanp πάλιν@b ἐκ@p ὁ@dgnp ἐκεῖνος@rpgms ῥῆμα@ngnpc ἐπακούω@viaa2p ὁ@dnfs δέ@b ψυχή@nnfsc ὅστις@rpnfs ἐάν@cs ἐσθίω@vsaa3s ἀπό@p ὁ@dgnp κρέας@ngnpc ὁ@dgfs θυσία@ngfsc ὁ@dgns σωτήριος@ngnsc ὅς@rpnns εἰμί@vipa3s κύριος@ngnsc καί@cs ὁ@dnfs ἀκαθαρσία@nnfsc αὐτός@rpgms ἐπί@p αὐτός@rpdns ἀπόλλυμι@vifm3s ὁ@dnfs ψυχή@nnfsc ἐκεῖνος@rpnfs ἐκ@p ὁ@dgms λαός@ngmsc αὐτός@rpgfs αὐτός@annms- οὕτως@b εὐλαβής@annms- ὁ@dnms μωυσῆς@nnmsp περί@p ὁ@dafs ὁ@dgnp ἱερόν@ngnpc ἐδωδή@nafsc"
"c.Galil._56","προσήκω@vipa3s δή@b λοιπός@anans- ἀναμιμνῄσκω@vnap-- ὁ@dgnp ἔμπροσθεν@b ὅς@rpgnp ἕνεκα@p ἐρῶ@viap3s καί@b οὗτος@rpnnp διά@p τίς@rpans γάρ@b ἀφίστημι@vpaanmp ἐγώ@rpgmp οὐ@b ὁ@dams ὁ@dgmp ἰουδαῖος@ngmpp ἀγαπάω@vipa2p νόμος@namsc οὐ@b δέ@cs ἐμμένω@viia2p ὁ@ddnp ὑπό@p ἐκεῖνος@rpgms λέγω3@vppednp ἐρῶ@vifa3s πάντως@b τις@rpnms ὀξύς@anans- βλέπω@vppanms οὐ@b δέ@b γάρ@b ἰουδαῖος@nnmpp θύω1@vipa3p ἀλλά@b ἐγώ@rpnms ἀμβλυώσσω@vppaams δεινός@b αὐτός@rpams ἐξελέγχω@vifa1s πρῶτος@anans- μέν@b ὅτι@cs μη@b δέ@b ὁ@dgnp ἄλλος@rpgnp τις@rpnns ὁ@dgnp παρά@p ὁ@ddmp ἰουδαῖος@ndmpp νομίζω@vpregnp εἰμί@vipa3s καί@cs σύ@rpdmp ἐν@p φυλακή@ndmsc δεύτερος@anans- δέ@b ὅτι@cs θύω1@vipa3p μέν@b ἐν@p ἄδρακτος@andnp- ἰουδαῖος@nnmpp καί@b νῦν@b ἔτι@b πᾶς@ananp- ἐσθίω@vipa3p ἱερόν@nanpc καί@cs κατεύχομαι@vipe3p πρό@p ὁ@dgns θύω@vnaa-- καί@cs ὁ@dams δεξιός@anams- ὦμος@namsc δίδωμι@vipa3p ἀπαρχή@nafpc ὁ@ddmp ἱερεύς@ndmpc ἀποστερέω@vprenmp δέ@cs ὁ@dgms ναός@ngmsc ἤ@cs ὡς@cs αὐτός@rpdnp ἔθος@nnnsc λέγω3@vnpa-- ὁ@dgns ἁγίασμα@ngnsc ἀπαρχή@nafpc ὁ@ddms θεός@ndmsc ὁ@dgnp ἱερεῖον@ngnpc ἔργω1@vipe3p προσφέρω@vnpa-- σύ@rpnmp δέ@b ὁ@dnmp ὁ@dafs καινός@anafs- θυσία@nafsc εὑρίσκω@vpaanmp οὐδείς@rpans δέω2@vppenmp ὁ@dgfs ἱερουσαλήμ@ngfsp ἀντί@p τις@rpgns οὐ@b θύω@vipa2p καίτοι@b οὗτος@rpans μέν@b ἐγώ@rpnms πρός@p σύ@rpamp ἐκ@p περιουσία@ngfsc εἶπον@viaa1s ἐπεί@cs ἐγώ@rpdms ὁ@dafs ἀρχή@nafsc ἐρῶ@viap3s βούλομαι@vppedms δείκνυμι@vnaa-- ὁ@ddnp ἔθνος@ndnpc ὁμολογέω@vppaamp ἰουδαῖος@nampp ἔξω@p ὁ@dgns νομίζω@vnpa-- εἷς@namsc θεός@namsc μόνος@anams- ἐκεῖνος@rpnns γάρ@b αὐτός@rpgmp μέν@b ἴδιος@annns- ἐγώ@rpgmp δέ@cs ἀλλότριος@annns- ἐπεί@cs ὁ@dnnp γε@b ἄλλος@rpnnp κοινός@annnp- πως@b ἐγώ@rpdmp εἰμί@vipa3s ναός@nnmpc τέμενος@nnnpc θυσιαστήριον@nnnpc ἁγνεία@nnfpc φυλάγμα@nnnpc τις@annnp- περί@p ὅς@rpgnp ἤ1@b ὁ@dans παράπαν@b οὐδαμῶς@b ἤ1@cs μικρός@ananp- διαφέρω@vipe1p πρός@p ἀλλήλων@rpamp"
"c.Galil._57","ἀντί@p ὅστις@rpgns περί@p ὁ@dafs δίαιτα@nafsc οὐ@b ὁ@ddmp ἰουδαῖος@andmp- ὅμοιος@b εἰμί@vipa1p καθαρός@annmp- πᾶς@ananp- δέ@cs ἐσθίω@vnpa-- ὡς@cs λάχανον@nanpc χόρτος@ngmsc δεῖ@vnpa-- φημί@vipa2p πέτρος@ndmsp πιστεύω@vpaanmp ὅτι@cs φημί@vipa3p λέγω@viaa3s ἐκεῖνος@rpnms ὅς@b ὁ@dnms θεός@nnmsc καθαίρω@viaa3s σύ@rpncs μή@b κοῖος@vmpe2s τίς@rpans οὗτος@rpgns τεκμήριον@nnnsc ὅτι@cs πάλαι@b μέν@b ἄττα@ananp- νομίζω@viia3s ὁ@dnms θεός@nnmsc μιαρός@ananp- νυνί@b δέ@cs καθαρός@ananp- ποιέω@vira3s αὐτός@rpanp μωυσῆς@nampp μέν@b γάρ@b ἐπί@p ὁ@dgnp τετράπους@ngnpc ἐπισημαίνω@vppenms πᾶς@anans- ὁ@dans διχηλέω@vppaans φημί@vipa3s ὁπλή@anafs- καί@cs ἀναμαρυκίζω@vppaans μαρυκισμός@nafsc καθαρός@anams- εἰμί@vnpa-- ὁ@dans δέ@cs μή@b τοιοῦτος@rpans ἀκάθαρτος@anans- εἰμί@vnpa-- εἰ@cs μέν@b οὖν@b ὁ@dnms χοῖρος@nnmsc ἀπό@p ὁ@dgfs φαντασία@ngfsc πέτρος@ngmsp νῦν@b προσλαμβάνω@viaa3s ὁ@dans μαρυκάομαι@vnpe-- πείθω@vsap1p αὐτός@rpdms τεράστιος@annns- γάρ@b ὡς@b ἀληθής@b εἰ@cs μετά@p ὁ@dafs φαντασία@nafsc πέτρος@ngmsp προσλαμβάνω@viaa3s αὐτός@rpnns εἰ@cs δέ@b ἐκεῖνος@rpnms ψεύδω@viam3s οὗτος@rpafs ὁράω@vnra-- ἵνα@cs εἶπον@vsaa1s κατά@p σύ@rpamp ὁ@dafs ἀποκάλυψις@nafsc ἐπί@p ὁ@dgns βυρσοδέψιος@ngnsc τίς@anans- ἐπί@p τηλικοῦτος@rpgnp οὕτως@b ταχύς@b πιστεύω@vifa1p τίς@rpans γάρ@b ὁ@dnms μωυσῆς@nnmsp σύ@rpdmp ἐπιτάσσω@viaa3s ὁ@dgnp χαλεπός@angnp- εἰ@cs ἀπαγορεύω@viaa3s ἐσθίω@vnpa-- πρός@p ὁ@ddmp ὕειος@andmp- ὁ@danp τε@b πτηνός@ananp- καί@cs ὁ@danp θαλάττιος@nanpc ἀποφαίνω@vpamnms ὑπό@p ὁ@dgms θεός@ngmsc καί@b οὗτος@rpanp πρός@p ἐκεῖνος@rpdnp ἐκβάλλω@vnre-- καί@cs ἀκάθαρτος@ananp- φαίνω@vnra--"
"c.Galil._58","ἀλλά@cs τίς@rpans οὗτος@rpanp ἐγώ@rpnms μακρολογέω@vipa1s λέγω3@vppeanp παρά@p αὐτός@rpgmp ἔξεστι@vppaans εἶδον@vnaa-- εἰ@cs τις@rpacs ἰσχύς@nafsc ἔχω@vipa3s λέγω3@vipa3p γάρ@b ὁ@dams θεός@namsc ἐπί@p ὁ@ddms πρότερος@andms- νόμος@ndmsc τίθημι@vnaa-- ὁ@dams δεύτερος@anams- ἐκεῖνος@rpams μέν@b γάρ@b γίγνομαι@vnam-- πρός@p καιρός@namsc περιγράφω@vpreams χρόνος@ndmpc ὁρίζω@vpredmp ὕστερος@anans- δέ@cs οὗτος@rpams ἀναφαίνω@vnap-- διά@p ὁ@dans ὁ@dams μωυσῆς@ngmsp χρόνος@ndmsc τε@b καί@cs τόπος@ndmsc περιγράφω@vnre-- οὗτος@rpans ὅτι@cs ψευδής@b λέγω3@vipa3p ἀποδείκνυμι@vifa1s σαφής@b ἐκ@p μέν@b ὁ@dgmp μωυσῆς@ngmsp οὐ@b δέκα@an---- μόνος@anafp- ἀλλά@cs μυρίος@anafp- παρέχω@vppenms μαρτυρία@nafpc ὅπου@b ὁ@dams νόμος@namsc αἰώνιος@anams- φημί@vipa3s ἀκούω@vmpa2p δέ@b νῦν@b ἀπό@p ὁ@dgfs ἔξοδος1@ngfsc καί@cs εἰμί@vifm3s ὁ@dnfs ἡμέρα@nnfsc οὗτος@rpnfs σύ@rpdcp μνημόσυνον@nnnsc καί@cs ἑορτάζω@viaa2p αὐτός@rpafs ἑορτή@nafsc κύριος@ndmsc εἰς@p ὁ@dafp γενεά@nafpc σύ@rpgcp νόμιμος@anams- αἰώνιος@anafs- ἑορτάζω@viaa2p αὐτός@rpafs ἀπό@p δέ@b ὁ@dgfs ἡμέρα@ngfsc ὁ@dgfs πρῶτος@angfs- ἀφανίζω@vifa2p ζύμη@nafsc ἐκ@p ὁ@dgfp οἰκία@ngfpc σύ@rpgcp πολύς@angnp- ἔτι@b τοιοῦτος@rpgnp παραλείπω@vpregfp ἀπό@p ὅς@rpgnp ὁ@dams νόμος@namsc ὁ@dgms μωυσῆς@ngmsp αἰώνιος@anams- ἐγώ@rpnms μέν@b εἶπον@vnaa-- διά@p ὁ@dans πλῆθος@nansc παραιτέομαι@viam1s σύ@rpnmp δέ@b ἐπιδείκνυμι@vmaa2p ποῦ@b ὁ@dnns παρά@p ὁ@dgms παῦλος@ngmsp μετά@p οὗτος@rpans τολμάω@vpapnns ἐρῶ@vire3s ὅτι@cs δή@b τέλος@nnnsc νόμος@ngmsc χριστός@nnmsp ποῦ@b ὁ@ddmp ἑβραῖος@ndmpp ὁ@dnms θεός@nnmsc ἐπαγγέλλω@viam3s νόμος@namsc ἕτερος@anams- παρά@p ὁ@dams κεῖμαι@vpreams οὐ@b εἰμί@vipa3s οὐδαμοῦ@b οὐ@b δέ@cs ὁ@dgns κεῖμαι@vpregms διόρθωσις@nnfsc ἀκούω@vmpa2s γάρ@x ὁ@dgms μωυσῆς@ngmsp πάλιν@b οὐ@b προστίθημι@vifa2p ἐπί@p ὁ@dans ῥῆμα@nansc ὅς@rpans ἐγώ@rpnms ἐντέλλομαι@vipe1s σύ@rpdmp καί@cs οὐ@b ἀφαιρέω@vifa2p ἀπό@p αὐτός@rpgms φυλάσσω@vmam2p ὁ@dafp ἐντολή@nafpc κύριος@ngmsc τοψ@b θεός@ngmsc σύ@rpgcp ὅσος@rpanp ἐγώ@rpnms ἐντέλλομαι@vipe1s σύ@rpdmp σήμερον@b καί@cs ἐπικατάρατος@annms- πᾶς@annms- ὅς@rpnms οὐ@b ἐμμένω@vipa3s πᾶς@andmp- σύ@rpnmp δέ@b ὁ@dans μέν@b ἀφαιρέω@vnaa-- καί@cs προστίθημι@vnaa-- ὁ@ddnp γράφω@vprednp ἐν@p ὁ@ddms νόμος@ndmsc μικρός@anans- νομίζω@viaa2p ὁ@dans δέ@cs παραβαίνω@vnaa-- τέλειος@b αὐτός@rpams ἀνδρεῖος@anansc ὁ@ddns πᾶς@andns- καί@cs μεγαλόψυχος@anamsc οὐ@b πρός@p ἀλήθεια@nafsc ἀλλά@cs εἰς@p ὁ@dans πᾶς@andnp- πιθανός@anans- βλέπω@vppanmp"
"c.Galil._59","οὕτως@b δέ@cs εἰμί@vipa2p δυστυχής@annmp- ὥστε@cs οὐ@b δέ@b ὁ@ddnp ὑπό@p ὁ@dgmp ἀπόστολος@ngmpc σύ@rpdmp παραδίδωμι@vpredmp ἐμμενενήκω@vira2p καί@b οὗτος@rpnnp δέ@b ἐπί@p ὁ@dans χείρων@anansc καί@cs δυσσεβής@anansc ὑπό@p ὁ@dgmp ἐπιγίγνομαι@vppegnp ἐξεργάζομαι@viap3s ὁ@dams γοῦν@b ἰησοῦς@namsp οὐ@b τε@b παῦλος@nnmsp τολμάω@viaa3s εἶπον@vnaa-- θεός@namsc οὐ@b τε@b ματθαῖος@nnmsp οὐ@b τε@b λουκᾶς@nnmsp οὐ@b τε@cs μάρκος@nnmsp ἀλλά@b ὁ@dnms χρηστός@annms- ἰώαννης@nnmsp αἰσθάνομαι@vpamnms ἤδη@b πολύς@anans- πλῆθος@nansc ἁλίσκομαι@vpraans ἐν@p πολύς@andfp- ὁ@dgfp ἑλλήνιος@ngfpp καί@cs ἰταλιώτης@ngfpp πόλις@ngfpc ὑπό@p οὗτος@angfs- ὁ@dgfs νόσος@ngfsc ἀκούω@vppanms δέ@cs οἴομαι@vipe1s καί@b ὁ@danp μνῆμα@nanpc πέτρος@ngmsp καί@cs παῦλος@ngmsp λάθρῃ@b μέν@b ἀκούω@vppanms δέ@b ὅμως@b αὐτός@rpanp θεραπεύω@vppeanp πρῶτος@annms- τολμάω@viaa3s εἶπον@vnaa-- μικρός@ananp- δέ@b εἶπον@vpaanms περί@p ἰώαννης@ngmsp ὁ@dgms βαπτιστής@angms- πάλιν@b ἐπανάγω@vppanms ἐπί@p ὁ@dams ὑπό@p αὐτός@rpgms κηρύσσω@vppeams λόγος@namsc καί@cs ὁ@dnms λόγος@nnmsc φημί@vipa3s σάρξ@nnfsc γίγνομαι@viam3s καί@cs σκηνόω@viaa3s ἐν@p ἐγώ@rpdmp ὁ@dans δέ@b ὅπως@b οὐ@b λέγω3@vipa3s αἰσχύνω@vppenms οὐδαμοῦ@b δέ@b αὐτός@rpams οὐ@b τε@b ἰησοῦς@namsp οὐ@b τε@cs χριστός@namsp ἄχρι@p ὅς@rpgms θεός@namsc καί@cs λόγος@namsc ἀποκαλέω@vipa3s κλέπτω@vppanms δέ@cs ὥσπερ@cs ἠρέμα@viia3s καί@cs λάθρῃ@b ὁ@dafp ἀκοή@nafpc ἐγώ@rpgmp ἰώαννης@namsp φημί@vipa3s ὁ@dams βαπτιστής@namsc ὑπέρ@p χριστός@ngmsp ἰησοῦς@angms- οὗτος@anafs- ἐκτίθημι@vnae-- ὁ@dafs μαρτυρία@nafsc ὅτι@cs ἄρα@b οὗτος@rpnms εἰμί@vipa3s ὅς@rpams χρή@vipa3s πιστεύω@vnra-- θεός@namsc εἰμί@vnpa-- λόγος@namsc ἀλλά@b ὅτι@cs μέν@b οὗτος@rpans περί@p ἰησοῦς@ngmsp χριστός@ngmsp φημί@vipa3s ἰώαννης@nnmsp οὐ@b δέ@b αὐτός@annms- ἀντιλέγω@vipa1s καίτοι@b δοκέω@vipa3s τις@rpdmp ὁ@dgmp δυσσεβής@angmp- ἄλλος@anams- μέν@b ἰησοῦς@anams- εἰμί@vnpa-- χριστός@namsp ἄλλος@rpams δέ@cs ὁ@dams ὑπό@p ἰώαννης@ngmsp κηρύσσω@vppeams λόγος@namsc οὐ@b μήν@b οὕτως@b ἔχω@vipa3s ὅς@anams- γάρ@b αὐτός@annms- εἰμί@vnpa-- φημί@vipa3s θεός@namsc λόγος@namsc οὗτος@rpams ὑπό@p ἰώαννης@ngmsp φημί@vipa3s ἐπιγιγνώσκω@vnap-- ὁ@dgms βαπτιστής@angmss χριστός@namsp ἰησοῦς@namsp εἰμί@vppaams σκοπέω@vmpa2p οὖν@b ὅπως@cs εὐλαβής@b ἠρέμα@b καί@cs λεληθότως@b ἐπεισάγω@vipa3s ὁ@ddns δρᾶμα@ndnsc ὁ@dams κολοφών@namsc ὁ@dgfs ἀσέβεια@ngfsc οὕτως@b τε@cs εἰμί@vipa3s πάνουργος@annms- καί@cs ἀπάτη@annms- ὥστε@cs αὖθις@b ἀναδύνω@vipe3s προστίθημι@vppanms θεός@namsp οὐδείς@an-ms- ὁράω@vmra2s πώποτε@b ὁ@dnms μονογενής@annms- υἱός@nnmsc ὁ@dnms εἰμί@vppanms ἐν@p ὁ@ddmp κόλπος@ndmpc ὁ@dgms πατήρ@ngmsc ἐκεῖνος@rpnms ἐξηγέομαι@viae3s πότερον@b οὖν@b οὗτος@rpnms εἰμί@vipa3s ὁ@dnms θεός@nnmsc λόγος@nnmsc σάρξ@nnfsc γίγνομαι@vpamnms ὁ@dnms μονογενής@annms- υἱός@nnmsc ὁ@dnms εἰμί@vppanms ἐν@p ὁ@ddmp κόλπος@ndmpc ὁ@dgms πατήρ@ngmsc καί@b εἰ@cs μέν@b αὐτός@annms- ὅς@rpams οἴομαι@vipe1s θεάομαι@viam2p δήπουθεν@b καί@b σύ@rpnmp θεός@namsc σκηνόω@viaa3s γάρ@b ἐν@p σύ@rpdmp καί@cs θεάομαι@viam2p ὁ@dafs δόξα@nafsc αὐτός@rpgms τίς@rpans οὖν@b ἐπιλέγω@vipa2s ὅτι@cs θεός@namsc οὐδείς@rpnms ὁράω@vira3s πώποτε@b θεάομαι@viae2p γάρ@b σύ@rpnmp εἰ@cs καί@b μή@b ὁ@dams πατήρ@namsc θεός@namsc ἀλλά@cs ὁ@dams θεός@namsc λόγος@namsc εἰ@cs δέ@b ἄλλος@annms- εἰμί@vipa3s ὁ@dnms μονογενής@annms- υἱός@nnmsc ἕτερος@annms- δέ@cs ὁ@dnms θεός@nnmsc λόγος@nnmsc ὡς@cs ἐγώ@rpnms τις@rpgnp ἀκούω@vira1s ὁ@dgfs ὑμέτερος@angfs- αἵρεσις@ngfsc ἔοικα@vira3s οὐ@b δέ@b ὁ@dnms ἰώαννης@nnmsp αὐτός@rpans τολμάω@vnpa-- ἔτι@b"
"c.Galil._60","ἀλλά@cs οὗτος@annns- μέν@b ὁ@dnns κακός@annns- λαμβάνω@viaa3s παρά@p ἰώαννης@ngmsp ὁ@dafs ἀρχή@nafsc ὅσος@ananp- δέ@b σύ@rpnmp ἑξῆς@b προσευρίσκω@vira2p πολύς@anamp- ἐπεισάγω@vppanmp ὁ@ddms πάλαι@b νεκρός@ndmsc ὁ@damp πρόσφατος@anamp- νεκρός@nampc τις@rpnms ἄν@b πρός@p ἀξία@nafsc βδελύσσομαι@voam3s πᾶς@ananp- πληρόω@viaa2p τάφος1@ngmpc καί@cs μνῆμα@ngnpc καίτοι@cs οὐ@b ἐρῶ@vire3s παρά@p σύ@rpdmp οὐδαμοῦ@b ὁ@ddmp τάφος@ndmpc προσκαλινδέομαι@vnpe-- καί@cs περιέπω@vnpa-- αὐτός@rpamp εἰς@p οὗτος@rpans δέ@b προέρχομαι@vira2p μοχθηρία@ngfsc ὥστε@cs οἴομαι@vnpe-- δεῖ@vnpa-- ὑπέρ@p οὗτος@rpgns μη@b δέ@b ὁ@dgnp γε@b ἰησοῦς@ngmsp ὁ@dgms ναζωραῖος@angms- ῥῆμα@ngnpc ἀκούω@vnpa-- ἀκούω@vmpa2p οὖν@b ὅς@rpanp φημί@vipa3s ἐκεῖνος@rpnms περί@p ὁ@dgnp μνῆμα@ngnpc οὐαί@nvmpp σύ@rpdcp γραμματεύς@nvmpc καί@cs φαρισαῖος@anvmp- ὑποκριτής@nvmpc ὅτι@cs παρομοιάζω@vipa2p τάφος@ndmpc κεκονιαμένος@vpredmp ἔξωθεν@b ὁ@dnms τάφος@nnmsc φαίνω@vipe3s ὡραῖος@annms- ἔσωθεν@b δέ@cs γέμω@vipa3s ὀστέον@ngnpc νεκρός@angnp- καί@cs πᾶς@angfs- ἀκαθαρσία@ngfsc εἰ@cs τοίνυν@b ἀκαθαρσία@ngfsc ἰησοῦς@ngfsp φημί@viia3s πλήρης@anamp- εἰμί@vnpa-- ὁ@damp τάφος1@nampc πῶς@b σύ@rpnmp ἐπί@p αὐτός@rpgnp ἐπικαλέω@vipe2p ὁ@dams θεός@namsc οὗτος@rpgnp οὖν@b οὕτως@b ἔχω@vppagnp σύ@rpnmp ὑπέρ@p τις@rpgns προσκαλινδέομαι@vipe2p ὁ@ddnp μνῆμα@ndnpc ἀκούω@vnaa-- βούλομαι@vipe2p ὁ@dafs αἰτία@nafsc οὐ@b ἐγώ@rpnms φημί@vopa1s ἄν@b ἀλλά@cs ἡσαΐας@nnmsp ὁ@dnms προφήτης@nnmsc ἐν@p ὁ@ddnp μνῆμα@ndnpc καί@cs ἐν@p ὁ@ddnp σπήλαιον@ndnpc κοιμάω@vipe3p διά@p ἐνύπνιον@nanpc σκοπέω@vmpa2p οὖν@b ὅπως@cs παλαιός@annns- εἰμί@viia3s οὗτος@annns- ὁ@ddmp ἰουδαῖος@ndmpp ὁ@dgfs γοητεία@ngfsc ὁ@dnns ἔργον@nnnsc ἐνκαθεύδω@vnpa-- ὁ@ddnp μνῆμα@ndnpc ἐνύπνιον@ngnpc χάρις@nafsc ὅς@rpans δή@b καί@b ὁ@damp ἀπόστολος@nampc σύ@rpgmp εἰκός@vpranns εἰμί@vipa3s μετά@p ὁ@dafs ὁ@dgms διδάσκαλος@ngmsc τελευτή@nafsc ἐπιτηδεύω@vpaaamp σύ@rpdmp τε@b ἐκ@p ἀρχή@ngfsc παραδίδωμι@vnaa-- ὁ@ddmp πρῶτος@andmp- πιστεύω@vpradmp καί@cs τεχνικός@anansc σύ@rpgmp αὐτός@rpamp μαγγανεύω@vnaa-- ὁ@ddmp δέ@cs μετά@p ἑαυτοῦ@rpamp ἀποδείκνυμι@vnaa-- δημοσίᾳ@b ὁ@dgfs γοητεία@ngfsc οὗτος@angfs- καί@cs βδελυρία@ngfsc ὁ@danp ἐργαστήριον@nanpc σύ@nvfpp δέ@b ὅς@rpanp μέν@b ὁ@dnms θεός@nnmsc ἐκ@p ἀρχή@ngfsc ἀποστρέφω@viam3s καί@cs διά@p μωυσῆς@ngmsp καί@cs ὁ@dgmp προφήτης@ngmpc ἐπιτηδεύω@vmpa2p προσάγω@vnpa-- δέ@cs ἱερεῖον@nanpc βωμός@ndmsc καί@cs θύω@vnpa-- παραιτέομαι@viam2p πῦρ@nansc γάρ@b φημί@vipa3p οὐ@b κάτειμι@vipa3p ὥσπερ@cs ἐπί@p μωυσῆς@ngmsp ὁ@dafp θυσία@nafpc ἀναλίσκω@namsc ἅπαξ@b οὗτος@rpnns ἐπί@p μωνσεύς@ngmsp γίγνομαι@viam3s καί@cs ἐπί@p ἥλιος@ngnsp ὁ@dgms θεσβίτης@ngmsp πάλιν@b μετά@p πολύς@anamp- χρόνος@nampc ἐπεί@cs ὅτι@cs γε@b πῦρ@nansc ἐπείσακτος@anans- αὐτός@annms- ὁ@dnms μωυσῆς@nnmsp εἰσφέρω@vnpa-- οἴομαι@vipe3s χρή@vnpa-- καί@b ἁβραὰμ@nnmsp ὁ@dnms πατριάρχης@nnmsc ἔτι@b πρό@p οὗτος@rpgns δηλόω@vifa1s διά@p βραχύς@angnp-"
"c.Galil._61","καί@cs οὐ@b οὗτος@rpans μόνος@b ἀλλά@cs καί@b ὁ@dgmp υἱός@ngmpc ἀδάμ@ngmsp ἀπαρχή@nafpc ὁ@ddms θεός@ndmsc δίδωμι@vppagmp ἐπεῖδον@viaa3s ὁ@dnms θεός@nnmsc φημί@vipa3s ἐπί@p ἄβελ@ndmsp καί@cs ἐπί@p ὁ@ddnp δῶρον@ndnpc αὐτός@rpgms ἐπί@p δέ@b κάιν@namsp καί@cs ἐπί@p ὁ@ddfp θυσία@ndfpc αὐτός@rpgms οὐ@b προσέχω@viaa3s καί@b λυπέω@viaa3s ὁ@dams κάιν@namsp λίαν@b καί@cs συμπίτνω@viaa3s ὁ@dans πρόσωπον@nansc αὐτός@rpgms καί@b εἶπον@viaa3s κύριος@nnmsc ὁ@dnms θεός@nnmsc ὁ@ddms κάιν@ndmsp ἵνα@rpanp τίς@rpans περίλυπος@annms- γίγνομαι@viam2s καί@cs ἵνα@cs τίς@rpans συμπίτνω@viaa3s ὁ@dans πρόσωπον@anans- σύ@rpgcs οὐ@b ἐάν@cs ὀρθός@b προσφέρω@vsaa2s ὀρθός@b δέ@b μή@b διαιρέω@vsaa2s ἁμαρτάνω@viaa2s ἀκούω@vnaa-- οὖν@b ἐπιποθέω@vipa2p τις@rpnfp εἰμί@viia3p αὐτός@rpgmp ὁ@dnfp προσφορά@nnfpc καί@cs γίγνομαι@viam3s μετά@p ἡμέρα@nafpc ἀναφέρω@viaa3s κάιν@nafsp ἀπό@p ὁ@dgmp καρπός1@ngmpc ὁ@dgfs γῆ@ngfsc θυσία@nafsc ὁ@ddms κύριος@ndmsc καί@b ἄβελ@nnmsp φέρω@viaa3s καί@b αὐτός@rpnms ἀπό@p ὁ@dgmp πρωτότοκος@ngmpc ὁ@dgnp πρόβατον@ngnpc καί@cs ἀπό@p ὁ@dgnp στέαρ@ngnpc αὐτός@rpgmp ναί@b φημί@vipa3p οὐ@b ὁ@dafs θυσία@nafsc ἀλλά@cs ὁ@dafs διαίρεσις@nafsc μέμφομαι@viam3s πρός@p κάιν@namsp εἶπον@vpaanms οὐ@b ἐάν@cs ὀρθός@b προσφέρω@vsaa2s ὀρθός@b δέ@b μή@b διαιρέω@vsaa2s ἁμαρτάνω@viaa2s οὗτος@rpans φημί@viia3s τις@rpncs πρός@p ἐγώ@rpacs ὁ@dgmp πάνυ@b σοφός@angmp- ἐπίσκοπος@vppanms ὁ@dnms δέ@b ἀπατάω@viia3s μέν@b ἑαυτοῦ@rpams πρῶτος@anans- εἶτα@cs καί@b ὁ@damp ἄλλος@rpamp ὁ@dnfs γάρ@b διαίρεσις@nnfsc μεμπτός@annfs- κατά@p τις@anams- τρόπος@namsc εἰμί@viia3s ἀπαιτέω@vppenms οὐ@b ἔχω@viia3s ὅπως@cs διεξέρχομαι@vsaa3s οὐδέ@b ὅπως@cs πρός@p ἐγώ@rpacs ψυχρολογέω@vsaa3s βλέπω@vppanms δέ@b αὐτός@rpams ἐξαπορέω@vppeams αὐτός@rpans οὗτος@rpans εἶπον@viaa1s ὅς@rpans σύ@rpn-s λέγω@vipa2s ὁ@dnms θεός@nnmsc ὀρθός@b μέμφομαι@viam3s ὁ@dnns μέν@b γάρ@b ὁ@dgfs προθυμία@ngfsc ἴσος@annns- εἰμί@viia3s ἀπό@p ἀμφότερος@angnp- ὅτι@cs δῶρον@nanpc ὑπολαμβάνω@viaa3p χρή@vnpa-- καί@cs θυσία@nafpc ἀναφέρω@vnpa-- ἀμφότερος@annmp- ὁ@ddms θεός@ndmsc περί@p δέ@b ὁ@dafs διαίρεσις@nafsc ὁ@dnms μέν@b τυγχάνω@viaa3s ὁ@dnms δέ@cs ἁμαρτάνω@viaa3s ὁ@dgms σκοπός@ngmsc πῶς@b καί@cs τις@rpacs τρόπος@namsc ἐπεί@cs γάρ@b ὁ@dgnp ἐπί@p γῆ@ngfsc εἰμί@vppagnp ὁ@dnnp μέν@b εἰμί@vipa3s ἔμψυχος@annnp- ὁ@dnnp δέ@b ἄψυχος@annnp- τίμιος@annnpc δέ@b ὁ@dgnp ἄψυχος@angnp- εἰμί@vipa3s ὁ@dnnp ἔμψυχος@annnp- ὁ@ddms ζάω@vppadms καί@cs ζωή@ngfsc αἴτιος@andms- θεός@ndmsc καθό@cs καί@b ζωή@ngfsc μετέχω@vira3s καί@cs ψυχή@ngfsc οἰκεῖος@angfsc διά@p οὗτος@rpans ὁ@ddms τέλειος@anafs- προσάγω@vppadms θυσία@nafsc ὁ@dnms θεός@nnmsc ἐπαιφραίνω@viap3s"
"c.Galil._62","νυνί@b δέ@b ἐπαναληπτέον@annns- εἰμί@vipa3s ἐγώ@rpdms πρός@p αὐτός@rpamp διά@p τίς@rpans γάρ@b οὐ@b περιτέμνω@vipe2p παῦλος@nnmsp φημί@vipa3p εἶπον@viaa3s περιτομή@nafsc καρδία@ngfsc ἀλλά@cs οὐ@b ὁ@dgfs σάρξ@ngfsc δίδωμι@vnre-- πιστεύω@vpaadms ὁ@ddms ἀβραάμ@ndmsp οὐ@b μήν@b ἔτι@b ὁ@danp κατά@p σάρξ@nafsc φημί@viia3s καί@cs δεῖ@vipa3s πιστεύω@vnaa-- ὁ@ddmp ὑπό@p αὐτός@rpgms καί@cs πέτρος@ngmsp κηρύσσω@vppedmp λόγος@ndmpc οὐ@b ἀσεβής@andnp- ἀκούω@vmpa2s δέ@b πάλιν@b ὅτι@cs ὁ@dafs κατά@p σάρξ@nafsc περιτομή@nafsc εἰς@p διαθήκη@nafsc ὁ@dnms θεός@nnmsc λέγω3@vipe3s δίδωμι@vnaa-- καί@b εἰς@p σημεῖον@nansc ὁ@ddms ἀβραάμ@ndmsp καί@cs οὗτος@rpnfs ὁ@dnfs διαθήκη@nnfsc ὅς@rpafs διατηρέω@vifa2s ἀνά@p μέσος@anams- ἐγώ@rpgcs καί@cs σύ@rpgcs καί@cs ἀνά@p μέσος@anams- ὁ@dgns σπέρμα@ngnsc σύ@rpgcs εἰς@p ὁ@dafp γενεά@nafpc σύ@rpgcp καί@b περιτέμνω@vifp2p ὁ@dafs σάρξ@nafsc ὁ@dgfs ἀκροβυστία@ngfsc σύ@rpgcp καί@cs εἰμί@vifm3s ἐν@p σημεῖον@ndnsc διαθήκη@ngfsc ἀνά@p μέσος@anams- ἐγώ@rpgms καί@b σύ@rpgcs καί@cs ἀνά@p μέσος@anams- ἐγώ@rpgcs καί@cs ὁ@dgns σπέρμα@ngnsc σύ@rpgcs ὅτε@cs τοίνυν@b ὅτι@cs προσήκω@vipa3s τηρέω@vnpa-- ὁ@dams νόμος@namsc ἀναμφισβήτητος@b προστάσσω@vira3s καί@cs ὁ@ddmp εἷς@anafs- παραβαίνω@vppadmp ἐντολή@nafsc ἐπαρτάω@viaa3s δίκη@nafpc σύ@rpnmp ὁ@dnmp συλλήβδην@b ἅπας@anafp- παραβαίνω@vpranmp ὁποῖος@anams- εὑρίσκω@vifa2p ὁ@dgfs ἀπολογία@ngfsc ὁ@dams τρόπος@namsc ἤ1@b γάρ@b ψευδοεπέω@vifa3s ὁ@dnms ἰησοῦς@nnmsp ἤγουν@viia3p σύ@rpnmp πάντῃ@b καί@cs πάντως@b οὐ@b νομοφύλαξ@nnmpc ὁ@dnfs περιτομή@annfs- εἰμί@vifm3s περί@p ὁ@dafs σάρξ@nafsc σύ@rpgcs ὁ@dnms μωυσῆς@nnmsp φημί@vipa3s παρακούω@vpaanmp οὗτος@rpgns ὁ@dafp καρδία@nafpc φημί@vipa3p περιτέμνω@viam1p πάνυ@b γε@b οὐδείς@rpnms γάρ@b παρά@p σύ@rpdmp κακοῦργος@annms- οὐδείς@rpnms μοχθηρός@annms- οὕτως@b περιτέμνω@vmpe2p ὁ@dafp καρδία@nafpc τηρέω@vnpa-- ἄζυμος@ananp- καί@cs ποιέω@vnpa-- ὁ@dans πάσχα@nanpc οὐ@b δύναμαι@vipe1p φημί@vipa3p ὑπέρ@p ἐγώ@rpgmp γάρ@x ἅπαξ@b τεύχω@viap3s χριστός@nnmsp καλός@b εἶτα@b κωλύω@viaa3s ἐσθίω@vnpa-- ἄζυμος@nanpc καίτοι@b μά@p ὁ@damp θεός@nampc εἷς@ εἰμί@vipa1s ὁ@dgmp ἐκτρέπω@vppegmp συνεορτάζω@vnpa-- ἰουδαῖος@ndmpp ἀεί@b δέ@b προσκυνέω@vppanms ὁ@dams θεός@namsc ἁβραὰμ@namsp καί@b ἀβραάμ@namsp καί@cs ἰακὼβ@nampp ὅς@rpnmp εἰμί@vppanmp αὐτός@rpnmp χαλδαῖος@nnmpp γένος@ngnsc ἱερόν@angns- καί@cs θεουργικός@angns- ὁ@dafs μέν@b περιτομή@anafs- μανθάνω@viaa3p αἰγύπτιος@ndmpp ἐπιξενόομαι@vpapnmp σέβω@viap3p δέ@cs θεός@namsc ὅς@rpnms ἐγώ@rpdms καί@cs ὁ@ddmp αὐτός@rpams ὥσπερ@cs ἁβραὰμ@nnmsp σέβω@viaa3s σέβομαι@vppedmp εὐμενής@annms- εἰμί@viia3s μέγας@annms- τε@b εἰμί@vppanms πάνυ@b καί@cs δυνατός@annms- σύ@rpdmp δέ@cs οὐδείς@rpans προσήκω@vppanms οὐ@b δέ@b γάρ@b ὁ@dams ἁβραὰμ@namsp μιμέομαι@vife2p βωμός@nampc τε@b ἐγείρω@vppanmp αὐτός@rpdms καί@b οἰκοδομέω@vppanmp θυσιαστήριον@nanpc καί@cs θεραπεύω@vppanmp ὥσπερ@cs ἐκεῖνος@rpnms ὁ@ddfp ἱερουργία@ndfpc θύω1@viia3s μέν@b γάρ@b ἀβραάμ@nnmsp ὥσπερ@cs καί@b ἐγώ@rpnfp ἀεί@b καί@cs συνεχής@b χράομαι@viie3s δέ@b μαντικός@andfs- ὁ@ddfs ὁ@dgnp διασκεδάννυμι@vppagnp ἄστρον@ngnpc ἑλληνικός@annns- ἴσως@b καί@b οὗτος@rpnns οἰωνίζομαι@viie3s δέ@x μέγας@b ἀλλά@cs καί@b ὁ@dams ἐπίτροπος@anams- ὁ@dgfs οἰκία@ngfsc ἔχω@viia3s συμβολικός@anams- εἰ@cs δέ@b ἀπιστέω@vipa3s τις@rpnms σύ@rpgmp αὐτός@ananp- δείκνυμι@vifa3s σαφής@b ὁ@danp ὑπέρ@p οὗτος@rpgnp ἐρῶ@vpreanp μωυσῆς@ndmsp μετά@p δέ@b ὁ@danp ῥῆμα@nanpc οὗτος@ananp- γίγνομαι@viap3s κύριος@ngmsc λόγος@nnmsc πρός@p ἁβραὰμ@namsp λέγω3@vppanms ἐν@p ὅραμα@ndnsc ὁ@dgfs νύξ@ngfsc μή@b φοβέω@vmpe2s ἀβραάμ@nvmsp ἐγώ@rpncs ὑπερασπίζω@vipa1s σύ@rpgcs ὁ@dnms μισθός@nnmsc σύ@rpgcs πολύς@annms- εἰμί@vifm3s σφόδρα@b λέγω3@vipa3s δέ@b ἀβραάμ@nnmsp δεσπότης@nvmsc τίς@rpans ἐγώ@rpdcs δίδωμι@vifa2s ἐγώ@rpncs δέ@b ἀπολύω@vipe1s ἄτεκνος@annms- ὁ@dnms δέ@b υἱός@nnmsc μασέκ@nnmsp ὁ@dgfs οἰκογενής@angfs- ἐγώ@rpgcs κληρονομέω@vifa3s ἐγώ@rpacs καί@b εὐθύς2@b φωνή@nnfsc ὁ@dgms θεός@ngmsc γίγνομαι@viam3s πρός@p αὐτός@rpams λέγω3@vppagms οὐ@b κληρονομέω@vifa3s σύ@rpacs οὗτος@rpnms ἀλλά@cs ὅς@rpnms ἐξέρχομαι@vifm3s ἐκ@p σύ@rpgcs οὗτος@rpnms κληρονομέω@vifa3s σύ@rpacs ἐξάγω@viaa3s δέ@b αὐτός@rpams καί@cs λέγω@viaa3s αὐτός@rpdms ἀναβλέπω@vmaa2s εἰς@p ὁ@dams οὐρανός@namsc καί@cs ἀριθμέω@vmaa2s ὁ@damp ἀστήρ@nampc εἰ@cs δύναμαι@vifm2s ἐξαριθμέω@vnaa-- αὐτός@rpamp καί@b λέγω@viaa3s οὕτως@b εἰμί@vifm3s ὁ@dnns σπέρμα@nnnsc σύ@rpgcs καί@b πιστεύω@viaa3s ἁβραὰμ@nnmsp ὁ@ddms θεός@ndmsc καί@cs λογίζομαι@viap3s αὐτός@rpdms εἰς@p δικαιοσύνη@nafsc"
"c.Galil._63","εἶπον@vmaa2p ἐνταῦθα@b ἐγώ@rpdms ὁ@rpgns χάρις@nafsc ἐξάγω@viaa3s αὐτός@rpams καί@cs ὁ@damp ἀστήρ@nampc δείκνυμι@viia3s ὁ@dnms χρηματίζω@vppanms ἄγγελος@nnmsc ἤ1@cs θεός@nnmsc οὐ@b γάρ@b γιγνώσκω@viia3s ἔνδον@b εἰμί@vppanms ὅσος@annns- τις@rpnns ὁ@dnns πλῆθος@nnnsc εἰμί@vipa3s ὁ@dgnp νύκτωρ@b ἀεί@b φαίνω@vppegnp καί@cs μαρμαρύσσω@vppagnp ἀστήρ@angmp- ἀλλά@cs ’@b οἴομαι@vipe1s δείκνυμι@vmam2s ὁ@damp διαίσσω@vppaamp αὐτός@rpdms βούλομαι@vppenms ἵνα@cs ὁ@dgnp ῥῆμα@ngnpc ἐναργής@anafs- πίστις@nafsc παρέχω@vsam3s ὁ@dafs πᾶς@ananp- κραίνω@vppaafs καί@cs ἐπικυρόω@vppaafs οὐρανός@ngmsc ψῆφος@nafsc ὅπως@cs δέ@b μή@b τις@rpnms ὑπολαμβάνω@vsaa3s βίαιος@anafs- εἰμί@vnpa-- ὁ@dafs τοιοῦτος@anafs- ἐξήγησις@nafsc ἐφεξῆς@b ὅσος@ananp- πρόσκειμαι@vipe3s παρατίθημι@vpaanms αὐτός@rpdms πιστώσομαι@vifm1s γράφω@vire3s γάρ@b ἑξῆς@b εἶπον@viaa3s δέ@b πρός@p αὐτός@rpams ἐγώ@rpncs εἰμί@vipa1s ὁ@dnms θεός@nnmsc ὁ@dnms ἐξάγω@vpaanms σύ@rpacs ἐκ@p χώρα@ngfsc χαλδαῖος@ngmpp ὥστε@cs δίδωμι@vnaa-- σύ@rpdcs ὁ@dafs γῆ@nafsc οὗτος@rpafs κληρονομέω@vnaa-- αὐτός@rpafs εἶπον@viaa3s δέ@b δεσπότης@nvmsc κύριος@nvmsc κατά@p τίς@rpans γιγνώσκω@vifm1s ὅτι@cs κληρονομέω@vifa1s αὐτός@rpafs εἶπον@viaa3s δέ@b αὐτός@rpdms λαμβάνω@vmaa2s ἐγώ@rpdms δάμαλις@nafsc τριετίζω@vppaafs καί@cs αἴξ@nafsc τριετίζω@vppaafs καί@cs κριός@namsc τριετίζω@vppaams καί@cs τρυγών@nafsc καί@cs περιστερά@nafsc λαμβάνω@viaa3s δέ@b αὐτός@rpdms πᾶς@ananp- οὗτος@rpanp καί@cs διαιρέω@viaa3s αὐτός@rpanp μέσος@ananp- καί@b τίθημι@viaa3s αὐτός@rpanp ἀντιπρόσωπος@ananp- ἀλλήλων@rpdmp ὁ@danp δέ@b ὄρνεον@nanpc οὐ@b διαιρέω@viaa3s καταβαίνω@viaa3s δέ@b ὄρνεον@nnnpc ἐπί@p ὁ@danp διχοτόμημα@nanpc καί@cs συγκαθίζω@viaa3s αὐτός@rpdmp ἀβραάμ@nnmsp"
"c.Galil._64","ὁ@dafs ὁ@dgms φαίνω@vpapgms ἄγγελος@ngmsc πρόρρησις@nafsc ἤτοι@b θεός@ngmsc διά@p ὁ@dgfs οἰωνιστική@angfs- ὁράω@vipa2p κρατύνω@vppeafs οὐ@b ὥσπερ@cs παρά@p σύ@rpdmp ἐκ@p πάρεργον@ngnsc μετά@p θυσία@ngfpc δέ@cs ὁ@dgfs μαντεία@ngfsc ἐπιτελέω@vppegfs φημί@vipa3s δέ@b ὅτι@cs ὁ@ddfs ὁ@dgmp οἰωνός@ngmpc πίπτω@ndfsc βέβαιος@anafs- δείκνυμι@viaa3s ὁ@dafs ἐπαγγελία@nafsc ἀποδέχομαι@vipe3s δέ@b ὁ@dafs πίστις@nafsc ἁβραὰμ@nnmsp προσεπάγω@vppanms ὅτι@cs ἀλήθεια@ngfsc ἄνευ@p πίστις@ngfsc ἠλιθιότης@nnfsc ἔοικα@vira3s τις@rpncs εἰμί@vnpa-- καί@cs ἐμβροντησία@nnfsc ὁ@dafs δέ@b ἀλήθεια@nafsc οὐ@b ἔνειμι@vipa3s εἶδον@vnaa-- ἐκ@p ψιλός@angns- ῥῆμα@ngnsc ἀλλά@cs χρή@vipa3s τις@anans- καί@b παρακολουθέω@vnaa-- ὁ@ddmp λόγος@ndmpc ἐναργής@anans- σημεῖον@nansc ὅς@rpnns πιστώσομαι@vifm3s γίγνομαι@vpamams ὁ@dafs εἰς@p ὁ@dans μέλλω@vppaans ποιέω@vpreafs προαγόρευσις@nafsc"
"c.Galil._65","πρόφασις@nnfsp σύ@rpdmp ὁ@dgfs ἐν@p γε@b οὗτος@rpdns ῥᾳστώνη@ngfsc περιλείπομαι@vire3s εἷς@annfs- ὁ@dans μή@b ἔξεστι@vnpa-- θύω@vnpa-- ἔξω@p γίγνομαι@vpradmp ὁ@dgmp ἱεροσόλυμα@ngnpp καίτοι@b ἥλιος@ngmsp θύω1@vpragms ἐν@p ὁ@ddns καρμήλιος@ndnsp καί@cs οὐ@b ἐν@p γε@b ὁ@ddfs ἅγιος@andfs- πόλις@ndfsc"
