"location","text"
"Ps-Clem.Petr._0","κλήμης@nnmsp ἰακώβος@ndmsp ὁ@ddms κύριος@ndmsc καί@cs ἐπίσκοπος@ndmsc καί@cs ἐπίσκοπος@ngmpc ἐπίσκοπος@ndmsc διέπω@vppadms ὁ@dafs ἐν@p ἱερουσαλήμ@ndfsp ἅγιος@anafs- ὁ@dgmp χριστιανός@ngmpp ἐκκλησία@nafsc καί@cs ὁ@dafp πανταχῆ@b θεός@ngmsc πρόνοια@ndfsc ἱδρύω@vpapafp καλός@b χριστός@ngmsp ὁ@dgms θεός@ngmsc ἐγώ@rpgmp ἐκκλησία@nafpc σύν@p τε@b πρέσβυς@andmp- καί@b διάκονος@ndmpc καί@cs ὁ@ddmp λοιπός@andmp- ἅπας@andmp- ἀδελφός@ndmpc εἰρήνη@nnfsc εἰμί@vopa3s πάντοτε@b"
"Ps-Clem.Petr._1","γνώριμος@annns- εἰμί@vmpa3s σύ@rpdms κύριος@nvmsc ἐγώ@rpgms ὅτι@cs ἐγώ@rpnms κλήμης@ngfsp ῥωμαῖος@ngmpp πολίτης@nnmsc εἰμί@vppanms καί@cs ὁ@dafs πρῶτος@anafs- ἡλικία@nafsc σώφρων@b ζάω@vnaa-- δύναμαι@vpapnms ὁ@dgfs ἔννοια@ngfsc ἐγώ@rpgfs ἐκ@p παῖς@ngmsc ἀπασχολέω@vpaagfs ὁ@dafs ἐν@p ἐγώ@rpdms ἐπιθυμία@nafsc εἰς@p τε@b ἀθυμία@nafpc καί@cs πόνος@nampc σύνειμι1@viia3s γάρ@b ἐγώ@rpdms λογισμός@nnmsc οὐ@b οἶδα@vira1s πόθεν@b ὁ@dafs ἀρχή@nafsc λαμβάνω@vpaanms περί@p θάνατος@ngmsc πυκνός@anafp- ποιέω@vppenms ὑπόμνησις@nafpc ὅτι@cs ἆρα@b θνήσκω@vpaanms οὐ@b εἰμί@vipa1s καί@cs οὐ@b δέ@b μνήμη@nafsc τις@rpnms ποιέω@vifa3s ἐγώ@rpgms ποτέ@b ὁ@dgms ἄπειρος1@angms- χρόνος@ngmsc πᾶς@angnp- ὁ@danp πᾶς@ananp- εἰς@p λήθη@nafsc φέρω@vppagms εἰμί@vifm1s δέ@b οὐ@b εἰμί@vppanms οὐ@b εἰμί@vppaamp οἶδα@vpranms οὐ@b γιγνώσκω@vppanms οὐ@b γιγνώσκω@vppenms οὐ@b γίγνομαι@vpranms οὐ@b γίγνομαι@vppenms καί@b ἄρα@b ποτέ@b γίγνομαι@vira3s ὁ@dnms κόσμος@nnmsc καί@cs πρό@p ὁ@dgns γίγνομαι@vnam-- τίς@rpnns ἄρα@b εἰμί@viia3s εἰ@cs γάρ@b εἰμί@viia3s ἀεί@b καί@b εἰμί@vif-3s εἰ@cs δέ@b γίγνομαι@vira3s καί@b λύω@vifm3s καί@b μετά@p λύσις@nafsc τίς@rpnns ἄρα@b εἰμί@vifm3s πάλιν@b εἰ@cs μή@b τάχα@b σιγή@nnfsc καί@cs λήθη@nnfsc ἤ1@cs καί@b τάχα@b εἰμί@vifm3s τις@rpnns ὅς@rpans νῦν@b νοέω@vnaa-- οὐ@b δυνατός@annns-"
"Ps-Clem.Petr._2","οὗτος@rpanp τε@cs καί@cs ὁ@danp οὗτος@rpdnp ὅμοιος@ananp- οὐ@b οἶδα@vira1s πόθεν@b ἄπαυστος@b ἐνθυμέομαι@vppenms ὀδυνηρός@anafs- ἔχω@viia1s λύπη@nafsc τοσοῦτος@rpams ὡς@cs ὠχριάω@ananp- ἐγώ@rpacs τήκω@vnpe-- καί@b ὁ@dnns δεινός@annnss εἰ@cs ποτέ@b ἀπωθέω@vnam-- ὁ@dafs φροντίς@nafsc ὡς@b ἀνωφελής@anafs- βουλεύω@viam1s ἀκμαῖος@annnsc ἐγώ@rpdms μᾶλλον@b ὁ@dnns πάθος@nnnsc γίγνομαι@viie3s καί@b ἄχθομαι@viie1s ἐπί@p οὗτος@rpdns οὐ@b οἶδα@vpranms σύνοικος@anafs- καλός@anafs- ἔχω@vppanms ἔννοια@nafsc ἀθανασία@ngfsc ἀγαθός@angfs- αἰτία@nafsc ἐγώ@rpdms γίγνομαι@vpfmafs ὡς@cs ὕστερος@b ὁ@ddfs πεῖρα@ndfsc ἐπιγιγνώσκω@viaa1s καί@cs θεός@ndmsc ὁ@ddms πᾶς@angmp- δεσπότης@ndmsc εὐχαριστέω@viaa1s ὑπό@p γάρ@b ὁ@dgfs κατά@p ἀρχή@nafpc θλίβω@vppagfs ἐγώ@rpams ἔννοια@ngfsc εἰς@p ὁ@dafs ὁ@dgnp πρᾶγμα@ngnpc ζήτησις@nafsc καί@cs εὕρεσις@nafsc ἀναγκάζω@viap1s ἔρχομαι@vnaa-- καί@b τότε@b ταλανίζω@viia1s ὅς@rpamp ὁ@dafs ἀρχή@nafsc διά@p ἄγνοια@nafsc μακαρίζω@vnpa-- κινδυνεύω@viia1s"
"Ps-Clem.Petr._3","ἐκ@p παῖς@ngmsc οὖν@b ἡλικία@ngfsc ἐν@p ὁ@ddmp τοιοῦτος@andmp- εἰμί@vppanms λογισμός@ndmpc χάρις@p ὁ@dgns μανθάνω@vnaa-- τις@rpans βέβαιος@anans- εἰς@p ὁ@dafp ὁ@dgmp φιλόσοφος@ngmpc φοιτάω@viia3p διατριβή@nafpc καί@b οὐδείς@rpans ἕτερος@anans- ὁράω@viia3p ἤ1@cs δόγμα@ngnpc ἀνασκευή@nafpc καί@b κατασκευή@nafpc καί@b ἐρέω@nampc καί@b φιλονικία@nafpc καί@b συλλογισμός@ngmpc τέχνη@nafpc καί@cs λῆμμα@ngnpc ἐπίνοια@nafpc καί@b ποτέ@b μέν@b ἐπικρατέω@viia3s φέρω@vmpa2s λέγω3@vnpa-- ὅτι@cs ἀθάνατος@annfs- ὁ@dnfs ψυχή@nnfsc ποτέ@b δέ@cs ὅτι@cs θνητός@annfs- ὁπότε@cs οὖν@b ἐπικρατέω@viia3s λόγος@nnmsc ὅτι@cs ἀθάνατος@annfs- ὁ@dnfs ψυχή@nnfsc χαίρω@viia1s ὁπότε@cs δέ@b ὅτι@cs θνητός@annfs- λυπέω@viie1s πλείων@anansc δέ@b ἀθυμέω@viia1s ὅτι@cs οὐ@b δέ@b ὁπότερος@angmp- τις@rpnms ὁ@dams ἐμός@anams- βεβαιόω@vnaa-- νόος@namsc δύναμαι@viam3s πλήν@b ἐννοέω@viia1s ὅτι@cs ὁ@dnfp δοκέω@nnfpc ὁ@dgfp ὑπόθεσις@ngfpc παρά@p ὁ@damp ἐκδικέω@vppaamp ψευδής@anafp- ἤ1@cs ἀληθής@annfp- ὑπολαμβάνω@vipe3p καί@cs οὐ@b ὡς@b ἔχω@vipa3p ἀλήθεια@nafpc φαίνω@vipe3p ἐφίστημι@vpaanms οὖν@b ἤδη@b ποτέ@b ὅτι@cs οὐ@b παρά@p ὁ@dafp ἐκδικέω@vpreafp ὑπόθεσις@nafpc ὁ@dnfs κατάληψις@nnfsc γίγνομαι@vipe3s ἀλλά@cs παρά@p ὁ@damp ἐκδικέω@vppaamp ὁ@dnfp δοκέω@nnfpc ἀποφαίνω@vipe3p ἔτι@b μᾶλλον@b εἰλιγγίος@annfsc ἐν@p ὁ@ddnp πρᾶγμα@ndnpc διό@b ἐκ@p ὁ@dgns ὁ@dgfs ψυχή@ngfsc βάθος@ngnsc στενάζω@viia3p οὐ@b τε@b γάρ@b τις@rpans βεβαιόω@vnaa-- οἷος@annms- τε@b εἰμί@viie1s οὐ@b τε@cs ὁ@dafs ὁ@dgnp τοιοῦτος@rpgnp φροντίς@nafsc ἀποσείω@vnam-- δύναμαι@viie1s καίπερ@b βούλομαι@vppenms ὡς@cs φθάνω@vpaanms εἶπον@viaa1s ὅτι@cs ἐμαυτοῦ@rpdms δέ@b πυκνός@anansc ἡσυχάζω@vnpa-- ἐπιτάσσω@vppadms οὐ@b οἶδα@vira1s ὅπως@cs κρύπτω@b μετά@p ἡδονή@ngfsc ὁ@dnms ὁ@dgnp τοιοῦτος@rpgnp ἐγώ@rpdms εἰσέρχομαι@viie3s λογισμός@nnmsc"
"Ps-Clem.Petr._4","καί@cs πάλιν@b ἀφοράω@vppenms λέγω3@viia1s ἐμαυτοῦ@rpdms τίς@rpans ματαιοπονέω@vipa1s σαφής@angns- εἰμί@vppagns ὁ@dgns πρᾶγμα@ngnsc ὅτι@cs εἰ@cs μέν@b θνήσκω@vpaanms οὐ@b εἰμί@vipa1s νῦν@b εἰμί@vppaams ἐγώ@rpams λυπέω@vnpe-- οὐ@b προσήκω@viia3s διό@b τηρέω@vifa1s ὁ@dans λυπέω@vnpe-- εἰς@p ὁ@dafs τότε@b ὅτε@cs οὐ@b εἰμί@vppanms οὐ@b λυπέω@vifp1s εἰ@cs δέ@x ἄρα@b εἰμί@vipa1s τίς@rpans νῦν@b ἐκ@p περισσός@angns- ἐγώ@rpdms πρόσειμι@vipa3s ὁ@dnns λυπέω@vnpe-- καί@b εὐθύς2@b μετά@p οὗτος@rpans ἕτερος@annms- ἐγώ@rpams εἰσέρχομαι@viia3s λογισμός@nnmsc λέγω3@viia3p γάρ@b μή@b τίς@rpans γε@b ὁ@dgms νῦν@b ἐγώ@rpacs λυπέω@vppagms ἐκεῖ@b χείρων@anansc πάσχω@vnaa-- ἔχω@vipa1s μή@b βιόω@vpranms εὐσεβής@b καί@cs παραδίδωμι@vife1s κατά@p ἔνιοι@angmp- φιλόσοφος@ngmpc λόγος@nampc κωκυτός@ndmsp καί@cs τάρταρος@ndmsp ὡς@cs σίσυφος@nnmsp ἤ1@b τιτυός@nnmsp ἤ1@b ἴξιος@nnmsp ἤ1@cs τάνταλος@nnmsp καί@cs εἰμί@vifm1s ἐν@p ᾅδης@ngmsc ὁ@dams αιών@namsc κολάζω@vppenms πάλιν@b τε@b ἀνθυπφέρω@viia1s λέγω3@vppanms ἤ1@b ἄδηλος@angns- εἰμί@vppagns ὁ@dgns πρᾶγμα@ngnsc ἀκίνδυνος@annnsc εἰμί@vipa3s μᾶλλον@b εὐσεβής@b βιόω@vnaa-- ἐγώ@rpacs καί@b πάλιν@b πῶς@b δύναμαι@vifm1s ὁ@dgns δίκαιος@angns- χάρις@p εἰς@p ἄδηλος@anafs- ἐλπίς@nafsc ἀφοράω@ngfpc ὁ@dgfp ὁ@dgns σῶμα@ngnsc κρατέω@vnpa-- ἡδονή@ngfpc ἀλλά@cs οὐ@x δέ@x ὅς@rpans τις@rpnns ποτέ@x εἰμί@vipa3s δίκαιος@annns- καί@cs ἀρέσκω@vppaans ὁ@ddms θεός@ndmsc δοκιμάζω@vire1s οὐ@b τε@x εἰ@cs ὁ@dnfs ψυχή@nnfsc ἀθάνατος@annfs- ἤ1@cs θνητός@annfs- γιγνώσκω@vipa1s οὐ@b τε@cs τις@rpncs λόγος@nnmsc βέβαιος@annms- εὑρίσκω@vipe3s γιγνώσκω@vipe3s οὐ@b τε@cs ὁ@dgmp τοιοῦτος@rpgmp λογισμός@ngmpc ἡσυχάζω@vnpa-- δύναμαι@vipe1s"
"Ps-Clem.Petr._5","τίς@rpans οὖν@b χρή@vipa3s ποιέω@vnpa-- ἤ1@cs οὗτος@rpans εἰς@p αἴγυπτος@nafsp πορεύω@vifm1s καί@cs ὁ@ddmp ὁ@dgnp ἄδυτον@angnp- ἱεροφάντης@ndmpc τε@b καί@cs προφήτης@ndmpc φιλιόω@vifp1s καί@cs μάγος@namsc ζητέω@vpaanms καί@cs εὑρίσκω@vpaanms χρῆμα@ndnpc πολύς@andnp- πείθω@vifa1s ὅπως@cs ψυχή@ngfsc ἀναπομπή@nafsc ὁ@dafs λέγω3@vppeafs νεκρομαντίς@nafsc ποιέω@vsaa3s ἐγώ@rpgms ὡς@b περί@p πρᾶγμα@ngnsc τις@angns- πυνθάνομαι@vppegns ὁ@dnfs δέ@b πεῦσις@nnfsc εἰμί@vifm3s περί@p ὁ@dgns μανθάνω@vnaa-- εἰ@cs ἀθάνατος@annfs- ὁ@dnfs ψυχή@nnfsc ὁ@dnfs δέ@b ὁ@dgfs ψυχή@ngfsc ἀπόκρισις@nnfsc ὅτι@cs ἀθάνατος@annms- εἰμί@vipa3s οὐ@b ἐκ@p ὁ@dgns λαλέω@vnaa-- ἤ1@cs καί@b ἀκούω@vnaa-- εἰμί@vifm3s ἐγώ@rpdms γιγνώσκω@vnaa-- ἀλλά@cs ἐκ@p ὁ@dgns ὁράω@vnap-- μόνος@b ἵνα@cs αὐτός@andmp- ὀφθαλμός@ndmpc εἶδον@vpaanms αὐτός@rpafs αὐτάρκης@anafs- καί@cs ἱκανός@anafs- ἀπόφασις2@nafsc ἔχω@vipa1s ἐκ@p ὁ@dgns μόνος@b φαίνω@vnap-- ὅτι@cs εἰμί@vipa3s καί@cs οὐκέτι@b δύναμαι@vifm3s ὁ@danp ὁ@dgmp ὀφθαλμός@ngmpc ἴδιος@ananp- ὁ@danp ὁ@dgfs ἀκοή@ngfsc ἀνατρέπω@vnaa-- ἄδηλος@ananp- ῥῆμα@nanpc ὅμως@b καί@b αὐτός@anafs- οὗτος@anafs- ὁ@dafs σκέψις@nafsc ἀντιβάλλω@viia1s τις@andms- συνήθης@viia3s φιλόσοφος@ndmsc ὅς@rpnms συμβουλεύω@viia3s ἐγώ@rpdcs οὗτος@rpans μή@b τολμάω@vnaa-- κατά@p πολύς@anamp- τρόπος@nampc εἰ@cs τε@cs γάρ@b οὐ@b εἰσακούω@vifm3s ὁ@dnfs ψυχή@nnfsc ὁ@ddms μάγος@ndmsc σύ@rpnms ὁ@ddmp οὗτος@rpanp ποιέω@vnpa-- ἀπαγορεύω@vppadmp νόμος@ndmpc ὡς@cs ἀντιπράσσω@vpaanms δυσσυνείδητος@b βίωσις@vifa2s εἰ@cs δέ@b ἐπακούω@vifm3s μετά@p ὁ@dgns δυσσυνείδητος@b σύ@rpams βιόω@vnpa-- οἴομαι@vipe1s ὁ@danp ὁ@dgfs εὐσέβεια@ngfsc σύ@rpdms μηκέτι@b προχωρέω@vnpa-- ὅς@rpgns ἕνεκα@p καί@b τολμάω@viaa2s ἐχθραίνω@vnpa-- γάρ@b ὁ@dans θεῖος1@anans- λέγω3@vipa3p ἐπί@p ὁ@ddnp ὁ@ddfs λύω@ndfsc ὁ@dgnp θνήσκω@vpaagnp σῶμα@ngnpc σκύλλω@vipa3p ὁ@dafp ψυχή@nafpc ἐγώ@rpncs δέ@b οὗτος@rpanp ἀκούω@vpaanms ὀκνηρός@annmsc μέν@b πρός@p ὁ@dans τοιοῦτος@rpans ἐγχειρέω@vnaa-- γίγνομαι@viam1s ὁ@dgfs δέ@b ἀπό@p ἀρχή@ngfsc ἐγώ@rpgms οὐ@b ἐπαυρέω@viam1s βουλή@ngfsc ἀλλά@cs ὡς@b ἐμποδίζω@vpapnms ὁ@dgfs ὁρμή@ngfsc ἀθυμέω@viia1s"
"Ps-Clem.Petr._6","καί@cs ἵνα@cs μή@b σύ@rpd-s ὁ@danp τοιοῦτος@rpanp μακρός@andms- διηγέομαι@vsam1s λόγος@ndmsc ἐν@p τοσοῦτος@andmp- λογισμός@ndmpc καί@cs πρᾶγμα@ndnpc εἰμί@vppagms ἐγώ@rpgms φήμη@nnfsc τις@rpnfs ἠρέμα@b ἐπί@p ὁ@dgfs τιβέριος@angms- καῖσαρ@ngmsp βασίλεια@ngfsc ἐκ@p ἐαρινός@angfs- τροπή@ngfsc ὁ@dafs ἀρχή@nafsc λαμβάνω@vppanfs αὐξάνω@viaa3s ἑκάστοτε@b καί@cs ὡς@cs ἀληθής@b ἀγαθός@annfs- θεός@ngmsc ἄγγελος@nnfsc διατρέχω@viia3s ὁ@dams κόσμος@namsc ὁ@dans ὁ@dgms θεός@ngmsc βούλημα@nansc σιγάω@vnpa-- στέγω@vnpa-- μή@b δύναμαι@vppenfs ἑκάστοτε@b οὖν@b πλείων@annfsc καί@cs μέγας@annfsc γίγνομαι@viie3s λέγω@vppanfs ὡς@cs τις@rpnms ποτέ@b ἐν@p ἰουδαία@ndfsp ἐκ@p ἐαρινός@angfs- τροπή@ngfsc λαμβάνω@vpaanms ὁ@dafs ἀρχή@nafsc ἰουδαῖος@ndmpp ὁ@dafs ὁ@dgms ἀΐδιος@angms- θεός@ngmsc εὐαγγελίζομαι@vipe3s βασιλεία@nafsc ὅς@rpgfs ἀπολαύω@vnpa-- λέγω3@vipa3s ἐάν@cs τις@rpnms αὐτός@rpgms προκαλέω@vsaa3s ὁ@dafs πολιτεία@nafsc ὁ@dgns δέ@b πιστεύω@vnpe-- αὐτός@rpams χάρις@p ὅτι@cs θειότης@ngfsc γέμω@nnmsc οὗτος@rpanp ποιέω@vipa3s πολύς@ananp- θαυμάσιος@ananp- σημεῖον@nanpc τε@cs καί@cs τέρας@nanpc διαπράσσω@vipe3s κελεύω@ndfsc γάρ@x μόνος@andfs- ὡς@b ἔχω@vppanms ἐξουσία@nafsc κωφός@anamp- ποιέω@vipa3s ἀκούω@vnpa-- τυφλός@anamp- ἀναβλέπω@vnpa-- κυλλός@anamp- ποιέω@vipa3s περιπατέω@vnpa-- χωλός@anamp- ὀρθόω@vipa3s πᾶς@anafs- νόσος@nafsc ἀπελαύνω@vipa3s πᾶς@anams- δαίμων@namsc φυγαδεύω@vipa3s ἀλλά@b καί@b λεπρός@nnmpc ἐκ@p διάστημα@ngnsc μόνος@anans- ἐνοράω@vppanmp αὐτός@rpdms ἰάομαι@vppenmp ἀπαλλάσσω@vipe3p νεκρός@nnmpc δέ@b πρόσφω@vppenmp ἔρομαι@vppenmp ἐγείρω@vipe3p καί@cs οὐδείς@rpnns εἰμί@vipa3s ὅς@rpans ἀδυνατέω@vipa3s ποιέω@vnpa-- καί@b ὅσος@anans- γε@b μᾶλλον@b ὁ@dnms χρόνος@nnmsc αὐξάνω@viia3s πολύς@anans- μέγας@annfsc διά@p πλείων@angmpc ὁ@dgmp ἐπιδημέω@vppagmp βέβαιος@annfsc γίγνομαι@viie3s οὐ@b ἔτι@b φήμη@nnfsc λέγω3@vipa1s ἀλλά@cs ὁ@dgns πρᾶγμα@ngnsc ὁ@dnfs ἀλήθεια@nnfsc ἤδη@b γάρ@b ποτέ@b καί@b σύστημα@nnnpc κατά@p τόπος@nampc γίγνομαι@viie3s βουλή@ngfsc καί@cs σκέψις@ngfsc τις@rpnms ἄν@b εἰμί@vopa3s ὁ@dnms φαίνω@vpapnms καί@cs τίς@rpans βούλομαι@vipe3s λέγω3@vnpa--"
"Ps-Clem.Petr._7","καί@cs δή@b ποτέ@b τις@rpnms πρός@p αὐτός@andns- ὁ@ddns ἔτος@ndnsc ἐν@p χειμερινός@andfs- τροπή@ndfsc δημοσίᾳ@andfs- ἵστημι@vpaanms βοάω@viia3s λέγω3@vppanms ἀνήρ@nvmpc ῥωμαῖος@anvmp- ἀκούω@vmaa2p ὁ@dnms ὁ@dgms θεός@ngmsc υἱός@nnmsc ἐν@p ἰουδαία@ndfsp πάρειμι@vipa3s ἐπαγγέλλω@vppenms πᾶς@andmp- ὁ@ddmp βούλομαι@vppedmp ζωή@nafsc αἰώνιος@anafs- ἐάν@cs ὁ@danp κατά@p γνώμη@nafsc ὁ@dgms πέμπω@vpaagms αὐτός@rpams πατήρ@ngmsc βιόω@vsaa3p διό@b μεταβάλλω@vmpe2p ὁ@dams τρόπος@namsc ἀπό@p ὁ@dgmp χείρων@ngmpc ἐπί@p ὁ@danp κρείσσων@ananpc ἀπό@p ὁ@dgnp πρόσκαιρος@angmp- ἐπί@p ὁ@danp αἰώνιος@nanpc γιγνώσκω@viaa1s εἷς@anams- θεός@namsc εἰμί@vnpa-- ἐν@p τρεῖς@andfp- ὑπόστασις@ndfpc ὁ@dams ἐπουράνιος@namsc ὅς@rpgms ὁ@dams κόσμος@namsc ἄδικος@b οἰκέω@vipa2p ἔμπροσθεν@b ὁ@dgmp αὐτός@rpgms δίκαιος@angmp- ὀφθαλμός@ngmpc ἀλλά@cs ἐάν@cs μεταβάλλω@vspe2p καί@cs κατά@p ὁ@dafs αὐτός@rpgms βούλησις@nafsc βιόω@vsaa2p εἰς@p ἕτερος@anams- αἰών@namsc φέρω@vpapnmp καί@cs ἀΐδιος@annmp- γίγνομαι@vpamnmp ὁ@dgnp ἀπόρρητος@ngnpc ἀγαθός@angnp- αὐτός@b ἀπολαύω@vifa2p ἐάν@cs δέ@b ἀπειθέω@vsaa2p μετά@p ὁ@dafs ἐνθένδε@b ἀποβίω@nafsc εἰς@p ὁ@dams τόπος@namsc ὁ@dgns πῦρ@ngnsc βάλλω@vifm2p ὅπου@b ἀΐδιος@b κολάζω@vppenmp ἀνωφέλητος@ananp- μετανοέω@vsaa2p ὁ@dnms γάρ@b ὁ@dgfs μετάνοια@ngfsc καιρός@nnmsc ὁ@dnfs νῦν@b ἕκαστος@angms- ζωή@nnfsc τυγχάνω@vipa3s ἐγώ@rpnms μέν@b οὖν@b οὗτος@rpanp ἀκούω@vppanms ἄχθομαι@viie1s ὅτι@cs οὐδείς@rpnms ἐκ@p τοσοῦτος@rpgmp ὄχλος@ngmpc τηλικοῦτος@anafs- ἀγγελία@nafsc ἀκούω@vpaanms ἐρῶ@vira3s εἰς@p ἰουδαία@nafsp πορεύω@vifm1s ἵνα@cs εἶδον@vsaa1s εἰ@cs οὗτος@rpnms λέγω3@vppanms ἀληθεύω@vipa3s ὡς@cs ὅτι@cs υἱός@nnmsc θεός@ngmsc ἐπιδημέω@vira3s ὁ@ddfs ἰουδαία@ndfsp ἀγαθός@angfs- καί@cs αἰώνιος@angfs- ἐλπίς@ngfsc χάρις@p ὁ@dafs ὁ@dgms ἀποστέλλω@vpaagms πατήρ@ngmsc βούλησις@nafsc ἐκφαίνω@vppanms καί@b ὅσπερ@rpans λέγω3@vipa3p αὐτός@rpams κηρύσσω@vnpa-- οὐ@b εἰμί@vipa3s μικρός@annns- ὅς@rpgmp μέν@b γάρ@b ὁ@dafp ψυχή@nafpc εὔχομαι@vipe3s αἰώνιος@anafp- εἰμί@vppaafp αἰώνιος@angnp- ἀπολαύω@vnfa-- ἀγαθός@angnp- ὅς@rpgnp δέ@b ἐν@p πῦρ@ndnsc ἄσβεστος@andns- ῥίπτω@vpaanms ὁ@dams αἰών@namsc κολάζω@vnfp--"
"Ps-Clem.Petr._8","οὗτος@rpanp ἐγώ@rpnms λέγω3@vppanms περί@p ἄλλος@rpgmp καί@b ἐμαυτοῦ@rpdms ὁμιλέω@viaa1s λέγω3@vppanms τίς@rpans ἄλλος@rpamp μέμφομαι@vipe1s ἐν@p ὁ@ddns αὐτός@rpdns ὁ@dgfs ἀμέλεια@ngfsc ὑπάρχω@vppanms ἔγκλημα@ndnsc ἀλλά@b εἰς@p ἰουδαία@nafsp ὁρμάω@vifa1s πρότερος@anans- ὁ@dams ἐμός@anams- διατίθημι@vpaanms βίος@namsc καί@b δή@b οὕτως@b βουλεύω@vpamgms ἐγώ@rpgms πολύς@annms- ὁ@dnms ὁ@dgfs παρολκή@ngfsc γίγνομαι@viam3s χρόνος@nnmsc ὁ@dgnp βιωτικός@angnp- πρᾶγμα@ngnpc δύσλυτος@angnp- εἰμί@vppagnp πέρας@nansc γοῦν@b συννοέω@vpaanms ὡς@b ὁ@dafs ὁ@dgms βίος@ngmsc φύσις@nafsc ὅτι@cs ἐλπίς@ndfsc ἐκπλοκή@vppanms ὁ@damp σπεύδω@vppaamp ἐνεδρεύω@vipe2s οὐ@b μήν@b ἀλλά@b καί@b εἰμί@vppaans ποτέ@b εἰσκλάω@viaa1s χρόνος@namsc ἐλπίς@ndfpc δονέω@vppenms καί@cs ὅτι@cs οὕτως@b ἀσχολέω@vppenmp ὁ@dnmp ἄνθρωπος@nnmpc θνήσκω@vipa1p ὁ@danp πᾶς@ananp- ἐγώ@rpgms ὡς@cs τυγχάνω@viaa3s ἀφίημι@vpaanms εἰς@p πόρτος@namsp ὁρμάω@viaa1s καί@b εἰς@p ὁ@dams λιμήν@namsc ἔρχομαι@vpaanms καί@cs ἀνάγω@vpapnms ἄνεμος@ngmpc ἔχθρα@andmp- ἀντί@p ὁ@dgns εἰς@p ἰουδαία@nafsp εἰς@p ἀλεξάνδρεια@nafsp φέρω@viap1s καί@b ἄνεμος@ngmpc ἀπορία@ndfsc ἐπέχω@vpapnms ἐκεῖ@b σύνἐπιβαίνω@viia1s ὁ@ddmp φιλόσοφος@ndmpc καί@cs ὁ@danp ὁ@dgfs φήμη@ngfsc μετά@p ὁ@dgms ἐν@p ῥώμη@ndfsp φαίνω@vpapgms λέγω3@viia3p ὁ@damp λόγος@nampc ὁ@dnmp δέ@b ἀποκρίνω@viam3p ὅτι@cs μέν@b ἐν@p ῥώμη@ndfsp φαίνω@vpapams οὐ@b οἶδα@vira1p περί@p δέ@cs ὁ@dgms ἐν@p ἰουδαία@ndfsp γίγνομαι@vpamgms καί@cs υἱός@ngmsc θεός@ngmsc ὑπό@p ὁ@dgfs φήμη@ngfsc λέγω1@vppegms παρά@p πολύς@angmp- ὁ@dgmp ἐκεῖθεν@b ἔρχομαι@vpragnp ἀκούω@viaa1p καί@cs περί@p πᾶς@angnp- ὅς@rpgmp λαλέω@vppanms ποιέω@viia3s θαυμάσιος@ngnpc μανθάνω@viaa1p"
"Ps-Clem.Petr._9","ἐγώ@rpgms δέ@x εἶπον@vpaagms ἐθέλω@viia3p τις@rpdms συντυγχάνω@vnaa-- ὁ@dgmp ὁράω@vpragmp αὐτός@rpams εὐθύς2@b ἄγω@namsc ἐγώ@rpacs λέγω3@vppanmp εἰμί@vipa3s τις@annms- ἐνταῦθα@b οὐ@b μόνος@b ἱστορέω@vpaanms αὐτός@rpams ἀλλά@cs καί@b ὁ@dgfs ἐκεῖθεν@b γῆ@ngfsc ὑπάρχω@vppanms ἀνήρ@nnmsc τίμιος@annms- ὄνομα@ndnsc βαρνάβας@nnmsp ὅς@rpnms καί@b εἷς@anams- ὁ@dgmp αὐτός@rpgms μαθητής@ngmpc ἑαυτοῦ@rpams εἰμί@vnpa-- λέγω3@vipa3s καί@cs ἐνταῦθα@b πού@b κατάἕζομαι@vppenms ὁ@dgfs ἐκεῖνος@rpgms ὑπόσχεσις@ngfsc ὁ@damp λόγος@nampc ὁ@ddmp βούλομαι@vppedmp ἑτοῖμος@b λέγω3@vipa3s καί@b δή@b συνέρχομαι@viaa1s αὐτός@rpdmp καί@b ἔρχομαι@vpaanms σύν@p ὁ@ddms παρίστημι@vpradms ὄχλος@ndmsc ἵστημι@viaa1s ἐπακούω@vppanms ὁ@dgmp λόγος@ngmpc καί@b συννοέω@viia1s ὁ@danp ἀληθής@ananp- οὐ@b διαλεκτικός@andfs- τέχνη@ndfsc λέγω3@vppaams ἀλλά@cs ἄκακος@b καί@cs ἀπαρασκεύαστος@b ἐκτίθημι@vppeams ἅτε@b ἀκούω@viaa3s καί@cs ὁράω@vira3s ὁ@dams ὁ@dgms θεός@ngmsc φαίνω@vpapams υἱός@namsc ποιέω@vnra-- τε@b καί@cs ἐρῶ@vnra-- πολύς@anamp- δέ@b μάρτυς@nampc ὁ@dgnp ὑπό@p αὐτός@rpgms λέγω3@vppegnp θαυμάσιος@angnp- τε@b καί@cs λόγος@ngmpc ἐκ@p αὐτός@angms- ὁ@dgms παρίστημι@vpragms ὄχλος@ngmsc παρέχω@viia3s"
"Ps-Clem.Petr._10","ἐπεί@cs δέ@b πρός@p ὁ@danp ἀπανούργητος@b λέγω3@vppeanp ἡδέως@b ὁ@dnmp ὄχλος@nnmpc διατίθημι@viie3p ὁ@dnmp ἐκ@p παιδεία@ngfsc κοσμικός@angfs- ὁρμάω@vppenmp φιλόσοφος@nnmpc γελάω@vnpa-- αὐτός@rpams καί@cs χλευάζω@vnpa-- ἐπιβάλλω@viie3p σκώπτω@vppanmp καί@cs διασύρω@vppanmp θράσος@ndnsc ἄμετρος@andns- ὡς@b μέγας@andnp- ὅπλον@ndnpc χράω2@vprenmp ὁ@ddmp συλλογισμός@ndmpc ὁ@dnms δέ@b ἀπωθέω@vpamnms αὐτός@rpgmp ὁ@dams λῆρος@namsc οὐ@b συντρέχω@viia3s αὐτός@rpgmp ὁ@ddfs πανοῦργος@andfs- πυνθάνομαι@ndfsc ἀλλά@cs ἀκατάπληκτος@annms- εἰμί@vppanms λέγω3@vnpa-- οὐ@b ἀφεστήξω@viie3s καί@b ποτέ@b τις@rpnms αὐτός@rpgms πυνθάνομαι@viam3s διατί@rpans κώνωψ@nnmsc γίγνομαι@viam3s καί@cs βραχύς@ananss εἰμί@vppanms ἕξ@an---- πούς@nampc ἔχω@vppanms ἔχω@vipa3s καί@b πτερόν@nanpc ἐλέφας@nansc δέ@cs ὁ@dans μέγας@anans- ζῷον@nansc ἄπτερος@annms- εἰμί@vppanms τέσσαρες@ μόνος@anams- ἔχω@vipa3s πούς@nampc ὁ@dnms δέ@b μετά@p ὁ@dafs πεῦσις@nafsc ὁ@dams ἐμποδίζω@vpapams ἀναλαμβάνω@vpaanms λόγος@namsc ὡς@b πρός@p ὁ@dafs πεῦσις@nafsc ἀποκρίνω@vpamnms ὁ@dams αὐτός@rpdms ἀπό@p ἀρχή@ngfsc πρόκειμαι@vpreams ἀναλαμβάνω@viia3s λόγος@namsc οὗτος@rpdns μόνος@andns- προοίμιον@ndnsc χράομαι@vppenms κατά@p ἕκαστος@anafs- ἐγκοπή@nafsc ἐγώ@rpnmp ὁ@dgms πέμπω@vpaagms ἐγώ@rpamp ὁ@damp λόγος@nampc καί@cs ὁ@dafp θαυμαστός@anafp- πρᾶξις@nafpc εἶπον@vnaa-- σύ@rpdmp μόνος@anans- ἔχω@vipa1p ἐντολή@nafsc καί@cs ἀντί@p ὁ@dgfs λογικός@angfs- ἀπόδειξις@ngfsc μάρτυς@nampc παρέχω@vipa1p σύ@rpdmp ὁ@dgmp ἐκ@p σύ@rpgmp παρίστημι@vpragmp πολύς@anamp- ὅς@rpgmp ἐγώ@rpnms ὁ@danp εἶδος@nanpc μιμνήσκω@vire1s ὡς@b ἔμψυχος@anafp- εἰκών@nafpc ἱκανός@anafp- μαρτυρία@nafpc λοιπός@annns- ὁ@dgfs ὑμέτερος@angfs- εἰμί@vipa3s ἐξουσία@ngfsc ὑπείκω@vnpa-- ἤ1@cs ἀπειθέω@vnpa-- ὁ@dgns δέ@b λέγω3@vnpa-- σύ@rpdmp ὁ@dans συμφέρω@vppaans οὐ@b παύω@vifm1s ὅτι@cs ἐγώ@rpdms μέν@b ζημία@nnfsc ὁ@dnns σιωπάω@vnpa-- σύ@rpdmp δέ@cs ὁ@dnns ἀπειθέω@vnpa-- βλάβη@nnfsc ἀλλά@b καί@b ὁ@dgmp εἰκαῖος@vppagfp σύ@rpgmp πρόβλημα@ngfpc ὁ@dafp ἀπόδειξις@nafpc ἀποδίδωμι@vnaa-- δύναμαι@viie1s εἰ@cs φιλαλήθης@b πυνθάνομαι@vipe2p κώνωψ@ngmsc δέ@b καί@cs ἐλέφας@ngmsc ὁ@dafs αἰτία@nafsc ὁ@dgfs διάφορος@angfs- δημιουργία@ngfsc νῦν@b σύ@rpdmp εἶπον@vnaa-- οὐ@b εἰμί@vipa3s εὔκαιρος@annns- ὁ@ddmp ὁ@dams ὁ@dgnp ὅλος@angnp- ἀγνοέω@vppadmp θεός@namsc"
"Ps-Clem.Petr._11","οὗτος@rpanp αὐτός@rpgms λέγω3@vppagms ἐκ@p συμφωνία@ngfsc ἄτακτος@anams- ἀφίημι@viia3p γέλως@namsc κατασιωπάω@vnpa-- καί@cs ἀπορέω@vnpa-- αὐτός@rpams πειράω@vppenmp ὡς@b βάρβαρος@anams- τις@rpams δαιμονάω@vppaams ἐγώ@rpnms δέ@x οὗτος@ananp- ὁράω@vppanms ζῆλος@ndmsc οὐ@b οἶδα@vira1s ὅπως@cs λαμβάνω@vpapnms εὐσεβέω@andms- θυμός@ndmsc ὁ@dgns λοιπός@angns- σιγάω@vnpa-- οὐ@b καρτερέω@viia1s ἀλλά@cs μετά@p παρρησία@angfs- βοάω@viia1s λέγω3@vppanms εὔλογος@b ὁ@dnms θεός@nnmsc σύ@rpdmp ἀκατάληπτος@anafs- ὁ@dafs αὐτός@rpgms βούλησις@nafsc τίθημι@viam3s ἀνάξιος@anamp- προεῖδον@vpaanms ἐκ@p ὅς@rpgmp νῦν@b ὁ@damp κριτικός@anams- νόος@namsc ἔχω@vppaamp πληροφορέω@vppanms φαίνω@vipe3s ἐπεί@cs γάρ@b νῦν@b ὁ@dgfs αὐτός@rpgms βούλησις@ngfsc κῆρυξ@nnmpc ἐξαποστέλλω@vila3p οὐ@b γραμματικός@anafs- ἐπαγγέλλω@vppenmp τέχνη@nafsc ἀλλά@cs ἁπλόος@andmp- καί@cs ἀπανούργυτος@andmp- λόγος@ndmpc ὁ@dafs αὐτός@rpgms βούλησις@nafsc ἐκφαίνω@vppanmp ὡς@b πᾶς@anams- ὅστις@rpams οὖν@b ἀκούω@vpaaams νοέω@vnpa-- ὁ@danp λέγω3@vppeanp καί@cs οὐ@b μετά@p ἕξις@ngfsc τις@angfs- φθονερός@angfs- παρέχω@vnpa-- πᾶς@andmp- ἑαυτοῦ@rpafs μή@b βούλομαι@vppegfs πάρειμι@vipe1s σύ@rpnmp πρός@p ὁ@dans μή@b νοέω@vnpa-- ὁ@dans σύ@rpdmp συμφέρω@vppaans ἐπί@p ὁ@ddfs ὑμέτερος@andfs- βλάβη@ndfsc γελάω@vnpa-- ὁ@dafs εἰς@p ὁ@dafs ὑμέτερος@anafs- δίκη@nafsc ἐν@p βάρβαρος@ndmpc πολιτεύω@vpreafs ἀλήθεια@nafsc ὅς@rpafs καί@b σύ@rpdmp ἐπιδημέω@vpaaafs ξενίζω@vnaa-- οὐ@b βούλομαι@vipe2p διά@p ὁ@dafp ἀσέλγεια@nafpc σύ@rpgmp καί@cs ὁ@dans λιτός@anans- ὁ@dgmp λόγος@ngmpc αὐτός@rpgfs ἵνα@cs μή@b ἐλέγχω@vsap2p ὅτι@cs εἰκῇ@b φιλόλογος@annmp- εἰμί@vipa2p καί@cs οὐ@b ἀληθής@annmp- φιλόσοφος@annmp- μέχρι@p μέν@b οὖν@b ποτέ@b λαλέω@vnpa-- μανθάνω@vipa2p ὁ@dnmp ὁ@dans λαλέω@vnpa-- οὐ@b ἔχω@vppanmp πολύς@annnp- γάρ@b παρά@p σύ@rpgmp ῥῆμα@nnnpc εἷς@angms- οὐ@b ἄξιος@annnp- λόγος@ngmsc τίς@rpans ἄρα@b ἐρῶ@vifa3s σύ@rpgmp ὁ@dnns ἑλληνικός@annns- πλῆθος@nnnsc εἷς@annfs- ψυχή@nnfsc γίγνομαι@vpamans εἴπερ@cs εἰμί@vifm3s κρίσις@nnfsc ὡς@cs οὗτος@rpnms λέγω3@vipa3s διά@p τίς@rpans ὦ@i θεός@nvmsc ὁ@dafs σός@anafs- βούλησις@nafsc οὐ@b κηρύσσω@viaa2s ἐγώ@rpdmp οὐ@b πάντως@b ἀκούω@vifm2p εἴπερ@cs ἀπόκρισις@ngfsc ἀξιόω@vifm2p ὅδε@rpanp ἐγώ@rpnms πᾶς@angfs- ὁ@dafp εἰμί@vpfmgfs πρό@p καταβολή@ngfsc κόσμος@ngmsc προαίρεσις@nafpc οἶδα@vpranms ἕκαστος@andms- πρός@p ὁ@dans αὐτός@rpgms ἄξιος@anans- κρύπτω@b προαπανίσταμαι@viaa1s οὗτος@rpnns δέ@b αὐτός@annns- ὅτι@cs οὕτως@b ἔχω@vipa3s βούλομαι@vpapnms ὁ@damp προσφεύγω@vpraamp ἐγώ@rpdms πληροφορέω@vnaa-- διατί@anans- ἀπό@p ἀρχή@ngfsc ἐκ@p πρότερος@angfp- γενεά@ngfpc ὁ@dafs ἐμός@anafs- βούλησις@nafsc δημοσίᾳ@b οὐ@b ἐάω@viaa1s κηρύσσω@vnap-- νῦν@b πρός@p ὁ@ddns τέλος@ndnsc ὁ@dgms βίος@ngmsc κῆρυξ@nampc ἐμός@angfs- βουλή@ngfsc ἀποστέλλω@viaa1s ὅς@rpnmp καί@b γελάω@vipe3p καί@cs ὑβρίζω@vppenmp χλευάζω@vipe3p ὑπό@p ὁ@dgmp μηδείς@rpans ὠφελέω@vnpe-- ἐθέλω@vppagmp καί@cs ἐπιτεταμένως@b ὁ@dafs ἐμός@anafs- φιλία@nafsc παραιτέομαι@vpamgmp ὦ@i μέγας@angfs- ἀδικία@ngfsc μέχρι@p φόνος@ngmsc κινδυνεύω@vipa3p ὁ@dnmp κῆρυξ@nnmpc καί@cs οὗτος@rpanp ὑπό@p ὁ@dgmp εἰς@p σωτηρία@nafsc καλέω@vpfmgmp ἀνήρ@ngmpc οὗτος@rpnns δέ@b ὁ@dnns ἄδικος@b γίγνομαι@vppenns κατά@p ὁ@dgmp ἐμός@angmp- κῆρυξ@ngmpc ἀπό@p ἀρχή@ngfsc ἄν@b εἰς@p πᾶς@anamp- γίγνομαι@viie3s εἴπερ@cs ἀπό@p ἀρχή@ngfsc εἰς@p σωτηρία@nafsc καλέω@viie3p ὁ@dnmp ἀνάξιος@annmp- ὁ@dnns γάρ@b νῦν@b γίγνομαι@vppenns ὑπό@p αὐτός@rpgmp ἄδικος@b εἰς@p ἀπολογία@nafsc ὁ@dgfs ἐμός@angfs- δίκαιος@ngfsc γίγνομαι@vipe3s πρόνοια@ngfsc ὅτι@cs καλός@b ὁ@dams ὁ@dgfs τιμή@ngfsc ἄξιος@anams- λόγος@namsc ἀπό@p ἀρχή@ngfsc δημοσίᾳ@b εἰς@p ὕβρις@nafsc τίθημι@vnaa-- οὐ@b βούλομαι@viae1s ἀνωφελής@b ἀλλά@cs σιγάω@vnpe-- αὐτός@rpams ὡς@cs τίμιος@anans- βουλεύω@viam1s οὐ@b ἀπό@p ὁ@dgnp ἀπό@p ἀρχή@ngfsc ἄξιος@angnp- ὄις@rpamp καί@b μεταδίδωμι@viaa1s ἀλλά@cs ἀπό@p οὗτος@rpgnp καί@cs ὁ@dgnp τοιοῦτος@rpgnp ὡς@cs ὁράω@vipa2p ἀνάξιος@angmp- ὁ@dgmp ἐγώ@rpams μισέω@vppagmp καί@cs ἑαυτοῦ@rpamp φιλέω@vnpa-- μή@b βούλομαι@vppegmp καί@b νῦν@b γε@b παρίημι@vpaanmp γελάω@vnpa-- ὁ@dams ἀνήρ@namsc οὗτος@anams- ἐγώ@rpgms πρός@p ὁ@dans οὗτος@rpgms ἐπάγγελμα@nansc πυνθάνομαι@vmpe2p ἤ1@cs πυνθάνομαι@vppegms ἐγώ@rpgms ὁ@dnms βούλομαι@vppenms ἀποκρίνω@vmam3s καί@cs μή@b ὡς@cs ἀσελγής@annmp- κύων@nnmpc ὑλακτέω@vipa2p ψόφος@ndmsc ἄτακτος@andms- βύω@vppanmp ὁ@dgmp σώζω@vnpe-- ἐθέλω@vppagmp ὁ@dafp ἀκοή@nafpc ὦ@i ἄδικος@anvmp- καί@b θεοστυγής@anvmp- καί@cs ὁ@dams σῴζω@vppaams λογισμός@namsc εἰς@p ἀπιστία@nafsc ἀπασχολέω@vppanmp πῶς@b συγγνώμη@ngfsc τυγχάνω@vnaa-- δύναμαι@vifm2p ὁ@dams ὁ@dafs θειότης@nafsc ὁ@dgms θεός@ngmsc ἀπαγγέλλω@vppeams εἶπον@vnaa-- σύ@rpdmp ὑβρίζω@vppanmp καί@b οὗτος@rpanp ἄνθρωπος@namsc ὅς@rpgms χρή@viia3s καί@b μηδείς@rpans ἀληθής@anans- λέγω3@vppagms ὁ@dafs ἀγαθός@anafs- αὐτός@rpgms πρός@p σύ@rpamp ἀποδέχομαι@vnam-- προαίρεσις@nafsc"
"Ps-Clem.Petr._12","οὗτος@rpanp ἐγώ@rpdms λέγω3@vppagms καί@cs ὁ@danp οὗτος@rpdnp ἀκόλουθος@ananp- πολύς@annms- ὁ@dgmp ὄχλος@ngmpc γίγνομαι@viam3s θρῦλος@nnmsc καί@b ὁ@dnmp μέν@b ὡς@b ὁ@dams βαρνάβας@namsp ἐλεέω@vppanmp συναίρω@viaa3p ἐγώ@rpdms ὁ@dnmp δέ@b ἠλίθιος@annmp- εἰμί@vppanmp δεινός@b κατά@p ἐγώ@rpgms βρύχω@viia3p ὁ@damp ὀδούς@nampc ἐπεί@cs δέ@b ἤδη@b ποτέ@b ἑσπέρα@nnfsc καταλαμβάνω@vila3s ὁ@dgfs χείρ@ngfsc λαμβάνω@vpaanms ὁ@dams βαρνάβας@namsp μή@b ἐθέλω@vppaams βία@ndfsc εἰς@p ὁ@dafs ἐμός@anafs- ἄγω@viia1s οἰκία@nafsc ἔνθα@b καί@b μένω@vnpa-- αὐτός@rpams ποιέω@viaa1s ἵνα@cs μή@b τις@rpnms αὐτός@rpdms χείρ@nafpc ἐπιβάλλω@vsaa3s καί@b ἡμέρα@nafpc ὀλίγος@anafp- διατρίβω@vpaanms καί@cs ὁ@dgms ἀληθής@angms- λόγος@namsc βραχύς@ananp- κατηχέω@vpaanms ἐγώ@rpams ὅσος@anans- ἐν@p ὀλίγος@andfp- ἡμέρα@ndfpc σπεύδω@vnpa-- λέγω3@viia3s εἰς@p ἰουδαία@nafsp ὁ@dgfs ἑορτή@ngfsc χάρις@p ὡς@b καί@b ὁ@dgns λοιπός@angns- ὁ@ddnp ἑαυτοῦ@rpgms ὁμοέθνεσις@ndnpc σύνειμι1@vnpa-- ἐθέλω@vppanms φανερός@b δή@b ἐγώ@rpdms ἀποκαλύπτω@vpaanms"
"Ps-Clem.Petr._13","ἐγώ@rpgms μέν@x γάρ@x εἶπον@vpaagms σύ@rpncs ἐγώ@rpdcs μόνος@b ὁ@damp ὁ@dgms φαίνω@vpapgms θεός@ngmsc ὅς@rpamp ἀκούω@viaa2s ἐκτίνω@vmpe2s λόγος@nampc καί@b ἐγώ@rpnms ὁ@ddms ἐμός@andms- κοσμέω@vpaanms λόγος@ndmsc ὁ@dgms θεός@ngmsc κηρύσσω@vifa1s ὁ@dafs βούλησις@nafsc καί@cs εἶτα@b οὕτως@b ἐντός@p ὀλίγος@angfp- ἡμέρα@ngfpc συμπλέω@vifa1s σύ@rpdcs λίαν@b γάρ@b ποθέω@vipa1s ἐπί@p ὁ@dams ὁ@dgfs ἰουδαία@ngfsp γίγνομαι@vnam-- τόπος@namsc τάχα@b δέ@x καί@b συνοικέω@vifa1s σύ@rpdmp ὁ@dams πᾶς@anams- ἐγώ@rpgfs ὁ@dgfs ζωή@ngfsc χρόνος@namsc αὐτός@rpnms οὗτος@rpanp ἀκούω@vpaanms ἀποκρίνω@viam3s σύ@rpnms εἰ@cs μέν@x ἱστορέω@vnaa-- ὁ@danp ἡμέτερος@ananp- καί@cs μανθάνω@vnaa-- ὁ@dans συμφέρω@vppaans ἐθέλω@vipa2s ἐξαυτῆς@b ἐγώ@rpdms συμπλέω@vmaa2s εἰ@cs δέ@b οὐ@b βούλομαι@vipe2s ὁ@danp σημεῖον@nanpc ὁ@dgfs οἴκησις@ngfsc ἐγώ@rpgcs καί@cs ὅς@rpgnp ἐθέλω@vipa2s ἐγώ@rpnms σύ@rpdms σήμερον@b ἐρέω@vifa1s ἵνα@cs ὅτε@b βούλομαι@vipe2s ἔρχομαι@vpaanms ἐφίστημι@vspe3s ἐγώ@rpdcp ἐγώ@rpncs γάρ@b αὔριον@b πορεύω@vifm1s ἐπί@p ὁ@danp ἐμαυτοῦ@rpgms καί@b δή@b ἀδυσώπητος@anans- εἶδον@vpaanms συνέρχομαι@viaa1s αὐτός@rpdms μέχρι@p ὁ@dgms λιμήν@ngmsc καί@cs μανθάνω@vpaanms παρά@p αὐτός@rpgms ὅσπερ@rpanp λέγω3@viia3s σημεῖον@nanpc ὁ@dgfp οἴκησις@ngfpc φημί@viia1s αὐτός@rpdms εἰ@cs μή@b ὅτι@cs αὔριον@b τις@rpans ἀπαιτέω@vipa1s ὀφείλω@vppeans ἐγώ@rpdcs ἐξαυτῆς@rpgfs ἄν@b συμπλέω@annns- σύ@rpdms πλήν@p ταχύς@anans- σύ@rpams καταλαμβάνω@vifm1s καί@b οὗτος@rpanp εἶπον@vpaanms καί@cs παρατίθημι@vpamnms αὐτός@rpams ὁ@ddmp ὁ@dgns πλοῖον@ngnsc ἀγέομαι@vppedmp ὑποστρέφω@viia1s λυπέω@vppenms μιμνήσκω@vprenms ὁ@dgms καλός@angms- καί@cs συνήθης@angms- φίλος@ngmsc"
"Ps-Clem.Petr._14","ἡμέρα@ngmpp δέ@b διατρίβω@vpaanms καί@cs ὁ@dans χρέος@nansc οὐ@b ὅλος@anans- λαμβάνω@vnaa-- δύναμαι@vpapnms τάχος@ngnsc ἕνεκα@p ἀμελέω@vpaanms ὁ@dgns περιλείπομαι@vpapgms ὡς@b ἐμποδίον@angms- εἰμί@vppagns καί@b αὐτός@rpnms εἰς@p ἰουδαία@nafsp ἀποπλέω@viaa1s καί@cs διά@p δεκαπέντε@an---- ἡμέρα@ngfpc εἰς@p καισάρεια@nafsp συναντάω@viaa1s ὁ@dafs στράτων@ngmsp ἐπίβας@vpaagms δέ@b ἐγώ@rpgms ὁ@dgfs γῆ@ngfsc καί@cs ξενία@nafsc θηράω@vpregms μανθάνω@viaa1s ὅτι@cs πέτρος@nnmsp τις@rpnms λέγω3@vppenms ὁ@dgms ἐν@p ἰουδαία@ndfsp φαίνω@vpapgms ἰησοῦς@ngmsp χριστός@ngmsp υἱός@ngmsc ὁ@dgms θεός@ngmsc ὁ@dgms σημεῖον@nanpc καί@cs τέρας@nanpc ποιέω@vpragms ὁ@dnms δόκιμος@annmss ὑπάρχω@vppanms μαθητής@nnmsc αὔριον@b σίμων@ndmsp ὁ@ddms ἀπό@p γιτθοί@ngmpp σαμαρεύς@ndmsp ζήτησις@nafsc ποιέω@vipe3s λόγος@ngmpc ἐγώ@rpncs δέ@b οὗτος@rpanp ἀκούω@vpaanms δέω2@viap1s ὁ@dafs οὗτος@rpgms ἐγώ@rpdms μηνύω@vnap-- μονή@nafsc καί@b ὅμως@b μαθάνω@viaa1s καί@cs ὁ@ddms πυλών@ndmsc ἐφίστημι@viaa1s ὁ@dnmp δέ@b ἐν@p ὁ@ddms οἶκος@ndmsc ἀντιβάλλω@viia3p τις@rpnms τε@b εἰμί@vppanms καί@cs πόθεν@b ἥκω@vipa1s καί@b ἰδού@b βαρνάβας@nafpp ἐκβαίνω@vpaanms ἅμα@b ὁ@dgns εἶδον@vnaa-- περιπλάζω@viap3s ἐγώ@rpdcs πολύς@anans- χαίρω@vppanms καί@cs δάκρυον@vppanms καί@b λαμβάνω@vpamnms ἐγώ@rpgms ὁ@dgfs χείρ@ngfsc εἰσφέρω@viia3s ἔνθα@b εἰμί@viia3s ὁ@dnms πέτρος@nnmsp λέγω3@vppanms ἐγώ@rpdcs οὗτος@rpnms εἰμί@vipa3s πέτρος@nnmsp ὅς@rpams μέγας@ananss ἐπί@p ὁ@ddfs ὁ@dgms θεός@ngmsc σοφία@ndfsc ἐπαγγέλλω@viie1s σύ@rpdms ὅς@rpdms ἄπαυστος@b λέγω3@viia1s πᾶς@ananp- ὁ@danp κατά@p σύ@rpams καλός@ananp- ἅμα@b καί@cs ὁ@dafs προαίρεσις@nafsc ἐκφαίνω@viaa1s ὡς@cs αὐτός@rpams γλίχομαι@vnpe-- καί@cs εἶδον@vnaa-- σύ@rpams μέγας@anans- οὖν@x αὐτός@andms- δῶρον@nansc σύ@rpafs διᾶ@p ὁ@dgfp ἐμός@angfp- προσφέρω@vipa1s χείρ@ngfpc καί@b οὗτος@rpans εἶπον@vpaanms προσφέρω@vpaanms φημί@viia3s οὗτος@rpnms εἰμί@vipa3s κλήμης@ngfsp πέτρος@nvmsp"
"Ps-Clem.Petr._15","ὁ@dnms δέ@b ἀγαθός@annms- προσπηδάω@vpaanms ἅμα@p ὁ@ddms ἀκούω@vnaa-- ὁ@dans ὄνομα@nansc καταφιλέω@viaa3s καί@cs καθέζομαι@vnap-- ἐγώ@rpams ποιέω@vpaanms ἐξαυτῆς@rpgfs φημί@viia3s καλός@b ποιέω@viaa2s ὁ@dams ὁ@ddfp ἀλήθεια@ngfsc κῆρυξ@namsc ξενίζω@vpaanms βαρνάβας@namsp εἰς@p τιμή@nafsc ὁ@dgms εἰμί@vppagms θεός@ngmsc μεγαλόφρων@b οὐ@b αἰδέομαι@vpapnms οὐ@b φοβέω@vpapnms ὁ@dams ὁ@dgmp ἀπαίδευτος@angmp- ὄχλος@ngmpc θυμός@namsc μακάριος@annms- εἰμί@vifm2s ὡς@cs γάρ@b σύ@rpnms ὁ@dams ὁ@dgfs ἀλήθεια@ngfsc πρεσβευτής@namsc εἰμί@vppaams ἐξενίζω@viaa2s πᾶς@andfs- τιμή@ndfsc καί@b αὐτός@annfs- σύ@rpams ὁ@dnfs ἀλήθεια@nnfsc ξένος1@namsc εἰμί@vppaams ὁ@dgfs ἴδιος@angfs- πόλις@ngfsc καθίστημι@vifa3s πολίτης@namsc καί@b τότε@b χαίρω@vifm2s μεγάλως@b ὅτι@cs βραχύς@anafs- νῦν@b δανείζω@vpaanms χάρις@nafsc προαίρεσις@nafsc λόγος@ngmpc καλός@angmp- ἀΐδιος@angnp- καί@cs ἀναφαιρέτων@angnp- ἀγαθός@angnp- εἰμί@vsam2s κληρονόμος@nnmsc καί@b μή@cs κάμνω@vmpa2s ἀντιβάλλω@vppanms ἐγώ@rpdms ὁ@dans σύν@p ἦθος@nansc πᾶς@ananp- γάρ@b ὁ@danp κατά@p σύ@rpa-s ὁ@dnms ἀψευδής@annms- ἀπαγγέλλω@viaa3s βαρνάβας@nnmsp σχεδόν@b κατά@p ἡμέρα@nafsc ὁ@dafs ἀγαθός@anafs- σύ@rpgms ποιέω@vppenms μνήμη@nafsc καί@b ἵνα@cs σύ@rpdcs ἐν@p ἐπιτομή@ndfsc ὡς@cs γνήσιος@andms- φίλος@andms- ὁ@dans πρόκειμαι@vpreans ἐρέω@vifa1s εἰ@cs μή@b σύ@rpdcs τις@rpnns ἐμποδίζω@vipa3s συνόδεύω@vmaa2s ἐγώ@rpdcp μεταλαμβάνω@vppanms ὁ@dgmp ὁ@dgfs ἀλήθεια@ngfsc λόγος@ngmpc ὅς@rpgmp κατά@p πόλις@nafsc ποιέω@vnpe-- μέλλω@vipa1s μέχρι@p ῥώμη@ngfsp αὐτός@rpgfs καί@b σύ@rpncs δέ@b εἰ@cs τις@rpans βούλομαι@vipe2s λέγω3@vmpa2s"
"Ps-Clem.Petr._16","καί@b ἐγώ@rpncs ἐκτίθημι@viam1s ὁ@dafs ἀπό@p ἀρχή@ngfsc ἐγώ@rpgcs προαίρεσις@nafsc καί@cs ὡς@cs εἰς@p ζήτησις@nafpc ἄπορος@anafp- κενόω@viap1s καί@cs πᾶς@ananp- ὅσος@rpanp σύ@rpdcs ὁ@dafs ἀρχή@nafsc προδηλόω@viaa1s ἵνα@cs μή@b ὁ@danp αὐτός@rpanp πάλιν@b γράφω@vspa1s ἐγώ@rpncs δέ@b λέγω3@viia1s σύ@rpdms μέν@x ἑτοῖμος@b ἔχω@vipa1s συνοδεύω@vnpa-- οὗτος@anans- γάρ@x οὐ@b οἶδα@vira1s ὅπως@cs χαίρω@vppanms ἐθέλω@vipa1s πλήν@b περί@p ἀλήθεια@ngfsc πρῶτος@anans- πληροφορέω@vnap-- φορέω@vnap-- ἐθέλω@vipa1s ἵνα@cs γιγνώσκω@vsaa1s εἰ@cs ὁ@dnfs ψυχή@nnfsc θνητός@annfs- τυγχάνω@vipa3s ἤ1@cs ἀθάνατος@annfs- εἰμί@vipa3s καί@cs εἰ@cs ἀίδιος@annfs- εἰμί@vppanfs περί@p ὅς@rpgnp περάω@viaa3s ἐνταῦθα@b ἔχω@vipa3s κρίνω@vnap-- καί@cs εἰ@cs τίς@rpnns ποτέ@x εἰμί@vipa3s δίκαιος@annns- ἤ1@cs ἀρέσκω@vppanns θεός@ndmsc καί@cs εἰ@cs γίγνομαι@vira3s κόσμος@nnmsc καί@cs διά@p τίς@rpans γίγνομαι@vira3s καί@cs εἰ@cs οὐ@b λύω@vifp3s καί@cs εἰ@cs λύω@vifp3s καί@cs εἰ@cs κρείσσων@annmsc εἰμί@vifm3s ἤ1@cs οὐ@b δέ@cs εἰμί@vifm3s καί@b ἳνα@rpanp μή@b ὁ@dans κατά@p εἶδος@nansc λέγω3@vipa1s οὗτος@rpanp τε@b καί@cs ὁ@danp οὗτος@rpdnp ἕπομαι@vppeanp μανθάνω@vnaa-- ἐθέλω@viia1s ὁ@dnms δέ@b πέτρος@nnmsp πρός@p οὗτος@rpanp ἀποκρίνω@viam3s σύντομος@b σύ@rpdms ὦ@i κλήμη@nvfsp ὁ@dafs ὁ@dgnp εἰμί@vppagnp γνῶσις@nafsc παρέχω@vifm1s καί@b ὁ@danp νῦν@b ἐξαυτῆς@angfs- ἀκούω@vmaa2s"
"Ps-Clem.Petr._17","ὁ@dnfs ὁ@dgms θεός@ngmsc βουλή@nnfsc ἐν@p ἄδελλος@ndmsc γίγνομαι@vira3s κατά@p πολύς@anamp- τρόπος@nampc ὁ@ddmp ἄνθρωπος@ndmpc ὁ@danp μέν@b πρῶτος@ananp- διά@p ὁ@dans κρατέω@vnap-- αὐτός@rpamp εἰσαγωγή@ndfsc κακός@andfs- συνήθεια@ndfsc δεινός@andfs- ὁμιλία@ndfsc οὐ@b καλός@andfs- πρόληψις@ndfsc οὐ@b ὀρθός@andfs- καί@cs διά@p οὗτος@rpanp πλάνη@nnfsc ἔπειτα@b ἀφοβία@nnfsc ἀπιστία@nnfsc πορνεία@nnfsc φιλαργυρία@nnfsc κενοδοξία@nnfsc καί@cs ἄλλος@rpnnp τοιοῦτος@rpnnp μυρίος@annnp- κακός@annnp- ὥσπερ@cs καπνός@ngmsc πλῆθος@nnnsc εἰς@p εἷς@anams- οἶκος@namsc οἰκέω@vppaams ὁ@dams κόσμος@namsc ὁ@dgmp ἔνδοθεν@b οἰκέω@vppagmp ἀνήρ@ngmpc ἐπιθολόω@vpaaams ὁ@dafp ὄψις@nafpc οὐ@b ἐάω@viaa3s ἀναβλέπω@vpaaamp ἐκ@p ὁ@dgfs διαγραφή@ngfsc ὁ@dams ποιέω@vpaaams νοέω@vnaa-- θεός@namsc καί@cs ὁ@dans οὗτος@rpdms δοκέω@vppaans γνωρίζω@vnaa-- διά@p ὁ@damp φιλαλήθης@anamp- ἔσωθεν@b χρή@vipa3s ἐκ@p στέρνον@ngnpc βοάω@vpaaamp ἐπικουρία@nafsc προσκαλέω@vnam-- φιλαλήθης@andms- λογισμός@ndmsc παρά@p ὁ@dgns μόνος@angms- ἀγαθός@angms- κύριος@ngmsc δέ@b καί@b θεός@ngmsc καί@cs σωτήρ@ngmsc ἐγώ@rpgmp ἰησοῦς@ngmsp χριστός@ngmsp λαμβάνω@vnaa-- ἳνα@rpdms τις@rpnms ἐντός@p εἰμί@vppanms ὁ@dgms οἶκος@ngmsc ὁ@dgms πίμπλημι@vpregms καπνός@ngmsc πρόσειμι1@vppanms ἀνοίγνυμι@voaa3s θύρα@nafsc δύναμαι@anams- ὥστε@cs ὁ@dans μέν@b ἐκτός@p ὁ@dgms ἥλιος@ngmsc φάος@nansc εἰσκρίνω@vnap-- ὁ@ddms οἶκος@ndmsc ὁ@dams δέ@b ἐντός@p ὁ@dgns πῦρ@ngnsc εἰμί@vppaams ἐκβάλλω@vnap-- καπνός@namsc ὅπως@cs διαβλέπω@vpaanmp ὁ@dnmp ἄνθρωπος@nnmpc πιστεύω@vsaa3p εἰς@p εἷς@namsc θεός@namsc πατήρ@namsc παντοκράτωρ@namsc καί@cs εἰς@p ὁ@dams μονογενής@anams- αὐτός@rpgms υἱός@namsc ὁ@dams πρό@p ὁ@dgmp αἰών@ngmpc ἐκ@p αὐτός@rpgms ἄφραστος@b γεννάω@vpapams καί@cs εἰς@p ὁ@dans πνεῦμα@nansc ὁ@dans πανάγιος@anans- ὁ@dans ἐκ@p αὐτός@rpgms ἄφραστος@b ἐξέρχομαι@vppeans εἷς@ θεός@namsc γνωρίζω@vppanmp ἐν@p τρεῖς@ ὑπόστασις@ndfpc ἄναρχος@anams- ἀτελεύτητος@anams- αἰώνιος@anams- αίδιος@anams- ἄκτιστος@anams- ἄτρεπτος@anams- ἄτρεπτος@anams- ἁπλόος@anams- ἀσύνθετος@anams- ἀσώματος@anams- ἀόρατος@anams- ἀναφής@anams- ἀπερίγραπτος@anams- ἀπερίληπτος@anams- ἀκατάληπτος@anams- ἄπειρος1@anams- ἀπρόσιτος@anams- ἀγαθός@anams- δίκαιος@anams- παντοδύναμος@anams- πᾶς@angnp- κτίσμα@ngnpc δημιουργός@namsc παντοκράτωρ@namsc παντεπόπτης@namsc πᾶς@angnp- προνοητής@namsc ἐξουσιαστής@namsc καί@cs κριτής@namsc καί@cs οὕτως@b ἀνατρέφω@vpapnmp δέ@b ὕδωρ@ngnsc καί@cs πνεῦμα@ngnsc κληρονόμος@nnmpc καθίστημι@vsaa3p ὁ@dgmp πρός@p ἀφθαρσία@nafsc ἀνατρέφω@vpapgmp υἱός@ngmpc ὁ@dgms θεός@ngmsc"
"Ps-Clem.Petr._18","διό@b πρό@p πᾶς@angns- ζήτημα@ngnsc ἑτοῖμος@b προσέρχομαι@vmaa2s ὡς@cs υἱός@nnmsc πατήρ@ndmsc ἴνα@cs καί@b ὁ@dgnp ὁράω@vppegnp καί@cs ὁ@dgnp ἀόρατος@angnp- ἀψευδής@b ὁ@dafs γνῶσις@nafsc θεός@nnmsc παρέχω@vsaa3s σύ@rpdms εἰ@cs δέ@b καί@b μετά@p ὁ@dans καλέω@vnap-- οὐ@b ἐθέλω@vipa2s ἤ1@cs βραδύνω@vipa2s δίκαιος@andfs- θεός@ngmsc κρίσις@ndfsc ἀποκληρόω@vifm2s ὁ@ddns μή@b ἐθέλω@vnaa-- μή@b ἐθέλω@vpapnms καί@cs μή@b σύ@b νομίζω@vsaa2s ὅτι@cs ἐάν@cs πᾶς@angnp- ὁ@dgnp ποτέ@b γίγνομαι@vpamgnp εὐσεβής@angnp- εὐσεβής@annmsc γίγνομαι@vsam2s ἀβάπτιστος@annms- δέ@b εἰμί@viia2s ἐλπίς@ngfsc τυγχάνω@vnaa-- δύναμαι@vifm2s ποτέ@b οὗτος@andfs- γάρ@x μᾶλλον@b πλείων@anafsc ὑπέχω@vifa2s κόλασις@nafsc ὅτι@cs καλός@ananp- ἔργον@nanpc οὐ@b ποιέω@viaa2s καλός@b καλός@annfs- γάρ@b εὐποιία@nnfsc ὁπότε@b ἄν@x ὡς@cs ὁ@dnms θεός@nnmsc κελεύω@viaa3s γίγνομαι@vspe3s σύ@rpnms δέ@b εἰ@cs οὐ@b ἐθέλω@vipa2s ὡς@cs ἐκεῖνος@rpdms δοκέω@viaa3s βαπτίζω@vnap-- ὁ@ddns σός@andns- θέλημα@ndnsc ὑπηρέτης@vppanms ἐχθραίνω@vipa2s ὁ@ddfs ἐκεῖνος@rpgms βουλή@ndfsc ἀλλά@b ἴσως@b ἐρῶ@vifa2s τίς@rpans συμβάλλω@vipe3s πρός@p εὐσέβεια@nafsc ὁ@dnns βαπτίζω@vnap-- ὕδωρ@ndnsc πρῶτος@anans- μέν@b ὅτι@cs ὁ@dans δόξα@vpaaans θεός@ndmsc πράσσω@vipa2s δεύτερος@anans- δέ@b ἐκ@p ὕδωρ@ngnsc καί@cs πνεῦμα@ngnsc ἀναγεννάω@vnaa-- θεός@ndmsc καί@cs ὁ@dafs ἐκ@p ἐπιθυμία@ngfsc πρῶτος@anafs- σύ@rpdcs γίγνομαι@vpamafs καταλλάσσω@vifa2s γέννησις@nafsc καί@cs οὕτως@b σωτηρία@ngfsc τυγχάνω@vnaa-- δύναμαι@vspe2s ἄλλως@b δέ@b ἀδύνατος@annns- οὕτως@b γάρ@b ὁ@dnms ἐπί@p σωτηρία@ndfsc καί@cs ἀφθαρσία@ndfsc ὁ@dgns γένος@ngnsc ἐγώ@rpgcp ἐνανθρωπέω@vpaanms θεός@nnmsc λόγος@namsc λέγω@viaa3s ἐγώ@rpdcp ἡμός@nafsp λέγω3@vipa1s σύ@rpdmp ἐάν@cs μή@b ἀνατρέφω@vsap2p διά@p ὕδωρ@ngnsc καί@cs πνεῦμα@ngnsc εἰς@p ὁ@dans ὄνομα@nansc ὁ@dgms πατήρ@ngmsc καί@b ὁ@dgms υἱός@ngmsc καί@cs ὁ@dgns ἅγιος@angns- πνεῦμα@ngnsc οὐ@b μή@b εἰσέρχομαι@vsaa2p εἰς@p ὁ@dafs βασιλεία@nafsc ὁ@dgmp οὐρανός@ngmpc διό@b προσέρχομαι@vmaa2s ὁ@ddns ὕδωρ@ndnsc οὗτος@rpnns γάρ@b μόνος@anans- ὁ@dafs ὁ@dgns πῦρ@ngnsc ὁρμή@nafsc σβέννυμι@vnaa-- δύναμαι@vipe3s καί@b μή@b ἀναβάλλω@vmpe2s ὅτι@cs ὁ@dnfs ἀναβολή@nnfsc κίνδυνος@namsc φέρω@vipa3s διά@p ὁ@dans ἄδηλος@anafs- εἰμί@vnpa-- ὁ@dgms θάνατος@ngmsc ὁ@dafs προθεσμία@nafsc"
"Ps-Clem.Petr._19","οὗτος@rpanp αὐτός@rpgms εἶπον@vpaagms ἀποκρίνω@viam1s ἤδη@b εὐχαριστέω@andms- ὁ@ddms θεός@ndmsc καί@b πατήρ@ndmsc καί@b ὁ@ddms μονογενής@andms- αὐτός@rpgms υἱός@ndmsc καί@cs ὁ@ddns πνεῦμα@ndnsc αὐτός@rpgms ὁ@ddns ἅγιος@andns- ὅτι@cs ὡς@cs βούλομαι@viie1s πληροφορέω@vnap-- οὕτως@b ἐγώ@rpdms παρέχω@viaa3s πλήν@p περί@p ἐγώ@rpgcs ὁ@dans λοιπός@anans- ἀμέριμνος@annms- οἶδα@vmra2s ὅτι@cs οὐπώποτε@b ἐνδοιάζω@vsaa1s πρός@p τις@rpans ὁ@dgnp ὑπό@p σύ@rpgcs λαλέω@vpapgnp ὥστε@cs κύριος@nvmsc ἐγώ@rpgms πέτρος@nvmsp μή@b ἀθύμει@vmpa2s ὡς@b ἀναίσθητος@andns- μέγας@ananps δωρέω@vpfmnms ἀγαθός@ananp- οἶδα@vira1s γάρ@b ὅτι@cs ἐν@b εἰμί@vipa3s ὅς@rpans βούλομαι@vipe3s τις@rpncs καί@b ταχύς@b λαμβάνω@vnaa-- καί@cs βραδύς@b μή@b τυγχάνω@vnaa-- αἰσθάνομαι@vipe1s γάρ@b ὁ@dgns δίδωμι@vpapgns ἐγώ@rpdcs διά@p τάχος@ngnsc χάρισμα@ngnsc οὗτος@rpanp ἐγώ@rpdms εἶπον@vpaagms ὁ@dnms πέτρος@nnmsp φημί@viia3s χάρις@nafsc ὁμολογέω@vipa1s ὁ@ddms θεός@ndmsc καί@b περί@p ὁ@dgfs σός@angfs- σωτηρία@ngfsc καί@cs περί@p ὁ@dgfs ἐμός@angfs- ἀπόλαυσις@ngfsc πλήν@b νηστεύω@vmaa2s τρεῖς@angmp- μείς@ngmpc ἡμέρα@nafpc καί@cs λαμβάνω@vipa2s ὁ@dans ἅγιος@anans- βάπτισμα@nansc ἄρχω@vmam2s ὁ@dgns λοιπός@angns- ἀπό@p ὁ@dgfs αὔριον@b εἰμί@vipa3s δέ@b ἐγώ@rpdms ὁ@dnfs αὔριον@b πρός@p σίμων@namsp ὁ@dams μάγος@namsc διάλεξις@nnfsc καί@b μή@b ὀκλάζω@vsaa2s πάρειμι@vnpa-- ἐγώ@rpdcs ἐν@p ὁ@ddfp ὁ@dgmp ἀντικείμενος@vppegmp ζήτησις@ndfpc καί@b οὗτος@rpanp εἶπον@vpaanms καί@cs τροφή@ngfsc αὐτός@rpnms μεταλαμβάνω@vpaanms ἴδιος@anafs- καί@b ἐγώ@rpams μεταλαμβάνω@vnaa-- κελεύω@viaa3s εὐλογέω@vpaanms δέ@b ἐπί@p ὁ@dgfs τροφή@ngfsc καί@cs εὐχαριστέω@vpaanms ἐπάγω@viaa3s λέγω3@vppanms δίδωμι@voaa3s σύ@rpdcs ὁ@dnms θεός@nnmsc κατά@p πᾶς@ananp- ὁμοιόω@vnap-- ἐγώ@rpdcs καί@cs βαπτίζω@vpapams ὁ@dgfs αὐτός@angfs- σύ@rpdms μεταλαμβάνω@vnaa-- τράπεζα@ngfsc οὗτος@rpanp εἶπον@vpaanms ἡσυχάζω@vnpa-- ἐγώ@rpdms προστάσσω@viaa3s ἤδη@b γάρ@b πού@b καί@cs ὁ@dams ὕπνος@namsc ἀπαιτέω@viia3s ὁ@dnfs ὁ@dgns σῶμα@ngnsc φύσις@nnfsc"
"Ps-Clem.Petr._20","ὁ@ddfs μέν@b οὖν@b ἐπέρχομαι@vppadfs ἡμέρα@ndfsc ἐγώ@rpnms κλήμης@nnmsp ἔτι@b ὁ@dgfs νύξ@ngfsc εἰμί@vppagfs διϋπνίζω@vpapnms καί@cs μανθάνω@vpaanms ὁ@dams πέτρος@namsp ἐγείρω@vpraams καί@cs ὁ@ddmp σύνειμι@vppadmp περί@p θεοσεβεία@ngfsc διαλέγω@vppeams ὅς@rpnmp εἰμί@viia3p δέκα@ καί@cs ἕξ@ ὅς@rpgmp καί@b ὁ@danp ὄνομα@nanpc ἐκτίθημι@vnaa-- βουλεύω@viam1s ὅπως@cs ἐπιγιγνώσκω@vsaa2s καί@cs τις@rpnmp εἰμί@viia3p πρῶτος@annms- ζακχαῖος@nnmsp ὅς@dnms ποτέ@b τελώνης@ngfsc καί@b σοφωνία@nnmsp ὁ@dnms ἀδελφός@nnmsc αὐτός@rpgms ἰώσηφος@nnmsp τε@b καί@cs ὁ@dnms οὗτος@rpgms σύντροφος@annms- μιχαίας@nnmsp προσέτι@b δέ@b θωμᾶς@nnmsp καί@cs ἐλιέζερος@nnmsp ὁ@dnmp δίδυμος@annmp- καί@b αἰνείας@nnmsp ὁ@dnms ἱερεύς@nnmsc καί@b λάζαρος@nnmsp ὁ@dnms ἱερεύς@nnmsc ὅς@rpams ἀνίστημι@viaa3s ἐκ@p νεκρός@ngmpc τετραετής@anams- ὁ@dnms κύριος@nnmsc ἐγώ@rpgmp ἰησοῦς@nnmsp χριστός@nnmsp καί@b ἐλισσαῖος@nnmsp καί@cs βενιαμίν@nnmsp ὁ@dnms ὁ@dgms σαφής@ngmsp ὅμοιος@b γε@b ῥούβιλος@nnmsp καί@cs ζαχαρίας@nnmsp ὁ@dnmp οἰκοδόμος@nnmpc ἀνανία@nnmsp τε@b καί@cs ἀγγαῖος@nnmsp ὁ@dnmp ἰαμμῖνοι@annmp- ἔτι@b τε@cs νικήτης@nnmsp καί@cs ἀκύλας@nnmsp ὁ@dnmp ἑταῖρος@nnmpc πλήν@p εἰσέρχομαι@viaa1s καί@b ἐγώ@rpnms καί@cs προσαγορεύω@vpaanms καθέζομαι@viam3d αὐτός@rpgms κελεύω@vpaagms"
"Ps-Clem.Petr._21","ὁ@rpnms δέ@b ὁ@dams πρόκειμαι@vpreams ἐγκόπτω@vpaanms λόγος@namsc ὥσπερ@cs ἀπολογέομαι@vppenms μισθοφορέω@viia3s τις@rpgns ἕνεκα@p οὐ@b ἐξυπνίζω@viaa3s ἐγώ@rpams ὅπως@cs ὁ@dams λόγος@namsc ἐπακούω@vsaa1s αἰτία@nafsc τίθημι@vppenms ὁ@dams ἐκ@p ὁ@dgms πλόος@ngmsc σκυλμός@namsc ἐκεῖνος@rpams γάρ@b φύω@vnap-- ἐγώ@rpdms ἐθέλω@vppanms ἡσυχάζω@vnpa-- ἐάω@viaa3s ὁπόταν@cs γάρ@b ὁ@dnfs ψυχή@nnfsc περί@p ὁ@dans λείπω@vppaans ὁ@ddns σῶμα@ndnsc ἀσχολέω@vipe3s ὁ@dnnp προσφέρω@vppennp μάθημα@nnnpc οὐ@b κατά@p ἀξία@nafsc προσίημι@vipe3s οὗτος@rpgns ἕνεκα@p διαλέγω@vnpe-- οὐ@b βούλομαι@vipe1s οὐ@b τε@b διά@p τις@anafs- συμφορά@nafsc λυπέω@vppedmp ἤ1@b ἄμετρος@b ὀργίζω@vppedmp ἤ1@b πρός@p λύσσα@nafsc ἔρως@ngmsc ἐκτρέπω@vpredmp ἤ1@b ὁ@dans σῶμα@nansc καταπονέω@vprenmp ἤ1@b ὑπό@p βιωτικός@angfp- φροντίς@ngfpc περιωθέω@vppedmp ἤ1@cs ἄλλος@andnp- τις@andnp- πάθος@ndnpc ὀχλέω@vppedmp ὅς@rpdmp ὁ@dnfs ψυχή@nnfsc ὡς@cs φημί@viia1s ὑποπίπτω@vppanfs καί@cs ὁ@ddns σῶμα@ndnsc πάσχω@vppadms συναλγέω@vppanfs ὁ@dafs ἑαυτοῦ@rpgfs φρόνησις@nafsc ἀσχολέω@vipa3s"
"Ps-Clem.Petr._22","καί@cs μή@b λέγω3@vmpa3s τις@rpnms οὐ@b χρή@vipa3s οὖν@b παραμυθία@nafpc καί@cs νουθεσία@ngfsc προσφέρω@vnpa-- ὁ@ddmp φαῦλος@anans- τις@rpans πράσσω@vppadmp φημί@vipa1s εἰ@cs μέν@b ἀνύω@vipa3s τις@rpnms προσφέρω@vmpa3s εἰ@cs δέ@b μή@b ὁ@ddms καιρός@ndmsc εἴκω@vmaa3s ἐγώ@rpnms γάρ@b οἶδα@vira1s ὅτι@cs πᾶς@anams- καιρός@namsc ἴδιος@anams- ἔχω@vipa3s διό@b χρή@vipa3s ὁ@ddmp ἄνθρωπος@ndmpc ὁ@damp ὁ@dafs ψυχή@nafsc ῥώννυμι@vppaamp λόγος@nampc πρό@p ὁ@dgfs κάκωσις@ngfsc ἐπιδίδωμι@vnpa-- ἳνα@cs εἰ@cs ποτέ@b ἐπέρχομαι@voaa3s τις@rpnns φαῦλος@annns- ὁ@dnms νόος@nnmsc προοπλίζω@vprenms ὀρθός@andms- ὁ@ddms λογισμός@ndmsc ὁ@dans ἐπιφέρω@vpapans ὑφίστημι@vnaa-- δύναμαι@vsap3s τότε@b γάρ@b αὐτός@rpdms διά@p γνώμη@ngfsc ἀγαθός@angfs- εἰμί@vppadms παρά@p ὁ@dafs ἀκμή@nafsc ὁ@dgms πόλεμος@ngmsc οἶδα@vira3s ὁ@dnms νόος@nnmsc συντρέχω@vnpa-- πᾶς@annmp- μέν@b οὖν@b ὅσος@annmp- ποτέ@b ζητέω@viaa3p ὁ@dans ἀληθής@anans- ὁ@dans δύναμαι@vnpe-- εὑρίσκω@vnaa-- ἑαυτοῦ@rpdmp πιστεύω@vpaanmp μή@b δέω2@vppenmp θεῖος1@angfs- διδαχή@ngfsc ἐνορμεύω@viap3p οὗτος@rpans ὅσπερ@rpans πάσχω@vira3p καί@b ὁ@dnmp ὁ@dgmp ἕλλην@ngmpp σοφός@annmp- καί@cs βάρβαρος@ngmpc ὁ@dnmp σπουδαῖος@annmpc ἐκ@p στοχασμός@ngmpc γάρ@b ἐπιβάλλω@vppanmp ὁ@ddmp ὁρατός@andmp- περί@p ὁ@dgnp ἄδηλος@angnp- ἀποφαίνω@viam3p ὁ@dans ὅπως@b ποτέ@b παρίστημι@vnfa-- αὐτός@rpdmp οὗτος@rpans ἀληθής@anans- εἰμί@vnpa-- νομίζω@vpaanmp οὐ@b οἶδα@vpranmp ὅτι@cs ὁ@dnms ἀλήθεια@nafsc ζητέω@vppanms παρά@p ὁ@dgfs αὐτός@rpgms πλάνη@ngfsc μανθάνω@vnaa-- αὐτός@rpafs οὐ@b δύναμαι@vipe3s ὅθεν@b ὦ@i φίλος@anvms- κλήμη@nvmsp εἰ@cs γε@b ὁ@danp ὁ@ddms θεός@ndmsc διαφέρω@vppaanp γιγνώσκω@vnaa-- ἐθέλω@vipa2s παρά@p ὁ@dgms κύριος@ngmsc καί@b θεός@ngmsc καί@cs σωτήρ@ngmsc ἐγώ@rpgmp ἰησοῦς@ngmsp χριστός@ngmsp ὁ@dgms διδάσκω@vppagms ἄνθρωπος@namsc γνῶσις@nafsc παρά@p οὗτος@rpgms μόνος@angms- μανθάνω@vnaa-- ἔχω@vipa2s ὅτι@cs μόνος@annms- οἶδα@vira3s ὁ@dafs ἀλήθεια@nafsc ὁ@dgnp γάρ@b ἄλλος@rpgnp εἰ@cs τις@rpnms ἐπίσταμαι@vipe3s τις@rpans παρά@p οὗτος@rpgms ἤ1@cs ὁ@dgmp οὗτος@rpgms μαθητής@ngmpc λαμβάνω@vpaanms ἔχω@vipa3s"
"Ps-Clem.Petr._23","εἰμί@vipa3s τε@b αὐτός@rpgms ὁ@dnns βούλημα@nnnsc ὅτι@cs εἷς@annms- θεός@nnmsc ἐν@p τρεῖς@andfp- ὑπόστασις@ndfpc ὅς@rpgms κόσμος@nnmsc ἔργον@nnnsc ὅς@rpnms δίκαιος@annms- εἰμί@vppanms πάντως@b ἕκαστος@andms- πρός@p ὁ@dafp πρᾶξις@nafpc ἀποδίδωμι@vifa3s ποτέ@b ἀνάγκη@nnfsc γάρ@b πᾶς@annfs- φύσις@ndfsc δίκαιος@anams- εἰμί@vnpa-- λέγω3@vppaams ὁ@dams θεός@namsc καί@cs ὁ@dafp ἄνθρωπος@ngmpc ψυχή@nafpc ἀθάνατος@anafp- εἰμί@vnpa-- πιστεύω@vnpa-- ἐπεί@cs ποῦ@b ὁ@dnns δίκαιος@annns- αὐτός@rpgms ὅπου@b τις@rpnmp εὐσεβής@b βιοτεύω@vpaanmp κακουχέω@vpapnmp βίαιος@b ἀναιρέω@viap3p ἔνιοι@annmp- δέ@b ἀσεβής@annmp- πολύς@anans- γίγνομαι@vprenmp ἐν@p πολυτέλεια@ndfsc βίος@ngmsc τρυφάω@vpaanmp ὁ@dams κοινός@anams- ἄνθρωπος@ngmpc θάνατος@namsc τελευτάω@viaa3p ἐπεί@cs οὖν@b χωρίς@p πᾶς@angfs- ἀντιλογία@ngfsc ὁ@dnms θεός@nnmsc ἀγαθός@annms- εἰμί@vppanms δίκαιος@annms- εἰμί@vipa3s οὐ@b ἄλλως@b δίκαιος@annms- εἰμί@vnpa-- γιγνώσκω@vifp3s ἐάν@cs μή@b ὁ@dnfs ψυχή@nnfsc μετά@p ὁ@dams χωρισμός@namsc ὁ@dgns σῶμα@ngnsc ἀθάνατος@annfs- εἰμί@vspa3s ἳνα@rpafs μετά@p ὁ@dans ἀπολαμβάνω@vnaa-- ὁ@dans ἴδιος@anans- σῶμα@nansc ἐν@p ὁ@ddfs ἀνάστασις@ndfsc ὁ@dnms μέν@b κακός@annms- ὡς@b ἐνταῦθα@b ἀπολαμβάνω@vpaanms ὁ@danp ἀγαθός@ananp- ἐκεῖ@b περί@p ὅς@rpgnp ἁμαρτάνω@viaa3s κολάζω@vsap3s ὁ@dnms δέ@cs ἀγαθός@annms- ἐνταῦθα@b περί@p ὅς@rpgnp ἁμαρτάνω@viaa3s κολάζω@vpapnms ἐκεῖ@b ὡς@cs ἐν@p κόλπος@ndmpc δίκαιος@angnp- ὁ@dgnp ἀγαθός@angnp- κληρονόμος@nnmsc καθίστημι@vsaa3s ὅτι@cs τοίνυν@b ὁ@dnms θεός@nnmsc δίκαιος@annms- πρόδηλος@annns- ἐγώ@rpdmp εἰμί@vipa3s καί@b ὅτι@cs κρίσις@nnfsc γίγνομαι@vipe3s καί@cs ὅτι@cs ὁ@dnfp ψυχή@nnfpc ἀθάνατος@annfp- τυγχάνω@vipa3p εἰ@cs δέ@b τις@rpnms ὡς@cs ὁ@ddms σαμαρεύς@ndmsp σίμων@ndmsp δοκέω@vipa3s ὁ@dans δίκαιος@anans- εἰμί@vnpa-- θεός@ndmsc μή@b ἐθέλω@vopa3s δίδωμι@vnaa-- τις@rpdms ἔτι@b οὗτος@rpans τις@rpnms δίδωμι@vnaa-- δύναμαι@vipe3s ἤ1@cs καί@b ὁ@dans γίγνομαι@vnam-- δύναμαι@vnpe-- ὁ@dgfs γάρ@b ῥίζα@ngfsc ὁ@dgnp ὅλος@angnp- οὗτος@rpans οὐ@b ἔχω@vppagfs ἀνάγκη@nnfsc πᾶς@annfs- νοέω@vnpa-- ὅτι@cs ὁ@ddfs ὁ@dgmp ἄνθρωπος@ngmpc φύσις@ndfsc ὡς@b ἐν@p καρπός1@ndmpc εὑρίσκω@vnaa-- ἀδύνατος@annns- εἰ@cs δέ@b εἰμί@vipa3s εὑρίσκω@vnaa-- ἐν@p ἄνθρωπος@ndmpc πόσος@andns- μᾶλλον@b ἐν@p θεός@ndmsc εἰ@cs δέ@b οὐδαμοῦ@b οὐ@b τε@cs παρά@p θεός@ndmsc οὐ@b τε@cs παρά@p ἄνθρωπος@ndmpc εἰμί@vipa3s εὑρίσκω@vnaa-- ὁ@dans δίκαιος@anans- πάντως@b οὐ@b δέ@cs ὁ@dans ἄδικος@anans- ἀλλά@cs εἰμί@vipa3s ὁ@dnns δίκαιος@annns- δικαιοσύνη@ngfsc γάρ@b εἰμί@vppagfs ὁ@dnns ἄδικος@annns- λέγω3@vipe3s ὥσπερ@b παραβάλλω@vppegfs ὁ@dgfs δικαιοσύνη@ngfsc αὐτός@rpdfs καί@cs ἐναντίος@b ἔχω@vnpa-- εὑρίσκω@vppegfs ἀδικία@nnfsc λέγω3@vipe3s"
"Ps-Clem.Petr._24","οὗτος@rpanp ἀκούω@vpaanms ἐγώ@rpnms κλήμης@ngfsp τις@rpnms ἄρα@b τυγχάνω@vipa3s φημί@viia1s οὗτος@annms- ὅς@rpams λέγω@vipa2s σίμων@ndmsp σαμαρείτης@nafsp μανθάνω@vnaa-- ἐθέλω@viia1s ὁ@dnms δέ@b πέτρος@nnmsp φημί@viia3s εἰ@cs ἐθέλω@vipa2s μανθάνω@vnaa-- πάρειμι@vipa3s σύ@rpdms ὁ@dnns γιγνώσκω@vnaa-- παρά@p ὅς@rpgmp καί@b ἐγώ@rpnfs ὁ@danp κατά@p αὐτός@rpams πᾶς@ananp- ἠκρίς@viia1s βωσα@viaa1s καί@b μεταπέμπω@vpamnms κελεύω@viaa3s ἀκύλας@namsp καί@cs νικάω@namsp πᾶς@ananp- ἐγώ@rpdms ὁ@danp κατά@p ὁ@dams σίμων@namsp ἀκριβής@b διηγέομαι@vnam-- ὁ@dnmp δέ@b ὁ@dams θεός@namsc μαρτύρομαι@vppenmp μηδείς@rpans ψεύδω@vnam-- ἐκτίθημι@viie3p ὅς@rpgnp πρῶτος@annms- ὁ@dnms ἀκύλας@nnmsp ἄρχω@viam3s λέγω3@vnpa-- οὕτως@b ἀκούω@vmaa2s φίλτατος@anvmss ἐγώ@rpdcp ἀδελφός@nvmsc ὅπως@cs ἀκριβής@b πᾶς@ananp- ὁ@danp κατά@p ὁ@dams ἀνήρ@namsc ὁράω@vsaa2s τις@rpgms τε@b εἰμί@vppanms καί@b τις@rpncs καί@cs πόθεν@b καί@cs τις@rpnnp εἰμί@vipa3s ὅς@rpanp πράσσω@vipa3s καί@cs πῶς@b καί@cs διά@p τίς@rpans"
"Ps-Clem.Petr._25","σίμων@nnmsp οὗτος@annms- πατήρ@ngmsc μέν@b εἰμί@vipa3s ἀντώνιος@ngmsp μήτηρ@ngfsc δέ@cs ῥαχήλ@nnmsp σαμαρεύς@nnmsp ὁ@dans ἔθνος@nansc ἀπό@p γιτθοί@ngmpp ὁ@dgfs κώμη@ngfsc ὁ@dgfs πόλις@ngfsc ἀπέχω@vppagfs σχοῖνος@ngnsc ἐκ@p οὗτος@rpnms ἐν@p ἀλεξάνδρεια@ndfsp ὁ@ddfs πρός@p αἴγυπτος@namsp γίγνομαι@vpranms ἑλληνικός@andfs- παιδεία@ndfsc πάνυ@b ἐξασκέω@vpaanms ἑαυτοῦ@rpams καί@cs γοητεία@ndfsc πολύς@anans- δύναμαι@vpapnms καί@cs φρενόω@vpapnms ἐθέλω@vipa3s νομίζω@vnpe-- ὑπερκείμενος@annfss τις@rpncs εἰμί@vnpa-- δύναμις@nnfsc καί@b αὐτός@angms- ὁ@dgms ὁ@dams κόσμος@namsc κτίζω@vpaagms θεός@ngmsc ἐνίοτε@b δέ@b καί@b χριστός@namsp ἑαυτοῦ@rpams αἰνίσσομαι@vppenmp προσαγορεύω@vipa3s οὗτος@andfs- δέ@b ὁ@ddfs προσηγορία@ndfsc χράω2@vire3s ὡς@b δή@b συνίστημι@vpfmnms ἀεί@b ζάω@vnpa-- καί@cs αἰτία@nafsc φθορά@ngfsc ὁ@dans σῶμα@nansc πίπτω@vnaa-- οὐ@b ἔχω@vppanms καί@b οὐ@b τε@cs θεός@namsc ὁ@dams κτίζω@vpaaams ὁ@dams κόσμος@namsc ἀνώτατος@anamss εἰμί@vnpa-- λέγω3@vipa3s οὐ@b νεκρός@anamp- ἐγείρω@vnfp-- πιστεύω@vipa3s ὁ@dafs ἱερουσαλήμ@nafsp ἀρνέομαι@vipe3s ὁ@rpnns γαριζέω@ ὄρος@nansc ἀντεισφέρω@vipa3s ἀντί@p ὁ@dgms ὄντως@b χριστός@ngmsp ὁ@dgms θεός@ngmsc ἐγώ@rpgcp ἑαυτοῦ@rpams ἀναγορεύω@vipa3s ὁ@danp δέ@x ὁ@dgms νόμος@ngmsc ἴδιος@andfs- πρόσληψις@vifm2s ἀλληγορέω@andfs- καί@b κρίσις@nafsc εἰμί@vnfm-- μέν@b λέγω3@vipa3s οὐ@b προσδοκάω@vipa3s δέ@cs"
"Ps-Clem.Petr._26","ὁ@dnns δέ@b παρεισέρχομαι@vnaa-- αὐτός@rpams εἰς@p ὁ@dams ὁ@dgfs θεοσεβεία@ngfsc λόγος@namsc γίγνομαι@vira3s οὕτως@b ἰώαννης@nnmsp τις@annms- γίγνομαι@viam3s ἡμεροβαπτιστὴς@nnmsc καί@cs ὥσπερ@cs ὁ@ddms κύριος@ndmsc γίγνομαι@vira3p δώδεκα@an---- ἀπόστολος@nnmpc ὁ@dams ὁ@dgms ἥλιος@ngmsc δωδεκάμηνος@anams- φέρω@vppanmp ἀριθμός@namsc οὕτως@b καί@b αὐτός@rpdms ἔξαρχος@nnmpc ἀνήρ@nnmpc γίγνομαι@vira3p τριάκοντα@an---- ὁ@dams μηνιαῖος@anams- ὁ@dgfs σελήνη@ngfsc ἀποπληρόω@vppanmp λόγος@namsc ἐν@p ὅς@andms- ἀριθμός@ndmsc εἷς@annfs- τις@annfs- εἰμί@viia3s γυνή@nnfsc λέγω3@vppenfs ἑλένη@nnfsp ἵνα@cs μη@b δέ@cs οὗτος@rpnns ἀνοικονόμητος@annns- εἰμί@vspa3s ἥμισυς@anans- γάρ@b ἀνήρ@ngmsc εἰμί@vppanfs ὁ@dnfs γυνή@nnfsc ἀτελής@anams- ὁ@dams ὁ@dgfs τριακοντάς@ngfsc τίθημι@vira3s ἀριθμός@namsc ὥσπερ@cs καί@b ὁ@dgfs σελήνη@ngfsc ὅς@rpgfs ὁ@dnfs πορεία@nnfsc ὁ@dgms μείς@ngmsc οὐ@b τέλειος@anams- ποιέω@vipe3s ὁ@dams δρόμος@namsc οὗτος@rpgmp δέ@b ὁ@dgmp τριάκοντα@an---- ὁ@ddms ἰωάννην@ndmsp πρῶτος@annms- καί@cs δόκιμος@annmss εἰμί@viia3s ὁ@dnms σίμων@nnmsp"
"Ps-Clem.Petr._27","μετά@p δέ@b ὁ@dafs τελευτή@nafsc ἰώαννης@ngmsp ὁ@dnms σίμων@nnmsp ὁ@dafs ἑλένη@nafsp παραλαμβάνω@vpaanms ἐκπεριέρχομαι@vipe3s ἀναστατός@vppanms ὁ@damp ὄχλος@nampc αὐτός@anafs- δέ@b ὁ@dafs ἑλένη@nafsp ἀπό@p ὁ@dgmp ἀνώτερος@angmps οὐρανός@ngmpc καταφέρω@vnre-- λέγω3@vipa3s ὁ@ddms κόσμος@ndmsc ὅς@rpgfs ἕνεκα@p φημί@vipa3s ἕλλην@nnmpp τε@b καί@cs βάρβαρος@nnmpc μαχεύομαι@viam3p εἰκών@nafsc φαντάζω@vpapnmp ἀλήθεια@ngfsc καί@cs ἐξαιρετός@b πολύς@ananp- τερατώδης@ananp- θαυμάσιος@nanpc ποιέω@vppanms ὡς@cs εἰ@cs μή@b οἶδα@vila3s ὅτι@cs γοητεία@ndfsc οὗτος@rpanp ποιέω@vipa3s ἀπατάω@viap1p ἄν@b καί@b αὐτός@rpnmp νῦν@b ὅτε@cs δέ@b πολυμανής@annms- καί@cs ὁ@damp ἐν@p εὐσέβεια@ndfsc ἀπατάω@vnpa-- ἐπιχειρέω@vnpa-- ἄρχω@viam3s ἀφεστήξω@viaa1p ἀπό@p αὐτός@rpgns καί@b γάρ@b μιαιφονέω@vnpa-- ἄρχω@viam3s ὡς@cs αὐτός@rpnms ἔτι@b ὡς@b φίλος@nnmsc φίλος@andmp- ἐκφαίνω@viia3s ὅτι@cs παιδίον@ngnsc ψυχή@nafsc ὁ@dgns ἴδιος@angns- σῶμα@ngnsc χωρίζω@vpaanms ἀπόρρητος@andmp- ὅρκος@ndmpc συνεργός@anams- πρός@p ὁ@dafs ὁ@dgmp αὐτός@rpdms δοκέω@vppagmp φαντασία@nafsc ὁ@dams παῖς@namsc διαγράφω@vpaanms ἐπί@p εἰκών@ngfsc ἐν@p ἐνδοτέρω@b οἶκος@ndmsc ὅπου@b αὐτός@rpnms ὑπνόω@vipa3s ἀνατίθημι@vpreafs ἔχω@vipa3s διό@b ἀσέβεια@ngfsc καταγιγνώσκω@vpaanmp ἀφεστήξω@viaa1p ἀπό@p αὐτός@rpgms"
"Ps-Clem.Petr._28","οὗτος@rpanp ὁ@dgms ἀκύλας@ngmsp εἶπον@vpaagms ὁ@dnms ἀδελφός@nnmsc αὐτός@rpgms νικήτης@nnmsp φημί@viia3s ἀναγκαῖος@annns- εἰμί@vipa3s ἀδελφός@nvmsc ἐγώ@rpgmp κλήμη@nvmsp ὁ@danp παραλείφω@vpapanp ὁ@ddms ἀκύλας@ndmsp ἐγώ@rpams ὑπομιμνήσκω@vnaa-- πρῶτος@anans- μέν@b γάρ@b μάρτυς@nnmsc ὁ@dnms θεός@nnmsc ὡς@cs οὐδείς@rpans αὐτός@rpdms ἐγώ@rpnmp συνεργάομαι@viam1p ἀσεβής@anans- ἀλλά@cs ὅτι@cs αὐτός@rpgms πράσσω@vppagms ἱστορέω@viaa1p καί@b μέχρι@cs ὅτε@cs ἀβλαβής@ananp- ποιέω@vppanms ἀποδείκνυμι@viie3s τέρπω@viie1p ὅτε@cs δέ@b ὁ@danp γοητεία@ndfsc γίγνομαι@vppeanp θειότης@ndfsc ποιέω@vnpa-- πρός@p ἀπάτη@nafsc θεοσεβής@vppanms λέγω3@viia3s οὐκέτι@b αὐτός@rpgms ἀνέχω@viam1p καί@b σύ@b πολύς@ananp- ἐπαγγέλλω@vppegms ἐγώ@rpdmp πρῶτος@anans- μέν@b ναός@namsc καί@cs ἀνδριάς@nampc ἐγώ@rpgcp κατασκευάζω@vnap-- καί@cs θεός@nampc νομίζω@vnap-- καί@b ὑπό@p ὄχλος@ngmpc προσκυνέω@vnap-- καί@b ὑπό@p βασιλεύς@ngmpc δοξάζω@vnap-- καί@cs δημόσιος@angfp- τιμή@ngfpc ἀξιόω@vnap-- καί@cs χρῆμα@ndnpc ἀπερίορτος@andnp- πλουτίζω@vnaa--"
"Ps-Clem.Petr._29","οὗτος@rpanp τε@b καί@b ὁ@dnnp τοιοῦτος@rpdnp νομίζω@vppennp ἐγώ@rpdmp ὑπισχνέομαι@viam3s μόνος@b ἵνα@cs σύνειμι@vppanmp αὐτός@rpdms ὁ@dans ὁ@dgfs ἐγχειρίσις@ngfsc κακός@anans- σιωπάω@vspa1p ἵνα@cs αὐτός@rpdms ὁ@dnnp ὁ@dgfs ἀπάτη@ngfsc προκόπτω@vspa3s καί@b ὅμως@b οὐ@b συντίθημι@viam1p ἀλλά@cs καί@b αὐτός@rpams ὁ@dgfs τοιοῦτος@angfs- ἀπόνοια@ngfsc παύω@vnam-- συμβουλεύω@viaa1p λέγω3@vppanmp αὐτός@rpdms ἐγώ@rpnmp σίμων@nvmsp ὁ@dgfs ἐκ@p παῖς@ngcpc φιλία@ngfsc πρός@p σύ@rpacs μιμνήσκω@vprenmp στέργω@vppanmp σύ@rpacs ὁ@danp συμφέρω@vppaanp συμβουλεύω@vifa1p παύω@vmam2s ὁ@dgfs τοιοῦτος@rpgfs τόλμα@ngfsc θεός@nnmsc εἰμί@vnpa-- οὐ@b δύναμαι@vipe2s φοβέω@vmap2s ὁ@dams ὄντως@b θεός@namsc γιγνώσκω@vmaa2s ὅτι@cs ἄνθρωπος@nnmsc εἰμί@vipa2s καί@cs ὅτι@cs σύ@rpgms μικρός@annms- εἰμί@vipa3s ὁ@dnms ὁ@dgfs ζωή@ngfsc χρόνος@nnmsc καί@b καί@b ἄν@cs μέγας@anans- πλουτέω@vsaa2s ἤ@cs καί@b βασιλεύω@vsaa2s ὁ@ddms ὁ@dgfs ζωή@ngfsc σύ@rpdms μικρός@andms- χρόνος@ndmsc ὀλίγος@annnp- τυγχάνω@vipa3s πρός@p ἀπόλαυσις@nafsc καί@cs ὁ@dnnp ἀσεβής@b πορίζω@vpapnnp εὐθύς2@b φεύγω@vppannp αἰώνιος@anafs- κόλασις@nafsc περιποιέω@vipe3s ὁ@ddms τολμάω@vpradms διό@b φοβέω@vnpe-- σύ@rpdcs ὁ@dams θεός@namsc συμβουλεύω@vipa1p ὑπό@p ὅς@rpgms κρίνω@vnap-- ἔχω@vipa3s ὁ@dnfs ἕκαστος@angms- ψυχή@nnfsc περί@p ὅς@rpgnp πράσσω@viaa3s ἐνταῦθα@b"
"Ps-Clem.Petr._30","ὁ@rpnms δέ@b οὗτος@rpanp ἀκούω@vpaanms γελάω@viaa3s ἐγώ@rpgmp δέ@b εἶπον@vpaagmp τίς@rpans ἐγώ@rpgcp ὁ@danp σύ@rpdcs συμφέρω@vppaanp συμβουλεύω@vppagmp καταγελάω@vipa2s φημί@viia3s γελάω@vipa1s σύ@rpgcp ὁ@dafs μωρός@anafs- ὑπόληψις@nafsc ὅτι@cs πιστεύω@vipa2p ἀθάνατος@anafs- εἰμί@vnpa-- ὁ@dafs ἄνθρωπος@ngmsc ψυχή@nafsc καί@b ἐγώ@rpnms φημί@viia1s οὐ@b θαυμάζω@vipa1p ὦ@i σίμων@nvmsp εἰ@cs ἐγώ@rpamp ἀπατάω@vnpa-- ἐπιχειρέω@vipa2s ἀλλά@cs ἐκπλήσσω@vire1p τις@andms- λόγος@ndmsc καί@b σεαυτοῦ@rpams ἀπατάω@vipa2s λέγω3@vmpa2s ἐγώ@rpdmp ὦ@i σίμων@nvmsp εἰ@cs καί@b ὁ@dgmp ἄλλος@rpgmp οὐδείς@rpnms δοκιμάζω@vire3s ἀθάνατος@anafs- εἰμί@vnpa-- ὁ@dafs ψυχή@nafsc ἀλλά@cs οὖν@b γε@b σύ@rpnms καί@cs ἐγώ@rpnmp σύ@rpncs μέν@b ὡς@b ἀνθρώπειος@angns- σῶμα@ngnsc χωρίζω@vpaanms αὐτός@rpafs καί@cs προσομιλέω@vpaanms καί@cs ἐπιτάσσω@vpaanms ἐγώ@rpnmp δέ@b ὡς@b συμπάρειμι1@vppanmp καί@cs ὁ@dafs ἐπιταγή@nafsc ἀκούω@vpaanmp καί@cs ὁ@dans κελεύω@vpapans ἐναργής@b ἱστορέω@vpaanmp καί@b ὁ@dnms σίμων@nnmsp φημί@viia3s ἐγώ@rpnms μέν@b οἶδα@vira1s τίς@rpans λέγω3@vipa2p σύ@rpnmp δέ@cs οὐ@b οἶδα@vira2p περί@p τίς@rpgnp διαλέγω@vipe2p καί@b ἐγώ@rpncs νικήτης@nnmsp φημί@viia1s ἐπεί@cs οἶδα@vira2s λέγω3@vmpa2s εἰ@cs δέ@b μή@b οἶδα@vira2s μή@b δοκέω@vmpa2s ἐγώ@rpamp ὁ@ddns λέγω3@vnpa-- σύ@rpams μέν@b οἶδα@vnra-- ἐγώ@rpamp δέ@b μή@b ἀπατάω@vnpe-- δύναμαι@vnpe-- οὐ@b γάρ@b εἰμί@vipa1p οὕτως@b νήπιος@annmp- ἵνα@cs πάνουργος@anafs- ἐνσπείρω@vspa2s ἐγώ@rpdmp ὑποψία@nafsc ὁ@dgns νομίζω@vnpa-- σύ@rpams τις@rpans ὁ@dgnp ἀπόρρητος@angnp- οἶδα@vnra-- καί@cs οὕτως@b ἐπιθυμία@ndfsc κολάζω@vppeamp ἐγώ@rpamp ὑποχείριος@anamp- λαμβάνω@vpaanms ἔχω@vspa2s"
"Ps-Clem.Petr._31","καί@b ὁ@dnms σίμων@nnmsp φημί@viia3s ὅτι@cs μέν@b χωρίζω@viaa1s ψυχή@nafsc ἀνθρώπειος@angns- σῶμα@ngnsc οἶδα@vira1s σύ@rpamp οἶδα@vpraamp ὅτι@cs δέ@b οὐ@b ὁ@dnfs ὁ@dgms θνήσκω@vpragms ψυχή@nnfsc ὑπουργέω@vipa3s ἐπεί@cs μή@b ὑπάρχω@vipa3s ἀλλά@cs δαίμων@nnmsc τις@annfs- ὑποκρίνομαι@vppenms αὐτός@annms- εἰμί@vnpa-- ψυχή@nnfsc ἐνεργέω@vipa3s οἶδα@vira1s σύ@rpamp ἀγνοέω@vppaamp καί@b ἐγώ@rpncs νικήτης@nnmsp φημί@viia1s πολύς@ananp- ἐν@p ὁ@ddms βίος@ndmsc ἀκούω@viaa1p ἄπιστος@ananp- οὗτος@angms- δέ@b ὁ@dgms λόγος@ngmsc ἀνόητος@anansc οὐ@b προσδοκάω@viaa1p ἀκούω@vnaa-- εἰ@cs γάρ@b δαίμων@nnmsc ὑποκρίνομαι@vipe3s εἰμί@vnpa-- ὁ@dgms θνήσκω@vpragms ὁ@dnfs ψυχή@nnfsc τις@rpncs ὁ@dgfs ψυχή@ngfsc χρεία@nnfsc γίγνομαι@vipe3s ἵνα@cs χωρίζω@vsap3s ὁ@dgns σῶμα@ngnsc οὐ@b αὐτός@rpnmp δέ@b πάρειμι1@vppanmp ἀκούω@viaa1p σύ@rpgms ὁ@dgns σκίνος@ngnsc ὁ@dafs ψυχή@nafsc ὁρκίζω@vppagms πῶς@b δέ@b καί@b ἄλλος@rpgms ὁρκίζω@vppegms ἕτερος@annms- μή@b ὁρκίζω@vpapnms ὡς@b φοβέω@vpapnms ὑπακούω@vipa3s οὐ@b ἐξετάζω@vpapnms δέ@b καί@b σύ@rpnms ὑπό@p ἐγώ@rpgmp ποτέ@b διατί@rpans ἐνίοτε@b καί@b παύω@vipe3p ὁ@dnfp προσεδρεύω@nnfpc φημί@viia2s ὅτι@cs ἠ@b ψυχή@nnfsc πληρόω@vpaanfs ὁ@dams ὑπέρ@p γῆ@ngfsc χρόνος@namsc ὅς@rpams μέλλω@viia3s ἐν@p σῶμα@ndnsc διατελέω@vnpa-- εἰς@p ᾃδης@nansc πορεύω@vipe3s προστίθημι@viap2s δέ@b λέγω3@vppanms ὅτι@cs ὁ@dgmp ἴδιος@andms- θάνατος@ndmsc τελευτάω@vpaagmp ὁ@dnfp ψυχή@nnfpc ἐπεί@cs αὐτόθι@b εἰς@p ᾅδης@nafsc χωρέω@vpaanfp φρουρέω@vifm3p οὐ@b εὔκοπος@b ἔρχομαι@vnaa-- ἀφίημι@vipe3p"
"Ps-Clem.Petr._32","οὗτος@rpanp ὁ@dgms νικήτης@ngmsp εἶπον@vpaagms ἀκύλας@nnmsp αὐτός@annms- πάλιν@b φημί@viia3s βούλομαι@viie1s παρά@p σύ@rpgms οὗτος@rpans μόνος@anans- μανθάνω@vnaa-- ὦ@i σίμων@nvmsp εἰ@cs τε@cs ψυχή@nnfsc εἰ@b τε@cs δαίμων@nnmsc εἰμί@vipa3s ὁ@dnns ὁρκίζω@vppenns τίς@rpans φοβέω@vppenns οὐ@b παραπέμπω@vipe3s ὁ@damp ὅρκος@nampc καί@b ὁ@dnms σίμων@nnmsp φημί@viia3s κόλασις@nafsc γάρ@x παρακούω@vpaanfs οἶδα@vira3s μέλλω@vnpa-- πάσχω@vnaa-- καί@b ὁ@dnms ἀκύλας@nnmsp φημί@viia3s οὐκοῦν@b εἰ@cs ὁρκίζω@vppenfs ψυχή@nnfsc ἔρχομαι@vipe3s καί@b κρίσις@nnfsc γίγνομαι@vipe3s εἰ@cs οὖν@b ὁ@dnfp ψυχή@nnfpc ἀθάνατος@annfp- γίγνομαι@vipe3p καί@b κρίσις@nnfsc πάντως@b γίγνομαι@vipe3s ὥστε@b ἄν@b καί@b ὁ@damp ἐπί@p κακός@andfs- πρᾶξις@ndfsc ὁρκίζω@vpapamp καταδικάζω@vnap-- παρακούω@vpaaamp ὡς@cs λέγω@vipa2s πῶς@b οὐ@b φοβέω@vire2s σύ@rpnms ἀναγκάζω@vnpa-- ὁ@dgmp ἀναγκάζω@vppegmp ἐπί@p παρακοή@ndfsc κολάζω@vppegmp ὁ@dnns γάρ@b ἤδη@b σύ@rpams μή@b πάσχω@vnaa-- ἐπί@p ὅς@rpdnp δράω@viaa2s οὐ@b θαῦμα@nnnsc ἐπεί@cs μήπω@b κρίσις@nnfsc εἰμί@vipa3s ἵνα@cs σύ@rpnms μέν@b δίκη@nafsc δίδωμι@vsaa2s περί@p ὅς@rpgnp ἀναγκάζω@viaa2s ὁ@dnns δέ@cs ἀναγκάζω@vpapnns ὑπό@p συγγνώμη@nafsc γίγνομαι@vsam3s ὡς@cs ὁ@dgfs κακός@angfs- πρᾶξις@ngfsc ὁ@dams ὅρκος@namsc προτιμάω@vpaaafs ὁ@dnms δέ@b οὗτος@rpanp ἀκούω@vpaanms ὀργίζω@viap3s θάνατος@namsc ἐγώ@rpdmp ἀπειλέω@vpaanms εἰ@cs μή@b ὁ@danp ὑπό@p αὐτός@rpgms πράσσω@vppeanp σιωπάω@vspa1p"
"Ps-Clem.Petr._33","οὗτος@rpanp ὁ@dgms ἀκύλας@ngmsp εἶπον@vpaagms ἐγώ@rpnms κλήμης@ngfsp πυνθάνομαι@viam1s τίς@rpnns ἄρα@b εἰμί@vipa3s ὅς@rpanp ποιέω@vipa3s θαυμάσιος@ananp- ὁ@dnmp δέ@b λέγω3@viia3p ἐγώ@rpdcs ὅτι@cs ἀνδριάς@nampc ποιέω@vipa3s περιπατέω@vnpa-- καί@cs ἐπί@p πῦρ@nansc κυλίω@vppenms οὐ@b καίω@vipe3s ἐνίοτε@b δέ@b καί@b πετάννυμι@vire3s καί@cs ἐκ@b λίθος@vppanms ἄρτος@nampc ποιέω@vipa3s ὄφις@nnfsc γίγνομαι@vipe3s εἰς@p αἴξ@nafsc μεταμορφόω@vipe3s διπρόσωπος@annms- γίγνομαι@vipe3s εἰς@p χρυσός@namsc μεταβάλλω@vipe3s θύρα@nafpc κλείω@vpreafp ἀνοίγνυμι@vipa3s σίδηρος@namsc λύω@vipa3s ἐν@p δεῖπνον@ndnpc εἴδωλον@nanpc παντοδαπής@angnp- ἰδέα@ngnpc παρίστημι@vipa3s ὁ@dnnp ἐν@p οἰκία@ndfsc σκεῦος@nnnpc ὡς@b αὐτόματος@ananp- φέρω@vppeanp πρός@p ὑπηρεσία@nafsc βλέπω@vnpe-- ποιέω@vipa3s ὁ@dgmp φέρω@vppagmp οὐ@b βλέπω@vppegnp οὗτος@rpanp αὐτός@rpgmp λέγω3@vppagmp ἀκούω@vppanms θαυμάζω@viia3p μαρτυρέω@viia3p δέ@b ὁ@danp τοιοῦτος@rpanp αὐτός@rpnmp πάρειμι1@vppanmp ἱστορέω@vnra--"
"Ps-Clem.Petr._34","οὗτος@rpgnp οὕτως@b ἐρῶ@vpapgnp ζακχαῖος@nnmsp ἥκω@viia3s λέγω3@vppanms ἤδη@b λοιπός@annns- ὦ@i πέτρος@nvmsp καιρός@nnmsc πρός@p ὁ@dans ἐκβαίνω@vpaaams διαλέγω@vnap-- σύ@rpams πολύς@annms- γάρ@b ἐπί@p ὁ@dgfs αὐλή@ngfsc συναθροίζω@vpapnms ἀναμένω@vipa3s σύ@rpams ὄχλος@nnmsc ὅς@rpgms ἐν@p μέσος@andns- ὡς@b πολέμαρχος@nnmsc ὑπό@p αὐτός@rpgms δορυφορέω@vppenms ἵστημι@vmra2s σίμων@nnmsp ὁ@dnms δέ@b πέτρος@nnmsp ἀκούω@vpaanms εὐχή@ngfsc χάρις@p ὑποχωρέω@vnaa-- ἐγώ@rpdms κελεύω@vpaanms μήπω@b λαμβάνω@vpradms ὁ@dans πρός@p σωτηρία@nafsc βάπτισμα@nansc ὁ@ddmp ἤδη@b τέλειος@andmp- φημί@viia3s ἐγείρω@vpapnmp εὔχομαι@vipe1p ἵνα@cs ὁ@dnms θεός@nnmsc ὁ@ddmp ἀνέκλεπτος@andmp- αὐτός@rpgms ἔλεος@ndmpc συνεργέω@vsaa3s ἐγώ@rpdcs ὁρμάω@vppadms πρός@p σωτηρία@nafsc ὁ@dgmp ὑπό@p αὐτός@rpgms κτίζω@vpapgmp ἄνθρωπος@ngmpc καί@b οὗτος@rpans εἶπον@vpaanms καί@cs εὔχομαι@vpamnms ἔξειμι2@viia3s εἰς@p ὁ@dams ὕπαιθρος@namsc ὁ@dgfs αὐλή@ngfsc τόπος@namsc μέγας@anams- εἰμί@vppaams ἔνθα@b συνέρχομαι@vpranmp εἰμί@viia3p πολύς@annmp- ὁ@dgns ἐπακούω@vnaa-- χάρις@nafsc ὁ@dgfs διάλεξις@ngfsc αὐτός@rpgms ἐπί@p ὁ@dans σπεύδω@vnpa-- ὁ@dgns ἀκούω@vnpa-- σπουδαῖος@b ὁ@damp λόγος@nampc αὐτός@rpgms ποιέω@vpragfs ἵστημι@vpaanms οὖν@b καί@cs εἶδον@vpaanms μετά@p πᾶς@angfs- ἡσυχία@ngfsc ὁ@dams πᾶς@anams- λαός@namsc εἰς@p αὐτός@rpams ἀτενίζω@vppaams σίμων@namsp δέ@cs ὁ@dams μάγος@namsc εἰς@p μέσος@anans- ἵστημι@vpraams ὁ@dgns λέγω3@vnpa-- ἄρχω@viam3s οὕτως@b"
"Ps-Clem.Petr._35","εἰρήνη@nnfsp εἰμί@vopa3s πᾶς@andmp- σύ@rpdmp ὁ@ddmp ἑτοῖμος@b ἔχω@vppadmp δεξιά@anafp- δίδωμι@vnpa-- ὁ@ddfs ὁ@dgms θεός@ngmsc ἀλήθεια@ndfsc ἐάν@cs αὐτός@rpgms μέγας@anafs- τε@b καί@cs ἀσύγκριτος@anafs- ἐν@p ὁ@ddms νῦν@b κόσμος@ndmsc ὑπάρχω@vppaafs δωρεά@nafsc ὁ@dnms ἀποστέλλω@vpaanms ἐγώ@rpamp κύριος@nnmsc ἰησοῦς@ngmsp χριστός@nnmsp ὁ@dnms υἱός@nnmsc ὁ@dgms θεός@ngmsc ὁ@dgms ζάω@vppagms οὗτος@anafs- ἐγώ@rpdmp ἐντέλλομαι@viam3s ὁ@dafs προσηγορία@nafsc πρό@p ὁ@dgmp ὁ@dgfs διδασκαλία@ngfsc λόγος@ngmpc σύ@rpdmp ἐπιφθέγγομαι@vnpe-- ἵνα@cs ἐάν@cs εἰμί@vspa3s τις@annms- ἐν@p σύ@rpdmp εἰρήνη@ngfsc τέκνον@nnnsc διά@p ὁ@dgfs διδασκαλία@ngfsc ἐγώ@rpgmp καταλαμβάνω@vsaa3s αὐτός@rpams ὁ@dnfs εἰρήνη@nnfsc εἰ@cs δέ@b οὗτος@rpafs λαμβάνω@vnaa-- σύ@rpgmp τις@rpnms μή@b ἐθέλω@vopa3s τότε@b ἐγώ@rpnmp ἀποτινάσσω@vpamnmp εἰς@p μαρτυρία@nafsc ὁ@dgmp πούς@ngmpc ἐγώ@rpgmp ὁ@dams κονιορτός@namsc εἰς@p ἕτερος@angmp- ἀπέρχομαι@vspa1p οἰκία@nafpc καί@cs πόλις@nafpc καί@b ἀληθής@b σύ@rpdmp λέγω3@vipa1p ἀνεκτός@annnsc εἰμί@vifm3s γῆ@ndfsc σόδομα@nnmsp καί@cs σόδομα@ngfsp ἐν@p ἡμέρα@ndfsc κρίσις@ngfsc ἤ1@cs ὁ@ddms ὁ@dgfs ἀπείθεια@ngfsc τόπος@ndmsc ἐμφιλοχωρέω@vnpa-- πρῶτος@anans- μέν@b ὅτι@cs ὁ@dans εὔλογος@anans- ἀπό@p ἑαυτοῦ@rpgmp οὐ@b ἐννοέω@viaa2p δεύτερος@anans- ὅτι@cs ἀκούω@vpaanmp ὁ@danp κατά@p ἐγώ@rpamp οὐ@b ἔρχομαι@viaa2p πρός@p ἐγώ@rpamp τρίτος@anans- ὅτι@cs καί@b ἔρχομαι@vpaadmp ἐγώ@rpdmp ἀπειθέω@viaa2p διό@b φείδομαι@vppenmp σύ@rpgmp προίξ@nafsc εὔχομαι@vipe1p ὁ@dafs εἰρήνη@nafsc ἐγώ@rpgmp ἔρχομαι@vnaa-- ἐπί@p σύ@rpa-p εἰ@cs οὖν@b οὗτος@rpafs ἔχω@vnpa-- ἐθέλω@vipa2p δεῖ@viia3s σύ@rpamp πρόθυμος@b ὁ@damp λόγος@nampc ἐγώ@rpgms ἀκούω@vnaa-- καί@cs ὡς@b λογικός@annmp- εἰμί@vppanmp ὁ@dans καλός@anans- νοέω@vpaanmp ὁ@dafs ὁ@ddms θεός@ndmsc ἀρέσκω@vppaafs ἀναδέχομαι@vnam-- πολιτεία@nafsc ἵνα@cs εὐσεβής@b καί@cs δίκαιος@b ζάω@vpaanmp θεός@namsc φιλέω@vppanmp καί@cs φιλέω@vppenmp ὑπό@p αὐτός@rpgms ὁ@danp αἰώνιος@ananp- ἀγαθός@ananp- κληρονομέω@vsaa2p αὐτός@rpdms γάρ@b μόνος@andms- ὁ@dnns παρέχω@vnaa-- δυνός@annnss εἰμί@vipa3s ὁ@ddms ὁ@danp μή@b εἰμί@vppaanp εἰς@p ὁ@dans εἰμί@vnpa-- συνίστημι@vpamdms οὐρανός@namsc ποιέω@vpaadms γῆ@nafsc ποιέω@vpaadms θάλασσα@nafsc περιορίζω@vpaadms ὁ@danp ἐν@p ᾅδης@ndfsc ταμιεύω@vpaadms καί@cs ὁ@danp πᾶς@ananp- ἐν@p ἀήρ@ndmsc πληρόω@vpaadms οὗτος@rpnms μόνος@annms- ὁ@dafs εἷς@anafs- καί@cs πρῶτος@anafs- οὐσία@nafsc ἐκ@p ὁ@dgns μή@b εἰμί@vppagns εἰς@p ὁ@dans εἰμί@vnpa-- παράγω@vpaanms τετραχῶς@b καί@cs ἐναντίος@b τρέπω@viaa3s εἶτα@b μίγνυμι@vpaanms μυρίος@anafp- κρᾶσις@nafpc ἐκ@p αὐτός@rpgnp ποιέω@viaa3s ἵνα@cs εἰς@p ἐναντίος@anafp- φύσις@nafpc τρέπω@vprenfp καί@cs μίγνυμι@vprenfp ὁ@dans ζάω@vnpa-- μετά@p ἡδονή@ngfsc ἐκ@p συζυγία@ngfsc ἐργάζομαι@vsam3p ὅμως@b αὐτός@rpnms εἰμί@vipa3s μόνος@annms- δημιουργός@nnmsc πᾶς@angnp- ὁ@dgnp αἰσθητός@angnp- τε@cs καί@cs νοητός@angnp-"
"Ps-Clem.Petr._36","καί@cs ὁ@dgms πέτρος@ngmsp οὗτος@rpanp εἶπον@vpaagms καί@cs περί@p ὁ@dgnp ἔργον@ngnpc ὁ@dgms θεός@ngmsc διδάσκω@vpaagms καί@b πόσος@rpnnp παρά@p ὁ@dgms θεός@ngmsc ὁ@ddms ἄνθρωπος@ndmsc δίδωμι@viap3s καί@cs παραινέω@vpaagms πολύς@ananp- περί@p μοναρχία@ngfsc ὁ@dnms σίμων@nnmsp ἔξω@p ὁ@dgms ὄχλος@ngmsc βοή@ndfsc μέγας@andfs- φημί@viia3s τίς@rpans ψεύδω@vppenms ἀπατάω@vnpa-- ἐθέλω@vipa2s ὁ@dams παρίστημι@vpraams σύ@rpdcs ἰδιώτης@namsc ὄχλος@namsc πείθω@vppanms αὐτός@rpams θεός@nampc μή@b τε@cs ὀνομάζω@vnpa-- μή@b τε@cs λέγω3@vnpa-- ἔξεστι@vppaans εἰμί@vnpa-- ὁ@dgfp παρά@p ἰουδαῖος@ndmpp δημόσιος@angfp- βίβλος@ngfpc πολύς@anamp- θεός@nampc εἰμί@vnpa-- λέγω3@vppagfp καί@b νῦν@b δέ@b μετά@p πᾶς@angmp- ἀπό@p αὐτός@angnp- σύ@rpdms ὁ@dgnp βιβλίον@ngnpc περί@p ὁ@dgns δεῖ@vnpa-- θεός@nampc νομίζω@vnpa-- συζητέω@vnaa-- ἐθέλω@vipa1s πρότερος@anans- περί@p ὅς@rpgns φημί@viia2s θεός@ngmsc δείκνυμι@vpaanms μή@b αὐτός@rpams εἰμί@vnpa-- ὁ@dafs ἄνω@b καί@cs πᾶς@ananp- δύναμαι@vppeafs πρόνοια@nafsc κατά@p ὅς@rpans ἀπρόγνωστος@annms- εἰμί@vipa3s ἀτελής@annms- ἐνδεής@annms- οὐ@b ἀγαθός@annms- καί@cs πολύς@andnp- καί@cs μυρίος@andnp- χαλεπός@andnp- ὑπόκειμαι@vprenms πάθος@ndnpc ὅθεν@b οὗτος@rpgns δείκνυμι@vpapgns ἀπό@p ὁ@dgfp γραφή@ngfpc ὡς@cs ἐγώ@rpnms λέγω3@vipa1s ἕτερος@annms- ἄγραφος@b περιλείπομαι@vipe3s εἰμί@vnpa-- προγνωστικός@annms- τέλειος@annms- ἀνενδεής@annms- ἀγαθός@annms- πᾶς@angnp- χαλεπός@angnp- ἀπαλλαξείω@vprenms πάθος@ngnpc ὅς@rpams δέ@b σύ@rpnms φημί@vspa2s δημιουργός@namsc ὁ@ddmp ἐναντίος@andmp- ἐνἀντίκειμαι@vprenms τυγχάνω@vipe2s"
"Ps-Clem.Petr._37","αὐτίκα@b γοῦν@b ὁ@dnms κατά@p ὁμοίωσις@nafsc αὐτός@rpgms γίγνομαι@vpranms ἀδάμ@nnmsp καί@cs τυφλός@annms- κτίζω@vipe3s καί@cs γνῶσις@nafsc ἀγαθός@angns- ἤ1@cs κακός@angns- οὐ@b ἔχω@vppanms παραδίδωμι@vire3s καί@cs παραβάτης@nnmsc εὑρίσκω@vipe3s καί@cs ὁ@dgms παράδεισος@ngmsc ἐκβάλλω@vipe3s καί@cs θάνατος@ndmsc τιμωρέω@vipe3s ὅμοιος@b τε@b καί@b ὁ@dnms πλάσσω@vpaanms αὐτός@rpams ἐπεί@cs μή@b πανταχόθεν@b βλέπω@vipa3s ἐπί@p ὁ@ddfs σόδομα@ngmpp καταστροφή@ndfsc λέγω3@vipa3s δεῦτε@b καί@b καταβαίνω@vpaanmp εἶδον@vsaa1p εἰ@cs κατά@p ὁ@dafs κραυγή@nafsc αὐτός@rpgmp ὁ@dafs γίγνομαι@vpamafs πρός@p ἐγώ@rpacs συντελέω@vipe3p εἰ@cs δέ@b μή@b ἵνα@cs γιγνώσκω@vsaa1s καί@cs ἀγνοέω@vppaams ἑαυτοῦ@rpams δείκνυμι@vipa3s ὁ@ddms δέ@b εἶπον@vnaa-- περί@p ὁ@dgms ἀδάμ@ngmsp ἐκβάλλω@vsaa1p αὐτός@rpams μήπως@cs ἐκτείνω@vpaanms ὁ@dafs χείρ@nafsc αὐτός@rpgms ἅπτω@vsam3s ὁ@dgns ξύλον@ngnsc ὁ@dgfs ζωή@ngfsc καί@cs ἐσθίω@vsaa3s καί@cs ζάω@vifm3s εἰς@p ὁ@dams αἰών@namsc ὁ@ddns εἶπον@vnaa-- μήπως@anans- ἀγνοέω@vipa3s ὁ@ddns δέ@b ἐπάγω@vnaa-- μήπως@b ἐσθίω@vpaanms ζάω@vifm3s εἰς@p ὁ@dams αἰών@namsc καί@b φθονέω@vipa3s καί@cs ὁ@ddns γράφω@vnre-- ὅτι@cs ἐνθυμέομαι@viap3s ὁ@dnms θεός@nnmsc ὅς@rpdns ποιέω@viaa3s ὁ@dams ἄνθρωπος@namsc καί@b μετανοέω@vipa3s καί@cs ἀγνοέω@vipa3s ὁ@rpnns γάρ@b ἐνθυμέομαι@viap3s σκέψις@nnfsc εἰμί@vipa3s ὅς@rpdfs τις@rpnms διά@p ἄγνοια@nafsc ὅς@rpgnp βούλομαι@vipe3s ὁ@dans τέλος@nansc ἀκριβόω@vnaa-- ἐθέλω@vipa3s ἤ1@cs ἐπί@p ὁ@ddms μή@b κατά@p γνώμη@nafsc ἀποβαίνω@vpaadms μεταμέλομαι@vppedms καί@b ὁ@dnns γράφω@vnre-- καί@cs ὀσφραίνομαι@viap3s κύριος@nnmsc ὀσμή@nnmsc εὐωδία@ngfsc ἐνδεής@angms- εἰμί@vipa3s καί@cs ἐπί@p κνῖσα@ndfsc σάρξ@ngfpc ἥδομαι@vnap-- οὐ@b ἀγαθός@angms- ὁ@dnns δέ@b πειράζω@vnpa-- ὡς@cs γράφω@vire3s καί@b πειράζω@viaa3s κύριος@nnmsc ὁ@dams ἀβραάμ@namsp κακός@angns- καί@b ὁ@dans τέλος@nansc ὁ@dgfs ὑπομονή@ngfsc ἀγνοέω@vppagms"
"Ps-Clem.Petr._38","ὅμως@b ὁ@dnms σίμων@nnmsp πολύς@ananp- ἀπό@p ὁ@dgfp γραφή@ngfpc δοκέω@viia3s δείκνυμι@vnpa-- ὁ@dams θεός@namsc πᾶς@andns- πάθος@ndnsc ὑπόκειμαι@vpreams καί@b ὁ@dnms πέτρος@nnmsp πρός@p οὗτος@rpanp φημί@viia3s εἰ@cs μηδείς@rpans ἀγαπάω@vipa3s ὁ@dnms κακός@annms- καί@cs πάνυ@b μοχθηρός@annms- ἐπί@p ὅς@rpdnp ἁμαρτάνω@vipa3s ἑαυτοῦ@rpams πῶς@b ἐλέγχω@vnpa-- ἀποκρίνω@vmam2s ἐγώ@rpdms καί@b ὁ@dnms σίμων@nnmsp φημί@viia3s οὐ@b ἀγαπάω@vipa3s καί@b ὁ@dnms πέτρος@nnmsp φημί@viia3s πῶς@b οὖν@b κακός@annms- καί@cs μοχθηρός@annms- εἰμί@vnpa-- δύναμαι@vipe3s ὁ@dnms θεός@nnmsc εἴπερ@cs αὐτός@rpgms θέλημα@ndnsc ὁ@dnnp κατά@p αὐτός@rpgms κακός@annnp- δημοσίᾳ@b γράφω@vpapnnp προτίθημι@viap3s καί@b ὁ@dnms σίμων@nnmsp ἐνδέχομαι@vipe3s μή@b κατά@p προαίρεσις@nafsc αὐτός@rpgms ὑπό@p ἕτερος@angfs- δύναμις@ngfsc ὁ@dams κατά@p αὐτός@rpgms γράφω@vnap-- ἔλεγχος2@namsc καί@b ὁ@dnms πέτρος@nnmsp φημί@viia3s πρῶτος@anans- οὖν@b οὗτος@rpans ζητέω@vsaa1p εἰ@cs μή@b ὑπό@p ὁ@dgfs ἑαυτοῦ@rpgms βουλή@ngfsc ἑαυτοῦ@rpams ἐλέγχω@viaa3s ὡς@cs φθάνω@vpaanms σύ@rpnms ὁμολογέω@viaa2s μοχθηρός@annms- οὐ@b εἰμί@vipa3s εἰ@cs δέ@b ὑπό@p ἕτερος@angfs- δύναμις@ngfsc ζητητέος@annns- καί@cs πᾶς@andns- σθένω@ndnsc ἐξεταστέος@annns- μή@cs τις@rpnms αὐτός@rpams μόνος@anams- ἀγαθός@anams- εἰμί@vppaams κακός@anams- ἐπί@p πᾶς@andnp- ὁ@ddnp κακός@andnp- ὑπολαμβάνω@viaa3s"
"Ps-Clem.Petr._39","καί@b ὁ@dnms σίμων@nnmsp πρόδηλος@annms- εἰμί@vipa2s φεύγω@vppanms ἀπό@p ὁ@dgfp γραφή@ngfpc ὁ@dams κατά@p ὁ@dgms θεός@ngmsc σύ@rpgcs ἀκούω@vnaa-- ἔλεγχος2@namsc καί@b ὁ@dnms πέτρος@nnmsp αὐτός@annms- ἐγώ@rpdcs φαίνω@vipe2s οὗτος@rpans ποιέω@vppanms ὁ@dnms γάρ@b τάξις@nafsc ζήτησις@ngfsc φεύγω@vppanms ἐξέτασις@nafsc ἀληθής@anafs- γίγνομαι@vnam-- οὐ@b βούλομαι@vipe3s ὅθεν@b ἐγώ@rpnms ὁ@ddfs τάξις@ndfsc χράομαι@vppenms καί@cs βούλομαι@vppenms πρῶτος@anans- ὁ@dams συγγραφεύς@namsc νοέω@vnap-- πρόδηλος@annms- εἰμί@vipa1s ὁ@dafs εὐθεῖα@anafs- ὁδεύω@vnpa-- ἐθέλω@vppanms καί@b ὁ@dnms σίμων@nnmsp ὁμολογέω@vmaa2s πρῶτος@b εἰ@cs γε@b ὁ@dnnp κατά@p ὁ@dgms δημιουργός@ngmsc γράφω@vpreanp ἀληθής@annnp- εἰμί@vipa3s καί@cs οὐ@b εἰμί@vipa3s ὁ@dnms ὁ@dgnp ὅλος@angnp- ἀνώτερος@annmsc κατά@p ὁ@dafp γραφή@nafpc πᾶς@andfs- ὑπόκειμαι@vprenms μοχθηρία@ndfsc καί@cs ὕστερος@b ζητέω@vsaa1p ὁ@dams συγγράφω@vpaaams καί@b ὁ@dnms πέτρος@nnmsp ἵνα@cs μή@b δοκέω@vsaa1s ἀντιλέγω@vnpa-- σύ@rpgcs ὁ@ddfs ἀταξία@ndfsc μη@b δέ@cs ἐθέλω@vnpa-- ζητέω@vnpa-- ἀποκρίνω@vipe1s ἐγώ@rpncs φημί@vipa1s ὅτι@cs ὁ@dnnp κατά@p ὁ@dgms θεός@ngmsc γράφω@vpreanp ἀληθής@annnp- ἄν@b εἰμί@vopa3s καί@cs οὔπω@b ὁ@dams θεός@namsc δείκνυμι@vipa3s μοχθηρός@anams- καί@b ὁ@dnms σίμων@nnmsp φημί@viia3s πῶς@b οὗτος@rpans συνίστημι@vnaa-- δύναμαι@vipe2s"
"Ps-Clem.Petr._40","καί@cs ὁ@dnms πέτρος@nnmsp φημί@viia3s ὁ@dams ἀδάμ@namsp τυφλός@anams- λέγω@vipa2s γίγνομαι@vnre-- ὅσπερ@rpnns οὐ@b εἰμί@viia3s οὐ@b γάρ@b ἄν@b τυφλός@andms- ἐντέλλω@vppenms δείκνυμι@viia3s λέγω3@vppanms ἀπό@p δέ@b ὁ@dgns ξύλον@ngnsc ὁ@dgns γιγνώσκω@vnpa-- καλός@anams- καί@cs πονηρός@anans- μή@b γεύω@vsam2p καί@b ὁ@dnms σίμων@nnmsp τυφλός@anams- λέγω3@viia3s ὁ@dams νόος@namsc αὐτός@rpgms καί@b ὁ@dnms πέτρος@nnmsp πῶς@b καί@b ὁ@dams νόος@namsc τυφλός@annms- εἰμί@vnpa-- δύναμαι@viie3s ὁ@dnms πρό@p ὁ@dgns γεύω@vnam-- ὁ@dgns φυτόν@ngnsc σύμφωνος@annms- ὁ@ddms κτίζω@vpaadms αὐτός@rpams οἰκεῖος@ananp- πᾶς@andnp- ὁ@ddnp ζώιον@ndnpc ἐπιτίθημι@vpaanms ὁ@danp ὄνομα@nanpc καί@b ὁ@dnms σίμων@nnmsp εἰ@cs πρόγνωσις@nafsc ἔχω@viia3s ὁ@dnms ἀδάμ@nnmsp διατί@anans- οὐ@b προγιγνώσκω@viaa3s ὁ@dams ὁ@dafs γυνή@nafsc αὐτός@rpgms ἀπατάω@vpfaams ὄφις@namsc καί@b ὁ@dnms πέτρος@nnmsp εἰ@cs πρόγνωσις@nafsc μή@b ἔχω@viia3s ὁ@dnms ἀδάμ@nnmsp πῶς@b ὁ@ddmp υἱός@ndmpc αὐτός@rpgms πρός@p ὁ@dafp εἰμί@vprpafp πρᾶξις@nafpc ἅμα@p ὁ@ddns γεννάω@vnap-- ὁ@danp ὄνομα@nanpc ἐπιτίθημι@viaa3s ὁ@dams μέν@b πρῶτος@anams- καλέω@vpaanms κάϊν@namsp ὅς@rpnns ἑρμηνεύω@vipe3s ζῆλος@nnmsc ὅς@rpnms καί@b ζηλόω@vpaanms ἀναιρέω@viaa3s ὁ@dams ἀδελφός@namsc αὐτός@rpgms ὁ@dams ἄβελ@namsp ὅς@rpans ἑρμηνεύω@vipe3s πένθος@nnnsc ἐπί@p αὐτός@rpdms γάρ@b πρῶτος@andms- ὁ@ddms φονεύω@vpapdms ἐπιτείνω@viap3p ὁ@dnmp γονεύς@nnmpc εἰ@cs δέ@b ἀδάμ@nnmsp ἔργον@nansc θεός@ngmsc ὑπάρχω@vppanms πρόγνωσις@nafsc ἔχω@viia3s πολύς@anans- μᾶλλον@b ὁ@dnms δημιουργέω@vpaanms αὐτός@rpams θεός@nnmsc σύ@rpnms δέ@b ὦ@i σίμων@nvmsp κακός@b νοέω@vppanms ὁ@dafp θεῖος1@nafpc γραφή@nafpc φιμώομαι@vmap2s"
"Ps-Clem.Petr._41","ὁ@dnns δέ@b γράφω@vnre-- ἐνθυμέομαι@viap3s ὁ@dnms θεός@nnmsc ὡς@b λογισμός@ndmsc χράω2@vpamnms διά@p ὁ@dafs ἄγνοια@nafsc ἔτι@b μήν@b καί@b εἰ@cs πειράζω@viia3s κύριος@nnmsc ὁ@dams ἀβραάμ@namsp ἵνα@cs γιγνώσκω@vsaa1s εἰ@cs ὑποφέρω@viap3s καί@b ὁ@dans γράφω@vpreans καταβαίνω@vpaanmp εἶδον@vsaa1p εἰ@cs κατά@p ὁ@dafs κραυγή@nafsc αὐτός@rpgmp ὁ@dafs γίγνομαι@vpamafs πρός@p ἐγώ@rpacs συντελέω@vipe3p εἰ@cs δέ@x μή@cs ἵνα@cs γιγνώσκω@vsaa1s καί@b ἵνα@cs μή@b εἰς@p πολύς@anans- μηκύνω@vipa1s ὁ@dams λόγος@namsc σαφής@anafs- ὁ@dafs διάγνωσις@nafsc ὁ@dnfp ῥῆσις@nnfpc ἔχω@vipa3p μή@b καταγιγνώσκω@vppanfp ὁ@dgms θεός@ngmsc ἄγνοια@nafsc καί@b ἄν@cs ὁ@dafs σός@anafs- διαφεύγω@vspa3s διάνοια@nafsc ὅτι@cs δέ@b ὄντως@b προγιγνώσκω@vipa3s λέγω3@vipa3s ὁ@ddms ἀβραάμ@ndmsp γιγνώσκω@vppanms γιγνώσκω@vifm2s ὅτι@cs πάροικος@annns- εἰμί@vifm3s ὁ@dnns σπέρμα@nnnsc σύ@rpgcs ἐν@p γῆ@ndfsc οὐ@b ἴδιος@andfs- καί@b δουλόω@vifa3p αὐτός@rpans καί@b κακόω@vifa3p καί@cs ταπεινόω@vifa3p αὐτός@rpamp τετρακόσιοι@ananp- ἔτος@nanpc ὁ@dans δέ@x ἔθνος@nansc ὅς@rpdns ἄν@b δουλεύω@vsaa3p κρίνω@vifa1s ἐγώ@rpnms μετά@p δέ@b οὗτος@rpanp ἐξέρχομαι@vifm3p ὧδε@b μετά@p ἀποσκευή@ngfsc πολύς@angfs- σύ@rpnms δέ@b ἀπέρχομαι@vifm2s πρός@p ὁ@damp πατήρ@nampc σύ@rpgms μετά@p εἰρήνη@ngfsc τρέφω@vpapnms ἐν@p γῆρας@ndnsc καλός@andns- τέταρτος@andfs- δέ@b γενεά@ndfsc ἀποστρέφω@vifp3p ὧδε@b οὔπω@b γάρ@b ἀναπληρόω@vire3p ὁ@dnfp ἁμαρτία@nnfpc ὁ@dgmp ἀμοῤῥαῖος@ngnpp"
"Ps-Clem.Petr._42","πλήν@b ὁ@dnfs ζήτησις@nnfsc μέχρι@p τρεῖς@angfp- ἡμέρα@ngfpc γίγνομαι@viam3s ἐκλείπω@vpaagfs δέ@b ὁ@dgfs τέταρτος@angfs- φυγάς@vpaanms ὁ@dnms σίμων@nnmsp εἰς@p τύρος@nafsp οἴχομαι@viie3s καί@b οὐ@b μετά@p πολύς@anafp- ἡμέρα@nafpc ἔρχομαι@viaa3p τις@rpnmp πρός@p ὁ@dams ἀπόστολος@namsc πέτρος@namsp λέγω3@vppanmp ὅτι@b σίμων@nnmsp μέγας@ananp- θαυμάσιος@ananp- ἐν@p τύρος@ndmsp ποιέω@vppanms πολύς@anamp- ὁ@dgmp ἐκεῖ@b καταπλήσσω@viaa3s καί@cs σύ@rpams πολύς@andfp- διαβολή@ndfpc μισητός@anams- ποιέω@viaa3s οὗτος@rpanp ἀκούω@vpaanms ὁ@dnms ἀπόστολος@nnmsc πέτρος@nnmsp ὁ@ddfs ἐπέρχομαι@vppadfs νύξ@ndfsc πᾶς@anams- ὁ@dams λαός@namsc συνέρχομαι@vnaa-- ποιέω@viaa3s συνάγω@vpapgmp δέ@b αὐτός@rpgmp φημί@viia3s ἐπεί@cs ὁρμάω@vppagms ἐγώ@rpgms εἰς@p ὁ@danp ἔθνος@nanpc ὁ@danp πολύς@anamp- θεός@nampc λέγω3@vppaams κηρύσσω@vnaa-- καί@cs διδάσκω@vnaa-- ὅτι@cs εἷς@annms- εἰμί@vipa3s ὁ@dnms θεός@nnmsc ἐν@p τρεῖς@andfp- ὑπόστασις@ndfpc ὅς@rpnms οὐρανός@namsc κτίζω@viaa3s καί@cs γῆ@nafsc καί@cs ὁ@danp ἐν@p αὐτός@rpdnp πᾶς@ananp- ὅπως@cs ἀγαπάω@vpaanmp αὐτός@rpams ὁ@dnmp ἄνθρωπος@nnmpc σώζω@vnap-- δύναμαι@vsap3p προλαμβάνω@vpaanms ὁ@dnms διάβολος@annms- προαποστέλλω@viaa3s σίμων@namsp ἵνα@cs πείθω@vsaa3s πᾶς@anams- ἄνθρωπος@namsc λατρεύω@vnpa-- ὁ@ddmp μή@b εἰμί@vppadmp θεός@ndmpc καί@cs ἀρνέομαι@vsam3p πιστεύω@vnpa-- εἰς@p εἷς@anams- θεός@namsc ὁ@dams ποιέω@vpaaams πᾶς@ananp- ὁ@danp τε@cs ὁρατός@ananp- καί@cs ὁ@danp ἀόρατος@ananp- χρή@vipa3s οὖν@b ἐγώ@rpams ταχύς@b αὐτός@rpams καταλαμβάνω@vnaa-- ἵνα@cs μή@b ὁ@dnfs διδασκαλία@nnfsc ὁ@dgms σίμων@ngmsp ἐγχρονίζω@vpaanfs παντελής@b πᾶς@angnp- ἐπικρατέω@vsaa3s"
"Ps-Clem.Petr._43","δεῖ@vipa3s οὖν@x τις@rpams ἀντί@p ἐγώ@rpgms ὁ@dams ἐμός@anams- ἀναπληρῶ@vnaa-- τόπος@namsc καί@cs πᾶς@annmp- ἐκτενής@b ὁ@dgms θεός@ngmsc ἱκετεύω@vsap1p ὅπως@cs ὁ@dams εἰμί@vppaams ἄξιος@anams- ὁ@dnms θεός@nnmsc ἀναδείκνυμι@vsaa3s καί@b οὗτος@rpanp εἶπον@vpaanms ἐπιτίθημι@viaa3s χείρ@nafsc ὁ@ddms ζακχαῖος@ndmsp λέγω3@vppanms δεσπότης@nvmsc κύριος@nvmsc ὁ@dnms πατήρ@nvmsc ὁ@dgms κύριος@ngmsc καί@cs θεός@ngmsc καί@cs σωτήρ@ngmsc ἐγώ@rpg-p ἰησοῦς@ngmsp χριστός@ngmsp διά@p ὁ@dgns πνεῦμα@ngnsc σύ@rpgcs ὁ@dgns ἅγιος@angns- καί@cs προσκυνητός@angms- σύ@rpn-s διαφυλάσσω@vmaa2s οὗτος@rpams ποιμαίνω@vnpa-- ὁ@dams λαός@namsc σύ@rpgms ὅς@rpams ἐκλέγω@vifa1s καί@b οὗτος@rpanp εἶπον@vpaanms πρός@p ὁ@dams λαός@namsc φημί@viia3s ὅσος@annmp- βαπτίζω@vnap-- ἐθέλω@vipa2p ἀπό@p ὁ@rpgfs αὔριον@b νηστεύω@vnpa-- ἄρχω@vmam2p μετά@p δέ@b τρεῖς@anafp- ἡμέρα@nafpc βαπτίζω@vnpa-- ἄρχω@vpamnms ἐγώ@rpams κλήμεντ@namsp φωνέω@vpaanms καί@b ἀκύλας@nafsp καί@cs νικάω@namsp φημί@viia3s"
"Ps-Clem.Petr._44","μέλλω@vppaams ἐγώ@rpams ἐπί@p ὁ@dafs τύρος@nafsp ὁρμάω@vnpa-- μετά@p ἡμέρα@nafpc ἑπτὰ@an---- βούλομαι@vipe1s ἐξαυτῆς@rpgfs σύ@rpamp ἀπέρχομαι@vpaaamp παρά@p ὁ@ddfs χανανίτις@ndfsp βερενίκη@andfs- ἰούστης@ngfsp θυγάτηρ@ndfsc κρύπτω@b ἐπιξενόομαι@vpapamp παρά@p αὐτός@rpgfs ὁ@danp κατά@p ὁ@dams σίμων@namsp ἀκριβής@b μανθάνω@vpaaamp γράφω@vnaa-- ἐγώ@rpdms διό@b ἐξαυτῆς@b πορεύω@vmpe2p μετά@p εἰρήνη@ngfsc καί@b δή@b βαπτίζω@vppaams αὐτός@rpams ἐάω@vpaanmp καθώς@cs κελεύω@viaa3s εἰς@p τύρος@nafsp αὐτός@rpams προάγω@vipa1p ὁ@dgfs φοινίκη@ngfsp καισαρεία@ngfsp δέ@b ὁ@dgfs στράτων@ngfsp ἔξειμι@vppanms ἐγώ@rpnms κλήμης@ngfsp ἅμα@p νικήτης@ndfsp καί@cs ἀκύλας@ndfsp εἰς@p τύρος@nansp ὁ@dgfs φοινίκη@ngfsp πορεύω@viie1p καί@cs κατά@p ἐντολή@nafsc πέτρος@ngmsp ὁ@dgms ἀποστέλλω@vpaagms ἐγώ@rpamp ἐκνίζω@viap1p παρά@p βερενίκη@andfs- θυγάτηρ@ndfsc ὁ@dgfs χανανῖτις@ngfsp ἰούστης@ngfsp ὅστις@rpnfs ἀσμενής@ananps ἐγώ@rpamp ἀποδέχομαι@viam3s εἶπον@viaa1p δέ@b πρός@p αὐτός@rpafs ὅτι@cs σίμων@nnmsp ὁ@dnms μάγος@nnmsc ἐπί@p ὁ@dgfs ἐν@p καισαρεία@ndfsp πρός@p ὁ@dams κύριος@namsc ἐγώ@rpg-p πέτρος@namsp ζήτησις@ngfsc ἡσσάομαι@vpaenms παραχρῆμα@b ἀποδιδράσκω@vpaanms ἐνταῦθα@b πολύς@ananp- κακός@ananp- διαπράσσω@vipe3s καί@b λοιδορέω@vppanms ὁ@dams πέτρος@namsp πολύς@angmp- συναρπάζω@vipa3s ψυχή@nafpc καί@b μάγος@nnmsc εἰμί@vppanms μάγος@namsc ὁ@dams πέτρος@namsp ἀποκαλέω@vipa3s καί@b πλάνος@annms- αὐτός@rpnms εἰμί@vppanms πλάνος@namsc ἐκεῖνος@rpams ἀποκηρύσσω@vipa3s καί@cs ἐν@p ὁ@ddfp ζήτησις@ndfpc ἐπί@p πᾶς@angnp- αὐτός@rpnms ἡσσάομαι@vpaenms καί@cs φεύγω@vpaanms φάσκω@vipa3s νικάω@vnra--"
"Ps-Clem.Petr._45","ὁ@dnfs δέ@b βερνίκη@nnfsp λέγω@viaa3s οὗτος@rpnnp οὕτως@b ἔχω@vipa3s ὁ@danp δέ@b ἄλλος@rpanp ὁ@danp κατά@p ὁ@dams σίμων@namsp ἀκούω@vmaa2p φάντασμα@nanpc καί@cs εἴδωλον@nanpc ἐν@p μέσος@andfs- ὁ@ddfs ἀγορά@ndfsc ποιέω@vppanms κατά@p ἡμέρα@nafsc πᾶς@anafs- ἐκπλήσσω@vipa3s ὁ@dafs πόλις@nafsc διέρχομαι@vppegms γάρ@b αὐτός@rpgms ἀνδριάς@nnmpc κινέω@vipe3p καί@cs σκιά@nnfpc πολύς@annfp- προηγέομαι@vipe3p ὅς@rpafp αὐτός@anafp- ψυχή@nafpc ὁ@dgmp θνήσκω@vpragmp λέγω3@vipa3s πολύς@anamp- δέ@b αὐτός@rpams γόης@namsc λέγω3@vppaamp ὕστερος@anans- πρόφασις@ndfsc εὐωχία@ngfsc προσκαλέω@vpamnms βοῦς@nafsc θύω1@vpaanms καί@cs ἑστιάω@vpaanms αὐτός@rpamp διάφορος@andfp- νόσος@ndfpc περιλαμβάνω@viaa3s καί@b δαίμων@ndmpc ὑποβάλλω@viaa3s καί@cs πολύς@anamp- κακόω@vpaanms θεός@nnmsc εἰμί@vnpa-- προτιμάω@vire3s ὅθεν@b οὐ@b οἴομαι@vipe1s δύναμαι@vnfm-- τις@rpams τοσοῦτος@anans- ἀνάπτω@vpapans πῦρ@nansc σβέννυμι@vnaa-- διό@b ὁ@dgns μή@b κινδυνεύω@vnpa-- σύ@rpamp χάρις@p παρακαλέω@vipa1s μηδείς@rpans ἐγχηρήσσω@vsaa2p πρός@p αὐτός@rpams πρίν@cs ἄν@b ὁ@dnms ἀπόστολος@annms- πέτρος@nnmsp ἔρχομαι@vsaa3s ὅς@rpnms μόνος@annms- δύναμαι@vifm3s πρός@p τοσοῦτος@anafs- δυναστεία@nafsc ὁ@dgms κύριος@ngmsc καί@b θεός@ngmsc καί@cs σωτήρ@ngmsc ἐγώ@rpgmp ἰησοῦς@ngmsp χριστός@ngmsp δόκιμος@annmss ὑπάρχω@vppanms μαθητής@nnmsc ἀνταγωνίσομαι@vnae--"
"Ps-Clem.Petr._46","ἐγώ@rpnmp δέ@b ὁ@danp κατά@p ὁ@dams σίμων@namsp ἕωθεν@b ἅπας@ananp- γράφω@vpaanmp εἰς@p περίπατος@namsc ἀποτρέπω@viam1p καί@b ἄππιος@nnmsp ἀπαντάω@vipa3s ἐγώ@rpdcp μετά@p ἀνήρ@ngmpc τριάκοντα@ καί@b ἅμα@p ὁ@ddns εἶδον@vnaa-- ἐγώ@rpams προσαγορεύω@vpaanms καί@cs καταφιλέω@vpaanms φημί@viia3s ὁ@ddmp μετά@p αὐτός@rpgms οὗτος@rpnms εἰμί@vipa3s κλήμης@nnmsp περί@p ὅς@rpgms σύ@rpdmp ὁ@dgfs τε@b εὐγένεια@ngfsc καί@cs ὁ@dgfs ἐλευθεροπεία@ngfsc πολύς@anams- ποιέω@viie1s λόγος@namsc ὅτι@cs ἀνήρ@nnmsc πρός@p γένος@ngnsc τιβέριος@ngmsp καῖσαρ@ngmsp εἰμί@vppanms καί@cs πᾶς@angfs- ἑλληνικός@angfs- παίδιον@ngfsc ἐξασκέω@vprenms ὑπό@p βάρβαρος@angms- τις@angms- ὁ@dafs προσηγορία@nafsc πέτρος@ngmsp ὁ@danp χριστιανός@ngmpp ποιέω@vnpa-- καί@cs λέγω3@vnpa-- ἐξαπατάω@vire3s ὅθεν@b ἀξιόω@vipa1s συναγωνίζομαι@vnae-- ἐγώ@rpdms πρός@p ὁ@dafs διόρθωσις@nafsc αὐτός@rpgms καί@b ἐπί@p σύ@rpgmp αὐτός@b πυνθάνομαι@vipe1s λέγω3@vmpa3s ἐγώ@rpdms ἐπεί@cs πρός@p ὁ@dans εὐσεβέω@vnpa-- ἑαυτοῦ@rpams ἀποδίδωμι@vnra-- νομίζω@vipa3s πῶς@b οὐ@b ὁ@danp μέγας@ananps ἀσεβέω@vipa3s καταλιμπάνω@vpaanms μέν@b ὁ@danp πάτριος@ananp- ἀνακλίνω@vpaanms δέ@b εἰς@p ἔθνος@nanpc βάρβαρος@ananp-"
"Ps-Clem.Petr._47","καί@b ἐγώ@rpnms ἀποκρίνω@viam1s ὁ@dafs μέν@b πρός@p ἐγώ@rpacs σύ@rpgms ἀγαθός@anafs- προαίρεσις@nafsc ἀποδέχομαι@vipe1s ὁ@dafs δέ@cs ἀγνωσία@nafsc ἀποσείω@vipe1s ὁ@dnfs μέν@b γάρ@b προαίρεσις@nnfsc ἀγαθός@annfs- ὅτι@cs ἐν@p ὅς@rpdnp δοκέω@vipa2s καλός@andmp- ἐν@p οὗτος@rpdnp εἰμί@vnpa-- ἐγώ@rpacs ἐθέλω@vipa2s ὁ@dnfs δέ@b γνῶσις@nnfsc οὐ@b ὀρθός@b ἔχω@vppanfs φιλία@ngfsc πρόφασις@ndfsc ἐνεδρεύω@vnpa-- ἀγωνίζομαι@vipe3s καί@b ὁ@dnms ἄππιος@nnmsp φημί@viia3s ἀγνωσία@nnfsc σύ@rpdms εἰμί@vnpa-- δοκέω@vipa3s ὁ@danp πάτριος@ananp- ἔθος@nanpc φυλάσσω@vppaams ὁ@danp ἕλλην@ngmpp φρονέω@vnpa-- καί@b ἐγώ@rpnms ἀποκρίνω@viam1s ὁ@dams εὐσεβέω@vnpa-- προαιρέω@vppeams οὐ@b πάντως@b φυλάσσω@vnpa-- δεῖ@vipa3s ὁ@danp πάτριος@ananp- ἀλλά@cs φυλάσσω@vnpa-- μέν@b ἐάν@cs εἰμί@vspa3s εὐσεβής@annnp- ἀποσείω@vnpe-- δέ@b ἐάν@cs ἀσεβής@annnp- τυγχάνω@vspa3s ἐνδέχομαι@vipe3s γάρ@b τις@rpams πατήρ@ngmsc ἀσεβής@angms- εἰμί@vppaams εὐσεβέω@vnpa-- βούλομαι@vppeams μή@b ἐθέλω@vnpa-- ὁ@ddmp ὁ@dgms πατήρ@ngmsc ἀκολουθέω@vnpa-- καί@b ὁ@dnms ἄππιος@nnmsp ἀποκρίνω@viam3s τίς@rpnns οὖν@b ὁ@dams σός@anams- πατήρ@namsc φημί@vipa2s κακός@angms- βίος@ngmsc γίγνομαι@vnra-- καί@b ἐγώ@rpnms φημί@viia1s κακός@angms- μέν@x οὐ@b εἰμί@viia3s βίος@ngmsc κακός@angfs- δέ@x ὑπόληψις@ngfsc καί@b ὁ@dnms ἄππιος@nnmsp τις@rpnfs εἰμί@viia3s ὁ@dnfs κακός@annfs- αὐτός@rpgms ὑπόνοια@nnfsc ἀκούω@vnaa-- ἐθέλω@vipa1s καί@b ἐγώ@rpnms φημί@viia1s ὅτι@cs ὁ@ddmp ὁ@dgmp ἕλλην@ngmpp ψευδής@andmp- καί@cs κακός@andmp- πιστεύω@viia3s μῦθος@ndmpc καί@b ὁ@dnms ἄππιος@nnmsp πυνθάνομαι@viam3s τις@rpnmp εἰμί@vipa3p οὗτος@annmp- ὁ@dgmp ἕλλην@ngmpp ὁ@dnmp ψευδής@annmp- τε@x καί@cs κακός@annmp- μῦθος@nnmpc καί@b ἐγώ@rpnms φημί@viia1s ὁ@dnfs περί@p θεός@ngmpc οὐ@b ὀρθός@annfs- δόκησις@nnfsc ὅς@rpafs ἐάν@cs μακροθυμέω@vspa2s ἀκούω@vifm2s μετά@p ὁ@dgmp φιλομαθής@angmp-"
"Ps-Clem.Petr._48","διό@b πρό@p ὁ@dgfp διάλογος@angnp- εἰς@p τις@anams- ἥσυχος@anamsc ὑποχωρέω@vsaa1p ἤδη@b τόπος@namsc καί@cs δή@x πρόειμι2@vppanmp καθέζομαι@viie3p ἔνθα@b εἰμί@viia3s καθαρός@annnp- ψυχρός@angnp- νᾶμα@ngnpc ῥεῦμα@nnnpc καί@cs δένδρον@ngnpc παντοῖος@angnp- χλοερός@annnp- σκέπη@nnnpc ἔνθα@b καί@b ἐγώ@rpnms ἄσμενος@annms- μετά@p αὐτός@rpgmp καθέζομαι@viie1s καί@cs ὡς@cs ἀτενίζω@viia3p εἰς@p ἐγώ@rpams ἄρχω@viam1s πρός@p αὐτός@rpamp λέγω3@vnpa--"
"Ps-Clem.Petr._49","πολύς@annfs- τις@rpncs ὦ@i ἀνήρ@nvmpc διαφορά@nnfsc τυγχάνω@vipa3s ἀλήθεια@ngfsc τε@b καί@cs συνήθεια@ngfsc ὁ@dnmp μέν@b γάρ@b ὁ@dgmp ἕλλην@ngmpp πολύς@anamp- θεός@nampc κακός@anamp- καί@cs παντοπαθής@anamp- ἡγέομαι@viam3p ἵνα@cs ὁ@dnmp ὁ@danp ὅμοιος@ananp- πράσσω@vnpa-- ἐθέλω@vppanmp μή@b δείδω@vsra3p ἄλλος@rpnmp δέ@b μείρομαι@vpreafs εἰσηγέομαι@viam3p ὁ@dafs λέγω3@vppeafs γένεσις@nafsc παρά@p ὅς@rpafs μηδείς@rpans πάσχω@vnpa-- τις@rpams ἤ1@cs ποιέω@vnpa-- δύναμαι@vnpe-- νομίζω@vpaanms γάρ@b τις@rpncs ὅτι@cs παρά@p γένεσις@nafsc οὐδείς@rpnms οὐ@b τε@cs ποιέω@vnpa-- οὐ@b τε@cs πάσχω@vnpa-- ἔχω@vipa3s ῥᾴδιος@b ἐπί@p ὁ@dans ἁμαρτάνω@vnpa-- ἔρχομαι@vipe3s καί@cs ἁμαρτάνω@vpaanms οὐ@b μεταμελέομαι@vipe3s ἐπί@p ὅς@rpdnp ἀσεβέω@vira3s ἄλλος@rpnmp δέ@b ἀπρονόητος@anafs- φορά@nafsc εἰσηγέομαι@vipe3p ὡς@b αὐτόματος@b ὁ@dgmp πᾶς@angmp- περιφέρω@vppegmp οὐδείς@rpgms ἐφίστημι@vpragms δεσπότης@ngmsc οὗτος@rpanp δέ@b οὕτως@b νομίζω@vnpa-- ὡς@cs ἐρῶ@vira1p πᾶς@angfp- δόξα@ngfpc τυγχάνω@vipa3s εἰμί@vppanfs χαλεπός@annfss ὡς@b γάρ@b οὐ@b εἰμί@vppagms ὁ@dgms ἐφίστημι@vpragns καί@cs προνοέω@vppegms καί@cs ἕκαστος@andms- ὁ@dans κατά@p ἀξία@nafsc ἀπονέμω@vppagms πᾶς@anans- ὅς@rpans τις@anans- δύναμαι@vipe3p διά@p ὁ@dafs ἀφοβία@nafsc εὔκολος@b δράω@vipa3p ὅθεν@b οὐ@b ῥᾴδιος@b ὁ@dnmp ὁ@danp τοιοῦτος@rpanp φρονέω@vppanmp σωφρονίζω@vipe3p ὁ@dams γάρ@b ἐπέρχομαι@vppeams κίνδυνος@namsc οὐ@b προοράω@vipe3p"
"Ps-Clem.Petr._50","ὁ@dnms δέ@x ὁ@dgmp ὡς@cs σύ@rpnmp φημί@vipa2p βάρβαρος@ngmpc λόγος@nnmsc εὐσεβής@annmss εἰμί@vipa3s εἷς@anams- θεός@namsc καί@cs δημουργὸς@namsc ὅδε@rpgns ὁ@dgns πᾶς@angns- εἰσηγέομαι@vppenms ὁ@ddfs φύσις@ndfsc ἀγαθός@anams- καί@cs δίκαιος@anams- ἀγαθός@annns- μέν@b ὡς@cs μεταμέλομαι@vppedmp χαρίζομαι@vppeams ὁ@danp ἁμάρτημα@nanpc δίκαιος@annns- δέ@cs ὡς@cs ἕκαστος@andms- μή@b μετανοέω@vppadms κατά@p ἀξία@nafsc ὁ@dgnp πράσσω@vpregnp ἐπέξειμι@vppaams ἕκαστος@annms- γάρ@b προσδοκία@ndfsc ὁ@dgns κρίνω@vnfp-- ὑπό@p ὁ@dgms παντέφορος@angms- θεός@ngmsc πρός@p ὁ@dans σωφρονέω@vnpa-- μᾶλλον@b ὁ@dafs ὁρμή@nafsc λαμβάνω@vipa3s καί@cs ὁ@dnms σώφρων@b βιόω@vpranms ὁ@dgfs αἰώνιος@angfs- κωλάσεως@ngfsc λυτρωτός@vipe3s"
"Ps-Clem.Petr._51","περί@p δέ@b ἕκαστος@angms- ὁ@dgmp λέγω3@vppegmp θεός@ngmpc σύ@rpgmp ὁ@dafp ἀσεβής@anafp- πρᾶξις@nafpc εἰσηγέομαι@vppenms ὁ@dgms ζεύς@ngmsp καί@cs ποσειδῶν@ngmsp πλούτων@ngmsp τε@b καί@cs ἀπόλλων@ngmsp διόνυσος@ngmsp τε@b καί@cs ἡρακλῆς@ngmsp καί@cs ὁ@dgmp κατά@p εἷς@anams- ἕκαστος@anams- ὅς@rpgmp οὐ@b δέ@b αὐτός@rpnmp ἀγνοέω@vipa2p ἐκ@p παιδεία@ngfsc ἑλληνικός@angfs- ὁρμάω@vppenmp ὅς@rpamp παιδεύω@viap2p βίος@nampc ἵνα@cs ὡς@cs ζηλωτής@nnmpc ὁ@dgmp θεός@ngmpc ὁ@danp ὅμοιος@ananp- πράσσω@vspa2p ἀπό@p αὐτός@rpgms δέ@b ὁ@dgms βασιλικός@angmss ζεύς@ngmsp ἄρχω@vifm1s ὅς@rpgms ὁ@dnms μέν@b πατήρ@nnmsc κρόνος@nnmsp ὁ@danp ἴδιος@ananp- τέκνον@nanpc ὡς@cs λέγω3@vipa2p καταπίνω@vppanms ὁ@ddfs ἐκ@p ἀδάμας@angms- ἅρπη@ndfsc ὁ@dgms πατήρ@ngmsc οὐρανός@ngmsp ὁ@danp μόριον@nanpc θερίζω@vpaanms ὁ@dgfs πρός@p γονεύς@nampc εὐσέβεια@ngfsc καί@cs ὁ@dgfs πρός@p τέκνον@nanpc φιλία@ngfsc ὁ@ddmp ὁ@danp μυστικός@ananp- ὁ@dgmp θεός@ngmpc ζηλόω@vppadmp ὁ@dams ὑπογραμμὸς@anams- δείκνυμι@viaa3s αὐτός@annms- δέ@b ὁ@dnms ζεύς@nnmsp ὁ@dams αὐτός@rpgms πατήρ@namsc δέω1@vpaanms καταρρήγνυμι@viaa3s εἰς@p τάρταρος@namsp καί@cs ὁ@damp ἄλλος@anamp- κολάζω@vipa3s θεός@nampc ὁ@ddmp δέ@b ἀῤῥητουργέω@vnpa-- ἐθέλω@vppadmp ὁ@dafs μῆτις@nafsp γεννάω@vpaanms καταπίνω@viia3s εἰμί@viia3s δέ@b ὁ@dnfs μῆτις@nnfsp γονή@nnfsc βρέφος@nnnsc γάρ@x καταπίνω@vnaa-- ἀδύνατος@annns- ὑπέρ@p δέ@b ἀπολογία@ngfsc παιδεραστής@ngmpc γανυμήδης@namsp ἁρπάζω@vipa3s μοιχός@ndmpc δέ@b ὑπέρ@p μοιχεία@ngfsc βοηθέω@vppanms αὐτός@rpnms πολλάκις@b μοιχός@nnmsc εὑρίσκω@vipe3s ἀδελφοκτονέω@vnpa-- δέ@b προτρέπω@vipa3s ἀδελφή@ndfpc συνεισέρχομαι@vpaanms ἥρα@ndfsp καί@cs δημήτηρ@ndfsp καί@cs ὁ@ddfs οὐράνιος@andfs- ἀφροδίτη@ndfsp ὅς@rpafs τις@rpnmp δωδώνη@nafsp λέγω3@vipa3p ὁ@ddmp δέ@b θυγάτηρ@ndmpc μίγνυμι@vnpe-- βούλομαι@vppedmp περσεφόνη@ndfsp συνέρχομαι@vpranms παράδειγμα@nnnsc πονηρός@annns- ἐκ@p ὁ@dgmp μῦθος@ngmpc γίγνομαι@vipe3s ἄλλος@rpanp τε@b μυρίος@ananp- ἀσεβέω@vira3s ἵνα@cs ὑπό@p ὁ@dgmp δυσσεβής@angmp- διά@p ὁ@dafs ὑπερβάλλω@vppaafs ἀκρασία@nafsc θεός@nnmsc εἰμί@vnpa-- ὁ@dnms μῦθος@nnmsc δογματίζω@vsap3s ἰδιώτης@ndmpc περί@p ὁ@dgfp τοιοῦτος@angfp- ὑπόληψις@ngfpc ἀγανακτέω@vnpa-- μέτριος@b εὔλογος@annns- ὁ@ddmp δέ@b ἐκ@p παιδεία@ngfsc ὁρμάω@vprenms τίς@rpans δεῖ@vipa3s καί@b λέγω3@vnpa-- ὅς@rpgmp τις@rpncp γραμματικός@annmp- καί@cs σοφιστής@nnmpc ἀξιόω@vppanmp εἰμί@vnpa-- ὁ@dafp τοιοῦτος@anafp- πρᾶξις@nafpc θεός@ngmpc ἀξία@nafpc εἰμί@vnpa-- βεβαιόω@vifa3p αὐτός@rpnmp γάρ@b ἀκρατής@annmp- εἰμί@vppanmp οὗτος@angfs- ὁ@dgfs μυθικός@angfs- πρόφασις@ngfsc λαμβάνω@vpamnmp ὡς@cs δή@b μιμητής@nnmpc ὁ@dgmp κρείσσων@ang-pc ἄσεμνος@ananp- διαπράσσω@vppenmp παῤῥησιάζω@vipe3p διά@p οὗτος@rpans αὐτός@rpgmp πολύς@andns- ἐλάσσων@anansc ὁ@dnmp κατά@p ἀγρός@namsc βιάω@vppanmp ἐξαμαρτάνω@vipa3p οὐ@b εἰσάγω@vprenmp πονηρός@b διά@p ὅς@rpgmp εἰσάγω@viap3p ὁ@dnmp οὗτος@rpanp τολμάω@vppanmp ἐκ@p παιδεία@ngfsc κακός@angfs- ἀσεβέω@vnpa-- μανθάνω@vpranmp ὁ@dnmp γάρ@b ἐκ@p παῖς@ngcsc διά@p ὁ@dgmp τοιοῦτος@rpgmp μῦθος@ngmpc μανθάνω@vppanmp γράμμα@nanpc ἔτι@b ἁπαλός@angfs- εἰμί@vppagfs ὁ@dgfs ψυχή@ngfsc ὁ@dafp ὁ@dgmp λέγω3@vppegmp θεός@ngmpc ἀσεβής@anafp- πρᾶξις@nafpc εἰς@p ὁ@dams αὐτός@rpgmp συμφωρέω@vipa3p νόος@namsc ὅθεν@b ἐπί@p αὐξάνω@vpapgfs ὁ@dgfs ἡλικία@ngfsc ὡς@cs κακός@annnp- σπέρμα@nnnpc καταβάλλω@vpapnnp ὁ@ddfs ψυχή@ndfsc τελεσφορέω@vipa3p καί@cs ὁ@dnns πᾶς@angnp- χαλεπός@annnss ὅτι@cs οὐ@b δέ@cs ἐκκόπτω@vnap-- ῥᾴδιος@b εἰμί@vipa3s ὁ@danp ῥιζόω@vpreanp ἀσέβημα@nanpc διό@b χρή@vipa3s καί@b ὁ@damp νέος@anamp- μή@b ὁ@ddnp διαφθείρω@vppadnp ἀρκέω@vnpe-- μάθημα@ndnpc καί@cs ὁ@damp ἐπί@p ὁ@dgfs ἀκμή@ngfsc εἰμί@vppaamp ἐπιμελής@b ὑποστέλλω@vnpe-- ὁ@dgfs ὁ@dgmp ἕλλην@ngmpp ἐπακούω@vnpa-- μυθέομαι@ngfsc πολύς@anans- γάρ@b ἀμαθία@ngfsc χείρων@annnpc εἰμί@vipa3s ὁ@dnnp παρά@p αὐτός@rpdmp μάθημα@nnnpc τις@rpncp δέ@b ὁ@dgmp παρά@p αὐτός@rpdmp πᾶς@ananp- ὁ@danp ἁμάρτημα@nanpc ἀδιάφορος@ananp- λέγω3@vipa3p γέλοιος@annns- δέ@cs οὕτως@b ὑπολαμβάνω@vnpa-- ὁ@damp ὁ@danp τοιοῦτος@rpanp λέγω3@vppaamp ἦ@b γάρ@x οὐ@b ἐκ@p μοιχεία@ngfsc ἀνακύπτω@vipa3p βίος@ngmpc περιγραφή@nnfpc οἶκος@ngmpc κατάλυσις@nnfpc μαγεία@nnfpc δόλος@nnmpc ἀπορία@nnfpc καί@cs ἄλλος@rpnnp πλείων@annnpc κακός@annnp- ἐνδέχομαι@vipe3s γάρ@b συνήθεια@ndfsc ὁ@ddfs πρός@p ὁ@dams μοιχός@namsc ἤ1@cs ὁ@dams ἀνήρ@namsc ἀπολιμπάνω@vnaa-- ἤ1@cs καί@cs συνοικέω@vppaafs ἐπιβουλεύω@vnaa-- ἤ1@cs ὁ@danp ὁ@dgms ἀνήρ@ngmsc κόπος@ndmsc πορίζω@vpreanp ὁ@ddms μοιχός@ndmsc παρέχω@vnaa-- καί@cs ἀποτρέχω@vpaaafs ἐκ@p ὁ@dgms ἀνήρ@ngmsc συλλαμβάνω@vppaafs ἐκ@p ὁ@dgms μοιχός@ngmsc καί@cs διά@p ὁ@dans αἰδέομαι@vnpe-- ὁ@dams ἔλεγχος2@namsc ὁ@dans κατά@p γαστήρ@ngfsc φθείρω@vnaa-- ἐθέλω@vnpa-- καί@cs γίγνομαι@vnam-- τεκνοκτόνος@anams- ἤ1@cs καί@b φθείρω@vppaafs συμφθείρω@vnap-- εἰ@cs δέ@b σύνειμι1@vppagms ὁ@dgms ἀνήρ@ngmsc ἐκ@p μοιχός@ngmsc συλλαμβάνω@vpaanfs τίκτω@voaa3s παιδεύω@vpapnms ὁ@dnms παῖς@nncsc ὁ@dams μέν@b πατήρ@namsc ἀγνοέω@vipa3s ὁ@dams δέ@b οὐ@b εἰμί@vppaams νομίζω@vipa3s καί@cs οὕτως@b ὁ@dnms μή@b πατήρ@nnmsc τελευτάω@vppanms ἀλλότριος@andms- παῖς@ndmsc ὁ@dams ἑαυτοῦ@rpgms καταλείπω@viaa3s βίος@namsc πόσος@ananp- δέ@b καί@b ἄλλος@rpanp κακός@ananp- ἐκ@p ὁ@dgfs μοιχεία@ngfsc φυσικός@b ἀνακύπτω@vnpa-- φιλέω@vipa3s καί@cs οὐ@b οἶδα@vira1p ὁ@danp κρύφιος@ananp- ὁ@dgnp κακός@angnp- ὥσπερ@cs γάρ@b ὁ@dnms λυσσάω@vppanms κύων@nnmsc οὗτος@rpamp ἀναιρέω@vipa3s ὅς@rpafs ἄν@b ψαύω@vsaa3s ὁ@dgfs ἀφανής@angfss λύσσα@ngfsc μεταδίδωμι@vppanms οὕτως@b καί@cs ὁ@dgfs μοιχεία@ngfsc ὁ@dnns κρύφιος@annns- κακός@annns- ἐκεῖνος@rpans δέ@b πᾶς@annmp- οἶδα@vira1p ὡς@cs ἐπίπαν@b ἐπί@p οὗτος@rpans ὁ@damp ἀνήρ@nampc ἀνεπίσκεπτος@b δυσχεραίνω@vppaamp πόλεμος@nampc τε@b ἐπί@p οὗτος@rpgnp ἐγείρω@vpreamp καί@b οἶκος@ngmpc γίγνομαι@vpamafp ἀνατροπή@nafpc καί@b πόλις@ngfpc ἅλωσις@nafpc καί@cs ἄλλος@ananp- μυρίος@nanpc διά@p οὗτος@rpans ἐγώ@rpnms ὁ@ddms μόνος@andms- ἀγαθός@andms- θεός@ndmsc προσφεύγω@viaa1s ἀποδίδωμι@vpranms ὁ@dafs πίστις@nafsc ἀσφαλής@andfs- ὁ@ddfs κρίσις@ndfsc ὅτι@cs ἐκ@p ὁ@dgfs ὁ@dgms θεός@ngmsc δίκαιος@ngfsc κρίσις@ngfsc καί@cs νόμος@nnmsc ὁρίζω@vire3s καί@cs ὁ@dnfs ψυχή@nnfsc πάντως@b ὁ@dans κατά@p ἀξία@nafsc ὅς@vppaans πράσσω@viaa3s ὅπου@b δήποτε@b ἀπολαμβάνω@vipa3s"
"Ps-Clem.Petr._52","οὗτος@rpanp ἐγώ@rpgms εἶπον@vpaagms ὁ@dnms ἄππιος@nnmsp ἐπιφέρω@viaa3s ὁ@ddms λόγος@ndmsc τίς@rpnns γάρ@b οὐ@b καί@b ὁ@dnmp ἕλλην@ngmpp νόμος@nnmpc οὗτος@rpanp ἀπαγορεύω@vipa3p καί@cs ὁ@damp μοιχός@nampc κολάζω@vipa3p καί@b ἐγώ@rpnms φημί@viia1s οὐκοῦν@b ὁ@dnmp ἕλλην@ngmpp θεός@nnmpc ὁ@danp ἐναντίος@ananp- ὁ@ddmp νόμος@ndmpc πράσσω@vpaanmp κόλασις@nafsc ὀφείλω@vipa3p πῶς@b δέ@b παιδεύω@vnpa-- ἐμαυτοῦ@rpams δύναμαι@vifm1s ὑπολαμβάνω@vppanms ὅτι@cs ὁ@dnmp θεός@nnmpc αὐτός@annmp- πρῶτος@annmp- ἅμα@p ὁ@ddfs μοιχεία@ndfsc ὁ@danp χαλεπός@ananp- πᾶς@ananp- διαπράσσω@viam3p καί@cs δίκη@nafsc οὐ@b δίδωμι@vira3p οὗτος@rpdfs μᾶλλον@b ὀφείλω@vppanmp δίδωμι@vnpa-- ὡς@cs μή@b δουλεύω@vppanmp ἐπιθυμία@ndfsc εἰ@cs δέ@b ὑπόκειμαι@viie3p πῶς@b εἰμί@viia3p θεός@nnmpc καί@b ὁ@dnms ἄππιος@nnmsp εἰμί@vmpa3p ἐγώ@rpdmp σκοπός@nnmpc μηκέτι@b θεός@nnmpc ἀλλά@cs ἤ1@cs δικαστής@nnmpc εἰς@p ὅς@rpamp ἀφοράω@vppanmp φοβέω@vifp1p ἁμαρτάνω@vnpa-- καί@b ἐγώ@rpnms φημί@viia1s οὐ@b εἰμί@vipa3s ὅμοιος@annns- ὦ@i ἄππιος@nvmsp ὁ@dnms μέν@b γάρ@b πρός@p ἄνθρωπος@nafsc ἔχω@vppanms ὁ@dams σκοπός@namsc ἐλπίς@ndfsc ὁ@dgns λανθάνω@vnaa-- τολμάω@vifa3s ἁμαρτάνω@vnpa-- ὁ@dnms δέ@b θεός@namsc παντεπόπτης@namsc ὁ@ddfs ἑαυτοῦ@rpgms ψυχή@ndfsc ὁρίζω@vpamnms οἶδα@vpranms αὐτός@rpams λανθάνω@vnaa-- μή@b δύναμαι@vnpe-- καί@b ὁ@dans λάθρῃ@nanpc ἁμαρτάνω@vnaa-- παραιτέομαι@vifm3s"
"Ps-Clem.Petr._53","οὗτος@rpanp ὁ@dnms ἄππιος@nnmsp ἀκούω@vpaanms φημί@viia3s οἶδα@vila1s ἐκ@p ὅτε@cs ἀκούω@viaa1s χριστιανός@ndmpp σύ@rpams προσομιλέω@vppaams ἀλλοιόω@vnre-- ὁ@dafs γνώμη@nafsc καλός@b γάρ@b ἐρῶ@vire3s τις@rpdms φθείρω@vipa3p ἦθος@nanpc χρηστός@ananp- ὁμιλία@nnfpc κακός@annfp- καί@b ἐγώ@rpnms φημί@viia1s οὐκοῦν@b ἐπανορθόω@vipa3p ἦθος@nanpc μή@b χρηστός@ananp- ὁμιλία@nnfpc καλός@annfp- οὗτος@rpanp μον@ngmsc εἶπον@vpaagms ὁ@dnmp πάρειμι1@vppanmp φανερός@annmp- εἰμί@viia3p ἀρχή@nafsc λαμβάνω@vppanmp ὁ@dgfs πρός@p ὁ@damp ὑπό@p ἑός@angms- λέγω3@vpapamp λόγος@nampc ἀγάπη@ngfsc καί@b γάρ@b συνεχής@b καί@cs σπουδάζω@b ἀξιόω@vppanmp ἐγώ@rpams πάντως@b ὁ@ddfs ὑστεραῖος@andfs- ἔρχομαι@vnaa-- ἀπαλλάσσω@viaa3p ὁ@ddfs δέ@b ἐπαύριον@b προέρχομαι@vppadms ὁ@ddms πέτρος@ndmsp ἀπαντάω@viia3p πλησιόχωρος@nnmpc τε@b οὐ@b ὀλίγος@annmp- καί@cs αὐτός@angfs- τύρος@ngmsp παμπολύς@annmp- καί@cs φωνέω@viia3p λέγω3@vppanmp ὁ@dnms θεός@nnmsc διά@p σύ@rpgcs ἐγώ@rpamp ἐλεέω@vmpa3s διά@p σύ@rpgcs θεραπεύω@vmpa3s ὁ@dnms δέ@b πέτρος@nnmsp ἵστημι@viaa3s ἐπί@p λίθος@ngmsc τις@angms- ὑψηλός@angms- πρός@p ὁ@dans δύναμαι@vnpe-- πᾶς@andmp- ὁράω@vnpe-- καί@cs προσαγορεύω@vpaanms θεοσεβής@andms- νόμος@ndmsc οὕτως@b ἄρχω@viam3s"
"Ps-Clem.Petr._54","θεός@rpdms ὁ@ddms ποιέω@vpaadms ὁ@dams οὐρανός@namsc καί@cs ὁ@dafs γῆ@nafsc καί@cs ὁ@dafs θάλασσα@nafsc οὐ@b λείπω@vipa3s πρόφασις@nnfsc πρός@p σωτηρία@nafsc ὁ@dgmp σώζω@vnpe-- ἐθέλω@vppagmp δυνατός@annms- γάρ@b εἰμί@vipa3s καί@cs ὁ@dafp ψυχή@nafpc ἐγώ@rpgcp καί@cs ὁ@danp σῶμα@nanpc σώζω@vnaa-- μανθάνω@vipa1s οὖν@b ὡς@cs βουθυτέω@vpaanms σίμων@nnmsp ὁ@dnms μάγος@nnmsc ἑστιάω@viaa3s σύ@rpamp ἐν@p μέσος@andfs- ὁ@ddfs ἀγορά@ndfsc καί@cs οἶνος@ndmsc πολύς@andms- κορέννυμι@vpaanms ὀλέθριος@andnp- πάθος@ndnpc καί@cs δαίμων@ndmpc παραδίδωμι@vira3s ἀλλά@b ὥσπερ@cs οὖν@b ὁ@dgnp δαίμων@ndmpc ἀποδίδωμι@vpregnp θῦμα@ngnpc μεταλαμβάνω@vpaanmp ὁ@ddms ὁ@dgfs κακία@ngfsc ἡγεμών@ndmsc καταδουλόω@viap2p οὕτως@b ἄν@b οὗτος@rpgnp παύω@vpamnmp ὁ@ddms θεός@ndmsc διά@p ὁ@dgms κύριος@ngmsc ἐγώ@rpgcp ἰησοῦς@ngmsp χριστός@ngmsp προσάγω@vsap2p εὖ@b οἶδα@vmra2p ὅτι@cs σύν@p ὁ@ddfs ὁ@dgns σῶμα@ngnsc ἴασις@ndfsc καί@b ὁ@dafp ψυχή@nafpc ὑγιαίνω@vppaafp ἔχω@vifa2p ὁ@danp ὁ@ddms θεός@ndmsc ἀρέσκω@vppaanp ἀναδέχομαι@vpamnmp εἰμί@vipa3s δέ@b ὁ@dnnp ἀρέσκω@vppannp ὁ@ddms θεός@ndmsc ὁ@dnns αὐτός@rpdns προσεύχομαι@vnpe-- τράπεζα@ngfsc δαιμόνιον@angnp- ἀπέχω@vnpe-- μή@b ψαύω@vnpa-- αἷμα@ngnsc ἐκ@p πᾶς@angms- μολυσμός@ngmsc ἀσπίλος@anamp- ἑαυτοῦ@rpamp διατηρέω@vnpa-- ἐν@p πολύς@andnp- σῶμα@ndnpc εἷς@ γνώμη@nafsc ἀναλαμβάνω@vpaaamp ὅσπερ@rpanp ἕκαστος@annms- ἑαυτοῦ@rpdms ἐθέλω@vipa3s ὁ@danp αὐτός@rpanp βουλεύω@vmpe3s καί@b ὁ@ddms πλησίος@b οὐ@b ἐθέλω@vipa2s φονεύω@vnap-- ἕτερος@anans- μή@b φονεύω@vsaa2s οὐ@b ἐθέλω@vipa2s ὁ@dafs σός@anafs- ὑπό@p ἕτερος@angms- μοιχεύω@vnap-- γυνή@nafsc ὁ@dafs ἕτερος@angms- μή@cs μοιχεύω@vmpa2s γαμετή@nafsc οὐ@b ἐθέλω@vipa2s τις@rpans ὁ@dgnp σός@angnp- κλέπτω@vnap-- ἕτερος@angms- μή@cs κλέπτω@vmpa2s μηδείς@nansc καί@b οὕτως@b ἀπό@p σύ@rpgmp αὐτός@angmp- ὁ@dans εὔλογος@anans- συννοέω@vppanmp καί@cs ποιέω@vppanmp θεός@ndmsc προσφιλής@annmp- γίγνομαι@vpamnmp ἐπιτυγχάνω@vsam2p ὁ@dgfs ἴασις@ngfsc"
"Ps-Clem.Petr._55","τοιοῦτος@rpanp ὑπό@p ὁ@dgms πέτρος@ngmsp ἐν@p ὀλίγος@andfp- ἡμέρα@ndfpc κατηχέω@vpapnmp καί@cs ἰάομαι@vpapnmp ἅπας@annmp- βαπτίζω@viap3p ὁ@dnmp δέ@b σιδώνιος@nnmpp οὗτος@rpanp ἀκούω@vpaanmp ἱκέτης@nampc πρός@p ὁ@dams πέτρος@namsp ἀποστέλλω@viaa3p ἔρχομαι@vnaa-- πρός@p αὐτός@rpamp αὐτός@rpnmp γάρ@b διά@p ὁ@dafp νόσος@nafpc πρός@p αὐτός@rpams ἔρχομαι@vnaa-- οὐ@b ἰσχύω@viia3p ὁ@dnms πέτρος@nnmsp δέ@b ἡμέρα@ngfpc οὐ@b πολύς@angfp- ἐνδιατρίβω@vpaanms ὁ@ddfs τύρος@ndfsp καί@cs παντοδαπής@angnp- αὐτός@rpamp ἀπαλλάσσω@vpaanms πάθος@ngnpc ἐκκλησία@nafsc τε@b συνίστημι@vpamnms καί@cs ἀπό@p ὁ@dgmp ἕπομαι@vppegmp αὐτός@rpdms πρέσβυς@angmpc ἐπίσκοπος@namsc αὐτός@rpdmp καθίστημι@vpaanms ὁρμάω@viaa3s εἰς@p σιδῶν@nafsp σίμων@nnmsp δέ@b ὁ@dnms μάγος@nnmsc μανθάνω@vpaanms ἥκω@vppaams ὁ@dams πέτρος@namsp εὐθύς2@b ἀποδιδράσκω@viaa3s εἰς@p βηρυτός@namsp μετά@p ἀππίων@ngmsp καί@cs ὁ@dgmp ἑαυτοῦ@rpgms ἑταῖρος@ngmpc"
"Ps-Clem.Petr._56","ὁ@dgms δέ@b πέτρος@ngmsp εἰσέρχομαι@vppagms εἰς@p ὁ@dafs σιδῶν@nafsp πολύς@anamp- ἐν@p κλίνη@ndfpc φέρω@vppanmp πρό@p αὐτός@rpgms τίθημι@viia3p ὁ@dnms δέ@b πρός@p αὐτός@rpamp φημί@viia3s μή@b τοίνυν@b νομίζω@vsaa2p ἐγώ@rpams τις@rpans δύναμαι@vnpe-- πρός@p ὑμέτερος@anafs- ἴασις@nafsc ἀνήρ@namsc θνητός@anams- καί@cs αὐτός@anams- πολύς@andnp- πάθος@ndnpc ὑποπίπτω@vnaa-- δύναμαι@vppeams ὑφηγέομαι@vnam-- δέ@b σύ@rpdmp ὁ@dams τρόπος@namsc διά@p ὅς@rpgms σώζω@vnap-- δύναμαι@vifm2p οὐ@b φθονέω@vipa1s καί@b αὐτός@annms- παρά@p ὁ@dgms κύριος@ngmsc ἐγώ@rpgmp ἰησοῦς@ngmsp χριστός@ngmsp μανθάνω@vpaanms ὁ@damp προορίζω@vpreamp ὁ@dgms θεός@ngmsc πρό@p καταβολή@ngfsc κόσμος@ngmsc ὁρισμός@nampc τοιοῦτος@rpanp καί@b ἐν@p ὁ@ddfs σιδών@ndfsp ὁ@dgms πέτρος@ngmsp παραινέω@vppagms ἐν@p ἡμέρα@ndfpc ὀλίγος@andfp- πολύς@angmp- καί@b ἐκεῖ@b μετανοέω@vpaagmp καί@b πιστεύω@vpaagmp καί@cs θεραπεύω@vpapgmp ἐκκλησία@nafsc συνίστημι@viaa3s καί@cs ὁ@dgmp συνεπίστρατεύω@vpamgmp αὐτός@rpdms πρέσβυς@angmpc τις@rpams καθίστημι@vpaanms αὐτός@rpdmp ἐπίσκοπος@namsc ἐξήημι@viia3s ὁ@dgfs σιδών@ngfsp"
"Ps-Clem.Petr._57","ὡς@cs δέ@b εὐθύς2@b ἐπιβαίνω@viaa3s ὁ@dgfs βηρυτός@ngfsp σεισμός@nnmsc γίγνομαι@viam3s καί@b ὁ@dnmp ὄχλος@nnmpc πρόσειμι1@vppanmp ὁ@ddms πέτρος@ndmsp βοηθέω@viia3s λέγω3@viia3p φοβέω@vire1p γάρ@b φημί@viia3p μή@cs ἄρα@b ἄρδην@b πᾶς@annmp- ἀπόλλυμι@vspe1p τότε@b ὁ@dnms σίμων@nnmsp τολμάω@vpaanms ἅμα@p ὁ@ddms ἀππίων@ndmsp καί@b ἀνουβίων@ndmsp καί@b ἀθηνόδωρος@ndmsp καί@cs ὁ@ddmp λοιπός@andmp- ἑταῖρος@ndmpc αὐτός@rpgms δημοσίᾳ@b ὁ@ddmp ὄχλος@ndmpc κατά@p ὁ@dgms πέτρος@ngmsp βοάω@viia3s φεύγω@vmpa2p ἀνήρ@nvmpc ὁ@dams ἀνήρ@namsc οὗτος@rpams μάγος@nnmsc εἰμί@vipa3s πιστεύω@vmaa2p καί@cs ὁ@dams σεισμός@namsc αὐτός@rpnms ποιέω@viaa3s ἐν@p σύ@rpdmp καί@cs ὁ@dafp νόσος@nafpc κινέω@viaa3s αὐτός@rpnms ἵνα@cs σύ@rpamp καταπλήσσω@vsam3s ὡς@cs νομίζω@vnap-- θεός@nnmsc ἡσυχία@nafsc δέ@b παρέχω@vpaagms ὁ@dgms λαός@ngmsc ὁ@dnms πέτρος@nnmsp βραχύς@anans- ὑπογελάω@vpaanms καταπληκτικός@andfs- ὁ@ddfs παρρησία@ndfsc λέγω@viaa3s ἀνήρ@nvmpc ὅσπερ@rpanp οὗτος@rpnmp λέγω3@vipa3p θεός@ngmsc ἐθέλω@vppagms ποιέω@vnpa-- δυνατός@annms- εἰμί@vnpa-- ὁμολογέω@vipa1s πρός@p δέ@b οὗτος@rpdnp ἑτοῖμος@annms- εἰμί@vipa1s ἐάν@cs μή@b πείθω@vspa2p ἐγώ@rpdcs περί@p ὅς@rpgnp λέγω3@vipa1s ὁ@dafs πᾶς@anafs- σύ@rpgcp ἐκβαθρεύω@vnaa-- πόλις@nafsc"
"Ps-Clem.Petr._58","ὁ@dgmp δέ@b ὄχλος@ngmpc φοβέω@vpapgmp καί@cs πρόθυμος@b ἐπαγγέλλω@vppegmp ὁ@danp ὑπό@p αὐτός@rpgms κελεύω@vppeanp πράσσω@vnpa-- ὁ@dnms πέτρος@nnmsp φημί@viia3s μηδείς@rpnms σύ@rpgmp ὁμιλέω@vmpa3s ὁ@ddmp μάγος@andmp- μή@b τε@cs ἀναμίγνυμι@vmpe3s ὁ@dnmp δέ@b ὄχλος@nnmpc ἅμα@p ὁ@ddns ἀκούω@vnaa-- ὁ@dgns κέλευμα@ngnsc σύντομος@b ξύλον@nanpc λαμβάνω@vpaanmp καί@cs τύπτω@vpaanmp ὁ@damp περί@p ὁ@dams σίμων@namsp διώκω@viia3p αὐτός@rpamp ἕως@cs παντελής@b ὁ@dgfs πόλις@ngfsc ἐξελαύνω@viaa3p καί@b εἰσέρχομαι@vpaanmp ὁ@dnmp νοσέω@vppanmp αὐτός@rpgmp καί@cs δαιμονάω@vppanmp καί@cs πᾶς@annms- ὁ@dnms ὄχλος@nnmsc γονυπετής@annms- πρό@p ὁ@dgmp αὐτός@rpgms κεῖμαι@viie3p πούς@ngmpc ὁ@rpnms δέ@b εἰς@p οὐρανός@namsc αἴρω@vpaanms ὁ@dafp χείρ@nafpc καί@cs ὁ@ddms θεός@ndmsc προσεύχομαι@vpamnms ἰάομαι@viam3s ὁ@damp πᾶς@anamp- ἐκ@p μόνος@angfs- εὐχή@ngfsc οὐ@b ὀλίγος@anafp- δέ@b ἡμέρα@nafpc παραμένω@vpaanms ὁ@ddmp τύριος@ndmpp καί@cs πολύς@anamp- ὁ@ddfs εἰς@p ὁ@dams πατήρ@namsc καί@b υἱός@namsc καί@cs ἅγιος@anans- πνεῦμα@nansc πίστις@ndfsc κατορθόω@vpaanms καί@cs βαπτίζω@vpaanms ἀπό@p ὁ@dgmp ἕπομαι@vppegmp αὐτός@rpdms πρέσβυς@angmpc εἷς@anams- ἐπίσκοπος@namsc αὐτός@rpdmp καθίστημι@vpaanms εἰς@p ὁ@dafs βύβλος@nafsp ἔξειμι2@viia3s"
"Ps-Clem.Petr._59","καί@b γίγνομαι@vpamnms ἐκεῖ@b καί@cs μανθάνω@vpaanms ὅτι@cs σίμων@nnmsp εἰς@p τρίπολις@nafsp ὁρμάω@viaa3s διά@p ὀλίγος@angfp- ἡμέρα@ngfpc αὐτός@rpdmp ἐπιμένω@vpaanms καί@b θεραπεύω@vpaanms πολύς@anamp- καί@cs ὁ@ddfp βίβλος@ndfpc αὐτός@rpamp ἐνασκέω@vpaanms κατά@p ἴχνος@nansc ὁ@dgms σίμων@ngmsp εἰς@p ὁ@dafs τρίπολις@nafsp πορεύω@viie3s μεταδιώκω@vnpa-- αὐτός@rpams μᾶλλον@b οὐ@b ὑποφεύγω@vnpa-- προαιρέω@vprenms εἰς@p δέ@b ὁ@dafs τριπολις@nafsp εἴσειμι@vppadms ὁ@ddms πέτρος@ndmsp ὁ@dnmp φιλομαθής@annmpc ἐκ@p τε@b ὁ@dgfs τύρος@ngfsp καί@b σιδών@ngfsp καί@b βηρυτός@ngfsp καί@cs βύβλος@ngfsp πολύς@annmp- συνεισέρχομαι@viaa3p οὐ@b ἥκιστος@ananp- δέ@b ὁ@dgmp ἐπί@p αὐτός@angfs- ὁ@dgfs πόλις@ngfsc ὄχλος@ngmpc συνδρομή@nnfpc γίγνομαι@viie3p ἱστορέω@vnpa-- βούλομαι@vppegmp αὐτός@rpams συντυγχάνω@viia3p οὖν@b ὑπό@p αὐτός@rpgms ἐκπέμπω@vpapnmp ἀδελφός@nnmpc διηγέομαι@vppenmp ὁ@danp κατά@p ὁ@dafs πόλις@nafsc καί@cs ὁ@danp πράσσω@vppeanp παρά@p σίμων@ndmsp ἀκριβής@b ἀποδείκνυμι@vpamnmp τε@b ἐγώ@rpamp ἐπί@p ὁ@dafs μάρων@ngmsp ἄγω@viia3p οἰκία@nafsc"
"Ps-Clem.Petr._60","ὁ@dnms δέ@b πέτρος@nnmsp ἐπί@p αὐτός@andms- ὁ@ddms ὁ@dgfs ξενία@ngfsc πυλών@ndmsc ἤδη@b γίγνομαι@vpranms ἐπιστρέφω@vpapnms ὁ@ddmp ὄχλος@ndmpc ὑπισχνέομαι@viam3s αὔριον@b περί@p θεοσεβεία@ngfsc αὐτός@rpdmp διαλέγω@vnap-- εἰσέρχομαι@vpaagms δέ@b αὐτός@rpgms φημί@viia3s πρός@p ἐγώ@rpamp μή@b μεταλαμβάνω@vnfm-- πρότερος@anans- αὐτός@rpnms τροφή@ngfsc πρίν@b ἤ1@cs ὁ@damp συνέρχομαι@vpraamp αὐτός@rpdms διαναπαύω@vsaa3s ἀποκρίνω@vppegmp δέ@b ἐγώ@rpgmp ὅτι@cs σπουδή@ndfsc πᾶς@anamp- αὐτός@rpamp διαναπαύω@vifa1p ὁ@dnms πέτρος@nnmsp ἀκούω@vpaanms καί@cs εὐλογέω@vpaanms ἐγώ@rpamp ἐξέρχομαι@viaa3s καί@b θάλασσα@ndfsc λούω@vpamnms εἰσέρχομαι@vpaanms καί@cs σιτίον@ngnpc σύν@p ὁ@ddmp πρόοδος@ndmpc μεταλαμβάνω@vpaanms ἑσπέρα@ngfsc καταλαμβάνω@vpaagfs ὑπνόω@viaa3s"
"Ps-Clem.Petr._61","ὑπό@p δέ@b ὁ@dafp δευτεραῖος@anafp- ὁ@dgmp ἀλεκτρυών@ngmpc φωνή@nafpc διϋπνίζω@vpapnms ὁ@dnms πέτρος@nnmsp εὑρίσκω@viaa3s ἐγώ@rpamp ἐγείρω@vpraamp εἰμί@viia1p δέ@b σύν@p αὐτός@rpdms ὁ@dnmp πᾶς@annmp- ἑξκαίδεκα@an---- αὐτός@annms- ὁ@dnms πέτρος@nnmsp καί@b ἐγώ@rpnms κλήμης@nnmsp νικήτης@nnmsp τε@b καί@cs ἀκύλας@nnmsp καί@cs ὁ@dnmp προοδεύω@vpaanmp δώδεκα@an---- προσαγορεύω@vpaanmp οὖν@b ἀλλήλων@rpamp εἰσέρχομαι@viia3s τις@rpnms ὁ@dgmp συνήθης@angmp- ἀπαγγέλλω@vppanms πέτρος@ndmsp ὅτι@cs σίμων@nnmsp ὁ@dnms μάγος@nnmsc μανθάνω@vpaanms σύ@rpams ἐπιδημέω@vpaaams ὁ@dafs ἐπί@p συρία@nafsp ὁρμάω@viaa3s ὁδός@nafsc ὁ@dnmp δέ@b ὄχλος@nnmpc ὁ@dafs εἷς@anafs- οὗτος@anafs- νύξ@nafsc ὡς@b ἐνιαυτός@ngmsc χρόνος@namsc ἡγέομαι@vpamnmp καί@cs ἀναμένω@vnpa-- ὁ@dafs δίδωμι@vpapafs ὑπό@p σύ@rpgms προθεσμία@nafsc μή@b δύναμαι@vppenmp πρό@p ὁ@dgfp θύρα@ngfpc ἵστημι@vira3p κατά@p σύστασις@nafpc καί@cs σύλλογος@nampc ἀλλήλων@rpdmp περί@p ὁ@dgfs ὁ@dgms σίμων@ngmsp διαβολή@ngfsc διαλαλέω@vppanmp ὅτι@cs μετεωρίζω@vpaanms αὐτός@rpamp καί@cs ἐπί@p πολύς@andnp- κακός@andnp- σύ@rpams ἐλέγχω@vnfa-- ἔρχομαι@vpaaams ὑπισχνέομαι@vpamnms ἐπιδημέω@vpaaams γιγνώσκω@vpaanms νύκτωρ@b φεύγω@viaa3s πλήν@b ἐπιθυμέω@vipa3p αὐτός@rpnmp ἀκούω@vnaa-- σύ@rpgms"
"Ps-Clem.Petr._62","καί@cs ὁ@dnms πέτρος@nnmsp θαυμάζω@vpaanms ὁ@dgmp ὄχλος@ngmpc ὁ@dafs σπουδή@nafsc ἀποκρίνω@viam3s ὁράω@vipa2p ἀδελφός@nvmpc πῶς@b ὁ@dnmp ὁ@dgms κύριος@ngmsp ἐγώ@rpgmp λόγος@nnmpc ἐμφανής@b τελέω@vipe3p μιμνήσκω@vire1s γάρ@b αὐτός@rpgms εἶπον@vpaagms πολύς@annmp- ἔρχομαι@vifm3p ἀπό@p ἀνατολή@ngfpc καί@cs δυσμή@ngfpc καί@b νότος@vipa3s καί@cs θάλασσα@ngfsc καί@cs ἀνακλίνω@vifp3p μετά@p ἀβραάμ@ngmsp καί@b ἀβραάμ@ngmsp καί@cs ἰακὼβ@nafsp ἀλλά@b καί@b πολύς@annmp- φημί@vipa3s κλητός@annmp- ὀλίγος@annmp- δέ@cs ἐκλεκτός@annmp- καί@cs ὁ@dnns μέν@b οὖν@b ἔρχομαι@vnaa-- οὐ@b αὐτός@rpgmp εἰμί@vipa3s ἴδιος@annns- ἀλλά@cs ὁ@dgms καλέω@vpaagms αὐτός@rpamp θεός@ngmsc ἐάν@cs δέ@b μετά@p ὁ@dans καλέω@vnap-- καλός@ananp- πράσσω@vsaa3p ὅσπερ@rpnns αὐτός@rpgmp εἰμί@vipa3s ἴδιος@annns- τότε@b ἐπί@p οὗτος@rpdns μισθός@namsc ἔχω@vifa3p ὁ@dnms δέ@b ὁ@dams πολύς@anams- ὄχλος@namsc εἶδον@vpaanms ὥσπερ@cs ποταμός@ngmsc ἥσυχος@anans- ῥεῦμα@nansc πρᾶος@b προσρέω@vppaams φημί@viia3s ὁ@ddms μαροώνη@ndmsp ποῦ@b σύ@rpdcs τόπος@nnmsc ἐνταῦθα@b ὁ@damp ὄχλος@nampc χωρέω@vnpa-- δύναμαι@vppenms ὁ@dgms δέ@b μαροώνος@ngmsp εἰς@p ὁ@dams ὕπαιθρος@namsc καί@cs φιλανθρωπεύω@vpreams τόπος@namsc προάγω@vppagms ἕπομαι@viie3p ὁ@dnmp ὄχλος@nnmpc"
"Ps-Clem.Petr._63","ὁ@dnms δέ@b πέτρος@nnmsp ἐπί@p τις@rpg-s βάσις@ngfsc ἀνδριάς@vppagms οὐ@b πάνυ@b ὑψηλός@angfs- ἐφίστημι@vppanms ἅμα@p ὁ@ddns ὁ@dams ὄχλος@namsc θεοσεβής@andns- ἔθος@ndnsc προσαγορεύω@vnaa-- εἶδον@vpaanms πολύς@anamp- ἐκ@p ὁ@dgmp παρίστημι@vpragmp ὄχλος@ngmpc ὑπό@p δαίμων@ngmpc τε@b καί@cs παντοῖος@angnp- πάθος@ngnpc ἐκ@p πολύς@angmp- χρόνος@ngmpc ἐνοχλέω@vppeamp βρύχω@vppaamp τε@b μετά@p οἰμωγή@ngfsc καί@cs πίπτω@vppaamp μετά@p ἱκεσία@ngfsc ἐπιτιμάω@vpaanms αὐτός@rpdmp καί@cs ἡσυχία@nafsc ἔχω@vnpa-- προστάσσω@vpaanms καί@cs ὁ@dafs ἴασις@nafsc μετά@p ὁ@dans διαλέγω@vnap-- ὑπισχνέομαι@vpamnms ὁ@dgns λέγω3@vnpa-- ἄρχω@viam3s οὕτως@b"
"Ps-Clem.Petr._64","ὁ@dnms μόνος@annms- ἀγαθός@annms- θεός@nnmsc ὁ@danp πᾶς@ananp- καλός@b ποιέω@vpranms ἐπί@p σωτηρία@ndfsc ὁ@dgns γένος@ngnsc ὁ@dgmp ἄνθρωπος@ngmpc ἐξαποστέλλω@viaa3s ὁ@dams μονογενής@anams- αὐτός@rpgms υἱός@namsc ὁ@dams κύριος@namsc ἐγώ@rpgmp ἰησοῦς@namsp χριστός@namsp ὁ@danp ἐκεῖνος@rpdms δοκέω@vppaams ἐκλέγω@vnpa-- καί@cs νόμος@namsc αἰώνιος@anams- δίδωμι@vnaa-- ἵνα@cs φυλάσσω@vppanmp αὐτός@rpams διαπαντός@annms- καί@cs βαπτίζω@vpapnmp εἰς@p ἄφεσις@nafsc ἁμαρτία@ngfpc ὁ@dgfs αἰώνιος@angfs- ζωή@ngfsc ἀξιόω@vspa1p σπουδάζω@vmaa2p οὖν@b πρῶτος@anans- καί@cs ἐκδύω@viam2p ὁ@dans ῥυπαρός@anans- σύ@rpgcp ἔνδυμα@nansc ὅσπερ@rpnns εἰμί@vipa3s ἀκάθαρτος@annns- πνεῦμα@nnnsc οὗτος@rpans δέ@b οὐ@b ἄλλως@b ἀποδύω@vnam-- δύναμαι@vipe2p ἐάν@cs μή@b πρότερος@b ἐπί@p καλός@andfp- πρᾶξις@ndfpc βαπτίζω@vsap2p καί@cs οὕτως@b καθαρός@annmp- σῶμα@ndnsc τε@cs καί@cs ψυχή@ndfsc γίγνομαι@vpamnmp ὁ@dgfs εἰμί@vpfmgfs ἀΐδιος@angfs- βασίλεια@ngfsc ἀπολαύω@vifa2p μή@b τε@cs οὖν@b εἴδωλον@ndnpc πιστεύω@vipa2p μή@b τε@cs τράπεζα@ngfsc αὐτός@rpgmp κοινωνέω@vipa2p μιαρός@anafp- μή@b φονεύω@vipa2p μή@b μοιχεύω@vmpa2p μή@b μισέω@vmpa2p ἀλλήλων@rpamp μη@b δέ@cs κλέπτω@vmpa2p μη@b δέ@cs κακός@andfp- τις@rpdfp ὅλος@b πρᾶξις@ndfpc ἐπιβάλλω@vipe2p"
"Ps-Clem.Petr._65","οὗτος@rpanp εἶπον@vpaagms αὐτός@rpgms καί@cs παραινέω@vpaagms πολύς@ananp- ἀπό@p ὁ@dgfp γραφή@ngfpc ὁ@dnmp πᾶς@annmp- παραμένω@viaa3p ὁ@dnmp μέν@b ὁ@dgns θεραπεύω@vnap-- χάρις@p ὁ@dnmp δέ@b ὁ@dgns ἱστορέω@vnaa-- ὁ@damp ὁ@dgfs θεραπεία@ngfsc ἐπιτρέφω@vppaamp ὁ@dnms δέ@b πέτρος@nnmsp ὁ@dafp χείρ@nafpc αὐτός@rpdmp ἐπιτίθημι@vpaanms μόνος@anans- καί@cs εὔχομαι@vpamnms πᾶς@anamp- ἰάομαι@viam3s ὡς@cs ὁ@damp μέν@b παραχρῆμα@b θεραπεύω@vpapamp γίγνομαι@vnam-- περιχαρής@anamp- ὁ@damp δέ@cs ἱστορέω@vpaaamp ὑπερθαυμάζω@vsaa3p τε@b καί@cs εὐφημέω@vnaa-- ὁ@dams θεός@namsp βέβαιος@b οὖν@b πιστεύω@vpaanmp ἅμα@p ὁ@ddmp θεραπεύω@vpapdnp ἐπί@p ὁ@danp ἑαυτοῦ@rpgmp ἄπειμι2@viia3p ἐντολή@nafsc πρωΐνος@anafsc συνέρχομαι@vnaa--"
"Ps-Clem.Petr._66","ὁ@ddfs οὖν@b ἐπιούσα@andfs- ἡμέρα@ndfsc ὁ@dnms πέτρος@nnmsp ἅμα@p ὁ@ddmp ἑταῖρος@ndmpc ἔξειμι@vppanms καί@cs ἐπί@p ὁ@dams τόπος@namsc ἔρχομαι@vpaanms ἄρχω@viam3s λέγω3@vnpa-- ὁ@dnms θεός@nnmsp πᾶς@ananp- δύναμαι@vipe3s ἐκεῖνος@rpnms γάρ@b εἰμί@vipa3s μόνος@annms- ἀγαθός@annms- καί@cs δίκαιος@annms- νῦν@b πᾶς@andmp- μακροθυμέω@vppanms ἵνα@cs ὁ@dnmp βούλομαι@vppenmp ἐφʼἑός@andnp- πράσσω@viaa3p κακός@andnp- μεταμέλομαι@vpapnmp καί@cs πολιτεύω@vpamnmp καλός@b ἐν@p ἡμέρα@nafsc ὅς@rpnfs ὁ@dnnp πᾶς@ananp- κρίνω@vipe3s ὁ@dgnp κατʼἀξία@anafs- ἀπολαύω@vsaa3p διό@b νῦν@b ἄρχω@vmam2p ἀγαθός@angfs- γνῶσις@ngfsc θεός@ndmsc πείθω@vppenmp ἀντιλέγω@vnpa-- σύ@rpgmp ὁ@ddfp κακός@andfp- ἐπιθυμία@ngfsc καί@cs ἔννοια@ndfpc ἵνα@cs δύναμαι@vspa2p ἀνακαλέω@vnam-- ὁ@dafs πρῶτος@anafs- ὁ@ddfs ἀνθρωπότης@ndfsc παραδίδωμι@vpapafs ἐντολή@nafsc οὕτως@b γάρ@b σύ@rpdcp ἐκ@p αὐτός@rpgfs ἀνατέλλω@vifa3s ὁ@dnnp ἀγαθός@annnp- καί@cs ὁ@ddms δίδωμι@vpradms εὐχαριστέω@vifa2p εἰς@p εἰ@rpanp ὁ@dgnp ἀπόρρητος@ngnpc ἀπολαύω@vppanmp ἀγαθός@angnp- ἀπόλλυμι@vpamnmp ἐπί@p ὁ@ddfs μακάριος@andfs- ἐπονομασία@ndfsc καί@b ὁ@danp ἄλλος@rpgfp δαιμόνιον@nanpc χαλεπός@ananp- σύν@p ὁ@ddnp δεινός@andnp- πάθος@ndnpc ἀπελαύνω@vifa2p οὗτος@rpanp εἶπον@vpaanms ὁ@ddmp ὑπό@p πάθος@ngnpc ὀχλέω@vppedmp πρόσειμι@vnpa-- κελεύω@viaa3s ὁ@dnms δέ@b χείρ@nafpc αὐτός@rpdmp ἐπιτίθημι@vpaanms καί@b εὔχομαι@vpamnms καί@cs ἐκ@p αὐτός@rpgfs ἰάομαι@vpamnms ἐντέλλομαι@viam3s αὐτός@rpdmp ὄρθριος@anansc συνέρχομαι@vnaa--"
"Ps-Clem.Petr._67","ὁ@ddfs δέ@b τρίτος@andfs- ἡμέρα@ndfsc ὄρθιος@anansc ἐκ@p ὕπνος@ngmsc ἐγείρω@vpapnms ὁ@dnms πέτρος@nnmsp καί@cs προσεύχομαι@vpamnms καθέζομαι@viap3s ἐγώ@rpamp δέ@b περικαθέζομαι@vppeamp καί@cs εἰς@p αὐτός@rpams ἀτενίζω@vppaamp ὥσπερ@cs ἀκούω@vnaa-- τις@rpans βούλομαι@vprenms συνίημι@vpaanms φημί@viia3s πρό@p πᾶς@angnp- ὦ@i φίλος@anvmp- ὁ@dnms θεός@nnmsc γνωρίζω@vipe3s εἰμί@vipa3s δέ@b ἴδιος@annns- αὐτός@rpgms καί@cs ἐξαιρετός@annns- ὁ@dnns πᾶς@angnp- κτίσμα@ngnpc εἰμί@vnpa-- δημιουργός@nnmsc πᾶς@ananp- περιέχω@vppanms πᾶς@ananp- περιορίζω@vppanms ὡς@b ὑπέρ@p πᾶς@anams- εἰμί@vppanms καί@cs πᾶς@ananp- δημιουργέω@vpaanms καί@b οὗτος@rpanp εἶπον@vpaanms καί@cs πολύς@ananp- περί@p θεοσεβεία@ngfsc διδάσκω@vpaanms κελεύω@viaa3s ὁ@damp δαιμονάω@vppaamp καί@cs νόσος@ndfpc ἐγκατάλαμβάνω@vpreamp αὐτός@rpdms προσφέρω@vnpe-- προσφέρω@vpapdmp δέ@b ὁ@dafp χείρ@nafpc ἐπιτίθημι@vpaanms καί@cs προσεύχομαι@vpamnms ἀπολύω@viaa3s αὐτός@rpamp ὑγιαίνω@vppaamp"
"Ps-Clem.Petr._68","ὁ@ddfs μέν@b οὖν@b τέταρτος@andfs- ἡμέρα@ndfsc ἐν@p τρίπολις@ndfsp ὁ@dnms πέτρος@nnmsp ἐγείρω@vpapnms καί@cs προσεύχομαι@vpamnms συγκαθέζομαι@viap3s ἐγώ@rpdmp καί@cs ἄρχω@viam3s λέγω3@vnpa-- ὁ@dnms μέλλω@vppanms πρόσειμι@vnpa-- ὁ@ddms θεός@ndmsc χρή@vipa3s νήφω@vnpa-- σωφρονέω@vnpa-- ὀργή@ngfsc κρατέω@vnpa-- ἀλλότριος@ananp- μή@b νοσφίζω@vnpe-- δίκαιος@b βιόω@vnpa-- ἐπιεικής@b εὐσταθής@b πρᾶος@b κολάζω@vnpa-- ἑαυτοῦ@rpams μᾶλλον@b ἐν@p ὁ@ddfp ἔνδεια@ndfpc ἤ1@cs μή@b ἔχω@vppaams ὁ@danp ἕτερος@angms- ἀφαιρέω@vpamams κορέννυμι@vnap-- καθαρός@annms- εἰμί@vnpa-- ὁ@ddfs καρδία@ndfsc καί@cs ἁγνος@annms- ὁ@ddns σῶμα@ndnsc καί@cs μή@b ὁμοιόω@vnpe-- ὁ@ddnp φαρισαῖος@andmp- πρός@p ὅς@rpamp λέγω3@vipa3s ὁ@dnms κύριος@nnmsc καί@cs θεός@nnmsc ἐγώ@rpgcp ἰησοῦς@nnmsp χριστός@nnmsp οὐαί@rpnfp σύ@rpdcp γραμματεύς@nnmpc καί@cs φαρισαῖος@anvmp- ὑποκριτής@nvmpc ὅτι@cs καθαίρω@vipa2p ὁ@dgns ποτήριον@ngnsc καί@cs ὁ@dgfs παροψίς@ngfsc ὁ@dans ἔξωθεν@b ἔσωθεν@b δέ@b γέμω@vipa3s ῥύπος@ngnsc φαρισαῖος@anvms- τυφλός@anvms- καθαίρω@vmaa2s πρῶτος@b ὁ@dgns ποτήριον@ngnsc καί@cs ὁ@dgfs παροψίς@ngfsc ὁ@dans ἔσωθεν@b ἵνα@cs γίγνομαι@vsam3s καί@b ὁ@dnns ἔξω@b αὐτός@rpgns καθαρός@annns- καί@b ἀληθής@b φωτίζω@vpapgms γάρ@b ὁ@dgms νόος@ngmsc ὁ@ddfs γιγνώσκω@ndfsc ὁ@dnms μανθάνω@vpaanms δύναμαι@vipe3s ἀγαθός@annms- εἰμί@vnpa-- ὅς@rpdms παρέπομαι@vipe3s ὁ@dans καθαρός@anans- γίγνομαι@vnam-- ἐκ@p ὁ@dgfs ἔσω@b γάρ@b διάνοια@ngfsc ὁ@dnfs ὁ@dgns ἔξω@b σῶμα@ngnsc ἀγαθός@annfs- γίγνομαι@vipe3s πρόνοια@nnfsc ὡς@cs ἀπό@p ὁ@dgfs κατά@p ὁ@dans σῶμα@nansc ἀναισθησία@ngfsc ὁ@dgfs διάνοια@ngfsc πρόνοια@nafsc γίγνομαι@vnam-- οὐ@b δύναμαι@vipe3s οὕτως@b ὁ@dnms καθαρός@annms- ὁ@dans ἔσω@b καί@cs ὁ@dans ἔξω@b καθαίρω@vnaa-- δύναμαι@vipe3s ὁ@dnms δέ@b ὁ@danp ἔξω@b καθαίρω@vppanms πρός@p ἄνθρωπος@ngmpc ἔπαινος@namsc ἀφοράω@vppanms οὗτος@rpans ποιέω@vipa3s καί@cs ἔπαινος@namsc ὁ@dgmp ἱστορέω@vppagmp παρά@p δέ@b ὁ@ddms θεός@ndmsc μισθός@namsc οὐ@b ἔχω@vipa3s"
"Ps-Clem.Petr._69","καί@cs οὗτος@rpanp εἶπον@vpaanms καί@b ἕτερος@ananp- πλείων@ananpc περί@p ἁγνισμός@ngmsc παύω@viam3s τρεῖς@ οὖν@b ἤδη@b μείς@ngmpc πληρόω@vpapgnp ὅς@rpafs βουλεύω@vnaa-- ἐγώ@rpams κελεύω@viaa3s ἡμέρα@ngfpc ὁ@dnms πέτρος@nnmsp ἄγω@vpaanms ἐγώ@rpams εἰς@p ὁ@dafp ἐν@p ὁ@ddfs θάλασσα@ndfsc πλησίος@b εἰμί@vppaafp πηγή@nafpc ὡς@cs εἰς@p ἀένναος@anans- βαπτίζω@viaa3s ὕδωρ@nansc εἰς@p ὁ@dans ὄνομα@nansc ὁ@dgms πατήρ@ngmsc καί@b ὁ@dgms υἱός@ngmsc καί@cs ὁ@dgns ἅγιος@angns- πνεῦμα@ngnsc καί@b λαμβάνω@vpaanms ἄρτος@namsc ὁ@dnms πέτρος@nnmsp εὐχαριστέω@vpaanms καί@cs κλάζω@vpaanms μεταδίδωμι@viaa3s ἐγώ@rpdcp ὁ@dgnp ἄχραντος@angnp- καί@cs ζωοποιός@angnp- μυστήριον@ngnpc οὕτως@b οὖν@b εὐωχέω@vpapgmp ὁ@dgmp ἀδελφός@ngmpc ἐγώ@rpgcp ἐπί@p ὁ@ddfs θεοδωρήτος@ndfsc ἐγώ@rpgcs ἀναγεννάω@ndfsc δόξα@nafsc καί@cs εὐχαριστία@nafsc ὁ@ddms θεός@ndmsc ἀποδίδωμι@vira1p πολύς@angms- δέ@b ὄχλος@ngmsc συναθροίζω@vpapgms νόσος@nafpc πάθος@nanpc δαίμων@nampc ἀπελαύνω@vpaanms ὁ@dnms πέτρος@nnmsp καί@cs βαπτίζω@vpaanms πολύς@anamp- μαροώνης@namsp ὁ@dams ἀποδέχομαι@vpamams αὐτός@rpams ἤδη@b λοιπός@anans- τέλειος@anams- εἰμί@vppaams ἐπίσκοπος@namsc καθίστημι@vpaanms καί@b πρεσβυ@nampc ,@anamp- πρότερος@anamp- δώδεκα@an---- ὁρίζω@vpaanms καί@cs διάκονος@anamp- δείκνυμι@vpaanms ὑπέρ@p τε@b ὁ@dgns κοινός@angns- καί@cs συμφέρω@vppagns ὁ@dgfs ἐκκλησία@ngfsc καί@cs ὑπέρ@p ὁ@dgfs τάξις@ngfsc προσομλέω@vpaanms αὐτός@rpdms ὁ@ddmp ἐν@p τρίπολις@ndfsp ὁ@dgfs φοινίκη@ngfsp ἀφίστημι@vpamnms ὁ@dafs ἐπί@p ἀντώχεια@nafsp ὁ@dgfs συρία@ngfsp πορεύω@viie3s ὁδός@namsc"
"Ps-Clem.Petr._70","ἐκβαίνω@vpaanmp οὖν@b ὁ@dafs τρίπολις@nafsp ὁ@dgfs φοινίκη@ngfsp ὡς@cs ἐπί@p ἀντιοχεία@nafsp ὁ@dgfs συρία@ngfsp ἔρχομαι@vnaa-- αὐτός@angfs- ἡμέρα@nafpc ἐν@p ὀρθωσία@ndfsp μένω@viaa1p ἔρχομαι@vpaanmp καί@b διᾶ@p ὁ@dans πλησίος@b εἰμί@vnpa-- ὅς@rpgfs ἐξέρχομαι@viaa1p πόλις@ngfsc πᾶς@angnp- σχεδόν@b προακούω@vpragnp ὁ@dgns κήρυγμα@ngnsc εἷς@angfs- ἡμέρα@ngfsc ἐκεῖ@b μένω@vpaanmp ἀπαίρω@viaa1p εἰς@p ἀντάραδος@nafsp πολύς@angmp- δέ@b ὁ@dgmp συνοδοιπορέω@vppagmp ἐγώ@rpdmp εἰμί@vppagmp ὁ@dnms πέτρος@nnmsp νικήτης@ndmsp καί@cs ἀκύλας@ndfsp προσομιλέω@viia3s λέγω3@vppanms ἐπεί@cs ὁ@dnms πολύς@annms- ὄχλος@nnmsc ὁ@dgmp συνοδοιπορέω@vppagmp ἐγώ@rpdmp οὐ@b μικρός@anams- φθόνος@namsc εἰσέρχομαι@vppadmp κατά@p πόλις@nafsc ἐπισπάω@vipe3s ἀναγκαῖος@b σκέπτομαι@viam1s φροντίζω@vnaa-- πῶς@b μή@b τε@cs οὗτος@rpnmp λυπέω@vsap3p κωλύω@vpapnmp σύνειμι1@vnpa-- ἐγώ@rpdmp μή@cs ποτέ@b ἐγώ@rpncp περίβλεπτος@annmp- γίγνομαι@vpamnmp φθόνος@ndmsc ὁ@ddms ὁ@dgfs κακία@ngfsc ὑποπίπτω@vsaa1p οὗτος@rpgns ἕνεκα@p βούλομαι@vipe1s σύ@rpams ὁ@dams νικάω@namsp καί@cs ἀκύλας@namsp προοδεύω@vnpa-- ἐγώ@rpgms κατά@p σύστημα@nanpc δύο@an---- σποράδην@b"
"Ps-Clem.Petr._71","οὗτος@rpanp ὁ@dgms πέτρος@ngmsp εἶπον@vpaagms ἀποκρίνω@viap3p νικήτης@nnmsp καί@cs ἀκύλας@nnmsp εἶπον@vpaanmp αὐτός@rpdms οὐ@b πάνυ@b ἐγώ@rpamp κύριος@nvmsc λυπέω@vipa3s οὗτος@rpans πράσσω@vnpa-- διά@p ὁ@dans ὑπό@p σύ@rpgcs κελεύω@vnpe-- πρῶτος@anans- μέν@b ὅτι@cs πᾶς@ananp- καλός@b νοέω@vnpa-- τε@cs καί@cs συμβουλεύω@vnpa-- ἄξιος@annms- εἰμί@vppanms ὑπό@p ὁ@dgfs ὁ@dgms θεός@ngmsc πρόνοια@ngfsc ἐξερέω@vipa2s πρός@p οὗτος@rpdnp δέ@b ὡς@b ἐπί@p πολύς@anans- ἡμέρα@ngfpc δύο@an---- ἀνάγκη@nnfsc ὁ@dgns πράσσω@vnpa-- οὗτος@rpans ἀπολιμπάνω@vipe1p σύ@rpgms καί@b αὐτός@rpnfp δέ@b πολύς@annfp- πρός@p ὁ@dans μή@b σύ@rpa-s ὁ@dams κύριος@namsc ἐγώ@rpgmp ὁράω@vnpa-- πλήν@b ὡς@cs κελεύω@vipa2s διά@p ὁ@dans συμφέρω@vppaans ποιέω@vnpa-- οὐ@b ἀντιλέγω@vipa1p ὅμως@b οὗτος@rpanp εἶπον@vpaanmp προάγω@viaa3p"
"Ps-Clem.Petr._72","πορεύω@vpapgmp οὖν@b αὐτός@rpgmp ἐγώ@rpnms κλήμης@ngfsp μεγάλως@b χαίρω@viia1s ὅτι@cs σύν@p αὐτός@rpdms ἐγώ@rpams κελεύω@viaa3s εἰμί@vnpa-- καί@b ἀποκρίνω@vpapnms εἶπον@viaa1s εὐχαριστέω@vipa1s ὁ@ddms θεός@ndmsc ὅτι@cs ἐγώ@rpams οὐ@b ἐξαποστέλλω@viaa2s ὡς@cs ὁ@damp ἑταῖρος@nampc ἐπεί@cs ὀδυνάω@vppenms ἄν@b διαφωνέω@vila1s ὁ@dnms δέ@b φημί@viia3s τίς@anans- δαί@b εἰ@cs καί@b χρεία@nnfsc τις@annfs- εἰμί@vifm3s πέμπω@vnap-- σύ@rpams πού@b σύ@rpnms δέ@cs διά@p ὁ@dans πρός@p ὀλίγος@anans- ἀπολιμπάνω@vnpe-- ἐγώ@rpgms συμφερόντως@b διά@p οὗτος@rpans θνῄσκω@vifm2s οὐ@b δέ@b προσομιλέω@vpaanms σεαυτοῦ@rpdms φέρω@vnpa-- ὁ@danp διά@p ὁ@dafs ἀνάγκη@nafsc σύ@rpdcs προσάγω@vpapanp εὔθυμος@b ὑφίστημι@voaa2s ἤ1@cs οὐ@b οἶδα@vira2s ὅτι@cs σύνειμι1@vipa3p ὁ@dnmp φίλος@annmp- ὁ@ddfp μνήμη@ndfpc καί@cs ἄν@cs ὁ@ddnp σῶμα@ndnpc ἀπολιμπάνω@vspe3p ὡς@cs ἔνιοι@annmp- σύνειμι@vppanmp ὁ@ddnp σῶμα@ndnpc ἀμνημοσύνη@ngfsc αἰτία@ndfsc ὁ@ddfp ψυχή@ndfpc ἀποδημέω@vipa3p ὁ@ddmp φίλος@andmp-"
"Ps-Clem.Petr._73","ἐγώ@rpnms ἀποκρίνω@viam1s μή@b τοίνυν@b νομίζω@vsaa2s κύριος@nvmsc ἐγώ@rpgms ὅτι@cs ὁ@danp λύπη@ngfsc πάσχω@vnpa-- μέλλω@viia3p ἀνόητος@b ἀλλά@cs καί@b πάνυ@b ὀρθός@andms- τις@andms- λογισμός@ndmsc ἐπεί@cs γάρ@b κύριος@nvmsc ἐγώ@rpgms ἀντί@p πᾶς@angnp- σύ@rpams ἔχω@vipa1s πατήρ@ngmsc τε@b καί@cs μήτηρ@ngfsc καί@b ἀδελφός@ngmpc καί@cs συγγενής@angmp- αἴτιος@anams- ἐγώ@rpdms γίγνομαι@vpamams διά@p ὁ@dams θεός@namsc ὁ@dgfs σώζω@vppagfs ἀληθής@ngfsc ἀντί@p πᾶς@angmp- ἔχω@vppanms σύ@rpams παραμυθία@ngfsc ὁ@dgfs μέγας@angfss τυγχάνω@vipa1s πρός@p οὗτος@rpdnp δέ@b δείδω@vpranms ἐγώ@rpgms καί@b ὁ@dgfs ἀκμή@ngfsc ὁ@dafs ἐκ@p φύσις@ngfsc ἐπιθυμία@nafsc εἰμί@vifm1s ὅς@rpnms νῦν@b οὕτως@b ἔνστασις@ngfsc ἔχω@vipa1s ἀφεστήξω@vnaa-- σύ@rpgms ἀδύνατος@anans- εἰμί@vnpa-- εἰ@cs μή@b κατά@p τις@anams- χόλος@namsc θεός@ngmsc οὗτος@rpnns γίγνομαι@vsam3s καί@b γάρ@b μιμνήσκω@vire1s σύ@rpgms ἐν@p καισαρεία@ndfsp εἶπον@vpaagms εἰ@cs τις@rpncs βούλομαι@vipe3s ἐγώ@rpdcs συνοδεύω@vnaa-- εὐσεβής@b συνοδεύω@vmpa3s εὐσεβής@b δέ@b φημί@viia2s ὁ@dans μηδείς@rpams λυπέω@vnpa-- κατά@p θεός@namsc οἷος@rpans ἀπολιμπάνω@vpaaams γονεύς@vipa2s γυνή@nafsc ὁμόφρων@anafs- ἤ1@cs ἕτερος@anamp- τις@rpacp ὁ@ddfs εὐσέβεια@ndfsc πρόσκειμαι@vppeamp ὅθεν@b ἐγώ@rpnms κατά@p πᾶς@ananp- ἐπιτήδειος@annms- εἰμί@vipa1s σύ@rpdms συνοδοιπόρος@nnmsc ὅς@rpdfs καί@b ὁ@danp μέγας@ananps χαρίζω@vipe2s εἰ@cs ὁ@dafp δοῦλος@ngmpc ἐγώ@rpdcs ὑπηρεσία@nafpc ἐπιτρέπω@vopa2s ποιέω@vnpa--"
"Ps-Clem.Petr._74","καί@cs ὁ@dnms πέτρος@nnmsp ἀκούω@vpaanms γελοιάζω@vppanms φημί@viia3s τίς@rpans οὖν@b οἴομαι@vipa2s κλήμη@nvmsp μή@b ὑπό@angfs- ἀνάγκη@ngfsc σύ@rpams εἰς@p δοῦλος@ngmpc ἐγώ@rpdms τάσσω@vnap-- τόπος@namsc ἐπεί@b τις@rpnms ὁ@dafp κάλως@anafp- καί@cs πολύς@anafp- σινδών@nafpc μετά@p ὁ@dgmp ἕπομαι@vppegnp δακτύλιος@ngnpc καί@cs ὑπόδεσις@ngfpc φυλάσσω@vifa3s τις@rpnms δέ@b καί@b ὁ@danp ἡδύς@ananp- καί@cs πολυτελής@ananp- ὄψον@nanpc προετοιμάζω@vifa3s ὅστις@rpanp ποικίλος@ananp- εἰμί@vppaanp πολύς@angmp- καί@b τεχνίτης@ngmpc δέω@vipe3s μάγειρος@ngmpc καί@cs πᾶς@annnp- ἐκεῖνος@rpanp ὅσος@rpnnp ἐκτεύθομαι@vpregmp ἄνθρωπος@ngmpc ὡς@b θηρίον@ngnsc μέγας@andfs- ὁ@ddfs ἐπιθυμία@ndfsc ἐκ@p πᾶς@angfs- πλεονεξία@ngfsc πορίζω@vpapams καί@cs ὁ@dams ἐμός@anams- ἀγνοέω@vppannp βίος@namsc ὅτι@cs ἄρτος@ndmsc μόνος@andms- καί@b ἐλαία@ndfpc χράω@vipe1s καί@cs σπάνιος@b λάχανον@ndfpc καί@cs ὅτι@cs ἱμάτιον@nnnsc ἐγώ@rpdms καί@cs τριβώνιον@nnnsc ὑπάρχω@vipa3s οὗτος@annns- αὐτός@annns- ὅς@rpans περιβάλλω@vire1s καί@cs ἕτερος@angns- χρεία@nafsc οὐ@b ἔχω@vipa1s οὐ@b δέ@cs ἄλλος@angnp- τις@rpgnp ἐν@p γάρ@b οὗτος@rpdnp καί@b περισσεύω@vipe1s ὁ@dnms νόος@nnmsc γάρ@b ἐγώ@rpgcs ὁ@danp ἐκεῖ@b πᾶς@ananp- ὁράω@vppanms αἰωνια@ananp- ἀγαθός@ananp- οὐδείς@rpans ὁ@dgnp ἐνταῦθα@b περιβλέπομαι@vipe3s ὅμως@b σύ@rpgms μέν@b ὁ@dafs ἀγαθός@anafs- προαίρεσις@nafsc ἀποδέχομαι@vipe1s καί@cs θαυμάζω@vppanms ἐπαινέω@vipa1s πῶς@b ἀνήρ@nnmsc ἐκ@p πολυτελής@angnp- ἔθος@ngnpc ὑπάρχω@vppanms ῥᾴδιος@b ὁ@ddmp ἀναγκαῖος@andmp- ὁ@dams σεαυτοῦ@rpgms ὑπαλλάσσω@viaa3s βίος@namsc ἐγώ@rpnmp γάρ@b ἐκ@p παῖς@ngmpc ἐγώ@rpnms τε@b καί@cs ἀνδρέας@nnmsp ὁ@dnms σύναιμος@annms- καί@cs κατά@p θεός@namsc ἀδελφός@nnmsc εἰμί@vppanms ἐμός@annms- οὐ@b μόνος@anans- ἐν@p ὀρφανία@ndfsc παιδεύω@vpapnmp ἀλλά@cs καί@b ὑπό@p πενία@ngfsc καί@cs κακοπάθεια@ngfsc εἰς@p ἐργατεία@nafsc ἐθίζω@vpapnmp εὐμαρής@b νῦν@b ὁ@dafp ὁδός@ngfpc φέρω@vipa1p σκύλλω@nafpc ὅθεν@b εἰ@cs πείθω@viie2s ἐγώ@rpdms ἐγώ@rpdms ἄν@b συγχωρέω@vila2s ὁ@danp δοῦλος@ngmpc ἀποπληρόω@vppaanp σύ@rpdms μέρος@nanpc"
"Ps-Clem.Petr._75","ἐγώ@rpnms δέ@b ἀκούω@vpaanms σύντρομος@annms- γίγνομαι@viam1s καί@cs ἐπίδακρυς@b οἷος@anams- λόγος@namsc λέγω@viaa3s ἀνήρ@nnmsc ὅς@rpgms πᾶς@annmp- ὁ@dnmp ὁ@dgfs νῦν@b γενεά@ngfsc ἄνθρωπος@nnmpc ὁ@ddms ὁ@dgfs γνῶσις@ngfsc καί@cs εὐσέβεια@ngfsc λόγος@ndmsc ἥσσων@annmpc τυγχάνω@vipa3p ὁ@dnms δέ@b εἶδον@vpaanms ἐγώ@rpacs σύνδακρυς@nafsc ὁ@dgnp δάκρυον@ngnpc πυνθάνομαι@viam3s ὁ@dafs αἰτία@nafsc ἐγώ@rpamd φημί@viia1s τίς@rpans τοιοῦτος@anams- ἁμαρτάνω@viaa1s ἵνα@cs ἐγώ@rpdms τοιοῦτος@anams- εἶπον@vsaa2s λόγος@namsc καί@b ὁ@dnms πέτρος@nnmsp ἀποκρίνω@viam3s εἰ@cs μέν@b κακός@b ἐρῶ@vira1s ὁ@dans δουλεύω@vnaa-- σύ@rpdms σύ@rpnms πρῶτος@annms- ἁμαρτάνω@viaa2s οὗτος@rpans ποιέω@vnpa-- πρέπω@vipa3s πάνυ@b σύ@rpdms δέ@cs ὁ@ddms ὁ@dgms θεός@ngmsc κῆρυξ@ndmsc ὁ@dafp ἡμέτερος@anafp- σῴζω@vppadms ψυχή@nafpc χαλεπός@annns- οὗτος@rpans ποιέω@vnpa-- ἐγώ@rpdms καί@b ὁ@dnms πέτρος@nnmsp ἀποκρίνω@viam3s ὁ@dnms κύριος@nnmsc ἐγώ@rpgmp ὁ@dnms ἐπί@p σωτηρία@nnfpc πᾶς@angms- ὁ@dgms κόσμος@ngmsc ἔρχομαι@vpranms μόνος@annms- ὑπέρ@p πᾶς@anamp- εὐγενής@annms- εἰμί@vppanms δουλεία@nafsc ὑπομένω@viaa3s ἵνα@cs ἐγώ@rpamp πείθω@vsaa3s μή@b αἰδέομαι@vnpe-- ὁ@ddmp ἀδελφός@ndmpc ἐγώ@rpgmp ὁ@dafp δοῦλος@ngmpc ποιέω@vnpa-- ὑπηρεσία@nafpc καί@b ἄν@cs πάνυ@b εὐγενής@annmp- τυγχάνω@vspa1p καί@b ἐγώ@rpnms φημί@viia1s εἰ@cs μέν@x νομίζω@vipa1s σύ@rpams νικάω@vnaa-- λόγος@ndmsc ἀνόητος@annms- εἰμί@vipa1s πλήν@b χάρις@nafsc ἔχω@vipa1s ὁ@ddfs ὁ@dgms θεός@ngmsc πρόνοια@ndfsc ὅτι@cs σύ@rpams εἰς@p γονεύς@ngmpc τόπος@namsc ἔχω@vnpa-- ἀξιόω@viap1s"
"Ps-Clem.Petr._76","καί@cs ὁ@dnms πέτρος@nnmsp πυνθάνομαι@viie3s οὐδείς@rpnms δέ@b σύ@rpgms ἀληθής@b πρός@p γένος@ngnsc ὑπάρχω@vipa3s ἐγώ@rpamd ἀποκρίνω@viam1s εἰμί@vipa3p μέν@b πολύς@annmp- καί@cs μέγας@annmp- ἀνήρ@nnmpc καῖσαρ@nnmsc πρός@p γένος@ngnsc εἰμί@vppanmp ὅθεν@b ὁ@ddms ἐμός@andms- πατήρ@ndmsc ὡς@b καί@cs σύντροφος@andms- αὐτός@rpnms καῖσαρ@nnmsc συγγενίς@anafs- συναρμόζω@viam3s γυνή@nafsc ἀπό@p ὅς@rpgfs τρεῖς@ γίγνομαι@viam1p υἱός@nnmpc δύο@ μέν@b πρό@p ἐγώ@rpgms ὅς@rpnmp καί@b δίδυμος@annmp- εἰμί@vppanmp πάνυ@b ὅμοιος@annmp- ἀλλήλων@rpdmp τυγχάνω@viia3p ὡς@cs αὐτός@annms- ὁ@dnms πατήρ@nnmsc λέγω3@viia3s ἐγώ@rpdms ἐγώ@rpnms γάρ@b οὐ@b τε@b αὐτός@rpamp οὐ@b τε@cs ὁ@dafs τίκτω@vpaaafs πάνυ@b ἐπίσταμαι@vipe1s ἀλλά@cs ὥσπερ@cs διά@p ὄνειρος@ngmpc ἀμυδρός@anans- αὐτός@rpgmp ὁ@dans εἶδος@nansc ἀναφέρω@vipa1s ὁ@dnfs μέν@b οὖν@b μήτηρ@nnfsc ἐγώ@rpgms ματτιδία@nnfsp λέγω3@viie3s ὁ@dnms δέ@b πατήρ@nnmsc φαῦστος@nnmsp ὁ@dgmp δέ@cs ἀδελφός@ngmpc καί@b αὐτός@rpgmp ὁ@dnms μέν@b φαυστῖνος@nnmsp καλέω@viie3s ὁ@dnms δέ@cs φαυστινιανὸς@nnmsp λέγω3@viie3s ἐγώ@rpgms οὖν@b τρίτος@angms- ἐπιγίγνομαι@vpamgms νέω@vpapgms αὐτός@rpdmp ὁ@dnfs μήτηρ@nnfsc ὄνειρος@namsc ὁράω@viia3s ὥσπερ@cs ὁ@dnms πατήρ@nnmsc ἐγώ@rpgms ὑφηγέομαι@viie3s ὅτι@cs ἐάν@cs μή@b ὁ@damp δίδυμος@anamp- υἱός@nampc αὐτός@rpgfs ἐξαυτῆς@rpgfs παραλαμβάνω@vpaanfs ὁ@dafs ῥωμαῖος@ngmpp πρός@p ἀποδημία@nafsc ἐξέρχομαι@voaa3s πόλις@nafsc ἐπί@p ἔτος@nanpc δέκα@an---- πανόλβιος@andms- μόρος@ndmsc ἅμα@p αὐτός@rpdmp ἀποθνήσκω@vnaa-- ἔχω@vopa3s"
"Ps-Clem.Petr._77","lxxvii@n---p ὁ@dnms μέν@b οὖν@b πατήρ@nnmsc φιλότεκνος@annms- εἰμί@vppanms σύν@p τε@cs δοῦλος@ndmpc καί@cs δοῦλος@ndfpc ἐφοδιάζω@vpaanms ἱκανός@b καί@cs εἰς@p πλοῖον@nansc ἐμβάλλω@vpamnms εἰς@p ὁ@dafp ἀθῆναι@nafpp ἅμα@b παιδεύω@vpfpamp ἐκπέμπω@viaa3s ἐγώ@rpacs δέ@b μόνος@anams- εἰς@p παραμυθία@nafsc ἔχω@viaa3s μετά@p ἑαυτοῦ@rpgms καί@b ἐπί@p οὗτος@rpdns εὐχαριστέω@vipa1s πολύς@ananp- ὅτι@cs καί@b ἐγώ@rpams ὁ@dnms ὄνειρος@nnmsc μή@b κελεύω@vila3s ἅμα@b ὁ@ddfs μήτηρ@ndfsc ὁ@dafs ῥωμαῖος@ngmpp ἐκβαίνω@vnaa-- πόλις@nafsc περαιόω@vpapgms οὖν@b ἐνιαυτός@ngmsc ὁ@dnms πατήρ@nnmsc πέμπω@viaa3s εἰς@p ἀθῆναι@nafpp χρῆμα@nanpc ὁ@ddmp αὐτός@rpgms ἅμα@b τε@cs καί@cs μανθάνω@vnaa-- ὁ@dans πῶς@b διάγω@vipa3p ὁ@dnmp δέ@b ἀπέρχομαι@vpaanmp οὐ@b ἐπανέρχομαι@viaa3p τρίτος@andms- δέ@b ἐνιαυτός@ndmsc ὁ@dnms πατήρ@nnmsc ἀθυμέω@vppanms ἕτερος@anamp- πέμπω@viaa3s ὅμοιος@b μετά@p ἐφόδιον@angmp- ὁ@dnmp τις@rpnmp τέταρτος@andms- ἐνιαυτός@ndmsc ἔρχομαι@viaa3p ἀναγγέλλω@vppanmp μή@b τε@cs ἐγώ@rpgms ὁ@dafs τίκτω@vpaaafs ἤ1@cs ὁ@damp ἀδελφός@nampc ὁράω@vnra-- μή@b τε@cs μήν@b αὐτός@rpamp ὁ@ddfp ἀθῆναι@ndfpp ἐπιδημέω@vnra-- μῆδος@rpans ἄλλος@angns- τις@rpgns ὁ@dgnp σύν@p αὐτός@rpdmp ἀπέρχομαι@vpragnp καί@b ἐν@p ἴχνος@nansc εὑρίσκω@vnra--"
"Ps-Clem.Petr._78","ὁ@dnms μέν@b οὖν@b πατήρ@nnmsc οὗτος@rpanp ἀκούω@vpaanms καί@b ὑπό@p πολύς@angfs- λύπη@ngfsc ἔκθαμβος@annms- γίγνομαι@vpamnms καί@cs οὐ@b οἶδα@vpranms ποῦ@b ὁρμάω@vpaanms ἐπί@p ζήτησις@nafsc αὐτός@rpgmp γίγνομαι@vsam3s ἐγώ@rpams παραλαμβάνω@vpaanms καί@cs εἰς@p πόρτος@namsp καταβαίνω@vpaanms πολύς@angnp- πυκνός@anansc πυνθάνομαι@viie3s ποῦ@b ἕκαστος@annms- αὐτός@rpgmp ὁράω@viaa3s ἤ1@cs ἀκούω@viaa3s ἀπό@p τέσσαρες@angnp- ἔτος@ngnpc γίγνομαι@vpamans ναυάγιον@nansc καί@b ἄλλος@rpnms ἀλλαχῆ@ananp- λέγω3@viia3s ὁ@dnms δέ@b ἀντιπυνθάνομαι@viie3s εἰ@cs ὁράω@vira3p σῶμα@nansc γυνή@ngfsc μετά@p βρέφος@ngfpc ἐκβραστάζω@vpregnp ὅς@rpgmp οὖν@b πολύς@ananp- λέγω3@vppagmp ὁράω@vnra-- πτῶμα@nanpc κατά@p πολύς@anamp- τόπος@nampc ὁ@dnms πατήρ@nnmsc ἀκούω@vppanms στενάζω@viia3s πλήν@b ὑπό@p σπλάγχνον@ngnpc θορυβέω@vppenms ἄλογος@ananp- δοκέω@viia3s πυνθάνομαι@vnpe-- ὅτι@cs τοσοῦτος@anans- μέγεθος@nansc θάλασσα@ngfsc ἐρευνάω@vnpa-- πειράω@viie3s ὅμως@b συγγνωστός@annms- εἰμί@viia3s ὅτι@cs ὁ@ddfs πρός@p ὁ@damp ζητέω@vppeamp στοργή@ndfsc ἐλπίς@ndfpc παραβουκολέω@viie3s κενός@andfp- καί@b δήποτε@b ὑπό@p φροντιστής@ndmpc ποιέω@vpaanms ἐγώ@rpams καί@cs εἰς@p ῥώμη@nafsp καταλιμπάνω@vpaanms δωδεκαετής@ananp- αὐτός@rpnms δάκρυον@ngnpc εἰς@p πόρτος@namsp κατέρχομαι@vpaanms καί@cs εἰς@p πλοῖον@nansc ἐμβαίνω@vpaanms ἀνάγω@vpapnms ἐπί@p ὁ@dafs ζήτησις@nafsc πορεύω@viap3s καί@b ἐκ@p τότε@b εἰς@p ὁ@dafs σήμερον@b ἡμέρα@nafsc οὐ@b τε@b γράμμα@nanpc δέχομαι@viam1s παρά@p αὐτός@rpgms οὐ@b τε@cs εἰ@cs ζάω@vipa3s ἤ1@cs θνήσκω@vira3s σαφής@b ἐπίσταμαι@vipe1s μᾶλλον@b δέ@b ὑπονοέω@vipa1s ὅτι@cs καί@b αὐτός@rpnms θνήσκω@vira3s πού@b ἤ1@b ὑπό@p λύπη@ngfsc νικάω@vpapnms ἤ1@cs ναυάγιον@ndnsc περιπίπτω@vpaanms οὗτος@rpnns δέ@b δεῖγμα@nnnsc ὅτι@cs ἤδη@b λοπός@annns- ἐκ@p τότε@dgns εἰκοστός@annns- ἔτος@nnnsc εἰμί@vipa3s ἀπό@p εἰμί@rpgfs οὐδείς@anafs- τις@anafs- περί@p αὐτός@rpgms ἀλήθεια@nafsc ἀκούω@viaa1s"
"Ps-Clem.Petr._79","ὁ@dnms δέ@b πέτρος@nnmsp ἀκούω@vppanms οὗτος@rpanp ὑπό@p συμπάθεια@ngfsc δακρυόεις@viia3s καί@cs εὐθύς2@b ὁ@ddmp σύνειμι@vppadmp γνήσιος@andmp- φημί@viia3s οὗτος@rpanp εἰ@cs τις@rpncs πάσχω@vira3s ἐν@p εὐσέβεια@ndfsc οἷος@rpanp ὁ@dnms οὗτος@rpgns πατήρ@nnmsc εὐθύς2@b ὁ@ddms ὁ@dgfs θεοσεβεία@ngfsc λόγος@ndmsc ὁ@dafs αἰτία@nafsc προσάπτω@viia3s ἐπιγράφω@vppanms ἤ1@cs ὁ@ddms πονηρός@andms- οὕτως@b καί@cs ὁ@ddnp ταλαίπωρος@andnp- ἔθνος@ndnpc συμβαίνω@vipa3s πάσχω@vnpa-- καί@cs ἀγνοέω@vipa1p ὁ@dnmp θεοσεβής@annmp- ταλαίπωρος@anamp- δέ@b αὐτός@rpamp εὔλογος@b ἐρῶ@vira1s ὅτι@cs ἐνταῦθα@b ἀλάομαι@vipe3p καί@cs ὁ@dgfs ἐκεῖ@b ἐλπίς@ngfsc οὐ@b τυγχάνω@vipa3p ὁ@dnmp γάρ@b ἐν@p εὐσέβεια@ndfsc πάσχω@vppanmp ὁ@danp θλιβερός@ananp- εἰς@p ἔκπραξις@nafsc πτῶμα@ngnpc πάσχω@vipa3p"
"Ps-Clem.Petr._80","οὗτος@rpanp ὁ@dgms πέτρος@ngmsp εἶπον@vpaagms εἷς@nnmsc τις@rpnms ὁ@dgmp ἐν@p σύ@rpdmp τολμάω@vpaanms ἀντί@p πᾶς@angmp- παρακαλέω@viaa3s αὐτός@rpams αὔριον@b ὄρθριος@anamsc εἰς@p ἄραδος@nafsp ὁ@dafs κατάνανδάνω@b νῆσος@nafsc εἰσπλέω@vnaa-- τριάκοντα@an---- οἴομαι@vipe1s οὐ@b δέ@cs ὅλος@anamp- ἀπέχω@vppaafs στάδιον@nampc ὡς@cs ἐπί@p ἱστορία@ndfsc ὁ@dgmp ἐκεῖ@b ἀμπέλινος@ngmpc δύο@an---- στῦλος@ngmpc μέγας@ananps ἔχω@vppagmp πάχος@nanpc ὁ@dnms οὖν@b πειθήνιος@nnmsc πέτρος@nnmsp συγχωρέω@viaa3s εἶπον@vpaanms ἐπάν@cs ὁ@dgns πλοῖον@ngnsc ἐκβαίνω@vsaa2p μή@b ἅμα@b ὁ@dnmp πᾶς@annmp- εἰσέρχομαι@vire2p εἰς@p ὁ@dafs θεωρία@nafsc ὅς@rpgnp ἐπιθυμέω@vipa2p οὐ@b γάρ@b βούλομαι@vipe1s στρῶμα@nanpc γίγνομαι@vnpe-- εἰς@p σύ@rpamp ὁ@dgmp πολίτης@ngmpc καί@b οὕτως@b πλέω@vpaanmp ῥοπή@ndfsc ὥρα@ngfsc κατάγω@viap1p εἰς@p ὁ@dafs νῆσος@nafsc ἐκβαίνω@vpaanmp δέ@b ὁ@dgns σκάφος2@ngnsc εἴσειμι@viia1p ἔνθα@b ὁ@dnmp ἀμπέλινος@annmp- στύλος@annmp- εἰμί@viia3p ὅμως@b ἅμα@p αὐτός@rpdmp ἄλλος@rpnms ἄλλος@anans- τις@rpans ὁ@dgnp φειδίας@ngmsp ἔργον@ngnpc θεωρέω@viia3s"
"Ps-Clem.Petr._81","πέτρος@nnmsp δέ@b μόνος@annms- οὐ@b ἀναγκαῖος@anans- ἡγέομαι@viam3s ἐπί@p ὁ@dafs ὁ@dgmp ἐκεῖ@b ἱστορία@nafsc γίγνομαι@vnam-- γυνή@ndfsc δέ@cs τις@andfs- ἔξω@b πρό@p ὁ@dgfp θύρα@ngfpc κατάἕζομαι@vppedfs καί@cs τροφή@ngfsc χάρις@nafsc μεταιτάω@vppadfs πυκνός@ananp- κατανοέω@vpaanms φημί@viia3s γυνή@nvfsc τίς@rpnns σύ@rpd-s ὁ@dgnp μέλος@ngnpc λείπω@vipa3s ὅτι@cs τοσοῦτος@rpafs ὕβρις@nafsc ἀναδέχομαι@viam2s λέγω3@vipa1s δή@b ὁ@dans προσαιτέω@vnpa-- καί@cs μή@b μᾶλλον@b ὁ@ddfp ὑπό@p ὁ@dgms θεός@ngmsc σύ@rpdcs δωρέω@vpredfp χείρ@ndfpc ἐργάζομαι@vppedfp ὁ@dafp ἐφήμερος@anafp- πορίζω@vspe2s τροφή@nafpc ὁ@dnfs δέ@b στενάζω@vpaanfs ἀποκρίνω@viam3s εἴθε@i γάρ@b ἄω@viaa3p ἐγώ@rpdcs χείρ@nnfpc ὑπουργέω@vnpa-- δύναμαι@vppenfp νῦν@b δέ@x ἐγώ@rpdms σχῆμα@nansc μόνος@anans- χείρ@ngfpc φυλάσσω@vipa3p νεκρός@nnfpc τυγχάνω@vppanfp καί@b ὁ@dnms πέτρος@nnmsp πυνθάνομαι@viam3s τις@annfs- ὁ@dnfs αἰτία@nnfsc οὗτος@rpans σύ@rpams ὁ@dans χαλεπός@ananss πάσχω@vnra-- ὁ@dnfs δέ@b ἀποκρίνω@viam3s ψυχή@ngfsc ἀσθένεια@nnfsc καί@cs πλέος@annnsc οὐδείς@annns- εἰ@cs γάρ@x ἀνδρεῖος@anans- ἔχω@viia1s φρόνημα@nansc εἰμί@viia3s κρημνός@nnmsc ἤ1@cs βυθός@nnmsc ὅθεν@b ἐμαυτοῦ@rpafs ῥίπτω@vpaanfs ὁ@dgnp ὀδυνάω@vppagnp ἐγώ@rpafs παύω@vnam-- δύναμαι@viie1s κακός@angnp-"
"Ps-Clem.Petr._82","καί@cs ὁ@dnms πέτρος@nnmsp φημί@viia3s τίς@rpnns οὖν@b οἴομαι@vipe2s γυνή@nvfsc ὅτι@cs πάντως@b ὁ@dnmp ἀναιρέω@vppanmp ἑαυτοῦ@rpamp κόλασις@ngfsc ἀπαλλάσσω@vipe3p ἤ1@cs μή@b ὁ@ddfs χείρων@andfsc κόλασις@ndfsc ἐν@p ᾅδης@ndfsc ὁ@dnfp ὁ@dgmp οὕτως@b θνήσκω@vppagmp ψυχή@nnfpc περί@p ὁ@dgfs αὐτοκτονία@ngfsc κολάζω@vipe3p ὁ@dnfs δέ@b φημί@viia3s εἴθε@i πείθω@vile1s ὅτι@cs ὄντως@b ἐν@p ᾅδης@ndfsc ψυχή@nnfpc εὑρίσκω@vipe3p ζώννυμι@vnaa-- καί@cs ἀγαπάω@viia3p ὁ@dgfs κόλασις@ngfsc καταφρονέω@vpaanfs θνήσκω@vnaa-- ὅπως@cs ὁ@damp ἐμός@anamp- περίποθητος@anamp- εἶδον@vsaa1s καί@b ἄν@p εἷς@ ἡμέρα@nafsc καί@b ὁ@dnms πέτρος@nnmsp φημί@viia3s τίς@rpnns ἄρα@b εἰμί@vipa3s ὁ@dnns λυπέω@vppanns σύ@rpacs μανθάνω@vnaa-- ἐθέλω@viia1s γυνή@nvfsc ἐάν@cs γάρ@b ἐγώ@rpacs διδάσκω@vsaa2s ἀντί@p οὗτος@angfs- ὁ@dgfs χάρις@ngfsc πληροφορέω@vifa1s σύ@rpams ὅτι@cs ἐν@p ᾅδης@ndfsc ζάω@vipa3p ὁ@dnfp ψυχή@nnfpc καί@cs ἀντί@p κρημνός@ngmsc ἤ1@cs βυθός@ngmsc φάρμακον@nansc δῶμα@vsaa1s ὅπως@cs ἀβασάνιστος@b ὁ@dgns ζάω@vnpa-- ὁ@dams βίος@namsc μεταλλάσσω@vnaa-- δύναμαι@vsap2s"
"Ps-Clem.Petr._83","καί@cs ὁ@dnfs γυνή@nnfsc ὁ@dans ἀμφίβολος@b ἐρῶ@vpapans μή@b συνίημι@vpaanfs ἐπί@p ὁ@ddfs ὑπόσχεσις@ndfsc πείθω@vpapnfs ὁ@dgnp λέγω3@vnpa-- ἄρχω@viam3s ὅως@b γένος@nansc μέν@b καί@cs πατρίς@nafsc εἶπον@vnaa-- οὐ@b οἴομαι@vipe1s πείθω@vnaa-- ποτέ@b δύναμαι@vnap-- τις@rpams πλήν@b καί@b σύ@rpdms τίς@rpans διαφέρω@vipa3s οὗτος@rpans μανθάνω@vnaa-- ἤ1@cs μόνος@anafs- ὁ@dafs αἰτία@nafsc ὅς@rpgfs ἕνεκα@p ὀδυνωνένη@vppenfs δῆγμα@ndnpc ὁ@dafp ἐμός@anafp- ἐγκοπόω@viaa1s χείρ@nafpc πλήν@b ὁ@danp ἐμαυτοῦ@rpafs ὡς@cs δυνατός@annns- ἀκούω@vnaa-- σύ@rpacs διηγέομαι@vifm1s ἐγώ@rpncs πάνυ@b εὐγενής@annfs- ὑπάρχω@vppanfs δυνατός@angns- τις@rpgcs προσάγω@ndfsc ἀνήρ@ndmsc πρός@p γένος@ngnsc αὐτός@rpdms ὑπάρχω@vppadms γίγνομαι@viam1s γυνή@nnfsc καί@cs μετά@p δίδυμος@ananp- τέκνον@nanpc ἔχω@viaa1s ἕτερος@anams- υἱός@namsc ὁ@dnms δέ@b ὁ@dgms ἐγώ@angms- ἀνήρ@ngmsc ἀδελφός@nnmsc μαίνομαι@vpaanms οὐ@b ἐλάσσων@anansc ἔραμαι@viap3s ἐγώ@rpgcs ὁ@ddms ἐραστής@ndmsc συντίθημι@vnae-- μή@b τε@cs ὁ@ddms ἐμός@andms- ἀνήρ@ndmsc ἀνατίθημι@vnae-- ὁ@dams ὁ@dgms ἀδελφός@ngmsc αὐτός@rpgms πρός@p ἐγώ@rpams ἔρως@namsc λογίζομαι@viam1s ἵνα@cs μή@b τε@cs μοιχεύω@vpamnfs ἐμαυτοῦ@rpafs μιαίνω@vsaa1s μή@b τε@cs ὁ@dgms ἐγώ@angms- ἀνήρ@ngmsc ὁ@dafs κοίτη@nafsc ὑβρίζω@vsaa1s μή@b τε@cs ὁ@ddms ἀδελφός@ndmsc ὁ@dams ἀδελφός@namsc πόλεμος@namsc καθίστημι@vifa1s μή@b τε@cs ὅλος@anans- γένος@nansc μέγας@anans- εἰμί@vppaans εἰς@p ὀνειδισμὸς@namsc πᾶς@andmp- ὑποβάλλω@vsaa1s ὡς@cs οὖν@b φημί@viia1s λογίζομαι@viam1s ὁ@dafs πόλις@nafsc μετά@p ὁ@dgmp ἐμός@angmp- δίδυμος@angmp- παῖς@ngmpc ἐκβαίνω@vnaa-- ἐπί@p χρόνος@namsc τις@anams- ἕως@p ἄν@b καί@b ὁ@dnms μιαρός@annms- ἔρως@nnmsc παύω@vsam3s ὁ@dgms ἐπί@p ὁ@ddfs ἐμός@andfs- ὕβρις@ndfsc κολακεύω@vppagms ἐγώ@rpams ὁ@dams μέν@b σύ@b ἕτερος@anams- υἱός@namsc παρά@p ὁ@ddms πατήρ@ndmsc μένω@vnaa-- εἰς@p παραμυθία@nafsc καταλιμπάνω@viaa3p"
"Ps-Clem.Petr._84","πλήν@b ἵνα@cs οὕτως@b οὗτος@rpnnp γίγνομαι@vsam3s ἐπινοέω@viaa1s ὄνειρος@namsc πλάσσω@vnam-- ὡς@b δή@b τις@rpgcs νύκτωρ@b ἐφίστημι@vppagms ἐγώ@rpdcs καί@cs ἐρῶ@vpragms γυνή@nvfsc ἐξαυτῆς@b ἅμα@p ὁ@ddnp δίδυμος@andnp- σύ@rpgcs τέκνον@ndnpc ἐπί@p χρόνος@namsc τις@rpacs μέχρι@cs ὅτε@b μηνύω@vsaa1s ἐπανέρχομαι@vnaa-- σύ@rpacs ἐνταῦθα@b ἐκβαίνω@vmaa2s ὁ@dafs πόλις@nafsc ἐπεί@cs ἅμα@p ἀνήρ@ndmsc καί@cs πᾶς@andmp- σύ@rpgcs ὁ@ddnp τέκνον@ndnpc αἰφνιδίως@b κακός@b τελευτάω@vifa2s ὅμως@b οὕτως@b ποιέω@viaa1s ἅμα@p γάρ@b ὁ@ddns ὁ@dams ὄνειρος@namsc ψεύδω@vnam-- ἐγώ@rpams ὁ@ddms ἀνήρ@ndmsc αὐτός@rpnms περίφοβος@nnmsc γίγνομαι@vpamnms μετά@p ὁ@dgmp δύο@an---- υἱός@ngmpc δοῦλος@ngmpc τε@b καί@cs παιδίσκη@ngfpc καί@cs χρῆμα@ngnpc συχνός@angnp- κατά@p πλόος@namsc εἰς@p ἀθῆναι@nafpp ἐγώ@rpams ἐκπέμπω@viaa3s ἐκπαιδεύω@vnaa-- ὁ@damp υἱός@nampc μέχρι@cs ἄν@b φημί@viia3s ὁ@ddms χρηματίζω@vpaadms δόξα@vsaa3s ἐπάνειμι@vnpa-- σύ@rpams πρός@p ἐγώ@rpams ὅμως@b ἅμα@p τέκνον@ndnpc ὁ@dnfs τάλας@annfs- πλέω@vpaanfs ὑπό@p ἄνεμος@ngmpc ἀταξία@ngfsc εἰς@p οὗτος@rpamp ἀπορρίπτω@vpapnfs ὁ@damp τόπος@nampc νύξ@ngfsc ὁ@dgfs ναῦς@ngfsc διαλύω@vpapgfs ναυάγιον@ndnsc περιπίπτω@viaa1s πᾶς@angmp- δέ@x θνήσκω@vpaagmp ὁ@dnfs ἀτυχής@annfs- ἐγώ@rpnfs μόνος@annfs- ὑπό@p σφοδρός@angns- κῦμα@ngnsc ῥιπίζω@vpapnfs ἐπί@p πέτρα@ngfsc ῥίπτω@viia1s ἐπί@p ’@p ὅς@rpgfs καθίζω@vpapnfs ὁ@dnfs ἄθλιος@annfs- ἐλπίς@ndfsc ὁ@dgns ὁ@danp τέκνον@nanpc ἐγώ@rpacs ζάω@vppaams εὑρίσκω@vnaa-- εἰς@p ὁ@dams βυθός@namsc ἐμαυτοῦ@rpafs οὐ@b ῥίπτω@viaa1s τότε@b ὅτε@cs ὁ@dafs ψυχή@nafsc μεθύσκω@vpreafs ὁ@ddnp κῦμα@ndnpc ἔχω@vppanfs οὗτος@rpans ποιέω@vnaa-- ῥᾴδιος@b δύναμαι@viie1s"
"Ps-Clem.Petr._85","πλήν@nafsp ἐπεί@cs ὄρθρος@nnmsc γίγνομαι@viam3s μέγας@ananp- βοάω@vppanfs καί@cs γοερός@ananp- κωκύω@vppanfs περιβλέπω@viam1s ζητέω@vppanfs ὁ@dgnp ἐμός@angnp- ταλαίπωρος@angnp- βρέφος@ngnpc ὁ@danp νεκρός@ananp- σῶμα@nanpc ἐλεέω@vpaanmp οὖν@b ἐγώ@rpacs ὁ@dnmp ἐπιχώριος@annmp- γυμνός@anafs- εἶδον@vpaanmp ἐνδύω@vpaanmp ἐγώ@rpacs πρῶτος@anans- ὁ@dams βυθός@namsc ἀνερεύνω@viia3p ὁ@danp ἐμός@ananp- ζητέω@vppanmp τέκνον@nanpc καί@b ἐπεί@cs μηδείς@rpans εὑρίσκω@viia3p ὅς@rpgnp ζητέω@viia1s παραμυθία@ngfsc χάρις@p τις@rpnfp ὁ@dgfp φιλοξένων@vppegfp γυνή@ngfpc προσέρχομαι@vpaanfp διηγέομαι@viie3p ἕκαστος@annfs- ὁ@danp ἑαυτοῦ@rpgfs κακός@ananp- ἵνα@cs ὁ@ddfs ὁ@dgfp ὅμοιος@angnp- συμφορά@ndfsc παραμυθία@nafpc τυγχάνω@vsaa1s ὅς@rpnns δή@b μᾶλλον@b ἐγώ@rpams λυπέω@vila3s καί@b δή@b εἰς@p ξενία@nafsc πολύς@angmp- εἰσάγω@vnpa-- ἐγώ@rpacs ἀξιόω@vppagfp εἷς@ τις@rpncs ὁ@dgfp ἐνταῦθα@b πενιχρός@ananp- πολύς@ananp- βιάω@vpamnfs εἰς@p ὁ@dans ἑαυτοῦ@rpgfs ἔρχομαι@vnaa-- ἀναγκάζω@viaa3s οἴκημα@nansc εἶπον@vpaanfs ἐγώ@rpdcs θαρσέω@vmpa2s γυνή@nvfsc καί@cs γάρ@x ὁ@dnms ἐμός@annms- ἀνήρ@nnmsc ναύτης@nnmsc εἰμί@vppanms κατά@p θάλασσα@nafsc θνήσκω@vira3s ἐν@p ὁ@ddfs νεάω@vppadfs τυγχάνω@vppanms ἡλικία@ndfsc καί@cs ἔκτοτε@b πολύς@angmp- ἐγώ@rpafs ἀξιόω@vppagmp πρός@p γάμος@namsc ἐγώ@rpnfs χηρεύω@vnpa-- αἱρέω@viam1s ὁ@dams ἐμός@anams- ποθέω@vppanfs ἀνήρ@namsc εἰμί@vifm3s δέ@b ἐγώ@rpdcp κοινός@annnp- ὅς@rpanp διά@p χείρ@ngfpc ἀμφότερος@annfp- πορίζω@vnpa-- δύναμαι@vipe1p"
"Ps-Clem.Petr._86","καί@cs ἵνα@cs μή@b σύ@rpd-s μηκύνω@vspa1s ὁ@damp οὐ@b ἀναγκαῖος@anamp- λόγος@nampc συνοικέω@viaa1s αὐτός@rpdfs διά@p ὁ@dafs φιλανδρία@nafsc καί@b μετά@p οὐ@b πολύς@anans- ἐγώ@rpgms ὁ@dgfs ταλαίπωρος@angfs- ὁ@dnfp χείρ@nnfpc ὑπό@p ὁ@dgnp δῆγμα@ngnpc παρίημι@viap3p καί@cs ὁ@dnfs ὑποδέχομαι@vpamnfs ἐγώ@rpacs γυνή@nnfsc ὅλος@annfs- ὑπό@p πάθος@ngnsc τις@angns- συνδέω@vpapnfs ἐπί@p ὁ@dgfs οἰκία@ngfsc ῥίπτω@vire3s ἐπεί@cs οὖν@b ὁ@dnms ὁ@dgfp πάλαι@b γυνή@ngfpc ἔλεος@nnmsc παρηκμασάω@viaa3s ἐγώ@rpnms δέ@b καί@cs ὁ@dnfs κατά@p οἶκος@namsc ἀμφότερος@annfp- ἐπισινής@annfp- τυγχάνω@vipa1p ἐκ@p πολύς@angmp- χρόνος@ngmpc ἐνταῦθα@b ὡς@cs ὁράω@vipa2s καθέζομαι@vipe1s προσαιτέω@vppanfs καί@cs ὅς@rpgnp ἄν@b εὐπορέω@vsaa1s καί@cs ὁ@ddfs συντρύφος@andfs- εἰς@p τροφή@nafpc κομίζω@vipa1s καί@b ὁ@dnnp μέν@b ἐμός@annnp- ἐπί@p τοσοῦτος@rpans αὐτάρκης@b ἐρῶ@vmre3s λοιπός@anans- σύ@rpnms μή@b κωλύω@vsaa2s ὁ@dafs ὑπόσχεσις@nafsc πληρόω@vnaa-- ὁ@dgns δίδωμι@vnaa-- ὁ@dans φάρμακον@nansc ὅπως@cs καί@b ἐκεῖνος@rpdfs ἐπιθυμέω@vppadfs θνήσκω@vnaa-- δίδωμι@vsaa3s καί@cs οὕτως@b καί@b ἐγώ@rpnms ὁ@dgns ζάω@vnpa-- ὡς@cs φημί@viia2s μεταλλάσσω@vnaa-- δύναμαι@vsap1s"
"Ps-Clem.Petr._87","οὗτος@rpanp ὁ@dgfs γυνή@ngfsc εἶπον@vpaagfs ὑπό@p λογισμός@ngmpc πολύς@angmp- ὁ@dnms πέτρος@nnmsp μετέωρος@annms- δοκέω@viia3s ἵστημι@vnpe-- ἐγώ@rpncs δέ@b ἐπέρχομαι@vpaanms φημί@viia1s ἐκ@p πολύς@angns- σύ@rpacs περιέρχομαι@vppenms ζητέω@vipa1s καί@b ὁ@danp νῦν@b τίς@rpans ποιέω@vipa1p ὁ@dnms δέ@b πέτρος@nnmsp προστάσσω@viaa3s ἐγώ@rpdcs προάγω@vpaadms μένω@vnpa-- αὐτός@rpams ἐπί@p ὁ@dgns σκάφος2@ngnsc καί@b ἐπεί@cs ἀντεῖπον@vnaa-- οὐ@b εἰμί@viia3s αὐτός@rpdms κελεύω@vpaadms ποιέω@viaa1s ὁ@dans προστάσσω@vpapans ὁ@dnms δέ@b πέτρος@nnmsp μικρός@andfs- τις@rpd-s ὑποψία@ndfsc ὡς@cs αὐτός@rpnms ἐγώ@rpdcs πᾶς@ananp- ὕστερος@b διηγέομαι@viam3s πάλλω@vppenms ὁ@dafs καρδία@nafsc πυνθάνομαι@viie3s ὁ@dgfs γυνή@ngfsc λέγω3@vppanms εἶπον@vmaa2s ἐγώ@rpdcs γυνή@nvfsc ὁ@dans γένος@nansc καί@cs ὁ@dafs πόλις@nafsc καί@cs ὁ@dgnp τέκνον@ngnpc ὁ@danp ὄνομα@nanpc καί@cs ἥδη@b δίδωμι@vipa1s σύ@rpdcs ὁ@dans φάρμακον@nansc ὁ@dnfs δέ@b βία@nafsc πάσχω@vppanfs καί@cs εἶπον@vnaa-- οὐ@b ἐθέλω@vppanfs ὁ@dans δέ@cs φάρμακον@nansc λαμβάνω@vnaa-- ἐπιθυμέω@vppanfs σοφίζω@viam3s ἄλλος@rpanp ἀντί@p ἄλλος@rpgmp εἶπον@vnaa-- καί@cs ὅμως@b φημί@viia3s αὐτός@rpafs μέν@b ἐφεσία@nafsp εἰμί@vnpa-- ὁ@dams δέ@cs ἀνήρ@namsc σικελός@anams- ὡσαύτως@b καί@b ὁ@dgnp τρεῖς@angnp- τέκνον@ngnpc ἀλλάσσω@viaa3s ὁ@danp ὄνομα@nanpc καί@b ὁ@dnms πέτρος@nnmsp νομίζω@vpaanms αὐτός@rpafs ἀληθεύω@vnpa-- φημί@viia3s οἴμοι@i γυνή@nvfsc νομίζω@viia1s μέγας@anafs- τις@rpacs χαρά@nafsc ὁ@ddfs σήμερον@b ἄγω@vnpa-- ἡμέρα@ndfsc ὑποπτεύω@vpaanms σύ@rpacs τις@rpacs εἰμί@vnpa-- ὅς@rpafs νομίζω@viia1s ὅς@rpgfs ὁ@danp πρᾶγμα@nanpc ἀκούω@vpaanms ἀλριβής@b ἐπίσταμαι@vipe1s ὁ@rpnfs δάω@b ἐξορκίζω@viia3s λέγω@vppanfs δέω@vipe1s εἶπον@vmaa2s ἐγώ@rpdcs ἵνα@cs οἶδα@vsra1s εἰ@cs εἰμί@vipa3s τις@rpncs ἐν@p γυνή@ndfpc ἄθλιος@annfsc ἐγώ@rpgcs"
"Ps-Clem.Petr._88","καί@cs ὁ@dnms πέτρος@nnmsp ψεύδω@vnpe-- οὐ@b εἶδος@vpranms ὑπό@p ἔλεος@ngnsc ὁ@dgns πρός@p αὐτός@rpafs ὁ@dans ἀληθής@anans- λέγω3@vnpa-- ἄρχω@viam3s ἐγώ@rpdms τις@rpnms λοιπός@anans- ἤδη@b νεανίης@nnmsc εἰμί@vppanms παρέπομαι@vipe3s ὁ@dgmp ὁ@dgfs θεοσεβεία@ngfsc ὀρέγω@vppenms λόγος@ngmpc ῥωμαῖος@ngmpp ὑπάρχω@vppanms πολίτης@nnmsc ὅστις@rpnms ἐγώ@rpdms διηγέομαι@vipe3s πῶς@b πατήρ@namsc ἔχω@vppanms καί@cs ἀδελφός@nampc δύο@an---- δίδυμος@anamp- οὐδείς@rpams οὗτος@rpgmp ὁράω@vipa3s ὅς@dnfs τε@b γάρ@b μήτηρ@nnfsc φημί@vipa3s ὡς@cs ὁ@dnms πατήρ@nnmsc διηγέομαι@viie3s ἐγώ@rpdms ὄνειρος@namsc εἶδον@vpaanfs ὁ@dafs ῥωμαῖος@ngmpp πόλις@nafsc ἐπί@p χρόνος@namsc τις@anams- ἐξέρχομαι@viaa3s μετά@p ὁ@dgnp δίδυμος@angnp- αὐτός@rpgfs τέκνον@ngnpc ἵνα@cs μή@b κακός@andms- μόρος@ndmsc τελευτάω@vsaa3s καί@cs σύν@p αὐτός@rpdmp ἐκβαίνω@vpaanfs οὐ@b εὑρίσκω@vipe3s ὁ@dnms δέ@b οὗτος@rpgfs μέν@b ἀνήρ@nnmsc αὐτός@rpgms δέ@b πατήρ@nnmsc καί@b αὐτός@rpnms εἰς@p ἐπιζήτησις@nafsc αὐτός@rpgfs ἐκβαίνω@vpaanms οὐ@b εὑρίσκω@vipe3s"
"Ps-Clem.Petr._89","οὗτος@rpanp ὁ@dgms πέτρος@ngmsp εἶπον@vpaagms ἐφίστημι@vpaanfs ὁ@dams νόος@namsc ἑαυτοῦ@rpgfs ὡς@cs ὑπό@p ἐκλήγω@b ἀποψύχω@viaa3s ὁ@dnfs γύννα@nnfsc ὁ@dnms δέ@b πέτρος@nnmsp προσέρχομαι@vpaanms καί@cs ἐπέχω@vpaanms νήφω@vnpa-- αὐτός@rpafs παρακελεύομαι@viam3s καί@cs ὁμολογέω@vnpa-- τίς@rpnns ποτέ@b εἰμί@vipa3s ὅς@rpans πάσχω@vipa3s ὁ@dnfs δέ@b ὥσπερ@cs ἐκ@p μέθος@nansc ὁ@dans λοιπός@anans- ὁ@dgns σῶμα@ngnsc παρατίθημι@vpaanfs ὑποστρέφω@viaa3s ἑαυτοῦ@rpafs ὑφίστημι@vnaa-- δύναμαι@vnap-- ὁ@dans μέγεθος@nansc ὁ@dgfs ἐλπίζω@vppegfs χαρά@ngfsc καί@cs τρίβω@vpaanfs ἑαυτοῦ@rpgfs ὁ@dans πρόσωπον@nansc ποῦ@b εἰμί@vipa3s φημί@viia3s οὗτος@annms- ὁ@dnms νεανίης@nnmsc ὁ@dnms δέ@b ἤδη@b ὅλος@anans- σύνεἶδον@vpaanms ὁ@dans πρᾶγμα@nansc φημί@viia3s εἶπον@vmaa2s ἐγώ@rpdcs σύ@rpncs πρῶτος@anans- ἄλλως@b γάρ@b οὗτος@rpams εἶδον@vnaa-- οὐ@b ἔχω@vipa2s ὁ@dnfs δέ@b σπεύδω@vppanfs ἐγώ@rpnms φημί@vipa3s εἰμί@vipa1s ὁ@dnfs ὁ@dgms νεανίσκος@ngmsc μήτηρ@nnfsc καί@b ὁ@dnms πέτρος@nnmsp φημί@viia3s τίς@rpans οὗτος@rpdms ὄνομα@nnnsc ὁ@dnfs φημί@b κλήμης@ngfsp καί@b ὁ@dnms πέτρος@nnmsp φημί@viia3s οὗτος@rpnms εἰμί@vipa3s καί@cs αὐτός@rpnms εἰμί@vipa3s ὁ@dnms πρό@p μικρός@angns- ἐγώ@rpdcs λαλέω@vpaanms ὅς@rpdms ἀναμένω@vnpa-- ἐγώ@rpacs ἐν@p ὁ@ddns πλοῖον@ndnsc προστάσσω@viaa1s ὁ@dnfs δέ@b προσπίτνω@vpaanfs ὁ@ddms πέτρος@ndmsp παρακαλέω@viia3s σπεύδω@vnpa-- ἐπί@p ὁ@dans πλοῖον@nansc ἔρχομαι@vnaa-- καί@b ὁ@dnms πέτρος@nnmsp εἰ@cs ἐγώ@rpdcs τηρέω@vipa2s ὁ@dafp συνθήκη@nafpc καί@b οὗτος@rpans ποιέω@vifa1s ὁ@dnfs δέ@b φημί@viia3s πᾶς@ananp- ποιέω@vipa1s μόνος@anans- ἐγώ@rpdcs ὁ@dans τέκνον@nansc ὁ@dans μονογενής@anans- δείκνυμι@vmaa2s δοκέω@vmpe2s γάρ@b διά@rpgms ὁ@danp δύο@an---- ἐγώ@rpgms ὁ@danp ἐνταῦθα@b θνήσκω@vpraanp ὁράω@vnpa-- τέκνον@nanpc καί@b ὁ@dnms πέτρος@nnmsp φημί@viia3s ὅταν@cs αὐτός@rpams εἶδον@vsaa2s ἡσυχάζω@vmaa2s μέχρι@cs ἄν@b ὁ@dgfs νῆσος@ngfsc ἐκβαίνω@vsaa1p ὁ@rpnfs δέ@x ἔδω@viaa3s οὕτως@b ποιέω@vifa1s"
"Ps-Clem.Petr._90","λαμβάνω@vppenms οὖν@b ὁ@dgfs χείρ@ngfsc αὐτός@rpgfs ὁ@dnms πέτρος@nnmsp ἄγω@viia3s ἐπί@p ὁ@dans πλοῖον@nansc ἐγώ@rpncs δέ@b εἶδον@vpaanms αὐτός@rpams χειραγωγέω@vppaams γυνή@nafsc γελάω@viaa1s καί@b προσέρχομαι@vpaanms εἰς@p τιμή@nafsc αὐτός@rpgms ἀντί@rpgms χειραγωγέω@vnpa-- αὐτός@rpafs πειράω@viie1s καί@b ἅμα@p ὁ@ddns ἅπτω@vnam-- ἐγώ@rpacs ὁ@dgfs χείρ@ngfsc αὐτός@rpgfs ὀλολύζω@vpaanfs ὡς@cs μήτηρ@nnfsc μέγας@anans- καί@cs περιπλέκω@vpapnfs σφόδρα@b καταφιλέω@viia3s ἐγώ@rpacs ὁ@dams αὐτός@rpgfs υἱός@namsc ἐγώ@rpncs δέ@b ἀγνοέω@vppanms ὅλος@anans- ὁ@dans πρᾶγμα@nansc ὡς@cs μαίνομαι@vppeafs ἀποσείω@viie1s αἰδέομαι@vppenms δέ@b καί@b ὁ@dams πέτρος@namsp πικρία@ngfsc πληρόω@viie1s"
"Ps-Clem.Petr._91","ὁ@dnms δέ@b πέτρος@nnmsp φημί@viia3s ἐάω@i τίς@rpans ποιέω@vipa2s τέκνον@nvnsc κλήμη@nvfsp ἀποσείω@vpfmnms ὁ@dafs σύ@rpafs οὕτως@b τίκτω@vpaaafs ἐγώ@rpncs δέ@b οὗτος@rpans ἀκούω@vpaanms περίδακρυς@b γίγνομαι@vpamnms καί@cs καταπίπτω@vppadfs ὁ@ddfs τίκτω@ndfsc προσπίτνω@vpaanms καταφιλέω@viia1s καί@b γάρ@b ἅμα@p ὁ@ddns ἐρῶ@vnap-- ἐγώ@rpdms οὗτος@anans- ἀμαρύτως@b πως@b ὁ@dans εἶδος@nansc ἀνακαλέω@viie1s πολύς@annmp- μέν@b οὖν@b ὄχλος@nnmpc συντρέχω@viia3p ἱστορέω@vnaa-- ὁ@dafs προσαιτήτριος@nafsc γυνή@nafsc λέγω3@vppanmp ἀλλήλων@rpdmp ὅτι@cs αὐτός@rpafs ἐπιγιγνώσκω@viaa3s ὁ@dnms υῖος@annms- ἀνήρ@nnmsc ἀξιόλογος@annms- βούλομαι@vppedmp οὖν@b ἐγώ@rpdmp ἐξαυτῆς@angfs- σύν@p ὁ@ddfs μήτηρ@ndfsc ὁ@dgfs νῆσος@ngfsc ἐκβαίνω@vnpa-- ὁ@dnfs μήτηρ@nnfsc φημί@viia3s τέκνον@nvnsc ἐγώ@rpgcs ποθεινός@anvns- εὔλογος@annns- εἰμί@vipa3s συντάσσω@vnam-- ὁ@ddfs ὑποδέχομαι@vpamdfs ἐγώ@rpacs γυνή@ndfsc ὅς@rpnfs τις@rpncs πενιχρός@annfs- εἰμί@vppanfs καί@cs ὅλος@annfs- παρειμλένη@nnfsc ἐπί@p ὁ@dgfs οἰκία@ngfsc ῥίπτω@vire3s ὁ@dnms δέ@b πέτρος@nnmsp ἀκούω@vpaanms θαυμάζω@viaa3s καί@cs πᾶς@annmp- ὁ@dnmp περιίστημι@vpranmp ὄχλος@nnmpc ὁ@dgfs γυνή@nafsc ἐπί@p κλίνη@ngfsc κομίζω@vnaa-- καί@cs λέγω@vnaa-- καί@b φέρω@vpapgfs καί@cs τίθημι@vpapgfs ὁ@dgfs κλίνη@ngfsc πᾶς@angmp- ὁ@dgmp ὄχλος@ngmpc ἀκούω@vppagmp φημί@viia3s ὁ@dnms πέτρος@nnmsp εἰ@cs ἀλήθεια@ngfsc κῆρυξ@nnmsc ἐγώ@rpnms τυγχάνω@vipa1s εἰς@p ὁ@dafs ὁ@dgmp παρίστημι@vpragmp πίστις@nafsc ἵνα@cs γνῶσις@vsaa3p ὅτι@cs εἷς@nnmsc εἰμί@vipa3s ὁ@dnms θεός@nnmsc ὁ@dnms ὁ@dams κόσμος@namsc ποιέω@vpaanms ἐξαυτῆς@rpgfs ἐγείρω@vmap3s ὑγιής@annms- καί@b ἅμα@p ὁ@ddns εἶπον@vnaa-- ὁ@dams πέτρος@namsp οὗτος@rpanp ὁ@dnfs γυνή@nnfsc ἐγείρω@viap3s ὑγιής@annfs- καί@cs ὁ@ddms πέτρος@ndmsp προσπίτνω@viaa3s καί@cs ὁ@dafs συνήθης@anams- φίλος@nafsc καταφιλέω@vpaanfs πυνθάνομαι@viie3s τίς@rpnns εἰμί@vopa3s οὗτος@rpnns ὁ@dnfs δέ@b ὅλος@anans- αὐτός@rpdfs ὁ@dans πρᾶγμα@nansc ὁ@dgms ἀναγνωρισμός@ngmsc σύντομος@b διηγέομαι@viam3s καί@cs ὁ@dnmp ἀκούω@vpaanmp καταπλάσσω@viap3p τότε@b ὁ@dnfs μήτηρ@nnfsc ὁ@dafs ξενοδόχος@nafsc θεραπεύω@vpapafs ἱστορέω@vpaanfs παρακαλέω@viia3s καί@b αὐτός@annfs- ἴασις@ngfsc τυγχάνω@vnaa-- ὁ@dnms δέ@b ἐπιτίθημι@vpaanms ὁ@dafs χείρ@nafsc καί@b αὐτός@rpafs θεραπεύω@viaa3s"
"Ps-Clem.Petr._92","καί@cs εἶτα@b οὕτως@b ὁ@dnms πέτρος@nnmsp περί@p θεός@ngmsc καί@cs ὁ@dgfs αὐτός@rpdms διαφέρω@vppagfs πίστις@ngfsc ὁμιλέω@viaa3s προστίθημι@vpaanms ἐπί@p ὁ@ddns τέλος@ndnsc ὅτι@cs εἰ@cs τις@rpnms βούλομαι@vipe3s οὗτος@rpanp ἀκριβής@b μανθάνω@vnaa-- εἰς@p ἀντιοχεία@nafsp ἔρχομαι@vpaanms ὅπου@b πλείων@anafpc ἡμέρα@nafpc περιμένω@vnpa-- κρίνω@viaa1s ὁ@danp πρός@p ὁ@dafs αὐτός@rpgms σωτηρία@nafsc μανθάνω@vmpa3s εἰ@cs γάρ@b δή@b ἐμπορία@ngfsc ἕνεκα@p ἤ1@cs στρατεία@ngfsc πατρίς@nafsc καταλιμπάνω@vnpa-- οἶδα@vira2p καί@cs εἰς@p μακρός@anamp- ἀπέρχομαι@vnpe-- τόπος@nampc διά@p ὁ@dafs αἰώνιος@anafs- σωτηρία@nafsc οὐ@b δέ@b τρεῖς@angfp- ἡμέρα@ngfpc ὁδός@nafsc πορεύω@vnap-- ἐθέλω@vmpa2p μετά@p μέν@b οὖν@b ὁ@dafs προσομιλία@nafsc πέτρος@ngmsp ἐγώ@rpnms ὁ@ddfs ὑγιαίνω@vpapdfs γυνή@ndfsc ἐπί@p πᾶς@angms- ὁ@dgms ὄχλος@ngmsc χίλιοι@anafp- δραχμή@nafpc εἰς@p τροφή@nafpc δωρέω@viam1s παρατίθημι@vpamnms αὐτός@rpafs ἀγαθός@andms- τις@andms- ἀνήρ@ndmsc πρῶτος@andms- ὁ@dgfs πόλις@ngfsc εἰμί@vppadms φύσις@ndfsc μετά@p χαρά@ngfsc οὗτος@rpans ποιέω@vnpa-- προαιρέω@vpredms ἔτι@b δέ@b καί@b ἄλλος@rpdfp πολύς@andfp- ἀργύριον@nanpc διανέμω@vpaanms ὁ@ddfp ποτέ@b ὁ@dafs μήτηρ@nafsc παραμυθέομαι@vpamdfp εὐχαριστέω@vpaanms ὁ@ddms κύριος@ndmsc διαπλέω@viaa1s εἰς@p ἀντάραδος@namsp ἅμα@p ὁ@ddfs μήτηρ@ndfsc καί@b ὁ@ddms πέτρος@ndmsp καί@cs ὁ@ddmp λοιπός@andmp- ἑταῖρος@ndmpc καί@cs οὕτως@b εἰς@p ὁ@dafs ξενία@nafsc ὁρμάω@viaa1p"
"Ps-Clem.Petr._93","γίγνομαι@vpamgmp δέ@b ἐγώ@rpgmp ἐνταῦθα@b καί@cs τροφή@ngfsc μεταλαμβάνω@vpaagmp καί@cs συνήθης@b εὐχαριστέω@vpaagmp ἔτι@b ὥρα@ngfsc εἰμί@vppagfs φημί@viia1s ἐγώ@rpnms ὁ@ddms πέτρος@ndmsp φιλανθρωπία@ngfsc ἔργον@nansc κύριος@nvmsc ἐγώ@rpgms πέτρος@nvmsp ὁ@dnfs ἐμός@annfs- ποιέω@viaa3s μήτηρ@nnfsc ὁ@dgfs ξενοδόχος@angfs- ὑπομιμνῄσκω@vpapnfs γυνή@ngfsc καί@b ὁ@dnms πέτρος@nnmsp ἀποκρίνω@viam3s ἆρα@b γε@b ὦ@i κλήμη@nvmsp ἀληθής@b νομίζω@vira2s φιλανθρωπία@ngfsc ἔργον@nansc ποιέω@vnra-- ὁ@dafs τε@b τίκτω@vpaaafs κατά@p ὅς@rpans ὁ@dafs ἀπό@p ναυάγιον@ngnsc αὐτός@rpafs ὑποδέχομαι@vpamafs ἀμείβω@viam3s ἤ1@b ὡς@cs μήτηρ@ndfsc μέγας@ananp- χαρίζομαι@vppenms οὗτος@anams- ἐρῶ@vira2s ὁ@dams λόγος@namsc εἰ@cs δέ@b οὐ@b ὡς@cs χαρίζομαι@vppenms ἀλλά@cs ὡς@cs ἀληθεύω@vppanms φημί@viia2s ἔοικα@vira2s ἐγώ@rpdcs ἀγνοέω@vnpa-- τίς@rpnns ποτέ@b εἰμί@vipa3s φιλανθρωπία@ngfsc μέγεθος@nnnsc ὅστις@rpnfs εἰμί@vipa3s ἄνευ@p ὁ@dgms φυσικός@b πείθω@vppagms ὁ@dnfs πρός@p οἷος@rpans δήποτε@b στοργή@nnfsc κατά@p ὅς@rpans ἄνθρωπος@nnmsc εἰμί@vipa3s ἀλλά@b οὐ@b δέ@b ὁ@dafs ξενοδόχος@nafsc ὁ@dafs ἀπό@p ὁ@dgns ναυάγιον@ngnsc ὑποδέχομαι@vpreafs ὁ@dafs σύ@rpams τίκτω@vpaaafs φιλάνθρωπον@anafs- εἶπον@vnaa-- τολμάω@vipa1s ὑπό@p ἔλεος@ngmsc γάρ@b κολακεύω@vpapnfs πείθω@vile3s εὐεργέτις@nnfsc γίγνομαι@vnam-- γυνή@ngfsc ναυάγιον@ndnsc περιπίπτω@vppagfs τέκνον@nanpc πενθέω@vppagfs ξένη@ngfsc γυμνός@angfs- μονόω@vpregfs καί@cs σφόδρα@b ἐπί@p ὁ@ddfp συμφορά@ndfpc ὀλοφύρομαι@vppegfs ἐν@p τοσοῦτος@andfp- οὖν@b αὐτός@rpgfs συμφορά@ndfpc εἰμί@vppagfs τις@rpnms καί@b ἀσεβής@vppanms εἶδον@vpaanms οὐ@b ἄν@b ἐλεέω@viaa3s ὥστε@b οὔπω@b φιλανθρωπία@ngfsc ἔργον@nansc ποιέω@vpranfs φαίνω@vipe3s οὐ@b δέ@b ὁ@dnfs ξενοδόχος@annfs- γυνή@nnfsc ἀλλά@cs ὑπό@p ἔλεος@ngnsc ὁ@dgns ἐπί@p μυρίος@andfp- συμφορά@ndfpc πρός@p εὐεργεσία@nafsc κινέω@vprenfs καί@b γάρ@b ὁ@dnfs σύ@rpams τίκτω@vpaanfs βίος@ngmsc εὐπορέω@vpaanfs καί@cs ὁ@dafs ξενοδόχος@nafsc ἀμείβω@vpamnfs φιλανθρωπία@ngfsc ἔργον@nansc οὐ@b ποιέω@viaa3s ἀλλά@cs φιλία@ngfsc πολύς@annfs- δέ@b διαφορά@nnfsc μεταξύ@p φιλία@ngfsc καί@cs φιλανθρωπία@ngfsc ὅτι@cs ὁ@dnfs μέν@b φιλία@nnfsc ἐκ@p ἀμοιβή@ngfsc γίγνομαι@vipe3s ὁ@dnfs δέ@b φιλανθρωπία@nnfsc ἄνευ@p ὁ@dgms φυσικός@b πείθω@vppagms πᾶς@anams- ἄνθρωπος@namsc καθό@cs ἄνθρωπος@nnmsc εἰμί@vipa3s φιλέω@vppanfs εὐεργετέω@vipa3s εἰ@cs μέν@b οὖν@b ὁ@dnfs ἐλεέω@vpaanfs ξενοδόχος@nnfsc καί@b ἐχθρός@nampc ἀδέω@vpaaamp ἐλεέω@vppanfs εὐεργετέω@vipa3s φιλάνθρωπος@annms- ἄν@b εἰμί@vopa3s εἰ@cs δέ@b διά@b φίλος@annfs- ἤ1@cs ἐχθρός@annfs- καί@cs διά@cs ἐχθρός@annfs- ἤ1@cs φίλος@annfs- ὁ@dnfs τοιοῦτος@rpnfs ὁ@dgns τις@rpgcs αἴτιος@ngnsc φίλος@annfs- εἰμί@vipa3s ἤ1@cs ἐχθρός@annfs- οὐ@b ὁ@dgms ἄνθρωπος@ngmsc"
"Ps-Clem.Petr._94","καί@b ἐγώ@rpnms ἀποκρίνω@viam1s οὐ@b δοκέω@vipa3s σύ@rpdcs οὖν@b φιλάνθρωπος@annms- εἰμί@vnpa-- καί@b ἄν@b ὁ@dnfs ξενοδόχος@nnfsc ξένη@nafsc ἐάν@cs οὐ@b ἐπίσταμαι@viie3s εὐεργετέω@vpaanfs καί@b ὁ@dnms πέτρος@nnmsp ἐλεήμων@anafs- μέν@b αὐτός@rpafs εἶπον@vnaa-- ἐπίσταμαι@vipe1s φιλάνθρωπον@anafs- δέ@cs οὐ@b τολμάω@vipa1s λέγω3@vnpa-- ἅτε@b δή@b οὐ@b τε@cs ὁ@dafs τίκτω@vpaaafs φιλότεκνος@anafs- ὑπό@p ὠδίνω@angnp- γάρ@b καί@cs ἀνατροφή@ngfsc στέργω@vnpa-- πείθω@vire3s ὥσπερ@cs γάρ@b ὁ@dnms ἐράω1@vppanms ὑπό@p ὁ@dgfs συνήθεια@ngfsc κολακεύω@vipe3s καί@cs ὁ@dnms φίλος@annms- ἀπό@p ὁ@dgfs ἀμοιβή@ngfsc οὕτως@b καί@b ὁ@dnms ἐλεάω@vppanms ὑπό@p ὁ@dgfs συμφορά@ngfsc πλήν@b ἐγγύς@b ὁ@dnms ἐλεήμων@nnmsc ὁ@ddms φιλάνθρωπος@ndmsc ὅτι@cs ἄνευ@p ὁ@dgns τις@rpans θηράω@vnpe-- λαμβάνω@vnaa-- εὐεργετέω@vnpa-- πείθω@vipe3s πλήν@b οὔπω@b φιλάνθρωπος@annfs- εἰμί@vipa3s καί@b ἐγώ@rpnms φημί@viia1s ἐπί@p ποῖος@andfp- οὖν@b πρᾶξις@ndfpc φιλάνθρωπος@annms- εἰμί@vnpa-- τις@rpnms δύναμαι@vipe3s καί@b ὁ@dnms πέτρος@nnmsp ἀποκρίνω@viam3s ἐπεί@cs ὁράω@vipa1s σύ@rpacs γλίχομαι@vppeams ἀκούω@vnaa-- τίς@rpnns ποτέ@b εἰμί@vipa3s φιλανθρωπία@ngfsc ἔργον@nnnsc οὐ@b ὀκνέω@vifa1s λέγω3@vnpa-- φιλάνθρωπος@annms- εἰμί@vipa3s ὁ@dnms καί@b ἐχθρός@anamp- εὐεργετέω@vppanms ὅτι@cs δέ@b οὕτως@b ἔχω@vipa3s ἀκούω@vmaa2s φιλανθρωπία@nnfsc εἰμί@vipa3s ἀρρενόθηλυς@annfs- ὅς@rpgfs ὁ@dnns θῆλυς@annns- μέρος@nnnsc ἐλεημοσύνη@nnfsc λέγω3@vipe3s ὁ@dnns δέ@b ἄρσην@b αὐτός@rpgfs ἀγάπη@nnfsc ὁ@dnfs πρός@p ὁ@dams πλησίος@b ὀνομάζω@vire3s πλησίος@b δέ@b ἄνθρωπος@ndmsc εἰμί@vipa3s ὁ@dnms πᾶς@annms- ἄνθρωπος@nnmsc οὐ@b ὅτι@cs εἷς@annms- ἄνθρωπος@nnmsc ἄνθρωπος@nnfsc γάρ@b εἰμί@vipa3s καί@cs ὁ@dnms κακός@annms- καί@cs ὁ@dnms ἀγαθός@annms- καί@cs ὁ@dnms ἐχθρός@annms- καί@cs ὁ@dnms φίλος@annms- χρή@vipa3s οὖν@b ὁ@dams φιλανθρωπία@nafsc ἀσκέω@vppaams μιμητής@namsc εἰμί@vnpa-- θεός@ngmsc εὐεργετέω@vppaams δίκαιος@anamp- καί@cs ἄδικος@anamp- ὡς@cs αὐτός@annms- ὁ@dnms θεός@nnmsc πᾶς@andmp- ἐν@p ὁ@ddms νῦν@b κόσμος@ndmsc ὁ@dams τε@b ἥλιος@namsc καί@cs ὁ@damp ὑετός@nampc αὐτός@b παραχώννυμι@vppanms εἰ@cs δέ@b ἐθέλω@vipa2s ἀγαθός@anamp- μέν@b εὐεργετέω@vnpa-- κακός@anamp- δέ@cs μηκέτι@b ἤ1@cs κολάζω@vnpa-- κριτής@ngmsc ἔργον@nansc ἐπιχειρέω@vipa2s πράσσω@vnpa-- οὐ@b ὁ@dans ὁ@dgfs φιλανθρωπία@ngfsc σπουδάζω@vipa2s ἔχω@vnpa--"
"Ps-Clem.Petr._95","καί@b ἐγώ@rpncs φημί@viia1s ἆρα@b γε@b καί@b ὁ@dnms θεός@nnmsc μέλλω@vppanms τότε@b κρίνω@vnpa-- ὡς@cs διδάσκω@vipa2s ἐγώ@rpacp οὐ@b φιλάνθρωπος@annms- εἰμί@vipa3s καί@b ὁ@dnms πέτρος@nnmsp ὁ@dans ἐναντίος@anans- λέγω@vipa2s ἐπεί@cs γάρ@b κρίνω@vipa3s διά@p οὗτος@rpans φιλάνθρωπος@annms- εἰμί@vipa3s φιλέω@vppanms γάρ@b καί@cs ἐλεάω@vppanms ὁ@damp ἀδικέω@vpreamp τιμωρέω@vipa3s ὁ@damp ἀδικέω@vpraamp καί@b ἐγώ@rpnms φημί@viia1s οὐ@b οὖν@b εἰ@cs καί@b ἐγώ@rpnms ἀγαθός@anamp- μέν@b εὐεργετέω@vipa1s ὁ@damp δέ@cs ἀδικέω@vppaamp κατά@p ὅς@rpans ἄνθρωπος@nampc ἀδικέω@viaa3p τιμωρέω@vipa1s φιλάνθρωπος@annms- εἰμί@vipa1s καί@b ὁ@dnms πέτρος@nnmsp ἀποκρίνω@viam3s εἰ@cs μετά@p ὁ@dgns πρόγνωσις@nafsc ἔχω@vnpa-- ἔχω@viia2s καί@cs ὁ@dgns κρίνω@vnpa-- ἐξουσία@nafsc ὀρθός@b ἄν@b οὗτος@rpans ποιέω@viia2s διά@p μέν@b ὁ@dgns λαμβάνω@vnra-- ὁ@dafs ἐξουσία@nafsc καταδικάζω@vppanms ὅς@rpamp ὁ@dnms θεός@nnmsc ἐκτίνω@viaa3s διά@p δέ@cs ὁ@dafs πρόγνωσις@nafsc ἄπταιστος@b ἐν@p ὁ@ddns κρίνω@vnpa-- ὅς@rpamp μέν@b ὡς@b δίκαιος@anamp- δικαιόω@vppanms ὅς@rpamp δέ@b ὡς@b ἄδικος@anamp- καταδικάζω@vppanms καί@b ἐγώ@rpnms φημί@viia1s ὀρθός@b φημί@viia2s καί@cs ἀληθής@b ἀδύνατος@annns- γάρ@b τις@rpacs πρόγνωσις@nafsc οὐ@b ἔχω@vppaams ὀρθός@b κρίνω@vnaa-- ἐνίοτε@b γάρ@b φαίνω@vipe3p τις@rpncp ἀγαθός@annmp- ἀθέμιστος@ananp- κρύφα@b διαπράσσω@vppeams ἐνίοτε@b δέ@cs ἀγαθός@annmp- ὑπό@p διαβολή@ngfsc ἐχθρός@angmp- κακός@annmp- ὑπολαμβάνω@vppenmp ἀλλά@b εἰ@cs καί@b ὁ@dgns βασανίζω@vnpa-- καί@cs ἀνακρίνω@vnpa-- ἐξουσία@nafsc τις@rpnms ἔχω@vppanms δικάζω@vipa3s οὐ@b δέ@b οὕτως@b ὁ@dnns πάντως@b δίκαιος@b αὐτός@rpdms δικάζω@vnaa-- γίγνομαι@viie3s ἔνιοι@annmp- γάρ@b φονεύς@annmp- εἰμί@vppanmp ὁ@dafp βάσανος@nafpc ὑπομένω@vpaanmp ὡς@b ἀθῷος@annmp- ἀπολύω@viap3p ἕτερος@annmp- δέ@cs ἀθῷος@annmp- εἰμί@vppanmp ὁ@dafp βάσανος@nafpc μή@b ὑπομένω@vpaanmp ἑαυτοῦ@rpgmp καταψεύδω@vpamnmp ὡς@b αἴτιος@annmp- κολάζω@viap3p"
"Ps-Clem.Petr._96","καί@cs ὁ@dnms πέτρος@nnmsp λέγω3@vipa3s μέτριος@b ἔχω@vipa3s καί@b οὗτος@annnp- ὁ@dans δέ@x μέγας@anansc ἀκούω@vmaa2s ἔνιοι@angmp- ἄνθρωπος@ngmpc ἁμαρτάνω@vppagmp ἤ1@cs εὐεργέω@vppagmp ὅς@rpgnp ποιέω@vipa3p ὅς@rpnnp μέν@b ἴδιος@annnp- αὐτός@rpgmp εἰμί@vipa3s ὅς@rpnnp δέ@cs ἀλλότριος@annnp- δίκαιος@annns- δέ@b ἕκαστος@anams- ἐπί@p ὁ@ddnp ἴδιος@andnp- ἄρτημα@ndnpc τιμωρέω@vnpe-- ἤ1@cs ἐπί@p ὁ@ddnp ἴδιος@andnp- κατόρθωμα@ndnpc εὐεργετέω@vnpe-- ἀδύνατος@annns- δέ@b τις@rpdms πλήν@p προφήτης@ndmsc μόνος@andms- πρόγνωσις@nafsc ἔχω@vppadms ὁ@danp ὑπό@p τις@rpgcs γίγνομαι@vppeanp οἶδα@vnra-- ποῖος@annnp- εἰμί@vipa3s αὐτός@rpgms ἴδιος@annnp- ποῖος@annnp- δέ@cs οὐ@b εἰμί@vipa3p πᾶς@annnp- γάρ@b διά@p αὐτός@rpgms γίγνομαι@vppennp βλέπω@vipe3s καί@b ἐγώ@rpnms φημί@viia1s βούλομαι@viie1s μανθάνω@vnaa-- πῶς@b ὁ@dgnp ἀδίκημα@ngnpc ἤ1@cs κατόρθωμα@ngnpc ὅς@b μέν@b ἴδιος@annnp- ὅς@rpanp δέ@cs ἀλλότριος@annnp- καί@b ὁ@dnms πέτρος@nnmsp ἀποκρίνω@viam3s ὁ@dnms κύριος@nnmsc ἐγώ@rpgcp ἰησοῦς@ngfsp χριστός@nnmsp ὁ@dnms υἱός@nnmsc ὁ@dgms θεός@ngmsc φημί@viia3s ὁ@danp ἀγαθός@ananp- ἔρχομαι@vnaa-- δεῖ@vipa3s μακάριος@annms- δέ@b φημί@vipa3s διά@p ὅς@rpgms ἔρχομαι@vipe3s ὅμοιος@b καί@cs ὁ@danp κακός@ananp- ἀνάγκη@nnfsc ἔρχομαι@vnaa-- οὐαί@rpnfp δέ@b ὁ@ddms ἄνθρωπος@ndmsc διά@p ὅς@rpgms ἔρχομαι@vipe3s εἰ@cs δέ@b διά@p κακός@angnp- κακός@annnp- ἔρχομαι@vipe3s καί@cs διά@p ἀγαθός@angnp- ἀγαθός@annnp- φέρω@vipe3s πρόσειμι@vnpa-- δεῖ@vipa3s ἕκαστος@andms- ὁ@dans ἴδιος@anans- ὁ@dans ἀγαθός@anans- εἰμί@vnpa-- ἤ1@cs κακός@anans- ἐκ@p ὅς@rpgnp προπράσσω@viaa3s διά@p ὁ@dgns ἔρχομαι@vnaa-- ὁ@danp δεύτερος@ananp- ἀγαθός@ananp- ἤ1@cs κακός@ananp- ὅς@rpnnp τις@rpanp ἴδιος@annnp- αὐτός@rpgms ὁ@dgfs αἵρεσις@ngfsc εἰμί@vppaanp ὑπό@p ὁ@dgfs ὁ@dgms θεός@ngmsc πρόνοια@ngfsc διέρχομαι@vnaa-- οἰκονομέω@vnre-- ἐπεί@cs οὖν@b κρίσις@nnfsc οὗτος@rpnfs θεός@ndmsc ὥσπερ@cs ἐπί@p ἀγών@ngmsc ὁ@dams διά@p πᾶς@angfs- κακοπάθεια@ngfsc διέρχομαι@vpapams καί@cs ἄμεμπτος@anams- εὑρίσκω@vpapams ἐκεῖνος@rpams ζωή@ndfpc αἰώνιος@angfs- καταξιόω@vnpe-- ὁ@dnmp γάρ@b ἐν@p ἀγαθός@andnp- ἴδιος@andfs- βουλή@ndfsc προκόπτω@vpaanmp ὑπό@p ὁ@dgmp ἴδιος@andfs- βουλή@ndfsc ἐν@p κακία@ndfsc παραμένω@vpaagmp πειράζω@vipe3p διώκω@vppenmp μισέω@vppenmp λοιδορέω@vppenmp ἐπιβουλεύω@vppenmp τύπτω@vppenmp πλεονεκτέω@vppenmp διαβάλλω@vppenmp ἀγγαρεύω@vppenmp ἐπηρεάζω@vppenmp πᾶς@ananp- ἐκεῖνος@rpanp πάσχω@vppanmp διά@p ὅς@rpgnp εὔλογος@b δοκέω@vipa3s ὁ@dnns ὀργίζω@vnpe-- γίγνομαι@vipe3s καί@cs πρός@p ἄμυνα@nafsc ὁρμάω@vnpa-- ὁ@dnms δέ@b διδάσκαλος@nnmsc οἶδα@vpranms ὅτι@cs ὁ@dnmp οὗτος@rpanp ἄδικος@b ποιέω@vppanmp ἐκ@p πρότερος@angnp- ἁμάρτημα@ngnpc κατάδικος@annmp- εἰμί@vipa3p καί@cs ὅτι@cs διά@p κατάδικος@ngmpc ὁ@dnns ὁ@dgfs κακία@ngfsc πνεῦμα@nnnsc οὗτος@rpanp ἐνεργέω@vipa3s ὁ@damp μέν@b ἄνθρωπος@nampc κατά@p ὅς@rpans ἄνθρωπος@nnmpc εἰμί@vipa3p καί@cs διά@p ἁμαρτία@ngfsc ὄργανον@nanpc γίγνομαι@vppeamp κακία@ngfsc ἐλεέω@vnpa-- συμβουλεύω@viaa3s ὡς@cs φιλανθρωπία@nafsc ἀσκέω@vipa3p καί@cs ὁ@dans ὅσος@annns- ἐπί@p αὐτός@rpdmp εἰμί@vipa3s ὁ@ddmp ἀδικέω@vppedmp ἀπολύω@vnpa-- ὁ@dgfs καταδίκη@ngfsc ὁ@damp ἀδικέω@vppaamp ἵνα@cs ὥσπερ@cs ὁ@dnmp νήφω@vppanmp ὁ@ddmp μεθύω@vppadmp βοηθέω@vspa3p εὐχή@ndfpc νηστεία@ndfpc εὐλογία@ndfpc μή@b ἀνθίστημι@vppenmp μή@b ἀμύνω@vppenmp ἵνα@cs μή@b ἐπί@p πλείων@anansc αὐτός@rpamp ἁμαρτάνω@vnpa-- ἀναγκάζω@vsaa3p ὁ@dgns γάρ@b πάσχω@vnaa-- πάντως@b κρίνω@vpregms τις@rpdns οὐ@b εὔλογος@annns- ἀγανακτέω@vnpa-- ἐκεῖνος@rpdms διά@p ὅς@rpgns καί@cs ὁ@dnns πάσχω@vnaa-- γίγνομαι@vipe3s λογίζομαι@vpamams ὅτι@cs εἰ@cs καί@b ἐκεῖνος@rpnms οὐ@b κακοποιέω@viaa3s αὐτός@rpams διά@p ὁ@dans πάντως@b κακουχέω@vnap-- μέλλω@vnpa-- διά@p ἕτερος@angns- ὁ@dnns πάσχω@vnaa-- εἰμί@viia3s τίς@rpans οὖν@b ἀγανακτέω@vipa1s ὁ@ddms διατίθημι@vpamdms ἐγώ@rpgms πάντως@b πάσχω@vnaa-- κρίνω@vpregms ἀλλά@cs ἔτι@b μήν@b εἰ@cs ὁ@danp αὐτός@rpanp ὁ@ddmp κακός@andmp- πρόφασις@ndfsc ἄμυνα@ngfsc ποιέω@vipa1p παρά@p ὁ@dans πρῶτος@annmp- ἤ1@cs δεύτερος@annmp- ὁ@dans αὐτός@rpans ὁ@ddnp κακός@andnp- ὁ@dnmp ἀγαθός@annmp- πράσσω@vipa1p καί@b ὡς@cs φημί@viia1s οὐ@b χρή@vipa3s ἀγανακτέω@vnpa-- ὡς@b οἶδα@vpraamp ὅτι@cs θεός@ngmsc πρόνοια@ndfsc ὁ@dnmp κακός@annmp- ὁ@damp ἀγαθός@anamp- τιμωρέω@vipe3p ὁ@dnmp οὖν@b ὁ@ddmp τιμωρέω@vppadmp χαλεπαίνω@vppanmp ὡς@b ὁ@damp ἀπόστολος@anamp- θεός@ngmsc ὑβρίζω@vppanmp ἁμαρτάνω@vipa3p τιμάω@vppanmp δέ@cs καί@b ὁ@danp ἐναντίος@ananp- ὁ@ddmp ἀδικέω@vnpa-- νομίζω@vppedmp διατίθημι@vppenmp αὐτός@rpamp εἰς@p ὁ@dams θεός@namsc οὕτως@b κελεύω@vpaaams εὐσεβέω@vipa3p καί@b ἐγώ@rpnms πρός@p οὗτος@rpanp ἀποκρίνω@viam1s οὐκοῦν@b ὁ@dnmp ἀδικέω@vppanmp οὐ@b εἰμί@vipa3p αἴτιος@annmp- ὅτι@cs κρίσις@ndfsc θεός@ngmsc ἀδικέω@vipa3p ὁ@damp δίκαιος@anamp- καί@b ὁ@dnms πέτρος@nnmsp φημί@viia3s καί@b πάνυ@b ἁμαρτάνω@vipa3p πρός@p ὁ@dans ἁμαρτάνω@vnpa-- ἑαυτοῦ@rpamp ἀποδίδωμι@vpranmp ὅθεν@b οἶδα@vpranms ἀπό@p αὐτός@rpgnp ἐκλέγω@vipe3s τιμωρέω@vnpa-- ὁ@damp ἐπί@p ὁ@ddnp πρότερος@andnp- ἁμάρτημα@ndnpc μεταμέλομαι@vpapamp δίκαιος@b ἵνα@cs ὁ@ddmp μέν@b δίκαιος@andmp- διά@p ὁ@dgfs τοιοῦτος@angfs- τιμωρία@ngfsc ὁ@dnnp πρό@p ὁ@dgfs μετάνοια@ngfsc πράσσω@vpapnnp ἀφίημι@vsap3s κακός@annnp- ὁ@ddmp δέ@b τιμωρέω@vppadmp ἀσεβής@ndfpc κακουχέω@vnpa-- ἐπιθυμέω@vppadmp καί@cs μετανοέω@vnpa-- οὐ@b ἐθέλω@vppadmp εἰς@p ἀναπλήρωσις@nafsc ἴδιος@angfs- κόλασις@ngfsc δίκαιος@anamp- κακουχέω@vnpa-- συγχωρέω@viap3s ἄνευ@p γάρ@b ὁ@dgfs ὁ@dgms θεός@ngmsc βουλή@ngfsc οὐ@b δέ@cs στρουθός@nnmsc ἐν@p παγίς@ndfsc ἐμπίτνω@vnaa-- ἔχω@vipa3s οὕτως@b δίκαιος@angnp- καί@b ὁ@dnfp θρίξ@nnfpc ὁ@ddms θεός@ndmsc ἐναρίθμιος@annfp- εἰμί@vipa3p δίκαιος@annms- δέ@b εἰμί@vipa3s ἐκεῖνος@rpnms ὁ@dnms ὁ@dgms εὔλογος@ngmsc ἕνεκα@p ὁ@ddfs φύσις@ndfsc μάχομαι@vppenms οἷος@annns- πᾶς@andmp- πρόσειμι@vipa3s ἐκ@p φύσις@ngfsc ὁ@damp φιλέω@vppaamp φιλέω@vnpa-- δίκαιος@annms- πειράω@vipe3s καί@b ἐχθρός@nampc ἀγαπάω@vnpa-- καί@cs λοιδωρέω@vppaamp εὐλογέω@vnpa-- ἔτι@b μήν@b καί@b ὑπέρ@p ἐχθρός@ngmpc εὔχομαι@vnpe-- ἀδικέω@vppaamp ἐλεέω@vnpa-- διό@b καί@cs προσαδικέω@vnpe-- ἀνέχω@vipe3s καί@cs ὅμως@b καταράομαι@vppeamp εὐλογέω@vipa3s τύπτω@vppadmp συγχωρέω@vipa3s διώκω@vppadmp ὑποχωρέω@vipa3s μή@b ἀσπάζομαι@vppeamp ἀσπάζομαι@vipe3s ὁ@ddmp οὐ@b ἔχω@vppadmp ὅς@rpgnp ἔχω@vipa3s κοινωνέω@vipa3s ὀργίζω@vppeams ποθέω@vipa3s ὁ@dams ἐχθρός@anams- διαλλάσσω@vipa3s ὁ@dams ἀπειθής@anams- παρακαλέω@vipa3s ὁ@dams ἄπιστος@anams- κατηχέω@vipa3s ὁ@dams πενθέω@vppaams παραμυθέομαι@vipe3s ἐπηρεάζω@vppenms στέγω@vipa3s ἀχαριστέω@vppenms οὐ@b ἀγανακτέω@vipa3s εἰς@p δέ@b ὁ@dans ἀγαπάω@vnpa-- ὁ@dams πλησίος@anams- ὡς@p ἑαυτοῦ@rpams ἀποδίδωμι@vpranms οὕτως@b κεῖμαι@vipe3s ὅτι@cs πενία@nafsc οὐ@b φοβέω@vire3s ἀλλά@cs ὁ@danp ἑαυτοῦ@rpgms μερίζω@vppanms ὁ@ddmp οὐ@b ἔχω@vppadmp πένης@nnmsc γίγνομαι@vipe3s ἀλλά@cs οὐ@b δέ@b μήν@b ἁμαρτάνω@vppaamp τιμωρέω@vipa3s ὁ@dnms γάρ@b ὁ@dams πλησίος@anams- ἀγαπάω@vppanms ὡς@p ἑαυτοῦ@rpams ὡς@cs αὐτός@rpnms ἁμαρτάνω@vpaanms οἶδα@vira3s τιμωρέω@vnam-- μή@b ἐθέλω@vnpa-- οὕτως@b οὐ@b δέ@b ὁ@damp ἁμαρτάνω@vppaamp τιμωρέω@vipa3s καί@b ὡς@cs ἐθέλω@vipa3s κολακεύω@vnpe-- καί@b εὐλογέω@vnpe-- καί@b τιμάω@vnpe-- καί@cs πᾶς@ananp- ὁ@danp ἁμάρτημα@nanpc αὐτός@rpdms συγχωρέω@vnpe-- οὗτος@rpans αὐτός@annms- ὁ@ddms πλησίος@b ποιέω@vipa3s ὡς@b ἑαυτοῦ@rpams ἐκεῖνος@rpams ἀγαπάω@vppanms εἷς@ δέ@b λόγος@ndmsc ὁ@rpnms ἐθέλω@vipa3s ἑαυτοῦ@rpdms ἐθέλω@vipa3s καί@cs ὁ@ddms πλησίος@b οὗτος@rpnms γάρ@b εἰμί@vipa3s θεός@ngmsc νόμος@nnmsc καί@cs προφήτης@ngmpc οὗτος@rpnfs ὁ@dgfs ἀλήθεια@ngfsc ὁ@dnfs διδασκαλία@nnfsc καί@b οὗτος@rpanp μέν@b ἀγάπη@nnfsc ὁ@dnfs πρός@p πᾶς@anams- ἄνθρωπος@namsc τέλειος@annfs- ὁ@dnns ἄρσην@b μέρος@nnnsc εἰμί@vipa3s εἰμί@vppanfs ὁ@dgfs φλανθρωπία@ngfsc ὁ@dnns δέ@b ἐλεέω@vnpa-- θῆλυς@annns- μέρος@nnnsc εἰμί@vipa3s αὐτός@rpgfs ὅσπερ@rpnns εἰμί@vipa3s πεινάω@vppaams τρέφω@vnaa-- καί@cs ποτός@namsc διψάω@vppadms παρέχω@vnaa-- καί@cs γυμνός@anams- ἐνδύω@vnaa-- καί@cs νοσέω@vppaams ἐπισκέπτομαι@vnam-- καί@cs ξένος1@namsc δέχομαι@vnam-- ὁ@ddms ἐν@p εἱρκτή@andfs- κατά@p ὁ@dans δυνατός@anans- ἐπιφαίνω@vppeams βοηθέω@vnpa-- καί@cs ὁμοθυμαδόν@b ὁ@dams ἐν@p συμφορά@ndfpc ἐλεάω@vnaa--"
"Ps-Clem.Petr._97","ἐγώ@rpnms δέ@b ἀκούω@vpaanms φημί@viia1s οὗτος@rpanp μέν@b δυνατός@annns- πράσσω@vnpa-- ἐχθρός@nampc δέ@cs εὐεργετέω@vnpa-- πᾶς@anafs- αὐτός@rpgnp ὑποφέρω@vppaams ἐπήρεια@nafsc οὐ@b οἴομαι@vipe1s δυνατός@anans- ἀνθρώπειος@ndfsc πρόσειμι@vnaa-- φύσις@ndfsc καί@b ὁ@dnms πέτρος@nnmsp ἀποκρίνω@viam3s ὀρθός@b φημί@viia2s ἀθανασία@ngfsc γάρ@b αἰτία@nnfsc εἰμί@vppanfs ὁ@dnfs φιλανθρωπία@nnfsc πολύς@angns- δίδωμι@vipe3s καί@b ἐγώ@rpnms φημί@viia1s πῶς@b οὖν@x σύνειμι@vipa3s ἐν@p νόος@ndmsc λαμβάνω@vnaa-- καί@b ὁ@dnms πέτρος@nnmsp ἀποκρίνω@viam3s οὗτος@rpafs ὦ@i φίλος@anvms- κλήμη@nvmsp λαμβάνω@vnaa-- εἰμί@vipa3s ἐάν@cs πληροφορέω@vsap3s τις@rpnms ὅτι@cs ὁ@dnmp ἐχθρός@nnmpc πρός@p καιρός@namsc κακουχέω@vppanmp ὅς@rpamp μισέω@vipa3p αἰώνιος@angfs- κόλασις@ngfsc ἀπαλλαγή@ngfsc αὐτός@rpdmp αἴτιος@annmp- γίγνομαι@vipe3p προσέτι@b δέ@b αὐτός@rpamp ὡς@b εὐεργέτης@nampc σφόδρα@b ἀγαπάω@vifa3p εἰ@cs δέ@b ὅλος@b ὁ@dgns οὗτος@rpafs λαμβάνω@vnaa-- ὦ@i φίλος@anvms- κλήμη@nvmsp μήτις@nnfsc εἰμί@vipa3s οὐ@b πάρειμι@vipa3s φόβος@nnmsc θεός@ngmsc ὁ@dnms γάρ@b θεός@namsc φοβέω@vppenms ὁ@dams πλησίος@b ὡς@cs ἑαυτοῦ@rpams ἀγαπάω@vipa3s ὁ@ddms μέν@b σύ@b πρός@p θεός@ngmsc φόβος@ndmsc ὁ@danp ἀγαπάω@vppagnp ποιέω@vnpa-- δύναμαι@vipe3s καί@cs εἰθ@cs ’@cs οὕτως@b πράσσω@vpaadms ὁ@danp ἀγάπη@ngfsc ὁ@dnns ἀγαπάω@vnpa-- ὡς@cs νύμφη@nnfsc εἰμί@vppanfs προσφέρω@vipe3s ὡς@cs νυμφίος@ndmsc ὁ@ddms φόβος@ndmsc καί@cs οὕτως@b ὁ@damp φιλάνθρωπος@anamp- τίκτω@vppanfs λογισμός@nampc ἀθάνατος@anafs- τίθημι@vipa3s ὁ@dams κτάομαι@vpreams ὡς@cs εἰκών@nafsc θεός@ngmsc ὅμοιος@anafs- ὑπό@p φθορά@ngfsc ὑβρίζω@vnap-- μή@b δύναμαι@vppeafs ὁ@dafs αὐτός@rpgms φύσις@nafsc ὁμῶς@b ὁ@dams ὁ@dgfs φιλανθρωπία@ngfsc ἐκτίθημι@vpamnms ἐγώ@rpdmp λόγος@namsc ἑσπέρα@ngfsc ἐπικαταλαμβάνω@vpaagfs εἰς@p ὕπνος@nansc τρέπω@viaa1p"
"Ps-Clem.Petr._98","ὄρθρος@ngmsp δέ@b γίγνομαι@vppegns εἴσειμι@vppanms ὁ@dnms πέτρος@nnmsp φημί@viia3s ὁ@dnms μέν@b κλήμης@nnmsp μετά@p ὁ@dgfs αὐτός@rpgms μήτηρ@ngfsc ματθιδίας@ngfsp καί@cs ὁ@dgfs ἐμός@angfs- γυνή@ngfsc ἅμα@nanpc ἐπί@p ὁ@dgns ὄχημα@ngnsc καθέζομαι@vmpe3p ὁρμάω@vppagmp δέ@b ἐγώ@rpgmp ἐπί@p ὁ@dafs βαλαναῖος@ngfsp ὁδός@nafsc πυνθάνομαι@viam3s ἐγώ@rpgms ὁ@dnfs μήτηρ@nnfsc πῶς@b ὁ@dnms πατήρ@nnmsc διάγω@vipa3s καί@b ἐγώ@rpnms φημί@viia1s ἐπί@p ζήτησις@nafsc σύ@rpgms καί@cs ὁ@dgmp δίδυμος@angmp- ἀδελφός@ngmpc ἐγώ@rpgms φαυστῖνος@ngmsp τε@b καί@cs φαυστινιανὸς@ngmsp ἐκβαίνω@vpaanms ἀνεύρετος@annms- εἰμί@vipa3s οἴομαι@vipe1s δέ@b ἐκ@p ὁ@dgns πολύς@angmss τελευτάω@vnaa-- αὐτός@rpams χρόνος@ngmsc ἤ1@cs ναυάγιον@ndnsc περιπίπτω@vpaaams ἤ1@cs ἐν@p ὁδός@ndfsc σφάλλω@vpapams ἤ1@cs ὑπό@p λύπη@ngfsc μαραίνω@vpapams ὁ@dnfs δέ@b ἀκούω@vpaanfs καί@cs ἐπίδακρυς@annfs- γίγνομαι@vpamnfs στενάζω@viaa3s λυπέω@vpapnfs ὁ@ddfs δέ@b πρός@p ἐγώ@rpacs εὕρεσις@ndfsc χαίρω@vppanfs ὁ@dafs ἐκ@p ὁ@dgfs ὑπόμνησις@ngfsc λύπη@nafsc μέτριος@b ἀπαμβλύνω@viia3s κατάἀντάω@viaa1p οὖν@b εἰς@p βαλαναῖος@nafpp ὁ@ddfs δέ@b ἐπέρχομαι@vppadfs ἡμέρα@ndfsc εἰς@p πάλτα@nafsp ἔρχομαι@viaa1p καί@cs ἐκεῖθεν@b εἰς@p γάβαλα@nafsp ὁ@ddfs δέ@cs ἕτερος@andfs- κατάἀντάω@viaa1p εἰς@p λαοδίκεια@nafsp καί@b ἰδού@b πρό@p ὁ@dgfp θύρα@ngfpc νικήτης@nnmsp καί@cs ἀκύλας@nnmsp ἀπαντάω@viia3p ἐγώ@rpdmp καί@cs καταφιλέω@vpaanmp ἄγω@viia3p ἐπί@p ὁ@dafs ξενία@nafsc ὁ@dnms δέ@b πέτρος@nnmsp καλός@anafs- καί@cs μέγας@anafs- πόλις@nafsc εἶδον@vpaanms ἄξιος@annns- φημί@viia3s ἐνταῦθα@b ἡμέρα@ngfpc ἐπιμένω@vnaa-- ὡς@b γάρ@b ἐπίπαν@b ὁ@dnns πλῆθος@nnnsc δυνατός@annnsc εἰμί@vipa3s τίκτω@vnpa-- ὁ@damp ζητέω@vppeamp ὁ@dnms μέν@b οὖν@b νικήτης@nnmsp καί@cs ἀκύλας@nnmsp πυνθάνομαι@viie3p ἐγώ@rpgms τις@annfs- εἰμί@vopa3s οὗτος@annfs- ὁ@dnfs ξένη@annfs- γυνή@nnfsc καί@b ἐγώ@rpnms φημί@viia1s ἐμός@annfs- μήτηρ@nnfsc ὅς@rpafs ἐπιγιγνώσκω@vnaa-- ἐγώ@rpdcs ὁ@dnms θεός@nnmsc διά@p πέτρος@ngmsp ὁ@dgms κύριος@ngmsc ἐγώ@rpgms δωρέομαι@viam3s"
"Ps-Clem.Petr._99","οὗτος@rpanp ἐγώ@rpgms εἶπον@vpaagms ὁ@dnms πέτρος@nnmsp πᾶς@ananp- αὐτός@rpdmp ἐπί@p κεφάλαιος@angnp- ἐκτίθημι@viam3s ὡς@cs ἅμα@rpamp αὐτός@rpamp προοδεύω@vnaa-- ἐγώ@rpnms κλήμης@nnmsp ὁ@dans ἐμός@anans- γένος@nansc αὐτός@rpdms ἐκτίθημι@viam1s καί@b ὁ@dgfs μήτηρ@ngfsc ὁ@dafs ἐκ@p ὁ@dgfs ὁ@dgms ὄνειρος@ngmsc πλαστός@angfs- πρόφασις@ngfsc μετά@p ὁ@dgnp δίδυμος@angnp- αὐτός@rpgfs τέκνον@ngnpc γίγνομαι@vpamafs ἀποδημία@nafsc ἔτι@b τε@b καί@b ὁ@dgms πατήρ@ngmsc ὁ@dafs ἐπί@p ζήτησις@nafsc αὐτός@rpgfs ἀποδημία@nafsc ἔπειτα@cs ὅτι@cs μετά@p ὁ@dans ἀκούω@vnaa-- οὗτος@rpanp εἰσέρχομαι@vpaanms εἰς@p ὁ@dafs νῆσος@nafsc καί@b ὁ@ddfs γυνή@ndfsc συντυγχάνω@vpaanms καί@cs προσαιτέω@vppaafs εἶδον@vpaanms καί@cs ὁ@dgns προσαιτέω@vnpa-- ὁ@dafs αἰτία@nafsc πυνθάνομαι@vpppnms γιγνώσκω@viaa3s αὐτός@rpgfs ὁ@dans γένος@nansc ἀνατροφή@nafsc ὁ@dams πλαστός@anams- ὄνειρος@namsc καί@cs ὁ@dgnp τέκνον@ngnpc ὁ@danp ὄνομα@nanpc ἐγώ@rpgms τε@b ὁ@dgms καταλείπω@vpapgms παρά@p ὁ@ddms πατήρ@ndmsc καί@cs ὁ@dgnp αὐτός@rpgfs συμπορεύομαι@vppegnp δίδυμος@angnp- τέκνον@ngnpc ὅς@rpamp ἐν@p ὁ@ddms βυθός@ndmsc ὑπονοέω@viie3s θνήσκω@vnra--"
"Ps-Clem.Petr._100","οὗτος@rpgnp οὖν@b κεφαλαιώδης@b ἐρῶ@vpapgnp ὑπό@p πέτρος@ngmsp ὁ@dnms νικήτης@nnmsp καί@cs ὁ@dnms ἀκύλας@nnmsp ἐκπλάσσω@vpapnmp λέγω3@viia3p ἆρα@b γε@b δεσπότης@nvmsc καί@cs κύριος@nvmsc ὁ@dgnp ἅπας@angmp- οὗτος@rpnns ἀληθής@annns- ἤ1@cs ὄνειρος@nnmsc εἰμί@vipa3s καί@b ὁ@dnms πέτρος@nnmsp φημί@viia3s εἰ@cs μή@cs κοιμάω@vspe1p ἀληθής@annns- τυγχάνω@vipa3s ὁ@dnmp δέ@b βραχύς@anans- μένω@vpaanmp καί@cs σύννους@nnmpc γίγνομαι@vpamnmp φημί@viia3p ἐγώ@rpnmp εἰμί@vipa1p φαυστῖνος@nnmsp καί@cs φαυστινιανὸς@nnmsp καί@cs ἀπαρχή@ngfsc σύ@rpgcs διαλέγω@vppegms ἀλλήλων@rpdmp ἐμβλέπω@vppanmp πολύς@ananp- περί@p ἑαυτοῦ@rpgmp καταστοχαζόμενος@viie1p μη@cs ἆρα@b οὐ@b ἐγώ@rpdmp διαφέρω@vipa3s ὁ@dnnp λαλέω@vppennp λογίζομαι@vppenmp δέ@b ὅτι@cs πολύς@annnp- παρόμοιος@annnp- γίγνομαι@vipe3p ἐν@p ὁ@ddms βίος@ndmsc διό@b σιωπάω@viia1p πάλλω@vppenmp ὁ@dafp καρδία@nafpc πρός@p δέ@b ὁ@dans τέλος@nansc ὁ@dgns λέγω1@vppegns ἀποβλέπω@vpaanmp ὅτι@cs ἐγώ@rpdmp διαφέρω@vipa3s ὁ@dnnp λέγω3@vppennp τότε@b ἑαυτοῦ@rpamp ὁμολογέω@viaa1p καί@b οὗτος@rpans εἶπον@vpaanmp μετά@p δάκρυον@ngnpc ἐπεισέρχομαι@viaa3p ὁ@ddfs μήτηρ@ndfsc καί@cs κοιμάω@vppeafs εὑρίσκω@vpaanmp ἤδη@b περιπλέκομαι@vnpe-- βούλομαι@viie3p ὁ@dnms δέ@b πέτρος@nnmsp κωλύω@viaa3s αὐτός@rpamp εἶπον@vpaanms ἐάω@vmaa2p ἐγώ@rpacs προσάγω@vnaa-- σύ@rpacp καί@cs παρίστημι@vnaa-- ὁ@ddfs μήτηρ@ndfsc μή@cs πως@b ὑπό@p ὁ@dgfs πολύς@angfs- αἰφνίδιος@angfs- χαρά@ngfsc εἰς@p ἔκστασις@nafsc ἔρχομαι@voaa3s φρήν@ngfpc ὅς@b τε@b δή@b κοιμάω@vppenfs καί@cs ὁ@dans πνεῦμα@nansc ὑπό@p ὁ@dgms ὕπνος@ngmsc ἀσχολέω@vpreams ἔχω@vppanfs"
"Ps-Clem.Petr._101","ὅμως@b ἐπεί@cs κόρος@namsc ἔχω@viaa3s ὕπνος@ngmsc διεγείρω@vpapdfs ὁ@ddfs μήτηρ@ndfsc ὁ@dnms πέτρος@nnmsp ἄρχω@viam3s προσάγω@vpaanms λέγω3@vnpa-- γιγνώσκω@vnpa-- σύ@rpacs ἐθέλω@vipa1s γυνή@nvfsc ὁ@dgfs ἡμέτερος@angfs- πίστις@ngfsc ὁ@dafs πολιτεία@nafsc ἐγώ@rpnmp εἷς@anams- θεός@namsc σέβω@vipa1p ὁ@dams ποιέω@vpraams ὅς@rpams ὁράω@vipa2s κόσμος@namsc καί@cs οὗτος@rpgms φυλάσσω@vipa1p ὁ@dams νόμος@namsc περιέχω@vppaams ἐν@p πρῶτος@andmp- αὐτός@rpams σέβω@vnpa-- μόνος@b καί@b ὁ@dans αὐτός@rpgms ἁγιάζω@vnpa-- ὄνομα@nansc τιμάω@vnpa-- τε@b γονεύς@nampc καί@b σωφρονέω@vnpa-- βιόω@vnpa-- τε@cs ἡδέως@b πρός@p οὗτος@rpdnp δέ@b ἀδιάφορος@b βιάω@vppanmp τράπεζα@nafpc ἔθνος@ngnpc οὐ@b ἀπολαύω@vipa1p ἄτε@b δή@b οὐ@b συνεστιάω@vnpe-- αὐτός@rpdnp δύναμαι@vppenmp διά@p ὁ@dans ἀκάθαρτος@b αὐτός@rpamp βιόω@vnpa-- πλήν@b ὁπόταν@b αὐτός@rpamp πείθω@vsaa1p ὁ@danp ὁ@dgfs ἀλήθεια@ngfsc φρονέω@vnpa-- τε@b καί@cs ποιέω@vnpa-- βαπτίζω@vpaanmp αὐτός@rpamp μακάριος@ndfsc τις@andfs- ἐπονομασία@ndfsc τότε@b αὐτός@rpdmp συναυλίζω@vipe1p ἐπεί@b οὐ@b δέ@b ἄν@b πατήρ@nnmsc ἤ1@b μήτηρ@nnfsc τυγχάνω@vspa3s ἤ1@b γυνή@nnfsc τέκνον@nvnsc ἤ1@b ἀδελφός@nnmsc ἤ1@cs ἄλλος@annms- τις@rpnms ἐκ@p φύσις@ngfsc στοργή@nafsc ἔχω@vppanms συνεστιάω@vnpe-- αὐτός@rpdms τολμάω@vnpa-- δύναμαι@vipe1p πίστις@ndfsc γάρ@b διαφερόντως@b οὗτος@rpans ποιέω@vipa1p μή@b οὖν@b ὕβρις@nafsc ἡγέομαι@vsam2s ὁ@dans μή@b συνεστιάω@vnpe-- σύ@rpdms ὁ@dams υἱός@namsc μέχρι@cs ἄν@b μή@b ὁ@danp αὐτός@rpanp αὐτός@rpdms φρονέω@vspa2s καί@cs ποιέω@vspa2s"
"Ps-Clem.Petr._102","ὁ@rpnfs δέ@b ἀκούω@vpaanfs φημί@viia3s τίς@rpans οὖν@b κωλύω@vipa3s σήμερός@nansc ἐγώ@rpacs βαπτίζω@vnap-- ὅστις@rpnfs πρό@p ὁ@dgns εἶδον@vnaa-- σύ@rpacs ὁ@damp λέγω3@vppeamp θεός@nampc ἀποστρέφω@viap1s λογισμός@ndmsc τοιοῦτος@rpdms ὅτι@cs πολύς@ananp- σχεδόν@b κατά@p ἡμέρα@nafsc θύω1@vppagfs αὐτός@rpdmp ἐν@p ὁ@ddfp ἀνάγκη@ndfpc οὐ@b παρίστημι@viap3p ἐγώ@rpdcs περί@p δέ@b μοιχεία@ngfsc τίς@rpans δεῖ@viia3s καί@b λέγω3@vnpa-- ὁπότε@b οὐ@b δέ@b ὅτε@cs πλουτέω@viia1s τρυφή@nnfsc ἐγώ@rpams οὗτος@rpans ἀπατάω@viaa3s οὐ@b δέ@cs ὁ@dnfs μετά@p οὗτος@rpafs πενία@nnfsc ἐπί@p οὗτος@rpans ἔρχομαι@vnaa-- ἀναγκάζω@vnaa-- δύναμαι@vire3s ἀντιποιέω@vppegfs ἐγώ@rpgms ὁ@dgfs σωφροσύνη@ngfsc ὡς@b μέγας@angnss κάλλος@ngnsc ὅς@rpgfs ἕνεκα@p εἰς@p τοσοῦτος@anafs- ἔρχομαι@viaa1s περίστασις@nafsc ἀλλά@b οὐ@b δέ@b οἴομαι@vipe1s σύ@rpams κύριος@nvmsc ἐγώ@rpgms πέτρος@nvmsp ἀγνοέω@vnpa-- ὅτι@cs ὁ@dnfs πλείων@annfsc ἐπιθυμία@nnfsc ἐκ@p εὐθυμία@ngfpc γίγνομαι@vipe3s ὅθεν@b ἐγώ@rpncs ἐν@p εὐθυμία@ndfsc σωφρονέω@vpaanfs ἐν@p δυσθυμία@ndfsc πρός@p ἡδονή@nafpc ἑαυτοῦ@rpafs οὐ@b ἀποδίδωμι@vipa1s ἀλλά@b μη@b δέ@b νῦν@b ἐγώ@rpgms κακοπάθεια@ngfsc ἀπαλλάσσω@vnre-- νομίζω@vsaa2s ὁ@dafs ψυχή@nafsc ὁ@dafs ποσός@b παραμυθία@ngfsc τυγχάνω@vpaaafs διά@p ὁ@dafs ὁ@dgms κλήμης@ngmsp ἐπίγνωσις@nafsc ἀντεισέρχομαι@vppenfs γάρ@b ὁ@dnfs ἐκ@p ὁ@dgnp δύο@ τέκνον@ngnpc ἐγώ@rpgcs ἀπόλεια@nnfsc καί@b ὁ@dafs ποσός@b ἀμαυρόω@vipa3s χαρά@nafsc παραμυθέομαι@vifm1s γάρ@b ἐμαυτοῦ@rpafs περί@p αὐτός@rpgnp ὅτι@cs ἐν@p ὁ@ddfs θάλασσα@ndfsc διαφονέω@viaa3p ἀλλά@b ὅτι@cs πρός@p οὗτος@rpdnp ἐκτός@b τυγχάνω@vpaaans θρησκεία@ngfsc θεός@ngmsc φθείρω@vpapnmp ὁ@danp σῶμα@nanpc καί@cs ὁ@dafp ψυχή@nafpc ἀπόλλυμι@viam3p ὁ@dnms δέ@b οὗτος@rpgmp πατήρ@nnmsc ἐμός@annms- δέ@cs σύμβιος@annms- ὡς@cs παρά@p κλήμης@ngmsp μανθάνω@viaa1s ἐπί@p τε@b ὁ@dafs ἐμός@anafs- καί@cs ὁ@dgmp υἱός@ngmpc ἐκβαίνω@vpaanms ζήτησις@nafsc τοσοῦτος@andnp- ἔτος@ndnpc ἀφανής@annms- εἰμί@vipa3s πάντως@b δέ@b τελευτάω@viaa3s καί@cs γάρ@b ὁ@dnms ταλαίπωρος@annms- ὑπό@p σωφροσύνη@ngfsc ἐγώ@rpacs ἀγαπάω@vppanms φιλότεκνος@annms- εἰμί@viia3s ὅθεν@b πᾶς@angnp- ἐγώ@rpgmp ὁ@dgmp ὑπέρ@p πᾶς@ananp- αὐτός@rpdms ἀγαπάω@vpregmp στερέω@vpapnms ὁ@dnms γέρων@nnmsc ὑπό@p μέγας@angfss ἀθυμία@ngfsc διαφονέω@viaa3s"
"Ps-Clem.Petr._103","ὁ@dgfs μήτηρ@ngfsc οὖν@b οὗτος@rpanp λέγω@vppagfs κατά@p ὁ@dafs ὁ@dgms πέτρος@ngmsp παραίνεσις@nafsc ἀκούω@vppanmp οὐκέτι@b στέγω@vnpa-- δύναμαι@viam3p ὁ@dnmp παῖς@nnmpc ἀλλά@cs ἐγείρω@vpapnmp περιπλέκω@viie3p αὐτός@rpdfs πολύς@ananp- δακρύω@vppanmp καί@cs καταφιλέω@vppanmp ὁ@dnfs δέ@b φημί@viia3s τίς@rpans ἐθέλω@vipa3s οὗτος@rpnns εἰμί@vnpa-- καί@b ὁ@dnms πέτρος@nnmsp ἀποκρίνω@viam3s παρίστημι@vmaa2s ὦ@i γυνή@nvfsc γενναῖος@b ὁ@dams νόος@namsc σύ@rpgcs ὅπως@cs ὁ@dgnp σός@angnp- ἀπολαύω@vsaa2s τέκνον@ngnpc οὗτος@rpnmp γάρ@b εἰμί@vipa3p φαυστῖνος@nnmsp καί@cs φαυστινιανὸς@nnmsp ὁ@dnmp υἱός@nnmpc σύ@rpgms ὅς@rpamp ἐν@p βυθός@ndmsc θνήσκω@vnra-- λέγω3@viia2s ἐν@p ὁ@ddfs χαλεπός@andfss ἐκεῖνος@andfs- νύξ@ndfsc καί@b πῶς@b ὁ@dnms μέν@b αὐτός@rpgmp νικήτης@nnmsp λέγω3@vipe3s ὁ@dnms δέ@cs ἀκύλας@nnmsp αὐτός@rpnmp σύ@rpdms εἶπον@vnaa-- δύναμαι@vifm3p σύν@p σύ@rpdms γάρ@b καί@b ἐγώ@rpnmp μανθάνω@vnaa-- ἔχω@vipa1p οὗτος@rpanp ὁ@dgms πέτρος@ngmsp εἶπον@vpaagms ὁ@dnfs μήτηρ@nnfsc χαίρω@vpapnfs σφόδρα@b ὑπό@p διάλυσις@ngfsc ὀλίγος@angms- διαφωνέω@viia3s ὅτε@cs δέ@b αὐτός@rpafs ἀνακτάομαι@viam1p καθέζομαι@viap3s καί@cs ἐν@p ἑαυτοῦ@rpdfs γίγνομαι@vpamnfs φημί@viia3s παρακαλέω@vipa1s τέκνον@nvnpc ἐγώ@rpgcs ποθεινός@anvnp- εἶπον@vmaa2p ἐγώ@rpdms ὁ@danp μετά@p ὁ@dafs χαλεπός@anafs- νύξ@nafsc ἐκεῖνος@rpafs συμβαίνω@vpaaanp σύ@rpdcp"
"Ps-Clem.Petr._104","καί@cs ὁ@dnms νικήτης@nnmsp ἄρχω@viam3s λέγω3@vnpa-- ὁ@dgfs αὐτός@angfs- ἐκεῖνος@angfs- νύξ@ngfsc ὁ@dgns πλοῖον@ngnsc ὡς@cs οἶδα@vira2s διαλύω@vppegms ἐγώ@rpamp ἀνήρ@nnmpc τις@annmp- ἐν@p ὁ@ddms βυθός@ndmsc λῃστεύω@vnpa-- μή@b φοβέω@vppenmp ἀναιρέω@viam3p καί@cs ἐν@p σκάφος2@ndnsc τίθημι@vpaanmp καί@cs κώπη@ndfpc ἐλαύνω@vppanmp ποτέ@b μέν@b παρά@p γῆ@nafsc φέρω@viia3p ποτέ@b δέ@cs καί@b τροφή@nafpc μεταπέμπω@vppenmp εἰς@p ὁ@dafs στράτων@ngmsp ἄγω@viia3p καισάρεια@nafsp καί@b ἐκεῖ@b δακρύω@vppaamp ἐγώ@rpamp λιμός@ndmsc φόβος@ndmsc τε@b καί@cs πληγή@ndfpc δειματόω@viia3p ὅπως@cs μή@b τις@rpans προπετής@anans- λαλέω@vsaa1p ὁ@dgnp αὐτός@rpdmp μή@b δοκέω@vppagmp ἔτι@b τε@cs καί@b ὁ@danp ὄνομα@nanpc ἐγώ@rpgcp ἀλλάσσω@vpaanmp πωλέω@vnaa-- δύναμαι@viap3p γυνή@nnfsc δέ@b τις@annfs- ἰουδαῖος@ndmpp προσήλυτος@annfs- ἀξιόλογος@annfs- πάνυ@b ὄνομα@ndnsc ἰούστας@nnfsp ὠνέομαι@vpamnfs ἐγώ@rpamp τέκνον@ngnpc φυλάσσω@viia3s τόπος@namsc καί@cs πᾶς@andfs- ἑλληνικός@andfs- παιδεία@ndfsc μετά@p σπουδή@ngfsc ἐκδιδάσκω@viaa3s ἐγώ@rpnmp δέ@b ἐπί@p ἡλικία@ngfsc ἔμφρων@annmp- γίγνομαι@vpamnmp καί@b ὁ@dafs θρησκεία@nafsc ἀγαπάω@viaa1p καί@cs ὁ@danp ὁ@dgfs παιδεία@ngfsc ἐφιλοπονέω@viaa1p ὅπως@cs πρός@p ὁ@danp λοιπός@ananp- ἔθνος@nanpc διαλέγω@vppenmp ἐλέγχω@vnpa-- αὐτός@rpanp περί@p πλάνη@ngfsc δύναμαι@vspe1p ἀλλά@b καί@b ὁ@danp φιλόσοφος@ngmpc ἀκριβόω@viaa1p ἐξαιρετός@b δέ@b ὁ@danp ἄθεος@ananps λέγω3@vipa1s δή@b ὁ@danp ἐπίκουρος@ngmsp καί@cs πύῤῥων@ngmsp ἵνα@cs μᾶλλον@b ἀνασκευάζω@vnpa-- δύναμαι@vspe1p"
"Ps-Clem.Petr._105","σίμων@ndmsp δέ@b τις@rpdcs μάγος@ndmsc σχεδόν@b σύντροφος@annmp- γίγνομαι@vpamnmp φιλία@ngfsc ὁδός@ndmsc ἀπατάω@vnap-- κινδυνεύω@viaa1p ὅμως@b οὗτος@rpnnp μήτηρ@nvfsc ἐπί@p καιρός@ngmsc ἀκριβής@anamsc ἐκτίνω@vifp3s πλήν@b μέλλω@vppadmp ἐγώ@rpdmp ἀπατάω@vnpe-- ὑπό@p ὁ@dgms σίμων@ngmsp ἑταῖρος@nnmsc τις@annms- ὁ@dgms κύριος@ngmsc ἐγώ@rpg-p πέτρος@ngmsp ζακχαῖος@ndmpp λέγω3@vppenms προσδέχομαι@vppmnms νουθετέω@viaa3s μή@b ἀπατάω@vnap-- ὁ@ddms μάγος@ndmsc ἐπέρχομαι@vpaadms δέ@cs ὁ@ddms πέτρος@ndmsp προσάγω@viaa3s ὅπως@cs ἐγώ@rpamp πληροφορέω@vpaanms πείθω@vsaa3s περί@p ὁ@dgnp ὁ@ddfs εὐσέβεια@ndfsc διαφέρω@vppagnp διό@b καί@b σύ@rpa-s μήτηρ@nvfsc εὔχομαι@vipe1p ἵνα@cs ὅς@rpgnp ἐγώ@rpnmp καταξιόω@viap1p ἀγαθός@angnp- οὗτος@rpgnp καί@b σύ@rpnms μεταλαμβάνω@vsaa2s ὅπως@cs κοινῇ@b ἅλς@vppanms καί@cs τράπεζα@ngfsc μεταλαμβάνω@vnaa-- δύναμαι@vspa1p οὗτος@rpnfs οὖν@b εἰμί@vipa3s ὁ@dnfs αἰτία@nnfsc διά@p ὅς@rpafs νομίζω@viia2s ἐγώ@rpamp θνήσκω@vnra-- ὁ@dans ἐν@p ἐκεῖνος@andfs- ὁ@ddfs χαλεπός@andfss νύξ@ndfsc ὑπό@p περατός@ngmpc αἴρω@vnap-- ἐν@p πέλαγος@ndnsc"
"Ps-Clem.Petr._106","οὗτος@rpanp ὁ@dgms φαυστῖνος@ngmsp εἶπον@vpaagms ὁ@dnfs μήτηρ@nnfsc ἐγώ@rpgmp προσπίτνω@viaa3s ὁ@ddms πέτρος@ndmsp δέω2@vppenfs καί@cs ἀξιόω@vppanfs ὅπως@cs αὐτός@rpafs τε@b καί@cs ὁ@dafs ξενοδόχος@nafsc αὐτός@rpgfs μεταπέμπω@vpamnms βαπτίζω@vsaa3s ἵνα@cs φημί@vipa3s μηδείς@annfs- τις@annfs- ἡμέρα@nnfsc ἄμοιρος@annfs- γίγνομαι@vsam3s ἀπό@p ὅς@rpgfs ὁ@danp ἐμαυτοῦ@rpgfs ἀπολαμβάνω@viaa1s τέκνον@nanpc μή@b συνεστιάω@vpapnfs αὐτός@rpdmp οὗτος@rpanp οὖν@b καί@b ἐγώ@rpgmp ὁ@ddfs μήτηρ@ndfsc συμπαρακαλέω@vpaagmp ὁ@dnms πέτρος@nnmsp φημί@viia3s τίς@rpans νομίζω@vmpa2p ἐγώ@rpnms μόνος@annms- ἄσπλαγχνος@annms- εἰμί@vipa1s ὅτι@cs μή@b βούλομαι@vipe1s σύ@rpamp συνεστιάω@vnap-- ὁ@ddfs μήτηρ@ndfsc βαπτίζω@vpaanms αὐτός@rpafs σήμερον@b ἀλλά@b καί@b ἄν@b εἷς@anafs- ἡμέρα@nafsc πρό@p ὁ@dgns βαπτίζω@vnap-- νηστεύω@vnaa-- αὐτός@rpafs δεῖ@viia3s ἐπεί@cs ἁπλῶς@b τις@anams- ἱππέρ@p ἑαυτοῦ@rpgfs φθέγγομαι@viam3s ὁ@dnfs μήτηρ@nnfsc ἐπεί@cs πολύς@angfp- ἡμέρα@ngfpc αὐτός@rpafs ἀφελληνίζω@vnap-- δεῖ@viia3s"
"Ps-Clem.Petr._107","καί@b ἐγώ@rpncs φημί@viia1s εἶπον@vmaa2s ἐγώ@rpdcp τις@ana-s- φθέγγομαι@viam3s λόγος@namsc ὅς@rpnms ὁ@dafs πίστις@nafsc αὐτός@rpgfs ἐκφαίνω@viaa3s καί@b ὁ@dnms πέτρος@nnmsp φημί@viia3s ὁ@dnfs ἀξίωσις@nnfsc αὐτός@rpgfs ὁ@dgns συμβαπτίζω@vnap-- αὐτός@rpafs ὁ@ddfs ξενοδόχος@ndfsc εὐεργέτης@andfs- οὐ@b ἄν@b δέ@b οὗτος@rpans ὁ@ddfs ὑπό@p αὐτός@rpgfs ποθέω@vppedfs δίδωμι@vnap-- παρακαλέω@viia3s εἰ@cs μή@b πρότερος@b αὐτός@rpnfs διατίθημι@viap3s ὡς@b ἐπί@p μέγας@andfs- ὁ@ddfs βάπτισμα@ngnsc δωρεά@ndfsc ὅθεν@b ἐγώ@rpnms πολύς@angmp- καταγιγνώσκω@vipa1s ὁπόταν@cs βαπτίζω@vpapnmp καί@cs πιστεύω@vnpa-- λέγω3@vppanmp μηδείς@rpans ἄξιος@anans- πίστις@ngfsc ποιέω@vspa3p μη@b δέ@cs ὅς@rpamp ἀγαπάω@vspa3p λέγω3@vipa1s δή@b γυνή@nafpc ἑαυτοῦ@rpgmp υἱός@nampc φίλος@nampc πρός@p οὗτος@rpans προτρέπω@vspe3p εἰ@cs γάρ@b πιστεύω@vira3p ζωή@nafsc αἰώνιος@anafs- σύν@p ἔργον@ndnpc καλός@andnp- δωρέω@vnpe-- ὁ@dams θεός@namsc ἀνυπερθέτως@b ὅς@rpamp ἀγαπάω@viia3p προτρέπω@viie3p βαπτίζω@vnap-- ἀλλά@b ἐρῶ@vifa3s τις@rpnms σύ@rpgfp ἀγαπάω@vipa3p αὐτός@rpamp καί@cs φροντίζω@vipa3p αὐτός@rpgmp οὗτος@rpnns εὐήθης@annns- εἰμί@vipa3s ἐπεί@b τίς@rpans δήποτε@b νοσέω@vppaamp ὁράω@vppanmp ἤ1@b ἀπάγω@vppeamp ὁ@dafs ἐπί@p θάνατος@namsc ἤ1@cs ἄλλος@rpanp τις@rpanp χαλεπός@ananp- πάσχω@vppaamp ὀδύρομαι@vipe3p καί@cs ἐλεέω@vipa3p οὕτως@b εἰ@cs πιστεύω@vila3p αἰώνιος@anans- πῦρ@nansc μένω@vnpa-- ἐπί@p ὁ@damp ὁ@dams θεός@namsc μή@b σέβω@vppaamp οὐ@b ἄν@b παύω@viam3p νουθετέω@vppanmp ἤ1@cs καί@b ἀπειθέω@vppaamp ὁράω@vppanmp ὡς@b περί@p ἄπιστος@angnp- ὀδυνάω@vppenmp ὁ@dafs κατά@p αὐτός@rpgmp κόλασις@nafsc βεβαίως@vprenmp καί@b ὁ@danp νῦν@b ὁ@dafs ξενοδόχος@nafsc πέμπω@vpaanms ἀνακρίνω@vifa1s εἰ@cs ὁ@dams νόμος@namsc ἐγώ@rpgmp ἀγαπάω@vnpa-- αἱρέω@vipe3s καί@cs οὕτως@b ἀκόλουθος@b ὅς@rpanp δεῖ@vipa3s πράσσω@vifa1p ὁ@dnfs δέ@b μήτηρ@nnfsc σύ@rpgmp ἐπεί@cs πιστός@b διάκειμαι@vipe3s περί@p ὁ@dgns βάπτισμα@ngnsc καί@b ἄν@b εἷς@ πρό@p ὁ@dgns βάπτισμα@ngnsc νηστευέτω@vmaa3s ἡμέρα@nafsc"
"Ps-Clem.Petr._108","ὁ@rpnfs δέ@b ὄμνυμι@viia3s δύο@an---- ὁ@dgfp διέρχομαι@vpaagfp ἡμέρα@ngfpc ὁ@ddfs γυνή@ndfsc πέτρος@ngmsp ὁ@danp κατά@p ὁ@dams ἀναγνωρισμός@namsc διηγέομαι@vppenfs ὑπό@p ὁ@dgfs πολύς@angfs- χαρά@ngfsc τροφή@ngfsc μεταλαμβάνω@vnaa-- οὐ@b δύναμαι@viap1s ἤ1@cs χθές@b μόνος@anans- βραχύς@angns- ὕδωρ@ngnsc μαρτυρέω@viia3s τε@b ὁ@ddms ὅρκος@ndmsc ὁ@dnfs γυνή@nnfsc πέτρος@ngmsp λέγω@vppanfs ὡς@cs ἀληθής@b οὐ@b γεύω@viam3s καί@b ὁ@dnms ἀκύλας@nnmsp φημί@viia3s οὐκοῦν@b οὐδείς@rpnns κωλύω@vipa3s αὐτός@rpafs βαπτίζω@vnap-- καί@b ὁ@dnms πέτρος@nnmsp ἀλλά@b οὐ@b εἰμί@vipa3s οὗτος@rpnns νηστεία@nnfsc βάπτισμα@ngnsc ὁ@rpnns μή@b διά@p αὐτός@rpans γίγνομαι@vira3s καί@b ὁ@dnms φαυστινιανὸς@nnmsp ’@rpams κρίνω@viam3s ἴσως@b οὖν@b ὁ@dnms θεός@nnmsc βούλομαι@vppenms ἐγώ@vppanms ὁ@dafs μήτηρ@nafsc μηδείς@anafs- ἡμέρα@nafsc ὁ@dgfs ἐγώ@rpgcp ἐπίγνωσις@ngfsc χωρίζω@vnaa-- ὁ@dgfs τράπεζα@ngfsc προοικονομέω@viaa3s ὁ@dafs νηστεία@nafsc ὡς@cs γάρ@b σωφρονέω@viaa3s ἐν@p ἄγνοια@ndfsc ὁ@dans πρέπω@vppaans ὁ@dgfs ἀλήθεια@ngfsc ποιέω@vpaanfs οὕτως@b καί@b νῦν@b ὁ@dnms θεός@nnmsc ἴσως@b οἰκονομέω@viaa3s αὐτός@rpafs πρό@p εἷς@angfs- ἡμέρα@ngfsc νηστεύω@vnaa-- ἐν@p ἄγνοια@ndfsc ὑπέρ@p ὁ@dgns ἀληθής@angns- βάπτισμα@ngnsc ἵνα@cs ἀπό@p πρῶτος@angfs- ἡμέρα@ngfsc ὁ@dgns γνωρίζω@vnaa-- ἐγώ@rpamp σύν@p ἐγώ@rpdcp ἅλς@vppanms μεταλαμβάνω@vnaa-- δύναμαι@vsap3s"
"Ps-Clem.Petr._109","καί@cs ὁ@dnms πέτρος@nnmsp φημί@viia3s μή@cs ἐγώ@rpamp νικάω@vmaa3s ὁ@dnfs κακία@nnfsc πρόφασις@nafsc εὑρίσκω@vpaanfs ὁ@dafs πρόνοια@nafsc καί@cs ὁ@dnfs τίκτω@vpaagfs στοργή@nnfsc ἀλλά@b μᾶλλον@b σύ@rpnmp καί@b ἐγώ@rpnms σύν@p σύ@rpdmp ὁ@dafs σήμερον@b διαμένω@vsaa1p νηστεύω@vppanmp καί@cs αὔριον@b βαπτίζω@vifp3s οὐ@b δέ@b ὁ@dnfs ὥρα@nnfsc ὁ@dgfs σήμερον@b ἡμέρα@ngfsc ἐπιτήδειος@annfs- εἰμί@vipa3s εἰς@p ὁ@dans βάπτισμα@nansc καί@b ὅμως@b οὕτως@b γίγνομαι@vnam-- ὁ@dnmp πᾶς@annmp- συνευδοκέω@viaa1p ὄρθριος@anansc δέ@b πολύς@andns- ὁ@dgns κατά@p ἡμέρα@nafsc διυπνύω@vpapnms ὁ@dnms πέτρος@nnmsp εἰσέρχομαι@viia3s πρός@p ἐγώ@rpamp καί@cs ἐξυπνίζω@vpaanms φημί@viia3s φαυστῖνος@nnmsp καί@cs φαυστινιανὸς@nnmsp ἅμα@p κλήμεντ@ndfsp μετά@p ὁ@dgmp οἰκεῖος@angmp- ἀκολουθέω@vmaa3p ἐγώ@rpdms ὅπως@cs ἐν@p σκεπεινός@andms- ὁ@dgfs θάλασσα@ngfsc τόπος@ndmsc ἔρχομαι@vpaanmp βαπτίζω@vnaa-- αὐτός@rpafs δύναμαι@vsap1p"
"Ps-Clem.Petr._110","πλήν@nafsp ἐπί@p ὁ@dams αἰγιαλός@namsc γίγνομαι@vpamgmp ἐγώ@rpgcp μεταξύ@p πέτρος@ngmpc τις@angmp- γαληνός@anams- καί@cs καθαρός@anams- τόπος@namsc εὐπορέω@vpaagmp βαπτίζω@viaa3s αὐτός@rpafs εἰς@p ὁ@dans ὄνομα@nansc ὁ@dgms πατήρ@ngmsc καί@cs ὁ@dgms υἱός@ngmsc καί@cs ὁ@dgns ἅγιος@angns- πνεῦμα@ngnsc ἐγώ@rpnmp δέ@b ὁ@dnmp ἀδελφός@nnmpc ὁ@dgfp γυνή@ngfpc χάρις@p καί@cs ἄλλος@annmp- τις@rpnmp ὑποχωρέω@viaa1p ἔπειτα@b ὁ@dnms πέτρος@nnmsp ὁ@dafp γυνή@nafpc διά@p ὁ@dams ὄχλος@namsc προπέμπω@viaa3s διά@p ἄλλος@rpgfs ὁδός@ngfsc ἐπί@p ὁ@dafs ξενία@nafsc ἔρχομαι@vnaa-- κελεύω@vpaanms ἀνήρ@ngmpc τε@cs μόνος@andmp- ἐγώ@rpdcp σύνειμι1@vnpa-- ὁ@ddfs μήτηρ@ndfsc καί@cs ὁ@ddfp αὐτός@rpdfp γυνή@ndfpc ἐπιτρέπω@viaa3s ἔρχομαι@vpaanmp οὖν@b εἰς@p ὁ@dafs ξενία@nafsc καί@cs ἀναμένω@vppanmp αὐτός@rpams ἔρχομαι@vnaa-- ἀλλήλων@rpdmp διαλέγω@viie1p μετά@p ἱκανός@anafp- δέ@b ὥρα@nafpc ὁ@dnms πέτρος@nnmsp ἔρχομαι@vpaanms καί@cs ἄρτος@namsc λαμβάνω@vpaanms εὐχαριστέω@vpaanms εὐλογέω@vpaanms ἁγιάσω@vpaanms κλάζω@vpaanms ὁ@ddfs μήτηρ@ndfsc πρῶτος@anans- ἐπιδίδωμι@viaa3s μετά@p οὗτος@rpafs ἐγώ@rpdmp ὁ@ddmp υἱός@ndmpc αὐτός@rpgfs καί@b οὕτως@b αὐτός@rpdfs συνεστιάω@viap1p καί@cs ὁ@dams θεός@namsc εὐλογέω@viaa1p"
"Ps-Clem.Petr._111","τότε@b λοιπός@anans- ὁ@dnms πέτρος@nnmsp ὁ@dams ὄχλος@namsc εἰσέρχομαι@vpraams εἶδον@vpaanms καθέζομαι@vpapnms καί@cs παρακαθέζομαι@vnap-- ἐγώ@rpamp κελεύω@vpaanms ὑφηγέομαι@vipe3s τις@andms- λόγος@ndmsc προπέμπω@vpaanms ἐγώ@rpacp ἀπό@p ὁ@dgns βάπτισμα@ngnsc αὐτός@rpnms βραδύνω@vpaanms ἐπέρχομαι@viaa3s ὁ@dafs δέ@b αἰτία@nafsc λέγω3@viia3s τοιοῦτος@anafs- ἅμα@p ὁ@ddns σύ@rpamp φημί@vipa3s ἀφεστήξω@vnaa-- γέρων@nnmsc σύνειμι2@viia3s ἐργάτης@nnmsc περίεργος@annms- κλέπτω@vppanms ἑαυτοῦ@rpams προκατασκοπέω@vpaanms ἐγώ@rpamp ὡς@cs αὐτός@rpnms ὕστερος@b ὁμολογέω@viaa3s πρός@p ὁ@dans εἶδον@vnaa-- τίς@rpans ἄν@b πράσσω@vopa1p εἰς@p ὁ@dams σκεπανόν@anams- τόπος@namsc εἰσέρχομαι@vpaanmp εἶτα@b λάθρῃ@b ἐκβαίνω@vpaanms ἀκολουθέω@viaa3s ἐν@p εὔκαιρος@andms- τόπος@ndmsc προσέρχομαι@vpaanms καί@cs προσαγορεύω@vpaanms φημί@viia3s ἐκ@p πολύς@angns- σύ@rpdms ἀκολουθέω@vpaanms καί@cs συντυγχάνω@vnaa-- ἐθέλω@vppanms αἰδέομαι@viie1s μήπως@cs ὡς@b περίεργος@andms- ἐγώ@rpdms χαλεπαίνω@vspa2s νῦν@b δέ@b ὁ@danp ἐγώ@rpdms δοκέω@vppaanp ἀληθής@ananp- εἰ@cs βούλομαι@vipe2s λέγω3@vipa1s καί@b ἐγώ@rpnms ἀποκρίνω@viam1s λέγω3@vmpa2s ἐγώ@rpdcp ὅσπερ@rpnns σύ@rpdcs δοκέω@vipa3s καλός@annns- εἰμί@vnpa-- καί@cs ἀποδέχομαι@vifm1p σύ@rpacs καί@b ἄν@cs ὁ@ddns εἰμί@vppadns μή@b καλός@annns- εἰμί@vspa3s ὁ@dnns λέγω3@vppenns ἐπείπερ@cs ἀγαθός@andfs- προαίρεσις@vifm2s ὁ@dans δοκέω@vppaans σύ@rpdcs καλός@anans- εἶπον@vnaa-- ἐθέλω@viaa2s"
"Ps-Clem.Petr._112","καί@cs ὁ@dnms γέρων@nnmsc ὁ@dgns λέγω3@vnpa-- ἄρχω@viam3s οὕτως@b θάλασσα@ndfsc σύ@rpamp λανθάνω@vppeamp εἰς@p ὁ@dams ἀπόκρυφος@anams- τόπος@namsc ὑποχωρέω@vpaaamp εἶδον@vpaanms προσέρχομαι@vpaanms λάθρῃ@b κατάσκοπος@viia1s ὁ@rpans τίς@rpans ἄν@b ἐν@p κρυφαῖος@andns- εἰσέρχομαι@vppanmp πράσσω@vopa3s καί@cs ἐπεί@cs εὔχομαι@vppeamp εἶδον@viaa1s ὑποχωρέω@viaa1s ἐλεέω@vpaanms δέ@b σύ@rpamp ἀναμένω@viaa1s ὅπως@cs ἔξειμι@vppadmp προσομιλέω@vpaanms πείθω@vsaa1s μή@b ἀπατάω@vnpe-- οὐ@b τε@cs γάρ@b θεός@nnmsc εἰμί@vipa3s οὐ@b τε@cs πρόνοια@nnfsc ἀλλά@cs γένεσις@ndfsc ὁ@dnnp πᾶς@annnp- ὑπόκειμαι@vipe3s ὡς@cs ἐγώ@rpnms ἐπί@p ὅς@rpdnp πάσχω@vira1s δοκιμάζω@vire1s ἐκ@p πολύς@angns- ἀκριβόω@angnp- ὁ@dans μάθημα@nansc μή@b οὖν@b ἀπατάω@vmpe2s εἰ@cs τε@cs γάρ@b εὔχομαι@vipe2s εἰ@cs τε@cs μή@b ὁ@danp ἐκ@p ὁ@dgfs γένεσις@ngfsc πάσχω@vnaa-- ἀνάγκη@nafsc ἔχω@vipa2s ὁ@dnfp γάρ@b εὐχή@nnfpc εἰ@cs δύναμαι@viie3p τις@rpans ἤ1@cs ὁ@dans εὐποιέω@vnpa-- αὐτός@rpnms ἄν@b ἐν@p ὁ@ddnp κρείσσων@andnpc εἰμί@viie1s καί@cs νῦν@b εἰ@cs μή@b σύ@rpams ἀπατάω@vipa3s ὁ@dnfs πενιχρός@annfs- ἐγώ@rpgcs οὗτος@rpnfs ἐσθής@nnfsc οὐ@b ἀπιστέω@vifa2s ὅς@rpdnp λέγω3@vipa1s ἐν@p πολύς@andfs- βίος@ngmsc ποτέ@b εἰμί@vppanms περιουσία@ndfsc πολύς@ananp- καί@b θεός@ndmpc θύω1@viia1s καί@cs δέω2@vppedmp παρέχω@viia1s καί@cs ὅμως@b εὔχομαι@vppenms τε@b καί@cs εὐσεβής@vppanms ὁ@dafs πόρω@vpreafs ἐκφεύγω@vnaa-- οὐ@b δύναμαι@viap1s καί@b ἐγώ@rpnms φημί@viia1s τις@rpnnp εἰμί@vipa3s ὅς@rpanp πάσχω@vira2s ὁ@dnms δέ@b ἀποκρίνω@viam3s οὐ@b ἀνάγκη@nnfsc λέγω3@vnpa-- νῦν@b ἴσως@b δέ@b ἐπί@p τέλος@ndnsc ἀκούω@vsam2s τις@rpncs τε@cs εἰμί@vppanms ἐγώ@rpncs καί@cs τίς@rpgmp καί@cs ἐν@p ποῖος@andfp- βίος@ngmsc περίστασις@ndfpc γίνομαι@vira1s νῦν@b δέ@b ὅτι@cs γένεσις@vpamafp ὁ@dnnp πᾶς@annnp- ὑπόκειμαι@vipe3s πληροφορέω@vnap-- σύ@rpams ἐθέλω@vipa1s"
"Ps-Clem.Petr._113","καί@b ἐγώ@rpncs φημί@viia1s εἰ@cs γένεσις@vpamgns ὁ@dnnp πᾶς@annnp- ὑπόκειμαι@vipe3s καί@cs οὗτος@rpans οὕτως@b ἔχω@vppaans δοκιμάζω@vire1s σεαυτοῦ@rpdms ἐναντίος@ananp- νοέω@vppanms συμβουλεύω@vipa2s εἰ@cs μέν@b γάρ@b παρά@p γένεσις@nafsc οὐ@b δυνατός@annns- οὐ@b δέ@b ὁ@dnns φρονέω@vnpa-- τίς@rpans ματαιοπονέω@vipa2s συμβουλεύω@vppanms γίγνομαι@vnam-- ὅς@rpans γίγνομαι@vnfm-- ἀδύνατος@annns- εἰμί@vipa3s ἀλλά@b ἔτι@b μήν@b εἰ@cs γένεσις@nnfsc ὑφίστημι@vira3s μή@b σπεύδω@vmpe2s πείθω@vnpa-- ἐγώ@rpams μή@b σέβω@vnpa-- ὁ@dams καί@b ὁ@dgnp ἄστρον@ngnpc δεσπότης@namsc ὅς@rpgms ἐθέλω@vppagms μή@b γίγνομαι@vnam-- τις@rpans γίγνομαι@vnam-- ἀδύνατος@anams- ἀεί@b γάρ@b ὁ@dnns ὑπόκειμαι@vppenns ὁ@ddms ἡγέομαι@vppedns πείθω@vnpe-- ἀνάγκη@nafsc ἔχω@vopa3s ὁ@dnns μέντοι@b ὁ@damp νομίζω@vppeamp θεός@nampc σέβω@vnpa-- γένεσις@ngfsc ἐπικρατέω@vppagfs περισσός@annns- εἰμί@vipa3s οὐ@b τε@b γάρ@b παρά@p ὁ@dans δοκέω@vppaans ὁ@ddfs πόρω@vpredfs τις@rpnns γίγνομαι@vipe3s οὐ@b τε@cs αὐτός@rpnmp τις@rpans ποιέω@vnpa-- δύναμαι@vipe3p ὁ@ddfs καθόλου@b αὐτός@rpgmp ὑπόκειμαι@vprenmp γένεσις@vpamgfs εἰ@cs γένεσις@nnfsc εἰμί@vipa3s ἀντίκειμαι@vipe3s ὁ@dnns μή@cs πρῶτος@anans- ἄρχω@vnpa-- ἤ1@b ὑπόκειμαι@vnpe-- οὐ@b δύναμαι@vipe3s ὁ@dans ἀγέννητος@anans- ὡς@b ἀγέννητος@anans- ἑαυτοῦ@rpgns πρέσβυς@anans- μηδείς@rpans ἔχω@vppaans"
"Ps-Clem.Petr._114","τοιοῦτος@ananp- πρός@p ἀλλήλων@rpamp λέγω3@vppagmp ἐγώ@rpgcp πολύς@annms- παρίστημι@viaa3s ὄχλος@nnmsc καί@b τότε@b ἐγώ@rpncs εἰς@p ὁ@dams ὄχλος@namsc ἀποβλέπω@vppanms φημί@viia1s ἐγώ@rpnms καί@cs ὁ@dans ἐμός@anans- φῦλον@nansc ἐκ@p πρόγονος@ngmpc θεός@namsc σέβω@vnpa-- παραλαμβάνω@vpranms καί@cs παράγγελμα@nansc ἔχω@vppanms γένεσις@ndfsc μή@b προσανέχω@vnpa-- λέγω3@vipa1s δή@b ὁ@ddns ὁ@dgfs ἀστρολογία@ngfsc μάθημα@ndnsc διά@p οὗτος@rpans οὐ@b προσέχω@viaa3p ὅθεν@b ἀστρολογία@ngfsc μέν@x οὐ@b εἰμί@vipa1s ἔμπειρος@annms- ὅς@cs δέ@b εἰμί@vipa1s ὑφηγέομαι@vifm1s ἐπεί@cs γένεσις@nafsc ἀπό@p αὐτός@angfs- ὁ@dgfs κατά@p γένεσις@nafsc ἐπιστήμη@ngfsc ἀνασκευάζω@vnpa-- οὐ@b δύναμαι@vipe1s βούλομαι@vipe1s ἄλλος@andms- τρόπος@ndmsc ἀποδείκνυμι@vnaa-- ὅτι@cs κατά@p πρόνοια@nafsc διοικέω@vipe3s ὁ@dnnp πρᾶγμα@nnnpc καί@cs ἕκαστος@annms- πρός@p ὅς@rpanp πράσσω@vipa3s τιμή@ngfsc ἤ1@cs κόλασις@ngfsc τυγχάνω@vifm3s εἰ@cs τε@b δέ@b νῦν@b εἰ@cs τε@cs αὖθις@b οὐδείς@rpnns ἐγώ@rpdms διαφέρω@vipa3s πλήν@b ὅτι@cs πάντως@b ἀπόλαυσις@vifa3s ἕκαστος@annms- ὅς@rpgnp πράσσω@viaa3s ὁ@dnfs δέ@b ἀπόδειξις@nnfsc ὁ@dgns μή@b εἰμί@vnpa-- γένεσις@nafsc εἰμί@vipa3s οὗτος@rpnfs ὁ@dgmp παρίστημι@vpragmp εἰ@cs τις@rpnms ὀφθαλμός@ngmpc στερέω@vire3s ἤ1@b κυλλήν@nafsc ὁ@dafs χείρ@nafsc ἔχω@vipa3s ἤ1@cs χωλός@anams- ὁ@dams πούς@namsc ἤ1@cs ἕτερος@anans- τις@rpans περί@p ὁ@dans σῶμα@nansc ὅς@rpnns ὑποστροφή@nafsc πρός@p ἴασις@nafsc πάλιν@b οὐ@b ἔχω@vipa3s καί@cs πᾶς@angns- ἰατικός@angns- ἐπάγγελμα@ngnsc ἐκτός@p εἰμί@vipa3s ὅς@rpams οὐ@b δέ@b ἀστρολόγος@annmp- ἰάομαι@vnfm-- ἐπαγγέλλω@vipe3p ὅτι@cs μή@b ἀπό@p ὁ@dgms μακρός@angms- αἰών@ngmsc τοιοῦτος@annns- τις@rpnns γίγνομαι@vira3s ἐγώ@rpnms δέ@b θεός@ngmsc δέω2@vpapnms ὁ@dafs ἴασις@nafsc παρέχω@vifa1s ὁπότε@b ἐκ@p γένεσις@ngfsc κατόρθωσις@nafsc ὁ@dans τοιοῦτος@rpans οὐδέποτε@b λαμβάνω@vnaa-- δύναμαι@viap3s οὗτος@rpgns οὕτως@b γίγνομαι@vpamgns οὐ@b ἁμαρτάνω@vipa3p ὁ@dnmp ὁ@dams πᾶς@ananp- ποιέω@vpaaams θεός@namsc βλασφημέω@vppanmp καί@b ὁ@dnms γέρων@nnmsc ἀποκρίνω@viam3s βλασφημέω@vnpa-- γάρ@b εἰμί@vipa3s ὁ@dnns λέγω3@vnpa-- γένεσις@ndfsc ὑπόκειμαι@vnpe-- ὁ@danp πᾶς@ananp- καί@b ἐγώ@rpnms ἀποκρίνω@viam1s καί@b πάνυ@b εἰ@cs γάρ@b πᾶς@annfp- ὁ@dnfp ὁ@dgmp ἄνθρωπος@ngmpc ἁμαρτία@nnfpc καί@b ἀσέβεια@nnfpc καί@cs ἀσέλγεια@nnfpc ἐκ@p ἀστήρ@angnp- γίγνομαι@vipe3p ὁ@dnmp δέ@cs ἀστήρ@nnmpc οὗτος@rpanp ποιέω@vnpa-- ὑπό@p θεός@ngmsc τάσσω@viaa3p ἵνα@cs πᾶς@angnp- χαλεπός@angnp- ἀποτελεστικός@annmp- γίγνομαι@vsam3p ὁ@dnfp πᾶς@angmp- ἁμαρτία@nnfpc εἰς@p αὐτός@rpams ἀναφέρω@vipe3p ὁ@dams ὁ@dafs γένεσις@nafsc τίθημι@vpapams ἐν@p ὁ@ddnp ἄστρον@ndnpc"
"Ps-Clem.Petr._115","καί@cs ὁ@dnms γέρων@nnmsc ἀποκρίνω@viam3s ἀληθής@b μέγας@ananp- φημί@viia2s ἀλλά@cs πᾶς@andfs- σύ@rpgms ὁ@ddfs ἀπαράβατος@andfs- ἀπόδειξις@ndfsc ὁ@dnfs ἐμός@annfs- ἐμποδίζω@vipa3s συνείδησις@nnfsc ἐγώ@rpncs γάρ@b ἀστρολόγος@nnmsc εἰμί@vppanms καί@b ῥώμη@nafsp πρῶτος@anans- οἰκέω@vpaanms φιλέω@vpapnms τις@rpdcs πρός@p γένος@ngnsc εἰμί@vppadns καῖσαρ@ngmsp αὐτός@rpgms τε@b καί@cs ὁ@dgfs σύμβιος@ngnsc ὁ@dafs γένεσις@nafsc ἐπίσταμαι@viie1s καί@b ἱστορέω@vpaanms ἀκόλουθος@b ὁ@ddfs γένεσις@ndfsc αὐτός@rpgmp ὁ@dafp πρᾶξις@nafpc ἀποτελέω@vpapafp ἔργον@ndnsc σύ@rpdms λόγος@ndmsc πείθω@vnpe-- οὐ@b δύναμαι@vipe1s εἰμί@viia3s γάρ@b ὁ@dgfs γένεσις@ngfsc αὐτός@rpgfs ὁ@dnns διάθεμα@nnnsc ποιέω@vnpa-- μοιχάδαι@nampc ἴδιος@angmp- δοῦλος@ngmpc ἐράω@vpaanms καί@cs ἐπί@p ξένη@ngfsc ἐν@p ὕδωρ@ndnpc θνήσκω@vppaafp ὅς@rpnns καί@b οὕτως@b γίγνομαι@vira3s ἔραμαι@vpapnfs γάρ@b ὁ@dgms ἴδιος@angms- δοῦλος@ngmsc καί@cs μή@b φέρω@vppanfs ὁ@dams ψόγος@namsc φεύγω@vpaanfs σύν@p αὐτός@rpdms ἐν@p ἀλλοδαπός@andfs- ὁρμάω@vpaanfs καί@cs κοινωνέω@vpaanfs αὐτός@rpdms θάλασσα@ndfsc διαφθείρω@viap3s"
"Ps-Clem.Petr._116","καί@b ἐγώ@rpnms ἀποκρίνω@viam1s πῶς@b γιγνώσκω@vipa2s ὅτι@cs ὁ@dnfs φεύγω@vpaanfs ἐπί@p ἀλλοδαπός@anafs- γίγνομαι@vpamnfs ὁ@dams δοῦλος@namsc γαμέω@viaa3s καί@cs γαμέω@vpaanfs τελευτάω@viaa3s καί@b ὁ@dnms γέρων@nnmsc ἀσφαλής@b οἶδα@vira1s ὁ@danp ἀληθής@ananp- οὐ@b ὅτι@cs γαμέω@viap1p ὁπότε@b οὐ@b δέ@cs ὅτι@cs ἐράω1@viia3s γιγνώσκω@viia1s ἀλλά@cs μετά@p ὁ@dafs αὐτός@rpgfs ἀπαλλαγή@nafsc ὁ@dnms ἀδελφός@nnmsc ὁ@dgms ἀνήρ@ngmsc αὐτός@rpgfs ἐγώ@rpdms διηγέομαι@viae3s πᾶς@ananp- ὁ@danp κατά@p ὁ@dams αὐτός@rpgfs ἔρως@namsc καί@cs ὡς@cs σεμνός@annms- εἰμί@vppanms ἅτε@b δή@b καί@b ἀδελφός@nnmsc οὐ@b βούλομαι@viap3s μιαίνω@vnaa-- ὁ@dafs κοίτη@nafsc καί@cs πῶς@b βούλομαι@vppenfs καί@cs αἰδέομαι@vppenfs αὐτός@rpams καί@cs ὁ@dams ψόγος@namsc ὁ@dnfs τάλας@annfs- οὐ@b εἰμί@vipa3s γάρ@b αὐτός@rpnfs μέμφομαι@vnam-- ὅτι@cs ἐκ@p γένεσις@ngfsc οὗτος@rpanp ποιέω@vnpa-- καί@cs πάσχω@vnpa-- ἀναγκάζω@viie3s ὄνειρος@namsc εἰ@cs τε@cs ἀληθής@ananp- εἰ@cs τε@cs ψευδής@ananp- πλάσσω@viam3s οὐ@b ἔχω@vipa1s λέγω3@vnpa-- λέγω3@viia3s γάρ@b αὐτός@rpafs ἐρῶ@vnra-- ὡς@b ὅτι@cs ἐν@p ὅραμα@ndnsc ἐφίστημι@vpaanms τις@rpnms κελεύω@viaa3s ἐγώ@rpdcs ἅμα@p τέκνον@ndnpc ἐξαυτῆς@rpgfs ὁ@dafs ῥωμαῖος@ngmpp ἐκβαίνω@vnaa-- πόλις@nafsc ὁ@dnms δέ@b ἀνήρ@nnmsc σώζω@vnpe-- αὐτός@rpafs σύν@p ὁ@ddmp υἱός@ndmpc σπεύδω@vppanms αὐτίκα@b αὐτός@rpamp παιδεύω@vpfmamp εἰς@p ὁ@dafp ἀθῆναι@nafpp ἐκπέμπω@viaa3s σύν@p ὁ@ddfs μήτηρ@ndfsc καί@cs δοῦλος@ndmpc τρίτος@anams- δέ@cs υἱός@namsc ἔχω@vppanms ἔχω@viaa3s παρά@p ἑαυτοῦ@rpdms ὡς@b δή@b ὁ@dgms χρηματίζω@vpaagms κατά@p ὄναρ@nansc σύνειμι1@vnaa-- αὐτός@rpams αὐτός@rpdms ἐπιτρέπω@vpaagms πολύς@angms- δέ@b χρόνος@ngmsc διέρχομαι@vpaagms ὡς@cs οὐ@b λαμβάνω@viaa3s γράμμα@nanpc παρά@p αὐτός@rpgfs αὐτός@rpgms πολλάκις@b πέμπω@vpaagms εἰς@p ἀθῆναι@nafpp ἐγώ@rpacs παραλαμβάνω@vpaanms ὡς@b πᾶς@angnp- αὐτός@rpdms γνήσιος@anamsc εἰμί@vppaams ἐπί@p ὁ@dafs ζήτησις@nafsc αὐτός@rpgfs πορεύω@viap3s πολύς@ananp- μέν@b οὖν@b αὐτός@rpdms καί@b κατά@p ὁ@dafs ἀποδημία@nafsc συγκάμνω@viaa1s πρόθυμος@b μιμνήσκω@vprenms ὅτι@cs ὁ@dgfs πάλαι@b αὐτός@rpgms εὐδαιμονία@ngfsc κοινωνός@namsc ἐγώ@rpams πᾶς@angnp- ἔχω@viia3s ὑπέρ@p πᾶς@anamp- αὐτός@rpgms ἐγώ@rpacs ὁ@damp φίλος@nampc ἀγαπάω@vppanms καί@b δή@b ἀποπλέω@viaa1p αὐτός@angfs- ὁ@dgfs ῥώμη@ngfsp καί@b οὕτως@b εἰς@p ὁ@danp ἐνταῦθα@b ὁ@dgfs συρία@ngfsp μέρος@nanpc γίγνομαι@viam1p καί@cs οὐ@b μετά@p πολύς@anafp- ἡμέρα@nafpc ἀθυμέω@vppanms τελευτάω@viaa3s ἐγώ@rpncs δέ@b ἐνταῦθα@b ἔρχομαι@vpaanms ὁ@dafp διά@p ὁ@dgfp χείρ@ngfpc ἔκτοτε@b μέχρι@p ὁ@dgns δεῦρο@b πορίζω@vipe1s τροφή@nafpc"
"Ps-Clem.Petr._117","οὗτος@rpanp ὁ@dgms γέρων@ngmsc εἶπον@vpaagms σύνεἶδον@vpaanms ὅτι@cs ὅς@rpams λέγω3@viia3s θνήσκω@vnra-- γέρων@namsc αὐτός@rpnms εἰμί@viia3s ἐκ@p ὅς@rpgnp λέγω3@viia3s ὁ@dnms ὑμέτερος@annms- πατήρ@nnmsc οὐ@b βούλομαι@viap1s ὁ@dans κατά@p σύ@rpamp αὐτός@rpdms συναντιλαμβάνω@vnaa-- μέχρι@cs ἄν@b σύ@rpdmp προσανάθομαι@vspe1s πλήν@b ὁ@danp κατά@p ὁ@dafs ξενία@nafsc αὐτός@rpgms καταμανθάνω@vpaanms καί@cs ὁ@dafs ἐμός@anafs- μηνύω@vpaanms ἀκρίβεια@ngfsc ἕνεκα@p οὗτος@rpans μόνος@anans- πυνθάνομαι@viam1s τίς@annns- ὄνομα@nnnsc ὁ@ddms γέρων@ndmsc ὁ@dnms δέ@b φημί@viia3s φαῦστος@nnmsp τίς@rpnns δέ@b ὁ@ddmp δίδυμος@andmp- υἱός@ndmpc ὁ@dnms δέ@b ἀποκρίνω@viam3s φαυστῖνος@nnmsp καί@cs φαυστινιανός@nnmsp τίς@rpnns δέ@b ὁ@ddms τρίτος@andms- υἱός@ndmsc ὁ@dnms δέ@b λέγω@viaa3s κλήμης@ngfsp τίς@rpnns δέ@b ὁ@ddfs οὗτος@rpgmp μήτηρ@ndfsc ὁ@dnms δέ@b φημί@viia3s ματθιδίας@nnfsp ὑπό@p συμπάθεια@ngfsc οὖν@b ἐγώ@rpnms σύνδακρυς@b γίγνομαι@vpamnms ἀπολύω@vpaanms ὁ@damp ὄχλος@nampc ἔρχομαι@viaa1s πρός@p σύ@rpamp ἵνα@cs μετά@p ὁ@dafs ἅλς@vppanms κοινωνία@nafsc οὗτος@rpanp προσανάθομαι@vsam1s σύ@rpdmp πρό@p δέ@b ὁ@dgns ἅλς@vpfanms μεταλαμβάνω@vnaa-- εἶπον@vnaa-- σύ@rpdmp οὐ@b βούλομαι@viap1s μήπως@cs ὑπό@p λύπη@ngfsc νικάω@vpapnmp ἐν@p ὁ@ddfs ὁ@dgns βάπτισμα@ngnsc ἡμέρα@ndfsc πενθέω@vppanmp διατελέω@vsaa2p ὁπότε@cs καί@b ἄγγελος@nnmpc χαίρω@vipa3p οὗτος@rpanp ὁ@dgms πέτρος@ngmsp εἶπον@vpaagms δακρύω@viia1p ὁ@dnmp πᾶς@annmp- μετά@p ὁ@dgfs μήτηρ@ngfsc ὁ@dnms δέ@b δακρύω@vppaamp ἐγώ@rpamp εἶδον@vpaanms φημί@viia3s νῦν@b ἕκαστος@annms- σύ@rpgmp φόβος@ndmsc ὁ@ddms πρός@p θεός@namsc γενναῖος@b φέρω@vmpa3s ὁ@danp λέγω3@vpapanp οὐ@b γάρ@b δή@b σήμερον@b σύ@rpdmp τελευτάω@viaa3s ὁ@dnms πατήρ@nnmsc ἀλλά@cs καί@b ἀνέκαθεν@b ὡς@cs σύ@rpnmp στοχάζομαι@vppenmp ἐρῶ@vira2p"
"Ps-Clem.Petr._118","οὗτος@rpanp ὁ@dgms πέτρος@ngmsp εἶπον@vpaagms ὁ@dnfs μήτηρ@nnfsc μή@b φέρω@vppanfs βοάω@vppanfs φημί@viia3s οἴ@i ἐγώ@rpdms ἀνήρ@nvmsc ἐγώ@rpacp ἀγαπάω@vppanms κρίσις@vifm2s τελευτάω@viaa2s ἐγώ@rpncp δέ@x ζάω@vppanmp φάος@nansc ὁράω@vipa1p καί@cs τροφή@ngfsc μεταλαμβάνω@vipa1p οὔπω@b δέ@b ὁ@dgfs εἷς@angfs- οὗτος@angfs- ὀλολυγή@ngfsc παύω@vpamgfs ἰδού@b ὁ@dnms γέρων@nnmsc εἰσέρχομαι@viia3s καί@cs ἅμα@p ὁ@ddns βούλομαι@vnpe-- αὐτός@rpams ὁ@dgfs κραυγή@ngfsc ὁ@dafs αἰτία@nafsc πυνθάνομαι@vnpe-- εἰς@p ὁ@dafs γυνή@nafsc ἐμβλέπω@vpaanms φημί@viia3s οἴ@i ἐγώ@rpdms τίς@rpans ἐθέλω@vipa3s οὗτος@rpnns εἰμί@vnpa-- τις@rpams ὁράω@vipa1s προσέρχομαι@vpaanms δέ@b καί@b ἀκριβής@b ἐνοράω@vpaanms καί@cs ὁράω@vpapnms περιπλέκω@viie3s ὁ@dnmp δέ@b ὑπό@p χαρά@ngfsc αἰφνίδιος@angfs- διαφωνέω@viia3p ἀμφότερος@annmp- καί@cs λαλέω@vnpa-- ἀλλήλων@rpdmp βούλομαι@vppenmp ἀφασία@ndfsc καταλαμβάνω@vpapnmp ἐκ@p ὁ@dgfs ἄπληστος@angfs- χαρά@ngfsc οὐ@b δύναμαι@viam3p κρατέω@vnpa-- καί@b μετά@p οὐ@b πολύς@anans- ὁ@dnfs μήτηρ@nnfsc φημί@viia3s ἔχω@vipa1s σύ@rpams φαύστος@nvmsp ὁ@dams κατά@p πᾶς@ananp- ἐγώ@rpdms γλυκύς@anamss πῶς@b ἆρα@b ζάω@vipa2s ὅς@rpams ὡς@b θνήσκω@vpraams μικρός@andns- ταχύς@anans- ἀκούω@viaa1p πλήν@b οὗτος@rpnmp εἰμί@vipa3p ἐγώ@rpgmp ὁ@dnmp υἱός@nnmpc φαυστῖνος@nnmsp καί@b φαυστινιανὸς@nnmsp καί@cs κλήμης@nnmsp οὗτος@rpanp εἶπον@vpaagfs ἐγώ@rpncp ὁ@dnmp τρεῖς@ προσπίτνω@vpaanmp αὐτός@rpdms καί@cs καταφιλέω@vppanmp ἀμυδρός@b πως@b ὁ@dafs μορφή@nafsc αὐτός@rpgms καταμανθάνω@viia1p"
"Ps-Clem.Petr._119","οὗτος@rpanp βλέπω@vppanms ὁ@dnms πέτρος@nnmsp φημί@viia3s σύ@rpnms εἰμί@vipa2s φαῦστος@nnmsp ὁ@dnms οὗτος@rpgfs ἀνήρ@nnmsc καί@cs ὁ@dgmp αὐτός@rpgfs παῖς@ngmpc πατήρ@nnmsc ὁ@dnms δέ@b φημί@viia3s ἐγώ@rpncs εἰμί@vipa1s καί@b ὁ@dnms πέτρος@nnmsp πῶς@b οὖν@b ἐγώ@rpdms ὁ@damp σεαυτοῦ@rpgms ὡς@cs περί@p ἄλλος@rpgns διηγέομαι@viam2s πόνος@nampc εἶπον@vpaanms καί@cs λύπη@nafsc καί@cs τάφος@namsc καί@b ὁ@dnms πατήρ@nnmsc ἀποκρίνω@viam3s προσγενής@annms- ὑπάρχω@vppanms καῖσαρ@nnmsp καί@cs περίφωρος@annms- μή@b ἐθέλω@vppanms γίγνομαι@vnam-- εἰς@p ἄλλος@angms- τις@rpgms ὁ@dafs ἐξήγησις@nafsc ἀνατυπόω@viam1s ἵνα@cs αὐτός@rpnms ὅστις@rpnms εἰμί@vipa1s μή@b ἐπιγιγνώσκω@vsae1s οἶδα@vila1s γάρ@b ὅτι@cs εἰ@cs ἀναγνώριμος@annms- γίγνομαι@vsam1s ὁ@dnmp κατά@p τόπος@namsc ἡγέομαι@vppenmp ἀκούω@vpaanmp καῖσαρ@ndmsp χαρίζομαι@vpreanp ποιέω@vppanmp ἀνακαλέω@vpaanmp ὁ@dafs ὁ@dgms βίος@ngmsc ἐγώ@rpdms εὐδαιμονία@nafsc περιτίθημι@vifa3p ὅς@rpdfs ἀποτάσσω@viam1s οὐ@b γάρ@b δύναμαι@viie1s περί@p ὁ@dgmp ἐγώ@rpdms ἀγαπάω@vpregmp ὁ@danp μέγας@ananps ὡς@b περί@p θνήσκω@vpaagmp κρίνω@vpaanms πρός@p ὁ@dafs ὁ@dgms βίος@ngmsc ἑαυτοῦ@rpams ἀποδίδωμι@vnaa-- δόξα@nafsc"
"Ps-Clem.Petr._120","cxx@vmpa2s καί@cs ὁ@dnms πέτρος@nnmsp φημί@viia3s οὗτος@rpanp μέν@b ποιέω@viaa2s ὡς@cs βουλεύω@viam2s περί@p δέ@b γένεσις@ngfsc ἄρα@b ψεύδω@vppenms διισχυρίζω@vmpe2s ἤ1@cs ὡς@b ἀληθεύω@vppanms βέβαιος@viia2s καί@b ὁ@dnms πατήρ@nnmsc φημί@viia3s οὐ@b ψεύδω@vifm1s πρός@p σύ@rpacs ἀληθής@b ὡς@b εἰμί@vppagfs γένεσις@ngfsc βεβαιόω@viia3p εἰμί@vipa1s γάρ@x οὐ@b ἀμύητος@annfs- ὁ@dgns θεώρημα@ngnsc πλήν@p σύνειμι1@viia3s ἐγώ@rpdms τις@annms- ἀστρολόγος@annms- ἄριστος@annms- ἀνήρ@nnmsc αἰγύπτιος@annms- ἀννουβίων@ngmpp ὄνομα@ndnsc ὅστις@rpnms ἐν@p ὁ@ddfp ἀποδημία@ndfpc κατά@p ἀρχή@nafpc ἐγώ@rpdms φιλέω@vpapnms ὁ@dams ὁ@dgfs ἐμός@angfs- σύμβιος@ngfsc μετά@p ὁ@dgnp τέκνον@ngnpc θάνατος@namsc δηλόω@viia3s καί@b ὁ@dnms πέτρος@nnmsp φημί@viia3s οὐκοῦν@b ἔργον@ndnsc πείθω@vire2s ὅτι@cs οὐ@b συνίστημι@vira3s ὁ@dnnp κατά@p ὁ@dafs γένεσις@nafsc καί@b ὁ@dnms πατήρ@nnmsc ἀποκρίνω@viam3s ἀνάγκη@nnfsc ἐγώ@rpams πᾶς@ananp- ὁ@danp ὑποτρέχω@vppaanp ἐγώ@rpdms εἰς@p ὁ@dams νόος@namsc ἐκτίθημι@vnpe-- σύ@rpdcs ἵνα@cs πρός@p αὐτός@rpanp ἀκούω@vppanms μανθάνω@vnpa-- ἔχω@vipa1s πολύς@ananp- σφάλλω@vnpa-- οἶδα@vira1s ὁ@damp ἀστρολόγος@nampc πολύς@ananp- δέ@x καί@b ἀληθεύω@vnpa-- καί@b ὑποπτεύω@vipa1s οὖν@b μήπως@cs ὅς@rpanp μέν@b ἀκριβόω@vipa3p ἀληθεύω@vspa3p ὅς@rpanp δέ@cs πταίω@vipa3p ἀμαθία@ndfsc πάσχω@vipa3p ὡς@cs ὑπονοέω@vnpa-- ἐγώ@rpacs ὁ@dans μέν@b μάθημα@nansc συνίστημι@vnra-- ὁ@damp δέ@cs διά@p ἀμαθία@nafsc ψεύδω@vnpe-- διά@p ὁ@dans μή@b πάντως@b περί@p πᾶς@angnp- ἀκριβόω@vnpa-- δύναμαι@vnpe-- καί@b ὁ@dnms πέτρος@nnmsp ἀποκρίνω@viam3s ἀπέχω@vmpa2s μή@cs πως@b περί@p ὅς@rpgnp ἀληθεύω@vipa3p ἐπιτυγχάνω@vipa3p καί@cs οὐ@b ἀκριβόω@vppanmp λέγω3@vipa3p ἀνάγκη@nnfsc γάρ@b πᾶς@annfs- ἐκ@p πολύς@angnp- ὁ@dgnp λέγω3@vppegnp ἀποβαίνω@vnpa-- τις@rpanp καί@cs ὁ@dnms γέρων@nnmsc φημί@viia3s πῶς@b οὖν@b εἰμί@vipa3s περί@p οὗτος@rpgns πληροφορέω@vnap-- ὁ@dnns εἰ@cs τε@b συνίστημι@vira3s ὁ@dnns κατά@p ὁ@dafs γένεσις@nafsc ἤ1@cs οὐ@b"
"Ps-Clem.Petr._121","ἀμφότερος@angmp- οὖν@b σιωπάω@vppagmp φημί@viia1s ἐγώ@rpnms ἐπεί@cs ὁ@dans μάθημα@nansc ἀκριβής@b ἐπίσταμαι@vipe1s ὁ@dnms δέ@b κύριος@nnmsc καί@cs ὁ@dnms πατήρ@nnmsc οὐ@b οὕτως@b ἐθέλω@viia1s εἰ@cs αὐτός@annms- ἀννουβίων@nnmsp πάρειμι1@viia3s ἐπί@p ὁ@dgms πατήρ@ngmsc ποιέω@viam1s λόγος@namsc οὕτως@b γάρ@b ἄν@b ὁ@dnns πρᾶγμα@nansc εἰς@p φανερός@anans- ἔρχομαι@vnaa-- δύναμαι@viam3s τεχνίτης@ngmsc πρός@p ὁμότεχνος@anafs- ὁ@dafs ζήτησις@nafsc ἔχω@vpragms καί@b ὁ@dnms πατήρ@nnmsc ἀποκρίνω@viam3s ποῦ@b οὖν@b δυνατός@annns- εἰμί@vipa3s ἀννουβίων@ndmsp συντυγχάνω@vnaa-- καί@b ὁ@dnms πέτρος@nnmsp φημί@viia3s ἐν@p ἀντιόχειος@ndfsp ἐκεῖ@b γάρ@b μανθάνω@vipa1s σίμων@namsp ὁ@dams μάγος@namsc εἰμί@vppaams ὅς@rpdms ἀννουβίων@ngmpp παρέπομαι@vppenms ἀχώριστος@annms- εἰμί@vipa3s ὡς@cs ἄν@b οὖν@b ἐκεῖ@b γίγνομαι@vsam1p ἐάν@cs γε@b καταλαμβάνω@vsaa1p αὐτός@rpamp ὁ@dnfs ζήτησις@nnfsc γίγνομαι@vnam-- δύναμαι@vipe3s καί@b ὁμῶς@b πολύς@ananp- διαλέγω@vpapnmp καί@b ἐπί@p ὁ@ddms ἀναγνωρισμός@ndmsc χαρά@ngfsc πίμπλημι@vpapnmp καί@cs θεός@ndmsc εὐχαριστέω@vpaanmp ἑσπέρα@ngfsc ἐπικαταλαμβάνω@vpaagfs εἰς@p ὕπνος@nansc τρέπω@viaa1p"
"Ps-Clem.Petr._122","ὄρθρος@ngmsp δέ@b γίγνομαι@vpamgms ὁ@dnms πατήρ@nnmsc μετά@p ὁ@dgfs μήτηρ@ngfsc ἐγώ@rpgcp καί@cs ὁ@dgmp τρεῖς@angmp- υἱός@ngmpc εἰσέρχομαι@vpaanms ἔνθα@b ὁ@dnms πέτρος@nnmsp εἰμί@viia3s προσαγορεύω@vpaanms καθέζομαι@viap3s ἔπειτα@b καί@b ἐγώ@rpncp αὐτός@rpgms κελεύω@vpaagms καί@b ὁ@dnms πέτρος@nnmsp ὁ@ddms πατήρ@ndmsc προσβλέπω@vpaanms φημί@viia3s σπεύδω@vipa1s ὁμόφρων@anams- σύ@rpacs γίγνομαι@vnam-- γυνή@ndfsc καί@cs τέκνον@ndnpc ὅπως@cs αὐτός@rpdmp καί@b ἐνταῦθα@b ὁμοτράπεζος@annms- εἰμί@vspa2s καί@cs ἐκεῖ@b μετά@p ὁ@dams χωρισμός@namsc ὁ@dgfs ψυχή@ngfsc ἀπό@p ὁ@dgns σῶμα@ngnsc σύνειμι@vppaams ἄλυπος@anams- εἰμί@vnfm-- ἤ1@b γάρ@b οὐ@b ὁ@dnnp μέγας@annnps σύ@rpams λυπέω@vipa3s καί@b αὐτός@rpamp ὁ@dnns μή@b ἀλλήλων@rpdmp σύνειμι1@vnpa-- καί@b ὁ@dnms πατήρ@nnmsc καί@b πάνυ@b γε@b καί@b ὁ@dnms πέτρος@nnmsp εἰ@cs οὖν@b ἐνταῦθα@b ὁ@dnns ἀλλήλων@rpgmp χωρίζω@vnre-- λυπέω@vipa3s μετά@p θάνατος@namsc πάντως@b ὀφείλω@vppeams σύ@rpdmp μετά@p ἀλλήλων@rpgmp μή@b εἰμί@vnpa-- πόσος@andns- γε@b μᾶλλον@b οὐ@b λυπέω@vifa3s σύ@rpacs μέν@b ἀνήρ@namsc σοφός@anams- εἰμί@vppaams ὁ@ddms ὁ@dgfs γνώμη@ngfsc σύ@rpgms λόγος@ndmsc ὁ@dgnp σός@angnp- χωρίζω@vnre-- αὐτός@rpamp δέ@cs πολύς@anans- μᾶλλον@b ὀδύνη@vnpe-- ὁ@ddns οἶδα@vnra-- ὅτι@cs σύ@rpams ἄλλος@rpanp φρονέω@vppaams αἰώνιος@annfs- μένω@vipa3s κόλασις@nnfsc ῥητός@angns- δόγμα@ngnsc ἀπόφασις2@ndfsc"
"Ps-Clem.Petr._123","καί@cs ὁ@dnms πατήρ@nnmsc φημί@viap3s ἀλλά@b οὐ@b εἰμί@vipa3s ὦ@i φίλτατος@anvmss ὁ@dnns ἐν@p ᾅδης@angms- ψυχή@nafpc κολάζω@vnpe-- αὐτός@rpgfs ἅμα@p ὁ@ddns ἀφεστήξω@vnaa-- ὁ@dgns σῶμα@ngnsc εἰς@p ἀήρ@namsc λύω@vppegfs καί@b ὁ@dnms πέτρος@nnmsp φημί@viia3s μέχρι@cs οὖν@b ὅτε@cs περί@p οὗτος@rpgns πείθω@vsaa1p σύ@rpacs ἀποκρίνω@vmam2s ἐγώ@rpdms οὐ@b δοκέω@vipa3s σύ@rpdcs σύ@rpacs μέν@b ἀπιστέω@vppaams ὁ@dafs κόλασις@nafsc μή@b λυπέω@vnpe-- ἐκεῖνος@rpamp δέ@cs πείθω@vpreamp ἀνάγκη@nafsc ἔχω@vnpa-- περί@p σύ@rpgcs ἀνιάω@vnpe-- καί@b ὁ@dnms πατήρ@nnmsc ἀκόλουθος@b λέγω@vipa2s καί@b ὁ@dnms πέτρος@nnmsp διά@p τίς@rpans δέ@b αὐτός@rpamp οὐ@b ἀπαλλάσσω@vifa2s μέγας@anafss περί@p σύ@rpgms λύπη@ngfsc ὁ@ddfs πίστις@ndfsc συντίθημι@vpamnms οὐ@b δυσωπία@ndfsc λέγω3@vipa1s ἀλλά@cs εὐγνωμοσύνη@ndfsc περί@p ὁ@dgnp λέγω3@vppegnp σύ@rpdms ὑπό@p ἐγώ@rpgms ἀκούω@vppanms καί@cs κρίνω@vppanms εἰ@cs οὗτος@rpnnp οὕτως@b ἔχω@vipa3s ἤ1@cs οὐ@b καί@cs εἰ@cs μέν@b οὕτως@b ἔχω@vipa3s ὡς@cs λέγω3@vipa1p καί@b ὅδε@b συναπολαύω@vifa2s ὁ@ddmp φίλτατος@andmps καί@cs ἐκεῖ@b συναναλύω@vifm2s εἰ@cs δέ@b ἐν@p τῆ@ddfs ὁ@dgmp λόγος@ngmpc σκέψις@ndfsc δείκνυμι@vifa2s ὁ@danp ὑπό@p ἐγώ@rpgmp λέγω3@vppeanp μῦθος@namsc τις@rpacs καί@cs ψευδής@ananp- εἰμί@vnpa-- καί@cs οὕτως@b καλός@b ποιέω@vifa2s αὐτός@rpamp γάρ@b ὁμογνώμων@anamp- σύ@rpgms λαμβάνω@vpranms καί@cs ὁ@dgns κενός@andfp- ἐλπίς@ndfpc ἐπινεύω@vnpe-- παύω@nafpc καί@cs ψεῦδος@angmp- φόβος@ngmpc ἀπαλλάσσω@vifa2s"
"Ps-Clem.Petr._124","καί@cs ὁ@dnms πατήρ@nnmsc πολύς@ananp- φαίνω@vipe2s ἐγώ@rpdms εὔλογος@ananp- λέγω3@vppanms καί@b ὁ@dnms πέτρος@nnmsp φημί@viia3s τίς@rpnns οὖν@b εἰμί@vipa3s ὁ@dnns κρατέω@vppanns σύ@rpacs μη@b εἰς@p ὁ@dafs ἡμέτερος@anafs- πίστις@nafsc ἔρχομαι@vnaa-- οἶδα@vira1s γάρ@b ὅτι@cs πολύς@annnp- εἰμί@vipa3s ὁ@dnnp κρατέω@vppannp ὁ@damp μέν@b πείθω@vpreamp ἀσχολία@vnpa-- ἀγορασμός@ngmpc πρᾶξις@ngfpc γεωργία@ngfpc φροντίς@ngfpc καί@cs ὅσος@rpnnp τοιοῦτος@rpanp ἀπιστέω@vipa3p δέ@b πολύς@annmp- ὡς@cs καί@b σύ@rpnms ὑπολαμβάνω@vipa2s ἤ@cs θεός@nampc ὁ@damp οὐ@b εἰμί@vppaamp εἰμί@vnpa-- λέγω3@vppanmp ἤ1@cs ὁ@dans γένεσις@ndfsc ὁ@danp πᾶς@ananp- ὑπόκειμαι@vnpe-- ἤ1@cs αὐτοματισμός@ndmsc ἤ1@cs ὁ@dafp ψυχή@nafpc θνητός@anafp- ἤ1@cs ὁ@dams ἡμέτερος@anams- λόγος@namsc ψευδής@anams- ὡς@b οὐ@b εἰμί@vppagfs πρόνοια@ngfsc ἐγώ@rpnms δέ@b πρόνοια@ndfsc θεός@ngmsc ὁ@danp πᾶς@ananp- διοικέω@vnpe-- ἐκ@p ὁ@dgnp περί@p σύ@rpacs γίγνομαι@vppegnp καί@cs πρόνοια@nafpc εἰμί@vnpa-- λέγω3@vipa1s ὁ@dans τοσοῦτος@andnp- ἔτος@ndnpc ὁ@dafs διάστασις@nafsc σύ@angms- τε@b καί@cs ὁ@dgnp σός@angnp- γίγνομαι@vnam-- εἰ@cs γάρ@b σύν@p σύ@rpdms τυγχάνω@viia1s εἰμί@vppanmp ἴσως@b ὁ@dams ὁ@dgfs θεοσεβεία@ngfsc λόγος@namsc οὐ@b ἄν@b ἐπακούω@viaa3p διά@p οὗτος@rpans οἰκονομέω@viap3s σύν@p ὁ@ddfs μήτηρ@ndfsc ὁ@dgnp τέκνον@ngnpc ὁ@dnfs ἀποδημία@nnfsc καί@b ναυαγία@nnfsc καί@cs θάνατος@ngmsc ὑπόνοια@nnfsc ἔτι@b τε@b καί@b ἐκπαιδεύω@vnap-- αὐτός@rpamp ὁ@danp ἕλλην@ngmpp δόγμα@nanpc ἵνα@cs μᾶλλον@b ὡς@cs οἶδα@vpranmp οὗτος@rpanp ἀνασκευάζω@vnpa-- δυνατός@annmp- ὅς@vspa3p ἐπί@p οὗτος@rpdnp ὁ@dans φιλέω@vnaa-- ὁ@dams ὁ@dgfs θεοσεβεία@ngfsc λόγος@namsc καί@cs ἐγώ@rpdms ἑνόομαι@vnap-- πρός@p ὁ@dans συλλαμβάνω@vnpe-- ἐγώ@rpgms ὁ@ddns κήρυγμα@ndnsc ἔτι@b μήν@b συνέρχομαι@vnaa-- καί@b ὁ@dams ἀδελφός@namsc κλήμεντ@namsp καί@cs οὕτως@b ὁ@dafs μήτηρ@nafsc ἐπιγιγνώσκω@vnap-- καί@cs ὑπό@p θεραπεία@ngfsc πληροφορέω@vnap-- καί@cs μετά@p οὐ@b πολύς@anans- εὐθύς2@b ὁ@danp δίδυμος@ananp- τέκνον@nanpc ἐπιγιγνώσκω@vpapanp καί@cs ἐπιγιγνώσκω@vpaaams καί@cs ὁ@ddfs ἄλλῃ@andfs- ἡμέρα@ndfsc σύ@rpdcs συντυγχάνω@vnaa-- καί@cs ὁ@damp σός@anamp- ἀπολαμβάνω@vnaa-- τοσοῦτος@anafs- οὖν@b ταχύς@anafs- ἁρμονία@nafsc πανταχόθεν@b συντρέχω@vpaaafs εἰς@p εἷς@ γνώμη@ngfsc σκοπός@namsc οὐ@b οἴομαι@vipe1s ἀπρονόητος@anans- εἰμί@vnpa--"
"Ps-Clem.Petr._125","καί@cs ὁ@dnms πατήρ@nnmsc ὁ@ddms πέτρος@ndmsp ἄρχω@viam3s λέγω3@vnpa-- μή@b νομίζω@vmpa2s φίλτατος@anvmss ἐγώ@anvmp- πέτρος@nvmsp ἐν@p ἔννοια@ndfsc μή@b ἔχω@vnpa-- περί@p ὁ@dgms ὑπό@p σύ@rpgcs κηρύσσω@vpfegms λόγος@ngmsc πέρας@nansc γοῦν@b οὗτος@angfs- ὁ@dgfs παρωχέομαι@vpragfs νύξ@ngfsc πολύς@ananp- ὁ@dgms κλήμης@ngmsp προτρέπω@vppegms ἐγώ@rpams ὁ@ddfs ὑπό@p σύ@rpgms κηρύσσω@vppedfs ἀλήθεια@ndfsc συντίθημι@vnae-- ἀποκρίνω@viam1s τίς@rpans γάρ@b καινός@anansc ἐντέλλω@vnpe-- δύναμαι@vipe3s τις@rpnms παρά@p ὅς@rpans ὁ@dnmp ἀρχαῖος@annmp- παραινέω@viaa3p ὁ@rpnms δέ@x ἠρέμα@b γελάω@vpaanms φημί@viia3s πολύς@annfs- διαφορά@nnfsc πατήρ@nvmsc μεταξύ@p ὁ@dgmp θεοσεβεία@ngfsc λόγος@ngmpc καί@cs ὁ@dgmp ὁ@dgfs φιλοσοφία@ngfsc ὁ@dnms γάρ@b ὁ@dgfs ἀλήθεια@ngfsc ἀπόδειξις@nafsc ἔχω@vipa3s ὁ@dafs ἐκ@p προφητεία@ngfsc ὁ@dnms δέ@cs ὁ@dgfs φιλοσοφία@ngfsc καλλιλογία@nafpc παραχώννυμι@vppanms ἐκ@p στοχασμός@ngmpc δοκέω@vipa3s παρίστημι@vnpa-- ὁ@dafp ἀπόδειξις@nafpc καί@b ὅμως@b οὗτος@rpanp εἶπον@vpaanms δεῖγμα@ngnsc χάρις@p ὁ@dams περί@p φιλανθρωπία@ngfsc ἐγώ@rpdms ἐκτίθημι@viam3s λόγος@namsc ὅς@rpams αὐτός@rpdms ὑφηγέομαι@vifa1s ὅς@rpnms ἄδικος@annmss ἐγώ@rpdms μᾶλλον@b φαίνω@viie3s καί@b ὁ@dans πῶς@b ἐρέω@vifa1s δίκαιος@anans- φάσκω@viia3s εἰμί@vnpa-- καί@b ὁ@ddms τύπτω@vppadms ἑαυτοῦ@rpgms ὁ@dafs νεᾶνις@nafsc παρατίθημι@vnpa-- καί@cs ὁ@dafs ἄλλος@rpafs καί@cs ὁ@ddms αἴρω@vppadms ἑαυτοῦ@rpgms ὁ@dans ἱμάτιον@nansc προσδίδωμι@vnpa-- καί@b ὁ@dans μαφώριον@nansc ἀγγαρεύω@vppadms δέ@b μίλιον@nansc εἷς@ συναπέρχομαι@vnpe-- δύο@an---- καί@cs ὅσος@rpnnp τοιοῦτος@rpnnp"
"Ps-Clem.Petr._126","καί@cs ὁ@dnms πέτρος@nnmsp ἀποκρίνω@viam3s ἀλλά@b νομίζω@viaa2s ἄδικος@anans- ὅς@rpnns τις@rpnns δίκαιος@annnss εἰμί@vipa3s ὅς@i εἰ@cs σύ@rpdms φίλος@annns- εἰμί@vipa3s ἀκούω@vmaa2s καί@b ὅς@rpnms φημί@viia3s πάνυ@b ἐγώ@rpdms φίλος@annns- καί@b ὁ@dnms πέτρος@nnmsp οὐ@b δοκέω@vipa3s σύ@rpdcs δύο@ ἐχθρός@angmp- βασιλεύς@ngmpc εἰμί@vppagmp καί@cs διεσθίω@vpreafp ὁ@dafp χώρα@nafpc ἔχω@vppagmp εἰ@cs τις@rpncs ἐκ@p ὁ@dgmp ὁ@dgms εἷς@ ὑπήκοος@ngmpc ἐν@p ὁ@ddfs ὁ@dgms ἕτερος@angms- χώρα@ndfsc φωραθείη@voap3s καί@cs διά@p οὗτος@rpans θάνατος@namsc ὀφείλω@vopa3s ἐάν@cs νουθέτημα@ndnsc καί@cs μή@b θάνατος@ndmsc ὁ@dgfs τιμωρία@ngfsc ἀπολύω@vsap3s οὐ@b φαίνω@vipe3s ὁ@dnms ἀπολύω@vpaanms φιλάνθρωπος@annms- εἰμί@vnpa-- καί@b ὁ@dnms πατήρ@nnmsc φημί@viia3s καί@b πάνυ@b καί@b ὁ@dnms πέτρος@nnmsp φημί@viia3s τίς@ananps δαί@b εἰ@cs καί@b ἴδιος@vmaa2s τίς@rpans τις@rpgns αὐτός@rpnms οὗτος@rpnms ἀφαιρέω@vsam3s ἤ1@cs καί@b ἀλλότριος@annns- καί@b ἐπί@p οὗτος@rpdns συλλαμβάνω@vpapnms ἐάν@cs διπλάσιος@anans- δίδωμι@vsaa3s τετραπλάσιος@anans- ὀφείλω@vppanms καί@cs ὁ@dnns θνήσκω@vnaa-- ὡς@b ἐν@p ὁ@ddmp ὁ@dgns ἐναντίος@angns- ἁλίσκομαι@vpaanms ὅρος@ndmpc οὐ@b δοκέω@vipa3s σύ@rpdms ὅτι@cs ὁ@dnms λαμβάνω@vpaanms ὁ@dans διπλάσιος@anans- καί@cs θάνατος@ngmsc αὐτός@rpams ἀπολύω@vpaanms φιλάνθρωπος@annms- τυγχάνω@vipa3s καί@b ὁ@dnms πατήρ@nnmsc πρός@p οὗτος@rpanp ἀποκρίνω@viam3s νῦν@b ἐγώ@rpams πείθω@vira2s ὅτι@cs ὁ@dnmp ἀδικέω@vppanmp αὐτός@rpnmp μᾶλλον@b ἀδικέω@vipe3p ὁ@dnmp δέ@cs ἀδικέω@vppenmp μᾶλλον@b πλεονεκτέω@vipa3p ἔτι@b μᾶλλον@b ἄδικος@annnss ὅλος@annns- ἐγώ@rpdms φαίνω@vipe3s ὁ@dnns πρᾶγμα@nnnsc ὅτι@cs ὁ@dnmp μέν@b δοκέω@vppanmp ἀδικέω@vnpa-- πολύς@ananp- ὁ@ddmp ὁ@danp εἰμί@vpfmanp αἱρέω@vpamdmp συγχωρέω@vipa3p ὁ@dnmp δέ@cs δοκέω@vppanmp ἀδικέω@vnpe-- αὐτός@rpnmp ἀδικέω@vipa3p ὅτι@cs ὁ@danp ὅμοιος@ananp- οὐ@b παρέχω@vipa3p ἐκεῖ@b ὁ@ddmp ἐνταῦθα@b αὐτός@rpdmp συγχωρέω@vpradmp ὅς@rpanp αὐτός@rpnmp αὐτός@rpdmp συγχωρέω@viaa3p καί@b ὁ@dnms πέτρος@nnmsp οὐ@b δέ@cs οὗτος@rpnns ἄδικος@annns- διά@p ὁ@dans ἐξουσία@nafsc ἔχω@vnpa-- ἕκαστος@anams- ὁ@danp πάρειμι1@vppaanp αἱρέω@vnpe-- ἤ1@cs ὁ@danp μέλλω@vppaanp καί@cs ὁ@dnnp εἰ@cs τε@cs μικρός@annnp- εἰμί@vopa3s εἰ@cs τε@cs μέγας@ananp- ἴδιος@andfs- κρίσις@ndfsc καί@cs βουλή@ndfsc ὁ@dnms αἱρέω@vpamnms οὐ@b ἀδικέω@vipe3s λέγω3@vipa1s δέ@cs οὐ@b δέ@cs ἄν@cs ὁ@danp μικρός@ananp- αἱρέω@vsam3s ἐπεί@cs καί@b πρόκειμαι@viie3s ὁ@dnnp μέγας@annnp- πρόκειμαι@viie3s γάρ@b αὐτός@rpdms καί@b ὁ@dnnp μικρός@annnp-"
"Ps-Clem.Petr._127","καί@cs ὁ@dnms πατήρ@nnmsc φημί@viia3s ὀρθός@b φημί@viia2s καί@cs γάρ@b ἐρῶ@vire3s τις@rpdcs ἕλλην@ngmpp σοφός@andms- αἰτία@ananp- αἱρέω@vpamgmp θεός@nnmsc ἀναίτιος@annms- ἀλλά@b ἔτι@b μήν@b καί@b οὗτος@anams- ἐγώ@rpdms διέρχομαι@vmaa2s ὁ@dams λόγος@namsc μιμνήσκω@vire1s ὁ@dams κλήμεντ@namsp εἶπον@vpaaams ἐγώ@rpdms ὅτι@cs ὁ@danp ἀδίκημα@nanpc καί@cs ὁ@danp πάθος@nanpc εἰς@p ἄφεσις@nafsc ἁμαρτία@ngfpc πάσχω@vipa1p καί@b ὁ@dnms πέτρος@nnmsp ὀρθός@b ἔχω@vipa3s καί@cs οὕτως@b ἐγώ@rpnmp γάρ@b ὁ@dnmp αἱρέω@vpamnmp ὁ@danp εἰμί@vpfmanp ὅς@rpanp κτάομαι@vire1p πλείων@ananpc εἰ@cs τε@cs ἐσθής@nafsc εἰ@cs τε@cs βρῶμα@nanpc εἰ@cs τε@cs ποτόν@nanpc εἰ@cs τε@cs ἄλλος@rpanp τις@rpanp ἁμαρτία@ngfsc κτάομαι@viam1p διά@p ὁ@dans δεῖ@vnpa-- μηδείς@rpans ἔχω@vnpa-- ὡς@cs μικρός@andns- ταχύς@anams- διαιρέω@viaa3p ὁ@dams λόγος@namsc πᾶς@andmp- ὁ@dnnp κτῆμα@nnnpc ἁμάρτημα@nnnpc ὁ@dnfs οὗτος@rpgfp δέ@b ὅπως@cs ποτέ@b στέρησις@nnfsc ἁμαρτία@ngfpc εἰμί@vipa3s ἀφαίρεσις@nnfsc καί@b ὁ@dnms πατήρ@nnmsc φημί@viia3s ἀκόλουθος@b ἔχω@vipa3s καί@b ὁ@dnms πέτρος@nnmsp δίκαιος@annnps ἐπεί@cs γάρ@b ὁ@dgnp σώζω@vppegmp εἰμί@vipa3s ὡς@cs φημί@viia1s ὁ@dgns μηδείς@rpdms μηδείς@rpans ὑπάρχω@vnpa-- ὑπάρχω@vipa3s δέ@cs πολύς@annnp- πολύς@andmp- κτῆμα@nnnpc οὗτος@rpgns χάρις@p ἐκ@p ὑπερβάλλω@vppagfs θεός@ngmsc φιλανθρωπία@ngfsc ἐπάγω@vipe3p παιδεία@nnfpc ὁ@ddmp μή@b εἰλικρινής@b πολιτεύω@vppedmp ἵνα@cs διά@p ὁ@dans ποσός@b φιλόθεος@anans- διά@p πρόσκαιρος@angfp- τιμωρία@ngfpc αἰώνιος@angfp- σώζω@vsap3p κόλασις@ngfpc καί@b ὁ@dnms πατήρ@nnmsc οὐ@b πολύς@anamp- ἀσεβής@anamp- ὁράω@vipa1p πένης@nampc παρά@p οὗτος@rpans οὖν@b καί@b οὗτος@rpnmp ὁ@dgmp σώζω@vppegmp εἰμί@vipa3p καί@b ὁ@dnms πέτρος@nnmsp οὐ@b πάντως@b οὐ@b γάρ@b ἀποδεκτός@annfs- ὁ@dnfs ὁ@dgms πένης@ngmsc πενία@nnfsc ἐάν@cs ὀρέγω@vspe3s ὅς@rpafs οὐ@b χρή@vipa3s ὥστε@b τις@rpncp ὁ@ddfs προαίρεσις@ndfsc πλουτέω@vipa3p χρῆμα@ndnpc καί@cs ὡς@b πλεονεκτέω@vnpa-- ἐπιθυμέω@vppanmp τιμωρέω@vipe3p ἀλλά@b οὐ@b δέ@b ἐν@p ὁ@ddns πένης@namsc εἰμί@vnpa-- τις@rpams πάντως@b δίκαιος@annms- εἰμί@vipa3s δύναμαι@vipe3s γάρ@b πτωχός@annms- μέν@b ὁ@ddnp χρῆμα@ndnpc εἰμί@vnpa-- ἐπιθυμέω@vnpa-- δέ@cs ἤ1@cs καί@b πράσσω@vnpa-- ὅς@rpnns προηγέομαι@b οὐ@b χρή@vipa3s ἤ1@cs γάρ@b εἴδωλον@nanpc σέβω@vipa3s ἤ1@cs βλασφημέω@vipa3s ἤ1@cs πορνεύω@vipa3s ἤ1@cs ἀδιάφορος@b ζάω@vipa3s ἤ1@cs ἐπιορκέω@vppanms ἤ1@cs ψεύδω@vppenms ἤ1@cs ἄπιστος@b βιόω@vpaanms πλήν@b ὁ@dnms κύριος@nnmsc ἐγώ@rpgcp ἰησοῦς@ngfsp χριστός@nnmsp ὁ@dnms υῖος@annms- ὁ@dgms θεός@ngmsc ὁ@dgms ζάω@vppagms φημί@viia3s μακάριος@annmp- ὁ@dnmp πτωχός@nnmpc ὁ@ddns πνεῦμα@ndnsc ὅτι@cs αὐτός@rpgmp εἰμί@vipa3s ὁ@dnfs βασίλεια@nnfsc ὁ@dgmp οὐρανός@ngmpc καί@cs ὁ@dnms πατήρ@nnmsc ἀληθής@b πάνυ@b κατά@p ὁ@dafs ὑπόθεσις@nafsc ὀρθός@b ἔχω@vnpa-- ὁ@danp πρᾶγμα@nanpc φαίνω@vipe3s διό@b καί@b προαίρεσις@ngfsc γίγνομαι@viam1s ὁ@ddfs τάξις@ndfsc πᾶς@angms- ἐπακούω@vnaa-- ὁ@dgms λόγος@ngmsc"
"Ps-Clem.Petr._128","καί@b ὁ@dnms πέτρος@nnmsp οὐκοῦν@b ὁ@dgns λοιπός@angns- σπεύδω@vppaans σύ@rpdcs καί@b ὁ@danp κατά@p ὁ@dafs ἡμέτερος@anafs- πίστις@nafsc μανθάνω@vnaa-- ὀφείλω@vppadms ὁ@ddfs τάξις@ndfsc ὁ@dams λόγος@namsc ἐκτίθημι@vifm1s ἀπό@p αὐτός@angms- ἄρχω@vppenms ὁ@dgms θεός@ngmsc καί@cs δείκνυμι@vppanms ὅτι@cs αὐτός@rpams μόνος@anams- δεῖ@viia3s λέγω3@vnpa-- θεός@namsc ἕτερος@anamp- δέ@cs μή@b τε@cs λέγω3@vnpa-- μή@b τε@cs νομίζω@vnpa-- καί@cs ὅτι@cs ὁ@dnms παρά@p οὗτος@rpans ποιέω@vppanms αἰώνιος@b ἔχω@vipa3s κολάζω@vnap-- ὡς@b εἰς@p αὐτός@anams- ὁ@dams ὁ@dgmp ὅλος@angmp- δεσπότης@namsc ἀσεβέω@vpaanms ὁ@danp μέγας@ananps καί@b οὗτος@rpans εἶπον@vpaanms καί@cs ὁ@ddmp ὑπό@p πάθος@ngnpc ὀχλέω@vppedmp καί@b νοσέω@vppadmp καί@cs δαιμονάω@vppadmp ὁ@dafp χείρ@nafpc ἐπιτίθημι@vpaanms καί@cs εὔχομαι@vpamnms καί@cs ἰάομαι@vpamnms ἀπολύω@viaa3s ὁ@damp ὄχλος@nampc καί@b εἶτα@b οὕτως@b εἴσειμι@vppanms ὁ@dgfp συνήθης@angfp- ἀλάομαι@ngmpc μεταλαμβάνω@vpaanms ὑπνόω@viaa3s"
"Ps-Clem.Petr._129","ὄρθρος@ngmsp δέ@b ἔξειμι@vppanms ὁ@dnms πέτρος@nnmsp καί@cs ἐφίστημι@vppanms ἐπί@p ὁ@dams συνήθης@anams- ὁ@dgns διαλέγω@vnpe-- τόπος@namsc ὄχλος@namsc πολύς@anams- συνίστημι@vpraams ὁράω@viaa3s καί@b ἅμα@p ὁ@ddns μέλλω@vnpa-- διαλέγω@vnpe-- αὐτός@rpams εἰσέρχομαι@viia3s τις@rpncs ὁ@dgmp αὐτός@rpgms διάκονος@ngmpc λέγω3@vppanms σίμων@nnmsp ἀπό@p ἄντιοχεία@ngfsp εἰσέρχομαι@vpranms ἐπί@p αὐτός@angfs- ἑσπέρα@ngfsc μανθάνω@vpaanms ὑπισχνέομαι@vpamams σύ@rpams ὁ@dams περί@p μοναρχία@ngfsc ποιέω@vnpe-- λόγος@namsc ἑτοῖμος@annms- εἰμί@vipa3s μετά@p ἀθηνόδωρος@ngmsp ὁ@dgms ἐπικούρειος@angms- διαλέγω@vppedms σύ@rpdms ἐπέρχομαι@vnaa-- πρός@p ὁ@dans ἀντιλέγω@vnpa-- δημοσίᾳ@b πᾶς@andmp- ὁ@ddmp ὑπό@p σύ@rpgms ὑπέρ@p μοναρχία@ngfsc λέγω3@vppedmp λόγος@ndmpc"
"Ps-Clem.Petr._130","οὗτος@rpanp ὁ@dgms διάκονος@ngmsc λέγω3@vppagms ἰδού@b αὐτός@annms- εἰσέρχομαι@viia3s σίμων@nnmsp μετά@p ἀθηνόδωρος@ngmsp καί@cs ἄλλος@angmp- τις@angmp- ἑταῖρος@ngmpc καί@b πρό@p ὁ@dgns τις@rpans ὁ@dams πέτρος@namsp φθέγγομαι@vnam-- αὐτός@annms- προλαμβάνω@vpaanms φημί@viia3s μανθάνω@viaa3p ὡς@cs ὑπισχνέομαι@viam2s χθές@b ὁ@ddms φαύστος@ndmsp εἰ@cs ὁ@dafs σήμερον@b δείκνυμι@vnaa-- ὁ@ddfs τάξις@ndfsc ὁ@dams λόγος@namsc ποιέω@vppenms καί@cs ἀπό@p αὐτός@rpgms ἄρχω@vppenms ὁ@dgms ὁ@dgmp ὅλος@angmp- δεσπότης@ngmsc ὅτι@cs αὐτός@rpams δεῖ@vipa3s μόνος@anans- λέγω3@vnpa-- θεός@namsc ἄλλος@rpamp δέ@cs μή@b τε@cs λέγω3@vnpa-- μή@b τε@cs νομίζω@vnpa-- ὅτι@cs ὁ@dnms παρά@p οὗτος@rpans ποιέω@vppanms αἰώνιος@b κολάζω@vnap-- ἔχω@vipa3s πρό@p πᾶς@angnp- δή@b ἀληθής@b καταπλήσσω@vire1s σύ@rpgms ὁ@dafs ἀπόνοια@nafsc ὅτι@cs ἐλπίζω@viaa2s εἰς@p ὁ@dafs σός@anafs- βούλησις@nafsc μεταπείθω@vnaa-- ἀνήρ@namsc σοφός@anams- καί@cs οὗτος@rpanp πρεσβύτης@namsc ἀλλά@b οὐ@b ἐπιτυγχάνω@vifm2s ὁ@dgnp σός@angnp- βούλευμα@ngnpc οὗτος@rpdfs μᾶλλον@b πάρειμι1@vppagms ἐγώ@rpgms καί@cs ὁ@damp ψευδής@anamp- σύ@rpgms διελέγχω@vppagms λόγος@nampc ἴσως@b γάρ@b ἐγώ@rpgms μή@b πάρειμι1@vppagms ἀπατάω@viap3s ἄν@b ὁ@dnms σοφός@annms- γέρων@nnmsc ἰδιώτης@nnmsc εἰμί@vppanms ὁ@dgfp παρά@p ἰουδαῖος@ndmpp δημοσίᾳ@b πιστεύω@vpregnp βίβλος@ngfpc καί@b ὁ@dans νῦν@b ὁ@damp πολύς@anamp- ὑπερτίθημι@vifm1s λόγος@nampc ἵνα@cs ὁ@dgfs ὑπόσχεσις@ngfsc σύ@rpgcs ταχύς@anams- ὁ@dams ἔλεγχος2@namsc ποιέω@vsam1s διό@b ἐπί@p ἐγώ@rpgmp αὐτός@angmp- ὁ@dgmp ὁ@dafp γραφή@nafpc οἶδα@vpragmp ὁ@dnms ὑπισχνέομαι@viam2s λέγω3@vnpa-- ἄρχω@vnaa-- εἰ@cs δέ@b ὁ@dams ἔλεγχος2@namsc αἰδέομαι@vppenms ἐπί@p ἐγώ@rpgmp αὐτός@angmp- ὁ@dafs ὑπόσχεσις@nafsc παραλείπω@vnaa-- ἐθέλω@vipa2s αὐτάρκης@viap2s καί@b οὕτως@b ὁ@dnfs ἀπόδειξις@nnfsc ὅτι@cs ψευδής@annfs- κατά@p ὅτι@cs ἐπί@p ὁ@dgmp ὁ@dafp γραφή@nafpc οἶδα@vpragmp εἶπον@vnaa-- οὐ@b τολμάω@viaa2s καί@b νῦν@b δέ@b τίς@rpans σύ@rpams ἀναμένω@vipa1s λέγω3@vnpa-- μέγας@ananss ἔχω@vppanms μάρτυς@namsc ὁ@dgfs ὑπόσχεσις@ngfsc σύ@rpgms ὁ@dams παρίστημι@vpraams γέρων@namsc καί@b οὗτος@rpanp εἶπον@vpaanms ἐμβλέπω@vpaanms ὁ@ddms πατήρ@ndmsc φημί@viia3s εἶπον@vmaa2s ἐγώ@rpdms ἀνήρ@ngmpc ἅπας@angmp- τίμιος@anvmss οὐ@b οὗτος@annms- ὁ@dnms ἀνήρ@nnmsc ὑπισχνέομαι@viam3s σύ@rpdcs δείκνυμι@vnaa-- σήμερον@b ὅτι@cs εἷς@annms- εἰμί@vipa3s θεός@nnmsc καί@cs οὐ@b χρή@vipa3s ἕτερος@anams- τις@rpacs λέγω3@vnpa-- ἤ1@cs νομίζω@vnpa-- θεός@namsc ὁ@dnms δέ@cs παρά@p οὗτος@rpanp ποιέω@vppanms αἰώνιος@b κολάζω@vnap-- ἔχω@vipa3s"
"Ps-Clem.Petr._131","καί@cs ὁ@dnms πατήρ@nnmsc φημί@viia3s καλός@b ἄν@b ὁ@dafs μαρτυρία@nafsc παρά@p ἐγώ@rpgms ἀπαιτέω@viia2s σίμων@nvmsp εἰ@cs πρότερος@anans- ἀρνέομαι@viie3s πέτρος@nnmsp νῦν@b δέ@x οὐ@b αἰδέομαι@vifp1s λέγω3@vnpa-- ὅς@rpanp δεῖ@vipa3s λέγω3@vnpa-- οἴομαι@vipe1s σύ@rpacs ὀργή@ndfsc πόρω@vpreams διαλέγω@vnap-- ἐθέλω@vnpa-- ὅσπερ@rpnns ἀνοίκειος@annns- σύ@rpdcs εἰμί@vipa3s οὗτος@rpans ποιέω@vnpa-- καί@cs ἐγώ@rpdcp τοιοῦτος@rpgnp ἐπακούω@vnpa-- ὅτι@cs μάχη@nafsc εἰμί@vipa3s ἱστορέω@vnaa-- καί@cs οὐ@b πρός@p ἀλήθεια@nafsc ὠφελέω@vnpe-- καί@b νῦν@b ἐκ@p ἑλληνικός@angfs- παιδεία@ngfsc ὡς@cs χρή@vipa3s ὁ@damp ζητέω@vppaamp ποιέω@vnpa-- οἶδα@vpranms ὑπομιμνήσκω@vifa1s ἑκάτερος@annms- σύ@rpgmp ὁ@dans ἑαυτοῦ@rpgms δόγμα@nansc ἐκτίθημι@vmpe3s καί@cs εἰς@p ἕτερος@anans- ὁ@dnmp λόγος@nnmpc γίγνομαι@vmam3s ἐάν@cs δέ@b μόνος@annms- πέτρος@nnmsp ἐκτίθημι@vspe3s ὁ@dans ἑαυτοῦ@rpgms φρόνημα@nansc σύ@rpnms δέ@b ὁ@dans σός@anans- σιωπάω@vspa2s ἐνδέχομαι@vipe3s τις@anams- λόγος@namsc ὑπό@p σύ@rpgms ἐρῶ@vpapams θλίβω@vnpa-- ὁ@dans αὐτός@rpans καί@cs ὁ@dans σός@anans- φρόνημα@nansc καί@cs ἀμφότερος@anamp- σύ@rpamp ὑπό@p ὁ@dgms λόγος@ngmsc ἡσσάομαι@vpapams μή@b φαίνω@vnpe-- ἡττάω@vpreamp ἀλλά@cs ὁ@dams ἐκτίθημι@vpamams ὁ@dans φρόνημα@nansc ὁ@dams δέ@cs μή@b ἐκτίθημι@vpamams ὅμοιος@b ἡσσάομαι@vpreams μή@b πρόδηλος@anams- εἰμί@vnpa-- ἀλλά@cs καί@b νικάω@vnra-- νομίζω@vnpe-- καί@b ὁ@dnms σίμων@nnmsp ἀποκρίνω@viam3s ποιέω@vifa1s ὡς@cs λέγω@vipa2s ἀθυμέω@vipa1s δέ@x μήπως@cs ἤδη@b προειλημμένος@vprenms αὐτός@angms- ὁ@ddmp λόγος@ndmpc οὐ@b φιλαλήθης@annms- εἰμί@vif-2s κριτής@nnmsc"
"Ps-Clem.Petr._132","καί@cs ὁ@dnms πατήρ@nnmsc ἀποκρίνω@viam3s μή@b ἐγώ@rpams βιάζω@vmpe2s ἄκριτος@b συντίθημι@vnam-- σύ@rpdms ἵνα@cs δοκέω@vsaa1s φιλαλήθης@annms- εἰμί@vnpa-- κριτής@nnmsc εἰ@cs δέ@b ὁ@danp ἀληθής@ananp- ἀκούω@vnaa-- ἐθέλω@vipa2s ὁ@ddns σός@andns- φρόνημα@ndnsc μᾶλλον@b προλαμβάνω@vire1s καί@b ὁ@dnms σίμων@nnmsp πῶς@b προλαμβάνω@vire2s οὐ@b οἶδα@vpranms ὅς@rpans φρονέω@vipa1s καί@b ὁ@dnms πατήρ@nnmsc οὗτος@anans- ῥᾴδιος@annns- εἰμί@vipa3s οἶδα@vnra-- καί@cs πῶς@b ἀκούω@vmaa2s ἐλέγχω@vnfa-- ὑπισχνέομαι@viam2s πέτρος@namsp εἷς@ θεός@namsc λέγω3@vppaams εἰμί@vnpa-- ὅτι@cs ψεύδω@vipe3s ὁ@dnms δέ@b εἷς@anams- λέγω3@vppaams ἐλέγχω@vnaa-- ἐπαγγέλλω@vppenms ὡς@cs ἀληθεύω@vppanms ὁ@dans αὐτός@rpans οὐ@b λέγω3@vipa3s εἰ@cs γάρ@b ὁ@ddms καταψεύδω@vppedms ὁ@dans αὐτός@rpans λέγω3@vipa3s καί@cs αὐτός@rpnms ψεύδω@vipe3s εἰ@cs δέ@b ὁ@danp ἐναντίος@ananp- λέγω3@vppanms ἀποδείκνυμι@vipa3s τότε@b ἀληθεύω@vipa3s οὐ@b καλός@b οὖν@b ὁ@dams εἷς@ θεός@namsc εἰμί@vnpa-- λέγω3@vppaams ψεύστης@namsc λέγω@vipa2s εἰ@cs μή@b τις@rpnns ἄν@b ὅτι@cs πολύς@anamp- δοξάζω@vipa2s θεός@nampc θεός@nampc δέ@b πολύς@anamp- εἰμί@vnpa-- καί@b ἐγώ@rpnms λέγω3@vipa1s ὁ@dans αὐτός@rpans οὖν@b σύ@rpdcs πρό@p ὁ@dgfs ζήτησις@ngfsc λέγω3@vppanms σύ@rpdcs μᾶλλον@b προλαμβάνω@vire1s καί@b κατά@p οὗτος@rpans ἀγωνιάω@vnpa-- περί@p ἐγώ@rpgms οὐ@b ὀφέλλω@vipa2s ἀλλά@cs πέτρος@nnmsp ὅτι@cs ἀκμή@b αὐτός@rpdms ὁ@danp ἐναντίος@ananp- φρονέω@vipa1s ὅσπερ@rpans μετά@p ὁ@dafs ὑμέτερος@anafs- ζήτησις@nafsc ἐλπίζω@vipa1s φλάζομαι@annms- εἰμί@vppanms κριτής@nnmsc πρόληψις@nafsc ἀποδύω@vpamnms ὁ@ddms ἐπικρατέω@vppadms συντίθημι@vnam-- λόγος@ndmsc οὗτος@rpanp ὁ@dgms πατήρ@ngmsc εἶπον@vpaagms ἠρέμα@b βοή@nnfsc τις@annfs- ἔπαινος@ngmsc ἐκ@p ὁ@dgmp ὄχλος@ngmpc γίγνομαι@viam3s ἐπί@p ὁ@ddns οὕτως@b ὁ@dams πατήρ@namsc διαλέγω@vnap--"
"Ps-Clem.Petr._133","καί@b ὅμως@b ὁ@dnms πέτρος@nnmsp ὁ@dans ἑαυτοῦ@rpgms περί@p θεός@ngmsc ἐκτίθημι@viam3s φρόνημα@nansc καί@b πολύς@ananp- περί@p μοναρχία@ngfsc διαλέγω@vpapnms μετά@p δάκρυον@ngnpc ὁ@ddfs χείρ@ndfsc προσκαλέω@viie3s ὁ@damp ὄχλος@nampc ὅς@rpdmp προσέρχομαι@vpaadmp ὁ@dafp χείρ@nafpc ἐπιτίθημι@vppanms καί@cs εὔχομαι@vppenms παρακαλέω@viia3s πᾶς@anamp- καί@cs εὐλογέω@viaa1p ἅπας@annmp- ὁ@dams θεός@namsc ὑπειστρέχω@viaa3s δέ@b τις@rpncs λέγω3@vppanms πρός@p σίμων@namsp ἄππιος@nnmsp ὁ@dnms πλειστονίκης@nnmsp σύν@p ἀννουβίων@ndmsp ἥκω@viia3s ἄρτιος@b πρός@p ἀντιόχεια@nafpp καί@b οὗτος@rpanp ἀκούω@vpaanms σίμων@nnmsp ἐξέρχομαι@viaa3s ὁ@dgns ὑποδέχομαι@vnam-- αὐτός@rpamp ὁ@dnms δέ@b πατήρ@nnmsc ἀκούω@vpaanms καί@cs χαίρω@vpapnms φημί@viia3s ὁ@ddms πέτρος@ndmsp εἰ@cs ἐγώ@rpdms ἐπιτρέπω@vipa2s πορεύω@vifm1s καί@b ἐγώ@rpnms προσαγορεύω@vpfanms ἀππίων@namsp καί@cs ἀννουβίων@namsp ἐκ@p πρῶτος@angfs- ἡλικία@ngfsc φίλος@nampc ἐγώ@rpdms γίγνομαι@vpreamp τυγχάνω@b γάρ@b ἀννουβίων@namsp πείθω@vsaa1s κλήμεντ@ndmsp διαλέγω@vnap-- περί@p γένεσις@ngfsc καί@b ὁ@dnms πέτρος@nnmsp ἐπιτρέπω@vipa1s φημί@viia3s καί@cs ἐπαινέω@vipa1s ὁ@danp φίλος@angmp- σύ@rpams πληρόω@vppaams μέρος@nanpc πλήν@b ἐννοέω@vmpa2s ἐγώ@rpdms ὡς@cs κατά@p πρόνοια@nafsc θεός@ngmsc πανταχόθεν@b συντρέχω@vipa3s ὁ@dnnp πρός@p ὁ@dafs σός@anafs- πίστις@nafsc οἰκεῖος@anafs- ἀποτελέω@vppannp ὁ@dafs ἁρμονία@nafsc οὗτος@rpans δέ@b εἶπον@viaa1s διά@p ὁ@dafs ἀννουβίων@ngmsp χρήσιμος@b σύ@rpdms γίγνομαι@vpamafs ἐπιδημία@nafsc καί@b ὁ@dnms πατήρ@nnmsc φημί@viia3s ἀληθής@b συνοράω@vipa1s οὗτος@rpans οὕτως@b ἔχω@vppaans"
"Ps-Clem.Petr._134","καί@cs οὗτος@rpanp εἶπον@vpaanms πορεύω@viap3s πρός@p σίμων@namsp καί@b εὑρίσκω@vpaanms ἀππίων@namsp καί@cs ἀννουβίων@namsp προσαγορεύω@vpaanms αὐτός@rpamp καθέζομαι@viap3s ὁ@dnms δέ@b σίμων@nnmsp ἀκούω@vpaanms ἐπιδημέω@vnfa-- τις@rpamp ἐκ@p ἐντολή@ngfsc βασιλικός@angfs- ἐπιζητέω@vppaamp αὐτός@rpams καί@cs φάσκω@vppaamp καθότι@cs καῖσαρ@nnmsp πολύς@anamp- μάγος@nampc ἀναιρέω@vpaanms καί@cs ὁ@danp κατά@p ὁ@dams σίμων@namsp μανθάνω@vpaanms εἰς@p ἐπιζήτησις@nafsc αὐτός@rpgms πέμπω@viaa3s ὅπως@cs καί@b αὐτός@rpams ὡς@cs καί@b ὁ@damp πρό@p αὐτός@rpgms μάγος@nampc κολάζω@vsaa3s πρός@p ἀππίων@namsp καί@cs ἀννουβίων@namsp φημί@viia3s φαύστος@ngmsp πρός@p ἐγώ@rpamp ἔρχομαι@vpaagms ἅλς@vpfanms αὐτός@rpams συμμετέχω@vnaa-- ἐγώ@rpdcp ποιέω@vmaa2p ἐγώ@rpnms δέ@b μύρον@nansc τις@anans- σκευάζω@vifa1s ἵνα@cs δειπνέω@vpaanms καί@cs ἀναλαμβάνω@vpaanms ὁ@dans ἴδιος@anans- χρίω@vpaanms πρόσωπον@nansc ὁ@dafs ἐμός@anafs- πᾶς@andmp- ἔχω@vnpa-- δόξα@vsaa3s μορφή@nafsc"
"Ps-Clem.Petr._135","καί@cs ὁ@dgms σίμων@ngmsp οὗτος@rpanp εἶπον@vpaagms ἄππιος@nnmsp καί@cs ἀννουβίων@ngmpp φημί@viia3s τίς@anans- νῦν@b σύ@rpdms ἐκ@p ὁ@dgfs μηχανή@ngfsc οὗτος@angfs- εἰμί@vifm3s κέδρος@nnmsc καί@b ὁ@dnms σίμων@nnmsp φημί@viia3s πρῶτος@anans- μέν@b συλλαμβάνω@vpaanmp αὐτός@rpams ὁ@dnmp ἐγώ@rpacs ζητέω@vppanmp παύω@vifm3p ὁ@dgfs κατά@p ἐγώ@rpgms ζήτησις@ngfsc εἰ@cs δέ@b καί@b ὑπό@p βασιλικός@angfs- χείρ@ngfsc ἀναιρέω@voap3s μέγας@ananss πένθος@nansc ἔχω@vifa3p ὁ@dnmp οὗτος@rpgms παῖς@nnmpc ὅς@rpnmp τις@rpnmp ἐγώ@rpams καταλιμπάνω@vpaanmp προσφεύγω@vpaanmp ὁ@ddms πέτρος@ndmsp συνεργέω@vipa3p ἀννουβίων@nnmsp δέ@b καί@cs ἄππιος@nnmsp κατά@p ἴδιος@anafs- ὁ@dams φαῦστος@namsp εὑρίσκω@vpaanmp ὁ@dafs ἐπιβουλή@nafsc ἐκφαίνω@viaa3p ὁ@dnms δέ@b φαῦστος@nnmsp οὐ@b πιστεύω@viaa3s ἀληθής@andfs- εἰμί@vnpa-- ὁ@danp λέγω3@vppeanp συνδειπνέω@vpaanms δέ@b ὁ@dnms πατήρ@nnmsc μετά@p σίμων@ngmsp καί@b ἀππίων@ngmsp καί@cs ἀννουβίων@ngmsp λαμβάνω@viaa3s ἐκ@p χείρ@ngfsc ὁ@dgms σίμων@ngmsp ὁ@dans μύρον@nansc καί@cs ὁ@dans ἴδιος@anans- χρίω@vpaanms πρόσωπον@nansc ὁ@dafs ὁ@dgms σίμων@ngmsp προσλαμβάνω@viam3s μορφή@nafsc πλήν@b ἐν@p μέσος@andfs- γε@b νύξ@ndfsc ἀνίστημι@vpaanms ὁ@dnms σίμων@nnmsp ὁ@dafs ἐπί@p ἰουδαία@nafsp ποιέω@viie3s φυγή@nafsc"
"Ps-Clem.Petr._136","ἐγώ@rpnmp δέ@b ὁ@dnmp σύνειμι@vppanmp ὁ@ddms πέτρος@ndmsp διά@p ὅλος@angfs- νύξ@ngfsc ἐπάλληλος@b πυνθάνομαι@vppenmp ὑπό@p τε@b ἡδονή@ngfsc καί@cs χαρά@ngfsc ὁ@dgnp λέγω3@vppegnp νήφω@vppanmp διανυκτερεύω@viaa1p ἤδη@b δέ@b πως@b νύξ@ngfsc ὑπαυγάζω@vppegfs πέτρος@nnmsp ἐμβλέπω@vpaanms ἐγώ@rpdcs τε@b καί@cs ὁ@ddmp ἀδελφός@ndmpc ἐγώ@rpgms φημί@viia3s διαπορέω@vipa1s τίς@rpnns δοκέω@viaa3s ὁ@ddms ὑμέτερος@andms- πατήρ@ndmsc καί@cs λέγω3@vppagms οὗτος@rpans ἥκω@viia3s ὁ@dnms πατήρ@nnmsc αὐτόθι@b ὁ@dams πέτρος@namsp ἐγώ@rpdcp περί@p αὐτός@rpgms διαλέγω@vppeams καταλαμβάνω@vpaanms καί@b ἀθυμέω@vppaams εἶδον@vpaanms προσαγορεύω@vpaanms ἀπολογέομαι@viam3s διά@p ὅς@anafs- αἰτία@nafsc ἔξω@b κοιμάω@vire3s ἐγώ@rpnmp δέ@b ἐμβλέπω@vppanmp αὐτός@rpdms ἐξίστημι@viia1p ὁ@dans εἶδος@nansc σίμων@ngmsp ὁράω@vppanmp φωνή@ngfsc δέ@cs ὁ@dgms πατήρ@ngmsc ἐγώ@rpgmp ἀκούω@vppanmp φαύστος@ngmsp καί@b δή@b φεύγω@vppagmp ἐγώ@rpgmp αὐτός@rpams ἐκπλήσσω@vile3s ὁ@dnms πατήρ@nnmsc ἐπί@p ὁ@ddns οὕτως@b ἀπηνής@b καί@cs ἐχθρωδῶς@b αὐτός@rpamd χράω@vnpe-- μόνος@annms- δέ@b πέτρος@nnmsp ὁ@dafs κατά@p φύσις@nafsc αὐτός@rpgms ὁράω@vppanms μορφή@nafsc πρός@p ἐγώ@rpamp φημί@viia3s τις@rpgns ἕνεκα@p βδελύσσομαι@vppenmp ἀπωθέω@vipe2p ὁ@dams ὑμέτερος@anams- πατήρ@namsc ἐγώ@rpnfp δέ@b καί@cs ὁ@dnfs μήτηρ@nnfsc φημί@viia1p σίμων@nnmsp ἐγώ@rpdcp οὗτος@annms- φαίνω@vipe3s φωνή@nafsc ἔχω@vppanms ὁ@dgms ἡμέτερος@angms- πατήρ@ngmsc καί@b ὁ@dnms πέτρος@nnmsp φημί@viia3s σύ@rpdmp μέν@b ὁ@dnfs ἀμάγευτος@annfs- αὐτός@rpgms φωνή@nnfsc μόνος@annfs- γνώριμος@annfs- εἰμί@vipa3s ἐγώ@rpgms δέ@cs ὁ@ddmp ἀμήγετος@andmp- ὀφθαλμός@ndmpc καί@cs ὁ@dnns εἶδος@nnnsc αὐτός@rpgms ὡς@cs εἰμί@vipa3s ὁράω@vipe3s ὅτι@cs μή@b εἰμί@vipa3s σίμων@nnmsp ἀλλά@cs φαῦστος@nnmsp ὁ@dnms ὑμέτερος@annms- πατήρ@nnmsc τότε@b δή@b προσεμβλέψας@vpaanms καί@b ὁ@ddms πατήρ@ndmsc φημί@viia3s ὁ@dnns γνήσιος@annns- σύ@rpgms εἶδος@nnnsc αὐτός@rpdmp οὐ@b φαίνω@vipe3s ἀλλά@cs σίμων@ngmsp ὁ@dgms ἀσεβής@angmss καί@cs ἐγώ@rpdmp ἔχθιστος@angmss"
"Ps-Clem.Petr._137","cxxxvii@n---p οὗτος@rpanp ὁ@dgms πέτρος@ngmsp διαλέγω@vppegms ἐπεισέρχομαι@viia3s τις@rpnms ὁ@dgfp πρόοδος@ngfpc ἀπό@p ὁ@dgfs ἀντιόχεια@ngfsp ἔρχομαι@vpranms λέγω3@vppanms πέτρος@ndmsp οἶδα@vnra-- σύ@rpams ἐθέλω@vipa1s κύριος@nvmsc ἐγώ@rpgms ὅτι@cs σίμων@nnmsp ἐν@p ὁ@ddfs ἀντιόχειος@ndfsp ὅτε@cs ὑπάρχω@viia3s δημοσίᾳ@b πολύς@ananp- τεράστιος@ananp- ποιέω@vppanms οὐδείς@rpans ἄλλος@anans- προσδιαλέγομαι@viie3s ἤ@cs σύ@rpacs πρός@p αὐτός@rpamp πρός@p μῖσος@nansc ποιέω@vppanms μάγος@namsc τε@b ὀνομάζω@vppanms καί@b γόης@namsc καί@cs μιαιφόνος@anams- καί@cs πρός@p τοσοῦτος@rpans αὐτός@rpamp μῖσος@nansc παρασκευάζω@viaa3s ὡς@cs γλίχομαι@vnpe-- πᾶς@anams- ἄνθρωπος@namsc ὁ@dgmp ἐκεῖ@b ἐπιδημέω@vpaagmp ὁ@dgfp σάρξ@ngfpc αὐτός@rpgmp ἀπογεύω@vnam-- σύ@rpgms ἐγώ@rpnmp δέ@b πολύς@anans- κατά@p σύ@rpgms βρύχω@vppaafs ὁ@dafs πόλις@nafsc ὁράω@vpranmp ἔρχομαι@viaa1p ὁ@dgns ἀπαγγέλλω@vnaa-- σύ@rpdms ἀλλά@cs καί@b ὑπό@p καῖσαρ@ngmsp πέμπω@vpapnms βασιλικός@annms- πρός@p ὁ@dams ὁ@dgfs ἐπαρχία@ngfsc ἡγέομαι@vppeams εἰς@p ἀναζήτησις@nafsc σίμωος@nnmsp μανθάνω@vpaanms ὅτι@cs φυγάς@vpaanms εἰς@p ἰουδαία@nafsp πορεύω@viap3s καί@cs αὐτός@rpnms εἰς@p ἀναζήτησις@nafsc αὐτός@rpgms ἀπέρχομαι@viaa3s ἴνα@cs κατά@p ὁ@dafs πρόσταξις@nafsc καῖσαρ@ngmsp τιμωρέω@vsam3s αὐτός@rpams"
"Ps-Clem.Petr._138","οὗτος@rpanp ἀκούω@vpaanms ὁ@dnms πέτρος@nnmsp φημί@viia3s πρός@p ὁ@dams πατήρ@namsc αὐτός@rpnms ἴδιος@andnp- οὖς@ndnpc ἀκούω@vira2s ὁ@dgfp πρόοδος@ngfpc ἀπό@p ἀντιόχεια@ngfsp ἔρχομαι@vpragmp καί@cs εἶπον@vpaagmp ὡς@cs ἐκεῖ@b γίγνομαι@vpranms σίμων@nnmsp ἰσχύρως@b ὁ@damp ὄχλος@nampc κατά@p ἐγώ@rpgms παροξύνω@viaa3s μάγος@namsc καί@cs μιαιφόνος@anams- πλάνος@namsc τε@b καί@cs γόης@nanpc ἀποκαλέω@vppanms ποιέω@vmaa2s οὖν@b ὡς@cs ἐγώ@rpnms σύ@rpdms λέγω3@vipa1s καταλιμπάνω@vpaanms κλήμεντ@nafsp παρά@p ἐγώ@rpdms καί@cs προλαμβάνω@vpaanms ἐγώ@rpamp εἰς@p ἀντιοχεία@nafsp μετά@p ὁ@dgfs σύμβιος@ngfsc σύ@rpgms ἔτι@b δέ@cs καί@b φαυστῖνος@ngmsp καί@cs φαυστινιανὸς@ngmsp ὁ@dgmp υἱός@ngmpc σύ@rpgms σύνειμι1@vifm3p δέ@b σύ@rpdms καί@b ἄλλος@annmp- τις@rpncp ὅς@rpamp ἐγώ@rpnms κρίνω@vipa1s δυνατός@anamp- ὑπουρέω@vnaa-- ὁ@ddns ἐμός@andns- θέλημα@ndnsc μετά@p οὗτος@rpgmp ἐν@p ἀντιόχειος@ndfsp γίγνομαι@vpamnms ἐν@p ὅσος@andns- ὡς@cs σίμων@nnmsp φαίνω@vspa3s δημοσίᾳ@b κηρύσσω@vmaa2s ὁ@dafs σεαυτοῦ@rpgms μετάνοια@nafsc"
"Ps-Clem.Petr._139","οὗτος@rpanp ὁ@dgms πέτρος@ngmsp εἶπον@vpaagms οἶδα@vira1s φημί@viia3s ὁ@dnms πατήρ@nnmsc ὅτι@cs βούλομαι@vspe2s διό@cs μή@b κάμνω@vmpa2s ἐγώ@rpdms γάρ@b οὐ@b ἥσσων@anansc μέλω@vifa3s ἐκεῖσε@b ἔρχομαι@vpaadms διαλέγω@vnap-- ὅς@rpanp χρή@vipa3s περί@p σύ@rpgms διαλέγω@vnpe-- καί@b δή@b ὁ@dgms πατήρ@ngmsc ὑπό@p νύξ@nafsc μετά@p ὅς@rpafs κελεύω@viaa3s πέτρος@nnmsp σύν@p ὁ@ddms ἀννουβίων@ndmsp ὁρμάω@vpaagms ἐπί@p ὁ@dafs πλησίος@b ἀντιοχεία@nafsp ἔρχομαι@viaa3s καί@b ἵστημι@vpaanms ἐν@p μέσος@andms- ὁ@dgfs ἀγορά@ngfsc λέγω@viaa3s πρός@p ὁ@dans πλῆθος@nansc ὁ@dgms λαός@ngmsc ἐγώ@rpnms σίμων@nnmsp οὗτος@rpanp σύ@rpdmp κηρύσσω@vipa1s ὁμολογέω@vipa1s ἄδικος@b καταψεύδω@vnam-- πέτρος@ngmsp οὐ@b εἰμί@vipa3s πλάνος@nnmsc οὐ@b μιαιφόνος@annms- οὐ@b γόης@ngfsc οὐδε@b ὅσος@annnp- περί@p αὐτός@rpgms ποτέ@b φαῦλος@ananp- λέγω3@viia1s δέω@vipe1s σύ@rpgmp αὐτός@annms- ἐγώ@rpnms ὁ@dnms ὁ@dgns πρός@p σύ@rpamp μῖσος@ngnsc αἴτιος@annms- αὐτός@rpdms γίγνομαι@vpranms παύω@vmam2p μισέω@vppanmp αὐτός@rpams ὁ@dgms γάρ@b πρός@p σωτηρία@nafsc κόσμος@ngmsc ἐπιφαίνω@vpapgms υἱός@ngmsc ὁ@dgms θεός@ngmsc ἀψευδής@annms- εἰμί@vipa3s ἀπόστολος@nnmsc διό@b καί@b αὐτός@rpnms συμβουλεύω@vipa1s αὐτός@rpdms σύ@rpamp πείθω@vnpe-- περί@p ὅς@rpgnp κηρύσσω@vipa3s ἐπεί@cs πᾶς@annfs- σύ@rpgmp ὁ@dnfs πόλις@nnfsc ἄρδην@b ἀπόλλυμι@vifm3s διά@p ὅς@anafs- δέ@b αἰτία@nafsc σύ@rpdmp οὗτος@rpanp ὁμολογέω@viaa1s οἶδα@vnra-- σύ@rpamp ἐθέλω@vipa1s οὗτος@andfs- ὁ@ddfs νύξ@ndfsc ἄγγελος@nnmpc ἐγώ@rpams ὁ@dgms θεός@ngmsc ὁ@dams ἀσεβής@anams- ὡς@b ἐχθρός@anams- εἰμί@vppaams ὁ@ddms ὁ@dgfs ἀλήθεια@ngfsc κῆρυξ@ndmsc δεινός@b μαστιγόω@viia3p παρακαλέω@vifa1s οὖν@b μη@b δέ@b ἄν@cs αὐτός@annms- ἐγώ@rpnms ἄλλοτε@b ἔρχομαι@vpaanms κατά@p πέτρος@ngmsp ἐπιχειρέω@vspa1s λέγω3@vnpa-- ἀποδέχομαι@vmam2p ἐγώ@rpacs ἐξομολογέομαι@vipe1s γάρ@b σύ@rpdmp ἐγώ@rpnms μάγος@nnmsc ἐγώ@rpnms πλάνος@annms- ἐγώ@rpnms γόης@ngfsc ἀλλά@cs μετανοέω@vipa1s ἔξεστι@vipa3s γάρ@b ἴσως@b μετάνοια@ndfsc ἀπόλλυμι@vnaa-- ὁ@danp πιπράσκω@vpreanp ἐγώ@rpdms ἁμάρτημα@nanpc"
"Ps-Clem.Petr._140","οὗτος@rpanp εἶπον@vpaanms ὁ@dnms πατήρ@nnmsc δημοσίᾳ@b ὡς@cs ἐκ@p πρόσωπον@ngnsc σίμων@ngmsp καί@cs πέτρος@namsp εὐλογέω@vpaanms ὁ@dafs πᾶς@anafs- ἀντιοχέων@ngmpp πόλις@nafsc εἰς@p πόθος@namsc μετατίθημι@viaa3s καί@b ἐκ@p οὗτος@rpgns πᾶς@anamp- ἐπιθυμέω@vnpa-- εἶδον@vnaa-- αὐτός@rpams ἀπαγγέλλω@viaa1s ἔνιοι@anamp- καί@b χαλεπαίνω@vppaamp αὐτός@rpdms ὡς@cs σίμων@ndmsp διά@p ὅς@rpgnp πρός@p πέτρος@namsp ἔχω@viia3p ὑπερβάλλω@vppaafs στοργή@nafsc καί@cs χείρ@nafpc ἐθέλω@vnpa-- ἐπιβάλλω@vnaa-- φαύστος@ndmsp ὡς@cs σίμων@ndmsp διό@b μήπως@cs ἀναιρέω@vsap3s δείδω@vpranms ἐξαυτῆς@rpgfs ἔρχομαι@vnaa-- πέμπω@vpaanms ἀξιόω@viia3s ὁ@dams πέτρος@namsp ὅπως@cs αὐτός@rpams ζάω@vppaams ἐπιλείπω@vsaa3s καί@cs ὁ@ddfs πόλις@ndfsc ἀκμάζω@vppadfs πόθος@ndmsc ὁ@ddms πρός@p αὐτός@rpams εὔκαιρος@b ἐπιφαίνω@vsap3s πέτρος@nnmsp δέ@b οὗτος@rpanp ἀκούω@vpaanms πρός@p ὁ@dans ἐκκλησιάζω@vnpa-- πλεῖστος@anamps συνάγω@vpaanms καί@cs ἐπίσκοπος@namsc καθίστημι@vpaanms βαπτίζω@vpaanms τε@b καί@cs ἰάομαι@vpamnms ἡμέρα@ngfpc ἐπιμένω@vpaanms τρεῖς@angfp- ὁ@ddfs λαοδικεία@andfs- ἐπί@p ὁ@dafs πλησίος@b ὁρμάω@vnfa-- ἀντιοχεία@nafsp σπεύδω@viaa3s"
"Ps-Clem.Petr._141","καί@cs δή@b ὁ@dafs πόλις@nafsc καταλαμβάνω@vpaanms ἅπας@annns- ὁ@dnns πλῆθος@nnnsc προστρέχω@vpaanns μετά@p χαρά@ngfsc ὑποδέχομαι@viam3s αὐτός@rpams ὡς@b εἰμί@vppaams ὁ@dgfs ἀλήθεια@ngfsc κῆρυξ@namsc καί@cs ἀπόστολος@namsc προσεύχομαι@vpamnms δέ@b καί@cs ἐπιτίθημι@vpaanms αὐτός@rpdmp ὁ@dafp χείρ@nafpc πᾶς@anamp- ὁ@damp κακός@b ἔχω@vppaamp θεραπεύω@viaa3s καί@cs εἷς@anams- θεός@namsc ἐν@p τρεῖς@andfp- ὑπόστασις@ndfpc εὐαγγελίζομαι@vpaenms καί@cs πολύς@ananp- διδάσκω@vpaanms αὐτός@rpamp περί@p μοναρχία@ngfsc πρός@p ὁ@dafs ξενία@nafsc ἄπειμι2@viia3s γιγνώσκω@vpaanms δέ@b ὁ@dnms πατήρ@nnmsc ἐγώ@rpgcp ὁ@dafs παρουσία@nafsc ὁ@dgms ἀπόστολος@angms- προστρέχω@vpaanms καταφιλέω@viaa3s ὁ@danp ἴχνος@nanpc αὐτός@rpgms παρακαλέω@vppanms αὐτός@rpams λαμβάνω@vnaa-- ὁ@dans ἅγιος@anans- βάπτισμα@nansc ὅπως@cs ὁ@dans ἀρχαῖος@anans- κάλλος@nansc ὁ@dgfs ψυχή@ngfsc καί@cs ὁ@dafs μορφή@nafsc ὁ@dgns σῶμα@ngnsc ὁμοῦ@b διά@p ὁ@dgns ἅγιος@angns- βάπτισμα@ngnsc ἀπολαμβάνω@vpaanms κοινωνός@nnmsc ὁ@dgnp ἄχραντος@angnp- καί@cs ζωοποιός@angnp- μυστήριον@ngnpc γίγνομαι@vsam3s καί@b ὁ@dnms πέτρος@nnmsp πρός@p αὐτός@rpams φημί@viia3s ὁ@dnms κύριος@nnmsc ἐγώ@rpgcp ἰησοῦς@ngfsp ὁ@dnms χριστός@nnmsp ὁ@dnms υἱός@nnmsc ὁ@dgms θεός@ngmsc λέγω@viaa3s ὁ@dnms πιστεύω@vpaanms καί@cs βαπτίζω@vpapnms σώζω@vifp3s καί@b κατά@p ὁ@dafs πίστις@nafsc σύ@rpgms γίγνομαι@vmap3s σύ@rpdms ὡς@cs ἐθέλω@vipa2s πολύς@ananp- δέ@b καί@b ἕτερος@ananp- ἀπό@p ὁ@dgfp θεῖος2@angfp- γραφή@ngfpc οὗτος@rpams κατηχέω@viaa3s ἑσπέρα@ngfsc δέ@b γίγνομαι@vpamgfs μεταλαμβάνω@vpaanmp τροφή@ngfsc ὑπνόω@viaa1p αἰνέω@vppanmp καί@cs εὐλογέω@vppanmp ὁ@dams θεός@namsc"
"Ps-Clem.Petr._142","ὁ@ddfs δέ@b ἐπέρχομαι@vppadfs ἡμέρα@ndfsc ἀνίστημι@vpaanms ὁ@dnms πέτρος@nnmsp ὄρθριος@anansc καί@cs προσεύχομαι@vpamnms μετακαλέω@viam3s ὁ@dams πατήρ@namsc ἐγώ@rpgmp ἅμα@b καί@cs ἐγώ@rpacp λέγω3@vppanms σήμερον@b ὦ@i ἀδελφός@nvmpc μέγας@annfs- χαρά@nnfsc γίγνομαι@vipe3s ἐν@p ὁ@ddms οὐρανός@ndmsc ἐπί@p ὁ@ddfs θεοδωρήτος@andfs- ἀναγεννάω@ndfsc ὁ@dgms καλός@angms- γέρων@ngmsc φαύστος@ngmsp καί@b παραλαμβάνω@vpaanms ἐγώ@rpacp ἔξειμι2@viia1p κατά@p ἀνατολή@nafpc ὁ@dgfs πόλις@ngfsc ἔνθα@b ὑπάρχω@vipa3p ὕδωρ@nnnpc καθαρός@annnp- καί@b μόνος@anams- ὁ@dams πατήρ@namsc ἐγώ@rpgcp λαμβάνω@vpaanms ἴδιος@andfs- κατηχέω@vpaanms τε@b πολύς@ananp- καί@cs διδάσκω@vpaanms αὐτός@rpams ὁ@danp περί@p θεός@ngmsc καί@cs ὁ@dgfs διά@p σάρξ@ngfsc αὐτός@rpgms πρός@p ἐγώ@rpamp ἐπιδημία@ngfsc βαπτίζω@viaa3s αὐτός@rpams εἰς@p ὁ@dans ὄνομα@nansc ὁ@dgms πατήρ@ngmsc καί@b ὁ@dgms υἱός@ngmsc καί@cs ὁ@dgns ἅγιος@angns- πνεῦμα@ngnsc καί@cs λαμβάνω@vpaanms ἄρτος@namsc εὐχαριστέω@vpaanms καί@cs εὐλογέω@vpaanms μεταδίδωμι@viaa3s αὐτός@rpdms ὁ@dgnp ἅγιος@angnp- καί@b ἄχραντος@angnp- καί@cs ζωοποιός@angnp- μυστήριον@ngnpc καί@b εἰμί@viia1p ὁμοῦ@b οὖν@b ὁ@dnmp πᾶς@annmp- ἀγαλλιάομαι@vppenmp ἐν@p κύριος@ndmsc ἡμέρα@ngfsc καί@cs νύξ@ngfsc ἐπί@p ὁ@ddfs ὁ@dgms πατήρ@ngmsc ἐγώ@rpgcp διά@p ὁ@dgns ἅγιος@angns- βάπτισμα@ngnsc ἀναγεννάω@ndfsc ἔτι@b τε@b καί@b ὁ@dams θεῖος1@anams- λόγος@namsc παρά@p πέτρος@namsp ἀκροάομαι@vppenmp καί@b ποιέω@vpaanmp ἐπί@p ὁ@dans αὐτός@rpans χρόνος@namsc τις@rpacs πᾶς@andmp- κατάδηλος@annnp- γίγνομαι@vira3s ὁ@dnnp κατά@p ἐγώ@rpamp καί@cs ἐν@p ὁ@ddnp ἅπας@angmp- εἰμί@viia1p στόμα@ndnpc διαπαντός@annms- καί@b θαυμάζω@viia3p πᾶς@annmp- ἐπί@p πᾶς@andnp- ὁ@ddnp συμβαίνω@vpradnp ἐγώ@rpdmp καί@b ὁ@dafs ὁ@dgms θεός@ngmsc εἰς@p ἐγώ@rpamp βοήθεια@nafsc ἐπί@p ὁ@ddms ἀναγνωρισμός@ndmsc ἐγώ@rpgmp μεγαλύνω@viia3p ὁ@dgmp μακρός@andms- χρόνος@ndmsc ἀπό@p ἀλλήλων@rpgmp χωρίζω@vpapgmp καί@cs θνήσκω@vnra-- νομίζω@vpapgnp"
"Ps-Clem.Petr._143","καί@b οὗτος@rpgns βοάω@vppegms κατά@p πᾶς@anafs- ὁ@dafs πόλις@nafsc μανθάνω@vpaanms ὁ@danp κατά@p ἐγώ@rpamp ὁ@dnms ὁ@dgfs ἀντιοχέων@ngmpp ἡγεμών@nnmsc καί@cs πᾶς@ananp- ὁ@danp συμβαίνω@vpraanp ὁ@ddms τε@b πατήρ@ndmsc ἐγώ@rpgmp καί@cs ὁ@ddfs μήτηρ@ndfsc καί@cs ὅτι@cs βασιλικός@angns- γένος@ngnsc ὑπάρχω@vipa3p ἀνάγω@viaa3s οὗτος@rpanp πᾶς@ananp- ἀκριβής@b ὁ@ddms βασιλεύς@ndmsc τιβέριος@ndmsp ἀκούω@vpaanms δέ@b ὁ@dnms βασιλεύς@nnmsc οἷος@annnp- συμβαίνω@viaa3s φαύστος@ndmsp ὁ@ddms ἴδιος@andms- αὐτός@rpgms συγγενεύς@ndmsc κελεύω@viaa3s ὁ@ddms ἡγεμών@ndmsc ὁ@dgfs ἀντιόχεια@ngfsp ὁ@dans τάχος@nansc ἀποστέλλω@vnaa-- αὐτός@rpams ἅμα@b καί@cs ὁ@dgfs μήτηρ@ngfsc ἐγώ@rpgmp δέχομαι@vpamnms δέ@b ὁ@dnms ἡγεμών@nnmsc ὁ@dafs ὁ@dgms βασιλεύς@ngmsc κέλευσις@nafsc προσκαλέω@vpamnms ὁ@dams πατήρ@namsc ἐγώ@rpgmp καί@cs ὁ@dafs μήτηρ@nafsc μετά@p πολύς@angfs- τιμή@ngfsc καί@cs δορυφορία@ngfsc πρός@p ὁ@dams καῖσαρ@namsp τιβέριος@namsp οὗτος@rpamp ἀποστέλλω@viaa3s θεάω@vpaenms δέ@b ὁ@dnms καῖσαρ@nnmsp ὁ@dams τε@b πατήρ@namsc ἐγώ@rpgmp καί@b ὁ@dafs μήτηρ@nafsc καί@cs ἐπιγιγνώσκω@vpaanms αὐτός@rpamp μανθάνω@vpaanms δέ@b καί@b ὁ@danp συμβαίνω@vpraanp αὐτός@rpdmp ἐξίστημι@viaa3s ἐπί@p οὗτος@rpans καί@cs ἐπιπίπτω@vpaanms ἐπί@p ὁ@dams τράχηλος@namsc αὐτός@rpgms κλαίω@viaa3s σφόδρα@b ἐπέχω@vpaanms δέ@b ὁ@dgns πένθος@ngnsc φημί@viia3s πρός@p ὁ@dafs σύγκλητος@nafsc συναλγέω@annmp- ἐγώ@rpdms πᾶς@annmp- καί@cs κοινός@anafs- ἑορτή@nafsc κροτέω@vsaa1p ἐπί@p ὁ@ddfs εὕρεσις@ndfsc φαῦστος@namsp καί@cs ματθιδίας@ngfsp ὅτι@cs νεκρός@nnmpc νομίζω@vppenmp ἀνίστημι@viaa3p καί@cs ἀπόλλυμι@vpranmp εὑρίσκω@viap3p καί@b ποιέω@vpaanms εὐωχία@nafsc ὁ@ddfs ἡμέρα@ndfsc ἐκεῖνος@andfs- ὁ@dnms καῖσαρ@nnmsp μεγάλως@b αὐτός@rpamp φιλολοιδόω@viaa3s καί@b ὁ@ddfs ἐπέρχομαι@vppadfs προσκαλέω@vpamnms ὁ@dams πατήρ@namsc ἐγώ@rpgmp καί@cs ὁ@dafs μήτηρ@nafsc δίδωμι@vira3s αὐτός@rpdmp χρῆμα@nanpc πολύς@ananp- καί@b ἱματισμός@namsc παῖς@nampc τε@b καί@b παιδίσκη@nafpc καί@cs περιουσία@nafsc ἄφατος@anafs- ὑπάρχω@viia3p δέ@b ἐν@p μέγας@andfs- δόξα@ndfsc τιμάω@vppenmp παρά@p πᾶς@angmp- εὐσεβής@b βιάω@vppanmp καί@cs πολύς@ananp- ὁ@damp πτωχός@nampc εὐεργετέω@vppanmp κατά@p ἕκαστος@anafs- ζάω@vpaanmp δέ@b χρόνος@namsc οὐ@b ὀλίγος@anams- πᾶς@ananp- ὁ@danp ὑπάρχω@vppaanp αὐτός@rpdmp ὁ@ddmp δέω2@vppedmp διανέμω@vpaanmp ἐν@p γῆρας@ndnsc καλός@andns- πρός@p ὁ@dams θεός@namsc ἀποδημέω@viaa3p μνημόσυνον@nansc καλός@anans- ὁ@dams ἑαυτοῦ@rpgmp βίος@namsc καταλιμπάνω@vpaanmp ὁ@ddfs πολιτεία@ndfsc ῥωμαῖος@ngmpp"
"Ps-Clem.Petr._144","ἐγώ@rpnms μέν@b σύ@b κλήμης@ngfsp καί@b ἀκύλας@nnmsp καί@cs νικήτης@nnmsp μένω@viaa1p μετά@p ὁ@dgms ἀπόστολος@angms- πέτρος@ngmsp ἐν@p ὁ@ddns θεῖος2@andns- κήρυγμα@ndnsc πλεῖστος@andfp- κώμη@ndfpc καί@cs πόλις@ndfpc εὐαγγελίζομαι@vppenmp ὁ@dams λόγος@namsc ὁ@dgfs ἀλήθεια@ngfsc πέτρος@nnmsp δέ@b ὁ@dnms ὁ@dgms χριστός@ngmsp ἀπόστολος@nnmsc πολύς@anamp- ἀσθενής@anamp- θεραπεύω@vpaanms καί@cs δαιμονιάω@vppaamp ἰάομαι@vpamnms νεκρός@nampc τε@cs πολύς@anamp- ἀνίστημι@vpaanms ὁ@ddfs ὁ@dgms κύριος@ngmsc ἰησοῦς@ngmsp χριστός@ngmsp δύναμις@ndfsc κατά@p πόλις@nafpc καί@cs χώρα@nafpc παραλαμβάνω@vpaanms ἐγώ@rpams μέχρι@p ῥώμη@ngfsp αὐτός@angfs- κατέρχομαι@viaa3s καί@b ἐκεῖ@b κηρύσσω@vnaa-- ὁ@dams ὁ@dgfs ἀλήθεια@ngfsc λόγος@namsc παραγίγνομαι@vpamnms δέ@b καί@cs εἰσέρχομαι@vpaanms ἐν@p ὁ@ddfs πόλις@ndfsc κατά@p ἕκαστος@anafs- διδάσκω@viia3s ἐν@p ὁ@ddfp συναγωγή@ndfpc καί@cs ἐν@p ὁ@ddmp οἶκος@ndmpc ὁ@dams λόγος@namsc ὁ@dgfs ἀλήθεια@ngfsc καί@b πολύς@anamp- προσάγω@viaa3s διά@p ὁ@dgns ἅγιος@angns- βάπτισμα@ngnsc ὁ@ddms χριστός@ndmsp μέγας@anamp- τε@b καί@cs μικρός@anamp- ἔπειτα@cs καί@b ὁ@dgfp εὐγενίς@angfp- γυνή@ngfpc ὁ@dafp περιφανής@anafp- ὥστε@cs ἐν@p ὀλίγος@andms- χρόνος@ndmsc μικρός@angms- δεῖ@vnpa-- προστρέχω@vnaa-- ὁ@ddns ἅγιος@andns- βάπτισμα@ndnsc καί@cs πιστεύω@vnaa-- πᾶς@anamp- ὁ@ddms θεός@ndmsc διά@p ὁ@dgfs ὁ@dgms ἀπόστολος@angms- διδασκαλία@ngfsc"
"Ps-Clem.Petr._145","ἀλλά@b πέτρος@nnmsp ὁ@dnms μακάριος@annms- ὁ@dgms κύριος@ngmsc ἀπόστολος@nnmsc ὁ@dnms διά@p ὁ@dafs ἀληθινός@anafs- πίστις@nafsc καί@cs ὁ@dafs ἀσφαλής@anafss αὐτός@rpgms ὁ@dgfs διδασκαλία@ngfsc ὑπόθεσις@nafsc ὁ@dgfs ἐκκλησία@ngfsc θεμέλιος@nnmsc εἰμί@vnpa-- ὁρίζω@vpapnms καί@cs διά@p αὐτός@anans- οὗτος@rpans ὑπό@p αὐτός@angms- ὁ@dgms κύριος@ngmsc ἐγώ@rpgcp ἰησοῦς@ngmsp χριστός@ngmsp ὁ@dgms ἀληθινός@angms- θεός@ngmsc ἀψευδής@andns- στόμα@ndnsc μετονομάζω@vpapnms πέτρος@nnmsp ὁ@dnfs ἀπαρχή@nnfsc ὁ@dgms κύριος@ngmsc ἐγώ@rpgcp ὁ@dnms ὁ@dgmp ἀπόστολος@ngmpc πρῶτος@annms- ὅς@rpdms πρῶτος@andns- ὁ@dnms πατήρ@nnmsc ὁ@dams υἱός@namsc ἀποκαλύπτω@viaa3s ὅς@rpams ὁ@dnms χριστός@nnmsp εὔλογος@b μακαρίζω@viaa3s ὁ@dnms κλητός@annms- καί@cs ἐκλεκτός@annms- καί@cs συνέστιος@annms- καί@cs συνοδοιπόρος@nnmsc ὁ@dnms καλός@annms- καί@cs δόκιμος@annms- μαθητής@nnmsc ὁ@dnms ὁ@dgfs δύσις@ngfsc ὁ@dans σκοτεινός@anansc ὁ@dgms κόσμος@ngmsc μέρος@nansc ὡς@b πᾶς@angmp- ἱκανός@annmsc φωτίζω@vnaa-- κελεύω@vpapnms καί@b δή@b μέχρι@p ποῦ@b μηκύνω@vipa1s ὁ@dams λόγος@namsc μή@b βούλομαι@vppenms σημαίνω@vnaa-- ὁ@dans λυπέω@vppaans ὅς@rpnns ἐκ@p ἀνάγκη@ngfsc καί@b ἄν@b βραδύς@anans- πάντως@b εἶπον@vnaa-- ἐγώ@rpacs δεῖ@vipa3s οὗτος@rpnms αὐτός@annms- διά@p ὁ@dafs ἄμετρος@anafs- πρός@p ἄνθρωπος@nampc στοργή@nafsc σαφής@b δημοσίᾳ@b ἐπί@p ὁ@dgms ἐνίστημι@vpragms πονηρός@angms- αἰών@ngmsc ὁ@dams εἰμί@vpfmams ἀγαθός@anams- ὅλος@andms- ὁ@ddms κόσμος@ndmsc μηνύω@vpaanms βασιλεύς@namsc μέχρι@b ἐνταῦθα@b ὁ@ddfs ῥώμη@ndfsp γίγνομαι@vpamnms θεοβούλευτος@andfs- διδάσκεια@ndfsc σώζω@vppanms ἄνθρωπος@nampc πρός@p αὐτός@andfp- ὁ@ddfp ἡμέρα@ndfpc ὅς@rpdfp μέλλω@viia3s βίαιος@andms- τελευτάω@vnpa-- θάνατος@ndmsc συναθροίζω@vpregmp ὁ@dgmp ἀδελφός@ngmpc αἰφνιδίως@b λαμβάνω@vpamnms ἐγώ@rpgms ὁ@dgfs χείρ@ngfsc ἐγείρω@vpapnms ἐπί@p ὁ@dgfs ἐκκλησία@ngfsc φημί@viia3s"
"Ps-Clem.Petr._146","ἀκούω@vmaa2p ἐγώ@rpgms ἀδελφός@nvmpc καί@cs σύνδουλος@nvmpc ἐπεί@cs ὡς@cs διδάσκω@viap1s ἀπό@p ὁ@dgms ἀποστέλλω@vpaagms ἐγώ@rpams κύριος@ngmsc τε@b καί@cs διδάσκαλος@ngmsc ἰησοῦς@ngmsp χριστός@ngmsp ὁ@dnfp ὁ@dgms θάνατος@ngmsc ἐγώ@rpgms ἐγγίζω@vira3p ἡμέρα@nnfpc κλήμεντ@namsp οὗτος@anams- ἐπίσκοπος@namsc σύ@rpdmp χειροτονέω@vipa1s ὅς@rpdms ὁ@dafs ἐμός@anafs- ὁ@dgmp λόγος@ngmpc πιστεύω@vipa1s καθέδρα@nafsc ὁ@ddms ἀπό@p ἀρχή@ngfsc ἐγώ@rpdms μέχρι@p τέλος@ngnsc συνοδεύω@vpaadms καί@cs οὕτως@b πᾶς@angfp- ἐγώ@rpgms ὁ@dgfp ὁμλίαις@ngfpc ἐπακούω@vpaadms ὅς@rpnms ἐν@p πᾶς@andmp- πειρασμός@ndmpc ἐγώ@rpgms κοινωνέω@vpaanms ὁ@ddfs πίστις@ndfsc προσκαρτερέω@vppanms εὑρίσκω@viap3s ὅς@rpams πλείων@anansc πᾶς@angnp- πειράω@vire1s θεοσεβής@anams- σώφρων@anams- φιλάνθρωπον@anams- ἀγαθός@anams- πολυμαθής@anams- ἁγνός@anams- δίκαιος@anams- μακρόθυμος@anams- καί@cs γενναῖος@b οἶδα@vpraams φέρω@vnpa-- ὁ@dafp ἔνιοι@angmp- ὁ@dgmp κατηχούμενος@vppegmp ἀχαριστία@nafpc διό@b αὐτός@rpdms μεταδίδωμι@vipa1s ὁ@dafs ἐξουσία@nafsc ὁ@dgns δεσμεύω@vnpa-- καί@cs λύω@vnpa-- ἵνα@cs περί@p πᾶς@angns- ὅς@rpgns ἄν@b χεροτονέω@vsaa3s ἐπί@p ὁ@dgfs γῆ@ngfsc εἰμί@vifm3s φαντάζω@vprenns ἐν@p οὐρανός@ndmpc δέω@vifa3s γάρ@b ὅς@rpans δεῖ@vipa3s δέω1@vnap-- καί@cs λύω@vifa3s ὅς@rpans δεῖ@vipa3s λύω@vnap-- ὡς@b ὁ@dams ὁ@dgfs ἐκκλησία@ngfsc οἶδα@vpranms κανών@namsc αὐτός@b οὖν@b ἀκούω@vmaa2p ὡς@cs γιγνώσκω@vpaanmp ὅτι@cs ὁ@dnms ὁ@dams ἀλήθεια@ngfsc προκαθέζομαι@vppeams λύπη@vppanms εἰς@p χριστός@namsp ἁμαρτάνω@vipa3s καί@cs ὁ@dams πατήρ@namsc ὁ@dgmp ὅλος@angmp- παροργίζω@vipa3s ὅς@rpgns ἕνεκα@p οὐ@b ζάω@vifm3s καί@cs αὐτός@rpams οὖν@b δεῖ@vipa3s ὁ@dams προκαθέζομαι@vppeams ἰατρός@ngmsc τόπος@namsc ἐπέχω@vnpa-- οὐ@b θηρίον@ngnsc ἄλογος@ngmsc θυμός@namsc ἔχω@vnpa--"
"Ps-Clem.Petr._147","αὐτός@angms- οὗτος@rpanp λέγω3@vppagms ἐγώ@rpnms προσπίτνω@vpaanms δέω@viie1s αὐτός@rpgms παραιτέομαι@vppenms ὁ@dafs ὁ@dgfs καθέδρα@ngfsc τιμή@nafsc τε@b καί@cs ἐξουσία@nafsc ὁ@dnms δέ@b ἀποκρίνω@viam3s περί@p οὗτος@rpgns μή@b ἐγώ@rpacs ἄξιος@vmpa2s οὗτος@rpans γάρ@b γίγνομαι@vnam-- δοκέω@vire3s ἐγώ@rpdms ὅτι@cs ὁ@dnfs τοιοῦτος@annfs- καθέδρα@nnfsc οὐ@b φιλακαθεδρέω@vppagms τολμηρός@angms- χρεία@nafsc ἔχω@vipa3s ἀλλά@cs εὐλαβής@vppagms ὁ@dams τρόπος@namsc καί@cs φιλομαθής@vppagms ὁ@dams λόγος@namsc δίδωμι@vmaa2s δέ@b ὁ@dams κρείσσων@anamsc ὅς@rpnms ἐγώ@rpdms σύ@rpgms πλέος@anansc συνοδεύω@viaa3s καί@b ὁ@dgmp λόγος@ngmpc ἐπακούω@viaa3s καί@cs ὁ@dafs διοίκησις@nafsc ὁ@dgfs ἐκκλησία@ngfsc ἐκμανθάνω@viaa3s καί@cs οὐ@b ἀναγκάζω@vifa1s σύ@rpams καλός@b ποιέω@vnpa-- οὐ@b ἐθέλω@vppaams ἀλλά@b οὐ@b δύναμαι@vifm2s νῦν@b ὁ@dams σύ@rpgms κρείσσων@anamsc παρέχω@vnaa-- σύ@rpncs γάρ@b δέ@b ἐγώ@rpgcs ὁ@dgnp σώζω@vppegnp ἔθνος@ngnpc ὁ@dnfs κρείσσων@annfsc ἀπαρχή@nnfsc πλήν@b καί@b ὁ@dans ἕτερος@anans- λογίζομαι@vmam2s ὅτι@cs εἰ@cs κίνδυνος@namsc ὁ@dgfs ἁμαρτία@ngfsc φοβέω@vppenms οὐ@b ἀναδέχομαι@vipe2s ὁ@dgfs ἐκκλησία@ngfsc ὁ@dafs διοίκησις@nafsc εὖ@b οἶδα@vmpa2s οἶδα@vpranms ὅτι@cs πλείων@anansc ἁμαρτάνω@vipa2s ὅς@rpnms ὁ@ddmp θεοσεβής@ndmpc ὥσπερ@b πλέω@vppadmp καί@cs κινδυνεύω@vipa3p βοηθέω@vnpa-- δύναμαι@vppenms οὐ@b ἐθέλω@vipa2s διασκοπέω@vppanms μόνος@anans- ὁ@dans ἴδιος@anans- καί@cs οὐ@b ὁ@dans κοινῇ@b πᾶς@andmp- συμφέρω@vppaans ὅτι@cs δέ@b ὁ@dams κίνδυνος@namsc πάντως@b ἀναδέχομαι@vnam-- σύ@rpams δεῖ@vipa3s ἐγώ@rpgms οὗτος@rpans ἀξιόω@vppagms καί@cs μή@b παύω@vppegms εἰς@p ὁ@dafs ὁ@dgmp πᾶς@angmp- βοήθεια@nafsc ὀρθός@b ἐπίσταμαι@vmam2s ὅσος@andns- οὖν@b ἐγώ@rpdcs ταχύς@anansc συνευδοκέω@vifa2s τοσοῦτος@rpans ἐγώ@rpacs ὁ@dgfs ἀθυμία@ngfsc κουφίζω@vifa2s"
"Ps-Clem.Petr._148","οἶδα@vira1s δέ@b καί@b αὐτός@rpnms ὦ@i κλήμη@nvmsp λύπη@nafpc καί@b ἀθυμία@nafpc καί@b κίνδυνος@nampc καί@cs ψόγος@nampc ὁ@damp ἐκ@p ἀπαίδευτος@angmp- ὄχλος@ngmpc σύ@rpdms συμβαίνω@vpfmamp ὅς@rpamp δύναμαι@vifm2s γενναῖος@b φέρω@vnpa-- ἐνοράω@vppanms ὁ@dgfs ὑπομονή@ngfsc ὁ@dams ἐκ@p θεός@ngmsc σύ@rpdms μέγας@anams- ἀποδίδωμι@vppeams μισθός@namsc ἀλλά@b καί@b δίκαιος@b ἐνθυμέομαι@vmap2s ποτέ@b σύ@rpgms ὁ@dgfs συμμαχία@ngfsc χρεία@nafsc ἔχω@vipa3s ὁ@dnms χριστός@nnmsp νῦν@b ὅτε@cs ὁ@dnms πονηρός@annms- κατά@p ὁ@dgfs αὐτός@rpgms νύμφη@ngfsc πόλεμος@namsc αἴρω@viam3s ἤ1@cs εἰς@p ὁ@dams ἔπειμι1@vppaams χρόνος@namsc ὅτε@cs νικάω@vpaanms βασιλεύω@vipa3s μηδείς@angfs- ὁ@dgns λοιπός@angns- χρεία@nafsc ἔχω@vppanms βοήθεια@ngfsc οὐ@b καί@b ὁ@ddms βραχύς@anams- νόος@namsc ἔχω@vppadms δῆλος@annns- ὅτι@cs νῦν@b πᾶς@andfs- οὖν@b ὁ@ddfs προαίρεσις@ndfsc ἐν@p ὁ@ddms ὁ@dgfs πάρειμι@vppagfs ἀνάγκη@ngfsc χρόνος@ndmsc ταχύνω@namsc συμμαχέω@vnaa-- βασιλεύς@ndmsc ἀγαθός@andms- μισθός@nampc μέγας@anamp- μετά@p νίκη@nafsc ἀποδίδωμι@vnpa-- φύω@vpradms χαίρω@vppanms οὖν@b ἐπισκοπέω@vmaa2s εὔκαιρος@b οὗτος@rpdfs μᾶλλον@b ὡς@b διοίκησις@nafsc ἐκκλησία@ngfsc παρά@p ἐγώ@rpgms μανθάνω@vpranms εἰς@p ὁ@dafs ὁ@dgmp ἐγώ@rpdmp προσφεύγω@vppagmp ἀδελφός@ngmpc σωτηρία@nafsc"
"Ps-Clem.Petr._149","πλήν@nafsp καί@cs βραχύς@ananp- ἐπί@p πᾶς@angnp- διά@p πᾶς@anamp- ὁ@danp ὁ@dgfs διοίκησις@ngfsc ὑπομιμνήσκω@vnaa-- ἐθέλω@vipa1s σύ@rpacs μέν@b χρή@vipa3s ἀνεπιλήπτως@b βιόω@vppaams σπουδή@ndfsc μέγας@andfss πᾶς@anafp- ὁ@dafp ὁ@dgms βίος@ngmsc ἀσχολία@nafpc ἀποσείω@vnpe-- μή@b τε@cs ἐγγυητός@namsc γίγνομαι@vppeams μή@b τε@cs συνήγορος@anams- μη@b δέ@cs ἕτερος@andns- τις@rpdns βιωτικός@andns- παραπλέκω@vpreams πρᾶγμα@ndnsc οὐ@b γάρ@b κριτής@namsc καί@cs δικαστής@namsc χρῆμα@ngnpc ἤ1@cs ἐπιτήδευμα@ngnpc καθίστημι@vnra-- σύ@rpams ἐθέλω@vipa3s ὁ@dgnp νῦν@b βιωτικός@angnp- πρᾶγμα@ngnpc ὁ@dnms χριστός@nnmsp ἵνα@cs συνόχωκα@vppenms εἰς@p ὁ@dafp νῦν@b ὁ@dgmp ἄνθρωπος@ngmpc φροντίς@nafpc μή@b εὐσχολέω@vspa2s χωρίζω@vnpa-- λόγος@ndmsc ἀλήθεια@ngfsc ἄνθρωπος@ngmpc ὁ@damp κρείσσων@anampc ἀπό@p ὁ@dgmp χείρων@ngmpc ἀλλά@b οὗτος@rpanp μέν@b ὁ@dnmp μανθάνω@vppanmp ἀλλήλων@rpdmp παρέχω@vmpa3p καί@cs ἀπό@p ὁ@dgmp σώζω@vnpa-- δύναμαι@vppegmp λόγος@ngmpc μή@b ἀσχολέω@vmpa3p ὡς@cs γάρ@b σύ@rpdcs ἀσεβής@annns- εἰμί@vipa3s ὁ@dafp βιωτικός@anafp- φροντίς@nafpc ἀναδέχομαι@vnam-- καταλιμπάνω@vpaadms ποιέω@vnpa-- ὅς@rpans κελεύω@viap2s οὕτως@b ἕκαστος@andms- λαϊκός@andms- ἁμαρτία@nnfsc εἰμί@vipa3s εἰ@cs μή@b ἀλλήλων@rpdnp καί@b ἐν@p ὁ@ddfp βιωτικός@andfp- χρεία@ndfpc παρίστημι@vipe3p καί@b σύ@rpacs δέ@b περί@p οὗτος@rpgnp χρή@vipa3s ἀμέριμνος@anams- εἰμί@vnpa-- ἵνα@cs μόνος@angfs- ὁ@dgfs ἐκκλησία@ngfsc ὁ@dafs φροντίς@nafsc ἔχω@vspa2s πρός@p τε@b ὁ@dans διοικέω@vnpa-- αὐτός@rpafs καλός@b καί@cs ὁ@dans ὁ@dafp ἀλήθεια@ngfsc λόγος@nampc παρέχω@vnpa--"
"Ps-Clem.Petr._150","ἐπεί@cs ἐάν@cs βιωτικός@andfp- μέριμνα@ndfpc ἀσχολέω@vsap2s καί@b σεαυτοῦ@rpams καί@cs ὁ@damp ἀκροατής@nampc ἐνεδρεύω@vifa2s ὁ@danp γάρ@b συμφέρω@vppaanp ἐφοδιάζειν@vnpa-- διά@p ὁ@dafs ἀσχολία@nafsc οὐ@b δύναμαι@vipa2s καί@cs σύ@rpnms ὡς@cs μή@b διδάσκω@vpaanms ὁ@dans συμφέρω@vppaans κολάζω@vifp2s ὁ@dnmp δέ@b μή@b μανθάνω@vpaanmp ἄγνοια@ngfsc αἰτία@ndfsc ἀπόλλυμι@vifm3p διό@b σύ@rpnms μέν@b αὐτός@rpdmp εὐσχολέω@vppanms πρόκαθέζομαι@vmap2s πρός@p ὁ@dans εὔκαιρος@b παρέχω@vnpa-- ὁ@damp σώζω@vnpa-- αὐτός@rpamp δύναμαι@vppeamp λόγος@nampc καί@b οὗτος@rpnmp ἐπακούω@vmaa3p σύ@rpdms οἶδα@vpranmp ὅτι@cs ὁ@dnms ὁ@dgfs ἀλήθεια@ngfsc πρεσβευτής@nnmsc ὅς@rpans ἐάν@b δέω@vsaa3s ἐπί@p γῆ@ngfsc δέω@vire3s καί@cs ἐν@p οὐρανός@ndmsc ὅς@rpans δέ@cs ἄν@b λύω@vsaa3s λύω@vire3s σύ@rpnfs δέ@b δέω@vifa2s ὅς@rpanp δεῖ@vipa3s δέω1@vnap-- καί@cs λύω@vifa2s ὅς@rpanp δεῖ@vipa3s λύω@vnap-- καί@b ὁ@dnnp μέν@b κατά@p σύ@rpams ὁ@dams παρίστημι@vpraams καί@b οὗτος@rpnnp εἰμί@vipa3s καί@cs ὁ@dnnp οὗτος@rpdnp ὅμοιος@annnp-"
"Ps-Clem.Petr._151","ὁ@dnnp δέ@b κατά@p ὁ@damp πρέσβυς@anamp- εἰμί@vmpa3s ὅδε@rpnnp πρό@p πᾶς@angnp- ὁ@damp νέος@anamp- πρός@p γάμος@namsc ζεύγνυμι@vmaa3p ἐν@p τάχος@ndnsc προλαμβάνω@vppanmp ὁ@dgfs νεάζω@vppagfs ἐπιθυμία@ngfsc ὁ@danp πάγισμα@nanpc ἀλλά@cs μη@x δέ@x ὁ@dgmp ἤδη@b γέρων@vppagmp περί@p γάμος@ngmsc ἀμελέω@vmpm3p ἔνιοι@andmp- γάρ@b καί@cs γηράσκω@vpaadmp ἀκμαῖος@annfs- εἰμί@vipa3s ὁ@dnfs ἐπιθυμία@nnfsc ἵνα@cs οὖν@b μή@b ὁ@dnfs πορνεία@nnfsc νομή@nafsc λαμβάνω@vpaanfs κατά@p σύ@rpgmp εἰς@p σύ@rpamp ὁ@dams αὐτός@rpgfs ἐμβάλλω@vspa3s λοιμός@namsc προασφαλίζομαι@vipe2p καί@cs ἐρευνάω@vipa2p μήπως@cs ὁ@dnns ὁ@dgfs μοιχεία@ngfsc κρύπτω@b ἐν@p σύ@rpdmp ἀναφλέγω@vsap3s πῦρ@nnnsc πολύς@anans- γάρ@b δεινός@annns- ὁ@dnfs μοιχεία@nnfsc καί@cs τοσοῦτος@rpnns ὅσος@anans- ὁ@danp δευτερεῖον@ananp- ἔχω@vnpa-- αὐτός@rpafs ὁ@dgfs κόλασις@ngfsc ἐπεί@cs ὁ@dnnp πρωτεῖον@nnnpc ὁ@ddmp ἐν@p πλάνη@ndfsc εἰμί@vppadmp ἀποδίδωμι@vipe3s καί@b ἄν@cs σωφρονέω@vspa3p διό@b σύ@rpnmp ὡς@b ἐκκλησία@ngfsc πρέσβυς@annmpc ἐξασκέω@vmaa2p ὁ@ddfs χριστός@ngmsp νύμφη@ndfsc εἰς@p σωφροσύνη@nafsc νύμφη@nafsc δέ@x λέγω3@vipa1s ὁ@dgfs ἐκκλησία@ngfsc ὁ@dans σύστημα@nansc ἐάν@cs γάρ@b σώφρων@annfs- καταλαμβάνω@vsap3s ὑπό@p νυμφίος@angms- βασιλεύς@ngmsc τιμή@ngfsc μέγας@angfss τυγχάνω@vifm3s καί@cs σύ@rpnmp μέγας@angfs- εὐφρασία@ngfsc ὡς@b κλητός@nnmpc γάμος@ngmpc ἀπολαύω@vifa2p ἐάν@cs δέ@b ἁμαρτάνω@vpranfs φωραθέω@vsap3s αὐτός@rpnfs μέν@b ἀπόβλητος@annfs- εἰμί@vipa3s σύ@rpnmp δέ@cs δίκη@nafsc δίδωμι@vifa2p εἰ@cs πως@b παρά@p ὁ@dafs ὑμέτερος@anafs- ἀμέλεια@nafsc γίγνομαι@vira3s ὁ@dnfs ἁμαρτία@nnfsc"
"Ps-Clem.Petr._152","διό@b πρό@p πᾶς@angnp- περί@p σωφροσύνη@ngfsc φροντίζω@vmpa2p λίαν@b γάρ@b παρά@p ὁ@ddms θεός@ndmsc χαλεπός@annfs- ὁρίζω@vire3s ὁ@dnfs πορνεία@nnfsc πορνεία@ngfsc δέ@b εἶδος@nnnpc πολύς@annnp- ὡς@cs καί@b αὐτός@annms- κλήμης@nnmsp σύ@rpdmp διηγέομαι@vifp3s πλήν@b πρῶτος@annfs- μοιχεία@nnfsc εἰμί@vipa3s ὁ@dnns ἀνήρ@namsc μή@b ἴδιος@andfs- μόνος@andfs- χράω2@vnam-- γυνή@ndfsc καί@cs γυνή@nafsc μή@b ἴδιος@andms- μῶνος@andms- χράω2@vnam-- ἀνήρ@ndmsc ἐάν@cs σωφρονέω@vspa3s τις@rpnms καί@b φιλάνθρωπος@annms- γίγνομαι@vnam-- δύναμαι@vipe3s ὅς@rpgns ἕνεκα@p ἔλεος@ngnsc αἰώνιος@angns- τυγχάνω@vifm3s ὡς@cs δέ@b ὁ@dnfs μοιχεία@nnfsc μέγας@annns- κακός@annns- οὕτως@b ὁ@dnfs φιλανθρωπία@nnfsc μέγας@annnss ἀγαθός@annns- διό@b ἀγαπάω@vipa2p πᾶς@anamp- σύ@rpgcp ὁ@damp ἀδελφός@nampc σεμνός@andmp- καί@cs ἐλεήμων@andmp- ὀφθαλμός@ndmpc ὁ@ddnp μέν@b ὀρφανός@andnp- ποιέω@vppanmp ὁ@danp γονεύς@ngmpc ὁ@ddfp δέ@cs χήρα@ndfpc ὁ@danp ἀνήρ@ngmpc παρέχω@vppanmp μετά@p πᾶς@angfs- εὐφροσύνη@ngfsc ὁ@dafp τροφή@nafpc ὁ@ddmp ἀκμαῖος@andmp- ὁ@damp γάμος@nampc καί@cs ὁ@ddmp αὐτός@rpgmp ἄτεχνος@andmp- διά@p ὁ@dgnp ἐπιτήδευμα@ngnpc ἐννοέω@vppenmp ὁ@dafp πρόφασις@nafpc ὁ@dgfs ἀναγκαῖος@angfs- τροφή@ngfsc τεχνίτης@ndmsc ἔργον@nansc ἀδρανής@vipa3s ἔλεος@nansc"
"Ps-Clem.Petr._153","οἶδα@vira1s δέ@b οὗτος@rpanp ποιέω@vnfa-- σύ@rpamp ἐάν@cs ἀγάπη@nafsc εἰς@p ὁ@dams ὑμέτερος@anams- ἱδρύω@vsaa2p νόος@namsc πρός@p δέ@b ὁ@dafs αὐτός@rpgfs εἴσοδος@nafsc εἷς@annfs- τις@annfs- εἰμί@vipa3s ἱκανός@annfs- πρόφασις@nnfsc ὁ@dnfs κοινός@annfs- ὁ@dgmp ἅλς@ngmpc μετάληψις@nnfsc διό@b σπουδάζω@vipa2p πυκνός@anansc συνέστιος@annfp- ἀλλήλων@rpgfp γίγνομαι@vnpe-- ὡς@cs δύναμαι@vipe2p ὅπως@cs αὐτός@rpafs μή@b ἀπεμπολάω@vsaa2p αἰτία@nnfsc γάρ@b εἰμί@vipa3s ὁ@dgfs εὐποιΐα@ngfsc ὁ@dnfs δέ@cs εὐποιία@nnfsc ὁ@dgfs σωτηρία@ngfsc κοινός@anamp- οὖν@b πᾶς@annmp- πᾶς@andmp- ὁ@ddmp κατά@p θεός@namsc ἀδελφός@ndmpc ὁ@damp ἑαυτοῦ@rpgmp παρέχω@vmpa2p βίος@nampc οἶδα@vpranmp ὅτι@cs πρόσκαιρος@ananp- δωρέω@vppenmp αἰώνιος@nanpc λαμβάνω@vifm2p πολύς@andns- μᾶλλον@b πεινάω@vppaamp τρέφω@vipa2p καί@cs διψάω@vppadmp παρέχω@vmpa2p ποτός@namsc γυμνός@andmp- ἔνδυμα@nansc ὁ@damp νοσέω@vppaamp ἐπισκέπτομαι@vmpe2p ὁ@ddmp ἐν@p φυλακή@ndfpc ἐπιφαίνω@vppenmp ὡς@cs δύναμαι@vipe2p βοηθέω@vspa2p ὁ@damp ξένος1@anamp- μετά@p πᾶς@angfs- προθυμία@ngfsc εἰς@p ὁ@damp ἑαυτοῦ@rpgmp οἶκος@nampc λαμβάνω@vmpa2p πλήν@b ἵνα@cs μή@b ὁ@dans κατά@p εἶδος@nansc λέγω3@vspa1s πᾶς@anans- καλός@anans- ὁ@dnfs φιλανθρωπία@nnfsc σύ@rpamp ποιέω@vnpa-- διδάσκω@vifa3s ὥσπερ@cs ὁ@dnfs μισανθρωπία@nnfsc ὁ@ddmp μή@b βούλομαι@vppedmp σώζω@vnpe-- ὁ@dafs κακοπραξία@nafsc ὑποδείκνυμι@vipa3s"
"Ps-Clem.Petr._154","ὁ@dnmp πρᾶγμα@nanpc ἔχω@vppanmp ἀδελφός@nnmpc ἐπί@p ὁ@dgnp ἐξουσιά@ngnpc κοσμικός@angnp- μή@b κρίνω@vmpe3p ἀλλά@cs ὑπό@p ὁ@dgmp ὁ@dgfs ἐκκλησία@ngfsc πρέσβυς@angmpc συμβιβάζομαι@vmpe3p πᾶς@andms- τρόπος@ndmsc ἑτοῖμος@b αὐτός@rpdmp πείθω@vppenmp πλήν@b καί@b ὁ@dafs πλεονεξία@nafsc οὕτως@b φεύγω@vmpa2p ὡς@cs πρόφασις@ndfsc πρόσκαιρος@vmpe2s κέρδος@ngnsc ἀπό@p ὁ@dgnp αἰώνιος@angnp- ἀγαθός@angnp- ζημιόω@vnpa-- δύναμαι@vppeafs ζυγόν@nanpc μέτρον@nanpc στάθμη@nansc ὁ@danp ὁ@dgmp τόπος@ngmpc δίκαιος@ananp- ἐπιμελής@b φυλάσσω@vmpa2p πρός@p ὁ@dafp παραθήκη@nafpc εὐγνωμονέω@vmpa2p πλήν@b οὗτος@rpanp καί@b ὁ@danp οὗτος@rpdnp παραπλήσιος@ananp- μέχρι@p τέλος@ngnsc ποιέω@vnpa-- ὑπομονέω@vmpa2p ἐάν@cs ἀχώριστος@anafs- μνήμη@nafsc περί@p ὁ@dgfs ἐκ@p θεός@ngmsc γίγνομαι@vppegfs κρίσις@ngfsc ἐν@p ὁ@ddfp καρδία@ndfpc ἔχω@vspa2p τις@rpnms γάρ@b ἄν@b ἁμαρτάνω@vsaa3s πληροφορέω@vprenms ὅτι@cs ἐκ@p θεός@ngmsc δίκαιος@angms- ὁ@dgns νῦν@b μόνος@angns- πρᾶος@angns- καί@cs ἀγαθός@angms- ἐπί@p ὁ@ddfs ὁ@dgms βίος@ngmsc συντελεία@ndfsc γίγνομαι@vnam-- ὁρίζω@vsap3s κρίσις@nnfsc ἵνα@cs ὁ@dnmp μέν@b ἀγαθός@annmp- ὁ@dgns λοιπός@angns- ὁ@dgnp ἀπόρρητος@ngnpc ἀγαθός@angnp- ἀΐδιος@b ἀπολαύω@vsaa3p ὁ@dnmp δέ@cs ἁμαρτωλός@annmp- εὑρίσκω@vpapnmp ὡς@cs κακός@annmp- ἀπόρρητος@ngmsc κόλασις@ngfsc τυγχάνω@vsam3p ὁ@dgfs αἰώνιος@angfs-"
"Ps-Clem.Petr._155","καί@cs οὗτος@rpnnp μέν@b οὕτως@b ἔχω@vipa3s διό@b ὦ@i κλήμη@nvmsp ἕκαστος@andms- κατά@p ὁ@dans δυνατός@anans- πρόκαθέζομαι@vmap2s βοηθός@annms- ὁ@dafp πᾶς@angmp- κομίζω@vpapnms φροντίς@nafpc ὅθεν@b ὁ@dans σύ@rpacs οἰκονομέω@vnpa-- ἀναδέχομαι@vnam-- χάρις@nafsc οἶδα@vira1s λαμβάνω@vpranms οὐ@b δίδωμι@vpranms ἀλλά@b θρέω@b καί@cs γεναῖος@b φέρω@vmpa2s ὡς@b οἶδα@vpranms ὅτι@cs ἀποδίδωμι@vifa3s σύ@rpdcs ὁ@dnms θεός@nnmsc εἰς@p ὁ@dams λιμήν@namsc ὁ@dgfs ἀνάπαυσις@ngfsc καταντάω@vpaadms ὁ@dans μέγας@ananss ὁ@dgnp ἀγαθός@angnp- ἀναφαίρετος@anams- μισθός@namsc καθότι@cs ὑπέρ@p ὁ@dgfs ὁ@dgmp πᾶς@angmp- σωτηρία@ngfsc ὁ@dams μέγας@anamsc ἀναδέχομαι@viam2s κάματος@namsc ὥστε@b ἐάν@cs σύ@rpacs πολύς@annmp- ὁ@dgmp ἀδελφός@ngmpc διά@p ὁ@dafs ἐπί@p ἄκρον@anans- δικαιοσύνη@nafsc μισέω@vsaa3p ὁ@dnns αὐτός@rpgmp μέν@b μῖσος@nnnsc οὐδείς@anans- σύ@rpacs βλάπτω@vifa3s ὁ@dnfs δέ@b ὁ@dgms δίκαιος@angms- θεός@ngmsc φιλία@nnfsc πολύς@anans- σύ@rpacs ὀνίνημι@vifa3s ὥστε@b πειράω@vipa1s ὁ@dams ἐκ@p ἀδικία@ngfsc γίγνομαι@vppeams ἔπαινος@namsc ἀποσείω@vnpe-- διά@p δέ@cs δίκαιος@anafs- διοίκησις@nafsc ὁ@dams ἐκ@p θεός@ngmsc ἐπωφελής@anams- θηρεύω@vnpa-- ἔπαινος@namsc"
"Ps-Clem.Petr._156","οὗτος@rpanp εἶπον@vpaanms καί@cs ὁ@danp οὗτος@rpgnp πλείων@ananpc πάλιν@b ὁ@ddns πλῆθος@ndnsc προσβλέπω@vpaanms λέγω@viaa3s καί@b σύ@rpnmp δέ@b ἀγαπητός@anvmp- ἐγώ@rpgms ἀδελφός@nvmpc καί@cs σύνδουλος@nvmpc ὁ@ddms προκαθέζομαι@vppedms ὁ@dgfs ἀλήθεια@ngfsc κατά@p πᾶς@ananp- ὑπείκω@viaa2p οὗτος@rpans οἶδα@vpranmp ὅτι@cs ὁ@dnms οὗτος@rpams λυπέω@vpaanms χριστός@namsp ὅς@rpgms ὁ@dafs καθέδρα@nafsc πιστεύω@vire3s οὐ@b δέχομαι@viam3s καί@cs ὁ@dnms χριστός@namsp μή@b δέχομαι@vpamnms ὡς@b ἀθετέω@vpaanms ὁ@dams πατήρ@namsc προσκρίνω@vifp3s διό@b ὁ@dgfs ἀγαθός@angfs- βασίλεια@ngfsc ἀποβάλλω@vifp3s ὅς@rpgns ἕνεκα@p πειράω@vmpe2p ἐν@p πᾶς@andfp- σύνοδος2@ndfpc συνέρχομαι@vnpe-- ἵνα@cs μή@b ὡς@cs λειποτάκτης@vspe3s ὑπό@p ὁ@dgfs ὁ@dgms ταξίαρχος@ngmsc ἀθυμία@ngfsc ἁμαρτία@ngfsc ἔγκλημα@nansc λαμβάνω@vsaa2p διό@b πρό@p πᾶς@angnp- ὁ@dnmp πᾶς@annmp- ὁ@danp ὑπέρ@p αὐτός@rpgms φρονέω@vipa2p οὗτος@rpans ειδω@vpranmp ὅτι@cs διά@p ἕκαστος@anams- σύ@rpgmp ὁ@dnms πονηρός@annms- αὐτός@rpdms μόνος@andms- ὁ@dans πλείων@anansc ἐχθραίνω@vppanms προσπολεμέω@vipa3s σύ@rpnmp οὖν@b πειράω@vmpe2p ὁ@ddfs πρός@p αὐτός@rpams στοργή@ndfsc καί@cs ὁ@ddfs πρός@p ἀλλήλων@rpamp εὔνοια@ndfsc διατελέω@vnpa-- καί@cs αὐτός@rpdms ἐπακούω@vnpa-- ἵνα@cs καί@b αὐτός@rpnms κουφίζω@vspe3s καί@cs σύ@rpnmp σώζω@vnap-- δύναμαι@vsap2p"
"Ps-Clem.Petr._157","ἔνιοι@ananp- δέ@b καί@b ἀπό@p ἑαυτοῦ@rpgmp νοέω@vnpa-- ὀφείλω@vmpa2p διά@p ὁ@dans αὐτός@rpams μή@b δύναμαι@vnpe-- ἐν@p φανερός@andns- λέγω3@vnpa-- διά@p ὁ@dafp ἐπιβουλή@nafpc οἷος@rpans ἐάν@cs ἐχθραίνω@vspe2s τις@rpdcs μή@b ἀναμένω@vmpa2p αὐτός@rpams εἶπον@vnaa-- ὁ@ddns δέ@b μή@b προσαμίλλω@vsaa2p ἀλλά@cs φρόνιμος@b ἕπομαι@vmpe2p αὐτός@rpgms ὁ@ddns βούλημα@ndnsc ἐχθρός@annmp- γίγνομαι@vppenmp ὅς@rpdmp ἐχθραίνω@vipa3s καί@cs μή@b ὀμιλόω@vppanmp ὅς@rpdmp μή@b ὁμιλέω@vipa3s ἵνα@cs ἕκαστος@annms- ἐπιδικάζω@vppenms ὁ@ddns πᾶς@anamp- φίλος@nampc ἔχω@vnpa-- αὐτός@rpams διαλλάσσω@vppanms σώζω@vspe3s ὁ@dgfs αὐτός@rpgms ἐπακούω@vppanms ὁμιλία@ngfsc εἰ@cs δέ@b τις@rpncs φίλος@nnmsc μέν@b εἰμί@vspa3s ὅς@rpdmp αὐτός@rpnms ἐχθραίνω@vipa3s καί@cs λαλέω@vipa3s ὅς@rpdmp αὐτός@rpnms οὐ@b ὁμιλέω@vipa3s εἷς@ εἰμί@vipa3s καί@b αὐτός@rpnms ὁ@dgmp ὀλοθρεύω@vnpa-- ἐθέλω@vppagmp ὁ@dafs ἐκκλησία@nafsc ὁ@dnms γάρ@b ὁ@ddns σῶμα@ndnsc σύνειμι@vppanms σύ@rpdmp καί@cs ὁ@ddfs γνώμη@ndfsc μή@b εἰμί@vppanms μετά@p σύ@rpgmp κατά@p σύ@rpgmp εἰμί@vipa3s πολύς@ananpc χείρων@annmsc ὁ@dgmp ἔξωθεν@b φαίνω@vppegmp ἐχθρός@ngmpc μετά@p δοκέω@vppagfs φιλία@ngfsc σκορπίζω@vppanms ὁ@damp ἔσω@b"
"Ps-Clem.Petr._158","καί@cs οὗτος@rpanp εἶπον@vpaanms ἐν@p μέσος@andms- ἐπί@p πᾶς@angnp- ἐγώ@rpdms ὁ@dafp χείρ@nafpc ἐπιτίθημι@vpaanms εἰς@p ὁ@dafs ἑαυτοῦ@rpgms καθέδρα@nafsc καθέζομαι@vnap-- ἐγώ@rpacs δυσωπέω@viaa3s καθέζομαι@vpapdms δέ@b οὗτος@rpans ἐγώ@rpdms εὐθύς2@b φημί@viia3s ἀξιόω@vipa1s σύ@rpacs ἐπί@p πᾶς@angmp- ἐγώ@rpgms ὁ@dgmp συμπάρειμι1@vppagmp ἀδελφός@ngmpc ὅπως@cs ὁπόταν@b ὁ@dgms ἐνταῦθα@b ὡς@cs ἐγώ@rpdcs ὀφείλω@vipe3s ἀπαλλάσσω@vsaa1s βίος@ngmsc σύ@rpacs ἰακώβος@ndmsp ὁ@ddms ἀδελφός@ndmsc ὁ@dgms κύριος@ngmsc διαπέμπω@vnaa-- ἐν@p ἐπιτομή@ndfsc ἀναγράφω@vpamams μέχρι@p καί@b ὁ@dgmp ἐκ@p παῖς@ngmsc σύ@rpgcs λογισμός@ngmpc καί@cs ὡς@cs ἀπό@p ἀρχή@ngfsc μέχρι@p ὁ@dgns νῦν@b συνοδεύω@viaa2s ἐγώ@rpdms ἐπακούω@vppanms ὁ@dgmp κατά@p πόλις@nafsc ὑπό@p ἐγώ@rpgms κηρύσσω@vpapgmp λόγος@ngmpc τε@b καί@cs πρᾶξις@ngfpc ἔπειτα@b πρός@p ὁ@ddns τέλος@ndnsc καί@b ὁ@dafs ὁ@dgms θάνατος@ngmsc ἐγώ@rpgcs πρόφασις@nafsc ὡς@cs προεῖπον@viaa1s δηλόω@vnaa-- μή@b ὀκνέω@vsaa2s οὐ@b γάρ@b αὐτός@rpams λυπέω@vifa3s οὗτος@rpans οἶδα@vpraams ὅτι@cs ὅς@rpans πάντως@b δεῖ@viia3s ἐγώ@rpams πάσχω@vnaa-- εὐσεβής@b ἀποδομάω@viam1s μέγας@angfss δέ@b παραμυθία@ngfsc τυγχάνω@vifm3s μανθάνω@vpaanms ὅτι@cs μετά@p ἐγώ@rpams οὐ@b ἀμαθής@annms- ἀνήρ@nnmsc καί@b ζωοποιός@anamp- λόγος@nampc ἀγνοέω@vppanms καί@cs ἐκκλησία@ngfsc κανών@nafsc οὐ@b οἶδα@vpranms ὁ@dafs ὁ@dgms διδάσκω@vppagms πιστεύω@viap3s καθέδρα@nafsc πλάνος@annfs- γάρ@x ὁμιλία@nnfsc ὁ@dgmp ἀκούω@vppagmp ὄχλος@ngmpc ἀναιρέω@vipa3s ὁ@dafp ψυχή@nafpc"
"Ps-Clem.Petr._159","ὅθεν@b ἐγώ@rpnms κύριος@nvmsc ἐγώ@rpgcs ἰάκωβος@nvmsp αὐτός@rpgms οὗτος@rpanp εἶπον@vpaagms ὑπισχνέομαι@vpamnms οὐ@b ὀκνέω@viaa1s ὡς@cs κελεύω@viap1s ὁ@dans πολύς@anans- ὁ@dgmp κατά@p πόλις@nafsc λόγος@ngmpc ὁ@dgmp ἥδη@b σύ@rpdcs προγράφω@vpapgmp καί@cs ὑπό@p αὐτός@rpgms διαπέμπω@vpapgmp ἐν@p βίβλος@ndfpc ἐπί@p κεφάλαιος@angnp- ποιέω@vnaa-- ὥσπερ@cs σημεῖον@ngnsc χάρις@p καί@cs οὕτως@b διαπέμπω@vnaa-- σύ@rpdms ἐπιγράφω@vpaanms κλήμης@ngmsp ὁ@dgnp πέτρος@ngmsp ἐπιδημία@ngfpc κήρυγμα@ngnpc ἐπιτομή@nanpc"
"Ps-Clem.Petr._160","ἀλλά@cs ’@b οὗτος@annfs- μέν@b ὁ@dnfs πλήρης@annfs- οὐράνιος@angns- καί@cs πνευματικός@angfs- σοφία@ngfsc διήγησις@nnfsc ὁ@dgfp ὁ@dgms κορυφαῖος@angms- ὁ@dgmp ἀπόστολος@ngmpc πέτρος@ngmsp ἐπιδημία@ngfpc μάθημα@ngnpc ἐπιτομή@nafsc περιέχω@vppanfs ὁ@dgms παναοίδιμος@angms- ὁ@dams βίος@namsc κλήμης@ngmsp ὡς@b ἐν@p πίναξ@ndmsc διαζωγραφέω@vppanfs ὁ@ddms λόγος@ndmsc πᾶς@andmp- προτίθημι@vipa3s ὁ@dans τε@b ἄπλαστος@anans- ἦθος@nansc αὐτός@rpgms καί@b ὁ@dans ὁ@dgfs γνώμη@ngfsc ἀκέραιος@anans- καί@cs ὁ@dams πρός@p πᾶς@anamp- συμπαθής@anams- τρόπος@namsc ὁ@dgms ἀληθής@b ἀγαθός@angms- ποιμήν@ngmsc ἐπισημαίνω@vipe3s δείκνυμι@vipa3s δέ@b ὁ@dams διάπυρος@anams- πρός@p θεός@namsc ἔρως@namsc καί@cs ὁ@dams ζῆλος@namsc ὁ@dgfs εὐσέβεια@ngfsc ὁ@dans διά@p μαρτύριον@ngnsc τέλος@nansc"
"Ps-Clem.Petr._161","τρίτος@nnmsp γάρ@b ἀπό@p πέτρος@ngmsp ὁ@dgms κορυφαῖος@angms- ὁ@dgmp ἀπόστολος@ngmpc ὁ@dgfs ῥωμαῖος@ngmpp ἐκκλησία@ngfsc ἀριθμέω@vppenms πρόεδρος@nnmsc ὁ@dafs ὁ@dgms διδάσκαλος@ngmsc ἐπιστήμη@nafsc ἀκριβόω@vpamnms καί@cs ὁ@ddnp αὐτός@rpgms ἴχνος@ndnpc ἀπαρατράπτος@b ἕπομαι@vppenms πληρόω@vprenms τε@b θεῖος1@angfs- σοφία@ngfsc καί@cs χάρις@ngfsc οὕτως@b ὁ@ddmp τρόπος@ndmpc κοσμέω@vile3s καί@cs διαλάμπω@viia3s ὥστε@cs πᾶς@andmp- πᾶς@ananp- γίγνομαι@vpamnms ὁ@dgns σώζω@vnpe-- πᾶς@anamp- ἕνεκα@p ἰουδαῖος@ndmpp τε@b καί@cs ἕλλην@ndmpp καί@cs ὁ@ddmp χριστιανός@ngmpp λαός@ndmpc πᾶς@andmp- εὐαρεστέω@vnpa-- ὑπό@p πᾶς@angmp- τε@cs ἀγαπάζω@vppenms πᾶς@anamp- ὁ@ddfs εἰς@p χριστός@namsp ἀγάπη@ndfsc συνδέομαι@vnpa-- ποιέω@viie3s σπουδή@nafsc ἀγαπάω@viia3p μέν@b γάρ@b αὐτός@rpams ὁ@dnmp ἕλλην@nnmpp ἐπεί@cs οὐ@b δέ@b μαίνομαι@vppenms ἀλλά@cs ἀπολογέομαι@vppenms ἐκ@p ὁ@dgfp παρά@p αὐτός@rpdmp βίβλος@ngfpc τε@b καί@cs τελετή@ngfpc ἀποδείκνυμι@viia3s ποῦ@b τε@b γίγνομαι@vire3p καί@b πόθεν@b ὁρμάω@vile3p ὁ@dnmp παρά@p αὐτός@rpdmp νομίζω@vppenmp καί@cs λατρεύω@vppenmp θεός@nnmpc ὅς@rpanp τε@cs πράσσω@vira3p πῶς@b τε@cs αὖθις@b καταλήγω@viaa3p φανός@andfps ἀπόδειξις@ndfpc παρίστημι@viia3s αὐτός@anamp- τε@b ὁ@damp ἕλλην@nampp διδάσκω@viia3s συγχώρησις@ngfsc παρά@p ὁ@dgms θεός@ngmsc τυγχάνω@vnaa-- εἴπερ@cs ὁ@dgfs ἐκεῖνος@rpgmp λατρεία@ngfsc ἀπέχω@voam3p"
"Ps-Clem.Petr._162","παρά@p δέ@b ἰουδαῖος@ndmpp τοιοῦτος@andms- τρόπος@ndmsc χάρις@nafsc πορίζω@viie3s ἐπεί@cs ὁ@damp πατήρ@nampc αὐτός@rpgmp φίλος@nampc ὁ@dgms θεός@ngmsc ἀποδείκνυμι@viia3s ὁ@dams τε@cs νόμος@namsc ἅγιος@anams- καί@cs ἱερός@anamss ἀποφαίνω@viia3s καί@cs πρῶτος@anans- ὁ@dams τόπος@namsc οὗτος@rpamp παρά@p ὁ@ddms θεός@ndmsc κληρόω@vnpe-- εἴπερ@cs ὁ@dgms ἴδιος@angms- νόμος@ngmsc ὁ@danp μυστήριον@nanpc τηρέω@voaa3p ὁ@ddns τε@cs ὁ@dafs ἐπαγγελία@nafsc πρός@p ἀβραάμ@namsp μή@b ἀρνέομαι@vnpe-- εἰς@p ὁ@dams χριστός@namsp πληρόω@vnre-- διότι@cs ἐν@p ὁ@ddns σπέρμα@ndnsc ἀβραάμ@ngmsp κληροδοτέω@vnpa-- ὁ@dnms θεός@nnmsc καθυπέχω@viam3s πᾶς@ananp- ὁ@danp ἔθνος@nanpc καί@cs ὅσπερ@rpans λέγω@viaa3s πρός@p δαβίδ@namsp ἐκ@p καρπός1@ngmsc ὁ@dgfs κοιλία@ngfsc σύ@rpgcs τίθημι@vifm1s ἐπί@p ὁ@dgms θρόνος@ngmsc σύ@rpgcs καί@b αὖθις@b διά@p ἡσαΐας@ngmsp ὁ@dgms προφήτης@ngmsc ὅτι@cs ὁ@dnfs παρθένος@nnfsc ἐν@p γαστήρ@ndfsc λαμβάνω@vifm3s καί@cs τίκτω@vifm3s υἱός@namsc καί@cs καλέω@vifp3s ὁ@dans ὄνομα@nansc αὐτός@rpgms ἐμμανουήλ@nnmsp"
"Ps-Clem.Petr._163","παρά@p δέ@b χριστιανός@ndmpp διά@p οὗτος@rpans καί@b μᾶλλον@b ἀγαπάω@viie3s ἐπεί@cs ὁ@damp κατά@p ἕκαστος@anams- ῥεγεών@namsc πένης@nampc κατά@p ὄνομα@nansc ἔχω@viia3s γράφω@vpreamp καί@cs ὅς@rpamp ὁ@ddms ὁ@dgns βάπτισμα@ngnsc ἁγιασμός@ndmsc ἐφωτίζω@viia3s οὐ@b συγχωρέω@viia3s δημόσιος@anafs- ἀπαίτησιν@nafsc ὑπέρχομαι@vnaa-- ὁ@ddns δέ@b κατά@p ἡμέρα@nafsc κήρυγμα@ndnsc ὁ@damp τε@b μέτριος@anamp- καί@cs πλούσιος@anamp- νουθετέω@viia3s ὁ@dgns μή@b ἀνέχω@vnpe-- ὁ@damp φωτίζω@vpreamp πένης@nampc παρά@p ἰουδαῖος@ngmpp ἤ1@cs ἕλλην@ngmpp δημοσίᾳ@b ὄψον@nanpc λαμβάνω@vnpa-- καί@cs βίος@namsc ὁ@ddfs ὁ@dgns βάπτισμα@ngnsc καθιερόω@ndfsc καθαίρω@vpreams χάρισμα@ndnpc ἕλλην@ngmpp χραίνω@vnpe--"
"Ps-Clem.Petr._164","οὗτος@andnp- καί@cs οὗτος@angnp- πλείων@andnp- ἀνδραγαθία@nafpc ἄνθος@ndnpc ὁ@ddms τε@x θεός@ndmsc καί@cs πᾶς@andmp- ἄνθρωπος@ndmpc ἐχέφροος@andnp- εὐαρεστέω@vipa3s ὁ@ddnp γάρ@b ἀλόγιστος@andnp- ἀρέσκω@vnpa-- ἀδύνατος@annns- ὅσπερ@rpnns ὁ@ddms θεός@ndmsc εὐάρεστος@annns- ἀποδείκνυμι@vipe3s οὗτος@rpgns οὖν@b ἕνεκα@p οὐ@b ἐκπλήσσω@viaa3p ὁ@dafp ὕβρις@nafpc ὁ@dgmp ἀλόγιστος@angmps ἄνθρωπος@ngmpc ἐκεῖνος@rpnmp ὅς@rpdmp ὁ@dnfs γνώμη@nnfsc τυγχάνω@viia3s ὁ@damp ἀπαρκέομαι@vppeamp πλεῖστος@anamp- εἰμί@vppaamp μή@b δειλιάω@vnpa-- ὅστις@rpgns χάρις@p περίειμι1@viia3s ὁ@ddms μακάριος@andmss κλήμεντ@ndmsp ὁ@ddms ὁ@dgms θρόνος@ngmsc ῥωμαῖος@ngmpp ἐπίσκοπος@ndmsc σισίννιον@namsp ὁ@dams φίλος@namsc ὁ@dgms βασιλεύς@ngmsc νέρουας@namsp μή@b φοβέω@vnpe--"
"Ps-Clem.Petr._165","ἐπεί@cs τοίνυν@b ὁ@ddfs αὐτός@rpgms διδασκαλία@ndfsc ὁ@dnfs γυνή@nnfsc σισίννιον@ngmsp θεοδώρα@nnfsp πιστεύω@vpaanfs πρός@p θεός@namsc σπουδαῖος@anafs- τελέω@viia3s ὁ@dafs λειτουργία@nafsc οὗτος@rpafs ὁ@dnms ἀνήρ@nnmsc ζηλοτυπέω@vpaanms παγιδεύω@vnaa-- καταγωνίζομαι@viie3s πρός@p ὁ@dafs ἐκκλησία@nafsc ἄπειμι1@vppaafs καί@b δή@b εἰσέρχομαι@vpaagfs ἐκεῖνος@rpnms διά@p ἕτερος@angfs- εἴσοδος@ngfsc καταφθείρω@vpaanms ἄρχω@viam3s πολυπραγμονέω@vnpa-- ἡνίκα@cs δέ@b παρά@p ὁ@dgms ἅγιος@angms- κλήμης@ngmsp εὐχή@nnfsc γίγνομαι@vira3s ὁ@dgms λαός@ngmsc ἐρῶ@vpragms ὁ@dans ἡμός@anans- ὁ@dnms σισίννιος@nnmsp τυφλός@annms- τε@b καί@cs κωφός@annms- ἀποτελέω@viap3s ὁ@dgms μή@b τε@b ὁράω@vnpa-- μή@b τε@cs ἀκούω@vnpa-- δύναμαι@vnpe-- τότε@b λέγω3@vipa3s ὁ@ddmp δοῦλος@ndmpc αὐτός@rpgms λαμβάνω@vmaa2p ἐγώ@rpacs καί@cs ἐξάγω@vmaa2p ἔξω@b ὅτι@cs ὁ@dnmp ὀφθαλμός@nnmpc ἐγώ@rpgcs τυφλός@annmp- γίγνομαι@vira3p καί@cs ὁ@dnfp ἀκοή@nnfpc ἐγώ@rpgcs εἰς@p τοσοῦτος@rpans κωφώω@viap3p ὅτι@cs οὐ@b δέ@cs ὁ@dans σύνολος@anans- ἀκούω@vnpa-- δύναμαι@vipe1s"
"Ps-Clem.Petr._166","τότε@b ὁ@dnmp παῖς@nnmpc αὐτός@rpgms λαμβάνω@vpaanmp αὐτός@rpams περιάγω@viia3p διά@p ὅλος@angfs- ὁ@ddfp ἐκκλησία@ngfsc ἐν@p μέσος@andms- ὁ@dgms εὔχομαι@vppegms λαός@ngmsc ἀνήρ@ngmpc τε@b καί@cs γυνή@ngfpc καί@cs ὁ@dafp θύρα@nafpc ὅθεν@b εἰσέρχομαι@viaa3p εὑρίσκω@vnaa-- οὐ@b δύναμαι@viam3s ὅθεν@b ἐν@p ὁ@ddns περιέρχομαι@vnpe-- αὐτός@rpamp πλανάω@vppeamp καί@cs κυκλεύω@vnpa-- πρός@p θεοδώρα@nafsp ὁ@dafs κυρία@nafsc αὐτός@rpgmp ἔνθα@b ὁ@ddms θεός@ndmsc προσεύχομαι@viie3s σύν@p ὁ@ddms δεσπότης@ndmsc αὐτός@rpgmp παραγίγνομαι@viam3p ὅστις@rpnfs ὁράω@vpranfs ὁ@damp παῖς@na-pc μετά@p ὁ@dgms κύριος@ngmsc αὐτός@rpgmp τυφλόω@vpapams αὐτός@rpams περιάγω@vppaamp πρῶτος@anans- μέν@b ἐκκλίνω@viaa3s ὁ@dafs θέα@nafsc αὐτός@rpgms νομίζω@vppanfs ὅτι@cs πέρ@b ἀνοίγνυμι@vprednp ὄμμα@ndnpc θεάομαι@vsam3s αὐτός@rpafs καί@b μεταπέμπω@vpamnfs εἷς@ ὁ@dgmp παῖς@ngmpc αὐτός@rpgfs πρός@p ὁ@dans γιγνώσκω@vnaa-- τίς@rpans ἄρα@b ἐθέλω@vopa3p μετά@p ὁ@dgms κύριος@ngmsc αὐτός@rpgmp περιέρχομαι@vppenmp λέγω@viaa3s ὁ@dnms κύριος@nnmsc ἐγώ@rpgcp ἐθέλω@vppanms ὁράω@vnpa-- ὅσπερ@rpnnp αὐτός@rpdms οὐ@b ἔξεστι@vipa3s καί@cs ἀκούω@vnpa-- ἀλλότριος@angns- μυστήριον@ngnsc ἀποτυφλόω@vipe3s καί@cs κωφός@annms- ἀπεργάζομαι@viap3s ἐγώ@rpdmp τε@b κελεύω@viaa3s ἵνα@cs οὗτος@rpams ἐντεῦθεν@b ἐξάγω@vsaa1p καί@b οὐ@b συγχωρέω@vire3s ἐγώ@rpdcp αὐτός@rpams ἐντεῦθεν@b ὅπως@b οὖν@b ἐκβάλλω@vnaa--"
"Ps-Clem.Petr._167","ἡνίκα@nnfsp δέ@b οὗτος@rpans ὁ@dnfs θεοδώρα@nnfsp ἀκούω@viaa3s παρά@p ὁ@dgms παῖς@ngmsc ἵστημι@viaa3s ἑαυτοῦ@rpafs εἰς@p εὐχή@nafsc καί@cs μετά@p δάκρυον@ngnpc δέω2@viie3s ὁ@dgms θεός@ngmsc ἵνα@cs ὁ@dnms ἀνήρ@nnmsc αὐτός@rpgfs ἐκεῖθεν@b ἐξέρχομαι@vnaa-- δύναμαι@vsap3s καί@b στρέφω@vpapnfs πρός@p ὁ@damp παῖς@nampc ὁ@damp σύνειμι@vppaamp αὐτός@rpdms λέγω@viaa3s ἀπέρχομαι@vmaa2p καί@cs χειραγωγέω@vpaanmp ὁ@dams κύριος@namsc σύ@rpgcp ἀπάγω@vmaa2p εἰς@p ὁ@dams οἶκος@namsc ἐγώ@rpnms γάρ@b ὁ@dafs εὐχή@nafsc ὅς@rpafs ἄρχω@viam1s οὐ@b μή@b καταλείπω@vipa1s ἀλλά@cs προσφέρω@vipa1s ὁ@dafs θυσία@nafsc ἐγώ@rpgms ὁ@ddms κύριος@ndmsc καί@cs πληρόω@vpapgnp ὁ@dgnp μυστήριον@ngnpc καταφθάνω@vifa1s σύ@rpamp τότε@b τοίνυν@b ἀπέρχομαι@viaa3p ὁ@dnmp παῖς@nnmpc χειραγωγέω@vppanmp αὐτός@rpams εἰς@p ὁ@dams οἶκος@namsc καί@cs ὑποστρέφω@vpaanmp πρός@p ὁ@dafs κυρία@nafsc αὐτός@rpgmp ἀπαγγέλλω@viaa3p τυφλός@anams- καί@cs κωφός@anams- αὐτός@rpams εἰστέος@b διαμένω@vnpa-- ὁ@dnfs δέ@b θεοδώρα@namsp ἐπί@p πλείων@anansc ὁ@ddms θεός@ndmsc δέησις@nafpc καί@cs δάκρυον@nanpc ἐκχέω@viia3s ὅπως@cs ὁ@dams ἀνήρ@namsc αὐτός@rpgfs ὁ@dnns ἔλεος@nnnsc αὐτός@rpgms ἀντιλαμβάνω@vsam3s καί@b δή@b ὁ@dgfs ἀπόλυσις@ngfsc γίγνομαι@vpamgfs προσπίτνω@viaa3s ὁ@ddms μακάριος@andms- κλήμεντ@ndmsp θεοδώρα@nnfsp λέγω@vppanfs πᾶς@ananp- ὁ@danp συμβαίνω@vpaaanp ὁ@ddms ἀνήρ@ndmsc αὐτός@rpgfs καί@cs ὅτι@cs τυφλός@annms- εἰμί@vipa3s ὁ@ddmp ὀφθαλμός@ndmpc καί@cs κωφός@annms- ὁ@ddnp οὖς@ndnpc"
"Ps-Clem.Petr._168","οὗτος@rpanp ἀκούω@vpaanms ὁ@dnms μακάριος@annms- κλήμης@nnmsp δάκρυον@nanpc προχέω@vpaanms προτρέπω@viam3s ὁ@damp συμπάρειμι1@vppaamp ἵνα@cs ὁμοθυμαδόν@b παρά@p κύριος@ngmsc αἰτέω@vsae3p ὁ@ddms ἀνήρ@ndmsc αὐτός@rpgfs ὁ@dafs τε@b ἀκοή@nafsc καί@cs ὁ@dafs ὅρασις@nafsc χαρίζω@vnap-- θαρσαλέος@b τοίνυν@b ὁ@dnms μακάριος@annms- κλήμης@nnmsp μετά@p ὁ@dafs εὐχή@nafsc συμπορεύομαι@viap3s ὁ@ddfs γυνή@ndfsc πρός@p ὁ@dams ἀνήρ@namsc αὐτός@rpgfs καί@cs εὑρίσκω@viaa3s αὐτός@rpams ἀνοίγνυμι@vpregmp αὐτός@rpdms ὁ@dgmp ὀφθαλμός@ngmpc μηδείς@rpams ὁράω@vppaams οὐ@b τε@b μήν@b λόγος@ngmsc ὁ@dans παράπαν@b οὐ@b τε@cs τις@rpgns ἦχος@ngmsc ἀκούω@vppaams ἔνθα@b καί@b συμμιγής@anams- ὀλοφυρμός@namsc ἅπας@annmp- περιήχω@viia3p οὐ@b τις@rpgns ὁ@dnms σισίννιος@nnmsp παντάπασι@b οὐ@b ἀκροάομαι@viie3s"
"Ps-Clem.Petr._169","τότε@b οὖν@b ὁ@dnms μακάριος@annms- κλήμης@nnmsp ὁ@danp γόνυ@nanpc πρός@p ὁ@dams θεός@namsc κλίνη@vpaanms φημί@viia3s κύριος@nvmsc ἰησοῦς@ngmsp χριστός@nvmsp ὁ@dnms ὁ@dafp κλείς@nafpc ὁ@dgfs βασίλεια@ngfsc ὁ@dgmp οὐρανός@ngmpc δίδωμι@vpranms ὁ@ddms ἀπόστολος@ndmsc σύ@rpgcs πέτρος@ndmsp διδάσκαλος@ndmsc δέ@cs ἐμός@andms- καί@cs εἶπον@vpaanms ὅσπερ@rpanp ἄν@b ἀνοίγνυμι@vsaa2s ἀνοίγνυμι@vire3s καί@cs ὅσπερ@rpanp κλείω@vsaa2s κλείω@vire3s σύ@rpnms κελεύω@vmaa2s ἵνα@cs διανοίγω@vsap3p ὁ@dgms ἄνθρωπος@ngmsc οὗτος@angms- ὁ@dnfp ἀκοή@nnfpc καί@cs ὁ@dnmp ὀφθαλμός@nnmpc ὅτι@cs σύ@rpnms εἶπον@viaa2s ὅσπερ@rpanp ἄν@cs αἰτέω@vsaa2p πιστεύω@vppanmp λαμβάνω@vifm2p καί@cs οὗτος@annfs- σύ@rpgms ὁ@dnfs ἐπαγγελία@nnfsc διαμένω@vipa3s εἰς@p αἰών@namsc αἰών@ngmsc καί@b ἡνίκα@cs πᾶς@annmp- εἶπον@viaa3p ὁ@dans ἡμός@anans- διανοίγω@viap3p εὐθύς2@b ὁ@dnmp ὀφθαλμός@nnmpc σισίννιον@ngfsp καί@cs ὁ@dnfp ἀκοή@nnfpc εἶδον@vpaanms δέ@cs ὁ@dams ἅγιος@anams- κλήμεντ@namsp ὁ@dnms σισίννιος@nnmsp ἵστημι@vppeams σύν@p ὁ@ddfs ἑαυτοῦ@rpgms γυνή@ndfsc ἐξίστημι@viaa3s ὁ@ddfs διάνοια@ndfsc λογίζομαι@vppenms τίς@rpnns ἄρα@b εἰμί@vopa3s οὗτος@rpnns καί@cs ὑπονοέω@vppanms ὅτι@cs γοητικός@andfp- τέχνη@ndfpc ἐμπαγκάζω@vire3s ἄρχω@viam3s κελεύω@vnpa-- ὁ@ddmp δοῦλος@ndmpc αὐτός@rpgms καί@cs λέγω3@vnpa-- κρατέω@vmaa2p κλήμεντ@namsp ὁ@dams ἐπίσκοπος@namsc διά@p γάρ@b ὁ@dgns εἰσέρχομαι@vnaa-- πρός@p ὁ@dafs γυνή@nafsc ἐγώ@rpgcs ὁ@ddfs μαγικός@andfs- αὐτός@rpgms τέχνη@ndfsc ὁ@dafs πήρωσις@nafsc ἐγώ@rpdcs ἐπάγω@viaa3s"
"Ps-Clem.Petr._170","ἐκεῖνος@rpnmp δέ@b ὁ@dnmp κελεύω@vpapnmp ὁ@dams κλήμεντ@namsp κατέχω@vnaa-- τε@cs καί@cs σύρω@vnpa-- ὁ@damp κεῖμαι@vppeamp στῦλος@nampc δεσμέω@vppanmp ἕλκω@viia3p ποτέ@b μέν@b ἔνδοθεν@b εἰς@p ὁ@danp ἔξω@b ποτέ@b δέ@b ἐκ@p ὁ@dgmp ἔξω@b εἰς@p ὁ@danp ἔσω@b οὗτος@rpnns δέ@b καί@b αὐτός@andms- ὁ@ddms σισίννιον@ndmsp δοκέω@viia3s ὅτι@cs πέρ@b ὁ@dams ἅγιος@anams- κλήμεντ@namsp δέω1@vpreams κατέχω@vipa3p καί@cs ἕλκω@vipa3p πρός@p ὅς@rpams ὁ@dnms ἅγιος@annms- κλήμης@nnmsp εἶδον@vpaanms φημί@viia3s ὁ@dnfs σκληρότης@nnfsc ὁ@dgfs καρδία@ngfsc σύ@rpgcs εἰς@p λίθος@nampc τρέπω@viap3s ἐπεί@cs γάρ@b ὁ@damp λίθος@nampc δοξάζω@vipa2s εἰμί@vnpa-- θεός@nampc λίθος@nampc σύρω@vnpa-- κληρόω@vire2s"
"Ps-Clem.Petr._171","ἐκεῖνος@rpnms δέ@b ὡς@b δῆθεν@b δέω1@vpregms ὁ@dgms ἅγιος@angms- καυχάω@vppenms λέγω3@viia3s ἐγώ@rpnms σύ@rpams ποιέω@vipa1s εἰς@p ὑπόδειγμα@nansc πᾶς@angmp- ὁ@dgmp γοητός@ngmpc ἀναιρέω@vnap-- τηνικαῦτα@b οὖν@b ὁ@dnms ἅγιος@annms- κλήμης@nnmsp δίδωμι@vpranms εὐχή@nafsc καί@cs εὐλογέω@vpaanms ὁ@dafs ἐκεῖνος@rpgms σύμβιος@nafsc ἀποίχομαι@viie3s οὗτος@rpans ἐντέλλω@vpamnms αὐτός@rpdfs μή@b παύω@vnam-- ὁ@dans παράπαν@b ὁ@dgfs προσευχή@ngfsc μέχρι@cs ἄν@b ὁ@dafs παρά@p αὐτός@rpgms ἐπίσκεψις@nafsc ὁ@dnms κύριος@nnmsp εἰς@p ὁ@dams ἀνήρ@namsc αὐτός@rpgfs αξιόω@vsaa3s ἀναδείκνυμι@vnaa-- κλαίω@vppadfs τοίνυν@b καί@cs εὔχομαι@vppedfs ὁ@ddfs θεοδότη@ndfsp πρός@p ἑσπέρα@nafsc φαίνω@viap3s τις@annms- ἀνήρ@nnmsc ὁ@ddfs πολιός@ndfsc αἰδέσιμος@annms- καί@cs λέγω@viaa3s διά@p σύ@rpa-s ὑγιής@annms- εἰμί@vifm3s ὁ@dnms σισίννιος@nnmsp ὅπως@cs πληρόω@vsap3s ὅσπερ@rpans φημί@viia3s ὁ@dnms ἀδελφός@nnmsc ἐγώ@rpgcs παῦλος@nnmsp ὁ@dnms ἀπόστολος@nnmsc ἁγιάζω@vifp3s ὁ@dnms ἀνήρ@nnmsc ὁ@dnms ἄπιστος@annms- διά@p ὁ@dafs γυνή@nafsc ὁ@dafs πιστός@anafs- καί@b οὗτος@rpanp εἶπον@vpaanms ἐκ@p ὄψις@ngfsc αὐτός@rpgfs ἀναχωρέω@viaa3s ὅθεν@b ἀναμφίβολος@annns- ὑπάρχω@vipa3s καί@cs κατάδηλος@annns- ὁ@dams μακάριος@anams- ἐκεῖσε@b πέτρος@namsp ὁ@dams ἀπόστολος@anams- φαίνω@vnpa--"
"Ps-Clem.Petr._172","καί@cs δή@b ἐξαυτῆς@b καλέω@viaa3s ὁ@dnms σισίννιος@nnmsp ὁ@dafs θεοδώρα@nafsp καί@cs λέγω3@vipa3s αὐτός@rpdfs δέω@vipe1s σύ@rpgcs ἵνα@cs ἱκετεύω@vsaa2s ὁ@dams θεός@namsc σύ@rpgcs ὁ@dgns μή@b ὀργίζω@vnap-- ἐγώ@rpdcs σύ@rpams γάρ@b ζηλοτυπέω@vpaanms παραγίγνομαι@viam1s καί@cs εἰσέρχομαι@viaa1s κατόπιν@b εἰς@p ὁ@dafs ἐκκλησία@nafsc καί@cs διά@p ὁ@dans ἐθέλω@vnpa-- ἐγώ@rpams ὁράω@vnpa-- ὁ@danp πράσσω@vppeanp μυστήριον@nanpc καί@cs ἀκροατής@namsc εἰμί@vnpa-- ὁ@dgnp λέγω3@vppegnp ὁ@dafs τε@b ὅρασις@nafsc καί@cs ἀκοή@nafsc ἀπόλλυμι@viaa1s νυνί@b δέ@b ἐπεί@cs οὗτος@rpanp ἐγώ@rpams ἀνακτάομαι@vnae-- ὁ@dnfs ὁ@dgms κλήμης@ngmsp ἀπεργάζομαι@viae3s παρουσία@nnfsc δέω2@vmap2s αὐτός@rpgms ὅπως@cs ἔρχομαι@vsaa3s πρός@p ἐγώ@rpams καί@cs ποιέω@vsaa3s ἐγώ@rpams ὁ@dafs ἀλήθεια@nafsc ἐπιγιγνώσκω@vnaa-- ἐπεί@cs καί@b ἐγώ@rpdms καί@cs ὁ@ddmp παῖς@ndmpc ἐγώ@rpgms ἀσφαλής@b νομίζω@viie3s ὁ@dams κλήμεντ@namsp δεσμεύω@vnpa-- σύν@p ὁ@ddmp αὐτός@rpgms κληρικός@andnp- καί@cs οὗτος@rpams περισύρω@vnpa-- ἀλλά@b οὗτος@rpnmp λίθος@nampc τε@b καί@cs στῦλος@nampc δεσμέω@vppanmp ἕλκω@vnpa-- τε@b καί@cs ἀνθέλκω@vnpa-- καταφαίνω@viie3p"
"Ps-Clem.Petr._173","τηνικαῦτα@nnfsp οὖν@b ὁ@dnfs θεοδώρα@nnfsp πορεύω@vpapnfs διηγέομαι@viae3s πᾶς@ananp- ὅσπερ@rpanp εἶδον@viaa3s καί@cs ὅσπερ@rpnnp δηλόω@viap3s ὑπό@p ὁ@dgms ἀνήρ@ngmsc αὐτός@rpgfs ὁ@ddms ἅγιος@andms- κλήμεντ@ndmsp παραγίγνομαι@vpamnms οὖν@b ὁ@dnms ἅγιος@annms- πρός@p ὁ@dams σισίννιον@namsp μετά@p πολύς@angfs- τιμή@ngfsc ὑποδέχομαι@viap3s παρά@p ὅς@rpgms ἀκούω@vpranms ὅσος@ananp- πρός@p οἰκοδομὴ@nafsc ψυχή@ngfsc αὐτός@rpgms διατείνω@viaa3s πιστεύω@viaa3s ὁ@ddms θεός@ndmsc ἐκ@p ὅλος@angfs- ὁ@dgfs ψυχή@ngfsc καί@cs ἄρχω@viam3s ὁ@ddmp πούς@ndmpc ὁ@dgms ἅγιος@angms- κλήμης@ngmsp προκυλινδεῖσθαι@vnpe-- καί@cs βόα@vnpa--"
"Ps-Clem.Petr._174","εὐχαριστέω@ndmsp ὁ@ddms θεός@ndmsc ἀληθινός@andms- καί@cs παντοκράτωρ@ndmsc ὅς@rpnms διά@p οὗτος@rpans ἐγώ@rpams τυφόω@vira3s ἵνα@cs ὁράω@vsam3s αὐτός@rpams καί@cs διά@p οὗτος@rpans ὁ@dafs ἀκοή@nafsc ἀφαιρέω@viam3s ἐγώ@rpgms ἵνα@cs ἐν@p ὅς@rpdfs ὁ@dafs ἀλήθεια@nafsc ποτέ@b διά@p ἄγνοια@nafsc καταγελάω@viia1s ἐν@p αὐτός@rpdfs ἀκούω@vpaanms δείκνυμι@vsam1s καί@b οὗτος@rpans μέν@b νομίζω@viia1s ψευδής@anans- ὑπάρχω@vnpa-- ὅσπερ@rpnns εἰμί@viia3s ἀληθής@annns- δοκέω@viia3p δέ@b ὁ@dans ἔμπαλιν@b ἀληθής@anans- ὅς@rpnns ψευδής@annns- τυγχάνω@viia3s ὁ@dans σκότος@nansc νομίζω@viia1s φάος@nansc καί@cs ὁ@dans φάος@nansc σκότος@nansc ὑπολαμβάνω@viia1s ἀλλά@b καθαίρω@viap3s ὁ@dnms νόος@nnmsc ἐγώ@rpgcs ἐκ@p ὁ@dgms μολυσμός@ngmsc ὁ@dgfs εἰδωλομανία@ngfsc ἀληθής@b γάρ@b ἐπιγιγνώσκω@viaa1s ὁ@damp δαίμων@nampc ἐξαπατάω@vppaamp ὁ@damp ἄνθρωπος@nampc ὅπως@cs ὁ@dgmp μή@b πιστεύω@vppagmp ὁ@dams χριστός@namsp εἰμί@vnpa-- θεός@namsc κυριεύω@vsaa3p πέτρα@nnfpc καί@cs λίθος@nnmpc κωφός@annmp- καί@cs ἄλαλκε@annmp- ὥσπερ@cs καί@b ἐγώ@rpgms ἐπικρατέω@viaa3p μέχρι@p ὁ@dgfs δεῦρο@b οὗτος@rpanp καί@cs ὁ@danp παραπλήσιος@ananp- οὗτος@rpdnp ὁ@dgms σισίννιον@ngmsp εἶπον@vpaagms χαρά@nnfsc μέγας@annfs- γίγνομαι@vira3s πιστεύω@viaa3s γάρ@b σύν@p πᾶς@andfs- ὁ@ddfs οἰκία@ndfsc αὐτός@rpgms καί@cs ἐπιδίδωμι@vpranms ὁ@dans οἰκεῖος@anans- ὄνομα@nansc προσβλέπω@vpaagms ὁ@dgms πάσχα@ngmsc βαπτίζω@viap3s αὐτός@rpnms καί@cs πᾶς@annmp- ὁ@dnmp ἐν@p ὁ@ddms οἶκος@ndmsc αὐτός@rpgms ἀριθμέω@viap3p δέ@b ὁ@dnmp βαπτίζω@vpapnmp ἀνήρ@nnmpc τε@b καί@cs γυνή@nnfpc σύν@p ὁ@ddmp νήπιος@andmp- τετρακόσιοι@annmp- εἴκοσι@an---- τρεῖς@an---- διά@p οὗτος@anams- δέ@b ὁ@dams σισίννιον@namsp πολύς@annmp- ὁ@dgmp περιφανής@angmp- καί@cs φίλος@ngmpc νέρουας@namsp ὁ@dgms βασιλεύς@ngmsc πιστεύω@viaa3p καί@cs πρός@p ὁ@dams θεός@namsc ἐπιστρέφω@viap3p"
"Ps-Clem.Petr._175","κατά@p ’@p ἐκεῖνος@angms- δέ@b καιρός@ngmsc ὁ@dnms κόμη@nnmsc ὁ@dgmp ὀφφίκιον@angmp- πούβλιος@nnmsp τορκουτιανὸς@nnmsp ὁράω@vpranms ἀναρίθμητος@anafs- πληθύς@nafsc ὁ@ddms χριστός@ndmsp πιστεύω@vpaaafs προσκαλέω@viam3s ὁ@damp προστάτης@nampc ὁ@dgmp ῥεγεών@ngmpc καί@cs δίδωμι@b αὐτός@rpdmp χρῆμα@nanpc πείθω@viaa3s αὐτός@rpamp ἵνα@cs τάραχος@namsc κινέω@vsaa3p ὁ@ddns χριστιανικός@andns- ὄνομα@ndnsc"
"Ps-Clem.Petr._176","διοικέω@ngmsp τοίνυν@b μαμερτῖνος@ngmsp ὁ@dgms ἵππαρχος@ngmsc ὁ@dams πολιτικός@anams- θρόνος@namsc στάσις@nnfsc γίγνομαι@vira3s ὁ@dgms ῥωμαῖος@ngmpp δῆμος@ngmsc ἐπί@p ὄνομα@ndnsc ὁ@dgms κλήμης@ngmsp καί@b πρός@p ἀλλήλων@rpamp συγχέω@vpapnmp ἄλλος@rpnms ἄλλος@rpans κατά@p αὐτός@rpgms λέγω3@viia3p τις@rpnmp δέ@b ἀντιλέγω@viia3p τίς@rpans γάρ@b κακός@anans- πράσσω@viaa3s ἤ1@cs τίς@rpans ὁ@dgnp καλός@angnp- οὐ@b κατορθόω@viaa3s ὅστις@rpnms γάρ@b ἄῤῥωστος@nnmsc παρά@p αὐτός@rpgms ἐπισκέπτομαι@viap3s ἴασις@ngfsc τυγχάνω@viaa3s ὅστις@rpnms πρός@p αὐτός@rpams λυπέω@vppenms ἀπέρχομαι@viaa3s χαίρω@vppanms ἀναχωρέω@viaa3s οὐδείς@rpams ποτέ@x βλάπτω@viaa3s πᾶς@anamp- δέ@x ὠφελέω@viaa3s ἄλλος@rpnmp δέ@b πνεῦμα@ndnsc διαβολικός@andns- ἐκκαίω@vpapnmp κράζω@viia3p γοητικός@andfp- τέχνη@ndfpc οὗτος@rpanp ποιέω@vppanms ὁ@dgmp θεός@ngmpc ἐγώ@rpgcp ὁ@dafs λατρεία@nafsc ἀνατρέπω@vipe2s ὁ@dams ζεύς@namsp λέγω3@vipa3s μή@b εἰμί@vnpa-- θεός@namsc ἡρακλῆς@namsp δέ@cs ὁ@dams ἡμέτερος@anams- φύλαξ@namsc ἀκάθαρτος@anans- εἰμί@vnpa-- λέγω3@vipa3s πνεῦμα@nansc ἀφροδίτη@nafsp ὁ@dafs ὁσία@anafs- πόρνη@nafsc γίγνομαι@vnra-- ὑποτίθημι@vipe3s ἑστία@nafsp δέ@b ὁ@dafs μέγας@anafs- θεά@nafsc πῦρ@ndnsc καταναλίσκω@vnre-- βλασφημέω@vipa3s ὡσαύτως@b δέ@b καί@b ὁ@dafs εὐαγής@anafss ἀθήνη@ngfpp ἄρτεμις@namsp τε@b καί@cs ἑρμῆς@namsp ἅμα@b τε@cs ὁ@dams κρόνος@namsp καί@cs ὁ@dams ἄρης@namsp διαβάλλω@vipa3s πᾶς@ananp- τε@b ὁ@danp ὄνομα@nanpc ὁ@dgmp ἡμέτερος@angmp- θεός@ngmpc καί@cs ὁ@damp ναός@nampc καθυβρίζω@vipa3s ἤ1@b θύω@vifa3s ὁ@ddmp θεός@ndmpc ἐγώ@rpgcp ἤ1@cs αὐτός@rpnms ἐξαλείφω@voap3s"
"Ps-Clem.Petr._177","τότε@b μαμερτῖνος@nnmsp ὁ@dnms ὁ@dgfs πόλις@ngfsc ἔπαρχος@nnmsc μή@b φέρω@vppanms ὁ@dafs στάσις@nafsc ὁ@dgms δῆμος@ngmsc κελεύω@viaa3s πρός@p ἑαυτοῦ@rpams ἄγω@vnap-- ὁ@dams μακάριος@anamss κλήμεντ@namsp ὅς@rpams θεάω@vpamnms ἄρχω@viam3s λέγω3@vnpa-- ἐκ@p εὐγενής@angfs- μέν@b ῥίζα@ngfsc προέρχομαι@vira2s ὅσπερ@rpans ἐγώ@rpdmp ὁ@dnfs ὁ@dgmp ῥωμαῖος@ngmpp πληθύς@nnfsc μαρτυρέω@vipa3s ἀλλά@b πλάνη@b ὑφίστημι@viaa2s καί@cs διά@p οὗτος@rpans οὐ@b φέρω@vipa3p σιωπάω@vnpa-- ἐπεί@cs οὐ@b οἶδα@vira1s τις@anams- χριστός@namsp σέβομαι@vipe2s καί@cs ἐναντίος@ananp- ὁ@dgmp θεός@ngmpc ἀποδέχομαι@vipe2s διό@b ἀποτίθημι@vnae-- σύ@rpacs δεῖ@vipa3s πᾶς@anafs- ὁ@dafs περισσός@anafs- δεισιδαιμονία@nafsc καί@cs ὁ@ddmp ἐκ@p ἔθος@ngnsc ἐγώ@rpdmp θεός@ndmpc λατρεύω@vnpa-- τότε@b ὁ@dnms μακάριος@annms- κλήμης@nnmsp φημί@viia3s εὔχομαι@viie1s ὁ@dafs ὁ@dgfs σός@angfs- ὑπεροχή@ngfsc φρόνησις@nafsc προσανέχω@vnpa-- ἐγώ@rpgms ὁ@ddfs ἀπολογία@ndfsc καί@cs μή@b διά@p ὁ@dafs στάσις@nafsc ὁ@dgnp ἀπαίδευτος@angnp- ἀλλά@cs διά@p ὁ@dams ἐμός@anams- λόγος@namsc γράφω@vnam-- ἐγώ@rpams ἐπεί@cs ἐάν@cs κύων@nnmpc ἐγώ@rpacp πολύς@annmp- περιυλάσσω@vsaa3p μή@b δύναμαι@vipe3p ἀφαιρέω@vnam-- καί@b ὁ@dans εἰμί@vnpa-- ἐγώ@rpamp μέν@b λογικός@anamp- ἄνθρωπος@nampc ἐκεῖνος@rpamp δέ@b κύων@nampc καθυλακτέω@vppaamp καί@b γάρ@b ὁ@dnfs στάσις@nnfsc ἀεί@b παρά@p ἀπαίδευτος@angmp- προέρχομαι@vppenfs ἀποδείκνυμι@vipe3s ὥστε@cs μηδείς@rpans ἀσφαλής@anans- ἔχω@vnpa-- μή@b τε@cs μήν@b ἀληθής@anans- ὅθεν@b σιγή@ngfsc ζητέω@vmpe3s πρόφασις@nnfsc ἐν@p ὅς@rpdfs ὑπέρ@p ὁ@dgfs ἑαυτοῦ@rpgms σωτηρία@ngfsc ὁ@dnms λογικός@annms- ἄνθρωπος@nnfsc καί@b κατά@p ἑαυτοῦ@rpams βουλεύω@vnpe-- καί@cs διαλέγω@vnpe-- ἀπάρχομαι@vsam3s ἵνα@cs ὁ@dams ἀληθής@anams- θεός@namsc εὑρίσκω@voaa3s ὅς@rpdms ὁ@dafs ἑαυτοῦ@rpgms πίστις@nafsc σεμνοπρεπής@b παρατίθημι@voaa3s"
"Ps-Clem.Petr._178","τότε@b μαμερτῖνος@nnmsp ὁ@dnms ἔπαρχος@nnmsc ἀποστέλλω@vpaanms ἀναφορά@nafsc τραϊανός@ndmsp ὁ@ddms αὐτοκράτωρ@ndmsc ἀνάγω@viaa3s περί@p ὁ@dgns ὄνομα@ngnsc ὁ@dgms μακάριος@angms- κλήμης@ngmsp φάσκω@vppanms οὗτος@anams- ὁ@dams κλήμεντ@namsp στασιώδης@andfp- κραυγή@ndfpc ζητέω@vppanms ὁ@dnms δῆμος@nnmsc οὐ@b παύω@vipe3s καί@cs ἀξιόπιστος@annfs- ἀπόδειξις@nnfsc εἰς@p ὁ@danp κατά@p αὐτός@rpgms εὑρίσκω@vnap-- οὐ@b δύναμαι@vipe3s τηνικαῦτα@b τραϊανός@nnmsp ὁ@dnms αὐτοκράτωρ@nnmsc ἀντιγράφω@viaa3s δεῖ@vppaans αὐτός@rpams ἤ1@b συναινέω@vnpa-- θύω1@vppaams ἤ1@cs πέραν@b ὁ@dgfs θάλασσα@ngfsc καί@cs ὁ@dgms πόντος@ngmsp ἐν@p ἐρῆμος@andfs- πόλις@ndfsc παράκειμαι@vpredfs ὁ@ddfs χερσών@ndfsp ἐξορίζω@vnap--"
"Ps-Clem.Petr._179","καί@b ὁπότε@cs ὁ@dnns ὁ@dgms τραϊανός@ngmsp κέλευσμα@nnnsc ἐπικυρόω@viap3s σκέπτομαι@viie3s ὁ@dnms μαμερτῖνος@nnmsp ὅπως@cs ὁ@dnms κλήμης@nnmsp ἑκούσιος@anafs- ὑπερορία@nafsc μή@b αἰτέω@vsam3s ἀλλά@cs μᾶλλον@b ὁ@ddmp θεός@ndmpc σπονδή@nafpc προσάγω@vsaa3s ἀλλά@b ὁ@dnms μακάριος@annms- κλήμης@nnmsp ἀγωνίζομαι@viie3s καί@b αὐτός@angms- ὁ@dgms δικαστής@ngmsc ὁ@dams λογισμός@namsc εἰς@p ὁ@dafs πίστις@nafsc ὁ@dgms χριστός@ngmsp μετάγω@vnaa-- καί@cs ἑαυτοῦ@rpams ἀποδείκνυμι@vnaa-- προαιρέω@vnpe-- μᾶλλον@b ὁ@dafs ὑπερορία@nafsc ἤ1@cs δειδίσσομαι@vnpe-- τοσοῦτος@anafs- τοίνυν@b ὁ@dnms κύριος@nnmsc χάρις@nafsc ὁ@ddms κλήμεντ@ndmsp παρέχω@viam3s ὥστε@cs κατοδύρομαι@vnpe-- μαμερτῖνος@namsp ὁ@dams ἔπαρχος@namsc καί@cs λέγω3@vnpa-- ὁ@dnms θεός@nnmsc ὅς@rpdms σύ@rpncs εἰλικρινής@b λατρεύω@vipa2s αὐτός@annms- σύ@rpdcs βοηθέω@vifa3s ἐν@p οὗτος@rpdfs ὁ@ddfs γραφή@ndfsc ὁ@dgfs ὑπερορία@ngfsc καί@b ἀφορίζω@viaa3s ναῦς@nafsc καί@cs πᾶς@ananp- ὁ@danp πρός@p ὁ@dafs χρεία@nafsc ἀναγκαῖος@ananp- ἐπιβάλλω@vpaanms ἀπολύω@viaa3s οὐ@b μήν@b ἀλλά@b καί@b ἐκ@p ὁ@dgms λαός@ngmsc εὐλαβής@annmp- ἀνήρ@nnmpc πολύς@annmp- ἀκολουθέω@viaa3p αὐτός@rpdms"
"Ps-Clem.Petr._180","ἡνίκα@nnfsp δέ@b καταλαμβάνω@viaa3s ὁ@dams τόπος@namsc ὁ@dgfs ὑπερορία@ngfsc ἐν@p ὁ@ddfs ἐργασία@ndfsc ὁ@dgfs ὁ@dgmp μάρμαρος@angmp- λατομία@ngfsc περαίτερος@b δύο@an---- χιλιάς@ngfpc χριστιανός@nampc εὑρίσκω@viaa3s αὐτόθι@b μακροχρόνιος@andfs- γραφή@ndfsc καταδικάζω@vpapamp ὅστις@rpnmp ὁράω@vpranmp ὁ@dams ἅγιος@anams- καί@cs ἀοίδιμος@anams- κλήμεντ@namsp ἅπας@annmp- ὁμοθυμαδόν@b μετά@p στεναγμός@ngmpc καί@cs ὀδυρμός@ngmpc προσέρχομαι@vpaanmp λέγω3@viia3p εὖξαι@vnaa-- ὑπέρ@p ἐγώ@rpgmp ὅσιος@anvms- ἱεράρχης@nvmsc ἵνα@cs ἄξιος@annmp- ἀποδείκνυμι@vsap1p ὁ@dgfs παρά@p ὁ@dgms χριστός@ngmsp ἐπαγγελία@ngfsc ὅς@rpamp γιγνώσκω@vpranms ὁ@dnms ἅγιος@annms- κλήμης@nnmsp διά@p ὁ@dams θεός@namsc ὑπερορίζω@vpapamp φημί@viia3s οὐ@b ἀσύμφορος@b ὁ@dnms κύριος@nnmsc ἐγώ@rpams ἐνταῦθα@b ἀποκαθίστημι@viaa3s ἀλλά@cs ἵνα@cs συμμέτοχος@annms- γίγνομαι@vpamnms ὁ@dgnp πάθημα@ngnpc σύ@rpgmp ἔτι@b παρηγορία@ngfsc ὑποτύπωσις@vspa3p καί@cs ὑπομονή@ngfsc ἐμπαρέχω@viam2s"
"Ps-Clem.Petr._181","μανθάνω@viaa3s δέ@b παρά@p αὐτός@rpgmp ὅτι@cs ἀπό@p χίλιος@ngnpc ἕξ@p ὁ@dans ὕδωρ@nansc ἐπί@p ὁ@dgmp ἴδιος@angmp- ὦμος@ngmpc κομίζω@viia3p αὐτίκα@b οὖν@b ὁ@dnms ἅγιος@annms- κλήμης@nnmsp προτρέπω@viam3s αὐτός@rpamp λέγω3@vppanms εὔχομαι@vspe1p πρός@p ὁ@dams κύριος@namsc ἐγώ@rpgcp ἰησοῦς@namsp χριστός@namsp ἵνα@cs ὁ@ddmp ὁμολογητής@ndmpc ὁ@dgfs πίστις@ngfsc αὐτός@rpgms νομή@nafsc ὕδωρ@ngnsc διανοίγω@vsaa3s καί@b ὁ@dnms πατάσσω@vpaanms ὁ@dafs πέτρα@nafsc ἐν@p γῆ@ndfsc ἐρῆμος@andfs- ὁ@dgms σινᾶ@ngmsp καί@cs ῥέω@viaa3p ὕδωρ@nanpc εἰς@p πλησμονή@nafsc αὐτός@rpnms ἐγώ@rpdmp ὁ@dans ἄφθονος@anans- νᾶμα@nansc παρέχω@voaa3s ὅπως@cs ὁ@ddfs αὐτός@rpgms χορηγία@ndfsc εὐφραίνω@vsap1p καί@b δή@b ὁ@dgfs ἱκεσία@ngfsc πληρόω@vpapgfs ἔνθεν@b καί@b ἐκεῖθεν@b περιβλέπω@viam3s καί@cs ὁράω@viaa3s ἀμνός@anams- ἵστημι@vpraams ὅς@rpnms ὁ@dams δεξιός@anams- πούς@namsc κούφίζω@viaa3s οἷος@ananp- ὁ@dams τόπος@namsc ὁ@ddms ἅγιος@andms- κλήμεντ@ndmsp ὑποδείκνυμι@vppanms τότε@b ὁ@dnms ἅγιος@annms- κλήμης@nnmsp ἐννοέω@vpaanms ὁ@dams κύριος@namsc εἰμί@vnpa-- ὅς@rpams μόνος@annms- αὐτός@rpnms θεάομαι@viam3s καί@cs ἕτερος@annms- παντελής@b οὐδείς@rpnms πορεύω@viap3s πρός@p ὁ@dams τόπος@namsc καί@cs λέγω@viaa3s ἐν@p ὄνομα@ndnsc ὁ@dgms πατήρ@ngmsc καί@b ὁ@dgms υἱός@ngmsc καί@cs ὁ@dgns ἅγιος@angns- πνεῦμα@ngnsc κρούω@vmaa2p ἐν@p ὁ@ddms τόπος@ndmsc οὗτος@andms- καί@b ἐπεί@cs πᾶς@annmp- ἐν@p κύκλος@ndmsc ὁ@ddmp σκαπάνιος@ndnpc σκάπτω@viaa3p καί@b οὐ@b αὐτός@anams- ὁ@dams τόπος@namsc ἐν@p ὅς@rpdms ὁ@dnms ἀμνός@annms- ἵστημι@viaa3s λαμβάνω@vpaanms μικρός@anans- σκαλίδιον@nansc ὁ@dnms ἅγιος@annms- ἐλαφρός@andns- κροῦμα@ndnsc ὁ@dams τόπος@namsc ὁ@dams ὑπό@p ὁ@dams πούς@namsc ὁ@dgms ἀμνός@angms- κρούω@viaa3s ὅθεν@b παραχρῆμα@b πηγή@nnfsc ὑπερβλύζω@vppadfp ὁ@ddfp φλόξ@ndfpc εὐπρεπής@annfss ἀναφαίνω@viap3s ὅς@rpnfs τις@annfs- σύν@p ὁρμή@ndfsc ἐκχέω@vpapnfs ποταμός@namsc ἀποτελέω@viaa3s τηνικαῦτα@b ὁ@dnms ἅγιος@annms- κλήμης@nnmsp πᾶς@angmp- ἀγαλλιάω@vppegmp λέγω@viaa3s ὁ@dgms ποταμός@ngmsc ὁ@dnnp ὁρμημα@nnnpc εὐφραίνω@vipa3p ὁ@dafs πόλις@nafsc ὁ@dgms θεός@ngmsc"
"Ps-Clem.Petr._182","διά@p οὗτος@anafs- οὖν@b ὁ@dafs φήμη@nafsc προστρέχω@viaa3s πᾶς@annfs- ὁ@dnfs ἐπαρχία@nnfsc καί@cs ὁ@dnmp ἔρχομαι@vpranmp ἅπας@annmp- πρός@p ὁ@dafs διδαχή@nafsc ὁ@dgms ἅγιος@angms- κλήμης@ngmsp ἐπιστρέφω@viia3p πρός@p ὁ@dams κύριος@namsc ὥστε@cs κατά@p ἡμέρα@nafsc πεντακόσιοι@annmp- καί@cs περαίτερος@annmp- βαπτίζω@vppenmp ἀναχωρέω@viia3p ἐντός@p δέ@b εἷς@ ἔτος@ngnsc γίγνομαι@vira3p ἐκεῖσε@b παρά@p ὁ@dgmp πιστός@angmp- ἑβδομήκοντα@an---- πέντε@an---- ἐκκλησία@nnfpc καί@b πᾶς@annnp- ὁ@dnnp εἴδωλον@nnnpc κατατρίβω@viaa3p πᾶς@annmp- ὁ@dnmp ναός@nnmpc ὁ@dgfs περίχωρος@angfs- καθαιρέω@viap3p πᾶς@annnp- ὁ@dnnp ἄλσος@nnnpc ἐπί@p τριακόσιοι@ananp- μίλιον@nanpc διά@p ὅλος@angms- ἐν@p κύκλος@ndmsc κατακόπτω@viap3p καί@cs καταστρόω@viap3p"
"Ps-Clem.Petr._183","τηνικαῦτα@b οὖν@b ἐπίφθονος@anans- διήγημα@nansc διατρέχω@viaa3s πρός@p ὁ@dams βασιλεύς@namsc τραϊανός@namsp ὡς@cs αὐτόθι@b πρός@p ἀναρίθμητος@anans- πλῆθος@nansc ὁ@dnms ὁ@dgmp χριστιανός@ngmpp ἐπαυχέω@viap3s λαός@nnmsc καί@b ἀποστέλλω@viap3s παρά@p αὐτός@rpgms αὐφιδιανὸς@nnmsp ὁ@dnms ἡγεμών@nnmsc ὅστις@rpnms πλεῖστος@anamp- ὁ@dgmp χριστιανός@ngmpp διάφορος@andmp- βάσανος@ndmpc ἀναιρέω@viaa3s ὁράω@vppanms δέ@b ὁ@damp πᾶς@anamp- ὁ@ddns μαρτύριον@ndnsc μετά@p χαρά@ngfsc προσέρχομαι@vppeamp παραχωρέω@viaa3s ὁ@ddns πλῆθος@ndnsc μόνος@anans- δέ@cs ὁ@dams ἅγιος@anams- κλήμεντ@namsp ἐπιθύω1@vnpa-- βιάζω@vppenms καί@b εἶδον@vpaanms οὕτως@b ἱδρύω@vpreams ἐν@p κύριος@ndnsc καί@cs καθόλου@b μετατίθημι@vnap-- μή@b βούλομαι@vppeans λέγω3@vipa3s ὁ@ddmp δήμιος@andmp- λαμβάνω@vpaanmp ἀπάγω@vmaa2p αὐτός@rpams μέσος@anams- ὁ@dgfs θάλασσα@ngfsc καί@cs δέω@vmaa2p πρός@p ὁ@dams αὐχήν@namsc αὐτός@rpgms ἄγκυρα@nafsc σιδήρεος@ngfpc καί@cs ῥίπτω@vmaa2p αὐτός@rpams ἐν@p ὁ@ddms βυθός@ndmsc κάτω@b ὅπως@cs μή@b δύναμαι@voap3p ὁ@dnmp χριστιανός@nnmpp ἀναιρέω@vnam-- ὁ@dans σῶμα@nansc αὐτός@rpgms καί@cs ἀντί@p θεός@ngmsc σέβομαι@vnpe-- αὐτός@rpams"
"Ps-Clem.Petr._184","οὗτος@rpgns οὖν@b γίγνομαι@vpamgns ἅπας@annns- ὁ@dnns πλῆθος@nnnsc ὁ@dgmp χριστιανός@ngmpp ἐν@p ὁ@ddms αἰγιαλός@ndmsc παρίστημι@vpranns ὀδύρομαι@viie3s καί@b ἐπί@p οὗτος@rpdnp εἶπον@viaa3p κορνήλιος@nnmsp καί@cs φοῖβος@nnmsp ὁ@dnmp μαθητής@nnmpc αὐτός@rpgms πᾶς@annmp- ὁμοθυμαδόν@b εὔχομαι@vspe1p ἵνα@cs δείκνυμι@vsaa3s ἐγώ@rpdmp ὁ@dnms κύριος@nnmsc ὁ@dgms μάρτυς@ngmsc αὐτός@rpgms ὁ@dans λείψανον@nansc εὔχομαι@vppegms τοίνυν@b ὁ@dgms λαός@ngmsc ἐπιχωρέω@viaa3s ὁ@dnfs θάλασσα@nnfsc εἰς@p ὁ@dams ἴδιος@anams- κόλπος@namsc ἐπί@p τρεῖς@ananp- σχεδόν@b μῖλα@nanpc καί@b εἰσέρχομαι@vpaanmp διά@p ξηρός@ngfsc ὁ@dnmp λαός@nnmpc εὑρίσκω@viaa3p ἐν@p σχῆμα@ndnsc ναός@ngmsc μαρμαρῖνος@angms- οἴκημα@nansc παρά@p θεός@ngmsc ἑτοιμάζω@vpreans καί@cs αὐτόθι@b κεῖμαι@vpreans ὁ@dans σῶμα@nansc ὁ@dgms ἅγιος@angms- κλήμης@ngmsp καί@cs ὁ@dafs ἄγκυρα@nafsc μετά@p ὅς@rpgfs ῥίπτω@viap3s πλησίος@p αὐτός@rpgms κεῖμαι@vpreans"
"Ps-Clem.Petr._185","ἀποκαλύπτω@viap3s τοιγάρ@b ὁ@ddmp μαθηπτής@ndmpc αὐτός@rpgms ὁ@dgns μή@b ἐκβάλλω@vnaa-- ὁ@dans λείψανον@nansc ἐκ@p ὁ@dgms τόπος@ngmsc ὅς@rpdnp καί@b οὗτος@rpnns πλουτίζω@viap3s ὡς@b ὅτι@cs ἕκαστος@andms- χρόνος@ndmsc ἐν@p ὁ@ddfs ἡμέρα@ndfsc ὁ@dgfs ἄθλησις@ngfsc αὐτός@rpgms ὑποχωρέω@vsaa3s ὁ@dnfs θάλασσα@nnfsc ἐπί@p ἑπτὰ@an---- ἡμέρα@nafpc ὁ@ddmp ἔρχομαι@vppedmp ξηρός@anafs- πορεία@nafsc παρέχω@vpamnfs ὅσπερ@rpans εἰς@p ἔπαινος@namsc ὁ@dgns ὄνομα@ngnsc αὐτός@rpgms εὐδοκέω@viaa3s ὁ@dnms κύριος@nnmsc γίγνομαι@vnam-- μέχρι@p ὁ@dgfs σήμερον@b ἡμέρα@ngfsc οὗτος@rpgns δέ@b γίγνομαι@vpragns πᾶς@annnp- ὁ@dnnp κυκλόθεν@b ἔθνος@nnnpc πιστεύω@viaa3p ὁ@ddms χριστός@ndmsp ἔνθα@b οὐδείς@rpnms ἕλλην@nnmsp οὐδείς@annms- ἑβραῖος@annms- οὐδείς@annms- ὁ@dans παράπαν@b εὑρίσκω@vipe3s αἱρετικός@annms- γίγνομαι@vipe3p γάρ@b ἐκεῖσε@b πλεῖστος@annfp- εὐεργεσία@nnfpc τυφλός@annmp- περιλάμπω@vipe3p ἐν@p ὁ@ddfs ἑορτή@ndfsc αὐτός@rpgms δαίμων@nnmpc ἀπελαύνω@vppannp ῥιγόω@vppanmp ὑγιαίνω@vipa3p ὁ@dnmp ὁ@ddmp νεφρός@ndmpc ἐτάζω@vppenmp καί@cs λιθιάω@vppanmp μόνος@andfs- ὁ@ddfs ὁ@dgms λείψανον@ngmsc αὐτός@rpgms προσψαύω@ndfsc καί@cs ὕδωρ@ngnsc ἁγιάζω@vpapgns ῥαντισμός@ndmsc καί@cs πόσις@ndmsc ὁ@dgns νόσημα@ngnsc ἀπολύω@vipe3p ἀλγύνω@vppenmp τε@b νόσος@ndfsc ὁποιοσδηποτοῦν@rpdfs πρός@p ὁ@dafs ὁ@dgms ἱερομάρτυς@ngmsc καταφεύγω@vppanmp βοήθεια@nafsc ἴασις@ngfsc ἀπολαύω@vipa3p καί@b διαμένω@vipa3s ὁ@dnfs δόξα@nnfsc αὐτός@rpgms καί@cs ὁ@dnms ἔπαινος@nnmsc εἰς@p ἀεί@b διά@p ὁ@dgms κύριος@ngmsc ἐγώ@rpgmp ἰησοῦς@ngmsp χριστός@ngmsp διά@p ὅς@rpgms καί@b μετά@p ὅς@angms- ὁ@ddms πατήρ@ndmsc ὁ@dnfs δόξα@nnfsc σύν@p ὁ@ddns ἅγιος@andns- καί@cs ζωοποιός@andns- αὐτός@rpgms πνεῦμα@ndnsc νῦν@b καί@cs ἀεί@b καί@cs εἰς@p ὁ@damp αἰών@nampc ὁ@dgmp αἰών@ngmpc ἀμήν@i"
