"location","text"
"Mul.virt._0","γυνή@ngfpc ἀρετή@nnmpc περί@p ἀρετή@ngfsc ὦ@i κλέος@nvmsp γυνή@ngfpc οὐ@b ὁ@dafs αὐτός@anafs- ὁ@ddms θουκυδίδης@ndmsp γνώμη@nafsc ἔχω@vipa1p ὁ@dnms μέν@b γάρ@b ὅς@rpgfs ἄν@b ἐλαχύς@annmss εἰμί@vspa3s παρά@p ὁ@ddmp ἐκτός@b ψόγος@ngmsc περί@p ἤ1@cs ἔπαινος@ngmsc λόγος@nnmsc ἄριστος@anafss ἀποφαίνω@vipe3s καθά@cs ὁ@dans σῶμα@nansc καί@cs ὁ@dans ὄνομα@nansc ὁ@dgfs ἀγαθός@angfs- γυνή@ngfsc οἴομαι@vppenms δεῖ@vnpa-- κατάκλειστος@anans- εἰμί@vnpa-- καί@cs ἀνέξοδος@anafs- ἐγώ@rpdmp δέ@b κομψός@annmsc μέν@b ὁ@dnms γοργίας@nnmsp φαίνω@vipe3s κελεύω@vppanms μή@b ὁ@dans εἶδος@nansc ἀλλά@cs ὁ@dafs δόξα@nafsc εἰμί@vnpa-- πολύς@andmp- γνώριμος@anans- ὁ@dgfs γυνή@ngfsc ἄριστος@ananp- δέ@b ὁ@dnms ῥωμαῖος@ngmpp δοκέω@vipa3s νόμος@nnmsc ἔχω@vnpa-- ὥσπερ@cs ἀνήρ@ndmpc καί@cs γυνή@ndfpc δημοσίᾳ@b μετά@p ὁ@dafs τελευτή@nafsc ὁ@damp προσήκω@vppaamp ἀποδίδωμι@vppaamp ἔπαινος@nampc διό@b καί@b λεοντίς@ngfsp ὁ@dgfs ἄριστος@angfss ἀποθνήσκω@vpaagfs εὐθύς@b τε@b μετά@p σύ@rpgms τότε@b πολύς@anams- λόγος@namsc ἔχω@viia1p οὐ@b ἀμοιρέω@vppaams παραμυθία@ngfsc φιλόσοφος@ngmsc καί@cs νῦν@b ὡς@cs βούλομαι@viap2s ὁ@danp ὑπόλοιπος@ananp- ὁ@dgnp λέγω3@vppegnp εἰς@p ὁ@anans- εἷς@anafs- εἰμί@vnpa-- καί@b ὁ@dafs αὐτός@anafs- ἀνήρ@ngmsc καί@cs γυνή@ngfsc ἀρετή@nafsc πρόσἀναγράφω@vira1s σύ@rpdms ὁ@dans ἱστορικός@anans- ἀποδεικτικός@anans- ἔχω@vppaams καί@cs πρός@p ἡδονή@nafsc μέν@b ἀκοή@ngfsc οὐ@b συντάσσω@vpreanp εἰ@cs δέ@b ὁ@ddns πείθω@vppadns καί@b ὁ@dnns τέρπω@vppanns ἔνειμι@vipa3s φύσις@ndfsc ὁ@dgns παράδειγμα@ngnsc οὐ@b φεύγω@vipa3s χάρις@nafsc ἀπόδειξις@ngfsc συνεργός@anams- ὁ@dnms λόγος@nnmsc οὐ@b δέ@cs αἰσχύνω@vipe3s ὁ@ddfp μοῦσα@ndfpp ὁ@dafp χάρις@nafpp συγκαταμίγνυμι@vppanms καλός@anafss συζυγία@nafsc ὡς@cs εὐριπίδης@nnmsp φημί@vipa3s ἐκ@p ὁ@dgms φιλόκαλος@ngmsc μάλιστα@b ὁ@dgfs ψυχή@ngfsc ἀναδέω@vppenms ὁ@dafs πίστις@nafsc φέρω@vmpa2s γάρ@b εἰ@cs λέγω3@vppanmp ὁ@dafs αὐτός@rpafs εἰμί@vnpa-- ζωγραφία@nafsc ἀνήρ@ngmpc καί@cs γυνή@ngfpc παρέχω@vipe1p τοιοῦτος@anafp- γραφή@nafpc γυνή@ngfpc οἷος@rpafp ἀπελλᾶς@nnmsp ἀπολείπω@vira3s ἤ1@b ζεῦξις@nnmsp ἤ1@cs νικόμαχος@nnmsp ἆρα@b ἄν@b τις@rpnms ἐπιτιμάω@viaa3s ἐγώ@rpdmp ὡς@b ὁ@dgms χαρίζω@vnpe-- καί@cs ψυχαγωγέω@vnpa-- μᾶλλον@b ἤ1@cs ὁ@dgns πείθω@vnpa-- στοχάζομαι@vppedmp ἐγώ@rpnms μέν@b οὐ@b οἴομαι@vipe1s τίς@rpnns δέ@b ἐάν@cs ποιητικός@anafs- πάλιν@b ἤ1@cs μαντικός@anafs- ἀποφαίνω@vppanmp οὐ@b ἕτερος@anafs- μέν@b ἀνήρ@ngmpc ἕτερος@anafs- δέ@b γυνή@ngfpc εἰμί@vppaafs ἀλλά@cs ὁ@dafs αὐτός@anafs- ὁ@danp σαπφώ@ngmsp μέλος@nanpc ὁ@ddmp ἀνακρέων@ngmsp ἤ1@cs ὁ@danp σίβυλλα@ngfsp λόγιον@nanpc ὁ@ddmp βάκις@ngfsp ἀντιπαραβάλλω@vspa1p ἔχω@vifa3s τις@rpnms αἰτιάομαι@vnam-- δίκαιος@b ὁ@dafs ἀπόδειξις@nafsc ὅτι@cs χαίρω@vppaams καί@cs τέρπω@vppeams ἐπάγω@vipa3s ὁ@ddfs πίστις@ndfsc ὁ@dams ἀκροατής@namsc οὐ@b δέ@cs οὗτος@rpans ἄν@b εἶπον@voaa2s καί@b μήν@b οὐ@b εἰμί@vipa3s ἀρετή@ngfsc γυναικεῖος@angfs- καί@cs ἀνδρεία@ngfsc ὁμοιότης@nafsc καί@cs διαφορά@nafsc ἄλλοθεν@b καταμανθάνω@vnaa-- μᾶλλον@b ἤ1@cs βίος@nampc βίος@ndmpc καί@cs πρᾶξις@ndfpc πρᾶξις@nafpc ὥσπερ@cs ἔργον@nanpc μέγας@angfs- τέχνη@ngfsc παρατίθημι@vppaamp ἅμα@b καί@cs σκοπέω@vppaamp εἰ@cs ὁ@dams αὐτός@anams- ἔχω@vipa3s χαρακτήρ@namsc καί@cs τύπος@namsc ὁ@dnfs σεμιράμεως@ngmsp μεγαλοπραγμοσύνη@nnfsc ὁ@ddfs σεσώστριος@ngfsp ἤ1@b ὁ@dnfs τανακυλ@ngfsp σύνεσις@nnfsc ὁ@ddfs σερούϊος@ngmsp ὁ@dgms βασιλεύς@ngmsc ἤ1@cs ὁ@dnns πορκία@ngfsp φρόνημα@nnnsc ὁ@ddms βρούτος@ngmsp καί@cs ὁ@dnns πελοπίδης@ngmsp ὁ@ddms τιμοκλεία@ngfsp κατά@p ὁ@dafs κύριος@anafss κοινότης@nafsc καί@cs δύναμις@nafsc ἐπεί@b διαφορά@nafpc γε@b τις@rpacp ἕτερος@anafp- ὥσπερ@cs χροιά@nafpc ἴδιος@anafp- ὁ@dnfp ἀρετή@nnfpc διά@p ὁ@dafp φύσις@nafpc λαμβάνω@vipa3p καί@cs συνεξομοιόω@vipe3p ὁ@ddnp ὑπόκειμαι@vppednp ἔθος@ndnpc καί@cs κρᾶσις@ndnpc σῶμα@ngnpc καί@cs τροφή@ndfpc καί@cs δίαιτα@ndfpc ἄλλως@b γάρ@b ἀνδρεῖος@annms- ὁ@dnms ἀχιλλεύς@nnmsp ἄλλως@b ὁ@dnms αἴας@nnmsp καί@b φρόνησις@nnfsc ὀδυσσεύς@ngmsp οὐ@b ὅμοιος@annfs- ὁ@ddfs νέστωρ@ngmsp οὐ@b δέ@b δίκαιος@annfs- ὡσαύτως@b κάτων@nnmsp καί@cs ἀγησίλαος@nnmsp οὐ@b δέ@cs εἰρήνη@nnfsp φίλανδρος@annfs- ὡς@cs ἄλκηστις@nnfsp οὐ@b δέ@cs κορνηλία@annfs- μεγαλόφρων@annfs- ὡς@cs ὀλυμπιάς@nnfsp ἀλλά@b μή@b παρά@p οὗτος@rpans πολύς@anafp- καί@cs διάφορος@anafp- ποιέω@vspa1p ἀνδρεία@nafpc καί@b φρόνησις@nafpc καί@cs δικαιοσύνη@nafpc ἄν@cs μόνος@b ὁ@dgms λόγος@ngmsc ὁ@dgms οἰκεῖος@angms- μηδείς@anafs- ὁ@dnfp κατά@p ἕκαστος@anans- ἀνομοιότης@nnfpc ἐκβιβάζω@vspa3p ὁ@danp μέν@b οὖν@b ἄγαν@b περίβλεπτος@ananp- καί@cs ὅσος@angnp- οἴομαι@vipe1s σύ@rpacs βέβαιος@b βιβλίον@ndnpc ἐντυγχάνω@vpaaafs ἱστορία@nafsc ἔχω@vnpa-- καί@cs γνῶσις@nafsc ἤδη@b παρίημι@vifa1s πλήν@b εἰ@cs μή@b τις@rpams ὁ@damp ὁ@danp κοινός@ananp- καί@cs δημεύω@vpreanp πρό@p ἐγώ@rpgmp ἱστορέω@vpaaamp ἀκοή@ngfsc ἄξιος@ananp- διαφεύγω@vira3s ἐπεί@cs δέ@b πολύς@annnp- καί@b κοινῇ@andfs- καί@cs ἴδιος@andfs- γυνή@ndfpc ἄξιος@annnp- λόγος@ngmsc πράσσω@vire3s βραχύς@ananp- ὁ@dgnp κοινός@angnp- οὐ@b χείρων@annnsc εἰμί@vipa3s προιστορέω@vnaa--"
"Mul.virt._1","τρωιάδες@nnmpp ὁ@dgmp ἀπό@p ἴλιον@ngnsp περί@p ὁ@dafs ἅλωσις@nafsc ἐκφεύγω@vpaagmp ὁ@dnmp πολύς@annmps χειμών@ndmsc χράω2@vpamnmp καί@cs διά@p ἀπειρία@nafsc ὁ@dgms πλόος@ngmsc καί@cs ἄγνοια@nafsc ὁ@dgfs θάλασσα@ngfsc ἀπένειμι@vpapnmp εἰς@p ὁ@dafs ἰταλία@nafsp καί@cs περί@p ὁ@dams θύμβρις@namsp ποταμός@namsc ὅρμος@ndmpc καί@cs ναύλοχος@ndnpc ἀναγκαῖος@andmp- μόλις@b ὑποτρέχω@vpaanmp αὐτός@rpnmp μέν@b πλανάω@viie3p περί@p ὁ@dafs χώρα@nafsc θέσφατος@ngmpc δέω2@vppenmp ὁ@ddfp δέ@cs γυνή@ndfpc ἐμπίτνω@vipa3s λογισμός@nnmsc ὡς@cs ὅστις@b ἵδρυσις@nnfsc ἐν@p γῆ@ndfsc πᾶς@angfs- πλάνη@ngfsc καί@cs ναυτιλία@nafpc εὖ@b τε@b καί@cs καλός@b πράσσω@vppadmp ἄνθρωπος@ndmpc ἀμείνων@annfsc εἰμί@vipa3s καί@cs πατρίς@nafsc δεῖ@vipa3s ποιέω@vnpa-- αὐτός@rpamp ἀπολαμβάνω@vnaa-- ὅς@rpgnp ἀπόλλυμι@vira3p μή@b δύναμαι@vppeamp ἐκ@p δέ@b οὗτος@rpgns συμφρονέω@vpaanfp καταφλέγω@viaa3p ὁ@danp πλοῖον@nanpc εἷς@angfs- κατάρχω@vpamgfs ὡς@cs φημί@vipa3p ῥώμη@ngfsp πράσσω@vpaanfp δέ@b οὗτος@rpanp ὁ@ddmp ἀνήρ@ndmpc ἀπαντάω@angmp- βοηθέω@vppadmp πρός@p ὁ@dafs θάλασσα@nafsc καί@cs φοβέω@vppenfp ὁ@dafs ὀργή@nafsc ὁ@dnfp μέν@b ἀνήρ@ngmpc ὁ@dnfp δέ@cs οἰκεῖος@angmp- ἀντιλαμβάνομαι@vppenfp καί@cs καταφιλέω@vppanfp λιπαρός@b ἐκπράσσω@viaa3p ὁ@ddms τρόπος@ndmsc ὁ@dgfs φιλοφροσύνη@ngfsc διό@b καί@b γίγνομαι@vira3s καί@cs παραμένω@vipa3s ὁ@ddfp ῥωμαῖος@ngmpp γυνή@ndfpc ἔτι@b νῦν@b ἔθος@nnnsc ἀσπάζομαι@vnpe-- μετά@p ὁ@dgns καταφιλέω@vnpa-- ὁ@damp κατά@p γένος@nansc προσήκω@vppaamp αὐτός@rpdfp σύνεἶδον@vpaanmp γάρ@b ὡς@cs ἔοικα@vira3s ὁ@dafs ἀνάγκη@nafsc ὁ@dnmp τρώς@nnmpp καί@cs ἅμα@b πειράω@vppenmp ὁ@dgmp ἐγχώριος@angmp- εὐμενής@b καί@cs φιλάνθρωπος@b προσδέχομαι@vppegmp ἀγαπάω@viaa3p ὁ@dans πράσσω@vpapans ὑπό@p ὁ@dgfp γυνή@ngfpc καί@cs συγκατοικέω@viaa3p αὐτόθι@b ὁ@ddmp λατῖνος@ndmpp"
"Mul.virt._2","φωκίς@nnfpp ὁ@dnns δέ@b ὁ@dgfp φωκίς@ngfpp ἔνδοξος@angms- μέν@b οὐ@b τυγχάνω@vira3s συγγραφεύς@ngmsc οὐδείς@rpgns δέ@cs ὁ@dgnp γυναικεῖος@ngnpc ἐλάσσων@annnsc εἰς@p ἀρετή@nafsc εἰμί@vipa3s μαρτυρέω@vppenns ἱερόν@ndnpc τε@b μέγας@andnp- ὅς@rpanp δράω@vipa3p φωκεύς@nnmpp ἔτι@b νῦν@b περί@p ὑάμπολις@nafsp καί@cs δόγμα@ndnpc παλαιός@andmp- ὅς@rpgnp ὁ@dnns μέν@b κατά@p ἕκαστος@anans- ὁ@dgfs πρᾶξις@ngfsc ἐν@p ὁ@ddms δαΐφατος@ngmsp βίος@ndmsc γράφω@vire3s ὁ@dnns δέ@cs ὁ@dgfp γυνή@ngfpc τοιοῦτος@rpnns εἰμί@vipa3s ἄσπονδος@annms- εἰμί@viia3s θεσσαλός@ndmpp πρός@p φωκεύς@nampp πόλεμος@nnmsc ὁ@dnmp μέν@b γάρ@b ἄρχων@nampc αὐτός@rpgmp καί@cs τύραννος@nampc ἐν@p ὁ@ddfp φωκικός@andfp- πόλις@ndfpc ἡμέρα@ndfsc εἷς@andfs- πᾶς@anamp- ἀποκτείνω@viaa3p ὁ@dnmp δέ@b πεντήκοντα@an---- καί@cs διακόσιοι@anamp- ἐκεῖνος@rpgmp ὅμηρος@nampc καταλέω@viaa3p εἶτα@cs πανστρατιά@ndfsc διά@p λοκροί@ngmpp ἐμβάλλω@viaa3p δόγμα@nansc τίθημι@vpamnmp μηδείς@rpgns φείδομαι@vnpe-- ὁ@dgmp ἐν@p ἡλικία@ndfsc παῖς@nampc δέ@cs καί@cs γυνή@nafpc ἀνδραποδίζω@vnam-- δαίφαντος@nnmsp οὖν@b ὁ@dnms βαθύλλιος@ngmsp τρίτος@annms- αὐτός@annms- ἄρχων@nnmsc πείθω@viaa3s ὁ@damp φωκεύς@nampp μέν@b αὐτός@anamp- ἀπαντάω@vpaaamp ὁ@ddmp θεσσαλός@ndmpp μάχομαι@vnpe-- ὁ@dafp δέ@cs γυνή@nafpc ἅμα@p ὁ@ddnp τέκνον@ndnpc εἰς@p εἷς@anams- πού@b τόπος@namsc συνάγω@vpaaamp ἐκ@p ἅπας@angfs- ὁ@dgfs φωκίς@ngfsp ὕλη@nafsc τε@b περινέω@vnaa-- ξύλον@ngnpc καί@cs φυλακή@nafpc καταλιμπάνω@vnaa-- πρόσταγμα@nansc δίδωμι@vpaaamp ἄν@cs αἰσθάνομαι@vspe3p νικάω@vppeamp αὐτός@rpamp κατά@p τάχος@nansc ὁ@dafs ὕλη@nafsc ἀνάπτω@vnaa-- καί@cs καταπίμπρημι@vnaa-- ὁ@danp σῶμα@nanpc ψηφίζω@vpamgmp δέ@b οὗτος@rpanp ὁ@dgmp ἄλλος@rpgmp εἷς@ ἐξανίστημι@vpaanms φημί@viia3s δίκαιος@anans- εἰμί@vnpa-- οὗτος@rpanp συνδοκέω@vnpa-- καί@b ὁ@ddfp γυνή@ndfpc εἰ@cs δέ@b μή@b χαίρω@vnpa-- ἐάω@vnpa-- καί@cs μή@b προσβιάζομαι@vnpe-- οὗτος@angms- ὁ@dgms λόγος@ngmsc διέρχομαι@vpaagms εἰς@p ὁ@dafp γυνή@nafpc αὐτός@rpnfp κατά@p ἑαυτοῦ@rpafp συνέρχομαι@vpaanfp ὁ@dans αὐτός@rpanp ψηφίζω@viam3p καί@cs ὁ@dams δαίφαντος@namsp ἀνέδην@viaa3p ὡς@cs ὁ@danp ἄριστος@ananp- ὁ@ddfs φωκίς@ndfsp βουλεύω@vpreans ὁ@danp δέ@cs αὐτός@rpanp καί@b ὁ@damp παῖς@nampc ἴδιος@andfs- φημί@vipa3p ἐκκλησιάζω@vpaaamp ἐπιψηφίζω@vnam-- πράσσω@vpapgnp δέ@b οὗτος@rpgnp συμβάλλω@vpaanmp ὁ@dnmp φωκεύς@nnmpp περί@p κλεωναί@nafpp ὁ@dgfs ὑαμπόλις@ngfsp νικάω@viia3p ὁ@dans μέν@b οὖν@b ψήφισμα@nansc φωκεύς@ngmpp ἀπόνοια@nafsp ὁ@dnmp ἕλλην@nnmpp ὀνομάζω@viaa3p ἑορτή@nafsc δέ@cs ἐκ@p πᾶς@angfp- μέγας@anafss ὁ@danp ἐλαφηβόλιον@nanpp μέχρι@p νῦν@b ὁ@ddfs ἄρτεμις@ndfsp ὁ@dgfs νίκη@ngfsc ἐκεῖνος@angfs- ἐν@p ὑαμπόλις@ndfsp τελέω@vipa3p"
"Mul.virt._3","χῖος@annmp- χῖος@nnmpp λευκωνία@nafsp ἐνοικίζω@viaa3p ἐκ@p τοιοῦτος@angfs- αἰτία@ngfsc γαμέω@viia3s τις@rpnms ἐν@p χίος@ndfsp ὁ@dgmp δοκέω@vppagmp γνώριμος@angmp- εἰμί@vnpa-- ἄγω@vppegfs δέ@cs ὁ@dgfs νύμφη@ngfsc ἐπί@p ζεῦγος@ngnsc ὁ@dnms βασιλεύς@nnmsc ἵπποκλος@nnmsp ἐπιτήδειος@annms- εἰμί@vppanms ὁ@ddms γαμέω@vppadms καί@cs πάρειμι@vppanms ὥσπερ@cs ὁ@dnmp λοιπός@annmp- μέθη@ngfsc εἰμί@vppagfs καί@cs γέλως@ngmsc ἀναπηδάω@viaa3s ἐπί@p ὁ@dans ζεῦγος@nansc οὐδείς@rpans ὑβριστικός@anans- πράσσω@vpfanms ἀλλά@cs ἔθος@ndnsc κοινός@andns- καί@cs παιδιή@ndfsc χράομαι@vppenms ὁ@dnmp δέ@b φίλος@nnmpc ὁ@dgms γαμέω@vppagms ἀποκτείνω@viaa3p αὐτός@rpams μήνιμα@ngnpc δέ@b ὁ@ddmp χῖος@ndmpp προφαίνω@vppegnp καί@cs ὁ@dgms θεός@ngmsc κελεύω@vpaagms ὁ@damp ἵππικλος@namsp ἀναιρέω@vpaaamp ἀναιρέω@vnaa-- ἅπας@annmp- φημί@viaa3p ἵππικλος@namsp ἀναιρέω@vnra-- πᾶς@anamp- οὖν@b αὖθις@b ὁ@dnms θεός@nnmsc κελεύω@viaa3s ὁ@dafs πόλις@nafsc ἐκλείπω@vnaa-- εἰ@cs πᾶς@andmp- ὁ@dgms ἄγος@nnnsc μέτειμι@vipa3s οὕτως@b δή@b ὁ@damp αἴτιος@anamp- καί@b μετέχω@vpaaamp ὁ@dgms φόνος@ngmsc καί@cs συνεπαινέω@vpaaamp ἀμῶς@b οὐ@b ὀλίγος@anamp- γίγνομαι@vpamamp οὐ@b δέ@cs ἀδύνατος@anamp- εἰμί@vppaamp ἀποικίζω@viaa3p εἰς@p λευκωνία@nafsp ὅς@rpafs κορωνεύς@nnmpp ἀφαιρέω@vpamnmp πρότερος@anans- κτάομαι@viam3p μετά@p ἐρυθραῖος@ngmpp ὕστερος@anans- δέ@b πόλεμος@ngmsc πρός@p ὁ@damp ἐρυθραῖος@nampp αὐτός@rpdmp γίγνομαι@vpamgms μέγας@anamss ἴωνες@ngmpp δύναμαι@vppeamp τότε@b καί@cs ἐκεῖνος@rpgmp ἐπί@p ὁ@dafs λευκωνία@nafsp στρατεύω@vpaagmp ἀντέχω@vnpa-- μή@b δύναμαι@vppenmp συγχωρέω@viaa3p ἐξέρχομαι@vnaa-- ὑπόσπονδος@annmp- χλαῖνα@nafsc εἷς@anafs- ἕκαστος@angms- καί@cs ἱμάτιον@nansc ἄλλος@anans- δέ@b μηδείς@rpans ἔχω@vppagms ὁ@dnfp δέ@b γυνή@nnfpc προπηλακίζω@viia3p αὐτός@rpamp εἰ@cs προίημι@vpamnmp ὁ@danp ὅπλον@nanpc γυμνός@annmp- διά@p ὁ@dgmp πολέμιος@ngmpc ἔξειμι2@vipa3p ὄμνυμι@vnra-- δέ@b φάσκω@vppagmp κελεύω@viia3p αὐτός@rpamp ὁ@danp μέν@b ὅπλον@nanpc μή@b καταλιμπάνω@vnaa-- λέγω3@vnpa-- δέ@cs πρός@p ὁ@damp πολέμιος@anamp- ὅτι@cs χλαῖνα@nnfsc μέν@b εἰμί@vipa3s ὁ@dnns ξυστόν@nnnsc χιτών@nnmsc δέ@cs ὁ@dnfs ἀσπίς@nnfsc ἀνήρ@ndmsc θυμός@namsc ἔχω@vppadms πείθω@vpapgnp δέ@b οὗτος@rpanp ὁ@dgmp χίων@ngmpp καί@cs πρός@p ὁ@damp ἐρυθραῖος@nampp παρρησιάζομαι@vppegmp καί@cs ὁ@danp ὅπλον@nanpc δείκνυμι@vppagmp φοβέω@viap3p ὁ@dnmp ἐρυθραῖος@nnmpp ὁ@dafs τόλμα@nafsc αὐτός@rpgmp καί@cs οὐδείς@rpnms προσέρχομαι@viaa3s οὐ@b δέ@cs κωλύω@viaa3s ἀλλά@cs ἀγαπάω@viap3p ἀπαλλάσσω@vpapgmp οὗτος@rpnmp μέν@b οὖν@b θαρσέω@vnpa-- διδάσκω@vpapnmp ὑπό@p ὁ@dgfp γυνή@ngfpc οὕτως@b σώζω@viap3p οὗτος@rpgns δέ@b οὐδείς@anans- τις@annns- λείπω@vppenns ἔργον@nnnsc ἀρετή@ndfsc καί@b χρόνος@ndmpc ὕστερος@anans- πολύς@andmp- πράσσω@viap3s ὁ@ddfp χίων@ngmpp γυνή@ndfpc ὁπηνίκα@b φίλιππος@nnmsp ὁ@dnms δημήτριος@ngmsp πολιορκέω@vppanms ὁ@dafs πόλις@nafsc κηρύσσω@viaa3s κήρυγμα@nansc βάρβαρος@anans- καί@cs ὑπερήφανος@anans- ἀφεστήξω@vnpe-- ὁ@damp οἰκέτης@nampc πρός@p ἑαυτοῦ@rpams ἐπί@p ἐλευθερία@nnfpc καί@cs γάμος@ndmsc ὁ@dgfs κτάομαι@vpregfs ὡς@b συνοικία@vppanms αὐτός@rpamp ὁ@ddfp ὁ@dgmp δεσπότης@ngmpc γυνή@ndfpc δεινός@anans- δέ@b ὁ@dnfp γυνή@nnfpc καί@cs ἄγριος@anams- θυμός@namsc λαμβάνω@vpaanfp μετά@p ὁ@dgmp οἰκέτης@ngmpc καί@b αὐτός@rpgmp συναγανακτέω@vppagmp καί@cs συμπάρειμι1@vppagmp ὁρμάω@viaa3p ἀναβαίνω@vnpa-- ἐπί@p ὁ@danp τεῖχος@nanpc καί@b λίθος@nampc καί@cs βέλος@nanpc προσφέρω@vppanfp καί@b παρακελεύομαι@vppenfp καί@cs προσλιπαρέω@vppanfp ὁ@ddmp μάχομαι@vppednp τέλος@nansc δέ@cs ἀμύνω@vppenfp καί@cs βάλλω@vppanfp ὁ@damp πολέμιος@nampc ἀπωθέω@viam3p ὁ@dams φίλιππος@namsp οὐδείς@angms- δοῦλος@ngmsc ὁ@dans παράπαν@b ἀφίστημι@vpaagms πρός@p αὐτός@rpams"
"Mul.virt._4","ἀργεῖος@annfp- οὐδείς@rpgns δέ@b ἥσσων@anansc ἔνδοξος@annns- εἰμί@vipa3s ὁ@dgnp κοινῇ@b διαπράσσω@vpregnp γυνή@ndfpc ἔργον@ngnpc ὁ@dnms πρός@p κλεομένης@namsp περί@p ἄργος@ngnsp ἀγών@nnmsc ὅς@rpams ἀγωνίζομαι@viam3p τελεσίλλα@ngfsp ὁ@dgfs ποιήτρια@ngfsc προσρέπω@vpamgfs οὗτος@rpafs δέ@b φημί@vipa3p οἰκία@ngfsc εἰμί@vppaafs ἔνδοξος@vmpe2s ὁ@ddns δέ@b σῶμα@ndnsc νοσηματικός@anafs- εἰς@p θεός@ngmsc πέμπω@vnaa-- περί@p ὑγίεια@ngfsc καί@b χράω2@vpapans αὐτός@rpdfs μοῦσα@nafpp θεραπεύω@vnpa-- πείθω@vppeafs ὁ@ddms θεός@ndmsc καί@cs ἐπιτίθημι@vpamafs ἐν@p ἀοιδή@vsra3s καί@cs ἁρμονία@ndfsc ὁ@dgns τε@b πάθος@ngnsc ἀπαλλάσσω@vnap-- ταχύς@anans- καί@cs θαυμάζω@vnpe-- διά@p ποιητικός@anafs- ὑπό@p ὁ@dgfp γυνή@ngfpc ἐπεί@cs δέ@b κλεομένης@nnmsp ὁ@dnms βασιλεύς@nnmsc ὁ@dgmp σπαρτιάτης@ngmpp πολύς@anamp- ἀποκτείνω@vpaanms οὐ@b μήν@b ὡς@cs ἔνιοι@annmp- μυθολογέω@vipa3p ἑπτὰ@an---- καί@b ἑβδομήκοντα@an---- καί@cs ἑπτακόσιοι@anamp- πρός@p ἑπτακισχίλιοι@andmp- βαδίζω@viia3s πρός@p ὁ@dafs πόλις@nafsc ὁρμή@nnfsc καί@cs τόλμα@nnfsc δαιμόνιος@annfs- παρίστημι@viaa3s ὁ@ddfp ἀκμάζω@vppadfp ὁ@dgfp γυνή@ngfpc ἀμύνω@vnpe-- ὁ@damp πολέμιος@nampc ὑπέρ@p ὁ@dgfs πατρίς@ngfsc ἡγέομαι@vppegfs δέ@b ὁ@dgfs τελεσίλλα@ngfsp ὅπλον@nanpc λαμβάνω@vipa3p καί@cs παρά@p ἔπαλξις@ndfpc ἵστημι@vppenfp κύκλος@ndmsc ὁ@danp τεῖχος@nanpc περιστείχω@viaa3p ὥστε@cs θαυμάζω@vnpa-- ὁ@damp πολέμιος@nampc ὁ@dams μέν@b οὖν@b κλεομένης@namsp πολύς@angmp- πίπτω@vpaagmp ἀποκρούω@viam3p ὁ@dams δέ@b ἕτερος@anams- βασιλεύς@namsc δημάρατος@namsp ὡς@cs σωκράτης@nnmsp φημί@vipa3s ἐντός@b γίγνομαι@vpamams καί@cs κατέχω@vpaaams ὁ@dans παμφυλιακός@anans- ἐξωθέω@viaa3p οὕτως@b δέ@cs ὁ@dgfs πόλις@ngfsc περιγίγνομαι@vpamgfs ὁ@dafp μέν@b πίπτω@vpaagfs ἐν@p ὁ@ddfs μάχη@ndfsc ὁ@dgfp γυνή@ngfpc ἐπί@p ὁ@dgfs ὁδός@ngfsc ὁ@dgfs ἀργεῖος@ngfsp θάπτω@viaa3p ὁ@ddfp δέ@cs σώζω@vppadfp ὑπόμνημα@nansc ὁ@dgfs ἀριστεία@ngfsc δίδωμι@viaa3p ἱδρύω@vnam-- ὁ@dams ἐνυάλιος@namsp ὁ@dafs δέ@b μάχη@nafsc ὁ@dnmp μέν@b ἕβδομος@andfs- λέγω3@vipa3p ἵστημι@vppegms μήν@ngmsc ὁ@dnmp δέ@cs νουμηνία@ndfsc γίγνομαι@vnam-- ὁ@dgms νῦν@b μέν@b τέταρτος@angms- πάλαι@b δέ@cs ἑρμαῖος@ngmsp παρά@p ἀργεῖος@andmp- κατά@p ὅς@rpgmp μέχρι@p νῦν@b ὁ@dnnp ὑβριστικός@annnp- τελέω@vipa3p γυνή@nafpc μέν@b ἀνδρεῖος@andmp- χιτών@ndmpc καί@cs χλαμύς@ndfpc ἀνήρ@nampc δέ@cs πέπλος@ndmpc γυνή@ngfpc καί@cs καλύπτρα@ndfpc ἀμφιέννυμι@vppanmp ἐπανορθόω@vppenmp δέ@b ὁ@dafs ὀλιγανδρία@nafsc οὐ@b ὡς@cs ἡρόδοτος@nnmsp ἱστορέω@vipa3s ὁ@ddmp δοῦλος@ndmpc ἀλλά@cs ὁ@dgmp περίοικος@angmp- ποιέω@vpamnmp πολίτης@nampc ὁ@damp ἄριστος@anamps συνοικίζω@viaa3p ὁ@dafp γυνή@nafpc δοκέω@viia3p δέ@b καί@b οὗτος@rpamp ἀτιμάζω@vnpa-- καί@cs περιοράω@vnpa-- ἐν@p ὁ@ddns συγκαθεύδω@vnpa-- ὡς@cs χείρων@anampc ὅθεν@b τίθημι@viam3p νόμος@namsc ὁ@dams κελεύω@vppaams πώγων@nafsc δεῖ@vnpa-- ἔχω@vppaafp συναναπαύω@vnpe-- ὁ@ddmp ἀνήρ@ndmpc ὁ@dafp γαμέω@vpreafp"
"Mul.virt._5","περσίς@nnfpp πέρσης@nampp ἀστυάγης@ngmsp βασιλεύς@ngmsc καί@cs μῆδος@nnmsp ἀφίστημι@vpaanms κῦρος@nnmsp ἡσσάομαι@viap3s μάχη@ndfsc φεύγω@vppadmp δέ@cs ὁ@ddmp πέρσης@ndmpp εἰς@p ὁ@dafs πόλις@nafsc ὀλίγος@anans- ἀπέχω@vppagmp συνεισπίπτω@vnaa-- ὁ@dgmp πολέμιος@ngmpc ἀπαντάω@viaa3p ὁ@dnfp γυνή@nnfpc πρό@p ὁ@dgfs πόλις@ngfsc καί@cs ὁ@damp πέπλος@nampc ἐκ@p ὁ@dgnp κάτω@b μέρος@ngnpc ἐπαίρω@vpaanfp ποῖ@b φέρω@vipe2p εἶπον@viaa3p ὦ@i κακός@anvmps πᾶς@angmp- ἄνθρωπος@ngmpc οὐ@b γάρ@b ἐνταῦθα@b γε@b δύναμαι@vipe2p καταδύω@vnaa-- φεύγω@vppanmp ὅθεν@b ἐκγίγνομαι@viam2p οὗτος@anafs- ὁ@dafs ὄψις@nafsc ἅμα@b καί@cs ὁ@dafs φωνή@nafsc αἰδέομαι@vpapnmp ὁ@dnmp πέρσης@nnmpp καί@cs κακίζω@vpaanmp ἑαυτοῦ@rpamp ἀναστρέφω@viaa3p τε@b καί@cs συμβάλλω@vpaanmp ἐκ@p ἀρχή@ngfsc τρέπω@viam3p ὁ@damp πολέμιος@nampc ἐκ@p οὗτος@rpgns καθίστημι@viaa3s νόμος@nnmsc εἰσελαύνω@vpaagms βασιλεύς@ngmsc εἰς@p ὁ@dafs πόλις@nafsc ἕκαστος@anafs- γυνή@nafsc χρύσεος@anafs- λαμβάνω@vnpa-- κῦρος@ngmsp νομοθετέω@vpaagms ὦχος@namsp δέ@b φημί@vipa3p ὁ@danp τε@b ἄλλος@rpanp μοχθηρός@anams- καί@cs φιλοκερδής@anamss βασιλεύς@ngmpc εἰμί@vppaams περικάμπτω@vnaa-- ὁ@dafs πόλις@nafsc ἀεί@b καί@cs μή@b παρέρχομαι@vnaa-- ἀλλά@cs ἀποστερέω@vnaa-- ὁ@dgfs δωρεά@ngfsc ὁ@dafp γυνή@nafpc ἀλέξανδρος@nnmsp δέ@b καί@b δίς@b εἰσέρχομαι@viaa3s καί@cs ὁ@ddfp κυέω@vppadfp διπλόος@anans- δίδωμι@viaa3s"
"Mul.virt._6","κελτοί@nnmpp κελτοί@ndmpp πρίν@cs ὑπερβάλλω@vnaa-- ἄλπεις@nafpp καί@cs κατοικέω@vnaa-- ὁ@dgfs ἰταλία@ngfsp ὅς@anafs- νῦν@b νέμω@vipe3p χώρα@nafsc στάσις@nnfsc ἐμπίτνω@vpaanfs δεινός@annfs- καί@cs δυσκατάπαυστος@annfs- εἰς@p πόλεμος@namsc ἐμφύλιος@anams- προέρχομαι@viaa3s ὁ@dnfp δέ@b γυνή@nnfpc ἐν@p μέσος@andns- ὁ@dgnp ὅπλον@ngnpc γίγνομαι@vpamnfp καί@cs παραλαμβάνω@vpaanfp ὁ@danp νεῖκος@nanpc διαίτημαι@viaa3p οὕτως@b ἄμεμπτος@b καί@cs διακρίνω@viaa3p ὥστε@cs φιλία@nafsc πᾶς@andmp- θαυμαστός@anafs- καί@b κατά@p πόλις@nafpc καί@cs κατά@p οἶκος@nampc γίγνομαι@vnam-- πρός@p πᾶς@anamp- ἐκ@p οὗτος@rpgns διατελέω@viia3p περί@p τε@b πόλεμος@ngmsc καί@cs εἰρήνη@ngfsc βουλεύω@vppenmp μετά@p ὁ@dgfp γυνή@ngfsc καί@cs ὁ@danp πρός@p ὁ@damp σύμμαχος@nampc ἀμφίβολος@ananp- διά@p ἐκεῖνος@rpgmp βραβεύω@vppanmp ἐν@p γοῦν@b ὁ@ddfp πρός@p ἀννίβας@namsp συνθήκη@ndfpc γράφω@viam3p κελτοί@ngmpp μέν@b ἐγκαλέω@vppagmp καρχηδόνιος@ndmpp ὁ@damp ἐν@p ἰβηρίη@ndfsp καρχηδόνιος@ngmpp ἵππαρχος@nampc καί@cs στρατηγός@nampc εἰμί@vnpa-- δικαστής@nampc ἄν@cs δέ@b καρχηδόνιος@nnmpp κελτοί@ndmpp ἐγκαλέω@vsaa3p ὁ@dafp κελτοί@ngmpp γυνή@nafpc"
"Mul.virt._7","μήλιος@annfp- μήλιος@annfp- γῆ@ngfsc χρῄζω@vppanmp ἀμφιλαφής@angfs- νυμφαῖος@namsp ἡγεμών@namsc ὁ@dgfs ἀποικία@ngfsc ποιέω@viam3p νέος@anams- ἀνήρ@namsc καί@b κάλλος@ndnsc διαφέρω@vppaams ὁ@dgms δέ@b θεός@ngmsc πλέω@vnpa-- κελεύω@vpaagms αὐτός@rpamp ὅπου@b δέ@cs ἄν@b ἀποβάλλω@vsaa3p ὁ@damp κομιστήρ@nampc ἐκεῖ@b κατοικέω@vnpa-- συμπίτνω@viaa3s ὁ@ddfs καρία@ndfsp προσβάλλω@vpaadmp αὐτός@rpdmp καί@cs ἀποβαίνω@vpaadmp ὁ@dafp ναῦς@nafpc ὑπό@p χειμών@ngmsc διαφθείρω@vnap-- ὁ@dgmp δέ@b κάρ@ngmpp ὁ@dnmp κρύασσε@namsp οἰκέω@vppanmp εἰ@cs τε@b ὁ@dafs ἀπορία@nafsc οἰκτίρω@vpaanmp εἰ@cs τε@cs δείδω@vpaanmp αὐτός@rpgmp ὁ@dafs τόλμα@nafsc κελεύω@viia3p οἰκέω@vnpa-- παρά@p αὐτός@rpdmp καί@cs ὁ@dgfs χώρα@ngfsc μεταδίδωμι@viaa3p εἶτα@b πολύς@anafs- ἐν@p ὀλίγος@andms- χρόνος@ndmsc λαμβάνω@vppaamp αὔξησις@nafsc ὁράω@vppanmp ἐπιβουλεύω@viia3p ἀναιρέω@vnaa-- εὐωχία@nafsc τις@anafs- καί@cs θοίνη@anafs- παρασκευάζω@vpaanmp τυγχάνω@viaa3s δέ@b καρίνη@nnfsp παρθένος@nnfsc ἐράω1@vppanfs ὁ@dgms νυμφαῖος@ngmsp καί@cs λανθάνω@vppanfs ὁ@damp ἄλλος@rpamp καλέω@viie3s δέ@b καφήνη@nnfsp πράσσω@vppegnp δέ@b οὗτος@rpgnp οὐ@b δύναμαι@vppenfs ὁ@dams νυμφαῖος@namsp περιοράω@vnpa-- ἀπόλλυμι@vppeams ἐξαγγέλλω@viaa3s ὁ@dafs διάνοια@nafsc αὐτός@rpdms ὁ@dgmp πολίτης@ngmpc ὡς@cs οὖν@b ἥκω@viia3p ὁ@dnmp κρυασσής@nnmpp καλέω@vppanmp αὐτός@rpamp οὐ@b φημί@viia3s νόμος@namsc ὁ@dnms νυμφαῖος@nnmsp ἕλλην@ndmpp εἰμί@vnpa-- βαδίζω@vnpa-- ἐπί@p δεῖπνον@nansc ἄνευ@p γυνή@ngfpc ἀκούω@vpaanmp δέ@cs ὁ@dnmp κάρ@nnmpp κελεύω@viia3p ἄγω@vnpa-- καί@b ὁ@dafp γυνή@nafpc οὕτως@b δή@b φράζω@vpaanms ὁ@danp πράσσω@vpreanp μήλιος@ndmpp κελεύω@viaa3s αὐτός@rpamp μέν@b ἄνοπλος@anamp- ἐν@p ἱμάτιον@ndnpc βαδίζω@vnpa-- ὁ@dgfp δέ@cs γυνή@ngfpc ἕκαστος@anafs- ξίφος@nansc ἐν@p ὁ@ddms κόλπος@ndmsc κομίζω@vnpa-- καί@cs κατάἕζομαι@vnpe-- παρά@p ὁ@dams ἑαυτοῦ@rpgms ἐπεί@cs δέ@b ὁ@dgms δεῖπνον@ngmsc μεσόω@vppagns δίδωμι@viap3s ὁ@dnns σύνθημα@nnnsc ὁ@ddmp κάρ@ndmpp καί@cs σύνοιδα@viam3p ὁ@dams καιρός@namsc ὁ@dnmp ἕλλην@nnmpp ὁ@dnfp μέν@b γυνή@nnfpc ἅμα@b πᾶς@annfp- ὁ@damp κόλπος@nampc διέχω@viaa3p ὁ@dnmp δέ@cs ὁ@danp ξίφος@nanpc λαμβάνω@vpaanmp ἐπιτίθημι@viam3p ὁ@ddmp βάρβαρος@ndmpc καί@cs διαφθείρω@viaa3p αὐτός@rpamp ἅμα@b πᾶς@anamp- κτάομαι@vpamnmp δέ@b ὁ@dafs χώρα@nafsc καί@cs ὁ@dafs πόλις@nafsc ἐκεῖνος@anafs- καταβάλλω@vpaanmp οἰκίζω@viaa3p ἕτερος@anafs- ὅς@rpafs νέος@nafsp κρύασσε@nafsp ὀνομάζω@viaa3p ὁ@dnfs δέ@b καφήνη@nnfsp ὁ@ddms νυμφαῖος@andms- γαμέω@vpapnfs τιμή@nafsc καί@cs χάρις@nafsc ἔχω@viaa3s ὁ@ddfp εὐεργεσία@ndfpc πρέπω@vppaafs ἄξιος@annns- οὖν@b ἄγαμαι@vnpe-- ὁ@dgfp γυνή@ngfpc καί@cs ὁ@dafs σιωπή@nafsc καί@cs ὁ@dans θάρσος@nansc καί@cs ὁ@dans μηδείς@rpafs ἐν@p πολύς@andfp- μη@b δέ@cs ἀκούω@anafs- ὑπό@p δειλία@ngfsc κακός@anafs- γίγνομαι@vnam--"
"Mul.virt._8","τυρρηνίς@nnfpp τυρρηνός@ngmpp τοίνυν@b ὁ@dgmp λῆμνος@nafsp καί@cs ἴμβρος@namsp κατέχω@vpaagmp ἁρπάζω@vpaagmp δέ@cs βραυρωνόθεν@b ὁ@dafp ἀθήναιος@ngmpp γυνή@nafpc γίγνομαι@viam3p παῖς@nn-pc ὅς@rpamp ἐξελαύνω@viaa3p ἀθηναῖος@nnmpp μιξοβάρης@nampc εἰμί@vppaamp ἐκ@p ὁ@dgfp νῆσος@ngfpc ὁ@dnmp δέ@b εἰς@p ταίναρος@namsp καταίρω@vpaanmp γίγνομαι@viam3p χρήσιμος@annmp- σπαρτιάτης@ndmpp περί@p ὁ@dams εἱλωτικός@anams- πόλεμος@namsc καί@cs διά@p οὗτος@rpans πολιτεία@ngfsc καί@cs γάμος@ngmpc τυγχάνω@vpaanmp οὐ@b ἀξιόω@vppenmp δέ@cs ἀρχεῖον@ngmpc καί@cs βουλή@ngfsc ὑπόνοια@nafsc ἔχω@viaa3p ὡς@b ἐπί@p νεωτερισμός@ndmsc συνέρχομαι@vppenmp καί@cs διανοέομαι@vppenmp ὁ@danp καθεστῶτα@vpraanp κινέω@vnpa-- συλλαμβάνω@vpaanmp οὖν@b αὐτός@rpamp ὁ@dnmp λακεδαιμόνιος@nnmpp ὁ@rpnmp καί@b κατείργω@vpaanmp φυλάσσω@viia3p ἰσχυρός@b ζητέω@vppanmp αἱρέω@vnaa-- σαφής@andmp- καί@cs βέβαιος@andmp- ἔλεγχος2@ndmpc ὁ@dnfp δέ@b ὁ@dgmp κατακλείω@vpregmp γυνή@nnfpc ἐπί@p ὁ@dafs εἱρκτή@nafsc παραγίγνομαι@vpamnfp πολύς@andfp- ἱκεσία@andfp- ς@ndfpc καί@b δέω2@ndfpc παρίημι@viap3p ὑπό@p ὁ@dgmp φυλακός@ngmpc ὅσος@anans- ἀσπάζομαι@vnae-- καί@cs προσλέγω@vnaa-- ὁ@damp ἀνήρ@nampc ἐπεί@cs δέ@b εἰσέρχομαι@viaa3p κελεύω@viia3p αὐτός@rpamp μεταμφιέννυμι@vnpe-- ταχύς@anans- ὁ@danp ἱμάτιον@nanpc καί@cs ὁ@danp μέν@b ἑαυτοῦ@rpgmp ἐκεῖνος@rpdfp ἀπολιμπάνω@vnaa-- ὁ@danp δέ@cs ἐκεῖνος@rpgmp ἐνδύω@vpaaamp αὐτός@rpamp ἀπέρχομαι@vnpa-- περικαλύπτω@vpamamp γίγνομαι@vpamgnp δέ@b οὗτος@rpgnp ὁ@dnfp μέν@b ὑπομένω@viaa3p αὐτός@rpgms παρατάσσω@vpamnfp πρός@p πᾶς@ananp- ὁ@danp δεινός@ananp- ὁ@damp δέ@cs ἀνήρ@nampc ἐξαπατάω@vpapnmp ὁ@dnmp φύλαξ@nnmpc παρίημι@viaa3p ὡς@b δή@b γυνή@nafpc ἐκ@p δή@b οὗτος@rpgns καταλαμβάνω@vpamgmp αὐτός@rpgmp ὁ@danp ταῧγετος@nanpp καί@cs ὁ@dans εἱλωτικός@anans- ἀφιστάω@vpaagmp καί@cs προσδέχομαι@vppegmp ὁ@dnmp σπαρτιάτης@nnmpp εἰς@p πολύς@anams- φόβος@namsc καθίστημι@vpaanmp ἐπικηρυκεύομαι@viam3p καί@cs διαλλάσσω@viaa3p ἐπί@p ὁ@ddns κομίζω@vnam-- μέν@b αὐτός@rpamp ὁ@dafp γυνή@nafpc χρῆμα@nanpc δέ@cs καί@cs ναῦς@nafpc λαμβάνω@vpaaamp ἐκπλέω@vnaa-- καί@cs γῆ@ngfsc τυγχάνω@vpaaamp ἄλλοθι@vnaa-- καί@cs πόλις@ngfsc ἄποικος@anamp- λακεδαιμόνιος@ngmpp καί@cs συγγενής@anamp- νομίζω@vnpe-- οὗτος@rpanp πράσσω@viia3p ὁ@dnmp πελασγός@nnmpp πόλλις@namsp ἡγεμών@namsc καί@b δελφός@namsp καί@cs κραταίδας@namsp λακεδαιμόνιος@anamp- λαμβάνω@vpaanmp καί@b μέρος@nansc μέν@b αὐτός@rpgnp ἐν@p μῆλον@ndfsp κατοικέω@viaa3p ὁ@damp δέ@cs πλεῖστος@anamp- ὁ@dnmp περί@p πόλλις@nafsp ἔχω@vppanmp εἰς@p κρήτη@nafsp πλέω@viaa3p ἀποπειράομαι@vppenmp ὁ@dgnp λόγιον@ngnpc χράω2@viap3s γάρ@b αὐτός@rpdmp ὅταν@cs ὁ@dafs θεός@nafsc καί@cs ὁ@dafs ἄγκυρα@nafsc ἀπόλλυμι@vsaa3p παύω@vnam-- πλάνη@nafpc καί@cs πόλις@nafsc ἐκεῖ@b συνοικίζω@vnpa-- ὁρμίζω@vpapdmp οὖν@b πρός@p ὁ@ddfs λέγω3@vppedfs χερσόνησος@ndfsp θόρυβος@nnmpc πολιτικός@annmp- προσπίτνω@viaa3p νύκτωρ@b ὑπό@p ὅς@rpgmp διαπτοέω@vpapnmp ἐμπήγνυμι@viaa3p εἰς@p ὁ@dafp ναῦς@nafpc ἄκοσμος@b ἀπολιμπάνω@vpaanmp ἐν@p ὁ@ddfs γῆ@ndfsc ξόανον@namsc ὁ@dgfs ἄρτεμις@ngfsp ὅς@rpnns πατρῷος@annns- εἰμί@viia3s αὐτός@rpdmp εἰς@p λῆμνος@nafsp ἐκ@p βριάρεως@ngmsp κομίζω@vpapans ἐκ@p δέ@cs λῆμνος@ngfsp πανταχοῦ@b συμπεριάγω@vppeams ἐπεί@cs δέ@b ὁ@dgms θόρυβος@ngmsc λήγω@vpaagms ποθέω@viaa3p αὐτός@rpans κατά@p πλόος@namsc ἅμα@b δέ@cs ὁ@dnms πόλλις@nnmsp καταμανθάνω@viaa3s ὁ@ddfs ἀγκύλη@ndfsc ὁ@dams ὄνυξ@namsc μή@b πρόσειμι@vppaams βία@ndfsc γάρ@b ἕλκω@vppegfs ὡς@cs ἔοικα@vira3s ἐν@p τόπος@ndmpc ὑπόπυρος@andmp- ἀποσπάω@vpapnms λανθάνω@viaa3s περαίνω@vnpe-- ὁ@danp πυθόχρηστος@ananp- φημί@vpaanms σημαίνω@viia3s ἀναστρέφω@vnpa-- καί@b κατέχω@viaa3s ὁ@dafs χώρα@nafsc καί@cs μάχη@ndfpc πολύς@andfp- ὁ@dgmp ἀντιτάσσω@vpamgmp ἐπικρατέω@vpaanms λύκτος@namsp οἰκέω@viaa3s καί@cs πόλις@nafpc ἄλλος@anafp- ὑποχείριος@anafp- λαμβάνω@viaa3s διό@b καί@b νομίζω@vipa3p ἑαυτοῦ@rpamp ἀθήναιος@ndmpp τε@b διά@p ὁ@dafp μήτηρ@nafpc κατά@p γένος@nansc προσήκω@vnpa-- καί@cs σπαρτιάτης@ngmpp ἄποικος@anamp- εἰμί@vnpa--"
"Mul.virt._9","λύδιος@ndmsp ὁ@dnns δέ@b ἐν@p λυκία@ndfsp γίγνομαι@vnam-- λέγω3@vppenns μυθώδης@annns- μέν@b εἰμί@vipa3s ἔχω@vipa3s δέ@cs τις@anafs- φήμη@nafsc ὁμοῦ@b μαρτυρέω@vppaafs ἀμισώδαρος@nnmsp γάρ@b ὡς@cs φημί@vipa3p ὅς@rpams ἰσάρα@namsp λύκιος@nnmpp καλέω@vipa3p ἥκω@viia3s ἐκ@p ὁ@dgfs περί@p ζέλη@nafsp ἀποικία@ngfsc λύκιος@nnmsp λῃστρίς@nafpc ἄγω@vppanms ναῦς@nafpc ὅς@rpgfp χίμαρρος@nnmsp ἡγέομαι@viim3s πολεμιστής@nnmsc μέν@b ἀνήρ@nnmsc ὠμός@annms- δέ@cs καί@cs θηριώδης@annms- πλέω@viia3s δέ@b πλοῖον@ndnsc λέων@namsc μέν@b ἔχω@vppadms πρῷραθεν@b ἐπίσημον@namsc ἐκ@p δέ@cs πρύμνα@ngfsc δράκων@namsc καί@b πολύς@ananp- κακός@ananp- ὁ@damp λύκιος@nampp ποιέω@viia3s καί@cs πλέω@vppanfp ὁ@dafs θάλασσα@nafsc οὐ@b εἰμί@viia3s οὐ@b δέ@cs ὁ@dafp ἐγγύς@b θάλασσα@ngfsc πόλις@nafpc οἰκέω@vnpa-- οὗτος@rpams οὖν@b ἀποκτείνω@vpaanms ὁ@dnms βελλεροφόντης@nnmsp φεύγω@vppaams ὁ@ddms πηγάσος@ndmsp διώκω@vpaanms ἐκβάλλω@vpaanms δέ@cs καί@b ὁ@dafp ἀμαζών@nafpp οὐδείς@rpgns τυγχάνω@viia3s ὁ@dgnp δίκαιος@angnp- ἀλλά@cs εἰμί@viia3s ἄδικος@annmss περί@p αὐτός@rpams ἰοβάτης@nnmsp ὅθεν@b εἰς@p ὁ@dafs θάλασσα@nafsc ἐμβαίνω@vpaanms εὔχομαι@viam3s κατά@p αὐτός@rpgms ὁ@ddms ποσειδῶν@ndmsp ὁ@dafs χώρα@nafsc ἄκαρπος@anafs- γίγνομαι@vnam-- καί@cs ἀνόνητος@anafs- εἶτα@b ὁ@dnms μέν@b ἄπειμι2@viia3s κατεύχομαι@vpamnms κῦμα@nnnsc δέ@cs διαρίζω@vpapnns ἐπι κλύζω@viia3s ὁ@dafs γῆ@nafsc καί@b θέαμα@nnnsc δεινός@annns- εἰμί@viia3s ἕπομαι@vppegfs μετέωρος@angfs- ὁ@dgfs θάλασσα@ngfsc καί@cs ἀποκρύπτω@vppagfs ὁ@dans πεδίον@nansc ἐπεί@cs δέ@b ὁ@dgmp ἀνήρ@ngmpc δέω2@vppegmp ὁ@dams βελλεροφόντης@namsp ἐπέχω@vnaa-- οὐδείς@rpans πείθω@viia3p ὁ@dnfp γυνή@nnfpc ἀνασύρομαι@vppenfp ὁ@damp χιτωνίσκος@nampc ἀπαντάω@viaa3p αὐτός@rpdms πάλιν@b οὖν@b ὑπό@p αἰσχύνη@ngfsc ἀναχωρέω@vppagns ὀπίσω@b καί@b ὁ@dans κῦμα@nansc λέγω3@vipe3s συνυποχωρέω@vnaa-- τις@rpnmp δέ@b ὁ@dgms λόγος@ngmsc οὗτος@rpgms παραμυθέομαι@vppenmp ὁ@dans μυθώδης@anans- οὐ@b φημί@vipa3p κατάρα@andfp- ὑπάγω@vnam-- ὁ@dafs θάλασσα@nafsc αὐτός@rpams ἀλλά@cs ὁ@dgns πεδίον@ngnsc ὁ@dans πῖος@ananss ὑπόκειμαι@vnpe-- ὁ@ddfs θάλασσα@ndfsc ταπεινός@anansc ὀφρύς@nafsc δέ@b παρατείνω@vppaafs ἀκτή@ngfsc ὅς@rpnfs διείργω@viia3s ὁ@dafs θάλασσα@nafsc ἐκρήγνυμι@vnaa-- ὁ@dams βελλεροφόντης@namsp καί@cs βία@nnfpc ὁ@dgns πέλαγος@ngnsc ἐπιφέρω@vppegms καί@cs κατακλύζω@vppagms ὁ@dans πεδίον@nansc ὁ@damp μέν@b ἀνήρ@nampc οὐδείς@rpans περαίνω@vnpa-- δέω2@vppeamp αὐτός@rpgms ὁ@dafp δέ@cs γυνή@nafpc ἀθρόος@anafp- περιχέω@vpapafp αἰδώς@ngfsc τυγχάνω@vnaa-- καί@cs ἀποπαύω@vnaa-- ὁ@dafs ὀργή@nafsc ὁ@dnmp δέ@b ὅλος@b ὁ@dafs λέγω3@vppeafs χίμαιρα@nafsp ὄρος@nansc ἀντήλιος@anafs- γίγνομαι@vnra-- φημί@vipa3p καί@cs ποιέω@vnpa-- ἀνάκλασις@nafpc ἐν@p ὁ@ddns θέρος@ndnsc χαλεπός@anafp- καί@cs πυρώδης@anafp- ὑπό@p ὅς@rpgfp ἀνά@p ὁ@dans πεδίον@nansc σκεδάννυμι@vppegnp μαραίνω@vnpe-- ὁ@damp καρπός1@nampc ὁ@dams δέ@b βελλεροφόντης@namsp συμφρονέω@vpaaams διακόπτω@vnaa-- ὁ@dgms κρημνός@ngmsc ὁ@dans λεῖος@ananss καί@cs μάλιστα@b ὁ@dafp ἀνάκλασις@nafpc ἀντίἀποστέλλω@viaa3p ἐπεί@cs δέ@cs οὐ@b τυγχάνω@viia3s χάρις@ngfsc ὀργή@ndfsc πρός@p ἄμυνα@nafsc τρέπω@vnam-- ὁ@dgmp λύκιος@ngmpp πείθω@vnap-- δέ@cs ὑπό@p ὁ@dgfp γυνή@ngfpc ὅς@rpafs δέ@b νύμφις@nnmsp ἐν@p ὁ@ddms τέταρτος@andms- περί@p ἡράκλεια@ngfsp αἰτία@nafsc ἐρῶ@vira3s ἥκιστος@ananp- μυθώδης@annmp- εἰμί@vipa3s λέγω3@vipa3s γάρ@b ὅτι@cs ὗς@namsc ἄγριος@anams- ἐν@p ὁ@ddfs ξάνθιος@ngmpp χώρα@ndfsc καί@cs ζῷον@nanpc καί@cs καρπός1@nampc λυμαίνομαι@vppeams ἀναιρέω@vpaanms ὁ@dnms βελλεροφόντης@nnmsp οὐδείς@angfs- τυγχάνω@viia3s ἀμοιβή@ngfsc καταράομαι@vpamgms δέ@b ὁ@dgmp ξάνθιος@ngmpp αὐτός@rpgms πρός@p ὁ@dams ποσειδῶν@namsp πᾶς@annns- ὁ@dnns πεδίον@nnnsc ἀνθέω@viaa3s ἁλμυρίς@nafsc καί@cs διαφθείρω@vile3s παντάπασι@b ὁ@dgfs γῆ@ngfsc πικρός@angfs- γίγνομαι@vpamgfs μέχρι@p ὅς@rpgns ὁ@dafp γυνή@nafpc αἰδέομαι@vpapnms δέω2@vppeafp εὔχομαι@viam3s ὁ@ddms ποσειδῶν@ndmsp ὁ@dafs ὀργή@nafsc ἀφίημι@vnaa-- διό@b καί@b νόμος@nnmsc εἰμί@viia3s ὁ@ddmp ξάνθιος@ndmpp μή@b πατρόθεν@b ἀλλά@cs ἀπό@p μήτηρ@ngfpc χρηματίζω@vnpa--"
"Mul.virt._10","σαλματίς@nnmpp ἀννίβας@namsp δέ@b ὁ@dgms βάρκη@ngmsp πρίν@cs ἐπί@p ῥωμαῖος@nampp στρατεύω@vnpa-- ἐν@p ἰβηρίη@ndfsp πόλις@ndfsc μέγας@andfs- σαλματικός@andfs- προσμάχομαι@vppegms πρῶτος@anans- μέν@b δείδω@viaa3p ὁ@dnmp πολιορκέω@vppenmp καί@cs συντίθημι@viam3p ποιέω@vnfa-- ὁ@dans προστάσσω@vppeans ἀννίβας@ndmsp τριακόσιοι@ananp- δίδωμι@vpaanmp ἀργύριον@ngnsc τάλαντον@nanpc καί@cs τριακόσιοι@anamp- ὅμηρος@nampc ἀνίημι@vpaagms δέ@b ὁ@dafs πολιορκία@nafsc ἐκεῖνος@rpgms μεταγιγνώσκω@vpaanmp οὐδείς@rpans πράσσω@viia3p ὅς@rpgnp ὁμολογέω@viaa3p αὖθις@b οὖν@b ἐπιστρέφω@vpaagms αὐτός@rpgms καί@cs ὁ@damp στρατιώτης@nampc ἐπί@p διαρπαγή@ndfsc χρῆμα@ngnpc κελεύω@vpaagms ἐπιχειρέω@vnpa-- ὁ@ddfs πόλις@ndfsc παντάπασι@b καταπλάσσω@vpapnmp ὁ@dnmp βάρβαρος@nnmpc συγχωρέω@viaa3p ἐξέρχομαι@vnaa-- ἐν@p ἱμάτιον@ndnsc ὁ@damp ἐλεύθερος@anamp- ὅπλον@nanpc καί@b χρῆμα@nanpc καί@b ἀνδράποδον@nanpc καί@cs ὁ@dafs πόλις@nafsc καταλιμπάνω@vpaaamp ὁ@dnfp δέ@cs γυνή@nnfpc οἴομαι@vppenfp ὁ@dgmp μέν@b ἀνήρ@ngmpc λανθάνω@vnfa-- ἕκαστος@anams- ἔξεστι@vppaams ὁ@damp πολέμιος@nampc αὐτός@rpgmp δέ@cs οὐ@b ἄν@b ἅπτω@vnam-- ξίφος@nanpc λαμβάνω@vpaanfp καί@cs ἀποκρύπτω@vpaanfp συνεκπίπτω@viia3p ὁ@ddmp ἀνήρ@ndmpc ἐξέρχομαι@vpaagmp δέ@b πᾶς@angmp- ὁ@dnms ἀννίβας@nnmsp φρουρά@nafsc μασαισυλίων@ngmpp ἐφίστημι@vpaanms ἐν@p ὁ@ddns προάστειον@ndnsc συνέχω@viia3s αὐτός@rpamp ὁ@dnmp δέ@cs ἄλλος@rpnmp ὁ@dafs πόλις@nafsc ἄτακτος@b ἐμπίτνω@vpaanmp διαρπάζω@viia3p πολύς@angmp- δέ@b ἄγω@vppegmp ὁ@dnmp μασαισύλιος@nnmpp καρτερέω@vnpa-- οὐ@b δύναμαι@viie3p βλέπω@vppanmp οὐ@b δέ@cs ὁ@ddfs φυλακή@ndfsc ὁ@dams νόος@namsc προσέχω@viia3p ἀλλά@cs ἀγανακτέω@viia3p καί@cs ἀποχωρέω@viia3p ὡς@b μετέχω@vpfanmp ὁ@dgfs ὠφέλεια@ngfsc ἐν@p οὗτος@rpdns δέ@b ὁ@dnfp γυνή@nnfpc ἐμβοάω@vpaanfp ὁ@ddmp ἀνήρ@ndmpc ὁ@danp ξίφος@nanpc παραδίδωμι@viaa3p ἔνιοι@annfp- δέ@cs καί@b διά@p ἑαυτοῦ@rpgfp ἐπιτίθημι@viie3p ὁ@ddmp φρουρέω@vppadmp εἷς@anafs- δέ@b καί@b λόγχη@nafsc ἐξαρπάζω@vpaanfs βάνων@ngmsp ὁ@dgms ἑρμηνεύς@ngmsc αὐτός@rpams ἐκεῖνος@rpams παίω@viaa3s τυγχάνω@viaa3s δέ@b ὁπλίζω@vprenms ὁ@dgmp δέ@b ἄλλος@rpgmp ὁ@damp μέν@b καταβάλλω@vpaanmp ὁ@damp δέ@cs τρέπω@vpamnmp διαπίπτω@viaa3p ἀθρόος@annmp- μετά@p ὁ@dgfp γυνή@ngfpc πυνθάνομαι@vpppnms δέ@b ὁ@dnms ἀννίβας@nnmsp καί@cs διώκω@vpaanms ὁ@damp μέν@b καταλείπω@vpapamp αἱρέω@viaa3s ὁ@dnmp δέ@b ὁ@dgnp ὄρος@ngnpc ἐπιλαμβάνω@vpamnmp παραχρῆμα@b μέν@b διαφεύγω@viaa3p ὕστερος@b δέ@cs πέμπω@vpaanmp ἱκετηρία@nafsc εἰς@p ὁ@dafs πόλις@nafsc ὑπό@p αὐτός@rpgms κατάγω@viap3p ἄδεια@nafpc καί@cs φιλανθρωπία@nafpc τυγχάνω@vpaanmp"
"Mul.virt._11","μιλήσιος@nnfpp ὁ@dafp μιλήσιος@ngmpp ποτέ@b παρθένος@nafpc δεινός@anans- πάθος@nansc καί@cs ἀλλόκοτος@anans- κατέχω@viaa3s ἐκ@p δή@b τις@angfs- αἰτία@ngfsc ἄδηλος@angfs- μάλιστα@b δέ@b εἰκάζω@viie3s κρᾶσις@nafsc ἐκστατικός@anafs- καί@cs φαρμακώδης@ananp- λαμβάνω@vpaanms ὁ@dnms ἀήρ@nnmsc τροπή@nafsc αὐτός@rpdfp καί@cs παραφορά@nafsc ὁ@dgfs διάνοια@ngfsc ἐνεργάζομαι@vnae-- πᾶς@andfp- μέν@x γάρ@x ἐξαίφνης@b ἐπιθυμία@nnfsc θάνατος@ngmsc καί@cs πρός@p ἀγχόνη@nafsc ὁρμή@nnfsc περιμανής@annfs- ἐμπίτνω@viia3s πολύς@annfp- δέ@x ἀπάγχω@viie3p λανθάνω@vppanfp λόγος@nnmpc δέ@b καί@b δάκρυον@nnnpc γονεύς@ngmpc καί@cs παρηγορία@nnfpc φίλος@angmp- οὐδείς@rpans περαίνω@viia3p ἀλλά@cs περίειμι1@viia3p ἐπίνοια@ngfsc καί@cs πανουργία@ngfsc ἅπας@angfs- ὁ@dgmp φυλάσσω@vppagmp ἑαυτοῦ@rpafp διαχράομαι@vppenfp καί@b ὁ@dnns κακός@annns- δοκέω@viia3s δαιμόνιον@annns- εἰμί@vnpa-- καί@cs κρείσσων@annnsc ἀνθρώπινος@angfs- βοήθεια@ngfsc ἄχρι@p ὅς@rpgms γνώμη@ndfsc νόος@namsc ἔχω@vppagms ἀνήρ@ngmsc γράφω@viap3s προβούλευμα@nnnsc ὁ@dafp ἀπάγχω@vppeafp γυμνός@anafp- ἐκκομίζω@vnpe-- διά@p ὁ@dgfs ἀγορά@ngfsc καί@b οὗτος@rpans κυρόω@vpapans οὐ@b μόνος@anans- ἐπώχατο@viaa3s ἀλλά@cs καί@b παντελής@b παύω@viaa3s θανατόω@vpaanms ὁ@dafp παρθένος@nafpc μέγας@annns- δή@b τεκμήριον@nnnsc εὐφυία@ngfsc καί@cs ἀρετή@ngfsc ὁ@dnfs ὁ@dgfs ἀδοξία@ngfsc εὐλάβεια@nnfsc καί@cs ὁ@dnns πρός@p ὁ@danp δεινός@ananps ὁ@dgnp εἰμί@vppagnp θάνατος@namsc καί@cs πόνος@namsc ἀδεής@b ἔχω@vppaafp αἰσχρός@angfs- φαντασία@nafsc μή@b ὑπομένω@vnaa-- μη@b δέ@cs φέρω@vnaa-- αἰσχύνη@ngfsc μετά@p θάνατος@namsc εἰμί@vpfmgfs"
"Mul.virt._12","κεῖμαι@nnfpp ὁ@ddfp κείω@ngmpp παρθένος@ndfpc ἔθος@nnnsc εἰμί@viia3s εἰς@p ἱερόν@nanpc δημόσιος@ananp- συμπορεύομαι@vnpe-- καί@cs διημερεύω@vnpa-- μετά@p ἀλλήλων@rpgmp ὁ@dnmp δέ@cs μνηστήρ@nnmpc θεάω@viie3p παίζω@vppaafp καί@cs χορεύω@vppaafp ἑσπέρα@ngfsc δέ@b πρός@p ἕκαστος@anafs- ἀνά@p μέρος@nansc βαδίζω@vppanfp διακονέω@viie3p ὁ@ddmp ἀλλήλων@rpgfp γονεύς@ndmpc καί@cs ἀδελφός@ndmpc ἄχρι@p ὁ@dgns καί@b ὁ@damp πούς@nampc ἀπονίζω@vnpa-- ἐράω1@viia3p πολλάκις@b εἷς@ πλείων@anansc οὕτως@b κόσμιος@anams- ἔρως@namsc καί@cs νόμιμος@anams- ὥστε@cs ὁ@dgfs κόρη@ngfsc ἐγγυάω@vpapgfs εἷς@ ὁ@damp ἄλλος@rpamp εὐθύς2@b παύω@vnre-- κεφάλαιος@annns- δέ@b ὁ@dgfs εὐταξία@ngfsc ὁ@dgfp γυνή@ngfpc ὁ@dnns μή@b τε@b μοιχεία@nafsc μή@b τε@cs φθορά@nafsc ἀνέγγυος@vppaans ἔτος@ngnpc ἑπτακόσιοι@ μνημονεύω@vnpe-- παρά@p αὐτός@rpdmp γίγνομαι@vpamafs"
"Mul.virt._13","φωκις@nnfpp ὁ@dgmp ἐν@p φωκεύς@ndmpp τύραννος@ngmpc καταλαμβάνω@vpragmp δελφοί@nampp καί@cs ὁ@dams ἱερόν@anams- καλέω@vpapams πόλεμος@namsc θηβαῖος@ngmpp πολεμέω@vppagmp πρός@p αὐτός@rpamp ὁ@dnfp περί@p ὁ@dams διόνυσος@namsp γυνή@nnfpc ὅς@rpafp θυιάδες@nafpp ὀνομάζω@vipa3p ἐκμανθάνω@vpapnfp καί@cs περιπλανάομαι@vpapnfp νύξ@ngfsc λανθάνω@viaa3p ἐν@p ἄμφισσα@ndfsp γίγνομαι@vpamnfp κατάκοποι@annfp- δέ@b εἰμί@vppanfp καί@cs μηδέπω@b ὁ@dgns φρονέω@vnpa-- πάρειμι1@vppagns αὐτός@rpdfp ἐν@p ὁ@ddfs ἀγορά@ndfsc προίημι@vpamnfp ὁ@danp σῶμα@nanpc σποράδην@b κεῖμαι@viie3p καθεύδω@vppanfp ὁ@dgmp δέ@b ἀμφισσεύς@ngmpp ὁ@dnfp γυνή@nnfpc φοβέω@vpapnfp μή@cs διά@p ὁ@dans σύμμαχος@anafs- ὁ@dafs πόλις@nafsc φωκεύς@ngmpp γίγνομαι@vnra-- καί@cs συχνός@anamp- στρατιώτης@nampc πάρειμι@vnpa-- ὁ@dgmp τύραννος@ngmpc ἀγνωμονέω@vsap3p ὁ@dnfp θυιάδες@nnfpp ἐκτρέχω@viaa3p εἰς@p ὁ@dafs ἀγορά@nafsc ἅπας@annfp- καί@cs κύκλος@ndmsc περιίστημι@vpaanfp σιωπή@ndfsc κοιμάω@vppedfp μέν@b οὐ@b πρόσειμι1@viia3p ἐπεί@cs δέ@cs ἐξανίστημι@viaa3p ἄλλος@rpnfp περί@p ἄλλος@rpafp γίγνομαι@viie3p θεραπεύω@vppanfp καί@cs τροφή@nafsc προσφέρω@vppanfp τέλος@nansc δέ@b πείθω@vpaanfp ὁ@damp ἀνήρ@nampc ἐπακολουθέω@viaa3p αὐτός@rpdfp ἄχρι@p ὁ@dgmp ὅρος@ngmpc ἀσφαλής@b προπέμπω@vppedfp"
"Mul.virt._14","ὀυαλέριος@nnfsp καί@cs κλοιλία@nnfsp ταρκύνιος@namsp σούπερβος@namsp ἕβδομος@anams- ἀπό@p ῥωμύλος@ngmsp βασιλεύω@vppaams ῥωμαῖος@ngmpp ἐξελαύνω@viaa3s ὕβρις@nnfsc καί@cs ἀρετή@nnfsc λουκρητία@ngfsp γυνή@ngfsc ἀνήρ@ndmsc γαμέω@vpregfs λαμπρός@andms- καί@cs κατά@p γένος@nansc προσήκω@vppadms ὁ@ddmp βασιλεύς@ndmpc βιάζω@viap3s μέν@b γάρ@b ὑπό@p εἷς@ngmsc ὁ@dgmp ταρκύνιος@ngmsp παῖς@ngmpc ἐπιξενόομαι@vpapgms αὐτός@rpdfs φράζω@vpaanfs δέ@b ὁ@ddmp φίλος@andmp- καί@cs οἰκεῖος@andmp- ὁ@dans πάθος@nansc εὐθύς2@b ἀποσφάζω@viaa3s ἑαυτοῦ@rpafs ἐκπίπτω@vpaanms δέ@b ὁ@dgfs ἀρχή@ngfsc ὁ@dnms ταρκύνιος@nnmsp ἄλλος@anamp- τε@b πολύς@anamp- πολεμέω@viaa3s πόλεμος@nampc πειράω@vppenms ἀναλαμβάνω@vnaa-- ὁ@dafs ἡγεμονία@nafsc καί@b τέλος@nansc ἄρχω@vppaams τυρρηνός@ngmpp πορσίνας@namsp πείθω@viaa3s ἐπί@p ὁ@dafs ῥώμη@nafsp στρατεύω@vnaa-- μετά@p πολύς@angfs- δύναμις@ngfsc ἅμα@b δέ@b ὁ@ddms πόλεμος@ndmsc καί@cs λιμός@ngmsc συνεπιτίθημι@vppegms ὁ@ddmp ῥωμαῖος@ndmpp πυνθάνομαι@vppenmp ὁ@dams πορσίνας@namsp οὐ@b πολεμικός@anams- εἰμί@vnpa-- μόνος@anans- ἀλλά@cs καί@b δίκαιος@anams- ἀνήρ@namsc καί@cs χρηστός@anams- βούλομαι@viie3p χράω@vnpe-- δικαστής@ndmsc πρός@p ὁ@dams ταρκύνιος@namsp ἐπίκατατάσσω@vpamgms δέ@b ὁ@dgms ταρκύνιος@ngmsp καί@b ὁ@dams πορσίνας@namsp εἰ@cs μή@b μένω@vifm2s σύμμαχος@annms- βέβαιος@annms- οὐ@b δέ@cs κριτής@namsc δίκαιος@anams- εἰμί@vnfm-- φάσκω@vppagms ἀφίημι@vpaanms ἐκεῖνος@rpams ὁ@dnms πορσίνας@nnmsp πράσσω@viia3s ὅπως@cs φίλος@nnmsc ἄπειμι2@vsaa3p ῥωμαῖος@ngmpp ὁ@dgfs τε@b χώρα@ngfsc ὅσος@anafs- ἀποτέμνω@vile3p τυρρηνός@ngmpp καί@cs ὁ@damp αἰχμάλωτος@anamp- κομίζω@vpamnms ἐπί@p οὗτος@rpdnp ὅμηρος@ngmpc αὐτός@rpdms δίδωμι@vpapgnp δέκα@an---- μέν@b ἄρσην@angfp- παῖς@ngmpc δέκα@an---- δέ@cs θῆλυς@ngfpc ἐν@p ὅς@rpdfp εἰμί@viia3s ὁ@dnfs ποπλικόλα@annfs- ὁ@dgms ὕπατος@ngmsc θυγάτηρ@nnfsc οὐαλέριος@nnfsp πᾶς@anafs- εὐθύς2@b ἀνίημι@viaa3s ὁ@dafs πρός@p ὁ@dams πόλεμος@namsc παρασκευή@nafsc καίπερ@b οὔπω@b τέλος@nansc ἔχω@vppagfs ὁ@dgfs ὁμολογία@ngfsc ὁ@dnfp δέ@b παρθένος@nnfpc καταβαίνω@viaa3p μέν@b ἐπί@p ὁ@dams ποταμός@namsc ὡς@b λούω@vppenfp μικρός@anans- ἀπωτέρω@b ὁ@dgns στρατόπεδον@ngnsc εἷς@ δέ@b αὐτός@rpgfp ὄνομα@nansc κλοιλία@ngfsp προσρέπω@vpamgfs ἀναδέω@vpamnfp περί@p ὁ@dafp κεφαλή@nafpc ὁ@damp χιτωνίσκος@nampc παραβάλλω@viam3p πρός@p ῥεῦμα@nansc πολύς@anans- καί@cs δίνη@nafpc βαθύς@anafp- νέω@annfp- καί@cs διαπεράω@viaa3p ἀλλήλων@rpgfp ἔχω@vppenfp πολύπονος@b καί@cs μόλις@b εἰμί@vipa3p δέ@b ὁ@dnmp λέγω3@vppanmp ἵππος@ngmsc ὁ@dafs κλοιλία@nafsp εὐπορέω@vpaaafs αὐτός@rpafs μέν@b ἐπιβαίνω@vnaa-- καί@cs διεξελαύνω@vnpa-- ἠρέμα@b ὁ@ddfp δέ@cs ἄλλος@rpdfp ὑφηγέομαι@vnpe-- παραθαρσύνω@vppaafs νήχω@vppeafp καί@cs παραβοηθέω@vppaafs ὅς@rpdfs δέ@b τεκμήριον@ndnsc χράω@vipe3p μετά@p ὀλίγος@anans- λέγω@vifa1p ἐπεί@cs δέ@b σώζω@vpapafp εἶδον@viaa3p ὁ@dnmp ῥωμαῖος@nnmpp ὁ@dafs μέν@b ἀρετή@nafsc καί@cs ὁ@dafs τόλμα@nafsc θαυμάζω@viaa3p ὁ@dafs δέ@cs κομιδή@nafsc οὐ@b ἀγαπάω@viaa3p οὐ@b δέ@cs ὑπομένω@viaa3p ἐν@p πίστις@ndfsc χείρων@annmpc εἷς@angms- ἀνήρ@ngmsc γίγνομαι@vnam-- πάλιν@b οὖν@b ὁ@dafp κόρη@nafpc κελεύω@viaa3p ἀπέρχομαι@vnpa-- καί@cs συμπέμπω@viaa3p αὐτός@rpdfp ἀγωγός@nampc ὅς@rpdmp διαβαίνω@vpaadmp ὁ@dams ποταμός@namsc ἐνέδρα@nafsc ὑφίημι@vpaanms ὁ@dnms ταρκύνιος@nnmsp ὀλίγος@anans- δέω@viaa3s ἐγκρατής@annms- γίγνομαι@vnam-- ὁ@dgfp παρθένος@ngfpc ὁ@dnfs μέν@b οὖν@b ὁ@dgms ὕπατος@ngmsc ποπλικόλα@nnfsp θυγάτηρ@nnfsc οὐαλέριος@nnfsp μετά@p τρεῖς@angmp- προεκφεύγω@viaa3s οἰκέτης@ngmpc εἰς@p ὁ@dans ὁ@dgms πορσίνας@ngmsp στρατόπεδον@nansc ὁ@dafp δέ@cs ἄλλος@rpafp ὁ@dnms ὁ@dgms πορσίνας@ngmsp υἱός@nnmsc ἄρρους@ngmsp ταχύς@anans- προσβοηθέω@vpaanms ἐξαιρέω@viam3s ὁ@dgmp πολέμιος@ngmpc ἐπεί@cs δέ@b ἄγω@viap3p εἶδον@vpaanms αὐτός@rpafp ὁ@dnms πορσίνας@nnmsp κελεύω@viaa3s εἶπον@vnaa-- ὅστις@rpnfs εἰμί@vipa3s ὁ@dnfs προσρέπω@vpamnfs καί@cs κατάρχω@vpaanfs ὁ@dgns βούλευμα@ngnsc ὁ@dnfp μέν@b οὖν@b ἄλλος@rpnfp φοβέω@vpapnfp περί@p ὁ@dgfs κλοιλία@ngfsp σιωπάω@viaa3p αὐτός@angfs- δέ@cs ὁ@dgfs κλοιλία@ngfsp εἶπον@vpaagfs ἑαυτοῦ@rpafs ἄγαμαι@vpapnms ὁ@dnms πορσίνας@nnmsp κελεύω@viaa3s ἵππος@namsc ἄγω@vnap-- κοσμέω@vpreams εὐπρεπής@b καί@cs ὁ@ddfs κλοιλία@ndfsp δωρέομαι@vpamnms ἀποπέμπω@viaa3s εὐμενής@b καί@cs φιλάνθρωπος@b πᾶς@anafp- οὗτος@rpans ποιέω@vipe3p σημεῖον@nansc ὁ@dnmp πολύς@annmp- ὁ@dgns ὁ@dafs κλοιλία@nafsp ἵππος@ndmsc διεξελαύνω@vnaa-- ὁ@dams ποταμός@namsc ὁ@dnmp δέ@b οὐ@b φημί@vipa3p ἀλλά@cs ὁ@dafs ῥώμη@nafsc θαυμάζω@vpaaams καί@cs ὁ@dafs τόλμα@nafsc αὐτός@rpgfs ὡς@cs κρείσσων@anafsc γυνή@ngfsc ἀξιόω@vnaa-- δωρεά@ngfsc ἀνήρ@ndmsc πολεμιστής@ndmsc πρέπω@vppagfs ἀνάκειμαι@viie3s γοῦν@b ἔφιππος@nnmsc εἰκών@vpaanms γυνή@ngfsc ἐπί@p ὁ@dgfs ὁδός@ngfsc ὁ@dgfs ἱερός@angfs- λέγω3@vppegfs ὅς@rpafs ὁ@dnmp μέν@b ὁ@dgfs κλοιλία@ngfsp ὁ@dnmp δέ@cs ὁ@dgfs οὐαλέριος@ngfsp λέγω3@vipa3p εἰμί@vnpa--"
"Mul.virt._15","μίκκα@nnfsp καί@cs μεγιστώ@nnfsp ἀριστότιμος@nnmsp ἠλεῖος@ndmpp ἐπανίστημι@vpaanms τύραννος@nnmsc ἰσχύω@viia3s μέν@b διά@p ἀντίγονος@ngmsp ὁ@dgms βασιλεύς@ngmsc χράομαι@viie3s δέ@cs ὁ@ddfs δύναμις@ndfsc πρός@p οὐδείς@rpans ἐπιεικής@anans- οὐ@b δέ@cs μέτριος@anans- καί@cs γάρ@b αὐτός@rpnms εἰμί@viia3s φύσις@ndfsc θηριώδης@annms- καί@cs ὁ@ddmp φυλάσσω@vppadmp ὁ@dafs ἀρχή@nafsc καί@cs ὁ@dans σῶμα@nansc βάρβαρος@ndmpc μιγάς@vppadmp δουλεύω@vppanms ὑπό@p φόβος@ngmsc πολύς@ananp- μέν@b ὑβριστικός@ananp- πολύς@ananp- δέ@cs ὠμός@ananp- ὁ@damp πολίτης@nampc ὑπό@p αὐτός@rpgmp περιοράω@viia3s πάσχω@vppaamp οἷος@annns- εἰμί@viia3s καί@b ὁ@dnns φιλόδημος@ngmsp πάθος@nnnsc ἔχω@vppagms γάρ@b αὐτός@rpgms θυγάτηρ@nafsc καλός@anafs- ὄνομα@nansc μίκκα@nafsp ἐπιχειρέω@viaa3s τις@rpnms ὁ@dgmp περί@p ὁ@dams τύραννος@namsc ξεναγέω@ngmpc ὄνομα@nansc λεύκιος@nnmsp ὕβρις@ndfsc μᾶλλον@b ἤ1@cs ἔρως@ndmsc συγγίγνομαι@vnam-- καί@b πέμπω@vpaanms καλέω@viia3s ὁ@dafs παρθένος@nafsc ὁ@dnmp μέν@b οὖν@b γονεύς@nnmpc ὁ@dafs ἀνάγκη@nafsc ὁράω@vppanmp κελεύω@viia3p βαδίζω@vnpa-- ὁ@dnfs δέ@b παῖς@nnfsc εἰμί@vppanfs γενναῖος@annfs- καί@cs μεγαλόφρων@annfs- δέω2@viie3s ὁ@dgms πατήρ@ngmsc περιπλέκω@vppenfs καί@cs καθικετεύω@vppanfs μᾶλλον@b αὐτός@rpafs περίἰδέω@vnpa-- ἀποθνήσκω@vpaaafs ἤ1@cs ὁ@dafs παρθενία@nafsc αἰσχρός@b καί@cs παράνομος@b ἀφαιρέω@vpapafs καί@b διατριβή@ngfsc γίγνομαι@vpamgfs σπαργάω@vppanms καί@cs μεθύω@vppanms ὁ@dnms λεύκιος@nnmsp αὐτός@annms- ἐξανίστημι@viaa3s μεταξύ@b πίνω@vppanms πρός@p ὀργή@nafsc καί@cs ὁ@dafs μίκκα@nafsp εὑρίσκω@vpaanms ἐν@p ὁ@ddnp γόνυ@ndnpc ὁ@dgms πατήρ@ngmsc ὁ@dafs κεφαλή@nafsc ἔχω@vppaafs κελεύω@viaa3s αὐτός@rpdms συνακολουθέω@vnpa-- οὐ@b βούλομαι@vppegfs δέ@cs ὁ@dans χιτώνιον@nansc περιρρήσσω@vpaanms μαστιγόω@viia3s γυμνός@anafs- αὐτός@rpafs μέν@b ἐγκαρτερέω@vppaafs σιωπή@ndfsc ὁ@ddfp ἀλγηδών@ndfpc ὁ@dnms δέ@b πατήρ@nnmsc καί@cs ὁ@dnfs μήτηρ@nnfsc ὡς@cs οὐδείς@rpans ἀντιβολέω@vppanmp καί@cs δακρύω@vppanmp περαίνω@viia3p τρέπω@viam3p πρός@p θεός@ngmpc καί@cs ἄνθρωπος@ngmpc ἀνάκλησις@nafsc ὡς@b δεινός@ananp- καί@cs παράνομος@ananp- πάσχω@vppanmp ὁ@dnms δέ@b βάρβαρος@nnmsc ἐκμανθάνω@vpapnms παντάπασι@b ὑπό@p ὁ@dgms θυμός@ngmsc καί@cs μέθη@ngfsc ἀποσφάζω@vipa3s ὁ@dafs παρθένος@nafsc ὡς@cs τυγχάνω@viaa3s ἐν@p ὁ@ddmp κόλπος@ndmpc ὁ@dgms πατήρ@ngmsc ἔχω@vppanfs ὁ@dans πρόσωπον@nansc ἀλλά@b οὐ@b δέ@b οὗτος@rpdmp ὁ@dnms τύραννος@nnmsc κάμπτω@viie3s πολύς@anamp- δέ@cs ἀναιρέω@viia3s καί@cs πλείων@anampc φυγαδεύω@viia3s ὀκτακόσιοι@annmp- γοῦν@b λέγω3@vipe3p καταφεύγω@vnaa-- εἰς@p αἰτωλοί@nampp δέω2@vppenmp ὁ@dafp γυνή@nafpc ἑαυτοῦ@rpdmp καί@cs ὁ@danp νήπιος@nanpc ὁ@dgnp τέκνον@ngnpc κομίζω@vnam-- παρά@p ὁ@dgms τύραννος@ngmsc ὀλίγος@andns- δέ@b ὕστερος@anans- αὐτός@rpnms κηρύσσω@viaa3s ὁ@dafp βούλομαι@vppeafp γυνή@nafpc ἀπέρχομαι@vnpa-- πρός@p ὁ@damp ἀνήρ@nampc ὅσος@anans- βούλομαι@vipe3p ὁ@dgnp γυναικεῖος@angnp- χρῆμα@ngnpc ἐπιφέρω@vppeafp ἐπεί@cs δέ@b πᾶς@anafp- αἰσθάνομαι@viam3s μετά@p ἡδονή@ngfsc ὁ@dans κήρυγμα@nansc δέχομαι@vpreafp γίγνομαι@viam3p γάρ@b ὑπέρ@p ἑξακόσιοι@angfs- ὁ@dans πλῆθος@nansc κελεύω@viaa3s ἀθρόος@anafp- ἡμέρα@ndfsc ῥητός@andfs- βαδίζω@vnpa-- ὡς@b ὁ@dafs ἀσφάλεια@nafsc αὐτός@rpnms παρέχω@vpfanms ἐνίστημι@vpaagfs δέ@b ὁ@dgfs ἡμέρα@ngfsc ὁ@dnfp μέν@b ἐπί@p ὁ@dafp πύλη@nafpc ἀθροίζω@viie3p ὁ@danp χρῆμα@nanpc συσκευάζω@vpamnfp καί@b ὁ@dgnp τέκνον@ngnpc ὁ@danp μέν@b ἐν@p ὁ@ddfp ἀγκάλη@ndfpc φέρω@vppanfp ὁ@danp δέ@b ἐπί@p ὁ@dgfp ἄμαξα@ngfpc ἔχω@vppanfp καί@cs περιμένω@viia3p ἀλλήλων@rpafp ἄφνω@b δέ@b πολύς@annmp- ὁ@dgmp ὁ@dgms τύραννος@ngmsc ἐπιφέρω@viie3p μένω@vnpa-- βοάω@vppanmp ἔτι@b πρόσωθεν@b ὡς@cs δέ@b ἐγγύς@b γίγνομαι@viam3p ὁ@dafp μέν@b γυνή@nafpc κελεύω@viia3p ἀναχωρέω@vnpa-- ὀπίσω@b ὁ@danp δέ@cs ζεῦγος@nanpc καί@cs ὁ@dafp ἄμαξα@nafpc ὑποστρέφω@vpaanmp ἔω@viaa3p εἰς@p αὐτός@rpafp καί@cs διά@p μέσος@angnp- ἀφειδής@b διελαύνω@viia3p οὐ@b τε@b ἀκολουθέω@vnpa-- οὐ@b τε@b μένω@vnpa-- ἐάω@vppanmp οὐ@b τε@cs ὁ@ddmp νήπιος@andmp- βοηθέω@vnpa-- ἀπόλλυμι@vppedmp ὁ@danp μέν@b γάρ@b ἐκπίπτω@vppaanp ὁ@dgfp ἄμαξα@ngfpc ὁ@danp δέ@cs ὑποπίπτω@vppaanp διαφθείρω@viie3p βοή@ndfsc καί@cs βάσανος@ndfpc ὥσπερ@b πρόβατον@nanpc ὁ@dgmp μισθοφόρος@angmp- ἐπείγω@vppagmp ἀνατρέπω@vppeafp ὑπό@p ἀλλήλων@rpgfp ἕως@cs εἰς@p ὁ@dans δεσμωτήριον@nansc ἐμβάλλω@viaa3p ἅπας@anafp- ὁ@dnnp δέ@cs χρῆμα@nnnpc πρός@p ὁ@dams ἀριστότιμος@namsp ἀποκομίζω@viap3s χαλεπός@b δέ@b ὁ@dgmp ἠλεῖος@ngmpp ἐπί@p οὗτος@rpdnp ἔχω@vppagmp ὁ@dnfp περί@p ὁ@dams διόνυσος@namsp ἱερός@annfp- γυνή@nnfpc ὅς@rpafp ἑκκαίδεκα@an---- καλέω@vipa3p ἱκετηρία@nafpc καί@cs στέμμα@nanpc ὁ@dgfp ἀπό@p ὁ@dgms θεός@ngmsc λαμβάνω@vpaanfp περί@p ὁ@dafs ἀγορά@nafsc ἀπαντάω@viaa3p ὁ@ddms ἀριστότιμος@ndmsp καί@cs ὁ@dgmp δορύφορος@angmp- ὑπό@p αἰδώς@ngfsc διίστημι@vpaagmp ἵστημι@viaa3p ὁ@dans πρῶτος@anans- σιωπή@ndfsc ὅσιος@b προίσχω@vppenfp ὁ@dafp ἱκετηρία@nafpc ἐπεί@cs δέ@b γίγνομαι@viam3p φανερός@annfp- δέω@vppenfp καί@cs παραιτέομαι@vppenfp ὁ@dafs ὀργή@nafsc ὑπέρ@p ὁ@dgfp γυνή@ngfpc παροξύνω@vpapnms πρός@p ὁ@damp δορύφορος@nampc καί@cs κράζω@vpranms ὅτι@cs προσέρχομαι@vnaa-- ἐάω@viaa3p αὐτός@rpafp ποιέω@viaa3s ὁ@dafp μέν@b ὠθέω@vppaamp ὁ@dafp δέ@b τύπτω@vppaamp ἐξελαύνω@vnaa-- ἐκ@p ὁ@dgfs ἀγορά@ngfsc ἕκαστος@anafs- δέ@cs δύο@andnp- τάλαντον@ndnpc ζημιόω@viaa3s γίγνομαι@vpamgnp δέ@b οὗτος@rpgnp ἐν@p μέν@b ὁ@ddfs πόλις@ndfsc συνίστημι@viaa3s πρᾶξις@nafsc ἐπί@p ὁ@dams τύραννος@namsc ἑλλάνικος@nnmsp ἀνήρ@nnmsc διά@p γῆρας@nansc ἤδη@b καί@cs δύο@an---- τέκνον@ngnpc θάνατος@namsc ὡς@b οὐδείς@rpans ἄν@b πράσσω@vpaanms ὑπό@p ὁ@dgms τύραννος@ngmsc περιοράω@vppenms ἐκ@p δέ@b αἰτωλία@ngfsp διαπεράω@vpaanmp ὁ@dnmp φυγάς@nnmpc καταλαμβάνω@vipa3p ὁ@dgfs χώρα@ngfsc ἐπιτήδειος@anans- ἐμπολεμέω@vnpa-- ἔρυμα@nansc ὁ@dafs ἀμυμώνη@nafsp καί@cs συχνός@anamp- προσδέχομαι@viie3p ὁ@dgmp πολίτης@ngmpc ἐκ@p ὁ@dgfs ἦλις@ngfsp ἀποδιδράσκω@vppaamp οὗτος@rpanp δέ@b δείδω@vpaanms ὁ@dnms ἀριστότιμος@nnmsp εἰσέρχομαι@viaa3s πρός@p ὁ@dafp γυνή@nafpc καί@cs νομίζω@vppanms φόβος@ndmsc μᾶλλον@b ἤ1@cs χάρις@ndfsc διαπράσσω@vnfm-- προστάσσω@viia3s πέμπω@vnpa-- καί@cs γράφω@vnpa-- αὐτός@rpafp ὁ@ddmp ἀνήρ@ndmpc ὅπως@cs ἄπειμι1@vspa3p ἐκ@p ὁ@dgfs χώρα@ngfsc εἰ@cs δέ@b μή@b κατασφάζω@vnfa-- ἀπειλέω@viia3s πᾶς@anafp- αἰκίζομαι@vpamnms καί@cs προαναιρέω@vpaanms ὁ@damp παῖς@na-pc ὁ@dnfp μέν@b οὖν@b ἄλλος@rpnfp πολύς@anams- χρόνος@namsc ἐφίστημι@vpragms καί@cs κελεύω@vppagms εἶπον@vnaa-- εἰ@cs τις@rpans πράσσω@vifa3p οὗτος@rpgnp οὐδείς@rpans ἀποκρίνω@viam3p πρός@p ἐκεῖνος@rpams ἀλλά@cs προσβλέπω@viaa3p ἀλλήλων@rpdfp σιωπή@ndfsc καί@cs διανεύω@viaa3p ἀνθομολογέομαι@vppenfp ὁ@dans μή@b δείδω@vnra-- μη@b δέ@cs ἐκπλήσσω@vnre-- ὁ@dafs ἀπειλή@nafsc μεγιστώ@nnfsp δέ@b ὁ@dnfs κάσσανδρος@ngmsp γυνή@nnfsc καί@b διά@p ὁ@dams ἀνήρ@namsc καί@cs ὁ@dafs ἀρετή@nafsc ἡγεμονικός@anafs- ἔχω@vppanfs τάξις@nafsc ἐφίστημι@vnaa-- μέν@b οὐ@b ἀξιόω@viaa3s οὐ@b δέ@cs ἐάω@viaa3s ὁ@dafp ἄλλος@rpafp κατάκαθέζομαι@vppenfs δέ@b ἀποκρίνω@viam3s πρός@p αὐτός@rpams εἰ@cs μέν@b εἰμί@viia2s ἀνήρ@nnmsc φρόνιμος@annms- οὐ@b ἄν@b διαλέγω@viia3s γυνή@ndfpc περί@p ἀνήρ@ngmpc ἀλλά@cs πρός@p ἐκεῖνος@rpamp ἄν@b ὡς@b κύριος@nampc ἐγώ@rpgmp πέμπω@viia2s ἀγαθός@anampc λόγος@nampc εὑρίσκω@vpaanms ἤ1@cs διά@p ὅς@rpgnp ἐγώ@rpamp ἐξαπατάω@viaa2s εἰ@cs δέ@b αὐτός@rpnms ἐκεῖνος@rpamp πείθω@vnaa-- γιγνώσκω@vpranms διά@p ἐγώ@rpgmp ἐπιχειρέω@vipa2s παραλογίζομαι@vnpe-- μή@b τε@b ἐγώ@rpamp ἐλπίζω@vmpa2s πάλιν@b ἐξαπατάω@vnfa-- μή@b τε@cs ἐκεῖνος@rpnmp κακός@b οὕτως@b φρονέω@voaa3p ὥστε@cs φείδομαι@vppenmp παιδάριον@ngnpc καί@cs γυνή@ngfpc ἐγκαταλιπάω@vnaa-- ὁ@dafs ὁ@dgfs πατρίς@ngfsc ἐλευθερία@nafsc οὐ@b γάρ@b τοσοῦτος@rpnns κακός@annns- αὐτός@rpdmp ἐγώ@rpacp ἀπόλλυμι@vnaa-- μη@b δέ@b νῦν@b ἔχω@vppaamp ὅσος@rpans ἀγαθός@annns- ἐξαιρέω@vnam-- ὁ@dgfs σός@angfs- ὠμότης@ngfsc καί@cs ὕβρις@ngfsc ὁ@damp πολίτης@nampc οὗτος@rpanp ὁ@dgfs μεγιστώ@ngmsp λέγω@vppagfs οὐ@b ἀνέχω@vpamnms ὁ@dnms ἀριστότιμος@nnmsp κελεύω@viaa3s ὁ@dans παιδίον@nansc αὐτός@rpgfs ὡς@b ἀποκτείνω@vpfanms ἐν@p ὄψις@ndnsc κομίζω@vnap-- ζητέω@vppagmp δέ@b ὁ@dgmp ὑπηρέτης@ngmpc ἀναμίγνυμι@vpreams ἐν@p ὁ@ddmp ἄλλος@rpdnp παίζω@vppadmp καί@cs διαπαλαίω@vppadmp ὁ@dnfs μήτηρ@nnfsc ὀνομαστί@b προσκαλέω@vpamnfs δεῦρο@b φημί@viia3s τέκνον@nvnsc πρίν@cs αἰσθάνομαι@vnam-- καί@cs φρονέω@vnpa-- ἀπαλλάσσω@vmra2s ὁ@dgfs πικρός@angfs- τυραννίς@ngfsc ὡς@cs ἐγώ@rpdms βαρύς@annnsc εἰμί@vipa3s δουλεύω@vppaams σύ@rpacs παρά@p ἀξία@nafsc ἐφοράω@vnpa-- ἤ1@cs ἀποθνήσκω@vppaams ὁ@dgms δέ@b ἀριστότιμος@ngmsp σπάω@vpamgms ὁ@dafs μάχαιρα@nafsc ἐπί@p αὐτός@anafs- ἐκεῖνος@rpafs καί@cs μετά@p ὀργή@ngfsc ἐπιφέρω@vppegms ὁ@dgmp συνήθης@angmp- τις@annms- αὐτός@rpdms κύλων@nnmsp ὄνομα@nansc πιστός@annms- δοκέω@vppanms εἰμί@vnpa-- μισέω@vppanms δέ@cs καί@cs μετέχω@vppanms ὁ@dgfs συνωμοσία@ngfsc ὁ@ddmp περί@p ὁ@dams ἑλλάνικος@namsp ἀνθίστημι@viaa3s καί@cs ἀποστρέφω@viaa3s δέω2@vppenms καί@cs λέγω3@vppanms ἀγεννής@anans- εἰμί@vnpa-- καί@cs γυναικώδης@anans- οὐ@b ἀνήρ@ngmsc ἡγεμονικός@angms- καί@cs πρᾶγμα@ndnpc χράω@vnpe-- μανθάνω@vpragms ὁ@dans ἔργον@nansc ὥστε@cs μόλις@b ἔννους@anams- γίγνομαι@vpamams ὁ@dams ἀριστότιμος@namsp ἀπέρχομαι@vnaa-- γίγνομαι@vipe3s δέ@b σημεῖον@nnnsc αὐτός@rpdms μέγας@annns- μεσημβρία@nnfsc μέν@b γάρ@b εἰμί@viia3s καί@cs μετά@p ὁ@dgfs γυνή@ngfsc ἀναπαύω@viie3s παρασκευάζω@vppegmp δέ@cs ὁ@dgmp περί@p ὁ@dans δεῖπνον@nansc ἀετός@nnmsc μετέωρος@annms- ὁράω@viap3s δινεύω@vppenms ὑπέρ@p ὁ@dgfs οἰκία@ngfsc εἶτα@cs ὥσπερ@b ἐκ@p πρόνοια@ngfsc καί@cs στοχασμός@ngmsc λίθος@namsc ἀφίημι@viaa3s εὐμεγέθης@anams- κατά@p ἐκεῖνος@anans- ὁ@dgfs στέγη@ngfsc ὁ@dans μέρος@nansc ὅς@b ὁ@dnns δωμάτιον@nnnsc εἰμί@viia3s ἐν@p ὅς@rpdns κατάκειμαι@vprenms τυγχάνω@viia3s ὁ@dnms ἀριστότιμος@nnmsp ἅμα@b δέ@b ἄνωθεν@b ψόφος@ngmsc μέγας@angms- καί@cs κραυγή@ngfsc ἔξωθεν@b ὑπό@p ὁ@dgmp εἶδον@vpaagmp ὁ@dams ὄρνις@namsc γίγνομαι@vpamgfs ἐκπλήσσω@vpapnms καί@cs πυνθάνομαι@vpamnms ὁ@dans γίγνομαι@vpraans μεταπέμπω@viam3s μάντις@namsc ὅς@rpdfs χράομαι@vppenms διατελέω@viia3s κατά@p ἀγορά@nafsc καί@cs διερωτάω@viia3s περί@p ὁ@dgns σημεῖον@ngnsc συνταράσσω@vprenms ὁ@dnms δέ@b ἐκεῖνος@rpams μέν@b παρακαλέω@viia3s ὡς@b ὁ@dgms ζεύς@ngmsp αὐτός@rpams ἐξεγείρω@vppagms καί@cs βοηθέω@vppagms ὅς@rpdmp δέ@cs πιστεύω@viia3s ὁ@dgmp πολίτης@ngmpc φράζω@viaa3s ὅσος@anans- οὔπω@b ὁ@dafs δίκη@nafsc αἰωρέω@vppeafs ὑπέρ@p κεφαλή@ngfsc ἐμπίτνω@vnfm-- ὁ@ddms τύραννος@ndmsc διό@b καί@b ὁ@ddmp περί@p ὁ@dams ἑλλάνικος@namsp δοκέω@viaa3s μή@b μέλλω@vnpa-- ἀλλά@cs ἐπιτίθημι@vnpe-- ὁ@ddfs ὑστεραῖος@andfs- ὁ@dgfs δέ@b νύξ@ngfsc ἑλλάνικος@nnmsp δοκέω@viia3s κατά@p ὁ@damp ὕπνος@nampc ὁ@dgmp θνήσκω@vpragmp υἱός@ngmpc ὁ@dams ἕτερος@anams- λέγω3@vnpa-- αὐτός@rpdms παρίστημι@vpaaams τίς@rpans πάσχω@vira2s ὦ@i πατήρ@nvmsc καθεύδω@vppanms αὔριον@b δέ@b σύ@rpacs δεῖ@vipa3s ὁ@dgfs πόλις@ngfsc στρατηγέω@vnpa-- οὗτος@rpnms τε@b δή@b διά@p ὁ@dafs ὄψις@nafsc εὐθαρσής@annms- γίγνομαι@vprenms παρακαλέω@viia3s ὁ@damp ἑταῖρος@nampc ὅς@dnms τε@cs ἀριστότιμος@nnmsp πυνθάνομαι@vpppnms κρατερός@namsp αὐτός@rpdms βοηθέω@vppaams μετά@p πολύς@angfs- δύναμις@ngfsc ἐν@p ὀλυμπία@ndfsp καταστρατοπεδεύω@vnpa-- οὕτως@b ἐκθαρσέω@viaa3s ὥστε@cs ἄνευ@p δορύφορος@angmp- εἰς@p ὁ@dafs ἀγορά@nafsc προέρχομαι@vnaa-- μετά@p ὁ@dgms κύλων@ngmsp ὡς@cs οὖν@b σύνεἶδον@viaa3s ὁ@dams καιρός@namsc ἑλλάνικος@nnmsp ὅς@rpnns μέν@b εἰμί@viia3s σημεῖον@nnnsc αὐτός@rpdms πρός@p ὁ@damp μέλλω@vppaamp ἐπιχειρέω@vnpa-- σύγκειμαι@vpreans οὐ@b δίδωμι@viaa3s λαμπρός@andfs- δέ@cs ὁ@ddfs φωνή@ndfsc καί@cs ἅμα@b ὁ@dafp χείρ@nafpc προτείνω@vppanms ἀμφότερος@anafp- τίς@rpans μέλλω@vipa2p ἀνήρ@nvmpc ἀγαθός@anvmp- καλός@annns- ὁ@dans θέατρον@nansc ἐν@p μέσος@andms- ὁ@dgfs πατρίς@ngfsc ἀγωνίζομαι@vnae-- πρῶτος@annms- μέν@b οὖν@b ὁ@dnms κύλων@nnmsp σπάω@vpamnms ὁ@dans ξίφος@nansc παίω@vipa3s τις@rpams ὁ@dgmp ἕπομαι@vppegmp ὁ@ddms ἀριστότιμος@ndmsp θρασύβουλος@ngmsp δέ@cs καί@cs λάμπις@ngmsp ἐκ@p ἐναντίος@angfs- ἐπιφέρω@vppegmp φθάνω@viaa3s μέν@b ὁ@dnms ἀριστότιμος@nnmsp εἰς@p ὁ@dans ὁ@dgms ζεύς@ngmsp ἱερόν@nansc καταφεύγω@vpaanms ἐκεῖ@b δέ@cs ἀποκτείνω@vpaanmp αὐτός@rpams καί@cs ὁ@dans σῶμα@nansc προβάλλω@vpaanmp εἰς@p ὁ@dafs ἀγορά@nafsc καλέω@viia3p ὁ@damp πολίτης@nampc ἐπί@p ὁ@dafs ἐλευθερία@nafsc οὐ@b μήν@b φθάνω@viap3p γε@b πολύς@anans- ὁ@dafp γυνή@nafpc εὐθύς2@b γάρ@b ἐκτρέχω@viaa3p μετά@p χαρά@ngfsc καί@cs ὀλολυγμός@ngmsc καί@cs περιίστημι@vpaanfp ὁ@damp ἀνήρ@nampc ἀναδέω@viia3p καί@cs καταστέφω@viia3p εἶτα@b ὁ@dgns πλῆθος@ngnsc ἐπί@p ὁ@dafs οἰκία@nafsc ὁ@dgms τύραννος@ngmsc ῥέω@vpaagns ὁ@dnfs μέν@b γυνή@nnfsc συγκλείω@vpaanfs ὁ@dams θάλαμος@namsc ἑαυτοῦ@rpafs ἀναρτάω@viaa3s δύο@an---- δέ@b εἰμί@viia3p αὐτός@rpdms θυγάτηρ@nnfpc παρθένος@nnfpc μέν@b ἔτι@b καλός@annfps δέ@b ὁ@dafs ὄψις@nafsc ἤδη@b γάμος@ngmpc ὥρα@nafsc ἔχω@vppanfp οὗτος@rpafp συλλαμβάνω@vpaanmp ἕλκω@viia3p ἔξω@b πάντως@b μέν@b ἀναιρέω@vnaa-- αἰκίζομαι@vnam-- δέ@cs καί@cs καθυβρίζω@vnaa-- πρότερος@anans- γιγνώσκω@vpranmp ἀπαντάω@vpaanfs δέ@b ὁ@dnfs μεγιστώ@nnfsp μετά@p ὁ@dgmp ἄλλος@rpgmp βοάω@viia3s δεινός@ananp- ποιέω@vnpa-- αὐτός@rpamp εἰ@cs δῆμος@nnmsc ἀξιόω@vppanmp εἰμί@vnpa-- οὗτος@rpanp τολμάω@vspa3p καί@cs ἀσελγαίνω@vipa3p ὁ@ddmp τύραννος@ndmpc ὅμοιος@ananp- ἐντρέπω@vppegmp δέ@b πολύς@angmp- ὁ@dans ἀξίωμα@nansc ὁ@dgfs γυνή@ngfsc παρρησιάζομαι@vppegfs καί@cs δακρυόω@vppagfs δοκέω@viaa3s ἀφαιρέω@vnaa-- ὁ@dafs ὕβρις@nafsc αὐτός@rpafp δέ@cs ἐάω@vnaa-- διά@p ἑαυτοῦ@rpgfp ἀποθνήσκω@vnaa-- ὡς@cs δέ@b οὖν@b ἀναστρέφω@vpaanmp ἔνδον@b κελεύω@viia3p εὐθύς2@b ἀποθνήσκω@vnpa-- ὁ@dafp παρθένος@nafpc ὁ@dnfs πρεσβύτερος@annfsc μυρώ@nnfsp λύω@vpaanfs ὁ@dafs ζώνη@nafsc καί@cs βρόχος@namsc ἐνάπτω@vpaanfs ὁ@dafs ἀδελφή@nafsc κατασπάω@viie3s καί@cs παρακαλέω@viia3s προσέχω@vnpa-- καί@cs ποιέω@vnpa-- ὅσπερ@rpanp ἄν@b αὐτός@rpafs θεάομαι@vsam3s ποιέω@vppaafs ὅπως@cs ἄν@b φημί@viia3s μή@b ταπεινός@b μη@b δέ@cs ἀνάξιος@b ἑαυτοῦ@rpgmp καταστρέφω@vsaa1p ὁ@dgfs δέ@b νέος@angfsc δέω2@vppegfs αὐτός@rpdfs πάρειμι@vnpa-- πρότερος@andfs- ἀποθνήσκω@vnaa-- καί@cs ὁ@dgfs ζώνη@ngfsc ἀντιλαμβάνομαι@vppegfs οὐδείς@rpans ἄλλος@anans- πώποτε@b λέγω@viaa3s οὐ@b δέ@cs εἷς@anans- ἀρνέομαι@vipe1s σύ@rpdfs δέω2@vppedfs καί@cs οὗτος@anafs- οὖν@b λαμβάνω@vmaa2s ὁ@dafs χάρις@nafsc ἐγώ@rpnms δέ@cs ὑπομένω@vifa1s καί@cs τλάω@vifm1s ὁ@dgms θάνατος@ngmsc βαρύς@anans- ὁ@dans σύ@rpafs φίλος@anvfss πρότερος@anafs- εἶδον@vnaa-- θνήσκω@vppaafs ἐκ@p οὗτος@rpgns ὁ@dafs μέν@b ἀδελφή@nafsc αὐτός@annfs- διδάσκω@vpaanfs ὁ@ddms τράχηλος@ndmsc περιβάλλω@vnam-- ὁ@dams βρόχος@namsc ὡς@cs αἰσθάνομαι@viam3s θνήσκω@vpraafs καθαιρέω@viaa3s καί@cs κατακρύπτω@viaa3s αὐτός@rpnfs δέ@b ὁ@dafs μεγιστώ@nafsp παρακαλέω@viaa3s ἐπιμελέομαι@vnap-- καί@cs μή@b περίἰδέω@vnaa-- αἰσχρός@b ἐπειδάν@cs ἀποθνήσκω@vsaa3s τίθημι@vpapafs ὥστε@cs μηδείς@rpams πικρός@anams- μη@b δέ@cs μισοτύραννος@anams- οὕτως@b γίγνομαι@vnam-- ὁ@dgmp πάρειμι1@vppagmp ὅς@rpnms οὐ@b κλαίω@viaa3s οὐ@b δέ@cs καταλέω@viaa3s ὁ@dafs ὁ@dgfp παρθένος@ngfpc εὐγένεια@nafsc ὁ@dgnp μέν@b οὖν@b κοινῇ@b πράσσω@vpregnp γυνή@ndfpc μυρίος@angnp- εἰμί@vppagnp ἱκανός@annnp- οὗτος@rpnnp παράδειγμα@nnnpc ὁ@dafp δέ@b κατά@p ἕκαστος@anafs- ἀρετή@nafpc ὅπως@cs ἄν@b ἔπειμι2@vspa3s σποράδην@b ἀναγράφω@vifa1p οὐδείς@anans- οἴομαι@vppenmp ὁ@dgfs κατά@p χρόνος@namsc τάξις@ngfsc δέω2@vnpe-- ὁ@dafs ὑπόκειμαι@vpreafs ἱστορία@nafsc"
"Mul.virt._16","πιερία@nanpp ὁ@dgmp εἰς@p μίλητος@nafsp ἀφικνέομαι@vpamgmp ἴωνες@ngmpp στασιάζω@vpaanmp ἔνιοι@annmp- πρός@p ὁ@damp νείλεω@ngmsp παῖς@nampc ἀποχωρέω@viaa3p εἰς@p μυόεις@nafsp καί@cs ἐκεῖ@b κατοικέω@viia3p πολύς@ananp- κακός@ananp- πάσχω@vppanmp ὑπό@p ὁ@dgmp μιλήσιος@ngmpp πολεμόω@viia3p γάρ@b αὐτός@rpdmp διά@p ὁ@dafs ἀπόστασις@nafsc οὐ@b μήν@b ἀκήρυκτος@annms- εἰμί@viia3s οὐ@b δέ@cs ἀνεπίμικτος@annms- ὁ@dnms πόλεμος@nnmsc ἀλλά@cs ἐν@p τις@andfp- ἑορτή@ndfpc φοιτάω@viia3p εἰς@p μίλητος@nafsp ἐκ@p ὁ@dgms μυόεις@ngmsp ὁ@dnfp γυνή@nnfpc εἰμί@viia3s δέ@b πύθης@nnmsp ἀνήρ@nnmsc ἐν@p αὐτός@rpdmp ἐμφανής@annms- γυνή@nafsc μέν@b ἔχω@vppanms ἰαπυγία@anafs- θυγάτηρ@nafsc δέ@cs πιερία@anafs- εἰμί@vppagfs οὖν@b ἑορτή@ngfsc ἄρτεμις@ndfsp καί@cs θυσία@ngfsc παρά@p μιλήσιος@ndmpp ὅς@rpafs νηλής@nafsp προσαγορεύω@vipa3p πέμπω@viaa3s ὁ@dafs γυνή@nafsc καί@cs ὁ@dafs θυγάτηρ@nafsc δέω2@vpapafp ὅπως@cs ὁ@dgfs ἑορτή@ngfsc μετέχω@vsaa3p ὁ@dgmp δέ@b νείλεω@ngmsp παῖς@ngmpc ὁ@dnms δυνατός@annmss ὄνομα@nansc φρύγιος@nnmsp ὁ@dgfs πιερία@ngfsp ἔραμαι@vpapnms ἐννοέω@viia3s τίς@rpnns ἄν@b αὐτός@rpdfs μάλιστα@b γίγνομαι@voam3s παρά@p αὐτός@rpgms χαρίζομαι@vprenns εἶπον@vpaagfs δέ@b ἐκεῖνος@rpgfs εἰ@cs διαπράσσω@voam2s ἐγώ@rpdms ὁ@dans πολλάκις@b ἐνταῦθα@b καί@cs μετά@p πολύς@angmp- βαδίζω@vnpa-- συνίημι@vpaanms ὁ@dnms φρύγιος@nnmsp δέω2@vppeafs φιλία@ngfsc καί@cs εἰρήνη@ngfsc ὁ@ddmp πολίτης@ndmpc καταπαύω@viaa3s ὁ@dams πόλεμος@namsc εἰμί@viia3s οὖν@b ἐν@p ἀμφότερος@andfp- ὁ@ddfp πόλις@ndfpc δόξα@nnfsc καί@cs τιμή@nnfsc ὁ@dgfs πιερία@ngfsp ὥστε@cs καί@b ὁ@dafp μιλήσιος@ngmpp εὔχομαι@vnpe-- γυνή@nafpc ἄχρι@p νῦν@b οὕτως@b ὁ@damp ἀνήρ@nampc ἐράω1@vnpa-- αὐτός@rpgmp ὡς@cs φρύγιος@nnmsp ἔραμαι@viap3s πιερία@ngfsp"
"Mul.virt._17","πολυκπιτία@ndmsp νάξιος@ndmpp καί@cs μιλήσιος@ndmpp συνίστημι@viaa3s πόλεμος@nnmsc διά@p ὁ@dafs ὑψικρέων@vppagms ὁ@dgms μιλήσιος@ngmsp γυνή@nafsc νέαιρα@nafsp οὗτος@rpnfs ψάρ@nnfsc ἔραμαι@viap3s προκάθημαι@ngmsp νάξιος@angms- καί@cs συμπλέω@viaa3s ὅς@rpnms εἰμί@viia3s μέν@b ξένος@nnmsc ὁ@dgms ὑψικρέων@vppagms ἔραμαι@vpapdfs δέ@cs ὁ@ddfs νέαιρα@ndfsp συνέρχομαι@viaa3s καί@cs ὁ@dams ἀνήρ@namsc φοβέω@vppeafs ἀπάγω@vpaanms εἰς@p νάξος@nafsp ἱκέτις@namsc ὁ@dgfs ἑστία@ngfsp καθίζω@viaa3s ὁ@dgmp δέ@b νάξιος@ngmpp οὐ@b ἐκδίδωμι@vppagmp χάρις@p ὁ@dgms προκάθημαι@ngmsp ἄλλως@b δέ@cs ποιέω@vppegmp πρόφασις@nafsc ὁ@dafs ἱκετεία@nafsc ὁ@dnms πόλεμος@nnmsc συνίστημι@viaa3s ὁ@ddmp δέ@b μιλήσιος@ndmpp ἄλλος@rpnmp τε@b πολύς@annmp- καί@cs πρόθυμος@ananps ὁ@dgmp ἴωνες@ngmpp ἐρυθραῖος@nnmpp συμμαχέω@viia3p καί@b μῆκος@nansc ἔχω@viaa3s καί@cs συμφορά@nafpc φέρω@viaa3s μέγας@anafp- ὁ@dnms πόλεμος@nnmsc εἶτα@b παύω@viam3s διά@p ἀρετή@nafsc γυνή@ngfsc ὡς@cs συνίστημι@viaa3s διά@p μοχθηρία@nafsc διόγνητος@nnmsp γάρ@b ὁ@dnms ὁ@dgmp ἐρυθραῖος@ngmpp στρατηγός@nnmsc ἔχω@vppanms καί@cs πιστεύω@vprenms ἔρυμα@nansc κατά@p ὁ@dgfs νάξιος@ngmpp πόλις@ngfsc εὖ@b φύω@vpraans καί@cs κατασκευάζω@vpreans ἐλαύνω@viam3s λεία@nafsc ὁ@dgmp νάξιος@ngmpp πολύς@anafs- καί@cs γυνή@nafpc ἐλεύθερος@anafp- καί@cs παρθένος@nafpc λαμβάνω@viaa3s ὅς@rpgfp εἷς@angfs- πολυκρίτης@nnmsp ἔραμαι@vpapnms ἔχω@viia3s αὐτός@rpafs οὐ@b ὡς@b αἰχμάλωτος@anafs- ἀλλά@cs ἐν@p τάξις@ndfsc γαμετή@ngfsc γυνή@ngfsc ἑορτή@ngfsc δέ@b ὁ@ddmp μιλήσιος@ndmpp καθήκω@vppagfs ἐν@p ὁ@ddfs στρατιά@ndfsc καί@cs πρός@p πόσις@nafsc ἅπας@angmp- καί@cs συνουσία@ngfsc τρέπω@vppegmp ἐρωτάω@viaa3s ὁ@dams διόγνητος@namsp ὁ@dnfs πολυκρίτη@nnfsp μή@cs τις@rpans κωλύω@vopa3s πέμμα@ngnpc μερίς@nafpc ἀποπέμπω@vnaa-- ὁ@ddmp ἀδελφός@ndmpc ἑαυτοῦ@rpgfs ἐπιτρέπω@vpaagms δέ@b ἐκεῖνος@rpgms καί@cs κελεύω@vpaagms ἐμβάλλω@viaa3s μολίβδινος@anans- γραμματίδιον@nansc εἰς@p ἄρτος@vppaams κελεύω@vpaanfs φράζω@vnaa-- ὁ@dams κομίζω@vppaams ὁ@ddmp ἀδελφός@ndmpc ὅπως@cs αὐτός@rpnmp μόνος@annmp- καταναλίσκω@vsaa3p ὅς@rpanp πέμπω@viaa3s ὁ@dnmp δέ@b ἐντυγχάνω@vpaanmp ὁ@ddms μόλυβδος@ndnsc καί@cs ὁ@danp γράμμα@nanpc ὁ@dgfs πολυκρίτης@ngfsp ἀναγιγνώσκω@vpaanmp κελεύω@vppagfs νύξ@ngfsc ἐπιτίθημι@vnae-- ὁ@ddmp πολέμιος@ndmpc ὡς@b ὑπό@p μέθη@ngfsc διά@p ὁ@dafs ἑορτή@nafsc ἐξαμελέω@vpregmp πᾶς@angmp- προσαγγέλλω@viaa3p ὁ@ddmp στρατηγός@ndmpc καί@cs παρορμάω@viaa3p ἐξέρχομαι@vnaa-- μετά@p αὐτός@rpgmp ἁλίσκομαι@vpaagns δέ@b ὁ@dgns χωρίον@ngnsc καί@cs πολύς@angmp- διαφθείρω@vpapgnp ἐξαιτέω@viam3s ὁ@dams διόγνητος@namsp ὁ@dnfs πολυκρίτη@nnfsp παρά@p ὁ@dgmp πολίτης@ngmpc καί@cs σῴζω@viaa3s αὐτός@rpnfs δέ@b πρός@p ὁ@ddfp πύλη@ndfpc γίγνομαι@vpamnfs πρός@p ὁ@damp πολίτης@nampc ἀπαντάω@vppaamp αὐτός@rpdfs μετά@p χαρά@ngfsc καί@cs στέφανος@ngmpc ὑποδέχομαι@vppeamp καί@cs θαυμάζω@vppaamp οὐ@b φέρω@viaa3s ὁ@dans μέγεθος@nansc ὁ@dgfs χαρά@ngfsc ἀλλά@cs ἀποθνῄσκω@viaa3s αὐτός@b πίπτω@vpaanfs παρά@p ὁ@dafs πύλη@nafsc ὅπου@b θάπτω@vire3s καί@cs καλέω@vipe3s βάσκανος@ngmsc τάφος@nnmsc ὡς@cs βάσκανος@andfs- τις@andfs- τύχη@ndfsc ὁ@dafs πολυκρίτης@nafsp φθονέω@vpapafs ἀπολαύω@vnaa-- ὁ@dgfp τιμή@ngfpc οὕτως@b μέν@b ὁ@dnmp νάξιος@ngmpp συγγραφεύς@nnmpc ἱστορέω@vipa3p ὁ@dnms δέ@b ἀριστοτέλης@nnmsp φημί@vipa3s οὐ@b δέ@cs ἁλίσκομαι@vpaagfs ὁ@dgfs πολυκρίτης@ngfsp ἄλλως@b δέ@b πως@b εἶδον@vpaaams ὁ@dams διόγνητος@namsp ἔραμαι@vnap-- καί@cs πᾶς@ananp- δίδωμι@vnpa-- καί@cs ποιέω@vnpa-- ἑτοῖμος@anams- εἰμί@vnpa-- ὁ@dafs δέ@cs ὁμολογέω@vnpa-- ἀφικνέομαι@vnfm-- πρός@p αὐτός@rpams εἷς@ngmsc μόνος@angns- τυγχάνω@vpaaafs περί@p ὅς@rpgms ὁ@dams διόγνητος@namsp ὡς@cs φημί@vipa3s ὁ@dnms φιλόσοφος@nnmsc ὅρκος@namsc αἰτέω@viaa3s ἐπεί@cs δέ@b ὄμνυμι@viaa3s ἀξιόω@viia3s ὁ@dans δήλιος@nansp αὐτός@rpdfs δίδωμι@vnap-- δήλιος@nansp γάρ@b καλέω@viie3s ὁ@dans χωρίον@nansc ἄλλως@b δέ@cs οὐ@b ἄν@b φημί@viia3s συνέρχομαι@vnaa-- ὁ@dnms δέ@b καί@b διά@p ὁ@dafs ἐπιθυμία@nafsc καί@cs διά@p ὁ@dams ὅρκος@namsc ἐξίστημι@viaa3s καί@cs παραδίδωμι@viaa3s ὁ@ddfs πολυκρίτῃ@ndfsp ὁ@dams τόπος@namsc ἐκεῖνος@rpnfs δέ@cs ὁ@ddmp πολίτης@ndmpc ἐκ@p δέ@b οὗτος@rpgns πάλιν@b εἰς@p ἴσος@anans- καθίστημι@vpaanmp ἐπί@p ὅς@rpdnp βούλομαι@viie3p πρός@p ὁ@damp μιλήσιος@nampp διαλύω@viap3p"
"Mul.virt._18","λάμψακος@nnfsp ἐκ@p φωκαία@ngfsp ὁ@dgns κόδριδες@ngmpp γένος@ngnsc εἰμί@viia3p ἀδελφός@nnmpc δίδυμος@annmp- φόβος@nnmsp καί@cs βλέψος@nnmsp ὅς@rpgmp ὁ@dnms φόβος@nnmsp ἀπό@p ὁ@dgfp λευκάς@ngfpp πέτρα@ngfpc πρῶτος@annms- ἀφίημι@viaa3s ἑαυτοῦ@rpams εἰς@p θάλασσα@nafsc ὡς@cs χάρων@nnmsp ὁ@dnms λάμψακηνός@ngmsp ἱστορέω@vira3s ἔχω@vppanms δέ@b δύναμις@nafsc καί@cs βασιλικός@anans- ἀξίωμα@nansc παραπλέω@viaa3s εἰς@p πάριον@nansp ἴδιος@angnp- ἕνεκα@p πρᾶγμα@ngnpc καί@b γίγνομαι@vpamnms φίλος@nnmsc καί@cs ξένος@nnmsc μάνδρων@ndmsp βασιλεύω@vppadms βῦκος@ngmpp ὁ@dgmp πιτυοέσσης@ngmpp προσαγορεύω@vppegmp βοηθέω@viaa3s καί@cs συμπολεμέω@viaa3s αὐτός@rpdmp ὑπό@p ὁ@dgmp πρόσοικος@ngmpc ἐνοχλέω@vppedmp ὁ@dnms δέ@b μάνδρων@nnmsp ἄλλος@anafs- τε@b πολύς@anafs- ἐνδείκνυμι@viam3s ὁ@ddms φόβος@ndmsp φιλοφροσύνη@nafsc ἀποπλέω@vppadms καί@cs μέρος@nansc ὁ@dgfs τε@b χώρα@ngfsc καί@cs ὁ@dgfs πόλις@ngfsc ὑπισχνέομαι@viie3s δίδωμι@vnfa-- εἰ@cs βούλομαι@vope3s φωκαιεύς@nampp ἔχω@vppanms ἔποικος@anamp- εἰς@p ὁ@dafs πιτυόεις@nafsp ἀφικνέομαι@vnam-- πείθω@vpaanms οὖν@b ὁ@damp πολίτης@nampc ὁ@dnms φόβος@nnmsp ἐκπέμπω@viaa3s ὁ@dams ἀδελφός@namsc ἄγω@vppaams ὁ@damp ἔποικος@anamp- καί@b ὁ@dnnp μέν@b παρά@p ὁ@dgms μάνδρων@ngmsp ὑπάρχω@vila3p αὐτός@rpdmp ὥσπερ@cs προσδοκέω@viap3p ὠφέλεια@nafpc δέ@b μέγας@anafp- καί@b λάφυρα@nanpc καί@cs λεία@nafpc ἀπό@p ὁ@dgmp πρόσοικος@angmp- βάρβαρος@ngmpc λαμβάνω@vppanmp ἐπίφθονος@annmp- ὁ@dans πρῶτος@anans- εἶτα@b καί@cs φοβερός@annmp- ὁ@ddmp βέβρυξ@ndmpp εἰμί@viia3p ἐπιθυμέω@vppanmp οὖν@b αὐτός@rpgmp ἀπαλλάσσω@vnap-- ὁ@dams μέν@b μάνδρων@namsp χρηστός@anams- εἰμί@vppaams καί@cs δίκαιος@anams- ἀνήρ@namsc περί@p ὁ@damp ἕλλην@nampp οὐ@b πείθω@viaa3p ἀποδημέω@vpaagms δέ@cs ἐκεῖνος@rpgms παρασκευάζω@viie3p ὁ@damp φωκαιεύς@nampp δόλος@ndmsc διαφθείρω@vnaa-- ὁ@dgms δέ@b μάνδρων@ngmsp ὁ@dnfs θυγάτηρ@nnfsc λάμψακος@nnfsp παρθένος@nnfsc εἰμί@vppanfs ὁ@dafs ἐπιβουλή@nafsc προγιγνώσκω@viaa3s καί@cs πρῶτος@anans- μέν@b ἐπιχειρέω@viia3s ὁ@damp φίλος@nampc καί@cs οἰκεῖος@anamp- ἀποτρέπω@vnpa-- καί@cs διδάσκω@vnpa-- ὡς@cs ἔργον@nansc δεινός@anans- καί@cs ἀσεβής@anans- ἐγχειρέω@vipa3p πράσσω@vnpa-- εὐεργέτης@nampc καί@cs σύμμαχος@nampc ἀνήρ@nampc νῦν@b δέ@cs καί@b πολίτης@nampc ἀποκτείνω@vppanmp ὡς@cs δέ@b οὐ@b πείθω@viia3s ὁ@ddmp ἕλλην@ndmpp φράζω@viaa3s κρύφα@b ὁ@danp πράσσω@vppeanp καί@cs παρακελεύομαι@viam3s φυλάσσω@vnpe-- ὁ@dnmp δέ@b θυσία@nafsc τις@anafs- παρασκευάζω@vpamnmp καί@cs θοίνη@nafsc ἐκκαλέω@viam3p ὁ@damp πιτυοεσσηνός@nampp εἰς@p ὁ@dans προάστειον@nansc ἑαυτοῦ@rpamp δέ@cs διαιρέω@vpaanmp δίχα@b ὁ@ddmp μέν@b ὁ@danp τεῖχος@nanpc καταλαμβάνω@viam3p ὁ@ddmp δέ@cs ὁ@damp ἄνθρωπος@nampc ἀναιρέω@viaa3p οὕτως@b δή@b ὁ@dafs πόλις@nafsc κατέχω@vpaanmp ὁ@dams τε@b μάνδρων@namsp μεταπέμπω@viie3p συμβασιλεύω@vnpa-- ὁ@ddmp παρά@p αὐτός@rpgmp κελεύω@vppanmp καί@b ὁ@dafs λάμψακος@nafsp ἐκ@p ἀρρωστία@ngfsc ἀποθνήσκω@vpaaafs θάπτω@viaa3p ἐν@p ὁ@ddfs πόλις@ndfsc μεγαλοπρεπής@b καί@cs ὁ@dafs πόλις@nafsc ἀπό@p αὐτός@rpgfs λάμψακος@nafsp προσαγορεύω@viaa3p ἐπεί@cs δέ@b ὁ@dnms μάνδρων@nnmsp προδοσία@ngfsc ὑποψία@nafsc φεύγω@vppanms ὁ@dans μέν@b οἰκέω@vnpa-- μετά@p αὐτός@rpgmp παραιτέομαι@viam3s παῖς@nampc δέ@cs ὁ@dgmp θνήσκω@vpragmp καί@cs γυνή@nafpc ἀξιόω@viaa3s κομίζω@vnam-- καί@b οὗτος@rpanp πρόθυμος@b οὐδείς@rpans ἀδικέω@vpaanmp ἐκπέμπω@viaa3p καί@b ὁ@ddfs λάμψακος@ndfsp πρότερος@anans- ἡρωικός@anafp- τιμή@nafpc ἀποδίδωμι@vppanmp ὕστερος@anans- ὡς@cs θεός@ndmsc θύω@vnpa-- ψηφίζω@viam3p καί@cs διατελέω@vipa3p οὕτως@b θύω@vppanmp"
"Mul.virt._19","ἀρεταφίλα@nnfsp ἀρεταφίλα@nnfsp δέ@b ὁ@dnfs κυρηναῖος@annfs- παλαιός@annfs- μέν@b οὐ@b γίγνομαι@vira3s ἀλλά@cs ἐν@p ὁ@ddmp μιθριδατικός@andmp- καιρός@ndmpc ἀρετή@nafsc δέ@cs καί@cs πρᾶξις@nafsc ἐνάμιλλος@anafs- ὁ@ddfs βουλή@ndfsc ὁ@dgfp ἡρωίς@ngmpc παρέχω@viaa3s εἰμί@viia3s δέ@b θυγάτηρ@nnfsc μέν@b αἰγλήτορος@ngmsp φαίδιμος@ngmsp δέ@cs γυνή@nnfsc γνώριμος@angmp- ἀνήρ@ngmpc καλός@annfs- δέ@b ὁ@dafs ὄψις@nafsc εἰμί@vppanfs καί@b ὁ@dans φρονέω@vnpa-- δοκέω@viia3s περισσός@annfs- τις@rpnfs εἰμί@vnpa-- καί@cs πολιτικός@angfs- δεινότης@ngfsc οὐ@b ἄμοιρος@annfs- ἐπιφανής@anafs- δέ@b αὐτός@rpafs ὁ@dnfp κοινός@annfp- τύχη@nnfpc ὁ@dgfs πατρίς@ngfsc ποιέω@viaa3p νικοκράτης@nnmsp γάρ@b ἐπανίστημι@vpaanms κυρηναῖος@andmp- τύραννος@nnmsc ἄλλος@rpamp τε@b πολύς@anamp- φονεύω@viia3s ὁ@dgmp πολίτης@ngmpc καί@cs ὁ@dams ἱερεύς@namsc ὁ@dgms ἀπόλλων@ngmsp αὐτόχειρ@nnmsc ἀναιρέω@vpaanms μελάνιππος@namsp ἔχω@viaa3s ὁ@dafs ἱερωσύνη@nafsc ἀναιρέω@viaa3s δέ@cs καί@b φαίδιμος@namsp ὁ@dams ὁ@dgfs ἀρεταφίλα@ngfsp ἀνήρ@namsc καί@cs ὁ@dafs ἀρεταφίλα@nafsp γαμέω@viaa3s ἀκούω@anafs- πρός@p δέ@b μυρίος@andnp- ἄλλος@andnp- πλημμέλημα@ndnpc φύλαξ@nampc ἐπί@p ὁ@dgfp πύλη@ngfpc καθίστημι@viaa3s ὅς@rpnmp ὁ@damp ἐκφέρω@vppeamp νεκρός@nampc λυμαίνομαι@viie3p νύσσω@vppanmp ξιφίδιον@ndnpc καί@cs καυστήριον@nanpc προσβάλλω@vppanmp ὑπέρ@p ὁ@dgns μηδείς@rpams ὁ@dgmp πολίτης@ngmpc ὡς@b νεκρός@anams- λανθάνω@vnaa-- ἐκκομίζω@vppeams δύσφορος@ananp- μέν@b οὖν@b καί@b ὁ@ddfs ἀρεταφίλα@ndfsp ὁ@danp οἰκεῖος@ananp- κακός@ananp- καίπερ@b ἐνδίδωμι@vppagms αὐτός@rpdfs διά@p ἔρως@namsc ὁ@dgms τύραννος@ngmsc πλεῖστος@anans- ἀπολαύω@vnpa-- ὁ@dgfs δύναμις@ngfsc ἡττάω@viie3s γάρ@b ἐκεῖνος@rpgfs καί@cs μόνος@andfs- χειροήθης@anams- παρέχω@viia3s ἑαυτοῦ@rpams ἄτεγκτος@annms- εἰμί@vppanms ὁ@danp ἄλλος@rpanp καί@cs θηριώδης@annmp- ἀνιάω@viia3s δέ@b μᾶλλον@b αὐτός@rpafs ὁ@dnfs πατρίς@nnfsc οἰκτρός@ananp- πάσχω@vppanfs παρά@p ἀξία@nafsc ἄλλος@rpnms γάρ@b ἐπί@p ἄλλος@rpdms ὁ@dgmp πολίτης@ngmpc σφάζω@viie3s τιμωρία@nnfsc δέ@cs ἀπό@p οὐδείς@rpgms ἐλπίζω@viie3s καί@b γάρ@b ὁ@dnmp φυγάς@nnmpc ἀσθενής@annmp- παντάπασι@b εἰμί@vppanmp καί@cs περίφοβος@annmp- διασπείρω@viaa3p ἑαυτοῦ@rpafs οὖν@b ὁ@dnfs ἀρεταφίλα@nnfsp ὑποτίθημι@vpaanfs μόνος@anafs- ὁ@ddnp κοινός@andmp- ἐλπίς@nafsc καί@cs ὁ@danp θήβη@ngfsp ζηλόω@vpaanfs ὁ@dgfs φεραία@ngfsp καλός@ananp- καί@cs περίβλεπτος@ananp- τόλμημα@nanpc σύμμαχος@ngmpc δέ@cs πιστός@angmp- καί@cs οἰκεῖος@angmp- οἷος@anamp- ἐκεῖνος@rpdfs ὁ@dnnp πρᾶγμα@nnnpc παρέχω@viaa3s ἐρῆμος@annfs- εἰμί@vppanfs φάρμακος@ndnpc ἐπιχειρέω@viaa3s διεργάζομαι@vnae-- ὁ@dams ἀνήρ@namsc παρασκευάζω@vppenfs δέ@b καί@b πορίζω@vppanfs καί@cs διαπειράομαι@vppenfs πολύς@angfp- δύναμις@ngfpc οὐ@b λανθάνω@viaa3s ἀλλά@cs μηνύω@viap3s καί@b γίγνομαι@vpamgfp ἔλεγχος@ngmpc καλβία@nnfsp μέν@b ὁ@dnfs ὁ@dgms νικοκράτης@ngmsp μήτηρ@nnfsc φύσις@ndfsc φονικός@annfs- γυνή@nnfsc καί@cs ἀπαραίτητος@annfs- εὐθύς2@b οἴομαι@viie3s δεῖ@vnpa-- ἀναιρέω@vnpa-- αἰκίζομαι@vpamafs ὁ@dafs ἀρεταφίλα@nafsp ὁ@dgms δέ@cs νικοκράτης@ngmsp μέλλησις@ndnpc ἐμποιέω@viia3s ὁ@ddfs ὀργή@ndfsc καί@cs ἀσθένεια@nafsc ὁ@dnms ἔρως@nnmsc καί@cs ὁ@dans ὁ@dafs ἀρεταφίλα@nafsp ἐρρωμένος@b ὁμόσε@b χωρέω@vnpa-- ὁ@ddfp κατηγορία@ndfpc ἀμύνω@vppaafs ἑαυτοῦ@rpdfs πρόφασις@nafsc τις@anafs- ὁ@ddns πάθος@ndnsc παρέχω@viia3s ἐπεί@cs δέ@b καταλαμβάνω@viie3s ὁ@ddmp ἔλεγχος2@ndmpc καί@cs ὁ@dafs παρασκευή@nafsc ὁ@dgfs φαρμακεία@ngfsc ὁράω@viia3s μή@b δέχομαι@vppeafs ἄρνησις@nafsc ὁμολογέω@viia3s παρασκευάζω@vnre-- δέ@cs οὐ@b ὀλέθριος@anafs- φαρμακεία@nafsc ἀλλά@cs ὑπέρ@p μέγας@angnp- λέγω@viaa3s ὦ@i ἀνήρ@nvmsc ἀγωνίζομαι@vipe1s ὁ@dgfs σός@angfs- εὔνοια@ngfsc πρός@p ἐγώ@rpams καί@b δόξα@ngfsc καί@cs δύναμις@ngfsc ὅς@rpafs διά@p σύ@rpacs καρπέω@vipe1s πολύς@andfp- ἐπίφθονος@annfs- εἰμί@vppanfs κακός@andfp- γυνή@ndfpc ὅς@rpgfp φάρμακον@nanpc δείδω@vpranfs καί@cs μηχανή@nafpc πείθω@viap1s ἀντιμηχανάομαι@vnam-- μωρός@ananp- μέν@b ἴσως@b καί@b γυναικεῖος@ananp- θάνατος@ngmsc δέ@cs οὐ@b ἄξιος@ananp- πλήν@b εἰ@cs κριτής@ndmsc σύ@rpdcs δοκέω@voaa3s φίλτρον@ngnpc ἕνεκα@p καί@cs γοητεία@ngfsc κτείνω@vnaa-- γυνή@nafsc πλείων@anansc ἤ1@cs σύ@rpncs βούλομαι@vipe2s φιλέω@vnpe-- δέω2@vppeafs τοιοῦτος@rpanp ὁ@dafs ἀρεταφίλα@nafsp ἀπολογέομαι@vppeafs δοκέω@viaa3s ὁ@ddms νικοκράτης@ndmsp βασανίζω@vnaa-- καί@cs ὁ@dgfs καλβίας@ngfsp ἐφίστημι@vpragfs ἄτεγκτος@angms- καί@cs ἀπαραίτητος@angfs- ὁ@ddfp βάσανος@ndfpc ἀνακρίνω@viaa3s καί@b διαφυλάσσω@viia3s ἑαυτοῦ@rpafs ἀήσσητος@anafs- ἐν@p ὁ@ddfp ἀνάγκη@ndfpc ἄχρι@p καί@b ὁ@dafs καλβία@nafsp ἀποκαλέω@vnaa-- ἀκούω@anafs- ὁ@dnms δέ@b νικοκράτης@nnmsp ἀφίημι@viaa3s πείθω@vpapnms καί@cs μεταννοέω@viia3s βασανίζω@vpaanms καί@b χρόνος@namsc οὐ@b πολύς@anams- διαλείπω@vpaanms αὖθις@b ἥκω@viia3s ὑπό@p ὁ@dgns πάθος@ngnsc εἰς@p αὐτός@rpafs φέρω@vppenms καί@cs σύνειμι1@viia3s αὖθις@b ἀναλαμβάνω@vppanms τιμή@ndfpc καί@cs φιλόφρων@ndfpc ὁ@dafs εὔνοια@nafsc ὁ@dnfs δέ@b οὐ@b μέλλω@viia3s χάρις@ngfsc ἡσσάομαι@vnpe-- κρατέω@vpaanfs βάσανος@ngfpc καί@cs πόνος@ngmpc ἀλλά@cs ὁ@ddms φιλόκαλος@andms- φιλονεικία@ngfsc προσγίγνομαι@vpamgfs ἕτερος@angfs- ἅπτω@viie3s μηχανή@ngfsc εἰμί@viia3s γάρ@b αὐτός@rpdfs θυγάτηρ@nnfsc ἀνήρ@ngmsc ὥρα@nafsc ἔχω@vppanfs καί@cs ὁ@dafs ὄψις@nafsc ἱκανός@annfs- οὗτος@rpafs ὑφίημι@viaa3s ὁ@ddms ἀδελφός@ndmsc ὁ@dgms τύραννος@ngmsc δέλεαρ@nansc εἰμί@vppadms μειράκιον@ndnsc πρός@p ἡδονή@nafpc εὐάλωτος@andmss πολύς@annms- δέ@b λόγος@nnmsc εἰμί@vipa3s χράω2@vpamafs γοητεία@ndfsc καί@cs φάρμακος@ndnpc ἐπί@p ὁ@ddfs κόρη@ndfsc ὁ@dafs ἀρεταφίλα@nafsp χειρόω@vnam-- καί@cs διαφθείρω@vnaa-- ὁ@dgms νεανίσκος@ngmsc ὁ@dams λογισμός@namsc καλέω@viie3s δέ@b λέανδρος@nnmsp ἐπεί@cs δέ@b ἁλίσκομαι@vila3s καί@cs λιπαρέω@vpaanms ὁ@dams ἀδελφός@namsc τυγχάνω@viaa3s ὁ@dgms γάμος@ngmsc ὁ@danp μέν@b ὁ@dnfs κόρη@nnfsc παράγω@viia3s αὐτός@rpams ὑπό@p ὁ@dgfs μήτηρ@ngfsc διδάσκω@vppenfs καί@cs ἀναπείθω@viia3s ἐλευθερόω@vnpa-- ὁ@dafs πόλις@nafsc ὡς@cs μη@b δέ@b αὐτός@rpams ἐλεύθερος@anams- ἐν@p τυραννίς@ndfsc ζάω@vppaams μη@b δέ@cs ὁ@dgns λαμβάνω@vnaa-- γάμος@namsc ἤ1@cs φυλάσσω@vnaa-- κύριος@anams- εἰμί@vppaams ὁ@danp δέ@cs ὁ@dnmp φίλος@annmp- ὁ@ddfs ἀρεταφίλα@ndfsp χαρίζομαι@vppenmp διαβολή@nafpc τις@anafp- ἀεί@b καί@cs ὑπόνοια@nafpc κατασκευάζω@viia3p αὐτός@rpdms πρός@p ὁ@dams ἀδελφός@namsc ὡς@cs δέ@b αἰσθάνομαι@viam3s καί@b ὁ@dafs ἀρεταφίλα@nafsp ὁ@danp αὐτός@rpanp βουλεύω@vppeafs καί@cs σπουδάζω@vppaafs ἐπιχειρέω@viia3s ὁ@dans ἔργον@nansc καί@cs δάφνις@namsp οἰκέτης@namsc παρορμάω@vpaanms ἀποκτείνω@viaa3s διά@p ἐκεῖνος@rpgms ὁ@dams νικοκράτης@namsp ὁ@danp λοιπός@ananp- δέ@b οὐκέτι@b ὁ@ddfs ἀρεταφίλα@ndfsp προσέχω@viia3s ἀλλά@cs εὐθύς2@b δείκνυμι@viaa3s ὁ@ddnp ἔργον@ndnpc ἀδελφοκτόνος@nnmsc οὐ@b τυραννοκτόνος@annms- γίγνομαι@vpranms ἄρχω@viia3s γάρ@x ἔμπληκτος@b καί@cs ἀνόητος@b τιμή@nnfsc δέ@b τις@annfs- ὅμως@b εἰμί@viia3s ὁ@dgfs ἀρεταφίλα@ngfsp παρά@p αὐτός@rpdms καί@cs δύναμις@nnfsc οὐ@b ἀπεχθάνομαι@vppegfs οὐ@b δέ@cs πολεμέω@vppagfs ἄντικρυς@b ἀλλά@cs ἄδηλος@b διατάσσω@vppagfs ὁ@danp πρᾶγμα@nanpc πρῶτος@anans- μέν@b γάρ@b αὐτός@rpdms λιβυκός@anams- ὑποκινέω@viaa3s πόλεμος@namsc ἀναβοάω@namsp τις@anams- πείθω@vpaanfs δυνάστης@anams- ὁ@dafs χώρα@nafsc ἐπιτρέχω@vnaa-- καί@cs ὁ@ddfs πόλις@ndfsc προσάγω@vnaa-- ἔπειτα@b διαβάλλω@viaa3s ὁ@damp φίλος@nampc καί@cs ὁ@damp στρατηγός@nampc πρός@p ὁ@dams λέανδρος@namsp ὡς@b πολεμέω@vnpa-- οὐ@b εἰμί@vppaamp πρόθυμος@anamp- εἰρήνη@ngfsc δέ@cs μᾶλλον@b δέω2@vppeamp καί@cs ἡσυχία@ngfsc ὅς@rpafs καί@b ὁ@danp πρᾶγμα@nanpc ποθέω@vnpa-- αὐτός@rpgms καί@cs ὁ@dafs τυραννίς@nafsc βούλομαι@vppegms βέβαιος@b κρατέω@vnpa-- ὁ@dgmp πολίτης@ngmpc αὐτός@rpnfs δέ@cs πράσσω@vnfa-- φημί@viia3s ὁ@dafp διάλυσις@nafpc καί@cs ὁ@dams ἀναβοάω@namsp εἰς@p λόγος@nampc αὐτός@rpdms συνάγω@vnfa-- ἐάν@cs κελεύω@vspa3s πρίν@cs ἀνήκεστος@anans- τις@rpans ὁ@dams πόλεμος@namsc ἐξεργάζομαι@vnam-- κελεύω@vpaagms δέ@b ὁ@dgms λέανδρος@ngmsp πρότερος@anans- αὐτός@rpnfs ὁ@ddms λίβυς@ndmsp διαλέγω@viap3s συλλαμβάνω@vnaa-- δέω2@vppenfs ὁ@dams τύραννος@namsc ἐπί@p δωρεά@ndfpc μέγας@andfp- καί@cs χρῆμα@ndnpc ὅταν@cs εἰς@p λόγος@nampc αὐτός@rpdms παραγίγνομαι@vsam3s πείθω@vpapgms δέ@b ὁ@dgms λίβυς@ngmsp ὀκνέω@viia3s μέν@b ὁ@dnms λέανδρος@nnmsp αἰδέομαι@vpapnms δέ@cs ὁ@dafs ἀρεταφίλα@nafsp αὐτός@rpafs πάρειμι@vnfm-- φάσκω@vppaafs ἐξέρχομαι@viaa3s ἄνοπλος@annms- καί@cs ἀφύλακτος@annms- ὡς@cs δέ@b ἐγγύς@b ἔρχομαι@viaa3s καί@cs ὁ@dams ἀναβοάω@namsp ὁράω@viaa3s αὖθις@b δυσχεραίνω@viia3s καί@cs περιμένω@vnpa-- βούλομαι@viie3s ὁ@damp δορύφορος@nampc ὁ@dnfs δέ@b ἀρεταφίλα@nnfsp πάρειμι1@vppanfs ὁ@danp μέν@b θαρσύνω@viia3s αὐτός@rpams ὁ@danp δέ@cs προπηλακίζω@viia3s τέλος@nansc δέ@b γίγνομαι@vpamgfs διατριβή@ngfsc ἐφέλκω@vpamnfs ὁ@dgfs χείρ@ngfsc ἰταμός@b πάνυ@b καί@cs τεθαρρηκότως@b προσάγω@viaa3s ὁ@ddms βάρβαρος@ndmsc καί@cs παραδίδωμι@viaa3s εὐθύς2@b οὖν@b ἀναρπάζω@vile3s καί@b συλλαμβάνω@vile3s καί@cs δέω1@vpapnms ὑπό@p ὁ@dgmp λίβυον@ngmpp τηρέω@viie3s ἄχρι@p ὅς@rpgns ὁ@danp χρῆμα@nanpc ὁ@ddfs ἀρεταφίλα@ndfsp κομίζω@vppanmp ὁ@dnmp φίλος@nnmpc παραγίγνομαι@viam3p μετά@p ὁ@dgmp ἄλλος@angmp- πολίτης@ngmpc πυνθάνομαι@vpamnmp γάρ@b ὁ@dnmp πολύς@annmp- ἐκτρέχω@viaa3p ἐπί@p ὁ@dafs παράκλησις@nafsc ὡς@cs δέ@cs εἶδον@viaa3p ὁ@dafs ἀρεταφίλα@nafsp ὀλίγος@anans- δέω@viaa3p ἐκλανθάνω@vnam-- ὁ@dgfs πρός@p ὁ@dams τύραννος@namsc ὀργή@ngfsc καί@cs πάρεργον@anafs- ὁ@dafs ἐκεῖνος@rpgms τιμωρία@nafsc νομίζω@viia3p ἔργον@nnnsc δέ@b πρῶτος@anans- εἰμί@viia3s αὐτός@rpdmp καί@b ἀπόλαυσμα@nnnsc ὁ@dgfs ἐλευθερία@ngfsc ἐκεῖνος@rpafs ἀσπάζομαι@vnam-- μετά@p χαρά@ngfsc καί@cs δάκρυον@ngnpc ὥσπερ@b ἄγαλμα@ndnsc θεός@ngmsc προσπίτνω@vppaamp ἄλλος@rpgmp δέ@b ἐπί@p ἄλλος@rpdmp ἐπιρρέω@vppagmp μόλις@b ἑσπέρα@ngfsc ὁ@dams λέανδρος@namsp παραλαμβάνω@vpaanmp ἐπανέρχομαι@viaa3p εἰς@p ὁ@dafs πόλις@nafsc ἐπεί@cs δέ@b ὁ@dgfp τιμή@ngfpc ὁ@dgfs ἀρεταφίλα@ngfsp καί@cs ὁ@dgmp ἔπαινος@ngmpc ἐμπίμπλημι@viap3p οὕτως@b τρέπω@vpamnmp πρός@p ὁ@damp τύραννος@nampc ὁ@dafs μέν@b καλβία@nafsp ζάω@vppaafs κατακαίω@viaa3p ὁ@dams δέ@cs λέανδρος@namsp ἐνράπτω@vpaanmp εἰς@p βύρσα@nafsc καταπίνω@viaa3p ἀξιόω@viia3p δέ@b ὁ@dafs ἀρεταφίλα@nafsp συνάρχω@vnpa-- καί@cs συνδιοικέω@vnpa-- ὁ@ddmp ἄριστος@andmp- ἀνήρ@ndmpc ὁ@dafs πολιτεία@nafsc ὁ@dnfs δέ@b ὡς@b ποικίλος@anans- τις@anans- δρᾶμα@nansc καί@cs πολυμερής@anans- ἀγωνίζομαι@vpamnfs μέχρι@p στέφανος@ngmsc μετάδοσις@ngfsc ὡς@cs ἐπεῖδον@viaa3s ὁ@dafs πόλις@nafsc ἐλεύθερος@anafs- εὐθύς2@b εἰς@p ὁ@dafs γυναικωνῖτις@nafsc ἐνδύω@viie3s καί@cs ὁ@dgns πολυπραγμονέω@vnpa-- ὁτιοῦν@b παραβάλλω@vppenfs ὁ@dams λοιπός@anams- χρόνος@namsc ἐν@p ἱστός@ndmpc ἡσυχία@nafsc ἄγω@vppanfs μετά@p ὁ@dgfp φίλος@angmp- καί@cs οἰκεῖος@angmp- διατελέω@viaa3s"
"Mul.virt._20","κάμμα@nnmpp εἰμί@viia3p ἐν@p γαλατίη@ndfsp δυνατός@annmps ὁ@dgmp τετράρχης@angmp- καί@cs τις@rpans καί@b κατά@p γένος@nansc προσήκω@vppanmp ἀλλήλων@rpdmp σινάτος@nnmsp τε@b καί@cs σινόριξ@nnmsp ὅς@rpgmp ὁ@dnms σινάτος@nnmsp γυνή@nafsc παρθένος@nafsc ἔχω@viaa3s κάμμας@nafsp ὄνομα@nansc περίβλεπτος@anafs- μέν@b ἰδέα@ndfsc σῶμα@ngnsc καί@cs ὥρα@ndfsc θαυμάζω@vppeafs δέ@b μᾶλλον@b διά@p ἀρετή@nafsc οὐ@b γάρ@b μόνος@anans- σώφρων@annms- καί@cs φίλανδρος@annms- ἀλλά@cs καί@b συνετός@annfs- καί@b μεγαλόφρων@annfs- καί@cs ποθεινός@annfs- ὁ@ddmp ὑπήκοος@andmp- εἰμί@viia3s διαφερόντως@b ὑπό@p εὐμένεια@ngfsc καί@cs χρηστότης@ngfsc ἐπιφανής@anafsc δέ@b αὐτός@rpafs ποιέω@viia3s καί@b ὁ@dans ὁ@dgfs ἄρτεμις@ngfsp ἱέρεια@nafsc εἰμί@vnpa-- ὅς@rpafs μάλιστα@b γαλάτης@nnfpp σέβω@vipa3p περί@p τε@cs πομπή@nafpc ἀεί@b καί@cs θυσία@nafpc κοσμέω@vpreafs ὁράω@vnpm-- μεγαλοπρεπής@b ἔραμαι@vpapnms οὖν@b αὐτός@rpgfs ὁ@dnms σινόριξ@nnmsp καί@cs μή@b τε@b πείθω@vnaa-- μή@b τε@cs βιάζω@vnam-- ζάω@vppagms ὁ@dgms ἀνήρ@ngmsc δυνατός@annms- εἰμί@vppanms ἔργον@nansc ἐργάζομαι@viae3s δεινός@anans- ἀποκτείνω@viaa3s γάρ@b δόλος@ndmsc ὁ@dams σινάτος@namsp καί@cs χρόνος@namsc οὐ@b πολύς@anams- διαλείπω@vpaanms μνάομαι@viie3s ὁ@dafs κάμμας@nafsp ἐν@p ὁ@ddns ἱερόν@ndnsc ποιέω@vppeafs διατριβή@nafpc καί@cs φέρω@vppaafs οὐ@b οἰκτρός@b καί@cs ταπεινός@b ἀλλά@cs θυμός@ndmsc νόος@namsc ἔχω@vppadms καί@cs καιρός@namsc περιμένω@vppadms ὁ@dafs ὁ@dgms σινόριγος@ngmsp παρανομία@nafsc ὁ@dnms δέ@b λιπαρής@annms- εἰμί@viia3s περί@p ὁ@dafp δέησις@nafpc καί@cs λόγος@ngmpc δοκέω@viia3s μή@b παντάπασι@b ἀπορέω@vnpa-- εὐπρέπεια@nafsc ἔχω@vppagmp ὡς@b ὁ@danp μέν@b ἄλλος@rpanp σίνατος@ngfsp βελτίων@ananpc παρέχω@vpranms ἑαυτοῦ@rpams ἀναιρέω@vpaanms δέ@cs ἐκεῖνος@rpams ἔρως@ndmsc ὁ@dgfs κάμμη@ngfsp μή@b διά@p ἕτερος@anafs- τις@anafs- πονηρία@nafsc εἰμί@viia3p οὖν@b ὁ@dans πρῶτος@anans- ἄρνησις@nnfpc οὐ@b ἄγαν@b ἀπηνής@annfp- ὁ@dgfs γυνή@ngfsc εἶτα@cs κατά@p μικρός@anans- δοκέω@viia3s μαλάσσω@vnpe-- καί@b γάρ@b οἰκεῖος@annmp- καί@cs φίλος@nnmpc πρόσκειμαι@viie3p θεραπείη@ndfsc καί@cs χάρις@ndfsc ὁ@dgms σινόριγος@ngfsp μέγας@anamss δύναμαι@vppegfs πείθω@vppanmp αὐτός@rpafs καί@cs καταβιάζομαι@vppenmp τέλος@nansc δέ@cs συγχωρέω@viia3s καί@cs μεταπέμπω@viie3s πρός@p ἑαυτοῦ@rpams ἐκεῖνος@rpams ὡς@b παρά@p ὁ@ddfs θεός@ndfsc ὁ@dgfs συναινέω@ngfsc καί@cs κατάπιστωσις@ngfsc γίγνομαι@vpfmgfs ἔρχομαι@vpaaams δέ@b δέχομαι@vpamnfs φιλόφρων@b καί@cs προσάγω@vpaanfs ὁ@ddms βωμός@ndmsc κατασπένδω@viaa3s ἐκ@p φιάλη@ngfsc καί@cs ὁ@dans μέν@b ἐκπίνω@viaa3s αὐτός@rpnfs ὁ@dans δέ@cs ἐκεῖνος@rpams κελεύω@viaa3s εἰμί@viia3s δέ@cs φαρμάσσω@vprenns μελίκρατον@annns- ὡς@cs δέ@b εἶδον@viaa3s πίνω@vpraams λαμπρός@anams- ἀνολολύζω@viaa3s καί@cs ὁ@dafs θεός@nafsc προσκυνέω@vpaanfs μαρτύρομαι@vipe1s σύ@rpa-s λέγω@viaa3s ὦ@i πολυτίμητος@anvms- δαίμων@nvmsc ὅτι@cs οὗτος@angfs- ἕνεκα@p ὁ@dgfs ἡμέρα@ngfsc ἐπιζέω@viaa1s ὁ@ddms σίνατος@ngmsp φόνος@ndmsc χρόνος@namsc τοσοῦτος@anams- οὐδείς@anans- ἀπολαύω@vppanfs ὁ@dgms βίος@ngmsc χρηστός@anams- ἀλλά@cs ἤ1@cs ὁ@dafs ἐλπίς@nafsc ὁ@dgfs δίκη@ngfsc ὅς@rpafs ἔχω@vppanfs καταβαίνω@vipa1s πρός@p ὁ@dams ἐμός@anams- ἀνήρ@namsc σύ@rpdms δέ@b ὦ@i πᾶς@angmp- ἀνόσιος@anvmss ἄνθρωπος@ngmpc τάφος@namsc ἀντί@p θάλαμος@ngmsc καί@cs γάμος@ngmsc παρασκευάζω@vmpa3p ὁ@dnmp προσήκω@vppanmp οὗτος@rpanp δέ@b ἀκούω@vpaanms ὁ@dnms γαλάτης@nnmsp καί@b ὁ@dgns φάρμακον@ngnsc δράω@vppagms ἤδη@b καί@cs διακινέω@vppagms ὁ@dans σῶμα@nansc συναισθάνομαι@vppenms ἐπιβαίνω@viaa3s μέν@b ὄχημα@ngnsc ὡς@b σάλος@ndmsc καί@cs τινάγμος@ndmsc χράω2@vpfmnms ἐξίστημι@viaa3s δέ@cs παραχρῆμα@b καί@cs μεταβαίνω@vpaanms εἰς@p φορέω@nansc ἑσπέρα@ngfsc ἀποθνῄσκω@viaa3s ὁ@dnfs δέ@b κάμμα@nnfsp διαφέρω@vpaanfs ὁ@dafs νύξ@nafsc καί@cs πυνθάνομαι@vpamnfs τέλος@nansc ἔχω@vnpa-- ἐκεῖνος@rpams εὔθυμος@b καί@cs ἱλαρός@b καταστρέφω@viaa3s"
"Mul.virt._21","στρατονίκη@namsp παρέχω@viaa3s δέ@b ὁ@dnfs γαλατίη@annfs- καί@b στρατονίκη@nafsp ὁ@dafs δηιοτάρος@ngmsp καί@cs χιομάρα@nafsp ὁ@dafs ὀρτιάγων@ngmsp ἀξία@angfs- μνήμη@ngfsc γυνή@nafpc ὁ@dnfs μέν@b οὖν@b στρατονίκη@nnfsp δέω@vppeams γνήσιος@angmp- παῖς@ngmpc ἐπί@p διαδοχή@ndfsc ὁ@dgfs βασίλεια@ngfsc ἐφίστημι@vppenfs ὁ@dams ἀνήρ@namsc μή@b τίκτω@vppanfs δέ@cs αὐτός@rpnfs συμπείθω@viaa3s ἐκ@p ἕτερος@angfs- γυνή@ngfsc παιδοποιέω@vpamams αὐτός@rpdfs ὁ@dans παιδίον@nansc περίἰδέω@vnpa-- ὑποβάλλω@vppeans ὁ@dgms δέ@b δηιοτάρος@ngmsp ὁ@dafs τε@b γνώμη@nafsc θαυμάζω@vpaagms καί@cs πᾶς@anans- ἐπί@p αὐτός@rpdfs ποιέω@vpamgms παρθένος@nafsc εὐπρεπής@anafs- παρασκευάζω@vpaanfs ὁ@dgmp αἰχμάλωτος@angmp- ὄνομα@nansc ἠλέκτρα@nafsp συνέργω@viaa3s ὁ@ddms δηιοτάρος@ndmsp καί@cs ὁ@damp γίγνομαι@vpamamp παῖς@nampc ὥσπερ@b γνήσιος@anamp- αὐτός@rpgfs τρέφω@viaa3s φιλόστοργος@b καί@cs μεγαλοπρεπής@b"
"Mul.virt._22","χιομάρα@namsp χιομάρα@nafsp δέ@b συμβαίνω@viaa3s ὁ@dafs ὀρτιάγων@ngmsp αἰχμάλωτος@anafs- γίγνομαι@vnam-- μετά@p ὁ@dgfp ἄλλος@angfp- γυνή@ngfpc ὅτε@cs ῥωμαῖος@nnmpp καί@cs γναῖος@nnmsp νικάω@viaa3p μάχη@ndfsc ὁ@damp ἐν@p ἀσία@ndfsp γαλάτης@nampp ὁ@dnms δέ@b λαμβάνω@vpaanms αὐτός@rpafs ταξίαρχος@nnmsc χράω2@viam3s ὁ@ddfs τύχη@ndfsc στρατιωτικός@b καί@cs καταισχύνω@viaa3s εἰμί@viia3s δέ@b ἄρα@b καί@b πρός@p ἡδονή@nafsc καί@cs ἀργύριον@nansc ἀμαθής@annms- καί@cs ἀκρατής@annms- ἄνθρωπος@nnfsc ἡσσάομαι@viae3s δέ@cs ὅμως@b ὑπό@p ὁ@dgfs φιλαργυρία@ngfsc καί@b χρυσίον@ngnsc συχνός@angns- διομολογέω@vpapgns ὑπέρ@p ὁ@dgfs γυνή@ngfsc ἄγω@viia3s αὐτός@rpafs ἀπολυτρόω@vpfanms ποταμός@ngmsc τις@angms- ἐν@p μέσος@andns- διείργω@vppagms ὡς@cs δέ@b διαβαίνω@vpaanmp ὁ@dnmp γαλάτης@nnmpp ὁ@dans χρυσίον@nansc δίδωμι@viaa3p αὐτός@rpdms καί@cs παραλαμβάνω@viia3p ὁ@dafs χιομάρα@nafsp ὁ@dnfs μέν@b ἀπό@p νεῦμα@ngnsc προστάσσω@viaa3s εἷς@ndmsc παίω@vnaa-- ὁ@dams ῥωμαῖος@namsp ἀσπάζομαι@vppeams αὐτός@rpafs καί@cs φιλοφρονέομαι@vppeams ἐκεῖνος@rpgms δέ@cs πείθω@vpapgms καί@cs ὁ@dafs κεφαλή@nafsc ἀποκόπτω@vpaagms αἴρω@vpamnfs καί@cs περιστέλλω@vpaanfs ὁ@ddmp κόλπος@ndmpc ἀπελαύνω@viaa3s ὡς@cs δέ@b ἔρχομαι@viaa3s πρός@p ὁ@dams ἀνήρ@namsc καί@cs ὁ@dafs κεφαλή@nafsc αὐτός@rpdms προβάλλω@viaa3s ἐκεῖνος@rpgms θαυμάζω@vpaagms καί@cs εἶπον@vpaagms ὦ@i γυνή@nvfsc καλός@annns- ὁ@dnfs πίστις@nnfsc ναί@i λέγω@viaa3s ἀλλά@cs καλός@annnsc εἷς@anams- μόνος@anams- ζάω@vnpa-- ἐγώ@rpdfs συγγίγνομαι@vpreams οὗτος@rpdfs μέν@b ὁ@dnms πολύβιος@nnmsp φημί@vipa3s διά@p λόγος@ngmpc ἐν@p σάρδεις@ndfpp γίγνομαι@vpamnms θαυμάζω@vnaa-- ὁ@dans τε@b φρόνημα@nansc καί@cs ὁ@dafs σύνεσις@nafsc"
"Mul.virt._23","γύναιος@namsc περγαμηνός@namsp ἐπεί@cs δέ@b μιθριδάτης@nnmsp ἑξήκοντα@an---- γαλάτης@ngmpp ὁ@damp ἄριστος@anamp- μεταπέμπω@vpamnms εἰς@p πέργαμον@namsp ὡς@b φίλος@nampc ὑβριστικός@b δοκέω@viia3s καί@cs δεσποτικός@b προσφέρω@vnpe-- καί@cs πᾶς@annmp- ἀγανακτέω@viia3p πορηδόριξ@nnmsp ἀνήρ@nnmsc ὁ@dans τε@cs σῶμα@nansc ῥωμαλέος@annms- καί@cs ὁ@dafs ψυχή@nafsc διαφέρω@vppanms εἰμί@viia3s δέ@cs τοσιωπάω@ngmpp τετράρχης@annms- ἀναδέχομαι@viam3s ὁ@dams μιθριδάτης@namsp ὅταν@cs ἐν@p ὁ@ddns βῆμα@ndnsc ἐν@p γυμνάσιον@ndnsc χρηματίζω@vspa3s συναρπάζω@vpaanms ὠθέω@vnfa-- ἅμα@b σύν@p αὐτός@rpdms κατά@p ὁ@dgfs φάραγξ@ngfsc τύχη@ndfsc δέ@b τις@andfs- ὁ@dgfs ἡμέρα@ngfsc ἐκεῖνος@angfs- οὐ@b ἀναβαίνω@vpaagms εἰς@p ὁ@dans γυμνάσιον@nansc αὐτός@rpgms μεταπέμπω@vppegms δέ@cs ὁ@damp γαλάτης@nampp οἴκαδε@b θαρσέω@vnpa-- παρακαλέω@viia3s καί@cs ὅταν@cs ἐν@p ὁ@ddns αὐτός@rpdms γίγνομαι@vsam3p διασπάω@vnaa-- ὁ@dans σῶμα@nansc καί@cs διαφθείρω@vnaa-- πανταχόθεν@b προσπίτνω@vpaaamp οὗτος@rpnns οὐ@b λανθάνω@viaa3s ὁ@dams μιθριδάτης@namsp ἀλλά@cs μήνυσις@ngfsc γίγνομαι@vpamgfs κατά@p εἷς@namsc ὁ@dgmp γαλάτης@ngmpp παραδίδωμι@viia3s σφάζω@vpfmams εἶτα@b πως@b ἀναμιμνήσκω@vpapnms νεανίσκος@ngmsc πολύς@anans- προέχω@vppagms ὥρα@ndfsc καί@cs κάλλος@ndnsc ὁ@dgmp κατά@p ἑαυτοῦ@rpams οἰκτίρω@viaa3s καί@cs μεταννοέω@viia3s καί@b δῆλος@annms- εἰμί@viia3s ἄχθομαι@vppenms ὡς@b ἐν@p πρῶτος@andnp- ἀπόλλυμι@vpragms ὅμως@b δέ@b πέμπω@viaa3s εἰ@cs ζάω@vppanms εὑρίσκω@voap3s μεθίημι@vnaa-- κελεύω@vppanms εἰμί@viia3s δέ@cs ὄνομα@nansc ὁ@ddms νεανίσκος@ndmsc βηπολιτανός@nnmsp καί@cs τις@rpnfs αὐτός@andms- τύχη@nnfsc θαυμαστός@annfs- συμπίτνω@viaa3s καλός@anafs- γάρ@b ἐσθής@nafsc καί@cs πολυτελής@anafs- συλλαμβάνω@viap3s φορέω@vppanms ὅς@rpafs ὁ@dnms δήμιος@annms- ἀναίμακτος@anafs- ἑαυτοῦ@rpdms καί@cs καθαρός@anafs- διαφυλάσσω@vnaa-- βούλομαι@vppenms καί@cs ἀποδύω@vppanms ἠρέμα@b ὁ@dams νεανίσκος@namsc εἶδον@viaa3s ὁ@damp παρά@p ὁ@dgms βασιλεύς@ngmsc προσθέω@vppaamp ἅμα@b καί@cs ὁ@dans ὄνομα@nansc ὁ@dgns μειράκιον@ngnsc βοάω@vppaamp ὁ@dams μέν@b οὖν@b βηπολιτανός@namsp ὁ@dnfs πολύς@anamp- ἀπόλλυμι@vpaanfs φιλαργυρία@nnfsc διασῴζω@viaa3s ἀπροσδόκητος@b ὁ@dnms δέ@b πορηδόριξ@nnmsp κατακόπτω@vpapnms ἄταφος@nnmsc ἐκβάλλω@vile3s καί@cs ὁ@dgmp φίλος@ngmpc οὐδείς@rpnms τολμάω@viaa3s προσέρχομαι@vnaa-- γύναιον@namsc δέ@b περγαμηνός@namsp γιγνώσκω@vpreams ἀπό@p ὥρα@ngfsc ζάω@vppadms ὁ@ddms γαλάτης@ndmsp προκινδυνεύω@viaa3s θάπτω@vnaa-- καί@cs περιστέλλω@vnaa-- ὁ@dams νεκρός@namsc αἰσθάνομαι@viam3p δέ@b ὁ@dnmp φύλαξ@nnmpc καί@cs συλλαμβάνω@vpaanmp ἀνάγω@viaa3p πρός@p ὁ@dams βασιλεύς@namsc λέγω3@vipe3s μέν@b οὖν@b τις@rpans καί@b πρός@p ὁ@dafs ὄψις@nafsc αὐτός@rpgfs πάσχω@vnaa-- ὁ@dnms μιθριδάτης@nnmsp ναῦς@angfs- παντάπασι@b καί@b ἄκακος@angfs- ὁ@dgfs παιδίσκη@ngfsc φαίνω@vpapgfs ἔτι@b δέ@b μᾶλλον@b ὡς@cs ἔοικα@vira3s ὁ@dafs αἰτία@nafsc γιγνώσκω@vpaanms ἐρωτικός@anafs- εἰμί@vppaafs ἐπικλαίω@viap3s καί@cs συγχωρέω@viaa3s ἀναιρέω@vnam-- καί@cs θάπτω@vnaa-- ὁ@dams νεκρός@namsc ἐσθής@nafsc καί@cs κόσμος@namsc ἐκ@p ὁ@dgmp ἐκεῖνος@rpgms λαμβάνω@vpaaafs"
"Mul.virt._24","τιμοκλεία@nnmsp θεαγένης@nnmsp ὁ@dnms θηβαῖος@annms- ἐπαμεινώνδας@ndmsp καί@b πελοπίδης@ndfsp καί@cs ὁ@ddmp ἄριστος@andmp- ἀνήρ@ndmpc ὁ@dafs αὐτός@anafs- ὑπέρ@p ὁ@dgfs πόλις@ngfsc λαμβάνω@vpaanms διάνοια@nafsc πταίω@viaa3s περί@p ὁ@dafs κοινός@anafs- τύχη@nafsc ὁ@dgfs ἑλλάς@ngfsp ἐν@p χαιρωνεία@ndfsp κρατέω@vppanms ἤδη@b καί@cs διώκω@vppanms ὁ@damp κατά@p αὐτός@rpams ἀντιτάσσω@vpreamp ἐκεῖνος@rpnms γάρ@b εἰμί@viia3s ὁ@dnms πρός@p ὁ@dams ἐμβοάω@vpaaams μέχρι@p ποῦ@b διώκω@vipa2s ἀποκρίνω@vpamnms μέχρι@p μακεδονία@ngfsp ἀποθνήσκω@vpaadms δέ@b αὐτός@rpdms περίειμι1@viia3s ἀδελφή@nnfsc μαρτυρέω@vppanfs καί@b ἐκεῖνος@rpams ἀρετή@ndfsc γένος@ngnsc καί@cs φύσις@ndfsc μέγας@anams- ἀνήρ@namsc καί@cs λαμπρός@anams- γίγνομαι@vnam-- πλήν@p οὗτος@rpdfs γε@b καί@b χρηστός@anans- ἀπολαύω@vnaa-- τις@rpans ὁ@dgfs ἀρετή@ngfsc ὑπάρχω@viaa3s ὥστε@cs κοῦφος@anansc ὅσος@annns- ὁ@dgnp κοινός@angnp- ἀτύχημα@ngnpc εἰς@p αὐτός@rpafs ἔρχομαι@viaa3s φέρω@vnaa-- ἐπεί@cs γάρ@b κρατέω@viaa3s θηβαῖος@ngmpp ἀλέξανδρος@nnmsp ἄλλος@rpnmp δέ@cs ἄλλος@rpanp ὁ@dgfs πόλις@ngfsc πορθέω@viia3p ἐπέρχομαι@vppanmp τυγχάνω@viaa3s ὁ@dafs τιμοκλεία@ngfsp οἰκία@nafsc καταλαμβάνω@vpaanms ἄνθρωπος@nnmsc οὐ@b ἐπιεικής@annms- οὐ@b δέ@cs ἥμερος@annms- ἀλλά@cs ὑβριστής@nnmsc καί@cs ἀνόητος@annms- ἄρχω@viia3s δέ@cs θρᾷξ@angfs- τις@angfs- ἴλη@ngfsc καί@cs ὁμώνυμος@annms- εἰμί@viia3s ὁ@dgms βασιλεύς@ngmsc οὐδείς@anans- δέ@cs ὅμοιος@annms- οὐ@b τε@b γάρ@b ὁ@dans γένος@nansc οὐ@b τε@cs ὁ@dams βίος@namsc αἰδέομαι@vpapnms ὁ@dgfs γυνή@ngfsc ὡς@cs ἐμπίμπλημι@viaa3s ἑαυτοῦ@rpams οἶνος@ngmsc μετά@p δεῖπνον@nansc καλέω@viia3s συναναπαύω@vpfmafs καί@b οὗτος@annns- πέρας@nnnsc οὐ@b εἰμί@viia3s ἀλλά@cs καί@b χρυσός@namsc ζητέω@viia3s καί@cs ἄργυρος@nnnsc εἰ@cs τις@rpnms εἰμί@vopa3s κρύπτω@vprenms ὑπό@p αὐτός@rpgfs ὁ@danp μέν@b ὡς@b ἀπόλλυμι@vpfanms ὁ@danp δέ@b ὡς@b ἔχω@vpfanms διά@p πᾶς@angns- ἐν@p τάξις@ndfsc γυνή@ngfsc ὁ@dnfs δέ@b δέχομαι@vpamnfs λαβή@nafsc αὐτός@rpgms δίδωμι@vppagms ὀφείλω@viaa1s μέν@b εἶπον@viaa3s θνήσκω@vnra-- πρό@p οὗτος@angfs- ἐγώ@rpnms ὁ@dgfs νύξ@ngfsc ἤ1@cs ζάω@vnpa-- ἵνα@cs ὁ@dans γοῦν@b σῶμα@nansc πᾶς@angnp- ἀπόλλυμι@vppegnp ἀπείρατος@anans- ὕβρις@ngfsc διαφυλάσσω@viaa1s πράσσω@vpregnp δέ@cs οὕτως@b εἰ@cs σύ@rpa-s κηδεμών@namsc καί@b δεσπότης@namsc καί@cs ἀνήρ@namsc δεῖ@vipa3s νομίζω@vnpa-- ἐν@p ὁ@dgms δαίμων@ngmsc δίδωμι@vppagms οὐ@b ἀποστερέω@vifa1s σύ@rpacs ὁ@dgnp σός@angnp- ἐμαυτοῦ@rpafs γάρ@b ὅς@rpans τις@anans- βούλομαι@vsaa3s ὁράω@vipa1s γίγνομαι@vpreafs ἐγώ@rpdms περί@p σῶμα@nansc κόσμος@nnmsc εἰμί@viia3s καί@cs ἄργυρος@nnmsc ἐν@p ἔκπωμα@ndnpc εἰμί@viia3s τις@rpnns καί@b χρυσός@ngmsc καί@cs νόμισμα@ngnsc ὡς@cs δέ@b ὁ@dnfs πόλις@nafpc ἁλίσκομαι@viie3s πᾶς@ananp- συλλαμβάνω@vnaa-- κελεύω@vpaanfs ὁ@dafp θεραπαινίς@nafpc ῥίπτω@viaa1s μᾶλλον@b δέ@b κατατίθημι@viam1s εἰς@p φρέαρ@nansc ὕδωρ@nansc οὐ@b ἔχω@vppaans οὐ@b δέ@cs οἶδα@vipa3p αὐτός@rpans πολύς@annmp- πῶμα@nnnsc γάρ@x ἔπειμι1@vipa3s καί@cs κύκλος@ndmsc περιφύομαι@vira3s ὕλη@nnfsc σύσκιος@annfs- οὗτος@rpanp σύ@rpnms μέν@b εὐτυχέω@vopa2s λαμβάνω@vpaanms ἐγώ@rpdms δέ@cs εἰμί@vifm3s πρός@p σύ@rpa-s μαρτύριον@nnnpc καί@cs γνώρισμα@nnnpc ὁ@dgfs περί@p ὁ@dams οἶκος@namsc εὐτυχία@ngfsc καί@cs λαμπρότης@ngfsc ἀκούω@vpaanms οὖν@b ὁ@dnms μακεδών@nnmsp οὐ@b περιμένω@viaa3s ὁ@dafs ἡμέρα@nafsc ἀλλά@cs εὐθύς2@b βαδίζω@viia3s ἐπί@p ὁ@dams τόπος@namsc ἡγέομαι@vppmgms ὁ@dgfs τιμοκλεία@ngfsp καί@b ὁ@dams κῆπος@namsc ἀποκλείω@vnaa-- κελεύω@vpaanms ὅπως@cs αἰσθάνομαι@voam3s μηδείς@rpnms καταβαίνω@viia3s ἐν@p ὁ@ddms χιτών@ndmsc στυγερός@ananp- δέ@b ἡγέομαι@viim3s κλωθώ@nnfsp τιμωρός@annms- ὑπό@p ὁ@dgfs τιμοκλεία@ngfsp ἐφίστημι@vpragfs ἄνωθεν@b ὡς@cs δέ@b αἰσθάνομαι@viam3s ὁ@ddfs φωνή@ndfsc κάτω@b γίγνομαι@vpragns πολύς@anamp- μέν@b αὐτός@rpnfs ὁ@dgmp λίθος@ngmpc ἐπιφέρω@viia3s πολύς@anamp- δέ@cs καί@cs μέγας@anamp- ὁ@dnfp θεραπαινίς@nnfpc ἐπιφορέω@viia3p ἄχρι@p ὅς@rpgns κατακόπτω@viaa3p αὐτός@rpams καί@cs κατέχω@viaa3p ὡς@cs δέ@b γιγνώσκω@viaa3p ὁ@dnmp μακεδών@nnmpp καί@cs ὁ@dams νεκρός@namsc ἀναιρέω@viam3p κήρυγμα@ngnsc ἤδη@b γίγνομαι@vpragns μηδείς@rpams κτείνω@vnpa-- θηβαῖος@ngmpp ἄγω@viia3p αὐτός@rpafs συλλαμβάνω@vpaanmp ἐπί@p ὁ@dams βασιλεύς@namsc καί@cs προσαγγέλλω@viaa3p ὁ@dans τολμάω@vpreans ὁ@dnms δέ@b καί@b ὁ@ddfs κατάστασις@ndfsc ὁ@dgns πρόσωπον@ngnsc καί@cs ὁ@ddns σχολαῖος@ndnsc ὁ@dgns βάδισμα@ngnsc ἀξιωματικός@anans- τις@rpans καί@cs γενναῖος@anans- ἐνοράω@vpaanms πρῶτος@anans- ἀνακρίνω@viaa3s αὐτός@rpafs τις@rpnfs εἰμί@vopa3s γυνή@ngfpc ὁ@dnfs δέ@b ἀκατάπληκτος@b πάνυ@b καί@cs τεθαρρηκότως@b λέγω@viaa3s ἐγώ@rpdms θεαγένης@nnmsp εἰμί@viia3s ἀδελφός@nnmsc ὅς@rpnms ἐν@p χαιρωνεία@ndfsp στρατηγός@vppanms καί@cs μάχομαι@vppenms πρός@p σύ@rpamp ὑπέρ@p ὁ@dgfs ὁ@dgmp ἕλλην@ngmpp ἐλευθερία@ngfsc πίπτω@viaa3s ὅπως@cs ἐγώ@rpnmp μηδείς@rpans τοιοῦτος@anans- πάσχω@vsaa1p ἐπεί@cs δέ@b πάσχω@vira1p ἀνάξιος@ananp- ὁ@dgns γένος@ngnsc ἀποθνήσκω@vnaa-- οὐ@b φεύγω@vipa1p οὐ@b δέ@b γάρ@b ἀμείνων@annnsc ἴσως@b ζάω@vppaafs ἕτερος@angfs- πειράω@vnpe-- νύξ@ngfsc εἰ@cs σύ@rpncs οὗτος@rpans μή@b κωλύω@vifa2s ὁ@dnmp μέν@b οὖν@b ἐπιεικής@annmps ὁ@dgmp πάρειμι1@vppagmp δακρύω@viaa3p ἀλέξανδρος@ndmsp δέ@cs οἰκτίρω@vnpa-- μέν@b οὐ@b ἔπειμι2@viia3s ὁ@dafs ἄνθρωπος@nafsc ὡς@b μέγας@ananpc θαυμάζω@vpaanms δέ@cs ὁ@dafs ἀρετή@nafsc καί@cs ὁ@dams λόγος@namsc εὖ@b μάλα@b καθάπτω@vpamams αὐτός@rpgms ὁ@ddmp μέν@b ἡγεμών@ndmpc παραγγέλλω@viaa3s προσέχω@vnpa-- καί@cs φυλάσσω@vnpa-- μή@cs πάλιν@b ὕβρισμα@nnnsc τοιοῦτος@annns- εἰς@p οἰκία@nafsc ἔνδοξος@annns- γίγνομαι@vsam3s ὁ@dafs δέ@b τιμόκλεια@nafsp ἀφίημι@viaa3s αὐτός@rpafs τε@b καί@cs πᾶς@anamp- ὅσος@annmp- κατά@p γένος@nansc αὐτός@rpdfs προσήκω@vppanmp εὑρίσκω@viap3p"
"Mul.virt._25","ἐρυξώ@nnfsp βάττος@ngmsp ὁ@dgms ἐπικαλέω@vpapgms εὐδαίμων@ngmsp υἱός@nnmsc ἀρκεσίλαος@nnmsp εἰμί@viia3s οὐδείς@rpans ὅμοιος@annms- ὁ@ddms πατήρ@ndmsc ὁ@damp τρόπος@nampc καί@cs γάρ@b ζάω@vppagms ἔτι@b περί@p ὁ@dafs οἰκία@nafsc περιτίθημι@vpaanms ἔπαλξις@nafpc ὑπό@p ὁ@dgms πατήρ@ngmsc ζημιόω@viap3s τάλαντον@ndnsc καί@b τελευτάω@vpaagms ἐκεῖνος@rpgms οὗτος@rpans μέν@b φύσις@ndfsc χαλεπός@annms- εἰμί@vppanms ὅσπερ@rpans καί@b ἐπικαλέω@viap3s οὗτος@rpans δέ@cs φίλος@andms- πονηρός@andms- λάαρχος@ndmsp χράομαι@vppenms ἀντί@p βασιλεύς@ngmsc γίγνομαι@vila3s τύραννος@nnmsc ὁ@dnms δέ@b λάαρχος@nnmsp ἐπιβουλεύω@vppanms ὁ@ddfs τυραννίς@ndfsc καί@cs ὁ@damp ἄριστος@anamp- ὁ@dgmp κυρηναῖος@ngmpp ἐξελαύνω@vppanms ἤ1@cs φονεύω@vppanms ἐπί@p ὁ@dams ἀρκεσίλαος@namsp ὁ@dafp αἰτία@nafpc τρέπω@viia3s καί@b τέλος@nansc ἐκεῖνος@rpams μέν@b εἰς@p νόσος@nafsc ἐμβάλλω@vpaanms φθινάς@nafsc καί@cs χαλεπός@anafs- λαγῶς@namsc πίνω@vpaaams θαλάσσιος@anams- διαφθείρω@viaa3s αὐτός@rpnms δέ@cs ὁ@dafs ἀρχή@nafsc ἔχω@viaa3s ὡς@b ὁ@ddms παῖς@ndmsc ὁ@ddms ἐκεῖνος@rpgms βάττος@ndmsp διαφυλάσσω@vppanms ὁ@dnms μέν@b οὖν@b παῖς@nnmsc καί@b διά@p ὁ@dafs χωλότης@nafsc καί@cs διά@p ὁ@dafs ἡλικία@nafsc καταφρονέω@viie3s ὁ@ddfs δέ@cs μήτηρ@ndfsc πολύς@annmp- προσέχω@viia3p αὐτός@rpgms σώφρων@annms- τε@cs γάρ@b εἰμί@viia3s καί@cs φιλάνθρωπος@annms- οἰκεῖος@anamp- τε@cs πολύς@anamp- καί@cs δυνατός@anamp- ἔχω@viia3s διό@b καί@b θεραπεύω@vppanms αὐτός@rpafs ὁ@dnms λάαρχος@nnmsp μνηστεύω@viie3s καί@cs ὁ@dams βάττος@namsp ἀξιόω@viia3s παῖς@namsc τίθημι@vnae-- γαμέω@vpaanms ἐκεῖνος@rpafs καί@cs κοινωνός@namsc ἀποδείκνυμι@vnaa-- ὁ@dgfs ἀρχή@ngfsc ὁ@dnfs δέ@b ἐρυξώ@nnfsp οὗτος@anans- γάρ@b εἰμί@viia3s ὄνομα@nansc ὁ@ddfs γυνή@ndfsc βουλεύω@vpamnfs μετά@p ὁ@dgmp ἀδελφός@ngmpc κελεύω@viia3s ὁ@dams λάαρχος@namsp ἐντυγχάνω@vnpa-- ἐκεῖνος@rpdmp ὡς@b αὐτός@rpgfs προσδέχομαι@vppegfs ὁ@dams γάμος@namsc ἐπεί@cs δέ@b ὁ@dnms λάαρχος@nnmsp ἐντυγχάνω@viia3s ὁ@ddmp ἀδελφός@ndmpc ἐκεῖνος@rpnmp δέ@cs ἐπίτηδες@b παράγω@viia3p καί@cs ἀναβάλλω@viie3p πέμπω@vipa3s πρός@p αὐτός@rpams ὁ@dnfs ἐρυξώ@nnfsp θεραπαινίς@nafsc παρά@p ἑαυτοῦ@rpgfs παραγγέλλω@vppaafs ὅτι@cs νῦν@b μέν@b ἀντιλέγω@vipa3p ὁ@dnmp ἀδελφός@nnmpc γίγνομαι@vpamgfs δέ@cs ὁ@dgfs σύνοδος2@ngfsc παύω@vifm3p διαφέρω@vppenmp καί@cs συγχωρέω@vifa3p δεῖ@vnpa-- οὖν@b αὐτός@rpams εἰ@cs βούλομαι@vipe3s νύκτωρ@b ἀφικνέομαι@vnam-- πρός@p αὐτός@rpafs καλός@b γάρ@b ἔχω@vnfa-- καί@b ὁ@danp λοιπός@ananp- ὁ@dgfs ἀρχή@ngfsc γίγνομαι@vpamgfs εἰμί@viia3s οὖν@b οὗτος@rpnnp κατά@p ἡδονή@nafsc ὁ@ddms λάαρχος@ndmsp καί@cs παντάπασι@b ἀναπτερόω@vpapnms πρός@p ὁ@dafs φιλοφροσύνη@nafsc ὁ@dgfs γυνή@ngfsc ὁμολογέω@viaa3s ἥκω@vnfa-- ὅταν@cs ἐκεῖνος@rpnfs κελεύω@vspa3s οὗτος@rpanp δέ@b πράσσω@viia3s ὁ@dnfs ἐρυξώ@nnfsp μετά@p πολύαρχος@ngmsp ὁ@dgms πρέσβυς@angmss ὁ@dgmp ἀδελφός@ngmpc ὁρίζω@vpapgms δέ@b καιρός@ngmsc πρός@p ὁ@dafs σύνοδος2@nafsc ὁ@dnms πολύαρχος@nnmsp εἰς@p ὁ@dans δωμάτιον@nansc ὁ@dgfs ἀδελφή@ngfsc παρεισάγω@viap3s κρύφα@b νεανίσκος@nampc ἔχω@vppanms δύο@ σύν@p ἑαυτοῦ@rpdms ξιφήρης@anamp- φόνος@ndmsc πατήρ@ngmsc ἐπέξειμι@vppaamp ὅς@rpams ὁ@dnms λάαρχος@nnmsp τυγχάνω@viia3s ἀποκτείνω@vpranms νεωστί@b μεταπέμπω@vpamgfs δέ@b ὁ@dgfs ἐρυξώ@ngfsp αὐτός@rpams ἄνευ@p δορύφορος@angmp- εἰσέρχομαι@viaa3s καί@cs ὁ@dgmp νεανίσκος@ngmpc αὐτός@rpdms προσπίτνω@vpaagmp τύπτω@vppenms ὁ@ddnp ξίφος@ndnpc ἀποθνήσκω@viaa3s ὁ@dams μέν@b οὖν@b νεκρός@namsc ῥίπτω@viaa3p ὑπέρ@p ὁ@dans τεῖχος@nansc ὁ@dams δέ@cs βάττος@namsp προάγω@vpaanmp ἀναδείκνυμι@viaa3p ἐπί@p ὁ@ddnp πάτριος@ndnpc βασιλεύς@namsc καί@cs ὁ@dafs ἀπό@p ἀρχή@ngfsc πολιτεία@nafsc ὁ@dnms πολύαρχος@nnmsp ἀποδίδωμι@viaa3s ὁ@ddmp κυρηναῖος@ndmpp τυγχάνω@viia3p δέ@b ἄμασις@ngmsp ὁ@dgms αἰγύπτιος@ngmpp βασιλεύς@ngmsc στρατιώτης@nnmpc συχνός@annmp- πάρειμι1@vppanmp ὅς@rpdmp ὁ@dnms λάαρχος@nnmsp χράομαι@viie3s πιστός@andmp- καί@cs φοβερός@annms- εἰμί@viia3s οὐ@b ἥκιστος@ananp- διά@p ἐκεῖνος@rpgmp ὁ@ddmp πολίτης@ndmpc οὗτος@rpnmp πρός@p ἄμασις@nafsp πέμπω@viaa3p ὁ@damp κατηγορέω@vpfaamp ὁ@dgms τε@b πολύαρχος@ngmsp καί@cs ὁ@dgfs ἐρυξώ@ngfsp χαλεπαίνω@vppagms δέ@b ἐκεῖνος@rpgms καί@cs διανοέομαι@vppegms πολεμέω@vnpa-- ὁ@ddmp κυρηναῖος@ndmpp συμβαίνω@viaa3s ὁ@dafs μήτηρ@nafsc τελευτάω@vnaa-- καί@cs ταφή@nafpc αὐτός@rpgfs ἐπιτελέω@vppagms ἀναγγέλλω@vppaamp ἔρχομαι@vnaa-- παρά@p ὁ@dgms ἄμασις@ngmsp δοκέω@viaa3s οὖν@b ὁ@ddms πολύβιος@ndmsp βαδίζω@vnpa-- ἀπολογέομαι@vppedms ὁ@dgfs δέ@b ἐρυξώ@ngfsp μή@b ἀπολιμπάνω@vppegfs ἀλλά@cs ἕπομαι@vnpe-- καί@cs συγκινδυνεύω@vnpa-- βούλομαι@vppegfs οὐ@b δέ@b ὁ@dnfs μήτηρ@nnfsc κριτόλας@nnfsp καίπερ@b εἰμί@vppanfs πρεσβῦτις@nnfsc ἀπολείπω@viie3s μέγας@annnss δέ@b αὐτός@rpgfs εἰμί@viia3s ἀξίωμα@nnnsc βάττος@ngfsp γίγνομαι@vpregfs ἀδελφή@ngfsc ὁ@dgms εὐδαίμων@ngmsp ὡς@cs οὖν@b ἔρχομαι@viaa3p εἰς@p αἴγυπτος@nafsp ὅς@dnmp τε@b ἄλλος@rpnmp θαυμαστός@b ἀποδέχομαι@viam3p ὁ@dafs πρᾶξις@nafsc αὐτός@rpgmp καί@cs ὁ@dnms ἄμασις@nnmsp οὐ@b μέτριος@b ἀποδέχομαι@viam3s ὁ@dafs τε@b σωφροσύνη@nafsc καί@cs ὁ@dafs ἀνδρεία@nafsc ὁ@dgfs γυνή@ngfsc δῶρον@ndnpc δέ@b τιμάω@vpaanms καί@cs θεραπείη@ndfsc βασιλικός@andfs- ὁ@dams τε@b πολύαρχος@namsp καί@cs ὁ@dafp γυνή@nafpc εἰς@p κυρήνη@nafsp ἀποστέλλω@viaa3s"
"Mul.virt._26","ξενοκπίτη@namsp οὐ@b ἥσσων@anansc δέ@b ἄν@b τις@rpnms ἀγάζω@voam3s ὁ@dafs κυμαῖος@nafsp ξενοκρίτης@namsp ἐπί@p ὁ@ddnp πράσσω@vpapdnp περί@p ἀριστόδημος@namsp ὁ@dams τύραννος@namsc ὅς@rpdms τις@rpnmp μαλακός@anafs- ἐπίκλησις@nafsc οἴομαι@vipe3p γίγνομαι@vnra-- ὁ@dans ἀληθής@anans- ἀγνοέω@vppanmp ἐπικαλέω@viap3s γάρ@b ὑπό@p ὁ@dgmp βάρβαρος@ngmpc μαλακός@nnmsp ὅσπερ@rpnns εἰμί@vipa3s ἀντίπαις@b ὅτι@cs μειράκιον@nnnsc εἰμί@vppanms παντάπασι@b μετά@p ὁ@dgmp ἧλιξ@ngmpc ἔτι@b κομάω@vppagmp ὅς@rpamp κορωνιστής@nampc ὡς@cs ἔοικα@vira3s ἀπό@p ὁ@dgfs κόμη@ngfsc ὀνομάζω@viia3p ἐν@p ὁ@ddmp πρός@p ὁ@damp βάρβαρος@anamp- πόλεμος@ndmpc ἐπιφανής@annms- εἰμί@viia3s καί@cs λαμπρός@annms- οὐ@b τόλμα@ndfsc μόνος@anans- οὐ@b δέ@cs χείρ@ngfsc ἔργον@ndnpc ἀλλά@cs καί@b σύνεσις@ndfsc καί@cs πρόνοια@ndfsc φαίνω@vpapnms περισσός@annms- ὅθεν@b εἰς@p ὁ@dafp μέγας@anafps προέρχομαι@viaa3s ἀρχή@nafpc θαυμάζω@vppenms ὑπό@p ὁ@dgmp πολίτης@ngmpc καί@cs ῥωμαῖος@ndmpp ἐπικουρία@nafsc ἄγω@vppanms πέμπω@viap3s πολεμέω@vppedmp ὑπό@p ὁ@dgmp τυρρηνός@ngmpp ταρκύνιος@namsp σούπερβος@namsp ἐπί@p ὁ@dafs βασιλεία@nafsc κατάγω@vppagmp ἐν@p οὗτος@andfs- δέ@b ὁ@ddfs στρατεία@ndfsc μακρός@andfs- γίγνομαι@vpamdfs πάντῃ@andfs- πρός@p χάρις@nafsc ἐνδίδωμι@vppanms ὁ@ddmp στρατεύω@vppedmp ὁ@dgmp πολίτης@ngmpc καί@cs δημαγωγός@ngmpc μᾶλλον@b ἤ1@cs στρατηγός@ngmpc πείθω@viaa3s αὐτός@rpamp συνεπιτίθημι@vnae-- ὁ@ddfs βουλή@ndfsc καί@cs συνεκβάλλω@vnaa-- ὁ@damp ἄριστος@anamp- καί@cs δυνατός@anamps ἐκ@p δέ@b οὗτος@rpgns γίγνομαι@vpamnms τύραννος@nnmsc εἰμί@viia3s μέν@b ἐν@p ὁ@ddfp περί@p γυνή@nafpc καί@cs παῖς@nampc ἐλεύθερος@anafp- ἀδικία@ndfpc αὐτός@rpnms ἑαυτοῦ@rpgms μοχθηρός@annmsc ἱστορέω@vire3s γάρ@b ὅτι@cs ὁ@damp μέν@b ἄρσην@nampc παῖς@nampc ἀσκέω@viia3s κομάω@vnpa-- καί@cs χρυσοφορέω@vnpa-- ὁ@dafp δέ@cs θῆλυς@anafp- ἀναγκάζω@viia3s περιτρόχαλος@ananp- κείρω@vnpe-- καί@cs φορέω@vnpa-- ἐφηβικός@anafp- χλαμύς@nafpc καί@cs ὁ@dgmp ἀνακωκύω@ngmpc χιτωνίσκος@ngmpc οὐ@b μήν@b ἀλλά@b ἐξαιρετός@b ἔραμαι@vpapnms ὁ@dgfs ξενοκρίτης@ngfsp ἔχω@viia3s αὐτός@rpafs φυγάς@ngfsc εἰμί@vppaafs πατήρ@ngmsc οὐ@b κατάγω@vpaanms οὐ@b δέ@cs πείθω@vpaanms ἐκεῖνος@rpams ἀλλά@cs ὁπωσοῦν@b ἡγέομαι@vppenms ἀγαπάω@vnpa-- σύνειμι@vppaafs αὐτός@rpdms ὁ@dafs κόρη@nafsc ἅτε@b δή@b ζηλόω@vppeafs καί@cs μακαρίζω@vppeafs ὑπό@p ὁ@dgmp πολίτης@ngmpc ὁ@dafs δέ@b οὗτος@rpanp μέν@b οὐ@b ἐκπλήσσω@viia3s ἄχθομαι@vppenfs δέ@cs ἐπί@p ὁ@ddns συνοικέω@vnpa-- ἀνέκδοτος@annfs- καί@cs ἀνέγγυος@ngmsc οὐδείς@anans- ἥσσων@anansc ποθέω@viia3s ὁ@dgmp μισέω@vppegmp ὑπό@p ὁ@dgms τύραννος@ngmsc ὁ@dafs ὁ@dgfs πατρίς@ngfsc ἐλευθερία@nafsc τυγχάνω@viaa3s δέ@b κατά@p ἐκεῖνος@rpans καιρός@ngmsc τάφρος@nafsc ἄγω@vppanms κύκλος@ndmsc περί@p ὁ@dafs χώρα@nafsc ὁ@dnms ἀριστόδημος@nnmsp οὐ@b τε@b ἀναγκαῖος@anans- ἔργον@nansc οὐ@b τε@cs χρήσιμος@anans- ἄλλως@b δέ@cs τρίβω@vnpa-- καί@cs ἀποκναίω@vnpa-- πόνος@ndmpc καί@cs ἀσχολία@ndfpc ὁ@damp πολίτης@nampc βούλομαι@vppenms εἰμί@viia3s γάρ@b προστάσσω@vprenns ἕκαστος@andms- μέτρον@ngnpc τις@angnp- ἀριθμός@namsc ἐκφέρω@vnpa-- ὁ@dgfs γῆ@ngfsc γυνή@nnfsc δέ@b τις@rpncs ὡς@cs ὁράω@viaa3s ἔπειμι1@vppaams ὁ@dams ἀριστόδημος@namsp ἐκκλίνω@viaa3s καί@cs παρακαλύπτω@viam3s ὁ@ddms χιτώνιος@ndmsc ὁ@dans πρόσωπον@nansc ἀπέρχομαι@vpaagms οὖν@b ὁ@dgms ἀριστόβουλος@ngmsp σκώπτω@vppanmp ὁ@dnmp νεανίσκος@nnmpc καί@cs παίζω@vppanmp ἐρωτάω@viia3p ὅς@rpans τις@anans- δή@b μόνος@anans- ὑπό@p αἰδώς@ngfsc φεύγω@voaa3s ὁ@dams ἀριστόδημος@namsp πρός@p δέ@cs ὁ@damp ἄλλος@rpamp οὐδείς@rpans πάσχω@voaa3s τοιοῦτος@rpans ὁ@dnfs δέ@b καί@b μάλα@b μετά@p σπουδή@ngfsc ἀποκρίνω@viam3s μόνος@annms- γάρ@b φημί@viia3s κυμαῖος@nnmsp ἀριστόδημος@nnmsp ἀνήρ@nnmsc εἰμί@vipa3s οὗτος@annns- γάρ@b λέγω3@vpapnns ὁ@dnns ῥῆμα@nnnsc πᾶς@angmp- μέν@b ἅπτω@viam3s ὁ@damp δέ@cs γενναῖος@anamp- καί@b παροξύνω@viaa3s αἰσχύνη@ndfsc ὁ@dgfs ἐλευθερία@ngfsc ἀντέχω@vnpe-- λέγω3@vipe3s δέ@b καί@b ξενοκρίτης@nafsp ἀκούω@vpaaafs εἶπον@vnaa-- ὡς@cs βούλομαι@viia3s ἄν@b καί@b αὐτός@rpnfs γῆ@nafsc ὑπέρ@p ὁ@dgms πατήρ@ngmsc φέρω@vnpa-- πάρειμι1@vppagms ἤ1@cs τρυφή@ngfsc συμμετέχω@vnpa-- ἀριστόβουλος@ndmsp καί@cs δύναμις@ngfsc τοσοῦτος@angfs- ἐπιρρώννυμι@viaa3s οὖν@b οὗτος@rpnnp ὁ@damp συνίστημι@vppeamp ἐπί@p ὁ@dams ἀριστόδημος@namsp ὅς@rpgmp ἡγέομαι@viim3s θυμοτέλης@nnmsp καί@b ὁ@dgfs ξενοκρίτης@ngfsp εἴσοδος@ngfsc παρέχω@vppagfs αὐτός@rpdmp ἄδεια@nafsc καί@cs ὁ@dams ἀριστόδημος@namsp ἄνοπλος@anams- καί@cs ἀφύλακτος@anams- οὐ@b χαλεπός@b παρεισπίπτω@vpaanmp διαφθείρω@vipa3p αὐτός@rpams οὕτως@b μέν@b ὁ@dnfs κυμαῖος@ngmpp πόλις@nnfsc ἐλευθερόω@viap3s δύο@andfd- ἀρετή@ndfsc γυνή@ngfpc ὁ@dgfs μέν@b ἐπίνοια@nafsc αὐτός@rpdmp καί@cs ὁρμή@nafsc ἐμβάλλω@vpaagfs ὁ@dgns ἔργον@ngnsc ὁ@dgfs δέ@cs πρός@p ὁ@dans τέλος@nansc συλλαμβάνω@vppegfs τιμή@ngfpc δέ@b καί@cs δωρεά@ngfpc μέγας@angnp- ὁ@ddfs ξενοκρίτῃ@ndfsp προτείνω@vppegfp ἐάω@vpaanfs πᾶς@anafp- εἷς@anans- αἰτέω@viam3s θάπτω@vnaa-- ὁ@dans σῶμα@nansc ὁ@dgms ἀριστόβουλος@ngmsp καί@b οὗτος@rpans οὖν@b δίδωμι@viaa3p αὐτός@rpdfs καί@cs δημήτηρ@ngfsp ἱέρεια@nafsc αὐτός@rpafs αἱρέω@viam3p οὐ@b ἥσσων@anansc οἴομαι@vppenmp ὁ@ddfs θεός@ndfsc χαρίζομαι@vpreafs ἤ1@cs πρέπω@vppaafs ἐκεῖνος@rpdfs τιμή@nafsc εἰμί@vnfm--"
"Mul.virt._27","πύθων@ngmsp γυνή@nnfsp λέγω3@vipe3s δέ@b καί@b ὁ@dafs πύθων@ngmsp ὁ@dgms κατά@p ξέρξης@namsp γυνή@nafsc σοφός@anafs- γίγνομαι@vnam-- καί@cs χρηστός@anafs- αὐτός@annms- μέν@b γάρ@b ὁ@dnms πύθης@nampp ὡς@cs ἔοικα@vira3s χρύσεος@andnp- ς@b ἐντυγχάνω@vpaanms μέταλλον@ndnpc καί@cs ἀγαπάω@vpaanms ὁ@dams ἐκ@p αὐτός@rpgmp πλοῦτος1@namsc οὐ@b μέτριος@b ἀλλά@cs ἄπληστος@b καί@cs περιττῶς@b αὐτός@rpnms τε@b περί@p οὗτος@rpanp διατρίβω@viia3s καί@cs ὁ@damp πολίτης@nampc καταβιβάζω@vppanms ἅπας@anamp- ὁμαλής@b ὀρύσσω@vnpa-- ἤ1@b φορέω@vnpa-- ἤ1@cs καθαίρω@vnpa-- ἀναγκάζω@viia3s ὁ@dans χρυσίον@nansc ἄλλος@anans- μηδείς@rpans ἐργάζομαι@vppeamp ὁ@dans παράπαν@b μη@b δέ@cs πράσσω@vppaamp ἀπόλλυμι@vppegmp δέ@b πολύς@angmp- πᾶς@angmp- δέ@cs ἀπαγορεύω@vppagmp ὁ@dnfp γυνή@nnfpc ἱκετηρία@nafsc τίθημι@viaa3p ἐπί@p ὁ@dafp θύρα@nafpc ἔρχομαι@vpaanfp ὁ@dgfs ὁ@dgms πύθων@ngmsp γυνή@ngfsc ὁ@dnfs δέ@b ἐκεῖνος@rpafp μέν@b ἀπέρχομαι@vnpa-- καί@cs θαρσέω@vnpa-- κελεύω@viaa3s αὐτός@rpnfs δέ@cs ὁ@dgmp περί@p ὁ@dans χρυσίον@nansc τεχνίτης@ngmpc ὅς@rpdmp πιστεύω@viia3s μάλιστα@b καλέω@vpaanfs καί@cs κατείργω@vpaanfs ποιέω@vnpa-- κελεύω@viia3s ἄρτος@nampc τε@b χρύσεος@anamp- καί@b πέμμα@nanpc παντοδαπός@ananp- καί@cs ὀπώρα@nafpc καί@cs ὅσος@andmp- δή@b μάλιστα@b ὁ@dams πύθην@namsp γιγνώσκω@viia3s ἥδομαι@vppeams ὄψον@ndnpc καί@cs βρῶμα@ndnpc ποιέω@vpapgnp δέ@b πᾶς@angnp- ὁ@dnms μέν@b πύθης@nnmsp ἥκω@viaa3s ἀπό@p ὁ@dgfs ξένη@ngfsc τυγχάνω@viia3s γάρ@b ἀποδημέω@vppanms ὁ@dnfs δέ@b γυνή@nnfsc δεῖπνον@nansc αἰτέω@vppadms παρατίθημι@viaa3s χρύσεος@anafs- τράπεζα@nafsc οὐδείς@rpans ἐδώδιμος@anans- ἔχω@vppaafs ἀλλά@cs πᾶς@ananp- χρύσεος@ananp- ὁ@rpnns μέν@x οὖν@x πρῶτος@anans- χαίρω@viia3s πύθης@nnmsp ὁ@ddnp μίμημα@ndnpc ἐμπίπλημι@vpapnms δέ@b ὁ@dgfs ὄψις@ngfsc αἰτέω@viia3s ἐσθίω@vnaa-- ὁ@dnfs δέ@b χρύσεος@anans- ὅς@rpans τις@rpans τυγχάνω@voaa3s ποθέω@vpaanms προσφέρω@viia3s δυσχεραίνω@vppagms δέ@b αὐτός@rpgms καί@cs πεινέω@vnpa-- βοάω@vppagms ἀλλά@b σύ@rpnms γε@b οὗτος@rpgnp λέγω@viaa3s ἄλλος@angns- δέ@b οὐδείς@rpgns εὐπορία@nafsc ποιέω@vira2s ἐγώ@rpdcp καί@b γάρ@b ἐμπειρία@nnfsc καί@cs τέχνη@nnfsc πᾶς@annfs- φροῦδος@annms- γεωργέω@vipa3s δέ@cs οὐδείς@rpnms ἀλλά@cs ὁ@danp σπείρω@vppeanp α@ καί@b φυτεύω@vppeanp καί@cs τρέφω@vppaanp ὁ@dgfs γῆ@ngfsc ὀπίσω@b καταλιμπάνω@vpaanmp ὀρύσσω@vipa1p ἄχρηστος@ananp- καί@cs ζητέω@vipa1p ἀποκναίω@vppanmp ἑαυτοῦ@rpamp καί@cs ὁ@damp πολίτης@nampc κινέω@viaa3s οὗτος@rpanp ὁ@dams πύθην@namsp καί@cs πᾶς@anafs- μέν@b οὐ@b καταλύω@viaa3s ὁ@dafs περί@p ὁ@danp μέταλλον@nanpc πραγματεία@nafsc ἀνά@p μέρος@nansc δέ@cs ὁ@dans πέμπτος@anans- ἐργάζομαι@vnpe-- κελεύω@vpaanms ὁ@dgmp πολίτης@ngmpc ὁ@damp λοιπός@anamp- ἐπί@p γεωργία@nafsc καί@cs ὁ@dafp τέχνη@nafpc τρέπω@viaa3s ξέρξης@ngmsp δέ@b καταβαίνω@vppagms ἐπί@p ὁ@dafs ἑλλάς@nafsp λαμπρός@annmss ἐν@p ὁ@ddfp ὑποδοχή@ndfpc καί@cs ὁ@ddfp δωρεά@ndfpc γίγνομαι@vpamnms χάρις@p αἰτέω@viam3s παρά@p ὁ@dgms βασιλεύς@ngmsc πλείων@angmpc αὐτός@rpdms παῖς@ngmpc εἰμί@vppagmp εἷς@anams- πάρειμι@vnpa-- ὁ@dgfs στρατεία@ngfsc καί@cs καταλιμπάνω@vnaa-- αὐτός@rpdms γηροβοσκέω@vnpa-- ὁ@dnms δέ@b ξέρξης@nnmsp ὑπό@p ὀργή@ngfsc οὗτος@rpams μόνος@anams- ὅς@rpams ἐξαιτέω@viam3s σφάζω@vpaanms καί@cs τέμνω@vpaanms κελεύω@viaa3s ὁ@dams στρατός@namsc διέρχομαι@vnaa-- ὁ@damp δέ@cs ἄλλος@rpamp ἐπάγω@viam3s καί@cs πᾶς@vpaanmp ἀπόλλυμι@viam3p κατά@p ὁ@dafp μάχη@nafpc ἐπί@p ὅς@rpdnp ὁ@dnms πύθης@nnmsp ἀθυμέω@vpaanms πάσχω@viaa3s ὅμοιος@ananp- πολύς@andnp- ὁ@dgnp κακός@angnp- καί@cs ἀνόητος@angnp- ὁ@dams μέν@b γάρ@b θάνατος@namsc φοβέω@viie3s ὁ@ddms βίος@ndmsc δέ@cs ἄχθομαι@viie3s βούλομαι@vppenms δέ@b μή@b ζάω@vnpa-- προΐημι@vnam-- δέ@b ὁ@dans ζάω@vnpa-- μή@b δύναμαι@vppenms χῶμα@ngnsc εἰμί@vppagms ἐν@p ὁ@ddfs πόλις@ndfsc μέγας@angms- καί@cs ποταμός@ngmsc διαρρέω@vppagms ὅς@rpams πυθοπολίτης@namsp ὀνομάζω@viia3p ἐν@p μέν@b ὁ@ddns χῶμα@ndnsc κατασκευάζω@viaa3s μνημεῖον@nansc ἐκτρέπω@vpaanms δέ@cs ὁ@dans ῥεῖθρον@nansc ὥστε@cs διά@p ὁ@dgns χῶμα@ngnsc φέρω@vnpe-- ψαύω@vppaams ὁ@dgms τάφος@ngmsc ὁ@dams ποταμός@namsc ἐπί@p οὗτος@rpdnp συντελέω@vpapdmp αὐτός@rpnms μέν@b εἰς@p ὁ@dans μνημεῖον@nansc κατέρχομαι@viaa3s ὁ@ddfs δέ@b γυνή@ndfsc ὁ@dafs ἀρχή@nafsc καί@cs ὁ@dafs πόλις@nafsc ἀνατίθημι@vpaanms ἅπας@anafs- κελεύω@viaa3s μή@b πρόσειμι@vnpa-- πέμπω@vnpa-- δέ@cs ὁ@dans δεῖπνον@nansc αὐτός@rpdms κατά@p ἕκαστος@anafs- ἡμέρα@nafsc εἰς@p βᾶρις@nafsc ἐντίθημι@vpapafs ἄχρι@p ὅς@rpgms ὁ@dams τάφος@namsc ὁ@dnfs βᾶρις@nnfsc παρέρχομαι@vsaa3s ὁ@dans δεῖπνον@nansc ἀκέραιος@anans- ἔχω@vppanfs τότε@b δέ@cs παύω@vnam-- πέμπω@vppaafs ὡς@b αὐτός@rpgms θνήσκω@vpragms ἐκεῖνος@rpnms μέν@b οὕτως@b ὁ@dams λοιπός@anams- βίος@namsc διάγω@viia3s ὁ@dnfs δέ@cs γυνή@nnfsc ὁ@dgfs ἀρχή@ngfsc καλός@b ἐπιμελέομαι@viap3s καί@cs μεταβολή@nafsc κακός@angnp- ὁ@ddmp ἄνθρωπος@ndmpc παρέχω@viaa3s"
