"location","text"
"abstin._1.1","ὁ@dgmp πρός@p ἐγώ@rpamp ἥκω@vppagmp ὦ@i φίρμον@nvmsp πυνθάνομαι@vpamnms ὡς@cs ὁ@dgfs ἀσώματος@angfs- καταγιγνώσκω@vpaanms τροφή@ngfsc ἐπί@p ὁ@dafs ἔνσαρκος@anafs- ἀνατρέχω@vira2s πάλιν@b βορά@nafsc κατά@p ἀρχή@nafpc μέν@b ἠπί@b στασμος@nansc ὁ@dgfs τε@b σός@angfs- σωφροσύνη@ngfsc στοχάζομαι@vppenms καί@cs ὁ@dgfs εὐλάβεια@ngfsc ὅς@rpafs πρός@p ὁ@damp οὗτος@rpanp ὑποδείκνυμι@vpaaamp παλαιός@anamp- τε@b ὁμοῦ@b καί@cs θεοφόβος@anamp- ἀνήρ@nampc ποιέω@vire1p ἐπεί@cs δέ@b καί@b ἄλλος@rpnmp ἐπί@p ὁ@ddnp πρῶτος@andnp- μηνύω@vppanmp ὁ@dafs ἀγγελία@nafsc βεβαιόω@viia3p ὁ@dans μέν@b ἐπιπλήσσω@vnpa-- σύ@rpdms οὔτε@b κατά@p ὁ@dafs παροιμία@nafsc φυγή@ndfsc κακός@angns- ὁ@dans ἀμείνων@anansc εὑρίσκω@vpaadms οὐ@b τε@cs κατά@p ὁ@dams ἐμπεδοκλῆς@namsp ὁ@dams μέν@b πρότερος@anans- ἀποδύνω@vpamdms βίος@namsc εἰς@p δέ@cs ὁ@dams βελτίων@anamsc ὑποστρέφω@vpaadms ἀγροῖκος@anams- τε@b εἰμί@vnpa-- δοκέω@viia3s καί@b πρόσω@b ὁ@dgfs κατά@p ὁ@dams λογισμός@namsc πειθώ@ngfsc εὖ@b -@cs εὑρίσκω@vppegfs ὁ@dans δέ@b αὖ@b διά@p ὁ@dgms λόγος@ngmsc ὁ@dams ἔλεγχος2@namsc ὁ@dgnp ἁμάρτημα@ngnpc ἐκφαίνω@vnpa-- ἀπό@p οἷος@rpgmp τε@cs εἰς@p οἷος@rpanp κατά@ βαίνω@vira2s μηνύω@vnpa-- ὁ@dgfs τε@cs πρός@p ἀλλήλων@rpamp φιλία@ngfsc ἀντί@p ξιος@anansc καί@cs ὁ@dgnp πρός@p ἀλήθεια@nafsc ὁ@dams αὐτός@rpgmp βίος@namsc σύν@anams- τάσσω@vpamgmp εἰμί@vnpa-- δικάζω@viia1s"
"abstin._1.2","καί@b γάρ@b ἐγώ@rpdcs κατά@p ἐγώ@rpgms ὁ@dams λογίζομαι@vppedms ὁ@dafs ὁ@dgfs μετάθεσις@ngfsc αἰτία@nafsc ὑγεία@ngfsc μέν@b καί@cs ῥώμη@ngfsc ὡς@cs ἄν@b ὁ@dnms πολύς@annms- καί@cs ἰδιώτης@nnmsc φημί@vopa3s ὄχλος@nnmsc οὐ@b ἄν@b μεταβάλλω@vnam-- σύ@rpams φημί@voaa1s ὁ@dans ἐναντίος@anans- γάρ@b καί@b πρός@p ὑγίεια@nafsc καί@cs πρός@p σύμμετρος@anafs- ὑπομονή@nafsc ὁ@dgmp περί@p φιλοσοφία@nafsc πόνος@ngmpc ὁ@dafs ἄσαρκος@anafs- δίαιτα@nafsc αὐτός@rpnms σύνειμι@vppanms ἐγώ@rpdmp ὁμολογέω@viia2s συμβάλλω@vnpe-- ὁ@ddfs τε@b πεῖρα@ndfsc γιγνώσκω@vnpa-- πάρειμι@vipa3s ὡς@cs οὗτος@rpanp λέγω3@vppanms ἠληθεύω@viia2s ἤ1@cs διά@p ἀπάτη@nafsc οὖν@b ἤ1@cs ὁ@dans μηδείς@rpans διαφέρω@vnpa-- ἡγέομαι@vnpe-- πρός@p φρόν@ngmsc νῆσις@nafsc ὁ@dans οὕτως@b ἤ1@cs ἐκεῖνος@b διαιτάω@vnpe-- διά@p ἄλλος@anafs- ἴσως@b αἰτία@nafsc ὅς@rpafs ἀγνοέω@vipa1s φόβος@namsc ὁ@dgfs ἐν@p ὁ@ddns παραβαίνω@vnpa-- ἀσέβεια@ngfsc ἐπαρτάω@vppaafs μέγας@ananpc ἐπί@p ὁ@danp πρόσθεν@b ἀνατρέχω@nafsc μένω@vnpa-- σύ@rpams πλημμέλημα@nanpc φαίνω@viie3s οὐ@b γάρ@b δή@b διά@nafsc -@nafsc σία@nafsc καί@cs πόθος@namsc ὁ@dgfs ὀψοφάγος@angfs- λαιμαργία@ngfsc καταφρόντης@anafs- νέω@vnaa-- ὁ@dgmp πάτριος@angmp- ὅς@rpgfs ζηλόω@vira2s φιλοσοφία@ngfsc νόμος@ngmpc φημί@voaa1s ἄν@b σύ@rpams οὐ@b δέ@cs ἐλάσσων@anafsc ὁ@dafs φύσις@nafsc ὁ@dgmp παρά@p τις@rpans σιν@nafsc ἰδιώτης@ngmpc εἰμί@vnpa-- ὅς@rpnmp νόμος@nampc ἐναντίος@anamp- ὅς@rpdmp ζάω@viia3p πρό@b -@ ἕτερος@anans- ἀναδέχομαι@vpamnmp τομή@nafpc τε@b μόριον@ngnpc ὑπομένω@vipa3p καί@cs τις@angnp- ζῷον@ngnpc ὅς@rpgnp πρόσθεν@b ἐμφορέω@viie3p ἀπέχω@voam3p ἄν@b μᾶλλον@b ἤ1@cs κρέας@ngnpc ἀνθρώπειος@angnp-"
"abstin._1.3","ἐπεί@cs δέ@b τις@rpnmp ὁ@dgmp ἀφικνέομαι@vpamgmp καί@b λόγος@nampc ἀπομνημονεύω@viia3p ὅς@rpamp κατά@p ὁ@dgmp ἀπέχω@vppegmp ποιέω@viie2s οὐ@b σχετλιάζω@vnpa-- μόνος@b ἀλλά@cs καί@b νεμεσάω@vnpa-- πάρειμι1@viia3s εἰ@cs ψυχρός@andmp- καί@b ἄγαν@b ἑώλος@andmp- σοφι@annmp- σμάτιον@ndnpc πείθω@vpapnmp αὐτός@rpamp τε@b ἀπατάω@vnpa-- καί@cs παλαιός@anans- δόγμα@nansc καί@cs θεός@ndmpc φίλος@anams- ἀνατρέπω@vnpa-- ὑπομένω@viaa2p ὅθεν@b ἐγώ@rpdms δοκέω@viia3s μή@b μόνος@anans- ὁ@dans οἰκεῖος@anans- ὑποδείκνυμι@vnpa-- ὡς@cs ἔχω@vipa3s ἀλλά@cs καί@b ὁ@danp ὁ@dgmp ἐναντίος@angmp- αἰσχρός@ananpc ὁ@dgnp ὑπό@p σύ@rpgmp λέγω3@vppegnp εἰμί@vppaanp καί@cs πλῆθος@ndnsc καί@cs δύναμις@ndfsc καί@cs ὁ@ddfp ἄλλος@rpdfp κατασκευή@ndfpc συνάγω@vnaa-- τε@cs καί@cs λύω@vnaa-- οὐ@b δέ@cs ὑπό@p ὁ@dgmp ἐμβριθής@angnp- δοκέω@vppagmp εἰμί@vnpa-- οὐ@b ὅτι@cs ὁ@dgnp ἑώλος@angnp- καί@cs ἐπιπολαῖος@angnp- σόφισμα@ngnpc ὁ@dans ἀληθής@anans- ἡσσάομαι@vpreans δείκνυμι@vppaams ἴσως@b γάρ@b ἀγνοέω@vipa2s ὅτι@cs ὁ@ddfs ἀποχή@ndfsc ὁ@dgmp ἔμψυχος@angmp- οὐ@b ὀλίγος@annmp- ἀντερῶ@vira3p ἀλλά@cs καί@b ὁ@dgmp φιλόσοφος@ngmpc ὅς@dnmp τε@b ἀπό@p ὁ@dgms περίπατος@ngmsc καί@b ὁ@dgfs στοά@ngfsc καί@cs ὁ@dgms ἐπίκουρος@ngmsp ὁ@dans πλεῖστος@anans- ὁ@dgfs ἀντιλογία@ngfsc πρός@p ὁ@dafs πυθαγόρας@ngmsp καί@cs ἐμπεδοκλῆς@ngmsp ἐκτείνω@vppenmp φιλόπαις@nafsc σοφία@nafsc ὅς@rpgfs ζηλωτὴς@nnmsc εἰμί@vnpa-- σπουδάζω@vira2s ὁ@dgmp τε@b φιλόπαις@angmp- -@annmp- λόγος@ngmpc συχνός@annmp- καί@cs κλώδιος@nnmsp τις@annms- νεαπολίτης@nnmsp πρός@p ὁ@damp ἀπέχω@vppeamp ὁ@dgfp σάρξ@ngfpc βιβλίον@nansc καταβάλλω@viam3s ὅς@rpgnp ὁ@dafp πραγματευτικός@anafp- καί@cs κοινός@anafp- πρός@p ὁ@dans δόγμα@nansc ζητή@nafpc σεις@nafpc παρατίθημι@vifm1s ὁ@dafp ἴδιος@b πρός@p ὁ@danp ὁ@dgms ἐμπεδος@ngmsp κλέος@ngnsc φέρω@vppeafp κατασκευή@nafpc παραιτέομαι@vpamnms"
"abstin._1.4","εὐθύς2@b τοίνυν@b φημί@vipa3p ὁ@dnmp ἀντιλέγω@vppanmp ὁ@dafs δίκαιος@anafs- -@anafs- δικαιοσύνη@nafsc συγχέω@vnpe-- καί@cs ὁ@danp ἀκίνητος@ananp- κινέω@vnpe-- ἐάν@cs ὁ@dans δίκαιος@anans- μή@b πρός@p ὁ@dans λογικός@anans- μόνος@anans- τείνω@vspa1p ἀλλά@cs καί@b πρός@p ὁ@dans ἄλογος@anans- οὐ@b μόνος@b ὁ@damp ἄνθρωπος@nampc καί@cs ὁ@damp θεός@nampc πρός@p ἐγώ@rpamp ἡγέομαι@vppmnmp οἰκεῖος@b δέ@b καί@b πρός@p ὁ@danp ἄλογος@ananp- θηρίον@nanpc ὁ@danp μηδείς@rpans ἐγώ@rpdmp προσήκω@vppaanp ἔχω@vppanmp καί@cs οὐ@b ὁ@ddmp μέν@b πρός@p ἔργον@nansc χράομαι@vppenmp ὁ@ddmp δέ@b πρός@p ἐδωδή@nafsc ἔκφυλος@ananp- καί@cs ἄτιμος@ananp- ὁ@dgfs κοινωνία@ngfsc καθά@b πολιτεία@ngfsc νομίζω@vppanmp ὁ@dnms γάρ@b καθά@cs ἄνθρωπος@ndmpc καί@cs οὗτος@rpdmp χράομαι@vppenms φείδομαι@vppenms τε@cs καί@cs μή@b βλάπτω@vppanms προσάπτω@vppanms ὁ@ddfs δικαιοσύνη@ndfsc ὅς@rpans μή@b δύναμαι@vipe3s φέρω@vnpa-- καί@b ὁ@dans δυνατός@anans- αὐτός@rpgfs ἀπόλλυμι@vipa3s καί@cs διαφθείρω@vipa3s ὁ@ddns ἀλλά@anans- τρίον@andns- ὁ@dans οἰκεῖος@anans- γίγνομαι@vipe3s γάρ@b ἤ1@b ὁ@dnns ἀδικέω@vnpa-- ἀναγκαῖος@annns- ἐγώ@rpdmp ἀφειδέω@vppadmp αὐτός@rpgmp ἤ1@cs μή@cs χράω2@vppedmp ὁ@dans ζάω@vnpa-- ἀδύ@anans- νατος@anams- καί@cs ἄπορος@anans- καί@cs τρόπος@namsc τις@rpacs θηρίον@ngnpc βίος@namsc βιω@vipa1s εἰμί@vifm1p ὁ@dafp ἀπό@p ὁ@dgnp θηρίον@ngnpc προίημι@vpamnmp χρεία@nafpc"
"abstin._1.5","ἀφίημι@vipa1s γάρ@x νομάς@ngmpp καί@cs τρωγλοδύτης@ngmpp ἀνεξεύρετος@anafp- ἀριθμός@nafsc μός@rpdms μυριάς@nafpc ὅς@rpnmp τροφή@nafsc σάρξ@nafpc ἄλλος@anans- δέ@cs οὐδείς@rpans ἴσος@ananp- σιν@vipa3p ἀλλά@cs καί@cs ἐγώ@rpdmp ὁ@ddmp ἥμερος@b καί@cs φιλάνθρωπος@b ζάω@vnpa-- δοκέω@vppadmp ποῖος@rpnns ἔργον@nnnsc ἀπολείπω@vipe3s γῆ@ngfsc ποῖος@rpnns ἐν@p θάλασσα@ndfsc τις@rpncs ἐναργής@annfs- τέχνη@nnfsc τις@rpncs κόσμος@nnmsc δίαιτα@nnmsc ἄν@cs ὡς@b πρός@p ὅμορος@ananp- ὁ@danp ζῷον@nanpc διάκειμαι@vspe1p ἀβλαβής@b καί@cs μετά@p εὐλάβεια@ngfsc αὐτός@rpdmp προσφέρω@vspe1p εἶπον@vnaa-- γάρ@x ἔργον@nnnsc οὐδείς@annns- οὐ@b δέ@b φάρμακον@nansc οὐ@b δέ@cs ἴαμα@nansc ὁ@dgfs ἤ1@cs ὁ@dams βίος@namsc ἀναιρέω@vppagfs ἀπορία@ngfsc ἤ1@cs ὁ@dafs δικαιοσύνη@nafsc ἔχω@vipa1p ἄν@cs μή@b ὁ@dams ἀρχαῖος@anams- νόμος@namsc καί@cs ὅρος@namsc φυλάσσω@vspa1p ὅς@rpdms κατά@p ἡσίοδος@namsp ὁ@dnms ζεύς@nnmsp ὁ@dafp φύσις@nafpc διαιρέω@vpaanms καί@cs τίθημι@vpamnms ἴδιος@andfs- ὁ@dgnp γένος@ngnpc ἑκάτερος@anams- ἰχθύς@ndmpc μέν@b καί@b θήρ@ndmpc καί@cs οἰωνός@ndmpc πετεινός@andmp- ἔσθω@vnpa-- ἀλλήλων@rpamp ἐπεί@cs οὐ@b δίκη@nnfsc εἰμί@vipa3s μετά@p αὐτός@rpdmp ἄνθρωπος@ndmpc δέ@cs δίδωμι@viaa3s δίκη@nafsc πρός@p ἀλλήλων@rpamp"
"abstin._1.6","ὅς@rpdmp δέ@b οὐ@b εἰμί@vipa3s ὁ@dnns δικαιοπραγέω@vnpa-- πρός@p ἐγώ@rpamp οὐ@b δέ@b ἐγώ@rpdmp πρός@p ἐκεῖνος@rpanp γίγνομαι@vipe3s ὁ@dnns ἀδικέω@vnpa-- ὡς@b ὅς@dnmp γε@b οὗτος@anams- προίημι@vpamnmp ὁ@dams λόγος@namsc οὐ@b τε@b εὐρύς@anafs- ἄλλος@anafs- οὐ@b τε@cs λεπτός@anafs- ὁ@ddfs δικαιοσύνη@ndfsc παρεισέρχομαι@vnaa-- ὁδός@nafsc ἀπό@viaa3p λείπω@vira3p ὅς@rpans γάρ@b ἤδη@b ἐρῶ@vira1p ὁ@dafs φύσις@nafsc αὐτάρκης@anafs- μέν@b οὐ@b εἰμί@vppaafs ἀλλά@cs ἐνδεής@anafs- πολύς@angnp- ἔργω1@vppeafs δέ@cs ὁ@dgfs ἀπό@p ὁ@dgnp ζῷον@ngnpc βοήθεια@ngfsc ἄρδην@b ἀναιρέω@vnpa-- καί@cs καί@ κλείω@vnpa-- εἰς@p ὁ@dams ἄπορος@anams- καί@b ἀνόργανος@anams- καί@cs ἀκτήμων@anams- ὁ@dgnp ἀναγκαῖος@angnp- βίος@namsc φημί@vipa3p δέ@b οὐ@b εὐτυχής@b διαβιόω@vnaa-- ὁ@damp πρῶτος@anamp- γίγνομαι@vpamamp οὐ@b δέ@cs γάρ@b ἐπί@p ὁ@dgnp ζῷον@ngnpc ἵστημι@vnpe-- ὁ@dafs δεισιδαιμονία@nafsc ἀλλά@cs καί@b ἐπί@p ὁ@danp φυτόν@nanpc βιάζω@vnpe-- τίς@rpans γάρ@b μᾶλλον@b ὁ@dnms βοῦς@namsc ἀποσφάζω@vppanms καί@cs πρόβατον@nansc ἀδικέω@vipa3s ὁ@dgms κόπτω@vppagms ἐλάτη@anansc ἤ1@cs δρῦς@namsc εἰ@cs καί@b οὗτος@rpdnp ἐμφύω@vipe3s ψυχή@nnfsc κατά@p ὁ@dafs μεταμόρφωσις@nafsc ὁ@dgnp μέν@b οὖν@b ἀπό@p ὁ@dgfs στοά@ngfsc καί@cs ὁ@dgms περίπατος@ngmsc ὁ@dnnp κυ@annnps -@annnps ριος@annnps οὗτος@rpnnp"
"abstin._1.7","ὁ@dnmp δέ@b ἀπό@p ὁ@dgms ἐπίκουρος@ngmsp ὥσπερ@cs γενεαλογία@nafsc μα@b κεφαλή@nafsc διέξειμι@vppanmp φημί@vipa3p ὡς@cs ὁ@dnmp παλαιός@annmp- νομοθέτης@nnmpc ἄπειμι@b δίδωμι@vpaanmp εἰς@p ὁ@dafs ὁ@dgms βίος@ngmsc κοινωνία@nafsc ὁ@dgmp ἄνθρωπος@ngmpc καί@cs ὁ@dafp πρός@p ἀλλήλων@rpamp πρᾶξις@nafpc ἀνόσιος@anans- ἐπιφαίνω@viaa3p ὁ@dafs ἄνθρωπος@ngmsc σφαγή@nafsc καί@cs ζημία@ngfsc οὐ@b ὁ@dafp τυγχάνω@vppaafp προς@viaa3p ἅπτω@viaa3p τάχα@b μέν@b καί@b φυσικός@angfs- τις@angfs- οἰκειότης@ngfsc ὑπαρ@viaa3p χώομαι@vppagfs ὁ@ddmp ἄνθρωπος@ndmpc πρός@p ἄνθρωπος@nampc διά@p ὁ@dafs ὁμοιός@anafs- -@ της@nafsc ὁ@dgfs μορφή@ngfsc καί@cs ὁ@dgfs ψυχή@ngfsc εἰς@p ὁ@dans μή@b πρόχειρος@b φθείρω@vnpa-- ὁ@dans τοιοῦτος@anans- ζῷον@nansc ὥσπερ@cs ἕτερος@anans- τις@rpans ὁ@dgnp σύν@angnp- χωρέω@vpregnp οὐ@b μήν@b ἀλλά@cs ὁ@dafs γε@b πλεῖστος@anafs- αἰτία@nafsc ὁ@dgns δυσχεραίνω@vnap-- οὗτος@rpans καί@cs ἀνόσιος@anans- ἐπιφημίζω@vnap-- ὁ@ddns μή@b συμφέρω@vnpa-- εἰς@p ὁ@dafs ὅλος@anafs- ὁ@dgms βίος@ngmsc σύστασις@nafsc ὑπό@p λαμβάνω@vnaa-- ἀπό@p γάρ@b ὁ@dgfs τοιοῦτος@angfs- ἀρχή@ngfsc ὁ@dnmp μέν@b παρακοή@an---- λουόω@vpaanmp ὁ@ddns συμφέρω@vppadns ὁ@dgns διάταγμα@ngnsc οὐδείς@anans- προσδέομαι@viap3p ἄλλος@angfs- αἰτία@ngfsc ὁ@dgfs ἀνείργω@vppagfs αὐτός@rpamp ἀπό@p ὁ@dgfs πρᾶξις@ngfsc οὗτος@angfs- ὁ@dnmp δέ@cs μή@b δύναμαι@vppenmp λαμβάνω@vnaa-- αἴσθησις@nafsc ἱκανός@anafs- οὗτος@rpgms ὁ@dans μέγεθος@nansc ὁ@dgfs ζημία@ngfsc δέ@b δίω@vppanmp ἀπέχω@viie3p ὁ@rpgms κτείνω@vnpa-- πρόχειρος@b ἀλλήλων@rpamp ὅς@rpgnp ἑκάτερος@annns- φαίνω@vipe3s καί@b νῦν@b ἔτι@b συμβαίνω@vppanns καί@b γάρ@b ὁ@dnmp μέν@b θεωρέω@vppanmp ὁ@dans συμφέρω@vppaans ὁ@dgfs προερέω@vpregfs διάταξις@ngfsc ἑτοῖμος@b ἐπί@p αὐτός@rpgfs μένω@vipa3p ὁ@dnmp δέ@cs μή@b δέ@b καθαρτικός@annmp- οὗτος@rpgns ὁ@dafp ἀπειλή@nafpc φοβέω@vppenmp ὁ@dgmp νόμος@ngmpc ὅς@rpafp ἕνεκα@p ὁ@dgmp ἀσυλλόγιστος@angnps ὁ@dgns χρήσιμος@angns- διορίζω@viaa3p τις@rpnmp παραδέχομαι@vpamgmp αὐτός@rpafp ὁ@dgmp πλείων@angmpc"
"abstin._1.8","οὐδείς@rpnns γάρ@b ἐκ@p ἀρχή@ngfsc βίαιος@b καθίστημι@viaa3s νόμιμος@annns- οὐ@b τε@cs μετά@p γρα@nanpc φημί@ngfsc οὔτε@b ἄνευ@p γραφή@ngfsc ὁ@dgmp διαμένω@vppagmp νῦν@b καί@cs διά@ δίδωμι@vnpe-- φύζω@vpragmp ἀλλά@cs συγχωρέω@vpaagmp αὐτός@rpdns καί@b ὁ@dgmp χράω2@vpfmgfp φρόνησις@ndfsc γάρ@b ψυχή@ngfsc οὐ@b ῥώμη@ndfsc σώω@angns- μα@ngnsc καί@cs δυναστευτικός@andfs- δούλωσις@ndfsc ὁ@dgmp ὄχλος@ngmpc διά@p φέρω@viaa3p ὁ@dnmp ὁ@danp τοιοῦτος@rpanp ὁ@ddmp πολύς@andmp- εἰσηγέομαι@vppenmp καί@cs ὁ@damp μέν@b εἰς@p ἐπιλογισμός@namsc ὁ@dgns χρήσιμος@angns- καθίστημι@viaa3p τε@b ἄλογος@b αὐτός@rpgns πρότερος@anans- αἰσθάνομαι@vppeamp καί@cs πολύς@an---- πολλάκις@b ἐπιλανθάνω@vppeamp ὁ@damp δέ@b ὁ@ddns μέγεθος@ndnsc ὁ@dgnp ἐπί@p τίμιος@angnp- καταπλήσσω@vpaanmp οὐ@b γάρ@b εἰμί@viia3s ἕτερος@andns- χράω@vnpe-- φάρμακος@ndnsc πρός@p ὁ@dafs ὁ@dgns συμφέρω@vppagns ἀμαθία@nafsc ἤ1@cs ὁ@ddms φόβος@ndmsc ὁ@dgfs ἀφορίζω@vpregfs ὑπό@p ὁ@dgms νόμος@ngmsc ζημία@ngfsc οὗτος@rpnfs γάρ@b κατέχω@vipa3s μόνος@annfs- καί@b νῦν@b ὁ@damp τυγχάνω@vpaaamp ὁ@dgmp ἄνθρωπος@ngmpc πούς@rpgnp καί@cs κωλύω@vipa3s ὁ@dgns μή@b τε@cs κοινῇ@b μή@b τε@cs ἴδιος@andfs- ὁ@dans ἀλυσμός@nansc τελέω@anans- πράσσω@vnpa-- εἰ@cs δέ@b πᾶς@annmp- δύναμαι@viie3p βλέπω@vnpa-- ὅμοιος@b καί@cs μνημονεύω@vnpa-- ὁ@dans συμφέρω@vppaans οὐδείς@rpans ἄν@b προσδέομαι@viie3p νόμος@ngmpc ἀλλά@cs αὐθαίρετος@b ὁ@danp μέν@b εὐλαβέομαι@viie3p ὁ@dgmp ἀπεῖπον@vpregnp ὁ@danp δέ@cs πράσσω@viia3p ὁ@dgmp προστάσσω@vpregmp ἱκανός@annfs- γάρ@b ὁ@dnfs ὁ@dgns χρήσιμος@angns- καί@cs βλαβερός@angns- θεωρία@nnfsc ὁ@dgnp μέν@b φυγή@nafsc παρασκευάζω@vnaa-- ὁ@dgmp δέ@b αἵρεσις@nafsc ὁ@dnfs δέ@b ὁ@dgfs ζημία@ngfsc ἀνάτασις@nnfsc πρός@p ὁ@damp μή@b προοράω@vppeamp ὁ@dans λυσι@nansc -@ngmsc τελέω@vppaans ἀναγκάζω@vipa3s γάρ@b δεσπόζω@vnpa-- ἐπίκειμαι@vppenfs ὁ@ddfp ἄγω@vppadfp ἐπί@p ὁ@dafp ἀσύμφορος@anafp- πρᾶξις@nafpc ὁρμή@ndfpc καί@cs βία@ndfsc συνωθέω@vipa3s ὁ@dans δεῖ@vppaans ποιέω@vnpa--"
"abstin._1.9","ἐπεί@cs καί@b ὁ@dams ἀκούσιος@anams- φόνος@namsc οὐ@b ἔξω@p πᾶς@angfs- ζημία@ngfsc καθίστημι@viaa3p ὁ@dnmp νομοθέω@annmp- -@annmp- ται@nnmpc ὅπως@cs μηδείς@anafs- ἐνδίδωμι@vspa3p πρόφασις@nafsc ὁ@ddmp ἑκούσιος@b ὁ@danp ὁ@dgmp ἀκούσιος@b δράω@vppagmp ἔργον@nanpc μιμέομαι@vnpe-- προαιρέω@vppedmp μένω@vppedmp ἀλλά@cs ὅπως@cs μή@b ἀφύλακτος@annns- μη@b δέ@cs ἠμελημένος@vprenns ὁ@dnns τοιοῦτος@rpnns ὥστε@cs πολύς@ananp- πρός@p ἀλήθεια@nafsc ἀκούσιος@ananp- συμ@b βαίνω@vnpa-- οὐ@b γάρ@b συμφέρω@viia3s οὐ@b δέ@b οὗτος@rpans διά@p ὁ@dafp αὐτός@anafp- αἰτία@nafpc διά@p ὅς@rpafp καί@b ὁ@dnns κατά@p ἑκούσιος@anams- τρόπος@namsc φθείρω@vnpa-- ἀλλήλων@rpamp ὥστε@b ὁ@dgnp ἀκούσιος@angmp- ὁ@dgmp μέν@b παρά@p ὁ@dafs ἀστάθμητος@anafs- αἰτία@nafsc καί@cs ἀφύλακτος@anafs- γίγνομαι@vppegmp ἐν@p ἀνθρώπινος@andfs- φύσις@ndfsc ὁ@dgmp δέ@cs παρά@p ὁ@dafs ἡμέτερος@anafs- ἀμέλεια@nafsc καί@cs ἀνεπίσκεπτος@anafs- ὁ@dgfs διαφορά@ngfsc βούλομαι@vpapnmp κωλύω@vnaa-- ὁ@dafs βλάπτω@vppaafs ὁ@damp πλησίος@b ῥᾳθυμία@nafsc οὐ@b ἀθῷος@anans- καθίστημι@viaa3p ζημία@nafpc οὐ@b δέ@cs ὁ@dafs ἀκούσιος@anafs- πρᾶξις@nafsc ἀλλά@cs ὁ@ddms φόβος@ndmsc ὁ@dgnp ἐπιτίμιον@ngnpc ἀφαιρέω@viaa3p ὁ@dans πολύς@anans- ὁ@dgfs τοιοῦτος@rpgfs -@angfs- της@angfs- ἁμαρτία@ngfsc οἴομαι@vipe1s δέ@b ἐγώ@rpnms καί@b ὁ@damp συγχωρέω@vpreamp νους@anamp- ὑπό@p ὁ@dgms νόμος@ngmsc φόνος@nampc ὁ@dafp ἀφοσίωσις@nafpc λαμβάς@vnpa-- νίνω@vnpa-- ὁ@dafp ἐθίζω@vpreafp διά@p ὁ@dgmp καθαρμός@ngmpc παρά@p οὐδε@rpgms εἷς@anafs- ἕτερος@anafs- αἰτία@nafsc ὑπό@p ὁ@dgmp πρῶτος@angmp- καλός@b οὗτος@rpanp εἰσηγέομαι@vpamgmp ἤ1@cs παρά@p ὁ@dans ὁ@dgfs ἑκούσιος@angfs- πρᾶξις@ngfsc ὅς@rpans τις@anans- πλεῖστος@ananss βούλομαι@vnpe-- ὁ@damp ἄνθρωπος@nampc ἀφιστάω@vnpa-- παν@anans- ταχύς@b γάρ@b δέω2@viie3p ὁ@dgns κωλύω@vpfagns ἑτοῖμος@b πράτος@vnpa-- τίνω@vnpa-- ὁ@dans μή@b συμφέρω@vppaans ὁ@dnmp τυγχάνω@vpaanmp ὅθεν@b οὐ@b μόνος@b ζη@nanpc εἷς@nafpc τάσσω@viaa3p ὁ@dnmp πρῶτος@annmp- οὗτος@rpans σύνεἶδον@vpaanmp ἀλλά@cs καί@b ἕτερος@anams- φόβος@namsc ἄλογος@anams- ἐπαρτάω@viaa3p οὐ@b καθαρός@anamp- ἐπιφαίνω@viia3s μίζω@vpaanmp εἰμί@vnpa-- ὁ@damp ὁπωσοῦν@b ἄνθρωπος@namsc ἀναιρέω@vpaaamp μή@b χράω2@vpamamp καθαρμός@ndmpc ὁ@dnns γάρ@b ἀνόητος@annns- ὁ@dgfs ψυ@an---- χήν@ngfsc ποικίλος@b παιδαγωγέω@vpapnns ἔρχομαι@viaa3s εἰς@p ὁ@dafs καθίστημι@vpraans σαν@p ἡμερότης@nafsc προσμηχανάομαι@vppegmp ἐπί@p ὁ@dgfs ἄλογος@angfs- φορά@ngfsc ἐπιθυμία@ngfsc τιθασεύματα@nanpc ὁ@dgmp ἐκ@p ἀρχή@ngfsc ὁ@danp πλήν@an---- θ@nanpc διοικέω@vpaagmp ὅς@rpgnp εἰμί@vipa3s καί@cs ὁ@dnns μή@b κτείνω@vnpa-- ἀλλή@cs λος@nampc ἄκριτος@b"
"abstin._1.10","ὁ@dgnp δέ@b λοιπός@angnp- ζῷον@ngnpc εἰκότως@b οὐδείς@rpans διακωλύω@viaa3p φθείρω@vnpa-- ὁ@dnmp πρῶτος@annmp- διορίζω@vpaanmp ὅς@rpanp τε@b δεῖ@vipa3s ποιέω@vnpa-- ἐγώ@rpamp καί@cs ὅς@rpanp μή@b ὁ@dnns γάρ@b συμφέρω@vppanns ἐπί@p οὗτος@rpgnp ἐκ@p ὁ@dgfs ἐναντίος@angfs- ἀποτελέω@viie3s πρᾶξις@ngfsc οὐ@b γάρ@b δυνατός@annns- εἰμί@viia3s σώζω@vnpe-- μή@b πειράω@vppeamp ἀμύνω@vnpe-- οὗτος@rpans σύν@vpaanms τρέφω@vppeamp μετά@p ἀλλήλων@rpgmp διαμνημονεύω@vppanmp δέ@b τις@rpans νες@nnmpc ὁ@dgmp τότε@b χαρίεις@angmps ὡς@b αὐτός@b τε@b ἀπέχω@viam3p ὁ@dgns κτείνω@vnpa-- διά@p ὁ@dans χρήσιμος@anans- πρός@p ὁ@dafs σωτηρία@nafsc ὁ@ddmp τε@cs λοιπός@andmp- ἐμποιέω@viia3p μνήμη@nafsc ὁ@dgns ἀποβαίνω@vppagms ἐν@p ὁ@ddfp μετά@p ἀλλήλων@rpgmp συντροφία@ndfpc ὅπως@cs ἀπέχω@vppenmp ὁ@dgns σύν@ γίγνομαι@vppagns διαφυλάσσω@vspa3p ὁ@dafs κοινωνία@nafsc συνεργέω@vipa3s πρός@p ὁ@dafs ἴδιος@anafs- ἕκαστος@angms- σωτηρία@nafsc οὐ@b μόνος@b δέ@b χρήσιμος@annns- εἰμί@viia3s ὁ@dnns χωρίζω@vnpe-- μη@b δέ@cs λυμαντικός@anans- ποιέω@vnpa-- μηδείς@rpans ὁ@dgnp ἐπί@p ὁ@dams αὐτός@anams- τόπος@namsc συλλέγω@vpregnp πρός@p ὁ@dams ὁ@dgnp ἀλ@ λοφύλος@ngmpc ἐξορισμός@namsc ζῷον@ngnpc ἀλλά@cs καί@b πρός@p ἄνθρωπος@nampc ὁ@damp ἐπί@p βλάβη@ndfsc παραγίγνομαι@vppeamp μέχρι@p μέν@b οὖν@b τις@rpans νός@b διά@p οὗτος@rpafs ἀπέχω@viie3p ὁ@dgms συγγενής@angfs- ὅσος@anans- βάδην@viia3s ζέζω@viia3s εἰς@p ὁ@dafs αὐτός@anafs- κοινωνία@nafsc ὁ@dgnp ἀναγκαῖος@angnp- καί@cs χρεία@nafpc τις@anafp- παρέχω@viie3s πρός@p ἑκάτερος@anams- ὁ@dgnp ἐρῶ@vpregnp ἐλ@ θνήσκω@vpaagms δέ@b ἐπί@p πλέος@anansc ὁ@dgms χρόνος@ngmsc καί@cs ὁ@dgfs διά@p ἀλλήλων@rpgmp γένεσις@ngfsc μακράν@b προήκω@vppagfs ἐξωθέω@vpregnp δέ@cs ὁ@dgnp ἀλλόφυλος@angnp- ζῷον@ngnpc καί@cs ὁ@dgfs παρασπάω@ngfsc ἐπιλογισμός@namsc λαμβάνω@viaa3p τις@rpnmp ὁ@dgns συμφέρω@vppagns ἐν@p ὁ@ddfp πρός@p ἀλλήλων@rpgmp τροφή@ndfpc οὐ@b μόνος@anans- ἄλογος@anafs- μνήμη@nafsc"
"abstin._1.11","ὅθεν@b πειράω@viap3p βέβαιος@b ἀνείργω@vnaa-- ὁ@damp πρόχειρος@b φθείρω@vppaamp ἀλ@nampc δῆλος@nampc καί@cs ὁ@dafs βοήθεια@nafsc ἀσθενής@anafsc κατασκευή@nafsc ζο-@vppaamp διά@p ὁ@dafs ὁ@dgms παρέρχομαι@vpragms λήθη@nafsc πείρω@vipa1p νοι@rpdms δή@b οὗτος@rpans δράω@vnpa-- ὁ@dafp ἔτι@b μένω@vppaafp καί@b νῦν@b κατά@p πού@rpans λεις@nampc τε@b καί@cs ἔθνος@nanpc νομοθεσία@ngfsc εἰσφέρω@viaa3p ἐπακολουμέω@ngmsc τίθημι@vpaagns ὁ@dgns πλῆθος@ngnsc αὐτός@rpdnp ἑκούσιος@b παρά@p ὁ@dans μᾶλλον@nansc λον@anafs- ἤδη@b ὁ@dgns συμφέρω@vppagns ἐν@p ὁ@ddfs μετά@p ἀλλήλων@rpgmp ἄθροισις@ndfsc λαμβάνω@vnpa-- αἴσθησις@nafsc ὅμοιος@b γάρ@b εἰς@p ὁ@dafs ἀφοβία@nafsc συνεργάζομαι@vipa3s ὁ@dans τε@b λυμαντικός@anans- πᾶς@anans- κτείνω@vppenns ἀφειδής@b καί@cs ὁ@dans χρήσιμος@anans- πρός@p ὁ@dafs οὗτος@rpgns φθορά@nafsc διατηρέω@viia3s μένω@vppenns ὅθεν@b εἰκότως@b ὁ@dnns μέν@b ἀγορεύω@viap3s ὁ@dnns δέ@cs οὐ@b κωλύω@viap3s ὁ@dgnp ἐρῶ@vpregnp ἐκεῖνος@rpans δέ@b λέγω3@vnpa-- οὐ@b εἰμί@vipa3s ὡς@cs ἔνιοι@annnp- ὁ@dgnp ζῷον@ngnpc οὐ@b φθαρτικός@annnp- ὁ@dgfs ἀνθρώπινος@angfs- εἰμί@vppannp φύσις@ngfsc οὐ@b δέ@cs κατά@p ἕτερος@anams- οὐδείς@anams- τρόπος@namsc λυμαίνομαι@vppeanp ὁ@damp βίος@nampc συγχωρέω@vira3s ὁ@dnms νόμος@nnmsc ἀναιρέω@vnpa-- ἐγώ@rpdmp οὐ@b δέ@b γάρ@b ὡς@cs εἶπον@vnaa-- εἰμί@vipa3s τοιοῦτος@rpnns ὁ@dgnp ὑπό@p ὁ@dgms νόμος@ngmsc συγχωρέω@vpregnp ὅσπερ@rpnns οὐ@b ἐάω@vppenns λαμβάνω@vnpa-- ὁ@dafs ὑπερβολή@nafsc ὁ@dgfs ἀφθονία@ngfsc βλαπτικός@annns- γίγνομαι@vope3s ἄν@b ἐγώ@rpgmp ἐν@p δέ@b ὁ@ddns νῦν@b πλῆθος@ndnsc διατηρέω@vppenns χρεία@nafpc παρέχω@vipe3s τις@rpamp εἰς@p ὁ@dams βίος@namsc καί@b γάρ@b πρόβατον@nansc καί@b βοῦς@nampc καί@cs πᾶς@anans- ὁ@dans τοιοῦτος@rpnns μετριάζω@vppaans μέν@b φέρω@vipa3s τις@rpamp πρός@p ὁ@dafs ἀναγιγνώσκω@an---- -@ddfs καίω@vppaafs ἐγώ@rpdmp διαγωγή@nafsc ὠφέλεια@ngfsc εἰς@p πᾶς@anafs- δέ@cs ἐκπίπτω@vpaaans δαψίλεια@nafsc καί@cs μακράν@anafs- ὑπεροχή@nafsc ἔχω@vppaafs ὁ@dgfs κατά@b ἵστημι@vpragfs λυμαίνομαι@vope3s ἄν@b ὁ@dams βίος@namsc ἐγώ@rpgcp ὁ@dans μέν@b καί@b πρός@p ἀλκή@nafsc τρέπω@vppeans ἅτε@b φύσις@ngfsc εὐφυής@angfs- εἰς@p οὗτος@rpans μετά@anans- χέω@vppaans ὁ@dans δέ@cs μόνος@anans- ὁ@dafs ἀνατίθημι@vpaaafs ἐγώ@rpdcp ἐκ@p ὁ@dgfs γῆ@ngfsc τρο@nansc φημί@nafsc καταναλίσκω@anams- διά@p ὅς@rpans καί@b παρά@p ὁ@dafs αἰτία@nafsc οὗτος@anafs- οὐ@b δέ@b ὁ@danp τοιοῦτος@rpanp ὁ@dgnp ζῷον@ngnpc κωλύω@viap3s φθείρω@vnpa-- ἵνα@cs ὁ@dnns συμφέρω@vppanns πρός@p ὁ@dafs χρεία@nafsc καταλιμπάνω@vspe3s πλῆθος@nnnsc καί@cs ὁ@dnns ῥᾴδιος@b κρατέω@vnpe-- δύναμαι@vppenns οὐ@b γάρ@b ὥσπερ@cs ἐπί@p λέων@ngmpc καί@cs λύκων@ngmpc καί@cs ἁπλόος@b ὁ@dgnp ἄγριος@angnp- πρόσα@vpaaans καλέω@vppegnp ζῷον@ngnpc ὅμοιος@b μικρός@angnp- τε@b καί@cs μέγας@angnp- οὐ@b εἰμί@vipa3s οὐδείς@anans- λαμβάνω@vnaa-- πλῆθος@nansc ὅς@rpnns καταλιμπάνω@vppenns ἐπικουφίζω@viia3s ἄν@b ὁ@dams ἀναγκαῖος@anams- ἐγώ@rpgcp βίος@namsc οὕτως@b καί@b ἐπί@p βοῦς@ngmpc καί@b ἕππω@angnp- καί@cs πρόβατον@ngnpc ἔχω@vipa3s καί@cs ἁπλῶς@b ὁ@dgnp ἥμερος@ngnpc ὀνομάζω@vppegnp ζῷον@ngnpc ὅθεν@b ὁ@danp μέν@b ἄρδην@b φθάνω@nanpc ρομαι@vipa1p ὁ@dgnp δέ@b ὁ@dans πλείων@anansc ὁ@dgfs συμμετρία@ngfsc ἀφαιρέω@vipa1p"
"abstin._1.12","διά@p παραπλήσιος@anafp- ὁ@ddfp ἐρῶ@vpredfp αἰτία@nafpc καί@b ὁ@danp περί@p ὁ@dafs ἐδωδή@nafsc διορίζω@vnap-- ὁ@dgnp ἔμψυχος@angnp- νομιστέος@annns- ὑπό@p ὁ@dgmp ἐκ@p ἀρχή@ngfsc οὗτος@rpanp καταλαμβάνω@vpaagmp νόμος@ndmsc ἐπί@p δέ@cs ὁ@dgnp οὐ@b ἐδώδιμος@angnp- αἴτιος@anans- ὁ@dans συμφέρω@vppaans καί@cs ἀσύμφοδος@anans- -@anans- ρον@annns- ὥστε@cs ὁ@damp λέγω3@vppaamp ὅτι@cs πᾶς@annns- ὁ@dnns καλός@annns- καί@cs ζεύς@ καίω@vppanns κατά@p ὁ@dafp ἴδιος@anafp- ὑπόληψις@nafpc εἰμί@vipa3s περί@p ὁ@dgmp νοέω@ μοθέω@vpregnp ἠλίβατος@ngfsc τις@rpgns γέμω@vnpa-- εὐήθεια@ngfsc οὐ@b γάρ@b εἰμί@vipa3s οὕτως@b ἔχω@vppanns οὗτος@rpnns ἀλλά@cs ὅς@rpams τρόπος@namsc καί@b ἐπί@p ὁ@dgnp λοιπός@angnp- συμφέρω@vppagnp οἷος@rpans ὑγιεινός@angnp- τε@cs καί@cs ἕτερος@angnp- μυρίος@angnp- εἶδος@vppanms ἀλλά@cs διαμαρτάνω@vipa3p ἐν@p πολύς@andns- -@angnp- λοός@andmp- ὁ@dgnp τε@b κοινός@angnp- ὅμοιος@b καί@cs ὁ@dgnp ἴδιος@angnp- καί@b γάρ@b ὁ@danp παραπλήσιος@b ἐφαρμόττω@vppaanp νόμιον@nanpc πᾶς@andmp- οὐ@b καθοράω@vipa3p τις@rpnmp ἀλλά@cs ὁ@dnmp μέν@b ὁ@dgmp ἀδιάφορος@angmp- δοξάζω@vppanmp τε@nnmpc εἰμί@vnpa-- παραλείπω@vipa3p ὁ@dnmp δέ@cs ὁ@dafs ἐναντίος@anafs- δόξα@nafsc ὑπέρ@p αὐτός@rpgmp ἔχω@vipa3p καί@cs ὁ@danp μή@b καθόλου@b συμφέρω@vppaanp πανταχοῦ@b τις@rpnmp οἴομαι@vipe3p συμφέρω@vnpa-- ὅθεν@b διά@p ὁ@dafs εἰ@nafsc -@nafsc τις@nafsc οὗτος@anafs- ἀντέχω@vipe3p ὁ@dgmp οὐ@b ἐφαρμόζω@vppagmp εἰ@cs καί@b ἐπί@p τις@rpgnp ἐξευρίσκω@vipa3p ὁ@danp τε@cs πρός@p αὐτός@rpamp λυσι@vira3p τέλειος@ananp- καί@cs ὁ@danp κοινός@anafs- ἔχω@vppaanp ὁ@dafs ὠφέλεια@nafsc ὅς@rpgnp εἰμί@vipa3s καί@b ὁ@dnnp περί@p ὁ@dafp ἐδωδή@nafpc ὁ@dgnp ἔμψυχος@angnp- καί@cs φθορά@nafpc ἐν@p ὁ@ddnp πλεῖστος@andnpc ὁ@dgnp ἔθνος@ngnpc προστάσσω@vprennp διά@p ὁ@dans ὁ@dgfs χώρα@ngfsc ἴδιος@anans- ὅς@rpdnp οὐ@b ἀναγκαῖος@annns- ἐμμένω@vnpa-- ἐγώ@rpdmp διά@p ὁ@dans μη@b δέ@cs ὁ@dams αὐτός@anams- οἰκέω@vnpa-- τόπος@namsc εἰ@cs μέν@b οὖν@b δύναμαι@viam3p ποιέω@nnfsc οἶδα@vnre-- τις@rpacs συνθήκη@nafsc ὥσπερ@cs πρός@p ἄνθρωπος@nampc οὕτως@b καί@cs πρός@p ὁ@danp λοιπός@ananp- ὁ@dgnp ζῷον@ngnpc ὑπέρ@p ὁ@dgns μή@b κτείνω@vnpa-- μη@b δέ@cs πρός@p ἐγώ@rpgmp ἄκριτος@b αὐτός@rpanp κτείνω@vnpe-- καλός@b ἔχω@viia3s μέχρι@p οὗτος@rpgns ὁ@dans δίκαιος@anans- ἐξάγω@vnpa-- ἐπιτεταμένος@vprenns γάρ@b γίγνομαι@viie3s πρός@p ὁ@dafs ἀσφάλεια@nafsc ἐπεί@cs δέ@b ὁ@dgnp ἀμηχά@angnp- -@angnp- νων@angnp- εἰμί@viia3s κοινωνέω@vnaa-- νόμος@ngmsc ὁ@danp μή@b δέχομαι@vppeanp ὁ@dgnp ζῷον@ngnpc λόγος@namsc διά@p μέν@b ὁ@dgms τοιοῦτος@rpgms τρόπος@ngmsc ὁ@dans συμφέρω@vppaans οὐ@b οἷος@annns- τε@b κατασκευάζω@vnam-- πρός@p ὁ@dafs ἀπό@p ὁ@dgnp ἄλλος@rpgnp ἔμψυχος@angnp- ἀσφάλεια@nafsc μᾶλλον@b πέρ@b ἤ1@cs ὁ@dgnp ἀψύ@angnp- -@angnp- χώ@ngmpc ἐκ@p δέ@cs ὁ@dgns ὁ@dafs ἐξουσία@nafsc λαμβάνω@vnpa-- ὅς@rpafs νῦν@b ἔχω@vipa1p εἰς@p ὁ@dans κτείνω@vnpa-- αὐτός@rpanp μόνως@b εἰμί@vipa3s ὁ@dafs ἐνδέχομαι@vppeamp -@vpreafs μένω@vppeafs ἔχω@vnpa-- ἀσφάλεια@nafsc τοιοῦτος@annnp- μέν@x καί@b ὁ@rpnnp ὁ@dgmp ἐπί@b -@ κουρείων@angmp-"
"abstin._1.13","λοιπός@anans- δέ@b ὁ@dnms πολύς@annms- καί@cs δημώδης@annms- ἄνθρωπος@nnfsc ὅς@viia3s λέγω@viaa3s γειν@vnpa-- ἔθω@vira3s παραθετέον@annns- ὁ@damp γάρ@b παλαιός@anamp- φημί@vipa3p ὁ@dgmp ἔμψυχος@angmp- ἀπέχω@vnam-- οὐ@b διά@p εὐσέβεια@nafsc διά@p δέ@b ὁ@dans μήπω@b οἶδα@vnra-- ὁ@dafs ὁ@dgns πῦρ@ngnsc χρῆσις@nafsc ὡς@cs δέ@b μανθάνω@viaa1s τίμιος@ananss τε@b καί@cs ἱερός@ananss νομίζω@vnaa-- ἑστία@nafsp τε@b προς@b λέγω@vnaa-- καί@cs σύνδημος@anamp- ἀπό@p οὗτος@rpgns γίγνομαι@vnam-- καί@cs λοῖος@b πού@rpams χράω2@vnam-- ὁ@ddnp ζῷον@ndnpc εἰμί@vnpa-- μέν@b γάρ@b κατά@p φύσις@nafsc ἄνθρωπος@ndmsc ὁ@dans σαρκοφαγέω@vnaa-- παρά@p φύσις@nafsc δέ@b ὁ@dans ὠμόφα@ananp- γείνομαι@vnpa-- πῦρ@ngnsc οὖν@b εὑρίσκω@vpapgns ἀπολαμβάνω@vnaa-- ὁ@dans κατά@p φύσις@nafsc διά@p ἕψησις@ngfsc προσμένω@vpamamp ὁ@danp κρέας@nanpc διά@p ὅς@rpdns ὠμοφάγος@nnmpc μέν@b ὁ@dnmp θῶες@nnmpc καί@cs ἐν@p ὄνειδος@andns- ὁ@dans ὠμός@anans- βόθρω@voaa2s πρίαμος@nansp καί@cs ὤμιον@vipa1s ἀποτέμνω@vppeams κρέας@nanpc ἔδω@vn-a-- ὡς@cs ἄν@b δή@b ὁ@ddnp ἄθεος@andnp- ἀποδίδωμι@vpregfs ὁ@dgfs ὁ@dgnp κρέας@ngnpc ὠμός@angns- ἄγιος@ngfsc κρέας@ngnpc πίναξ@nampc παρατίθημι@viaa3s ἀείρω@vpaanms παν@anans- τοῖος@angnp- ὁ@dans μέν@b οὖν@b πρῶτος@anans- οὐ@b προσφέρω@viie3p ὁ@danp ἐγώ@ananp- -@ananp- ψυχή@nanpc οὐ@b γάρ@b εἰμί@viia3s ὠμοφάγος@annns- ζῷον@nnnsc ὁ@dnms ἄνθρωπος@nnfsc ὡς@cs δέ@b ὁ@dnfs ὁ@dgns πῦρ@ngnsc εὑρίσκω@viap3s χρῆσις@nnfsc πυρίκμητος@andnp- οὐ@b μόνος@anans- ὁ@ddnp κρέας@ndnpc ἀλλά@cs καί@b ὁ@ddnp ἄλλος@andnp- ὡς@cs εἶπον@viaa1s ὁ@ddnp πλεῖστος@andnp- βρωτός@andnp- χράομαι@viie3p ὅτι@cs μέν@b γάρ@b οὐ@b ὠμοφά@vira1s γον@annns- ὁ@dnms ἄνθρωπος@nnmsc δηλόω@vipa3s τις@rpanp ἔθνος@nanpc ἰχθυοφάγος@ananp- ὁ@damp γάρ@b ἰχθύς@nampc ὀπτάω@vipa3p ὁ@dnmp μέν@b ἐπειδάν@cs ὁ@dnfp πέτρα@nnfpc μάλιστα@b διάπυρος@annfp- γίγνομαι@vsam3p ὑπό@p ὁ@dgms ἥλιος@ngmsc ὁ@dnmp δέ@cs καί@b ἐν@p ἐγώ@rpnmp ὅτι@cs δέ@b σαρκοφάγος@namsc αὐτός@annns- οὗτος@rpnns δηλόω@vipa3s ὁ@dans μηδείς@rpans ἔθνος@nansc ἀπέχω@vnpe-- ἔμψυχος@vppanms καί@b οὐ@b κατά@p διαστροφή@nafsc ὁ@dnmp αἱρέω@nnmpp ληνες@nnmpc προσίημι@viam3p ἐπεί@cs καί@b ὁ@ddmp βάρβαρος@ndmpc ὁ@dnns αὐτός@rpnns εἰμί@vipa3s ἔθος@nnnsc"
"abstin._1.14","ὁ@dnms δέ@x κελεύω@vppanms μή@cs ἐσθίω@vnpa-- καί@cs ἄδικος@anams- ἡγέομαι@vmpe2s μένω@nvmsc οὐ@b δέ@cs κτείνω@vnpa-- δίκαιος@anams- ἐρῶ@vifa3s οὐ@b δέ@cs ψυχή@nafpc ἀφίημι@vipe2s ρέομαι@vnpe-- ἀλλά@b μήρρ@b πρός@p γε@b ὁ@danp θηρίον@nanpc πόλεμος@nnmsc ἐγώ@rpdmp ἔμφυτος@annms- ἅμα@b καί@cs δίκαιος@annms- ὁ@danp μέν@x γάρ@x ἑκών@ananp- ἐπιτί@b τίθημι@vipe3s ὁ@ddmp ἄνθρωπος@ndmpc ὥσπερ@cs λύκος@nnmpc καί@cs λέων@nnmpc ὁ@dnnp δέ@b οὐ@b ἑκών@annnp- ὥσπερ@cs ὁ@dnmp ἔχω@vipa2s πατέω@vpapnmp γάρ@x ἐνίοτε@b δάκνω@vipa3p καί@cs ὁ@dnnp μέν@b ὁ@ddmp ἄνθρωπος@ndmpc ἐπιτίθημι@vipe3s ὁ@dnnp δέ@b ὁ@damp καρπός1@nampc φθείρω@vipa3s ὑπέρ@p ὅς@rpgnp πᾶς@angnp- μέτειμι@vsaa1p οὗτος@rpanp καί@cs ὁ@danp κατάρχω@vpaaanp θηρίον@nanpc κτείνω@vipa1p καί@cs ὁ@danp μή@b κατάρχω@vpaaanp ὡς@cs μή@b τις@rpans πρός@p αὐτός@rpgnp πάσχω@vsaa1p οὐ@b εἰμί@vipa3s γάρ@b ὅστις@rpnms εἶδον@vpaanms ὄφις@namsc οὐ@b ἐκτείνω@viaa3s δύναμαι@vppenms ὡς@cs μή@b τε@cs αὐτός@rpnms δάκνω@voap3s μή@b τε@cs ἄλλος@annms- ἁπλόος@b ἄνθρωπος@nnmsc οὐ@b γάρ@b μόνος@b εἰμί@vipa3s μῖσος@nnnsc κατά@p ὁ@dgmp κτείνω@vppegmp ἀλλά@cs καί@b στοργή@nnfsc πρός@p ἄνθρωπος@namsc ἄνθρωπος@ngmsc δίκαιος@angms- δέ@b εἰμί@vppagms ὁ@dgms πρός@p ὁ@danp θηρίον@nanpc πόλεμος@ngmsc πολύς@angmp- ἀπέχω@vipe1p ὁ@dgmp συνουσιάζω@vppagmp ὅθεν@b ὁ@dnmp ἕλλην@nnmpp οὐ@b τε@cs κυνοφα@nanpc γείνομαι@vipa3p οὐ@b τε@cs ἵππος@nampc ἐσθίω@vipa3p οὐ@b τε@cs ὄνος@nampc ὗς@nampc μέντοι@x ἐσθίω@vipa3p ὡς@cs ὁ@dnns αὐτός@angns- γένος@ngnsc ὁ@ddmp ἄγριος@andmp- ὁ@dans ἥμερος@nansc ὡσαύτως@b τε@b ὁ@damp ὄρνις@nampc οὐ@b δέ@cs γάρ@b εἰμί@vipa3s χρήσιμος@annns- πρός@p ἄλλος@rpans τις@rpans ὗς@nnnsc ἤ1@cs πρός@p βρῶσις@nafsc φοῖνιξ@nnmpp δέ@b καί@cs ἰου@ngmsp -@ δήμιος@nnmpc ἀπέχω@viam3p ὅτι@cs οὐ@b δέ@cs ὅλος@b ἐν@p ὁ@ddmp τόπος@ndmpc φύω@viie3s ἐπεί@b οὐ@b δέ@b νῦν@b ἐν@p αἰθιοπία@ndfsp φημί@vipa3p ὁράω@vnpe-- ὁ@dans ζῷον@nansc οὗτος@anans- ὡς@cs οὖν@b κάμηλος@nafsc ἤ1@cs ἐλέφας@namsc ἕλλην@ngmpp οὐδείς@rpnms θεός@ndmpc θύω@viaa3s παρά@p ὅσος@anans- οὐ@b δέ@b φέρω@viaa3s ὁ@dnfs ἑλλάς@nnfsp οὗτος@ananp- ὁ@danp ζῷον@nanpc οὕτως@b οὐ@b δέ@b ἐν@p κύπρος@ndfsp ἤ1@cs φοινίκη@ndfsp θεός@ndmpc προς@b ἄγω@viap3s ὁ@dnns ζῷον@nnnsc οὗτος@annns- παρά@p ὅσος@anans- οὐ@b εἰμί@viia3s ἐντόπιος@annns- οὐ@b δέ@cs αἰγύπτιος@annmp- θεός@nnmpc θύω1@vipa3p ὗς@namsc παρά@p ὁ@dafs αὐτός@anafs- αἰτία@nafsc ὁ@dnns δέ@b ὅλος@b ἀπέχω@vnpe-- ὁ@dgns ζώιον@ngnsc τις@rpamp ὅμοιος@annns- εἰμί@vipa3s ὁ@ddns μη@b δέ@b ἄν@b ἐγώ@rpamp ἐθέλω@vnaa-- καμήλειος@nanpc ἐσθίω@vnpa--"
"abstin._1.15","διά@p τίς@rpans δέ@b ἄν@b τις@rpnms καί@b ἀπέχω@voam3s ὁ@dgnp ἔμψυχος@angnp- ἆρα@b γε@b ὁ@dafs ψυχή@nafsc χείρων@anafsc ποιέω@vipa3s ἤ1@cs ὁ@dnns σῶμα@nnnsc δῆλος@annns- δέ@b εἰμί@vipa3s ὡς@cs οὐδέτερος@rpnns ὁ@dnnp γάρ@b σαρκοφαγέω@vppannp ζῷον@nnnpc συνετός@annnpc ὁ@dgnp ἄλλος@rpgnp θηρευτικός@annnp- γοῦν@b εἰμί@vipa3s καί@cs τέχνη@nafsc ἔχω@vipa3s οὗτος@rpafs ἀπό@p ὅς@rpgfs περιποιέω@vipe3s ὁ@dams βίος@namsc ἰσχύς@nafsc τε@cs καί@cs ἀλκή@nafsc κτάομαι@vire3s ὥσπερ@cs λέων@nnmpc καί@cs λύκος@nnmpc ὥστε@b ὁ@dnfs κρεοφαγία@nnfsc οὐ@b τε@cs ὁ@dafs ψυχή@nafsc οὐ@b τε@cs ὁ@dans σῶμα@nansc λυμαίνομαι@vipe3s δῆλος@annns- δέ@b εἰμί@vipa3s καί@b ἐκ@p ὁ@dgns ὁ@damp ἀθλητής@nampc ὁ@danp σῶμα@nanpc κρείσσων@annnpc ὁ@ddfs κρεοφαγία@ndfsc παρέχω@vnpa-- καί@cs ἐκ@p ὁ@dgmp ἰατρός@ngmpc ὅς@rpnmp ὁ@danp ἐκ@p ὁ@dgfs ἀρρωστία@ngfsc σῶμα@nanpc ἀναλαμβάνω@vipa3p ὁ@ddfp κρεοφαγία@ndfpc ὁ@dgns δέ@b μή@b ὑγιής@b δοξάζω@vnaa-- ὁ@dams πυθαγόρας@namsp σημεῖον@nnnsc οὐ@b μικρός@annns- ὁ@dgmp γάρ@b σοφός@angmp- ἀνήρ@ngmpc οὐδείς@rpnms πείθω@viap3s οὐ@b τε@cs ὁ@dgmp ἑπτὰ@an---- οὐ@b τε@cs ὁ@dgmp ὕστερος@anans- γίγνομαι@vpamgmp φυσικός@angmp- ἀλλά@cs οὐ@b δέ@cs ὁ@dnms σοφός@annmss σωκράτης@nnmsp οὐ@b δέ@cs ὁ@dnmp ἀπό@p σωκράτης@ngmsp"
"abstin._1.16","φέρω@vmpa2s δέ@b καί@b πείθω@vnap-- πᾶς@anamp- ἄνθρωπος@nampc ὁ@ddns δόγμα@ndnsc τις@anafs- τοίνυν@b ὁ@dnfs ἐπιγονή@nnfsc ὁ@dgnp ζῷον@ngnpc ἔξειμι@vifa3s μοῖρα@nafsc ὗς@nnfsc μέν@x γάρ@x ὅσος@ananp- τίκτω@vipa3s καί@cs λαγῶς@nnmsc οὐδείς@anams- λανθάνω@vipa3s προστίθημι@vmaa2s δέ@b καί@b ὁ@danp ἄλλος@rpanp ζῷον@nanpc πᾶς@ananp- ἁπλόος@b πόθεν@b οὖν@b οὗτος@rpdnp ὁ@dnfs νομή@nnfsc καί@cs τίς@rpans πείθω@vifm3p ὁ@dnmp γεωργός@nnmpc καί@b γάρ@b φθείρω@vppegmp μένω@vppagmp ὁ@dgmp καρπός1@ngmpc ὁ@damp φθείρω@vppaamp οὐ@b ἀποκτείνω@vifa3p σιν@vipa3p ὁ@dnfs γῆ@nnfsc τε@b ὁ@dans πλῆθος@nansc οὐ@b φέρω@vifa3s ὁ@dgnp ζῷον@ngnpc ὁ@dnns τε@b θνήσκω@nnnsc σκαπαν@vppaams ἐκ@p ὁ@dgfs σηπεδών@ngfsc φθορά@nafsc ἐμποιέω@vifa3s λιμός@ngmsc τε@cs κατέχω@vpaagms οὐ@b εἰμί@vifm3s καταφυγή@nnfsc θάλασσα@nnfsc μέν@b γάρ@b καί@b ποτσμός@nnmpc καί@cs λίμινος@nnfpc ἰχθύς@ngmpc πίμπλημι@vifp3p ὁ@dnms δέ@b ἀήρ@nnmsc ὄρνις@ngmpc ὁ@dnfs δέ@cs γῆ@nnfsc πλήρης@annfs- ἑρπετόν@ngnpc παντοῖος@angnp-"
"abstin._1.17","πόσος@annmp- δέ@b πρός@p θεραπεία@nafsc ἐμποδίζω@vifp3p ἀπέχω@vppenmp ὁ@dgnp ζῷον@ngnpc ὁ@damp γοῦν@b ὁ@dgfp ὄψις@ngfpc ἀποτυφλόω@vppeamp εἰμί@vipa3s εἶδον@vnaa-- ἔχεως@ngnsc βρῶσις@ndfsc τηρέω@vpaaamp ὅρασις@ndnpc κρατερός@ngmsp ὁ@dgms ἰατρός@ngmsc οἰκέτης@nnmsc ξένος@andns- περιπίπτω@vpaanms νόσημα@ndnsc ὁ@dgfp σάρξ@ngfpc ἀπόστασις@nafsc λαμβάνω@vpaagfp ἐκ@p ὁ@dgnp ὀστέον@ngmpc ὁ@ddnp μέν@b φαρμά@nanpc -@ananp- κως@ndmpc ὠφελέω@viam3s οὐδείς@rpans ἰχθύς@ngmsc δέ@x τρόπος@ndmsc ἔχω@vipa3s σκευα@nanpc ἵστημι@vpapdms καί@cs ἐσθίω@vpapdms διασῴζω@viap3s ὁ@dgfs σάρξ@ngfsc συγκολλη@nnfsc τίθημι@vpapgfs πολύς@ananp- δέ@b καί@cs ἄλλος@ananp- ζῷον@nanpc θεραπεύω@vipa3s προσφέρω@anamd- ἄγω@namsc καί@cs ὁ@dgnp ζῷον@ngnpc εἷς@ ἕκαστος@anans- μέρος@nansc ὅς@rpans δή@b πᾶς@ananp- παραιρέω@vipe3s ὁ@dnms παραιτέομαι@vppenms ὁ@danp ἔμψυχος@ananp-"
"abstin._1.18","εἰ@cs δέ@b ὡς@cs φημί@vipa3p καί@b ὁ@dnnp φυτόν@nnnpc ψυχή@nafsc ἔχω@vipa3s ποῖος@annms- ἄν@b εἰμί@vopa3s ὁ@dnms βίος@nnmsc μή@b τε@cs ζῷον@ngnpc μή@b τε@cs φυτόν@ngnpc ἐγώ@rpgcp ἀποτέμνω@vppagnp εἴπερ@cs δέ@b μή@b ἀσεβέω@vipa3s ὁ@dnms ὁ@danp φυτόν@nanpc κατακόπτω@vppanms οὐ@b δέ@cs ὁ@dnms ὁ@danp ζῷον@nanpc"
"abstin._1.19","ἀλλά@b οὐ@b χρή@vnpa-- φημί@vifa3s τις@rpnms κτείνω@vnpa-- ὁ@dans ὁμόφυλος@anans- εἰ@cs γε@b ὁμοούσιος@annfp- ὁ@dnfp ὁ@dgnp ζῷον@ngnpc ψυχή@nnfpc ὁ@ddfp ἡμέτερος@andfp- ἀλλά@b εἰ@cs μέν@b ἑκών@anafp- τις@rpnms εἰσκρίνω@vnpe-- ὁ@dafp ψυχή@nafpc δίδωμι@vipa3s ναῦς@i της@b ἐράω@vpaanms ἄν@b τις@rpnms φημί@vopa3s εἰσκρίνω@vnpe-- ἐν@p γάρ@b οὗτος@rpdfs πᾶς@angmp- ἀπόλαυσις@nnfsc διά@p τίς@rpans οὖν@b οὐ@b εἰς@p ἄνθρωπος@ngmsc πάλιν@b εἰσδύνω@viie3p φύσις@nafsc εἰ@cs δέ@b ἑκών@anafp- μέν@b καί@b ναῦς@ngmsc της@nnmsc ἔρως@ndmsc διά@p δέπας@angns- εἶδος@ngnsc ζῷον@ngnpc χαρίζομαι@vprenns ἄν@b εἰμί@vopa3s αὐτός@rpdfp ὁ@dnns ἀναιρέω@vnpe-- ὁ@dnfs γάρ@b ἐπάνοδος@nnfsc ταχύς@angnp- ἐπί@p ὁ@dams ἄνθρωπος@namsc ὁ@dnnp τε@cs σῶμα@nnnpc ἐσθίω@vppennp λύπη@nafsc οὐ@b ἄν@b ἐντίκτομαι@vopa3s ὁ@ddfp ψυχή@ndfpc ὡς@cs ἄν@b ἀπαλλάσσω@vpredfp αὐ@rpgfs ὁ@dgfp ἔρως@nnmsc δέ@b ἄν@b αὐτός@rpdfp εἰμί@vopa3s ἐν@p ἄνθρωπος@ngmsc φύσις@ndfsc γίγνομαι@vnam-- αι@vnpe-- ὥστε@cs ὅσος@rpans ἄν@b λυπέω@vope3p ἐκλείπω@vppanfp ὁ@dans ἄνθρωπος@n---c πίνω@nansc ἐπί@p τοσοῦτος@rpans χαίρω@vopa3p ἀπολιμπάνω@vppanfp ὁ@danp ἄλλος@ananp- σῶμα@nanpc ταχύς@annfsc γάρ@b ὁ@dnfs ἐπί@p ὁ@dams ἄνθρωπος@namsc ἐπάνοδος@nnfsc ὅς@rpnms ὁ@dgnp ἄλογος@angnp- δεσπόζω@vipa3s πᾶς@angnp- ὡς@cs ὁ@dnms θεός@nnmsc ἄνθρωπος@nnmsc πούς@vppanms αἰτία@nnfsc τοίνυν@b ἱκανός@annfs- ἀναιρέω@vnpa-- ὁ@danp ἄλογος@ananp- ζῷον@nanpc ἐπί@p ὅσος@anans- ἀδικέω@vipa3s κτείνω@vppaams ὁ@damp ἄνθρωπος@nampc εἰ@cs δέ@b εἰμί@vipa3p ὁ@annfp- ὁ@dgmp ἄνθρωπος@ngmpc ἀθάνατος@annfp- ψυχή@nnfpc ὁ@dnfp δέ@b ὁ@dgmp ἀλό@ngmpc -@annns- γ@ngmpc θνητός@annfp- οὐ@b ἀδικέω@vipa1p ὁ@dnmp ἄνθρωπος@nnmpc ὁ@danp ἄλογος@ananp- κτείνω@vppanmp ὥσπερ@cs ὠφελέω@vifa1p εἴπερ@cs εἰμί@vipa3p ἀθάνατος@annmp- κτείνω@vppanmp εἰς@p ἐπάνοδος@nafsc γάρ@b ὁ@dgfs ἀνθρώπειος@angfs- φύσις@ngfsc οὗτος@rpans δράω@vspa1p"
"abstin._1.20","εἰ@cs δέ@b ἀμύνω@vipa1p οὐ@b ἀδικέω@vipa1p ἀλλά@cs ἀδικέω@vppaams μετέρχομαι@vipe1p ὥστε@cs εἰ@cs ἐγώ@rpacs ἀθάνατος@annfp- ὁ@dnfp ψυ@annfp- -@nnfpc χαί@nnfpc κτείνω@vppanmp ὠφελέω@vifa1p εἰ@cs δέ@x εἰ@i ὁ@dgnp ἄλογος@angnp- θνη@nnfpc ὁ@i κτείνω@vppanmp οὐδείς@anans- ἀσεβής@anans- πράσσω@vipa1p εἰ@cs δέ@b καί@b ἀμύνω@vipa1p πῶς@b οὐ@b ἐν@p δίκη@ndfsc πράσσω@vipa1p ὄφις@nafsc μέν@b οὖν@b καί@cs σκορπίος@namsc καί@b ἄν@cs μή@b ἔπειμι1@vspa3p ἐγώ@rpdcp κτείνω@vipa1p ἵνα@cs μη@b δέ@cs ἄλλος@rpnms πρός@p αὐτός@rpgmp τις@rpans πάσχω@vsaa3s ὁ@ddns κοινός@andns- γένος@ndnsc ὁ@dgmp ἄνθρωπος@ngmpc ἀμύνω@vppanmp ἐπιχειρέω@vppaams δέ@b ὁ@ddmp ἄνθρωπος@ndmpc -@ndmpc ποι@b ἤ1@cs ὁ@ddmp συνουσιάζω@vppadmp ἤ1@cs ὁ@ddmp καρπός1@ndmpc πῶς@b οὐ@b ἄν@b δίκαιος@b κτείνω@vopa1p"
"abstin._1.21","εἰ@cs δέ@b ἅπαξ@b ἀδικία@nafsc τις@rpncs οὗτος@anafs- ἡγέομαι@vipe3s μή@b τε@cs γάλα@ndnsc χράω2@vmpe3s μή@b τε@cs ἔριον@ndnsc μή@b τε@cs ᾠόν@ndnpc μή@b τε@cs μέλι@ndnsc ὡς@cs γάρ@b ἄνθρωπος@namsc ἀδικέω@vipa2s ἀφαιρέω@vppenms ὁ@dafs ἐσθής@nafsc οὕτως@b καί@b ὁ@dafs ὄις@nafsc πέσσω@vpaanms ἐσθής@nnfsc γάρ@b οὗτος@rpnfs ὁ@dgms πρόβατον@ngmsc καί@b ὁ@dnns γάλα@nnnsc οὐ@b σύ@rpdcs γίγνομαι@vira3s ἀλλά@cs ὁ@ddnp ἀποκυέω@vpapdmp τέκνον@ndnpc ὅς@dnfs τε@b μέλισσα@nnfsc οὗτος@anafs- ἑαυτοῦ@rpdfs τρο@nafsc φημί@nafsc συλλέγω@viam3s ὅς@rpafs ἀφαιρέω@vpamnms ἡδονή@nafsc σεαυτοῦ@rpdms κατά@viaa3s σκευάζω@viaa2s καί@b ὁ@dams ὁ@dgmp αἰγύπτιος@ngmpp λόγος@namsc σιωπάω@vira1s ὅτι@cs καί@b ὁ@dgnp φυτόν@ngnpc ἀδικέω@vipa1p ἅπτω@vppenmp εἰ@cs δέ@b οὗτος@rpnnp ἐγώ@rpgcp χάρις@p γίγνομαι@vira3s καί@cs ὁ@dnfs μέλισσα@nnfsc ἐγώ@rpdcp δουλεύω@vppanfs ὁ@dans μέλι@nansc ἐργάζομαι@vipe3s καί@cs ὁ@dnns ἔριον@nnnsc ἐπιφύω@vipe3s ὁ@dgnp προβαίνω@ngnpc -@ ὁ@rpgnp ὅς@rpnns ἐγώ@rpdcp κόσμος@nnmsc καί@cs ἀλέη@annnp-"
"abstin._1.22","αὐτός@rpdmp δέ@b ὁ@ddmp θεός@ndmpc εἰς@p εὐσέβεια@nafsc συντελέω@vppanmp ζῷον@nanpc θύω@vipa1p καί@b αὐτός@rpgfp ὁ@dnms μέν@b ἀπόλλων@nnmsp λυκοκτόνος@annms- ὁ@dnfs δέ@cs ἄρτεμις@nnfsp θηροκτόνος@annfs- ἐπεί@b καί@b ὁ@dnmp ἡμίθεος@annmp- καί@cs ὁ@dnmp ἥρως@nnmpc πᾶς@annmp- καί@b γένος@ndnsc καί@cs ἀρετή@ndfsc ἐγώ@rpgmp προέχω@vppanmp δοκιμάζω@viaa3p ὁ@dafs ὁ@dgmp ἐμψύ@angmp- -@ngmpc χώ@ngmpc προσφορά@nafsc ὥστε@cs καί@b θεός@ndmpc θύω@vnpa-- δωδεκῆ@nafpc καί@cs ἑκατόμβη@nafpc ὁ@dnms δέ@b ἡρακλῆς@nnmsp ἐν@p τε@b ὁ@ddnp ἄλλος@rpdnp καί@cs ἐπί@p οὗτος@rpdns ὑμνέω@vipe3s ὅτι@cs βουφάγος@nnmsc εἰμί@viia3s"
"abstin._1.23","ὁ@dnns δέ@b λέγω3@vnpa-- ὅτι@cs πρόσωθεν@b πυθαγόρας@nnmsp ἀσφαλίζω@viie3s ὁ@dgfs ἀλληλοφοφαγία@ngfsc ἀποκρούω@vppenms ὁ@damp ἄνθρωπος@nampc εὐήθης@annns- εἰ@cs μέν@b γάρ@b ὁ@dnmp κατά@p πυθαγόρας@nafsp πᾶς@annmp- ἄνθρωπος@nnmpc ἀλλήλων@rpamp ἐσθίω@viia3p ληρώδης@annmp- ὁ@dnns καί@b ὁ@dgnp ἄλλος@rpgnp ζῷον@ngnpc ἀποσπάω@vppanms ὁ@damp ἄνθρωπος@nampc ἵνα@cs ὁ@dgfs ἀλληλοφοφαγία@ngfsc ἀφεστήξω@vsaa3s διά@p οὗτος@rpgns γάρ@b μέλλω@viia3s μᾶλλον@b αὐτός@rpamp προτρέπω@vnfm-- ἀποφαίνω@vppanms ὡς@cs ἴσος@annns- εἰμί@vipa3s ἀλλήλων@rpamp ἐσθίω@vnpa-- καί@cs ὗς@ngfpc τε@b καί@cs βοῦς@ngfpc σάρξ@nafpc ἐμπορίζω@vnpe-- εἰ@cs δέ@b μή@b εἰμί@viia3s ἀλληλο@annns- φαγία@nnfsc τότε@b τίς@rpnns δεῖ@viia3s οὗτος@angns- ὁ@dgns δόγμα@ngnsc εἰ@cs δέ@b ἑαυτοῦ@rpdms καί@cs ὁ@ddmp ἑταῖρος@ndmpc ὁ@dams νόμος@namsc τίθημι@viia3s αἰσχρός@annfs- ὁ@dnfs ὑποτίθημι@nn-sc σις@nnfsc ἀλληλοφάγος@anamp- γάρ@b ἀποδείκνυμι@vipa3s ὁ@damp πυθαγόρας@ndmsp συμβιόω@vpaaamp"
"abstin._1.24","ὁ@dnns ἐναντίος@annns- δέ@b συμβαίνω@vnfm-- ὅς@rpgnp οὗτος@rpnms στοχάζομαι@viie3s εἰ@cs γάρ@b ἀφεστήξω@vifm1p ὁ@dgnp ἔμψυχος@angnp- οὐ@b μόνος@ngmsc ὁ@dgns τοιοῦτος@rpgns καί@cs ἡδονή@ngfsc ἀπολιμπάνω@vifm1p ἀλλά@cs καί@cs ὁ@dafp ἄρουρα@nafpc ἀπόλλυμι@vifa1p φθείρω@vppeafp ὑπό@p ὁ@dgfp θηρίον@ngnpc ὑπό@p τε@cs ὄφις@ngmpc καταλαμβάνω@vifm3s πᾶς@annfs- ὁ@dnfs γῆ@nnfsc αί@p κτάομαι@angnp- πετεινόν@ngnpc ὥστε@cs καί@cs ὁ@damp ἄροτος@nampc χαλεπός@b γίγνομαι@vnpe-- καί@cs ὁ@danp τρέφω@vpapanp εὐθύς@b τε@cs ὑπό@p ὁ@dgmp ὄρνις@ngmpc ἀναλέγω@vnpe-- καί@cs ὁ@danp τελέω@vpapanp ὑπό@p ὁ@dgfp τετράπους@ngnpc ἅπας@ananp- ἀναλίσκω@vnpe-- τοσοῦτος@angfs- δέ@b ἀπορία@ngfsc βρῶμα@ngfpc γίγνομαι@vppegfs ἀνάγκη@nnfsc πικρός@ananp- καταλαμβάνω@vifm3s ἐπί@p ἀλλήλων@rpamp τρέπω@vnam--"
"abstin._1.25","καί@b μήν@b καί@b ὁ@dnmp θεός@nnmpc σύνταξις@nafpc τε@b πολύς@andmp- θεραπεία@ngfsc ἕνεκα@p δίδωμι@vira3p ὁ@dafp ἐκ@p θηρίον@ngnpc καί@cs πλήν@b -@annmp- ρης@angfs- γε@b ὁ@dnfs ἱστορία@nnfsc ὡς@cs αὐτός@annmp- προστάσσω@viaa3p τις@rpdmp καί@b θύω@vnpa-- αὐτός@rpdmp καί@cs προσφέρω@vnpe-- ὁ@dgmp θύω1@vpapgmp ἐν@p δέ@b ὁ@ddfs κάθοδος@ndfsc ὁ@dgmp ἡρακλείδαι@ngmpp ὁ@dnmp ἐπί@p ὁ@dafs δακεδαίμων@nafsp στρατεύω@vppanmp μετά@p εὐρυσθένης@ngmsp καί@cs προκλῆς@ngmsp ἐν@p ἀπορία@ndfsc ὁ@dgnp ἀναγκαῖος@angnp- ὄφις@nampc ἐσθίω@viaa3p ὅς@rpamp δίδωμι@viaa3s ὁ@dnfs γῆ@nnfsc τότε@b τροφή@nafsc ὁ@ddns στρατόπεδον@ndnsc ἄλλος@andms- δέ@b στρατός@ndmsc πεινάω@vppadms κατά@p ὁ@dafs διβύη@nafsp ἐμπίτνω@viaa3s νέφος@nnnsc ἀμόργη@ngfpc ἐν@p ὁ@ddmp γάδειρα@ndmpp καί@b ὅδε@rpnns συντυγχάνω@viaa3s βόγος@nnmsp εἰμί@viia3s βασιλεύς@ndfsc βασιλεύς@nnmsc μαυρούσιος@angmp- ὁ@dnms ἐν@p μεθώνη@ndfsp σφάζω@vpapnms ὑπό@p ἀγρίπ@ngmsp πα@p οὗτος@rpnms ἐπιχειρέω@viaa3s ὁ@ddms ἡράκλειος@ndmsp πλούσιος@andmss εἰμί@vppadms ἱερόν@ndnsc εἰμί@vipa3s δέ@b νόμος@nnmsc ὁ@ddmp ἱερεύς@ndmpc ὁσημέραι@annmp- ὁ@dams δύω@namsc -@namsc ἐμός@ αἱμάσσω@vnpa-- οὗτος@rpans δέ@b ὅτι@cs οὐ@b γνώμη@ndfsc γίγνομαι@vipe3s ἐν@p ἄνθρωπος@ngmpc ἀλλά@cs κατά@p θεός@namsc ὁ@dnms τότε@b καιρός@nnmsc ἀποδείκνυμι@viaa3s ὁ@dgfs γάρ@b πολιορκία@ngfsc ἐγχρονίζω@vppegfs ἐπιλείπω@viaa3s ὁ@danp ἱερεῖον@nanpc ὁ@dnms δέ@b ἱερεύς@nnmsc ἐν@p ἀπορία@ndfsc γίγνομαι@vpamnms ὄνειρος@namsc ὁράω@vipa3s τοιόσδε@rpams δοκέω@viia3s ἵστημι@vnra-- μέσος@annms- ὁ@dgfp στήλη@ngfpc ὁ@dgfp ἡράκλειος@angfp- ἔπειτα@cs ἄντικρυς@b ὁ@dgms βωμός@ngmsc ὁράω@vnpa-- ὄρνις@namsc κατάἕζομαι@vppeams καί@cs πειράω@vppeams ἐφίπταμαι@vnpe-- πίπτω@vpaaams δέ@b εἰς@p ὁ@dafp χείρ@nafpc ἔρχομαι@vnaa-- αὐτός@rpgms ὅς@rpdfs δή@x καί@cs ὁ@dams βωμός@namsc αἱμάσσω@vnaa-- οὗτος@rpans εἶδον@vpaanms ἅμα@p ἡμέρα@ndfsc ἐξανίστημι@vpaanms ἐπί@p ὁ@dams βωμός@namsc ἔρχομαι@viaa3s καί@cs ὥσπερ@b ἐν@p ὁ@ddms ὄνειρος@ndmsc ἵστημι@vpaanms ἐπί@p ὁ@dgms πύργος@ngmsc ἀποβαίνω@viia3s πει@vnpa-- ὁράω@vipa3s τε@b ὁ@dams ὄρνις@namsc ἐκεῖνος@anams- οἷος@anams- ἐν@p ὁ@ddmp ὕπνος@ndnpc ἐλπίζω@vpaanms τε@cs ἐκβαίνω@vnpa-- ἐνύπνιον@nansc ἵστημι@viaa3s καταπέτομαι@vpaanms δέ@b ὁ@dnms ὄρνις@nnmsc ἐπί@p ὁ@dgms βωμός@ngmsc κατάκαθέζομαι@viie3s εἰς@p ὁ@dafp χείρ@nafpc τε@cs ἑαυτοῦ@rpams δίδωμι@viaa3s ὁ@dgms ἀρχιερεύς@ngmsc καί@cs οὕτως@b ἱερεύω@viap3s καί@cs ὁ@dnms βωμός@nnmsc αἱμάσσω@viap3s οὗτος@rpgns δέ@b εἰμί@vipa3s ἔνδοξος@annnsc ὁ@dnns γίγνομαι@nnnsc νός@nnmsc ἐν@p κύζικος@ndmsp πολιορκέω@vppagms γάρ@b αὐτός@rpafs μιθραδά@ngmsp τις@rpgms ὁ@dnfs ὁ@dgfs περσεφόνη@ngfsp ἑορτή@nnfsc ἐφίστημι@viaa3s ἐν@p ὅς@rpdfs βοῦς@nacsc χρή@vipa3s θύω@vnaa-- ὁ@dnfp δέ@b ἱερός@annfp- ἀγέλη@nnfpc νέμω@viie3p ὁ@dgfs πόλις@ngfsc ἄντι@p κρυς@nnfsc ἐκ@p ὅς@rpgfp δεῖ@viia3s ὁ@dans ἱερεῖον@nansc γίγνομαι@vnam-- ἤδη@b δέ@cs εἰμί@viia3s καί@b ὁ@dnns σημεῖον@nnnsc ἐπίκειμαι@vprenns ὁ@dgfs δέ@b ὥρα@ngfsc αἰτέω@vppagfs ὁ@dnfs βοῦς@nnfsc μυκάω@viam3s διανήχομαι@viam3s τε@cs ὁ@dams πόρος@namsc ὡς@cs τε@b ἀνοίγνυμι@viaa3p ὁ@dafs πύλη@nafsc ὁ@dnmp φύλαξ@nnmpc ὁ@dnfs δέ@b δρόμος@ndmsc διαίσσω@viaa3s καί@b ἀπό@p ὁ@dgms βωμός@ngmsc παρίστημι@viaa3s ὁ@ddfs θεός@ndfsc τε@cs τελέω@viap3s ὁ@dnns θῦμα@nnnsc οὐ@b ἔοικα@b ἄρα@b εὐσεβής@ananss εἰμί@vnpa-- νομίζω@vipa3p ὁ@dans πλέω@b ἵστημι@vmaa2s θύω@vnaa-- εἴπερ@cs ἀρεστός@annns- θεός@ndmpc φαίνω@vipe3s ὁ@dnns θύω@vnpa--"
"abstin._1.26","ποῖος@annfs- δέ@b ἄν@b τις@annfs- γίγνομαι@voam3s πόλις@nafpc εἰ@cs πόντος@nnmpc ὁ@dnmp πολίτης@nnmpc οὗτος@angfs- ὁ@nnmsc ἔχω@vopa3p ὁ@dafs γνώμη@nafsc πῶς@b γάρ@b ἄν@b ἀμύνω@vope3p πολύς@b μίσθιος@anafp- ἐπί@p σφεῖς@rpamp εἶμι@vppaamp ὁ@dafs μέγας@anafss ποιέω@vppenmp φυ@vipa2p λακή@nafsc μή@cs τις@rpams αὐτός@rpgmp ἀποκτείνω@vsaa3p παραχρῆμα@b τοι@b νῦν@b ἀνάστατος@annmp- γίγνομαι@vope3p ἄν@b ἄλλος@rpanp δέ@b ὅσος@rpanp δυσχερής@ananp- συμβαίνω@vnpa-- ἀνάγκη@nnfsc μακρός@annns- ἄν@b ἔργον@nnnsc εἰμί@vopa3s λέγω3@vnpa-- ὅτι@cs δέ@b οὐ@b ἀσεβής@annns- ὁ@dnns κτείνω@vnpa-- καί@cs ἐσθίω@vnpa-- δηλόω@vipa3s ὁ@dnns καί@b αὐτός@anams- ὁ@dams πυθαγόρας@namsp ὁ@dgmp μέν@b πάλαι@b δίδωμι@vppagmp γάλα@nansc πίνω@vnpa-- ὁ@ddmp ἀθλέω@vppadmp καί@cs τυρός@nampc δέ@cs ἐσθίω@vnpa-- ὕδωρ@ndnsc βε@b βρέχω@vpreamp ὁ@dgmp δέ@b μετά@p ἐκεῖνος@rpamp οὗτος@anafs- μέν@b ἀποδίδωμι@nafsc κάμνω@vpaagmp ὁ@dafs δίαιτα@nafsc διά@p δέ@cs ὁ@dgnp ξηρός@angnp- σῦκον@ngnpc ὁ@dafs τροφή@nafsc ποιέω@vppedmp ἀθλητής@ndmpc πρῶτος@anans- περί@viia3s λανθάνω@vpaaams ὁ@dafs ἀρχαῖος@anafs- κρέας@nanpc δίδωμι@vnpa-- ὁ@ddmp γυμνάζω@vppedmp καί@cs πολύς@anans- διαφέρω@vppaafs πρός@p ἰσχύς@nafsc εὑρίσκω@vnaa-- δύναμις@nafsc ἱστορέω@vipa3p δέ@b τις@rpnmp καί@b αὐτός@anamp- ἅπτω@vnpe-- ὁ@dgmp ἔμψυχος@angmp- ὁ@damp πυθαγόρειος@nampp ὅτε@cs θύω1@vopa3p θεός@ndmpc τοιοῦτος@rpnnp μέν@b καί@b ὁ@dnnp παρά@p κλώδιον@ndmsp καί@b ἡρακλείδης@ndmsp ὁ@ddms ποντικός@andms- ἑρμῆχος@ndmsp τε@b ὁ@ddms ἐπικούρειος@andms- καί@cs ὁ@ddmp ἀπό@p ὁ@dgfs στοά@ngfsc καί@cs ὁ@dgms περίπατος@ngmsc ἐν@p ὅς@rpdnp καί@b ὁ@dnnp ὑμέτερος@annnp- ὅσος@annnp- ἐγώ@rpdmp ἀπαγγέλλω@viap3s περιλαμβάνω@vire3s μέλλω@vppanmp δέ@b πρός@p τε@cs οὗτος@rpafp καί@cs ὁ@dafp ὁ@dgmp πολύς@angmp- ὑπόληψις@nafpc ἀντιλέγω@vnpa-- εἰκότως@b ἄν@b προλέγω2@vopa1p οὗτος@rpanp"
"abstin._1.27","πρῶτος@anans- μέν@b τοίνυν@b ἰστέον@annns- ὡς@cs οὐ@b πᾶς@andms- ὁ@ddms βίος@ndmsc ὁ@dgmp ἄνθρωπος@ngmpc ὁ@dnms λόγος@nnmsc ἐγώ@rpgms ὁ@dafs παραίνεσις@nafsc φέρω@vifa3s οὐ@b τε@cs γάρ@b ὁ@ddmp ὁ@dafp βάναυσος@anafp- τέχνη@nafpc μετέρχομαι@vppedmp οὐ@b τε@cs ἀθλητής@ndmpc σῶμα@ngnpc οὐ@b στρατιώτης@ndmpc οὐ@b ναύτης@ndmpc οὐ@b ῥήτωρ@ndmpc οὐ@b ὁ@ddmp ὁ@dams πραγματικός@anams- βίος@namsc ἐπαναιρέομαι@vpradmp νοι@andmp- ἄνθρωπος@ndmsc δέ@b λογίζομαι@vpredms τις@rpncs τε@cs εἰμί@vipa3s καί@cs πόθεν@b ἔρχομαι@vira3s ποῖ@b τε@cs σπεύδω@vnpa-- ὀφείλω@vipa3s ὁ@danp τε@cs περί@p τροφή@nafsc καί@cs ἐν@p ὁ@ddnp ἄλλος@rpdnp καθήκω@vppadmp ἐξαλλάσσω@vpreanp ὁ@dgnp κατά@p ὁ@damp ἄλλος@rpamp βίος@nampc ὑποτίθημι@vppedns οὐδείς@rpans ἄρα@b πρός@p ὁ@damp ἄλλος@rpamp ἤ1@cs τοιοῦτος@rpamp γρύξω@voaa1p ἄν@b οὐ@b δέ@cs γάρ@b ἐν@p ὁ@ddms κε@ νόος@andms- οὗτος@andms- βίος@ndmsc ὁ@dnfs αὐτός@annfs- δήπου@b παραίνεσις@nnfsc ὁ@ddms τε@b καθεύ@ δίδωμι@vpaadms καί@cs εἰ@cs τυγχάνω@voaa3s οὗτος@rpans διά@p βίος@ngmsc σπουδάζω@vppadms ὁ@danp τε@cs ὑπνωτικός@ananp- πανταχόθεν@b παρασκευάζω@vpamdms καί@cs ὁ@ddms προθυμέομαι@vppedms μέν@b ὁ@dams ὕπνος@namsc ἀποκρούω@vnpa-- πᾶς@anans- δέ@b ὁ@dans περί@p ἑαυτοῦ@rpams πρός@p ἀγρυπνία@nafsc συντάσσω@vpaadms ἀλλά@cs ὁ@ddms μέν@b ἀνάγκη@nnfsc καί@cs μέθη@nafsc καί@cs κραιπάλη@nafsc καί@cs πλησμονή@nafsc ὑπό@p τίθημι@vnpe-- σκοτεινός@anams- τε@cs οἶκος@namsc καί@cs στρωμνή@nafsc μαλακός@anafs- εὐρύς@anafs- τε@cs καί@cs πίων@nafsc ὡς@cs φημί@vipa3p ὁ@dnmp ποιητής@nnmpc παρά@vnpa-- -@b νέω@vnpa-- ἐκλέγω@vnpe-- καί@cs πᾶς@anans- καρωτικός@anans- ἀργία@ngfsc τε@cs καί@cs λήθη@ngfsc ποιητικός@annns- εἰ@cs τε@cs ὀσφραντός@anans- εἰ@cs τε@cs ἐπίχριστος@anans- εἰ@cs τε@cs ποτός@anans- ἤ1@cs βρωτός@anans- προσάγω@vnpa-- φάρμακον@nansc ὁ@ddms δέ@b νηφάς@vipa3s λιος@anams- μέν@b καί@cs ἄοινος@anans- ὁ@dans ποτός@nansc λεπτός@anans- δέ@b ὁ@dans σιτίον@nansc καί@cs ἐγγύς@b τείνω@vppaans ἀποσιτία@ngfsc φωτεινός@anams- δέ@b ὁ@dams οἶκος@namsc καί@cs ἀήρ@ngmsc λεπτός@angms- καί@cs πνεῦμα@ngnsc μέτοχος@namsc φροντίς@ngfpc δέ@cs καί@cs μέριμνα@ngfsc ἀνακίνησις@nafsc σύντονος@anafs- ποιέω@vnpe-- καί@b ὁ@dafs κοίτη@nafsc λιτή@anafs- τε@cs καί@cs ξηρός@anafs- παρασκευάζω@vnpa-- εἰ@cs μέν@b γάρ@b πρός@p οὗτος@rpans φύω@vira1p λέγω3@vipa1s δέ@b ὁ@dans διαγρυπνέω@vnpa-- ὡς@cs ἐν@vipa3s μάλιστα@b ὀλίγος@anans- τις@rpans δίδωμι@vppanmp ὁ@ddms ὕπνος@ndmsc κατά@p ὅσος@anans- οὐ@b ἐν@p χῶρος@ndmsc εἰμί@vipa1p ὁ@ddns ὁ@dgnp διά@p αἰών@ngmsc ἄγρυπνος@angnp- ἤ1@cs οὐ@b δέ@cs πρός@p ὁ@dans καθεύδω@vnpa-- συνίστημι@viaa1p ἄλλος@rpnms ἄν@b εἰμί@vopa3s λόγος@nnmsc καί@cs μακρός@angfp- δέω2@vppenms ἀπόδειξις@ngfpc"
"abstin._1.28","ὁ@ddns δέ@b ἅπαξ@b ὁ@dans γοήτευμα@nansc ὁ@dgfs ἐνταῦθα@p ἐγώ@rpgcp διατριβή@ngfsc καί@cs ὁ@dgms οἶκος@ngmsc ἐν@p ὅς@rpdms διάγω@vipa1p ὑποπτεύω@vpaadms ὁ@dans τε@b ἑαυτοῦ@rpgms ἄγρυ@nansc πνος@nansc φύσις@ndfsc κατεῖδον@vpaadms καί@cs ὁ@dans ὑπνοποιός@nansc ὁ@dgms χῶρος@ngmsc ἐν@p ὅς@rpdns διατρίβω@vipa3s φωράω@vpaadms οὗτος@rpdms διαλέγω@vppenmp ὁ@dafs ἀκόρητο@anafs- λουθος@anafs- ὁ@ddfs τε@cs ὑποψία@ndfsc ὁ@dgms χῶρος@ngmsc καί@cs ὁ@ddfs ἑαυτοῦ@rpgms γιγνώσκω@ndfsc τροφή@nafsc παραδίδωμι@vipa1p ὁ@damp καθεύδω@vppaamp ἐάω@vnpa-- παρίημι@vnpa-- νους@anamp- ἐν@p ὁ@ddnp σφεῖς@rpgmp δέμνιον@ndnpc παρακελεύομαι@vppenmp εὐλα@ananp- βέω@vppenmp μή@b ὥσπερ@cs ὀφθαλμία@nafpc ὁ@dnmp εἰς@p ὁ@damp ὀφθαλμιάω@ngnpc ὁ@nampc ἐμβλέπω@vppanmp ἤ1@cs χάσμη@ngfsc ὁ@dnmp σύνειμι@vppanmp ὁ@ddmp χασμόε@vipa3p -@vppenmp νοι@ndmpc οὕτως@b νυσταγμός@ngmpc ἐμπίπλημι@vsap1p καί@cs ὕπνος@ngmsc ψυγή@ngmsc μοῦ@dgns τε@b πλήρης@angms- εἰμί@vppagms ὁ@dgms τόπος@ngmsc ἐν@p ὅς@rpdms διατρίβω@vipa1p ἐπιτήδειος@b τε@cs ἔχω@vppagms ὀφθαλμός@nampc ῥευματίζω@vnpa-- ἅτε@b καί@b λιμνώδης@angms- εἰμί@vppagms καί@b πρός@p καρηβαρία@nafsc καί@cs λήθη@nafsc πᾶς@anamp- ὁ@dgfp ἐν@p αὐτός@rpdns καθέλκω@vppagfp ἀναθυμίασις@ngfpc εἰ@cs μέν@b οὖν@b καί@b ὁ@dnmp νομοθέτης@nnmpc ὁ@danp κατά@p ὁ@damp νόμος@nampc διά@vira2p τάσσω@viaa3p ὁ@ddfp πόλις@ndfpc πρός@p ὁ@dams θεωρητικός@anams- ἀνάγω@vppanmp βίος@namsc καί@cs ζωή@nafsc ὁ@dafs κατά@p νόος@namsc χρή@viia3s δήπου@b πείθω@vppeamp ἐκεῖνος@rpdmp καί@b ὁ@dafp περί@p ὁ@dgfp τροφή@ngfpc προσίημι@vnpe-- συγχωρέω@vipa1s ἔρησις@nafpc εἰ@cs δέ@b οὗτος@rpnmp μέν@b πρός@p ὁ@dams κατά@p φύσις@nafsc λέγω3@vipa1p νον@namsc μέσος@anams- βίος@namsc ἀφοράω@vppanmp καί@cs ὅς@rpdms πρόσειμι@vope3p ἄν@b καί@b ὁ@dnmp πολύς@annmp- ὅς@rpdmp ὁ@danp ἐκτός@b ἀγαθός@annnp- ἤ1@cs κακός@annnp- καί@cs ὁ@dnnp ὁ@dgns σῶμα@ngnsc τος@nnmsc ὡσαύτως@b ὑπολαμβάνω@vire3s νομοθετέω@vipa3p τίς@anans- τις@rpncs ἄν@b ὁ@dams οὗτος@rpgmp παραφέρω@vppanms νόμος@namsc ἀνατρέπω@vopa3s βίος@namsc νόμος@ngmsc μέν@b πᾶς@angms- γραπτός@angms- καί@cs πρός@p ὁ@damp πολύς@anamp- κεῖμαι@vpregms κρείσσων@anamsc ὁ@dams δέ@b ἄγραφος@anams- καί@cs θεῖος1@anams- μάλιστα@b διώ@b κοντα@nanpc ἔχω@vipa3s γάρ@b οὕτως@b"
"abstin._1.29","οὐ@b εἰμί@vipa3s ὁ@dnfs εὐδαιμονικός@annfs- ἐγώ@rpdmp θεωρία@nnfsc λόγος@ngmpc ἄθροισις@nnfsc καί@cs μάθημα@ngnpc πλῆθος@nnnsc ὡς@cs ἄν@b τις@rpnms οἴομαι@voap3s συνίστημι@vppenfs κατά@p οὗτος@rpans οὐ@b δέ@cs ἐν@p ὁ@ddns ποσός@andns- ὁ@dgmp λόγος@ngmpc λαμβάνω@vipa3s ὁ@dafs ἐπίδοσις@nafsc οὕτως@b γάρ@b οὐδείς@rpnns ἄν@b κωλύω@viia3s ὁ@damp πᾶς@anans- μάθημα@nansc συνάγω@vppaamp εἰμί@vnpa-- εὐδαίμων@anamp- νῦν@b δέ@b οὐ@b ὅπως@b πᾶς@annns- μάθημα@nnnsc συμπλη@vipa3s -@ ροῖ@vifa3s ὁ@dafs θεωρία@nafsc ἀλλά@cs οὐ@b δέ@b ὁ@danp περί@p ὁ@dgnp ὄντως@b εἰμί@vppagnp ἐάν@cs μή@b πρόσειμι@vspa3s καί@b ὁ@dnfs κατά@p αὐτός@rpanp φυσίωσις@nnfsc καί@cs ζωή@nnfsc τρεῖς@ γάρ@b φημί@vipa3p ὡς@b κατά@p ἕκαστος@anams- σκοπός@namsc τέλος@ngnpc εἰμί@vppagnp ἐγώ@rpdcp ὁ@dgns τυγχάνω@vnaa-- ὁ@dgfs ὁ@dgns εἰμί@vppagns θεωρία@ngfsc ὁ@dans τέλος@nansc ὁ@dgfs τεῦχος@ngfsc τελέω@vppagfs ὁ@dafs κατά@p δύναμις@nafsc ὁ@dafs ἡμέτερος@anafs- σύμφυσις@nafsc ὁ@ddms θεωρέω@vppadms καί@cs θεωρέω@vppedns οὐ@b γάρ@b εἰς@p ἄλλος@rpans ἀλλά@cs εἰς@p ὁ@dams ὄντως@b αὐτός@rpams ὁ@dnfs ἀναδρομή@nnfsc οὐ@b δέ@cs πρός@p ἄλλος@rpans ἀλλά@cs πρός@p ὁ@dams ὄντως@b αὐτός@rpams ὁ@dnfs σύμφυσις@nnfsc αὐτός@annms- δέ@x ὄντως@b ὁ@dnms νόος@nnmsc ὥστε@cs καί@b ὁ@dnns τέλος@nnnsc ὁ@dnns ζάω@vnpa-- κατά@p νόος@namsc καί@b πρός@p οὗτος@rpans καί@b ὁ@dnmp λόγος@nnmpc καί@cs ὁ@dnnp μάθημα@nnnpc ὁ@dnnp ἔξωθεν@b καθαρτικός@anams- ἐπέχω@vppaams τρόπος@namsc ἐγώ@rpgmp οὐ@b συμπληρωτικός@anams- ὁ@dgfs εὐδαιμονία@ngfsc ὅθεν@b εἰ@cs μέν@b ἐν@p λόω@angfp- -@ngmsc γ@vppanms ἀνάληψις@vsaa3s ὁρίζω@angns- ὁ@dans εὐδαίμων@anans- οἷος@annns- τε@b εἰμί@viia3s ὀλις@b γωρέομαι@vppaamp καί@b τροφή@ngfpc καί@cs ποιέω@vppanms ἔργον@ngnpc τυγχάνω@vnpa-- ὁ@dgns τέλος@ngnsc ἐπεί@cs δέ@b ζωή@nafsc δεῖ@vipa3s ἀντί@p ζωή@ngfsc ἀλλάσσω@vnam-- ὁ@dgfs νῦν@b διά@p λόγος@ngmpc καί@cs ἔργον@ngnpc καθαίρω@vpapamp φέρω@vmpa2s ποῖος@annmp- λόγος@nnmpc καί@cs τις@annnp- ἔργον@nnnpc εἰς@p οὗτος@anafs- ἐγώ@rpamp καθίστημι@vipa3s σκέπτομαι@vsam1p"
"abstin._1.30","ἆρα@b οὖν@b οὐ@b ὁ@dnnp μέν@b χωρίζω@vppannp ἀπό@p ὁ@dgnp αἰσθητός@angnp- καί@cs ὁ@dgnp κατά@p αὐτός@rpanp πάθος@ngnpc ἀνάγω@vppaanp δέ@cs πρός@p νοερός@anafs- καί@cs ἀφάνταστος@anafs- ἀπαθής@anafs- τε@cs ζωή@nafsc κατά@p ὅσος@anans- οἷος@annns- τε@b οὗτος@rpnnp ἄν@b εἰμί@vopa3s ὁ@dnnp δέ@b ἐναντίος@annnp- ἀλλότριος@annnp- καί@cs ἀποβολή@ngfsc ἄξιος@annnp- καί@cs μᾶλλον@b ὅσος@rpdns ὁ@dgms μέν@b ἀφίστημι@viaa3s σιν@vspa3p πρός@p ὅς@rpans δέ@cs κατασπάω@vipa3s οἴομαι@vipe1s ἀκόλουθος@anans- εἰμί@vnpa-- σύν@namsc χωρέω@vnpa-- ἔοικα@vira1p γάρ@b ὁ@ddmp εἰς@p ἀλλόφυλος@anans- ἔθνος@nansc ἤ1@cs ἑκών@andmp- ἀπέρχομαι@vpradmp καί@cs μή@b μόνος@anans- ὁ@dgnp οἰκεῖος@angmp- ἐκ@p -@b οριστος@andmps ἀλλά@cs καί@b ἐκ@p ὁ@dgfs ξένη@ngfsc ἐμπίπλημι@vpapdmp πάθος@ngnpc τε@b καί@b ἔθος@ngnpc καί@cs νόμιμος@angnp- ἔκφυλος@vppanms καί@cs πρός@p οὗτος@rpanp ῥοπή@nafsc ἔχω@vpradmp ὅς@rpams οὖν@b τρόπος@namsc ὁ@dnms ἐκεῖθεν@b εἰς@p ὁ@danp οἰκεῖος@ananp- μέλλω@vppanms ἐπανήκω@vnpa-- οὐ@b μόνος@b προθυμέομαι@vipe3s ὁδεύω@vopa3s ειν@ ἀλλά@b καί@cs ἵνα@cs παραδέχομαι@vsap3s μελετάω@vipa3s μέν@b ἀποτίθεμαι@vnpe-- αι@vnpe-- πᾶς@anans- εἰ@cs τις@rpans προσλαμβάνω@viaa3s ἀλλόφυλος@anans- ἐπαναμιμνή@nnfsc σκει@vipa3s δέ@b ἑαυτοῦ@rpams ὅς@rpgnp ἔχω@vppanms ἐπιλανθάνω@viam3s ὅς@rpgnp ἄνευ@p παρά@an---- δέχομαι@vnap-- οὐ@b οἷος@rpnns τε@b πρός@p ὁ@dgmp οἰκεῖος@angmp- ὁ@dams αὐτός@rpams τρόπος@namsc καί@b ἐγώ@rpacp δεῖ@vipa3s ἐντεῦθεν@b εἴπερ@cs πρός@p ὁ@danp ὄντως@b"
"abstin._1.33","τε@cs καί@cs λύπη@nanpc ὅς@rpgmp παρασκευαστικός@annfs- μέν@b ὁ@dnfs αἴσθησις@nnfsc καί@cs ὁ@dnfs κατά@p ὁ@dafs αἴσθησις@nafsc ἀντίληψις@nnfsc ὅς@dnfp τε@cs συνομαρτέω@vppanfp ὁ@ddfp αἴσθησις@ndfpc φαντασία@nnfpc τε@b καί@b δοκέω@nnfpc καί@cs μνῆμα@nnfpc ἐκ@p δέ@cs οὗτος@rpgnp ἐγείρω@vppennp ὁ@dnnp πάθος@nnnpc καί@cs πᾶς@annfs- ὁ@dnfs ἀλογία@nnfsc παχύνω@vppenfs κατάγω@vipa3s ὁ@dafs ψυχή@nafsc καί@cs ὁ@dgns οἰκεῖος@angms- περί@p ὁ@dans ἄν@b ἀποστρέφω@vipa3s ἔρως@ngmsc ἀποστατέον@annns- ἄρα@b εἰς@p δύναμαι@nafsc μιν@rpafs οὗτος@rpgmp ὁ@dnfp δέ@b ἀπόστασις@nnfpc διά@p ὁ@dgfp ἔκκλισις@ngfpc ὁ@dgnp κατά@p ὁ@dafp αἴσθησις@nafpc πάθος@ngnpc καί@cs ὁ@dgnp κατά@p ὁ@dafp ἀλογία@nafpc ὁ@dnfp δέ@b αἴσθησις@nnfpc ἤ1@cs διά@p ὁ@dgmp ὁρατός@ngmpc ἤ1@cs ὁ@dgmp ἀκουστής@ngmpc ἤ1@cs γευστός@ngmpc ἤ1@cs ὀσφραντός@angmp- ἤ1@cs ἁπτός@angmp- οἷος@rpans γάρ@b μητρόπολις@nnfsc ὁ@dnfs αἴσθησις@nnfsc εἰμί@viia3s ὁ@dgfs ἐν@p ἐγώ@rpdcp ἄπυρος@angfs- ὁ@dgnp πάθος@ngnpc ἀπό@p κέως@ngfsc φέρω@vmpa2s γάρ@b εἶδον@vmaa2s κατά@p ἕκαστος@anafs- ὅσος@annns- ὁ@dnns ὑπέκκαυμα@nnnsc εἰσρέω@vipa3s ὁ@dgnp πάθος@ngnpc εἰς@p ἐγώ@rpamp οὗτος@rpans μέν@b ἐκ@p ὁ@dgfs κατά@p ὁ@dafp θέα@nafpc ἵππος@ngmpc τε@cs ἅμιλλα@ngfsc καί@cs ἀθλητής@angmp- ἤ1@cs ὁ@dgfp ἐκλείπω@p λυγίζω@vpregfp ὄρχησις@ngfpc οὗτος@rpans δέ@b ἐκ@p ὁ@dgfs ἐπίσκεψις@ngfsc ὁ@dgfs πρός@p ὁ@dans θῆλυς@anans- ὅς@dnfp δέλεαρ@nansc ὁ@dgns ἀλόγιστος@angns- παντοῖος@andfp- ἐπιθέτος@andfp- παγίς@ndfpc χειρόω@vipe3p ὁ@dans ἄλογος@anans-"
"abstin._1.34","κατά@p γάρ@b πᾶς@ananp- ὁ@danp τοιοῦτος@rpanp ἐκβακχεύω@vppenfs ὑπό@p ὁ@dgfs ἀλογία@ngfsc ἀναπηδάω@vnpa-- τε@b ποιέω@vipa3s καί@b ἐκβοάω@vnpa-- καί@cs κράζω@vnra-- ὁ@dgfs ἔξω@b ταραχή@ngfsc ἀπό@p ὁ@dgfs ἔνδον@b ἐκκαίω@vppegfs ὅς@rpafs ἀνάπτω@viaa3s ὁ@dnfs αἴσθησις@nnfsc ὁ@dnfp δέ@b διά@p ὁ@dgfp ἀκοή@ngfpc ἐμπαθής@annfp- εἰμί@vppanfp κίνησις@nnfpc ἐκ@p τε@cs ποιέω@angmp- ψόφος@ngmpc καί@cs ἦχος@ngmpc αἰσχρορημοσύνη@ngfsc τε@cs καί@cs λοιδορία@ngfsc ὡς@cs ὁ@damp μέν@b πολύς@anamp- τέλειος@anans- ὁ@dgms λογισμός@ngmsc ἐκδύω@vpragms φέρω@vnpe-- ποιέω@vipa3p οἰστράω@vppeamp ὁ@damp δέ@b οὖ@b θηλύνω@vppeamp παντοῖος@anafp- στροφή@nafpc ἑλίσσω@vnpe-- θυμίαμα@ngnpc δέ@b χρῆσις@nnfpc ἤ1@cs εὐώδης@anafp- πνοή@nnfpc ὅς@dnfp τε@cs ὁ@damp οὗτος@rpgfp ἔρως@nampc ὁ@ddmp ἐραστής@ndmpc ἐμπορεύομαι@vppenfp τις@rpanp λε@ λήθη@vipa3p ὅσος@anafs- ὁ@dgfs ψυχή@ngfsc ὁ@dafs ἀλογία@nafsc πιαίνω@vipa3p περί@p γάρ@b ὁ@dgnp διά@p ὁ@dgfs γεῦσις@ngfsc τίς@rpans ἄν@b τις@rpncs καί@b εἶπον@voaa3s πα@p θαῦμα@ngnpc διπλόος@angns- μάλιστα@b ἐνταῦθα@b ὁ@dgms δεσμός@ngmsc συμ@b -@dgns πλέκω@vppegms ὁ@dgms μέν@b ὅς@rpams ἐκ@p ὁ@dgfs γεῦσις@ngfsc ὁ@danp πάθος@nanpc πιός@vipa3s νέω@vmpa2s ὁ@dgms δέ@cs ὅς@rpams ἐκ@p ὁ@dgfs ἐμφόρησις@ngfsc ὁ@dgnp ἀλλότριος@angnp- σω@angnp- -@angnp- μάτων@ngnpc βαρύς@anams- τε@cs καί@cs δυνατός@anams- ἐργάζομαι@vipe1p φάρμακον@nnnpc γάρ@b ὡς@cs πού@b τις@rpncs ὁ@dgmp ἰατρός@ngmpc φημί@viia3s οὐ@b μόνος@annnp- ὁ@dnnp σκευα@nnnpc ἵστημι@vipa3s ὑπό@p ὁ@dgfs ἰατρικός@angfs- ἀλλά@cs καί@b ὁ@dnnp κατά@p ἡμέρα@nafsc εἰς@p τροφή@nafsc παραγίγνομαι@vppeanp σιτίον@nnnpc τε@cs καί@cs ποτόν@nnnpc καί@b πολύς@anans- μᾶλλον@b ὁ@dnns θανάσιμος@annns- ἐκ@p οὗτος@rpgnp ὁ@ddfs ψυχή@ndfsc ἀναδίδωμι@vipe3s ἤ1@cs ἐκ@p ὁ@dgfp φαρμακεία@ngfpc εἰς@p διάλυσις@nafsc ὁ@dgns σῶμα@ngnsc κατά@vipe3s σκευάζω@vipe3s εἰ@cs δέ@b ἀφή@nnfpc μόνος@anans- οὐ@b σωματόω@vppanfp ὁ@dafs ψυ@anafs- -@anafs- χήν@nafsc καί@cs εἰς@p ἀνάρθρος@anamp- ψόφος@nampc οἷος@rpnnp δή@b σῶμα@nnnsc πολύς@annnp- κις@b ἐκπίπτω@vnpa-- ἐρεθίζω@viaa3p ἐκ@p ὅς@rpgnp ὁ@dnfp μνῆμα@nnfpc καί@b ὁ@dnfp φαίνω@annfp- -@ananp- τασία@nnfpc ὅς@dnfp τε@cs δοκέω@nnfpc ἀθροίζω@vppenfp ἑσμός@namsc ὁ@dgnp πάθος@ngnpc ἐγείρω@viia3p φόβος@ngmpc ἐπιθυμία@ngfpc ὀργή@ngfpc ἔρως@ngmpc φίλος@angmp- τρώς@vppanms λύπη@ngfpc ζῆλος@ngmpc μεριμνάω@ngfpc νόσημα@ngnpc ὁ@dgnp ὅμοιος@angnp- πάθος@ngnpc πλήρης@ananp- ἀποδείκνυμι@viaa3p"
"abstin._1.35","διά@p ὅς@rpans πολύς@annms- μγ@b ὁ@dnms ἀγών@nnmsc οὗτος@rpgnp καθαρεύω@vnaa-- πολύς@annms- δέ@cs ὁ@dnms πόνος@nnmsc ἀπαλλαξείω@nafsc γῆ@nnfpc αὐτός@rpgmp ὁ@dgfs μελέτη@ngfsc καί@cs νύκτωρ@b καί@cs μετά@p ἐγώ@rpamp ραν@nafsc ὁ@dgfs κατά@p ὁ@dafs αἴσθησις@nafsc ἀναγκαῖος@angfs- συμπλοκή@ngfsc ἐγώ@rpdcp πάρειμι@vppagfs ὅθεν@b ὅσος@rpnfs δύναμις@nnfsc ἀποστατέον@annns- ὁ@dgnp τοιοῦτος@rpgnp ὁ@dgnp χωρίον@ngnpc ἐν@p ὅς@rpdnp καί@cs μή@b βούλομαι@vppeams εἰμί@vipa3s περιπίτνω@p πήσσω@vnpa-- ὁ@ddns πάθος@ndnsc καί@b εὐλαβητέον@annns- ὁ@dafs ἐκ@p ὁ@dgfs πεῖρα@ngfsc μάχη@nafsc καί@b εἰ@cs βούλομαι@vipe2s καί@b νίκη@nafsc καί@cs ὁ@dafs ἐκ@p ὁ@dgfs ἀπειρία@ngfsc ἀγυμνασία@nafsc"
"abstin._1.36","οὕτως@b γάρ@x καί@b ὁ@dgmp πρόσθεν@b ἀκούω@vipa1p κλέος@ananp- ἀνήρ@ngmpc πυθαγόρειος@angmp- τε@x καί@cs σοφός@angmp- ὅς@rpgmp ὁ@dnmp μέν@b ὁ@danp ἐρῆμος@ananps χωρίον@nanpc κατοικέω@viia3p ὁ@dnmp δέ@cs καί@b ὁ@dgfp πόλις@ngfpc ὁ@danp ἱερόν@nanpc καί@cs ὁ@danp ἄλσος@nanpc ἐκ@p ὅς@rpgnp ὁ@dnfs πᾶς@annfs- ἀπελαύνω@vire3s τύρβη@nnfsc πλάτων@nnmsp δέ@b ὁ@dafs ἀκαδήμεια@nafsp οἰκέω@vnpa-- αἱρέω@viam3s οὐ@b μόνος@b ἐρῆμος@anans- καί@cs πρόσω@b ὁ@dgns ἄστυ@ngnsc χωρίον@nansc ἀλλά@cs καί@b ὡς@cs φημί@vipa3p ἐπίνοσος@anans- ἄλλος@rpnmp δέ@b καί@b ὁ@dgmp ὀφθαλμός@ngmpc οὐ@b φείδομαι@viam3p πόθος@ndmsc ὁ@dgfs ἔνδον@b ἀπερίσπαστος@angfs- θεωρία@ngfsc εἰ@cs δέ@b τις@rpncs οἴομαι@vipe3s συνουσιαστής@vppanms καί@b ἐμπίπλημι@anafp- ὁ@dafp εἰ@nafpc -@vpraafp σθάω@nafpc ὁ@dgnp κατά@p αὐτός@rpafp πάθος@ngnpc αὐτός@rpnms μένω@vnpa-- ἀπαθής@annms- λανθάνω@vira3s ἑαυτοῦ@rpams καί@cs ὁ@damp αὐτός@rpdms πείθω@vppeamp ἀπατάω@vppanms ἀγνοέω@vppanms τε@cs ὡς@cs πολύς@annns- ὁ@dgnp πάθος@ngnpc καταδουλόω@vire3s αὐτός@rpdfs ὑπό@p ὁ@dgns πλῆθος@ngnsc οὐ@b ἀλλοτριόω@ndfsc οὐ@b γάρ@b δή@b μά@b ὁ@b οὐ@b δέ@b ὁ@dgfs φύσις@ngfsc καταψεύδω@vppenms ὁ@dgmp φιλόσοφος@ngmpc λέγω3@viia3s ὁ@dnms φημί@nnmsc οὗτος@rpnmp δέ@b πού@b ἐκ@p νέος@angmp- πρῶτος@anans- εἰς@p ἀγορά@nafsc οὐ@b οἶδα@vipa3p ὁ@dafs ὁδός@nafsc οὐ@b δέ@cs ὅπου@b δικαστής@nnfsc ριον@nansc ἤ1@cs βουλευτήριον@nansc ἤ@cs τις@rpans κοινός@anans- ἄλλος@rpans ὁ@dgfs πόλις@ngfsc συνέδριον@nansc νόμος@nampc δέ@b καί@cs ψήφισμα@nanpc λέγω3@vppeanp ἤ1@cs γράφω@vpreanp οὐ@b τε@cs ὁράω@vipa3p οὐ@b τε@cs ἀκούω@vipa3p σπουδή@nnfpc δέ@b ἑταιρεία@ngfpc ἐπί@p ἀρχή@nafpc καί@b σύνοδος2@nnfpc καί@b δεῖπνον@nanpc καί@cs σύν@p αὐλητρίς@ndfpc κῶμος@nnmpc οὐ@b δέ@b ὄναρ@nansc πράσσω@vnpa-- πρόσειμι@b ἵστημι@vipe3p αὐτός@rpdmp εὖ@b δέ@b ἤ1@cs κακός@b τις@rpnns γίγνομαι@vira3s ἐν@p πόλις@ndfsc ἤ@cs τίς@rpnns τις@rpdms κακός@annns- εἰμί@vipa3s ἐκ@p πρόγονος@ngmpc γίγνομαι@vpranns πρός@p ἐν@p δράω@ngfpc ἤ1@cs γυνή@ngfpc μᾶλλον@b αὐτός@rpams λανθάνω@vira3s ἤ1@cs ὁ@dnmp ὁ@dgfs θα@ngfsc -@p λάτρις@ngfsc λέγω3@vppenmp χόος@nnmpc καί@b οὗτος@rpanp πᾶς@ananp- οὐ@b δέ@b ὅτι@cs οὐ@b οἶδα@vira3s οἶδα@vira3s οὐ@b δέ@cs γάρ@b αὐτός@rpgmp ἀπέχω@vipe3s ὁ@dgns εὐ@ δοκιμέω@vnpa-- χάρις@nafsc ἀλλά@cs ὁ@ddns εἰμί@vppadns ὁ@dnns σῶμα@nnnsc μόνος@anans- ἐν@p ὁ@ddfs πόλις@ndfsc κεῖμαι@vipe3s αὐτός@b καί@cs ἐπιδημέω@vipa3s ὁ@dnfs δέ@b διάνοια@nnfsc οὗτος@rpanp πᾶς@ananp- ἡγέομαι@vpamnfs μικρός@ananp- καί@cs οὐδείς@rpans ἀτιμάζω@vpaanfs πανταχῆ@b πέτομαι@vipe3s κατά@p πίνδαρος@namsp εἰς@p ὁ@dgmp ἐγγύς@b οὐ@b δέ@b ἑαυτοῦ@rpafs συγκαθίημι@vppanfs"
"abstin._1.37","διά@p γάρ@b οὗτος@rpgnp ὁ@dnms πλάτων@nnmsp οὐ@b καθίημι@vppaams εἰς@p ὁ@danp ἐρῶ@vpreanp φημί@vipa3s ἐκ@p αὐτός@rpgnp μένω@vnpa-- ἀπαθής@anams- ἀλλά@cs ἐκ@p ὁ@dgns εἰς@p μηδείς@rpans αὐτός@rpgnp συγκαθίημι@vnpa-- διά@p ὅς@rpans οὐ@b τε@b ὁ@dafs ὁδός@nafsc οἶδα@vira3s ὅπου@b ὁ@dnns δικαστήριον@nnnsc ἤ1@cs βουλευτήριον@nnnsc οὐ@b τε@cs ἄλλος@anans- οὐδείς@rpans ὁ@dgnp κατά@p μέρος@nansc οὐ@b οἶδα@vira3s μέν@b καί@cs ἀπαντάω@vipa3s ἀπαντάω@vppanms δέ@b καί@b ἐμπίπλημι@anafp- ὁ@dafp αἴσθησις@nafpc ἀπό@p αὐτός@rpgmp ὅτι@cs οὐδείς@rpans οὐ@b οἶδα@vira3s ἀλλά@cs ὁ@ ἐναντίος@b ἀπέχω@vppeams αὐτός@rpgmp φημί@vipa3s καί@cs μή@b οἶδα@vpraams οὐ@b δέ@cs ὅτι@cs οὐ@b οἶδα@vira3s οἶδα@vnra-- εἰς@p δέ@b δεῖπνον@nanpc καθίημι@vnpa-- οὐ@b δέ@b ὄναρ@nansc φημί@vipa3s προσίστημι@vipe3s αὐτός@rpdms σχολή@ndfsc ἄρα@b ἀγανακτέω@voaa3s ἄν@b ζωμός@ngmpc καί@cs κρεάδιον@ngnpc ἀποστερέω@vmap2p νος@annms- ἤ1@b ὅλος@b προσίημι@vifm3s οὗτος@rpnnp οὐ@b δέ@b πᾶς@ananp- ἡγέομαι@viap3s σομαι@vpamnms μικρός@ananp- μέν@b καί@cs οὐδείς@rpans ἐκ@p ὁ@dgfs ἀποχή@ngfsc ἐγώ@rpacs γάλα@nansc δέ@b καί@cs βλαβερός@ananp- ἐκ@p ὁ@dgfs προσαγωγή@ngfsc παραδείκνυμι@ngnpc μάτων@ngnpc ἐν@p ὁ@ddns εἰμί@vppadns ἵστημι@vpragnp ὁ@dgms μέν@b θεῖος2@angns- εὐδαίμων@angnss στάτης@vppagns ὁ@dgns δέ@b ἄθεος@angns- ἄθλιος@angnss ὁ@ddms μέν@b εἰκάζω@vifm3s ὁ@ddms δέ@b ἀνομοιόω@vifm3s ὁ@dams ἔοικα@vpraams βίος@namsc ζάω@vppanms ὁμοιόω@vipe3s λιτός@anams- τε@cs οὗτος@rpams καί@cs αὐτάρκης@anafs- καί@cs ἥκιστος@ananp- ὁ@ddmp θνητός@andmp- ἐμφορέω@vppeams"
"abstin._1.38","ὡς@b ἕως@cs ἄν@b τις@rpnms περί@p βρῶμα@ngmpc ἔρομαι@vsam3s καί@cs συνηγορέω@vspa3s ὡς@cs καί@b ὅδε@rpnns βρωτέος@annns- ἀλλά@cs οὐ@b εἰ@cs οἷος@annns- τε@b εἰμί@viia3s ἅπας@angfs- τροφή@ngfsc ὅτι@cs ἀφεκτέον@annns- διανοέω@vipe3s ται@vipe3s ὁ@ddnp πάθος@ndnpc συναγορεύω@vppanms δοξοκοπέω@vipa3s ὡς@cs μηδείς@rpans διαφέρω@vppenms περί@p ὅς@rpgnp διαφέρω@vipe3s βία@ndfsc μέν@b τοίνυν@b ἑαυτοῦ@rpams φιλοσοφέω@vppanms οὐ@b ἐξάγω@vifa3s βιάζω@vppenms γάρ@b οὐδείς@anans- ἥσσων@anansc ἐκεῖ@b μένω@vipa3s ὅθεν@b ἀπέρχομαι@vnaa-- βιάζω@vipe3s οὐ@b μήν@b ὁ@dams δεσμός@namsc παχύνω@vppanms ἀδιάφορος@anans- τις@rpans πράσσω@vnpa-- ἡγέομαι@vifm3s ὥστε@b ὁ@dans ἀναγκαῖος@anans- μόνος@b δίδωμι@vppanms ὁ@ddfs φύσις@ndfsc καί@cs οὗτος@rpans κοῦφος@anans- καί@cs διά@p κοῦφος@angfpc τροφή@ngfpc πᾶς@anans- ὁ@dans παρά@p οὗτος@rpans ὡς@b εἰς@p ἡδονή@nafsc συντείνω@vppaans παραιτέομαι@vifm3s πείθω@vipa3s σται@vmpa2s γάρ@b κατά@p ὁ@dams εἶπον@vpaaams ὡς@cs ἧλος@nnnsc ψυχή@ngfsc πρός@p ὁ@danp σῶμα@nanpc τυγχάνω@viia3s ὁ@dnfs αἴσθησις@nnfsc αὐτός@andfs- ὁ@ddfs ῥώομαι@ndfsc ὁ@dgns πάθος@ngnsc ἑαυτοῦ@rpgfs συγκολλάω@vppanfs καί@cs οἷος@rpans καθηλόω@vpfanfs ὁ@dafs ψυχή@nafsc πρός@p ὁ@dafs διά@p ὁ@dgns σῶμα@ngnsc ἀπόλαυσις@nafsc εἰ@cs γάρ@x μή@cs ἐμποδίζω@viia3s ὁ@danp αἴσθημα@nanpc ὁ@ddfs ὁ@dgfs ψυχή@ngfsc καθαρός@andfs- ἐνέργεια@ndfsc τίς@rpnns δεινός@annns- εἰμί@viia3s ἐν@p σῶμα@ndnsc εἰμί@vnpa-- ἀπαθής@annnp- μένω@vppaanp ὁ@dgnp διά@p σῶμα@ngnsc κίνημα@ngnpc"
"abstin._1.39","πῶς@b δέ@b ἄν@b ἐπικρίνω@viaa2s καί@cs εἶπον@viaa2s ὅς@rpans πάσχω@vira2s μή@b πάσχω@vppanms μη@b δέ@x πάρειμι@vppanms ὅς@rpdnp πάσχω@viaa2s νόος@nnmsc μέν@b γάρ@b εἰμί@vipa3s πρός@p αὐτός@rpdms καί@b ἄν@cs ἐγώ@rpnmp μή@b εἰμί@vspa1p πρός@p αὐτός@rpdms νόος@ngmsc δέ@b ὁ@dnms παρεκβαίνω@vpaanms ἐκεῖ@b εἰμί@vipa3s ὅπου@b καί@b παρεξέρχομαι@viaa3s καί@cs διά@p θέω@vppanms γε@b ἄνω@b καί@cs κάτω@b ὁ@ddfs ὁ@dgfs ἀντίληψις@ngfsc προσοχή@ndfsc ἐκεῖ@b πάρειμι@vipa3s ὅπου@b ὁ@dnfs ἀντίληψις@nnfsc ἄλλος@annns- δέ@b εἰμί@viia3s μή@b προσέχω@vnpa-- ὁ@ddmp αἰσθητός@andmp- ὁ@ddns πρός@p ἄλλος@rpdmp εἰμί@vnpa-- ἄλλος@b δέ@cs ὁ@dnns ἀφίστημι@vppaams νομίζω@vnpa-- ἑαυτοῦ@rpams μή@b πάρειμι@vnpa-- οὐ@b δή@b δείκνυμι@vifa3s τις@rpnms οὗτος@rpans συγχωρέω@vppaams ὁ@dams πλάτων@namsp εἰ@cs μή@b ἑαυτοῦ@rpams ἀπατάω@vppaams οὗτος@rpams τις@rpnms ἐπιδείκνυμι@voaa3s ὁ@dnms δή@b κατά@p ἵημι@vppanms εἰς@p βρῶμα@ngmpc παραδοχή@nafpc καί@cs εἰς@p θέα@nafpc ἑκών@annms- ὁ@dafp διά@p ὄψις@ngfsc ὁμιλία@nafpc τε@b καί@cs γέλως@nampc αὐτός@andfs- ὁ@ddfs καθίημι@ndfsc ἐκεῖ@b εἰμί@vipa3s ὅπου@b καί@b ὁ@dnns πάθος@nnnsc ὁ@dnms δέ@b πρός@p ἄλλος@rpdmp εἰμί@vppanms καί@cs ἀφίστημι@vpaanms οὗτος@rpnms εἰμί@vipa3s ὁ@dnms διά@p ὁ@dafs ἀπειρία@nafsc γέλως@namsc παραχώννυμι@vppanms οὐ@b μόνος@b θρᾷττα@ndmpp ἀλλά@cs καί@b ὁ@ddms ἄλλος@rpdms ὄχλος@ndmsc καί@b ὅταν@cs κάθημαι@vspa3s εἰς@p πᾶς@anafs- ἀπορία@nafsc ἐμπίτνω@vppanms ἀλλά@cs οὐ@b ἐξαναισθητός@vppanms οὐ@b δέ@cs ἐξακριβόω@vppanms μέν@b ὁ@ddns δέ@b ἀλό@anans- λόγος@ndnsc μόνος@anans- ἐνεργής@vppanms οὐ@b γάρ@b οὗτος@rpans εἶπον@vnaa-- τολμάω@viaa3s πλάτων@nnmsp ἀλλά@cs ὡς@cs ἐν@p τε@cs ὁ@ddfp λοιδορία@ndfpc ἴδιος@anans- ἔχω@vipa3s οὐδείς@rpans οὐδείς@rpams λοιδορέω@vnpa-- ἅτε@b οὐ@b οἶδα@vpranms κακός@anans- οὐδείς@rpans οὐδείς@rpgns ἐκ@p ὁ@dgns μή@b μελετάω@vnra-- φημί@vipa3s ἀπορέω@vppanms οὖν@b γελοῖος@annms- φαίνω@vipe3s ἐν@p τε@cs ὁ@ddmp ἔπαινος@ndmpc καί@cs ὁ@ddfp ὁ@dgmp ἄλλος@rpgmp μεγαλαυχία@ndfpc οὐ@b προσποιητός@b ἀλλά@cs ὁ@ddns εἰμί@vppadns γελάω@vppanms ἔνδηλος@annms- γίγνομαι@vppenms ληρώδης@annms- δοκέω@vipa3s εἰμί@vnpa--"
"abstin._1.40","ὥστε@b διά@p ὁ@dafs ἀπειρία@nafsc καί@cs ἀποχή@nafsc οὐ@b οἶδα@vira3s οὐ@b ὅτι@cs εἰς@p πεῖρα@nafsc καθίημι@vppanms καί@cs διά@p ὁ@dgms ἄλογος@angms- ἐνεργής@vppanms οἷος@annms- τε@cs εἰμί@vipa3s θεωρέω@vnpa-- ὁ@danp κατά@p ὁ@dams νόος@namsc ἀκραιφνής@b οὐ@b δέ@cs ὁ@dgmp δύο@ ψυχή@nafpc ἐγώ@rpacp ἔχω@vnpa-- λέγω3@vppagmp δύο@ προς@p οχή@nafpc ἐγώ@rpdcp δίδωμι@vpragmp δύο@an---- γάρ@b ἄν@b οὕτως@b ζῷον@ngnpc σύν@nnfpc -@nafpc ἔρξις@nafpc ποιέω@viia3p ὅς@rpanp ἐνδέχομαι@viie3s ἄλλος@rpgns πρός@p ἄλλος@rpdnp εἰμί@vppagns ὁ@dans ἕτερος@anans- ὁ@dgns ἕτερος@angns- μή@b προσποιέω@vnpe-- ὁ@danp ἔργον@nanpc"
"abstin._1.41","τίς@anans- δέ@b δεῖ@viia3s καί@cs μαραίνω@vnpa-- ὁ@danp πάθος@nanpc καί@cs ἀπό@p θνήσκω@vnpa-- ἀπό@p αὐτός@rpgnp καί@cs οὗτος@rpans μελετάω@vnpa-- κατά@p ἡμέρα@nafsc εἰ@cs οἷος@annns- τε@b εἰμί@viia3s ἐνεργέω@vnpa-- ἐγώ@rpamp κατά@p νόος@namsc πρός@p ὁ@danp θνητός@ananp- συνάπτω@vppeamp ἄνευ@p ὁ@dgfs ὁ@dgms νόος@ngmsc ἐπίσκεψις@ngfsc ὡς@cs τις@rpnmp ἀποφαίνω@viie3p νόος@nnmsc γάρ@x ὁράω@vipa3s καί@cs νόος@nnmsc ἀκούω@vipa3s εἰ@cs δέ@b ἐσθίω@vppanms πολυτελής@anams- καί@cs πίνω@vppanms οἶνος@namsc ὁ@dams ἡδύς@anamss οἷος@rpnms τε@b εἰμί@vipa2s πρός@p ὁ@ddnp ἄυλος@andnp- εἰμί@vnpa-- διά@p τίς@rpans οὐ@b καί@b παλ@ λακίς@vppadmp σύνειμι@vppanms καί@cs δράω@vppanms ὅς@rpanp μη@b δέ@b λέγω3@vnpa-- καλός@annns- παν@annns- ταχύς@angms- γάρ@b ὁ@dgms ἐν@p ἐγώ@rpdmp παῖς@ngmsc εἰμί@viia3s οὗτος@annnp- ὁ@dnnp πάθος@nnnpc καί@cs ὅσος@andns- αἰσχρός@annnp- οὐ@b πρός@p αὐτός@rpanp φημί@vifa2s κατασπάω@vnpe-- τις@rpncs γάρ@b ὁ@dnfs διακλήρωσις@nnfsc οὗτος@rpgns ὁ@danp μέν@b μή@b οἷος@rpans τε@b εἰμί@vnpa-- πάσχω@vnpa-- μή@b εἰμί@vppaanp πρός@p αὐτός@rpdnp ὁ@danp δέ@b ἕτερος@ananp- συγχωρέω@vnpa-- ἀποτελέω@vnpa-- πρός@p ὁ@ddnp νοητός@andnp- εἰμί@vppaanp οὐ@b γάρ@b ὅτι@cs τάμνω@ananp- ὑπολαμβάνω@vire3s εἰμί@vnpa-- αἰσχρός@ananp- παρά@p ὁ@ddmp πολύς@andmp- ὁ@danp δέ@b οὐ@b αἰσχρός@ananp- γάρ@b πᾶς@ananp- ὡς@cs πρός@p γε@b ὁ@dafs κατά@p νόος@namsc ζωή@nafsc καί@cs πᾶς@angnp- ἀφεκτέον@annns- καθά@cs ὁ@dgnp ἀφροδίσιος@angnp- ὀλίγος@anans- δέ@b ὁ@ddfs φύσις@ndfsc τροφή@ngfpc συγχωρητέον@annns- διά@p ὁ@dafs ὁ@dgfs γένεσις@ngfsc ἀνάγκη@nafsc ὅπου@cs γάρ@b αἴσθησις@nnfsc καί@cs οὗτος@rpgfs ἀντίληψις@nnfsc ἐκεῖ@b ὁ@dgms νοητός@ngmsc ὁ@dnfs ἀπόστασις@nnfsc καί@cs ὅσος@andns- ὁ@dgfs ἀλογία@ngfsc ἀνακίνησις@nnfsc τόσος@andns- ὁ@dgns νοέω@vnpa-- ἀπόστασις@nnfsc οὐ@b γάρ@b ἐνδέχομαι@vipe3s ὅδε@b καί@b ἐκεῖσε@b φέρω@vppeams ἐνταῦθα@b εἰμί@vppaams εἰμί@vnpa-- ἐκεῖ@b οὐ@b γάρ@b μέρος@ndnsc ἐγώ@rpgmp ἀλλά@cs ὅλος@annmp- ὁ@dafp προσοχή@nafpc ποιέω@vipe1p"
"abstin._1.42","ὁ@dans δέ@b οἴομαι@vnpe-- κατά@p ὁ@dafs αἰσθάνομαι@nafsc -@ndfpc σιν@nafsc παθαίνω@vppeans πρός@p ὁ@ddnp νοητός@andnp- ἐνεργέω@anans- πολύς@anamp- -@angmp- λωίων@anamp- καί@b ὁ@dgmp βάρβαρος@ngmpc ἐκτραχηλίζω@viaa3s ὅς@rpnmp ἐπί@p πᾶς@anans- εἶδος@nansc ἡδονή@ngfsc προέρχομαι@viaa3p ἐκ@p καταφρόνησις@ngfsc λέγω3@vppanmp καί@b ὁ@dgmp δύναμαι@vnpe-- πρός@p ἄλλος@rpdmp εἰμί@vppaams ὁ@ddfs ἀλογία@ndfsc χράω@vnpa-- αι@vnpe-- οὗτος@rpdmp ἐπιτρέπω@vnpa-- ἤδη@b γάρ@b τις@rpgmp ἀκούω@annnp- ὁ@ddfs σφεῖς@rpgmp δυστυχία@ndfsc συναγορεύω@vppagmp οὗτος@anams- ὁ@dams τρόπος@namsc οὐ@b γάρ@b ἐγώ@rpa-p μολύνω@vipa3s φημί@vipa3p ὁ@dnnp βρῶμα@nnnpc ὥσπερ@cs οὐ@b δέ@b ὁ@dafs θάλασσα@nafsc ὁ@dnnp ῥυπαρός@annnp- ὁ@dgnp ῥεῦμα@ngnpc κύριος@i εύω@vspa1p γάρ@x βρῶμα@ngmpc ἅπας@angmp- καθά@b ὁ@dnfs θάλασσα@nnfsc ὁ@dgnp ὑγρός@angnp- πᾶς@angnp- εἰ@cs δέ@b ὁ@dnfs θάλασσα@nnfsc κλείω@voaa3s ὁ@dans ἑαυτοῦ@rpgfs στόμα@nansc ὥστε@cs μή@b δέχομαι@vnam-- ὁ@danp ῥέω@vppaanp γίγνομαι@viam3s κατά@p ἑαυτοῦ@rpafs μέν@b μέγας@annfs- κατά@p δέ@b ὁ@dams κόσμος@namsc μικρός@annfs- ὡς@b μή@b δύναμαι@vppenfs στέγω@vnaa-- ὁ@danp ῥυπαρός@nanpc εὐλαβέομαι@vpapnfs δέ@b μολύνω@vnap-- οὐ@b ἄν@b δέχομαι@voam3s ἀλλά@cs διά@p οὗτος@rpans δή@b πᾶς@ananp- δέχομαι@vipe3s γιγνώσκω@vppanfs ὁ@dans ἑαυτοῦ@rpgfs μέγεθος@nansc καί@cs οὐ@b ἀποστρέφω@vipe3s ὁ@dnnp εἰς@p ἑαυτοῦ@rpafs ἔρχομαι@vppennp καί@cs ἐγώ@rpncp οὖν@b φημί@vipa3p ἐάν@cs εὐλαβέομαι@vsap1p βρῶσις@nafsc δουλόω@viap1p μεν@vipa1p ὁ@ddns ὁ@dgms φόβος@ngmsc φρόνημα@ndnsc δεῖ@vipa3s δέ@x πᾶς@ananp- ἐγώ@rpdcp ὑποτάσσω@vnre-- ὕδωρ@nnnsc μέν@b γάρ@b ὀλίγος@annns- συνακτός@annns- ἐάν@cs τις@rpans δέχομαι@vsam3s ῥυπαρός@annns- εὐθύς2@b μιαίνω@vipe3s καί@cs θολόω@vipe3s ὑπό@p ὁ@dgfs ῥυπαρία@ngfsc βυθός@nnmsc δέ@x οὐ@b μιαίνω@vipe3s οὕτως@b δή@b καί@b βρῶσις@nnfpc ὁ@dgnp ὀλίγος@angfp- περιγίγνομαι@vipe3p ὅπου@cs δέ@b βυ@nnfsc τίθημι@nnmsc ἐξουσία@ngfsc πᾶς@ananp- δέχομαι@vipe3p καί@cs ὑπό@p οὐδείς@rpgms εἷς@annfp- γίγνομαι@vipe3p τοιοῦτος@rpdnp δέ@b ἑαυτοῦ@rpamp ἀπατάω@vppanmp ἀκόλουθος@ananp- μέν@b ὅς@rpdnp ἐξαπατάω@viie3p δράω@viia3p ἀντί@p δέ@cs ἐλευθερία@ngfsc εἰς@p ὁ@dams ὁ@dgfs κακοδαιμονία@ngfsc βυθός@namsc αὐτός@rpamp φέρω@vppanmp πνίγω@viaa3p οὗτος@rpans καί@b ὁ@dgmp κυνικός@ngmpc τις@anamp- παντορέκτης@nampc ποιέω@viaa3s προσπλάζω@vpapamp ὁ@ddns αἴτιος@andns- ὁ@dgnp ἁμάρτημα@ngnpc αὐτός@rpdmp ὅς@rpans δή@b καλέω@vnfa-- ἔθω@vira3p ἀδιάφορος@anans-"
"abstin._1.43","ἀνήρ@nnmsc δέ@b εὐλαβής@annms- καί@cs ὕποπτος@annms- πρός@p ὁ@danp γοητεύματα@nanpc ὁ@dgfs φύσις@ngfsc ὁ@dafs τε@b ὁ@dgns σῶμα@ngnsc φύσις@nafsc κατασκέπτομαι@vpaenms καί@cs ὡς@cs ἁρμόζω@vire3s ὄργανον@ngmsc δίκη@nafsc πρός@p ὁ@dafp δύναμις@nafpc ὁ@dgfs ψυχή@ngfsc γιγνώσκω@vpaanms οἶδα@vira3s ὡς@cs ἑτοῖμος@anans- φθέγγομαι@vnam-- ὁ@dans πάθος@nansc ἄν@cs τε@b βοῦς@ngmsc λανθάνω@vspe1p ἄν@b τε@cs μή@b κρούω@vpapgns ὁ@dgns σῶμα@ngnsc ὑπό@p ὁ@dgnp ἔξωθεν@b καί@cs ὁ@dgns κρῆσμα@ngnsc εἰς@p ἀντίληψις@nafsc ἀφικνέομαι@angns- -@an-fs- νου@angns- ὁ@dnfs γάρ@b ἀντίληψις@nnfsc τεύχω@vira3s εἰμί@vppanfs ὁ@dnfs φθέγξις@nnfsc φθέγγομαι@vnam-- δέ@b οὐ@b εἰμί@vipa3s ὁ@dafs ψυχή@nafsc μή@b ὅλος@anafs- πρός@p ὁ@dans φθέγμα@nansc ἐπιστρέφω@vpapafs καί@cs ὁ@dans ἐπιστατικός@anans- ὄμμα@nansc πρός@p οὗτος@rpans μετατίθημι@vpaaafs ὅλος@b δέ@b ὁ@dgfs ἀλογία@ngfsc ὁ@dans ἄχρι@b τίς@rpans νος@ngmsc καί@b πῶς@b καί@cs πόθεν@b καί@cs πρός@p ὅς@rpamp ἐπικρίνω@vnpa-- οὐ@b ἔχω@vppagfs κατά@p ἑαυτοῦ@rpafs δέ@cs ἀνεπίσκεπτος@angfs- ὑπάρχω@vppagfs ἄν@cs ἐπιβρίθω@vsaa3s ἵππος@ndmpc ἔοικα@vpragfs ἄνευ@p ἡνίοχος@ngmsc ἀμήν@annns- -@annns- χάσκω@annns- εἰμί@vipa3s ἤ1@b διοικέω@vnpa-- τις@rpans καθήκω@b πρός@p ὁ@danp ἔξω@b ἤ1@cs τροφή@ngfsc καιρός@namsc καί@cs μέτρον@nanpc γιγνώσκω@vnpa-- μή@b οὐ@b ὁ@dgns ἡνίοχος@ngmsc ἐφίστημι@vpragns ὄμμα@ngnsc ὅς@rpnms ὁ@danp κίνημα@nanpc ῥυθμός@ananp- ζέω@vipa3s καί@cs ἡνιοχέω@vipa3s ὁ@dgfs τυφλός@angfs- κατά@p ἑαυτοῦ@rpafs ἀλογία@ngfsc ὁ@dnms δέ@b ὁ@dafs ἐπίστασις@nafsc ὁ@dgms λογισμός@ngmsc ἀφαιρέω@vppanms ὁ@dgfs ἀλογία@ngfsc ἐπιτρέπω@vppanms δέ@cs αὐτός@rpdfs φέρω@vnpe-- κατά@p ὁ@dafs οἰκεῖος@anafs- φύω@nafsc -@nafsc σιν@ndfpc οἷος@rpnms ἄν@b εἰμί@vopa3s ὁ@ddfs ἐπιθυμία@ndfsc συγχωρέω@vpaanms εἰς@p ὅσος@anans- βούλομαι@vipe3s προχωρέω@vnpa-- ὁ@dgfs οἰκεῖος@angfs- κίνησις@ngfsc καί@cs ὁ@ddns θυμίαμα@ndnsc ὡσαύτως@b καλός@anans- γοῦν@b ἐγώ@rpdmp ὁ@dnns σπουδαῖος@nnnsc ποι@vifa3s -@vila3s εἰμί@vifa3s καί@cs ὁ@danp ἔργον@nanpc αὐτός@rpgms λογίζομαι@vpreanp ἀκάθεκτος@anans- ὑπό@p ὁ@dgms ἐφίστημι@vpragms λογισμός@ngmsc ποιέω@vppanms ἐν@p ὁ@ddfp ὁ@dgms ἄλογος@ngmsc ἐνέργεια@ndfpc"
"abstin._1.44","καίτοι@b οὗτος@rpdfs διαφέρω@vnra-- φαίνω@vipe3s ὁ@dnms σπουδαῖος@annms- ὁ@dgns φαῦλος@angns- ὅτι@cs ὁ@dnms μέν@b πανταχοῦ@b ὁ@dams λο@an---- -@anams- γισμός@namsc ἔχω@vipa3s παρίστημι@vpraams καί@b κρατέω@vppaams καί@cs ἡνιοχέω@vppaams ὁ@dans ἄλογος@anans- ὁ@dnms δέ@cs πολύς@ananp- πράσσω@vipa3s παρίημι@vppanms ὁ@ddms λογισμός@ndmsc καί@cs σύν@p οὗτος@rpdns πράσσω@vnpa-- ὅς@rpanp πράσσω@vipa3s διά@p ὅς@rpans καί@b ὁ@dnms μέν@b ἀλόγιστος@annms- λέγω3@vipe3s καί@cs φέρω@vppenms ὑπό@p ὁ@dgfs ἀλογία@ngfsc ὁ@dnms δέ@cs λογίζομαι@vprenms καί@cs ἐγκρατής@annms- πᾶς@angns- ἀλόγιστος@angns- καί@b ὁ@dnns ἁμαρτάνω@vnpa-- ἄρα@b οὗτος@rpans ὁ@ddmp πολύς@andmp- καί@b ἐν@p λόγος@ndmsc καί@b ἐν@p πρᾶξις@ndfsc καί@b ὁ@ddfp ἐπιθυμία@ndfpc καί@cs ὁ@ddfp ὀργή@ndfpc γίγνομαι@vipe3s ἔμπαλιν@b δέ@cs κατορθόω@vnpa-- ὁ@ddnp σπουδαῖος@andmp- ὅτι@cs σύ@rpnmp μέν@b ἐφίημι@viaa3p ὁ@ddms παῖς@ndmsc δράω@vnpa-- κατά@p ἑαυτοῦ@rpams ὅς@rpanp βούλομαι@vipe2s ται@nnmpc ὁ@dnmp δέ@cs ὁ@ddms παιδαγωγός@ndmsc καί@cs μετά@p οὗτος@rpgms ὁ@danp κατά@p ἑαυτοῦ@rpamp κυβερνάω@vipa3p ὥστε@b καί@b ἐν@p βρωτός@andnp- καί@cs ἐν@p ὁ@ddfp ἄλλος@andfp- ὁ@ddfp διά@p ὁ@dgns σῶμα@ngnsc ἐνέργεια@ndfpc ἤ1@cs ἀπό@p λαῦσις@ndfpc πάρειμι@vppanms μέν@b ὁ@dnms ἡνίοχος@nnmsc ἀφορίζω@vipa3s ὁ@dans σύμμετρος@anans- τρον@nansc καί@cs ὁ@dans εὔκαιρος@anans- ἄπειμι@vppanms δέ@cs καί@b ὡς@cs φημί@vipa3p τις@rpnmp πρός@p ὁ@ddnp ἑαυτοῦ@rpgms εἰμί@vppanms εἰ@cs μέν@b καί@b ὁ@dafs ἡμέτερος@anafs- πρόσειμι@b ξ@nafsc ἔχω@vipa3s παρά@p ἑαυτοῦ@rpdms οὐ@b δέ@cs ἐπιτρέπω@vipa3s ὁ@ddfs ἀλογία@ndfsc παθαίνω@vnpe-- οὐ@b δέ@cs ὅλος@b τις@rpans ἐνεργέω@vnpa-- εἰ@cs δέ@b ἀφίημι@viaa3s οὗτος@rpafs πρός@p ὁ@ddms παῖς@ndmsc εἰμί@vnpa-- ἄνευ@p ἑαυτοῦ@rpgms ἀπόλλυμι@viaa3s ὁ@dams ἄνθρωπος@namsc σύρω@vppeams ὑπό@p ὁ@dgfs ἄνοια@ngfsc ὁ@dgms ἀλό@ngmsc -@angms- ἐγώ@rpgms"
"abstin._1.45","ὅθεν@b ὁ@ddnp σπουδαῖος@andnp- ὁ@dnfs ἀποχή@nnfsc μᾶλλον@b οἰκειόω@vipe2s πατήρ@nanpc καί@cs βρῶμα@ngfpc καί@cs ὁ@dgfp διά@p σῶμα@ngnsc ἀπόλαυσις@ngfpc καί@cs πρᾶξις@ngfpc ὁ@dgfs ἐφάψις@ngfsc ὁ@ddns δεῖ@vnpa-- ἅπτω@vppeams ὁ@dgnp σωματικός@angnp- καταβαίνω@vnpa-- ἀπό@p ὁ@dgnp οἰκεῖος@angnp- ἦθος@ngnpc εἰς@p παιδαγωγία@nafsc ὁ@dgns ἐν@p ἐγώ@rpdcp ἀλόγιστος@angns- ἐν@p δέ@b ὁ@ddfp τροφή@ndfpc καί@b μᾶλλον@b οὐ@b δέ@cs γάρ@b ὁ@dgns μέλλω@vppagns ἐκ@p αὐ@rpgms ὁ@dgnp ἐπιλογιστικός@annns- ὁ@dnns ἄλογος@annns- φύσις@ndfsc γάρ@b ἀνεπίγνωτος@viaa3s μον@nnnsc ὁ@dgns ἄπειμι1@vppagns ὁ@dnns ἄλογος@annns- ὁ@dgfp δέ@b τροφή@ngfpc εἰ@cs μέν@b εἰμί@viia3s ἀπαλλάσσω@vnre-- ὥσπερ@b ὁ@dgmp ὁρατός@ngmpc ἀραρίσκω@vpapgmp ἔξεστι@vipa3s γάρ@b πρός@p ἄλλος@rpdnp εἰμί@vnpa-- κοιμίζω@vpaaams ὁ@dafp ἀπό@p αὐτός@rpgfp φαντασία@ngfsc μέτριος@annns- ἄν@b εἰμί@viia3s ὁ@ddfs ἀνάγκη@ndfsc εἴκω@vpaaams ὁ@dgfs θνητός@angfs- φύσις@ngfsc ἐπί@p ὀλίγος@anans- εὐθύς2@b ἀπαλλάσσω@vnre-- ἐπεί@cs δέ@b καί@b παρολκή@ngfsc χρόνος@ngmsc χρεία@nnfsc καί@b πέψις@ngfsc καί@b ἀνά@p δόσις@ngfsc καί@b ὁ@dgfs πρός@p οὗτος@rpdnp συνεργεία@ngfsc ὁ@dgfs ἐκ@p ὕπνος@ngmsc τε@b καί@cs ἡσυχία@ngfsc ὁ@dgfs τε@b ἄλλος@rpgfs ἀργία@ngfsc καί@cs μετά@p οὗτος@rpanp ὁ@dgfs ἐκ@p ὁ@dgfs ἀνάδοσις@ngfsc ποιός@vpregfs κρᾶσις@ngfsc περίττωμα@ngnpc τε@cs διαχώρησις@ngfsc ἀνάγκη@nnfsc ὁ@dams παιδαγωγός@namsc πάρειμι@vnpa-- ὅς@rpnms ὁ@danp κοῦφος@ananp- καί@cs ἀνεμπόδιστος@ananp- ἑαυτοῦ@rpdms ἐκλέγω@vpamnms οὗτος@rpanp ἐπιτρέπω@vifa3s ὁ@ddfs φύσις@ndfsc ὁ@dans μέλλω@vppaans προοράω@vppenms καί@cs ὅσος@anans- ὁ@dans ἐμπόδιος@anans- συγχωρέω@vpaagms ὁ@ddfp ἐπιθυμέω@andfp- -@andfp- μία@andfp- φορτίον@nansc οὐ@b εὐάγκαλος@anans- ἐπεισάγω@vnpa-- ἐγώ@rpdmp διά@p ὀλίγος@anafs- ἡδονή@nafsc ὅς@rpgfs ἐν@p ὁ@ddns καταδέχομαι@vnpe-- αὐτός@rpanp εἰς@p ὁ@dafs κατάποσις@nafsc ἀντιλαμβάνω@vnpa--"
"abstin._1.46","οὐ@b ἔοικα@b ἄρα@b ὁ@dans πολύς@anans- καί@cs περισσός@anans- ὁ@dnms λόγος@nnmsc ἀποκρίνω@vpaanms εἰς@p ὀλίγος@anans- πε@vira3s ριγράφω@vipa3s ὁ@dans ἀναγκαῖος@anans- εἰ@cs μέλλω@vipa3s μή@b τε@cs πορίζω@vppanms ἔχω@vnfa-- πρᾶγμα@nanpc διά@p ὁ@dans δέω2@vnpe-- πλείων@angnpc μή@b τε@cs εὐτρεπής@ananp- ποιέω@vppanms πλείων@angnpc ὑπηρετέω@vpfmgnp μή@b τε@cs ἐσθίω@angnp- πλείων@angfpc ἡδονή@ngfpc ἀντιλαμβάνω@vnfm-- μήτεπροῦτος@b μένω@nnmsc πολύς@angfs- ἀργία@ngfsc ἐμπίμπλημι@vnfm-- μή@b τε@cs παχύς@angns- φορτίον@ngnsc ἐμπίπλημι@vppenms ὑπνώδης@annms- γίγνομαι@vnpe-- μή@b τε@cs ὁ@dgmp πιαίνω@vppagmp ὁ@dans σῶμα@nansc πληρόω@vppenms ἰσχυρός@anamsc μέν@b δεσμός@namsc αὐτός@rpams δέ@b ἀργός2@anansc πρός@p ὁ@danp οἰκεῖος@ananp- ποιέω@vnfa-- ἀσθενής@anansc δείκνυμι@vmaa3s ἀνήρ@nnmsc σπεύδω@vppanms -@annmp- δων@vppanms ὡς@cs ἐν@vipa3s μάλιστα@b ζάω@vnpa-- κατά@p νόος@namsc καί@cs ἀπερίσπαστος@annms- ἐκ@p ὁ@dgnp κατά@p ὁ@dans σῶμα@nansc πάθος@ngnpc εἰμί@vnpa-- ὡς@cs εὔπορος@annfsc μέν@b ὁ@dnfs κρεοφαγία@nnfsc ὁ@dgnp ἐκ@p ὁ@dgnp ἀκρόδρυα@angnp- καί@cs ἐκ@p λάχανον@ngnpc ὄψον@ngnpc εὐτελής@annfsc δέ@b ὁ@dnfs οὗτος@rpgmp παρασκευή@nnfsc ὁ@dgfs ὁ@dgnp ἄψυχος@angnp- καί@cs μάγειρος@ngmpc ὅλος@b μή@b δέω2@vppegfs ἀνήδονος@annfs- δέ@b κατά@p ἑαυτοῦ@rpafs παραβάλλω@vppenfs πρός@p ὁ@dafs ἄψυχος@anafs- πού@b φότερος@annfsc δέ@b ἐν@p ὁ@ddfp πέψις@ndfpc ὁ@dgfs ἕτερος@angfs- καί@cs ἐν@p ὁ@ddfp ἀνά@b δόσις@ndfpc ὁ@ddfp εἰς@p ὁ@dans σῶμα@nansc ταχύς@annfsc ὁ@dgfs ἐκ@p λάχανον@ngnpc ἀνάδοσις@ngfsc πρός@p τε@b ὁ@dafp ἐπιθυμία@nafpc ἥσσων@anansc ἐρεθίζω@vppanfs καί@cs εἰς@p πάχος@nansc καί@cs ῥώμη@nafsc σῶμα@ngnsc ἐλάσσων@anansc συμβάλλω@vppenfs -@ μένω@vppenfs ὁ@dgfs ἄψυχος@angfs- δίαιτα@ngfsc"
"abstin._1.47","εἰ@cs δέ@b οὗτος@rpans οὔτε@b ἰατρός@ngmpc τις@rpncs οὐ@b τε@cs φιλόσοφος@nnmsc οὐ@b γυμναστής@nnmsc οὐ@b ἰδιώτης@nnmsc εἶπον@vnaa-- τολμάω@viaa3s τίς@anans- οὐ@b ἀφίστημι@viam1p ἑκών@annmp- ὁ@dgns σωματικός@angns- φορτίον@ngnsc τίς@rpans οὐ@b ἐλευθερόω@viia1p αὐτός@rpamp ἅμα@p ὁ@ddfs ἀπό@p στάσις@ndfsc ἐκ@p πολύς@angmp- οὐ@b γάρ@b εἷς@angms- εἰμί@viia3s ἀλλά@cs μυρίος@angmp- ὁ@ddmp ἐλάχιστος@andnps ἐθίζω@vpaaams αὐτός@rpams ἀρκέω@vnpe-- ἀπαλλάσσω@ananp- χω@n---c χρῆμα@ngnpc περιουσία@ngfsc οἰκέτης@ngmpc πλείων@angmpc ὑπό@p ρερία@ngfsc σκεῦος@ngnpc πλῆθος@ngnsc ὑπνώδης@angfs- κατάστασις@ngfsc νόσος@ngfpc σφοδρότης@ngfsc καί@cs πλῆθος@ngnsc ἰατρός@ngmpc δέησις@ngfsc ἐρεθισμός@ngmpc πρός@p ἀφροδίσιος@ananp- ἀναθυμίασις@ngfpc παχύς@angfp- -@anafp- ρων@angfp- περίττωμα@ngnpc πλῆθος@ngnsc παχύτης@ngfsc ὁ@dgns δέ@ -@ στόνος@ngmsc ῥώμη@ngfsc πρός@p πρᾶξις@nafpc ἐγείρω@vppagfs ἰλιάς@ngfsp καί@b κῶνος@ngmpc ὅς@rpgnp ὁ@dnfs ἄψυχος@annfs- καί@cs λιτή@annfs- τροφή@nnfsc καί@cs πᾶς@andmp- εὐπό@annfs- ριστος@annfs- ἀφαιρέω@vipe3s ἐγώ@rpamp εἰρήνη@nafsc παρασκευάζω@vppanfs ὁ@ddms ὁ@danp σωτήριος@nanpc ἐγώ@rpdmp ἐκπορίζω@vppadms λογισμός@ndmsc οὐ@b γάρ@b ἐκ@p ὁ@dgmp μαστοφάγος@ngmpc φημί@vipa3s ὁ@dnms διογένης@nnmsp ὁ@dnmp κλέπτης@nnmpc καί@cs ὁ@dnmp πολέμιος@nnmpc ἀλλά@cs ἐκ@p ὁ@dgmp κρεοφάγος@ngmpc ὁ@dnmp συκοφάντης@nnmpc ται@nnmpc καί@cs τύραννος@nnmpc ὁ@dgfs δέ@b ὁ@dgns πολύς@angmp- δέω2@vnpe-- ἀρθί@vppeanp σός@angfs- αἰτία@ngfsc καί@cs ὁ@dgns πλῆθος@ngnsc ὁ@dgmp εἰσάγω@vppegnp εἰς@p ὁ@dans σῶμα@nansc περιαιρέω@vpapgns ὁ@dgns τε@cs βάρος@ngnsc ὁ@dgnp ἀναδιδάσκω@angnpc -@angnp- νων@angnp- κουφίζω@vpapgns ἐλεύθερος@annns- ὁ@dnns ὄμμα@nnnsc καπνός@ngmsc καί@cs κῦμα@ngnsc ὁ@dgns σωματικός@angns- ἐκτός@p καθορμίζω@vprenns γίγνομαι@vipe3s"
"abstin._1.48","καί@cs οὗτος@rpans οὐ@b τε@b ὑπόμνησις@ngfsc οὐ@b τε@cs ἀποδείκνυμι@b ξεως@b διά@p ὁ@dafs αὐτόθεν@b πρόσειμι@vppaafs ἐνάργεια@nafsc χρῄζω@vipa3s ὅθεν@b οὐ@b μόνος@anans- ὁ@dnmp κατά@p νόος@namsc ζάω@vnpa-- σπουδάζω@vpranmp καί@cs τέλος@nansc ὁ@dams κατά@p αὐτός@anams- βίος@namsc ἐνίστημι@vpaenmp ἀναγκαῖος@nafsc πρός@p ὁ@dans τέλος@nansc ὁράω@vipa3p ὁ@dafs οὗτος@rpgmp ἀποχή@nafsc ἀλλά@cs καί@b πᾶς@annms- σχεδόν@b οἴομαι@vipe1s φιλόσοφος@nnmsc ὁ@dafs εὐτέλεια@nafsc πρό@p ὁ@dgfs πολυτέλεια@ngfsc ἐγκρίνω@vppanms ἀποδέχομαι@voam3s ἄν@b μᾶλλον@b ὁ@dams ὀλίγος@andmp- ἀρκέω@vppeams ὁ@dgns πλείων@angnpc δέω@vppegms καί@cs ὅς@rpnns παράδοξος@annns- ὅς@rpnms πολύς@annms- δοκέω@voaa3s ἄν@b εἰμί@vnpa-- οὗτος@rpnns λέγω@viaa3s γουσι@vppaamp καί@cs ἐκτιμάω@vppaamp εὑρίσκω@vipa1p λέγω3@vipa1s δέ@b ὁ@damp ἡδονή@nafsc οἴομαι@vppeamp ὁ@dans τέλος@nansc ὁ@dgmp φιλοσοφέω@vpaagmp ὁ@dgmp γάρ@b ἐπικούρειος@ngmpp ὁ@dnmp πλείων@annmpc ἀπό@p αὐτός@angms- ὁ@dgns κορυ@ngmsc φαίος@ngmsc ἄρχω@vpamnmp μᾶζα@ndfsc καί@cs ὁ@ddnp ἀκρόδρυα@ndnpc ἀρκέω@nanpc νοι@nnmpc φαίνω@vipe3p ὁ@danp τε@cs σύγγραμμα@nanpc ἐμπίπλημι@vira3p ὁ@dans ὀλιγοδεής@anans- ὁ@dgfs φύσις@ngfsc ἀφηγέομαι@vppenmp καί@cs ὁ@dans ἐκ@p ὁ@dgfp λιτή@ngfpc καί@cs εὔπορος@angnp- ἱκανός@b αὐτός@rpgfs ὁ@dans ἀναγκαῖος@anans- ἰάομαι@vppeans παρίστημι@vppanmp"
"abstin._1.49","ὁρίζω@vire3s γάρ@b φημί@vipa3s ὁ@dnms ὁ@dgfs φύσις@ngfsc πλοῦτος@nnmsc καί@cs εἰμί@vipa3s εὐπόριστος@annms- ὁ@dnms δέ@cs ὁ@dgmp κενός@angfp- δόξα@ngmpc ἀόριστος@annms- τε@cs εἰμί@viia3s καί@cs δυσπόριστος@annms- ὁ@dnns γάρ@b κατά@p ἔνδεια@nafsc ἐνοχλέω@vnpa-- ὁ@dafs σάρξ@nafsc ἐξαιρέω@vipe3s καλός@b καί@cs αὐτάρκης@b ὁ@danp εὔπορος@ananp- ἁπλόος@anafs- ἔχω@vppaanp φύσις@nafsc ὑγρός@angnp- τε@cs καί@cs ξηρός@angnp- ὁ@dans δέ@b λοιπός@anans- ὅσος@rpans εἰς@p πολύς@nafsc -@anafs- λεια@nafsc πίπτω@vira3s οὐ@b ἀναγκαῖος@nafsc ἔχω@vnpa-- φημί@vipa3p ὁ@dafs ὄρος@nansc ξ@b οὐ@b δέ@cs ἀπό@p ἀλγέω@vppagms τις@rpgms ἀναγκαῖος@b γίγνομαι@vppeafs ἀλλά@cs ὁ@dafs μέν@b ἀπό@p ὁ@dgms ἤ1@cs λυπέω@vppagms ἤ1@cs νύσσω@vppagms μόνος@b ἐν@p ὁ@ddns μή@b πάρειμι@vnpa-- ὁ@dafs δέ@b ἀπό@p ὁ@dgns χαίρω@vppagms ὁ@dafs δέ@b ὅλος@b ἀπό@p ὁ@dgnp κενός@angnp- καί@cs διαψεύδω@vpregnp δόγμα@ngnpc ὅς@rpnfs εἰς@p οὐδείς@anans- φυσικός@anans- ἀνάγω@vipe3s ἔλλειμμα@nnnsc οὐ@b δέ@cs εἰς@p ὁ@dans διαλύω@vppaans ὁ@dafs σύστασις@nafsc ἐκ@p ὁ@dgns μή@b πάρειμι@vnpa-- ἱκανός@annnp- γάρ@b καί@b ὁ@danp τυγχάνω@vpaaanp διακρατέω@vnaa-- οὗτος@rpanp εἰμί@viia3s ὅς@rpgnp ἀναγιγνώσκω@ καίως@b δέω@vipe3s ὁ@dnfs φύσις@nnfsc οὗτος@rpnnp δέ@b καί@b διά@p ὁ@dafs λιτότης@nafsc καί@cs διά@p ὁ@dafs ὀλιγότης@nafsc εἰμί@vipa3s εὔπορος@annnp- καί@b ὁ@ddms μέν@b κρεοφαγία@ngfsc ἅπτω@vppedms χρεία@nnfsc καί@cs ὁ@dgnp ἄψυχος@angnp- ὁ@ddns δέ@cs ἀρκέω@vppedms ὁ@ddnp ἄψυχος@andnp- ἐκ@p ἥμισυς@ngfsc καί@b οὗτος@rpnns εὐπό@annns- ριστος@anans- καί@cs ὀλίγος@angnp- δέω@vppeams ἀνάλωμα@ngnpc ὁ@dnns ὁ@dgfs πα@an---- -@angfs- ρασκευή@ngfsc"
"abstin._1.50","δεῖ@vipa3s δέ@b φημί@vipa3p οὐ@b ἑτοιμάζω@vpamams ὁ@danp ἀναγκαῖος@ananp- προσθήκη@ndfsc ὁ@ddfs φιλοσοφία@ndfsc χρή@vnpe-- ἀλλά@cs παρασκευάζω@vpamams ὁ@dans θαρσέω@vnpa-- ὁ@ddfs ψυχή@ndfsc γνήσιος@b οὕτως@b ἀντέχω@vnpe-- ὁ@dgnp κατά@p ἡμέρα@nafsc κακός@andns- γάρ@b φρον@namsc τιστής@ndfsc ὁ@danp κατά@p ἑαυτοῦ@rpamp ἐπιτρέπω@vifa1p ἄνευ@p φιλοσο@angms- φίας@vipa2s ὁ@dans ἀναγκαῖος@anans- συμμετρέω@vppenmp ὁ@dgfs φύσις@ngfsc καί@cs παρασκευάζω@vppanmp διά@p ὅς@rpans φιλοσοφέω@vppaams δεῖ@viia3s καί@b ὁ@rpgms ὁ@rpgmp προνοέω@vnpa-- καί@cs ἐπί@p ὅσος@anans- ἄν@b ὁ@dnfs παρά@p ἐκεῖνος@rpdmp ἔντοσθε@vopa3s νος@annfs- ἐπιμέλεια@nnfsc παραδίδωμι@vspa3s ἐπί@p ὅσος@anans- δέ@b ἐκεῖθεν@b τις@rpnns ἀφαιρέω@vipe3s ὅς@rpnns μή@b κυριεύω@vifa3s ὁ@dgfs τέλειος@angfs- ἐκθάρρησις@ngfsc μή@b προσίημι@vnpe-- πρός@p ὁ@dafs χρῆμα@ngnpc τε@b καί@cs τροφή@ngfpc παρασκευή@nafsc σύν@p φιλοσοφία@ndfsc τοίνυν@b ἁπτέον@annns- οὗτος@rpgnp καί@cs εὐθύς2@b προσπίτνω@vifm3s ὅτι@cs πολύς@andns- κρείσσων@annnsc ὁ@dnns ἐν@p αὐτός@rpdnp μεταδιώκω@vnpa-- ἐλάχιστος@anans- τε@b καί@b λιτός@anams- καί@cs ποῦ@angms- φον@namsc ἐλαχύς@annnss γάρ@b καί@cs ὁ@dnns ὀχληρός@annns- ἐκ@p ὁ@dgns ἐλάχιστος@angnss"
"abstin._1.51","ὅς@rpdfs δέ@b ἄν@b συνεφελκόμενος@vsam3s ὁ@dnfs παρασκευή@nnfsc ἐμπόδιος@ananp- ἐκ@p ὁ@dgfs ὁ@dgns σῶμα@ngnsc βαρύτης@ngfsc ἤ1@b ἐκ@p ὁ@dgfs ὁ@dgmp παρασκευάζω@vppegmp -@angnp- μένω@vpregmp πραγματεία@ngfsc ἤ1@cs ἐκ@p ὁ@dgns κωλύω@vnpa-- ὁ@dafs περί@p ὁ@dgmp κύριος@angmps λογισμός@ngmpc ἐνέργεια@nafsc εἰμί@vnpa-- συνεχής@anafs- ἤ1@cs ἐκ@p τις@angfs- ἄλλος@angfs- αἰτία@ngfsc εὐθύς2@b ἀλυσιτελής@annfs- γίγνομαι@vipe3s καί@cs οὐ@b ἀντάλλακτος@annfs- πρός@p ὁ@dafp συνακολουθέω@vppeafp ἄχθος@nafpc δεῖ@vipa3s μέντοι@b ὁ@ddms φιλόσοφος@ndmsc καί@b ὁ@dafs ἐλπίς@nafsc ὁ@dgns μηδείς@rpans ὑπολείπω@vnfa-- πάρειμι@vnpa-- διά@p βίος@ngmsc οὗτος@rpafs δέ@b ὁ@danp μέν@b εὐ@anans- πόριστος@ananp- ίκανός@b διασῴζω@vipa3s ὁ@danp δέ@b πολυτελής@ananp- ποιέω@vipa3s δυς@anans- -@anams- έλπιστον@anans- ὁ@dnmp γοῦν@b πολύς@annmp- διά@p οὗτος@rpans καίπερ@b πολύς@ananp- κτάομαι@vprenmp ὡς@b ὑπολείπω@vpfanmp ἀνήνυτος@ananp- μοχθέω@vipa3p ἀρκέω@vnpe-- δέ@b ὁ@ddmp εὔπορος@andmps καί@cs λιτός@andmps ποιέω@vipa3s ὁ@dnns μνημονεύω@vnpa-- ὅτι@cs πρός@p μέν@b ὁ@dgfs ψυχή@ngfsc ἀξιόλογος@anams- ταρα@namsc χήν@ngfsc λύσις@nafsc οὐδείς@rpans ἰσχύω@vnpa-- φύω@vira3s οὐ@b δέ@cs ὁ@dnms πᾶς@annms- πλοῦτος@nnmsc συνάγω@vpapnms ὁ@dnns δέ@cs ὁ@dgfs σάρξ@ngfsc ὀχληρός@annns- ἐξαιρέω@vipa3s καί@cs ὁ@danp πάνυ@b μέτριος@ananp- καί@cs τυγχάνω@vpaaanp πᾶς@anafs- τε@cs εὐποριστία@nafsc ἄν@b -@ κτάομαι@vpreanp ὑπολείπω@vppaams δέ@b καί@b ὁ@dnnp τοιοῦτος@rpnnp οὐ@b ταράσσω@vipa3s ὁ@dams ἀποθνήσκω@vnpa-- μελετάω@vppaams ἔτι@b καί@b ὁ@dnns ἀλγεινός@annns- ὁ@dnns διά@p ἔνδεια@ngfsc πολύς@angfs- ἠπιότης@ngfsc ἤ1@cs ὁ@dnns διά@p πλήρωσις@ngfsc μετά@ έχω@vipa3s ἐάν@cs μή@b τις@rpnms ὁ@ddfp κενός@andfp- δοκέω@ndfpc ἑαυτοῦ@rpams ἀπατάω@vipa3s ὅς@dnfs τε@b ποικιλία@nnfsc ὁ@b τροφή@ngfpc οὐ@b ὅπως@b ὁ@dafp ταραχή@nafpc ὁ@dgfs ψυχή@ngfsc ἐκλύω@vipa3s ἀλλά@cs οὐ@b δέ@b ὁ@dafs ἐν@p ὁ@ddfs σάρξ@ndfsc ἡδονή@nafsc σύν@vipa3s ἐπαυξάνω@vifa3s πέρας@nansc γάρ@b ἔχω@vipa3s καί@b οὗτος@rpnfs ἅμα@p ὁ@ddfs ὁ@dgfs ἀλγη@ngfsc δόναξ@nnmsc ὑπεξαίρεσις@vifa3s ὡς@b ὁ@dnns γε@b ὁ@dgfs σαρκοφαγία@ngfsc οὐ@b δέ@cs λύω@viia3s τις@rpnns ὀχληρός@annns- ὁ@dgfs φύσις@ngfsc οὐ@b δέ@cs ὅς@rpnns μή@b συντελέω@viap3s μένω@vppeams ἐπί@p ἀλγηδών@nafsc ἀνύω@viie3s ὁ@dafs δέ@b βίαιος@anafs- χάρις@nafsc ἔχω@viia3s καί@b ταχύς@anans- ὁ@ddns ἐναντίος@andns- μίγνυμι@vppeafs οὐ@b γάρ@b πρός@p ζωή@ngfsc συμμονή@nafsc πρός@p δέ@b ποικιλία@nafsc ἡδονή@ngfpc συμβάλλω@viaa3s λω@viam3s ἔοικα@vpraans ἀφροδίσιος@andnp- ἤ1@cs ξενικός@angnp- οἶνος@ngmpc πόσις@ndmpc ὅς@rpgfp καί@b χωρίς@p διαμένω@vnpa-- δύναμαι@vipe3s ὁ@dnfs φύσις@nafpc ὅς@rpgnp δέ@b χώομαι@vipa1s ρίς@nnfsc οὐ@b ἄν@b ὑπομένω@voaa3s βραχύς@annnp- παντάπασι@b εἰμί@vipa3s καί@cs δύναμαι@vppennp ῥᾴδιος@b καί@b μετά@p δικαιοσύνη@ngfsc καί@cs ἔρχομαι@b ρία@angfs- ἡσυχία@ngfsc τε@b καί@cs πολύς@angfs- ῥᾳστώνη@ngfsc πορίζω@vnpe--"
"abstin._1.52","ἔτι@b δέ@b οὐ@b δέ@b πρός@p ὑγεία@nafsc ὁ@dnnp κρέας@nnnpc συντελέω@vipa3s ἀλλά@cs μᾶλλον@b ὁ@ddfs ὑγεία@ndfsc ἐμποδίζω@vipa3s διά@p ὅς@rpgnp γάρ@b ὑγεία@nnfsc ἀνά@b κτάομαι@vipe3s διά@p οὗτος@rpgnp καί@b διαμένω@vipa3s ἀνακτάομαι@vipe3s δέ@b διά@p ὁ@dgfs λιτός@angfss καί@cs ἀσώματος@angfs- δίαιτα@ngfsc ὥστε@cs καί@cs οὗτος@rpdfs ἄν@b συμμένω@voaa3s εἰ@cs δέ@b μή@b πρός@p ὁ@dafs μίλων@ngmsp ῥώμη@nafsc ὁ@dnnp ἄψυχος@annnp- συμβάλλω@vipe3s μη@b δέ@cs ὅλος@b πρός@p ἐπίτασις@nafsc ἰσχύς@ngfsc οὐ@b δέ@cs γάρ@b ῥώμη@ngfsc οὐ@b δέ@cs ἐπίτασις@ngfsc ἰσχύς@ngfsc χρεία@nnfsc ὁ@ddms φιλόσοφος@ndmsc εἰ@cs μέλλω@vopa3s θεωρία@ndfsc καί@cs μή@b πρᾶξις@ndfpc καί@cs ἀκολασία@ndfpc προσέχω@vnpa-- οὐδείς@rpnns δέ@b θαυμαστός@annns- ὁ@damp πολύς@anamp- οἴομαι@vnpe-- εἰς@p ὑγίεια@nafsc συντελέω@vnpa-- ὁ@dafs κρεοφα@nafsc -@nafsc γαῖος@nafsc ὁ@dgmp γάρ@b αὐτός@rpgmp εἰμί@viia3s καί@b ὁ@dafp ἀπόλαυσις@nafpc οἴομαι@vnpe-- ὑγεία@nafpc εἰμί@vnpa-- τηρητικός@anafp- καί@cs ὁ@danp ἀφροδίσιος@ananp- ὅς@rpnnp ὀνίνημι@viaa3s μέν@b οὐδείς@rpams τις@rpams ἀγαπητός@anams- δέ@cs εἰ@cs μή@b βλάπτω@viaa3s εἰ@cs δέ@b ὁ@dnmp πολύς@annmp- μή@b τοιοῦτος@rpnmp οὐδείς@rpans πρός@p ἐγώ@rpacp οὐ@b δέ@cs γάρ@b φιλία@ngfsc καί@cs εὔνοια@ngfsc πιστός@annns- τις@rpnns καί@cs διαμόνιμος@annns- ἐν@p ὁ@ddmp πολύς@andmp- οὐ@b δέ@cs δεκτικός@annmp- οὗτος@rpgnp οὐ@b δέ@cs σοφία@ngfsc οὐ@b δέ@cs ὁ@dgnp ἀξιόλογος@anans- τις@rpans ἔχω@vppagnp σοφία@ngfsc μόριον@ngnpc οὐ@b δέ@cs ὁ@dgns συμ@ φέρω@vppagms οὔτε@cs ὁ@dgns ἴδιος@angns- οὐ@b τε@cs ὁ@dgns κοινός@angns- συνετός@vpranns ὁ@dnms πολύς@annms- οὐ@b δέ@cs ἔθος@ngnpc φαῦλος@angnp- καί@cs ἀστεῖος@angnp- κρίσις@nafsc ποι@b εἴω@vnpe-- δύναμαι@vppenms πρός@p τε@b οὗτος@rpdnp πολύς@anans- ὁ@dnns ἀσελγής@annns- καί@cs ἀκρασία@ngfsc μετέχω@viia3p ἐν@p ὁ@ddmp πολύς@andmp- διά@p ὅς@rpans οὐ@b δέ@cs φοβη@nnfsc δοτέος@annns- μήποτε@b οὐ@b εἰμί@vspa3p ὁ@dnmp ῥώομαι@vpfmnmp ὁ@danp ζῷον@nanpc"
"abstin._1.53","πάν@annns- ὁ@dgmp μέν@x γάρ@x φρονέω@vpaagmp ὁ@danp ἄριστος@ananp- οὐδείς@annfs- χρεία@nnfsc ὀρνιθευτικός@ngfsc ἰξευτής@ngmpc ἁλιέυς@ngmpc συβώτης@ngmpc αὐτός@annnp- δέ@b αὐτός@annnp- διοικέω@vppannp ὁ@dnnp ζῷον@nnnpc καί@cs μή@b ἔχω@vppannp ὁ@dams ἐπιμελέομαι@anams- μένω@vppeams καί@cs ἐφίστημι@vpraams ταχύς@b φθείρω@vipe3s καί@cs δαπανάω@annnp- ται@vire3s πρός@p ὁ@dgmp ἐπιτίθημι@vppegnp καί@cs ὁ@dans πλῆθος@nansc ἀναλίσκω@vppanns ὁ@rpgnp ὥσπερ@cs ἐπί@p μυρίος@angnp- ὅς@angnp- οὐ@b γεύω@vipe3p ἄνθρωπος@nnmpc ζῷον@ngnpc συμβαίνω@vira3s μένω@vppagfs δέ@b ὁ@dgfs κατά@p ἄνθρωπος@nampc ποικίλος@angfs- καί@cs παντοῖος@angfs- ἀφροσύνη@ngfsc εἰμί@vifm3p μυρίος@annmp- καί@cs οἴ@annmp- οὗτος@rpanp λαιμαργέω@vpfanmp τηρέω@vnpa-- τε@b χρή@vipa3s ὁ@dafs ὑγεία@nafsc οὐ@b φόβος@ndmsc θάνατος@ngmsc ἀλλά@cs ἕνεκα@p ὁ@dgns μή@b ἐμποδίζω@vnpe-- πρός@p ὁ@danp ἀγαθός@ananp- ὁ@danp ἐκ@p ὁ@dgfs θεωρία@ngfsc διατηρητικός@annns- δέ@b αὐτός@rpgfs μάλιστα@b μέν@b ὁ@dnfs ὁ@dgfs ψυχή@ngfsc ἀτάραχος@annfs- κατάστασις@nnfsc καί@cs ὁ@dnfs πρός@p ὁ@dans ὄντως@b εἰμί@vppaans διάθεσις@nnfsc ὁ@dgfs διάνοια@ngfsc πολύς@anans- γάρ@b ὁ@dans ἄχρι@p σῶμα@ngnsc ἐντεῦθεν@b ἀφικνέομαι@vppeans ὡς@cs πεῖρα@ndfsc ἐπιδείκνυμι@viaa3p ἐγώ@rpgcp ἑταῖρος@nnmpc καί@cs ἀρθρῖτις@nafsc νόσος@nafsc περί@p τε@b πούς@nampc καί@cs χείρ@nafpc τοσοῦτος@rpafs εἰμί@vppaafs ὡς@cs ὅλος@angnp- ὀκτώ@ ἔτος@ngnpc φέρω@vnpe-- βαστάζω@vppeamp ἀποκρούω@vnaa-- ἅμα@p ὁ@ddfs ἔκστασις@ndfsc ὁ@dgnp χρῆμα@ngnpc καί@cs πρός@p ὁ@dans θεῖος1@anans- ἐπιβλέπω@vnpa-- -@ngnsc ψεκάζω@ndnsc συντίθημι@viam3p γοῦν@b ἅμα@b ὁ@ddnp χρῆμα@ndnpc καί@cs ὁ@ddfp φροντίς@ndfpc καί@cs ὁ@dafs νόσος@nafsc ὁ@dgns σῶμα@ngnsc ὥστε@cs πολύς@anans- πρός@p ὑγίεια@nafsc καί@b ὁ@dans πᾶς@anans- ἐκ@p ὁ@dgfs ποιός@vpregfs ψυχή@ngfsc καθίστημι@ngfsc -@ngfsc σις@ngfsc εἰς@p ὁ@dans σῶμα@nansc κάτειμι@vipa3p συμβάλλω@vipe3s δέ@b ὡς@b ἐπί@p πλεῖστος@anans- ὁ@dnfs ὁ@dgfs τροφή@ngfsc ἐλάττωσις@nnfsc καθόλου@b δέ@b ὀρθός@b ὁ@dnms ἐπίκουρος@nnmsp φάσκω@viia3s εὐλαβητέον@anans- εἰμί@vnpa-- τρο@nansc φημί@nafsc ὅς@rpafs ἀπολαύω@vnaa-- μέν@b ποθέω@vipa1p καί@cs διώκω@vipa1p συντελέω@vpapafs δέ@cs ἐν@p ἀχάριστος@andns- τίθημι@viia1p τοιοῦτος@rpnfs δέ@b πᾶς@annfs- ὁ@dnfs δαψιλής@annfs- καί@cs παχύς@annfs- καί@b οὗτος@rpans πάσχω@vipa3p ὁ@dnmp περί@p οὗτος@rpafs πτοέω@vprenmp ἤ1@cs ἀνάλωμα@ndnpc ἤ1@cs νόσος@ndfpc ἤ1@cs πλησμονή@ndfsc ἤ1@cs ἀσχολία@ndfpc περιπίπτω@vppanmp"
"abstin._1.54","διά@b καί@b ἐπί@p ὁ@dgfp λιτή@ngfpc φυλακτέος@annns- ὁ@dans πλήσιος@anans- καί@cs πανταχοῦ@b σκεπτέος@annns- τίς@rpnns διά@p ὁ@dgfs ἀπόλαυσις@ngfsc ἤ1@cs κτῆσις@ngfsc γίγνομαι@vipe3s καί@cs πηλίκος@anans- ἔχω@vipa3s μέγεθος@nansc καί@cs τις@rpgns ὀχληρός@angns- λυτικός@anans- σάρξ@ngfsc ἤ1@cs ψυχή@ngfsc μη@b δέ@cs διά@p χάρις@nafsc ὁ@dnfs περί@p ἑκάς@ananp- ἕκαστος@nvfsc ἔντασις@nnfsc γίγνομαι@vipe3s ὥσπερ@cs ὁτῶς@b βίος@nnmsc κύω@vire3s ἀοριστέω@vnpa-- γάρ@b οὐδαμοῦ@b δεῖ@vipa3s ἀλλά@cs ἔχω@vnpe-- ὅρος@ngmsc καί@cs μέτρον@ngnsc ὁ@dgns ἐν@p ὁ@ddnp τοιοῦτος@rpdnp καί@cs λογίζομαι@vnpe-- -@cs αι@vnpe-- ὡς@cs ὁ@dnms φοβέω@vppenms ἔμψυχος@ngnpc ἀποχή@nafsc εἴπερ@cs διά@p ἡδονή@nafsc ἅπτω@vipe3s κρεοφαγία@ngfsc ὁ@dams θάνατος@namsc φοβέω@vipe3s εὐθύς2@b γάρ@b ὁ@ddfs στερέω@ndfsc ὁ@dgfp βρῶμα@ngfpc συνάπτω@vipa3s ἀορί@ndmsc ἕκαστος@ngnsc τις@angns- δεινός@angns- παρουσία@nafsc ἐκ@p ὅς@rpgfs ὁ@dnms θάνατος@nnmsc παρά@p δέ@b ὁ@dafp τοιοῦτος@anafp- καί@cs ὁ@dafp ὁμογενής@anafp- αἰτία@nafpc καί@b ὁ@dnfs ὁ@dgns ζάω@vnpa-- ἄπληστος@annfs- ὄρεξις@nnfsc γίγνομαι@vipe3s καί@b πλοῦτος@ngmpc καί@b χρή@ngnpc -@ngnpc μάτων@ngnpc καί@cs δόξα@ngfsc ὁ@dgns συναυξάνω@vnfa-- τε@b νομίζω@vnpa-- ὁ@dans πᾶς@anans- ἀγαθός@anans- σύν@p αὐτός@rpdnp διά@p ὁ@dgms πλείων@ang-sc χρόνος@ngmsc καί@cs ὁ@dans κατά@p ὁ@dams θάνατος@namsc δεινός@anans- ὡς@cs ἀπέραντος@anans- φ@annns- βαίνω@vnpe-- ἡδονή@nnfsc δέ@b ὁ@dnfs διά@p πολυτέλεια@ngfsc οὐ@b δέ@b ἐγγύς@b τείνω@vipa3s ὁ@dgfs διά@p αὐταρκεία@ngfsc ὁ@ddms πειράω@vpamdms γίγνομαι@vppegfs νης@ngfsc πολύς@anans- γάρ@b ὁ@dnns ἡδύς@annns- ἐν@p ὁ@ddns κατανοέω@vnpa-- ὅσος@angnp- αὐτός@rpnms χρεία@nafsc ἔχω@vipa3s αἴρω@vpapgfs γάρ@b πολυτέλεια@ngfsc αἴρω@vpapgfs δέ@cs ὁ@dgfs περί@p ὁ@danp ἀφροδίσιος@ananp- πτοία@ngfsc τις@rpncs ἔξω@b φιλοτιμία@nnfsc τις@rpncs λοιπός@anans- χρεία@nnfsc πλοῦτος@ngmsc ἀργός2@angms- εἰς@p μηδείς@rpans ἐγώ@rpdcp χρησι@vipa3s μεύω@vppagms ἀλλά@cs μόνος@anans- βαρύνω@vpfagms ὡς@cs ὁ@dnns πληρόω@vipa1s αι@vnpe-- γίγνομαι@vipe3s καί@b ὁ@dnfs ἐκ@p ὁ@dgms τοιοῦτος@rpgms κόρος@ngmsc ἡδονή@nnfsc ἀκραιφνής@annfs- δεῖ@vipa3s δέ@b καί@cs ὁ@dans σῶμα@nansc ἀπεθίζω@vnpa-- ὡς@cs οἷος@rpnns τε@b ὁ@dgfs ὁ@dgms κόρος@ngmsc ἡδονή@ngfsc οὐ@b ὁ@dgfs κατά@p ὁ@dafs πενία@nafsc πλή@b σμονή@ngfsc καί@cs γεύω@vnpe-- ἵνα@cs διά@p πᾶς@angnp- διέρχομαι@vsaa3s καί@cs ὅρος@namsc τίθημι@vnaa-- ὁ@dans ἀναγκαῖος@anans- ἤ1@cs ὁ@dans ἀόριστος@anans- οὕτως@b γάρ@b καί@b οὗτος@rpdns λαμβάνω@vnra-- ὁ@dans ἐνδέχομαι@vppeans ἀγαθός@anans- ἐνίημι@viia3s σται@vmpa2s διά@p ὁ@dgfs αὐταρκεία@ngfsc καί@cs ὁμοίωσις@ngfsc ὁ@dgms θεός@ngmsc οὕτως@b οὐ@b δέ@cs αὐτός@rpans ἐπί@p πλέος@anans- ποθέω@vifa3s οὐ@b δέ@cs ὁ@dams χρόνος@namsc ὡς@b προστίθημι@vpfaams αὐτός@rpdms μέγας@anansc ἀγαθός@anans- οὕτως@b δέ@b αὖ@b ἀληχθινός@b πλουτέω@vifa3s ὁ@ddms φυσικός@andms- ὅρος@ndmsc ὁ@dams πλοῦτος1@namsc μετρέω@vppanms οὐ@b δοκέω@ndfpc κενός@ndfpc οὕτως@b οὐ@b ἐπί@p ἐλπίς@ndfpc κρε@viia3s μήδομαι@vifm3s μέγας@angfss ἡδονή@ngfsc πίστις@nafsc οὐ@b ἔχω@vppagfs ὁ@dgns γε@b γίγνομαι@vnpe-- θορυβώδης@annfss γάρ@x οὗτος@annfs- ἀλλά@cs ἐν@p ἀτάρ@rpdns κεία@ndfsc ὁ@dgns πάρειμι1@vppagns καί@cs γίγνομαι@vpragms ἤδη@b μένω@vmpa2s οὐ@b δέ@cs ἀγωνιάω@vifa3s μή@b ὁ@dams πλείων@anamsc χρόνος@namsc παραμένω@vnpa--"
"abstin._1.55","πρός@p δέ@b οὗτος@rpdnp πῶς@b οὐ@b ἄτοπος@annns- πρός@p ζεύς@ngmsp ὁ@dams μέν@b κακός@annns- πάσχω@vpaaams ἤ1@cs ἐν@p περίστασις@ndfsc εἰμί@vppaams ἰσχυρός@andfs- ὁ@dgmp ἔξωθεν@b ἤ1@cs ἐν@p δεσμός@ndmpc λαμβάνω@vpreams ἔννοια@nafsc ἔχω@vnpa-- τροφή@ngfsc οὐ@b δέ@cs πόθεν@b πορίζω@vifp3s φροντίζω@vnpa-- ἀλλά@cs καί@b παρατίθημι@viia3s μένω@vppegfs παραιτέομαι@vnpe-- ὁ@dafs ἀναγκαῖος@nafsc ὁ@dams δέ@b ὄντως@b δέσμιος@namsc κατατείνω@vppeams ὁ@ddfp ἔνδον@b κακοπάθεια@ndfpc ζητέω@vnpa-- ἔδεσμα@ngnpc παρασκευή@nafsc ποικιλία@ngfsc φροντίζω@vnpa-- διά@p ὅς@rpafs ὁ@dams δεσμός@namsc παχύνω@vipa3s καί@b πῶς@b οὗτος@rpanp ἀνήρ@ngmpc εἰμί@viia3s γιγνώσκω@vpragmp ὅς@rpanp πάσχω@vira3p οὐ@b φιληδέω@vppagmp ὅς@rpdnp πάσχω@vira3p καί@cs ἐν@p ὅς@rpdmp εἰμί@vipa3p οὐ@b οἶδα@vpragmp ὅς@rpdmp ἀντί@p στροφος@namsc ὁ@dnns πάθος@nnnsc ἤ1@cs ὁ@ddmp οἶδα@vpradmp δεσμώτης@ndmpc ὁ@dafs ἑαυτοῦ@anafs- ὁ@dgnp συμφορά@nafsc γίγνομαι@vipe3s ὁ@ddms γάρ@x ὑπάρχω@vppadms βίος@ndmsc ἀχα@b -@x ριστέω@vppanmp καί@cs ταραχή@ngfsc ἄπλατος@angfs- γέμω@vppanmp ὁ@dgns ἄπειμι@vppanns -@angms- τος@ εἰς@p πλήρωσις@nafsc ἐφίημι@vipe3p οὐδείς@rpnms γάρ@b ἀπό@p ὁ@dgns πᾶς@ananp- αὐτός@rpdms εὔλυτος@ananp- εἰμί@vnpa-- ὁ@danp κατά@p ὁ@damp θόρυβος@nampc ἔρχομαι@vipe3s ἐπί@p τράπεζα@ngmpc καί@cs κλίνη@ngfpc ἀργύρεος@angfp- ὄρεξις@nafpc καί@b μύ@ngmpc -@ngmpc ρων@ngmpc καί@b μάγειρος@ngmpc καί@b σκεῦος@ngnpc καί@b ἐσθής@ngfpc καί@cs δέω@ngnpc πνοι@ngnpc ἐπί@p πᾶς@anans- πλῆθος@nansc καί@b ποικιλία@ngfsc καί@cs πολυτέλεια@ngfsc ἄνθρωπος@ngmpc ἥκω@vppagmp ἀλλά@cs ἀπό@p ἀχρηστία@ngfsc πᾶς@andms- ὁ@ddms ὑπάρχω@vppadms βίος@ndmsc καί@b ἀγαθός@angnp- ἀόριστος@angfs- γένεσις@ngfsc καί@cs ταραχή@ngfsc ἄπλατος@angfs- ὥστε@b ὁ@dnmp μέν@b οὐ@b μιμνῄσκω@vire3p ὁ@ddns ὁ@dans πάρειμι1@vppaans ἀποκρούω@vnpa-- ὁ@dnmp δέ@cs ὁ@dans μή@b πάρειμι1@vppaans ζητέω@vipa3p ὁ@ddns ἀχαριστέω@vnpa-- ὁ@ddns πάρειμι1@vppadns"
"abstin._1.56","ἑκάτερος@b δέ@b ὁ@dnms θεωρητικός@annms- ὁ@dgms λιτός@ngmsc ὁ@dgfs δίαιτα@ngfsc ἀντέχω@vifm3s καί@cs γάρ@x οἶδα@vira3s ἐν@p ὅς@rpdmp εἰμί@vipa3s δεσμός@ndmpc ὥστε@b πολυτέλεια@nafpc ὀρέγω@vnpe-- οὐ@b δύναμαι@vipe3s καί@cs ὁ@dans λιτός@anans- ἀγαπάω@vppanms οὐ@b ζήτησις@vifa3s ἔμψυχος@angfp- βρῶσις@nafpc ὡς@b οὐ@b ἀρκέω@vppenms ὁ@ddfs ὁ@dgnp ἄψυχος@angnp- εἰ@cs δέ@b καί@b μή@b τοιοῦτος@annfs- εἰμί@viia3s ὁ@dnfs ὁ@dgns σῶμα@ngnsc φύσις@nnfsc ἐπί@p ὁ@dgms φιλόσοφος@ngmsc καί@cs οὕτως@b εὐάγωγος@annfs- καί@cs διά@p ὁ@dgmp τυ@ ἔχω@vppagmp εὐίατος@annfs- δεῖ@viia3s δέ@b καί@b ἀλγηδών@nafpc ὑπομένω@vnpa-- ἕνεκα@p ὁ@dgfs ἀληθινός@angfs- σωτηρία@ngfsc ἆρα@b οὐ@b ἄν@b ὑπομένω@viaa1s μεν@vipa1p οὐ@b γάρ@b δή@b νόσημα@ngnsc στέρομαι@vnpe-- δεῖ@vipa3s ὅπου@b σπέος@viie2s δατέομαι@vppanmp πᾶς@ananp- ὑπομένω@vipa1p τέμνω@vppenmp φοῖνιξ@ngmsc μένω@annmp- καίω@vppenmp πικρός@ananp- φάρμακον@nanpc πίνω@vppanmp καθαιρέω@an---- μένω@annmp- διά@p γαστήρ@ngfsc διά@p ἔμετος@angmp- διά@p ῥίς@ngfpc μισθός@nampc τε@b προσαναλίσκω@vppanmp ὁ@ddmp οὗτος@rpanp ἐγώ@rpacp διατίθημι@vppadmp οὐ@b δέ@cs ὁ@dgns ἔνδον@b χάρις@p νόσημα@ngnsc ὡς@cs ἄν@b ὁ@dams ὑπέρ@p ἀθανασία@ngfsc ἀγών@namsc ἀθλέω@vppanmp καί@cs θεός@ngmsc συνουσία@ngfsc ὅς@rpafs κωλύω@vipe1p διά@p ὁ@dafs ὁ@dgns σῶμα@ngnsc συνουσία@nafsc πᾶς@anams- ὑπομένω@vifa1p εὔλοφος@b εἰ@cs καί@b μετά@p ἀλγηδών@ngnpc ποιέω@vnpe-- ὁ@dafp ὑπομονή@nafpc χρή@viia3s καί@cs οὐ@b δήπου@b ὁ@ddmp νόος@ndmpc μοι@ndmpc ὁ@dgns σῶμα@ngnsc ἕπομαι@vnpe-- βίαιος@andmp- εἰμί@vppadmp καί@cs ἀντικειμέω@annmp- νοι@andmp- ὁ@ddmp ὁ@dgms νόος@ngmsc νόμος@ndmpc πού@rpdms ὁ@ddfp ὁδός@ndfpc ὁ@ddfp σωτήριος@andfp- ὑπομένω@vipa1p ὅπου@b δέ@b νῦν@b οὐ@b δέ@x περί@p ἀλγηδών@ngnpc ὑπό@p μονή@ngfsc φιλοσοφέω@vipa1p ἀλλά@cs περί@p ἡδονή@ngfpc οὐ@b ἀναγιγνώσκω@vpaaans καίω@angnp- ἀποβολή@ngfsc τις@rpncs λοιπός@anans- ἀπολογία@nnfsc ὁ@ddmp ἀπαναίνομαι@vppadmp μεγαλοφρονέω@vnpa-- πρός@p ὁ@dafs αὐτός@rpgmp ἀκρασία@nafsc βούλομαι@vppedmp"
"abstin._1.57","εἰ@cs γάρ@b δεῖ@vipa3s μηδείς@rpans ὑποστέλλω@vppeams μετά@p παρρησία@ngfsc εἰ@cs πεῖν@vnpa-- οὐ@b εἰμί@vipa3s ἄλλως@b τυγχάνω@vnaa-- ὁ@dgns τέλος@ngnsc ἤ1@cs προσηλόω@vipa1s τίθημι@vpaaams μέν@b εἰ@cs χρή@vipa3s φημί@vnpa-- ὁ@ddms θεός@ndmsc ἀφηλόω@vpapams δέ@b καί@cs σῶμα@ngnsc καί@cs ὁ@dgfp διά@p οὗτος@rpgns ὁ@dgfs ψυχή@ngfsc ἡδυπταθής@ngfpc διά@p ἔργον@ngnpc ἐγώ@rpdcp ὁ@dgfs σωτηρία@ngfsc οὐ@b διά@p ἀκρόασις@ngfsc λόω@rpgfs -@ngfsc γ@ngmpc ψιλός@angfs- γίγνομαι@vppegfs θεός@ndmsc δέ@b οὐ@b δέ@cs ὁ@dgnp μερικός@angnp- τις@rpdns οὐ@b ὅτι@cs ὁ@ddms ἐπί@p πᾶς@andnp- καί@cs ὑπέρ@p ὁ@dafs ἀσώματος@anafs- φύσις@nafsc ἁπλόος@b μετά@p ὁποῖος@angfs- οὖν@b δίαιτα@ngfsc καί@cs ὅλος@b σαρκοφα@annnp- -@angfs- γίας@ngfsc ἐνεἰμί@viia3s οἰκειόω@vnpe-- ἀλλά@cs ἁγνεία@andfp- παντοῖος@andfp- καί@cs ψυχή@ngfsc καί@cs σῶμα@ngnsc μόλις@b καταξιόω@vnpe-- ὁ@dgfs ἐκεῖνος@rpgns ἐπαίσθησις@ngfsc φύω@vpaadms τε@cs καλός@b καί@cs ζάω@vppadms ὅσιος@b καί@cs καθαρός@b ὥστε@cs ὅσος@andns- ὁ@dnms πᾶς@angmp- πατήρ@nnmsc ἀπαθής@annmsc καί@b καθαρός@annmsc καί@cs αὐτάρκης@annmss ἅτε@b πρόσω@b ὑλι@n---c κῆς@ngfsc ἔμφασις@ngfsc ἱδρύω@vprenms τόσος@andns- ὁ@dams πρόσειμι@vppaams αὐτός@rpdms παντοῖος@b καθαρός@anams- τε@b καί@cs ἁγνός@anams- εἰμί@vnpa-- προσήκω@vipa3s ἀρ@b χέω@vppeams ἀπό@p ὁ@dgns σῶμα@ngnsc καί@cs τελευτάω@vppaams εἰς@p ὁ@dans εἴσω@b κατά@p ἕκαστος@anans- ὁ@dgnp μέρος@ngnpc ἤ1@cs ὅλος@b ὁ@dgnp πρόσειμι1@vppagnp ὁ@dafs κατά@p φύσις@nafsc ἕκαστος@andms- ἁγνεία@anafs- ἀπονέμω@vppaams ἀλλά@b ἴσως@b πρός@p μέν@b οὗτος@rpanp οὐδείς@rpnms ἄν@b ἀντιλέγω@voaa3s ἀπορέω@voaa3s δέ@cs ἄν@b πῶς@b ἐν@p ἁγνεία@ndfsc τίθημι@viia1p ὁ@dafs ἀποχή@nafsc καίτοι@b ἐν@p ὁ@ddfp θυσία@ndfpc μηλοσφαγέω@vppanmp τε@b καί@b βουθυτέω@vppanmp ἁγνός@anafs- τε@cs οὗτος@anafs- νομίζω@vppanmp ὁ@dafs ἱερουργία@nafsc καί@b θεός@ndmpc χαι@b ρίζω@vpreafs διά@p ὅς@rpans μακρός@angms- δέω2@vppegmp λόγος@ngmsc πρός@p ὁ@dafs οὗτος@rpgnp διάλυσις@nafsc ἀπό@p ἄλλος@angfs- ἀρχή@ngfsc ὁ@danp περί@p ὁ@dgmp θύ@ngmpc -@ngmpc σία@ngfpc διαληπτέον@annns-"
"abstin._2.1","ὁ@dgnp περί@p λιτότης@ngfsc καί@cs ἁγνεία@ngfsc ζήτημα@ngnpc ἔχω@viie2s μένω@annmp- εἰς@p ὁ@dams περί@p ὁ@dgfp θυσία@ngfpc ὦ@i καστρίκιος@nvmsp λόγος@namsc ἀφικνέομαι@viam1p δυσδιαίτητος@anams- τε@b ὁμοῦ@b καί@cs πολύς@angfs- ἐξηγέομαι@ngfsc -@ngfsc σις@ngfsc δέω@vppeams εἰ@cs μέλλω@vopa1p ἀληθής@b τε@b ἅμα@b καί@cs ὁ@ddmp θεός@ndmpc εὐάρεστος@b ὁ@dafs περί@p αὐτός@rpgns κρίσις@nafsc διατίθημι@vnfa-- διά@p ὅς@rpans εἰς@p ἴδιος@anans- σκέμμα@nansc ὁ@dams τόπος@namsc ὑπερβάλλω@vppenmp νῦν@b ὁ@danp φαίνω@vppeanp ἐγώ@rpdmp καί@cs ὅσος@ananp- δυνατός@annns- ἐξαγορεύω@vnpa-- λέγω@vifa1p ὁ@dans παροράω@vppeans πρότερος@anans- εἰς@p ὁ@dafs ἐκ@p ἀρχή@ngfsc πρόκειμαι@vpreafs ὑπόθεσις@nafsc ἄγχω@vpaanmp"
"abstin._2.2","πρῶτος@anans- μέν@b γάρ@b οὐ@b φημί@vipa1p εἰμί@vnpa-- ἀκόλουθος@anans- ὁ@ddns ἀναιρέω@vnpa-- ὁ@danp ζῷον@nanpc ὁ@dans δεῖ@vnpa-- ἐκ@p ἀνάγκη@ngfsc αὐτός@rpanp καί@cs ἐσθίω@vnpa-- οὐ@b δέ@cs ὁ@dnms ὁ@dans ἕτερος@anans- δίδωμι@vppanms λέγω3@vipa1s δέ@b ὁ@dans σφάζω@vnpa-- τίθημι@vipa3s πάντως@b καί@b ὁ@dans ἐσθίω@vnpa-- αὐτίκα@b πολέμιος@nampc μέν@b ἐπέρχομαι@viia3p ὁ@rpamp ὁ@dnmp νόμος@nnmpc ἀμύνω@vnpe-- συγχωρέω@viaa3p ἐσθίω@vnpa-- δέ@cs οὐ@b ὁ@damp οὐκέτι@b εἰμί@vnpa-- κατά@p ἄνθρωπος@namsc δοκέω@vire3s δεύτερος@anans- οὐ@b εἰ@cs δαίμων@ndmpc ἤ1@b θεός@ndmpc ἤ1@cs τις@andfp- δύναμις@ndfpc θύω1@vnaa-- τις@rpans ὁ@dgnp ἔμψυχος@angnp- προσήκω@vipa3s διά@p τις@anafp- αἰτία@nafpc εἰ@cs τε@b γιγνώσκω@viaa3s ἵστημι@vpaanms εἰ@cs τε@cs καί@b ἄγνωστος@anamp- ἄνθρωπος@ndmpc διά@p οὗτος@rpans πατήρ@p θοινάω@vnpe-- ἐκ@p ἀνάγκη@ngfsc δεῖ@vipa3s ὁ@danp ζῷον@nanpc δείκνυμι@vifp3s γάρ@b ἄνθρωπος@nnmsc παραλαμβάνω@vppenms ἐν@p θῦμα@ndnpc καί@b ζῷον@nanpc ὅς@rpgnp οὐ@b ἄν@b τις@rpnms οὐ@b δέ@b ὁ@dgmp ἔθω@vpragmp σαρκοφαγέω@vnaa-- ἄνθρωπος@ngmpc πούς@rpgnp ὑπομένω@voaa3s ἄν@b γεύω@vnam-- καί@b μήν@b ἐπί@p ὁ@dgns φ@angns- νεύω@vnpa-- ζῷον@nanpc ὁ@dans αὐτός@rpans παροράω@vipe3s πλημμέλημα@nansc οὐ@b γάρ@b εἰ@cs τις@rpanp δεῖ@vipa3s καί@b πᾶς@ananp- ὡς@cs οὐ@b δέ@cs εἰ@cs ὁ@dnnp ἄλογος@annnp- ζῷον@nnnpc πάν@b -@b πως@b καί@b ἄνθρωπος@nampc"
"abstin._2.3","ὅς@rpnfs τε@b ἀποχή@nnfsc ὁ@dgnp ἔμψυχος@angnp- καθά@cs πέρ@b καί@b ἐν@p ὁ@ddms πρῶτος@andms- λέγω3@viia1p οὐ@b ἁπλόος@b πᾶς@andmp- ἐν@p ἄνθρωπος@ndmpc παραγγέλλω@vipe3s ἀλλά@cs ὁ@ddmp φιλόσοφος@ndmpc καί@cs οὗτος@rpgmp μᾶλλον@b ὁ@ddmp ἐκ@p ὁ@dgms θεός@ngmsc καί@cs ὁ@dgfs οὗτος@rpgms μι@angfs- μήνυσις@ngfsc ὁ@dafs σφεῖς@rpgmp εὐδαιμονία@nafsc ἀνάψαμις@vpaadmp οὐ@b δέ@cs γάρ@b ἐν@p ὁ@ddms πόλις@ngfsc βίος@ndmsc ὁ@danp αὐτός@ananp- ὁ@dnmp νομοθέτης@nnmpc ὁ@ddmp τε@b ἴδιος@ndfsc ὁ@rpdfp καί@cs ὁ@ddmp ἱερεύς@ndmpc ἀφορίζω@viam3p πρακτέος@ananp- ἀλλά@cs εἰμί@vipa3s ἐν@p ὅς@rpdnp συγχωρέω@vpaanmp ὁ@ddmp πολύς@andmp- ὁ@danp κατά@p ὁ@dafs τροφή@nafsc καί@cs ὁ@dams ἄλλος@anams- βίος@namsc ὁ@damp ἱερεύς@nampc χράω@vnpe-- ὁ@ddnp αὐτός@rpdnp διακωλύω@viaa3p θάνατος@namsc ἤ1@cs ζημία@nafpc μέγας@anafp- τίθημι@vpaanns τε@vpaanmp ὁ@danp ἐπιτίμιον@ananp-"
"abstin._2.4","μή@b συγχέω@vppegmp ἄρα@b οὗτος@rpgnp ἀλλά@cs ’@cs ὅς@anams- προσήκω@vipa3s τρόπος@namsc διακρίνω@vppegmp ὁ@dnnp πλεῖστος@annnp- ὁ@dgnp ἀντιλέγω@vppegnp εὑρίσκω@vipe3s μάταιος@annnp- ὁ@danp γάρ@b πλεῖστος@ananp- ἤ1@cs ὅτι@cs φονεύω@vnpa-- δεῖ@viia3s διά@p ὁ@dafp βλάβη@nafpc ὁ@dafp ἀπό@p αὐτός@rpgfp μη@b νύω@vpaaams καί@cs ὁ@dans ὅτι@cs ἐσθίω@vnpa-- ὡς@b ἀκόλουθος@anans- λαμβάνω@vipa3s ἤ1@cs ὅτι@cs ἐν@p ὁ@ddfp θυσία@ndfpc καί@b ζῷον@nnnpc παραλαμβάνω@viap3s συλλογίζομαι@vmpa2s ται@vire3s ὡς@cs καί@b ἄνθρωπος@ndmpc ἄρα@b βρωτέος@annns- οὗτος@rpnnp καί@cs πάλιν@b εἰ@cs τις@rpams διά@p ὁ@dans ἄγριος@nansc ἀναιρετέος@annns- ἀξιόω@vipa3p ὡς@cs ἀκόρητο@b λουθος@anans- ὁ@dans δεῖ@vnpa-- φονεύω@vnpa-- καί@cs ὁ@danp ἥμερος@nanpc καί@cs εἰ@cs τις@rpdmp βρωτέος@annns- οἷος@rpans ἀθλητής@ndmpc καί@cs στρατιώτης@ndmpc καί@cs ὁ@ddmp διά@p σῶμα@ngnsc ὁ@dafs ἐργασία@nafsc ποιέω@vppedmp ὅτι@cs καί@b φιλοσό@anams- φῖς@ndmpc καί@b εἰ@cs τις@rpdmp οὗτος@rpgmp καί@b πᾶς@andmp- πᾶς@angfp- ὁ@dgfp ἀκοή@angfp- -@nnfsc λουθαῖος@ngfpc οὗτος@rpgfp μοχθηρός@angfp- τε@b εἰμί@vppagfp καί@cs οὐδείς@anafs- ἀνάγκη@nafsc ὁ@dgfs θέσις@ngfsc παρίστημι@vnaa-- δύναμαι@vppegfp καί@cs ὅτι@cs μέν@b πᾶς@annfp- μοχθηρός@annfp- ἐναργής@b αὐτόθεν@b ὁ@ddmp μή@b ἐρι@ndfsc -@andmp- στικός@andmp- προσπίτνω@vipa3s ἐγώ@rpnmp μέντοι@b ὁ@dafp μέν@b ἤδη@b εὐθύς@b -@ νεικέω@vppanmp ὁ@dafp δέ@cs πρόειμι1@vppagms ὁ@dgms λόγος@ngmsc ἐλέγχω@vnfa-- μέλλω@vppanmp τε@vppanmp νῦν@b ὁ@dans περί@p ὁ@dgfp θυσία@ngfpc σκέμμα@nansc διευκρινέω@vifa1p ὁ@dafp τε@b ἀρχή@nafpc ὅθεν@b γίγνομαι@vira3p ἀφηγέομαι@vppenmp καί@cs τις@rpnfp καί@cs ποῖος@annfp- εἰμί@viia3p ὁ@dnfp πρῶτος@annfp- πῶς@b τε@cs μεταβράσσω@viia3p καί@cs ποτέ@b καί@cs εἰ@cs πᾶς@annnp- θυτέος@annns- ὁ@ddms φιλόσοφος@ndmsc τις@rpdcp τε@cs θύ@nnfpc -@ndfsc σιά@nnfpc ὁ@dnfp διά@p ὁ@dgnp ζῷον@ngnpc γίγνομαι@vipe3p καί@cs ὅλος@b πᾶς@anans- ὁ@dans πα@ παράκειμαι@vppeans ὁ@danp μέν@b αὐτός@rpnmp ἐξευρίσκω@vppanmp ὁ@danp δέ@b παρά@p ὁ@dgmp παλαιός@angmp- λαμβάνω@vppanmp ἀναγράφω@vifa1p ὁ@dgms συμμί@angns- -@angns- τρῳα@ngmsc καί@cs οἰκεῖος@angns- ὁ@ddfs ὑπόθεσις@ndfsc στοχάζομαι@vppenmp κατά@p δύο@ ναμις@nafsc ἔχω@vipa3s δέ@b οὕτως@b"
"abstin._2.5","ἀνάριθμος@annms- μέν@b τις@rpnms ἔοικα@vira3s εἰμί@vnpa-- χρόνος@nnmsc ἀπό@p ὅς@rpgns ὁ@anans- γε@b πᾶς@angnp- λόγιος@ananss γένος@nansc ὡς@cs φημί@vipa3s θεόφραστος@nnmsp καί@cs ὁ@dafs ἱερός@anafss ὑπό@p ὁ@dgms νεῖλος@ngmsp κτίζω@vpapafs χώρα@nafsc κατοικέω@vnpa-- ἄρχω@viam3s πρῶτος@anans- ἁφοʼ@ananp- ἑστία@ngfsp ὁ@ddmp οὐράνιος@andmp- θεός@ndmpc θύω@vnpa-- οὐ@b σμύρνα@ngfsc οὐ@b δέ@cs κάσιος@angfs- καί@cs λιβανωτός@ngmsc κρόκος@ndmsc μίγνυμι@vpapgnp ἀπαρχή@nafpc πολύς@andfp- γάρ@b γενεά@ndfpc ὕστερος@anans- παραλαμβάνω@viap3s οὗτος@rpnnp καί@cs πλάνη@nnmsc καί@cs μαστήρ@nnmsc ὁ@dnms ἄνθρωπος@nnmsc γίγνομαι@vppenms ὁ@dgfs ἀναγκαῖος@angfs- ζωή@ngfsc μετά@p πολύς@anams- λείπω@ngmpc πόνος@ngmpc καί@cs δάκρυον@ngnpc σταγών@nafpc οὗτος@angfp- ἀπάρχομαι@viam3s ὁ@ddmp θεός@ndmpc οὐ@b οὗτος@rpgfp οὖν@b θύω1@viia3p πρότερος@anans- ἀλλά@cs χλόη@ngfsc οἶος@b τις@rpanp ὁ@dgfs γονίμος@angfs- φύσις@ngfsc χνοῦς@vnpa-- ὁ@ddfp χείρ@ndfpc ἀράομαι@vppenmp δένδρον@nanpc μέν@b γάρ@b δή@b πρό@p ζῷον@ngnpc ἀνά@viaa3s δίδωμι@viaa3s ὁ@dnfs γῆ@nnfsc ὁ@dgnp δένδρον@ngnpc δέ@cs πολύς@anans- πρόσθεν@b ὁ@dafs ἐπί@p τειος@anams- γεννάω@vpreafs πόα@nafsc ὅς@rpgfs δρέπω@vppenmp φύλλον@nanpc καί@cs ῥίς@n---c ζας@nafpc καί@cs ὁ@damp ὅλος@anamp- ὁ@dgfs φύσις@ngfsc αὐτός@rpgmp βλαστός@nampc κατά@viaa3p καίω@viia3p οὗτος@b ὁ@damp φαίνω@vppeamp οὐράνιος@anamp- θεός@nampc ὁ@ddfs θυσία@nanpc δεξιόομαι@vppenmp καί@cs διά@p ὁ@dgns πῦρ@ngnsc ἀποθανατίζω@viia3p τε@vpaanmp αὐτός@rpdmp ὁ@dafp τιμή@nafpc οὗτος@rpdmp γάρ@b καί@b ὁ@dans πῦρ@nansc ἀθήνη@viia3s ὁ@rpams φυλάσσω@viia1s ἐν@p ὁ@ddnp ἱερόν@ndnpc ὡς@b εἰμί@vppaans μάλιστα@b αὐτός@rpdnp ὁμοιότατος@annnss ἐκ@p δέ@b ὁ@dgfs θυμίασις@ngfsc ὁ@dgnp ἀπό@p γῆ@ngfsc θύ@ngnpc μιατήριος@nanpc τε@cs καλέω@viia3p καί@cs ὁ@dans θύω@vnpa-- καί@cs θυσία@nafpc ὅς@rpanp δή@b ἐγώ@rpnmp ὡς@b ὁ@dafs ὕστερος@anafs- πλημμέλεια@nafsc σημαίνω@vppaanp οὐ@b ὀρθός@b ἐξακούω@vipa1p ὁ@dafs διά@p ὁ@dgnp ζῷον@ngnpc δοκέω@vppaafs θε@nafsc θεραπεία@nafsc καλέω@vppanmp θυσία@nafsc τοσοῦτος@rpans δέ@b ὁ@ddmp παλαιός@andmp- ὅς@rpnms ὁ@dgns μή@b παραβαίνω@vnpa-- ὁ@dans ἔθος@nansc μέλω@viia3s ὡς@cs κατά@p ὁ@dgmp ἐκλείπω@vppagmp ὁ@dans ἀρχαῖος@anans- ἐπεισάγω@vppagmp δέ@b ἕτερος@anams- ἀράομαι@vpamamp ἄρωμα1@nanpc ὁ@danp θυμιάω@vppeanp προσαγορεύω@vipa2p σύ@rpdcs ὁ@dafs δέ@b ἀρχαιότης@nafsc ὁ@dgnp ἐρῶ@vpregnp θυμίαμα@ngnpc κατεῖδον@voaa3s τις@rpnms ἄν@b ἐπιβλέπω@vpaanms ὅτι@cs πολύς@annmp- καί@b νῦν@b ἔτι@b θύω@nnmpc εἰμί@vipa3p συγκόπτω@vpreanp ὁ@dgnp εὐωδής@angnp- ξύλον@ngnpc τις@rpanp ὅθεν@b μετά@p ὁ@dafs ἐκ@p ἀρχή@ngfsc πόα@nafsc δενδροφυέω@vppagfs ἤδη@b ὁ@dgfs γῆ@ngfsc πρῶτος@angfs- δρῦς@ngfsc καρποφαγέω@vpaanmp ὁ@dgfs μέν@b τροφή@ngfsc διά@p ὁ@dafs σπάνις@nafsc μικρός@annnp- ὁ@dgnp δέ@cs φύλλον@ngnpc αὐτός@rpgfs πλείων@ananpc ὁ@ddmp θεός@ndmpc εἰς@p ὁ@dafp θυσία@nafpc ἀνάπτω@viia3p μετά@p δέ@b οὗτος@rpanp ὁ@dnms βίος@nnmsc ἐπί@p ὁ@dafs ἥμερος@anafs- ἤδη@b τροφή@nafsc μεταβαίνω@vppanms καί@cs θῦμα@nanpc ὁ@danp ἐκ@p ὁ@dgmp καρπός1@ngmpc ἅλις@b δρυός@ngfsc φημί@viia3s"
"abstin._2.6","ὁ@dgms δέ@b δημη@ngmsp τρίον@ngmsc καρπός1@ngmsc μετά@p ὁ@dams χέχροψ@namsc πρῶτος@angms- φαίνω@vpapgms κριθή@vpapgnp οὗτος@rpdfp ἀπό@p ἀρχή@ngfsc μέν@b οὐλοχυτέω@viie3s κατά@p ὁ@dafp πρῶτος@anafp- θυσία@nafpc ὁ@dnns ὁ@dgmp ἄνθρωπος@ngmpc γένος@nnnsc ὕστερος@anans- δέ@b ῥέζω@vpamgmp τε@b αὐτός@rpafp καί@cs ὁ@dafs τροφή@nafsc ψαύω@vpamgmp ὁ@danp μέν@b ὁ@dgfs ἐργασία@ngfsc ὄργανον@nanpc θεῖος1@anafs- ὁ@ddmp βίος@ndmpc ἐπικουρία@nafsc παρέχω@vpaaams κρύπτω@vpaanmp εἰς@p ἀπόρρητος@anans- ὡς@b ἱερός@nnfsc αὐ@an---- ὁ@ddmp ἀπαντάω@viia3p ὁ@dgms δέ@b ἀλάλημαι@vpregms βίος@ngmsc παρά@p ὁ@dams πρόσθεν@b μακαρίζω@vpapgms ἀπάρχομαι@viam3p ὁ@dgfs ψαύω@vpapgfs τροφή@ngfsc πρῶτος@anans- εἰς@p πῦρ@nansc ὁ@ddmp θεός@ndmpc ὅθεν@b ἔτι@b καί@cs νῦν@b πρός@p ὁ@ddns τέλος@ndnsc ὁ@dgfp θυσία@ngfpc ὁ@ddnp ψαύω@vpapdnp θύλημα@ndnpc χράομαι@vipe1p μαρτυρέω@vppanmp μέν@b ὁ@ddns πράσσω@vppedms ὁ@dafs ἐκ@p ἀρχή@ngfsc ὁ@dgnp θῦμα@ngnpc αὔξησις@nafsc οὐ@b συνοράω@vppanmp δέ@cs τίς@rpans νων@angnp- χάρις@p οὗτος@rpgnp ἕκαστος@ananp- δράω@vipa1p ἀπό@p ὅς@rpgnp ὁρμάω@vipa1s νοι@andmp- ἐγώ@rpdmp καί@cs ὁ@dgmp καρπός1@ngmpc ἀλλά@cs καί@b ὁ@dgmp πυρός@ngmpc ἀφθόγιος@angmp- νωίος@angmpc γίγνομαι@vppegmp προστίθημι@viie3p πελάνων@ngnpc ἤδη@b καί@cs ὁ@dgnp λοιπός@angnp- ἅπας@angnp- ἀπαρχή@nnfpc ὁ@ddmp θεός@ndmpc εἰς@p ὁ@dafp θυσία@nafpc πολύς@ananp- μέν@b ἀνθολογέω@vppagmp οὐ@b ἐλάσσων@ananpc δέ@b οὗτος@rpgmp μίγνυμι@vppagmp τόκε@namsc εἰ@cs τις@rpans καλός@anans- ἔχω@viia3p ἐν@p βίος@ndmsc καί@cs πρέπω@vppaans ὀσμή@ndfsc πρός@p θεῖος1@anafs- αἴσθησις@nafsc καί@cs ὁ@rpanp μέν@b ἔστε@ φημί@vppanmp ὁ@dafp δέ@x εἰς@p πῦρ@nansc δωρέω@vppenmp θεῖος1@anafp- ἕτερος@anafp- ἵστημι@vmaa2s γόνος@nafpc οἶνος@ngmsc καί@cs μέλι@ngnsc ἔτι@b δέ@b ἔλαιον@ngnsc ὁ@andfp- χρεία@ndfpc ἀνευρίσκω@vppanmp ἀπέρχομαι@viie3p καί@b οὗτος@rpgnp ὁ@ddnp αἴτιος@andmp- θε@ndnpc ὁ@andnp-"
"abstin._2.7","ὅς@rpdmp μαρτυρέω@vnpa-- ἔοικα@vira3s καί@b ὁ@dnfs ἀθήνησιν@b ἔτι@b καί@cs νῦν@b δράω@vppenfs πομπή@nnfsc ἥλιος@ngmsp τε@b καί@cs ὥρα@ngmpp πομπεύω@vipa3s γάρ@b εἰλυσπός@ananp- ἄγρωστις@nnfsc ἐπί@p πυρηνίδιον@ngnpc ἡγηρία@ngfsc ὄσπριον@nnnpc δρῦς@nnmsc μιμαίκυλα@nnnpc κριθή@nnfpc πυρός@nnmpc παλάθη@nnnpc ἡγητη@annfs- ρία@annnp- ἄλευρον@ngnpc πύρινος@ngmpc καί@cs κριθῖνος@ngfpc φθάνω@nnmsc ὀρθός@annms- στάτης@nnmsc χύτρος@nnmsc πρόσω@b δέ@b ὁ@dgfp περί@p ὁ@dafp θυσία@nafpc ἀπαρ@p χόω@ngfpc ὁ@rpdmp ἄνθρωπος@ndmpc πρόειμι1@vppagfp παρανομία@ngfsc ὁ@dnfs ὁ@dgnp δεινός@angnps θῦμα@ngnpc παράληψις@nnfsc ἐπεισάγω@viap3s ὠμότη@annfs- τος@nnmsc πλήρης@annfs- ὡς@cs δοκέω@vnpa-- ὁ@dafp πρόσθεν@b λέγω3@vpapafp κατά@p ἐγώ@rpgmp ἀρά@nafpc νῦν@b τέλος@nansc λαμβάνω@vnra-- σφάζω@vpaagmp ὁ@dgmp ἐν@angmp- -@ ἄνθρωπος@ngmpc καί@cs ὁ@damp βωμός@nampc αἰμιάζω@vpaagmp ἀπό@p ὅς@rpgns λιμός@ngmpc τε@b καί@cs πόλεμος@ngmpc πειράω@vpapnmp αἷμα@ngnpc ἅπτω@viam3p τοιγάρ@b οὖν@b ὁ@dnns δαιμόνιον@nnnsc ὡς@cs φημί@vipa3s ὁ@dnms θεόφραστος@nnmsp οὗτος@rpgnp ἑκάτερος@angmp- νεμεσάω@vpaanns ἐπιτίθημι@vnaa-- ὁ@dafs πρέπω@vppaafs ἔοικα@vira3s τιμωρία@nafsc κατά@p ὅς@rpans ὁ@dnmp μέν@b ἄθεος@annmp- γίγνομαι@vira3p ὁ@dgmp ἄνθρωπος@ngmpc πούς@ngmpc ὁ@dnmp δέ@cs κακόφρων@annmp- μᾶλλον@b ἤ1@cs κακόθεος@annmp- λέγω3@vpapnmp ἄν@b ἐν@p δίκη@ndfsc διά@p ὁ@dans φαῦλος@anamp- καί@cs μηδείς@anans- ἀγαθός@angmp- ἡγέομαι@vnpe-- ὁ@dafs φύσις@nafsc εἰμί@vnpa-- ὁ@damp θεός@nampc οὕτως@b ὁ@dnmp μέν@b ἄθυτος@annmp- φαίνω@vipe3p γίγνομαι@vnam-- τις@rpnmp οὐδείς@anafs- ἀπαρχή@nafsc ὁ@dgnp ὑπάρχω@vppagnp ποιέω@vppenmp ὁ@ddmp θεός@ndmpc ὁ@dnmp δέ@x κακός@annmp- θυτός@annmp- καί@cs παράνομος@angnp- ἅπτω@vpamnmp θῦμα@ngnpc"
"abstin._2.8","διά@p ὅς@rpans θῶες@nnmpp μέν@b ὁ@dnmp ἐν@p μεθόριος@ndnpc θρᾳκία@ngfsp οἰκέω@vpaanmp μηδείς@rpgns ἀπαρ@p ἔχω@vppenmp μη@b δέ@cs θύω@vppanmp ἀνάρπαστος@annmp- κατά@p ἐκεῖνος@rpams γίγνομαι@b γίγνομαι@viie3p ὁ@dams χρόνος@namsc ἐκ@p ἄνθρωπος@ngmpc καί@cs οὐ@b τε@b ὁ@damp ὁ@nampc κῶς@vppaamp οὐ@b τε@b ὁ@dafs πόλις@nafsc οὐ@b τε@cs ὁ@dams ὁ@dgfp οἴκησις@ngfpc τίθημι@namsc λιος@anams- ἐξαίφνης@b οὐδείς@rpnms εὑρίσκω@vnaa-- δύναμαι@viie3s ὕβρις@nafsc γάρ@x ἀτάσθαλος@anafs- οὐ@b ἐθέλω@viia3p ἀλλήλων@angmp- ἴσχω@vnpa-- οὐ@b δέ@x ἀθάνατος@anamp- θεραπεύω@vnpa-- ἐθέλω@viia3p οὐ@b δέ@x ἔρδω@vnpa-- μάκαρ@ngmpc ἱερόν@andmp- ἐπί@p βωμός@ndmpc ὅς@rpnfs θέμις@nnfsc ἀθάνατος@andmp- τοιγάρ@x οὖν@b αὐτός@anamp- ζεύς@nnmsp κρονίδης@nnmsp κρύπτω@viaa3s χολόω@vppenms οὕνεκα@cs τιμή@nafpc οὐ@b δίδωμι@viia3p μάκαρ@ndmpc οὐ@b δέ@cs ἀπέρχομαι@viie3p οὗτος@rpdmp καθά@cs εἰμί@viia3s δίκαιος@annns- βας@ngmpp σάρον@ngnpc δέ@b δή@b ὁ@dgmp ὁ@dans πάλαι@b ὁ@dafp ταῦρος@ngmpp θυσία@nafpc οὐ@b μό@rpdcs νον@namsc ζηλόω@vpaagmp ἀλλά@cs καί@b ὁ@ddfs ὁ@dgfp ἀνθρωποθυσία@ngfpc βάκχειος@ndfsc βορά@nafsc οὗτος@rpgnp προστίθημι@vpamgmp καθά@cs ἐγώ@rpncp νῦν@b ἐπί@p ὁ@dgnp ζῷον@ngnpc ἀπάρχομαι@vpamnmp γάρ@b ὁ@danp λοιπός@ananp- δαίς@nafsc τίθημι@vipe1p τις@rpnms οὐ@b ἀκούω@vira3s ὅτι@cs μετά@p μανία@ngfsc προσπίτνω@vpaanms πίπτω@vppanmp τε@cs καί@cs δάκνω@vppanmp ἀλλήλων@rpamp ἔτι@b δέ@cs πρός@p ἀλάομαι@nafsc θεα@nafsc αἱμοδαιτέω@vppanmp οὐ@b παύω@viam3p πρίν@cs ὁ@dans γένος@nansc ἐξαναλίσκω@vnaa-- ὁ@dgmp πρῶτος@angmp- παρά@p αὐτός@rpdmp ὁ@dgfs τοιοῦτος@rpgfs ἅπτω@vpamgmp θυσία@ngfsc"
"abstin._2.9","ὕστερος@annfs- μέν@b τοίνυν@b καί@cs νέος@annfss ὁ@dnfs διά@dgnp ζῷον@ngnpc θυσία@nnfsc ὁ@dafs δέ@b αἰτίανλαμβάνω@vpaanfs οὐ@b εὐχή@nnfsc ριστος@annns- ὡς@cs ὁ@dnfs ἐκ@p ὁ@dgmp καρπός1@ngmpc ἀλλά@cs λιμός@ngmsc ἤ@rpgcs ἄλλος@rpgfs δυστυχία@ngfsc περίστασις@nafsc αὐτίκα@b ὁ@dgfp κατά@p μέρος@nansc παρά@p ἀθήναιος@ndmpp ἀναίρεσις@ngfpc ὁ@dnfp αἰτία@nnfpc ἤ1@b ἄγνοια@ngfsc ἤ1@b ὀργή@nafpc ἤ1@cs φόβος@anafp- ἀρχή@nafpc ἔχω@vipa3p ὁ@dafs μέν@b γάρ@b ὁ@dgmp ὗς@ngmpc σφεῖς@nafsc γῆ@nafsc ἀκούσιος@andfs- ἁμαρτία@ndfsc κλυμένη@ngfsp προσάπτω@vipa3p ἀπρονόητος@b αιρετος@b μέν@b βάλλω@vpaagfs ἀναιρέω@vppagfs δέ@cs ὁ@dans ζῷον@nansc διά@p ὅς@rpans καί@b εὐλαβέομαι@vpapams αὐτός@rpgfs ὁ@dams ἀνήρ@namsc ὡς@cs παράνομος@anams- διαπράσσω@vpregfs πυθώδε@b ἀφικνέομαι@vpamams χράω2@vnam-- ὁ@ddns ὁ@dgms θεός@ngmsc μαντεῖον@ndnsc ὁ@dgms δέ@b θεός@ngmsc ὁ@ddns συμβαίνω@vpaadms ἐπιτρέπω@vpaagms -@vppadms νάπτω@vpaagms ἀδιάφορος@annns- λοιπός@anans- νομίζω@vnaa-- ὁ@dans γίγνομαι@vppeans ἐπί@p στίχος@ndmsc δέ@b ὅς@rpnms εἰμί@viia3s ἔκγονος@annms- ὁ@dgmp θεοπρόπος@angnp- βούλομαι@vpapdms πρόβατον@ngnpc ἀπάρχομαι@vnam-- ἐπιτρέπω@vnaa-- μέν@b φημί@vipa3p ὁ@dans λόγιον@nansc σύν@p πολύς@andfs- δέ@cs εὐλάβεια@ndfsc ἔχω@vipa3s γάρ@b οὕτως@b οὐ@b σύ@rpa-s θέμις@nnfsc κτείνω@vnpa-- ὄις@ngmpc γένος@nansc εἰμί@vipa3s βέβαιος@anans- ἔγγονος@anvms- θειοπρόπος@ngmpc ὅς@rpdms δέ@x ἑκούσιος@anans- ἄν@x κατανεύω@vsaa3s χέρνιβος@nanpc ἐπιθύω1@vnpa-- ὁ@rpans δέ@x ἐπίσκοπος@nvmsc φημί@vipa1s δίκαιος@b"
"abstin._2.10","αἴξ@nafsc δέ@b ἐν@p ἰκόριον@ndnsp ὁ@dgfs ἀττική@ngfsp χειρόω@viam3p πρῶτος@annms- ὁ@anafs- ὅτι@cs ἄμπελος@nafsc ἀποθρίζω@viaa3s βοῦς@nafsc δέ@b δίομος@nnmsp σφάζω@viaa3s πρῶτος@annms- ἰερεύς@nnmsc εἰμί@vppanms ὁ@dgms πολιός@ngmsp ζεύς@ngmsp ὅτι@cs ὁ@dgmp διπο@ngmpp -@an---- λεῖος@angmp- ἄγω@vppegmp καί@cs παρασκευάζω@vpregmp κατά@p ὁ@dans πά@ λα@b ἔθος@nansc ὁ@dgmp καρπός1@ngmpc ὁ@dnms βοῦς@nnmsc προσέρχομαι@vpaanms ἀπογεύω@viam3s ὁ@dgns ἱερόν@angns- πελάνος@ngnsc συνεργός@anamp- γάρ@b λαμβάνω@vpaanms ὁ@damp ἄλ@anamp- -@anamp- λος@nampc ὅσος@annmp- πάρειμι1@viia3p ἀποκτείνω@viaa3s οὗτος@rpams καί@b παρά@p μέν@b ἀθήναιος@ndmpp τοιοῦτος@annfp- κατά@p μέρος@nansc ἀποδίδωμι@vipe3p αἰτία@nnfpc ἄλλος@annfp- δέ@cs παρά@p ἄλλος@rpdmp λέγω3@vipe3p πλήρης@annfp- δέ@b πᾶς@annfp- οὐ@b εὐαγής@angfp- ἀπολογία@ngfpc λιμός@namsc δέ@b ὁ@dnmp πολύς@annmps αἰτιάομαι@vipe3p καί@cs ὁ@dafs ἐκ@p οὗτος@rpgms ἀδικία@nafsc διά@p ὅς@rpans γεύω@vpamnmp ὁ@dgnp ἐν@angfp- -@angnp- ψύχω@ngmpc ἀπάρχομαι@viam3p καί@cs οὗτος@rpgnp ἔθω@vpranmp ὁ@dgfs τροφή@ngfsc ἀπέχω@vnpe-- ὅθεν@b οὐ@b δέ@cs πρέσβυς@anans- ὁ@dnns θυσία@vppanms ὑπάρχω@p χον@vppaans ὁ@dgfs ἀναγκαῖος@angfs- τροφή@ngfsc ἐκ@p οὗτος@rpgns ἀφορίζω@vopa3s ἄν@b ὁ@rpdmp ἄνθρωπος@ndmpc ὁ@dans βρωτέος@anans- ἕπομαι@vppeams δέ@b ὅς@rpdnp γεύω@viam3p καί@cs ἀπάρχομαι@viam3p οὐ@b ἀναγκάζω@vopa3s προσίημι@vnpe-- ὡς@b εὐσε@b βές@vpaanmp ὅς@b μή@b εὐσεβής@b ὁ@ddmp θεός@ndmpc ἀπάρχομαι@viam3p"
"abstin._2.11","μηνύω@vipa3s δέ@b οὐ@b ἥκιστος@ananp- ἐκ@p ἀδικία@ngfsc πᾶς@anans- ὁ@dans τοιοῦτος@rpans λαμβάνω@vnaa-- ὁ@dafs ἀρ@nafsc χήν@b ὁ@dans μή@b ἐν@p πᾶς@andns- ἔθνος@ndnsc ὁ@danp αὐτός@rpanp ἤ1@b θύω@vnpa-- ἤ1@cs ἐσθίω@vnpa-- ἐκ@p δέ@cs ὁ@dgfs χρεία@ngfsc ὁ@dgfs πρός@p αὐτός@rpamp στοχάζομαι@vnpe-- ὁ@dgns καθήκω@vppagns παρά@p γοῦν@b αἰγύπτιος@ndmpp καί@cs φοῖνιξ@ndmpc ταχύς@b ἄν@b τις@rpnms ἀνθρώπειος@angnp- κρέας@ngnpc γεύω@voam3s ἤ1@cs θῆλυς@angfs- βοῦς@ngfsc αἴτιος@annns- δέ@b ὅτι@cs χρήσιμος@anans- ὁ@dans ζῷον@nnnsc εἰμί@vppaans οὗτος@rpans σπανίζω@viia3s παρά@p αὐτός@rpdmp διά@p ὅς@rpans ταῦρος@ngmpc μέν@b καί@b γεύω@viam3p καί@cs ἀπάρχομαι@viam3p ὁ@dgfp δέ@cs θῆλυς@ngfpc φείδομαι@vppenmp ὁ@dgfs γονή@ngfsc ἕνεκα@p ἐν@p μύσος@ndfsc ὁ@dans ἅπτω@vnam-- νομοθετέω@viaa3p καίτοι@b γε@b ὁ@dgfs χρεία@ngfsc ἐπί@p εἷς@angns- καί@cs ὁ@dgns αὐτός@angns- γένος@ngnsc ὁ@dgmp βοῦς@ngmpc ὁ@dans τε@b εὐσεβής@anans- καί@cs ὁ@dans ἀσεβής@anans- διορίζω@viaa3p ὅς@rpgnp δή@b οὗτος@rpams ἔχω@vppaans ὁ@vppanms ὁ@dams τρόπος@namsc εἰκότως@b ὁ@dnms θεόφραστος@nnmsp ἀπαγορεύω@vipa3s μή@b θύω@vnpa-- ὁ@danp ἔμιψυχος@ananp- ὁ@damp ὁ@ddns εἰμί@vppadns εὐσεβέω@vnpa-- χράομαι@vppenms καί@b τοιοῦτος@andfp- ἄλλος@andfp- αἰτία@ndfpc"
"abstin._2.12","πρῶτος@b μέν@b ὅτι@cs ἐκ@p ἀνάγκη@ngfsc μέγας@angfsc ὡς@cs φημί@viia1p ἐγώ@rpacp καταλαμβάνω@viam3p σός@vppagfs κατάρχω@viam3p αὐτός@rpgmp λιμός@nnmpc γάρ@b αἴτιος@annmp- καί@cs πόλεμος@nnmpc ὅς@rpnmp καί@b ὁ@dgns γεύω@vnam-- ἀνάγκη@nafsc ἐπάγω@viaa3p εἰμί@vppagmp οὖν@annmp- ὁ@dgmp καρπός1@ngmpc τις@annfs- χρεία@nnfsc ὁ@ddns ὁ@dgfs ἀνάγκη@ngfsc χράω@vnpe-- θύω@ ματι@b ἔπειτα@b ὁ@dgfp εὐεργεσία@ngfpc ὁ@dafp ἀμοιβή@nafpc καί@cs ὁ@dafp χάρις@nafpc ἄλλος@rpdmp μέν@b ἄλλος@rpafp ἀποδίδωμι@annns- κατά@p ὁ@dafs ἀξία@nafsc ὁ@dgfs εὐποιία@ngfsc ὁ@dnns δέ@cs εἰς@p ὁ@danp μέγας@ananps ἐγώ@rpamp εὖ@b ποιέω@vopa3s κόσιος@ndfpc ὁ@dafp μέγας@anafps καί@cs ἀπό@p ὁ@dgfp τίμιος@angmps καί@cs μά@an---- μάλιστα@annnp- εἰ@cs αὐτός@rpnmp εἰμί@vopa3p οὗτος@rpgnp πάροχος@annmp- καλός@ananps δέ@b καί@cs τίμιος@ananps ὅς@rpgnp ἐγώ@rpamp ὁ@dnmp θεός@nnmpc εὖ@b ποιέω@vipa3p ὁ@dnmp καρπός1@nnmpc διά@p γάρ@b οὗτος@rpgnp ἐγώ@rpamp σώζω@vipa3p καί@cs νομίμιος@b ζάω@vnpa-- παρά@vipa3p ἔχω@vipa3p ὥστε@b ἀπό@p οὗτος@rpgmp αὐτός@rpamp τιμητέος@annns- καί@cs μήν@x θύω@vnpa-- δέω@vipa3s ἐκεῖνος@ananp- ὅς@rpdms θύω@vppanmp οὐδείς@anams- πημαίνω@vifa1p οὐ@b τίθημι@vipa1p γάρ@x ὡς@cs ὁ@dans θῦμα@nansc ἀβλαβής@anans- εἰμί@vnpa-- χρή@vipa3s πᾶς@andmp- εἰ@cs δέ@b λέγω3@vopa3s τις@rpncs ὅτι@cs οὐ@b ἥσσων@anansc ὁ@dgmp καρπός1@ngmpc καί@b ὁ@danp ζῷον@nanpc ἐγώ@rpdmp ὁ@dnms θεός@nnmsc εἰς@p χρῆσις@nafsc δίδωμι@vira3s ἀλλά@cs οὖν@b γε@b ἐπιθύω@vppegnp ὁ@dgnp ζῷον@ngnpc φέρω@vipa3s τις@rpacs βλάβη@nafsc αὐτός@rpdmp ἅτε@b ὁ@dgfs ψυχή@ngfsc νοσφίζομαι@vppegfp οὐ@b θυτέος@annns- οὖν@b οὗτος@rpanp ὁ@dnfs γάρ@b θυσία@nnfsc ὁσία@annfs- τις@rpncs εἰμί@vipa3s κατά@p ὁ@dans ὄνομα@nansc ὅσιος@annms- δέ@b οὐδείς@rpnms ὅς@rpnms ἐκ@p ὁ@dgmp ἀλλότριος@angmp- ἀποδίδωμι@vipa3s χάρις@nafpc καί@b ἄν@b καρπός1@nampc λαμβάνω@voaa3s καί@cs ἄν@b φυτόν@nanpc μή@b ἐθέλω@vppagms πῶς@b γάρ@b ὅσιος@annns- ἀδικέω@vppegmp ὁ@dgmp ἀφαιρέω@vpapgmp εἰ@cs δέ@b οὐ@b δέ@cs καρπός1@nampc ὁ@dnms ἀφαιρέω@viaa3s νος@nnmsc ἄλλος@rpgmp ὅσιος@b θύω@vipa3s ὁ@danp γε@b οὗτος@rpgnp τίμιος@ananpc παν@ananp- τέλειος@b οὐ@b ὅσιος@annns- ἀφαιρέω@vppeamp τις@rpgmp θύω@vnpa-- ὁ@dnns γάρ@b δεινός@annns- οὕτως@b γίγνομαι@vipe3s μέγας@annnsc ψυχή@nnfsc δέ@b πολύς@andns- τιμιώ@annfsc ἕτερος@anansc ὁ@dgnp ἐκ@p γῆ@ngfsc φύω@vppegnp ὅς@rpgmp ἀφαιρέω@vnpe-- θύω1@vppaanp ὁ@danp ζῷον@nanpc οὐ@b προσήκω@viia3s"
"abstin._2.13","ἀλλά@b ἴσως@b τις@rpncs ἄν@b εἶπον@voaa3s ὅτι@cs καί@b ὁ@dgnp φυτόν@ngnpc ἀφαιρέω@vipa1p τις@rpans οὐ@b οὐ@b ὅμοιος@annfs- ὁ@dnfs ἀφίημι@nnfsc ρεσις@nnfsc οὐ@b γάρ@b παρά@p ἀέκων@angmp- καί@b γάρ@b ἐγώ@rpgcp ἐάω@viia3p ὁ@rpgmp αὐτός@rpnnp μεθίημι@vmpa2s ὁ@damp καρπός1@nampc καί@cs ὁ@dnfs ὁ@dgmp καρπός1@ngmpc λῆψις@nnfsc οὐ@b μετά@p ἀπώλεια@ngfsc αὐτός@rpgmp καθά@cs ὅταν@cs ὁ@dnnp ζῷον@nnnpc ὁ@dafs ψυχή@nafsc προίημι@vsam3s καί@b ὁ@dafs παρά@p ὁ@dgmp μελιττώ@ngmpc δέ@b ὁ@dgms καρπός1@ngmsc παραληψις@nafsc ἐκ@p ὁ@dgmp πόνος@ngmpc ἐγώ@rpgmp γίγνομαι@viia3s ναν@nafsc κοινός@anafs- ἔχω@vnpa-- προσήκω@vipa3s καί@cs ὁ@dafs ὄνησις@nafsc συνά@vipa3p γουσι@vipa3p γάρ@b ὁ@dnfp μέλισσα@nnfpc ἐκ@p ὁ@dgnp φυτόν@ngnpc ὁ@dans μέλι@nansc ἐγώ@rpncp δέ@b αὐτός@rpgfp ἐπιμελέομαι@vipe1p διά@p ὅς@rpans καί@b δεῖ@vipa3s οὕτως@b μερίζω@vnpe-- -@vnpe-- αι@vnpe-- ὡς@cs μηδείς@anafs- αὐτός@rpdfp γίγνομαι@vnpe-- βλάβη@nafsc ὁ@dnns δέ@b ἄχρηστος@annns- μέν@b ἐκεῖνος@rpdfp ἐγώ@rpdcp δέ@b χρήσιμος@annns- εἰμί@vopa3s ἄν@b μι@ σθός@nnmsc ὁ@dnms παρά@p ἐκεῖνος@rpgmp ἀφεκτέον@annns- ἄρα@b ὁ@dgnp ζῷον@ngnpc ἐν@p ὁ@ddfp θυσία@ndfpc καί@cs γάρ@b ἄλλως@b πᾶς@annnp- μέν@b ὁ@dgmp θεός@ngmpc εἰμί@vipa3s ἐγώ@rpgcp δέ@b δοκέω@vipa3p εἰμί@vnpa-- ὁ@dnmp καρπός1@nnmpc ἐγώ@rpncp γάρ@b καί@cs σπέος@b ρομαι@vipa1p αὐτός@rpamp καί@cs φυτεύω@vipa1p πού@rpdfs ὁ@ddfp ἄλλος@rpdfp ἐπιμελής@vmpa2s αι@rpafp ἀνατρέπω@vipa1p θυτέος@annns- οὖν@b ἑκ@p ὁ@dgmp ἡμέτερος@angmp- οὐ@b ὁ@dgmp ἀλλότριος@angmp- ἐπεί@cs καί@cs ὁ@dnns εὐδάπανος@annns- καί@cs εὐπόριστος@annns- ὁ@dgns δυσπόριστος@angns- ὅσιος@annnsc καί@cs θεός@ndmpc χαρίζομαι@vprenns καί@cs ὁ@dnns ῥᾴδιος@annns- ὁ@ddmp θύω1@vppadmp πρός@p συνεχής@anafs- εὐσέβεια@nafsc ἑτοῖμος@annns- ὁ@dans τοίνυν@b μή@b τε@cs ὅσιος@anans- μή@b τε@cs εὐδάπανος@anans- οὐ@b πάνυ@b θύ@vppagns δοτέος@annns- εἰ@cs καί@b πάρειμι@vopa3s"
"abstin._2.14","ὅτι@cs δέ@b οὐ@b ὁ@dgnp εὔπορος@angnp- καί@cs εὐδαπάνος@angnp- ὁ@danp ζῷον@nanpc θεωρητέον@annns- εἰς@p ὁ@dans πολύς@anans- ὁ@dgns γε@b νους@anamp- ἐγώ@rpgmp ὁράω@vppaamp οὐ@b γάρ@b εἰ@cs τις@rpncp εἰμί@vipa3p πολύρρη@annmp- νες@nnmpc καί@cs πολυβοῦται@nnmpc ὁ@dgmp ἄνθρωπος@ngmpc οὗτος@rpnns σκώ@vmpa2s πτέος@annns- πρῶτος@b μέν@b ὅτι@cs πολύς@annnp- ὁ@dgnp ἔθνος@ngnpc οὐ@b κτάομαι@vire3s ὁ@dgnp θύσιμος@angnp- ζῷον@ngnpc οὐδείς@rpans εἰ@cs μή@b τις@rpncs ὁ@dgmp ἄτιμος@angmp- λέγω@viaa3s γοι@ δεύτερος@anans- δέ@b ὅτι@cs ὁ@dgmp ἐν@p αὐτός@andfp- ὁ@ddfp πόλις@ndfpc ὁ@nnmpc κῶνος@ngnpc ὁ@dnmp πολύς@annmps σπανίζω@vipa3p οὗτος@rpgmp εἰ@cs δέ@b καί@cs ὁ@dgmp ἥμερος@angmp- τις@rpncs καρπός1@ngmpc λέγω3@vopa3s σπανίζω@vnpa-- ἀλλά@b ὁ@dgnp γε@b λοιπός@angnp- ὁ@dgnp ἐκ@p γῆ@ngfsc φύω@vppegnp οὐ@b δέ@cs οὕτως@b χαλε@anvms- πού@b ὁ@damp καρπός1@nampc ὡς@cs ὁ@danp ζῷον@nanpc πορίζω@vnam-- ῥαίω@annmsc γάρ@b ὁ@dnms πόρος@nnmsc ὁ@dgmp καρπός1@ngmpc καί@cs ὁ@dgnp ἀπό@p γῆ@ngfsc ἤ1@cs ὁ@dnms ὁ@dgnp ζῷον@ngnpc ὁ@dnns δέ@b εὐδάπανος@annns- καί@cs εὐπόριστος@annns- πρός@p συνεχής@ananp- εὐσέ@b βαία@nafsc συντελέω@vipa3s καί@b πρός@p ὁ@dafs ἅπας@angmp-"
"abstin._2.15","καί@b μαρτυρέω@vipa3s γε@b ὁ@dnfs πεῖρα@nnfsc ὅτι@cs χαίρω@vipa3p οὗτος@rpdns ὁ@dnmp θεός@nnmpc ἤ1@cs ὁ@ddms πολυδα@andms- -@ndnsc πάνυ@andms- οὐ@b γάρ@b ἄν@b ποτέ@b ὁ@dgms θεσσαλός@ngmsp ἐκεῖνος@angms- ὁ@damp χρυσόκερως@anamp- βοῦς@nampc καί@cs ὁ@dafp ἑκατόμβη@nafpc ὁ@ddms πύθιος@ndmsp προς@p ἄγω@vppagms μᾶλλον@b φημί@viaa3s ὁ@dnfs πυθία@nnfsp ὁ@dams ἑρμιονεύς@namsp χαι@b ρίζω@vnpe-- θύω1@vpaaams ὁ@dgmp ψάιστος@ngmpc ἐκ@p ὁ@dgns πηρίδιον@ngnsc ὁ@ddmp τρεῖς@andmp- δάκτυλος@ndmpc προσεπιβάλλω@vpaadms δέ@b διά@p ὁ@dans ἐρῶ@vpapans ὁ@danp λοιπός@ananp- πᾶς@ananp- ὁ@rpgfs πήρα@viaa2s ἐπί@p ὁ@dafs βωμός@namsc εἶπον@viaa3s πάλιν@b ὅτι@cs δίς@b τόσος@anans- ἀπέχθομαι@voam3s οὗτος@rpans δράω@vpaanms ἤ1@cs πρότερος@b εἰμί@viia1s ἄν@b χαρίζομαι@vprenms οὕτως@b ὁ@dnns εὐδάπανος@annns- φίλος@annns- θεός@ndmpc καί@cs μάλ@b λον@annns- ὁ@dnns δαιμόνιον@nnnsc πρός@p ὁ@dans ὁ@dgmp θύω@vppagmp ἦθος@nansc ἤ1@cs πρός@p ὁ@dans ὁ@dgmp θύω1@vppegmp πλῆθος@nansc βλέπω@vipa3s"
"abstin._2.16","ὁ@danp παραπλήσιος@ananp- δέ@b καί@b θεόπομπος@nnmsp ίστορέω@vira3s εἰς@p δελφοί@nampp ἀφικνέομαι@vnam-- ἀνήρ@namsc μδάγνητος@namsp ἐκ@p ὁ@dgfs ἀσία@ngfsp φημί@vpfmnms πλούσιος@anams- σφόδρα@b κτάομαι@vpreams συχνός@ananp- βόσκημα@nanpc οὗτος@rpams δέ@b εἰ@cs θίς@vnpe-- ὁ@ddmp θεός@ndmpc κατά@p ἕκαστος@anams- ἐνιαυτός@namsc θυσία@ngfsc ποι@b εἴω@vnpe-- πολύς@anafp- καί@cs μεγαλοπρεπής@anafp- ὁ@danp μέν@b διά@p εὐπο@nafsc -@anafs- ρία@nafsc ὁ@dgnp ὑπάρχω@vppagnp ὁ@danp δέ@b διά@p εὐσέβεια@nafsc καί@cs ὁ@dans βούλομαι@vnpe-- ὁ@ddmp θεός@ndmpc ἀρέσκω@vnpa-- οὕτως@b δέ@b διάκειμαι@vppeams πρός@p ὁ@dans δαιμόνιον@nansc ἔρχομαι@vnaa-- εἰς@p δελφοί@nampp πομπεύω@vpaaams δέ@b ἑκατόμβη@nafsc ὁ@ddms θεός@ndmsc καί@cs τιμάω@vpaaams μεγαλοπρεπής@b ὁ@dams ἀπόλλων@namsp παρέρχομαι@vnaa-- εἰς@p ὁ@dans μαντεῖον@nansc χρηστηρια@nanpc εἰμί@vppeams οἴομαι@vppeams δέ@b καλός@ananps πᾶς@angmp- ἄνθρωπος@ngmpc θεραπεύω@vnpa-- ὁ@damp θεός@nampc ἔρομαι@vnam-- ὁ@dafs πυθία@nafsp ὁ@dams ἄρι@b ἵστημι@ananp- καί@cs πρόθυμος@ananps ιό@namsp δαιμόνιον@anams- γεραίρω@vppaams θε@b σπίζω@vnaa-- καί@b ὁ@dams ποιέω@vppaams ὁ@dafp θυσία@nafpc προσφιλής@anafps ὑπολαμβάνω@vppaams δίδωμι@vnfp-- ἑαυτοῦ@rpdms ὁ@dans πρωτεῖον@nansc ὁ@dafs δέ@b ίέρεια@nafsc ἀποκρίνω@vnam-- πᾶς@angnp- ἄριστος@ananp- θεραπεύω@vnpa-- ὁ@damp θεός@nampc κλέαρχος@namsp κατοικέω@vppaams ἐν@p μεθύδριον@ndmsp ὁ@dgfs ἀρκαδία@ngfsp ὁ@dams δέ@b ἐκπλήσσω@vpapams ἔκτοπος@b ἐπιθυμέω@vnaa-- ὁ@dams ἄνθρωπος@namsc εἶδον@vnaa-- καί@cs ἐντυγχάνω@vpaaams μανθάνω@vmaa2s τις@anams- τρόπος@nnnsc -@anams- πον@vppanns ὁ@dafp θυσία@nafpc ἐπιτελέω@vipa3s ἀφικνέομαι@vpamams οὖν@b ταχύς@b εἰς@p ὁ@dans μεθύδριον@nansp πρῶτος@anans- μέν@b καταφρονέω@viia3p μικρός@angns- καί@cs ταπεινός@angns- εἰμί@vppagns ὁ@dnns μέγεθος@nansc ὁ@dgns χωρίον@ngnsc ἡγέομαι@vppeams οὐ@b ὅπως@cs ἄν@b τις@rpams ὁ@dgmp ἰδιώτης@ngmpc ἀλλά@cs οὐ@b δέ@cs ἄν@b αὐτός@anafs- ὁ@dafs πόλις@nafsc δύναμαι@vnpe-- μεγαλοπρεπής@anansc αὐτός@rpgns καί@cs καλός@b τιμάω@vnaa-- ὁ@damp θεός@nampc ὅμως@b δέ@x οὖν@b σύν@nnfsc χώομαι@vppaams ὁ@ddms ἀνήρ@ndmsc ἀξιόω@vnaa-- φράζω@vnaa-- αὐτός@andms- ὅστις@rpams τρόπος@namsc ὁ@damp θεός@nampc τιμάω@vipa3s ὁ@dams δέ@b κλέαρχος@namsp φημί@vnpa-- ἐπιτελέω@vnpa-- καί@cs σπουδαῖος@b θύω@vnpa-- ἐν@p ὁ@ddmp προσήκω@vppadmp χρόνος@ndmpc κατά@p μιήνων@ananp- ἕκαστος@anams- ὁ@ddfp νουμηνία@ndfpc στεφανόω@vppaams καί@cs φαιδρύνω@vppaams ὁ@dams ἑρμῆς@namsp καί@b ὁ@dafs ἑκάτη@nafsp καί@cs ὁ@danp λοιπός@ananp- ὁ@dgnp ἱερός@angnp- ὅς@rpnnp δή@b ὁ@damp πρόγονος@anamp- καταλιμπάνω@viaa3s καί@cs τις@rpans μᾶν@anans- λιβανωτός@andmp- καί@b ψαιστός@andmp- καί@cs πόπανον@ndnpc κατά@p ἐν@andns- αυτός@rpans δέ@b θυσία@nafpc δημοτελής@anamp- ποιέω@vnpe-- παραλείπω@vppaams οὐδείς@rpafs ἑορτή@nafsc ἐν@p αὐτός@rpdfp δέ@b οὗτος@rpdfp θεραπεύω@vnpa-- ὁ@damp θεός@nampc οὐ@b βουθυτέω@vppaams οὐ@b δέ@cs ἱερεῖον@nanpc κατακόπτω@vppaams ἀλλά@cs ὅς@rpans τις@rpans ἄν@b παρατυγχάνω@vsaa3s ἐπιθύω@vppaams σπουδάζω@vnpa-- μέντοι@b ἀπό@p πᾶς@angmp- ὁ@dgmp περιγίγνομαι@vppegmp καρπός1@ngmpc καί@cs ὁ@dgnp ὡραῖος@angnp- ὅς@rpnnp ἑκ@p ὁ@dgfs γῆ@ngfsc λαμβάνω@vipe3s ὁ@ddmp θεός@ndmpc ὁ@dafp ἀπαρ@anafp- χήν@nafpc ἀπονέμω@vnpa-- καί@cs ὁ@danp μέν@b παρατίθημι@vnpa-- ὁ@danp δέ@b καθά@ananp- γιζζω@vnpa-- αὐτός@rpdnp αὐτός@rpams δέ@b ὁ@ddfs αὐταρκεία@ndfsc προσέχω@vpraams ὁ@dgns θύω@vnaa-- βοῦς@nampc προνοοῦμαι@vnpe--"
"abstin._2.17","παρά@p ἔνιοι@rpdnp δέ@b ἱστορέω@vipe3s ὁ@dgmp συγγραφεύς@ngmpc ὁ@dgmp τυρρηνός@ngmpp μετά@p ὁ@dans κρατέω@vnaa-- καρχηδόνιος@ngmpp ἑκατόμβη@nafpc κατά@p πολύς@anafs- ἔρις@nafsc ὁ@dafs πρός@p ἀλλήλων@rpamp ἐκπρεπής@anafp- παρά@p ἵστημι@vpaagmp ὁ@ddfs ἀπόλλων@ndmsp εἶτα@cs πυνθάνομαι@vppegmp ὅς@rpdfp ἥδομαι@voap3s μάλιστα@b παρά@p ἐλπίς@nafsc πᾶς@anams- αὐτός@rpams ἀποκρίνω@viaa1s αι@vnpe-- διότι@cs ὁ@ddmp δόκιμος@ngmsp ψαιστός@andmps δελφός@nnmsp δέ@b εἰμί@viia3s ὅς@rpnms -@annms- τος@annms- σκληρός@ananp- γεωργέω@vppanms πετρίδιον@nanpc κάτειμι@vppanms δέ@b ἀπό@p ὁ@dgns χωρίον@ngnsc ἐκεῖνος@angfs- ὁ@dgfs ἡμέρα@ngfsc ἐκ@p ὁ@dgfs περίκειμαι@vpregfs πη@ngfsc -@ngfsc ρας@ngfsc ὁ@dgmp ἄλφιτον@ngmpc ὀλίγος@anafp- δράξ@nafpc λοχάω@viam3s πλέος@anansc τέρπω@vpaanms ὁ@dams θεός@namsc ὁ@dgfp μεγαλοπρεπής@anafp- θυσία@ngfsc συντελέω@nandc σόω@vpaagmp ὅθεν@b καί@cs ὁ@dgmp ποιητής@ngmpc τις@rpdmp διά@p ὁ@dans γνώριμος@anans- ἀποφαίνω@vnpe-- δοκέω@viia3s ὁ@danp τοιοῦτος@rpanp ὡς@cs ἀντιφάνης@ndmsp ἐν@p μύστις@ndfsp λέγω3@vipe3s ὁ@ddfp εὐτελεία@ndfpc ὁ@dnmp θεός@nnmpc χαίρω@vipa3p γάρ@b τεκμήριον@nnnsc δέ@x ὅταν@cs γάρ@b ἑκατόμβη@nafpc τις@annmp- θύω1@vspa3p ἐπί@p οὗτος@rpdmp ἅπας@andmp- ὕστερος@annms- πᾶς@angmp- καί@cs λιβανωτός@annms- ἐπιτίθημι@viap3s ὡς@cs ὁ@danp ἄλλος@rpanp μέν@b ὁ@danp πολύς@ananp- παραναλίσκω@vppeanp δαπάνη@nafsc μάταιος@anafs- εἰμί@vppaafs αὐτός@rpgnp οὕνεκα@p ὁ@dans δέ@b μικρός@anans- αὐτός@annns- οὗτος@rpnns ἀρεστός@annns- ὁ@ddmp θεός@ndmpc καί@b μένανδρος@nnmsp δέ@b ἐν@p δύσκολος@ndmsp φημί@vipa3s ὁ@dnms λιβανωτός@nnmsc εὐσεβής@annms- καί@cs ὁ@dnns πόπανον@nnnsc οὗτος@rpans λαμβάνω@viaa3s ὁ@dnms θεός@nnmsc ἐπί@p ὁ@dans πῦρ@nansc ἅπας@anans- τίθημι@vpapans"
"abstin._2.18","διά@p οὗτος@rpans καί@b ὁ@ddnp κεραμεός@andnp- ἀγγεῖον@ndnpc καί@cs ὁ@ddnp σύ@ngnsc λίνος@ndnpc καί@cs πλεκτός@andnp- χράομαι@viie3p καί@cs μᾶλλον@b πρός@p ὁ@dafp δη@ μοτέω@anafp- ἱεροποιία@nafpc τοιοῦτος@andnp- χαίρω@vnpa-- πείθω@vprenmp ὁ@dans θεῖος1@anans- ὅθεν@b καί@b ὁ@dnnp παλαιός@annnps ἤδη@b κεραμεοῦς@annnp- καί@cs μεταξύ@nnnpc λινος@annnp- ὑπάρχω@vppannp μᾶλλον@b θεῖος@annnp- νομίζω@vire3s διά@p τε@b ὁ@dafs ὕλη@nafsc καί@cs ὁ@dafs ἀφέλεια@nafsc ὁ@dgfs τέχνη@ngfsc ὁ@dams γοῦν@b αἰσχύνω@ngmsp -@ λον@namsc φημί@vipa3p ὁ@dgmp δελφοί@ngmpp ἀξιόω@vppagmp εἰς@p ὁ@dams θεός@namsc γρά@namsc ψαύω@vnam-- παιάν@namsc εἶπον@vnaa-- ὅτι@cs βέλτιστος@annnps τύννιχος@ndmsp ποιέω@vora3s ται@vire3s παραβάλλω@vppeams δέ@b ὁ@dams ἑαυτοῦ@rpgms πρός@p ὁ@dams ἐκεῖνος@rpgms ὁ@dans αὐτός@rpams πάσχω@vnfm-- ὁ@ddnp ἄγαλμα@ndnpc ὁ@ddnp καινός@andnp- πρός@p ὁ@danp ἀρχαῖος@ananp- οὗτος@rpanp γάρ@b καίπερ@cs ἀφελής@b ποιέω@vpreanp θεῖος@ananp- νομίζω@vnpe-- ὁ@danp δέ@b καινός@ananp- περίεργος@b ἐργάζομαι@vpreanp θαυμάζω@vnpe-- μέν@b θεός@ngmsc δέ@b δόξα@nafsc ἥσσων@anansc ἔχω@vnpa-- καί@b ὁ@dams ἡσίοδος@namsp οὖν@b εἰκότως@b ὁ@dams ὁ@dgfp ἀρχαῖος@angfp- θυσία@ngfpc νόμος@namsc ἐπαινέω@vppaams εἶπον@vnaa-- ὡς@cs ἄν@b πόλις@nnfsc ῥέζω@vspa3s νόμος@nnmsc δέ@cs ἀρχαῖος@annms- ἄριστος@annms-"
"abstin._2.19","ὁ@dnmp δέ@b ὁ@danp περί@p ὁ@dgfp ἱερουργία@ngfpc γράφω@vpranmp θυσία@ngfpc ὁ@dafs περί@p ὁ@danp πόπανον@nanpc ἀκρίβεια@nafsc φυλάσσω@vnpa-- παραγγέλλω@vipa3p ὡς@cs ἀρεστός@anafs- ὁ@ddmp θεός@ndmpc οὗτος@anafs- ἤ1@cs ὁ@dafs διά@p ὁ@dgnp ζῷον@ngnpc θυσία@nafsc καί@cs σοφοκλῆς@nnmsp διαγράφω@vppanms -@vppanms φωνή@vppanms ὁ@dafs θεοφιλής@anafs- θυσία@nafsc φημί@vipa3s ἐν@p ὁ@ddms πολύιδος@ndmsp εἰμί@viia3s μέν@b γάρ@b ὄις@nnmsc μαλλός@annms- εἰμί@viia3s δέ@cs ἄμπελος@angms- σπονδή@nnfsc τε@cs καί@cs ῥὰξ@b εὖ@b θησαυρίζω@vprenfs ἐνεἰμί@viia3s δέ@x παγκάρπεια@annfs- συμμιγής@annfs- ὀλή@ndfpc λίπος@nnmsc τε@x ἐλαία@ngfsc καί@cs ὁ@dnns ποικίλος@annnss ξουθής@ngfsc μέλισσα@ngfsc κηρόπλαστος@annns- ὄργανον@nnnsc σεμνός@annnp- δέ@b εἰμί@viia3s ὁ@dgnp πρὶν@nnnpc ἐν@p δῆλος@ndfsp ἐκ@p ὑπέρ@b βορέας@ngmpc ἀμαλλοφόρων@angmp- δεῖ@vipa3s τοίνυν@b καθαίρω@vpamamp ὁ@dans ἦθος@nansc εἶμι@vnpa-- θύω1@vpfaamp ὁ@ddmp θεός@ndmpc θεοφιλής@anafp- ὁ@dafp θύ@nafpc -@nafpc σία@nafpc προσάγω@vppaamp ἀλλά@cs μή@b πολυτελής@anamp- νῦν@b δέ@b ἐσθής@nafsc μέν@b λαμπρός@anafs- περί@p σῶμα@nansc μή@b καθαρός@anans- ἀμφιέζομαι@viia3s σίνομαι@vppedmp οὐ@b ἀρκέω@vnpa-- νομίζω@vppadmp πρός@p ὁ@dans ὁ@dgfp θυσία@ngfpc ἁγνός@anans- ὅταν@cs δέ@b ὁ@dans σῶμα@nansc μετά@p ὁ@dgfs ἐσθής@ngfsc τις@rpnmp λαμπρύνω@vppenmp μή@b καθαρός@anafs- κακός@angnp- ὁ@dafs ψυχή@nafsc ἔχω@vppaans τε@vppanmp ἴωνες@vspa3p πρός@p ὁ@dafp θυσία@nafpc οὐδείς@rpans διαφέρω@vnpa-- νομίζω@annns- ζοάζω@vipa3p ὥσπερ@b οὐ@b ὁ@ddms θεῖος1@andmss γε@b ὁ@dgmp ἐν@p ἐγώ@rpdmp χαί@vnaa-- ροντα@vppaams μάλιστα@b ὁ@dams θεός@namsc διάκειμαι@vpredms καθαρός@b ἅτε@b συγγενεύς@vipa3s φύω@b ἐν@p γοῦν@x ἐπίδαυρος@ndmsp προγράφω@vprenfs πτοέω@nvmsc ἁγνός@anams- χρή@vipa3s ναός@ngmsc θυώδης@angms- ἐντός@p εἶμι@vppaams εἰμί@vnpa-- ἁγνείας@annfs- δέ@x εἰμί@vipa3s φρονέω@vnpa-- ὅσιος@ananp-"
"abstin._2.20","ὅτι@cs δέ@b οὐ@b ὁ@ddns εὔογκος@andns- χαίρω@vipa3s ὁ@dnms θεός@nnmsc ὁ@dgfp θυσία@ngfpc ἀλλά@cs ὁ@ddms τυγχάνω@vpaadms δῆλος@annns- ἐκ@p ὁ@dgns ὁ@dgfs κατά@p ἡμέρα@nafsc τρο@ φημί@ngfsc καί@cs ἄν@cs ὁποῖος@annfs- τις@annfs- οὖν@b οὗτος@rpnfs παρατίθημι@vsap3s οὗτος@rpgfs πρό@p ὁ@dgfp ἀπόλαυσις@ngfpc πᾶς@anamp- ἀπάρχομαι@vnpe-- μικρός@anans- μέν@b ἀλλά@cs ὁ@ddns μικρός@andns- οὗτος@rpdns πᾶς@angns- μᾶλλον@b μέγας@annfs- τις@rpncs εἰμί@vipa3s τιμή@nnfsc διά@p πολύς@angmp- δέ@b ὁ@dnms θεόφραστος@nnmsp ἐκ@p ὁ@dgfp παρά@p ἑκάς@anafs- στοῖχος@ndfpc πάτριος@angnp- ἐπιδείκνυμι@vpaanms ὅτι@cs ὁ@dans παλαιός@annns- ὁ@dgfp θυσία@ngfpc διά@p ὁ@dgmp καρπός1@ngmpc εἰμί@viia3s ὁ@dgnp ἐπετείως@angnp- πρότερος@anans- ὁ@dgfs πόα@ngfsc λαμβάνω@vppegfs καί@b ὁ@dnnp ὁ@dgfp σπονδή@ngfpc ἐξηγέομαι@vipe3s οὗτος@anams- ὁ@dams τρόπος@namsc ὁ@dnnp μέν@b ἀρχαῖος@annnp- ὁ@dgnp ἱερόν@ngnpc νηφάλιος@annnp- παρά@p πολύς@andmp- εἰμί@viia3s νηφάλιος@annnp- δέ@b εἰμί@vipa3s ὁ@dnnp ὑδρόσπονδος@annnp- ὁ@dnnp δέ@cs μετά@p οὗτος@rpanp μελίσπονδος@annnp- οὗτος@rpams γάρ@b ἑτοῖμος@anams- παρά@p μελιττώ@ngmpc πρῶτος@anans- λαμβάνω@viaa1p ὁ@dams ὑγρός@anams- καρπός@namsc εἶτα@b ἐλαιόσπονδος@nanpc τέλος@nnnsc δέ@x ἐπί@p πᾶς@andnp- ὁ@danp ὕστερος@b γίγνομαι@x νώτοις@nvmsc οἰνόσπονδος@annnp-"
"abstin._2.21","μαρτυρέω@vipe3s δέ@b οὗτος@rpnnp οὐ@b μόνος@b ὑπό@p ὁ@dgfp κύρβεις@ngfpc ὅς@rpnfp ὁ@dgmp κρήτηθεν@b εἰμί@vipa3p κορυβαν@nafsp ποιητικός@angnp- ἱερόν@ngnpc οἷος@rpans ἀντίγραφον@ananp- ἄττα@annnp- πρός@p ἀλήθεια@nafsc ἀλλά@cs καί@b παρά@p ἐμπεδοκλῆς@ngmsp ὅς@rpnms περί@p τε@b ὁ@dgmp θυμός@nanpc ὁ@rpgnp καί@cs περί@p ὁ@dgfs θεογονία@ngfsc διέξειμι@vppanms παρεμφαίνω@vipa3s λέγω3@vppanms οὐδέ@b τις@rpnms εἰμί@viia3s ἐκεῖνος@andmp- ἄρης@nnmsp θεός@nnmsc οὐ@b δέ@x κυδοιμός@nnmsp οὐ@x δέ@x ζεύς@nnmsp βασιλεύς@nnmsc οὐ@x δέ@x ὁ@dnms κρόνος@nnmsp οὐ@x δέ@x ὁποσειδείς@nnmsc ἀλλά@cs κύπρις@nnfsp βασίλειον@nnfsc ὅς@rpnfs εἰμί@vipa3s ὁ@dnfs φιλία@nnfsc ὁ@rpafs ὅς@rpnmp γε@x εὐσεβής@andnp- ἄγαλμα@ndnpc ίλάσκομαι@viie3p γραπτός@andnp- τε@x ζῷον@ndnpc μύρον@ndmpc τε@x δαιδάλεος@andnp- σμύρνα@ngfsc τε@x ἄκρατος@angfs- θυσία@ndfpc λίβανος@vpaagms τε@x θυώδης@anafp- ξουθής@angmp- τε@x σπονδή@nafpc μελίτων@ngnpc ῥίπτω@vppanmp εἰς@p οὖδας@nansc ὅσπερ@rpnnp καί@b νῦν@b ἔτι@b σώζω@vipe3s παρά@p ἔνιοι@andmp- οἷος@anans- ἴχνος@nnnpc τις@rpams ὁ@dgfs ἀλήθεια@ngfsc εἰμί@vppannp ταῦρος@ngmpc δέ@cs ἄρρητος@andmp- φόνος@ndmpc οὐ@b δέω@viie3s βωμός@nnmsc"
"abstin._2.22","ὁ@dgfs γάρ@b οἴομαι@vipe1s φιλία@ngfsc καί@cs ὁ@dgfs περί@p ὁ@dans συγγενής@anans- αἴσθησις@ngfsc πᾶς@ananp- κατέχω@vppagfs οὐδείς@rpnms οὐδείς@rpans φονεύω@viia3s οἰκεῖος@ananp- εἰμί@vnpa-- νομίζω@vppanms ὁ@danp λοιπός@ananp- ὁ@dgnp ζῷον@ngnpc ἐπεί@cs δέ@b ἄρης@nnmsp καί@b κυδοιμός@nnmsp καί@b πᾶς@annfs- μάχη@nnfsc καί@cs πόλεμος@ngmpc ἀρχή@nnfsc κατέχω@viaa3s τότε@b πρῶτος@anans- οὐδείς@rpnms οὐδείς@rpnms ὄντως@b φοβέω@viie3s ὁ@dgmp οἰκεῖος@angmp- σκεπτέος@annns- δέ@b ἔτι@b καί@b οὗτος@rpanp ὥσπερ@b γάρ@b οἰκειότης@ngfsc εἰμί@rpgfs ἐγώ@rpdcp πρός@p ὁ@damp ἄνθρωπος@nampc πούς@b ὁ@damp κακοποιός@anamp- καί@b καθά@b ὑπό@p τις@rpgcs πνοή@ngfsc ὁ@dgfs ἴδιος@angfs- φύσις@ngfsc καί@cs μοχθηρία@ngfsc φέρω@vppeamp πρός@p ὁ@dans βλάπτω@vnpa-- ὁ@dams ἐντυγχάνω@vppaams ἀναιρέω@vnpa-- ἡγέομαι@vipm1p δεῖ@vnpa-- καί@cs κολάζω@vnpa-- ἅπας@anamp- οὕτως@b καί@cs ὁ@dgnp ἄλογος@angnp- ζῷον@ngnpc ὁ@danp ἄδικος@ananp- ὁ@dafs φύσις@nafsc καί@cs κακοποιός@ananp- πρός@p τε@b ὁ@dans βλάπτω@nanpc πήσσω@vnpa-- ὁρμάω@vpreanp ὁ@ddfs φύσις@ndfsc ὁ@damp ἐμπελάζω@vppaamp ἀναι@vnpa-- ἔρομαι@vnpa-- ἴσως@b προσήκω@vipa3s ὁ@danp δέ@b μηδείς@rpans ἀδικέω@vppaanp ὁ@dgnp λοιπός@angnp- ζῷον@ngnpc μη@b δέ@cs ὁ@ddfs φύσις@ndfsc πρός@p ὁ@dans βλάπτω@vnpa-- ὥρα@b μῶμαι@vprennp ἀναιρέω@vnpa-- τε@cs καί@cs φονεύω@vnpa-- ἄδικος@annns- δήπου@b ὥστε@cs πέρ@b καί@b ὁ@dgmp ἄνθρωπος@ngmpc ὁ@damp τοιοῦτος@rpamp ὅς@rpans δή@b καί@b ἐμφαίνω@vnpa-- ἔοικα@vira3s δίκαιος@anans- ἐγώ@rpdmp μηδείς@rpans εἰμί@vnpa-- πρός@p ὁ@danp λοιπός@ananp- ὁ@dgnp ζῷον@ngnpc διά@p ὁ@dans βλαβερός@ananp- ἄττα@ananp- οὗτος@rpgnp εἰμί@vnpa-- καί@cs κακοποιός@ananp- ὁ@dafs φύσις@nafsc ὁ@danp δέ@cs μή@b τοιοῦτος@rpanp καθά@b πέρ@b καί@b ὁ@dgmp ἄνθρωπος@ngmpc"
"abstin._2.23","ἆρα@b οὖν@b θυτέος@annns- ὁ@dnnp ὁ@dgns σφάζω@vnpe-- θεός@ndmpc καί@b πῶς@b εἰ@cs γε@b φαῦλος@annnp- ὁ@dafs φύσις@nafsc εἰμί@vipa3s οὐδείς@anans- γάρ@b μᾶλλον@b οὗτος@rpanp ἤ1@cs ὁ@danp ἀνά@p πηρός@ananp- θυτέος@annns- κακός@angnp- δέ@b οὕτως@b ἀπαρχή@nafsc καί@cs οὐ@b τις@rpans μῆς@ngfsc ἕνεκα@p ὁ@dafp θυσία@nafpc ποιέω@vifa1p εἰ@cs δέ@b ἄρα@b θυτέος@annns- ὁ@ddmp θεός@ndmpc ὁ@danp ζῷον@nanpc τέμνω@vpapans ἀδικέω@vppaanp οὗτος@rpgnp ἐγώ@rpacp θυτέος@annns- οὐ@b ἀναιρετέος@annns- δέ@b ὁμολογέω@vpranmp μηδείς@rpans ἐγώ@rpamp ἀδικέω@vppaams ὁ@dgnp λοιπός@angnp- ζῷον@ngnpc ὥστε@cs οὐ@b δέ@cs θύ@voap3s δοτέος@annns- αὐτός@rpanp ὁ@ddmp θεός@ndmpc εἰ@cs οὖν@b οὐ@b τε@cs οὗτος@rpanp θυτέος@annns- οὐ@b τε@cs ὁ@danp κακοποιός@ananp- πῶς@b οὐ@b φανερός@annns- ὅτι@cs πᾶς@angns- μᾶλλον@b -@ λον@anans- ἀφεκτέον@annns- καί@cs οὐ@b θυτέος@annns- εἰμί@vipa3s ὁ@dgnp λοιπός@angnp- ζῷον@ngnpc οὐδείς@rpans ἀναιρέω@vnpa-- γε@b μέντοι@b οὗτος@rpgnp ἕτερος@ananp- ἄττα@ananp- προς@b ἀνήκω@viia3s"
"abstin._2.24","καί@b γάρ@b ἄλλως@b τρεῖς@angnp- ἕνεκα@p θυτέος@annns- ὁ@ddmp θε@ndmpc ὁ@andmp- ἤ1@cs γάρ@b διά@p τιμή@nafsc ἤ1@b διά@p χάρις@nafsc ἤ1@cs διά@p χρεία@nafsc ὁ@dgmp ἀγαθός@angnp- καθά@cs γάρ@b ὁ@ddmp ἀγαθός@andmp- ἀνήρ@ndmpc οὕτως@b καί@b ἐκεῖνος@rpdmp ἡγέομαι@vipm1p δεῖ@vnpa-- ποιέω@vnpe-- ὁ@dafp ἀπαρχή@nafpc τις@rpans μῶμαι@vspa1p δέ@b ὁ@damp θεός@nampc ἤ1@cs κακός@angnp- μέν@b ἀποτροπή@nafsc ἀγα@ananp- τίθημι@angnp- δέ@b παρασκευή@nafsc ἐγώ@rpdcp γίγνομαι@vnam-- ζητέω@vppanmp ἤ1@cs προπάσχω@vpranmp εὖ@ ἤ1@cs ἵνα@cs τυγχάνω@vsaa1p ὠφέλεια@ngfsc τις@angfs- ἤ1@cs κατά@p ψιλός@anafs- ὁ@dafs ὁ@dgfs ἀγαθός@angfs- αὐτός@rpgmp ἕξις@ngfsc ἐκτίμησις@nafsc ὥστε@b καί@b ὁ@dgnp ζῷον@ngnpc εἰ@cs ἀπαρκτέον@annns- αὐτός@rpnnp θεός@ndmpc ὁ@rpgns ὁ@rpgnp τις@rpgns ἕνεκα@p θυτέος@annns- καί@b γάρ@b ὅς@rpanp θύω@vipa1p ὁ@rpgns ὁ@rpgmp τις@rpgcs ἕνεκα@p θύω@vipa1p ἆρα@b οὖν@b τιμή@ngfsc ἡγέομαι@voam3s ἄν@b τυγχάνω@vnpa-- ἐγώ@rpgmp ὁ@dnms θεός@nnmsc ὅταν@cs ἀδικέω@vppanmp εὐθύς2@b θεά@nnfsc ὁ@dgfs ἀπαρχή@ngfsc φαίνω@vspe1p ἤ1@cs μᾶλλον@b ἀτιμία@nafsc οἴομαι@voae3s ἄν@b ὁ@dans τοιοῦτος@rpans δράω@vnpa-- ἐν@p ὁ@ddns δέ@b γε@b θύω@vnpa-- ἀναιρέω@vnpa-- τε@ ὁ@danp μηδείς@rpans δικάζω@vppaanp ὁ@dgnp ζῷον@ngnpc ἀδικέω@vnfa-- ὁμοῖος@b λογέω@vipa1p ὥστε@b τιμή@ngfsc μέν@x ἕνεκα@p οὐ@b θυτέος@annns- ὁ@dgnp λοῖος@annmp- -@dgnp πῶ@angnp- ζῷον@ngnpc οὐδείς@anans- οὐ@b μήν@b οὐ@b δέ@cs ὁ@dgfp εὐεργεσία@ngfpc χάρις@nafsc αὐτός@rpdmp ἀποδίδωμι@vppaamp ὁ@dnms γάρ@b ὁ@dafs δίκαιος@anafs- ἀμοιβή@nafsc ὁ@dgfs εὐεργεσία@ngfsc καί@cs ὁ@dgfs εὐποιία@ngfsc ὁ@dans ἀντάξιος@anans- ἀποδιώκει@vipa3s δίδωμι@vpaanms οὐ@b ἐκ@p ὁ@dgns κακός@b τις@rpamp δράω@vnpa-- ὀφείλω@vipa3s οὗτος@rpanp παρέχω@vnpa-- οὐδείς@anans- γάρ@b μᾶλλον@b ἀμείβω@vnpe-- δοκέω@vifa3s ἤ1@cs καί@b ἄν@cs εἰ@cs ὁ@danp ὁ@dgms πέλας@b ἁρπάζω@vpaanms τις@rpnms στεφανόω@vopa3s τις@rpamp ὡς@b χάρις@nafsc ἀποδίδωμι@vppanms καί@cs τιμή@nafsc ἀλλά@cs οὐ@b δέ@cs χρεία@ngfsc τις@angfs- ἕνεκα@p ὁ@dgnp ἀγαθός@angnp- ὁ@dnms γάρ@x ἄδικος@andfs- πρᾶξις@ndfsc ὁ@dans πάσχω@vnaa-- εὖ@b θηρεύω@vppanms ὕποπτος@annms- εἰμί@vipa3s μη@x δέ@x εὖ@b πάσχω@vpaanms χάρις@nafsc ἔχω@vnfa-- ὥστε@b οὐ@b δέ@cs ἐλπίζω@vppegfs εὐεργεσία@ngfsc θυτέος@annns- εἰμί@vipa3s ὁ@ddmp θεός@ndmpc ζῷον@nnnpc καί@b γάρ@b δή@b ὁ@dgmp μέν@b ἄνθρωπος@ngmpc λανθάνω@voaa3s τις@rpnms ἄν@b ἴσως@b τις@rpams οὗτος@rpans πράσσω@vppanms ὁ@dams δέ@cs θεός@namsc ἀμήν@b χάσκω@namsc καί@b λανθάνω@vnaa-- εἰ@cs τοίνυν@b θυτέος@annns- μέν@b οὗτος@rpgnp τις@rpgns ἕνεκα@p οὐδείς@rpgns δέ@b οὗτος@rpgnp χάρις@p αὐτός@rpans πρα@annfs- κτέον@annns- δῆλος@annns- ὡς@cs οὐ@b θυτέος@annns- εἰμί@vipa3s ζῷον@nnnsc ὁ@dans παράπαν@b ὁ@ddmp θεός@ndmpc"
"abstin._2.25","ὁ@ddfp γάρ@b ἐκ@p ὁ@dgnp θῦμα@ngnpc ἀπόλαυσις@ndfpc ὁ@dans περί@p οὗτος@rpgnp ἀληθής@anans- ἐξαλείφω@vnpa-- πειράω@vppenmp λαν@vipa3p θνήσκω@vipa1p ἐγώ@rpamp αὐτός@anamp- οὐ@b γάρ@b δή@b ὁ@dams θεός@namsc ὁ@dgnp μέν@b οὖν@b ἄτιμος@angnp- ζῷον@ngnpc ὅς@rpnnp μηδείς@rpafs εἰς@p ὁ@dams βίος@namsc ἐγώ@rpdmp παρέχω@vipe3s χρεία@nafsc καί@cs ὁ@dgnp οὐδείς@rpafs ἀπόλαυσις@nafsc ἔχω@vppagnp οὐδείς@rpans θύω@vipa1p ὁ@ddmp θεός@ndmpc τις@rpnms γάρ@b δή@b πω@b ποτέ@b θύω@viaa3s ὄφις@nampc καί@cs σκορπίος@anamp- ὒ@i πίθηκος@nampc ἤ1@cs τις@rpans ὁ@dgnp τοιοῦτος@rpgnp ζῷον@ngnpc ὁ@dgmp δέ@b ὁ@ddmp βίος@ndmpc ἐγώ@rpgmp χρεία@nafsc τις@rpacs παρέχω@vppegmp ἤ1@cs καί@b τις@rpans εἰς@p ἀπόλαυσις@nafsc ἐν@p αὐτός@rpdmp ἔχω@vppagmp οὐδείς@rpgms ἀπέχω@vipe1p σφάζω@vppanmp ὡς@b ἀληθής@b καί@cs δέρω@vppanmp ἐπί@p προστασία@ngfsc ὁ@dgms θεῖος2@ngmsc βοῦς@nampc γάρ@b καί@cs πρόβατον@nanpc πρός@p τε@b οὗτος@rpdnp ἔλαφος@nampc καί@cs ὄρνις@nampc αὐτός@rpamp τε@cs ὁ@damp καθαριότης@ngfsc μέν@b οὐδείς@rpans κοινωνέω@vppaamp -@nampc ὁ@nampc ἀπόλαυσις@nafsc δέ@cs ἐγώ@rpdmp παρέχω@vppaamp σίαλος@nampc σφήτ@rpanp τοτε@vifa1p ὁ@ddmp θεός@ndmpc ὅς@rpgnp ὁ@dnnp μέν@b ὁ@ddmp βίος@ndmpc ἐγώ@rpgmp ἐπί@p κουρεύς@vipa3s συμπονέω@vppaams ὁ@danp δέ@cs εἰς@p τροφή@nafsc ἤ@cs τις@rpacp ἄλ@rpamp λας@nampc χρεία@ngfsc ἔχω@vipa3s βοήθεια@nafsc ὁ@dnnp δέ@b οὐδείς@rpans οὗτος@rpgnp δράω@vppannp διά@p ὁ@dafs ἐκ@p αὐτός@rpgnp ἀπόλαυσις@nafsc ὅμοιος@b ὁ@ddmp ἔχω@vppadmp ὁ@dans χρήσιμος@anans- ὑπό@p ὁ@dgmp ἄνθρωπος@ngmpc ἀπόλλυμι@vipe3s ὁ@ddfp θυσία@ndfpc ἀλλά@cs οὐ@b ὄνος@nampc οὐ@b δέ@x ἐλέφας@nampc οὐ@b δέ@x ἄλλος@rpans ὁ@dgmp συμπονέω@vppagmp μέν@b οὐ@b ἔχω@vppagmp δέ@cs ἀπό@p λαυσαν@nvfsc θύω@vipa1p καίτοι@b καί@b χωρίς@p γε@b ὁ@dgns θύω@vnpa-- οὐ@b ἀπέχω@vipe1p ὁ@dgnp τοιοῦτος@rpgnp σφάζω@vppanmp διά@p ὁ@dafp ἀπό@p λαύω@nafpc καί@cs θύω@vipa1p αὐτός@rpgmp ὁ@dgmp θύσιμος@angmp- οὐ@b ὁ@danp ὁ@ddmp θεός@ndmpc πολύς@anans- δέ@cs μᾶλλον@b ὁ@danp ὁ@ddfp ὁ@dgmp ἄνθρωπος@ngmpc ἐπί@p θυμία@ndfpc χαρίζομαι@vpreanp καταμαρτυρέω@vppanmp ἐγώ@rpgcp αὐ@an---- ὁ@dgmp ὅτι@cs ὁ@dgfs ἀπόλαυσις@ngfsc χάρις@p ἐμμένω@vipa1p ὁ@ddnp σύ@rpd-s -@vppenmp οὗτος@andnp- θῦμα@ndnpc"
"abstin._2.26","καίτοι@b σύρος@ngmpp μέν@b ἰουδαῖος@nnmpp διά@p ὁ@dafs ἐκ@p ἀρχή@ngfsc θυσία@nafsc ἔτι@b καί@cs νῦν@b φημί@vipa3s ὁ@dnms θεόφρα@nnmsp στς@nnmsc ζῳοθυτέω@vppanmp εἰ@cs ὁ@dams αὐτός@anams- ἐγώ@rpamp τρόπος@namsc ἄν@b λεύσσω@vopa3p θύω@vnpa-- ἀφεστήξω@voaa1p ἄν@b ὁ@dgfs πρᾶξις@ngfsc οὐ@b γάρ@b ἑστιάω@vppenmp ὁ@dgnp θύω1@vpapgnp ὁλοκαυτέω@vppanmp δέ@cs οὗτος@rpanp νύξ@ngfsc καί@cs κατά@p αὐτός@rpgmp πολύς@anans- μέλι@nansc καί@cs οἶνος@namsc λείβω@vppanmp ἀναλίσκω@viia3p ὁ@dafs θυσία@nafsc ταχύς@anansc εἷς@namsc ὁ@dgms δέω@ νόος@ngmsc μή@cs ὁ@dnms πανόπτης@nnmsc γίγνομαι@voam3s θεατής@nnmsc καί@cs οὗτος@rpans δράω@vipa1s σιν@vipa3p νηστεύω@vppanmp ὁ@dafp ἀνά@p μέσος@anans- οὗτος@rpgnp ἡμέρα@nafpc κατά@p δέ@b πᾶς@anams- οὗτος@anams- ὁ@dams χρόνος@namsc ἅτε@b φιλόσοφος@annmp- ὁ@dans γε@n---c -@vira3s νος@nnmsc εἰμί@vppanmp περί@p ὁ@dgns θεῖος2@angns- μέν@b ἀλλήλων@rpdmp λαλέω@vipa3p ὁ@dgfs δέ@cs νύξ@ngfsc ὁ@dgnp ἄστρον@ngnpc ποιέω@vipe3p ὁ@nafsc βλέπω@vppanmp εἰς@p αὐτός@rpanp καί@cs διά@p ὁ@dgfp εὐχή@ngfpc θεοκλυτέω@vppanmp τε@vpaanmp κατάρχω@viam3p γάρ@b οὗτος@rpnmp πρῶτος@annmp- ὁ@dgnp τε@b λοιπός@angnp- ζῷον@ngnpc καί@cs σφεῖς@rpgmp αὐτός@angnp- ἀνάγκη@ndfsc καί@cs οὐ@b ἐπιθνήσκω@andfs- -@ndfsc μίᾳ@ndfsc οὗτος@rpans πράσσω@vpaanmp μανθάνω@voaa3s δέ@b ἄν@b τις@rpnms ἐπιβλέπω@vpaanms ὁ@damp λόγιος@anamps πᾶς@angmp- αἰγύπτιος@nampp ὅς@rpnmp τοσοῦτος@anans- ἀπέχω@viia3p ὁ@dgns φονεύω@vnpa-- τις@rpans ὁ@dgnp λοιπός@angnp- ζῷον@ngnpc ὥστε@cs ὁ@dafp οὗτος@rpgnp εἰκών@nafpc μίμημα@nanpc ὁ@dgmp θεός@ngmpc ποιέω@viie3p οὕτως@b οἰκεῖος@ananp- καί@cs συγγενής@ananp- οὗτος@rpanp ὁ@ddmp θεός@ndmpc νομίζω@viia3p εἰμί@vnpa-- καί@cs ὁ@ddmp ἄνθρωπος@ndmpc"
"abstin._2.27","ἀπό@p ἀρχή@ngfsc μέν@b γάρ@b ὁ@dnfp ὁ@dgmp καρπός1@ngmpc γίγνομαι@viie3p ὁ@ddmp θεός@ndmpc θυσία@nnfpc χρόνος@ndmsc δέ@b ὁ@dgfs ὁσιότης@ngfsc ἐγώ@rpgmp ἐξαμελέω@vpaagmp ἐπεί@cs καί@b ὁ@dgmp καρπός1@ngmpc σπανίζω@viaa3p καί@cs διά@p ὁ@dafs ὁ@dgfs νόμιμος@angfs- τρο@ngfsc φημί@ngfsc ἔνδεια@nafsc εἰς@p ὁ@dans σαρκοφαγέω@vnaa-- ἀλλήλων@rpgmp ὁρμάω@viaa3s τότε@b μετά@p πολύς@angfp- λιτή@ngfpc ικετεύω@vppanmp ὁ@dans δαιμόνιον@nansc σφεῖς@rpgmp αὐτός@angmp- ἀπάρχομαι@viam3p ὁ@ddmp θεός@ndmpc πρῶτος@anans- οὐ@b μό@anans- νον@nnnsc ὅς@rpnns τις@annns- καλός@annnss ἐνεἰμί@viia3s αὐτός@rpdmp καί@cs οὗτος@rpans ὁ@ddmp θεός@ndmpc καθοσιόω@vppanmp ἀλλά@cs καί@b πέρα@b ὁ@dgnp καλός@angnps προς@p ἐπιλαμβάνω@vppanmp ὁ@dgns γένος@ngnsc ἀπό@p ὅς@rpgns μέχρι@p ὁ@dgns νῦν@b οὐ@b ἐν@p ἀρκαδία@ndfsp μόνος@anans- ὁ@ddmp αυκαῖος@ndmpp οὐ@b δέ@cs ἐν@p καρ@ndmsp χθών@ndnsc ὁ@ddns κρόνος@ndmsp κοινῇ@b πᾶς@annmp- ἀνθρωποθυτέω@vipa3p ἀλλά@cs κατά@p περίοδος@nafsc ὁ@dgfs ὁ@dgns νόμιμος@angms- χάρις@p μνήμη@ngfsc ἐμφύλιος@anans- αἷμα@nansc ῥαίνω@vipa3p πρός@p ὁ@damp βωμός@nampc καίπερ@b ὁ@dgfs παρά@p αὐτός@rpdmp ὅσιος@ngfsc ἐξέργω@vppagfs ὁ@dgnp ἱερόν@ngnpc ὁ@ddnp κεριρραντήριον@ndnpc κήρυγμα@ndnsc εἰ@cs τις@rpnms αἷμα@ngnsc ἄνθρωπος@ngmsc πόπος@ngmsc μεταίτιος@annms- ἐντεῦθεν@b οὖν@b μεταβαίνω@vppanmp ὑπόἀλκμή@p λαγμα@nansc πρός@p ὁ@dafp θυσία@nafpc ὁ@dgnp ἴδιος@angnp- ποιέω@viie3p σώμα@nansc ὁ@rpgnp ὁ@danp ὁ@dgnp λοιπός@angnp- ζῷον@ngnpc σῶμα@nanpc καί@cs πάλιν@b κόρος@ndmsc ὁ@dgfs νόμιμος@angfs- τροφή@ngfsc εἰς@p ὁ@dafs περί@p εὐσέβεια@ngfsc λήθη@nafsc εἶμι@vppanmp ἐπιβαίνω@vppanmp ἀσέλγεια@andfs- καί@cs οὐδείς@rpans ἄγευστος@anans- οὐ@b δέ@cs ἄβρωτος@anans- περιλείπομαι@vppanmp ὅσπερ@rpnns καί@b περί@p ὁ@dafs ἐκ@p ὁ@dgmp καρπός1@ngmpc τροφή@nafsc νῦν@b συμβαίνω@vipa3s περί@p πᾶς@anamp- ὅταν@cs γάρ@b ὁ@ddfs προσφορά@ndfsc ὁ@dafs ἀναγκαῖος@anafs- ἔνδεια@nafsc πού@b φείδομαι@vsam3p ζητέω@vppanmp ὁ@dgms κόρος@ngmsc ὁ@dans περισσός@anans- ἐκποθέω@p νοέω@vipa3p πρός@p βρῶσις@nafsc πολύς@ananp- ὁ@dgnp σωφροσύνη@ngfsc ἔξω@b κεῖμαι@vppegnp ὅθεν@b ὡς@b οὐ@b ἄτιμος@ananp- ποιέω@vppenmp ὁ@danp θεός@ndmpc θῦμα@nanpc γεύω@vnam-- οὗτος@rpgmp προάγω@viap3p καί@cs διά@p ὁ@dafs ἀρχή@nafsc ὁ@dgfs πρᾶξις@ngfsc οὗτος@rpgfs προσθήκη@nnfsc ὁ@dnfs ζωο@ngmsc φαγία@nnfsc γίγνομαι@vira3s ὁ@ddfs ἀπό@p ὁ@dgmp καρπός1@ngmpc τροφή@ndfsc ὁ@ddmp ἐν@p ἄνθρωπος@ndmpc καθά@cs οὖν@b ὁ@dans παλαιός@anans- ἀπάρχομαι@viam3p τε@b ὁ@ddmp θεός@ndmpc ὁ@dgmp καρπός1@ngmpc καί@cs ὁ@dgnp ἀπάρχω@vpapgnp ἀσπα@ananp- στώς@b μετά@p ὁ@dafs ὁσία@nafsc γεύω@viam3p οὕτως@b ὁ@dgnp ζῷον@ngnpc κατάρχω@vpamnmp ὁ@dans αὐτός@rpans ἡγέομαι@viim3p δεῖ@vnpa-- οὗτος@rpans δράω@vnpa-- καί@b πέρ@b ὁ@dans ἀρχαῖος@anans- οὐ@b οὕτως@b ὁ@dgfs ὅσιος@ngfsc οὗτος@rpanp βραβεύς@viia3s σάω@vpaagfs ἀλλά@cs ἐκ@p ὁ@dgmp καρπός1@ngmpc ἕκαστος@anams- ὁ@dgmp θεῖος2@ngmpc τις@rpans μῶλος@vppanmp ὁ@rpdmp μέν@x γάρ@x ὅς@dnfs τε@x φύσις@nnfsc καί@cs πᾶς@annfs- ὁ@dgmp ἐν@p -@ ἄνθρωπος@ngmpc ὁ@dnfs ὁ@dgfs ψυχή@ngfsc αἴσθησις@nnfsc δράω@vppedmp συνη@vila3s ἀρέομαι@viie3s ταῦρος@ngmpc δέ@x ἄρρητος@andmp- φόνος@ndmpc οὐ@b δέω@viie3s βωμός@nnmsc ἀλλά@cs μύσος@nnnsc οὗτος@annns- εἰμί@viie3s ἐν@p ἄνθρωπος@ndmpc μέγας@annns- θυμός@namsc ἀπορραίω@vpaaamp ἔδω@vn-a-- εἶμι@ananp- γυῖον@nanpc"
"abstin._2.28","θεωρέω@vnaa-- δέ@b εἰμί@vipa3s ἐκ@p ὁ@dgms περί@p δῆλος@nafsp ἔτι@b σώζω@vppegms βωμός@ngmsc πρός@p ὅς@rpams οὐδείς@rpgns προσάγω@vppegms παρά@p αὐτός@rpdmp οὐ@b δέ@cs θύω1@vppegns ἐπί@p αὐτός@angns- ζώιον@ngnsc εὐσε@b βοῦς@nnmsc καλέω@vire3s βωμός@nnmsc οὕτως@b οὐ@b μόνος@anans- ἀπέχω@viie3p ὁ@dgnp ζῷον@ngnpc θύω@vppanmp ἀλλά@cs καί@b ὁ@ddnp ἱδρύω@vpamdmp ὁ@dgns ὁ@dams ὅμοιος@b καί@cs ὁ@ddmp χράω2@vppedmp αὐτός@rpdns μεταδίδωμι@viaa3p ὁ@dgfs εὐσέβεια@ngfsc διά@p ὅσπερ@rpans ὁ@dnmp πυθαγόρειος@nnmpp οὗτος@rpans παραδεδω@vmra2s χέω@vpamnmp κατά@p μέν@b ὁ@dams πᾶς@anams- βίος@namsc ἀπέχω@viie3p ὁ@dgfs ζωο@ngmsc φαγίας@ngfsc ὅτε@cs δέ@cs εἰς@p ἀπαρχή@nafsc τις@rpans ὁ@dgnp ζῷον@ngnpc ἀντί@p ἑαυτοῦ@rpgns ὁ@dgnp μερίζω@voaa3p ὁ@ddmp θεός@ndmpc οὗτος@rpgns γεύω@vpamnmp μόνος@anans- πρός@p ἀλήθεια@nafsc ἄθικτος@annmp- ὁ@dgmp λοιπός@angmp- εἰμί@vppanmp ζάω@viia3p ἀλλά@b οὐ@b ἐγώ@rpnmp ἐμπίπλημι@vppenmp δέ@b εἰς@p πολλοστός@anans- ἀφικνέομαι@viaa3p μένω@vmpa2s ὁ@dgfs ἐν@p οὗτος@rpdnp παρά@p ὁ@dams βίος@namsc παρανομία@ngfsc καί@b γάρ@b οὐ@b τε@b φόνος@ndmsc ὁ@damp ὁ@dgmp θεός@ngmpc βωμός@nampc χραίνω@vnpa-- δεῖ@vipa3s οὐ@b τε@cs ἁπτέον@annns- ὁ@ddmp ἄνθρωπος@ndmpc ὁ@dgfs τοιοῦτος@angfs- τροψός@ngfsc ὡς@cs οὐ@b δέ@cs ὁ@dgnp ἴδιος@angnp- σῶμα@ngnpc ἀλλά@cs ποιητέος@annns- παράγω@nnnsc γεμα@nnnsc ὁ@ddms πᾶς@andms- βίος@ndmsc ὁ@dnns ἐν@p ἀθῆναι@ndfpp ἔτι@b σώζω@vppeans"
"abstin._2.29","ὁ@dans γάρ@b παλαιός@anans- ὡς@cs καί@b πρόσθεν@b λέγω3@viia1p καρπός1@nampc ὁ@ddmp θεός@ndmpc ὁ@dgmp ἄνθρωπος@ngmpc θύω@vppagmp ζῷον@nanpc δέ@b οὐ@b οὐ@b δέ@cs εἰς@p ὁ@dafs ἴδιος@anafs- τροφή@nafsc καταχράομαι@vpregmp λέγω3@vipe3s κοινός@angfs- θυσία@ngfsc εἰμί@vppagfs ἀθήνησιν@b δίομος@namsp ἤ1@cs σώπατρος@namsp τις@anams- ὁ@ddns γένος@ndnsc οὐ@b ἐγχώριος@anams- γεωργέω@vppaams δέ@cs κατά@p ὁ@dafs ἀττική@nafsp ἐπεί@cs πελάνος@ngnsc τε@b καί@cs ὁ@dgnp θύλημα@ngnpc ἐπί@p ὁ@dgfs τρέπω@ngfsc -@angfs- ζη@ngfsc ἐναργής@b κεῖμαι@vppegnp ἵνα@cs ὁ@ddmp θεός@ndmpc οὗτος@rpnnp θύω@vopa3s ὁ@dgmp βοῦς@ngmpc τις@rpnms εἴσειμι@vppanms ἀπό@p ἔργον@ngnsc ὁ@danp μέν@b κατεσθίω@viaa3s ὁ@danp δέ@cs συμπατέω@viaa3s αὐτός@rpams δέ@b ὑπεραγανακτέω@vpaaams ὁ@ddms συμ@ -@ βαίνω@vpaadms πέλεκυς@ngmsc τις@rpg-s πλησίος@b ἀκονάω@vppegms ὁ@dgns ὁ@rpams ἁρπάζω@vpaaams πατάσσω@vnaa-- ὁ@dams βοῦς@nacsc τελευτάω@vpaagms δέ@b ὁ@dgms βοῦς@ngmsc ὡς@cs ἔξω@p ὁ@dgfs ὀργή@ngfsc καθίστημι@vpaanms σύν@viaa3s νέω@viaa3s οἷος@anans- ἔργον@nansc εἰμί@viia3s ἐργάζομαι@vprenms ὁ@dams μέν@b βοῦς@namsc θάπτω@vipa3s φυγή@nafsc δέ@cs ἑκούσιος@anafs- ἀείρω@vpamnms ὡς@b ἀσεβέω@vpranms φεύγω@viaa3s εἰς@p κρήτη@nafsp αὐχμός@ngmpc δέ@b κατέχω@vppagmp καί@cs δεινός@angfs- ἀκαρπία@ngfsc γίγνομαι@vpamgfs ἐπερωτάω@vipa3p κοινῇ@b ὁ@dams θεός@namsc ἀναιρέω@viaa3s ὁ@dnfs πυθία@nnfsp ὁ@dams ἐν@p κρήτη@ndfsp φυγάς@namsc οὗτος@rpanp λύω@vnfa-- ὁ@dams τε@b φονεύς@namsc τιμωρέω@vpamgmp καί@cs ὁ@dams τε@cs θνήσκω@namsc ἀνίστημι@vpaagmp ἐν@p ᾗπερ@rpdfs ἀποθνήσκω@viaa3s θυσία@ndfsc λωίων@anams- εἰμί@vnfm-- γεύω@vpamdmp τε@b ὁ@dgms θνήσκω@vpragms καί@cs μή@b καί@ananp- ταχέω@vppadmp ὅθεν@b ζήτησις@ngfsc γίγνομαι@vpamgfs καί@cs ὁ@dgms σω@ngmsp πάτρος@ngnsc μετά@p ὁ@dgfs πρᾶξις@ngfsc ἀνευρίσκω@vpapgms σώπατρος@nnmsp νομίζω@vpaanms ὁ@dgfs περί@p αὐτός@rpams δυσκολία@ngfsc ἀπαλλάσσω@vnfm-- ὡς@b ἐναγής@angfs- εἰμί@vppagms εἰ@cs κοινῇ@b οὗτος@rpans πράσσω@voaa3p πᾶς@annmp- φημί@viia3s πρός@p ὁ@damp αὐτός@rpams μετέρχομαι@vpaaamp δεῖ@vnpa-- κατακοίνω@b πῄς@vnap-- βοῦς@namsc ὑπό@p ὁ@dgfs πόλις@ngfsc ἀπορέω@vppagmp δέ@b τις@rpnms ὁ@dnms πατάσσω@vpfanms εἰμί@vifm3s παρέχω@vnaa-- αὐτός@rpdmp οὗτος@rpans εἰ@cs πολίτης@namsc αὐτός@rpams ποιέω@vpamnmp κοινωνέω@vifa3p ὁ@dgms φόνος@ngmsc σύν@angnp- χωρέω@vpapgnp οὖν@b οὗτος@rpgnp ὡς@cs ἐπανέρχομαι@viaa3p ἐπί@p ὁ@dafs πού@nafsc λίν@nafsc συντάσσω@viaa3p οὕτως@b ὁ@dafs πρᾶξις@nafsc ὅς@rpnfs καί@b νῦν@b διά@vipa3s -@vile3s μένω@vipa3s παρά@p αὐτός@rpdmp"
"abstin._2.30","ὑδροφόρος@anafp- παρθένος@nafpc καταλείπω@viaa3p -@viaa3p ξαν@viaa3p ὁ@dnfp δέ@b ὕδωρ@nansc κομίζω@vipa3p ὅπως@cs ὁ@dams πέλεκυς@namsc καί@cs ὁ@dafs μάχαιρα@nafsc ἀκονάω@vsaa3p ἀκονάω@vpaagmp δέ@b ἔπειμι@b δίδωμι@viaa3s μέν@b ὁ@dams πέλεκυς@namsc ἕτερος@annms- ὁ@dnms δέ@b πατάσσω@viaa3s ὁ@dams βοῦς@namsc ἄλλος@rpnms δέ@cs σφάζω@viaa3s ὁ@rpgmp δέ@b μετά@p οὗτος@rpanp δειρή@ngfpc -@ngmdc ὁ@angmp- γεύω@viam3p ὁ@dgms βοῦς@ngmsc πᾶς@annmp- οὗτος@rpgnp δέ@b πρα@ananp- φέρω@vpapgmp ὁ@dafs μέν@b δορά@nafsc ὁ@dgms βοῦς@ngmsc ῥάπτω@vpaanmp καί@cs χορ@nansc τις@rpdms ἐπογκόω@vpaanmp ἐξανίστημι@viaa3p ἔχω@vppaams ὁ@dans αὐτός@rpans ὅσπερ@rpnns καί@b ζάω@vppanns ἔχω@viaa3s σχῆμα@nnnsc καί@cs προσζεύγνυμι@viaa3p ἄροτρον@nansc ὡς@b ἐργάζομαι@vppedms κρίσις@nafsc δέ@b ποιέω@vppenmp ὁ@dgms φόνος@ngmsc πάν@anafs- ὁ@nampc καλέω@viia3p εἰς@p ἀπολογία@nafsc ὁ@damp ὁ@dgfs πρᾶξις@ngfsc κε@b νωνέω@vpaaamp ὡς@cs δέ@b εἰ@b μέν@b ὑδροφόρος@annmp- ὁ@damp ἀκοή@ananp- σαν@nampc αὐτός@rpgmp αἰτιάομαι@viie3p μᾶλλον@b ὁ@dnmp δέ@b ἀκονάω@vpaanmp ὁ@dams ἐπιδίδωμι@vpaaams ὁ@dams πέλεκυς@namsc οὗτος@rpnms δέ@cs ὁ@dams ἐπισφάζω@vpaaams καί@cs ὁ@dnms οὗτος@rpans δράω@vpaanms ὁ@dafs μάχαιρα@nafsc κατά@p ὅς@rpgfs εἰμί@vppagfs ἄφωνος@angms- ὁ@dams φόνος@namsc καταγιγνώσκω@viaa3p ἀπό@p δέ@b ἐκεῖνος@rpgns μέχρι@p ὁ@dgns νῦν@b ἀεί@b ὁ@ddmp διπολεία@andmp- ἀθήνησιν@b ἐν@p ἀκρο@ananp- -@dnfp πόλις@ndfsc ὁ@dnmp ἐρῶ@vprenmp ὁ@dams αὐτός@anams- τρόπος@namsc ποιέω@vipe3p ὁ@dafs ὁ@dgms βοῦς@ngmsc θυσία@nafsc τίθημι@vpaanmp γάρ@b ἐπί@p ὁ@dgfs χάλκεος@ngfsc τρα@nanpc πέζα@ngfsc πέλανος@namsc καί@cs ψαστός@ananp- περιελαύνω@vipa3p ὁ@damp καί@b τανεμέω@vpapamp βοῦς@nampc ὅς@rpgmp ὁ@dnms γεύω@vpamnms κόπτω@vipe3s καί@cs γένος@nnnpc ὁ@dgmp οὗτος@ananp- δράω@vppagmp εἰμί@vipa3s νῦν@b ὁ@dnmp μέν@b ἀπό@p ὁ@dgms πατάσσω@vpaagms σώπαττρον@ngmsp βουτύπος@nnmpc καλέω@vppenmp πᾶς@annmp- ὁ@dnmp δέ@cs ἀπό@p ὁ@dgms περιελαύνω@vpaagms κεντώνιος@nnfpc ὁ@damp δέ@b ἀπό@p ὁ@dgms ἐπισφάζω@vpaagms δαιτρός@nampc ὀνομάζω@vmpe2s σιν@vipa3p διά@p ὁ@dafs ἐκ@p ὁ@dgfs κρεανομία@ngfsc γίγνομαι@vppeafs δαίς@nafsc πληρόω@vpaanmp δέ@b ὁ@dafs βύρσα@nafsc ὅταν@cs πρός@p ὁ@dafs κρίσις@nafsc ἄγω@vsap3p καταποντίζω@viaa3p ὁ@dafs μάχαιρα@nafsc"
"abstin._2.31","οὕτως@b οὐ@b τε@b ὁ@dans παλαιός@anans- ὅσιος@annns- εἰμί@viia3s κτείνω@vnpa-- ὁ@danp συνεργός@ananp- ὁ@ddmp βίος@ndmpc ἐγώ@rpgcp ζῷον@nanpc νῦν@b τε@cs οὗτος@rpnns φυλακτέος@annns- εἰμί@vipa3s πράσσω@vnpa-- καί@b καθά@cs πρότερος@anans- οὐ@b ὅσιος@annns- εἰμί@viia3s ὁ@ddmp ἄνθρωπος@ndmpc ἅπτω@vnpe-- οὗτος@rpgnp οὕτως@b νῦν@b τροφή@ngfsc χάρις@p ἅπτω@ananp- αι@vnpe-- ὁ@dgnp ζῷον@ngnpc οὐ@b ὅσιος@annns- ἡγητέον@annns- οὐ@b δέ@b ἄρα@b οὗτος@rpans διά@p ὁ@dafs πρός@p ὁ@dans θεῖος1@anans- ἁγιστεία@nafsc ποιητέος@annns- ἀλλά@cs ὅτι@cs γε@b ὁ@dans πάθος@nansc ἐκ@p ὁ@dgnp σῶμα@ngnpc κατά@p ἑαυτοῦ@rpans πᾶς@anans- ἐκ@vipa3s πεμπτέος@annns- οὗτος@rpans ἵνα@cs μή@b ὁ@dgfs τροφή@ngfsc ἐκ@p ὅς@rpgfp οὐ@b προς@p ἀνήκω@viia3s πορίζω@vppegfs σύνοικος@anans- ἔχω@vspa1p ὁ@dans μίασμα@nansc ὁ@ddmp ἴδιος@andmp- βίος@ndmpc καί@cs γάρ@b εἰ@cs μηδείς@rpnns ἄλλος@rpnns πρός@p γε@b ὁ@dafs κατά@p ἀλλήλων@rpgmp ἐκεχειρία@nafsc μέγας@ananp- πᾶς@annmp- ὀνίνημι@voap1p ἄν@b ὅς@rpdmp γοῦν@b ὁ@dnfs αἴσθησις@nnfsc ὁ@dgns ὁ@dgnp ἀλλόφυλος@angnp- ἅπτω@ananp- -@vnpe-- αι@vnpe-- ζῷον@ngnpc ἀποκλίνω@viia3s οὗτος@rpgnp ὁ@dnms νόος@nnmsc πρόδηλος@annms- εἰμί@vipa3s ὁμόφυλος@angnp- ἀπέχω@vpfmnms πᾶς@angnp- μέν@b οὖν@b ἴσως@b εἰμί@viia3s κράτιστος@annns- εὐθύς2@b ἀπέχω@vnam-- ἐπεί@cs δέ@cs ἀναμάρτω@nnfsc -@annms- τος@nnmsc οὐδείς@rpnms λοιπός@anans- ἀκέομαι@vnpe-- ὁ@ddmp ὕστερος@b διά@p ὁ@dgmp καθαρμός@ngmpc ὁ@dafp πρόσθεν@b περί@p ὁ@dafs τροφή@nafsc ἁμαρτία@nafpc οὗτος@annns- δέ@x ὅμοιος@b γίγνομαι@voam3s ἄν@x εἰ@cs πρό@p ὄμμα@ngnpc ποι@vopa3s μένος@vpamnmp ὁ@dans δεινός@anans- ἀνευφημέω@voaa1p κατά@p ὁ@dams ἐν@namsp πεδοκλῆς@vira1s λέγω3@vppanmp οἴμοι@i ὅτε@cs οὐ@b πρόσθεν@b ἐγώ@rpafs διόλλυμι@viaa3s νηλής@annns- ἦμαρ@nnnsc πρίν@cs σχέτλιος@ananp- ἔργον@nanpc βορά@ngfsc περί@p χεῖλος@ndnpc μητίομαι@vnam-- ὁ@dans γάρ@b ὁ@ddnp ἁμάρτημα@ndnpc συναλγέω@vnpa-- ὁ@dafs οἰκεῖος@anafs- εἰ@rpnfs σθησις@nafsc εὑρίσκω@vnam-- τις@rpans ὁ@ddnp ὑπάρχω@vppadnp κακός@andnp- ἄκος@nansc ζητέω@vppagmp βίος@namsc ἵνα@cs καθά@cs ἁγνός@ananp- θῦμα@nanpc ὁ@ddns δαί@ μόνος@ndnsc ὁ@dgmp ἄνθρωπος@ngmpc ἕκαστος@annms- ἀπάρχω@vppenms τύχη@vsaa3s ὁ@dgfs ὅσιος@angfs- καί@cs ὁ@dgfs παρά@p θεός@ngmpc ὠφέλεια@ngfsc"
"abstin._2.32","πᾶς@angnp- δέ@b μάλιστα@b καί@b πρῶτος@annfs- ὁ@dnfs ὁ@dgmp καρπός1@ngmpc εἰμί@vipa3s ὅς@rpgfs καί@b ἀπαρκτέον@annns- μόνος@angfs- ὁ@ddmp θεός@ndmpc καί@cs ὁ@ddfs γῆ@ndfsc ὁ@ddfs οὗτος@rpamp ἀναδίδωμι@vpaadfs κοινός@annfs- γάρ@b εἰμί@vipa3s οὗτος@rpnfs καί@cs θεός@ngmpc καί@cs ἐν@p ἄνθρωπος@ngmpc ἑστία@nnfsc καί@cs δεῖ@vipa3s πᾶς@anamp- ἐπί@p οὗτος@rpgfs ὡς@cs τρο@ φοῦ@ngmsc καί@cs μήτηρ@ngfsc ἐγώ@rpgcp κλίνω@vppeamp ὑμνέω@vnpa-- καί@cs φι@ λοτοργέω@vnpa-- ὡς@cs τίκτω@vpaaafs οὕτως@b γάρ@b ὁ@dgfs ὁ@dgms βίος@ngmsc καταστροφή@ngfsc τυγχάνω@vpaanmp πάλιν@b ἀξιόω@voap1p ἄν@b εἰσοράω@vnpa-- ὁ@dans σύμπας@anans- γένος@nansc ὁ@dgmp ἐν@p οὐρανός@ndmsc θεός@ngmpc ὅς@rpamp νῦν@b ὁράω@vppaamp τιμή@nafsc οὗτος@rpdmp ὅς@rpgnp συναίτιος@annmp- ἐγώ@rpdmp εἰμί@vipa3p ἀπαρ@vppeamp ἔχω@vppeamp μέν@b ὁ@dgmp ὑπάρχω@vppagmp καρπός1@ngmpc καί@cs πᾶς@anamp- οὐ@b ἀξιόχρεως@b δέ@cs εἰς@p ὁ@dans θύω@vnpa-- θεός@ndmpc πᾶς@anamp- ἐγώ@rpamp ἡγέομαι@vppmamp καθά@cs γάρ@b οὐ@b πᾶς@annns- θυτέος@annns- αὐτός@rpdmp οὕτως@b οὐ@b δέ@cs ὑπό@p πᾶς@angns- ἴσως@b χαρίζω@vire3s ὁ@ddmp θεός@ndmpc ά@ananp- μέν@b δή@b κεφάλαιος@nanpc ὁ@dgns μή@b δεῖ@vnpa-- θύω@vnpa-- ζῷον@nanpc χώομαι@vipa1s ρίς@p ὁ@dgmp ἀμείβω@vpregmp μῦθος@ngmpc ὀλίγος@angmp- τε@b ὁ@dgmp ὑπό@p ἐγώ@rpgmp πρόσκειμαι@vpregmp καί@cs συντετμημένος@vpregmp εἰμί@vipa3s ὁ@dgnp θεόφραστος@ngmsp οὗτος@rpnnp"
"abstin._2.33","ἐγώ@rpnms δέ@x ὁ@danp μέν@x κρατέω@vpraanp παρά@p ἕκαστος@andmp- νόμιμος@ananp- λύω@vpfanms οὐ@b ἔρχομαι@vipe1s οὐ@b γάρ@b ἐγώ@rpdms περί@p πολιτεία@ngfsc νῦν@b πρόκειμαι@vipe3s λέγω3@vnpa-- δίδωμι@vpragmp δέ@b ὁ@dgmp νόμος@ngmpc ἐν@p ὅς@rpdmp πολιτεύω@vipe1p καί@b διά@p ὁ@dgnp λί@b πόπατος@angnps καί@cs ἄψυχος@angnp- γεραίρω@vnpa-- ὁ@dans θεῖος1@anans- ὁ@dans λιτός@anans- τατος@namsc αἱρέω@vppenmp νόμος@ndmsc τε@b πόλις@ngfsc θύω@vifa1p καί@cs αὐτός@rpnmp σπουδάζω@vifa1p ὁ@dafs προσήκω@vppaafs θυσία@nafsc ποιέω@vnpe-- καθαρός@annmp- πανταχόθεν@b ὁ@ddmp θεός@ndmpc πρόσειμι1@vppanmp ὅλος@b δέ@b εἰ@cs ὁ@dnns ὁ@dgfs θυσία@ngfsc ἀπαρχή@ngfsc ἔχω@vipa3s ἀξία@nafsc καί@cs εὐχαρι@nansc στίας@nafsc ὅς@rpafs παρά@p θεός@ngmpc ἔχω@vipa1p εἰς@p ὁ@dafp χρεία@nafpc ἀλογώτερος@anamd- τατος@annns- ἄν@b εἰμί@vopa3s αὐτός@rpamp ἀπέχω@vppeamp ὁ@dgnp ἔμψυχος@angnp- ὁ@ddmp θεός@ndmpc οὗτος@rpgnp ἀπάρχομαι@vnpe-- οὐ@b τε@cs γάρ@b χείρων@annmpc ἐγώ@rpgmp ὁ@dnmp θεός@nnmpc ἵνα@cs οὗτος@rpgmp αὐτός@rpnmp δέω@vspe3p ἐγώ@rpgmp μή@b δέω@vppegmp μένω@vpregmp οὐ@b τε@cs ὅσιος@anams- ἀπαρχή@nafsc δίδωμι@vnpa-- ὅς@rpgfs ἐγώ@rpnmp ἀπό@p ἔχω@vipe1p τροφή@ngfsc ἐπεί@cs καί@b ὁ@dnns ἔθος@nnnsc τοιοῦτος@annns- κατειλέω@viap3s φημί@vipa1p ὁ@dgmp ἄνθρωπος@ngmpc ὅτε@cs μέν@b οὐ@b ἅπτω@viie3p ἔμψυχος@angfs- βορά@ngfsc οὐ@b δέ@cs ἀπάρχομαι@vpamgmp ἀπό@p ὁ@dgnp ζῷον@ngnpc ἀπό@p ὅς@rpgns δέ@cs γεύω@viam3p καί@cs θεός@ndmpc ἀπάρχομαι@vpamgmp ὥστε@b καί@b νῦν@b καθήκω@vipa3s δήπου@b ὁ@dams ἀπέχω@vpamams ἐκεῖνος@rpgnp ἀπάρχομαι@vnpe-- ὅς@rpgnp καί@b θιγγάνω@vipa3s"
"abstin._2.34","θύω@vifa1p τοίνυν@b καί@b ἐγώ@rpncp ἀλλά@cs θύω@vifa1p ὡς@cs προσήκω@vipa3s διάφορος@anafp- ὁ@dafp θυσία@nafpc ὡς@cs ἄν@b διάφορος@andfp- δύναμις@ndfpc προσάγω@vppanmp θεός@ndmsc μέν@b ὁ@ddms ἐπί@p πᾶς@andmp- ὡς@cs τις@annms- ἀνήρ@nnmsc σοφός@annms- φημί@viia3s μηδείς@rpans ὁ@dgnp αἰσθη@viap3s ὁ@dgnp μή@b τε@cs θυμιάω@vppanmp μή@b τε@cs ἐπονομάζω@vppanmp οὐδείς@rpnns γάρ@b εἰμί@vipa3s ἔνυλος@annns- ὅς@rpnns μή@b ὁ@ddms ἄυλος@andms- εὐθύς@b εἰμί@vipa3s ἀκάθαρ@annns- ὁ@b διά@p ὅς@rpans οὐ@b δέ@cs λόγος@nnmsc οὗτος@rpdms ὁ@dnms κατά@p φωνή@nafsc οἰκεῖος@annms- οὐ@b δέ@cs ὁ@dnms ἐνδίδημι@b ὅταν@cs πάθος@ndnsc ψυχή@ngfsc εἰμί@vspa3s μιαίνω@vprenms διά@p δέ@cs σιγή@ngfsc καθαρός@angfs- καί@cs ὁ@dgfp περί@p αὐτός@rpgms καθαρός@angnp- ἔννοια@ngfpc θρησκεύω@vipa1p αὐτός@rpams δσῖ@b ἄρα@b συνόχωκα@vpapamp καί@cs ὁμοιόω@vpapamp αὐτός@rpdms ὁ@dafs ἑαυτοῦ@rpgmp ἀναγωγή@nafsc θυσία@nafsc ἱερός@anafs- προσάγω@vnpa-- ὁ@ddms θεός@ndmsc ὁ@dafs αὐτός@rpafs δέ@b καί@cs ὕμνος@nafsc εἰμί@vppaafs καί@cs ἐγώ@rpgcp σωτηρία@nafsc ἐν@p ἀπάθεια@ndfsc ἄρα@b ὁ@dgfs ψυχή@ngfsc ὁ@dgms δέ@b θεός@ngmsc θεωρία@ndfsc ὁ@dnfs θυσία@nnfsc οὗτος@annfs- τελέω@vire3s ὁ@ddmp δέ@b αὐτός@rpgms ἔκγονος@andmp- νοητός@andmp- δέ@b θεός@ndmpc ἤδη@b καί@b ὁ@dafs ἐκ@p λόγος@dgms ὑμνῳδία@nafsc προσθετέος@annns- ἀπαρχή@nnfsc γάρ@b ἕκαστος@andms- ὅς@rpgnp δίδωμι@vira3s ὁ@dnfs θυσία@nnfsc καί@b διά@p ὅς@rpafs ἐγώ@rpgmp τρέφω@vipa3s καί@cs εἰς@p ὁ@dans εἰμί@vnpa-- συνέχω@vipa3s ὁ@dafs οὐσία@nafsc ὡς@cs οὖν@b γεωρ@annms- -@annfs- γός@nnmsc δράγμα@ngnpc ἀπάρχομαι@vipe3s καί@cs ὁ@dgfp ἀκρόδρυα@ngnpc οὕτως@b ἐγώ@rpnmp ἀπάρχομαι@vifm1p αὐτός@rpdmp ἔννοια@angfp- ὁ@dgfp περί@p αὐτός@rpgnp καλός@angnp- εὐχαριστέω@vppanmp ὅς@rpgnp ἐγώ@rpdmp δίδωμι@vira3p ὁ@dafs θεός@nafsc -@nafsc ρία@nafsc καί@cs ὅτι@cs ἐγώ@rpamp διά@p ὁ@dgfs αὐτός@rpgmp θέα@ngfsc ἀληθινός@b τρέφω@vipa3p σύνειμι@vppanmp καί@b φαίνω@vppenmp καί@cs ὁ@ddfs ἡμέτερος@andfs- σωτηρία@ndfsc ἐπιφαίνω@vppanmp"
"abstin._2.35","νῦν@b δέ@b οὗτος@rpans μέν@b ποιέω@vnpa-- ὀκνέω@vipa3p καί@b πολύς@annmp- ὁ@dgmp φιλοσοφέω@vnpa-- σπουδάζω@vpragmp δοξοκοπέω@vppanmp δέ@cs μᾶλλον@b ἤ1@cs ὁ@dans θεῖος1@anans- τιμάω@vppanmp περί@p ὁ@danp ἀνάθημα@nanpc στρέφω@vipe3p οὐ@b δέ@cs πη@b ἀπαντητέον@annns- ἤ1@cs μή@b ἐπισκέπτομαι@vprenmp οὐ@b δέ@cs παρά@p ὁ@dgmp θεόσοφος@ngmpc μανθάνω@vnaa-- σπουδάζω@vpaanmp ἄχρι@p τις@rpgns καί@cs πόσος@angns- καί@b ἐνταῦθα@b πα@ παραβάλλω@annns- ἀλλά@b ἐγώ@rpnmp οὐδείς@rpans διαφέρω@vifm1p οὗτος@rpdmp μή@b πη@b δέ@b καί@b αὐτός@annmp- τοιοῦτος@rpans σπουδάζω@vsaa1p διαγιγνώσκω@vppaans γιγνώσκω@vnpa-- καί@cs ὁ@damp ὅσιος@anamp- καί@cs παλαιός@anamp- ἐκμιμάω@viam2s μένω@vmpa2s ὁ@dans πλέος@anans- ἀπάρχω@vppenmp ἐκ@p ὁ@dgfs θεωρία@ngfsc ὅς@rpgfs ἐγώ@rpdmp αὐτός@annmp- δίδωμι@vira3p καί@cs ὅς@rpgfs ἐν@p χρεία@ndfsc πρός@p ὁ@dafs εἰμί@vppaafs πως@nnfsc σωτηρία@nafsc καθίστημι@vira1p"
"abstin._2.36","ὁ@dnmp γοῦν@b πυθαγόρειος@nnmpp περί@p ὁ@damp ἀριθμός@nampc καί@cs ὁ@dafp γραμμή@nafpc σπουδάζω@vppanmp ἀπό@p οὗτος@rpgnp ὁ@dans πλέος@anansc ὁ@ddmp θεός@ndmpc ἀπέρχομαι@viie3p ὁ@dams μέν@b τις@anams- ἀριθμός@namsc ἀθήνη@nafsp καλέω@vppanmp ὁ@dams δέ@cs τις@anafs- ἄρτεμις@nafsp ὥσπερ@cs οὖ@b ἄλλος@anams- ἀπόλλων@namsp καί@cs πάλιν@b ἄλλος@rpams μέν@b δικαιοσύνη@nafsc ἄλ@nafsc -@anafs- λον@anams- δέ@cs σωφροσύνη@nafsc καί@cs ἐπί@p ὁ@dgnp διαγραμμάτιον@ngnpc ὅμοιος@b καί@b οὕτως@b ἀρέσκω@viie3p ὁ@damp θεός@nampc ὁ@ddfp σύ@ αὐτός@andfp- ἀπαρχή@ndfpc ὡς@cs καί@b τυγχάνω@vnpa-- αὐτός@rpgmp καλέω@vnpa-- ὁ@nampc ἕκαστος@anams- ὁ@ddnp ἀνάθημα@ndnpc καί@cs χράω2@vnre-- πολύς@ananp- κις@b πρός@p μαντεία@nafsc καί@cs εἰ@cs τις@rpgns πρός@p ἐξέτασις@nafsc δέω2@vope3p θεός@ndmpc γε@b μήν@b ὁ@ddmp ἐντός@p οὐρανός@ngmsc πλανάω@vppedmp τε@b καί@cs ἀπλανής@vpapdmp ὅς@rpgmp ἡγέομαι@vnpm-- θετέος@annns- ἥλιος@namsc πάν@anams- ὁ@rpgmp σελήνη@nafsc τε@b δεύτερος@anafs- πῦρ@nansc τε@cs ἤδη@b συγγενής@anans- ἀνά@b πίπτω@voaa1p ἄν@b ὅς@rpanp τε@b φημί@vipa3s ὁ@dnms θεολόγος@nnmsc ποιέω@vsaa1p φημί@vipa3s δέ@b ἔμψυχος@anans- οὗτος@rpnms θύω@vnpa-- μη@b δέ@cs εἷς@ ἀλλά@cs ἄχρι@b ἀλφίς@b ὁ@rpgnp καί@cs μέλι@ngnsc καί@cs ὁ@dgnp ἐκ@p γῆ@ngfsc ἀκρόδρυα@ngnpc ὁ@dgnp τε@cs ἄλλος@rpgnp ἄνθος@ngnpc ἀπάρχομαι@vnpe-- μη@b δέ@b ἀπό@p αἱμάσσω@vpregfs ἐσχάρα@ngfsc εἰμί@vmpa3s ὁ@dnns πῦρ@nnnsc καί@cs ὅσος@ananp- φημί@vipa3s ἐκεῖνος@rpnms τίς@rpans γάρ@b δεῖ@vipa3s μεταγράφω@vnpa-- οὗτος@rpanp οἶδα@vira3s δέ@b ὁ@dnms ὁ@dgfs εὐσέβεια@ngfsc φροντίζω@vppanms ὡς@cs θεός@ndmpc μέν@b οὐ@b θύω1@vipe3s ἔμψυχος@anans- οὐδείς@rpans δαίμων@ndmpc δέ@cs ἀλλά@cs ἤτοι@cs ἀγαθός@andmp- ἤ1@cs καί@b φαῦλος@andmp- καί@cs τίς@rpgnp εἰμί@vipa3s ὁ@dnns θύω@vnpa-- οὗτος@rpdmp καί@cs ἄχρι@p τις@rpgns αὐτός@rpgnp δέω2@vppegnp ἐγώ@rpdms δέ@b ὁ@dnnp μέν@b ἄλλος@rpnnp εὔστομος@annnp- κεῖμαι@vmpe3s ὅς@rpanp δέ@cs οὖν@b ὁ@dgmp πλατωνικός@angmp- τις@rpnmp δημοσιεύω@viaa3p οὗτος@rpanp ἀνεμέσητος@annns- παρατίθημι@vppaanp ὁ@ddmp εὐσύνετος@andmp- μηνύω@vnpa-- ὁ@danp πρόκειμαι@vpreanp λέγω3@vipa3p δέ@b ὧδε@b"
"abstin._2.37","ὁ@dnms μέν@b πρῶτος@annms- θεός@nnmsc ἀσώ@ngmsc μαμάς@nnmsc τε@b εἰμί@vppanms καί@b ἀκίνητος@annms- καί@cs ἀμέριστος@annms- καί@cs οὐ@b τε@cs ἐν@p τις@rpdns εἰμί@vppanms οὐ@b τε@cs ἐνδέω1@vprenms εἰς@p ἑαυτοῦ@rpams χρῄζω@vipa3s οὐδείς@rpgns ὁ@dgmp ἔξωθεν@b ὥσπερ@cs ἐρῶ@vire3s οὐ@b μήν@b οὐ@b δέ@cs ὁ@dnfs ὁ@dgms κό@ngmsc σμος@ngmsc ψυχή@nnfsc ἔχω@vppanfs μέν@b ὁ@dans τριχῆ@b διαστατός@vppaans καί@cs αὐτός@rpans κίνητος@anans- ἐκ@p φύσις@ngfsc προαιρέω@vnpe-- δέ@cs φύω@vpranfs ὁ@dans καλός@b καί@cs εὐτάκτως@b κινέω@vnpe-- καί@cs κινέω@vnpa-- ὁ@dans σῶμα@nansc ὁ@dgms κόσμος@ngmsc κατά@p ὁ@damp ἄριστος@anamp- λόγος@nampc δέχομαι@vire3s δέ@b ὁ@dnns σῶμα@nnnsc εἰς@p ἑαυτοῦ@rpafs καί@cs περιλαμβάνω@vira3s καίπερ@b ἀσώ@annfs- μα@ngnsc εἰμί@vppanfs καί@cs πᾶς@angns- πάθος@ngnsc ἀμέτοχος@annfs- ὁ@ddmp δέ@b λοιπός@andmp- θεός@ndmpc ὁ@ddms τε@b κόσμος@ndmsc καί@cs ὁ@ddmp ἀπλανής@andmp- καί@cs πλανάω@vppedmp ἐκ@p τε@cs ψυχή@ngfsc καί@cs σώμιατος@annms- εἰμί@vppadmp ὁράω@viia3s ὁ@ddmp θεός@ndmpc ἀντευχαριστητέον@annns- ὁ@dams ἐρῶ@vpreams τρόπος@namsc διά@p ὁ@dgfp θυσία@ngfpc ὁ@dgfp ἄψυχος@angfp- λοιπός@annns- οὖν@b ἐγώ@rpdmp εἰμί@vipa3s ὁ@dnns ὁ@dgmp ἀόρατος@angmp- πλῆθος@nnnsc ὅς@rpamp δαίμων@nampc ἀδιάστόλως@b ἐρῶ@vira3s πλάτων@nnmsp οὗτος@rpgmp δέ@b ὁ@dnmp μέν@b κατονομάζω@vprenmp τε@vppanmp ὑπό@p ὁ@dgmp ἄνθρωπος@ngmpc παρά@p ἕκαστος@andmp- τυγχάνω@vipa3p τιμή@ngfpc τε@cs ἰσόθεος@angfp- καί@cs ὁ@dgfs ἄλλος@rpgfs θεραπεία@ngfsc ὁ@dnmp δέ@cs ὡς@b ὁ@dans πολύς@anans- μέν@b οὐ@b πάνυ@b τις@rpans κατονομάζω@viap3p ὑπό@p ἔνιοι@angmp- δέ@cs κατά@p κώμη@nafpc ἤ1@cs τις@rpafp πόλις@nafpc ὄνομα@ngnsc τε@b καί@cs θρησκεία@ngfsc ἀφανής@b τυγχάνω@vipa3p ὁ@dnns δέ@b ἄλλος@annns- πλῆθος@nnnsc -@b θος@nnnsc οὕτως@b μέν@b κοινός@b προσαγορεύω@vipe3s ὁ@ddns ὁ@dgnp δαί@ngnpc μόνος@angmp- ὄνομα@ndnsc πεῖσμα@nnnsc δέ@cs περί@p πᾶς@angnp- τοιοῦτος@rpnns εἰμί@vipa3s ὡς@cs ἄρα@b καί@b βλάπτω@vopa3p ἄν@b εἰ@vila3s χολόω@voap3p ἐπί@p ὁ@ddns παροράω@vnpe-- καί@cs μή@b τυγχάνω@vnpa-- ὁ@dgfs νομίζω@vpregfs θεραπεία@ngfsc καί@cs πάλιν@b εὐεργετέω@vopa3p ἄν@b ὁ@damp εὐχή@ndfpc τε@b αὐτός@rpamp καί@b λιτανεία@ndfpc θυσία@ndfpc τε@b καί@cs ὁ@ddnp ἀκολουθέω@anamp- -@vppadmp θω@ndmpc ἐξευμενίζω@vppeamp"
"abstin._2.38","συγκρύπτω@vppegfs δέ@b ὁ@dgfs περί@p αὐτός@rpgnp ἔννοια@ngfsc καί@cs εἰς@p πολύς@anafs- διαβολή@nafsc χωρέω@vppagfs ἀναγκαῖος@annns- διαστέλλω@vnaa-- λόγος@ndmsc ὁ@dafs φύσις@nafsc αὐτός@rpgmp ἴσως@b γάρ@b ἀναγκαῖος@anans- φημί@vipa3p ὅθεν@b ὁ@dnfs πλάνη@nnfsc γίγνομαι@vira3s ὁ@ddmp ἄνθρωπος@ndmpc περί@p αὐτός@rpgnp ἀναφαίνω@vnpa-- διαιρέω@annns- οὖν@b ὁ@dams τρόπος@namsc οὗτος@rpams ὅσος@rpnfp μέν@b ψυχή@nnfpc ὁ@dgfs ὅλος@angfs- ἐκπίνω@b φύζω@vpranfp μέγας@ananp- μέρος@nanpc διοικέω@vipa3p ὁ@dgmp ὑπό@p σελήνη@nafsc τόπος@ngmpc ἐπερείδω@vppenfp μέν@b πνεῦμα@ndnsc κρατέω@vppanfp δέ@cs αὐτός@b κατά@p λόγος@namsc οὗτος@rpafp δαίμων@nafpc τε@cs ἀγαθός@anafp- νο@ngmsc φευκτέος@annns- καί@cs ἐπί@p ὠφέλεια@ndfsc ὁ@dgmp ἔρχομαι@vppegnp πᾶς@ananp- πραγμα@namsc ματεύω@vnpe-- εἰ@cs τε@cs τις@angnp- ἀφηγέομαι@vope3p ζῷον@ngnpc εἰ@cs τε@cs καρ@an---- πῶ@angnp- ἀποτάσσω@vpregnp εἰ@cs τε@cs καί@b ὁ@dgnp ἕνεκα@p οὗτος@rpgnp οἷος@rpans ὄμβρος@ngmpc πνεῦμα@ngnpc μέτριος@angnp- εὐδία@ngfsc ὁ@dgnp τε@cs ἄλλος@rpgnp ὅς@rpnnp οὗτος@rpdnp συνεργέω@vipa3s εὐκρασία@ngfsc τε@cs ὥρα@vppanms ὁ@dgns ἔτος@ngnsc ἐγώ@rpdcp οὖ@b τέχνη@ngfpc τε@cs καί@cs ὁ@dgnp κατά@p μουσική@nafsc παιδεία@ngfsc τε@cs συνάπας@angfs- ἰατρικός@angfs- τε@cs καί@cs γυμναστικός@angfs- τις@rpgcs οὗτος@rpdnp ὁμοῖος@anafp- οὗτος@rpamp γάρ@b ἀδύνατος@annns- εἰμί@vipa3s καί@cs ὁ@dafp ὠφέλεια@nafpc ἐκπορίζω@vnpa-- καί@cs πάλιν@b οὖ@b βλάβη@ngfsc ἐν@p ὁ@ddnp αὐτός@rpdnp αἴτιος@anamp- γίγνομαι@vnpe-- ἐν@p δέ@b οὗτος@rpdnp ἀριθμός@nnmpc μητέον@annns- καί@b ὁ@damp πορθμεύω@vppaamp ὡς@cs φημί@vipa3s πλάτων@nnmsp καί@cs διαγγέλλω@vppaamp ὁ@danp παρά@p ἄνθρωπος@ngmpc θεός@ndmpc καί@cs ὁ@danp παρά@p θεός@ngmpc ἄνθρωπος@ndmpc ὁ@dafp μέν@b παρά@p ἐγώ@rpgmp εὐχή@nafpc ὡς@b πρός@p δικαστής@nampc ἀναφέρω@vppaamp ὁ@damp θεός@nampc ὁ@dafp δέ@b ἐκεῖνος@rpgmp παραίνεσις@nafpc καί@cs νουθεσία@nafpc μετά@p μαντεία@ngfpc ἐκφέρω@vppaamp ἐγώ@rpdmp ὅσος@annfp- δέ@b ψυχή@nnfpc ὁ@dgns συνεχής@angns- πνεῦμα@ngnsc -@ngnsc μα@ngnsc οὐ@b κρατέω@vipa3p ἀλλά@cs ὡς@b ὁ@dans πολύς@anans- καί@b κρατέω@vppanns -@viia3s ται@vipe3s διά@p αὐτός@anans- οὗτος@rpans ἄγω@vipe3p τε@b καί@cs φέρω@vipe3p λίαν@b ὅταν@cs ὁ@dnfp ὁ@dgns πνεῦμα@ngnsc ὀργή@nnfpc τε@b καί@cs ἐπιθυμία@nnfpc ὁ@dafs ὁρμή@nafsc λαμβάνω@vsaa3p οὗτος@annfp- δέ@b ὁ@dnfp ψυχή@nnfpc δαίμων@nnfpc μέν@b καί@b αὐτός@annfp- κακοῦργος@annfp- δέ@cs ἄν@b εἰκότως@b λέγω3@vope3p"
"abstin._2.39","καί@b εἰμί@vipa3p ὁ@dnmp σύμπας@annmp- οὗτος@rpnmp τε@b καί@cs ὁ@dnmp ὁ@dgfs ἐναντίος@angfs- δύναμαι@nnmpc μείς@b ἀόρατος@annmp- τε@b καί@cs τέλειος@b ἀναίσθητος@annmp- αἴσθησις@ndfpc ἀνθρώπινος@andfp- οὐ@b γάρ@b στερεός@anans- σῶμα@nansc περιβάλλω@vire3p οὐ@b δέ@cs μορφή@nafsc πᾶς@annmp- εἷς@ ἀλλά@cs ἐν@p σχῆμα@ndnpc πλείων@andnpc σιν@ndfpc ἐκτυπόω@vppenfp εἰ@b χαρακτηρίζω@vppanfp ὁ@dans πνεῦμα@nansc αὐτός@rpgmp μορφή@nnfpc τοτέ@b μέν@b ἐπιφαίνω@vipe3p τοτέ@b δέ@b ἀφανής@annfp- εἰμί@vipa3p ἐνίοτε@b δέ@b καί@b μεταβάλλω@vipa3p ὁ@dafp μορφή@nafpc ὅς@dnmp γε@b χείρων@annmpc ὁ@dnns δέ@b πνεῦμα@nnnsc μέν@b εἰμί@vipa3s σωματικός@annns- πα@b θητικός@annns- εἰμί@vipa3s καί@cs φθαρτός@annns- ὁ@ddns δέ@b ὑπό@p ὁ@dgfp ψυχή@ngfpc οὕτως@b δέω@vnre-- ὥστε@cs εἶδος@nansc αὐτός@rpgmp διαμένω@vnpa-- πλείων@anamsc χρόνος@namsc οὐ@b μήν@b εἰμί@vipa3s αἰώνιος@annns- καί@b γάρ@b ἀπορρέω@b αὐτός@rpgns τις@rpans συνεχής@b εἰκός@vpranns εἰμί@vipa3s καί@b τρέπω@vnpe-- ἐν@p συμ@angns- μέτριος@ndfsc μέν@b οὖν@b ὁ@dans ὁ@dgnp ἀγαθός@angnp- ὡς@cs καί@cs ὁ@danp σώμα@ananp- ὁ@dgnp φαίνω@vppegnp ὁ@dgnp δέ@b κακοποιός@angnp- ἀσύμμετρος@ananp- ὅς@dnmp πλέος@anans- ὁ@ddns παθητικός@andns- νέμω@vppanmp ὁ@dams περόγειος@anams- τόπος@namsc οὐδείς@rpans ὅς@rpans τις@rpans ὁ@dgnp κακός@angnp- οὐ@b ἐπιχειρέω@vipa3p δράω@vnpa-- βίαιος@anans- γάρ@b ὅλος@b καί@cs ὕπουλος@anans- ἔχω@vppanmp ἦθος@nansc στερέω@vpreams τε@cs ὁ@dgfs φυλακή@ngfsc ὁ@dgfs ἀπό@p ὁ@dgns κρείσσων@angmsc δαιμόνιον@ngnsc σφοδρός@anafp- καί@cs αἰφνίδιος@anafp- οἷος@anans- ἐνέδρα@nafpc ὡς@b ὁ@dans πολύς@anans- ποιέω@vipe3p ὁ@dafp ἔμπτωσις@nafpc πη@b μέν@b λανθάνω@vnpa-- πειράω@vipa1s μένω@vopa3s πη@b δέ@cs βιάζω@vppenmp ὅθεν@b ὀξύς@annnp- μέν@b ὁ@dnnp ἀπό@p ἐκεῖνος@rpgmp πάθος@nnnpc ὁ@dnfp δέ@b ἀκέσις@nnfpc καί@cs κατόρθωσις@nnfpc εἰ@cs ἀπό@p ὁ@dgmp κρείσσων@angmpc δαίμων@ngmpc βραδύς@annfp- δοκέω@vipa3p πᾶς@annns- γάρ@b ὁ@dnns ἀγαθός@annns- εὐήνιος@annns- τε@cs εἰμί@vppanns καί@cs ὁμαλός@annns- τάξις@ndfsc πρόειμι2@vipa3s καί@cs ὁ@dans δεῖ@vppaans οὐ@b ὑπερβαίνω@vipa3s οὕτως@b δέ@b σύ@rpdms δοξάζω@vppadms οὐδέποτε@b ἄν@b εἰς@p ὁ@dans ἄτοπος@ananss ἐν@rpams πίπτω@vnpa-- ἐνεἰμί@vifm3s ὁ@dans περί@p ὁ@dgnp ἀγαθός@angnp- ὁ@danp κακός@ananp- ὑπό@vnpa-- λαμβάνω@vnpa-- καί@b περί@p ὁ@dgmp κακός@angmp- ὁ@danp ἀγαθός@ananp- οὐ@b γάρ@b οὗτος@rpdfs μόνος@anans- ὁ@dnms λόγος@nnmsc ἄτοπος@annms- εἰμί@vipa3s ἀλλά@cs καί@b ὁ@dafp περί@p ὁ@dgmp θεός@ngmpc φαῦλος@anafps ὑπόληψις@nafpc λαμιβάω@vpaanmp ὁ@dnmp πολύς@annmp- διαδίδωμι@vipa3p καί@b εἰς@p ὁ@damp λοιπός@anamp- ἄνθρωπος@nampc πούς@nampc"
"abstin._2.40","εἷς@anans- γάρ@b δή@b καί@b οὗτος@rpans ὁ@dgfs μέγας@angfss βλάβη@ngfsc ὁ@dgfs ἀπό@p ὁ@dgmp κακοῦργος@angmp- δαίμων@ngmpc θετέος@annns- ὅτι@cs αὐτός@rpnmp ἀναίτιος@annmp- γίγνομαι@vppenmp ὁ@dgnp περί@p ὁ@dafs γῆ@nafsc πάθημα@ngnpc οἷος@anans- λοιμός@ngmpc ἀφορία@ngfpc σεισμός@ngfpc αὐχμία@ngfpc καί@cs ὁ@dgnp ὅμοιος@angnp- ἀναπείθω@vipa3p ἐγώ@rpamp ὡς@cs ἄρα@b οὗτος@rpgnp αἴτιος@annmp- εἰμί@vipa3p ὅς@dnmp πέρ@b καί@cs ὁ@dgmp ἐναντίος@angnps οὗτος@rpnns εἰμί@vipa3s ὁ@dgfp εὐφο@angfp- -@angfp- ρίος@ngfpc ἑαυτοῦ@rpamp ἐξαιρέω@vppanmp ὁ@dgfs αἰτία@ngfsc καί@cs αὐτός@anans- οὗτος@rpans πραγματεύομαι@vppenmp πρῶτος@anans- ὁ@dans λανθάνω@vnpa-- ἀδικέω@vppanmp τρέπω@vipa3p τε@b μετά@p οὗτος@rpans ἐπί@p λιτανεία@nafpc ἐγώ@nafpc καί@cs θυσία@nafpc ὁ@dgmp ἀγαθοεργός@angmp- θεός@ngmpc ὡς@b ὀργίζω@vpregmp οὗτος@rpanp δέ@b καί@cs ὁ@danp ὅμοιος@ananp- ποιέω@vipa3p μεθίστημι@vnaa-- ἐγώ@rpamp ἐθέλω@vppaans τε@vpaanmp ἀπό@p ὁ@dgfs ὀρθός@angfs- ἔννοια@ngfsc ὁ@dgmp θεός@ngmpc καί@cs ἐπί@p ἑαυτοῦ@rpgns ὁ@damp ἐπιστρέφω@vnaa-- πᾶς@andnp- γάρ@b ὁ@ddmp οὕτως@b ἀνομόλογος@b καί@cs ἀκατάλλακτος@b γίγνομαι@vppednp αὐτός@rpnmp χαίρω@vipa3p καί@cs ὥσπερ@b ὑποδύομαι@vpaanmp ὁ@danp ὁ@dgmp ἄλλος@angmp- θεός@ngmpc πρόσωπον@nanpc ὁ@dgfs ἡμέτερος@angfs- ἀβουλία@ngfsc ἀπολαύω@vipa3p προσεταιρίζω@vppenmp ὁ@danp πλῆθος@nanpc διά@p ὁ@dgns ὁ@dafp ἐπιθυμία@nafpc ὁ@dgmp ἄνθρωπος@ngmpc ἐκκαίω@vnpa-- ἔρως@ndmpc καί@cs πόθος@ndmpc πλοῦτος@ngnpc καί@b δυναστεία@ngfpc καί@cs ἡδονή@ngfpc κενοδοξία@ndfpc τε@cs οὖ@b ἐκ@p ὅς@rpgfp στάσις@nnfpc καί@b πόλεμος@nnmpc φύω@vipe3p καί@cs ὁ@dnnp συγγενής@annnp- οὗτος@rpgnp ὁ@dnns δέ@b πᾶς@angnp- δεινός@annnss ἐπαναβαίνω@vipa3p ἐκ@p ὅδε@rpgnp καί@cs ὁ@danp ὅμοιος@ananp- ἀναπείθω@vipa3p καί@b περί@p ὁ@dgmp μέγας@angmps θεός@ngmpc μέχρι@p ὁ@dgns καί@b ὁ@dams ἄριστον@anams- θεός@namsc οὗτος@rpdmp ὁ@ddmp ἐγκλής@ndmpc -@ndmpc μα@nafsc ὑπάγω@vnpa-- ὅς@rpanp δή@b καί@b ταράσσω@vnre-- φημί@vipa3p πᾶς@ananp- ἄνω@b κάτω@b πάσχω@vira3p δέ@b οὗτος@rpans οὐ@b ἰδιώτης@nnmpc μόνος@b ἀλλά@cs καί@b ὁ@dgmp ἐν@p φιλοσοφία@ndfsc διατρίβω@vppagmp οὐ@b ὀλίγος@anans- γοι@rpnmp ὁ@dnfs δέ@b αἰτία@nnfsc διά@p ἀλλήλων@rpgnp γίγνομαι@vira3s καί@b γάρ@b ὁ@dgmp φιλοσοφέω@vppagmp ὁ@dnmp μή@b ἀφίστημι@vpaanmp ὁ@dgfs κοινός@angfs- φορά@ngfsc εἰς@p ὁ@danp αὐτός@rpanp ὁ@ddnp πλῆθος@ndnpc συμβαίνω@viaa3p καί@cs πάλιν@b οὐ@b ὁ@danp πλῆθος@nnnpc σύμφωνος@ananp- ὁ@ddfp ἑαυτοῦ@rpgmp δοκέω@ndfpc παρά@p ὁ@dgmp δοκέω@vppagmp σοφός@angmp- ἀκούω@vppannp ἐπιρρώννυμι@viap3s φρονέω@vnpa-- ἔτι@b μᾶλλον@b περί@p ὁ@dgmp θεός@ngmpc ὁ@danp τοιοῦτος@rpanp"
"abstin._2.41","ὁ@dnns μέν@b γάρ@b ποιητικός@annns- καί@b προσεξέκαυμαι@viaa3s ὁ@dafp ὑπόληψις@nafpc ὁ@dgmp ἄνθρωπος@ngmpc ὁ@ddns χράω@vnpe-- φράζω@ndfsc πρός@p ἔκπληξις@nafsc καί@cs γοητεία@nafsc ποιέω@vpredfs κήλησις@ndfpc τε@b ἐμποιέω@vnaa-- καί@cs πί@anans- εἰμί@ndfsc περί@p ὁ@dgnp ἀδύνατος@angnps δύναμαι@vppedfs δεῖ@vppanns ἐμπέ@anvms- δως@b πείθω@vnre-- ὅτι@cs οὐ@b τε@cs ὁ@dnns ἀγαθός@annns- βλάπτω@vipa3s ποτέ@b οὐ@b τε@cs ὁ@dnns κακός@annns- ὠφελέω@vipa3s οὐ@b γάρ@b θερμότης@ngfsc ὡς@cs φημί@viia3s σύ@vipa3s πλάτων@nnmsp ὁ@dnns ψύχω@vnpa-- ἀλλά@cs ὁ@dgns ἐναντίος@angns- οὕτως@b οὐ@b δέ@cs ὁ@dgns δίκαιος@angns- ὁ@dnns βλάπτω@vnpa-- δίκαιος@annnss δέ@b δή@b πού@b φύσις@ndfsc πᾶς@angnp- ὁ@dnns θεῖος1@annns- ἐπεί@cs οὐ@b δέ@cs ἄν@b εἰμί@viia3s θεῖος1@annns- οὐκοῦν@b ἀποτέμνω@vnre-- δεῖ@viia3s οὗτος@anafs- ὁ@dafs δύναμις@nafsc καί@cs μοῖρα@nafsc ὁ@dgmp δαίμων@ngmpc ὁ@dgmp ἀγαθοεργός@angmp- ὁ@dnfs γάρ@x βλάπτω@nnfsc πήσσω@vnpa-- φύω@vpranfs τε@x καί@cs βούλομαι@vppenfs ἐναντίος@annfs- ὁ@ddfs ἀγα@andfs- θοεργός@andfs- ὁ@dnnp δέ@b ἐναντίος@annnp- περί@p ὁ@dans αὐτός@rpans οὐ@b ἄν@b ποτέ@b γίγνομαι@voam3s οὗτος@rpgnp δέ@b κατά@p πολύς@ananp- μέρος@nanpc λυμαίνομαι@vipe1s νων@angnp- ὁ@dans θνητός@anans- ἐνίοτε@b δέ@cs καί@cs κατά@p μέγας@ananp- κατά@p εἷς@anams- μέν@b γάρ@b οὐ@b εἰμί@vipa3s ὅτε@cs οὐ@b ὁ@dnmp ἀγαθός@annmp- οὐ@b ἀνίημι@vipa3p ὁ@danp κατά@p ἑαυτοῦ@rpamp ἀλλά@cs καί@b προσημαίνω@vipa3p εἰς@p δύο@an---- ναμις@nafsc ὁ@damp ἐπαρτάω@vpreamp ἀπό@p ὁ@dgmp κακοῦργος@angmp- κιν@anams- δύω@nampc καί@b διά@p ὄνειρος@ngnpc ἐμφαίνω@vppanmp καί@cs διά@p ἐν@p -@b θεῖος2@angfs- ψυχή@ngfsc ἄλλος@rpgmp τε@b πολύς@angmp- καί@b εἰ@cs ἱκανός@annms- τις@rpnms εἰμί@vopa3s ὁ@danp σημαίνω@vppeanp διαιρέω@vnpe-- πᾶς@annms- ἄν@b γιγνώσκω@vopa3s καί@cs προφυλάσσω@vope3s πᾶς@andmp- γάρ@b σημαίνω@vipa3p οὐ@b πᾶς@annms- δέ@x συνίημι@vipa3s ὁ@danp σημαίνω@vppeanp οὐ@b δέ@cs πᾶς@annms- ὁ@danp γράφω@vpreanp -@ananpc μένω@vppeanp δύναμαι@vipe3s ἀναγιγνώσκω@vnpa-- ἀλλά@cs ὁ@dnms μανθάνω@vpaanms γράμμα@nanpc διά@p μέντοι@b ὁ@dgmp ἐναντίος@angmp- καί@b ὁ@dnfs πᾶς@annfs- γοητεία@nnfsc ἐκτίνω@b λέομαι@vipe3s οὗτος@rpamp γάρ@b μάλιστα@b καί@cs ὁ@dams προίστημι@vpraams αὐ@rpamp ὁ@dgmp ἐκτρέφω@vipa3p ὁ@dnmp ὁ@danp κακός@ananp- διά@p ὁ@dgfp γοητεία@ngfpc διά@p πράσσω@vppenmp"
"abstin._2.42","πλήρης@annmp- γάρ@b πᾶς@angfs- φαντασία@ngfsc οὗτος@rpnmp καί@cs ἀπατάω@vnaa-- ἱκανός@annmp- διά@p ὁ@dgfs τερατουργία@ngfsc διά@p ὁ@rpgnp ὁ@rpgnp φίλτρον@nanpc καί@cs ἐρωτικός@ananp- κατασκευάζω@vipa3p ὁ@dnmp κακός@annmp- -@annmp- δαίμων@nnmpc πᾶς@annfs- γάρ@b ἀκολασία@nnfsc καί@b πλοῦτος@ngmpc ἐλπίς@nnfsc καί@cs δόξα@ngfsc διά@p οὗτος@rpgnp καί@cs μάλιστα@b ὁ@dnfs ἀπάτη@nnfsc ὁ@dnns γάρ@b ψεῦδος@nnnsc οὗτος@rpdmp οἰκεῖος@annns- βούλομαι@vipe3p γάρ@b εἰμί@vnpa-- θεός@nnmpc καί@cs ὁ@dnfs προίστημι@vpranfs αὐτός@rpgmp δύναμις@nnfsc δοκέω@vnpa-- θεός@nnmsc εἰμί@vnpa-- ὁ@dnms μέγας@annmss οὗτος@rpnmp ὁ@dnmp χαίρω@vppanmp λοιβή@vipe2s τε@cs κνῖσα@vsam2s τε@b διά@p ὅς@rpgmp αὐτός@rpgmp ὁ@dnns πνευματικός@annns- καί@cs σωματικός@annns- πιαίνω@vipe3s ζάω@vipa3s γάρ@b οὗτος@rpnns ἀτμός@ndmpc καί@cs ἀναθυμίασις@ndfpc ποικίλος@b διά@p ὁ@dgmp ποικίλος@angfp- καί@cs δυναμόω@vipe3s ὁ@ddfp ἐκ@p ὁ@dgnp αἷμα@ngnpc καί@cs σάρξ@ngfpc κνῖσα@ndfpc"
"abstin._2.43","διά@p ὅς@rpans συνετός@annms- ἀνήρ@nnmsc καί@cs σώφρων@annms- εὐλαβέομαι@vifp3s τοιοῦτος@andfp- χράω@vnpe-- θύ@ndfpc -@ndfpc σία@ndfpc διά@p ὅς@rpgfp ἐπισπάω@vifm3s πρός@p ἑαυτοῦ@rpams ὁ@damp τοιοῦτος@rpamp τις@nampc σπουδάζω@ndfsc δέ@b καθαίρω@vnpa-- ὁ@dafs ψυχή@nafsc παντοῖος@b καθαρός@andfs- γάρ@b ψυχή@ndfsc οὐ@b ἐπιτίθημι@vipe3p διά@p ὁ@dans αὐτός@rpdmp ἄνομος@anans- εἰ@cs δέ@b ὁ@ddfp πόλις@ndfpc ἀναγκαῖος@annns- καί@b οὗτος@rpamp ἀπομειλίσσομαι@vnpe-- οὐδείς@rpnns πρός@p ἐγώ@rpa-p οὗτος@rpdfp γάρ@b καί@cs πλοῦτος@nnmsc καί@b ὁ@danp ἐκτός@b καί@cs ὁ@dnnp πνευματικός@annnp- ἀγαθός@annnp- εἰμί@vnpa-- νομίζω@vire3s καί@cs ὁ@dnnp ἐναντίος@annnp- κακός@annnp- ὀλιγοστός@annns- δέ@b ἐν@p αὐτός@rpdfp ὁ@dnns ὁ@dgfs ψυχή@ngfsc ἐπιμελέομαι@vppenns ἐγώ@rpnmp δέ@b κατά@p δύναμις@nafsc οὐ@b δέω@vifm1p ὅς@rpgnp οὗτος@rpnmp παρέχω@vipa3p ἀλλά@cs ἐκ@p τε@b ψυχή@ngfsc ἐκ@p τε@cs ὁ@dgnp ἐκτός@b πᾶς@anafs- σπουδή@nafsc ποιέω@vipe1p θεός@ndmsc μέν@b καί@cs ὁ@ddmp ἀμφί@p αὐτός@rpams ὁμοιόω@angns- αι@vnpe-- ὅς@rpnns γίγνομαι@vipe3s διά@p ἀπαθής@ngfsc ειο@ngfsc καί@cs ὁ@dgfs περί@p ὁ@dgnp εἰμί@vppagnp πως@b εἰμί@vppagnp διαρθρόω@vpregfs διάληψις@ngfsc καί@cs ὁ@dgfs πρός@p αὐτός@ananp- οὗτος@rpanp ζωή@ngfsc πονηρός@andmp- δέ@b ἄνθρωπος@ndmpc καί@cs δαί@ndfsc -@andfp- μοσιν@ndfpc καί@cs ὅλος@b πᾶς@andms- ὁ@ddms χαίρω@vppadms ὁ@ddms θνητός@andms- τε@b καί@cs ὑλικός@andms- ἀνομοιόω@vnpe-- ὥστε@cs κατά@p ὁ@danp ἐρῶ@vpreanp ὁ@ddms θεόφραστος@ndmsp θύω@vifa1p καί@cs ἐγώ@rpnmp ὅς@rpdmp καί@b ὁ@dnmp θεολόγος@nnmpc συμφωνέω@viaa3p οἶδα@vpranmp ὡς@cs κατά@p ὅσος@anans- ὁ@dgfs ὁ@dgnp πάθος@ngnpc ἐξαίρεσις@ngfsc ἀμελέω@vipa1p ὁ@dgfs ψυχή@ngfsc κατά@p τοσοῦτος@rpans ὁ@ddfs πονηρός@andfs- δύναμις@ndfsc συνάπτω@vipe1p καί@cs δέω2@vifa3s καί@cs οὗτος@rpnfs ὁ@n---c ἀπομειλίσσομαι@vnpe-- ὡς@cs γάρ@b φημί@vipa3p ὁ@dnmp θεολόγος@nnmpc ὁ@ddmp δέω1@vpredmp ὑπό@p ὁ@dgmp ἐκτός@b καί@cs μηδέπω@b κρατέω@vmpe2s σιν@ndmpc ὁ@dgnp πάθος@ngnpc ἀναγκαῖος@annns- ἀποτρέπω@vnpe-- καί@b οὗτος@anafs- ὁ@dafs δύναμις@nafsc εἰ@cs δέ@x μή@cs γε@x πόνος@ngmpc οὐ@b λήγω@vifa3p"
"abstin._2.44","ἐγώ@rpacs χρι@ndmsc δή@b οὗτος@rpgnp ὁ@dnnp περί@p ὁ@dgfp θυσία@ngfpc δηλόω@vmpe3s πλήν@b ὅσπερ@rpans ἐκ@p ἀρχή@ngfsc λέγω3@viia1p μή@b εἰμί@vnpa-- ἀναγκαῖος@anans- ὡς@cs εἰ@cs θυτέος@annns- ζῷον@nanpc καί@cs βρωτέος@annns- πάντως@b νῦν@b ἐκ@p ἀνάγκη@ngfsc ὁ@dans μή@b δεῖ@vnpa-- ἐσθίω@vnpa-- εἴπερ@cs καί@b θύω@vnpa-- ἀνάγκη@nnfsc ποτέ@b ἐπιδείκνυμι@vipe3s πᾶς@annmp- γάρ@b ἐν@p οὗτος@rpdns ὡμολόω@viap3s γηθη@viaa3p ὁ@dnmp θεολόγος@nnmpc ὡς@cs οὐ@b τε@cs ἁπτέον@annns- ἐν@p ὁ@ddfp ἀπότρομος@ndfpc παίω@andfp- θυσία@ndfpc ὁ@dgmp θύω1@vppegmp καθάρσιος@andmp- τε@cs χρή@nnfsc στέον@annns- μή@b γάρ@b εἶμι@vopa3s τις@rpncs εἰς@p ἄστυ@nansc μη@x δέ@cs εἰς@p οἶκος@namsc ἴδιος@anams- μή@cs πρότερος@b ἐσθής@nafsc καί@cs σῶμα@nansc ποταμός@ndmpc ἤ1@cs πηγή@ndfsc ἀποκαθήρας@vpaanms φημί@vipa3p ὥστε@b καί@b ὅς@rpdmp ἐπιτρέπω@viaa3p θύω@vnpa-- ἀπέχω@vnpe-- ὁ@dgmp θύω1@vppegmp οὗτος@rpdmp παραγγέλλω@viaa3p πρό@b -@b αγνεύω@vnpa-- τε@cs ἀποσιτία@ndfpc καί@cs μάλιστα@b ὁ@ddfp ἀποχή@ndfpc ὁ@dgmp ἔμψυχος@ngmpc εἰμί@vnpa-- γάρ@b ὁ@dafs ἁγνεία@anafs- φυλακή@nafsc πρός@p εὐλάβεια@nafsc οἷος@rpans σύμβολον@nansc ἤ1@cs σφραγίς@nafsc θεῖος1@nafsc περί@p ὁ@dgns μηδείς@rpans πάσχω@vnaa-- ὑπό@p ἐκεῖνος@rpgmp ὅς@rpdmp πρόσειμι1@vipa3s καί@cs ἀπομειλίσσομαι@vipe3s ἐναντίος@b γάρ@b διάκειμαι@vprenms ὅς@rpdnp δράω@vipa3s καί@cs θεῖος1@b ὅτι@cs καί@cs καθαρός@b καί@cs κατά@p σῶμα@nansc καί@cs κατά@p ὁ@danp πάθος@nanpc ὁ@dgfs ψυχή@ngfsc μένω@vipa3s ἀβλαβής@annms- οἷος@rpans ἔρυμα@nansc περιβάλλω@vprenms ὁ@dafs ἁγνεία@anafs-"
"abstin._2.45","διά@p ὅς@rpans καί@b ἄχρι@p ὁ@dgnp γόης@angnp- ἀναγκαῖος@nnfsc δοκέω@viaa3s ὁ@dnfs τοιοῦτος@annfs- προφυλακή@nnfsc οὐ@b δύναμαι@vipe3s μέντοι@b διά@p πᾶς@angns- ἀσέλγεια@ngfsc γάρ@b ἕνεκα@p ἐνοχλέω@vipa3p δαίμων@nampc πονηρός@anamp- ὥστε@b οὐ@b γόης@angmp- εἰμί@viia3s ὁ@dnfs ἁγνεία@nnfsc ἀλλά@cs θεῖος2@ngmpc καί@cs θεόσοφος@ngmpc ἀνήρ@ngmpc φυ@nanpc λακή@nafsc δέ@b φέρω@vppanfs πανταχοῦ@b ὁ@ddmp χράω2@vppedmp ὁ@dafs πρός@p ὁ@dans θεῖος1@anans- οἰκείωσις@nafsc ὡς@cs εἴθε@cs διά@p πᾶς@angns- αὐτός@rpdfs καί@b γόης@nnmpc χράομαι@viie3p καί@cs οὐ@b ἄν@b γοητεύω@vnpa-- προθυμή@viap3p τίθημι@viap3p ἀποκλείω@vprenmp ὑπό@p οὗτος@rpgfs ἀπολαύω@vnpa-- ὅς@rpgnp ἕνεκα@p ἀσεβέω@vipa3p ὅθεν@b πάθος@ngnpc εἰμί@vppanmp πλήρης@annmp- καί@cs πρός@p ὀλίγος@anans- ἀπέχω@vppenmp ὁ@dgfp ἀκάθαρτος@angfp- βρῶσις@ngfpc μεστός@annmp- εἰμί@vppanmp ἀκαθαρσία@ngfsc δίκη@nafpc τίνω@vipa3p ὁ@dgfs εἰς@p ὁ@danp ὅλος@ananp- παρανομία@ngfsc ὁ@danp μέν@b ὑπό@p αὐτός@rpgmp ὅς@rpgnp ἐρεθίζω@vipa3p ὁ@danp δέ@cs καί@b ὑπό@p ὁ@dgfs πᾶς@ananp- ἐφοράω@vppagfs ὁ@danp θνητός@ananp- καί@b ἔργον@nanpc καί@cs διανόημα@nanpc δίκη@ngfsc ἀνήρ@ngmsc ἄρα@b θεῖος2@angms- ὁ@dnfs ἔσω@b καί@cs ὁ@dnfs ἐκτός@b ἁγνεία@annfs- ἀπόσιτος@ngmsc μέν@b πάθος@ngnpc ψυ@an---- χήν@ngfsc σπουδάζω@vppagms εἰμί@vnpa-- ἀπόσιτος@angms- δέ@b καί@cs βρῶσις@ngfpc ὅς@rpnfp ὁ@danp πάθος@nanpc κινέω@vipa3p σιτέω@vppegms δέ@b θεοσοφία@nafsc καί@cs ὁμοιόω@vppegms ὁ@ddfp περί@p ὁ@dgms θεῖος2@angns- ὀρθός@andfp- διάνοια@ndfpc καί@cs ἱερόω@vppegms ὁ@ddfs νοερός@andfs- θυσία@ndfsc καί@cs μετά@p λευκός@angfs- ἐσθής@ngfsc -@ngmsc τος@ngmsc καί@cs καθαρός@angfs- ὁ@ddns εἰμί@vppadns ὁ@dgfs ψυχικός@angfs- ἀπάθεια@ngfsc καί@cs ὁ@dgfs κουφότης@ngfsc ὁ@dgns σῶμα@ngnsc πρόσειμι1@vppagms ὁ@ddms θεός@ndmsc οὐ@b ἐκ@p ἀλλότριος@angmp- καί@cs ὀθνεῖος@angmp- χυμός@ngmpc καί@cs πα@n---c τίθημι@angnp- ψυχικός@angnp- βαρέω@vpregms"
"abstin._2.46","οὐ@b γάρ@b δή@b ἐν@p μέν@b ἵημι@ndmsc ρός@andmp- ὑπό@p ἄνθρωπος@ngmpc θεός@ndmpc ἀφορίζω@vpredmp καί@b ὁ@danp ἐν@p πούς@ndmpc καθαρός@ananp- δεῖ@vipa3s εἰμί@vnpa-- καί@cs ἀκηλίδωτος@ananp- πέδιλον@nanpc ἐν@p δέ@cs ὁ@ddms ναός@ndmsc ὁ@dgms πατήρ@ngmsc ὁ@ddms κόσμος@ndmsc οὗτος@andms- ὁ@dams ἔσχατος@anams- καί@cs ἐκτός@p ἐγώ@rpgcp χιτών@namsc ὁ@dams δερμάτινος@anams- οὐ@b ἁγνός@anams- προσήκω@vipa3s διατηρέω@vnpa-- καί@cs μετά@p ἀγνοέω@ngmsc διατρίβω@vnpa-- ἐν@p ὁ@ddms ναός@ndmsc ὁ@dgms πατήρ@ngmsc εἰ@cs μέν@b γάρ@b ἐν@p ὁ@ddns μολύνω@vnre-- αὐτός@rpams μόνος@anans- ὁ@dnms κίνδυνος@nnmsc κεῖμαι@viie3s ἐνεἰμί@viia3s παρεῖδον@vnaa-- ἴσως@b καί@cs καταρρᾳθυμέω@vnaa-- νῦν@b δέ@b πᾶς@angns- ὁ@dgns αἰσθη@ngnsc ὁ@dgns σώμιατος@angfs- ἀπόρροια@ngfsc φέρω@vppagns δαιμόνιον@ngnpc ὑλικός@angnp- ἅμα@p ὁ@ddfs ἀκαθαρσία@ndfsc ὁ@ddfs ἐκ@p σάρξ@ngfpc καί@cs αἷμα@ngnpc παρά@ εἰμί@vipa3s ὁ@dnfs οὗτος@rpdfs φίλος@annfs- καί@cs προσήγορος@annfs- δύναμις@nnfsc διά@p ὁμοιότης@nafsc καί@cs οἰκειότης@nafsc"
"abstin._2.47","ὅθεν@b ὀρθός@b ὁ@dnmp θεολόγος@nnmpc ὁ@dgfs ἀποχή@ngfsc ἐπιμελέομαι@viam3p καί@cs ὁ@dnms αἰγύπτιος@annms- οὗτος@rpanp ἐγώ@rpdmp μηνύω@viaa3s αἰτία@nafsc ἀποδίδωμι@vppanms φυσικός@anafss ὅς@rpafs ἐκ@p ὁ@dgfs πεῖρα@ngfsc δοκιμάζω@viaa3s ἐπεί@cs γάρ@b ψυχή@nnfsc φαῦλος@annfs- καί@cs ἄλοτος@rpnfs -@annnp- γος@nnfsc ὅς@rpdfs ὁ@dans σῶμα@nansc ἀπολείπω@viaa3s βία@ndfsc συλάω@vpapnfs προσμένω@vipa3s οὗτος@rpdms ὅπου@b γε@b καί@cs ὁ@dgmp ἄνθρωπος@ngmpc ὁ@dnfp ὁ@dgmp βία@ndfsc ἀποθνήσκω@vpaagmp κατέχω@vipe3p πρός@p ὁ@ddns σῶμα@ndnsc ὅς@rpnns καί@b ὁ@dgns μή@b βία@ndfsc ἑαυτοῦ@rpams ἐξάγω@vnpa-- εἰμί@viia3s κωλυτικός@annns- ἐπεί@cs οὖν@b ὁ@dgnp ζῷον@ngnpc ὁ@dnfp βίαιος@annfp- σφαγή@nnfpc ἐμφιληδέω@vnpa-- ὁ@dafp ψυχή@nafpc ὅς@rpdnp ἀπολιμπάνω@vppadmp ἀναγκάζω@vipa3p διείργω@vipe3s δέ@b οὐδα@b πῶς@b ψυχή@nnfsc ἐκεῖ@b εἰμί@vnpa-- ὅποι@cs ὁ@dnns συγγενής@annns- καθέλκω@vipa3s αὐτός@rpafs ὅθεν@b καί@cs ὀδύρομαι@vppenfp ὁράω@viap3p πολύς@annfp- καί@cs ὁ@dnfp ὁ@dgmp ἀτάφων@ngfpc παραμένω@vipa3p ὁ@ddnp σῶμα@ndnpc ὅς@rpdfp καί@cs ὁ@dnmp γόης@nnmpc καταχράομαι@vipe3p πρός@p ἑαυτοῦ@rpgmp ὑπηρεσία@nafsc βιός@nanpc στάζω@vppenmp ὁ@ddfs ὁ@dgns σῶμα@ngnsc ἤ1@cs μέρος@ngnsc ὁ@dgns σῶμα@ngnsc κατά@p οχή@ndfsc ἐπεί@cs οὖν@b οὗτος@rpanp ἱστορέω@viaa3p καί@b φύσις@nafsc ψυχή@ngfsc φαῦλος@angfs- καί@b συγγένεια@nafsc καί@cs ἡδονή@nafsc ὅς@rpafs ἔχω@vipa3s πρός@p ὁ@danp σῶμα@nanpc ἐκ@p ὅς@rpgnp ἀποσπάω@viap3s εἰκότως@b φυλάσσω@viam3p ὁ@dafs ὁ@dgfp σάρξ@ngfpc θοίνη@nafsc ἵνα@cs ἀλλότριος@andfp- ψυχή@ndfpc βι@andmp- -@anafp- αία@andfp- καί@cs ἀκάθαρτος@andfp- πρός@p ὁ@dans συγγενής@anans- ἕλκω@vppedfp μή@b ἐνοχλέω@vope3p μη@b δέ@cs ἐμποδίζω@vope3p προσέρχομαι@vnpe-- μό@annmp- νοι@nnmpc ὁ@ddms θεός@ndmsc δαίμων@ngmpc ὁ@ddfs παρουσία@ndfsc ἐνοχλέω@vppagmp"
"abstin._2.48","ὅτι@cs γάρ@b ὁλκός@namsc ὁ@dgfs ψυχή@ngfsc ὁ@dnfs ὁ@dgms συγγενής@angms- σῶμα@ngnsc φύσις@nnfsc ὁ@dnfs πεῖρα@nnfsc οὗτος@rpamp διδάσκω@viaa3s διά@p πλείων@angnpc ὁ@dnmp γοῦν@b ζῷον@ngnpc μαντικός@angnp- ψυχή@nafpc δέχομαι@vnam-- βούλομαι@vppenmp εἰς@p ἑαυτοῦ@rpamp ὁ@danp κύριος@ananps μόριον@nanpc καταπίνω@vppanmp οἷος@rpans καρδία@nafpc κόραξ@ngmpc ἤ1@cs ἀσπάλακος@ngmpc ἤ1@cs ἱέραξ@ngmpc ἔχω@vipa3p πάρειμι1@vppaafs ὁ@dafs ψυχή@nafsc καί@cs χρηματίζω@vppaafs ὡς@p θεός@namsc καί@cs εἴσειμι@vppaafs εἰς@p αὐτός@rpamp ἅμα@p ὁ@ddfs ἐκλογὴ@ndfsc ὁ@ddfs ὁ@dgns σῶμα@ngnsc"
"abstin._2.49","εἰκότως@b ἄρα@b ὁ@dnms φιλόσοφος@nnmsc καί@b θεός@ngmsc ὁ@dgms ἐπί@p πᾶς@andmp- ἱερεύς@nnmsc πᾶς@angfs- ἀπέχω@vipe3s ἔμψυχος@angfs- βορά@ngfsc μόνος@annms- μόνος@andms- διά@p ἑαυτοῦ@rpgms θεός@ndmsc πρόσειμι@vnpa-- σπουδάζω@vppanms ἄνευ@p ὁ@dgfs ὁ@dgmp παρομαρτέω@vppagmp ἐνοχλέω@ngfsc καί@cs εἰμί@vipa3s εὐλαβής@annms- ὁ@dafp ὁ@dgfs φύσις@ngfsc ἀνάγκη@nafpc ἐξιστορέω@vpranms ἵστωρ@nnmsc γάρ@b πολύς@angnp- ὁ@dnms ὄντως@b φιλόσοφος@annms- καί@b σημειωτικός@annms- καί@b καταληπτικός@annms- ὁ@dgnp ὁ@dgfs φύσις@ngfsc πρᾶγμα@ngnpc καί@b συνετός@annms- καί@b κόσμιος@annms- καί@cs μέτριος@annms- πανταχόθεν@b σώζω@vppanms ἑαυτοῦ@rpams καί@cs ὥσπερ@cs ὅς@dnms τις@rpgms ὁ@dgnp κατά@p μέρος@nansc ἱερεύς@nnmsc ἔμπειρος@annms- ὁ@dgfs ἵδρυσις@ngfsc ὁ@dgnp ἄγαλμα@ngnpc αὐτός@rpgms ὁ@dgfp τε@cs ὀργιασμία@ngfpc καί@cs τελετή@ngfpc καθάρσεων@ngfpc τε@cs καί@cs ὁ@dgnp ὅμοιος@angnp- οὕτως@b ὁ@dnms ὁ@dgms ἐπί@p πᾶς@andmp- θεός@ngmsc ἱερεύς@nnmsc ἔμπας@vipa3s ρος@nnmsc ὁ@dgfs αὐτός@rpgms ἀγαλματοποιία@ngfsc καθάρσεων@vpfanms τε@cs καί@cs ὁ@dgnp ἄλλος@rpgnp διά@p ὅς@rpgnp συνάπτω@vipe3s ὁ@ddms θεός@ndmsc"
"abstin._2.50","εἰ@cs δέ@b ὁ@dnmp ὁ@dgmp ὅδε@b ἱερεύς@nnmpc καί@b ἱεροσκόπος@nnmpc καί@cs τάφος1@ngmpc ἀπέχω@vnpe-- κελεύω@vipa3p ἑαυτοῦ@rpdmp τε@b καί@cs ὁ@ddmp ἄλλος@rpdmp καί@cs ἀνήρ@ngmpc ἀνόσιος@angmp- καί@b ἔμμηνος@angmp- καί@b συνουσία@ngfpc καί@cs θέα@ngfsc ἤδη@b αἰσχρός@angfs- καί@b πενθικός@angfs- καί@cs ἀκρόασις@ngfsc πάθος@nansc γείνομαι@vppagfs ρέω@vppagfs ἐπεί@cs πολλάκις@b φαίνω@vipe3s διά@p ὁ@damp πάρειμι1@vppaamp ἀκάθαρτος@anamp- ταράσσω@vipa3s ὁ@dams ἱεροσκόπος@namsc διά@p ὅς@rpans καί@b ὁ@dans θύω@vnpa-- ἄκαιρος@b καί@cs βλάβη@nafsc μέγας@anafsc φέρω@vnpa-- ἤ1@cs κερ@nansc δος@ngfsc φημί@vipa3p ἦ@b πού@b γε@b ὁ@dnms ὁ@dgms πατήρ@ngmsc ἱερεύς@nnmsc αὐτός@annms- τάφος@nansc γίγνομαι@vnpe-- νεκρός@angnp- σῶμα@ngnpc ὑπομένω@vifa3s αὐτός@rpnms μίασμα@ngnpc πλήρης@annms- ὁμιλητής@nnmsc σπουδάζω@vppanms γίγνομαι@vnam-- ὁ@ddms κρατύς@andnsc ἀρκέω@vipa3s ὅτι@cs ὁ@danp ὁ@dgms θάνατος@ngmsc μέρος@nanpc ἐπί@p ὁ@dgmp καρπός1@ngmpc εἰς@p ὁ@dafs ἐνταῦθα@b ἐγώ@rpgcp ζωή@nafsc παραλαμβάνω@vipa1p βαίνω@vipa1p ἀλλά@b μήπω@b περί@p οὗτος@rpgnp ἔτι@b δέ@b ὁ@danp πέρ@b ὁ@dgfp θυσία@ngfpc διακρίνω@annns-"
"abstin._2.51","φημί@vopa3s γάρ@b ἄν@b τις@rpnms ὅτι@cs πολύς@anans- μέρος@nansc ἀναιρέω@vipa1p μαντεία@ngfsc ὁ@dgfs διά@p σπλάγχνον@ngnpc ἀπό@p ἔχω@vppenmp ὁ@dgfs ὁ@dgnp ζῷον@ngnpc ἀναίρεσις@ngfsc οὐκοῦν@b ὁ@dnms σύ@b οὖτος@rpnms ἀναιρέω@vmpa3s καί@b ὁ@damp ἄνθρωπος@nampc ἐπιφαίνω@vipe3s γάρ@b μᾶλλον@b ὡς@cs φημί@vipa3p ὁ@ddnp οὗτος@rpgmp σπλάγχνον@ndnpc ὁ@dnnp μέλλω@vppannp καί@cs πολύς@annmp- γε@x ὁ@dgmp βάρβαρος@ngmpc διά@p ἄνθρωπος@ngmpc πούς@ngmpc σπλαγχνεύω@vipe3p ἀλλά@b ὥσπερ@cs ἀδικία@ngfsc καί@cs πλέω@angfs- -@annnp- ονεξία@ngfsc εἰμί@viia3s ὁ@dnns ἕνεκα@p μαντεία@ngfsc ἀναιρέω@vnpa-- ὁ@dams ὁμόφυλος@anams- οὕτως@b καί@b ὁ@dans ἄλογος@anans- ζῷον@nansc σφάζω@vnpa-- μαντεία@ngfsc ἕνεκα@p ἄδικος@annns- πότερος@ananp- δέ@b ὁ@danp σημεῖον@nanpc ὁ@dnmp θεός@nnmpc ἐπιφαίνω@vipa3p ἤ1@cs δαίμων@nnmpc ἤ1@cs ὁ@dnfs ψυχή@nnfsc ἀπαλλάσσω@vppenfs ὁ@dgns ζώιον@ngnsc πρός@p ὁ@dafs πεῦσις@nafsc ἀποκρίνω@vipe3s διά@p ὁ@dgnp ἐν@p ὁ@ddnp σπλάγχνον@ndnpc σημεῖον@ngnpc οὐ@b εἰμί@vipa3s ὁ@dgms πάρειμι1@vppagms λόγος@ngmsc ἐρευνάω@vnaa--"
"abstin._2.52","ὅς@rpdmp μέντοι@b ὁ@dnms βίος@nnmsc ἔξω@b κυλίω@vipe3s οὗτος@rpdmp ἐπιτρέπω@vipa1p ἅπαξ@b ἀσεβέω@vpaadmp εἰς@p ἑαυτοῦ@rpamp φέρω@vnpe-- ᾗπερ@b καί@b φέρω@vipe3p ὅς@rpams δέ@b ἐγώ@rpnmp ὑπογράφομαι@viaa1p φιλόσοφος@namsc ἀφίημι@b ἵστημι@vppeams ὁ@dgmp ἐκτός@b εἰκότως@b φημί@vipa1p μή@b ἐνοχλέω@vnfa-- δαίμων@ndmpc μη@b δέ@cs μάντις@ngfpc δέω2@vnfm-- μη@b δέ@cs σπλάγχνον@ngnpc ζῷον@ngnpc ὅς@rpgnp γάρ@b ἕνεκα@p ὁ@dnfp μαντεία@nnfpc οὗτος@rpgnp οὗτος@rpnms ἐγώ@rpacs μελετάω@vira3s ἀφεστήξω@vnpe-- οὐ@b γάρ@b εἰς@p γάμος@namsc καθίημι@vipa3s ἵνα@cs περί@p γάμος@ngmsc ὁ@dams μάντις@namsc ἐνοχλέω@vsaa3s οὐ@b εἰς@p ἐν@anafs- πορία@nafsc οὐ@b περί@p οἰκέτης@ngmsc οὐ@b περί@p προκοπή@ngfsc καί@cs ὁ@dgfs ἄλλος@rpgfs παρά@p ἄνθρωπος@ndmpc δοξοκοπία@ngfsc περί@p ὅς@rpgnp δέ@x ζη@viia3s τε@vipa3s μάντις@nnmsc μέν@x οὐδείς@annms- οὐ@b δέ@x σπλάγχνον@nnnpc ζῷον@ngnpc μήνυσις@vipa3s -@annmp- σει@vifa3s ὁ@dans σαφής@anans- αὐτός@rpnms δέ@b διά@p ἑαυτοῦ@rpgms ὡς@cs λέγω3@vipa1p πρόσειμι1@vppanms ὁ@ddms θεός@ndmsc ὅς@rpnms ἐν@p ὁ@ddnp ἀληθινός@andnp- αὐτός@rpgms σπάγ@ndnpc χνος@ndfpc ἱδρύω@vire3s περί@p ὁ@dgms αἰώνιος@angms- βίος@ngmsc λαμβάνω@vifm3s ὁ@dafp ὑποθήκη@nafpc ὅλος@annms- ἐκεῖ@b συρρέω@vpaanms καί@cs ἀντί@p μάντις@ngmsc ζεύς@ngmsp μέγας@angms- ὀαριστής@nnmsc εὔχομαι@vppenms γίγνομαι@vnam--"
"abstin._2.53","εἰ@cs δέ@b ἄρα@b καί@b ἐπείγω@voaa3s τις@rpans ὁ@dgnp ὁ@dgfs ἀνάγκη@ngfsc εἰμί@vipa3p ὁ@rpdms ὁ@ddms οὕτως@b ζάω@vppadms ὁ@ddms οἰκέτης@ndmsc ὁ@dgms θεός@ngmsc καί@b διά@p ὄνειρος@ngnpc καί@cs σύμβολον@ngmpc καί@cs διά@p ὄττης@ngfsc ἀγαθός@annmp- δαίμων@nnmpc προτρέπω@vipa3p πότης@vppanmp καί@cs μηνύω@vppanmp ὁ@dans ἀποβαίνω@vpfmans καί@cs ὅς@rpans ἀναγιγνώσκω@viaa3s καίω@anans- φυλάσσω@vnam-- μόνος@b γάρ@b ἀφεστήξω@vnaa-- δεῖ@vipa3s ὁ@dgns κακός@angns- καί@cs ἐπιγιγνώσκω@vnaa-- ὁ@dans ἐν@p ὁ@ddnp ὅλος@andnp- τίμιος@ananss καί@cs πᾶς@anans- ὁ@dans ἐν@p ὁ@ddns ὅλος@andns- ἀγαθός@anans- φίλος@anans- καί@cs προσάγω@anans- -@ ρον@anans- ἀλλά@cs δεινός@annfs- τις@rpncs ὁ@dnfs κακία@nnfsc καί@b ὁ@dgmp θεῖος2@angmp- ἀμσός@b θία@nnfsc καταφρονέω@vnpa-- ὅς@rpgnp οὐ@b οἶδα@vira3s καί@cs ἐπισύρουσα@vnpa-- ἐπεί@cs οὗτος@rpanp οὐ@b φωνή@andfp- ἔκλυτος@andfp- ὁ@dnfs φύσις@nnfsc βοάω@vipa3s νοερός@annfs- δέ@b εἰμί@vppanfs διά@p νόος@ngmsc μυσταγωγέω@vipa3s ὁ@damp οὗτος@rpafs σέβω@vppaamp καί@b ἄν@cs μέντοι@b τις@rpncs θυτικός@anafs- παραδέχομαι@vsam3s πρόγνωσις@ngfsc ἕνεκα@p ὁ@dgns μέλλω@vppagns οὐ@b ἕπομαι@vipe3s οὗτος@rpdfs καί@b ὁ@dans εἰμί@ ειν@ δεῖ@vnpa-- ἐκ@p ἀνάγκη@ngfsc καί@b σάρξ@nafpc παραδέχομαι@vnpe-- καί@b θάπερ@cs οὐ@b δέ@b ὁ@dnns θύω@vnpa-- ὁπωσοῦν@b ἤ1@cs θεός@ndmpc ἤ1@cs δαίμων@ndmpc εἰσηγέομαι@vipe3s ὁ@dafs βρῶσις@nafsc ὁ@dnfs γοῦν@b ἱστορία@nnfsc οὐ@b μόνος@b ὅς@rpafs θεόφραστος@nnmsp μιμνῄσκω@viap3s ἀλλά@cs καί@b ἄλλος@rpgmp πλείων@angmpc ὁ@dafs μένω@nafsc παραδίδωμι@viaa3s ὡς@b καί@b ἄνθρωπος@nampc θύω@vppagmp ὁ@dgmp πάλαι@b καί@cs οὐ@b δήπου@b διά@p οὗτος@rpans καί@b βρωτέος@annns- ἄνθρωπος@namsc πούς@ngfsc"
"abstin._2.54","καί@b ὅτι@cs οὗτος@rpanp οὐ@b ἁπλόος@b ἀλλά@cs πλήρης@angfs- οὐ@b -@annnp- σός@vppagfs ὁ@dgfs ἱστορία@ngfsc λέγω3@vipa1p αὐτάρκης@annfs- καί@b οὗτος@rpanp πα@b ραστεύω@vnaa-- θύω@viie3s γάρ@b καί@b ἐν@p ῥόδος@ndfsp μείς@ndmsc μεταγειτ@ngmsp νιών@ndmsc ἕκτος@ndfsc ἵστημι@vppegms ἄνθρωπος@nnfsc ὁ@ddms κρόνος@ndmsp ὅς@dnns δή@x ἐπί@p πολύς@anans- κρατέω@vpaanns ἔθος@nnnsc μεταβάλλω@viap3s εἷς@namsc γάρ@b ὁ@dgmp ἐπί@p θάνατος@ndmsc δημοσίᾳ@b καταδικάζω@vpapgmp μέχρι@p μέν@b ὁ@dgmp κρονίων@ngnpp συνέχω@viia3p ἐνίστημι@vpaagfs δέ@cs ὁ@dgfs ἑορτή@ngfsc προαγα@nanpc γιγνώσκω@vpaanmp ὁ@dams ἄνθρωπος@namsc ἔξω@p πύλη@ngfpc ἄντικρυς@b ὁ@dgms ἀραρίσκω@ngmsp στοβούλη@ngfsc ἕδος@ngnsc οἶνος@ngmsc ποτίζω@vpaanmp σφάζω@viia3p ἐν@p δέ@b ὁ@ddfs νῦν@b σαλαμίς@ndfsp πρότερος@anans- δέ@cs κορωνίς@ndfsp ὀνομα@ndfsc -@ndfpc μάσσω@vppedfs μείς@ndmsc κατά@p κύπριος@nampp ἀφροδίσιος@ndmsp θύω@viie3s ἄνθρωπος@nnfsc ὁ@ddfs ἄγραυλος@ndfsp ὁ@ddfs κέκροψ@ngmsp καί@cs νύμφη@ngfsc ἀγραυλίς@ngfsp καί@b διαμένω@viia3s ὁ@dnns ἔθος@nnnsc ἄχρι@p ὁ@dgmp διομήδης@ngmsp χρόνος@ngmpc εἶτα@b μεταβάλλω@viaa3s ὥστε@cs ὁ@ddms διομήδης@ndmsp ὁ@dams ἄνθρωπος@nafsc θύω1@vnpe-- ὑπό@p εἷς@anams- δέ@b περίβολος@namsc ὅς@dnms τε@b ὁ@dgfs ἀθήνη@ngfsp ναῦς@ngfsc καί@cs ὁ@dnms ὁ@dgfs ἄγραυλος@ngmsp καί@cs διομήδης@ngfsp ὁ@dnms δέ@b σφαγιάζω@vppenms ὑπό@p ὁ@dgmp ἔφηβος@ngmpc ἄγω@vppenms τρίς@b περιθέω@viia3s ὁ@dams βωμός@namsc ἔπειτα@b ὁ@dnms ἱερεύς@nnmsc αὐτός@rpams λόγχη@ndfsc παίω@viia3s κατά@p ὁ@dgms στομίαχος@ngmsc καί@cs οὕτως@b αὐτός@rpams ἐπί@p ὁ@dafs νήθω@vpapafs πυρή@nafsc ὁλοκαυτίζω@viia3s"
"abstin._2.55","οὗτος@anams- δέ@b ὁ@dams θεσμός@namsc δίφιλος@nnmsp ὁ@dnms ὁ@dgfs κύπρος@ngfsp βασιλεύς@nnmsc καταλύω@viaa3s κατά@p ὁ@damp σέλευκος@ngmsp χρόνος@nampc ὁ@dgms θεολόγος@ngmsc γίγνομαι@vpamgms μένω@nnmsc ὁ@dans ἔθος@nansc εἰς@p βουθυσία@nafsc μεθίστημι@vpaanms πρόσειμι@viia3s κατά@viia3s δέ@b ὁ@dnms δαίμων@nnmsc ἀντί@p ἄνθρωπος@ngmsc ὁ@dams βοῦς@namsc οὕτως@b ἴσος@annns- εἰμί@vipa3s ὁ@dnns δράω@vppenns καταλύω@viaa3s δέ@b καί@b ἐν@p ἥλιος@ngnsp πόλις@ndfsc ὁ@dgfs αἴγυπτος@ngfsp ὁ@dams ὁ@dgfs ἀνθρωποκτονία@ngfsc νόμος@namsc ἄμωσις@nnmsp ὡς@cs μαρτυρέω@vipa3s μανέθω@nnmsp ἐν@p ὁ@ddms περί@p ἀρχαϊσμός@ngmsc καί@cs εὐσέβεια@ngfsc θύω1@viie3p δέ@b ὁ@ddfs ἥρα@ndfsp καί@cs δοκιμάζω@viie3p καθά@cs ὁ@dnmp ζητέω@vppenmp καθαρός@annmp- μό@nnmpc ἔχω@annmp- καί@cs συσφραγίζω@vppenmp θύω1@viie3p δέ@b ὁ@dgfs ἡμέρα@ngfsc τρεῖς@anafp- ἀντί@p ὅς@rpgfp κηρίνος@anamp- κελεύω@viaa3s ὁ@dnms ἄμωσις@nnmsp ὁ@damp ἴσος@anamp- ἐπιτίθημι@vnpe-- θύω1@viia3p δέ@b καί@b ἐν@p χίος@ndmsp ὁ@ddns ὠμός@nansp δῖος@andms- διονύσος@ndmsp ἄνθρωπος@namsc διασπάω@vppanmp καί@cs ἐν@p τενώ@ngmsp δίδωμι@ndmsc ὡς@cs φημί@vipa3s εὔελλπις@nnmsp ὁ@dnms καρύστιος@annms- ἐπεί@b καί@b λα@nnmsp κέφαλος@nampc φημί@vipa3s ὁ@dnms ἀπολλόδωρος@nnmsp ὁ@ddms ἄρης@ndmsp θύω@vnpa-- ἄνθρωπος@namsc"
"abstin._2.56","φοῖνιξ@nnmpp δέ@b ἐν@p ὁ@ddfp μέγας@andfp- συμφάομαι@ndfpc -@ndfpc ραί@ndfpc πόλεμος@ngmpc ἤ1@b λοιμός@ngmpc ἤ1@cs αὐχμός@ngmpc θύω1@viia3p ὁ@dgmp φιλ@angmp- τάμενος@ngnpc τις@rpanp ἐπιφημίζω@vppanmp κρόνος@ndmsp καί@cs πλήρης@annfs- γε@b ὁ@dnfs φοινικικός@annfs- ἱστορία@nnfsc ὁ@dgmp θύω1@vpaagmp ὅς@rpafs σαγχουνιά@nnfsp θων@vpfanms μέν@b ὁ@ddfs φοῖνιξ@ngmpp γλῶσσα@ndfsc συγγράφω@viaa3s φίλος@nnmsp δέ@cs ὁ@dnms βύβλιος@annms- εἰς@p ὁ@dafs ἑλλάς@nafsp γλῶσσα@nafsc διά@p ὀκτώ@an---- βιβλίον@ngnpc ἑρμηνεύω@viaa3s ἴστρος@nnmsp δέ@b ἐν@p ὁ@ddfs συναγωγή@ndfsc ὁ@dgfp κρητικός@angfp- θυσία@ngfpc φημί@vipa3s ὁ@damp κουρῆτες@nampp ὁ@dans πα@ λαιός@anans- ὁ@ddms κρόνος@ndmsp θύω@vnpa-- παῖς@na-pc καταλύω@vnap-- δέ@b ὁ@dafp ἀνθρωποθυσία@nafpc σχεδόν@b ὁ@dafp παρά@p πᾶς@andmp- φημί@vipa3s πάλι@nnmsp λας@vpaanms ὁ@dnms ἄριστος@ananps ὁ@danp περί@p ὁ@dgnp ὁ@dgms μίθρας@ngmsp συνάγω@vpaanms μυστήριον@ngnpc ἐπί@p ἀδριανός@ngmsp ὁ@dgms αὐτοκράτωρ@ngmsc θύω@viie3s γάρ@b καί@b ἐν@p λαοδικεία@ndfsp ὁ@ddfs κατά@p συρία@nafsp ὁ@ddfs ἀθήνη@ndfsp κατά@p ἔτος@nansc παρθένος@nnfsc νῦν@b δέ@cs ἔλαφος@nnnsc καί@b μήν@b καί@b ὁ@dnmp ἐν@p λιβύη@ndfsp καρχηδόνιος@nnmpp ποιέω@viia3p ὁ@dafs θυσία@nafsc ὅς@rpafs ἰφικράτης@nnmsp ἐπαύω@viaa3s καί@cs δουμαθηνός@nnmpp δέ@cs ὁ@dgfs ἀραβία@ngfsp κατά@p ἔτος@nansc ἕκαστος@anans- θύω1@viia3p παῖς@namsc εἰμί@vppaans ὑπό@p βωμός@namsc θνήσκω@b πτον@namsc ὅς@rpdms χράω@vipe3p ὡς@b ξόανον@ndnsc φύλαρχος@nnmsp δέ@b κοινός@b πᾶς@anamp- ὁ@damp ἕλλην@nampp πρίν@cs ἐπί@p πολέμιος@nampc ἐξίημι@vnpa-- ἀνθρωποκτονέω@vnpa-- ἱστορέω@vipa3s καί@b παρίημι@vipa1s θρᾷξ@nampp καί@cs σκύθης@nampp καί@cs ὡς@cs ἀθηναῖος@nnmpp ὁ@dafs ἐρεχθεύς@ngmsp καί@cs πρα@ngfsp ξιθέη@ngfsc θυγάτηρ@nafsc ἀναιρέω@viaa3p ἀλλά@b ἔτι@b γε@b νῦν@b τις@rpnms ἀγνοέω@nnmsc εἰ@vipa3s κατά@p ὁ@dafs μέγας@anafs- πόλις@nafsc ὁ@ddfs ὁ@dgms ααατιάριος@angms- ζεύς@ngmsp ἑορτή@ndfsc σφάζω@vppeams ἄνθρωπος@namsc καί@b οὐ@b δήπου@b οὗτος@rpgns ἕνεκα@p βρωτέος@annns- καί@b σάρξ@nafpc ἄνθρωπος@ngmpc ἐπείπερ@cs διά@p τις@anafs- ἀνάγκη@nafsc εἰς@p θυσία@nafsc ἄνθρωπος@nnmsc παραλαμβάνω@viap3s καί@b γάρ@b ἐν@p λιμός@ndmpc πολιορκέω@vppenmp τις@rpnmp ἀλλήλων@rpgmp γεύω@nnmpc -@viia3p σαντο@viam3p καί@cs ὅμως@b ἐναγής@nnmpc οὗτος@rpnmp νομίζω@viap3p καί@cs ὁ@dnns πρᾶγμα@nnnsc ἀσεβής@annns-"
"abstin._2.57","καί@b μετά@p γε@b ὁ@dams πρῶτος@anams- πόλεμος@namsc ὁ@dams γίγνομαι@vpamams ῥωμαῖος@ndmpp περί@p σικελία@ngfsp πρός@p καρ@namsp χῖος@nampc ἀφίστημι@vpaagmp ὁ@dgmp φοῖνιξ@ngmpp μισθοφόρος@ngmpc καί@cs συνίστημι@vpaagmp ὁ@damp λίβυς@nampp ἀμίλκας@nnmsp ὁ@dnms βάρκας@nnmsp ἐπικαλέω@vppenms ἐπιστρατεύω@vppaafp αὐτός@rpdmp εἰς@p λιμός@namsc οὕτως@b περιίστημι@viaa3s ὡς@cs ὁ@dans μέν@b πρῶτος@anans- ὁ@damp πίπτω@vppaamp ἐν@p ὁ@ddfp μάχη@ndfpc ἐσθίω@vnpa-- ἐπιλείπω@vppagmp πάν@angmp- ὁ@rpgmp δεύτερος@anans- ὁ@damp αἰχμάλωτος@anamp- τρίτος@anans- ὁ@damp εἰκός@nampc -@nampc ὁ@nampc ὕστερος@anans- δέ@cs καί@b ἐπί@p ἀλλήλων@rpamp ὁρμάω@vnaa-- καί@cs κλῆρος@ndmsc ὁ@damp συστρατιώτης@nampc ἐσθίω@vnpa-- ἀλλά@b ὅς@dnms γε@b ἀμίλκας@nnmsp λα@ βαίνω@vpaanms ὑποχείριος@anamp- διά@p ὁ@dgmp ἐλέφας@ngmpc συμπατέω@viaa3s ὡς@cs οὐ@b ὅσιος@annns- ἔτι@b ὁ@ddmp ἄλλος@andmp- ἄνθρωπος@ndmpc αὐτός@rpamp ἐπί@vnpa-- μίγνυμι@vnpe-- καί@cs οὐ@b τε@b αὐτός@rpnms παραδέχομαι@viam3s διά@p ὁ@dans τολ@anans- μήδομαι@vnaa-- τις@rpamp ὁ@dafs ἀνθρωποφαγία@nafsc οὔτε@b ὁ@dnms υἱός@nnmsc αὐτός@rpgms ἀννίβας@nnmsp ὅς@rpdms συμβουλεύω@viia3s τις@rpnms εἰς@p ὁ@dafs τύριον@nafsc στρατός@nafsc τεύω@vppadms ἐθίζω@vnaa-- ἀνθρωποφαγέω@vnaa-- ὁ@dams στρατός@namsc ὡς@cs μή@b τροφή@ngfsc ἀπορέω@vopa3p οὐ@b τοίνυν@b ἐπεί@cs λιμός@nnmpc καί@cs πόλεμος@nnmpc αἴτιος@annmp- ὁ@dgfs ὁ@dgnp ἄλλος@angnp- ζῷον@ngnpc βρῶσις@ngfsc γίγνομαι@vira3p χρή@viia3s οὗτος@rpafs καί@b διά@p ἡδονή@nafsc παραδέχομαι@vnam-- καθά@cs οὐ@b δέ@b ὁ@dafs ἀνθρωποφαγία@nafsc προσακούω@vire1p οὐ@b δέ@cs ἐπεί@cs θύω@viaa3p τις@andfp- δύναμις@ndfpc ζῷον@nanpc χρή@viia3s καί@b ἐσθίω@vnpa-- αὐτός@rpanp οὐ@b δέ@b γάρ@b ἄνθρωπος@nampc θύω1@vpaanmp γεύω@viam3p οὗτος@rpgns γε@b ἕνεκα@p σάρξ@ngfpc ἀνθρώπινος@angfp- ἀλλά@b ὅτι@cs μέν@b ὁ@ddns θύω@vnpa-- οὐ@b ἕπομαι@vipe3s ὁ@dnns καί@b εἰμί@vnre-- ειν@vnpa-- πάντως@b ὁ@dnnp ζῷον@nnnpc διά@p οὗτος@rpgnp ἀποδείκνυμι@vire3s"
"abstin._2.58","ὅτι@cs δέ@b οὐ@b θεός@ndmpc ἀλλά@cs δαίμων@ndmpc ὁ@dafp θυσία@nafpc ὁ@dafp διά@p ὁ@dgnp αἷμα@ngnpc προσάγω@viia3p ὁ@dnmp ὁ@dafp ἐν@p ὁ@ddns πᾶς@andns- δύναμις@nafpc καί@b ταμανθάνω@vpaanmp καί@b οὗτος@rpnns πείθω@vire3s παρά@p αὐτός@angmp- ὁ@dgmp θεολόγος@ngmpc καί@b μήν@b ὅτι@cs οὗτος@rpgmp ὁ@dnmp μέν@b κακοποιός@annmp- ὁ@dnmp δέ@b ἀγαθός@annmp- ὅς@rpnmp οὐ@b ἐνοχλέω@vifa3p ἐγώ@rpdmp ἀπάρχομαι@b -@vppedmp μένω@vppedmp ἐκ@p μόνος@angnp- ὅς@rpgnp ἐσθίω@vipa1p καί@cs τρέφω@vipa1p ἤ@cs ὁ@dans σῶμα@nansc ἤ@cs ὁ@dafs ψυχή@nafsc καί@b οὗτος@rpgns μιμνῄσκω@vire3p ὀλίγος@ananp- δέ@b ἔτι@b προστίθημι@vpaanmp ὡς@cs καί@b ὁ@dnfp ἀδιάστροφος@annfp- ἔννοια@nnfpc ὁ@dgmp πολύς@angmp- ἐπιβάλλω@vipa3p ὁ@ddfs ὀρθός@andfs- περί@p ὁ@dgmp θεός@ngmpc ὑπόληψις@ndfsc ὁ@dans βιβλίον@nansc περιγράφω@vifa1p λέγω3@vipa3p γοῦν@b καί@b ὁ@dgmp ποιητής@ngmpc ὁ@dnmp ἐπί@p ὀλίγος@anans- σωφρονέω@vppanmp τις@rpnms ὧδε@b μωρός@annms- καί@cs λίαν@b ἀνειμένως@b εὔπιστος@annms- ἀνήρ@ngmpc ὅστις@rpnms ἐλπίζω@vipa3s θεός@nampc ὀστέον@ngmpc ἄσαρκος@vppanms καί@cs χολή@ngfsc πυρόω@vppegfs ὅς@rpnnp καί@b κύων@ndmpc πεινάω@vppadmp οὐ@b βρώσιμος@ananp- χαίρω@vnpa-- ἀπαρχή@ndfpc καί@cs γέρας@nansc λαγχάνω@vnaa-- ὅδε@rpans ἄλλος@rpnms δέ@b φημί@vipa3s ψαστός@ananp- λιβανωτός@namsc πόπανον@nanpc οὗτος@rpanp ὠνέομαι@vifm1s οὐ@b ὁ@ddmp φίλος@andmp- θύω@vipa1s γάρ@x ἀλλά@cs ὁ@ddmp θεός@ndmpc ὁ@rpanp νῦν@b"
"abstin._2.59","ἐπεί@cs καί@b ἀπόλλων@nnmsp παραινέω@vppanms θύω@vnpa-- κατά@p ὁ@danp πάτριος@ananp- οὗτος@rpnns εἰμί@vipa3s κατά@p ὁ@dans ἔθος@nansc ὁ@dgmp πατήρ@ngmpc ἐπανάγω@vnpa-- εἰμί@vopa3s ἄν@b εἰς@p ὁ@dans παλαιός@anans- ἔθος@nansc ὁ@dans δέ@b παλαιός@anans- διά@p ποπά@ngmpc -@ngmpc νων@angnp- καί@cs ὁ@dgmp καρπός1@ngmpc εἰμί@viia3s ὡς@cs ἀποδείκνυμι@viaa1p ὅθεν@b καί@b θυσία@nnfpc καί@b θυηλή@nnfpc καί@cs θυμέλη@nnfpc καλέω@viie3p καί@cs αὐτός@annns- ὁ@dnns θύω@vnpa-- ὁ@dgns θυμιάω@vnpa-- ἔχω@viie3s καί@cs ὁ@dgns νῦν@b παρά@p ἐγώ@rpdmp λέγω1@vppegns ἐπιθύω1@vnpa-- ὅς@rpans γάρ@b ἐγώ@rpnmp νῦν@b θύω@vnpa-- λέγω3@vipa1p ἔρδω@vnpa-- λέγω3@viia3p ἔρδω@viia3p δέ@x ἀπόλλων@ndmsp τελήεις@anafp- ἑκατόμβη@nafpc ταῦρος@ngmpc ἡδύς@ananp- αἴξ@ngmpc"
"abstin._2.60","ἀγνοέω@vipa3p δέ@b ὁ@dnmp ὁ@dafs πολυτέλεια@nafsc εἰσάγω@vpaanmp εἰς@p ὁ@dafp θυσία@nafpc ὅπως@cs ἅμα@p οὗτος@rpdfs ἑσμός@namsc κακός@angnp- εἰσάγω@viaa3s γον@namsc δεισιδαιμονία@nafsc τρυφή@nafsc ὑπόληψις@nafsc ὁ@dgns δέκατος@ananp- ζέω@vnpa-- δύναμαι@vnpe-- ὁ@dans θεῖος1@anans- καί@cs θυσία@ndfpc ἀκέομαι@vnpe-- ὁ@dafs ἀδικία@nafsc πόθεν@b ὁ@dnmp μέν@b τριττύς@nafpc χρυσόκερως@anafp- ὁ@dnmp δέ@b ἑκατόμβη@nafpc ὀλυμπιάς@nnfsp δέ@cs ὁ@dnfs ἀλέξανδρος@ngmsp μήτηρ@nnfsc πᾶς@ananp- χίλιοι@ananp- θύω1@viia3s ἅπαξ@b ὁ@dgfs πολυτέλεια@ngfsc ἐπί@p ὁ@dafs δείδω@anafs- -@anafs- δαιμόνιος@nafsc προάγω@vppagfs ὅταν@cs δέ@b νέος@annms- θεός@nampc χαίρω@vnpa-- πολυτέλεια@ndfpc γιγνώσκω@vsaa3s καί@cs ὡς@cs φημί@vipa3p ὁ@ddfp ὁ@dgmp βοῦς@ngfpc καί@cs ὁ@dgnp ἄλλος@angnp- ζῷον@ngnpc θοίνη@ndfpc πότε@b ἄν@b ἑκών@annms- σώφρων@annms- νέω@voaa3s πῶς@b δέ@b χαρίζομαι@vpreanp θύω@vnpa-- ἡγέομαι@vppmnms ὁ@ddmp θεός@ndmpc οὗτος@rpanp οὐ@b ἔξεστι@vnpa-- ἀδικέω@vnpa-- οἴομαι@vifm3s αὐτός@rpdms μέλ@andms- -@ddms μέλω@b διά@p ὁ@dgfp θυσία@ngfpc ἐξωνέομαι@vnpe-- ὁ@dafs ἁμαρτία@nafsc πείθω@vpapnms δέ@b ὅτι@cs οὗτος@rpgnp χρεία@nafsc οὐ@b ἔχω@vipa3p ὁ@dnmp θεός@nnmpc εἰς@p δέ@cs ὁ@dans ἦθος@nansc ἀποβλέπω@vipa3p ὁ@dgmp πρόσειμι1@vppagmp ἐγώ@rpams γίστη@anafss θυσία@nafsc λαμβάνω@vppanmp ὁ@dafs ὀρθός@anafs- περί@p αὐτός@rpgnp τε@b καί@cs ὁ@dgnp πρᾶγμα@ngnpc διάληψις@nafsc πῶς@b οὐ@b σώφρων@annms- καί@b ὅσιος@annms- καί@cs δίκαιος@annms- εἰμί@vifm3s"
"abstin._2.61","θεός@ndmpc δέ@b ἄριστος@annfs- μέν@b ἀπαρχή@nnfsc νόος@nnmsc καθαρός@annms- καί@cs ψυχή@nnfsc ἀπαθής@annfs- οἰκεῖος@annns- δέ@b καί@b ὁ@dnns μέτριος@angnp- μέν@b ἀπάρχομαι@vnpe-- ὁ@dgnp ἄλλος@rpgnp μή@b παρά@b έργω@b δέ@b ἀλλά@cs σύν@p πᾶς@andfs- προθυμία@ndfsc ἔοικα@vnra-- γάρ@b δεῖ@vipa3s ὁ@dafp τιμή@nafpc ὁ@ddfp ἐπί@p ὁ@dgnp ἀγαθός@angnp- προεδρία@ndfpc ὑπό@p ναστασία@ndfpc τε@b καί@cs κατακλίνω@ndfpc οὐ@b σύνταξις@ngfpc δίδωμι@ndmpc σεσι@ndfpc οὐ@b γάρ@b δή@b ἄνθρωπος@nnmsc μέν@b ἐρῶ@vifa3s εἰ@cs μνημονεύω@vipa2s εὖ@b πάσχω@vpaanms φιλέω@vipa2s τε@x ἐγώ@rpafs ἀπέχω@vipa1s πάλαι@b φιλῖνος@nvmsp παρά@p σύ@rpgms ὁ@dafs χάρις@nafsc οὗτος@rpgns γάρ@b αὐτός@rpafs ἕνεκα@p πρός@p σύ@rpafs κατατίθημι@viam1s θεός@nnmsc δέ@b οὐ@b ἀρκέω@vipe3s οὗτος@rpdnp διά@p ὅσπερ@rpans ὁ@dnms πλάτων@nnmsp ὁ@ddms μέν@b ἀγαθός@andms- θύω@vnpa-- φημί@vipa3s προσήκω@vipa3s καί@cs πρόσειμι@ μίλλει@vnpa-- ἀεί@b ὁ@ddmp θεός@ndmpc εὐχή@ndfpc καί@b ἀνάθημα@ndnpc καί@b θύ@ndfpc -@ndfpc σία@ndfpc καί@cs ὁ@ddfs πᾶς@andfs- θεραπείη@ndfsc ὁ@ddms δέ@cs κακός@andms- μάτην@b περί@p θεός@nampc ὁ@dams πολύς@anams- εἰμί@vnpa-- πόνος@namsc ὁ@dnms γάρ@b ἀγαθός@annms- οἶδα@vira3s ὅς@rpanp θυτέος@annns- καί@cs ὅς@rpgnp ἀφεκτέον@anams- καί@cs τις@rpanp προσέρχομαι@viaa3s γραπτέος@anams- καί@cs τίς@rpgnp ἀπαρκτέον@annns- ὁ@dnms δέ@cs φαῦλος@annms- ἐκ@p ὁ@dgfs οἰκεῖος@angfs- διάθεσις@ngfsc καί@cs ὅς@rpgnp αὐτός@rpnms σπουδάζω@vira3s προσάω@p γ@vppanms ὁ@ddmp θεός@ndmpc ὁ@dafp τιμή@nafpc ἀσεβέω@vipa3s μᾶλλον@b ἤ1@cs εὐσε@b βαίνω@vipa3s διά@p ὅς@rpans οὐ@b δέ@b οἴτη@vipe3s δεῖ@vnpa-- ὁ@ddmp φαῦλος@andmp- ὁ@dnms πλάτων@nnmsp ἐθισμός@ndmpc συμπεριφέρω@vnpe-- ὁ@dams φιλόσοφος@namsc οὔτε@b γάρ@b ὁ@ddmp θεός@ndmpc εἰμί@vnpa-- φίλος@anams- οὔτε@b ὁ@ddmp ἄνθρωπος@ndmpc συμ@anans- φέρω@vppaans ἀλλά@cs μεταβάλλω@vnpa-- μέν@b πειράω@vnpe-- εἰς@p ὁ@dans ἄμει@nansc νον@nansc εἰ@cs δέ@b μή@b αὐτός@rpams πρός@p αὐτός@rpanp μή@b μεταβάλλω@vnpe-- μέτειμι2@vnpa-- δέ@b ὁ@dafs ὀρθός@anafs- ὁδός@nafsc αὐτός@rpams πορεύω@vppeams μή@b τε@cs κίνδυνος@nampc ὁ@damp ἀπό@p ὁ@dgmp πολύς@angmp- εὐλαβέομαι@vppeams μή@b τε@cs ὁ@dafs ἄλλος@rpafs εἰ@cs τις@rpncs γίγνομαι@vope3s βλασφημία@nnfsc καί@b γάρ@b δεινός@annns- ἄν@b εἰμί@vopa3s σύρος@nampp μέν@b ὁ@dgmp ἰχθύς@ngmpc μή@b ἄν@b γεύω@vnam-- μη@b δέ@cs ὁ@damp ἑβραῖος@nampp ὗς@ngmpc φοῖνιξ@ngmpp τε@b ὁ@damp πολύς@anamp- καί@cs αἰγύπτιος@ngmpp βοῦς@ngfpc θῆλυς@angfp- ἀλλά@cs καί@b βασιλεύς@ngmpc πολύς@angmp- μεταβάλλω@vnaa-- αὐτός@rpamp σπουδα@nafsc σόω@angmp- θάνατος@namsc ὑπομένω@vnaa-- μᾶλλον@b ἤ1@cs ὁ@dafs ὁ@dgms νόος@rpans ἐγώ@rpgms παράβασις@nafsc ἐγώ@rpamp δέ@cs ὁ@damp ὁ@dgfs φύσις@ngfsc νόμος@nampc καί@cs ὁ@dafp θεῖος1@anafp- παραγγελία@nafpc φόβος@ngmpc ἕνεκα@p ἄνθρωπος@nnfsc νων@angmp- ἤ@cs τις@angfs- βλασφημία@ngfsc ὁ@dgfs ἀπό@p οὗτος@rpgmp αἱρέω@vnpe-- παραβαίνω@vnpa-- ὁ@dnms μέγας@anans- ὁ@dnms θεῖος2@annms- χορός@nnmsc σχετλιάζω@voaa3s ἄν@x θεός@ngmpc τε@x ὁμοῦ@b καί@cs ἀνήρ@ngmpc θεῖος2@angmp- πρός@p ἄνθρωπος@ngmpc πούς@ngmpc φαῦλος@angmp- δοκέω@nafpc ὁράω@vppanms ἐγώ@rpamp χάσκω@vpraamp καί@cs ὁ@dams παρά@p οὗτος@rpgmp φόβος@namsc ὑφοράω@vppeamp ὅς@rpnmp κατά@p ἡμέρα@nafsc μελέτη@nafsc ἐν@p ὁ@ddms βίος@ndmsc ὁ@dans ἀποθνήσκω@vnpa-- ὁ@ddmp ἄλλος@rpdmp πε@ ποιέω@vipe1p"
"abstin._3.1","ὡς@rpafp μέν@b οὐ@b τε@b πρός@p σωφροσύνη@nafsc καί@cs λιτότης@nafsc οὔτε@b πρός@p εὐσέβεια@nafsc ὅς@rpnfp μάλιστα@b πρός@p ὁ@dams θεωρη@ananp- τικός@anams- συντελέω@vipa3p βίος@namsc ὁ@dnfs ὁ@dgfp ἔμψυχος@angfp- βρῶσις@nnfsc συμ@b βάλλω@vipe3s ἀλλά@cs μᾶλλον@b ἐναντιόομαι@vipe3s διά@p ὁ@dgnp φθάνω@ngnpc σόω@angnp- ὦ@i φίρμον@nvmsp καστρίκιος@nvmsp δύο@angmd- βιβλίον@ngnpc ἀποδείκνυμι@b ξαμεν@vira3s ὁ@dgfs δέ@b δικαιοσύνη@ngfsc ὁ@dans καλός@ananss ἐν@p ὁ@ddfs πρός@p ὁ@damp θεός@nampc εὐσέβεια@ndfsc κτάομαι@vpregfs οὗτος@rpgfs δέ@cs ὡς@cs ἐν@b μάλιστα@b διά@p ὁ@dgfs ἀποχή@ngfsc συνίστημι@vppegfs οὐ@rpnns δέος@nnnsc εἰμί@vipa3s περί@p ὁ@dgns πρός@p ἄνθρωπος@nampc δίκαιος@angns- μή@cs πη@b οὗτος@rpans παραθραύω@vsaa1p ὁ@dafs γε@b πρός@p ὁ@damp θεός@nampc ὁσία@nafsc διά@p σώζω@vppanmp σωκράτης@nnmsp μέν@b οὖν@b πρός@p ὁ@damp ἡδονή@nafsc διάμ@vpaanms φισβητέω@vppaamp εἰμί@vnpa-- ὁ@dans τέλος@nansc οὐδέ@b ἄν@cs πᾶς@annmp- φημί@viia3s ὗς@nnmpc καί@cs τράγος@nnmpc οὗτος@rpdms συναινέω@vspa3p πείθω@vnfp-- ἐν@p ὁ@ddns ἥδομαι@vnpe-- ὁ@dans εὐδαίμων@anans- ἐγώ@rpgmp κεῖμαι@vnpe-- εἰμί@cs ἄν@b νόος@nnmsc ἐν@p ὁ@ddmp πᾶς@andnp- κρατέω@vspa3s ἐγώ@rpnmp δέ@b οὐ@b δέ@cs ἄν@cs πᾶς@annmp- λύκος@nnmpc ἤ1@cs γύψ@nnmpc ὁ@dafs κρεωφαγία@nafsc δοκιμάζω@vspa3p οὐ@b συγχωρή@annfs- μεν@vifa1p οὗτος@rpdmp δίκαιος@ananp- λέγω3@vnpa-- εἰμί@cs ἄν@b ὁ@dnms ἄνθρωπος@nnmsc ἀβλαβής@annns- εἰμί@vspa3s φύσις@ndfsc καί@cs ἀφεκτικός@annns- ὁ@dgns διά@p ὁ@dgfs ἄλλος@rpgfp βλάβη@ngfsc αὐτός@rpdms ὁ@dafp ἡδονή@nafpc πορίζω@vnpe-- εἰς@p οὖν@b ὁ@dams περί@p ὁ@dgfs δικαιοσύνη@ngfsc λόγος@namsc μεταβαίνω@vppanmp ἐπείπερ@cs οὗτος@rpafs πρός@p ὁ@danp ὅμοιος@ananp- δεῖ@vpp-nns μόνος@ananp- παρατείνω@vnpa-- εἰρήνη@nafsc κασιν@vira3p ὁ@dnmp ἀντιλέγω@vppanmp καί@cs διά@p οὗτος@rpans ὁ@danp ἄλογος@ananp- διά@p γράφω@vipa3p ὁ@dgnp ζῷον@ngnpc φέρω@b ἐγώ@rpncp ὁ@dafs ἀληθής@anafs- τε@b ὁμοῦ@b καί@cs πυθαγόρειος@anafs- δόξα@nafsc παρίστημι@vsaa1p πᾶς@anafs- ψυχή@nafsc ὅς@rpdfs μέτειμι@vipa3s αἴσθησις@ngfsc καί@cs μνήμη@ngfsc λογικός@anafs- ἐπιδέω@vmpa2s κνύω@vpaanmp οὗτος@rpgns γάρ@b ἀποδείκνυμι@vpapgns εἰκότως@b καί@b κατά@p οὗτος@rpamp πρός@p πᾶς@anans- ζῷον@nansc ὁ@dans δίκαιος@anans- παρατείνω@vifa1p λέγω@vifa1p δέ@x ὁ@danp παρά@p ὁ@ddmp παλαιός@andmp- σύντομος@b ἐπί@ananp- -@nanpc τέμνω@vppanmp"
"abstin._3.2","δισσός@angms- δή@b λόγος@ngmsc κατά@p ὁ@damp ἀπό@p ὁ@dgfs στοά@ngfsc εἰμί@vppagms ὁ@dgms μέν@b ἐνδιάθετος@angms- ὁ@dgms δέ@cs πρόφος@angns- ρικικός@angns- καί@cs πάλιν@b ὁ@dgms μέν@b κατορθόω@vpregms ὁ@dgms δέ@b ἁμαρτάνω@vpregms πότερος@angms- ἀποστερέω@vipa3p ὁ@danp ζῷον@nanpc διαρ@ θρόω@vnaa-- προσήκω@vppanns ἆρα@b γε@b ὁ@dgns ὀρθός@angns- μόνος@angns- οὐ@b ἁπλόος@b δέ@cs ὁ@dgms λόγος@ngmsc ἤ1@b παντελής@b πᾶς@angns- ὁ@dgns τε@b ἔσω@b καί@cs ὁ@dgns ἔξω@b πρόειμι1@vppagns ἔοικα@vira3p δή@b ὁ@dafs παντελής@anafs- στέρησις@nafsc αὐτός@rpgmp κατηγορέω@vnpa-- οὐ@b ὁ@dafs ὁ@dgms κατώρθω@viia3s -@vppegns μένω@vppegms μόνος@anans- οὕτως@b γάρ@b ἄν@b οὐ@b ἄλογος@annnp- λογικός@annnp- δέ@cs εἰμί@viia3s ἔτι@b ὁ@dnnp ζῷον@nnnpc καθά@cs σχεδόν@b πᾶς@annmp- κατά@p αὐτός@rpamp ὁ@dnmp ἄνθρωπος@nnmpc σοφός@annms- μέν@b γάρ@b ἤ1@b εἷς@ ἤ1@cs καί@b δύο@ κατά@p αὐτός@rpamp γίγνομαι@vira3p ἐν@p ὅς@rpdmp μόνος@andmp- ὁ@dnms λόγος@nnmsc κατορθόω@vire3s ται@vire3s ὁ@dnmp δέ@cs ἄλλος@rpnmp φαῦλος@annmp- πᾶς@annmp- καί@b ἄν@cs ὁ@dnmp μέν@b εἰμί@vspa3p προκόπτω@vppanmp ὁ@dnmp δέ@b χύσις@nafsc ὁ@dgfs φαυλότης@ngfsc ἔχω@vppanmp εἰ@cs καί@cs πᾶς@annmp- ὅμοιος@b λογικός@annmp- ὑπό@p δέ@b ὁ@dgfs φιλαυτία@ngfsc προάγω@vppenmp ἄλογος@ananp- φημί@vipa3p ὁ@danp ζῷον@nanpc ἐφεξῆς@b ὁ@danp ἄλλος@rpanp σύμπας@ananp- ὁ@dafs παντελής@anafs- στέρησις@nafsc ὁ@dgms λόγος@ngmsc διά@p ὁ@dgfs ἀλογία@ngfsc μηνύω@vnpa-- ἐθέλω@vppanmp καίτοι@b εἰ@cs χρή@vipa3s ἠλι@anans- -@anans- τίθημι@anans- εἶπον@vnaa-- οὐ@b μόνος@b ἁπλόος@b ὁ@dnms λόγος@nnmsc ἐν@p πᾶς@andnp- ὁ@ddnp ζῷον@ndnpc θεωρέω@vipe3s ἐν@p πολύς@andnp- δέ@cs αὐτός@rpgnp καί@b ὑποβολή@nafpc ἔχω@vppanms πρός@p ὁ@dans τέλειος@anans-"
"abstin._3.3","ἐπεί@cs τοίνυν@b δισσός@annms- εἰμί@viia3s ὁ@dnms μέν@b ἐν@p ὁ@ddfs προφορά@ndfsc ὁ@dnms δέ@cs ἐν@p ὁ@ddfs διάθεσις@ndfsc ἄρχω@vifm1p πρότερος@anans- ἀπό@p ὁ@dgns προφορικός@angns- καί@cs ὁ@dgns κατά@p ὁ@dafs φωνή@nafsc τάσσω@vpregms εἰ@cs δή@b ἐνδιάθετος@annms- εἰμί@vipa3s λόγος@nnmsc φωνή@nnfsc διά@p γλῶσσα@ngfsc σημαντικός@annfs- ὁ@dgnp ἔνδον@b καί@cs κατά@p ψυχή@nafsc πάθος@ngnpc κοινός@annfss γάρ@b ὁ@dnfs ἀπόδοσις@nnfsc οὗτος@rpnfs καί@cs αἵρεσις@ngfsc οὐδέπω@b ἔχω@vppenfs ἀλλά@cs μόνος@b ὁ@dgfs ὁ@dgms λόγος@ngmsc ἔννοια@ngfsc τίς@rpnns οὗτος@angns- ἄπειμι@vipa3s ὁ@dgnp ζῷον@ngnpc ὅσος@annnp- φθέγγομαι@vipe3s τίς@anans- δέ@b οὐ@b καί@b ὅς@rpanp πάσχω@vipa3s τις@rpans πρότερος@b καί@cs πρίν@cs εἶπον@vnaa-- ὅς@rpnns μέλω@vipa3s διανοέομαι@viap3s λέγω3@vipa1s δέ@b διάνοια@nafsc ὁ@dans ἐν@p ὁ@ddfs ψυχή@ndfsc κατά@p σιγή@nafsc φωνέω@vppeans ὁ@dgns τοίνυν@b ὑπό@p ὁ@dgfs γλῶσσα@ngfsc φωνέω@vpapgns ὅπως@cs ἄν@b καί@cs φωνέω@vsap3s εἰ@cs τε@cs βάρβαρος@b εἰ@b τε@cs ἑλληνικός@b εἰ@b τε@cs κυνικός@b ἤ1@cs βοικός@b λόγος@ngmsc γε@ εἰμί@vppagms μέτοχος@annnp- ὁ@dnnp ζῷον@nnnpc ὁ@dnnp φωνητικός@annnp- ὁ@dgmp μέν@b ἄνθρωπος@ngmpc κατά@p νόμος@nampc ὁ@damp ἀνθρώπειος@anamp- φθέγγομαι@vppegnp ὁ@dgnp δέ@b ζῷον@ngnpc κατά@p νόμος@nampc ὅς@rpamp παρά@p ὁ@dgmp θεός@ngmpc καί@cs ὁ@dgfs φύσις@ngfsc λαγχάνω@vira3s ἕκαστος@annns- εἰ@cs δέ@b μή@b ἐγώ@rpn-p συνίημι@vipa1p τίς@rpnns οὗτος@rpnns οὐ@b δέ@b γάρ@b ὁ@dgfs ἰνδός@ngmpp ὁ@dnmp ἕλλην@nnmpp οὐ@b δέ@cs ὁ@dgfs σκύθης@ngmpp ἤ1@b θρᾷξ@ngmpp ἤ1@cs σύρος@ngmpp ὁ@dnmp ἐν@p ὁ@ddfs ἀττική@ndfsp τρέφω@vpapnmp ἀλλά@cs ἴσος@ananp- κλαγγῇ@ndfsc γερά@ananp- νων@vppanms ὁ@dnms ὁ@dgmp ἕτερος@angmp- ὁ@ddmp ἕτερος@andmp- ἦχος@nnnsc προσπίτνω@vipa3s καίτοι@b ἔγγραπτος@ngnsc ὁ@ddmp ἕτερος@andmp- ὁ@dnfs αὐτός@rpgmp καί@cs ἔναρ@p θρος@nnfsc ὡς@cs καί@b ἐγώ@rpdmp ὁ@dnfs ἡμέτερος@annfs- ἄναρθρος@annfs- δέ@b καί@cs ἀγράμματος@annfs- ὁ@dnfs ὁ@dgmp σύρος@ngmpp φέρω@viia3s εἶπον@vnaa-- ἤ1@cs ὁ@dgmp πέρ@ngmsp -@b σός@angmp- ὡς@cs καί@b πᾶς@andmp- ὁ@dnfs ὁ@dgnp ζῷον@ngnpc καθά@cs γάρ@b ἐγώ@rpn-p ψόφος@ngmsc μόνος@angms- ἀντιλαμβάνω@vipe1p καί@cs ἤχου@ngmsc ἀξύνετος@annmp- εἰμί@vppanmp ὁ@dgfs φέρω@vmpa2s σκύθης@ngmpp ὁμιλία@ngfsc καί@cs κλαγ@n---c γάζω@vnpa-- δοκέω@vipa3p καί@cs μηδείς@rpans διαρθρόω@vnpa-- ἀλλά@cs ἐν@p ψόφος@ndmsc χράω@vnpe-- μακρός@andmsc ἤ1@cs βραχύς@andms- ὁ@dnns παραλλάσσω@n---c νον@nnnsc δέ@b αὐτός@rpgns εἰς@p σημασία@nafsc οὐδαμῶς@b προσπίτνω@vipa3s ἐκεῖνος@rpdmp δέ@b εὐσύνετος@annfs- ὁ@dnfs φθέγξις@nnfsc καί@cs πολύς@anans- ὁ@dans διά@ φορά@nansc ἔχω@vppanfs καθά@cs ἐγώ@rpdcp ὁ@dnfs συνήθης@annfs- οὕτως@b καί@cs ἐπί@p ὁ@dgnp ζῷον@ngnpc ὁ@dnfs σύνεσις@nnfsc μέν@b ἐκεῖνος@rpdmp κατά@p γένος@nansc ἴδιος@b προσπίτνω@vipa3s ἐγώ@rpdmp δέ@b ὁ@dnms ψόφος@nnmsc μόνος@annms- ἐξακούω@viia3s στς@n---c ὁ@dgfs σημασία@ngfsc ἐκλείπω@vppagfs διά@p ὁ@dans μηδείς@rpams διά@p δάκνω@vpapams ὁ@dafs ἡμέτερος@anafs- διδάσκω@vnaa-- ἐγώ@rpamp διά@p ὁ@dgfs ἐγώ@angfs- τέρας@ngfsc ὁ@dafs ἑρμηνεία@nafsc ὁ@dgnp λέγω3@vppegnp παρά@p ὁ@ddnp ζῷον@ndnpc καίτοι@b εἰ@cs δεῖ@vipa3s πιστεύω@vnpa-- ὁ@ddnp παλαιός@andmp- καί@cs ὁ@ddnp ἐπί@p ἐγώ@rpgcp καί@cs ὁ@dgmp πατήρ@ngmpc γίγνομαι@vpradmp εἰμί@vipa3p ὅς@rpnmp λέγω3@viia3p ται@nnmpc ἐπακούω@vnaa-- καί@cs σύνεσις@nafsc ἔχω@vnpa-- ὁ@dgfs ὁ@dgnp ζῷον@ngnpc λαλιὰ@ngfsc ὡς@cs ἐπί@p μέν@b ὁ@dgnp παλαιός@angfp- ὁ@dnms μελάμπους@nnmsp καί@b ὁ@dnms τειρεσίης@nnmsp καί@cs ὁ@dnmp τοιοῦτος@rpnmp οὐ@b πρό@p πολύς@angns- δέ@cs ἀπολλώνιος@nnmsp ὁ@dnms τυανεύς@annms- ἐπί@p οὐ@b καί@b λέγω3@vipe3s ὅτι@cs ὁ@ddmp ἑταῖρος@ndmpc σύνειμι1@vppagms χελιδών@ngfsc πίπτω@vpaagfs καί@cs φθέγγομαι@vppegfs λέγω@viaa3s ὅτι@cs μηνύω@vipa3s ὁ@dnfs χελιδών@nnfsc ὁ@ddfp ἄλ@ndfpc λαίς@ndfpc ὄνος@namsc πρό@p ὁ@dgns ἄστυ@ngnsc πίπτω@vnra-- σῖτος@ngmsc βαστάω@nanpc ζοάζω@vppaams φορτίον@nansc ὅς@rpans δή@b χέω@vnre-- εἰς@p ὁ@dafs γῆ@nafsc ὁ@dgms ἀχθοφορέω@vppagms πίπτω@vpragms ἑταῖρος@nnmsc δέ@b ἐγώ@rpgcp ἐκ@viia3s γείνομαι@viam3s τις@rpnms οἰκέτης@ngmsc εὐτυχέω@vnaa-- παῖς@ngmsc ὅς@rpnms πᾶς@ananp- συνίημι@vipa3s ὁ@danp φθέγμα@nanpc ὁ@dgmp ὄρνις@ngmpc καί@cs εἰμί@viia3s πᾶς@annnp- μαντικός@annnp- καί@cs ὁ@dgns μετά@p ὀλίγος@anans- μέλλω@vppagns ἀγγελτικός@annnp- ἀφαιρέω@vnap-- δέ@b ὁ@dafs σύνεσις@nafsc ὁ@dgfs μήτηρ@ngfsc εὐλαβής@nnfsc τίθημι@vpapgfs μή@cs δῶρον@nansc αὐτός@rpams βασιλεύς@ndmsc πέμπω@voaa3s καί@cs καθεύ@vppanfp δόντος@vpaagms εἰς@p ὁ@danp οὖς@nanpc ἐνουρέω@vpaagfs"
"abstin._3.4","ἀλλά@b ἳνα@b οὗτος@rpanp πάρειμι1@vspa1p διά@p ὁ@dans σύμφορος@anans- ἐγώ@rpdcp πάθος@nansc ὁ@dgfs ἀπιστία@ngfsc ἀλλά@cs ὁ@dgnp γε@b ἔθνος@ngnpc τις@rpacs εἰς@p ἔτι@b καί@cs νῦν@b ὅπως@b σύν@n---c γένεια@nafsc ἔχω@vipa3s πρός@p τις@angnp- ζῷον@ngnpc σύνεσις@nafsc ὁ@dgfs φθέγμα@ngfsc ξεως@b οὐδείς@rpnms οἴομαι@vipe1s ἀγνοέω@vira3s ἄραψ@nnmpp μέν@x κόραξ@ngmpc ἀκούω@vipa3p τυρηηνός@nnmpp δέ@x ἀετός@ngmpc τάχα@b δέ@x ἄν@x καί@cs ἐγώ@rpnmp καί@cs πᾶς@annmp- ἄνθρωπος@nnmpc συνετός@annmp- εἰμί@viia1p πᾶς@angnp- ὁ@dgnp ζῷον@ngnpc εἰ@cs καί@b ἐγώ@rpgmp ὁ@dnnp οὖς@nnnpc δράκων@ngmpc ἔνιπτο@viaa3s δη@b λωίων@vipa3s γε@b μήν@x καί@cs ὁ@dans ποικίλος@anans- καί@cs διάφορος@annns- ὁ@dgfs φθέγμα@ngfsc ξεως@b αὐτός@rpgfp ὁ@dans σημαντικός@anans- ἄλλως@b γοῦν@b ἀκούω@vipe3s ὅταν@cs φοβέω@vspe3s φθέγγομαι@vppeanp ἄλλως@b ὅταν@cs καλός@vspa3s ἄλ@b λως@b ὅταν@cs εἰς@p τροφή@nafsc παρακαλέω@vspa3s ἄλλως@b ὅταν@cs φιλόπαις@annns- φρονέω@vspe3s ἄλλως@b ὅταν@cs προκαλέω@vipe3s εἰς@p μάχη@nafsc καί@b τοσοῦτος@annns- εἰμί@vipa3s ὁ@dnns διάφορος@annns- ὡς@cs καί@b σφόδρα@b δυσπάς@anafs- -@anafss ρατήρητος@anafs- ὁ@dafs παραλλαγή@nafsc εἰμί@vnpa-- διά@p ὁ@dans πλῆθος@nansc καί@cs ὁ@ddmp ὁ@dams βίος@namsc εἰς@p οὗτος@rpgnp τήρησις@nafsc κατατίθημι@vpamdmp κορώνη@ngfsc γοῦν@b καί@cs κόραξ@ngmsc οἰωνιστής@nnmpc ἄχρι@p τις@rpgns πλῆθος@ngnsc ὁ@dans διάφορος@anans- σημειόω@vpaenmp ὁ@dans λοιπός@anans- ἐάω@viaa3p ὡς@b οὐ@b εἰμί@vppaans ἄνθρωπος@ndmsc εὐπερίληπτος@anans- ὅταν@b δέ@b πρός@p ἀλλήλων@rpanp φθέγγομαι@vire3s φανερός@annnp- τε@b καί@cs εὔσημος@annnp- εἰ@cs καί@b μή@b πᾶς@andmp- ἐγώ@rpdmp γνώριμος@annnp- φαίνω@vspe3s δέ@cs καί@b ἐγώ@rpacp μιμέομαι@vppennp καί@cs ὁ@dafs ἑλλάς@nafsp γλῶσσα@nafsc ἐκμανθάνω@vppaams -@danp θνήσκω@vpaaams καί@cs συνίημι@vppaams ὁ@dgmp ἐφίστημι@vpragmp τις@rpnms οὕτως@b ἀναιδής@annms- ὡς@cs μή@b συγχωρέω@vnpa-- εἰμί@vnpa-- λογικός@ananp- διότι@cs αὐτός@rpnms οὐ@b συνίημι@vipa3s ὅς@rpgnp λέγω3@vipa3p κόραξ@nnmpc γοῦν@b καί@b κίττα@nnmpc ἐριθακός@annmp- τε@b καί@cs ψιττακός@annmp- ἄνθρωπος@nampc μιμέομαι@vipe3p καί@b μιμνῄσκω@vire3p ὅς@rpgmp ἄν@b ἀκούω@vsaa3p καί@cs διδάσκω@vppenmp ὑπό@ ἀκούω@vipa3p ὁ@ddms διδάσκω@vppadms καί@cs πολύς@annmp- γε@b μηνύω@viaa3p διά@p ὅς@rpgmp διδάσκω@viap3p καί@b ὁ@damp ἁμαρτάνω@vppaamp κατά@p ὁ@dams οἶκος@namsc ὁ@dnfs δέ@b ἰνδικός@annfs- ὕαινα@nnfsc ὅς@rpafs κοροκόττα@nafsc ὁ@dnmp ἐπιχώριος@annmp- καλέω@vipa3p καί@cs ἄνευ@p διδάσκαλος@ngmsc οὕτως@b φθέγμα@nnfsc γενομαι@vipe3s ἀνθρωπικός@b ὡς@cs καί@b ἐπιφοιτάω@vnpa-- ὁ@ddfp οἰκία@ndfpc καί@cs καλέω@vnpa-- ὅς@rpams ἄν@b ὁράω@vsaa3s εὐχείρωτος@anams- αὐτός@rpdfs καί@cs μιμέομαι@vipa3s ὁ@rpnfp γε@b ὁ@dgms φίλτατος@angnss καί@cs ὅς@rpanp ἄν@b πάντως@b ὑπακούω@voaa3s ὁ@dnms καλέω@vpapnms ὁ@dans φθέγμα@nansc ὡς@b καίπερ@b οἶδα@vpraamp ὁ@damp ἰν@n---p δίδωμι@vpaanms διά@p ὁ@dgfs ὁμοιότης@ngfsc ἐξαπατάω@vnpe-- καί@cs ἀναλίς@b γιγνώσκω@vnpe-- ἔξεστι@vppaamp τε@b καί@cs πρός@p ὁ@dans φθέγμα@nansc ὑπακούω@anans- ὁ@vppaamp εἰ@cs δέ@b μή@b πᾶς@annnp- μιμέομαι@vipe3s μη@b δέ@cs πᾶς@annnp- εὐμαθής@annnp- ὁ@dgfs ἡμέτερος@angfs- τίς@rpnns οὗτος@rpnns οὐ@b δέ@cs γάρ@b ἄνθρωπος@nnmsc πᾶς@annms- εὐμαθής@annms- ἤ1@cs μιμητικός@annms- οὐ@b ὅτι@cs ὁ@dgfs ὁ@dgnp ζῷον@ngnpc ἀλλά@cs οὐ@b δέ@b πέντε@ πού@b διάλεκτος@angnp- ὁ@dgnp παρά@p ἄνθρωπος@ndmpc τις@rpnnp δέ@b καί@cs ὁ@ddns μή@b διδάσκω@vnpe-- ἴσως@b οὐ@b φθέγγομαι@vipe3s ἤ1@cs καί@b ὁ@ddns ὑπό@p ὁ@dgnp ὄργανον@ngnpc ὁ@dgnp ὁ@dgfs φωνή@ngfsc ἐμπο@b δίζω@vnpe-- ἐγώ@rpnmp γοῦν@b κατά@p καρχηδών@nafsp πέρδιξ@annms- ἐπιπέτομαι@vpaagms ἥμερος@ngmsc τρέφω@vppanmp οὗτος@rpams ὁ@dgms χρόνος@ngmsc πρόειμι1@vppagms καί@cs ὁ@dgfs συνήθεια@ngfsc εἰς@p πολύς@anafs- ἡμερότης@nafsc αὐτός@rpams μεταβάλλω@vpaagfs οὐ@b μόνος@anans- μαίνομαι@vppagms καί@cs θερα@ngmsc πεύω@vppagms αἰσθάνομαι@viie1p καί@cs προσπαίζω@vppagms ἀλλά@cs ἤδη@b καί@b ἀντιφωνέω@vppegms πρός@p ὁ@dans ἡμέτερος@anans- φθέγμα@nansc καί@cs κατά@p ὅσος@anans- εἰμί@viia3s δυνατός@annns- ἀποκρίνω@vppegms ἄλλος@b ἤ1@cs καλέω@vnfa-- ἀλλήλων@rpamp ἔθω@vira3p ὁ@dnmp πέρδιξ@nnmpc οὔκουν@b σιω@viia3s πῆμα@vppagms φθέγγομαι@vpamgms δέ@x ἀντᾴδω@viam3s μόνος@annns-"
"abstin._3.5","ἵστημι@namsc ρέομαι@vipe3s δέ@b καί@cs ὁ@dgmp ἄφθογγος@angmp- τις@rpams οὕτως@b ἑτοῖμος@b ὑπακούω@vnpa-- ὁ@ddmp δεσπότης@ndmpc ὡς@cs οὐ@b ἄν@b ἄνθρωπος@nnmsc ὁ@dgmp συνήθης@angmp- ὁ@dnfs γοῦν@b κράσσος@ngmsp ὁ@dgms ῥωμαικός@ngmsp μύραινα@nnfsc ὀνομαστί@b καλέω@vppenfs πρόσειμι1@viia3s ὁ@ddms κράσσος@ndmsp ὅς@rpams καί@b οὕτως@b διατίθημι@viaa3s ὡς@cs πενθέω@vnaa-- ἀποθνήσκω@vpaaafs τρεῖς@angnp- τέκνον@ngnpc ἀποβολή@nafsc πρότερος@anans- μέτριος@b φέρω@vpaaams καί@b ἐγχέλεις@nnmpc δέ@b πολύς@annmp- ἱστορέω@viaa3p ὁ@dafp ἐν@p ἀρέθουσα@ndfsp καί@cs σαπέρδας@nafpc ὁ@damp περί@p μαίανδρος@namsp ὑπακούω@vppaamp ὁ@ddmp καλέω@vppadmp οὐκοῦν@b φαντασία@nnfsc ὁ@dnfs αὐτός@rpnfs ὁ@ddfs ὁ@dgms λέγω3@vppagns -@annns- τος@ngfsc ἐάν@cs τε@cs ἐπί@p γλῶσσα@nafsc ἐξικνέομαι@vipe3s ἐάν@cs τε@cs μή@b πῶς@b οὖν@b οὐ@b ἀγνώμων@anams- μόνος@anams- λόγος@namsc ὁ@dafs ἄνθρωπος@ngmsc φω@vspa1s νή@p λέγω3@vnpa-- ὅτι@cs ἐγώ@rpdcp ξυνετός@annfs- ὁ@dafs δέ@b ὁ@dgnp ἄλλος@angnp- ζῷον@ngnpc παραιτέομαι@vnpe-- ὅμοιος@annns- γάρ@b ὡς@cs εἰ@cs κόραξ@nnmpc ὁ@dafs σφεῖς@rpgmp μόνος@anafs- ἀξιόω@viia3p εἰμί@vnpa-- φωνή@nafsc ἐγώ@rpamp δέ@cs εἰμί@vnpa-- ἄλογος@anamp- διότι@cs οὐ@b αὐτός@rpdmp εὔσημος@ananp- φθέγγομαι@vipe1p ἤ1@cs ὁ@dnmp ἀττικός@nnmpp εἰ@cs μόνος@anafs- ὁ@dafs ἀτθίς@nafsp λέγω3@viia3p φωνή@nafsc ὁ@damp δέ@cs ἄλλος@rpamp ἄλογος@anamp- ἡγέομαι@viim3p ὁ@damp λέξις@ngfsc ἀττική@angfs- ἀμοιρέω@vppaamp καίτοι@b ταχύς@anansc ἄν@b κόραξ@ngmsc σύνεσις@ndnpc λαμβάνω@voaa3s ὁ@dnms ἀττικός@annms- ἤ1@b σύρος@ngmsp ἤ1@cs πέρσης@ngmsp σῦριγξ@b ζέω@vppagms καί@cs περσίζω@vppagms ἀλλά@b μήποτε@b ἄτοπος@annns- ἐκ@p ὁ@dgfs εὐσύνετος@angfs- λαλιὰ@ngfsc ἤ1@cs μή@b ἤ1@cs ὁ@dgfs σιγή@ngfsc καί@cs φω@ νή@ngfsc ὁ@dans λογικός@anans- κρίνω@vnpa-- καί@cs ὁ@dans ἄλογος@anans- οὕτως@b γάρ@b καί@b ὁ@dams ἐπί@p πᾶς@andnp- θεός@namsc καί@cs ὁ@damp ἄλλος@rpamp ὁ@ddns μή@b φθέγμα@ngmsc -@ γίγνομαι@vnpe-- φημί@vopa3s ἄν@b τις@rpnms μή@b εἰμί@vnpa-- λογικός@anamp- ἀλλά@cs ὅς@dnmp γε@b θεός@nnmpc σιγάω@vppanmp μηνύω@vipa3p καί@cs συνίημι@vipa3p ὁ@rpgmp ὄρνις@nnmpc ταχύς@anansc ἤ1@cs ἄνθρωπος@nnmpc καί@cs συνίημι@vpaanmp ἀπαγγέλλω@vipa3p ὡς@cs δύναμαι@vipe3p καί@cs ὁ@ddmp ἄνθρωπος@ndmpc εἰμί@vipa3p κῆρυξ@nnmpc ἄλλος@rpnmp ἄλλος@rpgmp θεός@ngmpc ζεύς@ngmsp μέν@x ἀετός@nnmsc ἀπόλλων@ngmsp δέ@x ἱέραξ@nnmsc καί@cs κόραξ@nnmsc ἥρα@ngfsp δέ@x πελαργός@annms- ἀθήνη@ngfsp δέ@x οὖ@b κρέξ@nnmsc τε@x καί@cs γλαύξ@nnmsc ὡς@cs δημήτηρ@ngfsp γέρανος@nnmsc καί@cs ἄλλος@angmp- ἄλλος@annmp- καί@b μήν@b καί@b ἐγώ@rpgmp ὁ@dnmp παρατηρέω@vppanmp καί@cs ὁ@dnmp σύντροφος@nnmpc γιγνώσκω@vipa3p αὐτός@rpgmp ὁ@danp φθέγμα@nanpc ὁ@dnms γοῦν@b κυνηγέτης@nnmsc ἀπό@p ὁ@dgfs ὑπόκρισις@ngfsc αἰσθάνομαι@viam3s ὁ@dgms κύων@ngmsc ὑλακτέω@vppagms νῦν@b μέν@b ὅτι@cs ζητέω@vipa3s ὁ@dams λαγῶς@vpaanms νῦν@b δέ@b ὅτι@cs εὑρίσκω@viaa3s νῦν@b δέ@b ὅτι@cs διώκω@vipa3s νῦν@b δέ@b ὅτι@cs λαμβάνω@viaa3s καί@cs πλανάω@vppegms ὅτι@cs πλανάω@vipe3s καί@b ὁ@dnms βοῦς@ -@ κόλος@nnmsc οἶδα@vira3s ὅτι@cs ὁ@dnfs βοῦς@nnfsc πεινάω@vspa3s ἤ1@cs διψάω@vipe2s ἤ1@cs κάμνω@vira3s ὀργή@ananp- ἤ1@cs ὁ@dams μόσχος@namsc ζητέω@vipa3s καί@cs λέων@nnmsc βρυχάομαι@vppenms δηλόω@vipa3s ὅτι@cs ἀπειλέω@vipa3s καί@cs λύκος@nnmsc ὠρέομαι@vppenms ὅτι@cs κακός@b πράσσω@vipa3s καί@cs ὄις@nnfpc βληχάομαι@vppenfp οὐ@b λανθάνω@viaa3p ὁ@dams ποι@ngmsc -@vppegmp μένω@vpreanp ὅστις@rpgns δέω2@vipe3p"
"abstin._3.6","οὐ@b τοίνυν@b οὐ@b δέ@b ἐκεῖνος@rpanp λανθάνω@viaa3s ὁ@dnfs ὁ@dgmp ἄνθρωπος@ngmpc φωνή@nnfsc οὐ@b ὀργίζω@vppegmp οὐ@b φιλόπαις@angmp- φρονέω@vppegmp οὐ@b καλέω@vppagmp οὐ@b ὁ@dnfs διώκω@vppanfs οὐ@b ὁ@dnfs αἰτέω@vppanfs οὐ@b ὁ@dnfs δίδωμι@vppanfs οὐ@b δέ@cs εἷς@annfs- ἁπλόος@b ἀλλά@cs πᾶς@andfp- οἰκεῖος@b ὑπακούω@viaa3p ὅσπερ@rpans ἀδύνατος@annns- ποιέω@vnpa-- μή@b ὁ@dgns ὅμοιος@angns- ὁ@ddfs σύνεσις@ndfsc ὁ@ddns ὅμοιος@andns- ἐνεργέω@vppagns σωφρονίζω@vipe3p δέ@b καί@b μέλος@nafsc καί@cs ἥμερος@nnmpc ἐκ@p ἄγριος@angnp- γίγνομαι@vipe3p ἔλαφος@nnmpc καί@b ταῦρος@nnmpc καί@cs ἕτερος@annnp- ζῷον@nnnpc διά@p λεκτικός@angfs- μέν@b γάρ@b αὐτός@rpnmp φημί@vipa3p ὁ@dnmp ὁ@dans ἄλογος@anans- αὐτός@rpgmp καταψηφίζομαι@vppenmp ἐπαίω@vnpa-- ὁ@damp κύων@nampc χράω2@vnre-- τε@cs ὁ@ddms θεά@nvfsc πλείων@angnpc διεζευγμένον@vpredms ἰχνεύω@vppaamp ὅταν@cs εἰς@p τρίοδος@nafpc ἀφικνέομαι@vsae3p ἤτοι@cs γάρ@b οὗτος@rpafs ἤ1@cs ἐκεῖνος@rpafs ἤ1@cs ὁ@dafs ἕτερος@anafs- ἀπέρχομαι@vnra-- ὁ@dans θηρίον@nansc οὐ@b τε@cs δέ@b οὗτος@rpafs οὐ@b τε@cs οὗτος@rpafs οὗτος@anafs- ἄρα@x κατά@p ὅς@rpafs λοιπός@annns- καί@b διώκω@vnpa-- ἀλλά@b ἑτοῖμος@annns- λέγω3@vnpa-- φύσις@ndfsc οὗτος@rpanp ποιέω@vnpa-- ὅς@rpans τις@anans- μηδείς@rpnms αὐτός@rpanp ἐκδιδάσκω@viaa3s ὡς@b δή@b καί@b ἐγώ@rpgmp ὁ@dams λόγος@namsc οὐ@b φύσις@ndfsc λαγχάνω@vpregmp εἰ@cs καί@b τις@rpams τίθημι@viia1p ὁ@dgnp ὄνομα@ngnpc αὐτός@annmp- διά@p ὁ@dans καί@b πρός@p οὗτος@rpans ἐπιτήδειος@b ἔχω@vnpa-- κατά@p φύσις@nafsc εἰ@cs μέντοι@b πιστεύω@vnpa-- δεῖ@viia3s ἀριστοτέλης@ndmsp καί@cs διδάσκω@vppaams ὁράω@viap3s οὐ@b μόνος@b ὁ@dgnp ἄλλος@rpgnp τις@rpans ποιέω@vnpa-- ὁ@danp τέκνον@nanpc ὁ@danp ζῷον@nanpc ἀλλά@cs καί@b φθέγγομαι@vnpe-- ὡς@cs ἀηδών@nnfsc ὁ@dams νεοσσός@anams- ἀείδω@vnpa-- καί@b ὡς@cs αὐτός@rpnms γε@b φημί@vipa3s πολύς@annnp- μέν@b παρά@p ἀλλήλων@rpgmp μανθάνω@vipa3s ζῷον@nnnpc πολύς@ananp- δέ@cs καί@b παρά@p ἄνθρωπος@ngmpc καί@cs πᾶς@annms- αὐτός@rpdms ἀληθεύω@vppadms μαρτυρέω@vipa3s πᾶς@annms- μέν@b πωλοδάμνης@nnmsc πᾶς@annms- δέ@b ἱπποκόμος@annms- τε@cs καί@b ἱππεύς@nnmsc καί@cs ἡνίοχος@nnmsc πᾶς@annms- δέ@cs κυνηγέτης@nnmsc τε@b καί@b ἐλε@nnmsc φαντιστής@nnmsc καί@b βουκόλος@nnmsc καί@cs ὁ@dnmp ὁ@dgnp θηρίον@ngnpc διδάσκω@nnmpc σκαλος@nnmpc ὅς@dnmp τε@cs ὁ@dgmp ὄρνις@ngmpc πᾶς@annmp- ἀλλά@cs ὁ@dnms μέν@b εὐγνώμων@annms- καί@b ἐκ@p οὗτος@rpgnp μεταδίδωμι@vipa3s σύνεσις@ngfsc ὁ@ddnp ζῷον@ndnpc ὁ@dnms δέ@b ἀγνώμων@annms- καί@cs ἀνιστόρητος@annms- αὐτός@rpgnp φέρω@viia3s ται@vipe3s συνεργέω@vppanms αὐτός@rpgms ὁ@ddfs εἰς@p αὐτός@rpanp πλεονεξία@ndfsc καί@b πῶς@b γάρ@b οὐ@b μέλλω@viia3s κακολογέω@vnfa-- καί@cs διαβάλλω@vnfa-- ὅς@rpanp κατακόπτω@vnpa-- ὡς@cs λίθος@namsc προαιρέω@vire3s ἀλλά@b ἀριστο@nvmsp τέλος@nnmsc γε@b καί@b πλάτων@nnmsp ἐμπεδοκλῆς@nnmsp τε@b καί@cs πυθαγό@nnmsp ρας@ngfsc δημόκριτος@nnmsp τε@b καί@cs ὅσος@annmp- φροντίζω@viaa3p ὁ@dafs ἀλάομαι@nafsc θεα@nafsc περί@p αὐτός@rpgnp αἱρέω@vnaa-- γιγνώσκω@viaa3p ὁ@dans μετέχω@vppaans ὁ@dgms λόγος@ngmsc"
"abstin._3.7","δεικτέος@annns- δέ@b καί@cs ὁ@dams ἐντός@p αὐτός@rpgmp καί@cs ἐν@p διάθετος@vpamams φαίνω@vipe3s δέ@b ὁ@dnfs παραλλαγή@nnfsc ὡς@cs φημί@vipa3s πού@b καί@b ἀριστοτέλης@nnmsp οὐ@b οὐσία@ndfsc διαλλάσσω@vppanfs ἀλλά@cs ἐν@p ὁ@ddns μᾶλλον@b καί@b ἥσσων@anansc θεωρέω@vppenfs καθά@b πολύς@annmp- οἴομαι@vipe3p καί@b ὁ@dafs θεός@ngmpc πρός@p ἐγώ@rpamp ἐξαλλάσσω@vnre-- οὐ@b κατά@p οὐσία@nafsc εἰμί@vppagfs ὁ@dgfs διαφορά@ngfsc οὗτος@angfs- ἀλλά@cs κατά@p ὁ@dans ἀκριβής@anans- ἤ1@cs μή@b ὁ@dgms λόγος@ngmsc καί@b ὅτι@cs μέν@b ἄχρι@p γε@b εἰ@ngfsc σθήσεως@ngfsc ὁ@dgfs τε@cs ἄλλος@rpgfs ὀργανότης@ngfsc ὁ@dgfs τε@cs κατά@p ὁ@danp εἰ@ananp- σθητήριον@nanpc καί@cs ὁ@dgfs κατά@p σάρξ@nafsc ὅμοιος@b ἐγώ@rpdmp διάκειμαι@vipe3s πᾶς@annms- σχεδόν@b συγχωρέω@vira3s καί@cs γάρ@b οὐ@b μόνος@b ὁ@dgnp κατά@p φύσις@nafsc πάθος@ngnpc τε@cs καί@cs κίνημα@ngnpc ὁ@dgnp διά@p ὁ@rpgns ὁ@rpgnp ὅμοιος@b ἐγώ@rpdcp κοινωνέω@vira3s ἀλλά@cs ἤδη@b καί@b ὁ@dgnp παρά@p φύσις@nafsc καί@cs νοσώδης@angnp- ἐν@p αὐτός@rpdnp θεωρέω@vppegnp οὐ@b ἄν@b δέ@b τις@rpnms εὖ@b φρονέω@vppanms διά@p ὁ@dans ἐξαλλάσσω@vpreans ὁ@dgfs ἕξις@ngfsc ὁ@dgns σῶμα@ngnsc ἄδεκτος@ananp- λογικός@angfs- εἶπον@voaa3s διάθεσις@ngfsc ὁράω@vppanms καί@b ἐπί@p ἄνθρωπος@ngmpc πολύς@anafs- ὁ@dafs παραλλαγή@nafsc ὁ@dgfs ἕξις@ngfsc κατά@p τε@b γένος@nanpc καί@cs ἔθνος@nanpc καί@cs ὅμως@b λογιος@ndmsc κόος@nampc συγχωρέω@vppanms πᾶς@anamp- ὄνος@nnmsc μέν@b γε@b κατάρροος@andns- ἁλίσκομαι@vipe3s καί@cs ἄν@cs εἰς@p πνεύμων@namsc αὐτός@rpdms ῥέω@vsaa3s ὁ@dans νόσημα@nnnsc ἀποθνήσκω@vipa3s ὥσπερ@cs ἄνθρωπος@nnmsc ἵππος@nnmsc δέ@b καί@cs ἔμπυος@annms- γίγνομαι@vipe3s καί@cs φθίω@vipa3s ὥσπερ@cs ἄνθρωπος@nnfsc καί@cs τέτανος@nnmsc λαμβάνω@vipa3s ἵππος@namsc καί@cs ποδάγρα@nnfsc καί@cs πυρετός@nnmsc καί@cs λύσσα@nnfsc ὁπότε@cs καί@b κατωπιάω@vnpa-- λέγω3@vipe3s καί@cs ὁ@dnfs κύω@vppanfs ἵππος@nnfsc ἐπειδάν@cs ὀσφραίνομαι@vsam3s λύχνος@ngmsc ἀποσβέννυμι@vpregms ἀμβλύς@b σκει@vipa3s ὡς@cs ἄνθρωπος@nnmsc πυρεταίνω@vipa3s δέ@b καί@b βοῦς@nampc καί@cs μαίνομαι@vipe3s καθά@cs καί@b ὁ@dnms κάμηλος@nnmsc κορώνη@nnfsc δέ@x ψωριάω@annfs- καί@cs λεπριά@annfs- ὡς@cs καί@b κύων@nnmsc οὗτος@annms- μέν@x γε@x καί@b ποδαγριάω@vipa3s καί@cs λυσσάω@vipa3s ὗς@nnfsc δέ@b βρυχάομαι@b καί@cs ἔτι@b μᾶλλον@b -@annns- λον@annns- κύων@nnmsc καί@cs ὁ@dnns πάθος@nnnsc ἐν@p ἄνθρωπος@ndmsc ἀπό@p ὁ@dgms κύων@ngmsc κυνάγχη@nnfsc καλέω@vire3s καί@b οὗτος@rpnnp μέν@b γνώριμος@annnp- ἐπεί@cs σύννομος@annnp- οὗτος@rpnnp ἐγώ@rpdcp ὁ@dnnp ζῷον@nnnpc ὁ@dgnp δέ@b ἄλλος@rpgnp εἰμί@vipa1p ἄπειρος1@annmp- διά@p ὁ@dans ἀσυνήθης@anans- καί@cs εὐνουχίζω@vppennp δέ@b μαλακίζομαι@vipe3s ὁ@dnmp μέν@b γε@b ἀλεκτρυών@nnmpc οὐ@b δέ@cs ᾅδης@vila3s σιν@vipa3p ἔτι@b ἀλλά@cs ὁ@dafs φωνή@nafsc ἐπί@p ὁ@dans θῆλυς@anans- μεταβάλλω@vpaanmp λαω@vipa3p ὥσπερ@cs ἄνθρωπος@nnmpc βοῦς@ngcsc τε@cs κέρας@nanpc καί@cs φω@ νή@b οὐ@b εἰμί@vipa3s διαγιγνώσκω@vnaa-- τόμιος@ngnsc καί@cs θῆλυς@ngnsc ὁ@dnmp δέ@b ἔλαφος@nnmpc οὐ@b ἔτι@b ἀποβάλλω@vipa3p ὁ@danp κέρας@nanpc ἀλλά@cs σύν@vipa3p ἔχω@vipa3p ὡς@cs εὐνοῦχος@vopa3s ὁ@dafp θρίξ@nafpc μή@b ἔχω@vppanmp δέ@cs οὐ@b φύω@vipa3p ὥσπερ@cs ὁ@dnmp πρίν@b πώγων@namsc φύω@vnaa-- ἐκτέμνω@vpamnmp τε@nnmpc οὕτως@b σχεδόν@b ἅπας@angmp- ὁ@dnnp σῶμα@nnnpc ὅμοιος@b ὁ@ddmp ἡμέτερος@andmp- κατά@p ὁ@danp πάθος@nanpc"
"abstin._3.8","ὁ@danp γε@x μήν@x ὁ@dgfs ψυ@ngfsc -@angfs- χήν@ngfsc πάθος@nanpc ὁράω@vmpa2s εἰ@cs μή@cs πᾶς@annnp- ὅμοιος@annnp- καί@b πρῶτος@ananp- γε@b ὁ@dafs αἴσθησις@nafsc οὐ@b γάρ@b δή@b ἄνθρωπος@ngmsc μέν@b ὁ@dnfs γεῦσις@nnfsc χυ@nnfsc -@nnfsc μῶν@ngmpc ὁ@dnfs δέ@b ὄψις@nnfsc χροιά@ngmpc ἤ1@cs ὀσμή@ngmpc ὁ@dnfs ὄσφρησις@nnfsc ἀντί@b λαμβάνω@vipe3s ἤ1@cs ψόφος@ngmpc ὁ@dnfs ἀκοή@nnfsc ἤ1@cs θερμός@angnp- ἤ1@cs ψυχρός@angnp- ὁ@dnfs ἀρή@nnfsc ἤ1@cs ὁ@dgnp ἄλλος@rpgnp ἁπτός@angnp- οὐ@b δέ@cs καί@cs ὁ@dgnp ζῷον@ngnpc ἅπας@angnp- ὅμοιος@b οὐ@b δέ@b οὗτος@rpgfs μέν@b ἀφαιρέω@vire3s ὁ@dnnp ζῷον@nnnpc διά@p ὁ@dans μή@b εἰμί@vnpa-- ἄνθρωπος@nnmpc λογικός@angfs- δέ@b ἀμοί@annmp- ρέπω@vifa3p διά@p οὗτος@rpans ἐπεί@cs οὕτως@b γε@b καί@b ὁ@dnmp θεός@nnmpc διά@p ὁ@dans μή@b εἰμί@vnpa-- ἄνθρωπος@nnmpc λογικός@angfs- στερέω@vifm3p ἤ1@cs ἐγώ@rpnmp εἴπερ@cs ὁ@dnmp θεός@nnmpc λογικός@annmp- αἴσθησις@ngfsc μέν@b γε@b καί@b πλέω@anansc νεκτέω@vnpa-- ἔοικα@vira3s μᾶλλον@b ὁ@danp ζῷον@nanpc τις@rpncs μέν@b γάρ@b ἄνθρωπος@nnfsc πούς@angnp- τοσοῦτος@rpans βλέπω@vipa3s οὐ@b δέ@b γάρ@b ὁ@dnms μυθεύω@vppenms λυγκεύς@nnmsp ὅσος@anans- ὁ@dnms δράκων@nnmsc ὅθεν@b καί@cs ὁ@dans βλέπω@vnpa-- δέρκομαι@vnpa-- λέγω3@vipa3p ὁ@dnmp ποιητής@nnmpc ὁ@dams δέ@b ἀετός@namsc καί@cs ὑψόθι@b εἰμί@vppaams οὐ@b λανθάνω@viaa3s πτώξ@nnmsc τις@rpncs δέ@x ὀξυήκοος@angfp- -@nnfsc ρος@annfs- γέρανος@ngnpc ὅς@rpnfp ἀπό@p τοσοῦτος@angnp- ἀκούω@vipa3p ὅπως@cs οὐ@b δέ@cs ἄνθρωπος@ngmpc τις@rpnms ὁράω@vipa3s ὁ@ddfs μέν@b γάρ@b ὄσφρησις@ndfsc τοσοῦτος@rpdns πλεονεκτέω@vipa3s σχεδόν@b πᾶς@annnp- ὁ@dnnp ζῷον@nnnpc ὡς@cs ἐκεῖνος@b νοι@vopa2s προσπίτνω@vnpa-- ὁ@danp ἐγώ@rpacp λανθάνω@vppaanp καί@cs κατά@p γένος@nansc ἐπιγιγνώσκω@vnpa-- ἕκαστος@anams- ἤδη@b καί@cs ἐκ@p ἴχνος@ngnsc ὀσφραίνομαι@vppeanp ὁ@dnmp δέ@b ἄνθρωπος@nnmpc ἡγεμών@ndmpc κύων@ndmpc χράω@vipe3p ται@vipe3p οἷ@rpdms δεῖ@vipa3s ἔρχομαι@vnaa-- ἐπί@p σύν@nafsc ἤ1@cs ἔλαφος@namsc καί@cs ἐγώ@rpgcp μέν@b ὀψέ@b ὁ@dnfs ὁ@dgms ἀήρ@ngmsc κατάστασις@nnfsc ἅπτω@vipe3s ὁ@dgnp δέ@b ἄλλος@angnp- ζῷον@ngnpc εὐθύς@b ὡς@cs οὗτος@andnp- τεκμήριον@ndnpc χράω@vnpe-- ὁ@dgns μέλλω@vppagns ὁ@dafs δέ@b ὁ@dgmp χυμός@ngmpc διάκρισις@nafsc οὕτως@b οἶδα@vira3s ὡς@cs ἐξακριβόω@vnpa-- καί@b ὁ@danp νοσερός@ananp- καί@b ὁ@danp ὑγιεινός@ananp- καί@cs ὁ@danp δηλητήριος@ananp- ὡς@cs οὐ@b δέ@b ἄνθρωπος@ngmpc ὁ@dnmp ἰατρός@nnmpc φρόνιμος@ananpc δέ@b φημί@vipa3s ὁ@dnms ἀριστοτέλης@nnmpp εἰμί@vnpa-- ὁ@danp εὐαισθητός@ananpc σῶμα@ngnpc δέ@b πρααλλαγή@nnfpc εὐπαθής@ananp- μέν@b ἤ@cs δυσπαθής@ananp- ποιέω@vnaa-- δύναμαι@vipe3p καί@cs μᾶλλον@b καί@b ἥσσων@anansc πρόχειρον@anams- ἔχω@vnpa-- ὁ@dams λόγος@namsc κατά@p οὐσία@nafsc δέ@cs ὁ@dafs ψυχή@nafsc ἐξαλλάσσω@vnpa-- οὐ@b δύναμαι@vipe3p ὅπου@b γε@b οὐ@b δέ@cs ὁ@dafp αἴσθησις@nafpc οὐ@b δέ@cs ὁ@danp πάθος@nanpc τρέπω@viaa3p οὐ@b δέ@cs τέλειος@anans- ἐκβαίνω@vpraafp ποιέω@viaa3p ἐν@p οὖν@b ὁ@ddns μᾶλλον@b καί@cs ἧμαι@b ὁ@rpacs ὁ@dnfs διαφορά@nnfsc συγχωρέω@vmpe3s οὐ@b ἐν@p ὁ@ddfs τέλειος@andfs- στερέω@ndfsc οὐ@b δέ@cs ἐν@p ὁ@ddns καθάπαξ@b ὁ@dans μέν@b ἔχω@vnpa-- ὁ@dans δέ@b μή@b ἀλλά@cs ὡς@cs ἐν@p εἷς@ γένος@ndnsc ὁ@dnns μέν@b ὑγιεινός@annnsc σῶμα@nnnsc εἰμί@vipa3s ὁ@dnns δέ@b ἥσσων@annnsc καί@cs ἐπί@p νόσος@ngfsc ὅμοιος@b πολύς@anans- ὁ@dnns διάφορος@annns- ἐν@p τε@cs εὐφυία@ndfpc καί@cs ἀφυία@ndfpc οὕτως@b καί@cs ἐν@p ψυχή@ndfpc ὁ@dnfs μέν@b ἀγαθός@annfs- ὁ@dnfs δέ@b φαῦλος@annfs- καί@cs ὁ@dgfs φαῦλος@angfs- ὁ@dnfs μέν@b μᾶλλον@b ὁ@dnfs δέ@b ἥσσων@annnsc καί@cs ὁ@dgmp ἀγαθός@angnp- οὐ@b ὁ@dnfs αὐτός@rpnfs ἰσότης@nnfsc οὐ@b δέ@cs ὅμοιος@b σωκράτης@nnmsp ἀγαθός@annms- καί@cs ἀριστοτέχνης@nnmsp λη@nnmpc καί@cs πλάτων@nnmsp οὐ@b δέ@cs ἐν@p ὁμόδοξος@andmp- ὁ@dnfs ταὐτότης@nnfsc οὐ@b τοίνυν@b οὐ@b δέ@cs εἰ@cs μᾶλλον@b ἐγώ@rpncp νοέω@vipa1p ἤ1@cs ὁ@dnnp ζῷον@nnnpc διά@p οὗτος@rpans ἀφαιρετέος@annns- ὁ@dgnp ζῷον@ngnpc ὁ@dnns νοέω@vnpa-- ὥσπερ@cs οὐ@b δέ@cs ὁ@dnns πέτομαι@vnpe-- πέρδιξ@nampc ὅτι@cs μᾶλλον@b αὐτός@rpgmp ὁ@dnmp ἱέραξ@nnmpc πέτομαι@vipe3p οὐ@b δέ@cs ὁ@damp ἄλλος@anamp- ἱέραξ@nampc ὅτι@cs καί@cs οὗτος@rpgnp καί@cs ὁ@dgnp ἄλλος@rpgnp ἅπας@angnp- ὁ@dnms φασσοφόνος@nnmsc συναλγέω@vnpa-- μέν@b οὖν@b δίδωμι@voaa3s ἄν@b τις@rpncs ψυχή@nafsc σῶμα@ndnsc καί@cs πάσχω@vnpa-- τις@rpans πρός@p αὐτός@rpgms εὖ@b ἤ1@cs κακός@b διάκειμαι@vpregms μεταβάλλω@vnpa-- δέ@b ὁ@dafs αὐτός@rpgfs φύσις@nafsc οὐδαμῶς@b εἰ@cs δέ@b συμπαθέω@vipa3s μόνος@b καί@cs χράομαι@vipe3s αὐτός@rpdns ὡς@b ὄργανον@andms- δρασείω@voaa3s μέν@b ἄν@b διά@p αὐτός@rpgms πολύς@ananp- ἄλλος@b ὀρχέομαι@vppegms ἤ1@cs ὡς@cs ἐγώ@rpdmp ὅς@rpgnp ἐγώ@rpn-p δράω@vnpa-- ἀδύνατος@annmp- καί@cs συμπάθω@voaa3s ἄν@b πως@b διάκειμαι@vpregms οὐ@b μέντοι@cs ὁ@dafs αὐτός@rpgfs ἐξαλλάσσω@voaa3s φύσις@nafsc"
"abstin._3.9","ὅτι@cs τοίνυν@b καί@b λογικός@annfs- ἐν@p αὐτός@rpdmp εἰμί@vipa3s καί@cs οὐ@b ἀφαιρέω@vire3s φρο@nnfsc νῆσις@ngfsc ἐπιδεικτέος@annns- πρῶτος@anans- μέν@b ἕκαστος@annns- οἶδα@vira3s εἰ@cs τε@cs ἀσθενής@annns- εἰμί@vipa3s εἰ@b τε@cs ἰσχυρός@annns- καί@cs ὁ@dnnp μέν@b φυλά@nnnpc τε@vipe3s ὁ@ddmp δέ@b χράομαι@vipe3s ὡς@cs πάρδαλις@nnfsc μέν@b ὀδούς@ndfpc ὄνυξ@ndmpc δέ@b λέων@nnmsc καί@cs ὀδούς@ndmpc ἵππος@nnmsc δέ@b ὁπλή@ndfsc καί@cs βοῦς@nnmsc κέρας@ndnpc καί@cs ἀλεκτρυών@vppanms μέν@b πλῆκτρον@ndnsc σκορπίος@nnmsc δέ@b κέντρον@ndnsc ὁ@dnmp δέ@b ἐν@p αἴγυπτος@ndfsp ὄφις@nnmpc πτύσμα@ndnsc ὅθεν@b καί@b πτυάς@nnfpc καλέω@vipe3p ἐκτυφλόω@vipa3p ὁ@dafp ὄψις@nafpc ὁ@dgnp ἐπέρχομαι@vppanns -@ngnpc ὁ@ngmpc ἄλλος@anans- δέ@cs ἄλλος@rpdns χράομαι@vipe3s σῴζω@vppaans ἑαυτοῦ@rpans ἕκαστος@anans- πάλιν@b ὁ@dnnp μέν@b ἐκποδών@b νέμω@vipe3s ὁ@dgmp ἄνθρωπος@ngmpc ὅσος@rpnnp ἰσχυρός@annnp- ὁ@dnnp δέ@b ἀγεννής@annnp- ἐκποδών@b μέν@b ὁ@dgnp ἐσχυρός@b -@ngnpc ρων@angnp- θηρίον@ngnpc ὁ@danp ἔμπαλιν@b δέ@cs μετά@p ὁ@dgmp ἄνθρωπος@ngmpc καί@cs ἤ1@cs πρόσω@b μέν@b ὡς@cs στρουθός@nnmpc ἐν@p ὀροφή@ndfpc καί@cs χελιδών@nnfpc ἤ1@cs καί@b συνουσιόω@vppaams ὡς@cs ὁ@dnmp κύων@nnmpc ἀμείβω@vipa3s δέ@b καί@b τόπος@nampc κατά@p ὁ@dafp ὥρα@nafpc καί@cs πᾶς@anans- ὅσος@anans- ὁ@dans πρός@p ὁ@dans συμφέρω@vppaans οἶδα@vira3s ὅμοιος@b δέ@b ἄν@b τις@rpnms καί@b ἐπί@p ἰχθύς@ngmpc εἶδον@voaa3s ὁ@dams τοιοῦτος@anams- λογισμός@namsc καί@b ἐπί@p ὀρ@nansc νίθη@ngmpc ὅς@rpnnp δή@b ἐπί@p πλέος@anansc συνάγω@vire3s ὁ@ddmp παλαιός@andmp- ἐν@p ὁ@ddnp περί@p ζῷον@ngnpc φρόνησις@ngfsc ὁ@dgms οὗτος@rpanp πολυπραγμονέω@ananp- -@dgms μονάω@vpaagms ἐπί@p πλέος@anans- ἀριστοτέλης@ngmsp λέγω3@vppagms πᾶς@andnp- ὁ@ddnp ζῷον@ndnpc καταχράομαι@vnre-- πρός@p ὁ@dams βίος@namsc καί@cs σωτη@nafsc ρία@nafsc αὐτός@rpgmp ὁ@dafs οἴκησις@nafsc"
"abstin._3.10","ὁ@dnms δέ@b φύσις@ndfsc λέγω3@vppanms αὐτός@rpdnp πρόσειμι@vnaa-- οὗτος@rpanp ἀγνοέω@vipa3s λέγω3@vppanms ὅτι@cs φύσις@ndfsc εἰμί@vipa3s λογικός@annnp- ἦ@b ὡς@cs ὁ@dgms λόγος@ngmsc μή@b φύσις@ndfsc ἐν@p ἐγώ@rpdmp συνίστημι@vppegms καί@cs ὁ@dgfs τελείωσις@ngfsc μή@b καθό@p φύω@vira1p ὁ@dafs αὔξη@nafsc σιν@nafsc λαμβάνω@vppagfs ὁ@dnns μέν@b γε@b θεῖος1@annns- οὐ@b δέ@cs διά@p μάθησις@ngfsc λογικός@annns- γίγνομαι@vira3s οὐ@b γάρ@b εἰμί@viia3s ὅτε@cs εἰμί@viia3s ἄλογος@annns- ἀλλά@cs ἅμα@b τε@b εἰμί@viia3s καί@cs λογικός@annns- εἰμί@viia3s καί@cs οὐ@b κωλύω@vire3s εἰμί@vnpa-- λογικός@annns- ὅτι@cs οὐ@b διά@p διδασκαλία@ngfsc ἀναλαμβάνω@viaa3s ὁ@dams λόω@namsc -@namsc γον@namsc καίτοι@b ἐπί@p ὁ@dgnp ἄλλος@angnp- ζῷον@ngnpc καθά@cs ἐπί@p ὁ@dgmp ἄνθρωπος@ngmpc ὁ@danp μέν@b ἐν@p αὐτός@rpdnp ὁ@dnfs φύσις@nafpc διδάσκω@viaa3s ὁ@dnnp δέ@b ἤδη@b παρέχω@viaa3s καί@cs ὁ@dnfs μάθησις@nnfsc διδάσκω@vipe3p δέ@b ὁ@dnnp μέν@b ὑπό@p ἀλλήλων@rpgmp ὁ@dnnp δέ@b ὡς@cs φημί@viia1p ὑπό@p ἐν@an---- ἄνθρωπος@ngmpc καί@cs ἔχω@vipa3s γε@x μνήμη@nafsc ὅς@rpnfs εἰς@p ἀνάληψις@nafsc λογισμός@ngmsc καί@cs φρόνησις@ngfsc τυγχάνω@viia3s εἰμί@vppanfs κύριος@annfs- τάτη@annfs- εἰμί@vipa3p δέ@b καί@b κακία@nnfpc ἄφθονος@annfp- ἐν@p αὐτός@rpdmp εἰ@cs καί@b μή@b οὕτως@b χέω@vire3p ὥσπερ@cs ἐν@p ἄνθρωπος@ndmpc εἰμί@vipa3s γάρ@b αὐτός@rpgmp ὁ@dnfs κακία@nnfsc κοῦφος@annfsc ὁ@dgfs ἄνθρωπος@ngmpc αὐτίκα@b ἀνήρ@nnmsc μέν@x οἰκοδόμος@annms- οἰκία@ngfsc θεμέλιος@nanpc οὐ@b ἄν@x καταβάλλω@voam3s μή@cs νήφω@vppanms οὐ@x δέ@x ναυπηγός@annms- ναῦς@nnmsc τρόπος@nnmsc πίνω@nafsc μή@b ὑγιαίνω@vppanms οὐ@b δέ@x γεωργός@nnmsc ἄμπελος@nafsc φυτεύω@vnaa-- μή@cs πρός@p οὗτος@anans- ὁ@dams νόος@namsc ἔχω@vppanms παιδοποιέω@vipe3p δέ@b σχεδόν@b πᾶς@annmp- μεθύω@vppanmp ἀλλά@cs οὐ@b ὁ@dnnp γε@x ζῷον@nnnpc ζωογονέω@vipa3s δέ@b τέκνον@ngnpc ἕνεκα@p καί@cs ὁ@danp πλεῖστος@ananps ὅταν@cs ἐγκύμων@anafs- ποιέω@vsaa3s ὁ@dafs θῆλυς@nafsc οὐ@b τε@cs αὐτός@rpanp ἐπιβαίνω@vnpa-- ἐπιχειρέω@vipa3s οὐ@b τε@cs ὁ@dnns θῆλυς@annns- ἀνέχω@vipe3s ὁ@dnfs δέ@b ὕβρις@nnfsc ὅσος@annfs- ἐν@p οὗτος@rpdnp ὁ@dnfs ἀνθρώπειος@annfs- καί@cs ἀκολασία@nnfsc δῆλος@annfs- οἶδα@vira3s δέ@b ἐπί@p ὁ@dgnp ζῷον@ngnpc ὁ@dafp ὠδίς@nafpc ὁ@dnms σύνοικος@annms- καί@cs σύν@b δίνω@vipa3s γε@b ὁ@danp πολύς@ananp- ὥσπερ@cs καί@b ἀλεκτρυών@annmp- ὁ@danp δέ@b καί@b συνεκλέπω@vipa3s ὡς@cs ὁ@ddfp περιστερά@ndfpc ὁ@dnmp ἄρσην@nnmpc καί@cs τόπος@ngmsc προνοέω@vipa3s ὅς@b μέλλω@vipa3p τίκτω@vnpa-- καί@b γε@vira3s νέω@nafsc ἕκαστος@anams- ἐκκαθαίρω@vipa3s ὁ@dnns γεννάω@vppenns καί@cs ἑαυτοῦ@rpams παρατηρέω@vpaanms δέ@b ἄν@b τις@rpnms κατεῖδον@voaa3s καί@b σύν@p τάξις@ndfsc εἶμι@vppaams πᾶς@ananp- καί@cs διαπαντάω@vppaams μετά@p ὁ@rpgms σαίνω@vnpa-- ὁ@ddms τρέω@ndmsc -@vppadms φονεύς@ndmsc καί@b ἐπιγιγνώσκω@vnpa-- ὁ@dams δεσπότης@namsc καί@cs μηνύω@vnpa-- ὁ@dams ἐπίβουλος@namsc"
"abstin._3.11","ὁ@danp δέ@b συναγελαστικός@ananp- ὅπως@cs τηρέω@vipa3s ὁ@dans δίκαιος@anans- ὁ@dans πρός@p ἀλλήλων@rpanp τις@rpnms ἀγνοέω@vipa3s οὗτος@rpnns μέν@b μύρμηξ@ngmpc ἕκαστος@annns- οὗτος@rpnns δέ@cs καί@b μελιττώ@ngmpc καί@cs ὁ@dgnp ὅμοιος@angnp- τις@rpncs δέ@b σωφροσύνη@ngfsc φαττόν@vppanms πρός@p ὁ@damp σύνοικος@anamp- ὅς@rpnfp καί@b μοιχεύω@vpapnfp ἀναιρέω@vipa3p εἰ@cs λαμβάνω@voaa3p ὁ@dams μοιχεύω@vpaaams ἤ1@cs ὁ@dgfs ὁ@dgfp πελαρ@andfp- -@ananp- γῆ@ngfpc δικαιοσύνη@ngfsc πρός@p ὁ@damp τίκτω@vpaaamp ἀνήκοος@annfs- ἐξέχω@vipa3s γάρ@b ἐν@p ἕκαστος@andns- ἴδιος@annfs- τις@rpncs ἀρετή@nnfsc πρός@p ὅς@rpafs πε@ φυσιόω@vire3s οὐ@b τε@cs ὁ@dgfs φύσις@ngfsc οὐ@b τε@cs ὁ@dgns βέβαιος@ngnsc διά@p οὗτος@rpans ἀφαιρέω@vppegms αὐτός@rpgnp ὁ@dans λογικός@anans- ἐκεῖνος@rpans γάρ@b ἐλέγχω@vnpa-- δεῖ@vipa3s εἰ@cs μή@b ὁ@dnnp ἔργον@nnnpc ἀρετή@ngfpc καί@cs λογικός@angfs- ἐντρεχεία@ngfsc οἰκεῖος@annnp- εἰ@cs δέ@b μή@b συνίημι@vspa1p πῶς@b πράσσω@vipa3s ται@vipe3s διά@p ὁ@dans μή@b εἰσδύνω@vnpa-- αὐτός@rpgmp εἰς@p ὁ@dams λογισμός@namsc δύναμαι@vnpe-- οὐ@b μέντοι@b διά@p οὗτος@rpans ἀλογία@nafsc αὐτός@rpgmp κατά@viia3s κατηγορέω@vifa1p οὐ@b δέ@cs γάρ@b θεός@ngmsc τις@rpncs εἰς@p ὁ@dams νόος@namsc διά@p -@vnaa-- δύναμαι@vnpa-- δύναμαι@vipe3s ἐκ@p δέ@b ὁ@dgnp ἔργον@ngnpc ὁ@dgms θεός@ngmsc συναινέω@viia3s σαμεν@vipa1p ὁ@ddmp νοερός@anams- καί@cs λογικός@anams- αὐτός@rpams ἀποφαίνω@viaa3s νοι@ndmpc"
"abstin._3.12","θαυμάζω@voaa3s δέ@b ἄν@b τις@rpnms ὁ@damp ὁ@dafs δικαιοσύνη@nafsc ἐκ@p ὁ@dgns λογικός@angns- συνίστημι@vppaamp καί@cs ὁ@danp μή@b κοινωνέω@vppaanp ὁ@dgnp ζῷον@ngnpc ἄγριος@ananp- καί@cs ἄδικος@ananp- λέγω3@vppaamp μηκέτι@b δέ@cs ἄχρι@p ὁ@dgmp κοινωνέω@vppagmp ὁ@dafs δικαιοσύνη@nafsc ἐκτείνω@viia3p ὁ@nampc καθά@cs γάρ@b ἐπί@p ὁ@dgmp ἄνθρωπος@ngmpc οἴχομαι@vipe3s ὁ@dnns ζάω@vnpa-- αἴρω@vpapgfs ὁ@dgfs κοινωνία@ngfsc οὕτως@b καί@b ἐκεῖνος@rpdmp ὄρ@nnnsc νιθες@nnmpc γοῦν@b καί@cs κύων@nnmpc καί@cs πολύς@annnp- ὁ@dgnp τετράπους@ngnpc οἷος@rpnns αἴξ@nnfpc ἵππος@nnmpc πρόβατον@nnnpc ὄνος@nnmpc ἡμίονος@nnmpc ὁ@dgfs μετά@p ἄνθρωπος@ngmpc κοινωνία@ngfsc ἀφαιρέω@vpapnnp ἔρρω@vipa3s καί@b ὁ@dnfs δημιουργέω@vpaanfs αὐτός@rpanp φύσις@nnfsc ἐν@p χρεία@ndfsc ὁ@dgmp ἄνθρωπος@ngmpc πούς@rp--- καθίστημι@viaa3s ὁ@damp τε@b ἄνθρωπος@nampc εἰς@p ὁ@dans χρῄζω@vnpa-- αὐτός@rpgmp ὁ@dans δίκαιος@anans- ἔμφυτος@anans- αὐτός@rpdmp τε@b πρός@p ἐγώ@rpamp καί@cs ἐγώ@rpdmp πρός@p αὐτός@rpanp κατασκευάζω@vpaanfs εἰ@cs δέ@b τις@rpams πρός@p ἄνθρωπος@nampc ἀγριαίνω@vipa3s θαυμαστός@annns- οὐδείς@rpnns ἀλη@anvms- τίθημι@annns- γάρ@b εἰμί@viia3s ὁ@dnns ὁ@dgms ἀριστοτέλης@ngmsp ὡς@cs ἀφθονία@nafsc εἰ@cs ὁ@dgfs τροφή@ngfsc πᾶς@ananp- κτάομαι@vile3s οὐ@b τε@b ἄν@b πρός@p ἀλλήλων@rpanp οὐ@b τε@cs πρός@p ἄνθρωπος@nampc ἔχω@viaa3s ἄν@b ἄγριος@b οὗτος@rpgfs γάρ@b χάρις@nafsc καίτοι@b ἀναγκαῖος@angfs- καί@cs εὐτελής@angfs- εἰμί@vppagfs ὅς@dnfp τε@b ἔχθρα@nnfpc καί@cs εἰ@nnfpc φιλία@nnfpc αὐτός@rpdmp καί@cs ὁ@dgms τόπος@ngmsc ἕνεκα@p ἄνθρωπος@nnmpc δέ@b εἰ@cs οὕτως@b εἰς@p στενός@anans- κομιδῇ@b κατάκειμαι@viia3s κλῄζω@vope3p ὡς@cs ὁ@danp ζῷον@nnnpc πόσος@andns- ἄν@b ἄγριος@annmpc καί@cs ὁ@dgmp δοκέω@vppagmp ἄγριος@angmp- γίγνομαι@viam3p καταδείκνυμι@viaa3s δέ@b καί@b ὁ@dnms πόλεμος@nnmsc καί@cs λιμός@nnmsc ὅπου@b οὐ@b δέ@b γεύω@vnam-- φείδομαι@vipe3p ἀλλήλων@rpgmp καί@b ἄνευ@p γε@b πόλεμος@ngmsc καί@cs λιμός@ngmsc ὁ@danp σύν@p -@ananp- τροφα@nanpc καί@cs ἥμερος@nanpc ὁ@dgnp ζῷον@ngnpc κατεσθίω@vipa3p"
"abstin._3.13","ἀλλά@cs φημί@vopa3s τις@rpncs ἄν@b ὅτι@cs εἰμί@vipa3s μέν@b λογικός@annnp- οὐ@b ἔχω@vipa3s δέ@cs πρός@p ἐγώ@rpamp τις@anafs- σχέσις@nafsc καί@b μήν@b διά@p ὁ@dans ἄλογος@ananp- εἰμί@vnpa-- ἀφίημι@b ρουν@viia3p ὁ@dafs πρός@p αὐτός@rpanp σχέσις@nafsc ποιέω@viia3p ἄλογος@ananp- ἔπειτα@cs ἐκ@p ὁ@dgfs χρεία@ngfsc εἰμί@viia3s ἀναπτύσσω@vppagmp ὁ@dafs πρός@p αὐτός@rpanp κε@b νωνία@nafsc οὐ@b ἐκ@p ὁ@dgms λόγος@ngmsc ἐγώ@rpdcp δέ@b εἰ@cs λογικός@ananp- πρόκειμαι@viie3s δείκνυμι@vnaa-- οὐ@b εἰ@cs συνθήκη@nafpc πρός@p εἷς@rpgfs πε@ ποιέω@vspe3s ἐπεί@b καί@b ὁ@dgmp ἄνθρωπος@ngmpc οὐ@b πᾶς@annms- ἐγώ@rpdmp σύν@vipe3s τίθημι@vipe3s καί@cs οὐδείς@rpnms ὁ@dams μή@b συντίθημι@vpamams εἶπον@voaa3s ἄν@b ἄλογος@anams- καίτοι@b ὁ@danp πολύς@ananp- καί@b δουλεύω@viaa3s ἄνθρωπος@nampc -@nanpc ποι@nnmsc καί@cs ὡς@cs φημί@viia3s τις@rpnms λέγω3@vppanms ὀρθός@b δουλεύω@vppaams ὑπό@p ἀγνωμοσύνη@ngfsc ἄνθρωπος@ngmpc ὅμως@b ὑπό@p σοφία@ngfsc καί@cs δικαιοσύνη@ngfsc ὁ@damp δεσπότης@nampc ὑπηρέτης@nampc καί@cs ἐπιμελής@nampc ὁ@dafp αὐτός@rpgmp ποιέω@vire3s ὅς@dnfp γε@b μήν@b κακία@nnfpc αὐτός@rpgmp πρόδηλος@annfp- ἐκ@p ὅς@rpgfp μάλιστα@b ὁ@dnns λογικός@annns- διαφαίνω@vipe3s καί@b γάρ@b φθονέω@vipa3p καί@cs ζηλοτυπέω@vipa3p ὑπέρ@p ὁ@dgnp θ@ngnpc -@angnp- λεία@ngfpc ὅς@dnfp τε@cs θῆλυς@nnfpc ὑπέρ@p ὁ@dgnp ἄρσην@ngmpc εἷς@annfs- δέ@b αὐτός@rpdmp κακία@nnfsc οὐ@b ὑπάρχω@vipa3s ἐπιβουλή@nnfsc ὁ@ddms εὐνοέω@vppadms ἀλλά@cs πᾶς@annfs- εὔνοια@nnfsc πᾶς@andns- εἰμί@vppanns τυγχάνω@vipa3s καί@cs το@dnns σοῦτος@anams- ὁ@ddms εὐνοέω@vppadms θαρσέω@vipa3s ὡς@cs ἕπομαι@vnpe-- ἄν@x ἄγω@vspa3s τις@rpnms καί@cs ἄν@cs ἐπί@p σφαγή@nafsc καί@cs προῦπτος@anams- κίνδυνος@namsc καί@b ἄν@cs γάρ@b μή@b διά@p αὐτός@rpanp διά@p ἑαυτοῦ@rpams δέ@b τις@rpnms αὐτός@rpanp τρέφω@vspa3s εὐνοέω@vipa3s ὁ@ddms κτάομαι@vpredms ἄνθρωπος@nnmpc δέ@b ἐπί@p οὐδείς@rpams οὕτως@b συνίστημι@vipe3p ὡς@cs ἐπί@p ὁ@dams τρέφω@vppaams καί@cs οὐ@b οὐδείς@nanpc οὕτως@b ἀποθνήσκω@vnpa-- εὔχομαι@vipe3p ὡς@cs οὗτος@rpams"
"abstin._3.14","οὕτως@b δέ@b εἰμί@vipa3s λογιστικός@annnp- οὖν@rpgnp δράω@vipa3s ὥστε@cs πολλάκις@b ἐπίσταμαι@annnp- -@nnnpc μένω@vppennp ὁ@dnnp δελέατα@annnp- ὅτι@cs ἐπίβουλος@annnp- εἰμί@vipa3s διά@p ἀκρασία@nafsc πρόσειμι1@vipa3s ἤ1@cs διά@p λιμός@namsc καί@b ὁ@dnnp μέν@b οὐ@b εὐθύς2@b προσέρχομαι@viaa3s ὁ@dnnp δέ@cs μέλλω@vipa3s καί@cs πειράω@vipe3s εἰ@cs δύναμαι@vipe3s ἀφαιρέω@vnaa-- ὁ@dafs τροφή@nafsc ἄνευ@p ὁ@dgns περιπίπτω@vnaa-- καί@cs πολύς@anans- πολλάκις@b κρατέω@vpaagms ὁ@dgms λογισμός@ngmsc ὁ@dnns πάθος@nnnsc ἀφίστημι@viaa3s ἔνιοι@annnp- δέ@b καί@cs ἐνυβρίζω@vpaannp καί@cs προσουρέω@vpaannp ὁ@ddns σόφισμα@ndnsc ὁ@dgmp ἄνθρωπος@ngmpc ὁ@danp δέ@b ὑπό@p λιχνεία@ngfsc εἰ@cs δίδωμι@vpaaams ὅτι@cs ἀλάομαι@vifm3s οὐ@b χείρων@anansc ἤ1@cs ὁ@dnmp ὀδυσσεύς@ngmsp ἑτοῖ@nnmpc ρο@b περίεἶδον@viaa3s ἐσθίω@vpaaams ἀποθνήσκω@vnaa-- οὐ@b κακός@b δέ@b τις@rpncp κακός@p ὁ@dgmp τόπος@ngmpc πειράω@vire3p πολύς@ananp- δείκνυμι@vnpa-- μᾶλλον@b ἐγώ@rpgmp ἔμφρων@ananpc ὅς@rpgnp λαγχάνω@vira3s ὡς@cs γάρ@b ὁ@dnnp κατά@p ὁ@dams αἰθήρ@namsc οἰκέω@vppanns εἰμί@vipa3s λογικός@annnp- οὕτως@b φημί@vipa3p ὁ@danp ὁ@dans μετά@p ἐκεῖνος@rpams εὐθύς2@b πλησιάζω@vppaans οἰκέω@vppaanp ὁποῖος@rpnnp ὁ@dnnp ἐν@p ἀήρ@ndmsc εἶτα@b ὁ@danp ἔνυδρος@ananp- διαφέρω@vnpa-- εἶτα@b οὕτως@b ὁ@danp ἐπίγειος@ananp- ὅς@rpafs ἐγώ@rpncp ὁ@dafs ὑποστάθμη@nafsc οἰκέω@ngmsc μεν@vipa1p οὐ@b γάρ@b δή@b ἐπί@p μέν@b ὁ@dgmp θεός@ngmpc καί@cs ἐκ@p ὁ@dgms τόπος@ngmsc ὁ@dans κρείσσων@anansc συλλογίζομαι@vipe1p οὐ@b δέ@b καί@b ἐπί@p ὁ@dgmp θνητός@angmp- ὁ@dans ὅμοιος@anans- τίθημι@vifa1p"
"abstin._3.15","ὅταν@cs δέ@b καί@cs τέχνη@nafpc ἀναλαμβάνω@vspa3s καί@cs οὗτος@rpafp ἀνθρώπινος@nafpc ὀρχέομαι@vnpe-- μαν@voam1s θνήσκω@vppaams καί@cs ἡνιοχέω@vnpa-- μονομαχέω@vnpa-- τε@cs καί@cs καλοβατέω@vnpa-- ἤδη@b δέ@cs καί@cs γράφω@vnpa-- καί@cs ἀναγιγνώσκω@vnpa-- αὐλέω@vnpa-- τε@cs καί@cs κιθαρίζω@vnpa-- καί@cs τοξεύω@vnpa-- καί@cs ἱππεύω@vnpa-- ἔτι@b ἀμφίσβη@nnfsc τίω@rp--- εἰ@cs ὁ@dnns δέχομαι@vppenns ἔχω@vipa3s ὁ@dgns παραδέχομαι@vpapgns ἐν@p αὐτός@rpdnp θεωρέω@vppegns ποῦ@b γάρ@b δέχομαι@vipe3s εἰ@cs μή@b ὁ@dnms λόγος@nnmsc ὕπειμι@viia3s ἐν@p ὅς@rpdms συνίστημι@vipe3p ὁ@dnfp τέχνη@nnfpc οὐ@b δέ@b γάρ@b ὡς@b ψόφος@ngmsc ὁ@dgfs φωνή@ngfsc ἐγώ@rpgcp ἀκούω@vipa3s ἀλλά@cs καί@b ὁ@dgmp σημεῖον@ngnpc ὁ@dgfs διαφορά@ngfsc εἰμί@vipa3s αὐτός@rpdmp ἐπαίσθησις@nnfsc ὅστις@rpnfs δή@b ἐκ@p σύνεσις@ngfsc λογικός@angfs- παραγίγνομαι@vipe3s ἀλλά@b κακός@b φημί@vipa3p ποιέω@vipa3s ὁ@dnnp ἀνθρώπινος@ananp- οὐ@b δέ@cs γάρ@b ἄνθρωπος@nnmpc πᾶς@annmp- καλός@b ἤ1@b μάτην@b ἄν@b ἀγών@namsc καί@b νικάω@vppanmp εἰμί@viia3p καί@cs ἡσσάομαι@vppenmp ἀλλά@b οὐ@b βουλεύω@vipe3p φημί@vipa3p οὐ@b δέ@b ἐκκλησιάζω@vipa3p οὐ@b δέ@cs δικάζω@vipa3p ὁ@dnfs γάρ@b ἄν@b ἄνθρωπος@nvmpc εἶπον@vmaa2s ἐγώ@rpdcs πᾶς@annmp- οὐ@b δέ@b πολύς@andmp- πρίν@cs βουλεύω@vifm3p εἰ@i πρᾶξις@vifa2s πόθεν@b δέ@b καί@b ἐπιδείκνυμι@voaa3s ἄν@b τις@rpncs ὅτι@cs οὐ@b βουλεύω@vipe3p οὗτος@rpgns μέν@b γάρ@b τεκμή@nnfsc ριον@nansc οὐδείς@rpnms εἶπον@vnaa-- ἔχω@vipa3s ὁ@dgns δέ@b ἐναντίος@angns- ὁ@dnmp κατά@p μέρος@nansc περί@p ὁ@dgnp ζῷον@ngnpc συγγράφω@nnmpc δείκνυμι@viaa3p λοῖος@viia3s πού@viia3p δέ@x ὁ@dnnp ἄλλος@annnp- ἕωλος@nnnpc ὅσος@annnp- κατά@p αὐτός@rpgnp ῥητορεύω@vipe3s οἷος@rpans ὅτι@cs πόλις@nnfpc αὐτός@rpdmp οὐ@b εἰμί@vipa3p οὐ@b δέ@cs γάρ@b ὁ@ddmp ἁμαξόβιος@ndmpc σκύθης@ndmpp φημί@vifa1s οὐ@b δέ@cs ὁ@ddmp θεός@ndmpc οὐ@b δέ@cs νόμος@nnmpc γραπτός@annmp- φημί@vipa3p παρά@p ὁ@ddnp ζῷον@ndnpc οὐ@x δέ@x γάρ@x παρά@p ἄνθρωπος@ndmpc ἄχρι@cs εὐδαιμονέω@annns- ̓͂ἆπις@nnfsp δέ@x λέγω@vire3s γενομαι@vipe3s πρῶτος@annms- νομοθετέω@vnaa-- παρά@p ἕλλην@ndmpp ὅτε@cs δέω@viap3p τίθημι@viap3p"
"abstin._3.16","ἄνθρωπος@ndmpc μέν@b οὖν@b διά@p ὁ@dafs λαιμαργία@nafsc οὐ@b δοκέω@vipa3s λόγος@namsc ἔχω@vnpa-- ὁ@dnnp ζῷον@nnnpc θεός@ndmpc δέ@b καί@cs θεῖος2@ndmpc ἐν@p δράσις@ndfpc ἐκ@p ἴσος@angns- ὁ@ddmp ἱκέτης@ndmpc τιμάω@vire3s καί@b χράω@vppanms γε@b ὁ@dnms θεός@nnmsc ἀριστόβουλος@ndmsp ὁ@ddms κυμαῖος@andms- ἱκέτης@nampc ὁ@damp στρου@ngnsc θόος@nampc αὐτός@b φημί@viia3s εἰμί@vnpa-- σωκράτης@nnmsp δέ@b καί@b ὄμνυμι@viia3s κατά@p αὐτός@rpgmp καί@cs ἔτι@b πρό@p αὐτός@rpgms ῥαδάμανθυς@nnmsp εἰ@i γύπτιος@annmp- δέ@b καί@b θεός@nampc νομίζω@viaa3p εἰ@cs τε@cs ὄντως@b θεός@nampc ἡγέομαι@vppmnmp εἰ@cs τε@cs ἐξεπίτηδες@b ὁ@danp ὁ@dgmp θεός@ngmpc εἶδος@nanpc βοῦς@dgms πρόσωπον@nanpc καί@b ὀρνιθοπρόσωψ@ananp- καί@cs ὁ@dgmp ἄλλος@rpgnp ποι@b εἰμί@vppanmp ὅπως@cs αὐτός@rpgmp ἐκ@p ἴσος@angns- καί@cs ὁ@dgmp ἄνθρωπος@ngmpc ἀπέχω@vope3p εἰ@cs τε@cs καί@b διά@p ἄλλος@anafp- αἰτία@nafpc μυστικός@anafpc οὕτως@b δή@b καί@b ὁ@dnmp ἕλλην@nnmpp ὁ@ddns μέν@b ὁ@dgms ζεύς@ngmsp ἀγάλ@angms- ματι@ndmsc κριός@ngnsc προσάπτω@viaa3p κέρας@nanpc ταῦρος@ngmsc δέ@b ὁ@ddms ζεύς@ngmsp νῦσα@ngmsc ὁ@dams δέ@b πάν@namsp ἐκ@p ἄνθρωπος@ngmsc καί@cs αἴξ@ngfsc σύν@viaa3p θήηκα@viaa3p ὁ@dafp δέ@cs μοῦσα@nafpp πτερόω@viaa3p καί@cs ὁ@dafp σειρήν@nafpp να@nafpc κατά@p ὁ@danp αὐτός@rpanp δέ@cs ὁ@dafs τε@b νίκη@nafsp καί@b ὁ@dafs ἶρις@nafsp καί@b ὁ@dams ἔρως@namsp καί@cs ὁ@dams ἑρμῆς@namsp πίνδαρος@nnmsp δέ@b ἐν@p πρόσοδος@ndnpc πᾶς@anamp- ὁ@damp θεός@nampc ποιέω@viaa3s ὁπότε@cs ὑπό@p τυφῶν@ngmsp διώκω@viie3p οὐ@b ἄνθρωπος@ndmpc ὁμοιόω@andmp- τίθημι@vpapamp ἀλλά@cs ὁ@ddnp ἄλογος@andnp- ζῷον@ndnpc ἔραμαι@vpapams δέ@b πασιφάη@ngfsp ζεύς@namsp γίγνομαι@vnam-- μέν@b ταῦρος@namsc νῦν@b δέ@cs ἀετός@namsc καί@cs κύκνος@namsc διά@p ὅς@rpafs ὁ@dafs πρός@p ὁ@danp ζῷον@nanpc τιμή@nafsc ὁ@dnmp παλαιός@annmp- ἐνδείκνυμι@viie3p καί@cs ἔτι@b μᾶλλον@b ὅταν@cs ὁ@dams ζεύς@namsp τρέφω@vnaa-- λέγω3@vspa3p αἴξ@nafsc κρής@ndmsp δέ@b νόμος@nnmsc εἰμί@viia3s ἄρα@nnfsp δαμάνθυς@ngmsc ὅρκος@namsc ἐπάγω@vnpe-- πᾶς@ananp- ὁ@danp ζῷον@nanpc οὐ@b δέ@b σωκράτης@nnmsp ὁ@dams κύων@namsc καί@cs ὁ@dams χήν@namsc ὄμνυμι@vppanms παίζω@viia3s ἀλλά@cs κατά@p ὁ@dams ὁ@dgms ζεύς@ngmsp καί@cs δίκη@ngfsp παῖς@namsc ποιέω@viie3s ὁ@dams ὅρκος@namsc οὐ@b δέ@cs παίζω@vppanms ὁμόδουλος@anamp- αὐτός@rpgms λέγω3@viia3s ὁ@damp κύκνος@nampc αἰνίσσομαι@vipe3s δέ@x καί@cs ὁ@dnms μῦθος@nnmsc ὡς@cs ὁμός@b ψυχή@nnfsc εἰμί@vipa3s ἐγώ@rpdmp καί@cs χόλος@ndmsc μέν@b θεός@ngmpc μεταβάλλω@vnaa-- ἐκ@p ἄνθρωπος@ngmpc εἰς@p ζῷον@nanpc μεταβάλλω@vpaaamp δέ@x λοιπός@anans- ἐλεέω@vnpe-- καί@cs φιλέω@vnpe-- τοιοῦτος@rpnnp γάρ@b ὁ@dnnp περί@p δελ@nanpc -@ngnsc φῖνες@ngmpc λέγω3@vppennp καί@cs ὁ@dnnp περί@p ἀλκυών@angmp- ἀηδών@angmp- τε@cs καί@cs χελιδών@ngmpc"
"abstin._3.17","αὐχέω@vipa3s δέ@b καί@b ὁ@dgmp παλαιός@angmp- ἕκαστος@annms- ὅστις@rpnms εὐτυχέω@viaa3s ὁ@dgfs ἐκ@p ζῷον@ngnpc ἀνατροφή@ngfsc οὐ@b ὅς@b -@cs πως@b ὁ@damp πατήρ@nampc ὡς@cs ὁ@damp ἀναθρεψαμ@viaa2s εννους@ngnsc ὁ@dnms μέν@b λύκαινα@nafsc ὁ@dnms δέ@b ἔλαφος@namsc ἄλλος@rpnms αἴξ@nafsc ἄλλος@rpnms μέλι@nansc τε@nafsc σεμίραμις@nnmsp δέ@b ὁ@dafp περιστερά@nafpc κῦρος@nnmsp δέ@b κύων@namsc κύκνος@namsc δέ@cs θρᾷξ@nnfsp καί@cs ὁ@dans ὄνομα@nnnsc ὁ@dgms τρέφω@vpaagms ἔφε@viaa3s ρεν@namsc ὅθεν@b καί@b θεός@ndmpc ἐπωνυμία@nnfpc διονύσος@ndmsp μέν@b εἰρα@nnmsp φιώτης@nnmsc ἀπόλλων@ndmsp δέ@b λύκειος@nnmsp καί@cs δελφίνιος@nnmsp ποσει@ndfsp δῶν@ndmsc δέ@b ἵππιος@nnmsp καί@cs ἀθήνη@ndfsp ἵππιος@nnfsp ὁ@dnfs δέ@b ἑκάτη@nnfsp ταῦρος@nnmsc κύων@nnmsc λέαινα@nafsc ἀκούω@vppanfs μᾶλλον@b ὑπακούω@vipa3s εἰ@dnmp δέ@b ὅτι@cs θύω@vppanmp αὐτός@rpanp κατεσθίω@vipa3p διά@p οὗτος@rpans ὥσπερ@cs αὐτός@rpamp παραμυθέομαι@vppenmp ἄλογος@ananp- λέγω3@vipa3p εἶπον@voaa3p ἄν@b καί@b ὁ@dnmp ὁ@damp πατήρ@nampc ἑστιάω@vppenmp σκύθης@nnmpp ἄλογος@anamp- εἰμί@vnpa-- ὁ@damp πατήρ@nampc"
"abstin._3.18","διά@p μέν@b οὗτος@rpgnp καί@cs ἄλλος@rpgnp ὅς@rpgnp ἐξοῦ@b μιμνήσκω@vifp1p ὁ@danp ὁ@dgmp παλαιός@angmp- ἐπιτρέχω@vppanmp δείκνυμι@vipe3s λογικός@annnp- εἰμί@vppannp ὁ@dnnp ζῷον@nnnpc ὁ@dgms λόγος@ngmsc ἐν@p ὁ@ddnp πλεῖστος@andnp- ἀτελής@angms- μέν@b εἰμί@vppagms οὐ@b μήν@b παντελής@b στερέω@vpregms ὁ@dgfs δέ@b δικαιοσύνη@ngfsc πρός@p ὁ@danp λογικός@ananp- εἰμί@vppagfs καθά@cs φημί@vipa3p ὁ@dnmp ἀντιλέγω@vppanmp πῶς@b οὐ@b καί@b πρός@p οὗτος@rpanp εἰμί@vopa3s ἄν@b ἐγώ@rpdmp ὁ@dnns δέκαιος@annns- οὐ@b γάρ@b καί@b πρός@p ὁ@danp φυτόν@nanpc παρατείνω@vifa1p ὁ@dans ὁ@dgfs δίκαιος@angfs- -@angfs- δικαιοσύνη@ngfsc διά@b ὁ@dnns φαίνω@vnpe-- πολύς@anans- ὁ@dans πρός@p ὁ@dams λόγος@namsc ἀσύγλωστος@anans- καίτοι@b καί@b ἐνταῦθα@b ὁ@ddmp καρπός1@ndmpc χράω@vnpe-- -@ αι@vnpe-- ἔθω@vira1p οὐ@b μήν@b σύν@p ὁ@ddmp καρπός1@ndmpc κατακόω@vpranmd πήσσω@vnpa-- καί@b ὁ@danp πρέμνον@nanpc ὁ@dams δέ@b σιτικός@anams- καρπός@namsc καί@cs ὁ@dams ὁ@dgmp χέδρος@angmp- αὐαίνω@vppeams καί@b εἰς@p γῆ@nafsc πίπτω@vppaams καί@cs θνήσκω@vpraams συλλέγω@vipa1p ζῷον@ngnpc δέ@x ὁ@danp θνήσκω@nanpc οὐ@b ἄν@x τις@rpnms προσφέρω@voam3s ὥστε@b πολύς@anans- ὁ@dnns ἄδικος@annns- ἐν@p οὗτος@rpdnp ἀρχή@b δέ@b ὡς@cs καί@b πλούταρχος@nnmsp φημί@vipa3s οὐ@b ἐπεί@cs δέω@vipe3s τις@angmp- ἐγώ@rpgmp ὁ@dnfs φύσις@nnfsc καί@cs χράομαι@vipe1p ὁ@rpgms τοι@rpdmp ἤδη@b ἐπί@p πᾶς@anans- προακτέος@annns- καί@cs πρός@p πᾶς@ananp- ὁ@dafs ἀδικία@nafsc δίδωμι@vipa3s μέν@b γάρ@b καί@cs παρέχω@vipa3s ὁ@ddmp ἀναγκαῖος@andmp- ὁ@dafs ἄχρι@p τις@rpgns βλάβη@nafsc εἰ@cs γε@b βλάβη@nnfsc ὁ@dnns λαμβάνω@vnpa-- τις@rpans παρά@p ὁ@dgnp φυτόν@ngnpc καίτοι@b ζάω@vppagmp μένω@vppagmp ὁ@dnns δέ@b ἐκ@p περιουσία@ngfsc καί@cs πρός@p ἡδονή@nafsc ἀπόλλυμι@vnpa-- ἕτερος@ananp- καί@cs φθείρω@vnpa-- ὁ@dgfs παντελής@angfs- εἰμί@viia3s ἀγριότης@ngfsc καί@cs ἀδικία@ngfsc καί@b ὁ@dnfs οὗτος@rpgmp ἀποχή@nnfsc οὐ@b τε@b πρός@p ὁ@dans ζάω@vnpa-- οὐ@b τε@cs πρός@p ὁ@dans εὖ@b ζάω@vnpa-- ἐγώ@rpamp ἐλαύνω@viia3s εἰ@cs μέν@b γάρ@b ὡς@cs ἀήρ@nnmsc καί@cs ὕδωρ@ngnsc φυτόν@ngnpc τε@cs καί@cs καρπός1@ngmpc ὅς@rpgnp ἄνευ@p ζάω@vnpa-- ἀδύνατος@annns- εἰμί@vipa3s οὕτως@b φόνος@ngmsc ζῷον@ngnpc καί@cs βρῶσις@ngfsc σάρξ@ngfpc τυγχάνω@viia1p δέω2@vppenmp πρός@p ὁ@dams βίος@namsc ἀναγκαῖος@anafs- ὁ@dnfs φύσις@nnfsc συμπλοκή@nafsc ἔχω@viia3s ἄν@b πρός@p οὗτος@rpafs ὁ@dafs ἀδικία@nafsc εἰ@cs δέ@b πολύς@annmp- μέν@b ἵημι@nnmpc ρέω@nnmpc θεός@ngmpc πολύς@annmp- δέ@b βασιλεύς@nnmpc βάρβαρος@ngmpc ἁγνεύω@viia3p τε@nnmpc ἄπειρος1@annnp- δέ@b γένος@nnnpc ζῷον@ngnpc ὁ@dans παράπαν@b οὐ@b θιγγάνω@nnfsc νω@vppaams ὁ@dgfs τοιοῦτος@angfs- τροφή@ngfsc ζάω@vipa3p καί@cs τυγχάνω@vipa3p ὁ@dgns κατά@p φύσις@nafsc τέλος@ngnsc πῶς@b οὐ@b εἰμί@vipa3s ἄτοπος@annms- ὁ@dnms κελεύω@vppanms εἰ@cs τις@rpdmp ἀναγκάζω@vope1p πολεμέω@vnpa-- μη@b δέ@b ὅς@rpdmp ἔξεστι@vipa3s εἰρηνικός@b ὁμιλέω@vnpa-- ἀλλά@cs ἤ1@b πρός@p μηδείς@rpans ὁ@ddfs δικαιοσύνη@ndfsc χράομαι@vppeamp ζάω@vnpa-- ἤ1@cs πρός@p πᾶς@ananp- χρώς@vppeamp -@vppeamp μένω@vppeamp μή@b ζάω@vnpa-- ὥσπερ@cs οὖν@b ἐπί@p ἄνθρωπος@ngmpc ὁ@dnms μέν@b αὐτός@rpgms σωεηρία@ngfsc ἕνεκα@p καί@cs παῖς@ngmpc καί@cs πατρίς@ngfsc ἤ1@b χρῆμα@nanpc τις@rpgnp παραιρέω@vppenms ἤ1@b χώρα@nafsc ἐπιτρίβω@vppanms καί@cs πόλις@nafsc ἔχω@vipa3s πρόσχημα@nansc ὁ@dgfs ἀδικία@ngfsc ὁ@dafs ἀνάγκη@nafsc ὅστις@rpnms δέ@cs οὗτος@rpanp δράω@vipa3s διά@p πλοῦτος1@namsc ἤ1@cs κόρος@namsc ἤ1@b ἡδονή@nafpc τρυφάω@vpaanms καί@cs ἀποπληρόω@nafpc οὐ@b ἀναγκαῖος@angfp- πορίζω@b στάζω@vppenms ἐπιθυμία@ngfpc ἄμικτος@annms- εἰμί@vnpa-- δοκέω@vipa3s καί@cs ἀκρα@nnfsc ὁ@dgfs καί@cs πονηρός@annfs- οὕτως@b ὁ@dafp μέν@b εἰς@p φυτόν@nanpc βλάβη@nafpc καί@b πῦρ@ngnsc καί@cs νᾶμα@ngnpc ἀνάλωσις@nafpc κουρά@nafpc τε@b πρό@p -@anafp- βάτος@ngmpc καί@cs γάλα@nansc βοῦς@ngfpc τε@b ἐξημέρωσις@nafsc καί@cs κατάζευξις@nafsc ἐπί@p σωτηρία@ndfsc καί@cs διαμονή@ndfsc ὁ@ddmp χράω2@vppedmp ὁ@dnms θεός@nnmsc δίδωμι@vipa3s συγγνώμη@nafsc ζῷον@nanpc δέ@b ὑπάγω@vnpa-- σφαγή@ndfpc καί@cs μαγειρεύω@vnpa-- ἀναπίμπλημι@vppeamp φόνος@ngmsc μή@b τροφή@ngfsc ἤ1@cs πλήρωσις@ngfsc χάρις@p ἀλλά@cs ἡδονή@ngfsc καί@cs λαιμαργία@ngfsc ποι@vppeamp -@vopa3s όομαι@vppeamp τέλος@nansc ὑπερφυής@anans- ὡς@b ἄνομος@anans- καί@cs δεινός@anans- ἀρκέω@vipa3s γάρ@b ὅτι@cs μηδείς@rpans πονέω@vnpa-- δέω2@vppedmp χράομαι@vipe1p προκάμνουσι@vppadmp καί@cs μοχθέω@vppadmp ἵππος@ngmpc ὄνος@ngmpc τε@b ὀχέω@ananp- καί@cs ταῦρος@ngmpc γονή@nafpc ὡς@cs αἰσχύλος@nnmsp φημί@vipa3s ἀντίδουλος@ananp- καί@cs πόνος@ngmpc ἐκδέκτης@namsc χειρόω@vpamnmp καί@cs καταζεύγνυμι@vpaanmp"
"abstin._3.19","ὁ@dnms δέ@b ἀξιόω@vppanms ἐγώ@rpacp ὄψον@ndnsc μή@b χράω@vnpe-- βοῦς@ndfsc μη@b δέ@cs πνεῦμα@nansc καί@cs ζωή@nafsc διολ@vppanms λύω@vppaamp καί@cs διαφθείρω@vppaamp ἡδύσματα@nanpc πλησμονή@ngfsc καί@cs καλλωπίσμα@nanpc προστίθημι@vnpe-- τράπεζα@ngfsc τις@rpgns ἀναγιγνώσκω@ngmsc καίω@angms- πρός@p σωτηρία@nafsc ἤ1@cs καλός@angms- πρός@p ἀρετή@nafsc ἀφίημι@vipe2s ρέομαι@vipe3s ὁ@dams βίος@namsc οὐ@b μήν@b ἀλλά@b καί@b ὁ@ddnp ζῷον@ndnpc ὁ@danp φυτόν@nanpc παραβάλλω@vnpa-- κομιδῇ@b βίαιος@annns- ὁ@dnnp μέν@b γάρ@b αἰσθάνομαι@vnpm-- -@vnpe-- αι@vnpe-- φύω@vira3s καί@b ἀλγέω@vnpa-- καί@b φοβέω@vnpe-- καί@cs βλάπτω@vnpa-- -@vnpe-- αι@vnpe-- διά@p ὅς@rpans καί@b ἀδικέω@vnpe-- ὁ@rpdmp δέ@b οὐδείς@rpnns εἰμί@vipa3s αἰσθητός@annns- οὕτως@b δέ@cs οὐ@b δέ@cs ἀλλότριος@annns- οὐ@b δέ@cs κακός@annns- οὐ@b δέ@cs βλάβη@nnfsc τις@annfs- οὐ@b δέ@cs ἀδικία@nnfsc καί@b γάρ@b οἰκειότης@ngfsc πᾶς@angfs- καί@cs ἀλλοτριόωσις@ngfsc ἀρχή@nnfsc ὁ@dnns αἰσθάνομαι@vnpe-- ὁ@dafs δέ@x ὁ@anafs- κείω@nafsc ἀρχή@nafsc τίθημι@vipe3p δικαιοσύνη@ngfsc ὁ@dnmp ἀπό@p ζεύς@ngmsp νος@ngmsc πῶς@b δέ@b οὐ@b ἄλογος@annns- πολύς@anamp- ὁ@dgmp ἄνθρωπος@ngmpc ἐπί@p αἴσθησις@ndfsc μόνος@anans- ζάω@vppaamp ὁράω@vppaamp νόος@namsc δέ@b καί@cs λόγος@namsc οὐ@b ἔχω@vppaamp πολύς@anamp- δέ@cs πάλιν@b ὠμότης@ndfsc καί@b θυμός@ndmsc καί@cs πλεονεξία@ndfsc ὁ@danp φοβερός@ananps ὁ@dgnp θηρίον@ngnpc ὑπερβάλλω@vpraamp παιδοφόνος@nampc καί@b πατροκτονής@nampc τύραννος@nampc καί@cs βασιλεύς@ngmpc ὑπουργός@nampc πρός@p μέν@b ὁ@rpans τις@rpamp οἴομαι@vnpe-- δίκαιος@anans- τις@rpans εἰμί@vnpa-- ἐγώ@rpdmp πρός@p δέ@b ὁ@dams ἀρόω@n---c κρατήρ@namsc βοῦς@namsc καί@cs ὁ@dams σύντροφος@anams- κύων@namsc καί@cs ὁ@danp γάλα@ndnsc μέν@b τρέφω@vppaams κουρά@vipa3s δέ@cs κοσμέω@vppaams θρέμμα@nanpc μη@b δέ@b εἰμί@vnpa-- πῶς@b οὐ@b παράλογος@annnss εἰμί@vipa3s"
"abstin._3.20","ἀλλά@b ἐκεῖνος@rpnns νή@p ζεύς@namsp ὁ@dgms χρυσίππος@ngmsp πιθανός@annns- εἰμί@viia3s ὡς@cs ἐγώ@rpamp αὐτός@rpgnp καί@cs ἀλλήλων@rpgnp ὁ@dnmp θεός@nnmpc χάρις@nafsc ποιέω@viam3p ἐγώ@rpgmp δέ@cs ὁ@dnnp ζῷον@nanpc συμπολεμέω@vnpa-- μέν@b ἵππος@nampc καί@cs συνθηρεύω@vnpa-- κύ@nampc να@nafpc ἀνδρεία@nafpc δέ@cs γυμνάσιον@nanpc πάρδαλις@vipa2s καί@b ἄρκτος@nafpc καί@cs λέων@nampc ὁ@dnfs δέ@b ὗς@nnfsc ἐνταῦθα@b γάρ@b εἰμί@vipa3s ὁ@dgnp χα@an---- ρίτων@ngmpc ὁ@dnns ἡδύς@annnss οὐ@b διά@p ἄλλος@rpans τις@rpans πλήν@p θύω1@vnpe-- ἐγώ@cs γόνος@viia3s καί@cs ὁ@ddfs σάρξ@ndfsc ὁ@dafs ψυχή@nafsc ὁ@dnms θεός@nnmsc οἷος@rpans ἀλάομαι@rpafp ἐνμίγνυμι@viaa3s εὐοψία@nafsc ἐγώ@rpdcp μηχανάομαι@vppenms ὅπως@cs δέ@b ζω@vspa1s μοῦ@ngmsc καί@cs παραδειπνίον@ngnpc ἀφθονία@nafsc ἔχω@vspa1p ὄστρεον@nanpc τε@b παντοδαπός@ananp- καί@b πορφύρα@nafpc καί@b ἀκαλήφη@nafpc καί@cs γένος@nanpc πτηνός@ngnpc ποικίλος@ananp- παρασκευάζω@viaa3s οὐ@b ἀλλαχόθεν@b ἀλλά@cs ὡς@b αὐτός@rpgms μέγας@anans- μέρος@nansc ἐνταῦθα@b τρέπω@vpaanms εἰς@p γλυκύθυος@nafpc -@anafp- εἷς@nafpc ὁ@dafp τιτθή@nafpc ὑπερβάλλω@vpamnms καί@cs καταπυκνόω@vpaanms ὁ@ddfp ἡδονή@ndfpc καί@cs ἀπόλαυσις@ndfpc ὁ@dams περίγειος@anams- τόπος@namsc ὅστις@rpdms δή@b οὗτος@rpnnp δοκέω@vipa3s τις@rpans ὁ@dgns πιθανός@angns- καί@cs θεός@ndmsc πρέπω@vppaans -@angms- τος@nnmsc μετέχω@vnpa-- σκοπέω@vmpa3s τίς@anans- πρός@p ἐκεῖνος@rpams ἐρῶ@vifa3s ὁ@dams λόγος@namsc ὅς@rpams καρνεάδης@nnmsp λέγω3@viia3s ἕκαστος@annns- ὁ@dgnp φύσις@ndfsc γίγνομαι@vpragnp ὅταν@cs ὁ@dgns πρός@p ὅς@rpans φύω@vira3s καί@cs γίγνομαι@vira3s τε@nn-sc χάσκω@ndfsc τέλος@ngnsc ὠφελέω@vipe3s κοινός@anans- δέ@b ὁ@dans ὁ@dgfs ὀφείλω@n---c λεία@ngfsc ὅς@rpafs εὐχρηστία@nafsc οὗτος@rpnmp λέγω3@vipa3p ἀκούω@annns- ὁ@dnfs δέ@b ὗς@nnfsc φύσις@ndfsc γίγνομαι@vira3s πρός@p ὁ@dans σφάζω@vnap-- καί@cs κατά@p ἐσθίω@vnap-- καί@b οὗτος@rpans πάσχω@vppanfs τυγχάνω@vipa3s ὁ@dgns πρός@p ὅς@rpans φύω@vira3s καί@cs ὠφελέω@vipe3s καί@b μήν@b εἰ@cs πρός@p ἄνθρωπος@ngmpc πούς@angnp- χρῆσις@nafsc ὁ@dnms θεός@nnmsc μηχανάομαι@vire3s ὁ@danp ζῷον@nanpc τίς@rpans χράω2@vifm1p μένω@b μυῖα@ndfpc ἐμπίσι@ndfpc νυκτερίς@ndfpc κάνθαρος@ndnpc σκορ@ πίνω@ndmpc ἔχιδνα@ndfpc ὅς@rpgnp ὁ@danp μέν@b ὁράω@vnpa-- εἰδεχθής@ananp- καί@cs θιγγάνω@ananp- γάνυμαι@vnpa-- μιαρός@ananp- καί@cs κατά@p ὀσμή@nafpc δυσανάσχετος@ananp- καί@cs φθέγμα@nanpc γενομαι@vipe3s δεινός@annns- καί@cs ἀτερπής@annns- ὁ@dnnp δέ@x ἄντικρυς@b ὀλέθριος@nnnpc ὁ@ddmp ἐντυγχάνω@vppadmp φαλαίνη@nafpc τε@x καί@cs πρίστεις@nafpc καί@cs ὁ@danp ἄλλος@ananp- κῆτος@nanpc ὅς@rpanp μυρίος@ananp- βόσκω@vnpa-- ὅμηρος@nnmsp φημί@vipa3s ἀγάστον@anams- νον@nvmsc ἀμφιτρίτη@namsp τίς@rpans οὐ@b διδάσκω@viaa3s ἐγώ@rpacp ὁ@dnms δημιουργός@nnmsc γόος@nnmsc ὅπη@b χρήσιμος@annnp- ὁ@ddfs φύσις@ndfsc γίγνομαι@vira3s εἰ@cs δέ@b οὐ@b πᾶς@ananp- φημί@vipa3p ἐγώ@rpdmp καί@b διά@p ἐγώ@rpamp γίγνομαι@vnra-- πρός@p ὁ@ddns σύ@n---c χυσις@nafsc ἔχω@vnpa-- πολύς@anafs- καί@cs ἀσάφεια@nafsc ὁ@dams διορισμός@namsc οὐ@b δέ@cs ἀποφεύγω@vipa1p ὁ@dans ἀδικέω@vnpa-- ἐπιτίθημι@vppenmp καί@b χρώς@namdc μένω@b βλαβερός@b ὁ@ddmp οὐ@b διά@p ἐγώ@rpamp ἀλλά@cs ὥσπερ@cs ἐγώ@rpnmp κατά@p φύσις@nafsc γίγνομαι@vpredmp ἐάω@vspa1s λέγω3@vnpa-- ὅτι@cs ὁ@ddfs χρεία@ndfsc ὁ@dans πρός@p ἐγώ@rpamp ὁρίζω@vppanmp οὐ@b ἄν@b φθάνω@vopa1p ἑαυτοῦ@rpamp ἕνεκα@p ὁ@dgnp ἄθλιος@angnps ζῷον@ngnpc οἷος@rpnnp κροκόδειλος@annmp- καί@cs φάλαινα@nnfpc καί@cs δράκων@nnmpc γίγνομαι@vnra-- συγχωρέω@vppanmp ἐγώ@rpdmp μέν@b γάρ@b οὐδείς@anans- ἀπό@p ἐκεῖνος@rpgnp ὑπάρχω@vipa3s ὁ@dnns παρά@p παν@anans- ὠφελέω@vnpe-- ὁ@danp δέ@b ἁρπάζω@vppaams καί@cs διαφθείρω@vppaams ὁ@damp παραπίπτω@vppaamp ἄνθρωπος@nampc βορά@ndfsc χράομαι@vipe3s μη@b δέ@b ἐγώ@rpgmp κατά@p οὗτος@rpans δράω@vppaams χαλεπός@anansc πλήν@b ὅτι@cs ὁ@dnnp μέν@b ἔνδεια@nnnpc καί@cs λιμός@nnmsc ἐπί@p οὗτος@anafs- ἄγω@vipa3s ὁ@dafs ἀδι@nafsc -@nafsc κίω@nafsc ἐγώ@rpnmp δέ@cs ὕβρις@ndfsc καί@cs τρυφή@ngfsc ἕνεκα@p παίζω@vppanmp πολλάκις@b ἐν@p θέατρον@ndnpc καί@cs κυνηγεσίον@ndnpc ὁ@danp πλεῖστος@ananps ὁ@dgnp ζῷον@ngnpc φονεύω@vipa1p ἐκ@p ὅς@rpgnp δή@b καί@cs ὁ@dnns μέν@b φονιος@nnnsc καί@annns- καί@cs θηριώδης@annns- ἐγώ@rpgcp ἐπιρρώννυμι@viap3s καί@cs ὁ@dnns πρός@p οἶκτος@namsc ἀπαθής@annns- ὁ@dgms δέ@cs ἥμερος@ngmsc ὁ@dans πλεῖστος@anans- ἀπήμυος@viia3s βριθύνω@viaa3p ὁ@dnmp πρῶτος@annmp- οὗτος@rpans τολμάω@vpaanmp ὁ@dnmp δέ@b πυ@nnmpp -@ndmsc θαγόρειος@annmp- ὁ@dafs πρός@p ὁ@danp θηρίον@nanpc πραότης@nafsc μελέτη@nafsc ποιέω@viam3p ὁ@dgns φιλάνθρωπος@angms- καί@cs φιλοικτίρμων@angms- ὥστε@b πῶς@b οὐ@b οὗτος@rpnmp πρός@p δικαιοσύνη@nafsc μᾶλλον@b ἄγω@viia3s -@nafsc ραν@nafsc ἤ1@cs ὁ@dnmp φθείρω@vnpe-- λέγω3@vppanmp ἐκ@p οὗτος@rpgnp ὁ@dafs σύν@anafs- ήθω@nanpc δικαιοσύνη@nafsc ὁ@dnfs γάρ@b συνήθεια@nnfsc δεινός@annfs- ὁ@ddnp κατά@p μικρός@anans- ἐνοικειόω@vppednp πάθος@ndnpc πρόσω@b προάγω@vnaa-- ὁ@dams ἄνθρωπος@namsc"
"abstin._3.21","ναί@b φημί@vipa3p ἀλλά@cs ὡς@cs ὁ@ddns θνητός@andns- ὁ@dnns ἀθάνατος@annns- ἀντίκειμαι@vipe3s καί@cs ὁ@ddns φθαρτός@andns- ὁ@dnns ἄφθαρτος@annns- καί@cs σῶμα@ndnsc γε@b ὁ@dnns ἀσώματος@annns- οὕτως@b ὑπάρχω@vppanns γε@b ὁ@ddns λογικός@andns- χρή@vnpa-- ὁ@dans ἄλογος@anans- ἀντικάθημαι@vnpe-- καί@cs ἀνθύπατος@vnpa-- ἔχω@vnpa-- καί@cs μή@b μόνος@anafs- ἐν@p τοσόσδε@andnp- συζυγία@ndnpc ἀτελής@anafs- ὅδε@rpafs λείπω@vnpe-- καί@cs πηρόω@vpreafs ὥσπερ@b ἐγώ@rpgmp μή@b οὗτος@rpans συγχωρέω@vppagmp ἤ1@cs πολύς@anans- ὁ@dans ἄλογος@nansc ἐπιδείκνυμι@vnpa-- ὁ@dgmp ἐν@p ὁ@ddmp εἰμί@vppadmp πολύς@anans- γάρ@b δήπου@b καί@b ἄφθονος@anans- ἐν@p πᾶς@andnp- ὁ@ddnp ψυχή@ngfsc ἀμοιρέω@vipa3p καί@cs οὐδείς@rpans ἕτερος@angfs- δέομαι@vipe1p πρός@p ὁ@dans λογικός@anans- ἀντίθεσις@ngfsc ἀλλά@cs πᾶς@annns- εὐ@ θύω@vpaanms ὁ@dans ἄψυχος@anans- ἄλογος@anans- εἰμί@vppaans καί@cs ἀνόητος@anans- ἀντίκειμαι@vipe3s ὁ@ddms μετά@p ψυχή@ngfsc λόγος@namsc ἔχω@vppadms καί@cs διάνοια@nafsc εἰ@cs δέ@b τις@rpncs ἀξιόω@vipa3s μή@b κολοβός@anafs- εἰμί@vnpa-- ὁ@dafs φύσις@nafsc ἀλλά@cs ὁ@dafs ἐγώ@anafs- ψυχον@anafs- φύσις@nafsc ἔχω@vnpa-- ὁ@dans μέν@b λογικός@anans- ὁ@dans δέ@cs ἄλογος@anans- ἕτερος@annms- ἀξιόω@vifa3s ὁ@dafs ἔμψυχος@anafs- φύσις@nafsc ἔχω@vnpa-- ὁ@dans μέν@b φαίνω@anans- τατικός@anans- ὁ@dans δέ@b ἀφαντασίωτος@anans- καί@cs ὁ@dans μέν@b αἰσθη@nansc -@vpraans τικός@anans- ὁ@dans δέ@b ἀναίσθητος@anans- ἵνα@cs δή@b ὁ@dafp ἀντίζυγος@nafpc οὗτος@anafp- καί@cs ἀντίθετος@anafp- ἔχω@vifa2s καί@cs στερέω@nafpc περί@p αὐτός@rpanp ὁ@rpams ὁ@dnfs φύσις@nnfsc ἔχω@vspa3s γένος@nansc οἷος@rpans ἰσόρροπος@anamp- ἀλλά@b ἄτοπος@annns- οὗτος@rpnns γε@b εἰ@cs δέ@b ἄτοπος@annms- ὁ@dnms ζητέω@vppanms ὁ@dgns ἐμψύ@angns- -@ngmsc χόος@ngnsc ὁ@dans μέν@b αἰσθάνομαι@vppeans ὁ@dans δέ@b ἀναίσθητος@anans- εἰμί@vnpa-- καί@cs ὁ@dans μέν@b φαντασιόω@vppeans ὁ@dans δέ@b ἀφαντασίωτος@anans- ὅτι@cs πᾶς@annns- ἔμψυχος@anans- αἰσθητικός@anans- εὐθύς2@b εἰμί@vnpa-- καί@cs φαίνω@anans- ταστικὸς@anans- φύω@vira3s οὐ@b δέ@cs οὕτως@b ἐπιεικής@b ἀπαιτέω@vifa3s ὁ@dans μέν@b λογικός@anans- εἰμί@vnpa-- ὁ@dgns ἔμψυχος@angms- ὁ@dans δέ@cs ἄλογος@anans- πρός@p ἄνθρωπος@nampc διαλέγω@vppenms μηδείς@rpans οἴομαι@vppeamp εἰ@ngfsc σθήσεως@ngfsc μετέχω@vnpa-- ὅς@rpans μή@b καί@b σύνεσις@ngfsc μη@b δέ@cs εἰμί@vnpa-- ζῷον@nansc ὅς@rpdns μή@b δόξα@nnfsc τις@rpncs καί@cs λογισμός@nnmsc ὥσπερ@cs αἴσθησις@nnfsc καί@cs ὁρμή@nnfsc κατά@p φύσις@nafsc πάρειμι@vipa3s ὁ@dnfs γάρ@b φύσις@nnfsc ὅς@rpafs ἕνεκα@p τις@rpgcs καί@b πρός@p τις@rpans πᾶς@ananp- ποιέω@vnpa-- ὀρθός@b λέγω@vppanfs σιν@vppadmp οὐ@b ἐπί@p ψιλός@andns- ὁ@ddns πάσχω@vnpa-- καί@cs αἰσθάνομαι@vnpe-- ὁ@dans ζῷον@nansc αἰσθητικός@anans- ποιέω@viaa3s ἀλλά@cs εἰμί@vppagnp μέν@b οἰκεῖος@angnp- πρός@p αὐτός@rpans πολύς@angnp- εἰμί@vppagnp δέ@b ἀλλότριος@angmp- οὐ@b δέ@cs ἀκα@an---- ρεής@annns- εἰμί@viia3s περίειμι1@vnpa-- μή@b μανθάνω@vpaadms ὁ@danp μέν@b φυλάσσω@vnpe-- ὁ@ddmp δέ@b συμφέρω@vnpe-- ὁ@dafs μέν@b εἰμί@viia3s γνῶσις@nafsc ἄμφω@angnd- ὅμοιος@b ὁ@dnfs αἴσθησις@nnfsc ἕκαστος@andms- παρέχω@vipa3s ὁ@dafp δέ@cs ἕπομαι@vppeafp ὁ@ddfs αἴσθησις@ndfsc ὁ@dgnp μέν@b ὠφέλιμος@angnp- λῆψις@nnfpc καί@cs δίωξις@nnfpc διάκρουσις@nafpc δέ@cs καί@cs φυγάς@nafpc ὁ@dgnp ὀλέθριος@angnp- καί@cs λυπη@ngmpc ρή@ngmpc οὐδείς@annfs- μηχανή@nnfsc πάρειμι@vnpa-- ὁ@ddmp μή@b λογίζομαι@vnpe-- τις@rpans καί@cs κρίνω@vnpa-- καί@b μνημονεύω@vnpa-- καί@cs προσέχω@vnpa-- πε@vpradmp φύω@vpradmp ὅς@rpgnp γάρ@b ἄν@b ἀφαιρέω@vsaa2s παντάπασι@b προσδοκία@nafsc μνήμη@nnfsc πρόθεσις@nafsc παρασκευή@nafsc ὁ@dans ἐλπίζω@vnpa-- ὁ@dans δείδω@vnra-- ὁ@dans ἐπιθυμέω@vnpa-- ὁ@dans ἀσχάλλω@vnpa-- οὐ@b τε@cs ὄμ@ngnpc -@angnp- μάτων@ngnpc ὄφελος@nansc πάρειμι1@vppagnp οὐ@b τε@cs οὖς@ngnpc αἴσθησις@ngfsc τε@cs πᾶς@angfs- καί@cs φαντασία@ngfsc ὁ@dans χράομαι@vppeans οὐ@b ἔχω@vppagfs ἀπαλλάσσω@vnre-- βελτίων@annnsc ἤ1@cs πονέω@vnpa-- καί@cs λυπέω@vnpe-- καί@cs ἀλ@an---- γείνομαι@vnpa-- ὅς@rpdfs διακρούω@vifm3s οὗτος@rpnnp μή@b πάρειμι1@vppagns καίτοι@b στράτων@ngmsp γε@b ὁ@dgms φυσικός@angms- λόγος@nnmsc εἰμί@vipa3s ἀποδείκνυμι@vppanms ὡς@cs οὐ@b δέ@b αἰσθάνομαι@vnpe-- ὁ@dans παράπαν@b ἄνευ@p ὁ@dgns νοέω@vnpa-- ὑπάρχω@vipa3s καί@cs γάρ@b γράμμα@nnnpc πολλάκις@b ἐπιπορεύομαι@viie3p μένω@vppeamp ὁ@ddfs ὄψις@ndfsc καί@cs λόγος@nnmpc προσπίτνω@vppanmp ὁ@ddfs ἀκοή@ndfsc διαλανθάνω@vipa3p ἐγώ@rpamp καί@cs διαφεύγω@vipa3p πρός@p ἕτερος@andnp- ὁ@dams νόος@namsc ἔχω@vppaamp εἶτα@b αὖθις@b ἐπανέρχομαι@viaa3s καί@cs μετα@p θέω@vipa3s καί@cs διώκω@viia3s ὁ@dgnp προερέω@vpregnp ἕκαστος@anams- ἀναλέλυμαι@vmaa2s γίγνομαι@vppenms ὅς@rpnnp καί@b λέγω@vire3s νόος@nnmsc ὁράω@vipa3s νόος@nnmsc ἀκούω@vipa3s ὁ@dnnp δέ@cs ἄλλος@rpnnp κωφός@annnp- καί@cs τυφλός@annnp- ὡς@cs ὁ@dgns περί@p ὁ@danp ὄμμα@nanpc καί@cs ὁ@danp οὖς@nanpc πάθος@ngnsc ἄν@cs μή@b πάρειμι@vspa3s ὁ@dnns φρονέω@vppanns αἴσθησις@nafsc οὐ@b ποιέω@vppagms διά@p ὅς@rpans καί@b κλεομένης@nnmsp ὁ@dnms βασιλεύς@nnmsc παρά@p πότος@namsc εὐδοκιμέω@vnpa-- τος@angns- ἀκρόαμα@ngnsc ἐρωτάω@vpapnms εἰ@cs ὁ@rpdms φαίνω@vipe3s σπουδαῖος@annns- κελεύω@viia3s ἐκεῖνος@rpamp σκοπέω@vnpa-- αὐτός@rpnms γάρ@b ἐν@p πελοπον@nafsp νῆσος@ndfsc ὁ@dams νόος@namsc ἔχω@vnpa-- ὅθεν@b ἀνάγκη@nnfsc πᾶς@andnp- ὅς@rpdnp ὁ@dnns αἰσθάνομαι@vnpe-- καί@cs ὁ@dans νοέω@vnpa-- ὑπάρχω@vnpa--"
"abstin._3.22","ἀλλά@b εἰμί@vmpa3s μή@b δέω2@vnpe-- ὁ@dgms νόος@ngmsc ὁ@dafs αἴσθησις@nafsc πρός@p ὁ@dans αὐτός@rpgfs ἔργον@nansc ἀλλά@b ὅταν@cs γε@b ὁ@ddns ζῷον@ndnsc πρός@p ὁ@dans οἰκεῖος@anans- καί@cs ὁ@dans ἀλλότριος@anans- ὁ@dnfs αἴσθησις@nnfsc ἐνεργάζομαι@vpamnfs διαφορά@nafsc ἀπέρχομαι@vsaa3s τίς@rpnns ὁ@dnns μνημονεύω@vppanns εἰμί@vipa3s ἤδη@b καί@cs δείδω@vpranns ὁ@danp λυπέω@vppaanp καί@b ποθέω@vppanns ὁ@danp ὠφέλιμος@nanpc καί@cs μή@b πάρειμι1@vppagmp ὅπως@cs πάρειμι@vifm3s μηχανάομαι@vppenns ἐν@p αὐτός@rpdnp καί@cs παρά@p σκευάζω@vppeams ὁρμητήριον@nanpc καί@b καταφυγή@nafpc καί@cs θήρα@nanpc τρα@nanpc καί@cs πάλιν@b οὖ@b ὁ@ddmp ἀλέω@vpaadmp ἀποδράω@nafpc ὁ@dgmp ἐπί@p τίθημι@vppegfp καίτοι@b καί@b ἐκεῖνος@rpnmp λέγω3@vppanmp ἀποκναίω@vipa3p ἐν@p ὁ@ddfp εἰσαγωγή@ndfpc ἑκάστοτε@b ὁ@dafs πρόθεσις@nafsc ὁρίζω@viie3p μένω@nafsc σημείωσις@vspa3p ἐπιτέλεια@ngfsc ὁ@dafs δέ@b ἐπιβολή@nafsc ὁρμή@nafsc πρό@p ὁρμή@ngfsc παρασκευή@nafsc δέ@b πρᾶξις@nafsc πρό@p πρᾶος@b ξεως@b μνήμη@nafsc δέ@cs κατάληψις@nafsc ἀξίωμα@ngnsc θότος@vpragns οὐ@b ὁ@dnns πάρειμι1@vppanns ἐκ@p αἴσθησις@ngfsc καταλαμβάνω@viap3s ὁ@rpgms ὁ@rpgnp γάρ@b οὐδείς@rpnns ὅς@rpnns τις@rpnns μή@b λογικός@annns- εἰμί@vipa3s καί@cs πᾶς@annnp- ὁ@ddnp ζῷον@ndnpc ὑπάρχω@vipa3s πᾶς@andnp- ὥσπερ@cs ἀμέλει@b καί@b ὁ@dnnp περί@p ὁ@dafp νοέω@nafpc ὅς@rpafp ἐναποκέω@vppeafp μέν@b ἔννοια@anafp- καλέω@vipa3p κινέω@vppeafp δέ@b διανοέω@nafpc ὁ@danp δέ@b πάθος@nanpc σύμπας@ananp- κοινός@b κρίσις@nafpc φαῦλος@anafp- καί@cs δοκέω@nafpc ὁμολογέω@vppanmp εἰμί@vnpa-- θαυμαστός@annns- ὅτι@cs δή@b παροράω@vipa3p ἐν@p ὁ@ddnp θηρίον@ndnpc ἔργον@nanpc καί@cs κίνημα@nanpc πολύς@ananp- μέν@b θυμός@ngmpc πολύς@ananp- δέ@cs φόβος@ngmpc καί@cs νή@p ζεύς@namsp φθόνος@ngmpc καί@cs ζηλοτυπία@ngfpc αὐτός@rpnmp δέ@b κύ@nampc να@nafpc ἁμαρτάνω@vpaaamp καί@cs ἵππος@nampc κολάζω@vipa3p οὐ@b διά@p ἄν@x νή@ngfsc ἀλλά@cs ἐπί@p σωφρονισμός@ndmsc λύπη@nafsc διά@p ἀλγηδών@angfs- ἐμποιέω@vppanmp αὐτός@rpdmp ὅς@rpafs μετάνοια@nafsc ὀνομάζω@vipa1p ἡδύς@nnfsc νή@ngfsc δέ@b ὁ@dgfs μέν@b διά@p οὖς@ngnpc ὄνομα@nnnsc κήλησις@nnfsc εἰμί@vipa3s ὁ@dgfs δέ@cs διά@p ὄμμα@ngnpc γοητεία@nnfsc χράω@vipe3p δέ@b ἑκάτερος@andfp- ἐπί@p ὁ@danp θηρίον@nanpc κηλέω@vipe3p μέν@b ἔλαφος@nnmpc καί@cs ἵππος@nnmpc σῦριγξ@ndfpc καί@cs αὐλός@ndmpc καί@b ὁ@damp πάγουρος@nampc ἐκ@p ὁ@dgmp χηραμός@ngmpc ἀνακαλέω@vipe3p μελίζομαι@vppenmp ὁ@ddfp σῦριγξ@ndfpc καί@cs ὁ@dafs θρίς@nafsc -@rpafs σαν@nafsc ἀείδω@vppagmp ἀναδύνω@vnpe-- καί@cs πρόειμι2@vnpa-- λέγω3@vipa3p ὁ@dnmp δέ@b περί@p οὗτος@rpgnp ἀβέλτερος@b λέγω3@vppanmp μή@b τε@cs ἥδομαι@vnpe-- μή@b τε@cs θυμόω@vnpe-- μή@b τε@cs φοβέω@vnpe-- μή@b τε@cs παρασκευή@nanpc στηρίζω@vnpe-- μή@b τε@cs μνημονεύω@vnpa-- ἀλλά@cs ὡσανεί@b μνημονεύω@vnpa-- ὁ@dafs μέλισσα@nafsc καί@cs ὡσανεί@b παρασκευάζω@vnpe-- ὁ@dafs ἀη@anafs- δόναξ@ananp- καί@cs ὡσανεί@b θυμόω@vnpe-- ὁ@dams λέων@namsc καί@cs ὡσαν@b εἰ@cs φοβέω@vnpe-- ὁ@dams ἔλαφος@namsc οὐ@b οἶδα@vira1s τίς@rpans χράω2@vifm3p ὁ@ddmp λέγω3@vppadmp μη@b δέ@cs βλέπω@vnpa-- μη@x δέ@x ἀκούω@vnpa-- ἀλλά@cs ὡσαν@cs εἰ@cs βλέπω@vnpa-- αὐτός@ananp- καί@cs ὡσανεί@b ἀκούω@vnpa-- μη@b δέ@x φω@ νέω@vnpa-- ἀλλά@cs ὡσανεί@b φωνέω@vnpa-- μη@x δέ@cs ὅλος@b ζάω@vnpa-- ἀλλά@cs ὡσαν@cs εἰ@cs ζάω@vnpa-- οὗτος@rpnnp γάρ@b ἐκεῖνος@rpgnp οὐ@b μᾶλλον@b εἰμί@vipa3s λέγω@vprennp μένω@vprennp παρά@p ὁ@dafs ἐνάργεια@nafsc ὅμοιος@b ὡς@cs ὁ@dnms εὐγνώμων@annms- ἄν@b πείθω@voap3s ὅταν@cs δέ@b ὁ@ddnp ἀνθρώπινος@andnp- ἦθος@ndnpc καί@cs βίος@ndmpc καί@cs πρᾶξις@ndfpc καί@cs δίαιτα@ndfpc ὁ@danp ὁ@dgnp ζῷον@ngnpc παρά@p τίθημι@vppanms πολύς@anafs- ἐνοράω@vspa1s φαυλότης@nafsc καί@cs ὁ@dgfs ἀρετή@ngfsc πρός@p ὅς@rpafs ὁ@dnms λόγος@nnmsc γίγνομαι@vira3s μηδείς@rpams ὁ@dgnp ζῷον@ngnpc ἐμφανής@anams- στοχασμός@namsc μη@b δέ@cs προκοπή@nafsc μη@b δέ@cs ὄρεξις@nafsc ἀπορέω@vopa1s ἄν@b πῶς@b ὁ@dnfs φύσις@nnfsc δίδωμι@vira3s ὁ@dafs ἀρχή@nafsc ὁ@ddmp ἐπί@p ὁ@dans τε@nansc λος@nansc ἐξικνέομαι@vnam-- μή@b δύναμαι@vppedmp ὁ@dnfs οὗτος@rpnns μέν@b οὐ@b δέ@b ἐκεῖνος@rpdmp ἄτοπος@annns- εἰμί@vnpa-- δοκέω@vipa3s ὁ@dafs γοῦν@b πρός@p ὁ@danp ἐκ@p γονα@nanpc φιλοστοργία@nafsc ἀρχή@nafsc μέν@b ἐγώ@rpdmp κοινωνία@ngfsc καί@cs δικαιοσύνη@ngfsc τίθημι@vppenmp πολύς@anafs- δέ@cs ὁ@ddnp ζῷον@ndnpc καί@cs ἰσχυρός@anafs- ὁράω@vppanmp πάρειμι1@vppaafs οὐ@b φημί@vipa3p αὐτός@rpdmp οὐ@b δέ@cs ἀξιόω@vppadmp μέτειμι1@vnaa-- δικαιοσύνη@ngfsc ἡμίονος@ndmpc δέ@b ὁ@dgnp γε@angnp- -@b νητικός@angnp- μόριον@ngnpc οὐδείς@rpnns ἐνδέω@vipa3s καί@b γάρ@b αἰδοῖον@nnfsc καί@b μήτρα@nafpc καί@cs ὁ@dans χράω@vnpe-- μετά@p ἡδονή@ngfsc οὗτος@rpdnp ἔχω@vppanfp πρός@p ὁ@dans τέλος@nansc οὐ@b ἐξικνέομαι@vipe3p ὁ@dgfs γένεσις@ngfsc σκοπέω@vmpa2s δέ@b ἄλλως@b μή@cs καταγέλαστος@annns- εἰμί@vipa3s ὁ@damp σωκράτης@nampp καί@cs ὁ@damp πλάτων@nampp καί@cs ὁ@damp ζήνων@nampp οὐδείς@rpans ἐλαφρός@anans- ἕτερος@andfsc κακία@nnfpc ὁ@dgms τυγχάνω@vpaagms ἀνδράποδον@ngfsc σύνειμι1@vnpa-- φημί@vipa3p σκήπτω@vnpa-- ἀλλά@cs ὅμοιος@b ἄφρων@anamp- εἰμί@vnpa-- καί@cs ἀκόλαστος@anamp- καί@cs ἄδικος@anamp- εἶτα@b ὁ@dgnp θηρίον@ngnpc αἰτιάομαι@vnpe-- ὁ@dans μή@b καί@b θαρός@nansc μη@b δέ@cs ἀκριβόω@vpreans πρός@p ἀρετή@nafsc ὡς@cs στέρη@annfs- σιν@nafsc οὐ@b φαυλότης@nafsc λόγος@ngmsc καί@cs ἀσθένεια@nafsc πρόσειμι@vnpa-- καί@cs οὗτος@rpanp ὁ@dafs κακία@nafsc ὁμολογέω@vppaamp εἰμί@vnpa-- λογικός@anafs- ὅς@rpgfs πᾶς@annns- θηρίον@nnnsc ἀναπίμπλημι@vire3s καί@b γάρ@b δειλία@nafsc πολύς@anans- -@b λοός@ndmpc καί@b ἀκολασία@nafsc ἀδικία@nafsc τε@b καί@cs κακόνοια@nafsc ὁράω@vipa1p ὑπάρχω@vppaafs"
"abstin._3.23","ὁ@dnms δέ@b ἀξιόω@vppanms ὁ@dans μή@b φύω@vpraans ὀρθότης@nafsc λόγος@ngmsc δέχομαι@vnpe-- μη@b δέ@cs λόγος@namsc δέχομαι@vnpe-- φύσις@ndfsc πρῶτος@b μέν@b οὐδείς@anans- διαφέρω@vipa3s ὁ@dgms μή@b τε@cs πίθηκος@namsc αἶσχος@angfs- φύω@ndfsc -@ndfsc σει@ndfsc μετέχω@vnpa-- μή@b τε@cs χελώνη@nafsc βραδυτής@ngfsc ἀξιόω@vppagms ὅτι@cs μη@b δέ@b κάλλος@ngnsc ἐπιδεκτικός@annnp- μη@b δέ@cs τάχος@ngnsc εἰμί@vipa3s ἔπειτα@b ὁ@dafs διαφορά@nafsc ἐμποδών@b εἰμί@vppaafs οὐ@b συνοράω@vipa3s λόγος@nnmsc μέν@b γάρ@b ἐγγίγνομαι@vipe3s φύσις@ndfsc σπουδαῖος@annms- δέ@b ὁ@dnms λόγος@nnmsc καί@cs τέλειος@annms- ἐκ@p ἐπιμέλεια@ngfsc καί@cs διδασκαλία@ngfsc διά@p ὁ@dgns λογικός@angns- πᾶς@andnp- ὁ@ddnp ἔμψυχος@andnp- μέτειμι1@vipa3s ὁ@dafs δέ@b ὀρ@nafsc θότης@nafsc καί@cs σοφία@nafsc οὐ@b δέ@b ἄνθρωπος@namsc εἶπον@vnaa-- κτάομαι@vira3s νον@namsc ἔχω@vipa3p καί@b ἄν@cs μυρίος@annmp- δέ@b εἰμί@vspa3p ὥσπερ@cs ὄψις@ngfsc εἰμί@vipa3s πρός@p ὄψις@nafsc διαφορά@nnfsc καί@cs ἔκπληξις@ngfsc πρός@p πτῆσις@nafsc οὐ@b γάρ@x ὅμοιος@b ἑέρακες@nnmpc βλέπω@vipa3p καί@cs τέττιξ@nnmpc οὐ@b δέ@x ἀετός@nnmpc πέτομαι@vipe3p καί@cs πέρδιξ@nnmpc οὕτως@b οὐ@b δέ@cs πᾶς@andms- λο@b γικός@andns- μέτειμι@vipa3s ὡσαύτως@b ὁ@dgfs δέχομαι@vppegfs ὁ@dans ἄκρον@nansc εὐστροφία@ngfsc καί@cs ὀξύτης@ngfsc ἔνδειξις@nnnpc γε@b πολύς@annnp- κε@b νωνία@ngfsc καί@b ἀνδρεία@ngfsc καί@cs ὁ@dgns πανοῦργος@angns- περί@p ὁ@damp πορισμός@nampc καί@cs ὁ@dafp οἰκονομία@nafpc ὥσπερ@b αὖ@b καί@b ὁ@dgmp ἐναντίος@angmp- ἀδικία@ngfsc δειλία@ngfsc ἀβελτερία@ngfsc ἔνειμι@vipa3s αὐ@ ὁ@ddmp ὅθεν@b καί@b ζήτησις@nnfpc τις@annfp- συνίστημι@vipe2s ὁ@dgmp μέν@b ὁ@danp χερσαῖος@nanpc προάγω@vnre-- λέγω3@vppagmp ὁ@dgmp δέ@b ὁ@danp θαλάττιος@ananp- καί@b δῆλος@annns- εἰμί@vipa3s παραβάλλω@vppegmp ἵππος@ngmpc χερσαῖος@ngnpc ὁ@ddnp ποτάμιον@ndnpc ὁ@dnmp μέν@b γάρ@b τρέφω@vipa3p ὁ@damp πατήρ@nampc ὁ@dnmp δέ@b κτείνω@vipa3p ἵνα@cs ὁ@dafp μήτηρ@nafpc ὀχεύω@vspa3p καί@cs πε@vmpa2s ριστερός@andfp- πάλιν@b πέρδιξ@vppanms ὁ@dnmp μέν@b γάρ@b ἀφανίζω@vipa3p ὁ@danp ᾠόν@nanpc καί@cs διαφθείρω@vipa3p ὁ@dgfs θῆλυς@angfs- ὅταν@cs ἐπῳάζω@vspa3s μή@b προσδέχομαι@vppegfs ὁ@dafs ὀχεία@nafsc ὁ@dnmp δέ@b καί@b διαδέχομαι@vipe3p ὁ@dafs ἐπιμέλεια@nafsc ἐν@p μέρος@ndnsc θάλπω@vppanmp καί@cs ψωμίζω@vipa3p πρότερος@annmp- ὁ@danp νεόττιος@nanpc καί@cs ὁ@dafs θῆλυς@nafsc ἄν@cs πλείων@anamsc χρόνος@namsc ἀποπλανάομαι@vsap3s κόπτω@vppanms ὁ@dnms ἄρσην@nnmsc εἰσελαύνω@vipa3s πρός@p ὁ@danp ᾠόν@nanpc καί@cs ὁ@damp νεοσσός@anamp- ὄνος@ndmpc δέ@b καί@cs πρό@p βάτος@ndnpc ἀντίπατρος@nnmsp ἐγκαλέω@vppanms ὀλιγωρία@nafsc καθαριότης@nnfsc τος@nnmsc οὐλ@b οἶδα@vira1s ὅπως@cs παροράω@viaa3s ὁ@dafp λύγξ@nafpc καί@cs ὁ@dafp ἔχω@ λιαδ́ιδης@nafpc ὅς@rpgmp ὁ@dnfp μέν@b ἐκτοπίζω@vipa3p παντάπασι@b κρύπτω@ngmsc σαι@annfp- καί@cs ἀφανίζω@vppanfp ὁ@dans λυγκούριος@nansc ὁ@dnfp δέ@cs χελι@ndfsc δόναξ@nnfpc ἔξω@b στρέφω@vppeamp διδάσκω@vppanfp ὁ@damp νεοσσός@anamp- ἀφίημι@vnpa-- ὁ@dans περίττωμα@nansc καί@cs μήν@b δένδρον@nansc δένδρον@ngnsc οὐ@b λέγω3@vipa1p ἀμαθής@anansc ὡς@cs κύων@ngmsc πρόβατον@nansc οὐ@b δέ@cs λάχανον@ngnsc λάχανον@nansc ἄνανδρος@anansc ὡς@cs ἔλαφος@namsc λέων@namsc -@ngmsc τος@ng-sc ἤ1@b καθά@cs ἐν@p ὁ@ddnp ἀκίνητος@andnp- ἕτερος@annns- ἕτερος@angns- βραδύς@nnnpc δύτερος@annns- οὐ@b εἰμί@vipa3s οὐ@b δέ@cs μικρόφωνος@annnsc ἐν@p ὁ@ddnp ἄναυδος@andnp- οὕτως@b οὐ@b δέ@cs δειλός@anansc οὐ@b δέ@cs νωθρός@annnsc οὐ@b δέ@cs ἀκρατής@annnsc ὅπου@b μή@b φύσις@ndfsc πᾶς@andmp- ὁ@dnfs ὁ@dgns φρονέω@vnpa-- δύναμις@nnfsc ἄλλος@rpdmp δέ@cs ἄλλως@b κατά@p ὁ@dans μᾶλλον@b καί@cs ἥσσων@anansc πάρειμι1@vppanfs ὁ@dafp ὁράω@vppeafp διαφορά@nafpc πέποι@vnra-- εἰμί@vira3s ἀλλά@b οὐ@b θαυμαστός@annns- ὅσος@annns- ἄνθρωπος@nnmsc εὐμα@ananp- θεῖος2@ndfsc καί@cs ἀγχίνοια@ndfsc καί@cs ὁ@ddnp περί@p δικαιοσύνη@nafsc καί@cs κοινωνία@nafsc διαφέρω@vipa3s ὁ@dgnp ζῷον@ngnpc καί@b γάρ@b ἐκεῖνος@rpgnp πολύς@ananp- οὗτος@rpnns μέν@b μέγεθος@ndnsc καί@cs ποδώκεια@ndfsc οὗτος@rpnns δέ@cs ὄψις@ngfsc ῥώμη@ndfsc καί@cs ἀκοή@ngfsc ἀκρίβεια@ndfsc πᾶς@anamp- ἄνθρωπος@nampc ἀπολείπω@vira3s ἀλλά@cs οὐ@b διά@p οὗτος@rpans κωφός@annms- οὐ@b δέ@cs τυφλός@annms- οὐ@b δέ@cs ἀδύνατος@annms- ὁ@dnms ἄνθρωπος@nnmsc εἰμί@vipa3s ἀλλά@cs καί@cs θέω@vipa1p εἰ@cs καί@b βραδύς@anansc ἔλαφος@ngmpc καί@cs βλέπω@vipa1p εἰ@cs καί@b χείρων@anansc ἱέραξ@ngnpc ἰσχύς@ngfsc τε@b καί@cs μέγεθος@ngnsc ὁ@dnfs φύσις@nnfsc ἐγώ@rpacp οὐ@b ἀποστερέω@viaa3s καίτοι@b ὁ@dans μηδείς@rpans ἐν@p οὗτος@rpdnp πρός@p ἐλέφας@namsc καί@cs κάμηλος@nafsc εἰμί@vppaamp οὐκοῦν@b ὅμοιος@b μη@b δέ@cs ὁ@danp θηρίον@nanpc λέγω@vspa1p εἰ@cs νωθρός@anansc φρονέω@vipa3s καί@cs κακός@anansc διανοέω@vipe3s μή@b διανοέομαι@vnpe-- μη@b δέ@cs φρονέω@vnpa-- ὅλος@b μη@b δέ@cs κτάομαι@vnre-- λόγος@namsc ἀσθενής@anams- δέ@cs κτάομαι@vnre-- καί@cs θολερός@anams- ὥσπερ@cs ὀφθαλμός@namsc ἀμβλυώσσω@vppaams καί@cs ταράσσω@vpreams"
"abstin._3.24","εἰ@cs δέ@b μή@b πολύς@annnp- εἰμί@viia3s πολύς@andnp- συναγωνίζομαι@vprennp -@vprennp μένω@vprennp καί@cs ἐρῶ@vprennp μυρίος@ananp- ἄν@b παράγω@viaa1p εἰς@p ἐπί@p δειξις@nafsc ὁ@dgfs ὁ@dgnp ζῷον@ngnpc εὐφυία@ngfsc ἐκεῖνος@rpnns δέ@b ἔτι@b σκώ@viia3s πτέος@annns- ἔοικα@vira3s γάρ@b ὁ@dgns φύω@vpragns ἤ1@cs μέρος@ngnsc ἤ1@cs δύναμαι@ngfsc μείς@b κατά@p φύσις@nafsc τις@rpans δέχομαι@vnpe-- ὁ@dgns αὐτός@rpgns εἰμί@vnpa-- καί@cs εἰς@p ὁ@dans παρά@p φύσις@nafsc ἐμπίτνω@vnpa-- πηρόω@vpapans ἤ1@cs νοσέω@vpaanns ὥσπερ@cs ὀφθαλμός@ngmsc μέν@b εἰς@p τυφλότης@nafsc ἐμπίτνω@vnpa-- σκέ@n---c λος@nampc δέ@b εἰς@p χωλότης@nafsc καί@cs γλῶσσα@ngfsc εἰς@p ψελλότης@nafsc ἄλλος@rpgns δέ@b μηδείς@rpgns οὐ@b γάρ@b εἰμί@vipa3s τυφλότης@nnmsc μή@cs φύω@vira3s κότος@nnmsc ὁράω@vnpa-- οὐ@b δέ@cs χωλότης@nnmsc μή@b φύω@vpragms βαδίζω@vnpa-- ψελλός@namsc τε@cs καί@cs ἄναυδος@anams- καί@cs τραυλός@anams- μή@b γλῶσσα@nafsc ἔχω@vppagmp οὐ@b δέ@cs ἄν@b παραπαίω@vppaams ἤ1@cs παράφρων@anams- εἶπον@voaa2s οὐ@b δέ@cs μαίνομαι@vppeams ὅς@rpdms μή@b ὁ@dnns φρονέω@vnpa-- καί@cs διανοέομαι@vnpe-- καί@cs λογίζομαι@vnpe-- κατά@p φύσις@nafsc ὑπάρχω@viia3s οὐ@b γάρ@b εἰμί@vipa3s ἐν@p πάθος@ndnsc γίγνομαι@vnam-- μή@b κτάομαι@vpreams δύναμις@nafsc ὅς@rpgfs ὁ@dnns πά@nnnsc -@nnnsc θος@nnnsc ἤ1@cs στέρησις@nnfsc ἤ1@b πήρωσις@nnfsc ἤ@cs τις@rpncs ἄλλος@rpnfs κάκωσις@nnfsc εἰμί@vipa3s ἀλλά@b μήν@b ἐντυγχάνω@vira2s γε@x λυσσάω@vppadfp κύων@ndmpc ἔτι@b δέ@cs καί@b ἵππος@ndmpc ἔνιοι@annmp- δέ@b καί@b βοῦς@nampc φημί@vipa3p μαίνομαι@vnpe-- καί@cs ἀλώπηξ@nafpc ἀρκέω@vipa3s δέ@b ὁ@dnns ὁ@dgmp κύων@ngmpc ἀναμφισβητή@nnfsc τητος@b γάρ@b εἰμί@vipa3s καί@cs μαρτυρέω@vipa3s λόγος@namsc καί@cs διάνοια@nafsc ἔχω@vnpa-- οὐ@b φαῦλος@anafs- ὁ@dnns ζῷον@nnnsc ὅς@rpgfs ταράσσω@vppegfs καί@cs σύν@ -@ χέω@vppegfs ὁ@dnfs λέγω3@vpfmnfs λύσσα@nnfsc καί@cs μανία@annfs- πάθος@nnnsc εἰμί@vipa3s οὔτε@b γάρ@b ὄψις@nafsc ἀλλάσσω@vppeafs αὐτός@rpdmp οὐ@b τε@cs ἀκοή@nafsc ὁράω@vipa1s μεν@vipa1p ἀλλά@cs ὥσπερ@b ἄνθρωπος@ngmsc μελαγχολάω@vppagms ἤ1@cs πα@ngmsc ρακόπτω@vppagms ὁ@dnms μή@b λέγω3@vppanms ἐξίστημι@vnpa-- καί@cs διαφθείρω@vnra-- ὁ@dans φρονέω@vppaans καί@b λογίζομαι@vppeans καί@cs μνημονεύω@vppaans ἄτοπος@annms- εἰμί@vipa3s καί@b γάρ@b ὁ@dnfs συνήθεια@nnfsc οὗτος@rpanp τε@b κατηγορέω@vipa3s ὁ@dgmp παραφρονέω@vppagmp μή@b εἰμί@vnpa-- παρά@p αὐτός@rpdmp ἀλλά@cs ἐκ@p πίπτω@vnra-- ὁ@dgmp λογισμός@ngmpc οὕτως@b ὁ@dnms ὁ@damp μαίνομαι@vppaamp κύων@nampc ἄλλος@anans- τις@rpans πάσχω@vnra-- νομίζω@vppanms ἀλλά@cs οὐ@b ὁ@dgns φρονέω@vnpa-- φύω@vpragms καί@b λογίζομαι@vnpe-- καί@cs μνημονεύω@vnpa-- ἀναπίμπλημι@vpregms ταραχή@ngfsc καί@cs παραπίπτω@vpragms ἀγνοέω@nnmsc -@dnmp ἐν@p ὁ@danp φίλος@ananp- πρόσωπον@nanpc καί@cs φεύγω@vnpa-- ὁ@dafp σύν@anafp- τρέφω@anafp- δίαιτα@nafpc ἤ1@b παροράω@vnpa-- ὁ@dans φαίνω@vppeans ἔοικα@vira3s ἤ1@cs συνοράω@vppanms ὁ@dans γίγνομαι@vppeans ἐκ@p αὐτός@rpgns φιλονεικέω@vnpa-- πρός@p ὁ@dafs ἀλήθεια@nafsc ὁ@dnnp μέν@b δή@b ὁ@dgms πλούταρχος@ngmsp ἐν@p πολύς@andnp- βιβλίον@ndnpc πρός@p ὁ@damp ἀπό@p ὁ@dgfs στοά@ngfsc καί@cs ὁ@dgms περίπατος@ngmsc εἰς@p ἀπάντησις@nafsc ἐρῶ@vprennp εἰμί@vipa3s τοιοῦτος@rpnnp θεόφραστος@nnmsp δέ@b καί@cs τοιοῦτος@rpdms χράω2@vire3s λόγος@ndmsc"
"abstin._3.25","ὁ@damp ἐκ@p ὁ@dgmp αὐ@rpgmp ὁ@dgmp γεννάω@vpapamp λέγω3@vipa1s δέ@b πατήρ@ngmsc καί@cs μήτηρ@ngfsc οἰκεῖος@anamp- εἰμί@vnpa-- φύσις@ndfsc φημί@vipa1p ἀλλήλων@rpgmp καί@cs τοίνυν@b καί@b ὁ@damp ἀπό@p ὁ@dgmp αὐτός@rpgmp προπάτωρ@ngmpc σπείρω@vpapamp οἰκεῖος@anamp- ἀλλήλων@rpgmp εἰμί@vnpa-- νομίζω@vipa1p καί@cs μέντοι@b καί@b ὁ@damp ἑαυτοῦ@rpgmp πολίτης@nampc ὁ@ddns ὁ@dgfs τε@cs γῆ@ngfsc καί@cs ὁ@dgfs πρός@p ἀλλήλων@rpamp ὁμιλία@ngfsc κοινωνέω@vnpa-- οὐ@b γάρ@b ἐκ@p ὁ@dgmp αὐ@ ὁ@dgmp ἔτι@b ὁ@damp τοιοῦτος@rpamp ἀλλήλων@rpdmp φύω@vpaaamp οἰκεῖος@anamp- αὐτός@rpdmp εἰμί@vnpa-- κρίνω@vipa1p εἰ@cs μή@b ἄρα@b τις@rpnmp ὁ@dgmp πρῶτος@angmp- αὐτός@rpdmp πρόγονος@ngmpc ὁ@dnmp αὐτός@annmp- ὁ@dgns γένος@ngnsc ἀρχηγός@nnmpc πε@vira1s φύω@vira3p ἤ1@cs ἀπό@p ὁ@dgmp αὐτός@rpgmp οὕτως@b δέ@b οἴομαι@vipe1s καί@b ὁ@dams ἕλλην@namsp μέν@b ὁ@ddms ἕλλην@ndmsp ὁ@dams δέ@b βάρβαρος@anams- ὁ@ddms βάρβαρος@ndmsc πᾶς@anamp- δέ@cs ὁ@damp ἄνθρωπος@nampc ἀλλήλων@rpdmp φημί@viia1s μείς@b οἰκεῖος@anamp- τε@cs καί@cs συγγενής@anamp- εἰμί@vnpa-- δύο@ ἕτερος@anans- ἤ1@b ὁ@ddns πρόγονος@ngmpc εἰμί@vnpa-- ὁ@dgmp αὐτός@rpgmp ἤ1@cs ὁ@ddns τροφή@ngfsc καί@cs ἦθος@ngnpc καί@cs ὁ@dgns αὐτός@angns- γένος@ngnsc κοινωνέω@vnpa-- οὕτως@b δέ@b καί@b ὁ@damp πᾶς@anamp- ἄνθρωπος@nampc ἀλλήλων@rpdmp τίθημι@vipa1p καί@cs σύν@andfp- γίγνομαι@nafpc καί@cs μήν@b πᾶς@andnp- ὁ@ddnp ζῷον@ndnpc ὅς@dnfp γε@b ὁ@dgfp σώμα@ngmpc -@nnmpc ὁ@rpgfp ἀρχή@nnfpc φύω@vira3p ὁ@dnfp αὐτός@rpnfp λέγω3@vipa1s δέ@b οὐ@b ἐπί@p ὁ@danp στοιχεῖον@nanpc ἀναφέρω@vppanms ὁ@danp πρῶτος@ananp- ἐκ@p οὗτος@rpgnp μέν@b γάρ@b καί@cs ὁ@dnnp φυτόν@nnnpc ἀλλά@cs οἷος@rpans σπέρμα@nnnsc σάρξ@nafpc καί@cs ὁ@dans ὁ@dgmp ὑγρός@angnp- ὁ@ddnp ζῷον@ndnpc σύμφυτος@anans- γένος@nnnsc πολύς@anans- δέ@b μᾶλλον@b ὁ@ddns ὁ@dafp ἐν@p αὐτός@rpdnp ψυχή@nafpc ἀδιάφορος@anafp- φύω@vnra-- λέγω3@vipa1s δή@b ὁ@ddfp ἐπιθυμία@ndfpc καί@cs ὁ@ddfp ὀργή@ndfpc ἔτι@b δέ@cs ὁ@ddmp λο@ -@andmp- γισμός@ndmpc καί@cs μάλιστα@b πᾶς@angmp- ὁ@ddfp αἴσθησις@ndfpc ἀλλά@b ὥσπερ@cs ὁ@dnnp σῶμα@nnnpc οὕτως@b καί@b ὁ@dafp ψυχή@nafpc ὁ@dnnp μέν@b ἀπαυράω@nanpc κριβάω@vpreafp ἔχω@vipa3s ὁ@dgnp ζῷον@ngnpc ὁ@dnnp δέ@b ἥσσων@anansc τοιοῦτος@rpafp πᾶς@andnp- γε@b μήν@b αὐτός@rpdnp ὁ@dnfp αὐτός@annfp- φύω@vira3p ἀρχή@nnfpc δη@b λωίων@vipa3s δέ@b ὁ@dnfs ὁ@dgnp πάθος@ngnpc οἰκειότης@nnfsc εἰ@cs δέ@b ἀληθής@annns- εἰμί@vipa3s ὁ@dnns λέγω3@vppenns ὡς@cs ὁ@dnfs ὁ@dgmp ἠνίον@ngmpc γένεσις@nnfsc εἰμί@vipa3s τοιοῦτος@rpnfs φρονέω@vipa3p μέν@b ἅπας@ananp- φῦλον@nanpc διαφέρω@vipa3p δέ@cs ὁ@ddfp ἀγωγή@ndfpc τε@b καί@cs ὁ@ddfp ὁ@dgmp πρῶτος@angnp- κρᾶσις@ndfpc πᾶς@ananp- πασιν@andmp- ἄν@b οἰκεῖος@annns- εἰμί@vopa3s καί@cs συγγενής@annns- ἐγώ@rpdmp ὁ@dnns ὁ@dgnp λοῖος@ πῶ@angnp- ζῷον@ngnpc γένος@nnnsc καί@b γάρ@b τροφή@nnfpc ὁ@dnfp αὐτός@annfp- πᾶς@andmp- αὐτός@rpdmp καί@cs πνεύμια@ananp- ὡς@cs κὐριπίδης@nnmsp καί@b φοίνιος@anafp- ἔχω@vipa3s ῥοή@nafpc ὁ@danp ζῷον@nanpc πᾶς@ananp- καί@cs κοινός@anamp- ἅπας@angmp- δέω@nanpc κνυσί@vipa3p γονεύς@nnmpc οὐρανὸς@namsc καί@cs γῆ@nafsc"
"abstin._3.26","ὥστε@b συγγενής@angmp- εἰμί@vppanms ὁ@angmp- εἰ@cs φαίνω@vope3s κατά@p πυθαγόρας@nafsp καί@cs ψυχή@nafsc ὁ@dafs αὐτός@anafs- λαγχάνω@vpraams δίκαιος@b ἄν@b τις@rpnms ἀσεβής@annms- κρίνω@vope3s ὁ@dgmp οἰκεῖος@angmp- ὁ@dgfs ἀδικία@ngfsc μή@b ἀπέχω@vppenms οὐ@b μήν@b ὅτι@cs τις@rpanp ἄγριος@ananp- αὐτός@rpgmp διά@p οὗτος@anans- ὁ@dans οἰκεῖος@anans- ἀποκέομαι@p κοπτομαι@vsam3s οὐδείς@anans- γάρ@b ἥσσων@anansc ἀλλά@cs καί@b μᾶλλον@b ὁ@dgmp ἄνθρωπος@ngmpc ἔνιοι@annmp- κακοποιός@annmp- τε@cs ὁ@dgmp πλησίος@b εἰμί@vipa3p καί@cs φέρω@vipe3p πρός@p ὁ@dans βλάπτω@vnpa-- ὁ@dams ἐντυγχάνω@vpaaams καθά@cs ὑπό@p τις@rpgcs πνοή@ngfsc ὁ@dgfs ἴδιος@angfs- φύσις@ngfsc καί@cs μοχθηρία@ngfsc διά@p ὅς@rpans καί@b ἀναιρέω@vipa1p οὗτος@rpamp οὐ@b μέντοι@cs ἀποκόπτω@vile3s μεν@vipa1p ὁ@dafs πρός@p ὁ@dans ἥμερος@nansc σχέσις@nafsc οὕτως@b οὖν@b εἰ@cs καί@b ὁ@dgnp ζῷον@ngnpc τις@rpanp ἄγριος@annnp- ἐκεῖνος@rpanp μέν@b ὡς@cs τοιοῦτος@rpanp ἀνά@viia1s ρετέος@annns- καθά@cs καί@b ὁ@damp τοιοῦτος@rpamp ἄνθρωπος@nampc ὁ@dgfs δέ@b πρός@p ὁ@danp λοιπός@ananp- καί@cs ἥμερος@ananp- σχέσις@ngfsc οὐ@b ἀπό@p στατέος@annns- ἑκάτερος@b δέ@b οὐδέτερος@ananp- βρωτέος@annns- ὡς@cs οὐ@b δέ@cs ὁ@damp ἄδικος@anamp- ὁ@dgmp ἄνθρωπος@ngmpc νῦν@b δέ@b πολύς@anans- ὁ@dans ἄδιος@nansc κόος@vppaans ποιέω@vipa1p ἀναιρέω@vppanmp μέν@b καί@b ὁ@danp ἥμερος@nanpc ὅτι@cs καί@b ὁ@danp ἄγριος@ananp- καί@cs ὁ@danp ἄδικος@nanpc ἐσθίω@vppanmp δέ@cs ὁ@danp ἥμερος@nanpc κατά@p ἄμφω@annmd- γάρ@b ἄδικος@annmp- ὅτι@cs ἥμερος@ananp- εἰμί@vppaanp ἀναιρέω@vipa1p καί@cs ὅτι@cs οὗτος@rpanp θοινάω@vspe1p καί@cs ψιλός@b ὁ@dnms οὗτος@rpgnp θαμ@an---- νατος@nnmsc εἰς@p ὁ@dafs βορά@nafsc ἔχω@vipa3s ὁ@dafs ἀναφορά@nafsc προστίθημι@voaa3s δέ@b ἄν@b τις@rpnms οὗτος@rpdnp καί@b ὁ@danp τοιοῦτος@rpanp ὁ@dnms γάρ@b λέγω3@vppanms ὅτι@cs ὁ@dnms παρεκτείνω@vppanms ὁ@dans δίκαιος@anans- ἄχρι@p ὁ@dgnp ζῷον@ngnpc φθείρω@vipa3s ὁ@dans δίκαιος@anans- ἀγνοέω@vipa3s ὡς@cs αὐτός@rpnms οὐ@b ὁ@dafs δικαιοσύνη@nafsc διασῴζω@vipa3s ἀλλά@cs ἡδονή@nafsc ἐπαύξω@vifa3s ὅς@rpnfs εἰμί@vipa3s δικαιοσύνη@ndfsc πολέμιος@annns- ἡδονή@ngfsc γοῦν@b εἰμί@vppagfs τέλος@ngnsc δείκνυμι@vipe3s δικαιοσύνη@nnfsc ἀναιρέω@vppenfs ἐπεί@b ὅτι@cs ὁ@dnns δίκαιος@annns- σύν@annns- κτῶ@vire3s διά@p ὁ@dgfs ἀποχή@ngfsc τις@rpdns οὐ@b δῆλος@annns- ὁ@dnms γάρ@b ἀπέχω@nnmsc μένω@nnmsc πᾶς@angns- ἔμψυχος@angns- κἀν@cs μή@b ὁ@dgnp συμβάλλω@vppagnp αὐτός@rpdms εἰς@p κοινωνία@nafsc πολύς@andns- μᾶλλον@b πρός@p ὁ@dans ὁμοῖος@anans- γενής@anans- ὁ@dgfs βλάβη@ngfsc ἀπέχω@vifm3s οὐ@b γάρ@b ὁ@dnms ὁ@dans γένος@nansc φι@b λείπω@vppanms ὁ@dans εἶδος@nansc μισέω@vifa3s ἀλλά@cs μᾶλλον@b ὅσος@andns- μέγας@annnsc ὁ@dnns γένος@nnnsc ὁ@dnns ὁ@dgnp ζῷον@ngnpc τοσοῦτος@rpdns καί@cs πρός@p ὁ@dans μέρος@nansc καί@cs ὁ@dans οἰκεῖος@anans- οὗτος@rpafs διασῴζω@vifa3s ὁ@dnms τοίνυν@b ὁ@dafs οἰκεῖος@nafsc σιν@nafsc ποιέω@vprenms πρός@p ὁ@dans ζῷον@nansc οὗτος@rpnms καί@b ὁ@dans τις@anans- ζῷον@nansc οὐ@b ἀδικέω@vifa3s ὁ@dnms δέ@b μόνος@anans- περιγράφω@vpaanms ἐν@p ἄνθρωπος@ndmsc ὁ@dans δίκαιος@anans- ἑτοῖμος@annms- εἰμί@vipa3s ὡς@cs ἐν@p στενός@andns- ἀπορρίπτω@vnaa-- ὁ@dafs ἔφεξις@nafsc ὁ@dgfs ἀδικία@ngfsc ὥστε@b καί@b ὁ@dgns σωκρατικός@angns- ὄψον@ngnsc ἡδύς@annnsc ὁ@dnns πυθαγόρειος@nnnsp ὁ@dnms μέν@b γάρ@b ὄψον@nansc τροφή@ngfsc ὁ@dans πεινέω@vnpa-- λέγω3@viia3s πυθαγόρας@nampp δέ@cs ὁ@dans μηδείς@rpams ἀδικέω@vnpa-- καί@cs ἐφηδύνω@vnpa-- δικαιοσύνη@ndfsc ὁ@dans ὄψον@nansc ὁ@dnfs γάρ@b φυγή@nnfsc ὁ@dgfs ἔμψυχος@angfs- τροφή@ngfsc φυγή@nnfsc εἰμί@viia3s ὁ@dgnp περί@p ὁ@dafs τροφή@nafsc ἀδίκημα@ngnpc οὐ@b γάρ@b δή@b μή@b μετά@p κάκωσις@ngfsc ἕτερος@angms- ὁ@dafs ἑαυτοῦ@rpgmp σωτηρία@nafsc ἀμήχανος@anafs- ἐγώ@rpdcp ὁ@dnms θεός@nnmsc ποιέω@viap3s σύ@rpams ἐπεί@b οὕτως@b γε@b ὁ@dafs φύσις@nafsc ἐγώ@rpdmp ἀρχή@nafsc ἀδικία@ngfsc προστίθημι@viia3s μήποτε@b δέ@b καί@b ἀγνοέω@vnpa-- οὗτος@rpnmp ἔοικα@vira3p ὁ@dans ἰδίωμα@nansc ὁ@dgfs δικαιοσύνη@ngfsc ὅσος@annmp- ἐκ@p ὁ@dgfs πρός@p ἄνθρωπος@nafsc πούς@angfs- οἰκειότης@ngfsc εἰσάγω@vnpa-- οὗτος@rpafs οἴομαι@viap3p οὗτος@rpnfs μέν@b γάρ@b φιλανθρωπία@nnfsc τις@rpncs ἄν@b εἰμί@vopa3s ὁ@dnfs δέ@b δικαιοσύνη@nnfsc ἐν@p ὁ@ddns ἀφεκτικός@andns- καί@cs ἀβλαβής@andns- κεῖμαι@vipe3s πᾶς@angns- ὅστις@rpgns οὖν@b ὁ@dgms μή@b βλάπτω@vppagns καί@cs οὕτως@b γε@b νοέω@vipe3s ὁ@dnms δίκαιος@annms- οὐ@b ἐκεῖνος@b ὡς@cs διατείνω@vnpa-- ὁ@dafs δικαιοσύνη@nafsc καί@b ἄχρι@p ὁ@dgnp ἔμψυχος@angnp- κεῖμαι@vppeafs ἐν@p ὁ@ddns ἀβλαβής@andns- διά@p ὅς@rpans καί@b ὁ@dnfs οὐσία@nnfsc αὐτός@rpgfs ἐν@p ὁ@ddns ὁ@dans λογιστικός@anans- ἄρχω@vnpa-- ὁ@dgns ἄλογος@angms- ἕπομαι@vnpe-- δέ@cs ὁ@dans ἄλογος@anans- ἄρχω@vppagms γάρ@b ὁ@rpgms τις@rpgms ὁ@dgms δέ@cs ἕπομαι@vppegms πᾶς@annfs- ἀνάγκη@nnfsc ἀβλαβής@anafs- εἰμί@vnpa-- πρός@p πᾶς@anans- ὅτι@cs οὖν@b ἄνθρωπος@namsc συστρέφω@vpregnp γάρ@b ὁ@dgnp πάθος@ngnpc καί@cs ὁ@dgfp ἐπιθυμία@ngfpc καί@cs ὀργή@ngfpc μέμαα@b ἀραρίσκω@vpregnp ὁ@dgms δέ@cs λογισμός@ngmsc ὁ@dafs οἰκεῖος@anafs- ἔχω@vppagms ἀρχή@nafsc εὐθύς@b ὁ@dnfs ὁμοίωσις@nnfsc ἕπομαι@vipe3s ὁ@dnfs πρός@p ὁ@dans κρείσσων@nansc ὁ@n---c ὁ@dnns δέ@b ἐν@p ὁ@ddns πᾶς@andns- κρείσσων@annnsc πάντως@b εἰμί@viia3s ἀβλα@nnfsc βές@nvmsc καί@cs αὐτός@rpnns μέν@b διά@p δύναμις@nafsc καί@cs σωστικός@annns- πάν@b ὁ@rpgmp καί@cs εὐποιητικός@annns- πᾶς@angnp- καί@cs ἀπροσδεής@annns- πάν@b ὁ@rpgmp ἐγώ@rpnmp δέ@b διά@p μέν@b δικαιοσύνη@nafsc ἀβλαβής@annmp- πάν@angnp- ὁ@angmp- διά@p δέ@cs ὁ@dans θνητός@anans- ἐνδεής@annmp- ὁ@dgnp ἀναγκαῖος@angnp- ὁ@dnfs δέ@b ὁ@dgnp ἀναγκαῖος@angnp- λῆψις@nnfsc οὐ@b βλάπτω@vipa3s οὐ@b τε@b φυτόν@nanpc ὅταν@cs ὅς@rpanp ἀποβάλλω@vppadmp βαίνω@vspa1p οὐ@b τε@b καρπός1@nampc ὅταν@cs θνήσκω@vpragmp χράω2@vsam1p ὁ@ddmp καρπός1@ndmpc οὐ@b τε@cs πρόβατον@nanpc ὅταν@cs διά@p ὁ@dgfs κουρά@ngfsc αὐτός@rpanp μᾶλλον@b ὀνίνημι@vsaa1p καί@cs ὁ@dgns γάλα@ngnsc κοινωνέω@vsaa1p παρέχω@vppanmp αὐτός@rpdmp ὁ@dafs ἐκ@p ἐγώ@rpgcp ἐπιμέλεια@nafsc διά@p ὅς@rpans προσπίτνω@vipa3s ὁ@dnms δίκαιος@annms- οἷος@rpans ἐλαττωτικός@annmsc ἑαυτοῦ@rpgms ὁ@dgnp κατά@p σῶμα@nansc οὐ@b ἀδικέω@vipa3s δέ@b ἑαυτοῦ@rpams αὐξάνω@vipe3s γάρ@b ὁ@ddfs οὗτος@rpgns παιδαγωγία@ndfsc καί@cs ἐγκρα@nnfsc τεία@b ὁ@dnns ἐντός@b ἀγαθός@annns- οὗτος@rpnns εἰμί@vipa3s ὁ@dnfs πρός@p θεός@namsc ὁμοίωσις@nnfsc"
"abstin._3.27","οὐ@b τε@b τοίνυν@b ἡδονή@ngfsc εἰμί@vppagfs τέλος@ngnsc ὁ@dnfs εἰμί@vppanfs πως@b σώζω@vipe3s δικαιοσύνη@nnfsc οὐ@b τε@cs ὁ@dgmp ὅς@rpanp κατά@p φύσις@nafsc συμπληρόω@vppagmp ὁ@dafs εὐδαιμονία@nafsc ἤ1@cs ἔκκειμαι@vpregmp γε@b πᾶς@angmp- ἐν@p πολύς@andnp- γάρ@b ὁ@dnnp ὁ@dgfs ἄλογος@ngfsc κίνημα@nnnpc φύσις@ngfsc καί@cs εἰ@annnp- χρέος@nnnpc ἀδικία@ngfsc κατάρχω@vipa3s αὐτίκα@b ὁ@dgfs ζῳοφαγία@ngfsc δέω2@viap3p ἵνα@cs ὁ@dafs φύσις@nafsc ὡς@cs φημί@vipa3p διαφυλάσσω@vsaa3p ἄλυπος@anafs- καί@cs ἀνενδεής@anafs- ὅς@rpgnp ὀρέγω@vipe3s ὁ@dgns δέ@b ὁμοιόω@vnpe-- θεός@ndmsc εἰμί@vppagns τέλος@ngnsc ὡς@cs ἐν@p μάλιστα@b σώζω@vipe3s ἀβλαβής@annns- ἐν@p ὅστις@andmp- ὅς@rpams τοίνυν@b τρόπος@namsc ὁ@dnms πάθος@ndnpc ἄγω@vppenms πρός@p μόνος@ananp- τέκνον@nanpc καί@cs γυνή@nafsc ἀβλα@anafs- βαίνω@vpaanms ὁ@dgnp δέ@b ἄλλος@rpgnp καταφρονητικός@annms- καί@cs πλεονέκτης@annms- ὡς@cs ἄν@b ὁ@dgms ἄλογος@ngmsc κρατέω@vppagms ἐν@p αὐτός@rpdms πρός@p ὁ@danp θνητός@ananp- ἐγείρω@vipe3s καί@cs οὗτος@rpanp ἐκπλήσσω@vipe3s ὁ@dnms δέ@b λόγος@ndmsc ἄγω@vppenms καί@cs πρός@p πολίτης@namsc τηρέω@vipa3s ὁ@dans ἀβλαβής@anans- καί@cs ἔτι@b μᾶλλον@b πρός@p ξένος1@nampc καί@cs πρός@p πᾶς@anamp- ἄνθρωπος@nampc ὁ@dnms ὁ@dafs ἀλογία@nafsc ἔχω@vppanms ὑπήκοος@anafs- καί@cs αὐτός@rpnms παρά@p ἐκεῖνος@rpans νους@anamp- λογικός@annmsc διά@p οὗτος@rpanp δέ@cs καί@b θεῖος1@annmsc ὅς@b -@b πως@b ὁ@dnms μή@b μόνος@anans- ἵστημι@vpaanms ὁ@dans ἀβλαβής@anans- ἐν@p ἄνθρωπος@ndmpc παρατείνω@vpaanms δέ@b καί@b εἰς@p ὁ@danp ἄλλος@rpanp ζῷον@nanpc μᾶλλον@b ὅμοιος@annms- θεός@ndmsc καί@b εἰ@cs ἄχρι@p φυτόν@ngnpc δυνατός@annns- ἔτι@b μᾶλλον@b σώζω@vipa3s ὁ@dafs εἰκών@nafsc εἰ@cs δέ@b μή@b ἀλλά@cs ἐντεῦθεν@b γε@b ὁ@dnns ὁ@dgfs φύω@ngfsc -@ngfsc σις@ngfsc ἐγώ@rpgcp ἐλάττωμα@nnnsc ἐντεῦθεν@b ὁ@dans θρηνέω@vppenns πρός@p ὁ@dgmp παλαιός@angmp- ὡς@cs τοῖος@dgfp ἐκ@p τε@b ἔρις@ngfpc ἐκ@p τε@cs νεῖκος@ngnpc γίγνομαι@viam1p ὅτι@cs ὁ@dans θεῖος1@anans- ἀκήρατος@anans- καί@cs ἐν@p πᾶς@andnp- ἀβλαβής@anans- σώζω@vnpa-- οὐ@b δύναμαι@vipe1p οὐ@b γάρ@x ἐν@p πᾶς@andnp- εἰμί@viia1p ἀπροσδεής@annmp- αἰτία@annfs- δέ@b ὁ@dnfs γένεσις@nnfsc καί@cs ὁ@dnns ἐν@p ὁ@ddfs πενία@ndfsc ἐγώ@nafpc γίγνομαι@vnam-- ὁ@dgms πόρος@ngmsc ἀπορρέω@vpapgms ὁ@dnfs δέ@b πενία@nnfsc ἐκ@p ἀλλότριος@angmp- ὁ@dafs σωτηρία@nafsc καί@cs ὁ@dams κόσμος@namsc διά@p ὅς@rpgms ὁ@dans εἰμί@vnpa-- λαμβάνω@viia3s κτάομαι@viie3s ὅστις@rpnms οὖν@b πλείων@angnpc δέω@vipe3s ὁ@dgmp ἔξωθεν@b ἐπί@p πλέος@anans- ὁ@ddfs πενία@ndfsc προσηλόω@vire3s καί@cs ὅσος@andns- πλείων@angnpc ἐνδεής@annms- τοσοῦτος@rpdns θεός@ngmsc μέν@b ἄμοιρος@annms- πενία@ndfsc δέ@b σύνοικος@annfs- ὁ@dnns γάρ@b θεός@ndfsc ὅμοιος@annns- ὁ@ddfs εἰκών@ndfsc εὐθύς@b πλοῦτος1@namsc ἔχω@vipa3s ὁ@dams ἀληθινός@anams- πλουτέω@vppanms δέ@b οὐδείς@rpnms καί@cs χρῄζω@vppanms μηδείς@rpgns ἀδικέω@vipa3s ἕως@p γάρ@b ἀδικέω@vipa3s καί@cs ἄν@cs πᾶς@ananp- ἔχω@vspa3s χρῆμα@nanpc καί@b ἄν@cs πᾶς@ananp- ὁ@dgfs γῆ@ngfsc πλέθρον@nanpc πένης@nnmsc εἰμί@vipa3s πενία@ndfsc σύνοικος@annms- διά@p οὗτος@rpanp δή@b καί@b ἄδικος@annms- καί@b ἄθεος@annms- καί@b ἀσεβής@annms- καί@cs πᾶς@andfs- κακία@ndfsc ἔνοχος@annms- ὅς@rpgfs ὁ@dafs ὑπό@p στασινή@nafsc πρός@p ὁ@dafs ὕλη@nafsc ὁ@dgfs ψυχή@ngfsc πτῶσις@nnfsc κατά@p στέρη@nafsc σιν@nafsc ὁ@dgns ἀγαθός@angns- παράγω@viaa3s λῆρος@nnmsc οὖν@b πᾶς@ananp- ἕως@cs τις@rpnms ὁ@dgfs ἀρχή@ngfsc ἀποσφάλλω@vire3s καί@cs ἐνδεής@annms- πᾶς@angnp- ἕως@cs οὐ@b πρός@p ὁ@dams πόρος@namsc οὐ@b βλέπω@vipa3s εἴκω@vipa3s τε@cs ὁ@ddms θνητός@andms- ὁ@dgfs φύσις@ngfsc αὐτός@rpgms ἕως@cs ὁ@dams ὄντως@b ἑαυτοῦ@rpams οὐ@b γνωρίζω@viaa3s δεινός@annfs- δέ@b ὁ@dnfs ἀδικία@nnfsc πείθω@vnpa-- ἑαυτοῦ@rpafs καί@cs δεκάζω@vnpa-- ὁ@damp ὑπό@p αὐτός@rpgfs συνέχω@vppeamp διότι@cs σύν@p ἡδονή@ndfsc προσομιλέω@vipa3s ὁ@ddmp τρόφιμος@ndmpc ὥσπερ@cs δέ@b ἐν@p βίος@ngmpc αἵρεσις@ndfpc ἀκρι@annnp- βής@annms- κριτής@nnmsc ὁ@dnms πεῖρα@nafsc ἄμφω@angmd- λαμβάνω@vpranms ὁ@dgms θατέ@b ρου@ngmsc πειράω@vpapgms μόνος@angms- οὕτως@b ἐν@p αἵρεσις@ndfpc καί@cs φυ@ γῆ@ndfpc καθήκω@vppagnp ἀσφαλής@annmsc κριτής@nnmsc ὁ@dnms ἐκ@p ὁ@dgms ἐπαναβαίνω@vpragms κρίνω@vppanms καί@cs ὁ@dans ἥσσων@anansc ὁ@dgms κάτωθεν@b κρίνω@vppagms ὁ@danp πρόκειμαι@vpreanp ὥστε@cs ὁ@dnms κατά@p νόος@namsc ζάω@vppanms ὁ@dgns κατά@p ὁ@dafs ἀλογία@nafsc ἀκριβής@annmsc ὁριστής@nnmsc ὅς@rpgnp τε@b αἱρετέος@annns- καί@cs ὅς@rpgnp μή@b διέρχομαι@viaa3s γάρ@b καί@b διά@p ἀλογία@ngfsc ἅτε@b ἐκ@p ἀρχή@ngfsc οὗτος@rpdfs προσομιλέω@vpaanms ὁ@dnms δέ@b ἄπειρος@annms- εἰμί@vppanms ὁ@dgnp κατά@p νόος@namsc πείθω@vipa3s ὁ@damp ὅμοιος@anamp- παῖς@nnmsc ἐν@p παῖς@ndmpc φλυαρέω@vppanms ἀλλά@b εἰ@cs πᾶς@annmp- φημί@vipa3p οὗτος@andmp- πείθω@voap3p ὁ@ddmp λόγος@ndmpc τίς@rpnns ἐγώ@rpdmp εἰμί@vifm3s ἠ@i δῆλος@annns- ὡς@cs εὐδαιμονικός@nnfsc μεν@vifa1p ἀδικία@ngfsc μέν@b ἐξορίζω@vpapgfs ἀπό@p ἄνθρωπος@ngmpc δικαιοσύνη@ngfsc δέ@cs πολιτεύω@vppegfs καί@b παρά@p ἐγώ@rpdmp καθά@b πέρ@b καί@cs ἐν@p οὐρανός@ndmsc νῦν@b δέ@b ὅμοιος@annns- ὡς@cs εἰ@cs ὁ@dnfp δαναίδες@nnfpp ἀπορέω@viia3p τις@anams- βίος@namsc βιόω@vifm3p ἀπαλλάσσω@andfs- σσαι@vnaa-- ὁ@dgfs περί@p ὁ@dams τετραίνω@vpreams πίθος@namsc διά@p ὁ@dgns κοσκί@angms- -@angns- νου@angns- λατρεία@ngfsc τίς@rpans γάρ@b εἰμί@vifm3s ἀπορέω@vppadmp εἰ@cs παύω@vifm1s μένω@vira1s ἐπιφορέω@vppanmp εἰς@p ὁ@danp πάθος@nanpc ἐγώ@rpgcp καί@cs ὁ@dafp ἐπί@p θυμία@nafpc ὅς@rpgnp ὁ@dnns πᾶς@annns- διαρρέω@vipa3s ἀπειρία@ndfsc ὁ@dgnp καλός@angnp- ὁ@dams ἐπί@p ὁ@ddnp ἀναγκαῖος@andnp- καί@cs ὑπέρ@p ὁ@dgnp ἀναγκαῖος@angnp- στερέω@angnps γέγωνα@vppagmp ἐγώ@rpgmp βίος@namsc τίς@rpans τοίνυν@b πράσσω@vsaa1p ἐρωτάω@vipa2s ὦ@i ἄνθρωπος@nvmsc μιμέομαι@vsam1p ὁ@dans χρύσεος@anans- γένος@nansc ζηλόω@i μένω@vmpa2s ὁ@damp ἐλευθερόω@vpapamp μετά@p ὅς@rpafs μέν@b γάρ@b αἰδώς@nnfsp καί@b νέμεσις@nnfsp ὅς@dnfs τε@cs δίκη@nnfsp ὁμιλέω@vipa3s ὅτι@cs ἀρκέομαι@viie3p ὁ@ddms ἐκ@p γῆ@ngfsc καρπός1@ndmsc καρπός@namsc γάρ@x σφεῖς@rpdfp φέρω@viia3s ζείδωρος@annfs- ἄρουρα@nnfsc αὐτόματος@annfs- πολύς@anams- τε@x καί@cs ἄφθονος@anams- ὁ@dnmp δέ@b γε@b ἐλευθερόω@vpapnmp ὅς@rpanp πάλαι@b ὁ@ddmp δεσπότης@ndmpc ὑπηρετέω@vppanmp ἐφοράω@viia3p οὗτος@rpanp ἑαυτοῦ@rpdmp πορίζω@vipa3p οὐ@b ἄλλως@b καί@b σύ@rpnms τοίνυν@b ἀπαλλάσσω@vpapnms ὁ@dgfs ὁ@dgns σώω@angns- -@annms- μα@ngnsc δουλεία@ngfsc καί@cs ὁ@dgfs ὁ@ddnp πάθος@ndnpc ὁ@ddnp διά@p ὁ@dans σῶμα@nansc λατρεία@ngfsc ὡς@cs ἐκεῖνος@rpanp τρέφω@viia2s παντοῖος@b ὁ@ddmp ἔξωθεν@b οὕτως@b αὐτός@rpams τρέφω@vifa2s παντοῖος@b ὁ@ddnp ἔνδον@b θεν@b δίκαιος@b ἀπολαμβάνω@vppanms ὁ@danp ἴδιος@ananp- καί@cs οὐ@b ἔτι@b ὁ@danp ἀλλότριος@ananp- βία@ndfsc ἀφαιρέω@vppenms"
"abstin._4.1","πρός@p μέν@b ἅπας@anafp- σχεδόν@b ὁ@dafp σκῆψις@nafpc ὁ@dgmp ὁ@ddfs μέν@b ἀλήθεια@ndfsc ἀκρασία@ngfsc ἕνεκα@p καί@cs ἀκολασία@ngfsc ὁ@dafs σαρκοφαγία@nafsc προσμένω@vpamgmp ἀπολογία@ngfsc δέ@cs αὐτός@rpdmp ἀναι@angfs- γύμναστος@nafpc πορίζω@vpragmp ὁ@dafp ἐκ@p ὁ@dgfs ἔνδεια@ngfsc ὅς@rpgfp πλέος@anansc ἤ1@cs χρή@viia3s ὁ@ddfs φύσις@ndfsc προσάπτω@vipa3p διά@p ὁ@dgnp ἐρῶ@vpregnp ὦ@i καστρίκιος@nvmsp ἀπαντάω@viaa1p λείπω@vppegfp δέ@b ἔτι@b μέρος@ndnsc κῶνος@dgfp ζήτησις@ngfpc ὅς@rpgfp μάλιστα@b ὁ@dnfs ὁ@dgns συμφέρω@vppagns ἐπαγ@viaa3s γελάω@nnfsc ἐξαπατάω@vipe3s ὁ@damp ὑπό@p ὁ@dgfp ἡδονή@ngfpc δεκαστάζω@vpreamp καί@b μήν@b καί@b ὁ@dgfs μαρτυρία@ngfsc ὁ@dgns μηδείς@rpans μή@b τε@b ὁ@dgnp σύ@rpgmp φημί@vppanms μή@b τε@cs τις@anans- ἔθνος@nansc παραιτέομαι@vnam-- ὁ@dafs βρῶσις@nafsc ἱκανά@annnp- νῶς@b εἰς@p μέγεθος@nansc ὁ@dgfs ἀδικία@ngfsc ὁ@damp ἀκούω@vppaamp προα@viia3s γοῦσα@vppagfs ὑπό@p ἀπειρία@ngfsc ὁ@dgfs ἀληθινός@angfs- ἱστορία@ngfsc ὁ@dams ἔλεγχος2@namsc οὗτος@rpgnp ποιέω@vnpe-- μέλλω@vppanmp ὁ@dafp περί@p ὁ@dgns συμφέρω@vppagns καί@cs ὁ@dgnp ἄλλος@angnp- ζήτημα@ngnpc λύω@nafpc ἐκ@p βάλλω@vnaa-- πειράω@vifm1p"
"abstin._4.2","ἄρχω@vsam1p δέ@b ἀπό@p ὁ@dgfs κατά@p ἔθνος@nanpc τις@rpgnp ἀποχή@ngfsc ὅς@rpafs ἡγέομαι@vifm3p ὁ@dgms λόγος@ngmsc ὁ@dnmp ἕλλην@nnmpp ὡς@cs ἄν@b ὁ@dgmp μαρτυρέω@vppagmp εἰμί@vppanmp οἰκεῖος@vope2s τατοι@annmp- ὁ@dgmp τοίνυν@b σύντομος@b τε@b ὁμοῦ@b καί@cs ἀκριβής@b ὁ@danp ἑλληνικός@ananp- συνάγω@vpaagmp εἰμί@vipa3s καί@b ὁ@dnms περιπατέω@nnmsc τικτόν@annms- δικαίαρχος@nnmsp ὅς@rpnms ὁ@dams ἀρχαῖος@anams- βίος@namsc ὁ@dgfs ἑλλάς@ngfsp -@angms- δος@ngfsc ἀφηγέομαι@vppenms ὁ@damp παλαιός@anamp- καί@b ἐγγύς@b θεός@ngmpc φημί@vipa3s γίγνομαι@vpraamp βέλτιστος@anamp- τε@b εἰμί@vppaamp φύσις@ndfsc καί@cs ὁ@dams ἄριστον@anams- ζάω@vpraamp βίος@namsc ὡς@cs χρύσεος@anans- γένος@nansc νομίζω@vira3s -@vnfm-- αι@vnpe-- παραβάλλω@vppeamp πρός@p ὁ@damp νῦν@b κίβδηλος@anamp- καί@cs φαῦλος@angfss ὑπάρχω@vppaamp ὕλη@ngfsc μηδείς@rpans φονεύω@vnpa-- εἰμί@rpdms ψυχον@nafsc ὅς@rpnns δή@x καί@b ὁ@damp ποιητής@nampc παρίστημι@vppaamp χρυ@ngmsc σός@anans- μέν@x ἐπονομάζω@vnpa-- γένος@nansc ἐσθλός@ananp- δέ@x πᾶς@ananp- λέγω3@vnpa-- ὁ@rpdmp εἰμί@viia3s καρπός@namsc δέ@x φέρω@viia3s ζείδωρος@annfs- ἄρουρα@nnfsc αὐτόματος@annfs- πολύς@anams- τε@x καί@cs ἄφθονος@anams- ὁ@rpnmp δέ@x θε@b λημός@nnmpc ἥσυχος@annmp- ἔργον@nanpc νέμω@viie3p σύν@p ἐσθλός@andnp- πολύς@andnp- ὅς@rpanp δή@b καί@b ἐξηγέομαι@vppenms ὁ@dnms δικαίαρχος@nnmsp ὁ@dams ἐπί@p κρόνος@ngmsp βίος@namsc τοιοῦτος@rpams εἰμί@vnpa-- φημί@vipa3s εἰ@cs δεῖ@vipa3s λαμβάνω@vnpa-- μέν@b αὐτός@rpams ὡς@cs γίγνομαι@vpradms καί@cs μή@b μάτην@b ἐπιφημίζω@vpreams ὁ@dans δέ@b λίαν@b μυθικός@anans- ἀφίημι@vpaaamp εἰς@p ὁ@dans διά@p ὁ@dgms λόγος@ngmsc φυσικός@anans- ἀνάγω@vnpa-- αὐτόματος@annnp- μέν@x γάρ@x πᾶς@ananp- φύω@viie3s εἰκότως@b οὐ@b γάρ@b αὐτός@rpnmp γε@b κατασκευάζω@viia3p οὐδείς@rpans διά@p ὁ@dans μή@b τε@cs ὁ@dafs γεωργικός@anafs- ἔχω@vnpa-- πω@b τέχνη@nafsc μή@b τε@cs ἕτερος@anafs- μηδείς@anafs- ἁπλόος@b ὁ@dnns δέ@b αὐτός@rpnns καί@b ὁ@dgns σχολή@nafsc ἄγω@vnpa-- αἴτιος@annns- γίγνομαι@viie3s αὐτός@rpdmp καί@b ὁ@dgns διάγω@vnpa-- ἄνευ@p πόνος@ngmpc καί@cs μέριμνα@ngfsc εἰ@cs δέ@cs ὁ@ddfs ὁ@dgmp γλαφυρός@angmps ἰατρός@ngmpc ἐπακολουθέω@vnaa-- δεῖ@vipa3s διάνοια@ndfsc καί@cs ὁ@dgns μή@b νοσέω@vnpa-- οὐδείς@anans- γάρ@b εἰς@p ὑγίεια@nafsc αὐτός@rpgmp μέγας@anansc παράγγελμα@nansc εὑρίσκω@voaa3s τις@rpnms ἄν@b ἤ1@cs ὁ@dans μή@b ποιέω@vnpa-- περίττωμα@nanpc ὅς@rpgnp διά@p παυτός@ngmsc ἐκεῖνος@rpnmp καθαρός@ananp- ὁ@danp σῶμα@nanpc φυλάσσω@viia3p οὐ@b τε@b γάρ@b ὁ@dgfs φύσις@ngfsc ἰσχυρός@anafsc τροφή@nafsc ἀλλά@cs ὅς@rpgfs ὁ@dnfs φύσις@nnfsc ἰσχυρός@annfsc προσφέρω@viie3p οὐ@b τε@cs ὁ@dafs πλείων@anafsc ὁ@dgfs μέτριος@ngfsc διά@p ὁ@dafs ἑτοιμότης@nafsc ἀλλά@cs ὡς@cs ὁ@danp πολύς@ananp- ὁ@dafs ἐλάσσων@anafsc ὁ@dgfs ἱκανός@angfs- διά@p ὁ@dafs σπάνις@nafsc ἀλλά@b μήν@nnmpc οὐ@b δέ@b πόλεμος@nnmpc αὐτός@rpdmp εἰμί@viia3p οὐ@b δέ@cs στάσις@nnfpc πρός@p ἀλλήλων@rpamp ἆθλον@nansc γάρ@b οὐδείς@anans- ἀξιόλογος@anans- ἐν@p ὁ@ddns μέσος@andns- πρόκειμαι@vpreans ὑπέρ@viia3s ἔχω@ ὑπέρ@p ὅστις@rpgns τις@rpnms ἄν@b διαφορά@nafsc τοσοῦτος@anafs- ἐνίστημι@viap3s σατοὶ@viae3s ὥστε@b ὁ@dnns κεφάλαιος@annns- εἰμί@vnpa-- ὁ@dgms βίος@ngmsc συμβαίνω@viia3s σχολή@nafsc ῥᾳθυμία@nafsc ἀπό@p ὁ@dgnp ἀναγκαῖος@angnp- ὑγίεια@nafsc εἰρήνη@nafsc φιλία@nafsc ὁ@ddmp δέ@x ὕστερος@andnp- ἐφίημι@vppedmp μέγας@annms- -@ngmpc λων@ngmpc καί@cs πολύς@andnp- περιπίπτω@vppadnp κακός@andnp- ποθεινός@annms- εἰκός@b πως@b ἐκεῖνος@annms- ὁ@dnms βίος@nnmsc γίγνομαι@viie3s δηλόω@vipa3s δέ@b ὁ@dnns λιτός@annns- ὁ@dgmp πρῶτος@angmp- καί@cs αὐτοσχέδιος@anans- ὁ@dgfs τροφή@ngfsc ὁ@dans μεθύστερος@anans- ἐρῶ@vpapnns ἅλις@b δρῦς@ngfsc ὁ@dgms μεταβάλλω@vppagms πρῶτος@angms- οἷος@rpnnp εἰκός@vpranns οὗτος@rpans φθέγγομαι@vpamgms ὕστερος@anans- ὁ@dnms νομαδικός@annms- εἰσέρχομαι@viaa3s βίος@nnmsc κατά@p ὅς@rpams περισσός@anafsc ἤδη@b κτῆσις@nafsc προσπεριβάλλω@viam3p καί@cs ζῷον@ngnpc ἅπτω@viam3p κατανοέω@vpaanns τε@vppanmp ὅτι@cs ὁ@dnnp μέν@b ἀσινής@annnp- τυγχάνω@viia3s εἰμί@vppannp ὁ@dnnp δέ@cs καί@ κοῦργος@annnp- καί@cs χαλεπός@annnp- καί@b οὕτως@b δή@b ὁ@danp μέν@b τιθήνη@viie2s σαν@ananp- ὁ@ddmp δέ@cs ἐπιτίθημι@viam3p καί@cs ἅμα@b ἐν@p ὁ@ddms αὐτός@andms- βίος@ndmsc συνεισέρχομαι@viaa3s πόλεμος@nnmsc καί@b οὗτος@rpanp φημί@vipa3s οὐ@b ἐγώ@rpnmp ἀλλά@cs ὁ@dnmp ὁ@danp παλαιός@ananp- ἱστορία@ndfsc διεξέρχομαι@vpaanmp ἐρῶ@vira3p ἤδη@b γάρ@b ἀξιόλογος@annnp- κτῆμα@nnnpc εἰμί@viia3s ὑπάρχω@vppannp ὁ@dnmp μέν@b ἐπί@p ὁ@dans παραιρέω@vnam-- φιλοτιμία@nafsc ποιέω@viie3p ἀθροιζέω@viie3p μένω@vppenmp τε@b καί@cs παρακαλέω@vppanmp ἀλλήλων@rpamp ὁ@dnmp δέ@cs ἐπί@p ὁ@dans διαφυλάσσω@vnaa-- πρόειμι1@vppagms δέ@b κατά@p μικρός@anans- οὕτως@b ὁ@dgms χρόνος@ngmsc κατανοέω@vppanmp ἀεί@b ὁ@dgnp χρήσιμος@angnp- εἰμί@vnpa-- δο@angmp- κῶνος@angnp- εἰς@p ὁ@dans τρίτος@anans- τε@b καί@cs γεωργικός@anans- ἐμπίπτω@viaa3p εἰμί@vipa2s δος@ngfsc οὗτος@rpanp μέν@b δικαιάρχης@ngmsp ὁ@danp παλαιός@ananp- ὁ@dgmp ἑλλη@ngmsp -@angmp- νικάω@ngmpc διέξειμι@vppagms μακάριος@anams- τε@b ὁ@dams βίος@namsc ἀφηγέομαι@vipm1s νου@ngmsc ὁ@dgmp παλαιός@angmps εἰμί@vppanns οὐ@b ἥσσων@anansc ὁ@dgnp ἄλλος@rpgmp καί@cs ὁ@dnfs ἀποχή@nnfsc ὁ@dgmp ἔμψυχος@angnp- συμπληρόω@viia3s διά@p ὅς@rpans πού@nvmsc λεμος@nnmsc οὐ@b εἰμί@viia3s ὡς@b ἄν@b ἀδικία@ngfsc ἐξελαύνω@vpregfs συνεις@viaa3s -@ ἔρχομαι@viaa3s δέ@b ὕστερος@anans- καί@b πόλεμος@nnmsc καί@cs εἰς@p ἀλλήλων@rpamp πλεονεξία@nnfsc ἅμα@p ὁ@ddfs ὁ@dgnp ζῷον@ngnpc ἀδικία@nnfpc ὅς@rpnns καί@b θαυμα@nnnsc στός@namsc ὁ@dgmp τολμάω@vpaagmp ὁ@dafs ἀποχή@nafsc ὁ@dgnp ζῷον@ngnpc ἀδι@b κέως@nafpc μήτηρ@nafsc εἶπον@vnaa-- ὁ@dgfs ἱστορία@ngfsc καί@cs ὁ@dgfs πεῖρα@ngfsc ἅμα@p ὁ@ddms φόνος@ndmsc αὐτός@rpgnp τρυφή@nafsc τε@b καί@b πόλεμος@namsc καί@cs ἀδικία@nafsc συνεισέρχομαι@vnaa-- μηνύω@vppagfs"
"abstin._4.3","ὅς@rpnns δή@b καί@b ὕστερος@anans- λυ@ngmsp κοῦργος@namsc ὁ@dams λακεδαιμόνιος@anams- σύνεἶδον@vpaaams καίπερ@b ἄν@b κρατέω@vpragms ὁ@dgns γεύω@vnpe-- ἔμψυχος@angnp- οὕτως@b ὁ@dafs πο@b λιτεία@nafsc συντάσσω@vnaa-- ὡς@cs ἥκιστος@ananps ὁ@dgfs ἐκ@p οὗτος@rpgmp τροφή@ngfsc δέω2@vnpe-- ὁ@dams γάρ@b κλῆρος@namsc ἕκαστος@angmp- οὐ@b ἐν@p ἀγέλη@ndfpc βοῦς@ngfpc καί@cs πρόβατον@ngnpc αἴξ@ngmpc τε@b καί@cs ἵππος@ngmpc ὁ@dnfs χρῆμα@nnnsc ὁ@rpgmp περιουσία@ndfsc ἀφορίζω@vnaa-- ἀλλά@cs ἐν@p γῆ@ngfsc κτάομαι@ndfsc φέρω@angfs- σός@angfs- ἀποφορά@nafsc ἀνήρ@ndmsc ἑβδομήκοντα@ κριθή@ngfpc μέδιμνος@anamp- γυνή@ndfsc δέ@x δώδεκα@ καί@cs ὁ@dgmp ὑγρός@angmp- καρπός1@ngmpc ἀνάλλογος@anams- γε@nnmsc ὁ@dnns πλῆθος@nnnsc ἀρκέω@vnfa-- γάρ@b οἴομαι@viie3s τοσοῦτος@anans- τρο@nansc φημί@nansc πρός@p εὐεξία@nafsc καί@cs ὑγεία@nafsc ἱκανός@anafs- ἄλλος@rpgns μηδείς@rpnns νός@p δέω2@vpfmdmp ὅθεν@b καί@b φημί@vipa3p ὡς@cs ὕστερος@anans- ποτέ@b χρόνος@ndmsc ὁ@dafs χώρα@nafsc διέρχομαι@vppenms ἐκ@p ἀποδημία@ngfsc ἄρτι@b θερίζω@vpreafs ὁράω@vppanms ὁ@dafs γῆ@nafsc καί@cs ὁ@dafp ἅλων@nafpc παραλ@b -@anafp- δῆλος@anamp- καί@cs ὁμιαλής@anamp- μειδιῶ@viaa3s τε@b καί@cs εἶπον@viaa3s πρός@p ὁ@damp πάρειμι1@vppaamp ὡς@cs ὁ@dnfs λακωνικός@annfs- φαίνω@vipe3s πᾶς@annfs- πολύς@angmp- ἀδελφός@ngmpc εἰμί@vnpa-- νεωστί@b νέμω@vpregmp τοιγάρ@b οὖν@b ἔξεστι@viia3s αὐτός@rpdms τρυφή@nafsc ἐξελαύνω@vpaadms ὁ@dgfs σπόρτη@ngfsp ἄκυρον@vnaa-- πᾶς@anans- νόμισμα@nansc χρύσεος@anans- καί@cs ἀργυροῦς@anans- μόνος@andms- δέ@cs χράω@vnpe-- ὁ@ddms σιδήρεος@ndmsc καί@cs οὗτος@rpdms ἀπό@p πολύς@angns- σταθ@b μοῦ@ngnsc καί@cs ὄγκος2@ngmsc δύναμις@nafsc ὀλίγος@anafs- ἔχω@vppadms ὥστε@cs δέκα@an---- μνᾶ@ngfpc ἀμοιβή@nafsc ἀποθήκη@ngfsc μέγας@angfs- ἐν@p οἰκία@ndfsc δέω2@vnpe-- καί@cs ζεῦγος@ngnsc ἄγω@vppagns οὐ@b κυρόω@vpapgms ἐκπίτνω@viaa3s ἀδίκημα@ngnpc γένος@nnnpc πολύς@annnp- ὁ@dgfs λακεδαίμων@ngfsp τις@rpncs γάρ@b ἤ1@cs κλέπτω@vnpa-- μέλλω@viia3s ἤ1@cs δωροδοκέω@vnpa-- ἤ1@cs ἀποστερέω@vnpa-- ἤ1@cs ἁρπάζω@vnpa-- ὅς@rpans μή@b τε@cs κατακρύπτω@vnaa-- δυνατός@annns- εἰμί@viia3s μή@b τε@cs κτάομαι@vnre-- ζωόν@anams- ἀλλά@cs μη@b δέ@cs κατακόπτω@vnaa-- λυσιτελής@anans- μέλλω@viia3p δέ@b καί@b τέχνη@nnfpc ἄχρηστος@annfp- ἐξελαύνω@vnfp-- σύν@p οὗτος@rpdmp διάθεσις@nafsc ὁ@dgnp ἔργον@ngnpc οὐ@b ἔχω@vppagnp ὁ@dnns γάρ@b σιδήρεος@annns- ἀγώγιμος@annns- οὐ@b εἰμί@viia3s πρός@p ὁ@damp ἄλλος@rpamp ἕλλη@nnfsp να@nafpc οὐ@b δέ@cs ἔχω@viia3s τιμή@nafsc καταγελάω@vppenns ὥστε@cs οὐ@b δέ@cs πρίαμαι@vnpm-- τις@rpans ὁ@dgnp ξενικός@angnp- καί@cs ῥωπικός@angnp- ὑπάρχω@viia3s οὐ@b δέ@b εἰσπλέω@viia3s φόρτος@nnmsc ἐμπορικός@annms- εἰς@p ὁ@damp λιμήν@nampc οὐ@b δέ@cs ἐπιβαίνω@viia3s ὁ@dgfs λακωνικός@angfs- οὐ@b σοφιστής@nnmsc λόγος@ngmpc οὐ@b μάντις@nnmsc ἀγυρτικός@annms- οὐ@b ἑταίρα@ngfpc τροφεύς@nnmsc οὐ@b χρυ@ngmpc σός@angfp- τις@rpncs οὐ@b χάλκεος@angnp- κόσμος@ngnpc δημιουργός@nnmsc ἅτε@b δή@b νομίσμιατος@angms- οὐ@b εἰμί@vppagms ἀλλά@b οὕτως@b ἀπεράω@nnfsc μώομαι@vpapnfs κατά@p μικρός@anans- ὁ@dnfs τρυφή@nnfsc ὁ@dgmp ζωπυρέω@vppagmp καί@cs τρέφω@vppagmp αὐτός@annfs- διά@p ἑαυτοῦ@rpgfs μαραίνω@viie3s καί@b πλέος@annnsc οὐδείς@rpnns εἰμί@viia3s ὁ@ddmp πολύς@ananp- κτάομαι@vpredmp ὁδός@namsc οὐ@b ἔχω@vppagfs εἰς@p μέσος@anans- ὁ@dgfs εὐπορία@ngfsc ἀλλά@cs ἐγκατῳκοδοθετ@ngfsc μμέομαι@vpregfs καί@cs ἀργέω@vppagfs διά@p ὅς@rpans καί@b ὁ@dnnp πρόχειρος@annnp- ὁ@dgnp σκεῦος@ngnpc καί@cs ἀναγκαῖος@annnp- οὗτος@annnp- κλιντήρ@nnmpc καί@b δίφρος@nnmpc καί@cs τράπεζα@nnfpc βέλτιστος@ananps παρά@p αὐτός@rpdmp δημιουργέω@viie3s καί@cs κώθων@vppanms ὡς@cs φημί@vipa3s κριτίας@nnmsp ὁ@dnms λακωνικός@annms- εὐδο@nnmsc κίω@vipa3s μάλιστα@b πρός@p ὁ@dafp στρατεία@nafpc ὁ@dnnp γάρ@b ἀναγιγνώσκω@annnp- καίως@b πίνω@vppeanp ὁ@dgnp ὕδωρ@ngnpc καί@cs δυσωπέω@vppaanp ὁ@dafs ὄψις@nafsc ἀποκρύπτω@viie3s ὁ@ddfs χροιά@ndfsc καί@cs ὁ@dgms θολερός@ngmsc προς@ κόπτω@vppagms καί@cs προσίσχω@vppegms ὁ@ddmp ἄμβων@ndmpc καθά@b ρώδης@anansc πλησιάζω@viia3s ὁ@ddns στόμα@ndnsc ὁ@dans πίνω@vppeans αἴτιος@annms- δέ@b καί@b οὗτος@rpgnp ὁ@dnms νομοθέτης@nnmsc ὡς@cs φημί@vipa3s ὁ@dnms πλούταρος@nnmsp χος@nnmsc ἀπαλλάσσω@vprenmp γάρ@b ὁ@dnmp δημιουργός@nnmpc ὁ@dgfp ἀχρή@angmp- στων@vppanms ἐν@p ὁ@ddnp ἀναγκαῖος@andnp- ἐπιδείκνυμι@viie3p ὁ@dafs καλλιτε@an---- χνία@nafsc"
"abstin._4.4","ἔτι@b δέ@b μᾶλλον@b ἐπιτίθημι@vnae-- ὁ@ddfs τρυφή@ndfsc καί@cs ὁ@dams ζῆλος@namsc ἀφαιρέω@vnam-- ὁ@dgms πλοῦτος@ngmsc διανοέω@vpapnms ὁ@dans τρίτος@anans- πολίτευμα@nansc καί@cs καλός@ananss ἐπάγω@viia3s ὁ@dafs ὁ@dgnp σύσσημον@ngnpc τίω@ngnpc κατασκευή@nafsc ὥστε@cs δειπνέω@vnpa-- μετά@p ἀλλήλων@rpgmp σύν@vppaamp εἶμι@vppaamp ἐπί@p κοινός@andnp- καί@cs τάσσω@vprednp ὄψον@ndnpc καί@cs σιτίον@ndnpc οἴκοι@b δέ@cs μή@b διαιτάω@vnpe-- κατακλίνω@vpaaamp εἰς@p στρωμνή@nafpc πολυτελής@anafp- καί@cs τράπεζα@nafpc χείρ@ndfpc δημιουργός@ngfpc καί@cs μάγειρος@ngmpc ὑπό@p σκότος@nansc ὥσπερ@cs ἀδηφάγα@annnp- ζῷον@nanpc πιαι@nnmpc νίνω@vppeamp καί@cs διαφθείρω@vppaamp ἅμα@p ὁ@ddnp ἦθος@ndnpc ὁ@danp σώω@ananp- -@ananp- ματα@nanpc πρός@p πᾶς@anafs- ἐπιθυμία@nafsc ἀνίημι@vpreanp καί@cs πλησμός@ananp- νή@nafsc μακρός@angmp- μέν@b ὕπνος@ngmpc θερμός@angnp- δέ@b λουτρόν@ngnpc πολύς@angfs- δέ@b ἡσυχία@ngfsc καί@b τρόπος@namsc τις@rpacs νοσηλεία@angfs- καθή@vopa3s ἐαρινός@angfs- δέω2@vppeafs μέγας@annns- μέν@b οὖν@b καί@b οὗτος@rpnns εἰμί@viia3s μέγας@annnsc δέ@cs οὗτος@rpgns ὁ@dnns ὁ@dams πλοῦτος1@namsc ἄζηλος@anams- ὡς@cs φημί@vipa3s θεόφραστος@nnmsp καί@cs ἄπλουτος@anams- ἀπεργάζομαι@vnae-- ὁ@ddfs κοινός@anans- τητι@b ὁ@dgnp δεῖπνον@ngnpc καί@cs ὁ@ddfs περί@p ὁ@dafs δίαιτα@nafsc εὐτέλεια@ndfsc χρῆσις@nnfsc γάρ@b οὐ@b εἰμί@viia3s οὐ@b δέ@cs ἀπόλαυσις@nnfsc οὐ@b δέ@cs ὄψις@nnfsc ὅλος@b ἤ1@cs ἐπίδειφις@nnfsc ὁ@dgfs πολύς@angfs- παρασκευή@ngfsc ἐπί@p ὁ@dans αὐτός@anans- δεῖπνον@nansc ὁ@ddms πένης@ndmsc ὁ@dgms πλούσιος@ngnsc βαδίζω@vppagms ὥστε@b οὗτος@rpnns δή@b ὁ@dnns θρυλέω@vppeams ἐν@p μόνος@andfs- ὁ@ddfs σπτάρτη@ndfsp βλέπω@vnpe-- τυ@b φλός@namsc εἰμί@vppaams ὁ@dams πλοῦτος1@namsp καί@cs κεῖμαι@vpreams ὥσπερ@cs γρα@nnfsc φημί@nafsc ἄψυχος@anams- καί@cs ἀκίνητος@anams- οὐ@b δέ@b γάρ@b οἴκοι@b πρό@p δειπνέω@vpaaamp ἔξεστι@viia3p βαδίζω@vnpa-- ἐπί@p ὁ@danp συσσίτιον@nanpc πλήσσω@vpreanp ῥώομαι@vpreamp ἀλλά@cs ἐπιμελής@b ὁ@dnmp λοιπός@annmp- φυλάσσω@vppanmp ὁ@dams μή@b πίνω@vppaams μη@b δέ@cs εἰσθέω@vppaams μετά@p αὐτός@rpgmp προπηλακίζω@viia3p ὡς@b ἀκρατής@anams- καί@cs πρός@p ὁ@dafs κοινός@anafs- μαλθακίζομαι@vppeams δῖος@ndfsc τε@nafsc διά@p ὅς@rpans καί@b φιδίτιον@nanpc προσαγορεύω@viia3p οὗτος@rpanp εἰ@cs τε@b ὡς@b φιλία@ngfsc καί@cs φιλοφροσύνη@ngfsc ὑπάρχω@vppaanp σἴτιον@ananp- ἀντί@p ὁ@dgns λάβδα@vpaaams ὁ@dans δέλτα@nafsc λαμβάνω@vppanmp εἰ@cs τε@cs ὡς@b πρός@p εὐ@anans- τέλειος@nafsc καί@cs φειδώ@nafsc συνεθίζω@vppagmp συνάρχω@viie3p δέ@b ἀνά@p πεντεκαίδεκα@an---- καί@cs βραχύς@andns- οὗτος@rpgmp ἐλάσσων@annmpc ἤ1@cs πλείων@annmpc φέρω@viia3s δέ@x ἕκαστος@annms- κατά@p μείς@namsc ὁ@dgmp συσσί@ndmpc ὁ@rpgnp ἄλφιτον@ngnpc μέδιμνος@nansc οἶνος@ngmsc χόης@nampc ὀκτώ@ τυρός@ngmsc πέντε@ μνᾶ@nafpc σῦκον@ngmpc ἡμίμνεον@nanpc πέντε@ πρός@p δέ@b οὗτος@rpdnp εἰς@p ὀψωνία@nafsc μικρός@anans- τις@rpans κομιδῇ@b νόμισμα@ngnsc"
"abstin._4.5","εἰκότως@b ἄρα@b οὕτως@b λιτός@b καί@cs σώφρων@b δειπνέω@vppagmp καί@b ὁ@dnmp παῖς@nnmpc φοιτάω@viia3p εἰς@p ὁ@danp συσσίτιον@nanpc ὥσπερ@cs εἰς@p διδάσκω@nafsc λεῖος@ananp- σωφροσύνη@ngfsc ἄγω@vppenmp καί@b λόγος@ngmpc ἀκροάομαι@viim3p πολιτικός@angmp- καί@cs παιδευτής@nampc ἐλευθερία@nafpc ὁράω@viia3p αὐτός@rpnmp τε@cs παίζω@vnpa-- ἐθίζω@viie3p καί@b σκώπτω@vnpa-- ἄνευ@p βωμολοχία@ngfsc καί@cs σκώπτω@vppenmp μή@b δυσχεραίνω@vnpa-- σφόδρα@b γάρ@b δίδωμι@viia3s κε@vila3s καί@b οὗτος@rpans λακωνικός@anans- εἰμί@vnpa-- σκῶμμα@ngnsc ἀνέχω@vpaanns αι@vnpe-- μή@b φέρω@vppaams δέ@b ἔξεστι@viia3s παραιτέομαι@vnpe-- καί@cs ὁ@dnms σκώπτω@vppanms παύω@vile3s τοιοῦτος@rpnfs μέν@b ὁ@dnfs ὁ@dgmp λακεδαι@ngmpp μιονίων@vppanms περί@p ὁ@dafs δίαιτα@nafsc λιτότης@nnmsc καίπερ@b εἰς@p πλῆθος@nafsc θος@nnmsc νομοθετέω@vprenfs διά@p ὅς@rpans καί@b ἀνδρικός@annmpc καί@b σώφρων@annmpc καί@cs ὁ@dgns ὀρθός@angns- μᾶλλον@b φροντίζω@vppanmp ὁ@dnmp ἐκ@p οὗτος@angfs- ὁ@dgfs πολιτεία@ngfsc ἀναβαίνω@vppanmp παραδέχομαι@ δέω@vipe3p ὁ@dgmp ἐκ@p ὁ@dgnp ἄλλος@rpgfp διαφθείρω@vpregmp καί@b ὁ@ddfp ψυχή@ndfpc καί@cs ὁ@ddnp σῶμα@ndnpc καί@b δῆλος@annns- ὡς@cs τοιοῦτος@andfs- πο@b -@ λιτεία@ndfsc οἰκεῖος@annns- ὁ@dnns ὁ@dgfs ἀποχή@ngfsc ὁ@dgfs παντελής@angfs- ὁ@ddfp δέ@cs διαφθείρω@vpregfs ὁ@dnns ὁ@dgfs βρῶσις@ngfsc μεταβαίνω@vpaadms δέ@b εἰς@p ὁ@danp ἄλλος@rpanp ἔθνος@nanpc ὅσος@rpnnp εὐνομία@ngfsc τε@cs καί@cs ἡμερότης@ngfsc ὁ@dgfs τε@cs πρός@p ὁ@dans θεῖος1@anans- εὐσέβεια@ngfsc ἐπιστρέφω@viap3s φανερός@annns- εἰμί@vifm3s ὡς@cs πρός@p τε@cs ὁ@dafs σωτη@nafsc -@nafsc ρία@nafsc ὁ@dgfp πόλις@ngfpc καί@cs ὁ@dans συμφέρω@vppaans αὐτός@rpdfp εἰ@cs καί@b μή@b ἐπί@p πᾶς@anamp- ἀλλά@cs γοῦν@b εἰς@p τις@rpamp ὁ@dans ὁ@dgfs ἀποχή@ngfsc προς@vile3s τάσσω@vile3s ὁ@dnmp δέ@b ὑπέρ@p ὁ@dgfs πόλις@ngfsc θύω@vppanmp ὁ@ddmp θεός@ndmpc καί@cs θεραπεύω@vppanmp ἀπομειλίσσομαι@viie3p ὁ@dafp ὁ@dgmp πολύς@angmp- ἁμαρτία@nafpc ὅσπερ@rpans γάρ@b ἐν@p ὁ@ddnp μυστήριον@ndnpc ὁ@dnms ἀπό@p ἑστία@ngfsc λέγω3@vppenms παῖς@nnmsc ἀντί@p πᾶς@angmp- ὁ@dgmp μυέω@vppegmp ἀπό@p μειλίσσω@vipe3s ὁ@dans θεῖος1@anans- ἀκριβής@b δράω@vppanms ὁ@danp προστάσσω@vpreanp -@vppeamp μένω@vppeanp οὗτος@rpans κατά@p ὁ@danp ἔθνος@nanpc καί@cs ὁ@dafp πόλις@nafpc ὁ@dnmp ἱερεύς@nnmpc δύναμαι@vipe3p ἀντί@p πᾶς@angmp- θύω@vppanmp καί@cs ὁ@dans θεῖος1@anans- προς@ ἄγω@vppenmp διά@p ὁ@dgfs εὐσέβεια@ngfsc εἰς@p ὁ@dafs σφεῖς@rpgmp κηδεμών@nafsc -@ νία@nafsc ὁ@ddmp τοίνυν@b ἱερεύς@ndmpc ὁ@ddnp μέν@b ὁ@dgnp ζῷον@ngnpc πάν@b ὁ@angnp- ὁ@ddmp δέ@b τις@rpgmp πάντως@b προστάσσω@vire3s ἀπέχω@vnpe-- ὁ@dgfs βορά@ngfsc ἄν@cs τε@cs ἑλληνικός@anans- ἔθος@nansc σκοπέω@vspa2s ἄν@cs τε@cs βᾶρις@nafsc βαρος@anams- καί@cs μέντοι@b παρά@p ἄλλος@rpdmp ἄλλως@b ὥστε@cs ὁ@damp πανταχοῦ@b παραλαμβάνω@vpapamp φαίνω@vnpe-- πᾶς@angnp- ἀπό@p ἔχω@vppeamp εἰ@cs τις@rpnms ὁ@damp πᾶς@anamp- ὡς@cs εἷς@ ὑπολαμβάνω@voaa3s εἰ@cs τοίνυν@b ὁ@dnmp ὁ@dgfs σωτηρία@ngfsc ὁ@dgfp πόλις@ngfpc προίστημι@vpranmp καί@cs ὁ@dafs εὐσέβεια@nafsc αὐτός@rpgmp ὁ@dafs πρός@p ὁ@damp θεός@nampc πείθω@vora3s στεῦμαι@annmp- ὁ@dgnp ζῷον@ngnpc ἀπέχω@vipe3p πῶς@b ἄν@b τις@rpncs τολμή@nnfsc σιω@vopa3p ὡς@cs ἀσύμφορος@anafs- ὁ@ddfp πόλις@ndfpc ὁ@dafs ἀποχή@nafsc αἰτιάομαι@b ἄομαι@vnpe--"
"abstin._4.6","ὁ@danp γοῦν@b κατά@p ὁ@damp αἰγύπτιος@nampp ἱερεύς@nampc χαίτη@nnfsp ρήμων@nnmsc ὁ@dnms στωικός@annms- ἀφηγέομαι@vppenms ὅς@rpamp καί@b φιλόσοφος@nampc ὑπολαμβάνω@vnre-- φημί@vipa3s παρά@p αἰγύπτιος@ndmpp ἐξηγέομαι@vipe3s ὡς@p ὁ@dans πον@namsc μέν@b ἐκλέγω@viam3p ἐμφιλοσοφέω@vnaa-- ὁ@danp ἱερόν@nanpc πρός@p τε@b γάρ@b ὁ@dafs ὅλος@anafs- ὄρεξις@nafsc ὁ@dgfs θεωρία@ngfsc συγγενής@annns- εἰμί@viia3s παρά@p ὁ@ddnp ἐκεῖνος@rpgmp ἀπόθεμα@ndnpc διαιτάω@vnpe-- παρέχω@viia3s τε@cs αὐτός@rpdmp ἀσφάλεια@nafsc μέν@b ἐκ@p ὁ@dgms θεῖος2@angms- σέβας@ngmsc καθά@cs τις@ananp- ἱερόν@ananp- ζῷον@nanpc πᾶς@angmp- τιμάω@vppagmp ὁ@nampc φι@ndmpc λόσοφος@nampc ἠρεμαῖος@andmp- δέ@b εἰμί@vnpa-- ἅτε@b ὁ@dgfs ἐπιμιξία@ngfsc κατά@p ὁ@dafp πανήγυρις@nafpc καί@cs ὁ@dafp ἑορτή@nafpc συντελέω@vppegfs μόνος@anans- ὁ@dans δέ@cs λοιπός@anans- σχεδόν@b ἄβατος@angnp- εἰμί@vppagnp ὁ@ddnp ἄλλος@rpdnp ὁ@dgnp ἱερόν@ngnpc ἁγνεύω@vpaaamp γάρ@b δεῖ@viia3s πρόσειμι@vnpa-- καί@cs πολύς@angnp- ἀπέχω@vpamamp καί@b οὗτος@rpnns ὥσπερ@cs κοινός@annms- ὁ@dgnp κατά@p αἴγυπτος@nafsp ἱερόν@ngnpc θεσμός@nnmsc εἰμί@vipa3s ἀπεῖπον@viaa3p μένω@vpaanmp δέ@b πᾶς@anafs- ὁ@dafs ἄλλος@anafs- ἐργασία@nafsc καί@cs πόνος@nampc ἐν@p ἀνθρώπινος@anamp- ἀποδίδωμι@viaa3p ὅλος@anams- ὁ@dams βίος@namsc ὁ@ddfs ὁ@dgmp θεῖος2@angmp- θεωρία@ndfsc καί@cs θεάω@ndfsc διά@p μέν@b οὗτος@rpgfs ὁ@dans τε@cs τίμιος@anans- καί@b ἀσφαλής@anans- καί@cs εὐσεβής@anans- πορίζω@vppenmp διά@p δέ@b ὁ@dgfs θεωρία@ngfsc ὁ@dafs ἐπιστήμη@nafsc διά@p ἄμφω@angnd- δέ@b ἄσκησις@nafsc ἦθος@ngfpc κραίνω@namsc μένω@vppeafs τις@rpacs καί@cs ἀρχαιοπρεπής@anafs- ὁ@dnns γάρ@b ἀεί@b σύνειμι1@vnaa-- ὁ@ddfs θεῖος2@andfs- γιγνώσκω@ndfsc καί@cs ἐπίπνοια@ndfsc πᾶς@angfs- μέν@b ἔξω@b τίθημι@viap3s σιν@ndfpc πλεονεξία@ngfsc καταστέλλω@vipa3s δέ@b ὁ@danp πάθος@nanpc διεγείρω@vipa3s δέ@cs πρός@p σύνεσις@nafsc ὁ@dams βίος@namsc λιτότης@nafsc δέ@b ἐπιτηδεύω@viie2s σαν@cs καί@b καταστολὴ@nafsc ἐμπειρία@nafsc τε@b καί@cs καρτερία@nafsc ὁ@dans τε@cs ἐν@p πᾶς@andns- δίκαιος@anans- καί@cs ἀπλεονεκτέω@anans- σεμινός@anamp- δέ@b αὐτός@rpamp παρέχω@viia3s καί@b ὁ@dnns δυσεπίμικτος@annns- ὅς@dnmp γε@b παρά@p μέν@b αὐτός@anams- ὁ@dgnp λέγω3@vppegfp ἁγνεία@ngfpc ὁ@dams καιρός@namsc οὐ@b δέ@cs ὁ@ddmp συγγενής@andmps καί@cs ὁμόφυλος@andmp- ἐπιμείγνυμι@viie3p σχάω@annmp- δίδωμι@viaa3p οὐ@b δέ@cs ἄλλος@rpgnp τις@rpdms θεωρέω@vppenmp ὅτι@cs μή@b πρός@p ὁ@dafp ἀναγκαῖος@nafpc συννεύω@vipa3p χρεία@nafpc ἤ1@cs ἁγνευτήριον@ananp- ὁ@ddmp μή@b καθαρεύω@vppadmp ἄδυτον@nanpc καί@cs πρός@p ἱερουργία@nafpc ἅγιος@ananp- κατανέμω@vppenmp ὁ@dams δέ@b ἄλλος@anams- χρόνος@namsc ἁπλούστερος@anans- μέν@b ὁ@ddmp ὅμοιος@andmp- ἐπιμείγνυμι@viie3p ὁ@dgmp δέ@cs ἐξωτικός@angmp- ὁ@dgfs θρησκεία@ngfsc οὐδείς@rpdns συμβιόω@viaa3p φαίνω@viie3p δέ@x ἀεί@b θεός@ngmpc ἤ1@cs ἄγαλμα@ngnpc ἐγγύς@b ἤτοι@b φέρω@vppanmp ἤ1@cs προηγέομαι@vppenmp καί@cs τάσσω@vppanmp μετά@p κόσμος@ngmsc τε@x καί@cs σεμνότης@ngfsc ὅς@rpgnp ἕκαστος@annns- οὐ@b τῦφος@annns- εἰμί@viia3s ἀλλά@cs τις@rpgcs ἔνδειξις@nnfsc φυσικός@angms- λόγος@ngmsc ὁ@dans δέ@b σεμνός@anans- καί@b ἐκ@p ὁ@dgns κατάστημα@ngnsc ὁράω@viie3s πορεία@nnfsc τε@cs γάρ@b εἰμί@viia3s εὔτακτος@annfs- καί@cs βλέμμα@nnnsc καθίστημι@vpranns ἐπιτηδεύω@viie3s ὡς@cs ὅτε@cs βούλομαι@voap3p μή@b σκαρδαμύσσω@vnpa-- γέλως@nnmsc δέ@x σπάνιος@annms- εἰ@cs δέ@b πού@b γίγνομαι@voam3s μέχρι@p μειδιάω@anafs- -@ngfsc σις@ngfsc ἀεί@b δέ@b ἐντός@p ὁ@dgns σχῆμα@ngnsc ὁ@dnfp χείρ@nnfpc καί@b σύμβολον@nnnsc γε@b εἰμί@viia3s ἕκαστος@andns- ὁ@dgfs τάξις@ngfsc ἐμφαντικός@annns- ὅς@rpgnp λαγχάνω@viaa3s ἐν@p ὁ@ddnp ἱερόν@ndnpc πλείων@annfpc γάρ@b εἰμί@viia3p ὁ@dnfp τάξις@nnfpc δίαιτα@nnfsc δέ@b λιτή@annfs- καί@cs ἀφελής@ngfsc οἶνος@ngmsc γάρ@b ὁ@dnmp μέν@b οὐ@b δέ@cs ὅλος@b ὁ@dnmp δέ@cs ὀλίγος@ananp- γεύω@viie3p νεῦρον@ngnpc αἰτιάομαι@vppenmp βλάβη@nafpc καί@cs πλήρωσις@nafsc κεφαλή@ngfsc ἐμπόδιος@anafs- εἰς@p εὕρεσις@nafsc ἀφροδίσιος@angnp- τε@cs φημί@viia3p αὐτός@rpams ὄρεξις@nafpc ἐπιφέρω@vnpa-- οὗτος@rpdfs δέ@b καί@b ὁ@dgfp ἄλλος@rpgfp εὐλαβής@b ἔχω@viia3p ἄρτος@ndmpc μέν@b οὐ@b δέ@cs ὅλος@b ἐν@p ὁ@ddfp ἁγνεία@andfp- χράομαι@vppenmp εἰ@cs δέ@x ποτέ@x μή@b ἁγνεύω@vopa3p σύν@p ὑσσώπους@andns- κόπτω@vppanmp ἐσθίω@viia3p ὁ@dans πολύς@anans- γάρ@b αὐτός@angms- ὁ@dgfs δύναμις@ngfsc καθαιρέω@vnpa-- φημί@viaa3p ὁ@dams ὑσσόπῳ@namsc ἔλαιον@ngnsc δέ@b ἀπέχω@viie3p μέν@b ὡς@b ὁ@dans πολύς@anans- ὁ@dnmp πολύς@annmps δέ@cs καί@b παντελής@b εἰ@cs δέ@b πού@b μετά@p λαχά@nanpc νων@angnp- χράω2@voam3p παντελής@b ὀλίγος@andns- καί@cs ὅσος@anans- παράγω@viia3s ρέομαι@vnaa-- ὁ@dafs αἴσθησις@nafsc"
"abstin._4.7","ὁ@dgnp μέν@b οὖν@b ἐκτός@p αἴγυπτος@ngfsp γίγνομαι@vppegnp βρῶμα@ngnpc τε@b καί@cs ποτόν@ngnpc οὐ@b θέμις@nnfsc εἰμί@viia3s ἅπτω@vnpe-- πολύς@annms- τις@rpnms οὕτως@b τρυφή@ngfsc ἀποκλείω@vile3s πόρος@nnmsc ὁ@dgmp δέ@b κατά@p αὐτός@anafs- ὁ@dafs αἴγυπτος@nafsp ἰχθύς@ngmpc τε@b ἀπέχω@viie3p πᾶς@angnp- καί@cs τετράπους@ngnpc ὅσος@annnp- μω~νυξ@annnp- ἤ1@b πολυσχιδής@annnp- ἤ1@cs μή@b κερασφόρος@annnp- πτηνός@ngnpc δέ@b ὅσος@rpnnp σαρ@nnfsc κοφάγα@nanpc πολύς@annmp- δέ@b καί@b καθάπαξ@b ὁ@dgmp ἔμψυχος@angmp- καί@b ἐν@p γε@b ὁ@ddfp ἁγνεία@andfp- ἅπας@annmp- ὁπότε@cs μη@b δέ@cs ᾠόν@vppaans προς@vmpa2s -@ ἵημι@vope3p καί@b μέντοι@b καί@b ὁ@dgnp ἄλλος@rpgnp οὐ@b ἀσυκοφάντης@anafs- τητος@b ποιέω@viie3p παραίτησις@nafsc οἷος@anans- ὁ@dgfp βοῦς@ngfpc ὁ@dafp θῆλυς@anafp- παραιτέομαι@viie3p ὁ@dgnp δέ@cs ἄρσην@ngnpc ὅσος@annnp- δίδυμος@ananp- κατάσπιλος@ananp- ἤ1@b ἑτερόχροος@ananp- ἤ1@cs παραλλάσσω@vppaanp ὁ@ddfs μορφή@ndfsc δαμάζω@vpreanp ὡς@b ἤδη@b καθοσιόομαι@vprennp ὁ@ddmp πόνος@ndmpc καί@cs τιμάω@vppedmp ἐμφερής@ananp- ἤ1@cs κατά@p ὅστις@anams- οὖν@b οἷος@anans- ἀπεικασμός@namsc ἔξεστι@vopa3s ἤ1@b ἑτερόφθαλμος@nansc ἤ1@cs πρός@p ἀνθρώπειος@nafsc ἐμφέρεια@nafsc νεύω@vppannp μυρίος@annfp- δέ@b ἄλλος@annfp- παρατήρησις@nnfpc ὁ@dgfs περί@p αὐτός@rpanp τέχνη@ngfsc ὁ@dgfp καλέω@vpfmgnp μοσχοσφρος@b γιστής@ngmpc ἄχρι@p σύνταξις@ngfpc προάγω@vppanfp βιβλικός@angfp- πε@ ριεργός@annnsc δέ@b ἔτι@b περί@p ὁ@danp πτηνός@nanpc οἷος@rpans τρυγών@namsc μή@b ἐσθίω@vnpa-- ἱέραξ@nnmsc γάρ@b φημί@viia3p πολλαχῆ@b ὁ@dans ζῷον@nansc συλλαμβάνω@vipa3s λαμβάνω@vpaanms ἀφίημι@vipa3s μισθός@namsc ἀποδίδωμι@vppanms μῖξις@ngfsc σωτηρία@nafsc ὡς@cs οὖν@b μή@b λανθάνω@voaa3p τοιοῦτος@rpdms περιπίπτω@vpaanmp ἅπας@annns- αὐ@an---- ὁ@rpgmp περιίστημι@viie3p ὁ@dans γένος@nnnsc κοινός@annfp- μέν@b δή@b θρησκεῖον@annfp- τις@rpnfp οὗτος@annfp- κατά@p γένος@nanpc δέ@b ὁ@dgmp ἱερεύς@ngmpc διάφορος@annfp- καί@cs οἰκεῖος@annfp- κατά@p ἕκαστος@anams- θεός@namsc ὁ@dnfp δέ@b ἁγνεία@annfp- πᾶς@angmp- καθαρεύω@viia3p ὁ@dnms δέ@b χρόνος@nnmsc οὗτος@annms- ὁπότε@cs συντελέω@vnpa-- τις@rpans ὁ@dgnp περί@p ὁ@dafs ἱερός@anafs- μέλλω@vopa3p θρησκεία@nafsc πρό@p λαμβάνω@vppanms ἡμέρα@ngfpc ἀριθμός@namsc ὁ@dnmp μέν@b δύο@angmd- καί@cs τε@an---- ταράσσω@an---- ὁ@dnmp δέ@b οὗτος@rpgmp πλείων@annmpc ὁ@dnmp δέ@cs ἐλάσσων@annmpc οὐδέποτε@b μέντοι@b ὁ@dgnp ἑπτὰ@an---- λείπω@vppegfs πᾶς@angns- μέν@b ἔμψυχος@angns- ἀπέχω@viie3p πᾶς@angns- δέ@b λάχανον@ngnsc τε@b καί@cs ὄξος@ngnsc πρό@p δέ@cs πᾶς@angmp- ὁμιλία@ngfsc γυναικεῖος@anafp- ἄρα@x ρενς@nnmsc μέν@x γάρ@x οὐ@x δέ@x ὁ@dams ἄλλος@rpams χρόνος@namsc μετέχω@viia1s τρίς@b δέ@x ὁ@dgfs ἡμέρα@ngfsc ἀπολύω@viie3p ψυχρός@andns- ἀπό@p τε@x πού@annmp- -@ngnsc της@rpgfs καί@cs πρό@p ἄριστος@angns- καί@cs πρός@p ὕπνος@namsc εἰ@cs δέ@b ποτέ@b συμβαίνω@voaa3s καί@b ὀνειρώσσω@vnpa-- παραχρῆμα@b ἐκκαθαίρω@viia3p λουτρόν@ndnsc ὁ@dans σῶμα@nansc ψυχρός@andns- μέν@b οὖν@b καί@b κατά@p ὁ@dams ἄλλος@anams- χράομαι@viie3p βίος@namsc οὐ@b μήν@b οὑτωσί@b πλεονάζω@vppadms κοίτη@b δέ@b αὐτός@rpdmp ἐκ@p ὁ@dgmp σπαδίκων@angfp- ὁ@dgms φοῖνιξ@ngmsc ὅς@rpafp καλέω@vipa3p βαίνω@nafpc ἐπιπλέκω@vile3s ξύλινος@annns- δέ@b ἡμικυλίνδριον@nnnsc εὖ@b λεαίνω@vprenns ὑπόθημα@nnnsc ὁ@dgfs κεφαλή@ngfsc ἀσκέω@viia3p δέ@b δίψα@nafsc καί@b δίψα@nafsc καί@cs ὀλιγοσιτία@nafsc παρά@p πᾶς@anams- ὁ@dams βίος@namsc"
"abstin._4.8","μαρτυρία@nnfsc δέ@b αὐτός@rpgmp ὁ@dgfs ἐγκράτεια@ngfsc ὅτι@cs περιάπτω@andmp- μή@b τε@cs ἐπῳδή@ndfpc χράομαι@vppenmp διάγω@viia3p ἄνοσος@annmp- καί@cs πρός@p μέτριος@anafs- ἰσχύς@nafsc εὔτονος@annmp- πολύς@annnp- γοῦν@b κατά@p ὁ@dafp ἱερουργία@nafpc ἀναδέχομαι@viie3p βάρος@nnnpc καί@cs ὑπηρέτημα@nnnpc ὁ@dgfs κοινός@angfs- ἰσχύς@ngfsc μέγας@angfpc διαιρέω@viia3p δέ@b νύξ@nafsc μέν@b εἰς@p ἐπί@p τήρησις@nafsc οὐράνιος@angnp- ἐνίοτε@b δέ@b καί@cs ἁγιστεία@nafsc ἡμέρα@nafsc δέ@cs εἰς@p θεραπεία@nafsc ὁ@dgmp θεός@ngmpc κατά@p ὅς@rpafs τρίς@b ἤ1@cs τετράς@ananp- κις@vpaanms κατά@p ὁ@dafs ἠώς@nafsc καί@cs ὁ@dafs ἑσπέρα@nafsc μεσουρανέω@vppaams τε@b ὁ@dams ἥλιος@namsc καί@cs πρός@p δύσις@nafsc καταφέρω@vppeams ὁ@rpgms τις@rpamp ὑμνέω@vppanmp ὁ@dams δέ@b ἄλλος@anams- χρόνος@namsc πρός@p θεωρός@nnfsc μα@ndmpc εἰμί@viia3p ἀριθμητικός@andmp- τε@b καί@cs γεωμετρικός@andmp- ἐκ@p πονέω@vppanmp ἀεί@b τις@rpans καί@cs προσεξευρίσκω@vppanmp ὅλος@b τε@cs περί@p ὁ@dafs ἐμπειρία@nafsc γίγνομαι@vppenmp ὁ@dans δέ@b αὐτός@rpans καί@b ἐν@p ὁ@ddfp χειμέριος@andfp- ἐπιτηδεύω@viia3p νύξ@ndfpc φιλολογία@ndfsc προσαγρυπνέω@vppanmp ἅτε@b μή@b τε@b πορισμός@ngmsc ποιέω@vppenmp φροντίς@nafsc δεσπότης@ngmsc τε@cs κακός@angms- ὁ@dgfs πολυτέλεια@ngfsc ἐλευθέρω@viia2s θεριάζω@vppanmp ὁ@dnms μέν@x δή@x πόνος@nnmsc ὁ@dnms ἄτρυτος@annms- τε@x καί@cs διά@annms- νεκής@nnmsc καρτερία@nafsc ἀπομαρτυρέω@vipa3s ὁ@ddmp ἀνήρ@ndmpc ὁ@dnns δέ@x ἀνεπιθύμητος@anafs- ἐγκράτεια@nafsc ὅς@dnmp γε@b ἐν@p ὁ@ddmp ἀσεβής@andnp- τίθημι@viie3p πλέω@vnpa-- ἀπό@p αἴγυπτος@ngfsp διευλαβέομαι@vppenmp ξενι@ndfsc κάι@nafpc τρυφή@nafpc καί@cs ἐπιτήδευμα@nanpc μόνος@andmp- γάρ@b ὅσιος@annns- δοκέω@viia3s ὁ@ddmp κατά@p ὁ@dafp βασιλικός@anafp- χρεία@nafpc ἀναγκάσω@nafpc στηρίζω@vpredmp πολύς@annms- δέ@b καί@b οὗτος@rpdmp εἰμί@viia3s λόγος@nnmsc ἐμμένω@vnaa-- ὁ@ddnp πάτριος@andnp- μικρός@ananp- δέ@b εἰ@cs καταγιγνώσκω@voap3p παραβαίνω@nnfpc ναίω@vppanmp ἀπελαύνω@viie3p καί@b ὁ@dnns μέν@b κατά@p ἀλήθεια@nafsc φιλοσοφέω@vppanns ἐν@p τε@b ὁ@ddmp προφήτης@ndmpc εἰμί@viia3s καί@cs ἱεροστóς@b λιστής@ndmpc καί@cs ἱερογραμματέω@ndmpc ἔτι@b δέ@cs ὡρολόγος@ndmpc ὁ@dans δέ@b λοιπός@anans- ὁ@dgmp ἱερεύς@ngmpc τε@b καί@b παστοφόρος@angmp- καί@cs νεω@ngfpc -@annmp- κόρος@ngmpc πλῆθος@nnnsc καί@cs ὑπουργέω@ngfpc ὁ@ddmp θεός@ndmpc καθαρεύω@vipa3s μέν@b ὅμοιος@b οὔτι@b γε@b μήν@b μετά@p ἀκρίβεια@ngfsc καί@cs ἐγκρα@ngfsc -@ngnsc τεία@nafpc τοσόσδε@angfs- τοιοῦτος@rpnnp μέν@b ὁ@dnnp κατά@p αἰγύπτιος@nampp ὑπό@p ἀνήρ@ngmsc φιλαλήθης@angms- τε@b καί@b ἀκριβής@angms- ἐν@p τε@cs ὁ@ddnp στωικός@andnp- πραγματικός@ananps φιλοσοφέω@vpaagms μαρτυρέω@vprennp"
"abstin._4.9","ἀπό@p δέ@b οὗτος@angfs- ὁρμάω@vppenmp ὁ@dgfs ἄσκησις@ngfsc καί@cs ὁ@dgfs πρός@p ὁ@dans θεῖος1@anans- οἰκειότης@ngfsc γιγνώσκω@viaa3p ὡς@cs οὐ@b διά@p ἐν@p ἄνθρωπος@ngmsc μόνος@angms- ὁ@dnns θεῖος1@annns- διέρχομαι@viaa3s οὐ@b τε@cs ψυχή@nnfsc ἐν@p μό@b νῳ@andms- ἄνθρωπος@ndmsc ἐπί@p γῆ@ngfsc κατασκηνόω@viaa3s ἀλλά@cs σχεδόν@b ὁ@dnfs αὐτός@rpnfs διά@p πᾶς@angnp- διέρχομαι@viaa3s ὁ@dgnp ζῷον@ngnpc διά@p ὅς@rpans εἰς@p ὁ@dafs θεοποιία@nafsc παραλαμβάνω@viaa3p πᾶς@anans- ζῷον@nansc καί@cs ὅμοιος@b πού@b ἀναμίσγω@viaa3p θηρίον@nanpc καί@b ἄνθρωπος@nampc καί@cs πάλιν@b ὀρ@nansc νέος@angmp- σῶμα@nanpc καί@cs ἄνθρωπος@ngmpc εἰκάζω@vifm3s γάρ@b παρά@p αὐτός@rpdmp τις@rpncs μέχρι@p τράχηλος@ngmsc ἀνθρωποειδής@annms- ὁ@dans δέ@b πρόσωπον@nansc ὄρνεον@ngmsc ἤ1@cs λέων@ngmsc ἤ1@cs ἄλλος@rpgns τις@rpgns ζώιον@ngnsc κτάομαι@vprenms καί@cs πάλιν@b αὖ@b κεφαλή@nnfsc ἀνθρώπειος@annfs- καί@cs ἄλλος@rpgnp τις@rpgnp ζῷον@ngnpc μέρος@nnnpc πη@b μέν@b ὑπόκειμαι@vprennp πη@b δέ@b ἐπίκειμαι@vprennp διά@p ὅς@rpgnp δηλόω@vipa3p ὅτι@cs κατά@p γνώμη@nafsc θεός@ngmpc καί@b οὗτος@rpnnp ἀλλήλων@rpdmp κοινωνέω@vipa3s καί@cs σύντροφος@annnp- ἐγώ@rpdmp καί@cs τιθασός@nnnpc εἰμί@vipa3s ὁ@dgnp θηρίον@ngnpc ὁ@dnnp ἄγριος@annnp- οὐ@b ἄνευ@p τις@rpgcs θεῖος1@angfs- βούλησις@ngfsc ὅθεν@b καί@b ὁ@dnms λέων@nnmsc ὡς@cs θεός@nnmsc θρησκεύω@vipe3s καί@cs μέρος@nansc τις@annns- ὁ@dgfs αἴγυπτος@ngfsp ὅς@rpans καλέω@vipa3p νομός@namsc ἐπώνυμος@anans- ἔχω@vipa3s λεοντοπολίτης@nafsp ἄλλος@anans- δέ@cs βουσιρίτης@namsp ἄλλος@anans- λυκοπολίτης@nafsp ὁ@dafs γάρ@b ἐπί@p πᾶς@ananp- δύναμις@nafsc ὁ@dgms θεός@ngmsc διά@p ὁ@dgnp σύννομος@angnp- ζῷον@ngnpc ὅς@rpgnp ἕκαστος@annms- ὁ@dgmp θεός@ngmpc παρέχω@viaa3s θριγκόω@viaa3p ὕδωρ@nansc δέ@b καί@cs πῦρ@nansc σέβομαι@vipe3p μάλιστα@b ὁ@dgnp στοιχεῖον@ngnpc ὡς@b οὗτος@rpnnp αἴτιος@annnps ὁ@dgfs σωτηρία@ngfsc ἐγώ@rpgmp καί@b οὗτος@rpanp δέω@vipa1s κνύω@vpaanmp ἐν@p ὁ@ddnp ἱερόν@ndnpc ὡς@cs πού@b ἔτι@b καί@b νῦν@b ἐν@p ὁ@ddfs ἀνοίγνυμι@ndfsc ὁ@dgms ἅγιος@angfs- σαράπις@ngfsp ὁ@dnfs θεραπεία@nnfsc διά@p πῦρ@ngnsc καί@cs ὕδωρ@ngnsc γίγνομαι@vipe3s λείβω@vppagms ὁ@dgms ὑμνῳδός@ngmsc ὁ@dans ὕδωρ@nansc καί@cs ὁ@dans πῦρ@nansc φαίνω@vppagms ὁπηνίκα@b ἵστημι@vpranms ἐπί@p ὁ@dgms οὐδός@ngmsc ὁ@ddfs πάτριος@andfs- ὁ@dgmp αἰγύπτιος@ngmpp φωνή@ndfsc ἐγείρω@viia3s ὁ@dams θεός@namsc οὗτος@rpnnp οὖν@b σέβομαι@vipe3p ὁ@danp μέτοχος@nanpc καί@cs μάλιστα@b πλέος@anansc οὗτος@rpgnp φαίνω@viap3p ὁ@danp ὡς@b ἐπί@p πλέος@anansc ὁ@dgnp ἱερόν@ngnpc μετά@an---- -@ ἔχω@vppaanp μετά@p οὗτος@rpanp δέ@b πᾶς@annnp- ὁ@dnnp ζῷον@nnnpc ἐπεί@cs καί@b ἄνθρωπος@namsc σέβομαι@vipe3p κατά@p ἄναβις@nafsp κώμη@nafsc ἐν@p ὅς@rpdfs καί@b οὗτος@rpdms θύω1@vipe3s καί@cs ἐπί@p ὁ@dgmp βωμός@ngmpc ὁ@dnnp ἱερεῖον@nnnpc καίω@vipe3s ὁ@dnms δέ@b μετά@p ὀλίγος@anans- φαγεῖν@voaa3s ἄν@b ὁ@danp ἴδιος@ananp- αὐτός@rpdms ὡς@b ἄνθρωπος@ngmpc πὼς@ndmsc παρασκευάζω@vpreanp ὡς@cs οὖν@b ἄνθρωπος@ngmsc ἀφεκτέον@annns- οὕτως@b καί@b ὁ@dgnp ἄλλος@rpgfp ἔτι@b δέ@b ἐκ@p περισσός@angfs- σοφία@ngfsc καί@cs ὁ@dgfs περί@p ὁ@dans θεῖος1@anans- συντροφία@ngfsc καταλαμβάνω@viaa1s τις@rpdmp ὁ@dgmp θεός@ngmpc προσφιλής@anams- ὁ@dgnp ζῷον@ngnpc τις@anams- μᾶλλον@b ἄνθρωπος@ngmpc πούς@ngnpc ὡς@cs ἥλιος@ndmsp ἱέραξ@vira1s σύμπας@anafs- μέν@b ὁ@dafs φύσις@nafsc ἐκ@p αἷμα@ngnsc ἔχω@vppaams καί@cs πνεῦμα@ngnsc οἰκτείρω@vppaams δέ@b καί@b ἄνθρωπος@namsc καί@cs κωκύω@vppaams ἐπί@p νεκρός@andms- κεῖμαι@vppedms γῆ@nafsc τε@cs ἐπαμάω@vppeams εἰς@p ὁ@damp ὀφθαλμός@nampc ἐν@p ὅς@rpdmp ὁ@dans ἡλιακός@anans- κατοικέω@vnpa-- πιστεύω@vira3p φάος@nansc καί@cs ζάω@vnpa-- μέν@b ἐπί@p πλείων@ananpc ἔτος@nanpc καταλαμβάνω@vpranmp μετά@p δέ@cs ὁ@dams βίος@namsc ἰσχύς@nafsc ἔχω@vnpa-- μαν@viaa3p ποιητικός@anafs- καί@cs εἰμί@vnpa-- λογικός@anamss ἀπολύω@vpaaams ὁ@dgns σώω@angns- μα@ngnsc καί@cs προγνωστικός@anamss τελέω@vnpa-- τε@cs ἄγαλμα@nanpc καί@cs ναός@nampc κινέω@vnpa-- κάνθαρος@namsc δέ@b ἀμαθής@annms- μέν@b βδε@vmaa2s λύω@voap3s ἄν@b ἀγνώμων@angmp- ὑπάρχω@vppanms ὁ@dgmp θεῖος2@ngmpc αἰγύς@nnfsp πτιοι@annmp- δέ@b φαίνω@viap3p ὡς@cs εἰκών@nafsc ἥλιος@ngmsc ἔμψυχος@anafs- κἄν@namsc θαρος@nnmsc γάρ@b πᾶς@annms- ἄρσην@annms- καί@cs ἀφίημι@vppanms ὁ@dams θρῴσκω@namsc ἐν@p τέλλω@rpdms ματι@b καί@cs ποιέω@vpaanms σφαιροειδής@ananp- ὁ@ddnp ὀπίσθιος@andnp- ἀντανάγω@ananp- φέρω@vipa3s πούς@ndmpc ὡς@cs ἥλιος@nnmsc οὐρανός@namsc καί@cs περίοδος@nafsc ἡμέρα@ngfpc ἐκδέχομαι@vipe3s σεληνιακός@anafs- οὕτως@b δέ@b καί@b περί@p κριός@angns- τις@rpans φιλοσοφέω@vipa3p καί@cs ἄλλος@anans- τις@rpans περί@p κροκόδειλος@angms- περί@p τε@b γύψ@ngnsc καί@cs ἴβεως@ngfsc καί@cs ὅλος@b κατά@p ἕκαστος@anans- ὁ@dgnp ζῷον@ngnpc ὡς@cs ἐκ@p φρόνησις@ngfsc καί@cs ὁ@dgfs ἄγαν@b θεοσοφία@ngfsc ἐπί@p ὁ@dans σέβας@nansc ἔρχομαι@vnaa-- καί@cs ὁ@dgnp ζῷον@ngnpc ἀμαθής@annms- δέ@b ἄνθρωπος@nnmsc οὐ@b δέ@cs αὐτός@anans- οὗτος@rpans ὑποπτεύω@viaa3s ὅπως@cs οὐ@b ὁ@ddfs κοινῇ@andfs- φορά@ndfsc καί@cs μηδείς@rpans γιγνώσκω@vppadfs παραφέρω@viap3p δήλου@anans- ὅτι@cs καί@b αὐτός@rpnmp διά@p ἀμαθία@ngfsc βαδίζω@vpaanmp ὑπερβαίνω@vpaanmp δέ@cs ὁ@dafs ὁ@dgmp πολύς@angmp- ἄγνοια@nafsc ὅς@rpdfs πρῶτος@andfs- πᾶς@annms- ἐντυγχάνω@viia3s χάσκω@vipa3s ὁ@danp ὁ@ddmp πολύς@andmp- οὐδείς@rpgns ἄξιος@ananp- αὐτός@rpnmp εἰς@p σέβας@nansc ἀξιόω@viaa3p"
"abstin._4.10","προσγίγνομαι@vira3s δέ@b αὐτός@rpdmp οὐ@b ἥσσων@anansc ὁ@dgnp ἐρῶ@vpregnp καί@b ἐκεῖνος@rpnns εἰς@p πίστις@nafsc ὁ@dgns σέβας@ngnsc καί@cs ὁ@danp ζῷον@nanpc ὁ@dafs γάρ@b ψυχή@nafsc ἀπολύω@vpapafs ὁ@dgns σῶμα@ngnsc καταλαμβάνω@viaa1s πᾶς@angns- ζώιον@ngnsc λογικός@anafs- τε@cs εἰμί@vppaafs καί@cs πρό@p γνωστικός@anafs- ὁ@dgns μέλλω@vppagns καί@cs χρηματιστικός@anafs- δραστν@nafsc κήν@nafsc τε@cs πᾶς@angnp- ὅς@rpafs καί@b ἄνθρωπος@nnmsc ἀπολύω@vpapnms διά@p ὅς@rpans εἰκότως@b τιμάω@viaa3p καί@cs ὡς@cs οἷος@annns- τε@b εἰμί@vipa3s ἀπέχω@viam3p αὐτός@rpgmp πολύς@angms- δέ@b εἰμί@vppagms λόγος@ngmsc διά@p ὅς@anafs- αἰτία@nafsc διά@p ὁ@dgnp ζῷον@ngnpc ὁ@dnmp αἰγύπτιος@nnmpp ὁ@damp θεός@nampc φαίνω@viap3p καί@cs μέγας@angfsc ὁ@dgfs πάρειμι@vppagfs πραγματεία@ngfsc ἀρκέω@vipa3s ὁ@danp δέ@b δηλόω@vpreanp περί@p αὐτός@rpgmp ἐκεῖνος@rpans μέντοι@b οὐ@b παραπέμπω@viia3s πτέος@annns- ὅτι@cs ὁ@damp ἀποθνήσκω@vpaaamp ὁ@dgnp εὖ@b γίγνομαι@vpragmp ὅταν@cs ταριχεύω@vspa3p ἴδιος@andfs- ὁ@dafs κοιλία@nafsc ἐξαιρέω@vpaanmp καί@cs εἰς@p κιβωτός@namsc ἐντίθημι@vpaanmp μετά@p ὁ@dgnp ἄλλος@rpgnp ὅς@rpgnp διαπράσσω@vipa1s τεω@vipe3p ὑπέρ@p ὁ@dgms νεκρός@angms- καί@cs ὁ@dafs κιβωτός@nafsc κρατέω@vppaans τε@vppanmp πρός@p ὁ@dams ἥλιος@namsc μαρτύρομαι@vipe3p εἷς@ ὁ@dgmp ὑπέρ@p ὁ@dgms νεκρός@angms- ποιέω@vppegms λόγος@namsc ὁ@dgmp ταριχευτής@ngmpc εἰμί@vipa3s δέ@b καί@b ὁ@dnms λόγος@nnmsc ὅς@rpams ἑρμηνεύω@viaa3s ἔκφαντος@nnmsp ἐκ@p ὁ@dgfs πάτριος@angfs- διάλεκτος@ngfsc τοιοῦτος@rpnms ὦ@i δεσπότης@nvmsc ἥλιος@nvmsc καί@cs θεός@nvmpc πᾶς@annmp- ὁ@dnmp ὁ@dafs ζωή@nafsc ὁ@ddmp ἄνθρωπος@ndmpc δίδωμι@vpaanmp προσδέχομαι@vmam2p ἐγώ@rpacs καί@cs παραδίδωμι@vmaa2p ὁ@ddmp ἀίδιος@andmp- θεός@ndmpc σύν@p οικος@anams- ἐγώ@rpncs γάρ@b ὁ@damp θεός@nampc ὅς@rpamp ὁ@dnmp γονεύς@nnmpc ἐγώ@rpdcs παράδειξις@viaa3p εὐσεβής@vppanms διατελέω@viia1s ὅσος@rpams χρόνος@namsc ἐν@p ὁ@ddms ἐκεῖνος@rpgmp αἰών@ndmsc ὁ@dams βίος@namsc ἔχω@viia1s ὁ@damp τε@cs ὁ@dans σῶμα@nansc ἐγώ@rpgcs γεννάω@vpaaamp τιμάω@viia1s ἀεί@b ὁ@dgmp τε@b ἄλλος@rpgmp ἄνθρωπος@ngmpc οὐδείς@rpams οὐ@b τε@cs ἀποκτείνω@viaa1s οὐ@b τε@cs παρακαταθήκη@nafsc ἀπό@vmpa2s στερέω@viaa1s οὐ@b τε@cs ἄλλος@rpans οὐδείς@rpans ἀνήκεστος@anans- διαπράσσω@viam1s εἰ@cs δέ@b τις@rpans ἄρα@b κατά@p ὁ@dams ἐμαυτοῦ@rpgms βίος@namsc ἁμαρτάνω@viaa1s ἤ1@cs φημί@viia1s γών@vpaanms ἤ1@cs πίνω@vpaanms ὅς@rpgnp μή@b θεμιτός@annns- εἰμί@viia3s οὐ@b διά@p ἐμαυτοῦ@rpams ἁμαρτάνω@viaa1s ἀλλά@cs διά@p οὗτος@rpanp δείκνυμι@vpaanms ὁ@dafs κιβωτός@nafsc ἐν@p ὁ@dnfs γαστήρ@nnfsc εἰμί@viia1s καί@b οὗτος@rpanp εἶπον@vpaanms εἰς@p ὁ@dams ποταμός@namsc ἀφίημι@vipa3s ὁ@dnns δέ@cs ἄλλος@annns- σῶμα@nnnsc ὡς@b καθαρός@anans- ταριχεύω@vipa3s οὕτως@b ἀπολογία@ngfsc δέω2@vnpe-- οἴομαι@viap3p πρός@p ὁ@dans θεῖος1@anans- ὑπέρ@p ὅς@rpgnp ἐσθίω@viaa3p καί@cs πίνω@viaa3p καί@cs διά@p οὗτος@rpanp ὑβρίζω@vnaa--"
"abstin._4.11","ὁ@dgnp δέ@b γιγνώσκω@vppegmp ἐγώ@rpdmp ἰουδαῖος@nnmpp πρίν@cs ὑπό@p ἐν@ngmsp τίοχος@ngmsc ὁ@dans πρότερος@b ὁ@danp ἀνήκεστος@ananp- πάσχω@vnaa-- εἰς@p ὁ@danp νόος@n---c μιμα@ananp- ὁ@danp ἑαυτοῦ@rpgmp ὑπό@p τε@cs ῥωμαῖος@ngmpp ὕστερος@anans- ὅτε@cs καί@b ὁ@dnns ἱερόν@nnnsc ὁ@dnns ἐν@p ἱεροσόλυμα@ndnpp ἁλίσκομαι@viaa3s καί@cs πᾶς@andmp- βατός@annns- γίγνομαι@vira3s ὅς@rpdmp ἄβατος@annns- εἰμί@viia3s αὐτός@annfs- τε@cs ὁ@dnfs πόλις@nafpc διαφθείρω@viap3s διατελέω@viia3p πολύς@angnp- μέν@b ἀπέχω@vppenmp ζῷον@ngnpc ἴδιος@b δέ@cs ἔτι@b καί@b νῦν@b ὁ@dgnp τράγιον@ngnpc ὁ@dgfp δέ@b παρά@p αὐτός@rpdmp φιλοσο@ngmpc -@angfp- φιάω@ngfpc τρισσός@annfp- ἰδέα@nnfpc εἰμί@viia3p καί@cs ὁ@dgfs μέν@b προίστημι@viie3p φαρισαῖος@nnmpp ὁ@dgfs δέ@b σαδδουοκαῖος@nnmpp ὁ@dgfs δέ@cs τρίτος@angfs- ὅς@rpnfs καί@b δοκέω@viia3s σεμνός@annfss εἰμί@vnpa-- ἐσσαῖος@nnmpp ὁ@dnmp οὖν@b τρίτος@annmp- τοιοῦτος@anans- ποιέω@viie3p ὁ@dans πολίτευμα@nansc ὡς@cs πολλαχοῦ@b ἰώ@nnmsp σηπος@nnmsc ὁ@dgfp πραγματεία@ngfpc ἀναγράφω@viaa3s καί@b γάρ@b ἐν@p ὁ@ddms δεύτερος@andms- ὁ@dgfs ἰουδαῖος@angfs- ἱστορία@ngfsc ὅς@rpafs διά@p ἑπτὰ@an---- βι@an---- βίων@ngnpc συμπληρόω@viaa3s καί@b ἐν@p ὁ@ddms ὀκτωκαιδέκατος@andns- ὁ@dgfs ἀρχαιολογία@ngfsc ὅς@rpafs διά@p εἴκοσι@an---- βιβλίον@ngnpc πραγματεύομαι@viia3s -@nd-sc σατοὶ@viie3s καί@cs ἐν@p ὁ@ddms δεύτερος@andms- ὁ@ddns πρός@p ὁ@damp ἕλλην@nampp εἰμί@vipa3p δέ@cs δύο@an---- ὁ@dnnp βιβλίον@nnnpc εἰμί@vipa3p τοίνυν@b ὁ@dnmp ἐσσαῖος@nnmpp ἰου@ngmsp δήμιος@annmp- μέν@b ὁ@dans γένος@nansc φιλάλληλος@annmp- δέ@cs καί@b ὁ@dgmp ἄλλος@rpgmp πλείων@anansc οὗτος@rpnmp ὁ@dafp μέν@b ἡδονή@nafpc ὡς@cs κακία@nafsc ἀποστρέφω@viia3p ται@nnmpc ὁ@dafs δέ@b ἐγκράτεια@nafsc καί@cs ὁ@dans μή@b ὁ@ddnp πάθος@ndnpc ὑπό@p πίπτω@vnpa-- ἀρετή@nafsc ὑπολαμβάνω@vipa3p καί@cs γάμος@ngmsc μέν@b παρά@p αὐτός@rpdmp ὑπεροψία@nnfsc ὁ@damp δέ@b ἀλλότριος@anamp- παῖς@nampc ἐκλαμβάνω@vppanmp βαίνω@vppanmp ἁπαλός@anamp- ἔτι@b πρός@p ὁ@danp μάθημα@nanpc συγγενής@anamp- ἡγέομαι@vipe3p καί@cs ὁ@ddnp ἦθος@ndnpc ἑαυτοῦ@rpgmp ἐντυπόω@vipa3p ὁ@dams μέν@b γάμος@namsc καί@cs ὁ@dafs ἐκ@p αὐτός@rpgms διαδοχή@nafsc οὐ@b ἀναιρέω@vppanmp ὁ@dafp δέ@b ὁ@dgfp γυνή@ngfpc ἀσέλγεια@nafpc φυλάσσω@vppenmp κατά@p φρονητής@nnmpc δέ@b πλοῦτος@ngmsc καί@cs θαυμάσιος@annns- παρά@p αὐτός@rpdmp ὁ@dnns κοινωνικός@annns- οὐ@b δέ@cs εἰμί@vipa3s εὑρίσκω@vnaa-- κτάομαι@ndfsc τις@rpams παρά@p αὐτός@rpdmp ὑπερέχω@vppaams νόμος@nnmsc γάρ@b ὁ@damp εἰς@p ὁ@dafs αἵρεσις@nafsc εἴσειμι@vppaans -@ ὁ@nampc δημεύω@vnpa-- ὁ@ddns τάγμα@ndnsc ὁ@dafs οὐσία@nafsc ὥστε@cs ἐν@p ἅπας@andnp- μή@b τε@b πενία@ngfsc ταπεινότης@nafsc φαίνω@vnpe-- μή@b τε@cs ὑπεροχή@nafsc πλοῦτος@ngmsc ὁ@dgnp δέ@cs ἕκαστος@angns- κτῆμα@ngnpc ἀναμίσγω@ngfpc εἷς@anafs- ὥσπερ@b ἀδελφός@ndmpc ἅπας@andmp- οὐσία@nafsc εἰμί@vnpa-- κηλίς@nafsc δέ@b ὑπολαμβάνω@vipa3p ὁ@dans οὔλαιος@nansc καί@cs ἄν@cs ἀλιφή@vsaa3s τις@rpncs ἀέκων@annms- σμή@nansc ἔχω@vipe3s ὁ@dnns σῶμα@nnnsc ὁ@dans γάρ@x αὐχμέω@vnpa-- ἐν@p καλός@andns- τίθημι@vipe3p λευχειμονέω@vnpa-- τε@x διά@p πᾶς@angns- χειροτονητός@annmp- δέ@b ὁ@dnmp ὁ@dgnp κοινός@angnp- ἐπιμελητής@nnmpc καί@cs αἱρετός@annmp- πρός@p ἅπας@angmp- εἰς@p ὁ@dafp χρεία@nafpc ἕκαστος@annmp- εἷς@annfs- δέ@b οὐ@b εἰμί@vipa3s αὐτός@rpgmp πόλις@nnfsc ἀλλά@cs ἐν@p ἕκαστος@andfs- κατοικέω@vipa3p πολύς@annmp- καί@cs ὁ@ddmp ἑτέρωθεν@b ἥκω@vppadmp αἱρετιστής@ndmpc ἀναπέτομαι@vire3s ὁ@dnnp παρά@p αὐτός@rpdmp πατήρ@cs ὁ@dnmp πρῶτος@anans- εἶδον@vpaanmp εἴσειμι@vira3p ὡς@cs πρός@p συνήθης@anamp- διά@p ὅς@rpans οὐδείς@rpans ἐπικομίζω@vppenmp ἀποδημέω@vipa3p ἀνάλωμα@ngnpc εἷς@anams- καί@b οὐ@b τε@b δέ@b ἐσθής@nafsc οὐ@b τε@cs ὑπόδημα@nanpc ἀμείβω@vipa3p πρίν@cs διαρρήγνυμι@vnap-- πρότερος@anans- παντάπασι@b ἤ1@cs δαπανάω@vnap-- ὁ@ddms χρόνος@ndmsc οὐ@b δέ@b ἀγοράζω@vipa3p τις@rpans οὐ@b δέ@cs πωλέω@vipa3p ἀλλά@cs ὁ@ddms χρῄζω@vppadms δίδωμι@vppanms ἕκαστος@annms- ὁ@dans παρά@p ἑαυτοῦ@rpgms ὁ@dans παρά@p ἐκεῖνος@rpgms χρήσιμος@anans- ἀντικομίζω@vipe3s καί@cs χωρίς@p δέ@b ὁ@dgfs ἀντίδοσις@ngfsc ἀκώλυτος@annfs- ὁ@dnfs μετάληψις@nnfsc αὐτός@rpdmp παρά@p ὅς@rpgmp ἄν@b ἐθέλω@vspa3p"
"abstin._4.12","πρός@p γε@b μήν@b ὁ@dans θεῖος1@anans- ἴδιος@b εὐσεβής@vipa2s πρίν@cs γάρ@b ἀνέχω@vnaa-- ὁ@dams ἥλιος@namsc οὐδείς@rpans φθέγγομαι@vipe3p ὁ@dgnp βέβηλος@angnp- πάτριος@anafp- δέ@cs τις@rpamp εἰς@p αὐτός@rpams εὐχή@nafpc ὥσπερ@b ἱκετεύω@vppanmp ἀνατέλλω@vnaa-- μετά@p οὗτος@rpanp πρός@p ὅς@rpafp ἕκαστος@annmp- τέχνη@nafpc οἶδα@vira3p ὑπό@p ὁ@dgmp ἐπιμελητής@ngmpc ἀφίημι@vipe3p καί@cs μέχρι@p πέμπτος@angfs- ὥρα@ngfsc ἐργάζομαι@vpamnmp σύντονος@b ἔπειτα@b πάλιν@b εἰς@p εἷς@ ἀθροίζω@vipe3p χωρίον@nansc ζώννυμι@vpamnmp τε@b σκώ@ πῆμα@ndnpc λίνον@andnp- οὕτως@b ἀπολούω@vifm3p ὁ@dnns σῶμα@nnnsc ψυχρός@andnp- ὕδωρ@ndnpc καί@cs μετά@p οὗτος@rpafs ὁ@dafs ἁγνεία@anafs- εἰς@p ἴδιος@anans- οἴκημα@nansc σύνειμι2@vipa3p ἔνθα@b μηδείς@rpdms ὁ@dgmp ἑτερόδοξος@angmp- ἐπιτρέπω@vire3s παρέρχομαι@vnaa-- αὐτός@rpnmp τε@b καθαρός@annmp- καθά@cs εἰς@p ἅγιος@nansc τις@rpans τέμενος@nansc παραγίγνομαι@vipe3p ὁ@dans δειπνητήριον@anans- καθίζω@vpaagmp δέ@b μετά@p ἡσυχία@ngfsc ὁ@dnms μέν@b σιτοποιός@nnmsc ἐν@p τάξις@ndfsc παρατίθημι@viap3s σιν@an---- ἄρτος@nampc ὁ@dnms δέ@cs μάγειρος@nnmsc εἷς@anans- ἀγγεῖον@nansc ἐκ@p εἷς@ngmsc δέ@cs σμα@ngnsc ἕκαστος@andns- προκατεύχομαι@vipe3s δέ@b ὁ@dnms ἱερεύς@nnmsc ὁ@dgfs τρο@ -@ngfsc φημί@ngfsc ἁγνός@angfs- εἰμί@vppagfs καί@cs καθαρός@angfs- καί@cs γεύω@vnam-- τις@rpams πρίν@b ὁ@dgfs εὐχή@ngfsc ἀθέμιστος@anams- ἀριστοποιέω@vpamnms δέ@b πεύθομαι@vppanms ἔχω@vipe3s πάλιν@b ἄρχω@vppenmp τε@b καί@cs παύω@vppenmp γεραίρω@vipa3p ὁ@dams θεός@namsc ἔπειτα@b ὡς@cs ἱερός@anafp- κατατίθημι@vpamnmp ὁ@dafp ἐσθής@nafpc πάλιν@b ἐπί@p ἔργον@nanpc μέχρι@p δείλη@ngfsc τρέπω@vipe3p δειπνέω@vipa3p δέ@b ὑποστρέφω@vpaanmp ὅμοιος@b συγκαθέζομαι@vppegmp ὁ@dgmp ξέω@angmp- -@ngmpc νων@ngmpc εἰ@cs τυγχάνω@voaa3p αὐτός@rpdmp πάρειμι1@vppanmp οὐ@b τε@b δέ@b κραυγή@nnfsc ποτέ@b ὁ@dams οἶκος@namsc οὐ@b τε@cs θόρυβος@nnmsc μιαίνω@vipa3s ὁ@dafp δέ@b λαλιά@nafpc ἐν@p τάξις@ndfsc παραχωρέω@vipa3p ἀλλήλων@rpdmp καί@cs ὁ@ddmp ἔξωθεν@b ὡς@b μυστήριος@nansc τις@rpans φρικτός@anans- ὁ@dnfs ὁ@dgmp ἔνδον@b σιωπή@nnfsc κατάφημι@vipe3s -@vmra2s νειμι@vipe3s οὗτος@rpgns δέ@b σἴτιον@annns- ὁ@dnfs διηνεκής@annfs- νῆψις@nnfsc καί@cs ὁ@dnns ἐγώ@rpams τετραίνω@vnpe-- παρά@p αὐτός@rpdmp τροφή@nafsc καί@cs ποτός@namsc μέχρι@p κόρος@ngmsc ὁ@ddms δέ@b ζηλόω@vppadms ὁ@dafs αἵρεσις@nafsc οὐ@b εὐθύς2@b ὁ@dnfs πάροδος@nnfsc ἀλλά@cs ἐπί@p ἐνιαυτός@namsc ἔξω@b μένω@vppadms ὁ@dafs αὐτός@anafs- ὑποτίθημι@viia3s ται@vire3s δίαιτα@nafsc ἀξινάριον@nansc τε@b καί@b περίζωμα@nansc δίδωμι@vpaanmp καί@cs λευκός@anafs- ἐσθής@nafsc ἐπειδάν@cs δέ@b οὗτος@andms- ὁ@ddms χρόνος@ndmsc πεῖρα@nafsc ἐγκράτεια@ngfsc δίδωμι@vsaa3s πρόσειμι1@vipa3s μέν@b ἐγγίων@anansc ὁ@ddfs δίαιτα@ndfsc καί@cs καθαρός@anansc ὁ@dgnp πρός@p ἁγνεία@nafsc ὕδωρ@ngnpc μεταλαμβάνω@vipa3s -@vipe3p νέω@vipa3s παραλαμβάνω@vipe3s δέ@cs εἰς@p ὁ@dafp συνοίκησις@nafpc οὐδέπω@b μετά@p γάρ@b ὁ@dafs ὁ@dgfs καρτερία@ngfsc ἐπίδειξις@nafsc δύο@andnp- ἄλλος@andnp- ἔτος@ndnpc ὁ@dnns ἦθος@nnnsc δοκιμάζω@vipe3s καί@cs φαίνω@vpapnms ἄξιος@annms- οὕτως@b εἰς@p ὁ@dams ὅμιλος@namsc ἐγκρίνω@vipe3s"
"abstin._4.13","πρίν@cs δέ@b ὁ@dgfs κοινός@angfs- ἅπτω@ananp- αι@vnam-- τροφή@ngfsc ὅρκος@nampc αὐτός@rpdmp ὄμνυμι@vipa3s φρικώδης@anamp- πρῶτος@ananss ὁ@dams μέν@b εὐσεβέω@vnfa-- ὁ@dans θεῖος1@anans- ἔπειτα@b ὁ@danp πρός@p ἄνθρωπος@namsc πούς@b δίκαιος@ananp- φυλάσσω@vnfa-- καί@cs μή@b τε@cs κατά@p γνώμη@nafsc βλάπτω@vnfa-- τις@rpacs μή@b τε@cs ἐκ@p ἐπίταγμα@ngnsc μισέω@vnfa-- δέ@b ἀεί@b ὁ@damp ἀδί@anamp- κότος@nampc καί@cs συναγωνίζομαι@vnfm-- ὁ@ddmp δίκαιος@andmp- ὁ@dans πιστός1@anans- πᾶς@andmp- μέν@b παρέχω@vnfa-- μάλιστα@b δέ@cs ὁ@ddmp κρατέω@vppadmp οὐ@b γάρ@b δίχα@p θεός@ngmsc περιγίγνομαι@vnpe-- τις@rpdms ὁ@dans ἄρχω@vnpa-- καί@b ἄν@cs αὐ@b ὁ@dnms ἄρχω@vspa3s μηδεπώποτε@b ἐξυβρίζω@vnaa-- εἰς@p ὁ@dafs ἐξουσία@nafsc μη@b δέ@cs ἐσθής@ndfsc ἤ1@cs τις@andms- πλείων@andmsc κόσμος@ndmsc ὁ@damp ὑποτάσσω@vpreamp νους@nampc ὑπερλαμπρύνω@vnpe-- ὁ@dafs ἀλήθεια@nafsc ἀγαπάω@vnpa-- ἀεί@b καί@cs ὁ@damp ψεύδω@vppeamp προβάλλω@vnpe-- χείρ@nafpc κλοπή@ngfsc καί@cs ψυχή@nafsc ἀνόσιος@angns- κέρδος@ngnsc καθαρός@anafs- φυλάσσω@vnfa-- καί@cs μή@b τε@cs κρύπτω@vnfa-- τις@rpans ὁ@damp αἱρετιστής@nampc μή@b τε@cs ἕτερος@andmp- αὐτός@rpgmp τις@rpans μηνύω@vnfa-- καί@b ἄν@cs μέχρι@p θάνατος@ngmsc τις@rpnms βιάζω@vspe3s πρός@p δέ@b οὗτος@rpdnp ὄμνυμι@vipa3s μηδείς@rpdms μέν@b μεταδίδωμι@vnaa-- ὁ@dgmp δογμιά@nanpc ὁ@dgnp ἕτερος@b ἤ1@cs ὡς@cs αὐτός@rpnms παραλαμβάνω@viaa3s ἀπέχω@vnfm-- δέ@b ληι@ndfsc σείας@nafpc καί@cs συντηρέω@vnfa-- ὅμοιος@b ὁ@danp τε@b ὁ@dgfs αἵρεσις@ngfsc αὐτός@rpgmp βιβλίον@nanpc καί@cs ὁ@danp ὁ@dgmp ἄγγελος@ngmpc ὄνομα@nanpc τοιοῦτος@rpgms σύ@b μέν@b ὁ@dnmp ὅρκος@nnmpc ὁ@dnmp δέ@x ἁλίσκομαι@vpaanmp καί@cs ὁ@dnmp ἐκβάλλω@vpapnmp κακός@andms- μόρος@ndmsc φθείρω@vipe3p ὁ@ddmp γάρ@b ὅρκος@ndmpc καί@cs ὁ@ddnp ἔθος@ndnpc ἐνδέω1@vprenmp οὐ@b δέ@cs ὁ@dgfs παρά@p ὁ@ddnp ἄλλος@rpdnp τροφή@ngfsc δύναμαι@vipe3p μεταλαμβάνω@vnpa-- ποηφαγέω@vppanmp δέ@b καί@cs λιμός@ndmsc ὁ@dans σῶμα@nansc διαφθείρω@vppenmp ἀπόλλυμι@vipe3p διά@p ὅς@rpans δή@b πολύς@anans- -@anamp- λωίων@anamp- ἐλεέω@vpaanmp ἐν@p ὁ@ddfp ἔσχατος@andfps ἀνάγκη@ndfpc ἀναλαμβάνω@viaa3p ἱκανός@anafs- τιμωρία@nafsc δίδωμι@vnra-- νομίζω@vppanmp ἐπί@p ὁ@ddnp ἁμαρτία@b -@ddnp τημα@ndnpc ὁ@dafs μέχρι@p θάνατος@ngmsc βάσανος@nafsc ὁ@dafs δέ@b σκαλίς@nafsc δίδωμι@vipa3p ὁ@ddmp μέλλω@vppadmp αἱρετιστής@ndmpc ἐπεί@cs καί@b αὐτός@rpnmp ἄλλως@b οὐ@b θακεύω@vipa3p ἤ1@cs βόθρος@namsc ὀρύσσω@vpaanmp εἰς@p βάθος@nansc ποδιαῖος@anans- περικαλύπτω@vpaanmp τε@cs θὡμάτιον@ndnsc ὡς@cs μή@b ὁ@ddfp αὐγή@ndfpc ἐνυβρίζω@vnpa-- ὁ@dgms θεός@ngmsc τοσοῦτος@annfs- δέ@b εἰμί@vipa3s αὐ@rpnfs ὁ@dgfp ὁ@dnfs λιτότης@nnfsc ὁ@dnfs περί@p ὁ@dafs δίαιτα@nafsc καί@cs ὀλιγότης@nnfsc ὡς@cs ὁ@ddfs ἑβδομάς@andfs- μή@b δέω2@vnpe-- κένωσις@ngfsc ὅς@rpafs τηρέω@vnpa-- εἰώ@vipa1s θασιν@vppadmp εἰς@p ὕμνος@nampc ὁ@ddms θεός@ndmsc καί@cs εἰς@p ἀνάπαυσις@nafsc ἐκ@p δέ@b ὁ@dgfs ἄσκησις@ngfsc οὗτος@angfs- τοσοῦτος@anafs- ποιέω@vire3p ὁ@dafs καρ@nafsc -@nafsc τερία@nafsc ὡς@cs στρεβλόω@vppenmp καί@b λυγίζω@vppenmp καί@b κατά@annmp- μένω@nnmpc καί@cs διά@p πᾶς@angnp- βαδίζω@vppanmp ὁ@dgnp βασανιστήριον@angnp- ὄργανον@ngnpc ἵνα@cs ἤ1@b βλασφημέω@vsaa3p ὁ@dams νομοθέτης@namsc ἤ1@cs φημί@vipa3p γωσί@vspa3p τις@rpans ὁ@dgnp ἀσυνήθης@angnp- οὐδέτερος@anans- ὑπομένω@vnpa-- διά@viaa3s δεικνυμι@viaa3p δέ@b οὗτος@rpans ἐν@p ὁ@ddms πρός@p ῥωμαῖος@nampp πόλεμος@ndmsc ἐπεί@cs οὐ@b δέ@b κολακεύω@vnaa-- ὁ@damp αἰκίζω@vppeamp ἤ1@cs δακρύω@vnaa-- ὑπό@vipa3p μένω@vipa3p μειδιάω@vppanmp δέ@cs ἐν@p ὁ@ddfp ἀλγηδών@vpradmp καί@cs κατερῶ@b νεύω@vppenmp ὁ@dgmp ὁ@dafp βάσανος@nafpc προσφέρω@vppagmp εὔθυμος@annmp- ὁ@dafp ψυχή@nafpc ἀφίημι@viia3p ὡς@b πάλιν@b κομίζω@vppenmp καί@b γάρ@b ῥώννυμι@vire3s παρά@p αὐτός@rpdmp ὅδε@annfs- ὁ@dnfs δόξα@nnfsc φθαρτός@ananp- μέν@b εἰμί@vnpa-- ὁ@danp σῶμα@nanpc καί@cs ὁ@dafs ὕλη@nafsc οὐ@b μόνιμος@anafs- αὐτός@rpgmp ὁ@dafp δέ@b ψυχή@nafpc ἀθάνατος@anafp- ἀεί@b διαμένω@vnpa-- καί@cs συμπλέκω@vnpe-- μέν@b ἐκ@p ὁ@dgms λεπτός@angnss φοιτάω@vppaafp αἰθήρ@ngmsc ῥύμη@ndfsc φυ@anamd- σικός@ndfsc κατασπάω@vpreafp ἐπειδάν@cs δέ@b ἀνίημι@vsaa3p ὁ@dgmp κατά@p σάρξ@nafsc δεσμός@ngmpc οἷος@rpnns δή@b μακρός@angfs- δουλεία@ngfsc ἀπαλλάσσω@ngmsc να@nnfsc τότε@b χαίρω@vnpa-- καί@cs μετέωρος@anampc φέρω@vnpe-- ἀπό@p δή@b ὁ@dgfs τοιοῦτος@angfs- δίαιτα@ngfsc καί@cs ὁ@dgfs πρός@p ἀλήθεια@nafsc καί@cs ὁ@dafs εὐσέβεια@nafsc ἄσκησις@ngfsc εἰκότως@b ἐν@p αὐτός@rpdmp πολύς@annmp- ὅς@rpnmp καί@b ὁ@danp μέλλω@vppaanp προγιγνώσκω@vipa3p ὡς@b ἄν@b βίβλος@ndfpc ἱερός@andfp- καί@cs διάφορος@andfp- ἁγνεία@ndfpc καί@cs προφήτης@ngmpc ἀπόφθεγμα@ndnpc ἐμπαιδοτριβέω@vppenmp σπάνιος@annns- δέ@b εἰ@cs ποτέ@b ἐν@p ὁ@ddfp προαγόρευσις@ndfpc ἀστοχέω@vipa3p τοιοῦτος@annns- μέν@b ὁ@dnns ὁ@dgmp εἰμί@ngmpp -@ σαῖος@vppanms παρά@p ὁ@ddmp ἰουδαῖος@ndmpp τάγμα@nnnsc"
"abstin._4.14","πᾶς@andmp- γε@b μήν@x ἀπαυράω@nnfsc γορεύω@viie3s ὗς@ngmsc ἐσθίω@vnpa-- ἤ1@cs ἰχθύς@ngmpc ὁ@dgmp ἀνάλωτος@ngmpc ὅς@rpanp σελάχιον@nanpc καλέω@vipa3p ἕλλην@nnmpp τις@rpans ὁ@dgnp μωνύχος@angnp- ζῷον@ngnpc ἀπαγορεύω@vile3s δέ@b καί@b μη@b δέ@b ὁ@danp ἱκετεύω@vppaanp καί@cs οἷος@anans- προς@ -@b φεύγω@vppaams ὁ@ddfp οἰκία@ndfpc ἀναιρέω@vnpa-- οὐ@b ὅτι@cs μή@b ἐσθίω@vnpa-- οὐ@b δέ@b νεοσσός@andmp- ἐπιτρέπω@viaa3s ὁ@dnms νομοθέτης@nnmsc ὁ@damp γονεύς@nampc σύν@p ἐξαιρέω@vnpa-- φείδομαι@vnpe-- δέ@cs κελεύω@vipa3s καί@b ἐν@p ὁ@ddfs πολέμιος@ndfsc ὁ@dgnp συνεργάζομαι@vppegnp ζῷον@ngnpc καί@cs μή@b φονεύω@vnpa-- καί@cs οὐ@b ἐφό@vipa1s βαίνω@nanpc μή@cs πληθύνω@viaa3p ὁ@dans γένος@nnnsc ὁ@dgnp μή@b θύω1@vppegnp ζῷον@ngnpc λιμός@namsc ἐργάζομαι@vsam3s ὁ@ddmp ἄνθρωπος@ndmpc οἶδα@vila3s γάρ@b πρῶτος@anans- μέν@b ὅτι@cs ὁ@dnnp πολύτοκος@annnp- ὀλιγοχρόνιος@nnnpc ἔπειτα@b ὡς@b πολύς@anans- ὁ@dans ἀπόλλυμι@vppeans ὅταν@cs μή@b τύχη@vsaa3s ὁ@dgfs ἐκ@p ἄνθρωπος@ngmpc ἐπί@p μελία@ngfsc καί@cs μήν@b καί@b ὅτι@cs εἰμί@vipa3s ἄλλος@rpnnp ζῷον@nnnpc ὅς@rpnnp ὁ@ddms πλή@ θύνω@vppadms ἐπιτίθημι@vipe3s τεκμήριον@nnnsc δέ@b ὅτι@cs πολύς@angmp- ἀπό@p ἔχω@vipe1p οἷος@rpans σαυρός@ngfpc σκώληξ@ngfpc μῦς@ngfpc ὄφις@ngmpc κυ@ngfpc νέω@ngfpc καί@cs ὅμως@b οὐ@b δέος@nnnsc μή@cs ἐκ@p ὁ@dgfs ἀποχή@ngfsc λιμώσσω@vppaans τε@vppanmp διαφθείρω@vsap1p πληθύνω@vppagmp ἔπειτα@b οὐ@b ὁ@dnns αὐτός@rpnns ὁ@dnns ἐσθίω@vnpa-- ὁ@ddns φονεύω@vnpa-- ἐπεί@cs καί@b οὗτος@rpgnp ἀναιρέω@vnpa-- τε@vppanmp ὁ@danp πολύς@ananp- οὐδείς@rpgns ἔτι@b γεύω@vipe1p"
"abstin._4.15","καί@b μήν@b καί@b ὁ@damp σύρος@nampp ἱστορέω@vipa3p ὁ@dans παλαιός@anans- ἀπέχω@vnpe-- ὁ@dgnp ζῷον@ngnpc καί@cs διά@p οὗτος@rpans μη@b δέ@b ὁ@ddmp θεός@ndmpc θύω@vnpa-- ὕστερος@b δέ@cs θύω@vnaa-- μέν@b εἰς@p ἀποτροπή@nafsc τις@angnp- κακός@angnp- αὐτός@rpamp δέ@cs μη@b δέ@b ὅλος@b προσίημι@vnpe-- ὁ@dafs σαρκοφαγία@nafsc πρόειμι1@vppagms δέ@b ὁ@dgms χρόνος@ngmsc ὡς@cs φημί@vipa3s νεάνθης@nnmsp ὁ@dnms κυζικηνός@annms- καί@cs ἀσκληπιάδης@nnmsp ὁ@dnms κύπριος@annms- κατά@p πυγμαλίων@namsp ὁ@dams γένος@ndnsc μέν@b φοῖνιξ@namsp βασιλεύω@vpaaams δέ@cs κύπριος@ngmpp ὁ@dafs σάρξ@nafsc -@anafs- φαγίης@nafsc παραδέχομαι@vnap-- ἐκ@p τοιοῦτος@angfs- παρανομία@ngfsc λέγω3@vipa3s δέ@b ὁ@dnms ἀσκληπιάδης@nnmsp ἐν@p ὁ@ddms περί@p κύπρος@ngfsp καί@cs φοινίκη@ngfsp οὗτος@rpanp ὁ@dans μέν@b γάρ@b πρῶτος@anans- οὐ@b θύω@viie3s ὁ@ddmp θεός@ndmpc οὐδείς@rpnns ἔμψυχος@annns- ἀλλά@cs οὐ@b δέ@b νόμος@nnmsc εἰμί@viia3s περί@p οὗτος@rpgns διά@p ὁ@dans νόμος@ndmsc φυσικός@andms- κωλύω@vnre-- ὑπό@p δέ@b τις@anamp- καιρός@nampc πρῶτος@anans- ἱερεῖον@nansc θύω@vnaa-- μυθεύομαι@vipe3p ψυχή@nafsc ἀντί@p ψυ@angfs- -@angfs- χήν@ngfsc αἰτέω@vppeamp εἶτα@b οὗτος@rpgns γίγνομαι@vpamgns ὁλοκαυτίς@b ζέω@vnpa-- ὁ@dans θύω@b ὕστερος@anans- δέ@b ποτέ@b φλέγω@vppegms ὁ@dgms ἵημι@ngmsc ρείον@ngmsc πίπτω@vnaa-- σάρξ@nafsc εἰς@p γῆ@nafsc ὅς@rpafs ἀναιρέω@vpaaams ὁ@dams ἱερεύς@namsc καί@cs κατακαίω@vppeams ἀβούλητος@b προσάγω@vnaa-- ὁ@ddms στό@ -@ ματι@ndmsc ὁ@damp δάκτυλος@nampc ἀκέομαι@vppeams ὁ@dafs κατάκαυσις@nafsc γεύω@vpamams δέ@b ὁ@dgfs κνῖσα@ngfsc ἐπιθυμέω@vnaa-- καί@cs μή@b ἀπό@b ἔχω@vnam-- ἀλλά@cs καί@b ὁ@ddfs γυνή@ndfsc μεταδίδωμι@vnaa-- γιγνώσκω@vpaaams δέ@b οὗτος@rpans ὁ@dams πυγμαλίων@namsp αὐτός@anams- τε@b καί@cs ὁ@dafs γυνή@nafsc κατά@p κρημνός@ngmpc ἀφίημι@vnaa-- ἕτερος@andms- δέ@cs ὁ@dafs ἱερωσύνη@nafsc πα@anans- -@b παραδίδωμι@vnaa-- ὅς@rpnms οὐ@b πολύς@angms- χρόνος@ngmsc διαλείπω@vpaagms ὁ@dafs μέν@b αὐτός@anafs- θυσία@nafsc τυγχάνω@viaa3s ποιέω@vppenms ὅτι@cs δέ@cs ὁ@dgnp αὐτός@angnp- κρέας@ngnpc φαγεῖν@viaa3s ὁ@ddfp αὐτός@andfp- ἐκεῖνος@rpdms συμφορά@ndfpc περί@viia3s πίπτω@viia3s ἐπί@p πλέος@anansc δέ@b ὁ@dgns πρᾶγμα@ngnsc προβαίνω@vppagns καί@cs ὁ@dgmp ἄνθρωπος@ngmpc ὁ@ddfs θυσία@ndfsc χράομαι@vppegmp καί@cs διά@p ὁ@dafs ἐπιθυμία@nafsc οὐ@b ἀπέχω@vppegmp ἀλλά@cs ὁ@dgfs σάρξ@ngfsc ἅπτω@vppegmp μένω@vppegmp οὕτως@b δή@b ἀφεστήξω@vnaa-- ὁ@dgns κολάζω@vnpa-- ὁ@dnns μέντοι@b ὁ@dgmp ἰχθύς@ngmpc ἀπέχω@vnpe-- ἄχρι@p ὁ@dgmp μένανδρος@ngmsp χρόνος@ngmpc ὁ@dgms κωμικός@angms- διαμένω@viaa3s λέγω3@vipa3s γάρ@x παράδειγμα@nansc ὁ@damp σύρος@nampp λαμβάνω@vmaa2s ὅταν@cs φαγεῖν@vsaa3p ἰχθύς@namsc ἐκεῖνος@rpnmp διά@p τις@rpacs ἑαυτοῦ@rpgmp ἀκρασία@nafsc ὁ@damp πούς@nampc καί@cs ὁ@dafs γαστήρ@nafsc οἰδέω@vppadmp λαμβάνω@viaa3p σακίον@anans- εἶτα@cs εἰς@p ὁ@dafs ὁδός@nafsc καθίζω@viaa3p αὐτός@rpamp ἐπί@p κόπρος@ngmsc καί@cs ὁ@dafs θεός@nafsc ἐπεύχομαι@viam3p ὁ@dgns ταπεινόω@vnaa-- σφόδρα@b"
"abstin._4.16","παρά@p γε@b μήν@b ὁ@ddmp πέρσης@ndmpp ὁ@dnmp περί@p ὁ@dans θεῖος1@anans- σοφός@annmp- καί@cs οὗτος@rpgms θεράπων@nnmpc μάγος@nnmpc μέν@b προσαγορεύω@vipe3p οὗτος@rpans γάρ@b δηλόω@vipa3s κατά@p ὁ@dafs ἐπιχώριος@anafs- διάλεκτος@nafsc ὁ@dnms μά@nnmsc -@annms- γος@nnmsc οὕτως@b δέ@b μέγας@annns- καί@cs σεβάσμιος@annns- γένος@nnnsc οὗτος@annns- παρά@p πέρσης@ndmpp νομίζω@vire3s ὥστε@cs καί@b δαρεῖος@namsp ὁ@dams ὑστάσπης@ngmsp ἐπιγράφω@vnaa-- ὁ@ddns μνῆμα@ndnsc πρός@p ὁ@ddnp ἄλλος@rpdnp ὅτι@cs καί@b μα@ γικός@vppanms γίγνομαι@voam3s διδάσκαλος@nnmsc διαιρέω@vile3p δέ@b οὗτος@rpnmp εἰς@p γένος@nanpc τρεῖς@ananp- ὡς@cs φημί@vipa3s εὔβουλος@nnmsp ὁ@dnms περί@p ὁ@dafs ὁ@dgms εἷς@ngmsp θρα@namsc ἱστορία@nafsc ἐν@p πολύς@andnp- βιβλίον@ndnpc ἀναγράφω@vpaanms ὅς@rpgmp ὁ@dnmp πρῶτος@annmp- καί@cs λόγιος@annmps οὐ@b τε@cs ἐσθίω@vipa3p ἔμψυχος@anans- οὐ@b τε@cs φονεύω@vipa3p ἐμμένω@vipa3p δέ@cs ὁ@ddfs παλαιός@andfs- ὁ@dgnp ζῷον@ngnpc ἀπό@p χῇ@ndfsc ὁ@dnmp δέ@b δεύτερος@annmp- χράω@vipe3p μέν@b οὐ@b μέντοι@cs ὁ@dgnp ἐγώ@angnp- -@angnp- ρων@angnp- ζῷον@ngnpc τις@rpans κτείνω@vipa3p οὐ@b δέ@cs ὁ@dnmp τρίτος@annmp- ὅμοιος@b ὁ@ddmp ἄλλος@rpdmp ἐφάπτομαι@vipe3p πᾶς@angmp- καί@b γάρ@b δόγμα@nnnsc πᾶς@angmp- εἰμί@vipa3s ὁ@dgmp πρῶτος@angmp- ὁ@dafs μετεμψύχωσις@nafsc εἰμί@vnpa-- ὅς@rpnns καί@b ἐν@rpams φαίνω@vnpa-- ἔοικα@vira3p ἐν@p ὁ@ddnp ὁ@dgms μίθρας@ngmsp μυστήριον@ndnpc ὁ@dafs γάρ@b κοινότης@nafsc ἐγώ@rpgmp ὁ@dafs πρός@p ὁ@danp ζῷον@nanpc αἰνίσσομαι@vppenmp διά@p ὁ@dgnp ζῷον@ngnpc ἐγώ@rpamp μηνύω@vnpa-- ἔθω@vira3p ὡς@cs ὁ@damp μέν@b μετέχω@vppaamp ὁ@dgnp μυῖα@ngfpc ὄργια@ngnpc μύστης@nampc λέων@nampc καλέω@vnpa-- ὁ@dafp δέ@b γυνή@nafpc λέαινα@nampc ὁ@damp δέ@cs ὑπηρετέω@vppaamp κό@nampc -@nafpc ρακα@nampc ἐπί@p τε@b ὁ@dgmp πατήρ@ngmpc ἀετός@annmp- γάρ@b οὗτος@rpnmp καί@b ἱέραξ@nnmpc προσαγορεύω@vipe3p ὅς@rpans τε@b ὁ@danp λεοντικός@ananp- παρά@p λαμβάνω@vppanms περιτίθημι@vipe3s παντοδαπός@anafp- ζῷον@ngnpc μορφή@nafpc ὅς@rpgmp ὁ@dafs αἰτία@nafsc ἀποδίδωμι@vppanms πάλλας@nnmsp ἐν@p ὁ@ddmp περί@p ὁ@dgns εἷς@ngmsp θρα@n---c ὁ@dafs κοινός@anafs- φημί@vipa3s φορά@nafsc οἴομαι@vnpe-- ὡς@cs πρός@p ὁ@dafs ὁ@dgms ζωδιακός@angms- κύκλος@ngmsc ἀποτείνειν@vnpa-- ὁ@dafs δέ@b ἀληθινός@anafs- ὑπό@p ληψις@nafsc καί@cs ἀκριβής@anafs- περί@p ὁ@dgfp ἀνθρώπινος@angnp- ψυχή@ngfpc εἰ@ νίσσομαι@vnpe-- ὅς@rpafp παντοδαπός@andnp- περιέχω@vnpe-- σῶμα@ndnpc λέγω@b γουσι@ndnpc καί@b γάρ@b δατῖνος@nnmsp τις@rpamp ὁ@ddfs σφεῖς@rpgmp διάλεκτος@andfs- ἄπροια@anamp- καί@b σκώπωρ@nampc λάσουρος@nampc τε@b καί@cs μέδουλος@nampc καλέω@vnpa-- καί@b θεός@nampc δέ@b οὗτος@anamp- δημιουργός@nampc οὕτως@b προς@b ἀγορεύω@viaa3p ὁ@dafs μέν@x ἄρτεμις@nafsp λύκαινα@nafsc ὁ@dams δέ@x ἥλιος@nafsp σαῦρος@namsc λέων@namsc δράκων@namsc ἱέραξ@namsc ὁ@dafs δέ@cs ἑκάτη@nafsp ἵππος@namsc ταῦρος@namsc λέαινα@nafsc κύων@namsc ὁ@dgfs δέ@b φερρεφάττης@ngfsp παρά@p ὁ@dans φέρβω@vnpa-- ὁ@dafs φάττα@nafsc φημί@vipa3p ὁ@dnmp πολύς@annmp- ὁ@b ὄνομα@nnmpc ὁ@dgmp θεολόγος@ngmpc ἱερόν@nansc γάρ@x αὐτός@angfs- ὁ@rpnfs φάττα@vppanfs διά@p ὅς@rpans καί@b ὁ@dnfp ὁ@dgfs μαῖα@ngfsp ἱέρεια@nnfpc οὗτος@anafs- αὐτός@rpdfs ἀνατίθημι@vipa3p μαῖα@nnfsp δέ@b ὁ@dnfs αὐτός@annfs- ὁ@ddfs φερσεφόνη@ndfsp ὡς@cs ἄν@b μαῖα@annfs- καί@cs τρο@nnfsc φός@nnfsc εἰμί@vppanfs χθόνιος@nnfsc γάρ@b ὁ@dnfs θεός@nnfsc καί@cs δημήτηρ@nnfsp ὁ@dnfs αὐτός@rpnfs καί@b ὁ@dams ἀλεκτρυών@namsc δέ@b οὗτος@b ἀφιερόω@viaa3p διά@p ὅς@rpans καί@b ἀπέχω@vipe3p ὁ@rpdms οὗτος@rpgfs μύστης@nnmpc ὄρνις@ngmpc ἐνεπιδίων@angmp- παρά@p ἐπαγγέλλω@vipe3s γάρ@x καί@b ἐλευσίνιος@ndfsp ἀπέχω@vnpe-- καί@cs κατά@voaa3s κίδιον@angmp- ὄρνις@ngmpc καί@cs ἰχθύς@ngmpc καί@cs κύαμος@ngmpc ῥοιά@ngfsc τε@x καί@cs μῆλον@ngnpc καί@b ἐπί@p ἴσος@angfs- μιαίνω@vire3p ὁ@dnns τε@b λεχώ@nampc ἅπτω@vnam-- καί@cs ὁ@dnns θνησιδίων@annns- ὅστις@rpnms δέ@b φάσμα@ngnpc φύσις@nafsc ἱστός@voam3s ρείδω@viaa3s οἶδα@vira3s κατά@p ὅς@rpams λόγος@namsc ἀπέχω@vnpe-- χρή@vipa3s πᾶς@angmp- ὄρνις@ngmpc καί@b μάλιστα@b ὅταν@cs σπεύδω@vspa3s τις@rpnms ἐκ@p ὁ@dgmp χθος@b -@ νίων@ngmpc ἀπαλλάσσω@vnap-- καί@cs πρός@p ὁ@damp οὐράνιος@anamp- θεός@nampc ἱδρύω@vnap-- ἀλλά@b ὁ@dnfs κακία@nnfsc ὅσπερ@rpans πολλάκις@b φημί@viia1p ἱκανός@annfs- συναγορεύω@vnpa-- ἑαυτοῦ@rpdfs καί@b μάλιστα@b ὅταν@cs ἐν@p οὐ@b οἶδα@vpradmp ποιέω@vspe3s ὁ@damp λόγος@nampc διά@p γάρ@b οὗτος@rpans ὁ@dnmp μέτριος@annmp- ὁ@dgmp κακός@angmp- ματαιολογία@nafsc ἡγέομαι@vipe3p ὁ@dafs τοιοῦτος@rpafs παρά@p αίτησιν@nafsc καί@cs ὁ@dans δή@b λέγω3@vppeams γραῦς@ngfpc ὕθλος@namsc ὁ@dnmp δέ@cs δεισιδαιμονία@nafsc ὁ@dnmp δέ@b ἐπίδοσις@nafsc ἐν@p ὁ@ddfs σφεῖς@rpgmp πονηρία@nnfpc ποιέω@vprenmp ἑτοῖμος@annmp- οὐ@b μόνος@anans- βλασφημέω@vnpa-- κατά@p ὁ@dgmp οὗτος@rpanp παραινέω@vppagmp τε@b καί@cs ὑποδείκνυμι@vppagmp ἀλλά@cs ἤδη@b καί@b ἁγνός@anams- εἰς@p γοητεία@nafsc καί@cs τῦφος@namsc διαβάλλω@vnpa-- ἀλλά@b οὗτος@rpnmp μέν@b δίκη@nafpc καί@b παρά@p θεός@ndmpc καί@cs παρά@p ἄνθρωπος@ndmpc ὅς@rpgnp ἁμαρτάνω@vipa3p ἐκτίνω@vppanmp αὐτός@rpdfs πρῶτος@anans- ὁ@ddfs τοιοῦτος@angfs- ὁ@ddfs διάθεσις@ndfsc ἱκανός@anafs- τιμωρία@nafsc δίδωμι@vipa3p ἐγώ@rpnmp δέ@b ἔτι@b ὁ@dgnp ἀλλόφυλος@angnp- ἔθνος@ngnpc εἷς@angns- μνημονεύω@vpaanmp ἔνδοξος@angms- τε@b καί@cs δίκαιος@angms- περί@p τε@cs ὁ@danp θεῖος@ananp- πιστεύω@vpregms εὐσε@b βοῦς@nampc ἐπί@p ἄλλος@rpanp μεταβαίνω@vifm1p"
"abstin._4.17","ἰνδός@ngmpp γάρ@b ὁ@dgfs πολιός@angfs- -@angfs- τεία@ngfsc εἰς@p πολύς@ananp- νέμω@vpregfs εἰμί@vipa3s τις@annns- γένος@nnnsc παρά@p αὐ@rpdms ὁ@ddmp ὁ@dnns ὁ@dgmp θεόσοφος@ngmpc ὅς@rpamp γυμνοσοφιστής@nampc καλέω@vnpa-- ἔθω@vira3p ἕλλην@nnmpp οὗτος@rpgnp δέ@b δύο@an---- αἵρεσις@nnfpc ὅς@rpgnp ὁ@dgfs μέν@b βραχμάν@nnmpp προίστημι@vipe3p ὁ@dgfs δέ@cs σαμαναῖος@nnmpp ἀλλά@b ὁ@dnmp μέν@b βραχμάν@nnmpp ἐκ@p γένος@ngnsc διαδέχομαι@vipe3p ὥσπερ@cs ἱερόν@nanpc τεία@voaa3p ὁ@dafs τοιοῦτος@anafs- θεοσοφία@nafsc σαμαναῖος@nnmpp δέ@b λογά@ananp- δίδωμι@vppanmp εἰμί@vipa3p κατά@p ὁ@dgmp βούλομαι@vpapgmp θεοσοφέω@vnpa-- συμπλη@nanpc ρόω@vppenmp ἔχω@vipa3s δέ@b ὁ@dnnp κατά@p αὐτός@rpamp οὗτος@anams- ὁ@dams τρόπος@namsc ὡς@cs βαρδησάνης@nnmsp ἀνήρ@nnmsc βαβυλώνιος@annms- ἐπί@p ὁ@dgmp πατήρ@ngmpc ἐγώ@rpgmp γίγνομαι@vpranms καί@cs ἐντυγχάνω@vpaanms ὁ@ddmp περί@p δάνδαμις@nafsp πε@ndnpc πέμπω@vpredmp ἰνδός@ndmpp πρός@p ὁ@dams καῖσαρ@namsp ἀναγράφω@viaa3s πάν@annmp- τε@rpnmp γάρ@x βραχμάν@nnmpp εἷς@ εἰμί@vipa3p γένος@ngnsc ἐκ@p εἷς@ γάρ@b πα@ngmsc πρός@ngmsc καί@cs εἷς@angfs- μήτηρ@ngfsc πᾶς@annmp- κατάγω@vipa3p σαμαναῖος@nnmpp δέ@b οὐ@b εἰμί@vipa3p ὁ@dgns αὐτός@angns- γένος@ngnsc ἀλλά@cs ἐκ@p πᾶς@angns- ὁ@dgns ὁ@dgmp ἰνδός@ngmpp ἔθνος@ngnsc ὡς@cs φημί@viia1p συλλέγω@vprenmp οὐ@b τε@b δέ@b βασιλεύω@vipe3s βραχμάς@nafsp οὐ@b τε@cs συντελέω@vipa3s τις@rpans ὁ@ddmp ἄλλος@rpdmp οὗτος@rpgmp δέ@b ὁ@dnmp φιλόσοφος@nnmpc ὁ@dnmp μέν@b ἐν@p ὄρος@ndnsc οἰκέω@vipa3p ὁ@dnmp δέ@cs περί@p γάγγης@nafsp ποταμός@namsc σιτέω@vipe3p δέ@b ὁ@dnmp μέν@b ὄρειος@nnmpc ὁ@dafs τε@b ὀπώρα@nafsc καί@cs γάλα@nansc βόειος@anans- βοτάνη@ndfpc πήγνυμι@anams- ὁ@dnmp δέ@cs περί@p ὁ@dams γάγγης@namsp ἐκ@p ὁ@dgfs ὀπώρα@ngfsc ὅς@rpnfs πολύς@annfs- περί@p ὁ@dams ποταμός@namsc γεννάω@vipe3s φέρω@vipa3s δέ@b ὁ@dnfs γῆ@nnfsc σχεδόν@b καρ@namsc πού@rpams ἀεί@b νέος@anams- καί@cs μέντοι@b καί@b ὁ@dafs ὄρυζα@nafsc πολύς@anafs- τε@b καί@cs αὐτόματος@anafs- ὅς@rpdfs χράω@vipe3p ὅταν@cs ὁ@dans ὁ@dgfs ὀπώρα@ngfsc ἐπιλείπω@vsaa3s ὁ@dnns δέ@b ἄλλος@rpgns τις@rpgns ἅπτω@vnam-- ἤ1@cs ὅλος@b θι@b γείνομαι@vnaa-- ἔμψυχος@angfs- τροφή@ngfsc ἴσος@annns- καί@b ὁ@ddfs ἔσχατος@andfss ἀκάθαρτος@andfs- -@andfs- ία@ndfsc τε@cs καί@cs ἀσέβεια@ndfsc νομίζω@vire3s καί@b οὗτος@annns- αὐτός@rpdmp ὁ@dnns δόγμα@nnnsc θρησκεύω@vipa3p τε@b ὁ@dans θεῖος1@anans- καί@cs εὐσεβέω@vppadmp περί@p αὐτός@rpans καθοράω@vipe3p ὁ@dams τοίνυν@b χρόνος@namsc ὁ@dgfs ἡμέρα@ngfsc καί@cs ὁ@dgfs νύξ@ngfsc ὁ@dams πλεῖστος@anams- εἰς@p ὕμνος@nampc ὁ@dgmp θεός@ngmpc ἀπό@viaa3p νέμω@viaa3p καί@cs εὐχή@nafpc ἕκαστος@angms- ἴδιος@anafs- καλύβη@nafsc ἔχω@vppagms καί@cs ὡς@b ἐν@b μάλιστα@b ἰδιάζω@vpfagms κοινῇ@b γάρ@b βραχμάν@nnmpp μέν@b ειν@ οὐ@b ἀνέχω@vipe3p ὁ@cs δέ@b πολύς@ananp- διαλέγω@vnpe-- ἀλλά@b ὅταν@cs συμβαίνω@vsaa3s οὗτος@rpnns ἀναχωρέω@vpaanmp ἐπί@p πολύς@anafp- ἡμέρα@nafpc οὐ@b φθέγγομαι@vipe3p πολλάκις@b δέ@cs καί@b νηστεύω@vipa3p σαμα@nnmsp ναίω@annmp- δέ@b εἰμί@vipa3p μέν@b ὡς@cs φημί@viia1p λογάς@nnmpc ὅταν@cs δέ@b μέλλω@vspa3s εἰς@p ὁ@dans τάγμα@nansc τις@rpnms ἐγγράφω@vnpe-- πρόσειμι1@vipa3s ὁ@ddmp ἄρα@p -@b ἔχω@vppadmp ὁ@dgfs πόλις@ngfsc ὅπου@b δέ@b ἄν@b τύχη@vsaa3s ὁ@dgfs πόλις@ngfsc ἤ1@cs ὁ@dgfs κώμη@ngfsc καί@b ὁ@dgnp κτῆμα@ngnpc ἐξίστημι@vipe3s πᾶς@angfs- τε@cs ὁ@dgfs ἄλλος@angfs- οὐσία@ngfsc ξυρέω@vpamnms δέ@cs ὁ@dgns σῶμα@ngnsc ὁ@danp περισσός@ananp- λαμβάνω@vipa3s στολή@nafsc ἄπειμι1@vipa3s τε@cs πρός@p σαμαναῖος@nampp οὐ@b τε@b πρός@p γυνή@nafsc οὐ@b τε@cs πρός@p τέκνον@nanpc εἰ@cs τυγχάνω@voaa3s κτάομαι@vprenms ἐπιστροφή@nafsc ἤ@cs τις@anams- λόγος@namsc ἔτι@b ποιέω@vppenms ἠ@cs πρός@p ἑαυτοῦ@rpams ὁ@dams ὅλος@b νομίζω@vppanms καί@b ὁ@dgnp μέν@b τέκνον@ngnpc ὁ@dnms βασιλεύς@nnmsc κήδω@vipe3s ὅπως@cs ἔχω@vspa3p ὁ@danp ἀναγκαῖος@ananp- ὁ@dgfs δέ@cs γυνή@ngfsc ὁ@dnmp οἰκεῖος@annmp- ὁ@dnms δέ@b βίος@nnmsc ὁ@ddmp σάμαινα@ndmpp εἰμί@vipa3s τοιοῦτος@rpnms ἔξω@p ὁ@dgfs πόλις@ngfsc διατρίβω@vipa3p διημερεύω@vppanmp ἐν@p ὁ@ddmp περί@p ὁ@dgns θεῖος2@ngnsc λόγος@ndmpc ἔχω@vipa3p δέ@cs οἶκος@nampc καί@cs τέμενος@nanpc ὑπό@p ὁ@dgms βασιλεύς@ngmsc οἰκοδομέω@vpapanp ἐν@p ὅς@rpdnp οἰκονόμος@annmp- εἰμί@vipa3p ἀπότακτος@anans- τις@rpans λαμβάνω@vppanmp παρά@p ὁ@dgms βασιλεύς@ngmsc εἰς@p τροφή@nafsc ὁ@dgmp σύνειμι1@vppagmp ὁ@dnfs δέ@b παρασκευή@nnfsc γίγνομαι@vipe3s ὄρυζα@ngfsc καί@b ἄρτος@ngmpc καί@b ὀπώρα@ngfsc καί@cs λάχανον@ngnpc καί@b εἰς@vipa3p ἔρχομαι@vpaagmp εἰς@p ὁ@dams οἶκος@namsc ὑπό@p σημαίνω@vppadms κώδων@ndmsc ὁ@dnmp μή@b σαμαναῖος@nnmpp ἔξειμι2@vipa3p ὁ@dnmp δέ@b προσεύχομαι@vipe3p εὐξαμέω@b νων@angnp- δέ@b πάλιν@b διακωδωνίζω@vipa3s καί@cs ὁ@dnmp ὑπηρέτης@nnmpc ἕκαστος@andms- τρυβλίον@nansc δίδωμι@vpaanmp δύο@an---- γάρ@b ἐκ@p ὁ@dgms αὐτός@rpgns οὐ@b ἐσθίω@vipa3p τρέφω@vipa3p αὐτός@rpamp ὁ@ddfs ὀρύζω@ndfsc ὁ@ddms δέ@b δέω2@vppedms ποικιλία@ngfsc προστίθημι@vipe3s λάχανον@nnnsc ἤ1@cs ὁ@dgfs ὀπώρα@ngfsc τις@rpnns τρέφω@vpapnmp δέ@b σύντομος@b ἐπί@p ὁ@dafp αὐτός@anafp- διατριβή@nafpc ἔξειμι2@vipa3p ἀγύναιος@annmp- δέ@b εἰμί@vipa3p πᾶς@annmp- καί@cs ἀκτήμων@annmp- καί@cs τοσοῦτος@anans- αὐτός@rpgmp τε@b καί@cs ὁ@dgmp βραχμάν@ngmpp σέβας@nansc ἔχω@vipa3p ὁ@dnmp ἄλλος@rpnmp ὥστε@cs καί@b ὁ@dams βασιλεύς@namsc ἀφικνέομαι@vnpe-- παρά@p αὐτός@rpamp καί@b ἱκνέομαι@anans- τεύω@vnpa-- εὔχομαι@vnam-- τις@rpans καί@cs δέω2@vnap-- ὑπέρ@p ὁ@dgnp καταλαμβάνω@ngfpc βαίνω@vpaagmp ὁ@dafs χώρα@nafsc συμβουλεύω@vnaa-- ὁ@dans πρακτέος@anans-"
"abstin._4.18","αὐτός@rpnmp δέ@b οὕτως@b πρός@p θάνατος@namsc διάκειμαι@vipe3p ὡς@cs ὁ@dams μέν@b ὁ@dgns ζάω@vnpa-- χρόνος@namsc ὥσπερ@cs ἀναγκαῖος@nafsc τις@rpacs ὁ@ddfs φύσις@ndfsc λει@vipa3s τουργία@nafsc ἀκούσιος@b ὑπομένω@vnpa-- σπεύδω@vnpa-- δέ@b ὁ@dafp ψυ@anafp- χήν@nafpc ἀπολύω@vnaa-- ὁ@dgnp σῶμα@ngnpc καί@cs πολλάκις@b ὅταν@cs εὖ@b ἔχω@vnpa-- σκέπτομαι@vsam3p μηδείς@rpgns αὐτός@rpamp ἐπείγω@vppagms κακός@angns- μη@b δέ@cs ἐξελαύνω@vppagms ἔξειμι2@vipa3p ὁ@dgms βίος@ngmsc προλέγω@vpaanmp μέν@b σύ@b ὁ@ddmp ἄλλος@rpdmp καί@b εἰμί@vipa3s οὐδείς@rpnms ὁ@dnms κωλύω@vpfanms ἀλλά@cs πᾶς@annmp- αὐτός@rpamp εὐδαιμονίζω@vppanmp πρός@p ὁ@damp οἰκεῖος@anamp- ὁ@dgmp θνήσκω@vpragmp ἐπισκήπτω@vipa3p τις@rpams οὕτως@b βέβαιος@anafs- καί@cs ἀληθής@anafss αὐτός@rpnmp τε@b καί@cs ὁ@dnmp πολύς@annmp- ὁ@ddfp ψυχή@ndfpc ὁ@dafs μετά@p ἀλλήλων@rpgmp εἰμί@vnpa-- δίαιτα@nafsc πιστεύω@vira3p ὁ@dnmp δέ@b ἐπειδάν@cs ὑπακούω@vsaa3p ὁ@dgnp ἐντέλλω@vpregnp αὐτός@rpdmp πῦρ@ndnsc ὁ@dans σῶμα@nansc παραδίδωμι@vpaanmp ὅπως@cs δή@b καθαρός@anafss ἀποκρίνω@vspa3p ὁ@dgns σῶμα@ngnsc ὁ@dafs ψυχή@nafsc ὑμνέω@vppenmp τε@b λευτέω@vipa3p ῥᾴδιος@anansc γάρ@b ἐκεῖνος@rpamp εἰς@p ὁ@dams θάνατος@namsc ὁ@dnmp φίλος@annmp- τατοι@b ἀποπέμπω@vipa3p ἤ1@cs ὁ@dgmp ἄλλος@rpgmp ἄνθρωπος@ngmpc ἕκαστος@annmp- ὁ@damp πολίτης@nampc εἰς@p μήκιστος@anafp- ἀποδημία@nafpc καί@b σφεῖς@rpamp μέν@b αὐτός@anamp- δακρύω@vipa3p ἐν@p ὁ@ddns ζάω@vnpa-- διαμένω@vpaaamp ἐκεῖνος@rpamp δέ@b μακαρίζω@vipa3p ὁ@dafs ἀθάνατος@anafs- λῆξις1@nafsc ἀπολαμβάνω@vppaamp καί@cs οὐδείς@annms- οὐ@b τε@b παρά@p οὗτος@rpdmp οὐ@b τε@cs παρά@p ὁ@ddmp ἄλλος@rpdmp ὁ@ddnp ἐρῶ@vprednp σοφιστής@nnmsc προέρχομαι@vpaanms οἷος@annmp- βροτός@nnmpc νῦν@b παρά@p ἕλλην@ndmpp ἀπορέω@vnpa-- δοκέω@viaa3s λέγω3@vppanms ἐάν@cs σύ@rpamp πάν@anams- τε@nnmpc μιμέομαι@vifm3p τίς@rpnns ἐγώ@rpdmp εἰμί@vifm3s οὐ@b δέ@cs διά@p οὗτος@rpamp σύν@b χέω@viap3s ὁ@dnnp ὁ@dgmp ἄνθρωπος@ngmpc οὐ@b τε@b γάρ@b μιμέομαι@viam3p πάν@annmp- τε@nnmpc ὅς@dnmp τε@cs μιμέομαι@vppenmp εὐνομία@ngfsc μᾶλλον@b οὐ@b συγχύς@angns- -@angns- σις@ngfsc ὁ@ddnp ἔθνος@ndnpc γίγνομαι@vira3p αἴτιος@annmp- καί@b μήν@b οὐ@b δέ@b ὁ@dnms νόμος@nnmsc οὗτος@rpamp ἀναγκάζω@viaa3s ἀλλά@cs ὁ@ddmp ἄλλος@rpdmp ἐπιτρέπω@viia3s νάπτω@vpaanms σιτέω@vnpe-- κρέας@ndnpc οὗτος@rpamp αὐτόνομος@anamp- ἐάω@viaa3s καί@cs εἰσοράω@viap3s ὡς@b αὐτός@rpgms κρείσσων@anampc οὐ@b μήν@b ὡς@b ἀδικία@ngfsc κατά@p ἄρχω@vppaamp ὑπάγω@viaa3s ὁ@ddfs παρά@p αὐτός@rpgms δίκη@ndfsc ἀλλά@cs ὁ@damp ἕτερος@anamp- πρός@p μέντοι@b ὁ@damp ἐρωτάω@vppaamp τίς@rpans εἰμί@vifm3s μι@vipa1s μήδομαι@vpamgmp πᾶς@angmp- ὁ@damp τοιοῦτος@rpamp ῥητέος@annns- ὁ@dans ὁ@dgms πυθαγόρας@ngmsp καί@b γάρ@b βασιλεύς@ngmpc πᾶς@angmp- γίγνομαι@vpamgmp δυσδιέξακτος@annms- ὁ@dnms βίος@nnmsc φημί@vipa3s εἰμί@vifm3s καί@cs οὐ@b δήπου@b φευκτέος@annns- ὁ@dans ὁ@dgfs βασίλεια@ngfsc καί@b σπουδαῖος@angnp- ἅπας@angnp- οὐ@b εἰμί@vipa3s εὑρίσκω@vnaa-- πολιτεία@ngfsc διέξοδος@nafsc τηρέω@vppanfs ὁ@dafs ἀξία@nafsc ὁ@ddfs σπουδαιότης@ndfsc καί@cs οὐ@b δήπου@b τοσοῦτος@rpans ἄν@b τις@rpnms μαίνομαι@voap3s ὡς@cs μή@b πᾶς@andmp- ἐπιβάλλω@vnpa-- ἡγέομαι@vnpe-- σπουδαῖος@andmp- εἰμί@vnpa-- προθυμέομαι@vnpe-- πολύς@ananp- μέντοι@b καί@cs ἄλλος@rpanp ὁ@dnms νόμος@nnmsc ὁ@ddms μέν@b χυδαῖος@andms- συγχωρέω@viaa3s οὐ@b ὅτι@b δέ@b φιλόσοφος@ndmsc ἀλλά@cs οὐ@b δέ@b ὁ@ddms καλός@b πολιτεύω@vppedms ἐπιτρέπω@viaa3s οὐ@b δέ@cs γάρ@b ἐκ@p πᾶς@angfs- τέχνη@ngfsc παραδέχομαι@voam3s ἄν@b εἰς@p ὁ@dans πολίτευμα@nansc καίτοι@cs οὐ@b κωλύω@viaa3s μή@b μέτειμι2@vnpa-- ὁ@dafp τέχνη@nafpc οὐ@b δέ@cs ἐκ@p πᾶς@angns- ἐπιτήδευμα@ngnsc καί@cs ὅμως@b ὁ@damp ἐκ@p ὁ@dgmp βαναύ@b σω@angmp- ἄρχω@vnpa-- ἀπείργω@vipa3s ὅλος@b τε@cs ἐν@p ὅς@rpdfp δικαιοσύνη@ngfsc χρεία@nnfsc καί@cs ὁ@dgfs ἄλλος@angfs- ἀρετή@ngfsc ὁ@dgfs προστατεία@ngfsc κωλύω@vipa3s ἐπεί@cs οὐ@b δέ@cs ἑταίρα@ndfpc ὁμιλέω@vnpa-- ἀπαγορεύω@vipa3s ὁ@ddmp πολύς@andmp- ἀλλά@cs καί@b πράσσω@vppenms ὁ@dafp ἑταίρα@nafpc ὁ@dans μίσθωμα@nansc ποιέω@p νείκιστος@anans- ἡγέομαι@vipe3s μέτριος@andmp- ἀνήρ@ndmpc καί@cs αἰσχρός@anafs- ὁ@dafs πρός@p οὗτος@rpafp ὁμιλία@nafsc ὁ@dans τε@b ἐν@p καπηλεῖον@ndnpc διαζάω@vnpa-- οὐ@b διακωλύω@vira3s ὁ@dnms νόμος@nnmsc καί@cs ὅμως@b ἐπονείδιστος@annns- ὁ@ddms ἐγώ@rpams τρίον@andns- τοιοῦτος@rpnns οὖν@b τις@rpnns καί@b ὁ@dnns ὁ@dgfs δίαιτα@ngfsc φαίνω@vipe3s καί@b οὐ@b ὅστις@rpnfs ὁ@ddmp πολύς@andmp- συγχωρέω@vire3s οὗτος@rpafs ἄν@b τις@rpnms καί@b ὁ@ddmp βέλτιστος@andnps συγχωρέω@voaa3s φιλοσοφέω@vppanms δέ@b ἀνήρ@nnmsc μάλιστα@b ἄν@b ὁ@damp ἱερός@nampc ἑαυτοῦ@rpdms ὑπογράφω@voaa3s νόος@rpgms μου@rpamp ὅς@rpamp θεός@nnmpc τε@cs καί@cs ἄνθρωπος@nnmpc ὁρίζω@viaa3p θεός@ndmpc ἕ@p μένω@annmpc ὁ@dnmp δέ@b ἱερός@annmp- φαίνω@vira3p νόμος@nnmpc κατά@p ἔθνος@nanpc καί@cs κατά@p πόλις@nafpc ἁγνεία@anafs- μέν@b προστάσσω@vppanmp ἔμψυχος@angnp- δέ@cs βρῶσις@nafsc ἀπαγορεύω@vppanmp ὁ@ddnp ἱερόν@ndnpc ἤδη@b καί@cs εἰς@p πλῆθος@nafsc -@ananp- θος@nansc πίνω@vnpa-- κωλύω@vppanmp ἤ1@b διά@p εὐσέβεια@nafsc ἤ1@cs διά@p τις@anafp- βλάβη@nafpc ἐκ@p ὁ@dgfs τροφή@ngfsc ὥστε@b ἤ1@b ὁ@damp ἱερεύς@nampc μιμητέος@annns- πᾶς@andmp- πειστέος@annns- ὁ@ddmp νομοθέτης@ndmpc ἑκάτερος@b γάρ@b πάν@b ὁ@rpgmp ἀφεκτέον@annns- ὁ@dams νόμιμος@anams- τε@x τέλειος@b καί@cs εὐσεβής@b εἰ@cs γάρ@b κατά@p μέρος@nansc τις@rpncp διά@p εὐσέβεια@nafsc τις@rpgmp ἀπέχω@viia3p ται@vipe3s ὁ@dnms πρός@p πᾶς@ananp- εὐσεβής@annms- πᾶς@angmp- ἀπέχω@vifm3s"
"abstin._4.19","μικρός@angns- ἐγώ@rpams παρέρχομαι@viaa3s καί@b ὁ@dans εὐριπίδειος@nansp παρατίθημι@vnam-- ὅς@rpnms ὁ@damp ἐν@p κρήτη@ndfsp ὁ@dgms ζεύς@ngmsp προφήτης@nampc ἀπέχω@vnpe-- φημί@vipa3s διά@p οὗτος@rpgmp λέγω3@vipa3p δέ@b ὁ@dnmp κατά@p ὁ@dams χορός@namsc πρός@p ὁ@dams μίνως@namsp φοινικογενής@angfs- παῖς@nnmsc ὁ@dgfs τύριος@angfs- τέκνον@nnnsc εὐρώπη@nnmsp καί@cs ὁ@dgms μέγας@angms- ζάνη@nnmsp ἀνάσσω@vppanms κρήτη@ngfsp ἑκατόμπιεθρον@angfs- ἥκω@vipa1s ζάθεος@anamp- ναός@nampc προλείπω@vpaanms ὅς@rpamp αὐθιγενής@annfs- τέμνω@vpapnfs δοκός@nnfsc στεγανός@anamp- παρέχω@vipa3s χάλυβος@ndfsp πέλεκυς@ndnsc καί@cs ταυρόδετος@andfs- κόλλα@ndfsc κράθω@vpapnfs ἀτρεκής@anamp- ἁρμός@nampc κυπαρίσσου@angms- ἁγνός@anams- δέ@x βίος@namsc τείνω@viia1p ἐκ@p ὅς@rpgms ζεύς@ngmsp ʼἰδαῖος@angms- μύστης@ngfsc γίγνομαι@viam1s καί@cs νυκτιπόλος@angms- ζαγρεύς@ngmsp βροντή@nafpc ὁ@dafp τε@x ὠμοφάγος@anafp- δαίτη@nafpc τελέω@vpaanms μήτηρ@ndfsc τε@x ὄρειος@andfs- δαίς@nafpc ἀνέχω@vpaanms καί@cs κουρήτων@ngmpp βάκχος@nnmsc καλέω@viap1s ὅσιος@vpapnms πάλλευκος@ananp- δέ@x ἔχω@vppanms εἷμα@nanpc φεύγω@vipa1s γένεσις@nafsc τε@x βροτός@ngmpc καί@cs νεκροθήκη@ngfsc οὐ@b χρίμπτω@vppenms ὁ@dafs τε@x ἔμψυχος@angmp- βρῶσις@nafsc ἐδεστός@vppanms φυλάσσω@vire1s"
"abstin._4.20","ἁγνεία@anafs- γάρ@b τίθημι@viie3p ὁ@dnmp ἱερός@nnmpc ὁ@dafs πρός@p ὁ@dans ἐναντίος@anans- ἀμιξία@nafsc μολυσμός@namsc δέ@cs ὁ@dafs μῖξις@nafsc ὅθεν@b ὁ@dafs μέν@b ὁ@dgmp καρπός1@ngmpc τροφή@nafsc οὐ@b ἐκ@p νεκρός@ngmpc λαμβάνω@vpapafs οὐ@b δέ@cs οὖ@b σαν@cs ἔμψυχος@anans- ὁ@ddfs φύσις@ndfsc προσφέρω@vppanmp ὁ@danp ὑπό@p ὁ@dgfs φύω@ngfsc -@ngfsc σις@ngfsc διοικέω@vppeanp μή@b μιαίνω@vnpe-- οἴομαι@viie3p ὁ@dgnp δέ@b ζῷον@ngnpc αἰσθητικός@angnp- εἰμί@vppagnp ὁ@dafp σφαγή@nafpc καί@cs ἀφαίρεσις@nafpc ὁ@dgfp ψυχή@ngfpc ὡς@cs πρός@p ὁ@damp ζάω@vppaamp μιασμός@nampc ἡγέομαι@viim3p καί@cs πολύς@andns- μᾶλλον@b ὁ@dans αἰσθητικός@anans- γίγνομαι@vipa1p σῶμα@nansc ἀφίημι@vsaa3s ἀρόω@vpreams ὁ@dgfs αἴσθησις@ngfsc καί@cs νεκρός@anans- μίγνυμι@vnpa-- ὁ@ddfs εἰ@ στάω@ndfsc ὁ@dgns ζάω@vppagms διά@p ὅς@rpans ἐν@p πᾶς@andnp- ὁ@dnfs ἁγνεία@annfs- ἐν@p ἀπό@ndfsc θέσις@ndfsc μέν@b καί@cs ἀπέχω@ndfsc ὁ@dgmp πολύς@angfp- καί@cs ἐναντίος@angfp- μονότης@ndfsc δέ@cs καί@cs λαμβάνω@ndfsc ὁ@dgnp οἰκεῖος@angnp- καί@cs προσφυής@angnp- διά@p ὅς@rpans καί@b ὁ@danp ἀφροδίσιος@ananp- μιαίνω@vipa3s σύνοδος2@nnfsc γάρ@x θῆλυς@annfs- καί@cs ἄρσην@annfs- καί@cs κρατέω@vpapnns μέν@b ὁ@dnns σπέρμα@nnnsc ψυχή@ngfsc παρά@p ἔχω@viaa3s μίασις@ ὁ@ddfs πρός@p ὁ@dans σῶμα@nansc ὁμιλία@ndfsc μή@b κρατέω@vpapnns δέ@b ὁ@ddfs νεκρόω@ndfsc ὁ@dgns παρατίθημι@vpapgns ὁ@dnfs δέ@b πρός@p ἀραρίσκω@b να@nafpc ἄρσην@angfp- καί@cs ὅτι@cs εἰς@p νεκρός@namsc καί@cs ὅτι@cs παρά@p φύσις@nafsc καί@cs καθάπαξ@b ἀφροδίσιος@ananp- καί@cs ὀνειρώσσω@vifa2s ὅτι@cs ψυχή@ngfsc σῶμα@ndnsc μίγνυμι@vpregfs καί@cs πρός@p ὁ@dafs ἡδονή@nafsc -@angfsc νης@vppegfs μιαίνω@vipa3s δέ@b καί@b ὁ@dnnp πάθος@nanpc ὁ@dgfs ψυχή@ngfsc ὁ@ddfs συμπλοκή@ndfsc ὁ@dgms ἄλογος@ngmsc θηλύνω@vppegms ὁ@dgms ἐντός@b ἄρσην@ngmsc καί@b γάρ@b πως@b καί@cs ὁ@dnms μολυσμός@nnmsc καί@cs ὁ@dnfs μίασις@nnfsc δηλόω@vipa3s ὁ@dafs μῖξις@nafsc ὁ@dafs ἑτερογενής@angms- πρός@p ἕτερος@anams- καί@b μάλα@b ὅταν@cs δυσέκνιπτος@annns- γίγνομαι@vsam3s ὅθεν@b καί@cs ἐπί@p ὁ@dgnp βάμμα@ngnpc ὅς@rpnnp δή@b διά@p μῖξις@ngfpc συνίστημι@vipe3s εἶδος@ngnsc ἄλλος@rpgns ἄλλος@rpdns συμ@p πλέκω@vppegns μιαίνω@vnpa-- φημί@vipa3p ὡς@b δέ@x ὅτε@cs τις@rpnfs τε@x ἐλέφας@namsc γυνή@nnfsc φοῖνιξ@vipa3s μιαίνω@vsaa3s καί@b ἔμπαλιν@b ὁ@dafp μῖξις@nafpc φθορά@nafpc ὁ@dnmp ζωγράφος@nnmpc λέγω3@vipa3p ὁ@dnfs δέ@cs συνήθεια@nnfsc ὁ@dans ἄμικτος@anans- καί@cs καθαρός@anans- ἄφθαρτος@anans- καί@b ἀκραιφνής@anans- καί@cs ἀκήρατος@anans- καί@b γάρ@b ὕδωρ@nnnsc γῆ@ndfsc ἀναμίγνυμι@andfs- χώομαι@b φθείρω@vire3s καί@cs οὐ@b εἰμί@vipa3s ἀκραιφνής@annns- ὁ@dnns δέ@b διαρ@annns- -@anans- ρέω@vppanns καί@cs διαφεύγω@vppanns διακρούω@vipe3s ὁ@dafs προσφέρω@vppeafs γῆ@nafsc ὅταν@cs φημί@vipa3s ὁ@dnms ἡσίοδος@nnmsp ἀπό@p κρήνη@ngfsc ῥέα@vspa3s ἀέναος@angfs- καί@cs ἀπόρρυτος@angfs- ὅστε@b ἀθόλωτος@annfs- καί@b ὑγιεινός@annns- γε@b ὁ@dnns πῶμα@nnnsc ὅτι@cs ἀδιάφθορος@annns- καί@cs ἄμικτος@annns- καί@cs θῆλυς@nnfsc μή@b ἀναδέχομαι@vpamnfs εἰς@p ἑαυτοῦ@rpafs ἀναθυμίασις@ndfpc σπέρμα@ngnsc ἄφθορος@annfs- λέγω3@vipe3s ὥστε@b καί@b φθορά@nnfsc καί@cs μίασις@nnfsc ὁ@dnfs ὁ@dgns ἐναντίος@angns- μῖξις@nnfsc εἰ@cs δή@b πρός@p ὁ@danp ζῷον@nanpc ὁ@dnfs νεκρός@angmp- καί@cs ὁ@dnfs πρός@p αἴσθησις@nafsc ζάω@vpaagmp εἰς@p ὁ@danp ζάω@vppaanp ἔνθεσις@nnfsc καί@cs σάρξ@ngfpc νεκρός@angmp- εἰς@p ζάω@vppaafp εἰκότως@b φέρω@vipa3s μόλυσμα@nansc καί@cs ὁ@ddfs φυσικός@andfs- ἐγώ@rpgmp μίασις@nafsc ὥσπερ@cs οὐ@b καί@b ψυχή@nnfsc ὅταν@cs ἐνσωματόω@vspe3s μολύνω@vire3p διά@p ὅς@rpans καί@b ὁ@dnms γίγνομαι@vpamnms μιαίνω@vipe3s μῖξις@ndfsc ὁ@dgfs ψυχή@ngfsc ὁ@ddfs πρός@p ὁ@dans σῶμα@nansc καί@cs ὁ@dnms ἀποθνήσκω@vpaanms ὅταν@cs σῶμα@nansc καταλείπω@vsaa3s νεκρός@anans- ἀλλόφφυτος@anans- -@annnp- λον@annns- ὁ@ddms ζάω@vppadms καί@cs ἀλλότριος@annns- μιαίνω@vipe3s δέ@b καί@cs ὁ@dnfs ψυχή@nnfsc ὀργή@ndfpc ἐπιθυμία@ndfpc πλῆθος@ndnsc πάθος@ngnpc ὅς@rpgnp συναίτιος@nnfsc πως@b καί@cs ὁ@dnfs δίαιτα@nnfsc ὡς@cs δέ@b ὕδωρ@nnnsc διά@p πέτρα@ngfsc ἀπορρέω@vppanns ἀδιάφθορος@annns- ὁ@dgms διά@p ἐλαύνω@ngnpc εἶμι@vppagms ὁ@ddns μή@b πολύς@anafs- ἰλύς@nafsc ἀποσπάω@vnpa-- οὕτως@b καί@cs ψυχή@nnfsc διά@p ξηρός@angns- σῶμα@ngnsc καί@cs μή@b χυμός@ndmpc ἀλλότριος@angfp- σάρξ@ngfpc ἄρδω@vppegms ὁ@danp ἑαυτοῦ@rpgfs διοί@vopa3s κῶς@vpaanfs κρείσσων@annfsc καί@cs ἀδιάφθορος@annfs- καί@cs πρός@p σύνεσις@nafsc ἑτοῖμος@annfsc ἐπεί@b καί@b ὁ@ddfp μέλισσα@andfp- ὁ@dans καλός@anans- μέλι@nansc φημί@vipa3p φέρω@vnpa-- ὁ@dans ξηρός@ananss καί@cs δριμύς@ananss θύμος@anans- μιαίνω@vipe3s τοίνυν@b ὁ@dnfs διάνοια@nnfsc μᾶλλον@b δέ@cs ὁ@dnms διανοέω@vppenms νος@nnmsc ὅταν@cs ἤ1@cs φανταστικός@andfs- ἤ1@cs δοξαστικός@andfs- ἀναμίγνυμι@vipe3s καί@cs ὁ@ddfp οὗτος@rpgmp ἐνέργεια@ndfpc ὁ@dafp οὗτος@rpgfs συγκεράννυμι@vsam3s καθαρμός@nnmsc δέ@b ὁ@dnms πᾶς@angnp- οὗτος@rpgnp χωρισμός@nnmsc καί@b ἁγνεία@annfs- ὁ@dnfs μόνωσις@nnfsc καί@cs τροφή@nnfsc ὁ@dnns τηρέω@vppanns ἕκαστος@annns- ἐν@p ὁ@ddns εἰμί@vnpa-- οὕτως@b γάρ@b καί@b λίθος@ngmsc τροφή@nafsc ὁ@dans αἴτιος@anans- ὁ@dgns συμμί@angns- νίνω@vnpa-- εἶπον@voaa2s ἄν@b καί@cs ὁ@dgns ἑκτικός@b διαμένω@vnpa-- καί@cs φυ@ ὁ@dgns ὁ@dafs διατηρέω@vppaafs ἐν@p ὁ@ddns αὐξάνω@vnpa-- καί@cs καρποφοέω@vnpa-- καί@cs ζώιον@ngnsc σῶμα@ngnsc ὁ@dafs τηρέω@vppaafs αὐτός@rpgns ὁ@dafs σύστασις@nafsc ἄλλος@annns- δέ@x εἰμί@viia3s τρέφω@vnpa-- ἄλλος@annns- πιαίνω@vnpa-- καί@cs ἄλλος@b ὁ@dnns ἀναγιγνώσκω@ καίω@anans- δίδωμι@vnpa-- ἄλλος@b ὁ@dnns τρυφή@nafpc πορίζω@vnpa-- διάφορος@annfp- τοίνυν@b εἰ@nnfpc τροφή@nnfpc κατά@p ὁ@dans διάφορος@anans- ὁ@dgmp τρέφω@vppegnp καί@cs δεῖ@vipa3s πᾶς@ananp- μέν@x τρέφω@vnpa-- σπουδάζω@vnpa-- δέ@x πιαίνω@vnpa-- ὁ@danp ἐν@p ἐγώ@rpdcp κύριος@ananps ψυχή@ngfsc οὖν@b λογικός@angfs- τροφή@nnfsc ὁ@dnfs τηρέω@vppanfs λογικός@nafsc νόος@nnmsc δέ@x οὗτος@annfs- ὥστε@b νόος@andms- θρεπτέος@annns- καί@cs σπουδαστέος@annns- πιαίνω@vnpa-- ἀπό@p οὗτος@rpgns ἤ1@cs ἀπό@p ὁ@dgnp βρῶμα@ ὁ@dgnp ὁ@dafs σάρξ@nafsc ὁ@dnms μέν@b γάρ@b ὁ@dafs αἰώνιος@anafs- ἐγώ@rpdmp ζωή@nafsc συνέχω@vipa3s ὁ@dnns δέ@cs σῶμα@nnnsc πιαίνω@vppenns λιμώσσω@vnpa-- ὁ@dafs ψυ@anafs- -@anafs- χήν@nafsc ποιέω@vipa3s ὁ@dgfs μακάριος@angfs- ζωή@ngfsc καί@cs ὁ@dans θνητός@anans- αὔξω@vipa3s παραιρέω@vppanns καί@cs ἐμποδίζω@vppanns πρός@p ὁ@dams ἀθάνατος@anams- βίος@namsc μιαίνω@vipa3s τε@b ἐνσωματέω@vnpa-- ὁ@dafs ψυχή@nafsc καί@cs κατασπάω@vppanms πρός@p ὁ@dans ἀλλότριος@anans- ὁ@dnms δέ@b μάγνης@nnmsc λίθος@nnmsc σίδηρος@ndmsc ψυχή@nafsc ζεύς@ δωσι@vipa3s πλησίος@b γίγνομαι@vpamdms καί@cs ὁ@dnms βαρύς@annmss ἀνακουφίζω@b ίζω@vipe3s σίδηρος@nnmsc πνεῦμα@ndnsc προσανατρέχω@vppanms λίθος@ngmsc πρός@p θεός@namsc δέ@b τις@rpncs ἀναρτάω@vpaenms ἀσώματος@anans- τε@b καί@cs νοερός@anans- τρο@nansc φημί@nafsc πολυπραγμονέω@vifa3s ὁ@dafs πιαίνω@vppaafs ὁ@dans ἐμπόδιος@anans- πρός@p νόος@namsc σῶμα@nansc οὐ@b δέ@b εἰς@p ὀλίγος@anans- καί@cs εὔπορος@andns- ριστος@namsc συστέλλω@vpaanms ὁ@dgfs σάρξ@ngfsc ὁ@dans ἀναγκαῖος@anans- αὐτός@rpnms θρέ@viaa3s ψω@vipe3s προσπεφύκω@vpranms ὁ@ddms θεός@ndmsc μᾶλλον@b ἤ1@cs σίδηρος@nnmsc ὁ@ddms μάγνης@ndmsc εἰ@cs γάρ@b καί@b ὁ@dgfs ἐκ@p ὁ@dgmp καρπός1@ngmpc οἷος@annns- τε@b εἰμί@viia3s ἄνευ@p πρᾶγμα@ngnpc τροφή@ngfsc ἀφεστήξω@vnaa-- εἰ@cs μή@b οὗτος@rpnns εἰμί@viia3s ἐγώ@rpgmp ὁ@dgfs φύσις@ngfsc ὁ@dnns φθαρτός@annns- εἰ@cs γάρ@b καθά@cs φημί@vipa3s ὅμηρος@nnmsp μη@b δέ@x σῖτος@ngmsc δέω2@viap1p μη@b δέ@cs ποτόν@ngnsc ἳνα@rpgnp ὄντως@b εἰμί@viia1p ἀθάνατος@annmp- καλός@b οὗτος@rpans ὁ@dgms ποιητής@ngmsc παρίστημι@vpaagms ὡς@cs οὐ@b μόνος@b ὁ@dgns ζάω@vnpa-- ἀλλά@cs καί@b ὁ@dgns ἀποθνήσκω@vnpa-- ὁ@dnfs τροφή@nnfsc ὑπάρχω@vila3p ἐφόδιον@b εἰ@cs οὖν@b μη@b δέ@b οὗτος@rpgfs δέω2@viap1p τόσος@andns- ἄν@b εἰμί@viia1p μακάριος@annmpc ὅσος@andns- καί@b ἀθάνατος@annmpc νῦν@b δέ@b ἐν@p θνητός@andns- εἰμί@vppanmp ἔτι@b θνητός@anamps ρος@anamp- εἰ@cs χρή@vipa3s οὕτως@b εἶπον@vnaa-- ἀγνοέω@vipa1p ἑαυτοῦ@rpamp ποιέω@vnpa-- τε@vpaanmp ὁ@ddfs οὗτος@rpgns προσεσία@ndfsc οὐ@b πολύς@anans- ὁ@dans ἐνοίκιος@anans- ὡς@cs φημί@vipa3s πού@b θεόφραστος@nnmsp ὁ@ddns σῶμα@ndnsc δίδωμι@vppagfs ὁ@dgfs ψυχή@ngfsc ὁ@dgfs ἐν@p αὐτός@rpdms κατοίκησις@ngfsc ἀλλά@cs ὅλος@anafs- ἑαυτοῦ@rpafs προστίθημι@vppagfs -@vppagfs σός@vppagfs ὡς@b εἴθε@i ὁ@dafs μυθολογέω@vppeafs ἄλιμος@anafs- καί@cs ἄδιψος@anafs- εἰμί@viia3s κτάομαι@vnre-- ἵνα@cs τις@rpnms ὁ@dans διαρρέω@vppaans ὁ@dgns σῶμα@ngnsc ἐπί@p ἔχω@vpaanms διά@p ὀλίγος@angns- πρός@p ὁ@ddmp ἄριστος@andmps εἰμί@viia3s πρός@p ὅς@rpdmp εἰμί@vppanms καί@b θεός@nnmsc εἰμί@vipa3s θεός@nnmsc ἀλλά@b οὗτος@rpanp μέν@b τίς@anans- ἄν@b τις@rpnms ἀποκλάω@voam3s πρός@p ἄνθρωπος@nampc τοσοῦτος@rpans σκοτόω@viie2s νους@anamp- ὡς@cs ὁ@dans ἑαυτοῦ@rpgmp κακός@anans- περιέπω@vnpa-- μισέω@vnpa-- δέ@cs πρῶτος@ananp- ὁ@dams μέν@b ἑαυτοῦ@rpamp καί@cs ὁ@dams ὄντως@b αὐτός@rpamp τίκτω@vpaaams ἔπειτα@b καί@b ὁ@damp ὑπομιμνήσκω@vppaamp καί@b ἐκ@p ὁ@dgfs μέθη@ngfsc ἀνανήφω@vnaa-- παρακαλέω@vpfaamp διά@p ὅς@rpans μήποτε@b ὁ@dgnp τοιοῦτος@rpgnp ἀφίημι@ananp- νους@nampc χρή@vipa3s ἐπί@p ὁ@danp λείπω@vppeanp ὁ@dgnp ζήτημα@ngnpc μεταβαίνω@vnpa-- νίνω@vnpa--"
"abstin._4.21","ὁ@dnmp γάρ@b δή@b πρός@p ὁ@danp ἐκ@p ὁ@dgnp ἔθνος@ngnpc ἐγώ@rpdmp παρά@p τίθημι@vpapanp νόμιμος@nanpc ἀντιπαράγω@vppanmp νομάς@nampp ἤ1@b τρωγλός@nampp δύτης@nafpc ἤ1@cs ἰχθυοφάγος@nampp ἀγνοέω@vipa3p ὡς@b διά@p ἀνάγκη@nafsc ὁ@dgfs χώρα@ngfsc ἄκαρπος@angfs- εἰμί@vppagfs ἐπί@p τοσοῦτος@rpans ὡς@cs μη@b δέ@b βοτάνη@nafpc φέρω@vnpa-- θίς@nafpc δέ@cs μόνος@anans- καί@cs ψάμμος@nafsc ἐπί@p οὗτος@rpans ἵστημι@viaa3p ὁ@dgfs τροφή@ngfsc ὁ@dans ἀναγκαῖος@anans- τεκμηριόω@vipa3s δέ@b ὁ@dans ὁ@dgfs ἀνάγκη@ngfsc ὁ@dans μη@b δέ@cs ὁ@ddns πῦρ@ndnsc χράω@vnpe-- δύναμαι@vnpe-- ἀπό@p -@andfs- ρία@ndfsc καύσιμος@angfs- ὕλη@ngfsc ἐπί@p δέ@b ὁ@dgnp πέτρα@ngnpc ἀφαυαίνω@vnpa-- ἤ1@cs ὁ@dgfs θίς@angfs- ὁ@damp ἰχθύς@nampc καί@b οὗτος@rpnmp μέν@b διά@p ἀνάγκη@nafsc τις@rpnnp δέ@b ὁ@dgnp ἔθνος@ngnpc ἐξαγριόω@vire3s καί@cs εἰμί@vipa3s φύσις@ndfsc θ@annnp- ριώδης@annnp- ἐκ@p ὅς@rpgnp οὐ@b προσήκω@vipa3s ὁ@damp εὐγνώμων@anamp- ὁ@dgfs ἐν@p ἄνθρωπος@ngfsc καταψεύδομαι@vnpe-- φύσις@ngfsc ἐπεί@b οὕτως@b γε@b ἀμ@b φισβητήσιμος@annns- εἰμί@vifm3s οὐ@b μόνος@anans- ὁ@dnns ὁ@dgfs ζῳοφαγία@ngfsc ἀλλά@cs καί@b ὁ@dnns ὁ@dgfs ἀνθρωποφαγία@ngfsc καί@cs ὁ@dgfs ἄλλος@angfs- ἡμερότης@ngfsc ἱστορέω@vipe3p γοῦν@b μασσαγέται@nnmpp καί@cs δέρβικες@nnmpp ἄθλιος@annmp- πρῶτος@anamp- ἡγέομαι@vnpm-- ὁ@dgmp οἰκεῖος@angmp- ὁ@damp αὐτόματος@b τελευ@b τείνω@vpaaamp διά@p ὅς@rpans καί@b φθάνω@vpaanmp καταθύω@vipa3p καί@cs ἑστιάω@vipe3p ὁ@dgmp φίλτατος@angmps ὁ@damp γηράσκω@vpraamp γιβαρη@nvfsp νόος@ndmsc δέ@x ζάω@vppaamp κατακρημνίζω@vipa3p ὁ@damp ἐγγύς@b γέρων@ngmsc ὁ@nampc ὑρκάνιος@nnmpp δέ@b καί@cs κάσπιος@nnmpp ὁ@dnmp μέν@b οἰωνός@ndmpc καί@cs κύων@ndmpc παραβάλλω@vipa3p ζάω@vppaamp ὁ@dnmp δέ@cs θνήσκω@vpraamp σκύ@nnmsp θαι@nnfpc δέ@b συγκατορύσσω@vipa3p ζάω@vppaamp καί@cs ἐπισφάζω@vipa3p ὁ@ddfp πυρή@ndfpc ὅς@rpamp ἀγαπάω@viia3p ὁ@dnmp θνήσκω@vpranmp μάλιστα@b καί@b βάκτριος@nnmpp μέντοι@b κύων@ndmpc παραβάλλω@vipa3p ζάω@vppaamp ὁ@damp γε@b γηράσκω@vpraamp καί@b οὗτος@rpans ἐπιχειρέω@vpaanms καταλύω@vnaa-- ἵστημι@namsp νωρ@b ὁ@dnms ἀλέξανδρος@ngmsp ὕπαρχος@nnmsc μικρός@angns- ὁ@dafs ἀρχή@nafsc ἀπό@viaa3s βάλλω@viaa3s ἀλλά@b ὥσπερ@cs οὐ@b διά@p οὗτος@rpamp ὁ@dafs πρός@p ὁ@damp ἄνθρωπος@nampc ἡμερότης@nafsc καταλύω@viaa1p οὕτως@b οὐ@b δέ@b ὁ@danp διά@p ἀνάγκη@nafsc σαρκοφαγέω@vppaanp ἔθνος@nanpc μιμέομαι@vifm1p ὁ@danp δέ@cs εὐσεβής@annnp- καί@cs θεός@ndmpc μᾶλλον@b ἀνάκειμαι@vprennp ὁ@dans γάρ@b κακός@b ζάω@vnpa-- καί@cs μή@b φρόνιμος@b καί@cs σώφρων@b καί@cs ὅσιος@b δημός@nnmsp κράτης@nnmsc λέγω3@viia3s οὐ@b κακός@b ζάω@vnpa-- εἰμί@vnpa-- ἀλλά@cs πολύς@anams- χρώς@namsc -@ngmdc νον@namsc ἀποθνήσκω@vnpa--"
"abstin._4.22","λοιπός@anans- δέ@b καί@b κατά@p ἀνήρ@namsc ὀλίγος@anafp- μαρτυρία@nafpc ὁ@dgfs ἀποχή@ngfsc παραφέρω@vspa1p εἷς@nnnsc γάρ@b καί@b οὗτος@rpnns εἰμί@viia3s ὁ@dgnp ἔγκλημα@ngnpc ὁ@dgmp τοίνυν@b ἀθήνησι@b νο@ngmsc μοθέτης@vppanms τριπτόλεμος@namsp παλαιός@anamss παραλαμβάνω@vira1p περί@b οὐ@b ἕρμιππος@nnmsp ἐν@p δεύτερος@andms- περί@p ὁ@dgmp νομοθέτης@ngmpc γράφω@vipa3s οὗτος@rpanp φημί@vipa3p δέ@b καί@b τριπτόλεμος@namsp ἀθήναιος@ndmpp νομοθετέω@vnaa-- καί@cs ὁ@dgmp νόμος@ngmpc αὐτός@b τρεῖς@an---- ἔτι@b ξενος@ngmsp κράτης@nampc ὁ@dnms φιλόσοφος@nnmsc λέγω3@vipa3s διαμένω@vnpa-- ἐλευσίς@b ὅδε@rpamp γονεύς@nampc τιμάω@vnpa-- θεός@nampc καρπός1@ndmpc ἀγάλλω@vnpa-- ζῷον@nanpc μή@b τίς@vipa3s γίγνομαι@vnpe-- ὁ@damp μέν@b οὖν@b δύο@ καλός@b παραδίδωμι@vnap-- δεῖ@vipa3s γάρ@b ὁ@damp μέν@b γονεύς@nampc εὐεργέτης@anamp- ἐγώ@rpgmp γίγνομαι@vpreamp ἀντευποιέω@vnpa-- ἐπί@p ὅσος@anans- ἐνδέχομαι@vipe3s ὁ@ddmp θεός@ndmpc δέ@b ἀπό@p ὅς@rpgnp δίδωμι@viaa3p ἐγώ@rpdmp ὠφέλιμος@angnp- εἰς@p ὁ@dams βίος@namsc ἀπαρχή@nafpc ποι@b ἵημι@vnpe-- περί@p δέ@b ὁ@dgns τρίτος@angns- διαπορέω@vipa3s τίς@rpans ποτέ@b διανοέω@vipa3s τίθημι@vpaanms ὁ@dnms τριπτόλεμος@nnmsp παραγγέλλω@viaa3s ἀπέχω@vnpe-- ὁ@dgnp ζῷον@ngnpc πότερον@anans- γάρ@b φημί@vipa3s ὅλος@b οἴομαι@vppenms εἰμί@vnpa-- δεινός@anans- ὁ@dans ὁμογενής@anans- κτείνω@vnpa-- ἤ1@cs σύνεἶδον@vpaanms ὅτι@cs συμβαίνω@viia3s ὑπό@p ὁ@dgmp ἄνθρωπος@ngmpc ὁ@danp χρήσιμος@ananps ὁ@dgnp ζῷον@ngnpc εἰς@p τροφή@nafsc ἀναιρέω@vnpe-- βούλομαι@vppeams οὖν@b ἥμερος@namsc ποιέω@vnaa-- ὁ@dams βίος@namsc πειράω@vnap-- καί@cs ὁ@danp συνουσιάζω@vppaanp καί@cs μά@ μάλιστα@ananp- ὁ@dgnp ζῷον@ngnpc ἥμερος@nanpc διασῴζω@vnpa-- εἰ@cs μή@b ἄρα@b διά@p ὁ@dans προστάσσω@vnaa-- ὁ@ddmp καρπός1@ndmpc ὁ@damp θεός@nampc τιμάω@vnpa-- ὑπολαμβάνω@vpaanms μᾶλλον@b ἄν@b διαμένω@vnaa-- ὁ@dafs τιμή@nafsc οὗτος@anafs- εἰ@cs μή@b γίγνομαι@vopa3s γιγνώσκω@vope3p ὁ@ddmp θεός@ndmpc διά@p ὁ@dgnp ζῷον@ngnpc θυσία@nnfpc πολύς@anafp- δέ@b αἰτία@nafpc ὁ@dgms ξενοκράτης@ngmsp καί@cs ἄλλος@rpafp οὐ@b πάνυ@b ἀκριβής@anafp- ἀποδίδωμι@vppagms ἐγώ@rpdcp αὐτάρκης@annns- τοσοῦτος@rpans ἐκ@p ὁ@dgmp λέγω@angmp- -@ngmpc νων@ngmpc ὅτι@cs οὗτος@rpnns νομοθετέω@vile3s ἐκ@p ὁ@dgms τριπτόλεμος@ngmsp ὅθεν@b ὕστερος@anans- παρανομέω@vppanmp ὅτε@cs ἅπτω@viam3p ὁ@dgnp ζῷον@ngnpc μετά@p πολύς@angfs- ἀνάγκη@ngfsc καί@cs ἁμάρτημα@ngnpc ἀκούσιος@angnp- ὥσπερ@cs ἐπιδείκνυμι@viaa1p ἐπί@p οὗτος@rpans πίπτω@vira3p ἐπεί@b καί@b δράκων@ngmsp νόμος@nnmsc μνημονεύω@vipe3s τοιοῦτος@annms- θεσμός@nnmsc εἰ@annms- ώνιος@annms- ὁ@ddmp ἀτθίς@ndmpp νέμω@vppedmp κύριος@annms- ὁ@dams ἅπας@anams- χρόνος@namsc θεός@nampc τιμάω@vnpa-- καί@cs ἥρως@nampc ἐγχώριος@anamp- ἐν@p κοινός@andns- ἕπομαι@vppedmp νόμος@ndmpc πάτριος@andmp- ἴδιος@annfs- κατά@p δύναμις@nafsc σύν@p εὐφημία@ndfsc καί@b ἀπαρχή@ndfpc καρπός1@ngmpc καί@cs πελάνος@andnp- ἐνιαύσιος@andnp- ὁ@dgms νόμος@ngmsc ἀπαρχή@ndfpc καρπός1@ngmpc ὅς@rpdmp χράομαι@vipe3s ὁ@dnms ἄνθρωπος@nnfsc τιμάω@vnpa-- ὁ@dans θεῖος1@anans- προστάσσω@vppagms καί@cs πελάνος@andmp-"
