"location","text"
"Aristot. Poet._1.1","περί@p ποιητικός@angfs- αὐτός@rpgfs τε@cs καί@cs ὁ@dgnp εἶδος@ngfpc αὐτός@rpgfs ὅς@rpafs τις@rpacs δύναμις@nafsc ἕκαστος@annns- ἔχω@vipa3s καί@cs πῶς@b δεῖ@vipa3s συνίστημι@vnpe-- ὁ@damp μῦθος@nampc εἰ@cs μέλλω@vipa3s καλός@b ἔχω@vnfa-- ὁ@dnfs ποίησις@nnfsc ἔτι@b δέ@b ἐκ@p πόσος@angnp- καί@cs ποῖος@angnp- εἰμί@vipa3s μόριον@ngnpc ὅμοιος@b δέ@cs καί@b περί@p ὁ@dgnp ἄλλος@rpgnp ὅσος@rpnnp ὁ@dgfs αὐτός@rpgfs εἰμί@vipa3s μέθοδος@ngfsc λέγω@vspa1p ἄρχω@vpamnmp κατά@p φύσις@nafsc πρῶτος@anans- ἀπό@p ὁ@dgnp πρῶτος@angnp-"
"Aristot. Poet._1.2","ἐποποιία@nnfsp δή@b καί@cs ὁ@dnfs ὁ@dgfs τραγῳδία@ngfsc ποίησις@nnfsc ἔτι@b δέ@cs κωμῳδία@nnfsc καί@b ὁ@dnfs διθυραμβοποιός@annfs- καί@cs ὁ@dgfs αὐλητικός@angfs- ὁ@dnfs πλεῖστος@annfs- καί@cs κιθαριστικός@angfs- πᾶς@annfp- τυγχάνω@vipa3p εἰμί@vppanfp μίμησις@nnfpc ὁ@dans σύνολος@anans-"
"Aristot. Poet._1.3","διαφέρω@vipa3p δέ@b ἀλλήλων@rpgmp τρεῖς@andmp- ἤ1@cs γάρ@b ὁ@ddns γένος@ndnsc ἕτερος@andmp- μιμέομαι@vnfm-- ἤ1@b ὁ@ddns ἕτερος@ananp- ἤ1@cs ὁ@ddns ἕτερος@b καί@cs μή@b ὁ@dams αὐτός@anams- τρόπος@namsc"
"Aristot. Poet._1.4","ὥσπερ@cs γάρ@b καί@cs χρῶμα@ndnpc καί@cs σχῆμα@ndnpc πολύς@ananp- μιμέομαι@vipe3p τις@rpnmp ἀπεικάζω@vppanmp ὁ@dnmp μέν@b διά@p τέχνη@ngfsc ὁ@dnmp δέ@b διά@p συνήθεια@ngfsc ἕτερος@annmp- δέ@b διά@p ὁ@dgfs φωνή@ngfsc οὕτως@b καί@cs ἐν@p ὁ@ddfp ἐρῶ@vpredfp τέχνη@ndfpc ἅπας@annfp- μέν@b ποιέω@vipe3p ὁ@dafs μίμησις@nafsc ἐν@p ῥυθμός@ndmsc καί@cs λόγος@ndmsc καί@cs ἁρμονία@ndfsc οὗτος@rpdmp δέ@cs ἤ1@cs χωρίς@b ἤ1@cs μίγνυμι@vpredmp"
"Aristot. Poet._1.5","οἷος@rpans ἁρμονία@ndfsc μέν@b καί@cs ῥυθμός@ndmsc χράομαι@vppenfp μόνος@anans- ὅς@dnfs τε@cs αὐλητικός@annfs- καί@cs ὁ@dnfs κιθαριστικός@annfs- καί@cs ἄν@cs εἰ@cs τις@rpnfp ἕτερος@annfp- τυγχάνω@vspa3p εἰμί@vppanfp τοιοῦτος@annfp- ὁ@dafs δύναμις@nafsc οἷος@rpnns ὁ@dnfs ὁ@dgfp σῦριγξ@ngfpc"
"Aristot. Poet._1.6","αὐτός@andms- δέ@b ὁ@ddms ῥυθμός@ndmsc μιμέομαι@vipe3p χωρίς@p ἁρμονία@ngfsc ὁ@dnmp ὁ@dgmp ὀρχηστής@ngmpc καί@b γάρ@b οὗτος@rpnmp διά@p ὁ@dgmp σχηματίζω@vppegmp ῥυθμός@ngmpc μιμέομαι@vipe3p καί@b ἦθος@nanpc καί@b πάθος@nanpc καί@cs πρᾶξις@nafpc"
"Aristot. Poet._1.7","ὁ@dnfs δέ@b ἐποποιία@viia3s μόνος@b ὁ@ddmp λόγος@ndmpc ψιλός@andmp- ἤ1@cs ὁ@ddnp μέτρον@ndnpc καί@cs οὗτος@rpdmp εἰ@cs τε@cs μίγνυμι@vppanfs μετά@p ἀλλήλων@rpgnp εἴθε@cs εἷς@ τις@rpdns γένος@ndnsc χράω@vppenfs ὁ@dgnp μέτρον@ngnpc τυγχάνω@vppanfs μέχρι@p ὁ@dgns νῦν@b"
"Aristot. Poet._1.8","οὐδείς@rpans γάρ@b ἄν@b ἔχω@vopa1p ὀνομάζω@vnaa-- κοινός@anans- ὁ@damp σώφρων@ngmsp καί@cs ξέναρχος@ngmsp μίμος@anamp- καί@cs ὁ@damp σωκρατικός@anamp- λόγος@nampc"
"Aristot. Poet._1.9","οὐ@b δέ@b εἰ@cs τις@rpnms διά@p τρίμετρος@angfp- ἤ1@b ἐλεγεῖος@ngnpc ἤ1@cs ὁ@dgnp ἄλλος@angnp- τις@rpgnp ὁ@dgnp τοιοῦτος@angnp- ποιέω@vope3s ὁ@dafs μίμησις@nafsc"
"Aristot. Poet._1.10","πλήν@b ὁ@dnmp ἄνθρωπος@nnmpc γε@b συνάπτω@vppanmp ὁ@ddns μέτρον@ndnsc ὁ@dans ποιέω@vnpa-- ἐλεγειοποιός@anamp- ὁ@damp δέ@b ἐποποιός@anamp- ὀνομάζω@vipa3p οὐ@b ὡς@cs ὁ@damp κατά@p μίμησις@nafsc ποιητής@nampc ἀλλά@cs κοινῇ@b κατά@p ὁ@dans μέτρον@nansc προσαγορεύω@vppanmp"
"Aristot. Poet._1.11","καί@cs γάρ@b ἄν@cs ἰατρικός@anans- ἤ1@cs μουσικός@anans- τις@rpans διά@p ὁ@dgnp μέτρον@ngnpc ἐκφέρω@vspa3p οὕτως@b καλέω@vnpa-- ἔθω@vira3p οὐδείς@rpnns δέ@b κοινός@annns- εἰμί@vipa3s ὅμηρος@ndmsp καί@cs ἐμπεδοκλῆς@ndmsp πλήν@p ὁ@dans μέτρον@nansc διό@b ὁ@dams μέν@b ποιητής@namsc δίκαιος@anans- καλέω@vnpa-- ὁ@dams δέ@cs ποιητής@ngmsc μᾶλλον@b ἤ1@cs ποιητής@namsc"
"Aristot. Poet._1.12","ὅμοιος@b δέ@b καί@b ἄν@b εἰ@cs τις@rpnms ἅπας@ananp- ὁ@danp μέτρον@nanpc μίγνυμι@vppanms ποιέω@vope3s ὁ@dafs μίμησις@nafsc καθά@cs χαιρήμων@nnmsp ποιέω@viaa3s κένταυρος@namsp μικτός@anafs- ῥαψῳδία@nafsc ἐκ@p ἅπας@angnp- ὁ@dgnp μέτρον@ngnpc οὐ@b ἤδη@b καί@b ποιητής@namsc προσαγορευτέον@annns- περί@p μέν@b οὖν@b οὗτος@rpgnp διορίζω@vmpe3s οὗτος@anams- ὁ@dams τρόπος@namsc"
"Aristot. Poet._1.13","εἰμί@vipa3p δέ@b τις@rpnmp ὅς@rpnmp παῖς@andnp- χράω@vipe3p ὁ@ddnp ἐρῶ@vprednp λέγω3@vipa1s δέ@b οἷος@rpans ῥυθμός@ndmsc καί@b μέλω@vipa3s καί@cs μέτρον@ndnsc ὥσπερ@cs ὅς@dnfs τε@b ὁ@dgmp διθυραμβικός@angmp- ποίησις@nnfsc καί@b ὁ@dnfs ὁ@dgmp νόμος@ngmpc καί@cs ὅς@dnfs τε@b τραγῳδία@nnfsc καί@cs ὁ@dnfs κωμῳδία@nnfsc διαφέρω@vipa3p δέ@b ὅτι@cs ὁ@dnfp μέν@b ἅμα@b πᾶς@andmp- ὁ@dnfp δέ@cs κατά@p μέρος@nansc οὗτος@anafp- μέν@b οὖν@b λέγω3@vipa1s ὁ@dafp διαφορά@nafpc ὁ@dgfp τέχνη@ngfpc ἐν@p ὅς@rpdnp ποιέω@vipe3p ὁ@dafs μίμησις@nafsc"
"Aristot. Poet._2.1","ἐπεί@cs δέ@b μιμέομαι@vipe3p ὁ@dnmp μιμέομαι@vppenmp πράσσω@vppaamp ἀνάγκη@nnfsc δέ@b οὗτος@rpamp ἤ1@cs σπουδαῖος@anamp- ἤ1@cs φαῦλος@anamp- εἰμί@vnpa-- ὁ@dnnp γάρ@b ἦθος@nanpc σχεδόν@b ἀεί@b οὗτος@rpdmp ἀκολουθέω@vipa3s μόνος@andmp- κακία@ndfsc γάρ@b καί@cs ἀρετή@ndfsc ὁ@danp ἦθος@nanpc διαφέρω@vipa3p πᾶς@annmp- ἤτοι@cs βελτίων@anampc ἤ1@cs κατά@p ἐγώ@rpamp ἤ1@cs χείρων@anampc ἤ1@cs καί@b τοιοῦτος@rpamp ὥσπερ@cs ὁ@dnmp γραφεύς@nnmpc"
"Aristot. Poet._2.2","πολύγνωτος@nnmsp μέν@b γάρ@b κρείσσων@annmsc παύσων@nnmsp δέ@b χείρων@annmpc διονύσιος@nnmsp δέ@cs ὅμοιος@anamp- εἰκάζω@viia3s"
"Aristot. Poet._2.3","δῆλος@annns- δέ@b ὅτι@cs καί@b ὁ@dgfp λέγω3@vpapgfp ἕκαστος@annfs- μίμησις@ngfpc ἔχω@vifa3s οὗτος@anafp- ὁ@dafp διαφορά@nafpc καί@cs εἰμί@vifm3s ἕτερος@annfs- ὁ@ddns ἕτερος@anams- μιμέομαι@vnpe-- οὗτος@anams- ὁ@dams τρόπος@namsc"
"Aristot. Poet._2.4","καί@cs γάρ@b ἐν@p ὄρχησις@ndfsc καί@b αὐλέω@ndfsc καί@cs κιθάρα@ndfsc εἰμί@vipa3s γίγνομαι@vnam-- οὗτος@anafp- ὁ@dafp ἀνομοιότης@nafpc"
"Aristot. Poet._2.5","καί@b περί@p ὁ@damp λόγος@nampc δέ@cs καί@cs ὁ@dafs ψιλομετρία@nafsc οἷος@anans- ὅμηρος@nnmsp μέν@b βελτίων@anampc κλεοφῶν@nnmsp δέ@cs ὅμοιος@anafp- ἡγήμων@nnmsp δέ@cs ὁ@dnms θάσιος@annms- ὁ@dnms ὁ@dafp παρῳδία@nafpc ποιέω@vpaanms πρῶτος@annms- καί@cs νικοχάρης@nnmsp ὁ@dnms ὁ@dafs δηλιάς@nafsp χείρων@annmsc"
"Aristot. Poet._2.6","ὅμοιος@b δέ@b καί@b περί@p ὁ@damp διθύραμβος@nampc καί@cs περί@p ὁ@damp νόμος@nampc ὡς@cs πέρσης@nampp καί@cs κύκλωψ@nampp τιμόθεος@nnmsp καί@cs φιλόξενος@nnmsp μιμέομαι@voam3s ἄν@b τις@rpnms"
"Aristot. Poet._2.7","ἐν@p αὐτός@andfs- δέ@b ὁ@ddfs διαφορά@ndfsc καί@b ὁ@dnfs τραγῳδία@nnfsc πρός@p ὁ@dafs κωμῳδία@nafsc διίστημι@vira3s ὁ@dnfs μέν@b γάρ@b χείρων@anafpc ὁ@dnfs δέ@cs βελτίων@annfpc μιμέομαι@vnpe-- βούλομαι@vipe3s ὁ@dgmp νῦν@b"
"Aristot. Poet._3.1","ἔτι@cs δέ@b οὗτος@rpgnp τρίτος@annfs- διαφορά@nnfsc ὁ@dnns ὡς@cs ἕκαστος@ananp- οὗτος@rpgnp μιμέομαι@voam3s ἄν@b τις@rpnms"
"Aristot. Poet._3.2","καί@cs γάρ@b ἐν@p ὁ@ddnp αὐτός@rpdnp καί@b ὁ@danp αὐτός@rpanp μιμέομαι@vnpe-- εἰμί@vipa3s ὅτε@b μέν@b ἀπαγγέλλω@vppaams ἤ1@cs ἕτερος@anans- τις@rpans γίγνομαι@vppeans ὥσπερ@cs ὅμηρος@nnmsp ποιέω@vipa3s ἤ1@b ὡς@p ὁ@dams αὐτός@rpams καί@b μή@b μεταβάλλω@vppaams ἤ1@cs πᾶς@anamp- ὡς@b πράσσω@vppaamp καί@cs ἐνεργέω@vppaamp ὁ@damp μιμέομαι@vppeamp"
"Aristot. Poet._3.3","ἐν@p τρεῖς@andfp- δή@b οὗτος@andfp- διαφορά@ndfpc ὁ@dnfs μίμησις@nnfsc εἰμί@vipa3s ὡς@cs εἶπον@vsaa1p κατά@p ἀρχή@nafpc ἐν@p ὄις@ndmpc τε@b καί@b ὅς@rpdfs καί@cs ὡς@b"
"Aristot. Poet._3.4","ὥστε@b ὁ@ddfs μέν@b ὁ@dnms αὐτός@rpnms ἄν@b εἰμί@vopa3s μιμητής@nnmsc ὅμηρος@ndmsp σοφοκλῆς@nnmsp μιμέομαι@vipe3p γάρ@b ἄμφω@anamd- σπουδαῖος@anamp- ὁ@ddfs δέ@cs ἀριστοφάνης@ndmsp πράσσω@vppaamp γάρ@b μιμέομαι@vipe3p καί@cs δράω@vppaamp ἄμφω@annmd- ὅθεν@b καί@cs δρᾶμα@nanpc καλέω@vnfm-- τις@rpncp αὐτός@rpanp φημί@vipa3p ὅτι@cs μιμέομαι@vipe3p δράω@vppaamp"
"Aristot. Poet._3.5","διό@b καί@b ἀντιποιέω@vipe3p ὁ@dgfs τε@b τραγῳδία@ngfsc καί@cs ὁ@dgfs κωμῳδία@ngfsc ὁ@dnmp δωριεύς@nnmpp ὁ@dgfs μέν@b κωμῳδία@ngfsc ὁ@dnmp μεγαρεύς@nnmpp ὅς@dnmp τε@b ἐνταῦθα@b ὡς@b ἐπί@p ὁ@dgfs παρά@p αὐτός@rpdmp δημοκρατία@ngfsc γίγνομαι@vpamgfs καί@b ὁ@dnmp ἐκ@p σικελία@ngfsp ἐκεῖθεν@b γάρ@b εἰμί@viia3s ἐπίχαρμος@nnmsp ὁ@dnms ποιητής@nnmsc πολύς@andns- πρότερος@annms- εἰμί@vppanms χωνίδης@ngmsp καί@cs μάγνης@ngmsp καί@cs ὁ@dgfs τραγῳδία@ngfsc ἔνιοι@annmp- ὁ@dgmp ἐν@p πελοπόννησος@ndfsp ποιέω@vppenmp ὁ@danp ὄνομα@nanpc σημεῖον@nansc"
"Aristot. Poet._3.6","οὗτος@rpnmp μέν@b γάρ@b κώμη@nafpc ὁ@dafp περιοικίς@nafpc καλέω@vnpa-- φημί@vipa3p ἀθηναῖος@nnmpp δέ@cs δῆμος@nampc ὡς@cs κωμῳδός@nampc οὐ@b ἀπό@p ὁ@dgns κωμάζω@vnpa-- λέγω3@vpapamp ἀλλά@cs ὁ@ddfs κατά@p κώμη@nafpc πλάνη@ndfsc ἀτιμάζω@vppeamp ἐκ@p ὁ@dgns ἄστυ@ngnsc καί@cs ὁ@dans ποιέω@vnpa-- αὐτός@rpnmp μέν@b δράω@vnpa-- ἀθήναιος@anamp- δέ@b πράσσω@vnpa-- προσαγορεύω@vnpa--"
"Aristot. Poet._3.7","περί@p μέν@b οὖν@b ὁ@dgfp διαφορά@ngfpc καί@cs πόσος@annfp- καί@cs τις@rpnfp ὁ@dgfs μίμησις@ngfsc ἐρῶ@vmre3s οὗτος@rpnnp"
"Aristot. Poet._4.1","ἔοικα@ndmpp δέ@b γεννάω@vnaa-- μέν@b ὅλος@b ὁ@dafs ποιητικός@anafs- αἰτία@nnfpc δύο@an---- τις@annfp- καί@cs οὗτος@annfp- φυσικός@annfp-"
"Aristot. Poet._4.2","ὁ@dnns τε@cs γάρ@b μιμέομαι@vnpe-- σύμφυτος@annns- ὁ@ddmp ἄνθρωπος@ndmpc ἐκ@p παῖς@ngmpc εἰμί@vipa3s καί@cs οὗτος@rpdns διαφέρω@vipa3p ὁ@dgnp ἄλλος@rpgnp ζῷον@ngnpc ὅτι@cs μιμητικός@annnss εἰμί@vipa3s καί@cs ὁ@dafp μάθησις@nafpc ποιέω@vipe3s διά@p μίμησις@ngfsc ὁ@dafp πρῶτος@anafp- καί@cs ὁ@dnns χαίρω@vnpa-- ὁ@ddnp μίμημα@ndnpc πᾶς@anamp-"
"Aristot. Poet._4.3","σημεῖον@nnnsp δέ@b οὗτος@rpgns ὁ@dnns συμβαίνω@vppanns ἐπί@p ὁ@dgnp ἔργον@ngnpc ὅς@rpanp γάρ@b αὐτός@rpanp λυπηρός@b ὁράω@vipa1p οὗτος@rpgnp ὁ@dafp εἰκών@nafpc ὁ@dafp μάλιστα@b ἀκριβόω@vpreafp χαίρω@vipa1p θεωρέω@vppanmp οἷος@rpans θηρίον@ngnpc τε@b μορφή@nafpc ὁ@dgfp ἄτιμος@angmps καί@cs νεκρός@ngmpc"
"Aristot. Poet._4.4","αἴτιος@annns- δέ@b καί@b οὗτος@rpgns ὅτι@cs μανθάνω@vnpa-- οὐ@b μόνος@b ὁ@ddmp φιλόσοφος@ndmpc ἡδύς@annnss ἀλλά@cs καί@b ὁ@ddmp ἄλλος@rpdmp ὅμοιος@b ἀλλά@b ἐπί@p βραχύς@anans- κοινωνέω@vipa3p αὐτός@rpgms"
"Aristot. Poet._4.5","διά@p γάρ@b οὗτος@rpans χαίρω@vipa3p ὁ@dafp εἰκών@nafpc ὁράω@vppanmp ὅτι@cs συμβαίνω@vipa3s θεωρέω@vppaamp μανθάνω@vnpa-- καί@cs συλλογίζομαι@vnpe-- τίς@rpans ἕκαστος@annns- οἷος@anans- ὅτι@cs οὗτος@annms- ἐκεῖνος@annms- ἐπεί@cs ἐάν@cs μή@b τύχη@vsaa3s προοράω@vpranms"
"Aristot. Poet._4.6","οὐ@b διά@p μίμημα@nansc ποιέω@vifa3s ὁ@dafs ἡδονή@nafsc ἀλλά@cs διά@p ὁ@dafs ἀπεργασία@nafsc ἤ1@b ὁ@dafs χροιά@nafsc ἤ1@cs διά@p τοιοῦτος@anafs- τις@anafs- ἄλλος@anafs- αἰτία@nafsc"
"Aristot. Poet._4.7","κατά@p φύσις@nafsc δέ@b εἰμί@vppagms ἐγώ@rpdcp ὁ@dgns μιμέομαι@vnpe-- καί@b ὁ@dgfs ἁρμονία@ngfsc καί@cs ὁ@dgms ῥυθμός@ngmsc ὁ@danp γάρ@b μέτρον@nanpc ὅτι@cs μόριον@nnnpc ὁ@dgmp ῥυθμός@ngmpc εἰμί@vipa3s φανερός@annns- ἐκ@p ἀρχή@ngfsc ὁ@dnmp φύω@vpranmp πρός@p αὐτός@rpanp μάλιστα@b κατά@p μικρός@anans- προάγω@vppanmp γεννάω@viaa3p ὁ@dafs ποίησις@nafsc ἐκ@p ὁ@dgnp αὐτοσχέδιος@ngnpc"
"Aristot. Poet._4.8","διασπάω@viap3s δέ@b κατά@p ὁ@danp οἰκεῖος@ananp- ἦθος@nanpc ὁ@dnfs ποίησις@nnfsc ὁ@dnmp μέν@b γάρ@b σεμνός@annmpc ὁ@dafp κάλως@anafp- μιμέομαι@viie3p πρᾶξις@nafpc καί@cs ὁ@dafp ὁ@dgnp τοιοῦτος@rpgnp ὁ@dnmp δέ@cs εὐτελής@annmpc ὁ@dafp ὁ@dgmp φαῦλος@angmp- πρῶτος@anans- ψόγος@nampc ποιέω@vppanmp ὥσπερ@cs ἕτερος@annmp- ὕμνος@nampc καί@cs ἐγκώμιος@nanpc"
"Aristot. Poet._4.9","ὁ@dgmp μέν@b οὖν@b πρό@p ὅμηρος@ngmsp οὐδείς@rpgms ἔχω@vipa1p εἶπον@vnaa-- τοιοῦτος@anans- ποίημα@nansc ἔοικα@vpranns δέ@cs εἰμί@vnpa-- πολύς@anamp-"
"Aristot. Poet._4.10","ἀπό@p δέ@b ὅμηρος@ngmsp ἄρχω@vpamdmp εἰμί@vipa3s οἷος@anans- ἐκεῖνος@rpgms ὁ@dnms μαργίτης@nnmsp καί@cs ὁ@dnnp τοιοῦτος@rpnnp ἐν@p ὅς@rpdnp καί@cs ὁ@dnns ἁρμόζω@annns- ἰαμβεῖον@annns- ἔρχομαι@viaa3s μέτρον@nnnsc διό@b καί@b ἰαμβεῖον@nnnsc καλέω@vipe3s νῦν@b ὅτι@cs ἐν@p ὁ@ddns μέτρον@ndnsc οὗτος@andns- ἰαμβίζω@viia3p ἀλλήλων@rpamp"
"Aristot. Poet._4.11","καί@cs γίγνομαι@viam3p ὁ@dgmp παλαιός@angmp- ὁ@dnmp μέν@b ἡρωϊκός@angmp- ὁ@dnmp δέ@cs ἴαμβος@ngmpc ποιητής@nnmpc"
"Aristot. Poet._4.12","ὥσπερ@cs δέ@b καί@b ὁ@danp σπουδαῖος@ananp- μάλιστα@b ποιητής@nnmsc ὅμηρος@nnmsp εἰμί@viia3s μόνος@annms- γάρ@b οὐ@b ὅτι@cs εὖ@b ἀλλά@cs ὅτι@cs καί@b μίμησις@nafpc δραματικός@anafp- ποιέω@viaa3s οὕτως@b καί@b ὁ@danp ὁ@dgfs κωμῳδία@ngfsc σχῆμα@nanpc πρῶτος@annms- ὑποδείκνυμι@viaa3s οὐ@b ψόγος@namsc ἀλλά@cs ὁ@dans γέλοιος@anans- δανείζω@vpaanms ὁ@dnms γάρ@b μαργίτης@nnmsp ἀνάλογος@anams- ἔχω@vipa3s ὥσπερ@cs ἰλιάς@nnmsp καί@cs ὀδύσσεια@nnfsp πρός@p ὁ@dafp τραγῳδία@nafpc οὕτως@b καί@b οὗτος@rpnms πρός@p ὁ@dafp κωμῳδία@nafpc"
"Aristot. Poet._4.13","παραφαίνω@vpapgfs δέ@b ὁ@dgfs τραγῳδία@ngfsc καί@cs κωμῳδία@ngfsc ὁ@dnmp ἐπί@p ἑκάτερος@anafs- ὁ@dafs ποίησις@nafsc ὁρμάω@vppanmp κατά@p ὁ@dafs οἰκεῖος@anafs- φύσις@nafsc ὁ@dnmp μέν@b ἀντί@p ὁ@dgmp ἴαμβος@ngmpc κωμῳδοποιός@nnmpc γίγνομαι@viam3p ὁ@dnmp δέ@cs ἀντί@p ὁ@dgnp ἔπος@ngnpc τραγῳδοδιδάσκαλος@nnmpc διά@p ὁ@dans μέγας@ananpc καί@cs ἔντιμος@annnpc ὁ@danp σχῆμα@nanpc εἰμί@vnpa-- οὗτος@ananp- ἐκεῖνος@rpgmp ὁ@dnns μέν@b οὖν@b ἐπισκοπέω@vnpa-- εἰ@cs ἄρα@b ἔχω@vipa3s ἤδη@b ὁ@dnfs τραγῳδία@nnfsc ὁ@ddnp εἶδος@ndnpc ἱκανός@b ἤ1@cs οὐ@b αὐτός@rpans τε@b κατά@p ἑαυτοῦ@rpans κρίνω@vppenns καί@cs πρός@p ὁ@danp θέατρον@nanpc ἄλλος@annms- λόγος@nnmsc"
"Aristot. Poet._4.14","γίγνομαι@vpamnfs δέ@b οὖν@b ἀπό@p ἀρχή@ngfsc αὐτοσχεδιαστικός@annfs- καί@b αὐτός@rpnfs καί@cs ὁ@dnfs κωμῳδία@nnfsc καί@b ὁ@dnfs μέν@b ἀπό@p ὁ@dgmp ἐπάρχω@vppagmp ὁ@dams διθύραμβος@anams- ὁ@dnfs δέ@cs ἀπό@p ὁ@dgmp ὁ@danp φαλλικός@ananp- ὅς@rpnnp ἔτι@b καί@b νῦν@b ἐν@p πολύς@andfp- ὁ@dgfp πόλις@ngfpc διαμένω@vipa3s νομίζω@vppennp κατά@p μικρός@anans- αὐξάνω@viap3s προάγω@vppagmp ὅσος@annns- γίγνομαι@viie3s φανερός@annns- αὐτός@rpgfs"
"Aristot. Poet._4.15","καί@cs πολύς@anafp- μεταβολή@nafpc μεταβάλλω@vpaanfs ὁ@dnfs τραγῳδία@nnfsc παύω@viam3s ἐπεί@cs ἔχω@viaa3s ὁ@dafs ἑαυτοῦ@rpgfs φύσις@nafsc"
"Aristot. Poet._4.16","καί@b ὁ@dans τε@b ὁ@dgmp ὑποκριτής@ngmpc πλῆθος@nansc ἐκ@p εἷς@angms- εἰς@p δύο@an---- πρῶτος@annms- αἰσχύλος@nnmsp ἄγω@viaa3s καί@b ὁ@danp ὁ@dgms χορός@ngmsc ἐλασσόω@viaa3s καί@cs ὁ@dams λόγος@namsc πρωταγωνιστής@namsc παρασκευάζω@viaa3s τρεῖς@an---- δέ@b καί@b σκηνογραφία@nafsc σοφοκλῆς@nnmsp"
"Aristot. Poet._4.17","ἔτι@cs δέ@b ὁ@dnns μέγεθος@nnnsc ἐκ@p μικρός@angmp- μῦθος@ngmpc καί@cs λέξις@ngfsc γέλοιος@angfs- διά@p ὁ@dans ἐκ@p σατυρικός@angns- μεταβάλλω@vnaa-- ὀψέ@b ἀποσεμνύνω@viap3s ὁ@dnns τε@b μέτρον@nnnsc ἐκ@p τετράμετρος@angns- ἰαμβεῖον@nnnsc γίγνομαι@viam3s"
"Aristot. Poet._4.18","ὁ@dans μέν@b γάρ@b πρῶτος@anans- τετράμετρος@andns- χράομαι@viie3p διά@p ὁ@dans σατυρικός@anafs- καί@cs ὀρχηστικός@anafsc εἰμί@vnpa-- ὁ@dafs ποίησις@nafsc λέξις@ngfsc δέ@b γίγνομαι@vpamgfs αὐτός@annfs- ὁ@dnfs φύσις@nnfsc ὁ@dans οἰκεῖος@anans- μέτρον@nansc εὑρίσκω@viaa3s μάλιστα@b γάρ@b λεκτικός@annns- ὁ@dgnp μέτρον@ngnpc ὁ@dnns ἰαμβεῖος@nnnsc εἰμί@vipa3s σημεῖον@nnnsp δέ@b οὗτος@rpgns"
"Aristot. Poet._4.19","πλεῖστος@ananps γάρ@b ἰαμβεῖος@nanpc λέγω3@vipa1p ἐν@p ὁ@ddfs διάλεκτος@ndfsc ὁ@ddfs πρός@p ἀλλήλων@rpamp ἑξάμετρος@ananp- δέ@cs ὀλιγάκις@b καί@cs ἐκβαίνω@vppanmp ὁ@dgfs λεκτικός@angfs- ἁρμονία@ngfsc"
"Aristot. Poet._4.20","ἔτι@cs δέ@b ἐπεισόδιον@viia3p πλῆθος@nanpc καί@cs ὁ@dnnp ἄλλος@rpnnp ὡς@b ἕκαστος@ananp- κοσμέω@vnap-- λέγω3@vipe3s"
"Aristot. Poet._4.21","περί@p μέν@b οὖν@b οὗτος@rpgnp τοσοῦτος@rpnnp εἰμί@vmpa3s ἐγώ@rpdmp ἐρῶ@vprennp πολύς@annns- γάρ@b ἄν@b ἴσως@b ἔργον@nnnsc εἰμί@vopa3s διέξειμι@vnpa-- κατά@p ἕκαστος@anans-"
"Aristot. Poet._5.1","ὁ@dnfs δέ@b κωμῳδία@nnfsc εἰμί@vipa3s ὥσπερ@cs εἶπον@viaa1p μίμησις@nnfsc φαῦλος@angnpc μέν@b οὐ@b μέντοι@b κατά@p πᾶς@anafs- κακία@nafsc ἀλλά@cs ὁ@dgns αἰσχρός@angns- εἰμί@vipa3s ὁ@dnns γέλοιος@annns- μόριον@nnnsc"
"Aristot. Poet._5.2","ὁ@dnns γάρ@b γέλοιος@annns- εἰμί@vipa3s ἁμάρτημα@nnnsc τις@annns- καί@cs αἶσχος@nnnsc ἀνώδυνος@annns- καί@cs οὐ@b φθαρτικός@annns- οἷος@rpnns εὐθύς2@b ὁ@dnns γέλοιος@annns- πρόσωπον@nnnsc αἰσχρός@annns- τις@rpans καί@cs διαστρέφω@vprenns ἄνευ@p ὀδύνη@ngfsc"
"Aristot. Poet._5.3","ὁ@dnfp μέν@b οὖν@b ὁ@dgfs τραγῳδία@ngfsc μετάβασις@nnfpc καί@b διά@p ὅς@rpgfp γίγνομαι@viam3p οὐ@b λανθάνω@vira3p ὁ@dnfs δέ@cs κωμῳδία@nnfsc διά@p ὁ@dans μή@b σπουδάζω@vnpe-- ἐκ@p ἀρχή@ngfsc λανθάνω@viaa3s καί@b γάρ@b χορός@namsc κωμῳδός@ngmpc ὀψέ@b ποτέ@b ὁ@dnms ἄρχων@nnmsc δίδωμι@viaa3s ἀλλά@cs ἐθελοντής@annmp- εἰμί@viia3p"
"Aristot. Poet._5.4","ἤδη@b δέ@b σχῆμα@nanpc τις@rpanp αὐτός@rpgfs ἔχω@vppagfs ὁ@dnmp λέγω3@vppenmp αὐτός@rpgfs ποιητής@nnmpc μνημονεύω@vipe3p τις@rpnms δέ@b πρόσωπον@nanpc ἀποδίδωμι@viaa3s ἤ1@b πρόλογος@nampc ἤ1@b πλῆθος@nanpc ὑποκριτής@ngmpc καί@cs ὅσος@annnp- τοιοῦτος@rpnnp ἀγνοέω@vire3s"
"Aristot. Poet._5.5","ὁ@dans δέ@b μῦθος@nampc ποιέω@vnpa-- ἐπίχαρμος@nnmsp καί@cs φόρμις@nnmsp"
"Aristot. Poet._5.6","ὁ@dnns μέν@b οὖν@b ἐκ@p ἀρχή@ngfsc ἐκ@p σικελία@ngfsp ἔρχομαι@viaa3s ὁ@dgmp δέ@cs ἀθήνησιν@b κράτης@nnmsp πρῶτος@annms- ἄρχω@viaa3s ἀφίημι@vpamnms ὁ@dgfs ἰαμβικός@angfs- ἰδέα@ngfsc καθόλου@b ποιέω@vnpa-- λόγος@nampc καί@cs μῦθος@nampc"
"Aristot. Poet._5.7","ὁ@dnfs μέν@b οὖν@b ἐποποιία@nnfsc ὁ@ddfs τραγῳδία@ndfsc μέχρι@p μόνος@angns- μέτρον@ngnsc μετά@p λόγος@ngmsc μίμησις@nnfsc εἰμί@vnpa-- σπουδαῖος@annfsc ἀκολουθέω@viaa3s ὁ@ddns δέ@b ὁ@dans μέτρον@nansc ἁπλόος@anans- ἔχω@vnpa-- καί@cs ἀπαγγελία@nafsc εἰμί@vnpa-- οὗτος@rpdfs διαφέρω@vipa3p"
"Aristot. Poet._5.8","ἔτι@cs δέ@b ὁ@ddns μῆκος@ndnsc ὁ@dnfs μέν@b γάρ@b ὅτι@cs μάλιστα@b πειράω@vipe3s ὑπό@p εἷς@anafs- περίοδος@nafsc ἥλιος@ngmsc εἰμί@vnpa-- ἤ1@cs μικρός@anans- ἐξαλλάσσω@vnpa-- ὁ@dnfs δέ@cs ἐποποιία@nnfsc ἀόριστος@annfs- ὁ@ddms χρόνος@ndmsc καί@cs οὗτος@rpdms διαφέρω@vipa3s"
"Aristot. Poet._5.9","καίτοι@b ὁ@dans πρῶτος@anans- ὅμοιος@b ἐν@p ὁ@ddfp τραγῳδία@ndfpc οὗτος@rpans ποιέω@viia3p καί@cs ἐν@p ὁ@ddnp ἔπος@ndnpc"
"Aristot. Poet._5.10","μέρος@nnnpp δέ@b εἰμί@vipa3s ὁ@dnnp μέν@b ὁ@dnnp αὐτός@rpnnp ὁ@dnnp δέ@cs ἴδιος@annnp- ὁ@dgfs τραγῳδία@ngfsc διόπερ@b ὅστις@rpnms περί@p τραγῳδία@ngfsc οἶδα@vira3s σπουδαῖος@ngfsc καί@cs φαῦλος@ngfsc οἶδα@vira3s καί@b περί@p ἔπος@ngnpc ὅς@rpanp μέν@b γάρ@b ἐποποιία@nnfsc ἔχω@vipa3s ὑπάρχω@vipa3s ὁ@ddfs τραγῳδία@ndfsc ὅς@b δέ@b αὐτός@rpnfs οὐ@b πᾶς@annnp- ἐν@p ὁ@ddfs ἐποποιΐα@ndfsc"
"Aristot. Poet._6.1","περί@p μέν@b οὖν@b ὁ@dgfs ἐν@p ἑξάμετρος@andmp- μιμητικός@angfs- καί@cs περί@p κωμῳδία@ngfsc ὕστερος@anans- λέγω@vifa1p περί@p δέ@cs τραγῳδία@ngfsc λέγω@vspa1p ἀπολαμβάνω@vpaanmp αὐτός@rpgfs ἐκ@p ὁ@dgnp ἐρῶ@vpregnp ὁ@dams γίγνομαι@vppeams ὅρος@namsc ὁ@dgfs οὐσία@ngfsc"
"Aristot. Poet._6.2","εἰμί@vipa3s οὖν@b τραγῳδία@nnfsc μίμησις@nnfsc πρᾶξις@ngfsc σπουδαῖος@angfs- καί@cs τέλειος@angfs- μέγεθος@nansc ἔχω@vppagfs ἥδυσμα@vpredms λόγος@ndmsc χωρίς@p ἕκαστος@angms- ὁ@dgmp εἶδος@angmp- ἐν@p ὁ@ddnp μόριον@ndnpc δράω@vppagmp καί@cs οὐ@b διά@p ἀπαγγελία@ngfsc διά@p ἔλεος@ngmsc καί@cs φόβος@ngmsc περαίνω@vppanfs ὁ@dafs ὁ@dgnp τοιοῦτος@rpgnp πάθημα@ngnpc κάθαρσις@nafsc"
"Aristot. Poet._6.3","λέγω3@vipa1s δέ@b ἡδύνω@anams- μέν@b λόγος@namsc ὁ@dams ἔχω@vppaams ῥυθμός@namsc καί@cs ἁρμονία@nafsc καί@cs μέλος@nansc"
"Aristot. Poet._6.4","ὁ@dans δέ@b χωρίς@p ὁ@ddnp εἶδος@ndnpc ὁ@dans διά@p μέτρον@ngnpc ἔνιοι@ananp- μόνος@anans- περαίνω@vnpe-- καί@cs πάλιν@b ἕτερος@ananp- διά@p μέλος@ngnsc"
"Aristot. Poet._6.5","ἐπεί@cs δέ@b πράσσω@vppanmp ποιέω@vipe3p ὁ@dafs μίμησις@nafsc πρῶτος@anans- μέν@b ἐκ@p ἀνάγκη@ngfsc ἄν@b εἰμί@vopa3s τις@annns- μόριον@nnnsc τραγῳδία@ngfsc ὁ@dnms ὁ@dgfs ὄψις@ngfsc κόσμος@nnmsc εἶτα@cs μελοποιία@nnfsc καί@cs λέξις@nnfsc"
"Aristot. Poet._6.6","ἐν@p οὗτος@rpdnp γάρ@b ποιέω@vipe3p ὁ@dafs μίμησις@nafsc λέγω3@vipa1s δέ@b λέξις@nafsc μέν@b αὐτός@rpafs ὁ@dafs ὁ@dgnp μέτρον@ngnpc σύνθεσις@nafsc μελοποιία@nafsc δέ@b ὅς@rpnns ὁ@dafs δύναμις@nafsc φανερός@anafs- ἔχω@vipa3s πᾶς@anafs-"
"Aristot. Poet._6.7","ἐπεί@cs δέ@b πρᾶξις@ngfsc εἰμί@vipa3s μίμησις@nnfsc πράσσω@vipe3s δέ@b ὑπό@p τις@rpgmp πράσσω@vppagmp ὅς@rpamp ἀνάγκη@nnfsc ποιός@anamp- τις@rpamp εἰμί@vnpa-- κατά@p τε@b ὁ@dans ἦθος@nansc καί@cs ὁ@dafs διάνοια@nafsc διά@p γάρ@b οὗτος@rpgnp καί@b ὁ@dafp πρᾶξις@nafpc εἰμί@vnpa-- φημί@vipa1p ποιός@anafp- τις@rpacp φύω@vira3s αἴτιος@nnnpc δύο@ ὁ@dgfp πρᾶξις@ngfpc εἰμί@vnpa-- διάνοια@nnfsc καί@cs ἦθος@nnnsc καί@cs κατά@p οὗτος@rpafp καί@b τυγχάνω@vipa3p καί@cs ἀποτυγχάνω@vipa3p πᾶς@annmp-"
"Aristot. Poet._6.8","εἰμί@vipa3s δέ@b ὁ@dgfs μέν@b πρᾶξις@ngfsc ὁ@dnms μῦθος@nnmsc ὁ@dnfs μίμησις@nnfsc λέγω3@vipa1s γάρ@b μῦθος@namsc οὗτος@anams- ὁ@dafs σύνθεσις@nafsc ὁ@dgnp πρᾶγμα@ngnpc ὁ@danp δέ@b ἦθος@nanpc κατά@p ὅς@rpacs ποιός@nampc τις@rpamp εἰμί@vnpa-- φημί@vipa1p ὁ@damp πράσσω@vppaamp διάνοια@nafsc δέ@x ἐν@p ὅσος@rpdnp λέγω3@vppanmp ἀποδείκνυμι@vipa3p τις@rpans ὅς@rpanp καί@cs ἀποφαίνω@vipe3p γνώμη@nafsc"
"Aristot. Poet._6.9","ἀνάγκη@nnfsp οὖν@b πᾶς@angfs- τραγῳδία@ngfsc μέρος@nanpc εἰμί@vnpa-- ἕξ@an---- κατά@b ποιός@annfs- τις@annfs- εἰμί@vipa3s ὁ@dnfs τραγῳδία@nnfsc οὗτος@rpnnp δέ@b εἰμί@vipa3s μῦθος@nnmsc καί@b ἦθος@nnnpc καί@cs λέξις@nnfsc καί@cs διάνοια@nnfsc καί@b ὄψις@nnfsc καί@cs μελοποιία@nnfsc"
"Aristot. Poet._6.10","ὅς@rpdnp μέν@b γάρ@b μιμέομαι@vipe3p δύο@an---- μέρος@nnnpc εἰμί@vipa3s ὡς@cs δέ@b μιμέομαι@vipe3p εἷς@ ὅς@rpdns δέ@b μιμέομαι@vipe3p τρεῖς@ καί@cs παρά@p οὗτος@rpanp οὐδείς@rpnns"
"Aristot. Poet._6.11","οὗτος@andmp- μέν@b οὖν@b οὐ@b ὀλίγος@annmp- αὐτός@rpgmp ὡς@cs εἶπον@vnaa-- χράω2@vire3p ὁ@ddnp εἶδος@ndnpc καί@b γάρ@b ὄψις@nafpc ἔχω@vipa3s πᾶς@anans- καί@b ἦθος@nansc καί@b μῦθος@namsc καί@b λέξις@nafsc καί@b μέλος@nansc καί@cs διάνοια@nafsc ὡσαύτως@b"
"Aristot. Poet._6.12","μέγας@annnss δέ@b οὗτος@rpgnp εἰμί@vipa3s ὁ@dnfs ὁ@dgnp πρᾶγμα@ngnpc σύστασις@nnfsc ὁ@dnfs γάρ@b τραγῳδία@nnfsc μίμησις@nnfsc εἰμί@vipa3s οὐ@b ἄνθρωπος@ngmpc ἀλλά@cs πρᾶξις@ngfsc καί@b βίος@ngmsc καί@b εὐδαιμονία@ngfsc καί@cs κακοδαιμονία@ngfsc καί@cs γάρ@b ὁ@dnfs εὐδαιμονία@nnfsc ἐν@p πρᾶξις@ndfsc εἰμί@vipa3s καί@cs ὁ@dnns τέλος@nnnsc πρᾶξις@nnfsc τις@rpncs εἰμί@vipa3s οὐ@b ποιότης@nnfsc εἰμί@vipa3p δέ@b κατά@p μέν@b ὁ@danp ἦθος@nanpc ποιός@annmp- τις@rpncp κατά@p δέ@cs ὁ@dafp πρᾶξις@nafpc εὐδαίμων@annmp- ἤ1@cs ὁ@dans ἐναντίος@anans-"
"Aristot. Poet._6.13","οὔκουν@b ὅπως@cs ὁ@danp ἦθος@nanpc μιμέομαι@vsam3p πράσσω@vipa3p ἀλλά@cs ὁ@danp ἦθος@nanpc συμπεριλαμβάνω@vipa3p διά@p ὁ@dafp πρᾶξις@nafpc ὥστε@b ὁ@dnnp πρᾶγμα@nnnpc καί@cs ὁ@dnms μῦθος@nnmsc τέλος@nnnsc ὁ@dgfs τραγῳδία@ngfsc ὁ@dnns δέ@b τέλος@nnnsc μέγας@annnss ἅπας@angnp-"
"Aristot. Poet._6.14","ἔτι@b ἄνευ@p μέν@b πρᾶξις@ngfsc οὐ@b ἄν@b γίγνομαι@voam3s τραγῳδία@nnfsc ἄνευ@p δέ@x ἦθος@ngfpc γίγνομαι@voam3s ἄν@b"
"Aristot. Poet._6.15","ὁ@dnmp γάρ@b ὁ@dgmp νέος@angmp- ὁ@dgmp πλεῖστος@angmp- ἀήθης@annmp- τραγῳδία@nnfpc εἰμί@vipa3p καί@cs ὅλος@b ποιητής@nnmpc πολύς@annmp- τοιοῦτος@rpnmp οἷος@rpans καί@b ὁ@dgmp γραφή@ngmpc ζεῦξις@nnmsp πρός@p πολύγνωτος@namsp πάσχω@vira3s ὁ@dnms μέν@b γάρ@b πολύγνωτος@nnmsp ἀγαθός@annms- ἠθογράφος@annms- ὁ@dnfs δέ@b ζεύξις@ngfsp γραφή@nnfsc οὐδείς@anans- ἔχω@vipa3s ἦθος@nansc"
"Aristot. Poet._6.16","ἔτι@b ἐάν@cs τις@rpnms ἐφεξῆς@b τίθημι@vsaa3s ῥῆσις@nafpc ἠθικός@anafp- καί@b λέγω@nafpc καί@cs διάνοια@nafpc εὖ@b ποιέω@vpreafp οὐ@b ποιέω@vifa3s ὅς@rpnns εἰμί@viia3s ὁ@dgfs τραγῳδία@ngfsc ἔργον@nnnsc ἀλλά@cs πολύς@anans- μᾶλλον@b ὁ@dnfs καταδεής@andmpc οὗτος@rpdmp χράω2@vprenfs τραγῳδία@nnfsc ἔχω@vppanfs δέ@b μῦθος@namsc καί@cs σύστασις@nafsc πρᾶγμα@ngnpc"
"Aristot. Poet._6.17","πρός@p δέ@b οὗτος@rpdnp ὁ@dnnp μέγας@annnps ὅς@rpdnp ψυχαγωγέω@vipa3s ὁ@dnfs τραγῳδία@nnfsc ὁ@dgms μῦθος@ngmsc μέρος@nnnpc εἰμί@vipa3s ὅς@dnfp τε@b περιπέτεια@nnfpc καί@cs ἀναγνωρίζω@nnfpc"
"Aristot. Poet._6.18","ἔτι@b σημεῖον@nnnsc ὅτι@cs καί@b ὁ@dnmp ἐγχειρέω@vppanmp ποιέω@vnpa-- πρότερος@anans- δύναμαι@vipe3p ὁ@ddfs λέξις@ndfsc καί@cs ὁ@ddnp ἦθος@ndnpc ἀκριβόω@vnpa-- ἤ1@cs ὁ@danp πρᾶγμα@nanpc συνίστημι@vnpe-- οἷος@rpans καί@b ὁ@dnmp πρῶτος@annmp- ποιητής@nnmpc σχεδόν@b ἅπας@annmp-"
"Aristot. Poet._6.19","ἀρχή@nnfsp μέν@b οὖν@b καί@cs οἷος@rpans ψυχή@nnfsc ὁ@dnms μῦθος@nnmsc ὁ@dgfs τραγῳδία@ngfsc δεύτερος@annns- δέ@b ὁ@dnnp ἦθος@nnnpc"
"Aristot. Poet._6.20","παραπλήσιος@annns- γάρ@b εἰμί@vipa3s καί@cs ἐπί@p ὁ@ddfp γραφικός@angfs- εἰ@cs γάρ@b τις@rpncs ἐναλείφω@voaa3s ὁ@ddmp καλός@andnps φάρμακος@ndnpc χύδην@b οὐ@b ἄν@b ὅμοιος@b εὐφραίνω@voaa3s καί@b λευκογραφέω@vpaanms εἰκών@nafsc"
"Aristot. Poet._6.21","εἰμί@vipa3s τε@x μίμησις@nnfsc πρᾶξις@ngfsc καί@cs διά@p οὗτος@rpafs μάλιστα@b ὁ@dgmp πράσσω@vppagmp τρίτος@namsp δέ@b ὁ@dnfs διάνοια@nnfsc"
"Aristot. Poet._6.22","οὗτος@rpnns δέ@b εἰμί@vipa3s ὁ@dnns λέγω3@vnpa-- δύναμαι@vnpe-- ὁ@danp ἔνειμι@vppaanp καί@cs ὁ@danp ἁρμόζω@vppaanp ὅσπερ@rpnns ἐπί@p ὁ@dgmp λόγος@ngmpc ὁ@dgfs πολιτικός@angfs- καί@cs ῥητορικός@angfs- ἔργον@nnnsc εἰμί@vipa3s"
"Aristot. Poet._6.23","ὁ@dnmp μέν@b γάρ@b ἀρχαῖος@annmp- πολιτικός@b ποιέω@viia3p λέγω3@vppaamp ὁ@dnmp δέ@cs νῦν@b ῥητορικός@b"
"Aristot. Poet._6.24","εἰμί@vipa3s δέ@b ἦθος@nnnsc μέν@b ὁ@dnns τοιοῦτος@rpnns ὅς@rpnns δηλόω@vipa3s ὁ@dafs προαίρεσις@nafsc ὁποῖος@annfs- τις@rpnfs διόπερ@b οὐ@b ἔχω@vipa3p ἦθος@nansc ὁ@dgmp λόγος@ngmpc ἐν@p ὅς@rpdmp μηδέ@rpnns ὅλος@b εἰμί@vipa3s ὅς@rpnns τις@annns- προαιρέω@vipe3s ἤ1@cs φεύγω@vipa3s ὁ@dnms λέγω3@vppanms"
"Aristot. Poet._6.25","διάνοια@nnfsp δέ@b ἐν@p ὅς@rpdnp ἀποδείκνυμι@vipa3p τις@rpnns ὡς@cs εἰμί@vipa3s ἤ1@cs ὡς@cs οὐ@b εἰμί@vipa3s ἤ1@cs καθόλου@b τις@rpans ἀποφαίνω@vipe3p"
"Aristot. Poet._6.26","τέταρτος@namsp δέ@b ὁ@dgmp μέν@b λόγος@ngmpc ὁ@dnfs λέξις@nnfsc λέγω3@vipa1s δέ@b ὥσπερ@cs πρότερος@anans- ἐρῶ@vire3s λέξις@nafsc εἰμί@vnpa-- ὁ@dafs διά@p ὁ@dgfs ὀνομασία@ngfsc ἑρμηνεία@nafsc ὅς@rpnns καί@b ἐπί@p ὁ@dgmp ἔμμετρος@angnp- καί@cs ἐπί@p ὁ@dgmp λόγος@ngmpc ἔχω@vipa3s ὁ@dafs αὐτός@anafs- δύναμις@nafsc"
"Aristot. Poet._6.27","ὁ@dgnp δέ@b λοιπός@angnp- πέντε@ ὁ@dnfs μελοποιία@nnfsc μέγας@annnss ὁ@dgnp ἥδυσμα@ngnpc"
"Aristot. Poet._6.28","ὁ@dnfs δέ@b ὄψις@nnfsc ψυχαγωγικός@annns- μέν@b ἄτεχνος@annnss δέ@b καί@cs ἥκιστος@ananp- οἰκεῖος@annns- ὁ@dgfs ποιητικός@angfs- ὁ@dnfs γάρ@b ὁ@dgfs τραγῳδία@ngfsc δύναμις@nnfsc καί@b ἄνευ@p ἀγών@ngmsc καί@cs ὑποκριτής@ngmpc εἰμί@vipa3s ἔτι@cs δέ@b κύριος@annfsc περί@p ὁ@dafs ἀπεργασία@nafsc ὁ@dgfp ὄψις@ngfpc ὁ@dnfs ὁ@dgms σκευοποιός@ngmsc τέχνη@nnfsc ὁ@dgfs ὁ@dgmp ποιητής@ngmpc εἰμί@vipa3s"
"Aristot. Poet._7.1","διάὁρίζω@vpregnp δέ@b οὗτος@rpgnp λέγω@vspa1p μετά@p οὗτος@rpanp ποῖος@anafs- τις@rpafs δεῖ@viia3s ὁ@dafs σύστασις@nafsc εἰμί@vnpa-- ὁ@dgnp πρᾶγμα@ngnpc ἐπεί@cs οὗτος@rpnns καί@b πρῶτος@annns- καί@cs μέγας@annnss ὁ@dgfs τραγῳδία@ngfsc εἰμί@vipa3s"
"Aristot. Poet._7.2","κεῖμαι@vipe3s δέ@b ἐγώ@rpdcp ὁ@dafs τραγῳδία@nafsc τέλειος@angfs- καί@cs ὅλος@angfs- πρᾶξις@ngfsc εἰμί@vnpa-- μίμησις@nafsc ἔχω@vppagfs τις@anans- μέγεθος@nansc εἰμί@vipa3s γάρ@b ὅλος@annns- καί@cs μηδείς@rpans ἔχω@vppanns μέγεθος@nansc"
"Aristot. Poet._7.3","ὅλος@annns- δέ@b εἰμί@vipa3s ὁ@dnns ἔχω@vppanns ἀρχή@nafsc καί@b μέσος@anans- καί@cs τελευτή@nafsc"
"Aristot. Poet._7.4","ἀρχή@nnfsp δέ@b εἰμί@vipa3s ὅς@rpnns αὐτός@rpnns μέν@b μή@b ἐκ@p ἀνάγκη@ngfsc μετά@p ἄλλος@rpnns εἰμί@vipa3s μετά@p ἐκεῖνος@rpans δέ@cs ἕτερος@annns- φύω@vira3s εἰμί@vnpa-- ἤ1@cs γίγνομαι@vnpe--"
"Aristot. Poet._7.5","τελευτή@nnfsc δέ@b ὁ@dnns ἐναντίος@annns- ὅς@rpnns αὐτός@rpnns μετά@p ἄλλος@rpgns φύω@vira3s εἰμί@vnpa-- ἤ1@cs ἐκ@p ἀνάγκη@ngfsc ἤ1@cs ὡς@cs ἐπί@p ὁ@dans πολύς@anans- μετά@p δέ@b οὗτος@rpans ἄλλος@annns- οὐδείς@rpnns"
"Aristot. Poet._7.6","μέσος@annns- δέ@b ὅς@rpnns καί@b αὐτός@rpnns μετά@p ἄλλος@rpnns καί@cs μετά@p ἐκεῖνος@rpans ἕτερος@annns-"
"Aristot. Poet._7.7","δεῖ@viia3s ἄρα@x ὁ@damp συνίστημι@vpraamp εὖ@b μῦθος@nampc μήτε@b ὁπόθεν@b τυγχάνω@viaa3s ἄρχω@vnpe-- μήτε@b ὅπου@b τυγχάνω@viaa3s τελευτάω@vnpa-- ἀλλά@cs χράω2@vnre-- ὁ@ddfp ἐρῶ@vpredfp ἰδέα@ndfpc"
"Aristot. Poet._7.8","ἔτι@cs δέ@b ἐπεί@cs ὁ@dnns καλός@annns- καί@cs ζῷον@nnnsc καί@cs ἅπας@annns- πρᾶγμα@nnnsc ὅς@rpnns συνίστημι@vira3s ἐκ@p τις@rpgnp οὐ@b μόνος@b οὗτος@rpanp τάσσω@vpreanp δεῖ@vipa3s ἔχω@vnpa-- ἀλλά@cs καί@b μέγεθος@nansc ὑπάρχω@vnpa-- μή@b ὁ@dans τυχόν@vpaaanp ὁ@dnns γάρ@b καλός@annns- ἐν@p μέγεθος@ndnsc καί@cs τάξις@ndfsc εἰμί@vipa3s"
"Aristot. Poet._7.9","διό@cs οὐ@b τε@cs μικρός@annns- ἄν@b τις@rpnns γίγνομαι@voam3s καλός@annns- ζῷον@nnnsc συγχέω@vipe3s γάρ@b ὁ@dnfs θεωρία@nnfsc ἐγγύς@b ὁ@dgms ἀναίσθητος@angms- χρόνος@ngmsc γίγνομαι@vppenfs οὐ@b τε@cs παμμεγέθης@annns- οὐ@b γάρ@b ἅμα@b ὁ@dnfs θεωρία@nnfsc γίγνομαι@vipe3s ἀλλά@cs οἴχομαι@vipe3s ὁ@ddmp θεωρέω@vppadmp ὁ@dans εἷς@ καί@cs ὁ@dnns ὅλος@annns- ἐκ@p ὁ@dgfs θεωρία@ngfsc οἷος@rpans εἰ@cs μυρίος@angnp- στάδιον@ngnpc εἰμί@vopa3s ζῷον@nnnsc"
"Aristot. Poet._7.10","ὥστε@b δεῖ@vipa3s καθά@cs ἐπί@p ὁ@dgnp σῶμα@ngnpc καί@cs ἐπί@p ὁ@dgnp ζῷον@ngnpc ἔχω@vnpa-- μέν@b μέγεθος@nansc οὗτος@rpans δέ@b εὐσύνοπτος@anans- εἰμί@vnpa-- οὕτως@b καί@b ἐπί@p ὁ@dgmp μῦθος@ngmpc ἔχω@vnpa-- μέν@b μῆκος@nansc οὗτος@rpans δέ@cs εὐμνημόνευτος@anans- εἰμί@vnpa--"
"Aristot. Poet._7.11","ὁ@dgns δέ@b μῆκος@ngnsc ὅρος@nnmsc πρός@p μέν@b ὁ@damp ἀγών@nampc καί@cs ὁ@dafs αἴσθησις@nafsc οὐ@b ὁ@dgfs τέχνη@ngfsc εἰμί@vipa3s εἰ@cs γάρ@b δεῖ@viia3s ἑκατόν@an---- τραγῳδία@nafpc ἀγωνίζομαι@vnpe-- πρός@p κλεψύδρα@nafsc ἄν@b ἀγωνίζομαι@viie3p ὥσπερ@cs ποτέ@b καί@b ἄλλοτε@b φημί@vipa3p"
"Aristot. Poet._7.12","ὁ@dnms δέ@b κατά@p αὐτός@anafs- ὁ@dafs φύσις@nafsc ὁ@dgns πρᾶγμα@ngnsc ὅρος@nnmsc ἀεί@b μέν@b ὁ@dnms μέγας@annmsc μέχρι@p ὁ@dgns σύνδηλος@annms- εἰμί@vnpa-- καλός@annmsc εἰμί@vipa3s κατά@p ὁ@dans μέγεθος@nansc ὡς@cs δέ@cs ἁπλῶς@b διορίζω@vpaaamp εἶπον@vnaa-- ἐν@p ὅσος@andns- μέγεθος@ndnsc κατά@p ὁ@dans ἔοικα@vpranns ἤ1@cs ὁ@dans ἀναγκαῖος@anans- ἐφεξῆς@b γίγνομαι@vppegnp συμβαίνω@vipa3s εἰς@p εὐτυχία@nafsc ἐκ@p δυστυχία@ngfsc ἤ1@cs ἐκ@p εὐτυχία@ngfsc εἰς@p δυστυχία@nafsc μεταβάλλω@vnpa-- ἱκανός@annms- ὅρος@nnmsc εἰμί@vipa3s ὁ@dgns μέγεθος@ngnsc"
"Aristot. Poet._8.1","μῦθος@nnmsp δέ@x εἰμί@vipa3s εἷς@annms- οὐ@b ὥσπερ@b τις@rpnmp οἴομαι@vipe3p ἐάν@cs περί@p εἷς@namsc εἰμί@vspa3s πολύς@annnp- γάρ@b καί@b ἄπειρος1@annnp- ὁ@ddns γένος@ndnsc συμβαίνω@vipa3s ἐκ@p ὅς@rpgnp ἔνιοι@angnp- οὐδείς@rpnns εἰμί@vipa3s εἷς@annns- οὕτως@b δέ@b καί@b πρᾶξις@nnfpc εἷς@ πολύς@annfp- εἰμί@vipa3p ἐκ@p ὅς@rpgfp εἷς@annfs- οὐδείς@annfs- γίγνομαι@vipe3s πρᾶξις@nnfsc"
"Aristot. Poet._8.2","διό@b πᾶς@annmp- ἔοικα@vira3p ἁμαρτάνω@vnpa-- ὅσος@annmp- ὁ@dgmp ποιητής@ngmpc ἡρακλής@nafsp καί@b θησηίς@nafsc καί@cs ὁ@danp τοιοῦτος@ananp- ποίημα@nanpc ποιέω@vira3p οἴομαι@vipe3p γάρ@b ἐπεί@cs εἷς@ εἰμί@viia3s ὁ@dnms ἡρακλῆς@nnmsp εἷς@ καί@b ὁ@dams μῦθος@namsc εἰμί@vnpa-- προσήκω@vnpa--"
"Aristot. Poet._8.3","ὁ@dnms δέ@x ὅμηρος@nnmsp ὥσπερ@b καί@cs ὁ@danp ἄλλος@ananp- διαφέρω@vipa3s καί@b οὗτος@anans- ἔοικα@vira3s καλός@b εἶδον@vnaa-- ἤτοι@cs διά@p τέχνη@nafsc ἤ1@cs διά@p φύσις@nafsc ὀδύσσεια@nafsp γάρ@b ποιέω@vppanms οὐ@b ποιέω@viaa3s ἅπας@ananp- ὅσος@annnp- αὐτός@rpdms συμβαίνω@viaa3s οἶος@anans- πλήσσω@vnap-- μέν@b ἐν@p ὁ@ddms παρνασός@ndmsp μαίνομαι@vnap-- δέ@cs προσποιέω@vnam-- ἐν@p ὁ@ddms ἀγερμός@ndmsc ὅς@rpgnp οὐδείς@rpnns ἕτερος@angns- γίγνομαι@vpamgns ἀναγκαῖος@annns- εἰμί@viia3s ἤ1@cs ἔοικα@vpranns ἕτερος@anans- γίγνομαι@vnam-- ἀλλά@cs περί@p εἷς@anafs- πρᾶξις@nafsc οἷος@anafs- λέγω3@vipa1p ὁ@dafs ὀδύσσεια@nafsp συνίστημι@viaa3s ὅμοιος@b δέ@cs καί@b ὁ@dafs ἰλιάς@nafsp"
"Aristot. Poet._8.4","χρή@nnfsp οὖν@b καθά@cs καί@cs ἐν@p ὁ@ddfp ἄλλος@rpdfp μιμητικός@andfp- ὁ@dnfs εἷς@ μίμησις@nnfsc εἷς@ εἰμί@vipa3s οὕτως@b καί@b ὁ@dams μῦθος@namsc ἐπεί@cs πρᾶξις@ngfsc μίμησις@nnfsc εἰμί@vipa3s εἷς@ τε@cs εἰμί@vnpa-- καί@cs οὗτος@rpgfs ὅλος@angfs- καί@cs ὁ@danp μέρος@nanpc συνίστημι@vnra-- ὁ@dgnp πρᾶγμα@ngnpc οὕτως@b ὥστε@cs μετατίθημι@vppegns τις@rpgns μέρος@ngnsc ἤ1@cs ἀφαιρέω@vppegns διαφέρω@vnpe-- καί@cs κινέω@vnpe-- ὁ@dans ὅλος@anans- ὅς@rpnns γάρ@b πρόσειμι1@vppanns ἤ1@cs μή@b πρόσειμι1@vppanns μηδείς@rpnns ποιέω@vipa3s ἐπίδηλος@annns- οὐ@b δέ@cs μόριον@nnnsc ὁ@dgns ὅλος@angns- εἰμί@vipa3s"
"Aristot. Poet._9.1","φανερός@annns- δέ@b ἐκ@p ὁ@dgnp ἐρῶ@vpregnp καί@b ὅτι@cs οὐ@b ὁ@dnns ὁ@danp γίγνομαι@vpamanp λέγω3@vnpa-- οὗτος@rpnns ποιητής@ngmsc ἔργον@nnnsc εἰμί@vipa3s ἀλλά@cs οἷος@annnp- ἄν@b γίγνομαι@voam3s καί@cs ὁ@dnnp δυνατός@annnp- κατά@p ὁ@dans ἔοικα@vpraans ἤ1@cs ὁ@dans ἀναγκαῖος@anans-"
"Aristot. Poet._9.2","ὁ@dnms γάρ@b ἱστορικός@annms- καί@cs ὁ@dnms ποιητής@nnmsc οὐ@b ὁ@ddns ἤ1@cs ἔμμετρος@ananp- λέγω3@vnpa-- ἤ1@cs ἄμετρος@ananp- διαφέρω@vipa3p εἰμί@vopa3s γάρ@b ἄν@b ὁ@danp ἡρόδοτος@ngmsp εἰς@p μέτρον@nanpc τίθημι@vnap-- καί@cs οὐδείς@anans- ἥσσων@anansc ἄν@b εἰμί@vopa3s ἱστορία@nnfsc τις@annfs- μετά@p μέτρον@ngnsc ἤ1@cs ἄνευ@p μέτρον@ngnpc ἀλλά@b οὗτος@rpdns διαφέρω@vipa3s ὁ@ddns ὁ@dams μέν@b ὁ@danp γίγνομαι@vpamanp λέγω3@vnpa-- ὁ@dams δέ@b οἷος@annnp- ἄν@b γίγνομαι@voam3s"
"Aristot. Poet._9.3","διό@b καί@b φιλόσοφος@annnsc καί@cs σπουδαῖος@annnsc ποίησις@nnfsc ἱστορία@ngfsc εἰμί@vipa3s ὁ@dnfs μέν@b γάρ@b ποίησις@nnfsc μᾶλλον@b ὁ@danp καθόλου@b ὁ@dnfs δέ@cs ἱστορία@nnfsc ὁ@danp κατά@p ἕκαστος@anans- λέγω3@vipa3s"
"Aristot. Poet._9.4","εἰμί@vipa3s δέ@b καθόλου@b μέν@b ὁ@ddms ποῖος@rpdms ὁ@danp ποῖος@b ἄττα@ananp- συμβαίνω@vipa3s λέγω3@vnpa-- ἤ1@cs πράσσω@vnpa-- κατά@p ὁ@dans ἔοικα@vpraans ἤ1@cs ὁ@dans ἀναγκαῖος@anans- ὅς@rpgns στοχάζομαι@vipe3s ὁ@dnfs ποίησις@nnfsc ὄνομα@nanpc ἐπιτίθημι@vppenfs ὁ@danp δέ@b κατά@p ἕκαστος@anans- τίς@rpans ἀλκιβιάδης@nnmsp πράσσω@viaa3s ἤ1@cs τίς@rpans πάσχω@viaa3s"
"Aristot. Poet._9.5","ἐπί@p μέν@b οὖν@b ὁ@dgfs κωμῳδία@ngfsc ἤδη@b οὗτος@rpnns δῆλος@annns- γίγνομαι@vira3s συνίστημι@vpaanmp γάρ@b ὁ@dams μῦθος@namsc διά@p ὁ@dgnp ἔοικα@vpragnp οὕτως@b ὁ@danp τυγχάνω@vpaaanp ὄνομα@nanpc ἐπιτίθημι@vipa3p καί@cs οὐ@b ὥσπερ@cs ὁ@dnmp ἰαμβοποιός@annmp- περί@p ὁ@dgnp κατά@p ἕκαστος@anans- ποιέω@vipa3p"
"Aristot. Poet._9.6","ἐπί@p δέ@b ὁ@dgfs τραγῳδία@ngfsc ὁ@dgnp γίγνομαι@vpamgnp ὄνομα@ngnpc ἀντέχω@vipe3p αἴτιος@nnnsp δέ@b ὅτι@cs πιθανός@annns- εἰμί@vipa3s ὁ@dnns δυνατός@annns- ὁ@danp μέν@b οὖν@b μή@b γίγνομαι@vpamanp οὔπω@b πιστεύω@vipa1p εἰμί@vnpa-- δυνατός@ananp- ὁ@danp δέ@b γίγνομαι@vpamanp φανερός@anans- ὅτι@cs δυνατός@annnp- οὐ@b γάρ@b ἄν@b γίγνομαι@viam3s εἰ@cs εἰμί@viia3s ἀδύνατος@annnp-"
"Aristot. Poet._9.7","οὐ@b μήν@b ἀλλά@b καί@b ἐν@p ὁ@ddfp τραγῳδία@ndfpc ἔνιοι@ndfpc μέν@b εἷς@ ἤ1@cs δύο@ ὁ@dgnp γνώριμος@angnp- εἰμί@vipa3s ὄνομα@ngnpc ὁ@dnnp δέ@b ἄλλος@rpnnp ποιέω@vprennp ἐν@p ἔνιοι@ndfpc δέ@b οὐδείς@rpnns οἷος@rpnns ἐν@p ὁ@ddns ἀγάθων@ngmsp ἄνθος@ndnsc ὅμοιος@b γάρ@b ἐν@p οὗτος@rpdns ὁ@dnnp τε@b πρᾶγμα@nanpc καί@cs ὁ@dnnp ὄνομα@nnnpc ποιέω@vire3s καί@cs οὐδείς@rpans ἥσσων@anansc εὐφραίνω@vipa3s"
"Aristot. Poet._9.8","ὥστε@b οὐ@b πάντως@b εἰμί@vnpa-- ζητητέος@annns- ὁ@dgmp παραδίδωμι@vpregmp μῦθος@ngmpc περί@p ὅς@rpamp ὁ@dnfp τραγῳδία@nnfpc εἰμί@vipa3p ἀντέχω@vnpe-- καί@cs γάρ@b γέλοιος@annns- οὗτος@rpans ζητέω@vnpa-- ἐπεί@cs καί@b ὁ@dnnp γνώριμος@annnp- ὀλίγος@andmp- γνώριμος@annnp- εἰμί@vipa3s ἀλλά@cs ὅμως@b εὐφραίνω@vipa3s πᾶς@anamp-"
"Aristot. Poet._9.9","δῆλος@annns- οὖν@b ἐκ@p οὗτος@rpgnp ὅτι@cs ὁ@dams ποιητής@namsc μᾶλλον@b ὁ@dgmp μῦθος@ngmpc εἰμί@vnpa-- δεῖ@viia3s ποιητής@namsc ἤ1@cs ὁ@dgnp μέτρον@ngnpc ὅσος@andns- ποιητής@annms- κατά@p ὁ@dafs μίμησις@nafsc εἰμί@vipa3s μιμέομαι@vipe3s δέ@cs ὁ@dafp πρᾶξις@nafpc"
"Aristot. Poet._9.10","καί@b ἄν@cs ἄρα@b συμβαίνω@vsaa3s γίγνομαι@vpamanp ποιέω@vnpa-- οὐδείς@rpans ἥσσων@anansc ποιητής@nnmsc εἰμί@vipa3s ὁ@dgnp γάρ@b γίγνομαι@vpamgnp ἔνιοι@annnp- οὐδείς@rpnns κωλύω@vipa3s τοιοῦτος@rpanp εἰμί@vnpa-- οἷος@rpanp ἄν@b ἔοικα@vpranns γίγνομαι@vnam-- καί@cs δυνατός@ananp- γίγνομαι@vnam-- κατά@p ὅς@rpans ἐκεῖνος@rpnms αὐτός@rpgnp ποιητής@nnmsc εἰμί@vipa3s"
"Aristot. Poet._9.11","ὁ@dgmp δέ@b ἁπλόος@angmp- μῦθος@ngmpc καί@cs πρᾶξις@ngfpc ὁ@dnfp ἐπεισοδιώδης@annfp- εἰμί@vipa3p κακός@nnfpc λέγω3@vipa1s δέ@x ἐπεισοδιώδης@anams- μῦθος@namsc ἐν@p ὅς@rpdms ὁ@danp ἐπεισόδιον@nanpc μετά@p ἀλλήλων@rpanp οὔτε@b ἔοικα@vpranns οὔτε@b ἀνάγκη@nnfsc εἰμί@vnpa-- τοιοῦτος@rpnfp δέ@b ποιέω@vipe3p ὑπό@p μέν@b ὁ@dgmp φαῦλος@angmp- ποιητής@ngmpc διά@p αὐτός@rpamp ὑπό@p δέ@b ὁ@dgmp ἀγαθός@angmp- διά@p ὁ@damp ὑποκριτής@nampc ἀγώνισμα@nanpc γάρ@b ποιέω@vppanmp καί@cs παρά@p ὁ@dafs δύναμις@nafsc παρατείνω@vpaanmp μῦθος@namsc πολλάκις@b διαστρέφω@vnpa-- ἀναγκάζω@vipe3p ὁ@dans ἐφεξῆς@b ἐπεί@cs δέ@b οὐ@b μόνος@b τέλειος@angfs- εἰμί@vipa3s πρᾶξις@ngfsc ὁ@dnfs μίμησις@nnfsc ἀλλά@cs καί@b φοβερός@angnp- καί@cs ἐλεεινός@angfp- οὗτος@rpnnp δέ@b γίγνομαι@vipe3s καί@b μάλιστα@b καί@cs μᾶλλον@b ὅταν@cs γίγνομαι@vsam3s παρά@p ὁ@dafs δόξα@nafsc διά@p ἀλλήλων@rpanp"
"Aristot. Poet._9.12","ὁ@dnns γάρ@b θαυμαστός@annns- οὕτως@b ἔχω@vifa3s μᾶλλον@b ἤ1@cs εἰ@cs ἀπό@p ὁ@dgns αὐτόματος@angns- καί@cs ὁ@dgfs τύχη@ngfsc ἐπεί@cs καί@b ὁ@dgnp ἀπό@p τύχη@ngfsc οὗτος@rpnnp θαυμάσιος@annnps δοκέω@vipa3s ὅσος@annnp- ὥσπερ@cs ἐπίτηδες@b φαίνω@vipe3s γίγνομαι@vnra-- οἷος@anans- ὡς@cs ὁ@dnms ἀνδριάς@nnmsc ὁ@dnms ὁ@dgms μίτυς@ngmsp ἐν@p ἄργος@ndnsp ἀποκτείνω@viaa3s ὁ@dams αἴτιος@anams- ὁ@dgms θάνατος@ngmsc ὁ@ddms μίτυς@ndmsp θεωρέω@vppadms ἐμπίτνω@vpaanms ἔοικα@vira3s γάρ@b ὁ@danp τοιοῦτος@rpnnp οὐ@b εἰκῇ@b γίγνομαι@vnam-- ὥστε@cs ἀνάγκη@nnfsc ὁ@damp τοιοῦτος@rpamp εἰμί@vnpa-- καλός@anamp- μῦθος@nampc"
"Aristot. Poet._10.1","εἰμί@vipa3p δέ@b ὁ@dgmp μῦθος@ngmpc ὁ@dnmp μέν@b ἁπλόος@annmp- ὁ@dnmp δέ@b πλέκω@vprenmp καί@cs γάρ@b ὁ@dnfp πρᾶξις@nnfpc ὅς@rpgfp μίμησις@nnfpc ὁ@dnmp μῦθος@nnmpc εἰμί@vipa3p ὑπάρχω@vipa3p εὐθύς2@b εἰμί@vppanfp τοιοῦτος@rpnfp"
"Aristot. Poet._10.2","λέγω3@vipa1s δέ@b ἁπλόος@anafs- μέν@b πρᾶξις@nafsc ὅς@rpgfs γίγνομαι@vppegfs ὥσπερ@cs ὁρίζω@vire3s συνεχής@angfs- καί@b εἷς@angfs- ἄνευ@p περιπέτεια@ngfsc ἤ1@cs ἀναγνωρισμός@ngmsc ὁ@dnfs μετάβασις@nnfsc γίγνομαι@vipe3s"
"Aristot. Poet._10.3","πλέκω@vpreafs δέ@cs ἐκ@p ὅς@rpgfs μετά@p ἀναγνωρισμός@ngmsc ἤ1@cs περιπέτεια@ngfsc ἤ1@b ἄμφω@angnd- ὁ@dnfs μετάβασις@nnfsc εἰμί@vipa3s"
"Aristot. Poet._10.4","οὗτος@rpanp δέ@b δεῖ@vipa3s γίγνομαι@vnpe-- ἐκ@p αὐτός@angfs- ὁ@dgfs σύστασις@ngfsc ὁ@dgms μῦθος@ngmsc ὥστε@cs ἐκ@p ὁ@dgnp προγίγνομαι@vpregnp συμβαίνω@vnpa-- ἤ1@b ἐκ@p ἀνάγκη@ngfsc ἤ1@cs κατά@p ὁ@dans ἔοικα@vpraans γίγνομαι@vnpe-- οὗτος@rpanp διαφέρω@vipa3s γάρ@b πολύς@anans- ὁ@dnns γίγνομαι@vnpe-- ὅδε@rpanp διά@p ὅδε@rpanp ἤ1@cs μετά@p ὅδε@rpanp"
"Aristot. Poet._11.1","εἰμί@vipa3s δέ@b περιπέτεια@nnfsc μέν@b ὁ@dnfs εἰς@p ὁ@dans ἐναντίον@anans- ὁ@dgnp πράσσω@vppegnp μεταβολή@nnfsc καθά@cs ἐρῶ@vire3s καί@b οὗτος@rpans δέ@b ὥσπερ@cs λέγω3@vipa1p κατά@p ὁ@dans ἔοικα@vpraans ἤ1@cs ἀναγκαῖος@anans-"
"Aristot. Poet._11.2","ὥσπερ@cs ἐν@p ὁ@ddms οἰδίπους@ndmsp ἔρχομαι@vpaanms ὡς@b εὐφραίνω@vppanms ὁ@dams οἰδίπους@namsp καί@cs ἀπαλλάσσω@vpfanms ὁ@dgms πρός@p ὁ@dafs μήτηρ@nafsc φόβος@ngmsc δηλόω@vpaanms ὅς@rpnms εἰμί@viia3s ὁ@dans ἐναντίος@anans- ποιέω@viaa3s"
"Aristot. Poet._11.3","καί@cs ἐν@p ὁ@ddms λυγκεύς@ndmsp ὁ@dnms μέν@b ἄγω@vppenms ὡς@b ἀποθνῄσκω@vpfmnms ὁ@dnms δέ@b δαναός@nnmsp ἀκολουθέω@vppanms ὡς@b ἀποκτείνω@vpfanms ὁ@rpams μέν@b συμβαίνω@viaa3s ἐκ@p ὁ@dgnp πράσσω@vpregnp ἀποθνήσκω@vnaa-- ὁ@dams δέ@cs σώζω@vnap--"
"Aristot. Poet._11.4","ἀναγνώρισις@nnfsp δέ@b εἰμί@vipa3s ὥσπερ@cs καί@b ὁ@dnns ὄνομα@nnnsc σημαίνω@vipa3s ἐκ@p ἄγνοια@ngfsc εἰς@p γνῶσις@nafsc μεταβολή@nnfsc ἤ1@cs εἰς@p φιλία@nafsc ἤ1@cs ἔχθρα@nafsc ὁ@dgmp πρός@p εὐτυχία@nafsc ἤ1@cs δυστυχία@nafsc ὁρίζω@vpregmp"
"Aristot. Poet._11.5","καλός@nnfsp δέ@b ἀναγνώρισις@nnfsc ὅταν@cs ἅμα@b περιπέτεια@annfp- γίγνομαι@vspe3p οἷος@anans- ἔχω@vipa3s ὁ@dnfs ἐν@p ὁ@ddms οἰδίπους@ndmsp"
"Aristot. Poet._11.6","εἰμί@vipa3p μέν@b οὖν@b καί@b ἄλλος@annfp- ἀναγνωρίζω@nnfpc καί@cs γάρ@b πρός@p ἄψυχος@ananp- καί@cs ὁ@danp τυγχάνω@vpaaanp εἰμί@vipa3s ὅτε@cs ὥσπερ@cs ἐρῶ@vire3s συμβαίνω@vipa3s καί@cs εἰ@cs πράσσω@vira3s τις@rpnms ἤ1@cs μή@b πράσσω@vira3s εἰμί@vipa3s ἀναγωρίζω@vnaa--"
"Aristot. Poet._11.7","ἀλλά@b ὁ@dnfs μάλιστα@b ὁ@dgms μῦθος@ngmsc καί@cs ὁ@dnfs μάλιστα@b ὁ@dgfs πρᾶξις@ngfsc ὁ@dnfs ἐρῶ@vprenfs εἰμί@vipa3s ὁ@dnfs γάρ@b τοιοῦτος@annfs- ἀναγνώρισις@nnfsc καί@cs περιπέτεια@nnfsc ἤ1@cs ἔλεος@namsc ἔχω@vifa3s ἤ1@cs φόβος@namsc οἷος@angfp- πρᾶξις@ngfpc ὁ@dnfs τραγῳδία@annfs- μίμησις@nnfsc ὑπόκειμαι@vipe3s ἔτι@cs δέ@b καί@cs ὁ@dnns ἀτυχέω@vnpa-- καί@cs ὁ@dnns εὐτυχέω@vnpa-- ἐπί@p ὁ@dgnp τοιοῦτος@rpgnp συμβαίνω@vifm3s"
"Aristot. Poet._11.8","ἐπεί@cs δέ@b ὁ@dnfs ἀναγνώρισις@nnfsc τις@rpgnp εἰμί@vipa3s ἀναγνώρισις@nnfsc ὁ@dnfp μέν@b ἕτερος@angns- πρός@p ὁ@dams ἕτερος@anams- μόνος@anans- ὅταν@cs εἰμί@vspa3s δῆλος@annms- ἕτερος@annms- τις@rpnms εἰμί@vipa3s ὅτε@cs δέ@cs ἀμφότερος@anamp- δεῖ@vipa3s ἀναγνωρίζω@vnaa-- οἷος@anans- ὁ@dnfs μέν@b ἰφιγένεια@nnfsp ὁ@ddms ὀρέστης@ndmsp ἀναγνωρίζω@viap3s ἐκ@p ὁ@dgfs πέμψις@ngfsc ὁ@dgfs ἐπιστολή@ngfsc ἐκεῖνος@rpdms δέ@cs πρός@p ὁ@dafs ἰφιγένεια@nafsp ἄλλος@angfs- δεῖ@viia3s ἀναγνώρισις@ngfsc"
"Aristot. Poet._11.9","δύο@an---- μέν@b οὖν@b ὁ@dgms μῦθος@ngmsc μέρος@nnnpc περί@p οὗτος@rpanp εἰμί@vipa3s περιπέτεια@nnfsc καί@cs ἀναγνώρισις@nnfsc τρίτος@annns- δέ@b πάθος@nnnsc οὗτος@rpgmp δέ@b περιπέτεια@nnfsc μέν@b καί@cs ἀναγνώρισις@nnfsc ἐρῶ@vire3s"
"Aristot. Poet._11.10","πάθος@nnnsc δέ@cs εἰμί@vipa3s πρᾶξις@nnfsc φθαρτικός@annfs- ἤ1@cs ὀδυνηρός@annfs- οἷος@anans- ὅς@dnmp τε@b ἐν@p ὁ@ddns φανερός@andns- θάνατος@nnmpc καί@b ὁ@dnfp περιωδυνία@nnfpc καί@b στίωσις@nnfpc καί@cs ὅσος@annnp- τοιοῦτος@rpnnp"
"Aristot. Poet._12.1","μέρος@nnfsp δέ@b τραγῳδία@nafpc ὅς@rpdnp μέν@b ὡς@cs εἶδος@ndnpc δεῖ@vipa3s χράω@vnpe-- πρότερος@b εἶπον@viaa1p κατά@p δέ@b ὁ@dans ποσός@nansc καί@cs εἰς@p ὅς@rpanp διαιρέω@vipe3s χωρίζω@vprennp ὅδε@rpnnp εἰμί@vipa3s πρόλογος@annms- ἐπεισόδιον@nnnsc ἔξοδος1@ngfsc χορικός@annns-"
"Aristot. Poet._12.2","καί@cs οὗτος@rpgms ὁ@dnns μέν@b πάροδος@nnnsc ὁ@dnns δέ@cs στάσιμος@annns- κοινός@annnp- μέν@b ἅπας@angnp- οὗτος@rpnnp"
"Aristot. Poet._12.3","ἴδιος@annnp- δέ@b ὁ@dnnp ἀπό@p ὁ@dgfs σκηνή@ngfsc καί@cs κόμμος@nnmpc"
"Aristot. Poet._12.4","εἰμί@vipa3s δέ@b πρόλογος@annms- μέν@b μέρος@nnnsc ὅλος@annns- τραγῳδία@ngfsc ὁ@dnns πρό@p χορός@ngmsc πάροδος@ngfsc"
"Aristot. Poet._12.5","ἐπεισόδιον@nnnsc δέ@b μέρος@nnnsc ὅλος@annns- τραγῳδία@ngfsc ὁ@dnns μεταξύ@p ὅλος@angnp- χορικός@angnp- μέλος@ngnpc"
"Aristot. Poet._12.6","ἔξοδος1@annfs- δέ@b μέρος@nnnsc ὅλος@annns- τραγῳδία@ngfsc μετά@p ὅς@rpans οὐ@b εἰμί@vipa3s χορός@ngmsc μέλος@nnnsc"
"Aristot. Poet._12.7","χορικός@angns- δέ@b πάροδος@nnfsc μέν@b ὁ@dnfs πρῶτος@annfs- λέξις@nnfsc ὅλος@angms- χορός@ngmsc"
"Aristot. Poet._12.8","στάσιμος@annns- δέ@b μέλος@nnnsc χορός@ngmsc ὁ@dnns ἄνευ@p ἀθάνατος@angns- καί@cs τροχαῖος@angns- κόμμος@nnmsc δέ@cs θρῆνος@ngmsc κοινός@annms- χορός@ngmsc καί@cs ἀπό@p σκηνή@ngfsc"
"Aristot. Poet._12.9","μέρος@nanpp δέ@b τραγῳδία@nafpc ὅς@rpdnp μέν@b δεῖ@viia3s χράω@vnpe-- πρότερος@b λέγω@viaa1p κατά@p δέ@cs ὁ@dans ποσός@anans- καί@cs εἰς@p ὅς@rpanp διαιρέω@vipe3s χωρίζω@vprennp οὗτος@rpnnp εἰμί@vipa3s"
"Aristot. Poet._13.1","ὅς@rpgnp δέ@b δεῖ@vipa3s στοχάζομαι@vnpe-- καί@cs ὅς@rpanp δεῖ@vipa3s εὐλαβέομαι@vnpe-- συνίστημι@vppaamp ὁ@damp μῦθος@nampc καί@cs πόθεν@b εἰμί@vifm3s ὁ@dnns ὁ@dgfs τραγῳδία@ngfsc ἔργον@nnnsc ἐφεξῆς@b ἄν@b εἰμί@vopa3s λεκτέος@annns- ὁ@ddnp νῦν@b ἐρῶ@vprednp"
"Aristot. Poet._13.2","ἐπεί@cs οὖν@b δεῖ@vipa3s ὁ@dafs σύνθεσις@nafsc εἰμί@vnpa-- ὁ@dgfs καλός@angfss τραγῳδία@ngfsc μή@b ἁπλόος@anafs- ἀλλά@cs πλέκω@vpreafs καί@cs οὗτος@rpafs φοβερός@angnp- καί@cs ἐλεεινός@angnp- εἰμί@vnpa-- μιμητικός@anafs- οὗτος@rpnns γάρ@b ἴδιος@annns- ὁ@dgfs τοιοῦτος@rpgfs μίμησις@ngfsc εἰμί@vipa3s πρῶτος@anans- μέν@b δῆλος@annns- ὅτι@cs οὐ@b τε@cs ὁ@damp ἐπιεικής@anamp- ἀνήρ@nampc δεῖ@vipa3s μεταβάλλω@vppaamp φαίνω@vnpe-- ἐκ@p εὐτυχία@ngfsc εἰς@p δυστυχία@nafsc οὐ@b γάρ@b φοβερός@annns- οὐ@b δέ@cs ἐλεεινός@annns- οὗτος@rpnns ἀλλά@cs μιαρός@annns- εἰμί@vipa3s"
"Aristot. Poet._13.3","οὐ@b τε@cs ὁ@damp μοχθηρός@anamp- ἐκ@p ἀτυχία@ngfsc εἰς@p εὐτυχία@nafsc ἀδιήγητος@annnss γάρ@b οὗτος@rpnns εἰμί@vipa3s πᾶς@angnp- οὐδείς@rpans γάρ@b ἔχω@vipa3s ὅς@rpgnp δεῖ@vipa3s οὐ@b τε@cs γάρ@b φιλάνθρωπον@annns- οὐ@b τε@cs ἐλεεινός@annns- οὐ@b τε@cs φοβερός@annns- εἰμί@vipa3s"
"Aristot. Poet._13.4","οὐδέ@cs αὖ@b ὁ@dams σφόδρα@b πονηρός@anams- ἐκ@p εὐτυχία@ngfsc εἰς@p δυστυχία@nafsc μεταπίπτω@vnpa-- ὁ@dans μέν@b γάρ@b φιλάνθρωπον@anans- ἔχω@vopa3s ἄν@b ὁ@dnfs τοιοῦτος@annfs- σύστασις@nnfsc ἀλλά@cs οὐ@b τε@cs ἔλεος@namsc οὐ@b τε@cs φόβος@namsc ὁ@dnms μέν@b γάρ@b περί@p ὁ@dams ἀνάξιος@anams- εἰμί@vipa3s δυστυχέω@vppannp ὁ@dnms δέ@cs περί@p ὁ@dams ὅμοιος@anams- ἔλεος@nnnsc μέν@b περί@p ὁ@dams ἀνάξιος@anams- φόβος@nnmsc δέ@cs περί@p ὁ@dams ὅμοιος@anams- ὥστε@cs οὐ@b τε@b ἐλεεινός@annns- οὐ@b τε@cs φοβερός@annns- εἰμί@vifm3s ὁ@dnns συμβαίνω@vppanns"
"Aristot. Poet._13.5","ὁ@dnms μεταξύ@p ἄρα@x οὗτος@angmp- λοιπός@annms- εἰμί@vipa3s δέ@b τοιοῦτος@rpnms ὁ@dnms μή@b τε@cs ἀρετή@ndfsc διαφέρω@vppanms καί@cs δικαιοσύνη@ndfsc μή@b τε@cs διά@p κακία@nafsc καί@cs μοχθηρία@nafsc μεταβάλλω@vppanms εἰς@p ὁ@dafs δυστυχία@nafsc ἀλλά@cs διά@p ἁμαρτία@nafsc τις@rpacs ὁ@dgmp ἐν@p μέγας@andfs- δόξα@ndfsc εἰμί@vppagmp καί@cs εὐτυχία@ndfsc οἷος@rpans οἰδίπους@nnmsp καί@cs θυέστης@nnmsp καί@cs ὁ@dnmp ἐκ@p ὁ@dgmp τοιοῦτος@rpgmp γένος@ngnpc ἐπιφανής@annmp- ἀνήρ@nnmpc"
"Aristot. Poet._13.6","ἀνάγκη@nnfsp ἄρα@b ὁ@dams καλός@b ἔχω@vppaams μῦθος@namsc ἁπλόος@anams- εἰμί@vnpa-- μᾶλλον@b ἤ1@cs διπλόος@vnpa-- ὥσπερ@cs τις@rpncp φημί@vipa3p καί@cs μεταβάλλω@vnpa-- οὐ@b εἰς@p εὐτυχία@nafsc ἐκ@p δυστυχία@ngfsc ἀλλά@cs ὁ@dans ἐναντίος@b ἐκ@p εὐτυχία@ngfsc εἰς@p δυστυχία@nafsc μή@b διά@p μοχθηρία@nafsc ἀλλά@cs διά@p ἁμαρτία@nafsc μέγας@anafs- ἤ1@cs οἷος@angms- ἐρῶ@vspe3s ἤ1@cs βελτίων@angnsc μᾶλλον@b ἤ1@cs χείρων@angnsc"
"Aristot. Poet._13.7","σημεῖον@annns- δέ@b καί@cs ὁ@dnns γίγνομαι@vppenns πρό@p ὁ@dgns μέν@b γάρ@b ὁ@dnmp ποιητής@nnmpc ὁ@damp τυγχάνω@vpaaamp μῦθος@nampc ἀπαρίθμου@viia3p νῦν@b δέ@cs περί@p ὀλίγος@anafp- οἰκία@nafpc ὁ@dnfp καλός@annfps τραγῳδία@nnfpc συντίθημι@vipe3p οἷος@anans- περί@p ἀλκμαίων@namsp καί@b οἰδίπους@namsp καί@b ὀρέστης@namsp καί@b μελέαγρος@namsp καί@b θυέστης@namsp καί@cs τήλεφος@namsp καί@cs ὅσος@andmp- ἄλλος@rpdmp συμβαίνω@vira3s ἤ1@b πάσχω@vnaa-- δεινός@ananp- ἤ1@cs ποιέω@vnaa--"
"Aristot. Poet._13.8","ὁ@dnfs μέν@b οὖν@b κατά@p ὁ@dafs τέχνη@nafsc καλός@annfs- τραγῳδία@nnfsc ἐκ@p οὗτος@angfs- ὁ@dgfs σύστασις@ngfsc εἰμί@vipa3s"
"Aristot. Poet._13.9","διό@b καί@b ὁ@dnmp εὐριπίδης@ndmsp ἐγκαλέω@vppanmp ὁ@dans αὐτός@rpans ἁμαρτάνω@vipa3p ὅτι@cs οὗτος@rpnns δράω@vipa3s ἐν@p ὁ@ddfp τραγῳδία@ndfpc καί@cs πολύς@annfp- αὐτός@rpgms εἰς@p δυστυχία@nafsc τελευτάω@vipa3p οὗτος@rpnns γάρ@b εἰμί@vipa3s ὥσπερ@cs ἐρῶ@vire3s ὀρθός@annns-"
"Aristot. Poet._13.10","σημεῖον@nnnsp δέ@x μέγας@annnss ἐπί@p γάρ@b ὁ@dgfp σκηνή@ngfpc καί@cs ὁ@dgmp ἀγών@ngmpc τραγικός@annfps ὁ@dnfp τοιοῦτος@rpnfp φαίνω@vipe3p ἄν@cs κατορθόω@vsap3p καί@cs ὁ@dnms εὐριπίδης@nnmsp εἰ@cs καί@b ὁ@danp ἄλλος@rpanp μή@b εὖ@b οἰκονομέω@vipa3s ἀλλά@cs τραγικός@annmss γε@b ὁ@dgmp ποιητής@ngmpc φαίνω@vipe3s"
"Aristot. Poet._13.11","δεύτερος@nnfsp δέ@b ὁ@dnfs πρῶτος@annfs- λέγω3@vppenfs ὑπό@p τις@rpgmp εἰμί@vipa3s σύστασις@nnfsc ὁ@dnfs διπλόος@anafs- τε@b ὁ@dafs σύστασις@nafsc ἔχω@vppanfs καθά@cs ὁ@dnfs ὀδύσσεια@nnfsp καί@cs τελευτάω@vppanfs ἐκ@p ἐναντίος@angfs- ὁ@ddmp ἀγαθός@andmpc καί@cs χείρων@andnpc"
"Aristot. Poet._13.12","δοκέω@vipa3s δέ@b εἰμί@vnpa-- πρῶτος@annfs- διά@p ὁ@dafs ὁ@dgnp θέατρον@ngnpc ἀσθένεια@nafsc ἀκολουθέω@vipa3p γάρ@b ὁ@dnmp ποιητής@nnmpc κατά@p εὐχή@nafsc ποιέω@vppanmp ὁ@ddmp θεατής@ndmpc"
"Aristot. Poet._13.13","εἰμί@vipa3s δέ@b οὐ@b οὗτος@rpnfs ἀπό@p τραγῳδία@ngfsc ἡδονή@nnfsc ἀλλά@cs μᾶλλον@b ὁ@dgfs κωμῳδία@ngfsc οἰκεῖος@annfs- ἐκεῖ@b γάρ@b ἄν@cs ὁ@dnmp ἐχθρός@annmp- εἰμί@vspa3p ἐν@p ὁ@ddms μῦθος@ndmsc οἷος@rpans ὀρέστης@nnmsp καί@cs αἴγισθος@nnmsp φίλος@nnmpc γίγνομαι@vpamnmp ἐπί@p τελευτή@ngfsc ἐξέρχομαι@vipe3p καί@cs ἀποθνήσκω@vipa3s οὐδείς@rpnms ὑπό@p οὐδείς@rpgms"
"Aristot. Poet._14.1","εἰμί@vipa3s μέν@b οὖν@b ὁ@dans φοβερός@anans- καί@cs ἐλεεινός@anans- ἐκ@p ὁ@dgfs ὄψις@ngfsc γίγνομαι@vnpe-- εἰμί@vipa3s δέ@cs καί@b ἐκ@p αὐτός@angfs- ὁ@dgfs σύστασις@ngfsc ὁ@dgnp πρᾶγμα@ngnpc ὅσπερ@rpnns εἰμί@vipa3s πρότερος@anans- καί@b ποιητής@ngmsc ἀμείνων@angmsc"
"Aristot. Poet._14.2","δεῖ@vipa3s γάρ@b καί@b ἄνευ@p ὁ@dgns ὁράω@vnpa-- οὕτως@b συνίστημι@vnra-- ὁ@dams μῦθος@namsc ὥστε@cs ὁ@dams ἀκούω@vppaams ὁ@danp πρᾶγμα@nanpc γίγνομαι@vppeanp καί@cs τρέμω@vnpa-- καί@cs ἐλεέω@vnpa-- ἐκ@p ὁ@dgnp συμβαίνω@vppagnp ὅσπερ@rpanp ἄν@b πάσχω@voaa3s τις@rpnms ἀκούω@vppanms ὁ@dams ὁ@dgms οἰδίπους@ngmsp μῦθος@namsc"
"Aristot. Poet._14.3","ὁ@dnns δέ@b διά@p ὁ@dgfs ὄψις@ngfsc οὗτος@rpans παρασκευάζω@vnpa-- ἄτεχνος@annnsc καί@cs χορηγία@ngfsc δέω2@vppenns εἰμί@vipa3s"
"Aristot. Poet._14.4","ὁ@dnmp δέ@b μή@b ὁ@dans φοβερός@anans- διά@p ὁ@dgfs ὄψις@ngfsc ἀλλά@cs ὁ@dans τερατώδης@anans- μόνος@b παρασκευάζω@vppanmp οὐδείς@rpans τραγῳδία@ndfsc κοινωνέω@vipa3p οὐ@b γάρ@b πᾶς@anafs- δεῖ@vipa3s ζητέω@vnpa-- ἡδονή@nafsc ἀπό@p τραγῳδία@ngfsc ἀλλά@cs ὁ@dafs οἰκεῖος@anafs-"
"Aristot. Poet._14.5","ἐπεί@cs δέ@b ὁ@dafs ἀπό@p ἔλεος@ngmsc καί@cs φόβος@ngmsc διά@p μίμησις@ngfsc δεῖ@vipa3s ἡδονή@nafsc παρασκευάζω@vnpa-- ὁ@dams ποιητής@namsc φανερός@annns- ὡς@cs οὗτος@rpnns ἐν@p ὁ@ddnp πρᾶγμα@ndnpc ἐμποιητέον@annns-"
"Aristot. Poet._14.6","ποῖος@annnp- οὖν@b δεινός@annnp- ἤ1@cs ποῖος@annnp- οἰκτρός@annnp- φαίνω@vipe3s ὁ@dgmp συμπίτνω@vppagmp λαμβάνω@vsaa1p ἀνάγκη@nnfsp δέ@b ἤ1@b φίλος@angmp- εἰμί@vnpa-- πρός@p ἀλλήλων@rpamp ὁ@dafp τοιοῦτος@anafp- πρᾶξις@nafpc ἤ1@b ἐχθρός@ngmpc ἤ1@cs μηδέτερος@angmp-"
"Aristot. Poet._14.7","ἄν@rpgmp μέν@b οὖν@b ἐχθρός@annms- ἐχθρός@anams- ἀποκτείνω@vspa3s οὐδείς@rpans ἐλεεινός@anans- οὐ@b τε@b ποιέω@vppanms οὐ@b τε@cs μέλλω@vppanms δείκνυμι@vipa3s πλήν@cs κατά@p αὐτός@anans- ὁ@dans πάθος@nansc"
"Aristot. Poet._14.8","οὐδέ@b ἄν@b μηδέτερος@b ἔχω@vppanmp"
"Aristot. Poet._14.9","ὅταν@cs δέ@b ἐν@p ὁ@ddfp φιλία@ndfpc ἐγγίγνομαι@vsam3s ὁ@dnnp πάθος@nnnpc οἷος@rpans εἰ@cs ἀδελφός@nnmsc ἀδελφός@namsc ἤ1@cs υἱός@nnmsc πατήρ@namsc ἤ1@cs μήτηρ@nnfsc υἱός@namsc ἤ1@cs υἱός@nnmsc μήτηρ@nafsc ἀποκτείνω@vipa3s ἤ1@b μέλλω@vipa3s ἤ@cs τις@rpans ἄλλος@anans- τοιοῦτος@anans- δράω@vipa3s οὗτος@rpanp ζητητέος@annns-"
"Aristot. Poet._14.10","ὁ@damp μέν@b οὖν@b παραλαμβάνω@vpreamp μῦθος@nampc λύω@vnpa-- οὐ@b εἰμί@vipa3s λέγω3@vipa1s δέ@b οἷος@anans- ὁ@dafs κλυταιμνήστρη@nafsp ἀποθνήσκω@vpaaafs ὑπό@p ὁ@dgms ὀρέστης@ngmsp καί@cs ὁ@dafs ἐριφύλη@nafsp ὑπό@p ὁ@dgms ἀλκμαίων@ngmsp"
"Aristot. Poet._14.11","αὐτός@anams- δέ@ εὑρίσκω@vnpa-- δεῖ@vipa3s καί@cs ὁ@ddnp παραδίδωμι@vprednp χράω@vnpe-- καλός@b ὁ@rpans δέ@b καλός@b τίς@rpans λέγω3@vipa1p εἶπον@vsaa1p σαφής@anansc"
"Aristot. Poet._14.12","εἰμί@vipa3s μέν@b γάρ@b οὕτως@b γίγνομαι@vnpe-- ὁ@dafs πρᾶξις@nafsc ὥσπερ@cs ὁ@dnmp παλαιός@annmp- ποιέω@viia3p οἶδα@vpraamp καί@cs γιγνώσκω@vppaamp καθά@cs καί@b εὐριπίδης@nnmsp ποιέω@viaa3s ἀποκτείνω@vppaafs ὁ@damp παῖς@nampc ὁ@dafs μήδεια@nafsp"
"Aristot. Poet._14.13","εἰμί@vipa3s δέ@b πράσσω@vnaa-- μέν@b ἀγνοέω@vppaamp δέ@b πράσσω@vnaa-- ὁ@dans δεινός@anans- εἶτα@b ὕστερος@anans- ἀναγνωρίζω@vnaa-- ὁ@dafs φιλία@nafsc ὥσπερ@cs ὁ@dnms σοφοκλῆς@ngmsp οἰδίπους@nnmsp οὗτος@rpans μέν@b οὖν@b ἔξω@p ὁ@dgns δρᾶμα@ngnsc ἐν@p δέ@cs αὐτός@andfs- ὁ@ddfs τραγῳδία@ndfsc οἷος@rpnms ὁ@dnms ἀλκμαίων@nnmsp ὁ@dnms ἀστυδάμας@ngmsp ἤ1@cs ὁ@dnms τηλέγονος@nnmsp ὁ@dnms ἐν@p ὁ@ddms τραυματίας@ndmsc ὀδυσσεύς@ndmsp"
"Aristot. Poet._14.14","ἔτι@cs δέ@b τρίτος@anans- παρά@p οὗτος@rpanp ὁ@dams μέλλω@vppaams ποιέω@vnpa-- τις@rpans ὁ@dgnp ἀνήκεστος@angnp- διά@p ἄγνοια@nafsc ἀναγνωρίζω@vnaa-- πρίν@cs ποιέω@vnaa--"
"Aristot. Poet._14.15","καί@cs παρά@p οὗτος@rpanp οὐ@b εἰμί@vipa3s ἄλλως@b ἤ1@cs γάρ@b πράσσω@vnaa-- ἀνάγκη@nnfsc ἤ1@cs μή@b καί@b οἶδα@vpraamp ἤ1@cs μή@b οἶδα@vpraamp"
"Aristot. Poet._14.16","οὗτος@rpgnp δέ@b ὁ@dnns μέν@b γιγνώσκω@vppaams μέλλω@vnaa-- καί@cs μή@b πράσσω@vnaa-- χείρων@annnss ὁ@dans τε@b γάρ@b μιαρός@anans- ἔχω@vipa3s καί@cs οὐ@b τραγικός@anans- ἀπαθής@annns- γάρ@b διόπερ@b οὐδείς@rpnms ποιέω@vipa3s ὅμοιος@b εἰ@cs μή@b ὀλιγάκις@b οἷος@annms- ἐν@p ἀντιγόνη@ndfsp ὁ@dams κρέων@namsp ὁ@dnms αἵμων@nnmsp"
"Aristot. Poet._14.17","ὁ@dnns δέ@b πράσσω@vnaa-- δεύτερος@anans-"
"Aristot. Poet._14.18","βελτίων@annns- δέ@b ὁ@dnns ἀγνοέω@vppaams μέν@b πράσσω@vnaa-- πράσσω@vpaaams δέ@b ἀναγνωρίζω@vnaa-- ὁ@dnns τε@b γάρ@b μιαρός@annns- οὐ@b πρόσειμι@vipa3s καί@cs ὁ@dnfs ἀναγνώρισις@nnfsc ἐκπληκτικός@annns-"
"Aristot. Poet._14.19","κράτιστος@nnnsp δέ@b ὁ@dans τελευταῖος@anans- λέγω3@vipa1s δέ@b οἷος@anans- ἐν@p ὁ@ddms κρεσφόντης@ndmsp ὁ@dnfs μερόπη@nnfsp μέλλω@vipa3s ὁ@dams υἱός@namsc ἀποκτείνω@vnpa-- ἀποκτείνω@vipa3s δέ@b οὐ@rpnmp ἀλλά@cs ἀναγνωρίζω@viaa3s καί@b ἐν@p ὁ@ddfs ἰφιγένεια@ndfsp ὁ@dnfs ἀδελφή@nnfsc ὁ@dams ἀδελφός@namsc καί@cs ἐν@p ὁ@ddfs ἕλκω@ndfsp ὁ@dnms υἱός@nnmsc ὁ@dafs μήτηρ@nafsc ἐκδίδωμι@vnpa-- μέλλω@vppanms ἀναγνωρίζω@viaa3s"
"Aristot. Poet._14.20","διά@p γάρ@b οὗτος@rpans ὅσπερ@rpnns πάλαι@b ἐρῶ@vire3s οὐ@b περί@p πολύς@ananp- γένος@nanpc ὁ@dnfp τραγῳδία@nnfpc εἰμί@vipa3p ζητέω@vppanmp γάρ@b οὐ@b ἀπό@p τέχνη@ngfsc ἀλλά@cs ἀπό@p τύχη@ngfsc εὑρίσκω@viaa3p ὁ@dans τοιοῦτος@rpans παρασκευάζω@vnpa-- ἐν@p ὁ@ddmp μῦθος@ndmpc ἀναγκάζω@vipe3p οὖν@b ἐπί@p οὗτος@anafp- ὁ@dafp οἰκία@nafpc ἀπαντάω@vnpa-- ὅσος@rpdfp ὁ@dnnp τοιοῦτος@annnp- συμβαίνω@vira3s πάθος@nnnpc"
"Aristot. Poet._14.21","περί@p μέν@b οὖν@b ὁ@dgfs ὁ@dgnp πρᾶγμα@ngnpc σύστασις@ngfsc καί@cs ποῖος@anamp- τις@anamp- εἰμί@vnpa-- δεῖ@vipa3s ὁ@damp μῦθος@nampc ἐρῶ@vire3s ἱκανός@b"
"Aristot. Poet._15.1","περί@p δέ@b ὁ@dnnp ἦθος@nnnpc τέσσαρες@annnp- εἰμί@vipa3s ὅς@rpgnp δεῖ@vipa3s στοχάζομαι@vnpe-- εἷς@anans- μέν@b καί@b πρῶτος@anans- ὅπως@cs χρηστός@annnp- εἰμί@vspa3s"
"Aristot. Poet._15.2","ἔχω@vifa3s δέ@b ἦθος@nansc μέν@b ἐάν@cs ὥσπερ@cs λέγω3@viap3s ποιέω@vspa3s φανερός@anafs- ὁ@dnms λόγος@nnmsc ἤ1@cs ὁ@dnfs πρᾶξις@nnfsc προαίρεσις@nafsc τις@rpacs φαῦλος@anams- μέν@b ἐάν@cs φαῦλος@anafs- χρηστός@anams- δέ@cs ἐάν@cs χρηστός@anams-"
"Aristot. Poet._15.3","εἰμί@vipa3s δέ@b ἐν@p ἕκαστος@andns- γένος@ndnsc καί@cs γάρ@b γυνή@nnfsc εἰμί@vipa3s χρηστός@annfs- καί@cs δοῦλος@annfs- καίτοι@b γε@b ἴσως@b οὗτος@rpgnp ὁ@dnns μέν@b χείρων@annnsc ὁ@dnns δέ@b ὅλος@b φαῦλος@annns- εἰμί@vipa3s"
"Aristot. Poet._15.4","δεύτερος@annns- δέ@b ὁ@dnnp ἁρμόζω@vppannp εἰμί@vipa3s γάρ@b ἀνδρεῖος@annns- μέν@b ὁ@dnns ἦθος@nnnsc ἀλλά@cs οὐ@b ἁρμόζω@annnss γυνή@ndfsc ὁ@dans ἀνδρεία@nafsc ἤ1@cs δεινός@anafs- εἰμί@vnpa--"
"Aristot. Poet._15.5","τρίτος@namsp δέ@b ὁ@dans ὅμοιος@anans- οὗτος@rpnns γάρ@b ἕτερος@annns- ὁ@dgns χρηστός@anans- ὁ@dans ἦθος@nansc καί@cs ἁρμόζω@anans- ποιέω@vnaa-- ὥσπερ@cs ἐρῶ@vire3s"
"Aristot. Poet._15.6","τέταρτος@annns- δέ@b ὁ@dnns ὁμαλός@annns- καί@b ἄν@cs γάρ@b ἀνώμαλος@annms- τις@rpnms εἰμί@vspa3s ὁ@dnms ὁ@dafs μίμησις@nafsc παραχώννυμι@vppanms καί@cs τοιοῦτος@anans- ἦθος@nansc ὑποτίθημι@vppanms ὅμως@b ὁμαλής@b ἀνώμαλος@anans- δεῖ@vipa3s εἰμί@vnpa--"
"Aristot. Poet._15.7","εἰμί@vipa3s δέ@b παράδειγμα@nnnsc πονηρία@ngfsc μέν@b ἦθος@ngnsc μή@b ἀναγκαῖος@annns- οἷος@annns- ὁ@dnms μενέλαος@nnmsp ὁ@dnms ἐν@p ὁ@ddms ὀρέστης@ndmsp"
"Aristot. Poet._15.8","ὁ@dgms δέ@cs ἀπρεπής@angms- καί@cs μή@b ἁρμόζω@vppagms ὅς@dnms τε@b θρῆνος@nnmsc ὀδυσσεύς@ngmsp ἐν@p ὁ@ddfs σκύλλα@ndfsp καί@cs ὁ@dnfs ὁ@dgfs μελανίππη@ngfsp ῥῆσις@nnfsc"
"Aristot. Poet._15.9","ὁ@dgms δέ@cs ἀνώμαλος@angms- ὁ@dnfs ἐν@p αὐλίς@ndfsp ἰφιγένεια@nnfsp οὐδείς@rpans γάρ@b ἔοικα@vira3s ὁ@dnfs ἱκετεύω@vppanfs ὁ@ddfs ὕστερος@andfs-"
"Aristot. Poet._15.10","χρή@nnfsp δέ@b καί@b ἐν@p ὁ@ddnp ἦθος@ndnpc ὥσπερ@cs καί@b ἐν@p ὁ@ddfs ὁ@dgnp πρᾶγμα@ngnpc σύστασις@ndfsc ἀεί@b ζητέω@vnpa-- ἤ1@cs ὁ@dans ἀναγκαῖος@anans- ἤ1@cs ὁ@dans εἰκός@vpraans ὥστε@cs ὁ@dams τοιοῦτος@rpams ὁ@danp τοιοῦτος@rpanp λέγω3@vnpa-- ἤ1@cs πράσσω@vnpa-- ἤ1@cs ἀναγκαῖος@anans- ἤ1@cs εἰκός@vpranns καί@cs οὗτος@rpans μετά@p οὗτος@rpans γίγνομαι@vnpe-- ἤ1@cs ἀναγκαῖος@anans- ἤ1@cs εἰκός@vpranns φανερός@annns- οὖν@b ὅτι@cs καί@b ὁ@dafp λύω@nafpc ὁ@dgmp μῦθος@ngmpc ἐκ@p αὐτός@rpgms δεῖ@vipa3s ὁ@dgms μῦθος@ngmsc συμβαίνω@vnpa-- καί@cs μή@b ὥσπερ@cs ἐν@p ὁ@ddfs μήδεια@ndfsp ἀπό@p μηχανή@ngfsc καί@cs ἐν@p ὁ@ddfs ἰλιάς@ndfsp ὁ@danp περί@p ὁ@dams ἀπόπλοος@namsc ἀλλά@cs μηχανή@ndfsc χρηστέον@annns- ἐπί@p ὁ@danp ἔξω@p ὁ@dgns δρᾶμα@ngnsc ἤ1@cs ὅσος@rpnnp πρό@p ὁ@dgns γίγνομαι@vira3s ὅς@rpanp οὐ@b οἷος@annns- τε@b ἄνθρωπος@namsc οἶδα@vnra-- ἤ1@cs ὅσος@rpnnp ὕστερος@anans- ὅς@rpnnp δέω@vipe3s προαγόρευσις@ngfsc καί@cs ἀγγελία@ngfsc ἅπας@ananp- γάρ@x ἀποδίδωμι@vipa1p ὁ@ddmp θεός@ndmpc ὁράω@vnpa-- ἄλογος@nansp δέ@b μηδείς@rpans εἰμί@vnpa-- ἐν@p ὁ@ddnp πρᾶγμα@ndnpc εἰ@cs δέ@cs μή@b ἔξω@p ὁ@dgfs τραγῳδία@ngfsc οἷος@anans- ὁ@dnnp ἐν@p ὁ@ddms οἰδίπους@ndmsp ὁ@ddms σοφοκλῆς@ngmsp"
"Aristot. Poet._15.11","ἐπεί@cs δέ@b μίμησις@nnfsc εἰμί@vipa3s ὁ@dnfs τραγῳδία@nnfsc βελτίων@angmpc ἐγώ@rpamp δεῖ@vipa3s μιμέομαι@vnpe-- ὁ@damp ἀγαθός@anamp- εἰκονογράφος@anamp- καί@b γάρ@b ἐκεῖνος@rpnmp ἀποδίδωμι@vppanmp ὁ@dafs ἴδιος@anafs- μορφή@nafsc ὅμοιος@anafp- ποιέω@vppanmp καλός@annmpc γράφω@vipa3p οὕτως@b καί@b ὁ@dams ποιητής@namsc μιμέομαι@vppeams καί@b ὀργίλος@anamp- καί@b ῥᾴθυμος@anamp- καί@cs ὁ@dans ἄλλος@rpanp ὁ@danp τοιοῦτος@rpanp ἔχω@vppaamp ἐπί@p ὁ@dgnp ἦθος@ngnpc ἐπιείκεια@ngfsc ποιέω@vnpa-- παράδειγμα@nansc ἤ1@cs σκληρότης@ngfsc δεῖ@vipa3s οἷος@rpans ὁ@dams ἀχιλλεύς@namsp ἀγάθων@nnmsp καί@cs ὅμηρος@nnmsp"
"Aristot. Poet._15.12","οὗτος@rpanp δή@b δεῖ@vipa3s διατηρέω@vnpa-- καί@cs πρός@p οὗτος@rpdnp ὁ@danp παρά@p ὁ@dafp ἐκ@p ἀνάγκη@ngfsc ἀκολουθέω@vppaafp αἴσθησις@nafpc ὁ@ddfs ποιητικός@andfs- καί@cs γάρ@b κατά@p αὐτός@rpafp εἰμί@vipa3s ἁμαρτάνω@vnpa-- πολλάκις@b ἐρῶ@vire3s δέ@b περί@p αὐτός@rpgnp ἐν@p ὁ@ddmp ἐκδίδωμι@vpredmp λόγος@ndmpc ἱκανός@b"
"Aristot. Poet._16.1","ἀναγνώρισις@nnfsp δέ@b τίς@rpnns μέν@b εἰμί@vipa3s ἐρῶ@vire3s πρότερος@anans- εἶδος@nnnpc δέ@b ἀναγνώρισις@ngfsc πρῶτος@annfs- μέν@b ὁ@dnfs ἄτεχνος@annfss καί@cs ὅς@rpdfs πολύς@annmps χράω@vipe3p διά@p ἀπορία@nafsc ὁ@dnfs διά@p ὁ@dgnp σημεῖον@ngnpc"
"Aristot. Poet._16.2","οὗτος@rpgnp δέ@b ὁ@dnnp μέν@b σύμφυτος@ananp- οἷος@rpans λόγχη@nafsc ὅς@rpgnp φορέω@vipa3p γηγενής@nnmpp"
"Aristot. Poet._16.3","ἤ1@cs ἀστήρ@nnmsc οἷος@rpamp ἐν@p ὁ@ddms θυέστης@ndmsp καρκίνος@nnmsp ὁ@dnnp δέ@b ἐπίκτητος@ananp- καί@cs οὗτος@rpgnp ὁ@dnnp μέν@b ἐν@p ὁ@ddns σῶμα@ndnsc οἷος@rpans οὐλή@nnfpc ὁ@dnnp δέ@b ἐκτός@b ὁ@dnnp περιδέραιος@annnp- καί@cs οἷος@rpans ἐν@p ὁ@ddfs τυρώ@ndfsp διά@p ὁ@dgfs σκάφη@ngfsc"
"Aristot. Poet._16.4","εἰμί@vipa3s δέ@b καί@b οὗτος@rpdnp χράω@vnpe-- ἤ1@cs βελτίων@annnsc ἤ1@cs χείρων@anansc οἷος@rpans ὀδυσσεύς@nnmsp διά@p ὁ@dgfs οὐλή@ngfsc ἄλλως@b ἀναγνωρίζω@viap3s ὑπό@p ὁ@dgfs τροφός@ngfsc καί@cs ἄλλως@b ὑπό@p ὁ@dgmp συβοτέω@ngmpc"
"Aristot. Poet._16.5","εἰμί@vipa3p γάρ@b ὁ@dnfp μέν@b πίστις@ngfsc ἕνεκα@p ἀτεχνῶς@annfpc καί@cs ὁ@dnfp τοιοῦτος@rpnfp πᾶς@annfp- ὁ@dnfp δέ@cs ἐκ@p περιπέτεια@ngfsc ὥσπερ@cs ὁ@dnfs ἐν@p ὁ@ddmp μύρον@ndmpp βελτίων@annfpc"
"Aristot. Poet._16.6","δεύτερος@annfp- δέ@b ὁ@dnfp ποιέω@vprenfp ὑπό@p ὁ@dgms ποιητής@ngmsc διό@b ἄτεχνος@annfp- οἷος@rpans ὀρέστης@nnmsp ἐν@p ὁ@ddfs ἰφιγένεια@ndfsp ἀναγράφω@viaa3s ὁ@dafs ἀδελφή@nafsc ἀναγνωρίζω@vpapnms ὑπό@p ἐκεῖνος@rpgfs ἐκεῖνος@rpnfs μέν@b γάρ@b διά@p ὁ@dgfs ἐπιστολή@ngfsc ἐκεῖνος@rpnms δέ@cs διά@p σημεῖον@ngnpc"
"Aristot. Poet._16.7","οὗτος@rpanp οὖν@b αὐτός@annms- λέγω3@vipa3s ὅς@rpanp βούλομαι@vipe3s ὁ@dnms ποιητής@nnmsc ἀλλά@cs οὐ@b ὁ@dnms μῦθος@nnmsc διό@b ἐγγύς@b ὁ@dgfs ἐρῶ@vpregfs ἁμαρτία@ngfsc εἰμί@vipa3s ἔξεστι@viia3s γάρ@b ἄν@b ἔνιοι@ananp- καί@b φέρω@vnaa-- καί@b ἐν@p ὁ@ddms σοφοκλῆς@ngmsp τηρέω@ndmsp ὁ@dnfs ὁ@dgfs κερκίς@ngfsc φωνή@nnfsc"
"Aristot. Poet._16.8","τρίτος@nnfsp δέ@b ὁ@dnfs διά@p μνήμη@ngfsc ὁ@ddns αἰσθάνομαι@vnam-- τις@rpans εἶδον@vpaaams ὥσπερ@cs ὁ@dnfs ἐν@p κύπριος@ndnpp ὁ@ddnp δικαιογένης@ngmsp εἶδον@vpaanms γάρ@b ὁ@dafs γραφή@nafsc κλαίω@viaa3s καί@cs ὁ@dnfs ἐν@p ἀλκίνους@ngmsp ἀπόλογος@ndmsc ἀκούω@vppanms γάρ@b ὁ@dgms κιθαριστής@ngmsc καί@cs μιμνήσκω@vpapnms δακρύω@viaa3s ὅθεν@b ἀναγνωρίζω@viap3p"
"Aristot. Poet._16.9","τέταρτος@b δέ@b ὁ@dnfs ἐκ@p συλλογισμός@ngmsc οἷος@rpans ἐν@p χοηφόρος@andmp- ὅτι@cs ὅμοιος@annms- τις@rpncs ἔρχομαι@vira3s ὅμοιος@annms- δέ@b οὐδείς@rpnms ἀλλά@cs ἤ1@cs ὀρέστης@nnmsp οὗτος@rpnms ἄρα@b ἔρχομαι@vira3s καί@cs ὁ@dnfs πολυείδης@ngmsp ὁ@dgms σοφιστής@ngmsc περί@p ὁ@dgfs ἰφιγενεία@ngfsp ἔοικα@vpranns γάρ@b ὁ@dams ὀρέστης@namsp συλλογίζομαι@vnam-- ὅτι@cs ὅς@dnfs τε@dnfs ἀδελφή@nnfsc τεύχω@viap3s καί@cs αὐτός@rpdms συμβαίνω@vipe2s θύω1@vnpe-- καί@cs ὁ@dnfs ἐν@p ὁ@ddms ὁ@dgms θεόδεκτος@ngmsc τυδεύς@ndmsp ὅτι@cs ἔρχομαι@vpaanms ὡς@b εὑρίσκω@vpfanms υἱός@namsc αὐτός@rpnms ἀπόλλυμι@vipe3s καί@cs ὁ@dnfs ἐν@p ὁ@ddmp φινείδης@ndmpp εἶδον@vpaanfp γάρ@b ὁ@dams τόπος@namsc συλλογίζομαι@viam3p ὁ@dafs μείρομαι@vpreafs ὅτι@cs ἐν@p οὗτος@rpdns μείρομαι@vile3s ἀποθνήσκω@vnaa-- αὐτός@rpdfp καί@b γάρ@b ἐκτίθημι@viap3p ἐνταῦθα@b"
"Aristot. Poet._16.10","εἰμί@vipa3s δέ@b τις@rpncs καί@b συνθετός@nnfsc ἐκ@p παραλογισμός@ngmsc ὁ@dgns θέατρον@ngnsc οἷος@anans- ἐν@p ὁ@ddms ὀδυσσεύς@ndmsp ὁ@ddms ψευδάγγελος@ndmsc ὁ@dans μέν@b γάρ@b τόξον@nansc φημί@viia3s γιγνώσκω@vnfm-- ὅς@rpans οὐ@b ὁράω@vila3s ὁ@dnms δέ@cs ὡς@b διά@p ἐκεῖνος@rpgms ἀναγνωριόω@vppagms διά@p οὗτος@rpgns ποιέω@viaa3s παραλογισμός@namsc"
"Aristot. Poet._16.11","πᾶς@ngmpp δέ@b βέλτιστος@annfss ἀναγνώρισις@nnfsc ὁ@dnfs ἐκ@p αὐτός@angnp- ὁ@dgnp πρᾶγμα@ngnpc ὁ@dgfs ἔκπληξις@ngfsc γίγνομαι@vppegfs διά@p ἔοικα@vpragnp οἷος@anans- ὁ@dnfs ἐν@p ὁ@ddms σοφοκλῆς@ngmsp οἰδίπους@ndmsp καί@cs ὁ@ddfs ἰφιγένεια@ndfsp ἔοικα@vpranns γάρ@b βούλομαι@vnpe-- ἐπιτίθημι@vnaa-- γράμμα@nanpc ὁ@dnfp γάρ@b τοιοῦτος@rpnfp μόνος@annfp- ἄνευ@p ὁ@dgnp ποιέω@vpregnp σημεῖον@ngnpc καί@cs περιδέραιος@angnp-"
"Aristot. Poet._16.12","δεύτερος@annfp- δέ@b ὁ@dnfp ἐκ@p συλλογισμός@ngmsc"
"Aristot. Poet._17.1","δεῖ@viia3s δέ@b ὁ@damp μῦθος@nampc συνίστημι@vnpa-- καί@cs ὁ@ddfs λέξις@ndfsc συναπεργάζομαι@vnpe-- ὅτι@cs μάλιστα@b πρό@p ὄμμα@ngnpc τίθημι@vppeams οὕτως@b γάρ@b ἄν@b ἐναργής@ananps ὁράω@vppanms ὥσπερ@b παρά@p αὐτός@rpdnp γίγνομαι@vppenms ὁ@ddnp πράσσω@vppednp εὑρίσκω@vipe2s ὁ@dans πρέπω@vppaans καί@cs ἥκιστος@ananp- ἄν@b λανθάνω@vope3s ὁ@danp ὑπεναντίος@ananp-"
"Aristot. Poet._17.2","σημεῖον@nnnsp δέ@b οὗτος@rpgns ὅς@rpnns ἐπιτιμάω@viie3s καρκίνος@ndmsp ὁ@dnms γάρ@b ἀμφιάραος@nnmsp ἐκ@p ἱερόν@ngnsc ἄνειμι@viia3s ὅς@rpans μή@b ὁράω@vppaams ὁ@dams θεατής@namsc λανθάνω@viia3s ἐπί@p δέ@cs ὁ@dgfs σκηνή@ngfsc ἐκπίτνω@viaa3s δυσχεραίνω@vpaagmp οὗτος@rpans ὁ@dgmp θεατής@ngmpc"
"Aristot. Poet._17.3","ὅσος@rpnnp δέ@b δυνατός@annns- καί@b ὁ@ddnp σχῆμα@ndnpc συναπεργάζομαι@vppeams πιθανός@annmps γάρ@b ἀπό@p ὁ@dgfs αὐτός@rpgfs φύσις@ngfsc ὁ@dnmp ἐν@p ὁ@ddnp πάθος@ndnpc εἰμί@vipa3p καί@cs χειμαίνω@vipa3s ὁ@dnms χειμάζω@vppenms καί@cs χαλεπαίνω@vipa3s ὁ@dnms ὀργίζω@vppenms ἀληθινός@ananps"
"Aristot. Poet._17.4","διό@b εὐφυής@angms- ὁ@dnfs ποιητικός@annfs- εἰμί@vipa3s ἤ1@cs μανικός@angms- οὗτος@rpgmp γάρ@b ὁ@dnmp μέν@b εὔπλαστος@annmp- ὁ@dnmp δέ@cs ἐξεταστικός@annmp- εἰμί@vipa3p"
"Aristot. Poet._17.5","ὁ@damp τε@b λόγος@nampc ὁ@damp ποιέω@vpreamp δεῖ@vipa3s καί@b αὐτός@rpams ποιέω@vppaams ἐκτίθημι@vnpe-- καθόλου@b εἶτα@b οὕτως@b ἐπεισοδιόω@vnpa-- καί@cs παρατείνω@vnpa--"
"Aristot. Poet._17.6","λέγω3@vspa1s δέ@b οὕτως@b ἄν@b θεωρέω@vnpe-- ὁ@dans καθόλου@b οἷος@rpans ὁ@dgfs ἰφιγενεία@ngfsp θύω@vpapgfs τις@angfs- κόρη@ngfsc καί@cs ἀφανίζω@vpapgfs ἄδηλος@b ὁ@ddmp θύω1@vpaadmp ἱδρύω@vpapgfs δέ@cs εἰς@p ἄλλος@anafs- χώρα@nafsc ἐν@p ὅς@rpdfs νόμος@nnmsc εἰμί@viia3s ὁ@damp ξένος1@nampc θύω@vnpa-- ὁ@ddfs θεός@ndfsc οὗτος@anafs- ἔχω@viaa3s ὁ@dafs ἱερωσύνη@nafsc χρόνος@ndmsp δέ@b ὕστερος@anans- ὁ@ddms ἀδελφός@ndmsc συμβαίνω@viaa3s ἔρχομαι@vnaa-- ὁ@dgfs ἱερεία@ngfsc ὁ@dnns δέ@b ὅτι@cs ἀναιρέω@viaa3s ὁ@dnms θεός@nnmsc διά@p τις@rpafs αἰτία@nafsc ἔξω@p ὁ@dgns καθόλου@b ἔρχομαι@vnaa-- ἐκεῖ@b καί@cs ἐπί@p ὅς@rpans τις@rpans δέ@b ἔξω@b ὁ@dgms μῦθος@ngmsc ἔρχομαι@vpaanms δέ@b καί@cs λαμβάνω@vpapnms θύω1@vnpe-- μέλλω@vppanms ἀναγνωρίζω@viaa3s εἴθε@cs ὡς@cs εὐριπίδης@nnmsp εἴθε@b ὡς@cs πολύειδος@nnmsp ποιέω@viaa3s κατά@p ὁ@dans ἔοικα@vpraans εἶπον@vpaanms ὅτι@cs οὐ@b ἄρα@b μόνος@anans- ὁ@dafs ἀδελφή@nafsc ἀλλά@cs καί@b αὐτός@rpams δεῖ@viia3s θύω@vnap-- καί@b ἐντεῦθεν@b ὁ@dnfs σωτηρία@nnfsc"
"Aristot. Poet._17.7","μετά@p οὗτος@rpanp δέ@b ἤδη@b ὑποτίθημι@vpaaams ὁ@danp ὄνομα@nanpc ἐπεισοδιόω@vnpa--"
"Aristot. Poet._17.8","ὅπως@cs δέ@b εἰμί@vifm3s οἰκεῖος@annnp- ὁ@danp ἐπεισόδιον@nnnpc σκοπέω@vnpa-- οἷος@rpnns ἐν@p ὁ@ddms ὀρέστης@ndmsp ὁ@dnfs μανία@nnfsc διά@p ὅς@rpgfs λαμβάνω@viap3s καί@cs ὁ@dnfs σωτηρία@nnfsc διά@p ὁ@dgfs κάθαρσις@ngfsc"
"Aristot. Poet._17.9","ἐν@p μέν@b οὖν@b ὁ@ddnp δρᾶμα@ndnpc ὁ@dnnp ἐπεισόδιον@nnnpc σύντομος@annnp- ὁ@dnfs δέ@cs ἐποποιία@nnfsc οὗτος@rpdnp μηκύνω@vipe3s"
"Aristot. Poet._17.10","ὁ@dgfs γάρ@b ὀδύσσεια@ngfsp μακρός@annms- ὁ@dnms λόγος@nnmsc εἰμί@vipa3s ἀποδημέω@vppagms τις@rpgms ἔτος@nanpc πολύς@ananp- καί@cs παραφυλάσσω@vppegms ὑπό@p ὁ@dgms ποσειδῶν@ngmsp καί@cs μόνος@angms- εἰμί@vppagms ἔτι@b δέ@cs ὁ@dgmp οἴκοι@b οὕτως@b ἔχω@vppagmp ὥστε@cs ὁ@danp χρῆμα@nanpc ὑπό@p μνηστήρ@ngmpc ἀναλίσκω@vnpe-- καί@cs ὁ@dams υἱός@namsc ἐπιβουλεύω@vnpe-- αὐτός@rpnms δέ@b ἀφικνέομαι@vipe3s χειμάζω@vpapnms καί@cs ἀναγνωρίζω@vpaanms τις@rpamp αὐτός@rpdmp ἐπιτίθημι@vpamnms αὐτός@rpnms μέν@b σώζω@viap3s ὁ@damp δέ@cs ἐχθρός@anamp- διαφθείρω@viaa3s"
"Aristot. Poet._17.11","ὁ@dnns μέν@b οὖν@b ἴδιος@annns- οὗτος@rpnns ὁ@dnnp δέ@b ἄλλος@annnp- ἐπεισόδιον@nnnpc"
"Aristot. Poet._18.1","εἰμί@vipa3s δέ@b πᾶς@angfs- τραγῳδία@ngfsc ὁ@dnns μέν@b δέσις@nnfsc ὁ@dnns δέ@b λύσις@nnfsc ὁ@dnnp μέν@b ἔξωθεν@b καί@cs ἔνιοι@annnp- ὁ@dgmp ἔσωθεν@b πολλάκις@b ὁ@dnfs δέσις@nnfsc ὁ@dans δέ@b λοιπός@annns- ὁ@dnfs λύσις@nnfsc"
"Aristot. Poet._18.2","λέγω3@vipa1s δέ@b δέσις@nafsc μέν@b εἰμί@vnpa-- ὁ@dafs ἀπό@p ἀρχή@ngfsc μέχρι@p οὗτος@angns- ὁ@dgns μέρος@ngnsc ὅς@rpnns ἔσχατος@annns- εἰμί@vipa3s ἐκ@p ὅς@rpgns μεταβαίνω@vipa3s εἰς@p εὐτυχία@nafsc λύσις@nafsc δέ@cs ὁ@dafs ἀπό@p ὁ@dgfs ἀρχή@ngfsc ὁ@dgfs μετάβασις@ngfsc μέχρι@p τέλος@ngnsc"
"Aristot. Poet._18.3","ὥσπερ@cs ἐν@p ὁ@ddms λυγκεύς@ndmsp ὁ@ddms θεόδεκτος@ngmsp δέσις@nnfsc μέν@b ὁ@dnnp τε@b πιπράσκω@vprennp καί@cs ὁ@dnfs ὁ@dgns παιδίον@ngnsc λῆψις@nnfsc λύσις@nnfsc δέ@cs ὁ@dnfs ἀπό@p ὁ@dgfs αἰτία@ngfsc ὁ@dgms θάνατος@ngmsc μέχρι@p ὁ@dgns τέλος@ngnsc"
"Aristot. Poet._18.4","τραγῳδία@ngfsp δέ@b εἶδος@nnnpc εἰμί@vipa3p τέσσαρες@ τοσοῦτος@annnp- γάρ@b καί@b ὁ@dnnp μέρος@nnnpc λέγω3@viap3s"
"Aristot. Poet._18.5","ὁ@rpnfs μέν@x πλέκω@vprenfs ὅς@rpgfs ὁ@dnns ὅλος@annns- εἰμί@vipa3s περιπέτεια@nnnpc καί@cs ἀναγνώρισις@nnfsc"
"Aristot. Poet._18.6","ὁ@dnfs δέ@b παθητικός@annfs- οἷος@rpnns ὅς@dnmp τε@b αἴας@nnmpp καί@cs ὁ@dnmp ἰξίων@nnmpp"
"Aristot. Poet._18.7","ὁ@dnfs δέ@b ἠθικός@annfs- οἷος@anans- ὁ@dnfp φθιῶτις@nnfpp καί@cs ὁ@dnms πηλεύς@nnmsp"
"Aristot. Poet._18.8","ὁ@dans δέ@b τέταρτος@annns- οἷος@rpans ὅς@dnfp τε@b φορκίδες@nnfpp καί@cs προμηθεύς@nnmsp καί@cs ὅσος@rpnnp ἐν@p ᾅδης@viie2s"
"Aristot. Poet._18.9","μάλιστα@b μέν@b οὖν@b ἅπας@ananp- δεῖ@vipa3s πειράω@vnpe-- ἔχω@vnpa-- εἰ@cs δέ@cs μή@b ὁ@danp μέγας@ananps καί@cs πλεῖστος@ananps ἄλλως@b τε@b καί@cs ὡς@cs νῦν@b συκοφαντέω@vipa3p ὁ@damp ποιητής@nampc γίγνομαι@vpragnp γάρ@b κατά@p ἕκαστος@anans- μέρος@nansc ἀγαθός@angmp- ποιητής@ngmpc ἕκαστος@anans- ὁ@dgns ἴδιος@angns- ἀγαθός@angns- ἀξιόω@vipa3p ὁ@dams εἷς@anams- ὑπερβάλλω@vnpa--"
"Aristot. Poet._18.10","δίκαιος@annns- δέ@b καί@cs τραγῳδία@nafsc ἄλλος@rpafs καί@cs ὁ@dafs αὐτός@rpafs λέγω3@vnpa-- οὐδείς@rpans ἴσως@b ὁ@ddms μῦθος@ndmsc οὗτος@rpnns δέ@b ὅς@rpgnp ὁ@dnfs αὐτός@rpnfs πλοκή@nnfsc καί@cs λύσις@nnfsc"
"Aristot. Poet._18.11","πολύς@annmp- δέ@x πλέκω@vpaanmp εὖ@b λύω@vipa3p κακός@b"
"Aristot. Poet._18.12","δεῖ@vipa3s δέ@x ἄμφω@annmd- ἀεί@b κροτέω@vnpe--"
"Aristot. Poet._18.13","χρή@nnfsp δέ@b ὅσπερ@rpnns ἐρῶ@vire3s πολλάκις@b μιμνήσκω@vnre-- καί@cs μή@b ποιέω@vnpa-- ἐποποιικός@anans- σύστημα@nansc τραγῳδία@nafsc ἐποποιικός@anans- δέ@b λέγω3@vipa1s ὁ@dans πολύμυθος@nansc οἷος@rpans εἰ@cs τις@rpnms ὁ@dams ὁ@dgfs ἰλιάς@ngfsp ὅλος@anams- ποιέω@vipa3s μῦθος@namsc"
"Aristot. Poet._18.14","ἐκεῖ@b μέν@b γάρ@b διά@p ὁ@dans μῆκος@nansc λαμβάνω@vipa3s ὁ@danp μέρος@nanpc ὁ@dans πρέπω@vppaans μέγεθος@nansc ἐν@p δέ@cs ὁ@ddnp δρᾶμα@ndnpc πολύς@anans- παρά@p ὁ@dafs ὑπόληψις@nafsc ἀποβαίνω@vipa3s"
"Aristot. Poet._18.15","σημεῖον@nnnsp δέ@b ὅσος@annmp- πέρδιξ@ndmpc ἴλιον@ngnsp ὅλος@nafsc ποιέω@viaa3p καί@cs μή@b κατά@p μέρος@nansc ὥσπερ@cs εὐριπίδης@nnmsp νιόβη@nafsp καί@cs μή@b ὥσπερ@cs αἰσχύλος@nnmsp ἤ1@b ἐκπίπτω@vipa3p ἤ1@cs κακός@b ἀγωνίζομαι@vipe3p ἐπεί@cs καί@b ἀγάθων@nnmsp ἐκπίτνω@viaa3s ἐν@p οὗτος@rpdns μόνος@andns-"
"Aristot. Poet._18.16","ἐν@p δέ@b ὁ@ddfp περιπέτεια@ndfpc καί@cs ἐν@p ὁ@ddnp ἁπλόος@andnp- πρᾶγμα@ndnpc στοχάζομαι@vipe3p ὅς@rpgnp βούλομαι@vipe3p θαυμαστός@b τραγικός@annns- γάρ@b οὗτος@rpnns καί@cs φιλάνθρωπον@annns-"
"Aristot. Poet._18.17","εἰμί@vipa3s δέ@b οὗτος@rpnns ὅταν@cs ὁ@dnms σοφός@annms- μέν@b μετά@p πονηρία@ngfsc δέ@b ἐξαπατάω@vsap3s ὥσπερ@cs σίσυφος@nnmsp καί@cs ὁ@dnms ἀνδρεῖος@annms- μέν@b ἄδικος@annms- δέ@b ἡσσάομαι@vsap3s"
"Aristot. Poet._18.18","εἰμί@vipa3s δέ@b οὗτος@rpnns εἰκός@vpranns ὥσπερ@cs ἀγάθων@nnmsp λέγω3@vipa3s ἔοικα@vpranns γάρ@b γίγνομαι@vnpe-- πολύς@ananp- καί@b παρά@p ὁ@dans εἰκός@vpraans"
"Aristot. Poet._18.19","καί@cs ὁ@dams χορός@namsc δέ@b εἷς@ δεῖ@vipa3s ὑπολαμβάνω@vnaa-- ὁ@dgmp ὑποκριτής@ngmpc καί@b μόριον@nansc εἰμί@vnpa-- ὁ@dgns ὅλος@angns- καί@cs συναγωνίζομαι@vnpe-- μή@b ὥσπερ@cs παρά@p εὐριπίδης@ndmsp ἀλλά@cs ὥσπερ@cs παρά@p σοφοκλῆς@ndmsp"
"Aristot. Poet._18.20","ὁ@ddmp δέ@b λοιπός@andnp- ὁ@dnnp δίδωμι@vppennp μᾶλλον@b ὁ@dgms μῦθος@ngmsc ἤ1@cs ἄλλος@rpgfs τραγῳδία@ngfsc εἰμί@vipa3s διό@b ἐμβόλιμος@ananp- ἀείδω@vipa3p πρῶτος@angms- ἄρχω@vpaagms ἀγάθων@ngmsp ὁ@dgms τοιοῦτος@angns- καίτοι@cs τίς@rpans διαφέρω@vipa3s ἤ1@cs ἐμβόλιμος@nanpc ἀείδω@vnpa-- ἤ1@cs ῥῆσις@nafsc ἐκ@p ἄλλος@rpgns εἰς@p ἄλλος@rpans ἁρμόζω@vnpa-- ἤ1@cs ἐπεισόδιον@nansc ὅλος@anans-"
"Aristot. Poet._19.1","περί@p μέν@b οὖν@b ὁ@dgnp ἄλλος@rpgnp ἤδη@b ἐρῶ@vire3s λοιπός@annns- δέ@b περί@p λέξις@ngfsc ἤ1@cs διάνοια@ngfsc εἶπον@vnaa--"
"Aristot. Poet._19.2","ὁ@dnnp μέν@b οὖν@b περί@p ὁ@dafs διάνοια@nafsc ἐν@p ὁ@ddnp περί@p ῥητορικός@angfs- κεῖμαι@vmpe3s οὗτος@rpnns γάρ@b ἴδιος@annns- μᾶλλον@b ἐκεῖνος@angfs- ὁ@dgfs μέθοδος@ngfsc"
"Aristot. Poet._19.3","εἰμί@vipa3s δέ@b κατά@p ὁ@dafs διάνοια@nafsc οὗτος@rpnnp ὅσος@rpnnp ὑπό@p ὁ@dgms λόγος@ngmsc δεῖ@vipa3s παρασκευάζω@vnap--"
"Aristot. Poet._19.4","μέρος@nnfsp δέ@b οὗτος@rpgnp ὁ@dans τε@cs ἀποδείκνυμι@vnpa-- καί@cs ὁ@dans λύω@vnpa-- καί@cs ὁ@dans πάθος@nanpc παρασκευάζω@vnpa-- οἷος@rpans ἔλεος@namsc ἤ1@cs φόβος@namsc ἤ1@cs ὀργή@nafsc καί@cs ὅσος@rpnnp τοιοῦτος@rpanp καί@cs ἔτι@b μέγεθος@nansc καί@cs μικρότης@nafsc"
"Aristot. Poet._19.5","δῆλος@annns- δέ@b ὅτι@cs καί@b ἐν@p ὁ@ddnp πρᾶγμα@ndnpc ἀπό@p ὁ@dgnp αὐτός@rpgnp ἰδέα@ngnpc δεῖ@vipa3s χράω@vnpe-- ὅταν@cs ἤ1@cs ἐλεεινός@ananp- ἤ1@cs δεινός@ananp- ἤ1@cs μέγαλος@ananp- ἤ1@cs ἔοικα@ananp- δέω@vspa3s παρασκευάζω@vnpa--"
"Aristot. Poet._19.6","πλήν@nafsp τοσοῦτος@rpans διαφέρω@vipa3s ὅτι@cs ὁ@danp μέν@b δεῖ@vipa3s φαίνω@vnpe-- ἄνευ@p διδασκαλία@ngfsc ὁ@danp δέ@b ἐν@p ὁ@ddms λόγος@ndmsc ὑπό@p ὁ@dgms λέγω3@vppagms παρασκευάζω@vnpe-- καί@cs παρά@p ὁ@dams λόγος@namsc γίγνομαι@vnpe-- τίς@rpnnp γάρ@b ἄν@b εἰμί@vopa3s ὁ@dgms λέγω3@vppagms ἔργον@nnnsc εἰ@cs φαίνω@vope3s ἡδύς@annnp- καί@cs μή@b διά@p ὁ@dams λόγος@namsc"
"Aristot. Poet._19.7","ὁ@dgnp δέ@b περί@p ὁ@dafs λέξις@nafsc εἷς@annns- μέν@b εἰμί@vipa3s εἶδος@nnnsc θεωρία@ngfsc ὁ@dnnp σχῆμα@nnnpc ὁ@dgfs λέξις@ngfsc ὅς@rpanp εἰμί@vipa3s οἶδα@vnra-- ὁ@dgfs ὑποκριτικός@angfs- καί@cs ὁ@dgns ὁ@dafs τοιοῦτος@anafs- ἔχω@vppagms ἀρχιτεκτονικός@nafsc οἷος@rpnns τίς@rpnns ἐντολή@nnfsc καί@cs τίς@rpnns εὐχή@nnfsc καί@b διήγησις@nnfsc καί@b ἀπειλή@nnfsc καί@b ἐρώτησις@nnfsc καί@cs ἀπόκρισις@nnfsc καί@cs εἰ@cs τις@rpnns ἄλλος@annns- τοιοῦτος@rpnns"
"Aristot. Poet._19.8","παρά@p γάρ@b ὁ@dafs οὗτος@rpgnp γνῶσις@nafsc ἤ1@cs ἄγνοια@nafsc οὐδείς@rpnns εἰς@p ὁ@dafs ποιητικός@anafs- ἐπιτίμημα@nansc φέρω@vipe3s ὅς@rpnns τις@rpnns καί@b ἄξιος@annns- σπουδή@ngfsc τίς@rpans γάρ@b ἄν@b τις@rpnms ὑπολαμβάνω@voaa3s ἁμαρτάνω@vnre-- ὅς@rpanp πρωταγόρας@nnmsp ἐπιτιμάω@vipa3s ὅτι@cs εὔχομαι@vnpe-- οἴομαι@vppenms ἐπιτάσσω@vipa3s εἶπον@vpaanms μῆνις@namsp ἀείδω@vmpa2s θεά@nnfsc ὁ@dnns γάρ@b κελεύω@vnaa-- φημί@vipa3s ποιέω@vnpa-- τις@rpans ἤ1@cs μή@b ἐπίταξις@nnfsc εἰμί@vipa3s"
"Aristot. Poet._19.9","διό@b παρίημι@vmre3s ὡς@b ἄλλος@rpgfs καί@cs οὐ@b ὁ@dgfs ποιητικός@angfs- εἰμί@vppaans θεώρημα@nnnsc"
"Aristot. Poet._20.1","ὁ@dgfs δέ@b λέξις@ngfsc ἅπας@angfs- ὅδε@rpnnp εἰμί@vipa3s ὁ@dnnp μέρος@nnnpc στοιχεῖον@nnnsc συλλαβή@nnfsc σύνδεσμος@nnmsc ὄνομα@nnnsc ῥῆμα@nnnsc ἄρθρον@nnnsc πτῶσις@nnfsc λόγος@nnmsc"
"Aristot. Poet._20.2","στοιχεῖον@nnnsp μέν@b οὖν@b εἰμί@vipa3s φωνή@nnfsc ἀδιαίρετος@annfs- οὐ@b πᾶς@annfs- δέ@b ἀλλά@cs ἐκ@p ὅς@rpgfs φύω@vira3s συνετός@annfs- γίγνομαι@vnpe-- φωνή@nnfsc καί@b γάρ@b ὁ@dgnp θηρίον@ngnpc εἰμί@vipa3p ἀδιαίρετος@annfp- φωνή@nnfpc οὖν@rpgfp οὐδείς@rpafs λέγω3@vipa1s στοιχεῖον@nansc"
"Aristot. Poet._20.3","οὗτος@rpgfs δέ@b μέρος@nnnpc ὁ@dnns τε@cs φωνήεις@annns- καί@cs ὁ@rpnns ἡμίφωνος@annns- καί@cs ἄφωνος@annns- εἰμί@vipa3s δέ@b φωνήεις@nnfsc μέν@b ἄνευ@p προσβολή@ngfsc ἔχω@vppanns φωνή@nafsc ἀκουστής@anafs- οἷος@rpans ὁ@dnns α@n---p καί@cs ὁ@dnns ω@n---p ἡμίφωνος@annns- δέ@b ὁ@dnns μετά@p προσβολή@ngfsc ἔχω@vppanns φωνή@nafsc ἀκουστής@anafs- οἷος@rpans ὁ@dnns ς@n---p καί@cs ὁ@dnns ρ@n---p ἄφωνος@annns- δέ@b ὁ@dnns μετά@p προσβολή@ngfsc κατά@p ἑαυτοῦ@rpnns μέν@b οὐδείς@rpafs ἔχω@vppanns φωνή@nafsc μετά@p δέ@b ὁ@dgmp ἔχω@vppagmp τις@rpacs φωνή@nafsc γίγνομαι@vppenns ἀκουστός@anams- οἷος@rpans ὁ@dnns γ@n---p καί@cs ὁ@dnns δ.@n---p"
"Aristot. Poet._20.4","οὗτος@rpanp δέ@b διαφέρω@vipa3s σχῆμα@ndnpc τε@cs ὁ@dgns στόμα@ngnsc καί@cs τόπος@ndmpc καί@cs δασύτης@ndfsc καί@cs ψιλότης@ndfsc καί@cs μῆκος@ndnsc καί@cs βραχύτης@ndfsc ἔτι@b δέ@cs ὀξύτης@ndfsc καί@cs βαρύτης@ndfsc καί@cs ὁ@ddns μέσος@andns- περί@p οὖν@rpgnp κατά@p ἕκαστος@anans- ἐν@p ὁ@ddnp μετρικός@andnp- προσήκω@vipa3s θεωρέω@vnpa--"
"Aristot. Poet._20.5","συλλαβή@nnfsp δέ@b εἰμί@vipa3s φωνή@nnfsc ἄσημος@annfs- συνθετός@nnfsc ἐκ@p ἄφωνος@angms- καί@cs φωνή@nafsc ἔχω@vppagms καί@cs γάρ@b ὁ@dnns γρ@n---p ἄνευ@p ὁ@dgms α@n---p συλλαβή@nnfsc καί@cs μετά@p ὁ@dgns α@ngmsp οἷος@rpans ὁ@dnns γρα@n---p ἀλλά@cs καί@cs οὗτος@rpgnp θεωρέω@vnaa-- ὁ@dafp διαφορά@nafpc ὁ@dgfs μετρικός@angfs- εἰμί@vipa3s"
"Aristot. Poet._20.6","σύνδεσμος@nnmsp δέ@b εἰμί@vipa3s φωνή@nnfsc ἄσημος@annfs- ὅς@rpnfs οὐ@b τε@b κωλύω@vipa3s οὐ@b τε@cs ποιέω@vipa3s φωνή@nafsc εἷς@anafs- σημαντικός@anafs- ἐκ@p πλείων@angfp- φωνή@ngfpc φύω@vpraafs συντίθημι@vnpe-- καί@b ἐπί@p ὁ@dgnp ἄκρον@ngnpc καί@cs ἐπί@p ὁ@dgns μέσος@angns- ἐάν@cs μή@b ἁρμόζω@vspa3s ἐν@p ἀρχή@ndfsc λόγος@ngmsc τίθημι@vnpa-- κατά@p ἑαυτοῦ@rpams οἷος@rpans μέν@b ἤτοι@b δή@b ἤ1@i φωνή@nvfsc ἄσημος@annfs- ἐκ@p πλείων@angfp- μέν@b φωνή@ngfpc εἷς@ σημαντικός@angfp- δέ@x ποιέω@vnpa-- φύω@vpranfs εἷς@ σημαντικός@anafs- φωνή@nafsc"
"Aristot. Poet._20.7","ἄρθρον@nnnsp δέ@b εἰμί@vipa3s φωνή@nnfsc ἄσημος@annfs- ὅς@rpnfs λόγος@ngmsc ἀρχή@nafsc ἤ1@b τέλος@nansc ἤ1@cs διορισμός@namsc δηλόω@vipa3s οἷος@rpans ὁ@dnns φημί@vipa1s καί@cs ὁ@dans περί@b καί@cs ὁ@danp ἄλλος@rpanp ἤ1@i φωνή@nvfsc ἄσημος@annfs- ὅς@rpnfs οὐ@b τε@cs κωλύω@vipa3s οὐ@b τε@cs ποιέω@vipa3s φωνή@nafsc εἷς@anafs- σημαντικός@anafs- ἐκ@p πλείων@angfp- φωνή@ngfpc φύω@vpranfs τίθημι@vnpe-- καί@b ἐπί@p ὁ@dgnp ἄκρον@ngnpc καί@cs ἐπί@p ὁ@dgns μέσος@angns-"
"Aristot. Poet._20.8","ὄνομα@nnnsp δέ@b εἰμί@vipa3s φωνή@nnfsc συνθετός@annfs- σημαντικός@annfs- ἄνευ@p χρόνος@ngmsc ὅς@rpgms μέρος@nnnsc οὐδείς@rpnns εἰμί@vipa3s κατά@p ἑαυτοῦ@rpans σημαντικός@annns- ἐν@p γάρ@b ὁ@ddnp διπλόος@andnp- οὐ@b χράομαι@vipe1p ὡς@b καί@b αὐτός@rpans κατά@p ἑαυτοῦ@rpans σημαίνω@vppaans οἷος@anans- ἐν@p ὁ@ddms θεόδωρος@ndmsp ὁ@dnns δῶρον@nnnsc οὐ@b σημαίνω@vipa3s"
"Aristot. Poet._20.9","ῥῆμα@nnnsp δέ@b φωνή@nnfsc συνθετός@annfs- σημαντικός@annfs- μετά@p χρόνος@ngmsc ὅς@rpgns οὐδείς@rpnns μέρος@nnnsc σημαίνω@vipa3s κατά@p ἑαυτοῦ@rpans ὥσπερ@cs καί@b ἐπί@p ὁ@dgnp ὄνομα@ngnpc ὁ@dnns μέν@b γάρ@b ἄνθρωπος@nnfsc ἤ1@cs λευκός@annns- οὐ@b σημαίνω@vipa3s ὁ@dans ποτέ@b ὁ@dnns δέ@b βαδίζω@vipa3s ἤ1@cs βαίνω@vira3s προσημαίνω@vipa3s ὁ@dans μέν@b ὁ@dams πάρειμι1@vppaams χρόνος@namsc ὁ@dans δέ@b ὁ@dams παρέρχομαι@vpraams"
"Aristot. Poet._20.10","πτῶσις@nnfsp δέ@b εἰμί@vipa3s ὄνομα@ngnsc ἤ1@cs ῥῆμα@ngnsc ὁ@dnfs μέν@b ὁ@dnns κατά@p οὗτος@rpgns ἤ1@cs οὗτος@rpdns σημαίνω@vppanfs καί@cs ὅσος@annnp- τοιοῦτος@rpnnp ὁ@dnfs δέ@b ὁ@dnns κατά@p ὁ@dans εἷς@anans- ἤ1@cs πολύς@andnp- οἷος@rpans ἄνθρωπος@nnmpc ἤ1@cs ἄνθρωπος@nnmsc ὁ@dnfs δέ@b κατά@p ὁ@danp ὑποκριτικός@ananp- οἷος@rpans κατά@p ἐρώτησις@nafsc ἤ1@cs ἐπίταξις@nafsc ὁ@rpans γάρ@b βαδίζω@viaa3s ἤ1@cs βαδίζω@viia3s πτῶσις@nnfsc ῥῆμα@ngnsc κατά@p οὗτος@ananp- ὁ@danp εἶδος@nanpc εἰμί@vipa3s"
"Aristot. Poet._20.11","λόγος@nnmsp δέ@b φωνή@nnfsc συνθετός@nnfsc σημαντικός@annfs- ὅς@rpgfs ἔνιοι@annnp- μέρος@nnnpc κατά@p ἑαυτοῦ@rpanp σημαίνω@vipa3s τις@rpans"
"Aristot. Poet._20.12","οὐ@b γάρ@b ἅπας@annms- λόγος@nnmsc ἐκ@p ῥῆμα@ngnpc καί@cs ὄνομα@ngnpc σύγκειμαι@vipe3s οἷος@rpans ὁ@dnms ὁ@dgms ἄνθρωπος@ngmsc ὁρισμός@nnmsc ἀλλά@cs ἐνδέχομαι@vipe3s ἄνευ@p ῥῆμα@ngnpc εἰμί@vnpa-- λόγος@namsc μέρος@nnmsp μέντοι@b ἀεί@b τις@rpans σημαίνω@nafsc ἔχω@vifa3s οἷος@anans- ἐν@p ὁ@ddns βαδίζω@andns- κλέων@nnmsp ὁ@dnms κλέων@nnmsp"
"Aristot. Poet._20.13","εἷς@annms- δέ@x εἰμί@vipa3s λόγος@nnmsc διχῶς@b ἤ1@cs γάρ@b ὁ@dnms εἷς@ σημαίνω@vppanms ἤ1@cs ὁ@dnms ἐκ@p πλείων@angnpc σύνδεσμος@ngmpc οἷος@rpans ὁ@dnfs ἰλιάς@nnfsp μέν@b σύνδεσμος@ndfsc εἷς@ ὁ@dnms δέ@b ὁ@dgms ἄνθρωπος@ngmsc ὁ@ddns εἷς@ σημαίνω@vnpa--"
"Aristot. Poet._21.1","ὄνομα@ngnsp δέ@b εἶδος@b ὁ@dnns μέν@b ἁπλόος@anans- ἁπλόος@anans- δέ@b λέγω3@vipa1s ὅς@rpans μή@b ἐκ@vppagnp σημαίνω@vpfagmp σύγκειμαι@vipe3s οἷος@rpans γῆ@nnfsc ὁ@dans δέ@b διπλόος@annns-"
"Aristot. Poet._21.2","οὗτος@rpgns δέ@b ὁ@dans μέν@b ἐκ@vppagms σημαίνω@vppagms καί@cs ἄσημος@angms- ὁ@dans δέ@b ἐκ@vppagmp σημαίνω@vppagmp σύγκειμαι@vipe3s"
"Aristot. Poet._21.3","εἰμί@vopa3s δέ@b ἄν@b καί@b τριπλόος@anans- καί@b τετραπλόος@anans- καί@cs πολλαπλοῦς@anans- ὄνομα@nansc οἷος@anans- ὁ@danp πολύς@ananp- ὁ@dgmp μεγαλιώτης@ngmpp ἑρμοκαΐανθος@nnmsp"
"Aristot. Poet._21.4","ἅπας@annns- δέ@b ὄνομα@nnnsc εἰμί@vipa3s ἤ1@b κύριος@nnnsc ἤ1@b γλῶσσα@nnfsc ἤ1@b μεταφορά@nnfsc ἤ1@b κόσμος@nnmsc ἤ1@b ποιέω@vprenns ἤ1@b ἐκτείνω@vprenns ἤ1@b ὑφαιρέω@vprenns ἤ1@cs ἐξαλλάσσω@vprenns"
"Aristot. Poet._21.5","λέγω3@vipa1s δέ@b κύριος@namsc μέν@b ὅς@rpdms χράω@vipe3p ἕκαστος@annmp-"
"Aristot. Poet._21.6","γλῶσσα@nafsc δέ@cs ὅς@rpdfs ἕτερος@annmp- ὥστε@cs φανερός@annns- ὅτι@cs καί@b γλῶσσα@nafsc καί@cs κύριος@anans- εἰμί@vnpa-- δυνατός@annns- ὁ@dans αὐτός@rpnns μή@b ὁ@ddmp αὐτός@rpdmp δέ@cs ὁ@dnns γάρ@b σίγυννος@nnnsc κύπριος@ndmpp μέν@b κύριος@annns- ἐγώ@rpdmp δέ@cs γλῶσσα@nnfsc"
"Aristot. Poet._21.7","μεταφορά@nnfsp δέ@b εἰμί@vipa3s ὄνομα@ngnsc ἀλλότριος@angns- ἐπιφορά@nnfsc ἤ1@cs ἀπό@p ὁ@dgns γένος@ngnsc ἐπί@p εἶδος@nansc ἤ1@cs ἀπό@p ὁ@dgns εἶδος@ngnsc ἐπί@p γένος@nansc ἤ1@cs ἀπό@p ὁ@dgns εἶδος@ngnsc ἐπί@p εἶδος@nansc ἤ1@cs κατά@p ὁ@dans ἀνάλογος@anans-"
"Aristot. Poet._21.8","λέγω3@vipa1s δέ@x ἀπό@p γένος@ngnsc μέν@x ἐπί@p εἶδος@nansc οἷος@anans- ναῦς@nnfsp δέ@x ἐγώ@rpdms ὅδε@rpnfs ἵστημι@vira3s"
"Aristot. Poet._21.9","ὁ@dnns γάρ@x ὁρμέω@vnpa-- εἰμί@vipa3s ἵστημι@vnra-- τις@rpnns ἀπό@p εἶδος@ngnsc δέ@x ἐπί@p γένος@nansc ἦ@rpdms δή@x μυρίος@annms- ὀδυσσεύς@nnmsp ἐσθλός@ananp- ἔργω@viia3s ὁ@dnns γάρ@x μυρίος@nnnsc πολύς@annns- εἰμί@vipa3s ὅς@rpdns νῦν@b ἀντί@p ὁ@dgns πολύς@angns- χράω2@vire3s"
"Aristot. Poet._21.10","ἀπό@p εἶδος@ngnsc δέ@x ἐπί@p εἶδος@nansc οἷος@anans- χαλκός@ndmsc ἀπό@p ψυχή@nafsc ἀρύω@vpaanms καί@cs τέμνω@vpaanms ἀτειρής@and-s- χαλκός@ndmsc ἐνταῦθα@b γάρ@b ὁ@dans μέν@b ἀρύω@vnaa-- τέμνω@vnaa-- ὁ@dans δέ@b τέμνω@vnaa-- ἀρύω@vnaa-- ἐρῶ@vira3s ἄμφω@annmd- γάρ@x ἀφαιρέω@vnaa-- τις@rpnns εἰμί@vipa3s"
"Aristot. Poet._21.11","ὁ@dans δέ@b ἀνάλογος@anans- λέγω3@vipa1s ὅταν@cs ὅμοιος@b ἔχω@vspa3s ὁ@dnns δεύτερος@anans- πρός@p ὁ@dans πρῶτος@anans- καί@cs ὁ@dans τέταρτος@anans- πρός@p ὁ@dans τρίτος@anans- ἐρῶ@vifa3s γάρ@b ἀντί@p ὁ@dgns δεύτερος@angns- ὁ@dnns τέταρτος@annns- ἤ1@cs ἀντί@p ὁ@dgns τέταρτος@angns- ὁ@dnns δεύτερος@annns-"
"Aristot. Poet._21.12","καί@cs ἐνίοτε@b προστίθημι@vipa3p ἀντί@p ὅς@rpgns λέγω3@vipa3s πρός@p ὅς@rpans εἰμί@vipa3s λέγω3@vipa1s δέ@x οἷος@anans- ὅμοιος@b ἔχω@vipa3s φιάλη@nnfsc πρός@p διόνυσος@namsp καί@cs ἀσπίς@nnfsc πρός@p ἄρης@namsp ἐρῶ@vifa3s τοίνυν@b ὁ@dafs φιάλη@nafsc ἀσπίς@nafsc διόνυσος@ngmsp καί@cs ὁ@dafs ἀσπίς@nafsc φιάλη@nafsc ἄρης@ngmsp"
"Aristot. Poet._21.13","ἤ1@i ὅς@rpnns γῆρας@nnnsc πρός@p βίος@namsc καί@cs ἑσπέρα@nnfsc πρός@p ἡμέρα@nafsc ἐρῶ@vifa3s τοίνυν@b ὁ@dafs ἑσπέρα@nafsc γῆρας@nnnsc ἡμέρα@ngfsc καί@cs ὁ@dnns γῆρας@nnnsc ἑσπέρα@nafsc βίος@ngmsc ἤ1@cs ὥσπερ@cs ἐμπεδοκλῆς@nnmsp δυσμή@nafpc βίος@ngmsc"
"Aristot. Poet._21.14","ἔνιοι@ndmpp δέ@b οὐ@b εἰμί@vipa3s ὄνομα@nnnsc κεῖμαι@vprenns ὁ@dnns ἀνάλογος@annns- ἀλλά@cs οὐδείς@rpans ἥσσων@anansc ὅμοιος@b λέγω3@vifp3s οἷος@rpnns ὁ@dnns ὁ@dams καρπός@namsc μέν@b ἀφίημι@vnpa-- σπείρω@vnpa-- ὁ@dans δέ@b ὁ@dafs φλόξ@nafsc ἀπό@p ὁ@dgms ἥλιος@ngmsc ἀνώνυμος@annns- ἀλλά@cs ὅμοιος@b ἔχω@vipa3s οὗτος@rpans πρός@p ὁ@dams ἥλιος@namsc καί@cs ὁ@dans σπείρω@vnpa-- πρός@p ὁ@dams καρπός@namsc διό@b ἐρῶ@vire3s σπείρω@vppanms θεοκτίστης@anafs- φλόξ@nafsc"
"Aristot. Poet._21.15","εἰμί@vipa3s δέ@b ὁ@ddms τρόπος@ndmsc οὗτος@rpdms ὁ@dgfs μεταφορά@ngfsc χράω@vnpe-- καί@cs ἄλλως@b προσαγορεύω@vpaaams ὁ@dans ἀλλότριος@anans- ἀπόφημι@vnaa-- ὁ@dgnp οἰκεῖος@angnp- τις@rpans"
"Aristot. Poet._21.16","οἷος@rpans εἰ@cs ὁ@dafs ἀσπίς@nafsc εἶπον@voaa3s φιάλη@nafsc μή@b ἄρης@ngmsp ἀλλά@cs οἶνος@ngmsc"
"Aristot. Poet._21.17","ποιέω@vprenns δέ@b εἰμί@vipa3s ὅς@rpans ὅλος@b μή@b καλέω@vpfmans ὑπό@p τις@rpgmp αὐτός@annms- τίθημι@vipe3s ὁ@dnms ποιητής@nnmsc δοκέω@vipa3s γάρ@b ἔνιοι@annnp- εἰμί@vnpa-- τοιοῦτος@rpnnp οἷος@anans- ὁ@dnnp κέρας@nanpc ἔρνυς@nafpc καί@cs ὁ@dams ἱερεύς@anams- ἀρητήρ@namsc"
"Aristot. Poet._21.18","ἐκτείνω@vprenns δέ@b εἰμί@vipa3s ἤ1@cs ἀφαιρέω@vprenns ὁ@dnns μέν@b ἐάν@cs φωνήεις@ndmsc μακρός@andmsc χράω@vprenns εἰμί@vspa3s ὁ@dgns οἰκεῖος@angns- ἤ1@cs συλλαβή@ndfsc ἐμβάλλω@vpredfs ὁ@dnns δέ@cs ἐάν@cs ἀφαιρέω@vprenns τις@rpnns εἰμί@vspa3s αὐτός@rpgns"
"Aristot. Poet._21.19","ἐκτείνω@vprenns μέν@b οἷος@rpans ὁ@dnns πόλις@ngfsc πόλις@ngfsc καί@cs ὁ@dnns πηλεύς@ngmsp πηληιάδης@ngmsp ἀφαιρέω@vprenns δέ@b οἷος@rpnns ὁ@dnns κρῖ@nnnsc καί@cs ὁ@dnns δῶμα@nnnsc καί@cs εἷς@annfs- γίγνομαι@vipe3s ἀμφότερος@angmp- ὄψ@nnfsc"
"Aristot. Poet._21.20","ἐξαλλάσσω@vprenns δέ@b εἰμί@vipa3s ὅταν@cs ὁ@dgns ὀνομάζω@vppegns ὁ@dans μέν@b καταλιμπάνω@vspa3s ὁ@dans δέ@b ποιέω@vspa3s οἷος@rpans ὁ@dnns δεξιτερός@annns- κατά@p μαστός@namsc ἀντί@p ὁ@dgns δεξιός@annns-"
"Aristot. Poet._21.21","αὐτός@rpgnp δέ@b ὁ@dgnp ὄνομα@ngnpc ὁ@dnnp μέν@b ἄρσην@ananp- ὁ@dnnp δέ@b θῆλυς@ananp- ὁ@danp δέ@b μεταξύ@b"
"Aristot. Poet._21.22","ἄρσην@ananp- μέν@b ὅσος@rpnnp τελευτάω@vipa3s εἰς@p ὁ@dans ἄν@n---p καί@cs ρ@n---p καί@cs ὅσος@annnp- ἐκ@p οὗτος@rpgms οὗτος@rpnnp δέ@b εἰμί@vipa3s δύο@ ψ@n---p καί@cs ξ@n---p θῆλυς@annnp- δέ@b ὅσος@rpnnp ἐκ@p ὁ@dgmp φωνήεις@vpapgnp εἰς@p τε@cs ὁ@danp ἀεί@b μακρός@ananp-"
"Aristot. Poet._21.23","οἷος@rpnns εἰς@p η@n---p καί@cs ω@n---p καί@cs ὁ@dgnp ἐπεκτείνω@vppegnp εἰς@p α@n---p"
"Aristot. Poet._21.24","ὥστε@b ἴσος@annnp- συμβαίνω@vipa3s πλῆθος@ndnsc εἰς@p ὅσος@ananp- ὁ@danp ἄρσην@ananp- καί@cs ὁ@danp θῆλυς@ananp- ὁ@dnns γάρ@b ψ@n---p καί@cs ὁ@dnns ξ@n---p ὁ@dnnp αὐτός@rpnnp εἰμί@vipa3s"
"Aristot. Poet._21.25","εἰς@p δέ@x ἄφωνος@anans- οὐδείς@anans- ὄνομα@nansc τελευτάω@vipa3s οὐ@b δέ@cs εἰς@p φωνήεις@anans- βραχύς@anans-"
"Aristot. Poet._21.26","εἰς@p δέ@b ὁ@dans ι@n---p τρεῖς@ μόνος@annnp- μέλι@nnnsc κόμμι@ndfsc πέπερι@b εἰς@p δέ@b ὁ@dans υ@n---p πέντε@ ὁ@dans πῶυ@nansc ὁ@dans νᾶπυ@nansc ὁ@dans γόνυ@nansc ὁ@dans δόρυ@nnnsc ὁ@dnns ἄστυ@nnnsc ὁ@danp δέ@b μεταξύ@b εἰς@p οὗτος@rpanp καί@cs ἄν@n---p καί@cs σ.@"
"Aristot. Poet._22.1","λέξις@ngfsp δέ@b ἀρετή@nnfsc σαφής@anafs- καί@cs μή@b ταπεινός@anafs- εἰμί@vnpa--"
"Aristot. Poet._22.2","σαφής@annfs- μέν@b οὖν@b εἰμί@vipa3s ὁ@dnfs ἐκ@p ὁ@dgnp κύριος@angnp- ὄνομα@ngnpc ἀλλά@cs ταπεινός@annfs- παράδειγμα@nnnsc δέ@b ὁ@dnfs κλεοφῶν@ngmsp ποίησις@nnfsc καί@cs ὁ@dnfs σθένελος@ngmsp"
"Aristot. Poet._22.3","σεμνός@nnfsp δέ@b καί@b ἐξαλλάσσω@vppanfs ὁ@dans ἰδιωτικός@anans- ὁ@dnfs ὁ@ddmp ξενικός@andnp- χράω2@vprenfs ξενικός@anams- δέ@b λέγω3@vipa1s γλῶσσα@nafsc καί@b μεταφορά@nafsc καί@cs ἐπέκτασις@nafsc καί@cs πᾶς@anans- ὁ@dans παρά@p ὁ@dans κύριος@anans-"
"Aristot. Poet._22.4","ἀλλά@cs ἄν@cs τις@rpnms ἅπας@ananp- τοιοῦτος@rpanp ποιέω@vsaa3s ἤ1@cs αἴνιγμα@nnnsc εἰμί@vifm3s ἤ1@cs βαρβαρισμός@nnmsc ἄν@vppanns μέν@b οὖν@b ἐκ@p μεταφορά@ngfpc αἴνιγμα@nnnsc ἐάν@cs δέ@b ἐκ@p γλῶσσα@ngfpc βαρβαρισμός@nnmsc"
"Aristot. Poet._22.5","αἴνιγμα@ngnsp γάρ@b ἰδέα@nnfsc οὗτος@rpnfs εἰμί@vipa3s ὁ@dans λέγω3@vppaams ὑπάρχω@vppaanp ἀδύνατος@annnp- συνάπτω@vnaa-- κατά@p μέν@b οὖν@b ὁ@dafs ὁ@dgnp ὄνομα@ngnpc σύνθεσις@nafsc οὐ@b οἷος@annns- τε@b οὗτος@rpans ποιέω@vnaa-- κατά@p δέ@cs ὁ@dafs μεταφορά@nafsc ἐνδέχομαι@vipe3s οἷος@rpans ἀνήρ@namsp εἶδον@viaa3p πῦρ@ndnsc χαλκός@namsc ἐπί@p ἀνήρ@ndmsc κολλάω@vpaaams καί@cs ὁ@danp τοιοῦτος@rpanp"
"Aristot. Poet._22.6","ἐκ@p δέ@b ὁ@dgfp γλῶσσα@ngfpc ὁ@dnms βαρβαρισμός@nnmsc"
"Aristot. Poet._22.7","δεῖ@viia3s ἄρα@x κραίνω@vnpe-- πως@x οὗτος@andnp- ὁ@dans μέν@b γάρ@b μή@b ἰδιωτικός@anans- ποιέω@vifa3s μη@b δέ@cs ταπεινός@anans- ὁ@dnfs γλῶσσα@nnfsc καί@b ὁ@dnfs μεταφορά@nnfsc καί@b ὁ@dnms κόσμος@nnmsc καί@cs ὁ@dnnp ἄλλος@rpnnp ὁ@dnnp ἐρῶ@vpreanp εἶδος@nnnpc ὁ@dans δέ@cs κύριος@annns- ὁ@dafs σαφήνεια@nafsc"
"Aristot. Poet._22.8","οὐ@b ἐλαχύς@anans- δέ@b μέρος@nansc συμβάλλω@vipe3p εἰς@p ὁ@dans σαφής@anans- ὁ@dgfs λέξις@ngfsc καί@cs μή@b ἰδιωτικός@anans- ὁ@dnfp ἐπέκτασις@nnfpc καί@b ἀποκοπή@nnfpc καί@cs ἐξαλλαγή@nnfpc ὁ@dgnp ὄνομα@ngnpc διά@p μέν@b γάρ@b ὁ@dans ἄλλως@b ἔχω@vnpa-- ἤ1@cs ὡς@cs ὁ@dans κύριος@anans- παρά@p ὁ@dans ἔθω@vpraans γίγνομαι@vppeans ὁ@dans μή@b ἰδιωτικός@anans- ποιέω@vifa3s διά@p δέ@cs ὁ@dans κοινωνέω@vnpa-- ὁ@dgns ἔθω@vpragns ὁ@dnns σαφής@annns- εἰμί@vifm3s"
"Aristot. Poet._22.9","ὥστε@b οὐ@b ὀρθός@b ψέγω@vipa3p ὁ@dnmp ἐπιτιμάω@vppanmp ὁ@ddms τοιοῦτος@andms- τρόπος@ndmsc ὁ@dgfs διάλεκτος@ngfsc καί@cs διακωμῳδέω@vppanmp ὁ@dams ποιητής@namsc οἷος@anans- εὐκλείδης@nnmsp ὁ@dnms ἀρχαῖος@annms- ὡς@cs ῥᾴδιος@annns- ποιέω@vnpa-- εἰ@cs τις@rpnms δίδωμι@vifa3s ἐκτείνω@vnpa-- ἐπί@p ὁπόσος@anans- βούλομαι@vipe3s ἰαμβοποιέω@vpaanms ἐν@p αὐτός@andfs- ὁ@ddfs λέξις@ndfsc ἠτίχαρις@nafsc εἶδον@viaa1s μαραθῶναδε@namsp βαδίζω@vppaams καί@b οὐ@b ἄν@b γεραίρω@vpamnms ὁ@dams ἐκεῖνος@rpgms ἑλλέβορος@namsc"
"Aristot. Poet._22.10","ὁ@dnns μέν@b οὖν@b φαίνω@vnpe-- πως@b χράομαι@vppeams οὗτος@rpdms ὁ@ddms τρόπος@ndmsc γέλοιος@annns- ὁ@dnns δέ@b μέτρον@nnnsc κοινός@annns- ἅπας@angnp- εἰμί@vipa3s ὁ@dgnp μέρος@ngnpc"
"Aristot. Poet._22.11","καί@b γάρ@b μεταφορά@ndfpc καί@b γλῶσσα@ndfpc καί@cs ὁ@ddnp ἄλλος@andnp- εἶδος@ndnpc χράομαι@vppenms ἀπρεπής@b καί@cs ἐπίτηδες@b ἐπί@p ὁ@danp γέλοιος@ananp- ὁ@dans αὐτός@rpans ἄν@b ἀπεργάζομαι@voam3s"
"Aristot. Poet._22.12","ὁ@dnns δέ@b ἁρμόζω@annns- ὅσος@rpans διαφέρω@vipa3s ἐπί@p ὁ@dgnp ἔπος@ngnpc θεωρέω@vmpe3s ἐντίθημι@vppegnp ὁ@dgnp ὄνομα@ngnpc εἰς@p ὁ@dans μέτρον@nansc"
"Aristot. Poet._22.13","καί@cs ἐπί@p ὁ@dgfs γλῶσσα@ngfsc δέ@b καί@b ἐπί@p ὁ@dgfp μεταφορά@ngfpc καί@cs ἐπί@p ὁ@dgnp ἄλλος@angnp- ἰδέα@ngfpc μετατίθημι@vppanms ἄν@b τις@rpnms ὁ@danp κύριος@ananp- ὄνομα@nanpc κατεῖδον@voaa3s ὅτι@cs ἀληθής@ananp- λέγω3@vipa1p οἷος@rpans ὁ@dans αὐτός@rpans ποιέω@vpaagms ἰαμβεῖον@nansc αἰσχύλος@ngmsp καί@cs εὐριπίδης@ngmsp εἷς@anans- δέ@cs μόνος@anans- ὄνομα@nansc μετατίθημι@vpaagms ἀντί@p κύριος@ngmsc ἔθω@vpragms γλῶσσα@nafsc ὁ@dnns μέν@b φαίνω@vipe3s καλός@annns- ὁ@dnns δέ@cs εὐτελής@annns- αἰσχύλος@nnmsp μέν@b γάρ@b ἐν@p ὁ@ddms φιλοκτήτης@ndmsp ποιέω@viaa3s φαγέδαινα@nanpc ὅς@rpnfs ἐγώ@rpgms σάρξ@nafpc ἐσθίω@vipa3s πούς@ngmsc ὁ@dnms δέ@cs ἀντί@p ὁ@rpgns ἐσθίω@vipa3s ὁ@dnns θοινάω@nnmpc μετατίθημι@viaa3s καί@cs νῦν@b δέ@b ἐγώ@rpams εἰμί@vppanms ὀλίγος@annms- τε@cs καί@cs οὐτιδανός@annms- καί@cs ἄκικυς@annms- εἰ@cs τις@rpncs λέγω3@vopa3s ὁ@danp κύριος@ananp- μετατίθημι@vppanms νῦν@b δέ@b ἐγώ@rpams εἰμί@vppanms μικρός@annms- τε@cs καί@cs ἀσθενής@annms- καί@cs ἀειδής@annms- καί@cs δίφρος@namsc ἀεικής@anams- κατατίθημι@vpaanms ὀλίγος@anafs- τε@x τράπεζα@nafsc δίφρος@namsp μοχθηρός@anams- κατατίθημι@vpaanms μικρός@anafs- τε@x τράπεζα@nafsc καί@cs ὁ@rpans ἠιών@nnmpc βοάω@vipa3p ἠιών@nnmpc κράζω@vipa3p"
"Aristot. Poet._22.14","ἔτι@cs δέ@b ἀρειφράδης@nnmsp ὁ@damp τραγῳδός@nampc κωμῳδέω@vila3s ὅτι@cs ὅς@rpanp οὐδείς@rpnms ἄν@b εἶπον@voaa3s ἐν@p ὁ@ddfs διάλεκτος@ndfsc οὗτος@rpdnp χράω@vipe3p οἷος@rpans ὁ@dnns δῶμα@ngnpc ἀπό@p ἀλλά@cs μή@b ἀπό@p δῶμα@ngnpc καί@cs ὁ@dans σύ@rpgms καί@cs ὁ@dnns ἐγώ@rpnms δέ@b νιν@rpams καί@cs ὁ@dnns ἀχιλλεύς@ngmsp περί@p ἀλλά@cs μή@b περί@p ἀχιλλεύς@ngmsp καί@cs ὅσος@annnp- ἄλλος@rpnnp τοιοῦτος@rpnnp"
"Aristot. Poet._22.15","διά@p γάρ@b ὁ@dans μή@b εἰμί@vnpa-- ἐν@p ὁ@ddmp κύριος@ndnpc ποιέω@vipa3s ὁ@dans μή@b ἰδιωτικός@anans- ἐν@p ὁ@ddfs λέξις@ndfsc ἅπας@ananp- ὁ@danp τοιοῦτος@rpanp ἐκεῖνος@rpnms δέ@b οὗτος@rpans ἀγνοέω@viia3s"
"Aristot. Poet._22.16","εἰμί@vipa3s δέ@b μέγας@annns- μέν@b ὁ@dnns ἕκαστος@andns- ὁ@dgnp ἐρῶ@vpregnp πρέπω@b χράω@vnpe-- καί@b διπλόος@andnp- ὄνομα@ndnpc καί@cs γλῶσσα@ndfpc πολύς@anans- δέ@b μέγας@annns- ὁ@dnns μεταφορικός@annns- εἰμί@vnpa--"
"Aristot. Poet._22.17","μόνος@anans- γάρ@b οὗτος@rpnns οὐ@b τε@cs παρά@p ἄλλος@rpgns εἰμί@vipa3s λαμβάνω@vnaa-- εὐφυία@ngfsc τε@cs σημεῖον@nnnsc εἰμί@vipa3s ὁ@dnns γάρ@b εὖ@b μεταφέρω@vnpa-- ὁ@dnns ὁ@dans ὅμοιος@anans- θεωρέω@vnpa-- εἰμί@vipa3s"
"Aristot. Poet._22.18","ὁ@dgnp δέ@b ὄνομα@ngnpc ὁ@dnnp μέν@b διπλοῦς@annnp- μάλιστα@b ἁρμόζω@vipa3s ὁ@ddnp διθύραμβος@andmp- ὁ@dnfp δέ@b γλῶσσα@nnfpc ὁ@ddnp ἡρωϊκός@andnp- ὁ@dnfp δέ@cs μεταφορά@nnfpc ὁ@ddnp ἰαμβεῖος@andnp-"
"Aristot. Poet._22.19","καί@cs ἐν@p μέν@b ὁ@ddnp ἡρωϊκός@andnp- ἅπας@annnp- χρήσιμος@annnp- ὁ@dnnp ἐρῶ@vprennp ἐν@p δέ@b ὁ@ddnp ἰαμβεῖος@ndnpc διά@p ὁ@dans ὅτι@cs μάλιστα@b λέξις@vpfanmp μιμέομαι@vnpe-- οὗτος@rpanp ἁρμόζω@viia3s ὁ@dgnp ὄνομα@ngnpc ὅσος@andnp- καί@b ἄν@b ἐν@p λόγος@ndmpc τις@rpnms χράω2@voam3s εἰμί@vipa3s δέ@b ὁ@dnnp τοιοῦτος@rpnnp ὁ@dnns κύριος@annns- καί@b μεταφορά@nnfsc καί@cs κόσμος@nnmsc"
"Aristot. Poet._22.20","περί@p μέν@b οὖν@b τραγῳδία@ngfsc καί@cs ὁ@dgfs ἐν@p ὁ@ddns πράσσω@vnpa-- μίμησις@ngfsc εἰμί@vmpa3s ἐγώ@rpdmp ἱκανός@annnp- ὁ@dnnp ἐρῶ@vprennp"
"Aristot. Poet._23.1","περί@p δέ@b ὁ@dgfs διηγηματικός@angfs- καί@cs ἐν@p μέτρον@ndnsc μιμητικός@angfs- ὅτι@cs δεῖ@vipa3s ὁ@damp μῦθος@nampc καθά@cs ἐν@p ὁ@ddfp τραγῳδία@ndfpc συνίστημι@vnpa-- δραματικός@anamp- καί@cs περί@p εἷς@anafs- πρᾶξις@nafsc ὅλος@anafs- καί@cs τέλειος@anafs- ἔχω@vppaafs ἀρχή@nafsc καί@cs μέσος@anans- καί@cs τέλος@nansc ἵνα@cs ὥσπερ@cs ζῷον@nnnsc εἷς@annns- ὅλος@annns- ποιέω@vspa3s ὁ@dafs οἰκεῖος@anafs- ἡδονή@nafsc δῆλος@annns-"
"Aristot. Poet._23.2","καί@b μή@b ὁμοῖος@anafp- ἱστορία@nafpc ὁ@dafp συνήθης@anafp- εἰμί@vnpa-- ἐν@p ὅς@rpdfp ἀνάγκη@nnfsc οὐ@b εἷς@angfs- πρᾶξις@ngfsc ποιέω@vnpe-- δήλωσις@nafsc ἀλλά@cs εἷς@angms- χρόνος@ngmsc ὅσος@annnp- ἐν@p οὗτος@rpdns συμβαίνω@viaa3s περί@p εἷς@anams- ἤ1@cs πλείων@annmpc ὅς@rpgnp ἕκαστος@annns- ὡς@cs τυγχάνω@viaa3s ἔχω@vipa3s πρός@p ἀλλήλων@rpanp"
"Aristot. Poet._23.3","ὥσπερ@cs γάρ@b κατά@p ὁ@damp αὐτός@anamp- χρόνος@nampc ὅς@dnfs τε@dnfs ἐν@p σαλαμίς@ndfsp γίγνομαι@viam3s ναυμαχία@nnfsc καί@cs ὁ@dnfs ἐν@p σικελία@ndfsp καρχηδόνιος@ngmpp μάχη@nnfsc οὐδείς@rpans πρός@p ὁ@dans αὐτός@anans- συντείνω@vppanfp τέλος@nansc οὕτως@b καί@b ἐν@p ὁ@ddmp ἐφεξῆς@b χρόνος@ndmpc ἐνίοτε@b γίγνομαι@vipe3s ἕτερος@annns- μετά@p ἕτερος@angns- ἐκ@p ὅς@rpgmp εἷς@annns- οὐδείς@annns- γίγνομαι@vipe3s τέλος@nnnsc"
"Aristot. Poet._23.4","σχεδόν@namsp δέ@b ὁ@dnmp πολύς@annmp- ὁ@dgmp ποιητής@ngmpc οὗτος@rpans δράω@vipa3p"
"Aristot. Poet._23.5","διό@b ὥσπερ@cs εἶπον@viaa1p ἤδη@b καί@b οὗτος@rpdfs θεσπέσιος@annms- ἄν@b φαίνω@voap3s ὅμηρος@nnmsp παρά@p ὁ@damp ἄλλος@rpamp ὁ@ddns μη@b δέ@b ὁ@dams πόλεμος@namsc καίπερ@b ἔχω@vppaams ἀρχή@nafsc καί@cs τέλος@nansc ἐπιχειρέω@vnaa-- ποιέω@vnpa-- ὅλος@anams- λίαν@b γάρ@b ἄν@b μέγας@annms- καί@cs οὐ@b εὐσύνοπτος@annms- μέλλω@viia3s εἰμί@vnfm-- ἤ1@cs ὁ@ddns μέγεθος@ndnsc μετριάζω@vppaams καταλέγω@vpreams ὁ@ddfs ποικιλία@ndfsc νῦν@b δέ@b εἷς@ μέρος@nansc ἀπολαμβάνω@vpaanms ἐπεισόδιον@ndnpc χράω2@vire3s αὐτός@rpgnp πολύς@andnp- οἷος@rpans ναῦς@ngfpc κατάλογος@ndmsc καί@cs ἄλλος@rpdnp ἐπεισόδιον@ndnpc ὅς@rpdnp διαλαμβάνω@vipa3s ὁ@dafs ποίησις@nafsc"
"Aristot. Poet._23.6","ὁ@dnmp δέ@b ἄλλος@rpnmp περί@p εἷς@anams- ποιέω@vipa3p καί@cs περί@p εἷς@anams- χρόνος@namsc καί@cs εἷς@anafs- πρᾶξις@nafsc πολυμερής@anafs- οἷος@anans- ὁ@dnms ὁ@danp κύπριος@ananp- ποιέω@vpaanms καί@cs ὁ@dafs μικρός@anafs- ἰλιάς@nafsp"
"Aristot. Poet._23.7","τοιγάρ@b ἐκ@p μέν@b ἰλιάς@ngfsp καί@cs ὀδύσσεια@ngfsp εἷς@annfs- τραγῳδία@nnfsc ποιέω@vipe3s ἑκάτερος@anafp- ἤ1@cs δύο@an---- μόνος@annfp- ἐκ@p δέ@b κύπριος@ngmpp πολύς@annfp- καί@cs ἐκ@p ὁ@dgfs μικρός@angfs- ἰλιάς@ngfsp πλέος@annnsc ὀκτώ@an---- οἷος@anans- ὅπλον@ngnpc κρίσις@nnfsc φιλοκτήτης@nnfsp νεοπτόλεμος@nnmsp εὐρύπυλος@nnmsp πτωχεία@nnfsc λάκαινα@nnfpp ἴλιον@ngmsp πέρσις@nnfsc καί@b ἀπόπλοος@annfs- καί@b σίνων@nnmsp καί@cs τρῳάς@nnfpp"
"Aristot. Poet._24.1","ἔτι@cs δέ@b ὁ@danp εἶδος@nanpc ὁ@danp αὐτός@ananp- δεῖ@vipa3s ἔχω@vnpa-- ὁ@dafs ἐποποιία@nafsc ὁ@ddfs τραγῳδία@ndfsc ἤ1@cs γάρ@b ἁπλόος@anafs- ἤ1@cs πλέκω@vpreafs ἤ1@cs ἠθικός@anafs- ἤ1@cs παθητικός@anafs- δεῖ@vipa3s εἰμί@vnpa--"
"Aristot. Poet._24.2","καί@cs ὁ@dnnp μέρος@nnnpc ἔξω@p μελοποιία@ngfsc καί@cs ὄψις@ngfsc ὁ@dnnp αὐτός@rpnnp καί@b γάρ@b περιπέτεια@ngfpc δεῖ@vipa3s καί@cs ἀναγνώρισις@ngfpc καί@cs πάθημα@ngnpc"
"Aristot. Poet._24.3","ἔτι@cs ὁ@dafp διάνοια@nafpc καί@cs ὁ@dafs λέξις@nafsc ἔχω@vnpa-- καλός@b ὅς@rpdmp ἅπας@andmp- ὅμηρος@nnmsp χράω2@vire3s καί@b πρῶτος@annms- καί@cs ἱκανός@b καί@cs γάρ@b καί@b ὁ@dgnp ποίημα@ngnpc ἑκάτερος@annns- συνίστημι@vira3s ὁ@dnfs μέν@b ἰλιάς@nnfsp ἁπλόος@annns- καί@cs παθητικός@annns- ὁ@dnfs δέ@cs ὀδύσσεια@annfs- πλέκω@vprenns ἀναγνώρισις@nnfsc γάρ@b διόλου@angms- καί@cs ἠθικός@annfs- πρός@p δέ@b οὗτος@rpdnp λέξις@ndfsc καί@cs διάνοια@ndfsc πᾶς@anamp- ὑπερβάλλω@vira3s"
"Aristot. Poet._24.4","διαφέρω@vipa3s δέ@b κατά@p τε@cs ὁ@dgfs σύστασις@ngfsc ὁ@dans μῆκος@nansc ὁ@dnfs ἐποποιία@nnfsc καί@cs ὁ@dnns μέτρον@nnnsc"
"Aristot. Poet._24.5","ὁ@dgns μέν@b οὖν@x μῆκος@ngnsc ὅρος@nnmsc ἱκανός@annms- ὁ@dnms ἐρῶ@vprenms δύναμαι@vnpe-- γάρ@b δεῖ@vipa3s συνοράω@vnpe-- ὁ@dafs ἀρχή@nafsc καί@cs ὁ@dans τέλος@nansc εἰμί@vopa3s δέ@b ἄν@b οὗτος@rpnns εἰ@cs ὁ@dgmp μέν@b ἀρχαῖος@angmp- ἐλάσσων@annfpc ὁ@dnfp σύστασις@nnfpc εἰμί@vopa3p πρός@p δέ@cs ὁ@dans πλῆθος@nansc ὁ@dgfp τραγῳδία@ngfpc ὁ@dgfp εἰς@p εἷς@anafs- ἀκρόασις@nafsc τίθημι@vppegfp παρήκω@vopa3p"
"Aristot. Poet._24.6","ἔχω@vipa3s δέ@b πρός@p ὁ@dans ἐπεκτείνω@vnpe-- ὁ@dans μέγεθος@nansc πολύς@anans- τις@rpans ὁ@dnfs ἐποποιία@nnfsc ἴδιος@anans- διά@p ὁ@dans ἐν@p μέν@b ὁ@ddfs τραγῳδία@ndfsc μή@b ἐνδέχομαι@vnpe-- ἅμα@b πράσσω@vppeanp πολύς@ananp- μέρος@nanpc μιμέομαι@vnpe-- ἀλλά@cs ὁ@dans ἐπί@p ὁ@dgfs σκηνή@ngfsc καί@cs ὁ@dgmp ὑποκριτής@ngmpc μέρος@nansc μόνος@anans- ἐν@p δέ@b ὁ@ddfs ἐποποιΐα@ndfsc διά@p ὁ@dans διήγησις@nafsc εἰμί@vnpa-- εἰμί@vipa3s πολύς@ananp- μέρος@nanpc ἅμα@b ποιέω@vnpa-- περαίνω@vppeanp ὑπό@p ὅς@rpgnp οἰκεῖος@angnp- εἰμί@vppagnp αὐξάνω@vipe3s ὁ@dnms ὁ@dgns ποίημα@ngnsc ὄγκος@nnmsc"
"Aristot. Poet._24.7","ὥστε@b οὗτος@rpnns ἔχω@vipa3s ὁ@dans ἀγαθός@anans- εἰς@p μεγαλοπρέπεια@nafsc καί@cs ὁ@dans μεταβάλλω@vnpa-- ὁ@dams ἀκούω@vppaams καί@cs ἐπεισοδιόω@vnpa-- ἀνόμοιος@andnp- ἐπεισόδιον@ndnpc ὁ@dnns γάρ@b ὅμοιος@annns- ταχύς@anans- πληρόω@vppanns ἐκπίπτω@vnpa-- ποιέω@vipa3s ὁ@dafp τραγῳδία@nafpc"
"Aristot. Poet._24.8","ὁ@dnns δέ@b μέτρον@nnnsc ὁ@dnns ἡρωϊκός@annns- ἀπό@p ὁ@dgfs πεῖρα@ngfsc ἁρμόζω@vira3s εἰ@cs γάρ@b τις@rpnms ἐν@p ἄλλος@rpdns τις@rpdns μέτρον@ndnsc διηγηματικός@anafs- μίμησις@nafsc ποιέω@vope3s ἤ1@cs ἐν@p πολύς@andnp- ἀπρεπής@annns- ἄν@b φαίνω@vope3s"
"Aristot. Poet._24.9","ὁ@dnns γάρ@b ἡρωϊκός@annns- στασιώδης@annnss καί@cs ὀγκώδης@annnss ὁ@dgnp μέτρον@ngnpc εἰμί@vipa3s διό@cs καί@cs γλῶσσα@nafpc καί@cs μεταφορά@nafpc δέχομαι@vipe3s μάλιστα@b παρέλκω@annfs- γάρ@b καί@b ὁ@dnfs διηγηματικός@annfs- μίμησις@nnfsc ὁ@dgmp ἄλλος@rpgmp"
"Aristot. Poet._24.10","ὁ@dnns δέ@b ἰαμβικός@annns- καί@cs τετράμετρος@annns- κινητικός@annnp- ὁ@dnns μέν@b ὀρχηστικός@annns- ὁ@dnns δέ@b πρακτικός@annns-"
"Aristot. Poet._24.11","ἔτι@cs δέ@b ἄτοπος@annnsc εἰ@cs μίγνυμι@vopa3s τις@rpnms αὐτός@rpanp ὥσπερ@cs χαιρήμων@nnmsp"
"Aristot. Poet._24.12","διό@b οὐδείς@rpnms μακράν@anafs- σύστασις@nafsc ἐν@p ἄλλος@rpdns ποιέω@vira3s ἤ1@cs ὁ@ddns ἡρῷον@andns- ἀλλά@cs ὥσπερ@cs εἶπον@vsaa1p αὐτός@annfs- ὁ@dnfs φύσις@nnfsc διδάσκω@vipa3s ὁ@dans ἁρμόζω@anans- αὐτός@rpdfs διαιρέω@vnpe--"
"Aristot. Poet._24.13","ὅμηρος@nnmsp δέ@b ἄλλος@rpanp τε@b πολύς@ananp- ἄξιος@annms- ἐπαινέω@vnpe-- καί@cs δή@b καί@b ὅτι@cs μόνος@annms- ὁ@dgmp ποιητής@ngmpc οὐ@b ἀγνοέω@vipa3s ὅς@rpans δεῖ@viia3s ποιέω@vnpa-- αὐτός@rpams"
"Aristot. Poet._24.14","αὐτός@anams- γάρ@b δεῖ@viia3s ὁ@dams ποιητής@namsc ἐλάχιστος@ananp- λέγω3@vnpa-- οὐ@b γάρ@b εἰμί@vipa3s κατά@p οὗτος@rpanp μιμητής@nnmsc ὁ@dnmp μέν@b οὖν@b ἄλλος@rpnmp αὐτός@rpnmp μέν@b διά@p ὅλος@angns- ἀγωνίζομαι@vipe3p μιμέομαι@vipe3p δέ@b ὀλίγος@ananp- καί@cs ὀλιγάκις@b ὁ@dnms δέ@b ὀλίγος@ananp- φροιμιάζομαι@vpamnms εὐθύς2@b εἰσάγω@vipa3s ἀνήρ@namsc ἤ1@b γυνή@nafsc ἤ1@cs ἄλλος@anans- τις@rpans ἦθος@nansc καί@b οὐδείς@rpans ἀήθης@anvms- ἀλλά@cs ἔχω@vppaams ἦθος@nanpc"
"Aristot. Poet._24.15","δεῖ@vipa3s μέν@b οὖν@b ἐν@p ὁ@ddfp τραγῳδία@ndfpc ποιέω@vnpa-- ὁ@dans θαυμαστός@anans- μᾶλλον@b δέ@b ἐνδέχομαι@vipe3s ἐν@p ὁ@ddfs ἐποποιΐα@ndfsc ὁ@dnns ἄλογος@annns- διό@b συμβαίνω@vipa3s μάλιστα@b ὁ@dans θαυμαστός@anans- διά@p ὁ@dans μή@b ὁράω@vnpa-- εἰς@p ὁ@dams πράσσω@vppaams"
"Aristot. Poet._24.16","ἐπεί@cs ὁ@dnnp περί@p ὁ@dafs ἕκτωρ@ngmsp δίωξις@nafsc ἐπί@p σκηνή@ngfsc εἰμί@vppannp γέλοιος@annnp- ἄν@b φαίνω@voap3s ὁ@dnmp μέν@b ἵστημι@vpranmp καί@cs οὐ@b διώκω@vppanmp ὁ@dnms δέ@b ἀνανεύω@vppanms ἐν@p δέ@x ὁ@rpdnp ἔπος@ndnpc λανθάνω@vipa3s"
"Aristot. Poet._24.17","ὁ@dnns δέ@x θαυμαστός@annns- ἡδύς@annns- σημεῖον@nansc δέ@b πᾶς@annmp- γάρ@b προστίθημι@vppanmp ἀπαγγέλλω@vipa3p ὡς@cs χαρίζομαι@vppenmp"
"Aristot. Poet._24.18","διδάσκω@vmra2s δέ@b μάλιστα@b ὅμηρος@nnmsp καί@b ὁ@damp ἄλλος@rpamp ψευδής@ananp- λέγω3@vnpa-- ὡς@cs δεῖ@viia3s εἰμί@vipa3s δέ@b οὗτος@rpnns παραλογισμός@nnmsc οἴομαι@vipe3p γάρ@b ἄνθρωπος@nnmpc ὅταν@cs ὅδε@rpgms εἰμί@vppagms ὅδε@rpnns εἰμί@vspa3s ἤ1@cs γίγνομαι@vppegms γίγνομαι@vspe3s εἰ@cs ὁ@dnns ὕστερος@b εἰμί@vipa3s καί@cs ὁ@dans πρότερος@b εἰμί@vnpa-- ἤ1@cs γίγνομαι@vnpe-- οὗτος@rpnns δέ@b εἰμί@vipa3s ψεῦδος@nnnsc διό@b δή@b ἄν@cs ὁ@dans πρῶτος@anans- ψεῦδος@nnnsc ἄλλος@angns- δέ@cs οὗτος@rpgms εἰμί@vppagms ἀνάγκη@nnfsc εἰμί@vnpa-- ἤ1@b γίγνομαι@vnam-- ἤ1@cs προστίθημι@vnaa-- διά@p γάρ@b ὁ@dans οὗτος@rpans οἶδα@vnra-- ἀληθής@anans- εἰμί@vppaans παραλογίζομαι@vipe3s ἐγώ@rpgcp ὁ@dnfs ψυχή@nnfsc καί@cs ὁ@dans πρῶτος@b ὡς@cs εἰμί@vppanns παράδειγμα@nnnsp δέ@b οὗτος@rpgms ἐκ@p ὁ@dgmp μύρον@ngmpp"
"Aristot. Poet._24.19","προαιρέω@vnpe-- τε@b δεῖ@viia3s ἀδύνατος@ananp- ἔοικα@vpraanp μᾶλλον@b ἤ1@cs δυνατός@annnp- ἀπίθανος@nanpc"
"Aristot. Poet._24.20","ὁ@damp τε@b λόγος@nampc μή@b συνίστημι@vnpe-- ἐκ@p μέρος@ngnpc ἄλογος@angnp- ἀλλά@cs μάλιστα@b μέν@b μηδείς@rpans ἔχω@vnpa-- ἄλογος@anans- εἰ@cs δέ@b μή@b ἔξω@p ὁ@dgns μυθώδης@ngnsc ὥσπερ@cs οἰδίπους@nnmsp ὁ@dans μή@b οἶδα@vnra-- πῶς@b ὁ@dnms λάιος@nnmsp ἀποθνῄσκω@viaa3s ἀλλά@cs μή@b ἐν@p ὁ@ddns δρᾶμα@ndnsc ὥσπερ@cs ἐν@p ἠλέκτρα@ndfsp ὁ@dnmp ὁ@danp πύθιος@nanpp ἀπαγγέλλω@vppanmp ἤ1@cs ἐν@p μυσός@ndmpp ὁ@dnms ἄφωνος@annms- ἐκ@p τεγέα@ngfsp εἰς@p ὁ@dafs μυσία@nafsp ἥκω@vppanms"
"Aristot. Poet._24.21","ὥστε@b ὁ@dnns λέγω3@vnpa-- ὅτι@cs ἀναιρέω@vile3s ἄν@b ὁ@dnms μῦθος@nnmsc γέλοιος@annns- ἐκ@p ἀρχή@ngfsc γάρ@b οὐ@b δεῖ@vipa3s συνίστημι@vnpe-- τοιοῦτος@rpamp ἄν@cs δέ@b τίθημι@vsaa3s καί@cs φαίνω@vspe3s εὔλογος@annnsc ἀποδέχομαι@vnpe-- καί@b ἄτοπος@annns-"
"Aristot. Poet._24.22","ἐπεί@cs καί@b ὁ@dnnp ἐν@p ὀδύσσεια@ndfsp ἄλογος@annnp- ὁ@dnnp περί@p ὁ@dafs ἔκθεσις@nafsc ὡς@cs οὐ@b ἄν@b εἰμί@viia3s ἀνεκτός@annnp- δῆλος@annns- ἄν@b γίγνομαι@voam3s εἰ@cs αὐτός@rpanp φαῦλος@annms- ποιητής@nnmsc ποιέω@voaa3s νῦν@b δέ@b ὁ@ddnp ἄλλος@andnp- ἀγαθός@andnp- ὁ@dnms ποιητής@nnmsc ἀφανίζω@vipa3s ἡδύνω@anans- ὁ@dans ἄτοπος@anans-"
"Aristot. Poet._24.23","ὁ@ddfs δέ@b λέξις@ndfsc δεῖ@vipa3s διαπονέω@vnpa-- ἐν@p ὁ@ddnp ἀργός2@andnp- μέρος@ndnpc καί@cs μή@b τε@cs ἠθικός@andnp- μή@b τε@cs διανοητικός@andnp- ἀποκρύπτω@vipa3s γάρ@b πάλιν@b ὁ@rpnfs λίαν@b λαμπρός@annfs- λέξις@nnfsc ὁ@danp τε@b ἦθος@nanpc καί@cs ὁ@dafp διάνοια@nafpc"
"Aristot. Poet._25.1","περί@p δέ@b πρόβλημα@ngfpc καί@cs λύσις@ngfpc ἐκ@p πόσος@rpgnp τε@cs καί@cs ποῖος@angnp- ἄν@b εἶδος@vppanms εἰμί@vopa3s ὧδε@b ἄν@b θεωρέω@vppadmp γίγνομαι@voam3s ἄν@b φανερός@annns-"
"Aristot. Poet._25.2","ἐπεί@cs γάρ@b εἰμί@vipa3s μιμητής@nnmsc ὁ@dnms ποιητής@nnmsc ὥσπερ@cs ἄν@b εἰ@cs ζωγράφος@nnmsc ἤ@cs τις@annms- ἄλλος@annms- εἰκονοποιός@nnmsc ἀνάγκη@nnfsc μιμέομαι@vnpe-- τρεῖς@ εἰμί@vppagnp ὁ@dams ἀριθμός@namsc εἷς@anans- τις@anans- ἀεί@b ἤ1@cs γάρ@b οἷος@rpnnp εἰμί@viia3s ἤ1@cs εἰμί@vipa3s ἤ1@cs οἷος@rpanp φημί@vipa3p καί@cs δοκέω@vipa3s ἤ1@cs οἷος@annnp- εἰμί@vnpa-- δεῖ@vipa3s"
"Aristot. Poet._25.3","οὗτος@rpnnp δέ@b ἐξαγγέλλω@vipe3s λέξις@ndfsc ἤ1@cs καί@b γλῶσσα@ndfpc καί@cs μεταφορά@ndfpc καί@cs πολύς@annnp- πάθος@nnnpc ὁ@dgfs λέξις@ngfsc εἰμί@vipa3s"
"Aristot. Poet._25.4","δίδωμι@vipa1p γάρ@b οὗτος@rpanp ὁ@ddmp ποιητής@ndmpc πρός@p δέ@b οὗτος@rpdnp οὐ@b ὁ@dnfs αὐτός@rpnfs ὀρθότης@nnfsc εἰμί@vipa3s ὁ@dgfs πολιτικός@angfs- καί@cs ὁ@dgfs ποιητικός@angfs- οὐ@b δέ@cs ἄλλος@angfs- τέχνη@ngfsc καί@cs ποιητικός@angfs-"
"Aristot. Poet._25.5","αὐτός@rpgfs δέ@b ὁ@dgfs ποιητικός@angfs- δισσός@annfs- ἤ1@cs ἁμαρτία@nnfsc ὁ@dnfs μέν@b γάρ@b κατά@p ἑαυτοῦ@rpafs ὁ@dnfs δέ@b κατά@p συμβαίνω@vpraans"
"Aristot. Poet._25.6","εἰ@cs μέν@b γάρ@b προαιρέω@viam3s μιμέομαι@vnae-- ἀδυναμία@nafsc αὐτός@rpgfs ὁ@dnfs ἁμαρτία@nnfsc εἰ@cs δέ@b ὁ@dans προαιρέω@vnam-- μή@b ὀρθός@b ἀλλά@cs ὁ@dams ἵππος@namsc ἄμφω@anamd- ὁ@danp δεξιός@ananp- προβάλλω@vpraams ἤ1@cs ὁ@dnns κατά@p ἕκαστος@anafs- τέχνη@nafsc ἁμάρτημα@nnnsc οἷος@rpans ὁ@dnns κατά@p ἰατρικός@anafs- ἤ1@cs ἄλλος@rpafs τέχνη@nafsc ὅς@rpnfs ἀδύνατος@annnp- ποιέω@vire3s ὁποῖος@b οὐ@b κατά@p ἑαυτοῦ@rpafs"
"Aristot. Poet._25.7","ὥστε@b δεῖ@vipa3s ὁ@danp ἐπίτιμα@nanpc ἐν@p ὁ@ddnp πρόβλημα@ndnpc ἐκ@p οὗτος@rpgnp ἐπισκοπέω@vppaanp λύω@vnpa-- πρῶτος@b μέν@b ἄν@cs ὁ@dnnp πρός@p αὐτός@anafs- ὁ@dafs τέχνη@nafsc ἀδύνατος@annnp- ποιέω@vire3s ἁμαρτάνω@vire3s"
"Aristot. Poet._25.8","ἀλλά@cs ὀρθός@b ἔχω@vipa3s εἰ@cs τυγχάνω@vipa3s ὁ@dgns τέλος@ngnsc ὁ@dgns ἑαυτοῦ@rpgfs ὁ@dnns γάρ@b τέλος@nnnsc ἐρῶ@vire3s εἰ@cs οὕτως@b ἐκπληκτικός@anansc ἤ1@cs αὐτός@rpans ἤ1@cs ἄλλος@rpans ποιέω@vipa3s μέρος@nansc παράδειγμα@nnnsp ὁ@dnfs ὁ@dgms ἕκτωρ@ngmsp δίωξις@nnfsc"
"Aristot. Poet._25.9","εἰ@cs μέντοι@b ὁ@dnns τέλος@nnnsc ἤ1@b μᾶλλον@b ἤ1@cs ἥσσων@anansc ἐνδέχομαι@viie3s ὑπάρχω@vnpa-- καί@b κατά@p ὁ@dafs περί@p οὗτος@rpgnp τέχνη@nafsc ἁμαρτάνω@vire3s οὐ@b ὀρθός@b δεῖ@vipa3s γάρ@b εἰ@cs ἐνδέχομαι@vipe3s ὅλος@b μηδαμῇ@b ἁμαρτάνω@vnre--"
"Aristot. Poet._25.10","ἔτι@b πότερος@angmp- εἰμί@vipa3s ὁ@dnns ἁμάρτημα@nnnsc ὁ@dgmp κατά@p ὁ@dafs τέχνη@nafsc ἤ1@cs κατά@p ἄλλος@rpans συμβαίνω@vpranns ἐλάσσων@anansc γάρ@b εἰ@cs μή@b οἶδα@vila3s ὅτι@cs ἔλαφος@nnfsc θῆλυς@ananp- κέρας@nanpc οὐ@b ἔχω@vipa3s ἤ1@cs εἰ@cs κακομίμητος@b γράφω@viaa3s"
"Aristot. Poet._25.11","πρός@p δέ@b οὗτος@rpdnp ἐάν@cs ἐπιτιμάω@vspe3s ὅτι@cs οὐ@b ἀληθής@annnp- ἀλλά@cs οἷος@ananp- δεῖ@vipa3s οἷος@rpans καί@b σοφοκλῆς@nnmsp φημί@viia3s αὐτός@annms- μέν@b οἷος@rpamp δεῖ@vipa3s ποιέω@vnpa-- εὐριπίδης@namsp δέ@cs οἷος@annmp- εἰμί@vipa3p οὗτος@rpdfs λυτέος@annns-"
"Aristot. Poet._25.12","εἰ@cs δέ@b μηδέτερος@b ὅτι@cs οὕτως@b φημί@vipa3p οἷος@rpnns ὁ@dnnp περί@p θεός@ngmpc"
"Aristot. Poet._25.13","ἴσως@b γάρ@b οὐ@b τε@b βελτίων@annnsc οὕτως@b λέγω3@vnpa-- οὔτε@b ἀληθής@ananp- ἀλλά@cs τυγχάνω@viaa3s ὥσπερ@cs ξενοφάνης@nnmsp ἀλλά@b οὐ@b φημί@vipa3p ὅδε@rpanp"
"Aristot. Poet._25.14","ἴσως@b δέ@b οὐ@b βελτίων@annnsc μέν@b ἀλλά@cs οὕτως@b ἔχω@viia3s οἷος@anans- ὁ@dnnp περί@p ὁ@dgnp ὅπλον@ngnpc ἔγχος@nnnpc δέ@x σφεῖς@rpdmp ὀρθός@annnp- ἐπί@p σαυρωτήρ@ngmsc οὕτως@b γάρ@b τότε@b νομίζω@viia3p ὥσπερ@cs καί@b νῦν@b ἰλλύριος@nnmpp"
"Aristot. Poet._25.15","περί@p δέ@b ὁ@dgns καλός@b ἤ1@cs μή@b καλός@b ἤ1@cs ἐρῶ@vire3s τις@rpdns ἤ1@cs πράσσω@vire3s οὐ@b μόνος@b σκεπτέος@annns- εἰς@p αὐτός@rpans ὁ@dans πράσσω@vpreans ἤ1@cs ἐρῶ@vpreans βλέπω@vppaams εἰ@cs σπουδαῖος@anans- ἤ1@cs φαῦλος@anans- ἀλλά@cs καί@b εἰς@p ὁ@dams πράσσω@vppaams ἤ1@cs λέγω3@vppaams πρός@p ὅς@rpams ἤ1@cs ὅτε@rpans ἤ1@cs ὅστις@rpdms ἤ1@cs ὅς@rpgms ἕνεκα@p οἷος@rpans ἤ1@cs μέγας@angnsc ἀγαθός@angns- ἵνα@cs γίγνομαι@vsam3s ἤ1@cs μέγας@angnsc κακός@angns- ἵνα@cs ἀπογίγνομαι@vsam3s"
"Aristot. Poet._25.16","ὁ@rpanp δέ@b πρός@p ὁ@dafs λέξις@nafsc ὁράω@vppaams δεῖ@vipa3s διαλύω@vnpa-- οἷος@rpans γλῶσσα@ndfsc ὀρεύς@nampc μέν@b πρῶτος@b ἴσως@b γάρ@b οὐ@b ὁ@damp ἡμίονος@nampc λέγω3@vipa3s ἀλλά@cs ὁ@damp φύλαξ@nampc καί@cs ὁ@dams δόλων@namsp ὅς@rpnms δή@b σύ@b εἶδος@nansc μέν@b εἰμί@viia3s κακός@annms- οὐ@b ὁ@dans σῶμα@nansc ἀσύμμετρος@annns- ἀλλά@cs ὁ@dans πρόσωπον@nansc αἰσχρός@annns- ὁ@dans γάρ@b εὐειδής@anans- ὁ@dnmp κρής@nnmpp εὐπρόσωπος@anans- καλέω@vipa3p καί@cs ὁ@dans ζωρός@anansc δέ@b κεραίνω@vmpa2s οὐ@b ὁ@dans ἄκρατος@anans- ὡς@cs οἰνόφλυξ@nafsc ἀλλά@cs ὁ@dans ταχύς@anansc"
"Aristot. Poet._25.17","ὁ@rpnns δέ@x κατά@p μεταφορά@nafsc ἐρῶ@vire3s οἷος@anans- ἄλλος@annmp- μέν@x ἄρα@x θεός@nnmpc τε@x καί@cs ἀνήρ@nnmpc εὕδω@viia3p παννύχιος@annmp- ἅμα@b δέ@x φημί@vipa3s ἤτοι@x ὅστις@cs εἰς@p πεδίον@nansc ὁ@dans τρωικός@anans- ἀθρέω@voaa3s αὐλός@ngmpc σῦριγξ@ngfpc τε@cs ὁμαδόν@b ὁ@dnns γάρ@b πᾶς@annmp- ἀντί@p ὁ@dgns πολύς@annmp- κατά@p μεταφορά@nafsc ἐρῶ@vire3p ὁ@dnns γάρ@x πᾶς@annns- πολύς@annns- τις@rpnns καί@cs ὁ@dnfs οἶος@annfs- δέ@x ἄμμορος@annfs- κατά@p μεταφορά@nafsc ὁ@dnns γάρ@x γνώριμος@annnss μόνος@anans-"
"Aristot. Poet._25.18","κατά@p δέ@b προσῳδία@nafsc ὥσπερ@cs ἱππίας@nnmsp λύω@viia3s ὁ@dnms θάσιος@annms- ὁ@dans δίδωμι@vipa1p δέ@b ὁ@rpdms καί@cs ὁ@dnns μέν@b οὐ@b καταπύθομαι@vipe3s ὄμβρος@ndmsc"
"Aristot. Poet._25.19","ὁ@rpanp δέ@x διαίρεσις@vifa3s οἷος@anans- ἐμπεδοκλῆς@nnmsp αἶψα@b δέ@x θνήσκω@nanpc φύω@viie3p ὁ@rpnnp πρίν@b μανθάνω@viaa3p ἀθάνατος@ananp- ζῷον@nnnpc τε@x πρίν@b κρίνω@vile3s"
"Aristot. Poet._25.20","ὁ@rpnnp δέ@x ἀμφιβολία@ndfsc παροίχομαι@vira3s δέ@x πλέω@vppanms νύξ@nnfsc ὁ@dnns γάρ@b πλέω@vppanms ἀμφίβολος@annns- εἰμί@vipa3s"
"Aristot. Poet._25.21","ὁ@rpanp δέ@b κατά@p ὁ@dans ἔθος@nansc ὁ@dgfs λέξις@ngfsc οἷος@anams- ὁ@dams κεράννυμι@vpreams οἶνος@namsc φημί@vipa3p εἰμί@vnpa-- ὅθεν@b ποιέω@vire3s κνημίς@nnfsc νεότευκτος@angms- κασσίτερος@angms- καί@cs χαλκεύς@nampc ὁ@damp ὁ@dams σίδηρος@namsc ἐργάζομαι@vppeamp ὅθεν@b ἐρῶ@vspe3s ὁ@dnms γανυμήδης@nnmsp ζεύς@ndmsp οἰνοχοεύω@vnpa-- οὐ@b πίνω@vppagmp οἶνος@namsc εἰμί@viaa3s δέ@x ἄν@x οὗτος@anans- γε@x κατά@p μεταφορά@nafsc"
"Aristot. Poet._25.22","δεῖ@viia3s δέ@b καί@b ὅταν@cs ὄνομα@nnnsc τις@annns- ὑπεναντίος@nansc τις@rpans δοκέω@vspa3s σημαίνω@vnpa-- ἐπισκοπέω@vnpa-- ποσαχῶς@b ἄν@b σημαίνω@voaa3s οὗτος@rpans ἐν@p ὁ@ddns ἐρῶ@vpredms οἷος@rpans ὁ@ddfs ἄρα@nnfsc ἔχω@viam3s χάλκεος@anans- ἔγχος@nansc ὁ@ddns οὗτος@rpdfs κωλύω@vnap--"
"Aristot. Poet._25.23","ὁ@dnns δέ@b ποσαχῶς@b ἐνδέχομαι@vipe3s ὡδί@b πως@b μάλιστα@b ἄν@cs τις@rpnms ὑπολαμβάνω@voaa3s κατά@p ὁ@dafs καταντικρύ@b ἤ1@cs ὡς@cs γλαύκων@nnmsp λέγω3@vipa3s ὅτι@cs ἔνιοι@annmp- ἄλογος@b προυπολαμβάνω@vipa3p"
"Aristot. Poet._25.24","καί@b αὐτός@rpnmp καταψηφίζομαι@vpamnmp συλλογίζομαι@vipe3p καί@cs ὡς@cs ἐρῶ@vpranmp ὅτι@cs δοκέω@vipa3s ἐπιτιμάω@vipa3p ἄν@cs ὑπεναντίος@p εἰμί@vspa3s ὁ@ddfs αὐτός@rpgmp οἴησις@ndfsc"
"Aristot. Poet._25.25","οὗτος@rpans δέ@b πάσχω@vira3s ὁ@danp περί@p ἰκάριος@namsp οἴομαι@vipe3p γάρ@b αὐτός@anams- λάκων@namsp εἰμί@vnpa-- ἄτοπος@annns- οὖν@b ὁ@dnns μή@b ἐντυγχάνω@vnaa-- ὁ@dams τηλέμαχος@namsp αὐτός@rpdms εἰς@p λακεδαίμων@nafsp ἔρχομαι@vpaaams ὁ@rpnns δέ@b ἴσως@b ἔχω@vipa3s ὥσπερ@cs ὁ@dnmp κεφαλή@nnmpp φημί@vipa3p παρά@p ἑαυτοῦ@rpgnp γάρ@b γαμέω@vnaa-- λέγω3@vipa3p ὁ@dams ὀδυσσεύς@namsp καί@cs εἰμί@vnpa-- ἰκάδιος@namsp ἀλλά@cs οὐ@b ἰκάριος@namsp διαμάρτημα@nnnsp δέ@b ὁ@dnns πρόβλημα@nnnsc εἰκός@vpranns εἰμί@vipa3s"
"Aristot. Poet._25.26","ὅλος@b δέ@b ὁ@dans ἀδύνατος@anans- μέν@b ἤ1@cs πρός@p ὁ@dafs ποίησις@nafsc ἤ1@cs πρός@p ὁ@dans βελτίων@anansc ἤ1@cs πρός@p ὁ@dafs δόξα@nafsc δεῖ@vipa3s ἀνάγω@vnpa--"
"Aristot. Poet._25.27","πρός@p τε@cs γάρ@b ὁ@dafs ποίησις@nafsc αἱρετός@annnsc πιθανός@annns- ἀδύνατος@annns- ἤ1@cs ἀπίθανος@annns- καί@cs δυνατός@annns- τοιοῦτος@rpamp δέ@b εἰμί@vnpa-- οἷος@anamp- ζεῦξις@nnmsp γράφω@viia3s"
"Aristot. Poet._25.28","ἀλλά@cs καί@b πρός@p ὁ@dans βελτίων@anansc ὁ@dans γάρ@b παράδειγμα@nansc δεῖ@vipa3s ὑπερέχω@vnpa-- πρός@p ὅς@rpanp φημί@vipa3p ὁ@dans ἄλογος@ananp-"
"Aristot. Poet._25.29","οὕτως@b τε@cs καί@b ὅτι@cs ποτέ@b οὐ@b ἄλογος@annns- εἰμί@vipa3s ἔοικα@vpranns γάρ@b καί@b παρά@p ὁ@dans ἔοικα@vpraans γίγνομαι@vnpe--"
"Aristot. Poet._25.30","ὁ@danp δέ@b ὑπεναντίος@ananp- ὡς@cs ἐρῶ@vpreanp οὕτως@b σκοπέω@vnpa-- ὥσπερ@cs ὁ@dnmp ἐν@p ὁ@ddmp λόγος@ndmpc ἔλεγχος@nnmpc εἰ@cs ὁ@dnns αὐτός@rpnns καί@cs πρός@p ὁ@dans αὐτός@rpans καί@cs ὡσαύτως@b ὥστε@cs καί@b αὐτός@rpams ἤ1@cs πρός@p ὅς@rpanp αὐτός@rpnms λέγω3@vipa3s ἤ1@cs ὅς@rpans ἄν@b φρόνιμος@annms- ὑποθέω@vspe3s"
"Aristot. Poet._25.31","ὀρθός@annfs- δέ@b ἐπιτίμησις@nnfsc καί@b ἀλογία@nnfsc καί@cs μοχθηρία@nnfsc ὅταν@cs μή@b ἀνάγκη@ngfsc εἰμί@vppagfs μηδείς@rpnns χράω2@vspe3s ὁ@ddns ἄλογος@andns- ὥσπερ@cs εὐριπίδης@nnmsp ὁ@ddms αἰγεύς@ndmsp ἤ1@cs ὁ@ddfs πονηρία@ndfsc ὥσπερ@cs ἐν@p ὀρέστης@ndmsp ὁ@dgms μενέλαος@ngmsp"
"Aristot. Poet._25.32","ὁ@danp μέν@b οὖν@b ἐπίτιμα@nanpc ἐκ@p πέντε@an---- εἶδος@ngfpc φέρω@vipa3p ἤ1@cs γάρ@b ὡς@cs ἀδύνατος@annnp- ἤ1@cs ὡς@cs ἄλογος@annnp- ἤ1@cs ὡς@cs βλαβερός@annnp- ἤ1@cs ὡς@cs ὑπεναντίος@annnp- ἤ1@cs ὡς@cs παρά@p ὁ@dafs ὀρθότης@nafsc ὁ@dafs κατά@p τέχνη@nafsc ὁ@dnfp δέ@b λύω@nnfpc ἐκ@p ὁ@dgmp ἐρῶ@vpregmp ἀριθμός@ngmpc σκέπτομαι@annfp- εἰμί@vipa3p δέ@cs δώδεκα@an----"
"Aristot. Poet._26.1","πότερον@b δέ@b βελτίων@annfsc ὁ@dnfs ἐποποιική@annfs- μίμησις@nnfsc ἤ1@cs ὁ@dnfs τραγικός@annfs- διαπορέω@voaa3s ἄν@b τις@rpnms"
"Aristot. Poet._26.2","εἰ@cs γάρ@b ὁ@dnfs ἦττον@anansc φορτικός@annfs- βελτίων@annfsc τοιοῦτος@rpnfs δέ@cs ὁ@dnfs πρός@p βελτίων@anampc θεατής@nampc εἰμί@vipa3s δῆλος@annns- ὅτι@cs ὁ@dnfs ἅπας@b μιμέομαι@vpfmnfs φορτικός@annfs-"
"Aristot. Poet._26.3","ὡς@b γάρ@b οὐ@b αἰσθάνομαι@vppegmp ἄν@cs μή@b αὐτός@rpnms προστίθημι@vsaa3s πολύς@anafs- κίνησις@nafsc κινέω@vipe3p οἷος@anans- ὁ@dnmp φαῦλος@annmp- αὐλητής@nnmpc κυλίω@vppenmp ἄν@cs δίσκος@nansc δέω@vspa3s μιμέομαι@vnpe-- καί@cs ἕλκω@vppanmp ὁ@dams κορυφαῖος@namsc ἄν@cs σκύλλα@namsp αὐλέω@vspa3p"
"Aristot. Poet._26.4","ὁ@dnfs μέν@b οὖν@b τραγῳδία@nnfsc τοιοῦτος@rpnfs εἰμί@vipa3s ὡς@cs καί@b ὁ@dnmp πρότερος@anans- ὁ@damp ὕστερος@anamp- αὐτός@rpgmp οἴομαι@viie3p ὑποκριτής@nampc ὡς@b λίαν@b γάρ@b ὑπερβάλλω@vppaams πίθηκος@namsc ὁ@dnms μυνίσκος@nnmsp ὁ@dams καλλιππίδης@namsp καλέω@viia3s τοιοῦτος@annfs- δέ@b δόξα@nnfsc καί@b περί@p πίνδαρος@ngmsp εἰμί@viia3s ὡς@rpafp δέ@b οὗτος@rpnmp ἔχω@vipa3p πρός@p αὐτός@rpamp ὁ@dnfs ὅλος@annfs- τέχνη@nnfsc πρός@p ὁ@dafs ἐποποιία@nafsc ἔχω@vipa3s"
"Aristot. Poet._26.5","ὁ@dafs μέν@b οὖν@b πρός@p θεατής@nampc ἐπιεικής@anafp- φημί@vipa3p εἰμί@vnpa-- διό@cs οὐδείς@rpans δέω2@vipe3p ὁ@dgnp σχῆμα@ngnpc ὁ@dafs δέ@b τραγικός@anafs- πρός@p φαῦλος@anamp-"
"Aristot. Poet._26.6","ὁ@dnfs οὖν@b φορτικός@annfs- χείρων@annfsc δῆλος@annns- ὅτι@cs ἄν@b εἰμί@vopa3s πρῶτος@anans- μέν@b οὐ@b ὁ@dgfs ποιητικός@angfs- ὁ@dnfs κατηγορία@nnfsc ἀλλά@cs ὁ@dgfs ὑποκριτικός@angfs- ἐπεί@cs εἰμί@vipa3s πολυπραγμονέω@vnpe-- ὁ@ddnp σημεῖον@ndnpc καί@cs ῥαψῳδέω@vppaams ὅσπερ@rpans ποιέω@viia3s σωσίστρατος@nnmsp καί@cs διᾴδω@vppaams ὅσπερ@rpans ποιέω@viia3s μνασίθεος@nnmsp ὀπούντιος@nnmsp"
"Aristot. Poet._26.7","εἶτα@b οὐ@b δέ@b κίνησις@nnfsc ἅπας@annfs- ἀποδοκιμαστέος@annnp- εἴπερ@cs μηδέ@b ὄρχησις@nnfsc ἀλλά@cs ὁ@dnfs φαῦλος@angmp- ὅσπερ@rpnns καί@b καλλιππίδης@ndmsp ἐπιτιμάω@viie3s καί@cs νῦν@b ἄλλος@rpdmp ὡς@cs οὐ@b ἐλεύθερος@anafp- γυνή@nafpc μιμέομαι@vppegmp"
"Aristot. Poet._26.8","ἔτι@b ὁ@dnfs τραγῳδία@nnfsc καί@b ἄνευ@p κίνησις@ngfsc ποιέω@vipa3s ὁ@dans ἑαυτοῦ@rpgfs ὥσπερ@cs ὁ@dnfs ἐποποιία@nnfsc διά@p γάρ@b ὁ@dgns ἀναγιγνώσκω@vnpa-- φανερός@ananp- ὁποῖος@annfs- τις@rpnfs εἰμί@vipa3s εἰ@cs οὖν@b εἰμί@vipa3s ὁ@danp ἄλλος@rpanp κρείσσων@annmsc οὗτος@rpans γε@b οὐ@b ἀναγκαῖος@nansc αὐτός@rpdfs ὑπάρχω@vnpa--"
"Aristot. Poet._26.9","ἔπειτα@b διότι@cs πᾶς@ananp- ἔχω@vipa3s ὅσος@rpnnp ὁ@dnfs ἐποποιία@nnfsc"
"Aristot. Poet._26.10","καί@cs γάρ@b ὁ@ddns μέτρον@ndnsc ἔξεστι@vipa3s χράω@vnpe-- καί@cs ἔτι@b οὐ@b μικρός@anans- μέρος@nansc ὁ@dafs μουσική@nafsc καί@cs ὁ@dafs ὄψις@nafsc ἔχω@vipa3s διά@p ὅς@rpgfs ὁ@dnfp ἡδονή@nnfpc συνίστημι@vipe3p ἐναργής@ananps"
"Aristot. Poet._26.11","εἶτα@b καί@b ὁ@dans ἐναργής@anans- ἔχω@vipa3s καί@b ἐν@p ὁ@ddfs ἀναγνωρίζω@ndfsc καί@cs ἐπί@p ὁ@dgnp ἔργον@ngnpc ἔτι@cs ὁ@ddns ἐν@p ἐλάσσων@andnsc μῆκος@ndnsc ὁ@dans τέλος@nansc ὁ@dgfs μίμησις@ngfsc εἰμί@vnpa-- ὁ@dnns γάρ@b ἀθρόος@annnsc ἡδύς@annnsc ἤ1@cs πολύς@andns- κεράννυμι@vprenns ὁ@ddms χρόνος@ndmsc λέγω3@vipa1s δέ@b οἷος@anans- εἰ@cs τις@rpnms ὁ@dams οἰδίπους@namsp τίθημι@voaa3s ὁ@dams σοφοκλῆς@ngmsp ἐν@p ἔπος@ndnpc ὅσος@andnp- ὁ@dnfs ἰλιάς@nnfsp"
"Aristot. Poet._26.13","ἔτι@b ἥσσων@anansc εἷς@annfs- ὁποῖος@rpnfs μίμησις@nnfsc ὁ@dnfs ὁ@dgmp ἐποποιέω@vppanms σημεῖον@nnnsp δέ@b ἐκ@p γάρ@b ὁποῖος@angfs- μίμησις@ngfsc πλείων@annfpc τραγῳδία@nnfpc γίγνομαι@vipe3p ὥστε@cs ἐάν@cs μέν@b εἷς@namsc μῦθος@namsc ποιέω@vspa3p ἀνάγκη@nnfsc ἤ1@b βραχύς@ananp- δείκνυμι@vppeams μύουρος@nansc φαίνω@vnpe-- ἤ1@cs ἀκολουθέω@vppaams ὁ@ddns ὁ@dgns μέτρον@ngnsc μῆκος@ndnsc ὑδαρής@anams- ἐάν@cs δέ@b πλείων@anafpc λέγω3@vipa1s δέ@b οἷος@anans- ἐάν@cs ἐκ@p πλείων@angfpc πρᾶξις@ngfpc εἰμί@vspa3s σύγκειμαι@vprenfs οὐ@b εἷς@"
"Aristot. Poet._26.14","ὥσπερ@cs ὁ@dnfs ἰλιάς@nnfsp ἔχω@vipa3s πολύς@ananp- τοιοῦτος@ananp- μέρος@nanpc καί@cs ὁ@dnfs ὀδύσσεια@annfs- ὅς@rpnnp καί@b κατά@p ἑαυτοῦ@rpanp ἔχω@vipa3s μέγεθος@nansc καίτοι@b οὗτος@annnp- ὁ@dnnp ποίημα@nnnpc συνίστημι@vira3s ὡς@cs ἐνδέχομαι@vipe3s ἄριστος@annnp- καί@cs ὅτι@cs μάλιστα@b εἷς@angfs- πρᾶξις@ngfsc μίμησις@nnfsc εἰμί@vipa3s"
"Aristot. Poet._26.15","εἰ@cs οὖν@b οὗτος@rpdnp τε@b διαφέρω@vipa3s πᾶς@andnp- καί@cs ἔτι@b ὁ@ddns ὁ@dgfs τέχνη@ngfsc ἔργον@ndnsc δεῖ@viia3s γάρ@b οὐ@b ὁ@dafs τυγχάνω@vpaaafs ἡδονή@nafsc ποιέω@vnpa-- αὐτός@rpafp ἀλλά@cs ὁ@dafs ἐρῶ@vpreafs φανερός@annns- ὅτι@cs κρείσσων@annfsc ἄν@b εἰμί@vopa3s μᾶλλον@b ὁ@dgns τέλος@ngnsc τυγχάνω@vppanfs ὁ@dgfs ἐποποιία@ngfsc"
"Aristot. Poet._26.16","περί@p μέν@b οὖν@b τραγῳδία@ngfsc καί@cs ἐποποιία@ngfsc καί@cs αὐτός@rpgnp καί@cs ὁ@dgnp εἶδος@ngnpc καί@cs ὁ@dgnp μέρος@ngnpc αὐτός@rpgnp καί@cs πόσος@rpnnp καί@cs τίς@rpnns διαφέρω@vipa3s καί@cs ὁ@dgns εὖ@b ἤ1@cs μή@b τις@rpncp αἰτία@nnfpc καί@cs περί@p ἐπιτίμησις@ngfpc καί@cs λύσις@ngfpc ἐρῶ@vmre3s τοσοῦτος@rpnnp"
